Workbook

Sheet 数据来源
B1: 精度：全国
B3: 人口与总建面均来自世行模型
B4: 注1:2014 2015数据缺失，暂时按2016数据填入
B5: 注2:农村住宅年增长率按1.003考虑，同城镇住宅增长率
B7: https://www.docin.com/p-1660623922.html 家电价格来源 家用电器期刊 2015年7月主要家用电器产品前10名型号价格变动分析
B9: 人均家电拥有量来源 国家统计年鉴
B11: 住宅供暖设备安装费用来源 齐鲁网报道 济南出台水、电、暖、气配套工程安装收费标准
B12: http://news.iqilu.com/shandong/shandonggedi/20111028/1031974.shtml
B14: 住宅照明设备安装费用来源 原创力文档 照明工程设计收费标准
B15: https://max.book118.com/html/2019/0419/8115050126002017.shtm
B17: 公建其他组件来源 共享赵丽雅文件夹
B19: 每年新建建筑来源：中国房地产统计年鉴（房地产数据，算城市）
B20: 住宅总竣工面积（城市+农村）来源：山东统计年鉴

Sheet 人口源表
A1: City | C1: 2016城镇化率 | D1: 2016 | E1: 2017 | F1: 2018 | G1: 2019 | H1: 2020 | I1: 2021 | J1: 2022 | K1: 2023 | L1: 2024 | M1: 2025 | N1: 2026 | O1: 2027 | P1: 2028 | Q1: 2029 | R1: 2030 | S1: 2031 | T1: 2032 | U1: 2033 | V1: 2034 | W1: 2035 | X1: 2036 | Y1: 2037 | Z1: 2038 | AA1: 2039 | AB1: 2040 | AC1: 2041 | AD1: 2042 | AE1: 2043 | AF1: 2044 | AG1: 2045 | AH1: 2046 | AI1: 2047 | AJ1: 2048 | AK1: 2049 | AL1: 2050 | AM1: 2051 | AN1: 2052 | AO1: 2053 | AP1: 2054 | AQ1: 2055 | AR1: 2056 | AS1: 2057 | AT1: 2058 | AU1: 2059 | AV1: 2060
A2: 北京市 | B2: 北京 | C2: 87.86 | D2: 20876818 | E2: 21043312 | F2: 21192712 | G2: 21641222 | H2: 21891193 | I2: 22092349 | J2: 22249167 | K2: 22365919 | L2: 22446671 | M2: 22495287 | N2: 22515425 | O2: 22510539 | P2: 22483879 | Q2: 22438490 | R2: 22377211 | S2: 22302681 | T2: 22217329 | U2: 22123385 | V2: 22022870 | W2: 21917603 | X2: 21809199 | Y2: 21699066 | Z2: 21588410 | AA2: 21478232 | AB2: 21369328 | AC2: 21262290 | AD2: 21157505 | AE2: 21055156 | AF2: 20955222 | AG2: 20857477 | AH2: 20761490 | AI2: 20666628 | AJ2: 20572049 | AK2: 20476712 | AL2: 20379368 | AM2: 20278564 | AN2: 20172643 | AO2: 20059744 | AP2: 19937802 | AQ2: 19804545 | AR2: 19657500 | AS2: 19493987 | AT2: 19311122 | AU2: 19105817 | AV2: 18874781
A3: 天津市 | B3: 天津 | C3: 84.29 | D3: 13567334 | E3: 13653977 | F3: 13732217 | G3: 13739203 | H3: 13864934 | I3: 13965579 | J3: 14043199 | K3: 14099770 | L3: 14137179 | M3: 14157227 | N3: 14161631 | O3: 14152018 | P3: 14129932 | Q3: 14096828 | R3: 14054075 | S3: 14002956 | T3: 13944668 | U3: 13880322 | V3: 13810939 | W3: 13737458 | X3: 13660729 | Y3: 13581517 | Z3: 13500498 | AA3: 13418265 | AB3: 13335323 | AC3: 13252088 | AD3: 13168894 | AE3: 13085986 | AF3: 13003523 | AG3: 12921577 | AH3: 12840135 | AI3: 12759095 | AJ3: 12678272 | AK3: 12597391 | AL3: 12516094 | AM3: 12433933 | AN3: 12350377 | AO3: 12264805 | AP3: 12176513 | AQ3: 12084708 | AR3: 11988512 | AS3: 11886960 | AT3: 11779000 | AU3: 11663494 | AV3: 11539219
A4: 石家庄市 | B4: 石家庄 | C4: 58.346 | D4: 10686651 | E4: 10759180 | F4: 10826289 | G4: 11135097 | H4: 11234139 | I4: 11322464 | J4: 11400612 | K4: 11469108 | L4: 11528463 | M4: 11579176 | N4: 11621729 | O4: 11656594 | P4: 11684227 | Q4: 11705069 | R4: 11719549 | S4: 11728082 | T4: 11731069 | U4: 11728896 | V4: 11721937 | W4: 11710551 | X4: 11695084 | Y4: 11675867 | Z4: 11653217 | AA4: 11627439 | AB4: 11598822 | AC4: 11567644 | AD4: 11534165 | AE4: 11498636 | AF4: 11461289 | AG4: 11422347 | AH4: 11382015 | AI4: 11340488 | AJ4: 11297944 | AK4: 11254549 | AL4: 11210455 | AM4: 11165798 | AN4: 11120704 | AO4: 11075281 | AP4: 11029627 | AQ4: 10983823 | AR4: 10937938 | AS4: 10892027 | AT4: 10846130 | AU4: 10800274 | AV4: 10754473
A5: 唐山市 | B5: 唐山 | C5: 55.68 | D5: 7874731.2 | E5: 7909764 | F5: 7940411.9 | G5: 7678887 | H5: 7717136 | I5: 7749822 | J5: 7777124 | K5: 7799223 | L5: 7816298 | M5: 7828530 | N5: 7836100 | O5: 7839190 | P5: 7837984 | Q5: 7832663 | R5: 7823411 | S5: 7810414 | T5: 7793854 | U5: 7773918 | V5: 7750791 | W5: 7724660 | X5: 7695713 | Y5: 7664135 | Z5: 7630116 | AA5: 7593844 | AB5: 7555509 | AC5: 7515300 | AD5: 7473408 | AE5: 7430023 | AF5: 7385337 | AG5: 7339543 | AH5: 7292832 | AI5: 7245399 | AJ5: 7197436 | AK5: 7149139 | AL5: 7100701 | AM5: 7052320 | AN5: 7004189 | AO5: 6956507 | AP5: 6909471 | AQ5: 6863277 | AR5: 6818125 | AS5: 6774213 | AT5: 6731741 | AU5: 6690909 | AV5: 6651916
A6: 秦皇岛市 | B6: 秦皇岛 | C6: 55.68 | D6: 3106235 | E6: 3121107.7 | F6: 3134335.6 | G6: 3118115 | H6: 3136546 | I6: 3152301 | J6: 3165496 | K6: 3176243 | L6: 3184654 | M6: 3190839 | N6: 3194906 | O6: 3196962 | P6: 3197112 | Q6: 3195459 | R6: 3192105 | S6: 3187150 | T6: 3180692 | U6: 3172828 | V6: 3163652 | W6: 3153260 | X6: 3141741 | Y6: 3129187 | Z6: 3115685 | AA6: 3101323 | AB6: 3086185 | AC6: 3070356 | AD6: 3053917 | AE6: 3036948 | AF6: 3019527 | AG6: 3001732 | AH6: 2983639 | AI6: 2965319 | AJ6: 2946846 | AK6: 2928290 | AL6: 2909719 | AM6: 2891201 | AN6: 2872800 | AO6: 2854581 | AP6: 2836605 | AQ6: 2818933 | AR6: 2801623 | AS6: 2784733 | AT6: 2768318 | AU6: 2752432 | AV6: 2737126
A7: 邯郸市 | B7: 邯郸 | C7: 55.68 | D7: 9673167.1 | E7: 9731065.4 | F7: 9783611.7 | G7: 9366372 | H7: 9413329 | I7: 9462180 | J7: 9512262 | K7: 9562952 | L7: 9613662 | M7: 9663844 | N7: 9712987 | O7: 9760617 | P7: 9806298 | Q7: 9849633 | R7: 9890260 | S7: 9927857 | T7: 9962140 | U7: 9992860 | V7: 10019810 | W7: 10042816 | X7: 10061745 | Y7: 10076500 | Z7: 10087024 | AA7: 10093294 | AB7: 10095328 | AC7: 10093180 | AD7: 10086943 | AE7: 10076746 | AF7: 10062758 | AG7: 10045183 | AH7: 10024266 | AI7: 10000285 | AJ7: 9973561 | AK7: 9944450 | AL7: 9913345 | AM7: 9880678 | AN7: 9846919 | AO7: 9812575 | AP7: 9778191 | AQ7: 9744349 | AR7: 9711669 | AS7: 9680811 | AT7: 9652468 | AU7: 9627376 | AV7: 9606304
A8: 邢台市 | B8: 邢台 | C8: 55.68 | D8: 7482383 | E8: 7531475.8 | F8: 7576754.7 | G8: 7058880 | H8: 7110576 | I8: 7159488 | J8: 7205534 | K8: 7248644 | L8: 7288757 | M8: 7325823 | N8: 7359802 | O8: 7390663 | P8: 7418388 | Q8: 7442968 | R8: 7464404 | S8: 7482708 | T8: 7497902 | U8: 7510018 | V8: 7519098 | W8: 7525196 | X8: 7528375 | Y8: 7528709 | Z8: 7526282 | AA8: 7521187 | AB8: 7513531 | AC8: 7503427 | AD8: 7491001 | AE8: 7476388 | AF8: 7459735 | AG8: 7441198 | AH8: 7420943 | AI8: 7399148 | AJ8: 7376000 | AK8: 7351696 | AL8: 7326444 | AM8: 7300463 | AN8: 7273981 | AO8: 7247237 | AP8: 7220481 | AQ8: 7193972 | AR8: 7167980 | AS8: 7142785 | AT8: 7118678 | AU8: 7095960 | AV8: 7074941
A9: 保定市 | B9: 保定 | C9: 58.346 | D9: 11726942 | E9: 11792754 | F9: 11852313 | G9: 11475860 | H9: 11542974 | I9: 11605691 | J9: 11663886 | K9: 11717453 | L9: 11766300 | M9: 11810353 | N9: 11849553 | O9: 11883859 | P9: 11913244 | Q9: 11937700 | R9: 11957233 | S9: 11971868 | T9: 11981643 | U9: 11986615 | V9: 11986856 | W9: 11982455 | X9: 11973518 | Y9: 11960165 | Z9: 11942535 | AA9: 11920781 | AB9: 11895075 | AC9: 11865602 | AD9: 11832567 | AE9: 11796189 | AF9: 11756704 | AG9: 11714363 | AH9: 11669436 | AI9: 11622207 | AJ9: 11572979 | AK9: 11522067 | AL9: 11469807 | AM9: 11416549 | AN9: 11362659 | AO9: 11308520 | AP9: 11254532 | AQ9: 11201110 | AR9: 11148687 | AS9: 11097710 | AT9: 11048645 | AU9: 11001973 | AV9: 10958191
A10: 张家口市 | B10: 张家口 | C10: 50.348 | D10: 4466424.4 | E10: 4479270 | F10: 4490122.7 | G10: 4107476 | H10: 4118494 | I10: 4128506 | J10: 4137368 | K10: 4144948 | L10: 4151128 | M10: 4155802 | N10: 4158876 | O10: 4160270 | P10: 4159916 | Q10: 4157759 | R10: 4153756 | S10: 4147879 | T10: 4140110 | U10: 4130445 | V10: 4118892 | W10: 4105474 | X10: 4090223 | Y10: 4073187 | Z10: 4054425 | AA10: 4034009 | AB10: 4012024 | AC10: 3988568 | AD10: 3963751 | AE10: 3937696 | AF10: 3910540 | AG10: 3882430 | AH10: 3853528 | AI10: 3824008 | AJ10: 3794056 | AK10: 3763873 | AL10: 3733669 | AM10: 3703671 | AN10: 3674116 | AO10: 3645253 | AP10: 3617347 | AQ10: 3590673 | AR10: 3565519 | AS10: 3542188 | AT10: 3520991 | AU10: 3502258 | AV10: 3486326
A11: 承德市 | B11: 承德 | C11: 50.348 | D11: 3599572.4 | E11: 3613787.7 | F11: 3626369.1 | G11: 3341797 | H11: 3354153 | I11: 3366260 | J11: 3377932 | K11: 3388991 | L11: 3399277 | M11: 3408640 | N11: 3416946 | O11: 3424074 | P11: 3429915 | Q11: 3434376 | R11: 3437374 | S11: 3438844 | T11: 3438731 | U11: 3436994 | V11: 3433608 | W11: 3428558 | X11: 3421844 | Y11: 3413481 | Z11: 3403495 | AA11: 3391928 | AB11: 3378833 | AC11: 3364277 | AD11: 3348343 | AE11: 3331125 | AF11: 3312731 | AG11: 3293283 | AH11: 3272915 | AI11: 3251777 | AJ11: 3230032 | AK11: 3207853 | AL11: 3185432 | AM11: 3162970 | AN11: 3140684 | AO11: 3118803 | AP11: 3097571 | AQ11: 3077245 | AR11: 3058094 | AS11: 3040403 | AT11: 3024468 | AU11: 3010602 | AV11: 2999127
A12: 沧州市 | B12: 沧州 | C12: 55.68 | D12: 7456414.9 | E12: 7494078.1 | F12: 7527827.4 | G12: 7266521 | H12: 7300129 | I12: 7332887 | J12: 7364507 | K12: 7394719 | L12: 7423274 | M12: 7449946 | N12: 7474526 | O12: 7496828 | P12: 7516685 | Q12: 7533952 | R12: 7548503 | S12: 7560233 | T12: 7569060 | U12: 7574918 | V12: 7577765 | W12: 7577579 | X12: 7574358 | Y12: 7568120 | Z12: 7558904 | AA12: 7546770 | AB12: 7531799 | AC12: 7514091 | AD12: 7493768 | AE12: 7470971 | AF12: 7445863 | AG12: 7418628 | AH12: 7389467 | AI12: 7358607 | AJ12: 7326291 | AK12: 7292785 | AL12: 7258374 | AM12: 7223364 | AN12: 7188084 | AO12: 7152879 | AP12: 7118118 | AQ12: 7084189 | AR12: 7051502 | AS12: 7020485 | AT12: 6991590 | AU12: 6965287 | AV12: 6942067
A13: 廊坊市 | B13: 廊坊 | C13: 58.346 | D13: 4593015.8 | E13: 4625006.9 | F13: 4654532.2 | G13: 5414885 | H13: 5463661 | I13: 5507146 | J13: 5545612 | K13: 5579322 | L13: 5608534 | M13: 5633497 | N13: 5654453 | O13: 5671636 | P13: 5685274 | Q13: 5695585 | R13: 5702781 | S13: 5707067 | T13: 5708639 | U13: 5707688 | V13: 5704394 | W13: 5698931 | X13: 5691468 | Y13: 5682163 | Z13: 5671168 | AA13: 5658627 | AB13: 5644677 | AC13: 5629447 | AD13: 5613060 | AE13: 5595629 | AF13: 5577261 | AG13: 5558056 | AH13: 5538104 | AI13: 5517492 | AJ13: 5496295 | AK13: 5474582 | AL13: 5452416 | AM13: 5429850 | AN13: 5406932 | AO13: 5383701 | AP13: 5360187 | AQ13: 5336417 | AR13: 5312406 | AS13: 5288163 | AT13: 5263691 | AU13: 5238983 | AV13: 5214027
... A368: 胡杨河市 | B368: 胡杨河 | C368: 69.322783 | D368: 84392.012 | E368: 84943.323 | F368: 85454.48 | G368: 247189 | H368: 248110 | I368: 248922 | J368: 249616 | K368: 250186 | L368: 250624 | M368: 250926 | N368: 251084 | O368: 251097 | P368: 250960 | Q368: 250671 | R368: 250228 | S368: 249630 | T368: 248878 | U368: 247972 | V368: 246914 | W368: 245707 | X368: 244354 | Y368: 242859 | Z368: 241228 | AA368: 239465 | AB368: 237579 | AC368: 235577 | AD368: 233467 | AE368: 231258 | AF368: 228960 | AG368: 226586 | AH368: 224145 | AI368: 221651 | AJ368: 219118 | AK368: 216559 | AL368: 213991 | AM368: 211428 | AN368: 208888 | AO368: 206389 | AP368: 203948 | AQ368: 201586 | AR368: 199322 | AS368: 197178 | AT368: 195175 | AU368: 193336 | AV368: 191685
A369: sum | D369: 1.3860024e+09 | E369: 1.3934428e+09 | F369: 1.4003134e+09 | G369: 1400793135 | H369: 1410976903 | I369: 1420266066 | J369: 1428670957 | K369: 1436203098 | L369: 1442875150 | M369: 1448701015 | N369: 1453695689 | O369: 1457875428 | P369: 1461257603 | Q369: 1463860785 | R369: 1465704725 | S369: 1466810320 | T369: 1467199701 | U369: 1466896114 | V369: 1465924022 | W369: 1464309042 | X369: 1462077972 | Y369: 1459258813 | Z369: 1455880691 | AA369: 1451973938 | AB369: 1447570066 | AC369: 1442701773 | AD369: 1437402901 | AE369: 1431708470 | AF369: 1425654722 | AG369: 1419279033 | AH369: 1412619937 | AI369: 1405717218 | AJ369: 1398611771 | AK369: 1391345677 | AL369: 1383962233 | AM369: 1376505845 | AN369: 1369022176 | AO369: 1361557975 | AP369: 1354161244 | AQ369: 1346881133 | AR369: 1339767961 | AS369: 1332873221 | AT369: 1326249585 | AU369: 1319950938 | AV369: 1314032289

Sheet 城镇化率
D1: 城镇化微调系数
D2: 16-20增速 | E2: 20-30增速 | F2: 30-40 | G2: 40-60
D3: =POWER(0.639/0.588,1/4)-0.004 -> 1.0170121 | E3: 1.01 | F3: 1.005 | G3: =POWER(0.8/0.742,1/20) -> 1.0037702
A5: City | C5: 2016城镇化率 | D5: 2016 | E5: 2017 | F5: 2018 | G5: 2019 | H5: 2020 | I5: 2021 | J5: 2022 | K5: 2023 | L5: 2024 | M5: 2025 | N5: 2026 | O5: 2027 | P5: 2028 | Q5: 2029 | R5: 2030 | S5: 2031 | T5: 2032 | U5: 2033 | V5: 2034 | W5: 2035 | X5: 2036 | Y5: 2037 | Z5: 2038 | AA5: 2039 | AB5: 2040 | AC5: 2041 | AD5: 2042 | AE5: 2043 | AF5: 2044 | AG5: 2045 | AH5: 2046 | AI5: 2047 | AJ5: 2048 | AK5: 2049 | AL5: 2050 | AM5: 2051 | AN5: 2052 | AO5: 2053 | AP5: 2054 | AQ5: 2055 | AR5: 2056 | AS5: 2057 | AT5: 2058 | AU5: 2059 | AV5: 2060
A6: 北京市 | B6: 北京 | C6: 87.86 | D6: =C6 -> 87.86 | E6: =IF($C6*$D$3^(E$5-$D$5)<100,$C6*$D$3^(E$5-$D$5),100) -> 89.354682 | F6: =IF($C6*$D$3^(F$5-$D$5)<100,$C6*$D$3^(F$5-$D$5),100) -> 90.874791 | G6: =IF($C6*$D$3^(G$5-$D$5)<100,$C6*$D$3^(G$5-$D$5),100) -> 92.420761 | H6: =IF($C6*$D$3^(H$5-$D$5)<100,$C6*$D$3^(H$5-$D$5),100) -> 93.993031 | I6: =IF($H6*$E$3^(I$5-$H$5)<100,$H6*$E$3^(I$5-$H$5),100) -> 94.932961 | J6: =IF($H6*$E$3^(J$5-$H$5)<100,$H6*$E$3^(J$5-$H$5),100) -> 95.882291 | K6: =IF($H6*$E$3^(K$5-$H$5)<100,$H6*$E$3^(K$5-$H$5),100) -> 96.841114 | L6: =IF($H6*$E$3^(L$5-$H$5)<100,$H6*$E$3^(L$5-$H$5),100) -> 97.809525 | M6: =IF($H6*$E$3^(M$5-$H$5)<100,$H6*$E$3^(M$5-$H$5),100) -> 98.78762 | N6: =IF($H6*$E$3^(N$5-$H$5)<100,$H6*$E$3^(N$5-$H$5),100) -> 99.775497 | O6: =IF($H6*$E$3^(O$5-$H$5)<100,$H6*$E$3^(O$5-$H$5),100) -> 100 | P6: =IF($H6*$E$3^(P$5-$H$5)<100,$H6*$E$3^(P$5-$H$5),100) -> 100 | ... R6: =IF($H6*$E$3^(R$5-$H$5)<100,$H6*$E$3^(R$5-$H$5),100) -> 100 | S6: =IF($R6*$F$3^(S$5-$R$5)<100,$R6*$F$3^(S$5-$R$5),100) -> 100 | T6: =IF($R6*$F$3^(T$5-$R$5)<100,$R6*$F$3^(T$5-$R$5),100) -> 100 | U6: =IF($R6*$F$3^(U$5-$R$5)<100,$R6*$F$3^(U$5-$R$5),100) -> 100 | V6: =IF($R6*$F$3^(V$5-$R$5)<100,$R6*$F$3^(V$5-$R$5),100) -> 100 | W6: =IF($R6*$F$3^(W$5-$R$5)<100,$R6*$F$3^(W$5-$R$5),100) -> 100 | X6: =IF($R6*$F$3^(X$5-$R$5)<100,$R6*$F$3^(X$5-$R$5),100) -> 100 | Y6: =IF($R6*$F$3^(Y$5-$R$5)<100,$R6*$F$3^(Y$5-$R$5),100) -> 100 | Z6: =IF($R6*$F$3^(Z$5-$R$5)<100,$R6*$F$3^(Z$5-$R$5),100) -> 100 | ... AB6: =IF($R6*$F$3^(AB$5-$R$5)<100,$R6*$F$3^(AB$5-$R$5),100) -> 100 | AC6: =IF($AB6*$G$3^(AC$5-$AB$5)<100,$AB6*$G$3^(AC$5-$AB$5),100) -> 100 | AD6: =IF($AB6*$G$3^(AD$5-$AB$5)<100,$AB6*$G$3^(AD$5-$AB$5),100) -> 100 | AE6: =IF($AB6*$G$3^(AE$5-$AB$5)<100,$AB6*$G$3^(AE$5-$AB$5),100) -> 100 | AF6: =IF($AB6*$G$3^(AF$5-$AB$5)<100,$AB6*$G$3^(AF$5-$AB$5),100) -> 100 | AG6: =IF($AB6*$G$3^(AG$5-$AB$5)<100,$AB6*$G$3^(AG$5-$AB$5),100) -> 100 | AH6: =IF($AB6*$G$3^(AH$5-$AB$5)<100,$AB6*$G$3^(AH$5-$AB$5),100) -> 100 | AI6: =IF($AB6*$G$3^(AI$5-$AB$5)<100,$AB6*$G$3^(AI$5-$AB$5),100) -> 100 | AJ6: =IF($AB6*$G$3^(AJ$5-$AB$5)<100,$AB6*$G$3^(AJ$5-$AB$5),100) -> 100 | ... AV6: =IF($AB6*$G$3^(AV$5-$AB$5)<100,$AB6*$G$3^(AV$5-$AB$5),100) -> 100
A7: 天津市 | B7: 天津 | C7: 84.29 | D7: =C7 -> 84.29 | E7: =IF($C7*$D$3^(E$5-$D$5)<100,$C7*$D$3^(E$5-$D$5),100) -> 85.723949 | F7: =IF($C7*$D$3^(F$5-$D$5)<100,$C7*$D$3^(F$5-$D$5),100) -> 87.182292 | G7: =IF($C7*$D$3^(G$5-$D$5)<100,$C7*$D$3^(G$5-$D$5),100) -> 88.665445 | H7: =IF($C7*$D$3^(H$5-$D$5)<100,$C7*$D$3^(H$5-$D$5),100) -> 90.173829 | I7: =IF($H7*$E$3^(I$5-$H$5)<100,$H7*$E$3^(I$5-$H$5),100) -> 91.075567 | J7: =IF($H7*$E$3^(J$5-$H$5)<100,$H7*$E$3^(J$5-$H$5),100) -> 91.986323 | K7: =IF($H7*$E$3^(K$5-$H$5)<100,$H7*$E$3^(K$5-$H$5),100) -> 92.906186 | L7: =IF($H7*$E$3^(L$5-$H$5)<100,$H7*$E$3^(L$5-$H$5),100) -> 93.835248 | M7: =IF($H7*$E$3^(M$5-$H$5)<100,$H7*$E$3^(M$5-$H$5),100) -> 94.7736 | N7: =IF($H7*$E$3^(N$5-$H$5)<100,$H7*$E$3^(N$5-$H$5),100) -> 95.721336 | O7: =IF($H7*$E$3^(O$5-$H$5)<100,$H7*$E$3^(O$5-$H$5),100) -> 96.67855 | P7: =IF($H7*$E$3^(P$5-$H$5)<100,$H7*$E$3^(P$5-$H$5),100) -> 97.645335 | ... R7: =IF($H7*$E$3^(R$5-$H$5)<100,$H7*$E$3^(R$5-$H$5),100) -> 99.608006 | S7: =IF($R7*$F$3^(S$5-$R$5)<100,$R7*$F$3^(S$5-$R$5),100) -> 100 | T7: =IF($R7*$F$3^(T$5-$R$5)<100,$R7*$F$3^(T$5-$R$5),100) -> 100 | U7: =IF($R7*$F$3^(U$5-$R$5)<100,$R7*$F$3^(U$5-$R$5),100) -> 100 | V7: =IF($R7*$F$3^(V$5-$R$5)<100,$R7*$F$3^(V$5-$R$5),100) -> 100 | W7: =IF($R7*$F$3^(W$5-$R$5)<100,$R7*$F$3^(W$5-$R$5),100) -> 100 | X7: =IF($R7*$F$3^(X$5-$R$5)<100,$R7*$F$3^(X$5-$R$5),100) -> 100 | Y7: =IF($R7*$F$3^(Y$5-$R$5)<100,$R7*$F$3^(Y$5-$R$5),100) -> 100 | Z7: =IF($R7*$F$3^(Z$5-$R$5)<100,$R7*$F$3^(Z$5-$R$5),100) -> 100 | ... AB7: =IF($R7*$F$3^(AB$5-$R$5)<100,$R7*$F$3^(AB$5-$R$5),100) -> 100 | AC7: =IF($AB7*$G$3^(AC$5-$AB$5)<100,$AB7*$G$3^(AC$5-$AB$5),100) -> 100 | AD7: =IF($AB7*$G$3^(AD$5-$AB$5)<100,$AB7*$G$3^(AD$5-$AB$5),100) -> 100 | AE7: =IF($AB7*$G$3^(AE$5-$AB$5)<100,$AB7*$G$3^(AE$5-$AB$5),100) -> 100 | AF7: =IF($AB7*$G$3^(AF$5-$AB$5)<100,$AB7*$G$3^(AF$5-$AB$5),100) -> 100 | AG7: =IF($AB7*$G$3^(AG$5-$AB$5)<100,$AB7*$G$3^(AG$5-$AB$5),100) -> 100 | AH7: =IF($AB7*$G$3^(AH$5-$AB$5)<100,$AB7*$G$3^(AH$5-$AB$5),100) -> 100 | AI7: =IF($AB7*$G$3^(AI$5-$AB$5)<100,$AB7*$G$3^(AI$5-$AB$5),100) -> 100 | AJ7: =IF($AB7*$G$3^(AJ$5-$AB$5)<100,$AB7*$G$3^(AJ$5-$AB$5),100) -> 100 | ... AV7: =IF($AB7*$G$3^(AV$5-$AB$5)<100,$AB7*$G$3^(AV$5-$AB$5),100) -> 100
A8: 石家庄市 | B8: 石家庄 | C8: 58.346 | D8: =C8 -> 58.346 | E8: =IF($C8*$D$3^(E$5-$D$5)<100,$C8*$D$3^(E$5-$D$5),100) -> 59.338587 | F8: =IF($C8*$D$3^(F$5-$D$5)<100,$C8*$D$3^(F$5-$D$5),100) -> 60.34806 | G8: =IF($C8*$D$3^(G$5-$D$5)<100,$C8*$D$3^(G$5-$D$5),100) -> 61.374707 | H8: =IF($C8*$D$3^(H$5-$D$5)<100,$C8*$D$3^(H$5-$D$5),100) -> 62.418819 | I8: =IF($H8*$E$3^(I$5-$H$5)<100,$H8*$E$3^(I$5-$H$5),100) -> 63.043007 | J8: =IF($H8*$E$3^(J$5-$H$5)<100,$H8*$E$3^(J$5-$H$5),100) -> 63.673437 | K8: =IF($H8*$E$3^(K$5-$H$5)<100,$H8*$E$3^(K$5-$H$5),100) -> 64.310171 | L8: =IF($H8*$E$3^(L$5-$H$5)<100,$H8*$E$3^(L$5-$H$5),100) -> 64.953273 | M8: =IF($H8*$E$3^(M$5-$H$5)<100,$H8*$E$3^(M$5-$H$5),100) -> 65.602806 | N8: =IF($H8*$E$3^(N$5-$H$5)<100,$H8*$E$3^(N$5-$H$5),100) -> 66.258834 | O8: =IF($H8*$E$3^(O$5-$H$5)<100,$H8*$E$3^(O$5-$H$5),100) -> 66.921422 | P8: =IF($H8*$E$3^(P$5-$H$5)<100,$H8*$E$3^(P$5-$H$5),100) -> 67.590636 | ... R8: =IF($H8*$E$3^(R$5-$H$5)<100,$H8*$E$3^(R$5-$H$5),100) -> 68.949208 | S8: =IF($R8*$F$3^(S$5-$R$5)<100,$R8*$F$3^(S$5-$R$5),100) -> 69.293954 | T8: =IF($R8*$F$3^(T$5-$R$5)<100,$R8*$F$3^(T$5-$R$5),100) -> 69.640424 | U8: =IF($R8*$F$3^(U$5-$R$5)<100,$R8*$F$3^(U$5-$R$5),100) -> 69.988626 | V8: =IF($R8*$F$3^(V$5-$R$5)<100,$R8*$F$3^(V$5-$R$5),100) -> 70.338569 | W8: =IF($R8*$F$3^(W$5-$R$5)<100,$R8*$F$3^(W$5-$R$5),100) -> 70.690262 | X8: =IF($R8*$F$3^(X$5-$R$5)<100,$R8*$F$3^(X$5-$R$5),100) -> 71.043713 | Y8: =IF($R8*$F$3^(Y$5-$R$5)<100,$R8*$F$3^(Y$5-$R$5),100) -> 71.398932 | Z8: =IF($R8*$F$3^(Z$5-$R$5)<100,$R8*$F$3^(Z$5-$R$5),100) -> 71.755926 | ... AB8: =IF($R8*$F$3^(AB$5-$R$5)<100,$R8*$F$3^(AB$5-$R$5),100) -> 72.47528 | AC8: =IF($AB8*$G$3^(AC$5-$AB$5)<100,$AB8*$G$3^(AC$5-$AB$5),100) -> 72.748527 | AD8: =IF($AB8*$G$3^(AD$5-$AB$5)<100,$AB8*$G$3^(AD$5-$AB$5),100) -> 73.022804 | AE8: =IF($AB8*$G$3^(AE$5-$AB$5)<100,$AB8*$G$3^(AE$5-$AB$5),100) -> 73.298116 | AF8: =IF($AB8*$G$3^(AF$5-$AB$5)<100,$AB8*$G$3^(AF$5-$AB$5),100) -> 73.574465 | AG8: =IF($AB8*$G$3^(AG$5-$AB$5)<100,$AB8*$G$3^(AG$5-$AB$5),100) -> 73.851857 | AH8: =IF($AB8*$G$3^(AH$5-$AB$5)<100,$AB8*$G$3^(AH$5-$AB$5),100) -> 74.130294 | AI8: =IF($AB8*$G$3^(AI$5-$AB$5)<100,$AB8*$G$3^(AI$5-$AB$5),100) -> 74.409781 | AJ8: =IF($AB8*$G$3^(AJ$5-$AB$5)<100,$AB8*$G$3^(AJ$5-$AB$5),100) -> 74.690322 | ... AV8: =IF($AB8*$G$3^(AV$5-$AB$5)<100,$AB8*$G$3^(AV$5-$AB$5),100) -> 78.140463
A9: 唐山市 | B9: 唐山 | C9: 55.68 | D9: =C9 -> 55.68 | E9: =IF($C9*$D$3^(E$5-$D$5)<100,$C9*$D$3^(E$5-$D$5),100) -> 56.627233 | F9: =IF($C9*$D$3^(F$5-$D$5)<100,$C9*$D$3^(F$5-$D$5),100) -> 57.59058 | G9: =IF($C9*$D$3^(G$5-$D$5)<100,$C9*$D$3^(G$5-$D$5),100) -> 58.570316 | H9: =IF($C9*$D$3^(H$5-$D$5)<100,$C9*$D$3^(H$5-$D$5),100) -> 59.566719 | I9: =IF($H9*$E$3^(I$5-$H$5)<100,$H9*$E$3^(I$5-$H$5),100) -> 60.162387 | J9: =IF($H9*$E$3^(J$5-$H$5)<100,$H9*$E$3^(J$5-$H$5),100) -> 60.764011 | K9: =IF($H9*$E$3^(K$5-$H$5)<100,$H9*$E$3^(K$5-$H$5),100) -> 61.371651 | L9: =IF($H9*$E$3^(L$5-$H$5)<100,$H9*$E$3^(L$5-$H$5),100) -> 61.985367 | M9: =IF($H9*$E$3^(M$5-$H$5)<100,$H9*$E$3^(M$5-$H$5),100) -> 62.605221 | N9: =IF($H9*$E$3^(N$5-$H$5)<100,$H9*$E$3^(N$5-$H$5),100) -> 63.231273 | O9: =IF($H9*$E$3^(O$5-$H$5)<100,$H9*$E$3^(O$5-$H$5),100) -> 63.863586 | P9: =IF($H9*$E$3^(P$5-$H$5)<100,$H9*$E$3^(P$5-$H$5),100) -> 64.502222 | ... R9: =IF($H9*$E$3^(R$5-$H$5)<100,$H9*$E$3^(R$5-$H$5),100) -> 65.798716 | S9: =IF($R9*$F$3^(S$5-$R$5)<100,$R9*$F$3^(S$5-$R$5),100) -> 66.12771 | T9: =IF($R9*$F$3^(T$5-$R$5)<100,$R9*$F$3^(T$5-$R$5),100) -> 66.458348 | U9: =IF($R9*$F$3^(U$5-$R$5)<100,$R9*$F$3^(U$5-$R$5),100) -> 66.79064 | V9: =IF($R9*$F$3^(V$5-$R$5)<100,$R9*$F$3^(V$5-$R$5),100) -> 67.124593 | W9: =IF($R9*$F$3^(W$5-$R$5)<100,$R9*$F$3^(W$5-$R$5),100) -> 67.460216 | X9: =IF($R9*$F$3^(X$5-$R$5)<100,$R9*$F$3^(X$5-$R$5),100) -> 67.797517 | Y9: =IF($R9*$F$3^(Y$5-$R$5)<100,$R9*$F$3^(Y$5-$R$5),100) -> 68.136505 | Z9: =IF($R9*$F$3^(Z$5-$R$5)<100,$R9*$F$3^(Z$5-$R$5),100) -> 68.477188 | ... AB9: =IF($R9*$F$3^(AB$5-$R$5)<100,$R9*$F$3^(AB$5-$R$5),100) -> 69.163671 | AC9: =IF($AB9*$G$3^(AC$5-$AB$5)<100,$AB9*$G$3^(AC$5-$AB$5),100) -> 69.424433 | AD9: =IF($AB9*$G$3^(AD$5-$AB$5)<100,$AB9*$G$3^(AD$5-$AB$5),100) -> 69.686178 | AE9: =IF($AB9*$G$3^(AE$5-$AB$5)<100,$AB9*$G$3^(AE$5-$AB$5),100) -> 69.94891 | AF9: =IF($AB9*$G$3^(AF$5-$AB$5)<100,$AB9*$G$3^(AF$5-$AB$5),100) -> 70.212632 | AG9: =IF($AB9*$G$3^(AG$5-$AB$5)<100,$AB9*$G$3^(AG$5-$AB$5),100) -> 70.477349 | AH9: =IF($AB9*$G$3^(AH$5-$AB$5)<100,$AB9*$G$3^(AH$5-$AB$5),100) -> 70.743063 | AI9: =IF($AB9*$G$3^(AI$5-$AB$5)<100,$AB9*$G$3^(AI$5-$AB$5),100) -> 71.00978 | AJ9: =IF($AB9*$G$3^(AJ$5-$AB$5)<100,$AB9*$G$3^(AJ$5-$AB$5),100) -> 71.277502 | ... AV9: =IF($AB9*$G$3^(AV$5-$AB$5)<100,$AB9*$G$3^(AV$5-$AB$5),100) -> 74.569996
A10: 秦皇岛市 | B10: 秦皇岛 | C10: 55.68 | D10: =C10 -> 55.68 | E10: =IF($C10*$D$3^(E$5-$D$5)<100,$C10*$D$3^(E$5-$D$5),100) -> 56.627233 | F10: =IF($C10*$D$3^(F$5-$D$5)<100,$C10*$D$3^(F$5-$D$5),100) -> 57.59058 | G10: =IF($C10*$D$3^(G$5-$D$5)<100,$C10*$D$3^(G$5-$D$5),100) -> 58.570316 | H10: =IF($C10*$D$3^(H$5-$D$5)<100,$C10*$D$3^(H$5-$D$5),100) -> 59.566719 | I10: =IF($H10*$E$3^(I$5-$H$5)<100,$H10*$E$3^(I$5-$H$5),100) -> 60.162387 | J10: =IF($H10*$E$3^(J$5-$H$5)<100,$H10*$E$3^(J$5-$H$5),100) -> 60.764011 | K10: =IF($H10*$E$3^(K$5-$H$5)<100,$H10*$E$3^(K$5-$H$5),100) -> 61.371651 | L10: =IF($H10*$E$3^(L$5-$H$5)<100,$H10*$E$3^(L$5-$H$5),100) -> 61.985367 | M10: =IF($H10*$E$3^(M$5-$H$5)<100,$H10*$E$3^(M$5-$H$5),100) -> 62.605221 | N10: =IF($H10*$E$3^(N$5-$H$5)<100,$H10*$E$3^(N$5-$H$5),100) -> 63.231273 | O10: =IF($H10*$E$3^(O$5-$H$5)<100,$H10*$E$3^(O$5-$H$5),100) -> 63.863586 | P10: =IF($H10*$E$3^(P$5-$H$5)<100,$H10*$E$3^(P$5-$H$5),100) -> 64.502222 | ... R10: =IF($H10*$E$3^(R$5-$H$5)<100,$H10*$E$3^(R$5-$H$5),100) -> 65.798716 | S10: =IF($R10*$F$3^(S$5-$R$5)<100,$R10*$F$3^(S$5-$R$5),100) -> 66.12771 | T10: =IF($R10*$F$3^(T$5-$R$5)<100,$R10*$F$3^(T$5-$R$5),100) -> 66.458348 | U10: =IF($R10*$F$3^(U$5-$R$5)<100,$R10*$F$3^(U$5-$R$5),100) -> 66.79064 | V10: =IF($R10*$F$3^(V$5-$R$5)<100,$R10*$F$3^(V$5-$R$5),100) -> 67.124593 | W10: =IF($R10*$F$3^(W$5-$R$5)<100,$R10*$F$3^(W$5-$R$5),100) -> 67.460216 | X10: =IF($R10*$F$3^(X$5-$R$5)<100,$R10*$F$3^(X$5-$R$5),100) -> 67.797517 | Y10: =IF($R10*$F$3^(Y$5-$R$5)<100,$R10*$F$3^(Y$5-$R$5),100) -> 68.136505 | Z10: =IF($R10*$F$3^(Z$5-$R$5)<100,$R10*$F$3^(Z$5-$R$5),100) -> 68.477188 | ... AB10: =IF($R10*$F$3^(AB$5-$R$5)<100,$R10*$F$3^(AB$5-$R$5),100) -> 69.163671 | AC10: =IF($AB10*$G$3^(AC$5-$AB$5)<100,$AB10*$G$3^(AC$5-$AB$5),100) -> 69.424433 | AD10: =IF($AB10*$G$3^(AD$5-$AB$5)<100,$AB10*$G$3^(AD$5-$AB$5),100) -> 69.686178 | AE10: =IF($AB10*$G$3^(AE$5-$AB$5)<100,$AB10*$G$3^(AE$5-$AB$5),100) -> 69.94891 | AF10: =IF($AB10*$G$3^(AF$5-$AB$5)<100,$AB10*$G$3^(AF$5-$AB$5),100) -> 70.212632 | AG10: =IF($AB10*$G$3^(AG$5-$AB$5)<100,$AB10*$G$3^(AG$5-$AB$5),100) -> 70.477349 | AH10: =IF($AB10*$G$3^(AH$5-$AB$5)<100,$AB10*$G$3^(AH$5-$AB$5),100) -> 70.743063 | AI10: =IF($AB10*$G$3^(AI$5-$AB$5)<100,$AB10*$G$3^(AI$5-$AB$5),100) -> 71.00978 | AJ10: =IF($AB10*$G$3^(AJ$5-$AB$5)<100,$AB10*$G$3^(AJ$5-$AB$5),100) -> 71.277502 | ... AV10: =IF($AB10*$G$3^(AV$5-$AB$5)<100,$AB10*$G$3^(AV$5-$AB$5),100) -> 74.569996
A11: 邯郸市 | B11: 邯郸 | C11: 55.68 | D11: =C11 -> 55.68 | E11: =IF($C11*$D$3^(E$5-$D$5)<100,$C11*$D$3^(E$5-$D$5),100) -> 56.627233 | F11: =IF($C11*$D$3^(F$5-$D$5)<100,$C11*$D$3^(F$5-$D$5),100) -> 57.59058 | G11: =IF($C11*$D$3^(G$5-$D$5)<100,$C11*$D$3^(G$5-$D$5),100) -> 58.570316 | H11: =IF($C11*$D$3^(H$5-$D$5)<100,$C11*$D$3^(H$5-$D$5),100) -> 59.566719 | I11: =IF($H11*$E$3^(I$5-$H$5)<100,$H11*$E$3^(I$5-$H$5),100) -> 60.162387 | J11: =IF($H11*$E$3^(J$5-$H$5)<100,$H11*$E$3^(J$5-$H$5),100) -> 60.764011 | K11: =IF($H11*$E$3^(K$5-$H$5)<100,$H11*$E$3^(K$5-$H$5),100) -> 61.371651 | L11: =IF($H11*$E$3^(L$5-$H$5)<100,$H11*$E$3^(L$5-$H$5),100) -> 61.985367 | M11: =IF($H11*$E$3^(M$5-$H$5)<100,$H11*$E$3^(M$5-$H$5),100) -> 62.605221 | N11: =IF($H11*$E$3^(N$5-$H$5)<100,$H11*$E$3^(N$5-$H$5),100) -> 63.231273 | O11: =IF($H11*$E$3^(O$5-$H$5)<100,$H11*$E$3^(O$5-$H$5),100) -> 63.863586 | P11: =IF($H11*$E$3^(P$5-$H$5)<100,$H11*$E$3^(P$5-$H$5),100) -> 64.502222 | ... R11: =IF($H11*$E$3^(R$5-$H$5)<100,$H11*$E$3^(R$5-$H$5),100) -> 65.798716 | S11: =IF($R11*$F$3^(S$5-$R$5)<100,$R11*$F$3^(S$5-$R$5),100) -> 66.12771 | T11: =IF($R11*$F$3^(T$5-$R$5)<100,$R11*$F$3^(T$5-$R$5),100) -> 66.458348 | U11: =IF($R11*$F$3^(U$5-$R$5)<100,$R11*$F$3^(U$5-$R$5),100) -> 66.79064 | V11: =IF($R11*$F$3^(V$5-$R$5)<100,$R11*$F$3^(V$5-$R$5),100) -> 67.124593 | W11: =IF($R11*$F$3^(W$5-$R$5)<100,$R11*$F$3^(W$5-$R$5),100) -> 67.460216 | X11: =IF($R11*$F$3^(X$5-$R$5)<100,$R11*$F$3^(X$5-$R$5),100) -> 67.797517 | Y11: =IF($R11*$F$3^(Y$5-$R$5)<100,$R11*$F$3^(Y$5-$R$5),100) -> 68.136505 | Z11: =IF($R11*$F$3^(Z$5-$R$5)<100,$R11*$F$3^(Z$5-$R$5),100) -> 68.477188 | ... AB11: =IF($R11*$F$3^(AB$5-$R$5)<100,$R11*$F$3^(AB$5-$R$5),100) -> 69.163671 | AC11: =IF($AB11*$G$3^(AC$5-$AB$5)<100,$AB11*$G$3^(AC$5-$AB$5),100) -> 69.424433 | AD11: =IF($AB11*$G$3^(AD$5-$AB$5)<100,$AB11*$G$3^(AD$5-$AB$5),100) -> 69.686178 | AE11: =IF($AB11*$G$3^(AE$5-$AB$5)<100,$AB11*$G$3^(AE$5-$AB$5),100) -> 69.94891 | AF11: =IF($AB11*$G$3^(AF$5-$AB$5)<100,$AB11*$G$3^(AF$5-$AB$5),100) -> 70.212632 | AG11: =IF($AB11*$G$3^(AG$5-$AB$5)<100,$AB11*$G$3^(AG$5-$AB$5),100) -> 70.477349 | AH11: =IF($AB11*$G$3^(AH$5-$AB$5)<100,$AB11*$G$3^(AH$5-$AB$5),100) -> 70.743063 | AI11: =IF($AB11*$G$3^(AI$5-$AB$5)<100,$AB11*$G$3^(AI$5-$AB$5),100) -> 71.00978 | AJ11: =IF($AB11*$G$3^(AJ$5-$AB$5)<100,$AB11*$G$3^(AJ$5-$AB$5),100) -> 71.277502 | ... AV11: =IF($AB11*$G$3^(AV$5-$AB$5)<100,$AB11*$G$3^(AV$5-$AB$5),100) -> 74.569996
A12: 邢台市 | B12: 邢台 | C12: 55.68 | D12: =C12 -> 55.68 | E12: =IF($C12*$D$3^(E$5-$D$5)<100,$C12*$D$3^(E$5-$D$5),100) -> 56.627233 | F12: =IF($C12*$D$3^(F$5-$D$5)<100,$C12*$D$3^(F$5-$D$5),100) -> 57.59058 | G12: =IF($C12*$D$3^(G$5-$D$5)<100,$C12*$D$3^(G$5-$D$5),100) -> 58.570316 | H12: =IF($C12*$D$3^(H$5-$D$5)<100,$C12*$D$3^(H$5-$D$5),100) -> 59.566719 | I12: =IF($H12*$E$3^(I$5-$H$5)<100,$H12*$E$3^(I$5-$H$5),100) -> 60.162387 | J12: =IF($H12*$E$3^(J$5-$H$5)<100,$H12*$E$3^(J$5-$H$5),100) -> 60.764011 | K12: =IF($H12*$E$3^(K$5-$H$5)<100,$H12*$E$3^(K$5-$H$5),100) -> 61.371651 | L12: =IF($H12*$E$3^(L$5-$H$5)<100,$H12*$E$3^(L$5-$H$5),100) -> 61.985367 | M12: =IF($H12*$E$3^(M$5-$H$5)<100,$H12*$E$3^(M$5-$H$5),100) -> 62.605221 | N12: =IF($H12*$E$3^(N$5-$H$5)<100,$H12*$E$3^(N$5-$H$5),100) -> 63.231273 | O12: =IF($H12*$E$3^(O$5-$H$5)<100,$H12*$E$3^(O$5-$H$5),100) -> 63.863586 | P12: =IF($H12*$E$3^(P$5-$H$5)<100,$H12*$E$3^(P$5-$H$5),100) -> 64.502222 | ... R12: =IF($H12*$E$3^(R$5-$H$5)<100,$H12*$E$3^(R$5-$H$5),100) -> 65.798716 | S12: =IF($R12*$F$3^(S$5-$R$5)<100,$R12*$F$3^(S$5-$R$5),100) -> 66.12771 | T12: =IF($R12*$F$3^(T$5-$R$5)<100,$R12*$F$3^(T$5-$R$5),100) -> 66.458348 | U12: =IF($R12*$F$3^(U$5-$R$5)<100,$R12*$F$3^(U$5-$R$5),100) -> 66.79064 | V12: =IF($R12*$F$3^(V$5-$R$5)<100,$R12*$F$3^(V$5-$R$5),100) -> 67.124593 | W12: =IF($R12*$F$3^(W$5-$R$5)<100,$R12*$F$3^(W$5-$R$5),100) -> 67.460216 | X12: =IF($R12*$F$3^(X$5-$R$5)<100,$R12*$F$3^(X$5-$R$5),100) -> 67.797517 | Y12: =IF($R12*$F$3^(Y$5-$R$5)<100,$R12*$F$3^(Y$5-$R$5),100) -> 68.136505 | Z12: =IF($R12*$F$3^(Z$5-$R$5)<100,$R12*$F$3^(Z$5-$R$5),100) -> 68.477188 | ... AB12: =IF($R12*$F$3^(AB$5-$R$5)<100,$R12*$F$3^(AB$5-$R$5),100) -> 69.163671 | AC12: =IF($AB12*$G$3^(AC$5-$AB$5)<100,$AB12*$G$3^(AC$5-$AB$5),100) -> 69.424433 | AD12: =IF($AB12*$G$3^(AD$5-$AB$5)<100,$AB12*$G$3^(AD$5-$AB$5),100) -> 69.686178 | AE12: =IF($AB12*$G$3^(AE$5-$AB$5)<100,$AB12*$G$3^(AE$5-$AB$5),100) -> 69.94891 | AF12: =IF($AB12*$G$3^(AF$5-$AB$5)<100,$AB12*$G$3^(AF$5-$AB$5),100) -> 70.212632 | AG12: =IF($AB12*$G$3^(AG$5-$AB$5)<100,$AB12*$G$3^(AG$5-$AB$5),100) -> 70.477349 | AH12: =IF($AB12*$G$3^(AH$5-$AB$5)<100,$AB12*$G$3^(AH$5-$AB$5),100) -> 70.743063 | AI12: =IF($AB12*$G$3^(AI$5-$AB$5)<100,$AB12*$G$3^(AI$5-$AB$5),100) -> 71.00978 | AJ12: =IF($AB12*$G$3^(AJ$5-$AB$5)<100,$AB12*$G$3^(AJ$5-$AB$5),100) -> 71.277502 | ... AV12: =IF($AB12*$G$3^(AV$5-$AB$5)<100,$AB12*$G$3^(AV$5-$AB$5),100) -> 74.569996
A13: 保定市 | B13: 保定 | C13: 58.346 | D13: =C13 -> 58.346 | E13: =IF($C13*$D$3^(E$5-$D$5)<100,$C13*$D$3^(E$5-$D$5),100) -> 59.338587 | F13: =IF($C13*$D$3^(F$5-$D$5)<100,$C13*$D$3^(F$5-$D$5),100) -> 60.34806 | G13: =IF($C13*$D$3^(G$5-$D$5)<100,$C13*$D$3^(G$5-$D$5),100) -> 61.374707 | H13: =IF($C13*$D$3^(H$5-$D$5)<100,$C13*$D$3^(H$5-$D$5),100) -> 62.418819 | I13: =IF($H13*$E$3^(I$5-$H$5)<100,$H13*$E$3^(I$5-$H$5),100) -> 63.043007 | J13: =IF($H13*$E$3^(J$5-$H$5)<100,$H13*$E$3^(J$5-$H$5),100) -> 63.673437 | K13: =IF($H13*$E$3^(K$5-$H$5)<100,$H13*$E$3^(K$5-$H$5),100) -> 64.310171 | L13: =IF($H13*$E$3^(L$5-$H$5)<100,$H13*$E$3^(L$5-$H$5),100) -> 64.953273 | M13: =IF($H13*$E$3^(M$5-$H$5)<100,$H13*$E$3^(M$5-$H$5),100) -> 65.602806 | N13: =IF($H13*$E$3^(N$5-$H$5)<100,$H13*$E$3^(N$5-$H$5),100) -> 66.258834 | O13: =IF($H13*$E$3^(O$5-$H$5)<100,$H13*$E$3^(O$5-$H$5),100) -> 66.921422 | P13: =IF($H13*$E$3^(P$5-$H$5)<100,$H13*$E$3^(P$5-$H$5),100) -> 67.590636 | ... R13: =IF($H13*$E$3^(R$5-$H$5)<100,$H13*$E$3^(R$5-$H$5),100) -> 68.949208 | S13: =IF($R13*$F$3^(S$5-$R$5)<100,$R13*$F$3^(S$5-$R$5),100) -> 69.293954 | T13: =IF($R13*$F$3^(T$5-$R$5)<100,$R13*$F$3^(T$5-$R$5),100) -> 69.640424 | U13: =IF($R13*$F$3^(U$5-$R$5)<100,$R13*$F$3^(U$5-$R$5),100) -> 69.988626 | V13: =IF($R13*$F$3^(V$5-$R$5)<100,$R13*$F$3^(V$5-$R$5),100) -> 70.338569 | W13: =IF($R13*$F$3^(W$5-$R$5)<100,$R13*$F$3^(W$5-$R$5),100) -> 70.690262 | X13: =IF($R13*$F$3^(X$5-$R$5)<100,$R13*$F$3^(X$5-$R$5),100) -> 71.043713 | Y13: =IF($R13*$F$3^(Y$5-$R$5)<100,$R13*$F$3^(Y$5-$R$5),100) -> 71.398932 | Z13: =IF($R13*$F$3^(Z$5-$R$5)<100,$R13*$F$3^(Z$5-$R$5),100) -> 71.755926 | ... AB13: =IF($R13*$F$3^(AB$5-$R$5)<100,$R13*$F$3^(AB$5-$R$5),100) -> 72.47528 | AC13: =IF($AB13*$G$3^(AC$5-$AB$5)<100,$AB13*$G$3^(AC$5-$AB$5),100) -> 72.748527 | AD13: =IF($AB13*$G$3^(AD$5-$AB$5)<100,$AB13*$G$3^(AD$5-$AB$5),100) -> 73.022804 | AE13: =IF($AB13*$G$3^(AE$5-$AB$5)<100,$AB13*$G$3^(AE$5-$AB$5),100) -> 73.298116 | AF13: =IF($AB13*$G$3^(AF$5-$AB$5)<100,$AB13*$G$3^(AF$5-$AB$5),100) -> 73.574465 | AG13: =IF($AB13*$G$3^(AG$5-$AB$5)<100,$AB13*$G$3^(AG$5-$AB$5),100) -> 73.851857 | AH13: =IF($AB13*$G$3^(AH$5-$AB$5)<100,$AB13*$G$3^(AH$5-$AB$5),100) -> 74.130294 | AI13: =IF($AB13*$G$3^(AI$5-$AB$5)<100,$AB13*$G$3^(AI$5-$AB$5),100) -> 74.409781 | AJ13: =IF($AB13*$G$3^(AJ$5-$AB$5)<100,$AB13*$G$3^(AJ$5-$AB$5),100) -> 74.690322 | ... AV13: =IF($AB13*$G$3^(AV$5-$AB$5)<100,$AB13*$G$3^(AV$5-$AB$5),100) -> 78.140463
A14: 张家口市 | B14: 张家口 | C14: 50.348 | D14: =C14 -> 50.348 | E14: =IF($C14*$D$3^(E$5-$D$5)<100,$C14*$D$3^(E$5-$D$5),100) -> 51.204525 | F14: =IF($C14*$D$3^(F$5-$D$5)<100,$C14*$D$3^(F$5-$D$5),100) -> 52.07562 | G14: =IF($C14*$D$3^(G$5-$D$5)<100,$C14*$D$3^(G$5-$D$5),100) -> 52.961535 | H14: =IF($C14*$D$3^(H$5-$D$5)<100,$C14*$D$3^(H$5-$D$5),100) -> 53.862521 | I14: =IF($H14*$E$3^(I$5-$H$5)<100,$H14*$E$3^(I$5-$H$5),100) -> 54.401147 | J14: =IF($H14*$E$3^(J$5-$H$5)<100,$H14*$E$3^(J$5-$H$5),100) -> 54.945158 | K14: =IF($H14*$E$3^(K$5-$H$5)<100,$H14*$E$3^(K$5-$H$5),100) -> 55.49461 | L14: =IF($H14*$E$3^(L$5-$H$5)<100,$H14*$E$3^(L$5-$H$5),100) -> 56.049556 | M14: =IF($H14*$E$3^(M$5-$H$5)<100,$H14*$E$3^(M$5-$H$5),100) -> 56.610051 | N14: =IF($H14*$E$3^(N$5-$H$5)<100,$H14*$E$3^(N$5-$H$5),100) -> 57.176152 | O14: =IF($H14*$E$3^(O$5-$H$5)<100,$H14*$E$3^(O$5-$H$5),100) -> 57.747913 | P14: =IF($H14*$E$3^(P$5-$H$5)<100,$H14*$E$3^(P$5-$H$5),100) -> 58.325393 | ... R14: =IF($H14*$E$3^(R$5-$H$5)<100,$H14*$E$3^(R$5-$H$5),100) -> 59.497733 | S14: =IF($R14*$F$3^(S$5-$R$5)<100,$R14*$F$3^(S$5-$R$5),100) -> 59.795222 | T14: =IF($R14*$F$3^(T$5-$R$5)<100,$R14*$F$3^(T$5-$R$5),100) -> 60.094198 | U14: =IF($R14*$F$3^(U$5-$R$5)<100,$R14*$F$3^(U$5-$R$5),100) -> 60.394669 | V14: =IF($R14*$F$3^(V$5-$R$5)<100,$R14*$F$3^(V$5-$R$5),100) -> 60.696642 | W14: =IF($R14*$F$3^(W$5-$R$5)<100,$R14*$F$3^(W$5-$R$5),100) -> 61.000125 | X14: =IF($R14*$F$3^(X$5-$R$5)<100,$R14*$F$3^(X$5-$R$5),100) -> 61.305126 | Y14: =IF($R14*$F$3^(Y$5-$R$5)<100,$R14*$F$3^(Y$5-$R$5),100) -> 61.611651 | Z14: =IF($R14*$F$3^(Z$5-$R$5)<100,$R14*$F$3^(Z$5-$R$5),100) -> 61.91971 | ... AB14: =IF($R14*$F$3^(AB$5-$R$5)<100,$R14*$F$3^(AB$5-$R$5),100) -> 62.540455 | AC14: =IF($AB14*$G$3^(AC$5-$AB$5)<100,$AB14*$G$3^(AC$5-$AB$5),100) -> 62.776246 | AD14: =IF($AB14*$G$3^(AD$5-$AB$5)<100,$AB14*$G$3^(AD$5-$AB$5),100) -> 63.012926 | AE14: =IF($AB14*$G$3^(AE$5-$AB$5)<100,$AB14*$G$3^(AE$5-$AB$5),100) -> 63.250498 | AF14: =IF($AB14*$G$3^(AF$5-$AB$5)<100,$AB14*$G$3^(AF$5-$AB$5),100) -> 63.488966 | AG14: =IF($AB14*$G$3^(AG$5-$AB$5)<100,$AB14*$G$3^(AG$5-$AB$5),100) -> 63.728333 | AH14: =IF($AB14*$G$3^(AH$5-$AB$5)<100,$AB14*$G$3^(AH$5-$AB$5),100) -> 63.968602 | AI14: =IF($AB14*$G$3^(AI$5-$AB$5)<100,$AB14*$G$3^(AI$5-$AB$5),100) -> 64.209777 | AJ14: =IF($AB14*$G$3^(AJ$5-$AB$5)<100,$AB14*$G$3^(AJ$5-$AB$5),100) -> 64.451862 | ... AV14: =IF($AB14*$G$3^(AV$5-$AB$5)<100,$AB14*$G$3^(AV$5-$AB$5),100) -> 67.429062
A15: 承德市 | B15: 承德 | C15: 50.348 | D15: =C15 -> 50.348 | E15: =IF($C15*$D$3^(E$5-$D$5)<100,$C15*$D$3^(E$5-$D$5),100) -> 51.204525 | F15: =IF($C15*$D$3^(F$5-$D$5)<100,$C15*$D$3^(F$5-$D$5),100) -> 52.07562 | G15: =IF($C15*$D$3^(G$5-$D$5)<100,$C15*$D$3^(G$5-$D$5),100) -> 52.961535 | H15: =IF($C15*$D$3^(H$5-$D$5)<100,$C15*$D$3^(H$5-$D$5),100) -> 53.862521 | I15: =IF($H15*$E$3^(I$5-$H$5)<100,$H15*$E$3^(I$5-$H$5),100) -> 54.401147 | J15: =IF($H15*$E$3^(J$5-$H$5)<100,$H15*$E$3^(J$5-$H$5),100) -> 54.945158 | K15: =IF($H15*$E$3^(K$5-$H$5)<100,$H15*$E$3^(K$5-$H$5),100) -> 55.49461 | L15: =IF($H15*$E$3^(L$5-$H$5)<100,$H15*$E$3^(L$5-$H$5),100) -> 56.049556 | M15: =IF($H15*$E$3^(M$5-$H$5)<100,$H15*$E$3^(M$5-$H$5),100) -> 56.610051 | N15: =IF($H15*$E$3^(N$5-$H$5)<100,$H15*$E$3^(N$5-$H$5),100) -> 57.176152 | O15: =IF($H15*$E$3^(O$5-$H$5)<100,$H15*$E$3^(O$5-$H$5),100) -> 57.747913 | P15: =IF($H15*$E$3^(P$5-$H$5)<100,$H15*$E$3^(P$5-$H$5),100) -> 58.325393 | ... R15: =IF($H15*$E$3^(R$5-$H$5)<100,$H15*$E$3^(R$5-$H$5),100) -> 59.497733 | S15: =IF($R15*$F$3^(S$5-$R$5)<100,$R15*$F$3^(S$5-$R$5),100) -> 59.795222 | T15: =IF($R15*$F$3^(T$5-$R$5)<100,$R15*$F$3^(T$5-$R$5),100) -> 60.094198 | U15: =IF($R15*$F$3^(U$5-$R$5)<100,$R15*$F$3^(U$5-$R$5),100) -> 60.394669 | V15: =IF($R15*$F$3^(V$5-$R$5)<100,$R15*$F$3^(V$5-$R$5),100) -> 60.696642 | W15: =IF($R15*$F$3^(W$5-$R$5)<100,$R15*$F$3^(W$5-$R$5),100) -> 61.000125 | X15: =IF($R15*$F$3^(X$5-$R$5)<100,$R15*$F$3^(X$5-$R$5),100) -> 61.305126 | Y15: =IF($R15*$F$3^(Y$5-$R$5)<100,$R15*$F$3^(Y$5-$R$5),100) -> 61.611651 | Z15: =IF($R15*$F$3^(Z$5-$R$5)<100,$R15*$F$3^(Z$5-$R$5),100) -> 61.91971 | ... AB15: =IF($R15*$F$3^(AB$5-$R$5)<100,$R15*$F$3^(AB$5-$R$5),100) -> 62.540455 | AC15: =IF($AB15*$G$3^(AC$5-$AB$5)<100,$AB15*$G$3^(AC$5-$AB$5),100) -> 62.776246 | AD15: =IF($AB15*$G$3^(AD$5-$AB$5)<100,$AB15*$G$3^(AD$5-$AB$5),100) -> 63.012926 | AE15: =IF($AB15*$G$3^(AE$5-$AB$5)<100,$AB15*$G$3^(AE$5-$AB$5),100) -> 63.250498 | AF15: =IF($AB15*$G$3^(AF$5-$AB$5)<100,$AB15*$G$3^(AF$5-$AB$5),100) -> 63.488966 | AG15: =IF($AB15*$G$3^(AG$5-$AB$5)<100,$AB15*$G$3^(AG$5-$AB$5),100) -> 63.728333 | AH15: =IF($AB15*$G$3^(AH$5-$AB$5)<100,$AB15*$G$3^(AH$5-$AB$5),100) -> 63.968602 | AI15: =IF($AB15*$G$3^(AI$5-$AB$5)<100,$AB15*$G$3^(AI$5-$AB$5),100) -> 64.209777 | AJ15: =IF($AB15*$G$3^(AJ$5-$AB$5)<100,$AB15*$G$3^(AJ$5-$AB$5),100) -> 64.451862 | ... AV15: =IF($AB15*$G$3^(AV$5-$AB$5)<100,$AB15*$G$3^(AV$5-$AB$5),100) -> 67.429062
A16: 沧州市 | B16: 沧州 | C16: 55.68 | D16: =C16 -> 55.68 | E16: =IF($C16*$D$3^(E$5-$D$5)<100,$C16*$D$3^(E$5-$D$5),100) -> 56.627233 | F16: =IF($C16*$D$3^(F$5-$D$5)<100,$C16*$D$3^(F$5-$D$5),100) -> 57.59058 | G16: =IF($C16*$D$3^(G$5-$D$5)<100,$C16*$D$3^(G$5-$D$5),100) -> 58.570316 | H16: =IF($C16*$D$3^(H$5-$D$5)<100,$C16*$D$3^(H$5-$D$5),100) -> 59.566719 | I16: =IF($H16*$E$3^(I$5-$H$5)<100,$H16*$E$3^(I$5-$H$5),100) -> 60.162387 | J16: =IF($H16*$E$3^(J$5-$H$5)<100,$H16*$E$3^(J$5-$H$5),100) -> 60.764011 | K16: =IF($H16*$E$3^(K$5-$H$5)<100,$H16*$E$3^(K$5-$H$5),100) -> 61.371651 | L16: =IF($H16*$E$3^(L$5-$H$5)<100,$H16*$E$3^(L$5-$H$5),100) -> 61.985367 | M16: =IF($H16*$E$3^(M$5-$H$5)<100,$H16*$E$3^(M$5-$H$5),100) -> 62.605221 | N16: =IF($H16*$E$3^(N$5-$H$5)<100,$H16*$E$3^(N$5-$H$5),100) -> 63.231273 | O16: =IF($H16*$E$3^(O$5-$H$5)<100,$H16*$E$3^(O$5-$H$5),100) -> 63.863586 | P16: =IF($H16*$E$3^(P$5-$H$5)<100,$H16*$E$3^(P$5-$H$5),100) -> 64.502222 | ... R16: =IF($H16*$E$3^(R$5-$H$5)<100,$H16*$E$3^(R$5-$H$5),100) -> 65.798716 | S16: =IF($R16*$F$3^(S$5-$R$5)<100,$R16*$F$3^(S$5-$R$5),100) -> 66.12771 | T16: =IF($R16*$F$3^(T$5-$R$5)<100,$R16*$F$3^(T$5-$R$5),100) -> 66.458348 | U16: =IF($R16*$F$3^(U$5-$R$5)<100,$R16*$F$3^(U$5-$R$5),100) -> 66.79064 | V16: =IF($R16*$F$3^(V$5-$R$5)<100,$R16*$F$3^(V$5-$R$5),100) -> 67.124593 | W16: =IF($R16*$F$3^(W$5-$R$5)<100,$R16*$F$3^(W$5-$R$5),100) -> 67.460216 | X16: =IF($R16*$F$3^(X$5-$R$5)<100,$R16*$F$3^(X$5-$R$5),100) -> 67.797517 | Y16: =IF($R16*$F$3^(Y$5-$R$5)<100,$R16*$F$3^(Y$5-$R$5),100) -> 68.136505 | Z16: =IF($R16*$F$3^(Z$5-$R$5)<100,$R16*$F$3^(Z$5-$R$5),100) -> 68.477188 | ... AB16: =IF($R16*$F$3^(AB$5-$R$5)<100,$R16*$F$3^(AB$5-$R$5),100) -> 69.163671 | AC16: =IF($AB16*$G$3^(AC$5-$AB$5)<100,$AB16*$G$3^(AC$5-$AB$5),100) -> 69.424433 | AD16: =IF($AB16*$G$3^(AD$5-$AB$5)<100,$AB16*$G$3^(AD$5-$AB$5),100) -> 69.686178 | AE16: =IF($AB16*$G$3^(AE$5-$AB$5)<100,$AB16*$G$3^(AE$5-$AB$5),100) -> 69.94891 | AF16: =IF($AB16*$G$3^(AF$5-$AB$5)<100,$AB16*$G$3^(AF$5-$AB$5),100) -> 70.212632 | AG16: =IF($AB16*$G$3^(AG$5-$AB$5)<100,$AB16*$G$3^(AG$5-$AB$5),100) -> 70.477349 | AH16: =IF($AB16*$G$3^(AH$5-$AB$5)<100,$AB16*$G$3^(AH$5-$AB$5),100) -> 70.743063 | AI16: =IF($AB16*$G$3^(AI$5-$AB$5)<100,$AB16*$G$3^(AI$5-$AB$5),100) -> 71.00978 | AJ16: =IF($AB16*$G$3^(AJ$5-$AB$5)<100,$AB16*$G$3^(AJ$5-$AB$5),100) -> 71.277502 | ... AV16: =IF($AB16*$G$3^(AV$5-$AB$5)<100,$AB16*$G$3^(AV$5-$AB$5),100) -> 74.569996
A17: 廊坊市 | B17: 廊坊 | C17: 58.346 | D17: =C17 -> 58.346 | E17: =IF($C17*$D$3^(E$5-$D$5)<100,$C17*$D$3^(E$5-$D$5),100) -> 59.338587 | F17: =IF($C17*$D$3^(F$5-$D$5)<100,$C17*$D$3^(F$5-$D$5),100) -> 60.34806 | G17: =IF($C17*$D$3^(G$5-$D$5)<100,$C17*$D$3^(G$5-$D$5),100) -> 61.374707 | H17: =IF($C17*$D$3^(H$5-$D$5)<100,$C17*$D$3^(H$5-$D$5),100) -> 62.418819 | I17: =IF($H17*$E$3^(I$5-$H$5)<100,$H17*$E$3^(I$5-$H$5),100) -> 63.043007 | J17: =IF($H17*$E$3^(J$5-$H$5)<100,$H17*$E$3^(J$5-$H$5),100) -> 63.673437 | K17: =IF($H17*$E$3^(K$5-$H$5)<100,$H17*$E$3^(K$5-$H$5),100) -> 64.310171 | L17: =IF($H17*$E$3^(L$5-$H$5)<100,$H17*$E$3^(L$5-$H$5),100) -> 64.953273 | M17: =IF($H17*$E$3^(M$5-$H$5)<100,$H17*$E$3^(M$5-$H$5),100) -> 65.602806 | N17: =IF($H17*$E$3^(N$5-$H$5)<100,$H17*$E$3^(N$5-$H$5),100) -> 66.258834 | O17: =IF($H17*$E$3^(O$5-$H$5)<100,$H17*$E$3^(O$5-$H$5),100) -> 66.921422 | P17: =IF($H17*$E$3^(P$5-$H$5)<100,$H17*$E$3^(P$5-$H$5),100) -> 67.590636 | ... R17: =IF($H17*$E$3^(R$5-$H$5)<100,$H17*$E$3^(R$5-$H$5),100) -> 68.949208 | S17: =IF($R17*$F$3^(S$5-$R$5)<100,$R17*$F$3^(S$5-$R$5),100) -> 69.293954 | T17: =IF($R17*$F$3^(T$5-$R$5)<100,$R17*$F$3^(T$5-$R$5),100) -> 69.640424 | U17: =IF($R17*$F$3^(U$5-$R$5)<100,$R17*$F$3^(U$5-$R$5),100) -> 69.988626 | V17: =IF($R17*$F$3^(V$5-$R$5)<100,$R17*$F$3^(V$5-$R$5),100) -> 70.338569 | W17: =IF($R17*$F$3^(W$5-$R$5)<100,$R17*$F$3^(W$5-$R$5),100) -> 70.690262 | X17: =IF($R17*$F$3^(X$5-$R$5)<100,$R17*$F$3^(X$5-$R$5),100) -> 71.043713 | Y17: =IF($R17*$F$3^(Y$5-$R$5)<100,$R17*$F$3^(Y$5-$R$5),100) -> 71.398932 | Z17: =IF($R17*$F$3^(Z$5-$R$5)<100,$R17*$F$3^(Z$5-$R$5),100) -> 71.755926 | ... AB17: =IF($R17*$F$3^(AB$5-$R$5)<100,$R17*$F$3^(AB$5-$R$5),100) -> 72.47528 | AC17: =IF($AB17*$G$3^(AC$5-$AB$5)<100,$AB17*$G$3^(AC$5-$AB$5),100) -> 72.748527 | AD17: =IF($AB17*$G$3^(AD$5-$AB$5)<100,$AB17*$G$3^(AD$5-$AB$5),100) -> 73.022804 | AE17: =IF($AB17*$G$3^(AE$5-$AB$5)<100,$AB17*$G$3^(AE$5-$AB$5),100) -> 73.298116 | AF17: =IF($AB17*$G$3^(AF$5-$AB$5)<100,$AB17*$G$3^(AF$5-$AB$5),100) -> 73.574465 | AG17: =IF($AB17*$G$3^(AG$5-$AB$5)<100,$AB17*$G$3^(AG$5-$AB$5),100) -> 73.851857 | AH17: =IF($AB17*$G$3^(AH$5-$AB$5)<100,$AB17*$G$3^(AH$5-$AB$5),100) -> 74.130294 | AI17: =IF($AB17*$G$3^(AI$5-$AB$5)<100,$AB17*$G$3^(AI$5-$AB$5),100) -> 74.409781 | AJ17: =IF($AB17*$G$3^(AJ$5-$AB$5)<100,$AB17*$G$3^(AJ$5-$AB$5),100) -> 74.690322 | ... AV17: =IF($AB17*$G$3^(AV$5-$AB$5)<100,$AB17*$G$3^(AV$5-$AB$5),100) -> 78.140463
... A372: 胡杨河市 | B372: 胡杨河 | C372: 69.322783 | D372: =C372 -> 69.322783 | E372: =IF($C372*$D$3^(E$5-$D$5)<100,$C372*$D$3^(E$5-$D$5),100) -> 70.502109 | F372: =IF($C372*$D$3^(F$5-$D$5)<100,$C372*$D$3^(F$5-$D$5),100) -> 71.701497 | G372: =IF($C372*$D$3^(G$5-$D$5)<100,$C372*$D$3^(G$5-$D$5),100) -> 72.921289 | H372: =IF($C372*$D$3^(H$5-$D$5)<100,$C372*$D$3^(H$5-$D$5),100) -> 74.161832 | I372: =IF($H372*$E$3^(I$5-$H$5)<100,$H372*$E$3^(I$5-$H$5),100) -> 74.90345 | J372: =IF($H372*$E$3^(J$5-$H$5)<100,$H372*$E$3^(J$5-$H$5),100) -> 75.652485 | K372: =IF($H372*$E$3^(K$5-$H$5)<100,$H372*$E$3^(K$5-$H$5),100) -> 76.409009 | L372: =IF($H372*$E$3^(L$5-$H$5)<100,$H372*$E$3^(L$5-$H$5),100) -> 77.1731 | M372: =IF($H372*$E$3^(M$5-$H$5)<100,$H372*$E$3^(M$5-$H$5),100) -> 77.944831 | N372: =IF($H372*$E$3^(N$5-$H$5)<100,$H372*$E$3^(N$5-$H$5),100) -> 78.724279 | O372: =IF($H372*$E$3^(O$5-$H$5)<100,$H372*$E$3^(O$5-$H$5),100) -> 79.511522 | P372: =IF($H372*$E$3^(P$5-$H$5)<100,$H372*$E$3^(P$5-$H$5),100) -> 80.306637 | ... R372: =IF($H372*$E$3^(R$5-$H$5)<100,$H372*$E$3^(R$5-$H$5),100) -> 81.9208 | S372: =IF($R372*$F$3^(S$5-$R$5)<100,$R372*$F$3^(S$5-$R$5),100) -> 82.330404 | T372: =IF($R372*$F$3^(T$5-$R$5)<100,$R372*$F$3^(T$5-$R$5),100) -> 82.742056 | U372: =IF($R372*$F$3^(U$5-$R$5)<100,$R372*$F$3^(U$5-$R$5),100) -> 83.155767 | V372: =IF($R372*$F$3^(V$5-$R$5)<100,$R372*$F$3^(V$5-$R$5),100) -> 83.571545 | W372: =IF($R372*$F$3^(W$5-$R$5)<100,$R372*$F$3^(W$5-$R$5),100) -> 83.989403 | X372: =IF($R372*$F$3^(X$5-$R$5)<100,$R372*$F$3^(X$5-$R$5),100) -> 84.40935 | Y372: =IF($R372*$F$3^(Y$5-$R$5)<100,$R372*$F$3^(Y$5-$R$5),100) -> 84.831397 | Z372: =IF($R372*$F$3^(Z$5-$R$5)<100,$R372*$F$3^(Z$5-$R$5),100) -> 85.255554 | ... AB372: =IF($R372*$F$3^(AB$5-$R$5)<100,$R372*$F$3^(AB$5-$R$5),100) -> 86.110241 | AC372: =IF($AB372*$G$3^(AC$5-$AB$5)<100,$AB372*$G$3^(AC$5-$AB$5),100) -> 86.434895 | AD372: =IF($AB372*$G$3^(AD$5-$AB$5)<100,$AB372*$G$3^(AD$5-$AB$5),100) -> 86.760773 | AE372: =IF($AB372*$G$3^(AE$5-$AB$5)<100,$AB372*$G$3^(AE$5-$AB$5),100) -> 87.087879 | AF372: =IF($AB372*$G$3^(AF$5-$AB$5)<100,$AB372*$G$3^(AF$5-$AB$5),100) -> 87.416219 | AG372: =IF($AB372*$G$3^(AG$5-$AB$5)<100,$AB372*$G$3^(AG$5-$AB$5),100) -> 87.745797 | AH372: =IF($AB372*$G$3^(AH$5-$AB$5)<100,$AB372*$G$3^(AH$5-$AB$5),100) -> 88.076618 | AI372: =IF($AB372*$G$3^(AI$5-$AB$5)<100,$AB372*$G$3^(AI$5-$AB$5),100) -> 88.408685 | AJ372: =IF($AB372*$G$3^(AJ$5-$AB$5)<100,$AB372*$G$3^(AJ$5-$AB$5),100) -> 88.742005 | ... AV372: =IF($AB372*$G$3^(AV$5-$AB$5)<100,$AB372*$G$3^(AV$5-$AB$5),100) -> 92.84123
A373: sum

Sheet 城镇人口
A1: Province | B1: City | C1: 2016城镇化率 | D1: 2016 | E1: 2017 | F1: 2018 | G1: 2019 | H1: 2020 | I1: 2021 | J1: 2022 | K1: 2023 | L1: 2024 | M1: 2025 | N1: 2026 | O1: 2027 | P1: 2028 | Q1: 2029 | R1: 2030 | S1: 2031 | T1: 2032 | U1: 2033 | V1: 2034 | W1: 2035 | X1: 2036 | Y1: 2037 | Z1: 2038 | AA1: 2039 | AB1: 2040 | AC1: 2041 | AD1: 2042 | AE1: 2043 | AF1: 2044 | AG1: 2045 | AH1: 2046 | AI1: 2047 | AJ1: 2048 | AK1: 2049 | AL1: 2050 | AM1: 2051 | AN1: 2052 | AO1: 2053 | AP1: 2054 | AQ1: 2055 | AR1: 2056 | AS1: 2057 | AT1: 2058 | AU1: 2059 | AV1: 2060
A2: 北京市 | B2: 北京市 | C2: =VLOOKUP(B2,'[1]2016省城人口总结（根）'!B:C,2,FALSE)/100 -> 0.8786 | D2: =INDEX(人口源表!$1:$1048576,MATCH($B2,人口源表!$A:$A,0),MATCH(D$1,人口源表!$1:$1,0))*INDEX(城镇化率!$1:$1048576,MATCH($B2,城镇化率!$A:$A,0),MATCH(D$1,城镇化率!$5:$5,0))/100 -> 18342372 | E2: =INDEX(人口源表!$1:$1048576,MATCH($B2,人口源表!$A:$A,0),MATCH(E$1,人口源表!$1:$1,0))*INDEX(城镇化率!$1:$1048576,MATCH($B2,城镇化率!$A:$A,0),MATCH(E$1,城镇化率!$5:$5,0))/100 -> 18803184 | F2: =INDEX(人口源表!$1:$1048576,MATCH($B2,人口源表!$A:$A,0),MATCH(F$1,人口源表!$1:$1,0))*INDEX(城镇化率!$1:$1048576,MATCH($B2,城镇化率!$A:$A,0),MATCH(F$1,城镇化率!$5:$5,0))/100 -> 19258833 | G2: =INDEX(人口源表!$1:$1048576,MATCH($B2,人口源表!$A:$A,0),MATCH(G$1,人口源表!$1:$1,0))*INDEX(城镇化率!$1:$1048576,MATCH($B2,城镇化率!$A:$A,0),MATCH(G$1,城镇化率!$5:$5,0))/100 -> 20000982 | H2: =INDEX(人口源表!$1:$1048576,MATCH($B2,人口源表!$A:$A,0),MATCH(H$1,人口源表!$1:$1,0))*INDEX(城镇化率!$1:$1048576,MATCH($B2,城镇化率!$A:$A,0),MATCH(H$1,城镇化率!$5:$5,0))/100 -> 20576196 | I2: =INDEX(人口源表!$1:$1048576,MATCH($B2,人口源表!$A:$A,0),MATCH(I$1,人口源表!$1:$1,0))*INDEX(城镇化率!$1:$1048576,MATCH($B2,城镇化率!$A:$A,0),MATCH(I$1,城镇化率!$5:$5,0))/100 -> 20972921 | J2: =INDEX(人口源表!$1:$1048576,MATCH($B2,人口源表!$A:$A,0),MATCH(J$1,人口源表!$1:$1,0))*INDEX(城镇化率!$1:$1048576,MATCH($B2,城镇化率!$A:$A,0),MATCH(J$1,城镇化率!$5:$5,0))/100 -> 21333011 | K2: =INDEX(人口源表!$1:$1048576,MATCH($B2,人口源表!$A:$A,0),MATCH(K$1,人口源表!$1:$1,0))*INDEX(城镇化率!$1:$1048576,MATCH($B2,城镇化率!$A:$A,0),MATCH(K$1,城镇化率!$5:$5,0))/100 -> 21659405 | ... AV2: =INDEX(人口源表!$1:$1048576,MATCH($B2,人口源表!$A:$A,0),MATCH(AV$1,人口源表!$1:$1,0))*INDEX(城镇化率!$1:$1048576,MATCH($B2,城镇化率!$A:$A,0),MATCH(AV$1,城镇化率!$5:$5,0))/100 -> 18874781
A3: 天津市 | B3: 天津市 | C3: =VLOOKUP(B3,'[1]2016省城人口总结（根）'!B:C,2,FALSE)/100 -> 0.8429 | D3: =INDEX(人口源表!$1:$1048576,MATCH($B3,人口源表!$A:$A,0),MATCH(D$1,人口源表!$1:$1,0))*INDEX(城镇化率!$1:$1048576,MATCH($B3,城镇化率!$A:$A,0),MATCH(D$1,城镇化率!$5:$5,0))/100 -> 11435906 | E3: =INDEX(人口源表!$1:$1048576,MATCH($B3,人口源表!$A:$A,0),MATCH(E$1,人口源表!$1:$1,0))*INDEX(城镇化率!$1:$1048576,MATCH($B3,城镇化率!$A:$A,0),MATCH(E$1,城镇化率!$5:$5,0))/100 -> 11704728 | F3: =INDEX(人口源表!$1:$1048576,MATCH($B3,人口源表!$A:$A,0),MATCH(F$1,人口源表!$1:$1,0))*INDEX(城镇化率!$1:$1048576,MATCH($B3,城镇化率!$A:$A,0),MATCH(F$1,城镇化率!$5:$5,0))/100 -> 11972061 | G3: =INDEX(人口源表!$1:$1048576,MATCH($B3,人口源表!$A:$A,0),MATCH(G$1,人口源表!$1:$1,0))*INDEX(城镇化率!$1:$1048576,MATCH($B3,城镇化率!$A:$A,0),MATCH(G$1,城镇化率!$5:$5,0))/100 -> 12181925 | H3: =INDEX(人口源表!$1:$1048576,MATCH($B3,人口源表!$A:$A,0),MATCH(H$1,人口源表!$1:$1,0))*INDEX(城镇化率!$1:$1048576,MATCH($B3,城镇化率!$A:$A,0),MATCH(H$1,城镇化率!$5:$5,0))/100 -> 12502542 | I3: =INDEX(人口源表!$1:$1048576,MATCH($B3,人口源表!$A:$A,0),MATCH(I$1,人口源表!$1:$1,0))*INDEX(城镇化率!$1:$1048576,MATCH($B3,城镇化率!$A:$A,0),MATCH(I$1,城镇化率!$5:$5,0))/100 -> 12719230 | J3: =INDEX(人口源表!$1:$1048576,MATCH($B3,人口源表!$A:$A,0),MATCH(J$1,人口源表!$1:$1,0))*INDEX(城镇化率!$1:$1048576,MATCH($B3,城镇化率!$A:$A,0),MATCH(J$1,城镇化率!$5:$5,0))/100 -> 12917822 | K3: =INDEX(人口源表!$1:$1048576,MATCH($B3,人口源表!$A:$A,0),MATCH(K$1,人口源表!$1:$1,0))*INDEX(城镇化率!$1:$1048576,MATCH($B3,城镇化率!$A:$A,0),MATCH(K$1,城镇化率!$5:$5,0))/100 -> 13099559 | ... AV3: =INDEX(人口源表!$1:$1048576,MATCH($B3,人口源表!$A:$A,0),MATCH(AV$1,人口源表!$1:$1,0))*INDEX(城镇化率!$1:$1048576,MATCH($B3,城镇化率!$A:$A,0),MATCH(AV$1,城镇化率!$5:$5,0))/100 -> 11539219
A4: 河北省 | B4: 石家庄市 | C4: =VLOOKUP(B4,'[1]2016省城人口总结（根）'!B:C,2,FALSE)/100 -> 0.58346 | D4: =INDEX(人口源表!$1:$1048576,MATCH($B4,人口源表!$A:$A,0),MATCH(D$1,人口源表!$1:$1,0))*INDEX(城镇化率!$1:$1048576,MATCH($B4,城镇化率!$A:$A,0),MATCH(D$1,城镇化率!$5:$5,0))/100 -> 6235233.3 | E4: =INDEX(人口源表!$1:$1048576,MATCH($B4,人口源表!$A:$A,0),MATCH(E$1,人口源表!$1:$1,0))*INDEX(城镇化率!$1:$1048576,MATCH($B4,城镇化率!$A:$A,0),MATCH(E$1,城镇化率!$5:$5,0))/100 -> 6384345.3 | F4: =INDEX(人口源表!$1:$1048576,MATCH($B4,人口源表!$A:$A,0),MATCH(F$1,人口源表!$1:$1,0))*INDEX(城镇化率!$1:$1048576,MATCH($B4,城镇化率!$A:$A,0),MATCH(F$1,城镇化率!$5:$5,0))/100 -> 6533455.3 | G4: =INDEX(人口源表!$1:$1048576,MATCH($B4,人口源表!$A:$A,0),MATCH(G$1,人口源表!$1:$1,0))*INDEX(城镇化率!$1:$1048576,MATCH($B4,城镇化率!$A:$A,0),MATCH(G$1,城镇化率!$5:$5,0))/100 -> 6834133.1 | H4: =INDEX(人口源表!$1:$1048576,MATCH($B4,人口源表!$A:$A,0),MATCH(H$1,人口源表!$1:$1,0))*INDEX(城镇化率!$1:$1048576,MATCH($B4,城镇化率!$A:$A,0),MATCH(H$1,城镇化率!$5:$5,0))/100 -> 7012216.8 | I4: =INDEX(人口源表!$1:$1048576,MATCH($B4,人口源表!$A:$A,0),MATCH(I$1,人口源表!$1:$1,0))*INDEX(城镇化率!$1:$1048576,MATCH($B4,城镇化率!$A:$A,0),MATCH(I$1,城镇化率!$5:$5,0))/100 -> 7138021.7 | J4: =INDEX(人口源表!$1:$1048576,MATCH($B4,人口源表!$A:$A,0),MATCH(J$1,人口源表!$1:$1,0))*INDEX(城镇化率!$1:$1048576,MATCH($B4,城镇化率!$A:$A,0),MATCH(J$1,城镇化率!$5:$5,0))/100 -> 7259161.5 | K4: =INDEX(人口源表!$1:$1048576,MATCH($B4,人口源表!$A:$A,0),MATCH(K$1,人口源表!$1:$1,0))*INDEX(城镇化率!$1:$1048576,MATCH($B4,城镇化率!$A:$A,0),MATCH(K$1,城镇化率!$5:$5,0))/100 -> 7375803 | ... AV4: =INDEX(人口源表!$1:$1048576,MATCH($B4,人口源表!$A:$A,0),MATCH(AV$1,人口源表!$1:$1,0))*INDEX(城镇化率!$1:$1048576,MATCH($B4,城镇化率!$A:$A,0),MATCH(AV$1,城镇化率!$5:$5,0))/100 -> 8403595
A5: 河北省 | B5: 唐山市 | C5: =VLOOKUP(B5,'[1]2016省城人口总结（根）'!B:C,2,FALSE)/100 -> 0.5568 | D5: =INDEX(人口源表!$1:$1048576,MATCH($B5,人口源表!$A:$A,0),MATCH(D$1,人口源表!$1:$1,0))*INDEX(城镇化率!$1:$1048576,MATCH($B5,城镇化率!$A:$A,0),MATCH(D$1,城镇化率!$5:$5,0))/100 -> 4384650.3 | E5: =INDEX(人口源表!$1:$1048576,MATCH($B5,人口源表!$A:$A,0),MATCH(E$1,人口源表!$1:$1,0))*INDEX(城镇化率!$1:$1048576,MATCH($B5,城镇化率!$A:$A,0),MATCH(E$1,城镇化率!$5:$5,0))/100 -> 4479080.5 | F5: =INDEX(人口源表!$1:$1048576,MATCH($B5,人口源表!$A:$A,0),MATCH(F$1,人口源表!$1:$1,0))*INDEX(城镇化率!$1:$1048576,MATCH($B5,城镇化率!$A:$A,0),MATCH(F$1,城镇化率!$5:$5,0))/100 -> 4572929.3 | G5: =INDEX(人口源表!$1:$1048576,MATCH($B5,人口源表!$A:$A,0),MATCH(G$1,人口源表!$1:$1,0))*INDEX(城镇化率!$1:$1048576,MATCH($B5,城镇化率!$A:$A,0),MATCH(G$1,城镇化率!$5:$5,0))/100 -> 4497548.4 | H5: =INDEX(人口源表!$1:$1048576,MATCH($B5,人口源表!$A:$A,0),MATCH(H$1,人口源表!$1:$1,0))*INDEX(城镇化率!$1:$1048576,MATCH($B5,城镇化率!$A:$A,0),MATCH(H$1,城镇化率!$5:$5,0))/100 -> 4596844.8 | I5: =INDEX(人口源表!$1:$1048576,MATCH($B5,人口源表!$A:$A,0),MATCH(I$1,人口源表!$1:$1,0))*INDEX(城镇化率!$1:$1048576,MATCH($B5,城镇化率!$A:$A,0),MATCH(I$1,城镇化率!$5:$5,0))/100 -> 4662477.9 | J5: =INDEX(人口源表!$1:$1048576,MATCH($B5,人口源表!$A:$A,0),MATCH(J$1,人口源表!$1:$1,0))*INDEX(城镇化率!$1:$1048576,MATCH($B5,城镇化率!$A:$A,0),MATCH(J$1,城镇化率!$5:$5,0))/100 -> 4725692.4 | K5: =INDEX(人口源表!$1:$1048576,MATCH($B5,人口源表!$A:$A,0),MATCH(K$1,人口源表!$1:$1,0))*INDEX(城镇化率!$1:$1048576,MATCH($B5,城镇化率!$A:$A,0),MATCH(K$1,城镇化率!$5:$5,0))/100 -> 4786511.9 | ... AV5: =INDEX(人口源表!$1:$1048576,MATCH($B5,人口源表!$A:$A,0),MATCH(AV$1,人口源表!$1:$1,0))*INDEX(城镇化率!$1:$1048576,MATCH($B5,城镇化率!$A:$A,0),MATCH(AV$1,城镇化率!$5:$5,0))/100 -> 4960333.5
A6: 河北省 | B6: 秦皇岛市 | C6: =VLOOKUP(B6,'[1]2016省城人口总结（根）'!B:C,2,FALSE)/100 -> 0.5568 | D6: =INDEX(人口源表!$1:$1048576,MATCH($B6,人口源表!$A:$A,0),MATCH(D$1,人口源表!$1:$1,0))*INDEX(城镇化率!$1:$1048576,MATCH($B6,城镇化率!$A:$A,0),MATCH(D$1,城镇化率!$5:$5,0))/100 -> 1729551.7 | E6: =INDEX(人口源表!$1:$1048576,MATCH($B6,人口源表!$A:$A,0),MATCH(E$1,人口源表!$1:$1,0))*INDEX(城镇化率!$1:$1048576,MATCH($B6,城镇化率!$A:$A,0),MATCH(E$1,城镇化率!$5:$5,0))/100 -> 1767397 | F6: =INDEX(人口源表!$1:$1048576,MATCH($B6,人口源表!$A:$A,0),MATCH(F$1,人口源表!$1:$1,0))*INDEX(城镇化率!$1:$1048576,MATCH($B6,城镇化率!$A:$A,0),MATCH(F$1,城镇化率!$5:$5,0))/100 -> 1805082.1 | G6: =INDEX(人口源表!$1:$1048576,MATCH($B6,人口源表!$A:$A,0),MATCH(G$1,人口源表!$1:$1,0))*INDEX(城镇化率!$1:$1048576,MATCH($B6,城镇化率!$A:$A,0),MATCH(G$1,城镇化率!$5:$5,0))/100 -> 1826289.8 | H6: =INDEX(人口源表!$1:$1048576,MATCH($B6,人口源表!$A:$A,0),MATCH(H$1,人口源表!$1:$1,0))*INDEX(城镇化率!$1:$1048576,MATCH($B6,城镇化率!$A:$A,0),MATCH(H$1,城镇化率!$5:$5,0))/100 -> 1868337.6 | I6: =INDEX(人口源表!$1:$1048576,MATCH($B6,人口源表!$A:$A,0),MATCH(I$1,人口源表!$1:$1,0))*INDEX(城镇化率!$1:$1048576,MATCH($B6,城镇化率!$A:$A,0),MATCH(I$1,城镇化率!$5:$5,0))/100 -> 1896499.5 | J6: =INDEX(人口源表!$1:$1048576,MATCH($B6,人口源表!$A:$A,0),MATCH(J$1,人口源表!$1:$1,0))*INDEX(城镇化率!$1:$1048576,MATCH($B6,城镇化率!$A:$A,0),MATCH(J$1,城镇化率!$5:$5,0))/100 -> 1923482.3 | K6: =INDEX(人口源表!$1:$1048576,MATCH($B6,人口源表!$A:$A,0),MATCH(K$1,人口源表!$1:$1,0))*INDEX(城镇化率!$1:$1048576,MATCH($B6,城镇化率!$A:$A,0),MATCH(K$1,城镇化率!$5:$5,0))/100 -> 1949312.8 | ... AV6: =INDEX(人口源表!$1:$1048576,MATCH($B6,人口源表!$A:$A,0),MATCH(AV$1,人口源表!$1:$1,0))*INDEX(城镇化率!$1:$1048576,MATCH($B6,城镇化率!$A:$A,0),MATCH(AV$1,城镇化率!$5:$5,0))/100 -> 2041074.7
A7: 河北省 | B7: 邯郸市 | C7: =VLOOKUP(B7,'[1]2016省城人口总结（根）'!B:C,2,FALSE)/100 -> 0.5568 | D7: =INDEX(人口源表!$1:$1048576,MATCH($B7,人口源表!$A:$A,0),MATCH(D$1,人口源表!$1:$1,0))*INDEX(城镇化率!$1:$1048576,MATCH($B7,城镇化率!$A:$A,0),MATCH(D$1,城镇化率!$5:$5,0))/100 -> 5386019.5 | E7: =INDEX(人口源表!$1:$1048576,MATCH($B7,人口源表!$A:$A,0),MATCH(E$1,人口源表!$1:$1,0))*INDEX(城镇化率!$1:$1048576,MATCH($B7,城镇化率!$A:$A,0),MATCH(E$1,城镇化率!$5:$5,0))/100 -> 5510433.1 | F7: =INDEX(人口源表!$1:$1048576,MATCH($B7,人口源表!$A:$A,0),MATCH(F$1,人口源表!$1:$1,0))*INDEX(城镇化率!$1:$1048576,MATCH($B7,城镇化率!$A:$A,0),MATCH(F$1,城镇化率!$5:$5,0))/100 -> 5634438.8 | G7: =INDEX(人口源表!$1:$1048576,MATCH($B7,人口源表!$A:$A,0),MATCH(G$1,人口源表!$1:$1,0))*INDEX(城镇化率!$1:$1048576,MATCH($B7,城镇化率!$A:$A,0),MATCH(G$1,城镇化率!$5:$5,0))/100 -> 5485913.7 | H7: =INDEX(人口源表!$1:$1048576,MATCH($B7,人口源表!$A:$A,0),MATCH(H$1,人口源表!$1:$1,0))*INDEX(城镇化率!$1:$1048576,MATCH($B7,城镇化率!$A:$A,0),MATCH(H$1,城镇化率!$5:$5,0))/100 -> 5607211.3 | I7: =INDEX(人口源表!$1:$1048576,MATCH($B7,人口源表!$A:$A,0),MATCH(I$1,人口源表!$1:$1,0))*INDEX(城镇化率!$1:$1048576,MATCH($B7,城镇化率!$A:$A,0),MATCH(I$1,城镇化率!$5:$5,0))/100 -> 5692673.3 | J7: =INDEX(人口源表!$1:$1048576,MATCH($B7,人口源表!$A:$A,0),MATCH(J$1,人口源表!$1:$1,0))*INDEX(城镇化率!$1:$1048576,MATCH($B7,城镇化率!$A:$A,0),MATCH(J$1,城镇化率!$5:$5,0))/100 -> 5780031.9 | K7: =INDEX(人口源表!$1:$1048576,MATCH($B7,人口源表!$A:$A,0),MATCH(K$1,人口源表!$1:$1,0))*INDEX(城镇化率!$1:$1048576,MATCH($B7,城镇化率!$A:$A,0),MATCH(K$1,城镇化率!$5:$5,0))/100 -> 5868941.5 | ... AV7: =INDEX(人口源表!$1:$1048576,MATCH($B7,人口源表!$A:$A,0),MATCH(AV$1,人口源表!$1:$1,0))*INDEX(城镇化率!$1:$1048576,MATCH($B7,城镇化率!$A:$A,0),MATCH(AV$1,城镇化率!$5:$5,0))/100 -> 7163420.5
A8: 河北省 | B8: 邢台市 | C8: =VLOOKUP(B8,'[1]2016省城人口总结（根）'!B:C,2,FALSE)/100 -> 0.5568 | D8: =INDEX(人口源表!$1:$1048576,MATCH($B8,人口源表!$A:$A,0),MATCH(D$1,人口源表!$1:$1,0))*INDEX(城镇化率!$1:$1048576,MATCH($B8,城镇化率!$A:$A,0),MATCH(D$1,城镇化率!$5:$5,0))/100 -> 4166190.8 | E8: =INDEX(人口源表!$1:$1048576,MATCH($B8,人口源表!$A:$A,0),MATCH(E$1,人口源表!$1:$1,0))*INDEX(城镇化率!$1:$1048576,MATCH($B8,城镇化率!$A:$A,0),MATCH(E$1,城镇化率!$5:$5,0))/100 -> 4264866.3 | F8: =INDEX(人口源表!$1:$1048576,MATCH($B8,人口源表!$A:$A,0),MATCH(F$1,人口源表!$1:$1,0))*INDEX(城镇化率!$1:$1048576,MATCH($B8,城镇化率!$A:$A,0),MATCH(F$1,城镇化率!$5:$5,0))/100 -> 4363497 | G8: =INDEX(人口源表!$1:$1048576,MATCH($B8,人口源表!$A:$A,0),MATCH(G$1,人口源表!$1:$1,0))*INDEX(城镇化率!$1:$1048576,MATCH($B8,城镇化率!$A:$A,0),MATCH(G$1,城镇化率!$5:$5,0))/100 -> 4134408.3 | H8: =INDEX(人口源表!$1:$1048576,MATCH($B8,人口源表!$A:$A,0),MATCH(H$1,人口源表!$1:$1,0))*INDEX(城镇化率!$1:$1048576,MATCH($B8,城镇化率!$A:$A,0),MATCH(H$1,城镇化率!$5:$5,0))/100 -> 4235536.9 | I8: =INDEX(人口源表!$1:$1048576,MATCH($B8,人口源表!$A:$A,0),MATCH(I$1,人口源表!$1:$1,0))*INDEX(城镇化率!$1:$1048576,MATCH($B8,城镇化率!$A:$A,0),MATCH(I$1,城镇化率!$5:$5,0))/100 -> 4307318.9 | J8: =INDEX(人口源表!$1:$1048576,MATCH($B8,人口源表!$A:$A,0),MATCH(J$1,人口源表!$1:$1,0))*INDEX(城镇化率!$1:$1048576,MATCH($B8,城镇化率!$A:$A,0),MATCH(J$1,城镇化率!$5:$5,0))/100 -> 4378371.4 | K8: =INDEX(人口源表!$1:$1048576,MATCH($B8,人口源表!$A:$A,0),MATCH(K$1,人口源表!$1:$1,0))*INDEX(城镇化率!$1:$1048576,MATCH($B8,城镇化率!$A:$A,0),MATCH(K$1,城镇化率!$5:$5,0))/100 -> 4448612.5 | ... AV8: =INDEX(人口源表!$1:$1048576,MATCH($B8,人口源表!$A:$A,0),MATCH(AV$1,人口源表!$1:$1,0))*INDEX(城镇化率!$1:$1048576,MATCH($B8,城镇化率!$A:$A,0),MATCH(AV$1,城镇化率!$5:$5,0))/100 -> 5275783.2
A9: 河北省 | B9: 保定市 | C9: =VLOOKUP(B9,'[1]2016省城人口总结（根）'!B:C,2,FALSE)/100 -> 0.58346 | D9: =INDEX(人口源表!$1:$1048576,MATCH($B9,人口源表!$A:$A,0),MATCH(D$1,人口源表!$1:$1,0))*INDEX(城镇化率!$1:$1048576,MATCH($B9,城镇化率!$A:$A,0),MATCH(D$1,城镇化率!$5:$5,0))/100 -> 6842201.7 | E9: =INDEX(人口源表!$1:$1048576,MATCH($B9,人口源表!$A:$A,0),MATCH(E$1,人口源表!$1:$1,0))*INDEX(城镇化率!$1:$1048576,MATCH($B9,城镇化率!$A:$A,0),MATCH(E$1,城镇化率!$5:$5,0))/100 -> 6997653.7 | F9: =INDEX(人口源表!$1:$1048576,MATCH($B9,人口源表!$A:$A,0),MATCH(F$1,人口源表!$1:$1,0))*INDEX(城镇化率!$1:$1048576,MATCH($B9,城镇化率!$A:$A,0),MATCH(F$1,城镇化率!$5:$5,0))/100 -> 7152641 | G9: =INDEX(人口源表!$1:$1048576,MATCH($B9,人口源表!$A:$A,0),MATCH(G$1,人口源表!$1:$1,0))*INDEX(城镇化率!$1:$1048576,MATCH($B9,城镇化率!$A:$A,0),MATCH(G$1,城镇化率!$5:$5,0))/100 -> 7043275.4 | H9: =INDEX(人口源表!$1:$1048576,MATCH($B9,人口源表!$A:$A,0),MATCH(H$1,人口源表!$1:$1,0))*INDEX(城镇化率!$1:$1048576,MATCH($B9,城镇化率!$A:$A,0),MATCH(H$1,城镇化率!$5:$5,0))/100 -> 7204988 | I9: =INDEX(人口源表!$1:$1048576,MATCH($B9,人口源表!$A:$A,0),MATCH(I$1,人口源表!$1:$1,0))*INDEX(城镇化率!$1:$1048576,MATCH($B9,城镇化率!$A:$A,0),MATCH(I$1,城镇化率!$5:$5,0))/100 -> 7316576.6 | J9: =INDEX(人口源表!$1:$1048576,MATCH($B9,人口源表!$A:$A,0),MATCH(J$1,人口源表!$1:$1,0))*INDEX(城镇化率!$1:$1048576,MATCH($B9,城镇化率!$A:$A,0),MATCH(J$1,城镇化率!$5:$5,0))/100 -> 7426797.1 | K9: =INDEX(人口源表!$1:$1048576,MATCH($B9,人口源表!$A:$A,0),MATCH(K$1,人口源表!$1:$1,0))*INDEX(城镇化率!$1:$1048576,MATCH($B9,城镇化率!$A:$A,0),MATCH(K$1,城镇化率!$5:$5,0))/100 -> 7535514.1 | ... AV9: =INDEX(人口源表!$1:$1048576,MATCH($B9,人口源表!$A:$A,0),MATCH(AV$1,人口源表!$1:$1,0))*INDEX(城镇化率!$1:$1048576,MATCH($B9,城镇化率!$A:$A,0),MATCH(AV$1,城镇化率!$5:$5,0))/100 -> 8562781.2
A10: 河北省 | B10: 张家口市 | C10: =VLOOKUP(B10,'[1]2016省城人口总结（根）'!B:C,2,FALSE)/100 -> 0.50348 | D10: =INDEX(人口源表!$1:$1048576,MATCH($B10,人口源表!$A:$A,0),MATCH(D$1,人口源表!$1:$1,0))*INDEX(城镇化率!$1:$1048576,MATCH($B10,城镇化率!$A:$A,0),MATCH(D$1,城镇化率!$5:$5,0))/100 -> 2248755.3 | E10: =INDEX(人口源表!$1:$1048576,MATCH($B10,人口源表!$A:$A,0),MATCH(E$1,人口源表!$1:$1,0))*INDEX(城镇化率!$1:$1048576,MATCH($B10,城镇化率!$A:$A,0),MATCH(E$1,城镇化率!$5:$5,0))/100 -> 2293588.9 | F10: =INDEX(人口源表!$1:$1048576,MATCH($B10,人口源表!$A:$A,0),MATCH(F$1,人口源表!$1:$1,0))*INDEX(城镇化率!$1:$1048576,MATCH($B10,城镇化率!$A:$A,0),MATCH(F$1,城镇化率!$5:$5,0))/100 -> 2338259.3 | G10: =INDEX(人口源表!$1:$1048576,MATCH($B10,人口源表!$A:$A,0),MATCH(G$1,人口源表!$1:$1,0))*INDEX(城镇化率!$1:$1048576,MATCH($B10,城镇化率!$A:$A,0),MATCH(G$1,城镇化率!$5:$5,0))/100 -> 2175382.3 | H10: =INDEX(人口源表!$1:$1048576,MATCH($B10,人口源表!$A:$A,0),MATCH(H$1,人口源表!$1:$1,0))*INDEX(城镇化率!$1:$1048576,MATCH($B10,城镇化率!$A:$A,0),MATCH(H$1,城镇化率!$5:$5,0))/100 -> 2218324.7 | I10: =INDEX(人口源表!$1:$1048576,MATCH($B10,人口源表!$A:$A,0),MATCH(I$1,人口源表!$1:$1,0))*INDEX(城镇化率!$1:$1048576,MATCH($B10,城镇化率!$A:$A,0),MATCH(I$1,城镇化率!$5:$5,0))/100 -> 2245954.6 | J10: =INDEX(人口源表!$1:$1048576,MATCH($B10,人口源表!$A:$A,0),MATCH(J$1,人口源表!$1:$1,0))*INDEX(城镇化率!$1:$1048576,MATCH($B10,城镇化率!$A:$A,0),MATCH(J$1,城镇化率!$5:$5,0))/100 -> 2273283.4 | K10: =INDEX(人口源表!$1:$1048576,MATCH($B10,人口源表!$A:$A,0),MATCH(K$1,人口源表!$1:$1,0))*INDEX(城镇化率!$1:$1048576,MATCH($B10,城镇化率!$A:$A,0),MATCH(K$1,城镇化率!$5:$5,0))/100 -> 2300222.7 | ... AV10: =INDEX(人口源表!$1:$1048576,MATCH($B10,人口源表!$A:$A,0),MATCH(AV$1,人口源表!$1:$1,0))*INDEX(城镇化率!$1:$1048576,MATCH($B10,城镇化率!$A:$A,0),MATCH(AV$1,城镇化率!$5:$5,0))/100 -> 2350796.9
A11: 河北省 | B11: 承德市 | C11: =VLOOKUP(B11,'[1]2016省城人口总结（根）'!B:C,2,FALSE)/100 -> 0.50348 | D11: =INDEX(人口源表!$1:$1048576,MATCH($B11,人口源表!$A:$A,0),MATCH(D$1,人口源表!$1:$1,0))*INDEX(城镇化率!$1:$1048576,MATCH($B11,城镇化率!$A:$A,0),MATCH(D$1,城镇化率!$5:$5,0))/100 -> 1812312.7 | E11: =INDEX(人口源表!$1:$1048576,MATCH($B11,人口源表!$A:$A,0),MATCH(E$1,人口源表!$1:$1,0))*INDEX(城镇化率!$1:$1048576,MATCH($B11,城镇化率!$A:$A,0),MATCH(E$1,城镇化率!$5:$5,0))/100 -> 1850422.8 | F11: =INDEX(人口源表!$1:$1048576,MATCH($B11,人口源表!$A:$A,0),MATCH(F$1,人口源表!$1:$1,0))*INDEX(城镇化率!$1:$1048576,MATCH($B11,城镇化率!$A:$A,0),MATCH(F$1,城镇化率!$5:$5,0))/100 -> 1888454.2 | G11: =INDEX(人口源表!$1:$1048576,MATCH($B11,人口源表!$A:$A,0),MATCH(G$1,人口源表!$1:$1,0))*INDEX(城镇化率!$1:$1048576,MATCH($B11,城镇化率!$A:$A,0),MATCH(G$1,城镇化率!$5:$5,0))/100 -> 1769867 | H11: =INDEX(人口源表!$1:$1048576,MATCH($B11,人口源表!$A:$A,0),MATCH(H$1,人口源表!$1:$1,0))*INDEX(城镇化率!$1:$1048576,MATCH($B11,城镇化率!$A:$A,0),MATCH(H$1,城镇化率!$5:$5,0))/100 -> 1806631.4 | I11: =INDEX(人口源表!$1:$1048576,MATCH($B11,人口源表!$A:$A,0),MATCH(I$1,人口源表!$1:$1,0))*INDEX(城镇化率!$1:$1048576,MATCH($B11,城镇化率!$A:$A,0),MATCH(I$1,城镇化率!$5:$5,0))/100 -> 1831284 | J11: =INDEX(人口源表!$1:$1048576,MATCH($B11,人口源表!$A:$A,0),MATCH(J$1,人口源表!$1:$1,0))*INDEX(城镇化率!$1:$1048576,MATCH($B11,城镇化率!$A:$A,0),MATCH(J$1,城镇化率!$5:$5,0))/100 -> 1856010.1 | K11: =INDEX(人口源表!$1:$1048576,MATCH($B11,人口源表!$A:$A,0),MATCH(K$1,人口源表!$1:$1,0))*INDEX(城镇化率!$1:$1048576,MATCH($B11,城镇化率!$A:$A,0),MATCH(K$1,城镇化率!$5:$5,0))/100 -> 1880707.3 | ... AV11: =INDEX(人口源表!$1:$1048576,MATCH($B11,人口源表!$A:$A,0),MATCH(AV$1,人口源表!$1:$1,0))*INDEX(城镇化率!$1:$1048576,MATCH($B11,城镇化率!$A:$A,0),MATCH(AV$1,城镇化率!$5:$5,0))/100 -> 2022283.2
A12: 河北省 | B12: 沧州市 | C12: =VLOOKUP(B12,'[1]2016省城人口总结（根）'!B:C,2,FALSE)/100 -> 0.5568 | D12: =INDEX(人口源表!$1:$1048576,MATCH($B12,人口源表!$A:$A,0),MATCH(D$1,人口源表!$1:$1,0))*INDEX(城镇化率!$1:$1048576,MATCH($B12,城镇化率!$A:$A,0),MATCH(D$1,城镇化率!$5:$5,0))/100 -> 4151731.8 | E12: =INDEX(人口源表!$1:$1048576,MATCH($B12,人口源表!$A:$A,0),MATCH(E$1,人口源表!$1:$1,0))*INDEX(城镇化率!$1:$1048576,MATCH($B12,城镇化率!$A:$A,0),MATCH(E$1,城镇化率!$5:$5,0))/100 -> 4243689.1 | F12: =INDEX(人口源表!$1:$1048576,MATCH($B12,人口源表!$A:$A,0),MATCH(F$1,人口源表!$1:$1,0))*INDEX(城镇化率!$1:$1048576,MATCH($B12,城镇化率!$A:$A,0),MATCH(F$1,城镇化率!$5:$5,0))/100 -> 4335319.5 | G12: =INDEX(人口源表!$1:$1048576,MATCH($B12,人口源表!$A:$A,0),MATCH(G$1,人口源表!$1:$1,0))*INDEX(城镇化率!$1:$1048576,MATCH($B12,城镇化率!$A:$A,0),MATCH(G$1,城镇化率!$5:$5,0))/100 -> 4256024.3 | H12: =INDEX(人口源表!$1:$1048576,MATCH($B12,人口源表!$A:$A,0),MATCH(H$1,人口源表!$1:$1,0))*INDEX(城镇化率!$1:$1048576,MATCH($B12,城镇化率!$A:$A,0),MATCH(H$1,城镇化率!$5:$5,0))/100 -> 4348447.4 | I12: =INDEX(人口源表!$1:$1048576,MATCH($B12,人口源表!$A:$A,0),MATCH(I$1,人口源表!$1:$1,0))*INDEX(城镇化率!$1:$1048576,MATCH($B12,城镇化率!$A:$A,0),MATCH(I$1,城镇化率!$5:$5,0))/100 -> 4411639.8 | J12: =INDEX(人口源表!$1:$1048576,MATCH($B12,人口源表!$A:$A,0),MATCH(J$1,人口源表!$1:$1,0))*INDEX(城镇化率!$1:$1048576,MATCH($B12,城镇化率!$A:$A,0),MATCH(J$1,城镇化率!$5:$5,0))/100 -> 4474969.8 | K12: =INDEX(人口源表!$1:$1048576,MATCH($B12,人口源表!$A:$A,0),MATCH(K$1,人口源表!$1:$1,0))*INDEX(城镇化率!$1:$1048576,MATCH($B12,城镇化率!$A:$A,0),MATCH(K$1,城镇化率!$5:$5,0))/100 -> 4538261.1 | ... AV12: =INDEX(人口源表!$1:$1048576,MATCH($B12,人口源表!$A:$A,0),MATCH(AV$1,人口源表!$1:$1,0))*INDEX(城镇化率!$1:$1048576,MATCH($B12,城镇化率!$A:$A,0),MATCH(AV$1,城镇化率!$5:$5,0))/100 -> 5176699.1
A13: 河北省 | B13: 廊坊市 | C13: =VLOOKUP(B13,'[1]2016省城人口总结（根）'!B:C,2,FALSE)/100 -> 0.58346 | D13: =INDEX(人口源表!$1:$1048576,MATCH($B13,人口源表!$A:$A,0),MATCH(D$1,人口源表!$1:$1,0))*INDEX(城镇化率!$1:$1048576,MATCH($B13,城镇化率!$A:$A,0),MATCH(D$1,城镇化率!$5:$5,0))/100 -> 2679841 | E13: =INDEX(人口源表!$1:$1048576,MATCH($B13,人口源表!$A:$A,0),MATCH(E$1,人口源表!$1:$1,0))*INDEX(城镇化率!$1:$1048576,MATCH($B13,城镇化率!$A:$A,0),MATCH(E$1,城镇化率!$5:$5,0))/100 -> 2744413.8 | F13: =INDEX(人口源表!$1:$1048576,MATCH($B13,人口源表!$A:$A,0),MATCH(F$1,人口源表!$1:$1,0))*INDEX(城镇化率!$1:$1048576,MATCH($B13,城镇化率!$A:$A,0),MATCH(F$1,城镇化率!$5:$5,0))/100 -> 2808919.9 | G13: =INDEX(人口源表!$1:$1048576,MATCH($B13,人口源表!$A:$A,0),MATCH(G$1,人口源表!$1:$1,0))*INDEX(城镇化率!$1:$1048576,MATCH($B13,城镇化率!$A:$A,0),MATCH(G$1,城镇化率!$5:$5,0))/100 -> 3323369.8 | H13: =INDEX(人口源表!$1:$1048576,MATCH($B13,人口源表!$A:$A,0),MATCH(H$1,人口源表!$1:$1,0))*INDEX(城镇化率!$1:$1048576,MATCH($B13,城镇化率!$A:$A,0),MATCH(H$1,城镇化率!$5:$5,0))/100 -> 3410352.6 | I13: =INDEX(人口源表!$1:$1048576,MATCH($B13,人口源表!$A:$A,0),MATCH(I$1,人口源表!$1:$1,0))*INDEX(城镇化率!$1:$1048576,MATCH($B13,城镇化率!$A:$A,0),MATCH(I$1,城镇化率!$5:$5,0))/100 -> 3471870.4 | J13: =INDEX(人口源表!$1:$1048576,MATCH($B13,人口源表!$A:$A,0),MATCH(J$1,人口源表!$1:$1,0))*INDEX(城镇化率!$1:$1048576,MATCH($B13,城镇化率!$A:$A,0),MATCH(J$1,城镇化率!$5:$5,0))/100 -> 3531081.8 | K13: =INDEX(人口源表!$1:$1048576,MATCH($B13,人口源表!$A:$A,0),MATCH(K$1,人口源表!$1:$1,0))*INDEX(城镇化率!$1:$1048576,MATCH($B13,城镇化率!$A:$A,0),MATCH(K$1,城镇化率!$5:$5,0))/100 -> 3588071.5 | ... AV13: =INDEX(人口源表!$1:$1048576,MATCH($B13,人口源表!$A:$A,0),MATCH(AV$1,人口源表!$1:$1,0))*INDEX(城镇化率!$1:$1048576,MATCH($B13,城镇化率!$A:$A,0),MATCH(AV$1,城镇化率!$5:$5,0))/100 -> 4074264.8
... A368: 西藏自治区 | B368: 阿里地区 | C368: =VLOOKUP(B368,'[1]2016省城人口总结（根）'!B:C,2,FALSE)/100 -> 0.3136 | D368: =INDEX(人口源表!$1:$1048576,MATCH($B368,人口源表!$A:$A,0),MATCH(D$1,人口源表!$1:$1,0))*INDEX(城镇化率!$1:$1048576,MATCH($B368,城镇化率!$A:$A,0),MATCH(D$1,城镇化率!$5:$5,0))/100 -> 31922.482 | E368: =INDEX(人口源表!$1:$1048576,MATCH($B368,人口源表!$A:$A,0),MATCH(E$1,人口源表!$1:$1,0))*INDEX(城镇化率!$1:$1048576,MATCH($B368,城镇化率!$A:$A,0),MATCH(E$1,城镇化率!$5:$5,0))/100 -> 32750.647 | F368: =INDEX(人口源表!$1:$1048576,MATCH($B368,人口源表!$A:$A,0),MATCH(F$1,人口源表!$1:$1,0))*INDEX(城镇化率!$1:$1048576,MATCH($B368,城镇化率!$A:$A,0),MATCH(F$1,城镇化率!$5:$5,0))/100 -> 33588.535 | G368: =INDEX(人口源表!$1:$1048576,MATCH($B368,人口源表!$A:$A,0),MATCH(G$1,人口源表!$1:$1,0))*INDEX(城镇化率!$1:$1048576,MATCH($B368,城镇化率!$A:$A,0),MATCH(G$1,城镇化率!$5:$5,0))/100 -> 40288.757 | H368: =INDEX(人口源表!$1:$1048576,MATCH($B368,人口源表!$A:$A,0),MATCH(H$1,人口源表!$1:$1,0))*INDEX(城镇化率!$1:$1048576,MATCH($B368,城镇化率!$A:$A,0),MATCH(H$1,城镇化率!$5:$5,0))/100 -> 41364.664 | I368: =INDEX(人口源表!$1:$1048576,MATCH($B368,人口源表!$A:$A,0),MATCH(I$1,人口源表!$1:$1,0))*INDEX(城镇化率!$1:$1048576,MATCH($B368,城镇化率!$A:$A,0),MATCH(I$1,城镇化率!$5:$5,0))/100 -> 42193.396 | J368: =INDEX(人口源表!$1:$1048576,MATCH($B368,人口源表!$A:$A,0),MATCH(J$1,人口源表!$1:$1,0))*INDEX(城镇化率!$1:$1048576,MATCH($B368,城镇化率!$A:$A,0),MATCH(J$1,城镇化率!$5:$5,0))/100 -> 43051.336 | K368: =INDEX(人口源表!$1:$1048576,MATCH($B368,人口源表!$A:$A,0),MATCH(K$1,人口源表!$1:$1,0))*INDEX(城镇化率!$1:$1048576,MATCH($B368,城镇化率!$A:$A,0),MATCH(K$1,城镇化率!$5:$5,0))/100 -> 43934.66 | ... AV368: =INDEX(人口源表!$1:$1048576,MATCH($B368,人口源表!$A:$A,0),MATCH(AV$1,人口源表!$1:$1,0))*INDEX(城镇化率!$1:$1048576,MATCH($B368,城镇化率!$A:$A,0),MATCH(AV$1,城镇化率!$5:$5,0))/100 -> 62115.967
B370: 总人口 | D370: =SUM(D$2:D$368) -> 8.1491313e+08 | E370: =SUM(E$2:E$368) -> 8.3338992e+08 | F370: =SUM(F$2:F$368) -> 8.5189311e+08 | G370: =SUM(G$2:G$368) -> 8.7964588e+08 | H370: =SUM(H$2:H$368) -> 9.0152919e+08 | I370: =SUM(I$2:I$368) -> 9.1682222e+08 | J370: =SUM(J$2:J$368) -> 9.3163171e+08 | K370: =SUM(K$2:K$368) -> 9.4596247e+08 | ... AV370: =SUM(AV$2:AV$368) -> 1.0252438e+09

Sheet 农村人口
A1: Province | B1: City | C1: 2016城镇化率 | D1: 2016 | E1: 2017 | F1: 2018 | G1: 2019 | H1: 2020 | I1: 2021 | J1: 2022 | K1: 2023 | L1: 2024 | M1: 2025 | N1: 2026 | O1: 2027 | P1: 2028 | Q1: 2029 | R1: 2030 | S1: 2031 | T1: 2032 | U1: 2033 | V1: 2034 | W1: 2035 | X1: 2036 | Y1: 2037 | Z1: 2038 | AA1: 2039 | AB1: 2040 | AC1: 2041 | AD1: 2042 | AE1: 2043 | AF1: 2044 | AG1: 2045 | AH1: 2046 | AI1: 2047 | AJ1: 2048 | AK1: 2049 | AL1: 2050 | AM1: 2051 | AN1: 2052 | AO1: 2053 | AP1: 2054 | AQ1: 2055 | AR1: 2056 | AS1: 2057 | AT1: 2058 | AU1: 2059 | AV1: 2060
A2: 北京市 | B2: 北京市 | C2: =VLOOKUP(B2,'[1]2016省城人口总结（根）'!B:C,2,FALSE)/100 -> 0.8786 | D2: =INDEX(人口源表!$1:$1048576,MATCH($B2,人口源表!$A:$A,0),MATCH(D$1,人口源表!$1:$1,0))-INDEX(城镇人口!$1:$1048576,MATCH($B2,城镇人口!$B:$B,0),MATCH(D$1,城镇人口!$1:$1,0)) -> 2534445.7 | E2: =INDEX(人口源表!$1:$1048576,MATCH($B2,人口源表!$A:$A,0),MATCH(E$1,人口源表!$1:$1,0))-INDEX(城镇人口!$1:$1048576,MATCH($B2,城镇人口!$B:$B,0),MATCH(E$1,城镇人口!$1:$1,0)) -> 2240127.5 | F2: =INDEX(人口源表!$1:$1048576,MATCH($B2,人口源表!$A:$A,0),MATCH(F$1,人口源表!$1:$1,0))-INDEX(城镇人口!$1:$1048576,MATCH($B2,城镇人口!$B:$B,0),MATCH(F$1,城镇人口!$1:$1,0)) -> 1933879.2 | G2: =INDEX(人口源表!$1:$1048576,MATCH($B2,人口源表!$A:$A,0),MATCH(G$1,人口源表!$1:$1,0))-INDEX(城镇人口!$1:$1048576,MATCH($B2,城镇人口!$B:$B,0),MATCH(G$1,城镇人口!$1:$1,0)) -> 1640239.9 | H2: =INDEX(人口源表!$1:$1048576,MATCH($B2,人口源表!$A:$A,0),MATCH(H$1,人口源表!$1:$1,0))-INDEX(城镇人口!$1:$1048576,MATCH($B2,城镇人口!$B:$B,0),MATCH(H$1,城镇人口!$1:$1,0)) -> 1314997.1 | I2: =INDEX(人口源表!$1:$1048576,MATCH($B2,人口源表!$A:$A,0),MATCH(I$1,人口源表!$1:$1,0))-INDEX(城镇人口!$1:$1048576,MATCH($B2,城镇人口!$B:$B,0),MATCH(I$1,城镇人口!$1:$1,0)) -> 1119427.8 | J2: =INDEX(人口源表!$1:$1048576,MATCH($B2,人口源表!$A:$A,0),MATCH(J$1,人口源表!$1:$1,0))-INDEX(城镇人口!$1:$1048576,MATCH($B2,城镇人口!$B:$B,0),MATCH(J$1,城镇人口!$1:$1,0)) -> 916155.94 | K2: =INDEX(人口源表!$1:$1048576,MATCH($B2,人口源表!$A:$A,0),MATCH(K$1,人口源表!$1:$1,0))-INDEX(城镇人口!$1:$1048576,MATCH($B2,城镇人口!$B:$B,0),MATCH(K$1,城镇人口!$1:$1,0)) -> 706513.89 | ... AV2: =INDEX(人口源表!$1:$1048576,MATCH($B2,人口源表!$A:$A,0),MATCH(AV$1,人口源表!$1:$1,0))-INDEX(城镇人口!$1:$1048576,MATCH($B2,城镇人口!$B:$B,0),MATCH(AV$1,城镇人口!$1:$1,0)) -> 0
A3: 天津市 | B3: 天津市 | C3: =VLOOKUP(B3,'[1]2016省城人口总结（根）'!B:C,2,FALSE)/100 -> 0.8429 | D3: =INDEX(人口源表!$1:$1048576,MATCH($B3,人口源表!$A:$A,0),MATCH(D$1,人口源表!$1:$1,0))-INDEX(城镇人口!$1:$1048576,MATCH($B3,城镇人口!$B:$B,0),MATCH(D$1,城镇人口!$1:$1,0)) -> 2131428.1 | E3: =INDEX(人口源表!$1:$1048576,MATCH($B3,人口源表!$A:$A,0),MATCH(E$1,人口源表!$1:$1,0))-INDEX(城镇人口!$1:$1048576,MATCH($B3,城镇人口!$B:$B,0),MATCH(E$1,城镇人口!$1:$1,0)) -> 1949248.8 | F3: =INDEX(人口源表!$1:$1048576,MATCH($B3,人口源表!$A:$A,0),MATCH(F$1,人口源表!$1:$1,0))-INDEX(城镇人口!$1:$1048576,MATCH($B3,城镇人口!$B:$B,0),MATCH(F$1,城镇人口!$1:$1,0)) -> 1760155.4 | G3: =INDEX(人口源表!$1:$1048576,MATCH($B3,人口源表!$A:$A,0),MATCH(G$1,人口源表!$1:$1,0))-INDEX(城镇人口!$1:$1048576,MATCH($B3,城镇人口!$B:$B,0),MATCH(G$1,城镇人口!$1:$1,0)) -> 1557277.6 | H3: =INDEX(人口源表!$1:$1048576,MATCH($B3,人口源表!$A:$A,0),MATCH(H$1,人口源表!$1:$1,0))-INDEX(城镇人口!$1:$1048576,MATCH($B3,城镇人口!$B:$B,0),MATCH(H$1,城镇人口!$1:$1,0)) -> 1362392.2 | I3: =INDEX(人口源表!$1:$1048576,MATCH($B3,人口源表!$A:$A,0),MATCH(I$1,人口源表!$1:$1,0))-INDEX(城镇人口!$1:$1048576,MATCH($B3,城镇人口!$B:$B,0),MATCH(I$1,城镇人口!$1:$1,0)) -> 1246348.7 | J3: =INDEX(人口源表!$1:$1048576,MATCH($B3,人口源表!$A:$A,0),MATCH(J$1,人口源表!$1:$1,0))-INDEX(城镇人口!$1:$1048576,MATCH($B3,城镇人口!$B:$B,0),MATCH(J$1,城镇人口!$1:$1,0)) -> 1125376.6 | K3: =INDEX(人口源表!$1:$1048576,MATCH($B3,人口源表!$A:$A,0),MATCH(K$1,人口源表!$1:$1,0))-INDEX(城镇人口!$1:$1048576,MATCH($B3,城镇人口!$B:$B,0),MATCH(K$1,城镇人口!$1:$1,0)) -> 1000211.5 | ... AV3: =INDEX(人口源表!$1:$1048576,MATCH($B3,人口源表!$A:$A,0),MATCH(AV$1,人口源表!$1:$1,0))-INDEX(城镇人口!$1:$1048576,MATCH($B3,城镇人口!$B:$B,0),MATCH(AV$1,城镇人口!$1:$1,0)) -> 0
A4: 河北省 | B4: 石家庄市 | C4: =VLOOKUP(B4,'[1]2016省城人口总结（根）'!B:C,2,FALSE)/100 -> 0.58346 | D4: =INDEX(人口源表!$1:$1048576,MATCH($B4,人口源表!$A:$A,0),MATCH(D$1,人口源表!$1:$1,0))-INDEX(城镇人口!$1:$1048576,MATCH($B4,城镇人口!$B:$B,0),MATCH(D$1,城镇人口!$1:$1,0)) -> 4451417.6 | E4: =INDEX(人口源表!$1:$1048576,MATCH($B4,人口源表!$A:$A,0),MATCH(E$1,人口源表!$1:$1,0))-INDEX(城镇人口!$1:$1048576,MATCH($B4,城镇人口!$B:$B,0),MATCH(E$1,城镇人口!$1:$1,0)) -> 4374834.5 | F4: =INDEX(人口源表!$1:$1048576,MATCH($B4,人口源表!$A:$A,0),MATCH(F$1,人口源表!$1:$1,0))-INDEX(城镇人口!$1:$1048576,MATCH($B4,城镇人口!$B:$B,0),MATCH(F$1,城镇人口!$1:$1,0)) -> 4292833.5 | G4: =INDEX(人口源表!$1:$1048576,MATCH($B4,人口源表!$A:$A,0),MATCH(G$1,人口源表!$1:$1,0))-INDEX(城镇人口!$1:$1048576,MATCH($B4,城镇人口!$B:$B,0),MATCH(G$1,城镇人口!$1:$1,0)) -> 4300963.9 | H4: =INDEX(人口源表!$1:$1048576,MATCH($B4,人口源表!$A:$A,0),MATCH(H$1,人口源表!$1:$1,0))-INDEX(城镇人口!$1:$1048576,MATCH($B4,城镇人口!$B:$B,0),MATCH(H$1,城镇人口!$1:$1,0)) -> 4221922.2 | I4: =INDEX(人口源表!$1:$1048576,MATCH($B4,人口源表!$A:$A,0),MATCH(I$1,人口源表!$1:$1,0))-INDEX(城镇人口!$1:$1048576,MATCH($B4,城镇人口!$B:$B,0),MATCH(I$1,城镇人口!$1:$1,0)) -> 4184442.3 | J4: =INDEX(人口源表!$1:$1048576,MATCH($B4,人口源表!$A:$A,0),MATCH(J$1,人口源表!$1:$1,0))-INDEX(城镇人口!$1:$1048576,MATCH($B4,城镇人口!$B:$B,0),MATCH(J$1,城镇人口!$1:$1,0)) -> 4141450.5 | K4: =INDEX(人口源表!$1:$1048576,MATCH($B4,人口源表!$A:$A,0),MATCH(K$1,人口源表!$1:$1,0))-INDEX(城镇人口!$1:$1048576,MATCH($B4,城镇人口!$B:$B,0),MATCH(K$1,城镇人口!$1:$1,0)) -> 4093305 | ... AV4: =INDEX(人口源表!$1:$1048576,MATCH($B4,人口源表!$A:$A,0),MATCH(AV$1,人口源表!$1:$1,0))-INDEX(城镇人口!$1:$1048576,MATCH($B4,城镇人口!$B:$B,0),MATCH(AV$1,城镇人口!$1:$1,0)) -> 2350878
A5: 河北省 | B5: 唐山市 | C5: =VLOOKUP(B5,'[1]2016省城人口总结（根）'!B:C,2,FALSE)/100 -> 0.5568 | D5: =INDEX(人口源表!$1:$1048576,MATCH($B5,人口源表!$A:$A,0),MATCH(D$1,人口源表!$1:$1,0))-INDEX(城镇人口!$1:$1048576,MATCH($B5,城镇人口!$B:$B,0),MATCH(D$1,城镇人口!$1:$1,0)) -> 3490080.9 | E5: =INDEX(人口源表!$1:$1048576,MATCH($B5,人口源表!$A:$A,0),MATCH(E$1,人口源表!$1:$1,0))-INDEX(城镇人口!$1:$1048576,MATCH($B5,城镇人口!$B:$B,0),MATCH(E$1,城镇人口!$1:$1,0)) -> 3430683.5 | F5: =INDEX(人口源表!$1:$1048576,MATCH($B5,人口源表!$A:$A,0),MATCH(F$1,人口源表!$1:$1,0))-INDEX(城镇人口!$1:$1048576,MATCH($B5,城镇人口!$B:$B,0),MATCH(F$1,城镇人口!$1:$1,0)) -> 3367482.6 | G5: =INDEX(人口源表!$1:$1048576,MATCH($B5,人口源表!$A:$A,0),MATCH(G$1,人口源表!$1:$1,0))-INDEX(城镇人口!$1:$1048576,MATCH($B5,城镇人口!$B:$B,0),MATCH(G$1,城镇人口!$1:$1,0)) -> 3181338.6 | H5: =INDEX(人口源表!$1:$1048576,MATCH($B5,人口源表!$A:$A,0),MATCH(H$1,人口源表!$1:$1,0))-INDEX(城镇人口!$1:$1048576,MATCH($B5,城镇人口!$B:$B,0),MATCH(H$1,城镇人口!$1:$1,0)) -> 3120291.2 | I5: =INDEX(人口源表!$1:$1048576,MATCH($B5,人口源表!$A:$A,0),MATCH(I$1,人口源表!$1:$1,0))-INDEX(城镇人口!$1:$1048576,MATCH($B5,城镇人口!$B:$B,0),MATCH(I$1,城镇人口!$1:$1,0)) -> 3087344.1 | J5: =INDEX(人口源表!$1:$1048576,MATCH($B5,人口源表!$A:$A,0),MATCH(J$1,人口源表!$1:$1,0))-INDEX(城镇人口!$1:$1048576,MATCH($B5,城镇人口!$B:$B,0),MATCH(J$1,城镇人口!$1:$1,0)) -> 3051431.6 | K5: =INDEX(人口源表!$1:$1048576,MATCH($B5,人口源表!$A:$A,0),MATCH(K$1,人口源表!$1:$1,0))-INDEX(城镇人口!$1:$1048576,MATCH($B5,城镇人口!$B:$B,0),MATCH(K$1,城镇人口!$1:$1,0)) -> 3012711.1 | ... AV5: =INDEX(人口源表!$1:$1048576,MATCH($B5,人口源表!$A:$A,0),MATCH(AV$1,人口源表!$1:$1,0))-INDEX(城镇人口!$1:$1048576,MATCH($B5,城镇人口!$B:$B,0),MATCH(AV$1,城镇人口!$1:$1,0)) -> 1691582.5
A6: 河北省 | B6: 秦皇岛市 | C6: =VLOOKUP(B6,'[1]2016省城人口总结（根）'!B:C,2,FALSE)/100 -> 0.5568 | D6: =INDEX(人口源表!$1:$1048576,MATCH($B6,人口源表!$A:$A,0),MATCH(D$1,人口源表!$1:$1,0))-INDEX(城镇人口!$1:$1048576,MATCH($B6,城镇人口!$B:$B,0),MATCH(D$1,城镇人口!$1:$1,0)) -> 1376683.4 | E6: =INDEX(人口源表!$1:$1048576,MATCH($B6,人口源表!$A:$A,0),MATCH(E$1,人口源表!$1:$1,0))-INDEX(城镇人口!$1:$1048576,MATCH($B6,城镇人口!$B:$B,0),MATCH(E$1,城镇人口!$1:$1,0)) -> 1353710.8 | F6: =INDEX(人口源表!$1:$1048576,MATCH($B6,人口源表!$A:$A,0),MATCH(F$1,人口源表!$1:$1,0))-INDEX(城镇人口!$1:$1048576,MATCH($B6,城镇人口!$B:$B,0),MATCH(F$1,城镇人口!$1:$1,0)) -> 1329253.6 | G6: =INDEX(人口源表!$1:$1048576,MATCH($B6,人口源表!$A:$A,0),MATCH(G$1,人口源表!$1:$1,0))-INDEX(城镇人口!$1:$1048576,MATCH($B6,城镇人口!$B:$B,0),MATCH(G$1,城镇人口!$1:$1,0)) -> 1291825.2 | H6: =INDEX(人口源表!$1:$1048576,MATCH($B6,人口源表!$A:$A,0),MATCH(H$1,人口源表!$1:$1,0))-INDEX(城镇人口!$1:$1048576,MATCH($B6,城镇人口!$B:$B,0),MATCH(H$1,城镇人口!$1:$1,0)) -> 1268208.4 | I6: =INDEX(人口源表!$1:$1048576,MATCH($B6,人口源表!$A:$A,0),MATCH(I$1,人口源表!$1:$1,0))-INDEX(城镇人口!$1:$1048576,MATCH($B6,城镇人口!$B:$B,0),MATCH(I$1,城镇人口!$1:$1,0)) -> 1255801.5 | J6: =INDEX(人口源表!$1:$1048576,MATCH($B6,人口源表!$A:$A,0),MATCH(J$1,人口源表!$1:$1,0))-INDEX(城镇人口!$1:$1048576,MATCH($B6,城镇人口!$B:$B,0),MATCH(J$1,城镇人口!$1:$1,0)) -> 1242013.7 | K6: =INDEX(人口源表!$1:$1048576,MATCH($B6,人口源表!$A:$A,0),MATCH(K$1,人口源表!$1:$1,0))-INDEX(城镇人口!$1:$1048576,MATCH($B6,城镇人口!$B:$B,0),MATCH(K$1,城镇人口!$1:$1,0)) -> 1226930.2 | ... AV6: =INDEX(人口源表!$1:$1048576,MATCH($B6,人口源表!$A:$A,0),MATCH(AV$1,人口源表!$1:$1,0))-INDEX(城镇人口!$1:$1048576,MATCH($B6,城镇人口!$B:$B,0),MATCH(AV$1,城镇人口!$1:$1,0)) -> 696051.25
A7: 河北省 | B7: 邯郸市 | C7: =VLOOKUP(B7,'[1]2016省城人口总结（根）'!B:C,2,FALSE)/100 -> 0.5568 | D7: =INDEX(人口源表!$1:$1048576,MATCH($B7,人口源表!$A:$A,0),MATCH(D$1,人口源表!$1:$1,0))-INDEX(城镇人口!$1:$1048576,MATCH($B7,城镇人口!$B:$B,0),MATCH(D$1,城镇人口!$1:$1,0)) -> 4287147.7 | E7: =INDEX(人口源表!$1:$1048576,MATCH($B7,人口源表!$A:$A,0),MATCH(E$1,人口源表!$1:$1,0))-INDEX(城镇人口!$1:$1048576,MATCH($B7,城镇人口!$B:$B,0),MATCH(E$1,城镇人口!$1:$1,0)) -> 4220632.3 | F7: =INDEX(人口源表!$1:$1048576,MATCH($B7,人口源表!$A:$A,0),MATCH(F$1,人口源表!$1:$1,0))-INDEX(城镇人口!$1:$1048576,MATCH($B7,城镇人口!$B:$B,0),MATCH(F$1,城镇人口!$1:$1,0)) -> 4149173 | G7: =INDEX(人口源表!$1:$1048576,MATCH($B7,人口源表!$A:$A,0),MATCH(G$1,人口源表!$1:$1,0))-INDEX(城镇人口!$1:$1048576,MATCH($B7,城镇人口!$B:$B,0),MATCH(G$1,城镇人口!$1:$1,0)) -> 3880458.3 | H7: =INDEX(人口源表!$1:$1048576,MATCH($B7,人口源表!$A:$A,0),MATCH(H$1,人口源表!$1:$1,0))-INDEX(城镇人口!$1:$1048576,MATCH($B7,城镇人口!$B:$B,0),MATCH(H$1,城镇人口!$1:$1,0)) -> 3806117.7 | I7: =INDEX(人口源表!$1:$1048576,MATCH($B7,人口源表!$A:$A,0),MATCH(I$1,人口源表!$1:$1,0))-INDEX(城镇人口!$1:$1048576,MATCH($B7,城镇人口!$B:$B,0),MATCH(I$1,城镇人口!$1:$1,0)) -> 3769506.7 | J7: =INDEX(人口源表!$1:$1048576,MATCH($B7,人口源表!$A:$A,0),MATCH(J$1,人口源表!$1:$1,0))-INDEX(城镇人口!$1:$1048576,MATCH($B7,城镇人口!$B:$B,0),MATCH(J$1,城镇人口!$1:$1,0)) -> 3732230.1 | K7: =INDEX(人口源表!$1:$1048576,MATCH($B7,人口源表!$A:$A,0),MATCH(K$1,人口源表!$1:$1,0))-INDEX(城镇人口!$1:$1048576,MATCH($B7,城镇人口!$B:$B,0),MATCH(K$1,城镇人口!$1:$1,0)) -> 3694010.5 | ... AV7: =INDEX(人口源表!$1:$1048576,MATCH($B7,人口源表!$A:$A,0),MATCH(AV$1,人口源表!$1:$1,0))-INDEX(城镇人口!$1:$1048576,MATCH($B7,城镇人口!$B:$B,0),MATCH(AV$1,城镇人口!$1:$1,0)) -> 2442883.5
A8: 河北省 | B8: 邢台市 | C8: =VLOOKUP(B8,'[1]2016省城人口总结（根）'!B:C,2,FALSE)/100 -> 0.5568 | D8: =INDEX(人口源表!$1:$1048576,MATCH($B8,人口源表!$A:$A,0),MATCH(D$1,人口源表!$1:$1,0))-INDEX(城镇人口!$1:$1048576,MATCH($B8,城镇人口!$B:$B,0),MATCH(D$1,城镇人口!$1:$1,0)) -> 3316192.1 | E8: =INDEX(人口源表!$1:$1048576,MATCH($B8,人口源表!$A:$A,0),MATCH(E$1,人口源表!$1:$1,0))-INDEX(城镇人口!$1:$1048576,MATCH($B8,城镇人口!$B:$B,0),MATCH(E$1,城镇人口!$1:$1,0)) -> 3266609.4 | F8: =INDEX(人口源表!$1:$1048576,MATCH($B8,人口源表!$A:$A,0),MATCH(F$1,人口源表!$1:$1,0))-INDEX(城镇人口!$1:$1048576,MATCH($B8,城镇人口!$B:$B,0),MATCH(F$1,城镇人口!$1:$1,0)) -> 3213257.7 | G8: =INDEX(人口源表!$1:$1048576,MATCH($B8,人口源表!$A:$A,0),MATCH(G$1,人口源表!$1:$1,0))-INDEX(城镇人口!$1:$1048576,MATCH($B8,城镇人口!$B:$B,0),MATCH(G$1,城镇人口!$1:$1,0)) -> 2924471.7 | H8: =INDEX(人口源表!$1:$1048576,MATCH($B8,人口源表!$A:$A,0),MATCH(H$1,人口源表!$1:$1,0))-INDEX(城镇人口!$1:$1048576,MATCH($B8,城镇人口!$B:$B,0),MATCH(H$1,城镇人口!$1:$1,0)) -> 2875039.1 | I8: =INDEX(人口源表!$1:$1048576,MATCH($B8,人口源表!$A:$A,0),MATCH(I$1,人口源表!$1:$1,0))-INDEX(城镇人口!$1:$1048576,MATCH($B8,城镇人口!$B:$B,0),MATCH(I$1,城镇人口!$1:$1,0)) -> 2852169.1 | J8: =INDEX(人口源表!$1:$1048576,MATCH($B8,人口源表!$A:$A,0),MATCH(J$1,人口源表!$1:$1,0))-INDEX(城镇人口!$1:$1048576,MATCH($B8,城镇人口!$B:$B,0),MATCH(J$1,城镇人口!$1:$1,0)) -> 2827162.6 | K8: =INDEX(人口源表!$1:$1048576,MATCH($B8,人口源表!$A:$A,0),MATCH(K$1,人口源表!$1:$1,0))-INDEX(城镇人口!$1:$1048576,MATCH($B8,城镇人口!$B:$B,0),MATCH(K$1,城镇人口!$1:$1,0)) -> 2800031.5 | ... AV8: =INDEX(人口源表!$1:$1048576,MATCH($B8,人口源表!$A:$A,0),MATCH(AV$1,人口源表!$1:$1,0))-INDEX(城镇人口!$1:$1048576,MATCH($B8,城镇人口!$B:$B,0),MATCH(AV$1,城镇人口!$1:$1,0)) -> 1799157.8
A9: 河北省 | B9: 保定市 | C9: =VLOOKUP(B9,'[1]2016省城人口总结（根）'!B:C,2,FALSE)/100 -> 0.58346 | D9: =INDEX(人口源表!$1:$1048576,MATCH($B9,人口源表!$A:$A,0),MATCH(D$1,人口源表!$1:$1,0))-INDEX(城镇人口!$1:$1048576,MATCH($B9,城镇人口!$B:$B,0),MATCH(D$1,城镇人口!$1:$1,0)) -> 4884740.5 | E9: =INDEX(人口源表!$1:$1048576,MATCH($B9,人口源表!$A:$A,0),MATCH(E$1,人口源表!$1:$1,0))-INDEX(城镇人口!$1:$1048576,MATCH($B9,城镇人口!$B:$B,0),MATCH(E$1,城镇人口!$1:$1,0)) -> 4795100.5 | F9: =INDEX(人口源表!$1:$1048576,MATCH($B9,人口源表!$A:$A,0),MATCH(F$1,人口源表!$1:$1,0))-INDEX(城镇人口!$1:$1048576,MATCH($B9,城镇人口!$B:$B,0),MATCH(F$1,城镇人口!$1:$1,0)) -> 4699672 | G9: =INDEX(人口源表!$1:$1048576,MATCH($B9,人口源表!$A:$A,0),MATCH(G$1,人口源表!$1:$1,0))-INDEX(城镇人口!$1:$1048576,MATCH($B9,城镇人口!$B:$B,0),MATCH(G$1,城镇人口!$1:$1,0)) -> 4432584.6 | H9: =INDEX(人口源表!$1:$1048576,MATCH($B9,人口源表!$A:$A,0),MATCH(H$1,人口源表!$1:$1,0))-INDEX(城镇人口!$1:$1048576,MATCH($B9,城镇人口!$B:$B,0),MATCH(H$1,城镇人口!$1:$1,0)) -> 4337986 | I9: =INDEX(人口源表!$1:$1048576,MATCH($B9,人口源表!$A:$A,0),MATCH(I$1,人口源表!$1:$1,0))-INDEX(城镇人口!$1:$1048576,MATCH($B9,城镇人口!$B:$B,0),MATCH(I$1,城镇人口!$1:$1,0)) -> 4289114.4 | J9: =INDEX(人口源表!$1:$1048576,MATCH($B9,人口源表!$A:$A,0),MATCH(J$1,人口源表!$1:$1,0))-INDEX(城镇人口!$1:$1048576,MATCH($B9,城镇人口!$B:$B,0),MATCH(J$1,城镇人口!$1:$1,0)) -> 4237088.9 | K9: =INDEX(人口源表!$1:$1048576,MATCH($B9,人口源表!$A:$A,0),MATCH(K$1,人口源表!$1:$1,0))-INDEX(城镇人口!$1:$1048576,MATCH($B9,城镇人口!$B:$B,0),MATCH(K$1,城镇人口!$1:$1,0)) -> 4181938.9 | ... AV9: =INDEX(人口源表!$1:$1048576,MATCH($B9,人口源表!$A:$A,0),MATCH(AV$1,人口源表!$1:$1,0))-INDEX(城镇人口!$1:$1048576,MATCH($B9,城镇人口!$B:$B,0),MATCH(AV$1,城镇人口!$1:$1,0)) -> 2395409.8
A10: 河北省 | B10: 张家口市 | C10: =VLOOKUP(B10,'[1]2016省城人口总结（根）'!B:C,2,FALSE)/100 -> 0.50348 | D10: =INDEX(人口源表!$1:$1048576,MATCH($B10,人口源表!$A:$A,0),MATCH(D$1,人口源表!$1:$1,0))-INDEX(城镇人口!$1:$1048576,MATCH($B10,城镇人口!$B:$B,0),MATCH(D$1,城镇人口!$1:$1,0)) -> 2217669 | E10: =INDEX(人口源表!$1:$1048576,MATCH($B10,人口源表!$A:$A,0),MATCH(E$1,人口源表!$1:$1,0))-INDEX(城镇人口!$1:$1048576,MATCH($B10,城镇人口!$B:$B,0),MATCH(E$1,城镇人口!$1:$1,0)) -> 2185681.1 | F10: =INDEX(人口源表!$1:$1048576,MATCH($B10,人口源表!$A:$A,0),MATCH(F$1,人口源表!$1:$1,0))-INDEX(城镇人口!$1:$1048576,MATCH($B10,城镇人口!$B:$B,0),MATCH(F$1,城镇人口!$1:$1,0)) -> 2151863.5 | G10: =INDEX(人口源表!$1:$1048576,MATCH($B10,人口源表!$A:$A,0),MATCH(G$1,人口源表!$1:$1,0))-INDEX(城镇人口!$1:$1048576,MATCH($B10,城镇人口!$B:$B,0),MATCH(G$1,城镇人口!$1:$1,0)) -> 1932093.7 | H10: =INDEX(人口源表!$1:$1048576,MATCH($B10,人口源表!$A:$A,0),MATCH(H$1,人口源表!$1:$1,0))-INDEX(城镇人口!$1:$1048576,MATCH($B10,城镇人口!$B:$B,0),MATCH(H$1,城镇人口!$1:$1,0)) -> 1900169.3 | I10: =INDEX(人口源表!$1:$1048576,MATCH($B10,人口源表!$A:$A,0),MATCH(I$1,人口源表!$1:$1,0))-INDEX(城镇人口!$1:$1048576,MATCH($B10,城镇人口!$B:$B,0),MATCH(I$1,城镇人口!$1:$1,0)) -> 1882551.4 | J10: =INDEX(人口源表!$1:$1048576,MATCH($B10,人口源表!$A:$A,0),MATCH(J$1,人口源表!$1:$1,0))-INDEX(城镇人口!$1:$1048576,MATCH($B10,城镇人口!$B:$B,0),MATCH(J$1,城镇人口!$1:$1,0)) -> 1864084.6 | K10: =INDEX(人口源表!$1:$1048576,MATCH($B10,人口源表!$A:$A,0),MATCH(K$1,人口源表!$1:$1,0))-INDEX(城镇人口!$1:$1048576,MATCH($B10,城镇人口!$B:$B,0),MATCH(K$1,城镇人口!$1:$1,0)) -> 1844725.3 | ... AV10: =INDEX(人口源表!$1:$1048576,MATCH($B10,人口源表!$A:$A,0),MATCH(AV$1,人口源表!$1:$1,0))-INDEX(城镇人口!$1:$1048576,MATCH($B10,城镇人口!$B:$B,0),MATCH(AV$1,城镇人口!$1:$1,0)) -> 1135529.1
A11: 河北省 | B11: 承德市 | C11: =VLOOKUP(B11,'[1]2016省城人口总结（根）'!B:C,2,FALSE)/100 -> 0.50348 | D11: =INDEX(人口源表!$1:$1048576,MATCH($B11,人口源表!$A:$A,0),MATCH(D$1,人口源表!$1:$1,0))-INDEX(城镇人口!$1:$1048576,MATCH($B11,城镇人口!$B:$B,0),MATCH(D$1,城镇人口!$1:$1,0)) -> 1787259.7 | E11: =INDEX(人口源表!$1:$1048576,MATCH($B11,人口源表!$A:$A,0),MATCH(E$1,人口源表!$1:$1,0))-INDEX(城镇人口!$1:$1048576,MATCH($B11,城镇人口!$B:$B,0),MATCH(E$1,城镇人口!$1:$1,0)) -> 1763364.9 | F11: =INDEX(人口源表!$1:$1048576,MATCH($B11,人口源表!$A:$A,0),MATCH(F$1,人口源表!$1:$1,0))-INDEX(城镇人口!$1:$1048576,MATCH($B11,城镇人口!$B:$B,0),MATCH(F$1,城镇人口!$1:$1,0)) -> 1737914.9 | G11: =INDEX(人口源表!$1:$1048576,MATCH($B11,人口源表!$A:$A,0),MATCH(G$1,人口源表!$1:$1,0))-INDEX(城镇人口!$1:$1048576,MATCH($B11,城镇人口!$B:$B,0),MATCH(G$1,城镇人口!$1:$1,0)) -> 1571930 | H11: =INDEX(人口源表!$1:$1048576,MATCH($B11,人口源表!$A:$A,0),MATCH(H$1,人口源表!$1:$1,0))-INDEX(城镇人口!$1:$1048576,MATCH($B11,城镇人口!$B:$B,0),MATCH(H$1,城镇人口!$1:$1,0)) -> 1547521.6 | I11: =INDEX(人口源表!$1:$1048576,MATCH($B11,人口源表!$A:$A,0),MATCH(I$1,人口源表!$1:$1,0))-INDEX(城镇人口!$1:$1048576,MATCH($B11,城镇人口!$B:$B,0),MATCH(I$1,城镇人口!$1:$1,0)) -> 1534976 | J11: =INDEX(人口源表!$1:$1048576,MATCH($B11,人口源表!$A:$A,0),MATCH(J$1,人口源表!$1:$1,0))-INDEX(城镇人口!$1:$1048576,MATCH($B11,城镇人口!$B:$B,0),MATCH(J$1,城镇人口!$1:$1,0)) -> 1521921.9 | K11: =INDEX(人口源表!$1:$1048576,MATCH($B11,人口源表!$A:$A,0),MATCH(K$1,人口源表!$1:$1,0))-INDEX(城镇人口!$1:$1048576,MATCH($B11,城镇人口!$B:$B,0),MATCH(K$1,城镇人口!$1:$1,0)) -> 1508283.7 | ... AV11: =INDEX(人口源表!$1:$1048576,MATCH($B11,人口源表!$A:$A,0),MATCH(AV$1,人口源表!$1:$1,0))-INDEX(城镇人口!$1:$1048576,MATCH($B11,城镇人口!$B:$B,0),MATCH(AV$1,城镇人口!$1:$1,0)) -> 976843.8
A12: 河北省 | B12: 沧州市 | C12: =VLOOKUP(B12,'[1]2016省城人口总结（根）'!B:C,2,FALSE)/100 -> 0.5568 | D12: =INDEX(人口源表!$1:$1048576,MATCH($B12,人口源表!$A:$A,0),MATCH(D$1,人口源表!$1:$1,0))-INDEX(城镇人口!$1:$1048576,MATCH($B12,城镇人口!$B:$B,0),MATCH(D$1,城镇人口!$1:$1,0)) -> 3304683.1 | E12: =INDEX(人口源表!$1:$1048576,MATCH($B12,人口源表!$A:$A,0),MATCH(E$1,人口源表!$1:$1,0))-INDEX(城镇人口!$1:$1048576,MATCH($B12,城镇人口!$B:$B,0),MATCH(E$1,城镇人口!$1:$1,0)) -> 3250389 | F12: =INDEX(人口源表!$1:$1048576,MATCH($B12,人口源表!$A:$A,0),MATCH(F$1,人口源表!$1:$1,0))-INDEX(城镇人口!$1:$1048576,MATCH($B12,城镇人口!$B:$B,0),MATCH(F$1,城镇人口!$1:$1,0)) -> 3192507.9 | G12: =INDEX(人口源表!$1:$1048576,MATCH($B12,人口源表!$A:$A,0),MATCH(G$1,人口源表!$1:$1,0))-INDEX(城镇人口!$1:$1048576,MATCH($B12,城镇人口!$B:$B,0),MATCH(G$1,城镇人口!$1:$1,0)) -> 3010496.7 | H12: =INDEX(人口源表!$1:$1048576,MATCH($B12,人口源表!$A:$A,0),MATCH(H$1,人口源表!$1:$1,0))-INDEX(城镇人口!$1:$1048576,MATCH($B12,城镇人口!$B:$B,0),MATCH(H$1,城镇人口!$1:$1,0)) -> 2951681.6 | I12: =INDEX(人口源表!$1:$1048576,MATCH($B12,人口源表!$A:$A,0),MATCH(I$1,人口源表!$1:$1,0))-INDEX(城镇人口!$1:$1048576,MATCH($B12,城镇人口!$B:$B,0),MATCH(I$1,城镇人口!$1:$1,0)) -> 2921247.2 | J12: =INDEX(人口源表!$1:$1048576,MATCH($B12,人口源表!$A:$A,0),MATCH(J$1,人口源表!$1:$1,0))-INDEX(城镇人口!$1:$1048576,MATCH($B12,城镇人口!$B:$B,0),MATCH(J$1,城镇人口!$1:$1,0)) -> 2889537.2 | K12: =INDEX(人口源表!$1:$1048576,MATCH($B12,人口源表!$A:$A,0),MATCH(K$1,人口源表!$1:$1,0))-INDEX(城镇人口!$1:$1048576,MATCH($B12,城镇人口!$B:$B,0),MATCH(K$1,城镇人口!$1:$1,0)) -> 2856457.9 | ... AV12: =INDEX(人口源表!$1:$1048576,MATCH($B12,人口源表!$A:$A,0),MATCH(AV$1,人口源表!$1:$1,0))-INDEX(城镇人口!$1:$1048576,MATCH($B12,城镇人口!$B:$B,0),MATCH(AV$1,城镇人口!$1:$1,0)) -> 1765367.9
A13: 河北省 | B13: 廊坊市 | C13: =VLOOKUP(B13,'[1]2016省城人口总结（根）'!B:C,2,FALSE)/100 -> 0.58346 | D13: =INDEX(人口源表!$1:$1048576,MATCH($B13,人口源表!$A:$A,0),MATCH(D$1,人口源表!$1:$1,0))-INDEX(城镇人口!$1:$1048576,MATCH($B13,城镇人口!$B:$B,0),MATCH(D$1,城镇人口!$1:$1,0)) -> 1913174.8 | E13: =INDEX(人口源表!$1:$1048576,MATCH($B13,人口源表!$A:$A,0),MATCH(E$1,人口源表!$1:$1,0))-INDEX(城镇人口!$1:$1048576,MATCH($B13,城镇人口!$B:$B,0),MATCH(E$1,城镇人口!$1:$1,0)) -> 1880593.2 | F13: =INDEX(人口源表!$1:$1048576,MATCH($B13,人口源表!$A:$A,0),MATCH(F$1,人口源表!$1:$1,0))-INDEX(城镇人口!$1:$1048576,MATCH($B13,城镇人口!$B:$B,0),MATCH(F$1,城镇人口!$1:$1,0)) -> 1845612.3 | G13: =INDEX(人口源表!$1:$1048576,MATCH($B13,人口源表!$A:$A,0),MATCH(G$1,人口源表!$1:$1,0))-INDEX(城镇人口!$1:$1048576,MATCH($B13,城镇人口!$B:$B,0),MATCH(G$1,城镇人口!$1:$1,0)) -> 2091515.2 | H13: =INDEX(人口源表!$1:$1048576,MATCH($B13,人口源表!$A:$A,0),MATCH(H$1,人口源表!$1:$1,0))-INDEX(城镇人口!$1:$1048576,MATCH($B13,城镇人口!$B:$B,0),MATCH(H$1,城镇人口!$1:$1,0)) -> 2053308.4 | I13: =INDEX(人口源表!$1:$1048576,MATCH($B13,人口源表!$A:$A,0),MATCH(I$1,人口源表!$1:$1,0))-INDEX(城镇人口!$1:$1048576,MATCH($B13,城镇人口!$B:$B,0),MATCH(I$1,城镇人口!$1:$1,0)) -> 2035275.6 | J13: =INDEX(人口源表!$1:$1048576,MATCH($B13,人口源表!$A:$A,0),MATCH(J$1,人口源表!$1:$1,0))-INDEX(城镇人口!$1:$1048576,MATCH($B13,城镇人口!$B:$B,0),MATCH(J$1,城镇人口!$1:$1,0)) -> 2014530.2 | K13: =INDEX(人口源表!$1:$1048576,MATCH($B13,人口源表!$A:$A,0),MATCH(K$1,人口源表!$1:$1,0))-INDEX(城镇人口!$1:$1048576,MATCH($B13,城镇人口!$B:$B,0),MATCH(K$1,城镇人口!$1:$1,0)) -> 1991250.5 | ... AV13: =INDEX(人口源表!$1:$1048576,MATCH($B13,人口源表!$A:$A,0),MATCH(AV$1,人口源表!$1:$1,0))-INDEX(城镇人口!$1:$1048576,MATCH($B13,城镇人口!$B:$B,0),MATCH(AV$1,城镇人口!$1:$1,0)) -> 1139762.2
... A368: 西藏自治区 | B368: 阿里地区 | C368: =VLOOKUP(B368,'[1]2016省城人口总结（根）'!B:C,2,FALSE)/100 -> 0.3136 | D368: =INDEX(人口源表!$1:$1048576,MATCH($B368,人口源表!$A:$A,0),MATCH(D$1,人口源表!$1:$1,0))-INDEX(城镇人口!$1:$1048576,MATCH($B368,城镇人口!$B:$B,0),MATCH(D$1,城镇人口!$1:$1,0)) -> 69871.147 | E368: =INDEX(人口源表!$1:$1048576,MATCH($B368,人口源表!$A:$A,0),MATCH(E$1,人口源表!$1:$1,0))-INDEX(城镇人口!$1:$1048576,MATCH($B368,城镇人口!$B:$B,0),MATCH(E$1,城镇人口!$1:$1,0)) -> 69936.884 | F368: =INDEX(人口源表!$1:$1048576,MATCH($B368,人口源表!$A:$A,0),MATCH(F$1,人口源表!$1:$1,0))-INDEX(城镇人口!$1:$1048576,MATCH($B368,城镇人口!$B:$B,0),MATCH(F$1,城镇人口!$1:$1,0)) -> 69964.487 | G368: =INDEX(人口源表!$1:$1048576,MATCH($B368,人口源表!$A:$A,0),MATCH(G$1,人口源表!$1:$1,0))-INDEX(城镇人口!$1:$1048576,MATCH($B368,城镇人口!$B:$B,0),MATCH(G$1,城镇人口!$1:$1,0)) -> 81843.243 | H368: =INDEX(人口源表!$1:$1048576,MATCH($B368,人口源表!$A:$A,0),MATCH(H$1,人口源表!$1:$1,0))-INDEX(城镇人口!$1:$1048576,MATCH($B368,城镇人口!$B:$B,0),MATCH(H$1,城镇人口!$1:$1,0)) -> 81931.336 | I368: =INDEX(人口源表!$1:$1048576,MATCH($B368,人口源表!$A:$A,0),MATCH(I$1,人口源表!$1:$1,0))-INDEX(城镇人口!$1:$1048576,MATCH($B368,城镇人口!$B:$B,0),MATCH(I$1,城镇人口!$1:$1,0)) -> 82327.604 | J368: =INDEX(人口源表!$1:$1048576,MATCH($B368,人口源表!$A:$A,0),MATCH(J$1,人口源表!$1:$1,0))-INDEX(城镇人口!$1:$1048576,MATCH($B368,城镇人口!$B:$B,0),MATCH(J$1,城镇人口!$1:$1,0)) -> 82743.664 | K368: =INDEX(人口源表!$1:$1048576,MATCH($B368,人口源表!$A:$A,0),MATCH(K$1,人口源表!$1:$1,0))-INDEX(城镇人口!$1:$1048576,MATCH($B368,城镇人口!$B:$B,0),MATCH(K$1,城镇人口!$1:$1,0)) -> 83170.34 | ... AV368: =INDEX(人口源表!$1:$1048576,MATCH($B368,人口源表!$A:$A,0),MATCH(AV$1,人口源表!$1:$1,0))-INDEX(城镇人口!$1:$1048576,MATCH($B368,城镇人口!$B:$B,0),MATCH(AV$1,城镇人口!$1:$1,0)) -> 85782.033
B370: 总人口 | D370: =SUM(D$2:D$368) -> 5.7108926e+08 | E370: =SUM(E$2:E$368) -> 5.6005283e+08 | F370: =SUM(F$2:F$368) -> 5.4842028e+08 | G370: =SUM(G$2:G$368) -> 5.2114725e+08 | H370: =SUM(H$2:H$368) -> 5.0944771e+08 | I370: =SUM(I$2:I$368) -> 5.0344384e+08 | J370: =SUM(J$2:J$368) -> 4.9703925e+08 | K370: =SUM(K$2:K$368) -> 4.9024063e+08 | ... AV370: =SUM(AV$2:AV$368) -> 2.8878846e+08

Sheet 城市取暖人口
A1: Province | B1: City | C1: 2016城镇化率 | D1: 2016 | E1: 2017 | F1: 2018 | G1: 2019 | H1: 2020 | I1: 2021 | J1: 2022 | K1: 2023 | L1: 2024 | M1: 2025 | N1: 2026 | O1: 2027 | P1: 2028 | Q1: 2029 | R1: 2030 | S1: 2031 | T1: 2032 | U1: 2033 | V1: 2034 | W1: 2035 | X1: 2036 | Y1: 2037 | Z1: 2038 | AA1: 2039 | AB1: 2040 | AC1: 2041 | AD1: 2042 | AE1: 2043 | AF1: 2044 | AG1: 2045 | AH1: 2046 | AI1: 2047 | AJ1: 2048 | AK1: 2049 | AL1: 2050 | AM1: 2051 | AN1: 2052 | AO1: 2053 | AP1: 2054 | AQ1: 2055 | AR1: 2056 | AS1: 2057 | AT1: 2058 | AU1: 2059 | AV1: 2060
A2: 北京市 | B2: 北京市 | C2: =VLOOKUP(B2,'[1]2016省城人口总结（根）'!B:C,2,FALSE)/100 -> 0.8786 | D2: =INDEX(人口源表!$1:$1048576,MATCH($B2,人口源表!$A:$A,0),MATCH(D$1,人口源表!$1:$1,0))*INDEX(城镇化率!$1:$1048576,MATCH($B2,城镇化率!$A:$A,0),MATCH(D$1,城镇化率!$5:$5,0))/100 -> 18342372 | E2: =INDEX(人口源表!$1:$1048576,MATCH($B2,人口源表!$A:$A,0),MATCH(E$1,人口源表!$1:$1,0))*INDEX(城镇化率!$1:$1048576,MATCH($B2,城镇化率!$A:$A,0),MATCH(E$1,城镇化率!$5:$5,0))/100 -> 18803184 | F2: =INDEX(人口源表!$1:$1048576,MATCH($B2,人口源表!$A:$A,0),MATCH(F$1,人口源表!$1:$1,0))*INDEX(城镇化率!$1:$1048576,MATCH($B2,城镇化率!$A:$A,0),MATCH(F$1,城镇化率!$5:$5,0))/100 -> 19258833 | G2: =INDEX(人口源表!$1:$1048576,MATCH($B2,人口源表!$A:$A,0),MATCH(G$1,人口源表!$1:$1,0))*INDEX(城镇化率!$1:$1048576,MATCH($B2,城镇化率!$A:$A,0),MATCH(G$1,城镇化率!$5:$5,0))/100 -> 20000982 | H2: =INDEX(人口源表!$1:$1048576,MATCH($B2,人口源表!$A:$A,0),MATCH(H$1,人口源表!$1:$1,0))*INDEX(城镇化率!$1:$1048576,MATCH($B2,城镇化率!$A:$A,0),MATCH(H$1,城镇化率!$5:$5,0))/100 -> 20576196 | I2: =INDEX(人口源表!$1:$1048576,MATCH($B2,人口源表!$A:$A,0),MATCH(I$1,人口源表!$1:$1,0))*INDEX(城镇化率!$1:$1048576,MATCH($B2,城镇化率!$A:$A,0),MATCH(I$1,城镇化率!$5:$5,0))/100 -> 20972921 | J2: =INDEX(人口源表!$1:$1048576,MATCH($B2,人口源表!$A:$A,0),MATCH(J$1,人口源表!$1:$1,0))*INDEX(城镇化率!$1:$1048576,MATCH($B2,城镇化率!$A:$A,0),MATCH(J$1,城镇化率!$5:$5,0))/100 -> 21333011 | K2: =INDEX(人口源表!$1:$1048576,MATCH($B2,人口源表!$A:$A,0),MATCH(K$1,人口源表!$1:$1,0))*INDEX(城镇化率!$1:$1048576,MATCH($B2,城镇化率!$A:$A,0),MATCH(K$1,城镇化率!$5:$5,0))/100 -> 21659405 | ... AV2: =INDEX(人口源表!$1:$1048576,MATCH($B2,人口源表!$A:$A,0),MATCH(AV$1,人口源表!$1:$1,0))*INDEX(城镇化率!$1:$1048576,MATCH($B2,城镇化率!$A:$A,0),MATCH(AV$1,城镇化率!$5:$5,0))/100 -> 18874781
A3: 天津市 | B3: 天津市 | C3: =VLOOKUP(B3,'[1]2016省城人口总结（根）'!B:C,2,FALSE)/100 -> 0.8429 | D3: =INDEX(人口源表!$1:$1048576,MATCH($B3,人口源表!$A:$A,0),MATCH(D$1,人口源表!$1:$1,0))*INDEX(城镇化率!$1:$1048576,MATCH($B3,城镇化率!$A:$A,0),MATCH(D$1,城镇化率!$5:$5,0))/100 -> 11435906 | E3: =INDEX(人口源表!$1:$1048576,MATCH($B3,人口源表!$A:$A,0),MATCH(E$1,人口源表!$1:$1,0))*INDEX(城镇化率!$1:$1048576,MATCH($B3,城镇化率!$A:$A,0),MATCH(E$1,城镇化率!$5:$5,0))/100 -> 11704728 | F3: =INDEX(人口源表!$1:$1048576,MATCH($B3,人口源表!$A:$A,0),MATCH(F$1,人口源表!$1:$1,0))*INDEX(城镇化率!$1:$1048576,MATCH($B3,城镇化率!$A:$A,0),MATCH(F$1,城镇化率!$5:$5,0))/100 -> 11972061 | G3: =INDEX(人口源表!$1:$1048576,MATCH($B3,人口源表!$A:$A,0),MATCH(G$1,人口源表!$1:$1,0))*INDEX(城镇化率!$1:$1048576,MATCH($B3,城镇化率!$A:$A,0),MATCH(G$1,城镇化率!$5:$5,0))/100 -> 12181925 | H3: =INDEX(人口源表!$1:$1048576,MATCH($B3,人口源表!$A:$A,0),MATCH(H$1,人口源表!$1:$1,0))*INDEX(城镇化率!$1:$1048576,MATCH($B3,城镇化率!$A:$A,0),MATCH(H$1,城镇化率!$5:$5,0))/100 -> 12502542 | I3: =INDEX(人口源表!$1:$1048576,MATCH($B3,人口源表!$A:$A,0),MATCH(I$1,人口源表!$1:$1,0))*INDEX(城镇化率!$1:$1048576,MATCH($B3,城镇化率!$A:$A,0),MATCH(I$1,城镇化率!$5:$5,0))/100 -> 12719230 | J3: =INDEX(人口源表!$1:$1048576,MATCH($B3,人口源表!$A:$A,0),MATCH(J$1,人口源表!$1:$1,0))*INDEX(城镇化率!$1:$1048576,MATCH($B3,城镇化率!$A:$A,0),MATCH(J$1,城镇化率!$5:$5,0))/100 -> 12917822 | K3: =INDEX(人口源表!$1:$1048576,MATCH($B3,人口源表!$A:$A,0),MATCH(K$1,人口源表!$1:$1,0))*INDEX(城镇化率!$1:$1048576,MATCH($B3,城镇化率!$A:$A,0),MATCH(K$1,城镇化率!$5:$5,0))/100 -> 13099559 | ... AV3: =INDEX(人口源表!$1:$1048576,MATCH($B3,人口源表!$A:$A,0),MATCH(AV$1,人口源表!$1:$1,0))*INDEX(城镇化率!$1:$1048576,MATCH($B3,城镇化率!$A:$A,0),MATCH(AV$1,城镇化率!$5:$5,0))/100 -> 11539219
A4: 河北省 | B4: 石家庄市 | C4: =VLOOKUP(B4,'[1]2016省城人口总结（根）'!B:C,2,FALSE)/100 -> 0.58346 | D4: =INDEX(人口源表!$1:$1048576,MATCH($B4,人口源表!$A:$A,0),MATCH(D$1,人口源表!$1:$1,0))*INDEX(城镇化率!$1:$1048576,MATCH($B4,城镇化率!$A:$A,0),MATCH(D$1,城镇化率!$5:$5,0))/100 -> 6235233.3 | E4: =INDEX(人口源表!$1:$1048576,MATCH($B4,人口源表!$A:$A,0),MATCH(E$1,人口源表!$1:$1,0))*INDEX(城镇化率!$1:$1048576,MATCH($B4,城镇化率!$A:$A,0),MATCH(E$1,城镇化率!$5:$5,0))/100 -> 6384345.3 | F4: =INDEX(人口源表!$1:$1048576,MATCH($B4,人口源表!$A:$A,0),MATCH(F$1,人口源表!$1:$1,0))*INDEX(城镇化率!$1:$1048576,MATCH($B4,城镇化率!$A:$A,0),MATCH(F$1,城镇化率!$5:$5,0))/100 -> 6533455.3 | G4: =INDEX(人口源表!$1:$1048576,MATCH($B4,人口源表!$A:$A,0),MATCH(G$1,人口源表!$1:$1,0))*INDEX(城镇化率!$1:$1048576,MATCH($B4,城镇化率!$A:$A,0),MATCH(G$1,城镇化率!$5:$5,0))/100 -> 6834133.1 | H4: =INDEX(人口源表!$1:$1048576,MATCH($B4,人口源表!$A:$A,0),MATCH(H$1,人口源表!$1:$1,0))*INDEX(城镇化率!$1:$1048576,MATCH($B4,城镇化率!$A:$A,0),MATCH(H$1,城镇化率!$5:$5,0))/100 -> 7012216.8 | I4: =INDEX(人口源表!$1:$1048576,MATCH($B4,人口源表!$A:$A,0),MATCH(I$1,人口源表!$1:$1,0))*INDEX(城镇化率!$1:$1048576,MATCH($B4,城镇化率!$A:$A,0),MATCH(I$1,城镇化率!$5:$5,0))/100 -> 7138021.7 | J4: =INDEX(人口源表!$1:$1048576,MATCH($B4,人口源表!$A:$A,0),MATCH(J$1,人口源表!$1:$1,0))*INDEX(城镇化率!$1:$1048576,MATCH($B4,城镇化率!$A:$A,0),MATCH(J$1,城镇化率!$5:$5,0))/100 -> 7259161.5 | K4: =INDEX(人口源表!$1:$1048576,MATCH($B4,人口源表!$A:$A,0),MATCH(K$1,人口源表!$1:$1,0))*INDEX(城镇化率!$1:$1048576,MATCH($B4,城镇化率!$A:$A,0),MATCH(K$1,城镇化率!$5:$5,0))/100 -> 7375803 | ... AV4: =INDEX(人口源表!$1:$1048576,MATCH($B4,人口源表!$A:$A,0),MATCH(AV$1,人口源表!$1:$1,0))*INDEX(城镇化率!$1:$1048576,MATCH($B4,城镇化率!$A:$A,0),MATCH(AV$1,城镇化率!$5:$5,0))/100 -> 8403595
A5: 河北省 | B5: 唐山市 | C5: =VLOOKUP(B5,'[1]2016省城人口总结（根）'!B:C,2,FALSE)/100 -> 0.5568 | D5: =INDEX(人口源表!$1:$1048576,MATCH($B5,人口源表!$A:$A,0),MATCH(D$1,人口源表!$1:$1,0))*INDEX(城镇化率!$1:$1048576,MATCH($B5,城镇化率!$A:$A,0),MATCH(D$1,城镇化率!$5:$5,0))/100 -> 4384650.3 | E5: =INDEX(人口源表!$1:$1048576,MATCH($B5,人口源表!$A:$A,0),MATCH(E$1,人口源表!$1:$1,0))*INDEX(城镇化率!$1:$1048576,MATCH($B5,城镇化率!$A:$A,0),MATCH(E$1,城镇化率!$5:$5,0))/100 -> 4479080.5 | F5: =INDEX(人口源表!$1:$1048576,MATCH($B5,人口源表!$A:$A,0),MATCH(F$1,人口源表!$1:$1,0))*INDEX(城镇化率!$1:$1048576,MATCH($B5,城镇化率!$A:$A,0),MATCH(F$1,城镇化率!$5:$5,0))/100 -> 4572929.3 | G5: =INDEX(人口源表!$1:$1048576,MATCH($B5,人口源表!$A:$A,0),MATCH(G$1,人口源表!$1:$1,0))*INDEX(城镇化率!$1:$1048576,MATCH($B5,城镇化率!$A:$A,0),MATCH(G$1,城镇化率!$5:$5,0))/100 -> 4497548.4 | H5: =INDEX(人口源表!$1:$1048576,MATCH($B5,人口源表!$A:$A,0),MATCH(H$1,人口源表!$1:$1,0))*INDEX(城镇化率!$1:$1048576,MATCH($B5,城镇化率!$A:$A,0),MATCH(H$1,城镇化率!$5:$5,0))/100 -> 4596844.8 | I5: =INDEX(人口源表!$1:$1048576,MATCH($B5,人口源表!$A:$A,0),MATCH(I$1,人口源表!$1:$1,0))*INDEX(城镇化率!$1:$1048576,MATCH($B5,城镇化率!$A:$A,0),MATCH(I$1,城镇化率!$5:$5,0))/100 -> 4662477.9 | J5: =INDEX(人口源表!$1:$1048576,MATCH($B5,人口源表!$A:$A,0),MATCH(J$1,人口源表!$1:$1,0))*INDEX(城镇化率!$1:$1048576,MATCH($B5,城镇化率!$A:$A,0),MATCH(J$1,城镇化率!$5:$5,0))/100 -> 4725692.4 | K5: =INDEX(人口源表!$1:$1048576,MATCH($B5,人口源表!$A:$A,0),MATCH(K$1,人口源表!$1:$1,0))*INDEX(城镇化率!$1:$1048576,MATCH($B5,城镇化率!$A:$A,0),MATCH(K$1,城镇化率!$5:$5,0))/100 -> 4786511.9 | ... AV5: =INDEX(人口源表!$1:$1048576,MATCH($B5,人口源表!$A:$A,0),MATCH(AV$1,人口源表!$1:$1,0))*INDEX(城镇化率!$1:$1048576,MATCH($B5,城镇化率!$A:$A,0),MATCH(AV$1,城镇化率!$5:$5,0))/100 -> 4960333.5
A6: 河北省 | B6: 秦皇岛市 | C6: =VLOOKUP(B6,'[1]2016省城人口总结（根）'!B:C,2,FALSE)/100 -> 0.5568 | D6: =INDEX(人口源表!$1:$1048576,MATCH($B6,人口源表!$A:$A,0),MATCH(D$1,人口源表!$1:$1,0))*INDEX(城镇化率!$1:$1048576,MATCH($B6,城镇化率!$A:$A,0),MATCH(D$1,城镇化率!$5:$5,0))/100 -> 1729551.7 | E6: =INDEX(人口源表!$1:$1048576,MATCH($B6,人口源表!$A:$A,0),MATCH(E$1,人口源表!$1:$1,0))*INDEX(城镇化率!$1:$1048576,MATCH($B6,城镇化率!$A:$A,0),MATCH(E$1,城镇化率!$5:$5,0))/100 -> 1767397 | F6: =INDEX(人口源表!$1:$1048576,MATCH($B6,人口源表!$A:$A,0),MATCH(F$1,人口源表!$1:$1,0))*INDEX(城镇化率!$1:$1048576,MATCH($B6,城镇化率!$A:$A,0),MATCH(F$1,城镇化率!$5:$5,0))/100 -> 1805082.1 | G6: =INDEX(人口源表!$1:$1048576,MATCH($B6,人口源表!$A:$A,0),MATCH(G$1,人口源表!$1:$1,0))*INDEX(城镇化率!$1:$1048576,MATCH($B6,城镇化率!$A:$A,0),MATCH(G$1,城镇化率!$5:$5,0))/100 -> 1826289.8 | H6: =INDEX(人口源表!$1:$1048576,MATCH($B6,人口源表!$A:$A,0),MATCH(H$1,人口源表!$1:$1,0))*INDEX(城镇化率!$1:$1048576,MATCH($B6,城镇化率!$A:$A,0),MATCH(H$1,城镇化率!$5:$5,0))/100 -> 1868337.6 | I6: =INDEX(人口源表!$1:$1048576,MATCH($B6,人口源表!$A:$A,0),MATCH(I$1,人口源表!$1:$1,0))*INDEX(城镇化率!$1:$1048576,MATCH($B6,城镇化率!$A:$A,0),MATCH(I$1,城镇化率!$5:$5,0))/100 -> 1896499.5 | J6: =INDEX(人口源表!$1:$1048576,MATCH($B6,人口源表!$A:$A,0),MATCH(J$1,人口源表!$1:$1,0))*INDEX(城镇化率!$1:$1048576,MATCH($B6,城镇化率!$A:$A,0),MATCH(J$1,城镇化率!$5:$5,0))/100 -> 1923482.3 | K6: =INDEX(人口源表!$1:$1048576,MATCH($B6,人口源表!$A:$A,0),MATCH(K$1,人口源表!$1:$1,0))*INDEX(城镇化率!$1:$1048576,MATCH($B6,城镇化率!$A:$A,0),MATCH(K$1,城镇化率!$5:$5,0))/100 -> 1949312.8 | ... AV6: =INDEX(人口源表!$1:$1048576,MATCH($B6,人口源表!$A:$A,0),MATCH(AV$1,人口源表!$1:$1,0))*INDEX(城镇化率!$1:$1048576,MATCH($B6,城镇化率!$A:$A,0),MATCH(AV$1,城镇化率!$5:$5,0))/100 -> 2041074.7
A7: 河北省 | B7: 邯郸市 | C7: =VLOOKUP(B7,'[1]2016省城人口总结（根）'!B:C,2,FALSE)/100 -> 0.5568 | D7: =INDEX(人口源表!$1:$1048576,MATCH($B7,人口源表!$A:$A,0),MATCH(D$1,人口源表!$1:$1,0))*INDEX(城镇化率!$1:$1048576,MATCH($B7,城镇化率!$A:$A,0),MATCH(D$1,城镇化率!$5:$5,0))/100 -> 5386019.5 | E7: =INDEX(人口源表!$1:$1048576,MATCH($B7,人口源表!$A:$A,0),MATCH(E$1,人口源表!$1:$1,0))*INDEX(城镇化率!$1:$1048576,MATCH($B7,城镇化率!$A:$A,0),MATCH(E$1,城镇化率!$5:$5,0))/100 -> 5510433.1 | F7: =INDEX(人口源表!$1:$1048576,MATCH($B7,人口源表!$A:$A,0),MATCH(F$1,人口源表!$1:$1,0))*INDEX(城镇化率!$1:$1048576,MATCH($B7,城镇化率!$A:$A,0),MATCH(F$1,城镇化率!$5:$5,0))/100 -> 5634438.8 | G7: =INDEX(人口源表!$1:$1048576,MATCH($B7,人口源表!$A:$A,0),MATCH(G$1,人口源表!$1:$1,0))*INDEX(城镇化率!$1:$1048576,MATCH($B7,城镇化率!$A:$A,0),MATCH(G$1,城镇化率!$5:$5,0))/100 -> 5485913.7 | H7: =INDEX(人口源表!$1:$1048576,MATCH($B7,人口源表!$A:$A,0),MATCH(H$1,人口源表!$1:$1,0))*INDEX(城镇化率!$1:$1048576,MATCH($B7,城镇化率!$A:$A,0),MATCH(H$1,城镇化率!$5:$5,0))/100 -> 5607211.3 | I7: =INDEX(人口源表!$1:$1048576,MATCH($B7,人口源表!$A:$A,0),MATCH(I$1,人口源表!$1:$1,0))*INDEX(城镇化率!$1:$1048576,MATCH($B7,城镇化率!$A:$A,0),MATCH(I$1,城镇化率!$5:$5,0))/100 -> 5692673.3 | J7: =INDEX(人口源表!$1:$1048576,MATCH($B7,人口源表!$A:$A,0),MATCH(J$1,人口源表!$1:$1,0))*INDEX(城镇化率!$1:$1048576,MATCH($B7,城镇化率!$A:$A,0),MATCH(J$1,城镇化率!$5:$5,0))/100 -> 5780031.9 | K7: =INDEX(人口源表!$1:$1048576,MATCH($B7,人口源表!$A:$A,0),MATCH(K$1,人口源表!$1:$1,0))*INDEX(城镇化率!$1:$1048576,MATCH($B7,城镇化率!$A:$A,0),MATCH(K$1,城镇化率!$5:$5,0))/100 -> 5868941.5 | ... AV7: =INDEX(人口源表!$1:$1048576,MATCH($B7,人口源表!$A:$A,0),MATCH(AV$1,人口源表!$1:$1,0))*INDEX(城镇化率!$1:$1048576,MATCH($B7,城镇化率!$A:$A,0),MATCH(AV$1,城镇化率!$5:$5,0))/100 -> 7163420.5
A8: 河北省 | B8: 邢台市 | C8: =VLOOKUP(B8,'[1]2016省城人口总结（根）'!B:C,2,FALSE)/100 -> 0.5568 | D8: =INDEX(人口源表!$1:$1048576,MATCH($B8,人口源表!$A:$A,0),MATCH(D$1,人口源表!$1:$1,0))*INDEX(城镇化率!$1:$1048576,MATCH($B8,城镇化率!$A:$A,0),MATCH(D$1,城镇化率!$5:$5,0))/100 -> 4166190.8 | E8: =INDEX(人口源表!$1:$1048576,MATCH($B8,人口源表!$A:$A,0),MATCH(E$1,人口源表!$1:$1,0))*INDEX(城镇化率!$1:$1048576,MATCH($B8,城镇化率!$A:$A,0),MATCH(E$1,城镇化率!$5:$5,0))/100 -> 4264866.3 | F8: =INDEX(人口源表!$1:$1048576,MATCH($B8,人口源表!$A:$A,0),MATCH(F$1,人口源表!$1:$1,0))*INDEX(城镇化率!$1:$1048576,MATCH($B8,城镇化率!$A:$A,0),MATCH(F$1,城镇化率!$5:$5,0))/100 -> 4363497 | G8: =INDEX(人口源表!$1:$1048576,MATCH($B8,人口源表!$A:$A,0),MATCH(G$1,人口源表!$1:$1,0))*INDEX(城镇化率!$1:$1048576,MATCH($B8,城镇化率!$A:$A,0),MATCH(G$1,城镇化率!$5:$5,0))/100 -> 4134408.3 | H8: =INDEX(人口源表!$1:$1048576,MATCH($B8,人口源表!$A:$A,0),MATCH(H$1,人口源表!$1:$1,0))*INDEX(城镇化率!$1:$1048576,MATCH($B8,城镇化率!$A:$A,0),MATCH(H$1,城镇化率!$5:$5,0))/100 -> 4235536.9 | I8: =INDEX(人口源表!$1:$1048576,MATCH($B8,人口源表!$A:$A,0),MATCH(I$1,人口源表!$1:$1,0))*INDEX(城镇化率!$1:$1048576,MATCH($B8,城镇化率!$A:$A,0),MATCH(I$1,城镇化率!$5:$5,0))/100 -> 4307318.9 | J8: =INDEX(人口源表!$1:$1048576,MATCH($B8,人口源表!$A:$A,0),MATCH(J$1,人口源表!$1:$1,0))*INDEX(城镇化率!$1:$1048576,MATCH($B8,城镇化率!$A:$A,0),MATCH(J$1,城镇化率!$5:$5,0))/100 -> 4378371.4 | K8: =INDEX(人口源表!$1:$1048576,MATCH($B8,人口源表!$A:$A,0),MATCH(K$1,人口源表!$1:$1,0))*INDEX(城镇化率!$1:$1048576,MATCH($B8,城镇化率!$A:$A,0),MATCH(K$1,城镇化率!$5:$5,0))/100 -> 4448612.5 | ... AV8: =INDEX(人口源表!$1:$1048576,MATCH($B8,人口源表!$A:$A,0),MATCH(AV$1,人口源表!$1:$1,0))*INDEX(城镇化率!$1:$1048576,MATCH($B8,城镇化率!$A:$A,0),MATCH(AV$1,城镇化率!$5:$5,0))/100 -> 5275783.2
A9: 河北省 | B9: 保定市 | C9: =VLOOKUP(B9,'[1]2016省城人口总结（根）'!B:C,2,FALSE)/100 -> 0.58346 | D9: =INDEX(人口源表!$1:$1048576,MATCH($B9,人口源表!$A:$A,0),MATCH(D$1,人口源表!$1:$1,0))*INDEX(城镇化率!$1:$1048576,MATCH($B9,城镇化率!$A:$A,0),MATCH(D$1,城镇化率!$5:$5,0))/100 -> 6842201.7 | E9: =INDEX(人口源表!$1:$1048576,MATCH($B9,人口源表!$A:$A,0),MATCH(E$1,人口源表!$1:$1,0))*INDEX(城镇化率!$1:$1048576,MATCH($B9,城镇化率!$A:$A,0),MATCH(E$1,城镇化率!$5:$5,0))/100 -> 6997653.7 | F9: =INDEX(人口源表!$1:$1048576,MATCH($B9,人口源表!$A:$A,0),MATCH(F$1,人口源表!$1:$1,0))*INDEX(城镇化率!$1:$1048576,MATCH($B9,城镇化率!$A:$A,0),MATCH(F$1,城镇化率!$5:$5,0))/100 -> 7152641 | G9: =INDEX(人口源表!$1:$1048576,MATCH($B9,人口源表!$A:$A,0),MATCH(G$1,人口源表!$1:$1,0))*INDEX(城镇化率!$1:$1048576,MATCH($B9,城镇化率!$A:$A,0),MATCH(G$1,城镇化率!$5:$5,0))/100 -> 7043275.4 | H9: =INDEX(人口源表!$1:$1048576,MATCH($B9,人口源表!$A:$A,0),MATCH(H$1,人口源表!$1:$1,0))*INDEX(城镇化率!$1:$1048576,MATCH($B9,城镇化率!$A:$A,0),MATCH(H$1,城镇化率!$5:$5,0))/100 -> 7204988 | I9: =INDEX(人口源表!$1:$1048576,MATCH($B9,人口源表!$A:$A,0),MATCH(I$1,人口源表!$1:$1,0))*INDEX(城镇化率!$1:$1048576,MATCH($B9,城镇化率!$A:$A,0),MATCH(I$1,城镇化率!$5:$5,0))/100 -> 7316576.6 | J9: =INDEX(人口源表!$1:$1048576,MATCH($B9,人口源表!$A:$A,0),MATCH(J$1,人口源表!$1:$1,0))*INDEX(城镇化率!$1:$1048576,MATCH($B9,城镇化率!$A:$A,0),MATCH(J$1,城镇化率!$5:$5,0))/100 -> 7426797.1 | K9: =INDEX(人口源表!$1:$1048576,MATCH($B9,人口源表!$A:$A,0),MATCH(K$1,人口源表!$1:$1,0))*INDEX(城镇化率!$1:$1048576,MATCH($B9,城镇化率!$A:$A,0),MATCH(K$1,城镇化率!$5:$5,0))/100 -> 7535514.1 | ... AV9: =INDEX(人口源表!$1:$1048576,MATCH($B9,人口源表!$A:$A,0),MATCH(AV$1,人口源表!$1:$1,0))*INDEX(城镇化率!$1:$1048576,MATCH($B9,城镇化率!$A:$A,0),MATCH(AV$1,城镇化率!$5:$5,0))/100 -> 8562781.2
A10: 河北省 | B10: 张家口市 | C10: =VLOOKUP(B10,'[1]2016省城人口总结（根）'!B:C,2,FALSE)/100 -> 0.50348 | D10: =INDEX(人口源表!$1:$1048576,MATCH($B10,人口源表!$A:$A,0),MATCH(D$1,人口源表!$1:$1,0))*INDEX(城镇化率!$1:$1048576,MATCH($B10,城镇化率!$A:$A,0),MATCH(D$1,城镇化率!$5:$5,0))/100 -> 2248755.3 | E10: =INDEX(人口源表!$1:$1048576,MATCH($B10,人口源表!$A:$A,0),MATCH(E$1,人口源表!$1:$1,0))*INDEX(城镇化率!$1:$1048576,MATCH($B10,城镇化率!$A:$A,0),MATCH(E$1,城镇化率!$5:$5,0))/100 -> 2293588.9 | F10: =INDEX(人口源表!$1:$1048576,MATCH($B10,人口源表!$A:$A,0),MATCH(F$1,人口源表!$1:$1,0))*INDEX(城镇化率!$1:$1048576,MATCH($B10,城镇化率!$A:$A,0),MATCH(F$1,城镇化率!$5:$5,0))/100 -> 2338259.3 | G10: =INDEX(人口源表!$1:$1048576,MATCH($B10,人口源表!$A:$A,0),MATCH(G$1,人口源表!$1:$1,0))*INDEX(城镇化率!$1:$1048576,MATCH($B10,城镇化率!$A:$A,0),MATCH(G$1,城镇化率!$5:$5,0))/100 -> 2175382.3 | H10: =INDEX(人口源表!$1:$1048576,MATCH($B10,人口源表!$A:$A,0),MATCH(H$1,人口源表!$1:$1,0))*INDEX(城镇化率!$1:$1048576,MATCH($B10,城镇化率!$A:$A,0),MATCH(H$1,城镇化率!$5:$5,0))/100 -> 2218324.7 | I10: =INDEX(人口源表!$1:$1048576,MATCH($B10,人口源表!$A:$A,0),MATCH(I$1,人口源表!$1:$1,0))*INDEX(城镇化率!$1:$1048576,MATCH($B10,城镇化率!$A:$A,0),MATCH(I$1,城镇化率!$5:$5,0))/100 -> 2245954.6 | J10: =INDEX(人口源表!$1:$1048576,MATCH($B10,人口源表!$A:$A,0),MATCH(J$1,人口源表!$1:$1,0))*INDEX(城镇化率!$1:$1048576,MATCH($B10,城镇化率!$A:$A,0),MATCH(J$1,城镇化率!$5:$5,0))/100 -> 2273283.4 | K10: =INDEX(人口源表!$1:$1048576,MATCH($B10,人口源表!$A:$A,0),MATCH(K$1,人口源表!$1:$1,0))*INDEX(城镇化率!$1:$1048576,MATCH($B10,城镇化率!$A:$A,0),MATCH(K$1,城镇化率!$5:$5,0))/100 -> 2300222.7 | ... AV10: =INDEX(人口源表!$1:$1048576,MATCH($B10,人口源表!$A:$A,0),MATCH(AV$1,人口源表!$1:$1,0))*INDEX(城镇化率!$1:$1048576,MATCH($B10,城镇化率!$A:$A,0),MATCH(AV$1,城镇化率!$5:$5,0))/100 -> 2350796.9
A11: 河北省 | B11: 承德市 | C11: =VLOOKUP(B11,'[1]2016省城人口总结（根）'!B:C,2,FALSE)/100 -> 0.50348 | D11: =INDEX(人口源表!$1:$1048576,MATCH($B11,人口源表!$A:$A,0),MATCH(D$1,人口源表!$1:$1,0))*INDEX(城镇化率!$1:$1048576,MATCH($B11,城镇化率!$A:$A,0),MATCH(D$1,城镇化率!$5:$5,0))/100 -> 1812312.7 | E11: =INDEX(人口源表!$1:$1048576,MATCH($B11,人口源表!$A:$A,0),MATCH(E$1,人口源表!$1:$1,0))*INDEX(城镇化率!$1:$1048576,MATCH($B11,城镇化率!$A:$A,0),MATCH(E$1,城镇化率!$5:$5,0))/100 -> 1850422.8 | F11: =INDEX(人口源表!$1:$1048576,MATCH($B11,人口源表!$A:$A,0),MATCH(F$1,人口源表!$1:$1,0))*INDEX(城镇化率!$1:$1048576,MATCH($B11,城镇化率!$A:$A,0),MATCH(F$1,城镇化率!$5:$5,0))/100 -> 1888454.2 | G11: =INDEX(人口源表!$1:$1048576,MATCH($B11,人口源表!$A:$A,0),MATCH(G$1,人口源表!$1:$1,0))*INDEX(城镇化率!$1:$1048576,MATCH($B11,城镇化率!$A:$A,0),MATCH(G$1,城镇化率!$5:$5,0))/100 -> 1769867 | H11: =INDEX(人口源表!$1:$1048576,MATCH($B11,人口源表!$A:$A,0),MATCH(H$1,人口源表!$1:$1,0))*INDEX(城镇化率!$1:$1048576,MATCH($B11,城镇化率!$A:$A,0),MATCH(H$1,城镇化率!$5:$5,0))/100 -> 1806631.4 | I11: =INDEX(人口源表!$1:$1048576,MATCH($B11,人口源表!$A:$A,0),MATCH(I$1,人口源表!$1:$1,0))*INDEX(城镇化率!$1:$1048576,MATCH($B11,城镇化率!$A:$A,0),MATCH(I$1,城镇化率!$5:$5,0))/100 -> 1831284 | J11: =INDEX(人口源表!$1:$1048576,MATCH($B11,人口源表!$A:$A,0),MATCH(J$1,人口源表!$1:$1,0))*INDEX(城镇化率!$1:$1048576,MATCH($B11,城镇化率!$A:$A,0),MATCH(J$1,城镇化率!$5:$5,0))/100 -> 1856010.1 | K11: =INDEX(人口源表!$1:$1048576,MATCH($B11,人口源表!$A:$A,0),MATCH(K$1,人口源表!$1:$1,0))*INDEX(城镇化率!$1:$1048576,MATCH($B11,城镇化率!$A:$A,0),MATCH(K$1,城镇化率!$5:$5,0))/100 -> 1880707.3 | ... AV11: =INDEX(人口源表!$1:$1048576,MATCH($B11,人口源表!$A:$A,0),MATCH(AV$1,人口源表!$1:$1,0))*INDEX(城镇化率!$1:$1048576,MATCH($B11,城镇化率!$A:$A,0),MATCH(AV$1,城镇化率!$5:$5,0))/100 -> 2022283.2
A12: 河北省 | B12: 沧州市 | C12: =VLOOKUP(B12,'[1]2016省城人口总结（根）'!B:C,2,FALSE)/100 -> 0.5568 | D12: =INDEX(人口源表!$1:$1048576,MATCH($B12,人口源表!$A:$A,0),MATCH(D$1,人口源表!$1:$1,0))*INDEX(城镇化率!$1:$1048576,MATCH($B12,城镇化率!$A:$A,0),MATCH(D$1,城镇化率!$5:$5,0))/100 -> 4151731.8 | E12: =INDEX(人口源表!$1:$1048576,MATCH($B12,人口源表!$A:$A,0),MATCH(E$1,人口源表!$1:$1,0))*INDEX(城镇化率!$1:$1048576,MATCH($B12,城镇化率!$A:$A,0),MATCH(E$1,城镇化率!$5:$5,0))/100 -> 4243689.1 | F12: =INDEX(人口源表!$1:$1048576,MATCH($B12,人口源表!$A:$A,0),MATCH(F$1,人口源表!$1:$1,0))*INDEX(城镇化率!$1:$1048576,MATCH($B12,城镇化率!$A:$A,0),MATCH(F$1,城镇化率!$5:$5,0))/100 -> 4335319.5 | G12: =INDEX(人口源表!$1:$1048576,MATCH($B12,人口源表!$A:$A,0),MATCH(G$1,人口源表!$1:$1,0))*INDEX(城镇化率!$1:$1048576,MATCH($B12,城镇化率!$A:$A,0),MATCH(G$1,城镇化率!$5:$5,0))/100 -> 4256024.3 | H12: =INDEX(人口源表!$1:$1048576,MATCH($B12,人口源表!$A:$A,0),MATCH(H$1,人口源表!$1:$1,0))*INDEX(城镇化率!$1:$1048576,MATCH($B12,城镇化率!$A:$A,0),MATCH(H$1,城镇化率!$5:$5,0))/100 -> 4348447.4 | I12: =INDEX(人口源表!$1:$1048576,MATCH($B12,人口源表!$A:$A,0),MATCH(I$1,人口源表!$1:$1,0))*INDEX(城镇化率!$1:$1048576,MATCH($B12,城镇化率!$A:$A,0),MATCH(I$1,城镇化率!$5:$5,0))/100 -> 4411639.8 | J12: =INDEX(人口源表!$1:$1048576,MATCH($B12,人口源表!$A:$A,0),MATCH(J$1,人口源表!$1:$1,0))*INDEX(城镇化率!$1:$1048576,MATCH($B12,城镇化率!$A:$A,0),MATCH(J$1,城镇化率!$5:$5,0))/100 -> 4474969.8 | K12: =INDEX(人口源表!$1:$1048576,MATCH($B12,人口源表!$A:$A,0),MATCH(K$1,人口源表!$1:$1,0))*INDEX(城镇化率!$1:$1048576,MATCH($B12,城镇化率!$A:$A,0),MATCH(K$1,城镇化率!$5:$5,0))/100 -> 4538261.1 | ... AV12: =INDEX(人口源表!$1:$1048576,MATCH($B12,人口源表!$A:$A,0),MATCH(AV$1,人口源表!$1:$1,0))*INDEX(城镇化率!$1:$1048576,MATCH($B12,城镇化率!$A:$A,0),MATCH(AV$1,城镇化率!$5:$5,0))/100 -> 5176699.1
A13: 河北省 | B13: 廊坊市 | C13: =VLOOKUP(B13,'[1]2016省城人口总结（根）'!B:C,2,FALSE)/100 -> 0.58346 | D13: =INDEX(人口源表!$1:$1048576,MATCH($B13,人口源表!$A:$A,0),MATCH(D$1,人口源表!$1:$1,0))*INDEX(城镇化率!$1:$1048576,MATCH($B13,城镇化率!$A:$A,0),MATCH(D$1,城镇化率!$5:$5,0))/100 -> 2679841 | E13: =INDEX(人口源表!$1:$1048576,MATCH($B13,人口源表!$A:$A,0),MATCH(E$1,人口源表!$1:$1,0))*INDEX(城镇化率!$1:$1048576,MATCH($B13,城镇化率!$A:$A,0),MATCH(E$1,城镇化率!$5:$5,0))/100 -> 2744413.8 | F13: =INDEX(人口源表!$1:$1048576,MATCH($B13,人口源表!$A:$A,0),MATCH(F$1,人口源表!$1:$1,0))*INDEX(城镇化率!$1:$1048576,MATCH($B13,城镇化率!$A:$A,0),MATCH(F$1,城镇化率!$5:$5,0))/100 -> 2808919.9 | G13: =INDEX(人口源表!$1:$1048576,MATCH($B13,人口源表!$A:$A,0),MATCH(G$1,人口源表!$1:$1,0))*INDEX(城镇化率!$1:$1048576,MATCH($B13,城镇化率!$A:$A,0),MATCH(G$1,城镇化率!$5:$5,0))/100 -> 3323369.8 | H13: =INDEX(人口源表!$1:$1048576,MATCH($B13,人口源表!$A:$A,0),MATCH(H$1,人口源表!$1:$1,0))*INDEX(城镇化率!$1:$1048576,MATCH($B13,城镇化率!$A:$A,0),MATCH(H$1,城镇化率!$5:$5,0))/100 -> 3410352.6 | I13: =INDEX(人口源表!$1:$1048576,MATCH($B13,人口源表!$A:$A,0),MATCH(I$1,人口源表!$1:$1,0))*INDEX(城镇化率!$1:$1048576,MATCH($B13,城镇化率!$A:$A,0),MATCH(I$1,城镇化率!$5:$5,0))/100 -> 3471870.4 | J13: =INDEX(人口源表!$1:$1048576,MATCH($B13,人口源表!$A:$A,0),MATCH(J$1,人口源表!$1:$1,0))*INDEX(城镇化率!$1:$1048576,MATCH($B13,城镇化率!$A:$A,0),MATCH(J$1,城镇化率!$5:$5,0))/100 -> 3531081.8 | K13: =INDEX(人口源表!$1:$1048576,MATCH($B13,人口源表!$A:$A,0),MATCH(K$1,人口源表!$1:$1,0))*INDEX(城镇化率!$1:$1048576,MATCH($B13,城镇化率!$A:$A,0),MATCH(K$1,城镇化率!$5:$5,0))/100 -> 3588071.5 | ... AV13: =INDEX(人口源表!$1:$1048576,MATCH($B13,人口源表!$A:$A,0),MATCH(AV$1,人口源表!$1:$1,0))*INDEX(城镇化率!$1:$1048576,MATCH($B13,城镇化率!$A:$A,0),MATCH(AV$1,城镇化率!$5:$5,0))/100 -> 4074264.8
... A368: 西藏自治区 | B368: 阿里地区 | C368: =VLOOKUP(B368,'[1]2016省城人口总结（根）'!B:C,2,FALSE)/100 -> 0.3136 | D368: =INDEX(人口源表!$1:$1048576,MATCH($B368,人口源表!$A:$A,0),MATCH(D$1,人口源表!$1:$1,0))*INDEX(城镇化率!$1:$1048576,MATCH($B368,城镇化率!$A:$A,0),MATCH(D$1,城镇化率!$5:$5,0))/100 -> 31922.482 | E368: =INDEX(人口源表!$1:$1048576,MATCH($B368,人口源表!$A:$A,0),MATCH(E$1,人口源表!$1:$1,0))*INDEX(城镇化率!$1:$1048576,MATCH($B368,城镇化率!$A:$A,0),MATCH(E$1,城镇化率!$5:$5,0))/100 -> 32750.647 | F368: =INDEX(人口源表!$1:$1048576,MATCH($B368,人口源表!$A:$A,0),MATCH(F$1,人口源表!$1:$1,0))*INDEX(城镇化率!$1:$1048576,MATCH($B368,城镇化率!$A:$A,0),MATCH(F$1,城镇化率!$5:$5,0))/100 -> 33588.535 | G368: =INDEX(人口源表!$1:$1048576,MATCH($B368,人口源表!$A:$A,0),MATCH(G$1,人口源表!$1:$1,0))*INDEX(城镇化率!$1:$1048576,MATCH($B368,城镇化率!$A:$A,0),MATCH(G$1,城镇化率!$5:$5,0))/100 -> 40288.757 | H368: =INDEX(人口源表!$1:$1048576,MATCH($B368,人口源表!$A:$A,0),MATCH(H$1,人口源表!$1:$1,0))*INDEX(城镇化率!$1:$1048576,MATCH($B368,城镇化率!$A:$A,0),MATCH(H$1,城镇化率!$5:$5,0))/100 -> 41364.664 | I368: =INDEX(人口源表!$1:$1048576,MATCH($B368,人口源表!$A:$A,0),MATCH(I$1,人口源表!$1:$1,0))*INDEX(城镇化率!$1:$1048576,MATCH($B368,城镇化率!$A:$A,0),MATCH(I$1,城镇化率!$5:$5,0))/100 -> 42193.396 | J368: =INDEX(人口源表!$1:$1048576,MATCH($B368,人口源表!$A:$A,0),MATCH(J$1,人口源表!$1:$1,0))*INDEX(城镇化率!$1:$1048576,MATCH($B368,城镇化率!$A:$A,0),MATCH(J$1,城镇化率!$5:$5,0))/100 -> 43051.336 | K368: =INDEX(人口源表!$1:$1048576,MATCH($B368,人口源表!$A:$A,0),MATCH(K$1,人口源表!$1:$1,0))*INDEX(城镇化率!$1:$1048576,MATCH($B368,城镇化率!$A:$A,0),MATCH(K$1,城镇化率!$5:$5,0))/100 -> 43934.66 | ... AV368: =INDEX(人口源表!$1:$1048576,MATCH($B368,人口源表!$A:$A,0),MATCH(AV$1,人口源表!$1:$1,0))*INDEX(城镇化率!$1:$1048576,MATCH($B368,城镇化率!$A:$A,0),MATCH(AV$1,城镇化率!$5:$5,0))/100 -> 62115.967
B370: 总人口 | D370: =SUM(D$2:D$368) -> 3.373254e+08 | E370: =SUM(E$2:E$368) -> 3.4496312e+08 | F370: =SUM(F$2:F$368) -> 3.5259671e+08 | G370: =SUM(G$2:G$368) -> 3.5060949e+08 | H370: =SUM(H$2:H$368) -> 3.5917679e+08 | I370: =SUM(I$2:I$368) -> 3.6510625e+08 | J370: =SUM(J$2:J$368) -> 3.708303e+08 | K370: =SUM(K$2:K$368) -> 3.7635204e+08 | ... AV370: =SUM(AV$2:AV$368) -> 4.0175592e+08

Sheet 农村取暖人口 
A1: Province | B1: City | C1: 2016城镇化率 | D1: 2016 | E1: 2017 | F1: 2018 | G1: 2019 | H1: 2020 | I1: 2021 | J1: 2022 | K1: 2023 | L1: 2024 | M1: 2025 | N1: 2026 | O1: 2027 | P1: 2028 | Q1: 2029 | R1: 2030 | S1: 2031 | T1: 2032 | U1: 2033 | V1: 2034 | W1: 2035 | X1: 2036 | Y1: 2037 | Z1: 2038 | AA1: 2039 | AB1: 2040 | AC1: 2041 | AD1: 2042 | AE1: 2043 | AF1: 2044 | AG1: 2045 | AH1: 2046 | AI1: 2047 | AJ1: 2048 | AK1: 2049 | AL1: 2050 | AM1: 2051 | AN1: 2052 | AO1: 2053 | AP1: 2054 | AQ1: 2055 | AR1: 2056 | AS1: 2057 | AT1: 2058 | AU1: 2059 | AV1: 2060
A2: 北京市 | B2: 北京市 | C2: =VLOOKUP(B2,'[1]2016省城人口总结（根）'!B:C,2,FALSE)/100 -> 0.8786 | D2: =INDEX(人口源表!$1:$1048576,MATCH($B2,人口源表!$A:$A,0),MATCH(D$1,人口源表!$1:$1,0))-INDEX(城镇人口!$1:$1048576,MATCH($B2,城镇人口!$B:$B,0),MATCH(D$1,城镇人口!$1:$1,0)) -> 2534445.7 | E2: =INDEX(人口源表!$1:$1048576,MATCH($B2,人口源表!$A:$A,0),MATCH(E$1,人口源表!$1:$1,0))-INDEX(城镇人口!$1:$1048576,MATCH($B2,城镇人口!$B:$B,0),MATCH(E$1,城镇人口!$1:$1,0)) -> 2240127.5 | F2: =INDEX(人口源表!$1:$1048576,MATCH($B2,人口源表!$A:$A,0),MATCH(F$1,人口源表!$1:$1,0))-INDEX(城镇人口!$1:$1048576,MATCH($B2,城镇人口!$B:$B,0),MATCH(F$1,城镇人口!$1:$1,0)) -> 1933879.2 | G2: =INDEX(人口源表!$1:$1048576,MATCH($B2,人口源表!$A:$A,0),MATCH(G$1,人口源表!$1:$1,0))-INDEX(城镇人口!$1:$1048576,MATCH($B2,城镇人口!$B:$B,0),MATCH(G$1,城镇人口!$1:$1,0)) -> 1640239.9 | H2: =INDEX(人口源表!$1:$1048576,MATCH($B2,人口源表!$A:$A,0),MATCH(H$1,人口源表!$1:$1,0))-INDEX(城镇人口!$1:$1048576,MATCH($B2,城镇人口!$B:$B,0),MATCH(H$1,城镇人口!$1:$1,0)) -> 1314997.1 | I2: =INDEX(人口源表!$1:$1048576,MATCH($B2,人口源表!$A:$A,0),MATCH(I$1,人口源表!$1:$1,0))-INDEX(城镇人口!$1:$1048576,MATCH($B2,城镇人口!$B:$B,0),MATCH(I$1,城镇人口!$1:$1,0)) -> 1119427.8 | J2: =INDEX(人口源表!$1:$1048576,MATCH($B2,人口源表!$A:$A,0),MATCH(J$1,人口源表!$1:$1,0))-INDEX(城镇人口!$1:$1048576,MATCH($B2,城镇人口!$B:$B,0),MATCH(J$1,城镇人口!$1:$1,0)) -> 916155.94 | K2: =INDEX(人口源表!$1:$1048576,MATCH($B2,人口源表!$A:$A,0),MATCH(K$1,人口源表!$1:$1,0))-INDEX(城镇人口!$1:$1048576,MATCH($B2,城镇人口!$B:$B,0),MATCH(K$1,城镇人口!$1:$1,0)) -> 706513.89 | ... AV2: =INDEX(人口源表!$1:$1048576,MATCH($B2,人口源表!$A:$A,0),MATCH(AV$1,人口源表!$1:$1,0))-INDEX(城镇人口!$1:$1048576,MATCH($B2,城镇人口!$B:$B,0),MATCH(AV$1,城镇人口!$1:$1,0)) -> 0
A3: 天津市 | B3: 天津市 | C3: =VLOOKUP(B3,'[1]2016省城人口总结（根）'!B:C,2,FALSE)/100 -> 0.8429 | D3: =INDEX(人口源表!$1:$1048576,MATCH($B3,人口源表!$A:$A,0),MATCH(D$1,人口源表!$1:$1,0))-INDEX(城镇人口!$1:$1048576,MATCH($B3,城镇人口!$B:$B,0),MATCH(D$1,城镇人口!$1:$1,0)) -> 2131428.1 | E3: =INDEX(人口源表!$1:$1048576,MATCH($B3,人口源表!$A:$A,0),MATCH(E$1,人口源表!$1:$1,0))-INDEX(城镇人口!$1:$1048576,MATCH($B3,城镇人口!$B:$B,0),MATCH(E$1,城镇人口!$1:$1,0)) -> 1949248.8 | F3: =INDEX(人口源表!$1:$1048576,MATCH($B3,人口源表!$A:$A,0),MATCH(F$1,人口源表!$1:$1,0))-INDEX(城镇人口!$1:$1048576,MATCH($B3,城镇人口!$B:$B,0),MATCH(F$1,城镇人口!$1:$1,0)) -> 1760155.4 | G3: =INDEX(人口源表!$1:$1048576,MATCH($B3,人口源表!$A:$A,0),MATCH(G$1,人口源表!$1:$1,0))-INDEX(城镇人口!$1:$1048576,MATCH($B3,城镇人口!$B:$B,0),MATCH(G$1,城镇人口!$1:$1,0)) -> 1557277.6 | H3: =INDEX(人口源表!$1:$1048576,MATCH($B3,人口源表!$A:$A,0),MATCH(H$1,人口源表!$1:$1,0))-INDEX(城镇人口!$1:$1048576,MATCH($B3,城镇人口!$B:$B,0),MATCH(H$1,城镇人口!$1:$1,0)) -> 1362392.2 | I3: =INDEX(人口源表!$1:$1048576,MATCH($B3,人口源表!$A:$A,0),MATCH(I$1,人口源表!$1:$1,0))-INDEX(城镇人口!$1:$1048576,MATCH($B3,城镇人口!$B:$B,0),MATCH(I$1,城镇人口!$1:$1,0)) -> 1246348.7 | J3: =INDEX(人口源表!$1:$1048576,MATCH($B3,人口源表!$A:$A,0),MATCH(J$1,人口源表!$1:$1,0))-INDEX(城镇人口!$1:$1048576,MATCH($B3,城镇人口!$B:$B,0),MATCH(J$1,城镇人口!$1:$1,0)) -> 1125376.6 | K3: =INDEX(人口源表!$1:$1048576,MATCH($B3,人口源表!$A:$A,0),MATCH(K$1,人口源表!$1:$1,0))-INDEX(城镇人口!$1:$1048576,MATCH($B3,城镇人口!$B:$B,0),MATCH(K$1,城镇人口!$1:$1,0)) -> 1000211.5 | ... AV3: =INDEX(人口源表!$1:$1048576,MATCH($B3,人口源表!$A:$A,0),MATCH(AV$1,人口源表!$1:$1,0))-INDEX(城镇人口!$1:$1048576,MATCH($B3,城镇人口!$B:$B,0),MATCH(AV$1,城镇人口!$1:$1,0)) -> 0
A4: 河北省 | B4: 石家庄市 | C4: =VLOOKUP(B4,'[1]2016省城人口总结（根）'!B:C,2,FALSE)/100 -> 0.58346 | D4: =INDEX(人口源表!$1:$1048576,MATCH($B4,人口源表!$A:$A,0),MATCH(D$1,人口源表!$1:$1,0))-INDEX(城镇人口!$1:$1048576,MATCH($B4,城镇人口!$B:$B,0),MATCH(D$1,城镇人口!$1:$1,0)) -> 4451417.6 | E4: =INDEX(人口源表!$1:$1048576,MATCH($B4,人口源表!$A:$A,0),MATCH(E$1,人口源表!$1:$1,0))-INDEX(城镇人口!$1:$1048576,MATCH($B4,城镇人口!$B:$B,0),MATCH(E$1,城镇人口!$1:$1,0)) -> 4374834.5 | F4: =INDEX(人口源表!$1:$1048576,MATCH($B4,人口源表!$A:$A,0),MATCH(F$1,人口源表!$1:$1,0))-INDEX(城镇人口!$1:$1048576,MATCH($B4,城镇人口!$B:$B,0),MATCH(F$1,城镇人口!$1:$1,0)) -> 4292833.5 | G4: =INDEX(人口源表!$1:$1048576,MATCH($B4,人口源表!$A:$A,0),MATCH(G$1,人口源表!$1:$1,0))-INDEX(城镇人口!$1:$1048576,MATCH($B4,城镇人口!$B:$B,0),MATCH(G$1,城镇人口!$1:$1,0)) -> 4300963.9 | H4: =INDEX(人口源表!$1:$1048576,MATCH($B4,人口源表!$A:$A,0),MATCH(H$1,人口源表!$1:$1,0))-INDEX(城镇人口!$1:$1048576,MATCH($B4,城镇人口!$B:$B,0),MATCH(H$1,城镇人口!$1:$1,0)) -> 4221922.2 | I4: =INDEX(人口源表!$1:$1048576,MATCH($B4,人口源表!$A:$A,0),MATCH(I$1,人口源表!$1:$1,0))-INDEX(城镇人口!$1:$1048576,MATCH($B4,城镇人口!$B:$B,0),MATCH(I$1,城镇人口!$1:$1,0)) -> 4184442.3 | J4: =INDEX(人口源表!$1:$1048576,MATCH($B4,人口源表!$A:$A,0),MATCH(J$1,人口源表!$1:$1,0))-INDEX(城镇人口!$1:$1048576,MATCH($B4,城镇人口!$B:$B,0),MATCH(J$1,城镇人口!$1:$1,0)) -> 4141450.5 | K4: =INDEX(人口源表!$1:$1048576,MATCH($B4,人口源表!$A:$A,0),MATCH(K$1,人口源表!$1:$1,0))-INDEX(城镇人口!$1:$1048576,MATCH($B4,城镇人口!$B:$B,0),MATCH(K$1,城镇人口!$1:$1,0)) -> 4093305 | ... AV4: =INDEX(人口源表!$1:$1048576,MATCH($B4,人口源表!$A:$A,0),MATCH(AV$1,人口源表!$1:$1,0))-INDEX(城镇人口!$1:$1048576,MATCH($B4,城镇人口!$B:$B,0),MATCH(AV$1,城镇人口!$1:$1,0)) -> 2350878
A5: 河北省 | B5: 唐山市 | C5: =VLOOKUP(B5,'[1]2016省城人口总结（根）'!B:C,2,FALSE)/100 -> 0.5568 | D5: =INDEX(人口源表!$1:$1048576,MATCH($B5,人口源表!$A:$A,0),MATCH(D$1,人口源表!$1:$1,0))-INDEX(城镇人口!$1:$1048576,MATCH($B5,城镇人口!$B:$B,0),MATCH(D$1,城镇人口!$1:$1,0)) -> 3490080.9 | E5: =INDEX(人口源表!$1:$1048576,MATCH($B5,人口源表!$A:$A,0),MATCH(E$1,人口源表!$1:$1,0))-INDEX(城镇人口!$1:$1048576,MATCH($B5,城镇人口!$B:$B,0),MATCH(E$1,城镇人口!$1:$1,0)) -> 3430683.5 | F5: =INDEX(人口源表!$1:$1048576,MATCH($B5,人口源表!$A:$A,0),MATCH(F$1,人口源表!$1:$1,0))-INDEX(城镇人口!$1:$1048576,MATCH($B5,城镇人口!$B:$B,0),MATCH(F$1,城镇人口!$1:$1,0)) -> 3367482.6 | G5: =INDEX(人口源表!$1:$1048576,MATCH($B5,人口源表!$A:$A,0),MATCH(G$1,人口源表!$1:$1,0))-INDEX(城镇人口!$1:$1048576,MATCH($B5,城镇人口!$B:$B,0),MATCH(G$1,城镇人口!$1:$1,0)) -> 3181338.6 | H5: =INDEX(人口源表!$1:$1048576,MATCH($B5,人口源表!$A:$A,0),MATCH(H$1,人口源表!$1:$1,0))-INDEX(城镇人口!$1:$1048576,MATCH($B5,城镇人口!$B:$B,0),MATCH(H$1,城镇人口!$1:$1,0)) -> 3120291.2 | I5: =INDEX(人口源表!$1:$1048576,MATCH($B5,人口源表!$A:$A,0),MATCH(I$1,人口源表!$1:$1,0))-INDEX(城镇人口!$1:$1048576,MATCH($B5,城镇人口!$B:$B,0),MATCH(I$1,城镇人口!$1:$1,0)) -> 3087344.1 | J5: =INDEX(人口源表!$1:$1048576,MATCH($B5,人口源表!$A:$A,0),MATCH(J$1,人口源表!$1:$1,0))-INDEX(城镇人口!$1:$1048576,MATCH($B5,城镇人口!$B:$B,0),MATCH(J$1,城镇人口!$1:$1,0)) -> 3051431.6 | K5: =INDEX(人口源表!$1:$1048576,MATCH($B5,人口源表!$A:$A,0),MATCH(K$1,人口源表!$1:$1,0))-INDEX(城镇人口!$1:$1048576,MATCH($B5,城镇人口!$B:$B,0),MATCH(K$1,城镇人口!$1:$1,0)) -> 3012711.1 | ... AV5: =INDEX(人口源表!$1:$1048576,MATCH($B5,人口源表!$A:$A,0),MATCH(AV$1,人口源表!$1:$1,0))-INDEX(城镇人口!$1:$1048576,MATCH($B5,城镇人口!$B:$B,0),MATCH(AV$1,城镇人口!$1:$1,0)) -> 1691582.5
A6: 河北省 | B6: 秦皇岛市 | C6: =VLOOKUP(B6,'[1]2016省城人口总结（根）'!B:C,2,FALSE)/100 -> 0.5568 | D6: =INDEX(人口源表!$1:$1048576,MATCH($B6,人口源表!$A:$A,0),MATCH(D$1,人口源表!$1:$1,0))-INDEX(城镇人口!$1:$1048576,MATCH($B6,城镇人口!$B:$B,0),MATCH(D$1,城镇人口!$1:$1,0)) -> 1376683.4 | E6: =INDEX(人口源表!$1:$1048576,MATCH($B6,人口源表!$A:$A,0),MATCH(E$1,人口源表!$1:$1,0))-INDEX(城镇人口!$1:$1048576,MATCH($B6,城镇人口!$B:$B,0),MATCH(E$1,城镇人口!$1:$1,0)) -> 1353710.8 | F6: =INDEX(人口源表!$1:$1048576,MATCH($B6,人口源表!$A:$A,0),MATCH(F$1,人口源表!$1:$1,0))-INDEX(城镇人口!$1:$1048576,MATCH($B6,城镇人口!$B:$B,0),MATCH(F$1,城镇人口!$1:$1,0)) -> 1329253.6 | G6: =INDEX(人口源表!$1:$1048576,MATCH($B6,人口源表!$A:$A,0),MATCH(G$1,人口源表!$1:$1,0))-INDEX(城镇人口!$1:$1048576,MATCH($B6,城镇人口!$B:$B,0),MATCH(G$1,城镇人口!$1:$1,0)) -> 1291825.2 | H6: =INDEX(人口源表!$1:$1048576,MATCH($B6,人口源表!$A:$A,0),MATCH(H$1,人口源表!$1:$1,0))-INDEX(城镇人口!$1:$1048576,MATCH($B6,城镇人口!$B:$B,0),MATCH(H$1,城镇人口!$1:$1,0)) -> 1268208.4 | I6: =INDEX(人口源表!$1:$1048576,MATCH($B6,人口源表!$A:$A,0),MATCH(I$1,人口源表!$1:$1,0))-INDEX(城镇人口!$1:$1048576,MATCH($B6,城镇人口!$B:$B,0),MATCH(I$1,城镇人口!$1:$1,0)) -> 1255801.5 | J6: =INDEX(人口源表!$1:$1048576,MATCH($B6,人口源表!$A:$A,0),MATCH(J$1,人口源表!$1:$1,0))-INDEX(城镇人口!$1:$1048576,MATCH($B6,城镇人口!$B:$B,0),MATCH(J$1,城镇人口!$1:$1,0)) -> 1242013.7 | K6: =INDEX(人口源表!$1:$1048576,MATCH($B6,人口源表!$A:$A,0),MATCH(K$1,人口源表!$1:$1,0))-INDEX(城镇人口!$1:$1048576,MATCH($B6,城镇人口!$B:$B,0),MATCH(K$1,城镇人口!$1:$1,0)) -> 1226930.2 | ... AV6: =INDEX(人口源表!$1:$1048576,MATCH($B6,人口源表!$A:$A,0),MATCH(AV$1,人口源表!$1:$1,0))-INDEX(城镇人口!$1:$1048576,MATCH($B6,城镇人口!$B:$B,0),MATCH(AV$1,城镇人口!$1:$1,0)) -> 696051.25
A7: 河北省 | B7: 邯郸市 | C7: =VLOOKUP(B7,'[1]2016省城人口总结（根）'!B:C,2,FALSE)/100 -> 0.5568 | D7: =INDEX(人口源表!$1:$1048576,MATCH($B7,人口源表!$A:$A,0),MATCH(D$1,人口源表!$1:$1,0))-INDEX(城镇人口!$1:$1048576,MATCH($B7,城镇人口!$B:$B,0),MATCH(D$1,城镇人口!$1:$1,0)) -> 4287147.7 | E7: =INDEX(人口源表!$1:$1048576,MATCH($B7,人口源表!$A:$A,0),MATCH(E$1,人口源表!$1:$1,0))-INDEX(城镇人口!$1:$1048576,MATCH($B7,城镇人口!$B:$B,0),MATCH(E$1,城镇人口!$1:$1,0)) -> 4220632.3 | F7: =INDEX(人口源表!$1:$1048576,MATCH($B7,人口源表!$A:$A,0),MATCH(F$1,人口源表!$1:$1,0))-INDEX(城镇人口!$1:$1048576,MATCH($B7,城镇人口!$B:$B,0),MATCH(F$1,城镇人口!$1:$1,0)) -> 4149173 | G7: =INDEX(人口源表!$1:$1048576,MATCH($B7,人口源表!$A:$A,0),MATCH(G$1,人口源表!$1:$1,0))-INDEX(城镇人口!$1:$1048576,MATCH($B7,城镇人口!$B:$B,0),MATCH(G$1,城镇人口!$1:$1,0)) -> 3880458.3 | H7: =INDEX(人口源表!$1:$1048576,MATCH($B7,人口源表!$A:$A,0),MATCH(H$1,人口源表!$1:$1,0))-INDEX(城镇人口!$1:$1048576,MATCH($B7,城镇人口!$B:$B,0),MATCH(H$1,城镇人口!$1:$1,0)) -> 3806117.7 | I7: =INDEX(人口源表!$1:$1048576,MATCH($B7,人口源表!$A:$A,0),MATCH(I$1,人口源表!$1:$1,0))-INDEX(城镇人口!$1:$1048576,MATCH($B7,城镇人口!$B:$B,0),MATCH(I$1,城镇人口!$1:$1,0)) -> 3769506.7 | J7: =INDEX(人口源表!$1:$1048576,MATCH($B7,人口源表!$A:$A,0),MATCH(J$1,人口源表!$1:$1,0))-INDEX(城镇人口!$1:$1048576,MATCH($B7,城镇人口!$B:$B,0),MATCH(J$1,城镇人口!$1:$1,0)) -> 3732230.1 | K7: =INDEX(人口源表!$1:$1048576,MATCH($B7,人口源表!$A:$A,0),MATCH(K$1,人口源表!$1:$1,0))-INDEX(城镇人口!$1:$1048576,MATCH($B7,城镇人口!$B:$B,0),MATCH(K$1,城镇人口!$1:$1,0)) -> 3694010.5 | ... AV7: =INDEX(人口源表!$1:$1048576,MATCH($B7,人口源表!$A:$A,0),MATCH(AV$1,人口源表!$1:$1,0))-INDEX(城镇人口!$1:$1048576,MATCH($B7,城镇人口!$B:$B,0),MATCH(AV$1,城镇人口!$1:$1,0)) -> 2442883.5
A8: 河北省 | B8: 邢台市 | C8: =VLOOKUP(B8,'[1]2016省城人口总结（根）'!B:C,2,FALSE)/100 -> 0.5568 | D8: =INDEX(人口源表!$1:$1048576,MATCH($B8,人口源表!$A:$A,0),MATCH(D$1,人口源表!$1:$1,0))-INDEX(城镇人口!$1:$1048576,MATCH($B8,城镇人口!$B:$B,0),MATCH(D$1,城镇人口!$1:$1,0)) -> 3316192.1 | E8: =INDEX(人口源表!$1:$1048576,MATCH($B8,人口源表!$A:$A,0),MATCH(E$1,人口源表!$1:$1,0))-INDEX(城镇人口!$1:$1048576,MATCH($B8,城镇人口!$B:$B,0),MATCH(E$1,城镇人口!$1:$1,0)) -> 3266609.4 | F8: =INDEX(人口源表!$1:$1048576,MATCH($B8,人口源表!$A:$A,0),MATCH(F$1,人口源表!$1:$1,0))-INDEX(城镇人口!$1:$1048576,MATCH($B8,城镇人口!$B:$B,0),MATCH(F$1,城镇人口!$1:$1,0)) -> 3213257.7 | G8: =INDEX(人口源表!$1:$1048576,MATCH($B8,人口源表!$A:$A,0),MATCH(G$1,人口源表!$1:$1,0))-INDEX(城镇人口!$1:$1048576,MATCH($B8,城镇人口!$B:$B,0),MATCH(G$1,城镇人口!$1:$1,0)) -> 2924471.7 | H8: =INDEX(人口源表!$1:$1048576,MATCH($B8,人口源表!$A:$A,0),MATCH(H$1,人口源表!$1:$1,0))-INDEX(城镇人口!$1:$1048576,MATCH($B8,城镇人口!$B:$B,0),MATCH(H$1,城镇人口!$1:$1,0)) -> 2875039.1 | I8: =INDEX(人口源表!$1:$1048576,MATCH($B8,人口源表!$A:$A,0),MATCH(I$1,人口源表!$1:$1,0))-INDEX(城镇人口!$1:$1048576,MATCH($B8,城镇人口!$B:$B,0),MATCH(I$1,城镇人口!$1:$1,0)) -> 2852169.1 | J8: =INDEX(人口源表!$1:$1048576,MATCH($B8,人口源表!$A:$A,0),MATCH(J$1,人口源表!$1:$1,0))-INDEX(城镇人口!$1:$1048576,MATCH($B8,城镇人口!$B:$B,0),MATCH(J$1,城镇人口!$1:$1,0)) -> 2827162.6 | K8: =INDEX(人口源表!$1:$1048576,MATCH($B8,人口源表!$A:$A,0),MATCH(K$1,人口源表!$1:$1,0))-INDEX(城镇人口!$1:$1048576,MATCH($B8,城镇人口!$B:$B,0),MATCH(K$1,城镇人口!$1:$1,0)) -> 2800031.5 | ... AV8: =INDEX(人口源表!$1:$1048576,MATCH($B8,人口源表!$A:$A,0),MATCH(AV$1,人口源表!$1:$1,0))-INDEX(城镇人口!$1:$1048576,MATCH($B8,城镇人口!$B:$B,0),MATCH(AV$1,城镇人口!$1:$1,0)) -> 1799157.8
A9: 河北省 | B9: 保定市 | C9: =VLOOKUP(B9,'[1]2016省城人口总结（根）'!B:C,2,FALSE)/100 -> 0.58346 | D9: =INDEX(人口源表!$1:$1048576,MATCH($B9,人口源表!$A:$A,0),MATCH(D$1,人口源表!$1:$1,0))-INDEX(城镇人口!$1:$1048576,MATCH($B9,城镇人口!$B:$B,0),MATCH(D$1,城镇人口!$1:$1,0)) -> 4884740.5 | E9: =INDEX(人口源表!$1:$1048576,MATCH($B9,人口源表!$A:$A,0),MATCH(E$1,人口源表!$1:$1,0))-INDEX(城镇人口!$1:$1048576,MATCH($B9,城镇人口!$B:$B,0),MATCH(E$1,城镇人口!$1:$1,0)) -> 4795100.5 | F9: =INDEX(人口源表!$1:$1048576,MATCH($B9,人口源表!$A:$A,0),MATCH(F$1,人口源表!$1:$1,0))-INDEX(城镇人口!$1:$1048576,MATCH($B9,城镇人口!$B:$B,0),MATCH(F$1,城镇人口!$1:$1,0)) -> 4699672 | G9: =INDEX(人口源表!$1:$1048576,MATCH($B9,人口源表!$A:$A,0),MATCH(G$1,人口源表!$1:$1,0))-INDEX(城镇人口!$1:$1048576,MATCH($B9,城镇人口!$B:$B,0),MATCH(G$1,城镇人口!$1:$1,0)) -> 4432584.6 | H9: =INDEX(人口源表!$1:$1048576,MATCH($B9,人口源表!$A:$A,0),MATCH(H$1,人口源表!$1:$1,0))-INDEX(城镇人口!$1:$1048576,MATCH($B9,城镇人口!$B:$B,0),MATCH(H$1,城镇人口!$1:$1,0)) -> 4337986 | I9: =INDEX(人口源表!$1:$1048576,MATCH($B9,人口源表!$A:$A,0),MATCH(I$1,人口源表!$1:$1,0))-INDEX(城镇人口!$1:$1048576,MATCH($B9,城镇人口!$B:$B,0),MATCH(I$1,城镇人口!$1:$1,0)) -> 4289114.4 | J9: =INDEX(人口源表!$1:$1048576,MATCH($B9,人口源表!$A:$A,0),MATCH(J$1,人口源表!$1:$1,0))-INDEX(城镇人口!$1:$1048576,MATCH($B9,城镇人口!$B:$B,0),MATCH(J$1,城镇人口!$1:$1,0)) -> 4237088.9 | K9: =INDEX(人口源表!$1:$1048576,MATCH($B9,人口源表!$A:$A,0),MATCH(K$1,人口源表!$1:$1,0))-INDEX(城镇人口!$1:$1048576,MATCH($B9,城镇人口!$B:$B,0),MATCH(K$1,城镇人口!$1:$1,0)) -> 4181938.9 | ... AV9: =INDEX(人口源表!$1:$1048576,MATCH($B9,人口源表!$A:$A,0),MATCH(AV$1,人口源表!$1:$1,0))-INDEX(城镇人口!$1:$1048576,MATCH($B9,城镇人口!$B:$B,0),MATCH(AV$1,城镇人口!$1:$1,0)) -> 2395409.8
A10: 河北省 | B10: 张家口市 | C10: =VLOOKUP(B10,'[1]2016省城人口总结（根）'!B:C,2,FALSE)/100 -> 0.50348 | D10: =INDEX(人口源表!$1:$1048576,MATCH($B10,人口源表!$A:$A,0),MATCH(D$1,人口源表!$1:$1,0))-INDEX(城镇人口!$1:$1048576,MATCH($B10,城镇人口!$B:$B,0),MATCH(D$1,城镇人口!$1:$1,0)) -> 2217669 | E10: =INDEX(人口源表!$1:$1048576,MATCH($B10,人口源表!$A:$A,0),MATCH(E$1,人口源表!$1:$1,0))-INDEX(城镇人口!$1:$1048576,MATCH($B10,城镇人口!$B:$B,0),MATCH(E$1,城镇人口!$1:$1,0)) -> 2185681.1 | F10: =INDEX(人口源表!$1:$1048576,MATCH($B10,人口源表!$A:$A,0),MATCH(F$1,人口源表!$1:$1,0))-INDEX(城镇人口!$1:$1048576,MATCH($B10,城镇人口!$B:$B,0),MATCH(F$1,城镇人口!$1:$1,0)) -> 2151863.5 | G10: =INDEX(人口源表!$1:$1048576,MATCH($B10,人口源表!$A:$A,0),MATCH(G$1,人口源表!$1:$1,0))-INDEX(城镇人口!$1:$1048576,MATCH($B10,城镇人口!$B:$B,0),MATCH(G$1,城镇人口!$1:$1,0)) -> 1932093.7 | H10: =INDEX(人口源表!$1:$1048576,MATCH($B10,人口源表!$A:$A,0),MATCH(H$1,人口源表!$1:$1,0))-INDEX(城镇人口!$1:$1048576,MATCH($B10,城镇人口!$B:$B,0),MATCH(H$1,城镇人口!$1:$1,0)) -> 1900169.3 | I10: =INDEX(人口源表!$1:$1048576,MATCH($B10,人口源表!$A:$A,0),MATCH(I$1,人口源表!$1:$1,0))-INDEX(城镇人口!$1:$1048576,MATCH($B10,城镇人口!$B:$B,0),MATCH(I$1,城镇人口!$1:$1,0)) -> 1882551.4 | J10: =INDEX(人口源表!$1:$1048576,MATCH($B10,人口源表!$A:$A,0),MATCH(J$1,人口源表!$1:$1,0))-INDEX(城镇人口!$1:$1048576,MATCH($B10,城镇人口!$B:$B,0),MATCH(J$1,城镇人口!$1:$1,0)) -> 1864084.6 | K10: =INDEX(人口源表!$1:$1048576,MATCH($B10,人口源表!$A:$A,0),MATCH(K$1,人口源表!$1:$1,0))-INDEX(城镇人口!$1:$1048576,MATCH($B10,城镇人口!$B:$B,0),MATCH(K$1,城镇人口!$1:$1,0)) -> 1844725.3 | ... AV10: =INDEX(人口源表!$1:$1048576,MATCH($B10,人口源表!$A:$A,0),MATCH(AV$1,人口源表!$1:$1,0))-INDEX(城镇人口!$1:$1048576,MATCH($B10,城镇人口!$B:$B,0),MATCH(AV$1,城镇人口!$1:$1,0)) -> 1135529.1
A11: 河北省 | B11: 承德市 | C11: =VLOOKUP(B11,'[1]2016省城人口总结（根）'!B:C,2,FALSE)/100 -> 0.50348 | D11: =INDEX(人口源表!$1:$1048576,MATCH($B11,人口源表!$A:$A,0),MATCH(D$1,人口源表!$1:$1,0))-INDEX(城镇人口!$1:$1048576,MATCH($B11,城镇人口!$B:$B,0),MATCH(D$1,城镇人口!$1:$1,0)) -> 1787259.7 | E11: =INDEX(人口源表!$1:$1048576,MATCH($B11,人口源表!$A:$A,0),MATCH(E$1,人口源表!$1:$1,0))-INDEX(城镇人口!$1:$1048576,MATCH($B11,城镇人口!$B:$B,0),MATCH(E$1,城镇人口!$1:$1,0)) -> 1763364.9 | F11: =INDEX(人口源表!$1:$1048576,MATCH($B11,人口源表!$A:$A,0),MATCH(F$1,人口源表!$1:$1,0))-INDEX(城镇人口!$1:$1048576,MATCH($B11,城镇人口!$B:$B,0),MATCH(F$1,城镇人口!$1:$1,0)) -> 1737914.9 | G11: =INDEX(人口源表!$1:$1048576,MATCH($B11,人口源表!$A:$A,0),MATCH(G$1,人口源表!$1:$1,0))-INDEX(城镇人口!$1:$1048576,MATCH($B11,城镇人口!$B:$B,0),MATCH(G$1,城镇人口!$1:$1,0)) -> 1571930 | H11: =INDEX(人口源表!$1:$1048576,MATCH($B11,人口源表!$A:$A,0),MATCH(H$1,人口源表!$1:$1,0))-INDEX(城镇人口!$1:$1048576,MATCH($B11,城镇人口!$B:$B,0),MATCH(H$1,城镇人口!$1:$1,0)) -> 1547521.6 | I11: =INDEX(人口源表!$1:$1048576,MATCH($B11,人口源表!$A:$A,0),MATCH(I$1,人口源表!$1:$1,0))-INDEX(城镇人口!$1:$1048576,MATCH($B11,城镇人口!$B:$B,0),MATCH(I$1,城镇人口!$1:$1,0)) -> 1534976 | J11: =INDEX(人口源表!$1:$1048576,MATCH($B11,人口源表!$A:$A,0),MATCH(J$1,人口源表!$1:$1,0))-INDEX(城镇人口!$1:$1048576,MATCH($B11,城镇人口!$B:$B,0),MATCH(J$1,城镇人口!$1:$1,0)) -> 1521921.9 | K11: =INDEX(人口源表!$1:$1048576,MATCH($B11,人口源表!$A:$A,0),MATCH(K$1,人口源表!$1:$1,0))-INDEX(城镇人口!$1:$1048576,MATCH($B11,城镇人口!$B:$B,0),MATCH(K$1,城镇人口!$1:$1,0)) -> 1508283.7 | ... AV11: =INDEX(人口源表!$1:$1048576,MATCH($B11,人口源表!$A:$A,0),MATCH(AV$1,人口源表!$1:$1,0))-INDEX(城镇人口!$1:$1048576,MATCH($B11,城镇人口!$B:$B,0),MATCH(AV$1,城镇人口!$1:$1,0)) -> 976843.8
A12: 河北省 | B12: 沧州市 | C12: =VLOOKUP(B12,'[1]2016省城人口总结（根）'!B:C,2,FALSE)/100 -> 0.5568 | D12: =INDEX(人口源表!$1:$1048576,MATCH($B12,人口源表!$A:$A,0),MATCH(D$1,人口源表!$1:$1,0))-INDEX(城镇人口!$1:$1048576,MATCH($B12,城镇人口!$B:$B,0),MATCH(D$1,城镇人口!$1:$1,0)) -> 3304683.1 | E12: =INDEX(人口源表!$1:$1048576,MATCH($B12,人口源表!$A:$A,0),MATCH(E$1,人口源表!$1:$1,0))-INDEX(城镇人口!$1:$1048576,MATCH($B12,城镇人口!$B:$B,0),MATCH(E$1,城镇人口!$1:$1,0)) -> 3250389 | F12: =INDEX(人口源表!$1:$1048576,MATCH($B12,人口源表!$A:$A,0),MATCH(F$1,人口源表!$1:$1,0))-INDEX(城镇人口!$1:$1048576,MATCH($B12,城镇人口!$B:$B,0),MATCH(F$1,城镇人口!$1:$1,0)) -> 3192507.9 | G12: =INDEX(人口源表!$1:$1048576,MATCH($B12,人口源表!$A:$A,0),MATCH(G$1,人口源表!$1:$1,0))-INDEX(城镇人口!$1:$1048576,MATCH($B12,城镇人口!$B:$B,0),MATCH(G$1,城镇人口!$1:$1,0)) -> 3010496.7 | H12: =INDEX(人口源表!$1:$1048576,MATCH($B12,人口源表!$A:$A,0),MATCH(H$1,人口源表!$1:$1,0))-INDEX(城镇人口!$1:$1048576,MATCH($B12,城镇人口!$B:$B,0),MATCH(H$1,城镇人口!$1:$1,0)) -> 2951681.6 | I12: =INDEX(人口源表!$1:$1048576,MATCH($B12,人口源表!$A:$A,0),MATCH(I$1,人口源表!$1:$1,0))-INDEX(城镇人口!$1:$1048576,MATCH($B12,城镇人口!$B:$B,0),MATCH(I$1,城镇人口!$1:$1,0)) -> 2921247.2 | J12: =INDEX(人口源表!$1:$1048576,MATCH($B12,人口源表!$A:$A,0),MATCH(J$1,人口源表!$1:$1,0))-INDEX(城镇人口!$1:$1048576,MATCH($B12,城镇人口!$B:$B,0),MATCH(J$1,城镇人口!$1:$1,0)) -> 2889537.2 | K12: =INDEX(人口源表!$1:$1048576,MATCH($B12,人口源表!$A:$A,0),MATCH(K$1,人口源表!$1:$1,0))-INDEX(城镇人口!$1:$1048576,MATCH($B12,城镇人口!$B:$B,0),MATCH(K$1,城镇人口!$1:$1,0)) -> 2856457.9 | ... AV12: =INDEX(人口源表!$1:$1048576,MATCH($B12,人口源表!$A:$A,0),MATCH(AV$1,人口源表!$1:$1,0))-INDEX(城镇人口!$1:$1048576,MATCH($B12,城镇人口!$B:$B,0),MATCH(AV$1,城镇人口!$1:$1,0)) -> 1765367.9
A13: 河北省 | B13: 廊坊市 | C13: =VLOOKUP(B13,'[1]2016省城人口总结（根）'!B:C,2,FALSE)/100 -> 0.58346 | D13: =INDEX(人口源表!$1:$1048576,MATCH($B13,人口源表!$A:$A,0),MATCH(D$1,人口源表!$1:$1,0))-INDEX(城镇人口!$1:$1048576,MATCH($B13,城镇人口!$B:$B,0),MATCH(D$1,城镇人口!$1:$1,0)) -> 1913174.8 | E13: =INDEX(人口源表!$1:$1048576,MATCH($B13,人口源表!$A:$A,0),MATCH(E$1,人口源表!$1:$1,0))-INDEX(城镇人口!$1:$1048576,MATCH($B13,城镇人口!$B:$B,0),MATCH(E$1,城镇人口!$1:$1,0)) -> 1880593.2 | F13: =INDEX(人口源表!$1:$1048576,MATCH($B13,人口源表!$A:$A,0),MATCH(F$1,人口源表!$1:$1,0))-INDEX(城镇人口!$1:$1048576,MATCH($B13,城镇人口!$B:$B,0),MATCH(F$1,城镇人口!$1:$1,0)) -> 1845612.3 | G13: =INDEX(人口源表!$1:$1048576,MATCH($B13,人口源表!$A:$A,0),MATCH(G$1,人口源表!$1:$1,0))-INDEX(城镇人口!$1:$1048576,MATCH($B13,城镇人口!$B:$B,0),MATCH(G$1,城镇人口!$1:$1,0)) -> 2091515.2 | H13: =INDEX(人口源表!$1:$1048576,MATCH($B13,人口源表!$A:$A,0),MATCH(H$1,人口源表!$1:$1,0))-INDEX(城镇人口!$1:$1048576,MATCH($B13,城镇人口!$B:$B,0),MATCH(H$1,城镇人口!$1:$1,0)) -> 2053308.4 | I13: =INDEX(人口源表!$1:$1048576,MATCH($B13,人口源表!$A:$A,0),MATCH(I$1,人口源表!$1:$1,0))-INDEX(城镇人口!$1:$1048576,MATCH($B13,城镇人口!$B:$B,0),MATCH(I$1,城镇人口!$1:$1,0)) -> 2035275.6 | J13: =INDEX(人口源表!$1:$1048576,MATCH($B13,人口源表!$A:$A,0),MATCH(J$1,人口源表!$1:$1,0))-INDEX(城镇人口!$1:$1048576,MATCH($B13,城镇人口!$B:$B,0),MATCH(J$1,城镇人口!$1:$1,0)) -> 2014530.2 | K13: =INDEX(人口源表!$1:$1048576,MATCH($B13,人口源表!$A:$A,0),MATCH(K$1,人口源表!$1:$1,0))-INDEX(城镇人口!$1:$1048576,MATCH($B13,城镇人口!$B:$B,0),MATCH(K$1,城镇人口!$1:$1,0)) -> 1991250.5 | ... AV13: =INDEX(人口源表!$1:$1048576,MATCH($B13,人口源表!$A:$A,0),MATCH(AV$1,人口源表!$1:$1,0))-INDEX(城镇人口!$1:$1048576,MATCH($B13,城镇人口!$B:$B,0),MATCH(AV$1,城镇人口!$1:$1,0)) -> 1139762.2
... A368: 西藏自治区 | B368: 阿里地区 | C368: =VLOOKUP(B368,'[1]2016省城人口总结（根）'!B:C,2,FALSE)/100 -> 0.3136 | D368: =INDEX(人口源表!$1:$1048576,MATCH($B368,人口源表!$A:$A,0),MATCH(D$1,人口源表!$1:$1,0))-INDEX(城镇人口!$1:$1048576,MATCH($B368,城镇人口!$B:$B,0),MATCH(D$1,城镇人口!$1:$1,0)) -> 69871.147 | E368: =INDEX(人口源表!$1:$1048576,MATCH($B368,人口源表!$A:$A,0),MATCH(E$1,人口源表!$1:$1,0))-INDEX(城镇人口!$1:$1048576,MATCH($B368,城镇人口!$B:$B,0),MATCH(E$1,城镇人口!$1:$1,0)) -> 69936.884 | F368: =INDEX(人口源表!$1:$1048576,MATCH($B368,人口源表!$A:$A,0),MATCH(F$1,人口源表!$1:$1,0))-INDEX(城镇人口!$1:$1048576,MATCH($B368,城镇人口!$B:$B,0),MATCH(F$1,城镇人口!$1:$1,0)) -> 69964.487 | G368: =INDEX(人口源表!$1:$1048576,MATCH($B368,人口源表!$A:$A,0),MATCH(G$1,人口源表!$1:$1,0))-INDEX(城镇人口!$1:$1048576,MATCH($B368,城镇人口!$B:$B,0),MATCH(G$1,城镇人口!$1:$1,0)) -> 81843.243 | H368: =INDEX(人口源表!$1:$1048576,MATCH($B368,人口源表!$A:$A,0),MATCH(H$1,人口源表!$1:$1,0))-INDEX(城镇人口!$1:$1048576,MATCH($B368,城镇人口!$B:$B,0),MATCH(H$1,城镇人口!$1:$1,0)) -> 81931.336 | I368: =INDEX(人口源表!$1:$1048576,MATCH($B368,人口源表!$A:$A,0),MATCH(I$1,人口源表!$1:$1,0))-INDEX(城镇人口!$1:$1048576,MATCH($B368,城镇人口!$B:$B,0),MATCH(I$1,城镇人口!$1:$1,0)) -> 82327.604 | J368: =INDEX(人口源表!$1:$1048576,MATCH($B368,人口源表!$A:$A,0),MATCH(J$1,人口源表!$1:$1,0))-INDEX(城镇人口!$1:$1048576,MATCH($B368,城镇人口!$B:$B,0),MATCH(J$1,城镇人口!$1:$1,0)) -> 82743.664 | K368: =INDEX(人口源表!$1:$1048576,MATCH($B368,人口源表!$A:$A,0),MATCH(K$1,人口源表!$1:$1,0))-INDEX(城镇人口!$1:$1048576,MATCH($B368,城镇人口!$B:$B,0),MATCH(K$1,城镇人口!$1:$1,0)) -> 83170.34 | ... AV368: =INDEX(人口源表!$1:$1048576,MATCH($B368,人口源表!$A:$A,0),MATCH(AV$1,人口源表!$1:$1,0))-INDEX(城镇人口!$1:$1048576,MATCH($B368,城镇人口!$B:$B,0),MATCH(AV$1,城镇人口!$1:$1,0)) -> 85782.033
B370: 总人口 | D370: =SUM(D$2:D$368) -> 2.4944143e+08 | E370: =SUM(E$2:E$368) -> 2.4502125e+08 | F370: =SUM(F$2:F$368) -> 2.4033961e+08 | G370: =SUM(G$2:G$368) -> 2.2250273e+08 | H370: =SUM(H$2:H$368) -> 2.1802563e+08 | I370: =SUM(I$2:I$368) -> 2.1578155e+08 | J370: =SUM(J$2:J$368) -> 2.133469e+08 | K370: =SUM(K$2:K$368) -> 2.1072768e+08 | ... AV370: =SUM(AV$2:AV$368) -> 1.2804059e+08

Sheet 建筑总面积
B1: 2014 | C1: 2015 | D1: 2016 | E1: 2017 | F1: 2018 | G1: 2019 | H1: 2020 | I1: 2021 | J1: 2022 | K1: 2023 | L1: 2024 | M1: 2025 | N1: 2026 | O1: 2027 | P1: 2028 | Q1: 2029 | R1: 2030 | S1: 2031 | T1: 2032 | U1: 2033 | V1: 2034 | W1: 2035 | X1: 2036 | Y1: 2037 | Z1: 2038 | AA1: 2039 | AB1: 2040 | AC1: 2041 | AD1: 2042 | AE1: 2043 | AF1: 2044 | AG1: 2045 | AH1: 2046 | AI1: 2047 | AJ1: 2048 | AK1: 2049 | AL1: 2050 | AM1: 2051 | AN1: 2052 | AO1: 2053 | AP1: 2054 | AQ1: 2055 | AR1: 2056 | AS1: 2057 | AT1: 2058 | AU1: 2059 | AV1: 2060 | AW1: 2061
A2: 城镇人均住宅面积 | B2: 34.24 | C2: 34.24 | D2: 34.24 | E2: =$D$2*POWER(1.003,E$1-2016) -> 34.34272 | F2: =$D$2*POWER(1.003,F$1-2016) -> 34.445748 | G2: =$D$2*POWER(1.003,G$1-2016) -> 34.549085 | H2: =$D$2*POWER(1.003,H$1-2016) -> 34.652733 | I2: =$D$2*POWER(1.003,I$1-2016) -> 34.756691 | J2: =$D$2*POWER(1.003,J$1-2016) -> 34.860961 | K2: =$D$2*POWER(1.003,K$1-2016) -> 34.965544 | L2: =$D$2*POWER(1.003,L$1-2016) -> 35.07044 | ... AV2: =$D$2*POWER(1.003,AV$1-2016) -> 39.063829 | AW2: =_xlfn.FORECAST.LINEAR(AW$1,AP2:AV2,AP$1:AV$1) -> 39.17893
A3: 人均公建面积 | B3: 14.12 | C3: 14.12 | D3: 14.12 | E3: =$D$3*POWER(1.01,E$1-2016) -> 14.2612 | F3: =$D$3*POWER(1.01,F$1-2016) -> 14.403812 | G3: =$D$3*POWER(1.01,G$1-2016) -> 14.54785 | H3: =$D$3*POWER(1.01,H$1-2016) -> 14.693329 | I3: =$D$3*POWER(1.01,I$1-2016) -> 14.840262 | J3: =$D$3*POWER(1.01,J$1-2016) -> 14.988665 | K3: =$D$3*POWER(1.01,K$1-2016) -> 15.138551 | L3: =$D$3*POWER(1.01,L$1-2016) -> 15.289937 | ... AV3: =$D$3*POWER(1.01,AV$1-2016) -> 21.876364 | AW3: =_xlfn.FORECAST.LINEAR(AW$1,AP3:AV3,AP$1:AV$1) -> 22.082387
A4: 农村人均住宅面积 | B4: =42.16 -> 42.16 | C4: =42.16 -> 42.16 | D4: =42.16 -> 42.16 | E4: =$D$4*1.003^(E1-2016) -> 42.28648 | F4: =$D$4*1.003^(F1-2016) -> 42.413339 | G4: =$D$4*1.003^(G1-2016) -> 42.540579 | H4: =$D$4*1.003^(H1-2016) -> 42.668201 | I4: =$D$4*1.003^(I1-2016) -> 42.796206 | J4: =$D$4*1.003^(J1-2016) -> 42.924594 | K4: =$D$4*1.003^(K1-2016) -> 43.053368 | L4: =$D$4*1.003^(L1-2016) -> 43.182528 | ... AV4: =$D$4*1.003^(AV1-2016) -> 48.099621 | AW4: =_xlfn.FORECAST.LINEAR(AW$1,AP4:AV4,AP$1:AV$1) -> 48.241346
A8: 城镇住宅面积 | B8: =D$2*城镇人口!D$370 -> 2.7902625e+10 | C8: =D$2*城镇人口!D$370 -> 2.7902625e+10 | D8: =D$2*城镇人口!D$370 -> 2.7902625e+10 | E8: =E$2*城镇人口!E$370 -> 2.8620877e+10 | F8: =F$2*城镇人口!F$370 -> 2.9344096e+10 | G8: =G$2*城镇人口!G$370 -> 3.0390961e+10 | H8: =H$2*城镇人口!H$370 -> 3.124045e+10 | I8: =I$2*城镇人口!I$370 -> 3.1865707e+10 | J8: =J$2*城镇人口!J$370 -> 3.2477577e+10 | K8: =K$2*城镇人口!K$370 -> 3.3076092e+10 | ... AV8: =AV$2*城镇人口!AV$370 -> 4.004995e+10 | AW8: =_xlfn.FORECAST.LINEAR(AW$1,AP8:AV8,AP$1:AV$1) -> 4.0071729e+10
A9: 公建面积 | B9: =D$3*城镇人口!D$370 -> 1.1506573e+10 | C9: =D$3*城镇人口!D$370 -> 1.1506573e+10 | D9: =D$3*城镇人口!D$370 -> 1.1506573e+10 | E9: =E$3*城镇人口!E$370 -> 1.188514e+10 | F9: =F$3*城镇人口!F$370 -> 1.2270508e+10 | G9: =G$3*城镇人口!G$370 -> 1.2796956e+10 | H9: =H$3*城镇人口!H$370 -> 1.3246465e+10 | I9: =I$3*城镇人口!I$370 -> 1.3605882e+10 | J9: =J$3*城镇人口!J$370 -> 1.3963915e+10 | K9: =K$3*城镇人口!K$370 -> 1.4320501e+10 | ... AV9: =AV$3*城镇人口!AV$370 -> 2.2428607e+10 | AW9: =_xlfn.FORECAST.LINEAR(AW$1,AP9:AV9,AP$1:AV$1) -> 2.2589591e+10
A10: 农村住宅面积 | B10: =D$4*农村人口!D$370 -> 2.4077123e+10 | C10: =D$4*农村人口!D$370 -> 2.4077123e+10 | D10: =D$4*农村人口!D$370 -> 2.4077123e+10 | E10: =E$4*农村人口!E$370 -> 2.3682663e+10 | F10: =F$4*农村人口!F$370 -> 2.3260335e+10 | G10: =G$4*农村人口!G$370 -> 2.2169906e+10 | H10: =H$4*农村人口!H$370 -> 2.1737218e+10 | I10: =I$4*农村人口!I$370 -> 2.1545486e+10 | J10: =J$4*农村人口!J$370 -> 2.1335208e+10 | K10: =K$4*农村人口!K$370 -> 2.110651e+10 | ... AV10: =AV$4*农村人口!AV$370 -> 1.3890615e+10 | AW10: =_xlfn.FORECAST.LINEAR(AW$1,AP10:AV10,AP$1:AV$1) -> 1.3702853e+10
A11: 城市住宅取暖面积 | D11: =城市取暖人口!D370*D2 -> 1.1550022e+10 | E11: =城市取暖人口!E370*E2 -> 1.1846972e+10 | F11: =城市取暖人口!F370*F2 -> 1.2145457e+10 | G11: =城市取暖人口!G370*G2 -> 1.2113237e+10 | H11: =城市取暖人口!H370*H2 -> 1.2446457e+10 | I11: =城市取暖人口!I370*I2 -> 1.2689885e+10 | J11: =城市取暖人口!J370*J2 -> 1.2927501e+10 | K11: =城市取暖人口!K370*K2 -> 1.3159354e+10 | ... AV11: =城市取暖人口!AV370*AV2 -> 1.5694125e+10 | AW11: =_xlfn.FORECAST.LINEAR(AW$1,AP11:AV11,AP$1:AV$1) -> 1.5698868e+10
A12: 农村住宅取暖面积 | D12: ='农村取暖人口 '!D370*D4 -> 1.0516451e+10 | E12: ='农村取暖人口 '!E370*E4 -> 1.0361086e+10 | F12: ='农村取暖人口 '!F370*F4 -> 1.0193605e+10 | G12: ='农村取暖人口 '!G370*G4 -> 9.4653949e+09 | H12: ='农村取暖人口 '!H370*H4 -> 9.3027614e+09 | I12: ='农村取暖人口 '!I370*I4 -> 9.2346316e+09 | J12: ='农村取暖人口 '!J370*J4 -> 9.1578292e+09 | K12: ='农村取暖人口 '!K370*K4 -> 9.0725364e+09 | ... AV12: ='农村取暖人口 '!AV370*AV4 -> 6.158704e+09 | AW12: =_xlfn.FORECAST.LINEAR(AW$1,AP12:AV12,AP$1:AV$1) -> 6.0811601e+09
A13: 公建取暖面积 | D13: =城市取暖人口!D370*D3 -> 4.7630346e+09 | E13: =城市取暖人口!E370*E3 -> 4.919588e+09 | F13: =城市取暖人口!F370*F3 -> 5.0787367e+09 | G13: =城市取暖人口!G370*G3 -> 5.1006143e+09 | H13: =城市取暖人口!H370*H3 -> 5.2775026e+09 | I13: =城市取暖人口!I370*I3 -> 5.4182724e+09 | J13: =城市取暖人口!J370*J3 -> 5.558251e+09 | K13: =城市取暖人口!K370*K3 -> 5.6974246e+09 | ... AV13: =城市取暖人口!AV370*AV3 -> 8.7889588e+09 | AW13: =_xlfn.FORECAST.LINEAR(AW$1,AP13:AV13,AP$1:AV$1) -> 8.8500787e+09
D16: =D11/D8 -> 0.41394032 | E16: =E11/E8 -> 0.41392763 | F16: =F11/F8 -> 0.41389783 | G16: =G11/G8 -> 0.39858026 | H16: =H11/H8 -> 0.39840839 | I16: =I11/I8 -> 0.39823015 | J16: =J11/J8 -> 0.39804388 | K16: =K11/K8 -> 0.39785092 | ... AV16: =AV11/AV8 -> 0.39186378 | AW16: =_xlfn.FORECAST.LINEAR(AW$1,AP16:AV16,AP$1:AV$1) -> 0.3917683

Sheet 每年新建拆除和既存
A1: 年份 | B1: 房屋竣工面积（房地产，算城镇）
C2: 住宅 | D2: 办公楼 | E2: 商业营 业用房 | F2: 其他 | G2: 公建
A3: 2014 | B3: 75085237 | C3: 60633524 | D3: 1271712 | E3: 8164655 | F3: 5015346 | G3: =B3-C3 -> 14451713
A4: 2015 | B4: 77873097 | C4: 60907374 | D4: 1829328 | E4: 8376723 | F4: 6759672 | G4: =B4-C4 -> 16965723
A5: 2016 | B5: 82777598 | C5: 61855645 | D5: 3554944 | E5: 9812109 | F5: 7554900 | G5: =B5-C5 -> 20921953
A6: 2017 | B6: 82534995 | C6: 63581612 | D6: 2930849 | E6: 8163583 | F6: 7858951 | G6: =B6-C6 -> 18953383
A7: 2018 | B7: 84290627 | C7: 64064603 | D7: 2799089 | E7: 10280980 | F7: 7145955 | G7: =B7-C7 -> 20226024
A8: 2019 | B8: 104460571 | C8: 80099985 | D8: 3567624 | E8: 10700536 | F8: 10092426 | G8: =B8-C8 -> 24360586
A9: 2020 | B9: 101792488 | C9: 77346533 | D9: 3814238 | E9: 10220422 | F9: 10411295 | G9: =B9-C9 -> 24445955
A10: 2021 | B10: 93258594 | C10: 71725477 | D10: 2195061 | E10: 7063190 | F10: 12274866 | G10: =B10-C10 -> 21533117
A44: 新建
A45: 年份 | B45: 2014 | C45: 2015 | D45: 2016 | E45: 2017 | F45: 2018 | G45: 2019 | H45: 2020 | I45: 2021 | J45: 2022 | K45: 2023 | L45: 2024 | M45: 2025 | N45: 2026 | O45: 2027 | P45: 2028 | Q45: 2029 | R45: 2030 | S45: 2031 | T45: 2032 | U45: 2033 | V45: 2034 | W45: 2035 | X45: 2036 | Y45: 2037 | Z45: 2038 | AA45: 2039 | AB45: 2040 | AC45: 2041 | AD45: 2042 | AE45: 2043 | AF45: 2044 | AG45: 2045 | AH45: 2046 | AI45: 2047 | AJ45: 2048 | AK45: 2049 | AL45: 2050 | AM45: 2051 | AN45: 2052 | AO45: 2053 | AP45: 2054 | AQ45: 2055 | AR45: 2056 | AS45: 2057 | AT45: 2058 | AU45: 2059 | AV45: 2060 | AW45: 2061 | AX45: 2062
A46: 城市新建住宅面积 | B46: 60633524 | C46: 60907374 | D46: 61855645 | E46: 63581612 | F46: 64064603 | G46: 80099985 | H46: 77346533 | I46: 71725477 | J46: =8000000*LN(J45-2013)+60000000 -> 77577797 | K46: =8000000*LN(K45-2013)+60000000 -> 78420681 | L46: =8000000*LN(L45-2013)+60000000 -> 79183162 | M46: =8000000*LN(M45-2013)+60000000 -> 79879253 | N46: =8000000*LN(N45-2013)+60000000 -> 80519595 | O46: =8000000*LN(O45-2013)+60000000 -> 81112459 | P46: =8000000*LN(P45-2013)+60000000 -> 81664402 | Q46: =8000000*LN(Q45-2013)+60000000 -> 82180710 | ... AX46: =8000000*LN(AX45-2013)+60000000 -> 91134562
A47: 新建公建面积 | B47: 14451713 | C47: 16965723 | D47: 20921953 | E47: 18953383 | F47: 20226024 | G47: 24360586 | H47: 24445955 | I47: 21533117 | J47: =4000000*LN(J45-2013)+10000000 -> 18788898 | K47: =4000000*LN(K45-2013)+10000000 -> 19210340 | L47: =4000000*LN(L45-2013)+10000000 -> 19591581 | M47: =4000000*LN(M45-2013)+10000000 -> 19939627 | N47: =4000000*LN(N45-2013)+10000000 -> 20259797 | O47: =4000000*LN(O45-2013)+10000000 -> 20556229 | P47: =4000000*LN(P45-2013)+10000000 -> 20832201 | Q47: =4000000*LN(Q45-2013)+10000000 -> 21090355 | ... AX47: =4000000*LN(AX45-2013)+10000000 -> 25567281
A48: 新建住宅总面积 | B48: 166227824 | C48: 170836083 | D48: 168000000 | E48: 163708419 | F48: 158203541 | G48: 154125025 | H48: 151725453 | I48: 145127024 | J48: =200000000*EXP(-0.022*(J45-2013)) -> 1.6407397e+08 | K48: =200000000*EXP(-0.022*(K45-2013)) -> 1.6050376e+08 | L48: =200000000*EXP(-0.022*(L45-2013)) -> 1.5701124e+08 | M48: =200000000*EXP(-0.022*(M45-2013)) -> 1.5359471e+08 | N48: =200000000*EXP(-0.022*(N45-2013)) -> 1.5025252e+08 | O48: =200000000*EXP(-0.022*(O45-2013)) -> 1.4698306e+08 | P48: =200000000*EXP(-0.022*(P45-2013)) -> 1.4378475e+08 | Q48: =200000000*EXP(-0.022*(Q45-2013)) -> 1.4065602e+08 | ... AX48: =200000000*EXP(-0.022*(AX45-2013)) -> 68055079
A49: 新建农村住宅总面积 | B49: =IF(B48>B46,B48-B46,0) -> 105594300 | C49: =IF(C48>C46,C48-C46,0) -> 109928709 | D49: =IF(D48>D46,D48-D46,0) -> 106144355 | E49: =IF(E48>E46,E48-E46,0) -> 100126807 | F49: =IF(F48>F46,F48-F46,0) -> 94138938 | G49: =IF(G48>G46,G48-G46,0) -> 74025040 | H49: =IF(H48>H46,H48-H46,0) -> 74378920 | I49: =IF(I48>I46,I48-I46,0) -> 73401547 | ... AX49: =IF(AX48>AX46,AX48-AX46,0) -> 0
A52: 拆除和既存 | B52: 2014 | C52: 2015 | D52: 2016 | E52: 2017 | F52: 2018 | G52: 2019 | H52: 2020 | I52: 2021 | J52: 2022 | K52: 2023 | L52: 2024 | M52: 2025 | N52: 2026 | O52: 2027 | P52: 2028 | Q52: 2029 | R52: 2030 | S52: 2031 | T52: 2032 | U52: 2033 | V52: 2034 | W52: 2035 | X52: 2036 | Y52: 2037 | Z52: 2038 | AA52: 2039 | AB52: 2040 | AC52: 2041 | AD52: 2042 | AE52: 2043 | AF52: 2044 | AG52: 2045 | AH52: 2046 | AI52: 2047 | AJ52: 2048 | AK52: 2049 | AL52: 2050 | AM52: 2051 | AN52: 2052 | AO52: 2053 | AP52: 2054 | AQ52: 2055 | AR52: 2056 | AS52: 2057 | AT52: 2058 | AU52: 2059 | AV52: 2060
A53: 城镇住宅拆除 | B53: =IF(C46-(建筑总面积!C8-建筑总面积!B8)>0,C46-(建筑总面积!C8-建筑总面积!B8),0) -> 60907374 | C53: =IF(D46-(建筑总面积!D8-建筑总面积!C8)>0,D46-(建筑总面积!D8-建筑总面积!C8),0) -> 61855645 | D53: =IF(E46-(建筑总面积!E8-建筑总面积!D8)>0,E46-(建筑总面积!E8-建筑总面积!D8),0) -> 0 | E53: =IF(F46-(建筑总面积!F8-建筑总面积!E8)>0,F46-(建筑总面积!F8-建筑总面积!E8),0) -> 0 | F53: =IF(G46-(建筑总面积!G8-建筑总面积!F8)>0,G46-(建筑总面积!G8-建筑总面积!F8),0) -> 0 | G53: =IF(H46-(建筑总面积!H8-建筑总面积!G8)>0,H46-(建筑总面积!H8-建筑总面积!G8),0) -> 0 | H53: =IF(I46-(建筑总面积!I8-建筑总面积!H8)>0,I46-(建筑总面积!I8-建筑总面积!H8),0) -> 0 | I53: =IF(J46-(建筑总面积!J8-建筑总面积!I8)>0,J46-(建筑总面积!J8-建筑总面积!I8),0) -> 0 | ... AV53: =IF(AW46-(建筑总面积!AW8-建筑总面积!AV8)>0,AW46-(建筑总面积!AW8-建筑总面积!AV8),0) -> 69190024
A54: 城镇住宅既存 | B54: =建筑总面积!B8-B53 -> 2.7841718e+10 | C54: =建筑总面积!C8-C53 -> 2.784077e+10 | D54: =建筑总面积!D8-D53 -> 2.7902625e+10 | E54: =建筑总面积!E8-E53 -> 2.8620877e+10 | F54: =建筑总面积!F8-F53 -> 2.9344096e+10 | G54: =建筑总面积!G8-G53 -> 3.0390961e+10 | H54: =建筑总面积!H8-H53 -> 3.124045e+10 | I54: =建筑总面积!I8-I53 -> 3.1865707e+10 | ... AV54: =建筑总面积!AV8-AV53 -> 3.998076e+10
A55: 农村住宅拆除 | B55: =B49-(建筑总面积!C10-建筑总面积!B10) -> 105594300 | C55: =C49-(建筑总面积!D10-建筑总面积!C10) -> 109928709 | D55: =D49-(建筑总面积!E10-建筑总面积!D10) -> 5.0060459e+08 | E55: =E49-(建筑总面积!F10-建筑总面积!E10) -> 5.2245438e+08 | F55: =F49-(建筑总面积!G10-建筑总面积!F10) -> 1.1845683e+09 | G55: =G49-(建筑总面积!H10-建筑总面积!G10) -> 5.0671348e+08 | H55: =H49-(建筑总面积!I10-建筑总面积!H10) -> 2.6611021e+08 | I55: =I49-(建筑总面积!J10-建筑总面积!I10) -> 2.8367975e+08 | ... AV55: =AV49-(建筑总面积!AW10-建筑总面积!AV10) -> 1.8776258e+08
A56: 农村住宅既存 | B56: =建筑总面积!B10-B55 -> 2.3971529e+10 | C56: =建筑总面积!C10-C55 -> 2.3967195e+10 | D56: =建筑总面积!D10-D55 -> 2.3576519e+10 | E56: =建筑总面积!E10-E55 -> 2.3160209e+10 | F56: =建筑总面积!F10-F55 -> 2.2075767e+10 | G56: =建筑总面积!G10-G55 -> 2.1663193e+10 | H56: =建筑总面积!H10-H55 -> 2.1471107e+10 | I56: =建筑总面积!I10-I55 -> 2.1261807e+10 | ... AV56: =建筑总面积!AV10-AV55 -> 1.3702853e+10
A57: 公建拆除 | B57: =IF(B47-(建筑总面积!C9-建筑总面积!B9)>0,B47-(建筑总面积!C9-建筑总面积!B9),0) -> 14451713 | C57: =IF(C47-(建筑总面积!D9-建筑总面积!C9)>0,C47-(建筑总面积!D9-建筑总面积!C9),0) -> 16965723 | D57: =IF(D47-(建筑总面积!E9-建筑总面积!D9)>0,D47-(建筑总面积!E9-建筑总面积!D9),0) -> 0 | E57: =IF(E47-(建筑总面积!F9-建筑总面积!E9)>0,E47-(建筑总面积!F9-建筑总面积!E9),0) -> 0 | F57: =IF(F47-(建筑总面积!G9-建筑总面积!F9)>0,F47-(建筑总面积!G9-建筑总面积!F9),0) -> 0 | G57: =IF(G47-(建筑总面积!H9-建筑总面积!G9)>0,G47-(建筑总面积!H9-建筑总面积!G9),0) -> 0 | H57: =IF(H47-(建筑总面积!I9-建筑总面积!H9)>0,H47-(建筑总面积!I9-建筑总面积!H9),0) -> 0 | I57: =IF(I47-(建筑总面积!J9-建筑总面积!I9)>0,I47-(建筑总面积!J9-建筑总面积!I9),0) -> 0 | ... AV57: =IF(AV47-(建筑总面积!AW9-建筑总面积!AV9)>0,AV47-(建筑总面积!AW9-建筑总面积!AV9),0) -> 0
A58: 公建既存 | B58: =建筑总面积!B10-B57 -> 2.4062672e+10 | C58: =建筑总面积!C10-C57 -> 2.4060158e+10 | D58: =建筑总面积!D10-D57 -> 2.4077123e+10 | E58: =建筑总面积!E10-E57 -> 2.3682663e+10 | F58: =建筑总面积!F10-F57 -> 2.3260335e+10 | G58: =建筑总面积!G10-G57 -> 2.2169906e+10 | H58: =建筑总面积!H10-H57 -> 2.1737218e+10 | I58: =建筑总面积!I10-I57 -> 2.1545486e+10 | ... AV58: =建筑总面积!AV10-AV57 -> 1.3890615e+10

Sheet 构件花费
C1: 3 | E1: 汇率折算
A2: 位置（标注城市即可） | C2: 青岛
A3: 建筑类型 | C3: 平度中心医院医疗综合楼
A4: 建筑面积 | C4: 134600
A5: 采用节能标准
A6: 建设年代 | C6: 2018
A7: 设备成本（元/平米） | B7: 供暖 | C7: 6.9 | E7: =C7*汇率换算!$B$20 -> 0.96803224
B8: 通风空调 | C8: 639.29 | E8: =C8*汇率换算!$B$20 -> 89.688889
B9: 墙体保温围护 | E9: =C9*汇率换算!$B$20 -> 0
B10: 照明 | C10: 482.64 | E10: =C10*汇率换算!$B$20 -> 67.711751
B11: 其他
A14: 三、每百户耐用消费品拥有情况 | B14: Number of Durable Consumer Goods Owned
B15: by Per 100 Households | C15: 全体居民 | D15: 城镇居民 | E15: 农村居民 | G15: 城镇人均拥有 | H15: 农村人均拥有 | I15: 单价 | K15: 城镇人均appliance折算2012USD | L15: 农村人均appliance折算2012USD
A16: (一)家用汽车 (辆) | B16: Automobiles (unit) | C16: 52.260039 | D16: 61.1714 | E16: 39.994499 | G16: =D16/280 -> 0.21846929 | H16: =E16/280 -> 0.1428375 | K16: =G16*I16*汇率换算!$B$22 -> 0 | L16: =H16*I16*汇率换算!$B$22 -> 0
A17: (二)摩托车 (辆) | B17: Motorcycles (unit) | C17: 23.008154 | D17: 11.811462 | E17: 38.419209 | G17: =D17/280 -> 0.042183793 | H17: =E17/280 -> 0.13721146 | K17: =G17*I17*汇率换算!$B$22 -> 0 | L17: =H17*I17*汇率换算!$B$22 -> 0
A18: (三)电冰箱(柜) (台) | B18: Refrigerators (unit) | C18: 104.14074 | D18: 106.40306 | E18: 101.0269 | G18: =D18/280 -> 0.38001095 | H18: =E18/280 -> 0.36081034 | I18: 1584 | K18: =G18*I18*汇率换算!$B$22 -> 82.857083 | L18: =H18*I18*汇率换算!$B$22 -> 78.670608
A19: (四)洗衣机 (台) | B19: Washing Machines (unit) | C19: 99.118976 | D19: 100.89928 | E19: 96.668577 | G19: =D19/280 -> 0.36035457 | H19: =E19/280 -> 0.34524492 | I19: 1023 | K19: =G19*I19*汇率换算!$B$22 -> 50.743921 | L19: =H19*I19*汇率换算!$B$22 -> 48.616231
A20: (五)热水器 (台) | B20: Water Heaters (unit) | C20: 97.531395 | D20: 102.90077 | E20: 90.141018 | G20: =D20/280 -> 0.36750276 | H20: =E20/280 -> 0.32193221 | I20: 1200 | K20: =G20*I20*汇率换算!$B$22 -> 60.704405 | L20: =H20*I20*汇率换算!$B$22 -> 53.177024
A21: (六)空调 (台) | B21: Air Conditioner (unit) | C21: 127.63281 | D21: 151.31947 | E21: 95.030647 | G21: =D21/280 -> 0.54042668 | H21: =E21/280 -> 0.33939517 | I21: 3033 | K21: =G21*I21*汇率换算!$B$22 -> 225.62517 | L21: =H21*I21*汇率换算!$B$22 -> 141.69562
A22: (七)彩色电视机 (台) | B22: Color TV Sets (unit) | C22: 106.91744 | D22: 106.4444 | E22: 107.56853 | G22: =D22/280 -> 0.38015856 | H22: =E22/280 -> 0.38417333 | I22: 1694 | K22: =G22*I22*汇率换算!$B$22 -> 88.645467 | L22: =H22*I22*汇率换算!$B$22 -> 89.581631
A23: (八)照相机 (台) | B23: Cameras (unit) | C23: 17.545727 | D23: 27.987977 | E23: 3.1730813 | G23: =D23/280 -> 0.099957061 | H23: =E23/280 -> 0.011332433 | K23: =G23*I23*汇率换算!$B$22 -> 0 | L23: =H23*I23*汇率换算!$B$22 -> 0
A24: (九)计算机 (台) | B24: Computers (unit) | C24: 63.657901 | D24: 79.372858 | E24: 42.027936 | G24: =D24/280 -> 0.28347449 | H24: =E24/280 -> 0.15009977 | K24: =G24*I24*汇率换算!$B$22 -> 0 | L24: =H24*I24*汇率换算!$B$22 -> 0
A25: 其中：接入互联网的计算机 (台) | B25: Computers With Internet Access (unit) | C25: 54.808307 | D25: 69.224112 | E25: 34.966487 | G25: =D25/280 -> 0.24722897 | H25: =E25/280 -> 0.12488031 | K25: =G25*I25*汇率换算!$B$22 -> 0 | L25: =H25*I25*汇率换算!$B$22 -> 0
A26: (十)中高档乐器 (架) | B26: High-grade Instruments (unit) | C26: 8.5149745 | D26: 13.209037 | E26: 2.0540973 | G26: =D26/280 -> 0.047175132 | H26: =E26/280 -> 0.0073360618 | K26: =G26*I26*汇率换算!$B$22 -> 0 | L26: =H26*I26*汇率换算!$B$22 -> 0
A27: (十一)固定电话 (线) | B27: Fixed-line Phones (unit) | C27: 9.4381863 | D27: 10.936886 | E27: 7.3753855 | G27: =D27/280 -> 0.039060308 | H27: =E27/280 -> 0.026340663 | K27: =G27*I27*汇率换算!$B$22 -> 0 | L27: =H27*I27*汇率换算!$B$22 -> 0
A28: (十二)移动电话 (部) | B28: Mobile Phones (unit) | C28: 234.36808 | D28: 236.78838 | E28: 231.03679 | G28: =D28/280 -> 0.84567278 | H28: =E28/280 -> 0.8251314 | K28: =G28*I28*汇率换算!$B$22 -> 0 | L28: =H28*I28*汇率换算!$B$22 -> 0
A29: 其中：接入互联网的移动电话 (部) | B29: Mobile Phones With Internet Access (unit) | C29: 196.27202 | D29: 206.74953 | E29: 181.85084 | G29: =D29/280 -> 0.73839117 | H29: =E29/280 -> 0.64946728 | K29: =G29*I29*汇率换算!$B$22 -> 0 | L29: =H29*I29*汇率换算!$B$22 -> 0
A30: (十三)健身器材 (组) | B30: Fitness Equipment (unit) | C30: 6.6099986 | D30: 10.200612 | E30: 1.6679019 | G30: =D30/280 -> 0.036430757 | H30: =E30/280 -> 0.0059567923 | K30: =G30*I30*汇率换算!$B$22 -> 0 | L30: =H30*I30*汇率换算!$B$22 -> 0
A31: (十四)空气净化器(含新风系统) (台) | B31: Air Purifier (Including Central | C31: 6.2878308 | D31: 10.213133 | E31: 0.88506981 | G31: =D31/280 -> 0.036475476 | H31: =E31/280 -> 0.0031609636 | I31: 3800 | K31: =G31*I31*汇率换算!$B$22 -> 19.079321 | L31: =H31*I31*汇率换算!$B$22 -> 1.6534134
B32: Ventilation System) (unit) | G32: =D32/280 -> 0 | H32: =E32/280 -> 0 | K32: =G32*I32*汇率换算!$B$22 -> 0 | L32: =H32*I32*汇率换算!$B$22 -> 0
A33: (十五)吸尘器 (台) | B33: Dust Collector (unit) | C33: 12.667262 | D33: 20.46027 | E33: 1.9410168 | G33: =D33/280 -> 0.073072395 | H33: =E33/280 -> 0.0069322029 | I33: 827 | K33: =G33*I33*汇率换算!$B$22 -> 8.3183503 | L33: =H33*I33*汇率换算!$B$22 -> 0.78914195
J34: 合计 | K34: =SUM(K18,K19,K22,K31,K33) -> 249.64414 | L34: =SUM(L18,L19,L22,L31,L33) -> 219.31103
A37: 住宅照明单价19年 | B37: 25 | C37: 元/㎡
A38: 汇率折算 | B38: =B37*汇率换算!B21 -> 3.4627816
A40: 住宅供暖设备安装11年 | B40: 48 | C40: 元/㎡
A41: 汇率折算 | B41: =B40*汇率换算!B13 -> 7.7810836
B43: 城镇 | C43: 农村
A44: appliance换算成2012USD/㎡ | B44: =K34/建筑总面积!H2 -> 7.204169 | C44: =L34/建筑总面积!H4 -> 5.1399173
A45: cooling换算成2012USD/㎡ | B45: =K21/建筑总面积!I2 -> 6.4915607 | C45: =L21/建筑总面积!H4 -> 3.3208716

Sheet 构件花费 (2)
C1: 3 | E1: 汇率折算
A2: 建筑类型 | C2: 平度中心医院医疗综合楼
A3: 建筑面积 | C3: 134600
A4: 采用节能标准
A5: 建设年代 | C5: 2018
A6: 设备成本（元/平米） | B6: 供暖 | C6: 6.9 | E6: =C6*汇率换算!$B$20 -> 0.96803224
B7: 通风空调 | C7: 639.29 | E7: =C7*汇率换算!$B$20 -> 89.688889
B8: 墙体保温围护 | E8: =C8*汇率换算!$B$20 -> 0
B9: 照明 | C9: 482.64 | E9: =C9*汇率换算!$B$20 -> 67.711751
B10: 其他
B12: 2020 城镇居民每百户拥有 | C12: 2020 农村居民每百户拥有 | D12: 城镇人均拥有 | E12: 农村人均拥有 | F12: 单价 | G12: 城镇人均appliance折算2012USD | H12: 农村人均appliance折算2012USD
A13: 家用汽车 辆 | B13: 44.9 | C13: 26.4 | D13: =B13/262 -> 0.17137405 | E13: =C13/262 -> 0.10076336
A14: 摩托车 辆 | B14: 18.2 | C14: 53.6 | D14: =B14/262 -> 0.069465649 | E14: =C14/262 -> 0.20458015
A15: 电动助力车 辆 | B15: 62 | C15: 73.1 | D15: =B15/262 -> 0.23664122 | E15: =C15/262 -> 0.27900763
A16: 洗衣机 台 | B16: 99.7 | C16: 92.6 | D16: =B16/262 -> 0.38053435 | E16: =C16/262 -> 0.35343511 | F16: 1023 | G16: =D16*F16*汇率换算!$B$22 -> 53.58557 | H16: =E16*F16*汇率换算!$B$22 -> 49.769547
A17: 电冰箱（柜） 台 | B17: 103.1 | C17: 100.1 | D17: =B17/262 -> 0.39351145 | E17: =C17/262 -> 0.38206107 | F17: 1584 | G17: =D17*F17*汇率换算!$B$22 -> 85.800715 | H17: =E17*F17*汇率换算!$B$22 -> 83.304089
A18: 微波炉 台 | B18: 56.5 | C18: 19.7 | D18: =B18/262 -> 0.21564885 | E18: =C18/262 -> 0.07519084 | G18: =D18*F18*汇率换算!$B$22 -> 0 | H18: =E18*F18*汇率换算!$B$22 -> 0
A19: 彩色电视机 台 | B19: 123 | C19: 117.8 | D19: =B19/262 -> 0.46946565 | E19: =C19/262 -> 0.44961832 | F19: 1694 | G19: =D19*F19*汇率换算!$B$22 -> 109.47012 | H19: =E19*F19*汇率换算!$B$22 -> 104.84211
A20: 空调 台 | B20: 149.6 | C20: 73.8 | D20: =B20/262 -> 0.57099237 | E20: =C20/262 -> 0.28167939 | F20: 3033 | G20: =D20*F20*汇率换算!$B$22 -> 238.38618 | H20: =E20*F20*汇率换算!$B$22 -> 117.5996
A21: 热水器 台 | B21: 100.7 | C21: 76.2 | D21: =B21/262 -> 0.38435115 | E21: =C21/262 -> 0.29083969 | F21: 1200 | G21: =D21*F21*汇率换算!$B$22 -> 63.487435 | H21: =E21*F21*汇率换算!$B$22 -> 48.041137
A22: 抽油烟机 台 | B22: 82.6 | C22: 30.9 | D22: =B22/262 -> 0.31526718 | E22: =C22/262 -> 0.11793893
A23: 移动电话 部 | B23: 248.7 | C23: 260.9 | D23: =B23/262 -> 0.94923664 | E23: =C23/262 -> 0.99580153
A24: 计算机 台 | B24: 72.9 | C24: 28.3 | D24: =B24/262 -> 0.27824427 | E24: =C24/262 -> 0.10801527
A25: 照相机 台 | B25: 19.3 | C25: 2.2 | D25: =B25/262 -> 0.073664122 | E25: =C25/262 -> 0.0083969466
A26: APPLIANCE合计 | G26: =SUM(G13:G25)-G21-G20 -> 248.8564 | H26: =SUM(H13:H25)-H21-H20 -> 237.91575
A36: 住宅照明单价19年 | B36: 25 | C36: 元/㎡
A37: 汇率折算 | B37: =B36*汇率换算!B21 -> 3.4627816
A39: 住宅供暖设备安装11年 | B39: 48 | C39: 元/㎡
A40: 汇率折算 | B40: =B39*汇率换算!B13 -> 7.7810836
B42: 城镇 | C42: 农村
A43: appliance换算成2012USD/㎡ | B43: =K33/建筑总面积!H2 -> 0 | C43: =L33/建筑总面积!H4 -> 0
A44: cooling换算成2012USD/㎡ | B44: =K20/建筑总面积!I2 -> 0 | C44: =L20/建筑总面积!H4 -> 0

Sheet 汇率换算
A1: 人民币年份 | B1: 当年人民币相对2012美元 | C1: 2012美元相对当年人民币价格
A2: 2000 | B2: =[2]Calculation!L45 -> 0.26402732 | C2: =[2]Calculation!M45 -> 3.7874869
A3: 2001 | B3: =[2]Calculation!L46 -> 0.25873097 | C3: =[2]Calculation!M46 -> 3.8650186
A4: 2002 | B4: =[2]Calculation!L47 -> 0.25718247 | C4: =[2]Calculation!M47 -> 3.8882898
A5: 2003 | B5: =[2]Calculation!L48 -> 0.25065742 | C5: =[2]Calculation!M48 -> 3.9895089
A6: 2004 | B6: =[2]Calculation!L49 -> 0.23436442 | C6: =[2]Calculation!M49 -> 4.2668593
A7: 2005 | B7: =[2]Calculation!L50 -> 0.22555917 | C7: =[2]Calculation!M50 -> 4.4334266
A8: 2006 | B8: =[2]Calculation!L51 -> 0.2170371 | C8: =[2]Calculation!M51 -> 4.6075073
A9: 2007 | B9: =[2]Calculation!L52 -> 0.20142713 | C9: =[2]Calculation!M52 -> 4.9645746
A10: 2008 | B10: =[2]Calculation!L53 -> 0.18686069 | C10: =[2]Calculation!M53 -> 5.3515804
A11: 2009 | B11: =[2]Calculation!L54 -> 0.18725305 | C11: =[2]Calculation!M54 -> 5.340367
A12: 2010 | B12: =[2]Calculation!L55 -> 0.17519707 | C12: =[2]Calculation!M55 -> 5.707858
A13: 2011 | B13: =[2]Calculation!L56 -> 0.16210591 | C13: =[2]Calculation!M56 -> 6.1688066
... A22: 2020 | B22: =[2]Calculation!L65 -> 0.13765068 | C22: =[2]Calculation!M65 -> 7.2647663

Sheet 生命周期
A1: Building Component (years) | B1: urban residential | C1: rural residential | D1: commercial
A2: heating | B2: 11.2 | C2: 11.2 | D2: 11.2
A3: cooling and ventilation | B3: 11 | C3: 11 | D3: 11
A4: envelope | B4: 70 | C4: 70 | D4: 50
A5: lighting | B5: 4.56621 | C5: 4.56621 | D5: 4.56621
A6: appliances | B6: 7.8571429 | C6: 7.8571429 | D6: 7.8571429
A7: other component | B7: 10.75 | C7: 10.75 | D7: 10.75

Sheet BASoBC-urban-residential
A1: $ | B1: 2014 | C1: 2015 | D1: 2016 | E1: 2017 | F1: 2018 | G1: 2019 | H1: 2020 | I1: 2021 | J1: 2022 | K1: 2023 | L1: 2024 | M1: 2025 | N1: 2026 | O1: 2027 | P1: 2028 | Q1: 2029 | R1: 2030 | S1: 2031 | T1: 2032 | U1: 2033 | V1: 2034 | W1: 2035 | X1: 2036 | Y1: 2037 | Z1: 2038 | AA1: 2039 | AB1: 2040 | AC1: 2041 | AD1: 2042 | AE1: 2043 | AF1: 2044 | AG1: 2045 | AH1: 2046 | AI1: 2047 | AJ1: 2048 | AK1: 2049 | AL1: 2050 | AM1: 2051 | AN1: 2052 | AO1: 2053 | AP1: 2054 | AQ1: 2055 | AR1: 2056 | AS1: 2057 | AT1: 2058 | AU1: 2059 | AV1: 2060
A2: heating | B2: =每年新建拆除和既存!B46*构件花费!$B$41+每年新建拆除和既存!B54/生命周期!$B$2*构件花费!$B$41 -> 1.9814539e+10 | C2: =每年新建拆除和既存!C46*构件花费!$B$41+每年新建拆除和既存!C54/生命周期!$B$2*构件花费!$B$41 -> 1.9816011e+10 | D2: =每年新建拆除和既存!D46*构件花费!$B$41+每年新建拆除和既存!D54/生命周期!$B$2*构件花费!$B$41 -> 1.9866363e+10 | E2: =每年新建拆除和既存!E46*构件花费!$B$41+每年新建拆除和既存!E54/生命周期!$B$2*构件花费!$B$41 -> 2.037879e+10 | F2: =每年新建拆除和既存!F46*构件花费!$B$41+每年新建拆除和既存!F54/生命周期!$B$2*构件花费!$B$41 -> 2.0884997e+10 | G2: =每年新建拆除和既存!G46*构件花费!$B$41+每年新建拆除和既存!G54/生命周期!$B$2*构件花费!$B$41 -> 2.1737069e+10 | H2: =每年新建拆除和既存!H46*构件花费!$B$41+每年新建拆除和既存!H54/生命周期!$B$2*构件花费!$B$41 -> 2.2305818e+10 | I2: =每年新建拆除和既存!I46*构件花费!$B$41+每年新建拆除和既存!I54/生命周期!$B$2*构件花费!$B$41 -> 2.269647e+10 | ... AV2: =每年新建拆除和既存!AV46*构件花费!$B$41+每年新建拆除和既存!AV54/生命周期!$B$2*构件花费!$B$41 -> 2.8482749e+10
A3: cooling and ventilation | B3: =构件花费!$B$45*(每年新建拆除和既存!B46+每年新建拆除和既存!B54/生命周期!$B$3) -> 1.682417e+10 | C3: =构件花费!$B$45*(每年新建拆除和既存!C46+每年新建拆除和既存!C54/生命周期!$B$3) -> 1.6825388e+10 | D3: =构件花费!$B$45*(每年新建拆除和既存!D46+每年新建拆除和既存!D54/生命周期!$B$3) -> 1.6868048e+10 | E3: =构件花费!$B$45*(每年新建拆除和既存!E46+每年新建拆除和既存!E54/生命周期!$B$3) -> 1.7303122e+10 | F3: =构件花费!$B$45*(每年新建拆除和既存!F46+每年新建拆除和既存!F54/生命周期!$B$3) -> 1.7733059e+10 | G3: =构件花费!$B$45*(每年新建拆除和既存!G46+每年新建拆除和既存!G54/生命周期!$B$3) -> 1.8454953e+10 | H3: =构件花费!$B$45*(每年新建拆除和既存!H46+每年新建拆除和既存!H54/生命周期!$B$3) -> 1.8938398e+10 | I3: =构件花费!$B$45*(每年新建拆除和既存!I46+每年新建拆除和既存!I54/生命周期!$B$3) -> 1.9270898e+10 | ... AV3: =构件花费!$B$45*(每年新建拆除和既存!AV46+每年新建拆除和既存!AV54/生命周期!$B$3) -> 2.4183762e+10
A4: envelope | B4: 0 | C4: 0 | D4: 0 | E4: 0 | F4: 0 | G4: 0 | H4: 0 | I4: 0 | J4: 0 | K4: 0 | L4: 0 | M4: 0 | N4: 0 | O4: 0 | P4: 0 | Q4: 0 | R4: 0 | S4: 0 | T4: 0 | U4: 0 | V4: 0 | W4: 0 | X4: 0 | Y4: 0 | Z4: 0 | AA4: 0 | AB4: 0 | AC4: 0 | AD4: 0 | AE4: 0 | AF4: 0 | AG4: 0 | AH4: 0 | AI4: 0 | AJ4: 0 | AK4: 0 | AL4: 0 | AM4: 0 | AN4: 0 | AO4: 0 | AP4: 0 | AQ4: 0 | AR4: 0 | AS4: 0 | AT4: 0 | AU4: 0 | AV4: 0
A5: lighting | B5: =构件花费!$B$38*(每年新建拆除和既存!B46+每年新建拆除和既存!B54/生命周期!$B$5) -> 2.1323704e+10 | C5: =构件花费!$B$38*(每年新建拆除和既存!C46+每年新建拆除和既存!C54/生命周期!$B$5) -> 2.1323933e+10 | D5: =构件花费!$B$38*(每年新建拆除和既存!D46+每年新建拆除和既存!D54/生命周期!$B$5) -> 2.1374125e+10 | E5: =构件花费!$B$38*(每年新建拆除和既存!E46+每年新建拆除和既存!E54/生命周期!$B$5) -> 2.1924787e+10 | F5: =构件花费!$B$38*(每年新建拆除和既存!F46+每年新建拆除和既存!F54/生命周期!$B$5) -> 2.2474912e+10 | G5: =构件花费!$B$38*(每年新建拆除和既存!G46+每年新建拆除和既存!G54/生命周期!$B$5) -> 2.3324328e+10 | H5: =构件花费!$B$38*(每年新建拆除和既存!H46+每年新建拆除和既存!H54/生命周期!$B$5) -> 2.3959003e+10 | I5: =构件花费!$B$38*(每年新建拆除和既存!I46+每年新建拆除和既存!I54/生命周期!$B$5) -> 2.4413701e+10 | ... AV5: =构件花费!$B$38*(每年新建拆除和既存!AV46+每年新建拆除和既存!AV54/生命周期!$B$5) -> 3.06338e+10
A6: appliances | B6: =构件花费!$B$44*(每年新建拆除和既存!B46+每年新建拆除和既存!B54/生命周期!$B$6) -> 2.5964725e+10 | C6: =构件花费!$B$44*(每年新建拆除和既存!C46+每年新建拆除和既存!C54/生命周期!$B$6) -> 2.5965828e+10 | D6: =构件花费!$B$44*(每年新建拆除和既存!D46+每年新建拆除和既存!D54/生命周期!$B$6) -> 2.6029375e+10 | E6: =构件花费!$B$44*(每年新建拆除和既存!E46+每年新建拆除和既存!E54/生命周期!$B$6) -> 2.6700369e+10 | F6: =构件花费!$B$44*(每年新建拆除和既存!F46+每年新建拆除和既存!F54/生命周期!$B$6) -> 2.7366964e+10 | G6: =构件花费!$B$44*(每年新建拆除和既存!G46+每年新建拆除和既存!G54/生命周期!$B$6) -> 2.8442351e+10 | H6: =构件花费!$B$44*(每年新建拆除和既存!H46+每年新建拆除和既存!H54/生命周期!$B$6) -> 2.9201406e+10 | I6: =构件花费!$B$44*(每年新建拆除和既存!I46+每年新建拆除和既存!I54/生命周期!$B$6) -> 2.9734205e+10 | ... AV6: =构件花费!$B$44*(每年新建拆除和既存!AV46+每年新建拆除和既存!AV54/生命周期!$B$6) -> 3.7312275e+10
A7: other component | B7: 0 | C7: 0 | D7: 0 | E7: 0 | F7: 0 | G7: 0 | H7: 0 | I7: 0 | J7: 0 | K7: 0 | L7: 0 | M7: 0 | N7: 0 | O7: 0 | P7: 0 | Q7: 0 | R7: 0 | S7: 0 | T7: 0 | U7: 0 | V7: 0 | W7: 0 | X7: 0 | Y7: 0 | Z7: 0 | AA7: 0 | AB7: 0 | AC7: 0 | AD7: 0 | AE7: 0 | AF7: 0 | AG7: 0 | AH7: 0 | AI7: 0 | AJ7: 0 | AK7: 0 | AL7: 0 | AM7: 0 | AN7: 0 | AO7: 0 | AP7: 0 | AQ7: 0 | AR7: 0 | AS7: 0 | AT7: 0 | AU7: 0 | AV7: 0

Sheet BASoBC-rural-residential
A1: $ | B1: 2014 | C1: 2015 | D1: 2016 | E1: 2017 | F1: 2018 | G1: 2019 | H1: 2020 | I1: 2021 | J1: 2022 | K1: 2023 | L1: 2024 | M1: 2025 | N1: 2026 | O1: 2027 | P1: 2028 | Q1: 2029 | R1: 2030 | S1: 2031 | T1: 2032 | U1: 2033 | V1: 2034 | W1: 2035 | X1: 2036 | Y1: 2037 | Z1: 2038 | AA1: 2039 | AB1: 2040 | AC1: 2041 | AD1: 2042 | AE1: 2043 | AF1: 2044 | AG1: 2045 | AH1: 2046 | AI1: 2047 | AJ1: 2048 | AK1: 2049 | AL1: 2050 | AM1: 2051 | AN1: 2052 | AO1: 2053 | AP1: 2054 | AQ1: 2055 | AR1: 2056 | AS1: 2057 | AT1: 2058 | AU1: 2059 | AV1: 2060
A2: heating | B2: =构件花费!$B$41*(每年新建拆除和既存!B49+每年新建拆除和既存!B56/生命周期!$C$2) -> 1.7475609e+10 | C2: =构件花费!$B$41*(每年新建拆除和既存!C49+每年新建拆除和既存!C56/生命周期!$C$2) -> 1.7506324e+10 | D2: =构件花费!$B$41*(每年新建拆除和既存!D49+每年新建拆除和既存!D56/生命周期!$C$2) -> 1.7205459e+10 | E2: =构件花费!$B$41*(每年新建拆除和既存!E49+每年新建拆除和既存!E56/生命周期!$C$2) -> 1.6869409e+10 | F2: =构件花费!$B$41*(每年新建拆除和既存!F49+每年新建拆除和既存!F56/生命周期!$C$2) -> 1.6069413e+10 | G2: =构件花费!$B$41*(每年新建拆除和既存!G49+每年新建拆除和既存!G56/生命周期!$C$2) -> 1.5626273e+10 | H2: =构件花费!$B$41*(每年新建拆除和既存!H49+每年新建拆除和既存!H56/生命周期!$C$2) -> 1.5495577e+10 | I2: =构件花费!$B$41*(每年新建拆除和既存!I49+每年新建拆除和既存!I56/生命周期!$C$2) -> 1.5342563e+10 | ... AV2: =构件花费!$B$41*(每年新建拆除和既存!AV49+每年新建拆除和既存!AV56/生命周期!$C$2) -> 9.5199145e+09
A3: cooling and ventilation | B3: =构件花费!$C$45*(每年新建拆除和既存!B49+每年新建拆除和既存!B56/生命周期!$C$3) -> 7.5876078e+09 | C3: =构件花费!$C$45*(每年新建拆除和既存!C49+每年新建拆除和既存!C56/生命周期!$C$3) -> 7.6006933e+09 | D3: =构件花费!$C$45*(每年新建拆除和既存!D49+每年新建拆除和既存!D56/生命周期!$C$3) -> 7.4701819e+09 | E3: =构件花费!$C$45*(每年新建拆除和既存!E49+每年新建拆除和既存!E56/生命周期!$C$3) -> 7.3245155e+09 | F3: =构件花费!$C$45*(每年新建拆除和既存!F49+每年新建拆除和既存!F56/生命周期!$C$3) -> 6.9772405e+09 | G3: =构件花费!$C$45*(每年新建拆除和既存!G49+每年新建拆除和既存!G56/生命周期!$C$3) -> 6.7858896e+09 | H3: =构件花费!$C$45*(每年新建拆除和既存!H49+每年新建拆除和既存!H56/生命周期!$C$3) -> 6.7290748e+09 | I3: =构件花费!$C$45*(每年新建拆除和既存!I49+每年新建拆除和既存!I56/生命周期!$C$3) -> 6.6626417e+09 | ... AV3: =构件花费!$C$45*(每年新建拆除和既存!AV49+每年新建拆除和既存!AV56/生命周期!$C$3) -> 4.1368559e+09
A4: envelope | B4: 0 | C4: 0 | D4: 0 | E4: 0 | F4: 0 | G4: 0 | H4: 0 | I4: 0 | J4: 0 | K4: 0 | L4: 0 | M4: 0 | N4: 0 | O4: 0 | P4: 0 | Q4: 0 | R4: 0 | S4: 0 | T4: 0 | U4: 0 | V4: 0 | W4: 0 | X4: 0 | Y4: 0 | Z4: 0 | AA4: 0 | AB4: 0 | AC4: 0 | AD4: 0 | AE4: 0 | AF4: 0 | AG4: 0 | AH4: 0 | AI4: 0 | AJ4: 0 | AK4: 0 | AL4: 0 | AM4: 0 | AN4: 0 | AO4: 0 | AP4: 0 | AQ4: 0 | AR4: 0 | AS4: 0 | AT4: 0 | AU4: 0 | AV4: 0
A5: lighting | B5: =构件花费!$B$41*(每年新建拆除和既存!B49+每年新建拆除和既存!B56/生命周期!$C$5) -> 4.1670497e+10 | C5: =构件花费!$B$41*(每年新建拆除和既存!C49+每年新建拆除和既存!C56/生命周期!$C$5) -> 4.1696837e+10 | D5: =构件花费!$B$41*(每年新建拆除和既存!D49+每年新建拆除和既存!D56/生命周期!$C$5) -> 4.1001657e+10 | E5: =构件花费!$B$41*(每年新建拆除和既存!E49+每年新建拆除和既存!E56/生命周期!$C$5) -> 4.0245418e+10 | F5: =构件花费!$B$41*(每年新建拆除和既存!F49+每年新建拆除和既存!F56/生命周期!$C$5) -> 3.8350875e+10 | G5: =构件花费!$B$41*(每年新建拆除和既存!G49+每年新建拆除和既存!G56/生命周期!$C$5) -> 3.7491317e+10 | H5: =构件花费!$B$41*(每年新建拆除和既存!H49+每年新建拆除和既存!H56/生命周期!$C$5) -> 3.7166746e+10 | I5: =构件花费!$B$41*(每年新建拆除和既存!I49+每年新建拆除和既存!I56/生命周期!$C$5) -> 3.680248e+10 | ... AV5: =构件花费!$B$41*(每年新建拆除和既存!AV49+每年新建拆除和既存!AV56/生命周期!$C$5) -> 2.3350446e+10
A6: appliances | B6: =构件花费!$C$44*(每年新建拆除和既存!B49+每年新建拆除和既存!B56/生命周期!$C$6) -> 1.6224232e+10 | C6: =构件花费!$C$44*(每年新建拆除和既存!C49+每年新建拆除和既存!C56/生命周期!$C$6) -> 1.6243675e+10 | D6: =构件花费!$C$44*(每年新建拆除和既存!D49+每年新建拆除和既存!D56/生命周期!$C$6) -> 1.5968655e+10 | E6: =构件花费!$C$44*(每年新建拆除和既存!E49+每年新建拆除和既存!E56/生命周期!$C$6) -> 1.5665387e+10 | F6: =构件花费!$C$44*(每年新建拆除和既存!F49+每年新建拆除和既存!F56/生命周期!$C$6) -> 1.4925199e+10 | G6: =构件花费!$C$44*(每年新建拆除和既存!G49+每年新建拆除和既存!G56/生命周期!$C$6) -> 1.4551921e+10 | H6: =构件花费!$C$44*(每年新建拆除和既存!H49+每年新建拆除和既存!H56/生命周期!$C$6) -> 1.4428084e+10 | I6: =构件花费!$C$44*(每年新建拆除和既存!I49+每年新建拆除和既存!I56/生命周期!$C$6) -> 1.4286141e+10 | ... AV6: =构件花费!$C$44*(每年新建拆除和既存!AV49+每年新建拆除和既存!AV56/生命周期!$C$6) -> 8.9640129e+09
A7: other component | B7: 0 | C7: 0 | D7: 0 | E7: 0 | F7: 0 | G7: 0 | H7: 0 | I7: 0 | J7: 0 | K7: 0 | L7: 0 | M7: 0 | N7: 0 | O7: 0 | P7: 0 | Q7: 0 | R7: 0 | S7: 0 | T7: 0 | U7: 0 | V7: 0 | W7: 0 | X7: 0 | Y7: 0 | Z7: 0 | AA7: 0 | AB7: 0 | AC7: 0 | AD7: 0 | AE7: 0 | AF7: 0 | AG7: 0 | AH7: 0 | AI7: 0 | AJ7: 0 | AK7: 0 | AL7: 0 | AM7: 0 | AN7: 0 | AO7: 0 | AP7: 0 | AQ7: 0 | AR7: 0 | AS7: 0 | AT7: 0 | AU7: 0 | AV7: 0

Sheet BASoBC-commercial
A1: $ | B1: 2014 | C1: 2015 | D1: 2016 | E1: 2017 | F1: 2018 | G1: 2019 | H1: 2020 | I1: 2021 | J1: 2022 | K1: 2023 | L1: 2024 | M1: 2025 | N1: 2026 | O1: 2027 | P1: 2028 | Q1: 2029 | R1: 2030 | S1: 2031 | T1: 2032 | U1: 2033 | V1: 2034 | W1: 2035 | X1: 2036 | Y1: 2037 | Z1: 2038 | AA1: 2039 | AB1: 2040 | AC1: 2041 | AD1: 2042 | AE1: 2043 | AF1: 2044 | AG1: 2045 | AH1: 2046 | AI1: 2047 | AJ1: 2048 | AK1: 2049 | AL1: 2050 | AM1: 2051 | AN1: 2052 | AO1: 2053 | AP1: 2054 | AQ1: 2055 | AR1: 2056 | AS1: 2057 | AT1: 2058 | AU1: 2059 | AV1: 2060
A2: heating | B2: =构件花费!$E$7*(每年新建拆除和既存!B47+每年新建拆除和既存!B58/生命周期!$D$2) -> 2.0937613e+09 | C2: =构件花费!$E$7*(每年新建拆除和既存!C47+每年新建拆除和既存!C58/生命周期!$D$2) -> 2.0959777e+09 | D2: =构件花费!$E$7*(每年新建拆除和既存!D47+每年新建拆除和既存!D58/生命周期!$D$2) -> 2.1012738e+09 | E2: =构件花费!$E$7*(每年新建拆除和既存!E47+每年新建拆除和既存!E58/生命周期!$D$2) -> 2.0652744e+09 | F2: =构件花费!$E$7*(每年新建拆除和既存!F47+每年新建拆除和既存!F58/生命周期!$D$2) -> 2.030004e+09 | G2: =构件花费!$E$7*(每年新建拆除和既存!G47+每年新建拆除和既存!G58/生命周期!$D$2) -> 1.939759e+09 | H2: =构件花费!$E$7*(每年新建拆除和既存!H47+每年新建拆除和既存!H58/生命周期!$D$2) -> 1.9024437e+09 | I2: =构件花费!$E$7*(每年新建拆除和既存!I47+每年新建拆除和既存!I58/生命周期!$D$2) -> 1.8830524e+09 | ... AV2: =构件花费!$E$7*(每年新建拆除和既存!AV47+每年新建拆除和既存!AV58/生命周期!$D$2) -> 1.2251746e+09
A3: cooling and ventilation | B3: =构件花费!$E$8*(每年新建拆除和既存!B47+每年新建拆除和既存!B58/生命周期!$D$3) -> 1.97492e+11 | C3: =构件花费!$E$8*(每年新建拆除和既存!C47+每年新建拆除和既存!C58/生命周期!$D$3) -> 1.9769698e+11 | D3: =构件花费!$E$8*(每年新建拆除和既存!D47+每年新建拆除和既存!D58/生命周期!$D$3) -> 1.9819014e+11 | E3: =构件花费!$E$8*(每年新建拆除和既存!E47+每年新建拆除和既存!E58/生命周期!$D$3) -> 1.9479734e+11 | F3: =构件花费!$E$8*(每年新建拆除和既存!F47+每年新建拆除和既存!F58/生命周期!$D$3) -> 1.9146802e+11 | G3: =构件花费!$E$8*(每年新建拆除和既存!G47+每年新建拆除和既存!G58/生命周期!$D$3) -> 1.8294799e+11 | H3: =构件花费!$E$8*(每年新建拆除和既存!H47+每年新建拆除和既存!H58/生命周期!$D$3) -> 1.794277e+11 | I3: =构件花费!$E$8*(每年新建拆除和既存!I47+每年新建拆除和既存!I58/生命周期!$D$3) -> 1.7760317e+11 | ... AV3: =构件花费!$E$8*(每年新建拆除和既存!AV47+每年新建拆除和既存!AV58/生命周期!$D$3) -> 1.1553577e+11
A4: envelope | B4: 0 | C4: 0 | D4: 0 | E4: 0 | F4: 0 | G4: 0 | H4: 0 | I4: 0 | J4: 0 | K4: 0 | L4: 0 | M4: 0 | N4: 0 | O4: 0 | P4: 0 | Q4: 0 | R4: 0 | S4: 0 | T4: 0 | U4: 0 | V4: 0 | W4: 0 | X4: 0 | Y4: 0 | Z4: 0 | AA4: 0 | AB4: 0 | AC4: 0 | AD4: 0 | AE4: 0 | AF4: 0 | AG4: 0 | AH4: 0 | AI4: 0 | AJ4: 0 | AK4: 0 | AL4: 0 | AM4: 0 | AN4: 0 | AO4: 0 | AP4: 0 | AQ4: 0 | AR4: 0 | AS4: 0 | AT4: 0 | AU4: 0 | AV4: 0
A5: lighting | B5: =构件花费!$E$10*(每年新建拆除和既存!B47+每年新建拆除和既存!B58/生命周期!$D$6) -> 2.0834727e+11 | C5: =构件花费!$E$10*(每年新建拆除和既存!C47+每年新建拆除和既存!C58/生命周期!$D$6) -> 2.0849583e+11 | D5: =构件花费!$E$10*(每年新建拆除和既存!D47+每年新建拆除和既存!D58/生命周期!$D$6) -> 2.0890992e+11 | E5: =构件花费!$E$10*(每年新建拆除和既存!E47+每年新建拆除和既存!E58/生命周期!$D$6) -> 2.0537722e+11 | F5: =构件花费!$E$10*(每年新建拆除和既存!F47+每年新建拆除和既存!F58/生命周期!$D$6) -> 2.0182384e+11 | G5: =构件花费!$E$10*(每年新建拆除和既存!G47+每年新建拆除和既存!G58/生命周期!$D$6) -> 1.9270663e+11 | H5: =构件花费!$E$10*(每年新建拆除和既存!H47+每年新建拆除和既存!H58/生命周期!$D$6) -> 1.8898356e+11 | I5: =构件花费!$E$10*(每年新建拆除和既存!I47+每年新建拆除和既存!I58/生命周期!$D$6) -> 1.8713401e+11 | ... AV5: =构件花费!$E$10*(每年新建拆除和既存!AV47+每年新建拆除和既存!AV58/生命周期!$D$6) -> 1.2142729e+11
A6: appliances | B6: 0 | C6: 0 | D6: 0 | E6: 0 | F6: 0 | G6: 0 | H6: 0 | I6: 0 | J6: 0 | K6: 0 | L6: 0 | M6: 0 | N6: 0 | O6: 0 | P6: 0 | Q6: 0 | R6: 0 | S6: 0 | T6: 0 | U6: 0 | V6: 0 | W6: 0 | X6: 0 | Y6: 0 | Z6: 0 | AA6: 0 | AB6: 0 | AC6: 0 | AD6: 0 | AE6: 0 | AF6: 0 | AG6: 0 | AH6: 0 | AI6: 0 | AJ6: 0 | AK6: 0 | AL6: 0 | AM6: 0 | AN6: 0 | AO6: 0 | AP6: 0 | AQ6: 0 | AR6: 0 | AS6: 0 | AT6: 0 | AU6: 0 | AV6: 0
A7: other component | B7: 0 | C7: 0 | D7: 0 | E7: 0 | F7: 0 | G7: 0 | H7: 0 | I7: 0 | J7: 0 | K7: 0 | L7: 0 | M7: 0 | N7: 0 | O7: 0 | P7: 0 | Q7: 0 | R7: 0 | S7: 0 | T7: 0 | U7: 0 | V7: 0 | W7: 0 | X7: 0 | Y7: 0 | Z7: 0 | AA7: 0 | AB7: 0 | AC7: 0 | AD7: 0 | AE7: 0 | AF7: 0 | AG7: 0 | AH7: 0 | AI7: 0 | AJ7: 0 | AK7: 0 | AL7: 0 | AM7: 0 | AN7: 0 | AO7: 0 | AP7: 0 | AQ7: 0 | AR7: 0 | AS7: 0 | AT7: 0 | AU7: 0 | AV7: 0
