Workbook

Sheet 增加值 (2001-2060, 2012USD)
A1: 全国 | B1: 2001 | C1: 2002 | D1: 2003 | E1: 2004 | F1: 2005 | G1: 2006 | H1: 2007 | I1: 2008 | J1: 2009 | K1: 2010 | L1: 2011 | M1: 2012 | N1: 2013 | O1: 2014 | P1: 2015 | Q1: 2016 | R1: 2017 | S1: 2018 | T1: 2019 | U1: 2020 | V1: 2021 | W1: 2022 | X1: 2023 | Y1: 2024 | Z1: 2025 | AA1: 2026 | AB1: 2027 | AC1: 2028 | AD1: 2029 | AE1: 2030 | AF1: 2031 | AG1: 2032 | AH1: 2033 | AI1: 2034 | AJ1: 2035 | AK1: 2036 | AL1: 2037 | AM1: 2038 | AN1: 2039 | AO1: 2040 | AP1: 2041 | AQ1: 2042 | AR1: 2043 | AS1: 2044 | AT1: 2045 | AU1: 2046 | AV1: 2047 | AW1: 2048 | AX1: 2049 | AY1: 2050 | AZ1: 2051 | BA1: 2052 | BB1: 2053 | BC1: 2054 | BD1: 2055 | BE1: 2056 | BF1: 2057 | BG1: 2058 | BH1: 2059 | BI1: 2060
A2: 地区生产总值 | B2: ='增加值 (2001-2060, 2020RMB)'!B2*$B$73 -> 28718.704 | C2: ='增加值 (2001-2060, 2020RMB)'!C2*$B$73 -> 31332.106 | D2: ='增加值 (2001-2060, 2020RMB)'!D2*$B$73 -> 34465.316 | E2: ='增加值 (2001-2060, 2020RMB)'!E2*$B$73 -> 37946.313 | F2: ='增加值 (2001-2060, 2020RMB)'!F2*$B$73 -> 42272.193 | G2: ='增加值 (2001-2060, 2020RMB)'!G2*$B$73 -> 47640.761 | H2: ='增加值 (2001-2060, 2020RMB)'!H2*$B$73 -> 54405.75 | I2: ='增加值 (2001-2060, 2020RMB)'!I2*$B$73 -> 59683.107 | ... BI2: ='增加值 (2001-2060, 2020RMB)'!BI2*$B$73 -> 454814.2
A3: 农业 | B3: ='增加值 (2001-2060, 2020RMB)'!B3*$B$73 -> 4087.7546 | C3: ='增加值 (2001-2060, 2020RMB)'!C3*$B$73 -> 4256.5673 | D3: ='增加值 (2001-2060, 2020RMB)'!D3*$B$73 -> 4359.0391 | E3: ='增加值 (2001-2060, 2020RMB)'!E3*$B$73 -> 5020.1194 | F3: ='增加值 (2001-2060, 2020RMB)'!F3*$B$73 -> 5058.6563 | G3: ='增加值 (2001-2060, 2020RMB)'!G3*$B$73 -> 5218.3751 | H3: ='增加值 (2001-2060, 2020RMB)'!H3*$B$73 -> 5737.5832 | I3: ='增加值 (2001-2060, 2020RMB)'!I3*$B$73 -> 6249.4178 | ... BI3: ='增加值 (2001-2060, 2020RMB)'!BI3*$B$73 -> 23650.339
A4: 工业 | B4: ='增加值 (2001-2060, 2020RMB)'!B4*$B$73 -> 11360.305 | C4: ='增加值 (2001-2060, 2020RMB)'!C4*$B$73 -> 12298.063 | D4: ='增加值 (2001-2060, 2020RMB)'!D4*$B$73 -> 13884.791 | E4: ='增加值 (2001-2060, 2020RMB)'!E4*$B$73 -> 15422.095 | F4: ='增加值 (2001-2060, 2020RMB)'!F4*$B$73 -> 17592.823 | G4: ='增加值 (2001-2060, 2020RMB)'!G4*$B$73 -> 20024.671 | H4: ='增加值 (2001-2060, 2020RMB)'!H4*$B$73 -> 22498.315 | I4: ='增加值 (2001-2060, 2020RMB)'!I4*$B$73 -> 24625.938 | ... BI4: ='增加值 (2001-2060, 2020RMB)'!BI4*$B$73 -> 85505.07
A5: 建筑业 | B5: ='增加值 (2001-2060, 2020RMB)'!B5*$B$73 -> 1540.1613 | C5: ='增加值 (2001-2060, 2020RMB)'!C5*$B$73 -> 1668.6015 | D5: ='增加值 (2001-2060, 2020RMB)'!D5*$B$73 -> 1883.702 | E5: ='增加值 (2001-2060, 2020RMB)'!E5*$B$73 -> 2044.6763 | F5: ='增加值 (2001-2060, 2020RMB)'!F5*$B$73 -> 2347.0773 | G5: ='增加值 (2001-2060, 2020RMB)'!G5*$B$73 -> 2702.9543 | H5: ='增加值 (2001-2060, 2020RMB)'!H5*$B$73 -> 3091.6077 | I5: ='增加值 (2001-2060, 2020RMB)'!I5*$B$73 -> 3516.1002 | ... BI5: ='增加值 (2001-2060, 2020RMB)'!BI5*$B$73 -> 22740.71
A6: 交运仓邮 | B6: ='增加值 (2001-2060, 2020RMB)'!B6*$B$73 -> 1779.9866 | C6: ='增加值 (2001-2060, 2020RMB)'!C6*$B$73 -> 1929.1589 | D6: ='增加值 (2001-2060, 2020RMB)'!D6*$B$73 -> 1985.0249 | E6: ='增加值 (2001-2060, 2020RMB)'!E6*$B$73 -> 2182.0744 | F6: ='增加值 (2001-2060, 2020RMB)'!F6*$B$73 -> 2407.6245 | G6: ='增加值 (2001-2060, 2020RMB)'!G6*$B$73 -> 2645.6826 | H6: ='增加值 (2001-2060, 2020RMB)'!H6*$B$73 -> 2941.9625 | I6: ='增加值 (2001-2060, 2020RMB)'!I6*$B$73 -> 3059.9397 | ... BI6: ='增加值 (2001-2060, 2020RMB)'!BI6*$B$73 -> 9957.8341
A7: 批发零售 | B7: ='增加值 (2001-2060, 2020RMB)'!B7*$B$73 -> 2362.7118 | C7: ='增加值 (2001-2060, 2020RMB)'!C7*$B$73 -> 2573.3444 | D7: ='增加值 (2001-2060, 2020RMB)'!D7*$B$73 -> 2801.7271 | E7: ='增加值 (2001-2060, 2020RMB)'!E7*$B$73 -> 2920.4838 | F7: ='增加值 (2001-2060, 2020RMB)'!F7*$B$73 -> 3152.2667 | G7: ='增加值 (2001-2060, 2020RMB)'!G7*$B$73 -> 3589.4511 | H7: ='增加值 (2001-2060, 2020RMB)'!H7*$B$73 -> 4218.2478 | I7: ='增加值 (2001-2060, 2020RMB)'!I7*$B$73 -> 4895.5371 | ... BI7: ='增加值 (2001-2060, 2020RMB)'!BI7*$B$73 -> 24521.958
A8: 餐饮住宿 | B8: ='增加值 (2001-2060, 2020RMB)'!B8*$B$73 -> 621.73763 | C8: ='增加值 (2001-2060, 2020RMB)'!C8*$B$73 -> 701.40934 | D8: ='增加值 (2001-2060, 2020RMB)'!D8*$B$73 -> 784.02312 | E8: ='增加值 (2001-2060, 2020RMB)'!E8*$B$73 -> 859.27754 | F8: ='增加值 (2001-2060, 2020RMB)'!F8*$B$73 -> 946.8422 | G8: ='增加值 (2001-2060, 2020RMB)'!G8*$B$73 -> 1040.4879 | H8: ='增加值 (2001-2060, 2020RMB)'!H8*$B$73 -> 1117.5755 | I8: ='增加值 (2001-2060, 2020RMB)'!I8*$B$73 -> 1236.8867 | ... BI8: ='增加值 (2001-2060, 2020RMB)'!BI8*$B$73 -> 4234.2312
A9: 金融业 | B9: ='增加值 (2001-2060, 2020RMB)'!B9*$B$73 -> 1347.7674 | C9: ='增加值 (2001-2060, 2020RMB)'!C9*$B$73 -> 1430.1564 | D9: ='增加值 (2001-2060, 2020RMB)'!D9*$B$73 -> 1516.2562 | E9: ='增加值 (2001-2060, 2020RMB)'!E9*$B$73 -> 1547.5343 | F9: ='增加值 (2001-2060, 2020RMB)'!F9*$B$73 -> 1689.3631 | G9: ='增加值 (2001-2060, 2020RMB)'!G9*$B$73 -> 2165.0165 | H9: ='增加值 (2001-2060, 2020RMB)'!H9*$B$73 -> 3061.7955 | I9: ='增加值 (2001-2060, 2020RMB)'!I9*$B$73 -> 3429.7288 | ... BI9: ='增加值 (2001-2060, 2020RMB)'!BI9*$B$73 -> 20881.758
A10: 房地产 | B10: ='增加值 (2001-2060, 2020RMB)'!B10*$B$73 -> 1219.0213 | C10: ='增加值 (2001-2060, 2020RMB)'!C10*$B$73 -> 1373.19 | D10: ='增加值 (2001-2060, 2020RMB)'!D10*$B$73 -> 1544.1702 | E10: ='增加值 (2001-2060, 2020RMB)'!E10*$B$73 -> 1676.937 | F10: ='增加值 (2001-2060, 2020RMB)'!F10*$B$73 -> 1914.288 | G10: ='增加值 (2001-2060, 2020RMB)'!G10*$B$73 -> 2240.6986 | H10: ='增加值 (2001-2060, 2020RMB)'!H10*$B$73 -> 2762.4647 | I10: ='增加值 (2001-2060, 2020RMB)'!I10*$B$73 -> 2729.5411 | ... BI10: ='增加值 (2001-2060, 2020RMB)'!BI10*$B$73 -> 18896.877
A11: 其他三产 | B11: ='增加值 (2001-2060, 2020RMB)'!B11*$B$73 -> 4399.284 | C11: ='增加值 (2001-2060, 2020RMB)'!C11*$B$73 -> 5101.6409 | D11: ='增加值 (2001-2060, 2020RMB)'!D11*$B$73 -> 5706.6329 | E11: ='增加值 (2001-2060, 2020RMB)'!E11*$B$73 -> 6273.0918 | F11: ='增加值 (2001-2060, 2020RMB)'!F11*$B$73 -> 7163.229 | G11: ='增加值 (2001-2060, 2020RMB)'!G11*$B$73 -> 8013.4462 | H11: ='增加值 (2001-2060, 2020RMB)'!H11*$B$73 -> 8976.1974 | I11: ='增加值 (2001-2060, 2020RMB)'!I11*$B$73 -> 9940.0555 | ... BI11: ='增加值 (2001-2060, 2020RMB)'!BI11*$B$73 -> 244425.43
A13: 工业 | B13: ='增加值 (2001-2060, 2020RMB)'!B13*$B$73 -> 11360.305 | C13: ='增加值 (2001-2060, 2020RMB)'!C13*$B$73 -> 12298.063 | D13: ='增加值 (2001-2060, 2020RMB)'!D13*$B$73 -> 13884.791 | E13: ='增加值 (2001-2060, 2020RMB)'!E13*$B$73 -> 15422.095 | F13: ='增加值 (2001-2060, 2020RMB)'!F13*$B$73 -> 17592.823 | G13: ='增加值 (2001-2060, 2020RMB)'!G13*$B$73 -> 20024.671 | H13: ='增加值 (2001-2060, 2020RMB)'!H13*$B$73 -> 22498.315 | I13: ='增加值 (2001-2060, 2020RMB)'!I13*$B$73 -> 24625.938 | ... BI13: ='增加值 (2001-2060, 2020RMB)'!BI13*$B$73 -> 85505.07
A14: 煤炭开采和洗选业 | I14: ='增加值 (2001-2060, 2020RMB)'!I14*$B$73 -> 1608.2849 | J14: ='增加值 (2001-2060, 2020RMB)'!J14*$B$73 -> 1651.0989 | K14: ='增加值 (2001-2060, 2020RMB)'!K14*$B$73 -> 1879.1923 | L14: ='增加值 (2001-2060, 2020RMB)'!L14*$B$73 -> 2105.4222 | M14: ='增加值 (2001-2060, 2020RMB)'!M14*$B$73 -> 2200.7749 | N14: ='增加值 (2001-2060, 2020RMB)'!N14*$B$73 -> 2209.8175 | O14: ='增加值 (2001-2060, 2020RMB)'!O14*$B$73 -> 2171.5798 | P14: ='增加值 (2001-2060, 2020RMB)'!P14*$B$73 -> 2099.3377 | ... BI14: ='增加值 (2001-2060, 2020RMB)'!BI14*$B$73 -> 1951.3615
A15: 石油和天然气开采业 | I15: ='增加值 (2001-2060, 2020RMB)'!I15*$B$73 -> 1691.9642 | J15: ='增加值 (2001-2060, 2020RMB)'!J15*$B$73 -> 1680.87 | K15: ='增加值 (2001-2060, 2020RMB)'!K15*$B$73 -> 1629.0529 | L15: ='增加值 (2001-2060, 2020RMB)'!L15*$B$73 -> 1645.1569 | M15: ='增加值 (2001-2060, 2020RMB)'!M15*$B$73 -> 1616.2967 | N15: ='增加值 (2001-2060, 2020RMB)'!N15*$B$73 -> 1570.7336 | O15: ='增加值 (2001-2060, 2020RMB)'!O15*$B$73 -> 1558.6134 | P15: ='增加值 (2001-2060, 2020RMB)'!P15*$B$73 -> 1540.7723 | ... BI15: ='增加值 (2001-2060, 2020RMB)'!BI15*$B$73 -> 1180.5176
A16: 黑色金属矿采选业 | I16: ='增加值 (2001-2060, 2020RMB)'!I16*$B$73 -> 281.4176 | J16: ='增加值 (2001-2060, 2020RMB)'!J16*$B$73 -> 334.25968 | K16: ='增加值 (2001-2060, 2020RMB)'!K16*$B$73 -> 391.47301 | L16: ='增加值 (2001-2060, 2020RMB)'!L16*$B$73 -> 451.39058 | M16: ='增加值 (2001-2060, 2020RMB)'!M16*$B$73 -> 518.24352 | N16: ='增加值 (2001-2060, 2020RMB)'!N16*$B$73 -> 566.15783 | O16: ='增加值 (2001-2060, 2020RMB)'!O16*$B$73 -> 600.32741 | P16: ='增加值 (2001-2060, 2020RMB)'!P16*$B$73 -> 583.77348 | ... BI16: ='增加值 (2001-2060, 2020RMB)'!BI16*$B$73 -> 383.84455
A17: 有色金属矿采选业 | I17: ='增加值 (2001-2060, 2020RMB)'!I17*$B$73 -> 180.55744 | J17: ='增加值 (2001-2060, 2020RMB)'!J17*$B$73 -> 205.04722 | K17: ='增加值 (2001-2060, 2020RMB)'!K17*$B$73 -> 221.42629 | L17: ='增加值 (2001-2060, 2020RMB)'!L17*$B$73 -> 245.74268 | M17: ='增加值 (2001-2060, 2020RMB)'!M17*$B$73 -> 269.73915 | N17: ='增加值 (2001-2060, 2020RMB)'!N17*$B$73 -> 280.58464 | O17: ='增加值 (2001-2060, 2020RMB)'!O17*$B$73 -> 288.91076 | P17: ='增加值 (2001-2060, 2020RMB)'!P17*$B$73 -> 285.87774 | ... BI17: ='增加值 (2001-2060, 2020RMB)'!BI17*$B$73 -> 146.32156
A18: 非金属矿采选业 | I18: ='增加值 (2001-2060, 2020RMB)'!I18*$B$73 -> 102.03795 | J18: ='增加值 (2001-2060, 2020RMB)'!J18*$B$73 -> 116.26469 | K18: ='增加值 (2001-2060, 2020RMB)'!K18*$B$73 -> 140.90713 | L18: ='增加值 (2001-2060, 2020RMB)'!L18*$B$73 -> 167.34813 | M18: ='增加值 (2001-2060, 2020RMB)'!M18*$B$73 -> 175.56443 | N18: ='增加值 (2001-2060, 2020RMB)'!N18*$B$73 -> 186.7929 | O18: ='增加值 (2001-2060, 2020RMB)'!O18*$B$73 -> 193.05215 | P18: ='增加值 (2001-2060, 2020RMB)'!P18*$B$73 -> 195.23792 | ... BI18: ='增加值 (2001-2060, 2020RMB)'!BI18*$B$73 -> 110.83225
A19: 开采专业及辅助性活动 | I19: ='增加值 (2001-2060, 2020RMB)'!I19*$B$73 -> 85.717113 | J19: ='增加值 (2001-2060, 2020RMB)'!J19*$B$73 -> 97.654766 | K19: ='增加值 (2001-2060, 2020RMB)'!K19*$B$73 -> 109.73872 | L19: ='增加值 (2001-2060, 2020RMB)'!L19*$B$73 -> 123.65278 | M19: ='增加值 (2001-2060, 2020RMB)'!M19*$B$73 -> 134.43244 | N19: ='增加值 (2001-2060, 2020RMB)'!N19*$B$73 -> 134.21856 | O19: ='增加值 (2001-2060, 2020RMB)'!O19*$B$73 -> 124.43272 | P19: ='增加值 (2001-2060, 2020RMB)'!P19*$B$73 -> 104.00227 | ... BI19: ='增加值 (2001-2060, 2020RMB)'!BI19*$B$73 -> 292.65875
A20: 其他采矿业 | I20: ='增加值 (2001-2060, 2020RMB)'!I20*$B$73 -> 0.57954864 | J20: ='增加值 (2001-2060, 2020RMB)'!J20*$B$73 -> 0.78396292 | K20: ='增加值 (2001-2060, 2020RMB)'!K20*$B$73 -> 0.91891072 | L20: ='增加值 (2001-2060, 2020RMB)'!L20*$B$73 -> 1.0842792 | M20: ='增加值 (2001-2060, 2020RMB)'!M20*$B$73 -> 1.0889994 | N20: ='增加值 (2001-2060, 2020RMB)'!N20*$B$73 -> 1.1648549 | O20: ='增加值 (2001-2060, 2020RMB)'!O20*$B$73 -> 1.083276 | P20: ='增加值 (2001-2060, 2020RMB)'!P20*$B$73 -> 1.0523771 | ... BI20: ='增加值 (2001-2060, 2020RMB)'!BI20*$B$73 -> 1.237257
A21: 农副食品加工业 | I21: ='增加值 (2001-2060, 2020RMB)'!I21*$B$73 -> 833.39094 | J21: ='增加值 (2001-2060, 2020RMB)'!J21*$B$73 -> 915.61705 | K21: ='增加值 (2001-2060, 2020RMB)'!K21*$B$73 -> 1022.5446 | L21: ='增加值 (2001-2060, 2020RMB)'!L21*$B$73 -> 1121.0818 | M21: ='增加值 (2001-2060, 2020RMB)'!M21*$B$73 -> 1212.4106 | N21: ='增加值 (2001-2060, 2020RMB)'!N21*$B$73 -> 1260.0066 | O21: ='增加值 (2001-2060, 2020RMB)'!O21*$B$73 -> 1301.0203 | P21: ='增加值 (2001-2060, 2020RMB)'!P21*$B$73 -> 1302.1735 | ... BI21: ='增加值 (2001-2060, 2020RMB)'!BI21*$B$73 -> 1184.203
A22: 食品制造业 | I22: ='增加值 (2001-2060, 2020RMB)'!I22*$B$73 -> 391.28881 | J22: ='增加值 (2001-2060, 2020RMB)'!J22*$B$73 -> 423.21858 | K22: ='增加值 (2001-2060, 2020RMB)'!K22*$B$73 -> 473.46484 | L22: ='增加值 (2001-2060, 2020RMB)'!L22*$B$73 -> 532.73846 | M22: ='增加值 (2001-2060, 2020RMB)'!M22*$B$73 -> 567.00898 | N22: ='增加值 (2001-2060, 2020RMB)'!N22*$B$73 -> 592.50009 | O22: ='增加值 (2001-2060, 2020RMB)'!O22*$B$73 -> 616.89858 | P22: ='增加值 (2001-2060, 2020RMB)'!P22*$B$73 -> 629.15052 | ... BI22: ='增加值 (2001-2060, 2020RMB)'!BI22*$B$73 -> 838.57401
A23: 酒、饮料和精制茶制造业 | I23: ='增加值 (2001-2060, 2020RMB)'!I23*$B$73 -> 416.04114 | J23: ='增加值 (2001-2060, 2020RMB)'!J23*$B$73 -> 451.96266 | K23: ='增加值 (2001-2060, 2020RMB)'!K23*$B$73 -> 502.98809 | L23: ='增加值 (2001-2060, 2020RMB)'!L23*$B$73 -> 574.65737 | M23: ='增加值 (2001-2060, 2020RMB)'!M23*$B$73 -> 615.45397 | N23: ='增加值 (2001-2060, 2020RMB)'!N23*$B$73 -> 644.29235 | O23: ='增加值 (2001-2060, 2020RMB)'!O23*$B$73 -> 657.85187 | P23: ='增加值 (2001-2060, 2020RMB)'!P23*$B$73 -> 672.16537 | ... BI23: ='增加值 (2001-2060, 2020RMB)'!BI23*$B$73 -> 993.34649
A24: 烟草制品业 | I24: ='增加值 (2001-2060, 2020RMB)'!I24*$B$73 -> 814.11627 | J24: ='增加值 (2001-2060, 2020RMB)'!J24*$B$73 -> 835.01708 | K24: ='增加值 (2001-2060, 2020RMB)'!K24*$B$73 -> 907.39414 | L24: ='增加值 (2001-2060, 2020RMB)'!L24*$B$73 -> 981.75649 | M24: ='增加值 (2001-2060, 2020RMB)'!M24*$B$73 -> 1021.5462 | N24: ='增加值 (2001-2060, 2020RMB)'!N24*$B$73 -> 1040.3 | O24: ='增加值 (2001-2060, 2020RMB)'!O24*$B$73 -> 1079.149 | P24: ='增加值 (2001-2060, 2020RMB)'!P24*$B$73 -> 1058.6058 | ... BI24: ='增加值 (2001-2060, 2020RMB)'!BI24*$B$73 -> 1040.1779
A25: 纺织业 | I25: ='增加值 (2001-2060, 2020RMB)'!I25*$B$73 -> 777.95992 | J25: ='增加值 (2001-2060, 2020RMB)'!J25*$B$73 -> 800.14486 | K25: ='增加值 (2001-2060, 2020RMB)'!K25*$B$73 -> 867.1682 | L25: ='增加值 (2001-2060, 2020RMB)'!L25*$B$73 -> 902.40443 | M25: ='增加值 (2001-2060, 2020RMB)'!M25*$B$73 -> 963.89151 | N25: ='增加值 (2001-2060, 2020RMB)'!N25*$B$73 -> 995.32176 | O25: ='增加值 (2001-2060, 2020RMB)'!O25*$B$73 -> 1018.1774 | P25: ='增加值 (2001-2060, 2020RMB)'!P25*$B$73 -> 1033.5692 | ... BI25: ='增加值 (2001-2060, 2020RMB)'!BI25*$B$73 -> 587.64392
... A54: 水的生产和供应业 | I54: ='增加值 (2001-2060, 2020RMB)'!I54*$B$73 -> 106.41261 | J54: ='增加值 (2001-2060, 2020RMB)'!J54*$B$73 -> 106.01748 | K54: ='增加值 (2001-2060, 2020RMB)'!K54*$B$73 -> 108.72062 | L54: ='增加值 (2001-2060, 2020RMB)'!L54*$B$73 -> 112.09366 | M54: ='增加值 (2001-2060, 2020RMB)'!M54*$B$73 -> 111.51452 | N54: ='增加值 (2001-2060, 2020RMB)'!N54*$B$73 -> 113.03206 | O54: ='增加值 (2001-2060, 2020RMB)'!O54*$B$73 -> 116.38619 | P54: ='增加值 (2001-2060, 2020RMB)'!P54*$B$73 -> 116.59977 | ... BI54: ='增加值 (2001-2060, 2020RMB)'!BI54*$B$73 -> 401.03685
A56: 第三产业 | B56: ='增加值 (2001-2060, 2020RMB)'!B56*$B$73 -> 11730.483 | C56: ='增加值 (2001-2060, 2020RMB)'!C56*$B$73 -> 13108.874 | D56: ='增加值 (2001-2060, 2020RMB)'!D56*$B$73 -> 14337.784 | E56: ='增加值 (2001-2060, 2020RMB)'!E56*$B$73 -> 15459.422 | F56: ='增加值 (2001-2060, 2020RMB)'!F56*$B$73 -> 17273.636 | G56: ='增加值 (2001-2060, 2020RMB)'!G56*$B$73 -> 19694.761 | H56: ='增加值 (2001-2060, 2020RMB)'!H56*$B$73 -> 23078.243 | I56: ='增加值 (2001-2060, 2020RMB)'!I56*$B$73 -> 25291.652 | ... BI56: ='增加值 (2001-2060, 2020RMB)'!BI56*$B$73 -> 322918.08
A57: 交运仓邮 | B57: ='增加值 (2001-2060, 2020RMB)'!B57*$B$73 -> 1779.9866 | C57: ='增加值 (2001-2060, 2020RMB)'!C57*$B$73 -> 1929.1589 | D57: ='增加值 (2001-2060, 2020RMB)'!D57*$B$73 -> 1985.0249 | E57: ='增加值 (2001-2060, 2020RMB)'!E57*$B$73 -> 2182.0744 | F57: ='增加值 (2001-2060, 2020RMB)'!F57*$B$73 -> 2407.6245 | G57: ='增加值 (2001-2060, 2020RMB)'!G57*$B$73 -> 2645.6826 | H57: ='增加值 (2001-2060, 2020RMB)'!H57*$B$73 -> 2941.9625 | I57: ='增加值 (2001-2060, 2020RMB)'!I57*$B$73 -> 3059.9397 | ... BI57: ='增加值 (2001-2060, 2020RMB)'!BI57*$B$73 -> 9957.8341
A58: 批发零售 | B58: ='增加值 (2001-2060, 2020RMB)'!B58*$B$73 -> 2362.7118 | C58: ='增加值 (2001-2060, 2020RMB)'!C58*$B$73 -> 2573.3444 | D58: ='增加值 (2001-2060, 2020RMB)'!D58*$B$73 -> 2801.7271 | E58: ='增加值 (2001-2060, 2020RMB)'!E58*$B$73 -> 2920.4838 | F58: ='增加值 (2001-2060, 2020RMB)'!F58*$B$73 -> 3152.2667 | G58: ='增加值 (2001-2060, 2020RMB)'!G58*$B$73 -> 3589.4511 | H58: ='增加值 (2001-2060, 2020RMB)'!H58*$B$73 -> 4218.2478 | I58: ='增加值 (2001-2060, 2020RMB)'!I58*$B$73 -> 4895.5371 | ... BI58: ='增加值 (2001-2060, 2020RMB)'!BI58*$B$73 -> 24521.958
A59: 餐饮住宿 | B59: ='增加值 (2001-2060, 2020RMB)'!B59*$B$73 -> 621.73763 | C59: ='增加值 (2001-2060, 2020RMB)'!C59*$B$73 -> 701.40934 | D59: ='增加值 (2001-2060, 2020RMB)'!D59*$B$73 -> 784.02312 | E59: ='增加值 (2001-2060, 2020RMB)'!E59*$B$73 -> 859.27754 | F59: ='增加值 (2001-2060, 2020RMB)'!F59*$B$73 -> 946.8422 | G59: ='增加值 (2001-2060, 2020RMB)'!G59*$B$73 -> 1040.4879 | H59: ='增加值 (2001-2060, 2020RMB)'!H59*$B$73 -> 1117.5755 | I59: ='增加值 (2001-2060, 2020RMB)'!I59*$B$73 -> 1236.8867 | ... BI59: ='增加值 (2001-2060, 2020RMB)'!BI59*$B$73 -> 4234.2312
A60: 金融业 | B60: ='增加值 (2001-2060, 2020RMB)'!B60*$B$73 -> 1347.7674 | C60: ='增加值 (2001-2060, 2020RMB)'!C60*$B$73 -> 1430.1564 | D60: ='增加值 (2001-2060, 2020RMB)'!D60*$B$73 -> 1516.2562 | E60: ='增加值 (2001-2060, 2020RMB)'!E60*$B$73 -> 1547.5343 | F60: ='增加值 (2001-2060, 2020RMB)'!F60*$B$73 -> 1689.3631 | G60: ='增加值 (2001-2060, 2020RMB)'!G60*$B$73 -> 2165.0165 | H60: ='增加值 (2001-2060, 2020RMB)'!H60*$B$73 -> 3061.7955 | I60: ='增加值 (2001-2060, 2020RMB)'!I60*$B$73 -> 3429.7288 | ... BI60: ='增加值 (2001-2060, 2020RMB)'!BI60*$B$73 -> 20881.758
A61: 房地产 | B61: ='增加值 (2001-2060, 2020RMB)'!B61*$B$73 -> 1219.0213 | C61: ='增加值 (2001-2060, 2020RMB)'!C61*$B$73 -> 1373.19 | D61: ='增加值 (2001-2060, 2020RMB)'!D61*$B$73 -> 1544.1702 | E61: ='增加值 (2001-2060, 2020RMB)'!E61*$B$73 -> 1676.937 | F61: ='增加值 (2001-2060, 2020RMB)'!F61*$B$73 -> 1914.288 | G61: ='增加值 (2001-2060, 2020RMB)'!G61*$B$73 -> 2240.6986 | H61: ='增加值 (2001-2060, 2020RMB)'!H61*$B$73 -> 2762.4647 | I61: ='增加值 (2001-2060, 2020RMB)'!I61*$B$73 -> 2729.5411 | ... BI61: ='增加值 (2001-2060, 2020RMB)'!BI61*$B$73 -> 18896.877
A62: 信息传输、软件和信息技术服务 | K62: ='增加值 (2001-2060, 2020RMB)'!K62*$B$73 -> 1585.7514 | L62: ='增加值 (2001-2060, 2020RMB)'!L62*$B$73 -> 1671.5039 | M62: ='增加值 (2001-2060, 2020RMB)'!M62*$B$73 -> 1891.467 | N62: ='增加值 (2001-2060, 2020RMB)'!N62*$B$73 -> 2131.6109 | O62: ='增加值 (2001-2060, 2020RMB)'!O62*$B$73 -> 2376.8126 | P62: ='增加值 (2001-2060, 2020RMB)'!P62*$B$73 -> 2690.219 | Q62: ='增加值 (2001-2060, 2020RMB)'!Q62*$B$73 -> 3046.3629 | R62: ='增加值 (2001-2060, 2020RMB)'!R62*$B$73 -> 3456.28 | ... BI62: ='增加值 (2001-2060, 2020RMB)'!BI62*$B$73 -> 100707.38
A63: 租赁和商务服务 | K63: ='增加值 (2001-2060, 2020RMB)'!K63*$B$73 -> 1272.1127 | L63: ='增加值 (2001-2060, 2020RMB)'!L63*$B$73 -> 1484.2205 | M63: ='增加值 (2001-2060, 2020RMB)'!M63*$B$73 -> 1726.3539 | N63: ='增加值 (2001-2060, 2020RMB)'!N63*$B$73 -> 2003.5562 | O63: ='增加值 (2001-2060, 2020RMB)'!O63*$B$73 -> 2373.8474 | P63: ='增加值 (2001-2060, 2020RMB)'!P63*$B$73 -> 2778.2046 | Q63: ='增加值 (2001-2060, 2020RMB)'!Q63*$B$73 -> 3258.9744 | R63: ='增加值 (2001-2060, 2020RMB)'!R63*$B$73 -> 3668.8634 | ... BI63: ='增加值 (2001-2060, 2020RMB)'!BI63*$B$73 -> 38869.914
A64: 科学研究和技术服务 | K64: ='增加值 (2001-2060, 2020RMB)'!K64*$B$73 -> 1132.7196 | L64: ='增加值 (2001-2060, 2020RMB)'!L64*$B$73 -> 1288.6969 | M64: ='增加值 (2001-2060, 2020RMB)'!M64*$B$73 -> 1499.4007 | N64: ='增加值 (2001-2060, 2020RMB)'!N64*$B$73 -> 1711.412 | O64: ='增加值 (2001-2060, 2020RMB)'!O64*$B$73 -> 1916.7397 | P64: ='增加值 (2001-2060, 2020RMB)'!P64*$B$73 -> 2132.7873 | Q64: ='增加值 (2001-2060, 2020RMB)'!Q64*$B$73 -> 2330.3561 | R64: ='增加值 (2001-2060, 2020RMB)'!R64*$B$73 -> 2532.4046 | ... BI64: ='增加值 (2001-2060, 2020RMB)'!BI64*$B$73 -> 22096.603
A65: 水利、环境和公共设施管理 | K65: ='增加值 (2001-2060, 2020RMB)'!K65*$B$73 -> 356.60438 | L65: ='增加值 (2001-2060, 2020RMB)'!L65*$B$73 -> 405.40231 | M65: ='增加值 (2001-2060, 2020RMB)'!M65*$B$73 -> 479.6097 | N65: ='增加值 (2001-2060, 2020RMB)'!N65*$B$73 -> 569.0268 | O65: ='增加值 (2001-2060, 2020RMB)'!O65*$B$73 -> 605.45685 | P65: ='增加值 (2001-2060, 2020RMB)'!P65*$B$73 -> 634.06776 | Q65: ='增加值 (2001-2060, 2020RMB)'!Q65*$B$73 -> 659.19429 | R65: ='增加值 (2001-2060, 2020RMB)'!R65*$B$73 -> 668.14822 | ... BI65: ='增加值 (2001-2060, 2020RMB)'!BI65*$B$73 -> 2512.0379
A66: 居民服务、修理和其他服务 | K66: ='增加值 (2001-2060, 2020RMB)'!K66*$B$73 -> 1131.6157 | L66: ='增加值 (2001-2060, 2020RMB)'!L66*$B$73 -> 1228.6644 | M66: ='增加值 (2001-2060, 2020RMB)'!M66*$B$73 -> 1304.6361 | N66: ='增加值 (2001-2060, 2020RMB)'!N66*$B$73 -> 1351.918 | O66: ='增加值 (2001-2060, 2020RMB)'!O66*$B$73 -> 1480.0346 | P66: ='增加值 (2001-2060, 2020RMB)'!P66*$B$73 -> 1625.8986 | Q66: ='增加值 (2001-2060, 2020RMB)'!Q66*$B$73 -> 1844.3241 | R66: ='增加值 (2001-2060, 2020RMB)'!R66*$B$73 -> 1992.4829 | ... BI66: ='增加值 (2001-2060, 2020RMB)'!BI66*$B$73 -> 9468.9113
A67: 教育 | K67: ='增加值 (2001-2060, 2020RMB)'!K67*$B$73 -> 2167.1895 | L67: ='增加值 (2001-2060, 2020RMB)'!L67*$B$73 -> 2396.5338 | M67: ='增加值 (2001-2060, 2020RMB)'!M67*$B$73 -> 2639.4152 | N67: ='增加值 (2001-2060, 2020RMB)'!N67*$B$73 -> 2942.3084 | O67: ='增加值 (2001-2060, 2020RMB)'!O67*$B$73 -> 3258.7341 | P67: ='增加值 (2001-2060, 2020RMB)'!P67*$B$73 -> 3742.8059 | Q67: ='增加值 (2001-2060, 2020RMB)'!Q67*$B$73 -> 4081.9152 | R67: ='增加值 (2001-2060, 2020RMB)'!R67*$B$73 -> 4385.2798 | ... BI67: ='增加值 (2001-2060, 2020RMB)'!BI67*$B$73 -> 25121.793
A68: 卫生和社会工作 | K68: ='增加值 (2001-2060, 2020RMB)'!K68*$B$73 -> 1031.9816 | L68: ='增加值 (2001-2060, 2020RMB)'!L68*$B$73 -> 1204.9985 | M68: ='增加值 (2001-2060, 2020RMB)'!M68*$B$73 -> 1428.8554 | N68: ='增加值 (2001-2060, 2020RMB)'!N68*$B$73 -> 1713.1509 | O68: ='增加值 (2001-2060, 2020RMB)'!O68*$B$73 -> 1943.9791 | P68: ='增加值 (2001-2060, 2020RMB)'!P68*$B$73 -> 2267.6607 | Q68: ='增加值 (2001-2060, 2020RMB)'!Q68*$B$73 -> 2538.1387 | R68: ='增加值 (2001-2060, 2020RMB)'!R68*$B$73 -> 2692.6841 | ... BI68: ='增加值 (2001-2060, 2020RMB)'!BI68*$B$73 -> 9633.5457
A69: 文化、体育和娱乐 | K69: ='增加值 (2001-2060, 2020RMB)'!K69*$B$73 -> 495.48927 | L69: ='增加值 (2001-2060, 2020RMB)'!L69*$B$73 -> 539.48207 | M69: ='增加值 (2001-2060, 2020RMB)'!M69*$B$73 -> 595.91668 | N69: ='增加值 (2001-2060, 2020RMB)'!N69*$B$73 -> 642.43158 | O69: ='增加值 (2001-2060, 2020RMB)'!O69*$B$73 -> 688.38857 | P69: ='增加值 (2001-2060, 2020RMB)'!P69*$B$73 -> 777.69518 | Q69: ='增加值 (2001-2060, 2020RMB)'!Q69*$B$73 -> 844.66364 | R69: ='增加值 (2001-2060, 2020RMB)'!R69*$B$73 -> 961.79317 | ... BI69: ='增加值 (2001-2060, 2020RMB)'!BI69*$B$73 -> 4163.278
A70: 公共管理、社会保障和社会组织 | K70: ='增加值 (2001-2060, 2020RMB)'!K70*$B$73 -> 2856.6725 | L70: ='增加值 (2001-2060, 2020RMB)'!L70*$B$73 -> 2932.5284 | M70: ='增加值 (2001-2060, 2020RMB)'!M70*$B$73 -> 3187.4137 | N70: ='增加值 (2001-2060, 2020RMB)'!N70*$B$73 -> 3367.9568 | O70: ='增加值 (2001-2060, 2020RMB)'!O70*$B$73 -> 3733.4944 | P70: ='增加值 (2001-2060, 2020RMB)'!P70*$B$73 -> 4368.995 | Q70: ='增加值 (2001-2060, 2020RMB)'!Q70*$B$73 -> 5123.8406 | R70: ='增加值 (2001-2060, 2020RMB)'!R70*$B$73 -> 5639.5856 | ... BI70: ='增加值 (2001-2060, 2020RMB)'!BI70*$B$73 -> 31851.959
A73: 汇率 (2012 USD/2020 RMB) | B73: 0.13774644
A78: 工业 | B78: =B13 -> 11360.305 | C78: =C13 -> 12298.063 | D78: =D13 -> 13884.791 | E78: =E13 -> 15422.095 | F78: =F13 -> 17592.823 | G78: =G13 -> 20024.671 | H78: =H13 -> 22498.315 | I78: =I13 -> 24625.938 | ... BI78: =BI13 -> 85505.07
A79: 煤炭采选产品 | I79: =I14 -> 1608.2849 | J79: =J14 -> 1651.0989 | K79: =K14 -> 1879.1923 | L79: =L14 -> 2105.4222 | M79: =M14 -> 2200.7749 | N79: =N14 -> 2209.8175 | O79: =O14 -> 2171.5798 | P79: =P14 -> 2099.3377 | ... BI79: =BI14 -> 1951.3615
A80: 石油和天然气开采产品 | I80: =I15 -> 1691.9642 | J80: =J15 -> 1680.87 | K80: =K15 -> 1629.0529 | L80: =L15 -> 1645.1569 | M80: =M15 -> 1616.2967 | N80: =N15 -> 1570.7336 | O80: =O15 -> 1558.6134 | P80: =P15 -> 1540.7723 | ... BI80: =BI15 -> 1180.5176
A81: 金属矿采选产品 | I81: =I16+I17 -> 461.97504 | J81: =J16+J17 -> 539.30689 | K81: =K16+K17 -> 612.8993 | L81: =L16+L17 -> 697.13326 | M81: =M16+M17 -> 787.98266 | N81: =N16+N17 -> 846.74247 | O81: =O16+O17 -> 889.23817 | P81: =P16+P17 -> 869.65122 | ... BI81: =BI16+BI17 -> 530.16611
A82: 非金属矿和其他矿采选产品 | I82: =I18+I19+I20 -> 188.33461 | J82: =J18+J19+J20 -> 214.70342 | K82: =K18+K19+K20 -> 251.56476 | L82: =L18+L19+L20 -> 292.08519 | M82: =M18+M19+M20 -> 311.08587 | N82: =N18+N19+N20 -> 322.17631 | O82: =O18+O19+O20 -> 318.56815 | P82: =P18+P19+P20 -> 300.29257 | ... BI82: =BI18+BI19+BI20 -> 404.72826
A83: 食品和烟草 | I83: =I21+I22+I23+I24 -> 2454.8372 | J83: =J21+J22+J23+J24 -> 2625.8154 | K83: =K21+K22+K23+K24 -> 2906.3916 | L83: =L21+L22+L23+L24 -> 3210.2341 | M83: =M21+M22+M23+M24 -> 3416.4197 | N83: =N21+N22+N23+N24 -> 3537.0991 | O83: =O21+O22+O23+O24 -> 3654.9197 | P83: =P21+P22+P23+P24 -> 3662.0952 | ... BI83: =BI21+BI22+BI23+BI24 -> 4056.3015
A84: 纺织品 | I84: =I25 -> 777.95992 | J84: =J25 -> 800.14486 | K84: =K25 -> 867.1682 | L84: =L25 -> 902.40443 | M84: =M25 -> 963.89151 | N84: =N25 -> 995.32176 | O84: =O25 -> 1018.1774 | P84: =P25 -> 1033.5692 | ... BI84: =BI25 -> 587.64392
A85: 纺织服装鞋帽皮革羽绒及其制品 | I85: =I26+I27 -> 794.13119 | J85: =J26+J27 -> 825.51106 | K85: =K26+K27 -> 926.70628 | L85: =L26+L27 -> 1020.4273 | M85: =M26+M27 -> 1043.3087 | N85: =N26+N27 -> 1066.0064 | O85: =O26+O27 -> 1091.5137 | P85: =P26+P27 -> 1083.1465 | ... BI85: =BI26+BI27 -> 637.18901
A86: 木材加工品和家具 | I86: =I28+I29 -> 312.88148 | J86: =J28+J29 -> 338.13806 | K86: =K28+K29 -> 398.41529 | L86: =L28+L29 -> 454.5499 | M86: =M28+M29 -> 484.41888 | N86: =N28+N29 -> 511.42123 | O86: =O28+O29 -> 535.42946 | P86: =P28+P29 -> 541.10037 | ... BI86: =BI28+BI29 -> 453.10416
A87: 造纸印刷和文教体育用品 | I87: =I30+I31+I32 -> 633.24101 | J87: =J30+J31+J32 -> 656.95248 | K87: =K30+K31+K32 -> 735.05206 | L87: =L30+L31+L32 -> 803.22604 | M87: =M30+M31+M32 -> 838.14481 | N87: =N30+N31+N32 -> 879.44918 | O87: =O30+O31+O32 -> 920.17867 | P87: =P30+P31+P32 -> 923.06262 | ... BI87: =BI30+BI31+BI32 -> 854.87842
A88: 石油、炼焦产品和核燃料加工品 | I88: =I33 -> 637.16699 | J88: =J33 -> 635.40506 | K88: =K33 -> 676.28811 | L88: =L33 -> 699.21935 | M88: =M33 -> 707.58853 | N88: =N33 -> 713.18462 | O88: =O33 -> 720.67276 | P88: =P33 -> 734.302 | ... BI88: =BI33 -> 539.21488
A89: 化学产品 | I89: =I34+I35+I36+I37 -> 2560.8759 | J89: =J34+J35+J36+J37 -> 2764.9378 | K89: =K34+K35+K36+K37 -> 3105.5611 | L89: =L34+L35+L36+L37 -> 3424.4855 | M89: =M34+M35+M36+M37 -> 3650.4089 | N89: =N34+N35+N36+N37 -> 3884.5218 | O89: =O34+O35+O36+O37 -> 4107.3332 | P89: =P34+P35+P36+P37 -> 4260.3967 | ... BI89: =BI34+BI35+BI36+BI37 -> 8644.3347
A90: 非金属矿物制品 | I90: =I38 -> 969.8653 | J90: =J38 -> 1054.5241 | K90: =K38 -> 1231.9488 | L90: =L38 -> 1401.5667 | M90: =M38 -> 1483.7224 | N90: =N38 -> 1571.5685 | O90: =O38 -> 1646.8309 | P90: =P38 -> 1663.9142 | ... BI90: =BI38 -> 2013.53
A91: 金属冶炼和压延加工品 | I91: =I39+I40 -> 2597.0509 | J91: =J39+J40 -> 2726.7398 | K91: =K39+K40 -> 2967.9329 | L91: =L39+L40 -> 3162.3679 | M91: =M39+M40 -> 3331.3503 | N91: =N39+N40 -> 3525.481 | O91: =O39+O40 -> 3658.4209 | P91: =P39+P40 -> 3728.0927 | ... BI91: =BI39+BI40 -> 4486.5642
A92: 金属制品 | I92: =I41 -> 825.35204 | J92: =J41 -> 860.62424 | K92: =K41 -> 994.56017 | L92: =L41 -> 1125.7599 | M92: =M41 -> 1202.4657 | N92: =N41 -> 1283.9403 | O92: =O41 -> 1373.74 | P92: =P41 -> 1399.7199 | ... BI92: =BI41 -> 2747.5147
A93: 通用设备 | I93: =I42 -> 957.48913 | J93: =J42 -> 1007.4848 | K93: =K42 -> 1190.6924 | L93: =L42 -> 1343.189 | M93: =M42 -> 1386.1189 | N93: =N42 -> 1437.9008 | O93: =O42 -> 1504.0047 | P93: =P42 -> 1468.2395 | ... BI93: =BI42 -> 2971.9943
A94: 专用设备 | I94: =I43 -> 636.84917 | J94: =J43 -> 682.1764 | K94: =K43 -> 798.94067 | L94: =L43 -> 919.68852 | M94: =M43 -> 953.46054 | N94: =N43 -> 982.73916 | O94: =O43 -> 1007.1902 | P94: =P43 -> 988.01687 | ... BI94: =BI43 -> 3437.9209
A95: 交通运输设备 | I95: =I44+I45 -> 1623.8018 | J95: =J44+J45 -> 1822.4952 | K95: =K44+K45 -> 2166.2986 | L95: =L44+L45 -> 2331.3408 | M95: =M44+M45 -> 2383.0435 | N95: =N44+N45 -> 2540.8631 | O95: =O44+O45 -> 2728.8384 | P95: =P44+P45 -> 2762.9644 | ... BI95: =BI44+BI45 -> 5438.4719
A96: 电气机械和器材 | I96: =I46 -> 1217.5195 | J96: =J46 -> 1292.6341 | K96: =K46 -> 1490.0363 | L96: =L46 -> 1639.3503 | M96: =M46 -> 1712.0344 | N96: =N46 -> 1803.6398 | O96: =O46 -> 1891.7453 | P96: =P46 -> 1925.727 | ... BI96: =BI46 -> 11635.593
A97: 通信设备、计算机和其他电子设备 | I97: =I47 -> 1706.6025 | J97: =J47 -> 1703.501 | K97: =K47 -> 1933.8707 | L97: =L47 -> 2153.6757 | M97: =M47 -> 2298.3703 | N97: =N47 -> 2430.0821 | O97: =O47 -> 2614.0226 | P97: =P47 -> 2740.3368 | ... BI97: =BI47 -> 22562.503
A98: 仪器仪表 | I98: =I48 -> 174.94891 | J98: =J48 -> 169.15821 | K98: =K48 -> 196.46934 | L98: =L48 -> 219.55529 | M98: =M48 -> 235.35118 | N98: =N48 -> 249.50909 | O98: =O48 -> 261.69729 | P98: =P48 -> 261.68098 | ... BI98: =BI48 -> 1014.1981
A99: 其他制造产品和废品废料 | I99: =I49+I50 -> 111.46029 | J99: =J49+J50 -> 120.30787 | K99: =K49+K50 -> 141.43054 | L99: =L49+L50 -> 159.98362 | M99: =M49+M50 -> 167.95873 | N99: =N49+N50 -> 172.0553 | O99: =O49+O50 -> 181.96007 | P99: =P49+P50 -> 194.94535 | ... BI99: =BI49+BI50 -> 1242.9357
A100: 金属制品、机械和设备修理服务 | I100: =I51 -> 22.452836 | J100: =J51 -> 23.412379 | K100: =K51 -> 27.055966 | L100: =L51 -> 30.625116 | M100: =M51 -> 32.536889 | N100: =N51 -> 35.699637 | O100: =O51 -> 38.367628 | P100: =P51 -> 39.602825 | ... BI100: =BI51 -> 87.223789
A101: 电力、热力的生产和供应 | I101: =I52 -> 1466.9498 | J101: =J52 -> 1474.0179 | K101: =K52 -> 1588.8989 | L101: =L52 -> 1680.9431 | M101: =M52 -> 1680.2596 | N101: =N52 -> 1695.1444 | O101: =O52 -> 1660.9369 | P101: =P52 -> 1583.622 | ... BI101: =BI52 -> 5654.8195
A102: 燃气生产和供应 | I102: =I53 -> 87.530539 | J102: =J53 -> 95.088037 | K102: =K53 -> 108.8705 | L102: =L53 -> 118.31566 | M102: =M53 -> 125.81415 | N102: =N53 -> 140.31477 | O102: =O53 -> 156.72015 | P102: =P53 -> 165.18523 | ... BI102: =BI53 -> 1971.3235
A103: 水的生产和供应 | I103: =I54 -> 106.41261 | J103: =J54 -> 106.01748 | K103: =K54 -> 108.72062 | L103: =L54 -> 112.09366 | M103: =M54 -> 111.51452 | N103: =N54 -> 113.03206 | O103: =O54 -> 116.38619 | P103: =P54 -> 116.59977 | ... BI103: =BI54 -> 401.03685

Sheet 情景假设
A1: GDP增速
B2: 不变价GDP年均增速
A3: 十四五 | B3: 0.053
A4: 十五五 | B4: 0.05
A5: 十六五 | B5: 0.036
A6: 2035-2050 | B6: 0.026
A7: 2035-2060 | B7: 0.02
A8: 参考依据
A9: 2023政府工作报告
A10: 二十大报告：2035年人均GDP达到中等发达国家水平。GDP总量/人均GDP翻一番多
A11: 能源基金会《中国经济社会发展的中长期目标、战略与路径》2035-2050%年均增速3.5%左右
A13: 产业结构
B14: 第一产业 | C14: 第二产业 | D14: 工业 | E14: 建筑业 | F14: 第三产业
A15: 2025 | B15: =1-C15-F15 -> 0.074 | C15: =SUM(D15:E15) -> 0.386 | D15: 0.318 | E15: 0.068 | F15: 0.54
A16: 2030 | B16: =1-C16-F16 -> 0.072 | C16: =SUM(D16:E16) -> 0.358 | D16: 0.293 | E16: 0.065 | F16: 0.57
A17: 2035 | B17: =1-C17-F17 -> 0.065 | C17: =SUM(D17:E17) -> 0.335 | D17: 0.275 | E17: 0.06 | F17: 0.6
A18: 2050 | B18: =1-C18-F18 -> 0.058 | C18: =SUM(D18:E18) -> 0.26 | D18: 0.208 | E18: 0.052 | F18: 0.682
A19: 2060 | B19: =1-C19-F19 -> 0.052 | C19: =SUM(D19:E19) -> 0.238 | D19: 0.188 | E19: 0.05 | F19: 0.71
A20: 参考依据
A21: 能源基金会《中国经济社会发展的中长期目标、战略与路径》
A22: 建筑十四五规划：建筑增加值占比稳定在6%左右
A23: 2018年美国建筑业增加值比重为4.1%，欧盟为4.89%。2017年日本5.7%。
A26: 第三产业年均增速
C27: 2016-2019年均增速 | D27: 2019-2022年均增速 | E27: 十四五增速系数 | F27: 十五五增速系数 | G27: 十六五增速系数 | H27: 2035-2050增速系数 | I27: 2050-2060增速系数 | J27: 十四五年均增速 | K27: 十五五年均增速 | L27: 十六五年均增速 | M27: 2035-2050年均增速 | N27: 2050-2060年均增速 | O27: 2025增加值 | P27: 2030 增加值 | Q27: 2035增加值 | R27: 2050增加值 | S27: 2060增加值
B28: 第三产业 | C28: =(VLOOKUP($B28,'增加值 (2001-2060, 2020RMB)'!$A$56:$W$70,20,0)/VLOOKUP($B28,'增加值 (2001-2060, 2020RMB)'!$A$56:$W$70,17,0))^(1/3)-1 -> 0.078274323 | D28: =(VLOOKUP($B28,'增加值 (2001-2060, 2020RMB)'!$A$56:$W$70,23,0)/VLOOKUP($B28,'增加值 (2001-2060, 2020RMB)'!$A$56:$W$70,20,0))^(1/3)-1 -> 0.035189478 | J28: =('增加值 (2001-2060, 2020RMB)'!Z56/'增加值 (2001-2060, 2020RMB)'!W56)^(1/3)-1 -> 0.064478925 | K28: =('增加值 (2001-2060, 2020RMB)'!AE56/'增加值 (2001-2060, 2020RMB)'!Z56)^0.2-1 -> 0.061415727 | L28: =('增加值 (2001-2060, 2020RMB)'!AJ56/'增加值 (2001-2060, 2020RMB)'!AE56)^0.2-1 -> 0.046682672 | M28: =('增加值 (2001-2060, 2020RMB)'!AY56/'增加值 (2001-2060, 2020RMB)'!AJ56)^(1/15)-1 -> 0.034799561 | N28: =('增加值 (2001-2060, 2020RMB)'!BI56/'增加值 (2001-2060, 2020RMB)'!AY56)^0.1-1 -> 0.015141975 | O28: =SUM(O29:O42) -> 721139.95 | P28: =SUM(P29:P42) -> 969229.55 | Q28: =SUM(Q29:Q42) -> 1266130.8 | R28: =SUM(R29:R42) -> 2584528.2 | S28: =SUM(S29:S42) -> 3546701.9 | T28: ='增加值 (2001-2060, 2020RMB)'!Z56/O28 -> 0.98941454
A29: 传统服务业 | B29: 批发零售 | C29: =(VLOOKUP($B29,'增加值 (2001-2060, 2020RMB)'!$A$56:$W$70,20,0)/VLOOKUP($B29,'增加值 (2001-2060, 2020RMB)'!$A$56:$W$70,17,0))^(1/3)-1 -> 0.05875808 | D29: =(VLOOKUP($B29,'增加值 (2001-2060, 2020RMB)'!$A$56:$W$70,23,0)/VLOOKUP($B29,'增加值 (2001-2060, 2020RMB)'!$A$56:$W$70,20,0))^(1/3)-1 -> 0.036529506 | E29: 0.8 | F29: 0.7 | G29: 0.6 | H29: 0.5 | I29: 0.5 | J29: =$C29*E29 -> 0.047006464 | K29: =$C29*F29 -> 0.041130656 | L29: =$C29*G29 -> 0.035254848 | M29: =$C29*H29 -> 0.02937904 | N29: =$C29*I29 -> 0.02937904 | O29: =VLOOKUP($B29,'增加值 (2001-2060, 2020RMB)'!$A$56:$BI$70,23,0)*(1+J29)^3 -> 122907.94 | P29: =VLOOKUP($B29,'增加值 (2001-2060, 2020RMB)'!$A$56:$BI$70,26,0)*(1+K29)^5 -> 148759.39 | Q29: =VLOOKUP($B29,'增加值 (2001-2060, 2020RMB)'!$A$56:$BI$70,31,0)*(1+L29)^5 -> 175436.34 | R29: =VLOOKUP($B29,'增加值 (2001-2060, 2020RMB)'!$A$56:$BI$70,36,0)*(1+M29)^15 -> 258327.95 | S29: =VLOOKUP($B29,'增加值 (2001-2060, 2020RMB)'!$A$56:$BI$70,51,0)*(1+N29)^10 -> 269331.7 | T29: =O29*$T$28 -> 121606.9
B30: 餐饮住宿 | C30: =(VLOOKUP($B30,'增加值 (2001-2060, 2020RMB)'!$A$56:$W$70,20,0)/VLOOKUP($B30,'增加值 (2001-2060, 2020RMB)'!$A$56:$W$70,17,0))^(1/3)-1 -> 0.063696596 | D30: =(VLOOKUP($B30,'增加值 (2001-2060, 2020RMB)'!$A$56:$W$70,23,0)/VLOOKUP($B30,'增加值 (2001-2060, 2020RMB)'!$A$56:$W$70,20,0))^(1/3)-1 -> -0.02471071 | E30: 0.8 | F30: 0.7 | G30: 0.6 | H30: 0.5 | I30: 0.5 | J30: =$C30*E30 -> 0.050957277 | K30: =$C30*F30 -> 0.044587617 | L30: =$C30*G30 -> 0.038217958 | M30: =$C30*H30 -> 0.031848298 | N30: =$C30*I30 -> 0.031848298 | O30: =VLOOKUP($B30,'增加值 (2001-2060, 2020RMB)'!$A$56:$BI$70,23,0)*(1+J30)^3 -> 19381.241 | P30: =VLOOKUP($B30,'增加值 (2001-2060, 2020RMB)'!$A$56:$BI$70,26,0)*(1+K30)^5 -> 23849.772 | Q30: =VLOOKUP($B30,'增加值 (2001-2060, 2020RMB)'!$A$56:$BI$70,31,0)*(1+L30)^5 -> 28531.572 | R30: =VLOOKUP($B30,'增加值 (2001-2060, 2020RMB)'!$A$56:$BI$70,36,0)*(1+M30)^15 -> 43549.734 | S30: =VLOOKUP($B30,'增加值 (2001-2060, 2020RMB)'!$A$56:$BI$70,51,0)*(1+N30)^10 -> 46505.775 | T30: =O30*$T$28 -> 19176.081
B31: 交运仓邮 | C31: =(VLOOKUP($B31,'增加值 (2001-2060, 2020RMB)'!$A$56:$W$70,20,0)/VLOOKUP($B31,'增加值 (2001-2060, 2020RMB)'!$A$56:$W$70,17,0))^(1/3)-1 -> 0.055573901 | D31: =(VLOOKUP($B31,'增加值 (2001-2060, 2020RMB)'!$A$56:$W$70,23,0)/VLOOKUP($B31,'增加值 (2001-2060, 2020RMB)'!$A$56:$W$70,20,0))^(1/3)-1 -> 0.028524195 | E31: 0.8 | F31: 0.7 | G31: 0.6 | H31: 0.5 | I31: 0.5 | J31: =$C31*E31 -> 0.044459121 | K31: =$C31*F31 -> 0.038901731 | L31: =$C31*G31 -> 0.033344341 | M31: =$C31*H31 -> 0.027786951 | N31: =$C31*I31 -> 0.027786951 | O31: =VLOOKUP($B31,'增加值 (2001-2060, 2020RMB)'!$A$56:$BI$70,23,0)*(1+J31)^3 -> 52924.905 | P31: =VLOOKUP($B31,'增加值 (2001-2060, 2020RMB)'!$A$56:$BI$70,26,0)*(1+K31)^5 -> 63373.942 | Q31: =VLOOKUP($B31,'增加值 (2001-2060, 2020RMB)'!$A$56:$BI$70,31,0)*(1+L31)^5 -> 74051.667 | R31: =VLOOKUP($B31,'增加值 (2001-2060, 2020RMB)'!$A$56:$BI$70,36,0)*(1+M31)^15 -> 106537.71 | S31: =VLOOKUP($B31,'增加值 (2001-2060, 2020RMB)'!$A$56:$BI$70,51,0)*(1+N31)^10 -> 109369.75 | T31: =O31*$T$28 -> 52364.67
A32: 现代服务业 | B32: 金融业 | C32: =(VLOOKUP($B32,'增加值 (2001-2060, 2020RMB)'!$A$56:$W$70,20,0)/VLOOKUP($B32,'增加值 (2001-2060, 2020RMB)'!$A$56:$W$70,17,0))^(1/3)-1 -> 0.051691957 | D32: =(VLOOKUP($B32,'增加值 (2001-2060, 2020RMB)'!$A$56:$W$70,23,0)/VLOOKUP($B32,'增加值 (2001-2060, 2020RMB)'!$A$56:$W$70,20,0))^(1/3)-1 -> 0.057014547 | E32: 1 | F32: 1 | G32: 0.8 | H32: 0.5 | I32: 0.5 | J32: =$C32*E32 -> 0.051691957 | K32: =$C32*F32 -> 0.051691957 | L32: =$C32*G32 -> 0.041353566 | M32: =$C32*H32 -> 0.025845979 | N32: =$C32*I32 -> 0.025845979 | O32: =VLOOKUP($B32,'增加值 (2001-2060, 2020RMB)'!$A$56:$BI$70,23,0)*(1+J32)^3 -> 105305.15 | P32: =VLOOKUP($B32,'增加值 (2001-2060, 2020RMB)'!$A$56:$BI$70,26,0)*(1+K32)^5 -> 134051.18 | Q32: =VLOOKUP($B32,'增加值 (2001-2060, 2020RMB)'!$A$56:$BI$70,31,0)*(1+L32)^5 -> 162802.28 | R32: =VLOOKUP($B32,'增加值 (2001-2060, 2020RMB)'!$A$56:$BI$70,36,0)*(1+M32)^15 -> 227674.78 | S32: =VLOOKUP($B32,'增加值 (2001-2060, 2020RMB)'!$A$56:$BI$70,51,0)*(1+N32)^10 -> 229350.33 | T32: =O32*$T$28 -> 104190.44
B33: 房地产 | C33: =(VLOOKUP($B33,'增加值 (2001-2060, 2020RMB)'!$A$56:$W$70,20,0)/VLOOKUP($B33,'增加值 (2001-2060, 2020RMB)'!$A$56:$W$70,17,0))^(1/3)-1 -> 0.08847702 | D33: =(VLOOKUP($B33,'增加值 (2001-2060, 2020RMB)'!$A$56:$W$70,23,0)/VLOOKUP($B33,'增加值 (2001-2060, 2020RMB)'!$A$56:$W$70,20,0))^(1/3)-1 -> -0.0084877902 | E33: 0.6 | F33: 0.5 | G33: 0.4 | H33: 0.4 | I33: 0.4 | J33: =$C33*E33 -> 0.053086212 | K33: =$C33*F33 -> 0.04423851 | L33: =$C33*G33 -> 0.035390808 | M33: =$C33*H33 -> 0.035390808 | N33: =$C33*I33 -> 0.035390808 | O33: =VLOOKUP($B33,'增加值 (2001-2060, 2020RMB)'!$A$56:$BI$70,23,0)*(1+J33)^3 -> 80618.127 | P33: =VLOOKUP($B33,'增加值 (2001-2060, 2020RMB)'!$A$56:$BI$70,26,0)*(1+K33)^5 -> 99039.746 | Q33: =VLOOKUP($B33,'增加值 (2001-2060, 2020RMB)'!$A$56:$BI$70,31,0)*(1+L33)^5 -> 116877.21 | R33: =VLOOKUP($B33,'增加值 (2001-2060, 2020RMB)'!$A$56:$BI$70,36,0)*(1+M33)^15 -> 187809.02 | S33: =VLOOKUP($B33,'增加值 (2001-2060, 2020RMB)'!$A$56:$BI$70,51,0)*(1+N33)^10 -> 207549.81 | T33: =O33*$T$28 -> 79764.747
B34: 信息传输、软件和信息技术服务 | C34: =(VLOOKUP($B34,'增加值 (2001-2060, 2020RMB)'!$A$56:$W$70,20,0)/VLOOKUP($B34,'增加值 (2001-2060, 2020RMB)'!$A$56:$W$70,17,0))^(1/3)-1 -> 0.14924366 | D34: =(VLOOKUP($B34,'增加值 (2001-2060, 2020RMB)'!$A$56:$W$70,23,0)/VLOOKUP($B34,'增加值 (2001-2060, 2020RMB)'!$A$56:$W$70,20,0))^(1/3)-1 -> 0.078333639 | E34: 0.9 | F34: 0.8 | G34: 0.7 | H34: 0.6 | I34: 0.6 | J34: =$C34*E34 -> 0.1343193 | K34: =$C34*F34 -> 0.11939493 | L34: =$C34*G34 -> 0.10447056 | M34: =$C34*H34 -> 0.089546197 | N34: =$C34*I34 -> 0.089546197 | O34: =VLOOKUP($B34,'增加值 (2001-2060, 2020RMB)'!$A$56:$BI$70,23,0)*(1+J34)^3 -> 61433.186 | P34: =VLOOKUP($B34,'增加值 (2001-2060, 2020RMB)'!$A$56:$BI$70,26,0)*(1+K34)^5 -> 106831.17 | Q34: =VLOOKUP($B34,'增加值 (2001-2060, 2020RMB)'!$A$56:$BI$70,31,0)*(1+L34)^5 -> 174127.56 | R34: =VLOOKUP($B34,'增加值 (2001-2060, 2020RMB)'!$A$56:$BI$70,36,0)*(1+M34)^15 -> 601138.14 | S34: =VLOOKUP($B34,'增加值 (2001-2060, 2020RMB)'!$A$56:$BI$70,51,0)*(1+N34)^10 -> 1106098.1 | T34: =O34*$T$28 -> 60782.887
B35: 租赁和商务服务 | C35: =(VLOOKUP($B35,'增加值 (2001-2060, 2020RMB)'!$A$56:$W$70,20,0)/VLOOKUP($B35,'增加值 (2001-2060, 2020RMB)'!$A$56:$W$70,17,0))^(1/3)-1 -> 0.11516786 | D35: =(VLOOKUP($B35,'增加值 (2001-2060, 2020RMB)'!$A$56:$W$70,23,0)/VLOOKUP($B35,'增加值 (2001-2060, 2020RMB)'!$A$56:$W$70,20,0))^(1/3)-1 -> 0.028854192 | E35: 0.9 | F35: 0.8 | G35: 0.7 | H35: 0.6 | I35: 0.6 | J35: =$C35*E35 -> 0.10365108 | K35: =$C35*F35 -> 0.092134292 | L35: =$C35*G35 -> 0.080617505 | M35: =$C35*H35 -> 0.069100719 | N35: =$C35*I35 -> 0.069100719 | O35: =VLOOKUP($B35,'增加值 (2001-2060, 2020RMB)'!$A$56:$BI$70,23,0)*(1+J35)^3 -> 48037.256 | P35: =VLOOKUP($B35,'增加值 (2001-2060, 2020RMB)'!$A$56:$BI$70,26,0)*(1+K35)^5 -> 73847.653 | Q35: =VLOOKUP($B35,'增加值 (2001-2060, 2020RMB)'!$A$56:$BI$70,31,0)*(1+L35)^5 -> 107918.4 | R35: =VLOOKUP($B35,'增加值 (2001-2060, 2020RMB)'!$A$56:$BI$70,36,0)*(1+M35)^15 -> 280412.15 | S35: =VLOOKUP($B35,'增加值 (2001-2060, 2020RMB)'!$A$56:$BI$70,51,0)*(1+N35)^10 -> 426919.41 | T35: =O35*$T$28 -> 47528.76
B36: 科学研究和技术服务 | C36: =(VLOOKUP($B36,'增加值 (2001-2060, 2020RMB)'!$A$56:$W$70,20,0)/VLOOKUP($B36,'增加值 (2001-2060, 2020RMB)'!$A$56:$W$70,17,0))^(1/3)-1 -> 0.10368127 | D36: =(VLOOKUP($B36,'增加值 (2001-2060, 2020RMB)'!$A$56:$W$70,23,0)/VLOOKUP($B36,'增加值 (2001-2060, 2020RMB)'!$A$56:$W$70,20,0))^(1/3)-1 -> 0.053552107 | E36: 0.9 | F36: 0.8 | G36: 0.7 | H36: 0.6 | I36: 0.6 | J36: =$C36*E36 -> 0.093313141 | K36: =$C36*F36 -> 0.082945014 | L36: =$C36*G36 -> 0.072576888 | M36: =$C36*H36 -> 0.062208761 | N36: =$C36*I36 -> 0.062208761 | O36: =VLOOKUP($B36,'增加值 (2001-2060, 2020RMB)'!$A$56:$BI$70,23,0)*(1+J36)^3 -> 34759.594 | P36: =VLOOKUP($B36,'增加值 (2001-2060, 2020RMB)'!$A$56:$BI$70,26,0)*(1+K36)^5 -> 51225.36 | Q36: =VLOOKUP($B36,'增加值 (2001-2060, 2020RMB)'!$A$56:$BI$70,31,0)*(1+L36)^5 -> 72115.061 | R36: =VLOOKUP($B36,'增加值 (2001-2060, 2020RMB)'!$A$56:$BI$70,36,0)*(1+M36)^15 -> 170057.66 | S36: =VLOOKUP($B36,'增加值 (2001-2060, 2020RMB)'!$A$56:$BI$70,51,0)*(1+N36)^10 -> 242693.33 | T36: =O36*$T$28 -> 34391.648
B37: 水利、环境和公共设施管理 | C37: =(VLOOKUP($B37,'增加值 (2001-2060, 2020RMB)'!$A$56:$W$70,20,0)/VLOOKUP($B37,'增加值 (2001-2060, 2020RMB)'!$A$56:$W$70,17,0))^(1/3)-1 -> 0.071814324 | D37: =(VLOOKUP($B37,'增加值 (2001-2060, 2020RMB)'!$A$56:$W$70,23,0)/VLOOKUP($B37,'增加值 (2001-2060, 2020RMB)'!$A$56:$W$70,20,0))^(1/3)-1 -> 0.03075646 | E37: 0.9 | F37: 0.8 | G37: 0.7 | H37: 0.6 | I37: 0.6 | J37: =$C37*E37 -> 0.064632892 | K37: =$C37*F37 -> 0.057451459 | L37: =$C37*G37 -> 0.050270027 | M37: =$C37*H37 -> 0.043088595 | N37: =$C37*I37 -> 0.043088595 | O37: =VLOOKUP($B37,'增加值 (2001-2060, 2020RMB)'!$A$56:$BI$70,23,0)*(1+J37)^3 -> 7786.8099 | P37: =VLOOKUP($B37,'增加值 (2001-2060, 2020RMB)'!$A$56:$BI$70,26,0)*(1+K37)^5 -> 10186.854 | Q37: =VLOOKUP($B37,'增加值 (2001-2060, 2020RMB)'!$A$56:$BI$70,31,0)*(1+L37)^5 -> 12910.519 | R37: =VLOOKUP($B37,'增加值 (2001-2060, 2020RMB)'!$A$56:$BI$70,36,0)*(1+M37)^15 -> 23183.75 | S37: =VLOOKUP($B37,'增加值 (2001-2060, 2020RMB)'!$A$56:$BI$70,51,0)*(1+N37)^10 -> 27590.433 | T37: =O37*$T$28 -> 7704.3829
B38: 居民服务、修理和其他服务 | C38: =(VLOOKUP($B38,'增加值 (2001-2060, 2020RMB)'!$A$56:$W$70,20,0)/VLOOKUP($B38,'增加值 (2001-2060, 2020RMB)'!$A$56:$W$70,17,0))^(1/3)-1 -> 0.08439753 | D38: =(VLOOKUP($B38,'增加值 (2001-2060, 2020RMB)'!$A$56:$W$70,23,0)/VLOOKUP($B38,'增加值 (2001-2060, 2020RMB)'!$A$56:$W$70,20,0))^(1/3)-1 -> 0.017741893 | E38: 0.9 | F38: 0.8 | G38: 0.7 | H38: 0.6 | I38: 0.6 | J38: =$C38*E38 -> 0.075957777 | K38: =$C38*F38 -> 0.067518024 | L38: =$C38*G38 -> 0.059078271 | M38: =$C38*H38 -> 0.050638518 | N38: =$C38*I38 -> 0.050638518 | O38: =VLOOKUP($B38,'增加值 (2001-2060, 2020RMB)'!$A$56:$BI$70,23,0)*(1+J38)^3 -> 22419.249 | P38: =VLOOKUP($B38,'增加值 (2001-2060, 2020RMB)'!$A$56:$BI$70,26,0)*(1+K38)^5 -> 30752.147 | Q38: =VLOOKUP($B38,'增加值 (2001-2060, 2020RMB)'!$A$56:$BI$70,31,0)*(1+L38)^5 -> 40636.333 | R38: =VLOOKUP($B38,'增加值 (2001-2060, 2020RMB)'!$A$56:$BI$70,36,0)*(1+M38)^15 -> 81308.569 | S38: =VLOOKUP($B38,'增加值 (2001-2060, 2020RMB)'!$A$56:$BI$70,51,0)*(1+N38)^10 -> 103999.77 | T38: =O38*$T$28 -> 22181.931
B39: 教育 | C39: =(VLOOKUP($B39,'增加值 (2001-2060, 2020RMB)'!$A$56:$W$70,20,0)/VLOOKUP($B39,'增加值 (2001-2060, 2020RMB)'!$A$56:$W$70,17,0))^(1/3)-1 -> 0.087713836 | D39: =(VLOOKUP($B39,'增加值 (2001-2060, 2020RMB)'!$A$56:$W$70,23,0)/VLOOKUP($B39,'增加值 (2001-2060, 2020RMB)'!$A$56:$W$70,20,0))^(1/3)-1 -> 0.049833837 | E39: 0.9 | F39: 0.8 | G39: 0.7 | H39: 0.6 | I39: 0.6 | J39: =$C39*E39 -> 0.078942453 | K39: =$C39*F39 -> 0.070171069 | L39: =$C39*G39 -> 0.061399685 | M39: =$C39*H39 -> 0.052628302 | N39: =$C39*I39 -> 0.052628302 | O39: =VLOOKUP($B39,'增加值 (2001-2060, 2020RMB)'!$A$56:$BI$70,23,0)*(1+J39)^3 -> 55422.245 | P39: =VLOOKUP($B39,'增加值 (2001-2060, 2020RMB)'!$A$56:$BI$70,26,0)*(1+K39)^5 -> 76971.231 | Q39: =VLOOKUP($B39,'增加值 (2001-2060, 2020RMB)'!$A$56:$BI$70,31,0)*(1+L39)^5 -> 102830.51 | R39: =VLOOKUP($B39,'增加值 (2001-2060, 2020RMB)'!$A$56:$BI$70,36,0)*(1+M39)^15 -> 211675.04 | S39: =VLOOKUP($B39,'增加值 (2001-2060, 2020RMB)'!$A$56:$BI$70,51,0)*(1+N39)^10 -> 275919.85 | T39: =O39*$T$28 -> 54835.575
B40: 卫生和社会工作 | C40: =(VLOOKUP($B40,'增加值 (2001-2060, 2020RMB)'!$A$56:$W$70,20,0)/VLOOKUP($B40,'增加值 (2001-2060, 2020RMB)'!$A$56:$W$70,17,0))^(1/3)-1 -> 0.068423018 | D40: =(VLOOKUP($B40,'增加值 (2001-2060, 2020RMB)'!$A$56:$W$70,23,0)/VLOOKUP($B40,'增加值 (2001-2060, 2020RMB)'!$A$56:$W$70,20,0))^(1/3)-1 -> 0.061115803 | E40: 0.9 | F40: 0.8 | G40: 0.7 | H40: 0.6 | I40: 0.6 | J40: =$C40*E40 -> 0.061580716 | K40: =$C40*F40 -> 0.054738415 | L40: =$C40*G40 -> 0.047896113 | M40: =$C40*H40 -> 0.041053811 | N40: =$C40*I40 -> 0.041053811 | O40: =VLOOKUP($B40,'增加值 (2001-2060, 2020RMB)'!$A$56:$BI$70,23,0)*(1+J40)^3 -> 32122.704 | P40: =VLOOKUP($B40,'增加值 (2001-2060, 2020RMB)'!$A$56:$BI$70,26,0)*(1+K40)^5 -> 41487.208 | Q40: =VLOOKUP($B40,'增加值 (2001-2060, 2020RMB)'!$A$56:$BI$70,31,0)*(1+L40)^5 -> 51988.123 | R40: =VLOOKUP($B40,'增加值 (2001-2060, 2020RMB)'!$A$56:$BI$70,36,0)*(1+M40)^15 -> 90661.696 | S40: =VLOOKUP($B40,'增加值 (2001-2060, 2020RMB)'!$A$56:$BI$70,51,0)*(1+N40)^10 -> 105807.99 | T40: =O40*$T$28 -> 31782.671
B41: 文化、体育和娱乐 | C41: =(VLOOKUP($B41,'增加值 (2001-2060, 2020RMB)'!$A$56:$W$70,20,0)/VLOOKUP($B41,'增加值 (2001-2060, 2020RMB)'!$A$56:$W$70,17,0))^(1/3)-1 -> 0.1008643 | D41: =(VLOOKUP($B41,'增加值 (2001-2060, 2020RMB)'!$A$56:$W$70,23,0)/VLOOKUP($B41,'增加值 (2001-2060, 2020RMB)'!$A$56:$W$70,20,0))^(1/3)-1 -> -0.020691995 | E41: 0.8 | F41: 0.7 | G41: 0.6 | H41: 0.5 | I41: 0.5 | J41: =$C41*E41 -> 0.080691442 | K41: =$C41*F41 -> 0.070605012 | L41: =$C41*G41 -> 0.060518582 | M41: =$C41*H41 -> 0.050432151 | N41: =$C41*I41 -> 0.050432151 | O41: =VLOOKUP($B41,'增加值 (2001-2060, 2020RMB)'!$A$56:$BI$70,23,0)*(1+J41)^3 -> 9697.68 | P41: =VLOOKUP($B41,'增加值 (2001-2060, 2020RMB)'!$A$56:$BI$70,26,0)*(1+K41)^5 -> 13495.609 | Q41: =VLOOKUP($B41,'增加值 (2001-2060, 2020RMB)'!$A$56:$BI$70,31,0)*(1+L41)^5 -> 17954.888 | R41: =VLOOKUP($B41,'增加值 (2001-2060, 2020RMB)'!$A$56:$BI$70,36,0)*(1+M41)^15 -> 35819.937 | S41: =VLOOKUP($B41,'增加值 (2001-2060, 2020RMB)'!$A$56:$BI$70,51,0)*(1+N41)^10 -> 45726.476 | T41: =O41*$T$28 -> 9595.0255
B42: 公共管理、社会保障和社会组织 | C42: =(VLOOKUP($B42,'增加值 (2001-2060, 2020RMB)'!$A$56:$W$70,20,0)/VLOOKUP($B42,'增加值 (2001-2060, 2020RMB)'!$A$56:$W$70,17,0))^(1/3)-1 -> 0.089033833 | D42: =(VLOOKUP($B42,'增加值 (2001-2060, 2020RMB)'!$A$56:$W$70,23,0)/VLOOKUP($B42,'增加值 (2001-2060, 2020RMB)'!$A$56:$W$70,20,0))^(1/3)-1 -> 0.041121647 | E42: 0.9 | F42: 0.8 | G42: 0.7 | H42: 0.6 | I42: 0.6 | J42: =$C42*E42 -> 0.08013045 | K42: =$C42*F42 -> 0.071227066 | L42: =$C42*G42 -> 0.062323683 | M42: =$C42*H42 -> 0.0534203 | N42: =$C42*I42 -> 0.0534203 | O42: =VLOOKUP($B42,'增加值 (2001-2060, 2020RMB)'!$A$56:$BI$70,23,0)*(1+J42)^3 -> 68323.864 | P42: =VLOOKUP($B42,'增加值 (2001-2060, 2020RMB)'!$A$56:$BI$70,26,0)*(1+K42)^5 -> 95358.276 | Q42: =VLOOKUP($B42,'增加值 (2001-2060, 2020RMB)'!$A$56:$BI$70,31,0)*(1+L42)^5 -> 127950.36 | R42: =VLOOKUP($B42,'增加值 (2001-2060, 2020RMB)'!$A$56:$BI$70,36,0)*(1+M42)^15 -> 266372.12 | S42: =VLOOKUP($B42,'增加值 (2001-2060, 2020RMB)'!$A$56:$BI$70,51,0)*(1+N42)^10 -> 349839.19 | T42: =O42*$T$28 -> 67600.624
A45: 工业年均增速
C46: 2016-2019年均增速 | D46: 2019-2022年均增速 | E46: 十四五增速系数 | F46: 十五五增速系数 | G46: 十六五增速系数 | H46: 2035-2050增速系数 | I46: 2050-2060增速系数 | J46: 十四五年均增速 | K46: 十五五年均增速 | L46: 十六五年均增速 | M46: 2035-2050年均增速 | N46: 2050-2060年均增速 | O46: 2025增加值 | P46: 2030 增加值 | Q46: 2035增加值 | R46: 2050增加值 | S46: 2060增加值
B47: 工业 | C47: =(VLOOKUP(B47,'增加值 (2001-2060, 2020RMB)'!$A$13:$W$54,20,0)/VLOOKUP(B47,'增加值 (2001-2060, 2020RMB)'!$A$13:$W$54,17,0))^(1/3)-1 -> 0.051465408 | D47: =(VLOOKUP(B47,'增加值 (2001-2060, 2020RMB)'!$A$13:$W$54,23,0)/VLOOKUP(B47,'增加值 (2001-2060, 2020RMB)'!$A$13:$W$54,20,0))^(1/3)-1 -> 0.062058401 | J47: =('增加值 (2001-2060, 2020RMB)'!Z13/'增加值 (2001-2060, 2020RMB)'!W13)^(1/3)-1 -> 0.038110187 | K47: =('增加值 (2001-2060, 2020RMB)'!AE13/'增加值 (2001-2060, 2020RMB)'!Z13)^0.2-1 -> 0.032945479 | L47: =('增加值 (2001-2060, 2020RMB)'!AJ13/'增加值 (2001-2060, 2020RMB)'!AE13)^0.2-1 -> 0.022946145 | M47: =('增加值 (2001-2060, 2020RMB)'!AY13/'增加值 (2001-2060, 2020RMB)'!AJ13)^(1/15)-1 -> 0.0070771376 | N47: =('增加值 (2001-2060, 2020RMB)'!BI13/'增加值 (2001-2060, 2020RMB)'!AY13)^0.1-1 -> 0.00089573736 | O47: =SUM(O48:O88) -> 433020.9 | P47: =SUM(P48:P88) -> 526632.63 | Q47: =SUM(Q48:Q88) -> 600251.06 | R47: =SUM(R48:R88) -> 870245.84 | S47: =SUM(S48:S88) -> 801976.36
A48: 能源产业 | B48: 煤炭开采和洗选业 | C48: =(VLOOKUP(B48,'增加值 (2001-2060, 2020RMB)'!$A$13:$W$54,20,0)/VLOOKUP(B48,'增加值 (2001-2060, 2020RMB)'!$A$13:$W$54,17,0))^(1/3)-1 -> 0.0085070768 | D48: =(VLOOKUP(B48,'增加值 (2001-2060, 2020RMB)'!$A$13:$W$54,23,0)/VLOOKUP(B48,'增加值 (2001-2060, 2020RMB)'!$A$13:$W$54,20,0))^(1/3)-1 -> 0.062061126 | E48: 0.8 | F48: 0.8 | G48: 0.5 | H48: 0.3 | I48: 0.2 | J48: =AVERAGE($C48:$D48)*E48 -> 0.028227281 | K48: =AVERAGE($C48:$D48)*F48 -> 0.028227281 | L48: =AVERAGE($C48:$D48)*G48 -> 0.017642051 | M48: =AVERAGE($C48:$D48)*H48 -> 0.01058523 | N48: =AVERAGE($C48:$D48)*I48 -> 0.0070568203 | O48: =VLOOKUP(B48,'增加值 (2001-2060, 2020RMB)'!$A$14:$W$54,23,0)*(1+J48)^3 -> 19569.945 | P48: =VLOOKUP(B48,'增加值 (2001-2060, 2020RMB)'!$A$14:$AE$54,26,0)*(1+K48)^5 -> 21825.166 | Q48: =VLOOKUP(B48,'增加值 (2001-2060, 2020RMB)'!$A$14:$AE$54,31,0)*(1+L48)^5 -> 22348.234 | R48: =VLOOKUP(B48,'增加值 (2001-2060, 2020RMB)'!$A$14:$AJ$54,36,0)*(1+M48)^15 -> 24131.623 | S48: =VLOOKUP(B48,'增加值 (2001-2060, 2020RMB)'!$A$14:$AY$54,51,0)*(1+N48)^10 -> 18302.374
B49: 石油和天然气开采业 | C49: =(VLOOKUP(B49,'增加值 (2001-2060, 2020RMB)'!$A$13:$W$54,20,0)/VLOOKUP(B49,'增加值 (2001-2060, 2020RMB)'!$A$13:$W$54,17,0))^(1/3)-1 -> 3.2675208e-05 | D49: =(VLOOKUP(B49,'增加值 (2001-2060, 2020RMB)'!$A$13:$W$54,23,0)/VLOOKUP(B49,'增加值 (2001-2060, 2020RMB)'!$A$13:$W$54,20,0))^(1/3)-1 -> 0.041028014 | E49: 0.8 | F49: 0.8 | G49: 0.5 | H49: 0.5 | I49: 0.4 | J49: =AVERAGE($C49:$D49)*E49 -> 0.016424276 | K49: =AVERAGE($C49:$D49)*F49 -> 0.016424276 | L49: =AVERAGE($C49:$D49)*G49 -> 0.010265172 | M49: =AVERAGE($C49:$D49)*H49 -> 0.010265172 | N49: =AVERAGE($C49:$D49)*I49 -> 0.0082121378 | O49: =VLOOKUP(B49,'增加值 (2001-2060, 2020RMB)'!$A$14:$W$54,23,0)*(1+J49)^3 -> 12920.436 | P49: =VLOOKUP(B49,'增加值 (2001-2060, 2020RMB)'!$A$14:$AE$54,26,0)*(1+K49)^5 -> 13601.119 | Q49: =VLOOKUP(B49,'增加值 (2001-2060, 2020RMB)'!$A$14:$AE$54,31,0)*(1+L49)^5 -> 13429.566 | R49: =VLOOKUP(B49,'增加值 (2001-2060, 2020RMB)'!$A$14:$AJ$54,36,0)*(1+M49)^15 -> 14432.508 | S49: =VLOOKUP(B49,'增加值 (2001-2060, 2020RMB)'!$A$14:$AY$54,51,0)*(1+N49)^10 -> 11072.41
B50: 电力、热力生产和供应业 | C50: =(VLOOKUP(B50,'增加值 (2001-2060, 2020RMB)'!$A$13:$W$54,20,0)/VLOOKUP(B50,'增加值 (2001-2060, 2020RMB)'!$A$13:$W$54,17,0))^(1/3)-1 -> 0.069325463 | D50: =(VLOOKUP(B50,'增加值 (2001-2060, 2020RMB)'!$A$13:$W$54,23,0)/VLOOKUP(B50,'增加值 (2001-2060, 2020RMB)'!$A$13:$W$54,20,0))^(1/3)-1 -> 0.067128509 | E50: 1 | F50: 1 | G50: 0.8 | H50: 0.5 | I50: 0.5 | J50: =AVERAGE($C50:$D50)*E50 -> 0.068226986 | K50: =AVERAGE($C50:$D50)*F50 -> 0.068226986 | L50: =AVERAGE($C50:$D50)*G50 -> 0.054581589 | M50: =AVERAGE($C50:$D50)*H50 -> 0.034113493 | N50: =AVERAGE($C50:$D50)*I50 -> 0.034113493 | O50: =VLOOKUP(B50,'增加值 (2001-2060, 2020RMB)'!$A$14:$W$54,23,0)*(1+J50)^3 -> 21296.177 | P50: =VLOOKUP(B50,'增加值 (2001-2060, 2020RMB)'!$A$14:$AE$54,26,0)*(1+K50)^5 -> 28743.636 | Q50: =VLOOKUP(B50,'增加值 (2001-2060, 2020RMB)'!$A$14:$AE$54,31,0)*(1+L50)^5 -> 35176.536 | R50: =VLOOKUP(B50,'增加值 (2001-2060, 2020RMB)'!$A$14:$AJ$54,36,0)*(1+M50)^15 -> 53644.506 | S50: =VLOOKUP(B50,'增加值 (2001-2060, 2020RMB)'!$A$14:$AY$54,51,0)*(1+N50)^10 -> 53038.16
B51: 燃气生产和供应业 | C51: =(VLOOKUP(B51,'增加值 (2001-2060, 2020RMB)'!$A$13:$W$54,20,0)/VLOOKUP(B51,'增加值 (2001-2060, 2020RMB)'!$A$13:$W$54,17,0))^(1/3)-1 -> 0.12785054 | D51: =(VLOOKUP(B51,'增加值 (2001-2060, 2020RMB)'!$A$13:$W$54,23,0)/VLOOKUP(B51,'增加值 (2001-2060, 2020RMB)'!$A$13:$W$54,20,0))^(1/3)-1 -> 0.087030245 | E51: 1 | F51: 1 | G51: 0.8 | H51: 0.5 | I51: 0.5 | J51: =AVERAGE($C51:$D51)*E51 -> 0.10744039 | K51: =AVERAGE($C51:$D51)*F51 -> 0.10744039 | L51: =AVERAGE($C51:$D51)*G51 -> 0.085952314 | M51: =AVERAGE($C51:$D51)*H51 -> 0.053720196 | N51: =AVERAGE($C51:$D51)*I51 -> 0.053720196 | O51: =VLOOKUP(B51,'增加值 (2001-2060, 2020RMB)'!$A$14:$W$54,23,0)*(1+J51)^3 -> 3347.9301 | P51: =VLOOKUP(B51,'增加值 (2001-2060, 2020RMB)'!$A$14:$AE$54,26,0)*(1+K51)^5 -> 5411.2865 | Q51: =VLOOKUP(B51,'增加值 (2001-2060, 2020RMB)'!$A$14:$AE$54,31,0)*(1+L51)^5 -> 7667.6933 | R51: =VLOOKUP(B51,'增加值 (2001-2060, 2020RMB)'!$A$14:$AJ$54,36,0)*(1+M51)^15 -> 15498.634 | S51: =VLOOKUP(B51,'增加值 (2001-2060, 2020RMB)'!$A$14:$AY$54,51,0)*(1+N51)^10 -> 18489.603
B52: 水的生产和供应业 | C52: =(VLOOKUP(B52,'增加值 (2001-2060, 2020RMB)'!$A$13:$W$54,20,0)/VLOOKUP(B52,'增加值 (2001-2060, 2020RMB)'!$A$13:$W$54,17,0))^(1/3)-1 -> 0.067720747 | D52: =(VLOOKUP(B52,'增加值 (2001-2060, 2020RMB)'!$A$13:$W$54,23,0)/VLOOKUP(B52,'增加值 (2001-2060, 2020RMB)'!$A$13:$W$54,20,0))^(1/3)-1 -> 0.064716353 | E52: 1 | F52: 1 | G52: 0.8 | H52: 0.5 | I52: 0.5 | J52: =AVERAGE($C52:$D52)*E52 -> 0.06621855 | K52: =AVERAGE($C52:$D52)*F52 -> 0.06621855 | L52: =AVERAGE($C52:$D52)*G52 -> 0.05297484 | M52: =AVERAGE($C52:$D52)*H52 -> 0.033109275 | N52: =AVERAGE($C52:$D52)*I52 -> 0.033109275 | O52: =VLOOKUP(B52,'增加值 (2001-2060, 2020RMB)'!$A$14:$W$54,23,0)*(1+J52)^3 -> 1574.0311 | P52: =VLOOKUP(B52,'增加值 (2001-2060, 2020RMB)'!$A$14:$AE$54,26,0)*(1+K52)^5 -> 2104.5866 | Q52: =VLOOKUP(B52,'增加值 (2001-2060, 2020RMB)'!$A$14:$AE$54,31,0)*(1+L52)^5 -> 2556.0374 | R52: =VLOOKUP(B52,'增加值 (2001-2060, 2020RMB)'!$A$14:$AJ$54,36,0)*(1+M52)^15 -> 3841.5831 | S52: =VLOOKUP(B52,'增加值 (2001-2060, 2020RMB)'!$A$14:$AY$54,51,0)*(1+N52)^10 -> 3761.4386
A53: 传统高载能产业 | B53: 纺织业 | C53: =(VLOOKUP(B53,'增加值 (2001-2060, 2020RMB)'!$A$13:$W$54,20,0)/VLOOKUP(B53,'增加值 (2001-2060, 2020RMB)'!$A$13:$W$54,17,0))^(1/3)-1 -> 0.011202933 | D53: =(VLOOKUP(B53,'增加值 (2001-2060, 2020RMB)'!$A$13:$W$54,23,0)/VLOOKUP(B53,'增加值 (2001-2060, 2020RMB)'!$A$13:$W$54,20,0))^(1/3)-1 -> 0.0054812952 | E53: 0.8 | F53: 0.85 | G53: 0.6 | H53: 0.3 | I53: 0.2 | J53: =AVERAGE($C53:$D53)*E53 -> 0.0066736911 | K53: =AVERAGE($C53:$D53)*F53 -> 0.0070907968 | L53: =AVERAGE($C53:$D53)*G53 -> 0.0050052683 | M53: =AVERAGE($C53:$D53)*H53 -> 0.0025026342 | N53: =AVERAGE($C53:$D53)*I53 -> 0.0016684228 | O53: =VLOOKUP(B53,'增加值 (2001-2060, 2020RMB)'!$A$14:$W$54,23,0)*(1+J53)^3 -> 8283.4913 | P53: =VLOOKUP(B53,'增加值 (2001-2060, 2020RMB)'!$A$14:$AE$54,26,0)*(1+K53)^5 -> 8326.8147 | Q53: =VLOOKUP(B53,'增加值 (2001-2060, 2020RMB)'!$A$14:$AE$54,31,0)*(1+L53)^5 -> 8009.9725 | R53: =VLOOKUP(B53,'增加值 (2001-2060, 2020RMB)'!$A$14:$AJ$54,36,0)*(1+M53)^15 -> 7667.6623 | S53: =VLOOKUP(B53,'增加值 (2001-2060, 2020RMB)'!$A$14:$AY$54,51,0)*(1+N53)^10 -> 5511.6794
B54: 纺织服装、服饰业 | C54: =(VLOOKUP(B54,'增加值 (2001-2060, 2020RMB)'!$A$13:$W$54,20,0)/VLOOKUP(B54,'增加值 (2001-2060, 2020RMB)'!$A$13:$W$54,17,0))^(1/3)-1 -> 0.026934423 | D54: =(VLOOKUP(B54,'增加值 (2001-2060, 2020RMB)'!$A$13:$W$54,23,0)/VLOOKUP(B54,'增加值 (2001-2060, 2020RMB)'!$A$13:$W$54,20,0))^(1/3)-1 -> -0.0030027665 | E54: 0.8 | F54: 0.85 | G54: 0.6 | H54: 0.3 | I54: 0.2 | J54: =AVERAGE($C54:$D54)*E54 -> 0.0095726627 | K54: =AVERAGE($C54:$D54)*F54 -> 0.010170954 | L54: =AVERAGE($C54:$D54)*G54 -> 0.007179497 | M54: =AVERAGE($C54:$D54)*H54 -> 0.0035897485 | N54: =AVERAGE($C54:$D54)*I54 -> 0.0023931657 | O54: =VLOOKUP(B54,'增加值 (2001-2060, 2020RMB)'!$A$14:$W$54,23,0)*(1+J54)^3 -> 5293.3955 | P54: =VLOOKUP(B54,'增加值 (2001-2060, 2020RMB)'!$A$14:$AE$54,26,0)*(1+K54)^5 -> 5402.9515 | Q54: =VLOOKUP(B54,'增加值 (2001-2060, 2020RMB)'!$A$14:$AE$54,31,0)*(1+L54)^5 -> 5253.8284 | R54: =VLOOKUP(B54,'增加值 (2001-2060, 2020RMB)'!$A$14:$AJ$54,36,0)*(1+M54)^15 -> 5111.7339 | S54: =VLOOKUP(B54,'增加值 (2001-2060, 2020RMB)'!$A$14:$AY$54,51,0)*(1+N54)^10 -> 3701.096
B55: 造纸和纸制品业 | C55: =(VLOOKUP(B55,'增加值 (2001-2060, 2020RMB)'!$A$13:$W$54,20,0)/VLOOKUP(B55,'增加值 (2001-2060, 2020RMB)'!$A$13:$W$54,17,0))^(1/3)-1 -> 0.021415722 | D55: =(VLOOKUP(B55,'增加值 (2001-2060, 2020RMB)'!$A$13:$W$54,23,0)/VLOOKUP(B55,'增加值 (2001-2060, 2020RMB)'!$A$13:$W$54,20,0))^(1/3)-1 -> 0.030419244 | E55: 0.8 | F55: 0.85 | G55: 0.6 | H55: 0.3 | I55: 0.2 | J55: =AVERAGE($C55:$D55)*E55 -> 0.020733986 | K55: =AVERAGE($C55:$D55)*F55 -> 0.022029861 | L55: =AVERAGE($C55:$D55)*G55 -> 0.01555049 | M55: =AVERAGE($C55:$D55)*H55 -> 0.0077752449 | N55: =AVERAGE($C55:$D55)*I55 -> 0.0051834966 | O55: =VLOOKUP(B55,'增加值 (2001-2060, 2020RMB)'!$A$14:$W$54,23,0)*(1+J55)^3 -> 4354.0424 | P55: =VLOOKUP(B55,'增加值 (2001-2060, 2020RMB)'!$A$14:$AE$54,26,0)*(1+K55)^5 -> 4711.215 | Q55: =VLOOKUP(B55,'增加值 (2001-2060, 2020RMB)'!$A$14:$AE$54,31,0)*(1+L55)^5 -> 4774.7534 | R55: =VLOOKUP(B55,'增加值 (2001-2060, 2020RMB)'!$A$14:$AJ$54,36,0)*(1+M55)^15 -> 4944.8754 | S55: =VLOOKUP(B55,'增加值 (2001-2060, 2020RMB)'!$A$14:$AY$54,51,0)*(1+N55)^10 -> 3681.2049
B56: 石油、煤炭及其他燃料加工业 | C56: =(VLOOKUP(B56,'增加值 (2001-2060, 2020RMB)'!$A$13:$W$54,20,0)/VLOOKUP(B56,'增加值 (2001-2060, 2020RMB)'!$A$13:$W$54,17,0))^(1/3)-1 -> 0.043953138 | D56: =(VLOOKUP(B56,'增加值 (2001-2060, 2020RMB)'!$A$13:$W$54,23,0)/VLOOKUP(B56,'增加值 (2001-2060, 2020RMB)'!$A$13:$W$54,20,0))^(1/3)-1 -> -0.0048253327 | E56: 0.8 | F56: 0.85 | G56: 0.6 | H56: 0.3 | I56: 0.2 | J56: =AVERAGE($C56:$D56)*E56 -> 0.015651122 | K56: =AVERAGE($C56:$D56)*F56 -> 0.016629317 | L56: =AVERAGE($C56:$D56)*G56 -> 0.011738342 | M56: =AVERAGE($C56:$D56)*H56 -> 0.0058691708 | N56: =AVERAGE($C56:$D56)*I56 -> 0.0039127806 | O56: =VLOOKUP(B56,'增加值 (2001-2060, 2020RMB)'!$A$14:$W$54,23,0)*(1+J56)^3 -> 6521.268 | P56: =VLOOKUP(B56,'增加值 (2001-2060, 2020RMB)'!$A$14:$AE$54,26,0)*(1+K56)^5 -> 6871.753 | Q56: =VLOOKUP(B56,'增加值 (2001-2060, 2020RMB)'!$A$14:$AE$54,31,0)*(1+L56)^5 -> 6834.693 | R56: =VLOOKUP(B56,'增加值 (2001-2060, 2020RMB)'!$A$14:$AJ$54,36,0)*(1+M56)^15 -> 6880.0341 | S56: =VLOOKUP(B56,'增加值 (2001-2060, 2020RMB)'!$A$14:$AY$54,51,0)*(1+N56)^10 -> 5057.4496
B57: 化学原料和化学制品制造业 | C57: =(VLOOKUP(B57,'增加值 (2001-2060, 2020RMB)'!$A$13:$W$54,20,0)/VLOOKUP(B57,'增加值 (2001-2060, 2020RMB)'!$A$13:$W$54,17,0))^(1/3)-1 -> 0.030429297 | D57: =(VLOOKUP(B57,'增加值 (2001-2060, 2020RMB)'!$A$13:$W$54,23,0)/VLOOKUP(B57,'增加值 (2001-2060, 2020RMB)'!$A$13:$W$54,20,0))^(1/3)-1 -> 0.066952428 | E57: 0.8 | F57: 0.85 | G57: 0.6 | H57: 0.3 | I57: 0.2 | J57: =AVERAGE($C57:$D57)*E57 -> 0.03895269 | K57: =AVERAGE($C57:$D57)*F57 -> 0.041387233 | L57: =AVERAGE($C57:$D57)*G57 -> 0.029214517 | M57: =AVERAGE($C57:$D57)*H57 -> 0.014607259 | N57: =AVERAGE($C57:$D57)*I57 -> 0.0097381725 | O57: =VLOOKUP(B57,'增加值 (2001-2060, 2020RMB)'!$A$14:$W$54,23,0)*(1+J57)^3 -> 26972.282 | P57: =VLOOKUP(B57,'增加值 (2001-2060, 2020RMB)'!$A$14:$AE$54,26,0)*(1+K57)^5 -> 32055.405 | Q57: =VLOOKUP(B57,'增加值 (2001-2060, 2020RMB)'!$A$14:$AE$54,31,0)*(1+L57)^5 -> 34732.914 | R57: =VLOOKUP(B57,'增加值 (2001-2060, 2020RMB)'!$A$14:$AJ$54,36,0)*(1+M57)^15 -> 39807.033 | S57: =VLOOKUP(B57,'增加值 (2001-2060, 2020RMB)'!$A$14:$AY$54,51,0)*(1+N57)^10 -> 31004.784
B58: 化学纤维制造业 | C58: =(VLOOKUP(B58,'增加值 (2001-2060, 2020RMB)'!$A$13:$W$54,20,0)/VLOOKUP(B58,'增加值 (2001-2060, 2020RMB)'!$A$13:$W$54,17,0))^(1/3)-1 -> 0.073724698 | D58: =(VLOOKUP(B58,'增加值 (2001-2060, 2020RMB)'!$A$13:$W$54,23,0)/VLOOKUP(B58,'增加值 (2001-2060, 2020RMB)'!$A$13:$W$54,20,0))^(1/3)-1 -> 0.042588314 | E58: 0.8 | F58: 0.85 | G58: 0.6 | H58: 0.3 | I58: 0.2 | J58: =AVERAGE($C58:$D58)*E58 -> 0.046525205 | K58: =AVERAGE($C58:$D58)*F58 -> 0.04943303 | L58: =AVERAGE($C58:$D58)*G58 -> 0.034893904 | M58: =AVERAGE($C58:$D58)*H58 -> 0.017446952 | N58: =AVERAGE($C58:$D58)*I58 -> 0.011631301 | O58: =VLOOKUP(B58,'增加值 (2001-2060, 2020RMB)'!$A$14:$W$54,23,0)*(1+J58)^3 -> 2128.6913 | P58: =VLOOKUP(B58,'增加值 (2001-2060, 2020RMB)'!$A$14:$AE$54,26,0)*(1+K58)^5 -> 2629.1094 | Q58: =VLOOKUP(B58,'增加值 (2001-2060, 2020RMB)'!$A$14:$AE$54,31,0)*(1+L58)^5 -> 2928.1832 | R58: =VLOOKUP(B58,'增加值 (2001-2060, 2020RMB)'!$A$14:$AJ$54,36,0)*(1+M58)^15 -> 3499.6449 | S58: =VLOOKUP(B58,'增加值 (2001-2060, 2020RMB)'!$A$14:$AY$54,51,0)*(1+N58)^10 -> 2777.3314
B59: 非金属矿物制品业 | C59: =(VLOOKUP(B59,'增加值 (2001-2060, 2020RMB)'!$A$13:$W$54,20,0)/VLOOKUP(B59,'增加值 (2001-2060, 2020RMB)'!$A$13:$W$54,17,0))^(1/3)-1 -> 0.04703944 | D59: =(VLOOKUP(B59,'增加值 (2001-2060, 2020RMB)'!$A$13:$W$54,23,0)/VLOOKUP(B59,'增加值 (2001-2060, 2020RMB)'!$A$13:$W$54,20,0))^(1/3)-1 -> 0.038161552 | E59: 0.8 | F59: 0.85 | G59: 0.6 | H59: 0.3 | I59: 0.2 | J59: =AVERAGE($C59:$D59)*E59 -> 0.034080397 | K59: =AVERAGE($C59:$D59)*F59 -> 0.036210422 | L59: =AVERAGE($C59:$D59)*G59 -> 0.025560298 | M59: =AVERAGE($C59:$D59)*H59 -> 0.012780149 | N59: =AVERAGE($C59:$D59)*I59 -> 0.0085200992 | O59: =VLOOKUP(B59,'增加值 (2001-2060, 2020RMB)'!$A$14:$W$54,23,0)*(1+J59)^3 -> 17829.769 | P59: =VLOOKUP(B59,'增加值 (2001-2060, 2020RMB)'!$A$14:$AE$54,26,0)*(1+K59)^5 -> 20668.446 | Q59: =VLOOKUP(B59,'增加值 (2001-2060, 2020RMB)'!$A$14:$AE$54,31,0)*(1+L59)^5 -> 22000.08 | R59: =VLOOKUP(B59,'增加值 (2001-2060, 2020RMB)'!$A$14:$AJ$54,36,0)*(1+M59)^15 -> 24541.499 | S59: =VLOOKUP(B59,'增加值 (2001-2060, 2020RMB)'!$A$14:$AY$54,51,0)*(1+N59)^10 -> 18885.47
B60: 黑色金属冶炼和压延加工业 | C60: =(VLOOKUP(B60,'增加值 (2001-2060, 2020RMB)'!$A$13:$W$54,20,0)/VLOOKUP(B60,'增加值 (2001-2060, 2020RMB)'!$A$13:$W$54,17,0))^(1/3)-1 -> 0.046512456 | D60: =(VLOOKUP(B60,'增加值 (2001-2060, 2020RMB)'!$A$13:$W$54,23,0)/VLOOKUP(B60,'增加值 (2001-2060, 2020RMB)'!$A$13:$W$54,20,0))^(1/3)-1 -> 0.037900502 | E60: 0.8 | F60: 0.85 | G60: 0.6 | H60: 0.3 | I60: 0.2 | J60: =AVERAGE($C60:$D60)*E60 -> 0.033765183 | K60: =AVERAGE($C60:$D60)*F60 -> 0.035875507 | L60: =AVERAGE($C60:$D60)*G60 -> 0.025323888 | M60: =AVERAGE($C60:$D60)*H60 -> 0.012661944 | N60: =AVERAGE($C60:$D60)*I60 -> 0.0084412959 | O60: =VLOOKUP(B60,'增加值 (2001-2060, 2020RMB)'!$A$14:$W$54,23,0)*(1+J60)^3 -> 23755.266 | P60: =VLOOKUP(B60,'增加值 (2001-2060, 2020RMB)'!$A$14:$AE$54,26,0)*(1+K60)^5 -> 27492.869 | Q60: =VLOOKUP(B60,'增加值 (2001-2060, 2020RMB)'!$A$14:$AE$54,31,0)*(1+L60)^5 -> 29230.475 | R60: =VLOOKUP(B60,'增加值 (2001-2060, 2020RMB)'!$A$14:$AJ$54,36,0)*(1+M60)^15 -> 32550.1 | S60: =VLOOKUP(B60,'增加值 (2001-2060, 2020RMB)'!$A$14:$AY$54,51,0)*(1+N60)^10 -> 25028.78
B61: 有色金属冶炼和压延加工业 | C61: =(VLOOKUP(B61,'增加值 (2001-2060, 2020RMB)'!$A$13:$W$54,20,0)/VLOOKUP(B61,'增加值 (2001-2060, 2020RMB)'!$A$13:$W$54,17,0))^(1/3)-1 -> 0.051040412 | D61: =(VLOOKUP(B61,'增加值 (2001-2060, 2020RMB)'!$A$13:$W$54,23,0)/VLOOKUP(B61,'增加值 (2001-2060, 2020RMB)'!$A$13:$W$54,20,0))^(1/3)-1 -> 0.046563598 | E61: 0.8 | F61: 0.85 | G61: 0.6 | H61: 0.3 | I61: 0.2 | J61: =AVERAGE($C61:$D61)*E61 -> 0.039041604 | K61: =AVERAGE($C61:$D61)*F61 -> 0.041481704 | L61: =AVERAGE($C61:$D61)*G61 -> 0.029281203 | M61: =AVERAGE($C61:$D61)*H61 -> 0.014640602 | N61: =AVERAGE($C61:$D61)*I61 -> 0.009760401 | O61: =VLOOKUP(B61,'增加值 (2001-2060, 2020RMB)'!$A$14:$W$54,23,0)*(1+J61)^3 -> 14812.094 | P61: =VLOOKUP(B61,'增加值 (2001-2060, 2020RMB)'!$A$14:$AE$54,26,0)*(1+K61)^5 -> 17611.528 | Q61: =VLOOKUP(B61,'增加值 (2001-2060, 2020RMB)'!$A$14:$AE$54,31,0)*(1+L61)^5 -> 19088.758 | R61: =VLOOKUP(B61,'增加值 (2001-2060, 2020RMB)'!$A$14:$AJ$54,36,0)*(1+M61)^15 -> 21888.215 | S61: =VLOOKUP(B61,'增加值 (2001-2060, 2020RMB)'!$A$14:$AY$54,51,0)*(1+N61)^10 -> 17051.981
A62: 轻工业 | B62: 农副食品加工业 | C62: =(VLOOKUP(B62,'增加值 (2001-2060, 2020RMB)'!$A$13:$W$54,20,0)/VLOOKUP(B62,'增加值 (2001-2060, 2020RMB)'!$A$13:$W$54,17,0))^(1/3)-1 -> 0.038478238 | D62: =(VLOOKUP(B62,'增加值 (2001-2060, 2020RMB)'!$A$13:$W$54,23,0)/VLOOKUP(B62,'增加值 (2001-2060, 2020RMB)'!$A$13:$W$54,20,0))^(1/3)-1 -> 0.030088113 | E62: 0.7 | F62: 0.5 | G62: 0.4 | H62: 0.3 | I62: 0.2 | J62: =AVERAGE($C62:$D62)*E62 -> 0.023998223 | K62: =AVERAGE($C62:$D62)*F62 -> 0.017141588 | L62: =AVERAGE($C62:$D62)*G62 -> 0.01371327 | M62: =AVERAGE($C62:$D62)*H62 -> 0.010284953 | N62: =AVERAGE($C62:$D62)*I62 -> 0.006856635 | O62: =VLOOKUP(B62,'增加值 (2001-2060, 2020RMB)'!$A$14:$W$54,23,0)*(1+J62)^3 -> 12865.168 | P62: =VLOOKUP(B62,'增加值 (2001-2060, 2020RMB)'!$A$14:$AE$54,26,0)*(1+K62)^5 -> 13590.796 | Q62: =VLOOKUP(B62,'增加值 (2001-2060, 2020RMB)'!$A$14:$AE$54,31,0)*(1+L62)^5 -> 13649.947 | R62: =VLOOKUP(B62,'增加值 (2001-2060, 2020RMB)'!$A$14:$AJ$54,36,0)*(1+M62)^15 -> 14673.657 | S62: =VLOOKUP(B62,'增加值 (2001-2060, 2020RMB)'!$A$14:$AY$54,51,0)*(1+N62)^10 -> 11106.977
B63: 食品制造业 | C63: =(VLOOKUP(B63,'增加值 (2001-2060, 2020RMB)'!$A$13:$W$54,20,0)/VLOOKUP(B63,'增加值 (2001-2060, 2020RMB)'!$A$13:$W$54,17,0))^(1/3)-1 -> 0.060041289 | D63: =(VLOOKUP(B63,'增加值 (2001-2060, 2020RMB)'!$A$13:$W$54,23,0)/VLOOKUP(B63,'增加值 (2001-2060, 2020RMB)'!$A$13:$W$54,20,0))^(1/3)-1 -> 0.046893213 | E63: 0.7 | F63: 0.5 | G63: 0.4 | H63: 0.3 | I63: 0.2 | J63: =AVERAGE($C63:$D63)*E63 -> 0.037427076 | K63: =AVERAGE($C63:$D63)*F63 -> 0.026733625 | L63: =AVERAGE($C63:$D63)*G63 -> 0.0213869 | M63: =AVERAGE($C63:$D63)*H63 -> 0.016040175 | N63: =AVERAGE($C63:$D63)*I63 -> 0.01069345 | O63: =VLOOKUP(B63,'增加值 (2001-2060, 2020RMB)'!$A$14:$W$54,23,0)*(1+J63)^3 -> 7400.3114 | P63: =VLOOKUP(B63,'增加值 (2001-2060, 2020RMB)'!$A$14:$AE$54,26,0)*(1+K63)^5 -> 8193.3455 | Q63: =VLOOKUP(B63,'增加值 (2001-2060, 2020RMB)'!$A$14:$AE$54,31,0)*(1+L63)^5 -> 8545.2174 | R63: =VLOOKUP(B63,'增加值 (2001-2060, 2020RMB)'!$A$14:$AJ$54,36,0)*(1+M63)^15 -> 10003.119 | S63: =VLOOKUP(B63,'增加值 (2001-2060, 2020RMB)'!$A$14:$AY$54,51,0)*(1+N63)^10 -> 7865.224
B64: 酒、饮料和精制茶制造业 | C64: =(VLOOKUP(B64,'增加值 (2001-2060, 2020RMB)'!$A$13:$W$54,20,0)/VLOOKUP(B64,'增加值 (2001-2060, 2020RMB)'!$A$13:$W$54,17,0))^(1/3)-1 -> 0.065041664 | D64: =(VLOOKUP(B64,'增加值 (2001-2060, 2020RMB)'!$A$13:$W$54,23,0)/VLOOKUP(B64,'增加值 (2001-2060, 2020RMB)'!$A$13:$W$54,20,0))^(1/3)-1 -> 0.053855301 | E64: 0.7 | F64: 0.5 | G64: 0.4 | H64: 0.3 | I64: 0.2 | J64: =AVERAGE($C64:$D64)*E64 -> 0.041613938 | K64: =AVERAGE($C64:$D64)*F64 -> 0.029724241 | L64: =AVERAGE($C64:$D64)*G64 -> 0.023779393 | M64: =AVERAGE($C64:$D64)*H64 -> 0.017834545 | N64: =AVERAGE($C64:$D64)*I64 -> 0.011889696 | O64: =VLOOKUP(B64,'增加值 (2001-2060, 2020RMB)'!$A$14:$W$54,23,0)*(1+J64)^3 -> 8218.2868 | P64: =VLOOKUP(B64,'增加值 (2001-2060, 2020RMB)'!$A$14:$AE$54,26,0)*(1+K64)^5 -> 9232.2663 | Q64: =VLOOKUP(B64,'增加值 (2001-2060, 2020RMB)'!$A$14:$AE$54,31,0)*(1+L64)^5 -> 9742.0571 | R64: =VLOOKUP(B64,'增加值 (2001-2060, 2020RMB)'!$A$14:$AJ$54,36,0)*(1+M64)^15 -> 11710.019 | S64: =VLOOKUP(B64,'增加值 (2001-2060, 2020RMB)'!$A$14:$AY$54,51,0)*(1+N64)^10 -> 9316.8792
B65: 烟草制品业 | C65: =(VLOOKUP(B65,'增加值 (2001-2060, 2020RMB)'!$A$13:$W$54,20,0)/VLOOKUP(B65,'增加值 (2001-2060, 2020RMB)'!$A$13:$W$54,17,0))^(1/3)-1 -> 0.038972978 | D65: =(VLOOKUP(B65,'增加值 (2001-2060, 2020RMB)'!$A$13:$W$54,23,0)/VLOOKUP(B65,'增加值 (2001-2060, 2020RMB)'!$A$13:$W$54,20,0))^(1/3)-1 -> 0.053533902 | E65: 0.7 | F65: 0.5 | G65: 0.4 | H65: 0.3 | I65: 0.2 | J65: =AVERAGE($C65:$D65)*E65 -> 0.032377408 | K65: =AVERAGE($C65:$D65)*F65 -> 0.02312672 | L65: =AVERAGE($C65:$D65)*G65 -> 0.018501376 | M65: =AVERAGE($C65:$D65)*H65 -> 0.013876032 | N65: =AVERAGE($C65:$D65)*I65 -> 0.0092506881 | O65: =VLOOKUP(B65,'增加值 (2001-2060, 2020RMB)'!$A$14:$W$54,23,0)*(1+J65)^3 -> 9924.2041 | P65: =VLOOKUP(B65,'增加值 (2001-2060, 2020RMB)'!$A$14:$AE$54,26,0)*(1+K65)^5 -> 10796.057 | Q65: =VLOOKUP(B65,'增加值 (2001-2060, 2020RMB)'!$A$14:$AE$54,31,0)*(1+L65)^5 -> 11101.552 | R65: =VLOOKUP(B65,'增加值 (2001-2060, 2020RMB)'!$A$14:$AJ$54,36,0)*(1+M65)^15 -> 12586.52 | S65: =VLOOKUP(B65,'增加值 (2001-2060, 2020RMB)'!$A$14:$AY$54,51,0)*(1+N65)^10 -> 9756.1247
B66: 皮革、毛皮、羽毛及其制品和制鞋业 | C66: =(VLOOKUP(B66,'增加值 (2001-2060, 2020RMB)'!$A$13:$W$54,20,0)/VLOOKUP(B66,'增加值 (2001-2060, 2020RMB)'!$A$13:$W$54,17,0))^(1/3)-1 -> 0.028059626 | D66: =(VLOOKUP(B66,'增加值 (2001-2060, 2020RMB)'!$A$13:$W$54,23,0)/VLOOKUP(B66,'增加值 (2001-2060, 2020RMB)'!$A$13:$W$54,20,0))^(1/3)-1 -> -0.0076523101 | E66: 0.7 | F66: 0.5 | G66: 0.4 | H66: 0.3 | I66: 0.2 | J66: =AVERAGE($C66:$D66)*E66 -> 0.0071425605 | K66: =AVERAGE($C66:$D66)*F66 -> 0.0051018289 | L66: =AVERAGE($C66:$D66)*G66 -> 0.0040814631 | M66: =AVERAGE($C66:$D66)*H66 -> 0.0030610973 | N66: =AVERAGE($C66:$D66)*I66 -> 0.0020407316 | O66: =VLOOKUP(B66,'增加值 (2001-2060, 2020RMB)'!$A$14:$W$54,23,0)*(1+J66)^3 -> 3427.7754 | P66: =VLOOKUP(B66,'增加值 (2001-2060, 2020RMB)'!$A$14:$AE$54,26,0)*(1+K66)^5 -> 3411.8114 | Q66: =VLOOKUP(B66,'增加值 (2001-2060, 2020RMB)'!$A$14:$AE$54,31,0)*(1+L66)^5 -> 3266.9327 | R66: =VLOOKUP(B66,'增加值 (2001-2060, 2020RMB)'!$A$14:$AJ$54,36,0)*(1+M66)^15 -> 3153.5528 | S66: =VLOOKUP(B66,'增加值 (2001-2060, 2020RMB)'!$A$14:$AY$54,51,0)*(1+N66)^10 -> 2275.2808
B67: 木材加工和木、竹、藤、棕、草制品业 | C67: =(VLOOKUP(B67,'增加值 (2001-2060, 2020RMB)'!$A$13:$W$54,20,0)/VLOOKUP(B67,'增加值 (2001-2060, 2020RMB)'!$A$13:$W$54,17,0))^(1/3)-1 -> 0.027321656 | D67: =(VLOOKUP(B67,'增加值 (2001-2060, 2020RMB)'!$A$13:$W$54,23,0)/VLOOKUP(B67,'增加值 (2001-2060, 2020RMB)'!$A$13:$W$54,20,0))^(1/3)-1 -> 0.03308081 | E67: 0.7 | F67: 0.5 | G67: 0.4 | H67: 0.3 | I67: 0.2 | J67: =AVERAGE($C67:$D67)*E67 -> 0.021140863 | K67: =AVERAGE($C67:$D67)*F67 -> 0.015100617 | L67: =AVERAGE($C67:$D67)*G67 -> 0.012080493 | M67: =AVERAGE($C67:$D67)*H67 -> 0.00906037 | N67: =AVERAGE($C67:$D67)*I67 -> 0.0060402467 | O67: =VLOOKUP(B67,'增加值 (2001-2060, 2020RMB)'!$A$14:$W$54,23,0)*(1+J67)^3 -> 3267.8928 | P67: =VLOOKUP(B67,'增加值 (2001-2060, 2020RMB)'!$A$14:$AE$54,26,0)*(1+K67)^5 -> 3417.7131 | Q67: =VLOOKUP(B67,'增加值 (2001-2060, 2020RMB)'!$A$14:$AE$54,31,0)*(1+L67)^5 -> 3405.0328 | R67: =VLOOKUP(B67,'增加值 (2001-2060, 2020RMB)'!$A$14:$AJ$54,36,0)*(1+M67)^15 -> 3594.4105 | S67: =VLOOKUP(B67,'增加值 (2001-2060, 2020RMB)'!$A$14:$AY$54,51,0)*(1+N67)^10 -> 2698.7482
B68: 家具制造业 | C68: =(VLOOKUP(B68,'增加值 (2001-2060, 2020RMB)'!$A$13:$W$54,20,0)/VLOOKUP(B68,'增加值 (2001-2060, 2020RMB)'!$A$13:$W$54,17,0))^(1/3)-1 -> 0.049172686 | D68: =(VLOOKUP(B68,'增加值 (2001-2060, 2020RMB)'!$A$13:$W$54,23,0)/VLOOKUP(B68,'增加值 (2001-2060, 2020RMB)'!$A$13:$W$54,20,0))^(1/3)-1 -> 0.0079168483 | E68: 0.7 | F68: 0.5 | G68: 0.4 | H68: 0.3 | I68: 0.2 | J68: =AVERAGE($C68:$D68)*E68 -> 0.019981337 | K68: =AVERAGE($C68:$D68)*F68 -> 0.014272383 | L68: =AVERAGE($C68:$D68)*G68 -> 0.011417907 | M68: =AVERAGE($C68:$D68)*H68 -> 0.0085634301 | N68: =AVERAGE($C68:$D68)*I68 -> 0.0057089534 | O68: =VLOOKUP(B68,'增加值 (2001-2060, 2020RMB)'!$A$14:$W$54,23,0)*(1+J68)^3 -> 1912.3335 | P68: =VLOOKUP(B68,'增加值 (2001-2060, 2020RMB)'!$A$14:$AE$54,26,0)*(1+K68)^5 -> 1991.8608 | Q68: =VLOOKUP(B68,'增加值 (2001-2060, 2020RMB)'!$A$14:$AE$54,31,0)*(1+L68)^5 -> 1977.9832 | R68: =VLOOKUP(B68,'增加值 (2001-2060, 2020RMB)'!$A$14:$AJ$54,36,0)*(1+M68)^15 -> 2072.6214 | S68: =VLOOKUP(B68,'增加值 (2001-2060, 2020RMB)'!$A$14:$AY$54,51,0)*(1+N68)^10 -> 1551.0446
B69: 印刷和记录媒介复制业 | C69: =(VLOOKUP(B69,'增加值 (2001-2060, 2020RMB)'!$A$13:$W$54,20,0)/VLOOKUP(B69,'增加值 (2001-2060, 2020RMB)'!$A$13:$W$54,17,0))^(1/3)-1 -> 0.053112706 | D69: =(VLOOKUP(B69,'增加值 (2001-2060, 2020RMB)'!$A$13:$W$54,23,0)/VLOOKUP(B69,'增加值 (2001-2060, 2020RMB)'!$A$13:$W$54,20,0))^(1/3)-1 -> 0.038330073 | E69: 0.7 | F69: 0.5 | G69: 0.4 | H69: 0.3 | I69: 0.2 | J69: =AVERAGE($C69:$D69)*E69 -> 0.032004973 | K69: =AVERAGE($C69:$D69)*F69 -> 0.022860695 | L69: =AVERAGE($C69:$D69)*G69 -> 0.018288556 | M69: =AVERAGE($C69:$D69)*H69 -> 0.013716417 | N69: =AVERAGE($C69:$D69)*I69 -> 0.0091442779 | O69: =VLOOKUP(B69,'增加值 (2001-2060, 2020RMB)'!$A$14:$W$54,23,0)*(1+J69)^3 -> 2141.0352 | P69: =VLOOKUP(B69,'增加值 (2001-2060, 2020RMB)'!$A$14:$AE$54,26,0)*(1+K69)^5 -> 2326.1012 | Q69: =VLOOKUP(B69,'增加值 (2001-2060, 2020RMB)'!$A$14:$AE$54,31,0)*(1+L69)^5 -> 2389.4247 | R69: =VLOOKUP(B69,'增加值 (2001-2060, 2020RMB)'!$A$14:$AJ$54,36,0)*(1+M69)^15 -> 2702.6491 | S69: =VLOOKUP(B69,'增加值 (2001-2060, 2020RMB)'!$A$14:$AY$54,51,0)*(1+N69)^10 -> 2092.6829
B70: 文教、工美、体育和娱乐用品制造业 | C70: =(VLOOKUP(B70,'增加值 (2001-2060, 2020RMB)'!$A$13:$W$54,20,0)/VLOOKUP(B70,'增加值 (2001-2060, 2020RMB)'!$A$13:$W$54,17,0))^(1/3)-1 -> 0.049337411 | D70: =(VLOOKUP(B70,'增加值 (2001-2060, 2020RMB)'!$A$13:$W$54,23,0)/VLOOKUP(B70,'增加值 (2001-2060, 2020RMB)'!$A$13:$W$54,20,0))^(1/3)-1 -> 0.02482455 | E70: 0.7 | F70: 0.5 | G70: 0.4 | H70: 0.3 | I70: 0.2 | J70: =AVERAGE($C70:$D70)*E70 -> 0.025956686 | K70: =AVERAGE($C70:$D70)*F70 -> 0.01854049 | L70: =AVERAGE($C70:$D70)*G70 -> 0.014832392 | M70: =AVERAGE($C70:$D70)*H70 -> 0.011124294 | N70: =AVERAGE($C70:$D70)*I70 -> 0.0074161961 | O70: =VLOOKUP(B70,'增加值 (2001-2060, 2020RMB)'!$A$14:$W$54,23,0)*(1+J70)^3 -> 2521.6776 | P70: =VLOOKUP(B70,'增加值 (2001-2060, 2020RMB)'!$A$14:$AE$54,26,0)*(1+K70)^5 -> 2682.2755 | Q70: =VLOOKUP(B70,'增加值 (2001-2060, 2020RMB)'!$A$14:$AE$54,31,0)*(1+L70)^5 -> 2708.8529 | R70: =VLOOKUP(B70,'增加值 (2001-2060, 2020RMB)'!$A$14:$AJ$54,36,0)*(1+M70)^15 -> 2948.5108 | S70: =VLOOKUP(B70,'增加值 (2001-2060, 2020RMB)'!$A$14:$AY$54,51,0)*(1+N70)^10 -> 2244.2599
A71: 装备制造 | B71: 金属制品业 | C71: =(VLOOKUP(B71,'增加值 (2001-2060, 2020RMB)'!$A$13:$W$54,20,0)/VLOOKUP(B71,'增加值 (2001-2060, 2020RMB)'!$A$13:$W$54,17,0))^(1/3)-1 -> 0.043911486 | D71: =(VLOOKUP(B71,'增加值 (2001-2060, 2020RMB)'!$A$13:$W$54,23,0)/VLOOKUP(B71,'增加值 (2001-2060, 2020RMB)'!$A$13:$W$54,20,0))^(1/3)-1 -> 0.075370858 | E71: 0.8 | F71: 0.7 | G71: 0.6 | H71: 0.4 | I71: 0.3 | J71: =AVERAGE($C71:$D71)*E71 -> 0.047712938 | K71: =AVERAGE($C71:$D71)*F71 -> 0.041748821 | L71: =AVERAGE($C71:$D71)*G71 -> 0.035784703 | M71: =AVERAGE($C71:$D71)*H71 -> 0.023856469 | N71: =AVERAGE($C71:$D71)*I71 -> 0.017892352 | O71: =VLOOKUP(B71,'增加值 (2001-2060, 2020RMB)'!$A$14:$W$54,23,0)*(1+J71)^3 -> 17457.396 | P71: =VLOOKUP(B71,'增加值 (2001-2060, 2020RMB)'!$A$14:$AE$54,26,0)*(1+K71)^5 -> 20783.414 | Q71: =VLOOKUP(B71,'增加值 (2001-2060, 2020RMB)'!$A$14:$AE$54,31,0)*(1+L71)^5 -> 23247.421 | R71: =VLOOKUP(B71,'增加值 (2001-2060, 2020RMB)'!$A$14:$AJ$54,36,0)*(1+M71)^15 -> 30528.824 | S71: =VLOOKUP(B71,'增加值 (2001-2060, 2020RMB)'!$A$14:$AY$54,51,0)*(1+N71)^10 -> 25769.722
B72: 通用设备制造业 | C72: =(VLOOKUP(B72,'增加值 (2001-2060, 2020RMB)'!$A$13:$W$54,20,0)/VLOOKUP(B72,'增加值 (2001-2060, 2020RMB)'!$A$13:$W$54,17,0))^(1/3)-1 -> 0.062830621 | D72: =(VLOOKUP(B72,'增加值 (2001-2060, 2020RMB)'!$A$13:$W$54,23,0)/VLOOKUP(B72,'增加值 (2001-2060, 2020RMB)'!$A$13:$W$54,20,0))^(1/3)-1 -> 0.06093611 | E72: 0.8 | F72: 0.7 | G72: 0.6 | H72: 0.4 | I72: 0.3 | J72: =AVERAGE($C72:$D72)*E72 -> 0.049506692 | K72: =AVERAGE($C72:$D72)*F72 -> 0.043318356 | L72: =AVERAGE($C72:$D72)*G72 -> 0.037130019 | M72: =AVERAGE($C72:$D72)*H72 -> 0.024753346 | N72: =AVERAGE($C72:$D72)*I72 -> 0.01856501 | O72: =VLOOKUP(B72,'增加值 (2001-2060, 2020RMB)'!$A$14:$W$54,23,0)*(1+J72)^3 -> 18256.884 | P72: =VLOOKUP(B72,'增加值 (2001-2060, 2020RMB)'!$A$14:$AE$54,26,0)*(1+K72)^5 -> 21899.452 | Q72: =VLOOKUP(B72,'增加值 (2001-2060, 2020RMB)'!$A$14:$AE$54,31,0)*(1+L72)^5 -> 24655.267 | R72: =VLOOKUP(B72,'增加值 (2001-2060, 2020RMB)'!$A$14:$AJ$54,36,0)*(1+M72)^15 -> 32805.676 | S72: =VLOOKUP(B72,'增加值 (2001-2060, 2020RMB)'!$A$14:$AY$54,51,0)*(1+N72)^10 -> 27875.179
B73: 专用设备制造业 | C73: =(VLOOKUP(B73,'增加值 (2001-2060, 2020RMB)'!$A$13:$W$54,20,0)/VLOOKUP(B73,'增加值 (2001-2060, 2020RMB)'!$A$13:$W$54,17,0))^(1/3)-1 -> 0.08801267 | D73: =(VLOOKUP(B73,'增加值 (2001-2060, 2020RMB)'!$A$13:$W$54,23,0)/VLOOKUP(B73,'增加值 (2001-2060, 2020RMB)'!$A$13:$W$54,20,0))^(1/3)-1 -> 0.082574295 | E73: 0.8 | F73: 0.7 | G73: 0.6 | H73: 0.4 | I73: 0.3 | J73: =AVERAGE($C73:$D73)*E73 -> 0.068234786 | K73: =AVERAGE($C73:$D73)*F73 -> 0.059705438 | L73: =AVERAGE($C73:$D73)*G73 -> 0.051176089 | M73: =AVERAGE($C73:$D73)*H73 -> 0.034117393 | N73: =AVERAGE($C73:$D73)*I73 -> 0.025588045 | O73: =VLOOKUP(B73,'增加值 (2001-2060, 2020RMB)'!$A$14:$W$54,23,0)*(1+J73)^3 -> 14877.235 | P73: =VLOOKUP(B73,'增加值 (2001-2060, 2020RMB)'!$A$14:$AE$54,26,0)*(1+K73)^5 -> 19291.695 | Q73: =VLOOKUP(B73,'增加值 (2001-2060, 2020RMB)'!$A$14:$AE$54,31,0)*(1+L73)^5 -> 23230.48 | R73: =VLOOKUP(B73,'增加值 (2001-2060, 2020RMB)'!$A$14:$AJ$54,36,0)*(1+M73)^15 -> 35428.677 | S73: =VLOOKUP(B73,'增加值 (2001-2060, 2020RMB)'!$A$14:$AY$54,51,0)*(1+N73)^10 -> 32245.237
B74: 汽车制造业 | C74: =(VLOOKUP(B74,'增加值 (2001-2060, 2020RMB)'!$A$13:$W$54,20,0)/VLOOKUP(B74,'增加值 (2001-2060, 2020RMB)'!$A$13:$W$54,17,0))^(1/3)-1 -> 0.052015912 | D74: =(VLOOKUP(B74,'增加值 (2001-2060, 2020RMB)'!$A$13:$W$54,23,0)/VLOOKUP(B74,'增加值 (2001-2060, 2020RMB)'!$A$13:$W$54,20,0))^(1/3)-1 -> 0.069452624 | E74: 0.8 | F74: 0.7 | G74: 0.6 | H74: 0.4 | I74: 0.3 | J74: =AVERAGE($C74:$D74)*E74 -> 0.048587414 | K74: =AVERAGE($C74:$D74)*F74 -> 0.042513987 | L74: =AVERAGE($C74:$D74)*G74 -> 0.036440561 | M74: =AVERAGE($C74:$D74)*H74 -> 0.024293707 | N74: =AVERAGE($C74:$D74)*I74 -> 0.01822028 | O74: =VLOOKUP(B74,'增加值 (2001-2060, 2020RMB)'!$A$14:$W$54,23,0)*(1+J74)^3 -> 27928.415 | P74: =VLOOKUP(B74,'增加值 (2001-2060, 2020RMB)'!$A$14:$AE$54,26,0)*(1+K74)^5 -> 33371.682 | Q74: =VLOOKUP(B74,'增加值 (2001-2060, 2020RMB)'!$A$14:$AE$54,31,0)*(1+L74)^5 -> 37446.439 | R74: =VLOOKUP(B74,'增加值 (2001-2060, 2020RMB)'!$A$14:$AJ$54,36,0)*(1+M74)^15 -> 49491.112 | S74: =VLOOKUP(B74,'增加值 (2001-2060, 2020RMB)'!$A$14:$AY$54,51,0)*(1+N74)^10 -> 41910.784
B75: 铁路、船舶、航空航天和其他运输设备制造业 | C75: =(VLOOKUP(B75,'增加值 (2001-2060, 2020RMB)'!$A$13:$W$54,20,0)/VLOOKUP(B75,'增加值 (2001-2060, 2020RMB)'!$A$13:$W$54,17,0))^(1/3)-1 -> 0.052856843 | D75: =(VLOOKUP(B75,'增加值 (2001-2060, 2020RMB)'!$A$13:$W$54,23,0)/VLOOKUP(B75,'增加值 (2001-2060, 2020RMB)'!$A$13:$W$54,20,0))^(1/3)-1 -> 0.042290325 | E75: 0.8 | F75: 0.7 | G75: 0.6 | H75: 0.4 | I75: 0.3 | J75: =AVERAGE($C75:$D75)*E75 -> 0.038058867 | K75: =AVERAGE($C75:$D75)*F75 -> 0.033301509 | L75: =AVERAGE($C75:$D75)*G75 -> 0.02854415 | M75: =AVERAGE($C75:$D75)*H75 -> 0.019029433 | N75: =AVERAGE($C75:$D75)*I75 -> 0.014272075 | O75: =VLOOKUP(B75,'增加值 (2001-2060, 2020RMB)'!$A$14:$W$54,23,0)*(1+J75)^3 -> 7395.9908 | P75: =VLOOKUP(B75,'增加值 (2001-2060, 2020RMB)'!$A$14:$AE$54,26,0)*(1+K75)^5 -> 8453.84 | Q75: =VLOOKUP(B75,'增加值 (2001-2060, 2020RMB)'!$A$14:$AE$54,31,0)*(1+L75)^5 -> 9130.1759 | R75: =VLOOKUP(B75,'增加值 (2001-2060, 2020RMB)'!$A$14:$AJ$54,36,0)*(1+M75)^15 -> 11169.383 | S75: =VLOOKUP(B75,'增加值 (2001-2060, 2020RMB)'!$A$14:$AY$54,51,0)*(1+N75)^10 -> 9098.1903
B76: 电气机械和器材制造业 | C76: =(VLOOKUP(B76,'增加值 (2001-2060, 2020RMB)'!$A$13:$W$54,20,0)/VLOOKUP(B76,'增加值 (2001-2060, 2020RMB)'!$A$13:$W$54,17,0))^(1/3)-1 -> 0.084803533 | D76: =(VLOOKUP(B76,'增加值 (2001-2060, 2020RMB)'!$A$13:$W$54,23,0)/VLOOKUP(B76,'增加值 (2001-2060, 2020RMB)'!$A$13:$W$54,20,0))^(1/3)-1 -> 0.13348082 | E76: 0.8 | F76: 0.7 | G76: 0.6 | H76: 0.4 | I76: 0.3 | J76: =AVERAGE($C76:$D76)*E76 -> 0.087313742 | K76: =AVERAGE($C76:$D76)*F76 -> 0.076399525 | L76: =AVERAGE($C76:$D76)*G76 -> 0.065485307 | M76: =AVERAGE($C76:$D76)*H76 -> 0.043656871 | N76: =AVERAGE($C76:$D76)*I76 -> 0.032742653 | O76: =VLOOKUP(B76,'增加值 (2001-2060, 2020RMB)'!$A$14:$W$54,23,0)*(1+J76)^3 -> 35375.55 | P76: =VLOOKUP(B76,'增加值 (2001-2060, 2020RMB)'!$A$14:$AE$54,26,0)*(1+K76)^5 -> 49601.297 | Q76: =VLOOKUP(B76,'增加值 (2001-2060, 2020RMB)'!$A$14:$AE$54,31,0)*(1+L76)^5 -> 63905.875 | R76: =VLOOKUP(B76,'增加值 (2001-2060, 2020RMB)'!$A$14:$AJ$54,36,0)*(1+M76)^15 -> 111855.14 | S76: =VLOOKUP(B76,'增加值 (2001-2060, 2020RMB)'!$A$14:$AY$54,51,0)*(1+N76)^10 -> 109133.54
A77: 高技术产业 | B77: 计算机、通信和其他电子设备制造业 | C77: =(VLOOKUP(B77,'增加值 (2001-2060, 2020RMB)'!$A$13:$W$54,20,0)/VLOOKUP(B77,'增加值 (2001-2060, 2020RMB)'!$A$13:$W$54,17,0))^(1/3)-1 -> 0.1098355 | D77: =(VLOOKUP(B77,'增加值 (2001-2060, 2020RMB)'!$A$13:$W$54,23,0)/VLOOKUP(B77,'增加值 (2001-2060, 2020RMB)'!$A$13:$W$54,20,0))^(1/3)-1 -> 0.11113719 | E77: 0.8 | F77: 0.7 | G77: 0.6 | H77: 0.5 | I77: 0.4 | J77: =AVERAGE($C77:$D77)*E77 -> 0.088389076 | K77: =AVERAGE($C77:$D77)*F77 -> 0.077340441 | L77: =AVERAGE($C77:$D77)*G77 -> 0.066291807 | M77: =AVERAGE($C77:$D77)*H77 -> 0.055243172 | N77: =AVERAGE($C77:$D77)*I77 -> 0.044194538 | O77: =VLOOKUP(B77,'增加值 (2001-2060, 2020RMB)'!$A$14:$W$54,23,0)*(1+J77)^3 -> 51635.257 | P77: =VLOOKUP(B77,'增加值 (2001-2060, 2020RMB)'!$A$14:$AE$54,26,0)*(1+K77)^5 -> 72716.59 | Q77: =VLOOKUP(B77,'增加值 (2001-2060, 2020RMB)'!$A$14:$AE$54,31,0)*(1+L77)^5 -> 94042.528 | R77: =VLOOKUP(B77,'增加值 (2001-2060, 2020RMB)'!$A$14:$AJ$54,36,0)*(1+M77)^15 -> 194250.29 | S77: =VLOOKUP(B77,'增加值 (2001-2060, 2020RMB)'!$A$14:$AY$54,51,0)*(1+N77)^10 -> 211620.13
B78: 仪器仪表制造业 | C78: =(VLOOKUP(B78,'增加值 (2001-2060, 2020RMB)'!$A$13:$W$54,20,0)/VLOOKUP(B78,'增加值 (2001-2060, 2020RMB)'!$A$13:$W$54,17,0))^(1/3)-1 -> 0.086584169 | D78: =(VLOOKUP(B78,'增加值 (2001-2060, 2020RMB)'!$A$13:$W$54,23,0)/VLOOKUP(B78,'增加值 (2001-2060, 2020RMB)'!$A$13:$W$54,20,0))^(1/3)-1 -> 0.074164155 | E78: 0.8 | F78: 0.7 | G78: 0.6 | H78: 0.5 | I78: 0.4 | J78: =AVERAGE($C78:$D78)*E78 -> 0.06429933 | K78: =AVERAGE($C78:$D78)*F78 -> 0.056261914 | L78: =AVERAGE($C78:$D78)*G78 -> 0.048224497 | M78: =AVERAGE($C78:$D78)*H78 -> 0.040187081 | N78: =AVERAGE($C78:$D78)*I78 -> 0.032149665 | O78: =VLOOKUP(B78,'增加值 (2001-2060, 2020RMB)'!$A$14:$W$54,23,0)*(1+J78)^3 -> 3887.7761 | P78: =VLOOKUP(B78,'增加值 (2001-2060, 2020RMB)'!$A$14:$AE$54,26,0)*(1+K78)^5 -> 4960.0002 | Q78: =VLOOKUP(B78,'增加值 (2001-2060, 2020RMB)'!$A$14:$AE$54,31,0)*(1+L78)^5 -> 5889.2996 | R78: =VLOOKUP(B78,'增加值 (2001-2060, 2020RMB)'!$A$14:$AJ$54,36,0)*(1+M78)^15 -> 9805.8353 | S78: =VLOOKUP(B78,'增加值 (2001-2060, 2020RMB)'!$A$14:$AY$54,51,0)*(1+N78)^10 -> 9512.4524
B79: 医药制造业 | C79: =(VLOOKUP(B79,'增加值 (2001-2060, 2020RMB)'!$A$13:$W$54,20,0)/VLOOKUP(B79,'增加值 (2001-2060, 2020RMB)'!$A$13:$W$54,17,0))^(1/3)-1 -> 0.084993115 | D79: =(VLOOKUP(B79,'增加值 (2001-2060, 2020RMB)'!$A$13:$W$54,23,0)/VLOOKUP(B79,'增加值 (2001-2060, 2020RMB)'!$A$13:$W$54,20,0))^(1/3)-1 -> 0.093141707 | E79: 0.8 | F79: 0.7 | G79: 0.6 | H79: 0.5 | I79: 0.4 | J79: =AVERAGE($C79:$D79)*E79 -> 0.071253929 | K79: =AVERAGE($C79:$D79)*F79 -> 0.062347188 | L79: =AVERAGE($C79:$D79)*G79 -> 0.053440447 | M79: =AVERAGE($C79:$D79)*H79 -> 0.044533705 | N79: =AVERAGE($C79:$D79)*I79 -> 0.035626964 | O79: =VLOOKUP(B79,'增加值 (2001-2060, 2020RMB)'!$A$14:$W$54,23,0)*(1+J79)^3 -> 14171.433 | P79: =VLOOKUP(B79,'增加值 (2001-2060, 2020RMB)'!$A$14:$AE$54,26,0)*(1+K79)^5 -> 18606.662 | Q79: =VLOOKUP(B79,'增加值 (2001-2060, 2020RMB)'!$A$14:$AE$54,31,0)*(1+L79)^5 -> 22647.948 | R79: =VLOOKUP(B79,'增加值 (2001-2060, 2020RMB)'!$A$14:$AJ$54,36,0)*(1+M79)^15 -> 40143.464 | S79: =VLOOKUP(B79,'增加值 (2001-2060, 2020RMB)'!$A$14:$AY$54,51,0)*(1+N79)^10 -> 40274.437
A80: 其他行业 | B80: 黑色金属矿采选业 | C80: =(VLOOKUP(B80,'增加值 (2001-2060, 2020RMB)'!$A$13:$W$54,20,0)/VLOOKUP(B80,'增加值 (2001-2060, 2020RMB)'!$A$13:$W$54,17,0))^(1/3)-1 -> -0.012129963 | D80: =(VLOOKUP(B80,'增加值 (2001-2060, 2020RMB)'!$A$13:$W$54,23,0)/VLOOKUP(B80,'增加值 (2001-2060, 2020RMB)'!$A$13:$W$54,20,0))^(1/3)-1 -> 0.055630511 | E80: 0.7 | F80: 0.5 | G80: 0.4 | H80: 0.3 | I80: 0.2 | J80: =AVERAGE($C80:$D80)*E80 -> 0.015225192 | K80: =AVERAGE($C80:$D80)*F80 -> 0.010875137 | L80: =AVERAGE($C80:$D80)*G80 -> 0.0087001096 | M80: =AVERAGE($C80:$D80)*H80 -> 0.0065250822 | N80: =AVERAGE($C80:$D80)*I80 -> 0.0043500548 | O80: =VLOOKUP(B80,'增加值 (2001-2060, 2020RMB)'!$A$14:$W$54,23,0)*(1+J80)^3 -> 4780.1775 | P80: =VLOOKUP(B80,'增加值 (2001-2060, 2020RMB)'!$A$14:$AE$54,26,0)*(1+K80)^5 -> 4896.1413 | Q80: =VLOOKUP(B80,'增加值 (2001-2060, 2020RMB)'!$A$14:$AE$54,31,0)*(1+L80)^5 -> 4797.0552 | R80: =VLOOKUP(B80,'增加值 (2001-2060, 2020RMB)'!$A$14:$AJ$54,36,0)*(1+M80)^15 -> 4876.3274 | S80: =VLOOKUP(B80,'增加值 (2001-2060, 2020RMB)'!$A$14:$AY$54,51,0)*(1+N80)^10 -> 3600.1871
B81: 有色金属矿采选业 | C81: =(VLOOKUP(B81,'增加值 (2001-2060, 2020RMB)'!$A$13:$W$54,20,0)/VLOOKUP(B81,'增加值 (2001-2060, 2020RMB)'!$A$13:$W$54,17,0))^(1/3)-1 -> -0.006936466 | D81: =(VLOOKUP(B81,'增加值 (2001-2060, 2020RMB)'!$A$13:$W$54,23,0)/VLOOKUP(B81,'增加值 (2001-2060, 2020RMB)'!$A$13:$W$54,20,0))^(1/3)-1 -> 0.018311168 | E81: 0.7 | F81: 0.5 | G81: 0.4 | H81: 0.3 | I81: 0.2 | J81: =AVERAGE($C81:$D81)*E81 -> 0.0039811458 | K81: =AVERAGE($C81:$D81)*F81 -> 0.0028436756 | L81: =AVERAGE($C81:$D81)*G81 -> 0.0022749405 | M81: =AVERAGE($C81:$D81)*H81 -> 0.0017062053 | N81: =AVERAGE($C81:$D81)*I81 -> 0.0011374702 | O81: =VLOOKUP(B81,'增加值 (2001-2060, 2020RMB)'!$A$14:$W$54,23,0)*(1+J81)^3 -> 2172.5602 | P81: =VLOOKUP(B81,'增加值 (2001-2060, 2020RMB)'!$A$14:$AE$54,26,0)*(1+K81)^5 -> 2138.2592 | Q81: =VLOOKUP(B81,'增加值 (2001-2060, 2020RMB)'!$A$14:$AE$54,31,0)*(1+L81)^5 -> 2029.1079 | R81: =VLOOKUP(B81,'增加值 (2001-2060, 2020RMB)'!$A$14:$AJ$54,36,0)*(1+M81)^15 -> 1919.3745 | S81: =VLOOKUP(B81,'增加值 (2001-2060, 2020RMB)'!$A$14:$AY$54,51,0)*(1+N81)^10 -> 1372.3915
B82: 非金属矿采选业 | C82: =(VLOOKUP(B82,'增加值 (2001-2060, 2020RMB)'!$A$13:$W$54,20,0)/VLOOKUP(B82,'增加值 (2001-2060, 2020RMB)'!$A$13:$W$54,17,0))^(1/3)-1 -> -0.0055752169 | D82: =(VLOOKUP(B82,'增加值 (2001-2060, 2020RMB)'!$A$13:$W$54,23,0)/VLOOKUP(B82,'增加值 (2001-2060, 2020RMB)'!$A$13:$W$54,20,0))^(1/3)-1 -> 0.026040503 | E82: 0.7 | F82: 0.5 | G82: 0.4 | H82: 0.3 | I82: 0.2 | J82: =AVERAGE($C82:$D82)*E82 -> 0.0071628502 | K82: =AVERAGE($C82:$D82)*F82 -> 0.0051163216 | L82: =AVERAGE($C82:$D82)*G82 -> 0.0040930573 | M82: =AVERAGE($C82:$D82)*H82 -> 0.003069793 | N82: =AVERAGE($C82:$D82)*I82 -> 0.0020465286 | O82: =VLOOKUP(B82,'增加值 (2001-2060, 2020RMB)'!$A$14:$W$54,23,0)*(1+J82)^3 -> 1565.5798 | P82: =VLOOKUP(B82,'增加值 (2001-2060, 2020RMB)'!$A$14:$AE$54,26,0)*(1+K82)^5 -> 1558.4009 | Q82: =VLOOKUP(B82,'增加值 (2001-2060, 2020RMB)'!$A$14:$AE$54,31,0)*(1+L82)^5 -> 1492.3113 | R82: =VLOOKUP(B82,'增加值 (2001-2060, 2020RMB)'!$A$14:$AJ$54,36,0)*(1+M82)^15 -> 1440.7076 | S82: =VLOOKUP(B82,'增加值 (2001-2060, 2020RMB)'!$A$14:$AY$54,51,0)*(1+N82)^10 -> 1039.5272
B83: 开采专业及辅助性活动 | C83: =(VLOOKUP(B83,'增加值 (2001-2060, 2020RMB)'!$A$13:$W$54,20,0)/VLOOKUP(B83,'增加值 (2001-2060, 2020RMB)'!$A$13:$W$54,17,0))^(1/3)-1 -> 0.20663881 | D83: =(VLOOKUP(B83,'增加值 (2001-2060, 2020RMB)'!$A$13:$W$54,23,0)/VLOOKUP(B83,'增加值 (2001-2060, 2020RMB)'!$A$13:$W$54,20,0))^(1/3)-1 -> 0.01121553 | E83: 0.7 | F83: 0.5 | G83: 0.4 | H83: 0.3 | I83: 0.2 | J83: =AVERAGE($C83:$D83)*E83 -> 0.076249019 | K83: =AVERAGE($C83:$D83)*F83 -> 0.054463585 | L83: =AVERAGE($C83:$D83)*G83 -> 0.043570868 | M83: =AVERAGE($C83:$D83)*H83 -> 0.032678151 | N83: =AVERAGE($C83:$D83)*I83 -> 0.021785434 | O83: =VLOOKUP(B83,'增加值 (2001-2060, 2020RMB)'!$A$14:$W$54,23,0)*(1+J83)^3 -> 1426.6867 | P83: =VLOOKUP(B83,'增加值 (2001-2060, 2020RMB)'!$A$14:$AE$54,26,0)*(1+K83)^5 -> 1804.7161 | Q83: =VLOOKUP(B83,'增加值 (2001-2060, 2020RMB)'!$A$14:$AE$54,31,0)*(1+L83)^5 -> 2095.6997 | R83: =VLOOKUP(B83,'增加值 (2001-2060, 2020RMB)'!$A$14:$AJ$54,36,0)*(1+M83)^15 -> 3130.0624 | S83: =VLOOKUP(B83,'增加值 (2001-2060, 2020RMB)'!$A$14:$AY$54,51,0)*(1+N83)^10 -> 2744.9296
B84: 其他采矿业 | C84: =(VLOOKUP(B84,'增加值 (2001-2060, 2020RMB)'!$A$13:$W$54,20,0)/VLOOKUP(B84,'增加值 (2001-2060, 2020RMB)'!$A$13:$W$54,17,0))^(1/3)-1 -> 0.058954265 | D84: =(VLOOKUP(B84,'增加值 (2001-2060, 2020RMB)'!$A$13:$W$54,23,0)/VLOOKUP(B84,'增加值 (2001-2060, 2020RMB)'!$A$13:$W$54,20,0))^(1/3)-1 -> 0.056483848 | E84: 0.7 | F84: 0.5 | G84: 0.4 | H84: 0.3 | I84: 0.2 | J84: =AVERAGE($C84:$D84)*E84 -> 0.04040334 | K84: =AVERAGE($C84:$D84)*F84 -> 0.028859528 | L84: =AVERAGE($C84:$D84)*G84 -> 0.023087623 | M84: =AVERAGE($C84:$D84)*H84 -> 0.017315717 | N84: =AVERAGE($C84:$D84)*I84 -> 0.011543811 | O84: =VLOOKUP(B84,'增加值 (2001-2060, 2020RMB)'!$A$14:$W$54,23,0)*(1+J84)^3 -> 10.428905 | P84: =VLOOKUP(B84,'增加值 (2001-2060, 2020RMB)'!$A$14:$AE$54,26,0)*(1+K84)^5 -> 11.666524 | Q84: =VLOOKUP(B84,'增加值 (2001-2060, 2020RMB)'!$A$14:$AE$54,31,0)*(1+L84)^5 -> 12.269195 | R84: =VLOOKUP(B84,'增加值 (2001-2060, 2020RMB)'!$A$14:$AJ$54,36,0)*(1+M84)^15 -> 14.635295 | S84: =VLOOKUP(B84,'增加值 (2001-2060, 2020RMB)'!$A$14:$AY$54,51,0)*(1+N84)^10 -> 11.604585
B85: 橡胶和塑料制品业 | C85: =(VLOOKUP(B85,'增加值 (2001-2060, 2020RMB)'!$A$13:$W$54,20,0)/VLOOKUP(B85,'增加值 (2001-2060, 2020RMB)'!$A$13:$W$54,17,0))^(1/3)-1 -> 0.037628 | D85: =(VLOOKUP(B85,'增加值 (2001-2060, 2020RMB)'!$A$13:$W$54,23,0)/VLOOKUP(B85,'增加值 (2001-2060, 2020RMB)'!$A$13:$W$54,20,0))^(1/3)-1 -> 0.028280067 | E85: 0.7 | F85: 0.5 | G85: 0.4 | H85: 0.3 | I85: 0.2 | J85: =AVERAGE($C85:$D85)*E85 -> 0.023067824 | K85: =AVERAGE($C85:$D85)*F85 -> 0.016477017 | L85: =AVERAGE($C85:$D85)*G85 -> 0.013181613 | M85: =AVERAGE($C85:$D85)*H85 -> 0.0098862101 | N85: =AVERAGE($C85:$D85)*I85 -> 0.0065908067 | O85: =VLOOKUP(B85,'增加值 (2001-2060, 2020RMB)'!$A$14:$W$54,23,0)*(1+J85)^3 -> 8250.9287 | P85: =VLOOKUP(B85,'增加值 (2001-2060, 2020RMB)'!$A$14:$AE$54,26,0)*(1+K85)^5 -> 8687.8636 | Q85: =VLOOKUP(B85,'增加值 (2001-2060, 2020RMB)'!$A$14:$AE$54,31,0)*(1+L85)^5 -> 8702.8185 | R85: =VLOOKUP(B85,'增加值 (2001-2060, 2020RMB)'!$A$14:$AJ$54,36,0)*(1+M85)^15 -> 9300.2724 | S85: =VLOOKUP(B85,'增加值 (2001-2060, 2020RMB)'!$A$14:$AY$54,51,0)*(1+N85)^10 -> 7021.1202
B86: 其他制造业 | C86: =VLOOKUP(B86,'增加值 (2001-2060, 2020RMB)'!$A$1:$U$54,COLUMN('增加值 (2001-2060, 2020RMB)'!R$1),0)/VLOOKUP(B86,'增加值 (2001-2060, 2020RMB)'!$A$1:$U$54,COLUMN('增加值 (2001-2060, 2020RMB)'!Q$1),0)-1 -> 0.071930623 | D86: =(VLOOKUP(B86,'增加值 (2001-2060, 2020RMB)'!$A$13:$W$54,23,0)/VLOOKUP(B86,'增加值 (2001-2060, 2020RMB)'!$A$13:$W$54,20,0))^(1/3)-1 -> 0.051652149 | E86: 0.7 | F86: 0.5 | G86: 0.4 | H86: 0.3 | I86: 0.2 | J86: =AVERAGE($C86:$D86)*E86 -> 0.04325397 | K86: =AVERAGE($C86:$D86)*F86 -> 0.030895693 | L86: =AVERAGE($C86:$D86)*G86 -> 0.024716554 | M86: =AVERAGE($C86:$D86)*H86 -> 0.018537416 | N86: =AVERAGE($C86:$D86)*I86 -> 0.012358277 | O86: =VLOOKUP(B86,'增加值 (2001-2060, 2020RMB)'!$A$14:$W$54,23,0)*(1+J86)^3 -> 1030.2549 | P86: =VLOOKUP(B86,'增加值 (2001-2060, 2020RMB)'!$A$14:$AE$54,26,0)*(1+K86)^5 -> 1163.967 | Q86: =VLOOKUP(B86,'增加值 (2001-2060, 2020RMB)'!$A$14:$AE$54,31,0)*(1+L86)^5 -> 1233.8713 | R86: =VLOOKUP(B86,'增加值 (2001-2060, 2020RMB)'!$A$14:$AJ$54,36,0)*(1+M86)^15 -> 1498.5587 | S86: =VLOOKUP(B86,'增加值 (2001-2060, 2020RMB)'!$A$14:$AY$54,51,0)*(1+N86)^10 -> 1197.8358
B87: 废弃资源综合利用业 | C87: =VLOOKUP(B87,'增加值 (2001-2060, 2020RMB)'!$A$1:$U$54,COLUMN('增加值 (2001-2060, 2020RMB)'!R$1),0)/VLOOKUP(B87,'增加值 (2001-2060, 2020RMB)'!$A$1:$U$54,COLUMN('增加值 (2001-2060, 2020RMB)'!Q$1),0)-1 -> 0.026381163 | D87: =(VLOOKUP(B87,'增加值 (2001-2060, 2020RMB)'!$A$13:$W$54,23,0)/VLOOKUP(B87,'增加值 (2001-2060, 2020RMB)'!$A$13:$W$54,20,0))^(1/3)-1 -> 0.18814982 | E87: 0.8 | F87: 0.9 | G87: 0.8 | H87: 0.6 | I87: 0.4 | J87: =AVERAGE($C87:$D87)*E87 -> 0.085812393 | K87: =AVERAGE($C87:$D87)*F87 -> 0.096538942 | L87: =AVERAGE($C87:$D87)*G87 -> 0.085812393 | M87: =AVERAGE($C87:$D87)*H87 -> 0.064359295 | N87: =AVERAGE($C87:$D87)*I87 -> 0.042906197 | O87: =VLOOKUP(B87,'增加值 (2001-2060, 2020RMB)'!$A$14:$W$54,23,0)*(1+J87)^3 -> 1898.8843 | P87: =VLOOKUP(B87,'增加值 (2001-2060, 2020RMB)'!$A$14:$AE$54,26,0)*(1+K87)^5 -> 2921.0645 | Q87: =VLOOKUP(B87,'增加值 (2001-2060, 2020RMB)'!$A$14:$AE$54,31,0)*(1+L87)^5 -> 4136.4288 | R87: =VLOOKUP(B87,'增加值 (2001-2060, 2020RMB)'!$A$14:$AJ$54,36,0)*(1+M87)^15 -> 9720.7221 | S87: =VLOOKUP(B87,'增加值 (2001-2060, 2020RMB)'!$A$14:$AY$54,51,0)*(1+N87)^10 -> 10460.011
B88: 金属制品、机械和设备修理业 | C88: =VLOOKUP(B88,'增加值 (2001-2060, 2020RMB)'!$A$1:$U$54,COLUMN('增加值 (2001-2060, 2020RMB)'!R$1),0)/VLOOKUP(B88,'增加值 (2001-2060, 2020RMB)'!$A$1:$U$54,COLUMN('增加值 (2001-2060, 2020RMB)'!Q$1),0)-1 -> 0.11140682 | D88: =(VLOOKUP(B88,'增加值 (2001-2060, 2020RMB)'!$A$13:$W$54,23,0)/VLOOKUP(B88,'增加值 (2001-2060, 2020RMB)'!$A$13:$W$54,20,0))^(1/3)-1 -> 0.054074169 | E88: 0.7 | F88: 0.5 | G88: 0.4 | H88: 0.3 | I88: 0.2 | J88: =AVERAGE($C88:$D88)*E88 -> 0.057918347 | K88: =AVERAGE($C88:$D88)*F88 -> 0.041370248 | L88: =AVERAGE($C88:$D88)*G88 -> 0.033096198 | M88: =AVERAGE($C88:$D88)*H88 -> 0.024822149 | N88: =AVERAGE($C88:$D88)*I88 -> 0.016548099 | O88: =VLOOKUP(B88,'增加值 (2001-2060, 2020RMB)'!$A$14:$W$54,23,0)*(1+J88)^3 -> 561.95961 | P88: =VLOOKUP(B88,'增加值 (2001-2060, 2020RMB)'!$A$14:$AE$54,26,0)*(1+K88)^5 -> 667.81055 | Q88: =VLOOKUP(B88,'增加值 (2001-2060, 2020RMB)'!$A$14:$AE$54,31,0)*(1+L88)^5 -> 737.33954 | R88: =VLOOKUP(B88,'增加值 (2001-2060, 2020RMB)'!$A$14:$AJ$54,36,0)*(1+M88)^15 -> 982.07392 | S88: =VLOOKUP(B88,'增加值 (2001-2060, 2020RMB)'!$A$14:$AY$54,51,0)*(1+N88)^10 -> 818.09671
A95: 工业结构统计
C96: 2022 | D96: 2025 | E96: 2030 | F96: 2035 | G96: 2050 | H96: 2060
A97: 能源产业 | B97: 煤炭开采和洗选业 | C97: =VLOOKUP($B97,'增加值 (2001-2060, 2020RMB)'!$A$13:$BI$54,COLUMN('增加值 (2001-2060, 2020RMB)'!$W$1),0)/'增加值 (2001-2060, 2020RMB)'!$W$13 -> 0.047931541 | D97: =VLOOKUP($B97,'增加值 (2001-2060, 2020RMB)'!$A$13:$BI$54,COLUMN('增加值 (2001-2060, 2020RMB)'!$Z$1),0)/'增加值 (2001-2060, 2020RMB)'!$Z$13 -> 0.045193996 | E97: =VLOOKUP($B97,'增加值 (2001-2060, 2020RMB)'!$A$13:$BI$54,COLUMN('增加值 (2001-2060, 2020RMB)'!$AE$1),0)/'增加值 (2001-2060, 2020RMB)'!$AE$13 -> 0.041442867 | F97: =VLOOKUP($B97,'增加值 (2001-2060, 2020RMB)'!$A$13:$BI$54,COLUMN('增加值 (2001-2060, 2020RMB)'!$AJ$1),0)/'增加值 (2001-2060, 2020RMB)'!$AJ$13 -> 0.037231478 | G97: =VLOOKUP($B97,'增加值 (2001-2060, 2020RMB)'!$A$13:$BI$54,COLUMN('增加值 (2001-2060, 2020RMB)'!$AY$1),0)/'增加值 (2001-2060, 2020RMB)'!$AY$13 -> 0.027729662 | H97: =VLOOKUP($B97,'增加值 (2001-2060, 2020RMB)'!$A$13:$BI$54,COLUMN('增加值 (2001-2060, 2020RMB)'!$BI$1),0)/'增加值 (2001-2060, 2020RMB)'!$BI$13 -> 0.022821588
B98: 石油和天然气开采业 | C98: =VLOOKUP($B98,'增加值 (2001-2060, 2020RMB)'!$A$13:$BI$54,COLUMN('增加值 (2001-2060, 2020RMB)'!$W$1),0)/'增加值 (2001-2060, 2020RMB)'!$W$13 -> 0.032760553 | D98: =VLOOKUP($B98,'增加值 (2001-2060, 2020RMB)'!$A$13:$BI$54,COLUMN('增加值 (2001-2060, 2020RMB)'!$Z$1),0)/'增加值 (2001-2060, 2020RMB)'!$Z$13 -> 0.029837903 | E98: =VLOOKUP($B98,'增加值 (2001-2060, 2020RMB)'!$A$13:$BI$54,COLUMN('增加值 (2001-2060, 2020RMB)'!$AE$1),0)/'增加值 (2001-2060, 2020RMB)'!$AE$13 -> 0.025826578 | F98: =VLOOKUP($B98,'增加值 (2001-2060, 2020RMB)'!$A$13:$BI$54,COLUMN('增加值 (2001-2060, 2020RMB)'!$AJ$1),0)/'增加值 (2001-2060, 2020RMB)'!$AJ$13 -> 0.022373248 | G98: =VLOOKUP($B98,'增加值 (2001-2060, 2020RMB)'!$A$13:$BI$54,COLUMN('增加值 (2001-2060, 2020RMB)'!$AY$1),0)/'增加值 (2001-2060, 2020RMB)'!$AY$13 -> 0.016584404 | H98: =VLOOKUP($B98,'增加值 (2001-2060, 2020RMB)'!$A$13:$BI$54,COLUMN('增加值 (2001-2060, 2020RMB)'!$BI$1),0)/'增加值 (2001-2060, 2020RMB)'!$BI$13 -> 0.013806405
B99: 电力、热力生产和供应业 | C99: =VLOOKUP($B99,'增加值 (2001-2060, 2020RMB)'!$A$13:$BI$54,COLUMN('增加值 (2001-2060, 2020RMB)'!$W$1),0)/'增加值 (2001-2060, 2020RMB)'!$W$13 -> 0.046516835 | D99: =VLOOKUP($B99,'增加值 (2001-2060, 2020RMB)'!$A$13:$BI$54,COLUMN('增加值 (2001-2060, 2020RMB)'!$Z$1),0)/'增加值 (2001-2060, 2020RMB)'!$Z$13 -> 0.049180482 | E99: =VLOOKUP($B99,'增加值 (2001-2060, 2020RMB)'!$A$13:$BI$54,COLUMN('增加值 (2001-2060, 2020RMB)'!$AE$1),0)/'增加值 (2001-2060, 2020RMB)'!$AE$13 -> 0.054580052 | F99: =VLOOKUP($B99,'增加值 (2001-2060, 2020RMB)'!$A$13:$BI$54,COLUMN('增加值 (2001-2060, 2020RMB)'!$AJ$1),0)/'增加值 (2001-2060, 2020RMB)'!$AJ$13 -> 0.058603038 | G99: =VLOOKUP($B99,'增加值 (2001-2060, 2020RMB)'!$A$13:$BI$54,COLUMN('增加值 (2001-2060, 2020RMB)'!$AY$1),0)/'增加值 (2001-2060, 2020RMB)'!$AY$13 -> 0.061642933 | H99: =VLOOKUP($B99,'增加值 (2001-2060, 2020RMB)'!$A$13:$BI$54,COLUMN('增加值 (2001-2060, 2020RMB)'!$BI$1),0)/'增加值 (2001-2060, 2020RMB)'!$BI$13 -> 0.066134318
B100: 燃气生产和供应业 | C100: =VLOOKUP($B100,'增加值 (2001-2060, 2020RMB)'!$A$13:$BI$54,COLUMN('增加值 (2001-2060, 2020RMB)'!$W$1),0)/'增加值 (2001-2060, 2020RMB)'!$W$13 -> 0.0065631822 | D100: =VLOOKUP($B100,'增加值 (2001-2060, 2020RMB)'!$A$13:$BI$54,COLUMN('增加值 (2001-2060, 2020RMB)'!$Z$1),0)/'增加值 (2001-2060, 2020RMB)'!$Z$13 -> 0.007731567 | E100: =VLOOKUP($B100,'增加值 (2001-2060, 2020RMB)'!$A$13:$BI$54,COLUMN('增加值 (2001-2060, 2020RMB)'!$AE$1),0)/'增加值 (2001-2060, 2020RMB)'!$AE$13 -> 0.010275259 | F100: =VLOOKUP($B100,'增加值 (2001-2060, 2020RMB)'!$A$13:$BI$54,COLUMN('增加值 (2001-2060, 2020RMB)'!$AJ$1),0)/'增加值 (2001-2060, 2020RMB)'!$AJ$13 -> 0.012774144 | G100: =VLOOKUP($B100,'增加值 (2001-2060, 2020RMB)'!$A$13:$BI$54,COLUMN('增加值 (2001-2060, 2020RMB)'!$AY$1),0)/'增加值 (2001-2060, 2020RMB)'!$AY$13 -> 0.017809489 | H100: =VLOOKUP($B100,'增加值 (2001-2060, 2020RMB)'!$A$13:$BI$54,COLUMN('增加值 (2001-2060, 2020RMB)'!$BI$1),0)/'增加值 (2001-2060, 2020RMB)'!$BI$13 -> 0.023055048
B101: 水的生产和供应业 | C101: =VLOOKUP($B101,'增加值 (2001-2060, 2020RMB)'!$A$13:$BI$54,COLUMN('增加值 (2001-2060, 2020RMB)'!$W$1),0)/'增加值 (2001-2060, 2020RMB)'!$W$13 -> 0.003457592 | D101: =VLOOKUP($B101,'增加值 (2001-2060, 2020RMB)'!$A$13:$BI$54,COLUMN('增加值 (2001-2060, 2020RMB)'!$Z$1),0)/'增加值 (2001-2060, 2020RMB)'!$Z$13 -> 0.0036350002 | E101: =VLOOKUP($B101,'增加值 (2001-2060, 2020RMB)'!$A$13:$BI$54,COLUMN('增加值 (2001-2060, 2020RMB)'!$AE$1),0)/'增加值 (2001-2060, 2020RMB)'!$AE$13 -> 0.0039963088 | F101: =VLOOKUP($B101,'增加值 (2001-2060, 2020RMB)'!$A$13:$BI$54,COLUMN('增加值 (2001-2060, 2020RMB)'!$AJ$1),0)/'增加值 (2001-2060, 2020RMB)'!$AJ$13 -> 0.0042582806 | G101: =VLOOKUP($B101,'增加值 (2001-2060, 2020RMB)'!$A$13:$BI$54,COLUMN('增加值 (2001-2060, 2020RMB)'!$AY$1),0)/'增加值 (2001-2060, 2020RMB)'!$AY$13 -> 0.0044143653 | H101: =VLOOKUP($B101,'增加值 (2001-2060, 2020RMB)'!$A$13:$BI$54,COLUMN('增加值 (2001-2060, 2020RMB)'!$BI$1),0)/'增加值 (2001-2060, 2020RMB)'!$BI$13 -> 0.0046902113
A102: 传统高载能产业 | B102: 纺织业 | C102: =VLOOKUP($B102,'增加值 (2001-2060, 2020RMB)'!$A$13:$BI$54,COLUMN('增加值 (2001-2060, 2020RMB)'!$W$1),0)/'增加值 (2001-2060, 2020RMB)'!$W$13 -> 0.021619539 | D102: =VLOOKUP($B102,'增加值 (2001-2060, 2020RMB)'!$A$13:$BI$54,COLUMN('增加值 (2001-2060, 2020RMB)'!$Z$1),0)/'增加值 (2001-2060, 2020RMB)'!$Z$13 -> 0.019129542 | E102: =VLOOKUP($B102,'增加值 (2001-2060, 2020RMB)'!$A$13:$BI$54,COLUMN('增加值 (2001-2060, 2020RMB)'!$AE$1),0)/'增加值 (2001-2060, 2020RMB)'!$AE$13 -> 0.015811429 | F102: =VLOOKUP($B102,'增加值 (2001-2060, 2020RMB)'!$A$13:$BI$54,COLUMN('增加值 (2001-2060, 2020RMB)'!$AJ$1),0)/'增加值 (2001-2060, 2020RMB)'!$AJ$13 -> 0.01334437 | G102: =VLOOKUP($B102,'增加值 (2001-2060, 2020RMB)'!$A$13:$BI$54,COLUMN('增加值 (2001-2060, 2020RMB)'!$AY$1),0)/'增加值 (2001-2060, 2020RMB)'!$AY$13 -> 0.0088109151 | H102: =VLOOKUP($B102,'增加值 (2001-2060, 2020RMB)'!$A$13:$BI$54,COLUMN('增加值 (2001-2060, 2020RMB)'!$BI$1),0)/'增加值 (2001-2060, 2020RMB)'!$BI$13 -> 0.0068726208
B103: 纺织服装、服饰业 | C103: =VLOOKUP($B103,'增加值 (2001-2060, 2020RMB)'!$A$13:$BI$54,COLUMN('增加值 (2001-2060, 2020RMB)'!$W$1),0)/'增加值 (2001-2060, 2020RMB)'!$W$13 -> 0.013696852 | D103: =VLOOKUP($B103,'增加值 (2001-2060, 2020RMB)'!$A$13:$BI$54,COLUMN('增加值 (2001-2060, 2020RMB)'!$Z$1),0)/'增加值 (2001-2060, 2020RMB)'!$Z$13 -> 0.012224342 | E103: =VLOOKUP($B103,'增加值 (2001-2060, 2020RMB)'!$A$13:$BI$54,COLUMN('增加值 (2001-2060, 2020RMB)'!$AE$1),0)/'增加值 (2001-2060, 2020RMB)'!$AE$13 -> 0.010259432 | F103: =VLOOKUP($B103,'增加值 (2001-2060, 2020RMB)'!$A$13:$BI$54,COLUMN('增加值 (2001-2060, 2020RMB)'!$AJ$1),0)/'增加值 (2001-2060, 2020RMB)'!$AJ$13 -> 0.0087527182 | G103: =VLOOKUP($B103,'增加值 (2001-2060, 2020RMB)'!$A$13:$BI$54,COLUMN('增加值 (2001-2060, 2020RMB)'!$AY$1),0)/'增加值 (2001-2060, 2020RMB)'!$AY$13 -> 0.0058738964 | H103: =VLOOKUP($B103,'增加值 (2001-2060, 2020RMB)'!$A$13:$BI$54,COLUMN('增加值 (2001-2060, 2020RMB)'!$BI$1),0)/'增加值 (2001-2060, 2020RMB)'!$BI$13 -> 0.004614969
B104: 造纸和纸制品业 | C104: =VLOOKUP($B104,'增加值 (2001-2060, 2020RMB)'!$A$13:$BI$54,COLUMN('增加值 (2001-2060, 2020RMB)'!$W$1),0)/'增加值 (2001-2060, 2020RMB)'!$W$13 -> 0.010900692 | D104: =VLOOKUP($B104,'增加值 (2001-2060, 2020RMB)'!$A$13:$BI$54,COLUMN('增加值 (2001-2060, 2020RMB)'!$Z$1),0)/'增加值 (2001-2060, 2020RMB)'!$Z$13 -> 0.01005504 | E104: =VLOOKUP($B104,'增加值 (2001-2060, 2020RMB)'!$A$13:$BI$54,COLUMN('增加值 (2001-2060, 2020RMB)'!$AE$1),0)/'增加值 (2001-2060, 2020RMB)'!$AE$13 -> 0.0089459229 | F104: =VLOOKUP($B104,'增加值 (2001-2060, 2020RMB)'!$A$13:$BI$54,COLUMN('增加值 (2001-2060, 2020RMB)'!$AJ$1),0)/'增加值 (2001-2060, 2020RMB)'!$AJ$13 -> 0.007954594 | G104: =VLOOKUP($B104,'增加值 (2001-2060, 2020RMB)'!$A$13:$BI$54,COLUMN('增加值 (2001-2060, 2020RMB)'!$AY$1),0)/'增加值 (2001-2060, 2020RMB)'!$AY$13 -> 0.0056821592 | H104: =VLOOKUP($B104,'增加值 (2001-2060, 2020RMB)'!$A$13:$BI$54,COLUMN('增加值 (2001-2060, 2020RMB)'!$BI$1),0)/'增加值 (2001-2060, 2020RMB)'!$BI$13 -> 0.0045901664
B105: 石油、煤炭及其他燃料加工业 | C105: =VLOOKUP($B105,'增加值 (2001-2060, 2020RMB)'!$A$13:$BI$54,COLUMN('增加值 (2001-2060, 2020RMB)'!$W$1),0)/'增加值 (2001-2060, 2020RMB)'!$W$13 -> 0.016572863 | D105: =VLOOKUP($B105,'增加值 (2001-2060, 2020RMB)'!$A$13:$BI$54,COLUMN('增加值 (2001-2060, 2020RMB)'!$Z$1),0)/'增加值 (2001-2060, 2020RMB)'!$Z$13 -> 0.015059938 | E105: =VLOOKUP($B105,'增加值 (2001-2060, 2020RMB)'!$A$13:$BI$54,COLUMN('增加值 (2001-2060, 2020RMB)'!$AE$1),0)/'增加值 (2001-2060, 2020RMB)'!$AE$13 -> 0.013048475 | F105: =VLOOKUP($B105,'增加值 (2001-2060, 2020RMB)'!$A$13:$BI$54,COLUMN('增加值 (2001-2060, 2020RMB)'!$AJ$1),0)/'增加值 (2001-2060, 2020RMB)'!$AJ$13 -> 0.011386391 | G105: =VLOOKUP($B105,'增加值 (2001-2060, 2020RMB)'!$A$13:$BI$54,COLUMN('增加值 (2001-2060, 2020RMB)'!$AY$1),0)/'增加值 (2001-2060, 2020RMB)'!$AY$13 -> 0.0079058512 | H105: =VLOOKUP($B105,'增加值 (2001-2060, 2020RMB)'!$A$13:$BI$54,COLUMN('增加值 (2001-2060, 2020RMB)'!$BI$1),0)/'增加值 (2001-2060, 2020RMB)'!$BI$13 -> 0.0063062328
B106: 化学原料和化学制品制造业 | C106: =VLOOKUP($B106,'增加值 (2001-2060, 2020RMB)'!$A$13:$BI$54,COLUMN('增加值 (2001-2060, 2020RMB)'!$W$1),0)/'增加值 (2001-2060, 2020RMB)'!$W$13 -> 0.064036786 | D106: =VLOOKUP($B106,'增加值 (2001-2060, 2020RMB)'!$A$13:$BI$54,COLUMN('增加值 (2001-2060, 2020RMB)'!$Z$1),0)/'增加值 (2001-2060, 2020RMB)'!$Z$13 -> 0.062288637 | E106: =VLOOKUP($B106,'增加值 (2001-2060, 2020RMB)'!$A$13:$BI$54,COLUMN('增加值 (2001-2060, 2020RMB)'!$AE$1),0)/'增加值 (2001-2060, 2020RMB)'!$AE$13 -> 0.060868627 | F106: =VLOOKUP($B106,'增加值 (2001-2060, 2020RMB)'!$A$13:$BI$54,COLUMN('增加值 (2001-2060, 2020RMB)'!$AJ$1),0)/'增加值 (2001-2060, 2020RMB)'!$AJ$13 -> 0.057863978 | G106: =VLOOKUP($B106,'增加值 (2001-2060, 2020RMB)'!$A$13:$BI$54,COLUMN('增加值 (2001-2060, 2020RMB)'!$AY$1),0)/'增加值 (2001-2060, 2020RMB)'!$AY$13 -> 0.045742285 | H106: =VLOOKUP($B106,'增加值 (2001-2060, 2020RMB)'!$A$13:$BI$54,COLUMN('增加值 (2001-2060, 2020RMB)'!$BI$1),0)/'增加值 (2001-2060, 2020RMB)'!$BI$13 -> 0.038660471
B107: 化学纤维制造业 | C107: =VLOOKUP($B107,'增加值 (2001-2060, 2020RMB)'!$A$13:$BI$54,COLUMN('增加值 (2001-2060, 2020RMB)'!$W$1),0)/'增加值 (2001-2060, 2020RMB)'!$W$13 -> 0.0049449597 | D107: =VLOOKUP($B107,'增加值 (2001-2060, 2020RMB)'!$A$13:$BI$54,COLUMN('增加值 (2001-2060, 2020RMB)'!$Z$1),0)/'增加值 (2001-2060, 2020RMB)'!$Z$13 -> 0.0049159088 | E107: =VLOOKUP($B107,'增加值 (2001-2060, 2020RMB)'!$A$13:$BI$54,COLUMN('增加值 (2001-2060, 2020RMB)'!$AE$1),0)/'增加值 (2001-2060, 2020RMB)'!$AE$13 -> 0.0049923026 | F107: =VLOOKUP($B107,'增加值 (2001-2060, 2020RMB)'!$A$13:$BI$54,COLUMN('增加值 (2001-2060, 2020RMB)'!$AJ$1),0)/'增加值 (2001-2060, 2020RMB)'!$AJ$13 -> 0.0048782641 | G107: =VLOOKUP($B107,'增加值 (2001-2060, 2020RMB)'!$A$13:$BI$54,COLUMN('增加值 (2001-2060, 2020RMB)'!$AY$1),0)/'增加值 (2001-2060, 2020RMB)'!$AY$13 -> 0.004021444 | H107: =VLOOKUP($B107,'增加值 (2001-2060, 2020RMB)'!$A$13:$BI$54,COLUMN('增加值 (2001-2060, 2020RMB)'!$BI$1),0)/'增加值 (2001-2060, 2020RMB)'!$BI$13 -> 0.0034631088
B108: 非金属矿物制品业 | C108: =VLOOKUP($B108,'增加值 (2001-2060, 2020RMB)'!$A$13:$BI$54,COLUMN('增加值 (2001-2060, 2020RMB)'!$W$1),0)/'增加值 (2001-2060, 2020RMB)'!$W$13 -> 0.042932082 | D108: =VLOOKUP($B108,'增加值 (2001-2060, 2020RMB)'!$A$13:$BI$54,COLUMN('增加值 (2001-2060, 2020RMB)'!$Z$1),0)/'增加值 (2001-2060, 2020RMB)'!$Z$13 -> 0.041175307 | E108: =VLOOKUP($B108,'增加值 (2001-2060, 2020RMB)'!$A$13:$BI$54,COLUMN('增加值 (2001-2060, 2020RMB)'!$AE$1),0)/'增加值 (2001-2060, 2020RMB)'!$AE$13 -> 0.039246422 | F108: =VLOOKUP($B108,'增加值 (2001-2060, 2020RMB)'!$A$13:$BI$54,COLUMN('增加值 (2001-2060, 2020RMB)'!$AJ$1),0)/'增加值 (2001-2060, 2020RMB)'!$AJ$13 -> 0.036651464 | G108: =VLOOKUP($B108,'增加值 (2001-2060, 2020RMB)'!$A$13:$BI$54,COLUMN('增加值 (2001-2060, 2020RMB)'!$AY$1),0)/'增加值 (2001-2060, 2020RMB)'!$AY$13 -> 0.02820065 | H108: =VLOOKUP($B108,'增加值 (2001-2060, 2020RMB)'!$A$13:$BI$54,COLUMN('增加值 (2001-2060, 2020RMB)'!$BI$1),0)/'增加值 (2001-2060, 2020RMB)'!$BI$13 -> 0.023548662
B109: 黑色金属冶炼和压延加工业 | C109: =VLOOKUP($B109,'增加值 (2001-2060, 2020RMB)'!$A$13:$BI$54,COLUMN('增加值 (2001-2060, 2020RMB)'!$W$1),0)/'增加值 (2001-2060, 2020RMB)'!$W$13 -> 0.057252354 | D109: =VLOOKUP($B109,'增加值 (2001-2060, 2020RMB)'!$A$13:$BI$54,COLUMN('增加值 (2001-2060, 2020RMB)'!$Z$1),0)/'增加值 (2001-2060, 2020RMB)'!$Z$13 -> 0.054859398 | E109: =VLOOKUP($B109,'增加值 (2001-2060, 2020RMB)'!$A$13:$BI$54,COLUMN('增加值 (2001-2060, 2020RMB)'!$AE$1),0)/'增加值 (2001-2060, 2020RMB)'!$AE$13 -> 0.052205023 | F109: =VLOOKUP($B109,'增加值 (2001-2060, 2020RMB)'!$A$13:$BI$54,COLUMN('增加值 (2001-2060, 2020RMB)'!$AJ$1),0)/'增加值 (2001-2060, 2020RMB)'!$AJ$13 -> 0.048697082 | G109: =VLOOKUP($B109,'增加值 (2001-2060, 2020RMB)'!$A$13:$BI$54,COLUMN('增加值 (2001-2060, 2020RMB)'!$AY$1),0)/'增加值 (2001-2060, 2020RMB)'!$AY$13 -> 0.037403338 | H109: =VLOOKUP($B109,'增加值 (2001-2060, 2020RMB)'!$A$13:$BI$54,COLUMN('增加值 (2001-2060, 2020RMB)'!$BI$1),0)/'增加值 (2001-2060, 2020RMB)'!$BI$13 -> 0.031208875
B110: 有色金属冶炼和压延加工业 | C110: =VLOOKUP($B110,'增加值 (2001-2060, 2020RMB)'!$A$13:$BI$54,COLUMN('增加值 (2001-2060, 2020RMB)'!$W$1),0)/'增加值 (2001-2060, 2020RMB)'!$W$13 -> 0.035157405 | D110: =VLOOKUP($B110,'增加值 (2001-2060, 2020RMB)'!$A$13:$BI$54,COLUMN('增加值 (2001-2060, 2020RMB)'!$Z$1),0)/'增加值 (2001-2060, 2020RMB)'!$Z$13 -> 0.034206419 | E110: =VLOOKUP($B110,'增加值 (2001-2060, 2020RMB)'!$A$13:$BI$54,COLUMN('增加值 (2001-2060, 2020RMB)'!$AE$1),0)/'增加值 (2001-2060, 2020RMB)'!$AE$13 -> 0.033441771 | F110: =VLOOKUP($B110,'增加值 (2001-2060, 2020RMB)'!$A$13:$BI$54,COLUMN('增加值 (2001-2060, 2020RMB)'!$AJ$1),0)/'增加值 (2001-2060, 2020RMB)'!$AJ$13 -> 0.03180129 | G110: =VLOOKUP($B110,'增加值 (2001-2060, 2020RMB)'!$A$13:$BI$54,COLUMN('增加值 (2001-2060, 2020RMB)'!$AY$1),0)/'增加值 (2001-2060, 2020RMB)'!$AY$13 -> 0.02515176 | H110: =VLOOKUP($B110,'增加值 (2001-2060, 2020RMB)'!$A$13:$BI$54,COLUMN('增加值 (2001-2060, 2020RMB)'!$BI$1),0)/'增加值 (2001-2060, 2020RMB)'!$BI$13 -> 0.021262448
A111: 装备制造 | B111: 金属制品业 | C111: =VLOOKUP($B111,'增加值 (2001-2060, 2020RMB)'!$A$13:$BI$54,COLUMN('增加值 (2001-2060, 2020RMB)'!$W$1),0)/'增加值 (2001-2060, 2020RMB)'!$W$13 -> 0.040415848 | D111: =VLOOKUP($B111,'增加值 (2001-2060, 2020RMB)'!$A$13:$BI$54,COLUMN('增加值 (2001-2060, 2020RMB)'!$Z$1),0)/'增加值 (2001-2060, 2020RMB)'!$Z$13 -> 0.040315365 | E111: =VLOOKUP($B111,'增加值 (2001-2060, 2020RMB)'!$A$13:$BI$54,COLUMN('增加值 (2001-2060, 2020RMB)'!$AE$1),0)/'增加值 (2001-2060, 2020RMB)'!$AE$13 -> 0.039464729 | F111: =VLOOKUP($B111,'增加值 (2001-2060, 2020RMB)'!$A$13:$BI$54,COLUMN('增加值 (2001-2060, 2020RMB)'!$AJ$1),0)/'增加值 (2001-2060, 2020RMB)'!$AJ$13 -> 0.038729496 | G111: =VLOOKUP($B111,'增加值 (2001-2060, 2020RMB)'!$A$13:$BI$54,COLUMN('增加值 (2001-2060, 2020RMB)'!$AY$1),0)/'增加值 (2001-2060, 2020RMB)'!$AY$13 -> 0.035080689 | H111: =VLOOKUP($B111,'增加值 (2001-2060, 2020RMB)'!$A$13:$BI$54,COLUMN('增加值 (2001-2060, 2020RMB)'!$BI$1),0)/'增加值 (2001-2060, 2020RMB)'!$BI$13 -> 0.03213277
...

Sheet 增加值 (2001-2060, 2020RMB)
A1: 全国 | B1: 2001 | C1: 2002 | D1: 2003 | E1: 2004 | F1: 2005 | G1: 2006 | H1: 2007 | I1: 2008 | J1: 2009 | K1: 2010 | L1: 2011 | M1: 2012 | N1: 2013 | O1: 2014 | P1: 2015 | Q1: 2016 | R1: 2017 | S1: 2018 | T1: 2019 | U1: 2020 | V1: 2021 | W1: 2022 | X1: 2023 | Y1: 2024 | Z1: 2025 | AA1: 2026 | AB1: 2027 | AC1: 2028 | AD1: 2029 | AE1: 2030 | AF1: 2031 | AG1: 2032 | AH1: 2033 | AI1: 2034 | AJ1: 2035 | AK1: 2036 | AL1: 2037 | AM1: 2038 | AN1: 2039 | AO1: 2040 | AP1: 2041 | AQ1: 2042 | AR1: 2043 | AS1: 2044 | AT1: 2045 | AU1: 2046 | AV1: 2047 | AW1: 2048 | AX1: 2049 | AY1: 2050 | AZ1: 2051 | BA1: 2052 | BB1: 2053 | BC1: 2054 | BD1: 2055 | BE1: 2056 | BF1: 2057 | BG1: 2058 | BH1: 2059 | BI1: 2060
A2: 地区生产总值 | B2: ='增加值 (2001-2022, 当年价) '!B2*B$77 -> 208489.63 | C2: ='增加值 (2001-2022, 当年价) '!C2*C$77 -> 227462.19 | D2: ='增加值 (2001-2022, 当年价) '!D2*D$77 -> 250208.41 | E2: ='增加值 (2001-2022, 当年价) '!E2*E$77 -> 275479.46 | F2: ='增加值 (2001-2022, 当年价) '!F2*F$77 -> 306884.11 | G2: ='增加值 (2001-2022, 当年价) '!G2*G$77 -> 345858.4 | H2: ='增加值 (2001-2022, 当年价) '!H2*H$77 -> 394970.29 | I2: ='增加值 (2001-2022, 当年价) '!I2*I$77 -> 433282.41 | ... W2: ='增加值 (2001-2022, 当年价) '!W2*W$77 -> 1131667.8 | X2: =VLOOKUP($A2,平滑数据导入!$A$1:$AN$61,COLUMN(平滑数据导入!C$1),0) -> 1190492.2 | Y2: =VLOOKUP($A2,平滑数据导入!$A$1:$AN$61,COLUMN(平滑数据导入!D$1),0) -> 1253892.6 | Z2: =W2*(1+情景假设!B3)^3 -> 1321308.1 | AA2: =VLOOKUP($A2,平滑数据导入!$A$1:$AN$61,COLUMN(平滑数据导入!F$1),0) -> 1392021.9 | AB2: =VLOOKUP($A2,平滑数据导入!$A$1:$AN$61,COLUMN(平滑数据导入!G$1),0) -> 1465126.8 | AC2: =VLOOKUP($A2,平滑数据导入!$A$1:$AN$61,COLUMN(平滑数据导入!H$1),0) -> 1539497 | AD2: =VLOOKUP($A2,平滑数据导入!$A$1:$AN$61,COLUMN(平滑数据导入!I$1),0) -> 1613772.7 | AE2: =Z2*(1+情景假设!B4)^5 -> 1686361.1 | AF2: =VLOOKUP($A2,平滑数据导入!$A$1:$AN$61,COLUMN(平滑数据导入!K$1),0) -> 1755860.5 | AG2: =VLOOKUP($A2,平滑数据导入!$A$1:$AN$61,COLUMN(平滑数据导入!L$1),0) -> 1822426.3 | AH2: =VLOOKUP($A2,平滑数据导入!$A$1:$AN$61,COLUMN(平滑数据导入!M$1),0) -> 1886777.8 | AI2: =VLOOKUP($A2,平滑数据导入!$A$1:$AN$61,COLUMN(平滑数据导入!N$1),0) -> 1949806.5 | AJ2: =AE2*(1+情景假设!B5)^5 -> 2012562.4 | AK2: =VLOOKUP($A2,平滑数据导入!$A$1:$AN$61,COLUMN(平滑数据导入!P$1),0) -> 2076007.5 | AL2: =VLOOKUP($A2,平滑数据导入!$A$1:$AN$61,COLUMN(平滑数据导入!Q$1),0) -> 2140230.3 | AM2: =VLOOKUP($A2,平滑数据导入!$A$1:$AN$61,COLUMN(平滑数据导入!R$1),0) -> 2205080.5 | AN2: =VLOOKUP($A2,平滑数据导入!$A$1:$AN$61,COLUMN(平滑数据导入!S$1),0) -> 2270396.7 | AO2: =VLOOKUP($A2,平滑数据导入!$A$1:$AN$61,COLUMN(平滑数据导入!T$1),0) -> 2336004.9 | AP2: =VLOOKUP($A2,平滑数据导入!$A$1:$AN$61,COLUMN(平滑数据导入!U$1),0) -> 2401715.9 | AQ2: =VLOOKUP($A2,平滑数据导入!$A$1:$AN$61,COLUMN(平滑数据导入!V$1),0) -> 2467324.1 | AR2: =VLOOKUP($A2,平滑数据导入!$A$1:$AN$61,COLUMN(平滑数据导入!W$1),0) -> 2532606.2 | ... AX2: =VLOOKUP($A2,平滑数据导入!$A$1:$AN$61,COLUMN(平滑数据导入!AC$1),0) -> 2902558.8 | AY2: =AJ2*(1+情景假设!B6)^15 -> 2957738.4 | AZ2: =VLOOKUP($A2,平滑数据导入!$A$1:$AN$61,COLUMN(平滑数据导入!AE$1),0) -> 3010164.4 | BA2: =VLOOKUP($A2,平滑数据导入!$A$1:$AN$61,COLUMN(平滑数据导入!AF$1),0) -> 3059479.1 | BB2: =VLOOKUP($A2,平滑数据导入!$A$1:$AN$61,COLUMN(平滑数据导入!AG$1),0) -> 3105325 | BC2: =VLOOKUP($A2,平滑数据导入!$A$1:$AN$61,COLUMN(平滑数据导入!AH$1),0) -> 3147350 | BD2: =VLOOKUP($A2,平滑数据导入!$A$1:$AN$61,COLUMN(平滑数据导入!AI$1),0) -> 3185213.2 | BE2: =VLOOKUP($A2,平滑数据导入!$A$1:$AN$61,COLUMN(平滑数据导入!AJ$1),0) -> 3218592.1 | BF2: =VLOOKUP($A2,平滑数据导入!$A$1:$AN$61,COLUMN(平滑数据导入!AK$1),0) -> 3247188.5 | BG2: =VLOOKUP($A2,平滑数据导入!$A$1:$AN$61,COLUMN(平滑数据导入!AL$1),0) -> 3270736.3 | BH2: =VLOOKUP($A2,平滑数据导入!$A$1:$AN$61,COLUMN(平滑数据导入!AM$1),0) -> 3289007.9 | BI2: =AJ2*(1+情景假设!B7)^25 -> 3301821.9
A3: 农业 | B3: ='增加值 (2001-2022, 当年价) '!B3*B$77 -> 29675.937 | C3: ='增加值 (2001-2022, 当年价) '!C3*C$77 -> 30901.469 | D3: ='增加值 (2001-2022, 当年价) '!D3*D$77 -> 31645.386 | E3: ='增加值 (2001-2022, 当年价) '!E3*E$77 -> 36444.641 | F3: ='增加值 (2001-2022, 当年价) '!F3*F$77 -> 36724.408 | G3: ='增加值 (2001-2022, 当年价) '!G3*G$77 -> 37883.921 | H3: ='增加值 (2001-2022, 当年价) '!H3*H$77 -> 41653.225 | I3: ='增加值 (2001-2022, 当年价) '!I3*I$77 -> 45368.998 | ... W3: ='增加值 (2001-2022, 当年价) '!W3*W$77 -> 86574.037 | X3: =VLOOKUP($A3,平滑数据导入!$A$1:$AN$61,COLUMN(平滑数据导入!C$1),0) -> 89593.858 | Y3: =VLOOKUP($A3,平滑数据导入!$A$1:$AN$61,COLUMN(平滑数据导入!D$1),0) -> 93377.236 | Z3: =Z2*情景假设!B15 -> 97776.796 | AA3: =VLOOKUP($A3,平滑数据导入!$A$1:$AN$61,COLUMN(平滑数据导入!F$1),0) -> 102617.73 | AB3: =VLOOKUP($A3,平滑数据导入!$A$1:$AN$61,COLUMN(平滑数据导入!G$1),0) -> 107686.34 | AC3: =VLOOKUP($A3,平滑数据导入!$A$1:$AN$61,COLUMN(平滑数据导入!H$1),0) -> 112722.42 | AD3: =VLOOKUP($A3,平滑数据导入!$A$1:$AN$61,COLUMN(平滑数据导入!I$1),0) -> 117417.05 | AE3: =AE2*情景假设!B16 -> 121418 | AF3: =VLOOKUP($A3,平滑数据导入!$A$1:$AN$61,COLUMN(平滑数据导入!K$1),0) -> 124444.1 | AG3: =VLOOKUP($A3,平滑数据导入!$A$1:$AN$61,COLUMN(平滑数据导入!L$1),0) -> 126621.41 | AH3: =VLOOKUP($A3,平滑数据导入!$A$1:$AN$61,COLUMN(平滑数据导入!M$1),0) -> 128213.07 | AI3: =VLOOKUP($A3,平滑数据导入!$A$1:$AN$61,COLUMN(平滑数据导入!N$1),0) -> 129509.19 | AJ3: =AJ2*情景假设!B17 -> 130816.56 | AK3: =VLOOKUP($A3,平滑数据导入!$A$1:$AN$61,COLUMN(平滑数据导入!P$1),0) -> 132395.57 | AL3: =VLOOKUP($A3,平滑数据导入!$A$1:$AN$61,COLUMN(平滑数据导入!Q$1),0) -> 134277.6 | AM3: =VLOOKUP($A3,平滑数据导入!$A$1:$AN$61,COLUMN(平滑数据导入!R$1),0) -> 136435.66 | AN3: =VLOOKUP($A3,平滑数据导入!$A$1:$AN$61,COLUMN(平滑数据导入!S$1),0) -> 138842.1 | AO3: =VLOOKUP($A3,平滑数据导入!$A$1:$AN$61,COLUMN(平滑数据导入!T$1),0) -> 141468 | AP3: =VLOOKUP($A3,平滑数据导入!$A$1:$AN$61,COLUMN(平滑数据导入!U$1),0) -> 144282.54 | AQ3: =VLOOKUP($A3,平滑数据导入!$A$1:$AN$61,COLUMN(平滑数据导入!V$1),0) -> 147252.5 | AR3: =VLOOKUP($A3,平滑数据导入!$A$1:$AN$61,COLUMN(平滑数据导入!W$1),0) -> 150341.77 | ... AX3: =VLOOKUP($A3,平滑数据导入!$A$1:$AN$61,COLUMN(平滑数据导入!AC$1),0) -> 168927.36 | AY3: =AY2*情景假设!B18 -> 171548.83 | AZ3: =VLOOKUP($A3,平滑数据导入!$A$1:$AN$61,COLUMN(平滑数据导入!AE$1),0) -> 173876.92 | BA3: =VLOOKUP($A3,平滑数据导入!$A$1:$AN$61,COLUMN(平滑数据导入!AF$1),0) -> 175847.94 | BB3: =VLOOKUP($A3,平滑数据导入!$A$1:$AN$61,COLUMN(平滑数据导入!AG$1),0) -> 177397.95 | BC3: =VLOOKUP($A3,平滑数据导入!$A$1:$AN$61,COLUMN(平滑数据导入!AH$1),0) -> 178464.02 | BD3: =VLOOKUP($A3,平滑数据导入!$A$1:$AN$61,COLUMN(平滑数据导入!AI$1),0) -> 178985.68 | BE3: =VLOOKUP($A3,平滑数据导入!$A$1:$AN$61,COLUMN(平滑数据导入!AJ$1),0) -> 178906.55 | BF3: =VLOOKUP($A3,平滑数据导入!$A$1:$AN$61,COLUMN(平滑数据导入!AK$1),0) -> 178176.04 | BG3: =VLOOKUP($A3,平滑数据导入!$A$1:$AN$61,COLUMN(平滑数据导入!AL$1),0) -> 176751.15 | BH3: =VLOOKUP($A3,平滑数据导入!$A$1:$AN$61,COLUMN(平滑数据导入!AM$1),0) -> 174598.25 | BI3: =BI2*情景假设!B19 -> 171694.74
A4: 工业 | B4: ='增加值 (2001-2022, 当年价) '!B4*B$77 -> 82472.589 | C4: ='增加值 (2001-2022, 当年价) '!C4*C$77 -> 89280.442 | D4: ='增加值 (2001-2022, 当年价) '!D4*D$77 -> 100799.64 | E4: ='增加值 (2001-2022, 当年价) '!E4*E$77 -> 111960.03 | F4: ='增加值 (2001-2022, 当年价) '!F4*F$77 -> 127718.9 | G4: ='增加值 (2001-2022, 当年价) '!G4*G$77 -> 145373.42 | H4: ='增加值 (2001-2022, 当年价) '!H4*H$77 -> 163331.38 | I4: ='增加值 (2001-2022, 当年价) '!I4*I$77 -> 178777.31 | ... W4: ='增加值 (2001-2022, 当年价) '!W4*W$77 -> 375578.61 | X4: =VLOOKUP($A4,平滑数据导入!$A$1:$AN$61,COLUMN(平滑数据导入!C$1),0) -> 390173.76 | Y4: =VLOOKUP($A4,平滑数据导入!$A$1:$AN$61,COLUMN(平滑数据导入!D$1),0) -> 405076.36 | Z4: =Z2*情景假设!D15 -> 420175.96 | AA4: =VLOOKUP($A4,平滑数据导入!$A$1:$AN$61,COLUMN(平滑数据导入!F$1),0) -> 435354.15 | AB4: =VLOOKUP($A4,平滑数据导入!$A$1:$AN$61,COLUMN(平滑数据导入!G$1),0) -> 450482.34 | AC4: =VLOOKUP($A4,平滑数据导入!$A$1:$AN$61,COLUMN(平滑数据导入!H$1),0) -> 465420.25 | AD4: =VLOOKUP($A4,平滑数据导入!$A$1:$AN$61,COLUMN(平滑数据导入!I$1),0) -> 480015.42 | AE4: =AE2*情景假设!D16 -> 494103.81 | AF4: =VLOOKUP($A4,平滑数据导入!$A$1:$AN$61,COLUMN(平滑数据导入!K$1),0) -> 507532.59 | AG4: =VLOOKUP($A4,平滑数据导入!$A$1:$AN$61,COLUMN(平滑数据导入!L$1),0) -> 520228.48 | AH4: =VLOOKUP($A4,平滑数据导入!$A$1:$AN$61,COLUMN(平滑数据导入!M$1),0) -> 532142.76 | AI4: =VLOOKUP($A4,平滑数据导入!$A$1:$AN$61,COLUMN(平滑数据导入!N$1),0) -> 543231.31 | AJ4: =AJ2*情景假设!D17 -> 553454.66 | AK4: =VLOOKUP($A4,平滑数据导入!$A$1:$AN$61,COLUMN(平滑数据导入!P$1),0) -> 562783.57 | AL4: =VLOOKUP($A4,平滑数据导入!$A$1:$AN$61,COLUMN(平滑数据导入!Q$1),0) -> 571217.09 | AM4: =VLOOKUP($A4,平滑数据导入!$A$1:$AN$61,COLUMN(平滑数据导入!R$1),0) -> 578768.78 | AN4: =VLOOKUP($A4,平滑数据导入!$A$1:$AN$61,COLUMN(平滑数据导入!S$1),0) -> 585461.07 | AO4: =VLOOKUP($A4,平滑数据导入!$A$1:$AN$61,COLUMN(平滑数据导入!T$1),0) -> 591324.45 | AP4: =VLOOKUP($A4,平滑数据导入!$A$1:$AN$61,COLUMN(平滑数据导入!U$1),0) -> 596396.74 | AQ4: =VLOOKUP($A4,平滑数据导入!$A$1:$AN$61,COLUMN(平滑数据导入!V$1),0) -> 600722.16 | AR4: =VLOOKUP($A4,平滑数据导入!$A$1:$AN$61,COLUMN(平滑数据导入!W$1),0) -> 604350.52 | ... AX4: =VLOOKUP($A4,平滑数据导入!$A$1:$AN$61,COLUMN(平滑数据导入!AC$1),0) -> 614766.03 | AY4: =AY2*情景假设!D18 -> 615209.6 | AZ4: =VLOOKUP($A4,平滑数据导入!$A$1:$AN$61,COLUMN(平滑数据导入!AE$1),0) -> 615463.74 | BA4: =VLOOKUP($A4,平滑数据导入!$A$1:$AN$61,COLUMN(平滑数据导入!AF$1),0) -> 615597.33 | BB4: =VLOOKUP($A4,平滑数据导入!$A$1:$AN$61,COLUMN(平滑数据导入!AG$1),0) -> 615679.48 | BC4: =VLOOKUP($A4,平滑数据导入!$A$1:$AN$61,COLUMN(平滑数据导入!AH$1),0) -> 615779.6 | BD4: =VLOOKUP($A4,平滑数据导入!$A$1:$AN$61,COLUMN(平滑数据导入!AI$1),0) -> 615967.53 | BE4: =VLOOKUP($A4,平滑数据导入!$A$1:$AN$61,COLUMN(平滑数据导入!AJ$1),0) -> 616313.8 | BF4: =VLOOKUP($A4,平滑数据导入!$A$1:$AN$61,COLUMN(平滑数据导入!AK$1),0) -> 616890 | BG4: =VLOOKUP($A4,平滑数据导入!$A$1:$AN$61,COLUMN(平滑数据导入!AL$1),0) -> 617769.34 | BH4: =VLOOKUP($A4,平滑数据导入!$A$1:$AN$61,COLUMN(平滑数据导入!AM$1),0) -> 619027.31 | BI4: =BI2*情景假设!D19 -> 620742.52
A5: 建筑业 | B5: ='增加值 (2001-2022, 当年价) '!B5*B$77 -> 11181.133 | C5: ='增加值 (2001-2022, 当年价) '!C5*C$77 -> 12113.573 | D5: ='增加值 (2001-2022, 当年价) '!D5*D$77 -> 13675.142 | E5: ='增加值 (2001-2022, 当年价) '!E5*E$77 -> 14843.769 | F5: ='增加值 (2001-2022, 当年价) '!F5*F$77 -> 17039.115 | G5: ='增加值 (2001-2022, 当年价) '!G5*G$77 -> 19622.681 | H5: ='增加值 (2001-2022, 当年价) '!H5*H$77 -> 22444.194 | I5: ='增加值 (2001-2022, 当年价) '!I5*I$77 -> 25525.889 | ... W5: ='增加值 (2001-2022, 当年价) '!W5*W$77 -> 77971.749 | X5: =VLOOKUP($A5,平滑数据导入!$A$1:$AN$61,COLUMN(平滑数据导入!C$1),0) -> 81718.592 | Y5: =VLOOKUP($A5,平滑数据导入!$A$1:$AN$61,COLUMN(平滑数据导入!D$1),0) -> 85700.351 | Z5: =Z2*情景假设!E15 -> 89848.948 | AA5: =VLOOKUP($A5,平滑数据导入!$A$1:$AN$61,COLUMN(平滑数据导入!F$1),0) -> 94081.146 | AB5: =VLOOKUP($A5,平滑数据导入!$A$1:$AN$61,COLUMN(平滑数据导入!G$1),0) -> 98297.382 | AC5: =VLOOKUP($A5,平滑数据导入!$A$1:$AN$61,COLUMN(平滑数据导入!H$1),0) -> 102381.53 | AD5: =VLOOKUP($A5,平滑数据导入!$A$1:$AN$61,COLUMN(平滑数据导入!I$1),0) -> 106201.85 | AE5: =AE2*情景假设!E16 -> 109613.47 | AF5: =VLOOKUP($A5,平滑数据导入!$A$1:$AN$61,COLUMN(平滑数据导入!K$1),0) -> 112504.74 | AG5: =VLOOKUP($A5,平滑数据导入!$A$1:$AN$61,COLUMN(平滑数据导入!L$1),0) -> 114936.71 | AH5: =VLOOKUP($A5,平滑数据导入!$A$1:$AN$61,COLUMN(平滑数据导入!M$1),0) -> 117029.93 | AI5: =VLOOKUP($A5,平滑数据导入!$A$1:$AN$61,COLUMN(平滑数据导入!N$1),0) -> 118919.89 | AJ5: =AJ2*情景假设!E17 -> 120753.74 | AK5: =VLOOKUP($A5,平滑数据导入!$A$1:$AN$61,COLUMN(平滑数据导入!P$1),0) -> 122659.84 | AL5: =VLOOKUP($A5,平滑数据导入!$A$1:$AN$61,COLUMN(平滑数据导入!Q$1),0) -> 124657.65 | AM5: =VLOOKUP($A5,平滑数据导入!$A$1:$AN$61,COLUMN(平滑数据导入!R$1),0) -> 126738.16 | AN5: =VLOOKUP($A5,平滑数据导入!$A$1:$AN$61,COLUMN(平滑数据导入!S$1),0) -> 128891.68 | AO5: =VLOOKUP($A5,平滑数据导入!$A$1:$AN$61,COLUMN(平滑数据导入!T$1),0) -> 131107.78 | AP5: =VLOOKUP($A5,平滑数据导入!$A$1:$AN$61,COLUMN(平滑数据导入!U$1),0) -> 133375.25 | AQ5: =VLOOKUP($A5,平滑数据导入!$A$1:$AN$61,COLUMN(平滑数据导入!V$1),0) -> 135682.03 | AR5: =VLOOKUP($A5,平滑数据导入!$A$1:$AN$61,COLUMN(平滑数据导入!W$1),0) -> 138015.18 | ... AX5: =VLOOKUP($A5,平滑数据导入!$A$1:$AN$61,COLUMN(平滑数据导入!AC$1),0) -> 151725.2 | AY5: =AY2*情景假设!E18 -> 153802.4 | AZ5: =VLOOKUP($A5,平滑数据导入!$A$1:$AN$61,COLUMN(平滑数据导入!AE$1),0) -> 155769.62 | BA5: =VLOOKUP($A5,平滑数据导入!$A$1:$AN$61,COLUMN(平滑数据导入!AF$1),0) -> 157606.38 | BB5: =VLOOKUP($A5,平滑数据导入!$A$1:$AN$61,COLUMN(平滑数据导入!AG$1),0) -> 159291.75 | BC5: =VLOOKUP($A5,平滑数据导入!$A$1:$AN$61,COLUMN(平滑数据导入!AH$1),0) -> 160804.56 | BD5: =VLOOKUP($A5,平滑数据导入!$A$1:$AN$61,COLUMN(平滑数据导入!AI$1),0) -> 162123.55 | BE5: =VLOOKUP($A5,平滑数据导入!$A$1:$AN$61,COLUMN(平滑数据导入!AJ$1),0) -> 163227.61 | BF5: =VLOOKUP($A5,平滑数据导入!$A$1:$AN$61,COLUMN(平滑数据导入!AK$1),0) -> 164096.02 | BG5: =VLOOKUP($A5,平滑数据导入!$A$1:$AN$61,COLUMN(平滑数据导入!AL$1),0) -> 164708.66 | BH5: =VLOOKUP($A5,平滑数据导入!$A$1:$AN$61,COLUMN(平滑数据导入!AM$1),0) -> 165046.36 | BI5: =BI2*情景假设!E19 -> 165091.1
A6: 交运仓邮 | B6: ='增加值 (2001-2022, 当年价) '!B6*B$77 -> 12922.197 | C6: ='增加值 (2001-2022, 当年价) '!C6*C$77 -> 14005.145 | D6: ='增加值 (2001-2022, 当年价) '!D6*D$77 -> 14410.717 | E6: ='增加值 (2001-2022, 当年价) '!E6*E$77 -> 15841.241 | F6: ='增加值 (2001-2022, 当年价) '!F6*F$77 -> 17478.67 | G6: ='增加值 (2001-2022, 当年价) '!G6*G$77 -> 19206.904 | H6: ='增加值 (2001-2022, 当年价) '!H6*H$77 -> 21357.812 | I6: ='增加值 (2001-2022, 当年价) '!I6*I$77 -> 22214.293 | ... W6: ='增加值 (2001-2022, 当年价) '!W6*W$77 -> 46450.003 | X6: =VLOOKUP($A6,平滑数据导入!$A$1:$AN$61,COLUMN(平滑数据导入!C$1),0) -> 48311.096 | Y6: =VLOOKUP($A6,平滑数据导入!$A$1:$AN$61,COLUMN(平滑数据导入!D$1),0) -> 50291.271 | Z6: =Z57 -> 52364.67 | AA6: =VLOOKUP($A6,平滑数据导入!$A$1:$AN$61,COLUMN(平滑数据导入!F$1),0) -> 54500.397 | AB6: =VLOOKUP($A6,平滑数据导入!$A$1:$AN$61,COLUMN(平滑数据导入!G$1),0) -> 56662.006 | AC6: =VLOOKUP($A6,平滑数据导入!$A$1:$AN$61,COLUMN(平滑数据导入!H$1),0) -> 58807.227 | AD6: =VLOOKUP($A6,平滑数据导入!$A$1:$AN$61,COLUMN(平滑数据导入!I$1),0) -> 60887.956 | AE6: =AE57 -> 62850.612 | AF6: =VLOOKUP($A6,平滑数据导入!$A$1:$AN$61,COLUMN(平滑数据导入!K$1),0) -> 64650.658 | AG6: =VLOOKUP($A6,平滑数据导入!$A$1:$AN$61,COLUMN(平滑数据导入!L$1),0) -> 66297.833 | AH6: =VLOOKUP($A6,平滑数据导入!$A$1:$AN$61,COLUMN(平滑数据导入!M$1),0) -> 67820.15 | AI6: =VLOOKUP($A6,平滑数据导入!$A$1:$AN$61,COLUMN(平滑数据导入!N$1),0) -> 69250.232 | AJ6: =AJ57 -> 70624.741 | AK6: =VLOOKUP($A6,平滑数据导入!$A$1:$AN$61,COLUMN(平滑数据导入!P$1),0) -> 71975.237 | AL6: =VLOOKUP($A6,平滑数据导入!$A$1:$AN$61,COLUMN(平滑数据导入!Q$1),0) -> 73300.506 | AM6: =VLOOKUP($A6,平滑数据导入!$A$1:$AN$61,COLUMN(平滑数据导入!R$1),0) -> 74590.395 | AN6: =VLOOKUP($A6,平滑数据导入!$A$1:$AN$61,COLUMN(平滑数据导入!S$1),0) -> 75834.238 | AO6: =VLOOKUP($A6,平滑数据导入!$A$1:$AN$61,COLUMN(平滑数据导入!T$1),0) -> 77020.914 | AP6: =VLOOKUP($A6,平滑数据导入!$A$1:$AN$61,COLUMN(平滑数据导入!U$1),0) -> 78138.909 | AQ6: =VLOOKUP($A6,平滑数据导入!$A$1:$AN$61,COLUMN(平滑数据导入!V$1),0) -> 79176.407 | AR6: =VLOOKUP($A6,平滑数据导入!$A$1:$AN$61,COLUMN(平滑数据导入!W$1),0) -> 80121.382 | ... AX6: =VLOOKUP($A6,平滑数据导入!$A$1:$AN$61,COLUMN(平滑数据导入!AC$1),0) -> 83180.258 | AY6: =AY57 -> 83150.758 | AZ6: =VLOOKUP($A6,平滑数据导入!$A$1:$AN$61,COLUMN(平滑数据导入!AE$1),0) -> 82941.478 | BA6: =VLOOKUP($A6,平滑数据导入!$A$1:$AN$61,COLUMN(平滑数据导入!AF$1),0) -> 82545.112 | BB6: =VLOOKUP($A6,平滑数据导入!$A$1:$AN$61,COLUMN(平滑数据导入!AG$1),0) -> 81955.747 | BC6: =VLOOKUP($A6,平滑数据导入!$A$1:$AN$61,COLUMN(平滑数据导入!AH$1),0) -> 81169.03 | BD6: =VLOOKUP($A6,平滑数据导入!$A$1:$AN$61,COLUMN(平滑数据导入!AI$1),0) -> 80182.318 | BE6: =VLOOKUP($A6,平滑数据导入!$A$1:$AN$61,COLUMN(平滑数据导入!AJ$1),0) -> 78994.818 | BF6: =VLOOKUP($A6,平滑数据导入!$A$1:$AN$61,COLUMN(平滑数据导入!AK$1),0) -> 77607.692 | BG6: =VLOOKUP($A6,平滑数据导入!$A$1:$AN$61,COLUMN(平滑数据导入!AL$1),0) -> 76024.141 | BH6: =VLOOKUP($A6,平滑数据导入!$A$1:$AN$61,COLUMN(平滑数据导入!AM$1),0) -> 74249.46 | BI6: =BI57 -> 72291.048
A7: 批发零售 | B7: ='增加值 (2001-2022, 当年价) '!B7*B$77 -> 17152.616 | C7: ='增加值 (2001-2022, 当年价) '!C7*C$77 -> 18681.75 | D7: ='增加值 (2001-2022, 当年价) '!D7*D$77 -> 20339.743 | E7: ='增加值 (2001-2022, 当年价) '!E7*E$77 -> 21201.883 | F7: ='增加值 (2001-2022, 当年价) '!F7*F$77 -> 22884.561 | G7: ='增加值 (2001-2022, 当年价) '!G7*G$77 -> 26058.396 | H7: ='增加值 (2001-2022, 当年价) '!H7*H$77 -> 30623.281 | I7: ='增加值 (2001-2022, 当年价) '!I7*I$77 -> 35540.209 | ... W7: ='增加值 (2001-2022, 当年价) '!W7*W$77 -> 107085.79 | X7: =VLOOKUP($A7,平滑数据导入!$A$1:$AN$61,COLUMN(平滑数据导入!C$1),0) -> 111656.94 | Y7: =VLOOKUP($A7,平滑数据导入!$A$1:$AN$61,COLUMN(平滑数据导入!D$1),0) -> 116516.9 | Z7: =Z58 -> 121606.9 | AA7: =VLOOKUP($A7,平滑数据导入!$A$1:$AN$61,COLUMN(平滑数据导入!F$1),0) -> 126855.82 | AB7: =VLOOKUP($A7,平滑数据导入!$A$1:$AN$61,COLUMN(平滑数据导入!G$1),0) -> 132178.92 | AC7: =VLOOKUP($A7,平滑数据导入!$A$1:$AN$61,COLUMN(平滑数据导入!H$1),0) -> 137477.11 | AD7: =VLOOKUP($A7,平滑数据导入!$A$1:$AN$61,COLUMN(平滑数据导入!I$1),0) -> 142636.87 | AE7: =AE58 -> 147530.97 | AF7: =VLOOKUP($A7,平滑数据导入!$A$1:$AN$61,COLUMN(平滑数据导入!K$1),0) -> 152052.59 | AG7: =VLOOKUP($A7,平滑数据导入!$A$1:$AN$61,COLUMN(平滑数据导入!L$1),0) -> 156222.33 | AH7: =VLOOKUP($A7,平滑数据导入!$A$1:$AN$61,COLUMN(平滑数据导入!M$1),0) -> 160104.26 | AI7: =VLOOKUP($A7,平滑数据导入!$A$1:$AN$61,COLUMN(平滑数据导入!N$1),0) -> 163774.05 | AJ7: =AJ58 -> 167317.58 | AK7: =VLOOKUP($A7,平滑数据导入!$A$1:$AN$61,COLUMN(平滑数据导入!P$1),0) -> 170809.32 | AL7: =VLOOKUP($A7,平滑数据导入!$A$1:$AN$61,COLUMN(平滑数据导入!Q$1),0) -> 174246.24 | AM7: =VLOOKUP($A7,平滑数据导入!$A$1:$AN$61,COLUMN(平滑数据导入!R$1),0) -> 177604.05 | AN7: =VLOOKUP($A7,平滑数据导入!$A$1:$AN$61,COLUMN(平滑数据导入!S$1),0) -> 180857.12 | AO7: =VLOOKUP($A7,平滑数据导入!$A$1:$AN$61,COLUMN(平滑数据导入!T$1),0) -> 183978.61 | AP7: =VLOOKUP($A7,平滑数据导入!$A$1:$AN$61,COLUMN(平滑数据导入!U$1),0) -> 186940.66 | AQ7: =VLOOKUP($A7,平滑数据导入!$A$1:$AN$61,COLUMN(平滑数据导入!V$1),0) -> 189714.54 | AR7: =VLOOKUP($A7,平滑数据导入!$A$1:$AN$61,COLUMN(平滑数据导入!W$1),0) -> 192270.9 | ... AX7: =VLOOKUP($A7,平滑数据导入!$A$1:$AN$61,COLUMN(平滑数据导入!AC$1),0) -> 201395.08 | AY7: =AY58 -> 201620.3 | AZ7: =VLOOKUP($A7,平滑数据导入!$A$1:$AN$61,COLUMN(平滑数据导入!AE$1),0) -> 201410.17 | BA7: =VLOOKUP($A7,平滑数据导入!$A$1:$AN$61,COLUMN(平滑数据导入!AF$1),0) -> 200745.56 | BB7: =VLOOKUP($A7,平滑数据导入!$A$1:$AN$61,COLUMN(平滑数据导入!AG$1),0) -> 199610.63 | BC7: =VLOOKUP($A7,平滑数据导入!$A$1:$AN$61,COLUMN(平滑数据导入!AH$1),0) -> 197993.18 | BD7: =VLOOKUP($A7,平滑数据导入!$A$1:$AN$61,COLUMN(平滑数据导入!AI$1),0) -> 195885.07 | BE7: =VLOOKUP($A7,平滑数据导入!$A$1:$AN$61,COLUMN(平滑数据导入!AJ$1),0) -> 193282.57 | BF7: =VLOOKUP($A7,平滑数据导入!$A$1:$AN$61,COLUMN(平滑数据导入!AK$1),0) -> 190186.65 | BG7: =VLOOKUP($A7,平滑数据导入!$A$1:$AN$61,COLUMN(平滑数据导入!AL$1),0) -> 186603.17 | BH7: =VLOOKUP($A7,平滑数据导入!$A$1:$AN$61,COLUMN(平滑数据导入!AM$1),0) -> 182543.07 | BI7: =BI58 -> 178022.45
A8: 餐饮住宿 | B8: ='增加值 (2001-2022, 当年价) '!B8*B$77 -> 4513.6386 | C8: ='增加值 (2001-2022, 当年价) '!C8*C$77 -> 5092.0326 | D8: ='增加值 (2001-2022, 当年价) '!D8*D$77 -> 5691.7852 | E8: ='增加值 (2001-2022, 当年价) '!E8*E$77 -> 6238.1109 | F8: ='增加值 (2001-2022, 当年价) '!F8*F$77 -> 6873.8055 | G8: ='增加值 (2001-2022, 当年价) '!G8*G$77 -> 7553.6469 | H8: ='增加值 (2001-2022, 当年价) '!H8*H$77 -> 8113.2808 | I8: ='增加值 (2001-2022, 当年价) '!I8*I$77 -> 8979.4463 | ... W8: ='增加值 (2001-2022, 当年价) '!W8*W$77 -> 16696.536 | X8: =VLOOKUP($A8,平滑数据导入!$A$1:$AN$61,COLUMN(平滑数据导入!C$1),0) -> 17477.111 | Y8: =VLOOKUP($A8,平滑数据导入!$A$1:$AN$61,COLUMN(平滑数据导入!D$1),0) -> 18306.608 | Z8: =Z59 -> 19176.081 | AA8: =VLOOKUP($A8,平滑数据导入!$A$1:$AN$61,COLUMN(平滑数据导入!F$1),0) -> 20074.482 | AB8: =VLOOKUP($A8,平滑数据导入!$A$1:$AN$61,COLUMN(平滑数据导入!G$1),0) -> 20988.439 | AC8: =VLOOKUP($A8,平滑数据导入!$A$1:$AN$61,COLUMN(平滑数据导入!H$1),0) -> 21902.112 | AD8: =VLOOKUP($A8,平滑数据导入!$A$1:$AN$61,COLUMN(平滑数据导入!I$1),0) -> 22797.157 | AE8: =AE59 -> 23652.825 | AF8: =VLOOKUP($A8,平滑数据导入!$A$1:$AN$61,COLUMN(平滑数据导入!K$1),0) -> 24451.437 | AG8: =VLOOKUP($A8,平滑数据导入!$A$1:$AN$61,COLUMN(平滑数据导入!L$1),0) -> 25195.724 | AH8: =VLOOKUP($A8,平滑数据导入!$A$1:$AN$61,COLUMN(平滑数据导入!M$1),0) -> 25895.546 | AI8: =VLOOKUP($A8,平滑数据导入!$A$1:$AN$61,COLUMN(平滑数据导入!N$1),0) -> 26562.797 | AJ8: =AJ59 -> 27211.202 | AK8: =VLOOKUP($A8,平滑数据导入!$A$1:$AN$61,COLUMN(平滑数据导入!P$1),0) -> 27852.789 | AL8: =VLOOKUP($A8,平滑数据导入!$A$1:$AN$61,COLUMN(平滑数据导入!Q$1),0) -> 28487.032 | AM8: =VLOOKUP($A8,平滑数据导入!$A$1:$AN$61,COLUMN(平滑数据导入!R$1),0) -> 29109.916 | AN8: =VLOOKUP($A8,平滑数据导入!$A$1:$AN$61,COLUMN(平滑数据导入!S$1),0) -> 29717.182 | AO8: =VLOOKUP($A8,平滑数据导入!$A$1:$AN$61,COLUMN(平滑数据导入!T$1),0) -> 30304.343 | AP8: =VLOOKUP($A8,平滑数据导入!$A$1:$AN$61,COLUMN(平滑数据导入!U$1),0) -> 30866.713 | AQ8: =VLOOKUP($A8,平滑数据导入!$A$1:$AN$61,COLUMN(平滑数据导入!V$1),0) -> 31399.435 | AR8: =VLOOKUP($A8,平滑数据导入!$A$1:$AN$61,COLUMN(平滑数据导入!W$1),0) -> 31897.519 | ... AX8: =VLOOKUP($A8,平滑数据导入!$A$1:$AN$61,COLUMN(平滑数据导入!AC$1),0) -> 33874.513 | AY8: =AY59 -> 33989.781 | AZ8: =VLOOKUP($A8,平滑数据导入!$A$1:$AN$61,COLUMN(平滑数据导入!AE$1),0) -> 34032.095 | BA8: =VLOOKUP($A8,平滑数据导入!$A$1:$AN$61,COLUMN(平滑数据导入!AF$1),0) -> 33997.87 | BB8: =VLOOKUP($A8,平滑数据导入!$A$1:$AN$61,COLUMN(平滑数据导入!AG$1),0) -> 33884.034 | BC8: =VLOOKUP($A8,平滑数据导入!$A$1:$AN$61,COLUMN(平滑数据导入!AH$1),0) -> 33688.103 | BD8: =VLOOKUP($A8,平滑数据导入!$A$1:$AN$61,COLUMN(平滑数据导入!AI$1),0) -> 33408.251 | BE8: =VLOOKUP($A8,平滑数据导入!$A$1:$AN$61,COLUMN(平滑数据导入!AJ$1),0) -> 33043.369 | BF8: =VLOOKUP($A8,平滑数据导入!$A$1:$AN$61,COLUMN(平滑数据导入!AK$1),0) -> 32593.123 | BG8: =VLOOKUP($A8,平滑数据导入!$A$1:$AN$61,COLUMN(平滑数据导入!AL$1),0) -> 32057.998 | BH8: =VLOOKUP($A8,平滑数据导入!$A$1:$AN$61,COLUMN(平滑数据导入!AM$1),0) -> 31439.327 | BI8: =BI59 -> 30739.316
A9: 金融业 | B9: ='增加值 (2001-2022, 当年价) '!B9*B$77 -> 9784.4085 | C9: ='增加值 (2001-2022, 当年价) '!C9*C$77 -> 10382.529 | D9: ='增加值 (2001-2022, 当年价) '!D9*D$77 -> 11007.59 | E9: ='增加值 (2001-2022, 当年价) '!E9*E$77 -> 11234.659 | F9: ='增加值 (2001-2022, 当年价) '!F9*F$77 -> 12264.296 | G9: ='增加值 (2001-2022, 当年价) '!G9*G$77 -> 15717.405 | H9: ='增加值 (2001-2022, 当年价) '!H9*H$77 -> 22227.766 | I9: ='增加值 (2001-2022, 当年价) '!I9*I$77 -> 24898.857 | ... W9: ='增加值 (2001-2022, 当年价) '!W9*W$77 -> 90528.212 | X9: =VLOOKUP($A9,平滑数据导入!$A$1:$AN$61,COLUMN(平滑数据导入!C$1),0) -> 94538.416 | Y9: =VLOOKUP($A9,平滑数据导入!$A$1:$AN$61,COLUMN(平滑数据导入!D$1),0) -> 99116.204 | Z9: =Z60 -> 104190.44 | AA9: =VLOOKUP($A9,平滑数据导入!$A$1:$AN$61,COLUMN(平滑数据导入!F$1),0) -> 109671.28 | AB9: =VLOOKUP($A9,平滑数据导入!$A$1:$AN$61,COLUMN(平滑数据导入!G$1),0) -> 115444.88 | AC9: =VLOOKUP($A9,平滑数据导入!$A$1:$AN$61,COLUMN(平滑数据导入!H$1),0) -> 121369.08 | AD9: =VLOOKUP($A9,平滑数据导入!$A$1:$AN$61,COLUMN(平滑数据导入!I$1),0) -> 127270.58 | AE9: =AE60 -> 132944.21 | AF9: =VLOOKUP($A9,平滑数据导入!$A$1:$AN$61,COLUMN(平滑数据导入!K$1),0) -> 138200.16 | AG9: =VLOOKUP($A9,平滑数据导入!$A$1:$AN$61,COLUMN(平滑数据导入!L$1),0) -> 143016.7 | AH9: =VLOOKUP($A9,平滑数据导入!$A$1:$AN$61,COLUMN(平滑数据导入!M$1),0) -> 147430.28 | AI9: =VLOOKUP($A9,平滑数据导入!$A$1:$AN$61,COLUMN(平滑数据导入!N$1),0) -> 151492.47 | AJ9: =AJ60 -> 155268.2 | AK9: =VLOOKUP($A9,平滑数据导入!$A$1:$AN$61,COLUMN(平滑数据导入!P$1),0) -> 158816.72 | AL9: =VLOOKUP($A9,平滑数据导入!$A$1:$AN$61,COLUMN(平滑数据导入!Q$1),0) -> 162135.13 | AM9: =VLOOKUP($A9,平滑数据导入!$A$1:$AN$61,COLUMN(平滑数据导入!R$1),0) -> 165204.81 | AN9: =VLOOKUP($A9,平滑数据导入!$A$1:$AN$61,COLUMN(平滑数据导入!S$1),0) -> 168008.14 | AO9: =VLOOKUP($A9,平滑数据导入!$A$1:$AN$61,COLUMN(平滑数据导入!T$1),0) -> 170528.7 | AP9: =VLOOKUP($A9,平滑数据导入!$A$1:$AN$61,COLUMN(平滑数据导入!U$1),0) -> 172751.41 | AQ9: =VLOOKUP($A9,平滑数据导入!$A$1:$AN$61,COLUMN(平滑数据导入!V$1),0) -> 174662.66 | AR9: =VLOOKUP($A9,平滑数据导入!$A$1:$AN$61,COLUMN(平滑数据导入!W$1),0) -> 176250.51 | ... AX9: =VLOOKUP($A9,平滑数据导入!$A$1:$AN$61,COLUMN(平滑数据导入!AC$1),0) -> 178548.67 | AY9: =AY60 -> 177696.05 | AZ9: =VLOOKUP($A9,平滑数据导入!$A$1:$AN$61,COLUMN(平滑数据导入!AE$1),0) -> 176494.11 | BA9: =VLOOKUP($A9,平滑数据导入!$A$1:$AN$61,COLUMN(平滑数据导入!AF$1),0) -> 174948.97 | BB9: =VLOOKUP($A9,平滑数据导入!$A$1:$AN$61,COLUMN(平滑数据导入!AG$1),0) -> 173068.77 | BC9: =VLOOKUP($A9,平滑数据导入!$A$1:$AN$61,COLUMN(平滑数据导入!AH$1),0) -> 170863.62 | BD9: =VLOOKUP($A9,平滑数据导入!$A$1:$AN$61,COLUMN(平滑数据导入!AI$1),0) -> 168345.51 | BE9: =VLOOKUP($A9,平滑数据导入!$A$1:$AN$61,COLUMN(平滑数据导入!AJ$1),0) -> 165528.17 | BF9: =VLOOKUP($A9,平滑数据导入!$A$1:$AN$61,COLUMN(平滑数据导入!AK$1),0) -> 162426.99 | BG9: =VLOOKUP($A9,平滑数据导入!$A$1:$AN$61,COLUMN(平滑数据导入!AL$1),0) -> 159058.83 | BH9: =VLOOKUP($A9,平滑数据导入!$A$1:$AN$61,COLUMN(平滑数据导入!AM$1),0) -> 155441.92 | BI9: =BI60 -> 151595.63
A10: 房地产 | B10: ='增加值 (2001-2022, 当年价) '!B10*B$77 -> 8849.7481 | C10: ='增加值 (2001-2022, 当年价) '!C10*C$77 -> 9968.9695 | D10: ='增加值 (2001-2022, 当年价) '!D10*D$77 -> 11210.237 | E10: ='增加值 (2001-2022, 当年价) '!E10*E$77 -> 12174.087 | F10: ='增加值 (2001-2022, 当年价) '!F10*F$77 -> 13897.188 | G10: ='增加值 (2001-2022, 当年价) '!G10*G$77 -> 16266.835 | H10: ='增加值 (2001-2022, 当年价) '!H10*H$77 -> 20054.709 | I10: ='增加值 (2001-2022, 当年价) '!I10*I$77 -> 19815.693 | ... W10: ='增加值 (2001-2022, 当年价) '!W10*W$77 -> 69030.485 | X10: =VLOOKUP($A10,平滑数据导入!$A$1:$AN$61,COLUMN(平滑数据导入!C$1),0) -> 72436.597 | Y10: =VLOOKUP($A10,平滑数据导入!$A$1:$AN$61,COLUMN(平滑数据导入!D$1),0) -> 76029.801 | Z10: =Z61 -> 79764.747 | AA10: =VLOOKUP($A10,平滑数据导入!$A$1:$AN$61,COLUMN(平滑数据导入!F$1),0) -> 83585.718 | AB10: =VLOOKUP($A10,平滑数据导入!$A$1:$AN$61,COLUMN(平滑数据导入!G$1),0) -> 87425.823 | AC10: =VLOOKUP($A10,平滑数据导入!$A$1:$AN$61,COLUMN(平滑数据导入!H$1),0) -> 91206.664 | AD10: =VLOOKUP($A10,平滑数据导入!$A$1:$AN$61,COLUMN(平滑数据导入!I$1),0) -> 94838.62 | AE10: =AE61 -> 98221.895 | AF10: =VLOOKUP($A10,平滑数据导入!$A$1:$AN$61,COLUMN(平滑数据导入!K$1),0) -> 101277.6 | AG10: =VLOOKUP($A10,平滑数据导入!$A$1:$AN$61,COLUMN(平滑数据导入!L$1),0) -> 104044.21 | AH10: =VLOOKUP($A10,平滑数据导入!$A$1:$AN$61,COLUMN(平滑数据导入!M$1),0) -> 106601.73 | AI10: =VLOOKUP($A10,平滑数据导入!$A$1:$AN$61,COLUMN(平滑数据导入!N$1),0) -> 109042.24 | AJ10: =AJ61 -> 111468.42 | AK10: =VLOOKUP($A10,平滑数据导入!$A$1:$AN$61,COLUMN(平滑数据导入!P$1),0) -> 113970.18 | AL10: =VLOOKUP($A10,平滑数据导入!$A$1:$AN$61,COLUMN(平滑数据导入!Q$1),0) -> 116552.62 | AM10: =VLOOKUP($A10,平滑数据导入!$A$1:$AN$61,COLUMN(平滑数据导入!R$1),0) -> 119197.4 | AN10: =VLOOKUP($A10,平滑数据导入!$A$1:$AN$61,COLUMN(平滑数据导入!S$1),0) -> 121884.35 | AO10: =VLOOKUP($A10,平滑数据导入!$A$1:$AN$61,COLUMN(平滑数据导入!T$1),0) -> 124591.4 | AP10: =VLOOKUP($A10,平滑数据导入!$A$1:$AN$61,COLUMN(平滑数据导入!U$1),0) -> 127294.48 | AQ10: =VLOOKUP($A10,平滑数据导入!$A$1:$AN$61,COLUMN(平滑数据导入!V$1),0) -> 129967.58 | AR10: =VLOOKUP($A10,平滑数据导入!$A$1:$AN$61,COLUMN(平滑数据导入!W$1),0) -> 132582.71 | ... AX10: =VLOOKUP($A10,平滑数据导入!$A$1:$AN$61,COLUMN(平滑数据导入!AC$1),0) -> 145282.27 | AY10: =AY61 -> 146581.55 | AZ10: =VLOOKUP($A10,平滑数据导入!$A$1:$AN$61,COLUMN(平滑数据导入!AE$1),0) -> 147554.47 | BA10: =VLOOKUP($A10,平滑数据导入!$A$1:$AN$61,COLUMN(平滑数据导入!AF$1),0) -> 148167.97 | BB10: =VLOOKUP($A10,平滑数据导入!$A$1:$AN$61,COLUMN(平滑数据导入!AG$1),0) -> 148391.04 | BC10: =VLOOKUP($A10,平滑数据导入!$A$1:$AN$61,COLUMN(平滑数据导入!AH$1),0) -> 148195.47 | BD10: =VLOOKUP($A10,平滑数据导入!$A$1:$AN$61,COLUMN(平滑数据导入!AI$1),0) -> 147556.57 | BE10: =VLOOKUP($A10,平滑数据导入!$A$1:$AN$61,COLUMN(平滑数据导入!AJ$1),0) -> 146453.93 | BF10: =VLOOKUP($A10,平滑数据导入!$A$1:$AN$61,COLUMN(平滑数据导入!AK$1),0) -> 144872.14 | BG10: =VLOOKUP($A10,平滑数据导入!$A$1:$AN$61,COLUMN(平滑数据导入!AL$1),0) -> 142801.45 | BH10: =VLOOKUP($A10,平滑数据导入!$A$1:$AN$61,COLUMN(平滑数据导入!AM$1),0) -> 140238.32 | BI10: =BI61 -> 137185.96
A11: 其他三产 | B11: ='增加值 (2001-2022, 当年价) '!B11*B$77 -> 31937.552 | C11: ='增加值 (2001-2022, 当年价) '!C11*C$77 -> 37036.464 | D11: ='增加值 (2001-2022, 当年价) '!D11*D$77 -> 41428.534 | E11: ='增加值 (2001-2022, 当年价) '!E11*E$77 -> 45540.865 | F11: ='增加值 (2001-2022, 当年价) '!F11*F$77 -> 52003.008 | G11: ='增加值 (2001-2022, 当年价) '!G11*G$77 -> 58175.344 | H11: ='增加值 (2001-2022, 当年价) '!H11*H$77 -> 65164.644 | I11: ='增加值 (2001-2022, 当年价) '!I11*I$77 -> 72161.98 | ... W11: ='增加值 (2001-2022, 当年价) '!W11*W$77 -> 261752.41 | X11: =VLOOKUP($A11,平滑数据导入!$A$1:$AN$61,COLUMN(平滑数据导入!C$1),0) -> 284585.86 | Y11: =VLOOKUP($A11,平滑数据导入!$A$1:$AN$61,COLUMN(平滑数据导入!D$1),0) -> 309477.91 | Z11: =SUM(Z62:Z70) -> 336403.5 | AA11: =VLOOKUP($A11,平滑数据导入!$A$1:$AN$61,COLUMN(平滑数据导入!F$1),0) -> 365281.17 | AB11: =VLOOKUP($A11,平滑数据导入!$A$1:$AN$61,COLUMN(平滑数据导入!G$1),0) -> 395960.65 | AC11: =VLOOKUP($A11,平滑数据导入!$A$1:$AN$61,COLUMN(平滑数据导入!H$1),0) -> 428210.57 | AD11: =VLOOKUP($A11,平滑数据导入!$A$1:$AN$61,COLUMN(平滑数据导入!I$1),0) -> 461707.23 | AE11: =SUM(AE62:AE70) -> 496025.32 | AF11: =VLOOKUP($A11,平滑数据导入!$A$1:$AN$61,COLUMN(平滑数据导入!K$1),0) -> 530746.66 | AG11: =VLOOKUP($A11,平滑数据导入!$A$1:$AN$61,COLUMN(平滑数据导入!L$1),0) -> 565862.87 | AH11: =VLOOKUP($A11,平滑数据导入!$A$1:$AN$61,COLUMN(平滑数据导入!M$1),0) -> 601540.07 | AI11: =VLOOKUP($A11,平滑数据导入!$A$1:$AN$61,COLUMN(平滑数据导入!N$1),0) -> 638024.35 | AJ11: =SUM(AJ62:AJ70) -> 675647.29 | AK11: =VLOOKUP($A11,平滑数据导入!$A$1:$AN$61,COLUMN(平滑数据导入!P$1),0) -> 714744.27 | AL11: =VLOOKUP($A11,平滑数据导入!$A$1:$AN$61,COLUMN(平滑数据导入!Q$1),0) -> 755356.45 | AM11: =VLOOKUP($A11,平滑数据导入!$A$1:$AN$61,COLUMN(平滑数据导入!R$1),0) -> 797431.3 | AN11: =VLOOKUP($A11,平滑数据导入!$A$1:$AN$61,COLUMN(平滑数据导入!S$1),0) -> 840900.85 | AO11: =VLOOKUP($A11,平滑数据导入!$A$1:$AN$61,COLUMN(平滑数据导入!T$1),0) -> 885680.68 | AP11: =VLOOKUP($A11,平滑数据导入!$A$1:$AN$61,COLUMN(平滑数据导入!U$1),0) -> 931669.17 | AQ11: =VLOOKUP($A11,平滑数据导入!$A$1:$AN$61,COLUMN(平滑数据导入!V$1),0) -> 978746.82 | AR11: =VLOOKUP($A11,平滑数据导入!$A$1:$AN$61,COLUMN(平滑数据导入!W$1),0) -> 1026775.7 | ... AX11: =VLOOKUP($A11,平滑数据导入!$A$1:$AN$61,COLUMN(平滑数据导入!AC$1),0) -> 1324859.4 | AY11: =SUM(AY62:AY70) -> 1374139.2 | AZ11: =VLOOKUP($A11,平滑数据导入!$A$1:$AN$61,COLUMN(平滑数据导入!AE$1),0) -> 1422621.8 | BA11: =VLOOKUP($A11,平滑数据导入!$A$1:$AN$61,COLUMN(平滑数据导入!AF$1),0) -> 1470022 | BB11: =VLOOKUP($A11,平滑数据导入!$A$1:$AN$61,COLUMN(平滑数据导入!AG$1),0) -> 1516045.6 | BC11: =VLOOKUP($A11,平滑数据导入!$A$1:$AN$61,COLUMN(平滑数据导入!AH$1),0) -> 1560392.4 | BD11: =VLOOKUP($A11,平滑数据导入!$A$1:$AN$61,COLUMN(平滑数据导入!AI$1),0) -> 1602758.8 | BE11: =VLOOKUP($A11,平滑数据导入!$A$1:$AN$61,COLUMN(平滑数据导入!AJ$1),0) -> 1642841.3 | BF11: =VLOOKUP($A11,平滑数据导入!$A$1:$AN$61,COLUMN(平滑数据导入!AK$1),0) -> 1680339.9 | BG11: =VLOOKUP($A11,平滑数据导入!$A$1:$AN$61,COLUMN(平滑数据导入!AL$1),0) -> 1714961.5 | BH11: =VLOOKUP($A11,平滑数据导入!$A$1:$AN$61,COLUMN(平滑数据导入!AM$1),0) -> 1746423.9 | BI11: =SUM(BI62:BI70) -> 1774459.2
A13: 工业 | B13: =B4 -> 82472.589 | C13: =C4 -> 89280.442 | D13: =D4 -> 100799.64 | E13: =E4 -> 111960.03 | F13: =F4 -> 127718.9 | G13: =G4 -> 145373.42 | H13: =H4 -> 163331.38 | I13: =I4 -> 178777.31 | ... W13: =W4 -> 375578.61 | X13: =VLOOKUP($A13,平滑数据导入!$A$1:$AN$61,COLUMN(平滑数据导入!C$1),0) -> 390173.76 | Y13: =VLOOKUP($A13,平滑数据导入!$A$1:$AN$61,COLUMN(平滑数据导入!D$1),0) -> 405076.36 | Z13: =Z4 -> 420175.96 | AA13: =VLOOKUP($A13,平滑数据导入!$A$1:$AN$61,COLUMN(平滑数据导入!F$1),0) -> 435354.15 | AB13: =VLOOKUP($A13,平滑数据导入!$A$1:$AN$61,COLUMN(平滑数据导入!G$1),0) -> 450482.34 | AC13: =VLOOKUP($A13,平滑数据导入!$A$1:$AN$61,COLUMN(平滑数据导入!H$1),0) -> 465420.25 | AD13: =VLOOKUP($A13,平滑数据导入!$A$1:$AN$61,COLUMN(平滑数据导入!I$1),0) -> 480015.42 | AE13: =AE4 -> 494103.81 | AF13: =VLOOKUP($A13,平滑数据导入!$A$1:$AN$61,COLUMN(平滑数据导入!K$1),0) -> 507532.59 | AG13: =VLOOKUP($A13,平滑数据导入!$A$1:$AN$61,COLUMN(平滑数据导入!L$1),0) -> 520228.48 | AH13: =VLOOKUP($A13,平滑数据导入!$A$1:$AN$61,COLUMN(平滑数据导入!M$1),0) -> 532142.76 | AI13: =VLOOKUP($A13,平滑数据导入!$A$1:$AN$61,COLUMN(平滑数据导入!N$1),0) -> 543231.31 | AJ13: =AJ4 -> 553454.66 | AK13: =VLOOKUP($A13,平滑数据导入!$A$1:$AN$61,COLUMN(平滑数据导入!P$1),0) -> 562783.57 | AL13: =VLOOKUP($A13,平滑数据导入!$A$1:$AN$61,COLUMN(平滑数据导入!Q$1),0) -> 571217.09 | AM13: =VLOOKUP($A13,平滑数据导入!$A$1:$AN$61,COLUMN(平滑数据导入!R$1),0) -> 578768.78 | AN13: =VLOOKUP($A13,平滑数据导入!$A$1:$AN$61,COLUMN(平滑数据导入!S$1),0) -> 585461.07 | AO13: =VLOOKUP($A13,平滑数据导入!$A$1:$AN$61,COLUMN(平滑数据导入!T$1),0) -> 591324.45 | AP13: =VLOOKUP($A13,平滑数据导入!$A$1:$AN$61,COLUMN(平滑数据导入!U$1),0) -> 596396.74 | AQ13: =VLOOKUP($A13,平滑数据导入!$A$1:$AN$61,COLUMN(平滑数据导入!V$1),0) -> 600722.16 | AR13: =VLOOKUP($A13,平滑数据导入!$A$1:$AN$61,COLUMN(平滑数据导入!W$1),0) -> 604350.52 | ... AX13: =VLOOKUP($A13,平滑数据导入!$A$1:$AN$61,COLUMN(平滑数据导入!AC$1),0) -> 614766.03 | AY13: =AY4 -> 615209.6 | AZ13: =VLOOKUP($A13,平滑数据导入!$A$1:$AN$61,COLUMN(平滑数据导入!AE$1),0) -> 615463.74 | BA13: =VLOOKUP($A13,平滑数据导入!$A$1:$AN$61,COLUMN(平滑数据导入!AF$1),0) -> 615597.33 | BB13: =VLOOKUP($A13,平滑数据导入!$A$1:$AN$61,COLUMN(平滑数据导入!AG$1),0) -> 615679.48 | BC13: =VLOOKUP($A13,平滑数据导入!$A$1:$AN$61,COLUMN(平滑数据导入!AH$1),0) -> 615779.6 | BD13: =VLOOKUP($A13,平滑数据导入!$A$1:$AN$61,COLUMN(平滑数据导入!AI$1),0) -> 615967.53 | BE13: =VLOOKUP($A13,平滑数据导入!$A$1:$AN$61,COLUMN(平滑数据导入!AJ$1),0) -> 616313.8 | BF13: =VLOOKUP($A13,平滑数据导入!$A$1:$AN$61,COLUMN(平滑数据导入!AK$1),0) -> 616890 | BG13: =VLOOKUP($A13,平滑数据导入!$A$1:$AN$61,COLUMN(平滑数据导入!AL$1),0) -> 617769.34 | BH13: =VLOOKUP($A13,平滑数据导入!$A$1:$AN$61,COLUMN(平滑数据导入!AM$1),0) -> 619027.31 | BI13: =BI4 -> 620742.52
A14: 煤炭开采和洗选业 | I14: ='增加值 (2001-2022, 当年价) '!I14*I$77 -> 11675.691 | J14: ='增加值 (2001-2022, 当年价) '!J14*J$77 -> 11986.509 | K14: ='增加值 (2001-2022, 当年价) '!K14*K$77 -> 13642.403 | L14: ='增加值 (2001-2022, 当年价) '!L14*L$77 -> 15284.767 | M14: ='增加值 (2001-2022, 当年价) '!M14*M$77 -> 15977.001 | N14: ='增加值 (2001-2022, 当年价) '!N14*N$77 -> 16042.647 | O14: ='增加值 (2001-2022, 当年价) '!O14*O$77 -> 15765.053 | P14: ='增加值 (2001-2022, 当年价) '!P14*P$77 -> 15240.596 | ... W14: ='增加值 (2001-2022, 当年价) '!W14*W$77 -> 18002.061 | X14: =VLOOKUP($A14,平滑数据导入!$A$1:$AN$61,COLUMN(平滑数据导入!C$1),0) -> 18307.704 | Y14: =VLOOKUP($A14,平滑数据导入!$A$1:$AN$61,COLUMN(平滑数据导入!D$1),0) -> 18640.847 | Z14: =VLOOKUP(A14,情景假设!$B$48:$S$88,14,0)/情景假设!O$47*Z$13 -> 18989.431 | AA14: =VLOOKUP($A14,平滑数据导入!$A$1:$AN$61,COLUMN(平滑数据导入!F$1),0) -> 19340.481 | AB14: =VLOOKUP($A14,平滑数据导入!$A$1:$AN$61,COLUMN(平滑数据导入!G$1),0) -> 19680.045 | AC14: =VLOOKUP($A14,平滑数据导入!$A$1:$AN$61,COLUMN(平滑数据导入!H$1),0) -> 19993.224 | AD14: =VLOOKUP($A14,平滑数据导入!$A$1:$AN$61,COLUMN(平滑数据导入!I$1),0) -> 20264.318 | AE14: =VLOOKUP(A14,情景假设!$B$48:$S$88,15,0)/情景假设!P$47*AE$13 -> 20477.078 | AF14: =VLOOKUP($A14,平滑数据导入!$A$1:$AN$61,COLUMN(平滑数据导入!K$1),0) -> 20619.057 | AG14: =VLOOKUP($A14,平滑数据导入!$A$1:$AN$61,COLUMN(平滑数据导入!L$1),0) -> 20694.087 | AH14: =VLOOKUP($A14,平滑数据导入!$A$1:$AN$61,COLUMN(平滑数据导入!M$1),0) -> 20710.747 | AI14: =VLOOKUP($A14,平滑数据导入!$A$1:$AN$61,COLUMN(平滑数据导入!N$1),0) -> 20678.197 | AJ14: =VLOOKUP(A14,情景假设!$B$48:$S$88,16,0)/情景假设!Q$47*AJ$13 -> 20605.935 | AK14: =VLOOKUP($A14,平滑数据导入!$A$1:$AN$61,COLUMN(平滑数据导入!P$1),0) -> 20502.317 | AL14: =VLOOKUP($A14,平滑数据导入!$A$1:$AN$61,COLUMN(平滑数据导入!Q$1),0) -> 20370.619 | AM14: =VLOOKUP($A14,平滑数据导入!$A$1:$AN$61,COLUMN(平滑数据导入!R$1),0) -> 20212.901 | AN14: =VLOOKUP($A14,平滑数据导入!$A$1:$AN$61,COLUMN(平滑数据导入!S$1),0) -> 20031.283 | AO14: =VLOOKUP($A14,平滑数据导入!$A$1:$AN$61,COLUMN(平滑数据导入!T$1),0) -> 19827.917 | AP14: =VLOOKUP($A14,平滑数据导入!$A$1:$AN$61,COLUMN(平滑数据导入!U$1),0) -> 19604.969 | AQ14: =VLOOKUP($A14,平滑数据导入!$A$1:$AN$61,COLUMN(平滑数据导入!V$1),0) -> 19364.598 | AR14: =VLOOKUP($A14,平滑数据导入!$A$1:$AN$61,COLUMN(平滑数据导入!W$1),0) -> 19108.941 | ... AX14: =VLOOKUP($A14,平滑数据导入!$A$1:$AN$61,COLUMN(平滑数据导入!AC$1),0) -> 17367.141 | AY14: =VLOOKUP(A14,情景假设!$B$48:$S$88,17,0)/情景假设!R$47*AY$13 -> 17059.554 | AZ14: =VLOOKUP($A14,平滑数据导入!$A$1:$AN$61,COLUMN(平滑数据导入!AE$1),0) -> 16751.474 | BA14: =VLOOKUP($A14,平滑数据导入!$A$1:$AN$61,COLUMN(平滑数据导入!AF$1),0) -> 16444.356 | BB14: =VLOOKUP($A14,平滑数据导入!$A$1:$AN$61,COLUMN(平滑数据导入!AG$1),0) -> 16139.563 | BC14: =VLOOKUP($A14,平滑数据导入!$A$1:$AN$61,COLUMN(平滑数据导入!AH$1),0) -> 15838.361 | BD14: =VLOOKUP($A14,平滑数据导入!$A$1:$AN$61,COLUMN(平滑数据导入!AI$1),0) -> 15541.925 | BE14: =VLOOKUP($A14,平滑数据导入!$A$1:$AN$61,COLUMN(平滑数据导入!AJ$1),0) -> 15251.339 | BF14: =VLOOKUP($A14,平滑数据导入!$A$1:$AN$61,COLUMN(平滑数据导入!AK$1),0) -> 14967.604 | BG14: =VLOOKUP($A14,平滑数据导入!$A$1:$AN$61,COLUMN(平滑数据导入!AL$1),0) -> 14691.64 | BH14: =VLOOKUP($A14,平滑数据导入!$A$1:$AN$61,COLUMN(平滑数据导入!AM$1),0) -> 14424.29 | BI14: =VLOOKUP(A14,情景假设!$B$48:$S$88,18,0)/情景假设!S$47*BI$13 -> 14166.33
A15: 石油和天然气开采业 | I15: ='增加值 (2001-2022, 当年价) '!I15*I$77 -> 12283.18 | J15: ='增加值 (2001-2022, 当年价) '!J15*J$77 -> 12202.638 | K15: ='增加值 (2001-2022, 当年价) '!K15*K$77 -> 11826.461 | L15: ='增加值 (2001-2022, 当年价) '!L15*L$77 -> 11943.372 | M15: ='增加值 (2001-2022, 当年价) '!M15*M$77 -> 11733.855 | N15: ='增加值 (2001-2022, 当年价) '!N15*N$77 -> 11403.08 | O15: ='增加值 (2001-2022, 当年价) '!O15*O$77 -> 11315.091 | P15: ='增加值 (2001-2022, 当年价) '!P15*P$77 -> 11185.569 | ... W15: ='增加值 (2001-2022, 当年价) '!W15*W$77 -> 12304.163 | X15: =VLOOKUP($A15,平滑数据导入!$A$1:$AN$61,COLUMN(平滑数据导入!C$1),0) -> 12376.746 | Y15: =VLOOKUP($A15,平滑数据导入!$A$1:$AN$61,COLUMN(平滑数据导入!D$1),0) -> 12456.254 | Z15: =VLOOKUP(A15,情景假设!$B$48:$S$88,14,0)/情景假设!O$47*Z$13 -> 12537.17 | AA15: =VLOOKUP($A15,平滑数据导入!$A$1:$AN$61,COLUMN(平滑数据导入!F$1),0) -> 12613.836 | AB15: =VLOOKUP($A15,平滑数据导入!$A$1:$AN$61,COLUMN(平滑数据导入!G$1),0) -> 12680.46 | AC15: =VLOOKUP($A15,平滑数据导入!$A$1:$AN$61,COLUMN(平滑数据导入!H$1),0) -> 12731.149 | AD15: =VLOOKUP($A15,平滑数据导入!$A$1:$AN$61,COLUMN(平滑数据导入!I$1),0) -> 12759.963 | AE15: =VLOOKUP(A15,情景假设!$B$48:$S$88,15,0)/情景假设!P$47*AE$13 -> 12761.011 | AF15: =VLOOKUP($A15,平滑数据导入!$A$1:$AN$61,COLUMN(平滑数据导入!K$1),0) -> 12730.379 | AG15: =VLOOKUP($A15,平滑数据导入!$A$1:$AN$61,COLUMN(平滑数据导入!L$1),0) -> 12671.674 | AH15: =VLOOKUP($A15,平滑数据导入!$A$1:$AN$61,COLUMN(平滑数据导入!M$1),0) -> 12590.447 | AI15: =VLOOKUP($A15,平滑数据导入!$A$1:$AN$61,COLUMN(平滑数据导入!N$1),0) -> 12492.254 | AJ15: =VLOOKUP(A15,情景假设!$B$48:$S$88,16,0)/情景假设!Q$47*AJ$13 -> 12382.579 | AK15: =VLOOKUP($A15,平滑数据导入!$A$1:$AN$61,COLUMN(平滑数据导入!P$1),0) -> 12265.959 | AL15: =VLOOKUP($A15,平滑数据导入!$A$1:$AN$61,COLUMN(平滑数据导入!Q$1),0) -> 12143.606 | AM15: =VLOOKUP($A15,平滑数据导入!$A$1:$AN$61,COLUMN(平滑数据导入!R$1),0) -> 12015.906 | AN15: =VLOOKUP($A15,平滑数据导入!$A$1:$AN$61,COLUMN(平滑数据导入!S$1),0) -> 11883.249 | AO15: =VLOOKUP($A15,平滑数据导入!$A$1:$AN$61,COLUMN(平滑数据导入!T$1),0) -> 11746.02 | AP15: =VLOOKUP($A15,平滑数据导入!$A$1:$AN$61,COLUMN(平滑数据导入!U$1),0) -> 11604.599 | AQ15: =VLOOKUP($A15,平滑数据导入!$A$1:$AN$61,COLUMN(平滑数据导入!V$1),0) -> 11459.364 | AR15: =VLOOKUP($A15,平滑数据导入!$A$1:$AN$61,COLUMN(平滑数据导入!W$1),0) -> 11310.684 | ... AX15: =VLOOKUP($A15,平滑数据导入!$A$1:$AN$61,COLUMN(平滑数据导入!AC$1),0) -> 10366.004 | AY15: =VLOOKUP(A15,情景假设!$B$48:$S$88,17,0)/情景假设!R$47*AY$13 -> 10202.884 | AZ15: =VLOOKUP($A15,平滑数据导入!$A$1:$AN$61,COLUMN(平滑数据导入!AE$1),0) -> 10038.965 | BA15: =VLOOKUP($A15,平滑数据导入!$A$1:$AN$61,COLUMN(平滑数据导入!AF$1),0) -> 9874.5272 | BB15: =VLOOKUP($A15,平滑数据导入!$A$1:$AN$61,COLUMN(平滑数据导入!AG$1),0) -> 9709.8419 | BC15: =VLOOKUP($A15,平滑数据导入!$A$1:$AN$61,COLUMN(平滑数据导入!AH$1),0) -> 9545.1668 | BD15: =VLOOKUP($A15,平滑数据导入!$A$1:$AN$61,COLUMN(平滑数据导入!AI$1),0) -> 9380.7474 | BE15: =VLOOKUP($A15,平滑数据导入!$A$1:$AN$61,COLUMN(平滑数据导入!AJ$1),0) -> 9216.8171 | BF15: =VLOOKUP($A15,平滑数据导入!$A$1:$AN$61,COLUMN(平滑数据导入!AK$1),0) -> 9053.5969 | BG15: =VLOOKUP($A15,平滑数据导入!$A$1:$AN$61,COLUMN(平滑数据导入!AL$1),0) -> 8891.2954 | BH15: =VLOOKUP($A15,平滑数据导入!$A$1:$AN$61,COLUMN(平滑数据导入!AM$1),0) -> 8730.1091 | BI15: =VLOOKUP(A15,情景假设!$B$48:$S$88,18,0)/情景假设!S$47*BI$13 -> 8570.2227
A16: 黑色金属矿采选业 | I16: ='增加值 (2001-2022, 当年价) '!I16*I$77 -> 2043.0119 | J16: ='增加值 (2001-2022, 当年价) '!J16*J$77 -> 2426.6303 | K16: ='增加值 (2001-2022, 当年价) '!K16*K$77 -> 2841.9829 | L16: ='增加值 (2001-2022, 当年价) '!L16*L$77 -> 3276.9674 | M16: ='增加值 (2001-2022, 当年价) '!M16*M$77 -> 3762.3007 | N16: ='增加值 (2001-2022, 当年价) '!N16*N$77 -> 4110.145 | O16: ='增加值 (2001-2022, 当年价) '!O16*O$77 -> 4358.2065 | P16: ='增加值 (2001-2022, 当年价) '!P16*P$77 -> 4238.0297 | ... W16: ='增加值 (2001-2022, 当年价) '!W16*W$77 -> 4568.3237 | X16: =VLOOKUP($A16,平滑数据导入!$A$1:$AN$61,COLUMN(平滑数据导入!C$1),0) -> 4601.6267 | Y16: =VLOOKUP($A16,平滑数据导入!$A$1:$AN$61,COLUMN(平滑数据导入!D$1),0) -> 4624.7402 | Z16: =VLOOKUP(A16,情景假设!$B$48:$S$88,14,0)/情景假设!O$47*Z$13 -> 4638.3805 | AA16: =VLOOKUP($A16,平滑数据导入!$A$1:$AN$61,COLUMN(平滑数据导入!F$1),0) -> 4643.3357 | AB16: =VLOOKUP($A16,平滑数据导入!$A$1:$AN$61,COLUMN(平滑数据导入!G$1),0) -> 4640.4502 | AC16: =VLOOKUP($A16,平滑数据导入!$A$1:$AN$61,COLUMN(平滑数据导入!H$1),0) -> 4630.6088 | AD16: =VLOOKUP($A16,平滑数据导入!$A$1:$AN$61,COLUMN(平滑数据导入!I$1),0) -> 4614.723 | AE16: =VLOOKUP(A16,情景假设!$B$48:$S$88,15,0)/情景假设!P$47*AE$13 -> 4593.7185 | AF16: =VLOOKUP($A16,平滑数据导入!$A$1:$AN$61,COLUMN(平滑数据导入!K$1),0) -> 4568.3509 | AG16: =VLOOKUP($A16,平滑数据导入!$A$1:$AN$61,COLUMN(平滑数据导入!L$1),0) -> 4538.6862 | AH16: =VLOOKUP($A16,平滑数据导入!$A$1:$AN$61,COLUMN(平滑数据导入!M$1),0) -> 4504.6313 | AI16: =VLOOKUP($A16,平滑数据导入!$A$1:$AN$61,COLUMN(平滑数据导入!N$1),0) -> 4466.1114 | AJ16: =VLOOKUP(A16,情景假设!$B$48:$S$88,16,0)/情景假设!Q$47*AJ$13 -> 4423.0702 | AK16: =VLOOKUP($A16,平滑数据导入!$A$1:$AN$61,COLUMN(平滑数据导入!P$1),0) -> 4375.5425 | AL16: =VLOOKUP($A16,平滑数据导入!$A$1:$AN$61,COLUMN(平滑数据导入!Q$1),0) -> 4323.8599 | AM16: =VLOOKUP($A16,平滑数据导入!$A$1:$AN$61,COLUMN(平滑数据导入!R$1),0) -> 4268.4264 | AN16: =VLOOKUP($A16,平滑数据导入!$A$1:$AN$61,COLUMN(平滑数据导入!S$1),0) -> 4209.6436 | AO16: =VLOOKUP($A16,平滑数据导入!$A$1:$AN$61,COLUMN(平滑数据导入!T$1),0) -> 4147.9073 | AP16: =VLOOKUP($A16,平滑数据导入!$A$1:$AN$61,COLUMN(平滑数据导入!U$1),0) -> 4083.6057 | AQ16: =VLOOKUP($A16,平滑数据导入!$A$1:$AN$61,COLUMN(平滑数据导入!V$1),0) -> 4017.1167 | AR16: =VLOOKUP($A16,平滑数据导入!$A$1:$AN$61,COLUMN(平滑数据导入!W$1),0) -> 3948.8064 | ... AX16: =VLOOKUP($A16,平滑数据导入!$A$1:$AN$61,COLUMN(平滑数据导入!AC$1),0) -> 3519.3426 | AY16: =VLOOKUP(A16,情景假设!$B$48:$S$88,17,0)/情景假设!R$47*AY$13 -> 3447.2597 | AZ16: =VLOOKUP($A16,平滑数据导入!$A$1:$AN$61,COLUMN(平滑数据导入!AE$1),0) -> 3375.7169 | BA16: =VLOOKUP($A16,平滑数据导入!$A$1:$AN$61,COLUMN(平滑数据导入!AF$1),0) -> 3304.9314 | BB16: =VLOOKUP($A16,平滑数据导入!$A$1:$AN$61,COLUMN(平滑数据导入!AG$1),0) -> 3235.1033 | BC16: =VLOOKUP($A16,平滑数据导入!$A$1:$AN$61,COLUMN(平滑数据导入!AH$1),0) -> 3166.416 | BD16: =VLOOKUP($A16,平滑数据导入!$A$1:$AN$61,COLUMN(平滑数据导入!AI$1),0) -> 3099.0369 | BE16: =VLOOKUP($A16,平滑数据导入!$A$1:$AN$61,COLUMN(平滑数据导入!AJ$1),0) -> 3033.1183 | BF16: =VLOOKUP($A16,平滑数据导入!$A$1:$AN$61,COLUMN(平滑数据导入!AK$1),0) -> 2968.7978 | BG16: =VLOOKUP($A16,平滑数据导入!$A$1:$AN$61,COLUMN(平滑数据导入!AL$1),0) -> 2906.1995 | BH16: =VLOOKUP($A16,平滑数据导入!$A$1:$AN$61,COLUMN(平滑数据导入!AM$1),0) -> 2845.4346 | BI16: =VLOOKUP(A16,情景假设!$B$48:$S$88,18,0)/情景假设!S$47*BI$13 -> 2786.6024
A17: 有色金属矿采选业 | I17: ='增加值 (2001-2022, 当年价) '!I17*I$77 -> 1310.7958 | J17: ='增加值 (2001-2022, 当年价) '!J17*J$77 -> 1488.5845 | K17: ='增加值 (2001-2022, 当年价) '!K17*K$77 -> 1607.492 | L17: ='增加值 (2001-2022, 当年价) '!L17*L$77 -> 1784.0221 | M17: ='增加值 (2001-2022, 当年价) '!M17*M$77 -> 1958.2296 | N17: ='增加值 (2001-2022, 当年价) '!N17*N$77 -> 2036.9648 | O17: ='增加值 (2001-2022, 当年价) '!O17*O$77 -> 2097.41 | P17: ='增加值 (2001-2022, 当年价) '!P17*P$77 -> 2075.3912 | ... W17: ='增加值 (2001-2022, 当年价) '!W17*W$77 -> 2146.8176 | X17: =VLOOKUP($A17,平滑数据导入!$A$1:$AN$61,COLUMN(平滑数据导入!C$1),0) -> 2136.1669 | Y17: =VLOOKUP($A17,平滑数据导入!$A$1:$AN$61,COLUMN(平滑数据导入!D$1),0) -> 2123.2128 | Z17: =VLOOKUP(A17,情景假设!$B$48:$S$88,14,0)/情景假设!O$47*Z$13 -> 2108.1143 | AA17: =VLOOKUP($A17,平滑数据导入!$A$1:$AN$61,COLUMN(平滑数据导入!F$1),0) -> 2091.0337 | AB17: =VLOOKUP($A17,平滑数据导入!$A$1:$AN$61,COLUMN(平滑数据导入!G$1),0) -> 2072.1356 | AC17: =VLOOKUP($A17,平滑数据导入!$A$1:$AN$61,COLUMN(平滑数据导入!H$1),0) -> 2051.585 | AD17: =VLOOKUP($A17,平滑数据导入!$A$1:$AN$61,COLUMN(平滑数据导入!I$1),0) -> 2029.5468 | AE17: =VLOOKUP(A17,情景假设!$B$48:$S$88,15,0)/情景假设!P$47*AE$13 -> 2006.1841 | AF17: =VLOOKUP($A17,平滑数据导入!$A$1:$AN$61,COLUMN(平滑数据导入!K$1),0) -> 1981.6233 | AG17: =VLOOKUP($A17,平滑数据导入!$A$1:$AN$61,COLUMN(平滑数据导入!L$1),0) -> 1955.8524 | AH17: =VLOOKUP($A17,平滑数据导入!$A$1:$AN$61,COLUMN(平滑数据导入!M$1),0) -> 1928.8313 | AI17: =VLOOKUP($A17,平滑数据导入!$A$1:$AN$61,COLUMN(平滑数据导入!N$1),0) -> 1900.5274 | AJ17: =VLOOKUP(A17,情景假设!$B$48:$S$88,16,0)/情景假设!Q$47*AJ$13 -> 1870.9159 | AK17: =VLOOKUP($A17,平滑数据导入!$A$1:$AN$61,COLUMN(平滑数据导入!P$1),0) -> 1840.0119 | AL17: =VLOOKUP($A17,平滑数据导入!$A$1:$AN$61,COLUMN(平滑数据导入!Q$1),0) -> 1807.9623 | AM17: =VLOOKUP($A17,平滑数据导入!$A$1:$AN$61,COLUMN(平滑数据导入!R$1),0) -> 1774.9417 | AN17: =VLOOKUP($A17,平滑数据导入!$A$1:$AN$61,COLUMN(平滑数据导入!S$1),0) -> 1741.1187 | AO17: =VLOOKUP($A17,平滑数据导入!$A$1:$AN$61,COLUMN(平滑数据导入!T$1),0) -> 1706.6555 | AP17: =VLOOKUP($A17,平滑数据导入!$A$1:$AN$61,COLUMN(平滑数据导入!U$1),0) -> 1671.7069 | AQ17: =VLOOKUP($A17,平滑数据导入!$A$1:$AN$61,COLUMN(平滑数据导入!V$1),0) -> 1636.4203 | AR17: =VLOOKUP($A17,平滑数据导入!$A$1:$AN$61,COLUMN(平滑数据导入!W$1),0) -> 1600.9346 | ... AX17: =VLOOKUP($A17,平滑数据导入!$A$1:$AN$61,COLUMN(平滑数据导入!AC$1),0) -> 1390.5699 | AY17: =VLOOKUP(A17,情景假设!$B$48:$S$88,17,0)/情景假设!R$47*AY$13 -> 1356.8782 | AZ17: =VLOOKUP($A17,平滑数据导入!$A$1:$AN$61,COLUMN(平滑数据导入!AE$1),0) -> 1323.7984 | BA17: =VLOOKUP($A17,平滑数据导入!$A$1:$AN$61,COLUMN(平滑数据导入!AF$1),0) -> 1291.3957 | BB17: =VLOOKUP($A17,平滑数据导入!$A$1:$AN$61,COLUMN(平滑数据导入!AG$1),0) -> 1259.7286 | BC17: =VLOOKUP($A17,平滑数据导入!$A$1:$AN$61,COLUMN(平滑数据导入!AH$1),0) -> 1228.8487 | BD17: =VLOOKUP($A17,平滑数据导入!$A$1:$AN$61,COLUMN(平滑数据导入!AI$1),0) -> 1198.8012 | BE17: =VLOOKUP($A17,平滑数据导入!$A$1:$AN$61,COLUMN(平滑数据导入!AJ$1),0) -> 1169.6258 | BF17: =VLOOKUP($A17,平滑数据导入!$A$1:$AN$61,COLUMN(平滑数据导入!AK$1),0) -> 1141.3564 | BG17: =VLOOKUP($A17,平滑数据导入!$A$1:$AN$61,COLUMN(平滑数据导入!AL$1),0) -> 1114.0221 | BH17: =VLOOKUP($A17,平滑数据导入!$A$1:$AN$61,COLUMN(平滑数据导入!AM$1),0) -> 1087.6475 | BI17: =VLOOKUP(A17,情景假设!$B$48:$S$88,18,0)/情景假设!S$47*BI$13 -> 1062.253
A18: 非金属矿采选业 | I18: ='增加值 (2001-2022, 当年价) '!I18*I$77 -> 740.76654 | J18: ='增加值 (2001-2022, 当年价) '!J18*J$77 -> 844.04866 | K18: ='增加值 (2001-2022, 当年价) '!K18*K$77 -> 1022.9457 | L18: ='增加值 (2001-2022, 当年价) '!L18*L$77 -> 1214.8999 | M18: ='增加值 (2001-2022, 当年价) '!M18*M$77 -> 1274.5479 | N18: ='增加值 (2001-2022, 当年价) '!N18*N$77 -> 1356.0634 | O18: ='增加值 (2001-2022, 当年价) '!O18*O$77 -> 1401.5038 | P18: ='增加值 (2001-2022, 当年价) '!P18*P$77 -> 1417.3718 | ... W18: ='增加值 (2001-2022, 当年价) '!W18*W$77 -> 1532.414 | X18: =VLOOKUP($A18,平滑数据导入!$A$1:$AN$61,COLUMN(平滑数据导入!C$1),0) -> 1530.1234 | Y18: =VLOOKUP($A18,平滑数据导入!$A$1:$AN$61,COLUMN(平滑数据导入!D$1),0) -> 1525.6449 | Z18: =VLOOKUP(A18,情景假设!$B$48:$S$88,14,0)/情景假设!O$47*Z$13 -> 1519.1392 | AA18: =VLOOKUP($A18,平滑数据导入!$A$1:$AN$61,COLUMN(平滑数据导入!F$1),0) -> 1510.773 | AB18: =VLOOKUP($A18,平滑数据导入!$A$1:$AN$61,COLUMN(平滑数据导入!G$1),0) -> 1500.717 | AC18: =VLOOKUP($A18,平滑数据导入!$A$1:$AN$61,COLUMN(平滑数据导入!H$1),0) -> 1489.1443 | AD18: =VLOOKUP($A18,平滑数据导入!$A$1:$AN$61,COLUMN(平滑数据导入!I$1),0) -> 1476.2285 | AE18: =VLOOKUP(A18,情景假设!$B$48:$S$88,15,0)/情景假设!P$47*AE$13 -> 1462.1422 | AF18: =VLOOKUP($A18,平滑数据导入!$A$1:$AN$61,COLUMN(平滑数据导入!K$1),0) -> 1447.0222 | AG18: =VLOOKUP($A18,平滑数据导入!$A$1:$AN$61,COLUMN(平滑数据导入!L$1),0) -> 1430.8699 | AH18: =VLOOKUP($A18,平滑数据导入!$A$1:$AN$61,COLUMN(平滑数据导入!M$1),0) -> 1413.6575 | AI18: =VLOOKUP($A18,平滑数据导入!$A$1:$AN$61,COLUMN(平滑数据导入!N$1),0) -> 1395.3626 | AJ18: =VLOOKUP(A18,情景假设!$B$48:$S$88,16,0)/情景假设!Q$47*AJ$13 -> 1375.9687 | AK18: =VLOOKUP($A18,平滑数据导入!$A$1:$AN$61,COLUMN(平滑数据导入!P$1),0) -> 1355.488 | AL18: =VLOOKUP($A18,平滑数据导入!$A$1:$AN$61,COLUMN(平滑数据导入!Q$1),0) -> 1334.0284 | AM18: =VLOOKUP($A18,平滑数据导入!$A$1:$AN$61,COLUMN(平滑数据导入!R$1),0) -> 1311.7186 | AN18: =VLOOKUP($A18,平滑数据导入!$A$1:$AN$61,COLUMN(平滑数据导入!S$1),0) -> 1288.6841 | AO18: =VLOOKUP($A18,平滑数据导入!$A$1:$AN$61,COLUMN(平滑数据导入!T$1),0) -> 1265.0463 | AP18: =VLOOKUP($A18,平滑数据导入!$A$1:$AN$61,COLUMN(平滑数据导入!U$1),0) -> 1240.922 | AQ18: =VLOOKUP($A18,平滑数据导入!$A$1:$AN$61,COLUMN(平滑数据导入!V$1),0) -> 1216.423 | AR18: =VLOOKUP($A18,平滑数据导入!$A$1:$AN$61,COLUMN(平滑数据导入!W$1),0) -> 1191.6558 | ... AX18: =VLOOKUP($A18,平滑数据导入!$A$1:$AN$61,COLUMN(平滑数据导入!AC$1),0) -> 1042.6471 | AY18: =VLOOKUP(A18,情景假设!$B$48:$S$88,17,0)/情景假设!R$47*AY$13 -> 1018.4905 | AZ18: =VLOOKUP($A18,平滑数据导入!$A$1:$AN$61,COLUMN(平滑数据导入!AE$1),0) -> 994.70522 | BA18: =VLOOKUP($A18,平滑数据导入!$A$1:$AN$61,COLUMN(平滑数据导入!AF$1),0) -> 971.34512 | BB18: =VLOOKUP($A18,平滑数据导入!$A$1:$AN$61,COLUMN(平滑数据导入!AG$1),0) -> 948.45875 | BC18: =VLOOKUP($A18,平滑数据导入!$A$1:$AN$61,COLUMN(平滑数据导入!AH$1),0) -> 926.0896 | BD18: =VLOOKUP($A18,平滑数据导入!$A$1:$AN$61,COLUMN(平滑数据导入!AI$1),0) -> 904.27645 | BE18: =VLOOKUP($A18,平滑数据导入!$A$1:$AN$61,COLUMN(平滑数据导入!AJ$1),0) -> 883.05355 | BF18: =VLOOKUP($A18,平滑数据导入!$A$1:$AN$61,COLUMN(平滑数据导入!AK$1),0) -> 862.45103 | BG18: =VLOOKUP($A18,平滑数据导入!$A$1:$AN$61,COLUMN(平滑数据导入!AL$1),0) -> 842.49512 | BH18: =VLOOKUP($A18,平滑数据导入!$A$1:$AN$61,COLUMN(平滑数据导入!AM$1),0) -> 823.20851 | BI18: =VLOOKUP(A18,情景假设!$B$48:$S$88,18,0)/情景假设!S$47*BI$13 -> 804.61067
A19: 开采专业及辅助性活动 | I19: ='增加值 (2001-2022, 当年价) '!I19*I$77 -> 622.2819 | J19: ='增加值 (2001-2022, 当年价) '!J19*J$77 -> 708.94586 | K19: ='增加值 (2001-2022, 当年价) '!K19*K$77 -> 796.67193 | L19: ='增加值 (2001-2022, 当年价) '!L19*L$77 -> 897.68406 | M19: ='增加值 (2001-2022, 当年价) '!M19*M$77 -> 975.9413 | N19: ='增加值 (2001-2022, 当年价) '!N19*N$77 -> 974.38864 | O19: ='增加值 (2001-2022, 当年价) '!O19*O$77 -> 903.34619 | P19: ='增加值 (2001-2022, 当年价) '!P19*P$77 -> 755.02694 | ... W19: ='增加值 (2001-2022, 当年价) '!W19*W$77 -> 1144.4328 | X19: =VLOOKUP($A19,平滑数据导入!$A$1:$AN$61,COLUMN(平滑数据导入!C$1),0) -> 1228.9359 | Y19: =VLOOKUP($A19,平滑数据导入!$A$1:$AN$61,COLUMN(平滑数据导入!D$1),0) -> 1309.0566 | Z19: =VLOOKUP(A19,情景假设!$B$48:$S$88,14,0)/情景假设!O$47*Z$13 -> 1384.3661 | AA19: =VLOOKUP($A19,平滑数据导入!$A$1:$AN$61,COLUMN(平滑数据导入!F$1),0) -> 1454.7214 | AB19: =VLOOKUP($A19,平滑数据导入!$A$1:$AN$61,COLUMN(平滑数据导入!G$1),0) -> 1520.2607 | AC19: =VLOOKUP($A19,平滑数据导入!$A$1:$AN$61,COLUMN(平滑数据导入!H$1),0) -> 1581.3889 | AD19: =VLOOKUP($A19,平滑数据导入!$A$1:$AN$61,COLUMN(平滑数据导入!I$1),0) -> 1638.7578 | AE19: =VLOOKUP(A19,情景假设!$B$48:$S$88,15,0)/情景假设!P$47*AE$13 -> 1693.2431 | AF19: =VLOOKUP($A19,平滑数据导入!$A$1:$AN$61,COLUMN(平滑数据导入!K$1),0) -> 1745.6781 | AG19: =VLOOKUP($A19,平滑数据导入!$A$1:$AN$61,COLUMN(平滑数据导入!L$1),0) -> 1796.0421 | AH19: =VLOOKUP($A19,平滑数据导入!$A$1:$AN$61,COLUMN(平滑数据导入!M$1),0) -> 1844.0908 | AI19: =VLOOKUP($A19,平滑数据导入!$A$1:$AN$61,COLUMN(平滑数据导入!N$1),0) -> 1889.5898 | AJ19: =VLOOKUP(A19,情景假设!$B$48:$S$88,16,0)/情景假设!Q$47*AJ$13 -> 1932.3161 | AK19: =VLOOKUP($A19,平滑数据导入!$A$1:$AN$61,COLUMN(平滑数据导入!P$1),0) -> 1972.0793 | AL19: =VLOOKUP($A19,平滑数据导入!$A$1:$AN$61,COLUMN(平滑数据导入!Q$1),0) -> 2008.7828 | AM19: =VLOOKUP($A19,平滑数据导入!$A$1:$AN$61,COLUMN(平滑数据导入!R$1),0) -> 2042.3728 | AN19: =VLOOKUP($A19,平滑数据导入!$A$1:$AN$61,COLUMN(平滑数据导入!S$1),0) -> 2072.8195 | AO19: =VLOOKUP($A19,平滑数据导入!$A$1:$AN$61,COLUMN(平滑数据导入!T$1),0) -> 2100.1166 | AP19: =VLOOKUP($A19,平滑数据导入!$A$1:$AN$61,COLUMN(平滑数据导入!U$1),0) -> 2124.28 | AQ19: =VLOOKUP($A19,平滑数据导入!$A$1:$AN$61,COLUMN(平滑数据导入!V$1),0) -> 2145.3471 | AR19: =VLOOKUP($A19,平滑数据导入!$A$1:$AN$61,COLUMN(平滑数据导入!W$1),0) -> 2163.3753 | ... AX19: =VLOOKUP($A19,平滑数据导入!$A$1:$AN$61,COLUMN(平滑数据导入!AC$1),0) -> 2213.055 | AY19: =VLOOKUP(A19,情景假设!$B$48:$S$88,17,0)/情景假设!R$47*AY$13 -> 2212.7591 | AZ19: =VLOOKUP($A19,平滑数据导入!$A$1:$AN$61,COLUMN(平滑数据导入!AE$1),0) -> 2210.4089 | BA19: =VLOOKUP($A19,平滑数据导入!$A$1:$AN$61,COLUMN(平滑数据导入!AF$1),0) -> 2206.1685 | BB19: =VLOOKUP($A19,平滑数据导入!$A$1:$AN$61,COLUMN(平滑数据导入!AG$1),0) -> 2200.2059 | BC19: =VLOOKUP($A19,平滑数据导入!$A$1:$AN$61,COLUMN(平滑数据导入!AH$1),0) -> 2192.6917 | BD19: =VLOOKUP($A19,平滑数据导入!$A$1:$AN$61,COLUMN(平滑数据导入!AI$1),0) -> 2183.7977 | BE19: =VLOOKUP($A19,平滑数据导入!$A$1:$AN$61,COLUMN(平滑数据导入!AJ$1),0) -> 2173.6964 | BF19: =VLOOKUP($A19,平滑数据导入!$A$1:$AN$61,COLUMN(平滑数据导入!AK$1),0) -> 2162.559 | BG19: =VLOOKUP($A19,平滑数据导入!$A$1:$AN$61,COLUMN(平滑数据导入!AL$1),0) -> 2150.5558 | BH19: =VLOOKUP($A19,平滑数据导入!$A$1:$AN$61,COLUMN(平滑数据导入!AM$1),0) -> 2137.8543 | BI19: =VLOOKUP(A19,情景假设!$B$48:$S$88,18,0)/情景假设!S$47*BI$13 -> 2124.6194
A20: 其他采矿业 | I20: ='增加值 (2001-2022, 当年价) '!I20*I$77 -> 4.2073585 | J20: ='增加值 (2001-2022, 当年价) '!J20*J$77 -> 5.6913482 | K20: ='增加值 (2001-2022, 当年价) '!K20*K$77 -> 6.6710309 | L20: ='增加值 (2001-2022, 当年价) '!L20*L$77 -> 7.8715587 | M20: ='增加值 (2001-2022, 当年价) '!M20*M$77 -> 7.9058265 | N20: ='增加值 (2001-2022, 当年价) '!N20*N$77 -> 8.4565158 | O20: ='增加值 (2001-2022, 当年价) '!O20*O$77 -> 7.8642757 | P20: ='增加值 (2001-2022, 当年价) '!P20*P$77 -> 7.6399587 | ... W20: ='增加值 (2001-2022, 当年价) '!W20*W$77 -> 9.2604801 | X20: =VLOOKUP($A20,平滑数据导入!$A$1:$AN$61,COLUMN(平滑数据导入!C$1),0) -> 9.5821509 | Y20: =VLOOKUP($A20,平滑数据导入!$A$1:$AN$61,COLUMN(平滑数据导入!D$1),0) -> 9.8681746 | Z20: =VLOOKUP(A20,情景假设!$B$48:$S$88,14,0)/情景假设!O$47*Z$13 -> 10.119547 | AA20: =VLOOKUP($A20,平滑数据导入!$A$1:$AN$61,COLUMN(平滑数据导入!F$1),0) -> 10.338126 | AB20: =VLOOKUP($A20,平滑数据导入!$A$1:$AN$61,COLUMN(平滑数据导入!G$1),0) -> 10.526529 | AC20: =VLOOKUP($A20,平滑数据导入!$A$1:$AN$61,COLUMN(平滑数据导入!H$1),0) -> 10.68802 | AD20: =VLOOKUP($A20,平滑数据导入!$A$1:$AN$61,COLUMN(平滑数据导入!I$1),0) -> 10.826401 | AE20: =VLOOKUP(A20,情景假设!$B$48:$S$88,15,0)/情景假设!P$47*AE$13 -> 10.945911 | AF20: =VLOOKUP($A20,平滑数据导入!$A$1:$AN$61,COLUMN(平滑数据导入!K$1),0) -> 11.050224 | AG20: =VLOOKUP($A20,平滑数据导入!$A$1:$AN$61,COLUMN(平滑数据导入!L$1),0) -> 11.139601 | AH20: =VLOOKUP($A20,平滑数据导入!$A$1:$AN$61,COLUMN(平滑数据导入!M$1),0) -> 11.213467 | AI20: =VLOOKUP($A20,平滑数据导入!$A$1:$AN$61,COLUMN(平滑数据导入!N$1),0) -> 11.271308 | AJ20: =VLOOKUP(A20,情景假设!$B$48:$S$88,16,0)/情景假设!Q$47*AJ$13 -> 11.312672 | AK20: =VLOOKUP($A20,平滑数据导入!$A$1:$AN$61,COLUMN(平滑数据导入!P$1),0) -> 11.33733 | AL20: =VLOOKUP($A20,平滑数据导入!$A$1:$AN$61,COLUMN(平滑数据导入!Q$1),0) -> 11.345737 | AM20: =VLOOKUP($A20,平滑数据导入!$A$1:$AN$61,COLUMN(平滑数据导入!R$1),0) -> 11.338577 | AN20: =VLOOKUP($A20,平滑数据导入!$A$1:$AN$61,COLUMN(平滑数据导入!S$1),0) -> 11.316594 | AO20: =VLOOKUP($A20,平滑数据导入!$A$1:$AN$61,COLUMN(平滑数据导入!T$1),0) -> 11.28059 | AP20: =VLOOKUP($A20,平滑数据导入!$A$1:$AN$61,COLUMN(平滑数据导入!U$1),0) -> 11.23141 | AQ20: =VLOOKUP($A20,平滑数据导入!$A$1:$AN$61,COLUMN(平滑数据导入!V$1),0) -> 11.169935 | AR20: =VLOOKUP($A20,平滑数据导入!$A$1:$AN$61,COLUMN(平滑数据导入!W$1),0) -> 11.097072 | ... AX20: =VLOOKUP($A20,平滑数据导入!$A$1:$AN$61,COLUMN(平滑数据导入!AC$1),0) -> 10.472849 | AY20: =VLOOKUP(A20,情景假设!$B$48:$S$88,17,0)/情景假设!R$47*AY$13 -> 10.346242 | AZ20: =VLOOKUP($A20,平滑数据导入!$A$1:$AN$61,COLUMN(平滑数据导入!AE$1),0) -> 10.215553 | BA20: =VLOOKUP($A20,平滑数据导入!$A$1:$AN$61,COLUMN(平滑数据导入!AF$1),0) -> 10.081615 | BB20: =VLOOKUP($A20,平滑数据导入!$A$1:$AN$61,COLUMN(平滑数据导入!AG$1),0) -> 9.9452291 | BC20: =VLOOKUP($A20,平滑数据导入!$A$1:$AN$61,COLUMN(平滑数据导入!AH$1),0) -> 9.8071647 | BD20: =VLOOKUP($A20,平滑数据导入!$A$1:$AN$61,COLUMN(平滑数据导入!AI$1),0) -> 9.6681556 | BE20: =VLOOKUP($A20,平滑数据导入!$A$1:$AN$61,COLUMN(平滑数据导入!AJ$1),0) -> 9.5289005 | BF20: =VLOOKUP($A20,平滑数据导入!$A$1:$AN$61,COLUMN(平滑数据导入!AK$1),0) -> 9.3900619 | BG20: =VLOOKUP($A20,平滑数据导入!$A$1:$AN$61,COLUMN(平滑数据导入!AL$1),0) -> 9.2522664 | BH20: =VLOOKUP($A20,平滑数据导入!$A$1:$AN$61,COLUMN(平滑数据导入!AM$1),0) -> 9.1161051 | BI20: =VLOOKUP(A20,情景假设!$B$48:$S$88,18,0)/情景假设!S$47*BI$13 -> 8.9821342
A21: 农副食品加工业 | I21: ='增加值 (2001-2022, 当年价) '!I21*I$77 -> 6050.1815 | J21: ='增加值 (2001-2022, 当年价) '!J21*J$77 -> 6647.1198 | K21: ='增加值 (2001-2022, 当年价) '!K21*K$77 -> 7423.383 | L21: ='增加值 (2001-2022, 当年价) '!L21*L$77 -> 8138.7355 | M21: ='增加值 (2001-2022, 当年价) '!M21*M$77 -> 8801.7564 | N21: ='增加值 (2001-2022, 当年价) '!N21*N$77 -> 9147.2904 | O21: ='增加值 (2001-2022, 当年价) '!O21*O$77 -> 9445.0378 | P21: ='增加值 (2001-2022, 当年价) '!P21*P$77 -> 9453.4097 | ... W21: ='增加值 (2001-2022, 当年价) '!W21*W$77 -> 11981.684 | X21: =VLOOKUP($A21,平滑数据导入!$A$1:$AN$61,COLUMN(平滑数据导入!C$1),0) -> 12183.59 | Y21: =VLOOKUP($A21,平滑数据导入!$A$1:$AN$61,COLUMN(平滑数据导入!D$1),0) -> 12350.182 | Z21: =VLOOKUP(A21,情景假设!$B$48:$S$88,14,0)/情景假设!O$47*Z$13 -> 12483.542 | AA21: =VLOOKUP($A21,平滑数据导入!$A$1:$AN$61,COLUMN(平滑数据导入!F$1),0) -> 12586.192 | AB21: =VLOOKUP($A21,平滑数据导入!$A$1:$AN$61,COLUMN(平滑数据导入!G$1),0) -> 12661.019 | AC21: =VLOOKUP($A21,平滑数据导入!$A$1:$AN$61,COLUMN(平滑数据导入!H$1),0) -> 12711.197 | AD21: =VLOOKUP($A21,平滑数据导入!$A$1:$AN$61,COLUMN(平滑数据导入!I$1),0) -> 12740.117 | AE21: =VLOOKUP(A21,情景假设!$B$48:$S$88,15,0)/情景假设!P$47*AE$13 -> 12751.325 | AF21: =VLOOKUP($A21,平滑数据导入!$A$1:$AN$61,COLUMN(平滑数据导入!K$1),0) -> 12747.779 | AG21: =VLOOKUP($A21,平滑数据导入!$A$1:$AN$61,COLUMN(平滑数据导入!L$1),0) -> 12729.768 | AH21: =VLOOKUP($A21,平滑数据导入!$A$1:$AN$61,COLUMN(平滑数据导入!M$1),0) -> 12696.947 | AI21: =VLOOKUP($A21,平滑数据导入!$A$1:$AN$61,COLUMN(平滑数据导入!N$1),0) -> 12649.028 | AJ21: =VLOOKUP(A21,情景假设!$B$48:$S$88,16,0)/情景假设!Q$47*AJ$13 -> 12585.778 | AK21: =VLOOKUP($A21,平滑数据导入!$A$1:$AN$61,COLUMN(平滑数据导入!P$1),0) -> 12507.223 | AL21: =VLOOKUP($A21,平滑数据导入!$A$1:$AN$61,COLUMN(平滑数据导入!Q$1),0) -> 12414.2 | AM21: =VLOOKUP($A21,平滑数据导入!$A$1:$AN$61,COLUMN(平滑数据导入!R$1),0) -> 12307.772 | AN21: =VLOOKUP($A21,平滑数据导入!$A$1:$AN$61,COLUMN(平滑数据导入!S$1),0) -> 12189.02 | AO21: =VLOOKUP($A21,平滑数据导入!$A$1:$AN$61,COLUMN(平滑数据导入!T$1),0) -> 12059.035 | AP21: =VLOOKUP($A21,平滑数据导入!$A$1:$AN$61,COLUMN(平滑数据导入!U$1),0) -> 11918.911 | AQ21: =VLOOKUP($A21,平滑数据导入!$A$1:$AN$61,COLUMN(平滑数据导入!V$1),0) -> 11769.733 | AR21: =VLOOKUP($A21,平滑数据导入!$A$1:$AN$61,COLUMN(平滑数据导入!W$1),0) -> 11612.573 | ... AX21: =VLOOKUP($A21,平滑数据导入!$A$1:$AN$61,COLUMN(平滑数据导入!AC$1),0) -> 10558.751 | AY21: =VLOOKUP(A21,情景假设!$B$48:$S$88,17,0)/情景假设!R$47*AY$13 -> 10373.361 | AZ21: =VLOOKUP($A21,平滑数据导入!$A$1:$AN$61,COLUMN(平滑数据导入!AE$1),0) -> 10187.43 | BA21: =VLOOKUP($A21,平滑数据导入!$A$1:$AN$61,COLUMN(平滑数据导入!AF$1),0) -> 10001.698 | BB21: =VLOOKUP($A21,平滑数据导入!$A$1:$AN$61,COLUMN(平滑数据导入!AG$1),0) -> 9816.8607 | BC21: =VLOOKUP($A21,平滑数据导入!$A$1:$AN$61,COLUMN(平滑数据导入!AH$1),0) -> 9633.5667 | BD21: =VLOOKUP($A21,平滑数据导入!$A$1:$AN$61,COLUMN(平滑数据导入!AI$1),0) -> 9452.4191 | BE21: =VLOOKUP($A21,平滑数据导入!$A$1:$AN$61,COLUMN(平滑数据导入!AJ$1),0) -> 9273.9767 | BF21: =VLOOKUP($A21,平滑数据导入!$A$1:$AN$61,COLUMN(平滑数据导入!AK$1),0) -> 9098.7557 | BG21: =VLOOKUP($A21,平滑数据导入!$A$1:$AN$61,COLUMN(平滑数据导入!AL$1),0) -> 8927.231 | BH21: =VLOOKUP($A21,平滑数据导入!$A$1:$AN$61,COLUMN(平滑数据导入!AM$1),0) -> 8759.8385 | BI21: =VLOOKUP(A21,情景假设!$B$48:$S$88,18,0)/情景假设!S$47*BI$13 -> 8596.9775
A22: 食品制造业 | I22: ='增加值 (2001-2022, 当年价) '!I22*I$77 -> 2840.6456 | J22: ='增加值 (2001-2022, 当年价) '!J22*J$77 -> 3072.4467 | K22: ='增加值 (2001-2022, 当年价) '!K22*K$77 -> 3437.2203 | L22: ='增加值 (2001-2022, 当年价) '!L22*L$77 -> 3867.5299 | M22: ='增加值 (2001-2022, 当年价) '!M22*M$77 -> 4116.3241 | N22: ='增加值 (2001-2022, 当年价) '!N22*N$77 -> 4301.3823 | O22: ='增加值 (2001-2022, 当年价) '!O22*O$77 -> 4478.5085 | P22: ='增加值 (2001-2022, 当年价) '!P22*P$77 -> 4567.4541 | ... W22: ='增加值 (2001-2022, 当年价) '!W22*W$77 -> 6627.92 | X22: =VLOOKUP($A22,平滑数据导入!$A$1:$AN$61,COLUMN(平滑数据导入!C$1),0) -> 6836.6376 | Y22: =VLOOKUP($A22,平滑数据导入!$A$1:$AN$61,COLUMN(平滑数据导入!D$1),0) -> 7020.645 | Z22: =VLOOKUP(A22,情景假设!$B$48:$S$88,14,0)/情景假设!O$47*Z$13 -> 7180.7919 | AA22: =VLOOKUP($A22,平滑数据导入!$A$1:$AN$61,COLUMN(平滑数据导入!F$1),0) -> 7318.469 | AB22: =VLOOKUP($A22,平滑数据导入!$A$1:$AN$61,COLUMN(平滑数据导入!G$1),0) -> 7435.5384 | AC22: =VLOOKUP($A22,平滑数据导入!$A$1:$AN$61,COLUMN(平滑数据导入!H$1),0) -> 7534.2597 | AD22: =VLOOKUP($A22,平滑数据导入!$A$1:$AN$61,COLUMN(平滑数据导入!I$1),0) -> 7617.219 | AE22: =VLOOKUP(A22,情景假设!$B$48:$S$88,15,0)/情景假设!P$47*AE$13 -> 7687.2623 | AF22: =VLOOKUP($A22,平滑数据导入!$A$1:$AN$61,COLUMN(平滑数据导入!K$1),0) -> 7746.841 | AG22: =VLOOKUP($A22,平滑数据导入!$A$1:$AN$61,COLUMN(平滑数据导入!L$1),0) -> 7796.1455 | AH22: =VLOOKUP($A22,平滑数据导入!$A$1:$AN$61,COLUMN(平滑数据导入!M$1),0) -> 7834.816 | AI22: =VLOOKUP($A22,平滑数据导入!$A$1:$AN$61,COLUMN(平滑数据导入!N$1),0) -> 7862.5331 | AJ22: =VLOOKUP(A22,情景假设!$B$48:$S$88,16,0)/情景假设!Q$47*AJ$13 -> 7879.0205 | AK22: =VLOOKUP($A22,平滑数据导入!$A$1:$AN$61,COLUMN(平滑数据导入!P$1),0) -> 7884.1569 | AL22: =VLOOKUP($A22,平滑数据导入!$A$1:$AN$61,COLUMN(平滑数据导入!Q$1),0) -> 7878.3049 | AM22: =VLOOKUP($A22,平滑数据导入!$A$1:$AN$61,COLUMN(平滑数据导入!R$1),0) -> 7861.9813 | AN22: =VLOOKUP($A22,平滑数据导入!$A$1:$AN$61,COLUMN(平滑数据导入!S$1),0) -> 7835.742 | AO22: =VLOOKUP($A22,平滑数据导入!$A$1:$AN$61,COLUMN(平滑数据导入!T$1),0) -> 7800.1751 | AP22: =VLOOKUP($A22,平滑数据导入!$A$1:$AN$61,COLUMN(平滑数据导入!U$1),0) -> 7755.8943 | AQ22: =VLOOKUP($A22,平滑数据导入!$A$1:$AN$61,COLUMN(平滑数据导入!V$1),0) -> 7703.5324 | AR22: =VLOOKUP($A22,平滑数据导入!$A$1:$AN$61,COLUMN(平滑数据导入!W$1),0) -> 7643.7356 | ... AX22: =VLOOKUP($A22,平滑数据导入!$A$1:$AN$61,COLUMN(平滑数据导入!AC$1),0) -> 7165.3143 | AY22: =VLOOKUP(A22,情景假设!$B$48:$S$88,17,0)/情景假设!R$47*AY$13 -> 7071.582 | AZ22: =VLOOKUP($A22,平滑数据导入!$A$1:$AN$61,COLUMN(平滑数据导入!AE$1),0) -> 6975.4664 | BA22: =VLOOKUP($A22,平滑数据导入!$A$1:$AN$61,COLUMN(平滑数据导入!AF$1),0) -> 6877.5291 | BB22: =VLOOKUP($A22,平滑数据导入!$A$1:$AN$61,COLUMN(平滑数据导入!AG$1),0) -> 6778.3088 | BC22: =VLOOKUP($A22,平滑数据导入!$A$1:$AN$61,COLUMN(平滑数据导入!AH$1),0) -> 6678.3195 | BD22: =VLOOKUP($A22,平滑数据导入!$A$1:$AN$61,COLUMN(平滑数据导入!AI$1),0) -> 6578.0499 | BE22: =VLOOKUP($A22,平滑数据导入!$A$1:$AN$61,COLUMN(平滑数据导入!AJ$1),0) -> 6477.963 | BF22: =VLOOKUP($A22,平滑数据导入!$A$1:$AN$61,COLUMN(平滑数据导入!AK$1),0) -> 6378.4962 | BG22: =VLOOKUP($A22,平滑数据导入!$A$1:$AN$61,COLUMN(平滑数据导入!AL$1),0) -> 6280.0611 | BH22: =VLOOKUP($A22,平滑数据导入!$A$1:$AN$61,COLUMN(平滑数据导入!AM$1),0) -> 6183.0446 | BI22: =VLOOKUP(A22,情景假设!$B$48:$S$88,18,0)/情景假设!S$47*BI$13 -> 6087.8091
A23: 酒、饮料和精制茶制造业 | I23: ='增加值 (2001-2022, 当年价) '!I23*I$77 -> 3020.3405 | J23: ='增加值 (2001-2022, 当年价) '!J23*J$77 -> 3281.1206 | K23: ='增加值 (2001-2022, 当年价) '!K23*K$77 -> 3651.5507 | L23: ='增加值 (2001-2022, 当年价) '!L23*L$77 -> 4171.8493 | M23: ='增加值 (2001-2022, 当年价) '!M23*M$77 -> 4468.021 | N23: ='增加值 (2001-2022, 当年价) '!N23*N$77 -> 4677.3794 | O23: ='增加值 (2001-2022, 当年价) '!O23*O$77 -> 4775.8177 | P23: ='增加值 (2001-2022, 当年价) '!P23*P$77 -> 4879.7297 | ... W23: ='增加值 (2001-2022, 当年价) '!W23*W$77 -> 7272.1185 | X23: =VLOOKUP($A23,平滑数据导入!$A$1:$AN$61,COLUMN(平滑数据导入!C$1),0) -> 7534.3214 | Y23: =VLOOKUP($A23,平滑数据导入!$A$1:$AN$61,COLUMN(平滑数据导入!D$1),0) -> 7768.2119 | Z23: =VLOOKUP(A23,情景假设!$B$48:$S$88,14,0)/情景假设!O$47*Z$13 -> 7974.5032 | AA23: =VLOOKUP($A23,平滑数据导入!$A$1:$AN$61,COLUMN(平滑数据导入!F$1),0) -> 8154.6212 | AB23: =VLOOKUP($A23,平滑数据导入!$A$1:$AN$61,COLUMN(平滑数据导入!G$1),0) -> 8310.6205 | AC23: =VLOOKUP($A23,平滑数据导入!$A$1:$AN$61,COLUMN(平滑数据导入!H$1),0) -> 8445.0951 | AD23: =VLOOKUP($A23,平滑数据导入!$A$1:$AN$61,COLUMN(平滑数据导入!I$1),0) -> 8561.0888 | AE23: =VLOOKUP(A23,情景假设!$B$48:$S$88,15,0)/情景假设!P$47*AE$13 -> 8662.0114 | AF23: =VLOOKUP($A23,平滑数据导入!$A$1:$AN$61,COLUMN(平滑数据导入!K$1),0) -> 8750.8291 | AG23: =VLOOKUP($A23,平滑数据导入!$A$1:$AN$61,COLUMN(平滑数据导入!L$1),0) -> 8827.7434 | AH23: =VLOOKUP($A23,平滑数据导入!$A$1:$AN$61,COLUMN(平滑数据导入!M$1),0) -> 8892.2789 | AI23: =VLOOKUP($A23,平滑数据导入!$A$1:$AN$61,COLUMN(平滑数据导入!N$1),0) -> 8944.0076 | AJ23: =VLOOKUP(A23,情景假设!$B$48:$S$88,16,0)/情景假设!Q$47*AJ$13 -> 8982.5529 | AK23: =VLOOKUP($A23,平滑数据导入!$A$1:$AN$61,COLUMN(平滑数据导入!P$1),0) -> 9007.7138 | AL23: =VLOOKUP($A23,平滑数据导入!$A$1:$AN$61,COLUMN(平滑数据导入!Q$1),0) -> 9019.8305 | AM23: =VLOOKUP($A23,平滑数据导入!$A$1:$AN$61,COLUMN(平滑数据导入!R$1),0) -> 9019.4239 | AN23: =VLOOKUP($A23,平滑数据导入!$A$1:$AN$61,COLUMN(平滑数据导入!S$1),0) -> 9007.069 | AO23: =VLOOKUP($A23,平滑数据导入!$A$1:$AN$61,COLUMN(平滑数据导入!T$1),0) -> 8983.3862 | AP23: =VLOOKUP($A23,平滑数据导入!$A$1:$AN$61,COLUMN(平滑数据导入!U$1),0) -> 8949.0343 | AQ23: =VLOOKUP($A23,平滑数据导入!$A$1:$AN$61,COLUMN(平滑数据导入!V$1),0) -> 8904.7029 | AR23: =VLOOKUP($A23,平滑数据导入!$A$1:$AN$61,COLUMN(平滑数据导入!W$1),0) -> 8851.1047 | ... AX23: =VLOOKUP($A23,平滑数据导入!$A$1:$AN$61,COLUMN(平滑数据导入!AC$1),0) -> 8376.1323 | AY23: =VLOOKUP(A23,情景假设!$B$48:$S$88,17,0)/情景假设!R$47*AY$13 -> 8278.2536 | AZ23: =VLOOKUP($A23,平滑数据导入!$A$1:$AN$61,COLUMN(平滑数据导入!AE$1),0) -> 8176.92 | BA23: =VLOOKUP($A23,平滑数据导入!$A$1:$AN$61,COLUMN(平滑数据导入!AF$1),0) -> 8072.8008 | BB23: =VLOOKUP($A23,平滑数据导入!$A$1:$AN$61,COLUMN(平滑数据导入!AG$1),0) -> 7966.5413 | BC23: =VLOOKUP($A23,平滑数据导入!$A$1:$AN$61,COLUMN(平滑数据导入!AH$1),0) -> 7858.7616 | BD23: =VLOOKUP($A23,平滑数据导入!$A$1:$AN$61,COLUMN(平滑数据导入!AI$1),0) -> 7750.0547 | BE23: =VLOOKUP($A23,平滑数据导入!$A$1:$AN$61,COLUMN(平滑数据导入!AJ$1),0) -> 7640.986 | BF23: =VLOOKUP($A23,平滑数据导入!$A$1:$AN$61,COLUMN(平滑数据导入!AK$1),0) -> 7532.0926 | BG23: =VLOOKUP($A23,平滑数据导入!$A$1:$AN$61,COLUMN(平滑数据导入!AL$1),0) -> 7423.8835 | BH23: =VLOOKUP($A23,平滑数据导入!$A$1:$AN$61,COLUMN(平滑数据导入!AM$1),0) -> 7316.8393 | BI23: =VLOOKUP(A23,情景假设!$B$48:$S$88,18,0)/情景假设!S$47*BI$13 -> 7211.4134
A24: 烟草制品业 | I24: ='增加值 (2001-2022, 当年价) '!I24*I$77 -> 5910.2529 | J24: ='增加值 (2001-2022, 当年价) '!J24*J$77 -> 6061.9868 | K24: ='增加值 (2001-2022, 当年价) '!K24*K$77 -> 6587.4238 | L24: ='增加值 (2001-2022, 当年价) '!L24*L$77 -> 7127.2733 | M24: ='增加值 (2001-2022, 当年价) '!M24*M$77 -> 7416.1355 | N24: ='增加值 (2001-2022, 当年价) '!N24*N$77 -> 7552.2827 | O24: ='增加值 (2001-2022, 当年价) '!O24*O$77 -> 7834.315 | P24: ='增加值 (2001-2022, 当年价) '!P24*P$77 -> 7685.1773 | ... W24: ='增加值 (2001-2022, 当年价) '!W24*W$77 -> 9019.4532 | X24: =VLOOKUP($A24,平滑数据导入!$A$1:$AN$61,COLUMN(平滑数据导入!C$1),0) -> 9253.8256 | Y24: =VLOOKUP($A24,平滑数据导入!$A$1:$AN$61,COLUMN(平滑数据导入!D$1),0) -> 9456.8148 | Z24: =VLOOKUP(A24,情景假设!$B$48:$S$88,14,0)/情景假设!O$47*Z$13 -> 9629.8169 | AA24: =VLOOKUP($A24,平滑数据导入!$A$1:$AN$61,COLUMN(平滑数据导入!F$1),0) -> 9774.7991 | AB24: =VLOOKUP($A24,平滑数据导入!$A$1:$AN$61,COLUMN(平滑数据导入!G$1),0) -> 9894.2164 | AC24: =VLOOKUP($A24,平滑数据导入!$A$1:$AN$61,COLUMN(平滑数据导入!H$1),0) -> 9990.9279 | AD24: =VLOOKUP($A24,平滑数据导入!$A$1:$AN$61,COLUMN(平滑数据导入!I$1),0) -> 10068.116 | AE24: =VLOOKUP(A24,情景假设!$B$48:$S$88,15,0)/情景假设!P$47*AE$13 -> 10129.21 | AF24: =VLOOKUP($A24,平滑数据导入!$A$1:$AN$61,COLUMN(平滑数据导入!K$1),0) -> 10177.134 | AG24: =VLOOKUP($A24,平滑数据导入!$A$1:$AN$61,COLUMN(平滑数据导入!L$1),0) -> 10212.142 | AH24: =VLOOKUP($A24,平滑数据导入!$A$1:$AN$61,COLUMN(平滑数据导入!M$1),0) -> 10233.849 | AI24: =VLOOKUP($A24,平滑数据导入!$A$1:$AN$61,COLUMN(平滑数据导入!N$1),0) -> 10241.916 | AJ24: =VLOOKUP(A24,情景假设!$B$48:$S$88,16,0)/情景假设!Q$47*AJ$13 -> 10236.06 | AK24: =VLOOKUP($A24,平滑数据导入!$A$1:$AN$61,COLUMN(平滑数据导入!P$1),0) -> 10216.2 | AL24: =VLOOKUP($A24,平滑数据导入!$A$1:$AN$61,COLUMN(平滑数据导入!Q$1),0) -> 10182.896 | AM24: =VLOOKUP($A24,平滑数据导入!$A$1:$AN$61,COLUMN(平滑数据导入!R$1),0) -> 10136.905 | AN24: =VLOOKUP($A24,平滑数据导入!$A$1:$AN$61,COLUMN(平滑数据导入!S$1),0) -> 10079.016 | AO24: =VLOOKUP($A24,平滑数据导入!$A$1:$AN$61,COLUMN(平滑数据导入!T$1),0) -> 10010.053 | AP24: =VLOOKUP($A24,平滑数据导入!$A$1:$AN$61,COLUMN(平滑数据导入!U$1),0) -> 9930.8565 | AQ24: =VLOOKUP($A24,平滑数据导入!$A$1:$AN$61,COLUMN(平滑数据导入!V$1),0) -> 9842.2826 | AR24: =VLOOKUP($A24,平滑数据导入!$A$1:$AN$61,COLUMN(平滑数据导入!W$1),0) -> 9745.1927 | ... AX24: =VLOOKUP($A24,平滑数据导入!$A$1:$AN$61,COLUMN(平滑数据导入!AC$1),0) -> 9031.2301 | AY24: =VLOOKUP(A24,情景假设!$B$48:$S$88,17,0)/情景假设!R$47*AY$13 -> 8897.8853 | AZ24: =VLOOKUP($A24,平滑数据导入!$A$1:$AN$61,COLUMN(平滑数据导入!AE$1),0) -> 8762.4509 | BA24: =VLOOKUP($A24,平滑数据导入!$A$1:$AN$61,COLUMN(平滑数据导入!AF$1),0) -> 8625.6131 | BB24: =VLOOKUP($A24,平滑数据导入!$A$1:$AN$61,COLUMN(平滑数据导入!AG$1),0) -> 8488.0241 | BC24: =VLOOKUP($A24,平滑数据导入!$A$1:$AN$61,COLUMN(平滑数据导入!AH$1),0) -> 8350.3018 | BD24: =VLOOKUP($A24,平滑数据导入!$A$1:$AN$61,COLUMN(平滑数据导入!AI$1),0) -> 8213.0291 | BE24: =VLOOKUP($A24,平滑数据导入!$A$1:$AN$61,COLUMN(平滑数据导入!AJ$1),0) -> 8076.7537 | BF24: =VLOOKUP($A24,平滑数据导入!$A$1:$AN$61,COLUMN(平滑数据导入!AK$1),0) -> 7941.9892 | BG24: =VLOOKUP($A24,平滑数据导入!$A$1:$AN$61,COLUMN(平滑数据导入!AL$1),0) -> 7809.2153 | BH24: =VLOOKUP($A24,平滑数据导入!$A$1:$AN$61,COLUMN(平滑数据导入!AM$1),0) -> 7678.8791 | BI24: =VLOOKUP(A24,情景假设!$B$48:$S$88,18,0)/情景假设!S$47*BI$13 -> 7551.3965
A25: 纺织业 | I25: ='增加值 (2001-2022, 当年价) '!I25*I$77 -> 5647.7681 | J25: ='增加值 (2001-2022, 当年价) '!J25*J$77 -> 5808.8245 | K25: ='增加值 (2001-2022, 当年价) '!K25*K$77 -> 6295.3948 | L25: ='增加值 (2001-2022, 当年价) '!L25*L$77 -> 6551.1999 | M25: ='增加值 (2001-2022, 当年价) '!M25*M$77 -> 6997.5786 | N25: ='增加值 (2001-2022, 当年价) '!N25*N$77 -> 7225.7533 | O25: ='增加值 (2001-2022, 当年价) '!O25*O$77 -> 7391.6787 | P25: ='增加值 (2001-2022, 当年价) '!P25*P$77 -> 7503.4187 | ... W25: ='增加值 (2001-2022, 当年价) '!W25*W$77 -> 8119.8361 | X25: =VLOOKUP($A25,平滑数据导入!$A$1:$AN$61,COLUMN(平滑数据导入!C$1),0) -> 8094.1 | Y25: =VLOOKUP($A25,平滑数据导入!$A$1:$AN$61,COLUMN(平滑数据导入!D$1),0) -> 8067.1591 | Z25: =VLOOKUP(A25,情景假设!$B$48:$S$88,14,0)/情景假设!O$47*Z$13 -> 8037.7735 | AA25: =VLOOKUP($A25,平滑数据导入!$A$1:$AN$61,COLUMN(平滑数据导入!F$1),0) -> 8004.7233 | AB25: =VLOOKUP($A25,平滑数据导入!$A$1:$AN$61,COLUMN(平滑数据导入!G$1),0) -> 7966.8131 | AC25: =VLOOKUP($A25,平滑数据导入!$A$1:$AN$61,COLUMN(平滑数据导入!H$1),0) -> 7922.8788 | AD25: =VLOOKUP($A25,平滑数据导入!$A$1:$AN$61,COLUMN(平滑数据导入!I$1),0) -> 7871.7955 | AE25: =VLOOKUP(A25,情景假设!$B$48:$S$88,15,0)/情景假设!P$47*AE$13 -> 7812.4874 | AF25: =VLOOKUP($A25,平滑数据导入!$A$1:$AN$61,COLUMN(平滑数据导入!K$1),0) -> 7744.1546 | AG25: =VLOOKUP($A25,平滑数据导入!$A$1:$AN$61,COLUMN(平滑数据导入!L$1),0) -> 7666.9142 | AH25: =VLOOKUP($A25,平滑数据导入!$A$1:$AN$61,COLUMN(平滑数据导入!M$1),0) -> 7581.1297 | AI25: =VLOOKUP($A25,平滑数据导入!$A$1:$AN$61,COLUMN(平滑数据导入!N$1),0) -> 7487.1896 | AJ25: =VLOOKUP(A25,情景假设!$B$48:$S$88,16,0)/情景假设!Q$47*AJ$13 -> 7385.504 | AK25: =VLOOKUP($A25,平滑数据导入!$A$1:$AN$61,COLUMN(平滑数据导入!P$1),0) -> 7276.5736 | AL25: =VLOOKUP($A25,平滑数据导入!$A$1:$AN$61,COLUMN(平滑数据导入!Q$1),0) -> 7161.1899 | AM25: =VLOOKUP($A25,平滑数据导入!$A$1:$AN$61,COLUMN(平滑数据导入!R$1),0) -> 7040.2028 | AN25: =VLOOKUP($A25,平滑数据导入!$A$1:$AN$61,COLUMN(平滑数据导入!S$1),0) -> 6914.4413 | AO25: =VLOOKUP($A25,平滑数据导入!$A$1:$AN$61,COLUMN(平滑数据导入!T$1),0) -> 6784.7087 | AP25: =VLOOKUP($A25,平滑数据导入!$A$1:$AN$61,COLUMN(平滑数据导入!U$1),0) -> 6651.7779 | AQ25: =VLOOKUP($A25,平滑数据导入!$A$1:$AN$61,COLUMN(平滑数据导入!V$1),0) -> 6516.3878 | AR25: =VLOOKUP($A25,平滑数据导入!$A$1:$AN$61,COLUMN(平滑数据导入!W$1),0) -> 6379.2408 | ... AX25: =VLOOKUP($A25,平滑数据导入!$A$1:$AN$61,COLUMN(平滑数据导入!AC$1),0) -> 5553.7362 | AY25: =VLOOKUP(A25,情景假设!$B$48:$S$88,17,0)/情景假设!R$47*AY$13 -> 5420.5595 | AZ25: =VLOOKUP($A25,平滑数据导入!$A$1:$AN$61,COLUMN(平滑数据导入!AE$1),0) -> 5289.7818 | BA25: =VLOOKUP($A25,平滑数据导入!$A$1:$AN$61,COLUMN(平滑数据导入!AF$1),0) -> 5161.7433 | BB25: =VLOOKUP($A25,平滑数据导入!$A$1:$AN$61,COLUMN(平滑数据导入!AG$1),0) -> 5036.7487 | BC25: =VLOOKUP($A25,平滑数据导入!$A$1:$AN$61,COLUMN(平滑数据导入!AH$1),0) -> 4915.0693 | BD25: =VLOOKUP($A25,平滑数据导入!$A$1:$AN$61,COLUMN(平滑数据导入!AI$1),0) -> 4796.9446 | BE25: =VLOOKUP($A25,平滑数据导入!$A$1:$AN$61,COLUMN(平滑数据导入!AJ$1),0) -> 4682.5855 | BF25: =VLOOKUP($A25,平滑数据导入!$A$1:$AN$61,COLUMN(平滑数据导入!AK$1),0) -> 4572.1756 | BG25: =VLOOKUP($A25,平滑数据导入!$A$1:$AN$61,COLUMN(平滑数据导入!AL$1),0) -> 4465.8744 | BH25: =VLOOKUP($A25,平滑数据导入!$A$1:$AN$61,COLUMN(平滑数据导入!AM$1),0) -> 4363.8192 | BI25: =VLOOKUP(A25,情景假设!$B$48:$S$88,18,0)/情景假设!S$47*BI$13 -> 4266.128
... A54: 水的生产和供应业 | I54: ='增加值 (2001-2022, 当年价) '!I54*I$77 -> 772.52531 | J54: ='增加值 (2001-2022, 当年价) '!J54*J$77 -> 769.65677 | K54: ='增加值 (2001-2022, 当年价) '!K54*K$77 -> 789.2808 | L54: ='增加值 (2001-2022, 当年价) '!L54*L$77 -> 813.76814 | M54: ='增加值 (2001-2022, 当年价) '!M54*M$77 -> 809.56375 | N54: ='增加值 (2001-2022, 当年价) '!N54*N$77 -> 820.58065 | O54: ='增加值 (2001-2022, 当年价) '!O54*O$77 -> 844.93069 | P54: ='增加值 (2001-2022, 当年价) '!P54*P$77 -> 846.48121 | ... W54: ='增加值 (2001-2022, 当年价) '!W54*W$77 -> 1298.5976 | X54: =VLOOKUP($A54,平滑数据导入!$A$1:$AN$61,COLUMN(平滑数据导入!C$1),0) -> 1369.3309 | Y54: =VLOOKUP($A54,平滑数据导入!$A$1:$AN$61,COLUMN(平滑数据导入!D$1),0) -> 1445.7802 | Z54: =VLOOKUP(A54,情景假设!$B$48:$S$88,14,0)/情景假设!O$47*Z$13 -> 1527.3397 | AA54: =VLOOKUP($A54,平滑数据导入!$A$1:$AN$61,COLUMN(平滑数据导入!F$1),0) -> 1613.1993 | AB54: =VLOOKUP($A54,平滑数据导入!$A$1:$AN$61,COLUMN(平滑数据导入!G$1),0) -> 1702.3109 | AC54: =VLOOKUP($A54,平滑数据导入!$A$1:$AN$61,COLUMN(平滑数据导入!H$1),0) -> 1793.3609 | AD54: =VLOOKUP($A54,平滑数据导入!$A$1:$AN$61,COLUMN(平滑数据导入!I$1),0) -> 1884.7511 | AE54: =VLOOKUP(A54,情景假设!$B$48:$S$88,15,0)/情景假设!P$47*AE$13 -> 1974.5914 | AF54: =VLOOKUP($A54,平滑数据导入!$A$1:$AN$61,COLUMN(平滑数据导入!K$1),0) -> 2060.9906 | AG54: =VLOOKUP($A54,平滑数据导入!$A$1:$AN$61,COLUMN(平滑数据导入!L$1),0) -> 2143.0152 | AH54: =VLOOKUP($A54,平滑数据导入!$A$1:$AN$61,COLUMN(平滑数据导入!M$1),0) -> 2220.0309 | AI54: =VLOOKUP($A54,平滑数据导入!$A$1:$AN$61,COLUMN(平滑数据导入!N$1),0) -> 2291.4552 | AJ54: =VLOOKUP(A54,情景假设!$B$48:$S$88,16,0)/情景假设!Q$47*AJ$13 -> 2356.7652 | AK54: =VLOOKUP($A54,平滑数据导入!$A$1:$AN$61,COLUMN(平滑数据导入!P$1),0) -> 2415.5727 | AL54: =VLOOKUP($A54,平滑数据导入!$A$1:$AN$61,COLUMN(平滑数据导入!Q$1),0) -> 2467.8431 | AM54: =VLOOKUP($A54,平滑数据导入!$A$1:$AN$61,COLUMN(平滑数据导入!R$1),0) -> 2513.7127 | AN54: =VLOOKUP($A54,平滑数据导入!$A$1:$AN$61,COLUMN(平滑数据导入!S$1),0) -> 2553.415 | AO54: =VLOOKUP($A54,平滑数据导入!$A$1:$AN$61,COLUMN(平滑数据导入!T$1),0) -> 2587.2703 | AP54: =VLOOKUP($A54,平滑数据导入!$A$1:$AN$61,COLUMN(平滑数据导入!U$1),0) -> 2615.6755 | AQ54: =VLOOKUP($A54,平滑数据导入!$A$1:$AN$61,COLUMN(平滑数据导入!V$1),0) -> 2639.0923 | AR54: =VLOOKUP($A54,平滑数据导入!$A$1:$AN$61,COLUMN(平滑数据导入!W$1),0) -> 2658.0365 | ... AX54: =VLOOKUP($A54,平滑数据导入!$A$1:$AN$61,COLUMN(平滑数据导入!AC$1),0) -> 2711.0626 | AY54: =VLOOKUP(A54,情景假设!$B$48:$S$88,17,0)/情景假设!R$47*AY$13 -> 2715.7599 | AZ54: =VLOOKUP($A54,平滑数据导入!$A$1:$AN$61,COLUMN(平滑数据导入!AE$1),0) -> 2721.0394 | BA54: =VLOOKUP($A54,平滑数据导入!$A$1:$AN$61,COLUMN(平滑数据导入!AF$1),0) -> 2727.5763 | BB54: =VLOOKUP($A54,平滑数据导入!$A$1:$AN$61,COLUMN(平滑数据导入!AG$1),0) -> 2736.0537 | BC54: =VLOOKUP($A54,平滑数据导入!$A$1:$AN$61,COLUMN(平滑数据导入!AH$1),0) -> 2747.1663 | BD54: =VLOOKUP($A54,平滑数据导入!$A$1:$AN$61,COLUMN(平滑数据导入!AI$1),0) -> 2761.6263 | BE54: =VLOOKUP($A54,平滑数据导入!$A$1:$AN$61,COLUMN(平滑数据导入!AJ$1),0) -> 2780.1708 | BF54: =VLOOKUP($A54,平滑数据导入!$A$1:$AN$61,COLUMN(平滑数据导入!AK$1),0) -> 2803.5717 | BG54: =VLOOKUP($A54,平滑数据导入!$A$1:$AN$61,COLUMN(平滑数据导入!AL$1),0) -> 2832.6471 | BH54: =VLOOKUP($A54,平滑数据导入!$A$1:$AN$61,COLUMN(平滑数据导入!AM$1),0) -> 2868.2757 | BI54: =VLOOKUP(A54,情景假设!$B$48:$S$88,18,0)/情景假设!S$47*BI$13 -> 2911.4136
A56: 第三产业 | B56: =B2-B3-B4-B5 -> 85159.973 | C56: =C2-C3-C4-C5 -> 95166.704 | D56: =D2-D3-D4-D5 -> 104088.24 | E56: =E2-E3-E4-E5 -> 112231.02 | F56: =F2-F3-F4-F5 -> 125401.69 | G56: =G2-G3-G4-G5 -> 142978.37 | H56: =H2-H3-H4-H5 -> 167541.49 | I56: =I2-I3-I4-I5 -> 183610.21 | ... W56: =W2-W3-W4-W5 -> 591543.44 | X56: =SUM(X57:X70) -> 629006.02 | Y56: =SUM(Y57:Y70) -> 669738.7 | Z56: =Z2-Z3-Z4-Z5 -> 713506.35 | AA56: =SUM(AA57:AA70) -> 759968.87 | AB56: =SUM(AB57:AB70) -> 808660.71 | AC56: =SUM(AC57:AC70) -> 858972.77 | AD56: =SUM(AD57:AD70) -> 910138.41 | AE56: =AE2*情景假设!F16 -> 961225.83 | AF56: =SUM(AF57:AF70) -> 1011379.1 | AG56: =SUM(AG57:AG70) -> 1060639.7 | AH56: =SUM(AH57:AH70) -> 1109392 | AI56: =SUM(AI57:AI70) -> 1158146.1 | AJ56: =AJ2*情景假设!F17 -> 1207537.4 | AK56: =SUM(AK57:AK70) -> 1258168.5 | AL56: =SUM(AL57:AL70) -> 1310078 | AM56: =SUM(AM57:AM70) -> 1363137.9 | AN56: =SUM(AN57:AN70) -> 1417201.9 | AO56: =SUM(AO57:AO70) -> 1472104.6 | AP56: =SUM(AP57:AP70) -> 1527661.3 | AQ56: =SUM(AQ57:AQ70) -> 1583667.4 | AR56: =SUM(AR57:AR70) -> 1639898.7 | ... AX56: =SUM(AX57:AX70) -> 1967140.2 | AY56: =AY2*情景假设!F18 -> 2017177.6 | AZ56: =SUM(AZ57:AZ70) -> 2065054.1 | BA56: =SUM(BA57:BA70) -> 2110427.5 | BB56: =SUM(BB57:BB70) -> 2152955.9 | BC56: =SUM(BC57:BC70) -> 2192301.8 | BD56: =SUM(BD57:BD70) -> 2228136.5 | BE56: =SUM(BE57:BE70) -> 2260144.2 | BF56: =SUM(BF57:BF70) -> 2288026.5 | BG56: =SUM(BG57:BG70) -> 2311507.1 | BH56: =SUM(BH57:BH70) -> 2330336 | BI56: =BI2*情景假设!F19 -> 2344293.6
A57: 交运仓邮 | B57: =B$77*'增加值 (2001-2022, 当年价) '!B57 -> 12922.197 | C57: =C$77*'增加值 (2001-2022, 当年价) '!C57 -> 14005.145 | D57: =D$77*'增加值 (2001-2022, 当年价) '!D57 -> 14410.717 | E57: =E$77*'增加值 (2001-2022, 当年价) '!E57 -> 15841.241 | F57: =F$77*'增加值 (2001-2022, 当年价) '!F57 -> 17478.67 | G57: =G$77*'增加值 (2001-2022, 当年价) '!G57 -> 19206.904 | H57: =H$77*'增加值 (2001-2022, 当年价) '!H57 -> 21357.812 | I57: =I$77*'增加值 (2001-2022, 当年价) '!I57 -> 22214.293 | ... W57: =W$77*'增加值 (2001-2022, 当年价) '!W57 -> 46450.003 | X57: =VLOOKUP($A57,平滑数据导入!$A$1:$AN$61,COLUMN(平滑数据导入!C$1),0) -> 48311.096 | Y57: =VLOOKUP($A57,平滑数据导入!$A$1:$AN$61,COLUMN(平滑数据导入!D$1),0) -> 50291.271 | Z57: =VLOOKUP(A57,情景假设!$B$29:$S$42,14,0)/情景假设!O$28*Z$56 -> 52364.67 | AA57: =VLOOKUP($A57,平滑数据导入!$A$1:$AN$61,COLUMN(平滑数据导入!F$1),0) -> 54500.397 | AB57: =VLOOKUP($A57,平滑数据导入!$A$1:$AN$61,COLUMN(平滑数据导入!G$1),0) -> 56662.006 | AC57: =VLOOKUP($A57,平滑数据导入!$A$1:$AN$61,COLUMN(平滑数据导入!H$1),0) -> 58807.227 | AD57: =VLOOKUP($A57,平滑数据导入!$A$1:$AN$61,COLUMN(平滑数据导入!I$1),0) -> 60887.956 | AE57: =VLOOKUP(A57,情景假设!$B$29:$S$42,15,0)/情景假设!P$28*AE$56 -> 62850.612 | AF57: =VLOOKUP($A57,平滑数据导入!$A$1:$AN$61,COLUMN(平滑数据导入!K$1),0) -> 64650.658 | AG57: =VLOOKUP($A57,平滑数据导入!$A$1:$AN$61,COLUMN(平滑数据导入!L$1),0) -> 66297.833 | AH57: =VLOOKUP($A57,平滑数据导入!$A$1:$AN$61,COLUMN(平滑数据导入!M$1),0) -> 67820.15 | AI57: =VLOOKUP($A57,平滑数据导入!$A$1:$AN$61,COLUMN(平滑数据导入!N$1),0) -> 69250.232 | AJ57: =VLOOKUP(A57,情景假设!$B$29:$S$42,16,0)/情景假设!Q$28*AJ$56 -> 70624.741 | AK57: =VLOOKUP($A57,平滑数据导入!$A$1:$AN$61,COLUMN(平滑数据导入!P$1),0) -> 71975.237 | AL57: =VLOOKUP($A57,平滑数据导入!$A$1:$AN$61,COLUMN(平滑数据导入!Q$1),0) -> 73300.506 | AM57: =VLOOKUP($A57,平滑数据导入!$A$1:$AN$61,COLUMN(平滑数据导入!R$1),0) -> 74590.395 | AN57: =VLOOKUP($A57,平滑数据导入!$A$1:$AN$61,COLUMN(平滑数据导入!S$1),0) -> 75834.238 | AO57: =VLOOKUP($A57,平滑数据导入!$A$1:$AN$61,COLUMN(平滑数据导入!T$1),0) -> 77020.914 | AP57: =VLOOKUP($A57,平滑数据导入!$A$1:$AN$61,COLUMN(平滑数据导入!U$1),0) -> 78138.909 | AQ57: =VLOOKUP($A57,平滑数据导入!$A$1:$AN$61,COLUMN(平滑数据导入!V$1),0) -> 79176.407 | AR57: =VLOOKUP($A57,平滑数据导入!$A$1:$AN$61,COLUMN(平滑数据导入!W$1),0) -> 80121.382 | ... AX57: =VLOOKUP($A57,平滑数据导入!$A$1:$AN$61,COLUMN(平滑数据导入!AC$1),0) -> 83180.258 | AY57: =VLOOKUP(A57,情景假设!$B$29:$S$42,17,0)/情景假设!R$28*AY$56 -> 83150.758 | AZ57: =VLOOKUP($A57,平滑数据导入!$A$1:$AN$61,COLUMN(平滑数据导入!AE$1),0) -> 82941.478 | BA57: =VLOOKUP($A57,平滑数据导入!$A$1:$AN$61,COLUMN(平滑数据导入!AF$1),0) -> 82545.112 | BB57: =VLOOKUP($A57,平滑数据导入!$A$1:$AN$61,COLUMN(平滑数据导入!AG$1),0) -> 81955.747 | BC57: =VLOOKUP($A57,平滑数据导入!$A$1:$AN$61,COLUMN(平滑数据导入!AH$1),0) -> 81169.03 | BD57: =VLOOKUP($A57,平滑数据导入!$A$1:$AN$61,COLUMN(平滑数据导入!AI$1),0) -> 80182.318 | BE57: =VLOOKUP($A57,平滑数据导入!$A$1:$AN$61,COLUMN(平滑数据导入!AJ$1),0) -> 78994.818 | BF57: =VLOOKUP($A57,平滑数据导入!$A$1:$AN$61,COLUMN(平滑数据导入!AK$1),0) -> 77607.692 | BG57: =VLOOKUP($A57,平滑数据导入!$A$1:$AN$61,COLUMN(平滑数据导入!AL$1),0) -> 76024.141 | BH57: =VLOOKUP($A57,平滑数据导入!$A$1:$AN$61,COLUMN(平滑数据导入!AM$1),0) -> 74249.46 | BI57: =VLOOKUP(A57,情景假设!$B$29:$S$42,18,0)/情景假设!S$28*BI$56 -> 72291.048
A58: 批发零售 | B58: =B$77*'增加值 (2001-2022, 当年价) '!B58 -> 17152.616 | C58: =C$77*'增加值 (2001-2022, 当年价) '!C58 -> 18681.75 | D58: =D$77*'增加值 (2001-2022, 当年价) '!D58 -> 20339.743 | E58: =E$77*'增加值 (2001-2022, 当年价) '!E58 -> 21201.883 | F58: =F$77*'增加值 (2001-2022, 当年价) '!F58 -> 22884.561 | G58: =G$77*'增加值 (2001-2022, 当年价) '!G58 -> 26058.396 | H58: =H$77*'增加值 (2001-2022, 当年价) '!H58 -> 30623.281 | I58: =I$77*'增加值 (2001-2022, 当年价) '!I58 -> 35540.209 | ... W58: =W$77*'增加值 (2001-2022, 当年价) '!W58 -> 107085.79 | X58: =VLOOKUP($A58,平滑数据导入!$A$1:$AN$61,COLUMN(平滑数据导入!C$1),0) -> 111656.94 | Y58: =VLOOKUP($A58,平滑数据导入!$A$1:$AN$61,COLUMN(平滑数据导入!D$1),0) -> 116516.9 | Z58: =VLOOKUP(A58,情景假设!$B$29:$S$42,14,0)/情景假设!O$28*Z$56 -> 121606.9 | AA58: =VLOOKUP($A58,平滑数据导入!$A$1:$AN$61,COLUMN(平滑数据导入!F$1),0) -> 126855.82 | AB58: =VLOOKUP($A58,平滑数据导入!$A$1:$AN$61,COLUMN(平滑数据导入!G$1),0) -> 132178.92 | AC58: =VLOOKUP($A58,平滑数据导入!$A$1:$AN$61,COLUMN(平滑数据导入!H$1),0) -> 137477.11 | AD58: =VLOOKUP($A58,平滑数据导入!$A$1:$AN$61,COLUMN(平滑数据导入!I$1),0) -> 142636.87 | AE58: =VLOOKUP(A58,情景假设!$B$29:$S$42,15,0)/情景假设!P$28*AE$56 -> 147530.97 | AF58: =VLOOKUP($A58,平滑数据导入!$A$1:$AN$61,COLUMN(平滑数据导入!K$1),0) -> 152052.59 | AG58: =VLOOKUP($A58,平滑数据导入!$A$1:$AN$61,COLUMN(平滑数据导入!L$1),0) -> 156222.33 | AH58: =VLOOKUP($A58,平滑数据导入!$A$1:$AN$61,COLUMN(平滑数据导入!M$1),0) -> 160104.26 | AI58: =VLOOKUP($A58,平滑数据导入!$A$1:$AN$61,COLUMN(平滑数据导入!N$1),0) -> 163774.05 | AJ58: =VLOOKUP(A58,情景假设!$B$29:$S$42,16,0)/情景假设!Q$28*AJ$56 -> 167317.58 | AK58: =VLOOKUP($A58,平滑数据导入!$A$1:$AN$61,COLUMN(平滑数据导入!P$1),0) -> 170809.32 | AL58: =VLOOKUP($A58,平滑数据导入!$A$1:$AN$61,COLUMN(平滑数据导入!Q$1),0) -> 174246.24 | AM58: =VLOOKUP($A58,平滑数据导入!$A$1:$AN$61,COLUMN(平滑数据导入!R$1),0) -> 177604.05 | AN58: =VLOOKUP($A58,平滑数据导入!$A$1:$AN$61,COLUMN(平滑数据导入!S$1),0) -> 180857.12 | AO58: =VLOOKUP($A58,平滑数据导入!$A$1:$AN$61,COLUMN(平滑数据导入!T$1),0) -> 183978.61 | AP58: =VLOOKUP($A58,平滑数据导入!$A$1:$AN$61,COLUMN(平滑数据导入!U$1),0) -> 186940.66 | AQ58: =VLOOKUP($A58,平滑数据导入!$A$1:$AN$61,COLUMN(平滑数据导入!V$1),0) -> 189714.54 | AR58: =VLOOKUP($A58,平滑数据导入!$A$1:$AN$61,COLUMN(平滑数据导入!W$1),0) -> 192270.9 | ... AX58: =VLOOKUP($A58,平滑数据导入!$A$1:$AN$61,COLUMN(平滑数据导入!AC$1),0) -> 201395.08 | AY58: =VLOOKUP(A58,情景假设!$B$29:$S$42,17,0)/情景假设!R$28*AY$56 -> 201620.3 | AZ58: =VLOOKUP($A58,平滑数据导入!$A$1:$AN$61,COLUMN(平滑数据导入!AE$1),0) -> 201410.17 | BA58: =VLOOKUP($A58,平滑数据导入!$A$1:$AN$61,COLUMN(平滑数据导入!AF$1),0) -> 200745.56 | BB58: =VLOOKUP($A58,平滑数据导入!$A$1:$AN$61,COLUMN(平滑数据导入!AG$1),0) -> 199610.63 | BC58: =VLOOKUP($A58,平滑数据导入!$A$1:$AN$61,COLUMN(平滑数据导入!AH$1),0) -> 197993.18 | BD58: =VLOOKUP($A58,平滑数据导入!$A$1:$AN$61,COLUMN(平滑数据导入!AI$1),0) -> 195885.07 | BE58: =VLOOKUP($A58,平滑数据导入!$A$1:$AN$61,COLUMN(平滑数据导入!AJ$1),0) -> 193282.57 | BF58: =VLOOKUP($A58,平滑数据导入!$A$1:$AN$61,COLUMN(平滑数据导入!AK$1),0) -> 190186.65 | BG58: =VLOOKUP($A58,平滑数据导入!$A$1:$AN$61,COLUMN(平滑数据导入!AL$1),0) -> 186603.17 | BH58: =VLOOKUP($A58,平滑数据导入!$A$1:$AN$61,COLUMN(平滑数据导入!AM$1),0) -> 182543.07 | BI58: =VLOOKUP(A58,情景假设!$B$29:$S$42,18,0)/情景假设!S$28*BI$56 -> 178022.45
A59: 餐饮住宿 | B59: =B$77*'增加值 (2001-2022, 当年价) '!B59 -> 4513.6386 | C59: =C$77*'增加值 (2001-2022, 当年价) '!C59 -> 5092.0326 | D59: =D$77*'增加值 (2001-2022, 当年价) '!D59 -> 5691.7852 | E59: =E$77*'增加值 (2001-2022, 当年价) '!E59 -> 6238.1109 | F59: =F$77*'增加值 (2001-2022, 当年价) '!F59 -> 6873.8055 | G59: =G$77*'增加值 (2001-2022, 当年价) '!G59 -> 7553.6469 | H59: =H$77*'增加值 (2001-2022, 当年价) '!H59 -> 8113.2808 | I59: =I$77*'增加值 (2001-2022, 当年价) '!I59 -> 8979.4463 | ... W59: =W$77*'增加值 (2001-2022, 当年价) '!W59 -> 16696.536 | X59: =VLOOKUP($A59,平滑数据导入!$A$1:$AN$61,COLUMN(平滑数据导入!C$1),0) -> 17477.111 | Y59: =VLOOKUP($A59,平滑数据导入!$A$1:$AN$61,COLUMN(平滑数据导入!D$1),0) -> 18306.608 | Z59: =VLOOKUP(A59,情景假设!$B$29:$S$42,14,0)/情景假设!O$28*Z$56 -> 19176.081 | AA59: =VLOOKUP($A59,平滑数据导入!$A$1:$AN$61,COLUMN(平滑数据导入!F$1),0) -> 20074.482 | AB59: =VLOOKUP($A59,平滑数据导入!$A$1:$AN$61,COLUMN(平滑数据导入!G$1),0) -> 20988.439 | AC59: =VLOOKUP($A59,平滑数据导入!$A$1:$AN$61,COLUMN(平滑数据导入!H$1),0) -> 21902.112 | AD59: =VLOOKUP($A59,平滑数据导入!$A$1:$AN$61,COLUMN(平滑数据导入!I$1),0) -> 22797.157 | AE59: =VLOOKUP(A59,情景假设!$B$29:$S$42,15,0)/情景假设!P$28*AE$56 -> 23652.825 | AF59: =VLOOKUP($A59,平滑数据导入!$A$1:$AN$61,COLUMN(平滑数据导入!K$1),0) -> 24451.437 | AG59: =VLOOKUP($A59,平滑数据导入!$A$1:$AN$61,COLUMN(平滑数据导入!L$1),0) -> 25195.724 | AH59: =VLOOKUP($A59,平滑数据导入!$A$1:$AN$61,COLUMN(平滑数据导入!M$1),0) -> 25895.546 | AI59: =VLOOKUP($A59,平滑数据导入!$A$1:$AN$61,COLUMN(平滑数据导入!N$1),0) -> 26562.797 | AJ59: =VLOOKUP(A59,情景假设!$B$29:$S$42,16,0)/情景假设!Q$28*AJ$56 -> 27211.202 | AK59: =VLOOKUP($A59,平滑数据导入!$A$1:$AN$61,COLUMN(平滑数据导入!P$1),0) -> 27852.789 | AL59: =VLOOKUP($A59,平滑数据导入!$A$1:$AN$61,COLUMN(平滑数据导入!Q$1),0) -> 28487.032 | AM59: =VLOOKUP($A59,平滑数据导入!$A$1:$AN$61,COLUMN(平滑数据导入!R$1),0) -> 29109.916 | AN59: =VLOOKUP($A59,平滑数据导入!$A$1:$AN$61,COLUMN(平滑数据导入!S$1),0) -> 29717.182 | AO59: =VLOOKUP($A59,平滑数据导入!$A$1:$AN$61,COLUMN(平滑数据导入!T$1),0) -> 30304.343 | AP59: =VLOOKUP($A59,平滑数据导入!$A$1:$AN$61,COLUMN(平滑数据导入!U$1),0) -> 30866.713 | AQ59: =VLOOKUP($A59,平滑数据导入!$A$1:$AN$61,COLUMN(平滑数据导入!V$1),0) -> 31399.435 | AR59: =VLOOKUP($A59,平滑数据导入!$A$1:$AN$61,COLUMN(平滑数据导入!W$1),0) -> 31897.519 | ... AX59: =VLOOKUP($A59,平滑数据导入!$A$1:$AN$61,COLUMN(平滑数据导入!AC$1),0) -> 33874.513 | AY59: =VLOOKUP(A59,情景假设!$B$29:$S$42,17,0)/情景假设!R$28*AY$56 -> 33989.781 | AZ59: =VLOOKUP($A59,平滑数据导入!$A$1:$AN$61,COLUMN(平滑数据导入!AE$1),0) -> 34032.095 | BA59: =VLOOKUP($A59,平滑数据导入!$A$1:$AN$61,COLUMN(平滑数据导入!AF$1),0) -> 33997.87 | BB59: =VLOOKUP($A59,平滑数据导入!$A$1:$AN$61,COLUMN(平滑数据导入!AG$1),0) -> 33884.034 | BC59: =VLOOKUP($A59,平滑数据导入!$A$1:$AN$61,COLUMN(平滑数据导入!AH$1),0) -> 33688.103 | BD59: =VLOOKUP($A59,平滑数据导入!$A$1:$AN$61,COLUMN(平滑数据导入!AI$1),0) -> 33408.251 | BE59: =VLOOKUP($A59,平滑数据导入!$A$1:$AN$61,COLUMN(平滑数据导入!AJ$1),0) -> 33043.369 | BF59: =VLOOKUP($A59,平滑数据导入!$A$1:$AN$61,COLUMN(平滑数据导入!AK$1),0) -> 32593.123 | BG59: =VLOOKUP($A59,平滑数据导入!$A$1:$AN$61,COLUMN(平滑数据导入!AL$1),0) -> 32057.998 | BH59: =VLOOKUP($A59,平滑数据导入!$A$1:$AN$61,COLUMN(平滑数据导入!AM$1),0) -> 31439.327 | BI59: =VLOOKUP(A59,情景假设!$B$29:$S$42,18,0)/情景假设!S$28*BI$56 -> 30739.316
A60: 金融业 | B60: =B$77*'增加值 (2001-2022, 当年价) '!B60 -> 9784.4085 | C60: =C$77*'增加值 (2001-2022, 当年价) '!C60 -> 10382.529 | D60: =D$77*'增加值 (2001-2022, 当年价) '!D60 -> 11007.59 | E60: =E$77*'增加值 (2001-2022, 当年价) '!E60 -> 11234.659 | F60: =F$77*'增加值 (2001-2022, 当年价) '!F60 -> 12264.296 | G60: =G$77*'增加值 (2001-2022, 当年价) '!G60 -> 15717.405 | H60: =H$77*'增加值 (2001-2022, 当年价) '!H60 -> 22227.766 | I60: =I$77*'增加值 (2001-2022, 当年价) '!I60 -> 24898.857 | ... W60: =W$77*'增加值 (2001-2022, 当年价) '!W60 -> 90528.212 | X60: =VLOOKUP($A60,平滑数据导入!$A$1:$AN$61,COLUMN(平滑数据导入!C$1),0) -> 94538.416 | Y60: =VLOOKUP($A60,平滑数据导入!$A$1:$AN$61,COLUMN(平滑数据导入!D$1),0) -> 99116.204 | Z60: =VLOOKUP(A60,情景假设!$B$29:$S$42,14,0)/情景假设!O$28*Z$56 -> 104190.44 | AA60: =VLOOKUP($A60,平滑数据导入!$A$1:$AN$61,COLUMN(平滑数据导入!F$1),0) -> 109671.28 | AB60: =VLOOKUP($A60,平滑数据导入!$A$1:$AN$61,COLUMN(平滑数据导入!G$1),0) -> 115444.88 | AC60: =VLOOKUP($A60,平滑数据导入!$A$1:$AN$61,COLUMN(平滑数据导入!H$1),0) -> 121369.08 | AD60: =VLOOKUP($A60,平滑数据导入!$A$1:$AN$61,COLUMN(平滑数据导入!I$1),0) -> 127270.58 | AE60: =VLOOKUP(A60,情景假设!$B$29:$S$42,15,0)/情景假设!P$28*AE$56 -> 132944.21 | AF60: =VLOOKUP($A60,平滑数据导入!$A$1:$AN$61,COLUMN(平滑数据导入!K$1),0) -> 138200.16 | AG60: =VLOOKUP($A60,平滑数据导入!$A$1:$AN$61,COLUMN(平滑数据导入!L$1),0) -> 143016.7 | AH60: =VLOOKUP($A60,平滑数据导入!$A$1:$AN$61,COLUMN(平滑数据导入!M$1),0) -> 147430.28 | AI60: =VLOOKUP($A60,平滑数据导入!$A$1:$AN$61,COLUMN(平滑数据导入!N$1),0) -> 151492.47 | AJ60: =VLOOKUP(A60,情景假设!$B$29:$S$42,16,0)/情景假设!Q$28*AJ$56 -> 155268.2 | AK60: =VLOOKUP($A60,平滑数据导入!$A$1:$AN$61,COLUMN(平滑数据导入!P$1),0) -> 158816.72 | AL60: =VLOOKUP($A60,平滑数据导入!$A$1:$AN$61,COLUMN(平滑数据导入!Q$1),0) -> 162135.13 | AM60: =VLOOKUP($A60,平滑数据导入!$A$1:$AN$61,COLUMN(平滑数据导入!R$1),0) -> 165204.81 | AN60: =VLOOKUP($A60,平滑数据导入!$A$1:$AN$61,COLUMN(平滑数据导入!S$1),0) -> 168008.14 | AO60: =VLOOKUP($A60,平滑数据导入!$A$1:$AN$61,COLUMN(平滑数据导入!T$1),0) -> 170528.7 | AP60: =VLOOKUP($A60,平滑数据导入!$A$1:$AN$61,COLUMN(平滑数据导入!U$1),0) -> 172751.41 | AQ60: =VLOOKUP($A60,平滑数据导入!$A$1:$AN$61,COLUMN(平滑数据导入!V$1),0) -> 174662.66 | AR60: =VLOOKUP($A60,平滑数据导入!$A$1:$AN$61,COLUMN(平滑数据导入!W$1),0) -> 176250.51 | ... AX60: =VLOOKUP($A60,平滑数据导入!$A$1:$AN$61,COLUMN(平滑数据导入!AC$1),0) -> 178548.67 | AY60: =VLOOKUP(A60,情景假设!$B$29:$S$42,17,0)/情景假设!R$28*AY$56 -> 177696.05 | AZ60: =VLOOKUP($A60,平滑数据导入!$A$1:$AN$61,COLUMN(平滑数据导入!AE$1),0) -> 176494.11 | BA60: =VLOOKUP($A60,平滑数据导入!$A$1:$AN$61,COLUMN(平滑数据导入!AF$1),0) -> 174948.97 | BB60: =VLOOKUP($A60,平滑数据导入!$A$1:$AN$61,COLUMN(平滑数据导入!AG$1),0) -> 173068.77 | BC60: =VLOOKUP($A60,平滑数据导入!$A$1:$AN$61,COLUMN(平滑数据导入!AH$1),0) -> 170863.62 | BD60: =VLOOKUP($A60,平滑数据导入!$A$1:$AN$61,COLUMN(平滑数据导入!AI$1),0) -> 168345.51 | BE60: =VLOOKUP($A60,平滑数据导入!$A$1:$AN$61,COLUMN(平滑数据导入!AJ$1),0) -> 165528.17 | BF60: =VLOOKUP($A60,平滑数据导入!$A$1:$AN$61,COLUMN(平滑数据导入!AK$1),0) -> 162426.99 | BG60: =VLOOKUP($A60,平滑数据导入!$A$1:$AN$61,COLUMN(平滑数据导入!AL$1),0) -> 159058.83 | BH60: =VLOOKUP($A60,平滑数据导入!$A$1:$AN$61,COLUMN(平滑数据导入!AM$1),0) -> 155441.92 | BI60: =VLOOKUP(A60,情景假设!$B$29:$S$42,18,0)/情景假设!S$28*BI$56 -> 151595.63
A61: 房地产 | B61: =B$77*'增加值 (2001-2022, 当年价) '!B61 -> 8849.7481 | C61: =C$77*'增加值 (2001-2022, 当年价) '!C61 -> 9968.9695 | D61: =D$77*'增加值 (2001-2022, 当年价) '!D61 -> 11210.237 | E61: =E$77*'增加值 (2001-2022, 当年价) '!E61 -> 12174.087 | F61: =F$77*'增加值 (2001-2022, 当年价) '!F61 -> 13897.188 | G61: =G$77*'增加值 (2001-2022, 当年价) '!G61 -> 16266.835 | H61: =H$77*'增加值 (2001-2022, 当年价) '!H61 -> 20054.709 | I61: =I$77*'增加值 (2001-2022, 当年价) '!I61 -> 19815.693 | ... W61: =W$77*'增加值 (2001-2022, 当年价) '!W61 -> 69030.485 | X61: =VLOOKUP($A61,平滑数据导入!$A$1:$AN$61,COLUMN(平滑数据导入!C$1),0) -> 72436.597 | Y61: =VLOOKUP($A61,平滑数据导入!$A$1:$AN$61,COLUMN(平滑数据导入!D$1),0) -> 76029.801 | Z61: =VLOOKUP(A61,情景假设!$B$29:$S$42,14,0)/情景假设!O$28*Z$56 -> 79764.747 | AA61: =VLOOKUP($A61,平滑数据导入!$A$1:$AN$61,COLUMN(平滑数据导入!F$1),0) -> 83585.718 | AB61: =VLOOKUP($A61,平滑数据导入!$A$1:$AN$61,COLUMN(平滑数据导入!G$1),0) -> 87425.823 | AC61: =VLOOKUP($A61,平滑数据导入!$A$1:$AN$61,COLUMN(平滑数据导入!H$1),0) -> 91206.664 | AD61: =VLOOKUP($A61,平滑数据导入!$A$1:$AN$61,COLUMN(平滑数据导入!I$1),0) -> 94838.62 | AE61: =VLOOKUP(A61,情景假设!$B$29:$S$42,15,0)/情景假设!P$28*AE$56 -> 98221.895 | AF61: =VLOOKUP($A61,平滑数据导入!$A$1:$AN$61,COLUMN(平滑数据导入!K$1),0) -> 101277.6 | AG61: =VLOOKUP($A61,平滑数据导入!$A$1:$AN$61,COLUMN(平滑数据导入!L$1),0) -> 104044.21 | AH61: =VLOOKUP($A61,平滑数据导入!$A$1:$AN$61,COLUMN(平滑数据导入!M$1),0) -> 106601.73 | AI61: =VLOOKUP($A61,平滑数据导入!$A$1:$AN$61,COLUMN(平滑数据导入!N$1),0) -> 109042.24 | AJ61: =VLOOKUP(A61,情景假设!$B$29:$S$42,16,0)/情景假设!Q$28*AJ$56 -> 111468.42 | AK61: =VLOOKUP($A61,平滑数据导入!$A$1:$AN$61,COLUMN(平滑数据导入!P$1),0) -> 113970.18 | AL61: =VLOOKUP($A61,平滑数据导入!$A$1:$AN$61,COLUMN(平滑数据导入!Q$1),0) -> 116552.62 | AM61: =VLOOKUP($A61,平滑数据导入!$A$1:$AN$61,COLUMN(平滑数据导入!R$1),0) -> 119197.4 | AN61: =VLOOKUP($A61,平滑数据导入!$A$1:$AN$61,COLUMN(平滑数据导入!S$1),0) -> 121884.35 | AO61: =VLOOKUP($A61,平滑数据导入!$A$1:$AN$61,COLUMN(平滑数据导入!T$1),0) -> 124591.4 | AP61: =VLOOKUP($A61,平滑数据导入!$A$1:$AN$61,COLUMN(平滑数据导入!U$1),0) -> 127294.48 | AQ61: =VLOOKUP($A61,平滑数据导入!$A$1:$AN$61,COLUMN(平滑数据导入!V$1),0) -> 129967.58 | AR61: =VLOOKUP($A61,平滑数据导入!$A$1:$AN$61,COLUMN(平滑数据导入!W$1),0) -> 132582.71 | ... AX61: =VLOOKUP($A61,平滑数据导入!$A$1:$AN$61,COLUMN(平滑数据导入!AC$1),0) -> 145282.27 | AY61: =VLOOKUP(A61,情景假设!$B$29:$S$42,17,0)/情景假设!R$28*AY$56 -> 146581.55 | AZ61: =VLOOKUP($A61,平滑数据导入!$A$1:$AN$61,COLUMN(平滑数据导入!AE$1),0) -> 147554.47 | BA61: =VLOOKUP($A61,平滑数据导入!$A$1:$AN$61,COLUMN(平滑数据导入!AF$1),0) -> 148167.97 | BB61: =VLOOKUP($A61,平滑数据导入!$A$1:$AN$61,COLUMN(平滑数据导入!AG$1),0) -> 148391.04 | BC61: =VLOOKUP($A61,平滑数据导入!$A$1:$AN$61,COLUMN(平滑数据导入!AH$1),0) -> 148195.47 | BD61: =VLOOKUP($A61,平滑数据导入!$A$1:$AN$61,COLUMN(平滑数据导入!AI$1),0) -> 147556.57 | BE61: =VLOOKUP($A61,平滑数据导入!$A$1:$AN$61,COLUMN(平滑数据导入!AJ$1),0) -> 146453.93 | BF61: =VLOOKUP($A61,平滑数据导入!$A$1:$AN$61,COLUMN(平滑数据导入!AK$1),0) -> 144872.14 | BG61: =VLOOKUP($A61,平滑数据导入!$A$1:$AN$61,COLUMN(平滑数据导入!AL$1),0) -> 142801.45 | BH61: =VLOOKUP($A61,平滑数据导入!$A$1:$AN$61,COLUMN(平滑数据导入!AM$1),0) -> 140238.32 | BI61: =VLOOKUP(A61,情景假设!$B$29:$S$42,18,0)/情景假设!S$28*BI$56 -> 137185.96
A62: 信息传输、软件和信息技术服务 | K62: =K$77*'增加值 (2001-2022, 当年价) '!K62 -> 11512.105 | L62: =L$77*'增加值 (2001-2022, 当年价) '!L62 -> 12134.644 | M62: =M$77*'增加值 (2001-2022, 当年价) '!M62 -> 13731.513 | N62: =N$77*'增加值 (2001-2022, 当年价) '!N62 -> 15474.89 | O62: =O$77*'增加值 (2001-2022, 当年价) '!O62 -> 17254.984 | P62: =P$77*'增加值 (2001-2022, 当年价) '!P62 -> 19530.226 | Q62: =Q$77*'增加值 (2001-2022, 当年价) '!Q62 -> 22115.729 | R62: =R$77*'增加值 (2001-2022, 当年价) '!R62 -> 25091.611 | ... W62: =W$77*'增加值 (2001-2022, 当年价) '!W62 -> 42091.759 | X62: =VLOOKUP($A62,平滑数据导入!$A$1:$AN$61,COLUMN(平滑数据导入!C$1),0) -> 47647.432 | Y62: =VLOOKUP($A62,平滑数据导入!$A$1:$AN$61,COLUMN(平滑数据导入!D$1),0) -> 53866.388 | Z62: =VLOOKUP(A62,情景假设!$B$29:$S$42,14,0)/情景假设!O$28*Z$56 -> 60782.887 | AA62: =VLOOKUP($A62,平滑数据导入!$A$1:$AN$61,COLUMN(平滑数据导入!F$1),0) -> 68419.372 | AB62: =VLOOKUP($A62,平滑数据导入!$A$1:$AN$61,COLUMN(平滑数据导入!G$1),0) -> 76782.161 | AC62: =VLOOKUP($A62,平滑数据导入!$A$1:$AN$61,COLUMN(平滑数据导入!H$1),0) -> 85856.709 | AD62: =VLOOKUP($A62,平滑数据导入!$A$1:$AN$61,COLUMN(平滑数据导入!I$1),0) -> 95602.665 | AE62: =VLOOKUP(A62,情景假设!$B$29:$S$42,15,0)/情景假设!P$28*AE$56 -> 105948.98 | AF62: =VLOOKUP($A62,平滑数据导入!$A$1:$AN$61,COLUMN(平滑数据导入!K$1),0) -> 116815.04 | AG62: =VLOOKUP($A62,平滑数据导入!$A$1:$AN$61,COLUMN(平滑数据导入!L$1),0) -> 128203.54 | AH62: =VLOOKUP($A62,平滑数据导入!$A$1:$AN$61,COLUMN(平滑数据导入!M$1),0) -> 140158.53 | AI62: =VLOOKUP($A62,平滑数据导入!$A$1:$AN$61,COLUMN(平滑数据导入!N$1),0) -> 152748.29 | AJ62: =VLOOKUP(A62,情景假设!$B$29:$S$42,16,0)/情景假设!Q$28*AJ$56 -> 166069.37 | AK62: =VLOOKUP($A62,平滑数据导入!$A$1:$AN$61,COLUMN(平滑数据导入!P$1),0) -> 180228.39 | AL62: =VLOOKUP($A62,平滑数据导入!$A$1:$AN$61,COLUMN(平滑数据导入!Q$1),0) -> 195263.8 | AM62: =VLOOKUP($A62,平滑数据导入!$A$1:$AN$61,COLUMN(平滑数据导入!R$1),0) -> 211190.66 | AN62: =VLOOKUP($A62,平滑数据导入!$A$1:$AN$61,COLUMN(平滑数据导入!S$1),0) -> 228019.29 | AO62: =VLOOKUP($A62,平滑数据导入!$A$1:$AN$61,COLUMN(平滑数据导入!T$1),0) -> 245754.74 | AP62: =VLOOKUP($A62,平滑数据导入!$A$1:$AN$61,COLUMN(平滑数据导入!U$1),0) -> 264396.18 | AQ62: =VLOOKUP($A62,平滑数据导入!$A$1:$AN$61,COLUMN(平滑数据导入!V$1),0) -> 283936.29 | AR62: =VLOOKUP($A62,平滑数据导入!$A$1:$AN$61,COLUMN(平滑数据导入!W$1),0) -> 304360.73 | ... AX62: =VLOOKUP($A62,平滑数据导入!$A$1:$AN$61,COLUMN(平滑数据导入!AC$1),0) -> 443658.9 | AY62: =VLOOKUP(A62,情景假设!$B$29:$S$42,17,0)/情景假设!R$28*AY$56 -> 469177.46 | AZ62: =VLOOKUP($A62,平滑数据导入!$A$1:$AN$61,COLUMN(平滑数据导入!AE$1),0) -> 495157.27 | BA62: =VLOOKUP($A62,平滑数据导入!$A$1:$AN$61,COLUMN(平滑数据导入!AF$1),0) -> 521502.97 | BB62: =VLOOKUP($A62,平滑数据导入!$A$1:$AN$61,COLUMN(平滑数据导入!AG$1),0) -> 548109.74 | BC62: =VLOOKUP($A62,平滑数据导入!$A$1:$AN$61,COLUMN(平滑数据导入!AH$1),0) -> 574863.69 | BD62: =VLOOKUP($A62,平滑数据导入!$A$1:$AN$61,COLUMN(平滑数据导入!AI$1),0) -> 601642.33 | BE62: =VLOOKUP($A62,平滑数据导入!$A$1:$AN$61,COLUMN(平滑数据导入!AJ$1),0) -> 628315.16 | BF62: =VLOOKUP($A62,平滑数据导入!$A$1:$AN$61,COLUMN(平滑数据导入!AK$1),0) -> 654744.49 | BG62: =VLOOKUP($A62,平滑数据导入!$A$1:$AN$61,COLUMN(平滑数据导入!AL$1),0) -> 680786.37 | BH62: =VLOOKUP($A62,平滑数据导入!$A$1:$AN$61,COLUMN(平滑数据导入!AM$1),0) -> 706291.61 | BI62: =VLOOKUP(A62,情景假设!$B$29:$S$42,18,0)/情景假设!S$28*BI$56 -> 731107.01
A63: 租赁和商务服务 | K63: =K$77*'增加值 (2001-2022, 当年价) '!K63 -> 9235.1767 | L63: =L$77*'增加值 (2001-2022, 当年价) '!L63 -> 10775.019 | M63: =M$77*'增加值 (2001-2022, 当年价) '!M63 -> 12532.839 | N63: =N$77*'增加值 (2001-2022, 当年价) '!N63 -> 14545.249 | O63: =O$77*'增加值 (2001-2022, 当年价) '!O63 -> 17233.458 | P63: =P$77*'增加值 (2001-2022, 当年价) '!P63 -> 20168.976 | Q63: =Q$77*'增加值 (2001-2022, 当年价) '!Q63 -> 23659.229 | R63: =R$77*'增加值 (2001-2022, 当年价) '!R63 -> 26634.906 | ... W63: =W$77*'增加值 (2001-2022, 当年价) '!W63 -> 35734.097 | X63: =VLOOKUP($A63,平滑数据导入!$A$1:$AN$61,COLUMN(平滑数据导入!C$1),0) -> 39327.476 | Y63: =VLOOKUP($A63,平滑数据导入!$A$1:$AN$61,COLUMN(平滑数据导入!D$1),0) -> 43258.823 | Z63: =VLOOKUP(A63,情景假设!$B$29:$S$42,14,0)/情景假设!O$28*Z$56 -> 47528.76 | AA63: =VLOOKUP($A63,平滑数据导入!$A$1:$AN$61,COLUMN(平滑数据导入!F$1),0) -> 52128.979 | AB63: =VLOOKUP($A63,平滑数据导入!$A$1:$AN$61,COLUMN(平滑数据导入!G$1),0) -> 57040.155 | AC63: =VLOOKUP($A63,平滑数据导入!$A$1:$AN$61,COLUMN(平滑数据导入!H$1),0) -> 62229.843 | AD63: =VLOOKUP($A63,平滑数据导入!$A$1:$AN$61,COLUMN(平滑数据导入!I$1),0) -> 67650.505 | AE63: =VLOOKUP(A63,情景假设!$B$29:$S$42,15,0)/情景假设!P$28*AE$56 -> 73237.833 | AF63: =VLOOKUP($A63,平滑数据导入!$A$1:$AN$61,COLUMN(平滑数据导入!K$1),0) -> 78926.687 | AG63: =VLOOKUP($A63,平滑数据导入!$A$1:$AN$61,COLUMN(平滑数据导入!L$1),0) -> 84711.86 | AH63: =VLOOKUP($A63,平滑数据导入!$A$1:$AN$61,COLUMN(平滑数据导入!M$1),0) -> 90614.682 | AI63: =VLOOKUP($A63,平滑数据导入!$A$1:$AN$61,COLUMN(平滑数据导入!N$1),0) -> 96669.391 | AJ63: =VLOOKUP(A63,情景假设!$B$29:$S$42,16,0)/情景假设!Q$28*AJ$56 -> 102924.2 | AK63: =VLOOKUP($A63,平滑数据导入!$A$1:$AN$61,COLUMN(平滑数据导入!P$1),0) -> 109428.9 | AL63: =VLOOKUP($A63,平滑数据导入!$A$1:$AN$61,COLUMN(平滑数据导入!Q$1),0) -> 116188.7 | AM63: =VLOOKUP($A63,平滑数据导入!$A$1:$AN$61,COLUMN(平滑数据导入!R$1),0) -> 123194.19 | AN63: =VLOOKUP($A63,平滑数据导入!$A$1:$AN$61,COLUMN(平滑数据导入!S$1),0) -> 130433.22 | AO63: =VLOOKUP($A63,平滑数据导入!$A$1:$AN$61,COLUMN(平滑数据导入!T$1),0) -> 137890.69 | AP63: =VLOOKUP($A63,平滑数据导入!$A$1:$AN$61,COLUMN(平滑数据导入!U$1),0) -> 145548.47 | AQ63: =VLOOKUP($A63,平滑数据导入!$A$1:$AN$61,COLUMN(平滑数据导入!V$1),0) -> 153385.19 | AR63: =VLOOKUP($A63,平滑数据导入!$A$1:$AN$61,COLUMN(平滑数据导入!W$1),0) -> 161376.19 | ... AX63: =VLOOKUP($A63,平滑数据导入!$A$1:$AN$61,COLUMN(平滑数据导入!AC$1),0) -> 210756.79 | AY63: =VLOOKUP(A63,情景假设!$B$29:$S$42,17,0)/情景假设!R$28*AY$56 -> 218856.62 | AZ63: =VLOOKUP($A63,平滑数据导入!$A$1:$AN$61,COLUMN(平滑数据导入!AE$1),0) -> 226795.95 | BA63: =VLOOKUP($A63,平滑数据导入!$A$1:$AN$61,COLUMN(平滑数据导入!AF$1),0) -> 234523.05 | BB63: =VLOOKUP($A63,平滑数据导入!$A$1:$AN$61,COLUMN(平滑数据导入!AG$1),0) -> 241984.51 | BC63: =VLOOKUP($A63,平滑数据导入!$A$1:$AN$61,COLUMN(平滑数据导入!AH$1),0) -> 249125.72 | BD63: =VLOOKUP($A63,平滑数据导入!$A$1:$AN$61,COLUMN(平滑数据导入!AI$1),0) -> 255891.39 | BE63: =VLOOKUP($A63,平滑数据导入!$A$1:$AN$61,COLUMN(平滑数据导入!AJ$1),0) -> 262226.17 | BF63: =VLOOKUP($A63,平滑数据导入!$A$1:$AN$61,COLUMN(平滑数据导入!AK$1),0) -> 268075.31 | BG63: =VLOOKUP($A63,平滑数据导入!$A$1:$AN$61,COLUMN(平滑数据导入!AL$1),0) -> 273385.31 | BH63: =VLOOKUP($A63,平滑数据导入!$A$1:$AN$61,COLUMN(平滑数据导入!AM$1),0) -> 278104.65 | BI63: =VLOOKUP(A63,情景假设!$B$29:$S$42,18,0)/情景假设!S$28*BI$56 -> 282184.54
A64: 科学研究和技术服务 | K64: =K$77*'增加值 (2001-2022, 当年价) '!K64 -> 8223.2228 | L64: =L$77*'增加值 (2001-2022, 当年价) '!L64 -> 9355.5738 | M64: =M$77*'增加值 (2001-2022, 当年价) '!M64 -> 10885.223 | N64: =N$77*'增加值 (2001-2022, 当年价) '!N64 -> 12424.365 | O64: =O$77*'增加值 (2001-2022, 当年价) '!O64 -> 13914.986 | P64: =P$77*'增加值 (2001-2022, 当年价) '!P64 -> 15483.43 | Q64: =Q$77*'增加值 (2001-2022, 当年价) '!Q64 -> 16917.723 | R64: =R$77*'增加值 (2001-2022, 当年价) '!R64 -> 18384.538 | ... W64: =W$77*'增加值 (2001-2022, 当年价) '!W64 -> 26597.511 | X64: =VLOOKUP($A64,平滑数据导入!$A$1:$AN$61,COLUMN(平滑数据导入!C$1),0) -> 28990.329 | Y64: =VLOOKUP($A64,平滑数据导入!$A$1:$AN$61,COLUMN(平滑数据导入!D$1),0) -> 31589.729 | Z64: =VLOOKUP(A64,情景假设!$B$29:$S$42,14,0)/情景假设!O$28*Z$56 -> 34391.648 | AA64: =VLOOKUP($A64,平滑数据导入!$A$1:$AN$61,COLUMN(平滑数据导入!F$1),0) -> 37385.925 | AB64: =VLOOKUP($A64,平滑数据导入!$A$1:$AN$61,COLUMN(平滑数据导入!G$1),0) -> 40555.061 | AC64: =VLOOKUP($A64,平滑数据导入!$A$1:$AN$61,COLUMN(平滑数据导入!H$1),0) -> 43873.017 | AD64: =VLOOKUP($A64,平滑数据导入!$A$1:$AN$61,COLUMN(平滑数据导入!I$1),0) -> 47304.143 | AE64: =VLOOKUP(A64,情景假设!$B$29:$S$42,15,0)/情景假设!P$28*AE$56 -> 50802.35 | AF64: =VLOOKUP($A64,平滑数据导入!$A$1:$AN$61,COLUMN(平滑数据导入!K$1),0) -> 54322.388 | AG64: =VLOOKUP($A64,平滑数据导入!$A$1:$AN$61,COLUMN(平滑数据导入!L$1),0) -> 57861.101 | AH64: =VLOOKUP($A64,平滑数据导入!$A$1:$AN$61,COLUMN(平滑数据导入!M$1),0) -> 61433.24 | AI64: =VLOOKUP($A64,平滑数据导入!$A$1:$AN$61,COLUMN(平滑数据导入!N$1),0) -> 65061.663 | AJ64: =VLOOKUP(A64,情景假设!$B$29:$S$42,16,0)/情景假设!Q$28*AJ$56 -> 68777.757 | AK64: =VLOOKUP($A64,平滑数据导入!$A$1:$AN$61,COLUMN(平滑数据导入!P$1),0) -> 72612.969 | AL64: =VLOOKUP($A64,平滑数据导入!$A$1:$AN$61,COLUMN(平滑数据导入!Q$1),0) -> 76568.559 | AM64: =VLOOKUP($A64,平滑数据导入!$A$1:$AN$61,COLUMN(平滑数据导入!R$1),0) -> 80636.139 | AN64: =VLOOKUP($A64,平滑数据导入!$A$1:$AN$61,COLUMN(平滑数据导入!S$1),0) -> 84805.655 | AO64: =VLOOKUP($A64,平滑数据导入!$A$1:$AN$61,COLUMN(平滑数据导入!T$1),0) -> 89065.318 | AP64: =VLOOKUP($A64,平滑数据导入!$A$1:$AN$61,COLUMN(平滑数据导入!U$1),0) -> 93401.539 | AQ64: =VLOOKUP($A64,平滑数据导入!$A$1:$AN$61,COLUMN(平滑数据导入!V$1),0) -> 97798.886 | AR64: =VLOOKUP($A64,平滑数据导入!$A$1:$AN$61,COLUMN(平滑数据导入!W$1),0) -> 102240.07 | ... AX64: =VLOOKUP($A64,平滑数据导入!$A$1:$AN$61,COLUMN(平滑数据导入!AC$1),0) -> 128611.52 | AY64: =VLOOKUP(A64,情景假设!$B$29:$S$42,17,0)/情景假设!R$28*AY$56 -> 132726.93 | AZ64: =VLOOKUP($A64,平滑数据导入!$A$1:$AN$61,COLUMN(平滑数据导入!AE$1),0) -> 136687.44 | BA64: =VLOOKUP($A64,平滑数据导入!$A$1:$AN$61,COLUMN(平滑数据导入!AF$1),0) -> 140462.82 | BB64: =VLOOKUP($A64,平滑数据导入!$A$1:$AN$61,COLUMN(平滑数据导入!AG$1),0) -> 144022.48 | BC64: =VLOOKUP($A64,平滑数据导入!$A$1:$AN$61,COLUMN(平滑数据导入!AH$1),0) -> 147335.75 | BD64: =VLOOKUP($A64,平滑数据导入!$A$1:$AN$61,COLUMN(平滑数据导入!AI$1),0) -> 150372.31 | BE64: =VLOOKUP($A64,平滑数据导入!$A$1:$AN$61,COLUMN(平滑数据导入!AJ$1),0) -> 153102.53 | BF64: =VLOOKUP($A64,平滑数据导入!$A$1:$AN$61,COLUMN(平滑数据导入!AK$1),0) -> 155497.87 | BG64: =VLOOKUP($A64,平滑数据导入!$A$1:$AN$61,COLUMN(平滑数据导入!AL$1),0) -> 157531.36 | BH64: =VLOOKUP($A64,平滑数据导入!$A$1:$AN$61,COLUMN(平滑数据导入!AM$1),0) -> 159177.97 | BI64: =VLOOKUP(A64,情景假设!$B$29:$S$42,18,0)/情景假设!S$28*BI$56 -> 160415.06
