Workbook

Sheet About
A1: BRAaCTSC BAU Range Anxiety and Charging Time Shadow Cost
A3: Source: | B3: Xu Hao et al. Range cost-effectiveness of plug-in electric vehicle for heterogeneous consumers: An expanded total ownership cost approach
B5: 《山东省电动汽车充电基础设施发展白皮书（2020）》
A11: Notes
A12: 中国电动车平均续航为400公里左右，远远大于山东省充电站间平均距离40公里。因为
A13: 里程造成的焦虑成本可忽略不计。但根据文献调研发现，山东充电站的充电时间普遍偏长，并且
A14: 群众的满意程度并不是100%。

Sheet Data
A1: 计算充电站好评率：
A2: 五星充电站 | B2: 286 | C2: 座
A3: 充电站总数 | B3: 4210 | C3: 座
A4: 满意度 | B4: =B2/B3 -> 0.067933492
A5: 不完全满意度 | B5: =1-B4 -> 0.93206651
A7: 充电设施平均完好率 | B7: 0.8437
A8: 充电设施平均非完好率 | B8: =1-B7 -> 0.1563
A10: 充电时间
A11: 0.58 | B11: 交流充电桩 | C11: 8-10小时 | D11: 家（可晚上充电）
A12: 0.42 | B12: 直流充电桩 | C12: 20-90分钟 | D12: 高速公路等等
A14: 充电时间 | B14: 2.75倍
A15: 充电满意度 | B15: 0.364
A16: 充电非满意度 | B16: 0.636
A18: 选择使用燃油汽车比例 | B18: =B5*B8*B16 -> 0.092653749
A20: 燃油机车生命周期燃油等花费 | B20: 23450 | C20: 元
A21: 燃油机车其他花费（北京） | B21: 130000 | C21: 元
A22: 燃油机车其他花费（山东估算） | B22: =B21/2 -> 65000 | C22: 元
A24: 估算： | B24: =(B22+B20)*B18 -> 8195.2241 | C24: 元
B25: =B24*0.1377 -> 1128.4824 | C25: 美元

Sheet BRAaCTSC
A1: Cost ($/vehicle) | B1: 2019 | C1: 2020 | D1: 2021 | E1: 2022 | F1: 2023 | G1: 2024 | H1: 2025 | I1: 2026 | J1: 2027 | K1: 2028 | L1: 2029 | M1: 2030 | N1: 2031 | O1: 2032 | P1: 2033 | Q1: 2034 | R1: 2035 | S1: 2036 | T1: 2037 | U1: 2038 | V1: 2039 | W1: 2040 | X1: 2041 | Y1: 2042 | Z1: 2043 | AA1: 2044 | AB1: 2045 | AC1: 2046 | AD1: 2047 | AE1: 2048 | AF1: 2049 | AG1: 2050 | AH1: 2051 | AI1: 2052 | AJ1: 2053 | AK1: 2054 | AL1: 2055 | AM1: 2056 | AN1: 2057 | AO1: 2058 | AP1: 2059 | AQ1: 2060
A2: Shadow cost | B2: =Data!B25*7 -> 7899.3765 | C2: =Data!$B$25*6.5 -> 7335.1353 | D2: =Data!$B$25*1.8 -> 2031.2682 | E2: =Data!$B$25*1.6 -> 1805.5718 | F2: =Data!$B$25*1.5 -> 1692.7235 | G2: =Data!$B$25*1.4 -> 1579.8753 | H2: =Data!$B$25*1.2 -> 1354.1788 | I2: =Data!$B$25*1.1 -> 1241.3306 | J2: =Data!$B$25*1 -> 1128.4824 | K2: =Data!$B$25*1 -> 1128.4824 | L2: =Data!$B$25*1 -> 1128.4824 | M2: =Data!$B$25*1 -> 1128.4824 | N2: =Data!$B$25*1 -> 1128.4824 | O2: =N2 -> 1128.4824 | P2: =O2 -> 1128.4824 | Q2: =P2 -> 1128.4824 | R2: =Q2 -> 1128.4824 | S2: =R2 -> 1128.4824 | T2: =S2 -> 1128.4824 | U2: =T2 -> 1128.4824 | V2: =U2 -> 1128.4824 | ... AQ2: =AP2 -> 1128.4824
