Workbook

Sheet 增加值 (2001-2060, 2012USD)
A1: 全国 | B1: 2001 | C1: 2002 | D1: 2003 | E1: 2004 | F1: 2005 | G1: 2006 | H1: 2007 | I1: 2008 | J1: 2009 | K1: 2010 | L1: 2011 | M1: 2012 | N1: 2013 | O1: 2014 | P1: 2015 | Q1: 2016 | R1: 2017 | S1: 2018 | T1: 2019 | U1: 2020 | V1: 2021 | W1: 2022 | X1: 2023 | Y1: 2024 | Z1: 2025 | AA1: 2026 | AB1: 2027 | AC1: 2028 | AD1: 2029 | AE1: 2030 | AF1: 2031 | AG1: 2032 | AH1: 2033 | AI1: 2034 | AJ1: 2035 | AK1: 2036 | AL1: 2037 | AM1: 2038 | AN1: 2039 | AO1: 2040 | AP1: 2041 | AQ1: 2042 | AR1: 2043 | AS1: 2044 | AT1: 2045 | AU1: 2046 | AV1: 2047 | AW1: 2048 | AX1: 2049 | AY1: 2050 | AZ1: 2051 | BA1: 2052 | BB1: 2053 | BC1: 2054 | BD1: 2055 | BE1: 2056 | BF1: 2057 | BG1: 2058 | BH1: 2059 | BI1: 2060
A2: 地区生产总值 | B2: ='增加值 (2001-2060, 2020RMB)'!B2*$B$73 -> 28718.704 | C2: ='增加值 (2001-2060, 2020RMB)'!C2*$B$73 -> 31332.106 | D2: ='增加值 (2001-2060, 2020RMB)'!D2*$B$73 -> 34465.316 | E2: ='增加值 (2001-2060, 2020RMB)'!E2*$B$73 -> 37946.313 | F2: ='增加值 (2001-2060, 2020RMB)'!F2*$B$73 -> 42272.193 | G2: ='增加值 (2001-2060, 2020RMB)'!G2*$B$73 -> 47640.761 | H2: ='增加值 (2001-2060, 2020RMB)'!H2*$B$73 -> 54405.75 | I2: ='增加值 (2001-2060, 2020RMB)'!I2*$B$73 -> 59683.107 | ... BI2: ='增加值 (2001-2060, 2020RMB)'!BI2*$B$73 -> 485952.6
A3: 农业 | B3: ='增加值 (2001-2060, 2020RMB)'!B3*$B$73 -> 4087.7546 | C3: ='增加值 (2001-2060, 2020RMB)'!C3*$B$73 -> 4256.5673 | D3: ='增加值 (2001-2060, 2020RMB)'!D3*$B$73 -> 4359.0391 | E3: ='增加值 (2001-2060, 2020RMB)'!E3*$B$73 -> 5020.1194 | F3: ='增加值 (2001-2060, 2020RMB)'!F3*$B$73 -> 5058.6563 | G3: ='增加值 (2001-2060, 2020RMB)'!G3*$B$73 -> 5218.3751 | H3: ='增加值 (2001-2060, 2020RMB)'!H3*$B$73 -> 5737.5832 | I3: ='增加值 (2001-2060, 2020RMB)'!I3*$B$73 -> 6249.4178 | ... BI3: ='增加值 (2001-2060, 2020RMB)'!BI3*$B$73 -> 24783.583
A4: 工业 | B4: ='增加值 (2001-2060, 2020RMB)'!B4*$B$73 -> 11360.305 | C4: ='增加值 (2001-2060, 2020RMB)'!C4*$B$73 -> 12298.063 | D4: ='增加值 (2001-2060, 2020RMB)'!D4*$B$73 -> 13884.791 | E4: ='增加值 (2001-2060, 2020RMB)'!E4*$B$73 -> 15422.095 | F4: ='增加值 (2001-2060, 2020RMB)'!F4*$B$73 -> 17592.823 | G4: ='增加值 (2001-2060, 2020RMB)'!G4*$B$73 -> 20024.671 | H4: ='增加值 (2001-2060, 2020RMB)'!H4*$B$73 -> 22498.315 | I4: ='增加值 (2001-2060, 2020RMB)'!I4*$B$73 -> 24625.938 | ... BI4: ='增加值 (2001-2060, 2020RMB)'!BI4*$B$73 -> 92816.947
A5: 建筑业 | B5: ='增加值 (2001-2060, 2020RMB)'!B5*$B$73 -> 1540.1613 | C5: ='增加值 (2001-2060, 2020RMB)'!C5*$B$73 -> 1668.6015 | D5: ='增加值 (2001-2060, 2020RMB)'!D5*$B$73 -> 1883.702 | E5: ='增加值 (2001-2060, 2020RMB)'!E5*$B$73 -> 2044.6763 | F5: ='增加值 (2001-2060, 2020RMB)'!F5*$B$73 -> 2347.0773 | G5: ='增加值 (2001-2060, 2020RMB)'!G5*$B$73 -> 2702.9543 | H5: ='增加值 (2001-2060, 2020RMB)'!H5*$B$73 -> 3091.6077 | I5: ='增加值 (2001-2060, 2020RMB)'!I5*$B$73 -> 3516.1002 | ... BI5: ='增加值 (2001-2060, 2020RMB)'!BI5*$B$73 -> 24297.63
A6: 交运仓邮 | B6: ='增加值 (2001-2060, 2020RMB)'!B6*$B$73 -> 1779.9866 | C6: ='增加值 (2001-2060, 2020RMB)'!C6*$B$73 -> 1929.1589 | D6: ='增加值 (2001-2060, 2020RMB)'!D6*$B$73 -> 1985.0249 | E6: ='增加值 (2001-2060, 2020RMB)'!E6*$B$73 -> 2182.0744 | F6: ='增加值 (2001-2060, 2020RMB)'!F6*$B$73 -> 2407.6245 | G6: ='增加值 (2001-2060, 2020RMB)'!G6*$B$73 -> 2645.6826 | H6: ='增加值 (2001-2060, 2020RMB)'!H6*$B$73 -> 2941.9625 | I6: ='增加值 (2001-2060, 2020RMB)'!I6*$B$73 -> 3059.9397 | ... BI6: ='增加值 (2001-2060, 2020RMB)'!BI6*$B$73 -> 9071.0148
A7: 批发零售 | B7: ='增加值 (2001-2060, 2020RMB)'!B7*$B$73 -> 2362.7118 | C7: ='增加值 (2001-2060, 2020RMB)'!C7*$B$73 -> 2573.3444 | D7: ='增加值 (2001-2060, 2020RMB)'!D7*$B$73 -> 2801.7271 | E7: ='增加值 (2001-2060, 2020RMB)'!E7*$B$73 -> 2920.4838 | F7: ='增加值 (2001-2060, 2020RMB)'!F7*$B$73 -> 3152.2667 | G7: ='增加值 (2001-2060, 2020RMB)'!G7*$B$73 -> 3589.4511 | H7: ='增加值 (2001-2060, 2020RMB)'!H7*$B$73 -> 4218.2478 | I7: ='增加值 (2001-2060, 2020RMB)'!I7*$B$73 -> 4895.5371 | ... BI7: ='增加值 (2001-2060, 2020RMB)'!BI7*$B$73 -> 22177.568
A8: 餐饮住宿 | B8: ='增加值 (2001-2060, 2020RMB)'!B8*$B$73 -> 621.73763 | C8: ='增加值 (2001-2060, 2020RMB)'!C8*$B$73 -> 701.40934 | D8: ='增加值 (2001-2060, 2020RMB)'!D8*$B$73 -> 784.02312 | E8: ='增加值 (2001-2060, 2020RMB)'!E8*$B$73 -> 859.27754 | F8: ='增加值 (2001-2060, 2020RMB)'!F8*$B$73 -> 946.8422 | G8: ='增加值 (2001-2060, 2020RMB)'!G8*$B$73 -> 1040.4879 | H8: ='增加值 (2001-2060, 2020RMB)'!H8*$B$73 -> 1117.5755 | I8: ='增加值 (2001-2060, 2020RMB)'!I8*$B$73 -> 1236.8867 | ... BI8: ='增加值 (2001-2060, 2020RMB)'!BI8*$B$73 -> 3786.9976
A9: 金融业 | B9: ='增加值 (2001-2060, 2020RMB)'!B9*$B$73 -> 1347.7674 | C9: ='增加值 (2001-2060, 2020RMB)'!C9*$B$73 -> 1430.1564 | D9: ='增加值 (2001-2060, 2020RMB)'!D9*$B$73 -> 1516.2562 | E9: ='增加值 (2001-2060, 2020RMB)'!E9*$B$73 -> 1547.5343 | F9: ='增加值 (2001-2060, 2020RMB)'!F9*$B$73 -> 1689.3631 | G9: ='增加值 (2001-2060, 2020RMB)'!G9*$B$73 -> 2165.0165 | H9: ='增加值 (2001-2060, 2020RMB)'!H9*$B$73 -> 3061.7955 | I9: ='增加值 (2001-2060, 2020RMB)'!I9*$B$73 -> 3429.7288 | ... BI9: ='增加值 (2001-2060, 2020RMB)'!BI9*$B$73 -> 21655.802
A10: 房地产 | B10: ='增加值 (2001-2060, 2020RMB)'!B10*$B$73 -> 1219.0213 | C10: ='增加值 (2001-2060, 2020RMB)'!C10*$B$73 -> 1373.19 | D10: ='增加值 (2001-2060, 2020RMB)'!D10*$B$73 -> 1544.1702 | E10: ='增加值 (2001-2060, 2020RMB)'!E10*$B$73 -> 1676.937 | F10: ='增加值 (2001-2060, 2020RMB)'!F10*$B$73 -> 1914.288 | G10: ='增加值 (2001-2060, 2020RMB)'!G10*$B$73 -> 2240.6986 | H10: ='增加值 (2001-2060, 2020RMB)'!H10*$B$73 -> 2762.4647 | I10: ='增加值 (2001-2060, 2020RMB)'!I10*$B$73 -> 2729.5411 | ... BI10: ='增加值 (2001-2060, 2020RMB)'!BI10*$B$73 -> 19597.345
A11: 其他三产 | B11: ='增加值 (2001-2060, 2020RMB)'!B11*$B$73 -> 4399.284 | C11: ='增加值 (2001-2060, 2020RMB)'!C11*$B$73 -> 5101.6409 | D11: ='增加值 (2001-2060, 2020RMB)'!D11*$B$73 -> 5706.6329 | E11: ='增加值 (2001-2060, 2020RMB)'!E11*$B$73 -> 6273.0918 | F11: ='增加值 (2001-2060, 2020RMB)'!F11*$B$73 -> 7163.229 | G11: ='增加值 (2001-2060, 2020RMB)'!G11*$B$73 -> 8013.4462 | H11: ='增加值 (2001-2060, 2020RMB)'!H11*$B$73 -> 8976.1974 | I11: ='增加值 (2001-2060, 2020RMB)'!I11*$B$73 -> 9940.0555 | ... BI11: ='增加值 (2001-2060, 2020RMB)'!BI11*$B$73 -> 267765.71
A13: 工业 | B13: ='增加值 (2001-2060, 2020RMB)'!B13*$B$73 -> 11360.305 | C13: ='增加值 (2001-2060, 2020RMB)'!C13*$B$73 -> 12298.063 | D13: ='增加值 (2001-2060, 2020RMB)'!D13*$B$73 -> 13884.791 | E13: ='增加值 (2001-2060, 2020RMB)'!E13*$B$73 -> 15422.095 | F13: ='增加值 (2001-2060, 2020RMB)'!F13*$B$73 -> 17592.823 | G13: ='增加值 (2001-2060, 2020RMB)'!G13*$B$73 -> 20024.671 | H13: ='增加值 (2001-2060, 2020RMB)'!H13*$B$73 -> 22498.315 | I13: ='增加值 (2001-2060, 2020RMB)'!I13*$B$73 -> 24625.938 | ... BI13: ='增加值 (2001-2060, 2020RMB)'!BI13*$B$73 -> 92816.947
A14: 煤炭开采和洗选业 | I14: ='增加值 (2001-2060, 2020RMB)'!I14*$B$73 -> 1608.2849 | J14: ='增加值 (2001-2060, 2020RMB)'!J14*$B$73 -> 1651.0989 | K14: ='增加值 (2001-2060, 2020RMB)'!K14*$B$73 -> 1879.1923 | L14: ='增加值 (2001-2060, 2020RMB)'!L14*$B$73 -> 2105.4222 | M14: ='增加值 (2001-2060, 2020RMB)'!M14*$B$73 -> 2200.7749 | N14: ='增加值 (2001-2060, 2020RMB)'!N14*$B$73 -> 2209.8175 | O14: ='增加值 (2001-2060, 2020RMB)'!O14*$B$73 -> 2171.5798 | P14: ='增加值 (2001-2060, 2020RMB)'!P14*$B$73 -> 2099.3377 | ... BI14: ='增加值 (2001-2060, 2020RMB)'!BI14*$B$73 -> 1899.2504
A15: 石油和天然气开采业 | I15: ='增加值 (2001-2060, 2020RMB)'!I15*$B$73 -> 1691.9642 | J15: ='增加值 (2001-2060, 2020RMB)'!J15*$B$73 -> 1680.87 | K15: ='增加值 (2001-2060, 2020RMB)'!K15*$B$73 -> 1629.0529 | L15: ='增加值 (2001-2060, 2020RMB)'!L15*$B$73 -> 1645.1569 | M15: ='增加值 (2001-2060, 2020RMB)'!M15*$B$73 -> 1616.2967 | N15: ='增加值 (2001-2060, 2020RMB)'!N15*$B$73 -> 1570.7336 | O15: ='增加值 (2001-2060, 2020RMB)'!O15*$B$73 -> 1558.6134 | P15: ='增加值 (2001-2060, 2020RMB)'!P15*$B$73 -> 1540.7723 | ... BI15: ='增加值 (2001-2060, 2020RMB)'!BI15*$B$73 -> 1148.9919
A16: 黑色金属矿采选业 | I16: ='增加值 (2001-2060, 2020RMB)'!I16*$B$73 -> 281.4176 | J16: ='增加值 (2001-2060, 2020RMB)'!J16*$B$73 -> 334.25968 | K16: ='增加值 (2001-2060, 2020RMB)'!K16*$B$73 -> 391.47301 | L16: ='增加值 (2001-2060, 2020RMB)'!L16*$B$73 -> 451.39058 | M16: ='增加值 (2001-2060, 2020RMB)'!M16*$B$73 -> 518.24352 | N16: ='增加值 (2001-2060, 2020RMB)'!N16*$B$73 -> 566.15783 | O16: ='增加值 (2001-2060, 2020RMB)'!O16*$B$73 -> 600.32741 | P16: ='增加值 (2001-2060, 2020RMB)'!P16*$B$73 -> 583.77348 | ... BI16: ='增加值 (2001-2060, 2020RMB)'!BI16*$B$73 -> 359.34837
A17: 有色金属矿采选业 | I17: ='增加值 (2001-2060, 2020RMB)'!I17*$B$73 -> 180.55744 | J17: ='增加值 (2001-2060, 2020RMB)'!J17*$B$73 -> 205.04722 | K17: ='增加值 (2001-2060, 2020RMB)'!K17*$B$73 -> 221.42629 | L17: ='增加值 (2001-2060, 2020RMB)'!L17*$B$73 -> 245.74268 | M17: ='增加值 (2001-2060, 2020RMB)'!M17*$B$73 -> 269.73915 | N17: ='增加值 (2001-2060, 2020RMB)'!N17*$B$73 -> 280.58464 | O17: ='增加值 (2001-2060, 2020RMB)'!O17*$B$73 -> 288.91076 | P17: ='增加值 (2001-2060, 2020RMB)'!P17*$B$73 -> 285.87774 | ... BI17: ='增加值 (2001-2060, 2020RMB)'!BI17*$B$73 -> 142.41405
A18: 非金属矿采选业 | I18: ='增加值 (2001-2060, 2020RMB)'!I18*$B$73 -> 102.03795 | J18: ='增加值 (2001-2060, 2020RMB)'!J18*$B$73 -> 116.26469 | K18: ='增加值 (2001-2060, 2020RMB)'!K18*$B$73 -> 140.90713 | L18: ='增加值 (2001-2060, 2020RMB)'!L18*$B$73 -> 167.34813 | M18: ='增加值 (2001-2060, 2020RMB)'!M18*$B$73 -> 175.56443 | N18: ='增加值 (2001-2060, 2020RMB)'!N18*$B$73 -> 186.7929 | O18: ='增加值 (2001-2060, 2020RMB)'!O18*$B$73 -> 193.05215 | P18: ='增加值 (2001-2060, 2020RMB)'!P18*$B$73 -> 195.23792 | ... BI18: ='增加值 (2001-2060, 2020RMB)'!BI18*$B$73 -> 105.91022
A19: 开采专业及辅助性活动 | I19: ='增加值 (2001-2060, 2020RMB)'!I19*$B$73 -> 85.717113 | J19: ='增加值 (2001-2060, 2020RMB)'!J19*$B$73 -> 97.654766 | K19: ='增加值 (2001-2060, 2020RMB)'!K19*$B$73 -> 109.73872 | L19: ='增加值 (2001-2060, 2020RMB)'!L19*$B$73 -> 123.65278 | M19: ='增加值 (2001-2060, 2020RMB)'!M19*$B$73 -> 134.43244 | N19: ='增加值 (2001-2060, 2020RMB)'!N19*$B$73 -> 134.21856 | O19: ='增加值 (2001-2060, 2020RMB)'!O19*$B$73 -> 124.43272 | P19: ='增加值 (2001-2060, 2020RMB)'!P19*$B$73 -> 104.00227 | ... BI19: ='增加值 (2001-2060, 2020RMB)'!BI19*$B$73 -> 284.84331
A20: 其他采矿业 | I20: ='增加值 (2001-2060, 2020RMB)'!I20*$B$73 -> 0.57954864 | J20: ='增加值 (2001-2060, 2020RMB)'!J20*$B$73 -> 0.78396292 | K20: ='增加值 (2001-2060, 2020RMB)'!K20*$B$73 -> 0.91891072 | L20: ='增加值 (2001-2060, 2020RMB)'!L20*$B$73 -> 1.0842792 | M20: ='增加值 (2001-2060, 2020RMB)'!M20*$B$73 -> 1.0889994 | N20: ='增加值 (2001-2060, 2020RMB)'!N20*$B$73 -> 1.1648549 | O20: ='增加值 (2001-2060, 2020RMB)'!O20*$B$73 -> 1.083276 | P20: ='增加值 (2001-2060, 2020RMB)'!P20*$B$73 -> 1.0523771 | ... BI20: ='增加值 (2001-2060, 2020RMB)'!BI20*$B$73 -> 1.2042161
A21: 农副食品加工业 | I21: ='增加值 (2001-2060, 2020RMB)'!I21*$B$73 -> 833.39094 | J21: ='增加值 (2001-2060, 2020RMB)'!J21*$B$73 -> 915.61705 | K21: ='增加值 (2001-2060, 2020RMB)'!K21*$B$73 -> 1022.5446 | L21: ='增加值 (2001-2060, 2020RMB)'!L21*$B$73 -> 1121.0818 | M21: ='增加值 (2001-2060, 2020RMB)'!M21*$B$73 -> 1212.4106 | N21: ='增加值 (2001-2060, 2020RMB)'!N21*$B$73 -> 1260.0066 | O21: ='增加值 (2001-2060, 2020RMB)'!O21*$B$73 -> 1301.0203 | P21: ='增加值 (2001-2060, 2020RMB)'!P21*$B$73 -> 1302.1735 | ... BI21: ='增加值 (2001-2060, 2020RMB)'!BI21*$B$73 -> 1123.5909
A22: 食品制造业 | I22: ='增加值 (2001-2060, 2020RMB)'!I22*$B$73 -> 391.28881 | J22: ='增加值 (2001-2060, 2020RMB)'!J22*$B$73 -> 423.21858 | K22: ='增加值 (2001-2060, 2020RMB)'!K22*$B$73 -> 473.46484 | L22: ='增加值 (2001-2060, 2020RMB)'!L22*$B$73 -> 532.73846 | M22: ='增加值 (2001-2060, 2020RMB)'!M22*$B$73 -> 567.00898 | N22: ='增加值 (2001-2060, 2020RMB)'!N22*$B$73 -> 592.50009 | O22: ='增加值 (2001-2060, 2020RMB)'!O22*$B$73 -> 616.89858 | P22: ='增加值 (2001-2060, 2020RMB)'!P22*$B$73 -> 629.15052 | ... BI22: ='增加值 (2001-2060, 2020RMB)'!BI22*$B$73 -> 816.17992
A23: 酒、饮料和精制茶制造业 | I23: ='增加值 (2001-2060, 2020RMB)'!I23*$B$73 -> 416.04114 | J23: ='增加值 (2001-2060, 2020RMB)'!J23*$B$73 -> 451.96266 | K23: ='增加值 (2001-2060, 2020RMB)'!K23*$B$73 -> 502.98809 | L23: ='增加值 (2001-2060, 2020RMB)'!L23*$B$73 -> 574.65737 | M23: ='增加值 (2001-2060, 2020RMB)'!M23*$B$73 -> 615.45397 | N23: ='增加值 (2001-2060, 2020RMB)'!N23*$B$73 -> 644.29235 | O23: ='增加值 (2001-2060, 2020RMB)'!O23*$B$73 -> 657.85187 | P23: ='增加值 (2001-2060, 2020RMB)'!P23*$B$73 -> 672.16537 | ... BI23: ='增加值 (2001-2060, 2020RMB)'!BI23*$B$73 -> 966.81921
A24: 烟草制品业 | I24: ='增加值 (2001-2060, 2020RMB)'!I24*$B$73 -> 814.11627 | J24: ='增加值 (2001-2060, 2020RMB)'!J24*$B$73 -> 835.01708 | K24: ='增加值 (2001-2060, 2020RMB)'!K24*$B$73 -> 907.39414 | L24: ='增加值 (2001-2060, 2020RMB)'!L24*$B$73 -> 981.75649 | M24: ='增加值 (2001-2060, 2020RMB)'!M24*$B$73 -> 1021.5462 | N24: ='增加值 (2001-2060, 2020RMB)'!N24*$B$73 -> 1040.3 | O24: ='增加值 (2001-2060, 2020RMB)'!O24*$B$73 -> 1079.149 | P24: ='增加值 (2001-2060, 2020RMB)'!P24*$B$73 -> 1058.6058 | ... BI24: ='增加值 (2001-2060, 2020RMB)'!BI24*$B$73 -> 1012.4
A25: 纺织业 | I25: ='增加值 (2001-2060, 2020RMB)'!I25*$B$73 -> 777.95992 | J25: ='增加值 (2001-2060, 2020RMB)'!J25*$B$73 -> 800.14486 | K25: ='增加值 (2001-2060, 2020RMB)'!K25*$B$73 -> 867.1682 | L25: ='增加值 (2001-2060, 2020RMB)'!L25*$B$73 -> 902.40443 | M25: ='增加值 (2001-2060, 2020RMB)'!M25*$B$73 -> 963.89151 | N25: ='增加值 (2001-2060, 2020RMB)'!N25*$B$73 -> 995.32176 | O25: ='增加值 (2001-2060, 2020RMB)'!O25*$B$73 -> 1018.1774 | P25: ='增加值 (2001-2060, 2020RMB)'!P25*$B$73 -> 1033.5692 | ... BI25: ='增加值 (2001-2060, 2020RMB)'!BI25*$B$73 -> 554.17911
... A54: 水的生产和供应业 | I54: ='增加值 (2001-2060, 2020RMB)'!I54*$B$73 -> 106.41261 | J54: ='增加值 (2001-2060, 2020RMB)'!J54*$B$73 -> 106.01748 | K54: ='增加值 (2001-2060, 2020RMB)'!K54*$B$73 -> 108.72062 | L54: ='增加值 (2001-2060, 2020RMB)'!L54*$B$73 -> 112.09366 | M54: ='增加值 (2001-2060, 2020RMB)'!M54*$B$73 -> 111.51452 | N54: ='增加值 (2001-2060, 2020RMB)'!N54*$B$73 -> 113.03206 | O54: ='增加值 (2001-2060, 2020RMB)'!O54*$B$73 -> 116.38619 | P54: ='增加值 (2001-2060, 2020RMB)'!P54*$B$73 -> 116.59977 | ... BI54: ='增加值 (2001-2060, 2020RMB)'!BI54*$B$73 -> 390.32718
A56: 第三产业 | B56: ='增加值 (2001-2060, 2020RMB)'!B56*$B$73 -> 11730.483 | C56: ='增加值 (2001-2060, 2020RMB)'!C56*$B$73 -> 13108.874 | D56: ='增加值 (2001-2060, 2020RMB)'!D56*$B$73 -> 14337.784 | E56: ='增加值 (2001-2060, 2020RMB)'!E56*$B$73 -> 15459.422 | F56: ='增加值 (2001-2060, 2020RMB)'!F56*$B$73 -> 17273.636 | G56: ='增加值 (2001-2060, 2020RMB)'!G56*$B$73 -> 19694.761 | H56: ='增加值 (2001-2060, 2020RMB)'!H56*$B$73 -> 23078.243 | I56: ='增加值 (2001-2060, 2020RMB)'!I56*$B$73 -> 25291.652 | ... BI56: ='增加值 (2001-2060, 2020RMB)'!BI56*$B$73 -> 344054.44
A57: 交运仓邮 | B57: ='增加值 (2001-2060, 2020RMB)'!B57*$B$73 -> 1779.9866 | C57: ='增加值 (2001-2060, 2020RMB)'!C57*$B$73 -> 1929.1589 | D57: ='增加值 (2001-2060, 2020RMB)'!D57*$B$73 -> 1985.0249 | E57: ='增加值 (2001-2060, 2020RMB)'!E57*$B$73 -> 2182.0744 | F57: ='增加值 (2001-2060, 2020RMB)'!F57*$B$73 -> 2407.6245 | G57: ='增加值 (2001-2060, 2020RMB)'!G57*$B$73 -> 2645.6826 | H57: ='增加值 (2001-2060, 2020RMB)'!H57*$B$73 -> 2941.9625 | I57: ='增加值 (2001-2060, 2020RMB)'!I57*$B$73 -> 3059.9397 | ... BI57: ='增加值 (2001-2060, 2020RMB)'!BI57*$B$73 -> 9071.0148
A58: 批发零售 | B58: ='增加值 (2001-2060, 2020RMB)'!B58*$B$73 -> 2362.7118 | C58: ='增加值 (2001-2060, 2020RMB)'!C58*$B$73 -> 2573.3444 | D58: ='增加值 (2001-2060, 2020RMB)'!D58*$B$73 -> 2801.7271 | E58: ='增加值 (2001-2060, 2020RMB)'!E58*$B$73 -> 2920.4838 | F58: ='增加值 (2001-2060, 2020RMB)'!F58*$B$73 -> 3152.2667 | G58: ='增加值 (2001-2060, 2020RMB)'!G58*$B$73 -> 3589.4511 | H58: ='增加值 (2001-2060, 2020RMB)'!H58*$B$73 -> 4218.2478 | I58: ='增加值 (2001-2060, 2020RMB)'!I58*$B$73 -> 4895.5371 | ... BI58: ='增加值 (2001-2060, 2020RMB)'!BI58*$B$73 -> 22177.568
A59: 餐饮住宿 | B59: ='增加值 (2001-2060, 2020RMB)'!B59*$B$73 -> 621.73763 | C59: ='增加值 (2001-2060, 2020RMB)'!C59*$B$73 -> 701.40934 | D59: ='增加值 (2001-2060, 2020RMB)'!D59*$B$73 -> 784.02312 | E59: ='增加值 (2001-2060, 2020RMB)'!E59*$B$73 -> 859.27754 | F59: ='增加值 (2001-2060, 2020RMB)'!F59*$B$73 -> 946.8422 | G59: ='增加值 (2001-2060, 2020RMB)'!G59*$B$73 -> 1040.4879 | H59: ='增加值 (2001-2060, 2020RMB)'!H59*$B$73 -> 1117.5755 | I59: ='增加值 (2001-2060, 2020RMB)'!I59*$B$73 -> 1236.8867 | ... BI59: ='增加值 (2001-2060, 2020RMB)'!BI59*$B$73 -> 3786.9976
A60: 金融业 | B60: ='增加值 (2001-2060, 2020RMB)'!B60*$B$73 -> 1347.7674 | C60: ='增加值 (2001-2060, 2020RMB)'!C60*$B$73 -> 1430.1564 | D60: ='增加值 (2001-2060, 2020RMB)'!D60*$B$73 -> 1516.2562 | E60: ='增加值 (2001-2060, 2020RMB)'!E60*$B$73 -> 1547.5343 | F60: ='增加值 (2001-2060, 2020RMB)'!F60*$B$73 -> 1689.3631 | G60: ='增加值 (2001-2060, 2020RMB)'!G60*$B$73 -> 2165.0165 | H60: ='增加值 (2001-2060, 2020RMB)'!H60*$B$73 -> 3061.7955 | I60: ='增加值 (2001-2060, 2020RMB)'!I60*$B$73 -> 3429.7288 | ... BI60: ='增加值 (2001-2060, 2020RMB)'!BI60*$B$73 -> 21655.802
A61: 房地产 | B61: ='增加值 (2001-2060, 2020RMB)'!B61*$B$73 -> 1219.0213 | C61: ='增加值 (2001-2060, 2020RMB)'!C61*$B$73 -> 1373.19 | D61: ='增加值 (2001-2060, 2020RMB)'!D61*$B$73 -> 1544.1702 | E61: ='增加值 (2001-2060, 2020RMB)'!E61*$B$73 -> 1676.937 | F61: ='增加值 (2001-2060, 2020RMB)'!F61*$B$73 -> 1914.288 | G61: ='增加值 (2001-2060, 2020RMB)'!G61*$B$73 -> 2240.6986 | H61: ='增加值 (2001-2060, 2020RMB)'!H61*$B$73 -> 2762.4647 | I61: ='增加值 (2001-2060, 2020RMB)'!I61*$B$73 -> 2729.5411 | ... BI61: ='增加值 (2001-2060, 2020RMB)'!BI61*$B$73 -> 19597.345
A62: 信息传输、软件和信息技术服务 | K62: ='增加值 (2001-2060, 2020RMB)'!K62*$B$73 -> 1585.7514 | L62: ='增加值 (2001-2060, 2020RMB)'!L62*$B$73 -> 1671.5039 | M62: ='增加值 (2001-2060, 2020RMB)'!M62*$B$73 -> 1891.467 | N62: ='增加值 (2001-2060, 2020RMB)'!N62*$B$73 -> 2131.6109 | O62: ='增加值 (2001-2060, 2020RMB)'!O62*$B$73 -> 2376.8126 | P62: ='增加值 (2001-2060, 2020RMB)'!P62*$B$73 -> 2690.219 | Q62: ='增加值 (2001-2060, 2020RMB)'!Q62*$B$73 -> 3046.3629 | R62: ='增加值 (2001-2060, 2020RMB)'!R62*$B$73 -> 3456.28 | ... BI62: ='增加值 (2001-2060, 2020RMB)'!BI62*$B$73 -> 111665.24
A63: 租赁和商务服务 | K63: ='增加值 (2001-2060, 2020RMB)'!K63*$B$73 -> 1272.1127 | L63: ='增加值 (2001-2060, 2020RMB)'!L63*$B$73 -> 1484.2205 | M63: ='增加值 (2001-2060, 2020RMB)'!M63*$B$73 -> 1726.3539 | N63: ='增加值 (2001-2060, 2020RMB)'!N63*$B$73 -> 2003.5562 | O63: ='增加值 (2001-2060, 2020RMB)'!O63*$B$73 -> 2373.8474 | P63: ='增加值 (2001-2060, 2020RMB)'!P63*$B$73 -> 2778.2046 | Q63: ='增加值 (2001-2060, 2020RMB)'!Q63*$B$73 -> 3258.9744 | R63: ='增加值 (2001-2060, 2020RMB)'!R63*$B$73 -> 3668.8634 | ... BI63: ='增加值 (2001-2060, 2020RMB)'!BI63*$B$73 -> 42499.191
A64: 科学研究和技术服务 | K64: ='增加值 (2001-2060, 2020RMB)'!K64*$B$73 -> 1132.7196 | L64: ='增加值 (2001-2060, 2020RMB)'!L64*$B$73 -> 1288.6969 | M64: ='增加值 (2001-2060, 2020RMB)'!M64*$B$73 -> 1499.4007 | N64: ='增加值 (2001-2060, 2020RMB)'!N64*$B$73 -> 1711.412 | O64: ='增加值 (2001-2060, 2020RMB)'!O64*$B$73 -> 1916.7397 | P64: ='增加值 (2001-2060, 2020RMB)'!P64*$B$73 -> 2132.7873 | Q64: ='增加值 (2001-2060, 2020RMB)'!Q64*$B$73 -> 2330.3561 | R64: ='增加值 (2001-2060, 2020RMB)'!R64*$B$73 -> 2532.4046 | ... BI64: ='增加值 (2001-2060, 2020RMB)'!BI64*$B$73 -> 24042.124
A65: 水利、环境和公共设施管理 | K65: ='增加值 (2001-2060, 2020RMB)'!K65*$B$73 -> 356.60438 | L65: ='增加值 (2001-2060, 2020RMB)'!L65*$B$73 -> 405.40231 | M65: ='增加值 (2001-2060, 2020RMB)'!M65*$B$73 -> 479.6097 | N65: ='增加值 (2001-2060, 2020RMB)'!N65*$B$73 -> 569.0268 | O65: ='增加值 (2001-2060, 2020RMB)'!O65*$B$73 -> 605.45685 | P65: ='增加值 (2001-2060, 2020RMB)'!P65*$B$73 -> 634.06776 | Q65: ='增加值 (2001-2060, 2020RMB)'!Q65*$B$73 -> 659.19429 | R65: ='增加值 (2001-2060, 2020RMB)'!R65*$B$73 -> 668.14822 | ... BI65: ='增加值 (2001-2060, 2020RMB)'!BI65*$B$73 -> 2695.2914
A66: 居民服务、修理和其他服务 | K66: ='增加值 (2001-2060, 2020RMB)'!K66*$B$73 -> 1131.6157 | L66: ='增加值 (2001-2060, 2020RMB)'!L66*$B$73 -> 1228.6644 | M66: ='增加值 (2001-2060, 2020RMB)'!M66*$B$73 -> 1304.6361 | N66: ='增加值 (2001-2060, 2020RMB)'!N66*$B$73 -> 1351.918 | O66: ='增加值 (2001-2060, 2020RMB)'!O66*$B$73 -> 1480.0346 | P66: ='增加值 (2001-2060, 2020RMB)'!P66*$B$73 -> 1625.8986 | Q66: ='增加值 (2001-2060, 2020RMB)'!Q66*$B$73 -> 1844.3241 | R66: ='增加值 (2001-2060, 2020RMB)'!R66*$B$73 -> 1992.4829 | ... BI66: ='增加值 (2001-2060, 2020RMB)'!BI66*$B$73 -> 10216.664
A67: 教育 | K67: ='增加值 (2001-2060, 2020RMB)'!K67*$B$73 -> 2167.1895 | L67: ='增加值 (2001-2060, 2020RMB)'!L67*$B$73 -> 2396.5338 | M67: ='增加值 (2001-2060, 2020RMB)'!M67*$B$73 -> 2639.4152 | N67: ='增加值 (2001-2060, 2020RMB)'!N67*$B$73 -> 2942.3084 | O67: ='增加值 (2001-2060, 2020RMB)'!O67*$B$73 -> 3258.7341 | P67: ='增加值 (2001-2060, 2020RMB)'!P67*$B$73 -> 3742.8059 | Q67: ='增加值 (2001-2060, 2020RMB)'!Q67*$B$73 -> 4081.9152 | R67: ='增加值 (2001-2060, 2020RMB)'!R67*$B$73 -> 4385.2798 | ... BI67: ='增加值 (2001-2060, 2020RMB)'!BI67*$B$73 -> 27145.174
A68: 卫生和社会工作 | K68: ='增加值 (2001-2060, 2020RMB)'!K68*$B$73 -> 1031.9816 | L68: ='增加值 (2001-2060, 2020RMB)'!L68*$B$73 -> 1204.9985 | M68: ='增加值 (2001-2060, 2020RMB)'!M68*$B$73 -> 1428.8554 | N68: ='增加值 (2001-2060, 2020RMB)'!N68*$B$73 -> 1713.1509 | O68: ='增加值 (2001-2060, 2020RMB)'!O68*$B$73 -> 1943.9791 | P68: ='增加值 (2001-2060, 2020RMB)'!P68*$B$73 -> 2267.6607 | Q68: ='增加值 (2001-2060, 2020RMB)'!Q68*$B$73 -> 2538.1387 | R68: ='增加值 (2001-2060, 2020RMB)'!R68*$B$73 -> 2692.6841 | ... BI68: ='增加值 (2001-2060, 2020RMB)'!BI68*$B$73 -> 10320.559
A69: 文化、体育和娱乐 | K69: ='增加值 (2001-2060, 2020RMB)'!K69*$B$73 -> 495.48927 | L69: ='增加值 (2001-2060, 2020RMB)'!L69*$B$73 -> 539.48207 | M69: ='增加值 (2001-2060, 2020RMB)'!M69*$B$73 -> 595.91668 | N69: ='增加值 (2001-2060, 2020RMB)'!N69*$B$73 -> 642.43158 | O69: ='增加值 (2001-2060, 2020RMB)'!O69*$B$73 -> 688.38857 | P69: ='增加值 (2001-2060, 2020RMB)'!P69*$B$73 -> 777.69518 | Q69: ='增加值 (2001-2060, 2020RMB)'!Q69*$B$73 -> 844.66364 | R69: ='增加值 (2001-2060, 2020RMB)'!R69*$B$73 -> 961.79317 | ... BI69: ='增加值 (2001-2060, 2020RMB)'!BI69*$B$73 -> 4744.165
A70: 公共管理、社会保障和社会组织 | K70: ='增加值 (2001-2060, 2020RMB)'!K70*$B$73 -> 2856.6725 | L70: ='增加值 (2001-2060, 2020RMB)'!L70*$B$73 -> 2932.5284 | M70: ='增加值 (2001-2060, 2020RMB)'!M70*$B$73 -> 3187.4137 | N70: ='增加值 (2001-2060, 2020RMB)'!N70*$B$73 -> 3367.9568 | O70: ='增加值 (2001-2060, 2020RMB)'!O70*$B$73 -> 3733.4944 | P70: ='增加值 (2001-2060, 2020RMB)'!P70*$B$73 -> 4368.995 | Q70: ='增加值 (2001-2060, 2020RMB)'!Q70*$B$73 -> 5123.8406 | R70: ='增加值 (2001-2060, 2020RMB)'!R70*$B$73 -> 5639.5856 | ... BI70: ='增加值 (2001-2060, 2020RMB)'!BI70*$B$73 -> 34437.311
A73: 汇率 (2012 USD/2020 RMB) | B73: 0.13774644
A78: 工业 | B78: =B13 -> 11360.305 | C78: =C13 -> 12298.063 | D78: =D13 -> 13884.791 | E78: =E13 -> 15422.095 | F78: =F13 -> 17592.823 | G78: =G13 -> 20024.671 | H78: =H13 -> 22498.315 | I78: =I13 -> 24625.938 | ... BI78: =BI13 -> 92816.947
A79: 煤炭采选产品 | I79: =I14 -> 1608.2849 | J79: =J14 -> 1651.0989 | K79: =K14 -> 1879.1923 | L79: =L14 -> 2105.4222 | M79: =M14 -> 2200.7749 | N79: =N14 -> 2209.8175 | O79: =O14 -> 2171.5798 | P79: =P14 -> 2099.3377 | ... BI79: =BI14 -> 1899.2504
A80: 石油和天然气开采产品 | I80: =I15 -> 1691.9642 | J80: =J15 -> 1680.87 | K80: =K15 -> 1629.0529 | L80: =L15 -> 1645.1569 | M80: =M15 -> 1616.2967 | N80: =N15 -> 1570.7336 | O80: =O15 -> 1558.6134 | P80: =P15 -> 1540.7723 | ... BI80: =BI15 -> 1148.9919
A81: 金属矿采选产品 | I81: =I16+I17 -> 461.97504 | J81: =J16+J17 -> 539.30689 | K81: =K16+K17 -> 612.8993 | L81: =L16+L17 -> 697.13326 | M81: =M16+M17 -> 787.98266 | N81: =N16+N17 -> 846.74247 | O81: =O16+O17 -> 889.23817 | P81: =P16+P17 -> 869.65122 | ... BI81: =BI16+BI17 -> 501.76242
A82: 非金属矿和其他矿采选产品 | I82: =I18+I19+I20 -> 188.33461 | J82: =J18+J19+J20 -> 214.70342 | K82: =K18+K19+K20 -> 251.56476 | L82: =L18+L19+L20 -> 292.08519 | M82: =M18+M19+M20 -> 311.08587 | N82: =N18+N19+N20 -> 322.17631 | O82: =O18+O19+O20 -> 318.56815 | P82: =P18+P19+P20 -> 300.29257 | ... BI82: =BI18+BI19+BI20 -> 391.95775
A83: 食品和烟草 | I83: =I21+I22+I23+I24 -> 2454.8372 | J83: =J21+J22+J23+J24 -> 2625.8154 | K83: =K21+K22+K23+K24 -> 2906.3916 | L83: =L21+L22+L23+L24 -> 3210.2341 | M83: =M21+M22+M23+M24 -> 3416.4197 | N83: =N21+N22+N23+N24 -> 3537.0991 | O83: =O21+O22+O23+O24 -> 3654.9197 | P83: =P21+P22+P23+P24 -> 3662.0952 | ... BI83: =BI21+BI22+BI23+BI24 -> 3918.9901
A84: 纺织品 | I84: =I25 -> 777.95992 | J84: =J25 -> 800.14486 | K84: =K25 -> 867.1682 | L84: =L25 -> 902.40443 | M84: =M25 -> 963.89151 | N84: =N25 -> 995.32176 | O84: =O25 -> 1018.1774 | P84: =P25 -> 1033.5692 | ... BI84: =BI25 -> 554.17911
A85: 纺织服装鞋帽皮革羽绒及其制品 | I85: =I26+I27 -> 794.13119 | J85: =J26+J27 -> 825.51106 | K85: =K26+K27 -> 926.70628 | L85: =L26+L27 -> 1020.4273 | M85: =M26+M27 -> 1043.3087 | N85: =N26+N27 -> 1066.0064 | O85: =O26+O27 -> 1091.5137 | P85: =P26+P27 -> 1083.1465 | ... BI85: =BI26+BI27 -> 603.20206
A86: 木材加工品和家具 | I86: =I28+I29 -> 312.88148 | J86: =J28+J29 -> 338.13806 | K86: =K28+K29 -> 398.41529 | L86: =L28+L29 -> 454.5499 | M86: =M28+M29 -> 484.41888 | N86: =N28+N29 -> 511.42123 | O86: =O28+O29 -> 535.42946 | P86: =P28+P29 -> 541.10037 | ... BI86: =BI28+BI29 -> 441.00403
A87: 造纸印刷和文教体育用品 | I87: =I30+I31+I32 -> 633.24101 | J87: =J30+J31+J32 -> 656.95248 | K87: =K30+K31+K32 -> 735.05206 | L87: =L30+L31+L32 -> 803.22604 | M87: =M30+M31+M32 -> 838.14481 | N87: =N30+N31+N32 -> 879.44918 | O87: =O30+O31+O32 -> 920.17867 | P87: =P30+P31+P32 -> 923.06262 | ... BI87: =BI30+BI31+BI32 -> 796.66626
A88: 石油、炼焦产品和核燃料加工品 | I88: =I33 -> 637.16699 | J88: =J33 -> 635.40506 | K88: =K33 -> 676.28811 | L88: =L33 -> 699.21935 | M88: =M33 -> 707.58853 | N88: =N33 -> 713.18462 | O88: =O33 -> 720.67276 | P88: =P33 -> 734.302 | ... BI88: =BI33 -> 487.57286
A89: 化学产品 | I89: =I34+I35+I36+I37 -> 2560.8759 | J89: =J34+J35+J36+J37 -> 2764.9378 | K89: =K34+K35+K36+K37 -> 3105.5611 | L89: =L34+L35+L36+L37 -> 3424.4855 | M89: =M34+M35+M36+M37 -> 3650.4089 | N89: =N34+N35+N36+N37 -> 3884.5218 | O89: =O34+O35+O36+O37 -> 4107.3332 | P89: =P34+P35+P36+P37 -> 4260.3967 | ... BI89: =BI34+BI35+BI36+BI37 -> 8724.0752
A90: 非金属矿物制品 | I90: =I38 -> 969.8653 | J90: =J38 -> 1054.5241 | K90: =K38 -> 1231.9488 | L90: =L38 -> 1401.5667 | M90: =M38 -> 1483.7224 | N90: =N38 -> 1571.5685 | O90: =O38 -> 1646.8309 | P90: =P38 -> 1663.9142 | ... BI90: =BI38 -> 1672.6078
A91: 金属冶炼和压延加工品 | I91: =I39+I40 -> 2597.0509 | J91: =J39+J40 -> 2726.7398 | K91: =K39+K40 -> 2967.9329 | L91: =L39+L40 -> 3162.3679 | M91: =M39+M40 -> 3331.3503 | N91: =N39+N40 -> 3525.481 | O91: =O39+O40 -> 3658.4209 | P91: =P39+P40 -> 3728.0927 | ... BI91: =BI39+BI40 -> 3696.491
A92: 金属制品 | I92: =I41 -> 825.35204 | J92: =J41 -> 860.62424 | K92: =K41 -> 994.56017 | L92: =L41 -> 1125.7599 | M92: =M41 -> 1202.4657 | N92: =N41 -> 1283.9403 | O92: =O41 -> 1373.74 | P92: =P41 -> 1399.7199 | ... BI92: =BI41 -> 2985.3019
A93: 通用设备 | I93: =I42 -> 957.48913 | J93: =J42 -> 1007.4848 | K93: =K42 -> 1190.6924 | L93: =L42 -> 1343.189 | M93: =M42 -> 1386.1189 | N93: =N42 -> 1437.9008 | O93: =O42 -> 1504.0047 | P93: =P42 -> 1468.2395 | ... BI93: =BI42 -> 3242.2028
A94: 专用设备 | I94: =I43 -> 636.84917 | J94: =J43 -> 682.1764 | K94: =K43 -> 798.94067 | L94: =L43 -> 919.68852 | M94: =M43 -> 953.46054 | N94: =N43 -> 982.73916 | O94: =O43 -> 1007.1902 | P94: =P43 -> 988.01687 | ... BI94: =BI43 -> 3909.0976
A95: 交通运输设备 | I95: =I44+I45 -> 1623.8018 | J95: =J44+J45 -> 1822.4952 | K95: =K44+K45 -> 2166.2986 | L95: =L44+L45 -> 2331.3408 | M95: =M44+M45 -> 2383.0435 | N95: =N44+N45 -> 2540.8631 | O95: =O44+O45 -> 2728.8384 | P95: =P44+P45 -> 2762.9644 | ... BI95: =BI44+BI45 -> 5895.9828
A96: 电气机械和器材 | I96: =I46 -> 1217.5195 | J96: =J46 -> 1292.6341 | K96: =K46 -> 1490.0363 | L96: =L46 -> 1639.3503 | M96: =M46 -> 1712.0344 | N96: =N46 -> 1803.6398 | O96: =O46 -> 1891.7453 | P96: =P46 -> 1925.727 | ... BI96: =BI46 -> 13787.713
A97: 通信设备、计算机和其他电子设备 | I97: =I47 -> 1706.6025 | J97: =J47 -> 1703.501 | K97: =K47 -> 1933.8707 | L97: =L47 -> 2153.6757 | M97: =M47 -> 2298.3703 | N97: =N47 -> 2430.0821 | O97: =O47 -> 2614.0226 | P97: =P47 -> 2740.3368 | ... BI97: =BI47 -> 27874.845
A98: 仪器仪表 | I98: =I48 -> 174.94891 | J98: =J48 -> 169.15821 | K98: =K48 -> 196.46934 | L98: =L48 -> 219.55529 | M98: =M48 -> 235.35118 | N98: =N48 -> 249.50909 | O98: =O48 -> 261.69729 | P98: =P48 -> 261.68098 | ... BI98: =BI48 -> 1177.6013
A99: 其他制造产品和废品废料 | I99: =I49+I50 -> 111.46029 | J99: =J49+J50 -> 120.30787 | K99: =K49+K50 -> 141.43054 | L99: =L49+L50 -> 159.98362 | M99: =M49+M50 -> 167.95873 | N99: =N49+N50 -> 172.0553 | O99: =O49+O50 -> 181.96007 | P99: =P49+P50 -> 194.94535 | ... BI99: =BI49+BI50 -> 1209.7431
A100: 金属制品、机械和设备修理服务 | I100: =I51 -> 22.452836 | J100: =J51 -> 23.412379 | K100: =K51 -> 27.055966 | L100: =L51 -> 30.625116 | M100: =M51 -> 32.536889 | N100: =N51 -> 35.699637 | O100: =O51 -> 38.367628 | P100: =P51 -> 39.602825 | ... BI100: =BI51 -> 84.894481
A101: 电力、热力的生产和供应 | I101: =I52 -> 1466.9498 | J101: =J52 -> 1474.0179 | K101: =K52 -> 1588.8989 | L101: =L52 -> 1680.9431 | M101: =M52 -> 1680.2596 | N101: =N52 -> 1695.1444 | O101: =O52 -> 1660.9369 | P101: =P52 -> 1583.622 | ... BI101: =BI52 -> 5503.8078
A102: 燃气生产和供应 | I102: =I53 -> 87.530539 | J102: =J53 -> 95.088037 | K102: =K53 -> 108.8705 | L102: =L53 -> 118.31566 | M102: =M53 -> 125.81415 | N102: =N53 -> 140.31477 | O102: =O53 -> 156.72015 | P102: =P53 -> 165.18523 | ... BI102: =BI53 -> 1918.6794
A103: 水的生产和供应 | I103: =I54 -> 106.41261 | J103: =J54 -> 106.01748 | K103: =K54 -> 108.72062 | L103: =L54 -> 112.09366 | M103: =M54 -> 111.51452 | N103: =N54 -> 113.03206 | O103: =O54 -> 116.38619 | P103: =P54 -> 116.59977 | ... BI103: =BI54 -> 390.32718

Sheet 增加值 (2001-2060, 2020RMB)
A1: 全国 | B1: 2001 | C1: 2002 | D1: 2003 | E1: 2004 | F1: 2005 | G1: 2006 | H1: 2007 | I1: 2008 | J1: 2009 | K1: 2010 | L1: 2011 | M1: 2012 | N1: 2013 | O1: 2014 | P1: 2015 | Q1: 2016 | R1: 2017 | S1: 2018 | T1: 2019 | U1: 2020 | V1: 2021 | W1: 2022 | X1: 2023 | Y1: 2024 | Z1: 2025 | AA1: 2026 | AB1: 2027 | AC1: 2028 | AD1: 2029 | AE1: 2030 | AF1: 2031 | AG1: 2032 | AH1: 2033 | AI1: 2034 | AJ1: 2035 | AK1: 2036 | AL1: 2037 | AM1: 2038 | AN1: 2039 | AO1: 2040 | AP1: 2041 | AQ1: 2042 | AR1: 2043 | AS1: 2044 | AT1: 2045 | AU1: 2046 | AV1: 2047 | AW1: 2048 | AX1: 2049 | AY1: 2050 | AZ1: 2051 | BA1: 2052 | BB1: 2053 | BC1: 2054 | BD1: 2055 | BE1: 2056 | BF1: 2057 | BG1: 2058 | BH1: 2059 | BI1: 2060
A2: 地区生产总值 | B2: ='增加值 (2001-2022, 当年价) '!B2*B$77 -> 208489.63 | C2: ='增加值 (2001-2022, 当年价) '!C2*C$77 -> 227462.19 | D2: ='增加值 (2001-2022, 当年价) '!D2*D$77 -> 250208.41 | E2: ='增加值 (2001-2022, 当年价) '!E2*E$77 -> 275479.46 | F2: ='增加值 (2001-2022, 当年价) '!F2*F$77 -> 306884.11 | G2: ='增加值 (2001-2022, 当年价) '!G2*G$77 -> 345858.4 | H2: ='增加值 (2001-2022, 当年价) '!H2*H$77 -> 394970.29 | I2: ='增加值 (2001-2022, 当年价) '!I2*I$77 -> 433282.41 | ... W2: ='增加值 (2001-2022, 当年价) '!W2*W$77 -> 1131667.8 | X2: =VLOOKUP($A2,平滑数据导入!$A$1:$AN$61,COLUMN(平滑数据导入!C$1),0) -> 1191674.2 | Y2: =VLOOKUP($A2,平滑数据导入!$A$1:$AN$61,COLUMN(平滑数据导入!D$1),0) -> 1256332.4 | Z2: =W2*(1+情景假设!B3)^3 -> 1325076 | AA2: =VLOOKUP($A2,平滑数据导入!$A$1:$AN$61,COLUMN(平滑数据导入!F$1),0) -> 1397204.6 | AB2: =VLOOKUP($A2,平滑数据导入!$A$1:$AN$61,COLUMN(平滑数据导入!G$1),0) -> 1471850.3 | AC2: =VLOOKUP($A2,平滑数据导入!$A$1:$AN$61,COLUMN(平滑数据导入!H$1),0) -> 1547952.3 | AD2: =VLOOKUP($A2,平滑数据导入!$A$1:$AN$61,COLUMN(平滑数据导入!I$1),0) -> 1624241.1 | AE2: =Z2*(1+情景假设!B4)^5 -> 1699238.7 | AF2: =VLOOKUP($A2,平滑数据导入!$A$1:$AN$61,COLUMN(平滑数据导入!K$1),0) -> 1771676 | AG2: =VLOOKUP($A2,平滑数据导入!$A$1:$AN$61,COLUMN(平滑数据导入!L$1),0) -> 1841829.8 | AH2: =VLOOKUP($A2,平滑数据导入!$A$1:$AN$61,COLUMN(平滑数据导入!M$1),0) -> 1910523.1 | AI2: =VLOOKUP($A2,平滑数据导入!$A$1:$AN$61,COLUMN(平滑数据导入!N$1),0) -> 1978734 | AJ2: =AE2*(1+情景假设!B5)^5 -> 2047581.3 | AK2: =VLOOKUP($A2,平滑数据导入!$A$1:$AN$61,COLUMN(平滑数据导入!P$1),0) -> 2118060.2 | AL2: =VLOOKUP($A2,平滑数据导入!$A$1:$AN$61,COLUMN(平滑数据导入!Q$1),0) -> 2190206.6 | AM2: =VLOOKUP($A2,平滑数据导入!$A$1:$AN$61,COLUMN(平滑数据导入!R$1),0) -> 2263788.7 | AN2: =VLOOKUP($A2,平滑数据导入!$A$1:$AN$61,COLUMN(平滑数据导入!S$1),0) -> 2338554 | AO2: =VLOOKUP($A2,平滑数据导入!$A$1:$AN$61,COLUMN(平滑数据导入!T$1),0) -> 2414227.7 | AP2: =VLOOKUP($A2,平滑数据导入!$A$1:$AN$61,COLUMN(平滑数据导入!U$1),0) -> 2490511.8 | AQ2: =VLOOKUP($A2,平滑数据导入!$A$1:$AN$61,COLUMN(平滑数据导入!V$1),0) -> 2567084.4 | AR2: =VLOOKUP($A2,平滑数据导入!$A$1:$AN$61,COLUMN(平滑数据导入!W$1),0) -> 2643599.3 | ... AX2: =VLOOKUP($A2,平滑数据导入!$A$1:$AN$61,COLUMN(平滑数据导入!AC$1),0) -> 3079285.8 | AY2: =AJ2*(1+情景假设!B6)^15 -> 3143922.1 | AZ2: =VLOOKUP($A2,平滑数据导入!$A$1:$AN$61,COLUMN(平滑数据导入!AE$1),0) -> 3205047.7 | BA2: =VLOOKUP($A2,平滑数据导入!$A$1:$AN$61,COLUMN(平滑数据导入!AF$1),0) -> 3262198.4 | BB2: =VLOOKUP($A2,平滑数据导入!$A$1:$AN$61,COLUMN(平滑数据导入!AG$1),0) -> 3314921.1 | BC2: =VLOOKUP($A2,平滑数据导入!$A$1:$AN$61,COLUMN(平滑数据导入!AH$1),0) -> 3362781.6 | BD2: =VLOOKUP($A2,平滑数据导入!$A$1:$AN$61,COLUMN(平滑数据导入!AI$1),0) -> 3405372.2 | BE2: =VLOOKUP($A2,平滑数据导入!$A$1:$AN$61,COLUMN(平滑数据导入!AJ$1),0) -> 3442319.7 | BF2: =VLOOKUP($A2,平滑数据导入!$A$1:$AN$61,COLUMN(平滑数据导入!AK$1),0) -> 3473293.8 | BG2: =VLOOKUP($A2,平滑数据导入!$A$1:$AN$61,COLUMN(平滑数据导入!AL$1),0) -> 3498015 | BH2: =VLOOKUP($A2,平滑数据导入!$A$1:$AN$61,COLUMN(平滑数据导入!AM$1),0) -> 3516261.8 | BI2: =AJ2*(1+情景假设!B7)^25 -> 3527877.9
A3: 农业 | B3: ='增加值 (2001-2022, 当年价) '!B3*B$77 -> 29675.937 | C3: ='增加值 (2001-2022, 当年价) '!C3*C$77 -> 30901.469 | D3: ='增加值 (2001-2022, 当年价) '!D3*D$77 -> 31645.386 | E3: ='增加值 (2001-2022, 当年价) '!E3*E$77 -> 36444.641 | F3: ='增加值 (2001-2022, 当年价) '!F3*F$77 -> 36724.408 | G3: ='增加值 (2001-2022, 当年价) '!G3*G$77 -> 37883.921 | H3: ='增加值 (2001-2022, 当年价) '!H3*H$77 -> 41653.225 | I3: ='增加值 (2001-2022, 当年价) '!I3*I$77 -> 45368.998 | ... W3: ='增加值 (2001-2022, 当年价) '!W3*W$77 -> 86574.037 | X3: =VLOOKUP($A3,平滑数据导入!$A$1:$AN$61,COLUMN(平滑数据导入!C$1),0) -> 89111.56 | Y3: =VLOOKUP($A3,平滑数据导入!$A$1:$AN$61,COLUMN(平滑数据导入!D$1),0) -> 92551.325 | Z3: =Z2*情景假设!B15 -> 96730.551 | AA3: =VLOOKUP($A3,平滑数据导入!$A$1:$AN$61,COLUMN(平滑数据导入!F$1),0) -> 101462.91 | AB3: =VLOOKUP($A3,平滑数据导入!$A$1:$AN$61,COLUMN(平滑数据导入!G$1),0) -> 106523.11 | AC3: =VLOOKUP($A3,平滑数据导入!$A$1:$AN$61,COLUMN(平滑数据导入!H$1),0) -> 111635.79 | AD3: =VLOOKUP($A3,平滑数据导入!$A$1:$AN$61,COLUMN(平滑数据导入!I$1),0) -> 116470.61 | AE3: =AE2*情景假设!B16 -> 120645.95 | AF3: =VLOOKUP($A3,平滑数据导入!$A$1:$AN$61,COLUMN(平滑数据导入!K$1),0) -> 123851.07 | AG3: =VLOOKUP($A3,平滑数据导入!$A$1:$AN$61,COLUMN(平滑数据导入!L$1),0) -> 126209.58 | AH3: =VLOOKUP($A3,平滑数据导入!$A$1:$AN$61,COLUMN(平滑数据导入!M$1),0) -> 127991.81 | AI3: =VLOOKUP($A3,平滑数据导入!$A$1:$AN$61,COLUMN(平滑数据导入!N$1),0) -> 129497.44 | AJ3: =AJ2*情景假设!B17 -> 131045.2 | AK3: =VLOOKUP($A3,平滑数据导入!$A$1:$AN$61,COLUMN(平滑数据导入!P$1),0) -> 132907.13 | AL3: =VLOOKUP($A3,平滑数据导入!$A$1:$AN$61,COLUMN(平滑数据导入!Q$1),0) -> 135116.02 | AM3: =VLOOKUP($A3,平滑数据导入!$A$1:$AN$61,COLUMN(平滑数据导入!R$1),0) -> 137643.47 | AN3: =VLOOKUP($A3,平滑数据导入!$A$1:$AN$61,COLUMN(平滑数据导入!S$1),0) -> 140460.19 | AO3: =VLOOKUP($A3,平滑数据导入!$A$1:$AN$61,COLUMN(平滑数据导入!T$1),0) -> 143535.22 | AP3: =VLOOKUP($A3,平滑数据导入!$A$1:$AN$61,COLUMN(平滑数据导入!U$1),0) -> 146835.15 | AQ3: =VLOOKUP($A3,平滑数据导入!$A$1:$AN$61,COLUMN(平滑数据导入!V$1),0) -> 150323.41 | AR3: =VLOOKUP($A3,平滑数据导入!$A$1:$AN$61,COLUMN(平滑数据导入!W$1),0) -> 153959.67 | ... AX3: =VLOOKUP($A3,平滑数据导入!$A$1:$AN$61,COLUMN(平滑数据导入!AC$1),0) -> 176049.97 | AY3: =AY2*情景假设!B18 -> 179203.56 | AZ3: =VLOOKUP($A3,平滑数据导入!$A$1:$AN$61,COLUMN(平滑数据导入!AE$1),0) -> 182016.52 | BA3: =VLOOKUP($A3,平滑数据导入!$A$1:$AN$61,COLUMN(平滑数据导入!AF$1),0) -> 184411.15 | BB3: =VLOOKUP($A3,平滑数据导入!$A$1:$AN$61,COLUMN(平滑数据导入!AG$1),0) -> 186309.28 | BC3: =VLOOKUP($A3,平滑数据导入!$A$1:$AN$61,COLUMN(平滑数据导入!AH$1),0) -> 187633.95 | BD3: =VLOOKUP($A3,平滑数据导入!$A$1:$AN$61,COLUMN(平滑数据导入!AI$1),0) -> 188311.45 | BE3: =VLOOKUP($A3,平滑数据导入!$A$1:$AN$61,COLUMN(平滑数据导入!AJ$1),0) -> 188273.46 | BF3: =VLOOKUP($A3,平滑数据导入!$A$1:$AN$61,COLUMN(平滑数据导入!AK$1),0) -> 187459.42 | BG3: =VLOOKUP($A3,平滑数据导入!$A$1:$AN$61,COLUMN(平滑数据导入!AL$1),0) -> 185818.93 | BH3: =VLOOKUP($A3,平滑数据导入!$A$1:$AN$61,COLUMN(平滑数据导入!AM$1),0) -> 183314.1 | BI3: =BI2*情景假设!B19 -> 179921.77
A4: 工业 | B4: ='增加值 (2001-2022, 当年价) '!B4*B$77 -> 82472.589 | C4: ='增加值 (2001-2022, 当年价) '!C4*C$77 -> 89280.442 | D4: ='增加值 (2001-2022, 当年价) '!D4*D$77 -> 100799.64 | E4: ='增加值 (2001-2022, 当年价) '!E4*E$77 -> 111960.03 | F4: ='增加值 (2001-2022, 当年价) '!F4*F$77 -> 127718.9 | G4: ='增加值 (2001-2022, 当年价) '!G4*G$77 -> 145373.42 | H4: ='增加值 (2001-2022, 当年价) '!H4*H$77 -> 163331.38 | I4: ='增加值 (2001-2022, 当年价) '!I4*I$77 -> 178777.31 | ... W4: ='增加值 (2001-2022, 当年价) '!W4*W$77 -> 375578.61 | X4: =VLOOKUP($A4,平滑数据导入!$A$1:$AN$61,COLUMN(平滑数据导入!C$1),0) -> 388611.81 | Y4: =VLOOKUP($A4,平滑数据导入!$A$1:$AN$61,COLUMN(平滑数据导入!D$1),0) -> 402616.52 | Z4: =Z2*情景假设!D15 -> 417398.95 | AA4: =VLOOKUP($A4,平滑数据导入!$A$1:$AN$61,COLUMN(平滑数据导入!F$1),0) -> 432743.74 | AB4: =VLOOKUP($A4,平滑数据导入!$A$1:$AN$61,COLUMN(平滑数据导入!G$1),0) -> 448409.44 | AC4: =VLOOKUP($A4,平滑数据导入!$A$1:$AN$61,COLUMN(平滑数据导入!H$1),0) -> 464125.57 | AD4: =VLOOKUP($A4,平滑数据导入!$A$1:$AN$61,COLUMN(平滑数据导入!I$1),0) -> 479591.6 | AE4: =AE2*情景假设!D16 -> 494478.45 | AF4: =VLOOKUP($A4,平滑数据导入!$A$1:$AN$61,COLUMN(平滑数据导入!K$1),0) -> 508505.38 | AG4: =VLOOKUP($A4,平滑数据导入!$A$1:$AN$61,COLUMN(平滑数据导入!L$1),0) -> 521674.06 | AH4: =VLOOKUP($A4,平滑数据导入!$A$1:$AN$61,COLUMN(平滑数据导入!M$1),0) -> 534070.3 | AI4: =VLOOKUP($A4,平滑数据导入!$A$1:$AN$61,COLUMN(平滑数据导入!N$1),0) -> 545791.14 | AJ4: =AJ2*情景假设!D17 -> 556942.11 | AK4: =VLOOKUP($A4,平滑数据导入!$A$1:$AN$61,COLUMN(平滑数据导入!P$1),0) -> 567610.38 | AL4: =VLOOKUP($A4,平滑数据导入!$A$1:$AN$61,COLUMN(平滑数据导入!Q$1),0) -> 577789.79 | AM4: =VLOOKUP($A4,平滑数据导入!$A$1:$AN$61,COLUMN(平滑数据导入!R$1),0) -> 587454.19 | AN4: =VLOOKUP($A4,平滑数据导入!$A$1:$AN$61,COLUMN(平滑数据导入!S$1),0) -> 596582.23 | AO4: =VLOOKUP($A4,平滑数据导入!$A$1:$AN$61,COLUMN(平滑数据导入!T$1),0) -> 605157.37 | AP4: =VLOOKUP($A4,平滑数据导入!$A$1:$AN$61,COLUMN(平滑数据导入!U$1),0) -> 613167.94 | AQ4: =VLOOKUP($A4,平滑数据导入!$A$1:$AN$61,COLUMN(平滑数据导入!V$1),0) -> 620607.1 | AR4: =VLOOKUP($A4,平滑数据导入!$A$1:$AN$61,COLUMN(平滑数据导入!W$1),0) -> 627472.76 | ... AX4: =VLOOKUP($A4,平滑数据导入!$A$1:$AN$61,COLUMN(平滑数据导入!AC$1),0) -> 657065.9 | AY4: =AY2*情景假设!D18 -> 660223.63 | AZ4: =VLOOKUP($A4,平滑数据导入!$A$1:$AN$61,COLUMN(平滑数据导入!AE$1),0) -> 662941.57 | BA4: =VLOOKUP($A4,平滑数据导入!$A$1:$AN$61,COLUMN(平滑数据导入!AF$1),0) -> 665252.11 | BB4: =VLOOKUP($A4,平滑数据导入!$A$1:$AN$61,COLUMN(平滑数据导入!AG$1),0) -> 667190.43 | BC4: =VLOOKUP($A4,平滑数据导入!$A$1:$AN$61,COLUMN(平滑数据导入!AH$1),0) -> 668794.37 | BD4: =VLOOKUP($A4,平滑数据导入!$A$1:$AN$61,COLUMN(平滑数据导入!AI$1),0) -> 670104.31 | BE4: =VLOOKUP($A4,平滑数据导入!$A$1:$AN$61,COLUMN(平滑数据导入!AJ$1),0) -> 671163.02 | BF4: =VLOOKUP($A4,平滑数据导入!$A$1:$AN$61,COLUMN(平滑数据导入!AK$1),0) -> 672015.66 | BG4: =VLOOKUP($A4,平滑数据导入!$A$1:$AN$61,COLUMN(平滑数据导入!AL$1),0) -> 672709.76 | BH4: =VLOOKUP($A4,平滑数据导入!$A$1:$AN$61,COLUMN(平滑数据导入!AM$1),0) -> 673295.28 | BI4: =BI2*情景假设!D19 -> 673824.68
A5: 建筑业 | B5: ='增加值 (2001-2022, 当年价) '!B5*B$77 -> 11181.133 | C5: ='增加值 (2001-2022, 当年价) '!C5*C$77 -> 12113.573 | D5: ='增加值 (2001-2022, 当年价) '!D5*D$77 -> 13675.142 | E5: ='增加值 (2001-2022, 当年价) '!E5*E$77 -> 14843.769 | F5: ='增加值 (2001-2022, 当年价) '!F5*F$77 -> 17039.115 | G5: ='增加值 (2001-2022, 当年价) '!G5*G$77 -> 19622.681 | H5: ='增加值 (2001-2022, 当年价) '!H5*H$77 -> 22444.194 | I5: ='增加值 (2001-2022, 当年价) '!I5*I$77 -> 25525.889 | ... W5: ='增加值 (2001-2022, 当年价) '!W5*W$77 -> 77971.749 | X5: =VLOOKUP($A5,平滑数据导入!$A$1:$AN$61,COLUMN(平滑数据导入!C$1),0) -> 81807.142 | Y5: =VLOOKUP($A5,平滑数据导入!$A$1:$AN$61,COLUMN(平滑数据导入!D$1),0) -> 85873.041 | Z5: =Z2*情景假设!E15 -> 90105.171 | AA5: =VLOOKUP($A5,平滑数据导入!$A$1:$AN$61,COLUMN(平滑数据导入!F$1),0) -> 94424.654 | AB5: =VLOOKUP($A5,平滑数据导入!$A$1:$AN$61,COLUMN(平滑数据导入!G$1),0) -> 98736.898 | AC5: =VLOOKUP($A5,平滑数据导入!$A$1:$AN$61,COLUMN(平滑数据导入!H$1),0) -> 102931.31 | AD5: =VLOOKUP($A5,平滑数据导入!$A$1:$AN$61,COLUMN(平滑数据导入!I$1),0) -> 106882.12 | AE5: =AE2*情景假设!E16 -> 110450.51 | AF5: =VLOOKUP($A5,平滑数据导入!$A$1:$AN$61,COLUMN(平滑数据导入!K$1),0) -> 113529.67 | AG5: =VLOOKUP($A5,平滑数据导入!$A$1:$AN$61,COLUMN(平滑数据导入!L$1),0) -> 116181.56 | AH5: =VLOOKUP($A5,平滑数据导入!$A$1:$AN$61,COLUMN(平滑数据导入!M$1),0) -> 118526.82 | AI5: =VLOOKUP($A5,平滑数据导入!$A$1:$AN$61,COLUMN(平滑数据导入!N$1),0) -> 120701.65 | AJ5: =AJ2*情景假设!E17 -> 122854.88 | AK5: =VLOOKUP($A5,平滑数据导入!$A$1:$AN$61,COLUMN(平滑数据导入!P$1),0) -> 125116.94 | AL5: =VLOOKUP($A5,平滑数据导入!$A$1:$AN$61,COLUMN(平滑数据导入!Q$1),0) -> 127506.41 | AM5: =VLOOKUP($A5,平滑数据导入!$A$1:$AN$61,COLUMN(平滑数据导入!R$1),0) -> 130012.21 | AN5: =VLOOKUP($A5,平滑数据导入!$A$1:$AN$61,COLUMN(平滑数据导入!S$1),0) -> 132622.3 | AO5: =VLOOKUP($A5,平滑数据导入!$A$1:$AN$61,COLUMN(平滑数据导入!T$1),0) -> 135323.54 | AP5: =VLOOKUP($A5,平滑数据导入!$A$1:$AN$61,COLUMN(平滑数据导入!U$1),0) -> 138101.55 | AQ5: =VLOOKUP($A5,平滑数据导入!$A$1:$AN$61,COLUMN(平滑数据导入!V$1),0) -> 140940.64 | AR5: =VLOOKUP($A5,平滑数据导入!$A$1:$AN$61,COLUMN(平滑数据导入!W$1),0) -> 143823.71 | ... AX5: =VLOOKUP($A5,平滑数据导入!$A$1:$AN$61,COLUMN(平滑数据导入!AC$1),0) -> 160898.2 | AY5: =AY2*情景假设!E18 -> 163483.95 | AZ5: =VLOOKUP($A5,平滑数据导入!$A$1:$AN$61,COLUMN(平滑数据导入!AE$1),0) -> 165923.58 | BA5: =VLOOKUP($A5,平滑数据导入!$A$1:$AN$61,COLUMN(平滑数据导入!AF$1),0) -> 168187.69 | BB5: =VLOOKUP($A5,平滑数据导入!$A$1:$AN$61,COLUMN(平滑数据导入!AG$1),0) -> 170246.24 | BC5: =VLOOKUP($A5,平滑数据导入!$A$1:$AN$61,COLUMN(平滑数据导入!AH$1),0) -> 172068.79 | BD5: =VLOOKUP($A5,平滑数据导入!$A$1:$AN$61,COLUMN(平滑数据导入!AI$1),0) -> 173624.89 | BE5: =VLOOKUP($A5,平滑数据导入!$A$1:$AN$61,COLUMN(平滑数据导入!AJ$1),0) -> 174884.48 | BF5: =VLOOKUP($A5,平滑数据导入!$A$1:$AN$61,COLUMN(平滑数据导入!AK$1),0) -> 175818.27 | BG5: =VLOOKUP($A5,平滑数据导入!$A$1:$AN$61,COLUMN(平滑数据导入!AL$1),0) -> 176398.24 | BH5: =VLOOKUP($A5,平滑数据导入!$A$1:$AN$61,COLUMN(平滑数据导入!AM$1),0) -> 176598.12 | BI5: =BI2*情景假设!E19 -> 176393.89
A6: 交运仓邮 | B6: ='增加值 (2001-2022, 当年价) '!B6*B$77 -> 12922.197 | C6: ='增加值 (2001-2022, 当年价) '!C6*C$77 -> 14005.145 | D6: ='增加值 (2001-2022, 当年价) '!D6*D$77 -> 14410.717 | E6: ='增加值 (2001-2022, 当年价) '!E6*E$77 -> 15841.241 | F6: ='增加值 (2001-2022, 当年价) '!F6*F$77 -> 17478.67 | G6: ='增加值 (2001-2022, 当年价) '!G6*G$77 -> 19206.904 | H6: ='增加值 (2001-2022, 当年价) '!H6*H$77 -> 21357.812 | I6: ='增加值 (2001-2022, 当年价) '!I6*I$77 -> 22214.293 | ... W6: ='增加值 (2001-2022, 当年价) '!W6*W$77 -> 46450.003 | X6: =VLOOKUP($A6,平滑数据导入!$A$1:$AN$61,COLUMN(平滑数据导入!C$1),0) -> 48503.015 | Y6: =VLOOKUP($A6,平滑数据导入!$A$1:$AN$61,COLUMN(平滑数据导入!D$1),0) -> 50559.101 | Z6: =Z57 -> 52600.681 | AA6: =VLOOKUP($A6,平滑数据导入!$A$1:$AN$61,COLUMN(平滑数据导入!F$1),0) -> 54608.297 | AB6: =VLOOKUP($A6,平滑数据导入!$A$1:$AN$61,COLUMN(平滑数据导入!G$1),0) -> 56560.723 | AC6: =VLOOKUP($A6,平滑数据导入!$A$1:$AN$61,COLUMN(平滑数据导入!H$1),0) -> 58435.148 | AD6: =VLOOKUP($A6,平滑数据导入!$A$1:$AN$61,COLUMN(平滑数据导入!I$1),0) -> 60207.423 | AE6: =AE57 -> 61852.383 | AF6: =VLOOKUP($A6,平滑数据导入!$A$1:$AN$61,COLUMN(平滑数据导入!K$1),0) -> 63352.732 | AG6: =VLOOKUP($A6,平滑数据导入!$A$1:$AN$61,COLUMN(平滑数据导入!L$1),0) -> 64726.421 | AH6: =VLOOKUP($A6,平滑数据导入!$A$1:$AN$61,COLUMN(平滑数据导入!M$1),0) -> 66003.682 | AI6: =VLOOKUP($A6,平滑数据导入!$A$1:$AN$61,COLUMN(平滑数据导入!N$1),0) -> 67218.384 | AJ6: =AJ57 -> 68407.593 | AK6: =VLOOKUP($A6,平滑数据导入!$A$1:$AN$61,COLUMN(平滑数据导入!P$1),0) -> 69602.322 | AL6: =VLOOKUP($A6,平滑数据导入!$A$1:$AN$61,COLUMN(平滑数据导入!Q$1),0) -> 70799.227 | AM6: =VLOOKUP($A6,平滑数据导入!$A$1:$AN$61,COLUMN(平滑数据导入!R$1),0) -> 71985.447 | AN6: =VLOOKUP($A6,平滑数据导入!$A$1:$AN$61,COLUMN(平滑数据导入!S$1),0) -> 73147.306 | AO6: =VLOOKUP($A6,平滑数据导入!$A$1:$AN$61,COLUMN(平滑数据导入!T$1),0) -> 74270.343 | AP6: =VLOOKUP($A6,平滑数据导入!$A$1:$AN$61,COLUMN(平滑数据导入!U$1),0) -> 75339.377 | AQ6: =VLOOKUP($A6,平滑数据导入!$A$1:$AN$61,COLUMN(平滑数据导入!V$1),0) -> 76338.594 | AR6: =VLOOKUP($A6,平滑数据导入!$A$1:$AN$61,COLUMN(平滑数据导入!W$1),0) -> 77251.665 | ... AX6: =VLOOKUP($A6,平滑数据导入!$A$1:$AN$61,COLUMN(平滑数据导入!AC$1),0) -> 79987.238 | AY6: =AY57 -> 79837.009 | AZ6: =VLOOKUP($A6,平滑数据导入!$A$1:$AN$61,COLUMN(平滑数据导入!AE$1),0) -> 79476.3 | BA6: =VLOOKUP($A6,平滑数据导入!$A$1:$AN$61,COLUMN(平滑数据导入!AF$1),0) -> 78894.528 | BB6: =VLOOKUP($A6,平滑数据导入!$A$1:$AN$61,COLUMN(平滑数据导入!AG$1),0) -> 78083.273 | BC6: =VLOOKUP($A6,平滑数据导入!$A$1:$AN$61,COLUMN(平滑数据导入!AH$1),0) -> 77036.591 | BD6: =VLOOKUP($A6,平滑数据导入!$A$1:$AN$61,COLUMN(平滑数据导入!AI$1),0) -> 75751.295 | BE6: =VLOOKUP($A6,平滑数据导入!$A$1:$AN$61,COLUMN(平滑数据导入!AJ$1),0) -> 74227.195 | BF6: =VLOOKUP($A6,平滑数据导入!$A$1:$AN$61,COLUMN(平滑数据导入!AK$1),0) -> 72467.296 | BG6: =VLOOKUP($A6,平滑数据导入!$A$1:$AN$61,COLUMN(平滑数据导入!AL$1),0) -> 70477.925 | BH6: =VLOOKUP($A6,平滑数据导入!$A$1:$AN$61,COLUMN(平滑数据导入!AM$1),0) -> 68268.797 | BI6: =BI57 -> 65852.991
A7: 批发零售 | B7: ='增加值 (2001-2022, 当年价) '!B7*B$77 -> 17152.616 | C7: ='增加值 (2001-2022, 当年价) '!C7*C$77 -> 18681.75 | D7: ='增加值 (2001-2022, 当年价) '!D7*D$77 -> 20339.743 | E7: ='增加值 (2001-2022, 当年价) '!E7*E$77 -> 21201.883 | F7: ='增加值 (2001-2022, 当年价) '!F7*F$77 -> 22884.561 | G7: ='增加值 (2001-2022, 当年价) '!G7*G$77 -> 26058.396 | H7: ='增加值 (2001-2022, 当年价) '!H7*H$77 -> 30623.281 | I7: ='增加值 (2001-2022, 当年价) '!I7*I$77 -> 35540.209 | ... W7: ='增加值 (2001-2022, 当年价) '!W7*W$77 -> 107085.79 | X7: =VLOOKUP($A7,平滑数据导入!$A$1:$AN$61,COLUMN(平滑数据导入!C$1),0) -> 112084.11 | Y7: =VLOOKUP($A7,平滑数据导入!$A$1:$AN$61,COLUMN(平滑数据导入!D$1),0) -> 117103.2 | Z7: =Z58 -> 122101.5 | AA7: =VLOOKUP($A7,平滑数据导入!$A$1:$AN$61,COLUMN(平滑数据导入!F$1),0) -> 127032.77 | AB7: =VLOOKUP($A7,平滑数据导入!$A$1:$AN$61,COLUMN(平滑数据导入!G$1),0) -> 131846.32 | AC7: =VLOOKUP($A7,平滑数据导入!$A$1:$AN$61,COLUMN(平滑数据导入!H$1),0) -> 136487.44 | AD7: =VLOOKUP($A7,平滑数据导入!$A$1:$AN$61,COLUMN(平滑数据导入!I$1),0) -> 140898 | AE7: =AE58 -> 145017.16 | AF7: =VLOOKUP($A7,平滑数据导入!$A$1:$AN$61,COLUMN(平滑数据导入!K$1),0) -> 148802.35 | AG7: =VLOOKUP($A7,平滑数据导入!$A$1:$AN$61,COLUMN(平滑数据导入!L$1),0) -> 152294.08 | AH7: =VLOOKUP($A7,平滑数据导入!$A$1:$AN$61,COLUMN(平滑数据导入!M$1),0) -> 155562.36 | AI7: =VLOOKUP($A7,平滑数据导入!$A$1:$AN$61,COLUMN(平滑数据导入!N$1),0) -> 158686.43 | AJ7: =AJ58 -> 161753.71 | AK7: =VLOOKUP($A7,平滑数据导入!$A$1:$AN$61,COLUMN(平滑数据导入!P$1),0) -> 164837.83 | AL7: =VLOOKUP($A7,平滑数据导入!$A$1:$AN$61,COLUMN(平滑数据导入!Q$1),0) -> 167931.01 | AM7: =VLOOKUP($A7,平滑数据导入!$A$1:$AN$61,COLUMN(平滑数据导入!R$1),0) -> 171002.71 | AN7: =VLOOKUP($A7,平滑数据导入!$A$1:$AN$61,COLUMN(平滑数据导入!S$1),0) -> 174020.32 | AO7: =VLOOKUP($A7,平滑数据导入!$A$1:$AN$61,COLUMN(平滑数据导入!T$1),0) -> 176949.17 | AP7: =VLOOKUP($A7,平滑数据导入!$A$1:$AN$61,COLUMN(平滑数据导入!U$1),0) -> 179752.7 | AQ7: =VLOOKUP($A7,平滑数据导入!$A$1:$AN$61,COLUMN(平滑数据导入!V$1),0) -> 182392.67 | AR7: =VLOOKUP($A7,平滑数据导入!$A$1:$AN$61,COLUMN(平滑数据导入!W$1),0) -> 184829.45 | ... AX7: =VLOOKUP($A7,平滑数据导入!$A$1:$AN$61,COLUMN(平滑数据导入!AC$1),0) -> 192894.26 | AY7: =AY58 -> 192776.67 | AZ7: =VLOOKUP($A7,平滑数据导入!$A$1:$AN$61,COLUMN(平滑数据导入!AE$1),0) -> 192147.79 | BA7: =VLOOKUP($A7,平滑数据导入!$A$1:$AN$61,COLUMN(平滑数据导入!AF$1),0) -> 190980.39 | BB7: =VLOOKUP($A7,平滑数据导入!$A$1:$AN$61,COLUMN(平滑数据导入!AG$1),0) -> 189252.38 | BC7: =VLOOKUP($A7,平滑数据导入!$A$1:$AN$61,COLUMN(平滑数据导入!AH$1),0) -> 186947.6 | BD7: =VLOOKUP($A7,平滑数据导入!$A$1:$AN$61,COLUMN(平滑数据导入!AI$1),0) -> 184056.49 | BE7: =VLOOKUP($A7,平滑数据导入!$A$1:$AN$61,COLUMN(平滑数据导入!AJ$1),0) -> 180576.74 | BF7: =VLOOKUP($A7,平滑数据导入!$A$1:$AN$61,COLUMN(平滑数据导入!AK$1),0) -> 176513.79 | BG7: =VLOOKUP($A7,平滑数据导入!$A$1:$AN$61,COLUMN(平滑数据导入!AL$1),0) -> 171881.2 | BH7: =VLOOKUP($A7,平滑数据导入!$A$1:$AN$61,COLUMN(平滑数据导入!AM$1),0) -> 166700.83 | BI7: =BI58 -> 161002.85
A8: 餐饮住宿 | B8: ='增加值 (2001-2022, 当年价) '!B8*B$77 -> 4513.6386 | C8: ='增加值 (2001-2022, 当年价) '!C8*C$77 -> 5092.0326 | D8: ='增加值 (2001-2022, 当年价) '!D8*D$77 -> 5691.7852 | E8: ='增加值 (2001-2022, 当年价) '!E8*E$77 -> 6238.1109 | F8: ='增加值 (2001-2022, 当年价) '!F8*F$77 -> 6873.8055 | G8: ='增加值 (2001-2022, 当年价) '!G8*G$77 -> 7553.6469 | H8: ='增加值 (2001-2022, 当年价) '!H8*H$77 -> 8113.2808 | I8: ='增加值 (2001-2022, 当年价) '!I8*I$77 -> 8979.4463 | ... W8: ='增加值 (2001-2022, 当年价) '!W8*W$77 -> 16696.536 | X8: =VLOOKUP($A8,平滑数据导入!$A$1:$AN$61,COLUMN(平滑数据导入!C$1),0) -> 17540.017 | Y8: =VLOOKUP($A8,平滑数据导入!$A$1:$AN$61,COLUMN(平滑数据导入!D$1),0) -> 18390.439 | Z8: =Z59 -> 19241.079 | AA8: =VLOOKUP($A8,平滑数据导入!$A$1:$AN$61,COLUMN(平滑数据导入!F$1),0) -> 20084.395 | AB8: =VLOOKUP($A8,平滑数据导入!$A$1:$AN$61,COLUMN(平滑数据导入!G$1),0) -> 20912.062 | AC8: =VLOOKUP($A8,平滑数据导入!$A$1:$AN$61,COLUMN(平滑数据导入!H$1),0) -> 21715.034 | AD8: =VLOOKUP($A8,平滑数据导入!$A$1:$AN$61,COLUMN(平滑数据导入!I$1),0) -> 22483.633 | AE8: =AE59 -> 23207.669 | AF8: =VLOOKUP($A8,平滑数据导入!$A$1:$AN$61,COLUMN(平滑数据导入!K$1),0) -> 23879.825 | AG8: =VLOOKUP($A8,平滑数据导入!$A$1:$AN$61,COLUMN(平滑数据导入!L$1),0) -> 24506.191 | AH8: =VLOOKUP($A8,平滑数据导入!$A$1:$AN$61,COLUMN(平滑数据导入!M$1),0) -> 25097.749 | AI8: =VLOOKUP($A8,平滑数据导入!$A$1:$AN$61,COLUMN(平滑数据导入!N$1),0) -> 25667.124 | AJ8: =AJ59 -> 26228.433 | AK8: =VLOOKUP($A8,平滑数据导入!$A$1:$AN$61,COLUMN(平滑数据导入!P$1),0) -> 26793.687 | AL8: =VLOOKUP($A8,平滑数据导入!$A$1:$AN$61,COLUMN(平滑数据导入!Q$1),0) -> 27361.656 | AM8: =VLOOKUP($A8,平滑数据导入!$A$1:$AN$61,COLUMN(平滑数据导入!R$1),0) -> 27927.358 | AN8: =VLOOKUP($A8,平滑数据导入!$A$1:$AN$61,COLUMN(平滑数据导入!S$1),0) -> 28485.426 | AO8: =VLOOKUP($A8,平滑数据导入!$A$1:$AN$61,COLUMN(平滑数据导入!T$1),0) -> 29030.121 | AP8: =VLOOKUP($A8,平滑数据导入!$A$1:$AN$61,COLUMN(平滑数据导入!U$1),0) -> 29555.345 | AQ8: =VLOOKUP($A8,平滑数据导入!$A$1:$AN$61,COLUMN(平滑数据导入!V$1),0) -> 30054.682 | AR8: =VLOOKUP($A8,平滑数据导入!$A$1:$AN$61,COLUMN(平滑数据导入!W$1),0) -> 30521.438 | ... AX8: =VLOOKUP($A8,平滑数据导入!$A$1:$AN$61,COLUMN(平滑数据导入!AC$1),0) -> 32245.732 | AY8: =AY59 -> 32289.52 | AZ8: =VLOOKUP($A8,平滑数据导入!$A$1:$AN$61,COLUMN(平滑数据导入!AE$1),0) -> 32247.076 | BA8: =VLOOKUP($A8,平滑数据导入!$A$1:$AN$61,COLUMN(平滑数据导入!AF$1),0) -> 32113.403 | BB8: =VLOOKUP($A8,平滑数据导入!$A$1:$AN$61,COLUMN(平滑数据导入!AG$1),0) -> 31884.337 | BC8: =VLOOKUP($A8,平滑数据导入!$A$1:$AN$61,COLUMN(平滑数据导入!AH$1),0) -> 31556.683 | BD8: =VLOOKUP($A8,平滑数据导入!$A$1:$AN$61,COLUMN(平滑数据导入!AI$1),0) -> 31128.345 | BE8: =VLOOKUP($A8,平滑数据导入!$A$1:$AN$61,COLUMN(平滑数据导入!AJ$1),0) -> 30598.441 | BF8: =VLOOKUP($A8,平滑数据导入!$A$1:$AN$61,COLUMN(平滑数据导入!AK$1),0) -> 29967.393 | BG8: =VLOOKUP($A8,平滑数据导入!$A$1:$AN$61,COLUMN(平滑数据导入!AL$1),0) -> 29237.003 | BH8: =VLOOKUP($A8,平滑数据导入!$A$1:$AN$61,COLUMN(平滑数据导入!AM$1),0) -> 28410.495 | BI8: =BI59 -> 27492.527
A9: 金融业 | B9: ='增加值 (2001-2022, 当年价) '!B9*B$77 -> 9784.4085 | C9: ='增加值 (2001-2022, 当年价) '!C9*C$77 -> 10382.529 | D9: ='增加值 (2001-2022, 当年价) '!D9*D$77 -> 11007.59 | E9: ='增加值 (2001-2022, 当年价) '!E9*E$77 -> 11234.659 | F9: ='增加值 (2001-2022, 当年价) '!F9*F$77 -> 12264.296 | G9: ='增加值 (2001-2022, 当年价) '!G9*G$77 -> 15717.405 | H9: ='增加值 (2001-2022, 当年价) '!H9*H$77 -> 22227.766 | I9: ='增加值 (2001-2022, 当年价) '!I9*I$77 -> 24898.857 | ... W9: ='增加值 (2001-2022, 当年价) '!W9*W$77 -> 90528.212 | X9: =VLOOKUP($A9,平滑数据导入!$A$1:$AN$61,COLUMN(平滑数据导入!C$1),0) -> 95168.114 | Y9: =VLOOKUP($A9,平滑数据导入!$A$1:$AN$61,COLUMN(平滑数据导入!D$1),0) -> 100177.18 | Z9: =Z60 -> 105499.82 | AA9: =VLOOKUP($A9,平滑数据导入!$A$1:$AN$61,COLUMN(平滑数据导入!F$1),0) -> 111064.69 | AB9: =VLOOKUP($A9,平滑数据导入!$A$1:$AN$61,COLUMN(平滑数据导入!G$1),0) -> 116782.43 | AC9: =VLOOKUP($A9,平滑数据导入!$A$1:$AN$61,COLUMN(平滑数据导入!H$1),0) -> 122543.97 | AD9: =VLOOKUP($A9,平滑数据导入!$A$1:$AN$61,COLUMN(平滑数据导入!I$1),0) -> 128219.81 | AE9: =AE60 -> 133660.44 | AF9: =VLOOKUP($A9,平滑数据导入!$A$1:$AN$61,COLUMN(平滑数据导入!K$1),0) -> 138731.73 | AG9: =VLOOKUP($A9,平滑数据导入!$A$1:$AN$61,COLUMN(平滑数据导入!L$1),0) -> 143427.91 | AH9: =VLOOKUP($A9,平滑数据导入!$A$1:$AN$61,COLUMN(平滑数据导入!M$1),0) -> 147788.68 | AI9: =VLOOKUP($A9,平滑数据导入!$A$1:$AN$61,COLUMN(平滑数据导入!N$1),0) -> 151866.82 | AJ9: =AJ60 -> 155726.85 | AK9: =VLOOKUP($A9,平滑数据导入!$A$1:$AN$61,COLUMN(平滑数据导入!P$1),0) -> 159426.34 | AL9: =VLOOKUP($A9,平滑数据导入!$A$1:$AN$61,COLUMN(平滑数据导入!Q$1),0) -> 162959.42 | AM9: =VLOOKUP($A9,平滑数据导入!$A$1:$AN$61,COLUMN(平滑数据导入!R$1),0) -> 166303.34 | AN9: =VLOOKUP($A9,平滑数据导入!$A$1:$AN$61,COLUMN(平滑数据导入!S$1),0) -> 169435.29 | AO9: =VLOOKUP($A9,平滑数据导入!$A$1:$AN$61,COLUMN(平滑数据导入!T$1),0) -> 172332.6 | AP9: =VLOOKUP($A9,平滑数据导入!$A$1:$AN$61,COLUMN(平滑数据导入!U$1),0) -> 174972.98 | AQ9: =VLOOKUP($A9,平滑数据导入!$A$1:$AN$61,COLUMN(平滑数据导入!V$1),0) -> 177334.74 | AR9: =VLOOKUP($A9,平滑数据导入!$A$1:$AN$61,COLUMN(平滑数据导入!W$1),0) -> 179397.02 | ... AX9: =VLOOKUP($A9,平滑数据导入!$A$1:$AN$61,COLUMN(平滑数据导入!AC$1),0) -> 184481.95 | AY9: =AY60 -> 183986.27 | AZ9: =VLOOKUP($A9,平滑数据导入!$A$1:$AN$61,COLUMN(平滑数据导入!AE$1),0) -> 183083.78 | BA9: =VLOOKUP($A9,平滑数据导入!$A$1:$AN$61,COLUMN(平滑数据导入!AF$1),0) -> 181771.8 | BB9: =VLOOKUP($A9,平滑数据导入!$A$1:$AN$61,COLUMN(平滑数据导入!AG$1),0) -> 180050.63 | BC9: =VLOOKUP($A9,平滑数据导入!$A$1:$AN$61,COLUMN(平滑数据导入!AH$1),0) -> 177923.61 | BD9: =VLOOKUP($A9,平滑数据导入!$A$1:$AN$61,COLUMN(平滑数据导入!AI$1),0) -> 175397.17 | BE9: =VLOOKUP($A9,平滑数据导入!$A$1:$AN$61,COLUMN(平滑数据导入!AJ$1),0) -> 172480.87 | BF9: =VLOOKUP($A9,平滑数据导入!$A$1:$AN$61,COLUMN(平滑数据导入!AK$1),0) -> 169187.38 | BG9: =VLOOKUP($A9,平滑数据导入!$A$1:$AN$61,COLUMN(平滑数据导入!AL$1),0) -> 165532.37 | BH9: =VLOOKUP($A9,平滑数据导入!$A$1:$AN$61,COLUMN(平滑数据导入!AM$1),0) -> 161534.45 | BI9: =BI60 -> 157214.98
A10: 房地产 | B10: ='增加值 (2001-2022, 当年价) '!B10*B$77 -> 8849.7481 | C10: ='增加值 (2001-2022, 当年价) '!C10*C$77 -> 9968.9695 | D10: ='增加值 (2001-2022, 当年价) '!D10*D$77 -> 11210.237 | E10: ='增加值 (2001-2022, 当年价) '!E10*E$77 -> 12174.087 | F10: ='增加值 (2001-2022, 当年价) '!F10*F$77 -> 13897.188 | G10: ='增加值 (2001-2022, 当年价) '!G10*G$77 -> 16266.835 | H10: ='增加值 (2001-2022, 当年价) '!H10*H$77 -> 20054.709 | I10: ='增加值 (2001-2022, 当年价) '!I10*I$77 -> 19815.693 | ... W10: ='增加值 (2001-2022, 当年价) '!W10*W$77 -> 69030.485 | X10: =VLOOKUP($A10,平滑数据导入!$A$1:$AN$61,COLUMN(平滑数据导入!C$1),0) -> 72919.08 | Y10: =VLOOKUP($A10,平滑数据导入!$A$1:$AN$61,COLUMN(平滑数据导入!D$1),0) -> 76843.649 | Z10: =Z61 -> 80767.16 | AA10: =VLOOKUP($A10,平滑数据导入!$A$1:$AN$61,COLUMN(平滑数据导入!F$1),0) -> 84647.702 | AB10: =VLOOKUP($A10,平滑数据导入!$A$1:$AN$61,COLUMN(平滑数据导入!G$1),0) -> 88438.741 | AC10: =VLOOKUP($A10,平滑数据导入!$A$1:$AN$61,COLUMN(平滑数据导入!H$1),0) -> 92089.571 | AD10: =VLOOKUP($A10,平滑数据导入!$A$1:$AN$61,COLUMN(平滑数据导入!I$1),0) -> 95545.966 | AE10: =AE61 -> 98751.059 | AF10: =VLOOKUP($A10,平滑数据导入!$A$1:$AN$61,COLUMN(平滑数据导入!K$1),0) -> 101667.15 | AG10: =VLOOKUP($A10,平滑数据导入!$A$1:$AN$61,COLUMN(平滑数据导入!L$1),0) -> 104343.37 | AH10: =VLOOKUP($A10,平滑数据导入!$A$1:$AN$61,COLUMN(平滑数据导入!M$1),0) -> 106860.88 | AI10: =VLOOKUP($A10,平滑数据导入!$A$1:$AN$61,COLUMN(平滑数据导入!N$1),0) -> 109311.69 | AJ10: =AJ61 -> 111797.7 | AK10: =VLOOKUP($A10,平滑数据导入!$A$1:$AN$61,COLUMN(平滑数据导入!P$1),0) -> 114407.66 | AL10: =VLOOKUP($A10,平滑数据导入!$A$1:$AN$61,COLUMN(平滑数据导入!Q$1),0) -> 117145.17 | AM10: =VLOOKUP($A10,平滑数据导入!$A$1:$AN$61,COLUMN(平滑数据导入!R$1),0) -> 119990 | AN10: =VLOOKUP($A10,平滑数据导入!$A$1:$AN$61,COLUMN(平滑数据导入!S$1),0) -> 122919.7 | AO10: =VLOOKUP($A10,平滑数据导入!$A$1:$AN$61,COLUMN(平滑数据导入!T$1),0) -> 125909.36 | AP10: =VLOOKUP($A10,平滑数据导入!$A$1:$AN$61,COLUMN(平滑数据导入!U$1),0) -> 128931.48 | AQ10: =VLOOKUP($A10,平滑数据导入!$A$1:$AN$61,COLUMN(平滑数据导入!V$1),0) -> 131955.89 | AR10: =VLOOKUP($A10,平滑数据导入!$A$1:$AN$61,COLUMN(平滑数据导入!W$1),0) -> 134949.64 | ... AX10: =VLOOKUP($A10,平滑数据导入!$A$1:$AN$61,COLUMN(平滑数据导入!AC$1),0) -> 150110.08 | AY10: =AY61 -> 151770.35 | AZ10: =VLOOKUP($A10,平滑数据导入!$A$1:$AN$61,COLUMN(平滑数据导入!AE$1),0) -> 153063.64 | BA10: =VLOOKUP($A10,平滑数据导入!$A$1:$AN$61,COLUMN(平滑数据导入!AF$1),0) -> 153946.38 | BB10: =VLOOKUP($A10,平滑数据导入!$A$1:$AN$61,COLUMN(平滑数据导入!AG$1),0) -> 154377.37 | BC10: =VLOOKUP($A10,平滑数据导入!$A$1:$AN$61,COLUMN(平滑数据导入!AH$1),0) -> 154318.82 | BD10: =VLOOKUP($A10,平滑数据导入!$A$1:$AN$61,COLUMN(平滑数据导入!AI$1),0) -> 153737.41 | BE10: =VLOOKUP($A10,平滑数据导入!$A$1:$AN$61,COLUMN(平滑数据导入!AJ$1),0) -> 152605.45 | BF10: =VLOOKUP($A10,平滑数据导入!$A$1:$AN$61,COLUMN(平滑数据导入!AK$1),0) -> 150901.88 | BG10: =VLOOKUP($A10,平滑数据导入!$A$1:$AN$61,COLUMN(平滑数据导入!AL$1),0) -> 148613.33 | BH10: =VLOOKUP($A10,平滑数据导入!$A$1:$AN$61,COLUMN(平滑数据导入!AM$1),0) -> 145734.95 | BI10: =BI61 -> 142271.16
A11: 其他三产 | B11: ='增加值 (2001-2022, 当年价) '!B11*B$77 -> 31937.552 | C11: ='增加值 (2001-2022, 当年价) '!C11*C$77 -> 37036.464 | D11: ='增加值 (2001-2022, 当年价) '!D11*D$77 -> 41428.534 | E11: ='增加值 (2001-2022, 当年价) '!E11*E$77 -> 45540.865 | F11: ='增加值 (2001-2022, 当年价) '!F11*F$77 -> 52003.008 | G11: ='增加值 (2001-2022, 当年价) '!G11*G$77 -> 58175.344 | H11: ='增加值 (2001-2022, 当年价) '!H11*H$77 -> 65164.644 | I11: ='增加值 (2001-2022, 当年价) '!I11*I$77 -> 72161.98 | ... W11: ='增加值 (2001-2022, 当年价) '!W11*W$77 -> 261752.41 | X11: =VLOOKUP($A11,平滑数据导入!$A$1:$AN$61,COLUMN(平滑数据导入!C$1),0) -> 285929.33 | Y11: =VLOOKUP($A11,平滑数据导入!$A$1:$AN$61,COLUMN(平滑数据导入!D$1),0) -> 312217.97 | Z11: =SUM(Z62:Z70) -> 340631.13 | AA11: =VLOOKUP($A11,平滑数据导入!$A$1:$AN$61,COLUMN(平滑数据导入!F$1),0) -> 371135.42 | AB11: =VLOOKUP($A11,平滑数据导入!$A$1:$AN$61,COLUMN(平滑数据导入!G$1),0) -> 403640.62 | AC11: =VLOOKUP($A11,平滑数据导入!$A$1:$AN$61,COLUMN(平滑数据导入!H$1),0) -> 437988.47 | AD11: =VLOOKUP($A11,平滑数据导入!$A$1:$AN$61,COLUMN(平滑数据导入!I$1),0) -> 473941.89 | AE11: =SUM(AE62:AE70) -> 511175.04 | AF11: =VLOOKUP($A11,平滑数据导入!$A$1:$AN$61,COLUMN(平滑数据导入!K$1),0) -> 549356.11 | AG11: =VLOOKUP($A11,平滑数据导入!$A$1:$AN$61,COLUMN(平滑数据导入!L$1),0) -> 588466.61 | AH11: =VLOOKUP($A11,平滑数据导入!$A$1:$AN$61,COLUMN(平滑数据导入!M$1),0) -> 628620.83 | AI11: =VLOOKUP($A11,平滑数据导入!$A$1:$AN$61,COLUMN(平滑数据导入!N$1),0) -> 669993.32 | AJ11: =SUM(AJ62:AJ70) -> 712824.8 | AK11: =VLOOKUP($A11,平滑数据导入!$A$1:$AN$61,COLUMN(平滑数据导入!P$1),0) -> 757357.89 | AL11: =VLOOKUP($A11,平滑数据导入!$A$1:$AN$61,COLUMN(平滑数据导入!Q$1),0) -> 803597.88 | AM11: =VLOOKUP($A11,平滑数据导入!$A$1:$AN$61,COLUMN(平滑数据导入!R$1),0) -> 851469.95 | AN11: =VLOOKUP($A11,平滑数据导入!$A$1:$AN$61,COLUMN(平滑数据导入!S$1),0) -> 900881.21 | AO11: =VLOOKUP($A11,平滑数据导入!$A$1:$AN$61,COLUMN(平滑数据导入!T$1),0) -> 951719.98 | AP11: =VLOOKUP($A11,平滑数据导入!$A$1:$AN$61,COLUMN(平滑数据导入!U$1),0) -> 1003855.3 | AQ11: =VLOOKUP($A11,平滑数据导入!$A$1:$AN$61,COLUMN(平滑数据导入!V$1),0) -> 1057136.7 | AR11: =VLOOKUP($A11,平滑数据导入!$A$1:$AN$61,COLUMN(平滑数据导入!W$1),0) -> 1111394 | ... AX11: =VLOOKUP($A11,平滑数据导入!$A$1:$AN$61,COLUMN(平滑数据导入!AC$1),0) -> 1445552.5 | AY11: =SUM(AY62:AY70) -> 1500351.1 | AZ11: =VLOOKUP($A11,平滑数据导入!$A$1:$AN$61,COLUMN(平滑数据导入!AE$1),0) -> 1554147.5 | BA11: =VLOOKUP($A11,平滑数据导入!$A$1:$AN$61,COLUMN(平滑数据导入!AF$1),0) -> 1606641 | BB11: =VLOOKUP($A11,平滑数据导入!$A$1:$AN$61,COLUMN(平滑数据导入!AG$1),0) -> 1657527.2 | BC11: =VLOOKUP($A11,平滑数据导入!$A$1:$AN$61,COLUMN(平滑数据导入!AH$1),0) -> 1706501.2 | BD11: =VLOOKUP($A11,平滑数据导入!$A$1:$AN$61,COLUMN(平滑数据导入!AI$1),0) -> 1753260.8 | BE11: =VLOOKUP($A11,平滑数据导入!$A$1:$AN$61,COLUMN(平滑数据导入!AJ$1),0) -> 1797510 | BF11: =VLOOKUP($A11,平滑数据导入!$A$1:$AN$61,COLUMN(平滑数据导入!AK$1),0) -> 1838962.7 | BG11: =VLOOKUP($A11,平滑数据导入!$A$1:$AN$61,COLUMN(平滑数据导入!AL$1),0) -> 1877346.3 | BH11: =VLOOKUP($A11,平滑数据导入!$A$1:$AN$61,COLUMN(平滑数据导入!AM$1),0) -> 1912404.8 | BI11: =SUM(BI62:BI70) -> 1943903
A13: 工业 | B13: =B4 -> 82472.589 | C13: =C4 -> 89280.442 | D13: =D4 -> 100799.64 | E13: =E4 -> 111960.03 | F13: =F4 -> 127718.9 | G13: =G4 -> 145373.42 | H13: =H4 -> 163331.38 | I13: =I4 -> 178777.31 | ... W13: =W4 -> 375578.61 | X13: =VLOOKUP($A13,平滑数据导入!$A$1:$AN$61,COLUMN(平滑数据导入!C$1),0) -> 388611.81 | Y13: =VLOOKUP($A13,平滑数据导入!$A$1:$AN$61,COLUMN(平滑数据导入!D$1),0) -> 402616.52 | Z13: =Z4 -> 417398.95 | AA13: =VLOOKUP($A13,平滑数据导入!$A$1:$AN$61,COLUMN(平滑数据导入!F$1),0) -> 432743.74 | AB13: =VLOOKUP($A13,平滑数据导入!$A$1:$AN$61,COLUMN(平滑数据导入!G$1),0) -> 448409.44 | AC13: =VLOOKUP($A13,平滑数据导入!$A$1:$AN$61,COLUMN(平滑数据导入!H$1),0) -> 464125.57 | AD13: =VLOOKUP($A13,平滑数据导入!$A$1:$AN$61,COLUMN(平滑数据导入!I$1),0) -> 479591.6 | AE13: =AE4 -> 494478.45 | AF13: =VLOOKUP($A13,平滑数据导入!$A$1:$AN$61,COLUMN(平滑数据导入!K$1),0) -> 508505.38 | AG13: =VLOOKUP($A13,平滑数据导入!$A$1:$AN$61,COLUMN(平滑数据导入!L$1),0) -> 521674.06 | AH13: =VLOOKUP($A13,平滑数据导入!$A$1:$AN$61,COLUMN(平滑数据导入!M$1),0) -> 534070.3 | AI13: =VLOOKUP($A13,平滑数据导入!$A$1:$AN$61,COLUMN(平滑数据导入!N$1),0) -> 545791.14 | AJ13: =AJ4 -> 556942.11 | AK13: =VLOOKUP($A13,平滑数据导入!$A$1:$AN$61,COLUMN(平滑数据导入!P$1),0) -> 567610.38 | AL13: =VLOOKUP($A13,平滑数据导入!$A$1:$AN$61,COLUMN(平滑数据导入!Q$1),0) -> 577789.79 | AM13: =VLOOKUP($A13,平滑数据导入!$A$1:$AN$61,COLUMN(平滑数据导入!R$1),0) -> 587454.19 | AN13: =VLOOKUP($A13,平滑数据导入!$A$1:$AN$61,COLUMN(平滑数据导入!S$1),0) -> 596582.23 | AO13: =VLOOKUP($A13,平滑数据导入!$A$1:$AN$61,COLUMN(平滑数据导入!T$1),0) -> 605157.37 | AP13: =VLOOKUP($A13,平滑数据导入!$A$1:$AN$61,COLUMN(平滑数据导入!U$1),0) -> 613167.94 | AQ13: =VLOOKUP($A13,平滑数据导入!$A$1:$AN$61,COLUMN(平滑数据导入!V$1),0) -> 620607.1 | AR13: =VLOOKUP($A13,平滑数据导入!$A$1:$AN$61,COLUMN(平滑数据导入!W$1),0) -> 627472.76 | ... AX13: =VLOOKUP($A13,平滑数据导入!$A$1:$AN$61,COLUMN(平滑数据导入!AC$1),0) -> 657065.9 | AY13: =AY4 -> 660223.63 | AZ13: =VLOOKUP($A13,平滑数据导入!$A$1:$AN$61,COLUMN(平滑数据导入!AE$1),0) -> 662941.57 | BA13: =VLOOKUP($A13,平滑数据导入!$A$1:$AN$61,COLUMN(平滑数据导入!AF$1),0) -> 665252.11 | BB13: =VLOOKUP($A13,平滑数据导入!$A$1:$AN$61,COLUMN(平滑数据导入!AG$1),0) -> 667190.43 | BC13: =VLOOKUP($A13,平滑数据导入!$A$1:$AN$61,COLUMN(平滑数据导入!AH$1),0) -> 668794.37 | BD13: =VLOOKUP($A13,平滑数据导入!$A$1:$AN$61,COLUMN(平滑数据导入!AI$1),0) -> 670104.31 | BE13: =VLOOKUP($A13,平滑数据导入!$A$1:$AN$61,COLUMN(平滑数据导入!AJ$1),0) -> 671163.02 | BF13: =VLOOKUP($A13,平滑数据导入!$A$1:$AN$61,COLUMN(平滑数据导入!AK$1),0) -> 672015.66 | BG13: =VLOOKUP($A13,平滑数据导入!$A$1:$AN$61,COLUMN(平滑数据导入!AL$1),0) -> 672709.76 | BH13: =VLOOKUP($A13,平滑数据导入!$A$1:$AN$61,COLUMN(平滑数据导入!AM$1),0) -> 673295.28 | BI13: =BI4 -> 673824.68
A14: 煤炭开采和洗选业 | I14: ='增加值 (2001-2022, 当年价) '!I14*I$77 -> 11675.691 | J14: ='增加值 (2001-2022, 当年价) '!J14*J$77 -> 11986.509 | K14: ='增加值 (2001-2022, 当年价) '!K14*K$77 -> 13642.403 | L14: ='增加值 (2001-2022, 当年价) '!L14*L$77 -> 15284.767 | M14: ='增加值 (2001-2022, 当年价) '!M14*M$77 -> 15977.001 | N14: ='增加值 (2001-2022, 当年价) '!N14*N$77 -> 16042.647 | O14: ='增加值 (2001-2022, 当年价) '!O14*O$77 -> 15765.053 | P14: ='增加值 (2001-2022, 当年价) '!P14*P$77 -> 15240.596 | ... W14: ='增加值 (2001-2022, 当年价) '!W14*W$77 -> 18002.061 | X14: =VLOOKUP($A14,平滑数据导入!$A$1:$AN$61,COLUMN(平滑数据导入!C$1),0) -> 18184.611 | Y14: =VLOOKUP($A14,平滑数据导入!$A$1:$AN$61,COLUMN(平滑数据导入!D$1),0) -> 18449.3 | Z14: =VLOOKUP(A14,情景假设!$B$48:$S$88,14,0)/情景假设!O$47*Z$13 -> 18773.814 | AA14: =VLOOKUP($A14,平滑数据导入!$A$1:$AN$61,COLUMN(平滑数据导入!F$1),0) -> 19134.821 | AB14: =VLOOKUP($A14,平滑数据导入!$A$1:$AN$61,COLUMN(平滑数据导入!G$1),0) -> 19507.346 | AC14: =VLOOKUP($A14,平滑数据导入!$A$1:$AN$61,COLUMN(平滑数据导入!H$1),0) -> 19864.444 | AD14: =VLOOKUP($A14,平滑数据导入!$A$1:$AN$61,COLUMN(平滑数据导入!I$1),0) -> 20177.235 | AE14: =VLOOKUP(A14,情景假设!$B$48:$S$88,15,0)/情景假设!P$47*AE$13 -> 20415.335 | AF14: =VLOOKUP($A14,平滑数据导入!$A$1:$AN$61,COLUMN(平滑数据导入!K$1),0) -> 20555.494 | AG14: =VLOOKUP($A14,平滑数据导入!$A$1:$AN$61,COLUMN(平滑数据导入!L$1),0) -> 20606.307 | AH14: =VLOOKUP($A14,平滑数据导入!$A$1:$AN$61,COLUMN(平滑数据导入!M$1),0) -> 20585.523 | AI14: =VLOOKUP($A14,平滑数据导入!$A$1:$AN$61,COLUMN(平滑数据导入!N$1),0) -> 20511.709 | AJ14: =VLOOKUP(A14,情景假设!$B$48:$S$88,16,0)/情景假设!Q$47*AJ$13 -> 20403.684 | AK14: =VLOOKUP($A14,平滑数据导入!$A$1:$AN$61,COLUMN(平滑数据导入!P$1),0) -> 20277.112 | AL14: =VLOOKUP($A14,平滑数据导入!$A$1:$AN$61,COLUMN(平滑数据导入!Q$1),0) -> 20135.358 | AM14: =VLOOKUP($A14,平滑数据导入!$A$1:$AN$61,COLUMN(平滑数据导入!R$1),0) -> 19978.766 | AN14: =VLOOKUP($A14,平滑数据导入!$A$1:$AN$61,COLUMN(平滑数据导入!S$1),0) -> 19807.71 | AO14: =VLOOKUP($A14,平滑数据导入!$A$1:$AN$61,COLUMN(平滑数据导入!T$1),0) -> 19622.596 | AP14: =VLOOKUP($A14,平滑数据导入!$A$1:$AN$61,COLUMN(平滑数据导入!U$1),0) -> 19423.858 | AQ14: =VLOOKUP($A14,平滑数据导入!$A$1:$AN$61,COLUMN(平滑数据导入!V$1),0) -> 19211.959 | AR14: =VLOOKUP($A14,平滑数据导入!$A$1:$AN$61,COLUMN(平滑数据导入!W$1),0) -> 18987.387 | ... AX14: =VLOOKUP($A14,平滑数据导入!$A$1:$AN$61,COLUMN(平滑数据导入!AC$1),0) -> 17403.924 | AY14: =VLOOKUP(A14,情景假设!$B$48:$S$88,17,0)/情景假设!R$47*AY$13 -> 17106.066 | AZ14: =VLOOKUP($A14,平滑数据导入!$A$1:$AN$61,COLUMN(平滑数据导入!AE$1),0) -> 16800.133 | BA14: =VLOOKUP($A14,平滑数据导入!$A$1:$AN$61,COLUMN(平滑数据导入!AF$1),0) -> 16486.753 | BB14: =VLOOKUP($A14,平滑数据导入!$A$1:$AN$61,COLUMN(平滑数据导入!AG$1),0) -> 16166.562 | BC14: =VLOOKUP($A14,平滑数据导入!$A$1:$AN$61,COLUMN(平滑数据导入!AH$1),0) -> 15840.198 | BD14: =VLOOKUP($A14,平滑数据导入!$A$1:$AN$61,COLUMN(平滑数据导入!AI$1),0) -> 15508.3 | BE14: =VLOOKUP($A14,平滑数据导入!$A$1:$AN$61,COLUMN(平滑数据导入!AJ$1),0) -> 15171.508 | BF14: =VLOOKUP($A14,平滑数据导入!$A$1:$AN$61,COLUMN(平滑数据导入!AK$1),0) -> 14830.457 | BG14: =VLOOKUP($A14,平滑数据导入!$A$1:$AN$61,COLUMN(平滑数据导入!AL$1),0) -> 14485.777 | BH14: =VLOOKUP($A14,平滑数据导入!$A$1:$AN$61,COLUMN(平滑数据导入!AM$1),0) -> 14138.092 | BI14: =VLOOKUP(A14,情景假设!$B$48:$S$88,18,0)/情景假设!S$47*BI$13 -> 13788.019
A15: 石油和天然气开采业 | I15: ='增加值 (2001-2022, 当年价) '!I15*I$77 -> 12283.18 | J15: ='增加值 (2001-2022, 当年价) '!J15*J$77 -> 12202.638 | K15: ='增加值 (2001-2022, 当年价) '!K15*K$77 -> 11826.461 | L15: ='增加值 (2001-2022, 当年价) '!L15*L$77 -> 11943.372 | M15: ='增加值 (2001-2022, 当年价) '!M15*M$77 -> 11733.855 | N15: ='增加值 (2001-2022, 当年价) '!N15*N$77 -> 11403.08 | O15: ='增加值 (2001-2022, 当年价) '!O15*O$77 -> 11315.091 | P15: ='增加值 (2001-2022, 当年价) '!P15*P$77 -> 11185.569 | ... W15: ='增加值 (2001-2022, 当年价) '!W15*W$77 -> 12304.163 | X15: =VLOOKUP($A15,平滑数据导入!$A$1:$AN$61,COLUMN(平滑数据导入!C$1),0) -> 12293.53 | Y15: =VLOOKUP($A15,平滑数据导入!$A$1:$AN$61,COLUMN(平滑数据导入!D$1),0) -> 12328.258 | Z15: =VLOOKUP(A15,情景假设!$B$48:$S$88,14,0)/情景假设!O$47*Z$13 -> 12394.815 | AA15: =VLOOKUP($A15,平滑数据导入!$A$1:$AN$61,COLUMN(平滑数据导入!F$1),0) -> 12479.705 | AB15: =VLOOKUP($A15,平滑数据导入!$A$1:$AN$61,COLUMN(平滑数据导入!G$1),0) -> 12569.185 | AC15: =VLOOKUP($A15,平滑数据导入!$A$1:$AN$61,COLUMN(平滑数据导入!H$1),0) -> 12649.145 | AD15: =VLOOKUP($A15,平滑数据导入!$A$1:$AN$61,COLUMN(平滑数据导入!I$1),0) -> 12705.129 | AE15: =VLOOKUP(A15,情景假设!$B$48:$S$88,15,0)/情景假设!P$47*AE$13 -> 12722.533 | AF15: =VLOOKUP($A15,平滑数据导入!$A$1:$AN$61,COLUMN(平滑数据导入!K$1),0) -> 12691.135 | AG15: =VLOOKUP($A15,平滑数据导入!$A$1:$AN$61,COLUMN(平滑数据导入!L$1),0) -> 12617.924 | AH15: =VLOOKUP($A15,平滑数据导入!$A$1:$AN$61,COLUMN(平滑数据导入!M$1),0) -> 12514.321 | AI15: =VLOOKUP($A15,平滑数据导入!$A$1:$AN$61,COLUMN(平滑数据导入!N$1),0) -> 12391.674 | AJ15: =VLOOKUP(A15,情景假设!$B$48:$S$88,16,0)/情景假设!Q$47*AJ$13 -> 12261.041 | AK15: =VLOOKUP($A15,平滑数据导入!$A$1:$AN$61,COLUMN(平滑数据导入!P$1),0) -> 12131.225 | AL15: =VLOOKUP($A15,平滑数据导入!$A$1:$AN$61,COLUMN(平滑数据导入!Q$1),0) -> 12003.359 | AM15: =VLOOKUP($A15,平滑数据导入!$A$1:$AN$61,COLUMN(平滑数据导入!R$1),0) -> 11876.721 | AN15: =VLOOKUP($A15,平滑数据导入!$A$1:$AN$61,COLUMN(平滑数据导入!S$1),0) -> 11750.618 | AO15: =VLOOKUP($A15,平滑数据导入!$A$1:$AN$61,COLUMN(平滑数据导入!T$1),0) -> 11624.388 | AP15: =VLOOKUP($A15,平滑数据导入!$A$1:$AN$61,COLUMN(平滑数据导入!U$1),0) -> 11497.396 | AQ15: =VLOOKUP($A15,平滑数据导入!$A$1:$AN$61,COLUMN(平滑数据导入!V$1),0) -> 11369.037 | AR15: =VLOOKUP($A15,平滑数据导入!$A$1:$AN$61,COLUMN(平滑数据导入!W$1),0) -> 11238.736 | ... AX15: =VLOOKUP($A15,平滑数据导入!$A$1:$AN$61,COLUMN(平滑数据导入!AC$1),0) -> 10387.959 | AY15: =VLOOKUP(A15,情景假设!$B$48:$S$88,17,0)/情景假设!R$47*AY$13 -> 10230.702 | AZ15: =VLOOKUP($A15,平滑数据导入!$A$1:$AN$61,COLUMN(平滑数据导入!AE$1),0) -> 10068.126 | BA15: =VLOOKUP($A15,平滑数据导入!$A$1:$AN$61,COLUMN(平滑数据导入!AF$1),0) -> 9899.9856 | BB15: =VLOOKUP($A15,平滑数据导入!$A$1:$AN$61,COLUMN(平滑数据导入!AG$1),0) -> 9726.0847 | BC15: =VLOOKUP($A15,平滑数据导入!$A$1:$AN$61,COLUMN(平滑数据导入!AH$1),0) -> 9546.2736 | BD15: =VLOOKUP($A15,平滑数据导入!$A$1:$AN$61,COLUMN(平滑数据导入!AI$1),0) -> 9360.4526 | BE15: =VLOOKUP($A15,平滑数据导入!$A$1:$AN$61,COLUMN(平滑数据导入!AJ$1),0) -> 9168.5731 | BF15: =VLOOKUP($A15,平滑数据导入!$A$1:$AN$61,COLUMN(平滑数据导入!AK$1),0) -> 8970.6391 | BG15: =VLOOKUP($A15,平滑数据导入!$A$1:$AN$61,COLUMN(平滑数据导入!AL$1),0) -> 8766.708 | BH15: =VLOOKUP($A15,平滑数据导入!$A$1:$AN$61,COLUMN(平滑数据导入!AM$1),0) -> 8556.8914 | BI15: =VLOOKUP(A15,情景假设!$B$48:$S$88,18,0)/情景假设!S$47*BI$13 -> 8341.3552
A16: 黑色金属矿采选业 | I16: ='增加值 (2001-2022, 当年价) '!I16*I$77 -> 2043.0119 | J16: ='增加值 (2001-2022, 当年价) '!J16*J$77 -> 2426.6303 | K16: ='增加值 (2001-2022, 当年价) '!K16*K$77 -> 2841.9829 | L16: ='增加值 (2001-2022, 当年价) '!L16*L$77 -> 3276.9674 | M16: ='增加值 (2001-2022, 当年价) '!M16*M$77 -> 3762.3007 | N16: ='增加值 (2001-2022, 当年价) '!N16*N$77 -> 4110.145 | O16: ='增加值 (2001-2022, 当年价) '!O16*O$77 -> 4358.2065 | P16: ='增加值 (2001-2022, 当年价) '!P16*P$77 -> 4238.0297 | ... W16: ='增加值 (2001-2022, 当年价) '!W16*W$77 -> 4568.3237 | X16: =VLOOKUP($A16,平滑数据导入!$A$1:$AN$61,COLUMN(平滑数据导入!C$1),0) -> 4555.871 | Y16: =VLOOKUP($A16,平滑数据导入!$A$1:$AN$61,COLUMN(平滑数据导入!D$1),0) -> 4552.9744 | Z16: =VLOOKUP(A16,情景假设!$B$48:$S$88,14,0)/情景假设!O$47*Z$13 -> 4556.3034 | AA16: =VLOOKUP($A16,平滑数据导入!$A$1:$AN$61,COLUMN(平滑数据导入!F$1),0) -> 4562.5549 | AB16: =VLOOKUP($A16,平滑数据导入!$A$1:$AN$61,COLUMN(平滑数据导入!G$1),0) -> 4568.4201 | AC16: =VLOOKUP($A16,平滑数据导入!$A$1:$AN$61,COLUMN(平滑数据导入!H$1),0) -> 4570.5748 | AD16: =VLOOKUP($A16,平滑数据导入!$A$1:$AN$61,COLUMN(平滑数据导入!I$1),0) -> 4565.6948 | AE16: =VLOOKUP(A16,情景假设!$B$48:$S$88,15,0)/情景假设!P$47*AE$13 -> 4550.4945 | AF16: =VLOOKUP($A16,平滑数据导入!$A$1:$AN$61,COLUMN(平滑数据导入!K$1),0) -> 4522.7312 | AG16: =VLOOKUP($A16,平滑数据导入!$A$1:$AN$61,COLUMN(平滑数据导入!L$1),0) -> 4484.0422 | AH16: =VLOOKUP($A16,平滑数据导入!$A$1:$AN$61,COLUMN(平滑数据导入!M$1),0) -> 4437.0262 | AI16: =VLOOKUP($A16,平滑数据导入!$A$1:$AN$61,COLUMN(平滑数据导入!N$1),0) -> 4384.2402 | AJ16: =VLOOKUP(A16,情景假设!$B$48:$S$88,16,0)/情景假设!Q$47*AJ$13 -> 4328.1608 | AK16: =VLOOKUP($A16,平滑数据导入!$A$1:$AN$61,COLUMN(平滑数据导入!P$1),0) -> 4270.7724 | AL16: =VLOOKUP($A16,平滑数据导入!$A$1:$AN$61,COLUMN(平滑数据导入!Q$1),0) -> 4212.4351 | AM16: =VLOOKUP($A16,平滑数据导入!$A$1:$AN$61,COLUMN(平滑数据导入!R$1),0) -> 4153.1171 | AN16: =VLOOKUP($A16,平滑数据导入!$A$1:$AN$61,COLUMN(平滑数据导入!S$1),0) -> 4092.7924 | AO16: =VLOOKUP($A16,平滑数据导入!$A$1:$AN$61,COLUMN(平滑数据导入!T$1),0) -> 4031.4401 | AP16: =VLOOKUP($A16,平滑数据导入!$A$1:$AN$61,COLUMN(平滑数据导入!U$1),0) -> 3969.0456 | AQ16: =VLOOKUP($A16,平滑数据导入!$A$1:$AN$61,COLUMN(平滑数据导入!V$1),0) -> 3905.5998 | AR16: =VLOOKUP($A16,平滑数据导入!$A$1:$AN$61,COLUMN(平滑数据导入!W$1),0) -> 3841.0997 | ... AX16: =VLOOKUP($A16,平滑数据导入!$A$1:$AN$61,COLUMN(平滑数据导入!AC$1),0) -> 3432.5351 | AY16: =VLOOKUP(A16,情景假设!$B$48:$S$88,17,0)/情景假设!R$47*AY$13 -> 3361.0687 | AZ16: =VLOOKUP($A16,平滑数据导入!$A$1:$AN$61,COLUMN(平滑数据导入!AE$1),0) -> 3288.7373 | BA16: =VLOOKUP($A16,平滑数据导入!$A$1:$AN$61,COLUMN(平滑数据导入!AF$1),0) -> 3215.591 | BB16: =VLOOKUP($A16,平滑数据导入!$A$1:$AN$61,COLUMN(平滑数据导入!AG$1),0) -> 3141.685 | BC16: =VLOOKUP($A16,平滑数据导入!$A$1:$AN$61,COLUMN(平滑数据导入!AH$1),0) -> 3067.0798 | BD16: =VLOOKUP($A16,平滑数据导入!$A$1:$AN$61,COLUMN(平滑数据导入!AI$1),0) -> 2991.8413 | BE16: =VLOOKUP($A16,平滑数据导入!$A$1:$AN$61,COLUMN(平滑数据导入!AJ$1),0) -> 2916.0398 | BF16: =VLOOKUP($A16,平滑数据导入!$A$1:$AN$61,COLUMN(平滑数据导入!AK$1),0) -> 2839.7503 | BG16: =VLOOKUP($A16,平滑数据导入!$A$1:$AN$61,COLUMN(平滑数据导入!AL$1),0) -> 2763.0523 | BH16: =VLOOKUP($A16,平滑数据导入!$A$1:$AN$61,COLUMN(平滑数据导入!AM$1),0) -> 2686.029 | BI16: =VLOOKUP(A16,情景假设!$B$48:$S$88,18,0)/情景假设!S$47*BI$13 -> 2608.7671
A17: 有色金属矿采选业 | I17: ='增加值 (2001-2022, 当年价) '!I17*I$77 -> 1310.7958 | J17: ='增加值 (2001-2022, 当年价) '!J17*J$77 -> 1488.5845 | K17: ='增加值 (2001-2022, 当年价) '!K17*K$77 -> 1607.492 | L17: ='增加值 (2001-2022, 当年价) '!L17*L$77 -> 1784.0221 | M17: ='增加值 (2001-2022, 当年价) '!M17*M$77 -> 1958.2296 | N17: ='增加值 (2001-2022, 当年价) '!N17*N$77 -> 2036.9648 | O17: ='增加值 (2001-2022, 当年价) '!O17*O$77 -> 2097.41 | P17: ='增加值 (2001-2022, 当年价) '!P17*P$77 -> 2075.3912 | ... W17: ='增加值 (2001-2022, 当年价) '!W17*W$77 -> 2146.8176 | X17: =VLOOKUP($A17,平滑数据导入!$A$1:$AN$61,COLUMN(平滑数据导入!C$1),0) -> 2121.8042 | Y17: =VLOOKUP($A17,平滑数据导入!$A$1:$AN$61,COLUMN(平滑数据导入!D$1),0) -> 2101.3955 | Z17: =VLOOKUP(A17,情景假设!$B$48:$S$88,14,0)/情景假设!O$47*Z$13 -> 2084.1776 | AA17: =VLOOKUP($A17,平滑数据导入!$A$1:$AN$61,COLUMN(平滑数据导入!F$1),0) -> 2068.7984 | AB17: =VLOOKUP($A17,平滑数据导入!$A$1:$AN$61,COLUMN(平滑数据导入!G$1),0) -> 2053.9519 | AC17: =VLOOKUP($A17,平滑数据导入!$A$1:$AN$61,COLUMN(平滑数据导入!H$1),0) -> 2038.3703 | AD17: =VLOOKUP($A17,平滑数据导入!$A$1:$AN$61,COLUMN(平滑数据导入!I$1),0) -> 2020.8251 | AE17: =VLOOKUP(A17,情景假设!$B$48:$S$88,15,0)/情景假设!P$47*AE$13 -> 2000.135 | AF17: =VLOOKUP($A17,平滑数据导入!$A$1:$AN$61,COLUMN(平滑数据导入!K$1),0) -> 1975.5145 | AG17: =VLOOKUP($A17,平滑数据导入!$A$1:$AN$61,COLUMN(平滑数据导入!L$1),0) -> 1947.5561 | AH17: =VLOOKUP($A17,平滑数据导入!$A$1:$AN$61,COLUMN(平滑数据导入!M$1),0) -> 1917.169 | AI17: =VLOOKUP($A17,平滑数据导入!$A$1:$AN$61,COLUMN(平滑数据导入!N$1),0) -> 1885.2255 | AJ17: =VLOOKUP(A17,情景假设!$B$48:$S$88,16,0)/情景假设!Q$47*AJ$13 -> 1852.5525 | AK17: =VLOOKUP($A17,平滑数据导入!$A$1:$AN$61,COLUMN(平滑数据导入!P$1),0) -> 1819.8005 | AL17: =VLOOKUP($A17,平滑数据导入!$A$1:$AN$61,COLUMN(平滑数据导入!Q$1),0) -> 1787.0822 | AM17: =VLOOKUP($A17,平滑数据导入!$A$1:$AN$61,COLUMN(平滑数据导入!R$1),0) -> 1754.3818 | AN17: =VLOOKUP($A17,平滑数据导入!$A$1:$AN$61,COLUMN(平滑数据导入!S$1),0) -> 1721.6858 | AO17: =VLOOKUP($A17,平滑数据导入!$A$1:$AN$61,COLUMN(平滑数据导入!T$1),0) -> 1688.9828 | AP17: =VLOOKUP($A17,平滑数据导入!$A$1:$AN$61,COLUMN(平滑数据导入!U$1),0) -> 1656.2637 | AQ17: =VLOOKUP($A17,平滑数据导入!$A$1:$AN$61,COLUMN(平滑数据导入!V$1),0) -> 1623.5214 | AR17: =VLOOKUP($A17,平滑数据导入!$A$1:$AN$61,COLUMN(平滑数据导入!W$1),0) -> 1590.7509 | ... AX17: =VLOOKUP($A17,平滑数据导入!$A$1:$AN$61,COLUMN(平滑数据导入!AC$1),0) -> 1393.5151 | AY17: =VLOOKUP(A17,情景假设!$B$48:$S$88,17,0)/情景假设!R$47*AY$13 -> 1360.5777 | AZ17: =VLOOKUP($A17,平滑数据导入!$A$1:$AN$61,COLUMN(平滑数据导入!AE$1),0) -> 1327.6437 | BA17: =VLOOKUP($A17,平滑数据导入!$A$1:$AN$61,COLUMN(平滑数据导入!AF$1),0) -> 1294.7252 | BB17: =VLOOKUP($A17,平滑数据导入!$A$1:$AN$61,COLUMN(平滑数据导入!AG$1),0) -> 1261.8359 | BC17: =VLOOKUP($A17,平滑数据导入!$A$1:$AN$61,COLUMN(平滑数据导入!AH$1),0) -> 1228.9912 | BD17: =VLOOKUP($A17,平滑数据导入!$A$1:$AN$61,COLUMN(平滑数据导入!AI$1),0) -> 1196.2077 | BE17: =VLOOKUP($A17,平滑数据导入!$A$1:$AN$61,COLUMN(平滑数据导入!AJ$1),0) -> 1163.5035 | BF17: =VLOOKUP($A17,平滑数据导入!$A$1:$AN$61,COLUMN(平滑数据导入!AK$1),0) -> 1130.8982 | BG17: =VLOOKUP($A17,平滑数据导入!$A$1:$AN$61,COLUMN(平滑数据导入!AL$1),0) -> 1098.4121 | BH17: =VLOOKUP($A17,平滑数据导入!$A$1:$AN$61,COLUMN(平滑数据导入!AM$1),0) -> 1066.0671 | BI17: =VLOOKUP(A17,情景假设!$B$48:$S$88,18,0)/情景假设!S$47*BI$13 -> 1033.8856
A18: 非金属矿采选业 | I18: ='增加值 (2001-2022, 当年价) '!I18*I$77 -> 740.76654 | J18: ='增加值 (2001-2022, 当年价) '!J18*J$77 -> 844.04866 | K18: ='增加值 (2001-2022, 当年价) '!K18*K$77 -> 1022.9457 | L18: ='增加值 (2001-2022, 当年价) '!L18*L$77 -> 1214.8999 | M18: ='增加值 (2001-2022, 当年价) '!M18*M$77 -> 1274.5479 | N18: ='增加值 (2001-2022, 当年价) '!N18*N$77 -> 1356.0634 | O18: ='增加值 (2001-2022, 当年价) '!O18*O$77 -> 1401.5038 | P18: ='增加值 (2001-2022, 当年价) '!P18*P$77 -> 1417.3718 | ... W18: ='增加值 (2001-2022, 当年价) '!W18*W$77 -> 1532.414 | X18: =VLOOKUP($A18,平滑数据导入!$A$1:$AN$61,COLUMN(平滑数据导入!C$1),0) -> 1517.4988 | Y18: =VLOOKUP($A18,平滑数据导入!$A$1:$AN$61,COLUMN(平滑数据导入!D$1),0) -> 1506.1724 | Z18: =VLOOKUP(A18,情景假设!$B$48:$S$88,14,0)/情景假设!O$47*Z$13 -> 1497.317 | AA18: =VLOOKUP($A18,平滑数据导入!$A$1:$AN$61,COLUMN(平滑数据导入!F$1),0) -> 1489.8558 | AB18: =VLOOKUP($A18,平滑数据导入!$A$1:$AN$61,COLUMN(平滑数据导入!G$1),0) -> 1482.7393 | AC18: =VLOOKUP($A18,平滑数据导入!$A$1:$AN$61,COLUMN(平滑数据导入!H$1),0) -> 1474.9393 | AD18: =VLOOKUP($A18,平滑数据导入!$A$1:$AN$61,COLUMN(平滑数据导入!I$1),0) -> 1465.4497 | AE18: =VLOOKUP(A18,情景假设!$B$48:$S$88,15,0)/情景假设!P$47*AE$13 -> 1453.2949 | AF18: =VLOOKUP($A18,平滑数据导入!$A$1:$AN$61,COLUMN(平滑数据导入!K$1),0) -> 1437.8197 | AG18: =VLOOKUP($A18,平滑数据导入!$A$1:$AN$61,COLUMN(平滑数据导入!L$1),0) -> 1419.5046 | AH18: =VLOOKUP($A18,平滑数据导入!$A$1:$AN$61,COLUMN(平滑数据导入!M$1),0) -> 1399.097 | AI18: =VLOOKUP($A18,平滑数据导入!$A$1:$AN$61,COLUMN(平滑数据导入!N$1),0) -> 1377.3188 | AJ18: =VLOOKUP(A18,情景假设!$B$48:$S$88,16,0)/情景假设!Q$47*AJ$13 -> 1354.8577 | AK18: =VLOOKUP($A18,平滑数据导入!$A$1:$AN$61,COLUMN(平滑数据导入!P$1),0) -> 1332.257 | AL18: =VLOOKUP($A18,平滑数据导入!$A$1:$AN$61,COLUMN(平滑数据导入!Q$1),0) -> 1309.6117 | AM18: =VLOOKUP($A18,平滑数据导入!$A$1:$AN$61,COLUMN(平滑数据导入!R$1),0) -> 1286.9092 | AN18: =VLOOKUP($A18,平滑数据导入!$A$1:$AN$61,COLUMN(平滑数据导入!S$1),0) -> 1264.139 | AO18: =VLOOKUP($A18,平滑数据导入!$A$1:$AN$61,COLUMN(平滑数据导入!T$1),0) -> 1241.292 | AP18: =VLOOKUP($A18,平滑数据导入!$A$1:$AN$61,COLUMN(平滑数据导入!U$1),0) -> 1218.3608 | AQ18: =VLOOKUP($A18,平滑数据导入!$A$1:$AN$61,COLUMN(平滑数据导入!V$1),0) -> 1195.3401 | AR18: =VLOOKUP($A18,平滑数据导入!$A$1:$AN$61,COLUMN(平滑数据导入!W$1),0) -> 1172.2257 | ... AX18: =VLOOKUP($A18,平滑数据导入!$A$1:$AN$61,COLUMN(平滑数据导入!AC$1),0) -> 1031.5646 | AY18: =VLOOKUP(A18,情景假设!$B$48:$S$88,17,0)/情景假设!R$47*AY$13 -> 1007.824 | AZ18: =VLOOKUP($A18,平滑数据导入!$A$1:$AN$61,COLUMN(平滑数据导入!AE$1),0) -> 984.0169 | BA18: =VLOOKUP($A18,平滑数据导入!$A$1:$AN$61,COLUMN(平滑数据导入!AF$1),0) -> 960.15361 | BB18: =VLOOKUP($A18,平滑数据导入!$A$1:$AN$61,COLUMN(平滑数据导入!AG$1),0) -> 936.24573 | BC18: =VLOOKUP($A18,平滑数据导入!$A$1:$AN$61,COLUMN(平滑数据导入!AH$1),0) -> 912.30619 | BD18: =VLOOKUP($A18,平滑数据导入!$A$1:$AN$61,COLUMN(平滑数据导入!AI$1),0) -> 888.3492 | BE18: =VLOOKUP($A18,平滑数据导入!$A$1:$AN$61,COLUMN(平滑数据导入!AJ$1),0) -> 864.39012 | BF18: =VLOOKUP($A18,平滑数据导入!$A$1:$AN$61,COLUMN(平滑数据导入!AK$1),0) -> 840.44547 | BG18: =VLOOKUP($A18,平滑数据导入!$A$1:$AN$61,COLUMN(平滑数据导入!AL$1),0) -> 816.53278 | BH18: =VLOOKUP($A18,平滑数据导入!$A$1:$AN$61,COLUMN(平滑数据导入!AM$1),0) -> 792.67055 | BI18: =VLOOKUP(A18,情景假设!$B$48:$S$88,18,0)/情景假设!S$47*BI$13 -> 768.87814
A19: 开采专业及辅助性活动 | I19: ='增加值 (2001-2022, 当年价) '!I19*I$77 -> 622.2819 | J19: ='增加值 (2001-2022, 当年价) '!J19*J$77 -> 708.94586 | K19: ='增加值 (2001-2022, 当年价) '!K19*K$77 -> 796.67193 | L19: ='增加值 (2001-2022, 当年价) '!L19*L$77 -> 897.68406 | M19: ='增加值 (2001-2022, 当年价) '!M19*M$77 -> 975.9413 | N19: ='增加值 (2001-2022, 当年价) '!N19*N$77 -> 974.38864 | O19: ='增加值 (2001-2022, 当年价) '!O19*O$77 -> 903.34619 | P19: ='增加值 (2001-2022, 当年价) '!P19*P$77 -> 755.02694 | ... W19: ='增加值 (2001-2022, 当年价) '!W19*W$77 -> 1144.4328 | X19: =VLOOKUP($A19,平滑数据导入!$A$1:$AN$61,COLUMN(平滑数据导入!C$1),0) -> 1220.673 | Y19: =VLOOKUP($A19,平滑数据导入!$A$1:$AN$61,COLUMN(平滑数据导入!D$1),0) -> 1295.6053 | Z19: =VLOOKUP(A19,情景假设!$B$48:$S$88,14,0)/情景假设!O$47*Z$13 -> 1368.6472 | AA19: =VLOOKUP($A19,平滑数据导入!$A$1:$AN$61,COLUMN(平滑数据导入!F$1),0) -> 1439.2524 | AB19: =VLOOKUP($A19,平滑数据导入!$A$1:$AN$61,COLUMN(平滑数据导入!G$1),0) -> 1506.9198 | AC19: =VLOOKUP($A19,平滑数据导入!$A$1:$AN$61,COLUMN(平滑数据导入!H$1),0) -> 1571.2029 | AD19: =VLOOKUP($A19,平滑数据导入!$A$1:$AN$61,COLUMN(平滑数据导入!I$1),0) -> 1631.7155 | AE19: =VLOOKUP(A19,情景假设!$B$48:$S$88,15,0)/情景假设!P$47*AE$13 -> 1688.1376 | AF19: =VLOOKUP($A19,平滑数据导入!$A$1:$AN$61,COLUMN(平滑数据导入!K$1),0) -> 1740.2967 | AG19: =VLOOKUP($A19,平滑数据导入!$A$1:$AN$61,COLUMN(平滑数据导入!L$1),0) -> 1788.4237 | AH19: =VLOOKUP($A19,平滑数据导入!$A$1:$AN$61,COLUMN(平滑数据导入!M$1),0) -> 1832.9408 | AI19: =VLOOKUP($A19,平滑数据导入!$A$1:$AN$61,COLUMN(平滑数据导入!N$1),0) -> 1874.3759 | AJ19: =VLOOKUP(A19,情景假设!$B$48:$S$88,16,0)/情景假设!Q$47*AJ$13 -> 1913.35 | AK19: =VLOOKUP($A19,平滑数据导入!$A$1:$AN$61,COLUMN(平滑数据导入!P$1),0) -> 1950.4172 | AL19: =VLOOKUP($A19,平滑数据导入!$A$1:$AN$61,COLUMN(平滑数据导入!Q$1),0) -> 1985.5834 | AM19: =VLOOKUP($A19,平滑数据导入!$A$1:$AN$61,COLUMN(平滑数据导入!R$1),0) -> 2018.7152 | AN19: =VLOOKUP($A19,平滑数据导入!$A$1:$AN$61,COLUMN(平滑数据导入!S$1),0) -> 2049.6844 | AO19: =VLOOKUP($A19,平滑数据导入!$A$1:$AN$61,COLUMN(平滑数据导入!T$1),0) -> 2078.3695 | AP19: =VLOOKUP($A19,平滑数据导入!$A$1:$AN$61,COLUMN(平滑数据导入!U$1),0) -> 2104.6558 | AQ19: =VLOOKUP($A19,平滑数据导入!$A$1:$AN$61,COLUMN(平滑数据导入!V$1),0) -> 2128.4367 | AR19: =VLOOKUP($A19,平滑数据导入!$A$1:$AN$61,COLUMN(平滑数据导入!W$1),0) -> 2149.6139 | ... AX19: =VLOOKUP($A19,平滑数据导入!$A$1:$AN$61,COLUMN(平滑数据导入!AC$1),0) -> 2217.7422 | AY19: =VLOOKUP(A19,情景假设!$B$48:$S$88,17,0)/情景假设!R$47*AY$13 -> 2218.7921 | AZ19: =VLOOKUP($A19,平滑数据导入!$A$1:$AN$61,COLUMN(平滑数据导入!AE$1),0) -> 2216.8296 | BA19: =VLOOKUP($A19,平滑数据导入!$A$1:$AN$61,COLUMN(平滑数据导入!AF$1),0) -> 2211.8564 | BB19: =VLOOKUP($A19,平滑数据导入!$A$1:$AN$61,COLUMN(平滑数据导入!AG$1),0) -> 2203.8864 | BC19: =VLOOKUP($A19,平滑数据导入!$A$1:$AN$61,COLUMN(平滑数据导入!AH$1),0) -> 2192.9459 | BD19: =VLOOKUP($A19,平滑数据导入!$A$1:$AN$61,COLUMN(平滑数据导入!AI$1),0) -> 2179.0732 | BE19: =VLOOKUP($A19,平滑数据导入!$A$1:$AN$61,COLUMN(平滑数据导入!AJ$1),0) -> 2162.3185 | BF19: =VLOOKUP($A19,平滑数据导入!$A$1:$AN$61,COLUMN(平滑数据导入!AK$1),0) -> 2142.7436 | BG19: =VLOOKUP($A19,平滑数据导入!$A$1:$AN$61,COLUMN(平滑数据导入!AL$1),0) -> 2120.4216 | BH19: =VLOOKUP($A19,平滑数据导入!$A$1:$AN$61,COLUMN(平滑数据导入!AM$1),0) -> 2095.4362 | BI19: =VLOOKUP(A19,情景假设!$B$48:$S$88,18,0)/情景假设!S$47*BI$13 -> 2067.8815
A20: 其他采矿业 | I20: ='增加值 (2001-2022, 当年价) '!I20*I$77 -> 4.2073585 | J20: ='增加值 (2001-2022, 当年价) '!J20*J$77 -> 5.6913482 | K20: ='增加值 (2001-2022, 当年价) '!K20*K$77 -> 6.6710309 | L20: ='增加值 (2001-2022, 当年价) '!L20*L$77 -> 7.8715587 | M20: ='增加值 (2001-2022, 当年价) '!M20*M$77 -> 7.9058265 | N20: ='增加值 (2001-2022, 当年价) '!N20*N$77 -> 8.4565158 | O20: ='增加值 (2001-2022, 当年价) '!O20*O$77 -> 7.8642757 | P20: ='增加值 (2001-2022, 当年价) '!P20*P$77 -> 7.6399587 | ... W20: ='增加值 (2001-2022, 当年价) '!W20*W$77 -> 9.2604801 | X20: =VLOOKUP($A20,平滑数据导入!$A$1:$AN$61,COLUMN(平滑数据导入!C$1),0) -> 9.5177244 | Y20: =VLOOKUP($A20,平滑数据导入!$A$1:$AN$61,COLUMN(平滑数据导入!D$1),0) -> 9.766773 | Z20: =VLOOKUP(A20,情景假设!$B$48:$S$88,14,0)/情景假设!O$47*Z$13 -> 10.004644 | AA20: =VLOOKUP($A20,平滑数据导入!$A$1:$AN$61,COLUMN(平滑数据导入!F$1),0) -> 10.228194 | AB20: =VLOOKUP($A20,平滑数据导入!$A$1:$AN$61,COLUMN(平滑数据导入!G$1),0) -> 10.434155 | AC20: =VLOOKUP($A20,平滑数据导入!$A$1:$AN$61,COLUMN(平滑数据导入!H$1),0) -> 10.619176 | AD20: =VLOOKUP($A20,平滑数据导入!$A$1:$AN$61,COLUMN(平滑数据导入!I$1),0) -> 10.779877 | AE20: =VLOOKUP(A20,情景假设!$B$48:$S$88,15,0)/情景假设!P$47*AE$13 -> 10.912907 | AF20: =VLOOKUP($A20,平滑数据导入!$A$1:$AN$61,COLUMN(平滑数据导入!K$1),0) -> 11.016159 | AG20: =VLOOKUP($A20,平滑数据导入!$A$1:$AN$61,COLUMN(平滑数据导入!L$1),0) -> 11.092349 | AH20: =VLOOKUP($A20,平滑数据导入!$A$1:$AN$61,COLUMN(平滑数据导入!M$1),0) -> 11.145667 | AI20: =VLOOKUP($A20,平滑数据导入!$A$1:$AN$61,COLUMN(平滑数据导入!N$1),0) -> 11.180558 | AJ20: =VLOOKUP(A20,情景假设!$B$48:$S$88,16,0)/情景假设!Q$47*AJ$13 -> 11.201636 | AK20: =VLOOKUP($A20,平滑数据导入!$A$1:$AN$61,COLUMN(平滑数据导入!P$1),0) -> 11.212796 | AL20: =VLOOKUP($A20,平滑数据导入!$A$1:$AN$61,COLUMN(平滑数据导入!Q$1),0) -> 11.214705 | AM20: =VLOOKUP($A20,平滑数据导入!$A$1:$AN$61,COLUMN(平滑数据导入!R$1),0) -> 11.207237 | AN20: =VLOOKUP($A20,平滑数据导入!$A$1:$AN$61,COLUMN(平滑数据导入!S$1),0) -> 11.190287 | AO20: =VLOOKUP($A20,平滑数据导入!$A$1:$AN$61,COLUMN(平滑数据导入!T$1),0) -> 11.163777 | AP20: =VLOOKUP($A20,平滑数据导入!$A$1:$AN$61,COLUMN(平滑数据导入!U$1),0) -> 11.127654 | AQ20: =VLOOKUP($A20,平滑数据导入!$A$1:$AN$61,COLUMN(平滑数据导入!V$1),0) -> 11.081889 | AR20: =VLOOKUP($A20,平滑数据导入!$A$1:$AN$61,COLUMN(平滑数据导入!W$1),0) -> 11.026482 | ... AX20: =VLOOKUP($A20,平滑数据导入!$A$1:$AN$61,COLUMN(平滑数据导入!AC$1),0) -> 10.49503 | AY20: =VLOOKUP(A20,情景假设!$B$48:$S$88,17,0)/情景假设!R$47*AY$13 -> 10.374451 | AZ20: =VLOOKUP($A20,平滑数据导入!$A$1:$AN$61,COLUMN(平滑数据导入!AE$1),0) -> 10.245227 | BA20: =VLOOKUP($A20,平滑数据导入!$A$1:$AN$61,COLUMN(平滑数据导入!AF$1),0) -> 10.107607 | BB20: =VLOOKUP($A20,平滑数据导入!$A$1:$AN$61,COLUMN(平滑数据导入!AG$1),0) -> 9.9618657 | BC20: =VLOOKUP($A20,平滑数据导入!$A$1:$AN$61,COLUMN(平滑数据导入!AH$1),0) -> 9.8083019 | BD20: =VLOOKUP($A20,平滑数据导入!$A$1:$AN$61,COLUMN(平滑数据导入!AI$1),0) -> 9.647239 | BE20: =VLOOKUP($A20,平滑数据导入!$A$1:$AN$61,COLUMN(平滑数据导入!AJ$1),0) -> 9.4790229 | BF20: =VLOOKUP($A20,平滑数据导入!$A$1:$AN$61,COLUMN(平滑数据导入!AK$1),0) -> 9.3040211 | BG20: =VLOOKUP($A20,平滑数据导入!$A$1:$AN$61,COLUMN(平滑数据导入!AL$1),0) -> 9.1226211 | BH20: =VLOOKUP($A20,平滑数据导入!$A$1:$AN$61,COLUMN(平滑数据导入!AM$1),0) -> 8.9352287 | BI20: =VLOOKUP(A20,情景假设!$B$48:$S$88,18,0)/情景假设!S$47*BI$13 -> 8.7422667
A21: 农副食品加工业 | I21: ='增加值 (2001-2022, 当年价) '!I21*I$77 -> 6050.1815 | J21: ='增加值 (2001-2022, 当年价) '!J21*J$77 -> 6647.1198 | K21: ='增加值 (2001-2022, 当年价) '!K21*K$77 -> 7423.383 | L21: ='增加值 (2001-2022, 当年价) '!L21*L$77 -> 8138.7355 | M21: ='增加值 (2001-2022, 当年价) '!M21*M$77 -> 8801.7564 | N21: ='增加值 (2001-2022, 当年价) '!N21*N$77 -> 9147.2904 | O21: ='增加值 (2001-2022, 当年价) '!O21*O$77 -> 9445.0378 | P21: ='增加值 (2001-2022, 当年价) '!P21*P$77 -> 9453.4097 | ... W21: ='增加值 (2001-2022, 当年价) '!W21*W$77 -> 11981.684 | X21: =VLOOKUP($A21,平滑数据导入!$A$1:$AN$61,COLUMN(平滑数据导入!C$1),0) -> 12102.247 | Y21: =VLOOKUP($A21,平滑数据导入!$A$1:$AN$61,COLUMN(平滑数据导入!D$1),0) -> 12223.774 | Z21: =VLOOKUP(A21,情景假设!$B$48:$S$88,14,0)/情景假设!O$47*Z$13 -> 12341.797 | AA21: =VLOOKUP($A21,平滑数据导入!$A$1:$AN$61,COLUMN(平滑数据导入!F$1),0) -> 12451.679 | AB21: =VLOOKUP($A21,平滑数据导入!$A$1:$AN$61,COLUMN(平滑数据导入!G$1),0) -> 12548.638 | AC21: =VLOOKUP($A21,平滑数据导入!$A$1:$AN$61,COLUMN(平滑数据导入!H$1),0) -> 12627.78 | AD21: =VLOOKUP($A21,平滑数据导入!$A$1:$AN$61,COLUMN(平滑数据导入!I$1),0) -> 12684.165 | AE21: =VLOOKUP(A21,情景假设!$B$48:$S$88,15,0)/情景假设!P$47*AE$13 -> 12712.877 | AF21: =VLOOKUP($A21,平滑数据导入!$A$1:$AN$61,COLUMN(平滑数据导入!K$1),0) -> 12710.584 | AG21: =VLOOKUP($A21,平滑数据导入!$A$1:$AN$61,COLUMN(平滑数据导入!L$1),0) -> 12679.999 | AH21: =VLOOKUP($A21,平滑数据导入!$A$1:$AN$61,COLUMN(平滑数据导入!M$1),0) -> 12625.466 | AI21: =VLOOKUP($A21,平滑数据导入!$A$1:$AN$61,COLUMN(平滑数据导入!N$1),0) -> 12551.405 | AJ21: =VLOOKUP(A21,情景假设!$B$48:$S$88,16,0)/情景假设!Q$47*AJ$13 -> 12462.247 | AK21: =VLOOKUP($A21,平滑数据导入!$A$1:$AN$61,COLUMN(平滑数据导入!P$1),0) -> 12361.739 | AL21: =VLOOKUP($A21,平滑数据导入!$A$1:$AN$61,COLUMN(平滑数据导入!Q$1),0) -> 12251.048 | AM21: =VLOOKUP($A21,平滑数据导入!$A$1:$AN$61,COLUMN(平滑数据导入!R$1),0) -> 12130.713 | AN21: =VLOOKUP($A21,平滑数据导入!$A$1:$AN$61,COLUMN(平滑数据导入!S$1),0) -> 12001.289 | AO21: =VLOOKUP($A21,平滑数据导入!$A$1:$AN$61,COLUMN(平滑数据导入!T$1),0) -> 11863.339 | AP21: =VLOOKUP($A21,平滑数据导入!$A$1:$AN$61,COLUMN(平滑数据导入!U$1),0) -> 11717.432 | AQ21: =VLOOKUP($A21,平滑数据导入!$A$1:$AN$61,COLUMN(平滑数据导入!V$1),0) -> 11564.142 | AR21: =VLOOKUP($A21,平滑数据导入!$A$1:$AN$61,COLUMN(平滑数据导入!W$1),0) -> 11404.044 | ... AX21: =VLOOKUP($A21,平滑数据导入!$A$1:$AN$61,COLUMN(平滑数据导入!AC$1),0) -> 10332.143 | AY21: =VLOOKUP(A21,情景假设!$B$48:$S$88,17,0)/情景假设!R$47*AY$13 -> 10140.037 | AZ21: =VLOOKUP($A21,平滑数据导入!$A$1:$AN$61,COLUMN(平滑数据导入!AE$1),0) -> 9945.4676 | BA21: =VLOOKUP($A21,平滑数据导入!$A$1:$AN$61,COLUMN(平滑数据导入!AF$1),0) -> 9748.9189 | BB21: =VLOOKUP($A21,平滑数据导入!$A$1:$AN$61,COLUMN(平滑数据导入!AG$1),0) -> 9550.8556 | BC21: =VLOOKUP($A21,平滑数据导入!$A$1:$AN$61,COLUMN(平滑数据导入!AH$1),0) -> 9351.7241 | BD21: =VLOOKUP($A21,平滑数据导入!$A$1:$AN$61,COLUMN(平滑数据导入!AI$1),0) -> 9151.9509 | BE21: =VLOOKUP($A21,平滑数据导入!$A$1:$AN$61,COLUMN(平滑数据导入!AJ$1),0) -> 8951.9424 | BF21: =VLOOKUP($A21,平滑数据导入!$A$1:$AN$61,COLUMN(平滑数据导入!AK$1),0) -> 8752.0842 | BG21: =VLOOKUP($A21,平滑数据导入!$A$1:$AN$61,COLUMN(平滑数据导入!AL$1),0) -> 8552.7408 | BH21: =VLOOKUP($A21,平滑数据导入!$A$1:$AN$61,COLUMN(平滑数据导入!AM$1),0) -> 8354.2557 | BI21: =VLOOKUP(A21,情景假设!$B$48:$S$88,18,0)/情景假设!S$47*BI$13 -> 8156.9509
A22: 食品制造业 | I22: ='增加值 (2001-2022, 当年价) '!I22*I$77 -> 2840.6456 | J22: ='增加值 (2001-2022, 当年价) '!J22*J$77 -> 3072.4467 | K22: ='增加值 (2001-2022, 当年价) '!K22*K$77 -> 3437.2203 | L22: ='增加值 (2001-2022, 当年价) '!L22*L$77 -> 3867.5299 | M22: ='增加值 (2001-2022, 当年价) '!M22*M$77 -> 4116.3241 | N22: ='增加值 (2001-2022, 当年价) '!N22*N$77 -> 4301.3823 | O22: ='增加值 (2001-2022, 当年价) '!O22*O$77 -> 4478.5085 | P22: ='增加值 (2001-2022, 当年价) '!P22*P$77 -> 4567.4541 | ... W22: ='增加值 (2001-2022, 当年价) '!W22*W$77 -> 6627.92 | X22: =VLOOKUP($A22,平滑数据导入!$A$1:$AN$61,COLUMN(平滑数据导入!C$1),0) -> 6790.6708 | Y22: =VLOOKUP($A22,平滑数据导入!$A$1:$AN$61,COLUMN(平滑数据导入!D$1),0) -> 6948.5035 | Z22: =VLOOKUP(A22,情景假设!$B$48:$S$88,14,0)/情景假设!O$47*Z$13 -> 7099.2571 | AA22: =VLOOKUP($A22,平滑数据导入!$A$1:$AN$61,COLUMN(平滑数据导入!F$1),0) -> 7240.647 | AB22: =VLOOKUP($A22,平滑数据导入!$A$1:$AN$61,COLUMN(平滑数据导入!G$1),0) -> 7370.2889 | AC22: =VLOOKUP($A22,平滑数据导入!$A$1:$AN$61,COLUMN(平滑数据导入!H$1),0) -> 7485.7298 | AD22: =VLOOKUP($A22,平滑数据导入!$A$1:$AN$61,COLUMN(平滑数据导入!I$1),0) -> 7584.4852 | AE22: =VLOOKUP(A22,情景假设!$B$48:$S$88,15,0)/情景假设!P$47*AE$13 -> 7664.0834 | AF22: =VLOOKUP($A22,平滑数据导入!$A$1:$AN$61,COLUMN(平滑数据导入!K$1),0) -> 7722.9597 | AG22: =VLOOKUP($A22,平滑数据导入!$A$1:$AN$61,COLUMN(平滑数据导入!L$1),0) -> 7763.0758 | AH22: =VLOOKUP($A22,平滑数据导入!$A$1:$AN$61,COLUMN(平滑数据导入!M$1),0) -> 7787.4441 | AI22: =VLOOKUP($A22,平滑数据导入!$A$1:$AN$61,COLUMN(平滑数据导入!N$1),0) -> 7799.2287 | AJ22: =VLOOKUP(A22,情景假设!$B$48:$S$88,16,0)/情景假设!Q$47*AJ$13 -> 7801.6865 | AK22: =VLOOKUP($A22,平滑数据导入!$A$1:$AN$61,COLUMN(平滑数据导入!P$1),0) -> 7797.5542 | AL22: =VLOOKUP($A22,平滑数据导入!$A$1:$AN$61,COLUMN(平滑数据导入!Q$1),0) -> 7787.3184 | AM22: =VLOOKUP($A22,平滑数据导入!$A$1:$AN$61,COLUMN(平滑数据导入!R$1),0) -> 7770.9127 | AN22: =VLOOKUP($A22,平滑数据导入!$A$1:$AN$61,COLUMN(平滑数据导入!S$1),0) -> 7748.286 | AO22: =VLOOKUP($A22,平滑数据导入!$A$1:$AN$61,COLUMN(平滑数据导入!T$1),0) -> 7719.4031 | AP22: =VLOOKUP($A22,平滑数据导入!$A$1:$AN$61,COLUMN(平滑数据导入!U$1),0) -> 7684.2452 | AQ22: =VLOOKUP($A22,平滑数据导入!$A$1:$AN$61,COLUMN(平滑数据导入!V$1),0) -> 7642.8102 | AR22: =VLOOKUP($A22,平滑数据导入!$A$1:$AN$61,COLUMN(平滑数据导入!W$1),0) -> 7595.1132 | ... AX22: =VLOOKUP($A22,平滑数据导入!$A$1:$AN$61,COLUMN(平滑数据导入!AC$1),0) -> 7180.4903 | AY22: =VLOOKUP(A22,情景假设!$B$48:$S$88,17,0)/情景假设!R$47*AY$13 -> 7090.8625 | AZ22: =VLOOKUP($A22,平滑数据导入!$A$1:$AN$61,COLUMN(平滑数据导入!AE$1),0) -> 6995.7285 | BA22: =VLOOKUP($A22,平滑数据导入!$A$1:$AN$61,COLUMN(平滑数据导入!AF$1),0) -> 6895.2606 | BB22: =VLOOKUP($A22,平滑数据导入!$A$1:$AN$61,COLUMN(平滑数据导入!AG$1),0) -> 6789.6477 | BC22: =VLOOKUP($A22,平滑数据导入!$A$1:$AN$61,COLUMN(平滑数据导入!AH$1),0) -> 6679.0939 | BD22: =VLOOKUP($A22,平滑数据导入!$A$1:$AN$61,COLUMN(平滑数据导入!AI$1),0) -> 6563.8186 | BE22: =VLOOKUP($A22,平滑数据导入!$A$1:$AN$61,COLUMN(平滑数据导入!AJ$1),0) -> 6444.0551 | BF22: =VLOOKUP($A22,平滑数据导入!$A$1:$AN$61,COLUMN(平滑数据导入!AK$1),0) -> 6320.0503 | BG22: =VLOOKUP($A22,平滑数据导入!$A$1:$AN$61,COLUMN(平滑数据导入!AL$1),0) -> 6192.0632 | BH22: =VLOOKUP($A22,平滑数据导入!$A$1:$AN$61,COLUMN(平滑数据导入!AM$1),0) -> 6060.3643 | BI22: =VLOOKUP(A22,情景假设!$B$48:$S$88,18,0)/情景假设!S$47*BI$13 -> 5925.2344
A23: 酒、饮料和精制茶制造业 | I23: ='增加值 (2001-2022, 当年价) '!I23*I$77 -> 3020.3405 | J23: ='增加值 (2001-2022, 当年价) '!J23*J$77 -> 3281.1206 | K23: ='增加值 (2001-2022, 当年价) '!K23*K$77 -> 3651.5507 | L23: ='增加值 (2001-2022, 当年价) '!L23*L$77 -> 4171.8493 | M23: ='增加值 (2001-2022, 当年价) '!M23*M$77 -> 4468.021 | N23: ='增加值 (2001-2022, 当年价) '!N23*N$77 -> 4677.3794 | O23: ='增加值 (2001-2022, 当年价) '!O23*O$77 -> 4775.8177 | P23: ='增加值 (2001-2022, 当年价) '!P23*P$77 -> 4879.7297 | ... W23: ='增加值 (2001-2022, 当年价) '!W23*W$77 -> 7272.1185 | X23: =VLOOKUP($A23,平滑数据导入!$A$1:$AN$61,COLUMN(平滑数据导入!C$1),0) -> 7483.6637 | Y23: =VLOOKUP($A23,平滑数据导入!$A$1:$AN$61,COLUMN(平滑数据导入!D$1),0) -> 7688.3887 | Z23: =VLOOKUP(A23,情景假设!$B$48:$S$88,14,0)/情景假设!O$47*Z$13 -> 7883.9562 | AA23: =VLOOKUP($A23,平滑数据导入!$A$1:$AN$61,COLUMN(平滑数据导入!F$1),0) -> 8067.9078 | AB23: =VLOOKUP($A23,平滑数据导入!$A$1:$AN$61,COLUMN(平滑数据导入!G$1),0) -> 8237.6919 | AC23: =VLOOKUP($A23,平滑数据导入!$A$1:$AN$61,COLUMN(平滑数据导入!H$1),0) -> 8390.6984 | AD23: =VLOOKUP($A23,平滑数据导入!$A$1:$AN$61,COLUMN(平滑数据导入!I$1),0) -> 8524.2989 | AE23: =VLOOKUP(A23,情景假设!$B$48:$S$88,15,0)/情景假设!P$47*AE$13 -> 8635.8935 | AF23: =VLOOKUP($A23,平滑数据导入!$A$1:$AN$61,COLUMN(平滑数据导入!K$1),0) -> 8723.8527 | AG23: =VLOOKUP($A23,平滑数据导入!$A$1:$AN$61,COLUMN(平滑数据导入!L$1),0) -> 8790.2979 | AH23: =VLOOKUP($A23,平滑数据导入!$A$1:$AN$61,COLUMN(平滑数据导入!M$1),0) -> 8838.5133 | AI23: =VLOOKUP($A23,平滑数据导入!$A$1:$AN$61,COLUMN(平滑数据导入!N$1),0) -> 8871.9958 | AJ23: =VLOOKUP(A23,情景假设!$B$48:$S$88,16,0)/情景假设!Q$47*AJ$13 -> 8894.3875 | AK23: =VLOOKUP($A23,平滑数据导入!$A$1:$AN$61,COLUMN(平滑数据导入!P$1),0) -> 8908.7695 | AL23: =VLOOKUP($A23,平滑数据导入!$A$1:$AN$61,COLUMN(平滑数据导入!Q$1),0) -> 8915.6605 | AM23: =VLOOKUP($A23,平滑数据导入!$A$1:$AN$61,COLUMN(平滑数据导入!R$1),0) -> 8914.9481 | AN23: =VLOOKUP($A23,平滑数据导入!$A$1:$AN$61,COLUMN(平滑数据导入!S$1),0) -> 8906.5395 | AO23: =VLOOKUP($A23,平滑数据导入!$A$1:$AN$61,COLUMN(平滑数据导入!T$1),0) -> 8890.3618 | AP23: =VLOOKUP($A23,平滑数据导入!$A$1:$AN$61,COLUMN(平滑数据导入!U$1),0) -> 8866.363 | AQ23: =VLOOKUP($A23,平滑数据导入!$A$1:$AN$61,COLUMN(平滑数据导入!V$1),0) -> 8834.5126 | AR23: =VLOOKUP($A23,平滑数据导入!$A$1:$AN$61,COLUMN(平滑数据导入!W$1),0) -> 8794.8022 | ... AX23: =VLOOKUP($A23,平滑数据导入!$A$1:$AN$61,COLUMN(平滑数据导入!AC$1),0) -> 8393.8729 | AY23: =VLOOKUP(A23,情景假设!$B$48:$S$88,17,0)/情景假设!R$47*AY$13 -> 8300.824 | AZ23: =VLOOKUP($A23,平滑数据导入!$A$1:$AN$61,COLUMN(平滑数据导入!AE$1),0) -> 8200.6721 | BA23: =VLOOKUP($A23,平滑数据导入!$A$1:$AN$61,COLUMN(平滑数据导入!AF$1),0) -> 8093.614 | BB23: =VLOOKUP($A23,平滑数据导入!$A$1:$AN$61,COLUMN(平滑数据导入!AG$1),0) -> 7979.8679 | BC23: =VLOOKUP($A23,平滑数据导入!$A$1:$AN$61,COLUMN(平滑数据导入!AH$1),0) -> 7859.6729 | BD23: =VLOOKUP($A23,平滑数据导入!$A$1:$AN$61,COLUMN(平滑数据导入!AI$1),0) -> 7733.2878 | BE23: =VLOOKUP($A23,平滑数据导入!$A$1:$AN$61,COLUMN(平滑数据导入!AJ$1),0) -> 7600.9904 | BF23: =VLOOKUP($A23,平滑数据导入!$A$1:$AN$61,COLUMN(平滑数据导入!AK$1),0) -> 7463.0763 | BG23: =VLOOKUP($A23,平滑数据导入!$A$1:$AN$61,COLUMN(平滑数据导入!AL$1),0) -> 7319.8579 | BH23: =VLOOKUP($A23,平滑数据导入!$A$1:$AN$61,COLUMN(平滑数据导入!AM$1),0) -> 7171.6629 | BI23: =VLOOKUP(A23,情景假设!$B$48:$S$88,18,0)/情景假设!S$47*BI$13 -> 7018.8329
A24: 烟草制品业 | I24: ='增加值 (2001-2022, 当年价) '!I24*I$77 -> 5910.2529 | J24: ='增加值 (2001-2022, 当年价) '!J24*J$77 -> 6061.9868 | K24: ='增加值 (2001-2022, 当年价) '!K24*K$77 -> 6587.4238 | L24: ='增加值 (2001-2022, 当年价) '!L24*L$77 -> 7127.2733 | M24: ='增加值 (2001-2022, 当年价) '!M24*M$77 -> 7416.1355 | N24: ='增加值 (2001-2022, 当年价) '!N24*N$77 -> 7552.2827 | O24: ='增加值 (2001-2022, 当年价) '!O24*O$77 -> 7834.315 | P24: ='增加值 (2001-2022, 当年价) '!P24*P$77 -> 7685.1773 | ... W24: ='增加值 (2001-2022, 当年价) '!W24*W$77 -> 9019.4532 | X24: =VLOOKUP($A24,平滑数据导入!$A$1:$AN$61,COLUMN(平滑数据导入!C$1),0) -> 9191.6066 | Y24: =VLOOKUP($A24,平滑数据导入!$A$1:$AN$61,COLUMN(平滑数据导入!D$1),0) -> 9359.6402 | Z24: =VLOOKUP(A24,情景假设!$B$48:$S$88,14,0)/情景假设!O$47*Z$13 -> 9520.4745 | AA24: =VLOOKUP($A24,平滑数据导入!$A$1:$AN$61,COLUMN(平滑数据导入!F$1),0) -> 9670.8573 | AB24: =VLOOKUP($A24,平滑数据导入!$A$1:$AN$61,COLUMN(平滑数据导入!G$1),0) -> 9807.3912 | AC24: =VLOOKUP($A24,平滑数据导入!$A$1:$AN$61,COLUMN(平滑数据导入!H$1),0) -> 9926.5741 | AD24: =VLOOKUP($A24,平滑数据导入!$A$1:$AN$61,COLUMN(平滑数据导入!I$1),0) -> 10024.849 | AE24: =VLOOKUP(A24,情景假设!$B$48:$S$88,15,0)/情景假设!P$47*AE$13 -> 10098.669 | AF24: =VLOOKUP($A24,平滑数据导入!$A$1:$AN$61,COLUMN(平滑数据导入!K$1),0) -> 10145.761 | AG24: =VLOOKUP($A24,平滑数据导入!$A$1:$AN$61,COLUMN(平滑数据导入!L$1),0) -> 10168.825 | AH24: =VLOOKUP($A24,平滑数据导入!$A$1:$AN$61,COLUMN(平滑数据导入!M$1),0) -> 10171.971 | AI24: =VLOOKUP($A24,平滑数据导入!$A$1:$AN$61,COLUMN(平滑数据导入!N$1),0) -> 10159.454 | AJ24: =VLOOKUP(A24,情景假设!$B$48:$S$88,16,0)/情景假设!Q$47*AJ$13 -> 10135.591 | AK24: =VLOOKUP($A24,平滑数据导入!$A$1:$AN$61,COLUMN(平滑数据导入!P$1),0) -> 10103.981 | AL24: =VLOOKUP($A24,平滑数据导入!$A$1:$AN$61,COLUMN(平滑数据导入!Q$1),0) -> 10065.294 | AM24: =VLOOKUP($A24,平滑数据导入!$A$1:$AN$61,COLUMN(平滑数据导入!R$1),0) -> 10019.484 | AN24: =VLOOKUP($A24,平滑数据导入!$A$1:$AN$61,COLUMN(平滑数据导入!S$1),0) -> 9966.5226 | AO24: =VLOOKUP($A24,平滑数据导入!$A$1:$AN$61,COLUMN(平滑数据导入!T$1),0) -> 9906.3971 | AP24: =VLOOKUP($A24,平滑数据导入!$A$1:$AN$61,COLUMN(平滑数据导入!U$1),0) -> 9839.115 | AQ24: =VLOOKUP($A24,平滑数据导入!$A$1:$AN$61,COLUMN(平滑数据导入!V$1),0) -> 9764.702 | AR24: =VLOOKUP($A24,平滑数据导入!$A$1:$AN$61,COLUMN(平滑数据导入!W$1),0) -> 9683.2028 | ... AX24: =VLOOKUP($A24,平滑数据导入!$A$1:$AN$61,COLUMN(平滑数据导入!AC$1),0) -> 9050.358 | AY24: =VLOOKUP(A24,情景假设!$B$48:$S$88,17,0)/情景假设!R$47*AY$13 -> 8922.1451 | AZ24: =VLOOKUP($A24,平滑数据导入!$A$1:$AN$61,COLUMN(平滑数据导入!AE$1),0) -> 8787.9038 | BA24: =VLOOKUP($A24,平滑数据导入!$A$1:$AN$61,COLUMN(平滑数据导入!AF$1),0) -> 8647.8515 | BB24: =VLOOKUP($A24,平滑数据导入!$A$1:$AN$61,COLUMN(平滑数据导入!AG$1),0) -> 8502.223 | BC24: =VLOOKUP($A24,平滑数据导入!$A$1:$AN$61,COLUMN(平滑数据导入!AH$1),0) -> 8351.2701 | BD24: =VLOOKUP($A24,平滑数据导入!$A$1:$AN$61,COLUMN(平滑数据导入!AI$1),0) -> 8195.2606 | BE24: =VLOOKUP($A24,平滑数据导入!$A$1:$AN$61,COLUMN(平滑数据导入!AJ$1),0) -> 8034.4772 | BF24: =VLOOKUP($A24,平滑数据导入!$A$1:$AN$61,COLUMN(平滑数据导入!AK$1),0) -> 7869.217 | BG24: =VLOOKUP($A24,平滑数据导入!$A$1:$AN$61,COLUMN(平滑数据导入!AL$1),0) -> 7699.7904 | BH24: =VLOOKUP($A24,平滑数据导入!$A$1:$AN$61,COLUMN(平滑数据导入!AM$1),0) -> 7526.5193 | BI24: =VLOOKUP(A24,情景假设!$B$48:$S$88,18,0)/情景假设!S$47*BI$13 -> 7349.7367
A25: 纺织业 | I25: ='增加值 (2001-2022, 当年价) '!I25*I$77 -> 5647.7681 | J25: ='增加值 (2001-2022, 当年价) '!J25*J$77 -> 5808.8245 | K25: ='增加值 (2001-2022, 当年价) '!K25*K$77 -> 6295.3948 | L25: ='增加值 (2001-2022, 当年价) '!L25*L$77 -> 6551.1999 | M25: ='增加值 (2001-2022, 当年价) '!M25*M$77 -> 6997.5786 | N25: ='增加值 (2001-2022, 当年价) '!N25*N$77 -> 7225.7533 | O25: ='增加值 (2001-2022, 当年价) '!O25*O$77 -> 7391.6787 | P25: ='增加值 (2001-2022, 当年价) '!P25*P$77 -> 7503.4187 | ... W25: ='增加值 (2001-2022, 当年价) '!W25*W$77 -> 8119.8361 | X25: =VLOOKUP($A25,平滑数据导入!$A$1:$AN$61,COLUMN(平滑数据导入!C$1),0) -> 8038.9557 | Y25: =VLOOKUP($A25,平滑数据导入!$A$1:$AN$61,COLUMN(平滑数据导入!D$1),0) -> 7976.5017 | Z25: =VLOOKUP(A25,情景假设!$B$48:$S$88,14,0)/情景假设!O$47*Z$13 -> 7926.7691 | AA25: =VLOOKUP($A25,平滑数据导入!$A$1:$AN$61,COLUMN(平滑数据导入!F$1),0) -> 7884.2678 | AB25: =VLOOKUP($A25,平滑数据导入!$A$1:$AN$61,COLUMN(平滑数据导入!G$1),0) -> 7843.6537 | AC25: =VLOOKUP($A25,平滑数据导入!$A$1:$AN$61,COLUMN(平滑数据导入!H$1),0) -> 7799.6985 | AD25: =VLOOKUP($A25,平滑数据导入!$A$1:$AN$61,COLUMN(平滑数据导入!I$1),0) -> 7747.2945 | AE25: =VLOOKUP(A25,情景假设!$B$48:$S$88,15,0)/情景假设!P$47*AE$13 -> 7681.4929 | AF25: =VLOOKUP($A25,平滑数据导入!$A$1:$AN$61,COLUMN(平滑数据导入!K$1),0) -> 7598.9422 | AG25: =VLOOKUP($A25,平滑数据导入!$A$1:$AN$61,COLUMN(平滑数据导入!L$1),0) -> 7501.9432 | AH25: =VLOOKUP($A25,平滑数据导入!$A$1:$AN$61,COLUMN(平滑数据导入!M$1),0) -> 7394.126 | AI25: =VLOOKUP($A25,平滑数据导入!$A$1:$AN$61,COLUMN(平滑数据导入!N$1),0) -> 7278.9994 | AJ25: =VLOOKUP(A25,情景假设!$B$48:$S$88,16,0)/情景假设!Q$47*AJ$13 -> 7159.9107 | AK25: =VLOOKUP($A25,平滑数据导入!$A$1:$AN$61,COLUMN(平滑数据导入!P$1),0) -> 7039.5203 | AL25: =VLOOKUP($A25,平滑数据导入!$A$1:$AN$61,COLUMN(平滑数据导入!Q$1),0) -> 6918.3579 | AM25: =VLOOKUP($A25,平滑数据导入!$A$1:$AN$61,COLUMN(平滑数据导入!R$1),0) -> 6796.4416 | AN25: =VLOOKUP($A25,平滑数据导入!$A$1:$AN$61,COLUMN(平滑数据导入!S$1),0) -> 6673.7949 | AO25: =VLOOKUP($A25,平滑数据导入!$A$1:$AN$61,COLUMN(平滑数据导入!T$1),0) -> 6550.4466 | AP25: =VLOOKUP($A25,平滑数据导入!$A$1:$AN$61,COLUMN(平滑数据导入!U$1),0) -> 6426.4313 | AQ25: =VLOOKUP($A25,平滑数据导入!$A$1:$AN$61,COLUMN(平滑数据导入!V$1),0) -> 6301.7884 | AR25: =VLOOKUP($A25,平滑数据导入!$A$1:$AN$61,COLUMN(平滑数据导入!W$1),0) -> 6176.5627 | ... AX25: =VLOOKUP($A25,平滑数据导入!$A$1:$AN$61,COLUMN(平滑数据导入!AC$1),0) -> 5416.0844 | AY25: =VLOOKUP(A25,情景假设!$B$48:$S$88,17,0)/情景假设!R$47*AY$13 -> 5288.4308 | AZ25: =VLOOKUP($A25,平滑数据导入!$A$1:$AN$61,COLUMN(平滑数据导入!AE$1),0) -> 5160.7176 | BA25: =VLOOKUP($A25,平滑数据导入!$A$1:$AN$61,COLUMN(平滑数据导入!AF$1),0) -> 5033.0278 | BB25: =VLOOKUP($A25,平滑数据导入!$A$1:$AN$61,COLUMN(平滑数据导入!AG$1),0) -> 4905.4475 | BC25: =VLOOKUP($A25,平滑数据导入!$A$1:$AN$61,COLUMN(平滑数据导入!AH$1),0) -> 4778.0655 | BD25: =VLOOKUP($A25,平滑数据导入!$A$1:$AN$61,COLUMN(平滑数据导入!AI$1),0) -> 4650.973 | BE25: =VLOOKUP($A25,平滑数据导入!$A$1:$AN$61,COLUMN(平滑数据导入!AJ$1),0) -> 4524.2637 | BF25: =VLOOKUP($A25,平滑数据导入!$A$1:$AN$61,COLUMN(平滑数据导入!AK$1),0) -> 4398.0326 | BG25: =VLOOKUP($A25,平滑数据导入!$A$1:$AN$61,COLUMN(平滑数据导入!AL$1),0) -> 4272.3768 | BH25: =VLOOKUP($A25,平滑数据导入!$A$1:$AN$61,COLUMN(平滑数据导入!AM$1),0) -> 4147.3939 | BI25: =VLOOKUP(A25,情景假设!$B$48:$S$88,18,0)/情景假设!S$47*BI$13 -> 4023.183
... A54: 水的生产和供应业 | I54: ='增加值 (2001-2022, 当年价) '!I54*I$77 -> 772.52531 | J54: ='增加值 (2001-2022, 当年价) '!J54*J$77 -> 769.65677 | K54: ='增加值 (2001-2022, 当年价) '!K54*K$77 -> 789.2808 | L54: ='增加值 (2001-2022, 当年价) '!L54*L$77 -> 813.76814 | M54: ='增加值 (2001-2022, 当年价) '!M54*M$77 -> 809.56375 | N54: ='增加值 (2001-2022, 当年价) '!N54*N$77 -> 820.58065 | O54: ='增加值 (2001-2022, 当年价) '!O54*O$77 -> 844.93069 | P54: ='增加值 (2001-2022, 当年价) '!P54*P$77 -> 846.48121 | ... W54: ='增加值 (2001-2022, 当年价) '!W54*W$77 -> 1298.5976 | X54: =VLOOKUP($A54,平滑数据导入!$A$1:$AN$61,COLUMN(平滑数据导入!C$1),0) -> 1360.1241 | Y54: =VLOOKUP($A54,平滑数据导入!$A$1:$AN$61,COLUMN(平滑数据导入!D$1),0) -> 1430.9239 | Z54: =VLOOKUP(A54,情景假设!$B$48:$S$88,14,0)/情景假设!O$47*Z$13 -> 1509.9974 | AA54: =VLOOKUP($A54,平滑数据导入!$A$1:$AN$61,COLUMN(平滑数据导入!F$1),0) -> 1596.045 | AB54: =VLOOKUP($A54,平滑数据导入!$A$1:$AN$61,COLUMN(平滑数据导入!G$1),0) -> 1687.3725 | AC54: =VLOOKUP($A54,平滑数据导入!$A$1:$AN$61,COLUMN(平滑数据导入!H$1),0) -> 1781.8095 | AD54: =VLOOKUP($A54,平滑数据导入!$A$1:$AN$61,COLUMN(平滑数据导入!I$1),0) -> 1876.6517 | AE54: =VLOOKUP(A54,情景假设!$B$48:$S$88,15,0)/情景假设!P$47*AE$13 -> 1968.6376 | AF54: =VLOOKUP($A54,平滑数据导入!$A$1:$AN$61,COLUMN(平滑数据导入!K$1),0) -> 2054.6371 | AG54: =VLOOKUP($A54,平滑数据导入!$A$1:$AN$61,COLUMN(平滑数据导入!L$1),0) -> 2133.925 | AH54: =VLOOKUP($A54,平滑数据导入!$A$1:$AN$61,COLUMN(平滑数据导入!M$1),0) -> 2206.6079 | AI54: =VLOOKUP($A54,平滑数据导入!$A$1:$AN$61,COLUMN(平滑数据导入!N$1),0) -> 2273.0057 | AJ54: =VLOOKUP(A54,情景假设!$B$48:$S$88,16,0)/情景假设!Q$47*AJ$13 -> 2333.6332 | AK54: =VLOOKUP($A54,平滑数据导入!$A$1:$AN$61,COLUMN(平滑数据导入!P$1),0) -> 2389.0391 | AL54: =VLOOKUP($A54,平滑数据导入!$A$1:$AN$61,COLUMN(平滑数据导入!Q$1),0) -> 2439.342 | AM54: =VLOOKUP($A54,平滑数据导入!$A$1:$AN$61,COLUMN(平滑数据导入!R$1),0) -> 2484.5953 | AN54: =VLOOKUP($A54,平滑数据导入!$A$1:$AN$61,COLUMN(平滑数据导入!S$1),0) -> 2524.9159 | AO54: =VLOOKUP($A54,平滑数据导入!$A$1:$AN$61,COLUMN(平滑数据导入!T$1),0) -> 2560.4787 | AP54: =VLOOKUP($A54,平滑数据导入!$A$1:$AN$61,COLUMN(平滑数据导入!U$1),0) -> 2591.5119 | AQ54: =VLOOKUP($A54,平滑数据导入!$A$1:$AN$61,COLUMN(平滑数据导入!V$1),0) -> 2618.29 | AR54: =VLOOKUP($A54,平滑数据导入!$A$1:$AN$61,COLUMN(平滑数据导入!W$1),0) -> 2641.1285 | ... AX54: =VLOOKUP($A54,平滑数据导入!$A$1:$AN$61,COLUMN(平滑数据导入!AC$1),0) -> 2716.8046 | AY54: =VLOOKUP(A54,情景假设!$B$48:$S$88,17,0)/情景假设!R$47*AY$13 -> 2723.1644 | AZ54: =VLOOKUP($A54,平滑数据导入!$A$1:$AN$61,COLUMN(平滑数据导入!AE$1),0) -> 2728.9434 | BA54: =VLOOKUP($A54,平滑数据导入!$A$1:$AN$61,COLUMN(平滑数据导入!AF$1),0) -> 2734.6085 | BB54: =VLOOKUP($A54,平滑数据导入!$A$1:$AN$61,COLUMN(平滑数据导入!AG$1),0) -> 2740.6307 | BC54: =VLOOKUP($A54,平滑数据导入!$A$1:$AN$61,COLUMN(平滑数据导入!AH$1),0) -> 2747.4849 | BD54: =VLOOKUP($A54,平滑数据导入!$A$1:$AN$61,COLUMN(平滑数据导入!AI$1),0) -> 2755.6516 | BE54: =VLOOKUP($A54,平滑数据导入!$A$1:$AN$61,COLUMN(平滑数据导入!AJ$1),0) -> 2765.6184 | BF54: =VLOOKUP($A54,平滑数据导入!$A$1:$AN$61,COLUMN(平滑数据导入!AK$1),0) -> 2777.8827 | BG54: =VLOOKUP($A54,平滑数据导入!$A$1:$AN$61,COLUMN(平滑数据导入!AL$1),0) -> 2792.9553 | BH54: =VLOOKUP($A54,平滑数据导入!$A$1:$AN$61,COLUMN(平滑数据导入!AM$1),0) -> 2811.365 | BI54: =VLOOKUP(A54,情景假设!$B$48:$S$88,18,0)/情景假设!S$47*BI$13 -> 2833.6644
A56: 第三产业 | B56: =B2-B3-B4-B5 -> 85159.973 | C56: =C2-C3-C4-C5 -> 95166.704 | D56: =D2-D3-D4-D5 -> 104088.24 | E56: =E2-E3-E4-E5 -> 112231.02 | F56: =F2-F3-F4-F5 -> 125401.69 | G56: =G2-G3-G4-G5 -> 142978.37 | H56: =H2-H3-H4-H5 -> 167541.49 | I56: =I2-I3-I4-I5 -> 183610.21 | ... W56: =W2-W3-W4-W5 -> 591543.44 | X56: =SUM(X57:X70) -> 632143.66 | Y56: =SUM(Y57:Y70) -> 675291.54 | Z56: =Z2-Z3-Z4-Z5 -> 720841.37 | AA56: =SUM(AA57:AA70) -> 768573.28 | AB56: =SUM(AB57:AB70) -> 818180.89 | AC56: =SUM(AC57:AC70) -> 869259.63 | AD56: =SUM(AD57:AD70) -> 921296.73 | AE56: =AE2*情景假设!F16 -> 973663.76 | AF56: =SUM(AF57:AF70) -> 1025789.9 | AG56: =SUM(AG57:AG70) -> 1077764.6 | AH56: =SUM(AH57:AH70) -> 1129934.2 | AI56: =SUM(AI57:AI70) -> 1182743.8 | AJ56: =AJ2*情景假设!F17 -> 1236739.1 | AK56: =SUM(AK57:AK70) -> 1292425.7 | AL56: =SUM(AL57:AL70) -> 1349794.4 | AM56: =SUM(AM57:AM70) -> 1408678.8 | AN56: =SUM(AN57:AN70) -> 1468889.3 | AO56: =SUM(AO57:AO70) -> 1530211.6 | AP56: =SUM(AP57:AP70) -> 1592407.2 | AQ56: =SUM(AQ57:AQ70) -> 1655213.2 | AR56: =SUM(AR57:AR70) -> 1718343.2 | ... AX56: =SUM(AX57:AX70) -> 2085271.7 | AY56: =AY2*情景假设!F18 -> 2141010.9 | AZ56: =SUM(AZ57:AZ70) -> 2194166.1 | BA56: =SUM(BA57:BA70) -> 2244347.5 | BB56: =SUM(BB57:BB70) -> 2291175.2 | BC56: =SUM(BC57:BC70) -> 2334284.5 | BD56: =SUM(BD57:BD70) -> 2373331.5 | BE56: =SUM(BE57:BE70) -> 2407998.7 | BF56: =SUM(BF57:BF70) -> 2438000.5 | BG56: =SUM(BG57:BG70) -> 2463088.1 | BH56: =SUM(BH57:BH70) -> 2483054.3 | BI56: =BI2*情景假设!F19 -> 2497737.5
A57: 交运仓邮 | B57: =B$77*'增加值 (2001-2022, 当年价) '!B57 -> 12922.197 | C57: =C$77*'增加值 (2001-2022, 当年价) '!C57 -> 14005.145 | D57: =D$77*'增加值 (2001-2022, 当年价) '!D57 -> 14410.717 | E57: =E$77*'增加值 (2001-2022, 当年价) '!E57 -> 15841.241 | F57: =F$77*'增加值 (2001-2022, 当年价) '!F57 -> 17478.67 | G57: =G$77*'增加值 (2001-2022, 当年价) '!G57 -> 19206.904 | H57: =H$77*'增加值 (2001-2022, 当年价) '!H57 -> 21357.812 | I57: =I$77*'增加值 (2001-2022, 当年价) '!I57 -> 22214.293 | ... W57: =W$77*'增加值 (2001-2022, 当年价) '!W57 -> 46450.003 | X57: =VLOOKUP($A57,平滑数据导入!$A$1:$AN$61,COLUMN(平滑数据导入!C$1),0) -> 48503.015 | Y57: =VLOOKUP($A57,平滑数据导入!$A$1:$AN$61,COLUMN(平滑数据导入!D$1),0) -> 50559.101 | Z57: =VLOOKUP(A57,情景假设!$B$29:$S$42,14,0)/情景假设!O$28*Z$56 -> 52600.681 | AA57: =VLOOKUP($A57,平滑数据导入!$A$1:$AN$61,COLUMN(平滑数据导入!F$1),0) -> 54608.297 | AB57: =VLOOKUP($A57,平滑数据导入!$A$1:$AN$61,COLUMN(平滑数据导入!G$1),0) -> 56560.723 | AC57: =VLOOKUP($A57,平滑数据导入!$A$1:$AN$61,COLUMN(平滑数据导入!H$1),0) -> 58435.148 | AD57: =VLOOKUP($A57,平滑数据导入!$A$1:$AN$61,COLUMN(平滑数据导入!I$1),0) -> 60207.423 | AE57: =VLOOKUP(A57,情景假设!$B$29:$S$42,15,0)/情景假设!P$28*AE$56 -> 61852.383 | AF57: =VLOOKUP($A57,平滑数据导入!$A$1:$AN$61,COLUMN(平滑数据导入!K$1),0) -> 63352.732 | AG57: =VLOOKUP($A57,平滑数据导入!$A$1:$AN$61,COLUMN(平滑数据导入!L$1),0) -> 64726.421 | AH57: =VLOOKUP($A57,平滑数据导入!$A$1:$AN$61,COLUMN(平滑数据导入!M$1),0) -> 66003.682 | AI57: =VLOOKUP($A57,平滑数据导入!$A$1:$AN$61,COLUMN(平滑数据导入!N$1),0) -> 67218.384 | AJ57: =VLOOKUP(A57,情景假设!$B$29:$S$42,16,0)/情景假设!Q$28*AJ$56 -> 68407.593 | AK57: =VLOOKUP($A57,平滑数据导入!$A$1:$AN$61,COLUMN(平滑数据导入!P$1),0) -> 69602.322 | AL57: =VLOOKUP($A57,平滑数据导入!$A$1:$AN$61,COLUMN(平滑数据导入!Q$1),0) -> 70799.227 | AM57: =VLOOKUP($A57,平滑数据导入!$A$1:$AN$61,COLUMN(平滑数据导入!R$1),0) -> 71985.447 | AN57: =VLOOKUP($A57,平滑数据导入!$A$1:$AN$61,COLUMN(平滑数据导入!S$1),0) -> 73147.306 | AO57: =VLOOKUP($A57,平滑数据导入!$A$1:$AN$61,COLUMN(平滑数据导入!T$1),0) -> 74270.343 | AP57: =VLOOKUP($A57,平滑数据导入!$A$1:$AN$61,COLUMN(平滑数据导入!U$1),0) -> 75339.377 | AQ57: =VLOOKUP($A57,平滑数据导入!$A$1:$AN$61,COLUMN(平滑数据导入!V$1),0) -> 76338.594 | AR57: =VLOOKUP($A57,平滑数据导入!$A$1:$AN$61,COLUMN(平滑数据导入!W$1),0) -> 77251.665 | ... AX57: =VLOOKUP($A57,平滑数据导入!$A$1:$AN$61,COLUMN(平滑数据导入!AC$1),0) -> 79987.238 | AY57: =VLOOKUP(A57,情景假设!$B$29:$S$42,17,0)/情景假设!R$28*AY$56 -> 79837.009 | AZ57: =VLOOKUP($A57,平滑数据导入!$A$1:$AN$61,COLUMN(平滑数据导入!AE$1),0) -> 79476.3 | BA57: =VLOOKUP($A57,平滑数据导入!$A$1:$AN$61,COLUMN(平滑数据导入!AF$1),0) -> 78894.528 | BB57: =VLOOKUP($A57,平滑数据导入!$A$1:$AN$61,COLUMN(平滑数据导入!AG$1),0) -> 78083.273 | BC57: =VLOOKUP($A57,平滑数据导入!$A$1:$AN$61,COLUMN(平滑数据导入!AH$1),0) -> 77036.591 | BD57: =VLOOKUP($A57,平滑数据导入!$A$1:$AN$61,COLUMN(平滑数据导入!AI$1),0) -> 75751.295 | BE57: =VLOOKUP($A57,平滑数据导入!$A$1:$AN$61,COLUMN(平滑数据导入!AJ$1),0) -> 74227.195 | BF57: =VLOOKUP($A57,平滑数据导入!$A$1:$AN$61,COLUMN(平滑数据导入!AK$1),0) -> 72467.296 | BG57: =VLOOKUP($A57,平滑数据导入!$A$1:$AN$61,COLUMN(平滑数据导入!AL$1),0) -> 70477.925 | BH57: =VLOOKUP($A57,平滑数据导入!$A$1:$AN$61,COLUMN(平滑数据导入!AM$1),0) -> 68268.797 | BI57: =VLOOKUP(A57,情景假设!$B$29:$S$42,18,0)/情景假设!S$28*BI$56 -> 65852.991
A58: 批发零售 | B58: =B$77*'增加值 (2001-2022, 当年价) '!B58 -> 17152.616 | C58: =C$77*'增加值 (2001-2022, 当年价) '!C58 -> 18681.75 | D58: =D$77*'增加值 (2001-2022, 当年价) '!D58 -> 20339.743 | E58: =E$77*'增加值 (2001-2022, 当年价) '!E58 -> 21201.883 | F58: =F$77*'增加值 (2001-2022, 当年价) '!F58 -> 22884.561 | G58: =G$77*'增加值 (2001-2022, 当年价) '!G58 -> 26058.396 | H58: =H$77*'增加值 (2001-2022, 当年价) '!H58 -> 30623.281 | I58: =I$77*'增加值 (2001-2022, 当年价) '!I58 -> 35540.209 | ... W58: =W$77*'增加值 (2001-2022, 当年价) '!W58 -> 107085.79 | X58: =VLOOKUP($A58,平滑数据导入!$A$1:$AN$61,COLUMN(平滑数据导入!C$1),0) -> 112084.11 | Y58: =VLOOKUP($A58,平滑数据导入!$A$1:$AN$61,COLUMN(平滑数据导入!D$1),0) -> 117103.2 | Z58: =VLOOKUP(A58,情景假设!$B$29:$S$42,14,0)/情景假设!O$28*Z$56 -> 122101.5 | AA58: =VLOOKUP($A58,平滑数据导入!$A$1:$AN$61,COLUMN(平滑数据导入!F$1),0) -> 127032.77 | AB58: =VLOOKUP($A58,平滑数据导入!$A$1:$AN$61,COLUMN(平滑数据导入!G$1),0) -> 131846.32 | AC58: =VLOOKUP($A58,平滑数据导入!$A$1:$AN$61,COLUMN(平滑数据导入!H$1),0) -> 136487.44 | AD58: =VLOOKUP($A58,平滑数据导入!$A$1:$AN$61,COLUMN(平滑数据导入!I$1),0) -> 140898 | AE58: =VLOOKUP(A58,情景假设!$B$29:$S$42,15,0)/情景假设!P$28*AE$56 -> 145017.16 | AF58: =VLOOKUP($A58,平滑数据导入!$A$1:$AN$61,COLUMN(平滑数据导入!K$1),0) -> 148802.35 | AG58: =VLOOKUP($A58,平滑数据导入!$A$1:$AN$61,COLUMN(平滑数据导入!L$1),0) -> 152294.08 | AH58: =VLOOKUP($A58,平滑数据导入!$A$1:$AN$61,COLUMN(平滑数据导入!M$1),0) -> 155562.36 | AI58: =VLOOKUP($A58,平滑数据导入!$A$1:$AN$61,COLUMN(平滑数据导入!N$1),0) -> 158686.43 | AJ58: =VLOOKUP(A58,情景假设!$B$29:$S$42,16,0)/情景假设!Q$28*AJ$56 -> 161753.71 | AK58: =VLOOKUP($A58,平滑数据导入!$A$1:$AN$61,COLUMN(平滑数据导入!P$1),0) -> 164837.83 | AL58: =VLOOKUP($A58,平滑数据导入!$A$1:$AN$61,COLUMN(平滑数据导入!Q$1),0) -> 167931.01 | AM58: =VLOOKUP($A58,平滑数据导入!$A$1:$AN$61,COLUMN(平滑数据导入!R$1),0) -> 171002.71 | AN58: =VLOOKUP($A58,平滑数据导入!$A$1:$AN$61,COLUMN(平滑数据导入!S$1),0) -> 174020.32 | AO58: =VLOOKUP($A58,平滑数据导入!$A$1:$AN$61,COLUMN(平滑数据导入!T$1),0) -> 176949.17 | AP58: =VLOOKUP($A58,平滑数据导入!$A$1:$AN$61,COLUMN(平滑数据导入!U$1),0) -> 179752.7 | AQ58: =VLOOKUP($A58,平滑数据导入!$A$1:$AN$61,COLUMN(平滑数据导入!V$1),0) -> 182392.67 | AR58: =VLOOKUP($A58,平滑数据导入!$A$1:$AN$61,COLUMN(平滑数据导入!W$1),0) -> 184829.45 | ... AX58: =VLOOKUP($A58,平滑数据导入!$A$1:$AN$61,COLUMN(平滑数据导入!AC$1),0) -> 192894.26 | AY58: =VLOOKUP(A58,情景假设!$B$29:$S$42,17,0)/情景假设!R$28*AY$56 -> 192776.67 | AZ58: =VLOOKUP($A58,平滑数据导入!$A$1:$AN$61,COLUMN(平滑数据导入!AE$1),0) -> 192147.79 | BA58: =VLOOKUP($A58,平滑数据导入!$A$1:$AN$61,COLUMN(平滑数据导入!AF$1),0) -> 190980.39 | BB58: =VLOOKUP($A58,平滑数据导入!$A$1:$AN$61,COLUMN(平滑数据导入!AG$1),0) -> 189252.38 | BC58: =VLOOKUP($A58,平滑数据导入!$A$1:$AN$61,COLUMN(平滑数据导入!AH$1),0) -> 186947.6 | BD58: =VLOOKUP($A58,平滑数据导入!$A$1:$AN$61,COLUMN(平滑数据导入!AI$1),0) -> 184056.49 | BE58: =VLOOKUP($A58,平滑数据导入!$A$1:$AN$61,COLUMN(平滑数据导入!AJ$1),0) -> 180576.74 | BF58: =VLOOKUP($A58,平滑数据导入!$A$1:$AN$61,COLUMN(平滑数据导入!AK$1),0) -> 176513.79 | BG58: =VLOOKUP($A58,平滑数据导入!$A$1:$AN$61,COLUMN(平滑数据导入!AL$1),0) -> 171881.2 | BH58: =VLOOKUP($A58,平滑数据导入!$A$1:$AN$61,COLUMN(平滑数据导入!AM$1),0) -> 166700.83 | BI58: =VLOOKUP(A58,情景假设!$B$29:$S$42,18,0)/情景假设!S$28*BI$56 -> 161002.85
A59: 餐饮住宿 | B59: =B$77*'增加值 (2001-2022, 当年价) '!B59 -> 4513.6386 | C59: =C$77*'增加值 (2001-2022, 当年价) '!C59 -> 5092.0326 | D59: =D$77*'增加值 (2001-2022, 当年价) '!D59 -> 5691.7852 | E59: =E$77*'增加值 (2001-2022, 当年价) '!E59 -> 6238.1109 | F59: =F$77*'增加值 (2001-2022, 当年价) '!F59 -> 6873.8055 | G59: =G$77*'增加值 (2001-2022, 当年价) '!G59 -> 7553.6469 | H59: =H$77*'增加值 (2001-2022, 当年价) '!H59 -> 8113.2808 | I59: =I$77*'增加值 (2001-2022, 当年价) '!I59 -> 8979.4463 | ... W59: =W$77*'增加值 (2001-2022, 当年价) '!W59 -> 16696.536 | X59: =VLOOKUP($A59,平滑数据导入!$A$1:$AN$61,COLUMN(平滑数据导入!C$1),0) -> 17540.017 | Y59: =VLOOKUP($A59,平滑数据导入!$A$1:$AN$61,COLUMN(平滑数据导入!D$1),0) -> 18390.439 | Z59: =VLOOKUP(A59,情景假设!$B$29:$S$42,14,0)/情景假设!O$28*Z$56 -> 19241.079 | AA59: =VLOOKUP($A59,平滑数据导入!$A$1:$AN$61,COLUMN(平滑数据导入!F$1),0) -> 20084.395 | AB59: =VLOOKUP($A59,平滑数据导入!$A$1:$AN$61,COLUMN(平滑数据导入!G$1),0) -> 20912.062 | AC59: =VLOOKUP($A59,平滑数据导入!$A$1:$AN$61,COLUMN(平滑数据导入!H$1),0) -> 21715.034 | AD59: =VLOOKUP($A59,平滑数据导入!$A$1:$AN$61,COLUMN(平滑数据导入!I$1),0) -> 22483.633 | AE59: =VLOOKUP(A59,情景假设!$B$29:$S$42,15,0)/情景假设!P$28*AE$56 -> 23207.669 | AF59: =VLOOKUP($A59,平滑数据导入!$A$1:$AN$61,COLUMN(平滑数据导入!K$1),0) -> 23879.825 | AG59: =VLOOKUP($A59,平滑数据导入!$A$1:$AN$61,COLUMN(平滑数据导入!L$1),0) -> 24506.191 | AH59: =VLOOKUP($A59,平滑数据导入!$A$1:$AN$61,COLUMN(平滑数据导入!M$1),0) -> 25097.749 | AI59: =VLOOKUP($A59,平滑数据导入!$A$1:$AN$61,COLUMN(平滑数据导入!N$1),0) -> 25667.124 | AJ59: =VLOOKUP(A59,情景假设!$B$29:$S$42,16,0)/情景假设!Q$28*AJ$56 -> 26228.433 | AK59: =VLOOKUP($A59,平滑数据导入!$A$1:$AN$61,COLUMN(平滑数据导入!P$1),0) -> 26793.687 | AL59: =VLOOKUP($A59,平滑数据导入!$A$1:$AN$61,COLUMN(平滑数据导入!Q$1),0) -> 27361.656 | AM59: =VLOOKUP($A59,平滑数据导入!$A$1:$AN$61,COLUMN(平滑数据导入!R$1),0) -> 27927.358 | AN59: =VLOOKUP($A59,平滑数据导入!$A$1:$AN$61,COLUMN(平滑数据导入!S$1),0) -> 28485.426 | AO59: =VLOOKUP($A59,平滑数据导入!$A$1:$AN$61,COLUMN(平滑数据导入!T$1),0) -> 29030.121 | AP59: =VLOOKUP($A59,平滑数据导入!$A$1:$AN$61,COLUMN(平滑数据导入!U$1),0) -> 29555.345 | AQ59: =VLOOKUP($A59,平滑数据导入!$A$1:$AN$61,COLUMN(平滑数据导入!V$1),0) -> 30054.682 | AR59: =VLOOKUP($A59,平滑数据导入!$A$1:$AN$61,COLUMN(平滑数据导入!W$1),0) -> 30521.438 | ... AX59: =VLOOKUP($A59,平滑数据导入!$A$1:$AN$61,COLUMN(平滑数据导入!AC$1),0) -> 32245.732 | AY59: =VLOOKUP(A59,情景假设!$B$29:$S$42,17,0)/情景假设!R$28*AY$56 -> 32289.52 | AZ59: =VLOOKUP($A59,平滑数据导入!$A$1:$AN$61,COLUMN(平滑数据导入!AE$1),0) -> 32247.076 | BA59: =VLOOKUP($A59,平滑数据导入!$A$1:$AN$61,COLUMN(平滑数据导入!AF$1),0) -> 32113.403 | BB59: =VLOOKUP($A59,平滑数据导入!$A$1:$AN$61,COLUMN(平滑数据导入!AG$1),0) -> 31884.337 | BC59: =VLOOKUP($A59,平滑数据导入!$A$1:$AN$61,COLUMN(平滑数据导入!AH$1),0) -> 31556.683 | BD59: =VLOOKUP($A59,平滑数据导入!$A$1:$AN$61,COLUMN(平滑数据导入!AI$1),0) -> 31128.345 | BE59: =VLOOKUP($A59,平滑数据导入!$A$1:$AN$61,COLUMN(平滑数据导入!AJ$1),0) -> 30598.441 | BF59: =VLOOKUP($A59,平滑数据导入!$A$1:$AN$61,COLUMN(平滑数据导入!AK$1),0) -> 29967.393 | BG59: =VLOOKUP($A59,平滑数据导入!$A$1:$AN$61,COLUMN(平滑数据导入!AL$1),0) -> 29237.003 | BH59: =VLOOKUP($A59,平滑数据导入!$A$1:$AN$61,COLUMN(平滑数据导入!AM$1),0) -> 28410.495 | BI59: =VLOOKUP(A59,情景假设!$B$29:$S$42,18,0)/情景假设!S$28*BI$56 -> 27492.527
A60: 金融业 | B60: =B$77*'增加值 (2001-2022, 当年价) '!B60 -> 9784.4085 | C60: =C$77*'增加值 (2001-2022, 当年价) '!C60 -> 10382.529 | D60: =D$77*'增加值 (2001-2022, 当年价) '!D60 -> 11007.59 | E60: =E$77*'增加值 (2001-2022, 当年价) '!E60 -> 11234.659 | F60: =F$77*'增加值 (2001-2022, 当年价) '!F60 -> 12264.296 | G60: =G$77*'增加值 (2001-2022, 当年价) '!G60 -> 15717.405 | H60: =H$77*'增加值 (2001-2022, 当年价) '!H60 -> 22227.766 | I60: =I$77*'增加值 (2001-2022, 当年价) '!I60 -> 24898.857 | ... W60: =W$77*'增加值 (2001-2022, 当年价) '!W60 -> 90528.212 | X60: =VLOOKUP($A60,平滑数据导入!$A$1:$AN$61,COLUMN(平滑数据导入!C$1),0) -> 95168.114 | Y60: =VLOOKUP($A60,平滑数据导入!$A$1:$AN$61,COLUMN(平滑数据导入!D$1),0) -> 100177.18 | Z60: =VLOOKUP(A60,情景假设!$B$29:$S$42,14,0)/情景假设!O$28*Z$56 -> 105499.82 | AA60: =VLOOKUP($A60,平滑数据导入!$A$1:$AN$61,COLUMN(平滑数据导入!F$1),0) -> 111064.69 | AB60: =VLOOKUP($A60,平滑数据导入!$A$1:$AN$61,COLUMN(平滑数据导入!G$1),0) -> 116782.43 | AC60: =VLOOKUP($A60,平滑数据导入!$A$1:$AN$61,COLUMN(平滑数据导入!H$1),0) -> 122543.97 | AD60: =VLOOKUP($A60,平滑数据导入!$A$1:$AN$61,COLUMN(平滑数据导入!I$1),0) -> 128219.81 | AE60: =VLOOKUP(A60,情景假设!$B$29:$S$42,15,0)/情景假设!P$28*AE$56 -> 133660.44 | AF60: =VLOOKUP($A60,平滑数据导入!$A$1:$AN$61,COLUMN(平滑数据导入!K$1),0) -> 138731.73 | AG60: =VLOOKUP($A60,平滑数据导入!$A$1:$AN$61,COLUMN(平滑数据导入!L$1),0) -> 143427.91 | AH60: =VLOOKUP($A60,平滑数据导入!$A$1:$AN$61,COLUMN(平滑数据导入!M$1),0) -> 147788.68 | AI60: =VLOOKUP($A60,平滑数据导入!$A$1:$AN$61,COLUMN(平滑数据导入!N$1),0) -> 151866.82 | AJ60: =VLOOKUP(A60,情景假设!$B$29:$S$42,16,0)/情景假设!Q$28*AJ$56 -> 155726.85 | AK60: =VLOOKUP($A60,平滑数据导入!$A$1:$AN$61,COLUMN(平滑数据导入!P$1),0) -> 159426.34 | AL60: =VLOOKUP($A60,平滑数据导入!$A$1:$AN$61,COLUMN(平滑数据导入!Q$1),0) -> 162959.42 | AM60: =VLOOKUP($A60,平滑数据导入!$A$1:$AN$61,COLUMN(平滑数据导入!R$1),0) -> 166303.34 | AN60: =VLOOKUP($A60,平滑数据导入!$A$1:$AN$61,COLUMN(平滑数据导入!S$1),0) -> 169435.29 | AO60: =VLOOKUP($A60,平滑数据导入!$A$1:$AN$61,COLUMN(平滑数据导入!T$1),0) -> 172332.6 | AP60: =VLOOKUP($A60,平滑数据导入!$A$1:$AN$61,COLUMN(平滑数据导入!U$1),0) -> 174972.98 | AQ60: =VLOOKUP($A60,平滑数据导入!$A$1:$AN$61,COLUMN(平滑数据导入!V$1),0) -> 177334.74 | AR60: =VLOOKUP($A60,平滑数据导入!$A$1:$AN$61,COLUMN(平滑数据导入!W$1),0) -> 179397.02 | ... AX60: =VLOOKUP($A60,平滑数据导入!$A$1:$AN$61,COLUMN(平滑数据导入!AC$1),0) -> 184481.95 | AY60: =VLOOKUP(A60,情景假设!$B$29:$S$42,17,0)/情景假设!R$28*AY$56 -> 183986.27 | AZ60: =VLOOKUP($A60,平滑数据导入!$A$1:$AN$61,COLUMN(平滑数据导入!AE$1),0) -> 183083.78 | BA60: =VLOOKUP($A60,平滑数据导入!$A$1:$AN$61,COLUMN(平滑数据导入!AF$1),0) -> 181771.8 | BB60: =VLOOKUP($A60,平滑数据导入!$A$1:$AN$61,COLUMN(平滑数据导入!AG$1),0) -> 180050.63 | BC60: =VLOOKUP($A60,平滑数据导入!$A$1:$AN$61,COLUMN(平滑数据导入!AH$1),0) -> 177923.61 | BD60: =VLOOKUP($A60,平滑数据导入!$A$1:$AN$61,COLUMN(平滑数据导入!AI$1),0) -> 175397.17 | BE60: =VLOOKUP($A60,平滑数据导入!$A$1:$AN$61,COLUMN(平滑数据导入!AJ$1),0) -> 172480.87 | BF60: =VLOOKUP($A60,平滑数据导入!$A$1:$AN$61,COLUMN(平滑数据导入!AK$1),0) -> 169187.38 | BG60: =VLOOKUP($A60,平滑数据导入!$A$1:$AN$61,COLUMN(平滑数据导入!AL$1),0) -> 165532.37 | BH60: =VLOOKUP($A60,平滑数据导入!$A$1:$AN$61,COLUMN(平滑数据导入!AM$1),0) -> 161534.45 | BI60: =VLOOKUP(A60,情景假设!$B$29:$S$42,18,0)/情景假设!S$28*BI$56 -> 157214.98
A61: 房地产 | B61: =B$77*'增加值 (2001-2022, 当年价) '!B61 -> 8849.7481 | C61: =C$77*'增加值 (2001-2022, 当年价) '!C61 -> 9968.9695 | D61: =D$77*'增加值 (2001-2022, 当年价) '!D61 -> 11210.237 | E61: =E$77*'增加值 (2001-2022, 当年价) '!E61 -> 12174.087 | F61: =F$77*'增加值 (2001-2022, 当年价) '!F61 -> 13897.188 | G61: =G$77*'增加值 (2001-2022, 当年价) '!G61 -> 16266.835 | H61: =H$77*'增加值 (2001-2022, 当年价) '!H61 -> 20054.709 | I61: =I$77*'增加值 (2001-2022, 当年价) '!I61 -> 19815.693 | ... W61: =W$77*'增加值 (2001-2022, 当年价) '!W61 -> 69030.485 | X61: =VLOOKUP($A61,平滑数据导入!$A$1:$AN$61,COLUMN(平滑数据导入!C$1),0) -> 72919.08 | Y61: =VLOOKUP($A61,平滑数据导入!$A$1:$AN$61,COLUMN(平滑数据导入!D$1),0) -> 76843.649 | Z61: =VLOOKUP(A61,情景假设!$B$29:$S$42,14,0)/情景假设!O$28*Z$56 -> 80767.16 | AA61: =VLOOKUP($A61,平滑数据导入!$A$1:$AN$61,COLUMN(平滑数据导入!F$1),0) -> 84647.702 | AB61: =VLOOKUP($A61,平滑数据导入!$A$1:$AN$61,COLUMN(平滑数据导入!G$1),0) -> 88438.741 | AC61: =VLOOKUP($A61,平滑数据导入!$A$1:$AN$61,COLUMN(平滑数据导入!H$1),0) -> 92089.571 | AD61: =VLOOKUP($A61,平滑数据导入!$A$1:$AN$61,COLUMN(平滑数据导入!I$1),0) -> 95545.966 | AE61: =VLOOKUP(A61,情景假设!$B$29:$S$42,15,0)/情景假设!P$28*AE$56 -> 98751.059 | AF61: =VLOOKUP($A61,平滑数据导入!$A$1:$AN$61,COLUMN(平滑数据导入!K$1),0) -> 101667.15 | AG61: =VLOOKUP($A61,平滑数据导入!$A$1:$AN$61,COLUMN(平滑数据导入!L$1),0) -> 104343.37 | AH61: =VLOOKUP($A61,平滑数据导入!$A$1:$AN$61,COLUMN(平滑数据导入!M$1),0) -> 106860.88 | AI61: =VLOOKUP($A61,平滑数据导入!$A$1:$AN$61,COLUMN(平滑数据导入!N$1),0) -> 109311.69 | AJ61: =VLOOKUP(A61,情景假设!$B$29:$S$42,16,0)/情景假设!Q$28*AJ$56 -> 111797.7 | AK61: =VLOOKUP($A61,平滑数据导入!$A$1:$AN$61,COLUMN(平滑数据导入!P$1),0) -> 114407.66 | AL61: =VLOOKUP($A61,平滑数据导入!$A$1:$AN$61,COLUMN(平滑数据导入!Q$1),0) -> 117145.17 | AM61: =VLOOKUP($A61,平滑数据导入!$A$1:$AN$61,COLUMN(平滑数据导入!R$1),0) -> 119990 | AN61: =VLOOKUP($A61,平滑数据导入!$A$1:$AN$61,COLUMN(平滑数据导入!S$1),0) -> 122919.7 | AO61: =VLOOKUP($A61,平滑数据导入!$A$1:$AN$61,COLUMN(平滑数据导入!T$1),0) -> 125909.36 | AP61: =VLOOKUP($A61,平滑数据导入!$A$1:$AN$61,COLUMN(平滑数据导入!U$1),0) -> 128931.48 | AQ61: =VLOOKUP($A61,平滑数据导入!$A$1:$AN$61,COLUMN(平滑数据导入!V$1),0) -> 131955.89 | AR61: =VLOOKUP($A61,平滑数据导入!$A$1:$AN$61,COLUMN(平滑数据导入!W$1),0) -> 134949.64 | ... AX61: =VLOOKUP($A61,平滑数据导入!$A$1:$AN$61,COLUMN(平滑数据导入!AC$1),0) -> 150110.08 | AY61: =VLOOKUP(A61,情景假设!$B$29:$S$42,17,0)/情景假设!R$28*AY$56 -> 151770.35 | AZ61: =VLOOKUP($A61,平滑数据导入!$A$1:$AN$61,COLUMN(平滑数据导入!AE$1),0) -> 153063.64 | BA61: =VLOOKUP($A61,平滑数据导入!$A$1:$AN$61,COLUMN(平滑数据导入!AF$1),0) -> 153946.38 | BB61: =VLOOKUP($A61,平滑数据导入!$A$1:$AN$61,COLUMN(平滑数据导入!AG$1),0) -> 154377.37 | BC61: =VLOOKUP($A61,平滑数据导入!$A$1:$AN$61,COLUMN(平滑数据导入!AH$1),0) -> 154318.82 | BD61: =VLOOKUP($A61,平滑数据导入!$A$1:$AN$61,COLUMN(平滑数据导入!AI$1),0) -> 153737.41 | BE61: =VLOOKUP($A61,平滑数据导入!$A$1:$AN$61,COLUMN(平滑数据导入!AJ$1),0) -> 152605.45 | BF61: =VLOOKUP($A61,平滑数据导入!$A$1:$AN$61,COLUMN(平滑数据导入!AK$1),0) -> 150901.88 | BG61: =VLOOKUP($A61,平滑数据导入!$A$1:$AN$61,COLUMN(平滑数据导入!AL$1),0) -> 148613.33 | BH61: =VLOOKUP($A61,平滑数据导入!$A$1:$AN$61,COLUMN(平滑数据导入!AM$1),0) -> 145734.95 | BI61: =VLOOKUP(A61,情景假设!$B$29:$S$42,18,0)/情景假设!S$28*BI$56 -> 142271.16
A62: 信息传输、软件和信息技术服务 | K62: =K$77*'增加值 (2001-2022, 当年价) '!K62 -> 11512.105 | L62: =L$77*'增加值 (2001-2022, 当年价) '!L62 -> 12134.644 | M62: =M$77*'增加值 (2001-2022, 当年价) '!M62 -> 13731.513 | N62: =N$77*'增加值 (2001-2022, 当年价) '!N62 -> 15474.89 | O62: =O$77*'增加值 (2001-2022, 当年价) '!O62 -> 17254.984 | P62: =P$77*'增加值 (2001-2022, 当年价) '!P62 -> 19530.226 | Q62: =Q$77*'增加值 (2001-2022, 当年价) '!Q62 -> 22115.729 | R62: =R$77*'增加值 (2001-2022, 当年价) '!R62 -> 25091.611 | ... W62: =W$77*'增加值 (2001-2022, 当年价) '!W62 -> 42091.759 | X62: =VLOOKUP($A62,平滑数据导入!$A$1:$AN$61,COLUMN(平滑数据导入!C$1),0) -> 47837.189 | Y62: =VLOOKUP($A62,平滑数据导入!$A$1:$AN$61,COLUMN(平滑数据导入!D$1),0) -> 54305.926 | Z62: =VLOOKUP(A62,情景假设!$B$29:$S$42,14,0)/情景假设!O$28*Z$56 -> 61546.752 | AA62: =VLOOKUP($A62,平滑数据导入!$A$1:$AN$61,COLUMN(平滑数据导入!F$1),0) -> 69598.965 | AB62: =VLOOKUP($A62,平滑数据导入!$A$1:$AN$61,COLUMN(平滑数据导入!G$1),0) -> 78488.043 | AC62: =VLOOKUP($A62,平滑数据导入!$A$1:$AN$61,COLUMN(平滑数据导入!H$1),0) -> 88220.735 | AD62: =VLOOKUP($A62,平滑数据导入!$A$1:$AN$61,COLUMN(平滑数据导入!I$1),0) -> 98779.689 | AE62: =VLOOKUP(A62,情景假设!$B$29:$S$42,15,0)/情景假设!P$28*AE$56 -> 110117.87 | AF62: =VLOOKUP($A62,平滑数据导入!$A$1:$AN$61,COLUMN(平滑数据导入!K$1),0) -> 122174.93 | AG62: =VLOOKUP($A62,平滑数据导入!$A$1:$AN$61,COLUMN(平滑数据导入!L$1),0) -> 134955.84 | AH62: =VLOOKUP($A62,平滑数据导入!$A$1:$AN$61,COLUMN(平滑数据导入!M$1),0) -> 148496.2 | AI62: =VLOOKUP($A62,平滑数据导入!$A$1:$AN$61,COLUMN(平滑数据导入!N$1),0) -> 162847.79 | AJ62: =VLOOKUP(A62,情景假设!$B$29:$S$42,16,0)/情景假设!Q$28*AJ$56 -> 178081.99 | AK62: =VLOOKUP($A62,平滑数据导入!$A$1:$AN$61,COLUMN(平滑数据导入!P$1),0) -> 194276.92 | AL62: =VLOOKUP($A62,平滑数据导入!$A$1:$AN$61,COLUMN(平滑数据导入!Q$1),0) -> 211459.82 | AM62: =VLOOKUP($A62,平滑数据导入!$A$1:$AN$61,COLUMN(平滑数据导入!R$1),0) -> 229638.63 | AN62: =VLOOKUP($A62,平滑数据导入!$A$1:$AN$61,COLUMN(平滑数据导入!S$1),0) -> 248815.53 | AO62: =VLOOKUP($A62,平滑数据导入!$A$1:$AN$61,COLUMN(平滑数据导入!T$1),0) -> 268986.53 | AP62: =VLOOKUP($A62,平滑数据导入!$A$1:$AN$61,COLUMN(平滑数据导入!U$1),0) -> 290141 | AQ62: =VLOOKUP($A62,平滑数据导入!$A$1:$AN$61,COLUMN(平滑数据导入!V$1),0) -> 312261.34 | AR62: =VLOOKUP($A62,平滑数据导入!$A$1:$AN$61,COLUMN(平滑数据导入!W$1),0) -> 335322.66 | ... AX62: =VLOOKUP($A62,平滑数据导入!$A$1:$AN$61,COLUMN(平滑数据导入!AC$1),0) -> 491088.46 | AY62: =VLOOKUP(A62,情景假设!$B$29:$S$42,17,0)/情景假设!R$28*AY$56 -> 519390.78 | AZ62: =VLOOKUP($A62,平滑数据导入!$A$1:$AN$61,COLUMN(平滑数据导入!AE$1),0) -> 548156.45 | BA62: =VLOOKUP($A62,平滑数据导入!$A$1:$AN$61,COLUMN(平滑数据导入!AF$1),0) -> 577292.16 | BB62: =VLOOKUP($A62,平滑数据导入!$A$1:$AN$61,COLUMN(平滑数据导入!AG$1),0) -> 606698.1 | BC62: =VLOOKUP($A62,平滑数据导入!$A$1:$AN$61,COLUMN(平滑数据导入!AH$1),0) -> 636268.59 | BD62: =VLOOKUP($A62,平滑数据导入!$A$1:$AN$61,COLUMN(平滑数据导入!AI$1),0) -> 665892.69 | BE62: =VLOOKUP($A62,平滑数据导入!$A$1:$AN$61,COLUMN(平滑数据导入!AJ$1),0) -> 695454.86 | BF62: =VLOOKUP($A62,平滑数据导入!$A$1:$AN$61,COLUMN(平滑数据导入!AK$1),0) -> 724835.74 | BG62: =VLOOKUP($A62,平滑数据导入!$A$1:$AN$61,COLUMN(平滑数据导入!AL$1),0) -> 753913.03 | BH62: =VLOOKUP($A62,平滑数据导入!$A$1:$AN$61,COLUMN(平滑数据导入!AM$1),0) -> 782562.28 | BI62: =VLOOKUP(A62,情景假设!$B$29:$S$42,18,0)/情景假设!S$28*BI$56 -> 810657.89
A63: 租赁和商务服务 | K63: =K$77*'增加值 (2001-2022, 当年价) '!K63 -> 9235.1767 | L63: =L$77*'增加值 (2001-2022, 当年价) '!L63 -> 10775.019 | M63: =M$77*'增加值 (2001-2022, 当年价) '!M63 -> 12532.839 | N63: =N$77*'增加值 (2001-2022, 当年价) '!N63 -> 14545.249 | O63: =O$77*'增加值 (2001-2022, 当年价) '!O63 -> 17233.458 | P63: =P$77*'增加值 (2001-2022, 当年价) '!P63 -> 20168.976 | Q63: =Q$77*'增加值 (2001-2022, 当年价) '!Q63 -> 23659.229 | R63: =R$77*'增加值 (2001-2022, 当年价) '!R63 -> 26634.906 | ... W63: =W$77*'增加值 (2001-2022, 当年价) '!W63 -> 35734.097 | X63: =VLOOKUP($A63,平滑数据导入!$A$1:$AN$61,COLUMN(平滑数据导入!C$1),0) -> 39505.921 | Y63: =VLOOKUP($A63,平滑数据导入!$A$1:$AN$61,COLUMN(平滑数据导入!D$1),0) -> 43634.624 | Z63: =VLOOKUP(A63,情景假设!$B$29:$S$42,14,0)/情景假设!O$28*Z$56 -> 48126.059 | AA63: =VLOOKUP($A63,平滑数据导入!$A$1:$AN$61,COLUMN(平滑数据导入!F$1),0) -> 52978.509 | AB63: =VLOOKUP($A63,平滑数据导入!$A$1:$AN$61,COLUMN(平滑数据导入!G$1),0) -> 58180.826 | AC63: =VLOOKUP($A63,平滑数据导入!$A$1:$AN$61,COLUMN(平滑数据导入!H$1),0) -> 63710.513 | AD63: =VLOOKUP($A63,平滑数据导入!$A$1:$AN$61,COLUMN(平滑数据导入!I$1),0) -> 69531.845 | AE63: =VLOOKUP(A63,情景假设!$B$29:$S$42,15,0)/情景假设!P$28*AE$56 -> 75594.149 | AF63: =VLOOKUP($A63,平滑数据导入!$A$1:$AN$61,COLUMN(平滑数据导入!K$1),0) -> 81844.144 | AG63: =VLOOKUP($A63,平滑数据导入!$A$1:$AN$61,COLUMN(平滑数据导入!L$1),0) -> 88274.802 | AH63: =VLOOKUP($A63,平滑数据导入!$A$1:$AN$61,COLUMN(平滑数据导入!M$1),0) -> 94899.342 | AI63: =VLOOKUP($A63,平滑数据导入!$A$1:$AN$61,COLUMN(平滑数据导入!N$1),0) -> 101740.66 | AJ63: =VLOOKUP(A63,情景假设!$B$29:$S$42,16,0)/情景假设!Q$28*AJ$56 -> 108832.44 | AK63: =VLOOKUP($A63,平滑数据导入!$A$1:$AN$61,COLUMN(平滑数据导入!P$1),0) -> 116209.57 | AL63: =VLOOKUP($A63,平滑数据导入!$A$1:$AN$61,COLUMN(平滑数据导入!Q$1),0) -> 123871.41 | AM63: =VLOOKUP($A63,平滑数据导入!$A$1:$AN$61,COLUMN(平滑数据导入!R$1),0) -> 131804.85 | AN63: =VLOOKUP($A63,平滑数据导入!$A$1:$AN$61,COLUMN(平滑数据导入!S$1),0) -> 139993.68 | AO63: =VLOOKUP($A63,平滑数据导入!$A$1:$AN$61,COLUMN(平滑数据导入!T$1),0) -> 148418.41 | AP63: =VLOOKUP($A63,平滑数据导入!$A$1:$AN$61,COLUMN(平滑数据导入!U$1),0) -> 157056.13 | AQ63: =VLOOKUP($A63,平滑数据导入!$A$1:$AN$61,COLUMN(平滑数据导入!V$1),0) -> 165880.53 | AR63: =VLOOKUP($A63,平滑数据导入!$A$1:$AN$61,COLUMN(平滑数据导入!W$1),0) -> 174861.77 | ... AX63: =VLOOKUP($A63,平滑数据导入!$A$1:$AN$61,COLUMN(平滑数据导入!AC$1),0) -> 229942.81 | AY63: =VLOOKUP(A63,情景假设!$B$29:$S$42,17,0)/情景假设!R$28*AY$56 -> 238906.07 | AZ63: =VLOOKUP($A63,平滑数据导入!$A$1:$AN$61,COLUMN(平滑数据导入!AE$1),0) -> 247672.55 | BA63: =VLOOKUP($A63,平滑数据导入!$A$1:$AN$61,COLUMN(平滑数据导入!AF$1),0) -> 256187.22 | BB63: =VLOOKUP($A63,平滑数据导入!$A$1:$AN$61,COLUMN(平滑数据导入!AG$1),0) -> 264393.94 | BC63: =VLOOKUP($A63,平滑数据导入!$A$1:$AN$61,COLUMN(平滑数据导入!AH$1),0) -> 272235.97 | BD63: =VLOOKUP($A63,平滑数据导入!$A$1:$AN$61,COLUMN(平滑数据导入!AI$1),0) -> 279656.59 | BE63: =VLOOKUP($A63,平滑数据导入!$A$1:$AN$61,COLUMN(平滑数据导入!AJ$1),0) -> 286599.69 | BF63: =VLOOKUP($A63,平滑数据导入!$A$1:$AN$61,COLUMN(平滑数据导入!AK$1),0) -> 293010.38 | BG63: =VLOOKUP($A63,平滑数据导入!$A$1:$AN$61,COLUMN(平滑数据导入!AL$1),0) -> 298835.72 | BH63: =VLOOKUP($A63,平滑数据导入!$A$1:$AN$61,COLUMN(平滑数据导入!AM$1),0) -> 304025.32 | BI63: =VLOOKUP(A63,情景假设!$B$29:$S$42,18,0)/情景假设!S$28*BI$56 -> 308532.05
A64: 科学研究和技术服务 | K64: =K$77*'增加值 (2001-2022, 当年价) '!K64 -> 8223.2228 | L64: =L$77*'增加值 (2001-2022, 当年价) '!L64 -> 9355.5738 | M64: =M$77*'增加值 (2001-2022, 当年价) '!M64 -> 10885.223 | N64: =N$77*'增加值 (2001-2022, 当年价) '!N64 -> 12424.365 | O64: =O$77*'增加值 (2001-2022, 当年价) '!O64 -> 13914.986 | P64: =P$77*'增加值 (2001-2022, 当年价) '!P64 -> 15483.43 | Q64: =Q$77*'增加值 (2001-2022, 当年价) '!Q64 -> 16917.723 | R64: =R$77*'增加值 (2001-2022, 当年价) '!R64 -> 18384.538 | ... W64: =W$77*'增加值 (2001-2022, 当年价) '!W64 -> 26597.511 | X64: =VLOOKUP($A64,平滑数据导入!$A$1:$AN$61,COLUMN(平滑数据导入!C$1),0) -> 29127.494 | Y64: =VLOOKUP($A64,平滑数据导入!$A$1:$AN$61,COLUMN(平滑数据导入!D$1),0) -> 31869.982 | Z64: =VLOOKUP(A64,情景假设!$B$29:$S$42,14,0)/情景假设!O$28*Z$56 -> 34823.852 | AA64: =VLOOKUP($A64,平滑数据导入!$A$1:$AN$61,COLUMN(平滑数据导入!F$1),0) -> 37982.876 | AB64: =VLOOKUP($A64,平滑数据导入!$A$1:$AN$61,COLUMN(平滑数据导入!G$1),0) -> 41334.689 | AC64: =VLOOKUP($A64,平滑数据导入!$A$1:$AN$61,COLUMN(平滑数据导入!H$1),0) -> 44859.769 | AD64: =VLOOKUP($A64,平滑数据导入!$A$1:$AN$61,COLUMN(平滑数据导入!I$1),0) -> 48530.489 | AE64: =VLOOKUP(A64,情景假设!$B$29:$S$42,15,0)/情景假设!P$28*AE$56 -> 52310.312 | AF64: =VLOOKUP($A64,平滑数据导入!$A$1:$AN$61,COLUMN(平滑数据导入!K$1),0) -> 56162.435 | AG64: =VLOOKUP($A64,平滑数据导入!$A$1:$AN$61,COLUMN(平滑数据导入!L$1),0) -> 60082.273 | AH64: =VLOOKUP($A64,平滑数据导入!$A$1:$AN$61,COLUMN(平滑数据导入!M$1),0) -> 64078.99 | AI64: =VLOOKUP($A64,平滑数据导入!$A$1:$AN$61,COLUMN(平滑数据导入!N$1),0) -> 68168.052 | AJ64: =VLOOKUP(A64,情景假设!$B$29:$S$42,16,0)/情景假设!Q$28*AJ$56 -> 72371.755 | AK64: =VLOOKUP($A64,平滑数据导入!$A$1:$AN$61,COLUMN(平滑数据导入!P$1),0) -> 76712.474 | AL64: =VLOOKUP($A64,平滑数据导入!$A$1:$AN$61,COLUMN(平滑数据导入!Q$1),0) -> 81187.977 | AM64: =VLOOKUP($A64,平滑数据导入!$A$1:$AN$61,COLUMN(平滑数据导入!R$1),0) -> 85787.716 | AN64: =VLOOKUP($A64,平滑数据导入!$A$1:$AN$61,COLUMN(平滑数据导入!S$1),0) -> 90499.243 | AO64: =VLOOKUP($A64,平滑数据导入!$A$1:$AN$61,COLUMN(平滑数据导入!T$1),0) -> 95308.151 | AP64: =VLOOKUP($A64,平滑数据导入!$A$1:$AN$61,COLUMN(平滑数据导入!U$1),0) -> 100198.03 | AQ64: =VLOOKUP($A64,平滑数据导入!$A$1:$AN$61,COLUMN(平滑数据导入!V$1),0) -> 105150.47 | AR64: =VLOOKUP($A64,平滑数据导入!$A$1:$AN$61,COLUMN(平滑数据导入!W$1),0) -> 110145.03 | ... AX64: =VLOOKUP($A64,平滑数据导入!$A$1:$AN$61,COLUMN(平滑数据导入!AC$1),0) -> 139615.93 | AY64: =VLOOKUP(A64,情景假设!$B$29:$S$42,17,0)/情景假设!R$28*AY$56 -> 144180.59 | AZ64: =VLOOKUP($A64,平滑数据导入!$A$1:$AN$61,COLUMN(平滑数据导入!AE$1),0) -> 148563.02 | BA64: =VLOOKUP($A64,平滑数据导入!$A$1:$AN$61,COLUMN(平滑数据导入!AF$1),0) -> 152730.41 | BB64: =VLOOKUP($A64,平滑数据导入!$A$1:$AN$61,COLUMN(平滑数据导入!AG$1),0) -> 156649.86 | BC64: =VLOOKUP($A64,平滑数据导入!$A$1:$AN$61,COLUMN(平滑数据导入!AH$1),0) -> 160288.74 | BD64: =VLOOKUP($A64,平滑数据导入!$A$1:$AN$61,COLUMN(平滑数据导入!AI$1),0) -> 163615.08 | BE64: =VLOOKUP($A64,平滑数据导入!$A$1:$AN$61,COLUMN(平滑数据导入!AJ$1),0) -> 166597.98 | BF64: =VLOOKUP($A64,平滑数据导入!$A$1:$AN$61,COLUMN(平滑数据导入!AK$1),0) -> 169208.06 | BG64: =VLOOKUP($A64,平滑数据导入!$A$1:$AN$61,COLUMN(平滑数据导入!AL$1),0) -> 171417.86 | BH64: =VLOOKUP($A64,平滑数据导入!$A$1:$AN$61,COLUMN(平滑数据导入!AM$1),0) -> 173202.28 | BI64: =VLOOKUP(A64,情景假设!$B$29:$S$42,18,0)/情景假设!S$28*BI$56 -> 174538.99
A65: 水利、环境和公共设施管理 | K65: =K$77*'增加值 (2001-2022, 当年价) '!K65 -> 2588.8465 | L65: =L$77*'增加值 (2001-2022, 当年价) '!L65 -> 2943.1056 | M65: =M$77*'增加值 (2001-2022, 当年价) '!M65 -> 3481.8302 | N65: =N$77*'增加值 (2001-2022, 当年价) '!N65 -> 4130.973 | O65: =O$77*'增加值 (2001-2022, 当年价) '!O65 -> 4395.4448 | P65: =P$77*'增加值 (2001-2022, 当年价) '!P65 -> 4603.1518 | Q65: =Q$77*'增加值 (2001-2022, 当年价) '!Q65 -> 4785.5633 | R65: =R$77*'增加值 (2001-2022, 当年价) '!R65 -> 4850.5663 | ... W65: =W$77*'增加值 (2001-2022, 当年价) '!W65 -> 6452.9742 | X65: =VLOOKUP($A65,平滑数据导入!$A$1:$AN$61,COLUMN(平滑数据导入!C$1),0) -> 6880.0377 | Y65: =VLOOKUP($A65,平滑数据导入!$A$1:$AN$61,COLUMN(平滑数据导入!D$1),0) -> 7330.2007 | Z65: =VLOOKUP(A65,情景假设!$B$29:$S$42,14,0)/情景假设!O$28*Z$56 -> 7801.2048 | AA65: =VLOOKUP($A65,平滑数据导入!$A$1:$AN$61,COLUMN(平滑数据导入!F$1),0) -> 8290.0062 | AB65: =VLOOKUP($A65,平滑数据导入!$A$1:$AN$61,COLUMN(平滑数据导入!G$1),0) -> 8792.6949 | AC65: =VLOOKUP($A65,平滑数据导入!$A$1:$AN$61,COLUMN(平滑数据导入!H$1),0) -> 9304.4291 | AD65: =VLOOKUP($A65,平滑数据导入!$A$1:$AN$61,COLUMN(平滑数据导入!I$1),0) -> 9819.393 | AE65: =VLOOKUP(A65,情景假设!$B$29:$S$42,15,0)/情景假设!P$28*AE$56 -> 10330.785 | AF65: =VLOOKUP($A65,平滑数据导入!$A$1:$AN$61,COLUMN(平滑数据导入!K$1),0) -> 10832.504 | AG65: =VLOOKUP($A65,平滑数据导入!$A$1:$AN$61,COLUMN(平滑数据导入!L$1),0) -> 11324.785 | AH65: =VLOOKUP($A65,平滑数据导入!$A$1:$AN$61,COLUMN(平滑数据导入!M$1),0) -> 11810.327 | AI65: =VLOOKUP($A65,平滑数据导入!$A$1:$AN$61,COLUMN(平滑数据导入!N$1),0) -> 12292.773 | AJ65: =VLOOKUP(A65,情景假设!$B$29:$S$42,16,0)/情景假设!Q$28*AJ$56 -> 12776.71 | AK65: =VLOOKUP($A65,平滑数据导入!$A$1:$AN$61,COLUMN(平滑数据导入!P$1),0) -> 13266.318 | AL65: =VLOOKUP($A65,平滑数据导入!$A$1:$AN$61,COLUMN(平滑数据导入!Q$1),0) -> 13760.929 | AM65: =VLOOKUP($A65,平滑数据导入!$A$1:$AN$61,COLUMN(平滑数据导入!R$1),0) -> 14258.397 | AN65: =VLOOKUP($A65,平滑数据导入!$A$1:$AN$61,COLUMN(平滑数据导入!S$1),0) -> 14756.345 | AO65: =VLOOKUP($A65,平滑数据导入!$A$1:$AN$61,COLUMN(平滑数据导入!T$1),0) -> 15252.17 | AP65: =VLOOKUP($A65,平滑数据导入!$A$1:$AN$61,COLUMN(平滑数据导入!U$1),0) -> 15743.047 | AQ65: =VLOOKUP($A65,平滑数据导入!$A$1:$AN$61,COLUMN(平滑数据导入!V$1),0) -> 16225.938 | AR65: =VLOOKUP($A65,平滑数据导入!$A$1:$AN$61,COLUMN(平滑数据导入!W$1),0) -> 16697.609 | ... AX65: =VLOOKUP($A65,平滑数据导入!$A$1:$AN$61,COLUMN(平滑数据导入!AC$1),0) -> 19091.928 | AY65: =VLOOKUP(A65,情景假设!$B$29:$S$42,17,0)/情景假设!R$28*AY$56 -> 19383.245 | AZ65: =VLOOKUP($A65,平滑数据导入!$A$1:$AN$61,COLUMN(平滑数据导入!AE$1),0) -> 19633.749 | BA65: =VLOOKUP($A65,平滑数据导入!$A$1:$AN$61,COLUMN(平滑数据导入!AF$1),0) -> 19839.906 | BB65: =VLOOKUP($A65,平滑数据导入!$A$1:$AN$61,COLUMN(平滑数据导入!AG$1),0) -> 19998.395 | BC65: =VLOOKUP($A65,平滑数据导入!$A$1:$AN$61,COLUMN(平滑数据导入!AH$1),0) -> 20106.175 | BD65: =VLOOKUP($A65,平滑数据导入!$A$1:$AN$61,COLUMN(平滑数据导入!AI$1),0) -> 20160.537 | BE65: =VLOOKUP($A65,平滑数据导入!$A$1:$AN$61,COLUMN(平滑数据导入!AJ$1),0) -> 20159.169 | BF65: =VLOOKUP($A65,平滑数据导入!$A$1:$AN$61,COLUMN(平滑数据导入!AK$1),0) -> 20100.213 | BG65: =VLOOKUP($A65,平滑数据导入!$A$1:$AN$61,COLUMN(平滑数据导入!AL$1),0) -> 19982.312 | BH65: =VLOOKUP($A65,平滑数据导入!$A$1:$AN$61,COLUMN(平滑数据导入!AM$1),0) -> 19804.663 | BI65: =VLOOKUP(A65,情景假设!$B$29:$S$42,18,0)/情景假设!S$28*BI$56 -> 19567.05
A66: 居民服务、修理和其他服务 | K66: =K$77*'增加值 (2001-2022, 当年价) '!K66 -> 8215.2085 | L66: =L$77*'增加值 (2001-2022, 当年价) '!L66 -> 8919.7544 | M66: =M$77*'增加值 (2001-2022, 当年价) '!M66 -> 9471.2873 | N66: =N$77*'增加值 (2001-2022, 当年价) '!N66 -> 9814.5407 | O66: =O$77*'增加值 (2001-2022, 当年价) '!O66 -> 10744.631 | P66: =P$77*'增加值 (2001-2022, 当年价) '!P66 -> 11803.562 | Q66: =Q$77*'增加值 (2001-2022, 当年价) '!Q66 -> 13389.269 | R66: =R$77*'增加值 (2001-2022, 当年价) '!R66 -> 14464.86 | ... W66: =W$77*'增加值 (2001-2022, 当年价) '!W66 -> 17998.461 | X66: =VLOOKUP($A66,平滑数据导入!$A$1:$AN$61,COLUMN(平滑数据导入!C$1),0) -> 19395.294 | Y66: =VLOOKUP($A66,平滑数据导入!$A$1:$AN$61,COLUMN(平滑数据导入!D$1),0) -> 20884.321 | Z66: =VLOOKUP(A66,情景假设!$B$29:$S$42,14,0)/情景假设!O$28*Z$56 -> 22460.694 | AA66: =VLOOKUP($A66,平滑数据导入!$A$1:$AN$61,COLUMN(平滑数据导入!F$1),0) -> 24116.855 | AB66: =VLOOKUP($A66,平滑数据导入!$A$1:$AN$61,COLUMN(平滑数据导入!G$1),0) -> 25842.154 | AC66: =VLOOKUP($A66,平滑数据导入!$A$1:$AN$61,COLUMN(平滑数据导入!H$1),0) -> 27622.509 | AD66: =VLOOKUP($A66,平滑数据导入!$A$1:$AN$61,COLUMN(平滑数据导入!I$1),0) -> 29440.135 | AE66: =VLOOKUP(A66,情景假设!$B$29:$S$42,15,0)/情景假设!P$28*AE$56 -> 31273.36 | AF66: =VLOOKUP($A66,平滑数据导入!$A$1:$AN$61,COLUMN(平滑数据导入!K$1),0) -> 33101.799 | AG66: =VLOOKUP($A66,平滑数据导入!$A$1:$AN$61,COLUMN(平滑数据导入!L$1),0) -> 34924.371 | AH66: =VLOOKUP($A66,平滑数据导入!$A$1:$AN$61,COLUMN(平滑数据导入!M$1),0) -> 36747.818 | AI66: =VLOOKUP($A66,平滑数据导入!$A$1:$AN$61,COLUMN(平滑数据导入!N$1),0) -> 38582.156 | AJ66: =VLOOKUP(A66,情景假设!$B$29:$S$42,16,0)/情景假设!Q$28*AJ$56 -> 40440.768 | AK66: =VLOOKUP($A66,平滑数据导入!$A$1:$AN$61,COLUMN(平滑数据导入!P$1),0) -> 42336.326 | AL66: =VLOOKUP($A66,平滑数据导入!$A$1:$AN$61,COLUMN(平滑数据导入!Q$1),0) -> 44266.806 | AM66: =VLOOKUP($A66,平滑数据导入!$A$1:$AN$61,COLUMN(平滑数据导入!R$1),0) -> 46225.509 | AN66: =VLOOKUP($A66,平滑数据导入!$A$1:$AN$61,COLUMN(平滑数据导入!S$1),0) -> 48204.877 | AO66: =VLOOKUP($A66,平滑数据导入!$A$1:$AN$61,COLUMN(平滑数据导入!T$1),0) -> 50196.48 | AP66: =VLOOKUP($A66,平滑数据导入!$A$1:$AN$61,COLUMN(平滑数据导入!U$1),0) -> 52191.026 | AQ66: =VLOOKUP($A66,平滑数据导入!$A$1:$AN$61,COLUMN(平滑数据导入!V$1),0) -> 54178.369 | AR66: =VLOOKUP($A66,平滑数据导入!$A$1:$AN$61,COLUMN(平滑数据导入!W$1),0) -> 56147.55 | ... AX66: =VLOOKUP($A66,平滑数据导入!$A$1:$AN$61,COLUMN(平滑数据导入!AC$1),0) -> 66880.125 | AY66: =VLOOKUP(A66,情景假设!$B$29:$S$42,17,0)/情景假设!R$28*AY$56 -> 68361.043 | AZ66: =VLOOKUP($A66,平滑数据导入!$A$1:$AN$61,COLUMN(平滑数据导入!AE$1),0) -> 69716.108 | BA66: =VLOOKUP($A66,平滑数据导入!$A$1:$AN$61,COLUMN(平滑数据导入!AF$1),0) -> 70931.263 | BB66: =VLOOKUP($A66,平滑数据导入!$A$1:$AN$61,COLUMN(平滑数据导入!AG$1),0) -> 71992.89 | BC66: =VLOOKUP($A66,平滑数据导入!$A$1:$AN$61,COLUMN(平滑数据导入!AH$1),0) -> 72888.018 | BD66: =VLOOKUP($A66,平滑数据导入!$A$1:$AN$61,COLUMN(平滑数据导入!AI$1),0) -> 73604.532 | BE66: =VLOOKUP($A66,平滑数据导入!$A$1:$AN$61,COLUMN(平滑数据导入!AJ$1),0) -> 74131.383 | BF66: =VLOOKUP($A66,平滑数据导入!$A$1:$AN$61,COLUMN(平滑数据导入!AK$1),0) -> 74458.801 | BG66: =VLOOKUP($A66,平滑数据导入!$A$1:$AN$61,COLUMN(平滑数据导入!AL$1),0) -> 74578.496 | BH66: =VLOOKUP($A66,平滑数据导入!$A$1:$AN$61,COLUMN(平滑数据导入!AM$1),0) -> 74483.849 | BI66: =VLOOKUP(A66,情景假设!$B$29:$S$42,18,0)/情景假设!S$28*BI$56 -> 74170.082
A67: 教育 | K67: =K$77*'增加值 (2001-2022, 当年价) '!K67 -> 15733.18 | L67: =L$77*'增加值 (2001-2022, 当年价) '!L67 -> 17398.155 | M67: =M$77*'增加值 (2001-2022, 当年价) '!M67 -> 19161.405 | N67: =N$77*'增加值 (2001-2022, 当年价) '!N67 -> 21360.323 | O67: =O$77*'增加值 (2001-2022, 当年价) '!O67 -> 23657.484 | P67: =P$77*'增加值 (2001-2022, 当年价) '!P67 -> 27171.708 | Q67: =Q$77*'增加值 (2001-2022, 当年价) '!Q67 -> 29633.545 | R67: =R$77*'增加值 (2001-2022, 当年价) '!R67 -> 31835.886 | ... W67: =W$77*'增加值 (2001-2022, 当年价) '!W67 -> 44125.462 | X67: =VLOOKUP($A67,平滑数据导入!$A$1:$AN$61,COLUMN(平滑数据导入!C$1),0) -> 47682.866 | Y67: =VLOOKUP($A67,平滑数据导入!$A$1:$AN$61,COLUMN(平滑数据导入!D$1),0) -> 51486.138 | Z67: =VLOOKUP(A67,情景假设!$B$29:$S$42,14,0)/情景假设!O$28*Z$56 -> 55524.7 | AA67: =VLOOKUP($A67,平滑数据导入!$A$1:$AN$61,COLUMN(平滑数据导入!F$1),0) -> 59780.99 | AB67: =VLOOKUP($A67,平滑数据导入!$A$1:$AN$61,COLUMN(平滑数据导入!G$1),0) -> 64229.423 | AC67: =VLOOKUP($A67,平滑数据导入!$A$1:$AN$61,COLUMN(平滑数据导入!H$1),0) -> 68835.428 | AD67: =VLOOKUP($A67,平滑数据导入!$A$1:$AN$61,COLUMN(平滑数据导入!I$1),0) -> 73554.651 | AE67: =VLOOKUP(A67,情景假设!$B$29:$S$42,15,0)/情景假设!P$28*AE$56 -> 78332.403 | AF67: =VLOOKUP($A67,平滑数据导入!$A$1:$AN$61,COLUMN(平滑数据导入!K$1),0) -> 83116.614 | AG67: =VLOOKUP($A67,平滑数据导入!$A$1:$AN$61,COLUMN(平滑数据导入!L$1),0) -> 87903.602 | AH67: =VLOOKUP($A67,平滑数据导入!$A$1:$AN$61,COLUMN(平滑数据导入!M$1),0) -> 92709.479 | AI67: =VLOOKUP($A67,平滑数据导入!$A$1:$AN$61,COLUMN(平滑数据导入!N$1),0) -> 97558.8 | AJ67: =VLOOKUP(A67,情景假设!$B$29:$S$42,16,0)/情景假设!Q$28*AJ$56 -> 102484.88 | AK67: =VLOOKUP($A67,平滑数据导入!$A$1:$AN$61,COLUMN(平滑数据导入!P$1),0) -> 107519.59 | AL67: =VLOOKUP($A67,平滑数据导入!$A$1:$AN$61,COLUMN(平滑数据导入!Q$1),0) -> 112657.96 | AM67: =VLOOKUP($A67,平滑数据导入!$A$1:$AN$61,COLUMN(平滑数据导入!R$1),0) -> 117883.21 | AN67: =VLOOKUP($A67,平滑数据导入!$A$1:$AN$61,COLUMN(平滑数据导入!S$1),0) -> 123176.28 | AO67: =VLOOKUP($A67,平滑数据导入!$A$1:$AN$61,COLUMN(平滑数据导入!T$1),0) -> 128515.79 | AP67: =VLOOKUP($A67,平滑数据导入!$A$1:$AN$61,COLUMN(平滑数据导入!U$1),0) -> 133878.08 | AQ67: =VLOOKUP($A67,平滑数据导入!$A$1:$AN$61,COLUMN(平滑数据导入!V$1),0) -> 139237.2 | AR67: =VLOOKUP($A67,平滑数据导入!$A$1:$AN$61,COLUMN(平滑数据导入!W$1),0) -> 144565 | ... AX67: =VLOOKUP($A67,平滑数据导入!$A$1:$AN$61,COLUMN(平滑数据导入!AC$1),0) -> 174057.64 | AY67: =VLOOKUP(A67,情景假设!$B$29:$S$42,17,0)/情景假设!R$28*AY$56 -> 178227.6 | AZ67: =VLOOKUP($A67,平滑数据导入!$A$1:$AN$61,COLUMN(平滑数据导入!AE$1),0) -> 182084.51 | BA67: =VLOOKUP($A67,平滑数据导入!$A$1:$AN$61,COLUMN(平滑数据导入!AF$1),0) -> 185590.83 | BB67: =VLOOKUP($A67,平滑数据导入!$A$1:$AN$61,COLUMN(平滑数据导入!AG$1),0) -> 188709.92 | BC67: =VLOOKUP($A67,平滑数据导入!$A$1:$AN$61,COLUMN(平滑数据导入!AH$1),0) -> 191406.6 | BD67: =VLOOKUP($A67,平滑数据导入!$A$1:$AN$61,COLUMN(平滑数据导入!AI$1),0) -> 193647.7 | BE67: =VLOOKUP($A67,平滑数据导入!$A$1:$AN$61,COLUMN(平滑数据导入!AJ$1),0) -> 195402.57 | BF67: =VLOOKUP($A67,平滑数据导入!$A$1:$AN$61,COLUMN(平滑数据导入!AK$1),0) -> 196643.67 | BG67: =VLOOKUP($A67,平滑数据导入!$A$1:$AN$61,COLUMN(平滑数据导入!AL$1),0) -> 197347.07 | BH67: =VLOOKUP($A67,平滑数据导入!$A$1:$AN$61,COLUMN(平滑数据导入!AM$1),0) -> 197493 | BI67: =VLOOKUP(A67,情景假设!$B$29:$S$42,18,0)/情景假设!S$28*BI$56 -> 197066.26
A68: 卫生和社会工作 | K68: =K$77*'增加值 (2001-2022, 当年价) '!K68 -> 7491.8936 | L68: =L$77*'增加值 (2001-2022, 当年价) '!L68 -> 8747.9466 | M68: =M$77*'增加值 (2001-2022, 当年价) '!M68 -> 10373.084 | N68: =N$77*'增加值 (2001-2022, 当年价) '!N68 -> 12436.989 | O68: =O$77*'增加值 (2001-2022, 当年价) '!O68 -> 14112.736 | P68: =P$77*'增加值 (2001-2022, 当年价) '!P68 -> 16462.573 | Q68: =Q$77*'增加值 (2001-2022, 当年价) '!Q68 -> 18426.166 | R68: =R$77*'增加值 (2001-2022, 当年价) '!R68 -> 19548.122 | ... W68: =W$77*'增加值 (2001-2022, 当年价) '!W68 -> 26850.541 | X68: =VLOOKUP($A68,平滑数据导入!$A$1:$AN$61,COLUMN(平滑数据导入!C$1),0) -> 28544.837 | Y68: =VLOOKUP($A68,平滑数据导入!$A$1:$AN$61,COLUMN(平滑数据导入!D$1),0) -> 30325.277 | Z68: =VLOOKUP(A68,情景假设!$B$29:$S$42,14,0)/情景假设!O$28*Z$56 -> 32182.087 | AA68: =VLOOKUP($A68,平滑数据导入!$A$1:$AN$61,COLUMN(平滑数据导入!F$1),0) -> 34102.435 | AB68: =VLOOKUP($A68,平滑数据导入!$A$1:$AN$61,COLUMN(平滑数据导入!G$1),0) -> 36070.144 | AC68: =VLOOKUP($A68,平滑数据导入!$A$1:$AN$61,COLUMN(平滑数据导入!H$1),0) -> 38065.469 | AD68: =VLOOKUP($A68,平滑数据导入!$A$1:$AN$61,COLUMN(平滑数据导入!I$1),0) -> 40064.974 | AE68: =VLOOKUP(A68,情景假设!$B$29:$S$42,15,0)/情景假设!P$28*AE$56 -> 42041.523 | AF68: =VLOOKUP($A68,平滑数据导入!$A$1:$AN$61,COLUMN(平滑数据导入!K$1),0) -> 43971.103 | AG68: =VLOOKUP($A68,平滑数据导入!$A$1:$AN$61,COLUMN(平滑数据导入!L$1),0) -> 45855.423 | AH68: =VLOOKUP($A68,平滑数据导入!$A$1:$AN$61,COLUMN(平滑数据导入!M$1),0) -> 47706.047 | AI68: =VLOOKUP($A68,平滑数据导入!$A$1:$AN$61,COLUMN(平滑数据导入!N$1),0) -> 49538.236 | AJ68: =VLOOKUP(A68,情景假设!$B$29:$S$42,16,0)/情景假设!Q$28*AJ$56 -> 51370.878 | AK68: =VLOOKUP($A68,平滑数据导入!$A$1:$AN$61,COLUMN(平滑数据导入!P$1),0) -> 53221.019 | AL68: =VLOOKUP($A68,平滑数据导入!$A$1:$AN$61,COLUMN(平滑数据导入!Q$1),0) -> 55085.995 | AM68: =VLOOKUP($A68,平滑数据导入!$A$1:$AN$61,COLUMN(平滑数据导入!R$1),0) -> 56957.182 | AN68: =VLOOKUP($A68,平滑数据导入!$A$1:$AN$61,COLUMN(平滑数据导入!S$1),0) -> 58825.086 | AO68: =VLOOKUP($A68,平滑数据导入!$A$1:$AN$61,COLUMN(平滑数据导入!T$1),0) -> 60679.347 | AP68: =VLOOKUP($A68,平滑数据导入!$A$1:$AN$61,COLUMN(平滑数据导入!U$1),0) -> 62508.771 | AQ68: =VLOOKUP($A68,平滑数据导入!$A$1:$AN$61,COLUMN(平滑数据导入!V$1),0) -> 64301.372 | AR68: =VLOOKUP($A68,平滑数据导入!$A$1:$AN$61,COLUMN(平滑数据导入!W$1),0) -> 66044.434 | ... AX68: =VLOOKUP($A68,平滑数据导入!$A$1:$AN$61,COLUMN(平滑数据导入!AC$1),0) -> 74683.007 | AY68: =VLOOKUP(A68,情景假设!$B$29:$S$42,17,0)/情景假设!R$28*AY$56 -> 75684.016 | AZ68: =VLOOKUP($A68,平滑数据导入!$A$1:$AN$61,COLUMN(平滑数据导入!AE$1),0) -> 76521.433 | BA68: =VLOOKUP($A68,平滑数据导入!$A$1:$AN$61,COLUMN(平滑数据导入!AF$1),0) -> 77182.004 | BB68: =VLOOKUP($A68,平滑数据导入!$A$1:$AN$61,COLUMN(平滑数据导入!AG$1),0) -> 77653.41 | BC68: =VLOOKUP($A68,平滑数据导入!$A$1:$AN$61,COLUMN(平滑数据导入!AH$1),0) -> 77924.497 | BD68: =VLOOKUP($A68,平滑数据导入!$A$1:$AN$61,COLUMN(平滑数据导入!AI$1),0) -> 77985.519 | BE68: =VLOOKUP($A68,平滑数据导入!$A$1:$AN$61,COLUMN(平滑数据导入!AJ$1),0) -> 77828.362 | BF68: =VLOOKUP($A68,平滑数据导入!$A$1:$AN$61,COLUMN(平滑数据导入!AK$1),0) -> 77446.76 | BG68: =VLOOKUP($A68,平滑数据导入!$A$1:$AN$61,COLUMN(平滑数据导入!AL$1),0) -> 76836.496 | BH68: =VLOOKUP($A68,平滑数据导入!$A$1:$AN$61,COLUMN(平滑数据导入!AM$1),0) -> 75995.565 | BI68: =VLOOKUP(A68,情景假设!$B$29:$S$42,18,0)/情景假设!S$28*BI$56 -> 74924.325
A69: 文化、体育和娱乐 | K69: =K$77*'增加值 (2001-2022, 当年价) '!K69 -> 3597.1114 | L69: =L$77*'增加值 (2001-2022, 当年价) '!L69 -> 3916.4866 | M69: =M$77*'增加值 (2001-2022, 当年价) '!M69 -> 4326.1858 | N69: =N$77*'增加值 (2001-2022, 当年价) '!N69 -> 4663.8708 | O69: =O$77*'增加值 (2001-2022, 当年价) '!O69 -> 4997.5055 | P69: =P$77*'增加值 (2001-2022, 当年价) '!P69 -> 5645.8461 | Q69: =Q$77*'增加值 (2001-2022, 当年价) '!Q69 -> 6132.0181 | R69: =R$77*'增加值 (2001-2022, 当年价) '!R69 -> 6982.3453 | ... W69: =W$77*'增加值 (2001-2022, 当年价) '!W69 -> 7683.564 | X69: =VLOOKUP($A69,平滑数据导入!$A$1:$AN$61,COLUMN(平滑数据导入!C$1),0) -> 8301.5866 | Y69: =VLOOKUP($A69,平滑数据导入!$A$1:$AN$61,COLUMN(平滑数据导入!D$1),0) -> 8979.2587 | Z69: =VLOOKUP(A69,情景假设!$B$29:$S$42,14,0)/情景假设!O$28*Z$56 -> 9715.6073 | AA69: =VLOOKUP($A69,平滑数据导入!$A$1:$AN$61,COLUMN(平滑数据导入!F$1),0) -> 10507.965 | AB69: =VLOOKUP($A69,平滑数据导入!$A$1:$AN$61,COLUMN(平滑数据导入!G$1),0) -> 11351.56 | AC69: =VLOOKUP($A69,平滑数据导入!$A$1:$AN$61,COLUMN(平滑数据导入!H$1),0) -> 12239.11 | AD69: =VLOOKUP($A69,平滑数据导入!$A$1:$AN$61,COLUMN(平滑数据导入!I$1),0) -> 13160.446 | AE69: =VLOOKUP(A69,情景假设!$B$29:$S$42,15,0)/情景假设!P$28*AE$56 -> 14102.202 | AF69: =VLOOKUP($A69,平滑数据导入!$A$1:$AN$61,COLUMN(平滑数据导入!K$1),0) -> 15050.558 | AG69: =VLOOKUP($A69,平滑数据导入!$A$1:$AN$61,COLUMN(平滑数据导入!L$1),0) -> 16001.473 | AH69: =VLOOKUP($A69,平滑数据导入!$A$1:$AN$61,COLUMN(平滑数据导入!M$1),0) -> 16954.543 | AI69: =VLOOKUP($A69,平滑数据导入!$A$1:$AN$61,COLUMN(平滑数据导入!N$1),0) -> 17910.514 | AJ69: =VLOOKUP(A69,情景假设!$B$29:$S$42,16,0)/情景假设!Q$28*AJ$56 -> 18871.346 | AK69: =VLOOKUP($A69,平滑数据导入!$A$1:$AN$61,COLUMN(平滑数据导入!P$1),0) -> 19838.935 | AL69: =VLOOKUP($A69,平滑数据导入!$A$1:$AN$61,COLUMN(平滑数据导入!Q$1),0) -> 20810.623 | AM69: =VLOOKUP($A69,平滑数据导入!$A$1:$AN$61,COLUMN(平滑数据导入!R$1),0) -> 21782.331 | AN69: =VLOOKUP($A69,平滑数据导入!$A$1:$AN$61,COLUMN(平滑数据导入!S$1),0) -> 22749.796 | AO69: =VLOOKUP($A69,平滑数据导入!$A$1:$AN$61,COLUMN(平滑数据导入!T$1),0) -> 23708.596 | AP69: =VLOOKUP($A69,平滑数据导入!$A$1:$AN$61,COLUMN(平滑数据导入!U$1),0) -> 24654.185 | AQ69: =VLOOKUP($A69,平滑数据导入!$A$1:$AN$61,COLUMN(平滑数据导入!V$1),0) -> 25581.928 | AR69: =VLOOKUP($A69,平滑数据导入!$A$1:$AN$61,COLUMN(平滑数据导入!W$1),0) -> 26487.136 | ... AX69: =VLOOKUP($A69,平滑数据导入!$A$1:$AN$61,COLUMN(平滑数据导入!AC$1),0) -> 31186.039 | AY69: =VLOOKUP(A69,情景假设!$B$29:$S$42,17,0)/情景假设!R$28*AY$56 -> 31806.25 | AZ69: =VLOOKUP($A69,平滑数据导入!$A$1:$AN$61,COLUMN(平滑数据导入!AE$1),0) -> 32369.375 | BA69: =VLOOKUP($A69,平滑数据导入!$A$1:$AN$61,COLUMN(平滑数据导入!AF$1),0) -> 32872.071 | BB69: =VLOOKUP($A69,平滑数据导入!$A$1:$AN$61,COLUMN(平滑数据导入!AG$1),0) -> 33311.336 | BC69: =VLOOKUP($A69,平滑数据导入!$A$1:$AN$61,COLUMN(平滑数据导入!AH$1),0) -> 33684.537 | BD69: =VLOOKUP($A69,平滑数据导入!$A$1:$AN$61,COLUMN(平滑数据导入!AI$1),0) -> 33989.435 | BE69: =VLOOKUP($A69,平滑数据导入!$A$1:$AN$61,COLUMN(平滑数据导入!AJ$1),0) -> 34224.214 | BF69: =VLOOKUP($A69,平滑数据导入!$A$1:$AN$61,COLUMN(平滑数据导入!AK$1),0) -> 34387.49 | BG69: =VLOOKUP($A69,平滑数据导入!$A$1:$AN$61,COLUMN(平滑数据导入!AL$1),0) -> 34478.333 | BH69: =VLOOKUP($A69,平滑数据导入!$A$1:$AN$61,COLUMN(平滑数据导入!AM$1),0) -> 34496.27 | BI69: =VLOOKUP(A69,情景假设!$B$29:$S$42,18,0)/情景假设!S$28*BI$56 -> 34441.291
A70: 公共管理、社会保障和社会组织 | K70: =K$77*'增加值 (2001-2022, 当年价) '!K70 -> 20738.631 | L70: =L$77*'增加值 (2001-2022, 当年价) '!L70 -> 21289.324 | M70: =M$77*'增加值 (2001-2022, 当年价) '!M70 -> 23139.718 | N70: =N$77*'增加值 (2001-2022, 当年价) '!N70 -> 24450.41 | O70: =O$77*'增加值 (2001-2022, 当年价) '!O70 -> 27104.109 | P70: =P$77*'增加值 (2001-2022, 当年价) '!P70 -> 31717.663 | Q70: =Q$77*'增加值 (2001-2022, 当年价) '!Q70 -> 37197.628 | R70: =R$77*'增加值 (2001-2022, 当年价) '!R70 -> 40941.79 | ... W70: =W$77*'增加值 (2001-2022, 当年价) '!W70 -> 54218.037 | X70: =VLOOKUP($A70,平滑数据导入!$A$1:$AN$61,COLUMN(平滑数据导入!C$1),0) -> 58654.101 | Y70: =VLOOKUP($A70,平滑数据导入!$A$1:$AN$61,COLUMN(平滑数据导入!D$1),0) -> 63402.246 | Z70: =VLOOKUP(A70,情景假设!$B$29:$S$42,14,0)/情景假设!O$28*Z$56 -> 68450.169 | AA70: =VLOOKUP($A70,平滑数据导入!$A$1:$AN$61,COLUMN(平滑数据导入!F$1),0) -> 73776.823 | AB70: =VLOOKUP($A70,平滑数据导入!$A$1:$AN$61,COLUMN(平滑数据导入!G$1),0) -> 79351.084 | AC70: =VLOOKUP($A70,平滑数据导入!$A$1:$AN$61,COLUMN(平滑数据导入!H$1),0) -> 85130.504 | AD70: =VLOOKUP($A70,平滑数据导入!$A$1:$AN$61,COLUMN(平滑数据导入!I$1),0) -> 91060.264 | AE70: =VLOOKUP(A70,情景假设!$B$29:$S$42,15,0)/情景假设!P$28*AE$56 -> 97072.432 | AF70: =VLOOKUP($A70,平滑数据导入!$A$1:$AN$61,COLUMN(平滑数据导入!K$1),0) -> 103102.03 | AG70: =VLOOKUP($A70,平滑数据导入!$A$1:$AN$61,COLUMN(平滑数据导入!L$1),0) -> 109144.04 | AH70: =VLOOKUP($A70,平滑数据导入!$A$1:$AN$61,COLUMN(平滑数据导入!M$1),0) -> 115218.08 | AI70: =VLOOKUP($A70,平滑数据导入!$A$1:$AN$61,COLUMN(平滑数据导入!N$1),0) -> 121354.35 | AJ70: =VLOOKUP(A70,情景假设!$B$29:$S$42,16,0)/情景假设!Q$28*AJ$56 -> 127594.04 | AK70: =VLOOKUP($A70,平滑数据导入!$A$1:$AN$61,COLUMN(平滑数据导入!P$1),0) -> 133976.73 | AL70: =VLOOKUP($A70,平滑数据导入!$A$1:$AN$61,COLUMN(平滑数据导入!Q$1),0) -> 140496.36 | AM70: =VLOOKUP($A70,平滑数据导入!$A$1:$AN$61,COLUMN(平滑数据导入!R$1),0) -> 147132.13 | AN70: =VLOOKUP($A70,平滑数据导入!$A$1:$AN$61,COLUMN(平滑数据导入!S$1),0) -> 153860.37 | AO70: =VLOOKUP($A70,平滑数据导入!$A$1:$AN$61,COLUMN(平滑数据导入!T$1),0) -> 160654.51 | AP70: =VLOOKUP($A70,平滑数据导入!$A$1:$AN$61,COLUMN(平滑数据导入!U$1),0) -> 167485.02 | AQ70: =VLOOKUP($A70,平滑数据导入!$A$1:$AN$61,COLUMN(平滑数据导入!V$1),0) -> 174319.53 | AR70: =VLOOKUP($A70,平滑数据导入!$A$1:$AN$61,COLUMN(平滑数据导入!W$1),0) -> 181122.81 | ... AX70: =VLOOKUP($A70,平滑数据导入!$A$1:$AN$61,COLUMN(平滑数据导入!AC$1),0) -> 219006.53 | AY70: =VLOOKUP(A70,情景假设!$B$29:$S$42,17,0)/情景假设!R$28*AY$56 -> 224411.52 | AZ70: =VLOOKUP($A70,平滑数据导入!$A$1:$AN$61,COLUMN(平滑数据导入!AE$1),0) -> 229430.28 | BA70: =VLOOKUP($A70,平滑数据导入!$A$1:$AN$61,COLUMN(平滑数据导入!AF$1),0) -> 234015.11 | BB70: =VLOOKUP($A70,平滑数据导入!$A$1:$AN$61,COLUMN(平滑数据导入!AG$1),0) -> 238119.35 | BC70: =VLOOKUP($A70,平滑数据导入!$A$1:$AN$61,COLUMN(平滑数据导入!AH$1),0) -> 241698.07 | BD70: =VLOOKUP($A70,平滑数据导入!$A$1:$AN$61,COLUMN(平滑数据导入!AI$1),0) -> 244708.7 | BE70: =VLOOKUP($A70,平滑数据导入!$A$1:$AN$61,COLUMN(平滑数据导入!AJ$1),0) -> 247111.79 | BF70: =VLOOKUP($A70,平滑数据导入!$A$1:$AN$61,COLUMN(平滑数据导入!AK$1),0) -> 248871.62 | BG70: =VLOOKUP($A70,平滑数据导入!$A$1:$AN$61,COLUMN(平滑数据导入!AL$1),0) -> 249956.94 | BH70: =VLOOKUP($A70,平滑数据导入!$A$1:$AN$61,COLUMN(平滑数据导入!AM$1),0) -> 250341.59 | BI70: =VLOOKUP(A70,情景假设!$B$29:$S$42,18,0)/情景假设!S$28*BI$56 -> 250005.1
A74: GDP指数（上年=1） | B74: 1.083 | C74: 1.091 | D74: 1.1 | E74: 1.101 | F74: 1.114 | G74: 1.127 | H74: 1.142 | I74: 1.097 | J74: 1.094 | K74: 1.106 | L74: 1.096 | M74: 1.079 | N74: 1.078 | O74: 1.074 | P74: 1.07 | Q74: 1.068 | R74: 1.069 | S74: 1.067 | T74: 1.06 | U74: 1.022 | V74: 1.084 | W74: 1.03
A75: GDP指数（2020年=1） | B75: =C75/C74 -> 0.20569891 | C75: =D75/D74 -> 0.22441752 | D75: =E75/E74 -> 0.24685927 | E75: =F75/F74 -> 0.27179205 | F75: =G75/G74 -> 0.30277635 | G75: =H75/H74 -> 0.34122894 | H75: =I75/I74 -> 0.38968345 | I75: =J75/J74 -> 0.42748275 | ... T75: =U75/U74 -> 0.97847358 | U75: 1 | V75: =U75*V74 -> 1.084 | W75: =V75*W74 -> 1.11652
A76: GDP（2020年不变价人民币） | B76: =$U$76*B75 -> 208489.63 | C76: =$U$76*C75 -> 227462.19 | D76: =$U$76*D75 -> 250208.41 | E76: =$U$76*E75 -> 275479.46 | F76: =$U$76*F75 -> 306884.11 | G76: =$U$76*G75 -> 345858.4 | H76: =$U$76*H75 -> 394970.29 | I76: =$U$76*I75 -> 433282.41 | ... T76: =$U$76*T75 -> 991748.53 | U76: ='增加值 (2001-2022, 当年价) '!U2 -> 1013567 | V76: =$U$76*V75 -> 1098706.6 | W76: =$U$76*W75 -> 1131667.8
A77: 折算系数（不变价/当年价) | B77: =B76/'增加值 (2001-2022, 当年价) '!B2 -> 1.8806044 | C77: =C76/'增加值 (2001-2022, 当年价) '!C2 -> 1.868773 | D77: =D76/'增加值 (2001-2022, 当年价) '!D2 -> 1.8207304 | E77: =E76/'增加值 (2001-2022, 当年价) '!E2 -> 1.7021695 | F77: =F76/'增加值 (2001-2022, 当年价) '!F2 -> 1.6382977 | G77: =G76/'增加值 (2001-2022, 当年价) '!G2 -> 1.5761063 | H77: =H76/'增加值 (2001-2022, 当年价) '!H2 -> 1.462353 | I77: =I76/'增加值 (2001-2022, 当年价) '!I2 -> 1.3572114 | ... W77: =W76/'增加值 (2001-2022, 当年价) '!W2 -> 0.93510254

Sheet 增加值 (2001-2022, 当年价) 
A1: 全国 | B1: 2001 | C1: 2002 | D1: 2003 | E1: 2004 | F1: 2005 | G1: 2006 | H1: 2007 | I1: 2008 | J1: 2009 | K1: 2010 | L1: 2011 | M1: 2012 | N1: 2013 | O1: 2014 | P1: 2015 | Q1: 2016 | R1: 2017 | S1: 2018 | T1: 2019 | U1: 2020 | V1: 2021 | W1: 2022
A2: 地区生产总值 | B2: 110863.1 | C2: 121717.4 | D2: 137422 | E2: 161840.2 | F2: 187318.9 | G2: 219438.5 | H2: 270092.3 | I2: 319244.6 | J2: 348517.7 | K2: 412119.3 | L2: 487940.2 | M2: 538580 | N2: 592963.2 | O2: 643563.1 | P2: 688858.2 | Q2: 746395.1 | R2: 832035.9 | S2: 919281.1 | T2: 986515.2 | U2: 1013567 | V2: 1149237 | W2: 1210207.2
A3: 农业 | B3: 15780 | C3: 16535.7 | D3: 17380.6 | E3: 21410.7 | F3: 22416.2 | G3: 24036.4 | H3: 28483.7 | I3: 33428.1 | J3: 34659.7 | K3: 39619 | L3: 46122.6 | M3: 50581.2 | N3: 54692.4 | O3: 57472.2 | P3: 59852.6 | Q3: 62451 | R3: 64660 | S3: 67558.7 | T3: 73576.9 | U3: 81396.5 | V3: 86775 | W3: 92582.4 | Y3: =U3/U$2 -> 0.080306975 | Z3: =V3/V$2 -> 0.075506619 | AA3: =W3/W$2 -> 0.07650128
A4: 工业 | B4: 43854.3 | C4: 47774.9 | D4: 55362.2 | E4: 65774.9 | F4: 77958.3 | G4: 92235.8 | H4: 111690.8 | I4: 131724 | J4: 138092.6 | K4: 165123.1 | L4: 195139.1 | M4: 208901.4 | N4: 222333.2 | O4: 233197.4 | P4: 234968.9 | Q4: 245406.4 | R4: 275119.3 | S4: 301089.3 | T4: 311858.7 | U4: 312902.9 | V4: 372575.3 | W4: 401644.3 | Y4: =U4/U$2 -> 0.30871457 | Z4: =V4/V$2 -> 0.32419362 | AA4: =W4/W$2 -> 0.33188061
A5: 建筑业 | B5: 5945.5 | C5: 6482.1 | D5: 7510.8 | E5: 8720.5 | F5: 10400.5 | G5: 12450.1 | H5: 15348 | I5: 18807.6 | J5: 22681.5 | K5: 27259.3 | L5: 32926.5 | M5: 36896.1 | N5: 40896.8 | O5: 45401.7 | P5: 47761.3 | Q5: 51498.9 | R5: 57905.6 | S5: 65493 | T5: 70648.1 | U5: 72444.7 | V5: 80138.5 | W5: 83383.1 | Y5: =U5/U$2 -> 0.071474999 | Z5: =V5/V$2 -> 0.069731918 | AA5: =W5/W$2 -> 0.068899855
A6: 交运仓邮 | B6: 6871.3 | C6: 7494.3 | D6: 7914.8 | E6: 9306.5 | F6: 10668.8 | G6: 12186.3 | H6: 14605.1 | I6: 16367.6 | J6: 16522.4 | K6: 18783.6 | L6: 21842 | M6: 23763.2 | N6: 26042.7 | O6: 28534.4 | P6: 30519.5 | Q6: 33028.7 | R6: 37121.9 | S6: 40337.2 | T6: 42466.3 | U6: 40582.9 | V6: 47061.2 | W6: 49673.7 | Y6: =1-SUM(Y3:Y5) -> 0.53950346 | Z6: =1-SUM(Z3:Z5) -> 0.53056785 | AA6: =1-SUM(AA3:AA5) -> 0.52271826
A7: 批发零售 | B7: 9120.8 | C7: 9996.8 | D7: 11171.2 | E7: 12455.8 | F7: 13968.5 | G7: 16533.4 | H7: 20941.1 | I7: 26186.2 | J7: 29004.6 | K7: 35907.9 | L7: 43734.5 | M7: 49835.5 | N7: 56288.9 | O7: 63170.4 | P7: 67719.6 | Q7: 73724.5 | R7: 81156.6 | S7: 88903.7 | T7: 95650.9 | U7: 96086.1 | V7: 110492.7 | W7: 114517.7
A8: 餐饮住宿 | B8: 2400.1 | C8: 2724.8 | D8: 3126.1 | E8: 3664.8 | F8: 4195.7 | G8: 4792.6 | H8: 5548.1 | I8: 6616.1 | J8: 6957 | K8: 7712 | L8: 8565.4 | M8: 9536.9 | N8: 10228.3 | O8: 11228.7 | P8: 12306.1 | Q8: 13607.8 | R8: 15056 | S8: 16520.6 | T8: 17903.1 | U8: 15285.4 | V8: 17852.6 | W8: 17855.3
A9: 金融业 | B9: 5202.8 | C9: 5555.8 | D9: 6045.7 | E9: 6600.2 | F9: 7486 | G9: 9972.3 | H9: 15200 | I9: 18345.6 | J9: 21836.8 | K9: 25733.1 | L9: 30747.2 | M9: 35272.2 | N9: 41293.4 | O9: 46853.4 | P9: 56299.8 | Q9: 59964 | R9: 64844.3 | S9: 70610.3 | T9: 76250.6 | U9: 83617.7 | V9: 91205.6 | W9: 96811
A10: 房地产 | B10: 4705.8 | C10: 5334.5 | D10: 6157 | E10: 7152.1 | F10: 8482.7 | G10: 10320.9 | H10: 13714 | I10: 14600.3 | J10: 18760.5 | K10: 23326.6 | L10: 27780.7 | M10: 30751.9 | N10: 35340.4 | O10: 38086.4 | P10: 42573.8 | Q10: 49969.4 | R10: 57086 | S10: 64623 | T10: 70444.8 | U10: 73425.3 | V10: 77560.8 | W10: 73821.3
A11: 其他三产 | B11: 16982.6 | C11: 19818.6 | D11: 22753.8 | E11: 26754.6 | F11: 31742.1 | G11: 36910.8 | H11: 44561.5 | I11: 53169.3 | J11: 60002.6 | K11: 68654.7 | L11: 81082.2 | M11: 93041.6 | N11: 105847.3 | O11: 119618.5 | P11: 136856.5 | Q11: 156744.3 | R11: 179086.3 | S11: 204145.2 | T11: 227715.8 | U11: 237825.3 | V11: 260008 | W11: 279918.4
A13: 工业 | B13: =B4 -> 43854.3 | C13: =C4 -> 47774.9 | D13: =D4 -> 55362.2 | E13: =E4 -> 65774.9 | F13: =F4 -> 77958.3 | G13: =G4 -> 92235.8 | H13: =H4 -> 111690.8 | I13: =I4 -> 131724 | ... W13: =W4 -> 401644.3
A14: 煤炭开采和洗选业 | I14: 8602.7065 | J14: 8813.1098 | K14: 10724.333 | L14: 12979.901 | M14: 13879.377 | N14: 14233.428 | O14: 14134.746 | P14: 13669.4 | Q14: 13330.672 | R14: 13775.299 | S14: 14515.154 | T14: 14947.753 | U14: 14783.756 | V14: 17179.352 | W14: 19251.43
A15: 石油和天然气开采业 | I15: 9050.3069 | J15: 8972.0195 | K15: 9296.8166 | L15: 10142.371 | M15: 10193.315 | N15: 10117.091 | O15: 10144.967 | P15: 10032.417 | Q15: 9922.8734 | R15: 10190.995 | S15: 10717.327 | T15: 10848.434 | U15: 10602.811 | V15: 11997.593 | W15: 13158.089
A16: 黑色金属矿采选业 | I16: 1505.3011 | J16: 1784.1858 | K16: 2234.0912 | L16: 2782.8171 | M16: 3268.3475 | N16: 3646.621 | O16: 3907.5127 | P16: 3801.1193 | Q16: 3665.5304 | R16: 3760.7061 | S16: 3695.1495 | T16: 3862.9873 | U16: 3696.6327 | V16: 4162.789 | W16: 4885.3719
A17: 有色金属矿采选业 | I17: 965.80073 | J17: 1094.4854 | K17: 1263.6543 | L17: 1515.0005 | M17: 1701.1332 | N17: 1807.2449 | O17: 1880.5112 | P17: 1861.4333 | Q17: 1889.0251 | R17: 1922.1224 | S17: 2011.4851 | T17: 2022.3477 | U17: 1962.7921 | V17: 2101.287 | W17: 2295.8098
A18: 非金属矿采选业 | I18: 545.80041 | J18: 620.58882 | K18: 804.14071 | L18: 1031.699 | M18: 1107.2122 | N18: 1203.1325 | O18: 1256.5705 | P18: 1271.251 | Q18: 1312.7499 | R18: 1380.0907 | S18: 1442.8305 | T18: 1411.1878 | U18: 1364.1406 | V18: 1597.0744 | W18: 1638.7658
A19: 开采专业及辅助性活动 | I19: 458.50035 | J19: 521.25416 | K19: 626.26618 | L19: 762.31779 | M19: 847.80977 | N19: 864.50138 | O19: 809.92873 | P19: 677.1891 | Q19: 573.24786 | R19: 725.48414 | S19: 926.76357 | T19: 1100.9341 | U19: 935.75183 | V19: 1076.1732 | W19: 1223.8581
A20: 其他采矿业 | I20: 3.1000024 | J20: 4.1845775 | K20: 5.2441173 | L20: 6.684567 | M20: 6.8678689 | N20: 7.5028272 | O20: 7.0510098 | P20: 6.8523339 | Q20: 6.017672 | R20: 7.2600739 | S20: 7.7098865 | T20: 7.8117284 | U20: 7.680442 | V20: 7.461199 | W20: 9.9031708
A21: 农副食品加工业 | I21: 4457.8034 | J21: 4887.3109 | K21: 5835.5436 | L21: 6911.4549 | M21: 7646.172 | N21: 8115.6992 | O21: 8468.3011 | P21: 8478.8312 | Q21: 8906.7189 | R21: 10040.499 | S21: 10962.787 | T21: 10904.279 | U21: 10445.305 | V21: 12251.644 | W21: 12813.23
A22: 食品制造业 | I22: 2093.0016 | J22: 2259.0239 | K22: 2702.0091 | L22: 3284.3257 | M22: 3575.8911 | N22: 3816.2914 | O22: 4015.3739 | P22: 4096.5824 | Q22: 4412.8277 | R22: 5081.6882 | S22: 5590.3907 | T22: 5746.0887 | U22: 5671.8703 | V22: 6671.2559 | W22: 7087.9072
A23: 酒、饮料和精制茶制造业 | I23: 2225.4017 | J23: 2412.4518 | K23: 2870.4949 | L23: 3542.7552 | M23: 3881.4136 | N23: 4149.8852 | O23: 4281.9376 | P23: 4376.6647 | Q23: 4679.8658 | R23: 5389.2019 | S23: 5962.0264 | T23: 6180.4516 | U23: 5848.1833 | V23: 7044.2321 | W23: 7776.8139
A24: 烟草制品业 | I24: 4354.7033 | J24: 4457.0905 | K24: 5178.3935 | L24: 6052.5161 | M24: 6442.4695 | N24: 6700.5695 | O24: 7024.1475 | P24: 6892.8908 | Q24: 6258.0223 | R24: 6836.6564 | S24: 7471.6986 | T24: 7672.4996 | U24: 7700.2443 | V24: 8679.6539 | W24: 9645.4162
A25: 纺织业 | I25: 4161.3032 | J25: 4270.9522 | K25: 4948.8287 | L25: 5563.3117 | M25: 6078.8651 | N25: 6410.8646 | O25: 6627.2853 | P25: 6729.8702 | Q25: 7029.5175 | R25: 7716.5852 | S25: 8035.562 | T25: 7945.6145 | U25: 7781.1698 | V25: 8592.9127 | W25: 8683.3644
... A54: 水的生产和供应业 | I54: 569.20043 | J54: 565.892 | K54: 620.456 | L54: 691.05597 | M54: 703.27596 | N54: 728.03917 | O54: 757.55413 | P54: 759.21509 | Q54: 804.29428 | R54: 922.80688 | S54: 1016.1359 | T54: 1070.2249 | U54: 1091.7883 | V54: 1301.9974 | W54: 1388.7221
A56: 第三产业 | B56: =B2-B3-B4-B5 -> 45283.3 | C56: =C2-C3-C4-C5 -> 50924.7 | D56: =D2-D3-D4-D5 -> 57168.4 | E56: =E2-E3-E4-E5 -> 65934.1 | F56: =F2-F3-F4-F5 -> 76543.9 | G56: =G2-G3-G4-G5 -> 90716.2 | H56: =H2-H3-H4-H5 -> 114569.8 | I56: =I2-I3-I4-I5 -> 135284.9 | ... W56: =W2-W3-W4-W5 -> 632597.4
A57: 交运仓邮 | B57: =B6 -> 6871.3 | C57: =C6 -> 7494.3 | D57: =D6 -> 7914.8 | E57: =E6 -> 9306.5 | F57: =F6 -> 10668.8 | G57: =G6 -> 12186.3 | H57: =H6 -> 14605.1 | I57: =I6 -> 16367.6 | ... W57: =W6 -> 49673.7
A58: 批发零售 | B58: =B7 -> 9120.8 | C58: =C7 -> 9996.8 | D58: =D7 -> 11171.2 | E58: =E7 -> 12455.8 | F58: =F7 -> 13968.5 | G58: =G7 -> 16533.4 | H58: =H7 -> 20941.1 | I58: =I7 -> 26186.2 | ... W58: =W7 -> 114517.7
A59: 餐饮住宿 | B59: =B8 -> 2400.1 | C59: =C8 -> 2724.8 | D59: =D8 -> 3126.1 | E59: =E8 -> 3664.8 | F59: =F8 -> 4195.7 | G59: =G8 -> 4792.6 | H59: =H8 -> 5548.1 | I59: =I8 -> 6616.1 | ... W59: =W8 -> 17855.3
A60: 金融业 | B60: =B9 -> 5202.8 | C60: =C9 -> 5555.8 | D60: =D9 -> 6045.7 | E60: =E9 -> 6600.2 | F60: =F9 -> 7486 | G60: =G9 -> 9972.3 | H60: =H9 -> 15200 | I60: =I9 -> 18345.6 | ... W60: =W9 -> 96811
A61: 房地产 | B61: =B10 -> 4705.8 | C61: =C10 -> 5334.5 | D61: =D10 -> 6157 | E61: =E10 -> 7152.1 | F61: =F10 -> 8482.7 | G61: =G10 -> 10320.9 | H61: =H10 -> 13714 | I61: =I10 -> 14600.3 | ... W61: =W10 -> 73821.3
A62: 信息传输、软件和信息技术服务 | K62: =统计资料!I13 -> 9049.7 | L62: =统计资料!J13 -> 10304.8 | M62: =统计资料!K13 -> 11928.7 | N62: =统计资料!L13 -> 13729.7 | O62: =统计资料!M13 -> 15470.6 | P62: =统计资料!N13 -> 17516.8 | Q62: =统计资料!O13 -> 20124.1 | R62: =统计资料!P13 -> 23808.9 | ... U62: =统计资料!S13 -> 38244.1 | V62: =$U62/SUM($U$62:$U$70)*($V$56-SUM($V$57:$V$61)) -> 42706.509 | W62: =$U62/SUM($U$62:$U$70)*($W$56-SUM($W$57:$W$61)) -> 45012.988
A63: 租赁和商务服务 | K63: =统计资料!I16 -> 7259.8 | L63: =统计资料!J16 -> 9150.2 | M63: =统计资料!K16 -> 10887.4 | N63: =统计资料!L16 -> 12904.9 | O63: =统计资料!M16 -> 15451.3 | P63: =统计资料!N16 -> 18089.7 | Q63: =统计资料!O16 -> 21528.6 | R63: =统计资料!P16 -> 25273.3 | ... U63: =统计资料!S16 -> 32467.6 | V63: =$U63/SUM($U$62:$U$70)*($V$56-SUM($V$57:$V$61)) -> 36255.994 | W63: =$U63/SUM($U$62:$U$70)*($W$56-SUM($W$57:$W$61)) -> 38214.095
A64: 科学研究和技术服务 | K64: =统计资料!I17 -> 6464.3 | L64: =统计资料!J17 -> 7944.8 | M64: =统计资料!K17 -> 9456.1 | N64: =统计资料!L17 -> 11023.2 | O64: =统计资料!M17 -> 12476 | P64: =统计资料!N17 -> 13887.2 | Q64: =统计资料!O17 -> 15394.2 | R64: =统计资料!P17 -> 17444.7 | ... U64: =统计资料!S17 -> 24166.2 | V64: =$U64/SUM($U$62:$U$70)*($V$56-SUM($V$57:$V$61)) -> 26985.967 | W64: =$U64/SUM($U$62:$U$70)*($W$56-SUM($W$57:$W$61)) -> 28443.416
A65: 水利、环境和公共设施管理 | K65: =统计资料!I18 -> 2035.1 | L65: =统计资料!J18 -> 2499.3 | M65: =统计资料!K18 -> 3024.7 | N65: =统计资料!L18 -> 3665.1 | O65: =统计资料!M18 -> 3940.9 | P65: =统计资料!N18 -> 4128.6 | Q65: =统计资料!O18 -> 4354.6 | R65: =统计资料!P18 -> 4602.6 | ... U65: =统计资料!S18 -> 5863.1 | V65: =$U65/SUM($U$62:$U$70)*($V$56-SUM($V$57:$V$61)) -> 6547.2199 | W65: =$U65/SUM($U$62:$U$70)*($W$56-SUM($W$57:$W$61)) -> 6900.8199
A66: 居民服务、修理和其他服务 | K66: =统计资料!I19 -> 6458 | L66: =统计资料!J19 -> 7574.7 | M66: =统计资料!K19 -> 8227.8 | N66: =统计资料!L19 -> 8707.7 | O66: =统计资料!M19 -> 9633.5 | P66: =统计资料!N19 -> 10586.7 | Q66: =统计资料!O19 -> 12183.5 | R66: =统计资料!P19 -> 13725.4 | ... U66: =统计资料!S19 -> 16353.2 | V66: =$U66/SUM($U$62:$U$70)*($V$56-SUM($V$57:$V$61)) -> 18261.329 | W66: =$U66/SUM($U$62:$U$70)*($W$56-SUM($W$57:$W$61)) -> 19247.58
A67: 教育 | K67: =统计资料!I20 -> 12367.9 | L67: =统计资料!J20 -> 14774.6 | M67: =统计资料!K20 -> 16645.7 | N67: =统计资料!L20 -> 18951.4 | O67: =统计资料!M20 -> 21211 | P67: =统计资料!N20 -> 24370.5 | Q67: =统计资料!O20 -> 26964.9 | R67: =统计资料!P20 -> 30208.4 | ... U67: =统计资料!S20 -> 40091.9 | V67: =$U67/SUM($U$62:$U$70)*($V$56-SUM($V$57:$V$61)) -> 44769.915 | W67: =$U67/SUM($U$62:$U$70)*($W$56-SUM($W$57:$W$61)) -> 47187.833
A68: 卫生和社会工作 | K68: =统计资料!I21 -> 5889.4 | L68: =统计资料!J21 -> 7428.8 | M68: =统计资料!K21 -> 9011.2 | N68: =统计资料!L21 -> 11034.4 | O68: =统计资料!M21 -> 12653.3 | P68: =统计资料!N21 -> 14765.4 | Q68: =统计资料!O21 -> 16766.8 | R68: =统计资料!P21 -> 18548.8 | ... U68: =统计资料!S21 -> 24396.1 | V68: =$U68/SUM($U$62:$U$70)*($V$56-SUM($V$57:$V$61)) -> 27242.693 | W68: =$U68/SUM($U$62:$U$70)*($W$56-SUM($W$57:$W$61)) -> 28714.007
A69: 文化、体育和娱乐 | K69: =统计资料!I22 -> 2827.7 | L69: =统计资料!J22 -> 3325.9 | M69: =统计资料!K22 -> 3758.2 | N69: =统计资料!L22 -> 4137.9 | O69: =统计资料!M22 -> 4480.7 | P69: =统计资料!N22 -> 5063.8 | Q69: =统计资料!O22 -> 5579.8 | R69: =统计资料!P22 -> 6625.4 | ... U69: =统计资料!S22 -> 6981.2 | V69: =$U69/SUM($U$62:$U$70)*($V$56-SUM($V$57:$V$61)) -> 7795.7824 | W69: =$U69/SUM($U$62:$U$70)*($W$56-SUM($W$57:$W$61)) -> 8216.8143
A70: 公共管理、社会保障和社会组织 | K70: =统计资料!I23 -> 16302.7 | L70: =统计资料!J23 -> 18079 | M70: =统计资料!K23 -> 20101.7 | N70: =统计资料!L23 -> 21693 | O70: =统计资料!M23 -> 24301.2 | P70: =统计资料!N23 -> 28447.8 | Q70: =统计资料!O23 -> 33847.8 | R70: =统计资料!P23 -> 38848.8 | ... U70: =统计资料!S23 -> 49261.9 | V70: =$U70/SUM($U$62:$U$70)*($V$56-SUM($V$57:$V$61)) -> 55009.891 | W70: =$U70/SUM($U$62:$U$70)*($W$56-SUM($W$57:$W$61)) -> 57980.847

Sheet 情景假设
A1: GDP增速
B2: 不变价GDP年均增速
A3: 十四五 | B3: 0.054
A4: 十五五 | B4: 0.051
A5: 十六五 | B5: 0.038
A6: 2035-2050 | B6: 0.029
A7: 2035-2060 | B7: 0.022
A8: 参考依据
A9: 2023政府工作报告
A10: 二十大报告：2035年人均GDP达到中等发达国家水平。GDP总量/人均GDP翻一番多
A11: 能源基金会《中国经济社会发展的中长期目标、战略与路径》2035-2050%年均增速3.5%左右
A13: 产业结构
B14: 第一产业 | C14: 第二产业 | D14: 工业 | E14: 建筑业 | F14: 第三产业
A15: 2025 | B15: =1-C15-F15 -> 0.073 | C15: =SUM(D15:E15) -> 0.383 | D15: 0.315 | E15: 0.068 | F15: 0.544
A16: 2030 | B16: =1-C16-F16 -> 0.071 | C16: =SUM(D16:E16) -> 0.356 | D16: 0.291 | E16: 0.065 | F16: 0.573
A17: 2035 | B17: =1-C17-F17 -> 0.064 | C17: =SUM(D17:E17) -> 0.332 | D17: 0.272 | E17: 0.06 | F17: 0.604
A18: 2050 | B18: =1-C18-F18 -> 0.057 | C18: =SUM(D18:E18) -> 0.262 | D18: 0.21 | E18: 0.052 | F18: 0.681
A19: 2060 | B19: =1-C19-F19 -> 0.051 | C19: =SUM(D19:E19) -> 0.241 | D19: 0.191 | E19: 0.05 | F19: 0.708
A20: 参考依据
A21: 能源基金会《中国经济社会发展的中长期目标、战略与路径》
A22: 建筑十四五规划：建筑增加值占比稳定在6%左右
A23: 2018年美国建筑业增加值比重为4.1%，欧盟为4.89%。2017年日本5.7%。
A26: 第三产业年均增速
C27: 2016-2019年均增速 | D27: 2019-2022年均增速 | E27: 十四五增速系数 | F27: 十五五增速系数 | G27: 十六五增速系数 | H27: 2035-2050增速系数 | I27: 2050-2060增速系数 | J27: 十四五年均增速 | K27: 十五五年均增速 | L27: 十六五年均增速 | M27: 2035-2050年均增速 | N27: 2050-2060年均增速 | O27: 2025增加值 | P27: 2030 增加值 | Q27: 2035增加值 | R27: 2050增加值 | S27: 2060增加值
B28: 第三产业 | C28: =(VLOOKUP($B28,'增加值 (2001-2060, 2020RMB)'!$A$56:$W$70,20,0)/VLOOKUP($B28,'增加值 (2001-2060, 2020RMB)'!$A$56:$W$70,17,0))^(1/3)-1 -> 0.078274323 | D28: =(VLOOKUP($B28,'增加值 (2001-2060, 2020RMB)'!$A$56:$W$70,23,0)/VLOOKUP($B28,'增加值 (2001-2060, 2020RMB)'!$A$56:$W$70,20,0))^(1/3)-1 -> 0.035189478 | J28: =('增加值 (2001-2060, 2020RMB)'!Z56/'增加值 (2001-2060, 2020RMB)'!W56)^(1/3)-1 -> 0.068114196 | K28: =('增加值 (2001-2060, 2020RMB)'!AE56/'增加值 (2001-2060, 2020RMB)'!Z56)^0.2-1 -> 0.061973942 | L28: =('增加值 (2001-2060, 2020RMB)'!AJ56/'增加值 (2001-2060, 2020RMB)'!AE56)^0.2-1 -> 0.048995963 | M28: =('增加值 (2001-2060, 2020RMB)'!AY56/'增加值 (2001-2060, 2020RMB)'!AJ56)^(1/15)-1 -> 0.037264194 | N28: =('增加值 (2001-2060, 2020RMB)'!BI56/'增加值 (2001-2060, 2020RMB)'!AY56)^0.1-1 -> 0.01553008 | O28: =SUM(O29:O42) -> 719511.26 | P28: =SUM(P29:P42) -> 988782.06 | Q28: =SUM(Q29:Q42) -> 1299895.7 | R28: =SUM(R29:R42) -> 2657231.4 | S28: =SUM(S29:S42) -> 3772766.4
A29: 传统服务业 | B29: 批发零售 | C29: =(VLOOKUP($B29,'增加值 (2001-2060, 2020RMB)'!$A$56:$W$70,20,0)/VLOOKUP($B29,'增加值 (2001-2060, 2020RMB)'!$A$56:$W$70,17,0))^(1/3)-1 -> 0.05875808 | D29: =(VLOOKUP($B29,'增加值 (2001-2060, 2020RMB)'!$A$56:$W$70,23,0)/VLOOKUP($B29,'增加值 (2001-2060, 2020RMB)'!$A$56:$W$70,20,0))^(1/3)-1 -> 0.036529506 | E29: 0.75 | F29: 0.65 | G29: 0.55 | H29: 0.45 | I29: 0.4 | J29: =$C29*E29 -> 0.04406856 | K29: =$C29*F29 -> 0.038192752 | L29: =$C29*G29 -> 0.032316944 | M29: =$C29*H29 -> 0.026441136 | N29: =$C29*I29 -> 0.023503232 | O29: =VLOOKUP($B29,'增加值 (2001-2060, 2020RMB)'!$A$56:$BI$70,23,0)*(1+J29)^3 -> 121876.2 | P29: =VLOOKUP($B29,'增加值 (2001-2060, 2020RMB)'!$A$56:$BI$70,26,0)*(1+K29)^5 -> 147268.88 | Q29: =VLOOKUP($B29,'增加值 (2001-2060, 2020RMB)'!$A$56:$BI$70,31,0)*(1+L29)^5 -> 170014 | R29: =VLOOKUP($B29,'增加值 (2001-2060, 2020RMB)'!$A$56:$BI$70,36,0)*(1+M29)^15 -> 239257.18 | S29: =VLOOKUP($B29,'增加值 (2001-2060, 2020RMB)'!$A$56:$BI$70,51,0)*(1+N29)^10 -> 243190.53
B30: 餐饮住宿 | C30: =(VLOOKUP($B30,'增加值 (2001-2060, 2020RMB)'!$A$56:$W$70,20,0)/VLOOKUP($B30,'增加值 (2001-2060, 2020RMB)'!$A$56:$W$70,17,0))^(1/3)-1 -> 0.063696596 | D30: =(VLOOKUP($B30,'增加值 (2001-2060, 2020RMB)'!$A$56:$W$70,23,0)/VLOOKUP($B30,'增加值 (2001-2060, 2020RMB)'!$A$56:$W$70,20,0))^(1/3)-1 -> -0.02471071 | E30: 0.75 | F30: 0.65 | G30: 0.55 | H30: 0.45 | I30: 0.4 | J30: =$C30*E30 -> 0.047772447 | K30: =$C30*F30 -> 0.041402787 | L30: =$C30*G30 -> 0.035033128 | M30: =$C30*H30 -> 0.028663468 | N30: =$C30*I30 -> 0.025478638 | O30: =VLOOKUP($B30,'增加值 (2001-2060, 2020RMB)'!$A$56:$BI$70,23,0)*(1+J30)^3 -> 19205.575 | P30: =VLOOKUP($B30,'增加值 (2001-2060, 2020RMB)'!$A$56:$BI$70,26,0)*(1+K30)^5 -> 23568.02 | Q30: =VLOOKUP($B30,'增加值 (2001-2060, 2020RMB)'!$A$56:$BI$70,31,0)*(1+L30)^5 -> 27567.842 | R30: =VLOOKUP($B30,'增加值 (2001-2060, 2020RMB)'!$A$56:$BI$70,36,0)*(1+M30)^15 -> 40074.867 | S30: =VLOOKUP($B30,'增加值 (2001-2060, 2020RMB)'!$A$56:$BI$70,51,0)*(1+N30)^10 -> 41526.734
B31: 交运仓邮 | C31: =(VLOOKUP($B31,'增加值 (2001-2060, 2020RMB)'!$A$56:$W$70,20,0)/VLOOKUP($B31,'增加值 (2001-2060, 2020RMB)'!$A$56:$W$70,17,0))^(1/3)-1 -> 0.055573901 | D31: =(VLOOKUP($B31,'增加值 (2001-2060, 2020RMB)'!$A$56:$W$70,23,0)/VLOOKUP($B31,'增加值 (2001-2060, 2020RMB)'!$A$56:$W$70,20,0))^(1/3)-1 -> 0.028524195 | E31: 0.75 | F31: 0.65 | G31: 0.55 | H31: 0.45 | I31: 0.4 | J31: =$C31*E31 -> 0.041680426 | K31: =$C31*F31 -> 0.036123036 | L31: =$C31*G31 -> 0.030565646 | M31: =$C31*H31 -> 0.025008256 | N31: =$C31*I31 -> 0.02222956 | O31: =VLOOKUP($B31,'增加值 (2001-2060, 2020RMB)'!$A$56:$BI$70,23,0)*(1+J31)^3 -> 52503.621 | P31: =VLOOKUP($B31,'增加值 (2001-2060, 2020RMB)'!$A$56:$BI$70,26,0)*(1+K31)^5 -> 62812.779 | Q31: =VLOOKUP($B31,'增加值 (2001-2060, 2020RMB)'!$A$56:$BI$70,31,0)*(1+L31)^5 -> 71900.968 | R31: =VLOOKUP($B31,'增加值 (2001-2060, 2020RMB)'!$A$56:$BI$70,36,0)*(1+M31)^15 -> 99086.562 | S31: =VLOOKUP($B31,'增加值 (2001-2060, 2020RMB)'!$A$56:$BI$70,51,0)*(1+N31)^10 -> 99469.198
A32: 现代服务业 | B32: 金融业 | C32: =(VLOOKUP($B32,'增加值 (2001-2060, 2020RMB)'!$A$56:$W$70,20,0)/VLOOKUP($B32,'增加值 (2001-2060, 2020RMB)'!$A$56:$W$70,17,0))^(1/3)-1 -> 0.051691957 | D32: =(VLOOKUP($B32,'增加值 (2001-2060, 2020RMB)'!$A$56:$W$70,23,0)/VLOOKUP($B32,'增加值 (2001-2060, 2020RMB)'!$A$56:$W$70,20,0))^(1/3)-1 -> 0.057014547 | E32: 1 | F32: 1 | G32: 0.8 | H32: 0.5 | I32: 0.5 | J32: =$C32*E32 -> 0.051691957 | K32: =$C32*F32 -> 0.051691957 | L32: =$C32*G32 -> 0.041353566 | M32: =$C32*H32 -> 0.025845979 | N32: =$C32*I32 -> 0.025845979 | O32: =VLOOKUP($B32,'增加值 (2001-2060, 2020RMB)'!$A$56:$BI$70,23,0)*(1+J32)^3 -> 105305.15 | P32: =VLOOKUP($B32,'增加值 (2001-2060, 2020RMB)'!$A$56:$BI$70,26,0)*(1+K32)^5 -> 135735.82 | Q32: =VLOOKUP($B32,'增加值 (2001-2060, 2020RMB)'!$A$56:$BI$70,31,0)*(1+L32)^5 -> 163679.37 | R32: =VLOOKUP($B32,'增加值 (2001-2060, 2020RMB)'!$A$56:$BI$70,36,0)*(1+M32)^15 -> 228347.32 | S32: =VLOOKUP($B32,'增加值 (2001-2060, 2020RMB)'!$A$56:$BI$70,51,0)*(1+N32)^10 -> 237469.05
B33: 房地产 | C33: =(VLOOKUP($B33,'增加值 (2001-2060, 2020RMB)'!$A$56:$W$70,20,0)/VLOOKUP($B33,'增加值 (2001-2060, 2020RMB)'!$A$56:$W$70,17,0))^(1/3)-1 -> 0.08847702 | D33: =(VLOOKUP($B33,'增加值 (2001-2060, 2020RMB)'!$A$56:$W$70,23,0)/VLOOKUP($B33,'增加值 (2001-2060, 2020RMB)'!$A$56:$W$70,20,0))^(1/3)-1 -> -0.0084877902 | E33: 0.6 | F33: 0.5 | G33: 0.4 | H33: 0.4 | I33: 0.4 | J33: =$C33*E33 -> 0.053086212 | K33: =$C33*F33 -> 0.04423851 | L33: =$C33*G33 -> 0.035390808 | M33: =$C33*H33 -> 0.035390808 | N33: =$C33*I33 -> 0.035390808 | O33: =VLOOKUP($B33,'增加值 (2001-2060, 2020RMB)'!$A$56:$BI$70,23,0)*(1+J33)^3 -> 80618.127 | P33: =VLOOKUP($B33,'增加值 (2001-2060, 2020RMB)'!$A$56:$BI$70,26,0)*(1+K33)^5 -> 100284.39 | Q33: =VLOOKUP($B33,'增加值 (2001-2060, 2020RMB)'!$A$56:$BI$70,31,0)*(1+L33)^5 -> 117506.88 | R33: =VLOOKUP($B33,'增加值 (2001-2060, 2020RMB)'!$A$56:$BI$70,36,0)*(1+M33)^15 -> 188363.8 | S33: =VLOOKUP($B33,'增加值 (2001-2060, 2020RMB)'!$A$56:$BI$70,51,0)*(1+N33)^10 -> 214896.82
B34: 信息传输、软件和信息技术服务 | C34: =(VLOOKUP($B34,'增加值 (2001-2060, 2020RMB)'!$A$56:$W$70,20,0)/VLOOKUP($B34,'增加值 (2001-2060, 2020RMB)'!$A$56:$W$70,17,0))^(1/3)-1 -> 0.14924366 | D34: =(VLOOKUP($B34,'增加值 (2001-2060, 2020RMB)'!$A$56:$W$70,23,0)/VLOOKUP($B34,'增加值 (2001-2060, 2020RMB)'!$A$56:$W$70,20,0))^(1/3)-1 -> 0.078333639 | E34: 0.9 | F34: 0.85 | G34: 0.75 | H34: 0.6 | I34: 0.6 | J34: =$C34*E34 -> 0.1343193 | K34: =$C34*F34 -> 0.12685711 | L34: =$C34*G34 -> 0.11193275 | M34: =$C34*H34 -> 0.089546197 | N34: =$C34*I34 -> 0.089546197 | O34: =VLOOKUP($B34,'增加值 (2001-2060, 2020RMB)'!$A$56:$BI$70,23,0)*(1+J34)^3 -> 61433.186 | P34: =VLOOKUP($B34,'增加值 (2001-2060, 2020RMB)'!$A$56:$BI$70,26,0)*(1+K34)^5 -> 111827.7 | Q34: =VLOOKUP($B34,'增加值 (2001-2060, 2020RMB)'!$A$56:$BI$70,31,0)*(1+L34)^5 -> 187176.11 | R34: =VLOOKUP($B34,'增加值 (2001-2060, 2020RMB)'!$A$56:$BI$70,36,0)*(1+M34)^15 -> 644621.42 | S34: =VLOOKUP($B34,'增加值 (2001-2060, 2020RMB)'!$A$56:$BI$70,51,0)*(1+N34)^10 -> 1224477.3
B35: 租赁和商务服务 | C35: =(VLOOKUP($B35,'增加值 (2001-2060, 2020RMB)'!$A$56:$W$70,20,0)/VLOOKUP($B35,'增加值 (2001-2060, 2020RMB)'!$A$56:$W$70,17,0))^(1/3)-1 -> 0.11516786 | D35: =(VLOOKUP($B35,'增加值 (2001-2060, 2020RMB)'!$A$56:$W$70,23,0)/VLOOKUP($B35,'增加值 (2001-2060, 2020RMB)'!$A$56:$W$70,20,0))^(1/3)-1 -> 0.028854192 | E35: 0.9 | F35: 0.85 | G35: 0.75 | H35: 0.6 | I35: 0.6 | J35: =$C35*E35 -> 0.10365108 | K35: =$C35*F35 -> 0.097892685 | L35: =$C35*G35 -> 0.086375898 | M35: =$C35*H35 -> 0.069100719 | N35: =$C35*I35 -> 0.069100719 | O35: =VLOOKUP($B35,'增加值 (2001-2060, 2020RMB)'!$A$56:$BI$70,23,0)*(1+J35)^3 -> 48037.256 | P35: =VLOOKUP($B35,'增加值 (2001-2060, 2020RMB)'!$A$56:$BI$70,26,0)*(1+K35)^5 -> 76767.917 | Q35: =VLOOKUP($B35,'增加值 (2001-2060, 2020RMB)'!$A$56:$BI$70,31,0)*(1+L35)^5 -> 114390.19 | R35: =VLOOKUP($B35,'增加值 (2001-2060, 2020RMB)'!$A$56:$BI$70,36,0)*(1+M35)^15 -> 296508.87 | S35: =VLOOKUP($B35,'增加值 (2001-2060, 2020RMB)'!$A$56:$BI$70,51,0)*(1+N35)^10 -> 466029.49
B36: 科学研究和技术服务 | C36: =(VLOOKUP($B36,'增加值 (2001-2060, 2020RMB)'!$A$56:$W$70,20,0)/VLOOKUP($B36,'增加值 (2001-2060, 2020RMB)'!$A$56:$W$70,17,0))^(1/3)-1 -> 0.10368127 | D36: =(VLOOKUP($B36,'增加值 (2001-2060, 2020RMB)'!$A$56:$W$70,23,0)/VLOOKUP($B36,'增加值 (2001-2060, 2020RMB)'!$A$56:$W$70,20,0))^(1/3)-1 -> 0.053552107 | E36: 0.9 | F36: 0.85 | G36: 0.75 | H36: 0.6 | I36: 0.6 | J36: =$C36*E36 -> 0.093313141 | K36: =$C36*F36 -> 0.088129078 | L36: =$C36*G36 -> 0.077760951 | M36: =$C36*H36 -> 0.062208761 | N36: =$C36*I36 -> 0.062208761 | O36: =VLOOKUP($B36,'增加值 (2001-2060, 2020RMB)'!$A$56:$BI$70,23,0)*(1+J36)^3 -> 34759.594 | P36: =VLOOKUP($B36,'增加值 (2001-2060, 2020RMB)'!$A$56:$BI$70,26,0)*(1+K36)^5 -> 53122.547 | Q36: =VLOOKUP($B36,'增加值 (2001-2060, 2020RMB)'!$A$56:$BI$70,31,0)*(1+L36)^5 -> 76067.568 | R36: =VLOOKUP($B36,'增加值 (2001-2060, 2020RMB)'!$A$56:$BI$70,36,0)*(1+M36)^15 -> 178944.06 | S36: =VLOOKUP($B36,'增加值 (2001-2060, 2020RMB)'!$A$56:$BI$70,51,0)*(1+N36)^10 -> 263636.53
B37: 水利、环境和公共设施管理 | C37: =(VLOOKUP($B37,'增加值 (2001-2060, 2020RMB)'!$A$56:$W$70,20,0)/VLOOKUP($B37,'增加值 (2001-2060, 2020RMB)'!$A$56:$W$70,17,0))^(1/3)-1 -> 0.071814324 | D37: =(VLOOKUP($B37,'增加值 (2001-2060, 2020RMB)'!$A$56:$W$70,23,0)/VLOOKUP($B37,'增加值 (2001-2060, 2020RMB)'!$A$56:$W$70,20,0))^(1/3)-1 -> 0.03075646 | E37: 0.9 | F37: 0.85 | G37: 0.75 | H37: 0.6 | I37: 0.6 | J37: =$C37*E37 -> 0.064632892 | K37: =$C37*F37 -> 0.061042176 | L37: =$C37*G37 -> 0.053860743 | M37: =$C37*H37 -> 0.043088595 | N37: =$C37*I37 -> 0.043088595 | O37: =VLOOKUP($B37,'增加值 (2001-2060, 2020RMB)'!$A$56:$BI$70,23,0)*(1+J37)^3 -> 7786.8099 | P37: =VLOOKUP($B37,'增加值 (2001-2060, 2020RMB)'!$A$56:$BI$70,26,0)*(1+K37)^5 -> 10491.194 | Q37: =VLOOKUP($B37,'增加值 (2001-2060, 2020RMB)'!$A$56:$BI$70,31,0)*(1+L37)^5 -> 13429.179 | R37: =VLOOKUP($B37,'增加值 (2001-2060, 2020RMB)'!$A$56:$BI$70,36,0)*(1+M37)^15 -> 24056.752 | S37: =VLOOKUP($B37,'增加值 (2001-2060, 2020RMB)'!$A$56:$BI$70,51,0)*(1+N37)^10 -> 29555.51
B38: 居民服务、修理和其他服务 | C38: =(VLOOKUP($B38,'增加值 (2001-2060, 2020RMB)'!$A$56:$W$70,20,0)/VLOOKUP($B38,'增加值 (2001-2060, 2020RMB)'!$A$56:$W$70,17,0))^(1/3)-1 -> 0.08439753 | D38: =(VLOOKUP($B38,'增加值 (2001-2060, 2020RMB)'!$A$56:$W$70,23,0)/VLOOKUP($B38,'增加值 (2001-2060, 2020RMB)'!$A$56:$W$70,20,0))^(1/3)-1 -> 0.017741893 | E38: 0.9 | F38: 0.85 | G38: 0.75 | H38: 0.6 | I38: 0.6 | J38: =$C38*E38 -> 0.075957777 | K38: =$C38*F38 -> 0.071737901 | L38: =$C38*G38 -> 0.063298148 | M38: =$C38*H38 -> 0.050638518 | N38: =$C38*I38 -> 0.050638518 | O38: =VLOOKUP($B38,'增加值 (2001-2060, 2020RMB)'!$A$56:$BI$70,23,0)*(1+J38)^3 -> 22419.249 | P38: =VLOOKUP($B38,'增加值 (2001-2060, 2020RMB)'!$A$56:$BI$70,26,0)*(1+K38)^5 -> 31758.949 | Q38: =VLOOKUP($B38,'增加值 (2001-2060, 2020RMB)'!$A$56:$BI$70,31,0)*(1+L38)^5 -> 42505.96 | R38: =VLOOKUP($B38,'增加值 (2001-2060, 2020RMB)'!$A$56:$BI$70,36,0)*(1+M38)^15 -> 84843.618 | S38: =VLOOKUP($B38,'增加值 (2001-2060, 2020RMB)'!$A$56:$BI$70,51,0)*(1+N38)^10 -> 112031.94
B39: 教育 | C39: =(VLOOKUP($B39,'增加值 (2001-2060, 2020RMB)'!$A$56:$W$70,20,0)/VLOOKUP($B39,'增加值 (2001-2060, 2020RMB)'!$A$56:$W$70,17,0))^(1/3)-1 -> 0.087713836 | D39: =(VLOOKUP($B39,'增加值 (2001-2060, 2020RMB)'!$A$56:$W$70,23,0)/VLOOKUP($B39,'增加值 (2001-2060, 2020RMB)'!$A$56:$W$70,20,0))^(1/3)-1 -> 0.049833837 | E39: 0.9 | F39: 0.85 | G39: 0.75 | H39: 0.6 | I39: 0.6 | J39: =$C39*E39 -> 0.078942453 | K39: =$C39*F39 -> 0.074556761 | L39: =$C39*G39 -> 0.065785377 | M39: =$C39*H39 -> 0.052628302 | N39: =$C39*I39 -> 0.052628302 | O39: =VLOOKUP($B39,'增加值 (2001-2060, 2020RMB)'!$A$56:$BI$70,23,0)*(1+J39)^3 -> 55422.245 | P39: =VLOOKUP($B39,'增加值 (2001-2060, 2020RMB)'!$A$56:$BI$70,26,0)*(1+K39)^5 -> 79548.689 | Q39: =VLOOKUP($B39,'增加值 (2001-2060, 2020RMB)'!$A$56:$BI$70,31,0)*(1+L39)^5 -> 107718.48 | R39: =VLOOKUP($B39,'增加值 (2001-2060, 2020RMB)'!$A$56:$BI$70,36,0)*(1+M39)^15 -> 221200.16 | S39: =VLOOKUP($B39,'增加值 (2001-2060, 2020RMB)'!$A$56:$BI$70,51,0)*(1+N39)^10 -> 297663.36
B40: 卫生和社会工作 | C40: =(VLOOKUP($B40,'增加值 (2001-2060, 2020RMB)'!$A$56:$W$70,20,0)/VLOOKUP($B40,'增加值 (2001-2060, 2020RMB)'!$A$56:$W$70,17,0))^(1/3)-1 -> 0.068423018 | D40: =(VLOOKUP($B40,'增加值 (2001-2060, 2020RMB)'!$A$56:$W$70,23,0)/VLOOKUP($B40,'增加值 (2001-2060, 2020RMB)'!$A$56:$W$70,20,0))^(1/3)-1 -> 0.061115803 | E40: 0.9 | F40: 0.85 | G40: 0.75 | H40: 0.6 | I40: 0.6 | J40: =$C40*E40 -> 0.061580716 | K40: =$C40*F40 -> 0.058159565 | L40: =$C40*G40 -> 0.051317264 | M40: =$C40*H40 -> 0.041053811 | N40: =$C40*I40 -> 0.041053811 | O40: =VLOOKUP($B40,'增加值 (2001-2060, 2020RMB)'!$A$56:$BI$70,23,0)*(1+J40)^3 -> 32122.704 | P40: =VLOOKUP($B40,'增加值 (2001-2060, 2020RMB)'!$A$56:$BI$70,26,0)*(1+K40)^5 -> 42694.312 | Q40: =VLOOKUP($B40,'增加值 (2001-2060, 2020RMB)'!$A$56:$BI$70,31,0)*(1+L40)^5 -> 53994.238 | R40: =VLOOKUP($B40,'增加值 (2001-2060, 2020RMB)'!$A$56:$BI$70,36,0)*(1+M40)^15 -> 93932.237 | S40: =VLOOKUP($B40,'增加值 (2001-2060, 2020RMB)'!$A$56:$BI$70,51,0)*(1+N40)^10 -> 113171.21
B41: 文化、体育和娱乐 | C41: =(VLOOKUP($B41,'增加值 (2001-2060, 2020RMB)'!$A$56:$W$70,20,0)/VLOOKUP($B41,'增加值 (2001-2060, 2020RMB)'!$A$56:$W$70,17,0))^(1/3)-1 -> 0.1008643 | D41: =(VLOOKUP($B41,'增加值 (2001-2060, 2020RMB)'!$A$56:$W$70,23,0)/VLOOKUP($B41,'增加值 (2001-2060, 2020RMB)'!$A$56:$W$70,20,0))^(1/3)-1 -> -0.020691995 | E41: 0.8 | F41: 0.8 | G41: 0.7 | H41: 0.5 | I41: 0.5 | J41: =$C41*E41 -> 0.080691442 | K41: =$C41*F41 -> 0.080691442 | L41: =$C41*G41 -> 0.070605012 | M41: =$C41*H41 -> 0.050432151 | N41: =$C41*I41 -> 0.050432151 | O41: =VLOOKUP($B41,'增加值 (2001-2060, 2020RMB)'!$A$56:$BI$70,23,0)*(1+J41)^3 -> 9697.68 | P41: =VLOOKUP($B41,'增加值 (2001-2060, 2020RMB)'!$A$56:$BI$70,26,0)*(1+K41)^5 -> 14321.171 | Q41: =VLOOKUP($B41,'增加值 (2001-2060, 2020RMB)'!$A$56:$BI$70,31,0)*(1+L41)^5 -> 19835.05 | R41: =VLOOKUP($B41,'增加值 (2001-2060, 2020RMB)'!$A$56:$BI$70,36,0)*(1+M41)^15 -> 39475.075 | S41: =VLOOKUP($B41,'增加值 (2001-2060, 2020RMB)'!$A$56:$BI$70,51,0)*(1+N41)^10 -> 52022.657
B42: 公共管理、社会保障和社会组织 | C42: =(VLOOKUP($B42,'增加值 (2001-2060, 2020RMB)'!$A$56:$W$70,20,0)/VLOOKUP($B42,'增加值 (2001-2060, 2020RMB)'!$A$56:$W$70,17,0))^(1/3)-1 -> 0.089033833 | D42: =(VLOOKUP($B42,'增加值 (2001-2060, 2020RMB)'!$A$56:$W$70,23,0)/VLOOKUP($B42,'增加值 (2001-2060, 2020RMB)'!$A$56:$W$70,20,0))^(1/3)-1 -> 0.041121647 | E42: 0.9 | F42: 0.85 | G42: 0.75 | H42: 0.6 | I42: 0.6 | J42: =$C42*E42 -> 0.08013045 | K42: =$C42*F42 -> 0.075678758 | L42: =$C42*G42 -> 0.066775375 | M42: =$C42*H42 -> 0.0534203 | N42: =$C42*I42 -> 0.0534203 | O42: =VLOOKUP($B42,'增加值 (2001-2060, 2020RMB)'!$A$56:$BI$70,23,0)*(1+J42)^3 -> 68323.864 | P42: =VLOOKUP($B42,'增加值 (2001-2060, 2020RMB)'!$A$56:$BI$70,26,0)*(1+K42)^5 -> 98579.699 | Q42: =VLOOKUP($B42,'增加值 (2001-2060, 2020RMB)'!$A$56:$BI$70,31,0)*(1+L42)^5 -> 134109.89 | R42: =VLOOKUP($B42,'增加值 (2001-2060, 2020RMB)'!$A$56:$BI$70,36,0)*(1+M42)^15 -> 278519.52 | S42: =VLOOKUP($B42,'增加值 (2001-2060, 2020RMB)'!$A$56:$BI$70,51,0)*(1+N42)^10 -> 377626.07
A45: 工业年均增速
C46: 2016-2019年均增速 | D46: 2019-2022年均增速 | E46: 十四五增速系数 | F46: 十五五增速系数 | G46: 十六五增速系数 | H46: 2035-2050增速系数 | I46: 2050-2060增速系数 | J46: 十四五年均增速 | K46: 十五五年均增速 | L46: 十六五年均增速 | M46: 2035-2050年均增速 | N46: 2050-2060年均增速 | O46: 2025增加值 | P46: 2030 增加值 | Q46: 2035增加值 | R46: 2050增加值 | S46: 2060增加值
B47: 工业 | C47: =(VLOOKUP(B47,'增加值 (2001-2060, 2020RMB)'!$A$13:$W$54,20,0)/VLOOKUP(B47,'增加值 (2001-2060, 2020RMB)'!$A$13:$W$54,17,0))^(1/3)-1 -> 0.051465408 | D47: =(VLOOKUP(B47,'增加值 (2001-2060, 2020RMB)'!$A$13:$W$54,23,0)/VLOOKUP(B47,'增加值 (2001-2060, 2020RMB)'!$A$13:$W$54,20,0))^(1/3)-1 -> 0.062058401 | J47: =('增加值 (2001-2060, 2020RMB)'!Z13/'增加值 (2001-2060, 2020RMB)'!W13)^(1/3)-1 -> 0.035818119 | K47: =('增加值 (2001-2060, 2020RMB)'!AE13/'增加值 (2001-2060, 2020RMB)'!Z13)^0.2-1 -> 0.034473103 | L47: =('增加值 (2001-2060, 2020RMB)'!AJ13/'增加值 (2001-2060, 2020RMB)'!AE13)^0.2-1 -> 0.024076821 | M47: =('增加值 (2001-2060, 2020RMB)'!AY13/'增加值 (2001-2060, 2020RMB)'!AJ13)^(1/15)-1 -> 0.011405709 | N47: =('增加值 (2001-2060, 2020RMB)'!BI13/'增加值 (2001-2060, 2020RMB)'!AY13)^0.1-1 -> 0.0020412144 | O47: =SUM(O48:O88) -> 435099.36 | P47: =SUM(P48:P88) -> 522623.56 | Q47: =SUM(Q48:Q88) -> 608181.49 | R47: =SUM(R48:R88) -> 922239.47 | S47: =SUM(S48:S88) -> 896881.27
A48: 能源产业 | B48: 煤炭开采和洗选业 | C48: =(VLOOKUP(B48,'增加值 (2001-2060, 2020RMB)'!$A$13:$W$54,20,0)/VLOOKUP(B48,'增加值 (2001-2060, 2020RMB)'!$A$13:$W$54,17,0))^(1/3)-1 -> 0.0085070768 | D48: =(VLOOKUP(B48,'增加值 (2001-2060, 2020RMB)'!$A$13:$W$54,23,0)/VLOOKUP(B48,'增加值 (2001-2060, 2020RMB)'!$A$13:$W$54,20,0))^(1/3)-1 -> 0.062061126 | E48: 0.8 | F48: 0.8 | G48: 0.5 | H48: 0.3 | I48: 0.2 | J48: =AVERAGE($C48:$D48)*E48 -> 0.028227281 | K48: =AVERAGE($C48:$D48)*F48 -> 0.028227281 | L48: =AVERAGE($C48:$D48)*G48 -> 0.017642051 | M48: =AVERAGE($C48:$D48)*H48 -> 0.01058523 | N48: =AVERAGE($C48:$D48)*I48 -> 0.0070568203 | O48: =VLOOKUP(B48,'增加值 (2001-2060, 2020RMB)'!$A$14:$W$54,23,0)*(1+J48)^3 -> 19569.945 | P48: =VLOOKUP(B48,'增加值 (2001-2060, 2020RMB)'!$A$14:$AE$54,26,0)*(1+K48)^5 -> 21577.351 | Q48: =VLOOKUP(B48,'增加值 (2001-2060, 2020RMB)'!$A$14:$AE$54,31,0)*(1+L48)^5 -> 22280.849 | R48: =VLOOKUP(B48,'增加值 (2001-2060, 2020RMB)'!$A$14:$AJ$54,36,0)*(1+M48)^15 -> 23894.767 | S48: =VLOOKUP(B48,'增加值 (2001-2060, 2020RMB)'!$A$14:$AY$54,51,0)*(1+N48)^10 -> 18352.275
B49: 石油和天然气开采业 | C49: =(VLOOKUP(B49,'增加值 (2001-2060, 2020RMB)'!$A$13:$W$54,20,0)/VLOOKUP(B49,'增加值 (2001-2060, 2020RMB)'!$A$13:$W$54,17,0))^(1/3)-1 -> 3.2675208e-05 | D49: =(VLOOKUP(B49,'增加值 (2001-2060, 2020RMB)'!$A$13:$W$54,23,0)/VLOOKUP(B49,'增加值 (2001-2060, 2020RMB)'!$A$13:$W$54,20,0))^(1/3)-1 -> 0.041028014 | E49: 0.8 | F49: 0.8 | G49: 0.5 | H49: 0.5 | I49: 0.4 | J49: =AVERAGE($C49:$D49)*E49 -> 0.016424276 | K49: =AVERAGE($C49:$D49)*F49 -> 0.016424276 | L49: =AVERAGE($C49:$D49)*G49 -> 0.010265172 | M49: =AVERAGE($C49:$D49)*H49 -> 0.010265172 | N49: =AVERAGE($C49:$D49)*I49 -> 0.0082121378 | O49: =VLOOKUP(B49,'增加值 (2001-2060, 2020RMB)'!$A$14:$W$54,23,0)*(1+J49)^3 -> 12920.436 | P49: =VLOOKUP(B49,'增加值 (2001-2060, 2020RMB)'!$A$14:$AE$54,26,0)*(1+K49)^5 -> 13446.684 | Q49: =VLOOKUP(B49,'增加值 (2001-2060, 2020RMB)'!$A$14:$AE$54,31,0)*(1+L49)^5 -> 13389.073 | R49: =VLOOKUP(B49,'增加值 (2001-2060, 2020RMB)'!$A$14:$AJ$54,36,0)*(1+M49)^15 -> 14290.851 | S49: =VLOOKUP(B49,'增加值 (2001-2060, 2020RMB)'!$A$14:$AY$54,51,0)*(1+N49)^10 -> 11102.599
B50: 电力、热力生产和供应业 | C50: =(VLOOKUP(B50,'增加值 (2001-2060, 2020RMB)'!$A$13:$W$54,20,0)/VLOOKUP(B50,'增加值 (2001-2060, 2020RMB)'!$A$13:$W$54,17,0))^(1/3)-1 -> 0.069325463 | D50: =(VLOOKUP(B50,'增加值 (2001-2060, 2020RMB)'!$A$13:$W$54,23,0)/VLOOKUP(B50,'增加值 (2001-2060, 2020RMB)'!$A$13:$W$54,20,0))^(1/3)-1 -> 0.067128509 | E50: 1 | F50: 1 | G50: 0.8 | H50: 0.5 | I50: 0.5 | J50: =AVERAGE($C50:$D50)*E50 -> 0.068226986 | K50: =AVERAGE($C50:$D50)*F50 -> 0.068226986 | L50: =AVERAGE($C50:$D50)*G50 -> 0.054581589 | M50: =AVERAGE($C50:$D50)*H50 -> 0.034113493 | N50: =AVERAGE($C50:$D50)*I50 -> 0.034113493 | O50: =VLOOKUP(B50,'增加值 (2001-2060, 2020RMB)'!$A$14:$W$54,23,0)*(1+J50)^3 -> 21296.177 | P50: =VLOOKUP(B50,'增加值 (2001-2060, 2020RMB)'!$A$14:$AE$54,26,0)*(1+K50)^5 -> 28417.265 | Q50: =VLOOKUP(B50,'增加值 (2001-2060, 2020RMB)'!$A$14:$AE$54,31,0)*(1+L50)^5 -> 35070.47 | R50: =VLOOKUP(B50,'增加值 (2001-2060, 2020RMB)'!$A$14:$AJ$54,36,0)*(1+M50)^15 -> 53117.976 | S50: =VLOOKUP(B50,'增加值 (2001-2060, 2020RMB)'!$A$14:$AY$54,51,0)*(1+N50)^10 -> 53182.767
B51: 燃气生产和供应业 | C51: =(VLOOKUP(B51,'增加值 (2001-2060, 2020RMB)'!$A$13:$W$54,20,0)/VLOOKUP(B51,'增加值 (2001-2060, 2020RMB)'!$A$13:$W$54,17,0))^(1/3)-1 -> 0.12785054 | D51: =(VLOOKUP(B51,'增加值 (2001-2060, 2020RMB)'!$A$13:$W$54,23,0)/VLOOKUP(B51,'增加值 (2001-2060, 2020RMB)'!$A$13:$W$54,20,0))^(1/3)-1 -> 0.087030245 | E51: 1 | F51: 1 | G51: 0.8 | H51: 0.5 | I51: 0.5 | J51: =AVERAGE($C51:$D51)*E51 -> 0.10744039 | K51: =AVERAGE($C51:$D51)*F51 -> 0.10744039 | L51: =AVERAGE($C51:$D51)*G51 -> 0.085952314 | M51: =AVERAGE($C51:$D51)*H51 -> 0.053720196 | N51: =AVERAGE($C51:$D51)*I51 -> 0.053720196 | O51: =VLOOKUP(B51,'增加值 (2001-2060, 2020RMB)'!$A$14:$W$54,23,0)*(1+J51)^3 -> 3347.9301 | P51: =VLOOKUP(B51,'增加值 (2001-2060, 2020RMB)'!$A$14:$AE$54,26,0)*(1+K51)^5 -> 5349.8437 | Q51: =VLOOKUP(B51,'增加值 (2001-2060, 2020RMB)'!$A$14:$AE$54,31,0)*(1+L51)^5 -> 7644.5735 | R51: =VLOOKUP(B51,'增加值 (2001-2060, 2020RMB)'!$A$14:$AJ$54,36,0)*(1+M51)^15 -> 15346.512 | S51: =VLOOKUP(B51,'增加值 (2001-2060, 2020RMB)'!$A$14:$AY$54,51,0)*(1+N51)^10 -> 18540.015
B52: 水的生产和供应业 | C52: =(VLOOKUP(B52,'增加值 (2001-2060, 2020RMB)'!$A$13:$W$54,20,0)/VLOOKUP(B52,'增加值 (2001-2060, 2020RMB)'!$A$13:$W$54,17,0))^(1/3)-1 -> 0.067720747 | D52: =(VLOOKUP(B52,'增加值 (2001-2060, 2020RMB)'!$A$13:$W$54,23,0)/VLOOKUP(B52,'增加值 (2001-2060, 2020RMB)'!$A$13:$W$54,20,0))^(1/3)-1 -> 0.064716353 | E52: 1 | F52: 1 | G52: 0.8 | H52: 0.5 | I52: 0.5 | J52: =AVERAGE($C52:$D52)*E52 -> 0.06621855 | K52: =AVERAGE($C52:$D52)*F52 -> 0.06621855 | L52: =AVERAGE($C52:$D52)*G52 -> 0.05297484 | M52: =AVERAGE($C52:$D52)*H52 -> 0.033109275 | N52: =AVERAGE($C52:$D52)*I52 -> 0.033109275 | O52: =VLOOKUP(B52,'增加值 (2001-2060, 2020RMB)'!$A$14:$W$54,23,0)*(1+J52)^3 -> 1574.0311 | P52: =VLOOKUP(B52,'增加值 (2001-2060, 2020RMB)'!$A$14:$AE$54,26,0)*(1+K52)^5 -> 2080.69 | Q52: =VLOOKUP(B52,'增加值 (2001-2060, 2020RMB)'!$A$14:$AE$54,31,0)*(1+L52)^5 -> 2548.3304 | R52: =VLOOKUP(B52,'增加值 (2001-2060, 2020RMB)'!$A$14:$AJ$54,36,0)*(1+M52)^15 -> 3803.8773 | S52: =VLOOKUP(B52,'增加值 (2001-2060, 2020RMB)'!$A$14:$AY$54,51,0)*(1+N52)^10 -> 3771.6941
A53: 传统高载能产业 | B53: 纺织业 | C53: =(VLOOKUP(B53,'增加值 (2001-2060, 2020RMB)'!$A$13:$W$54,20,0)/VLOOKUP(B53,'增加值 (2001-2060, 2020RMB)'!$A$13:$W$54,17,0))^(1/3)-1 -> 0.011202933 | D53: =(VLOOKUP(B53,'增加值 (2001-2060, 2020RMB)'!$A$13:$W$54,23,0)/VLOOKUP(B53,'增加值 (2001-2060, 2020RMB)'!$A$13:$W$54,20,0))^(1/3)-1 -> 0.0054812952 | E53: 0.7 | F53: 0.575 | G53: 0.425 | H53: 0.25 | I53: 0.15 | J53: =AVERAGE($C53:$D53)*E53 -> 0.0058394797 | K53: =AVERAGE($C53:$D53)*F53 -> 0.0047967155 | L53: =AVERAGE($C53:$D53)*G53 -> 0.0035453984 | M53: =AVERAGE($C53:$D53)*H53 -> 0.0020855285 | N53: =AVERAGE($C53:$D53)*I53 -> 0.0012513171 | O53: =VLOOKUP(B53,'增加值 (2001-2060, 2020RMB)'!$A$14:$W$54,23,0)*(1+J53)^3 -> 8262.9153 | P53: =VLOOKUP(B53,'增加值 (2001-2060, 2020RMB)'!$A$14:$AE$54,26,0)*(1+K53)^5 -> 8118.714 | Q53: =VLOOKUP(B53,'增加值 (2001-2060, 2020RMB)'!$A$14:$AE$54,31,0)*(1+L53)^5 -> 7818.6316 | R53: =VLOOKUP(B53,'增加值 (2001-2060, 2020RMB)'!$A$14:$AJ$54,36,0)*(1+M53)^15 -> 7387.1933 | S53: =VLOOKUP(B53,'增加值 (2001-2060, 2020RMB)'!$A$14:$AY$54,51,0)*(1+N53)^10 -> 5354.9797
B54: 纺织服装、服饰业 | C54: =(VLOOKUP(B54,'增加值 (2001-2060, 2020RMB)'!$A$13:$W$54,20,0)/VLOOKUP(B54,'增加值 (2001-2060, 2020RMB)'!$A$13:$W$54,17,0))^(1/3)-1 -> 0.026934423 | D54: =(VLOOKUP(B54,'增加值 (2001-2060, 2020RMB)'!$A$13:$W$54,23,0)/VLOOKUP(B54,'增加值 (2001-2060, 2020RMB)'!$A$13:$W$54,20,0))^(1/3)-1 -> -0.0030027665 | E54: 0.7 | F54: 0.575 | G54: 0.425 | H54: 0.25 | I54: 0.15 | J54: =AVERAGE($C54:$D54)*E54 -> 0.0083760799 | K54: =AVERAGE($C54:$D54)*F54 -> 0.0068803513 | L54: =AVERAGE($C54:$D54)*G54 -> 0.0050854771 | M54: =AVERAGE($C54:$D54)*H54 -> 0.0029914571 | N54: =AVERAGE($C54:$D54)*I54 -> 0.0017948743 | O54: =VLOOKUP(B54,'增加值 (2001-2060, 2020RMB)'!$A$14:$W$54,23,0)*(1+J54)^3 -> 5274.596 | P54: =VLOOKUP(B54,'增加值 (2001-2060, 2020RMB)'!$A$14:$AE$54,26,0)*(1+K54)^5 -> 5236.504 | Q54: =VLOOKUP(B54,'增加值 (2001-2060, 2020RMB)'!$A$14:$AE$54,31,0)*(1+L54)^5 -> 5081.7678 | R54: =VLOOKUP(B54,'增加值 (2001-2060, 2020RMB)'!$A$14:$AJ$54,36,0)*(1+M54)^15 -> 4866.8749 | S54: =VLOOKUP(B54,'增加值 (2001-2060, 2020RMB)'!$A$14:$AY$54,51,0)*(1+N54)^10 -> 3547.1993
B55: 造纸和纸制品业 | C55: =(VLOOKUP(B55,'增加值 (2001-2060, 2020RMB)'!$A$13:$W$54,20,0)/VLOOKUP(B55,'增加值 (2001-2060, 2020RMB)'!$A$13:$W$54,17,0))^(1/3)-1 -> 0.021415722 | D55: =(VLOOKUP(B55,'增加值 (2001-2060, 2020RMB)'!$A$13:$W$54,23,0)/VLOOKUP(B55,'增加值 (2001-2060, 2020RMB)'!$A$13:$W$54,20,0))^(1/3)-1 -> 0.030419244 | E55: 0.7 | F55: 0.575 | G55: 0.425 | H55: 0.25 | I55: 0.15 | J55: =AVERAGE($C55:$D55)*E55 -> 0.018142238 | K55: =AVERAGE($C55:$D55)*F55 -> 0.014902553 | L55: =AVERAGE($C55:$D55)*G55 -> 0.01101493 | M55: =AVERAGE($C55:$D55)*H55 -> 0.0064793707 | N55: =AVERAGE($C55:$D55)*I55 -> 0.0038876224 | O55: =VLOOKUP(B55,'增加值 (2001-2060, 2020RMB)'!$A$14:$W$54,23,0)*(1+J55)^3 -> 4320.9604 | P55: =VLOOKUP(B55,'增加值 (2001-2060, 2020RMB)'!$A$14:$AE$54,26,0)*(1+K55)^5 -> 4463.3909 | Q55: =VLOOKUP(B55,'增加值 (2001-2060, 2020RMB)'!$A$14:$AE$54,31,0)*(1+L55)^5 -> 4460.7837 | R55: =VLOOKUP(B55,'增加值 (2001-2060, 2020RMB)'!$A$14:$AJ$54,36,0)*(1+M55)^15 -> 4500.5043 | S55: =VLOOKUP(B55,'增加值 (2001-2060, 2020RMB)'!$A$14:$AY$54,51,0)*(1+N55)^10 -> 3349.3423
B56: 石油、煤炭及其他燃料加工业 | C56: =(VLOOKUP(B56,'增加值 (2001-2060, 2020RMB)'!$A$13:$W$54,20,0)/VLOOKUP(B56,'增加值 (2001-2060, 2020RMB)'!$A$13:$W$54,17,0))^(1/3)-1 -> 0.043953138 | D56: =(VLOOKUP(B56,'增加值 (2001-2060, 2020RMB)'!$A$13:$W$54,23,0)/VLOOKUP(B56,'增加值 (2001-2060, 2020RMB)'!$A$13:$W$54,20,0))^(1/3)-1 -> -0.0048253327 | E56: 0.7 | F56: 0.575 | G56: 0.425 | H56: 0.25 | I56: 0.15 | J56: =AVERAGE($C56:$D56)*E56 -> 0.013694732 | K56: =AVERAGE($C56:$D56)*F56 -> 0.011249244 | L56: =AVERAGE($C56:$D56)*G56 -> 0.0083146587 | M56: =AVERAGE($C56:$D56)*H56 -> 0.0048909757 | N56: =AVERAGE($C56:$D56)*I56 -> 0.0029345854 | O56: =VLOOKUP(B56,'增加值 (2001-2060, 2020RMB)'!$A$14:$W$54,23,0)*(1+J56)^3 -> 6483.6559 | P56: =VLOOKUP(B56,'增加值 (2001-2060, 2020RMB)'!$A$14:$AE$54,26,0)*(1+K56)^5 -> 6577.6978 | Q56: =VLOOKUP(B56,'增加值 (2001-2060, 2020RMB)'!$A$14:$AE$54,31,0)*(1+L56)^5 -> 6486.5342 | R56: =VLOOKUP(B56,'增加值 (2001-2060, 2020RMB)'!$A$14:$AJ$54,36,0)*(1+M56)^15 -> 6391.0727 | S56: =VLOOKUP(B56,'增加值 (2001-2060, 2020RMB)'!$A$14:$AY$54,51,0)*(1+N56)^10 -> 4711.3699
B57: 化学原料和化学制品制造业 | C57: =(VLOOKUP(B57,'增加值 (2001-2060, 2020RMB)'!$A$13:$W$54,20,0)/VLOOKUP(B57,'增加值 (2001-2060, 2020RMB)'!$A$13:$W$54,17,0))^(1/3)-1 -> 0.030429297 | D57: =(VLOOKUP(B57,'增加值 (2001-2060, 2020RMB)'!$A$13:$W$54,23,0)/VLOOKUP(B57,'增加值 (2001-2060, 2020RMB)'!$A$13:$W$54,20,0))^(1/3)-1 -> 0.066952428 | E57: 0.7 | F57: 0.575 | G57: 0.425 | H57: 0.25 | I57: 0.15 | J57: =AVERAGE($C57:$D57)*E57 -> 0.034083604 | K57: =AVERAGE($C57:$D57)*F57 -> 0.027997246 | L57: =AVERAGE($C57:$D57)*G57 -> 0.020693617 | M57: =AVERAGE($C57:$D57)*H57 -> 0.012172716 | N57: =AVERAGE($C57:$D57)*I57 -> 0.0073036294 | O57: =VLOOKUP(B57,'增加值 (2001-2060, 2020RMB)'!$A$14:$W$54,23,0)*(1+J57)^3 -> 26594.837 | P57: =VLOOKUP(B57,'增加值 (2001-2060, 2020RMB)'!$A$14:$AE$54,26,0)*(1+K57)^5 -> 29290.042 | Q57: =VLOOKUP(B57,'增加值 (2001-2060, 2020RMB)'!$A$14:$AE$54,31,0)*(1+L57)^5 -> 30701.202 | R57: =VLOOKUP(B57,'增加值 (2001-2060, 2020RMB)'!$A$14:$AJ$54,36,0)*(1+M57)^15 -> 33709.446 | S57: =VLOOKUP(B57,'增加值 (2001-2060, 2020RMB)'!$A$14:$AY$54,51,0)*(1+N57)^10 -> 25953.92
B58: 化学纤维制造业 | C58: =(VLOOKUP(B58,'增加值 (2001-2060, 2020RMB)'!$A$13:$W$54,20,0)/VLOOKUP(B58,'增加值 (2001-2060, 2020RMB)'!$A$13:$W$54,17,0))^(1/3)-1 -> 0.073724698 | D58: =(VLOOKUP(B58,'增加值 (2001-2060, 2020RMB)'!$A$13:$W$54,23,0)/VLOOKUP(B58,'增加值 (2001-2060, 2020RMB)'!$A$13:$W$54,20,0))^(1/3)-1 -> 0.042588314 | E58: 0.7 | F58: 0.575 | G58: 0.425 | H58: 0.25 | I58: 0.15 | J58: =AVERAGE($C58:$D58)*E58 -> 0.040709554 | K58: =AVERAGE($C58:$D58)*F58 -> 0.033439991 | L58: =AVERAGE($C58:$D58)*G58 -> 0.024716515 | M58: =AVERAGE($C58:$D58)*H58 -> 0.014539126 | N58: =AVERAGE($C58:$D58)*I58 -> 0.0087234759 | O58: =VLOOKUP(B58,'增加值 (2001-2060, 2020RMB)'!$A$14:$W$54,23,0)*(1+J58)^3 -> 2093.4 | P58: =VLOOKUP(B58,'增加值 (2001-2060, 2020RMB)'!$A$14:$AE$54,26,0)*(1+K58)^5 -> 2367.2354 | Q58: =VLOOKUP(B58,'增加值 (2001-2060, 2020RMB)'!$A$14:$AE$54,31,0)*(1+L58)^5 -> 2530.571 | R58: =VLOOKUP(B58,'增加值 (2001-2060, 2020RMB)'!$A$14:$AJ$54,36,0)*(1+M58)^15 -> 2877.5798 | S58: =VLOOKUP(B58,'增加值 (2001-2060, 2020RMB)'!$A$14:$AY$54,51,0)*(1+N58)^10 -> 2246.9635
B59: 非金属矿物制品业 | C59: =(VLOOKUP(B59,'增加值 (2001-2060, 2020RMB)'!$A$13:$W$54,20,0)/VLOOKUP(B59,'增加值 (2001-2060, 2020RMB)'!$A$13:$W$54,17,0))^(1/3)-1 -> 0.04703944 | D59: =(VLOOKUP(B59,'增加值 (2001-2060, 2020RMB)'!$A$13:$W$54,23,0)/VLOOKUP(B59,'增加值 (2001-2060, 2020RMB)'!$A$13:$W$54,20,0))^(1/3)-1 -> 0.038161552 | E59: 0.7 | F59: 0.575 | G59: 0.425 | H59: 0.25 | I59: 0.15 | J59: =AVERAGE($C59:$D59)*E59 -> 0.029820347 | K59: =AVERAGE($C59:$D59)*F59 -> 0.024495285 | L59: =AVERAGE($C59:$D59)*G59 -> 0.018105211 | M59: =AVERAGE($C59:$D59)*H59 -> 0.010650124 | N59: =AVERAGE($C59:$D59)*I59 -> 0.0063900744 | O59: =VLOOKUP(B59,'增加值 (2001-2060, 2020RMB)'!$A$14:$W$54,23,0)*(1+J59)^3 -> 17610.318 | P59: =VLOOKUP(B59,'增加值 (2001-2060, 2020RMB)'!$A$14:$AE$54,26,0)*(1+K59)^5 -> 19066.893 | Q59: =VLOOKUP(B59,'增加值 (2001-2060, 2020RMB)'!$A$14:$AE$54,31,0)*(1+L59)^5 -> 19733.386 | R59: =VLOOKUP(B59,'增加值 (2001-2060, 2020RMB)'!$A$14:$AJ$54,36,0)*(1+M59)^15 -> 21183.171 | S59: =VLOOKUP(B59,'增加值 (2001-2060, 2020RMB)'!$A$14:$AY$54,51,0)*(1+N59)^10 -> 16162.249
B60: 黑色金属冶炼和压延加工业 | C60: =(VLOOKUP(B60,'增加值 (2001-2060, 2020RMB)'!$A$13:$W$54,20,0)/VLOOKUP(B60,'增加值 (2001-2060, 2020RMB)'!$A$13:$W$54,17,0))^(1/3)-1 -> 0.046512456 | D60: =(VLOOKUP(B60,'增加值 (2001-2060, 2020RMB)'!$A$13:$W$54,23,0)/VLOOKUP(B60,'增加值 (2001-2060, 2020RMB)'!$A$13:$W$54,20,0))^(1/3)-1 -> 0.037900502 | E60: 0.7 | F60: 0.575 | G60: 0.425 | H60: 0.25 | I60: 0.15 | J60: =AVERAGE($C60:$D60)*E60 -> 0.029544535 | K60: =AVERAGE($C60:$D60)*F60 -> 0.024268726 | L60: =AVERAGE($C60:$D60)*G60 -> 0.017937754 | M60: =AVERAGE($C60:$D60)*H60 -> 0.01055162 | N60: =AVERAGE($C60:$D60)*I60 -> 0.0063309719 | O60: =VLOOKUP(B60,'增加值 (2001-2060, 2020RMB)'!$A$14:$W$54,23,0)*(1+J60)^3 -> 23465.489 | P60: =VLOOKUP(B60,'增加值 (2001-2060, 2020RMB)'!$A$14:$AE$54,26,0)*(1+K60)^5 -> 25378.274 | Q60: =VLOOKUP(B60,'增加值 (2001-2060, 2020RMB)'!$A$14:$AE$54,31,0)*(1+L60)^5 -> 26243.791 | R60: =VLOOKUP(B60,'增加值 (2001-2060, 2020RMB)'!$A$14:$AJ$54,36,0)*(1+M60)^15 -> 28130.728 | S60: =VLOOKUP(B60,'增加值 (2001-2060, 2020RMB)'!$A$14:$AY$54,51,0)*(1+N60)^10 -> 21450.466
B61: 有色金属冶炼和压延加工业 | C61: =(VLOOKUP(B61,'增加值 (2001-2060, 2020RMB)'!$A$13:$W$54,20,0)/VLOOKUP(B61,'增加值 (2001-2060, 2020RMB)'!$A$13:$W$54,17,0))^(1/3)-1 -> 0.051040412 | D61: =(VLOOKUP(B61,'增加值 (2001-2060, 2020RMB)'!$A$13:$W$54,23,0)/VLOOKUP(B61,'增加值 (2001-2060, 2020RMB)'!$A$13:$W$54,20,0))^(1/3)-1 -> 0.046563598 | E61: 0.7 | F61: 0.575 | G61: 0.425 | H61: 0.25 | I61: 0.15 | J61: =AVERAGE($C61:$D61)*E61 -> 0.034161404 | K61: =AVERAGE($C61:$D61)*F61 -> 0.028061153 | L61: =AVERAGE($C61:$D61)*G61 -> 0.020740852 | M61: =AVERAGE($C61:$D61)*H61 -> 0.012200501 | N61: =AVERAGE($C61:$D61)*I61 -> 0.0073203008 | O61: =VLOOKUP(B61,'增加值 (2001-2060, 2020RMB)'!$A$14:$W$54,23,0)*(1+J61)^3 -> 14604.363 | P61: =VLOOKUP(B61,'增加值 (2001-2060, 2020RMB)'!$A$14:$AE$54,26,0)*(1+K61)^5 -> 16089.416 | Q61: =VLOOKUP(B61,'增加值 (2001-2060, 2020RMB)'!$A$14:$AE$54,31,0)*(1+L61)^5 -> 16868.488 | R61: =VLOOKUP(B61,'增加值 (2001-2060, 2020RMB)'!$A$14:$AJ$54,36,0)*(1+M61)^15 -> 18528.968 | S61: =VLOOKUP(B61,'增加值 (2001-2060, 2020RMB)'!$A$14:$AY$54,51,0)*(1+N61)^10 -> 14268.373
A62: 轻工业 | B62: 农副食品加工业 | C62: =(VLOOKUP(B62,'增加值 (2001-2060, 2020RMB)'!$A$13:$W$54,20,0)/VLOOKUP(B62,'增加值 (2001-2060, 2020RMB)'!$A$13:$W$54,17,0))^(1/3)-1 -> 0.038478238 | D62: =(VLOOKUP(B62,'增加值 (2001-2060, 2020RMB)'!$A$13:$W$54,23,0)/VLOOKUP(B62,'增加值 (2001-2060, 2020RMB)'!$A$13:$W$54,20,0))^(1/3)-1 -> 0.030088113 | E62: 0.7 | F62: 0.5 | G62: 0.4 | H62: 0.25 | I62: 0.2 | J62: =AVERAGE($C62:$D62)*E62 -> 0.023998223 | K62: =AVERAGE($C62:$D62)*F62 -> 0.017141588 | L62: =AVERAGE($C62:$D62)*G62 -> 0.01371327 | M62: =AVERAGE($C62:$D62)*H62 -> 0.0085707938 | N62: =AVERAGE($C62:$D62)*I62 -> 0.006856635 | O62: =VLOOKUP(B62,'增加值 (2001-2060, 2020RMB)'!$A$14:$W$54,23,0)*(1+J62)^3 -> 12865.168 | P62: =VLOOKUP(B62,'增加值 (2001-2060, 2020RMB)'!$A$14:$AE$54,26,0)*(1+K62)^5 -> 13436.478 | Q62: =VLOOKUP(B62,'增加值 (2001-2060, 2020RMB)'!$A$14:$AE$54,31,0)*(1+L62)^5 -> 13608.789 | R62: =VLOOKUP(B62,'增加值 (2001-2060, 2020RMB)'!$A$14:$AJ$54,36,0)*(1+M62)^15 -> 14164.204 | S62: =VLOOKUP(B62,'增加值 (2001-2060, 2020RMB)'!$A$14:$AY$54,51,0)*(1+N62)^10 -> 10857.151
B63: 食品制造业 | C63: =(VLOOKUP(B63,'增加值 (2001-2060, 2020RMB)'!$A$13:$W$54,20,0)/VLOOKUP(B63,'增加值 (2001-2060, 2020RMB)'!$A$13:$W$54,17,0))^(1/3)-1 -> 0.060041289 | D63: =(VLOOKUP(B63,'增加值 (2001-2060, 2020RMB)'!$A$13:$W$54,23,0)/VLOOKUP(B63,'增加值 (2001-2060, 2020RMB)'!$A$13:$W$54,20,0))^(1/3)-1 -> 0.046893213 | E63: 0.7 | F63: 0.5 | G63: 0.4 | H63: 0.3 | I63: 0.2 | J63: =AVERAGE($C63:$D63)*E63 -> 0.037427076 | K63: =AVERAGE($C63:$D63)*F63 -> 0.026733625 | L63: =AVERAGE($C63:$D63)*G63 -> 0.0213869 | M63: =AVERAGE($C63:$D63)*H63 -> 0.016040175 | N63: =AVERAGE($C63:$D63)*I63 -> 0.01069345 | O63: =VLOOKUP(B63,'增加值 (2001-2060, 2020RMB)'!$A$14:$W$54,23,0)*(1+J63)^3 -> 7400.3114 | P63: =VLOOKUP(B63,'增加值 (2001-2060, 2020RMB)'!$A$14:$AE$54,26,0)*(1+K63)^5 -> 8100.3136 | Q63: =VLOOKUP(B63,'增加值 (2001-2060, 2020RMB)'!$A$14:$AE$54,31,0)*(1+L63)^5 -> 8519.4516 | R63: =VLOOKUP(B63,'增加值 (2001-2060, 2020RMB)'!$A$14:$AJ$54,36,0)*(1+M63)^15 -> 9904.9367 | S63: =VLOOKUP(B63,'增加值 (2001-2060, 2020RMB)'!$A$14:$AY$54,51,0)*(1+N63)^10 -> 7886.6684
B64: 酒、饮料和精制茶制造业 | C64: =(VLOOKUP(B64,'增加值 (2001-2060, 2020RMB)'!$A$13:$W$54,20,0)/VLOOKUP(B64,'增加值 (2001-2060, 2020RMB)'!$A$13:$W$54,17,0))^(1/3)-1 -> 0.065041664 | D64: =(VLOOKUP(B64,'增加值 (2001-2060, 2020RMB)'!$A$13:$W$54,23,0)/VLOOKUP(B64,'增加值 (2001-2060, 2020RMB)'!$A$13:$W$54,20,0))^(1/3)-1 -> 0.053855301 | E64: 0.7 | F64: 0.5 | G64: 0.4 | H64: 0.3 | I64: 0.2 | J64: =AVERAGE($C64:$D64)*E64 -> 0.041613938 | K64: =AVERAGE($C64:$D64)*F64 -> 0.029724241 | L64: =AVERAGE($C64:$D64)*G64 -> 0.023779393 | M64: =AVERAGE($C64:$D64)*H64 -> 0.017834545 | N64: =AVERAGE($C64:$D64)*I64 -> 0.011889696 | O64: =VLOOKUP(B64,'增加值 (2001-2060, 2020RMB)'!$A$14:$W$54,23,0)*(1+J64)^3 -> 8218.2868 | P64: =VLOOKUP(B64,'增加值 (2001-2060, 2020RMB)'!$A$14:$AE$54,26,0)*(1+K64)^5 -> 9127.4379 | Q64: =VLOOKUP(B64,'增加值 (2001-2060, 2020RMB)'!$A$14:$AE$54,31,0)*(1+L64)^5 -> 9712.6826 | R64: =VLOOKUP(B64,'增加值 (2001-2060, 2020RMB)'!$A$14:$AJ$54,36,0)*(1+M64)^15 -> 11595.083 | S64: =VLOOKUP(B64,'增加值 (2001-2060, 2020RMB)'!$A$14:$AY$54,51,0)*(1+N64)^10 -> 9342.2814
B65: 烟草制品业 | C65: =(VLOOKUP(B65,'增加值 (2001-2060, 2020RMB)'!$A$13:$W$54,20,0)/VLOOKUP(B65,'增加值 (2001-2060, 2020RMB)'!$A$13:$W$54,17,0))^(1/3)-1 -> 0.038972978 | D65: =(VLOOKUP(B65,'增加值 (2001-2060, 2020RMB)'!$A$13:$W$54,23,0)/VLOOKUP(B65,'增加值 (2001-2060, 2020RMB)'!$A$13:$W$54,20,0))^(1/3)-1 -> 0.053533902 | E65: 0.7 | F65: 0.5 | G65: 0.4 | H65: 0.3 | I65: 0.2 | J65: =AVERAGE($C65:$D65)*E65 -> 0.032377408 | K65: =AVERAGE($C65:$D65)*F65 -> 0.02312672 | L65: =AVERAGE($C65:$D65)*G65 -> 0.018501376 | M65: =AVERAGE($C65:$D65)*H65 -> 0.013876032 | N65: =AVERAGE($C65:$D65)*I65 -> 0.0092506881 | O65: =VLOOKUP(B65,'增加值 (2001-2060, 2020RMB)'!$A$14:$W$54,23,0)*(1+J65)^3 -> 9924.2041 | P65: =VLOOKUP(B65,'增加值 (2001-2060, 2020RMB)'!$A$14:$AE$54,26,0)*(1+K65)^5 -> 10673.472 | Q65: =VLOOKUP(B65,'增加值 (2001-2060, 2020RMB)'!$A$14:$AE$54,31,0)*(1+L65)^5 -> 11068.078 | R65: =VLOOKUP(B65,'增加值 (2001-2060, 2020RMB)'!$A$14:$AJ$54,36,0)*(1+M65)^15 -> 12462.981 | S65: =VLOOKUP(B65,'增加值 (2001-2060, 2020RMB)'!$A$14:$AY$54,51,0)*(1+N65)^10 -> 9782.7245
B66: 皮革、毛皮、羽毛及其制品和制鞋业 | C66: =(VLOOKUP(B66,'增加值 (2001-2060, 2020RMB)'!$A$13:$W$54,20,0)/VLOOKUP(B66,'增加值 (2001-2060, 2020RMB)'!$A$13:$W$54,17,0))^(1/3)-1 -> 0.028059626 | D66: =(VLOOKUP(B66,'增加值 (2001-2060, 2020RMB)'!$A$13:$W$54,23,0)/VLOOKUP(B66,'增加值 (2001-2060, 2020RMB)'!$A$13:$W$54,20,0))^(1/3)-1 -> -0.0076523101 | E66: 0.7 | F66: 0.5 | G66: 0.4 | H66: 0.3 | I66: 0.2 | J66: =AVERAGE($C66:$D66)*E66 -> 0.0071425605 | K66: =AVERAGE($C66:$D66)*F66 -> 0.0051018289 | L66: =AVERAGE($C66:$D66)*G66 -> 0.0040814631 | M66: =AVERAGE($C66:$D66)*H66 -> 0.0030610973 | N66: =AVERAGE($C66:$D66)*I66 -> 0.0020407316 | O66: =VLOOKUP(B66,'增加值 (2001-2060, 2020RMB)'!$A$14:$W$54,23,0)*(1+J66)^3 -> 3427.7754 | P66: =VLOOKUP(B66,'增加值 (2001-2060, 2020RMB)'!$A$14:$AE$54,26,0)*(1+K66)^5 -> 3373.0718 | Q66: =VLOOKUP(B66,'增加值 (2001-2060, 2020RMB)'!$A$14:$AE$54,31,0)*(1+L66)^5 -> 3257.0822 | R66: =VLOOKUP(B66,'增加值 (2001-2060, 2020RMB)'!$A$14:$AJ$54,36,0)*(1+M66)^15 -> 3122.6001 | S66: =VLOOKUP(B66,'增加值 (2001-2060, 2020RMB)'!$A$14:$AY$54,51,0)*(1+N66)^10 -> 2281.4843
B67: 木材加工和木、竹、藤、棕、草制品业 | C67: =(VLOOKUP(B67,'增加值 (2001-2060, 2020RMB)'!$A$13:$W$54,20,0)/VLOOKUP(B67,'增加值 (2001-2060, 2020RMB)'!$A$13:$W$54,17,0))^(1/3)-1 -> 0.027321656 | D67: =(VLOOKUP(B67,'增加值 (2001-2060, 2020RMB)'!$A$13:$W$54,23,0)/VLOOKUP(B67,'增加值 (2001-2060, 2020RMB)'!$A$13:$W$54,20,0))^(1/3)-1 -> 0.03308081 | E67: 0.7 | F67: 0.5 | G67: 0.4 | H67: 0.3 | I67: 0.2 | J67: =AVERAGE($C67:$D67)*E67 -> 0.021140863 | K67: =AVERAGE($C67:$D67)*F67 -> 0.015100617 | L67: =AVERAGE($C67:$D67)*G67 -> 0.012080493 | M67: =AVERAGE($C67:$D67)*H67 -> 0.00906037 | N67: =AVERAGE($C67:$D67)*I67 -> 0.0060402467 | O67: =VLOOKUP(B67,'增加值 (2001-2060, 2020RMB)'!$A$14:$W$54,23,0)*(1+J67)^3 -> 3267.8928 | P67: =VLOOKUP(B67,'增加值 (2001-2060, 2020RMB)'!$A$14:$AE$54,26,0)*(1+K67)^5 -> 3378.9065 | Q67: =VLOOKUP(B67,'增加值 (2001-2060, 2020RMB)'!$A$14:$AE$54,31,0)*(1+L67)^5 -> 3394.7659 | R67: =VLOOKUP(B67,'增加值 (2001-2060, 2020RMB)'!$A$14:$AJ$54,36,0)*(1+M67)^15 -> 3559.1307 | S67: =VLOOKUP(B67,'增加值 (2001-2060, 2020RMB)'!$A$14:$AY$54,51,0)*(1+N67)^10 -> 2706.1063
B68: 家具制造业 | C68: =(VLOOKUP(B68,'增加值 (2001-2060, 2020RMB)'!$A$13:$W$54,20,0)/VLOOKUP(B68,'增加值 (2001-2060, 2020RMB)'!$A$13:$W$54,17,0))^(1/3)-1 -> 0.049172686 | D68: =(VLOOKUP(B68,'增加值 (2001-2060, 2020RMB)'!$A$13:$W$54,23,0)/VLOOKUP(B68,'增加值 (2001-2060, 2020RMB)'!$A$13:$W$54,20,0))^(1/3)-1 -> 0.0079168483 | E68: 0.7 | F68: 0.5 | G68: 0.4 | H68: 0.3 | I68: 0.2 | J68: =AVERAGE($C68:$D68)*E68 -> 0.019981337 | K68: =AVERAGE($C68:$D68)*F68 -> 0.014272383 | L68: =AVERAGE($C68:$D68)*G68 -> 0.011417907 | M68: =AVERAGE($C68:$D68)*H68 -> 0.0085634301 | N68: =AVERAGE($C68:$D68)*I68 -> 0.0057089534 | O68: =VLOOKUP(B68,'增加值 (2001-2060, 2020RMB)'!$A$14:$W$54,23,0)*(1+J68)^3 -> 1912.3335 | P68: =VLOOKUP(B68,'增加值 (2001-2060, 2020RMB)'!$A$14:$AE$54,26,0)*(1+K68)^5 -> 1969.2441 | Q68: =VLOOKUP(B68,'增加值 (2001-2060, 2020RMB)'!$A$14:$AE$54,31,0)*(1+L68)^5 -> 1972.0192 | R68: =VLOOKUP(B68,'增加值 (2001-2060, 2020RMB)'!$A$14:$AJ$54,36,0)*(1+M68)^15 -> 2052.2782 | S68: =VLOOKUP(B68,'增加值 (2001-2060, 2020RMB)'!$A$14:$AY$54,51,0)*(1+N68)^10 -> 1555.2735
B69: 印刷和记录媒介复制业 | C69: =(VLOOKUP(B69,'增加值 (2001-2060, 2020RMB)'!$A$13:$W$54,20,0)/VLOOKUP(B69,'增加值 (2001-2060, 2020RMB)'!$A$13:$W$54,17,0))^(1/3)-1 -> 0.053112706 | D69: =(VLOOKUP(B69,'增加值 (2001-2060, 2020RMB)'!$A$13:$W$54,23,0)/VLOOKUP(B69,'增加值 (2001-2060, 2020RMB)'!$A$13:$W$54,20,0))^(1/3)-1 -> 0.038330073 | E69: 0.7 | F69: 0.5 | G69: 0.4 | H69: 0.3 | I69: 0.2 | J69: =AVERAGE($C69:$D69)*E69 -> 0.032004973 | K69: =AVERAGE($C69:$D69)*F69 -> 0.022860695 | L69: =AVERAGE($C69:$D69)*G69 -> 0.018288556 | M69: =AVERAGE($C69:$D69)*H69 -> 0.013716417 | N69: =AVERAGE($C69:$D69)*I69 -> 0.0091442779 | O69: =VLOOKUP(B69,'增加值 (2001-2060, 2020RMB)'!$A$14:$W$54,23,0)*(1+J69)^3 -> 2141.0352 | P69: =VLOOKUP(B69,'增加值 (2001-2060, 2020RMB)'!$A$14:$AE$54,26,0)*(1+K69)^5 -> 2299.6893 | Q69: =VLOOKUP(B69,'增加值 (2001-2060, 2020RMB)'!$A$14:$AE$54,31,0)*(1+L69)^5 -> 2382.22 | R69: =VLOOKUP(B69,'增加值 (2001-2060, 2020RMB)'!$A$14:$AJ$54,36,0)*(1+M69)^15 -> 2676.1221 | S69: =VLOOKUP(B69,'增加值 (2001-2060, 2020RMB)'!$A$14:$AY$54,51,0)*(1+N69)^10 -> 2098.3885
B70: 文教、工美、体育和娱乐用品制造业 | C70: =(VLOOKUP(B70,'增加值 (2001-2060, 2020RMB)'!$A$13:$W$54,20,0)/VLOOKUP(B70,'增加值 (2001-2060, 2020RMB)'!$A$13:$W$54,17,0))^(1/3)-1 -> 0.049337411 | D70: =(VLOOKUP(B70,'增加值 (2001-2060, 2020RMB)'!$A$13:$W$54,23,0)/VLOOKUP(B70,'增加值 (2001-2060, 2020RMB)'!$A$13:$W$54,20,0))^(1/3)-1 -> 0.02482455 | E70: 0.7 | F70: 0.5 | G70: 0.4 | H70: 0.3 | I70: 0.2 | J70: =AVERAGE($C70:$D70)*E70 -> 0.025956686 | K70: =AVERAGE($C70:$D70)*F70 -> 0.01854049 | L70: =AVERAGE($C70:$D70)*G70 -> 0.014832392 | M70: =AVERAGE($C70:$D70)*H70 -> 0.011124294 | N70: =AVERAGE($C70:$D70)*I70 -> 0.0074161961 | O70: =VLOOKUP(B70,'增加值 (2001-2060, 2020RMB)'!$A$14:$W$54,23,0)*(1+J70)^3 -> 2521.6776 | P70: =VLOOKUP(B70,'增加值 (2001-2060, 2020RMB)'!$A$14:$AE$54,26,0)*(1+K70)^5 -> 2651.8195 | Q70: =VLOOKUP(B70,'增加值 (2001-2060, 2020RMB)'!$A$14:$AE$54,31,0)*(1+L70)^5 -> 2700.6851 | R70: =VLOOKUP(B70,'增加值 (2001-2060, 2020RMB)'!$A$14:$AJ$54,36,0)*(1+M70)^15 -> 2919.5706 | S70: =VLOOKUP(B70,'增加值 (2001-2060, 2020RMB)'!$A$14:$AY$54,51,0)*(1+N70)^10 -> 2250.3788
A71: 装备制造 | B71: 金属制品业 | C71: =(VLOOKUP(B71,'增加值 (2001-2060, 2020RMB)'!$A$13:$W$54,20,0)/VLOOKUP(B71,'增加值 (2001-2060, 2020RMB)'!$A$13:$W$54,17,0))^(1/3)-1 -> 0.043911486 | D71: =(VLOOKUP(B71,'增加值 (2001-2060, 2020RMB)'!$A$13:$W$54,23,0)/VLOOKUP(B71,'增加值 (2001-2060, 2020RMB)'!$A$13:$W$54,20,0))^(1/3)-1 -> 0.075370858 | E71: 0.85 | F71: 0.75 | G71: 0.65 | H71: 0.45 | I71: 0.35 | J71: =AVERAGE($C71:$D71)*E71 -> 0.050694996 | K71: =AVERAGE($C71:$D71)*F71 -> 0.044730879 | L71: =AVERAGE($C71:$D71)*G71 -> 0.038766762 | M71: =AVERAGE($C71:$D71)*H71 -> 0.026838527 | N71: =AVERAGE($C71:$D71)*I71 -> 0.02087441 | O71: =VLOOKUP(B71,'增加值 (2001-2060, 2020RMB)'!$A$14:$W$54,23,0)*(1+J71)^3 -> 17606.885 | P71: =VLOOKUP(B71,'增加值 (2001-2060, 2020RMB)'!$A$14:$AE$54,26,0)*(1+K71)^5 -> 21021.688 | Q71: =VLOOKUP(B71,'增加值 (2001-2060, 2020RMB)'!$A$14:$AE$54,31,0)*(1+L71)^5 -> 24055.601 | R71: =VLOOKUP(B71,'增加值 (2001-2060, 2020RMB)'!$A$14:$AJ$54,36,0)*(1+M71)^15 -> 32773.694 | S71: =VLOOKUP(B71,'增加值 (2001-2060, 2020RMB)'!$A$14:$AY$54,51,0)*(1+N71)^10 -> 28846.686
B72: 通用设备制造业 | C72: =(VLOOKUP(B72,'增加值 (2001-2060, 2020RMB)'!$A$13:$W$54,20,0)/VLOOKUP(B72,'增加值 (2001-2060, 2020RMB)'!$A$13:$W$54,17,0))^(1/3)-1 -> 0.062830621 | D72: =(VLOOKUP(B72,'增加值 (2001-2060, 2020RMB)'!$A$13:$W$54,23,0)/VLOOKUP(B72,'增加值 (2001-2060, 2020RMB)'!$A$13:$W$54,20,0))^(1/3)-1 -> 0.06093611 | E72: 0.85 | F72: 0.75 | G72: 0.65 | H72: 0.45 | I72: 0.35 | J72: =AVERAGE($C72:$D72)*E72 -> 0.052600861 | K72: =AVERAGE($C72:$D72)*F72 -> 0.046412524 | L72: =AVERAGE($C72:$D72)*G72 -> 0.040224187 | M72: =AVERAGE($C72:$D72)*H72 -> 0.027847514 | N72: =AVERAGE($C72:$D72)*I72 -> 0.021659178 | O72: =VLOOKUP(B72,'增加值 (2001-2060, 2020RMB)'!$A$14:$W$54,23,0)*(1+J72)^3 -> 18418.836 | P72: =VLOOKUP(B72,'增加值 (2001-2060, 2020RMB)'!$A$14:$AE$54,26,0)*(1+K72)^5 -> 22168.675 | Q72: =VLOOKUP(B72,'增加值 (2001-2060, 2020RMB)'!$A$14:$AE$54,31,0)*(1+L72)^5 -> 25546.586 | R72: =VLOOKUP(B72,'增加值 (2001-2060, 2020RMB)'!$A$14:$AJ$54,36,0)*(1+M72)^15 -> 35321.576 | S72: =VLOOKUP(B72,'增加值 (2001-2060, 2020RMB)'!$A$14:$AY$54,51,0)*(1+N72)^10 -> 31329.095
