Workbook

Sheet Vehicle Sales Database
A1: Index | B1: Year | C1: FuelType | D1: Fuel Type Adjusted | E1: Class | F1: UseType | G1: Class2 | H1: Database Class | I1: EPS Class | J1: Sales | M1: Fuel Adjustment | P1: Class Adjustment
A2: 1 | B2: 2015 | C2: 插电式混合动力 | D2: =VLOOKUP(C2,M$3:N$16,2,FALSE) -> plugin hybrid vehicle | E2: 大型客车 | F2: 城市公交 | G2: 商用车 | H2: =VLOOKUP(E2&F2&G2,$S$3:$U$68,2,FALSE) -> 公交车 | I2: =VLOOKUP(E2&F2&G2,$S$3:$U$68,3,FALSE) -> Passenger HDV | J2: 16295 | M2: FuelType | N2: Fuel Type Adjusted | P2: Class | Q2: UseType | R2: Class2 | S2: Key | T2: Database | U2: EPS | V2: 数量
A3: 2 | B3: 2016 | C3: 插电式混合动力 | D3: =VLOOKUP(C3,M$3:N$16,2,FALSE) -> plugin hybrid vehicle | E3: 大型客车 | F3: 城市公交 | G3: 商用车 | H3: =VLOOKUP(E3&F3&G3,$S$3:$U$68,2,FALSE) -> 公交车 | I3: =VLOOKUP(E3&F3&G3,$S$3:$U$68,3,FALSE) -> Passenger HDV | J3: 4474 | M3: 插电式混合动力 | N3: plugin hybrid vehicle | P3: 小型客车 | Q3: 非营运 | R3: 乘用车 | S3: =P3&Q3&R3 -> 小型客车非营运乘用车 | T3: 乘用车 | U3: Passenger LDV | V3: =SUMIFS(J:J,E:E,P3,F:F,Q3,G:G,R3) -> 150944896
A4: 3 | B4: 2017 | C4: 插电式混合动力 | D4: =VLOOKUP(C4,M$3:N$16,2,FALSE) -> plugin hybrid vehicle | E4: 大型客车 | F4: 城市公交 | G4: 商用车 | H4: =VLOOKUP(E4&F4&G4,$S$3:$U$68,2,FALSE) -> 公交车 | I4: =VLOOKUP(E4&F4&G4,$S$3:$U$68,3,FALSE) -> Passenger HDV | J4: 12043 | M4: 柴油 | N4: diesel vehicle | P4: 轻型货车 | Q4: 非营运 | R4: 商用车 | S4: =P4&Q4&R4 -> 轻型货车非营运商用车 | T4: 轻型货车 | U4: Freight LDV | V4: =SUMIFS(J:J,E:E,P4,F:F,Q4,G:G,R4) -> 10907801
A5: 4 | B5: 2018 | C5: 插电式混合动力 | D5: =VLOOKUP(C5,M$3:N$16,2,FALSE) -> plugin hybrid vehicle | E5: 大型客车 | F5: 城市公交 | G5: 商用车 | H5: =VLOOKUP(E5&F5&G5,$S$3:$U$68,2,FALSE) -> 公交车 | I5: =VLOOKUP(E5&F5&G5,$S$3:$U$68,3,FALSE) -> Passenger HDV | J5: 5764 | M5: 纯电动 | N5: battery electric vehicle | P5: 重型货车 | Q5: 营运 | R5: 商用车 | S5: =P5&Q5&R5 -> 重型货车营运商用车 | T5: 中重型货车 | U5: Freight HDV | V5: =SUMIFS(J:J,E:E,P5,F:F,Q5,G:G,R5) -> 6273983
A6: 5 | B6: 2019 | C6: 插电式混合动力 | D6: =VLOOKUP(C6,M$3:N$16,2,FALSE) -> plugin hybrid vehicle | E6: 大型客车 | F6: 城市公交 | G6: 商用车 | H6: =VLOOKUP(E6&F6&G6,$S$3:$U$68,2,FALSE) -> 公交车 | I6: =VLOOKUP(E6&F6&G6,$S$3:$U$68,3,FALSE) -> Passenger HDV | J6: 4294 | M6: 混合动力 | N6: hybrid fuel vehicle | P6: 轻型货车 | Q6: 营运 | R6: 商用车 | S6: =P6&Q6&R6 -> 轻型货车营运商用车 | T6: 轻型货车 | U6: Freight LDV | V6: =SUMIFS(J:J,E:E,P6,F:F,Q6,G:G,R6) -> 3069497
A7: 6 | B7: 2020 | C7: 插电式混合动力 | D7: =VLOOKUP(C7,M$3:N$16,2,FALSE) -> plugin hybrid vehicle | E7: 大型客车 | F7: 城市公交 | G7: 商用车 | H7: =VLOOKUP(E7&F7&G7,$S$3:$U$68,2,FALSE) -> 公交车 | I7: =VLOOKUP(E7&F7&G7,$S$3:$U$68,3,FALSE) -> Passenger HDV | J7: 5040 | M7: 汽油 | N7: gasoline vehicle | P7: 小型客车 | Q7: 出租租赁 | R7: 乘用车 | S7: =P7&Q7&R7 -> 小型客车出租租赁乘用车 | T7: 出租车 | U7: Passenger LDV | V7: =SUMIFS(J:J,E:E,P7,F:F,Q7,G:G,R7) -> 2976234
A8: 7 | B8: 2021 | C8: 插电式混合动力 | D8: =VLOOKUP(C8,M$3:N$16,2,FALSE) -> plugin hybrid vehicle | E8: 大型客车 | F8: 城市公交 | G8: 商用车 | H8: =VLOOKUP(E8&F8&G8,$S$3:$U$68,2,FALSE) -> 公交车 | I8: =VLOOKUP(E8&F8&G8,$S$3:$U$68,3,FALSE) -> Passenger HDV | J8: 1224 | M8: 汽油-天然气 | N8: natural gas vehicle | P8: 未知 | Q8: 非营运 | R8: 商用车 | S8: =P8&Q8&R8 -> 未知非营运商用车 | T8: Unknown | U8: Unknown | V8: =SUMIFS(J:J,E:E,P8,F:F,Q8,G:G,R8) -> 2193211
A9: 8 | B9: 2015 | C9: 柴油 | D9: =VLOOKUP(C9,M$3:N$16,2,FALSE) -> diesel vehicle | E9: 大型客车 | F9: 城市公交 | G9: 商用车 | H9: =VLOOKUP(E9&F9&G9,$S$3:$U$68,2,FALSE) -> 公交车 | I9: =VLOOKUP(E9&F9&G9,$S$3:$U$68,3,FALSE) -> Passenger HDV | J9: 21733 | M9: 燃料电池 | N9: hydrogen vehicle | P9: 微型客车 | Q9: 非营运 | R9: 乘用车 | S9: =P9&Q9&R9 -> 微型客车非营运乘用车 | T9: 乘用车 | U9: Passenger LDV | V9: =SUMIFS(J:J,E:E,P9,F:F,Q9,G:G,R9) -> 1396360
A10: 9 | B10: 2016 | C10: 柴油 | D10: =VLOOKUP(C10,M$3:N$16,2,FALSE) -> diesel vehicle | E10: 大型客车 | F10: 城市公交 | G10: 商用车 | H10: =VLOOKUP(E10&F10&G10,$S$3:$U$68,2,FALSE) -> 公交车 | I10: =VLOOKUP(E10&F10&G10,$S$3:$U$68,3,FALSE) -> Passenger HDV | J10: 7308 | M10: 天然气 | N10: natural gas vehicle | P10: 小型客车 | Q10: 非营运 | R10: 商用车 | S10: =P10&Q10&R10 -> 小型客车非营运商用车 | T10: 乘用车 | U10: Passenger LDV | V10: =SUMIFS(J:J,E:E,P10,F:F,Q10,G:G,R10) -> 1152779
A11: 10 | B11: 2017 | C11: 柴油 | D11: =VLOOKUP(C11,M$3:N$16,2,FALSE) -> diesel vehicle | E11: 大型客车 | F11: 城市公交 | G11: 商用车 | H11: =VLOOKUP(E11&F11&G11,$S$3:$U$68,2,FALSE) -> 公交车 | I11: =VLOOKUP(E11&F11&G11,$S$3:$U$68,3,FALSE) -> Passenger HDV | J11: 4681 | M11: 无 | N11: unknown | P11: 重型货车 | Q11: 未知 | R11: 商用车 | S11: =P11&Q11&R11 -> 重型货车未知商用车 | T11: 中重型货车 | U11: Freight HDV | V11: =SUMIFS(J:J,E:E,P11,F:F,Q11,G:G,R11) -> 683717
A12: 11 | B12: 2018 | C12: 柴油 | D12: =VLOOKUP(C12,M$3:N$16,2,FALSE) -> diesel vehicle | E12: 大型客车 | F12: 城市公交 | G12: 商用车 | H12: =VLOOKUP(E12&F12&G12,$S$3:$U$68,2,FALSE) -> 公交车 | I12: =VLOOKUP(E12&F12&G12,$S$3:$U$68,3,FALSE) -> Passenger HDV | J12: 2329 | M12: 甲醇 | N12: other fuel vehicle | P12: 大型客车 | Q12: 城市公交 | R12: 商用车 | S12: =P12&Q12&R12 -> 大型客车城市公交商用车 | T12: 公交车 | U12: Passenger HDV | V12: =SUMIFS(J:J,E:E,P12,F:F,Q12,G:G,R12) -> 551293
A13: 12 | B13: 2019 | C13: 柴油 | D13: =VLOOKUP(C13,M$3:N$16,2,FALSE) -> diesel vehicle | E13: 大型客车 | F13: 城市公交 | G13: 商用车 | H13: =VLOOKUP(E13&F13&G13,$S$3:$U$68,2,FALSE) -> 公交车 | I13: =VLOOKUP(E13&F13&G13,$S$3:$U$68,3,FALSE) -> Passenger HDV | J13: 1012 | M13: 柴油-天然气 | N13: natural gas vehicle | P13: 重型货车 | Q13: 非营运 | R13: 商用车 | S13: =P13&Q13&R13 -> 重型货车非营运商用车 | T13: 中重型货车 | U13: Freight HDV | V13: =SUMIFS(J:J,E:E,P13,F:F,Q13,G:G,R13) -> 500202
A14: 13 | B14: 2020 | C14: 柴油 | D14: =VLOOKUP(C14,M$3:N$16,2,FALSE) -> diesel vehicle | E14: 大型客车 | F14: 城市公交 | G14: 商用车 | H14: =VLOOKUP(E14&F14&G14,$S$3:$U$68,2,FALSE) -> 公交车 | I14: =VLOOKUP(E14&F14&G14,$S$3:$U$68,3,FALSE) -> Passenger HDV | J14: 662 | M14: 柴油-甲醇 | N14: hybrid fuel vehicle | P14: 中型货车 | Q14: 营运 | R14: 商用车 | S14: =P14&Q14&R14 -> 中型货车营运商用车 | T14: 中重型货车 | U14: Freight HDV | V14: =SUMIFS(J:J,E:E,P14,F:F,Q14,G:G,R14) -> 285237
... A16: 15 | B16: 2015 | C16: 纯电动 | D16: =VLOOKUP(C16,M$3:N$16,2,FALSE) -> battery electric vehicle | E16: 大型客车 | F16: 城市公交 | G16: 商用车 | H16: =VLOOKUP(E16&F16&G16,$S$3:$U$68,2,FALSE) -> 公交车 | I16: =VLOOKUP(E16&F16&G16,$S$3:$U$68,3,FALSE) -> Passenger HDV | J16: 44539 | M16: 增程式混合动力 | N16: hybrid fuel vehicle | P16: 大型客车 | Q16: 非营运 | R16: 商用车 | S16: =P16&Q16&R16 -> 大型客车非营运商用车 | T16: 道路客车 | U16: Passenger HDV | V16: =SUMIFS(J:J,E:E,P16,F:F,Q16,G:G,R16) -> 232628
A17: 16 | B17: 2016 | C17: 纯电动 | D17: =VLOOKUP(C17,M$3:N$16,2,FALSE) -> battery electric vehicle | E17: 大型客车 | F17: 城市公交 | G17: 商用车 | H17: =VLOOKUP(E17&F17&G17,$S$3:$U$68,2,FALSE) -> 公交车 | I17: =VLOOKUP(E17&F17&G17,$S$3:$U$68,3,FALSE) -> Passenger HDV | J17: 60979 | P17: 大型客车 | Q17: 公路客运 | R17: 商用车 | S17: =P17&Q17&R17 -> 大型客车公路客运商用车 | T17: 道路客车 | U17: Passenger HDV | V17: =SUMIFS(J:J,E:E,P17,F:F,Q17,G:G,R17) -> 201564
A18: 17 | B18: 2017 | C18: 纯电动 | D18: =VLOOKUP(C18,M$3:N$16,2,FALSE) -> battery electric vehicle | E18: 大型客车 | F18: 城市公交 | G18: 商用车 | H18: =VLOOKUP(E18&F18&G18,$S$3:$U$68,2,FALSE) -> 公交车 | I18: =VLOOKUP(E18&F18&G18,$S$3:$U$68,3,FALSE) -> Passenger HDV | J18: 56938 | P18: NULL | Q18: 非营运 | R18: 乘用车 | S18: =P18&Q18&R18 -> NULL非营运乘用车 | T18: 乘用车 | U18: Unknown | V18: =SUMIFS(J:J,E:E,P18,F:F,Q18,G:G,R18) -> 198660
A19: 18 | B19: 2018 | C19: 纯电动 | D19: =VLOOKUP(C19,M$3:N$16,2,FALSE) -> battery electric vehicle | E19: 大型客车 | F19: 城市公交 | G19: 商用车 | H19: =VLOOKUP(E19&F19&G19,$S$3:$U$68,2,FALSE) -> 公交车 | I19: =VLOOKUP(E19&F19&G19,$S$3:$U$68,3,FALSE) -> Passenger HDV | J19: 79727 | P19: 中型货车 | Q19: 非营运 | R19: 商用车 | S19: =P19&Q19&R19 -> 中型货车非营运商用车 | T19: 中重型货车 | U19: Freight HDV | V19: =SUMIFS(J:J,E:E,P19,F:F,Q19,G:G,R19) -> 193197
A20: 19 | B20: 2019 | C20: 纯电动 | D20: =VLOOKUP(C20,M$3:N$16,2,FALSE) -> battery electric vehicle | E20: 大型客车 | F20: 城市公交 | G20: 商用车 | H20: =VLOOKUP(E20&F20&G20,$S$3:$U$68,2,FALSE) -> 公交车 | I20: =VLOOKUP(E20&F20&G20,$S$3:$U$68,3,FALSE) -> Passenger HDV | J20: 67030 | P20: 未知 | Q20: 营运 | R20: 商用车 | S20: =P20&Q20&R20 -> 未知营运商用车 | T20: Unknown | U20: Unknown | V20: =SUMIFS(J:J,E:E,P20,F:F,Q20,G:G,R20) -> 191372
A21: 20 | B21: 2020 | C21: 纯电动 | D21: =VLOOKUP(C21,M$3:N$16,2,FALSE) -> battery electric vehicle | E21: 大型客车 | F21: 城市公交 | G21: 商用车 | H21: =VLOOKUP(E21&F21&G21,$S$3:$U$68,2,FALSE) -> 公交车 | I21: =VLOOKUP(E21&F21&G21,$S$3:$U$68,3,FALSE) -> Passenger HDV | J21: 51600 | P21: 中型客车 | Q21: 非营运 | R21: 商用车 | S21: =P21&Q21&R21 -> 中型客车非营运商用车 | T21: 道路客车 | U21: Passenger HDV | V21: =SUMIFS(J:J,E:E,P21,F:F,Q21,G:G,R21) -> 161822
A22: 21 | B22: 2021 | C22: 纯电动 | D22: =VLOOKUP(C22,M$3:N$16,2,FALSE) -> battery electric vehicle | E22: 大型客车 | F22: 城市公交 | G22: 商用车 | H22: =VLOOKUP(E22&F22&G22,$S$3:$U$68,2,FALSE) -> 公交车 | I22: =VLOOKUP(E22&F22&G22,$S$3:$U$68,3,FALSE) -> Passenger HDV | J22: 39634 | P22: 中型货车 | Q22: 未知 | R22: 商用车 | S22: =P22&Q22&R22 -> 中型货车未知商用车 | T22: 中重型货车 | U22: Freight HDV | V22: =SUMIFS(J:J,E:E,P22,F:F,Q22,G:G,R22) -> 159848
A23: 22 | B23: 2015 | C23: 混合动力 | D23: =VLOOKUP(C23,M$3:N$16,2,FALSE) -> hybrid fuel vehicle | E23: 大型客车 | F23: 城市公交 | G23: 商用车 | H23: =VLOOKUP(E23&F23&G23,$S$3:$U$68,2,FALSE) -> 公交车 | I23: =VLOOKUP(E23&F23&G23,$S$3:$U$68,3,FALSE) -> Passenger HDV | J23: 7940 | P23: 小型客车 | Q23: 营运 | R23: 商用车 | S23: =P23&Q23&R23 -> 小型客车营运商用车 | T23: 出租车 | U23: Passenger LDV | V23: =SUMIFS(J:J,E:E,P23,F:F,Q23,G:G,R23) -> 144693
A24: 23 | B24: 2016 | C24: 混合动力 | D24: =VLOOKUP(C24,M$3:N$16,2,FALSE) -> hybrid fuel vehicle | E24: 大型客车 | F24: 城市公交 | G24: 商用车 | H24: =VLOOKUP(E24&F24&G24,$S$3:$U$68,2,FALSE) -> 公交车 | I24: =VLOOKUP(E24&F24&G24,$S$3:$U$68,3,FALSE) -> Passenger HDV | J24: 12742 | P24: 小型客车 | Q24: 营运 | R24: 乘用车 | S24: =P24&Q24&R24 -> 小型客车营运乘用车 | T24: 出租车 | U24: Passenger LDV | V24: =SUMIFS(J:J,E:E,P24,F:F,Q24,G:G,R24) -> 121818
A25: 24 | B25: 2017 | C25: 混合动力 | D25: =VLOOKUP(C25,M$3:N$16,2,FALSE) -> hybrid fuel vehicle | E25: 大型客车 | F25: 城市公交 | G25: 商用车 | H25: =VLOOKUP(E25&F25&G25,$S$3:$U$68,2,FALSE) -> 公交车 | I25: =VLOOKUP(E25&F25&G25,$S$3:$U$68,3,FALSE) -> Passenger HDV | J25: 2171 | P25: 小型客车 | Q25: 公路客运 | R25: 乘用车 | S25: =P25&Q25&R25 -> 小型客车公路客运乘用车 | T25: 道路客车 | U25: Passenger LDV | V25: =SUMIFS(J:J,E:E,P25,F:F,Q25,G:G,R25) -> 93633
A26: 25 | B26: 2018 | C26: 混合动力 | D26: =VLOOKUP(C26,M$3:N$16,2,FALSE) -> hybrid fuel vehicle | E26: 大型客车 | F26: 城市公交 | G26: 商用车 | H26: =VLOOKUP(E26&F26&G26,$S$3:$U$68,2,FALSE) -> 公交车 | I26: =VLOOKUP(E26&F26&G26,$S$3:$U$68,3,FALSE) -> Passenger HDV | J26: 228 | P26: 小型客车 | Q26: 未知 | R26: 商用车 | S26: =P26&Q26&R26 -> 小型客车未知商用车 | T26: 出租车 | U26: Passenger LDV | V26: =SUMIFS(J:J,E:E,P26,F:F,Q26,G:G,R26) -> 81321
A27: 26 | B27: 2019 | C27: 混合动力 | D27: =VLOOKUP(C27,M$3:N$16,2,FALSE) -> hybrid fuel vehicle | E27: 大型客车 | F27: 城市公交 | G27: 商用车 | H27: =VLOOKUP(E27&F27&G27,$S$3:$U$68,2,FALSE) -> 公交车 | I27: =VLOOKUP(E27&F27&G27,$S$3:$U$68,3,FALSE) -> Passenger HDV | J27: 3 | P27: 中型客车 | Q27: 公路客运 | R27: 商用车 | S27: =P27&Q27&R27 -> 中型客车公路客运商用车 | T27: 道路客车 | U27: Passenger HDV | V27: =SUMIFS(J:J,E:E,P27,F:F,Q27,G:G,R27) -> 69510
A28: 27 | B28: 2021 | C28: 混合动力 | D28: =VLOOKUP(C28,M$3:N$16,2,FALSE) -> hybrid fuel vehicle | E28: 大型客车 | F28: 城市公交 | G28: 商用车 | H28: =VLOOKUP(E28&F28&G28,$S$3:$U$68,2,FALSE) -> 公交车 | I28: =VLOOKUP(E28&F28&G28,$S$3:$U$68,3,FALSE) -> Passenger HDV | J28: 2 | P28: 中型客车 | Q28: 城市公交 | R28: 商用车 | S28: =P28&Q28&R28 -> 中型客车城市公交商用车 | T28: 公交车 | U28: Passenger HDV | V28: =SUMIFS(J:J,E:E,P28,F:F,Q28,G:G,R28) -> 30427
... A68: 67 | B68: 2020 | C68: 汽油 | D68: =VLOOKUP(C68,M$3:N$16,2,FALSE) -> gasoline vehicle | E68: 小型客车 | F68: 城市公交 | G68: 商用车 | H68: =VLOOKUP(E68&F68&G68,$S$3:$U$68,2,FALSE) -> 公交车 | I68: =VLOOKUP(E68&F68&G68,$S$3:$U$68,3,FALSE) -> Passenger LDV | J68: 106 | P68: NULL | Q68: 公路客运 | R68: 乘用车 | S68: =P68&Q68&R68 -> NULL公路客运乘用车 | T68: Unknown | U68: Unknown | V68: =SUMIFS(J:J,E:E,P68,F:F,Q68,G:G,R68) -> 1
A69: 68 | B69: 2021 | C69: 汽油 | D69: =VLOOKUP(C69,M$3:N$16,2,FALSE) -> gasoline vehicle | E69: 小型客车 | F69: 城市公交 | G69: 商用车 | H69: =VLOOKUP(E69&F69&G69,$S$3:$U$68,2,FALSE) -> 公交车 | I69: =VLOOKUP(E69&F69&G69,$S$3:$U$68,3,FALSE) -> Passenger LDV | J69: 34
A70: 69 | B70: 2016 | C70: 汽油-天然气 | D70: =VLOOKUP(C70,M$3:N$16,2,FALSE) -> natural gas vehicle | E70: 小型客车 | F70: 城市公交 | G70: 商用车 | H70: =VLOOKUP(E70&F70&G70,$S$3:$U$68,2,FALSE) -> 公交车 | I70: =VLOOKUP(E70&F70&G70,$S$3:$U$68,3,FALSE) -> Passenger LDV | J70: 88
A71: 70 | B71: 2017 | C71: 汽油-天然气 | D71: =VLOOKUP(C71,M$3:N$16,2,FALSE) -> natural gas vehicle | E71: 小型客车 | F71: 城市公交 | G71: 商用车 | H71: =VLOOKUP(E71&F71&G71,$S$3:$U$68,2,FALSE) -> 公交车 | I71: =VLOOKUP(E71&F71&G71,$S$3:$U$68,3,FALSE) -> Passenger LDV | J71: 11
A72: 71 | B72: 2018 | C72: 汽油-天然气 | D72: =VLOOKUP(C72,M$3:N$16,2,FALSE) -> natural gas vehicle | E72: 小型客车 | F72: 城市公交 | G72: 商用车 | H72: =VLOOKUP(E72&F72&G72,$S$3:$U$68,2,FALSE) -> 公交车 | I72: =VLOOKUP(E72&F72&G72,$S$3:$U$68,3,FALSE) -> Passenger LDV | J72: 60
A73: 72 | B73: 2019 | C73: 汽油-天然气 | D73: =VLOOKUP(C73,M$3:N$16,2,FALSE) -> natural gas vehicle | E73: 小型客车 | F73: 城市公交 | G73: 商用车 | H73: =VLOOKUP(E73&F73&G73,$S$3:$U$68,2,FALSE) -> 公交车 | I73: =VLOOKUP(E73&F73&G73,$S$3:$U$68,3,FALSE) -> Passenger LDV | J73: 129
A74: 73 | B74: 2020 | C74: 汽油-天然气 | D74: =VLOOKUP(C74,M$3:N$16,2,FALSE) -> natural gas vehicle | E74: 小型客车 | F74: 城市公交 | G74: 商用车 | H74: =VLOOKUP(E74&F74&G74,$S$3:$U$68,2,FALSE) -> 公交车 | I74: =VLOOKUP(E74&F74&G74,$S$3:$U$68,3,FALSE) -> Passenger LDV | J74: 82
A75: 74 | B75: 2016 | C75: 天然气 | D75: =VLOOKUP(C75,M$3:N$16,2,FALSE) -> natural gas vehicle | E75: 小型客车 | F75: 城市公交 | G75: 商用车 | H75: =VLOOKUP(E75&F75&G75,$S$3:$U$68,2,FALSE) -> 公交车 | I75: =VLOOKUP(E75&F75&G75,$S$3:$U$68,3,FALSE) -> Passenger LDV | J75: 5
A76: 75 | B76: 2017 | C76: 天然气 | D76: =VLOOKUP(C76,M$3:N$16,2,FALSE) -> natural gas vehicle | E76: 小型客车 | F76: 城市公交 | G76: 商用车 | H76: =VLOOKUP(E76&F76&G76,$S$3:$U$68,2,FALSE) -> 公交车 | I76: =VLOOKUP(E76&F76&G76,$S$3:$U$68,3,FALSE) -> Passenger LDV | J76: 256
A77: 76 | B77: 2018 | C77: 天然气 | D77: =VLOOKUP(C77,M$3:N$16,2,FALSE) -> natural gas vehicle | E77: 小型客车 | F77: 城市公交 | G77: 商用车 | H77: =VLOOKUP(E77&F77&G77,$S$3:$U$68,2,FALSE) -> 公交车 | I77: =VLOOKUP(E77&F77&G77,$S$3:$U$68,3,FALSE) -> Passenger LDV | J77: 115
A78: 77 | B78: 2019 | C78: 天然气 | D78: =VLOOKUP(C78,M$3:N$16,2,FALSE) -> natural gas vehicle | E78: 小型客车 | F78: 城市公交 | G78: 商用车 | H78: =VLOOKUP(E78&F78&G78,$S$3:$U$68,2,FALSE) -> 公交车 | I78: =VLOOKUP(E78&F78&G78,$S$3:$U$68,3,FALSE) -> Passenger LDV | J78: 40
A79: 78 | B79: 2020 | C79: 天然气 | D79: =VLOOKUP(C79,M$3:N$16,2,FALSE) -> natural gas vehicle | E79: 小型客车 | F79: 城市公交 | G79: 商用车 | H79: =VLOOKUP(E79&F79&G79,$S$3:$U$68,2,FALSE) -> 公交车 | I79: =VLOOKUP(E79&F79&G79,$S$3:$U$68,3,FALSE) -> Passenger LDV | J79: 1
A80: 79 | B80: 2017 | C80: 柴油 | D80: =VLOOKUP(C80,M$3:N$16,2,FALSE) -> diesel vehicle | E80: 中型货车 | F80: 城市公交 | G80: 商用车 | H80: =VLOOKUP(E80&F80&G80,$S$3:$U$68,2,FALSE) -> 公交车 | I80: =VLOOKUP(E80&F80&G80,$S$3:$U$68,3,FALSE) -> Passenger HDV | J80: 51
... A1161: 1160 | B1161: 2020 | C1161: 汽油 | D1161: =VLOOKUP(C1161,M$3:N$16,2,FALSE) -> gasoline vehicle | E1161: 中型客车 | F1161: 营运 | G1161: 乘用车 | H1161: =VLOOKUP(E1161&F1161&G1161,$S$3:$U$68,2,FALSE) -> 道路客车 | I1161: =VLOOKUP(E1161&F1161&G1161,$S$3:$U$68,3,FALSE) -> Passenger HDV | J1161: 1

Sheet Pivot Table
A1: 求和项:Sales | B1: 列标签
A2: 行标签 | B2: battery electric vehicle | C2: diesel vehicle | D2: gasoline vehicle | E2: hybrid fuel vehicle | F2: hydrogen vehicle | G2: LPG vehicle | H2: natural gas vehicle | I2: other fuel vehicle | J2: plugin hybrid vehicle | K2: unknown | L2: 总计 | N2: Fuel Type | O2: battery electric vehicle | P2: natural gas vehicle | Q2: gasoline vehicle | R2: diesel vehicle | S2: plugin hybrid vehicle | T2: LPG vehicle | U2: hydrogen vehicle | V2: hybrid fuel vehicle | W2: other fuel vehicle
A3: Freight HDV | B3: 49887 | C3: 7556854 | D3: 402 | E3: 106 | F3: 4322 | H3: 484270 | I3: 117 | J3: 1156 | K3: 4 | L3: 8097118 | N3: Freight HDV
A4: 2015 | B4: 5722 | C4: 543387 | D4: 213 | H4: 14079 | L4: 563401 | N4: 2015 | O4: =B4/($L4-$K4) -> 0.010156177 | P4: =H4/($L4-$K4) -> 0.024989306 | Q4: =D4/($L4-$K4) -> 0.0003780611 | R4: =C4/($L4-$K4) -> 0.96447646 | S4: =J4/($L4-$K4) -> 0 | T4: =G4/($L4-$K4) -> 0 | U4: =F4/($L4-$K4) -> 0 | V4: =E4/($L4-$K4) -> 0 | W4: =I4/($L4-$K4) -> 0
A5: 2016 | B5: 4529 | C5: 761880 | D5: 25 | E5: 6 | H5: 15344 | K5: 4 | L5: 781788 | N5: 2016 | O5: =B5/($L5-$K5) -> 0.0057931603 | P5: =H5/($L5-$K5) -> 0.019626905 | Q5: =D5/($L5-$K5) -> 3.1978142e-05 | R5: =C5/($L5-$K5) -> 0.97454028 | S5: =J5/($L5-$K5) -> 0 | T5: =G5/($L5-$K5) -> 0 | U5: =F5/($L5-$K5) -> 0 | V5: =E5/($L5-$K5) -> 7.6747542e-06 | W5: =I5/($L5-$K5) -> 0
A6: 2017 | B6: 16933 | C6: 1061952 | D6: 46 | E6: 56 | F6: 933 | H6: 70507 | J6: 1120 | L6: 1151547 | N6: 2017 | O6: =B6/($L6-$K6) -> 0.014704567 | P6: =H6/($L6-$K6) -> 0.06122807 | Q6: =D6/($L6-$K6) -> 3.9946264e-05 | R6: =C6/($L6-$K6) -> 0.92219597 | S6: =J6/($L6-$K6) -> 0.00097260468 | T6: =G6/($L6-$K6) -> 0 | U6: =F6/($L6-$K6) -> 0.00081021443 | V6: =E6/($L6-$K6) -> 4.8630234e-05 | W6: =I6/($L6-$K6) -> 0
A7: 2018 | B7: 1648 | C7: 1070295 | D7: 40 | E7: 2 | F7: 404 | H7: 65710 | L7: 1138099 | N7: 2018 | O7: =B7/($L7-$K7) -> 0.0014480287 | P7: =H7/($L7-$K7) -> 0.057736629 | Q7: =D7/($L7-$K7) -> 3.5146327e-05 | R7: =C7/($L7-$K7) -> 0.94042346 | S7: =J7/($L7-$K7) -> 0 | T7: =G7/($L7-$K7) -> 0 | U7: =F7/($L7-$K7) -> 0.00035497791 | V7: =E7/($L7-$K7) -> 1.7573164e-06 | W7: =I7/($L7-$K7) -> 0
A8: 2019 | B8: 5962 | C8: 1141356 | D8: 30 | F8: 2014 | H8: 116202 | I8: 13 | L8: 1265577 | N8: 2019 | O8: =B8/($L8-$K8) -> 0.0047108947 | P8: =H8/($L8-$K8) -> 0.091817408 | Q8: =D8/($L8-$K8) -> 2.3704603e-05 | R8: =C8/($L8-$K8) -> 0.90184635 | S8: =J8/($L8-$K8) -> 0 | T8: =G8/($L8-$K8) -> 0 | U8: =F8/($L8-$K8) -> 0.001591369 | V8: =E8/($L8-$K8) -> 0 | W8: =I8/($L8-$K8) -> 1.0271995e-05
A9: 2020 | B9: 4111 | C9: 1530088 | D9: 44 | E9: 24 | F9: 146 | H9: 142829 | I9: 14 | J9: 11 | L9: 1677267 | N9: 2020 | O9: =B9/($L9-$K9) -> 0.0024510111 | P9: =H9/($L9-$K9) -> 0.085155792 | Q9: =D9/($L9-$K9) -> 2.6233152e-05 | R9: =C9/($L9-$K9) -> 0.9122507 | S9: =J9/($L9-$K9) -> 6.558288e-06 | T9: =G9/($L9-$K9) -> 0 | U9: =F9/($L9-$K9) -> 8.7046368e-05 | V9: =E9/($L9-$K9) -> 1.4308992e-05 | W9: =I9/($L9-$K9) -> 8.346912e-06
A10: 2021 | B10: 10982 | C10: 1447896 | D10: 4 | E10: 18 | F10: 825 | H10: 59599 | I10: 90 | J10: 25 | L10: 1519439 | N10: 2021 | O10: =B10/($L10-$K10) -> 0.0072276676 | P10: =H10/($L10-$K10) -> 0.039224345 | Q10: =D10/($L10-$K10) -> 2.6325506e-06 | R10: =C10/($L10-$K10) -> 0.95291486 | S10: =J10/($L10-$K10) -> 1.6453441e-05 | T10: =G10/($L10-$K10) -> 0 | U10: =F10/($L10-$K10) -> 0.00054296355 | V10: =E10/($L10-$K10) -> 1.1846478e-05 | W10: =I10/($L10-$K10) -> 5.9232388e-05
A11: Freight LDV | B11: 217086 | C11: 7283616 | D11: 6562410 | E11: 12 | F11: 3 | H11: 176564 | J11: 1667 | L11: 14241358 | N11: Freight LDV
A12: 2015 | B12: 24785 | C12: 763006 | D12: 706406 | E12: 4 | H12: 36040 | L12: 1530241 | N12: 2015 | O12: =B12/($L12-$K12) -> 0.016196795 | P12: =H12/($L12-$K12) -> 0.023551846 | Q12: =D12/($L12-$K12) -> 0.46163055 | R12: =C12/($L12-$K12) -> 0.49861819 | S12: =J12/($L12-$K12) -> 0 | T12: =G12/($L12-$K12) -> 0 | U12: =F12/($L12-$K12) -> 0 | V12: =E12/($L12-$K12) -> 2.6139673e-06 | W12: =I12/($L12-$K12) -> 0
A13: 2016 | B13: 17755 | C13: 876597 | D13: 756679 | H13: 16696 | L13: 1667727 | N13: 2016 | O13: =B13/($L13-$K13) -> 0.010646227 | P13: =H13/($L13-$K13) -> 0.010011231 | Q13: =D13/($L13-$K13) -> 0.45371874 | R13: =C13/($L13-$K13) -> 0.5256238 | S13: =J13/($L13-$K13) -> 0 | T13: =G13/($L13-$K13) -> 0 | U13: =F13/($L13-$K13) -> 0 | V13: =E13/($L13-$K13) -> 0 | W13: =I13/($L13-$K13) -> 0
A14: 2017 | B14: 61786 | C14: 1024613 | D14: 838364 | H14: 20278 | L14: 1945041 | N14: 2017 | O14: =B14/($L14-$K14) -> 0.031765911 | P14: =H14/($L14-$K14) -> 0.010425487 | Q14: =D14/($L14-$K14) -> 0.43102639 | R14: =C14/($L14-$K14) -> 0.52678221 | S14: =J14/($L14-$K14) -> 0 | T14: =G14/($L14-$K14) -> 0 | U14: =F14/($L14-$K14) -> 0 | V14: =E14/($L14-$K14) -> 0 | W14: =I14/($L14-$K14) -> 0
A15: 2018 | B15: 40792 | C15: 1036146 | D15: 940137 | H15: 27190 | J15: 1 | L15: 2044266 | N15: 2018 | O15: =B15/($L15-$K15) -> 0.01995435 | P15: =H15/($L15-$K15) -> 0.013300617 | Q15: =D15/($L15-$K15) -> 0.45988976 | R15: =C15/($L15-$K15) -> 0.50685478 | S15: =J15/($L15-$K15) -> 4.8917313e-07 | T15: =G15/($L15-$K15) -> 0 | U15: =F15/($L15-$K15) -> 0 | V15: =E15/($L15-$K15) -> 0 | W15: =I15/($L15-$K15) -> 0
A16: 2019 | B16: 18134 | C16: 1052509 | D16: 1086406 | H16: 32818 | J16: 98 | L16: 2189965 | N16: 2019 | O16: =B16/($L16-$K16) -> 0.0082804976 | P16: =H16/($L16-$K16) -> 0.014985628 | Q16: =D16/($L16-$K16) -> 0.49608373 | R16: =C16/($L16-$K16) -> 0.4806054 | S16: =J16/($L16-$K16) -> 4.4749574e-05 | T16: =G16/($L16-$K16) -> 0 | U16: =F16/($L16-$K16) -> 0 | V16: =E16/($L16-$K16) -> 0 | W16: =I16/($L16-$K16) -> 0
A17: 2020 | B17: 15349 | C17: 1319180 | D17: 1157774 | H17: 21626 | J17: 318 | L17: 2514247 | N17: 2020 | O17: =B17/($L17-$K17) -> 0.0061048099 | P17: =H17/($L17-$K17) -> 0.0086013824 | Q17: =D17/($L17-$K17) -> 0.46048539 | R17: =C17/($L17-$K17) -> 0.52468194 | S17: =J17/($L17-$K17) -> 0.00012647922 | T17: =G17/($L17-$K17) -> 0 | U17: =F17/($L17-$K17) -> 0 | V17: =E17/($L17-$K17) -> 0 | W17: =I17/($L17-$K17) -> 0
A18: 2021 | B18: 38485 | C18: 1211565 | D18: 1076644 | E18: 8 | F18: 3 | H18: 21916 | J18: 1250 | L18: 2349871 | N18: 2021 | O18: =B18/($L18-$K18) -> 0.016377495 | P18: =H18/($L18-$K18) -> 0.0093264694 | Q18: =D18/($L18-$K18) -> 0.45817153 | R18: =C18/($L18-$K18) -> 0.51558788 | S18: =J18/($L18-$K18) -> 0.00053194409 | T18: =G18/($L18-$K18) -> 0 | U18: =F18/($L18-$K18) -> 1.2766658e-06 | V18: =E18/($L18-$K18) -> 3.4044422e-06 | W18: =I18/($L18-$K18) -> 0
A19: Passenger HDV | B19: 512915 | C19: 547268 | D19: 102586 | E19: 24163 | F19: 4155 | H19: 53334 | I19: 5 | J19: 51218 | K19: 38 | L19: 1295682 | N19: Passenger HDV
A20: 2015 | B20: 85938 | C20: 123176 | D20: 18249 | E20: 8354 | H20: 25597 | J20: 16901 | K20: 38 | L20: 278253 | N20: 2015 | O20: =B20/($L20-$K20) -> 0.30889061 | P20: =H20/($L20-$K20) -> 0.092004385 | Q20: =D20/($L20-$K20) -> 0.065593156 | R20: =C20/($L20-$K20) -> 0.44273673 | S20: =J20/($L20-$K20) -> 0.060747983 | T20: =G20/($L20-$K20) -> 0 | U20: =F20/($L20-$K20) -> 0 | V20: =E20/($L20-$K20) -> 0.030027137 | W20: =I20/($L20-$K20) -> 0
A21: 2016 | B21: 91058 | C21: 113793 | D21: 19181 | E21: 13270 | F21: 29 | H21: 11598 | J21: 5344 | L21: 254273 | N21: 2016 | O21: =B21/($L21-$K21) -> 0.35811116 | P21: =H21/($L21-$K21) -> 0.045612393 | Q21: =D21/($L21-$K21) -> 0.075434671 | R21: =C21/($L21-$K21) -> 0.44752294 | S21: =J21/($L21-$K21) -> 0.021016781 | T21: =G21/($L21-$K21) -> 0 | U21: =F21/($L21-$K21) -> 0.00011405065 | V21: =E21/($L21-$K21) -> 0.052188003 | W21: =I21/($L21-$K21) -> 0
A22: 2017 | B22: 76566 | C22: 85307 | D22: 16807 | E22: 2295 | F22: 115 | H22: 8781 | J22: 12561 | L22: 202432 | N22: 2017 | O22: =B22/($L22-$K22) -> 0.37823071 | P22: =H22/($L22-$K22) -> 0.043377529 | Q22: =D22/($L22-$K22) -> 0.083025411 | R22: =C22/($L22-$K22) -> 0.42141065 | S22: =J22/($L22-$K22) -> 0.062050466 | T22: =G22/($L22-$K22) -> 0 | U22: =F22/($L22-$K22) -> 0.000568092 | V22: =E22/($L22-$K22) -> 0.01133714 | W22: =I22/($L22-$K22) -> 0
A23: 2018 | B23: 85927 | C23: 72442 | D23: 12754 | E23: 239 | F23: 437 | H23: 3832 | I23: 5 | J23: 5839 | L23: 181475 | N23: 2018 | O23: =B23/($L23-$K23) -> 0.47349222 | P23: =H23/($L23-$K23) -> 0.021115856 | Q23: =D23/($L23-$K23) -> 0.070279653 | R23: =C23/($L23-$K23) -> 0.39918446 | S23: =J23/($L23-$K23) -> 0.032175231 | T23: =G23/($L23-$K23) -> 0 | U23: =F23/($L23-$K23) -> 0.0024080452 | V23: =E23/($L23-$K23) -> 0.0013169858 | W23: =I23/($L23-$K23) -> 2.7552004e-05
A24: 2019 | B24: 72243 | C24: 70020 | D24: 15305 | E24: 3 | F24: 1176 | H24: 2082 | J24: 4298 | L24: 165127 | N24: 2019 | O24: =B24/($L24-$K24) -> 0.43749962 | P24: =H24/($L24-$K24) -> 0.012608477 | Q24: =D24/($L24-$K24) -> 0.092686235 | R24: =C24/($L24-$K24) -> 0.42403726 | S24: =J24/($L24-$K24) -> 0.026028451 | T24: =G24/($L24-$K24) -> 0 | U24: =F24/($L24-$K24) -> 0.0071217911 | V24: =E24/($L24-$K24) -> 1.8167834e-05 | W24: =I24/($L24-$K24) -> 0
A25: 2020 | B25: 55145 | C25: 35741 | D25: 7949 | F25: 1351 | H25: 915 | J25: 5049 | L25: 106150 | N25: 2020 | O25: =B25/($L25-$K25) -> 0.51950071 | P25: =H25/($L25-$K25) -> 0.0086198775 | Q25: =D25/($L25-$K25) -> 0.074884597 | R25: =C25/($L25-$K25) -> 0.33670278 | S25: =J25/($L25-$K25) -> 0.047564767 | T25: =G25/($L25-$K25) -> 0 | U25: =F25/($L25-$K25) -> 0.012727273 | V25: =E25/($L25-$K25) -> 0 | W25: =I25/($L25-$K25) -> 0
A26: 2021 | B26: 46038 | C26: 46789 | D26: 12341 | E26: 2 | F26: 1047 | H26: 529 | J26: 1226 | L26: 107972 | N26: 2021 | O26: =B26/($L26-$K26) -> 0.42638832 | P26: =H26/($L26-$K26) -> 0.0048994184 | Q26: =D26/($L26-$K26) -> 0.11429815 | R26: =C26/($L26-$K26) -> 0.43334383 | S26: =J26/($L26-$K26) -> 0.011354796 | T26: =G26/($L26-$K26) -> 0 | U26: =F26/($L26-$K26) -> 0.0096969585 | V26: =E26/($L26-$K26) -> 1.8523321e-05 | W26: =I26/($L26-$K26) -> 0
A27: Passenger LDV | B27: 5711717 | C27: 1203924 | D27: 144403802 | E27: 2485070 | F27: 77 | G27: 10354 | H27: 2028005 | I27: 26020 | J27: 1106569 | L27: 156975538 | N27: Passenger LDV
A28: 2015 | B28: 135782 | C28: 163367 | D28: 19291074 | E28: 69444 | H28: 1495689 | I28: 578 | J28: 12662 | L28: 21168596 | N28: 2015 | O28: =B28/($L28-$K28) -> 0.006414313 | P28: =H28/($L28-$K28) -> 0.070656032 | Q28: =D28/($L28-$K28) -> 0.91130626 | R28: =C28/($L28-$K28) -> 0.0077174225 | S28: =J28/($L28-$K28) -> 0.0005981502 | T28: =G28/($L28-$K28) -> 0 | U28: =F28/($L28-$K28) -> 0 | V28: =E28/($L28-$K28) -> 0.0032805199 | W28: =I28/($L28-$K28) -> 2.7304598e-05
A29: 2016 | B29: 246143 | C29: 154701 | D29: 24058794 | E29: 157772 | F29: 8 | G29: 1722 | H29: 110827 | I29: 205 | J29: 24705 | L29: 24754877 | N29: 2016 | O29: =B29/($L29-$K29) -> 0.0099432124 | P29: =H29/($L29-$K29) -> 0.0044769764 | Q29: =D29/($L29-$K29) -> 0.97188098 | R29: =C29/($L29-$K29) -> 0.006249314 | S29: =J29/($L29-$K29) -> 0.00099798516 | T29: =G29/($L29-$K29) -> 6.956205e-05 | U29: =F29/($L29-$K29) -> 3.2316864e-07 | V29: =E29/($L29-$K29) -> 0.0063733704 | W29: =I29/($L29-$K29) -> 8.2811965e-06
A30: 2017 | B30: 508748 | C30: 160842 | D30: 23725630 | E30: 222304 | F30: 50 | G30: 5287 | H30: 99873 | I30: 2309 | J30: 58890 | L30: 24783933 | N30: 2017 | O30: =B30/($L30-$K30) -> 0.020527331 | P30: =H30/($L30-$K30) -> 0.0040297478 | Q30: =D30/($L30-$K30) -> 0.95729883 | R30: =C30/($L30-$K30) -> 0.006489769 | S30: =J30/($L30-$K30) -> 0.0023761362 | T30: =G30/($L30-$K30) -> 0.00021332369 | U30: =F30/($L30-$K30) -> 2.0174361e-06 | V30: =E30/($L30-$K30) -> 0.0089696821 | W30: =I30/($L30-$K30) -> 9.3165197e-05
A31: 2018 | B31: 744374 | C31: 188491 | D31: 21161732 | E31: 308721 | G31: 3142 | H31: 127403 | I31: 1842 | J31: 187801 | L31: 22723506 | N31: 2018 | O31: =B31/($L31-$K31) -> 0.032757885 | P31: =H31/($L31-$K31) -> 0.0056066612 | Q31: =D31/($L31-$K31) -> 0.93127055 | R31: =C31/($L31-$K31) -> 0.0082949788 | S31: =J31/($L31-$K31) -> 0.0082646137 | T31: =G31/($L31-$K31) -> 0.00013827092 | U31: =F31/($L31-$K31) -> 0 | V31: =E31/($L31-$K31) -> 0.013585976 | W31: =I31/($L31-$K31) -> 8.1061435e-05
A32: 2019 | B32: 724626 | C32: 157907 | D32: 20272632 | E32: 376905 | G32: 203 | H32: 107211 | I32: 14561 | J32: 200475 | L32: 21854520 | N32: 2019 | O32: =B32/($L32-$K32) -> 0.033156802 | P32: =H32/($L32-$K32) -> 0.0049056671 | Q32: =D32/($L32-$K32) -> 0.92761735 | R32: =C32/($L32-$K32) -> 0.0072253703 | S32: =J32/($L32-$K32) -> 0.0091731596 | T32: =G32/($L32-$K32) -> 9.2886963e-06 | U32: =F32/($L32-$K32) -> 0 | V32: =E32/($L32-$K32) -> 0.017246089 | W32: =I32/($L32-$K32) -> 0.00066626949
A33: 2020 | B33: 939086 | C33: 187404 | D33: 18373144 | E33: 552189 | H33: 41878 | I33: 5688 | J33: 207790 | L33: 20307179 | N33: 2020 | O33: =B33/($L33-$K33) -> 0.04624404 | P33: =H33/($L33-$K33) -> 0.0020622264 | Q33: =D33/($L33-$K33) -> 0.90476102 | R33: =C33/($L33-$K33) -> 0.0092284605 | S33: =J33/($L33-$K33) -> 0.010232342 | T33: =G33/($L33-$K33) -> 0 | U33: =F33/($L33-$K33) -> 0 | V33: =E33/($L33-$K33) -> 0.027191812 | W33: =I33/($L33-$K33) -> 0.00028009799
A34: 2021 | B34: 2412958 | C34: 191212 | D34: 17520796 | E34: 797735 | F34: 19 | H34: 45124 | I34: 837 | J34: 414246 | L34: 21382927 | N34: 2021 | O34: =B34/($L34-$K34) -> 0.11284507 | P34: =H34/($L34-$K34) -> 0.0021102817 | Q34: =D34/($L34-$K34) -> 0.81938249 | R34: =C34/($L34-$K34) -> 0.0089422744 | S34: =J34/($L34-$K34) -> 0.019372745 | T34: =G34/($L34-$K34) -> 0 | U34: =F34/($L34-$K34) -> 8.8855936e-07 | V34: =E34/($L34-$K34) -> 0.0373071 | W34: =I34/($L34-$K34) -> 3.9143378e-05
A35: Unknown | B35: 3058 | C35: 16503 | D35: 2339472 | E35: 22971 | H35: 10200 | J35: 6003 | K35: 192895 | L35: 2591102
A36: 2015 | B36: 261 | C36: 16431 | D36: 2172590 | H36: 10200 | K36: 192895 | L36: 2392377
A37: 2021 | B37: 2797 | C37: 72 | D37: 166882 | E37: 22971 | J37: 6003 | L37: 198725
A38: 总计 | B38: 6494663 | C38: 16608165 | D38: 153408672 | E38: 2532322 | F38: 8557 | G38: 10354 | H38: 2752373 | I38: 26142 | J38: 1166613 | K38: 192937 | L38: 183200798

Sheet Electric Ratio
A1: 求和项:Sales | B1: 列标签
A2: 行标签 | B2: battery electric vehicle | C2: diesel vehicle | D2: gasoline vehicle | E2: hybrid fuel vehicle | F2: hydrogen vehicle | G2: LPG vehicle | H2: natural gas vehicle | I2: other fuel vehicle | J2: plugin hybrid vehicle | K2: unknown | L2: 总计 | O2: 车型占比 | P2: 电动化率 | Q2: 混动占比 | R2: 纯电占比 | S2: 车型占比 | T2: 电动化率 | U2: 混动占比 | V2: 纯电占比 | W2: 车型占比 | X2: 电动化率 | Y2: 混动占比 | Z2: 纯电占比 | AA2: 车型占比 | AB2: 电动化率 | AC2: 混动占比 | AD2: 纯电占比 | AE2: 车型占比 | AF2: 电动化率 | AG2: 混动占比 | AH2: 纯电占比 | AI2: 车型占比 | AJ2: 电动化率 | AK2: 混动占比 | AL2: 纯电占比 | AM2: 车型占比 | AN2: 电动化率 | AO2: 混动占比 | AP2: 纯电占比 | AQ2: 车型占比 | AR2: 电动化率 | AS2: 混动占比 | AT2: 纯电占比 | AU2: 车型占比 | AV2: 电动化率 | AW2: 混动占比 | AX2: 纯电占比 | AY2: 车型占比 | AZ2: 电动化率 | BA2: 混动占比 | BB2: 纯电占比
A3: Freight HDV | B3: 49887 | C3: 7556854 | D3: 402 | E3: 106 | F3: 4322 | H3: 484270 | I3: 117 | J3: 1156 | K3: 4 | L3: 8097118 | N3: EPS Type | O3: Freight HDV | S3: Freight LDV | W3: Passenger HDV | AI3: Passenger LDV
A4: 中重型货车 | B4: 49887 | C4: 7556854 | D4: 402 | E4: 106 | F4: 4322 | H4: 484270 | I4: 117 | J4: 1156 | K4: 4 | L4: 8097118 | N4: Database Type | O4: 中重型货车 | S4: 轻型货车 | W4: 合并 | AA4: 道路客车 | AE4: 公交车 | AI4: 合并 | AM4: 乘用车 | AQ4: 出租车 | AU4: 道路客车 | AY4: 公交车
A5: 2015 | B5: 5722 | C5: 543387 | D5: 213 | H5: 14079 | L5: 563401 | N5: 2015-2021 | O5: =L4/L4 -> 1 | P5: =(J4+B4)/L4 -> 0.0063038479 | Q5: =J4/(J4+B4) -> 0.022647572 | R5: =B4/(B4+J4) -> 0.97735243 | S5: =L13/L13 -> 1 | T5: =(J13+B13)/L13 -> 0.015360403 | U5: =J13/(J13+B13) -> 0.0076204669 | V5: =B13/(B13+J13) -> 0.99237953 | W5: =AA5+AE5 -> 1 | X5: =AB5*AA5+AF5*AE5 -> 0.43539464 | Y5: =(AA5*AB5*AC5+AE5*AF5*AG5)/(AA5*AB5+AE5*AF5) -> 0.01205722 | Z5: =(AA5*AB5*AD5+AE5*AF5*AH5)/(AA5*AB5+AE5*AF5) -> 0.90920935 | AA5: =L22/(L22+L30) -> 0.54903055 | AB5: =(J22+B22)/L22 -> 0.15372753 | AC5: =J22/(J22+B22) -> 0.018581344 | AD5: =B22/(B22+J22) -> 0.98141866 | AE5: =L30/(L22+L30) -> 0.45096945 | AF5: =(B30+J30)/L30 -> 0.77830889 | AG5: =J30/(J30+B39) -> 0.010488406 | AH5: =B30/(B30+J30) -> 0.89184566 | AI5: =AM5+AQ5+AU5+AY5 -> 1 | AJ5: =(AM5*AN5+AQ5*AR5+AU5*AV5+AY5*AZ5) -> 0.043435341 | AK5: =(AM5*AN5*AO5+AQ5*AR5*AS5+AU5*AV5*AW5+AY5*AZ5*BA5)/(AM5*AN5+AQ5*AR5+AU5*AV5+AY5*AZ5) -> 0.16229431 | AL5: =(AM5*AN5*AP5+AQ5*AR5*AT5+AU5*AV5*AX5+AY5*AZ5*BB5)/(AM5*AN5+AQ5*AR5+AU5*AV5+AY5*AZ5) -> 0.83770569 | AM5: =L39/(L39+L47+L55+L63) -> 0.97785901 | AN5: =(J39+B39)/L39 -> 0.037040691 | AO5: =J39/(J39+B39) -> 0.18385826 | AP5: =B39/(B39+J39) -> 0.81614174 | AQ5: =L47/(L39+L47+L55+L63) -> 0.021366482 | AR5: =(B47+J47)/L47 -> 0.33657423 | AS5: =J47/(J47+B47) -> 0.054196435 | AT5: =B47/(B47+J47) -> 0.94580357 | AU5: =L55/(L39+L47+L55+L63) -> 0.00073858005 | AV5: =(B55+J55)/L55 -> 0.023374361 | AW5: =J55/(J55+B55) -> 0.0062730627 | AX5: =B55/(B55+J55) -> 0.99372694 | AY5: =L63/(L39+L47+L55+L63) -> 3.5929165e-05 | AZ5: =(B63+J63)/L63 -> 0.16968085 | BA5: =J63/(J63+B63) -> 0 | BB5: =B63/(B63+J63) -> 1
A6: 2016 | B6: 4529 | C6: 761880 | D6: 25 | E6: 6 | H6: 15344 | K6: 4 | L6: 781788 | N6: 2015 | O6: =L5/L5 -> 1 | P6: =(J5+B5)/L5 -> 0.010156177 | Q6: =J5/(J5+B5) -> 0 | R6: =B5/(B5+J5) -> 1 | S6: =L14/L14 -> 1 | T6: =(J14+B14)/L14 -> 0.016196795 | U6: =J14/(J14+B14) -> 0 | V6: =B14/(B14+J14) -> 1 | W6: =AA6+AE6 -> 1 | X6: =AB6*AA6+AF6*AE6 -> 0.36958811 | Y6: =(AA6*AB6*AC6+AE6*AF6*AG6)/(AA6*AB6+AE6*AF6) -> 0.078797614 | Z6: =(AA6*AB6*AD6+AE6*AF6*AH6)/(AA6*AB6+AE6*AF6) -> 0.83565573 | AA6: =L23/(L23+L31) -> 0.53563484 | AB6: =(J23+B23)/L23 -> 0.28081346 | AC6: =J23/(J23+B23) -> 0.014479249 | AD6: =B23/(B23+J23) -> 0.98552075 | AE6: =L31/(L23+L31) -> 0.46436516 | AF6: =(B31+J31)/L31 -> 0.47198768 | AG6: =J31/(J31+B40) -> 0.12293752 | AH6: =B31/(B31+J31) -> 0.73280753 | AI6: =AM6+AQ6+AU6+AY6 -> 1 | AJ6: =(AM6*AN6+AQ6*AR6+AU6*AV6+AY6*AZ6) -> 0.0070124632 | AK6: =(AM6*AN6*AO6+AQ6*AR6*AS6+AU6*AV6*AW6+AY6*AZ6*BA6)/(AM6*AN6+AQ6*AR6+AU6*AV6+AY6*AZ6) -> 0.08529816 | AL6: =(AM6*AN6*AP6+AQ6*AR6*AT6+AU6*AV6*AX6+AY6*AZ6*BB6)/(AM6*AN6+AQ6*AR6+AU6*AV6+AY6*AZ6) -> 0.91470184 | AM6: =L40/(L40+L48+L56+L64) -> 0.98191226 | AN6: =(J40+B40)/L40 -> 0.00607557 | AO6: =J40/(J40+B40) -> 0.079447282 | AP6: =B40/(B40+J40) -> 0.92055272 | AQ6: =L48/(L40+L48+L56+L64) -> 0.017548731 | AR6: =(B48+J48)/L48 -> 0.059238402 | AS6: =J48/(J48+B48) -> 0.11946742 | AT6: =B48/(B48+J48) -> 0.88053258 | AU6: =L56/(L40+L48+L56+L64) -> 0.00050683569 | AV6: =(B56+J56)/L56 -> 0.00027961599 | AW6: =J56/(J56+B56) -> 0 | AX6: =B56/(B56+J56) -> 1 | AY6: =L64/(L40+L48+L56+L64) -> 3.2170296e-05 | AZ6: =(B64+J64)/L64 -> 0.22026432 | BA6: =J64/(J64+B64) -> 0 | BB6: =B64/(B64+J64) -> 1
A7: 2017 | B7: 16933 | C7: 1061952 | D7: 46 | E7: 56 | F7: 933 | H7: 70507 | J7: 1120 | L7: 1151547 | N7: 2016 | O7: =L5/L5 -> 1 | P7: =(J6+B6)/L6 -> 0.0057931306 | Q7: =J6/(J6+B6) -> 0 | R7: =B6/(B6+J6) -> 1 | S7: =L14/L14 -> 1 | T7: =(J15+B15)/L15 -> 0.010646227 | U7: =J15/(J15+B15) -> 0 | V7: =B15/(B15+J15) -> 1 | W7: =AA7+AE7 -> 1 | X7: =AB7*AA7+AF7*AE7 -> 0.37912795 | Y7: =(AA7*AB7*AC7+AE7*AF7*AG7)/(AA7*AB7+AE7*AF7) -> 0.022941066 | Z7: =(AA7*AB7*AD7+AE7*AF7*AH7)/(AA7*AB7+AE7*AF7) -> 0.94456547 | AA7: =L24/(L24+L32) -> 0.62035293 | AB7: =(J24+B24)/L24 -> 0.19620386 | AC7: =J24/(J24+B24) -> 0.028110763 | AD7: =B24/(B24+J24) -> 0.97188924 | AE7: =L32/(L24+L32) -> 0.37964707 | AF7: =(B32+J32)/L32 -> 0.67803054 | AG7: =J32/(J32+B41) -> 0.02049661 | AH7: =B32/(B32+J32) -> 0.93164561 | AI7: =AM7+AQ7+AU7+AY7 -> 1 | AJ7: =(AM7*AN7+AQ7*AR7+AU7*AV7+AY7*AZ7) -> 0.010941198 | AK7: =(AM7*AN7*AO7+AQ7*AR7*AS7+AU7*AV7*AW7+AY7*AZ7*BA7)/(AM7*AN7+AQ7*AR7+AU7*AV7+AY7*AZ7) -> 0.091213522 | AL7: =(AM7*AN7*AP7+AQ7*AR7*AT7+AU7*AV7*AX7+AY7*AZ7*BB7)/(AM7*AN7+AQ7*AR7+AU7*AV7+AY7*AZ7) -> 0.90878648 | AM7: =L41/(L41+L49+L57+L65) -> 0.9861319 | AN7: =(J41+B41)/L41 -> 0.0096563212 | AO7: =J41/(J41+B41) -> 0.092989318 | AP7: =B41/(B41+J41) -> 0.90701068 | AQ7: =L49/(L41+L49+L57+L65) -> 0.013550219 | AR7: =(B49+J49)/L49 -> 0.1046644 | AS7: =J49/(J49+B49) -> 0.079326649 | AT7: =B49/(B49+J49) -> 0.92067335 | AU7: =L57/(L41+L49+L57+L65) -> 0.00030272823 | AV7: =(B57+J57)/L57 -> 0.0018681612 | AW7: =J57/(J57+B57) -> 0 | AX7: =B57/(B57+J57) -> 1 | AY7: =L65/(L41+L49+L57+L65) -> 1.514853e-05 | AZ7: =(B65+J65)/L65 -> 0 | BA7: =IFERROR(J65/(J65+B65),BA5) -> 0 | BB7: =IFERROR(B65/(B65+J65),BB5) -> 1
A8: 2018 | B8: 1648 | C8: 1070295 | D8: 40 | E8: 2 | F8: 404 | H8: 65710 | L8: 1138099 | N8: 2017 | O8: =L6/L6 -> 1 | P8: =(J7+B7)/L7 -> 0.015677172 | Q8: =J7/(J7+B7) -> 0.06203955 | R8: =B7/(B7+J7) -> 0.93796045 | S8: =L15/L15 -> 1 | T8: =(J16+B16)/L16 -> 0.031765911 | U8: =J16/(J16+B16) -> 0 | V8: =B16/(B16+J16) -> 1 | W8: =AA8+AE8 -> 1 | X8: =AB8*AA8+AF8*AE8 -> 0.44028118 | Y8: =(AA8*AB8*AC8+AE8*AF8*AG8)/(AA8*AB8+AE8*AF8) -> 0.02675972 | Z8: =(AA8*AB8*AD8+AE8*AF8*AH8)/(AA8*AB8+AE8*AF8) -> 0.85906628 | AA8: =L25/(L25+L33) -> 0.57428173 | AB8: =(J25+B25)/L25 -> 0.16203453 | AC8: =J25/(J25+B25) -> 0.024738546 | AD8: =B25/(B25+J25) -> 0.97526145 | AE8: =L33/(L25+L33) -> 0.42571827 | AF8: =(B33+J33)/L33 -> 0.81562794 | AG8: =J33/(J33+B42) -> 0.027301374 | AH8: =B33/(B33+J33) -> 0.82792716 | AI8: =AM8+AQ8+AU8+AY8 -> 1 | AJ8: =(AM8*AN8+AQ8*AR8+AU8*AV8+AY8*AZ8) -> 0.022903467 | AK8: =(AM8*AN8*AO8+AQ8*AR8*AS8+AU8*AV8*AW8+AY8*AZ8*BA8)/(AM8*AN8+AQ8*AR8+AU8*AV8+AY8*AZ8) -> 0.1037457 | AL8: =(AM8*AN8*AP8+AQ8*AR8*AT8+AU8*AV8*AX8+AY8*AZ8*BB8)/(AM8*AN8+AQ8*AR8+AU8*AV8+AY8*AZ8) -> 0.8962543 | AM8: =L42/(L42+L50+L58+L66) -> 0.97716545 | AN8: =(J42+B42)/L42 -> 0.020046409 | AO8: =J42/(J42+B42) -> 0.11238475 | AP8: =B42/(B42+J42) -> 0.88761525 | AQ8: =L50/(L42+L50+L58+L66) -> 0.021733193 | AR8: =(B50+J50)/L50 -> 0.15131611 | AS8: =J50/(J50+B50) -> 0.053113958 | AT8: =B50/(B50+J50) -> 0.94688604 | AU8: =L58/(L42+L50+L58+L66) -> 0.0010505597 | AV8: =(B58+J58)/L58 -> 0.023812267 | AW8: =J58/(J58+B58) -> 0 | AX8: =B58/(B58+J58) -> 1 | AY8: =L66/(L42+L50+L58+L66) -> 5.079904e-05 | AZ8: =(B66+J66)/L66 -> 0.023828435 | BA8: =J66/(J66+B66) -> 0 | BB8: =B66/(B66+J66) -> 1
A9: 2019 | B9: 5962 | C9: 1141356 | D9: 30 | F9: 2014 | H9: 116202 | I9: 13 | L9: 1265577 | N9: 2018 | O9: =L7/L7 -> 1 | P9: =(J8+B8)/L8 -> 0.0014480287 | Q9: =J8/(J8+B8) -> 0 | R9: =B8/(B8+J8) -> 1 | S9: =L16/L16 -> 1 | T9: =(J17+B17)/L17 -> 0.01995484 | U9: =J17/(J17+B17) -> 2.451401e-05 | V9: =B17/(B17+J17) -> 0.99997549 | W9: =AA9+AE9 -> 1 | X9: =AB9*AA9+AF9*AE9 -> 0.50566745 | Y9: =(AA9*AB9*AC9+AE9*AF9*AG9)/(AA9*AB9+AE9*AF9) -> 0.010064986 | Z9: =(AA9*AB9*AD9+AE9*AF9*AH9)/(AA9*AB9+AE9*AF9) -> 0.93637077 | AA9: =L26/(L26+L34) -> 0.49390274 | AB9: =(J26+B26)/L26 -> 0.069317535 | AC9: =J26/(J26+B26) -> 0.012071463 | AD9: =B26/(B26+J26) -> 0.98792854 | AE9: =L34/(L26+L34) -> 0.50609726 | AF9: =(B34+J34)/L34 -> 0.93150342 | AG9: =J34/(J34+B43) -> 0.0099192725 | AH9: =B34/(B34+J34) -> 0.93262656 | AI9: =AM9+AQ9+AU9+AY9 -> 1 | AJ9: =(AM9*AN9+AQ9*AR9+AU9*AV9+AY9*AZ9) -> 0.041022499 | AK9: =(AM9*AN9*AO9+AQ9*AR9*AS9+AU9*AV9*AW9+AY9*AZ9*BA9)/(AM9*AN9+AQ9*AR9+AU9*AV9+AY9*AZ9) -> 0.20146539 | AL9: =(AM9*AN9*AP9+AQ9*AR9*AT9+AU9*AV9*AX9+AY9*AZ9*BB9)/(AM9*AN9+AQ9*AR9+AU9*AV9+AY9*AZ9) -> 0.79853461 | AM9: =L43/(L43+L51+L59+L67) -> 0.97463142 | AN9: =(J43+B43)/L43 -> 0.033992077 | AO9: =J43/(J43+B43) -> 0.2357749 | AP9: =B43/(B43+J43) -> 0.7642251 | AQ9: =L51/(L43+L51+L59+L67) -> 0.024276227 | AR9: =(B51+J51)/L51 -> 0.32499035 | AS9: =J51/(J51+B51) -> 0.057474983 | AT9: =B51/(B51+J51) -> 0.94252502 | AU9: =L59/(L43+L51+L59+L67) -> 0.0010431929 | AV9: =(B59+J59)/L59 -> 0.0025311116 | AW9: =J59/(J59+B59) -> 0 | AX9: =B59/(B59+J59) -> 1 | AY9: =L67/(L43+L51+L59+L67) -> 4.9156147e-05 | AZ9: =(B67+J67)/L67 -> 0.011638317 | BA9: =J67/(J67+B67) -> 0 | BB9: =B67/(B67+J67) -> 1
A10: 2020 | B10: 4111 | C10: 1530088 | D10: 44 | E10: 24 | F10: 146 | H10: 142829 | I10: 14 | J10: 11 | L10: 1677267 | N10: 2019 | O10: =L8/L8 -> 1 | P10: =(J9+B9)/L9 -> 0.0047108947 | Q10: =J9/(J9+B9) -> 0 | R10: =B9/(B9+J9) -> 1 | S10: =L17/L17 -> 1 | T10: =(J18+B18)/L18 -> 0.0083252472 | U10: =J18/(J18+B18) -> 0.0053751645 | V10: =B18/(B18+J18) -> 0.99462484 | W10: =AA10+AE10 -> 1 | X10: =AB10*AA10+AF10*AE10 -> 0.46352807 | Y10: =(AA10*AB10*AC10+AE10*AF10*AG10)/(AA10*AB10+AE10*AF10) -> 0.008355345 | Z10: =(AA10*AB10*AD10+AE10*AF10*AH10)/(AA10*AB10+AE10*AF10) -> 0.94384709 | AA10: =L27/(L27+L35) -> 0.53768312 | AB10: =(J27+B27)/L27 -> 0.046313608 | AC10: =J27/(J27+B27) -> 0.00097276265 | AD10: =B27/(B27+J27) -> 0.99902724 | AE10: =L35/(L27+L35) -> 0.46231688 | AF10: =(B35+J35)/L35 -> 0.94875624 | AG10: =J35/(J35+B44) -> 0.0087744751 | AH10: =B35/(B35+J35) -> 0.94071435 | AI10: =AM10+AQ10+AU10+AY10 -> 1 | AJ10: =(AM10*AN10+AQ10*AR10+AU10*AV10+AY10*AZ10) -> 0.042329962 | AK10: =(AM10*AN10*AO10+AQ10*AR10*AS10+AU10*AV10*AW10+AY10*AZ10*BA10)/(AM10*AN10+AQ10*AR10+AU10*AV10+AY10*AZ10) -> 0.21670607 | AL10: =(AM10*AN10*AP10+AQ10*AR10*AT10+AU10*AV10*AX10+AY10*AZ10*BB10)/(AM10*AN10+AQ10*AR10+AU10*AV10+AY10*AZ10) -> 0.78329393 | AM10: =L44/(L44+L52+L60+L68) -> 0.97004954 | AN10: =(J44+B44)/L44 -> 0.031539625 | AO10: =J44/(J44+B44) -> 0.27452631 | AP10: =B44/(B44+J44) -> 0.72547369 | AQ10: =L52/(L44+L52+L60+L68) -> 0.029315995 | AR10: =(B52+J52)/L52 -> 0.40004245 | AS10: =J52/(J52+B52) -> 0.065953446 | AT10: =B52/(B52+J52) -> 0.93404655 | AU10: =L60/(L44+L52+L60+L68) -> 0.00061090337 | AV10: =(B60+J60)/L60 -> 0.0086884878 | AW10: =J60/(J60+B60) -> 0.10344828 | AX10: =B60/(B60+J60) -> 0.89655172 | AY10: =L68/(L44+L52+L60+L68) -> 2.3564919e-05 | AZ10: =(B68+J68)/L68 -> 0.085436893 | BA10: =J68/(J68+B68) -> 0 | BB10: =B68/(B68+J68) -> 1
A11: 2021 | B11: 10982 | C11: 1447896 | D11: 4 | E11: 18 | F11: 825 | H11: 59599 | I11: 90 | J11: 25 | L11: 1519439 | N11: 2020 | O11: =L9/L9 -> 1 | P11: =(J10+B10)/L10 -> 0.0024575694 | Q11: =J10/(J10+B10) -> 0.0026686075 | R11: =B10/(B10+J10) -> 0.99733139 | S11: =L18/L18 -> 1 | T11: =(J19+B19)/L19 -> 0.0062312891 | U11: =J19/(J19+B19) -> 0.02029744 | V11: =B19/(B19+J19) -> 0.97970256 | W11: =AA11+AE11 -> 1 | X11: =AB11*AA11+AF11*AE11 -> 0.56706547 | Y11: =(AA11*AB11*AC11+AE11*AF11*AG11)/(AA11*AB11+AE11*AF11) -> 0.0064132174 | Z11: =(AA11*AB11*AD11+AE11*AF11*AH11)/(AA11*AB11+AE11*AF11) -> 0.91612121 | AA11: =L28/(L28+L36) -> 0.43130476 | AB11: =(J28+B28)/L28 -> 0.053753577 | AC11: =J28/(J28+B28) -> 0.00365705 | AD11: =B28/(B28+J28) -> 0.99634295 | AE11: =L36/(L28+L36) -> 0.56869524 | AF11: =(B36+J36)/L36 -> 0.95636689 | AG11: =J36/(J36+B45) -> 0.0065307053 | AH11: =B36/(B36+J36) -> 0.91270157 | AI11: =AM11+AQ11+AU11+AY11 -> 1 | AJ11: =(AM11*AN11+AQ11*AR11+AU11*AV11+AY11*AZ11) -> 0.056476382 | AK11: =(AM11*AN11*AO11+AQ11*AR11*AS11+AU11*AV11*AW11+AY11*AZ11*BA11)/(AM11*AN11+AQ11*AR11+AU11*AV11+AY11*AZ11) -> 0.18117913 | AL11: =(AM11*AN11*AP11+AQ11*AR11*AT11+AU11*AV11*AX11+AY11*AZ11*BB11)/(AM11*AN11+AQ11*AR11+AU11*AV11+AY11*AZ11) -> 0.81882087 | AM11: =L45/(L45+L53+L61+L69) -> 0.98018573 | AN11: =(J45+B45)/L45 -> 0.048318529 | AO11: =J45/(J45+B45) -> 0.20282583 | AP11: =B45/(B45+J45) -> 0.79717417 | AQ11: =L53/(L45+L53+L61+L69) -> 0.018810441 | AR11: =(B53+J53)/L53 -> 0.48163419 | AS11: =J53/(J53+B53) -> 0.069127831 | AT11: =B53/(B53+J53) -> 0.93087217 | AU11: =L61/(L45+L53+L61+L69) -> 0.00093114854 | AV11: =(B61+J61)/L61 -> 0.025331853 | AW11: =J61/(J61+B61) -> 0 | AX11: =B61/(B61+J61) -> 1 | AY11: =L69/(L45+L53+L61+L69) -> 7.2683655e-05 | AZ11: =(B69+J69)/L69 -> 0.43902439 | BA11: =J69/(J69+B69) -> 0 | BB11: =B69/(B69+J69) -> 1
A12: Freight LDV | B12: 217086 | C12: 7283616 | D12: 6562410 | E12: 12 | F12: 3 | H12: 176564 | J12: 1667 | L12: 14241358 | N12: 2021 | O12: =L10/L10 -> 1 | P12: =(J11+B11)/L11 -> 0.007244121 | Q12: =J11/(J11+B11) -> 0.0022712819 | R12: =B11/(B11+J11) -> 0.99772872 | S12: =L19/L19 -> 1 | T12: =(J20+B20)/L20 -> 0.016909439 | U12: =J20/(J20+B20) -> 0.031458412 | V12: =B20/(B20+J20) -> 0.96854159 | W12: =AA12+AE12 -> 1 | X12: =AB12*AA12+AF12*AE12 -> 0.43774312 | Y12: =(AA12*AB12*AC12+AE12*AF12*AG12)/(AA12*AB12+AE12*AF12) -> 0.00057617001 | Z12: =(AA12*AB12*AD12+AE12*AF12*AH12)/(AA12*AB12+AE12*AF12) -> 0.9740606 | AA12: =L29/(L29+L37) -> 0.59399659 | AB12: =(J29+B29)/L29 -> 0.076900288 | AC12: =J29/(J29+B29) -> 0.000405515 | AD12: =B29/(B29+J29) -> 0.99959448 | AE12: =L37/(L29+L37) -> 0.40600341 | AF12: =(B37+J37)/L37 -> 0.96566827 | AG12: =J37/(J37+B46) -> 0.00059605261 | AH12: =B37/(B37+J37) -> 0.9710857 | AI12: =AM12+AQ12+AU12+AY12 -> 1 | AJ12: =(AM12*AN12+AQ12*AR12+AU12*AV12+AY12*AZ12) -> 0.13221782 | AK12: =(AM12*AN12*AO12+AQ12*AR12*AS12+AU12*AV12*AW12+AY12*AZ12*BA12)/(AM12*AN12+AQ12*AR12+AU12*AV12+AY12*AZ12) -> 0.14652144 | AL12: =(AM12*AN12*AP12+AQ12*AR12*AT12+AU12*AV12*AX12+AY12*AZ12*BB12)/(AM12*AN12+AQ12*AR12+AU12*AV12+AY12*AZ12) -> 0.85347856 | AM12: =L46/(L46+L54+L62+L70) -> 0.97427476 | AN12: =(J46+B46)/L46 -> 0.11784348 | AO12: =J46/(J46+B46) -> 0.1640434 | AP12: =B46/(B46+J46) -> 0.8359566 | AQ12: =L54/(L46+L54+L62+L70) -> 0.02498021 | AR12: =(B54+J54)/L54 -> 0.69399794 | AS12: =J54/(J54+B54) -> 0.031054845 | AT12: =B54/(B54+J54) -> 0.96894515 | AU12: =L62/(L46+L54+L62+L70) -> 0.00073488536 | AV12: =(B62+J62)/L62 -> 0.090238004 | AW12: =J62/(J62+B62) -> 0.0035260931 | AX12: =B62/(B62+J62) -> 0.99647391 | AY12: =L70/(L46+L54+L62+L70) -> 1.0148283e-05 | AZ12: =(B70+J70)/L70 -> 0.33179724 | BA12: =J70/(J70+B70) -> 0 | BB12: =B70/(B70+J70) -> 1
A13: 轻型货车 | B13: 217086 | C13: 7283616 | D13: 6562410 | E13: 12 | F13: 3 | H13: 176564 | J13: 1667 | L13: 14241358 | N13: 2025 | O13: 1 | P13: =HLOOKUP(O$4,$O$24:$U$33,ROW(P13)-10,FALSE) -> 0.026420039 | Q13: =Q5 -> 0.022647572 | R13: =R5 -> 0.97735243 | S13: =100% -> 1 | T13: =HLOOKUP(S$4,$O$24:$U$33,ROW(T13)-10,FALSE) -> 0.089203147 | U13: =U5 -> 0.0076204669 | V13: =V5 -> 0.99237953 | W13: =AA13+AE13 -> 1 | X13: =AB13*AA13+AF13*AE13 -> 0.34046608 | Y13: =(AA13*AB13*AC13+AE13*AF13*AG13)/(AA13*AB13+AE13*AF13) -> 0.013194562 | Z13: =(AA13*AB13*AD13+AE13*AF13*AH13)/(AA13*AB13+AE13*AF13) -> 0.92179751 | AA13: =S36/(R36+S36) -> 0.75096772 | AB13: =HLOOKUP(AA$4,$O$24:$U$33,ROW(AB13)-10,FALSE) -> 0.1516 | AC13: =AC5 -> 0.018581344 | AD13: =AD5 -> 0.98141866 | AE13: =R36/(R36+S36) -> 0.24903228 | AF13: =HLOOKUP(AE$4,$O$24:$U$33,ROW(AF13)-10,FALSE) -> 0.91 | AG13: =AG5 -> 0.010488406 | AH13: =AH5 -> 0.89184566 | AI13: =AM13+AQ13+AU13+AY13 -> 1 | AJ13: =(AM13*AN13+AQ13*AR13+AU13*AV13+AY13*AZ13) -> 0.10622057 | AK13: =(AM13*AN13*AO13+AQ13*AR13*AS13+AU13*AV13*AW13+AY13*AZ13*BA13)/(AM13*AN13+AQ13*AR13+AU13*AV13+AY13*AZ13) -> 0.17368893 | AL13: =(AM13*AN13*AP13+AQ13*AR13*AT13+AU13*AV13*AX13+AY13*AZ13*BB13)/(AM13*AN13+AQ13*AR13+AU13*AV13+AY13*AZ13) -> 0.82631107 | AM13: =O36/(O36+P36+R36+S36) -> 0.98776333 | AN13: =HLOOKUP(AM$4,$O$24:$U$33,ROW(AN13)-10,FALSE) -> 0.1 | AO13: =AO5 -> 0.18385826 | AP13: =AP5 -> 0.81614174 | AQ13: =P36/(O36+P36+R36+S36) -> 0.0057557062 | AR13: =HLOOKUP(AQ$4,$O$24:$U$33,ROW(AR13)-10,FALSE) -> 0.91 | AS13: =AS5 -> 0.054196435 | AT13: =AT5 -> 0.94580357 | AU13: =S36/(O36+P36+R36+S36) -> 0.0048669938 | AV13: =HLOOKUP(AU$4,$O$24:$U$33,ROW(AV13)-10,FALSE) -> 0.1516 | AW13: =AW5 -> 0.0062730627 | AX13: =AX5 -> 0.99372694 | AY13: =R36/(O36+P36+R36+S36) -> 0.0016139689 | AZ13: =HLOOKUP(AY$4,$O$24:$U$33,ROW(AZ13)-10,FALSE) -> 0.91 | BA13: =BA5 -> 0 | BB13: =BB5 -> 1
A14: 2015 | B14: 24785 | C14: 763006 | D14: 706406 | E14: 4 | H14: 36040 | L14: 1530241 | N14: 2030 | O14: 1 | P14: =HLOOKUP(O$4,$O$24:$U$33,ROW(P14)-10,FALSE) -> 0.059427603 | Q14: =Q13 -> 0.022647572 | R14: =R13 -> 0.97735243 | S14: =100% -> 1 | T14: =HLOOKUP(S$4,$O$24:$U$33,ROW(T14)-10,FALSE) -> 0.18086855 | U14: =U13 -> 0.0076204669 | V14: =V13 -> 0.99237953 | W14: =AA14+AE14 -> 1 | X14: =AB14*AA14+AF14*AE14 -> 0.52305415 | Y14: =(AA14*AB14*AC14+AE14*AF14*AG14)/(AA14*AB14+AE14*AF14) -> 0.013646501 | Z14: =(AA14*AB14*AD14+AE14*AF14*AH14)/(AA14*AB14+AE14*AF14) -> 0.9267996 | AA14: =S37/(R37+S37) -> 0.67119227 | AB14: =HLOOKUP(AA$4,$O$24:$U$33,ROW(AB14)-10,FALSE) -> 0.30410161 | AC14: =AC13 -> 0.018581344 | AD14: =AD13 -> 0.98141866 | AE14: =R37/(R37+S37) -> 0.32880773 | AF14: =HLOOKUP(AE$4,$O$24:$U$33,ROW(AF14)-10,FALSE) -> 0.97 | AG14: =AG13 -> 0.010488406 | AH14: =AH13 -> 0.89184566 | AI14: =AM14+AQ14+AU14+AY14 -> 1 | AJ14: =(AM14*AN14+AQ14*AR14+AU14*AV14+AY14*AZ14) -> 0.15655173 | AK14: =(AM14*AN14*AO14+AQ14*AR14*AS14+AU14*AV14*AW14+AY14*AZ14*BA14)/(AM14*AN14+AQ14*AR14+AU14*AV14+AY14*AZ14) -> 0.17581857 | AL14: =(AM14*AN14*AP14+AQ14*AR14*AT14+AU14*AV14*AX14+AY14*AZ14*BB14)/(AM14*AN14+AQ14*AR14+AU14*AV14+AY14*AZ14) -> 0.82418143 | AM14: =O37/(O37+P37+R37+S37) -> 0.98833879 | AN14: =HLOOKUP(AM$4,$O$24:$U$33,ROW(AN14)-10,FALSE) -> 0.15 | AO14: =AO13 -> 0.18385826 | AP14: =AP13 -> 0.81614174 | AQ14: =P37/(O37+P37+R37+S37) -> 0.0049255857 | AR14: =HLOOKUP(AQ$4,$O$24:$U$33,ROW(AR14)-10,FALSE) -> 0.97 | AS14: =AS13 -> 0.054196435 | AT14: =AT13 -> 0.94580357 | AU14: =S37/(O37+P37+R37+S37) -> 0.0045208998 | AV14: =HLOOKUP(AU$4,$O$24:$U$33,ROW(AV14)-10,FALSE) -> 0.30410161 | AW14: =AW13 -> 0.0062730627 | AX14: =AX13 -> 0.99372694 | AY14: =R37/(O37+P37+R37+S37) -> 0.0022147258 | AZ14: =HLOOKUP(AY$4,$O$24:$U$33,ROW(AZ14)-10,FALSE) -> 0.97 | BA14: =BA13 -> 0 | BB14: =BB13 -> 1
A15: 2016 | B15: 17755 | C15: 876597 | D15: 756679 | H15: 16696 | L15: 1667727 | N15: 2035 | O15: 1 | P15: =HLOOKUP(O$4,$O$24:$U$33,ROW(P15)-10,FALSE) -> 0.10442111 | Q15: =Q14 -> 0.022647572 | R15: =R14 -> 0.97735243 | S15: =100% -> 1 | T15: =HLOOKUP(S$4,$O$24:$U$33,ROW(T15)-10,FALSE) -> 0.29922705 | U15: =U14 -> 0.0076204669 | V15: =V14 -> 0.99237953 | W15: =AA15+AE15 -> 1 | X15: =AB15*AA15+AF15*AE15 -> 0.60054664 | Y15: =(AA15*AB15*AC15+AE15*AF15*AG15)/(AA15*AB15+AE15*AF15) -> 0.015441441 | Z15: =(AA15*AB15*AD15+AE15*AF15*AH15)/(AA15*AB15+AE15*AF15) -> 0.94666607 | AA15: =S38/(R38+S38) -> 0.76699955 | AB15: =HLOOKUP(AA$4,$O$24:$U$33,ROW(AB15)-10,FALSE) -> 0.4792 | AC15: =AC14 -> 0.018581344 | AD15: =AD14 -> 0.98141866 | AE15: =R38/(R38+S38) -> 0.23300045 | AF15: =HLOOKUP(AE$4,$O$24:$U$33,ROW(AF15)-10,FALSE) -> 1 | AG15: =AG14 -> 0.010488406 | AH15: =AH14 -> 0.89184566 | AI15: =AM15+AQ15+AU15+AY15 -> 1 | AJ15: =(AM15*AN15+AQ15*AR15+AU15*AV15+AY15*AZ15) -> 0.20655035 | AK15: =(AM15*AN15*AO15+AQ15*AR15*AS15+AU15*AV15*AW15+AY15*AZ15*BA15)/(AM15*AN15+AQ15*AR15+AU15*AV15+AY15*AZ15) -> 0.17727154 | AL15: =(AM15*AN15*AP15+AQ15*AR15*AT15+AU15*AV15*AX15+AY15*AZ15*BB15)/(AM15*AN15+AQ15*AR15+AU15*AV15+AY15*AZ15) -> 0.82272846 | AM15: =O38/(O38+P38+R38+S38) -> 0.98835738 | AN15: =HLOOKUP(AM$4,$O$24:$U$33,ROW(AN15)-10,FALSE) -> 0.2 | AO15: =AO14 -> 0.18385826 | AP15: =AP14 -> 0.81614174 | AQ15: =P38/(O38+P38+R38+S38) -> 0.0047238013 | AR15: =HLOOKUP(AQ$4,$O$24:$U$33,ROW(AR15)-10,FALSE) -> 1 | AS15: =AS14 -> 0.054196435 | AT15: =AT14 -> 0.94580357 | AU15: =S38/(O38+P38+R38+S38) -> 0.0053067339 | AV15: =HLOOKUP(AU$4,$O$24:$U$33,ROW(AV15)-10,FALSE) -> 0.4792 | AW15: =AW14 -> 0.0062730627 | AX15: =AX14 -> 0.99372694 | AY15: =R38/(O38+P38+R38+S38) -> 0.0016120889 | AZ15: =HLOOKUP(AY$4,$O$24:$U$33,ROW(AZ15)-10,FALSE) -> 1 | BA15: =BA14 -> 0 | BB15: =BB14 -> 1
A16: 2017 | B16: 61786 | C16: 1024613 | D16: 838364 | H16: 20278 | L16: 1945041 | N16: 2040 | O16: 1 | P16: =HLOOKUP(O$4,$O$24:$U$33,ROW(P16)-10,FALSE) -> 0.17782076 | Q16: =Q15 -> 0.022647572 | R16: =R15 -> 0.97735243 | S16: =100% -> 1 | T16: =HLOOKUP(S$4,$O$24:$U$33,ROW(T16)-10,FALSE) -> 0.45018795 | U16: =U15 -> 0.0076204669 | V16: =V15 -> 0.99237953 | W16: =AA16+AE16 -> 1 | X16: =AB16*AA16+AF16*AE16 -> 0.75772861 | Y16: =(AA16*AB16*AC16+AE16*AF16*AG16)/(AA16*AB16+AE16*AF16) -> 0.015066662 | Z16: =(AA16*AB16*AD16+AE16*AF16*AH16)/(AA16*AB16+AE16*AF16) -> 0.942518 | AA16: =S39/(R39+S39) -> 0.67092604 | AB16: =HLOOKUP(AA$4,$O$24:$U$33,ROW(AB16)-10,FALSE) -> 0.6389 | AC16: =AC15 -> 0.018581344 | AD16: =AD15 -> 0.98141866 | AE16: =R39/(R39+S39) -> 0.32907396 | AF16: =HLOOKUP(AE$4,$O$24:$U$33,ROW(AF16)-10,FALSE) -> 1 | AG16: =AG15 -> 0.010488406 | AH16: =AH15 -> 0.89184566 | AI16: =AM16+AQ16+AU16+AY16 -> 1 | AJ16: =(AM16*AN16+AQ16*AR16+AU16*AV16+AY16*AZ16) -> 0.28653448 | AK16: =(AM16*AN16*AO16+AQ16*AR16*AS16+AU16*AV16*AW16+AY16*AZ16*BA16)/(AM16*AN16+AQ16*AR16+AU16*AV16+AY16*AZ16) -> 0.17855992 | AL16: =(AM16*AN16*AP16+AQ16*AR16*AT16+AU16*AV16*AX16+AY16*AZ16*BB16)/(AM16*AN16+AQ16*AR16+AU16*AV16+AY16*AZ16) -> 0.82144008 | AM16: =O39/(O39+P39+R39+S39) -> 0.98865382 | AN16: =HLOOKUP(AM$4,$O$24:$U$33,ROW(AN16)-10,FALSE) -> 0.28 | AO16: =AO15 -> 0.18385826 | AP16: =AP15 -> 0.81614174 | AQ16: =P39/(O39+P39+R39+S39) -> 0.0045984979 | AR16: =HLOOKUP(AQ$4,$O$24:$U$33,ROW(AR16)-10,FALSE) -> 1 | AS16: =AS15 -> 0.054196435 | AT16: =AT15 -> 0.94580357 | AU16: =S39/(O39+P39+R39+S39) -> 0.0045271937 | AV16: =HLOOKUP(AU$4,$O$24:$U$33,ROW(AV16)-10,FALSE) -> 0.6389 | AW16: =AW15 -> 0.0062730627 | AX16: =AX15 -> 0.99372694 | AY16: =R39/(O39+P39+R39+S39) -> 0.0022204856 | AZ16: =HLOOKUP(AY$4,$O$24:$U$33,ROW(AZ16)-10,FALSE) -> 1 | BA16: =BA15 -> 0 | BB16: =BB15 -> 1
A17: 2018 | B17: 40792 | C17: 1036146 | D17: 940137 | H17: 27190 | J17: 1 | L17: 2044266 | N17: 2045 | O17: 1 | P17: =HLOOKUP(O$4,$O$24:$U$33,ROW(P17)-10,FALSE) -> 0.27339725 | Q17: =Q16 -> 0.022647572 | R17: =R16 -> 0.97735243 | S17: =100% -> 1 | T17: =HLOOKUP(S$4,$O$24:$U$33,ROW(T17)-10,FALSE) -> 0.61094922 | U17: =U16 -> 0.0076204669 | V17: =V16 -> 0.99237953 | W17: =AA17+AE17 -> 1 | X17: =AB17*AA17+AF17*AE17 -> 0.85030307 | Y17: =(AA17*AB17*AC17+AE17*AF17*AG17)/(AA17*AB17+AE17*AF17) -> 0.016248565 | Z17: =(AA17*AB17*AD17+AE17*AF17*AH17)/(AA17*AB17+AE17*AF17) -> 0.95559936 | AA17: =S40/(R40+S40) -> 0.75490129 | AB17: =HLOOKUP(AA$4,$O$24:$U$33,ROW(AB17)-10,FALSE) -> 0.8017 | AC17: =AC16 -> 0.018581344 | AD17: =AD16 -> 0.98141866 | AE17: =R40/(R40+S40) -> 0.24509871 | AF17: =HLOOKUP(AE$4,$O$24:$U$33,ROW(AF17)-10,FALSE) -> 1 | AG17: =AG16 -> 0.010488406 | AH17: =AH16 -> 0.89184566 | AI17: =AM17+AQ17+AU17+AY17 -> 1 | AJ17: =(AM17*AN17+AQ17*AR17+AU17*AV17+AY17*AZ17) -> 0.40680742 | AK17: =(AM17*AN17*AO17+AQ17*AR17*AS17+AU17*AV17*AW17+AY17*AZ17*BA17)/(AM17*AN17+AQ17*AR17+AU17*AV17+AY17*AZ17) -> 0.17928344 | AL17: =(AM17*AN17*AP17+AQ17*AR17*AT17+AU17*AV17*AX17+AY17*AZ17*BB17)/(AM17*AN17+AQ17*AR17+AU17*AV17+AY17*AZ17) -> 0.82071656 | AM17: =O40/(O40+P40+R40+S40) -> 0.98689258 | AN17: =HLOOKUP(AM$4,$O$24:$U$33,ROW(AN17)-10,FALSE) -> 0.4 | AO17: =AO16 -> 0.18385826 | AP17: =AP16 -> 0.81614174 | AQ17: =P40/(O40+P40+R40+S40) -> 0.0060462861 | AR17: =HLOOKUP(AQ$4,$O$24:$U$33,ROW(AR17)-10,FALSE) -> 1 | AS17: =AS16 -> 0.054196435 | AT17: =AT16 -> 0.94580357 | AU17: =S40/(O40+P40+R40+S40) -> 0.0053304578 | AV17: =HLOOKUP(AU$4,$O$24:$U$33,ROW(AV17)-10,FALSE) -> 0.8017 | AW17: =AW16 -> 0.0062730627 | AX17: =AX16 -> 0.99372694 | AY17: =R40/(O40+P40+R40+S40) -> 0.0017306743 | AZ17: =HLOOKUP(AY$4,$O$24:$U$33,ROW(AZ17)-10,FALSE) -> 1 | BA17: =BA16 -> 0 | BB17: =BB16 -> 1
A18: 2019 | B18: 18134 | C18: 1052509 | D18: 1086406 | H18: 32818 | J18: 98 | L18: 2189965 | N18: 2050 | O18: 1 | P18: =HLOOKUP(O$4,$O$24:$U$33,ROW(P18)-10,FALSE) -> 0.38 | Q18: =Q17 -> 0.022647572 | R18: =R17 -> 0.97735243 | S18: =100% -> 1 | T18: =HLOOKUP(S$4,$O$24:$U$33,ROW(T18)-10,FALSE) -> 0.79601574 | U18: =U17 -> 0.0076204669 | V18: =V17 -> 0.99237953 | W18: =AA18+AE18 -> 1 | X18: =AB18*AA18+AF18*AE18 -> 1 | Y18: =(AA18*AB18*AC18+AE18*AF18*AG18)/(AA18*AB18+AE18*AF18) -> 0.016021876 | Z18: =(AA18*AB18*AD18+AE18*AF18*AH18)/(AA18*AB18+AE18*AF18) -> 0.95309035 | AA18: =S41/(R41+S41) -> 0.68374053 | AB18: =HLOOKUP(AA$4,$O$24:$U$33,ROW(AB18)-10,FALSE) -> 1 | AC18: =AC17 -> 0.018581344 | AD18: =AD17 -> 0.98141866 | AE18: =R41/(R41+S41) -> 0.31625947 | AF18: =HLOOKUP(AE$4,$O$24:$U$33,ROW(AF18)-10,FALSE) -> 1 | AG18: =AG17 -> 0.010488406 | AH18: =AH17 -> 0.89184566 | AI18: =AM18+AQ18+AU18+AY18 -> 1 | AJ18: =(AM18*AN18+AQ18*AR18+AU18*AV18+AY18*AZ18) -> 0.50634653 | AK18: =(AM18*AN18*AO18+AQ18*AR18*AS18+AU18*AV18*AW18+AY18*AZ18*BA18)/(AM18*AN18+AQ18*AR18+AU18*AV18+AY18*AZ18) -> 0.17986652 | AL18: =(AM18*AN18*AP18+AQ18*AR18*AT18+AU18*AV18*AX18+AY18*AZ18*BB18)/(AM18*AN18+AQ18*AR18+AU18*AV18+AY18*AZ18) -> 0.82013348 | AM18: =O41/(O41+P41+R41+S41) -> 0.98730694 | AN18: =HLOOKUP(AM$4,$O$24:$U$33,ROW(AN18)-10,FALSE) -> 0.5 | AO18: =AO17 -> 0.18385826 | AP18: =AP17 -> 0.81614174 | AQ18: =P41/(O41+P41+R41+S41) -> 0.0051710904 | AR18: =HLOOKUP(AQ$4,$O$24:$U$33,ROW(AR18)-10,FALSE) -> 1 | AS18: =AS17 -> 0.054196435 | AT18: =AT17 -> 0.94580357 | AU18: =S41/(O41+P41+R41+S41) -> 0.0051430736 | AV18: =HLOOKUP(AU$4,$O$24:$U$33,ROW(AV18)-10,FALSE) -> 1 | AW18: =AW17 -> 0.0062730627 | AX18: =AX17 -> 0.99372694 | AY18: =R41/(O41+P41+R41+S41) -> 0.0023788933 | AZ18: =HLOOKUP(AY$4,$O$24:$U$33,ROW(AZ18)-10,FALSE) -> 1 | BA18: =BA17 -> 0 | BB18: =BB17 -> 1
A19: 2020 | B19: 15349 | C19: 1319180 | D19: 1157774 | H19: 21626 | J19: 318 | L19: 2514247 | N19: 2055 | O19: 1 | P19: =HLOOKUP(O$4,$O$24:$U$33,ROW(P19)-10,FALSE) -> 0.48312408 | Q19: =Q18 -> 0.022647572 | R19: =R18 -> 0.97735243 | S19: =100% -> 1 | T19: =HLOOKUP(S$4,$O$24:$U$33,ROW(T19)-10,FALSE) -> 0.9 | U19: =U18 -> 0.0076204669 | V19: =V18 -> 0.99237953 | W19: =AA19+AE19 -> 1 | X19: =AB19*AA19+AF19*AE19 -> 1 | Y19: =(AA19*AB19*AC19+AE19*AF19*AG19)/(AA19*AB19+AE19*AF19) -> 0.016507815 | Z19: =(AA19*AB19*AD19+AE19*AF19*AH19)/(AA19*AB19+AE19*AF19) -> 0.95846874 | AA19: =S42/(R42+S42) -> 0.74378536 | AB19: =HLOOKUP(AA$4,$O$24:$U$33,ROW(AB19)-10,FALSE) -> 1 | AC19: =AC18 -> 0.018581344 | AD19: =AD18 -> 0.98141866 | AE19: =R42/(R42+S42) -> 0.25621464 | AF19: =HLOOKUP(AE$4,$O$24:$U$33,ROW(AF19)-10,FALSE) -> 1 | AG19: =AG18 -> 0.010488406 | AH19: =AH18 -> 0.89184566 | AI19: =AM19+AQ19+AU19+AY19 -> 1 | AJ19: =(AM19*AN19+AQ19*AR19+AU19*AV19+AY19*AZ19) -> 0.65423161 | AK19: =(AM19*AN19*AO19+AQ19*AR19*AS19+AU19*AV19*AW19+AY19*AZ19*BA19)/(AM19*AN19+AQ19*AR19+AU19*AV19+AY19*AZ19) -> 0.18092211 | AL19: =(AM19*AN19*AP19+AQ19*AR19*AT19+AU19*AV19*AX19+AY19*AZ19*BB19)/(AM19*AN19+AQ19*AR19+AU19*AV19+AY19*AZ19) -> 0.81907789 | AM19: =O42/(O42+P42+R42+S42) -> 0.98790968 | AN19: =HLOOKUP(AM$4,$O$24:$U$33,ROW(AN19)-10,FALSE) -> 0.65 | AO19: =AO18 -> 0.18385826 | AP19: =AP18 -> 0.81614174 | AQ19: =P42/(O42+P42+R42+S42) -> 0.0049579078 | AR19: =HLOOKUP(AQ$4,$O$24:$U$33,ROW(AR19)-10,FALSE) -> 1 | AS19: =AS18 -> 0.054196435 | AT19: =AT18 -> 0.94580357 | AU19: =S42/(O42+P42+R42+S42) -> 0.0053049805 | AV19: =HLOOKUP(AU$4,$O$24:$U$33,ROW(AV19)-10,FALSE) -> 1 | AW19: =AW18 -> 0.0062730627 | AX19: =AX18 -> 0.99372694 | AY19: =R42/(O42+P42+R42+S42) -> 0.0018274273 | AZ19: =HLOOKUP(AY$4,$O$24:$U$33,ROW(AZ19)-10,FALSE) -> 1 | BA19: =BA18 -> 0 | BB19: =BB18 -> 1
A20: 2021 | B20: 38485 | C20: 1211565 | D20: 1076644 | E20: 8 | F20: 3 | H20: 21916 | J20: 1250 | L20: 2349871 | N20: 2060 | O20: 1 | P20: =HLOOKUP(O$4,$O$24:$U$33,ROW(P20)-10,FALSE) -> 0.58094619 | Q20: =Q19 -> 0.022647572 | R20: =R19 -> 0.97735243 | S20: =100% -> 1 | T20: =HLOOKUP(S$4,$O$24:$U$33,ROW(T20)-10,FALSE) -> 1 | U20: =U19 -> 0.0076204669 | V20: =V19 -> 0.99237953 | W20: =AA20+AE20 -> 1 | X20: =AB20*AA20+AF20*AE20 -> 1 | Y20: =(AA20*AB20*AC20+AE20*AF20*AG20)/(AA20*AB20+AE20*AF20) -> 0.016051969 | Z20: =(AA20*AB20*AD20+AE20*AF20*AH20)/(AA20*AB20+AE20*AF20) -> 0.95342343 | AA20: =S43/(R43+S43) -> 0.68745907 | AB20: =HLOOKUP(AA$4,$O$24:$U$33,ROW(AB20)-10,FALSE) -> 1 | AC20: =AC19 -> 0.018581344 | AD20: =AD19 -> 0.98141866 | AE20: =R43/(R43+S43) -> 0.31254093 | AF20: =HLOOKUP(AE$4,$O$24:$U$33,ROW(AF20)-10,FALSE) -> 1 | AG20: =AG19 -> 0.010488406 | AH20: =AH19 -> 0.89184566 | AI20: =AM20+AQ20+AU20+AY20 -> 1 | AJ20: =(AM20*AN20+AQ20*AR20+AU20*AV20+AY20*AZ20) -> 0.80289881 | AK20: =(AM20*AN20*AO20+AQ20*AR20*AS20+AU20*AV20*AW20+AY20*AZ20*BA20)/(AM20*AN20+AQ20*AR20+AU20*AV20+AY20*AZ20) -> 0.18101569 | AL20: =(AM20*AN20*AP20+AQ20*AR20*AT20+AU20*AV20*AX20+AY20*AZ20*BB20)/(AM20*AN20+AQ20*AR20+AU20*AV20+AY20*AZ20) -> 0.81898431 | AM20: =O43/(O43+P43+R43+S43) -> 0.98550596 | AN20: =HLOOKUP(AM$4,$O$24:$U$33,ROW(AN20)-10,FALSE) -> 0.8 | AO20: =AO19 -> 0.18385826 | AP20: =AP19 -> 0.81614174 | AQ20: =P43/(O43+P43+R43+S43) -> 0.0064158482 | AR20: =HLOOKUP(AQ$4,$O$24:$U$33,ROW(AR20)-10,FALSE) -> 1 | AS20: =AS19 -> 0.054196435 | AT20: =AT19 -> 0.94580357 | AU20: =S43/(O43+P43+R43+S43) -> 0.0055534245 | AV20: =HLOOKUP(AU$4,$O$24:$U$33,ROW(AV20)-10,FALSE) -> 1 | AW20: =AW19 -> 0.0062730627 | AX20: =AX19 -> 0.99372694 | AY20: =R43/(O43+P43+R43+S43) -> 0.0025247648 | AZ20: =HLOOKUP(AY$4,$O$24:$U$33,ROW(AZ20)-10,FALSE) -> 1 | BA20: =BA19 -> 0 | BB20: =BB19 -> 1
A21: Passenger HDV | B21: 512915 | C21: 547268 | D21: 102586 | E21: 24163 | F21: 4155 | H21: 53334 | I21: 5 | J21: 51218 | K21: 38 | L21: 1295682
A22: 道路客车 | B22: 107325 | C22: 488708 | D22: 98628 | E22: 957 | F22: 936 | H22: 12740 | I22: 5 | J22: 2032 | K22: 38 | L22: 711369
A23: 2015 | B23: 41247 | C23: 87105 | D23: 14744 | E23: 414 | H23: 4888 | J23: 606 | K23: 38 | L23: 149042
A24: 2016 | B24: 30079 | C24: 104312 | D24: 19137 | E24: 528 | F24: 5 | H24: 2808 | J24: 870 | L24: 157739 | N24: Electric Ratio | O24: 乘用车 | P24: 出租车 | Q24: 轻型货车 | R24: 公交车 | S24: 道路客车 | T24: 专用重型货车 | U24: 中重型货车
A25: 2017 | B25: 18371 | C25: 78701 | D25: 16714 | E25: 4 | F25: 112 | H25: 1885 | J25: 466 | L25: 116253 | N25: 2020 | O25: 0.075 | P25: 0.8 | Q25: 0.0088393183 | R25: 0.8 | S25: 0.06 | T25: 0.026466098 | U25: 0.0013456519
A26: 2018 | B26: 6138 | C26: 69234 | D26: 12719 | E26: 11 | F26: 132 | H26: 1317 | I26: 5 | J26: 75 | L26: 89631 | N26: 2025 | O26: 0.1 | P26: 0.91 | Q26: 0.089203147 | R26: 0.91 | S26: 0.1516 | T26: 0.050728989 | U26: 0.026420039
A27: 2019 | B27: 4108 | C27: 68141 | D27: 15158 | F27: 436 | H27: 939 | J27: 4 | L27: 88786 | N27: 2030 | O27: 0.15 | P27: 0.97 | Q27: 0.18086855 | R27: 0.97 | S27: 0.30410161 | T27: 0.086030248 | U27: 0.059427603
A28: 2020 | B28: 2452 | C28: 34949 | D28: 7877 | F28: 12 | H28: 484 | J28: 9 | L28: 45783 | N28: 2035 | O28: 0.2 | P28: 1 | Q28: 0.29922705 | R28: 1 | S28: 0.4792 | T28: 0.13804053 | U28: 0.10442111
A29: 2021 | B29: 4930 | C29: 46266 | D29: 12279 | F29: 239 | H29: 419 | J29: 2 | L29: 64135 | N29: 2040 | O29: 0.28 | P29: 1 | Q29: 0.45018795 | R29: 1 | S29: 0.6389 | T29: 0.20773315 | U29: 0.17782076
A30: 公交车 | B30: 405590 | C30: 58560 | D30: 3958 | E30: 23206 | F30: 3219 | H30: 40594 | J30: 49186 | L30: 584313 | N30: 2045 | O30: 0.4 | P30: 1 | Q30: 0.61094922 | R30: 1 | S30: 0.8017 | T30: 0.30051292 | U30: 0.27339725
A31: 2015 | B31: 44691 | C31: 36071 | D31: 3505 | E31: 7940 | H31: 20709 | J31: 16295 | L31: 129211 | N31: 2050 | O31: 0.5 | P31: 1 | Q31: 0.79601574 | R31: 1 | S31: 1 | T31: 0.55 | U31: 0.38
A32: 2016 | B32: 60979 | C32: 9481 | D32: 44 | E32: 12742 | F32: 24 | H32: 8790 | J32: 4474 | L32: 96534 | N32: 2055 | O32: 0.65 | P32: 1 | Q32: 0.9 | R32: 1 | S32: 1 | T32: 0.65 | U32: 0.48312408
A33: 2017 | B33: 58195 | C33: 6606 | D33: 93 | E33: 2291 | F33: 3 | H33: 6896 | J33: 12095 | L33: 86179 | N33: 2060 | O33: 0.8 | P33: 1 | Q33: 1 | R33: 1 | S33: 1 | T33: 0.8 | U33: 0.58094619
A34: 2018 | B34: 79789 | C34: 3208 | D34: 35 | E34: 228 | F34: 305 | H34: 2515 | J34: 5764 | L34: 91844
A35: 2019 | B35: 68135 | C35: 1879 | D35: 147 | E35: 3 | F35: 740 | H35: 1143 | J35: 4294 | L35: 76341 | N35: Vehicle Sales (10^4 units) | O35: 乘用车 | P35: 出租车 | Q35: 轻型货车 | R35: 公交车 | S35: 道路客车 | T35: 专用重型货车 | U35: 中重型货车
A36: 2020 | B36: 52693 | C36: 792 | D36: 72 | F36: 1339 | H36: 431 | J36: 5040 | L36: 60367 | N36: 2025 | O36: 3082.6339 | P36: 17.962537 | Q36: 335.59623 | R36: 5.0369104 | S36: 15.189023 | T36: 8.7615081 | U36: 71.220316
A37: 2021 | B37: 41108 | C37: 523 | D37: 62 | E37: 2 | F37: 808 | H37: 110 | J37: 1224 | L37: 43837 | N37: 2030 | O37: 3068.9825 | P37: 15.294893 | Q37: 453.21817 | R37: 6.8771505 | S37: 14.038266 | T37: 12.515839 | U37: 103.8069
A38: Passenger LDV | B38: 5711717 | C38: 1203924 | D38: 144403802 | E38: 2485070 | F38: 77 | G38: 10354 | H38: 2028005 | I38: 26020 | J38: 1106569 | L38: 156975538 | N38: 2035 | O38: 3138.68 | P38: 15.001153 | Q38: 525.29932 | R38: 5.1194346 | S38: 16.852345 | T38: 13.781221 | U38: 85.065555
A39: 乘用车 | B39: 4640373 | C39: 1082981 | D39: 142926417 | E39: 2386515 | F39: 9 | G39: 705 | H39: 1416706 | I39: 867 | J39: 1045371 | L39: 153499944 | N39: 2040 | O39: 3094.8208 | P39: 14.394853 | Q39: 620.49784 | R39: 6.9508708 | S39: 14.171647 | T39: 16.929402 | U39: 101.63246
A40: 2015 | B40: 116252 | C40: 162140 | D40: 19122611 | E40: 64210 | H40: 1310439 | I40: 19 | J40: 10033 | L40: 20785704 | N40: 2045 | O40: 2957.5436 | P40: 18.119657 | Q40: 725.55273 | R40: 5.1865268 | S40: 15.974445 | T40: 19.117453 | U40: 94.067238
A41: 2016 | B41: 213806 | C41: 135244 | D41: 23861857 | E41: 154515 | G41: 27 | H41: 24197 | I41: 8 | J41: 21920 | L41: 24411574 | N41: 2050 | O41: 2910.573 | P41: 15.244333 | Q41: 826.10225 | R41: 7.0129584 | S41: 15.16174 | T41: 22.199015 | U41: 102.45345
A42: 2017 | B42: 430923 | C42: 140143 | D42: 23360361 | E42: 207862 | G42: 165 | H42: 23568 | I42: 420 | J42: 54561 | L42: 24218003 | N42: 2055 | O42: 2835.3761 | P42: 14.229573 | Q42: 944.58374 | R42: 5.2448557 | S42: 15.225698 | T42: 25.048221 | U42: 100.05856
A43: 2018 | B43: 575327 | C43: 164883 | D43: 20902419 | E43: 285928 | G43: 512 | H43: 40262 | I43: 215 | J43: 177497 | L43: 22147043 | N43: 2060 | O43: 2759.1343 | P43: 17.962537 | Q43: 1067.2723 | R43: 7.0686179 | S43: 15.547997 | T43: 28.425986 | U43: 104.6604
A44: 2019 | B44: 485080 | C44: 138471 | D44: 20030934 | E44: 350626 | G44: 1 | H44: 11264 | I44: 32 | J44: 183559 | L44: 21199967
A45: 2020 | B45: 766699 | C45: 166742 | D45: 18234329 | E45: 539014 | H45: 2806 | I45: 145 | J45: 195072 | L45: 19904807
A46: 2021 | B46: 2052286 | C46: 175358 | D46: 17413906 | E46: 784360 | F46: 9 | H46: 4170 | I46: 28 | J46: 402729 | L46: 20832846
A47: 出租车 | B47: 1067694 | C47: 95487 | D47: 1387504 | E47: 98553 | F47: 68 | G47: 9649 | H47: 608726 | I47: 25153 | J47: 61181 | L47: 3354015
A48: 2015 | B48: 19377 | C48: 811 | D48: 158637 | E48: 5234 | H48: 184235 | I48: 559 | J48: 2629 | L48: 371482
A49: 2016 | B49: 32323 | C49: 18655 | D49: 190027 | E49: 3257 | F49: 8 | G49: 1695 | H49: 86487 | I49: 197 | J49: 2785 | L49: 335434
A50: 2017 | B50: 77175 | C50: 18448 | D50: 341239 | E50: 14442 | F50: 50 | G50: 5122 | H50: 75940 | I50: 1889 | J50: 4329 | L50: 538634
A51: 2018 | B51: 168974 | C51: 18771 | D51: 239703 | E51: 22793 | G51: 2630 | H51: 86839 | I51: 1627 | J51: 10304 | L51: 551641
A52: 2019 | B52: 239398 | C52: 16407 | D52: 231239 | E52: 26279 | G52: 202 | H52: 95729 | I52: 14529 | J52: 16904 | L52: 640687
A53: 2020 | B53: 171260 | C53: 13305 | D53: 127036 | E53: 13174 | H53: 38951 | I53: 5543 | J53: 12718 | L53: 381987
A54: 2021 | B54: 359187 | C54: 9090 | D54: 99623 | E54: 13374 | F54: 10 | H54: 40545 | I54: 809 | J54: 11512 | L54: 534150
A55: 道路客车 | B55: 2693 | C55: 24423 | D55: 87105 | E55: 2 | H55: 1699 | J55: 17 | L55: 115939
A56: 2015 | B56: 3 | C56: 405 | D56: 9392 | H56: 929 | L56: 10729
A57: 2016 | B57: 14 | C57: 785 | D57: 6645 | H57: 50 | L57: 7494
A58: 2017 | B58: 620 | C58: 2172 | D58: 23147 | H58: 98 | L58: 26037
A59: 2018 | B59: 60 | C59: 4246 | D59: 19272 | H59: 127 | L59: 23705
A60: 2019 | B60: 104 | C60: 3024 | D60: 10162 | H60: 49 | J60: 12 | L60: 13351
A61: 2020 | B61: 479 | C61: 7043 | D61: 11349 | E61: 1 | H61: 37 | L61: 18909
A62: 2021 | B62: 1413 | C62: 6748 | D62: 7138 | E62: 1 | H62: 409 | J62: 5 | L62: 15714
A63: 公交车 | B63: 957 | C63: 1033 | D63: 2776 | H63: 874 | L63: 5640
A64: 2015 | B64: 150 | C64: 11 | D64: 434 | H64: 86 | L64: 681
A65: 2016 | C65: 17 | D65: 265 | H65: 93 | L65: 375
A66: 2017 | B66: 30 | C66: 79 | D66: 883 | H66: 267 | L66: 1259
A67: 2018 | B67: 13 | C67: 591 | D67: 338 | H67: 175 | L67: 1117
A68: 2019 | B68: 44 | C68: 5 | D68: 297 | H68: 169 | L68: 515
A69: 2020 | B69: 648 | C69: 314 | D69: 430 | H69: 84 | L69: 1476
A70: 2021 | B70: 72 | C70: 16 | D70: 129 | L70: 217
A71: Unknown | B71: 2797 | C71: 304 | D71: 174306 | E71: 22970 | H71: 138 | J71: 6003 | L71: 206518
A72: 乘用车 | B72: 2796 | C72: 71 | D72: 166821 | E72: 22970 | J72: 6002 | L72: 198660
A73: 2021 | B73: 2796 | C73: 71 | D73: 166821 | E73: 22970 | J73: 6002 | L73: 198660
A74: 出租车 | B74: 1 | C74: 1 | D74: 61 | J74: 1 | L74: 64
A75: 2021 | B75: 1 | C75: 1 | D75: 61 | J75: 1 | L75: 64
A76: 道路客车 | C76: 232 | D76: 7424 | H76: 138 | L76: 7794
A77: 2015 | C77: 232 | D77: 7424 | H77: 138 | L77: 7794
A78: 总计 | B78: 6494402 | C78: 16591966 | D78: 151243506 | E78: 2532321 | F78: 8557 | G78: 10354 | H78: 2742311 | I78: 26142 | J78: 1166613 | K78: 42 | L78: 180816214

Sheet Hydrogen
B1: 《节能与新能源汽车技术路线图2.0》
B2: 2020 | C2: 燃料电池混合动力技术成熟，商用车市场启动，保有量达到1万辆规模 | K2: Average Vehicle Lifetime | O2: Average Vehicle Lifetime
B3: 2025 | C3: 将基于现有储运加注技术，各城市因地制宜，经济辐射半径150KM，运行车辆5万~10万辆 | K3: Passenger | L3: Freight | O3: Passenger | P3: Freight
C4: 以城市物流用车，公共服务用车的批量应用为主+大型SUV应用 | J4: LDV | K4: 9 | L4: 15 | N4: LDV | O4: 9 | P4: 15
B5: 2035 | C5: 突破新一代储运技术，突破加氢站数量瓶颈，城市间联网跨域运行，保有量100万辆左右 | J5: HDV | K5: 15 | L5: 15 | N5: HDV | O5: 15 | P5: 15
C6: 以燃料电池商用车为主体
C8: 公交车 | E8: 道路客车 | G8: Passenger HDV | O8: 乘用车 | Q8: 出租车 | S8: Passenger LDV | AA8: 专用重货 | AC8: 普通重货 | AE8: Freight HDV
C9: 保有量 | D9: 销量 | E9: 保有量 | F9: 销量 | G9: Ownership | H9: Sales | I9: Target | J9: Proposed Sale | K9: Ownership | L9: Sales % | M9: Smoothed Sale % | O9: 保有量 | P9: 销量 | Q9: 保有量 | R9: 销量 | S9: Ownership | T9: Sales | U9: Target | V9: Proposed Sale | W9: Ownership | X9: Sales % | Y9: Smoothed Sale % | AA9: 保有量 | AB9: 销量 | AC9: 保有量 | AD9: 销量 | AE9: Ownership | AF9: Sales | AG9: Target | AH9: Proposed Sale | AI9: Ownership | AJ9: Sales % | AK9: Smoothed Sale %
B10: 2015 | C10: 482975 | D10: ='Electric Ratio'!L64+'Electric Ratio'!L31 -> 129892 | E10: 1814325 | F10: ='Electric Ratio'!L23+'Electric Ratio'!L56 -> 159771 | G10: =C10+E10 -> 2297300 | H10: =D10+F10 -> 289663 | I10: 0 | J10: ='Pivot Table'!F20 -> 0 | K10: =I10 -> 0 | L10: =J10/H10 -> 0 | M10: =MAX(L$10:L$16) -> 0.0065700893 | O10: 13323.621 | P10: 1547.1217 | Q10: 109.2083 | R10: 18.300217 | S10: =(O10+Q10)*10000 -> 1.343283e+08 | T10: =(P10+R10)*10000 -> 15654220 | U10: 0 | V10: ='Pivot Table'!F28 -> 0 | W10: =U10 -> 0 | X10: =V10/T10 -> 0 | Y10: =MAX(X$10:X$16) -> 1.6989392e-06 | AA10: 475244 | AB10: 9344.1371 | AC10: 6313956 | AD10: 124143.54 | AE10: =(AA10+AC10) -> 6789200 | AF10: =(AB10+AD10) -> 133487.67 | AG10: 0 | AH10: ='Pivot Table'!F4 -> 0 | AI10: =AG10 -> 0 | AJ10: =AH10/AF10 -> 0 | AK10: =MAX(AJ$10:AJ$16) -> 0.0014854603
B11: 2016 | C11: 515051 | D11: ='Electric Ratio'!L65+'Electric Ratio'!L32 -> 96909 | E11: 1783449 | F11: ='Electric Ratio'!L24+'Electric Ratio'!L57 -> 165233 | G11: =C11+E11 -> 2298500 | H11: =D11+F11 -> 262142 | I11: =I10+J11 -> 29 | J11: ='Pivot Table'!F21 -> 29 | K11: =I11 -> 29 | L11: =J11/H11 -> 0.00011062706 | M11: =MAX(L$10:L$16) -> 0.0065700893 | O11: 15064.57 | P11: 1978.1601 | Q11: 110.2563 | R11: 16.941017 | S11: =(O11+Q11)*10000 -> 1.5174826e+08 | T11: =(P11+R11)*10000 -> 19951011 | U11: =U10+V11 -> 8 | V11: ='Pivot Table'!F29 -> 8 | W11: =U11 -> 8 | X11: =V11/T11 -> 4.0098218e-07 | Y11: =MAX(X$10:X$16) -> 1.6989392e-06 | AA11: 495719 | AB11: 65487.762 | AC11: 6585981 | AD11: 870051.7 | AE11: =(AA11+AC11) -> 7081700 | AF11: =(AB11+AD11) -> 935539.46 | AG11: =AG10+AH11 -> 0 | AH11: ='Pivot Table'!F5 -> 0 | AI11: =AG11 -> 0 | AJ11: =AH11/AF11 -> 0 | AK11: =MAX(AJ$10:AJ$16) -> 0.0014854603
B12: 2017 | C12: 554820 | D12: ='Electric Ratio'!L66+'Electric Ratio'!L33 -> 87438 | E12: 1764080 | F12: ='Electric Ratio'!L25+'Electric Ratio'!L58 -> 142290 | G12: =C12+E12 -> 2318900 | H12: =D12+F12 -> 229728 | I12: =I11+J12 -> 144 | J12: ='Pivot Table'!F22 -> 115 | K12: =I12 -> 144 | L12: =J12/H12 -> 0.000500592 | M12: =MAX(L$10:L$16) -> 0.0065700893 | O12: 17685.569 | P12: 2925.9286 | Q12: 110.2823 | R12: 17.084317 | S12: =(O12+Q12)*10000 -> 1.7795851e+08 | T12: =(P12+R12)*10000 -> 29430129 | U12: =U11+V12 -> 58 | V12: ='Pivot Table'!F30 -> 50 | W12: =U12 -> 58 | X12: =V12/T12 -> 1.6989392e-06 | Y12: =MAX(X$10:X$16) -> 1.6989392e-06 | AA12: 536263 | AB12: 92020.411 | AC12: 7124637 | AD12: 1222556.9 | AE12: =(AA12+AC12) -> 7660900 | AF12: =(AB12+AD12) -> 1314577.3 | AG12: =AG11+AH12 -> 933 | AH12: ='Pivot Table'!F6 -> 933 | AI12: =AG12 -> 933 | AJ12: =AH12/AF12 -> 0.00070973384 | AK12: =MAX(AJ$10:AJ$16) -> 0.0014854603
B13: 2018 | C13: 565933 | D13: ='Electric Ratio'!L67+'Electric Ratio'!L34 -> 92961 | E13: 1771367 | F13: ='Electric Ratio'!L26+'Electric Ratio'!L59 -> 113336 | G13: =C13+E13 -> 2337300 | H13: =D13+F13 -> 206297 | I13: =I12+J13 -> 581 | J13: ='Pivot Table'!F23 -> 437 | K13: =I13 -> 581 | L13: =J13/H13 -> 0.0021183052 | M13: =MAX(L$10:L$16) -> 0.0065700893 | O13: 20306.556 | P13: 3016.2556 | Q13: 109.7237 | R13: 16.688217 | S13: =(O13+Q13)*10000 -> 2.0416279e+08 | T13: =(P13+R13)*10000 -> 30329438 | U13: =U12+V13 -> 58 | V13: ='Pivot Table'!F31 -> 0 | W13: =U13 -> 58 | X13: =V13/T13 -> 0 | Y13: =MAX(X$10:X$16) -> 1.6989392e-06 | AA13: 583744 | AB13: 105952.53 | AC13: 7755456 | AD13: 1407655.1 | AE13: =(AA13+AC13) -> 8339200 | AF13: =(AB13+AD13) -> 1513607.6 | AG13: =AG12+AH13 -> 1337 | AH13: ='Pivot Table'!F7 -> 404 | AI13: =AG13 -> 1337 | AJ13: =AH13/AF13 -> 0.00026691198 | AK13: =MAX(AJ$10:AJ$16) -> 0.0014854603
B14: 2019 | C14: 584026 | D14: ='Electric Ratio'!L68+'Electric Ratio'!L35 -> 76856 | E14: 1742574 | F14: ='Electric Ratio'!L27+'Electric Ratio'!L60 -> 102137 | G14: =C14+E14 -> 2326600 | H14: =D14+F14 -> 178993 | I14: =I13+J14 -> 1757 | J14: ='Pivot Table'!F24 -> 1176 | K14: =I14 -> 1757 | L14: =J14/H14 -> 0.0065700893 | M14: =MAX(L$10:L$16) -> 0.0065700893 | O14: 22244.815 | P14: 2447.2817 | Q14: 110.247 | R14: 2.9605 | S14: =(O14+Q14)*10000 -> 2.2355062e+08 | T14: =(P14+R14)*10000 -> 24502422 | U14: =U13+V14 -> 58 | V14: ='Pivot Table'!F32 -> 0 | W14: =U14 -> 58 | X14: =V14/T14 -> 0 | Y14: =MAX(X$10:X$16) -> 1.6989392e-06 | AA14: 614579 | AB14: 94906.606 | AC14: 8165121 | AD14: 1260902.1 | AE14: =(AA14+AC14) -> 8779700 | AF14: =(AB14+AD14) -> 1355808.7 | AG14: =AG13+AH14 -> 3351 | AH14: ='Pivot Table'!F8 -> 2014 | AI14: =AG14 -> 3351 | AJ14: =AH14/AF14 -> 0.0014854603 | AK14: =MAX(AJ$10:AJ$16) -> 0.0014854603
B15: 2020 | C15: 585426.39 | D15: ='Electric Ratio'!L69+'Electric Ratio'!L36 -> 61843 | E15: 1742574 | F15: 205319.57 | G15: =C15+E15 -> 2328000.4 | H15: =D15+F15 -> 267162.57 | I15: =I14+J15 -> 3108 | J15: ='Pivot Table'!F25 -> 1351 | K15: =I15 -> 3108 | L15: =J15/H15 -> 0.0050568461 | M15: =MAX(L$10:L$16) -> 0.0065700893 | O15: 24835.923 | P15: 3235.5851 | Q15: 110.247 | R15: 17.473817 | S15: =(O15+Q15)*10000 -> 2.494617e+08 | T15: =(P15+R15)*10000 -> 32530589 | U15: =U14+V15 -> 58 | V15: ='Pivot Table'!F33 -> 0 | W15: =U15 -> 58 | X15: =V15/T15 -> 0 | Y15: =MAX(X$10:X$16) -> 1.6989392e-06 | AA15: 655841.19 | AB15: 105941.47 | AC15: 8243435 | AD15: 937624.34 | AE15: =(AA15+AC15) -> 8899276.1 | AF15: =(AB15+AD15) -> 1043565.8 | AG15: =AG14+AH15 -> 3497 | AH15: ='Pivot Table'!F9 -> 146 | AI15: =AG15 -> 3497 | AJ15: =AH15/AF15 -> 0.00013990493 | AK15: =MAX(AJ$10:AJ$16) -> 0.0014854603
B16: 2021 | C16: 586619.74 | D16: ='Electric Ratio'!L70+'Electric Ratio'!L37 -> 44054 | E16: 1742574 | F16: 188975.78 | G16: =C16+E16 -> 2329193.7 | H16: =D16+F16 -> 233029.78 | I16: =I15+J16 -> 4155 | J16: ='Pivot Table'!F26 -> 1047 | K16: =I16 -> 4155 | L16: =J16/H16 -> 0.004492988 | M16: =MAX(L$10:L$16) -> 0.0065700893 | O16: 27041.873 | P16: 3003.3143 | Q16: 110.247 | R16: 20.798917 | S16: =(O16+Q16)*10000 -> 2.715212e+08 | T16: =(P16+R16)*10000 -> 30241132 | U16: =U15+V16 -> 77 | V16: ='Pivot Table'!F34 -> 19 | W16: =U16 -> 77 | X16: =V16/T16 -> 6.2828336e-07 | Y16: =MAX(X$10:X$16) -> 1.6989392e-06 | AA16: 693274.02 | AB16: 96003.921 | AC16: 8310649.6 | AD16: 845372.22 | AE16: =(AA16+AC16) -> 9003923.7 | AF16: =(AB16+AD16) -> 941376.15 | AG16: =AG15+AH16 -> 4322 | AH16: ='Pivot Table'!F10 -> 825 | AI16: =AG16 -> 4322 | AJ16: =AH16/AF16 -> 0.00087637657 | AK16: =MAX(AJ$10:AJ$16) -> 0.0014854603
B17: 2022 | C17: 587768.76 | D17: 52462.015 | E17: 1742574 | F17: 169965.17 | G17: =C17+E17 -> 2330342.8 | H17: =D17+F17 -> 222427.18 | J17: =2*2429.785*B17-9812843 -> 13207.54 | K17: =SUM(J3:J17) -> 17362.54 | L17: =J17/H17 -> 0.059379164 | M17: =B17*0.02244905-45.32156 -> 0.0704191 | O17: 29146.604 | P17: 3066.266 | Q17: 110.247 | R17: 18.300217 | S17: =(O17+Q17)*10000 -> 2.9256851e+08 | T17: =(P17+R17)*10000 -> 30845662 | V17: =2*1741.681*B17-7041279 -> 2078.964 | W17: =SUM(V9:V17) -> 2155.964 | X17: =V17/T17 -> 6.7398911e-05 | Y17: =B17*0.0001262923-0.2554258 -> -6.27694e-05 | AA17: 731295.76 | AB17: 87114.677 | AC17: 8375762.1 | AD17: 717291.05 | AE17: =(AA17+AC17) -> 9107057.8 | AF17: =(AB17+AD17) -> 804405.73 | AH17: =2*310.1729*B17-1251279 -> 3060.2076 | AI17: =SUM(AH3:AH17) -> 7382.2076 | AJ17: =AH17/AF17 -> 0.0038043086 | AK17: =B17*0.000423519-0.851899 -> 0.004456418
B18: 2023 | C18: 588877.95 | D18: 62851.198 | E18: 1742574 | F18: 150118.52 | G18: =C18+E18 -> 2331452 | H18: =D18+F18 -> 212969.72 | J18: =2*2429.785*B18-9812843 -> 18067.11 | K18: =SUM(J4:J18) -> 35429.65 | L18: =J18/H18 -> 0.084834173 | M18: =B18*0.02244905-45.32156 -> 0.09286815 | O18: 31123.529 | P18: 3107.2305 | Q18: 110.247 | R18: 16.941017 | S18: =(O18+Q18)*10000 -> 3.1233776e+08 | T18: =(P18+R18)*10000 -> 31241715 | V18: =2*1741.681*B18-7041279 -> 5562.326 | W18: =SUM(V10:V18) -> 7718.29 | X18: =V18/T18 -> 0.00017804163 | Y18: =B18*0.0001262923-0.2554258 -> 6.35229e-05 | AA18: 769937.24 | AB18: 81308.73 | AC18: 8438986.8 | AD18: 629554.46 | AE18: =(AA18+AC18) -> 9208924 | AF18: =(AB18+AD18) -> 710863.19 | AH18: =2*310.1729*B18-1251279 -> 3680.5534 | AI18: =SUM(AH4:AH18) -> 11062.761 | AJ18: =AH18/AF18 -> 0.0051775833 | AK18: =B18*0.000423519-0.851899 -> 0.004879937
B19: 2024 | C19: 589943.94 | D19: 47964.982 | E19: 1742574 | F19: 131676.95 | G19: =C19+E19 -> 2332517.9 | H19: =D19+F19 -> 179641.93 | J19: =2*2429.785*B19-9812843 -> 22926.68 | K19: =SUM(J5:J19) -> 58356.33 | L19: =J19/H19 -> 0.12762433 | M19: =B19*0.02244905-45.32156 -> 0.1153172 | O19: 32940.487 | P19: 3114.8997 | Q19: 110.247 | R19: 17.084317 | S19: =(O19+Q19)*10000 -> 3.3050734e+08 | T19: =(P19+R19)*10000 -> 31319840 | V19: =2*1741.681*B19-7041279 -> 9045.688 | W19: =SUM(V11:V19) -> 16763.978 | X19: =V19/T19 -> 0.00028881654 | Y19: =B19*0.0001262923-0.2554258 -> 0.0001898152 | AA19: 808961.79 | AB19: 82521.908 | AC19: 8500091.5 | AD19: 636360.19 | AE19: =(AA19+AC19) -> 9309053.3 | AF19: =(AB19+AD19) -> 718882.1 | AH19: =2*310.1729*B19-1251279 -> 4300.8992 | AI19: =SUM(AH5:AH19) -> 15363.66 | AJ19: =AH19/AF19 -> 0.0059827602 | AK19: =B19*0.000423519-0.851899 -> 0.005303456
B20: 2025 | C20: 590980.91 | D20: 25056.971 | E20: 1742574 | F20: 118714.73 | G20: =C20+E20 -> 2333554.9 | H20: =D20+F20 -> 143771.71 | I20: 80000 | J20: =2*2429.785*B20-9812843 -> 27786.25 | K20: =SUM(J6:J20) -> 86142.58 | L20: =J20/H20 -> 0.19326647 | M20: =B20*0.02244905-45.32156 -> 0.13776625 | O20: 34601.131 | P20: 3121.459 | Q20: 110.247 | R20: 16.688217 | S20: =(O20+Q20)*10000 -> 3.4711378e+08 | T20: =(P20+R20)*10000 -> 31381472 | U20: 20000 | V20: =2*1741.681*B20-7041279 -> 12529.05 | W20: =SUM(V12:V20) -> 29285.028 | X20: =V20/T20 -> 0.00039924991 | Y20: =B20*0.0001262923-0.2554258 -> 0.0003161075 | AA20: 848776.36 | AB20: 91126.169 | AC20: 8559855.5 | AD20: 732437.87 | AE20: =(AA20+AC20) -> 9408631.9 | AF20: =(AB20+AD20) -> 823564.04 | AG20: 20000 | AH20: =2*310.1729*B20-1251279 -> 4921.245 | AI20: =SUM(AH6:AH20) -> 20284.905 | AJ20: =AH20/AF20 -> 0.0059755462 | AK20: =B20*0.000423519-0.851899 -> 0.005726975
B21: 2026 | C21: 591982.52 | D21: 69505.613 | E21: 1742574 | F21: 115428.99 | G21: =C21+E21 -> 2334556.5 | H21: =D21+F21 -> 184934.6 | J21: =2*2429.785*B21-9812843 -> 32645.82 | K21: =SUM(J7:J21) -> 118788.4 | L21: =J21/H21 -> 0.17652629 | M21: =B21*0.02244905-45.32156 -> 0.1602153 | O21: 36083.427 | P21: 3100.2857 | Q21: 110.247 | R21: 2.9605 | S21: =(O21+Q21)*10000 -> 3.6193674e+08 | T21: =(P21+R21)*10000 -> 31032462 | V21: =2*1741.681*B21-7041279 -> 16012.412 | W21: =SUM(V13:V21) -> 45247.44 | X21: =V21/T21 -> 0.0005159891 | Y21: =B21*0.0001262923-0.2554258 -> 0.0004423998 | AA21: 889055.27 | AB21: 103735.74 | AC21: 8617885.6 | AD21: 876665.9 | AE21: =(AA21+AC21) -> 9506940.8 | AF21: =(AB21+AD21) -> 980401.63 | AH21: =2*310.1729*B21-1251279 -> 5541.5908 | AI21: =SUM(AH7:AH21) -> 25826.496 | AJ21: =AH21/AF21 -> 0.005652368 | AK21: =B21*0.000423519-0.851899 -> 0.006150494
B22: 2027 | C22: 592952.37 | D22: 106963.85 | E22: 1742574 | F22: 122950.84 | G22: =C22+E22 -> 2335526.4 | H22: =D22+F22 -> 229914.7 | J22: =2*2429.785*B22-9812843 -> 37505.39 | K22: =SUM(J8:J22) -> 156293.79 | L22: =J22/H22 -> 0.16312741 | M22: =B22*0.02244905-45.32156 -> 0.18266435 | O22: 37387.914 | P22: 3075.8228 | Q22: 110.247 | R22: 17.473817 | S22: =(O22+Q22)*10000 -> 3.7498161e+08 | T22: =(P22+R22)*10000 -> 30932966 | V22: =2*1741.681*B22-7041279 -> 19495.774 | W22: =SUM(V14:V22) -> 64743.214 | X22: =V22/T22 -> 0.0006302588 | Y22: =B22*0.0001262923-0.2554258 -> 0.0005686921 | AA22: 929838.78 | AB22: 117708.52 | AC22: 8674360.9 | AD22: 1023057.9 | AE22: =(AA22+AC22) -> 9604199.6 | AF22: =(AB22+AD22) -> 1140766.4 | AH22: =2*310.1729*B22-1251279 -> 6161.9366 | AI22: =SUM(AH8:AH22) -> 31988.433 | AJ22: =AH22/AF22 -> 0.005401576 | AK22: =B22*0.000423519-0.851899 -> 0.006574013
B23: 2028 | C23: 593897.08 | D23: 69408.703 | E23: 1742574 | F23: 138142.31 | G23: =C23+E23 -> 2336471.1 | H23: =D23+F23 -> 207551.01 | J23: =2*2429.785*B23-9812843 -> 42364.96 | K23: =SUM(J9:J23) -> 198658.75 | L23: =J23/H23 -> 0.20411831 | M23: =B23*0.02244905-45.32156 -> 0.2051134 | O23: 38522.942 | P23: 3060.006 | Q23: 110.247 | R23: 20.798917 | S23: =(O23+Q23)*10000 -> 3.8633189e+08 | T23: =(P23+R23)*10000 -> 30808050 | V23: =2*1741.681*B23-7041279 -> 22979.136 | W23: =SUM(V15:V23) -> 87722.35 | X23: =V23/T23 -> 0.00074588091 | Y23: =B23*0.0001262923-0.2554258 -> 0.0006949844 | AA23: 971318.99 | AB23: 129712.97 | AC23: 8729641.5 | AD23: 1118978.4 | AE23: =(AA23+AC23) -> 9700960.5 | AF23: =(AB23+AD23) -> 1248691.4 | AH23: =2*310.1729*B23-1251279 -> 6782.2824 | AI23: =SUM(AH9:AH23) -> 38770.715 | AJ23: =AH23/AF23 -> 0.005431512 | AK23: =B23*0.000423519-0.851899 -> 0.006997532
B24: 2029 | C24: 594811.92 | D24: 51424.848 | E24: 1742574 | F24: 155503.92 | G24: =C24+E24 -> 2337385.9 | H24: =D24+F24 -> 206928.77 | J24: =2*2429.785*B24-9812843 -> 47224.53 | K24: =SUM(J10:J24) -> 245883.28 | L24: =J24/H24 -> 0.22821635 | M24: =B24*0.02244905-45.32156 -> 0.22756245 | O24: 39488.316 | P24: 3048.9214 | Q24: 110.247 | R24: 18.300217 | S24: =(O24+Q24)*10000 -> 3.9598563e+08 | T24: =(P24+R24)*10000 -> 30672216 | V24: =2*1741.681*B24-7041279 -> 26462.498 | W24: =SUM(V16:V24) -> 114184.85 | X24: =V24/T24 -> 0.00086275143 | Y24: =B24*0.0001262923-0.2554258 -> 0.0008212767 | AA24: 1013213.5 | AB24: 136402.27 | AC24: 8783430.5 | AD24: 1123952.9 | AE24: =(AA24+AC24) -> 9796644.1 | AF24: =(AB24+AD24) -> 1260355.2 | AH24: =2*310.1729*B24-1251279 -> 7402.6282 | AI24: =SUM(AH10:AH24) -> 46173.343 | AJ24: =AH24/AF24 -> 0.0058734461 | AK24: =B24*0.000423519-0.851899 -> 0.007421051
B25: 2030 | C25: 595703.04 | D25: 46554.508 | E25: 1742574 | F25: 169887.22 | G25: =C25+E25 -> 2338277 | H25: =D25+F25 -> 216441.73 | J25: =2*2429.785*B25-9812843 -> 52084.1 | K25: =SUM(J11:J25) -> 297967.38 | L25: =J25/H25 -> 0.24063798 | M25: =B25*0.02244905-45.32156 -> 0.2500115 | O25: 40299.012 | P25: 3059.8766 | Q25: 110.247 | R25: 16.941017 | S25: =(O25+Q25)*10000 -> 4.0409259e+08 | T25: =(P25+R25)*10000 -> 30768176 | V25: =2*1741.681*B25-7041279 -> 29945.86 | W25: =SUM(V17:V25) -> 144111.71 | X25: =V25/T25 -> 0.0009732738 | Y25: =B25*0.0001262923-0.2554258 -> 0.000947569 | AA25: 1055716.1 | AB25: 138232.43 | AC25: 8836066.2 | AD25: 1047690 | AE25: =(AA25+AC25) -> 9891782.3 | AF25: =(AB25+AD25) -> 1185922.4 | AH25: =2*310.1729*B25-1251279 -> 8022.974 | AI25: =SUM(AH11:AH25) -> 54196.317 | AJ25: =AH25/AF25 -> 0.0067651761 | AK25: =B25*0.000423519-0.851899 -> 0.00784457
B26: 2031 | C26: 596571.34 | D26: 64378.651 | E26: 1742574 | F26: 177754.65 | G26: =C26+E26 -> 2339145.3 | H26: =D26+F26 -> 242133.3 | J26: =2*2429.785*B26-9812843 -> 56943.67 | K26: =SUM(J12:J26) -> 354882.05 | L26: =J26/H26 -> 0.23517488 | M26: =B26*0.02244905-45.32156 -> 0.27246055 | O26: 40966.431 | P26: 3086.0505 | Q26: 110.247 | R26: 17.084317 | S26: =(O26+Q26)*10000 -> 4.1076678e+08 | T26: =(P26+R26)*10000 -> 31031348 | V26: =2*1741.681*B26-7041279 -> 33429.222 | W26: =SUM(V18:V26) -> 175461.97 | X26: =V26/T26 -> 0.0010772726 | Y26: =B26*0.0001262923-0.2554258 -> 0.0010738613 | AA26: 1098803 | AB26: 137163.46 | AC26: 8887584.2 | AD26: 939485.45 | AE26: =(AA26+AC26) -> 9986387.1 | AF26: =(AB26+AD26) -> 1076648.9 | AH26: =2*310.1729*B26-1251279 -> 8643.3198 | AI26: =SUM(AH12:AH26) -> 62839.637 | AJ26: =AH26/AF26 -> 0.0080279837 | AK26: =B26*0.000423519-0.851899 -> 0.008268089
B27: 2032 | C27: 597415.17 | D27: 53305.84 | E27: 1742574 | F27: 177865.09 | G27: =C27+E27 -> 2339989.2 | H27: =D27+F27 -> 231170.93 | J27: =2*2429.785*B27-9812843 -> 61803.24 | K27: =SUM(J13:J27) -> 416570.29 | L27: =J27/H27 -> 0.26734867 | M27: =B27*0.02244905-45.32156 -> 0.2949096 | O27: 41502.161 | P27: 3118.5915 | Q27: 110.247 | R27: 16.688217 | S27: =(O27+Q27)*10000 -> 4.1612408e+08 | T27: =(P27+R27)*10000 -> 31352797 | V27: =2*1741.681*B27-7041279 -> 36912.584 | W27: =SUM(V19:V27) -> 206812.22 | X27: =V27/T27 -> 0.0011773298 | Y27: =B27*0.0001262923-0.2554258 -> 0.0012001536 | AA27: 1142320.9 | AB27: 135372.99 | AC27: 8937868.6 | AD27: 849070.8 | AE27: =(AA27+AC27) -> 10080189 | AF27: =(AB27+AD27) -> 984443.79 | AH27: =2*310.1729*B27-1251279 -> 9263.6656 | AI27: =SUM(AH13:AH27) -> 71170.303 | AJ27: =AH27/AF27 -> 0.0094100503 | AK27: =B27*0.000423519-0.851899 -> 0.008691608
B28: 2033 | C28: 598240.27 | D28: 63676.301 | E28: 1742574 | F28: 171749.67 | G28: =C28+E28 -> 2340814.3 | H28: =D28+F28 -> 235425.98 | J28: =2*2429.785*B28-9812843 -> 66662.81 | K28: =SUM(J14:J28) -> 482796.1 | L28: =J28/H28 -> 0.28315826 | M28: =B28*0.02244905-45.32156 -> 0.31735865 | O28: 41922.915 | P28: 3150.8534 | Q28: 110.247 | R28: 2.9605 | S28: =(O28+Q28)*10000 -> 4.2033162e+08 | T28: =(P28+R28)*10000 -> 31538139 | V28: =2*1741.681*B28-7041279 -> 40395.946 | W28: =SUM(V20:V28) -> 238162.48 | X28: =V28/T28 -> 0.0012808602 | Y28: =B28*0.0001262923-0.2554258 -> 0.0013264459 | AA28: 1186496 | AB28: 135163.39 | AC28: 8987245.8 | AD28: 803440.98 | AE28: =(AA28+AC28) -> 10173742 | AF28: =(AB28+AD28) -> 938604.37 | AH28: =2*310.1729*B28-1251279 -> 9884.0114 | AI28: =SUM(AH14:AH28) -> 80650.314 | AJ28: =AH28/AF28 -> 0.010530541 | AK28: =B28*0.000423519-0.851899 -> 0.009115127
B29: 2034 | C29: 599045 | D29: 48769.71 | E29: 1742574 | F29: 162472.83 | G29: =C29+E29 -> 2341619 | H29: =D29+F29 -> 211242.54 | J29: =2*2429.785*B29-9812843 -> 71522.38 | K29: =SUM(J15:J29) -> 553142.48 | L29: =J29/H29 -> 0.33857943 | M29: =B29*0.02244905-45.32156 -> 0.3398077 | O29: 42240.835 | P29: 3168.6944 | Q29: 110.247 | R29: 17.473817 | S29: =(O29+Q29)*10000 -> 4.2351082e+08 | T29: =(P29+R29)*10000 -> 31861682 | V29: =2*1741.681*B29-7041279 -> 43879.308 | W29: =SUM(V21:V29) -> 269512.74 | X29: =V29/T29 -> 0.0013771812 | Y29: =B29*0.0001262923-0.2554258 -> 0.0014527382 | AA29: 1231184.7 | AB29: 137712.88 | AC29: 9035602.9 | AD29: 807353.16 | AE29: =(AA29+AC29) -> 10266788 | AF29: =(AB29+AD29) -> 945066.04 | AH29: =2*310.1729*B29-1251279 -> 10504.357 | AI29: =SUM(AH15:AH29) -> 89140.671 | AJ29: =AH29/AF29 -> 0.011114945 | AK29: =B29*0.000423519-0.851899 -> 0.009538646
B30: 2035 | C30: 599829.26 | D30: 25841.23 | E30: 1742574 | F30: 152775.01 | G30: =C30+E30 -> 2342403.3 | H30: =D30+F30 -> 178616.24 | I30: 600000 | J30: =2*2429.785*B30-9812843 -> 76381.95 | K30: =SUM(J16:J30) -> 628173.43 | L30: =J30/H30 -> 0.42763162 | M30: =B30*0.02244905-45.32156 -> 0.36225675 | O30: 42468.937 | P30: 3169.21 | Q30: 110.247 | R30: 20.798917 | S30: =(O30+Q30)*10000 -> 4.2579184e+08 | T30: =(P30+R30)*10000 -> 31900089 | U30: 320000 | V30: =2*1741.681*B30-7041279 -> 47362.67 | W30: =SUM(V22:V30) -> 300863 | X30: =V30/T30 -> 0.001484719 | Y30: =B30*0.0001262923-0.2554258 -> 0.0015790305 | AA30: 1276316.3 | AB30: 143648.33 | AC30: 9082919.8 | AD30: 853927.39 | AE30: =(AA30+AC30) -> 10359236 | AF30: =(AB30+AD30) -> 997575.72 | AG30: 100000 | AH30: =2*310.1729*B30-1251279 -> 11124.703 | AI30: =SUM(AH16:AH30) -> 100119.37 | AJ30: =AH30/AF30 -> 0.011151738 | AK30: =B30*0.000423519-0.851899 -> 0.009962165
B31: 2036 | C31: 600598.37 | D31: 70274.727 | E31: 1742574 | F31: 144613.74 | G31: =C31+E31 -> 2343172.4 | H31: =D31+F31 -> 214888.47 | J31: =2*2429.785*B31-9812843 -> 81241.52 | K31: =SUM(J17:J31) -> 708367.95 | L31: =J31/H31 -> 0.37806365 | M31: =B31*0.02244905-45.32156 -> 0.3847058 | O31: 42620.866 | P31: 3155.3009 | Q31: 110.247 | R31: 18.300217 | S31: =(O31+Q31)*10000 -> 4.2731113e+08 | T31: =(P31+R31)*10000 -> 31736011 | V31: =2*1741.681*B31-7041279 -> 50846.032 | W31: =SUM(V23:V31) -> 332213.26 | X31: =V31/T31 -> 0.0016021557 | Y31: =B31*0.0001262923-0.2554258 -> 0.0017053228 | AA31: 1322138.9 | AB31: 152502.87 | AC31: 9129505.1 | AD31: 926613.35 | AE31: =(AA31+AC31) -> 10451644 | AF31: =(AB31+AD31) -> 1079116.2 | AH31: =2*310.1729*B31-1251279 -> 11745.049 | AI31: =SUM(AH17:AH31) -> 111039.42 | AJ31: =AH31/AF31 -> 0.010883952 | AK31: =B31*0.000423519-0.851899 -> 0.010385684
B32: 2037 | C32: 601349.34 | D32: 107714.82 | E32: 1742574 | F32: 139439.83 | G32: =C32+E32 -> 2343923.3 | H32: =D32+F32 -> 247154.65 | J32: =2*2429.785*B32-9812843 -> 86101.09 | K32: =SUM(J18:J32) -> 781261.5 | L32: =J32/H32 -> 0.34836929 | M32: =B32*0.02244905-45.32156 -> 0.40715485 | O32: 42706.618 | P32: 3129.0747 | Q32: 110.247 | R32: 16.941017 | S32: =(O32+Q32)*10000 -> 4.2816865e+08 | T32: =(P32+R32)*10000 -> 31460158 | V32: =2*1741.681*B32-7041279 -> 54329.394 | W32: =SUM(V24:V32) -> 363563.51 | X32: =V32/T32 -> 0.001726927 | Y32: =B32*0.0001262923-0.2554258 -> 0.0018316151 | AA32: 1368427.2 | AB32: 162137.77 | AC32: 9175165.8 | AD32: 1000206.5 | AE32: =(AA32+AC32) -> 10543593 | AF32: =(AB32+AD32) -> 1162344.3 | AH32: =2*310.1729*B32-1251279 -> 12365.395 | AI32: =SUM(AH18:AH32) -> 120344.61 | AJ32: =AH32/AF32 -> 0.010638323 | AK32: =B32*0.000423519-0.851899 -> 0.010809203
B33: 2038 | C33: 602086.57 | D33: 70145.934 | E33: 1742574 | F33: 138102.04 | G33: =C33+E33 -> 2344660.6 | H33: =D33+F33 -> 208247.97 | J33: =2*2429.785*B33-9812843 -> 90960.66 | K33: =SUM(J19:J33) -> 854155.05 | L33: =J33/H33 -> 0.43679013 | M33: =B33*0.02244905-45.32156 -> 0.4296039 | O33: 42736.87 | P33: 3097.4219 | Q33: 110.247 | R33: 17.084317 | S33: =(O33+Q33)*10000 -> 4.2847117e+08 | T33: =(P33+R33)*10000 -> 31145062 | V33: =2*1741.681*B33-7041279 -> 57812.756 | W33: =SUM(V25:V33) -> 394913.77 | X33: =V33/T33 -> 0.0018562415 | Y33: =B33*0.0001262923-0.2554258 -> 0.0019579074 | AA33: 1415401.1 | AB33: 171207.79 | AC33: 9220159.4 | AD33: 1050890.2 | AE33: =(AA33+AC33) -> 10635561 | AF33: =(AB33+AD33) -> 1222098 | AH33: =2*310.1729*B33-1251279 -> 12985.74 | AI33: =SUM(AH19:AH33) -> 129649.8 | AJ33: =AH33/AF33 -> 0.010625777 | AK33: =B33*0.000423519-0.851899 -> 0.011232722
B34: 2039 | C34: 602808.64 | D34: 52146.915 | E34: 1742574 | F34: 140561.7 | G34: =C34+E34 -> 2345382.6 | H34: =D34+F34 -> 192708.62 | J34: =2*2429.785*B34-9812843 -> 95820.23 | K34: =SUM(J20:J34) -> 927048.6 | L34: =J34/H34 -> 0.49722857 | M34: =B34*0.02244905-45.32156 -> 0.45205295 | O34: 42719.893 | P34: 3063.0554 | Q34: 110.247 | R34: 16.688217 | S34: =(O34+Q34)*10000 -> 4.283014e+08 | T34: =(P34+R34)*10000 -> 30797436 | V34: =2*1741.681*B34-7041279 -> 61296.118 | W34: =SUM(V26:V34) -> 426264.03 | X34: =V34/T34 -> 0.0019902994 | Y34: =B34*0.0001262923-0.2554258 -> 0.0020841997 | AA34: 1462929.8 | AB34: 178100.5 | AC34: 9264389.5 | AD34: 1063914.5 | AE34: =(AA34+AC34) -> 10727319 | AF34: =(AB34+AD34) -> 1242015 | AH34: =2*310.1729*B34-1251279 -> 13606.086 | AI34: =SUM(AH20:AH34) -> 138954.98 | AJ34: =AH34/AF34 -> 0.010954849 | AK34: =B34*0.000423519-0.851899 -> 0.011656241
B35: 2040 | C35: 603515.27 | D35: 47261.142 | E35: 1742574 | F35: 145865.05 | G35: =C35+E35 -> 2346089.3 | H35: =D35+F35 -> 193126.19 | J35: =2*2429.785*B35-9812843 -> 100679.8 | K35: =SUM(J21:J35) -> 999942.15 | L35: =J35/H35 -> 0.52131613 | M35: =B35*0.02244905-45.32156 -> 0.474502 | O35: 42663.221 | P35: 3029.251 | Q35: 110.247 | R35: 2.9605 | S35: =(O35+Q35)*10000 -> 4.2773468e+08 | T35: =(P35+R35)*10000 -> 30322115 | V35: =2*1741.681*B35-7041279 -> 64779.48 | W35: =SUM(V27:V35) -> 457614.29 | X35: =V35/T35 -> 0.0021363774 | Y35: =B35*0.0001262923-0.2554258 -> 0.002210492 | AA35: 1510947 | AB35: 182521.19 | AC35: 9307829.6 | AD35: 1039998.5 | AE35: =(AA35+AC35) -> 10818777 | AF35: =(AB35+AD35) -> 1222519.7 | AH35: =2*310.1729*B35-1251279 -> 14226.432 | AI35: =SUM(AH21:AH35) -> 148260.17 | AJ35: =AH35/AF35 -> 0.011636976 | AK35: =B35*0.000423519-0.851899 -> 0.01207976
B36: 2041 | C36: 604210.08 | D36: 65073.466 | E36: 1742574 | F36: 152409.96 | G36: =C36+E36 -> 2346784.1 | H36: =D36+F36 -> 217483.43 | J36: =2*2429.785*B36-9812843 -> 105539.37 | K36: =SUM(J22:J36) -> 1072835.7 | L36: =J36/H36 -> 0.48527546 | M36: =B36*0.02244905-45.32156 -> 0.49695105 | O36: 42573.613 | P36: 2998.5554 | Q36: 110.247 | R36: 17.473817 | S36: =(O36+Q36)*10000 -> 4.268386e+08 | T36: =(P36+R36)*10000 -> 30160292 | V36: =2*1741.681*B36-7041279 -> 68262.842 | W36: =SUM(V28:V36) -> 488964.55 | X36: =V36/T36 -> 0.0022633349 | Y36: =B36*0.0001262923-0.2554258 -> 0.0023367843 | AA36: 1559653.7 | AB36: 185297.03 | AC36: 9350693.3 | AD36: 993854.2 | AE36: =(AA36+AC36) -> 10910347 | AF36: =(AB36+AD36) -> 1179151.2 | AH36: =2*310.1729*B36-1251279 -> 14846.778 | AI36: =SUM(AH22:AH36) -> 157565.36 | AJ36: =AH36/AF36 -> 0.012591072 | AK36: =B36*0.000423519-0.851899 -> 0.012503279
B37: 2042 | C37: 604892.45 | D37: 53988.202 | E37: 1742574 | F37: 158400.99 | G37: =C37+E37 -> 2347466.4 | H37: =D37+F37 -> 212389.19 | J37: =2*2429.785*B37-9812843 -> 110398.94 | K37: =SUM(J23:J37) -> 1145729.2 | L37: =J37/H37 -> 0.51979548 | M37: =B37*0.02244905-45.32156 -> 0.5194001 | O37: 42456.437 | P37: 2972.2991 | Q37: 110.247 | R37: 20.798917 | S37: =(O37+Q37)*10000 -> 4.2566684e+08 | T37: =(P37+R37)*10000 -> 29930981 | V37: =2*1741.681*B37-7041279 -> 71746.204 | W37: =SUM(V29:V37) -> 520314.8 | X37: =V37/T37 -> 0.0023970549 | Y37: =B37*0.0001262923-0.2554258 -> 0.0024630766 | AA37: 1608972.5 | AB37: 187300.5 | AC37: 9392934 | AD37: 946398.41 | AE37: =(AA37+AC37) -> 11001906 | AF37: =(AB37+AD37) -> 1133698.9 | AH37: =2*310.1729*B37-1251279 -> 15467.124 | AI37: =SUM(AH23:AH37) -> 166870.55 | AJ37: =AH37/AF37 -> 0.013643061 | AK37: =B37*0.000423519-0.851899 -> 0.012926798
B38: 2043 | C38: 605562.54 | D38: 64346.398 | E38: 1742574 | F38: 162364.29 | G38: =C38+E38 -> 2348136.5 | H38: =D38+F38 -> 226710.69 | J38: =2*2429.785*B38-9812843 -> 115258.51 | K38: =SUM(J24:J38) -> 1218622.8 | L38: =J38/H38 -> 0.50839469 | M38: =B38*0.02244905-45.32156 -> 0.54184915 | O38: 42316.341 | P38: 2951.729 | Q38: 110.247 | R38: 18.300217 | S38: =(O38+Q38)*10000 -> 4.2426588e+08 | T38: =(P38+R38)*10000 -> 29700292 | V38: =2*1741.681*B38-7041279 -> 75229.566 | W38: =SUM(V30:V38) -> 551665.06 | X38: =V38/T38 -> 0.0025329571 | Y38: =B38*0.0001262923-0.2554258 -> 0.0025893689 | AA38: 1658880 | AB38: 189825.61 | AC38: 9434555.7 | AD38: 916218.64 | AE38: =(AA38+AC38) -> 11093436 | AF38: =(AB38+AD38) -> 1106044.3 | AH38: =2*310.1729*B38-1251279 -> 16087.469 | AI38: =SUM(AH24:AH38) -> 176175.73 | AJ38: =AH38/AF38 -> 0.01454505 | AK38: =B38*0.000423519-0.851899 -> 0.013350317
B39: 2044 | C39: 606221.41 | D39: 49428.575 | E39: 1742574 | F39: 163539.26 | G39: =C39+E39 -> 2348795.4 | H39: =D39+F39 -> 212967.83 | J39: =2*2429.785*B39-9812843 -> 120118.08 | K39: =SUM(J25:J39) -> 1291516.3 | L39: =J39/H39 -> 0.56401983 | M39: =B39*0.02244905-45.32156 -> 0.5642982 | O39: 42157.284 | P39: 2937.1769 | Q39: 110.247 | R39: 16.941017 | S39: =(O39+Q39)*10000 -> 4.2267531e+08 | T39: =(P39+R39)*10000 -> 29541179 | V39: =2*1741.681*B39-7041279 -> 78712.928 | W39: =SUM(V31:V39) -> 583015.32 | X39: =V39/T39 -> 0.0026645155 | Y39: =B39*0.0001262923-0.2554258 -> 0.0027156612 | AA39: 1709417.1 | AB39: 193830.46 | AC39: 9475615.7 | AD39: 912647.56 | AE39: =(AA39+AC39) -> 11185033 | AF39: =(AB39+AD39) -> 1106478 | AH39: =2*310.1729*B39-1251279 -> 16707.815 | AI39: =SUM(AH25:AH39) -> 185480.92 | AJ39: =AH39/AF39 -> 0.015099997 | AK39: =B39*0.000423519-0.851899 -> 0.013773836
B40: 2045 | C40: 606869.88 | D40: 26489.701 | E40: 1742574 | F40: 162007.76 | G40: =C40+E40 -> 2349443.9 | H40: =D40+F40 -> 188497.46 | J40: =2*2429.785*B40-9812843 -> 124977.65 | K40: =SUM(J26:J40) -> 1364409.9 | L40: =J40/H40 -> 0.66302034 | M40: =B40*0.02244905-45.32156 -> 0.58674725 | O40: 41982.602 | P40: 2927.9577 | Q40: 110.247 | R40: 17.084317 | S40: =(O40+Q40)*10000 -> 4.2092849e+08 | T40: =(P40+R40)*10000 -> 29450420 | V40: =2*1741.681*B40-7041279 -> 82196.29 | W40: =SUM(V32:V40) -> 614365.58 | X40: =V40/T40 -> 0.0027910057 | Y40: =B40*0.0001262923-0.2554258 -> 0.0028419535 | AA40: 1760616.6 | AB40: 199619.01 | AC40: 9516159.8 | AD40: 934243.1 | AE40: =(AA40+AC40) -> 11276776 | AF40: =(AB40+AD40) -> 1133862.1 | AH40: =2*310.1729*B40-1251279 -> 17328.161 | AI40: =SUM(AH26:AH40) -> 194786.11 | AJ40: =AH40/AF40 -> 0.015282423 | AK40: =B40*0.000423519-0.851899 -> 0.014197355
B41: 2046 | C41: 607509.16 | D41: 70914.01 | E41: 1742574 | F41: 158548.33 | G41: =C41+E41 -> 2350083.2 | H41: =D41+F41 -> 229462.34 | J41: =2*2429.785*B41-9812843 -> 129837.22 | K41: =SUM(J27:J41) -> 1437303.4 | L41: =J41/H41 -> 0.56583238 | M41: =B41*0.02244905-45.32156 -> 0.6091963 | O41: 41795.139 | P41: 2922.4662 | Q41: 110.247 | R41: 16.688217 | S41: =(O41+Q41)*10000 -> 4.1905386e+08 | T41: =(P41+R41)*10000 -> 29391544 | V41: =2*1741.681*B41-7041279 -> 85679.652 | W41: =SUM(V33:V41) -> 645715.84 | X41: =V41/T41 -> 0.0029151123 | Y41: =B41*0.0001262923-0.2554258 -> 0.0029682458 | AA41: 1812546.9 | AB41: 206934.51 | AC41: 9556257.5 | AD41: 971507.94 | AE41: =(AA41+AC41) -> 11368804 | AF41: =(AB41+AD41) -> 1178442.4 | AH41: =2*310.1729*B41-1251279 -> 17948.507 | AI41: =SUM(AH27:AH41) -> 204091.29 | AJ41: =AH41/AF41 -> 0.015230703 | AK41: =B41*0.000423519-0.851899 -> 0.014620874
B42: 2047 | C42: 608138.2 | D42: 108343.86 | E42: 1742574 | F42: 154311.26 | G42: =C42+E42 -> 2350712.2 | H42: =D42+F42 -> 262655.12 | J42: =2*2429.785*B42-9812843 -> 134696.79 | K42: =SUM(J28:J42) -> 1510197 | L42: =J42/H42 -> 0.51282758 | M42: =B42*0.02244905-45.32156 -> 0.63164535 | O42: 41597.328 | P42: 2918.41 | Q42: 110.247 | R42: 2.9605 | S42: =(O42+Q42)*10000 -> 4.1707575e+08 | T42: =(P42+R42)*10000 -> 29213705 | V42: =2*1741.681*B42-7041279 -> 89163.014 | W42: =SUM(V34:V42) -> 677066.09 | X42: =V42/T42 -> 0.0030520954 | Y42: =B42*0.0001262923-0.2554258 -> 0.0030945381 | AA42: 1865096.6 | AB42: 214864.03 | AC42: 9595837 | AD42: 1011074.9 | AE42: =(AA42+AC42) -> 11460934 | AF42: =(AB42+AD42) -> 1225938.9 | AH42: =2*310.1729*B42-1251279 -> 18568.853 | AI42: =SUM(AH28:AH42) -> 213396.48 | AJ42: =AH42/AF42 -> 0.015146637 | AK42: =B42*0.000423519-0.851899 -> 0.015044393
... B55: 2060 | C55: 615673.68 | D55: 48413.043 | E55: 1742574 | F55: 152563.31 | G55: =C55+E55 -> 2358247.7 | H55: =D55+F55 -> 200976.36 | J55: =2*2429.785*B55-9812843 -> 197871.2 | K55: =SUM(J41:J55) -> 2457813.1 | L55: =J55/H55 -> 0.98454965 | M55: =B55*0.02244905-45.32156 -> 0.923483 | O55: 38895.347 | P55: 2749.1054 | Q55: 110.247 | R55: 16.688217 | S55: =(O55+Q55)*10000 -> 3.9005594e+08 | T55: =(P55+R55)*10000 -> 27657936 | V55: =2*1741.681*B55-7041279 -> 134446.72 | W55: =SUM(V47:V55) -> 1084619.4 | X55: =V55/T55 -> 0.004861054 | Y55: =B55*0.0001262923-0.2554258 -> 0.004736338 | AA55: 2621609.9 | AB55: 299252.05 | AC55: 10079656 | AD55: 1064551.7 | AE55: =(AA55+AC55) -> 12701265 | AF55: =(AB55+AD55) -> 1363803.8 | AH55: =2*310.1729*B55-1251279 -> 26633.348 | AI55: =SUM(AH41:AH55) -> 334363.91 | AJ55: =AH55/AF55 -> 0.019528725 | AK55: =B55*0.000423519-0.851899 -> 0.02055014

Sheet Projection
A1: Additional Cap Coefficient | B1: 1 | C1: 2015 | D1: 2016 | E1: 2017 | F1: 2018 | G1: 2019 | H1: 2020 | I1: 2021 | J1: 2022 | K1: 2023 | L1: 2024 | M1: 2025 | N1: 2026 | O1: 2027 | P1: 2028 | Q1: 2029 | R1: 2030 | S1: 2031 | T1: 2032 | U1: 2033 | V1: 2034 | W1: 2035 | X1: 2036 | Y1: 2037 | Z1: 2038 | AA1: 2039 | AB1: 2040 | AC1: 2041 | AD1: 2042 | AE1: 2043 | AF1: 2044 | AG1: 2045 | AH1: 2046 | AI1: 2047 | AJ1: 2048 | AK1: 2049 | AL1: 2050 | AM1: 2051 | AN1: 2052 | AO1: 2053 | AP1: 2054 | AQ1: 2055 | AR1: 2056 | AS1: 2057 | AT1: 2058 | AU1: 2059 | AV1: 2060
A2: battery electric vehicle | B2: Freight HDV | C2: {=TRANSPOSE('Pivot Table'!O4:U10)} -> 0.010156177 | D2: 0.0057931603 | E2: 0.014704567 | F2: 0.0014480287 | G2: 0.0047108947 | H2: 0.0024510111 | I2: 0.0072276676 | J2: =(($M2/$H2)^0.2)^2*H2 -> 0.0062863857 | K2: =($M2/$H2)^0.2*J2 -> 0.010067668 | L2: =($M2/$H2)^0.2*K2 -> 0.016123405 | M2: ='Electric Ratio'!P13*'Electric Ratio'!R13*$B$1 -> 0.025821689 | N2: =($R2/$M2)^0.2*M2 -> 0.03036656 | O2: =($R2/$M2)^0.2*N2 -> 0.035711373 | P2: =($R2/$M2)^0.2*O2 -> 0.041996926 | Q2: =($R2/$M2)^0.2*P2 -> 0.049388798 | R2: ='Electric Ratio'!P14*'Electric Ratio'!R14*$B$1 -> 0.058081712 | S2: =($W2/$R2)^0.2*R2 -> 0.065012883 | T2: =($W2/$R2)^0.2*S2 -> 0.072771183 | U2: =($W2/$R2)^0.2*T2 -> 0.08145532 | V2: =($W2/$R2)^0.2*U2 -> 0.091175776 | W2: ='Electric Ratio'!P15*'Electric Ratio'!R15*$B$1 -> 0.10205622 | X2: =($AB2/$W2)^0.2*W2 -> 0.11352155 | Y2: =($AB2/$W2)^0.2*X2 -> 0.12627494 | Z2: =($AB2/$W2)^0.2*Y2 -> 0.14046108 | AA2: =($AB2/$W2)^0.2*Z2 -> 0.15624094 | AB2: ='Electric Ratio'!P16*'Electric Ratio'!R16*$B$1 -> 0.17379356 | AC2: =($AG2/$AB2)^0.2*AB2 -> 0.18940699 | AD2: =($AG2/$AB2)^0.2*AC2 -> 0.20642312 | AE2: =($AG2/$AB2)^0.2*AD2 -> 0.22496796 | AF2: =($AG2/$AB2)^0.2*AE2 -> 0.24517885 | AG2: ='Electric Ratio'!P17*'Electric Ratio'!R17*$B$1 -> 0.26720547 | AH2: =($AL2/$AG2)^0.2*AG2 -> 0.28539294 | AI2: =($AL2/$AG2)^0.2*AH2 -> 0.30481836 | AJ2: =($AL2/$AG2)^0.2*AI2 -> 0.32556598 | AK2: =($AL2/$AG2)^0.2*AJ2 -> 0.34772579 | AL2: ='Electric Ratio'!P18*'Electric Ratio'!R18*$B$1 -> 0.37139392 | AM2: =($AQ2/$AK2)^0.2*AL2 -> 0.39482931 | AN2: =($AQ2/$AK2)^0.2*AM2 -> 0.4197435 | AO2: =($AQ2/$AK2)^0.2*AN2 -> 0.44622981 | AP2: =($AQ2/$AK2)^0.2*AO2 -> 0.47438743 | AQ2: ='Electric Ratio'!P19*'Electric Ratio'!R19*$B$1 -> 0.47218249 | AR2: =($AV2/$AQ2)^0.2*AQ2 -> 0.48992017 | AS2: =($AV2/$AQ2)^0.2*AR2 -> 0.50832418 | AT2: =($AV2/$AQ2)^0.2*AS2 -> 0.52741954 | AU2: =($AV2/$AQ2)^0.2*AT2 -> 0.54723222 | AV2: ='Electric Ratio'!P20*'Electric Ratio'!R20*$B$1 -> 0.56778917
A3: natural gas vehicle | B3: Freight HDV | C3: 0.024989306 | D3: 0.019626905 | E3: 0.06122807 | F3: 0.057736629 | G3: 0.091817408 | H3: 0.085155792 | I3: 0.039224345
A4: gasoline vehicle | B4: Freight HDV | C4: 0.0003780611 | D4: 3.1978142e-05 | E4: 3.9946264e-05 | F4: 3.5146327e-05 | G4: 2.3704603e-05 | H4: 2.6233152e-05 | I4: 2.6325506e-06
A5: diesel vehicle | B5: Freight HDV | C5: 0.96447646 | D5: 0.97454028 | E5: 0.92219597 | F5: 0.94042346 | G5: 0.90184635 | H5: 0.9122507 | I5: 0.95291486 | J5: 1 | K5: 1 | L5: 1 | M5: 1 | N5: =($R5/$M5)^0.2*M5 -> 1 | O5: =($R5/$M5)^0.2*N5 -> 1 | P5: =($R5/$M5)^0.2*O5 -> 1 | Q5: =($R5/$M5)^0.2*P5 -> 1 | R5: 1 | S5: =($W5/$R5)^0.2*R5 -> 1 | T5: =($W5/$R5)^0.2*S5 -> 1 | U5: =($W5/$R5)^0.2*T5 -> 1 | V5: =($W5/$R5)^0.2*U5 -> 1 | W5: 1 | X5: =($AB5/$W5)^0.2*W5 -> 1 | Y5: =($AB5/$W5)^0.2*X5 -> 1 | Z5: =($AB5/$W5)^0.2*Y5 -> 1 | AA5: =($AB5/$W5)^0.2*Z5 -> 1 | AB5: 1 | AC5: =($AG5/$AB5)^0.2*AB5 -> 1 | AD5: =($AG5/$AB5)^0.2*AC5 -> 1 | AE5: =($AG5/$AB5)^0.2*AD5 -> 1 | AF5: =($AG5/$AB5)^0.2*AE5 -> 1 | AG5: 1 | AH5: =($AL5/$AG5)^0.2*AG5 -> 1 | AI5: =($AL5/$AG5)^0.2*AH5 -> 1 | AJ5: =($AL5/$AG5)^0.2*AI5 -> 1 | AK5: =($AL5/$AG5)^0.2*AJ5 -> 1 | AL5: 1 | AM5: =($AQ5/$AK5)^0.2*AL5 -> 1 | AN5: =($AQ5/$AK5)^0.2*AM5 -> 1 | AO5: =($AQ5/$AK5)^0.2*AN5 -> 1 | AP5: =($AQ5/$AK5)^0.2*AO5 -> 1 | AQ5: 1 | AR5: =($AV5/$AQ5)^0.2*AQ5 -> 1 | AS5: =($AV5/$AQ5)^0.2*AR5 -> 1 | AT5: =($AV5/$AQ5)^0.2*AS5 -> 1 | AU5: =($AV5/$AQ5)^0.2*AT5 -> 1 | AV5: 1
A6: plugin hybrid vehicle | B6: Freight HDV | C6: 0 | D6: 0 | E6: 0.00097260468 | F6: 0 | G6: 0 | H6: 6.558288e-06 | I6: 1.6453441e-05 | J6: =(($M6/$H6)^0.2)^2*H6 -> 3.9889292e-05 | K6: =($M6/$H6)^0.2*J6 -> 9.837602e-05 | L6: =($M6/$H6)^0.2*K6 -> 0.00024261753 | M6: ='Electric Ratio'!P13*'Electric Ratio'!Q13*$B$1 -> 0.00059834972 | N6: =($R6/$M6)^0.2*M6 -> 0.00070366515 | O6: =($R6/$M6)^0.2*N6 -> 0.00082751714 | P6: =($R6/$M6)^0.2*O6 -> 0.00097316829 | Q6: =($R6/$M6)^0.2*P6 -> 0.0011444555 | R6: ='Electric Ratio'!P14*'Electric Ratio'!Q14*$B$1 -> 0.0013458909 | S6: =($W6/$R6)^0.2*R6 -> 0.0015065025 | T6: =($W6/$R6)^0.2*S6 -> 0.0016862808 | U6: =($W6/$R6)^0.2*T6 -> 0.0018875128 | V6: =($W6/$R6)^0.2*U6 -> 0.0021127588 | W6: ='Electric Ratio'!P15*'Electric Ratio'!Q15*$B$1 -> 0.0023648845 | X6: =($AB6/$W6)^0.2*W6 -> 0.0026305634 | Y6: =($AB6/$W6)^0.2*X6 -> 0.0029260895 | Z6: =($AB6/$W6)^0.2*Y6 -> 0.003254816 | AA6: =($AB6/$W6)^0.2*Z6 -> 0.0036204727 | AB6: ='Electric Ratio'!P16*'Electric Ratio'!Q16*$B$1 -> 0.0040272085 | AC6: =($AG6/$AB6)^0.2*AB6 -> 0.0043890088 | AD6: =($AG6/$AB6)^0.2*AC6 -> 0.0047833128 | AE6: =($AG6/$AB6)^0.2*AD6 -> 0.0052130407 | AF6: =($AG6/$AB6)^0.2*AE6 -> 0.005681375 | AG6: ='Electric Ratio'!P17*'Electric Ratio'!Q17*$B$1 -> 0.0061917839 | AH6: =($AL6/$AG6)^0.2*AG6 -> 0.0066132308 | AI6: =($AL6/$AG6)^0.2*AH6 -> 0.0070633637 | AJ6: =($AL6/$AG6)^0.2*AI6 -> 0.0075441351 | AK6: =($AL6/$AG6)^0.2*AJ6 -> 0.0080576305 | AL6: ='Electric Ratio'!P18*'Electric Ratio'!Q18*$B$1 -> 0.0086060772 | AM6: =($AQ6/$AK6)^0.2*AL6 -> 0.0091491307 | AN6: =($AQ6/$AK6)^0.2*AM6 -> 0.0097264516 | AO6: =($AQ6/$AK6)^0.2*AN6 -> 0.010340202 | AP6: =($AQ6/$AK6)^0.2*AO6 -> 0.010992681 | AQ6: ='Electric Ratio'!P19*'Electric Ratio'!Q19*$B$1 -> 0.010941587 | AR6: =($AV6/$AQ6)^0.2*AQ6 -> 0.011352611 | AS6: =($AV6/$AQ6)^0.2*AR6 -> 0.011779076 | AT6: =($AV6/$AQ6)^0.2*AS6 -> 0.01222156 | AU6: =($AV6/$AQ6)^0.2*AT6 -> 0.012680667 | AV6: ='Electric Ratio'!P20*'Electric Ratio'!Q20*$B$1 -> 0.013157021
A7: LPG vehicle | B7: Freight HDV | C7: 0 | D7: 0 | E7: 0 | F7: 0 | G7: 0 | H7: 0 | I7: 0
A8: hydrogen vehicle | B8: Freight HDV | C8: 0 | D8: 0 | E8: 0.00081021443 | F8: 0.00035497791 | G8: 0.001591369 | H8: 8.7046368e-05 | I8: 0.00054296355 | J8: {=TRANSPOSE(Hydrogen!AK17:'Hydrogen'!AK55)} -> 0.004456418 | K8: 0.004879937 | L8: 0.005303456 | M8: 0.005726975 | N8: 0.006150494 | O8: 0.006574013 | P8: 0.006997532 | Q8: 0.007421051 | R8: 0.00784457 | S8: 0.008268089 | T8: 0.008691608 | U8: 0.009115127 | V8: 0.009538646 | W8: 0.009962165 | X8: 0.010385684 | Y8: 0.010809203 | Z8: 0.011232722 | AA8: 0.011656241 | AB8: 0.01207976 | AC8: 0.012503279 | AD8: 0.012926798 | AE8: 0.013350317 | AF8: 0.013773836 | AG8: 0.014197355 | AH8: 0.014620874 | AI8: 0.015044393 | AJ8: 0.015467912 | AK8: 0.015891431 | AL8: 0.01631495 | AM8: 0.016738469 | AN8: 0.017161988 | AO8: 0.017585507 | AP8: 0.018009026 | AQ8: 0.018432545 | AR8: 0.018856064 | AS8: 0.019279583 | AT8: 0.019703102 | AU8: 0.020126621 | AV8: 0.02055014
A9: battery electric vehicle | B9: Freight LDV | C9: {=TRANSPOSE('Pivot Table'!O12:U18)} -> 0.016196795 | D9: 0.010646227 | E9: 0.031765911 | F9: 0.01995435 | G9: 0.0082804976 | H9: 0.0061048099 | I9: 0.016377495 | J9: =(($M9/$H9)^0.2)^2*H9 -> 0.01779207 | K9: =($M9/$H9)^0.2*J9 -> 0.030374116 | L9: =($M9/$H9)^0.2*K9 -> 0.051853826 | M9: ='Electric Ratio'!T13*'Electric Ratio'!V13*Projection!$B$1 -> 0.088523378 | N9: =($R9/$M9)^0.2*M9 -> 0.1019658 | O9: =($R9/$M9)^0.2*N9 -> 0.11744949 | P9: =($R9/$M9)^0.2*O9 -> 0.13528439 | Q9: =($R9/$M9)^0.2*P9 -> 0.15582756 | R9: ='Electric Ratio'!T14*'Electric Ratio'!V14*Projection!$B$1 -> 0.17949024 | S9: =($W9/$R9)^0.2*R9 -> 0.19850361 | T9: =($W9/$R9)^0.2*S9 -> 0.21953106 | U9: =($W9/$R9)^0.2*T9 -> 0.24278594 | V9: =($W9/$R9)^0.2*U9 -> 0.2685042 | W9: ='Electric Ratio'!T15*'Electric Ratio'!V15*Projection!$B$1 -> 0.2969468 | X9: =($AB9/$W9)^0.2*W9 -> 0.32222353 | Y9: =($AB9/$W9)^0.2*X9 -> 0.34965187 | Z9: =($AB9/$W9)^0.2*Y9 -> 0.37941497 | AA9: =($AB9/$W9)^0.2*Z9 -> 0.41171156 | AB9: ='Electric Ratio'!T16*'Electric Ratio'!V16*Projection!$B$1 -> 0.44675731 | AC9: =($AG9/$AB9)^0.2*AB9 -> 0.47489097 | AD9: =($AG9/$AB9)^0.2*AC9 -> 0.5047963 | AE9: =($AG9/$AB9)^0.2*AD9 -> 0.53658486 | AF9: =($AG9/$AB9)^0.2*AE9 -> 0.57037524 | AG9: ='Electric Ratio'!T17*'Electric Ratio'!V17*Projection!$B$1 -> 0.6062935 | AH9: =($AL9/$AG9)^0.2*AG9 -> 0.63924335 | AI9: =($AL9/$AG9)^0.2*AH9 -> 0.67398391 | AJ9: =($AL9/$AG9)^0.2*AI9 -> 0.71061249 | AK9: =($AL9/$AG9)^0.2*AJ9 -> 0.7492317 | AL9: ='Electric Ratio'!T18*'Electric Ratio'!V18*Projection!$B$1 -> 0.78994972 | AM9: =($AQ9/$AK9)^0.2*AL9 -> 0.81820153 | AN9: =($AQ9/$AK9)^0.2*AM9 -> 0.84746373 | AO9: =($AQ9/$AK9)^0.2*AN9 -> 0.87777246 | AP9: =($AQ9/$AK9)^0.2*AO9 -> 0.90916516 | AQ9: ='Electric Ratio'!T19*'Electric Ratio'!V19*Projection!$B$1 -> 0.89314158 | AR9: =($AV9/$AQ9)^0.2*AQ9 -> 0.91216164 | AS9: =($AV9/$AQ9)^0.2*AR9 -> 0.93158675 | AT9: =($AV9/$AQ9)^0.2*AS9 -> 0.95142553 | AU9: =($AV9/$AQ9)^0.2*AT9 -> 0.97168679 | AV9: ='Electric Ratio'!T20*'Electric Ratio'!V20*Projection!$B$1 -> 0.99237953
A10: natural gas vehicle | B10: Freight LDV | C10: 0.023551846 | D10: 0.010011231 | E10: 0.010425487 | F10: 0.013300617 | G10: 0.014985628 | H10: 0.0086013824 | I10: 0.0093264694
A11: gasoline vehicle | B11: Freight LDV | C11: 0.46163055 | D11: 0.45371874 | E11: 0.43102639 | F11: 0.45988976 | G11: 0.49608373 | H11: 0.46048539 | I11: 0.45817153 | J11: 1 | K11: 1 | L11: 1 | M11: 1 | N11: =($R11/$M11)^0.2*M11 -> 1 | O11: =($R11/$M11)^0.2*N11 -> 1 | P11: =($R11/$M11)^0.2*O11 -> 1 | Q11: =($R11/$M11)^0.2*P11 -> 1 | R11: 1 | S11: =($W11/$R11)^0.2*R11 -> 1 | T11: =($W11/$R11)^0.2*S11 -> 1 | U11: =($W11/$R11)^0.2*T11 -> 1 | V11: =($W11/$R11)^0.2*U11 -> 1 | W11: 1 | X11: =($AB11/$W11)^0.2*W11 -> 1 | Y11: =($AB11/$W11)^0.2*X11 -> 1 | Z11: =($AB11/$W11)^0.2*Y11 -> 1 | AA11: =($AB11/$W11)^0.2*Z11 -> 1 | AB11: 1 | AC11: =($AG11/$AB11)^0.2*AB11 -> 1 | AD11: =($AG11/$AB11)^0.2*AC11 -> 1 | AE11: =($AG11/$AB11)^0.2*AD11 -> 1 | AF11: =($AG11/$AB11)^0.2*AE11 -> 1 | AG11: 1 | AH11: =($AL11/$AG11)^0.2*AG11 -> 1 | AI11: =($AL11/$AG11)^0.2*AH11 -> 1 | AJ11: =($AL11/$AG11)^0.2*AI11 -> 1 | AK11: =($AL11/$AG11)^0.2*AJ11 -> 1 | AL11: 1 | AM11: =($AQ11/$AK11)^0.2*AL11 -> 1 | AN11: =($AQ11/$AK11)^0.2*AM11 -> 1 | AO11: =($AQ11/$AK11)^0.2*AN11 -> 1 | AP11: =($AQ11/$AK11)^0.2*AO11 -> 1 | AQ11: 1 | AR11: =($AV11/$AQ11)^0.2*AQ11 -> 1 | AS11: =($AV11/$AQ11)^0.2*AR11 -> 1 | AT11: =($AV11/$AQ11)^0.2*AS11 -> 1 | AU11: =($AV11/$AQ11)^0.2*AT11 -> 1 | AV11: 1
A12: diesel vehicle | B12: Freight LDV | C12: 0.49861819 | D12: 0.5256238 | E12: 0.52678221 | F12: 0.50685478 | G12: 0.4806054 | H12: 0.52468194 | I12: 0.51558788 | J12: 1 | K12: 1 | L12: 1 | M12: 1 | N12: =($R12/$M12)^0.2*M12 -> 1 | O12: =($R12/$M12)^0.2*N12 -> 1 | P12: =($R12/$M12)^0.2*O12 -> 1 | Q12: =($R12/$M12)^0.2*P12 -> 1 | R12: 1 | S12: =($W12/$R12)^0.2*R12 -> 1 | T12: =($W12/$R12)^0.2*S12 -> 1 | U12: =($W12/$R12)^0.2*T12 -> 1 | V12: =($W12/$R12)^0.2*U12 -> 1 | W12: 1 | X12: =($AB12/$W12)^0.2*W12 -> 1 | Y12: =($AB12/$W12)^0.2*X12 -> 1 | Z12: =($AB12/$W12)^0.2*Y12 -> 1 | AA12: =($AB12/$W12)^0.2*Z12 -> 1 | AB12: 1 | AC12: =($AG12/$AB12)^0.2*AB12 -> 1 | AD12: =($AG12/$AB12)^0.2*AC12 -> 1 | AE12: =($AG12/$AB12)^0.2*AD12 -> 1 | AF12: =($AG12/$AB12)^0.2*AE12 -> 1 | AG12: 1 | AH12: =($AL12/$AG12)^0.2*AG12 -> 1 | AI12: =($AL12/$AG12)^0.2*AH12 -> 1 | AJ12: =($AL12/$AG12)^0.2*AI12 -> 1 | AK12: =($AL12/$AG12)^0.2*AJ12 -> 1 | AL12: 1 | AM12: =($AQ12/$AK12)^0.2*AL12 -> 1 | AN12: =($AQ12/$AK12)^0.2*AM12 -> 1 | AO12: =($AQ12/$AK12)^0.2*AN12 -> 1 | AP12: =($AQ12/$AK12)^0.2*AO12 -> 1 | AQ12: 1 | AR12: =($AV12/$AQ12)^0.2*AQ12 -> 1 | AS12: =($AV12/$AQ12)^0.2*AR12 -> 1 | AT12: =($AV12/$AQ12)^0.2*AS12 -> 1 | AU12: =($AV12/$AQ12)^0.2*AT12 -> 1 | AV12: 1
A13: plugin hybrid vehicle | B13: Freight LDV | C13: 0 | D13: 0 | E13: 0 | F13: 4.8917313e-07 | G13: 4.4749574e-05 | H13: 0.00012647922 | I13: 0.00053194409 | J13: =(($M13/$H13)^0.2)^2*H13 -> 0.00024783133 | K13: =($M13/$H13)^0.2*J13 -> 0.00034691632 | L13: =($M13/$H13)^0.2*K13 -> 0.00048561629 | M13: ='Electric Ratio'!T13*'Electric Ratio'!U13*Projection!$B$1 -> 0.00067976963 | N13: =($R13/$M13)^0.2*M13 -> 0.00078299382 | O13: =($R13/$M13)^0.2*N13 -> 0.00090189277 | P13: =($R13/$M13)^0.2*O13 -> 0.0010388467 | Q13: =($R13/$M13)^0.2*P13 -> 0.0011965974 | R13: ='Electric Ratio'!T14*'Electric Ratio'!U14*Projection!$B$1 -> 0.0013783028 | S13: =($W13/$R13)^0.2*R13 -> 0.0015243061 | T13: =($W13/$R13)^0.2*S13 -> 0.0016857755 | U13: =($W13/$R13)^0.2*T13 -> 0.0018643494 | V13: =($W13/$R13)^0.2*U13 -> 0.0020618396 | W13: ='Electric Ratio'!T15*'Electric Ratio'!U15*Projection!$B$1 -> 0.0022802498 | X13: =($AB13/$W13)^0.2*W13 -> 0.0024743494 | Y13: =($AB13/$W13)^0.2*X13 -> 0.0026849712 | Z13: =($AB13/$W13)^0.2*Y13 -> 0.0029135216 | AA13: =($AB13/$W13)^0.2*Z13 -> 0.0031615266 | AB13: ='Electric Ratio'!T16*'Electric Ratio'!U16*Projection!$B$1 -> 0.0034306424 | AC13: =($AG13/$AB13)^0.2*AB13 -> 0.0036466804 | AD13: =($AG13/$AB13)^0.2*AC13 -> 0.0038763229 | AE13: =($AG13/$AB13)^0.2*AD13 -> 0.0041204267 | AF13: =($AG13/$AB13)^0.2*AE13 -> 0.0043799025 | AG13: ='Electric Ratio'!T17*'Electric Ratio'!U17*Projection!$B$1 -> 0.0046557183 | AH13: =($AL13/$AG13)^0.2*AG13 -> 0.0049087397 | AI13: =($AL13/$AG13)^0.2*AH13 -> 0.0051755119 | AJ13: =($AL13/$AG13)^0.2*AI13 -> 0.0054567822 | AK13: =($AL13/$AG13)^0.2*AJ13 -> 0.0057533385 | AL13: ='Electric Ratio'!T18*'Electric Ratio'!U18*Projection!$B$1 -> 0.0060660116 | AM13: =($AQ13/$AK13)^0.2*AL13 -> 0.0062829567 | AN13: =($AQ13/$AK13)^0.2*AM13 -> 0.0065076607 | AO13: =($AQ13/$AK13)^0.2*AN13 -> 0.006740401 | AP13: =($AQ13/$AK13)^0.2*AO13 -> 0.006981465 | AQ13: ='Electric Ratio'!T19*'Electric Ratio'!U19*Projection!$B$1 -> 0.0068584202 | AR13: =($AV13/$AQ13)^0.2*AQ13 -> 0.007004475 | AS13: =($AV13/$AQ13)^0.2*AR13 -> 0.0071536401 | AT13: =($AV13/$AQ13)^0.2*AS13 -> 0.0073059818 | AU13: =($AV13/$AQ13)^0.2*AT13 -> 0.0074615677 | AV13: ='Electric Ratio'!T20*'Electric Ratio'!U20*Projection!$B$1 -> 0.0076204669
A14: LPG vehicle | B14: Freight LDV | C14: 0 | D14: 0 | E14: 0 | F14: 0 | G14: 0 | H14: 0 | I14: 0
A15: hydrogen vehicle | B15: Freight LDV | C15: 0 | D15: 0 | E15: 0 | F15: 0 | G15: 0 | H15: 0 | I15: 1.2766658e-06 | J15: =J29 -> 2.0174361e-06 | K15: =K29 -> 2.0174361e-06 | L15: =L29 -> 2.0174361e-06 | M15: =M29 -> 0.0003161075 | N15: =N29 -> 0.0004423998 | O15: =O29 -> 0.0005686921 | P15: =P29 -> 0.0006949844 | Q15: =Q29 -> 0.0008212767 | ... AV15: =AV29 -> 0.004736338
A16: battery electric vehicle | B16: Passenger HDV | C16: {=TRANSPOSE('Pivot Table'!O20:U26)} -> 0.30889061 | D16: 0.35811116 | E16: 0.37823071 | F16: 0.47349222 | G16: 0.43749962 | H16: 0.51950071 | I16: 0.42638832 | J16: =(($M16/$H16)^0.2)^2*H16 -> 0.55031606 | K16: =($M16/$H16)^0.2*J16 -> 0.56640256 | L16: =($M16/$H16)^0.2*K16 -> 0.58295929 | M16: =0.6*$B$1 -> 0.6 | N16: =($R16/$M16)^0.2*M16 -> 0.61878618 | O16: =($R16/$M16)^0.2*N16 -> 0.63816057 | P16: =($R16/$M16)^0.2*O16 -> 0.65814157 | Q16: =($R16/$M16)^0.2*P16 -> 0.67874819 | R16: =0.7*$B$1 -> 0.7 | S16: =($W16/$R16)^0.2*R16 -> 0.71160854 | T16: =($W16/$R16)^0.2*S16 -> 0.72340959 | U16: =($W16/$R16)^0.2*T16 -> 0.73540634 | V16: =($W16/$R16)^0.2*U16 -> 0.74760205 | W16: =0.76*$B$1 -> 0.76 | X16: =($AB16/$W16)^0.2*W16 -> 0.77720334 | Y16: =($AB16/$W16)^0.2*X16 -> 0.7947961 | Z16: =($AB16/$W16)^0.2*Y16 -> 0.81278708 | AA16: =($AB16/$W16)^0.2*Z16 -> 0.83118531 | AB16: =0.85*$B$1 -> 0.85 | AC16: =($AG16/$AB16)^0.2*AB16 -> 0.87808213 | AD16: =($AG16/$AB16)^0.2*AC16 -> 0.90709204 | AE16: =($AG16/$AB16)^0.2*AD16 -> 0.93706037 | AF16: =($AG16/$AB16)^0.2*AE16 -> 0.96801879 | AG16: =1*$B$1 -> 1 | AH16: =($AL16/$AG16)^0.2*AG16 -> 1 | AI16: =($AL16/$AG16)^0.2*AH16 -> 1 | AJ16: =($AL16/$AG16)^0.2*AI16 -> 1 | AK16: =($AL16/$AG16)^0.2*AJ16 -> 1 | AL16: =1*$B$1 -> 1 | AM16: =($AQ16/$AK16)^0.2*AL16 -> 1 | AN16: =($AQ16/$AK16)^0.2*AM16 -> 1 | AO16: =($AQ16/$AK16)^0.2*AN16 -> 1 | AP16: =($AQ16/$AK16)^0.2*AO16 -> 1 | AQ16: 1 | AR16: =($AV16/$AQ16)^0.2*AQ16 -> 1 | AS16: =($AV16/$AQ16)^0.2*AR16 -> 1 | AT16: =($AV16/$AQ16)^0.2*AS16 -> 1 | AU16: =($AV16/$AQ16)^0.2*AT16 -> 1 | AV16: =1*$B$1 -> 1
A17: natural gas vehicle | B17: Passenger HDV | C17: 0.092004385 | D17: 0.045612393 | E17: 0.043377529 | F17: 0.021115856 | G17: 0.012608477 | H17: 0.0086198775 | I17: 0.0048994184
A18: gasoline vehicle | B18: Passenger HDV | C18: 0.065593156 | D18: 0.075434671 | E18: 0.083025411 | F18: 0.070279653 | G18: 0.092686235 | H18: 0.074884597 | I18: 0.11429815
A19: diesel vehicle | B19: Passenger HDV | C19: 0.44273673 | D19: 0.44752294 | E19: 0.42141065 | F19: 0.39918446 | G19: 0.42403726 | H19: 0.33670278 | I19: 0.43334383 | J19: 1 | K19: 1 | L19: 1 | M19: 1 | N19: =($R19/$M19)^0.2*M19 -> 1 | O19: =($R19/$M19)^0.2*N19 -> 1 | P19: =($R19/$M19)^0.2*O19 -> 1 | Q19: =($R19/$M19)^0.2*P19 -> 1 | R19: 1 | S19: =($W19/$R19)^0.2*R19 -> 1 | T19: =($W19/$R19)^0.2*S19 -> 1 | U19: =($W19/$R19)^0.2*T19 -> 1 | V19: =($W19/$R19)^0.2*U19 -> 1 | W19: 1 | X19: =($AB19/$W19)^0.2*W19 -> 1 | Y19: =($AB19/$W19)^0.2*X19 -> 1 | Z19: =($AB19/$W19)^0.2*Y19 -> 1 | AA19: =($AB19/$W19)^0.2*Z19 -> 1 | AB19: 1 | AC19: =($AG19/$AB19)^0.2*AB19 -> 1 | AD19: =($AG19/$AB19)^0.2*AC19 -> 1 | AE19: =($AG19/$AB19)^0.2*AD19 -> 1 | AF19: =($AG19/$AB19)^0.2*AE19 -> 1 | AG19: 1 | AH19: =($AL19/$AG19)^0.2*AG19 -> 1 | AI19: =($AL19/$AG19)^0.2*AH19 -> 1 | AJ19: =($AL19/$AG19)^0.2*AI19 -> 1 | AK19: =($AL19/$AG19)^0.2*AJ19 -> 1 | AL19: 1 | AM19: =($AQ19/$AK19)^0.2*AL19 -> 1 | AN19: =($AQ19/$AK19)^0.2*AM19 -> 1 | AO19: =($AQ19/$AK19)^0.2*AN19 -> 1 | AP19: =($AQ19/$AK19)^0.2*AO19 -> 1 | AQ19: 1 | AR19: =($AV19/$AQ19)^0.2*AQ19 -> 1 | AS19: =($AV19/$AQ19)^0.2*AR19 -> 1 | AT19: =($AV19/$AQ19)^0.2*AS19 -> 1 | AU19: =($AV19/$AQ19)^0.2*AT19 -> 1 | AV19: 1
A20: plugin hybrid vehicle | B20: Passenger HDV | C20: 0.060747983 | D20: 0.021016781 | E20: 0.062050466 | F20: 0.032175231 | G20: 0.026028451 | H20: 0.047564767 | I20: 0.011354796 | J20: =(($M20/$H20)^0.2)^2*H20 -> 0.023984767 | K20: =($M20/$H20)^0.2*J20 -> 0.017031801 | L20: =($M20/$H20)^0.2*K20 -> 0.012094436 | M20: =M16*('Electric Ratio'!$Y13/'Electric Ratio'!$Z13) -> 0.0085883691 | N20: =($R20/$M20)^0.2*M20 -> 0.0089074884 | O20: =($R20/$M20)^0.2*N20 -> 0.0092384653 | P20: =($R20/$M20)^0.2*O20 -> 0.0095817403 | Q20: =($R20/$M20)^0.2*P20 -> 0.0099377704 | R20: =R16*('Electric Ratio'!$Y14/'Electric Ratio'!$Z14) -> 0.01030703 | S20: =($W20/$R20)^0.2*R20 -> 0.010694679 | T20: =($W20/$R20)^0.2*S20 -> 0.011096907 | U20: =($W20/$R20)^0.2*T20 -> 0.011514264 | V20: =($W20/$R20)^0.2*U20 -> 0.011947317 | W20: =W16*('Electric Ratio'!$Y15/'Electric Ratio'!$Z15) -> 0.012396658 | X20: =($AB20/$W20)^0.2*W20 -> 0.012626208 | Y20: =($AB20/$W20)^0.2*X20 -> 0.012860009 | Z20: =($AB20/$W20)^0.2*Y20 -> 0.01309814 | AA20: =($AB20/$W20)^0.2*Z20 -> 0.01334068 | AB20: =AB16*('Electric Ratio'!$Y16/'Electric Ratio'!$Z16) -> 0.013587711 | AC20: =($AG20/$AB20)^0.2*AB20 -> 0.014211008 | AD20: =($AG20/$AB20)^0.2*AC20 -> 0.014862897 | AE20: =($AG20/$AB20)^0.2*AD20 -> 0.015544689 | AF20: =($AG20/$AB20)^0.2*AE20 -> 0.016257756 | AG20: =AG16*('Electric Ratio'!$Y17/'Electric Ratio'!$Z17) -> 0.017003533 | AH20: =($AL20/$AG20)^0.2*AG20 -> 0.01696474 | AI20: =($AL20/$AG20)^0.2*AH20 -> 0.016926034 | AJ20: =($AL20/$AG20)^0.2*AI20 -> 0.016887417 | AK20: =($AL20/$AG20)^0.2*AJ20 -> 0.016848889 | AL20: =AL16*('Electric Ratio'!$Y18/'Electric Ratio'!$Z18) -> 0.016810448 | AM20: =($AQ20/$AK20)^0.2*AL20 -> 0.016884467 | AN20: =($AQ20/$AK20)^0.2*AM20 -> 0.016958812 | AO20: =($AQ20/$AK20)^0.2*AN20 -> 0.017033485 | AP20: =($AQ20/$AK20)^0.2*AO20 -> 0.017108486 | AQ20: =AQ16*('Electric Ratio'!$Y19/'Electric Ratio'!$Z19) -> 0.017223112 | AR20: =($AV20/$AQ20)^0.2*AQ20 -> 0.017145012 | AS20: =($AV20/$AQ20)^0.2*AR20 -> 0.017067267 | AT20: =($AV20/$AQ20)^0.2*AS20 -> 0.016989874 | AU20: =($AV20/$AQ20)^0.2*AT20 -> 0.016912832 | AV20: =AV16*('Electric Ratio'!$Y20/'Electric Ratio'!$Z20) -> 0.016836139
A21: LPG vehicle | B21: Passenger HDV | C21: 0 | D21: 0 | E21: 0 | F21: 0 | G21: 0 | H21: 0 | I21: 0
A22: hydrogen vehicle | B22: Passenger HDV | C22: 0 | D22: 0.00011405065 | E22: 0.000568092 | F22: 0.0024080452 | G22: 0.0071217911 | H22: 0.012727273 | I22: 0.0096969585 | J22: {=TRANSPOSE(Hydrogen!M17:M55)} -> 0.0704191 | K22: 0.09286815 | L22: 0.1153172 | M22: 0.13776625 | N22: 0.1602153 | O22: 0.18266435 | P22: 0.2051134 | Q22: 0.22756245 | R22: 0.2500115 | S22: 0.27246055 | T22: 0.2949096 | U22: 0.31735865 | V22: 0.3398077 | W22: 0.36225675 | X22: 0.3847058 | Y22: 0.40715485 | Z22: 0.4296039 | AA22: 0.45205295 | AB22: 0.474502 | AC22: 0.49695105 | AD22: 0.5194001 | AE22: 0.54184915 | AF22: 0.5642982 | AG22: 0.58674725 | AH22: 0.6091963 | AI22: 0.63164535 | AJ22: 0.6540944 | AK22: 0.67654345 | AL22: 0.6989925 | AM22: 0.72144155 | AN22: 0.7438906 | AO22: 0.76633965 | AP22: 0.7887887 | AQ22: 0.81123775 | AR22: 0.8336868 | AS22: 0.85613585 | AT22: 0.8785849 | AU22: 0.90103395 | AV22: 0.923483
A23: battery electric vehicle | B23: Passenger LDV | C23: {=TRANSPOSE('Pivot Table'!O28:U34)} -> 0.006414313 | D23: 0.0099432124 | E23: 0.020527331 | F23: 0.032757885 | G23: 0.033156802 | H23: 0.04624404 | I23: 0.11284507 | J23: =(($M23/$H23)^0.2)^2*H23 -> 0.059755013 | K23: =($M23/$H23)^0.2*J23 -> 0.067925624 | L23: =($M23/$H23)^0.2*K23 -> 0.077213444 | M23: ='Electric Ratio'!$AJ$13*'Electric Ratio'!$AL$13*$B$1 -> 0.087771236 | N23: =($R23/$M23)^0.2*M23 -> 0.09480209 | O23: =($R23/$M23)^0.2*N23 -> 0.10239615 | P23: =($R23/$M23)^0.2*O23 -> 0.11059852 | Q23: =($R23/$M23)^0.2*P23 -> 0.11945794 | R23: ='Electric Ratio'!$AJ$14*'Electric Ratio'!$AL$14*$B$1 -> 0.12902703 | S23: =($W23/$R23)^0.2*R23 -> 0.13633302 | T23: =($W23/$R23)^0.2*S23 -> 0.1440527 | U23: =($W23/$R23)^0.2*T23 -> 0.1522095 | V23: =($W23/$R23)^0.2*U23 -> 0.16082817 | W23: ='Electric Ratio'!$AJ$15*'Electric Ratio'!$AL$15*$B$1 -> 0.16993485 | X23: =($AB23/$W23)^0.2*W23 -> 0.18137462 | Y23: =($AB23/$W23)^0.2*X23 -> 0.1935845 | Z23: =($AB23/$W23)^0.2*Y23 -> 0.20661633 | AA23: =($AB23/$W23)^0.2*Z23 -> 0.22052545 | AB23: ='Electric Ratio'!$AJ$16*'Electric Ratio'!$AL$16*$B$1 -> 0.2353709 | AC23: =($AG23/$AB23)^0.2*AB23 -> 0.25241702 | AD23: =($AG23/$AB23)^0.2*AC23 -> 0.27069765 | AE23: =($AG23/$AB23)^0.2*AD23 -> 0.29030221 | AF23: =($AG23/$AB23)^0.2*AE23 -> 0.31132658 | AG23: ='Electric Ratio'!$AJ$17*'Electric Ratio'!$AL$17*$B$1 -> 0.33387359 | AH23: =($AL23/$AG23)^0.2*AG23 -> 0.34876438 | AI23: =($AL23/$AG23)^0.2*AH23 -> 0.36431931 | AJ23: =($AL23/$AG23)^0.2*AI23 -> 0.38056799 | AK23: =($AL23/$AG23)^0.2*AJ23 -> 0.39754136 | AL23: ='Electric Ratio'!$AJ$18*'Electric Ratio'!$AL$18*$B$1 -> 0.41527174 | AM23: =($AQ23/$AK23)^0.2*AL23 -> 0.44082606 | AN23: =($AQ23/$AK23)^0.2*AM23 -> 0.4679529 | AO23: =($AQ23/$AK23)^0.2*AN23 -> 0.49674903 | AP23: =($AQ23/$AK23)^0.2*AO23 -> 0.52731717 | AQ23: ='Electric Ratio'!$AJ$19*'Electric Ratio'!$AL$19*$B$1 -> 0.53586665 | AR23: =($AV23/$AQ23)^0.2*AQ23 -> 0.55825505 | AS23: =($AV23/$AQ23)^0.2*AR23 -> 0.58157884 | AT23: =($AV23/$AQ23)^0.2*AS23 -> 0.60587709 | AU23: =($AV23/$AQ23)^0.2*AT23 -> 0.63119051 | AV23: ='Electric Ratio'!$AJ$20*'Electric Ratio'!$AL$20*$B$1 -> 0.65756153
A24: natural gas vehicle | B24: Passenger LDV | C24: 0.070656032 | D24: 0.0044769764 | E24: 0.0040297478 | F24: 0.0056066612 | G24: 0.0049056671 | H24: 0.0020622264 | I24: 0.0021102817
A25: gasoline vehicle | B25: Passenger LDV | C25: 0.91130626 | D25: 0.97188098 | E25: 0.95729883 | F25: 0.93127055 | G25: 0.92761735 | H25: 0.90476102 | I25: 0.81938249 | J25: 1 | K25: 1 | L25: 1 | M25: 1 | N25: =($R25/$M25)^0.2*M25 -> 1 | O25: =($R25/$M25)^0.2*N25 -> 1 | P25: =($R25/$M25)^0.2*O25 -> 1 | Q25: =($R25/$M25)^0.2*P25 -> 1 | R25: 1 | S25: =($W25/$R25)^0.2*R25 -> 1 | T25: =($W25/$R25)^0.2*S25 -> 1 | U25: =($W25/$R25)^0.2*T25 -> 1 | V25: =($W25/$R25)^0.2*U25 -> 1 | W25: 1 | X25: =($AB25/$W25)^0.2*W25 -> 1 | Y25: =($AB25/$W25)^0.2*X25 -> 1 | Z25: =($AB25/$W25)^0.2*Y25 -> 1 | AA25: =($AB25/$W25)^0.2*Z25 -> 1 | AB25: 1 | AC25: =($AG25/$AB25)^0.2*AB25 -> 1 | AD25: =($AG25/$AB25)^0.2*AC25 -> 1 | AE25: =($AG25/$AB25)^0.2*AD25 -> 1 | AF25: =($AG25/$AB25)^0.2*AE25 -> 1 | AG25: 1 | AH25: =($AL25/$AG25)^0.2*AG25 -> 1 | AI25: =($AL25/$AG25)^0.2*AH25 -> 1 | AJ25: =($AL25/$AG25)^0.2*AI25 -> 1 | AK25: =($AL25/$AG25)^0.2*AJ25 -> 1 | AL25: 1 | AM25: =($AQ25/$AK25)^0.2*AL25 -> 1 | AN25: =($AQ25/$AK25)^0.2*AM25 -> 1 | AO25: =($AQ25/$AK25)^0.2*AN25 -> 1 | AP25: =($AQ25/$AK25)^0.2*AO25 -> 1 | AQ25: 1 | AR25: =($AV25/$AQ25)^0.2*AQ25 -> 1 | AS25: =($AV25/$AQ25)^0.2*AR25 -> 1 | AT25: =($AV25/$AQ25)^0.2*AS25 -> 1 | AU25: =($AV25/$AQ25)^0.2*AT25 -> 1 | AV25: 1
A26: diesel vehicle | B26: Passenger LDV | C26: 0.0077174225 | D26: 0.006249314 | E26: 0.006489769 | F26: 0.0082949788 | G26: 0.0072253703 | H26: 0.0092284605 | I26: 0.0089422744
A27: plugin hybrid vehicle | B27: Passenger LDV | C27: 0.0005981502 | D27: 0.00099798516 | E27: 0.0023761362 | F27: 0.0082646137 | G27: 0.0091731596 | H27: 0.010232342 | I27: 0.019372745 | J27: =(($M27/$H27)^0.2)^2*H27 -> 0.012953208 | K27: =($M27/$H27)^0.2*J27 -> 0.014573991 | L27: =($M27/$H27)^0.2*K27 -> 0.016397575 | M27: ='Electric Ratio'!$AJ$13*'Electric Ratio'!$AK$13*$B$1 -> 0.018449338 | N27: =($R27/$M27)^0.2*M27 -> 0.01998615 | O27: =($R27/$M27)^0.2*N27 -> 0.021650978 | P27: =($R27/$M27)^0.2*O27 -> 0.023454484 | Q27: =($R27/$M27)^0.2*P27 -> 0.025408221 | R27: ='Electric Ratio'!$AJ$14*'Electric Ratio'!$AK$14*$B$1 -> 0.027524703 | S27: =($W27/$R27)^0.2*R27 -> 0.029141446 | T27: =($W27/$R27)^0.2*S27 -> 0.030853154 | U27: =($W27/$R27)^0.2*T27 -> 0.032665404 | V27: =($W27/$R27)^0.2*U27 -> 0.034584101 | W27: ='Electric Ratio'!$AJ$15*'Electric Ratio'!$AK$15*$B$1 -> 0.036615499 | X27: =($AB27/$W27)^0.2*W27 -> 0.039149313 | Y27: =($AB27/$W27)^0.2*X27 -> 0.041858468 | Z27: =($AB27/$W27)^0.2*Y27 -> 0.044755098 | AA27: =($AB27/$W27)^0.2*Z27 -> 0.047852176 | AB27: ='Electric Ratio'!$AJ$16*'Electric Ratio'!$AK$16*$B$1 -> 0.051163575 | AC27: =($AG27/$AB27)^0.2*AB27 -> 0.054923033 | AD27: =($AG27/$AB27)^0.2*AC27 -> 0.058958734 | AE27: =($AG27/$AB27)^0.2*AD27 -> 0.063290975 | AF27: =($AG27/$AB27)^0.2*AE27 -> 0.067941545 | AG27: ='Electric Ratio'!$AJ$17*'Electric Ratio'!$AK$17*$B$1 -> 0.072933836 | AH27: =($AL27/$AG27)^0.2*AG27 -> 0.07624702 | AI27: =($AL27/$AG27)^0.2*AH27 -> 0.079710714 | AJ27: =($AL27/$AG27)^0.2*AI27 -> 0.083331753 | AK27: =($AL27/$AG27)^0.2*AJ27 -> 0.087117286 | AL27: ='Electric Ratio'!$AJ$18*'Electric Ratio'!$AK$18*$B$1 -> 0.091074786 | AM27: =($AQ27/$AK27)^0.2*AL27 -> 0.096832674 | AN27: =($AQ27/$AK27)^0.2*AM27 -> 0.10295458 | AO27: =($AQ27/$AK27)^0.2*AN27 -> 0.10946353 | AP27: =($AQ27/$AK27)^0.2*AO27 -> 0.11638398 | AQ27: ='Electric Ratio'!$AJ$19*'Electric Ratio'!$AK$19*$B$1 -> 0.11836496 | AR27: =($AV27/$AQ27)^0.2*AQ27 -> 0.1233258 | AS27: =($AV27/$AQ27)^0.2*AR27 -> 0.12849455 | AT27: =($AV27/$AQ27)^0.2*AS27 -> 0.13387993 | AU27: =($AV27/$AQ27)^0.2*AT27 -> 0.13949102 | AV27: ='Electric Ratio'!$AJ$20*'Electric Ratio'!$AK$20*$B$1 -> 0.14533728
A28: LPG vehicle | B28: Passenger LDV | C28: 0 | D28: 6.956205e-05 | E28: 0.00021332369 | F28: 0.00013827092 | G28: 9.2886963e-06 | H28: 0 | I28: 0
A29: hydrogen vehicle | B29: Passenger LDV | C29: 0 | D29: 3.2316864e-07 | E29: 2.0174361e-06 | F29: 0 | G29: 0 | H29: 0 | I29: 8.8855936e-07 | J29: =MAX(C29:I29) -> 2.0174361e-06 | K29: =MAX(D29:J29) -> 2.0174361e-06 | L29: =MAX(E29:K29) -> 2.0174361e-06 | M29: {=TRANSPOSE(Hydrogen!Y20:Y55)} -> 0.0003161075 | N29: 0.0004423998 | O29: 0.0005686921 | P29: 0.0006949844 | Q29: 0.0008212767 | R29: 0.000947569 | S29: 0.0010738613 | T29: 0.0012001536 | U29: 0.0013264459 | V29: 0.0014527382 | W29: 0.0015790305 | X29: 0.0017053228 | Y29: 0.0018316151 | Z29: 0.0019579074 | AA29: 0.0020841997 | AB29: 0.002210492 | AC29: 0.0023367843 | AD29: 0.0024630766 | AE29: 0.0025893689 | AF29: 0.0027156612 | AG29: 0.0028419535 | AH29: 0.0029682458 | AI29: 0.0030945381 | AJ29: 0.0032208304 | AK29: 0.0033471227 | AL29: 0.003473415 | AM29: 0.0035997073 | AN29: 0.0037259996 | AO29: 0.0038522919 | AP29: 0.0039785842 | AQ29: 0.0041048765 | AR29: 0.0042311688 | AS29: 0.0043574611 | AT29: 0.0044837534 | AU29: 0.0046100457 | AV29: 0.004736338

Sheet TTS-LDVs-psgr
A1: Max Fraction of Production (dimensionless) | B1: 2019 | C1: =[1]Data!O9 -> 2020 | D1: =[1]Data!P9 -> 2021 | E1: =[1]Data!Q9 -> 2022 | F1: =[1]Data!R9 -> 2023 | G1: =[1]Data!S9 -> 2024 | H1: =[1]Data!T9 -> 2025 | I1: =[1]Data!U9 -> 2026 | J1: =[1]Data!V9 -> 2027 | ... AG1: =[1]Data!AS9 -> 2050 | AH1: 2051 | AI1: 2052 | AJ1: 2053 | AK1: 2054 | AL1: 2055 | AM1: 2056 | AN1: 2057 | AO1: 2058 | AP1: 2059 | AQ1: 2060
A2: battery electric vehicle | B2: =MAX(0,TREND(C2:E2,C$1:E$1,B$1)) -> 0.10175527 | C2: =[1]Data!O10 -> 0.10493767 | D2: =[1]Data!P10 -> 0.10734631 | E2: =[1]Data!Q10 -> 0.11091559 | F2: =[1]Data!R10 -> 0.11618759 | G2: =[1]Data!S10 -> 0.12393729 | H2: =[1]Data!T10 -> 0.13524915 | I2: =[1]Data!U10 -> 0.15159176 | J2: =[1]Data!V10 -> 0.17485543 | ... AQ2: =[1]Data!BC10 -> 0.99899872
A3: natural gas vehicle | B3: =MAX(0,TREND(C3:E3,C$1:E$1,B$1)) -> 0.00037347944 | C3: =[1]Data!O11 -> 0.0003805761 | D3: =[1]Data!P11 -> 0.00039320485 | E3: =[1]Data!Q11 -> 0.00039753547 | F3: =[1]Data!R11 -> 0.00040331104 | G3: =[1]Data!S11 -> 0.00041098212 | H3: =[1]Data!T11 -> 0.00042111543 | I3: =[1]Data!U11 -> 0.00043440531 | J3: =[1]Data!V11 -> 0.00045167158 | ... AQ3: =[1]Data!BC11 -> 0.001225978
A4: gasoline vehicle | B4: =MAX(0,TREND(C4:E4,C$1:E$1,B$1)) -> 3 | C4: =[1]Data!O12 -> 3 | D4: =[1]Data!P12 -> 3 | E4: =[1]Data!Q12 -> 3 | F4: =[1]Data!R12 -> 3 | G4: =[1]Data!S12 -> 3 | H4: =[1]Data!T12 -> 3 | I4: =[1]Data!U12 -> 3 | J4: =[1]Data!V12 -> 3 | ... AQ4: =[1]Data!BC12 -> 3
A5: diesel vehicle | B5: =MAX(0,TREND(C5:E5,C$1:E$1,B$1)) -> 0.0033270364 | C5: =[1]Data!O13 -> 0.0042138566 | D5: =[1]Data!P13 -> 0.0051006769 | E5: =[1]Data!Q13 -> 0.0059874971 | F5: =[1]Data!R13 -> 0.0068743174 | G5: =[1]Data!S13 -> 0.0077611376 | H5: =[1]Data!T13 -> 0.0086479578 | I5: =[1]Data!U13 -> 0.0095347781 | J5: =[1]Data!V13 -> 0.010421598 | ... AQ5: =[1]Data!BC13 -> 0.030818464
A6: plugin hybrid vehicle | B6: =MAX(0,TREND(C6:E6,C$1:E$1,B$1)) -> 0.024119191 | C6: =[1]Data!O14 -> 0.025 | D6: =[1]Data!P14 -> 0.026567429 | E6: =[1]Data!Q14 -> 0.027104928 | F6: =[1]Data!R14 -> 0.027821768 | G6: =[1]Data!S14 -> 0.028773872 | H6: =[1]Data!T14 -> 0.030031577 | I6: =[1]Data!U14 -> 0.031681064 | J6: =[1]Data!V14 -> 0.033824083 | ... AQ6: =[1]Data!BC14 -> 0.12992787
A7: LPG vehicle | B7: =MAX(0,TREND(C7:E7,C$1:E$1,B$1)) -> 0.00030050529 | C7: =[1]Data!O15 -> 0.00031860677 | D7: =[1]Data!P15 -> 0.00033670824 | E7: =[1]Data!Q15 -> 0.00035480972 | F7: =[1]Data!R15 -> 0.0003729112 | G7: =[1]Data!S15 -> 0.00039101267 | H7: =[1]Data!T15 -> 0.00040911415 | I7: =[1]Data!U15 -> 0.00042721562 | J7: =[1]Data!V15 -> 0.0004453171 | ... AQ7: =[1]Data!BC15 -> 0.00086165104
A8: hydrogen vehicle | B8: =MAX(0,TREND(C8:E8,C$1:E$1,B$1)) -> 2.7304249e-05 | C8: =[1]Data!O16 -> 2.9671627e-05 | D8: =[1]Data!P16 -> 3.3884455e-05 | E8: =[1]Data!Q16 -> 3.5329108e-05 | F8: =[1]Data!R16 -> 3.7255784e-05 | G8: =[1]Data!S16 -> 3.9814783e-05 | H8: =[1]Data!T16 -> 4.3195157e-05 | I8: =[1]Data!U16 -> 4.7628536e-05 | J8: =[1]Data!V16 -> 5.3388396e-05 | ... AQ8: =[1]Data!BC16 -> 0.00031168958
