Workbook

Sheet Summary
Q20: Extraction of Petroleum and Natural Gas | S20: =VLOOKUP(Q20,'图11-工业强度'!$B$195:$C$219,2,FALSE) -> 石油、天然气开采
R21: Energy CONS for | S21: 能源消费及碳排放
R22: =R21&Q20 -> Energy CONS for Extraction of Petroleum and Natural Gas | S22: =S20&S21 -> 石油、天然气开采能源消费及碳排放
Q38: freight
Q39: LDVs
Q56: LDVs

Sheet 汇总
Q20: Rubber and Plastics Products | S20: =VLOOKUP(Q20,'图11-工业强度'!$B$195:$C$219,2,FALSE) -> 橡胶和塑料制品业
R21: Energy CONS for | S21: 能源消费及碳排放
R22: =R21&Q20 -> Energy CONS for Rubber and Plastics Products | S22: =S20&S21 -> 橡胶和塑料制品业能源消费及碳排放
Q38: passenger
Q39: LDVs
Q56: LDVs

Sheet 图1-二氧化碳排放
C1: conversion | D1: gram | E1: 亿吨 | F1: 100 mt | G1: Scope 1 CO2 Emission by Sector
C2: 单位转换 | D2: 1 | E2: =10^-14 -> 1e-14 | G2: 分部门二氧化碳直接排放（范围1）
B3: 2023 | I3: 2030 | N3: 2035 | S3: 2040 | X3: 2045 | AC3: 2050 | AH3: 2055 | AM3: 2060
A4: Transportation | B4: =二氧化碳排放!B2*$E$2 -> 15.6359 | C4: =二氧化碳排放!C2*$E$2 -> 15.5767 | D4: =二氧化碳排放!D2*$E$2 -> 15.5182 | E4: =二氧化碳排放!E2*$E$2 -> 15.4621 | F4: =二氧化碳排放!F2*$E$2 -> 15.3937 | G4: =二氧化碳排放!G2*$E$2 -> 15.3141 | H4: =二氧化碳排放!H2*$E$2 -> 15.2196 | I4: =二氧化碳排放!I2*$E$2 -> 15.1044 | ... AM4: =二氧化碳排放!AM2*$E$2 -> 11.3117
A5: Electricity | B5: =二氧化碳排放!B3*$E$2 -> 41.2478 | C5: =二氧化碳排放!C3*$E$2 -> 41.1613 | D5: =二氧化碳排放!D3*$E$2 -> 43.7224 | E5: =二氧化碳排放!E3*$E$2 -> 45.8054 | F5: =二氧化碳排放!F3*$E$2 -> 47.7911 | G5: =二氧化碳排放!G3*$E$2 -> 49.5862 | H5: =二氧化碳排放!H3*$E$2 -> 51.1375 | I5: =二氧化碳排放!I3*$E$2 -> 52.8159 | ... AM5: =二氧化碳排放!AM3*$E$2 -> 13.5208
A6: Residential bldg | B6: =二氧化碳排放!B4*$E$2 -> 3.2022 | C6: =二氧化碳排放!C4*$E$2 -> 3.20086 | D6: =二氧化碳排放!D4*$E$2 -> 3.19575 | E6: =二氧化碳排放!E4*$E$2 -> 3.18393 | F6: =二氧化碳排放!F4*$E$2 -> 3.17364 | G6: =二氧化碳排放!G4*$E$2 -> 3.16948 | H6: =二氧化碳排放!H4*$E$2 -> 3.16077 | I6: =二氧化碳排放!I4*$E$2 -> 3.15547 | ... AM6: =二氧化碳排放!AM4*$E$2 -> 2.63523
A7: Commercial bldg | B7: =二氧化碳排放!B5*$E$2 -> 1.28319 | C7: =二氧化碳排放!C5*$E$2 -> 1.3106 | D7: =二氧化碳排放!D5*$E$2 -> 1.33418 | E7: =二氧化碳排放!E5*$E$2 -> 1.35142 | F7: =二氧化碳排放!F5*$E$2 -> 1.36808 | G7: =二氧化碳排放!G5*$E$2 -> 1.3861 | H7: =二氧化碳排放!H5*$E$2 -> 1.40341 | I7: =二氧化碳排放!I5*$E$2 -> 1.41925 | ... AM7: =二氧化碳排放!AM5*$E$2 -> 1.58751
A8: Industrial Fuel | B8: =二氧化碳排放!B6*$E$2-B9 -> 28.11798 | C8: =二氧化碳排放!C6*$E$2-C9 -> 28.197062 | D8: =二氧化碳排放!D6*$E$2-D9 -> 29.450875 | E8: =二氧化碳排放!E6*$E$2-E9 -> 29.794727 | F8: =二氧化碳排放!F6*$E$2-F9 -> 30.151667 | G8: =二氧化碳排放!G6*$E$2-G9 -> 30.499537 | H8: =二氧化碳排放!H6*$E$2-H9 -> 30.798146 | I8: =二氧化碳排放!I6*$E$2-I9 -> 31.168946 | ... AM8: =二氧化碳排放!AM6*$E$2-AM9 -> 22.672217
A9: Industrial Process | B9: =SUM(二氧化碳排放!B32:B56)*$E2 -> 14.51112 | C9: =SUM(二氧化碳排放!C32:C56)*$E2 -> 14.450738 | D9: =SUM(二氧化碳排放!D32:D56)*$E2 -> 14.566725 | E9: =SUM(二氧化碳排放!E32:E56)*$E2 -> 14.522373 | F9: =SUM(二氧化碳排放!F32:F56)*$E2 -> 14.436133 | G9: =SUM(二氧化碳排放!G32:G56)*$E2 -> 14.294263 | H9: =SUM(二氧化碳排放!H32:H56)*$E2 -> 14.158554 | I9: =SUM(二氧化碳排放!I32:I56)*$E2 -> 14.024754 | ... AM9: =SUM(二氧化碳排放!AM32:AM56)*$E2 -> 8.1439834
A10: Heating and H2 | B10: =二氧化碳排放!B7*$E$2 -> 6.00222 | C10: =二氧化碳排放!C7*$E$2 -> 6.16358 | D10: =二氧化碳排放!D7*$E$2 -> 6.33633 | E10: =二氧化碳排放!E7*$E$2 -> 6.47841 | F10: =二氧化碳排放!F7*$E$2 -> 6.62564 | G10: =二氧化碳排放!G7*$E$2 -> 6.77144 | H10: =二氧化碳排放!H7*$E$2 -> 6.93463 | I10: =二氧化碳排放!I7*$E$2 -> 7.09303 | ... AM10: =二氧化碳排放!AM7*$E$2 -> 7.8598
A11: LULUCF | B11: =二氧化碳排放!B8*$E$2 -> -4.34 | C11: =二氧化碳排放!C8*$E$2 -> -4.34 | D11: =二氧化碳排放!D8*$E$2 -> -4.34 | E11: =二氧化碳排放!E8*$E$2 -> -4.34 | F11: =二氧化碳排放!F8*$E$2 -> -4.34 | G11: =二氧化碳排放!G8*$E$2 -> -4.34 | H11: =二氧化碳排放!H8*$E$2 -> -4.34 | I11: =二氧化碳排放!I8*$E$2 -> -4.34 | ... AM11: =二氧化碳排放!AM8*$E$2 -> -4.34
A12: Geo-engineering | B12: =二氧化碳排放!B9*$E$2 -> 0 | C12: =二氧化碳排放!C9*$E$2 -> 0 | D12: =二氧化碳排放!D9*$E$2 -> 0 | E12: =二氧化碳排放!E9*$E$2 -> 0 | F12: =二氧化碳排放!F9*$E$2 -> 0 | G12: =二氧化碳排放!G9*$E$2 -> 0 | H12: =二氧化碳排放!H9*$E$2 -> 0 | I12: =二氧化碳排放!I9*$E$2 -> 0 | ... AM12: =二氧化碳排放!AM9*$E$2 -> 0
A13: District Heating | B13: =二氧化碳排放!B12*$E$2 -> 5.97593 | C13: =二氧化碳排放!C12*$E$2 -> 6.12539 | D13: =二氧化碳排放!D12*$E$2 -> 6.28023 | E13: =二氧化碳排放!E12*$E$2 -> 6.40035 | F13: =二氧化碳排放!F12*$E$2 -> 6.52058 | G13: =二氧化碳排放!G12*$E$2 -> 6.63311 | H13: =二氧化碳排放!H12*$E$2 -> 6.75534 | I13: =二氧化碳排放!I12*$E$2 -> 6.863 | ... AM13: =二氧化碳排放!AM12*$E$2 -> 6.53262
A14: Hydrogen | B14: =SUM(二氧化碳排放!B15:B24)*$E$2 -> 0.02628675 | C14: =SUM(二氧化碳排放!C15:C24)*$E$2 -> 0.03819311 | D14: =SUM(二氧化碳排放!D15:D24)*$E$2 -> 0.05609264 | E14: =SUM(二氧化碳排放!E15:E24)*$E$2 -> 0.0780509 | F14: =SUM(二氧化碳排放!F15:F24)*$E$2 -> 0.1050646 | G14: =SUM(二氧化碳排放!G15:G24)*$E$2 -> 0.1383316 | H14: =SUM(二氧化碳排放!H15:H24)*$E$2 -> 0.1792863 | I14: =SUM(二氧化碳排放!I15:I24)*$E$2 -> 0.2300271 | ... AM14: =SUM(二氧化碳排放!AM15:AM24)*$E$2 -> 1.327186
A15: Non CO2 | B15: =二氧化碳排放!B27*$E$2-SUM(B4:B14) -> 23.073373 | C15: =二氧化碳排放!C27*$E$2-SUM(C4:C14) -> 23.413577 | D15: =二氧化碳排放!D27*$E$2-SUM(D4:D14) -> 23.746217 | E15: =二氧化碳排放!E27*$E$2-SUM(E4:E14) -> 23.756239 | F15: =二氧化碳排放!F27*$E$2-SUM(F4:F14) -> 23.755395 | G15: =二氧化碳排放!G27*$E$2-SUM(G4:G14) -> 23.755438 | H15: =二氧化碳排放!H27*$E$2-SUM(H4:H14) -> 23.731764 | I15: =二氧化碳排放!I27*$E$2-SUM(I4:I14) -> 23.696223 | ... AM15: =二氧化碳排放!AM27*$E$2-SUM(AM4:AM14) -> 18.345354
A16: CO2 emission | B16: =SUM(B4:B12) -> 105.66041 | C16: =SUM(C4:C12) -> 105.72084 | D16: =SUM(D4:D12) -> 109.78446 | E16: =SUM(E4:E12) -> 112.25836 | F16: =SUM(F4:F12) -> 114.59996 | G16: =SUM(G4:G12) -> 116.68112 | H16: =SUM(H4:H12) -> 118.47261 | I16: =SUM(I4:I12) -> 120.44175 | ... AM16: =SUM(AM4:AM12) -> 63.39124
A17: CO2e emission | B17: =B15+B16 -> 128.73378 | C17: =C15+C16 -> 129.13442 | D17: =D15+D16 -> 133.53068 | E17: =E15+E16 -> 136.0146 | F17: =F15+F16 -> 138.35536 | G17: =G15+G16 -> 140.43656 | H17: =H15+H16 -> 142.20437 | I17: =I15+I16 -> 144.13797 | ... AM17: =AM15+AM16 -> 81.736594
Q19: Max Value
O20: Transportation | P20: 交通部门 | Q20: =MAX(4:4) -> 15.6359
O21: Electricity | P21: 电力部门 | Q21: =MAX(5:5) -> 54.1082
O22: Residential bldg | P22: 居民建筑 | Q22: =MAX(6:6) -> 3.2022
O23: Commercial bldg | P23: 公共建筑 | Q23: =MAX(7:7) -> 1.58751
O24: Industrial Fuel | P24: 工业燃料 | Q24: =MAX(8:8) -> 31.168946
O25: Industrial Process | P25: 工业过程 | Q25: =MAX(9:9) -> 14.566725
O26: Heating and H2 | P26: 供热与氢能 | Q26: =MAX(10:10) -> 7.8598
O27: LULUCF | P27: 土地利用 | Q27: =MAX(11:11) -> -4.34
O28: Geo-engineering | P28: 碳捕集 | Q28: =MAX(12:12) -> 0
O29: District Heating | P29: 集中供热 | Q29: =MAX(13:13) -> 7.19303
O30: Hydrogen | P30: 氢气生产 | Q30: =MAX(14:14) -> 1.327186
O31: Non CO2 | P31: 非二温室气体 | Q31: =MAX(15:15) -> 23.756239
O32: CO2 emission | P32: 二氧化碳排放 | Q32: =MAX(16:16) -> 120.53266
O33: CO2e emission | P33: 温室气体排放 | Q33: =MAX(17:17) -> 144.13797
B38: 2023 | I38: 2030 | N38: 2035 | S38: 2040 | X38: 2045 | AC38: 2050 | AH38: 2055 | AM38: 2060
A39: BAU Transportation | B39: =BAU二氧化碳排放!B2*'图1-二氧化碳排放'!$E$2 -> 15.6359 | C39: =BAU二氧化碳排放!C2*'图1-二氧化碳排放'!$E$2 -> 15.5767 | D39: =BAU二氧化碳排放!D2*'图1-二氧化碳排放'!$E$2 -> 15.5182 | E39: =BAU二氧化碳排放!E2*'图1-二氧化碳排放'!$E$2 -> 15.4621 | F39: =BAU二氧化碳排放!F2*'图1-二氧化碳排放'!$E$2 -> 15.3937 | G39: =BAU二氧化碳排放!G2*'图1-二氧化碳排放'!$E$2 -> 15.3141 | H39: =BAU二氧化碳排放!H2*'图1-二氧化碳排放'!$E$2 -> 15.2196 | I39: =BAU二氧化碳排放!I2*'图1-二氧化碳排放'!$E$2 -> 15.1044 | ... AM39: =BAU二氧化碳排放!AM2*'图1-二氧化碳排放'!$E$2 -> 11.3107
A40: BAU Electricity | B40: =BAU二氧化碳排放!B3*'图1-二氧化碳排放'!$E$2 -> 41.2478 | C40: =BAU二氧化碳排放!C3*'图1-二氧化碳排放'!$E$2 -> 41.1613 | D40: =BAU二氧化碳排放!D3*'图1-二氧化碳排放'!$E$2 -> 43.7221 | E40: =BAU二氧化碳排放!E3*'图1-二氧化碳排放'!$E$2 -> 45.8051 | F40: =BAU二氧化碳排放!F3*'图1-二氧化碳排放'!$E$2 -> 47.7903 | G40: =BAU二氧化碳排放!G3*'图1-二氧化碳排放'!$E$2 -> 49.5852 | H40: =BAU二氧化碳排放!H3*'图1-二氧化碳排放'!$E$2 -> 51.1363 | I40: =BAU二氧化碳排放!I3*'图1-二氧化碳排放'!$E$2 -> 52.8148 | ... AM40: =BAU二氧化碳排放!AM3*'图1-二氧化碳排放'!$E$2 -> 13.5207
A41: BAU Residential bldg | B41: =BAU二氧化碳排放!B4*'图1-二氧化碳排放'!$E$2 -> 3.2022 | C41: =BAU二氧化碳排放!C4*'图1-二氧化碳排放'!$E$2 -> 3.20086 | D41: =BAU二氧化碳排放!D4*'图1-二氧化碳排放'!$E$2 -> 3.19575 | E41: =BAU二氧化碳排放!E4*'图1-二氧化碳排放'!$E$2 -> 3.18393 | F41: =BAU二氧化碳排放!F4*'图1-二氧化碳排放'!$E$2 -> 3.17364 | G41: =BAU二氧化碳排放!G4*'图1-二氧化碳排放'!$E$2 -> 3.16948 | H41: =BAU二氧化碳排放!H4*'图1-二氧化碳排放'!$E$2 -> 3.16077 | I41: =BAU二氧化碳排放!I4*'图1-二氧化碳排放'!$E$2 -> 3.15547 | ... AM41: =BAU二氧化碳排放!AM4*'图1-二氧化碳排放'!$E$2 -> 2.63523
A42: BAU Commercial bldg | B42: =BAU二氧化碳排放!B5*'图1-二氧化碳排放'!$E$2 -> 1.28319 | C42: =BAU二氧化碳排放!C5*'图1-二氧化碳排放'!$E$2 -> 1.3106 | D42: =BAU二氧化碳排放!D5*'图1-二氧化碳排放'!$E$2 -> 1.33418 | E42: =BAU二氧化碳排放!E5*'图1-二氧化碳排放'!$E$2 -> 1.35142 | F42: =BAU二氧化碳排放!F5*'图1-二氧化碳排放'!$E$2 -> 1.36808 | G42: =BAU二氧化碳排放!G5*'图1-二氧化碳排放'!$E$2 -> 1.3861 | H42: =BAU二氧化碳排放!H5*'图1-二氧化碳排放'!$E$2 -> 1.40341 | I42: =BAU二氧化碳排放!I5*'图1-二氧化碳排放'!$E$2 -> 1.41925 | ... AM42: =BAU二氧化碳排放!AM5*'图1-二氧化碳排放'!$E$2 -> 1.58751
A43: BAU Industrial Fuel | B43: =BAU二氧化碳排放!B6*'图1-二氧化碳排放'!$E$2-B44 -> 28.24292 | C43: =BAU二氧化碳排放!C6*'图1-二氧化碳排放'!$E$2-C44 -> 28.404782 | D43: =BAU二氧化碳排放!D6*'图1-二氧化碳排放'!$E$2-D44 -> 29.917035 | E43: =BAU二氧化碳排放!E6*'图1-二氧化碳排放'!$E$2-E44 -> 30.243637 | F43: =BAU二氧化碳排放!F6*'图1-二氧化碳排放'!$E$2-F44 -> 30.585297 | G43: =BAU二氧化碳排放!G6*'图1-二氧化碳排放'!$E$2-G44 -> 30.912027 | H43: =BAU二氧化碳排放!H6*'图1-二氧化碳排放'!$E$2-H44 -> 31.192957 | I43: =BAU二氧化碳排放!I6*'图1-二氧化碳排放'!$E$2-I44 -> 31.544538 | ... AM43: =BAU二氧化碳排放!AM6*'图1-二氧化碳排放'!$E$2-AM44 -> 22.598458
A44: BAU Industrial Process | B44: =SUM(BAU二氧化碳排放!B32:B56)*'图1-二氧化碳排放'!$E2 -> 14.38618 | C44: =SUM(BAU二氧化碳排放!C32:C56)*'图1-二氧化碳排放'!$E2 -> 14.243018 | D44: =SUM(BAU二氧化碳排放!D32:D56)*'图1-二氧化碳排放'!$E2 -> 14.100565 | E44: =SUM(BAU二氧化碳排放!E32:E56)*'图1-二氧化碳排放'!$E2 -> 14.073463 | F44: =SUM(BAU二氧化碳排放!F32:F56)*'图1-二氧化碳排放'!$E2 -> 14.002503 | G44: =SUM(BAU二氧化碳排放!G32:G56)*'图1-二氧化碳排放'!$E2 -> 13.881673 | H44: =SUM(BAU二氧化碳排放!H32:H56)*'图1-二氧化碳排放'!$E2 -> 13.763643 | I44: =SUM(BAU二氧化碳排放!I32:I56)*'图1-二氧化碳排放'!$E2 -> 13.648962 | ... AM44: =SUM(BAU二氧化碳排放!AM32:AM56)*'图1-二氧化碳排放'!$E2 -> 8.2176421
A45: BAU Heating and H2 | B45: =BAU二氧化碳排放!B7*'图1-二氧化碳排放'!$E$2 -> 6.00222 | C45: =BAU二氧化碳排放!C7*'图1-二氧化碳排放'!$E$2 -> 6.16358 | D45: =BAU二氧化碳排放!D7*'图1-二氧化碳排放'!$E$2 -> 6.33633 | E45: =BAU二氧化碳排放!E7*'图1-二氧化碳排放'!$E$2 -> 6.47841 | F45: =BAU二氧化碳排放!F7*'图1-二氧化碳排放'!$E$2 -> 6.62564 | G45: =BAU二氧化碳排放!G7*'图1-二氧化碳排放'!$E$2 -> 6.77144 | H45: =BAU二氧化碳排放!H7*'图1-二氧化碳排放'!$E$2 -> 6.93462 | I45: =BAU二氧化碳排放!I7*'图1-二氧化碳排放'!$E$2 -> 7.09302 | ... AM45: =BAU二氧化碳排放!AM7*'图1-二氧化碳排放'!$E$2 -> 7.84891
A46: BAU LULUCF | B46: =BAU二氧化碳排放!B8*'图1-二氧化碳排放'!$E$2 -> -4.34 | C46: =BAU二氧化碳排放!C8*'图1-二氧化碳排放'!$E$2 -> -4.34 | D46: =BAU二氧化碳排放!D8*'图1-二氧化碳排放'!$E$2 -> -4.34 | E46: =BAU二氧化碳排放!E8*'图1-二氧化碳排放'!$E$2 -> -4.34 | F46: =BAU二氧化碳排放!F8*'图1-二氧化碳排放'!$E$2 -> -4.34 | G46: =BAU二氧化碳排放!G8*'图1-二氧化碳排放'!$E$2 -> -4.34 | H46: =BAU二氧化碳排放!H8*'图1-二氧化碳排放'!$E$2 -> -4.34 | I46: =BAU二氧化碳排放!I8*'图1-二氧化碳排放'!$E$2 -> -4.34 | ... AM46: =BAU二氧化碳排放!AM8*'图1-二氧化碳排放'!$E$2 -> -4.34
A47: BAU Geo-engineering | B47: =BAU二氧化碳排放!B9*'图1-二氧化碳排放'!$E$2 -> 0 | C47: =BAU二氧化碳排放!C9*'图1-二氧化碳排放'!$E$2 -> 0 | D47: =BAU二氧化碳排放!D9*'图1-二氧化碳排放'!$E$2 -> 0 | E47: =BAU二氧化碳排放!E9*'图1-二氧化碳排放'!$E$2 -> 0 | F47: =BAU二氧化碳排放!F9*'图1-二氧化碳排放'!$E$2 -> 0 | G47: =BAU二氧化碳排放!G9*'图1-二氧化碳排放'!$E$2 -> 0 | H47: =BAU二氧化碳排放!H9*'图1-二氧化碳排放'!$E$2 -> 0 | I47: =BAU二氧化碳排放!I9*'图1-二氧化碳排放'!$E$2 -> 0 | ... AM47: =BAU二氧化碳排放!AM9*'图1-二氧化碳排放'!$E$2 -> 0
A48: BAU District Heating | B48: =BAU二氧化碳排放!B12*'图1-二氧化碳排放'!$E$2 -> 5.97593 | C48: =BAU二氧化碳排放!C12*'图1-二氧化碳排放'!$E$2 -> 6.12539 | D48: =BAU二氧化碳排放!D12*'图1-二氧化碳排放'!$E$2 -> 6.28023 | E48: =BAU二氧化碳排放!E12*'图1-二氧化碳排放'!$E$2 -> 6.40035 | F48: =BAU二氧化碳排放!F12*'图1-二氧化碳排放'!$E$2 -> 6.52058 | G48: =BAU二氧化碳排放!G12*'图1-二氧化碳排放'!$E$2 -> 6.63311 | H48: =BAU二氧化碳排放!H12*'图1-二氧化碳排放'!$E$2 -> 6.75533 | I48: =BAU二氧化碳排放!I12*'图1-二氧化碳排放'!$E$2 -> 6.86299 | ... AM48: =BAU二氧化碳排放!AM12*'图1-二氧化碳排放'!$E$2 -> 6.53261
A49: BAU Hydrogen | B49: =SUM(BAU二氧化碳排放!B15:B24)*'图1-二氧化碳排放'!$E$2 -> 0.0262867 | C49: =SUM(BAU二氧化碳排放!C15:C24)*'图1-二氧化碳排放'!$E$2 -> 0.0381931 | D49: =SUM(BAU二氧化碳排放!D15:D24)*'图1-二氧化碳排放'!$E$2 -> 0.0560926 | E49: =SUM(BAU二氧化碳排放!E15:E24)*'图1-二氧化碳排放'!$E$2 -> 0.0780508 | F49: =SUM(BAU二氧化碳排放!F15:F24)*'图1-二氧化碳排放'!$E$2 -> 0.105064 | G49: =SUM(BAU二氧化碳排放!G15:G24)*'图1-二氧化碳排放'!$E$2 -> 0.138331 | H49: =SUM(BAU二氧化碳排放!H15:H24)*'图1-二氧化碳排放'!$E$2 -> 0.179285 | I49: =SUM(BAU二氧化碳排放!I15:I24)*'图1-二氧化碳排放'!$E$2 -> 0.230025 | ... AM49: =SUM(BAU二氧化碳排放!AM15:AM24)*'图1-二氧化碳排放'!$E$2 -> 1.31629
A50: BAU Non CO2 | B50: =BAU二氧化碳排放!B27*'图1-二氧化碳排放'!$E$2-SUM(B39:B49) -> 23.073373 | C50: =BAU二氧化碳排放!C27*'图1-二氧化碳排放'!$E$2-SUM(C39:C49) -> 23.413577 | D50: =BAU二氧化碳排放!D27*'图1-二氧化碳排放'!$E$2-SUM(D39:D49) -> 23.746517 | E50: =BAU二氧化碳排放!E27*'图1-二氧化碳排放'!$E$2-SUM(E39:E49) -> 23.755539 | F50: =BAU二氧化碳排放!F27*'图1-二氧化碳排放'!$E$2-SUM(F39:F49) -> 23.756196 | G50: =BAU二氧化碳排放!G27*'图1-二氧化碳排放'!$E$2-SUM(G39:G49) -> 23.755539 | H50: =BAU二氧化碳排放!H27*'图1-二氧化碳排放'!$E$2-SUM(H39:H49) -> 23.732085 | I50: =BAU二氧化碳排放!I27*'图1-二氧化碳排放'!$E$2-SUM(I39:I49) -> 23.696545 | ... AM50: =BAU二氧化碳排放!AM27*'图1-二氧化碳排放'!$E$2-SUM(AM39:AM49) -> 18.35595
A51: BAU CO2 emission | B51: =SUM(B39:B47) -> 105.66041 | C51: =SUM(C39:C47) -> 105.72084 | D51: =SUM(D39:D47) -> 109.78416 | E51: =SUM(E39:E47) -> 112.25806 | F51: =SUM(F39:F47) -> 114.59916 | G51: =SUM(G39:G47) -> 116.68002 | H51: =SUM(H39:H47) -> 118.4713 | I51: =SUM(I39:I47) -> 120.44044 | ... AM51: =SUM(AM39:AM47) -> 63.37915
A52: BAU CO2e emission | B52: =B50+B51 -> 128.73378 | C52: =C50+C51 -> 129.13442 | D52: =D50+D51 -> 133.53068 | E52: =E50+E51 -> 136.0136 | F52: =F50+F51 -> 138.35536 | G52: =G50+G51 -> 140.43556 | H52: =H50+H51 -> 142.20339 | I52: =I50+I51 -> 144.13698 | ... AM52: =AM50+AM51 -> 81.7351
B54: 2023 | C54: 2024 | D54: 2025 | E54: 2026 | F54: 2027 | G54: 2028 | H54: 2029 | I54: 2030 | J54: 2031 | K54: 2032 | L54: 2033 | M54: 2034 | N54: 2035 | O54: 2036 | P54: 2037 | Q54: 2038 | R54: 2039 | S54: 2040 | T54: 2041 | U54: 2042 | V54: 2043 | W54: 2044 | X54: 2045 | Y54: 2046 | Z54: 2047 | AA54: 2048 | AB54: 2049 | AC54: 2050 | AD54: 2051 | AE54: 2052 | AF54: 2053 | AG54: 2054 | AH54: 2055 | AI54: 2056 | AJ54: 2057 | AK54: 2058 | AL54: 2059 | AM54: 2060
A55: 14FYP Trans | B55: =B4 -> 15.6359 | C55: =C4 -> 15.5767 | D55: =D4 -> 15.5182 | E55: =E4 -> 15.4621 | F55: =F4 -> 15.3937 | G55: =G4 -> 15.3141 | H55: =H4 -> 15.2196 | I55: =I4 -> 15.1044 | ... AM55: =AM4 -> 11.3117
A56: 14FYP Elec | B56: =B5 -> 41.2478 | C56: =C5 -> 41.1613 | D56: =D5 -> 43.7224 | E56: =E5 -> 45.8054 | F56: =F5 -> 47.7911 | G56: =G5 -> 49.5862 | H56: =H5 -> 51.1375 | I56: =I5 -> 52.8159 | ... AM56: =AM5 -> 13.5208
A57: 14FYP Bldg | B57: =B7+B6 -> 4.48539 | C57: =C7+C6 -> 4.51146 | D57: =D7+D6 -> 4.52993 | E57: =E7+E6 -> 4.53535 | F57: =F7+F6 -> 4.54172 | G57: =G7+G6 -> 4.55558 | H57: =H7+H6 -> 4.56418 | I57: =I7+I6 -> 4.57472 | ... AM57: =AM7+AM6 -> 4.22274
A58: 14FYP Indst Fuel | B58: =B8 -> 28.11798 | C58: =C8 -> 28.197062 | D58: =D8 -> 29.450875 | E58: =E8 -> 29.794727 | F58: =F8 -> 30.151667 | G58: =G8 -> 30.499537 | H58: =H8 -> 30.798146 | I58: =I8 -> 31.168946 | ... AM58: =AM8 -> 22.672217
A59: 14FYP Indst Proc | B59: =B9 -> 14.51112 | C59: =C9 -> 14.450738 | D59: =D9 -> 14.566725 | E59: =E9 -> 14.522373 | F59: =F9 -> 14.436133 | G59: =G9 -> 14.294263 | H59: =H9 -> 14.158554 | I59: =I9 -> 14.024754 | ... AM59: =AM9 -> 8.1439834
A60: 14FYP Heat&H2 | B60: =B10 -> 6.00222 | C60: =C10 -> 6.16358 | D60: =D10 -> 6.33633 | E60: =E10 -> 6.47841 | F60: =F10 -> 6.62564 | G60: =G10 -> 6.77144 | H60: =H10 -> 6.93463 | I60: =I10 -> 7.09303 | ... AM60: =AM10 -> 7.8598
A61: 14FYP Non CO2 | B61: =B15 -> 23.073373 | C61: =C15 -> 23.413577 | D61: =D15 -> 23.746217 | E61: =E15 -> 23.756239 | F61: =F15 -> 23.755395 | G61: =G15 -> 23.755438 | H61: =H15 -> 23.731764 | I61: =I15 -> 23.696223 | ... AM61: =AM15 -> 18.345354
A62: BAU Trans | B62: =B39 -> 15.6359 | C62: =C39 -> 15.5767 | D62: =D39 -> 15.5182 | E62: =E39 -> 15.4621 | F62: =F39 -> 15.3937 | G62: =G39 -> 15.3141 | H62: =H39 -> 15.2196 | I62: =I39 -> 15.1044 | ... AM62: =AM39 -> 11.3107
A63: BAU Elec | B63: =B40 -> 41.2478 | C63: =C40 -> 41.1613 | D63: =D40 -> 43.7221 | E63: =E40 -> 45.8051 | F63: =F40 -> 47.7903 | G63: =G40 -> 49.5852 | H63: =H40 -> 51.1363 | I63: =I40 -> 52.8148 | ... AM63: =AM40 -> 13.5207
A64: BAU Bldg | B64: =B41+B42 -> 4.48539 | C64: =C41+C42 -> 4.51146 | D64: =D41+D42 -> 4.52993 | E64: =E41+E42 -> 4.53535 | F64: =F41+F42 -> 4.54172 | G64: =G41+G42 -> 4.55558 | H64: =H41+H42 -> 4.56418 | I64: =I41+I42 -> 4.57472 | ... AM64: =AM41+AM42 -> 4.22274
A65: BAU Indst Fuel | B65: =B43 -> 28.24292 | C65: =C43 -> 28.404782 | D65: =D43 -> 29.917035 | E65: =E43 -> 30.243637 | F65: =F43 -> 30.585297 | G65: =G43 -> 30.912027 | H65: =H43 -> 31.192957 | I65: =I43 -> 31.544538 | ... AM65: =AM43 -> 22.598458
A66: BAU Indst Proc | B66: =B44 -> 14.38618 | C66: =C44 -> 14.243018 | D66: =D44 -> 14.100565 | E66: =E44 -> 14.073463 | F66: =F44 -> 14.002503 | G66: =G44 -> 13.881673 | H66: =H44 -> 13.763643 | I66: =I44 -> 13.648962 | ... AM66: =AM44 -> 8.2176421
A67: BAU Heat&H2 | B67: =B45 -> 6.00222 | C67: =C45 -> 6.16358 | D67: =D45 -> 6.33633 | E67: =E45 -> 6.47841 | F67: =F45 -> 6.62564 | G67: =G45 -> 6.77144 | H67: =H45 -> 6.93462 | I67: =I45 -> 7.09302 | ... AM67: =AM45 -> 7.84891
A68: BAU Non CO2 | B68: =B50 -> 23.073373 | C68: =C50 -> 23.413577 | D68: =D50 -> 23.746517 | E68: =E50 -> 23.755539 | F68: =F50 -> 23.756196 | G68: =G50 -> 23.755539 | H68: =H50 -> 23.732085 | I68: =I50 -> 23.696545 | ... AM68: =AM50 -> 18.35595

Sheet 图2-二氧化碳排放范围二
C1: conversion | D1: gram | E1: 亿吨 | F1: 100 mt | G1: Scope 1+2 CO2 Emission by Sector
C2: 单位转换 | D2: 1 | E2: =10^-14 -> 1e-14 | G2: 分部门二氧化碳间接排放（范围1+2）
A3: Indirect Emission | B3: 2023 | I3: 2030 | N3: 2035 | S3: 2040 | X3: 2045 | AC3: 2050 | AH3: 2055 | AM3: 2060
A4: Transportation | B4: =B35+B47+B59+B70 -> 16.722929 | C4: =C35+C47+C59+C70 -> 16.695871 | D4: =D35+D47+D59+D70 -> 16.724729 | E4: =E35+E47+E59+E70 -> 16.772094 | F4: =F35+F47+F59+F70 -> 16.834251 | G4: =G35+G47+G59+G70 -> 16.907994 | H4: =H35+H47+H59+H70 -> 16.987694 | I4: =I35+I47+I59+I70 -> 17.077587 | ... AM4: =AM35+AM47+AM59+AM70 -> 13.411888
A5: Residential bldg | B5: =B37+B49+B61+B72 -> 11.227515 | C5: =C37+C49+C61+C72 -> 10.998304 | D5: =D37+D49+D61+D72 -> 11.482977 | E5: =E37+E49+E61+E72 -> 11.905614 | F5: =F37+F49+F61+F72 -> 12.31193 | G5: =G37+G49+G61+G72 -> 12.678764 | H5: =H37+H49+H61+H72 -> 12.974492 | I5: =I37+I49+I61+I72 -> 13.302627 | ... AM5: =AM37+AM49+AM61+AM72 -> 7.2876192
A6: Commercial bldg | B6: =B38+B50+B62+B73 -> 7.9160094 | C6: =C38+C50+C62+C73 -> 7.8114384 | D6: =D38+D50+D62+D73 -> 8.5604878 | E6: =E38+E50+E62+E73 -> 9.2285628 | F6: =F38+F50+F62+F73 -> 9.8417466 | G6: =G38+G50+G62+G73 -> 10.41153 | H6: =H38+H50+H62+H73 -> 10.894194 | I6: =I38+I50+I62+I73 -> 11.392622 | ... AM6: =AM38+AM50+AM62+AM73 -> 6.051884
A7: Industry | B7: =B39+B51+B63+B74 -> 59.533007 | C7: =C39+C51+C63+C74 -> 60.016593 | D7: =D39+D51+D63+D74 -> 62.700795 | E7: =E39+E51+E63+E74 -> 64.080462 | F7: =F39+F51+F63+F74 -> 65.42575 | G7: =G39+G51+G63+G74 -> 66.637489 | H7: =H39+H51+H63+H74 -> 67.705822 | I7: =I39+I51+I63+I74 -> 68.891211 | ... AM7: =AM39+AM51+AM63+AM74 -> 32.818496
A8: Industrial Process | B8: =SUM(二氧化碳排放!B32:B56)*$E2 -> 14.51112 | C8: =SUM(二氧化碳排放!C32:C56)*$E2 -> 14.450738 | D8: =SUM(二氧化碳排放!D32:D56)*$E2 -> 14.566725 | E8: =SUM(二氧化碳排放!E32:E56)*$E2 -> 14.522373 | F8: =SUM(二氧化碳排放!F32:F56)*$E2 -> 14.436133 | G8: =SUM(二氧化碳排放!G32:G56)*$E2 -> 14.294263 | H8: =SUM(二氧化碳排放!H32:H56)*$E2 -> 14.158554 | I8: =SUM(二氧化碳排放!I32:I56)*$E2 -> 14.024754 | ... AM8: =SUM(二氧化碳排放!AM32:AM56)*$E2 -> 8.1439834
A9: Electricity Export | B9: =B52 -> 0.089335182 | C9: =C52 -> 0.087205541 | D9: =D52 -> 0.087720242 | E9: =E52 -> 0.087833787 | F9: =F52 -> 0.088256289 | G9: =G52 -> 0.088590419 | H9: =H52 -> 0.08863832 | I9: =I52 -> 0.088837401 | ... AM9: =AM52 -> 0.013927456
A10: LULUCF | B10: ='图1-二氧化碳排放'!B11 -> -4.34 | C10: ='图1-二氧化碳排放'!C11 -> -4.34 | D10: ='图1-二氧化碳排放'!D11 -> -4.34 | E10: ='图1-二氧化碳排放'!E11 -> -4.34 | F10: ='图1-二氧化碳排放'!F11 -> -4.34 | G10: ='图1-二氧化碳排放'!G11 -> -4.34 | H10: ='图1-二氧化碳排放'!H11 -> -4.34 | I10: ='图1-二氧化碳排放'!I11 -> -4.34 | ... AM10: ='图1-二氧化碳排放'!AM11 -> -4.34
A11: Geo-engineering | B11: ='图1-二氧化碳排放'!B12 -> 0 | C11: ='图1-二氧化碳排放'!C12 -> 0 | D11: ='图1-二氧化碳排放'!D12 -> 0 | E11: ='图1-二氧化碳排放'!E12 -> 0 | F11: ='图1-二氧化碳排放'!F12 -> 0 | G11: ='图1-二氧化碳排放'!G12 -> 0 | H11: ='图1-二氧化碳排放'!H12 -> 0 | I11: ='图1-二氧化碳排放'!I12 -> 0 | ... AM11: ='图1-二氧化碳排放'!AM12 -> 0
A12: subtotal | B12: =SUM(B4:B11) -> 105.65991 | C12: =SUM(C4:C11) -> 105.72015 | D12: =SUM(D4:D11) -> 109.78343 | E12: =SUM(E4:E11) -> 112.25694 | F12: =SUM(F4:F11) -> 114.59807 | G12: =SUM(G4:G11) -> 116.67863 | H12: =SUM(H4:H11) -> 118.46939 | I12: =SUM(I4:I11) -> 120.43764 | ... AM12: =SUM(AM4:AM11) -> 63.387798
A13: diff. | B13: =B12-SUM('图1-二氧化碳排放'!B4:B12) -> -0.00049504461 | C13: =C12-SUM('图1-二氧化碳排放'!C4:C12) -> -0.00069040903 | D13: =D12-SUM('图1-二氧化碳排放'!D4:D12) -> -0.0010260765 | E13: =E12-SUM('图1-二氧化碳排放'!E4:E12) -> -0.0014204006 | F13: =F12-SUM('图1-二氧化碳排放'!F4:F12) -> -0.0018935367 | G13: =G12-SUM('图1-二氧化碳排放'!G4:G12) -> -0.002489694 | H13: =H12-SUM('图1-二氧化碳排放'!H4:H12) -> -0.0032159562 | I13: =I12-SUM('图1-二氧化碳排放'!I4:I12) -> -0.0041108074 | ... AM13: =AM12-SUM('图1-二氧化碳排放'!AM4:AM12) -> -0.0034424122
R16: Max Value
P17: Transportation | Q17: 交通部门 | R17: =MAX(4:4) -> 17.077587
P18: Residential bldg | Q18: 居民建筑 | R18: =MAX(5:5) -> 13.670541
P19: Commercial bldg | Q19: 公共建筑 | R19: =MAX(6:6) -> 12.974668
P20: Industrial Fuel | Q20: 工业燃料 | R20: =MAX(7:7) -> 68.891211
P21: Industrial Process | Q21: 工业过程 | R21: =MAX(8:8) -> 14.566725
P22: Electricity Export | Q22: 外送电力 | R22: =MAX(9:9) -> 0.089335182
P23: LULUCF | Q23: 土地利用 | R23: =MAX(10:10) -> -4.34
P24: Geo-engineering | Q24: 碳捕集 | R24: =MAX(11:11) -> 0
A34: Direct Emission | B34: 2023 | C34: 2024 | D34: 2025 | E34: 2026 | F34: 2027 | G34: 2028 | H34: 2029 | I34: 2030 | J34: 2031 | K34: 2032 | L34: 2033 | M34: 2034 | N34: 2035 | O34: 2036 | P34: 2037 | Q34: 2038 | R34: 2039 | S34: 2040 | T34: 2041 | U34: 2042 | V34: 2043 | W34: 2044 | X34: 2045 | Y34: 2046 | Z34: 2047 | AA34: 2048 | AB34: 2049 | AC34: 2050 | AD34: 2051 | AE34: 2052 | AF34: 2053 | AG34: 2054 | AH34: 2055 | AI34: 2056 | AJ34: 2057 | AK34: 2058 | AL34: 2059 | AM34: 2060
A35: Transportation | B35: ='图1-二氧化碳排放'!B4 -> 15.6359 | C35: ='图1-二氧化碳排放'!C4 -> 15.5767 | D35: ='图1-二氧化碳排放'!D4 -> 15.5182 | E35: ='图1-二氧化碳排放'!E4 -> 15.4621 | F35: ='图1-二氧化碳排放'!F4 -> 15.3937 | G35: ='图1-二氧化碳排放'!G4 -> 15.3141 | H35: ='图1-二氧化碳排放'!H4 -> 15.2196 | I35: ='图1-二氧化碳排放'!I4 -> 15.1044 | ... AM35: ='图1-二氧化碳排放'!AM4 -> 11.3117
A36: Electricity | B36: ='图1-二氧化碳排放'!B5 -> 41.2478 | C36: ='图1-二氧化碳排放'!C5 -> 41.1613 | D36: ='图1-二氧化碳排放'!D5 -> 43.7224 | E36: ='图1-二氧化碳排放'!E5 -> 45.8054 | F36: ='图1-二氧化碳排放'!F5 -> 47.7911 | G36: ='图1-二氧化碳排放'!G5 -> 49.5862 | H36: ='图1-二氧化碳排放'!H5 -> 51.1375 | I36: ='图1-二氧化碳排放'!I5 -> 52.8159 | ... AM36: ='图1-二氧化碳排放'!AM5 -> 13.5208
A37: Residential bldg | B37: ='图1-二氧化碳排放'!B6 -> 3.2022 | C37: ='图1-二氧化碳排放'!C6 -> 3.20086 | D37: ='图1-二氧化碳排放'!D6 -> 3.19575 | E37: ='图1-二氧化碳排放'!E6 -> 3.18393 | F37: ='图1-二氧化碳排放'!F6 -> 3.17364 | G37: ='图1-二氧化碳排放'!G6 -> 3.16948 | H37: ='图1-二氧化碳排放'!H6 -> 3.16077 | I37: ='图1-二氧化碳排放'!I6 -> 3.15547 | ... AM37: ='图1-二氧化碳排放'!AM6 -> 2.63523
A38: Commercial bldg | B38: ='图1-二氧化碳排放'!B7 -> 1.28319 | C38: ='图1-二氧化碳排放'!C7 -> 1.3106 | D38: ='图1-二氧化碳排放'!D7 -> 1.33418 | E38: ='图1-二氧化碳排放'!E7 -> 1.35142 | F38: ='图1-二氧化碳排放'!F7 -> 1.36808 | G38: ='图1-二氧化碳排放'!G7 -> 1.3861 | H38: ='图1-二氧化碳排放'!H7 -> 1.40341 | I38: ='图1-二氧化碳排放'!I7 -> 1.41925 | ... AM38: ='图1-二氧化碳排放'!AM7 -> 1.58751
A39: Industry | B39: ='图1-二氧化碳排放'!B8 -> 28.11798 | C39: ='图1-二氧化碳排放'!C8 -> 28.197062 | D39: ='图1-二氧化碳排放'!D8 -> 29.450875 | E39: ='图1-二氧化碳排放'!E8 -> 29.794727 | F39: ='图1-二氧化碳排放'!F8 -> 30.151667 | G39: ='图1-二氧化碳排放'!G8 -> 30.499537 | H39: ='图1-二氧化碳排放'!H8 -> 30.798146 | I39: ='图1-二氧化碳排放'!I8 -> 31.168946 | ... AM39: ='图1-二氧化碳排放'!AM8 -> 22.672217
A40: Heating and hydrogen | B40: ='图1-二氧化碳排放'!B10 -> 6.00222 | C40: ='图1-二氧化碳排放'!C10 -> 6.16358 | D40: ='图1-二氧化碳排放'!D10 -> 6.33633 | E40: ='图1-二氧化碳排放'!E10 -> 6.47841 | F40: ='图1-二氧化碳排放'!F10 -> 6.62564 | G40: ='图1-二氧化碳排放'!G10 -> 6.77144 | H40: ='图1-二氧化碳排放'!H10 -> 6.93463 | I40: ='图1-二氧化碳排放'!I10 -> 7.09303 | ... AM40: ='图1-二氧化碳排放'!AM10 -> 7.8598
A41: sub: District Heating | B41: ='图1-二氧化碳排放'!B13 -> 5.97593 | C41: ='图1-二氧化碳排放'!C13 -> 6.12539 | D41: ='图1-二氧化碳排放'!D13 -> 6.28023 | E41: ='图1-二氧化碳排放'!E13 -> 6.40035 | F41: ='图1-二氧化碳排放'!F13 -> 6.52058 | G41: ='图1-二氧化碳排放'!G13 -> 6.63311 | H41: ='图1-二氧化碳排放'!H13 -> 6.75534 | I41: ='图1-二氧化碳排放'!I13 -> 6.863 | ... AM41: ='图1-二氧化碳排放'!AM13 -> 6.53262
A42: sub: Hydrogen Supply | B42: ='图1-二氧化碳排放'!B14 -> 0.02628675 | C42: ='图1-二氧化碳排放'!C14 -> 0.03819311 | D42: ='图1-二氧化碳排放'!D14 -> 0.05609264 | E42: ='图1-二氧化碳排放'!E14 -> 0.0780509 | F42: ='图1-二氧化碳排放'!F14 -> 0.1050646 | G42: ='图1-二氧化碳排放'!G14 -> 0.1383316 | H42: ='图1-二氧化碳排放'!H14 -> 0.1792863 | I42: ='图1-二氧化碳排放'!I14 -> 0.2300271 | ... AM42: ='图1-二氧化碳排放'!AM14 -> 1.327186
A46: From Electricity | B46: 2023 | C46: 2024 | D46: 2025 | E46: 2026 | F46: 2027 | G46: 2028 | H46: 2029 | I46: 2030 | J46: 2031 | K46: 2032 | L46: 2033 | M46: 2034 | N46: 2035 | O46: 2036 | P46: 2037 | Q46: 2038 | R46: 2039 | S46: 2040 | T46: 2041 | U46: 2042 | V46: 2043 | W46: 2044 | X46: 2045 | Y46: 2046 | Z46: 2047 | AA46: 2048 | AB46: 2049 | AC46: 2050 | AD46: 2051 | AE46: 2052 | AF46: 2053 | AG46: 2054 | AH46: 2055 | AI46: 2056 | AJ46: 2057 | AK46: 2058 | AL46: 2059 | AM46: 2060
A47: Transportation | B47: =B$36*'图7-用电量'!C$4/SUM('图7-用电量'!C$4:C$9) -> 1.0607427 | C47: =C$36*'图7-用电量'!D$4/SUM('图7-用电量'!D$4:D$9) -> 1.0809782 | D47: =D$36*'图7-用电量'!E$4/SUM('图7-用电量'!E$4:E$9) -> 1.150436 | E47: =E$36*'图7-用电量'!F$4/SUM('图7-用电量'!F$4:F$9) -> 1.2319427 | F47: =F$36*'图7-用电量'!G$4/SUM('图7-用电量'!G$4:G$9) -> 1.3354867 | G47: =G$36*'图7-用电量'!H$4/SUM('图7-用电量'!H$4:H$9) -> 1.4555626 | H47: =H$36*'图7-用电量'!I$4/SUM('图7-用电量'!I$4:I$9) -> 1.5888077 | I47: =I$36*'图7-用电量'!J$4/SUM('图7-用电量'!J$4:J$9) -> 1.7431598 | ... AM47: =AM$36*'图7-用电量'!AN$4/SUM('图7-用电量'!AN$4:AN$9) -> 0.77300175
A48: Electricity | B48: 0 | C48: 0 | D48: 0 | E48: 0 | F48: 0 | G48: 0 | H48: 0 | I48: 0 | J48: 0 | K48: 0 | L48: 0 | M48: 0 | N48: 0 | O48: 0 | P48: 0 | Q48: 0 | R48: 0 | S48: 0 | T48: 0 | U48: 0 | V48: 0 | W48: 0 | X48: 0 | Y48: 0 | Z48: 0 | AA48: 0 | AB48: 0 | AC48: 0 | AD48: 0 | AE48: 0 | AF48: 0 | AG48: 0 | AH48: 0 | AI48: 0 | AJ48: 0 | AK48: 0 | AL48: 0 | AM48: 0
A49: Residential bldg | B49: =B$36*'图7-用电量'!C11/SUM('图7-用电量'!C$4:C$9) -> 6.8190247 | C49: =C$36*'图7-用电量'!D11/SUM('图7-用电量'!D$4:D$9) -> 6.5782146 | D49: =D$36*'图7-用电量'!E11/SUM('图7-用电量'!E$4:E$9) -> 7.0551197 | E49: =E$36*'图7-用电量'!F11/SUM('图7-用电量'!F$4:F$9) -> 7.4784989 | F49: =F$36*'图7-用电量'!G11/SUM('图7-用电量'!G$4:G$9) -> 7.8812269 | G49: =G$36*'图7-用电量'!H11/SUM('图7-用电量'!H$4:H$9) -> 8.2364855 | H49: =H$36*'图7-用电量'!I11/SUM('图7-用电量'!I$4:I$9) -> 8.5237794 | I49: =I$36*'图7-用电量'!J11/SUM('图7-用电量'!J$4:J$9) -> 8.8492196 | ... AM49: =AM$36*'图7-用电量'!AN11/SUM('图7-用电量'!AN$4:AN$9) -> 3.2410387
A50: Commercial bldg | B50: =B$36*'图7-用电量'!C10/SUM('图7-用电量'!C$4:C$9) -> 6.3365912 | C50: =C$36*'图7-用电量'!D10/SUM('图7-用电量'!D$4:D$9) -> 6.2009534 | D50: =D$36*'图7-用电量'!E10/SUM('图7-用电量'!E$4:E$9) -> 6.9227887 | E50: =E$36*'图7-用电量'!F10/SUM('图7-用电量'!F$4:F$9) -> 7.57084 | F50: =F$36*'图7-用电量'!G10/SUM('图7-用电量'!G$4:G$9) -> 8.1631422 | G50: =G$36*'图7-用电量'!H10/SUM('图7-用电量'!H$4:H$9) -> 8.7109737 | H50: =H$36*'图7-用电量'!I10/SUM('图7-用电量'!I$4:I$9) -> 9.1720487 | I50: =I$36*'图7-用电量'!J10/SUM('图7-用电量'!J$4:J$9) -> 9.6500131 | ... AM50: =AM$36*'图7-用电量'!AN10/SUM('图7-用电量'!AN$4:AN$9) -> 4.0968191
A51: Industry | B51: =B$36*'图7-用电量'!C5/SUM('图7-用电量'!C$4:C$9) -> 26.941614 | C51: =C$36*'图7-用电量'!D5/SUM('图7-用电量'!D$4:D$9) -> 27.213255 | D51: =D$36*'图7-用电量'!E5/SUM('图7-用电量'!E$4:E$9) -> 28.505317 | E51: =E$36*'图7-用电量'!F5/SUM('图7-用电量'!F$4:F$9) -> 29.434873 | F51: =F$36*'图7-用电量'!G5/SUM('图7-用电量'!G$4:G$9) -> 30.32109 | G51: =G$36*'图7-用电量'!H5/SUM('图7-用电量'!H$4:H$9) -> 31.092097 | H51: =H$36*'图7-用电量'!I5/SUM('图7-用电量'!I$4:I$9) -> 31.761014 | I51: =I$36*'图7-用电量'!J5/SUM('图7-用电量'!J$4:J$9) -> 32.480562 | ... AM51: =AM$36*'图7-用电量'!AN5/SUM('图7-用电量'!AN$4:AN$9) -> 5.3925646
A52: Electricity Export | B52: =MAX(B$36*'图7-用电量'!C9/SUM('图7-用电量'!C$4:C$9),0) -> 0.089335182 | C52: =MAX(C$36*'图7-用电量'!D9/SUM('图7-用电量'!D$4:D$9),0) -> 0.087205541 | D52: =MAX(D$36*'图7-用电量'!E9/SUM('图7-用电量'!E$4:E$9),0) -> 0.087720242 | E52: =MAX(E$36*'图7-用电量'!F9/SUM('图7-用电量'!F$4:F$9),0) -> 0.087833787 | F52: =MAX(F$36*'图7-用电量'!G9/SUM('图7-用电量'!G$4:G$9),0) -> 0.088256289 | G52: =MAX(G$36*'图7-用电量'!H9/SUM('图7-用电量'!H$4:H$9),0) -> 0.088590419 | H52: =MAX(H$36*'图7-用电量'!I9/SUM('图7-用电量'!I$4:I$9),0) -> 0.08863832 | I52: =MAX(I$36*'图7-用电量'!J9/SUM('图7-用电量'!J$4:J$9),0) -> 0.088837401 | ... AM52: =MAX(AM$36*'图7-用电量'!AN9/SUM('图7-用电量'!AN$4:AN$9),0) -> 0.013927456
A53: Heating and hydrogen | B53: =B54+B55 -> 0.00049179461 | C53: =C54+C55 -> 0.00069351903 | D53: =D54+D55 -> 0.0010187165 | E53: =E54+E55 -> 0.0014113006 | F53: =F54+F55 -> 0.0018981367 | G53: =G54+G55 -> 0.002491294 | H53: =H54+H55 -> 0.0032122562 | I53: =I54+I55 -> 0.0041079074 | ... AM53: =AM54+AM55 -> 0.0034484122
A54: sub: District Heating | B54: =B$36*'图7-用电量'!C7/SUM('图7-用电量'!C$4:C$9) -> 0 | C54: =C$36*'图7-用电量'!D7/SUM('图7-用电量'!D$4:D$9) -> 0 | D54: =D$36*'图7-用电量'!E7/SUM('图7-用电量'!E$4:E$9) -> 0 | E54: =E$36*'图7-用电量'!F7/SUM('图7-用电量'!F$4:F$9) -> 0 | F54: =F$36*'图7-用电量'!G7/SUM('图7-用电量'!G$4:G$9) -> 0 | G54: =G$36*'图7-用电量'!H7/SUM('图7-用电量'!H$4:H$9) -> 0 | H54: =H$36*'图7-用电量'!I7/SUM('图7-用电量'!I$4:I$9) -> 0 | I54: =I$36*'图7-用电量'!J7/SUM('图7-用电量'!J$4:J$9) -> 0 | ... AM54: =AM$36*'图7-用电量'!AN7/SUM('图7-用电量'!AN$4:AN$9) -> 0
A55: sub: Hydrogen Supply | B55: =B$36*'图7-用电量'!C6/SUM('图7-用电量'!C$4:C$9) -> 0.00049179461 | C55: =C$36*'图7-用电量'!D6/SUM('图7-用电量'!D$4:D$9) -> 0.00069351903 | D55: =D$36*'图7-用电量'!E6/SUM('图7-用电量'!E$4:E$9) -> 0.0010187165 | E55: =E$36*'图7-用电量'!F6/SUM('图7-用电量'!F$4:F$9) -> 0.0014113006 | F55: =F$36*'图7-用电量'!G6/SUM('图7-用电量'!G$4:G$9) -> 0.0018981367 | G55: =G$36*'图7-用电量'!H6/SUM('图7-用电量'!H$4:H$9) -> 0.002491294 | H55: =H$36*'图7-用电量'!I6/SUM('图7-用电量'!I$4:I$9) -> 0.0032122562 | I55: =I$36*'图7-用电量'!J6/SUM('图7-用电量'!J$4:J$9) -> 0.0041079074 | ... AM55: =AM$36*'图7-用电量'!AN6/SUM('图7-用电量'!AN$4:AN$9) -> 0.0034484122
A58: From Hydrogen | B58: 2023 | C58: 2024 | D58: 2025 | E58: 2026 | F58: 2027 | G58: 2028 | H58: 2029 | I58: 2030 | J58: 2031 | K58: 2032 | L58: 2033 | M58: 2034 | N58: 2035 | O58: 2036 | P58: 2037 | Q58: 2038 | R58: 2039 | S58: 2040 | T58: 2041 | U58: 2042 | V58: 2043 | W58: 2044 | X58: 2045 | Y58: 2046 | Z58: 2047 | AA58: 2048 | AB58: 2049 | AC58: 2050 | AD58: 2051 | AE58: 2052 | AF58: 2053 | AG58: 2054 | AH58: 2055 | AI58: 2056 | AJ58: 2057 | AK58: 2058 | AL58: 2059 | AM58: 2060
A59: Transportation | B59: =B42 -> 0.02628675 | C59: =C42 -> 0.03819311 | D59: =D42 -> 0.05609264 | E59: =E42 -> 0.0780509 | F59: =F42 -> 0.1050646 | G59: =G42 -> 0.1383316 | H59: =H42 -> 0.1792863 | I59: =I42 -> 0.2300271 | ... AM59: =AM42 -> 1.327186
A60: Electricity | B60: 0 | C60: 0 | D60: 0 | E60: 0 | F60: 0 | G60: 0 | H60: 0 | I60: 0 | J60: 0 | K60: 0 | L60: 0 | M60: 0 | N60: 0 | O60: 0 | P60: 0 | Q60: 0 | R60: 0 | S60: 0 | T60: 0 | U60: 0 | V60: 0 | W60: 0 | X60: 0 | Y60: 0 | Z60: 0 | AA60: 0 | AB60: 0 | AC60: 0 | AD60: 0 | AE60: 0 | AF60: 0 | AG60: 0 | AH60: 0 | AI60: 0 | AJ60: 0 | AK60: 0 | AL60: 0 | AM60: 0
A61: Residential bldg
A62: Commercial bldg
A63: Industry
A64: Heating and hydrogen
A65: sub: District Heating
A66: sub: Hydrogen Supply | B66: 0 | C66: 0 | D66: 0 | E66: 0 | F66: 0 | G66: 0 | H66: 0 | I66: 0 | J66: 0 | K66: 0 | L66: 0 | M66: 0 | N66: 0 | O66: 0 | P66: 0 | Q66: 0 | R66: 0 | S66: 0 | T66: 0 | U66: 0 | V66: 0 | W66: 0 | X66: 0 | Y66: 0 | Z66: 0 | AA66: 0 | AB66: 0 | AC66: 0 | AD66: 0 | AE66: 0 | AF66: 0 | AG66: 0 | AH66: 0 | AI66: 0 | AJ66: 0 | AK66: 0 | AL66: 0 | AM66: 0
A69: From District Heating | B69: 2023 | C69: 2024 | D69: 2025 | E69: 2026 | F69: 2027 | G69: 2028 | H69: 2029 | I69: 2030 | J69: 2031 | K69: 2032 | L69: 2033 | M69: 2034 | N69: 2035 | O69: 2036 | P69: 2037 | Q69: 2038 | R69: 2039 | S69: 2040 | T69: 2041 | U69: 2042 | V69: 2043 | W69: 2044 | X69: 2045 | Y69: 2046 | Z69: 2047 | AA69: 2048 | AB69: 2049 | AC69: 2050 | AD69: 2051 | AE69: 2052 | AF69: 2053 | AG69: 2054 | AH69: 2055 | AI69: 2056 | AJ69: 2057 | AK69: 2058 | AL69: 2059 | AM69: 2060
A70: Transportation
A71: Electricity | B71: 0 | C71: 0 | D71: 0 | E71: 0 | F71: 0 | G71: 0 | H71: 0 | I71: 0 | J71: 0 | K71: 0 | L71: 0 | M71: 0 | N71: 0 | O71: 0 | P71: 0 | Q71: 0 | R71: 0 | S71: 0 | T71: 0 | U71: 0 | V71: 0 | W71: 0 | X71: 0 | Y71: 0 | Z71: 0 | AA71: 0 | AB71: 0 | AC71: 0 | AD71: 0 | AE71: 0 | AF71: 0 | AG71: 0 | AH71: 0 | AI71: 0 | AJ71: 0 | AK71: 0 | AL71: 0 | AM71: 0
A72: Residential bldg | B72: =B41*('图10-供热量'!C5+'图10-供热量'!C6)/SUM('图10-供热量'!C4:C7) -> 1.20629 | C72: =C41*('图10-供热量'!D5+'图10-供热量'!D6)/SUM('图10-供热量'!D4:D7) -> 1.2192292 | D72: =D41*('图10-供热量'!E5+'图10-供热量'!E6)/SUM('图10-供热量'!E4:E7) -> 1.2321073 | E72: =E41*('图10-供热量'!F5+'图10-供热量'!F6)/SUM('图10-供热量'!F4:F7) -> 1.2431852 | F72: =F41*('图10-供热量'!G5+'图10-供热量'!G6)/SUM('图10-供热量'!G4:G7) -> 1.2570627 | G72: =G41*('图10-供热量'!H5+'图10-供热量'!H6)/SUM('图10-供热量'!H4:H7) -> 1.2727981 | H72: =H41*('图10-供热量'!I5+'图10-供热量'!I6)/SUM('图10-供热量'!I4:I7) -> 1.2899421 | I72: =I41*('图10-供热量'!J5+'图10-供热量'!J6)/SUM('图10-供热量'!J4:J7) -> 1.2979379 | ... AM72: =AM41*('图10-供热量'!AN5+'图10-供热量'!AN6)/SUM('图10-供热量'!AN4:AN7) -> 1.4113506
A73: Commercial bldg | B73: =B41*('图10-供热量'!C7)/SUM('图10-供热量'!C4:C7) -> 0.29622817 | C73: =C41*('图10-供热量'!D7)/SUM('图10-供热量'!D4:D7) -> 0.29988494 | D73: =D41*('图10-供热量'!E7)/SUM('图10-供热量'!E4:E7) -> 0.30351912 | E73: =E41*('图10-供热量'!F7)/SUM('图10-供热量'!F4:F7) -> 0.30630286 | F73: =F41*('图10-供热量'!G7)/SUM('图10-供热量'!G4:G7) -> 0.31052442 | G73: =G41*('图10-供热量'!H7)/SUM('图10-供热量'!H4:H7) -> 0.31445601 | H73: =H41*('图10-供热量'!I7)/SUM('图10-供热量'!I4:I7) -> 0.3187357 | I73: =I41*('图10-供热量'!J7)/SUM('图10-供热量'!J4:J7) -> 0.32335909 | ... AM73: =AM41*('图10-供热量'!AN7)/SUM('图10-供热量'!AN4:AN7) -> 0.36755493
A74: Industry | B74: =B41*('图10-供热量'!C4)/SUM('图10-供热量'!C4:C7) -> 4.4734119 | C74: =C41*('图10-供热量'!D4)/SUM('图10-供热量'!D4:D7) -> 4.6062759 | D74: =D41*('图10-供热量'!E4)/SUM('图10-供热量'!E4:E7) -> 4.7446036 | E74: =E41*('图10-供热量'!F4)/SUM('图10-供热量'!F4:F7) -> 4.8508619 | F74: =F41*('图10-供热量'!G4)/SUM('图10-供热量'!G4:G7) -> 4.9529929 | G74: =G41*('图10-供热量'!H4)/SUM('图10-供热量'!H4:H7) -> 5.0458559 | H74: =H41*('图10-供热量'!I4)/SUM('图10-供热量'!I4:I7) -> 5.1466621 | I74: =I41*('图10-供热量'!J4)/SUM('图10-供热量'!J4:J7) -> 5.241703 | ... AM74: =AM41*('图10-供热量'!AN4)/SUM('图10-供热量'!AN4:AN7) -> 4.7537145
A75: Heating and hydrogen | B75: 0 | C75: 0 | D75: 0 | E75: 0 | F75: 0 | G75: 0 | H75: 0 | I75: 0 | J75: 0 | K75: 0 | L75: 0 | M75: 0 | N75: 0 | O75: 0 | P75: 0 | Q75: 0 | R75: 0 | S75: 0 | T75: 0 | U75: 0 | V75: 0 | W75: 0 | X75: 0 | Y75: 0 | Z75: 0 | AA75: 0 | AB75: 0 | AC75: 0 | AD75: 0 | AE75: 0 | AF75: 0 | AG75: 0 | AH75: 0 | AI75: 0 | AJ75: 0 | AK75: 0 | AL75: 0 | AM75: 0
A76: sub: District Heating | B76: 0 | C76: 0 | D76: 0 | E76: 0 | F76: 0 | G76: 0 | H76: 0 | I76: 0 | J76: 0 | K76: 0 | L76: 0 | M76: 0 | N76: 0 | O76: 0 | P76: 0 | Q76: 0 | R76: 0 | S76: 0 | T76: 0 | U76: 0 | V76: 0 | W76: 0 | X76: 0 | Y76: 0 | Z76: 0 | AA76: 0 | AB76: 0 | AC76: 0 | AD76: 0 | AE76: 0 | AF76: 0 | AG76: 0 | AH76: 0 | AI76: 0 | AJ76: 0 | AK76: 0 | AL76: 0 | AM76: 0
A77: sub: Hydrogen Supply | B77: 0 | C77: 0 | D77: 0 | E77: 0 | F77: 0 | G77: 0 | H77: 0 | I77: 0 | J77: 0 | K77: 0 | L77: 0 | M77: 0 | N77: 0 | O77: 0 | P77: 0 | Q77: 0 | R77: 0 | S77: 0 | T77: 0 | U77: 0 | V77: 0 | W77: 0 | X77: 0 | Y77: 0 | Z77: 0 | AA77: 0 | AB77: 0 | AC77: 0 | AD77: 0 | AE77: 0 | AF77: 0 | AG77: 0 | AH77: 0 | AI77: 0 | AJ77: 0 | AK77: 0 | AL77: 0 | AM77: 0

Sheet BAU二氧化碳排放
A1: Time (Year) | B1: 2023 | C1: 2024 | D1: 2025 | E1: 2026 | F1: 2027 | G1: 2028 | H1: 2029 | I1: 2030 | J1: 2031 | K1: 2032 | L1: 2033 | M1: 2034 | N1: 2035 | O1: 2036 | P1: 2037 | Q1: 2038 | R1: 2039 | S1: 2040 | T1: 2041 | U1: 2042 | V1: 2043 | W1: 2044 | X1: 2045 | Y1: 2046 | Z1: 2047 | AA1: 2048 | AB1: 2049 | AC1: 2050 | AD1: 2051 | AE1: 2052 | AF1: 2053 | AG1: 2054 | AH1: 2055 | AI1: 2056 | AJ1: 2057 | AK1: 2058 | AL1: 2059 | AM1: 2060
A2: BAU Total Pollutant Emissions by Sector[transportation sector,CO2] : MostRecentRun | B2: 1.56359e+15 | C2: 1.55767e+15 | D2: 1.55182e+15 | E2: 1.54621e+15 | F2: 1.53937e+15 | G2: 1.53141e+15 | H2: 1.52196e+15 | I2: 1.51044e+15 | J2: 1.4872e+15 | K2: 1.46233e+15 | L2: 1.44024e+15 | M2: 1.41812e+15 | N2: 1.39541e+15 | O2: 1.37744e+15 | P2: 1.35706e+15 | Q2: 1.33216e+15 | R2: 1.31018e+15 | S2: 1.2908e+15 | T2: 1.2679e+15 | U2: 1.24707e+15 | V2: 1.22855e+15 | W2: 1.21227e+15 | X2: 1.19837e+15 | Y2: 1.19008e+15 | Z2: 1.18408e+15 | AA2: 1.18026e+15 | AB2: 1.1775e+15 | AC2: 1.17607e+15 | AD2: 1.17005e+15 | AE2: 1.16487e+15 | AF2: 1.16016e+15 | AG2: 1.15567e+15 | AH2: 1.15136e+15 | AI2: 1.14736e+15 | AJ2: 1.14341e+15 | AK2: 1.13935e+15 | AL2: 1.13531e+15 | AM2: 1.13107e+15
A3: BAU Total Pollutant Emissions by Sector[electricity sector,CO2] : MostRecentRun | B3: 4.12478e+15 | C3: 4.11613e+15 | D3: 4.37221e+15 | E3: 4.58051e+15 | F3: 4.77903e+15 | G3: 4.95852e+15 | H3: 5.11363e+15 | I3: 5.28148e+15 | J3: 5.32857e+15 | K3: 5.36378e+15 | L3: 5.38991e+15 | M3: 5.41081e+15 | N3: 5.30724e+15 | O3: 5.20366e+15 | P3: 5.08351e+15 | Q3: 4.96016e+15 | R3: 4.82869e+15 | S3: 4.68984e+15 | T3: 4.54309e+15 | U3: 4.39025e+15 | V3: 4.23343e+15 | W3: 4.073e+15 | X3: 3.90865e+15 | Y3: 3.74036e+15 | Z3: 3.56864e+15 | AA3: 3.39268e+15 | AB3: 3.2145e+15 | AC3: 3.03485e+15 | AD3: 2.85814e+15 | AE3: 2.67708e+15 | AF3: 2.49737e+15 | AG3: 2.31996e+15 | AH3: 2.14294e+15 | AI3: 1.97071e+15 | AJ3: 1.80155e+15 | AK3: 1.63731e+15 | AL3: 1.48488e+15 | AM3: 1.35207e+15
A4: BAU Total Pollutant Emissions by Sector[residential buildings sector,CO2] : MostRecentRun | B4: 320220000000000 | C4: 320086000000000 | D4: 319575000000000 | E4: 318393000000000 | F4: 317364000000000 | G4: 316948000000000 | H4: 316077000000000 | I4: 315547000000000 | J4: 314655000000000 | K4: 312747000000000 | L4: 312025000000000 | M4: 310026000000000 | N4: 307479000000000 | O4: 304607000000000 | P4: 302808000000000 | Q4: 300963000000000 | R4: 300345000000000 | S4: 297842000000000 | T4: 295276000000000 | U4: 293127000000000 | V4: 290985000000000 | W4: 289517000000000 | X4: 287299000000000 | Y4: 284571000000000 | Z4: 280852000000000 | AA4: 278447000000000 | AB4: 275899000000000 | AC4: 272326000000000 | AD4: 269124000000000 | AE4: 265234000000000 | AF4: 260605000000000 | AG4: 256636000000000 | AH4: 253255000000000 | AI4: 248454000000000 | AJ4: 243623000000000 | AK4: 238871000000000 | AL4: 234056000000000 | AM4: 263523000000000
A5: BAU Total Pollutant Emissions by Sector[commercial buildings sector,CO2] : MostRecentRun | B5: 128319000000000 | C5: 131060000000000 | D5: 133418000000000 | E5: 135142000000000 | F5: 136808000000000 | G5: 138610000000000 | H5: 140341000000000 | I5: 141925000000000 | J5: 143650000000000 | K5: 145194000000000 | L5: 146737000000000 | M5: 148339000000000 | N5: 149636000000000 | O5: 150053000000000 | P5: 150620000000000 | Q5: 151111000000000 | R5: 151755000000000 | S5: 152087000000000 | T5: 152087000000000 | U5: 152087000000000 | V5: 152113000000000 | W5: 152113000000000 | X5: 151961000000000 | Y5: 151714000000000 | Z5: 151176000000000 | AA5: 150920000000000 | AB5: 150512000000000 | AC5: 149979000000000 | AD5: 149072000000000 | AE5: 148192000000000 | AF5: 147396000000000 | AG5: 146428000000000 | AH5: 145463000000000 | AI5: 144182000000000 | AJ5: 142913000000000 | AK5: 141614000000000 | AL5: 140342000000000 | AM5: 158751000000000
A6: BAU Total Pollutant Emissions by Sector[industry sector,CO2] : MostRecentRun | B6: 4.26291e+15 | C6: 4.26478e+15 | D6: 4.40176e+15 | E6: 4.43171e+15 | F6: 4.45878e+15 | G6: 4.47937e+15 | H6: 4.49566e+15 | I6: 4.51935e+15 | J6: 4.4912e+15 | K6: 4.46503e+15 | L6: 4.43891e+15 | M6: 4.42273e+15 | N6: 4.39809e+15 | O6: 4.36052e+15 | P6: 4.31101e+15 | Q6: 4.26965e+15 | R6: 4.22902e+15 | S6: 4.18747e+15 | T6: 4.12722e+15 | U6: 4.06865e+15 | V6: 4.00771e+15 | W6: 3.94801e+15 | X6: 3.88752e+15 | Y6: 3.83607e+15 | Z6: 3.77492e+15 | AA6: 3.72291e+15 | AB6: 3.66459e+15 | AC6: 3.6062e+15 | AD6: 3.55176e+15 | AE6: 3.49628e+15 | AF6: 3.43837e+15 | AG6: 3.38213e+15 | AH6: 3.3237e+15 | AI6: 3.27666e+15 | AJ6: 3.23109e+15 | AK6: 3.18295e+15 | AL6: 3.13373e+15 | AM6: 3.08161e+15
A7: BAU Total Pollutant Emissions by Sector[district heat and hydrogen sector,CO2] : MostRecentRun | B7: 600222000000000 | C7: 616358000000000 | D7: 633633000000000 | E7: 647841000000000 | F7: 662564000000000 | G7: 677144000000000 | H7: 693462000000000 | I7: 709302000000000 | J7: 721879000000000 | K7: 735863000000000 | L7: 744552000000000 | M7: 752828000000000 | N7: 761290000000000 | O7: 763774000000000 | P7: 766685000000000 | Q7: 769942000000000 | R7: 772370000000000 | S7: 775623000000000 | T7: 776438000000000 | U7: 775766000000000 | V7: 776644000000000 | W7: 777723000000000 | X7: 778102000000000 | Y7: 777035000000000 | Z7: 777592000000000 | AA7: 776772000000000 | AB7: 776016000000000 | AC7: 776710000000000 | AD7: 774519000000000 | AE7: 773040000000000 | AF7: 771675000000000 | AG7: 770594000000000 | AH7: 768535000000000 | AI7: 767628000000000 | AJ7: 766836000000000 | AK7: 765412000000000 | AL7: 764118000000000 | AM7: 784891000000000
A8: BAU Total Pollutant Emissions by Sector[LULUCF sector,CO2] : MostRecentRun | B8: -434000000000000 | C8: -434000000000000 | D8: -434000000000000 | E8: -434000000000000 | F8: -434000000000000 | G8: -434000000000000 | H8: -434000000000000 | I8: -434000000000000 | J8: -434000000000000 | K8: -434000000000000 | L8: -434000000000000 | M8: -434000000000000 | N8: -434000000000000 | O8: -434000000000000 | P8: -434000000000000 | Q8: -434000000000000 | R8: -434000000000000 | S8: -434000000000000 | T8: -434000000000000 | U8: -434000000000000 | V8: -434000000000000 | W8: -434000000000000 | X8: -434000000000000 | Y8: -434000000000000 | Z8: -434000000000000 | AA8: -434000000000000 | AB8: -434000000000000 | AC8: -434000000000000 | AD8: -434000000000000 | AE8: -434000000000000 | AF8: -434000000000000 | AG8: -434000000000000 | AH8: -434000000000000 | AI8: -434000000000000 | AJ8: -434000000000000 | AK8: -434000000000000 | AL8: -434000000000000 | AM8: -434000000000000
A9: BAU Total Pollutant Emissions by Sector[geoengineering sector,CO2] : MostRecentRun | B9: 0 | C9: 0 | D9: 0 | E9: 0 | F9: 0 | G9: 0 | H9: 0 | I9: 0 | J9: 0 | K9: 0 | L9: 0 | M9: 0 | N9: 0 | O9: 0 | P9: 0 | Q9: 0 | R9: 0 | S9: 0 | T9: 0 | U9: 0 | V9: 0 | W9: 0 | X9: 0 | Y9: 0 | Z9: 0 | AA9: 0 | AB9: 0 | AC9: 0 | AD9: 0 | AE9: 0 | AF9: 0 | AG9: 0 | AH9: 0 | AI9: 0 | AJ9: 0 | AK9: 0 | AL9: 0 | AM9: 0
A11: Time (Year) | B11: 2023 | C11: 2024 | D11: 2025 | E11: 2026 | F11: 2027 | G11: 2028 | H11: 2029 | I11: 2030 | J11: 2031 | K11: 2032 | L11: 2033 | M11: 2034 | N11: 2035 | O11: 2036 | P11: 2037 | Q11: 2038 | R11: 2039 | S11: 2040 | T11: 2041 | U11: 2042 | V11: 2043 | W11: 2044 | X11: 2045 | Y11: 2046 | Z11: 2047 | AA11: 2048 | AB11: 2049 | AC11: 2050 | AD11: 2051 | AE11: 2052 | AF11: 2053 | AG11: 2054 | AH11: 2055 | AI11: 2056 | AJ11: 2057 | AK11: 2058 | AL11: 2059 | AM11: 2060
A12: BAU District Heating Pollutant Emissions Summed Across Fuels[CO2] : MostRecentRun | B12: 597593000000000 | C12: 612539000000000 | D12: 628023000000000 | E12: 640035000000000 | F12: 652058000000000 | G12: 663311000000000 | H12: 675533000000000 | I12: 686299000000000 | J12: 693027000000000 | K12: 699820000000000 | L12: 705671000000000 | M12: 711419000000000 | N12: 717784000000000 | O12: 718042000000000 | P12: 718609000000000 | Q12: 719268000000000 | R12: 718940000000000 | S12: 719300000000000 | T12: 717424000000000 | U12: 713956000000000 | V12: 711913000000000 | W12: 709937000000000 | X12: 707142000000000 | Y12: 702765000000000 | Z12: 699922000000000 | AA12: 695555000000000 | AB12: 691164000000000 | AC12: 688098000000000 | AD12: 682347000000000 | AE12: 677197000000000 | AF12: 672022000000000 | AG12: 666981000000000 | AH12: 660769000000000 | AI12: 655551000000000 | AJ12: 650225000000000 | AK12: 644050000000000 | AL12: 637762000000000 | AM12: 653261000000000
A14: Time (Year) | B14: 2023 | C14: 2024 | D14: 2025 | E14: 2026 | F14: 2027 | G14: 2028 | H14: 2029 | I14: 2030 | J14: 2031 | K14: 2032 | L14: 2033 | M14: 2034 | N14: 2035 | O14: 2036 | P14: 2037 | Q14: 2038 | R14: 2039 | S14: 2040 | T14: 2041 | U14: 2042 | V14: 2043 | W14: 2044 | X14: 2045 | Y14: 2046 | Z14: 2047 | AA14: 2048 | AB14: 2049 | AC14: 2050 | AD14: 2051 | AE14: 2052 | AF14: 2053 | AG14: 2054 | AH14: 2055 | AI14: 2056 | AJ14: 2057 | AK14: 2058 | AL14: 2059 | AM14: 2060
... A56: BAU Process Emissions after CCS[construction 41T43,CO2] : MostRecentRun | B56: 0 | C56: 0 | D56: 0 | E56: 0 | F56: 0 | G56: 0 | H56: 0 | I56: 0 | J56: 0 | K56: 0 | L56: 0 | M56: 0 | N56: 0 | O56: 0 | P56: 0 | Q56: 0 | R56: 0 | S56: 0 | T56: 0 | U56: 0 | V56: 0 | W56: 0 | X56: 0 | Y56: 0 | Z56: 0 | AA56: 0 | AB56: 0 | AC56: 0 | AD56: 0 | AE56: 0 | AF56: 0 | AG56: 0 | AH56: 0 | AI56: 0 | AJ56: 0 | AK56: 0 | AL56: 0 | AM56: 0

Sheet 二氧化碳排放
A1: Time (Year) | B1: 2023 | C1: 2024 | D1: 2025 | E1: 2026 | F1: 2027 | G1: 2028 | H1: 2029 | I1: 2030 | J1: 2031 | K1: 2032 | L1: 2033 | M1: 2034 | N1: 2035 | O1: 2036 | P1: 2037 | Q1: 2038 | R1: 2039 | S1: 2040 | T1: 2041 | U1: 2042 | V1: 2043 | W1: 2044 | X1: 2045 | Y1: 2046 | Z1: 2047 | AA1: 2048 | AB1: 2049 | AC1: 2050 | AD1: 2051 | AE1: 2052 | AF1: 2053 | AG1: 2054 | AH1: 2055 | AI1: 2056 | AJ1: 2057 | AK1: 2058 | AL1: 2059 | AM1: 2060
A2: Total Pollutant Emissions by Sector[transportation sector,CO2] : MostRecentRun | B2: 1.56359e+15 | C2: 1.55767e+15 | D2: 1.55182e+15 | E2: 1.54621e+15 | F2: 1.53937e+15 | G2: 1.53141e+15 | H2: 1.52196e+15 | I2: 1.51044e+15 | J2: 1.4872e+15 | K2: 1.46233e+15 | L2: 1.44024e+15 | M2: 1.41813e+15 | N2: 1.39541e+15 | O2: 1.37745e+15 | P2: 1.35706e+15 | Q2: 1.33217e+15 | R2: 1.31018e+15 | S2: 1.29081e+15 | T2: 1.2679e+15 | U2: 1.24707e+15 | V2: 1.22855e+15 | W2: 1.21227e+15 | X2: 1.19837e+15 | Y2: 1.19008e+15 | Z2: 1.18407e+15 | AA2: 1.18026e+15 | AB2: 1.1775e+15 | AC2: 1.17606e+15 | AD2: 1.17004e+15 | AE2: 1.16487e+15 | AF2: 1.16016e+15 | AG2: 1.15566e+15 | AH2: 1.15135e+15 | AI2: 1.14736e+15 | AJ2: 1.14339e+15 | AK2: 1.13937e+15 | AL2: 1.13524e+15 | AM2: 1.13117e+15
A3: Total Pollutant Emissions by Sector[electricity sector,CO2] : MostRecentRun | B3: 4.12478e+15 | C3: 4.11613e+15 | D3: 4.37224e+15 | E3: 4.58054e+15 | F3: 4.77911e+15 | G3: 4.95862e+15 | H3: 5.11375e+15 | I3: 5.28159e+15 | J3: 5.32866e+15 | K3: 5.36389e+15 | L3: 5.39001e+15 | M3: 5.41082e+15 | N3: 5.30724e+15 | O3: 5.20366e+15 | P3: 5.08351e+15 | Q3: 4.96016e+15 | R3: 4.8287e+15 | S3: 4.68984e+15 | T3: 4.5431e+15 | U3: 4.39018e+15 | V3: 4.23343e+15 | W3: 4.073e+15 | X3: 3.90865e+15 | Y3: 3.74036e+15 | Z3: 3.56865e+15 | AA3: 3.39269e+15 | AB3: 3.21451e+15 | AC3: 3.03485e+15 | AD3: 2.85814e+15 | AE3: 2.67708e+15 | AF3: 2.49737e+15 | AG3: 2.31997e+15 | AH3: 2.14294e+15 | AI3: 1.97072e+15 | AJ3: 1.80155e+15 | AK3: 1.63731e+15 | AL3: 1.48493e+15 | AM3: 1.35208e+15
A4: Total Pollutant Emissions by Sector[residential buildings sector,CO2] : MostRecentRun | B4: 320220000000000 | C4: 320086000000000 | D4: 319575000000000 | E4: 318393000000000 | F4: 317364000000000 | G4: 316948000000000 | H4: 316077000000000 | I4: 315547000000000 | J4: 314655000000000 | K4: 312747000000000 | L4: 312025000000000 | M4: 310026000000000 | N4: 307479000000000 | O4: 304607000000000 | P4: 302808000000000 | Q4: 300963000000000 | R4: 300345000000000 | S4: 297842000000000 | T4: 295276000000000 | U4: 293127000000000 | V4: 290985000000000 | W4: 289517000000000 | X4: 287299000000000 | Y4: 284571000000000 | Z4: 280852000000000 | AA4: 278447000000000 | AB4: 275899000000000 | AC4: 272326000000000 | AD4: 269124000000000 | AE4: 265234000000000 | AF4: 260605000000000 | AG4: 256636000000000 | AH4: 253255000000000 | AI4: 248454000000000 | AJ4: 243623000000000 | AK4: 238871000000000 | AL4: 234056000000000 | AM4: 263523000000000
A5: Total Pollutant Emissions by Sector[commercial buildings sector,CO2] : MostRecentRun | B5: 128319000000000 | C5: 131060000000000 | D5: 133418000000000 | E5: 135142000000000 | F5: 136808000000000 | G5: 138610000000000 | H5: 140341000000000 | I5: 141925000000000 | J5: 143650000000000 | K5: 145194000000000 | L5: 146737000000000 | M5: 148339000000000 | N5: 149636000000000 | O5: 150053000000000 | P5: 150620000000000 | Q5: 151111000000000 | R5: 151755000000000 | S5: 152087000000000 | T5: 152087000000000 | U5: 152087000000000 | V5: 152113000000000 | W5: 152113000000000 | X5: 151961000000000 | Y5: 151714000000000 | Z5: 151176000000000 | AA5: 150920000000000 | AB5: 150512000000000 | AC5: 149979000000000 | AD5: 149072000000000 | AE5: 148192000000000 | AF5: 147396000000000 | AG5: 146428000000000 | AH5: 145463000000000 | AI5: 144182000000000 | AJ5: 142913000000000 | AK5: 141614000000000 | AL5: 140342000000000 | AM5: 158751000000000
A6: Total Pollutant Emissions by Sector[industry sector,CO2] : MostRecentRun | B6: 4.26291e+15 | C6: 4.26478e+15 | D6: 4.40176e+15 | E6: 4.43171e+15 | F6: 4.45878e+15 | G6: 4.47938e+15 | H6: 4.49567e+15 | I6: 4.51937e+15 | J6: 4.49122e+15 | K6: 4.46505e+15 | L6: 4.43893e+15 | M6: 4.42276e+15 | N6: 4.39811e+15 | O6: 4.36055e+15 | P6: 4.31104e+15 | Q6: 4.26967e+15 | R6: 4.22904e+15 | S6: 4.1875e+15 | T6: 4.12725e+15 | U6: 4.06868e+15 | V6: 4.00774e+15 | W6: 3.94804e+15 | X6: 3.88754e+15 | Y6: 3.8361e+15 | Z6: 3.77495e+15 | AA6: 3.72294e+15 | AB6: 3.66462e+15 | AC6: 3.60623e+15 | AD6: 3.55179e+15 | AE6: 3.4963e+15 | AF6: 3.43839e+15 | AG6: 3.38215e+15 | AH6: 3.32372e+15 | AI6: 3.27668e+15 | AJ6: 3.23111e+15 | AK6: 3.18297e+15 | AL6: 3.13375e+15 | AM6: 3.08162e+15
A7: Total Pollutant Emissions by Sector[district heat and hydrogen sector,CO2] : MostRecentRun | B7: 600222000000000 | C7: 616358000000000 | D7: 633633000000000 | E7: 647841000000000 | F7: 662564000000000 | G7: 677144000000000 | H7: 693463000000000 | I7: 709303000000000 | J7: 721881000000000 | K7: 735865000000000 | L7: 744554000000000 | M7: 752830000000000 | N7: 761292000000000 | O7: 763776000000000 | P7: 766688000000000 | Q7: 769945000000000 | R7: 772373000000000 | S7: 775626000000000 | T7: 776440000000000 | U7: 775769000000000 | V7: 776647000000000 | W7: 777727000000000 | X7: 778104000000000 | Y7: 777039000000000 | Z7: 777593000000000 | AA7: 776778000000000 | AB7: 776016000000000 | AC7: 776717000000000 | AD7: 774516000000000 | AE7: 773053000000000 | AF7: 771663000000000 | AG7: 770624000000000 | AH7: 768493000000000 | AI7: 767711000000000 | AJ7: 766694000000000 | AK7: 765690000000000 | AL7: 763611000000000 | AM7: 785980000000000
A8: Total Pollutant Emissions by Sector[LULUCF sector,CO2] : MostRecentRun | B8: -434000000000000 | C8: -434000000000000 | D8: -434000000000000 | E8: -434000000000000 | F8: -434000000000000 | G8: -434000000000000 | H8: -434000000000000 | I8: -434000000000000 | J8: -434000000000000 | K8: -434000000000000 | L8: -434000000000000 | M8: -434000000000000 | N8: -434000000000000 | O8: -434000000000000 | P8: -434000000000000 | Q8: -434000000000000 | R8: -434000000000000 | S8: -434000000000000 | T8: -434000000000000 | U8: -434000000000000 | V8: -434000000000000 | W8: -434000000000000 | X8: -434000000000000 | Y8: -434000000000000 | Z8: -434000000000000 | AA8: -434000000000000 | AB8: -434000000000000 | AC8: -434000000000000 | AD8: -434000000000000 | AE8: -434000000000000 | AF8: -434000000000000 | AG8: -434000000000000 | AH8: -434000000000000 | AI8: -434000000000000 | AJ8: -434000000000000 | AK8: -434000000000000 | AL8: -434000000000000 | AM8: -434000000000000
A9: Total Pollutant Emissions by Sector[geoengineering sector,CO2] : MostRecentRun | B9: 0 | C9: 0 | D9: 0 | E9: 0 | F9: 0 | G9: 0 | H9: 0 | I9: 0 | J9: 0 | K9: 0 | L9: 0 | M9: 0 | N9: 0 | O9: 0 | P9: 0 | Q9: 0 | R9: 0 | S9: 0 | T9: 0 | U9: 0 | V9: 0 | W9: 0 | X9: 0 | Y9: 0 | Z9: 0 | AA9: 0 | AB9: 0 | AC9: 0 | AD9: 0 | AE9: 0 | AF9: 0 | AG9: 0 | AH9: 0 | AI9: 0 | AJ9: 0 | AK9: 0 | AL9: 0 | AM9: 0
A11: Time (Year) | B11: 2023 | C11: 2024 | D11: 2025 | E11: 2026 | F11: 2027 | G11: 2028 | H11: 2029 | I11: 2030 | J11: 2031 | K11: 2032 | L11: 2033 | M11: 2034 | N11: 2035 | O11: 2036 | P11: 2037 | Q11: 2038 | R11: 2039 | S11: 2040 | T11: 2041 | U11: 2042 | V11: 2043 | W11: 2044 | X11: 2045 | Y11: 2046 | Z11: 2047 | AA11: 2048 | AB11: 2049 | AC11: 2050 | AD11: 2051 | AE11: 2052 | AF11: 2053 | AG11: 2054 | AH11: 2055 | AI11: 2056 | AJ11: 2057 | AK11: 2058 | AL11: 2059 | AM11: 2060
A12: District Heating Pollutant Emissions Summed Across Fuels[CO2] : MostRecentRun | B12: 597593000000000 | C12: 612539000000000 | D12: 628023000000000 | E12: 640035000000000 | F12: 652058000000000 | G12: 663311000000000 | H12: 675534000000000 | I12: 686300000000000 | J12: 693028000000000 | K12: 699822000000000 | L12: 705673000000000 | M12: 711421000000000 | N12: 717786000000000 | O12: 718044000000000 | P12: 718612000000000 | Q12: 719271000000000 | R12: 718943000000000 | S12: 719303000000000 | T12: 717427000000000 | U12: 713959000000000 | V12: 711917000000000 | W12: 709941000000000 | X12: 707145000000000 | Y12: 702769000000000 | Z12: 699925000000000 | AA12: 695558000000000 | AB12: 691167000000000 | AC12: 688101000000000 | AD12: 682351000000000 | AE12: 677200000000000 | AF12: 672025000000000 | AG12: 666984000000000 | AH12: 660772000000000 | AI12: 655554000000000 | AJ12: 650228000000000 | AK12: 644053000000000 | AL12: 637766000000000 | AM12: 653262000000000
A14: Time (Year) | B14: 2023 | C14: 2024 | D14: 2025 | E14: 2026 | F14: 2027 | G14: 2028 | H14: 2029 | I14: 2030 | J14: 2031 | K14: 2032 | L14: 2033 | M14: 2034 | N14: 2035 | O14: 2036 | P14: 2037 | Q14: 2038 | R14: 2039 | S14: 2040 | T14: 2041 | U14: 2042 | V14: 2043 | W14: 2044 | X14: 2045 | Y14: 2046 | Z14: 2047 | AA14: 2048 | AB14: 2049 | AC14: 2050 | AD14: 2051 | AE14: 2052 | AF14: 2053 | AG14: 2054 | AH14: 2055 | AI14: 2056 | AJ14: 2057 | AK14: 2058 | AL14: 2059 | AM14: 2060
... A56: Process Emissions after CCS[construction 41T43,CO2] : MostRecentRun | B56: 0 | C56: 0 | D56: 0 | E56: 0 | F56: 0 | G56: 0 | H56: 0 | I56: 0 | J56: 0 | K56: 0 | L56: 0 | M56: 0 | N56: 0 | O56: 0 | P56: 0 | Q56: 0 | R56: 0 | S56: 0 | T56: 0 | U56: 0 | V56: 0 | W56: 0 | X56: 0 | Y56: 0 | Z56: 0 | AA56: 0 | AB56: 0 | AC56: 0 | AD56: 0 | AE56: 0 | AF56: 0 | AG56: 0 | AH56: 0 | AI56: 0 | AJ56: 0 | AK56: 0 | AL56: 0 | AM56: 0

Sheet 图3，4-一次能源消费量
A1: vehicle type | C1: display unit | D1: btu | E1: 万吨标煤 | G1: Primary Energy Use by Sector | K1: Total Primary Energy Use by Fuel
A2: passenger | D2: 1 | E2: 3.6008786e-12 | G2: 分部门一次能源消费量 | K2: 分品种一次能源消费量
C3: 2023 | D3: =C3+1 -> 2024 | E3: =D3+1 -> 2025 | F3: =E3+1 -> 2026 | G3: =F3+1 -> 2027 | H3: =G3+1 -> 2028 | I3: =H3+1 -> 2029 | J3: =I3+1 -> 2030 | K3: =J3+1 -> 2031 | ... AN3: =AM3+1 -> 2060
A4: Transportation | B4: =VLOOKUP(A4,$J$30:$K$38,2,FALSE) -> 交通部门 | C4: =SUMIFS(一次燃料消费!D:D,一次燃料消费!$A:$A,$A4)*$E$2 -> 75662.667 | D4: =SUMIFS(一次燃料消费!E:E,一次燃料消费!$A:$A,'图3，4-一次能源消费量'!$A4)*$E$2 -> 75376.362 | E4: =SUMIFS(一次燃料消费!F:F,一次燃料消费!$A:$A,'图3，4-一次能源消费量'!$A4)*$E$2 -> 75091.574 | F4: =SUMIFS(一次燃料消费!G:G,一次燃料消费!$A:$A,'图3，4-一次能源消费量'!$A4)*$E$2 -> 74820.203 | G4: =SUMIFS(一次燃料消费!H:H,一次燃料消费!$A:$A,'图3，4-一次能源消费量'!$A4)*$E$2 -> 74490.94 | H4: =SUMIFS(一次燃料消费!I:I,一次燃料消费!$A:$A,'图3，4-一次能源消费量'!$A4)*$E$2 -> 74109.376 | I4: =SUMIFS(一次燃料消费!J:J,一次燃料消费!$A:$A,'图3，4-一次能源消费量'!$A4)*$E$2 -> 73658.309 | J4: =SUMIFS(一次燃料消费!K:K,一次燃料消费!$A:$A,'图3，4-一次能源消费量'!$A4)*$E$2 -> 73109.321 | K4: =SUMIFS(一次燃料消费!L:L,一次燃料消费!$A:$A,'图3，4-一次能源消费量'!$A4)*$E$2 -> 71986.918 | L4: =SUMIFS(一次燃料消费!M:M,一次燃料消费!$A:$A,'图3，4-一次能源消费量'!$A4)*$E$2 -> 70790.02 | M4: =SUMIFS(一次燃料消费!N:N,一次燃料消费!$A:$A,'图3，4-一次能源消费量'!$A4)*$E$2 -> 69719.303 | N4: =SUMIFS(一次燃料消费!O:O,一次燃料消费!$A:$A,'图3，4-一次能源消费量'!$A4)*$E$2 -> 68656.192 | O4: =SUMIFS(一次燃料消费!P:P,一次燃料消费!$A:$A,'图3，4-一次能源消费量'!$A4)*$E$2 -> 67572.44 | P4: =SUMIFS(一次燃料消费!Q:Q,一次燃料消费!$A:$A,'图3，4-一次能源消费量'!$A4)*$E$2 -> 66720.993 | Q4: =SUMIFS(一次燃料消费!R:R,一次燃料消费!$A:$A,'图3，4-一次能源消费量'!$A4)*$E$2 -> 65754.543 | R4: =SUMIFS(一次燃料消费!S:S,一次燃料消费!$A:$A,'图3，4-一次能源消费量'!$A4)*$E$2 -> 64575.215 | S4: =SUMIFS(一次燃料消费!T:T,一次燃料消费!$A:$A,'图3，4-一次能源消费量'!$A4)*$E$2 -> 63540.135 | T4: =SUMIFS(一次燃料消费!U:U,一次燃料消费!$A:$A,'图3，4-一次能源消费量'!$A4)*$E$2 -> 62634.079 | U4: =SUMIFS(一次燃料消费!V:V,一次燃料消费!$A:$A,'图3，4-一次能源消费量'!$A4)*$E$2 -> 61561.82 | V4: =SUMIFS(一次燃料消费!W:W,一次燃料消费!$A:$A,'图3，4-一次能源消费量'!$A4)*$E$2 -> 60593.126 | W4: =SUMIFS(一次燃料消费!X:X,一次燃料消费!$A:$A,'图3，4-一次能源消费量'!$A4)*$E$2 -> 59738.353 | X4: =SUMIFS(一次燃料消费!Y:Y,一次燃料消费!$A:$A,'图3，4-一次能源消费量'!$A4)*$E$2 -> 58995.466 | Y4: =SUMIFS(一次燃料消费!Z:Z,一次燃料消费!$A:$A,'图3，4-一次能源消费量'!$A4)*$E$2 -> 58368.741 | Z4: =SUMIFS(一次燃料消费!AA:AA,一次燃料消费!$A:$A,'图3，4-一次能源消费量'!$A4)*$E$2 -> 58011.663 | AA4: =SUMIFS(一次燃料消费!AB:AB,一次燃料消费!$A:$A,'图3，4-一次能源消费量'!$A4)*$E$2 -> 57766.13 | AB4: =SUMIFS(一次燃料消费!AC:AC,一次燃料消费!$A:$A,'图3，4-一次能源消费量'!$A4)*$E$2 -> 57626.193 | AC4: =SUMIFS(一次燃料消费!AD:AD,一次燃料消费!$A:$A,'图3，4-一次能源消费量'!$A4)*$E$2 -> 57537.809 | AD4: =SUMIFS(一次燃料消费!AE:AE,一次燃料消费!$A:$A,'图3，4-一次能源消费量'!$A4)*$E$2 -> 57512.164 | AE4: =SUMIFS(一次燃料消费!AF:AF,一次燃料消费!$A:$A,'图3，4-一次能源消费量'!$A4)*$E$2 -> 57262.504 | AF4: =SUMIFS(一次燃料消费!AG:AG,一次燃料消费!$A:$A,'图3，4-一次能源消费量'!$A4)*$E$2 -> 57052.238 | AG4: =SUMIFS(一次燃料消费!AH:AH,一次燃料消费!$A:$A,'图3，4-一次能源消费量'!$A4)*$E$2 -> 56862.533 | AH4: =SUMIFS(一次燃料消费!AI:AI,一次燃料消费!$A:$A,'图3，4-一次能源消费量'!$A4)*$E$2 -> 56682.237 | AI4: =SUMIFS(一次燃料消费!AJ:AJ,一次燃料消费!$A:$A,'图3，4-一次能源消费量'!$A4)*$E$2 -> 56511.494 | AJ4: =SUMIFS(一次燃料消费!AK:AK,一次燃料消费!$A:$A,'图3，4-一次能源消费量'!$A4)*$E$2 -> 56353.311 | AK4: =SUMIFS(一次燃料消费!AL:AL,一次燃料消费!$A:$A,'图3，4-一次能源消费量'!$A4)*$E$2 -> 56195.956 | AL4: =SUMIFS(一次燃料消费!AM:AM,一次燃料消费!$A:$A,'图3，4-一次能源消费量'!$A4)*$E$2 -> 56036.016 | AM4: =SUMIFS(一次燃料消费!AN:AN,一次燃料消费!$A:$A,'图3，4-一次能源消费量'!$A4)*$E$2 -> 55869.907 | AN4: =SUMIFS(一次燃料消费!AO:AO,一次燃料消费!$A:$A,'图3，4-一次能源消费量'!$A4)*$E$2 -> 55706.672
A5: electricity | B5: =VLOOKUP(A5,$J$30:$K$38,2,FALSE) -> 电力部门 | C5: =SUMIFS(一次燃料消费!D:D,一次燃料消费!$A:$A,$A5)*$E$2+C47+C49+C53+C59+C66 -> 271862.85 | D5: =SUMIFS(一次燃料消费!E:E,一次燃料消费!$A:$A,$A5)*$E$2+D47+D49+D53+D59+D66 -> 275883.01 | E5: =SUMIFS(一次燃料消费!F:F,一次燃料消费!$A:$A,$A5)*$E$2+E47+E49+E53+E59+E66 -> 291278.95 | F5: =SUMIFS(一次燃料消费!G:G,一次燃料消费!$A:$A,$A5)*$E$2+F47+F49+F53+F59+F66 -> 305068.76 | G5: =SUMIFS(一次燃料消费!H:H,一次燃料消费!$A:$A,$A5)*$E$2+G47+G49+G53+G59+G66 -> 318752.43 | H5: =SUMIFS(一次燃料消费!I:I,一次燃料消费!$A:$A,$A5)*$E$2+H47+H49+H53+H59+H66 -> 331138.22 | I5: =SUMIFS(一次燃料消费!J:J,一次燃料消费!$A:$A,$A5)*$E$2+I47+I49+I53+I59+I66 -> 342425.64 | J5: =SUMIFS(一次燃料消费!K:K,一次燃料消费!$A:$A,$A5)*$E$2+J47+J49+J53+J59+J66 -> 354129.85 | K5: =SUMIFS(一次燃料消费!L:L,一次燃料消费!$A:$A,$A5)*$E$2+K47+K49+K53+K59+K66 -> 364158.39 | L5: =SUMIFS(一次燃料消费!M:M,一次燃料消费!$A:$A,$A5)*$E$2+L47+L49+L53+L59+L66 -> 374954.63 | M5: =SUMIFS(一次燃料消费!N:N,一次燃料消费!$A:$A,$A5)*$E$2+M47+M49+M53+M59+M66 -> 386271.1 | N5: =SUMIFS(一次燃料消费!O:O,一次燃料消费!$A:$A,$A5)*$E$2+N47+N49+N53+N59+N66 -> 397398.91 | O5: =SUMIFS(一次燃料消费!P:P,一次燃料消费!$A:$A,$A5)*$E$2+O47+O49+O53+O59+O66 -> 408981.75 | P5: =SUMIFS(一次燃料消费!Q:Q,一次燃料消费!$A:$A,$A5)*$E$2+P47+P49+P53+P59+P66 -> 419249.39 | Q5: =SUMIFS(一次燃料消费!R:R,一次燃料消费!$A:$A,$A5)*$E$2+Q47+Q49+Q53+Q59+Q66 -> 430280.55 | R5: =SUMIFS(一次燃料消费!S:S,一次燃料消费!$A:$A,$A5)*$E$2+R47+R49+R53+R59+R66 -> 442125.66 | S5: =SUMIFS(一次燃料消费!T:T,一次燃料消费!$A:$A,$A5)*$E$2+S47+S49+S53+S59+S66 -> 454367.3 | T5: =SUMIFS(一次燃料消费!U:U,一次燃料消费!$A:$A,$A5)*$E$2+T47+T49+T53+T59+T66 -> 466756.94 | U5: =SUMIFS(一次燃料消费!V:V,一次燃料消费!$A:$A,$A5)*$E$2+U47+U49+U53+U59+U66 -> 478348.03 | V5: =SUMIFS(一次燃料消费!W:W,一次燃料消费!$A:$A,$A5)*$E$2+V47+V49+V53+V59+V66 -> 490206.74 | W5: =SUMIFS(一次燃料消费!X:X,一次燃料消费!$A:$A,$A5)*$E$2+W47+W49+W53+W59+W66 -> 501520.02 | X5: =SUMIFS(一次燃料消费!Y:Y,一次燃料消费!$A:$A,$A5)*$E$2+X47+X49+X53+X59+X66 -> 512867.73 | Y5: =SUMIFS(一次燃料消费!Z:Z,一次燃料消费!$A:$A,$A5)*$E$2+Y47+Y49+Y53+Y59+Y66 -> 523802.81 | Z5: =SUMIFS(一次燃料消费!AA:AA,一次燃料消费!$A:$A,$A5)*$E$2+Z47+Z49+Z53+Z59+Z66 -> 534323.34 | AA5: =SUMIFS(一次燃料消费!AB:AB,一次燃料消费!$A:$A,$A5)*$E$2+AA47+AA49+AA53+AA59+AA66 -> 544423.09 | AB5: =SUMIFS(一次燃料消费!AC:AC,一次燃料消费!$A:$A,$A5)*$E$2+AB47+AB49+AB53+AB59+AB66 -> 554663.94 | AC5: =SUMIFS(一次燃料消费!AD:AD,一次燃料消费!$A:$A,$A5)*$E$2+AC47+AC49+AC53+AC59+AC66 -> 562888.22 | AD5: =SUMIFS(一次燃料消费!AE:AE,一次燃料消费!$A:$A,$A5)*$E$2+AD47+AD49+AD53+AD59+AD66 -> 571679.5 | AE5: =SUMIFS(一次燃料消费!AF:AF,一次燃料消费!$A:$A,$A5)*$E$2+AE47+AE49+AE53+AE59+AE66 -> 578895.9 | AF5: =SUMIFS(一次燃料消费!AG:AG,一次燃料消费!$A:$A,$A5)*$E$2+AF47+AF49+AF53+AF59+AF66 -> 584816.36 | AG5: =SUMIFS(一次燃料消费!AH:AH,一次燃料消费!$A:$A,$A5)*$E$2+AG47+AG49+AG53+AG59+AG66 -> 590909.42 | AH5: =SUMIFS(一次燃料消费!AI:AI,一次燃料消费!$A:$A,$A5)*$E$2+AH47+AH49+AH53+AH59+AH66 -> 595725.62 | AI5: =SUMIFS(一次燃料消费!AJ:AJ,一次燃料消费!$A:$A,$A5)*$E$2+AI47+AI49+AI53+AI59+AI66 -> 600188.8 | AJ5: =SUMIFS(一次燃料消费!AK:AK,一次燃料消费!$A:$A,$A5)*$E$2+AJ47+AJ49+AJ53+AJ59+AJ66 -> 603528.34 | AK5: =SUMIFS(一次燃料消费!AL:AL,一次燃料消费!$A:$A,$A5)*$E$2+AK47+AK49+AK53+AK59+AK66 -> 605967.24 | AL5: =SUMIFS(一次燃料消费!AM:AM,一次燃料消费!$A:$A,$A5)*$E$2+AL47+AL49+AL53+AL59+AL66 -> 606974.15 | AM5: =SUMIFS(一次燃料消费!AN:AN,一次燃料消费!$A:$A,$A5)*$E$2+AM47+AM49+AM53+AM59+AM66 -> 607208.82 | AN5: =SUMIFS(一次燃料消费!AO:AO,一次燃料消费!$A:$A,$A5)*$E$2+AN47+AN49+AN53+AN59+AN66 -> 616390.41
A6: residential | B6: =VLOOKUP(A6,$J$30:$K$38,2,FALSE) -> 居民建筑 | C6: =SUMIFS(一次燃料消费!D:D,一次燃料消费!$A:$A,$A6)*$E$2 -> 18116.157 | D6: =SUMIFS(一次燃料消费!E:E,一次燃料消费!$A:$A,'图3，4-一次能源消费量'!$A6)*$E$2 -> 18139.57 | E6: =SUMIFS(一次燃料消费!F:F,一次燃料消费!$A:$A,'图3，4-一次能源消费量'!$A6)*$E$2 -> 18138.821 | F6: =SUMIFS(一次燃料消费!G:G,一次燃料消费!$A:$A,'图3，4-一次能源消费量'!$A6)*$E$2 -> 18098.606 | G6: =SUMIFS(一次燃料消费!H:H,一次燃料消费!$A:$A,'图3，4-一次能源消费量'!$A6)*$E$2 -> 18060.693 | H6: =SUMIFS(一次燃料消费!I:I,一次燃料消费!$A:$A,'图3，4-一次能源消费量'!$A6)*$E$2 -> 18061.672 | I6: =SUMIFS(一次燃料消费!J:J,一次燃料消费!$A:$A,'图3，4-一次能源消费量'!$A6)*$E$2 -> 18037.802 | J6: =SUMIFS(一次燃料消费!K:K,一次燃料消费!$A:$A,'图3，4-一次能源消费量'!$A6)*$E$2 -> 18032.336 | K6: =SUMIFS(一次燃料消费!L:L,一次燃料消费!$A:$A,'图3，4-一次能源消费量'!$A6)*$E$2 -> 18004.757 | L6: =SUMIFS(一次燃料消费!M:M,一次燃料消费!$A:$A,'图3，4-一次能源消费量'!$A6)*$E$2 -> 17917.407 | M6: =SUMIFS(一次燃料消费!N:N,一次燃料消费!$A:$A,'图3，4-一次能源消费量'!$A6)*$E$2 -> 17902.107 | N6: =SUMIFS(一次燃料消费!O:O,一次燃料消费!$A:$A,'图3，4-一次能源消费量'!$A6)*$E$2 -> 17810.396 | O6: =SUMIFS(一次燃料消费!P:P,一次燃料消费!$A:$A,'图3，4-一次能源消费量'!$A6)*$E$2 -> 17688.369 | P6: =SUMIFS(一次燃料消费!Q:Q,一次燃料消费!$A:$A,'图3，4-一次能源消费量'!$A6)*$E$2 -> 17549.231 | Q6: =SUMIFS(一次燃料消费!R:R,一次燃料消费!$A:$A,'图3，4-一次能源消费量'!$A6)*$E$2 -> 17457.481 | R6: =SUMIFS(一次燃料消费!S:S,一次燃料消费!$A:$A,'图3，4-一次能源消费量'!$A6)*$E$2 -> 17366.49 | S6: =SUMIFS(一次燃料消费!T:T,一次燃料消费!$A:$A,'图3，4-一次能源消费量'!$A6)*$E$2 -> 17347.874 | T6: =SUMIFS(一次燃料消费!U:U,一次燃料消费!$A:$A,'图3，4-一次能源消费量'!$A6)*$E$2 -> 17217.522 | U6: =SUMIFS(一次燃料消费!V:V,一次燃料消费!$A:$A,'图3，4-一次能源消费量'!$A6)*$E$2 -> 17083.569 | V6: =SUMIFS(一次燃料消费!W:W,一次燃料消费!$A:$A,'图3，4-一次能源消费量'!$A6)*$E$2 -> 16971.582 | W6: =SUMIFS(一次燃料消费!X:X,一次燃料消费!$A:$A,'图3，4-一次能源消费量'!$A6)*$E$2 -> 16856.03 | X6: =SUMIFS(一次燃料消费!Y:Y,一次燃料消费!$A:$A,'图3，4-一次能源消费量'!$A6)*$E$2 -> 16784.408 | Y6: =SUMIFS(一次燃料消费!Z:Z,一次燃料消费!$A:$A,'图3，4-一次能源消费量'!$A6)*$E$2 -> 16668.784 | Z6: =SUMIFS(一次燃料消费!AA:AA,一次燃料消费!$A:$A,'图3，4-一次能源消费量'!$A6)*$E$2 -> 16519.668 | AA6: =SUMIFS(一次燃料消费!AB:AB,一次燃料消费!$A:$A,'图3，4-一次能源消费量'!$A6)*$E$2 -> 16318.343 | AB6: =SUMIFS(一次燃料消费!AC:AC,一次燃料消费!$A:$A,'图3，4-一次能源消费量'!$A6)*$E$2 -> 16191.588 | AC6: =SUMIFS(一次燃料消费!AD:AD,一次燃料消费!$A:$A,'图3，4-一次能源消费量'!$A6)*$E$2 -> 16058.68 | AD6: =SUMIFS(一次燃料消费!AE:AE,一次燃料消费!$A:$A,'图3，4-一次能源消费量'!$A6)*$E$2 -> 15859.872 | AE6: =SUMIFS(一次燃料消费!AF:AF,一次燃料消费!$A:$A,'图3，4-一次能源消费量'!$A6)*$E$2 -> 15689.439 | AF6: =SUMIFS(一次燃料消费!AG:AG,一次燃料消费!$A:$A,'图3，4-一次能源消费量'!$A6)*$E$2 -> 15474.427 | AG6: =SUMIFS(一次燃料消费!AH:AH,一次燃料消费!$A:$A,'图3，4-一次能源消费量'!$A6)*$E$2 -> 15218.509 | AH6: =SUMIFS(一次燃料消费!AI:AI,一次燃料消费!$A:$A,'图3，4-一次能源消费量'!$A6)*$E$2 -> 15003.388 | AI6: =SUMIFS(一次燃料消费!AJ:AJ,一次燃料消费!$A:$A,'图3，4-一次能源消费量'!$A6)*$E$2 -> 14820.316 | AJ6: =SUMIFS(一次燃料消费!AK:AK,一次燃料消费!$A:$A,'图3，4-一次能源消费量'!$A6)*$E$2 -> 14554.46 | AK6: =SUMIFS(一次燃料消费!AL:AL,一次燃料消费!$A:$A,'图3，4-一次能源消费量'!$A6)*$E$2 -> 14287.303 | AL6: =SUMIFS(一次燃料消费!AM:AM,一次燃料消费!$A:$A,'图3，4-一次能源消费量'!$A6)*$E$2 -> 14024.94 | AM6: =SUMIFS(一次燃料消费!AN:AN,一次燃料消费!$A:$A,'图3，4-一次能源消费量'!$A6)*$E$2 -> 13759.152 | AN6: =SUMIFS(一次燃料消费!AO:AO,一次燃料消费!$A:$A,'图3，4-一次能源消费量'!$A6)*$E$2 -> 15514.857
A7: commercial | B7: =VLOOKUP(A7,$J$30:$K$38,2,FALSE) -> 公共建筑 | C7: =SUMIFS(一次燃料消费!D:D,一次燃料消费!$A:$A,$A7)*$E$2 -> 6116.4524 | D7: =SUMIFS(一次燃料消费!E:E,一次燃料消费!$A:$A,'图3，4-一次能源消费量'!$A7)*$E$2 -> 6246.4441 | E7: =SUMIFS(一次燃料消费!F:F,一次燃料消费!$A:$A,'图3，4-一次能源消费量'!$A7)*$E$2 -> 6358.4315 | F7: =SUMIFS(一次燃料消费!G:G,一次燃料消费!$A:$A,'图3，4-一次能源消费量'!$A7)*$E$2 -> 6440.1714 | G7: =SUMIFS(一次燃料消费!H:H,一次燃料消费!$A:$A,'图3，4-一次能源消费量'!$A7)*$E$2 -> 6518.3105 | H7: =SUMIFS(一次燃料消费!I:I,一次燃料消费!$A:$A,'图3，4-一次能源消费量'!$A7)*$E$2 -> 6603.6513 | I7: =SUMIFS(一次燃料消费!J:J,一次燃料消费!$A:$A,'图3，4-一次能源消费量'!$A7)*$E$2 -> 6685.7513 | J7: =SUMIFS(一次燃料消费!K:K,一次燃料消费!$A:$A,'图3，4-一次能源消费量'!$A7)*$E$2 -> 6761.0097 | K7: =SUMIFS(一次燃料消费!L:L,一次燃料消费!$A:$A,'图3，4-一次能源消费量'!$A7)*$E$2 -> 6842.7496 | L7: =SUMIFS(一次燃料消费!M:M,一次燃料消费!$A:$A,'图3，4-一次能源消费量'!$A7)*$E$2 -> 6915.8475 | M7: =SUMIFS(一次燃料消费!N:N,一次燃料消费!$A:$A,'图3，4-一次能源消费量'!$A7)*$E$2 -> 6988.5852 | N7: =SUMIFS(一次燃料消费!O:O,一次燃料消费!$A:$A,'图3，4-一次能源消费量'!$A7)*$E$2 -> 7065.2839 | O7: =SUMIFS(一次燃料消费!P:P,一次燃料消费!$A:$A,'图3，4-一次能源消费量'!$A7)*$E$2 -> 7126.1388 | P7: =SUMIFS(一次燃料消费!Q:Q,一次燃料消费!$A:$A,'图3，4-一次能源消费量'!$A7)*$E$2 -> 7145.5835 | Q7: =SUMIFS(一次燃料消费!R:R,一次燃料消费!$A:$A,'图3，4-一次能源消费量'!$A7)*$E$2 -> 7172.23 | R7: =SUMIFS(一次燃料消费!S:S,一次燃料消费!$A:$A,'图3，4-一次能源消费量'!$A7)*$E$2 -> 7195.2756 | S7: =SUMIFS(一次燃料消费!T:T,一次燃料消费!$A:$A,'图3，4-一次能源消费量'!$A7)*$E$2 -> 7225.523 | T7: =SUMIFS(一次燃料消费!U:U,一次燃料消费!$A:$A,'图3，4-一次能源消费量'!$A7)*$E$2 -> 7240.6467 | U7: =SUMIFS(一次燃料消费!V:V,一次燃料消费!$A:$A,'图3，4-一次能源消费量'!$A7)*$E$2 -> 7241.0068 | V7: =SUMIFS(一次燃料消费!W:W,一次燃料消费!$A:$A,'图3，4-一次能源消费量'!$A7)*$E$2 -> 7241.0068 | W7: =SUMIFS(一次燃料消费!X:X,一次燃料消费!$A:$A,'图3，4-一次能源消费量'!$A7)*$E$2 -> 7240.6467 | X7: =SUMIFS(一次燃料消费!Y:Y,一次燃料消费!$A:$A,'图3，4-一次能源消费量'!$A7)*$E$2 -> 7240.6467 | Y7: =SUMIFS(一次燃料消费!Z:Z,一次燃料消费!$A:$A,'图3，4-一次能源消费量'!$A7)*$E$2 -> 7233.445 | Z7: =SUMIFS(一次燃料消费!AA:AA,一次燃料消费!$A:$A,'图3，4-一次能源消费量'!$A7)*$E$2 -> 7221.5621 | AA7: =SUMIFS(一次燃料消费!AB:AB,一次燃料消费!$A:$A,'图3，4-一次能源消费量'!$A7)*$E$2 -> 7194.9156 | AB7: =SUMIFS(一次燃料消费!AC:AC,一次燃料消费!$A:$A,'图3，4-一次能源消费量'!$A7)*$E$2 -> 7183.3927 | AC7: =SUMIFS(一次燃料消费!AD:AD,一次燃料消费!$A:$A,'图3，4-一次能源消费量'!$A7)*$E$2 -> 7163.5879 | AD7: =SUMIFS(一次燃料消费!AE:AE,一次燃料消费!$A:$A,'图3，4-一次能源消费量'!$A7)*$E$2 -> 7137.3015 | AE7: =SUMIFS(一次燃料消费!AF:AF,一次燃料消费!$A:$A,'图3，4-一次能源消费量'!$A7)*$E$2 -> 7095.1712 | AF7: =SUMIFS(一次燃料消费!AG:AG,一次燃料消费!$A:$A,'图3，4-一次能源消费量'!$A7)*$E$2 -> 7052.6809 | AG7: =SUMIFS(一次燃料消费!AH:AH,一次燃料消费!$A:$A,'图3，4-一次能源消费量'!$A7)*$E$2 -> 7014.5115 | AH7: =SUMIFS(一次燃料消费!AI:AI,一次燃料消费!$A:$A,'图3，4-一次能源消费量'!$A7)*$E$2 -> 6968.4203 | AI7: =SUMIFS(一次燃料消费!AJ:AJ,一次燃料消费!$A:$A,'图3，4-一次能源消费量'!$A7)*$E$2 -> 6922.6891 | AJ7: =SUMIFS(一次燃料消费!AK:AK,一次燃料消费!$A:$A,'图3，4-一次能源消费量'!$A7)*$E$2 -> 6861.1141 | AK7: =SUMIFS(一次燃料消费!AL:AL,一次燃料消费!$A:$A,'图3，4-一次能源消费量'!$A7)*$E$2 -> 6799.8992 | AL7: =SUMIFS(一次燃料消费!AM:AM,一次燃料消费!$A:$A,'图3，4-一次能源消费量'!$A7)*$E$2 -> 6739.0447 | AM7: =SUMIFS(一次燃料消费!AN:AN,一次燃料消费!$A:$A,'图3，4-一次能源消费量'!$A7)*$E$2 -> 6677.8298 | AN7: =SUMIFS(一次燃料消费!AO:AO,一次燃料消费!$A:$A,'图3，4-一次能源消费量'!$A7)*$E$2 -> 7545.6411
A8: industry | B8: =VLOOKUP(A8,$J$30:$K$38,2,FALSE) -> 工业燃料 | C8: =(SUMIFS(一次燃料消费!D:D,一次燃料消费!$A:$A,$A8)-SUM(工业非燃料使用!D$2:D$251))*$E$2 -> 129807.78 | D8: =(SUMIFS(一次燃料消费!E:E,一次燃料消费!$A:$A,'图3，4-一次能源消费量'!$A8)-SUM(工业非燃料使用!E$2:E$251))*$E$2 -> 130456.75 | E8: =(SUMIFS(一次燃料消费!F:F,一次燃料消费!$A:$A,'图3，4-一次能源消费量'!$A8)-SUM(工业非燃料使用!F$2:F$251))*$E$2 -> 136202.03 | F8: =(SUMIFS(一次燃料消费!G:G,一次燃料消费!$A:$A,'图3，4-一次能源消费量'!$A8)-SUM(工业非燃料使用!G$2:G$251))*$E$2 -> 137979.67 | G8: =(SUMIFS(一次燃料消费!H:H,一次燃料消费!$A:$A,'图3，4-一次能源消费量'!$A8)-SUM(工业非燃料使用!H$2:H$251))*$E$2 -> 139923.71 | H8: =(SUMIFS(一次燃料消费!I:I,一次燃料消费!$A:$A,'图3，4-一次能源消费量'!$A8)-SUM(工业非燃料使用!I$2:I$251))*$E$2 -> 141849.25 | I8: =(SUMIFS(一次燃料消费!J:J,一次燃料消费!$A:$A,'图3，4-一次能源消费量'!$A8)-SUM(工业非燃料使用!J$2:J$251))*$E$2 -> 143590.97 | J8: =(SUMIFS(一次燃料消费!K:K,一次燃料消费!$A:$A,'图3，4-一次能源消费量'!$A8)-SUM(工业非燃料使用!K$2:K$251))*$E$2 -> 145617.24 | K8: =(SUMIFS(一次燃料消费!L:L,一次燃料消费!$A:$A,'图3，4-一次能源消费量'!$A8)-SUM(工业非燃料使用!L$2:L$251))*$E$2 -> 145754.55 | L8: =(SUMIFS(一次燃料消费!M:M,一次燃料消费!$A:$A,'图3，4-一次能源消费量'!$A8)-SUM(工业非燃料使用!M$2:M$251))*$E$2 -> 145956.55 | M8: =(SUMIFS(一次燃料消费!N:N,一次燃料消费!$A:$A,'图3，4-一次能源消费量'!$A8)-SUM(工业非燃料使用!N$2:N$251))*$E$2 -> 146151.43 | N8: =(SUMIFS(一次燃料消费!O:O,一次燃料消费!$A:$A,'图3，4-一次能源消费量'!$A8)-SUM(工业非燃料使用!O$2:O$251))*$E$2 -> 146712.77 | O8: =(SUMIFS(一次燃料消费!P:P,一次燃料消费!$A:$A,'图3，4-一次能源消费量'!$A8)-SUM(工业非燃料使用!P$2:P$251))*$E$2 -> 146870.22 | P8: =(SUMIFS(一次燃料消费!Q:Q,一次燃料消费!$A:$A,'图3，4-一次能源消费量'!$A8)-SUM(工业非燃料使用!Q$2:Q$251))*$E$2 -> 146078.14 | Q8: =(SUMIFS(一次燃料消费!R:R,一次燃料消费!$A:$A,'图3，4-一次能源消费量'!$A8)-SUM(工业非燃料使用!R$2:R$251))*$E$2 -> 144799.45 | R8: =(SUMIFS(一次燃料消费!S:S,一次燃料消费!$A:$A,'图3，4-一次能源消费量'!$A8)-SUM(工业非燃料使用!S$2:S$251))*$E$2 -> 143868.22 | S8: =(SUMIFS(一次燃料消费!T:T,一次燃料消费!$A:$A,'图3，4-一次能源消费量'!$A8)-SUM(工业非燃料使用!T$2:T$251))*$E$2 -> 142955.74 | T8: =(SUMIFS(一次燃料消费!U:U,一次燃料消费!$A:$A,'图3，4-一次能源消费量'!$A8)-SUM(工业非燃料使用!U$2:U$251))*$E$2 -> 142017.01 | U8: =(SUMIFS(一次燃料消费!V:V,一次燃料消费!$A:$A,'图3，4-一次能源消费量'!$A8)-SUM(工业非燃料使用!V$2:V$251))*$E$2 -> 140351.57 | V8: =(SUMIFS(一次燃料消费!W:W,一次燃料消费!$A:$A,'图3，4-一次能源消费量'!$A8)-SUM(工业非燃料使用!W$2:W$251))*$E$2 -> 138780.36 | W8: =(SUMIFS(一次燃料消费!X:X,一次燃料消费!$A:$A,'图3，4-一次能源消费量'!$A8)-SUM(工业非燃料使用!X$2:X$251))*$E$2 -> 137082.96 | X8: =(SUMIFS(一次燃料消费!Y:Y,一次燃料消费!$A:$A,'图3，4-一次能源消费量'!$A8)-SUM(工业非燃料使用!Y$2:Y$251))*$E$2 -> 135456.97 | Y8: =(SUMIFS(一次燃料消费!Z:Z,一次燃料消费!$A:$A,'图3，4-一次能源消费量'!$A8)-SUM(工业非燃料使用!Z$2:Z$251))*$E$2 -> 133799.71 | Z8: =(SUMIFS(一次燃料消费!AA:AA,一次燃料消费!$A:$A,'图3，4-一次能源消费量'!$A8)-SUM(工业非燃料使用!AA$2:AA$251))*$E$2 -> 132466.86 | AA8: =(SUMIFS(一次燃料消费!AB:AB,一次燃料消费!$A:$A,'图3，4-一次能源消费量'!$A8)-SUM(工业非燃料使用!AB$2:AB$251))*$E$2 -> 130758.8 | AB8: =(SUMIFS(一次燃料消费!AC:AC,一次燃料消费!$A:$A,'图3，4-一次能源消费量'!$A8)-SUM(工业非燃料使用!AC$2:AC$251))*$E$2 -> 129406.62 | AC8: =(SUMIFS(一次燃料消费!AD:AD,一次燃料消费!$A:$A,'图3，4-一次能源消费量'!$A8)-SUM(工业非燃料使用!AD$2:AD$251))*$E$2 -> 127797.22 | AD8: =(SUMIFS(一次燃料消费!AE:AE,一次燃料消费!$A:$A,'图3，4-一次能源消费量'!$A8)-SUM(工业非燃料使用!AE$2:AE$251))*$E$2 -> 126176.74 | AE8: =(SUMIFS(一次燃料消费!AF:AF,一次燃料消费!$A:$A,'图3，4-一次能源消费量'!$A8)-SUM(工业非燃料使用!AF$2:AF$251))*$E$2 -> 124548.4 | AF8: =(SUMIFS(一次燃料消费!AG:AG,一次燃料消费!$A:$A,'图3，4-一次能源消费量'!$A8)-SUM(工业非燃料使用!AG$2:AG$251))*$E$2 -> 122909.63 | AG8: =(SUMIFS(一次燃料消费!AH:AH,一次燃料消费!$A:$A,'图3，4-一次能源消费量'!$A8)-SUM(工业非燃料使用!AH$2:AH$251))*$E$2 -> 121131.31 | AH8: =(SUMIFS(一次燃料消费!AI:AI,一次燃料消费!$A:$A,'图3，4-一次能源消费量'!$A8)-SUM(工业非燃料使用!AI$2:AI$251))*$E$2 -> 119429.05 | AI8: =(SUMIFS(一次燃料消费!AJ:AJ,一次燃料消费!$A:$A,'图3，4-一次能源消费量'!$A8)-SUM(工业非燃料使用!AJ$2:AJ$251))*$E$2 -> 117617.37 | AJ8: =(SUMIFS(一次燃料消费!AK:AK,一次燃料消费!$A:$A,'图3，4-一次能源消费量'!$A8)-SUM(工业非燃料使用!AK$2:AK$251))*$E$2 -> 116131.62 | AK8: =(SUMIFS(一次燃料消费!AL:AL,一次燃料消费!$A:$A,'图3，4-一次能源消费量'!$A8)-SUM(工业非燃料使用!AL$2:AL$251))*$E$2 -> 114717.93 | AL8: =(SUMIFS(一次燃料消费!AM:AM,一次燃料消费!$A:$A,'图3，4-一次能源消费量'!$A8)-SUM(工业非燃料使用!AM$2:AM$251))*$E$2 -> 113173.89 | AM8: =(SUMIFS(一次燃料消费!AN:AN,一次燃料消费!$A:$A,'图3，4-一次能源消费量'!$A8)-SUM(工业非燃料使用!AN$2:AN$251))*$E$2 -> 111581.16 | AN8: =(SUMIFS(一次燃料消费!AO:AO,一次燃料消费!$A:$A,'图3，4-一次能源消费量'!$A8)-SUM(工业非燃料使用!AO$2:AO$251))*$E$2 -> 109840.13
A9: heating & H2 | B9: =VLOOKUP(A9,$J$30:$K$38,2,FALSE) -> 供热与氢能 | C9: =SUMIFS(一次燃料消费!D:D,一次燃料消费!$A:$A,$A9)*$E$2 -> 23977.995 | D9: =SUMIFS(一次燃料消费!E:E,一次燃料消费!$A:$A,'图3，4-一次能源消费量'!$A9)*$E$2 -> 24626.611 | E9: =SUMIFS(一次燃料消费!F:F,一次燃料消费!$A:$A,'图3，4-一次能源消费量'!$A9)*$E$2 -> 25322.771 | F9: =SUMIFS(一次燃料消费!G:G,一次燃料消费!$A:$A,'图3，4-一次能源消费量'!$A9)*$E$2 -> 25897.927 | G9: =SUMIFS(一次燃料消费!H:H,一次燃料消费!$A:$A,'图3，4-一次能源消费量'!$A9)*$E$2 -> 26495.474 | H9: =SUMIFS(一次燃料消费!I:I,一次燃料消费!$A:$A,'图3，4-一次能源消费量'!$A9)*$E$2 -> 27089.534 | I9: =SUMIFS(一次燃料消费!J:J,一次燃料消费!$A:$A,'图3，4-一次能源消费量'!$A9)*$E$2 -> 27755.721 | J9: =SUMIFS(一次燃料消费!K:K,一次燃料消费!$A:$A,'图3，4-一次能源消费量'!$A9)*$E$2 -> 28406.274 | K9: =SUMIFS(一次燃料消费!L:L,一次燃料消费!$A:$A,'图3，4-一次能源消费量'!$A9)*$E$2 -> 28929.343 | L9: =SUMIFS(一次燃料消费!M:M,一次燃料消费!$A:$A,'图3，4-一次能源消费量'!$A9)*$E$2 -> 29513.315 | M9: =SUMIFS(一次燃料消费!N:N,一次燃料消费!$A:$A,'图3，4-一次能源消费量'!$A9)*$E$2 -> 29870.35 | N9: =SUMIFS(一次燃料消费!O:O,一次燃料消费!$A:$A,'图3，4-一次能源消费量'!$A9)*$E$2 -> 30209.804 | O9: =SUMIFS(一次燃料消费!P:P,一次燃料消费!$A:$A,'图3，4-一次能源消费量'!$A9)*$E$2 -> 30555.195 | P9: =SUMIFS(一次燃料消费!Q:Q,一次燃料消费!$A:$A,'图3，4-一次能源消费量'!$A9)*$E$2 -> 30662.308 | Q9: =SUMIFS(一次燃料消费!R:R,一次燃料消费!$A:$A,'图3，4-一次能源消费量'!$A9)*$E$2 -> 30786.901 | R9: =SUMIFS(一次燃料消费!S:S,一次燃料消费!$A:$A,'图3，4-一次能源消费量'!$A9)*$E$2 -> 30926.191 | S9: =SUMIFS(一次燃料消费!T:T,一次燃料消费!$A:$A,'图3，4-一次能源消费量'!$A9)*$E$2 -> 31032.901 | T9: =SUMIFS(一次燃料消费!U:U,一次燃料消费!$A:$A,'图3，4-一次能源消费量'!$A9)*$E$2 -> 31173.097 | U9: =SUMIFS(一次燃料消费!V:V,一次燃料消费!$A:$A,'图3，4-一次能源消费量'!$A9)*$E$2 -> 31215.183 | V9: =SUMIFS(一次燃料消费!W:W,一次燃料消费!$A:$A,'图3，4-一次能源消费量'!$A9)*$E$2 -> 31198.305 | W9: =SUMIFS(一次燃料消费!X:X,一次燃料消费!$A:$A,'图3，4-一次能源消费量'!$A9)*$E$2 -> 31243.74 | X9: =SUMIFS(一次燃料消费!Y:Y,一次燃料消费!$A:$A,'图3，4-一次能源消费量'!$A9)*$E$2 -> 31297.718 | Y9: =SUMIFS(一次燃料消费!Z:Z,一次燃料消费!$A:$A,'图3，4-一次能源消费量'!$A9)*$E$2 -> 31324.051 | Z9: =SUMIFS(一次燃料消费!AA:AA,一次燃料消费!$A:$A,'图3，4-一次能源消费量'!$A9)*$E$2 -> 31293.261 | AA9: =SUMIFS(一次燃料消费!AB:AB,一次燃料消费!$A:$A,'图3，4-一次能源消费量'!$A9)*$E$2 -> 31327.49 | AB9: =SUMIFS(一次燃料消费!AC:AC,一次燃料消费!$A:$A,'图3，4-一次能源消费量'!$A9)*$E$2 -> 31307.495 | AC9: =SUMIFS(一次燃料消费!AD:AD,一次燃料消费!$A:$A,'图3，4-一次能源消费量'!$A9)*$E$2 -> 31289.995 | AD9: =SUMIFS(一次燃料消费!AE:AE,一次燃料消费!$A:$A,'图3，4-一次能源消费量'!$A9)*$E$2 -> 31331.376 | AE9: =SUMIFS(一次燃料消费!AF:AF,一次燃料消费!$A:$A,'图3，4-一次能源消费量'!$A9)*$E$2 -> 31256.047 | AF9: =SUMIFS(一次燃料消费!AG:AG,一次燃料消费!$A:$A,'图3，4-一次能源消费量'!$A9)*$E$2 -> 31210.745 | AG9: =SUMIFS(一次燃料消费!AH:AH,一次燃料消费!$A:$A,'图3，4-一次能源消费量'!$A9)*$E$2 -> 31168.67 | AH9: =SUMIFS(一次燃料消费!AI:AI,一次燃料消费!$A:$A,'图3，4-一次能源消费量'!$A9)*$E$2 -> 31141.389 | AI9: =SUMIFS(一次燃料消费!AJ:AJ,一次燃料消费!$A:$A,'图3，4-一次能源消费量'!$A9)*$E$2 -> 31070.776 | AJ9: =SUMIFS(一次燃料消费!AK:AK,一次燃料消费!$A:$A,'图3，4-一次能源消费量'!$A9)*$E$2 -> 31055.328 | AK9: =SUMIFS(一次燃料消费!AL:AL,一次燃料消费!$A:$A,'图3，4-一次能源消费量'!$A9)*$E$2 -> 31030.044 | AL9: =SUMIFS(一次燃料消费!AM:AM,一次燃料消费!$A:$A,'图3，4-一次能源消费量'!$A9)*$E$2 -> 31008.31 | AM9: =SUMIFS(一次燃料消费!AN:AN,一次燃料消费!$A:$A,'图3，4-一次能源消费量'!$A9)*$E$2 -> 30940.213 | AN9: =SUMIFS(一次燃料消费!AO:AO,一次燃料消费!$A:$A,'图3，4-一次能源消费量'!$A9)*$E$2 -> 31857.923
A10: LULUCF | B10: =VLOOKUP(A10,$J$30:$K$38,2,FALSE) -> 土地利用 | C10: =SUMIFS(一次燃料消费!D:D,一次燃料消费!$A:$A,$A10)*$E$2 -> 0 | D10: =SUMIFS(一次燃料消费!E:E,一次燃料消费!$A:$A,'图3，4-一次能源消费量'!$A10)*$E$2 -> 0 | E10: =SUMIFS(一次燃料消费!F:F,一次燃料消费!$A:$A,'图3，4-一次能源消费量'!$A10)*$E$2 -> 0 | F10: =SUMIFS(一次燃料消费!G:G,一次燃料消费!$A:$A,'图3，4-一次能源消费量'!$A10)*$E$2 -> 0 | G10: =SUMIFS(一次燃料消费!H:H,一次燃料消费!$A:$A,'图3，4-一次能源消费量'!$A10)*$E$2 -> 0 | H10: =SUMIFS(一次燃料消费!I:I,一次燃料消费!$A:$A,'图3，4-一次能源消费量'!$A10)*$E$2 -> 0 | I10: =SUMIFS(一次燃料消费!J:J,一次燃料消费!$A:$A,'图3，4-一次能源消费量'!$A10)*$E$2 -> 0 | J10: =SUMIFS(一次燃料消费!K:K,一次燃料消费!$A:$A,'图3，4-一次能源消费量'!$A10)*$E$2 -> 0 | K10: =SUMIFS(一次燃料消费!L:L,一次燃料消费!$A:$A,'图3，4-一次能源消费量'!$A10)*$E$2 -> 0 | L10: =SUMIFS(一次燃料消费!M:M,一次燃料消费!$A:$A,'图3，4-一次能源消费量'!$A10)*$E$2 -> 0 | M10: =SUMIFS(一次燃料消费!N:N,一次燃料消费!$A:$A,'图3，4-一次能源消费量'!$A10)*$E$2 -> 0 | N10: =SUMIFS(一次燃料消费!O:O,一次燃料消费!$A:$A,'图3，4-一次能源消费量'!$A10)*$E$2 -> 0 | O10: =SUMIFS(一次燃料消费!P:P,一次燃料消费!$A:$A,'图3，4-一次能源消费量'!$A10)*$E$2 -> 0 | P10: =SUMIFS(一次燃料消费!Q:Q,一次燃料消费!$A:$A,'图3，4-一次能源消费量'!$A10)*$E$2 -> 0 | Q10: =SUMIFS(一次燃料消费!R:R,一次燃料消费!$A:$A,'图3，4-一次能源消费量'!$A10)*$E$2 -> 0 | R10: =SUMIFS(一次燃料消费!S:S,一次燃料消费!$A:$A,'图3，4-一次能源消费量'!$A10)*$E$2 -> 0 | S10: =SUMIFS(一次燃料消费!T:T,一次燃料消费!$A:$A,'图3，4-一次能源消费量'!$A10)*$E$2 -> 0 | T10: =SUMIFS(一次燃料消费!U:U,一次燃料消费!$A:$A,'图3，4-一次能源消费量'!$A10)*$E$2 -> 0 | U10: =SUMIFS(一次燃料消费!V:V,一次燃料消费!$A:$A,'图3，4-一次能源消费量'!$A10)*$E$2 -> 0 | V10: =SUMIFS(一次燃料消费!W:W,一次燃料消费!$A:$A,'图3，4-一次能源消费量'!$A10)*$E$2 -> 0 | W10: =SUMIFS(一次燃料消费!X:X,一次燃料消费!$A:$A,'图3，4-一次能源消费量'!$A10)*$E$2 -> 0 | X10: =SUMIFS(一次燃料消费!Y:Y,一次燃料消费!$A:$A,'图3，4-一次能源消费量'!$A10)*$E$2 -> 0 | Y10: =SUMIFS(一次燃料消费!Z:Z,一次燃料消费!$A:$A,'图3，4-一次能源消费量'!$A10)*$E$2 -> 0 | Z10: =SUMIFS(一次燃料消费!AA:AA,一次燃料消费!$A:$A,'图3，4-一次能源消费量'!$A10)*$E$2 -> 0 | AA10: =SUMIFS(一次燃料消费!AB:AB,一次燃料消费!$A:$A,'图3，4-一次能源消费量'!$A10)*$E$2 -> 0 | AB10: =SUMIFS(一次燃料消费!AC:AC,一次燃料消费!$A:$A,'图3，4-一次能源消费量'!$A10)*$E$2 -> 0 | AC10: =SUMIFS(一次燃料消费!AD:AD,一次燃料消费!$A:$A,'图3，4-一次能源消费量'!$A10)*$E$2 -> 0 | AD10: =SUMIFS(一次燃料消费!AE:AE,一次燃料消费!$A:$A,'图3，4-一次能源消费量'!$A10)*$E$2 -> 0 | AE10: =SUMIFS(一次燃料消费!AF:AF,一次燃料消费!$A:$A,'图3，4-一次能源消费量'!$A10)*$E$2 -> 0 | AF10: =SUMIFS(一次燃料消费!AG:AG,一次燃料消费!$A:$A,'图3，4-一次能源消费量'!$A10)*$E$2 -> 0 | AG10: =SUMIFS(一次燃料消费!AH:AH,一次燃料消费!$A:$A,'图3，4-一次能源消费量'!$A10)*$E$2 -> 0 | AH10: =SUMIFS(一次燃料消费!AI:AI,一次燃料消费!$A:$A,'图3，4-一次能源消费量'!$A10)*$E$2 -> 0 | AI10: =SUMIFS(一次燃料消费!AJ:AJ,一次燃料消费!$A:$A,'图3，4-一次能源消费量'!$A10)*$E$2 -> 0 | AJ10: =SUMIFS(一次燃料消费!AK:AK,一次燃料消费!$A:$A,'图3，4-一次能源消费量'!$A10)*$E$2 -> 0 | AK10: =SUMIFS(一次燃料消费!AL:AL,一次燃料消费!$A:$A,'图3，4-一次能源消费量'!$A10)*$E$2 -> 0 | AL10: =SUMIFS(一次燃料消费!AM:AM,一次燃料消费!$A:$A,'图3，4-一次能源消费量'!$A10)*$E$2 -> 0 | AM10: =SUMIFS(一次燃料消费!AN:AN,一次燃料消费!$A:$A,'图3，4-一次能源消费量'!$A10)*$E$2 -> 0 | AN10: =SUMIFS(一次燃料消费!AO:AO,一次燃料消费!$A:$A,'图3，4-一次能源消费量'!$A10)*$E$2 -> 0
A11: Geoengineering | B11: =VLOOKUP(A11,$J$30:$K$38,2,FALSE) -> 碳捕集 | C11: =SUMIFS(一次燃料消费!D:D,一次燃料消费!$A:$A,$A11)*$E$2 -> 0 | D11: =SUMIFS(一次燃料消费!E:E,一次燃料消费!$A:$A,'图3，4-一次能源消费量'!$A11)*$E$2 -> 0 | E11: =SUMIFS(一次燃料消费!F:F,一次燃料消费!$A:$A,'图3，4-一次能源消费量'!$A11)*$E$2 -> 0 | F11: =SUMIFS(一次燃料消费!G:G,一次燃料消费!$A:$A,'图3，4-一次能源消费量'!$A11)*$E$2 -> 0 | G11: =SUMIFS(一次燃料消费!H:H,一次燃料消费!$A:$A,'图3，4-一次能源消费量'!$A11)*$E$2 -> 0 | H11: =SUMIFS(一次燃料消费!I:I,一次燃料消费!$A:$A,'图3，4-一次能源消费量'!$A11)*$E$2 -> 0 | I11: =SUMIFS(一次燃料消费!J:J,一次燃料消费!$A:$A,'图3，4-一次能源消费量'!$A11)*$E$2 -> 0 | J11: =SUMIFS(一次燃料消费!K:K,一次燃料消费!$A:$A,'图3，4-一次能源消费量'!$A11)*$E$2 -> 0 | K11: =SUMIFS(一次燃料消费!L:L,一次燃料消费!$A:$A,'图3，4-一次能源消费量'!$A11)*$E$2 -> 0 | L11: =SUMIFS(一次燃料消费!M:M,一次燃料消费!$A:$A,'图3，4-一次能源消费量'!$A11)*$E$2 -> 0 | M11: =SUMIFS(一次燃料消费!N:N,一次燃料消费!$A:$A,'图3，4-一次能源消费量'!$A11)*$E$2 -> 0 | N11: =SUMIFS(一次燃料消费!O:O,一次燃料消费!$A:$A,'图3，4-一次能源消费量'!$A11)*$E$2 -> 0 | O11: =SUMIFS(一次燃料消费!P:P,一次燃料消费!$A:$A,'图3，4-一次能源消费量'!$A11)*$E$2 -> 0 | P11: =SUMIFS(一次燃料消费!Q:Q,一次燃料消费!$A:$A,'图3，4-一次能源消费量'!$A11)*$E$2 -> 0 | Q11: =SUMIFS(一次燃料消费!R:R,一次燃料消费!$A:$A,'图3，4-一次能源消费量'!$A11)*$E$2 -> 0 | R11: =SUMIFS(一次燃料消费!S:S,一次燃料消费!$A:$A,'图3，4-一次能源消费量'!$A11)*$E$2 -> 0 | S11: =SUMIFS(一次燃料消费!T:T,一次燃料消费!$A:$A,'图3，4-一次能源消费量'!$A11)*$E$2 -> 0 | T11: =SUMIFS(一次燃料消费!U:U,一次燃料消费!$A:$A,'图3，4-一次能源消费量'!$A11)*$E$2 -> 0 | U11: =SUMIFS(一次燃料消费!V:V,一次燃料消费!$A:$A,'图3，4-一次能源消费量'!$A11)*$E$2 -> 0 | V11: =SUMIFS(一次燃料消费!W:W,一次燃料消费!$A:$A,'图3，4-一次能源消费量'!$A11)*$E$2 -> 0 | W11: =SUMIFS(一次燃料消费!X:X,一次燃料消费!$A:$A,'图3，4-一次能源消费量'!$A11)*$E$2 -> 0 | X11: =SUMIFS(一次燃料消费!Y:Y,一次燃料消费!$A:$A,'图3，4-一次能源消费量'!$A11)*$E$2 -> 0 | Y11: =SUMIFS(一次燃料消费!Z:Z,一次燃料消费!$A:$A,'图3，4-一次能源消费量'!$A11)*$E$2 -> 0 | Z11: =SUMIFS(一次燃料消费!AA:AA,一次燃料消费!$A:$A,'图3，4-一次能源消费量'!$A11)*$E$2 -> 0 | AA11: =SUMIFS(一次燃料消费!AB:AB,一次燃料消费!$A:$A,'图3，4-一次能源消费量'!$A11)*$E$2 -> 0 | AB11: =SUMIFS(一次燃料消费!AC:AC,一次燃料消费!$A:$A,'图3，4-一次能源消费量'!$A11)*$E$2 -> 0 | AC11: =SUMIFS(一次燃料消费!AD:AD,一次燃料消费!$A:$A,'图3，4-一次能源消费量'!$A11)*$E$2 -> 0 | AD11: =SUMIFS(一次燃料消费!AE:AE,一次燃料消费!$A:$A,'图3，4-一次能源消费量'!$A11)*$E$2 -> 0 | AE11: =SUMIFS(一次燃料消费!AF:AF,一次燃料消费!$A:$A,'图3，4-一次能源消费量'!$A11)*$E$2 -> 0 | AF11: =SUMIFS(一次燃料消费!AG:AG,一次燃料消费!$A:$A,'图3，4-一次能源消费量'!$A11)*$E$2 -> 0 | AG11: =SUMIFS(一次燃料消费!AH:AH,一次燃料消费!$A:$A,'图3，4-一次能源消费量'!$A11)*$E$2 -> 0 | AH11: =SUMIFS(一次燃料消费!AI:AI,一次燃料消费!$A:$A,'图3，4-一次能源消费量'!$A11)*$E$2 -> 0 | AI11: =SUMIFS(一次燃料消费!AJ:AJ,一次燃料消费!$A:$A,'图3，4-一次能源消费量'!$A11)*$E$2 -> 0 | AJ11: =SUMIFS(一次燃料消费!AK:AK,一次燃料消费!$A:$A,'图3，4-一次能源消费量'!$A11)*$E$2 -> 0 | AK11: =SUMIFS(一次燃料消费!AL:AL,一次燃料消费!$A:$A,'图3，4-一次能源消费量'!$A11)*$E$2 -> 0 | AL11: =SUMIFS(一次燃料消费!AM:AM,一次燃料消费!$A:$A,'图3，4-一次能源消费量'!$A11)*$E$2 -> 0 | AM11: =SUMIFS(一次燃料消费!AN:AN,一次燃料消费!$A:$A,'图3，4-一次能源消费量'!$A11)*$E$2 -> 0 | AN11: =SUMIFS(一次燃料消费!AO:AO,一次燃料消费!$A:$A,'图3，4-一次能源消费量'!$A11)*$E$2 -> 0
A12: nonenergy use | B12: =VLOOKUP(A12,$J$30:$K$38,2,FALSE) -> 非燃料使用 | C12: =(SUM(工业非燃料使用!D$2:D$251)-工业非燃料使用!D13-工业非燃料使用!D83-工业非燃料使用!D88)*$E$2 -> 76123.47 | D12: =(SUM(工业非燃料使用!E$2:E$251)-工业非燃料使用!E13-工业非燃料使用!E83-工业非燃料使用!E88)*$E$2 -> 78484.471 | E12: =(SUM(工业非燃料使用!F$2:F$251)-工业非燃料使用!F13-工业非燃料使用!F83-工业非燃料使用!F88)*$E$2 -> 81729.131 | F12: =(SUM(工业非燃料使用!G$2:G$251)-工业非燃料使用!G13-工业非燃料使用!G83-工业非燃料使用!G88)*$E$2 -> 84060.771 | G12: =(SUM(工业非燃料使用!H$2:H$251)-工业非燃料使用!H13-工业非燃料使用!H83-工业非燃料使用!H88)*$E$2 -> 86309.183 | H12: =(SUM(工业非燃料使用!I$2:I$251)-工业非燃料使用!I13-工业非燃料使用!I83-工业非燃料使用!I88)*$E$2 -> 88484.314 | I12: =(SUM(工业非燃料使用!J$2:J$251)-工业非燃料使用!J13-工业非燃料使用!J83-工业非燃料使用!J88)*$E$2 -> 90585.557 | J12: =(SUM(工业非燃料使用!K$2:K$251)-工业非燃料使用!K13-工业非燃料使用!K83-工业非燃料使用!K88)*$E$2 -> 92780.368 | ... AN12: =(SUM(工业非燃料使用!AO$2:AO$251)-工业非燃料使用!AO13-工业非燃料使用!AO83-工业非燃料使用!AO88)*$E$2 -> 98353.823
A14: 换算单位 | D14: trillion btu | E14: 1e-12
C15: =C$3 -> 2023 | D15: =D$3 -> 2024 | E15: =E$3 -> 2025 | F15: =F$3 -> 2026 | G15: =G$3 -> 2027 | H15: =H$3 -> 2028 | I15: =I$3 -> 2029 | J15: =J$3 -> 2030 | ... AN15: =AN$3 -> 2060
A16: Transportation | B16: =VLOOKUP(A4,$J$30:$K$38,2,FALSE) -> 交通部门 | C16: =SUMIFS(一次燃料消费!D:D,一次燃料消费!$A:$A,$A4)*$E$14 -> 21012.279 | D16: =SUMIFS(一次燃料消费!E:E,一次燃料消费!$A:$A,$A4)*$E$14 -> 20932.77 | E16: =SUMIFS(一次燃料消费!F:F,一次燃料消费!$A:$A,$A4)*$E$14 -> 20853.681 | F16: =SUMIFS(一次燃料消费!G:G,一次燃料消费!$A:$A,$A4)*$E$14 -> 20778.319 | G16: =SUMIFS(一次燃料消费!H:H,一次燃料消费!$A:$A,$A4)*$E$14 -> 20686.879 | H16: =SUMIFS(一次燃料消费!I:I,一次燃料消费!$A:$A,$A4)*$E$14 -> 20580.915 | I16: =SUMIFS(一次燃料消费!J:J,一次燃料消费!$A:$A,$A4)*$E$14 -> 20455.649 | J16: =SUMIFS(一次燃料消费!K:K,一次燃料消费!$A:$A,$A4)*$E$14 -> 20303.189 | K16: =SUMIFS(一次燃料消费!L:L,一次燃料消费!$A:$A,$A4)*$E$14 -> 19991.487 | L16: =SUMIFS(一次燃料消费!M:M,一次燃料消费!$A:$A,$A4)*$E$14 -> 19659.096 | M16: =SUMIFS(一次燃料消费!N:N,一次燃料消费!$A:$A,$A4)*$E$14 -> 19361.748 | N16: =SUMIFS(一次燃料消费!O:O,一次燃料消费!$A:$A,$A4)*$E$14 -> 19066.511 | O16: =SUMIFS(一次燃料消费!P:P,一次燃料消费!$A:$A,$A4)*$E$14 -> 18765.542 | P16: =SUMIFS(一次燃料消费!Q:Q,一次燃料消费!$A:$A,$A4)*$E$14 -> 18529.087 | Q16: =SUMIFS(一次燃料消费!R:R,一次燃料消费!$A:$A,$A4)*$E$14 -> 18260.694 | R16: =SUMIFS(一次燃料消费!S:S,一次燃料消费!$A:$A,$A4)*$E$14 -> 17933.183 | S16: =SUMIFS(一次燃料消费!T:T,一次燃料消费!$A:$A,$A4)*$E$14 -> 17645.731 | T16: =SUMIFS(一次燃料消费!U:U,一次燃料消费!$A:$A,$A4)*$E$14 -> 17394.11 | U16: =SUMIFS(一次燃料消费!V:V,一次燃料消费!$A:$A,$A4)*$E$14 -> 17096.333 | V16: =SUMIFS(一次燃料消费!W:W,一次燃料消费!$A:$A,$A4)*$E$14 -> 16827.317 | W16: =SUMIFS(一次燃料消费!X:X,一次燃料消费!$A:$A,$A4)*$E$14 -> 16589.938 | X16: =SUMIFS(一次燃料消费!Y:Y,一次燃料消费!$A:$A,$A4)*$E$14 -> 16383.631 | Y16: =SUMIFS(一次燃料消费!Z:Z,一次燃料消费!$A:$A,$A4)*$E$14 -> 16209.583 | Z16: =SUMIFS(一次燃料消费!AA:AA,一次燃料消费!$A:$A,$A4)*$E$14 -> 16110.419 | AA16: =SUMIFS(一次燃料消费!AB:AB,一次燃料消费!$A:$A,$A4)*$E$14 -> 16042.232 | AB16: =SUMIFS(一次燃料消费!AC:AC,一次燃料消费!$A:$A,$A4)*$E$14 -> 16003.37 | AC16: =SUMIFS(一次燃料消费!AD:AD,一次燃料消费!$A:$A,$A4)*$E$14 -> 15978.825 | AD16: =SUMIFS(一次燃料消费!AE:AE,一次燃料消费!$A:$A,$A4)*$E$14 -> 15971.703 | AE16: =SUMIFS(一次燃料消费!AF:AF,一次燃料消费!$A:$A,$A4)*$E$14 -> 15902.37 | AF16: =SUMIFS(一次燃料消费!AG:AG,一次燃料消费!$A:$A,$A4)*$E$14 -> 15843.977 | AG16: =SUMIFS(一次燃料消费!AH:AH,一次燃料消费!$A:$A,$A4)*$E$14 -> 15791.294 | AH16: =SUMIFS(一次燃料消费!AI:AI,一次燃料消费!$A:$A,$A4)*$E$14 -> 15741.224 | AI16: =SUMIFS(一次燃料消费!AJ:AJ,一次燃料消费!$A:$A,$A4)*$E$14 -> 15693.807 | AJ16: =SUMIFS(一次燃料消费!AK:AK,一次燃料消费!$A:$A,$A4)*$E$14 -> 15649.878 | AK16: =SUMIFS(一次燃料消费!AL:AL,一次燃料消费!$A:$A,$A4)*$E$14 -> 15606.179 | AL16: =SUMIFS(一次燃料消费!AM:AM,一次燃料消费!$A:$A,$A4)*$E$14 -> 15561.762 | AM16: =SUMIFS(一次燃料消费!AN:AN,一次燃料消费!$A:$A,$A4)*$E$14 -> 15515.632 | AN16: =SUMIFS(一次燃料消费!AO:AO,一次燃料消费!$A:$A,$A4)*$E$14 -> 15470.3
A17: electricity | B17: =VLOOKUP(A5,$J$30:$K$38,2,FALSE) -> 电力部门 | C17: =SUMIFS(一次燃料消费!D:D,一次燃料消费!$A:$A,$A5)*$E$14+C79+C81+C85+C91+C98 -> 75499.033 | D17: =SUMIFS(一次燃料消费!E:E,一次燃料消费!$A:$A,$A5)*$E$14+D79+D81+D85+D91+D98 -> 76615.47 | E17: =SUMIFS(一次燃料消费!F:F,一次燃料消费!$A:$A,$A5)*$E$14+E79+E81+E85+E91+E98 -> 80891.078 | F17: =SUMIFS(一次燃料消费!G:G,一次燃料消费!$A:$A,$A5)*$E$14+F79+F81+F85+F91+F98 -> 84720.646 | G17: =SUMIFS(一次燃料消费!H:H,一次燃料消费!$A:$A,$A5)*$E$14+G79+G81+G85+G91+G98 -> 88520.738 | H17: =SUMIFS(一次燃料消费!I:I,一次燃料消费!$A:$A,$A5)*$E$14+H79+H81+H85+H91+H98 -> 91960.394 | I17: =SUMIFS(一次燃料消费!J:J,一次燃料消费!$A:$A,$A5)*$E$14+I79+I81+I85+I91+I98 -> 95095.025 | J17: =SUMIFS(一次燃料消费!K:K,一次燃料消费!$A:$A,$A5)*$E$14+J79+J81+J85+J91+J98 -> 98345.401 | K17: =SUMIFS(一次燃料消费!L:L,一次燃料消费!$A:$A,$A5)*$E$14+K79+K81+K85+K91+K98 -> 101130.43 | L17: =SUMIFS(一次燃料消费!M:M,一次燃料消费!$A:$A,$A5)*$E$14+L79+L81+L85+L91+L98 -> 104128.65 | M17: =SUMIFS(一次燃料消费!N:N,一次燃料消费!$A:$A,$A5)*$E$14+M79+M81+M85+M91+M98 -> 107271.35 | N17: =SUMIFS(一次燃料消费!O:O,一次燃料消费!$A:$A,$A5)*$E$14+N79+N81+N85+N91+N98 -> 110361.65 | O17: =SUMIFS(一次燃料消费!P:P,一次燃料消费!$A:$A,$A5)*$E$14+O79+O81+O85+O91+O98 -> 113578.32 | P17: =SUMIFS(一次燃料消费!Q:Q,一次燃料消费!$A:$A,$A5)*$E$14+P79+P81+P85+P91+P98 -> 116429.75 | Q17: =SUMIFS(一次燃料消费!R:R,一次燃料消费!$A:$A,$A5)*$E$14+Q79+Q81+Q85+Q91+Q98 -> 119493.21 | R17: =SUMIFS(一次燃料消费!S:S,一次燃料消费!$A:$A,$A5)*$E$14+R79+R81+R85+R91+R98 -> 122782.72 | S17: =SUMIFS(一次燃料消费!T:T,一次燃料消费!$A:$A,$A5)*$E$14+S79+S81+S85+S91+S98 -> 126182.34 | T17: =SUMIFS(一次燃料消费!U:U,一次燃料消费!$A:$A,$A5)*$E$14+T79+T81+T85+T91+T98 -> 129623.07 | U17: =SUMIFS(一次燃料消费!V:V,一次燃料消费!$A:$A,$A5)*$E$14+U79+U81+U85+U91+U98 -> 132842.03 | V17: =SUMIFS(一次燃料消费!W:W,一次燃料消费!$A:$A,$A5)*$E$14+V79+V81+V85+V91+V98 -> 136135.31 | W17: =SUMIFS(一次燃料消费!X:X,一次燃料消费!$A:$A,$A5)*$E$14+W79+W81+W85+W91+W98 -> 139277.13 | X17: =SUMIFS(一次燃料消费!Y:Y,一次燃料消费!$A:$A,$A5)*$E$14+X79+X81+X85+X91+X98 -> 142428.5 | Y17: =SUMIFS(一次燃料消费!Z:Z,一次燃料消费!$A:$A,$A5)*$E$14+Y79+Y81+Y85+Y91+Y98 -> 145465.28 | Z17: =SUMIFS(一次燃料消费!AA:AA,一次燃料消费!$A:$A,$A5)*$E$14+Z79+Z81+Z85+Z91+Z98 -> 148386.93 | AA17: =SUMIFS(一次燃料消费!AB:AB,一次燃料消费!$A:$A,$A5)*$E$14+AA79+AA81+AA85+AA91+AA98 -> 151191.74 | AB17: =SUMIFS(一次燃料消费!AC:AC,一次燃料消费!$A:$A,$A5)*$E$14+AB79+AB81+AB85+AB91+AB98 -> 154035.72 | AC17: =SUMIFS(一次燃料消费!AD:AD,一次燃料消费!$A:$A,$A5)*$E$14+AC79+AC81+AC85+AC91+AC98 -> 156319.69 | AD17: =SUMIFS(一次燃料消费!AE:AE,一次燃料消费!$A:$A,$A5)*$E$14+AD79+AD81+AD85+AD91+AD98 -> 158761.11 | AE17: =SUMIFS(一次燃料消费!AF:AF,一次燃料消费!$A:$A,$A5)*$E$14+AE79+AE81+AE85+AE91+AE98 -> 160765.18 | AF17: =SUMIFS(一次燃料消费!AG:AG,一次燃料消费!$A:$A,$A5)*$E$14+AF79+AF81+AF85+AF91+AF98 -> 162409.35 | AG17: =SUMIFS(一次燃料消费!AH:AH,一次燃料消费!$A:$A,$A5)*$E$14+AG79+AG81+AG85+AG91+AG98 -> 164101.46 | AH17: =SUMIFS(一次燃料消费!AI:AI,一次燃料消费!$A:$A,$A5)*$E$14+AH79+AH81+AH85+AH91+AH98 -> 165438.96 | AI17: =SUMIFS(一次燃料消费!AJ:AJ,一次燃料消费!$A:$A,$A5)*$E$14+AI79+AI81+AI85+AI91+AI98 -> 166678.43 | AJ17: =SUMIFS(一次燃料消费!AK:AK,一次燃料消费!$A:$A,$A5)*$E$14+AJ79+AJ81+AJ85+AJ91+AJ98 -> 167605.86 | AK17: =SUMIFS(一次燃料消费!AL:AL,一次燃料消费!$A:$A,$A5)*$E$14+AK79+AK81+AK85+AK91+AK98 -> 168283.16 | AL17: =SUMIFS(一次燃料消费!AM:AM,一次燃料消费!$A:$A,$A5)*$E$14+AL79+AL81+AL85+AL91+AL98 -> 168562.79 | AM17: =SUMIFS(一次燃料消费!AN:AN,一次燃料消费!$A:$A,$A5)*$E$14+AM79+AM81+AM85+AM91+AM98 -> 168627.96 | AN17: =SUMIFS(一次燃料消费!AO:AO,一次燃料消费!$A:$A,$A5)*$E$14+AN79+AN81+AN85+AN91+AN98 -> 171177.78
A18: residential | B18: =VLOOKUP(A6,$J$30:$K$38,2,FALSE) -> 居民建筑 | C18: =SUMIFS(一次燃料消费!D:D,一次燃料消费!$A:$A,$A6)*$E$14 -> 5031.038 | D18: =SUMIFS(一次燃料消费!E:E,一次燃料消费!$A:$A,$A6)*$E$14 -> 5037.54 | E18: =SUMIFS(一次燃料消费!F:F,一次燃料消费!$A:$A,$A6)*$E$14 -> 5037.332 | F18: =SUMIFS(一次燃料消费!G:G,一次燃料消费!$A:$A,$A6)*$E$14 -> 5026.164 | G18: =SUMIFS(一次燃料消费!H:H,一次燃料消费!$A:$A,$A6)*$E$14 -> 5015.635 | H18: =SUMIFS(一次燃料消费!I:I,一次燃料消费!$A:$A,$A6)*$E$14 -> 5015.907 | I18: =SUMIFS(一次燃料消费!J:J,一次燃料消费!$A:$A,$A6)*$E$14 -> 5009.278 | J18: =SUMIFS(一次燃料消费!K:K,一次燃料消费!$A:$A,$A6)*$E$14 -> 5007.76 | K18: =SUMIFS(一次燃料消费!L:L,一次燃料消费!$A:$A,$A6)*$E$14 -> 5000.101 | L18: =SUMIFS(一次燃料消费!M:M,一次燃料消费!$A:$A,$A6)*$E$14 -> 4975.843 | M18: =SUMIFS(一次燃料消费!N:N,一次燃料消费!$A:$A,$A6)*$E$14 -> 4971.594 | N18: =SUMIFS(一次燃料消费!O:O,一次燃料消费!$A:$A,$A6)*$E$14 -> 4946.125 | O18: =SUMIFS(一次燃料消费!P:P,一次燃料消费!$A:$A,$A6)*$E$14 -> 4912.237 | P18: =SUMIFS(一次燃料消费!Q:Q,一次燃料消费!$A:$A,$A6)*$E$14 -> 4873.597 | Q18: =SUMIFS(一次燃料消费!R:R,一次燃料消费!$A:$A,$A6)*$E$14 -> 4848.117 | R18: =SUMIFS(一次燃料消费!S:S,一次燃料消费!$A:$A,$A6)*$E$14 -> 4822.848 | S18: =SUMIFS(一次燃料消费!T:T,一次燃料消费!$A:$A,$A6)*$E$14 -> 4817.678 | T18: =SUMIFS(一次燃料消费!U:U,一次燃料消费!$A:$A,$A6)*$E$14 -> 4781.478 | U18: =SUMIFS(一次燃料消费!V:V,一次燃料消费!$A:$A,$A6)*$E$14 -> 4744.278 | V18: =SUMIFS(一次燃料消费!W:W,一次燃料消费!$A:$A,$A6)*$E$14 -> 4713.178 | W18: =SUMIFS(一次燃料消费!X:X,一次燃料消费!$A:$A,$A6)*$E$14 -> 4681.088 | X18: =SUMIFS(一次燃料消费!Y:Y,一次燃料消费!$A:$A,$A6)*$E$14 -> 4661.198 | Y18: =SUMIFS(一次燃料消费!Z:Z,一次燃料消费!$A:$A,$A6)*$E$14 -> 4629.088 | Z18: =SUMIFS(一次燃料消费!AA:AA,一次燃料消费!$A:$A,$A6)*$E$14 -> 4587.677 | AA18: =SUMIFS(一次燃料消费!AB:AB,一次燃料消费!$A:$A,$A6)*$E$14 -> 4531.767 | AB18: =SUMIFS(一次燃料消费!AC:AC,一次燃料消费!$A:$A,$A6)*$E$14 -> 4496.566 | AC18: =SUMIFS(一次燃料消费!AD:AD,一次燃料消费!$A:$A,$A6)*$E$14 -> 4459.656 | AD18: =SUMIFS(一次燃料消费!AE:AE,一次燃料消费!$A:$A,$A6)*$E$14 -> 4404.445 | AE18: =SUMIFS(一次燃料消费!AF:AF,一次燃料消费!$A:$A,$A6)*$E$14 -> 4357.114 | AF18: =SUMIFS(一次燃料消费!AG:AG,一次燃料消费!$A:$A,$A6)*$E$14 -> 4297.403 | AG18: =SUMIFS(一次燃料消费!AH:AH,一次燃料消费!$A:$A,$A6)*$E$14 -> 4226.332 | AH18: =SUMIFS(一次燃料消费!AI:AI,一次燃料消费!$A:$A,$A6)*$E$14 -> 4166.591 | AI18: =SUMIFS(一次燃料消费!AJ:AJ,一次燃料消费!$A:$A,$A6)*$E$14 -> 4115.75 | AJ18: =SUMIFS(一次燃料消费!AK:AK,一次燃料消费!$A:$A,$A6)*$E$14 -> 4041.919 | AK18: =SUMIFS(一次燃料消费!AL:AL,一次燃料消费!$A:$A,$A6)*$E$14 -> 3967.727 | AL18: =SUMIFS(一次燃料消费!AM:AM,一次燃料消费!$A:$A,$A6)*$E$14 -> 3894.866 | AM18: =SUMIFS(一次燃料消费!AN:AN,一次燃料消费!$A:$A,$A6)*$E$14 -> 3821.054 | AN18: =SUMIFS(一次燃料消费!AO:AO,一次燃料消费!$A:$A,$A6)*$E$14 -> 4308.631
A19: commercial | B19: =VLOOKUP(A7,$J$30:$K$38,2,FALSE) -> 公共建筑 | C19: =SUMIFS(一次燃料消费!D:D,一次燃料消费!$A:$A,$A7)*$E$14 -> 1698.6 | D19: =SUMIFS(一次燃料消费!E:E,一次燃料消费!$A:$A,$A7)*$E$14 -> 1734.7 | E19: =SUMIFS(一次燃料消费!F:F,一次燃料消费!$A:$A,$A7)*$E$14 -> 1765.8 | F19: =SUMIFS(一次燃料消费!G:G,一次燃料消费!$A:$A,$A7)*$E$14 -> 1788.5 | G19: =SUMIFS(一次燃料消费!H:H,一次燃料消费!$A:$A,$A7)*$E$14 -> 1810.2 | H19: =SUMIFS(一次燃料消费!I:I,一次燃料消费!$A:$A,$A7)*$E$14 -> 1833.9 | I19: =SUMIFS(一次燃料消费!J:J,一次燃料消费!$A:$A,$A7)*$E$14 -> 1856.7 | J19: =SUMIFS(一次燃料消费!K:K,一次燃料消费!$A:$A,$A7)*$E$14 -> 1877.6 | K19: =SUMIFS(一次燃料消费!L:L,一次燃料消费!$A:$A,$A7)*$E$14 -> 1900.3 | L19: =SUMIFS(一次燃料消费!M:M,一次燃料消费!$A:$A,$A7)*$E$14 -> 1920.6 | M19: =SUMIFS(一次燃料消费!N:N,一次燃料消费!$A:$A,$A7)*$E$14 -> 1940.8 | N19: =SUMIFS(一次燃料消费!O:O,一次燃料消费!$A:$A,$A7)*$E$14 -> 1962.1 | O19: =SUMIFS(一次燃料消费!P:P,一次燃料消费!$A:$A,$A7)*$E$14 -> 1979 | P19: =SUMIFS(一次燃料消费!Q:Q,一次燃料消费!$A:$A,$A7)*$E$14 -> 1984.4 | Q19: =SUMIFS(一次燃料消费!R:R,一次燃料消费!$A:$A,$A7)*$E$14 -> 1991.8 | R19: =SUMIFS(一次燃料消费!S:S,一次燃料消费!$A:$A,$A7)*$E$14 -> 1998.2 | S19: =SUMIFS(一次燃料消费!T:T,一次燃料消费!$A:$A,$A7)*$E$14 -> 2006.6 | T19: =SUMIFS(一次燃料消费!U:U,一次燃料消费!$A:$A,$A7)*$E$14 -> 2010.8 | U19: =SUMIFS(一次燃料消费!V:V,一次燃料消费!$A:$A,$A7)*$E$14 -> 2010.9 | V19: =SUMIFS(一次燃料消费!W:W,一次燃料消费!$A:$A,$A7)*$E$14 -> 2010.9 | W19: =SUMIFS(一次燃料消费!X:X,一次燃料消费!$A:$A,$A7)*$E$14 -> 2010.8 | X19: =SUMIFS(一次燃料消费!Y:Y,一次燃料消费!$A:$A,$A7)*$E$14 -> 2010.8 | Y19: =SUMIFS(一次燃料消费!Z:Z,一次燃料消费!$A:$A,$A7)*$E$14 -> 2008.8 | Z19: =SUMIFS(一次燃料消费!AA:AA,一次燃料消费!$A:$A,$A7)*$E$14 -> 2005.5 | AA19: =SUMIFS(一次燃料消费!AB:AB,一次燃料消费!$A:$A,$A7)*$E$14 -> 1998.1 | AB19: =SUMIFS(一次燃料消费!AC:AC,一次燃料消费!$A:$A,$A7)*$E$14 -> 1994.9 | AC19: =SUMIFS(一次燃料消费!AD:AD,一次燃料消费!$A:$A,$A7)*$E$14 -> 1989.4 | AD19: =SUMIFS(一次燃料消费!AE:AE,一次燃料消费!$A:$A,$A7)*$E$14 -> 1982.1 | AE19: =SUMIFS(一次燃料消费!AF:AF,一次燃料消费!$A:$A,$A7)*$E$14 -> 1970.4 | AF19: =SUMIFS(一次燃料消费!AG:AG,一次燃料消费!$A:$A,$A7)*$E$14 -> 1958.6 | AG19: =SUMIFS(一次燃料消费!AH:AH,一次燃料消费!$A:$A,$A7)*$E$14 -> 1948 | AH19: =SUMIFS(一次燃料消费!AI:AI,一次燃料消费!$A:$A,$A7)*$E$14 -> 1935.2 | AI19: =SUMIFS(一次燃料消费!AJ:AJ,一次燃料消费!$A:$A,$A7)*$E$14 -> 1922.5 | AJ19: =SUMIFS(一次燃料消费!AK:AK,一次燃料消费!$A:$A,$A7)*$E$14 -> 1905.4 | AK19: =SUMIFS(一次燃料消费!AL:AL,一次燃料消费!$A:$A,$A7)*$E$14 -> 1888.4 | AL19: =SUMIFS(一次燃料消费!AM:AM,一次燃料消费!$A:$A,$A7)*$E$14 -> 1871.5001 | AM19: =SUMIFS(一次燃料消费!AN:AN,一次燃料消费!$A:$A,$A7)*$E$14 -> 1854.5001 | AN19: =SUMIFS(一次燃料消费!AO:AO,一次燃料消费!$A:$A,$A7)*$E$14 -> 2095.5
A20: industry | B20: =VLOOKUP(A8,$J$30:$K$38,2,FALSE) -> 工业燃料 | C20: =(SUMIFS(一次燃料消费!D:D,一次燃料消费!$A:$A,$A8)-SUM(工业非燃料使用!D$2:D$251))*$E$14 -> 36048.919 | D20: =(SUMIFS(一次燃料消费!E:E,一次燃料消费!$A:$A,$A8)-SUM(工业非燃料使用!E$2:E$251))*$E$14 -> 36229.144 | E20: =(SUMIFS(一次燃料消费!F:F,一次燃料消费!$A:$A,$A8)-SUM(工业非燃料使用!F$2:F$251))*$E$14 -> 37824.666 | F20: =(SUMIFS(一次燃料消费!G:G,一次燃料消费!$A:$A,$A8)-SUM(工业非燃料使用!G$2:G$251))*$E$14 -> 38318.334 | G20: =(SUMIFS(一次燃料消费!H:H,一次燃料消费!$A:$A,$A8)-SUM(工业非燃料使用!H$2:H$251))*$E$14 -> 38858.214 | H20: =(SUMIFS(一次燃料消费!I:I,一次燃料消费!$A:$A,$A8)-SUM(工业非燃料使用!I$2:I$251))*$E$14 -> 39392.955 | I20: =(SUMIFS(一次燃料消费!J:J,一次燃料消费!$A:$A,$A8)-SUM(工业非燃料使用!J$2:J$251))*$E$14 -> 39876.649 | J20: =(SUMIFS(一次燃料消费!K:K,一次燃料消费!$A:$A,$A8)-SUM(工业非燃料使用!K$2:K$251))*$E$14 -> 40439.363 | K20: =(SUMIFS(一次燃料消费!L:L,一次燃料消费!$A:$A,$A8)-SUM(工业非燃料使用!L$2:L$251))*$E$14 -> 40477.496 | L20: =(SUMIFS(一次燃料消费!M:M,一次燃料消费!$A:$A,$A8)-SUM(工业非燃料使用!M$2:M$251))*$E$14 -> 40533.594 | M20: =(SUMIFS(一次燃料消费!N:N,一次燃料消费!$A:$A,$A8)-SUM(工业非燃料使用!N$2:N$251))*$E$14 -> 40587.714 | N20: =(SUMIFS(一次燃料消费!O:O,一次燃料消费!$A:$A,$A8)-SUM(工业非燃料使用!O$2:O$251))*$E$14 -> 40743.603 | O20: =(SUMIFS(一次燃料消费!P:P,一次燃料消费!$A:$A,$A8)-SUM(工业非燃料使用!P$2:P$251))*$E$14 -> 40787.33 | P20: =(SUMIFS(一次燃料消费!Q:Q,一次燃料消费!$A:$A,$A8)-SUM(工业非燃料使用!Q$2:Q$251))*$E$14 -> 40567.361 | Q20: =(SUMIFS(一次燃料消费!R:R,一次燃料消费!$A:$A,$A8)-SUM(工业非燃料使用!R$2:R$251))*$E$14 -> 40212.256 | R20: =(SUMIFS(一次燃料消费!S:S,一次燃料消费!$A:$A,$A8)-SUM(工业非燃料使用!S$2:S$251))*$E$14 -> 39953.644 | S20: =(SUMIFS(一次燃料消费!T:T,一次燃料消费!$A:$A,$A8)-SUM(工业非燃料使用!T$2:T$251))*$E$14 -> 39700.24 | T20: =(SUMIFS(一次燃料消费!U:U,一次燃料消费!$A:$A,$A8)-SUM(工业非燃料使用!U$2:U$251))*$E$14 -> 39439.544 | U20: =(SUMIFS(一次燃料消费!V:V,一次燃料消费!$A:$A,$A8)-SUM(工业非燃料使用!V$2:V$251))*$E$14 -> 38977.033 | V20: =(SUMIFS(一次燃料消费!W:W,一次燃料消费!$A:$A,$A8)-SUM(工业非燃料使用!W$2:W$251))*$E$14 -> 38540.694 | W20: =(SUMIFS(一次燃料消费!X:X,一次燃料消费!$A:$A,$A8)-SUM(工业非燃料使用!X$2:X$251))*$E$14 -> 38069.309 | X20: =(SUMIFS(一次燃料消费!Y:Y,一次燃料消费!$A:$A,$A8)-SUM(工业非燃料使用!Y$2:Y$251))*$E$14 -> 37617.754 | Y20: =(SUMIFS(一次燃料消费!Z:Z,一次燃料消费!$A:$A,$A8)-SUM(工业非燃料使用!Z$2:Z$251))*$E$14 -> 37157.517 | Z20: =(SUMIFS(一次燃料消费!AA:AA,一次燃料消费!$A:$A,$A8)-SUM(工业非燃料使用!AA$2:AA$251))*$E$14 -> 36787.372 | AA20: =(SUMIFS(一次燃料消费!AB:AB,一次燃料消费!$A:$A,$A8)-SUM(工业非燃料使用!AB$2:AB$251))*$E$14 -> 36313.026 | AB20: =(SUMIFS(一次燃料消费!AC:AC,一次燃料消费!$A:$A,$A8)-SUM(工业非燃料使用!AC$2:AC$251))*$E$14 -> 35937.511 | AC20: =(SUMIFS(一次燃料消费!AD:AD,一次燃料消费!$A:$A,$A8)-SUM(工业非燃料使用!AD$2:AD$251))*$E$14 -> 35490.565 | AD20: =(SUMIFS(一次燃料消费!AE:AE,一次燃料消费!$A:$A,$A8)-SUM(工业非燃料使用!AE$2:AE$251))*$E$14 -> 35040.542 | AE20: =(SUMIFS(一次燃料消费!AF:AF,一次燃料消费!$A:$A,$A8)-SUM(工业非燃料使用!AF$2:AF$251))*$E$14 -> 34588.335 | AF20: =(SUMIFS(一次燃料消费!AG:AG,一次燃料消费!$A:$A,$A8)-SUM(工业非燃料使用!AG$2:AG$251))*$E$14 -> 34133.233 | AG20: =(SUMIFS(一次燃料消费!AH:AH,一次燃料消费!$A:$A,$A8)-SUM(工业非燃料使用!AH$2:AH$251))*$E$14 -> 33639.376 | AH20: =(SUMIFS(一次燃料消费!AI:AI,一次燃料消费!$A:$A,$A8)-SUM(工业非燃料使用!AI$2:AI$251))*$E$14 -> 33166.641 | AI20: =(SUMIFS(一次燃料消费!AJ:AJ,一次燃料消费!$A:$A,$A8)-SUM(工业非燃料使用!AJ$2:AJ$251))*$E$14 -> 32663.519 | AJ20: =(SUMIFS(一次燃料消费!AK:AK,一次燃料消费!$A:$A,$A8)-SUM(工业非燃料使用!AK$2:AK$251))*$E$14 -> 32250.912 | AK20: =(SUMIFS(一次燃料消费!AL:AL,一次燃料消费!$A:$A,$A8)-SUM(工业非燃料使用!AL$2:AL$251))*$E$14 -> 31858.315 | AL20: =(SUMIFS(一次燃料消费!AM:AM,一次燃料消费!$A:$A,$A8)-SUM(工业非燃料使用!AM$2:AM$251))*$E$14 -> 31429.52 | AM20: =(SUMIFS(一次燃料消费!AN:AN,一次燃料消费!$A:$A,$A8)-SUM(工业非燃料使用!AN$2:AN$251))*$E$14 -> 30987.204 | AN20: =(SUMIFS(一次燃料消费!AO:AO,一次燃料消费!$A:$A,$A8)-SUM(工业非燃料使用!AO$2:AO$251))*$E$14 -> 30503.703
A21: heating & H2 | B21: =VLOOKUP(A9,$J$30:$K$38,2,FALSE) -> 供热与氢能 | C21: =SUMIFS(一次燃料消费!D:D,一次燃料消费!$A:$A,$A9)*$E$14 -> 6658.9289 | D21: =SUMIFS(一次燃料消费!E:E,一次燃料消费!$A:$A,$A9)*$E$14 -> 6839.0561 | E21: =SUMIFS(一次燃料消费!F:F,一次燃料消费!$A:$A,$A9)*$E$14 -> 7032.3866 | F21: =SUMIFS(一次燃料消费!G:G,一次燃料消费!$A:$A,$A9)*$E$14 -> 7192.1133 | G21: =SUMIFS(一次燃料消费!H:H,一次燃料消费!$A:$A,$A9)*$E$14 -> 7358.0581 | H21: =SUMIFS(一次燃料消费!I:I,一次燃料消费!$A:$A,$A9)*$E$14 -> 7523.0344 | I21: =SUMIFS(一次燃料消费!J:J,一次燃料消费!$A:$A,$A9)*$E$14 -> 7708.0413 | J21: =SUMIFS(一次燃料消费!K:K,一次燃料消费!$A:$A,$A9)*$E$14 -> 7888.7064 | K21: =SUMIFS(一次燃料消费!L:L,一次燃料消费!$A:$A,$A9)*$E$14 -> 8033.9679 | L21: =SUMIFS(一次燃料消费!M:M,一次燃料消费!$A:$A,$A9)*$E$14 -> 8196.1427 | M21: =SUMIFS(一次燃料消费!N:N,一次燃料消费!$A:$A,$A9)*$E$14 -> 8295.2949 | N21: =SUMIFS(一次燃料消费!O:O,一次燃料消费!$A:$A,$A9)*$E$14 -> 8389.5645 | O21: =SUMIFS(一次燃料消费!P:P,一次燃料消费!$A:$A,$A9)*$E$14 -> 8485.4832 | P21: =SUMIFS(一次燃料消费!Q:Q,一次燃料消费!$A:$A,$A9)*$E$14 -> 8515.2295 | Q21: =SUMIFS(一次燃料消费!R:R,一次燃料消费!$A:$A,$A9)*$E$14 -> 8549.8304 | R21: =SUMIFS(一次燃料消费!S:S,一次燃料消费!$A:$A,$A9)*$E$14 -> 8588.5126 | S21: =SUMIFS(一次燃料消费!T:T,一次燃料消费!$A:$A,$A9)*$E$14 -> 8618.147 | T21: =SUMIFS(一次燃料消费!U:U,一次燃料消费!$A:$A,$A9)*$E$14 -> 8657.0808 | U21: =SUMIFS(一次燃料消费!V:V,一次燃料消费!$A:$A,$A9)*$E$14 -> 8668.7684 | V21: =SUMIFS(一次燃料消费!W:W,一次燃料消费!$A:$A,$A9)*$E$14 -> 8664.0812 | W21: =SUMIFS(一次燃料消费!X:X,一次燃料消费!$A:$A,$A9)*$E$14 -> 8676.699 | X21: =SUMIFS(一次燃料消费!Y:Y,一次燃料消费!$A:$A,$A9)*$E$14 -> 8691.6892 | Y21: =SUMIFS(一次燃料消费!Z:Z,一次燃料消费!$A:$A,$A9)*$E$14 -> 8699.0022 | Z21: =SUMIFS(一次燃料消费!AA:AA,一次燃料消费!$A:$A,$A9)*$E$14 -> 8690.4514 | AA21: =SUMIFS(一次燃料消费!AB:AB,一次燃料消费!$A:$A,$A9)*$E$14 -> 8699.9572 | AB21: =SUMIFS(一次燃料消费!AC:AC,一次燃料消费!$A:$A,$A9)*$E$14 -> 8694.4045 | AC21: =SUMIFS(一次燃料消费!AD:AD,一次燃料消费!$A:$A,$A9)*$E$14 -> 8689.5446 | AD21: =SUMIFS(一次燃料消费!AE:AE,一次燃料消费!$A:$A,$A9)*$E$14 -> 8701.0363 | AE21: =SUMIFS(一次燃料消费!AF:AF,一次燃料消费!$A:$A,$A9)*$E$14 -> 8680.1167 | AF21: =SUMIFS(一次燃料消费!AG:AG,一次燃料消费!$A:$A,$A9)*$E$14 -> 8667.536 | AG21: =SUMIFS(一次燃料消费!AH:AH,一次燃料消费!$A:$A,$A9)*$E$14 -> 8655.8512 | AH21: =SUMIFS(一次燃料消费!AI:AI,一次燃料消费!$A:$A,$A9)*$E$14 -> 8648.2751 | AI21: =SUMIFS(一次燃料消费!AJ:AJ,一次燃料消费!$A:$A,$A9)*$E$14 -> 8628.6652 | AJ21: =SUMIFS(一次燃料消费!AK:AK,一次燃料消费!$A:$A,$A9)*$E$14 -> 8624.3752 | AK21: =SUMIFS(一次燃料消费!AL:AL,一次燃料消费!$A:$A,$A9)*$E$14 -> 8617.3536 | AL21: =SUMIFS(一次燃料消费!AM:AM,一次燃料消费!$A:$A,$A9)*$E$14 -> 8611.3179 | AM21: =SUMIFS(一次燃料消费!AN:AN,一次燃料消费!$A:$A,$A9)*$E$14 -> 8592.4066 | AN21: =SUMIFS(一次燃料消费!AO:AO,一次燃料消费!$A:$A,$A9)*$E$14 -> 8847.2638
A22: LULUCF | B22: =VLOOKUP(A10,$J$30:$K$38,2,FALSE) -> 土地利用 | C22: =SUMIFS(一次燃料消费!D:D,一次燃料消费!$A:$A,$A10)*$E$14 -> 0 | D22: =SUMIFS(一次燃料消费!E:E,一次燃料消费!$A:$A,$A10)*$E$14 -> 0 | E22: =SUMIFS(一次燃料消费!F:F,一次燃料消费!$A:$A,$A10)*$E$14 -> 0 | F22: =SUMIFS(一次燃料消费!G:G,一次燃料消费!$A:$A,$A10)*$E$14 -> 0 | G22: =SUMIFS(一次燃料消费!H:H,一次燃料消费!$A:$A,$A10)*$E$14 -> 0 | H22: =SUMIFS(一次燃料消费!I:I,一次燃料消费!$A:$A,$A10)*$E$14 -> 0 | I22: =SUMIFS(一次燃料消费!J:J,一次燃料消费!$A:$A,$A10)*$E$14 -> 0 | J22: =SUMIFS(一次燃料消费!K:K,一次燃料消费!$A:$A,$A10)*$E$14 -> 0 | K22: =SUMIFS(一次燃料消费!L:L,一次燃料消费!$A:$A,$A10)*$E$14 -> 0 | L22: =SUMIFS(一次燃料消费!M:M,一次燃料消费!$A:$A,$A10)*$E$14 -> 0 | M22: =SUMIFS(一次燃料消费!N:N,一次燃料消费!$A:$A,$A10)*$E$14 -> 0 | N22: =SUMIFS(一次燃料消费!O:O,一次燃料消费!$A:$A,$A10)*$E$14 -> 0 | O22: =SUMIFS(一次燃料消费!P:P,一次燃料消费!$A:$A,$A10)*$E$14 -> 0 | P22: =SUMIFS(一次燃料消费!Q:Q,一次燃料消费!$A:$A,$A10)*$E$14 -> 0 | Q22: =SUMIFS(一次燃料消费!R:R,一次燃料消费!$A:$A,$A10)*$E$14 -> 0 | R22: =SUMIFS(一次燃料消费!S:S,一次燃料消费!$A:$A,$A10)*$E$14 -> 0 | S22: =SUMIFS(一次燃料消费!T:T,一次燃料消费!$A:$A,$A10)*$E$14 -> 0 | T22: =SUMIFS(一次燃料消费!U:U,一次燃料消费!$A:$A,$A10)*$E$14 -> 0 | U22: =SUMIFS(一次燃料消费!V:V,一次燃料消费!$A:$A,$A10)*$E$14 -> 0 | V22: =SUMIFS(一次燃料消费!W:W,一次燃料消费!$A:$A,$A10)*$E$14 -> 0 | W22: =SUMIFS(一次燃料消费!X:X,一次燃料消费!$A:$A,$A10)*$E$14 -> 0 | X22: =SUMIFS(一次燃料消费!Y:Y,一次燃料消费!$A:$A,$A10)*$E$14 -> 0 | Y22: =SUMIFS(一次燃料消费!Z:Z,一次燃料消费!$A:$A,$A10)*$E$14 -> 0 | Z22: =SUMIFS(一次燃料消费!AA:AA,一次燃料消费!$A:$A,$A10)*$E$14 -> 0 | AA22: =SUMIFS(一次燃料消费!AB:AB,一次燃料消费!$A:$A,$A10)*$E$14 -> 0 | AB22: =SUMIFS(一次燃料消费!AC:AC,一次燃料消费!$A:$A,$A10)*$E$14 -> 0 | AC22: =SUMIFS(一次燃料消费!AD:AD,一次燃料消费!$A:$A,$A10)*$E$14 -> 0 | AD22: =SUMIFS(一次燃料消费!AE:AE,一次燃料消费!$A:$A,$A10)*$E$14 -> 0 | AE22: =SUMIFS(一次燃料消费!AF:AF,一次燃料消费!$A:$A,$A10)*$E$14 -> 0 | AF22: =SUMIFS(一次燃料消费!AG:AG,一次燃料消费!$A:$A,$A10)*$E$14 -> 0 | AG22: =SUMIFS(一次燃料消费!AH:AH,一次燃料消费!$A:$A,$A10)*$E$14 -> 0 | AH22: =SUMIFS(一次燃料消费!AI:AI,一次燃料消费!$A:$A,$A10)*$E$14 -> 0 | AI22: =SUMIFS(一次燃料消费!AJ:AJ,一次燃料消费!$A:$A,$A10)*$E$14 -> 0 | AJ22: =SUMIFS(一次燃料消费!AK:AK,一次燃料消费!$A:$A,$A10)*$E$14 -> 0 | AK22: =SUMIFS(一次燃料消费!AL:AL,一次燃料消费!$A:$A,$A10)*$E$14 -> 0 | AL22: =SUMIFS(一次燃料消费!AM:AM,一次燃料消费!$A:$A,$A10)*$E$14 -> 0 | AM22: =SUMIFS(一次燃料消费!AN:AN,一次燃料消费!$A:$A,$A10)*$E$14 -> 0 | AN22: =SUMIFS(一次燃料消费!AO:AO,一次燃料消费!$A:$A,$A10)*$E$14 -> 0
A23: Geoengineering | B23: =VLOOKUP(A11,$J$30:$K$38,2,FALSE) -> 碳捕集 | C23: =SUMIFS(一次燃料消费!D:D,一次燃料消费!$A:$A,$A11)*$E$14 -> 0 | D23: =SUMIFS(一次燃料消费!E:E,一次燃料消费!$A:$A,$A11)*$E$14 -> 0 | E23: =SUMIFS(一次燃料消费!F:F,一次燃料消费!$A:$A,$A11)*$E$14 -> 0 | F23: =SUMIFS(一次燃料消费!G:G,一次燃料消费!$A:$A,$A11)*$E$14 -> 0 | G23: =SUMIFS(一次燃料消费!H:H,一次燃料消费!$A:$A,$A11)*$E$14 -> 0 | H23: =SUMIFS(一次燃料消费!I:I,一次燃料消费!$A:$A,$A11)*$E$14 -> 0 | I23: =SUMIFS(一次燃料消费!J:J,一次燃料消费!$A:$A,$A11)*$E$14 -> 0 | J23: =SUMIFS(一次燃料消费!K:K,一次燃料消费!$A:$A,$A11)*$E$14 -> 0 | K23: =SUMIFS(一次燃料消费!L:L,一次燃料消费!$A:$A,$A11)*$E$14 -> 0 | L23: =SUMIFS(一次燃料消费!M:M,一次燃料消费!$A:$A,$A11)*$E$14 -> 0 | M23: =SUMIFS(一次燃料消费!N:N,一次燃料消费!$A:$A,$A11)*$E$14 -> 0 | N23: =SUMIFS(一次燃料消费!O:O,一次燃料消费!$A:$A,$A11)*$E$14 -> 0 | O23: =SUMIFS(一次燃料消费!P:P,一次燃料消费!$A:$A,$A11)*$E$14 -> 0 | P23: =SUMIFS(一次燃料消费!Q:Q,一次燃料消费!$A:$A,$A11)*$E$14 -> 0 | Q23: =SUMIFS(一次燃料消费!R:R,一次燃料消费!$A:$A,$A11)*$E$14 -> 0 | R23: =SUMIFS(一次燃料消费!S:S,一次燃料消费!$A:$A,$A11)*$E$14 -> 0 | S23: =SUMIFS(一次燃料消费!T:T,一次燃料消费!$A:$A,$A11)*$E$14 -> 0 | T23: =SUMIFS(一次燃料消费!U:U,一次燃料消费!$A:$A,$A11)*$E$14 -> 0 | U23: =SUMIFS(一次燃料消费!V:V,一次燃料消费!$A:$A,$A11)*$E$14 -> 0 | V23: =SUMIFS(一次燃料消费!W:W,一次燃料消费!$A:$A,$A11)*$E$14 -> 0 | W23: =SUMIFS(一次燃料消费!X:X,一次燃料消费!$A:$A,$A11)*$E$14 -> 0 | X23: =SUMIFS(一次燃料消费!Y:Y,一次燃料消费!$A:$A,$A11)*$E$14 -> 0 | Y23: =SUMIFS(一次燃料消费!Z:Z,一次燃料消费!$A:$A,$A11)*$E$14 -> 0 | Z23: =SUMIFS(一次燃料消费!AA:AA,一次燃料消费!$A:$A,$A11)*$E$14 -> 0 | AA23: =SUMIFS(一次燃料消费!AB:AB,一次燃料消费!$A:$A,$A11)*$E$14 -> 0 | AB23: =SUMIFS(一次燃料消费!AC:AC,一次燃料消费!$A:$A,$A11)*$E$14 -> 0 | AC23: =SUMIFS(一次燃料消费!AD:AD,一次燃料消费!$A:$A,$A11)*$E$14 -> 0 | AD23: =SUMIFS(一次燃料消费!AE:AE,一次燃料消费!$A:$A,$A11)*$E$14 -> 0 | AE23: =SUMIFS(一次燃料消费!AF:AF,一次燃料消费!$A:$A,$A11)*$E$14 -> 0 | AF23: =SUMIFS(一次燃料消费!AG:AG,一次燃料消费!$A:$A,$A11)*$E$14 -> 0 | AG23: =SUMIFS(一次燃料消费!AH:AH,一次燃料消费!$A:$A,$A11)*$E$14 -> 0 | AH23: =SUMIFS(一次燃料消费!AI:AI,一次燃料消费!$A:$A,$A11)*$E$14 -> 0 | AI23: =SUMIFS(一次燃料消费!AJ:AJ,一次燃料消费!$A:$A,$A11)*$E$14 -> 0 | AJ23: =SUMIFS(一次燃料消费!AK:AK,一次燃料消费!$A:$A,$A11)*$E$14 -> 0 | AK23: =SUMIFS(一次燃料消费!AL:AL,一次燃料消费!$A:$A,$A11)*$E$14 -> 0 | AL23: =SUMIFS(一次燃料消费!AM:AM,一次燃料消费!$A:$A,$A11)*$E$14 -> 0 | AM23: =SUMIFS(一次燃料消费!AN:AN,一次燃料消费!$A:$A,$A11)*$E$14 -> 0 | AN23: =SUMIFS(一次燃料消费!AO:AO,一次燃料消费!$A:$A,$A11)*$E$14 -> 0
A24: nonenergy use | B24: =VLOOKUP(A12,$J$30:$K$38,2,FALSE) -> 非燃料使用 | C24: =(SUM(工业非燃料使用!D$2:D$251)-工业非燃料使用!D13-工业非燃料使用!D83-工业非燃料使用!D88)*$E$14 -> 21140.249 | D24: =(SUM(工业非燃料使用!E$2:E$251)-工业非燃料使用!E13-工业非燃料使用!E83-工业非燃料使用!E88)*$E$14 -> 21795.923 | E24: =(SUM(工业非燃料使用!F$2:F$251)-工业非燃料使用!F13-工业非燃料使用!F83-工业非燃料使用!F88)*$E$14 -> 22696.997 | F24: =(SUM(工业非燃料使用!G$2:G$251)-工业非燃料使用!G13-工业非燃料使用!G83-工业非燃料使用!G88)*$E$14 -> 23344.517 | G24: =(SUM(工业非燃料使用!H$2:H$251)-工业非燃料使用!H13-工业非燃料使用!H83-工业非燃料使用!H88)*$E$14 -> 23968.923 | H24: =(SUM(工业非燃料使用!I$2:I$251)-工业非燃料使用!I13-工业非燃料使用!I83-工业非燃料使用!I88)*$E$14 -> 24572.979 | I24: =(SUM(工业非燃料使用!J$2:J$251)-工业非燃料使用!J13-工业非燃料使用!J83-工业非燃料使用!J88)*$E$14 -> 25156.515 | J24: =(SUM(工业非燃料使用!K$2:K$251)-工业非燃料使用!K13-工业非燃料使用!K83-工业非燃料使用!K88)*$E$14 -> 25766.036 | ... AN24: =(SUM(工业非燃料使用!AO$2:AO$251)-工业非燃料使用!AO13-工业非燃料使用!AO83-工业非燃料使用!AO88)*$E$14 -> 27313.84
L29: Max Value
J30: Transportation | K30: 交通部门 | L30: =MAX(C4:AN4) -> 75662.667
J31: electricity | K31: 电力部门 | L31: =MAX(C5:AN5) -> 616390.41
J32: Residential | K32: 居民建筑 | L32: =MAX(C6:AN6) -> 18139.57
J33: Commercial | K33: 公共建筑 | L33: =MAX(C7:AN7) -> 7545.6411
J34: industry | K34: 工业燃料 | L34: =MAX(C8:AN8) -> 146870.22
J35: heating & H2 | K35: 供热与氢能 | L35: =MAX(C9:AN9) -> 31857.923
J36: LULUCF | K36: 土地利用 | L36: =MAX(C10:AN10) -> 0
J37: Geoengineering | K37: 碳捕集 | L37: =MAX(C11:AN11) -> 0
J38: nonenergy use | K38: 非燃料使用 | L38: =MAX(C12:AN12) -> 100646.26
C45: =C$3 -> 2023 | D45: =D$3 -> 2024 | E45: =E$3 -> 2025 | F45: =F$3 -> 2026 | G45: =G$3 -> 2027 | H45: =H$3 -> 2028 | I45: =I$3 -> 2029 | J45: =J$3 -> 2030 | ... AN45: =AN$3 -> 2060 | AO45: total con
A46: hard coal | B46: 煤炭 | C46: =(SUMIFS(一次能源消费!C:C,一次能源消费!$A:$A,$A46)-SUMIFS(工业非燃料使用!D:D,工业非燃料使用!$B:$B,$A46))*$E$2 -> 240146.06 | D46: =(SUMIFS(一次能源消费!D:D,一次能源消费!$A:$A,$A46)-SUMIFS(工业非燃料使用!E:E,工业非燃料使用!$B:$B,$A46))*$E$2 -> 239398.03 | E46: =(SUMIFS(一次能源消费!E:E,一次能源消费!$A:$A,$A46)-SUMIFS(工业非燃料使用!F:F,工业非燃料使用!$B:$B,$A46))*$E$2 -> 251832.89 | F46: =(SUMIFS(一次能源消费!F:F,一次能源消费!$A:$A,$A46)-SUMIFS(工业非燃料使用!G:G,工业非燃料使用!$B:$B,$A46))*$E$2 -> 259848.2 | G46: =(SUMIFS(一次能源消费!G:G,一次能源消费!$A:$A,$A46)-SUMIFS(工业非燃料使用!H:H,工业非燃料使用!$B:$B,$A46))*$E$2 -> 268172.2 | H46: =(SUMIFS(一次能源消费!H:H,一次能源消费!$A:$A,$A46)-SUMIFS(工业非燃料使用!I:I,工业非燃料使用!$B:$B,$A46))*$E$2 -> 275839.73 | I46: =(SUMIFS(一次能源消费!I:I,一次能源消费!$A:$A,$A46)-SUMIFS(工业非燃料使用!J:J,工业非燃料使用!$B:$B,$A46))*$E$2 -> 282498.91 | J46: =(SUMIFS(一次能源消费!J:J,一次能源消费!$A:$A,$A46)-SUMIFS(工业非燃料使用!K:K,工业非燃料使用!$B:$B,$A46))*$E$2 -> 289994.42 | K46: =(SUMIFS(一次能源消费!K:K,一次能源消费!$A:$A,$A46)-SUMIFS(工业非燃料使用!L:L,工业非燃料使用!$B:$B,$A46))*$E$2 -> 291920.34 | L46: =(SUMIFS(一次能源消费!L:L,一次能源消费!$A:$A,$A46)-SUMIFS(工业非燃料使用!M:M,工业非燃料使用!$B:$B,$A46))*$E$2 -> 293503.61 | M46: =(SUMIFS(一次能源消费!M:M,一次能源消费!$A:$A,$A46)-SUMIFS(工业非燃料使用!N:N,工业非燃料使用!$B:$B,$A46))*$E$2 -> 294534.86 | N46: =(SUMIFS(一次能源消费!N:N,一次能源消费!$A:$A,$A46)-SUMIFS(工业非燃料使用!O:O,工业非燃料使用!$B:$B,$A46))*$E$2 -> 295755.05 | O46: =(SUMIFS(一次能源消费!O:O,一次能源消费!$A:$A,$A46)-SUMIFS(工业非燃料使用!P:P,工业非燃料使用!$B:$B,$A46))*$E$2 -> 292219.82 | P46: =(SUMIFS(一次能源消费!P:P,一次能源消费!$A:$A,$A46)-SUMIFS(工业非燃料使用!Q:Q,工业非燃料使用!$B:$B,$A46))*$E$2 -> 287908.41 | Q46: =(SUMIFS(一次能源消费!Q:Q,一次能源消费!$A:$A,$A46)-SUMIFS(工业非燃料使用!R:R,工业非燃料使用!$B:$B,$A46))*$E$2 -> 282720.99 | R46: =(SUMIFS(一次能源消费!R:R,一次能源消费!$A:$A,$A46)-SUMIFS(工业非燃料使用!S:S,工业非燃料使用!$B:$B,$A46))*$E$2 -> 277724.23 | S46: =(SUMIFS(一次能源消费!S:S,一次能源消费!$A:$A,$A46)-SUMIFS(工业非燃料使用!T:T,工业非燃料使用!$B:$B,$A46))*$E$2 -> 272464.25 | T46: =(SUMIFS(一次能源消费!T:T,一次能源消费!$A:$A,$A46)-SUMIFS(工业非燃料使用!U:U,工业非燃料使用!$B:$B,$A46))*$E$2 -> 266928.38 | U46: =(SUMIFS(一次能源消费!U:U,一次能源消费!$A:$A,$A46)-SUMIFS(工业非燃料使用!V:V,工业非燃料使用!$B:$B,$A46))*$E$2 -> 260568.58 | V46: =(SUMIFS(一次能源消费!V:V,一次能源消费!$A:$A,$A46)-SUMIFS(工业非燃料使用!W:W,工业非燃料使用!$B:$B,$A46))*$E$2 -> 253996.17 | W46: =(SUMIFS(一次能源消费!W:W,一次能源消费!$A:$A,$A46)-SUMIFS(工业非燃料使用!X:X,工业非燃料使用!$B:$B,$A46))*$E$2 -> 247316.95 | X46: =(SUMIFS(一次能源消费!X:X,一次能源消费!$A:$A,$A46)-SUMIFS(工业非燃料使用!Y:Y,工业非燃料使用!$B:$B,$A46))*$E$2 -> 240513.02 | Y46: =(SUMIFS(一次能源消费!Y:Y,一次能源消费!$A:$A,$A46)-SUMIFS(工业非燃料使用!Z:Z,工业非燃料使用!$B:$B,$A46))*$E$2 -> 233512.68 | Z46: =(SUMIFS(一次能源消费!Z:Z,一次能源消费!$A:$A,$A46)-SUMIFS(工业非燃料使用!AA:AA,工业非燃料使用!$B:$B,$A46))*$E$2 -> 226630.3 | AA46: =(SUMIFS(一次能源消费!AA:AA,一次能源消费!$A:$A,$A46)-SUMIFS(工业非燃料使用!AB:AB,工业非燃料使用!$B:$B,$A46))*$E$2 -> 219294.33 | AB46: =(SUMIFS(一次能源消费!AB:AB,一次能源消费!$A:$A,$A46)-SUMIFS(工业非燃料使用!AC:AC,工业非燃料使用!$B:$B,$A46))*$E$2 -> 212118.21 | AC46: =(SUMIFS(一次能源消费!AC:AC,一次能源消费!$A:$A,$A46)-SUMIFS(工业非燃料使用!AD:AD,工业非燃料使用!$B:$B,$A46))*$E$2 -> 204620.99 | AD46: =(SUMIFS(一次能源消费!AD:AD,一次能源消费!$A:$A,$A46)-SUMIFS(工业非燃料使用!AE:AE,工业非燃料使用!$B:$B,$A46))*$E$2 -> 197178.93 | AE46: =(SUMIFS(一次能源消费!AE:AE,一次能源消费!$A:$A,$A46)-SUMIFS(工业非燃料使用!AF:AF,工业非燃料使用!$B:$B,$A46))*$E$2 -> 189746.08 | AF46: =(SUMIFS(一次能源消费!AF:AF,一次能源消费!$A:$A,$A46)-SUMIFS(工业非燃料使用!AG:AG,工业非燃料使用!$B:$B,$A46))*$E$2 -> 182102.78 | AG46: =(SUMIFS(一次能源消费!AG:AG,一次能源消费!$A:$A,$A46)-SUMIFS(工业非燃料使用!AH:AH,工业非燃料使用!$B:$B,$A46))*$E$2 -> 174527.22 | AH46: =(SUMIFS(一次能源消费!AH:AH,一次能源消费!$A:$A,$A46)-SUMIFS(工业非燃料使用!AI:AI,工业非燃料使用!$B:$B,$A46))*$E$2 -> 167063.17 | AI46: =(SUMIFS(一次能源消费!AI:AI,一次能源消费!$A:$A,$A46)-SUMIFS(工业非燃料使用!AJ:AJ,工业非燃料使用!$B:$B,$A46))*$E$2 -> 159559.45 | AJ46: =(SUMIFS(一次能源消费!AJ:AJ,一次能源消费!$A:$A,$A46)-SUMIFS(工业非燃料使用!AK:AK,工业非燃料使用!$B:$B,$A46))*$E$2 -> 152462.9 | AK46: =(SUMIFS(一次能源消费!AK:AK,一次能源消费!$A:$A,$A46)-SUMIFS(工业非燃料使用!AL:AL,工业非燃料使用!$B:$B,$A46))*$E$2 -> 145497.85 | AL46: =(SUMIFS(一次能源消费!AL:AL,一次能源消费!$A:$A,$A46)-SUMIFS(工业非燃料使用!AM:AM,工业非燃料使用!$B:$B,$A46))*$E$2 -> 138659.58 | AM46: =(SUMIFS(一次能源消费!AM:AM,一次能源消费!$A:$A,$A46)-SUMIFS(工业非燃料使用!AN:AN,工业非燃料使用!$B:$B,$A46))*$E$2 -> 132209.07 | AN46: =(SUMIFS(一次能源消费!AN:AN,一次能源消费!$A:$A,$A46)-SUMIFS(工业非燃料使用!AO:AO,工业非燃料使用!$B:$B,$A46))*$E$2 -> 127815.99 | AO46: =SUM(C46:AN46) -> 8828804.6
A47: wind | B47: 可再生能源 | C47: =(SUMIFS(一次能源消费!C:C,一次能源消费!$A:$A,$A47)-SUMIFS(工业非燃料使用!D:D,工业非燃料使用!$B:$B,$A47))*$E$2 -> 26618.847 | D47: =(SUMIFS(一次能源消费!D:D,一次能源消费!$A:$A,$A47)-SUMIFS(工业非燃料使用!E:E,工业非燃料使用!$B:$B,$A47))*$E$2 -> 27982.428 | E47: =(SUMIFS(一次能源消费!E:E,一次能源消费!$A:$A,$A47)-SUMIFS(工业非燃料使用!F:F,工业非燃料使用!$B:$B,$A47))*$E$2 -> 28679.918 | F47: =(SUMIFS(一次能源消费!F:F,一次能源消费!$A:$A,$A47)-SUMIFS(工业非燃料使用!G:G,工业非燃料使用!$B:$B,$A47))*$E$2 -> 29247.668 | G47: =(SUMIFS(一次能源消费!G:G,一次能源消费!$A:$A,$A47)-SUMIFS(工业非燃料使用!H:H,工业非燃料使用!$B:$B,$A47))*$E$2 -> 29663.066 | H47: =(SUMIFS(一次能源消费!H:H,一次能源消费!$A:$A,$A47)-SUMIFS(工业非燃料使用!I:I,工业非燃料使用!$B:$B,$A47))*$E$2 -> 30261.388 | I47: =(SUMIFS(一次能源消费!I:I,一次能源消费!$A:$A,$A47)-SUMIFS(工业非燃料使用!J:J,工业非燃料使用!$B:$B,$A47))*$E$2 -> 30963.739 | J47: =(SUMIFS(一次能源消费!J:J,一次能源消费!$A:$A,$A47)-SUMIFS(工业非燃料使用!K:K,工业非燃料使用!$B:$B,$A47))*$E$2 -> 31837.852 | K47: =(SUMIFS(一次能源消费!K:K,一次能源消费!$A:$A,$A47)-SUMIFS(工业非燃料使用!L:L,工业非燃料使用!$B:$B,$A47))*$E$2 -> 33310.072 | L47: =(SUMIFS(一次能源消费!L:L,一次能源消费!$A:$A,$A47)-SUMIFS(工业非燃料使用!M:M,工业非燃料使用!$B:$B,$A47))*$E$2 -> 35035.109 | M47: =(SUMIFS(一次能源消费!M:M,一次能源消费!$A:$A,$A47)-SUMIFS(工业非燃料使用!N:N,工业非燃料使用!$B:$B,$A47))*$E$2 -> 36801.7 | N47: =(SUMIFS(一次能源消费!N:N,一次能源消费!$A:$A,$A47)-SUMIFS(工业非燃料使用!O:O,工业非燃料使用!$B:$B,$A47))*$E$2 -> 38423.895 | O47: =(SUMIFS(一次能源消费!O:O,一次能源消费!$A:$A,$A47)-SUMIFS(工业非燃料使用!P:P,工业非燃料使用!$B:$B,$A47))*$E$2 -> 40921.465 | P47: =(SUMIFS(一次能源消费!P:P,一次能源消费!$A:$A,$A47)-SUMIFS(工业非燃料使用!Q:Q,工业非燃料使用!$B:$B,$A47))*$E$2 -> 43095.315 | Q47: =(SUMIFS(一次能源消费!Q:Q,一次能源消费!$A:$A,$A47)-SUMIFS(工业非燃料使用!R:R,工业非燃料使用!$B:$B,$A47))*$E$2 -> 45382.233 | R47: =(SUMIFS(一次能源消费!R:R,一次能源消费!$A:$A,$A47)-SUMIFS(工业非燃料使用!S:S,工业非燃料使用!$B:$B,$A47))*$E$2 -> 47734.327 | S47: =(SUMIFS(一次能源消费!S:S,一次能源消费!$A:$A,$A47)-SUMIFS(工业非燃料使用!T:T,工业非燃料使用!$B:$B,$A47))*$E$2 -> 50242.339 | T47: =(SUMIFS(一次能源消费!T:T,一次能源消费!$A:$A,$A47)-SUMIFS(工业非燃料使用!U:U,工业非燃料使用!$B:$B,$A47))*$E$2 -> 52848.295 | U47: =(SUMIFS(一次能源消费!U:U,一次能源消费!$A:$A,$A47)-SUMIFS(工业非燃料使用!V:V,工业非燃料使用!$B:$B,$A47))*$E$2 -> 55288.25 | V47: =(SUMIFS(一次能源消费!V:V,一次能源消费!$A:$A,$A47)-SUMIFS(工业非燃料使用!W:W,工业非燃料使用!$B:$B,$A47))*$E$2 -> 57787.26 | W47: =(SUMIFS(一次能源消费!W:W,一次能源消费!$A:$A,$A47)-SUMIFS(工业非燃料使用!X:X,工业非燃料使用!$B:$B,$A47))*$E$2 -> 60053.293 | X47: =(SUMIFS(一次能源消费!X:X,一次能源消费!$A:$A,$A47)-SUMIFS(工业非燃料使用!Y:Y,工业非燃料使用!$B:$B,$A47))*$E$2 -> 62290.159 | Y47: =(SUMIFS(一次能源消费!Y:Y,一次能源消费!$A:$A,$A47)-SUMIFS(工业非燃料使用!Z:Z,工业非燃料使用!$B:$B,$A47))*$E$2 -> 64289.367 | Z47: =(SUMIFS(一次能源消费!Z:Z,一次能源消费!$A:$A,$A47)-SUMIFS(工业非燃料使用!AA:AA,工业非燃料使用!$B:$B,$A47))*$E$2 -> 66054.157 | AA47: =(SUMIFS(一次能源消费!AA:AA,一次能源消费!$A:$A,$A47)-SUMIFS(工业非燃料使用!AB:AB,工业非燃料使用!$B:$B,$A47))*$E$2 -> 67911.49 | AB47: =(SUMIFS(一次能源消费!AB:AB,一次能源消费!$A:$A,$A47)-SUMIFS(工业非燃料使用!AC:AC,工业非燃料使用!$B:$B,$A47))*$E$2 -> 70446.869 | AC47: =(SUMIFS(一次能源消费!AC:AC,一次能源消费!$A:$A,$A47)-SUMIFS(工业非燃料使用!AD:AD,工业非燃料使用!$B:$B,$A47))*$E$2 -> 72784.559 | AD47: =(SUMIFS(一次能源消费!AD:AD,一次能源消费!$A:$A,$A47)-SUMIFS(工业非燃料使用!AE:AE,工业非燃料使用!$B:$B,$A47))*$E$2 -> 75424.364 | AE47: =(SUMIFS(一次能源消费!AE:AE,一次能源消费!$A:$A,$A47)-SUMIFS(工业非燃料使用!AF:AF,工业非燃料使用!$B:$B,$A47))*$E$2 -> 78153.83 | AF47: =(SUMIFS(一次能源消费!AF:AF,一次能源消费!$A:$A,$A47)-SUMIFS(工业非燃料使用!AG:AG,工业非燃料使用!$B:$B,$A47))*$E$2 -> 80486.479 | AG47: =(SUMIFS(一次能源消费!AG:AG,一次能源消费!$A:$A,$A47)-SUMIFS(工业非燃料使用!AH:AH,工业非燃料使用!$B:$B,$A47))*$E$2 -> 82883.224 | AH47: =(SUMIFS(一次能源消费!AH:AH,一次能源消费!$A:$A,$A47)-SUMIFS(工业非燃料使用!AI:AI,工业非燃料使用!$B:$B,$A47))*$E$2 -> 85172.302 | AI47: =(SUMIFS(一次能源消费!AI:AI,一次能源消费!$A:$A,$A47)-SUMIFS(工业非燃料使用!AJ:AJ,工业非燃料使用!$B:$B,$A47))*$E$2 -> 87380.361 | AJ47: =(SUMIFS(一次能源消费!AJ:AJ,一次能源消费!$A:$A,$A47)-SUMIFS(工业非燃料使用!AK:AK,工业非燃料使用!$B:$B,$A47))*$E$2 -> 89302.51 | AK47: =(SUMIFS(一次能源消费!AK:AK,一次能源消费!$A:$A,$A47)-SUMIFS(工业非燃料使用!AL:AL,工业非燃料使用!$B:$B,$A47))*$E$2 -> 91231.861 | AL47: =(SUMIFS(一次能源消费!AL:AL,一次能源消费!$A:$A,$A47)-SUMIFS(工业非燃料使用!AM:AM,工业非燃料使用!$B:$B,$A47))*$E$2 -> 92881.423 | AM47: =(SUMIFS(一次能源消费!AM:AM,一次能源消费!$A:$A,$A47)-SUMIFS(工业非燃料使用!AN:AN,工业非燃料使用!$B:$B,$A47))*$E$2 -> 94371.107 | AN47: =(SUMIFS(一次能源消费!AN:AN,一次能源消费!$A:$A,$A47)-SUMIFS(工业非燃料使用!AO:AO,工业非燃料使用!$B:$B,$A47))*$E$2 -> 96848.511 | AO47: =SUM(C47:AN47) -> 2190091
A48: diesel | B48: 油品 | C48: =(SUMIFS(一次能源消费!C:C,一次能源消费!$A:$A,$A48)-SUMIFS(工业非燃料使用!D:D,工业非燃料使用!$B:$B,$A48))*$E$2 -> 45742.489 | D48: =(SUMIFS(一次能源消费!D:D,一次能源消费!$A:$A,$A48)-SUMIFS(工业非燃料使用!E:E,工业非燃料使用!$B:$B,$A48))*$E$2 -> 46293.632 | E48: =(SUMIFS(一次能源消费!E:E,一次能源消费!$A:$A,$A48)-SUMIFS(工业非燃料使用!F:F,工业非燃料使用!$B:$B,$A48))*$E$2 -> 46797.332 | F48: =(SUMIFS(一次能源消费!F:F,一次能源消费!$A:$A,$A48)-SUMIFS(工业非燃料使用!G:G,工业非燃料使用!$B:$B,$A48))*$E$2 -> 47320.523 | G48: =(SUMIFS(一次能源消费!G:G,一次能源消费!$A:$A,$A48)-SUMIFS(工业非燃料使用!H:H,工业非燃料使用!$B:$B,$A48))*$E$2 -> 47750.771 | H48: =(SUMIFS(一次能源消费!H:H,一次能源消费!$A:$A,$A48)-SUMIFS(工业非燃料使用!I:I,工业非燃料使用!$B:$B,$A48))*$E$2 -> 48133.71 | I48: =(SUMIFS(一次能源消费!I:I,一次能源消费!$A:$A,$A48)-SUMIFS(工业非燃料使用!J:J,工业非燃料使用!$B:$B,$A48))*$E$2 -> 48459.56 | J48: =(SUMIFS(一次能源消费!J:J,一次能源消费!$A:$A,$A48)-SUMIFS(工业非燃料使用!K:K,工业非燃料使用!$B:$B,$A48))*$E$2 -> 48768.233 | K48: =(SUMIFS(一次能源消费!K:K,一次能源消费!$A:$A,$A48)-SUMIFS(工业非燃料使用!L:L,工业非燃料使用!$B:$B,$A48))*$E$2 -> 48664.407 | L48: =(SUMIFS(一次能源消费!L:L,一次能源消费!$A:$A,$A48)-SUMIFS(工业非燃料使用!M:M,工业非燃料使用!$B:$B,$A48))*$E$2 -> 48531.636 | M48: =(SUMIFS(一次能源消费!M:M,一次能源消费!$A:$A,$A48)-SUMIFS(工业非燃料使用!N:N,工业非燃料使用!$B:$B,$A48))*$E$2 -> 48419.511 | N48: =(SUMIFS(一次能源消费!N:N,一次能源消费!$A:$A,$A48)-SUMIFS(工业非燃料使用!O:O,工业非燃料使用!$B:$B,$A48))*$E$2 -> 48308.301 | O48: =(SUMIFS(一次能源消费!O:O,一次能源消费!$A:$A,$A48)-SUMIFS(工业非燃料使用!P:P,工业非燃料使用!$B:$B,$A48))*$E$2 -> 48133.32 | P48: =(SUMIFS(一次能源消费!P:P,一次能源消费!$A:$A,$A48)-SUMIFS(工业非燃料使用!Q:Q,工业非燃料使用!$B:$B,$A48))*$E$2 -> 48098.864 | Q48: =(SUMIFS(一次能源消费!Q:Q,一次能源消费!$A:$A,$A48)-SUMIFS(工业非燃料使用!R:R,工业非燃料使用!$B:$B,$A48))*$E$2 -> 47950.659 | R48: =(SUMIFS(一次能源消费!R:R,一次能源消费!$A:$A,$A48)-SUMIFS(工业非燃料使用!S:S,工业非燃料使用!$B:$B,$A48))*$E$2 -> 47602.008 | S48: =(SUMIFS(一次能源消费!S:S,一次能源消费!$A:$A,$A48)-SUMIFS(工业非燃料使用!T:T,工业非燃料使用!$B:$B,$A48))*$E$2 -> 47282.438 | T48: =(SUMIFS(一次能源消费!T:T,一次能源消费!$A:$A,$A48)-SUMIFS(工业非燃料使用!U:U,工业非燃料使用!$B:$B,$A48))*$E$2 -> 46993.958 | U48: =(SUMIFS(一次能源消费!U:U,一次能源消费!$A:$A,$A48)-SUMIFS(工业非燃料使用!V:V,工业非燃料使用!$B:$B,$A48))*$E$2 -> 46558.585 | V48: =(SUMIFS(一次能源消费!V:V,一次能源消费!$A:$A,$A48)-SUMIFS(工业非燃料使用!W:W,工业非燃料使用!$B:$B,$A48))*$E$2 -> 46133.415 | W48: =(SUMIFS(一次能源消费!W:W,一次能源消费!$A:$A,$A48)-SUMIFS(工业非燃料使用!X:X,工业非燃料使用!$B:$B,$A48))*$E$2 -> 45699.309 | X48: =(SUMIFS(一次能源消费!X:X,一次能源消费!$A:$A,$A48)-SUMIFS(工业非燃料使用!Y:Y,工业非燃料使用!$B:$B,$A48))*$E$2 -> 45326.712 | Y48: =(SUMIFS(一次能源消费!Y:Y,一次能源消费!$A:$A,$A48)-SUMIFS(工业非燃料使用!Z:Z,工业非燃料使用!$B:$B,$A48))*$E$2 -> 44955.674 | Z48: =(SUMIFS(一次能源消费!Z:Z,一次能源消费!$A:$A,$A48)-SUMIFS(工业非燃料使用!AA:AA,工业非燃料使用!$B:$B,$A48))*$E$2 -> 44774.864 | AA48: =(SUMIFS(一次能源消费!AA:AA,一次能源消费!$A:$A,$A48)-SUMIFS(工业非燃料使用!AB:AB,工业非燃料使用!$B:$B,$A48))*$E$2 -> 44640.2 | AB48: =(SUMIFS(一次能源消费!AB:AB,一次能源消费!$A:$A,$A48)-SUMIFS(工业非燃料使用!AC:AC,工业非燃料使用!$B:$B,$A48))*$E$2 -> 44556.681 | AC48: =(SUMIFS(一次能源消费!AC:AC,一次能源消费!$A:$A,$A48)-SUMIFS(工业非燃料使用!AD:AD,工业非燃料使用!$B:$B,$A48))*$E$2 -> 44476.284 | AD48: =(SUMIFS(一次能源消费!AD:AD,一次能源消费!$A:$A,$A48)-SUMIFS(工业非燃料使用!AE:AE,工业非燃料使用!$B:$B,$A48))*$E$2 -> 44394.265 | AE48: =(SUMIFS(一次能源消费!AE:AE,一次能源消费!$A:$A,$A48)-SUMIFS(工业非燃料使用!AF:AF,工业非燃料使用!$B:$B,$A48))*$E$2 -> 44169.253 | AF48: =(SUMIFS(一次能源消费!AF:AF,一次能源消费!$A:$A,$A48)-SUMIFS(工业非燃料使用!AG:AG,工业非燃料使用!$B:$B,$A48))*$E$2 -> 43976.243 | AG48: =(SUMIFS(一次能源消费!AG:AG,一次能源消费!$A:$A,$A48)-SUMIFS(工业非燃料使用!AH:AH,工业非燃料使用!$B:$B,$A48))*$E$2 -> 43762.398 | AH48: =(SUMIFS(一次能源消费!AH:AH,一次能源消费!$A:$A,$A48)-SUMIFS(工业非燃料使用!AI:AI,工业非燃料使用!$B:$B,$A48))*$E$2 -> 43591.112 | AI48: =(SUMIFS(一次能源消费!AI:AI,一次能源消费!$A:$A,$A48)-SUMIFS(工业非燃料使用!AJ:AJ,工业非燃料使用!$B:$B,$A48))*$E$2 -> 43385.202 | AJ48: =(SUMIFS(一次能源消费!AJ:AJ,一次能源消费!$A:$A,$A48)-SUMIFS(工业非燃料使用!AK:AK,工业非燃料使用!$B:$B,$A48))*$E$2 -> 43186.468 | AK48: =(SUMIFS(一次能源消费!AK:AK,一次能源消费!$A:$A,$A48)-SUMIFS(工业非燃料使用!AL:AL,工业非燃料使用!$B:$B,$A48))*$E$2 -> 43029.603 | AL48: =(SUMIFS(一次能源消费!AL:AL,一次能源消费!$A:$A,$A48)-SUMIFS(工业非燃料使用!AM:AM,工业非燃料使用!$B:$B,$A48))*$E$2 -> 42828.547 | AM48: =(SUMIFS(一次能源消费!AM:AM,一次能源消费!$A:$A,$A48)-SUMIFS(工业非燃料使用!AN:AN,工业非燃料使用!$B:$B,$A48))*$E$2 -> 42622.177 | AN48: =(SUMIFS(一次能源消费!AN:AN,一次能源消费!$A:$A,$A48)-SUMIFS(工业非燃料使用!AO:AO,工业非燃料使用!$B:$B,$A48))*$E$2 -> 42533.915 | AO48: =SUM(C48:AN48) -> 1743852.3
A49: solar | B49: 可再生能源 | C49: =(SUMIFS(一次能源消费!C:C,一次能源消费!$A:$A,$A49)-SUMIFS(工业非燃料使用!D:D,工业非燃料使用!$B:$B,$A49))*$E$2 -> 19793.382 | D49: =(SUMIFS(一次能源消费!D:D,一次能源消费!$A:$A,$A49)-SUMIFS(工业非燃料使用!E:E,工业非燃料使用!$B:$B,$A49))*$E$2 -> 21644.413 | E49: =(SUMIFS(一次能源消费!E:E,一次能源消费!$A:$A,$A49)-SUMIFS(工业非燃料使用!F:F,工业非燃料使用!$B:$B,$A49))*$E$2 -> 23557.776 | F49: =(SUMIFS(一次能源消费!F:F,一次能源消费!$A:$A,$A49)-SUMIFS(工业非燃料使用!G:G,工业非燃料使用!$B:$B,$A49))*$E$2 -> 25886.428 | G49: =(SUMIFS(一次能源消费!G:G,一次能源消费!$A:$A,$A49)-SUMIFS(工业非燃料使用!H:H,工业非燃料使用!$B:$B,$A49))*$E$2 -> 28523.208 | H49: =(SUMIFS(一次能源消费!H:H,一次能源消费!$A:$A,$A49)-SUMIFS(工业非燃料使用!I:I,工业非燃料使用!$B:$B,$A49))*$E$2 -> 31792.697 | I49: =(SUMIFS(一次能源消费!I:I,一次能源消费!$A:$A,$A49)-SUMIFS(工业非燃料使用!J:J,工业非燃料使用!$B:$B,$A49))*$E$2 -> 35795.11 | J49: =(SUMIFS(一次能源消费!J:J,一次能源消费!$A:$A,$A49)-SUMIFS(工业非燃料使用!K:K,工业非燃料使用!$B:$B,$A49))*$E$2 -> 40447.589 | K49: =(SUMIFS(一次能源消费!K:K,一次能源消费!$A:$A,$A49)-SUMIFS(工业非燃料使用!L:L,工业非燃料使用!$B:$B,$A49))*$E$2 -> 47029.995 | L49: =(SUMIFS(一次能源消费!L:L,一次能源消费!$A:$A,$A49)-SUMIFS(工业非燃料使用!M:M,工业非燃料使用!$B:$B,$A49))*$E$2 -> 54489.936 | M49: =(SUMIFS(一次能源消费!M:M,一次能源消费!$A:$A,$A49)-SUMIFS(工业非燃料使用!N:N,工业非燃料使用!$B:$B,$A49))*$E$2 -> 62734.147 | N49: =(SUMIFS(一次能源消费!N:N,一次能源消费!$A:$A,$A49)-SUMIFS(工业非燃料使用!O:O,工业非燃料使用!$B:$B,$A49))*$E$2 -> 71142.199 | O49: =(SUMIFS(一次能源消费!O:O,一次能源消费!$A:$A,$A49)-SUMIFS(工业非燃料使用!P:P,工业非燃料使用!$B:$B,$A49))*$E$2 -> 83040.582 | P49: =(SUMIFS(一次能源消费!P:P,一次能源消费!$A:$A,$A49)-SUMIFS(工业非燃料使用!Q:Q,工业非燃料使用!$B:$B,$A49))*$E$2 -> 94375.068 | Q49: =(SUMIFS(一次能源消费!Q:Q,一次能源消费!$A:$A,$A49)-SUMIFS(工业非燃料使用!R:R,工业非燃料使用!$B:$B,$A49))*$E$2 -> 106571.6 | R49: =(SUMIFS(一次能源消费!R:R,一次能源消费!$A:$A,$A49)-SUMIFS(工业非燃料使用!S:S,工业非燃料使用!$B:$B,$A49))*$E$2 -> 119614.35 | S49: =(SUMIFS(一次能源消费!S:S,一次能源消费!$A:$A,$A49)-SUMIFS(工业非燃料使用!T:T,工业非燃料使用!$B:$B,$A49))*$E$2 -> 133182.82 | T49: =(SUMIFS(一次能源消费!T:T,一次能源消费!$A:$A,$A49)-SUMIFS(工业非燃料使用!U:U,工业非燃料使用!$B:$B,$A49))*$E$2 -> 147069.24 | U49: =(SUMIFS(一次能源消费!U:U,一次能源消费!$A:$A,$A49)-SUMIFS(工业非燃料使用!V:V,工业非燃料使用!$B:$B,$A49))*$E$2 -> 160646.36 | V49: =(SUMIFS(一次能源消费!V:V,一次能源消费!$A:$A,$A49)-SUMIFS(工业非燃料使用!W:W,工业非燃料使用!$B:$B,$A49))*$E$2 -> 174659.9 | W49: =(SUMIFS(一次能源消费!W:W,一次能源消费!$A:$A,$A49)-SUMIFS(工业非燃料使用!X:X,工业非燃料使用!$B:$B,$A49))*$E$2 -> 188854.2 | X49: =(SUMIFS(一次能源消费!X:X,一次能源消费!$A:$A,$A49)-SUMIFS(工业非燃料使用!Y:Y,工业非燃料使用!$B:$B,$A49))*$E$2 -> 203250.51 | Y49: =(SUMIFS(一次能源消费!Y:Y,一次能源消费!$A:$A,$A49)-SUMIFS(工业非燃料使用!Z:Z,工业非燃料使用!$B:$B,$A49))*$E$2 -> 217284.94 | Z49: =(SUMIFS(一次能源消费!Z:Z,一次能源消费!$A:$A,$A49)-SUMIFS(工业非燃料使用!AA:AA,工业非燃料使用!$B:$B,$A49))*$E$2 -> 231630.48 | AA49: =(SUMIFS(一次能源消费!AA:AA,一次能源消费!$A:$A,$A49)-SUMIFS(工业非燃料使用!AB:AB,工业非燃料使用!$B:$B,$A49))*$E$2 -> 245277.81 | AB49: =(SUMIFS(一次能源消费!AB:AB,一次能源消费!$A:$A,$A49)-SUMIFS(工业非燃料使用!AC:AC,工业非燃料使用!$B:$B,$A49))*$E$2 -> 258581.97 | AC49: =(SUMIFS(一次能源消费!AC:AC,一次能源消费!$A:$A,$A49)-SUMIFS(工业非燃料使用!AD:AD,工业非燃料使用!$B:$B,$A49))*$E$2 -> 270209.93 | AD49: =(SUMIFS(一次能源消费!AD:AD,一次能源消费!$A:$A,$A49)-SUMIFS(工业非燃料使用!AE:AE,工业非燃料使用!$B:$B,$A49))*$E$2 -> 282173.85 | AE49: =(SUMIFS(一次能源消费!AE:AE,一次能源消费!$A:$A,$A49)-SUMIFS(工业非燃料使用!AF:AF,工业非燃料使用!$B:$B,$A49))*$E$2 -> 292830.65 | AF49: =(SUMIFS(一次能源消费!AF:AF,一次能源消费!$A:$A,$A49)-SUMIFS(工业非燃料使用!AG:AG,工业非燃料使用!$B:$B,$A49))*$E$2 -> 302783.48 | AG49: =(SUMIFS(一次能源消费!AG:AG,一次能源消费!$A:$A,$A49)-SUMIFS(工业非燃料使用!AH:AH,工业非燃料使用!$B:$B,$A49))*$E$2 -> 313163.37 | AH49: =(SUMIFS(一次能源消费!AH:AH,一次能源消费!$A:$A,$A49)-SUMIFS(工业非燃料使用!AI:AI,工业非燃料使用!$B:$B,$A49))*$E$2 -> 322343.09 | AI49: =(SUMIFS(一次能源消费!AI:AI,一次能源消费!$A:$A,$A49)-SUMIFS(工业非燃料使用!AJ:AJ,工业非燃料使用!$B:$B,$A49))*$E$2 -> 330903.1 | AJ49: =(SUMIFS(一次能源消费!AJ:AJ,一次能源消费!$A:$A,$A49)-SUMIFS(工业非燃料使用!AK:AK,工业非燃料使用!$B:$B,$A49))*$E$2 -> 338136.55 | AK49: =(SUMIFS(一次能源消费!AK:AK,一次能源消费!$A:$A,$A49)-SUMIFS(工业非燃料使用!AL:AL,工业非燃料使用!$B:$B,$A49))*$E$2 -> 344744.16 | AL49: =(SUMIFS(一次能源消费!AL:AL,一次能源消费!$A:$A,$A49)-SUMIFS(工业非燃料使用!AM:AM,工业非燃料使用!$B:$B,$A49))*$E$2 -> 350064.82 | AM49: =(SUMIFS(一次能源消费!AM:AM,一次能源消费!$A:$A,$A49)-SUMIFS(工业非燃料使用!AN:AN,工业非燃料使用!$B:$B,$A49))*$E$2 -> 354735.16 | AN49: =(SUMIFS(一次能源消费!AN:AN,一次能源消费!$A:$A,$A49)-SUMIFS(工业非燃料使用!AO:AO,工业非燃料使用!$B:$B,$A49))*$E$2 -> 366205.75 | AO49: =SUM(C49:AN49) -> 6695170.6
A50: LPG | B50: 油品 | C50: =(SUMIFS(一次能源消费!C:C,一次能源消费!$A:$A,$A50)-SUMIFS(工业非燃料使用!D:D,工业非燃料使用!$B:$B,$A50))*$E$2 -> 31008.513 | D50: =(SUMIFS(一次能源消费!D:D,一次能源消费!$A:$A,$A50)-SUMIFS(工业非燃料使用!E:E,工业非燃料使用!$B:$B,$A50))*$E$2 -> 31042.577 | E50: =(SUMIFS(一次能源消费!E:E,一次能源消费!$A:$A,$A50)-SUMIFS(工业非燃料使用!F:F,工业非燃料使用!$B:$B,$A50))*$E$2 -> 32334.561 | F50: =(SUMIFS(一次能源消费!F:F,一次能源消费!$A:$A,$A50)-SUMIFS(工业非燃料使用!G:G,工业非燃料使用!$B:$B,$A50))*$E$2 -> 32722.394 | G50: =(SUMIFS(一次能源消费!G:G,一次能源消费!$A:$A,$A50)-SUMIFS(工业非燃料使用!H:H,工业非燃料使用!$B:$B,$A50))*$E$2 -> 33098.907 | H50: =(SUMIFS(一次能源消费!H:H,一次能源消费!$A:$A,$A50)-SUMIFS(工业非燃料使用!I:I,工业非燃料使用!$B:$B,$A50))*$E$2 -> 33495.128 | I50: =(SUMIFS(一次能源消费!I:I,一次能源消费!$A:$A,$A50)-SUMIFS(工业非燃料使用!J:J,工业非燃料使用!$B:$B,$A50))*$E$2 -> 33895.38 | J50: =(SUMIFS(一次能源消费!J:J,一次能源消费!$A:$A,$A50)-SUMIFS(工业非燃料使用!K:K,工业非燃料使用!$B:$B,$A50))*$E$2 -> 34316.447 | K50: =(SUMIFS(一次能源消费!K:K,一次能源消费!$A:$A,$A50)-SUMIFS(工业非燃料使用!L:L,工业非燃料使用!$B:$B,$A50))*$E$2 -> 34290.697 | L50: =(SUMIFS(一次能源消费!L:L,一次能源消费!$A:$A,$A50)-SUMIFS(工业非燃料使用!M:M,工业非燃料使用!$B:$B,$A50))*$E$2 -> 34244.044 | M50: =(SUMIFS(一次能源消费!M:M,一次能源消费!$A:$A,$A50)-SUMIFS(工业非燃料使用!N:N,工业非燃料使用!$B:$B,$A50))*$E$2 -> 34244.011 | N50: =(SUMIFS(一次能源消费!N:N,一次能源消费!$A:$A,$A50)-SUMIFS(工业非燃料使用!O:O,工业非燃料使用!$B:$B,$A50))*$E$2 -> 34182.513 | O50: =(SUMIFS(一次能源消费!O:O,一次能源消费!$A:$A,$A50)-SUMIFS(工业非燃料使用!P:P,工业非燃料使用!$B:$B,$A50))*$E$2 -> 34157.613 | P50: =(SUMIFS(一次能源消费!P:P,一次能源消费!$A:$A,$A50)-SUMIFS(工业非燃料使用!Q:Q,工业非燃料使用!$B:$B,$A50))*$E$2 -> 33801.938 | Q50: =(SUMIFS(一次能源消费!Q:Q,一次能源消费!$A:$A,$A50)-SUMIFS(工业非燃料使用!R:R,工业非燃料使用!$B:$B,$A50))*$E$2 -> 33435.293 | R50: =(SUMIFS(一次能源消费!R:R,一次能源消费!$A:$A,$A50)-SUMIFS(工业非燃料使用!S:S,工业非燃料使用!$B:$B,$A50))*$E$2 -> 33075.099 | S50: =(SUMIFS(一次能源消费!S:S,一次能源消费!$A:$A,$A50)-SUMIFS(工业非燃料使用!T:T,工业非燃料使用!$B:$B,$A50))*$E$2 -> 32728.253 | T50: =(SUMIFS(一次能源消费!T:T,一次能源消费!$A:$A,$A50)-SUMIFS(工业非燃料使用!U:U,工业非燃料使用!$B:$B,$A50))*$E$2 -> 32366.271 | U50: =(SUMIFS(一次能源消费!U:U,一次能源消费!$A:$A,$A50)-SUMIFS(工业非燃料使用!V:V,工业非燃料使用!$B:$B,$A50))*$E$2 -> 31825.411 | V50: =(SUMIFS(一次能源消费!V:V,一次能源消费!$A:$A,$A50)-SUMIFS(工业非燃料使用!W:W,工业非燃料使用!$B:$B,$A50))*$E$2 -> 31328.995 | W50: =(SUMIFS(一次能源消费!W:W,一次能源消费!$A:$A,$A50)-SUMIFS(工业非燃料使用!X:X,工业非燃料使用!$B:$B,$A50))*$E$2 -> 30830.357 | X50: =(SUMIFS(一次能源消费!X:X,一次能源消费!$A:$A,$A50)-SUMIFS(工业非燃料使用!Y:Y,工业非燃料使用!$B:$B,$A50))*$E$2 -> 30294.236 | Y50: =(SUMIFS(一次能源消费!Y:Y,一次能源消费!$A:$A,$A50)-SUMIFS(工业非燃料使用!Z:Z,工业非燃料使用!$B:$B,$A50))*$E$2 -> 29791.342 | Z50: =(SUMIFS(一次能源消费!Z:Z,一次能源消费!$A:$A,$A50)-SUMIFS(工业非燃料使用!AA:AA,工业非燃料使用!$B:$B,$A50))*$E$2 -> 29349.457 | AA50: =(SUMIFS(一次能源消费!AA:AA,一次能源消费!$A:$A,$A50)-SUMIFS(工业非燃料使用!AB:AB,工业非燃料使用!$B:$B,$A50))*$E$2 -> 28862.355 | AB50: =(SUMIFS(一次能源消费!AB:AB,一次能源消费!$A:$A,$A50)-SUMIFS(工业非燃料使用!AC:AC,工业非燃料使用!$B:$B,$A50))*$E$2 -> 28410.12 | AC50: =(SUMIFS(一次能源消费!AC:AC,一次能源消费!$A:$A,$A50)-SUMIFS(工业非燃料使用!AD:AD,工业非燃料使用!$B:$B,$A50))*$E$2 -> 27950.087 | AD50: =(SUMIFS(一次能源消费!AD:AD,一次能源消费!$A:$A,$A50)-SUMIFS(工业非燃料使用!AE:AE,工业非燃料使用!$B:$B,$A50))*$E$2 -> 27500.363 | AE50: =(SUMIFS(一次能源消费!AE:AE,一次能源消费!$A:$A,$A50)-SUMIFS(工业非燃料使用!AF:AF,工业非燃料使用!$B:$B,$A50))*$E$2 -> 26953.062 | AF50: =(SUMIFS(一次能源消费!AF:AF,一次能源消费!$A:$A,$A50)-SUMIFS(工业非燃料使用!AG:AG,工业非燃料使用!$B:$B,$A50))*$E$2 -> 26486.582 | AG50: =(SUMIFS(一次能源消费!AG:AG,一次能源消费!$A:$A,$A50)-SUMIFS(工业非燃料使用!AH:AH,工业非燃料使用!$B:$B,$A50))*$E$2 -> 25932.308 | AH50: =(SUMIFS(一次能源消费!AH:AH,一次能源消费!$A:$A,$A50)-SUMIFS(工业非燃料使用!AI:AI,工业非燃料使用!$B:$B,$A50))*$E$2 -> 25390.475 | AI50: =(SUMIFS(一次能源消费!AI:AI,一次能源消费!$A:$A,$A50)-SUMIFS(工业非燃料使用!AJ:AJ,工业非燃料使用!$B:$B,$A50))*$E$2 -> 24875.759 | AJ50: =(SUMIFS(一次能源消费!AJ:AJ,一次能源消费!$A:$A,$A50)-SUMIFS(工业非燃料使用!AK:AK,工业非燃料使用!$B:$B,$A50))*$E$2 -> 24415.701 | AK50: =(SUMIFS(一次能源消费!AK:AK,一次能源消费!$A:$A,$A50)-SUMIFS(工业非燃料使用!AL:AL,工业非燃料使用!$B:$B,$A50))*$E$2 -> 23955.682 | AL50: =(SUMIFS(一次能源消费!AL:AL,一次能源消费!$A:$A,$A50)-SUMIFS(工业非燃料使用!AM:AM,工业非燃料使用!$B:$B,$A50))*$E$2 -> 23485.145 | AM50: =(SUMIFS(一次能源消费!AM:AM,一次能源消费!$A:$A,$A50)-SUMIFS(工业非燃料使用!AN:AN,工业非燃料使用!$B:$B,$A50))*$E$2 -> 23026.459 | AN50: =(SUMIFS(一次能源消费!AN:AN,一次能源消费!$A:$A,$A50)-SUMIFS(工业非燃料使用!AO:AO,工业非燃料使用!$B:$B,$A50))*$E$2 -> 23381.719 | AO50: =SUM(C50:AN50) -> 1142485.3
A51: natural gas | B51: 天然气 | C51: =(SUMIFS(一次能源消费!C:C,一次能源消费!$A:$A,$A51)-SUMIFS(工业非燃料使用!D:D,工业非燃料使用!$B:$B,$A51))*$E$2 -> 34879.511 | D51: =(SUMIFS(一次能源消费!D:D,一次能源消费!$A:$A,$A51)-SUMIFS(工业非燃料使用!E:E,工业非燃料使用!$B:$B,$A51))*$E$2 -> 37435.598 | E51: =(SUMIFS(一次能源消费!E:E,一次能源消费!$A:$A,$A51)-SUMIFS(工业非燃料使用!F:F,工业非燃料使用!$B:$B,$A51))*$E$2 -> 39995.315 | F51: =(SUMIFS(一次能源消费!F:F,一次能源消费!$A:$A,$A51)-SUMIFS(工业非燃料使用!G:G,工业非燃料使用!$B:$B,$A51))*$E$2 -> 41697.425 | G51: =(SUMIFS(一次能源消费!G:G,一次能源消费!$A:$A,$A51)-SUMIFS(工业非燃料使用!H:H,工业非燃料使用!$B:$B,$A51))*$E$2 -> 42618.31 | H51: =(SUMIFS(一次能源消费!H:H,一次能源消费!$A:$A,$A51)-SUMIFS(工业非燃料使用!I:I,工业非燃料使用!$B:$B,$A51))*$E$2 -> 43552.105 | I51: =(SUMIFS(一次能源消费!I:I,一次能源消费!$A:$A,$A51)-SUMIFS(工业非燃料使用!J:J,工业非燃料使用!$B:$B,$A51))*$E$2 -> 44513.186 | J51: =(SUMIFS(一次能源消费!J:J,一次能源消费!$A:$A,$A51)-SUMIFS(工业非燃料使用!K:K,工业非燃料使用!$B:$B,$A51))*$E$2 -> 45069.526 | K51: =(SUMIFS(一次能源消费!K:K,一次能源消费!$A:$A,$A51)-SUMIFS(工业非燃料使用!L:L,工业非燃料使用!$B:$B,$A51))*$E$2 -> 45562.475 | L51: =(SUMIFS(一次能源消费!L:L,一次能源消费!$A:$A,$A51)-SUMIFS(工业非燃料使用!M:M,工业非燃料使用!$B:$B,$A51))*$E$2 -> 46025.761 | M51: =(SUMIFS(一次能源消费!M:M,一次能源消费!$A:$A,$A51)-SUMIFS(工业非燃料使用!N:N,工业非燃料使用!$B:$B,$A51))*$E$2 -> 46490.436 | N51: =(SUMIFS(一次能源消费!N:N,一次能源消费!$A:$A,$A51)-SUMIFS(工业非燃料使用!O:O,工业非燃料使用!$B:$B,$A51))*$E$2 -> 46960.747 | O51: =(SUMIFS(一次能源消费!O:O,一次能源消费!$A:$A,$A51)-SUMIFS(工业非燃料使用!P:P,工业非燃料使用!$B:$B,$A51))*$E$2 -> 47380.242 | P51: =(SUMIFS(一次能源消费!P:P,一次能源消费!$A:$A,$A51)-SUMIFS(工业非燃料使用!Q:Q,工业非燃料使用!$B:$B,$A51))*$E$2 -> 47694.577 | Q51: =(SUMIFS(一次能源消费!Q:Q,一次能源消费!$A:$A,$A51)-SUMIFS(工业非燃料使用!R:R,工业非燃料使用!$B:$B,$A51))*$E$2 -> 47934.759 | R51: =(SUMIFS(一次能源消费!R:R,一次能源消费!$A:$A,$A51)-SUMIFS(工业非燃料使用!S:S,工业非燃料使用!$B:$B,$A51))*$E$2 -> 48274.653 | S51: =(SUMIFS(一次能源消费!S:S,一次能源消费!$A:$A,$A51)-SUMIFS(工业非燃料使用!T:T,工业非燃料使用!$B:$B,$A51))*$E$2 -> 48636.866 | T51: =(SUMIFS(一次能源消费!T:T,一次能源消费!$A:$A,$A51)-SUMIFS(工业非燃料使用!U:U,工业非燃料使用!$B:$B,$A51))*$E$2 -> 48922.765 | U51: =(SUMIFS(一次能源消费!U:U,一次能源消费!$A:$A,$A51)-SUMIFS(工业非燃料使用!V:V,工业非燃料使用!$B:$B,$A51))*$E$2 -> 49123.197 | V51: =(SUMIFS(一次能源消费!V:V,一次能源消费!$A:$A,$A51)-SUMIFS(工业非燃料使用!W:W,工业非燃料使用!$B:$B,$A51))*$E$2 -> 49335.742 | W51: =(SUMIFS(一次能源消费!W:W,一次能源消费!$A:$A,$A51)-SUMIFS(工业非燃料使用!X:X,工业非燃料使用!$B:$B,$A51))*$E$2 -> 49499.767 | X51: =(SUMIFS(一次能源消费!X:X,一次能源消费!$A:$A,$A51)-SUMIFS(工业非燃料使用!Y:Y,工业非燃料使用!$B:$B,$A51))*$E$2 -> 49761.575 | Y51: =(SUMIFS(一次能源消费!Y:Y,一次能源消费!$A:$A,$A51)-SUMIFS(工业非燃料使用!Z:Z,工业非燃料使用!$B:$B,$A51))*$E$2 -> 49975.4 | Z51: =(SUMIFS(一次能源消费!Z:Z,一次能源消费!$A:$A,$A51)-SUMIFS(工业非燃料使用!AA:AA,工业非燃料使用!$B:$B,$A51))*$E$2 -> 50084.25 | AA51: =(SUMIFS(一次能源消费!AA:AA,一次能源消费!$A:$A,$A51)-SUMIFS(工业非燃料使用!AB:AB,工业非燃料使用!$B:$B,$A51))*$E$2 -> 50177.878 | AB51: =(SUMIFS(一次能源消费!AB:AB,一次能源消费!$A:$A,$A51)-SUMIFS(工业非燃料使用!AC:AC,工业非燃料使用!$B:$B,$A51))*$E$2 -> 50300.952 | AC51: =(SUMIFS(一次能源消费!AC:AC,一次能源消费!$A:$A,$A51)-SUMIFS(工业非燃料使用!AD:AD,工业非燃料使用!$B:$B,$A51))*$E$2 -> 50377.058 | AD51: =(SUMIFS(一次能源消费!AD:AD,一次能源消费!$A:$A,$A51)-SUMIFS(工业非燃料使用!AE:AE,工业非燃料使用!$B:$B,$A51))*$E$2 -> 50341.477 | AE51: =(SUMIFS(一次能源消费!AE:AE,一次能源消费!$A:$A,$A51)-SUMIFS(工业非燃料使用!AF:AF,工业非燃料使用!$B:$B,$A51))*$E$2 -> 50337.661 | AF51: =(SUMIFS(一次能源消费!AF:AF,一次能源消费!$A:$A,$A51)-SUMIFS(工业非燃料使用!AG:AG,工业非燃料使用!$B:$B,$A51))*$E$2 -> 50258.371 | AG51: =(SUMIFS(一次能源消费!AG:AG,一次能源消费!$A:$A,$A51)-SUMIFS(工业非燃料使用!AH:AH,工业非燃料使用!$B:$B,$A51))*$E$2 -> 50103.906 | AH51: =(SUMIFS(一次能源消费!AH:AH,一次能源消费!$A:$A,$A51)-SUMIFS(工业非燃料使用!AI:AI,工业非燃料使用!$B:$B,$A51))*$E$2 -> 49965.245 | AI51: =(SUMIFS(一次能源消费!AI:AI,一次能源消费!$A:$A,$A51)-SUMIFS(工业非燃料使用!AJ:AJ,工业非燃料使用!$B:$B,$A51))*$E$2 -> 49776.496 | AJ51: =(SUMIFS(一次能源消费!AJ:AJ,一次能源消费!$A:$A,$A51)-SUMIFS(工业非燃料使用!AK:AK,工业非燃料使用!$B:$B,$A51))*$E$2 -> 49529.109 | AK51: =(SUMIFS(一次能源消费!AK:AK,一次能源消费!$A:$A,$A51)-SUMIFS(工业非燃料使用!AL:AL,工业非燃料使用!$B:$B,$A51))*$E$2 -> 49290.187 | AL51: =(SUMIFS(一次能源消费!AL:AL,一次能源消费!$A:$A,$A51)-SUMIFS(工业非燃料使用!AM:AM,工业非燃料使用!$B:$B,$A51))*$E$2 -> 49001.081 | AM51: =(SUMIFS(一次能源消费!AM:AM,一次能源消费!$A:$A,$A51)-SUMIFS(工业非燃料使用!AN:AN,工业非燃料使用!$B:$B,$A51))*$E$2 -> 48646.274 | AN51: =(SUMIFS(一次能源消费!AN:AN,一次能源消费!$A:$A,$A51)-SUMIFS(工业非燃料使用!AO:AO,工业非燃料使用!$B:$B,$A51))*$E$2 -> 49681.291 | AO51: =SUM(C51:AN51) -> 1799211.2
A52: gasoline | B52: 油品 | C52: =(SUMIFS(一次能源消费!C:C,一次能源消费!$A:$A,$A52)-SUMIFS(工业非燃料使用!D:D,工业非燃料使用!$B:$B,$A52))*$E$2 -> 24540.42 | D52: =(SUMIFS(一次能源消费!D:D,一次能源消费!$A:$A,$A52)-SUMIFS(工业非燃料使用!E:E,工业非燃料使用!$B:$B,$A52))*$E$2 -> 24494.149 | E52: =(SUMIFS(一次能源消费!E:E,一次能源消费!$A:$A,$A52)-SUMIFS(工业非燃料使用!F:F,工业非燃料使用!$B:$B,$A52))*$E$2 -> 24374.059 | F52: =(SUMIFS(一次能源消费!F:F,一次能源消费!$A:$A,$A52)-SUMIFS(工业非燃料使用!G:G,工业非燃料使用!$B:$B,$A52))*$E$2 -> 24194.952 | G52: =(SUMIFS(一次能源消费!G:G,一次能源消费!$A:$A,$A52)-SUMIFS(工业非燃料使用!H:H,工业非燃料使用!$B:$B,$A52))*$E$2 -> 23937.525 | H52: =(SUMIFS(一次能源消费!H:H,一次能源消费!$A:$A,$A52)-SUMIFS(工业非燃料使用!I:I,工业非燃料使用!$B:$B,$A52))*$E$2 -> 23603.867 | I52: =(SUMIFS(一次能源消费!I:I,一次能源消费!$A:$A,$A52)-SUMIFS(工业非燃料使用!J:J,工业非燃料使用!$B:$B,$A52))*$E$2 -> 23190.018 | J52: =(SUMIFS(一次能源消费!J:J,一次能源消费!$A:$A,$A52)-SUMIFS(工业非燃料使用!K:K,工业非燃料使用!$B:$B,$A52))*$E$2 -> 22682.366 | K52: =(SUMIFS(一次能源消费!K:K,一次能源消费!$A:$A,$A52)-SUMIFS(工业非燃料使用!L:L,工业非燃料使用!$B:$B,$A52))*$E$2 -> 21779.878 | L52: =(SUMIFS(一次能源消费!L:L,一次能源消费!$A:$A,$A52)-SUMIFS(工业非燃料使用!M:M,工业非燃料使用!$B:$B,$A52))*$E$2 -> 20852.292 | M52: =(SUMIFS(一次能源消费!M:M,一次能源消费!$A:$A,$A52)-SUMIFS(工业非燃料使用!N:N,工业非燃料使用!$B:$B,$A52))*$E$2 -> 20024.198 | N52: =(SUMIFS(一次能源消费!N:N,一次能源消费!$A:$A,$A52)-SUMIFS(工业非燃料使用!O:O,工业非燃料使用!$B:$B,$A52))*$E$2 -> 19163.264 | O52: =(SUMIFS(一次能源消费!O:O,一次能源消费!$A:$A,$A52)-SUMIFS(工业非燃料使用!P:P,工业非燃料使用!$B:$B,$A52))*$E$2 -> 18272.082 | P52: =(SUMIFS(一次能源消费!P:P,一次能源消费!$A:$A,$A52)-SUMIFS(工业非燃料使用!Q:Q,工业非燃料使用!$B:$B,$A52))*$E$2 -> 17481.834 | Q52: =(SUMIFS(一次能源消费!Q:Q,一次能源消费!$A:$A,$A52)-SUMIFS(工业非燃料使用!R:R,工业非燃料使用!$B:$B,$A52))*$E$2 -> 16629.326 | R52: =(SUMIFS(一次能源消费!R:R,一次能源消费!$A:$A,$A52)-SUMIFS(工业非燃料使用!S:S,工业非燃料使用!$B:$B,$A52))*$E$2 -> 15702.171 | S52: =(SUMIFS(一次能源消费!S:S,一次能源消费!$A:$A,$A52)-SUMIFS(工业非燃料使用!T:T,工业非燃料使用!$B:$B,$A52))*$E$2 -> 14880.091 | T52: =(SUMIFS(一次能源消费!T:T,一次能源消费!$A:$A,$A52)-SUMIFS(工业非燃料使用!U:U,工业非燃料使用!$B:$B,$A52))*$E$2 -> 14139.606 | U52: =(SUMIFS(一次能源消费!U:U,一次能源消费!$A:$A,$A52)-SUMIFS(工业非燃料使用!V:V,工业非燃料使用!$B:$B,$A52))*$E$2 -> 13407.223 | V52: =(SUMIFS(一次能源消费!V:V,一次能源消费!$A:$A,$A52)-SUMIFS(工业非燃料使用!W:W,工业非燃料使用!$B:$B,$A52))*$E$2 -> 12749.163 | W52: =(SUMIFS(一次能源消费!W:W,一次能源消费!$A:$A,$A52)-SUMIFS(工业非燃料使用!X:X,工业非燃料使用!$B:$B,$A52))*$E$2 -> 12168.701 | X52: =(SUMIFS(一次能源消费!X:X,一次能源消费!$A:$A,$A52)-SUMIFS(工业非燃料使用!Y:Y,工业非燃料使用!$B:$B,$A52))*$E$2 -> 11663.138 | Y52: =(SUMIFS(一次能源消费!Y:Y,一次能源消费!$A:$A,$A52)-SUMIFS(工业非燃料使用!Z:Z,工业非燃料使用!$B:$B,$A52))*$E$2 -> 11234.489 | Z52: =(SUMIFS(一次能源消费!Z:Z,一次能源消费!$A:$A,$A52)-SUMIFS(工业非燃料使用!AA:AA,工业非燃料使用!$B:$B,$A52))*$E$2 -> 10869.144 | AA52: =(SUMIFS(一次能源消费!AA:AA,一次能源消费!$A:$A,$A52)-SUMIFS(工业非燃料使用!AB:AB,工业非燃料使用!$B:$B,$A52))*$E$2 -> 10573.152 | AB52: =(SUMIFS(一次能源消费!AB:AB,一次能源消费!$A:$A,$A52)-SUMIFS(工业非燃料使用!AC:AC,工业非燃料使用!$B:$B,$A52))*$E$2 -> 10337.582 | AC52: =(SUMIFS(一次能源消费!AC:AC,一次能源消费!$A:$A,$A52)-SUMIFS(工业非燃料使用!AD:AD,工业非燃料使用!$B:$B,$A52))*$E$2 -> 10152.281 | AD52: =(SUMIFS(一次能源消费!AD:AD,一次能源消费!$A:$A,$A52)-SUMIFS(工业非燃料使用!AE:AE,工业非燃料使用!$B:$B,$A52))*$E$2 -> 9991.862 | AE52: =(SUMIFS(一次能源消费!AE:AE,一次能源消费!$A:$A,$A52)-SUMIFS(工业非燃料使用!AF:AF,工业非燃料使用!$B:$B,$A52))*$E$2 -> 9783.6592 | AF52: =(SUMIFS(一次能源消费!AF:AF,一次能源消费!$A:$A,$A52)-SUMIFS(工业非燃料使用!AG:AG,工业非燃料使用!$B:$B,$A52))*$E$2 -> 9589.7879 | AG52: =(SUMIFS(一次能源消费!AG:AG,一次能源消费!$A:$A,$A52)-SUMIFS(工业非燃料使用!AH:AH,工业非燃料使用!$B:$B,$A52))*$E$2 -> 9406.8633 | AH52: =(SUMIFS(一次能源消费!AH:AH,一次能源消费!$A:$A,$A52)-SUMIFS(工业非燃料使用!AI:AI,工业非燃料使用!$B:$B,$A52))*$E$2 -> 9231.7165 | AI52: =(SUMIFS(一次能源消费!AI:AI,一次能源消费!$A:$A,$A52)-SUMIFS(工业非燃料使用!AJ:AJ,工业非燃料使用!$B:$B,$A52))*$E$2 -> 9062.8713 | AJ52: =(SUMIFS(一次能源消费!AJ:AJ,一次能源消费!$A:$A,$A52)-SUMIFS(工业非燃料使用!AK:AK,工业非燃料使用!$B:$B,$A52))*$E$2 -> 8902.3802 | AK52: =(SUMIFS(一次能源消费!AK:AK,一次能源消费!$A:$A,$A52)-SUMIFS(工业非燃料使用!AL:AL,工业非燃料使用!$B:$B,$A52))*$E$2 -> 8745.994 | AL52: =(SUMIFS(一次能源消费!AL:AL,一次能源消费!$A:$A,$A52)-SUMIFS(工业非燃料使用!AM:AM,工业非燃料使用!$B:$B,$A52))*$E$2 -> 8593.1727 | AM52: =(SUMIFS(一次能源消费!AM:AM,一次能源消费!$A:$A,$A52)-SUMIFS(工业非燃料使用!AN:AN,工业非燃料使用!$B:$B,$A52))*$E$2 -> 8443.2321 | AN52: =(SUMIFS(一次能源消费!AN:AN,一次能源消费!$A:$A,$A52)-SUMIFS(工业非燃料使用!AO:AO,工业非燃料使用!$B:$B,$A52))*$E$2 -> 8296.4603 | AO52: =SUM(C52:AN52) -> 573144.97
A53: hydro | B53: 可再生能源 | C53: =(SUMIFS(一次能源消费!C:C,一次能源消费!$A:$A,$A53)-SUMIFS(工业非燃料使用!D:D,工业非燃料使用!$B:$B,$A53))*$E$2 -> 38407.691 | D53: =(SUMIFS(一次能源消费!D:D,一次能源消费!$A:$A,$A53)-SUMIFS(工业非燃料使用!E:E,工业非燃料使用!$B:$B,$A53))*$E$2 -> 38469.267 | E53: =(SUMIFS(一次能源消费!E:E,一次能源消费!$A:$A,$A53)-SUMIFS(工业非燃料使用!F:F,工业非燃料使用!$B:$B,$A53))*$E$2 -> 38525.08 | F53: =(SUMIFS(一次能源消费!F:F,一次能源消费!$A:$A,$A53)-SUMIFS(工业非燃料使用!G:G,工业非燃料使用!$B:$B,$A53))*$E$2 -> 38606.46 | G53: =(SUMIFS(一次能源消费!G:G,一次能源消费!$A:$A,$A53)-SUMIFS(工业非燃料使用!H:H,工业非燃料使用!$B:$B,$A53))*$E$2 -> 38702.964 | H53: =(SUMIFS(一次能源消费!H:H,一次能源消费!$A:$A,$A53)-SUMIFS(工业非燃料使用!I:I,工业非燃料使用!$B:$B,$A53))*$E$2 -> 38837.996 | I53: =(SUMIFS(一次能源消费!I:I,一次能源消费!$A:$A,$A53)-SUMIFS(工业非燃料使用!J:J,工业非燃料使用!$B:$B,$A53))*$E$2 -> 39015.52 | J53: =(SUMIFS(一次能源消费!J:J,一次能源消费!$A:$A,$A53)-SUMIFS(工业非燃料使用!K:K,工业非燃料使用!$B:$B,$A53))*$E$2 -> 39226.531 | K53: =(SUMIFS(一次能源消费!K:K,一次能源消费!$A:$A,$A53)-SUMIFS(工业非燃料使用!L:L,工业非燃料使用!$B:$B,$A53))*$E$2 -> 39566.454 | L53: =(SUMIFS(一次能源消费!L:L,一次能源消费!$A:$A,$A53)-SUMIFS(工业非燃料使用!M:M,工业非燃料使用!$B:$B,$A53))*$E$2 -> 39974.794 | M53: =(SUMIFS(一次能源消费!M:M,一次能源消费!$A:$A,$A53)-SUMIFS(工业非燃料使用!N:N,工业非燃料使用!$B:$B,$A53))*$E$2 -> 40413.741 | N53: =(SUMIFS(一次能源消费!N:N,一次能源消费!$A:$A,$A53)-SUMIFS(工业非燃料使用!O:O,工业非燃料使用!$B:$B,$A53))*$E$2 -> 40844.406 | O53: =(SUMIFS(一次能源消费!O:O,一次能源消费!$A:$A,$A53)-SUMIFS(工业非燃料使用!P:P,工业非燃料使用!$B:$B,$A53))*$E$2 -> 41462.317 | P53: =(SUMIFS(一次能源消费!P:P,一次能源消费!$A:$A,$A53)-SUMIFS(工业非燃料使用!Q:Q,工业非燃料使用!$B:$B,$A53))*$E$2 -> 42030.535 | Q53: =(SUMIFS(一次能源消费!Q:Q,一次能源消费!$A:$A,$A53)-SUMIFS(工业非燃料使用!R:R,工业非燃料使用!$B:$B,$A53))*$E$2 -> 42625.761 | R53: =(SUMIFS(一次能源消费!R:R,一次能源消费!$A:$A,$A53)-SUMIFS(工业非燃料使用!S:S,工业非燃料使用!$B:$B,$A53))*$E$2 -> 43248.353 | S53: =(SUMIFS(一次能源消费!S:S,一次能源消费!$A:$A,$A53)-SUMIFS(工业非燃料使用!T:T,工业非燃料使用!$B:$B,$A53))*$E$2 -> 43885.708 | T53: =(SUMIFS(一次能源消费!T:T,一次能源消费!$A:$A,$A53)-SUMIFS(工业非燃料使用!U:U,工业非燃料使用!$B:$B,$A53))*$E$2 -> 44529.185 | U53: =(SUMIFS(一次能源消费!U:U,一次能源消费!$A:$A,$A53)-SUMIFS(工业非燃料使用!V:V,工业非燃料使用!$B:$B,$A53))*$E$2 -> 45141.334 | V53: =(SUMIFS(一次能源消费!V:V,一次能源消费!$A:$A,$A53)-SUMIFS(工业非燃料使用!W:W,工业非燃料使用!$B:$B,$A53))*$E$2 -> 45754.924 | W53: =(SUMIFS(一次能源消费!W:W,一次能源消费!$A:$A,$A53)-SUMIFS(工业非燃料使用!X:X,工业非燃料使用!$B:$B,$A53))*$E$2 -> 46386.158 | X53: =(SUMIFS(一次能源消费!X:X,一次能源消费!$A:$A,$A53)-SUMIFS(工业非燃料使用!Y:Y,工业非燃料使用!$B:$B,$A53))*$E$2 -> 47018.473 | Y53: =(SUMIFS(一次能源消费!Y:Y,一次能源消费!$A:$A,$A53)-SUMIFS(工业非燃料使用!Z:Z,工业非燃料使用!$B:$B,$A53))*$E$2 -> 47621.26 | Z53: =(SUMIFS(一次能源消费!Z:Z,一次能源消费!$A:$A,$A53)-SUMIFS(工业非燃料使用!AA:AA,工业非燃料使用!$B:$B,$A53))*$E$2 -> 48248.173 | AA53: =(SUMIFS(一次能源消费!AA:AA,一次能源消费!$A:$A,$A53)-SUMIFS(工业非燃料使用!AB:AB,工业非燃料使用!$B:$B,$A53))*$E$2 -> 48826.114 | AB53: =(SUMIFS(一次能源消费!AB:AB,一次能源消费!$A:$A,$A53)-SUMIFS(工业非燃料使用!AC:AC,工业非燃料使用!$B:$B,$A53))*$E$2 -> 49371.647 | AC53: =(SUMIFS(一次能源消费!AC:AC,一次能源消费!$A:$A,$A53)-SUMIFS(工业非燃料使用!AD:AD,工业非燃料使用!$B:$B,$A53))*$E$2 -> 49860.646 | AD53: =(SUMIFS(一次能源消费!AD:AD,一次能源消费!$A:$A,$A53)-SUMIFS(工业非燃料使用!AE:AE,工业非燃料使用!$B:$B,$A53))*$E$2 -> 50339.203 | AE53: =(SUMIFS(一次能源消费!AE:AE,一次能源消费!$A:$A,$A53)-SUMIFS(工业非燃料使用!AF:AF,工业非燃料使用!$B:$B,$A53))*$E$2 -> 50729.178 | AF53: =(SUMIFS(一次能源消费!AF:AF,一次能源消费!$A:$A,$A53)-SUMIFS(工业非燃料使用!AG:AG,工业非燃料使用!$B:$B,$A53))*$E$2 -> 51084.945 | AG53: =(SUMIFS(一次能源消费!AG:AG,一次能源消费!$A:$A,$A53)-SUMIFS(工业非燃料使用!AH:AH,工业非燃料使用!$B:$B,$A53))*$E$2 -> 51444.673 | AH53: =(SUMIFS(一次能源消费!AH:AH,一次能源消费!$A:$A,$A53)-SUMIFS(工业非燃料使用!AI:AI,工业非燃料使用!$B:$B,$A53))*$E$2 -> 51758.309 | AI53: =(SUMIFS(一次能源消费!AI:AI,一次能源消费!$A:$A,$A53)-SUMIFS(工业非燃料使用!AJ:AJ,工业非燃料使用!$B:$B,$A53))*$E$2 -> 52044.219 | AJ53: =(SUMIFS(一次能源消费!AJ:AJ,一次能源消费!$A:$A,$A53)-SUMIFS(工业非燃料使用!AK:AK,工业非燃料使用!$B:$B,$A53))*$E$2 -> 52283.677 | AK53: =(SUMIFS(一次能源消费!AK:AK,一次能源消费!$A:$A,$A53)-SUMIFS(工业非燃料使用!AL:AL,工业非燃料使用!$B:$B,$A53))*$E$2 -> 52496.849 | AL53: =(SUMIFS(一次能源消费!AL:AL,一次能源消费!$A:$A,$A53)-SUMIFS(工业非燃料使用!AM:AM,工业非燃料使用!$B:$B,$A53))*$E$2 -> 52666.451 | AM53: =(SUMIFS(一次能源消费!AM:AM,一次能源消费!$A:$A,$A53)-SUMIFS(工业非燃料使用!AN:AN,工业非燃料使用!$B:$B,$A53))*$E$2 -> 52811.566 | AN53: =(SUMIFS(一次能源消费!AN:AN,一次能源消费!$A:$A,$A53)-SUMIFS(工业非燃料使用!AO:AO,工业非燃料使用!$B:$B,$A53))*$E$2 -> 53043.463 | AO53: =SUM(C53:AN53) -> 1727304
A54: biomass | B54: 可再生能源 | C54: =(SUMIFS(一次能源消费!C:C,一次能源消费!$A:$A,$A54)-SUMIFS(工业非燃料使用!D:D,工业非燃料使用!$B:$B,$A54))*$E$2 -> 4954.9689 | D54: =(SUMIFS(一次能源消费!D:D,一次能源消费!$A:$A,$A54)-SUMIFS(工业非燃料使用!E:E,工业非燃料使用!$B:$B,$A54))*$E$2 -> 4944.5486 | E54: =(SUMIFS(一次能源消费!E:E,一次能源消费!$A:$A,$A54)-SUMIFS(工业非燃料使用!F:F,工业非燃料使用!$B:$B,$A54))*$E$2 -> 4932.3679 | F54: =(SUMIFS(一次能源消费!F:F,一次能源消费!$A:$A,$A54)-SUMIFS(工业非燃料使用!G:G,工业非燃料使用!$B:$B,$A54))*$E$2 -> 4936.563 | G54: =(SUMIFS(一次能源消费!G:G,一次能源消费!$A:$A,$A54)-SUMIFS(工业非燃料使用!H:H,工业非燃料使用!$B:$B,$A54))*$E$2 -> 4931.5509 | H54: =(SUMIFS(一次能源消费!H:H,一次能源消费!$A:$A,$A54)-SUMIFS(工业非燃料使用!I:I,工业非燃料使用!$B:$B,$A54))*$E$2 -> 4923.1068 | I54: =(SUMIFS(一次能源消费!I:I,一次能源消费!$A:$A,$A54)-SUMIFS(工业非燃料使用!J:J,工业非燃料使用!$B:$B,$A54))*$E$2 -> 4915.8756 | J54: =(SUMIFS(一次能源消费!J:J,一次能源消费!$A:$A,$A54)-SUMIFS(工业非燃料使用!K:K,工业非燃料使用!$B:$B,$A54))*$E$2 -> 4922.0403 | K54: =(SUMIFS(一次能源消费!K:K,一次能源消费!$A:$A,$A54)-SUMIFS(工业非燃料使用!L:L,工业非燃料使用!$B:$B,$A54))*$E$2 -> 4892.0579 | L54: =(SUMIFS(一次能源消费!L:L,一次能源消费!$A:$A,$A54)-SUMIFS(工业非燃料使用!M:M,工业非燃料使用!$B:$B,$A54))*$E$2 -> 4869.7141 | M54: =(SUMIFS(一次能源消费!M:M,一次能源消费!$A:$A,$A54)-SUMIFS(工业非燃料使用!N:N,工业非燃料使用!$B:$B,$A54))*$E$2 -> 4843.0478 | N54: =(SUMIFS(一次能源消费!N:N,一次能源消费!$A:$A,$A54)-SUMIFS(工业非燃料使用!O:O,工业非燃料使用!$B:$B,$A54))*$E$2 -> 4810.5391 | O54: =(SUMIFS(一次能源消费!O:O,一次能源消费!$A:$A,$A54)-SUMIFS(工业非燃料使用!P:P,工业非燃料使用!$B:$B,$A54))*$E$2 -> 4774.2137 | P54: =(SUMIFS(一次能源消费!P:P,一次能源消费!$A:$A,$A54)-SUMIFS(工业非燃料使用!Q:Q,工业非燃料使用!$B:$B,$A54))*$E$2 -> 4733.0478 | Q54: =(SUMIFS(一次能源消费!Q:Q,一次能源消费!$A:$A,$A54)-SUMIFS(工业非燃料使用!R:R,工业非燃料使用!$B:$B,$A54))*$E$2 -> 4698.0919 | R54: =(SUMIFS(一次能源消费!R:R,一次能源消费!$A:$A,$A54)-SUMIFS(工业非燃料使用!S:S,工业非燃料使用!$B:$B,$A54))*$E$2 -> 4659.6309 | S54: =(SUMIFS(一次能源消费!S:S,一次能源消费!$A:$A,$A54)-SUMIFS(工业非燃料使用!T:T,工业非燃料使用!$B:$B,$A54))*$E$2 -> 4616.0448 | T54: =(SUMIFS(一次能源消费!T:T,一次能源消费!$A:$A,$A54)-SUMIFS(工业非燃料使用!U:U,工业非燃料使用!$B:$B,$A54))*$E$2 -> 4574.1659 | U54: =(SUMIFS(一次能源消费!U:U,一次能源消费!$A:$A,$A54)-SUMIFS(工业非燃料使用!V:V,工业非燃料使用!$B:$B,$A54))*$E$2 -> 4521.0187 | V54: =(SUMIFS(一次能源消费!V:V,一次能源消费!$A:$A,$A54)-SUMIFS(工业非燃料使用!W:W,工业非燃料使用!$B:$B,$A54))*$E$2 -> 4472.0338 | W54: =(SUMIFS(一次能源消费!W:W,一次能源消费!$A:$A,$A54)-SUMIFS(工业非燃料使用!X:X,工业非燃料使用!$B:$B,$A54))*$E$2 -> 4417.4077 | X54: =(SUMIFS(一次能源消费!X:X,一次能源消费!$A:$A,$A54)-SUMIFS(工业非燃料使用!Y:Y,工业非燃料使用!$B:$B,$A54))*$E$2 -> 4361.077 | Y54: =(SUMIFS(一次能源消费!Y:Y,一次能源消费!$A:$A,$A54)-SUMIFS(工业非燃料使用!Z:Z,工业非燃料使用!$B:$B,$A54))*$E$2 -> 4302.0525 | Z54: =(SUMIFS(一次能源消费!Z:Z,一次能源消费!$A:$A,$A54)-SUMIFS(工业非燃料使用!AA:AA,工业非燃料使用!$B:$B,$A54))*$E$2 -> 4236.7736 | AA54: =(SUMIFS(一次能源消费!AA:AA,一次能源消费!$A:$A,$A54)-SUMIFS(工业非燃料使用!AB:AB,工业非燃料使用!$B:$B,$A54))*$E$2 -> 4166.1571 | AB54: =(SUMIFS(一次能源消费!AB:AB,一次能源消费!$A:$A,$A54)-SUMIFS(工业非燃料使用!AC:AC,工业非燃料使用!$B:$B,$A54))*$E$2 -> 4088.9975 | AC54: =(SUMIFS(一次能源消费!AC:AC,一次能源消费!$A:$A,$A54)-SUMIFS(工业非燃料使用!AD:AD,工业非燃料使用!$B:$B,$A54))*$E$2 -> 4015.0672 | AD54: =(SUMIFS(一次能源消费!AD:AD,一次能源消费!$A:$A,$A54)-SUMIFS(工业非燃料使用!AE:AE,工业非燃料使用!$B:$B,$A54))*$E$2 -> 3935.9 | AE54: =(SUMIFS(一次能源消费!AE:AE,一次能源消费!$A:$A,$A54)-SUMIFS(工业非燃料使用!AF:AF,工业非燃料使用!$B:$B,$A54))*$E$2 -> 3851.9193 | AF54: =(SUMIFS(一次能源消费!AF:AF,一次能源消费!$A:$A,$A54)-SUMIFS(工业非燃料使用!AG:AG,工业非燃料使用!$B:$B,$A54))*$E$2 -> 3767.1805 | AG54: =(SUMIFS(一次能源消费!AG:AG,一次能源消费!$A:$A,$A54)-SUMIFS(工业非燃料使用!AH:AH,工业非燃料使用!$B:$B,$A54))*$E$2 -> 3679.1686 | AH54: =(SUMIFS(一次能源消费!AH:AH,一次能源消费!$A:$A,$A54)-SUMIFS(工业非燃料使用!AI:AI,工业非燃料使用!$B:$B,$A54))*$E$2 -> 3594.984 | AI54: =(SUMIFS(一次能源消费!AI:AI,一次能源消费!$A:$A,$A54)-SUMIFS(工业非燃料使用!AJ:AJ,工业非燃料使用!$B:$B,$A54))*$E$2 -> 3506.0185 | AJ54: =(SUMIFS(一次能源消费!AJ:AJ,一次能源消费!$A:$A,$A54)-SUMIFS(工业非燃料使用!AK:AK,工业非燃料使用!$B:$B,$A54))*$E$2 -> 3419.3598 | AK54: =(SUMIFS(一次能源消费!AK:AK,一次能源消费!$A:$A,$A54)-SUMIFS(工业非燃料使用!AL:AL,工业非燃料使用!$B:$B,$A54))*$E$2 -> 3327.5021 | AL54: =(SUMIFS(一次能源消费!AL:AL,一次能源消费!$A:$A,$A54)-SUMIFS(工业非燃料使用!AM:AM,工业非燃料使用!$B:$B,$A54))*$E$2 -> 3240.789 | AM54: =(SUMIFS(一次能源消费!AM:AM,一次能源消费!$A:$A,$A54)-SUMIFS(工业非燃料使用!AN:AN,工业非燃料使用!$B:$B,$A54))*$E$2 -> 3157.2882 | AN54: =(SUMIFS(一次能源消费!AN:AN,一次能源消费!$A:$A,$A54)-SUMIFS(工业非燃料使用!AO:AO,工业非燃料使用!$B:$B,$A54))*$E$2 -> 3133.5541 | AO54: =SUM(C54:AN54) -> 164125.82
A55: fuel oil | B55: 油品 | C55: =(SUMIFS(一次能源消费!C:C,一次能源消费!$A:$A,$A55)-SUMIFS(工业非燃料使用!D:D,工业非燃料使用!$B:$B,$A55))*$E$2 -> 9460.2067 | D55: =(SUMIFS(一次能源消费!D:D,一次能源消费!$A:$A,$A55)-SUMIFS(工业非燃料使用!E:E,工业非燃料使用!$B:$B,$A55))*$E$2 -> 9563.9748 | E55: =(SUMIFS(一次能源消费!E:E,一次能源消费!$A:$A,$A55)-SUMIFS(工业非燃料使用!F:F,工业非燃料使用!$B:$B,$A55))*$E$2 -> 9652.1052 | F55: =(SUMIFS(一次能源消费!F:F,一次能源消费!$A:$A,$A55)-SUMIFS(工业非燃料使用!G:G,工业非燃料使用!$B:$B,$A55))*$E$2 -> 9766.3598 | G55: =(SUMIFS(一次能源消费!G:G,一次能源消费!$A:$A,$A55)-SUMIFS(工业非燃料使用!H:H,工业非燃料使用!$B:$B,$A55))*$E$2 -> 9920.2385 | H55: =(SUMIFS(一次能源消费!H:H,一次能源消费!$A:$A,$A55)-SUMIFS(工业非燃料使用!I:I,工业非燃料使用!$B:$B,$A55))*$E$2 -> 10073.114 | I55: =(SUMIFS(一次能源消费!I:I,一次能源消费!$A:$A,$A55)-SUMIFS(工业非燃料使用!J:J,工业非燃料使用!$B:$B,$A55))*$E$2 -> 10227.241 | J55: =(SUMIFS(一次能源消费!J:J,一次能源消费!$A:$A,$A55)-SUMIFS(工业非燃料使用!K:K,工业非燃料使用!$B:$B,$A55))*$E$2 -> 10392.602 | K55: =(SUMIFS(一次能源消费!K:K,一次能源消费!$A:$A,$A55)-SUMIFS(工业非燃料使用!L:L,工业非燃料使用!$B:$B,$A55))*$E$2 -> 10430.839 | L55: =(SUMIFS(一次能源消费!L:L,一次能源消费!$A:$A,$A55)-SUMIFS(工业非燃料使用!M:M,工业非燃料使用!$B:$B,$A55))*$E$2 -> 10479.169 | M55: =(SUMIFS(一次能源消费!M:M,一次能源消费!$A:$A,$A55)-SUMIFS(工业非燃料使用!N:N,工业非燃料使用!$B:$B,$A55))*$E$2 -> 10524.918 | N55: =(SUMIFS(一次能源消费!N:N,一次能源消费!$A:$A,$A55)-SUMIFS(工业非燃料使用!O:O,工业非燃料使用!$B:$B,$A55))*$E$2 -> 10572.428 | O55: =(SUMIFS(一次能源消费!O:O,一次能源消费!$A:$A,$A55)-SUMIFS(工业非燃料使用!P:P,工业非燃料使用!$B:$B,$A55))*$E$2 -> 10613.82 | P55: =(SUMIFS(一次能源消费!P:P,一次能源消费!$A:$A,$A55)-SUMIFS(工业非燃料使用!Q:Q,工业非燃料使用!$B:$B,$A55))*$E$2 -> 10593.888 | Q55: =(SUMIFS(一次能源消费!Q:Q,一次能源消费!$A:$A,$A55)-SUMIFS(工业非燃料使用!R:R,工业非燃料使用!$B:$B,$A55))*$E$2 -> 10556.983 | R55: =(SUMIFS(一次能源消费!R:R,一次能源消费!$A:$A,$A55)-SUMIFS(工业非燃料使用!S:S,工业非燃料使用!$B:$B,$A55))*$E$2 -> 10532.132 | S55: =(SUMIFS(一次能源消费!S:S,一次能源消费!$A:$A,$A55)-SUMIFS(工业非燃料使用!T:T,工业非燃料使用!$B:$B,$A55))*$E$2 -> 10503.544 | T55: =(SUMIFS(一次能源消费!T:T,一次能源消费!$A:$A,$A55)-SUMIFS(工业非燃料使用!U:U,工业非燃料使用!$B:$B,$A55))*$E$2 -> 10473.847 | U55: =(SUMIFS(一次能源消费!U:U,一次能源消费!$A:$A,$A55)-SUMIFS(工业非燃料使用!V:V,工业非燃料使用!$B:$B,$A55))*$E$2 -> 10382.376 | V55: =(SUMIFS(一次能源消费!V:V,一次能源消费!$A:$A,$A55)-SUMIFS(工业非燃料使用!W:W,工业非燃料使用!$B:$B,$A55))*$E$2 -> 10298.494 | W55: =(SUMIFS(一次能源消费!W:W,一次能源消费!$A:$A,$A55)-SUMIFS(工业非燃料使用!X:X,工业非燃料使用!$B:$B,$A55))*$E$2 -> 10211.833 | X55: =(SUMIFS(一次能源消费!X:X,一次能源消费!$A:$A,$A55)-SUMIFS(工业非燃料使用!Y:Y,工业非燃料使用!$B:$B,$A55))*$E$2 -> 10121.456 | Y55: =(SUMIFS(一次能源消费!Y:Y,一次能源消费!$A:$A,$A55)-SUMIFS(工业非燃料使用!Z:Z,工业非燃料使用!$B:$B,$A55))*$E$2 -> 10034.882 | Z55: =(SUMIFS(一次能源消费!Z:Z,一次能源消费!$A:$A,$A55)-SUMIFS(工业非燃料使用!AA:AA,工业非燃料使用!$B:$B,$A55))*$E$2 -> 9962.1751 | AA55: =(SUMIFS(一次能源消费!AA:AA,一次能源消费!$A:$A,$A55)-SUMIFS(工业非燃料使用!AB:AB,工业非燃料使用!$B:$B,$A55))*$E$2 -> 9894.5232 | AB55: =(SUMIFS(一次能源消费!AB:AB,一次能源消费!$A:$A,$A55)-SUMIFS(工业非燃料使用!AC:AC,工业非燃料使用!$B:$B,$A55))*$E$2 -> 9820.4113 | AC55: =(SUMIFS(一次能源消费!AC:AC,一次能源消费!$A:$A,$A55)-SUMIFS(工业非燃料使用!AD:AD,工业非燃料使用!$B:$B,$A55))*$E$2 -> 9752.4934 | AD55: =(SUMIFS(一次能源消费!AD:AD,一次能源消费!$A:$A,$A55)-SUMIFS(工业非燃料使用!AE:AE,工业非燃料使用!$B:$B,$A55))*$E$2 -> 9679.5837 | AE55: =(SUMIFS(一次能源消费!AE:AE,一次能源消费!$A:$A,$A55)-SUMIFS(工业非燃料使用!AF:AF,工业非燃料使用!$B:$B,$A55))*$E$2 -> 9603.7401 | AF55: =(SUMIFS(一次能源消费!AF:AF,一次能源消费!$A:$A,$A55)-SUMIFS(工业非燃料使用!AG:AG,工业非燃料使用!$B:$B,$A55))*$E$2 -> 9525.3492 | AG55: =(SUMIFS(一次能源消费!AG:AG,一次能源消费!$A:$A,$A55)-SUMIFS(工业非燃料使用!AH:AH,工业非燃料使用!$B:$B,$A55))*$E$2 -> 9449.3445 | AH55: =(SUMIFS(一次能源消费!AH:AH,一次能源消费!$A:$A,$A55)-SUMIFS(工业非燃料使用!AI:AI,工业非燃料使用!$B:$B,$A55))*$E$2 -> 9373.6908 | AI55: =(SUMIFS(一次能源消费!AI:AI,一次能源消费!$A:$A,$A55)-SUMIFS(工业非燃料使用!AJ:AJ,工业非燃料使用!$B:$B,$A55))*$E$2 -> 9298.1548 | AJ55: =(SUMIFS(一次能源消费!AJ:AJ,一次能源消费!$A:$A,$A55)-SUMIFS(工业非燃料使用!AK:AK,工业非燃料使用!$B:$B,$A55))*$E$2 -> 9244.6827 | AK55: =(SUMIFS(一次能源消费!AK:AK,一次能源消费!$A:$A,$A55)-SUMIFS(工业非燃料使用!AL:AL,工业非燃料使用!$B:$B,$A55))*$E$2 -> 9191.9539 | AL55: =(SUMIFS(一次能源消费!AL:AL,一次能源消费!$A:$A,$A55)-SUMIFS(工业非燃料使用!AM:AM,工业非燃料使用!$B:$B,$A55))*$E$2 -> 9140.6196 | AM55: =(SUMIFS(一次能源消费!AM:AM,一次能源消费!$A:$A,$A55)-SUMIFS(工业非燃料使用!AN:AN,工业非燃料使用!$B:$B,$A55))*$E$2 -> 9079.9657 | AN55: =(SUMIFS(一次能源消费!AN:AN,一次能源消费!$A:$A,$A55)-SUMIFS(工业非燃料使用!AO:AO,工业非燃料使用!$B:$B,$A55))*$E$2 -> 9013.753 | AO55: =SUM(C55:AN55) -> 377416.89
A56: jet fuel | B56: 油品 | C56: =(SUMIFS(一次能源消费!C:C,一次能源消费!$A:$A,$A56)-SUMIFS(工业非燃料使用!D:D,工业非燃料使用!$B:$B,$A56))*$E$2 -> 8725.7571 | D56: =(SUMIFS(一次能源消费!D:D,一次能源消费!$A:$A,$A56)-SUMIFS(工业非燃料使用!E:E,工业非燃料使用!$B:$B,$A56))*$E$2 -> 8044.2908 | E56: =(SUMIFS(一次能源消费!E:E,一次能源消费!$A:$A,$A56)-SUMIFS(工业非燃料使用!F:F,工业非燃料使用!$B:$B,$A56))*$E$2 -> 7485.1824 | F56: =(SUMIFS(一次能源消费!F:F,一次能源消费!$A:$A,$A56)-SUMIFS(工业非燃料使用!G:G,工业非燃料使用!$B:$B,$A56))*$E$2 -> 7020.9931 | G56: =(SUMIFS(一次能源消费!G:G,一次能源消费!$A:$A,$A56)-SUMIFS(工业非燃料使用!H:H,工业非燃料使用!$B:$B,$A56))*$E$2 -> 6620.2513 | H56: =(SUMIFS(一次能源消费!H:H,一次能源消费!$A:$A,$A56)-SUMIFS(工业非燃料使用!I:I,工业非燃料使用!$B:$B,$A56))*$E$2 -> 6284.3614 | I56: =(SUMIFS(一次能源消费!I:I,一次能源消费!$A:$A,$A56)-SUMIFS(工业非燃料使用!J:J,工业非燃料使用!$B:$B,$A56))*$E$2 -> 6000.6482 | J56: =(SUMIFS(一次能源消费!J:J,一次能源消费!$A:$A,$A56)-SUMIFS(工业非燃料使用!K:K,工业非燃料使用!$B:$B,$A56))*$E$2 -> 5757.8409 | K56: =(SUMIFS(一次能源消费!K:K,一次能源消费!$A:$A,$A56)-SUMIFS(工业非燃料使用!L:L,工业非燃料使用!$B:$B,$A56))*$E$2 -> 5671.996 | L56: =(SUMIFS(一次能源消费!L:L,一次能源消费!$A:$A,$A56)-SUMIFS(工业非燃料使用!M:M,工业非燃料使用!$B:$B,$A56))*$E$2 -> 5597.0617 | M56: =(SUMIFS(一次能源消费!M:M,一次能源消费!$A:$A,$A56)-SUMIFS(工业非燃料使用!N:N,工业非燃料使用!$B:$B,$A56))*$E$2 -> 5532.2099 | N56: =(SUMIFS(一次能源消费!N:N,一次能源消费!$A:$A,$A56)-SUMIFS(工业非燃料使用!O:O,工业非燃料使用!$B:$B,$A56))*$E$2 -> 5477.4765 | O56: =(SUMIFS(一次能源消费!O:O,一次能源消费!$A:$A,$A56)-SUMIFS(工业非燃料使用!P:P,工业非燃料使用!$B:$B,$A56))*$E$2 -> 5431.7814 | P56: =(SUMIFS(一次能源消费!P:P,一次能源消费!$A:$A,$A56)-SUMIFS(工业非燃料使用!Q:Q,工业非燃料使用!$B:$B,$A56))*$E$2 -> 5389.6871 | Q56: =(SUMIFS(一次能源消费!Q:Q,一次能源消费!$A:$A,$A56)-SUMIFS(工业非燃料使用!R:R,工业非燃料使用!$B:$B,$A56))*$E$2 -> 5358.6835 | R56: =(SUMIFS(一次能源消费!R:R,一次能源消费!$A:$A,$A56)-SUMIFS(工业非燃料使用!S:S,工业非燃料使用!$B:$B,$A56))*$E$2 -> 5330.0565 | S56: =(SUMIFS(一次能源消费!S:S,一次能源消费!$A:$A,$A56)-SUMIFS(工业非燃料使用!T:T,工业非燃料使用!$B:$B,$A56))*$E$2 -> 5311.296 | T56: =(SUMIFS(一次能源消费!T:T,一次能源消费!$A:$A,$A56)-SUMIFS(工业非燃料使用!U:U,工业非燃料使用!$B:$B,$A56))*$E$2 -> 5294.0117 | U56: =(SUMIFS(一次能源消费!U:U,一次能源消费!$A:$A,$A56)-SUMIFS(工业非燃料使用!V:V,工业非燃料使用!$B:$B,$A56))*$E$2 -> 5255.7704 | V56: =(SUMIFS(一次能源消费!V:V,一次能源消费!$A:$A,$A56)-SUMIFS(工业非燃料使用!W:W,工业非燃料使用!$B:$B,$A56))*$E$2 -> 5225.415 | W56: =(SUMIFS(一次能源消费!W:W,一次能源消费!$A:$A,$A56)-SUMIFS(工业非燃料使用!X:X,工业非燃料使用!$B:$B,$A56))*$E$2 -> 5200.2449 | X56: =(SUMIFS(一次能源消费!X:X,一次能源消费!$A:$A,$A56)-SUMIFS(工业非燃料使用!Y:Y,工业非燃料使用!$B:$B,$A56))*$E$2 -> 5180.26 | Y56: =(SUMIFS(一次能源消费!Y:Y,一次能源消费!$A:$A,$A56)-SUMIFS(工业非燃料使用!Z:Z,工业非燃料使用!$B:$B,$A56))*$E$2 -> 5164.5602 | Z56: =(SUMIFS(一次能源消费!Z:Z,一次能源消费!$A:$A,$A56)-SUMIFS(工业非燃料使用!AA:AA,工业非燃料使用!$B:$B,$A56))*$E$2 -> 5154.0096 | AA56: =(SUMIFS(一次能源消费!AA:AA,一次能源消费!$A:$A,$A56)-SUMIFS(工业非燃料使用!AB:AB,工业非燃料使用!$B:$B,$A56))*$E$2 -> 5143.567 | AB56: =(SUMIFS(一次能源消费!AB:AB,一次能源消费!$A:$A,$A56)-SUMIFS(工业非燃料使用!AC:AC,工业非燃料使用!$B:$B,$A56))*$E$2 -> 5140.1462 | AC56: =(SUMIFS(一次能源消费!AC:AC,一次能源消费!$A:$A,$A56)-SUMIFS(工业非燃料使用!AD:AD,工业非燃料使用!$B:$B,$A56))*$E$2 -> 5139.498 | AD56: =(SUMIFS(一次能源消费!AD:AD,一次能源消费!$A:$A,$A56)-SUMIFS(工业非燃料使用!AE:AE,工业非燃料使用!$B:$B,$A56))*$E$2 -> 5145.3315 | AE56: =(SUMIFS(一次能源消费!AE:AE,一次能源消费!$A:$A,$A56)-SUMIFS(工业非燃料使用!AF:AF,工业非燃料使用!$B:$B,$A56))*$E$2 -> 5165.1363 | AF56: =(SUMIFS(一次能源消费!AF:AF,一次能源消费!$A:$A,$A56)-SUMIFS(工业非燃料使用!AG:AG,工业非燃料使用!$B:$B,$A56))*$E$2 -> 5187.0656 | AG56: =(SUMIFS(一次能源消费!AG:AG,一次能源消费!$A:$A,$A56)-SUMIFS(工业非燃料使用!AH:AH,工业非燃料使用!$B:$B,$A56))*$E$2 -> 5214.7564 | AH56: =(SUMIFS(一次能源消费!AH:AH,一次能源消费!$A:$A,$A56)-SUMIFS(工业非燃料使用!AI:AI,工业非燃料使用!$B:$B,$A56))*$E$2 -> 5240.2506 | AI56: =(SUMIFS(一次能源消费!AI:AI,一次能源消费!$A:$A,$A56)-SUMIFS(工业非燃料使用!AJ:AJ,工业非燃料使用!$B:$B,$A56))*$E$2 -> 5266.537 | AJ56: =(SUMIFS(一次能源消费!AJ:AJ,一次能源消费!$A:$A,$A56)-SUMIFS(工业非燃料使用!AK:AK,工业非燃料使用!$B:$B,$A56))*$E$2 -> 5297.7927 | AK56: =(SUMIFS(一次能源消费!AK:AK,一次能源消费!$A:$A,$A56)-SUMIFS(工业非燃料使用!AL:AL,工业非燃料使用!$B:$B,$A56))*$E$2 -> 5326.3476 | AL56: =(SUMIFS(一次能源消费!AL:AL,一次能源消费!$A:$A,$A56)-SUMIFS(工业非燃料使用!AM:AM,工业非燃料使用!$B:$B,$A56))*$E$2 -> 5355.0466 | AM56: =(SUMIFS(一次能源消费!AM:AM,一次能源消费!$A:$A,$A56)-SUMIFS(工业非燃料使用!AN:AN,工业非燃料使用!$B:$B,$A56))*$E$2 -> 5384.8979 | AN56: =(SUMIFS(一次能源消费!AN:AN,一次能源消费!$A:$A,$A56)-SUMIFS(工业非燃料使用!AO:AO,工业非燃料使用!$B:$B,$A56))*$E$2 -> 5466.0977 | AO56: =SUM(C56:AN56) -> 214986.32
A57: municipal solid waste | B57: 可再生能源 | C57: =(SUMIFS(一次能源消费!C:C,一次能源消费!$A:$A,$A57)-SUMIFS(工业非燃料使用!D:D,工业非燃料使用!$B:$B,$A57))*$E$2 -> 3068.7048 | D57: =(SUMIFS(一次能源消费!D:D,一次能源消费!$A:$A,$A57)-SUMIFS(工业非燃料使用!E:E,工业非燃料使用!$B:$B,$A57))*$E$2 -> 3058.5395 | E57: =(SUMIFS(一次能源消费!E:E,一次能源消费!$A:$A,$A57)-SUMIFS(工业非燃料使用!F:F,工业非燃料使用!$B:$B,$A57))*$E$2 -> 3046.9267 | F57: =(SUMIFS(一次能源消费!F:F,一次能源消费!$A:$A,$A57)-SUMIFS(工业非燃料使用!G:G,工业非燃料使用!$B:$B,$A57))*$E$2 -> 3033.8591 | G57: =(SUMIFS(一次能源消费!G:G,一次能源消费!$A:$A,$A57)-SUMIFS(工业非燃料使用!H:H,工业非燃料使用!$B:$B,$A57))*$E$2 -> 3018.6165 | H57: =(SUMIFS(一次能源消费!H:H,一次能源消费!$A:$A,$A57)-SUMIFS(工业非燃料使用!I:I,工业非燃料使用!$B:$B,$A57))*$E$2 -> 3001.1919 | I57: =(SUMIFS(一次能源消费!I:I,一次能源消费!$A:$A,$A57)-SUMIFS(工业非燃料使用!J:J,工业非燃料使用!$B:$B,$A57))*$E$2 -> 2981.5923 | J57: =(SUMIFS(一次能源消费!J:J,一次能源消费!$A:$A,$A57)-SUMIFS(工业非燃料使用!K:K,工业非燃料使用!$B:$B,$A57))*$E$2 -> 2959.8178 | K57: =(SUMIFS(一次能源消费!K:K,一次能源消费!$A:$A,$A57)-SUMIFS(工业非燃料使用!L:L,工业非燃料使用!$B:$B,$A57))*$E$2 -> 2935.1338 | L57: =(SUMIFS(一次能源消费!L:L,一次能源消费!$A:$A,$A57)-SUMIFS(工业非燃料使用!M:M,工业非燃料使用!$B:$B,$A57))*$E$2 -> 2907.551 | M57: =(SUMIFS(一次能源消费!M:M,一次能源消费!$A:$A,$A57)-SUMIFS(工业非燃料使用!N:N,工业非燃料使用!$B:$B,$A57))*$E$2 -> 2874.8839 | N57: =(SUMIFS(一次能源消费!N:N,一次能源消费!$A:$A,$A57)-SUMIFS(工业非燃料使用!O:O,工业非燃料使用!$B:$B,$A57))*$E$2 -> 2837.8632 | O57: =(SUMIFS(一次能源消费!O:O,一次能源消费!$A:$A,$A57)-SUMIFS(工业非燃料使用!P:P,工业非燃料使用!$B:$B,$A57))*$E$2 -> 2797.2093 | P57: =(SUMIFS(一次能源消费!P:P,一次能源消费!$A:$A,$A57)-SUMIFS(工业非燃料使用!Q:Q,工业非燃料使用!$B:$B,$A57))*$E$2 -> 2752.2019 | Q57: =(SUMIFS(一次能源消费!Q:Q,一次能源消费!$A:$A,$A57)-SUMIFS(工业非燃料使用!R:R,工业非燃料使用!$B:$B,$A57))*$E$2 -> 2703.5649 | R57: =(SUMIFS(一次能源消费!R:R,一次能源消费!$A:$A,$A57)-SUMIFS(工业非燃料使用!S:S,工业非燃料使用!$B:$B,$A57))*$E$2 -> 2652.0255 | S57: =(SUMIFS(一次能源消费!S:S,一次能源消费!$A:$A,$A57)-SUMIFS(工业非燃料使用!T:T,工业非燃料使用!$B:$B,$A57))*$E$2 -> 2599.035 | T57: =(SUMIFS(一次能源消费!T:T,一次能源消费!$A:$A,$A57)-SUMIFS(工业非燃料使用!U:U,工业非燃料使用!$B:$B,$A57))*$E$2 -> 2543.8659 | U57: =(SUMIFS(一次能源消费!U:U,一次能源消费!$A:$A,$A57)-SUMIFS(工业非燃料使用!V:V,工业非燃料使用!$B:$B,$A57))*$E$2 -> 2486.5183 | V57: =(SUMIFS(一次能源消费!V:V,一次能源消费!$A:$A,$A57)-SUMIFS(工业非燃料使用!W:W,工业非燃料使用!$B:$B,$A57))*$E$2 -> 2426.9922 | W57: =(SUMIFS(一次能源消费!W:W,一次能源消费!$A:$A,$A57)-SUMIFS(工业非燃料使用!X:X,工业非燃料使用!$B:$B,$A57))*$E$2 -> 2363.8364 | X57: =(SUMIFS(一次能源消费!X:X,一次能源消费!$A:$A,$A57)-SUMIFS(工业非燃料使用!Y:Y,工业非燃料使用!$B:$B,$A57))*$E$2 -> 2297.0509 | Y57: =(SUMIFS(一次能源消费!Y:Y,一次能源消费!$A:$A,$A57)-SUMIFS(工业非燃料使用!Z:Z,工业非燃料使用!$B:$B,$A57))*$E$2 -> 2226.6357 | Z57: =(SUMIFS(一次能源消费!Z:Z,一次能源消费!$A:$A,$A57)-SUMIFS(工业非燃料使用!AA:AA,工业非燃料使用!$B:$B,$A57))*$E$2 -> 2153.3182 | AA57: =(SUMIFS(一次能源消费!AA:AA,一次能源消费!$A:$A,$A57)-SUMIFS(工业非燃料使用!AB:AB,工业非燃料使用!$B:$B,$A57))*$E$2 -> 2076.371 | AB57: =(SUMIFS(一次能源消费!AB:AB,一次能源消费!$A:$A,$A57)-SUMIFS(工业非燃料使用!AC:AC,工业非燃料使用!$B:$B,$A57))*$E$2 -> 1995.7942 | AC57: =(SUMIFS(一次能源消费!AC:AC,一次能源消费!$A:$A,$A57)-SUMIFS(工业非燃料使用!AD:AD,工业非燃料使用!$B:$B,$A57))*$E$2 -> 1913.0388 | AD57: =(SUMIFS(一次能源消费!AD:AD,一次能源消费!$A:$A,$A57)-SUMIFS(工业非燃料使用!AE:AE,工业非燃料使用!$B:$B,$A57))*$E$2 -> 1828.1085 | AE57: =(SUMIFS(一次能源消费!AE:AE,一次能源消费!$A:$A,$A57)-SUMIFS(工业非燃料使用!AF:AF,工业非燃料使用!$B:$B,$A57))*$E$2 -> 1739.5448 | AF57: =(SUMIFS(一次能源消费!AF:AF,一次能源消费!$A:$A,$A57)-SUMIFS(工业非燃料使用!AG:AG,工业非燃料使用!$B:$B,$A57))*$E$2 -> 1649.5301 | AG57: =(SUMIFS(一次能源消费!AG:AG,一次能源消费!$A:$A,$A57)-SUMIFS(工业非燃料使用!AH:AH,工业非燃料使用!$B:$B,$A57))*$E$2 -> 1558.7915 | AH57: =(SUMIFS(一次能源消费!AH:AH,一次能源消费!$A:$A,$A57)-SUMIFS(工业非燃料使用!AI:AI,工业非燃料使用!$B:$B,$A57))*$E$2 -> 1466.5982 | AI57: =(SUMIFS(一次能源消费!AI:AI,一次能源消费!$A:$A,$A57)-SUMIFS(工业非燃料使用!AJ:AJ,工业非燃料使用!$B:$B,$A57))*$E$2 -> 1373.6812 | AJ57: =(SUMIFS(一次能源消费!AJ:AJ,一次能源消费!$A:$A,$A57)-SUMIFS(工业非燃料使用!AK:AK,工业非燃料使用!$B:$B,$A57))*$E$2 -> 1280.0367 | AK57: =(SUMIFS(一次能源消费!AK:AK,一次能源消费!$A:$A,$A57)-SUMIFS(工业非燃料使用!AL:AL,工业非燃料使用!$B:$B,$A57))*$E$2 -> 1187.847 | AL57: =(SUMIFS(一次能源消费!AL:AL,一次能源消费!$A:$A,$A57)-SUMIFS(工业非燃料使用!AM:AM,工业非燃料使用!$B:$B,$A57))*$E$2 -> 1098.5596 | AM57: =(SUMIFS(一次能源消费!AM:AM,一次能源消费!$A:$A,$A57)-SUMIFS(工业非燃料使用!AN:AN,工业非燃料使用!$B:$B,$A57))*$E$2 -> 1013.6257 | AN57: =(SUMIFS(一次能源消费!AN:AN,一次能源消费!$A:$A,$A57)-SUMIFS(工业非燃料使用!AO:AO,工业非燃料使用!$B:$B,$A57))*$E$2 -> 933.04886 | AO57: =SUM(C57:AN57) -> 86841.511
... A66: geothermal | B66: 可再生能源 | C66: =(SUMIFS(一次能源消费!C:C,一次能源消费!$A:$A,$A66)-SUMIFS(工业非燃料使用!D:D,工业非燃料使用!$B:$B,$A66))*$E$2 -> 48.306147 | D66: =(SUMIFS(一次能源消费!D:D,一次能源消费!$A:$A,$A66)-SUMIFS(工业非燃料使用!E:E,工业非燃料使用!$B:$B,$A66))*$E$2 -> 48.306147 | E66: =(SUMIFS(一次能源消费!E:E,一次能源消费!$A:$A,$A66)-SUMIFS(工业非燃料使用!F:F,工业非燃料使用!$B:$B,$A66))*$E$2 -> 48.306147 | F66: =(SUMIFS(一次能源消费!F:F,一次能源消费!$A:$A,$A66)-SUMIFS(工业非燃料使用!G:G,工业非燃料使用!$B:$B,$A66))*$E$2 -> 48.306147 | G66: =(SUMIFS(一次能源消费!G:G,一次能源消费!$A:$A,$A66)-SUMIFS(工业非燃料使用!H:H,工业非燃料使用!$B:$B,$A66))*$E$2 -> 48.306147 | H66: =(SUMIFS(一次能源消费!H:H,一次能源消费!$A:$A,$A66)-SUMIFS(工业非燃料使用!I:I,工业非燃料使用!$B:$B,$A66))*$E$2 -> 48.306147 | I66: =(SUMIFS(一次能源消费!I:I,一次能源消费!$A:$A,$A66)-SUMIFS(工业非燃料使用!J:J,工业非燃料使用!$B:$B,$A66))*$E$2 -> 48.306147 | J66: =(SUMIFS(一次能源消费!J:J,一次能源消费!$A:$A,$A66)-SUMIFS(工业非燃料使用!K:K,工业非燃料使用!$B:$B,$A66))*$E$2 -> 48.306147 | K66: =(SUMIFS(一次能源消费!K:K,一次能源消费!$A:$A,$A66)-SUMIFS(工业非燃料使用!L:L,工业非燃料使用!$B:$B,$A66))*$E$2 -> 48.764539 | L66: =(SUMIFS(一次能源消费!L:L,一次能源消费!$A:$A,$A66)-SUMIFS(工业非燃料使用!M:M,工业非燃料使用!$B:$B,$A66))*$E$2 -> 49.22257 | M66: =(SUMIFS(一次能源消费!M:M,一次能源消费!$A:$A,$A66)-SUMIFS(工业非燃料使用!N:N,工业非燃料使用!$B:$B,$A66))*$E$2 -> 49.680962 | N66: =(SUMIFS(一次能源消费!N:N,一次能源消费!$A:$A,$A66)-SUMIFS(工业非燃料使用!O:O,工业非燃料使用!$B:$B,$A66))*$E$2 -> 50.139354 | O66: =(SUMIFS(一次能源消费!O:O,一次能源消费!$A:$A,$A66)-SUMIFS(工业非燃料使用!P:P,工业非燃料使用!$B:$B,$A66))*$E$2 -> 51.055778 | P66: =(SUMIFS(一次能源消费!P:P,一次能源消费!$A:$A,$A66)-SUMIFS(工业非燃料使用!Q:Q,工业非燃料使用!$B:$B,$A66))*$E$2 -> 51.972561 | Q66: =(SUMIFS(一次能源消费!Q:Q,一次能源消费!$A:$A,$A66)-SUMIFS(工业非燃料使用!R:R,工业非燃料使用!$B:$B,$A66))*$E$2 -> 52.889345 | R66: =(SUMIFS(一次能源消费!R:R,一次能源消费!$A:$A,$A66)-SUMIFS(工业非燃料使用!S:S,工业非燃料使用!$B:$B,$A66))*$E$2 -> 53.805769 | S66: =(SUMIFS(一次能源消费!S:S,一次能源消费!$A:$A,$A66)-SUMIFS(工业非燃料使用!T:T,工业非燃料使用!$B:$B,$A66))*$E$2 -> 52.889345 | T66: =(SUMIFS(一次能源消费!T:T,一次能源消费!$A:$A,$A66)-SUMIFS(工业非燃料使用!U:U,工业非燃料使用!$B:$B,$A66))*$E$2 -> 51.055778 | U66: =(SUMIFS(一次能源消费!U:U,一次能源消费!$A:$A,$A66)-SUMIFS(工业非燃料使用!V:V,工业非燃料使用!$B:$B,$A66))*$E$2 -> 48.306147 | V66: =(SUMIFS(一次能源消费!V:V,一次能源消费!$A:$A,$A66)-SUMIFS(工业非燃料使用!W:W,工业非燃料使用!$B:$B,$A66))*$E$2 -> 44.639732 | W66: =(SUMIFS(一次能源消费!W:W,一次能源消费!$A:$A,$A66)-SUMIFS(工业非燃料使用!X:X,工业非燃料使用!$B:$B,$A66))*$E$2 -> 40.972957 | X66: =(SUMIFS(一次能源消费!X:X,一次能源消费!$A:$A,$A66)-SUMIFS(工业非燃料使用!Y:Y,工业非燃料使用!$B:$B,$A66))*$E$2 -> 38.223326 | Y66: =(SUMIFS(一次能源消费!Y:Y,一次能源消费!$A:$A,$A66)-SUMIFS(工业非燃料使用!Z:Z,工业非燃料使用!$B:$B,$A66))*$E$2 -> 34.556696 | Z66: =(SUMIFS(一次能源消费!Z:Z,一次能源消费!$A:$A,$A66)-SUMIFS(工业非燃料使用!AA:AA,工业非燃料使用!$B:$B,$A66))*$E$2 -> 30.890209 | AA66: =(SUMIFS(一次能源消费!AA:AA,一次能源消费!$A:$A,$A66)-SUMIFS(工业非燃料使用!AB:AB,工业非燃料使用!$B:$B,$A66))*$E$2 -> 27.223723 | AB66: =(SUMIFS(一次能源消费!AB:AB,一次能源消费!$A:$A,$A66)-SUMIFS(工业非燃料使用!AC:AC,工业非燃料使用!$B:$B,$A66))*$E$2 -> 23.557236 | AC66: =(SUMIFS(一次能源消费!AC:AC,一次能源消费!$A:$A,$A66)-SUMIFS(工业非燃料使用!AD:AD,工业非燃料使用!$B:$B,$A66))*$E$2 -> 21.723993 | AD66: =(SUMIFS(一次能源消费!AD:AD,一次能源消费!$A:$A,$A66)-SUMIFS(工业非燃料使用!AE:AE,工业非燃料使用!$B:$B,$A66))*$E$2 -> 19.890749 | AE66: =(SUMIFS(一次能源消费!AE:AE,一次能源消费!$A:$A,$A66)-SUMIFS(工业非燃料使用!AF:AF,工业非燃料使用!$B:$B,$A66))*$E$2 -> 18.97411 | AF66: =(SUMIFS(一次能源消费!AF:AF,一次能源消费!$A:$A,$A66)-SUMIFS(工业非燃料使用!AG:AG,工业非燃料使用!$B:$B,$A66))*$E$2 -> 18.97411 | AG66: =(SUMIFS(一次能源消费!AG:AG,一次能源消费!$A:$A,$A66)-SUMIFS(工业非燃料使用!AH:AH,工业非燃料使用!$B:$B,$A66))*$E$2 -> 19.43243 | AH66: =(SUMIFS(一次能源消费!AH:AH,一次能源消费!$A:$A,$A66)-SUMIFS(工业非燃料使用!AI:AI,工业非燃料使用!$B:$B,$A66))*$E$2 -> 20.349033 | AI66: =(SUMIFS(一次能源消费!AI:AI,一次能源消费!$A:$A,$A66)-SUMIFS(工业非燃料使用!AJ:AJ,工业非燃料使用!$B:$B,$A66))*$E$2 -> 21.265673 | AJ66: =(SUMIFS(一次能源消费!AJ:AJ,一次能源消费!$A:$A,$A66)-SUMIFS(工业非燃料使用!AK:AK,工业非燃料使用!$B:$B,$A66))*$E$2 -> 22.182312 | AK66: =(SUMIFS(一次能源消费!AK:AK,一次能源消费!$A:$A,$A66)-SUMIFS(工业非燃料使用!AL:AL,工业非燃料使用!$B:$B,$A66))*$E$2 -> 23.098916 | AL66: =(SUMIFS(一次能源消费!AL:AL,一次能源消费!$A:$A,$A66)-SUMIFS(工业非燃料使用!AM:AM,工业非燃料使用!$B:$B,$A66))*$E$2 -> 24.015556 | AM66: =(SUMIFS(一次能源消费!AM:AM,一次能源消费!$A:$A,$A66)-SUMIFS(工业非燃料使用!AN:AN,工业非燃料使用!$B:$B,$A66))*$E$2 -> 24.932159 | AN66: =(SUMIFS(一次能源消费!AN:AN,一次能源消费!$A:$A,$A66)-SUMIFS(工业非燃料使用!AO:AO,工业非燃料使用!$B:$B,$A66))*$E$2 -> 25.848799 | AO66: =SUM(C66:AN66) -> 1446.983
C68: =C$3 -> 2023 | D68: =D$3 -> 2024 | E68: =E$3 -> 2025 | F68: =F$3 -> 2026 | G68: =G$3 -> 2027 | H68: =H$3 -> 2028 | I68: =I$3 -> 2029 | J68: =J$3 -> 2030 | ... AN68: =AN$3 -> 2060 | AO68: total con
A69: Coal | B69: 煤炭 | C69: =SUMIFS(C$46:C$66,$B$46:$B$66,$B69) -> 245057.98 | D69: =SUMIFS(D$46:D$66,$B$46:$B$66,$B69) -> 244085.33 | E69: =SUMIFS(E$46:E$66,$B$46:$B$66,$B69) -> 256392.94 | F69: =SUMIFS(F$46:F$66,$B$46:$B$66,$B69) -> 264312.1 | G69: =SUMIFS(G$46:G$66,$B$46:$B$66,$B69) -> 272591.38 | H69: =SUMIFS(H$46:H$66,$B$46:$B$66,$B69) -> 280184.26 | I69: =SUMIFS(I$46:I$66,$B$46:$B$66,$B69) -> 286743.3 | J69: =SUMIFS(J$46:J$66,$B$46:$B$66,$B69) -> 294209.36 | ... AN69: =SUMIFS(AN$46:AN$66,$B$46:$B$66,$B69) -> 129156.89 | AO69: =SUM(C69:AN69) -> 8939765.3
A70: Petroleum | B70: 油品 | C70: =SUMIFS(C$46:C$66,$B$46:$B$66,$B70) -> 119934.7 | D70: =SUMIFS(D$46:D$66,$B$46:$B$66,$B70) -> 119915.74 | E70: =SUMIFS(E$46:E$66,$B$46:$B$66,$B70) -> 121139.8 | F70: =SUMIFS(F$46:F$66,$B$46:$B$66,$B70) -> 121532.95 | G70: =SUMIFS(G$46:G$66,$B$46:$B$66,$B70) -> 121843.7 | H70: =SUMIFS(H$46:H$66,$B$46:$B$66,$B70) -> 122118.43 | I70: =SUMIFS(I$46:I$66,$B$46:$B$66,$B70) -> 122313.34 | J70: =SUMIFS(J$46:J$66,$B$46:$B$66,$B70) -> 122469.86 | ... AN70: =SUMIFS(AN$46:AN$66,$B$46:$B$66,$B70) -> 89299.773 | AO70: =SUM(C70:AN70) -> 4073896.4
A71: Natural Gas | B71: 天然气 | C71: =SUMIFS(C$46:C$66,$B$46:$B$66,$B71) -> 34879.511 | D71: =SUMIFS(D$46:D$66,$B$46:$B$66,$B71) -> 37435.598 | E71: =SUMIFS(E$46:E$66,$B$46:$B$66,$B71) -> 39995.315 | F71: =SUMIFS(F$46:F$66,$B$46:$B$66,$B71) -> 41697.425 | G71: =SUMIFS(G$46:G$66,$B$46:$B$66,$B71) -> 42618.31 | H71: =SUMIFS(H$46:H$66,$B$46:$B$66,$B71) -> 43552.105 | I71: =SUMIFS(I$46:I$66,$B$46:$B$66,$B71) -> 44513.186 | J71: =SUMIFS(J$46:J$66,$B$46:$B$66,$B71) -> 45069.526 | ... AN71: =SUMIFS(AN$46:AN$66,$B$46:$B$66,$B71) -> 49681.291 | AO71: =SUM(C71:AN71) -> 1799211.2
A72: Renewable | B72: 可再生能源 | C72: =SUMIFS(C$46:C$66,$B$46:$B$66,$B72) -> 109280.79 | D72: =SUMIFS(D$46:D$66,$B$46:$B$66,$B72) -> 112719.54 | E72: =SUMIFS(E$46:E$66,$B$46:$B$66,$B72) -> 116827.46 | F72: =SUMIFS(F$46:F$66,$B$46:$B$66,$B72) -> 121261.43 | G72: =SUMIFS(G$46:G$66,$B$46:$B$66,$B72) -> 126038.05 | H72: =SUMIFS(H$46:H$66,$B$46:$B$66,$B72) -> 130930.65 | I72: =SUMIFS(I$46:I$66,$B$46:$B$66,$B72) -> 136152.39 | J72: =SUMIFS(J$46:J$66,$B$46:$B$66,$B72) -> 141874.39 | ... AN72: =SUMIFS(AN$46:AN$66,$B$46:$B$66,$B72) -> 544453.76 | AO72: =SUM(C72:AN72) -> 11734803
A76: 换算单位 | D76: trillion btu | E76: 1e-12
C77: =C$3 -> 2023 | D77: =D$3 -> 2024 | E77: =E$3 -> 2025 | F77: =F$3 -> 2026 | G77: =G$3 -> 2027 | H77: =H$3 -> 2028 | I77: =I$3 -> 2029 | J77: =J$3 -> 2030 | ... AN77: =AN$3 -> 2060 | AO77: total con
A78: hard coal | B78: 煤炭 | C78: =(SUMIFS(一次能源消费!C:C,一次能源消费!$A:$A,$A46)-SUMIFS(工业非燃料使用!D:D,工业非燃料使用!$B:$B,$A46))*$E$76 -> 66690.963 | D78: =(SUMIFS(一次能源消费!D:D,一次能源消费!$A:$A,$A46)-SUMIFS(工业非燃料使用!E:E,工业非燃料使用!$B:$B,$A46))*$E$76 -> 66483.227 | E78: =(SUMIFS(一次能源消费!E:E,一次能源消费!$A:$A,$A46)-SUMIFS(工业非燃料使用!F:F,工业非燃料使用!$B:$B,$A46))*$E$76 -> 69936.512 | F78: =(SUMIFS(一次能源消费!F:F,一次能源消费!$A:$A,$A46)-SUMIFS(工业非燃料使用!G:G,工业非燃料使用!$B:$B,$A46))*$E$76 -> 72162.444 | G78: =(SUMIFS(一次能源消费!G:G,一次能源消费!$A:$A,$A46)-SUMIFS(工业非燃料使用!H:H,工业非燃料使用!$B:$B,$A46))*$E$76 -> 74474.101 | H78: =(SUMIFS(一次能源消费!H:H,一次能源消费!$A:$A,$A46)-SUMIFS(工业非燃料使用!I:I,工业非燃料使用!$B:$B,$A46))*$E$76 -> 76603.451 | I78: =(SUMIFS(一次能源消费!I:I,一次能源消费!$A:$A,$A46)-SUMIFS(工业非燃料使用!J:J,工业非燃料使用!$B:$B,$A46))*$E$76 -> 78452.773 | J78: =(SUMIFS(一次能源消费!J:J,一次能源消费!$A:$A,$A46)-SUMIFS(工业非燃料使用!K:K,工业非燃料使用!$B:$B,$A46))*$E$76 -> 80534.35 | K78: =(SUMIFS(一次能源消费!K:K,一次能源消费!$A:$A,$A46)-SUMIFS(工业非燃料使用!L:L,工业非燃料使用!$B:$B,$A46))*$E$76 -> 81069.198 | L78: =(SUMIFS(一次能源消费!L:L,一次能源消费!$A:$A,$A46)-SUMIFS(工业非燃料使用!M:M,工业非燃料使用!$B:$B,$A46))*$E$76 -> 81508.887 | M78: =(SUMIFS(一次能源消费!M:M,一次能源消费!$A:$A,$A46)-SUMIFS(工业非燃料使用!N:N,工业非燃料使用!$B:$B,$A46))*$E$76 -> 81795.276 | N78: =(SUMIFS(一次能源消费!N:N,一次能源消费!$A:$A,$A46)-SUMIFS(工业非燃料使用!O:O,工业非燃料使用!$B:$B,$A46))*$E$76 -> 82134.135 | O78: =(SUMIFS(一次能源消费!O:O,一次能源消费!$A:$A,$A46)-SUMIFS(工业非燃料使用!P:P,工业非燃料使用!$B:$B,$A46))*$E$76 -> 81152.367 | P78: =(SUMIFS(一次能源消费!P:P,一次能源消费!$A:$A,$A46)-SUMIFS(工业非燃料使用!Q:Q,工业非燃料使用!$B:$B,$A46))*$E$76 -> 79955.045 | Q78: =(SUMIFS(一次能源消费!Q:Q,一次能源消费!$A:$A,$A46)-SUMIFS(工业非燃料使用!R:R,工业非燃料使用!$B:$B,$A46))*$E$76 -> 78514.445 | R78: =(SUMIFS(一次能源消费!R:R,一次能源消费!$A:$A,$A46)-SUMIFS(工业非燃料使用!S:S,工业非燃料使用!$B:$B,$A46))*$E$76 -> 77126.796 | S78: =(SUMIFS(一次能源消费!S:S,一次能源消费!$A:$A,$A46)-SUMIFS(工业非燃料使用!T:T,工业非燃料使用!$B:$B,$A46))*$E$76 -> 75666.046 | T78: =(SUMIFS(一次能源消费!T:T,一次能源消费!$A:$A,$A46)-SUMIFS(工业非燃料使用!U:U,工业非燃料使用!$B:$B,$A46))*$E$76 -> 74128.68 | U78: =(SUMIFS(一次能源消费!U:U,一次能源消费!$A:$A,$A46)-SUMIFS(工业非燃料使用!V:V,工业非燃料使用!$B:$B,$A46))*$E$76 -> 72362.499 | V78: =(SUMIFS(一次能源消费!V:V,一次能源消费!$A:$A,$A46)-SUMIFS(工业非燃料使用!W:W,工业非燃料使用!$B:$B,$A46))*$E$76 -> 70537.276 | W78: =(SUMIFS(一次能源消费!W:W,一次能源消费!$A:$A,$A46)-SUMIFS(工业非燃料使用!X:X,工业非燃料使用!$B:$B,$A46))*$E$76 -> 68682.389 | X78: =(SUMIFS(一次能源消费!X:X,一次能源消费!$A:$A,$A46)-SUMIFS(工业非燃料使用!Y:Y,工业非燃料使用!$B:$B,$A46))*$E$76 -> 66792.869 | Y78: =(SUMIFS(一次能源消费!Y:Y,一次能源消费!$A:$A,$A46)-SUMIFS(工业非燃料使用!Z:Z,工业非燃料使用!$B:$B,$A46))*$E$76 -> 64848.805 | Z78: =(SUMIFS(一次能源消费!Z:Z,一次能源消费!$A:$A,$A46)-SUMIFS(工业非燃料使用!AA:AA,工业非燃料使用!$B:$B,$A46))*$E$76 -> 62937.5 | AA78: =(SUMIFS(一次能源消费!AA:AA,一次能源消费!$A:$A,$A46)-SUMIFS(工业非燃料使用!AB:AB,工业非燃料使用!$B:$B,$A46))*$E$76 -> 60900.229 | AB78: =(SUMIFS(一次能源消费!AB:AB,一次能源消费!$A:$A,$A46)-SUMIFS(工业非燃料使用!AC:AC,工业非燃料使用!$B:$B,$A46))*$E$76 -> 58907.347 | AC78: =(SUMIFS(一次能源消费!AC:AC,一次能源消费!$A:$A,$A46)-SUMIFS(工业非燃料使用!AD:AD,工业非燃料使用!$B:$B,$A46))*$E$76 -> 56825.296 | AD78: =(SUMIFS(一次能源消费!AD:AD,一次能源消费!$A:$A,$A46)-SUMIFS(工业非燃料使用!AE:AE,工业非燃料使用!$B:$B,$A46))*$E$76 -> 54758.561 | AE78: =(SUMIFS(一次能源消费!AE:AE,一次能源消费!$A:$A,$A46)-SUMIFS(工业非燃料使用!AF:AF,工业非燃料使用!$B:$B,$A46))*$E$76 -> 52694.385 | AF78: =(SUMIFS(一次能源消费!AF:AF,一次能源消费!$A:$A,$A46)-SUMIFS(工业非燃料使用!AG:AG,工业非燃料使用!$B:$B,$A46))*$E$76 -> 50571.764 | AG78: =(SUMIFS(一次能源消费!AG:AG,一次能源消费!$A:$A,$A46)-SUMIFS(工业非燃料使用!AH:AH,工业非燃料使用!$B:$B,$A46))*$E$76 -> 48467.955 | AH78: =(SUMIFS(一次能源消费!AH:AH,一次能源消费!$A:$A,$A46)-SUMIFS(工业非燃料使用!AI:AI,工业非燃料使用!$B:$B,$A46))*$E$76 -> 46395.113 | AI78: =(SUMIFS(一次能源消费!AI:AI,一次能源消费!$A:$A,$A46)-SUMIFS(工业非燃料使用!AJ:AJ,工业非燃料使用!$B:$B,$A46))*$E$76 -> 44311.256 | AJ78: =(SUMIFS(一次能源消费!AJ:AJ,一次能源消费!$A:$A,$A46)-SUMIFS(工业非燃料使用!AK:AK,工业非燃料使用!$B:$B,$A46))*$E$76 -> 42340.471 | AK78: =(SUMIFS(一次能源消费!AK:AK,一次能源消费!$A:$A,$A46)-SUMIFS(工业非燃料使用!AL:AL,工业非燃料使用!$B:$B,$A46))*$E$76 -> 40406.207 | AL78: =(SUMIFS(一次能源消费!AL:AL,一次能源消费!$A:$A,$A46)-SUMIFS(工业非燃料使用!AM:AM,工业非燃料使用!$B:$B,$A46))*$E$76 -> 38507.153 | AM78: =(SUMIFS(一次能源消费!AM:AM,一次能源消费!$A:$A,$A46)-SUMIFS(工业非燃料使用!AN:AN,工业非燃料使用!$B:$B,$A46))*$E$76 -> 36715.781 | AN78: =(SUMIFS(一次能源消费!AN:AN,一次能源消费!$A:$A,$A46)-SUMIFS(工业非燃料使用!AO:AO,工业非燃料使用!$B:$B,$A46))*$E$76 -> 35495.779 | AO78: =SUM(C78:AN78) -> 2451847.3
A79: wind | B79: 可再生能源 | C79: =(SUMIFS(一次能源消费!C:C,一次能源消费!$A:$A,$A47)-SUMIFS(工业非燃料使用!D:D,工业非燃料使用!$B:$B,$A47))*$E$76 -> 7392.32 | D79: =(SUMIFS(一次能源消费!D:D,一次能源消费!$A:$A,$A47)-SUMIFS(工业非燃料使用!E:E,工业非燃料使用!$B:$B,$A47))*$E$76 -> 7771 | E79: =(SUMIFS(一次能源消费!E:E,一次能源消费!$A:$A,$A47)-SUMIFS(工业非燃料使用!F:F,工业非燃料使用!$B:$B,$A47))*$E$76 -> 7964.7 | F79: =(SUMIFS(一次能源消费!F:F,一次能源消费!$A:$A,$A47)-SUMIFS(工业非燃料使用!G:G,工业非燃料使用!$B:$B,$A47))*$E$76 -> 8122.37 | G79: =(SUMIFS(一次能源消费!G:G,一次能源消费!$A:$A,$A47)-SUMIFS(工业非燃料使用!H:H,工业非燃料使用!$B:$B,$A47))*$E$76 -> 8237.73 | H79: =(SUMIFS(一次能源消费!H:H,一次能源消费!$A:$A,$A47)-SUMIFS(工业非燃料使用!I:I,工业非燃料使用!$B:$B,$A47))*$E$76 -> 8403.89 | I79: =(SUMIFS(一次能源消费!I:I,一次能源消费!$A:$A,$A47)-SUMIFS(工业非燃料使用!J:J,工业非燃料使用!$B:$B,$A47))*$E$76 -> 8598.94 | J79: =(SUMIFS(一次能源消费!J:J,一次能源消费!$A:$A,$A47)-SUMIFS(工业非燃料使用!K:K,工业非燃料使用!$B:$B,$A47))*$E$76 -> 8841.69 | K79: =(SUMIFS(一次能源消费!K:K,一次能源消费!$A:$A,$A47)-SUMIFS(工业非燃料使用!L:L,工业非燃料使用!$B:$B,$A47))*$E$76 -> 9250.54 | L79: =(SUMIFS(一次能源消费!L:L,一次能源消费!$A:$A,$A47)-SUMIFS(工业非燃料使用!M:M,工业非燃料使用!$B:$B,$A47))*$E$76 -> 9729.6 | M79: =(SUMIFS(一次能源消费!M:M,一次能源消费!$A:$A,$A47)-SUMIFS(工业非燃料使用!N:N,工业非燃料使用!$B:$B,$A47))*$E$76 -> 10220.2 | N79: =(SUMIFS(一次能源消费!N:N,一次能源消费!$A:$A,$A47)-SUMIFS(工业非燃料使用!O:O,工业非燃料使用!$B:$B,$A47))*$E$76 -> 10670.7 | O79: =(SUMIFS(一次能源消费!O:O,一次能源消费!$A:$A,$A47)-SUMIFS(工业非燃料使用!P:P,工业非燃料使用!$B:$B,$A47))*$E$76 -> 11364.3 | P79: =(SUMIFS(一次能源消费!P:P,一次能源消费!$A:$A,$A47)-SUMIFS(工业非燃料使用!Q:Q,工业非燃料使用!$B:$B,$A47))*$E$76 -> 11968 | Q79: =(SUMIFS(一次能源消费!Q:Q,一次能源消费!$A:$A,$A47)-SUMIFS(工业非燃料使用!R:R,工业非燃料使用!$B:$B,$A47))*$E$76 -> 12603.1 | R79: =(SUMIFS(一次能源消费!R:R,一次能源消费!$A:$A,$A47)-SUMIFS(工业非燃料使用!S:S,工业非燃料使用!$B:$B,$A47))*$E$76 -> 13256.3 | S79: =(SUMIFS(一次能源消费!S:S,一次能源消费!$A:$A,$A47)-SUMIFS(工业非燃料使用!T:T,工业非燃料使用!$B:$B,$A47))*$E$76 -> 13952.8 | T79: =(SUMIFS(一次能源消费!T:T,一次能源消费!$A:$A,$A47)-SUMIFS(工业非燃料使用!U:U,工业非燃料使用!$B:$B,$A47))*$E$76 -> 14676.5 | U79: =(SUMIFS(一次能源消费!U:U,一次能源消费!$A:$A,$A47)-SUMIFS(工业非燃料使用!V:V,工业非燃料使用!$B:$B,$A47))*$E$76 -> 15354.1 | V79: =(SUMIFS(一次能源消费!V:V,一次能源消费!$A:$A,$A47)-SUMIFS(工业非燃料使用!W:W,工业非燃料使用!$B:$B,$A47))*$E$76 -> 16048.1 | W79: =(SUMIFS(一次能源消费!W:W,一次能源消费!$A:$A,$A47)-SUMIFS(工业非燃料使用!X:X,工业非燃料使用!$B:$B,$A47))*$E$76 -> 16677.4 | X79: =(SUMIFS(一次能源消费!X:X,一次能源消费!$A:$A,$A47)-SUMIFS(工业非燃料使用!Y:Y,工业非燃料使用!$B:$B,$A47))*$E$76 -> 17298.6 | Y79: =(SUMIFS(一次能源消费!Y:Y,一次能源消费!$A:$A,$A47)-SUMIFS(工业非燃料使用!Z:Z,工业非燃料使用!$B:$B,$A47))*$E$76 -> 17853.8 | Z79: =(SUMIFS(一次能源消费!Z:Z,一次能源消费!$A:$A,$A47)-SUMIFS(工业非燃料使用!AA:AA,工业非燃料使用!$B:$B,$A47))*$E$76 -> 18343.9 | AA79: =(SUMIFS(一次能源消费!AA:AA,一次能源消费!$A:$A,$A47)-SUMIFS(工业非燃料使用!AB:AB,工业非燃料使用!$B:$B,$A47))*$E$76 -> 18859.7 | AB79: =(SUMIFS(一次能源消费!AB:AB,一次能源消费!$A:$A,$A47)-SUMIFS(工业非燃料使用!AC:AC,工业非燃料使用!$B:$B,$A47))*$E$76 -> 19563.8 | AC79: =(SUMIFS(一次能源消费!AC:AC,一次能源消费!$A:$A,$A47)-SUMIFS(工业非燃料使用!AD:AD,工业非燃料使用!$B:$B,$A47))*$E$76 -> 20213 | AD79: =(SUMIFS(一次能源消费!AD:AD,一次能源消费!$A:$A,$A47)-SUMIFS(工业非燃料使用!AE:AE,工业非燃料使用!$B:$B,$A47))*$E$76 -> 20946.1 | AE79: =(SUMIFS(一次能源消费!AE:AE,一次能源消费!$A:$A,$A47)-SUMIFS(工业非燃料使用!AF:AF,工业非燃料使用!$B:$B,$A47))*$E$76 -> 21704.1 | AF79: =(SUMIFS(一次能源消费!AF:AF,一次能源消费!$A:$A,$A47)-SUMIFS(工业非燃料使用!AG:AG,工业非燃料使用!$B:$B,$A47))*$E$76 -> 22351.9 | AG79: =(SUMIFS(一次能源消费!AG:AG,一次能源消费!$A:$A,$A47)-SUMIFS(工业非燃料使用!AH:AH,工业非燃料使用!$B:$B,$A47))*$E$76 -> 23017.5 | AH79: =(SUMIFS(一次能源消费!AH:AH,一次能源消费!$A:$A,$A47)-SUMIFS(工业非燃料使用!AI:AI,工业非燃料使用!$B:$B,$A47))*$E$76 -> 23653.2 | AI79: =(SUMIFS(一次能源消费!AI:AI,一次能源消费!$A:$A,$A47)-SUMIFS(工业非燃料使用!AJ:AJ,工业非燃料使用!$B:$B,$A47))*$E$76 -> 24266.4 | AJ79: =(SUMIFS(一次能源消费!AJ:AJ,一次能源消费!$A:$A,$A47)-SUMIFS(工业非燃料使用!AK:AK,工业非燃料使用!$B:$B,$A47))*$E$76 -> 24800.2 | AK79: =(SUMIFS(一次能源消费!AK:AK,一次能源消费!$A:$A,$A47)-SUMIFS(工业非燃料使用!AL:AL,工业非燃料使用!$B:$B,$A47))*$E$76 -> 25336 | AL79: =(SUMIFS(一次能源消费!AL:AL,一次能源消费!$A:$A,$A47)-SUMIFS(工业非燃料使用!AM:AM,工业非燃料使用!$B:$B,$A47))*$E$76 -> 25794.1 | AM79: =(SUMIFS(一次能源消费!AM:AM,一次能源消费!$A:$A,$A47)-SUMIFS(工业非燃料使用!AN:AN,工业非燃料使用!$B:$B,$A47))*$E$76 -> 26207.8 | AN79: =(SUMIFS(一次能源消费!AN:AN,一次能源消费!$A:$A,$A47)-SUMIFS(工业非燃料使用!AO:AO,工业非燃料使用!$B:$B,$A47))*$E$76 -> 26895.8 | AO79: =SUM(C79:AN79) -> 608210.18
A80: diesel | B80: 油品 | C80: =(SUMIFS(一次能源消费!C:C,一次能源消费!$A:$A,$A48)-SUMIFS(工业非燃料使用!D:D,工业非燃料使用!$B:$B,$A48))*$E$76 -> 12703.147 | D80: =(SUMIFS(一次能源消费!D:D,一次能源消费!$A:$A,$A48)-SUMIFS(工业非燃料使用!E:E,工业非燃料使用!$B:$B,$A48))*$E$76 -> 12856.204 | E80: =(SUMIFS(一次能源消费!E:E,一次能源消费!$A:$A,$A48)-SUMIFS(工业非燃料使用!F:F,工业非燃料使用!$B:$B,$A48))*$E$76 -> 12996.087 | F80: =(SUMIFS(一次能源消费!F:F,一次能源消费!$A:$A,$A48)-SUMIFS(工业非燃料使用!G:G,工业非燃料使用!$B:$B,$A48))*$E$76 -> 13141.383 | G80: =(SUMIFS(一次能源消费!G:G,一次能源消费!$A:$A,$A48)-SUMIFS(工业非燃料使用!H:H,工业非燃料使用!$B:$B,$A48))*$E$76 -> 13260.867 | H80: =(SUMIFS(一次能源消费!H:H,一次能源消费!$A:$A,$A48)-SUMIFS(工业非燃料使用!I:I,工业非燃料使用!$B:$B,$A48))*$E$76 -> 13367.213 | I80: =(SUMIFS(一次能源消费!I:I,一次能源消费!$A:$A,$A48)-SUMIFS(工业非燃料使用!J:J,工业非燃料使用!$B:$B,$A48))*$E$76 -> 13457.704 | J80: =(SUMIFS(一次能源消费!J:J,一次能源消费!$A:$A,$A48)-SUMIFS(工业非燃料使用!K:K,工业非燃料使用!$B:$B,$A48))*$E$76 -> 13543.426 | K80: =(SUMIFS(一次能源消费!K:K,一次能源消费!$A:$A,$A48)-SUMIFS(工业非燃料使用!L:L,工业非燃料使用!$B:$B,$A48))*$E$76 -> 13514.592 | L80: =(SUMIFS(一次能源消费!L:L,一次能源消费!$A:$A,$A48)-SUMIFS(工业非燃料使用!M:M,工业非燃料使用!$B:$B,$A48))*$E$76 -> 13477.721 | M80: =(SUMIFS(一次能源消费!M:M,一次能源消费!$A:$A,$A48)-SUMIFS(工业非燃料使用!N:N,工业非燃料使用!$B:$B,$A48))*$E$76 -> 13446.582 | N80: =(SUMIFS(一次能源消费!N:N,一次能源消费!$A:$A,$A48)-SUMIFS(工业非燃料使用!O:O,工业非燃料使用!$B:$B,$A48))*$E$76 -> 13415.698 | O80: =(SUMIFS(一次能源消费!O:O,一次能源消费!$A:$A,$A48)-SUMIFS(工业非燃料使用!P:P,工业非燃料使用!$B:$B,$A48))*$E$76 -> 13367.104 | P80: =(SUMIFS(一次能源消费!P:P,一次能源消费!$A:$A,$A48)-SUMIFS(工业非燃料使用!Q:Q,工业非燃料使用!$B:$B,$A48))*$E$76 -> 13357.536 | Q80: =(SUMIFS(一次能源消费!Q:Q,一次能源消费!$A:$A,$A48)-SUMIFS(工业非燃料使用!R:R,工业非燃料使用!$B:$B,$A48))*$E$76 -> 13316.378 | R80: =(SUMIFS(一次能源消费!R:R,一次能源消费!$A:$A,$A48)-SUMIFS(工业非燃料使用!S:S,工业非燃料使用!$B:$B,$A48))*$E$76 -> 13219.554 | S80: =(SUMIFS(一次能源消费!S:S,一次能源消费!$A:$A,$A48)-SUMIFS(工业非燃料使用!T:T,工业非燃料使用!$B:$B,$A48))*$E$76 -> 13130.806 | T80: =(SUMIFS(一次能源消费!T:T,一次能源消费!$A:$A,$A48)-SUMIFS(工业非燃料使用!U:U,工业非燃料使用!$B:$B,$A48))*$E$76 -> 13050.692 | U80: =(SUMIFS(一次能源消费!U:U,一次能源消费!$A:$A,$A48)-SUMIFS(工业非燃料使用!V:V,工业非燃料使用!$B:$B,$A48))*$E$76 -> 12929.785 | V80: =(SUMIFS(一次能源消费!V:V,一次能源消费!$A:$A,$A48)-SUMIFS(工业非燃料使用!W:W,工业非燃料使用!$B:$B,$A48))*$E$76 -> 12811.711 | W80: =(SUMIFS(一次能源消费!W:W,一次能源消费!$A:$A,$A48)-SUMIFS(工业非燃料使用!X:X,工业非燃料使用!$B:$B,$A48))*$E$76 -> 12691.155 | X80: =(SUMIFS(一次能源消费!X:X,一次能源消费!$A:$A,$A48)-SUMIFS(工业非燃料使用!Y:Y,工业非燃料使用!$B:$B,$A48))*$E$76 -> 12587.681 | Y80: =(SUMIFS(一次能源消费!Y:Y,一次能源消费!$A:$A,$A48)-SUMIFS(工业非燃料使用!Z:Z,工业非燃料使用!$B:$B,$A48))*$E$76 -> 12484.64 | Z80: =(SUMIFS(一次能源消费!Z:Z,一次能源消费!$A:$A,$A48)-SUMIFS(工业非燃料使用!AA:AA,工业非燃料使用!$B:$B,$A48))*$E$76 -> 12434.427 | AA80: =(SUMIFS(一次能源消费!AA:AA,一次能源消费!$A:$A,$A48)-SUMIFS(工业非燃料使用!AB:AB,工业非燃料使用!$B:$B,$A48))*$E$76 -> 12397.03 | AB80: =(SUMIFS(一次能源消费!AB:AB,一次能源消费!$A:$A,$A48)-SUMIFS(工业非燃料使用!AC:AC,工业非燃料使用!$B:$B,$A48))*$E$76 -> 12373.836 | AC80: =(SUMIFS(一次能源消费!AC:AC,一次能源消费!$A:$A,$A48)-SUMIFS(工业非燃料使用!AD:AD,工业非燃料使用!$B:$B,$A48))*$E$76 -> 12351.509 | AD80: =(SUMIFS(一次能源消费!AD:AD,一次能源消费!$A:$A,$A48)-SUMIFS(工业非燃料使用!AE:AE,工业非燃料使用!$B:$B,$A48))*$E$76 -> 12328.731 | AE80: =(SUMIFS(一次能源消费!AE:AE,一次能源消费!$A:$A,$A48)-SUMIFS(工业非燃料使用!AF:AF,工业非燃料使用!$B:$B,$A48))*$E$76 -> 12266.243 | AF80: =(SUMIFS(一次能源消费!AF:AF,一次能源消费!$A:$A,$A48)-SUMIFS(工业非燃料使用!AG:AG,工业非燃料使用!$B:$B,$A48))*$E$76 -> 12212.642 | AG80: =(SUMIFS(一次能源消费!AG:AG,一次能源消费!$A:$A,$A48)-SUMIFS(工业非燃料使用!AH:AH,工业非燃料使用!$B:$B,$A48))*$E$76 -> 12153.256 | AH80: =(SUMIFS(一次能源消费!AH:AH,一次能源消费!$A:$A,$A48)-SUMIFS(工业非燃料使用!AI:AI,工业非燃料使用!$B:$B,$A48))*$E$76 -> 12105.688 | AI80: =(SUMIFS(一次能源消费!AI:AI,一次能源消费!$A:$A,$A48)-SUMIFS(工业非燃料使用!AJ:AJ,工业非燃料使用!$B:$B,$A48))*$E$76 -> 12048.504 | AJ80: =(SUMIFS(一次能源消费!AJ:AJ,一次能源消费!$A:$A,$A48)-SUMIFS(工业非燃料使用!AK:AK,工业非燃料使用!$B:$B,$A48))*$E$76 -> 11993.314 | AK80: =(SUMIFS(一次能源消费!AK:AK,一次能源消费!$A:$A,$A48)-SUMIFS(工业非燃料使用!AL:AL,工业非燃料使用!$B:$B,$A48))*$E$76 -> 11949.751 | AL80: =(SUMIFS(一次能源消费!AL:AL,一次能源消费!$A:$A,$A48)-SUMIFS(工业非燃料使用!AM:AM,工业非燃料使用!$B:$B,$A48))*$E$76 -> 11893.916 | AM80: =(SUMIFS(一次能源消费!AM:AM,一次能源消费!$A:$A,$A48)-SUMIFS(工业非燃料使用!AN:AN,工业非燃料使用!$B:$B,$A48))*$E$76 -> 11836.605 | AN80: =(SUMIFS(一次能源消费!AN:AN,一次能源消费!$A:$A,$A48)-SUMIFS(工业非燃料使用!AO:AO,工业非燃料使用!$B:$B,$A48))*$E$76 -> 11812.093 | AO80: =SUM(C80:AN80) -> 484285.21
A81: solar | B81: 可再生能源 | C81: =(SUMIFS(一次能源消费!C:C,一次能源消费!$A:$A,$A49)-SUMIFS(工业非燃料使用!D:D,工业非燃料使用!$B:$B,$A49))*$E$76 -> 5496.82 | D81: =(SUMIFS(一次能源消费!D:D,一次能源消费!$A:$A,$A49)-SUMIFS(工业非燃料使用!E:E,工业非燃料使用!$B:$B,$A49))*$E$76 -> 6010.87 | E81: =(SUMIFS(一次能源消费!E:E,一次能源消费!$A:$A,$A49)-SUMIFS(工业非燃料使用!F:F,工业非燃料使用!$B:$B,$A49))*$E$76 -> 6542.23 | F81: =(SUMIFS(一次能源消费!F:F,一次能源消费!$A:$A,$A49)-SUMIFS(工业非燃料使用!G:G,工业非燃料使用!$B:$B,$A49))*$E$76 -> 7188.92 | G81: =(SUMIFS(一次能源消费!G:G,一次能源消费!$A:$A,$A49)-SUMIFS(工业非燃料使用!H:H,工业非燃料使用!$B:$B,$A49))*$E$76 -> 7921.18 | H81: =(SUMIFS(一次能源消费!H:H,一次能源消费!$A:$A,$A49)-SUMIFS(工业非燃料使用!I:I,工业非燃料使用!$B:$B,$A49))*$E$76 -> 8829.15 | I81: =(SUMIFS(一次能源消费!I:I,一次能源消费!$A:$A,$A49)-SUMIFS(工业非燃料使用!J:J,工业非燃料使用!$B:$B,$A49))*$E$76 -> 9940.66 | J81: =(SUMIFS(一次能源消费!J:J,一次能源消费!$A:$A,$A49)-SUMIFS(工业非燃料使用!K:K,工业非燃料使用!$B:$B,$A49))*$E$76 -> 11232.7 | K81: =(SUMIFS(一次能源消费!K:K,一次能源消费!$A:$A,$A49)-SUMIFS(工业非燃料使用!L:L,工业非燃料使用!$B:$B,$A49))*$E$76 -> 13060.7 | L81: =(SUMIFS(一次能源消费!L:L,一次能源消费!$A:$A,$A49)-SUMIFS(工业非燃料使用!M:M,工业非燃料使用!$B:$B,$A49))*$E$76 -> 15132.4 | M81: =(SUMIFS(一次能源消费!M:M,一次能源消费!$A:$A,$A49)-SUMIFS(工业非燃料使用!N:N,工业非燃料使用!$B:$B,$A49))*$E$76 -> 17421.9 | N81: =(SUMIFS(一次能源消费!N:N,一次能源消费!$A:$A,$A49)-SUMIFS(工业非燃料使用!O:O,工业非燃料使用!$B:$B,$A49))*$E$76 -> 19756.9 | O81: =(SUMIFS(一次能源消费!O:O,一次能源消费!$A:$A,$A49)-SUMIFS(工业非燃料使用!P:P,工业非燃料使用!$B:$B,$A49))*$E$76 -> 23061.2 | P81: =(SUMIFS(一次能源消费!P:P,一次能源消费!$A:$A,$A49)-SUMIFS(工业非燃料使用!Q:Q,工业非燃料使用!$B:$B,$A49))*$E$76 -> 26208.9 | Q81: =(SUMIFS(一次能源消费!Q:Q,一次能源消费!$A:$A,$A49)-SUMIFS(工业非燃料使用!R:R,工业非燃料使用!$B:$B,$A49))*$E$76 -> 29596 | R81: =(SUMIFS(一次能源消费!R:R,一次能源消费!$A:$A,$A49)-SUMIFS(工业非燃料使用!S:S,工业非燃料使用!$B:$B,$A49))*$E$76 -> 33218.1 | S81: =(SUMIFS(一次能源消费!S:S,一次能源消费!$A:$A,$A49)-SUMIFS(工业非燃料使用!T:T,工业非燃料使用!$B:$B,$A49))*$E$76 -> 36986.2 | T81: =(SUMIFS(一次能源消费!T:T,一次能源消费!$A:$A,$A49)-SUMIFS(工业非燃料使用!U:U,工业非燃料使用!$B:$B,$A49))*$E$76 -> 40842.6 | U81: =(SUMIFS(一次能源消费!U:U,一次能源消费!$A:$A,$A49)-SUMIFS(工业非燃料使用!V:V,工业非燃料使用!$B:$B,$A49))*$E$76 -> 44613.1 | V81: =(SUMIFS(一次能源消费!V:V,一次能源消费!$A:$A,$A49)-SUMIFS(工业非燃料使用!W:W,工业非燃料使用!$B:$B,$A49))*$E$76 -> 48504.8 | W81: =(SUMIFS(一次能源消费!W:W,一次能源消费!$A:$A,$A49)-SUMIFS(工业非燃料使用!X:X,工业非燃料使用!$B:$B,$A49))*$E$76 -> 52446.7 | X81: =(SUMIFS(一次能源消费!X:X,一次能源消费!$A:$A,$A49)-SUMIFS(工业非燃料使用!Y:Y,工业非燃料使用!$B:$B,$A49))*$E$76 -> 56444.7 | Y81: =(SUMIFS(一次能源消费!Y:Y,一次能源消费!$A:$A,$A49)-SUMIFS(工业非燃料使用!Z:Z,工业非燃料使用!$B:$B,$A49))*$E$76 -> 60342.2 | Z81: =(SUMIFS(一次能源消费!Z:Z,一次能源消费!$A:$A,$A49)-SUMIFS(工业非燃料使用!AA:AA,工业非燃料使用!$B:$B,$A49))*$E$76 -> 64326.1 | AA81: =(SUMIFS(一次能源消费!AA:AA,一次能源消费!$A:$A,$A49)-SUMIFS(工业非燃料使用!AB:AB,工业非燃料使用!$B:$B,$A49))*$E$76 -> 68116.1 | AB81: =(SUMIFS(一次能源消费!AB:AB,一次能源消费!$A:$A,$A49)-SUMIFS(工业非燃料使用!AC:AC,工业非燃料使用!$B:$B,$A49))*$E$76 -> 71810.8 | AC81: =(SUMIFS(一次能源消费!AC:AC,一次能源消费!$A:$A,$A49)-SUMIFS(工业非燃料使用!AD:AD,工业非燃料使用!$B:$B,$A49))*$E$76 -> 75040 | AD81: =(SUMIFS(一次能源消费!AD:AD,一次能源消费!$A:$A,$A49)-SUMIFS(工业非燃料使用!AE:AE,工业非燃料使用!$B:$B,$A49))*$E$76 -> 78362.5 | AE81: =(SUMIFS(一次能源消费!AE:AE,一次能源消费!$A:$A,$A49)-SUMIFS(工业非燃料使用!AF:AF,工业非燃料使用!$B:$B,$A49))*$E$76 -> 81322 | AF81: =(SUMIFS(一次能源消费!AF:AF,一次能源消费!$A:$A,$A49)-SUMIFS(工业非燃料使用!AG:AG,工业非燃料使用!$B:$B,$A49))*$E$76 -> 84086 | AG81: =(SUMIFS(一次能源消费!AG:AG,一次能源消费!$A:$A,$A49)-SUMIFS(工业非燃料使用!AH:AH,工业非燃料使用!$B:$B,$A49))*$E$76 -> 86968.6 | AH81: =(SUMIFS(一次能源消费!AH:AH,一次能源消费!$A:$A,$A49)-SUMIFS(工业非燃料使用!AI:AI,工业非燃料使用!$B:$B,$A49))*$E$76 -> 89517.9 | AI81: =(SUMIFS(一次能源消费!AI:AI,一次能源消费!$A:$A,$A49)-SUMIFS(工业非燃料使用!AJ:AJ,工业非燃料使用!$B:$B,$A49))*$E$76 -> 91895.1 | AJ81: =(SUMIFS(一次能源消费!AJ:AJ,一次能源消费!$A:$A,$A49)-SUMIFS(工业非燃料使用!AK:AK,工业非燃料使用!$B:$B,$A49))*$E$76 -> 93903.9 | AK81: =(SUMIFS(一次能源消费!AK:AK,一次能源消费!$A:$A,$A49)-SUMIFS(工业非燃料使用!AL:AL,工业非燃料使用!$B:$B,$A49))*$E$76 -> 95738.9 | AL81: =(SUMIFS(一次能源消费!AL:AL,一次能源消费!$A:$A,$A49)-SUMIFS(工业非燃料使用!AM:AM,工业非燃料使用!$B:$B,$A49))*$E$76 -> 97216.5 | AM81: =(SUMIFS(一次能源消费!AM:AM,一次能源消费!$A:$A,$A49)-SUMIFS(工业非燃料使用!AN:AN,工业非燃料使用!$B:$B,$A49))*$E$76 -> 98513.5 | AN81: =(SUMIFS(一次能源消费!AN:AN,一次能源消费!$A:$A,$A49)-SUMIFS(工业非燃料使用!AO:AO,工业非燃料使用!$B:$B,$A49))*$E$76 -> 101699 | AO81: =SUM(C81:AN81) -> 1859315.8
A82: LPG | B82: 油品 | C82: =(SUMIFS(一次能源消费!C:C,一次能源消费!$A:$A,$A50)-SUMIFS(工业非燃料使用!D:D,工业非燃料使用!$B:$B,$A50))*$E$76 -> 8611.374 | D82: =(SUMIFS(一次能源消费!D:D,一次能源消费!$A:$A,$A50)-SUMIFS(工业非燃料使用!E:E,工业非燃料使用!$B:$B,$A50))*$E$76 -> 8620.834 | E82: =(SUMIFS(一次能源消费!E:E,一次能源消费!$A:$A,$A50)-SUMIFS(工业非燃料使用!F:F,工业非燃料使用!$B:$B,$A50))*$E$76 -> 8979.631 | F82: =(SUMIFS(一次能源消费!F:F,一次能源消费!$A:$A,$A50)-SUMIFS(工业非燃料使用!G:G,工业非燃料使用!$B:$B,$A50))*$E$76 -> 9087.3362 | G82: =(SUMIFS(一次能源消费!G:G,一次能源消费!$A:$A,$A50)-SUMIFS(工业非燃料使用!H:H,工业非燃料使用!$B:$B,$A50))*$E$76 -> 9191.8975 | H82: =(SUMIFS(一次能源消费!H:H,一次能源消费!$A:$A,$A50)-SUMIFS(工业非燃料使用!I:I,工业非燃料使用!$B:$B,$A50))*$E$76 -> 9301.932 | I82: =(SUMIFS(一次能源消费!I:I,一次能源消费!$A:$A,$A50)-SUMIFS(工业非燃料使用!J:J,工业非燃料使用!$B:$B,$A50))*$E$76 -> 9413.0859 | J82: =(SUMIFS(一次能源消费!J:J,一次能源消费!$A:$A,$A50)-SUMIFS(工业非燃料使用!K:K,工业非燃料使用!$B:$B,$A50))*$E$76 -> 9530.0206 | K82: =(SUMIFS(一次能源消费!K:K,一次能源消费!$A:$A,$A50)-SUMIFS(工业非燃料使用!L:L,工业非燃料使用!$B:$B,$A50))*$E$76 -> 9522.8695 | L82: =(SUMIFS(一次能源消费!L:L,一次能源消费!$A:$A,$A50)-SUMIFS(工业非燃料使用!M:M,工业非燃料使用!$B:$B,$A50))*$E$76 -> 9509.9135 | M82: =(SUMIFS(一次能源消费!M:M,一次能源消费!$A:$A,$A50)-SUMIFS(工业非燃料使用!N:N,工业非燃料使用!$B:$B,$A50))*$E$76 -> 9509.9042 | N82: =(SUMIFS(一次能源消费!N:N,一次能源消费!$A:$A,$A50)-SUMIFS(工业非燃料使用!O:O,工业非燃料使用!$B:$B,$A50))*$E$76 -> 9492.8256 | O82: =(SUMIFS(一次能源消费!O:O,一次能源消费!$A:$A,$A50)-SUMIFS(工业非燃料使用!P:P,工业非燃料使用!$B:$B,$A50))*$E$76 -> 9485.9107 | P82: =(SUMIFS(一次能源消费!P:P,一次能源消费!$A:$A,$A50)-SUMIFS(工业非燃料使用!Q:Q,工业非燃料使用!$B:$B,$A50))*$E$76 -> 9387.1363 | Q82: =(SUMIFS(一次能源消费!Q:Q,一次能源消费!$A:$A,$A50)-SUMIFS(工业非燃料使用!R:R,工业非燃料使用!$B:$B,$A50))*$E$76 -> 9285.3151 | R82: =(SUMIFS(一次能源消费!R:R,一次能源消费!$A:$A,$A50)-SUMIFS(工业非燃料使用!S:S,工业非燃料使用!$B:$B,$A50))*$E$76 -> 9185.2857 | S82: =(SUMIFS(一次能源消费!S:S,一次能源消费!$A:$A,$A50)-SUMIFS(工业非燃料使用!T:T,工业非燃料使用!$B:$B,$A50))*$E$76 -> 9088.9631 | T82: =(SUMIFS(一次能源消费!T:T,一次能源消费!$A:$A,$A50)-SUMIFS(工业非燃料使用!U:U,工业非燃料使用!$B:$B,$A50))*$E$76 -> 8988.437 | U82: =(SUMIFS(一次能源消费!U:U,一次能源消费!$A:$A,$A50)-SUMIFS(工业非燃料使用!V:V,工业非燃料使用!$B:$B,$A50))*$E$76 -> 8838.2349 | V82: =(SUMIFS(一次能源消费!V:V,一次能源消费!$A:$A,$A50)-SUMIFS(工业非燃料使用!W:W,工业非燃料使用!$B:$B,$A50))*$E$76 -> 8700.3753 | W82: =(SUMIFS(一次能源消费!W:W,一次能源消费!$A:$A,$A50)-SUMIFS(工业非燃料使用!X:X,工业非燃料使用!$B:$B,$A50))*$E$76 -> 8561.8985 | X82: =(SUMIFS(一次能源消费!X:X,一次能源消费!$A:$A,$A50)-SUMIFS(工业非燃料使用!Y:Y,工业非燃料使用!$B:$B,$A50))*$E$76 -> 8413.0122 | Y82: =(SUMIFS(一次能源消费!Y:Y,一次能源消费!$A:$A,$A50)-SUMIFS(工业非燃料使用!Z:Z,工业非燃料使用!$B:$B,$A50))*$E$76 -> 8273.3535 | Z82: =(SUMIFS(一次能源消费!Z:Z,一次能源消费!$A:$A,$A50)-SUMIFS(工业非燃料使用!AA:AA,工业非燃料使用!$B:$B,$A50))*$E$76 -> 8150.6377 | AA82: =(SUMIFS(一次能源消费!AA:AA,一次能源消费!$A:$A,$A50)-SUMIFS(工业非燃料使用!AB:AB,工业非燃料使用!$B:$B,$A50))*$E$76 -> 8015.3647 | AB82: =(SUMIFS(一次能源消费!AB:AB,一次能源消费!$A:$A,$A50)-SUMIFS(工业非燃料使用!AC:AC,工业非燃料使用!$B:$B,$A50))*$E$76 -> 7889.7744 | AC82: =(SUMIFS(一次能源消费!AC:AC,一次能源消费!$A:$A,$A50)-SUMIFS(工业非燃料使用!AD:AD,工业非燃料使用!$B:$B,$A50))*$E$76 -> 7762.0187 | AD82: =(SUMIFS(一次能源消费!AD:AD,一次能源消费!$A:$A,$A50)-SUMIFS(工业非燃料使用!AE:AE,工业非燃料使用!$B:$B,$A50))*$E$76 -> 7637.1257 | AE82: =(SUMIFS(一次能源消费!AE:AE,一次能源消费!$A:$A,$A50)-SUMIFS(工业非燃料使用!AF:AF,工业非燃料使用!$B:$B,$A50))*$E$76 -> 7485.1349 | AF82: =(SUMIFS(一次能源消费!AF:AF,一次能源消费!$A:$A,$A50)-SUMIFS(工业非燃料使用!AG:AG,工业非燃料使用!$B:$B,$A50))*$E$76 -> 7355.5887 | AG82: =(SUMIFS(一次能源消费!AG:AG,一次能源消费!$A:$A,$A50)-SUMIFS(工业非燃料使用!AH:AH,工业非燃料使用!$B:$B,$A50))*$E$76 -> 7201.6613 | AH82: =(SUMIFS(一次能源消费!AH:AH,一次能源消费!$A:$A,$A50)-SUMIFS(工业非燃料使用!AI:AI,工业非燃料使用!$B:$B,$A50))*$E$76 -> 7051.1887 | AI82: =(SUMIFS(一次能源消费!AI:AI,一次能源消费!$A:$A,$A50)-SUMIFS(工业非燃料使用!AJ:AJ,工业非燃料使用!$B:$B,$A50))*$E$76 -> 6908.2471 | AJ82: =(SUMIFS(一次能源消费!AJ:AJ,一次能源消费!$A:$A,$A50)-SUMIFS(工业非燃料使用!AK:AK,工业非燃料使用!$B:$B,$A50))*$E$76 -> 6780.4843 | AK82: =(SUMIFS(一次能源消费!AK:AK,一次能源消费!$A:$A,$A50)-SUMIFS(工业非燃料使用!AL:AL,工业非燃料使用!$B:$B,$A50))*$E$76 -> 6652.7324 | AL82: =(SUMIFS(一次能源消费!AL:AL,一次能源消费!$A:$A,$A50)-SUMIFS(工业非燃料使用!AM:AM,工业非燃料使用!$B:$B,$A50))*$E$76 -> 6522.0597 | AM82: =(SUMIFS(一次能源消费!AM:AM,一次能源消费!$A:$A,$A50)-SUMIFS(工业非燃料使用!AN:AN,工业非燃料使用!$B:$B,$A50))*$E$76 -> 6394.6779 | AN82: =(SUMIFS(一次能源消费!AN:AN,一次能源消费!$A:$A,$A50)-SUMIFS(工业非燃料使用!AO:AO,工业非燃料使用!$B:$B,$A50))*$E$76 -> 6493.3372 | AO82: =SUM(C82:AN82) -> 317279.58
A83: natural gas | B83: 天然气 | C83: =(SUMIFS(一次能源消费!C:C,一次能源消费!$A:$A,$A51)-SUMIFS(工业非燃料使用!D:D,工业非燃料使用!$B:$B,$A51))*$E$76 -> 9686.389 | D83: =(SUMIFS(一次能源消费!D:D,一次能源消费!$A:$A,$A51)-SUMIFS(工业非燃料使用!E:E,工业非燃料使用!$B:$B,$A51))*$E$76 -> 10396.24 | E83: =(SUMIFS(一次能源消费!E:E,一次能源消费!$A:$A,$A51)-SUMIFS(工业非燃料使用!F:F,工业非燃料使用!$B:$B,$A51))*$E$76 -> 11107.099 | F83: =(SUMIFS(一次能源消费!F:F,一次能源消费!$A:$A,$A51)-SUMIFS(工业非燃料使用!G:G,工业非燃料使用!$B:$B,$A51))*$E$76 -> 11579.792 | G83: =(SUMIFS(一次能源消费!G:G,一次能源消费!$A:$A,$A51)-SUMIFS(工业非燃料使用!H:H,工业非燃料使用!$B:$B,$A51))*$E$76 -> 11835.531 | H83: =(SUMIFS(一次能源消费!H:H,一次能源消费!$A:$A,$A51)-SUMIFS(工业非燃料使用!I:I,工业非燃料使用!$B:$B,$A51))*$E$76 -> 12094.855 | I83: =(SUMIFS(一次能源消费!I:I,一次能源消费!$A:$A,$A51)-SUMIFS(工业非燃料使用!J:J,工业非燃料使用!$B:$B,$A51))*$E$76 -> 12361.757 | J83: =(SUMIFS(一次能源消费!J:J,一次能源消费!$A:$A,$A51)-SUMIFS(工业非燃料使用!K:K,工业非燃料使用!$B:$B,$A51))*$E$76 -> 12516.258 | K83: =(SUMIFS(一次能源消费!K:K,一次能源消费!$A:$A,$A51)-SUMIFS(工业非燃料使用!L:L,工业非燃料使用!$B:$B,$A51))*$E$76 -> 12653.155 | L83: =(SUMIFS(一次能源消费!L:L,一次能源消费!$A:$A,$A51)-SUMIFS(工业非燃料使用!M:M,工业非燃料使用!$B:$B,$A51))*$E$76 -> 12781.814 | M83: =(SUMIFS(一次能源消费!M:M,一次能源消费!$A:$A,$A51)-SUMIFS(工业非燃料使用!N:N,工业非燃料使用!$B:$B,$A51))*$E$76 -> 12910.859 | N83: =(SUMIFS(一次能源消费!N:N,一次能源消费!$A:$A,$A51)-SUMIFS(工业非燃料使用!O:O,工业非燃料使用!$B:$B,$A51))*$E$76 -> 13041.469 | O83: =(SUMIFS(一次能源消费!O:O,一次能源消费!$A:$A,$A51)-SUMIFS(工业非燃料使用!P:P,工业非燃料使用!$B:$B,$A51))*$E$76 -> 13157.967 | P83: =(SUMIFS(一次能源消费!P:P,一次能源消费!$A:$A,$A51)-SUMIFS(工业非燃料使用!Q:Q,工业非燃料使用!$B:$B,$A51))*$E$76 -> 13245.261 | Q83: =(SUMIFS(一次能源消费!Q:Q,一次能源消费!$A:$A,$A51)-SUMIFS(工业非燃料使用!R:R,工业非燃料使用!$B:$B,$A51))*$E$76 -> 13311.962 | R83: =(SUMIFS(一次能源消费!R:R,一次能源消费!$A:$A,$A51)-SUMIFS(工业非燃料使用!S:S,工业非燃料使用!$B:$B,$A51))*$E$76 -> 13406.354 | S83: =(SUMIFS(一次能源消费!S:S,一次能源消费!$A:$A,$A51)-SUMIFS(工业非燃料使用!T:T,工业非燃料使用!$B:$B,$A51))*$E$76 -> 13506.944 | T83: =(SUMIFS(一次能源消费!T:T,一次能源消费!$A:$A,$A51)-SUMIFS(工业非燃料使用!U:U,工业非燃料使用!$B:$B,$A51))*$E$76 -> 13586.341 | U83: =(SUMIFS(一次能源消费!U:U,一次能源消费!$A:$A,$A51)-SUMIFS(工业非燃料使用!V:V,工业非燃料使用!$B:$B,$A51))*$E$76 -> 13642.003 | V83: =(SUMIFS(一次能源消费!V:V,一次能源消费!$A:$A,$A51)-SUMIFS(工业非燃料使用!W:W,工业非燃料使用!$B:$B,$A51))*$E$76 -> 13701.029 | W83: =(SUMIFS(一次能源消费!W:W,一次能源消费!$A:$A,$A51)-SUMIFS(工业非燃料使用!X:X,工业非燃料使用!$B:$B,$A51))*$E$76 -> 13746.58 | X83: =(SUMIFS(一次能源消费!X:X,一次能源消费!$A:$A,$A51)-SUMIFS(工业非燃料使用!Y:Y,工业非燃料使用!$B:$B,$A51))*$E$76 -> 13819.287 | Y83: =(SUMIFS(一次能源消费!Y:Y,一次能源消费!$A:$A,$A51)-SUMIFS(工业非燃料使用!Z:Z,工业非燃料使用!$B:$B,$A51))*$E$76 -> 13878.668 | Z83: =(SUMIFS(一次能源消费!Z:Z,一次能源消费!$A:$A,$A51)-SUMIFS(工业非燃料使用!AA:AA,工业非燃料使用!$B:$B,$A51))*$E$76 -> 13908.897 | AA83: =(SUMIFS(一次能源消费!AA:AA,一次能源消费!$A:$A,$A51)-SUMIFS(工业非燃料使用!AB:AB,工业非燃料使用!$B:$B,$A51))*$E$76 -> 13934.899 | AB83: =(SUMIFS(一次能源消费!AB:AB,一次能源消费!$A:$A,$A51)-SUMIFS(工业非燃料使用!AC:AC,工业非燃料使用!$B:$B,$A51))*$E$76 -> 13969.077 | AC83: =(SUMIFS(一次能源消费!AC:AC,一次能源消费!$A:$A,$A51)-SUMIFS(工业非燃料使用!AD:AD,工业非燃料使用!$B:$B,$A51))*$E$76 -> 13990.213 | AD83: =(SUMIFS(一次能源消费!AD:AD,一次能源消费!$A:$A,$A51)-SUMIFS(工业非燃料使用!AE:AE,工业非燃料使用!$B:$B,$A51))*$E$76 -> 13980.332 | AE83: =(SUMIFS(一次能源消费!AE:AE,一次能源消费!$A:$A,$A51)-SUMIFS(工业非燃料使用!AF:AF,工业非燃料使用!$B:$B,$A51))*$E$76 -> 13979.272 | AF83: =(SUMIFS(一次能源消费!AF:AF,一次能源消费!$A:$A,$A51)-SUMIFS(工业非燃料使用!AG:AG,工业非燃料使用!$B:$B,$A51))*$E$76 -> 13957.252 | AG83: =(SUMIFS(一次能源消费!AG:AG,一次能源消费!$A:$A,$A51)-SUMIFS(工业非燃料使用!AH:AH,工业非燃料使用!$B:$B,$A51))*$E$76 -> 13914.356 | AH83: =(SUMIFS(一次能源消费!AH:AH,一次能源消费!$A:$A,$A51)-SUMIFS(工业非燃料使用!AI:AI,工业非燃料使用!$B:$B,$A51))*$E$76 -> 13875.848 | AI83: =(SUMIFS(一次能源消费!AI:AI,一次能源消费!$A:$A,$A51)-SUMIFS(工业非燃料使用!AJ:AJ,工业非燃料使用!$B:$B,$A51))*$E$76 -> 13823.431 | AJ83: =(SUMIFS(一次能源消费!AJ:AJ,一次能源消费!$A:$A,$A51)-SUMIFS(工业非燃料使用!AK:AK,工业非燃料使用!$B:$B,$A51))*$E$76 -> 13754.729 | AK83: =(SUMIFS(一次能源消费!AK:AK,一次能源消费!$A:$A,$A51)-SUMIFS(工业非燃料使用!AL:AL,工业非燃料使用!$B:$B,$A51))*$E$76 -> 13688.378 | AL83: =(SUMIFS(一次能源消费!AL:AL,一次能源消费!$A:$A,$A51)-SUMIFS(工业非燃料使用!AM:AM,工业非燃料使用!$B:$B,$A51))*$E$76 -> 13608.09 | AM83: =(SUMIFS(一次能源消费!AM:AM,一次能源消费!$A:$A,$A51)-SUMIFS(工业非燃料使用!AN:AN,工业非燃料使用!$B:$B,$A51))*$E$76 -> 13509.557 | AN83: =(SUMIFS(一次能源消费!AN:AN,一次能源消费!$A:$A,$A51)-SUMIFS(工业非燃料使用!AO:AO,工业非燃料使用!$B:$B,$A51))*$E$76 -> 13796.991 | AO83: =SUM(C83:AN83) -> 499658.94
A84: gasoline | B84: 油品 | C84: =(SUMIFS(一次能源消费!C:C,一次能源消费!$A:$A,$A52)-SUMIFS(工业非燃料使用!D:D,工业非燃料使用!$B:$B,$A52))*$E$76 -> 6815.12 | D84: =(SUMIFS(一次能源消费!D:D,一次能源消费!$A:$A,$A52)-SUMIFS(工业非燃料使用!E:E,工业非燃料使用!$B:$B,$A52))*$E$76 -> 6802.27 | E84: =(SUMIFS(一次能源消费!E:E,一次能源消费!$A:$A,$A52)-SUMIFS(工业非燃料使用!F:F,工业非燃料使用!$B:$B,$A52))*$E$76 -> 6768.92 | F84: =(SUMIFS(一次能源消费!F:F,一次能源消费!$A:$A,$A52)-SUMIFS(工业非燃料使用!G:G,工业非燃料使用!$B:$B,$A52))*$E$76 -> 6719.18 | G84: =(SUMIFS(一次能源消费!G:G,一次能源消费!$A:$A,$A52)-SUMIFS(工业非燃料使用!H:H,工业非燃料使用!$B:$B,$A52))*$E$76 -> 6647.69 | H84: =(SUMIFS(一次能源消费!H:H,一次能源消费!$A:$A,$A52)-SUMIFS(工业非燃料使用!I:I,工业非燃料使用!$B:$B,$A52))*$E$76 -> 6555.03 | I84: =(SUMIFS(一次能源消费!I:I,一次能源消费!$A:$A,$A52)-SUMIFS(工业非燃料使用!J:J,工业非燃料使用!$B:$B,$A52))*$E$76 -> 6440.1 | J84: =(SUMIFS(一次能源消费!J:J,一次能源消费!$A:$A,$A52)-SUMIFS(工业非燃料使用!K:K,工业非燃料使用!$B:$B,$A52))*$E$76 -> 6299.12 | K84: =(SUMIFS(一次能源消费!K:K,一次能源消费!$A:$A,$A52)-SUMIFS(工业非燃料使用!L:L,工业非燃料使用!$B:$B,$A52))*$E$76 -> 6048.49 | L84: =(SUMIFS(一次能源消费!L:L,一次能源消费!$A:$A,$A52)-SUMIFS(工业非燃料使用!M:M,工业非燃料使用!$B:$B,$A52))*$E$76 -> 5790.89 | M84: =(SUMIFS(一次能源消费!M:M,一次能源消费!$A:$A,$A52)-SUMIFS(工业非燃料使用!N:N,工业非燃料使用!$B:$B,$A52))*$E$76 -> 5560.92 | N84: =(SUMIFS(一次能源消费!N:N,一次能源消费!$A:$A,$A52)-SUMIFS(工业非燃料使用!O:O,工业非燃料使用!$B:$B,$A52))*$E$76 -> 5321.83 | O84: =(SUMIFS(一次能源消费!O:O,一次能源消费!$A:$A,$A52)-SUMIFS(工业非燃料使用!P:P,工业非燃料使用!$B:$B,$A52))*$E$76 -> 5074.34 | P84: =(SUMIFS(一次能源消费!P:P,一次能源消费!$A:$A,$A52)-SUMIFS(工业非燃料使用!Q:Q,工业非燃料使用!$B:$B,$A52))*$E$76 -> 4854.88 | Q84: =(SUMIFS(一次能源消费!Q:Q,一次能源消费!$A:$A,$A52)-SUMIFS(工业非燃料使用!R:R,工业非燃料使用!$B:$B,$A52))*$E$76 -> 4618.13 | R84: =(SUMIFS(一次能源消费!R:R,一次能源消费!$A:$A,$A52)-SUMIFS(工业非燃料使用!S:S,工业非燃料使用!$B:$B,$A52))*$E$76 -> 4360.65 | S84: =(SUMIFS(一次能源消费!S:S,一次能源消费!$A:$A,$A52)-SUMIFS(工业非燃料使用!T:T,工业非燃料使用!$B:$B,$A52))*$E$76 -> 4132.35 | T84: =(SUMIFS(一次能源消费!T:T,一次能源消费!$A:$A,$A52)-SUMIFS(工业非燃料使用!U:U,工业非燃料使用!$B:$B,$A52))*$E$76 -> 3926.71 | U84: =(SUMIFS(一次能源消费!U:U,一次能源消费!$A:$A,$A52)-SUMIFS(工业非燃料使用!V:V,工业非燃料使用!$B:$B,$A52))*$E$76 -> 3723.32 | V84: =(SUMIFS(一次能源消费!V:V,一次能源消费!$A:$A,$A52)-SUMIFS(工业非燃料使用!W:W,工业非燃料使用!$B:$B,$A52))*$E$76 -> 3540.57 | W84: =(SUMIFS(一次能源消费!W:W,一次能源消费!$A:$A,$A52)-SUMIFS(工业非燃料使用!X:X,工业非燃料使用!$B:$B,$A52))*$E$76 -> 3379.37 | X84: =(SUMIFS(一次能源消费!X:X,一次能源消费!$A:$A,$A52)-SUMIFS(工业非燃料使用!Y:Y,工业非燃料使用!$B:$B,$A52))*$E$76 -> 3238.97 | Y84: =(SUMIFS(一次能源消费!Y:Y,一次能源消费!$A:$A,$A52)-SUMIFS(工业非燃料使用!Z:Z,工业非燃料使用!$B:$B,$A52))*$E$76 -> 3119.93 | Z84: =(SUMIFS(一次能源消费!Z:Z,一次能源消费!$A:$A,$A52)-SUMIFS(工业非燃料使用!AA:AA,工业非燃料使用!$B:$B,$A52))*$E$76 -> 3018.47 | AA84: =(SUMIFS(一次能源消费!AA:AA,一次能源消费!$A:$A,$A52)-SUMIFS(工业非燃料使用!AB:AB,工业非燃料使用!$B:$B,$A52))*$E$76 -> 2936.27 | AB84: =(SUMIFS(一次能源消费!AB:AB,一次能源消费!$A:$A,$A52)-SUMIFS(工业非燃料使用!AC:AC,工业非燃料使用!$B:$B,$A52))*$E$76 -> 2870.85 | AC84: =(SUMIFS(一次能源消费!AC:AC,一次能源消费!$A:$A,$A52)-SUMIFS(工业非燃料使用!AD:AD,工业非燃料使用!$B:$B,$A52))*$E$76 -> 2819.39 | AD84: =(SUMIFS(一次能源消费!AD:AD,一次能源消费!$A:$A,$A52)-SUMIFS(工业非燃料使用!AE:AE,工业非燃料使用!$B:$B,$A52))*$E$76 -> 2774.84 | AE84: =(SUMIFS(一次能源消费!AE:AE,一次能源消费!$A:$A,$A52)-SUMIFS(工业非燃料使用!AF:AF,工业非燃料使用!$B:$B,$A52))*$E$76 -> 2717.02 | AF84: =(SUMIFS(一次能源消费!AF:AF,一次能源消费!$A:$A,$A52)-SUMIFS(工业非燃料使用!AG:AG,工业非燃料使用!$B:$B,$A52))*$E$76 -> 2663.18 | AG84: =(SUMIFS(一次能源消费!AG:AG,一次能源消费!$A:$A,$A52)-SUMIFS(工业非燃料使用!AH:AH,工业非燃料使用!$B:$B,$A52))*$E$76 -> 2612.38 | AH84: =(SUMIFS(一次能源消费!AH:AH,一次能源消费!$A:$A,$A52)-SUMIFS(工业非燃料使用!AI:AI,工业非燃料使用!$B:$B,$A52))*$E$76 -> 2563.74 | AI84: =(SUMIFS(一次能源消费!AI:AI,一次能源消费!$A:$A,$A52)-SUMIFS(工业非燃料使用!AJ:AJ,工业非燃料使用!$B:$B,$A52))*$E$76 -> 2516.85 | AJ84: =(SUMIFS(一次能源消费!AJ:AJ,一次能源消费!$A:$A,$A52)-SUMIFS(工业非燃料使用!AK:AK,工业非燃料使用!$B:$B,$A52))*$E$76 -> 2472.28 | AK84: =(SUMIFS(一次能源消费!AK:AK,一次能源消费!$A:$A,$A52)-SUMIFS(工业非燃料使用!AL:AL,工业非燃料使用!$B:$B,$A52))*$E$76 -> 2428.85 | AL84: =(SUMIFS(一次能源消费!AL:AL,一次能源消费!$A:$A,$A52)-SUMIFS(工业非燃料使用!AM:AM,工业非燃料使用!$B:$B,$A52))*$E$76 -> 2386.41 | AM84: =(SUMIFS(一次能源消费!AM:AM,一次能源消费!$A:$A,$A52)-SUMIFS(工业非燃料使用!AN:AN,工业非燃料使用!$B:$B,$A52))*$E$76 -> 2344.77 | AN84: =(SUMIFS(一次能源消费!AN:AN,一次能源消费!$A:$A,$A52)-SUMIFS(工业非燃料使用!AO:AO,工业非燃料使用!$B:$B,$A52))*$E$76 -> 2304.01 | AO84: =SUM(C84:AN84) -> 159168.09
A85: hydro | B85: 可再生能源 | C85: =(SUMIFS(一次能源消费!C:C,一次能源消费!$A:$A,$A53)-SUMIFS(工业非燃料使用!D:D,工业非燃料使用!$B:$B,$A53))*$E$76 -> 10666.2 | D85: =(SUMIFS(一次能源消费!D:D,一次能源消费!$A:$A,$A53)-SUMIFS(工业非燃料使用!E:E,工业非燃料使用!$B:$B,$A53))*$E$76 -> 10683.3 | E85: =(SUMIFS(一次能源消费!E:E,一次能源消费!$A:$A,$A53)-SUMIFS(工业非燃料使用!F:F,工业非燃料使用!$B:$B,$A53))*$E$76 -> 10698.8 | F85: =(SUMIFS(一次能源消费!F:F,一次能源消费!$A:$A,$A53)-SUMIFS(工业非燃料使用!G:G,工业非燃料使用!$B:$B,$A53))*$E$76 -> 10721.4 | G85: =(SUMIFS(一次能源消费!G:G,一次能源消费!$A:$A,$A53)-SUMIFS(工业非燃料使用!H:H,工业非燃料使用!$B:$B,$A53))*$E$76 -> 10748.2 | H85: =(SUMIFS(一次能源消费!H:H,一次能源消费!$A:$A,$A53)-SUMIFS(工业非燃料使用!I:I,工业非燃料使用!$B:$B,$A53))*$E$76 -> 10785.7 | I85: =(SUMIFS(一次能源消费!I:I,一次能源消费!$A:$A,$A53)-SUMIFS(工业非燃料使用!J:J,工业非燃料使用!$B:$B,$A53))*$E$76 -> 10835 | J85: =(SUMIFS(一次能源消费!J:J,一次能源消费!$A:$A,$A53)-SUMIFS(工业非燃料使用!K:K,工业非燃料使用!$B:$B,$A53))*$E$76 -> 10893.6 | K85: =(SUMIFS(一次能源消费!K:K,一次能源消费!$A:$A,$A53)-SUMIFS(工业非燃料使用!L:L,工业非燃料使用!$B:$B,$A53))*$E$76 -> 10988 | L85: =(SUMIFS(一次能源消费!L:L,一次能源消费!$A:$A,$A53)-SUMIFS(工业非燃料使用!M:M,工业非燃料使用!$B:$B,$A53))*$E$76 -> 11101.4 | M85: =(SUMIFS(一次能源消费!M:M,一次能源消费!$A:$A,$A53)-SUMIFS(工业非燃料使用!N:N,工业非燃料使用!$B:$B,$A53))*$E$76 -> 11223.3 | N85: =(SUMIFS(一次能源消费!N:N,一次能源消费!$A:$A,$A53)-SUMIFS(工业非燃料使用!O:O,工业非燃料使用!$B:$B,$A53))*$E$76 -> 11342.9 | O85: =(SUMIFS(一次能源消费!O:O,一次能源消费!$A:$A,$A53)-SUMIFS(工业非燃料使用!P:P,工业非燃料使用!$B:$B,$A53))*$E$76 -> 11514.5 | P85: =(SUMIFS(一次能源消费!P:P,一次能源消费!$A:$A,$A53)-SUMIFS(工业非燃料使用!Q:Q,工业非燃料使用!$B:$B,$A53))*$E$76 -> 11672.3 | Q85: =(SUMIFS(一次能源消费!Q:Q,一次能源消费!$A:$A,$A53)-SUMIFS(工业非燃料使用!R:R,工业非燃料使用!$B:$B,$A53))*$E$76 -> 11837.6 | R85: =(SUMIFS(一次能源消费!R:R,一次能源消费!$A:$A,$A53)-SUMIFS(工业非燃料使用!S:S,工业非燃料使用!$B:$B,$A53))*$E$76 -> 12010.5 | S85: =(SUMIFS(一次能源消费!S:S,一次能源消费!$A:$A,$A53)-SUMIFS(工业非燃料使用!T:T,工业非燃料使用!$B:$B,$A53))*$E$76 -> 12187.5 | T85: =(SUMIFS(一次能源消费!T:T,一次能源消费!$A:$A,$A53)-SUMIFS(工业非燃料使用!U:U,工业非燃料使用!$B:$B,$A53))*$E$76 -> 12366.2 | U85: =(SUMIFS(一次能源消费!U:U,一次能源消费!$A:$A,$A53)-SUMIFS(工业非燃料使用!V:V,工业非燃料使用!$B:$B,$A53))*$E$76 -> 12536.2 | V85: =(SUMIFS(一次能源消费!V:V,一次能源消费!$A:$A,$A53)-SUMIFS(工业非燃料使用!W:W,工业非燃料使用!$B:$B,$A53))*$E$76 -> 12706.6 | W85: =(SUMIFS(一次能源消费!W:W,一次能源消费!$A:$A,$A53)-SUMIFS(工业非燃料使用!X:X,工业非燃料使用!$B:$B,$A53))*$E$76 -> 12881.9 | X85: =(SUMIFS(一次能源消费!X:X,一次能源消费!$A:$A,$A53)-SUMIFS(工业非燃料使用!Y:Y,工业非燃料使用!$B:$B,$A53))*$E$76 -> 13057.5 | Y85: =(SUMIFS(一次能源消费!Y:Y,一次能源消费!$A:$A,$A53)-SUMIFS(工业非燃料使用!Z:Z,工业非燃料使用!$B:$B,$A53))*$E$76 -> 13224.9 | Z85: =(SUMIFS(一次能源消费!Z:Z,一次能源消费!$A:$A,$A53)-SUMIFS(工业非燃料使用!AA:AA,工业非燃料使用!$B:$B,$A53))*$E$76 -> 13399 | AA85: =(SUMIFS(一次能源消费!AA:AA,一次能源消费!$A:$A,$A53)-SUMIFS(工业非燃料使用!AB:AB,工业非燃料使用!$B:$B,$A53))*$E$76 -> 13559.5 | AB85: =(SUMIFS(一次能源消费!AB:AB,一次能源消费!$A:$A,$A53)-SUMIFS(工业非燃料使用!AC:AC,工业非燃料使用!$B:$B,$A53))*$E$76 -> 13711 | AC85: =(SUMIFS(一次能源消费!AC:AC,一次能源消费!$A:$A,$A53)-SUMIFS(工业非燃料使用!AD:AD,工业非燃料使用!$B:$B,$A53))*$E$76 -> 13846.8 | AD85: =(SUMIFS(一次能源消费!AD:AD,一次能源消费!$A:$A,$A53)-SUMIFS(工业非燃料使用!AE:AE,工业非燃料使用!$B:$B,$A53))*$E$76 -> 13979.7 | AE85: =(SUMIFS(一次能源消费!AE:AE,一次能源消费!$A:$A,$A53)-SUMIFS(工业非燃料使用!AF:AF,工业非燃料使用!$B:$B,$A53))*$E$76 -> 14088 | AF85: =(SUMIFS(一次能源消费!AF:AF,一次能源消费!$A:$A,$A53)-SUMIFS(工业非燃料使用!AG:AG,工业非燃料使用!$B:$B,$A53))*$E$76 -> 14186.8 | AG85: =(SUMIFS(一次能源消费!AG:AG,一次能源消费!$A:$A,$A53)-SUMIFS(工业非燃料使用!AH:AH,工业非燃料使用!$B:$B,$A53))*$E$76 -> 14286.7 | AH85: =(SUMIFS(一次能源消费!AH:AH,一次能源消费!$A:$A,$A53)-SUMIFS(工业非燃料使用!AI:AI,工业非燃料使用!$B:$B,$A53))*$E$76 -> 14373.8 | AI85: =(SUMIFS(一次能源消费!AI:AI,一次能源消费!$A:$A,$A53)-SUMIFS(工业非燃料使用!AJ:AJ,工业非燃料使用!$B:$B,$A53))*$E$76 -> 14453.2 | AJ85: =(SUMIFS(一次能源消费!AJ:AJ,一次能源消费!$A:$A,$A53)-SUMIFS(工业非燃料使用!AK:AK,工业非燃料使用!$B:$B,$A53))*$E$76 -> 14519.7 | AK85: =(SUMIFS(一次能源消费!AK:AK,一次能源消费!$A:$A,$A53)-SUMIFS(工业非燃料使用!AL:AL,工业非燃料使用!$B:$B,$A53))*$E$76 -> 14578.9 | AL85: =(SUMIFS(一次能源消费!AL:AL,一次能源消费!$A:$A,$A53)-SUMIFS(工业非燃料使用!AM:AM,工业非燃料使用!$B:$B,$A53))*$E$76 -> 14626 | AM85: =(SUMIFS(一次能源消费!AM:AM,一次能源消费!$A:$A,$A53)-SUMIFS(工业非燃料使用!AN:AN,工业非燃料使用!$B:$B,$A53))*$E$76 -> 14666.3 | AN85: =(SUMIFS(一次能源消费!AN:AN,一次能源消费!$A:$A,$A53)-SUMIFS(工业非燃料使用!AO:AO,工业非燃料使用!$B:$B,$A53))*$E$76 -> 14730.7 | AO85: =SUM(C85:AN85) -> 479689.6
A86: biomass | B86: 可再生能源 | C86: =(SUMIFS(一次能源消费!C:C,一次能源消费!$A:$A,$A54)-SUMIFS(工业非燃料使用!D:D,工业非燃料使用!$B:$B,$A54))*$E$76 -> 1376.0444 | D86: =(SUMIFS(一次能源消费!D:D,一次能源消费!$A:$A,$A54)-SUMIFS(工业非燃料使用!E:E,工业非燃料使用!$B:$B,$A54))*$E$76 -> 1373.1506 | E86: =(SUMIFS(一次能源消费!E:E,一次能源消费!$A:$A,$A54)-SUMIFS(工业非燃料使用!F:F,工业非燃料使用!$B:$B,$A54))*$E$76 -> 1369.7679 | F86: =(SUMIFS(一次能源消费!F:F,一次能源消费!$A:$A,$A54)-SUMIFS(工业非燃料使用!G:G,工业非燃料使用!$B:$B,$A54))*$E$76 -> 1370.9329 | G86: =(SUMIFS(一次能源消费!G:G,一次能源消费!$A:$A,$A54)-SUMIFS(工业非燃料使用!H:H,工业非燃料使用!$B:$B,$A54))*$E$76 -> 1369.541 | H86: =(SUMIFS(一次能源消费!H:H,一次能源消费!$A:$A,$A54)-SUMIFS(工业非燃料使用!I:I,工业非燃料使用!$B:$B,$A54))*$E$76 -> 1367.196 | I86: =(SUMIFS(一次能源消费!I:I,一次能源消费!$A:$A,$A54)-SUMIFS(工业非燃料使用!J:J,工业非燃料使用!$B:$B,$A54))*$E$76 -> 1365.1878 | J86: =(SUMIFS(一次能源消费!J:J,一次能源消费!$A:$A,$A54)-SUMIFS(工业非燃料使用!K:K,工业非燃料使用!$B:$B,$A54))*$E$76 -> 1366.8998 | K86: =(SUMIFS(一次能源消费!K:K,一次能源消费!$A:$A,$A54)-SUMIFS(工业非燃料使用!L:L,工业非燃料使用!$B:$B,$A54))*$E$76 -> 1358.5734 | L86: =(SUMIFS(一次能源消费!L:L,一次能源消费!$A:$A,$A54)-SUMIFS(工业非燃料使用!M:M,工业非燃料使用!$B:$B,$A54))*$E$76 -> 1352.3683 | M86: =(SUMIFS(一次能源消费!M:M,一次能源消费!$A:$A,$A54)-SUMIFS(工业非燃料使用!N:N,工业非燃料使用!$B:$B,$A54))*$E$76 -> 1344.9628 | N86: =(SUMIFS(一次能源消费!N:N,一次能源消费!$A:$A,$A54)-SUMIFS(工业非燃料使用!O:O,工业非燃料使用!$B:$B,$A54))*$E$76 -> 1335.9348 | O86: =(SUMIFS(一次能源消费!O:O,一次能源消费!$A:$A,$A54)-SUMIFS(工业非燃料使用!P:P,工业非燃料使用!$B:$B,$A54))*$E$76 -> 1325.8469 | P86: =(SUMIFS(一次能源消费!P:P,一次能源消费!$A:$A,$A54)-SUMIFS(工业非燃料使用!Q:Q,工业非燃料使用!$B:$B,$A54))*$E$76 -> 1314.4147 | Q86: =(SUMIFS(一次能源消费!Q:Q,一次能源消费!$A:$A,$A54)-SUMIFS(工业非燃料使用!R:R,工业非燃料使用!$B:$B,$A54))*$E$76 -> 1304.7071 | R86: =(SUMIFS(一次能源消费!R:R,一次能源消费!$A:$A,$A54)-SUMIFS(工业非燃料使用!S:S,工业非燃料使用!$B:$B,$A54))*$E$76 -> 1294.0261 | S86: =(SUMIFS(一次能源消费!S:S,一次能源消费!$A:$A,$A54)-SUMIFS(工业非燃料使用!T:T,工业非燃料使用!$B:$B,$A54))*$E$76 -> 1281.9218 | T86: =(SUMIFS(一次能源消费!T:T,一次能源消费!$A:$A,$A54)-SUMIFS(工业非燃料使用!U:U,工业非燃料使用!$B:$B,$A54))*$E$76 -> 1270.2916 | U86: =(SUMIFS(一次能源消费!U:U,一次能源消费!$A:$A,$A54)-SUMIFS(工业非燃料使用!V:V,工业非燃料使用!$B:$B,$A54))*$E$76 -> 1255.5321 | V86: =(SUMIFS(一次能源消费!V:V,一次能源消费!$A:$A,$A54)-SUMIFS(工业非燃料使用!W:W,工业非燃料使用!$B:$B,$A54))*$E$76 -> 1241.9285 | W86: =(SUMIFS(一次能源消费!W:W,一次能源消费!$A:$A,$A54)-SUMIFS(工业非燃料使用!X:X,工业非燃料使用!$B:$B,$A54))*$E$76 -> 1226.7583 | X86: =(SUMIFS(一次能源消费!X:X,一次能源消费!$A:$A,$A54)-SUMIFS(工业非燃料使用!Y:Y,工业非燃料使用!$B:$B,$A54))*$E$76 -> 1211.1147 | Y86: =(SUMIFS(一次能源消费!Y:Y,一次能源消费!$A:$A,$A54)-SUMIFS(工业非燃料使用!Z:Z,工业非燃料使用!$B:$B,$A54))*$E$76 -> 1194.723 | Z86: =(SUMIFS(一次能源消费!Z:Z,一次能源消费!$A:$A,$A54)-SUMIFS(工业非燃料使用!AA:AA,工业非燃料使用!$B:$B,$A54))*$E$76 -> 1176.5944 | AA86: =(SUMIFS(一次能源消费!AA:AA,一次能源消费!$A:$A,$A54)-SUMIFS(工业非燃料使用!AB:AB,工业非燃料使用!$B:$B,$A54))*$E$76 -> 1156.9835 | AB86: =(SUMIFS(一次能源消费!AB:AB,一次能源消费!$A:$A,$A54)-SUMIFS(工业非燃料使用!AC:AC,工业非燃料使用!$B:$B,$A54))*$E$76 -> 1135.5555 | AC86: =(SUMIFS(一次能源消费!AC:AC,一次能源消费!$A:$A,$A54)-SUMIFS(工业非燃料使用!AD:AD,工业非燃料使用!$B:$B,$A54))*$E$76 -> 1115.0243 | AD86: =(SUMIFS(一次能源消费!AD:AD,一次能源消费!$A:$A,$A54)-SUMIFS(工业非燃料使用!AE:AE,工业非燃料使用!$B:$B,$A54))*$E$76 -> 1093.0388 | AE86: =(SUMIFS(一次能源消费!AE:AE,一次能源消费!$A:$A,$A54)-SUMIFS(工业非燃料使用!AF:AF,工业非燃料使用!$B:$B,$A54))*$E$76 -> 1069.7165 | AF86: =(SUMIFS(一次能源消费!AF:AF,一次能源消费!$A:$A,$A54)-SUMIFS(工业非燃料使用!AG:AG,工业非燃料使用!$B:$B,$A54))*$E$76 -> 1046.1837 | AG86: =(SUMIFS(一次能源消费!AG:AG,一次能源消费!$A:$A,$A54)-SUMIFS(工业非燃料使用!AH:AH,工业非燃料使用!$B:$B,$A54))*$E$76 -> 1021.7419 | AH86: =(SUMIFS(一次能源消费!AH:AH,一次能源消费!$A:$A,$A54)-SUMIFS(工业非燃料使用!AI:AI,工业非燃料使用!$B:$B,$A54))*$E$76 -> 998.363 | AI86: =(SUMIFS(一次能源消费!AI:AI,一次能源消费!$A:$A,$A54)-SUMIFS(工业非燃料使用!AJ:AJ,工业非燃料使用!$B:$B,$A54))*$E$76 -> 973.6564 | AJ86: =(SUMIFS(一次能源消费!AJ:AJ,一次能源消费!$A:$A,$A54)-SUMIFS(工业非燃料使用!AK:AK,工业非燃料使用!$B:$B,$A54))*$E$76 -> 949.5904 | AK86: =(SUMIFS(一次能源消费!AK:AK,一次能源消费!$A:$A,$A54)-SUMIFS(工业非燃料使用!AL:AL,工业非燃料使用!$B:$B,$A54))*$E$76 -> 924.0806 | AL86: =(SUMIFS(一次能源消费!AL:AL,一次能源消费!$A:$A,$A54)-SUMIFS(工业非燃料使用!AM:AM,工业非燃料使用!$B:$B,$A54))*$E$76 -> 899.9995 | AM86: =(SUMIFS(一次能源消费!AM:AM,一次能源消费!$A:$A,$A54)-SUMIFS(工业非燃料使用!AN:AN,工业非燃料使用!$B:$B,$A54))*$E$76 -> 876.8105 | AN86: =(SUMIFS(一次能源消费!AN:AN,一次能源消费!$A:$A,$A54)-SUMIFS(工业非燃料使用!AO:AO,工业非燃料使用!$B:$B,$A54))*$E$76 -> 870.2193 | AO86: =SUM(C86:AN86) -> 45579.383
A87: fuel oil | B87: 油品 | C87: =(SUMIFS(一次能源消费!C:C,一次能源消费!$A:$A,$A55)-SUMIFS(工业非燃料使用!D:D,工业非燃料使用!$B:$B,$A55))*$E$76 -> 2627.194 | D87: =(SUMIFS(一次能源消费!D:D,一次能源消费!$A:$A,$A55)-SUMIFS(工业非燃料使用!E:E,工业非燃料使用!$B:$B,$A55))*$E$76 -> 2656.0114 | E87: =(SUMIFS(一次能源消费!E:E,一次能源消费!$A:$A,$A55)-SUMIFS(工业非燃料使用!F:F,工业非燃料使用!$B:$B,$A55))*$E$76 -> 2680.4861 | F87: =(SUMIFS(一次能源消费!F:F,一次能源消费!$A:$A,$A55)-SUMIFS(工业非燃料使用!G:G,工业非燃料使用!$B:$B,$A55))*$E$76 -> 2712.2158 | G87: =(SUMIFS(一次能源消费!G:G,一次能源消费!$A:$A,$A55)-SUMIFS(工业非燃料使用!H:H,工业非燃料使用!$B:$B,$A55))*$E$76 -> 2754.9494 | H87: =(SUMIFS(一次能源消费!H:H,一次能源消费!$A:$A,$A55)-SUMIFS(工业非燃料使用!I:I,工业非燃料使用!$B:$B,$A55))*$E$76 -> 2797.4045 | I87: =(SUMIFS(一次能源消费!I:I,一次能源消费!$A:$A,$A55)-SUMIFS(工业非燃料使用!J:J,工业非燃料使用!$B:$B,$A55))*$E$76 -> 2840.207 | J87: =(SUMIFS(一次能源消费!J:J,一次能源消费!$A:$A,$A55)-SUMIFS(工业非燃料使用!K:K,工业非燃料使用!$B:$B,$A55))*$E$76 -> 2886.1294 | K87: =(SUMIFS(一次能源消费!K:K,一次能源消费!$A:$A,$A55)-SUMIFS(工业非燃料使用!L:L,工业非燃料使用!$B:$B,$A55))*$E$76 -> 2896.7483 | L87: =(SUMIFS(一次能源消费!L:L,一次能源消费!$A:$A,$A55)-SUMIFS(工业非燃料使用!M:M,工业非燃料使用!$B:$B,$A55))*$E$76 -> 2910.1701 | M87: =(SUMIFS(一次能源消费!M:M,一次能源消费!$A:$A,$A55)-SUMIFS(工业非燃料使用!N:N,工业非燃料使用!$B:$B,$A55))*$E$76 -> 2922.8749 | N87: =(SUMIFS(一次能源消费!N:N,一次能源消费!$A:$A,$A55)-SUMIFS(工业非燃料使用!O:O,工业非燃料使用!$B:$B,$A55))*$E$76 -> 2936.0691 | O87: =(SUMIFS(一次能源消费!O:O,一次能源消费!$A:$A,$A55)-SUMIFS(工业非燃料使用!P:P,工业非燃料使用!$B:$B,$A55))*$E$76 -> 2947.5638 | P87: =(SUMIFS(一次能源消费!P:P,一次能源消费!$A:$A,$A55)-SUMIFS(工业非燃料使用!Q:Q,工业非燃料使用!$B:$B,$A55))*$E$76 -> 2942.0286 | Q87: =(SUMIFS(一次能源消费!Q:Q,一次能源消费!$A:$A,$A55)-SUMIFS(工业非燃料使用!R:R,工业非燃料使用!$B:$B,$A55))*$E$76 -> 2931.7796 | R87: =(SUMIFS(一次能源消费!R:R,一次能源消费!$A:$A,$A55)-SUMIFS(工业非燃料使用!S:S,工业非燃料使用!$B:$B,$A55))*$E$76 -> 2924.8785 | S87: =(SUMIFS(一次能源消费!S:S,一次能源消费!$A:$A,$A55)-SUMIFS(工业非燃料使用!T:T,工业非燃料使用!$B:$B,$A55))*$E$76 -> 2916.9391 | T87: =(SUMIFS(一次能源消费!T:T,一次能源消费!$A:$A,$A55)-SUMIFS(工业非燃料使用!U:U,工业非燃料使用!$B:$B,$A55))*$E$76 -> 2908.692 | U87: =(SUMIFS(一次能源消费!U:U,一次能源消费!$A:$A,$A55)-SUMIFS(工业非燃料使用!V:V,工业非燃料使用!$B:$B,$A55))*$E$76 -> 2883.2897 | V87: =(SUMIFS(一次能源消费!V:V,一次能源消费!$A:$A,$A55)-SUMIFS(工业非燃料使用!W:W,工业非燃料使用!$B:$B,$A55))*$E$76 -> 2859.9947 | W87: =(SUMIFS(一次能源消费!W:W,一次能源消费!$A:$A,$A55)-SUMIFS(工业非燃料使用!X:X,工业非燃料使用!$B:$B,$A55))*$E$76 -> 2835.928 | X87: =(SUMIFS(一次能源消费!X:X,一次能源消费!$A:$A,$A55)-SUMIFS(工业非燃料使用!Y:Y,工业非燃料使用!$B:$B,$A55))*$E$76 -> 2810.8296 | Y87: =(SUMIFS(一次能源消费!Y:Y,一次能源消费!$A:$A,$A55)-SUMIFS(工业非燃料使用!Z:Z,工业非燃料使用!$B:$B,$A55))*$E$76 -> 2786.7872 | Z87: =(SUMIFS(一次能源消费!Z:Z,一次能源消费!$A:$A,$A55)-SUMIFS(工业非燃料使用!AA:AA,工业非燃料使用!$B:$B,$A55))*$E$76 -> 2766.5957 | AA87: =(SUMIFS(一次能源消费!AA:AA,一次能源消费!$A:$A,$A55)-SUMIFS(工业非燃料使用!AB:AB,工业非燃料使用!$B:$B,$A55))*$E$76 -> 2747.808 | AB87: =(SUMIFS(一次能源消费!AB:AB,一次能源消费!$A:$A,$A55)-SUMIFS(工业非燃料使用!AC:AC,工业非燃料使用!$B:$B,$A55))*$E$76 -> 2727.2264 | AC87: =(SUMIFS(一次能源消费!AC:AC,一次能源消费!$A:$A,$A55)-SUMIFS(工业非燃料使用!AD:AD,工业非燃料使用!$B:$B,$A55))*$E$76 -> 2708.3649 | AD87: =(SUMIFS(一次能源消费!AD:AD,一次能源消费!$A:$A,$A55)-SUMIFS(工业非燃料使用!AE:AE,工业非燃料使用!$B:$B,$A55))*$E$76 -> 2688.1172 | AE87: =(SUMIFS(一次能源消费!AE:AE,一次能源消费!$A:$A,$A55)-SUMIFS(工业非燃料使用!AF:AF,工业非燃料使用!$B:$B,$A55))*$E$76 -> 2667.0547 | AF87: =(SUMIFS(一次能源消费!AF:AF,一次能源消费!$A:$A,$A55)-SUMIFS(工业非燃料使用!AG:AG,工业非燃料使用!$B:$B,$A55))*$E$76 -> 2645.2847 | AG87: =(SUMIFS(一次能源消费!AG:AG,一次能源消费!$A:$A,$A55)-SUMIFS(工业非燃料使用!AH:AH,工业非燃料使用!$B:$B,$A55))*$E$76 -> 2624.1775 | AH87: =(SUMIFS(一次能源消费!AH:AH,一次能源消费!$A:$A,$A55)-SUMIFS(工业非燃料使用!AI:AI,工业非燃料使用!$B:$B,$A55))*$E$76 -> 2603.1677 | AI87: =(SUMIFS(一次能源消费!AI:AI,一次能源消费!$A:$A,$A55)-SUMIFS(工业非燃料使用!AJ:AJ,工业非燃料使用!$B:$B,$A55))*$E$76 -> 2582.1906 | AJ87: =(SUMIFS(一次能源消费!AJ:AJ,一次能源消费!$A:$A,$A55)-SUMIFS(工业非燃料使用!AK:AK,工业非燃料使用!$B:$B,$A55))*$E$76 -> 2567.3408 | AK87: =(SUMIFS(一次能源消费!AK:AK,一次能源消费!$A:$A,$A55)-SUMIFS(工业非燃料使用!AL:AL,工业非燃料使用!$B:$B,$A55))*$E$76 -> 2552.6975 | AL87: =(SUMIFS(一次能源消费!AL:AL,一次能源消费!$A:$A,$A55)-SUMIFS(工业非燃料使用!AM:AM,工业非燃料使用!$B:$B,$A55))*$E$76 -> 2538.4415 | AM87: =(SUMIFS(一次能源消费!AM:AM,一次能源消费!$A:$A,$A55)-SUMIFS(工业非燃料使用!AN:AN,工业非燃料使用!$B:$B,$A55))*$E$76 -> 2521.5973 | AN87: =(SUMIFS(一次能源消费!AN:AN,一次能源消费!$A:$A,$A55)-SUMIFS(工业非燃料使用!AO:AO,工业非燃料使用!$B:$B,$A55))*$E$76 -> 2503.2094 | AO87: =SUM(C87:AN87) -> 104812.44
