Workbook
Name billion_kw_to_MW: [1]About!$B$29
Name gigwatt_to_megawatt: [1]About!$B$30
Name OLE_LINK2: 户用光伏安装数据!#REF!
Name Percent_rural: [1]About!$A$27
Name Percent_Urban: [1]About!$A$26

Sheet National Workbook
B1: 2017 | C1: 2018 | D1: 2019 | E1: 2020 | F1: 2021 | G1: 2022 | I1: 2017 | J1: 2018 | K1: 2019 | L1: 2020 | M1: 2021 | N1: 2022 | P1: 2019 | Q1: 2020 | R1: 2021 | S1: 2022 | AB1: 户用分布式 | AC1: 户用分布式 | AD1: 户用分布式
B2: 光伏电站 | I2: 分布式光伏 | P2: 户用分布式 | AB2: 201910 | AC2: 202011 | AD2: 202112
A3: 全国 | B3: 9384 | C3: 12406 | D3: 14167 | E3: 17287.87 | F3: 19847.94 | G3: 23442.4 | I3: 3658 | J3: 5027 | K3: 6263 | L3: 7822.9 | M3: 10750.8 | N3: 15761.6 | R3: =SUM(R4:R35) -> 2159.6201 | S3: =SUM(S4:S35) -> 2526.7 | Z3: 北京 | AA3: =VLOOKUP("*"&Z3&"*",A$3:A$35,1,FALSE) -> 北京市 | AB3: 5.2133295 | AC3: 0.9214 | AD3: 11.5264
A4: 北京市 | B4: 3 | C4: 5 | D4: 5 | E4: 5.1 | F4: 5.1 | G4: 5.1 | I4: 22 | J4: 35 | K4: 46 | L4: 56.4 | M4: 75 | N4: 90.2 | R4: =VLOOKUP(A4,AA$3:AD$36,4,FALSE) -> 11.5264 | S4: 3.4 | Z4: 天津 | AA4: =VLOOKUP("*"&Z4&"*",A$3:A$35,1,FALSE) -> 天津市 | AB4: 0.8113385 | AC4: 1.2011 | AD4: 2.7859
A5: 天津市 | B5: 53 | C5: 97 | D5: 104 | E5: 118.84 | F5: 118.85 | G5: 121.7 | I5: 15 | J5: 31 | K5: 38 | L5: 44.7 | M5: 58.9 | N5: 98.9 | R5: =VLOOKUP(A5,AA$3:AD$36,4,FALSE) -> 2.7859 | S5: 10.1 | Z5: 河北 | AA5: =VLOOKUP("*"&Z5&"*",A$3:A$35,1,FALSE) -> 河北省 | AB5: 83.680125 | AC5: 215.4475 | AD5: 534.0746
A6: 河北省 | B6: 517 | C6: 856 | D6: 962 | E6: 1445.52 | F6: 1658.84 | G6: 1994.1 | I6: 351 | J6: 378 | K6: 512 | L6: 745.8 | M6: 1262.5 | N6: 1861.2 | R6: =VLOOKUP(A6,AA$3:AD$36,4,FALSE) -> 534.0746 | S6: 506.2 | Z6: 其中：河北南网 | AA6: =VLOOKUP("*"&Z6&"*",A$3:A$35,1,FALSE) -> #N/A | AB6: 70.134719 | AC6: 195.6079 | AD6: 476.9627
A7: 山西省 | B7: 530 | C7: 681 | D7: 857 | E7: 1028.32 | F7: 1101.84 | G7: 1257 | I7: 60 | J7: 183 | K7: 231 | L7: 280.2 | M7: 355.9 | N7: 438.7 | R7: =VLOOKUP(A7,AA$3:AD$36,4,FALSE) -> 74.2915 | S7: 76 | Z7: 冀北电网 | AA7: =VLOOKUP("*"&Z7&"*",A$3:A$35,1,FALSE) -> #N/A | AB7: 13.545406 | AC7: 19.8396 | AD7: 57.1119
A8: 内蒙古自治区 | B8: 741 | C8: 933 | D8: 1001 | E8: 1138 | F8: 1299.5 | G8: 1429.6 | I8: 2 | J8: 13 | K8: 80 | L8: 90.1 | M8: 102.5 | N8: 121.2 | R8: =VLOOKUP(A8,AA$3:AD$36,4,FALSE) -> 5.3501 | S8: 6.2 | Z8: 山西 | AA8: =VLOOKUP("*"&Z8&"*",A$3:A$35,1,FALSE) -> 山西省 | AB8: 27.189405 | AC8: 45.8052 | AD8: 74.2915
A9: 辽宁省 | B9: 185 | C9: 219 | D9: 246 | E9: 281.89 | F9: 317.5 | G9: 381.3 | I9: 38 | J9: 83 | K9: 97 | L9: 117.9 | M9: 160 | N9: 219.3 | R9: =VLOOKUP(A9,AA$3:AD$36,4,FALSE) -> 29.1297 | S9: 23 | Z9: 内蒙古 | AA9: =VLOOKUP("*"&Z9&"*",A$3:A$35,1,FALSE) -> 内蒙古自治区 | AB9: 3.944412 | AC9: 1.9904 | AD9: 5.3501
A10: 吉林省 | B10: 107 | C10: 203 | D10: 205 | E10: 260.91 | F10: 265.79 | G10: 294.6 | I10: 52 | J10: 62 | K10: 69 | L10: 76 | M10: 80.1 | N10: 92 | R10: =VLOOKUP(A10,AA$3:AD$36,4,FALSE) -> 4.9921 | S10: 2.4 | Z10: 其中：蒙西 | AA10: =VLOOKUP("*"&Z10&"*",A$3:A$35,1,FALSE) -> #N/A | AB10: 0.170354 | AC10: 0.7594 | AD10: 1.2772
A11: 黑龙江省 | B11: 64 | C11: 141 | D11: 195 | E11: 234.99 | F11: 329.99 | G11: 366.9 | I11: 30 | J11: 74 | K11: 80 | L11: 82.7 | M11: 89.8 | N11: 108.4 | R11: =VLOOKUP(A11,AA$3:AD$36,4,FALSE) -> 2.2025 | S11: 3.9 | Z11: 蒙东 | AA11: =VLOOKUP("*"&Z11&"*",A$3:A$35,1,FALSE) -> #N/A | AB11: 3.774058 | AC11: 1.231 | AD11: 4.0729
A12: 上海市 | B12: 0 | C12: 7 | D12: 6 | E12: 19.7 | F12: 24.09 | G12: 24 | I12: 59 | J12: 82 | K12: 103 | L12: 116.9 | M12: 144.2 | N12: 170.9 | R12: =VLOOKUP(A12,AA$3:AD$36,4,FALSE) -> 1.8567 | S12: 1.3 | Z12: 辽宁 | AA12: =VLOOKUP("*"&Z12&"*",A$3:A$35,1,FALSE) -> 辽宁省 | AB12: 6.830905 | AC12: 14.6679 | AD12: 29.1297
A13: 江苏省 | B13: 580 | C13: 792 | D13: 821 | E13: 895.91 | F13: 941.08 | G13: 953.3 | I13: 327 | J13: 540 | K13: 665 | L13: 788.1 | M13: 974.9 | N13: 1555.2 | R13: =VLOOKUP(A13,AA$3:AD$36,4,FALSE) -> 43.9746 | S13: 151.4 | Z13: 吉林 | AA13: =VLOOKUP("*"&Z13&"*",A$3:A$35,1,FALSE) -> 吉林省 | AB13: 2.996705 | AC13: 6.0682 | AD13: 4.9921
A14: 浙江省 | B14: 315 | C14: 361 | D14: 414 | E14: 412.17 | F14: 577.03 | G14: 613.4 | I14: 499 | J14: 777 | K14: 925 | L14: 1067.2 | M14: 1264.8 | N14: 1925.5 | R14: =VLOOKUP(A14,AA$3:AD$36,4,FALSE) -> 17.2588 | S14: 11.2 | Z14: 黑龙江 | AA14: =VLOOKUP("*"&Z14&"*",A$3:A$35,1,FALSE) -> 黑龙江省 | AB14: 1.837046 | AC14: 1.6807 | AD14: 2.2025
A15: 安徽省 | B15: 565 | C15: 677 | D15: 773 | E15: 825.56 | F15: 947.02 | G15: 1063.8 | I15: 323 | J15: 441 | K15: 480 | L15: 544.1 | M15: 759.8 | N15: 1090.3 | R15: =VLOOKUP(A15,AA$3:AD$36,4,FALSE) -> 137.238 | S15: 251 | Z15: 上海 | AA15: =VLOOKUP("*"&Z15&"*",A$3:A$35,1,FALSE) -> 上海市 | AB15: 4.3568 | AC15: 1.2889 | AD15: 1.8567
... A26: 四川省 | B26: 116 | C26: 168 | D26: 169 | E26: 169.01 | F26: 169.01 | G26: 173 | I26: 19 | J26: 13 | K26: 19 | L26: 22.1 | M26: 26.9 | N26: 33.2 | R26: =VLOOKUP(A26,AA$3:AD$36,4,FALSE) -> 3.8123 | S26: 2.4 | Z26: 四川 | AA26: =VLOOKUP("*"&Z26&"*",A$3:A$35,1,FALSE) -> 四川省 | AB26: 1.2946805 | AC26: 1.9801 | AD26: 3.8123
A27: 贵州省 | B27: 135 | C27: 161 | D27: 491 | E27: 970.67 | F27: 1117.6 | G27: 1396.6 | J27: 17 | K27: 19 | L27: 19 | M27: 19.4 | N27: 23.7 | R27: =VLOOKUP(A27,AA$3:AD$36,4,FALSE) -> 0.304 | S27: 0.4 | Z27: 陕西 | AA27: =VLOOKUP("*"&Z27&"*",A$3:A$35,1,FALSE) -> 陕西省 | AB27: 6.6805495 | AC27: 13.5018 | AD27: 21.7042
A28: 云南省 | B28: 237.5 | C28: 312 | D28: 350 | E28: 295.43 | F28: 349.91 | G28: 525.2 | I28: 0.5 | J28: 14 | K28: 25 | L28: 38.4 | M28: 47.2 | N28: 60.1 | R28: =VLOOKUP(A28,AA$3:AD$36,4,FALSE) -> 1.7673 | S28: 2.3 | Z28: 甘肃 | AA28: =VLOOKUP("*"&Z28&"*",A$3:A$35,1,FALSE) -> 甘肃省 | AB28: 3.251883 | AC28: 0.7275 | AD28: 1.0777
A29: 西藏自治区 | B29: 79 | C29: 98 | D29: 110 | E29: 136.26 | F29: 136.51 | G29: 175.9 | K29: 0 | L29: 0 | M29: 2.2 | N29: 2.2 | S29: 0 | Z29: 青海 | AA29: =VLOOKUP("*"&Z29&"*",A$3:A$35,1,FALSE) -> 青海省 | AB29: 0.5077935 | AC29: 0.5136 | AD29: 0.3517
A30: 陕西省 | B30: 484 | C30: 640 | D30: 778 | E30: 893.42 | F30: 1102.82 | G30: 1193.7 | I30: 51 | J30: 76 | K30: 162 | L30: 190.7 | M30: 210.9 | N30: 322.5 | R30: =VLOOKUP(A30,AA$3:AD$36,4,FALSE) -> 21.7042 | S30: 28.9 | Z30: 宁夏 | AA30: =VLOOKUP("*"&Z30&"*",A$3:A$35,1,FALSE) -> 宁夏回族自治区 | AB30: 0.80742 | AC30: 0.3325 | AD30: 0.4052
A31: 甘肃省 | B31: 768 | C31: 790 | D31: 836 | E31: 891.32 | F31: 1047.65 | G31: 1310.9 | I31: 18 | J31: 49 | K31: 71 | L31: 74 | M31: 77.1 | N31: 85.5 | R31: =VLOOKUP(A31,AA$3:AD$36,4,FALSE) -> 1.0777 | S31: 1 | Z31: 新疆自治区（含兵团） | AA31: 新疆维吾尔自治区 | AB31: 0.184156 | AC31: 0.5974 | AD31: 0.4005
A32: 青海省 | B32: 786 | C32: 952 | D32: 1086 | E32: 1532.09 | F32: 1594.77 | G32: 1805.5 | I32: 5 | J32: 10 | K32: 15 | L32: 15.7 | M32: 16 | N32: 15.7 | R32: =VLOOKUP(A32,AA$3:AD$36,4,FALSE) -> 0.3517 | S32: 2.7 | Z32: 广东 | AA32: =VLOOKUP("*"&Z32&"*",A$3:A$35,1,FALSE) -> 广东省 | AB32: 20.9154 | AC32: 12.4418 | AD32: 31.1558
A33: 宁夏回族自治区 | B33: 587 | C33: 761 | D33: 844 | E33: 1121.96 | F33: 1303.36 | G33: 1491.6 | I33: 33 | J33: 55 | K33: 74 | L33: 75.2 | M33: 80.6 | N33: 92.2 | R33: =VLOOKUP(A33,AA$3:AD$36,4,FALSE) -> 0.4052 | S33: 0.3 | Z33: 广西 | AA33: =VLOOKUP("*"&Z33&"*",A$3:A$35,1,FALSE) -> 广西壮族自治区 | AB33: 3.1503365 | AC33: 1.1213 | AD33: 2.8014
A34: 新疆维吾尔自治区 | B34: 933 | C34: 976 | D34: 1027 | E34: 1205.48 | F34: 1254.78 | G34: 1440.3 | I34: 1 | J34: 2 | K34: 14 | L34: 16.7 | M34: 17.2 | N34: 26.9 | R34: =VLOOKUP(A34,AA$3:AD$36,4,FALSE) -> 0.4005 | S34: 0 | Z34: 云南 | AA34: =VLOOKUP("*"&Z34&"*",A$3:A$35,1,FALSE) -> 云南省 | AB34: 1.576 | AC34: 1.1014 | AD34: 1.7673
A35: 新疆建设兵团 | B35: 0 | C35: 0 | D35: 39 | E35: 77.2 | F35: 77.2 | G35: 105.8 | K35: 0 | L35: 0 | M35: 0 | N35: 0 | S35: 0 | Z35: 贵州 | AA35: =VLOOKUP("*"&Z35&"*",A$3:A$35,1,FALSE) -> 贵州省 | AB35: 0.109762 | AC35: 0.0995 | AD35: 0.304
Z36: 海南 | AA36: =VLOOKUP("*"&Z36&"*",A$3:A$35,1,FALSE) -> 海南省 | AB36: 1.103994 | AC36: 0.8751 | AD36: 1.5194
D54: Pre2013 | E54: 2013 | F54: 2014 | G54: 2015 | H54: 2016 | I54: 2017 | J54: 2018 | K54: 2019 | L54: 2020 | M54: 2021 | N54: 2022 | O54: 2023 | P54: 2024 | Q54: 2025 | R54: 2026 | S54: 2027 | T54: 2028 | U54: 2029 | V54: 2030 | W54: 2031 | X54: 2032 | Y54: 2033 | Z54: 2034 | AA54: 2035 | AB54: 2036 | AC54: 2037 | AD54: 2038 | AE54: 2039 | AF54: 2040 | AG54: 2041 | AH54: 2042 | AI54: 2043 | AJ54: 2044 | AK54: 2045 | AL54: 2046 | AM54: 2047 | AN54: 2048 | AO54: 2049 | AP54: 2050 | AQ54: 2051 | AR54: 2052 | AS54: 2053 | AT54: 2054 | AU54: 2055 | AV54: 2056 | AW54: 2057 | AX54: 2058 | AY54: 2059 | AZ54: 2060
B55: 识图叠加 | C55: 光伏电站 | E55: 11.637411 | F55: 7.9701505 | G55: 13.231872 | H55: 29.814267 | I55: 33.162635 | J55: 22.798638 | K55: 17.377471 | L55: 32.205958 | M55: 23.590886
C56: 工商分布式 | E56: 12.414711 | F56: 10.074839 | G56: 14.507441 | H56: 33.640973 | I56: 49.585584 | J56: 41.453832 | K56: 24.393099 | L56: 37.627126 | M56: 30.93039
C57: 户用分布式 | E57: 12.594088 | F57: 10.202396 | G57: 14.666887 | H57: 34.119312 | I57: 52.61506 | J57: 43.845524 | K57: 29.654821 | L57: 47.831677 | M57: 52.61506
B58: 新增 | C58: 光伏电站 | D58: 0 | E58: =E55*100 -> 1163.7411 | F58: =F55*100 -> 797.01505 | G58: =G55*100 -> 1323.1872 | H58: =H55*100 -> 2981.4267 | I58: =I55*100 -> 3316.2635 | J58: =C3-B3 -> 3022 | K58: =D3-C3 -> 1761 | L58: =E3-D3 -> 3120.87 | M58: =F3-E3 -> 2560.07 | N58: =G3-F3 -> 3594.46
C59: 工商分布式 | D59: =I3-SUM(E59:I59) -> 1217.2788 | E59: =(E56-E55)*100 -> 77.729976 | F59: =(F56-F55)*100 -> 210.46886 | G59: =(G56-G55)*100 -> 127.55688 | H59: =(H56-H55)*100 -> 382.67065 | I59: =(I56-I55)*100 -> 1642.2949 | J59: =(J56-J55)*100 -> 1865.5194 | K59: =(K56-K55)*100 -> 701.56286 | L59: =(L56-L55)*100 -> 542.11675 | M59: =(M3-L3)-R3 -> 768.2799 | N59: =(N3-M3)-S3 -> 2484.1
C60: 户用分布式 | D60: 0 | E60: =(E57-E56)*100 -> 17.937687 | F60: =(F57-F56)*100 -> 12.755688 | G60: =(G57-G56)*100 -> 15.94461 | H60: =(H57-H56)*100 -> 47.833831 | I60: =(I57-I56)*100 -> 302.9476 | J60: =(J57-J56)*100 -> 239.16916 | K60: =(K57-K56)*100 -> 526.17214 | L60: =(L57-L56)*100 -> 1020.4551 | M60: =R3 -> 2159.6201 | N60: =S3 -> 2526.7
B61: 累计 | C61: 光伏电站 | D61: =SUM($D58:D58) -> 0 | E61: =SUM($D58:E58) -> 1163.7411 | F61: =SUM($D58:F58) -> 1960.7561 | G61: =SUM($D58:G58) -> 3283.9433 | H61: =SUM($D58:H58) -> 6265.37 | I61: =SUM($D58:I58) -> 9581.6335 | J61: =SUM($D58:J58) -> 12603.634 | K61: =SUM($D58:K58) -> 14364.634 | ... N61: =SUM($D58:N58) -> 23640.034
C62: 工商分布式 | D62: =SUM($D59:D59) -> 1217.2788 | E62: =SUM($D59:E59) -> 1295.0087 | F62: =SUM($D59:F59) -> 1505.4776 | G62: =SUM($D59:G59) -> 1633.0345 | H62: =SUM($D59:H59) -> 2015.7051 | I62: =SUM($D59:I59) -> 3658 | J62: =SUM($D59:J59) -> 5523.5194 | K62: =SUM($D59:K59) -> 6225.0823 | ... N62: =SUM($D59:N59) -> 10019.579 | O62: =MIN(_xlfn.FORECAST.LINEAR(O$54,$H62:$N62,$H$54:$N$54),'Capacity Limit'!F54) -> 10679.26 | P62: =MIN(_xlfn.FORECAST.LINEAR(P$54,$H62:$N62,$H$54:$N$54),'Capacity Limit'!G54) -> 11858.198 | Q62: =MIN(_xlfn.FORECAST.LINEAR(Q$54,$H62:$N62,$H$54:$N$54),'Capacity Limit'!H54) -> 13037.136 | R62: =MIN(_xlfn.FORECAST.LINEAR(R$54,$H62:$N62,$H$54:$N$54),'Capacity Limit'!I54) -> 13826.076 | S62: =MIN(_xlfn.FORECAST.LINEAR(S$54,$H62:$N62,$H$54:$N$54),'Capacity Limit'!J54) -> 14109.298 | T62: =MIN(_xlfn.FORECAST.LINEAR(T$54,$H62:$N62,$H$54:$N$54),'Capacity Limit'!K54) -> 14387.29 | U62: =MIN(_xlfn.FORECAST.LINEAR(U$54,$H62:$N62,$H$54:$N$54),'Capacity Limit'!L54) -> 14660.032 | V62: =MIN(_xlfn.FORECAST.LINEAR(V$54,$H62:$N62,$H$54:$N$54),'Capacity Limit'!M54) -> 14927.511 | ... AZ62: =MIN(_xlfn.FORECAST.LINEAR(AZ$54,$H62:$N62,$H$54:$N$54),'Capacity Limit'!AQ54) -> 19433.348
C63: 户用分布式 | D63: =SUM($D60:D60) -> 0 | E63: =SUM($D60:E60) -> 17.937687 | F63: =SUM($D60:F60) -> 30.693375 | G63: =SUM($D60:G60) -> 46.637986 | H63: =SUM($D60:H60) -> 94.471817 | I63: =SUM($D60:I60) -> 397.41942 | J63: =SUM($D60:J60) -> 636.58857 | K63: =SUM($D60:K60) -> 1162.7607 | ... N63: =SUM($D60:N60) -> 6869.5359
A64: 乡村户用比例 | C64: 乡村户用光伏 | E64: =E63*$A65 -> 14.184001 | F64: =F63*$A65 -> 24.270403 | G64: =G63*$A65 -> 36.878404 | H64: =H63*$A65 -> 74.702408 | I64: =I63*$A65 -> 314.25443 | J64: =J63*$A65 -> 503.37445 | K64: =K63*$A65 -> 919.4385 | L64: =L63*$A65 -> 1726.3506 | ... N64: =N63*$A65 -> 5431.9996 | O64: =MIN(_xlfn.FORECAST.LINEAR(O$54,$L64:$N64,$L$54:$N$54),'Capacity Limit'!F55) -> 7236.4468 | P64: =MIN(_xlfn.FORECAST.LINEAR(P$54,$L64:$N64,$L$54:$N$54),'Capacity Limit'!G55) -> 9089.2713 | Q64: =MIN(_xlfn.FORECAST.LINEAR(Q$54,$L64:$N64,$L$54:$N$54),'Capacity Limit'!H55) -> 10942.096 | R64: =MIN(_xlfn.FORECAST.LINEAR(R$54,$L64:$N64,$L$54:$N$54),'Capacity Limit'!I55) -> 12794.92 | S64: =MIN(_xlfn.FORECAST.LINEAR(S$54,$L64:$N64,$L$54:$N$54),'Capacity Limit'!J55) -> 14647.745 | T64: =MIN(_xlfn.FORECAST.LINEAR(T$54,$L64:$N64,$L$54:$N$54),'Capacity Limit'!K55) -> 16500.569 | U64: =MIN(_xlfn.FORECAST.LINEAR(U$54,$L64:$N64,$L$54:$N$54),'Capacity Limit'!L55) -> 18353.394 | V64: =MIN(_xlfn.FORECAST.LINEAR(V$54,$L64:$N64,$L$54:$N$54),'Capacity Limit'!M55) -> 20206.218 | ... AZ64: =MIN(_xlfn.FORECAST.LINEAR(AZ$54,$L64:$N64,$L$54:$N$54),'Capacity Limit'!AQ55) -> 36703.213
A65: ='Capacity Limit'!D20 -> 0.7907375 | C65: 城镇户用光伏 | E65: =E63*$A67 -> 3.7536852 | F65: =F63*$A67 -> 6.4229725 | G65: =G63*$A67 -> 9.7595816 | H65: =H63*$A67 -> 19.769409 | I65: =I63*$A67 -> 83.164982 | J65: =J63*$A67 -> 133.21412 | K65: =K63*$A67 -> 243.32222 | L65: =L63*$A67 -> 456.8652 | ... N65: =N63*$A67 -> 1437.5363 | O65: =MIN(_xlfn.FORECAST.LINEAR(O$54,$L65:$N65,$L$54:$N$54),'Capacity Limit'!F56) -> 1915.0691 | P65: =MIN(_xlfn.FORECAST.LINEAR(P$54,$L65:$N65,$L$54:$N$54),'Capacity Limit'!G56) -> 2405.4047 | Q65: =MIN(_xlfn.FORECAST.LINEAR(Q$54,$L65:$N65,$L$54:$N$54),'Capacity Limit'!H56) -> 2895.7402 | R65: =MIN(_xlfn.FORECAST.LINEAR(R$54,$L65:$N65,$L$54:$N$54),'Capacity Limit'!I56) -> 3386.0758 | S65: =MIN(_xlfn.FORECAST.LINEAR(S$54,$L65:$N65,$L$54:$N$54),'Capacity Limit'!J56) -> 3876.4113 | T65: =MIN(_xlfn.FORECAST.LINEAR(T$54,$L65:$N65,$L$54:$N$54),'Capacity Limit'!K56) -> 4366.7468 | U65: =MIN(_xlfn.FORECAST.LINEAR(U$54,$L65:$N65,$L$54:$N$54),'Capacity Limit'!L56) -> 4857.0824 | V65: =MIN(_xlfn.FORECAST.LINEAR(V$54,$L65:$N65,$L$54:$N$54),'Capacity Limit'!M56) -> 5347.4179 | ... AZ65: =MIN(_xlfn.FORECAST.LINEAR(AZ$54,$L65:$N65,$L$54:$N$54),'Capacity Limit'!AQ56) -> 10704.877
A66: 城镇户用比例
A67: ='Capacity Limit'!C20 -> 0.2092625

Sheet Capacity Limit
C2: 分布式潜能
C3: 城镇屋顶 | D3: 农村屋顶 | E3: 工矿用地 | F3: 滩涂分布式 | I3: 城市人口 | J3: 乡村人口 | K3: 城镇住宅面积+公共建筑面积 | L3: 乡村住宅面积 | N3: 城乡面积与分布式潜能比
B4: 北京 | C4: 610.8584 | D4: 415.0322 | E4: 185.7993 | F4: 115.96967 | H4: 北京 | I4: =VLOOKUP("*"&B4&"*",Population!A$34:V$64,22,FALSE) -> 1916 | J4: =VLOOKUP("*"&B4&"*",Population!A$66:V$96,22,FALSE) -> 273 | K4: =SUMIFS('Building Area Result'!$F$5:$F$738,'Building Area Result'!$C$5:$C$738,"*"&B4&"*") -> 1.0352656e+09 | L4: =VLOOKUP("*"&B4&"*",'Building Area Result'!$C$739:$F$769,4,FALSE) -> 1.4915488e+08 | N4: =(C4/K4)/(D4/L4) -> 0.21205301
B5: 天津 | C5: 353.87625 | D5: 305.24171 | E5: 246.12375 | F5: 167.09872 | H5: 天津 | I5: =VLOOKUP("*"&B5&"*",Population!A$34:V$64,22,FALSE) -> 1175 | J5: =VLOOKUP("*"&B5&"*",Population!A$66:V$96,22,FALSE) -> 212 | K5: =SUMIFS('Building Area Result'!$F$5:$F$738,'Building Area Result'!$C$5:$C$738,"*"&B5&"*") -> 5.8694661e+08 | L5: =VLOOKUP("*"&B5&"*",'Building Area Result'!$C$739:$F$769,4,FALSE) -> 69415828 | N5: =(C5/K5)/(D5/L5) -> 0.13710947
B6: 河北 | C6: 1197.212 | D6: 5088.3672 | E6: 1384.9488 | F6: 653.41431 | H6: 河北 | I6: =VLOOKUP("*"&B6&"*",Population!A$34:V$64,22,FALSE) -> 4484 | J6: =VLOOKUP("*"&B6&"*",Population!A$66:V$96,22,FALSE) -> 2980 | K6: =SUMIFS('Building Area Result'!$F$5:$F$738,'Building Area Result'!$C$5:$C$738,"*"&B6&"*") -> 1.8773626e+09 | L6: =VLOOKUP("*"&B6&"*",'Building Area Result'!$C$739:$F$769,4,FALSE) -> 1.0967866e+09 | N6: =(C6/K6)/(D6/L6) -> 0.13745691
B7: 上海 | C7: 805.10312 | D7: 594.79905 | E7: 183.07655 | F7: 136.64303 | H7: 上海 | I7: =VLOOKUP("*"&B7&"*",Population!A$34:V$64,22,FALSE) -> 2222 | J7: =VLOOKUP("*"&B7&"*",Population!A$66:V$96,22,FALSE) -> 266 | K7: =SUMIFS('Building Area Result'!$F$5:$F$738,'Building Area Result'!$C$5:$C$738,"*"&B7&"*") -> 1.0911372e+09 | L7: =VLOOKUP("*"&B7&"*",'Building Area Result'!$C$739:$F$769,4,FALSE) -> 1.3930333e+08 | N7: =(C7/K7)/(D7/L7) -> 0.17280781
B8: 江苏 | C8: 1914.9724 | D8: 5575.286 | E8: 1286.1172 | F8: 1430.8959 | H8: 江苏 | I8: =VLOOKUP("*"&B8&"*",Population!A$34:V$64,22,FALSE) -> 6226 | J8: =VLOOKUP("*"&B8&"*",Population!A$66:V$96,22,FALSE) -> 2251 | K8: =SUMIFS('Building Area Result'!$F$5:$F$738,'Building Area Result'!$C$5:$C$738,"*"&B8&"*") -> 3.4942812e+09 | L8: =VLOOKUP("*"&B8&"*",'Building Area Result'!$C$739:$F$769,4,FALSE) -> 1.0178032e+09 | N8: =(C8/K8)/(D8/L8) -> 0.10004637
B9: 浙江 | C9: 1399.9022 | D9: 4693.242 | E9: 554.98492 | F9: 598.41852 | H9: 浙江 | I9: =VLOOKUP("*"&B9&"*",Population!A$34:V$64,22,FALSE) -> 4668 | J9: =VLOOKUP("*"&B9&"*",Population!A$66:V$96,22,FALSE) -> 1800 | K9: =SUMIFS('Building Area Result'!$F$5:$F$738,'Building Area Result'!$C$5:$C$738,"*"&B9&"*") -> 2.697997e+09 | L9: =VLOOKUP("*"&B9&"*",'Building Area Result'!$C$739:$F$769,4,FALSE) -> 1.2223148e+09 | N9: =(C9/K9)/(D9/L9) -> 0.13513453
B10: 安徽 | C10: 1054.8463 | D10: 4227.5373 | E10: 1231.8683 | F10: 619.20747 | H10: 安徽 | I10: =VLOOKUP("*"&B10&"*",Population!A$34:V$64,22,FALSE) -> 3561 | J10: =VLOOKUP("*"&B10&"*",Population!A$66:V$96,22,FALSE) -> 2544 | K10: =SUMIFS('Building Area Result'!$F$5:$F$738,'Building Area Result'!$C$5:$C$738,"*"&B10&"*") -> 1.7210195e+09 | L10: =VLOOKUP("*"&B10&"*",'Building Area Result'!$C$739:$F$769,4,FALSE) -> 9.8327522e+08 | N10: =(C10/K10)/(D10/L10) -> 0.14255783
B11: 福建 | C11: 809.92908 | D11: 2897.0213 | E11: 305.56344 | F11: 506.16233 | H11: 福建 | I11: =VLOOKUP("*"&B11&"*",Population!A$34:V$64,22,FALSE) -> 2861 | J11: =VLOOKUP("*"&B11&"*",Population!A$66:V$96,22,FALSE) -> 1300 | K11: =SUMIFS('Building Area Result'!$F$5:$F$738,'Building Area Result'!$C$5:$C$738,"*"&B11&"*") -> 1.585467e+09 | L11: =VLOOKUP("*"&B11&"*",'Building Area Result'!$C$739:$F$769,4,FALSE) -> 6.8997582e+08 | N11: =(C11/K11)/(D11/L11) -> 0.12166677
B12: 江西 | C12: 980.20489 | D12: 4133.2703 | E12: 553.77843 | F12: 529.68887 | H12: 江西 | I12: =VLOOKUP("*"&B12&"*",Population!A$34:V$64,22,FALSE) -> 2731 | J12: =VLOOKUP("*"&B12&"*",Population!A$66:V$96,22,FALSE) -> 1788 | K12: =SUMIFS('Building Area Result'!$F$5:$F$738,'Building Area Result'!$C$5:$C$738,"*"&B12&"*") -> 1.4194808e+09 | L12: =VLOOKUP("*"&B12&"*",'Building Area Result'!$C$739:$F$769,4,FALSE) -> 9.1828936e+08 | N12: =(C12/K12)/(D12/L12) -> 0.15341686
B13: 山东 | C13: 1823.42 | D13: 6644.0945 | E13: 1693.8008 | F13: 736.87227 | H13: 山东 | I13: =VLOOKUP("*"&B13&"*",Population!A$34:V$64,22,FALSE) -> 6409 | J13: =VLOOKUP("*"&B13&"*",Population!A$66:V$96,22,FALSE) -> 3756 | K13: =SUMIFS('Building Area Result'!$F$5:$F$738,'Building Area Result'!$C$5:$C$738,"*"&B13&"*") -> 3.4361479e+09 | L13: =VLOOKUP("*"&B13&"*",'Building Area Result'!$C$739:$F$769,4,FALSE) -> 1.4062225e+09 | N13: =(C13/K13)/(D13/L13) -> 0.1123138
B14: 河南 | C14: 1471.2057 | D14: 7664.7037 | E14: 1463.2126 | F14: 771.40606 | H14: 河南 | I14: =VLOOKUP("*"&B14&"*",Population!A$34:V$64,22,FALSE) -> 5510 | J14: =VLOOKUP("*"&B14&"*",Population!A$66:V$96,22,FALSE) -> 4431 | K14: =SUMIFS('Building Area Result'!$F$5:$F$738,'Building Area Result'!$C$5:$C$738,"*"&B14&"*") -> 2.6798583e+09 | L14: =VLOOKUP("*"&B14&"*",'Building Area Result'!$C$739:$F$769,4,FALSE) -> 1.7634683e+09 | N14: =(C14/K14)/(D14/L14) -> 0.12630887
B15: 湖北 | C15: 1118.9913 | D15: 4515.8077 | E15: 882.8684 | F15: 835.05122 | H15: 湖北 | I15: =VLOOKUP("*"&B15&"*",Population!A$34:V$64,22,FALSE) -> 3613 | J15: =VLOOKUP("*"&B15&"*",Population!A$66:V$96,22,FALSE) -> 2132 | K15: =SUMIFS('Building Area Result'!$F$5:$F$738,'Building Area Result'!$C$5:$C$738,"*"&B15&"*") -> 2.129533e+09 | L15: =VLOOKUP("*"&B15&"*",'Building Area Result'!$C$739:$F$769,4,FALSE) -> 1.0119981e+09 | N15: =(C15/K15)/(D15/L15) -> 0.11775697
B16: 湖南 | C16: 1369.74 | D16: 6153.0937 | E16: 800.57064 | F16: 568.79433 | H16: 湖南 | I16: =VLOOKUP("*"&B16&"*",Population!A$34:V$64,22,FALSE) -> 3905 | J16: =VLOOKUP("*"&B16&"*",Population!A$66:V$96,22,FALSE) -> 2740 | K16: =SUMIFS('Building Area Result'!$F$5:$F$738,'Building Area Result'!$C$5:$C$738,"*"&B16&"*") -> 2.0808755e+09 | L16: =VLOOKUP("*"&B16&"*",'Building Area Result'!$C$739:$F$769,4,FALSE) -> 1.2601582e+09 | N16: =(C16/K16)/(D16/L16) -> 0.13481045
C17: =SUM(C4:C16)/SUM($C4:$F16) -> 0.17285237 | D17: =SUM(D4:D16)/SUM($C4:$F16) -> 0.61334847 | E17: =SUM(E4:E16)/SUM($C4:$F16) -> 0.12488641 | F17: =SUM(F4:F16)/SUM($C4:$F16) -> 0.088912756
B18: 基于人口推算 | C18: =SUM(C4:C16)/(SUM(I4:I16)/I18) -> 27237.3 | D18: =SUM(D4:D16)/(SUM(J4:J16)/J18) -> 101903.84 | H18: 2020全国 | I18: =SUM(Population!V34:V64) -> 90024 | J18: =SUM(Population!V66:V96) -> 50989 | K18: ='Building Area Result'!F3+'Building Area Result'!F2 -> 4.4232608e+10 | L18: ='Building Area Result'!F4 -> 2.1382914e+10 | N18: =(C19/K18)/(D19/L18) -> 0.12793325
B19: 基于面积推算 | C19: =SUM(C4:C16)/(SUM(K4:K16)/K18) -> 25527.782 | D19: =SUM(D4:D16)/(SUM(L4:L16)/L18) -> 96461.498 | E19: =133000-D19-C19 -> 11010.72 | H19: 省份占比 | I19: =SUM(I4:I16)/I18 -> 0.54742069 | J19: =SUM(J4:J16)/J18 -> 0.51919041 | K19: =SUM(K4:K16)/K18 -> 0.58407979 | L19: =SUM(L4:L16)/L18 -> 0.54848305
C20: =C19/(C19+D19) -> 0.2092625 | D20: =D19/(C19+D19) -> 0.7907375
A22: 分布式光伏技术可开发潜力主要受可安装分布式光伏的场地或者设施面积制约。重点考虑城镇和农村住宅屋顶、工矿用地屋顶、铁路高速公路、滩涂水库坑塘和农业大棚等五大类分布式光伏，
A23: 根据测算，2025年我国分布式光伏技术可开发潜力为14.9亿千瓦，其中主要是农村、城镇住房屋顶光伏和工矿厂房，合计13.3亿千瓦，占到技术可开发总潜力的89%。
A25: 从区域分布来看，国网公司经营区东中部地区 的技术可开发潜力为8.7亿千瓦，约占全国的58%，将成为未来发展重点地区。
A26: 开发潜力最大的省份是河南、山东和江苏，均超过1亿千瓦，主要原因在于数量庞大的农村屋顶。
A27: 考虑项目本体发电成本、电网改造成本、系统平衡成本等，预计全国经济可开发潜力约为4.6亿千瓦左右，其中东中部地区约2.9亿千瓦。
C45: 2020 | D45: 2021 | E45: 2022 | F45: 2023 | G45: 2024 | H45: 2025 | I45: 2026 | J45: 2027 | K45: 2028 | L45: 2029 | M45: 2030 | N45: 2031 | O45: 2032 | P45: 2033 | Q45: 2034 | R45: 2035 | S45: 2036 | T45: 2037 | U45: 2038 | V45: 2039 | W45: 2040 | X45: 2041 | Y45: 2042 | Z45: 2043 | AA45: 2044 | AB45: 2045 | AC45: 2046 | AD45: 2047 | AE45: 2048 | AF45: 2049 | AG45: 2050 | AH45: 2051 | AI45: 2052 | AJ45: 2053 | AK45: 2054 | AL45: 2055 | AM45: 2056 | AN45: 2057 | AO45: 2058 | AP45: 2059 | AQ45: 2060
B46: 城镇住宅面积 | C46: ='Building Area Result'!E3 -> 3.0311727e+10 | D46: ='Building Area Result'!F3 -> 3.1115403e+10 | E46: ='Building Area Result'!G3 -> 3.1727837e+10 | F46: ='Building Area Result'!H3 -> 3.232438e+10 | G46: ='Building Area Result'!I3 -> 3.2904918e+10 | H46: ='Building Area Result'!J3 -> 3.3469355e+10 | I46: ='Building Area Result'!K3 -> 3.4017617e+10 | J46: ='Building Area Result'!L3 -> 3.4549652e+10 | ... AQ46: ='Building Area Result'!AS3 -> 3.9851427e+10
B47: 乡村住宅面积 | C47: ='Building Area Result'!E4 -> 2.1439578e+10 | D47: ='Building Area Result'!F4 -> 2.1382914e+10 | E47: ='Building Area Result'!G4 -> 2.1272869e+10 | F47: ='Building Area Result'!H4 -> 2.1141153e+10 | G47: ='Building Area Result'!I4 -> 2.0988052e+10 | H47: ='Building Area Result'!J4 -> 2.0813933e+10 | I47: ='Building Area Result'!K4 -> 2.0619238e+10 | J47: ='Building Area Result'!L4 -> 2.0404481e+10 | ... AQ47: ='Building Area Result'!AS4 -> 1.3560189e+10
B48: 公共建筑面积 | C48: ='Building Area Result'!E2 -> 1.2718182e+10 | D48: ='Building Area Result'!F2 -> 1.3117204e+10 | E48: ='Building Area Result'!G2 -> 1.3445852e+10 | F48: ='Building Area Result'!H2 -> 1.3769083e+10 | G48: ='Building Area Result'!I2 -> 1.4086864e+10 | H48: ='Building Area Result'!J2 -> 1.4399163e+10 | I48: ='Building Area Result'!K2 -> 1.4705949e+10 | J48: ='Building Area Result'!L2 -> 1.5007196e+10 | ... AQ48: ='Building Area Result'!AS2 -> 2.0670062e+10
B50: 假设住宅与公共建筑单位建筑面积屋顶光伏密度与容积率成反比，容积率之比约为1.68：0.8 | J50: 技术可开发量中城镇住宅与共建之比为： | M50: =(C46/1.68)/(C46/1.68+C48/0.8) -> 0.531599 | N50: =(C48/0.8)/(C46/1.68+C48/0.8) -> 0.468401
A51: 技术可开发量 | B51: 工商分布式光伏上限 | C51: =$C$19*$N$50*C48/$C48 -> 11957.239 | D51: =$C$19*$N$50*D48/$C48 -> 12332.387 | E51: =$C$19*$N$50*E48/$C48 -> 12641.372 | F51: =$C$19*$N$50*F48/$C48 -> 12945.263 | G51: =$C$19*$N$50*G48/$C48 -> 13244.031 | H51: =$C$19*$N$50*H48/$C48 -> 13537.644 | I51: =$C$19*$N$50*I48/$C48 -> 13826.076 | J51: =$C$19*$N$50*J48/$C48 -> 14109.298 | ... AQ51: =$C$19*$N$50*AQ48/$C48 -> 19433.348
B52: 乡村屋顶光伏上限 | C52: =$D$19*(C47/$L$18) -> 96717.118 | D52: =$D$19*(D47/$L$18) -> 96461.498 | E52: =$D$19*(E47/$L$18) -> 95965.068 | F52: =$D$19*(F47/$L$18) -> 95370.878 | G52: =$D$19*(G47/$L$18) -> 94680.216 | H52: =$D$19*(H47/$L$18) -> 93894.737 | I52: =$D$19*(I47/$L$18) -> 93016.439 | J52: =$D$19*(J47/$L$18) -> 92047.642 | ... AQ52: =$D$19*(AQ47/$L$18) -> 61172.022
B53: 城镇住宅光伏上限 | C53: =$C$19*$M$50*C46/$C46 -> 13570.544 | D53: =$C$19*$M$50*D46/$C46 -> 13930.349 | E53: =$C$19*$M$50*E46/$C46 -> 14204.535 | F53: =$C$19*$M$50*F46/$C46 -> 14471.607 | G53: =$C$19*$M$50*G46/$C46 -> 14731.514 | H53: =$C$19*$M$50*H46/$C46 -> 14984.212 | I53: =$C$19*$M$50*I46/$C46 -> 15229.669 | J53: =$C$19*$M$50*J46/$C46 -> 15467.86 | ... AQ53: =$C$19*$M$50*AQ46/$C46 -> 17841.462
A54: 经济可开发量 | B54: 工商分布式光伏上限 | C54: =C51 -> 11957.239 | D54: =D51 -> 12332.387 | E54: =E51 -> 12641.372 | F54: =F51 -> 12945.263 | G54: =G51 -> 13244.031 | H54: =H51 -> 13537.644 | I54: =I51 -> 13826.076 | J54: =J51 -> 14109.298 | ... AQ54: =AQ51 -> 19433.348
B55: 乡村屋顶光伏上限 | C55: =C52*0.6 -> 58030.271 | D55: =D52*0.6 -> 57876.899 | E55: =E52*0.6 -> 57579.041 | F55: =F52*0.6 -> 57222.527 | G55: =G52*0.6 -> 56808.129 | H55: =H52*0.6 -> 56336.842 | I55: =I52*0.6 -> 55809.864 | J55: =J52*0.6 -> 55228.585 | ... AQ55: =AQ52*0.6 -> 36703.213
B56: 城镇住宅光伏上限 | C56: =C53*0.6 -> 8142.3261 | D56: =D53*0.6 -> 8358.2094 | E56: =E53*0.6 -> 8522.7211 | F56: =F53*0.6 -> 8682.9643 | G56: =G53*0.6 -> 8838.9082 | H56: =H53*0.6 -> 8990.5271 | I56: =I53*0.6 -> 9137.8011 | J56: =J53*0.6 -> 9280.7163 | ... AQ56: =AQ53*0.6 -> 10704.877

Sheet Population
A1: 地区 | B1: 2000 | C1: 2001 | D1: 2002 | E1: 2003 | F1: 2004 | G1: 2005 | H1: 2006 | I1: 2007 | J1: 2008 | K1: 2009 | L1: 2010 | M1: 2011 | N1: 2012 | O1: 2013 | P1: 2014 | Q1: 2015 | R1: 2016 | S1: 2017 | T1: 2018 | U1: 2019 | V1: 2020 | W1: 2021 | X1: 2022 | Y1: 2023 | Z1: 2024 | AA1: 2025 | AB1: 2026 | AC1: 2027 | AD1: 2028 | AE1: 2029 | AF1: 2030 | AG1: 2031 | AH1: 2032 | AI1: 2033 | AJ1: 2034 | AK1: 2035 | AL1: 2036 | AM1: 2037 | AN1: 2038 | AO1: 2039 | AP1: 2040 | AQ1: 2041 | AR1: 2042 | AS1: 2043 | AT1: 2044 | AU1: 2045 | AV1: 2046 | AW1: 2047 | AX1: 2048 | AY1: 2049 | AZ1: 2050 | BA1: 2051 | BB1: 2052 | BC1: 2053 | BD1: 2054 | BE1: 2055 | BF1: 2056 | BG1: 2057 | BH1: 2058 | BI1: 2059 | BJ1: 2060
A2: 北京市 | B2: 1364 | C2: 1385 | D2: 1423 | E2: 1456 | F2: 1493 | G2: 1538 | H2: 1601 | I2: 1676 | J2: 1771 | K2: 1860 | L2: 1962 | M2: 2024 | N2: 2078 | O2: 2125 | P2: 2171 | Q2: 2188 | R2: 2195 | S2: 2194 | T2: 2192 | U2: 2190 | V2: 2189 | W2: 2209.2349 | X2: 2224.9167 | Y2: 2236.5919 | Z2: 2244.6671 | AA2: 2249.5287 | AB2: 2251.5425 | AC2: 2251.0539 | AD2: 2248.3879 | AE2: 2243.849 | AF2: 2237.7211 | AG2: 2230.2681 | AH2: 2221.7329 | AI2: 2212.3385 | AJ2: 2202.287 | AK2: 2191.7603 | AL2: 2180.9199 | AM2: 2169.9066 | AN2: 2158.841 | AO2: 2147.8232 | AP2: 2136.9328 | AQ2: 2126.229 | AR2: 2115.7505 | AS2: 2105.5156 | AT2: 2095.5222 | AU2: 2085.7477 | AV2: 2076.149 | AW2: 2066.6628 | AX2: 2057.2049 | AY2: 2047.6712 | AZ2: 2037.9368 | BA2: 2027.8564 | BB2: 2017.2643 | BC2: 2005.9744 | BD2: 1993.7802 | BE2: 1980.4545 | BF2: 1965.75 | BG2: 1949.3987 | BH2: 1931.1122 | BI2: 1910.5817 | BJ2: 1887.4781 | BO2: #REF!
A3: 天津市 | B3: 1001 | C3: 1004 | D3: 1007 | E3: 1011 | F3: 1024 | G3: 1043 | H3: 1075 | I3: 1115 | J3: 1176 | K3: 1228 | L3: 1299 | M3: 1341 | N3: 1378 | O3: 1410 | P3: 1429 | Q3: 1439 | R3: 1443 | S3: 1410 | T3: 1383 | U3: 1385 | V3: 1387 | W3: 1396.5579 | X3: 1404.3199 | Y3: 1409.977 | Z3: 1413.7179 | AA3: 1415.7227 | AB3: 1416.1631 | AC3: 1415.2018 | AD3: 1412.9932 | AE3: 1409.6828 | AF3: 1405.4075 | AG3: 1400.2956 | AH3: 1394.4668 | AI3: 1388.0322 | AJ3: 1381.0939 | AK3: 1373.7458 | AL3: 1366.0729 | AM3: 1358.1517 | AN3: 1350.0498 | AO3: 1341.8265 | AP3: 1333.5323 | AQ3: 1325.2088 | AR3: 1316.8894 | AS3: 1308.5986 | AT3: 1300.3523 | AU3: 1292.1577 | AV3: 1284.0135 | AW3: 1275.9095 | AX3: 1267.8272 | AY3: 1259.7391 | AZ3: 1251.6094 | BA3: 1243.3933 | BB3: 1235.0377 | BC3: 1226.4805 | BD3: 1217.6513 | BE3: 1208.4708 | BF3: 1198.8512 | BG3: 1188.696 | BH3: 1177.9 | BI3: 1166.3494 | BJ3: 1153.9219
A4: 河北省 | B4: 6674 | C4: 6699 | D4: 6735 | E4: 6769 | F4: 6809 | G4: 6851 | H4: 6898 | I4: 6943 | J4: 6989 | K4: 7034 | L4: 7194 | M4: 7232 | N4: 7262 | O4: 7288 | P4: 7323 | Q4: 7345 | R4: 7375 | S4: 7409 | T4: 7426 | U4: 7447 | V4: 7464 | W4: 7502.1028 | X4: 7540.4429 | Y4: 7575.3542 | Z4: 7606.8135 | AA4: 7634.8075 | AB4: 7659.3317 | AC4: 7680.392 | AD4: 7698.0035 | AE4: 7712.1908 | AF4: 7722.9877 | AG4: 7730.439 | AH4: 7734.5975 | AI4: 7735.5261 | AJ4: 7733.2974 | AK4: 7727.9937 | AL4: 7719.7068 | AM4: 7708.5376 | AN4: 7694.5972 | AO4: 7678.0057 | AP4: 7658.8935 | AQ4: 7637.3997 | AR4: 7613.6739 | AS4: 7587.8745 | AT4: 7560.1697 | AU4: 7530.7377 | AV4: 7499.7653 | AW4: 7467.4501 | AX4: 7433.9986 | AY4: 7399.6267 | AZ4: 7364.56 | BA4: 7329.034 | BB4: 7293.2936 | BC4: 7257.5929 | BD4: 7222.1964 | BE4: 7187.3772 | BF4: 7153.4185 | BG4: 7120.6132 | BH4: 7089.2633 | BI4: 7059.6813 | BJ4: 7032.1877
A5: 山西省 | B5: 3247 | C5: 3272 | D5: 3294 | E5: 3314 | F5: 3335 | G5: 3355 | H5: 3375 | I5: 3393 | J5: 3411 | K5: 3427 | L5: 3574 | M5: 3562 | N5: 3548 | O5: 3535 | P5: 3528 | Q5: 3519 | R5: 3514 | S5: 3510 | T5: 3502 | U5: 3497 | V5: 3490 | W5: 3522.7821 | X5: 3551.6126 | Y5: 3577.8317 | Z5: 3601.4691 | AA5: 3622.561 | AB5: 3641.1467 | AC5: 3657.2717 | AD5: 3670.985 | AE5: 3682.3409 | AF5: 3691.3984 | AG5: 3698.2208 | AH5: 3702.8764 | AI5: 3705.4382 | AJ5: 3705.9837 | AK5: 3704.5953 | AL5: 3701.3604 | AM5: 3696.37 | AN5: 3689.7211 | AO5: 3681.5147 | AP5: 3671.856 | AQ5: 3660.8563 | AR5: 3648.6303 | AS5: 3635.2981 | AT5: 3620.9843 | AU5: 3605.8181 | AV5: 3589.9334 | AW5: 3573.4689 | AX5: 3556.5681 | AY5: 3539.3788 | AZ5: 3522.0539 | BA5: 3504.7509 | BB5: 3487.6317 | BC5: 3470.8635 | BD5: 3454.6175 | BE5: 3439.0699 | BF5: 3424.4018 | BG5: 3410.7989 | BH5: 3398.4511 | BI5: 3387.554 | BJ5: 3378.3067
A6: 内蒙古自治区 | B6: 2372 | C6: 2381 | D6: 2384 | E6: 2386 | F6: 2393 | G6: 2403 | H6: 2415 | I6: 2429 | J6: 2444 | K6: 2458 | L6: 2472 | M6: 2470 | N6: 2464 | O6: 2455 | P6: 2449 | Q6: 2440 | R6: 2436 | S6: 2433 | T6: 2422 | U6: 2415 | V6: 2403 | W6: 2420.861 | X6: 2434.6588 | Y6: 2446.2962 | Z6: 2455.8714 | AA6: 2463.4818 | AB6: 2469.2215 | AC6: 2473.1836 | AD6: 2475.4584 | AE6: 2476.1343 | AF6: 2475.2978 | AG6: 2473.0339 | AH6: 2469.4246 | AI6: 2464.5498 | AJ6: 2458.4889 | AK6: 2451.317 | AL6: 2443.1089 | AM6: 2433.9367 | AN6: 2423.8704 | AO6: 2412.9784 | AP6: 2401.326 | AQ6: 2388.9779 | AR6: 2375.9956 | AS6: 2362.4393 | AT6: 2348.3667 | AU6: 2333.8332 | AV6: 2318.8931 | AW6: 2303.5978 | AX6: 2287.9972 | AY6: 2272.1384 | AZ6: 2256.0674 | BA6: 2239.8276 | BB6: 2223.4601 | BC6: 2207.0048 | BD6: 2190.499 | BE6: 2173.9777 | BF6: 2157.4746 | BG6: 2141.02 | BH6: 2124.6444 | BI6: 2108.3744 | BJ6: 2092.2347
A7: 辽宁省 | B7: 4184 | C7: 4194 | D7: 4203 | E7: 4210 | F7: 4217 | G7: 4221 | H7: 4271 | I7: 4298 | J7: 4315 | K7: 4341 | L7: 4375 | M7: 4379 | N7: 4375 | O7: 4365 | P7: 4358 | Q7: 4338 | R7: 4327 | S7: 4312 | T7: 4291 | U7: 4277 | V7: 4255 | W7: 4259.764 | X7: 4272.8546 | Y7: 4281.1622 | Z7: 4285.0087 | AA7: 4284.7045 | AB7: 4280.5505 | AC7: 4272.8369 | AD7: 4261.8441 | AE7: 4247.8422 | AF7: 4231.0902 | AG7: 4211.8376 | AH7: 4190.324 | AI7: 4166.7775 | AJ7: 4141.4172 | AK7: 4114.451 | AL7: 4086.0775 | AM7: 4056.4839 | AN7: 4025.8481 | AO7: 3994.3371 | AP7: 3962.1079 | AQ7: 3929.3074 | AR7: 3896.0722 | AS7: 3862.528 | AT7: 3828.7911 | AU7: 3794.9672 | AV7: 3761.1513 | AW7: 3727.4292 | AX7: 3693.8752 | AY7: 3660.554 | AZ7: 3627.5207 | BA7: 3594.8184 | BB7: 3562.4814 | BC7: 3530.5334 | BD7: 3498.9873 | BE7: 3467.8468 | BF7: 3437.1042 | BG7: 3406.7424 | BH7: 3376.7325 | BI7: 3347.038 | BJ7: 3317.6102
A8: 吉林省 | B8: 2682 | C8: 2691 | D8: 2699 | E8: 2704 | F8: 2709 | G8: 2716 | H8: 2723 | I8: 2730 | J8: 2734 | K8: 2740 | L8: 2747 | M8: 2725 | N8: 2698 | O8: 2668 | P8: 2642 | Q8: 2613 | R8: 2567 | S8: 2526 | T8: 2484 | U8: 2448 | V8: 2399 | W8: 2415.1769 | X8: 2426.4198 | Y8: 2434.9952 | Z8: 2441.0712 | AA8: 2444.8121 | AB8: 2446.3756 | AC8: 2445.9142 | AD8: 2443.5754 | AE8: 2439.5008 | AF8: 2433.8268 | AG8: 2426.6834 | AH8: 2418.1968 | AI8: 2408.4863 | AJ8: 2397.6664 | AK8: 2385.846 | AL8: 2373.1285 | AM8: 2359.6119 | AN8: 2345.3886 | AO8: 2330.5456 | AP8: 2315.1645 | AQ8: 2299.3214 | AR8: 2283.0872 | AS8: 2266.5265 | AT8: 2249.6992 | AU8: 2232.6599 | AV8: 2215.4568 | AW8: 2198.1334 | AX8: 2180.7279 | AY8: 2163.2721 | AZ8: 2145.793 | BA8: 2128.3125 | BB8: 2110.8459 | BC8: 2093.404 | BD8: 2075.9919 | BE8: 2058.6092 | BF8: 2041.2498 | BG8: 2023.9022 | BH8: 2006.55 | BI8: 1989.1705 | BJ8: 1971.7361
A9: 黑龙江省 | B9: 3807 | C9: 3811 | D9: 3813 | E9: 3815 | F9: 3817 | G9: 3820 | H9: 3823 | I9: 3824 | J9: 3825 | K9: 3826 | L9: 3833 | M9: 3782 | N9: 3724 | O9: 3666 | P9: 3608 | Q9: 3529 | R9: 3463 | S9: 3399 | T9: 3327 | U9: 3255 | V9: 3171 | W9: 3204.1673 | X9: 3219.5413 | Y9: 3231.2063 | Z9: 3239.4057 | AA9: 3244.3747 | AB9: 3246.3407 | AC9: 3245.522 | AD9: 3242.1294 | AE9: 3236.3646 | AF9: 3228.4216 | AG9: 3218.4856 | AH9: 3206.7338 | AI9: 3193.335 | AJ9: 3178.4493 | AK9: 3162.2289 | AL9: 3144.8177 | AM9: 3126.3509 | AN9: 3106.9559 | AO9: 3086.7512 | AP9: 3065.8473 | AQ9: 3044.3464 | AR9: 3022.3423 | AS9: 2999.9201 | AT9: 2977.1572 | AU9: 2954.1227 | AV9: 2930.8765 | AW9: 2907.4711 | AX9: 2883.9503 | AY9: 2860.3491 | AZ9: 2836.6953 | BA9: 2813.0073 | BB9: 2789.2962 | BC9: 2765.5632 | BD9: 2741.8031 | BE9: 2718.001 | BF9: 2694.1338 | BG9: 2670.1708 | BH9: 2646.0721 | BI9: 2621.7902 | BJ9: 2597.2691
A10: 上海市 | B10: 1609 | C10: 1668 | D10: 1713 | E10: 1766 | F10: 1835 | G10: 1890 | H10: 1964 | I10: 2064 | J10: 2141 | K10: 2210 | L10: 2303 | M10: 2356 | N10: 2399 | O10: 2448 | P10: 2467 | Q10: 2458 | R10: 2467 | S10: 2466 | T10: 2475 | U10: 2481 | V10: 2488 | W10: 2502.0844 | X10: 2513.1396 | Y10: 2520.2668 | Z10: 2523.8549 | AA10: 2524.274 | AB10: 2521.8753 | AC10: 2516.9909 | AD10: 2509.9342 | AE10: 2500.9995 | AF10: 2490.4622 | AG10: 2478.5789 | AH10: 2465.5873 | AI10: 2451.7059 | AJ10: 2437.1345 | AK10: 2422.054 | AL10: 2406.6263 | AM10: 2390.9945 | AN10: 2375.2824 | AO10: 2359.5954 | AP10: 2344.0196 | AQ10: 2328.6223 | AR10: 2313.452 | AS10: 2298.5381 | AT10: 2283.891 | AU10: 2269.5025 | AV10: 2255.3453 | AW10: 2241.3731 | AX10: 2227.5207 | AY10: 2213.7041 | AZ10: 2199.8203 | BA10: 2185.7473 | BB10: 2171.3444 | BC10: 2156.4518 | BD10: 2140.8908 | BE10: 2124.4638 | BF10: 2106.9542 | BG10: 2088.1266 | BH10: 2067.7267 | BI10: 2045.4811 | BJ10: 2021.0977
A11: 江苏省 | B11: 7327 | C11: 7359 | D11: 7406 | E11: 7458 | F11: 7523 | G11: 7588 | H11: 7656 | I11: 7723 | J11: 7762 | K11: 7810 | L11: 7869 | M11: 8023 | N11: 8120 | O11: 8192 | P11: 8281 | Q11: 8315 | R11: 8381 | S11: 8423 | T11: 8446 | U11: 8469 | V11: 8477 | W11: 8521.1325 | X11: 8559.9624 | Y11: 8590.6422 | Z11: 8613.6598 | AA11: 8629.4899 | AB11: 8638.5921 | AC11: 8641.4123 | AD11: 8638.3824 | AE11: 8629.9195 | AF11: 8616.4274 | AG11: 8598.2949 | AH11: 8575.898 | AI11: 8549.5961 | AJ11: 8519.737 | AK11: 8486.6532 | AL11: 8450.6631 | AM11: 8412.0709 | AN11: 8371.1665 | AO11: 8328.226 | AP11: 8283.5114 | AQ11: 8237.2704 | AR11: 8189.7362 | AS11: 8141.1285 | AT11: 8091.652 | AU11: 8041.4986 | AV11: 7990.8443 | AW11: 7939.8522 | AX11: 7888.671 | AY11: 7837.4346 | AZ11: 7786.2639 | BA11: 7735.2646 | BB11: 7684.5288 | BC11: 7634.1344 | BD11: 7584.145 | BE11: 7534.6097 | BF11: 7485.5642 | BG11: 7437.0297 | BH11: 7389.0133 | BI11: 7341.5075 | BJ11: 7294.4913
A12: 浙江省 | B12: 4680 | C12: 4729 | D12: 4776 | E12: 4857 | F12: 4925 | G12: 4991 | H12: 5072 | I12: 5155 | J12: 5212 | K12: 5276 | L12: 5447 | M12: 5570 | N12: 5685 | O12: 5784 | P12: 5890 | Q12: 5985 | R12: 6072 | S12: 6170 | T12: 6273 | U12: 6375 | V12: 6468 | W12: 6493.3164 | X12: 6524.4278 | Y12: 6549.684 | Z12: 6569.418 | AA12: 6583.953 | AB12: 6593.6011 | AC12: 6598.6649 | AD12: 6599.4362 | AE12: 6596.1967 | AF12: 6589.2173 | AG12: 6578.7591 | AH12: 6565.0725 | AI12: 6548.3974 | AJ12: 6528.9637 | AK12: 6506.991 | AL12: 6482.6881 | AM12: 6456.2538 | AN12: 6427.8765 | AO12: 6397.7341 | AP12: 6365.9942 | AQ12: 6332.8143 | AR12: 6298.3415 | AS12: 6262.7117 | AT12: 6226.0518 | AU12: 6188.4772 | AV12: 6150.0938 | AW12: 6110.9968 | AX12: 6071.2707 | AY12: 6030.9901 | AZ12: 5990.2192 | BA12: 5949.0118 | BB12: 5907.411 | BC12: 5865.4502 | BD12: 5823.1518 | BE12: 5780.5287 | BF12: 5737.5821 | BG12: 5694.3042 | BH12: 5650.6762 | BI12: 5606.669 | BJ12: 5562.2429
A13: 安徽省 | B13: 6093 | C13: 6128 | D13: 6144 | E13: 6163 | F13: 6228 | G13: 6120 | H13: 6110 | I13: 6118 | J13: 6135 | K13: 6131 | L13: 5957 | M13: 5972 | N13: 5978 | O13: 5988 | P13: 5997 | Q13: 6011 | R13: 6033 | S13: 6057 | T13: 6076 | U13: 6092 | V13: 6105 | W13: 6135.401 | X13: 6167.1438 | Y13: 6196.9675 | Z13: 6224.6592 | AA13: 6250.027 | AB13: 6272.8991 | AC13: 6293.1244 | AD13: 6310.573 | AE13: 6325.1349 | AF13: 6336.7213 | AG13: 6345.2638 | AH13: 6350.7146 | AI13: 6353.0472 | AJ13: 6352.2551 | AK13: 6348.3523 | AL13: 6341.3741 | AM13: 6331.3763 | AN13: 6318.4354 | AO13: 6302.6477 | AP13: 6284.1313 | AQ13: 6263.025 | AR13: 6239.4871 | AS13: 6213.6975 | AT13: 6185.8565 | AU13: 6156.185 | AV13: 6124.925 | AW13: 6092.3386 | AX13: 6058.7089 | AY13: 6024.3395 | AZ13: 5989.5542 | BA13: 5954.6992 | BB13: 5920.1392 | BC13: 5886.2603 | BD13: 5853.47 | BE13: 5822.1959 | BF13: 5792.8865 | BG13: 5766.0101 | BH13: 5742.0569 | BI13: 5721.5369 | BJ13: 5704.9811
A14: 福建省 | B14: 3410 | C14: 3445 | D14: 3476 | E14: 3502 | F14: 3529 | G14: 3557 | H14: 3585 | I14: 3612 | J14: 3639 | K14: 3666 | L14: 3693 | M14: 3784 | N14: 3841 | O14: 3885 | P14: 3945 | Q14: 3984 | R14: 4016 | S14: 4065 | T14: 4104 | U14: 4137 | V14: 4161 | W14: 4186.8981 | X14: 4216.8714 | Y14: 4243.6412 | Z14: 4267.3379 | AA14: 4288.0883 | AB14: 4306.0175 | AC14: 4321.2469 | AD14: 4333.896 | AE14: 4344.0813 | AF14: 4351.9166 | AG14: 4357.513 | AH14: 4360.9788 | AI14: 4362.4201 | AJ14: 4361.9396 | AK14: 4359.6379 | AL14: 4355.6123 | AM14: 4349.958 | AN14: 4342.7672 | AO14: 4334.1297 | AP14: 4324.1319 | AQ14: 4312.8585 | AR14: 4300.3905 | AS14: 4286.8069 | AT14: 4272.1839 | AU14: 4256.5949 | AV14: 4240.1107 | AW14: 4222.7988 | AX14: 4204.725 | AY14: 4185.9515 | AZ14: 4166.5388 | BA14: 4146.5438 | BB14: 4126.0209 | BC14: 4105.0223 | BD14: 4083.5966 | BE14: 4061.7911 | BF14: 4039.6489 | BG14: 4017.2111 | BH14: 3994.5164 | BI14: 3971.6001 | BJ14: 3948.4955
... A32: 新疆维吾尔自治区 | B32: 1849 | C32: 1876 | D32: 1905 | E32: 1934 | F32: 1963 | G32: 2010 | H32: 2050 | I32: 2095 | J32: 2131 | K32: 2159 | L32: 2185 | M32: 2225 | N32: 2253 | O32: 2285 | P32: 2325 | Q32: 2385 | R32: 2428 | S32: 2480 | T32: 2520 | U32: 2559 | V32: 2590 | W32: 2762.6777 | X32: 2783.2949 | Y32: 2803.2614 | Z32: 2822.4702 | AA32: 2840.822 | AB32: 2858.2259 | AC32: 2874.5988 | AD32: 2889.8664 | AE32: 2903.962 | AF32: 2916.8277 | AG32: 2928.4132 | AH32: 2938.6764 | AI32: 2947.584 | AJ32: 2955.1107 | AK32: 2961.2391 | AL32: 2965.9597 | AM32: 2969.2727 | AN32: 2971.1845 | AO32: 2971.7109 | AP32: 2970.876 | AQ32: 2968.7115 | AR32: 2965.2573 | AS32: 2960.5621 | AT32: 2954.6827 | AU32: 2947.6834 | AV32: 2939.6372 | AW32: 2930.6254 | AX32: 2920.7372 | AY32: 2910.0706 | AZ32: 2898.7309 | BA32: 2886.8322 | BB32: 2874.4969 | BC32: 2861.8548 | BD32: 2849.0446 | BE32: 2836.2136 | BF32: 2823.5161 | BG32: 2811.1156 | BH32: 2799.1834 | BI32: 2787.8992 | BJ32: 2777.4503
A34: 北京市 | G34: 1286 | H34: 1350 | I34: 1416 | J34: 1504 | K34: 1581 | L34: 1686 | M34: 1745 | N34: 1793 | O34: 1836 | P34: 1878 | Q34: 1897 | R34: 1904 | S34: 1907 | T34: 1909 | U34: 1913 | V34: 1916 | W34: 1932.7021 | X34: 1960.2734 | Y34: 1984.5841 | Z34: 2005.9245 | AA34: 2024.5758 | AB34: 2028.6286 | AC34: 2030.4307 | AD34: 2030.2682 | AE34: 2028.4098 | AF34: 2025.1067 | AG34: 2020.5933 | AH34: 2015.0859 | AI34: 2008.7838 | AJ34: 2001.8679 | AK34: 1994.5019 | AL34: 1994.5603 | AM34: 1994.4105 | AN34: 1994.1611 | AO34: 1993.9037 | AP34: 1993.7127 | AQ34: 1991.2119 | AR34: 1988.8756 | AS34: 1986.7233 | AT34: 1984.7551 | AU34: 1982.9518 | AV34: 1981.2745 | AW34: 1979.664 | AX34: 1978.0404 | AY34: 1976.3032 | AZ34: 1974.3302 | BA34: 1967.0207 | BB34: 1956.7464 | BC34: 1945.7952 | BD34: 1933.9668 | BE34: 1921.0409 | BF34: 1906.7775 | BG34: 1890.9167 | BH34: 1873.1788 | BI34: 1853.2642 | BJ34: 1830.8538
A35: 天津市 | G35: 783 | H35: 814 | I35: 851 | J35: 908 | K35: 958 | L35: 1034 | M35: 1079 | N35: 1124 | O35: 1160 | P35: 1180 | Q35: 1193 | R35: 1202 | S35: 1178 | T35: 1161 | U35: 1168 | V35: 1175 | W35: 1184.989 | X35: 1195.5898 | Y35: 1204.4505 | Z35: 1211.7149 | AA35: 1217.5215 | AB35: 1222.0835 | AC35: 1225.4487 | AD35: 1227.7388 | AE35: 1229.0696 | AF35: 1229.5509 | AG35: 1229.2865 | AH35: 1228.3743 | AI35: 1226.9058 | AJ35: 1224.9661 | AK35: 1222.6338 | AL35: 1221.8839 | AM35: 1220.8728 | AN35: 1219.6578 | AO35: 1218.2898 | AP35: 1216.813 | AQ35: 1213.7811 | AR35: 1210.7127 | AS35: 1207.6302 | AT35: 1204.5485 | AU35: 1201.4744 | AV35: 1198.407 | AW35: 1195.337 | AX35: 1192.2471 | AY35: 1189.1115 | AZ35: 1185.8958 | BA35: 1182.5567 | BB35: 1179.0423 | BC35: 1175.2914 | BD35: 1171.2338 | BE35: 1166.7896 | BF35: 1161.8697 | BG35: 1153.0351 | BH35: 1142.563 | BI35: 1131.3589 | BJ35: 1119.3042
A36: 河北省 | G36: 2582 | H36: 2674 | I36: 2795 | J36: 2928 | K36: 3077 | L36: 3201 | M36: 3297 | N36: 3384 | O36: 3500 | P36: 3615 | Q36: 3795 | R36: 3973 | S36: 4130 | T36: 4257 | U36: 4377 | V36: 4484 | W36: 4587.0806 | X36: 4681.5559 | Y36: 4775.6919 | Z36: 4869.4076 | AA36: 4962.6249 | AB36: 5015.5978 | AC36: 5066.799 | AD36: 5116.1924 | AE36: 5163.7475 | AF36: 5209.44 | AG36: 5253.2531 | AH36: 5295.1754 | AI36: 5335.2031 | AJ36: 5373.3395 | AK36: 5409.5956 | AL36: 5430.8137 | AM36: 5450.071 | AN36: 5467.416 | AO36: 5482.905 | AP36: 5496.6031 | AQ36: 5501.8609 | AR36: 5505.4662 | AS36: 5507.5152 | AT36: 5508.1131 | AU36: 5507.3739 | AV36: 5505.42 | AW36: 5502.3834 | AX36: 5498.4051 | AY36: 5493.6351 | AZ36: 5488.233 | BA36: 5482.3683 | BB36: 5476.2203 | BC36: 5469.9777 | BD36: 5463.8401 | BE36: 5458.0168 | BF36: 5452.7276 | BG36: 5448.2033 | BH36: 5444.6849 | BI36: 5442.4253 | BJ36: 5441.6872
A37: 山西省 | G37: 1413 | H37: 1451 | I37: 1494 | J37: 1539 | K37: 1576 | L37: 1717 | M37: 1774 | N37: 1821 | O37: 1869 | P37: 1916 | Q37: 1966 | R37: 2012 | S37: 2057 | T37: 2096 | U37: 2143 | V37: 2182 | W37: 2234.1322 | X37: 2292.0291 | Y37: 2349.5566 | Z37: 2406.6734 | AA37: 2463.3415 | AB37: 2493.6097 | AC37: 2522.4869 | AD37: 2549.9737 | AE37: 2576.0749 | AF37: 2600.7991 | AG37: 2624.1588 | AH37: 2646.1709 | AI37: 2666.8565 | AJ37: 2686.241 | AK37: 2704.3546 | AL37: 2715.5031 | AM37: 2725.4011 | AN37: 2734.1012 | AO37: 2741.6603 | AP37: 2748.1397 | AQ37: 2750.2463 | AR37: 2751.4049 | AS37: 2751.6958 | AT37: 2751.2038 | AU37: 2750.0189 | AV37: 2748.2358 | AW37: 2745.9546 | AX37: 2743.2804 | AY37: 2740.3237 | AZ37: 2737.2001 | BA37: 2734.0311 | BB37: 2730.9431 | BC37: 2728.0687 | BD37: 2725.5458 | BE37: 2723.518 | BF37: 2722.1353 | BG37: 2721.5533 | BH37: 2721.9334 | BI37: 2723.4439 | BJ37: 2726.2584
A38: 内蒙古自治区 | G38: 1134 | H38: 1175 | I38: 1218 | J38: 1264 | K38: 1313 | L38: 1372 | M38: 1409 | N38: 1439 | O38: 1469 | P38: 1493 | Q38: 1515 | R38: 1544 | S38: 1572 | T38: 1587 | U38: 1605 | V38: 1622 | W38: 1651.2289 | X38: 1665.438 | Y38: 1678.2332 | Z38: 1689.6696 | AA38: 1699.8024 | AB38: 1711.0294 | AC38: 1721.0842 | AD38: 1730.0145 | AE38: 1737.8675 | AF38: 1744.6899 | AG38: 1750.5286 | AH38: 1755.4289 | AI38: 1759.4358 | AJ38: 1762.5945 | AK38: 1764.9482 | AL38: 1767.8336 | AM38: 1770.0026 | AN38: 1771.4956 | AO38: 1772.3528 | AP38: 1772.613 | AQ38: 1770.1525 | AR38: 1767.1764 | AS38: 1763.7242 | AT38: 1759.8339 | AU38: 1755.5424 | AV38: 1750.8864 | AW38: 1745.9011 | AX38: 1740.6209 | AY38: 1735.0789 | AZ38: 1729.3076 | BA38: 1723.3382 | BB38: 1717.2005 | BC38: 1710.9239 | BD38: 1704.5361 | BE38: 1698.0637 | BF38: 1691.5324 | BG38: 1684.9658 | BH38: 1678.388 | BI38: 1671.8202 | BJ38: 1665.2827
A39: 辽宁省 | G39: 2478 | H39: 2519 | I39: 2544 | J39: 2591 | K39: 2620 | L39: 2717 | M39: 2805 | N39: 2872 | O39: 2901 | P39: 2922 | Q39: 2952 | R39: 2980 | S39: 2996 | T39: 3015 | U39: 3046 | V39: 3070 | W39: 3101.3983 | X39: 3069.4417 | Y39: 3034.3958 | Z39: 2996.619 | AA39: 2956.4461 | AB39: 2966.177 | AC39: 2973.4599 | AD39: 2978.4593 | AE39: 2981.3353 | AF39: 2982.2433 | AG39: 2981.3348 | AH39: 2978.757 | AI39: 2974.6517 | AJ39: 2969.1568 | AK39: 2962.4047 | AL39: 2956.6857 | AM39: 2949.9481 | AN39: 2942.3075 | AO39: 2933.874 | AP39: 2924.7524 | AQ39: 2911.485 | AR39: 2897.7524 | AS39: 2883.6441 | AT39: 2869.2437 | AU39: 2854.628 | AV39: 2839.8673 | AW39: 2825.0255 | AX39: 2810.1593 | AY39: 2795.3183 | AZ39: 2780.546 | BA39: 2765.8772 | BB39: 2751.3401 | BC39: 2736.9555 | BD39: 2722.7359 | BE39: 2708.6868 | BF39: 2694.8049 | BG39: 2681.0793 | BH39: 2667.4897 | BI39: 2654.0096 | BJ39: 2640.6019
A40: 吉林省 | G40: 1426 | H40: 1442 | I40: 1451 | J40: 1455 | K40: 1461 | L40: 1465 | M40: 1455 | N40: 1471 | O40: 1487 | P40: 1501 | Q40: 1506 | R40: 1508 | S40: 1508 | T40: 1512 | U40: 1509 | V40: 1503 | W40: 1530.4595 | X40: 1547.387 | Y40: 1562.7562 | Z40: 1576.6442 | AA40: 1589.1279 | AB40: 1601.9721 | AC40: 1613.5838 | AD40: 1624.0317 | AE40: 1633.3836 | AF40: 1641.7059 | AG40: 1649.0631 | AH40: 1655.5194 | AI40: 1661.1364 | AJ40: 1665.9744 | AK40: 1670.0922 | AL40: 1669.4959 | AM40: 1668.2869 | AN40: 1666.5219 | AO40: 1664.2551 | AP40: 1661.5377 | AQ40: 1656.3945 | AR40: 1650.9059 | AS40: 1645.1154 | AT40: 1639.0634 | AU40: 1632.7873 | AV40: 1626.3202 | AW40: 1619.6925 | AX40: 1612.9308 | AY40: 1606.0577 | AZ40: 1599.0924 | BA40: 1592.0506 | BB40: 1584.9433 | BC40: 1577.7784 | BD40: 1570.5593 | BE40: 1563.2856 | BF40: 1555.9525 | BG40: 1548.5507 | BH40: 1541.0674 | BI40: 1533.4845 | BJ40: 1525.78
A41: 黑龙江省 | G41: 2028 | H41: 2045 | I41: 2061 | J41: 2119 | K41: 2123 | L41: 2134 | M41: 2136 | N41: 2118 | O41: 2128 | P41: 2137 | Q41: 2134 | R41: 2116 | S41: 2104 | T41: 2111 | U41: 2103 | V41: 2080 | W41: 2105.0097 | X41: 2109.4855 | Y41: 2111.4988 | Z41: 2111.2278 | AA41: 2108.8436 | AB41: 2125.8172 | AC41: 2141.0896 | AD41: 2154.761 | AE41: 2166.929 | AF41: 2177.6894 | AG41: 2187.1357 | AH41: 2195.359 | AI41: 2202.4476 | AJ41: 2208.4871 | AK41: 2213.5602 | AL41: 2212.3793 | AM41: 2210.3848 | AN41: 2207.6556 | AO41: 2204.2655 | AP41: 2200.2847 | AQ41: 2193.0986 | AR41: 2185.4631 | AS41: 2177.4353 | AT41: 2169.0675 | AU41: 2160.407 | AV41: 2151.4948 | AW41: 2142.3673 | AX41: 2133.0549 | AY41: 2123.582 | AZ41: 2113.9681 | BA41: 2104.2258 | BB41: 2094.3625 | BC41: 2084.3783 | BD41: 2074.2684 | BE41: 2064.0207 | BF41: 2053.6164 | BG41: 2043.031 | BH41: 2032.2322 | BI41: 2021.1815 | BJ41: 2009.8335
A42: 上海市 | G42: 1684 | H42: 1742 | I42: 1830 | J42: 1897 | K42: 1958 | L42: 2056 | M42: 2104 | N42: 2142 | O42: 2193 | P42: 2203 | Q42: 2176 | R42: 2196 | S42: 2197 | T42: 2206 | U42: 2214 | V42: 2222 | W42: 2234.6861 | X42: 2248.8639 | Y42: 2259.5661 | Z42: 2267.1221 | AA42: 2271.8466 | AB42: 2274.6818 | AC42: 2275.2715 | AD42: 2273.8847 | AE42: 2270.7757 | AF42: 2266.1838 | AG42: 2260.3331 | AH42: 2253.4328 | AI42: 2245.6762 | AJ42: 2237.2411 | AK42: 2228.2897 | AL42: 2225.1667 | AM42: 2221.7671 | AN42: 2218.2029 | AO42: 2214.571 | AP42: 2210.9523 | AQ42: 2204.7174 | AR42: 2198.6197 | AS42: 2192.6891 | AT42: 2186.938 | AU42: 2181.3608 | AV42: 2175.9335 | AW42: 2170.6133 | AX42: 2160.6951 | AY42: 2147.293 | AZ42: 2133.8257 | BA42: 2120.1749 | BB42: 2106.2041 | BC42: 2091.7582 | BD42: 2076.6641 | BE42: 2060.7299 | BF42: 2043.7456 | BG42: 2025.4828 | BH42: 2005.6949 | BI42: 1984.1167 | BJ42: 1960.4648
A43: 江苏省 | G43: 3832 | H43: 3973 | I43: 4109 | J43: 4215 | K43: 4343 | L43: 4767 | M43: 4975 | N43: 5116 | O43: 5275 | P43: 5441 | Q43: 5612 | R43: 5777 | S43: 5911 | T43: 6013 | U43: 6137 | V43: 6226 | W43: 6300.9291 | X43: 6352.1044 | Y43: 6397.4942 | Z43: 6437.3998 | AA43: 6472.1174 | AB43: 6520.8934 | AC43: 6565.2571 | AD43: 6605.4484 | AE43: 6641.7037 | AF43: 6674.256 | AG43: 6703.3336 | AH43: 6729.1619 | AI43: 6751.9597 | AJ43: 6771.9431 | AK43: 6789.3226 | AL43: 6794.3331 | AM43: 6797.1215 | AN43: 6797.8903 | AO43: 6796.8351 | AP43: 6794.1444 | AQ43: 6781.7122 | AR43: 6768.0208 | AS43: 6753.239 | AT43: 6737.5259 | AU43: 6721.0323 | AV43: 6703.898 | AW43: 6686.2542 | AX43: 6668.222 | AY43: 6649.9116 | AZ43: 6631.4241 | BA43: 6612.8488 | BB43: 6594.2651 | BC43: 6575.741 | BD43: 6557.3334 | BE43: 6539.0873 | BF43: 6521.0368 | BG43: 6503.2039 | BH43: 6485.5982 | BI43: 6468.2169 | BJ43: 6451.0451
A44: 浙江省 | G44: 2796 | H44: 2866 | I44: 2949 | J44: 3002 | K44: 3055 | L44: 3356 | M44: 3470 | N44: 3576 | O44: 3698 | P44: 3826 | Q44: 3969 | R44: 4112 | S44: 4252 | T44: 4392 | U44: 4563 | V44: 4668 | W44: 4718.0794 | X44: 4778.3918 | Y44: 4835.0428 | Z44: 4888.1837 | AA44: 4937.9648 | AB44: 4977.2196 | AC44: 5013.2929 | AD44: 5046.3424 | AE44: 5076.5229 | AF44: 5103.9858 | AG44: 5128.8793 | AH44: 5151.3481 | AI44: 5171.5326 | AJ44: 5189.5699 | AK44: 5205.5928 | AL44: 5212.0812 | AM44: 5216.7822 | AN44: 5219.822 | AO44: 5221.3213 | AP44: 5221.3948 | AQ44: 5213.781 | AR44: 5204.967 | AS44: 5195.0524 | AT44: 5184.1312 | AU44: 5172.289 | AV44: 5159.6051 | AW44: 5146.151 | AX44: 5131.99 | AY44: 5117.1784 | AZ44: 5101.7644 | BA44: 5085.788 | BB44: 5069.2808 | BC44: 5052.2665 | BD44: 5034.7597 | BE44: 5016.7671 | BF44: 4998.2851 | BG44: 4979.3026 | BH44: 4959.7983 | BI44: 4939.7418 | BJ44: 4919.0928
A45: 安徽省 | G45: 2173 | H45: 2267 | I45: 2368 | J45: 2485 | K45: 2581 | L45: 2562 | M45: 2675 | N45: 2768 | O45: 2866 | P45: 2957 | Q45: 3064 | R45: 3175 | S45: 3288 | T45: 3381 | U45: 3474 | V45: 3561 | W45: 3644.3057 | X45: 3746.6343 | Y45: 3850.5416 | Z45: 3955.8841 | AA45: 4062.5176 | AB45: 4124.9872 | AC45: 4186.601 | AD45: 4247.2224 | AE45: 4306.7231 | AF45: 4364.9846 | AG45: 4421.8982 | AH45: 4477.3661 | AI45: 4531.3024 | AJ45: 4583.633 | AK45: 4634.2972 | AL45: 4652.3491 | AM45: 4668.2393 | AN45: 4681.9912 | AO45: 4693.6439 | AP45: 4703.2538 | AQ45: 4705.1454 | AR45: 4705.1507 | AS45: 4703.3846 | AT45: 4699.9795 | AU45: 4695.0857 | AV45: 4688.872 | AW45: 4681.5253 | AX45: 4673.2516 | AY45: 4664.2762 | AZ45: 4654.8432 | BA45: 4645.2182 | BB45: 4635.6854 | BC45: 4626.5497 | BD45: 4618.138 | BE45: 4610.7976 | BF45: 4604.8979 | BG45: 4600.8294 | BH45: 4599.0058 | BI45: 4599.8631 | BJ45: 4603.8605
... A96: 新疆维吾尔自治区 | G96: 1263 | H96: 1272 | I96: 1275 | J96: 1286 | K96: 1299 | L96: 1245 | M96: 1252 | N96: 1257 | O96: 1258 | P96: 1237 | Q96: 1222 | R96: 1204 | S96: 1193 | T96: 1159 | U96: 1138 | V96: 1126 | W96: 1181.2608 | X96: 1171.224 | Y96: 1160.4137 | Z96: 1148.7925 | AA96: 1136.3288 | AB96: 1129.5085 | AC96: 1122.0065 | AD96: 1113.8063 | AE96: 1104.8963 | AF96: 1095.2694 | AG96: 1084.9228 | AH96: 1073.8582 | AI96: 1062.0814 | AJ96: 1049.6022 | AK96: 1036.4337 | AL96: 1028.4465 | AM96: 1019.8969 | AN96: 1010.8004 | AO96: 1001.1759 | AP96: 991.04468 | AQ96: 982.85712 | AR96: 974.22857 | AS96: 965.18467 | AT96: 955.75324 | AU96: 945.96402 | AV96: 935.84892 | AW96: 925.44179 | AX96: 914.77818 | AY96: 903.89549 | AZ96: 892.83241 | BA96: 881.62926 | BB96: 870.32774 | BC96: 858.97049 | BD96: 847.60147 | BE96: 836.26571 | BF96: 825.00874 | BG96: 813.87711 | BH96: 802.91783 | BI96: 792.17847 | BJ96: 781.70675

Sheet Building Area Result
A1: Type | B1: 行政区划编码 | C1: 省级行政区 | D1: 名称 | E1: 2019 | F1: 2020 | G1: 2021 | H1: 2022 | I1: 2023 | J1: 2024 | K1: 2025 | L1: 2026 | M1: 2027 | N1: 2028 | O1: 2029 | P1: 2030 | Q1: 2031 | R1: 2032 | S1: 2033 | T1: 2034 | U1: 2035 | V1: 2036 | W1: 2037 | X1: 2038 | Y1: 2039 | Z1: 2040 | AA1: 2041 | AB1: 2042 | AC1: 2043 | AD1: 2044 | AE1: 2045 | AF1: 2046 | AG1: 2047 | AH1: 2048 | AI1: 2049 | AJ1: 2050 | AK1: 2051 | AL1: 2052 | AM1: 2053 | AN1: 2054 | AO1: 2055 | AP1: 2056 | AQ1: 2057 | AR1: 2058 | AS1: 2059 | AT1: 2060
A2: 公共建筑面积 | B2: 0 | C2: 全国 | D2: 全国 | E2: =SUMIFS(E$5:E$833,$A$5:$A$833,$A2) -> 1.2718182e+10 | F2: =SUMIFS(F$5:F$833,$A$5:$A$833,$A2) -> 1.3117204e+10 | G2: =SUMIFS(G$5:G$833,$A$5:$A$833,$A2) -> 1.3445852e+10 | H2: =SUMIFS(H$5:H$833,$A$5:$A$833,$A2) -> 1.3769083e+10 | I2: =SUMIFS(I$5:I$833,$A$5:$A$833,$A2) -> 1.4086864e+10 | J2: =SUMIFS(J$5:J$833,$A$5:$A$833,$A2) -> 1.4399163e+10 | K2: =SUMIFS(K$5:K$833,$A$5:$A$833,$A2) -> 1.4705949e+10 | L2: =SUMIFS(L$5:L$833,$A$5:$A$833,$A2) -> 1.5007196e+10 | ... AT2: =SUMIFS(AT$5:AT$833,$A$5:$A$833,$A2) -> 2.0806916e+10
A3: 城镇住宅面积 | B3: 0 | C3: 全国 | D3: 全国 | E3: =SUMIFS(E$5:E$833,$A$5:$A$833,$A3) -> 3.0311727e+10 | F3: =SUMIFS(F$5:F$833,$A$5:$A$833,$A3) -> 3.1115403e+10 | G3: =SUMIFS(G$5:G$833,$A$5:$A$833,$A3) -> 3.1727837e+10 | H3: =SUMIFS(H$5:H$833,$A$5:$A$833,$A3) -> 3.232438e+10 | I3: =SUMIFS(I$5:I$833,$A$5:$A$833,$A3) -> 3.2904918e+10 | J3: =SUMIFS(J$5:J$833,$A$5:$A$833,$A3) -> 3.3469355e+10 | K3: =SUMIFS(K$5:K$833,$A$5:$A$833,$A3) -> 3.4017617e+10 | L3: =SUMIFS(L$5:L$833,$A$5:$A$833,$A3) -> 3.4549652e+10 | ... AT3: =SUMIFS(AT$5:AT$833,$A$5:$A$833,$A3) -> 3.9898968e+10
A4: 乡村住宅面积 | B4: 0 | C4: 全国 | D4: 全国 | E4: =SUMIFS(E$5:E$833,$A$5:$A$833,$A4) -> 2.1439578e+10 | F4: =SUMIFS(F$5:F$833,$A$5:$A$833,$A4) -> 2.1382914e+10 | G4: =SUMIFS(G$5:G$833,$A$5:$A$833,$A4) -> 2.1272869e+10 | H4: =SUMIFS(H$5:H$833,$A$5:$A$833,$A4) -> 2.1141153e+10 | I4: =SUMIFS(I$5:I$833,$A$5:$A$833,$A4) -> 2.0988052e+10 | J4: =SUMIFS(J$5:J$833,$A$5:$A$833,$A4) -> 2.0813933e+10 | K4: =SUMIFS(K$5:K$833,$A$5:$A$833,$A4) -> 2.0619238e+10 | L4: =SUMIFS(L$5:L$833,$A$5:$A$833,$A4) -> 2.0404481e+10 | ... AT4: =SUMIFS(AT$5:AT$833,$A$5:$A$833,$A4) -> 1.3381929e+10
A5: 城镇住宅面积 | B5: 110000 | C5: 北京市 | D5: 北京市 | E5: 6.0288178e+08 | F5: 6.1304299e+08 | G5: 6.2266318e+08 | H5: 6.3111118e+08 | I5: 6.3848514e+08 | J5: 6.4488024e+08 | K5: 6.5038867e+08 | L5: 6.5509931e+08 | M5: 6.5909767e+08 | N5: 6.6246569e+08 | O5: 6.6528155e+08 | P5: 6.6761947e+08 | Q5: 6.6948366e+08 | R5: 6.7100615e+08 | S5: 6.722486e+08 | T5: 6.7326789e+08 | U5: 6.7411613e+08 | V5: 6.7484049e+08 | W5: 6.7548286e+08 | X5: 6.7607985e+08 | Y5: 6.7666253e+08 | Z5: 6.7725619e+08 | AA5: 6.7850728e+08 | AB5: 6.7979965e+08 | AC5: 6.8114048e+08 | AD5: 6.8253046e+08 | AE5: 6.8396357e+08 | AF5: 6.854268e+08 | AG5: 6.8690007e+08 | AH5: 6.8835576e+08 | AI5: 6.8975877e+08 | AJ5: 6.9106603e+08 | AK5: 6.8982502e+08 | AL5: 6.8838825e+08 | AM5: 6.8669039e+08 | AN5: 6.8465825e+08 | AO5: 6.8221064e+08 | AP5: 6.7925846e+08 | AQ5: 6.7570435e+08 | AR5: 6.7144272e+08 | AS5: 6.663596e+08 | AT5: 6.6033259e+08
A6: 城镇住宅面积 | B6: 120000 | C6: 天津市 | D6: 天津市 | E6: 3.6589254e+08 | F6: 3.718983e+08 | G6: 3.7696642e+08 | H6: 3.8145076e+08 | I6: 3.8539371e+08 | J6: 3.8883648e+08 | K6: 3.9181914e+08 | L6: 3.9438059e+08 | M6: 3.9655834e+08 | N6: 3.9838865e+08 | O6: 3.9990627e+08 | P6: 4.0114447e+08 | Q6: 4.0262384e+08 | R6: 4.0388452e+08 | S6: 4.0495428e+08 | T6: 4.0585913e+08 | U6: 4.0662349e+08 | V6: 4.0726995e+08 | W6: 4.078192e+08 | X6: 4.0828993e+08 | Y6: 4.0869884e+08 | Z6: 4.0906046e+08 | AA6: 4.0930837e+08 | AB6: 4.095318e+08 | AC6: 4.0973826e+08 | AD6: 4.0993278e+08 | AE6: 4.1011774e+08 | AF6: 4.1029289e+08 | AG6: 4.1045509e+08 | AH6: 4.1059845e+08 | AI6: 4.1071395e+08 | AJ6: 4.1078965e+08 | AK6: 4.1030617e+08 | AL6: 4.0975302e+08 | AM6: 4.0910861e+08 | AN6: 4.0834813e+08 | AO6: 4.0744326e+08 | AP6: 4.0636221e+08 | AQ6: 4.0506958e+08 | AR6: 4.0352629e+08 | AS6: 4.0168949e+08 | AT6: 3.9951258e+08
A7: 城镇住宅面积 | B7: 130100 | C7: 河北省 | D7: 石家庄市 | E7: 2.0895202e+08 | F7: 2.1494646e+08 | G7: 2.1956855e+08 | H7: 2.2405028e+08 | I7: 2.2839444e+08 | J7: 2.3260402e+08 | K7: 2.3668224e+08 | L7: 2.4063242e+08 | M7: 2.4445813e+08 | N7: 2.4816304e+08 | O7: 2.5175093e+08 | P7: 2.5522574e+08 | Q7: 2.5749838e+08 | R7: 2.5965925e+08 | S7: 2.61714e+08 | T7: 2.6366826e+08 | U7: 2.6552757e+08 | V7: 2.6729741e+08 | W7: 2.6898317e+08 | X7: 2.7059011e+08 | Y7: 2.7212345e+08 | Z7: 2.7358823e+08 | AA7: 2.7473297e+08 | AB7: 2.7581891e+08 | AC7: 2.7685091e+08 | AD7: 2.7783352e+08 | AE7: 2.7877123e+08 | AF7: 2.7966822e+08 | AG7: 2.8052856e+08 | AH7: 2.8135602e+08 | AI7: 2.8215419e+08 | AJ7: 2.829264e+08 | AK7: 2.8374117e+08 | AL7: 2.8453578e+08 | AM7: 2.853127e+08 | AN7: 2.8607422e+08 | AO7: 2.8682225e+08 | AP7: 2.8755845e+08 | AQ7: 2.8828415e+08 | AR7: 2.8900032e+08 | AS7: 2.8970761e+08 | AT7: 2.9040634e+08
A8: 城镇住宅面积 | B8: 130200 | C8: 河北省 | D8: 唐山市 | E8: 1.3751149e+08 | F8: 1.4090772e+08 | G8: 1.4341978e+08 | H8: 1.4585606e+08 | I8: 1.4821609e+08 | J8: 1.504995e+08 | K8: 1.527061e+08 | L8: 1.5483584e+08 | M8: 1.5688887e+08 | N8: 1.5886551e+08 | O8: 1.6076617e+08 | P8: 1.6259151e+08 | Q8: 1.6364762e+08 | R8: 1.6462911e+08 | S8: 1.6553808e+08 | T8: 1.6637675e+08 | U8: 1.6714747e+08 | V8: 1.6785273e+08 | W8: 1.6849509e+08 | X8: 1.6907732e+08 | Y8: 1.6960229e+08 | Z8: 1.7007301e+08 | AA8: 1.703336e+08 | AB8: 1.7054725e+08 | AC8: 1.7071745e+08 | AD8: 1.7084789e+08 | AE8: 1.7094238e+08 | AF8: 1.710048e+08 | AG8: 1.7103925e+08 | AH8: 1.7104987e+08 | AI8: 1.7104102e+08 | AJ8: 1.7101713e+08 | AK8: 1.710223e+08 | AL8: 1.7102146e+08 | AM8: 1.7101953e+08 | AN8: 1.7102155e+08 | AO8: 1.7103263e+08 | AP8: 1.7105815e+08 | AQ8: 1.7110356e+08 | AR8: 1.7117449e+08 | AS8: 1.7127674e+08 | AT8: 1.7141619e+08
A9: 城镇住宅面积 | B9: 130300 | C9: 河北省 | D9: 秦皇岛市 | E9: 55838384 | F9: 57270412 | G9: 58337123 | H9: 59367291 | I9: 60361183 | J9: 61319161 | K9: 62241643 | L9: 63129103 | M9: 63982091 | N9: 64801208 | O9: 65587109 | P9: 66340521 | Q9: 66778730 | R9: 67185564 | S9: 67562310 | T9: 67910247 | U9: 68230759 | V9: 68525139 | W9: 68794801 | X9: 69041110 | Y9: 69265510 | Z9: 69469411 | AA9: 69589345 | AB9: 69692052 | AC9: 69779061 | AD9: 69851901 | AE9: 69912149 | AF9: 69961381 | AG9: 70001105 | AH9: 70032943 | AI9: 70058468 | AJ9: 70079247 | AK9: 70113075 | AL9: 70145228 | AM9: 70177332 | AN9: 70210957 | AO9: 70247716 | AP9: 70289185 | AQ9: 70336986 | AR9: 70392701 | AS9: 70457927 | AT9: 70534222
A10: 城镇住宅面积 | B10: 130400 | C10: 河北省 | D10: 邯郸市 | E10: 1.6773053e+08 | F10: 1.7187863e+08 | G10: 1.7510903e+08 | H10: 1.7839771e+08 | I10: 1.8173392e+08 | J10: 1.8510698e+08 | K10: 1.8850639e+08 | L10: 1.9192182e+08 | M10: 1.9534317e+08 | N10: 1.9876062e+08 | O10: 2.0216468e+08 | P10: 2.0554618e+08 | Q10: 2.0801333e+08 | R10: 2.1042968e+08 | S10: 2.1278831e+08 | T10: 2.15083e+08 | U10: 2.1730811e+08 | V10: 2.1945873e+08 | W10: 2.2153065e+08 | X10: 2.2352046e+08 | Y10: 2.2542546e+08 | Z10: 2.2724383e+08 | AA10: 2.2876102e+08 | AB10: 2.3018954e+08 | AC10: 2.3153043e+08 | AD10: 2.3278572e+08 | AE10: 2.3395837e+08 | AF10: 2.350524e+08 | AG10: 2.3607275e+08 | AH10: 2.3702556e+08 | AI10: 2.3791801e+08 | AJ10: 2.3875837e+08 | AK10: 2.396114e+08 | AL10: 2.4043246e+08 | AM10: 2.4123342e+08 | AN10: 2.4202741e+08 | AO10: 2.4282885e+08 | AP10: 2.4365352e+08 | AQ10: 2.4451862e+08 | AR10: 2.4544265e+08 | AS10: 2.4644567e+08 | AT10: 2.4754914e+08
A11: 城镇住宅面积 | B11: 130500 | C11: 河北省 | D11: 邢台市 | E11: 1.2640857e+08 | F11: 1.298325e+08 | G11: 1.3249494e+08 | H11: 1.3513618e+08 | I11: 1.3775291e+08 | J11: 1.4034192e+08 | K11: 1.4290011e+08 | L11: 1.4542453e+08 | M11: 1.4791232e+08 | N11: 1.5036086e+08 | O11: 1.5276765e+08 | P11: 1.5513038e+08 | Q11: 1.5678137e+08 | R11: 1.5837773e+08 | S11: 1.5991858e+08 | T11: 1.6140328e+08 | U11: 1.6283143e+08 | V11: 1.6420289e+08 | W11: 1.6551777e+08 | X11: 1.6677644e+08 | Y11: 1.6797955e+08 | Z11: 1.6912809e+08 | AA11: 1.700645e+08 | AB11: 1.7094873e+08 | AC11: 1.7178277e+08 | AD11: 1.7256897e+08 | AE11: 1.7330999e+08 | AF11: 1.7400879e+08 | AG11: 1.7466874e+08 | AH11: 1.7529351e+08 | AI11: 1.7588714e+08 | AJ11: 1.7645404e+08 | AK11: 1.7703989e+08 | AL11: 1.7760897e+08 | AM11: 1.7816687e+08 | AN11: 1.7871959e+08 | AO11: 1.7927354e+08 | AP11: 1.7983557e+08 | AQ11: 1.8041298e+08 | AR11: 1.8101352e+08 | AS11: 1.8164541e+08 | AT11: 1.8231731e+08
A12: 城镇住宅面积 | B12: 130600 | C12: 河北省 | D12: 保定市 | E12: 2.153465e+08 | F12: 2.208555e+08 | G12: 2.2506097e+08 | H12: 2.2922427e+08 | I12: 2.3333995e+08 | J12: 2.3740274e+08 | K12: 2.4140758e+08 | L12: 2.4534961e+08 | M12: 2.4922425e+08 | N12: 2.5302716e+08 | O12: 2.5675432e+08 | P12: 2.6040197e+08 | Q12: 2.6285088e+08 | R12: 2.6520554e+08 | S12: 2.6746464e+08 | T12: 2.6962723e+08 | U12: 2.7169278e+08 | V12: 2.7366117e+08 | W12: 2.7553269e+08 | X12: 2.7730813e+08 | Y12: 2.7898869e+08 | Z12: 2.8057612e+08 | AA12: 2.8180951e+08 | AB12: 2.8295466e+08 | AC12: 2.8401505e+08 | AD12: 2.8499468e+08 | AE12: 2.858981e+08 | AF12: 2.8673046e+08 | AG12: 2.8749742e+08 | AH12: 2.882053e+08 | AI12: 2.8886093e+08 | AJ12: 2.8947186e+08 | AK12: 2.9011316e+08 | AL12: 2.9072647e+08 | AM12: 2.9132122e+08 | AN12: 2.9190755e+08 | AO12: 2.924963e+08 | AP12: 2.9309904e+08 | AQ12: 2.9372805e+08 | AR12: 2.9439643e+08 | AS12: 2.95118e+08 | AT12: 2.959074e+08
A13: 城镇住宅面积 | B13: 130700 | C13: 河北省 | D13: 张家口市 | E13: 66511807 | F13: 67998617 | G13: 69086509 | H13: 70163721 | I13: 71227239 | J13: 72274163 | K13: 73301692 | L13: 74307133 | M13: 75287949 | N13: 76241741 | O13: 77166277 | P13: 78059487 | Q13: 78585917 | R13: 79076826 | S13: 79531249 | T13: 79948442 | U13: 80327958 | V13: 80669531 | W13: 80973227 | X13: 81239360 | Y13: 81468533 | Z13: 81661655 | AA13: 81743647 | AB13: 81792858 | AC13: 81811235 | AD13: 81801081 | AE13: 81764986 | AF13: 81705937 | AG13: 81627269 | AH13: 81532671 | AI13: 81426264 | AJ13: 81312476 | AK13: 81214977 | AL13: 81120123 | AM13: 81033604 | AN13: 80961622 | AO13: 80910764 | AP13: 80888088 | AQ13: 80901169 | AR13: 80957962 | AS13: 81067055 | AT13: 81237413
A14: 城镇住宅面积 | B14: 130800 | C14: 河北省 | D14: 承德市 | E14: 54113270 | F14: 55378924 | G14: 56331068 | H14: 57284795 | I14: 58236791 | J14: 59183889 | K14: 60122951 | L14: 61050981 | M14: 61965091 | N14: 62862493 | O14: 63740589 | P14: 64596873 | Q14: 65152505 | R14: 65680364 | S14: 66178928 | T14: 66646955 | U14: 67083378 | V14: 67487408 | W14: 67858552 | X14: 68196540 | Y14: 68501433 | Z14: 68773541 | AA14: 68949124 | AB14: 69093781 | AC14: 69208860 | AD14: 69296050 | AE14: 69357397 | AF14: 69395263 | AG14: 69412427 | AH14: 69412032 | AI14: 69397529 | AJ14: 69372878 | AK14: 69358357 | AL14: 69342577 | AM14: 69330674 | AN14: 69328260 | AO14: 69341387 | AP14: 69376541 | AQ14: 69440741 | AR14: 69541435 | AS14: 69686653 | AT14: 69884835
A15: 城镇住宅面积 | B15: 130900 | C15: 河北省 | D15: 沧州市 | E15: 1.3012695e+08 | F15: 1.3329356e+08 | G15: 1.357039e+08 | H15: 1.3811764e+08 | I15: 1.4052892e+08 | J15: 1.4293199e+08 | K15: 1.453213e+08 | L15: 1.4769139e+08 | M15: 1.5003704e+08 | N15: 1.5235321e+08 | O15: 1.546351e+08 | P15: 1.5687818e+08 | Q15: 1.5840571e+08 | R15: 1.598808e+08 | S15: 1.6130057e+08 | T15: 1.6266261e+08 | U15: 1.639649e+08 | V15: 1.6520583e+08 | W15: 1.6638421e+08 | X15: 1.6749932e+08 | Y15: 1.6855093e+08 | Z15: 1.695393e+08 | AA15: 1.703062e+08 | AB15: 1.7101187e+08 | AC15: 1.716583e+08 | AD15: 1.7224807e+08 | AE15: 1.7278432e+08 | AF15: 1.7327073e+08 | AG15: 1.7371171e+08 | AH15: 1.7411216e+08 | AI15: 1.7447771e+08 | AJ15: 1.7481461e+08 | AK15: 1.751702e+08 | AL15: 1.7551162e+08 | AM15: 1.7584716e+08 | AN15: 1.7618593e+08 | AO15: 1.7653775e+08 | AP15: 1.7691329e+08 | AQ15: 1.7732391e+08 | AR15: 1.7778193e+08 | AS15: 1.7830039e+08 | AT15: 1.7889323e+08
A16: 城镇住宅面积 | B16: 131000 | C16: 河北省 | D16: 廊坊市 | E16: 1.0161125e+08 | F16: 1.0453802e+08 | G16: 1.067962e+08 | H16: 1.0898502e+08 | I16: 1.1110595e+08 | J16: 1.1316058e+08 | K16: 1.1515057e+08 | L16: 1.1707765e+08 | M16: 1.1894362e+08 | N16: 1.2075038e+08 | O16: 1.2249982e+08 | P16: 1.241939e+08 | Q16: 1.2530272e+08 | R16: 1.2635685e+08 | S16: 1.2735912e+08 | T16: 1.2831221e+08 | U16: 1.2921879e+08 | V16: 1.3008155e+08 | W16: 1.3090302e+08 | X16: 1.3168569e+08 | Y16: 1.3243201e+08 | Z16: 1.3314431e+08 | AA16: 1.3370006e+08 | AB16: 1.3422628e+08 | AC16: 1.3472511e+08 | AD16: 1.3519858e+08 | AE16: 1.3564866e+08 | AF16: 1.3607711e+08 | AG16: 1.3648567e+08 | AH16: 1.3687585e+08 | AI16: 1.3724906e+08 | AJ16: 1.3760659e+08 | AK16: 1.3798136e+08 | AL16: 1.3834247e+08 | AM16: 1.3869068e+08 | AN16: 1.3902658e+08 | AO16: 1.3935067e+08 | AP16: 1.3966318e+08 | AQ16: 1.3996418e+08 | AR16: 1.4025356e+08 | AS16: 1.4053099e+08 | AT16: 1.4079597e+08
... A738: 公共建筑面积 | B738: 659010 | C738: 新疆维吾尔自治区 | D738: 胡杨河市 | E738: 2292672.8 | F738: 2349095.7 | G738: 2391587.1 | H738: 2433366 | I738: 2474325 | J738: 2514332.8 | K738: 2553293.3 | L738: 2591066.3 | M738: 2627579.6 | N738: 2662717.1 | O738: 2696391.3 | P738: 2728512.9 | Q738: 2747569 | R738: 2764910 | S738: 2780487.3 | T738: 2794274.5 | U738: 2806256.9 | V738: 2816420.8 | W738: 2824764.8 | X738: 2831312.4 | Y738: 2836065.5 | Z738: 2839087 | AA738: 2838008.4 | AB738: 2835321.1 | AC738: 2831101.5 | AD738: 2825441.2 | AE738: 2818473 | AF738: 2810284.5 | AG738: 2801030 | AH738: 2790868.9 | AI738: 2779953.6 | AJ738: 2768493.2 | AK738: 2757532.2 | AL738: 2746423.8 | AM738: 2735410.6 | AN738: 2724729.6 | AO738: 2714679 | AP738: 2705538.9 | AQ738: 2697639 | AR738: 2691304.8 | AS738: 2686899.1 | AT738: 2684809
A739: 乡村住宅面积 | C739: 北京市 | E739: 1.5034988e+08 | F739: 1.4915488e+08 | G739: 1.4718452e+08 | H739: 1.4483621e+08 | I739: 1.4215903e+08 | J739: 1.3919836e+08 | K739: 1.3599598e+08 | L739: 1.3259012e+08 | M739: 1.290156e+08 | N739: 1.2530394e+08 | O739: 1.2148348e+08 | P739: 1.175795e+08 | Q739: 1.1382524e+08 | R739: 1.1002817e+08 | S739: 1.0620504e+08 | T739: 1.0237021e+08 | U739: 98535835 | V739: 94711991 | W739: 90906842 | X739: 87126801 | Y739: 83376680 | Z739: 79659850 | AA739: 75053531 | AB739: 70492059 | AC739: 65975212 | AD739: 61501975 | AE739: 57070736 | AF739: 52679500 | AG739: 48326104 | AH739: 44008403 | AI739: 39724508 | AJ739: 35472967 | AK739: 35166516 | AL739: 34852038 | AM739: 34526475 | AN739: 34186464 | AO739: 33828341 | AP739: 33448156 | AQ739: 33041673 | AR739: 32604379 | AS739: 32131495 | AT739: 31617981
A740: 乡村住宅面积 | C740: 天津市 | E740: 70569628 | F740: 69415828 | G740: 69334793 | H740: 69086134 | I740: 68682160 | J740: 68135013 | K740: 67456628 | L740: 66658679 | M740: 65752491 | N740: 64749020 | O740: 63658767 | P740: 62491749 | Q740: 60762670 | R740: 58973670 | S740: 57134243 | T740: 55253103 | U740: 53338208 | V740: 51396741 | W740: 49435133 | X740: 47459073 | Y740: 45473554 | Z740: 43482893 | AA740: 41618512 | AB740: 39754941 | AC740: 37894658 | AD740: 36039672 | AE740: 34191576 | AF740: 32351602 | AG740: 30520675 | AH740: 28699483 | AI740: 26888524 | AJ740: 25088180 | AK740: 23894057 | AL740: 22704989 | AM740: 21520861 | AN740: 20341580 | AO740: 19167109 | AP740: 17997514 | AQ740: 16832999 | AR740: 15673953 | AS740: 14520990 | AT740: 13374989
A741: 乡村住宅面积 | C741: 河北省 | E741: 1.1083305e+09 | F741: 1.0967866e+09 | G741: 1.0945644e+09 | H741: 1.0911351e+09 | I741: 1.0865101e+09 | J741: 1.0807064e+09 | K741: 1.0737464e+09 | L741: 1.0656573e+09 | M741: 1.0564707e+09 | N741: 1.0462222e+09 | O741: 1.0349511e+09 | P741: 1.0226996e+09 | Q741: 1.0182213e+09 | R741: 1.0129412e+09 | S741: 1.0068908e+09 | T741: 1.0001039e+09 | U741: 9.9261569e+08 | V741: 9.8446311e+08 | W741: 9.756841e+08 | X741: 9.6631774e+08 | Y741: 9.5640385e+08 | Z741: 9.4598296e+08 | AA741: 9.3729992e+08 | AB741: 9.2818839e+08 | AC741: 9.186869e+08 | AD741: 9.0883433e+08 | AE741: 8.9866982e+08 | AF741: 8.8823252e+08 | AG741: 8.7756176e+08 | AH741: 8.6669677e+08 | AI741: 8.5567667e+08 | AJ741: 8.4454043e+08 | AK741: 8.3301827e+08 | AL741: 8.214596e+08 | AM741: 8.0990269e+08 | AN741: 7.9838549e+08 | AO741: 7.8694537e+08 | AP741: 7.756193e+08 | AQ741: 7.6444375e+08 | AR741: 7.5345456e+08 | AS741: 7.4268711e+08 | AT741: 7.3217592e+08
A742: 乡村住宅面积 | C742: 山西省 | E742: 5.3010807e+08 | F742: 5.2920186e+08 | G742: 5.306392e+08 | H742: 5.3133743e+08 | I742: 5.3130697e+08 | J742: 5.3056097e+08 | K742: 5.2911575e+08 | L742: 5.2699001e+08 | M742: 5.2420512e+08 | N742: 5.207844e+08 | O742: 5.1675322e+08 | P742: 5.121386e+08 | Q742: 5.1089285e+08 | R742: 5.0916572e+08 | S742: 5.0697824e+08 | T742: 5.0435254e+08 | U742: 5.0131176e+08 | V742: 4.9787987e+08 | W742: 4.940814e+08 | X742: 4.8994162e+08 | Y742: 4.8548613e+08 | Z742: 4.8074082e+08 | AA742: 4.7672653e+08 | AB742: 4.7247281e+08 | AC742: 4.6800476e+08 | AD742: 4.633476e+08 | AE742: 4.5852665e+08 | AF742: 4.5356728e+08 | AG742: 4.4849492e+08 | AH742: 4.4333495e+08 | AI742: 4.3811266e+08 | AJ742: 4.3285328e+08 | AK742: 4.2744302e+08 | AL742: 4.2204673e+08 | AM742: 4.166892e+08 | AN742: 4.1139495e+08 | AO742: 4.0618823e+08 | AP742: 4.0109309e+08 | AQ742: 3.9613328e+08 | AR742: 3.9133215e+08 | AS742: 3.8671291e+08 | AT742: 3.8229825e+08
A743: 乡村住宅面积 | C743: 内蒙古自治区 | E743: 2.9676684e+08 | F743: 3.0181322e+08 | G743: 3.0175319e+08 | H743: 3.0120469e+08 | I743: 3.0018523e+08 | J743: 2.9871339e+08 | K743: 2.9680893e+08 | L743: 2.9449232e+08 | M743: 2.9178488e+08 | N743: 2.8870837e+08 | O743: 2.8528499e+08 | P743: 2.8153713e+08 | Q743: 2.7994021e+08 | R743: 2.7808215e+08 | S743: 2.759791e+08 | T743: 2.7364742e+08 | U743: 2.7110311e+08 | V743: 2.6836222e+08 | W743: 2.6544043e+08 | X743: 2.6235311e+08 | Y743: 2.5911528e+08 | Z743: 2.5574141e+08 | AA743: 2.5285665e+08 | AB743: 2.4986023e+08 | AC743: 2.4676437e+08 | AD743: 2.435808e+08 | AE743: 2.403207e+08 | AF743: 2.3699487e+08 | AG743: 2.3361347e+08 | AH743: 2.3018625e+08 | AI743: 2.2672235e+08 | AJ743: 2.2323049e+08 | AK743: 2.1963495e+08 | AL743: 2.1602829e+08 | AM743: 2.1241782e+08 | AN743: 2.0881031e+08 | AO743: 2.0521205e+08 | AP743: 2.0162897e+08 | AQ743: 1.9806645e+08 | AR743: 1.9452966e+08 | AS743: 1.9102321e+08 | AT743: 1.8755134e+08
A744: 乡村住宅面积 | C744: 辽宁省 | E744: 4.1056905e+08 | F744: 3.7935474e+08 | G744: 3.7446124e+08 | H744: 3.6877544e+08 | I744: 3.6234825e+08 | J744: 3.552312e+08 | K744: 3.4747591e+08 | L744: 3.3913397e+08 | M744: 3.3025652e+08 | N744: 3.2089406e+08 | O744: 3.1109605e+08 | P744: 3.0091062e+08 | Q744: 2.9551784e+08 | R744: 2.898391e+08 | S744: 2.8390416e+08 | T744: 2.7774203e+08 | U744: 2.7138049e+08 | V744: 2.6484628e+08 | W744: 2.5816477e+08 | X744: 2.513601e+08 | Y744: 2.4445496e+08 | Z744: 2.3747071e+08 | AA744: 2.324765e+08 | AB744: 2.2742055e+08 | AC744: 2.2231818e+08 | AD744: 2.171838e+08 | AE744: 2.1203076e+08 | AF744: 2.0687147e+08 | AG744: 2.0171741e+08 | AH744: 1.9657909e+08 | AI744: 1.9146619e+08 | AJ744: 1.8638759e+08 | AK744: 1.8144777e+08 | AL744: 1.765568e+08 | AM744: 1.717212e+08 | AN744: 1.6694679e+08 | AO744: 1.6223886e+08 | AP744: 1.5760203e+08 | AQ744: 1.5304051e+08 | AR744: 1.4855788e+08 | AS744: 1.4415756e+08 | AT744: 1.3984242e+08
A745: 乡村住宅面积 | C745: 吉林省 | E745: 2.8299869e+08 | F745: 2.8581935e+08 | G745: 2.8612378e+08 | H745: 2.8591153e+08 | I745: 2.8520513e+08 | J745: 2.8402775e+08 | K745: 2.8240361e+08 | L745: 2.8035737e+08 | M745: 2.7791424e+08 | N745: 2.7509978e+08 | O745: 2.7193963e+08 | P745: 2.6845942e+08 | Q745: 2.6684714e+08 | R745: 2.6497687e+08 | S745: 2.6286757e+08 | T745: 2.6053807e+08 | U745: 2.5800686e+08 | V745: 2.5529198e+08 | W745: 2.5241096e+08 | X745: 2.4938074e+08 | Y745: 2.4621755e+08 | Z745: 2.4293692e+08 | AA745: 2.4008626e+08 | AB745: 2.3714291e+08 | AC745: 2.3411926e+08 | AD745: 2.3102701e+08 | AE745: 2.2787709e+08 | AF745: 2.2467952e+08 | AG745: 2.2144359e+08 | AH745: 2.1817785e+08 | AI745: 2.1488993e+08 | AJ745: 2.1158679e+08 | AK745: 2.0820206e+08 | AL745: 2.0481465e+08 | AM745: 2.014294e+08 | AN745: 1.9805039e+08 | AO745: 1.9468109e+08 | AP745: 1.9132432e+08 | AQ745: 1.8798232e+08 | AR745: 1.8465685e+08 | AS745: 1.8134905e+08 | AT745: 1.7805966e+08
A746: 乡村住宅面积 | C746: 黑龙江省 | E746: 3.7431148e+08 | F746: 3.7369431e+08 | G746: 3.7318593e+08 | H746: 3.7195903e+08 | I746: 3.7005118e+08 | J746: 3.6750071e+08 | K746: 3.6434653e+08 | L746: 3.6062795e+08 | M746: 3.5638432e+08 | N746: 3.516549e+08 | O746: 3.4647844e+08 | P746: 3.4089319e+08 | Q746: 3.3810915e+08 | R746: 3.3500221e+08 | S746: 3.3159944e+08 | T746: 3.2792718e+08 | U746: 3.2401104e+08 | V746: 3.1987571e+08 | W746: 3.1554481e+08 | X746: 3.1104094e+08 | Y746: 3.0638547e+08 | Z746: 3.0159858e+08 | AA746: 2.9747549e+08 | AB746: 2.9325102e+08 | AC746: 2.8894071e+08 | AD746: 2.8455897e+08 | AE746: 2.8011909e+08 | AF746: 2.7563313e+08 | AG746: 2.7111209e+08 | AH746: 2.6656588e+08 | AI746: 2.6200326e+08 | AJ746: 2.574321e+08 | AK746: 2.5275389e+08 | AL746: 2.4808127e+08 | AM746: 2.4341914e+08 | AN746: 2.3877173e+08 | AO746: 2.3414236e+08 | AP746: 2.295336e+08 | AQ746: 2.2494738e+08 | AR746: 2.2038492e+08 | AS746: 2.1584695e+08 | AT746: 2.113336e+08
A747: 乡村住宅面积 | C747: 上海市 | E747: 1.4239074e+08 | F747: 1.3930333e+08 | G747: 1.3929192e+08 | H747: 1.389448e+08 | I747: 1.3828881e+08 | J747: 1.3735029e+08 | K747: 1.3615502e+08 | L747: 1.34728e+08 | M747: 1.3309338e+08 | N747: 1.3127435e+08 | O747: 1.2929297e+08 | P747: 1.2717016e+08 | Q747: 1.2260318e+08 | R747: 1.1793138e+08 | S747: 1.1317664e+08 | T747: 1.0835858e+08 | U747: 1.0349464e+08 | V747: 98600109 | W747: 93688243 | X747: 88770325 | Y747: 83855839 | Z747: 78952562 | AA747: 74970015 | AB747: 71003298 | AC747: 67055780 | AD747: 63129880 | AE747: 59227225 | AF747: 55348795 | AG747: 51495077 | AH747: 47666241 | AI747: 43862299 | AJ747: 40083271 | AK747: 39888592 | AL747: 39682851 | AM747: 39463449 | AN747: 39227408 | AO747: 38971375 | AP747: 38691615 | AQ747: 38384024 | AR747: 38044124 | AS747: 37667058 | AT747: 37247605
A748: 乡村住宅面积 | C748: 江苏省 | E748: 1.0511615e+09 | F748: 1.0178032e+09 | G748: 9.9022269e+08 | H748: 9.608251e+08 | I748: 9.297885e+08 | J748: 8.9728373e+08 | K748: 8.6347409e+08 | L748: 8.2851479e+08 | M748: 7.9255293e+08 | N748: 7.5572726e+08 | O748: 7.181681e+08 | P748: 6.7999744e+08 | Q748: 6.5910451e+08 | R748: 6.3779879e+08 | S748: 6.1614547e+08 | T748: 5.9420559e+08 | U748: 5.7203588e+08 | V748: 5.4968887e+08 | W748: 5.2721316e+08 | X748: 5.0465349e+08 | Y748: 4.8205098e+08 | Z748: 4.5944331e+08 | AA748: 4.4501459e+08 | AB748: 4.3057983e+08 | AC748: 4.161648e+08 | AD748: 4.0179329e+08 | AE748: 3.8748731e+08 | AF748: 3.7326689e+08 | AG748: 3.5915022e+08 | AH748: 3.4515362e+08 | AI748: 3.3129152e+08 | AJ748: 3.1757655e+08 | AK748: 3.0513546e+08 | AL748: 2.9284276e+08 | AM748: 2.807061e+08 | AN748: 2.6873157e+08 | AO748: 2.569237e+08 | AP748: 2.4528554e+08 | AQ748: 2.338186e+08 | AR748: 2.2252295e+08 | AS748: 2.113971e+08 | AT748: 2.004382e+08
A749: 乡村住宅面积 | C749: 浙江省 | E749: 1.2089375e+09 | F749: 1.2223148e+09 | G749: 1.1911555e+09 | H749: 1.1588523e+09 | I749: 1.1255354e+09 | J749: 1.091327e+09 | K749: 1.0563414e+09 | L749: 1.0206857e+09 | M749: 9.8445979e+08 | N749: 9.4775714e+08 | O749: 9.1066448e+08 | P749: 8.7326252e+08 | Q749: 8.5197893e+08 | R749: 8.3043849e+08 | S749: 8.0868572e+08 | T749: 7.8676222e+08 | U749: 7.6470688e+08 | V749: 7.4255575e+08 | W749: 7.2034259e+08 | X749: 6.9809865e+08 | Y749: 6.7585304e+08 | Z749: 6.5363273e+08 | AA749: 6.3782916e+08 | AB749: 6.2202716e+08 | AC749: 6.0624633e+08 | AD749: 5.9050533e+08 | AE749: 5.7482167e+08 | AF749: 5.5921194e+08 | AG749: 5.4369183e+08 | AH749: 5.2827609e+08 | AI749: 5.1297871e+08 | AJ749: 4.9781299e+08 | AK749: 4.8355246e+08 | AL749: 4.694377e+08 | AM749: 4.5547989e+08 | AN749: 4.4168948e+08 | AO749: 4.2807647e+08 | AP749: 4.1465016e+08 | AQ749: 4.0141956e+08 | AR749: 3.883931e+08 | AS749: 3.7557888e+08 | AT749: 3.6298459e+08
A750: 乡村住宅面积 | C750: 安徽省 | E750: 9.9743119e+08 | F750: 9.8327522e+08 | G750: 9.8062844e+08 | H750: 9.7719832e+08 | I750: 9.7295272e+08 | J750: 9.6786671e+08 | K750: 9.619223e+08 | L750: 9.5510811e+08 | M750: 9.4741918e+08 | N750: 9.3885677e+08 | O750: 9.2942785e+08 | P750: 9.1914499e+08 | Q750: 9.1572954e+08 | R750: 9.1157328e+08 | S750: 9.0668629e+08 | T750: 9.0108296e+08 | U750: 8.9478172e+08 | V750: 8.8780508e+08 | W750: 8.8017923e+08 | X750: 8.7193391e+08 | Y750: 8.6310203e+08 | Z750: 8.5371977e+08 | AA750: 8.4576522e+08 | AB750: 8.3733413e+08 | AC750: 8.2846801e+08 | AD750: 8.1921115e+08 | AE750: 8.0961027e+08 | AF750: 7.9971466e+08 | AG750: 7.8957588e+08 | AH750: 7.7924766e+08 | AI750: 7.6878584e+08 | AJ750: 7.5824808e+08 | AK750: 7.4821636e+08 | AL750: 7.3822644e+08 | AM750: 7.2834109e+08 | AN750: 7.1862455e+08 | AO750: 7.0914245e+08 | AP750: 6.9996172e+08 | AQ750: 6.9115032e+08 | AR750: 6.8277741e+08 | AS750: 6.7491303e+08 | AT750: 6.6762809e+08
... A769: 乡村住宅面积 | C769: 新疆维吾尔自治区 | E769: 4.6721759e+08 | F769: 4.825327e+08 | G769: 4.8032511e+08 | H769: 4.7798584e+08 | I769: 4.7548961e+08 | J769: 4.728144e+08 | K769: 4.6994088e+08 | L769: 4.6685271e+08 | M769: 4.6353594e+08 | N769: 4.5997957e+08 | O769: 4.5617483e+08 | P769: 4.5211551e+08 | Q769: 4.5080401e+08 | R769: 4.4925654e+08 | S769: 4.4746909e+08 | T769: 4.4543939e+08 | U769: 4.43167e+08 | V769: 4.4065309e+08 | W769: 4.3790081e+08 | X769: 4.3491452e+08 | Y769: 4.317005e+08 | Z769: 4.2826637e+08 | AA769: 4.2553864e+08 | AB769: 4.2260794e+08 | AC769: 4.1948507e+08 | AD769: 4.1618217e+08 | AE769: 4.1271259e+08 | AF769: 4.0909104e+08 | AG769: 4.0533341e+08 | AH769: 4.0145683e+08 | AI769: 3.974795e+08 | AJ769: 3.9342072e+08 | AK769: 3.8941449e+08 | AL769: 3.8536645e+08 | AM769: 3.8129867e+08 | AN769: 3.7723431e+08 | AO769: 3.7319728e+08 | AP769: 3.6921214e+08 | AQ769: 3.6530435e+08 | AR769: 3.6149992e+08 | AS769: 3.5782558e+08 | AT769: 3.5430847e+08

Sheet 能源局光伏并网数据
A1: 省（区、市） | B1: 累计装机容量（万千瓦） | D1: 新增装机容量（万千瓦） | K1: 2017 | L1: 2018 | M1: 2019 | N1: 2020H1 | O1: 2020 | P1: 2021 | R1: 2017 | S1: 2018 | T1: 2019 | U1: 2020H1 | V1: 2020 | W1: 2021 | AA1: 省（区、市） | AB1: 2021年新增并网容量 | AE1: 截至2021年底累计并网容置 | AM1: 地区 | AN1: 装机容量（万千瓦） | AR1: 发电量（亿千瓦时） | AV1: 容量因子 | AZ1: 运行小时数
C2: 其中：光伏电站 | E2: 其中：光伏电站 | K2: 光伏电站 | L2: 光伏电站 | M2: 光伏电站 | N2: 光伏电站 | O2: 光伏电站 | P2: 光伏电站 | R2: 分布式光伏 | S2: 分布式光伏 | T2: 分布式光伏 | U2: 分布式光伏 | V2: 分布式光伏 | W2: 分布式光伏 | AC2: 其中：集中 式光伏电站 | AD2: 其中：分 布式光伏 | AF2: 其中：集中 式光伏电站 | AG2: 其中:分布式 光伏 | AN2: 2020年 | AO2: 2019年 | AP2: 2018年 | AQ2: 2017年 | AR2: 2020年 | AS2: 2019年 | AT2: 2018年 | AU2: 2017年 | AV2: 2020年 | AW2: 2019年 | AX2: 2018年 | AY2: 2017年 | AZ2: 2020年 | BA2: 2019年 | BB2: 2018年 | BC2: 2017年
A3: 总计 | B3: 21582 | C3: 14875 | D3: 1152 | E3: 708 | F3: =B3-C3 -> 6707 | G3: =D3-E3 -> 444 | H3: =B3-D3 -> 20430 | J3: 全国 | K3: =AJ3-R3 -> 9384 | L3: =AK3-S3 -> 12406 | M3: =C3-E3 -> 14167 | N3: =C3 -> 14875 | O3: =AF3-AC3 -> 17287.87 | P3: =AF3 -> 19847.94 | R3: 3658 | S3: 5027 | T3: =F3-G3 -> 6263 | U3: =B3-C3 -> 6707 | V3: =AG3-AD3 -> 7822.9 | W3: =AG3 -> 10750.8 | Z3: 5488 | AA3: 总计 | AB3: 5488 | AC3: 2560.07 | AD3: 2927.9 | AE3: 30598.7 | AF3: 19847.94 | AG3: 10750.8 | AJ3: 13042 | AK3: 17433 | AM3: 全国 | AN3: 7827 | AO3: 6180 | AP3: 5027 | AQ3: 3658 | AR3: 679 | AS3: 538 | AT3: 388 | AU3: 154 | AV3: =AR3*10000/(AN3*8760) -> 0.099030811 | AW3: =AS3*10000/(AO3*8760) -> 0.099377872 | AX3: =AT3*10000/(AP3*8760) -> 0.088108688 | AY3: =AU3*10000/(AQ3*8760) -> 0.048058799 | AZ3: =AR3*10000/AN3 -> 867.5099 | BA3: =AS3*10000/AO3 -> 870.55016 | BB3: =AT3*10000/AP3 -> 771.83211 | BC3: =AU3*10000/AQ3 -> 420.99508
A4: 北京 | B4: 60 | C4: 5 | D4: 9 | E4: 0 | F4: =B4-C4 -> 55 | G4: =D4-E4 -> 9 | H4: =B4-D4 -> 51 | J4: 北京市 | K4: =AJ4-R4 -> 3 | L4: =AK4-S4 -> 5 | M4: =C4-E4 -> 5 | N4: =C4 -> 5 | O4: =AF4-AC4 -> 5.1 | P4: =AF4 -> 5.1 | R4: 22 | S4: 35 | T4: =F4-G4 -> 46 | U4: =B4-C4 -> 55 | V4: =AG4-AD4 -> 56.4 | W4: =AG4 -> 75 | Z4: 18.6 | AA4: 北京 | AB4: 18.6 | AC4: 0 | AD4: 18.6 | AE4: 80.1 | AF4: 5.1 | AG4: 75 | AJ4: 25 | AK4: 40 | AM4: 北京 | AN4: 56 | AO4: 46 | AP4: 35 | AQ4: 22 | AR4: 5 | AS4: 4 | AT4: 2 | AU4: 1 | AV4: =AR4*10000/(AN4*8760) -> 0.10192433 | AW4: =AS4*10000/(AO4*8760) -> 0.099265436 | AX4: =AT4*10000/(AP4*8760) -> 0.065231572 | AY4: =AU4*10000/(AQ4*8760) -> 0.051888751 | AZ4: =AR4*10000/AN4 -> 892.85714 | BA4: =AS4*10000/AO4 -> 869.56522 | BB4: =AT4*10000/AP4 -> 571.42857 | BC4: =AU4*10000/AQ4 -> 454.54545
A5: 天津 | B5: 151 | C5: 110 | D5: 9 | E5: 6 | F5: =B5-C5 -> 41 | G5: =D5-E5 -> 3 | H5: =B5-D5 -> 142 | J5: 天津市 | K5: =AJ5-R5 -> 53 | L5: =AK5-S5 -> 97 | M5: =C5-E5 -> 104 | N5: =C5 -> 110 | O5: =AF5-AC5 -> 118.84 | P5: =AF5 -> 118.85 | R5: 15 | S5: 31 | T5: =F5-G5 -> 38 | U5: =B5-C5 -> 41 | V5: =AG5-AD5 -> 44.7 | W5: =AG5 -> 58.9 | Z5: 14.2 | AA5: 天津 | AB5: 14.2 | AC5: 0.01 | AD5: 14.2 | AE5: 177.8 | AF5: 118.85 | AG5: 58.9 | AJ5: 68 | AK5: 128 | AM5: 天津 | AN5: 45 | AO5: 38 | AP5: 31 | AQ5: 15 | AR5: 4 | AS5: 3 | AT5: 2 | AU5: 1 | AV5: =AR5*10000/(AN5*8760) -> 0.10147133 | AW5: =AS5*10000/(AO5*8760) -> 0.090122567 | AX5: =AT5*10000/(AP5*8760) -> 0.073648549 | AY5: =AU5*10000/(AQ5*8760) -> 0.076103501 | AZ5: =AR5*10000/AN5 -> 888.88889 | BA5: =AS5*10000/AO5 -> 789.47368 | BB5: =AT5*10000/AP5 -> 645.16129 | BC5: =AU5*10000/AQ5 -> 666.66667
A6: 河北 | B6: 1571 | C6: 1018 | D6: 97 | E6: 56 | F6: =B6-C6 -> 553 | G6: =D6-E6 -> 41 | H6: =B6-D6 -> 1474 | J6: 河北省 | K6: =AJ6-R6 -> 517 | L6: =AK6-S6 -> 856 | M6: =C6-E6 -> 962 | N6: =C6 -> 1018 | O6: =AF6-AC6 -> 1445.52 | P6: =AF6 -> 1658.84 | R6: 351 | S6: 378 | T6: =F6-G6 -> 512 | U6: =B6-C6 -> 553 | V6: =AG6-AD6 -> 745.8 | W6: =AG6 -> 1262.5 | Z6: 730 | AA6: 河北 | AB6: 730 | AC6: 213.32 | AD6: 516.7 | AE6: 2921.3 | AF6: 1658.84 | AG6: 1262.5 | AJ6: 868 | AK6: 1234 | AM6: 河北 | AN6: 747 | AO6: 513 | AP6: 378 | AQ6: 351 | AR6: 70 | AS6: 53 | AT6: 32 | AU6: 11 | AV6: =AR6*10000/(AN6*8760) -> 0.10697279 | AW6: =AS6*10000/(AO6*8760) -> 0.11793817 | AX6: =AT6*10000/(AP6*8760) -> 0.096639366 | AY6: =AU6*10000/(AQ6*8760) -> 0.03577515 | AZ6: =AR6*10000/AN6 -> 937.08166 | BA6: =AS6*10000/AO6 -> 1033.1384 | BB6: =AT6*10000/AP6 -> 846.56085 | BC6: =AU6*10000/AQ6 -> 313.39031
A7: 山西 | B7: 1198 | C7: 963 | D7: 110 | E7: 106 | F7: =B7-C7 -> 235 | G7: =D7-E7 -> 4 | H7: =B7-D7 -> 1088 | J7: 山西省 | K7: =AJ7-R7 -> 530 | L7: =AK7-S7 -> 681 | M7: =C7-E7 -> 857 | N7: =C7 -> 963 | O7: =AF7-AC7 -> 1028.32 | P7: =AF7 -> 1101.84 | R7: 60 | S7: 183 | T7: =F7-G7 -> 231 | U7: =B7-C7 -> 235 | V7: =AG7-AD7 -> 280.2 | W7: =AG7 -> 355.9 | AA7: 山西 | AB7: 149.2 | AC7: 73.52 | AD7: 75.7 | AE7: 1457.7 | AF7: 1101.84 | AG7: 355.9 | AJ7: 590 | AK7: 864 | AM7: 山西 | AN7: 280 | AO7: 231 | AP7: 183 | AQ7: 60 | AR7: 31 | AS7: 25 | AT7: 14 | AU7: 5 | AV7: =AR7*10000/(AN7*8760) -> 0.12638617 | AW7: =AS7*10000/(AO7*8760) -> 0.12354464 | AX7: =AT7*10000/(AP7*8760) -> 0.087331886 | AY7: =AU7*10000/(AQ7*8760) -> 0.095129376 | AZ7: =AR7*10000/AN7 -> 1107.1429 | BA7: =AS7*10000/AO7 -> 1082.2511 | BB7: =AT7*10000/AP7 -> 765.02732 | BC7: =AU7*10000/AQ7 -> 833.33333
A8: 内蒙古 | B8: 1131 | C8: 1048 | D8: 50 | E8: 47 | F8: =B8-C8 -> 83 | G8: =D8-E8 -> 3 | H8: =B8-D8 -> 1081 | J8: 内蒙古自治区 | K8: =AJ8-R8 -> 741 | L8: =AK8-S8 -> 933 | M8: =C8-E8 -> 1001 | N8: =C8 -> 1048 | O8: =AF8-AC8 -> 1138 | P8: =AF8 -> 1299.5 | R8: 2 | S8: 13 | T8: =F8-G8 -> 80 | U8: =B8-C8 -> 83 | V8: =AG8-AD8 -> 90.1 | W8: =AG8 -> 102.5 | AA8: 内蒙古 | AB8: 173.9 | AC8: 161.5 | AD8: 12.4 | AE8: 1402 | AF8: 1299.5 | AG8: 102.5 | AJ8: 743 | AK8: 946 | AM8: 内蒙古 | AN8: 88 | AO8: 51 | AP8: 13 | AQ8: 2 | AR8: 13 | AS8: 3 | AT8: 1 | AU8: 0.3 | AV8: =AR8*10000/(AN8*8760) -> 0.16863844 | AW8: =AS8*10000/(AO8*8760) -> 0.067150148 | AX8: =AT8*10000/(AP8*8760) -> 0.087811732 | AY8: =AU8*10000/(AQ8*8760) -> 0.17123288 | AZ8: =AR8*10000/AN8 -> 1477.2727 | BA8: =AS8*10000/AO8 -> 588.23529 | BB8: =AT8*10000/AP8 -> 769.23077 | BC8: =AU8*10000/AQ8 -> 1500
A9: 辽宁 | B9: 369 | C9: 268 | D9: 26 | E9: 22 | F9: =B9-C9 -> 101 | G9: =D9-E9 -> 4 | H9: =B9-D9 -> 343 | J9: 辽宁省 | K9: =AJ9-R9 -> 185 | L9: =AK9-S9 -> 219 | M9: =C9-E9 -> 246 | N9: =C9 -> 268 | O9: =AF9-AC9 -> 281.89 | P9: =AF9 -> 317.5 | R9: 38 | S9: 83 | T9: =F9-G9 -> 97 | U9: =B9-C9 -> 101 | V9: =AG9-AD9 -> 117.9 | W9: =AG9 -> 160 | AA9: 辽宁 | AB9: 77.7 | AC9: 35.61 | AD9: 42.1 | AE9: 477.5 | AF9: 317.5 | AG9: 160 | AJ9: 223 | AK9: 302 | AM9: 辽宁 | AN9: 118 | AO9: 97 | AP9: 83 | AQ9: 38 | AR9: 12 | AS9: 10 | AT9: 7 | AU9: 3 | AV9: =AR9*10000/(AN9*8760) -> 0.11609009 | AW9: =AS9*10000/(AO9*8760) -> 0.11768583 | AX9: =AT9*10000/(AP9*8760) -> 0.096275513 | AY9: =AU9*10000/(AQ9*8760) -> 0.090122567 | AZ9: =AR9*10000/AN9 -> 1016.9492 | BA9: =AS9*10000/AO9 -> 1030.9278 | BB9: =AT9*10000/AP9 -> 843.37349 | BC9: =AU9*10000/AQ9 -> 789.47368
A10: 吉林 | B10: 326 | C10: 255 | D10: 52 | E10: 50 | F10: =B10-C10 -> 71 | G10: =D10-E10 -> 2 | H10: =B10-D10 -> 274 | J10: 吉林省 | K10: =AJ10-R10 -> 107 | L10: =AK10-S10 -> 203 | M10: =C10-E10 -> 205 | N10: =C10 -> 255 | O10: =AF10-AC10 -> 260.91 | P10: =AF10 -> 265.79 | R10: 52 | S10: 62 | T10: =F10-G10 -> 69 | U10: =B10-C10 -> 71 | V10: =AG10-AD10 -> 76 | W10: =AG10 -> 80.1 | AA10: 吉林 | AB10: 9 | AC10: 4.88 | AD10: 4.1 | AE10: 345.9 | AF10: 265.79 | AG10: 80.1 | AJ10: 159 | AK10: 265 | AM10: 吉林 | AN10: 76 | AO10: 69 | AP10: 62 | AQ10: 52 | AR10: 9 | AS10: 9 | AT10: 7 | AU10: 2 | AV10: =AR10*10000/(AN10*8760) -> 0.13518385 | AW10: =AS10*10000/(AO10*8760) -> 0.14889815 | AX10: =AT10*10000/(AP10*8760) -> 0.12888496 | AY10: =AU10*10000/(AQ10*8760) -> 0.043905866 | AZ10: =AR10*10000/AN10 -> 1184.2105 | BA10: =AS10*10000/AO10 -> 1304.3478 | BB10: =AT10*10000/AP10 -> 1129.0323 | BC10: =AU10*10000/AQ10 -> 384.61538
A11: 黑龙江 | B11: 287 | C11: 205 | D11: 12 | E11: 10 | F11: =B11-C11 -> 82 | G11: =D11-E11 -> 2 | H11: =B11-D11 -> 275 | J11: 黑龙江省 | K11: =AJ11-R11 -> 64 | L11: =AK11-S11 -> 141 | M11: =C11-E11 -> 195 | N11: =C11 -> 205 | O11: =AF11-AC11 -> 234.99 | P11: =AF11 -> 329.99 | R11: 30 | S11: 74 | T11: =F11-G11 -> 80 | U11: =B11-C11 -> 82 | V11: =AG11-AD11 -> 82.7 | W11: =AG11 -> 89.8 | AA11: 黑龙江 | AB11: 102.1 | AC11: 95 | AD11: 7.1 | AE11: 419.8 | AF11: 329.99 | AG11: 89.8 | AJ11: 94 | AK11: 215 | AM11: 黑龙江 | AN11: 83 | AO11: 79 | AP11: 74 | AQ11: 30 | AR11: 10 | AS11: 9 | AT11: 5 | AU11: 1 | AV11: =AR11*10000/(AN11*8760) -> 0.13753645 | AW11: =AS11*10000/(AO11*8760) -> 0.13005029 | AX11: =AT11*10000/(AP11*8760) -> 0.077131926 | AY11: =AU11*10000/(AQ11*8760) -> 0.03805175 | AZ11: =AR11*10000/AN11 -> 1204.8193 | BA11: =AS11*10000/AO11 -> 1139.2405 | BB11: =AT11*10000/AP11 -> 675.67568 | BC11: =AU11*10000/AQ11 -> 333.33333
A12: 上海 | B12: 117 | C12: 6 | D12: 8 | E12: 0 | F12: =B12-C12 -> 111 | G12: =D12-E12 -> 8 | H12: =B12-D12 -> 109 | J12: 上海市 | K12: =AJ12-R12 -> -1 | L12: =AK12-S12 -> 7 | M12: =C12-E12 -> 6 | N12: =C12 -> 6 | O12: =AF12-AC12 -> 19.7 | P12: =AF12 -> 24.09 | R12: 59 | S12: 82 | T12: =F12-G12 -> 103 | U12: =B12-C12 -> 111 | V12: =AG12-AD12 -> 116.9 | W12: =AG12 -> 144.2 | AA12: 上海 | AB12: 31.7 | AC12: 4.39 | AD12: 27.3 | AE12: 168.3 | AF12: 24.09 | AG12: 144.2 | AJ12: 58 | AK12: 89 | AM12: 上海 | AN12: 117 | AO12: 102 | AP12: 82 | AQ12: 59 | AR12: 9 | AS12: 7 | AT12: 5 | AU12: 2 | AV12: =AR12*10000/(AN12*8760) -> 0.087811732 | AW12: =AS12*10000/(AO12*8760) -> 0.078341839 | AX12: =AT12*10000/(AP12*8760) -> 0.06960686 | AY12: =AU12*10000/(AQ12*8760) -> 0.038696695 | AZ12: =AR12*10000/AN12 -> 769.23077 | BA12: =AS12*10000/AO12 -> 686.27451 | BB12: =AT12*10000/AP12 -> 609.7561 | BC12: =AU12*10000/AQ12 -> 338.98305
A13: 江苏 | B13: 1599 | C13: 883 | D13: 113 | E13: 62 | F13: =B13-C13 -> 716 | G13: =D13-E13 -> 51 | H13: =B13-D13 -> 1486 | J13: 江苏省 | K13: =AJ13-R13 -> 580 | L13: =AK13-S13 -> 792 | M13: =C13-E13 -> 821 | N13: =C13 -> 883 | O13: =AF13-AC13 -> 895.91 | P13: =AF13 -> 941.08 | R13: 327 | S13: 540 | T13: =F13-G13 -> 665 | U13: =B13-C13 -> 716 | V13: =AG13-AD13 -> 788.1 | W13: =AG13 -> 974.9 | AA13: 江苏 | AB13: 232 | AC13: 45.17 | AD13: 186.8 | AE13: 1916 | AF13: 941.08 | AG13: 974.9 | AJ13: 907 | AK13: 1332 | AM13: 江苏 | AN13: 788 | AO13: 664 | AP13: 540 | AQ13: 327 | AR13: 61 | AS13: 53 | AT13: 40 | AU13: 19 | AV13: =AR13*10000/(AN13*8760) -> 0.088368913 | AW13: =AS13*10000/(AO13*8760) -> 0.091117896 | AX13: =AT13*10000/(AP13*8760) -> 0.084559445 | AY13: =AU13*10000/(AQ13*8760) -> 0.066328739 | AZ13: =AR13*10000/AN13 -> 774.11168 | BA13: =AS13*10000/AO13 -> 798.19277 | BB13: =AT13*10000/AP13 -> 740.74074 | BC13: =AU13*10000/AQ13 -> 581.03976
A14: 浙江 | B14: 1409 | C14: 428 | D14: 70 | E14: 14 | F14: =B14-C14 -> 981 | G14: =D14-E14 -> 56 | H14: =B14-D14 -> 1339 | J14: 浙江省 | K14: =AJ14-R14 -> 315 | L14: =AK14-S14 -> 361 | M14: =C14-E14 -> 414 | N14: =C14 -> 428 | O14: =AF14-AC14 -> 412.17 | P14: =AF14 -> 577.03 | R14: 499 | S14: 777 | T14: =F14-G14 -> 925 | U14: =B14-C14 -> 981 | V14: =AG14-AD14 -> 1067.2 | W14: =AG14 -> 1264.8 | AA14: 浙江 | AB14: 362.5 | AC14: 164.86 | AD14: 197.6 | AE14: 1841.8 | AF14: 577.03 | AG14: 1264.8 | AJ14: 814 | AK14: 1138 | AM14: 浙江 | AN14: 1067 | AO14: 925 | AP14: 777 | AQ14: 499 | AR14: 88 | AS14: 75 | AT14: 63 | AU14: 31 | AV14: =AR14*10000/(AN14*8760) -> 0.094148661 | AW14: =AS14*10000/(AO14*8760) -> 0.092558312 | AX14: =AT14*10000/(AP14*8760) -> 0.092558312 | AY14: =AU14*10000/(AQ14*8760) -> 0.070918092 | AZ14: =AR14*10000/AN14 -> 824.74227 | BA14: =AS14*10000/AO14 -> 810.81081 | BB14: =AT14*10000/AP14 -> 810.81081 | BC14: =AU14*10000/AQ14 -> 621.24248
A15: 安徽 | B15: 1272 | C15: 774 | D15: 19 | E15: 1 | F15: =B15-C15 -> 498 | G15: =D15-E15 -> 18 | H15: =B15-D15 -> 1253 | J15: 安徽省 | K15: =AJ15-R15 -> 565 | L15: =AK15-S15 -> 677 | M15: =C15-E15 -> 773 | N15: =C15 -> 774 | O15: =AF15-AC15 -> 825.56 | P15: =AF15 -> 947.02 | R15: 323 | S15: 441 | T15: =F15-G15 -> 480 | U15: =B15-C15 -> 498 | V15: =AG15-AD15 -> 544.1 | W15: =AG15 -> 759.8 | AA15: 安徽 | AB15: 337.2 | AC15: 121.46 | AD15: 215.7 | AE15: 1706.8 | AF15: 947.02 | AG15: 759.8 | AJ15: 888 | AK15: 1118 | AM15: 安徽 | AN15: 544 | AO15: 480 | AP15: 441 | AQ15: 323 | AR15: 45 | AS15: 46 | AT15: 36 | AU15: 18 | AV15: =AR15*10000/(AN15*8760) -> 0.094429895 | AW15: =AS15*10000/(AO15*8760) -> 0.10939878 | AX15: =AT15*10000/(AP15*8760) -> 0.09318796 | AY15: =AU15*10000/(AQ15*8760) -> 0.063615929 | AZ15: =AR15*10000/AN15 -> 827.20588 | BA15: =AS15*10000/AO15 -> 958.33333 | BB15: =AT15*10000/AP15 -> 816.32653 | BC15: =AU15*10000/AQ15 -> 557.27554
A16: 福建 | B16: 179 | C16: 38 | D16: 10 | E16: 0 | F16: =B16-C16 -> 141 | G16: =D16-E16 -> 10 | H16: =B16-D16 -> 169 | J16: 福建省 | K16: =AJ16-R16 -> -17 | L16: =AK16-S16 -> 37 | M16: =C16-E16 -> 38 | N16: =C16 -> 38 | O16: =AF16-AC16 -> 37.8 | P16: =AF16 -> 39.16 | R16: 109 | S16: 111 | T16: =F16-G16 -> 131 | U16: =B16-C16 -> 141 | V16: =AG16-AD16 -> 164.3 | W16: =AG16 -> 237.9 | AA16: 福建 | AB16: 75 | AC16: 1.36 | AD16: 73.6 | AE16: 277 | AF16: 39.16 | AG16: 237.9 | AJ16: 92 | AK16: 148 | AM16: 福建 | AN16: 164 | AO16: 131 | AP16: 111 | AQ16: 109 | AR16: 15 | AS16: 11 | AT16: 9 | AU16: 3 | AV16: =AR16*10000/(AN16*8760) -> 0.10441029 | AW16: =AS16*10000/(AO16*8760) -> 0.095855554 | AX16: =AT16*10000/(AP16*8760) -> 0.092558312 | AY16: =AU16*10000/(AQ16*8760) -> 0.031418876 | AZ16: =AR16*10000/AN16 -> 914.63415 | BA16: =AS16*10000/AO16 -> 839.69466 | BB16: =AT16*10000/AP16 -> 810.81081 | BC16: =AU16*10000/AQ16 -> 275.22936
A17: 江西 | B17: 678 | C17: 394 | D17: 48 | E17: 27 | F17: =B17-C17 -> 284 | G17: =D17-E17 -> 21 | H17: =B17-D17 -> 630 | J17: 江西省 | K17: =AJ17-R17 -> 277 | L17: =AK17-S17 -> 294 | M17: =C17-E17 -> 367 | N17: =C17 -> 394 | O17: =AF17-AC17 -> 476.66 | P17: =AF17 -> 551.95 | R17: 172 | S17: 242 | T17: =F17-G17 -> 263 | U17: =B17-C17 -> 284 | V17: =AG17-AD17 -> 299.2 | W17: =AG17 -> 359.2 | AA17: 江西 | AB17: 135.3 | AC17: 75.29 | AD17: 60 | AE17: 911.1 | AF17: 551.95 | AG17: 359.2 | AJ17: 449 | AK17: 536 | AM17: 江西 | AN17: 299 | AO17: 262 | AP17: 242 | AQ17: 172 | AR17: 26 | AS17: 24 | AT17: 21 | AU17: 8 | AV17: =AR17*10000/(AN17*8760) -> 0.099265436 | AW17: =AS17*10000/(AO17*8760) -> 0.1045697 | AX17: =AT17*10000/(AP17*8760) -> 0.099060342 | AY17: =AU17*10000/(AQ17*8760) -> 0.053095466 | AZ17: =AR17*10000/AN17 -> 869.56522 | BA17: =AS17*10000/AO17 -> 916.03053 | BB17: =AT17*10000/AP17 -> 867.7686 | BC17: =AU17*10000/AQ17 -> 465.11628
A18: 山东 | B18: 1801 | C18: 739 | D18: 181 | E18: 62 | F18: =B18-C18 -> 1062 | G18: =D18-E18 -> 119 | H18: =B18-D18 -> 1620 | J18: 山东省 | K18: =AJ18-R18 -> 578 | L18: =AK18-S18 -> 648 | M18: =C18-E18 -> 677 | N18: =C18 -> 739 | O18: =AF18-AC18 -> 805.02 | P18: =AF18 -> 1008.97 | R18: 474 | S18: 713 | T18: =F18-G18 -> 943 | U18: =B18-C18 -> 1062 | V18: =AG18-AD18 -> 1467.4 | W18: =AG18 -> 2334.4 | AA18: 山东 | AB18: 1070.9 | AC18: 203.95 | AD18: 867 | AE18: 3343.4 | AF18: 1008.97 | AG18: 2334.4 | AJ18: 1052 | AK18: 1361 | AM18: 山东 | AN18: 1467 | AO18: 942 | AP18: 713 | AQ18: 474 | AR18: 117 | AS18: 80 | AT18: 60 | AU18: 20 | AV18: =AR18*10000/(AN18*8760) -> 0.091044065 | AW18: =AS18*10000/(AO18*8760) -> 0.096947135 | AX18: =AT18*10000/(AP18*8760) -> 0.096063325 | AY18: =AU18*10000/(AQ18*8760) -> 0.048166773 | AZ18: =AR18*10000/AN18 -> 797.54601 | BA18: =AS18*10000/AO18 -> 849.2569 | BB18: =AT18*10000/AP18 -> 841.51473 | BC18: =AU18*10000/AQ18 -> 421.94093
... A26: 四川 | B26: 189 | C26: 169 | D26: 1 | E26: 0 | F26: =B26-C26 -> 20 | G26: =D26-E26 -> 1 | H26: =B26-D26 -> 188 | J26: 四川省 | K26: =AJ26-R26 -> 116 | L26: =AK26-S26 -> 168 | M26: =C26-E26 -> 169 | N26: =C26 -> 169 | O26: =AF26-AC26 -> 169.01 | P26: =AF26 -> 169.01 | R26: 19 | S26: 13 | T26: =F26-G26 -> 19 | U26: =B26-C26 -> 20 | V26: =AG26-AD26 -> 22.1 | W26: =AG26 -> 26.9 | AA26: 四川 | AB26: 4.8 | AC26: 0 | AD26: 4.8 | AE26: 195.9 | AF26: 169.01 | AG26: 26.9 | AJ26: 135 | AK26: 181 | AM26: 四川 | AN26: 22 | AO26: 19 | AP26: 13 | AQ26: 19 | AR26: 2 | AS26: 2 | AT26: 1 | AU26: 1 | AV26: =AR26*10000/(AN26*8760) -> 0.1037775 | AW26: =AS26*10000/(AO26*8760) -> 0.12016342 | AX26: =AT26*10000/(AP26*8760) -> 0.087811732 | AY26: =AU26*10000/(AQ26*8760) -> 0.060081711 | AZ26: =AR26*10000/AN26 -> 909.09091 | BA26: =AS26*10000/AO26 -> 1052.6316 | BB26: =AT26*10000/AP26 -> 769.23077 | BC26: =AU26*10000/AQ26 -> 526.31579
A27: 贵州 | B27: 537 | C27: 518 | D27: 27 | E27: 27 | F27: =B27-C27 -> 19 | G27: =D27-E27 -> 0 | H27: =B27-D27 -> 510 | J27: 贵州省 | K27: =AJ27-R27 -> 135 | L27: =AK27-S27 -> 161 | M27: =C27-E27 -> 491 | N27: =C27 -> 518 | O27: =AF27-AC27 -> 970.67 | P27: =AF27 -> 1117.6 | S27: 17 | T27: =F27-G27 -> 19 | U27: =B27-C27 -> 19 | V27: =AG27-AD27 -> 19 | W27: =AG27 -> 19.4 | AA27: 贵州 | AB27: 147.3 | AC27: 146.93 | AD27: 0.4 | AE27: 1137 | AF27: 1117.6 | AG27: 19.4 | AJ27: 135 | AK27: 178 | AM27: 贵州 | AN27: 19 | AO27: 19 | AP27: 17 | AR27: 1 | AS27: 1 | AT27: 1 | AV27: =AR27*10000/(AN27*8760) -> 0.060081711 | AW27: =AS27*10000/(AO27*8760) -> 0.060081711 | AX27: =AT27*10000/(AP27*8760) -> 0.067150148 | AZ27: =AR27*10000/AN27 -> 526.31579 | BA27: =AS27*10000/AO27 -> 526.31579 | BB27: =AT27*10000/AP27 -> 588.23529
A28: 云南 | B28: 389 | C28: 352 | D28: 14 | E28: 2 | F28: =B28-C28 -> 37 | G28: =D28-E28 -> 12 | H28: =B28-D28 -> 375 | J28: 云南省 | K28: =AJ28-R28 -> 237.5 | L28: =AK28-S28 -> 312 | M28: =C28-E28 -> 350 | N28: =C28 -> 352 | O28: =AF28-AC28 -> 295.43 | P28: =AF28 -> 349.91 | R28: 0.5 | S28: 14 | T28: =F28-G28 -> 25 | U28: =B28-C28 -> 37 | V28: =AG28-AD28 -> 38.4 | W28: =AG28 -> 47.2 | AA28: 云南 | AB28: 63.3 | AC28: 54.48 | AD28: 8.8 | AE28: 397.1 | AF28: 349.91 | AG28: 47.2 | AJ28: 238 | AK28: 326 | AM28: 云南 | AN28: 38 | AO28: 25 | AP28: 14 | AQ28: 0.5 | AR28: 3 | AS28: 2 | AT28: 1 | AU28: 0.3 | AV28: =AR28*10000/(AN28*8760) -> 0.090122567 | AW28: =AS28*10000/(AO28*8760) -> 0.091324201 | AX28: =AT28*10000/(AP28*8760) -> 0.081539465 | AY28: =AU28*10000/(AQ28*8760) -> 0.68493151 | AZ28: =AR28*10000/AN28 -> 789.47368 | BA28: =AS28*10000/AO28 -> 800 | BB28: =AT28*10000/AP28 -> 714.28571 | BC28: =AU28*10000/AQ28 -> 6000
A29: 西藏 | B29: 128 | C29: 128 | D29: 18 | E29: 18 | F29: =B29-C29 -> 0 | G29: =D29-E29 -> 0 | H29: =B29-D29 -> 110 | J29: 西藏自治区 | K29: =AJ29-R29 -> 79 | L29: =AK29-S29 -> 98 | M29: =C29-E29 -> 110 | N29: =C29 -> 128 | O29: =AF29-AC29 -> 136.26 | P29: =AF29 -> 136.51 | T29: =F29-G29 -> 0 | U29: =B29-C29 -> 0 | V29: =AG29-AD29 -> 0 | W29: =AG29 -> 2.2 | AA29: 西藏 | AB29: 2.4 | AC29: 0.25 | AD29: 2.2 | AE29: 138.9 | AF29: 136.51 | AG29: 2.2 | AJ29: 79 | AK29: 98 | AM29: 西藏
A30: 陕西 | B30: 953 | C30: 781 | D30: 13 | E30: 3 | F30: =B30-C30 -> 172 | G30: =D30-E30 -> 10 | H30: =B30-D30 -> 940 | J30: 山西省 | K30: =AJ30-R30 -> 484 | L30: =AK30-S30 -> 640 | M30: =C30-E30 -> 778 | N30: =C30 -> 781 | O30: =AF30-AC30 -> 893.42 | P30: =AF30 -> 1102.82 | R30: 51 | S30: 76 | T30: =F30-G30 -> 162 | U30: =B30-C30 -> 172 | V30: =AG30-AD30 -> 190.7 | W30: =AG30 -> 210.9 | AA30: 陕西 | AB30: 229.6 | AC30: 209.4 | AD30: 20.2 | AE30: 1313.7 | AF30: 1102.82 | AG30: 210.9 | AJ30: 535 | AK30: 716 | AM30: 陕西 | AN30: 194 | AO30: 102 | AP30: 76 | AQ30: 51 | AR30: 16 | AS30: 9 | AT30: 6 | AU30: 2 | AV30: =AR30*10000/(AN30*8760) -> 0.094148661 | AW30: =AS30*10000/(AO30*8760) -> 0.10072522 | AX30: =AT30*10000/(AP30*8760) -> 0.090122567 | AY30: =AU30*10000/(AQ30*8760) -> 0.044766765 | AZ30: =AR30*10000/AN30 -> 824.74227 | BA30: =AS30*10000/AO30 -> 882.35294 | BB30: =AT30*10000/AP30 -> 789.47368 | BC30: =AU30*10000/AQ30 -> 392.15686
A31: 甘肃 | B31: 911 | C31: 838 | D31: 4 | E31: 2 | F31: =B31-C31 -> 73 | G31: =D31-E31 -> 2 | H31: =B31-D31 -> 907 | J31: 甘肃省 | K31: =AJ31-R31 -> 768 | L31: =AK31-S31 -> 790 | M31: =C31-E31 -> 836 | N31: =C31 -> 838 | O31: =AF31-AC31 -> 891.32 | P31: =AF31 -> 1047.65 | R31: 18 | S31: 49 | T31: =F31-G31 -> 71 | U31: =B31-C31 -> 73 | V31: =AG31-AD31 -> 74 | W31: =AG31 -> 77.1 | AA31: 甘肃 | AB31: 159.5 | AC31: 156.33 | AD31: 3.1 | AE31: 1124.8 | AF31: 1047.65 | AG31: 77.1 | AJ31: 786 | AK31: 839 | AM31: 甘肃 | AN31: 74 | AO31: 71 | AP31: 49 | AQ31: 18 | AR31: 9 | AS31: 6 | AT31: 2 | AU31: 1 | AV31: =AR31*10000/(AN31*8760) -> 0.13883747 | AW31: =AS31*10000/(AO31*8760) -> 0.096469226 | AX31: =AT31*10000/(AP31*8760) -> 0.04659398 | AY31: =AU31*10000/(AQ31*8760) -> 0.063419584 | AZ31: =AR31*10000/AN31 -> 1216.2162 | BA31: =AS31*10000/AO31 -> 845.07042 | BB31: =AT31*10000/AP31 -> 408.16327 | BC31: =AU31*10000/AQ31 -> 555.55556
A32: 青海 | B32: 1102 | C32: 1086 | D32: 1 | E32: 0 | F32: =B32-C32 -> 16 | G32: =D32-E32 -> 1 | H32: =B32-D32 -> 1101 | J32: 青海省 | K32: =AJ32-R32 -> 786 | L32: =AK32-S32 -> 952 | M32: =C32-E32 -> 1086 | N32: =C32 -> 1086 | O32: =AF32-AC32 -> 1532.09 | P32: =AF32 -> 1594.77 | R32: 5 | S32: 10 | T32: =F32-G32 -> 15 | U32: =B32-C32 -> 16 | V32: =AG32-AD32 -> 15.7 | W32: =AG32 -> 16 | AA32: 青海 | AB32: 63 | AC32: 62.68 | AD32: 0.3 | AE32: 1610.8 | AF32: 1594.77 | AG32: 16 | AJ32: 791 | AK32: 962 | AM32: 青海 | AN32: 17 | AO32: 15 | AP32: 10 | AQ32: 5 | AR32: 2 | AS32: 2 | AT32: 1 | AU32: 0.3 | AV32: =AR32*10000/(AN32*8760) -> 0.1343003 | AW32: =AS32*10000/(AO32*8760) -> 0.152207 | AX32: =AT32*10000/(AP32*8760) -> 0.11415525 | AY32: =AU32*10000/(AQ32*8760) -> 0.068493151 | AZ32: =AR32*10000/AN32 -> 1176.4706 | BA32: =AS32*10000/AO32 -> 1333.3333 | BB32: =AT32*10000/AP32 -> 1000 | BC32: =AU32*10000/AQ32 -> 600
A33: 宁夏 | B33: 983 | C33: 908 | D33: 65 | E33: 64 | F33: =B33-C33 -> 75 | G33: =D33-E33 -> 1 | H33: =B33-D33 -> 918 | J33: 宁夏回族自治区 | K33: =AJ33-R33 -> 587 | L33: =AK33-S33 -> 761 | M33: =C33-E33 -> 844 | N33: =C33 -> 908 | O33: =AF33-AC33 -> 1121.96 | P33: =AF33 -> 1303.36 | R33: 33 | S33: 55 | T33: =F33-G33 -> 74 | U33: =B33-C33 -> 75 | V33: =AG33-AD33 -> 75.2 | W33: =AG33 -> 80.6 | AA33: 宁夏 | AB33: 186.8 | AC33: 181.4 | AD33: 5.4 | AE33: 1384 | AF33: 1303.36 | AG33: 80.6 | AJ33: 620 | AK33: 816 | AM33: 宁夏 | AN33: 75 | AO33: 74 | AP33: 55 | AQ33: 33 | AR33: 10 | AS33: 8 | AT33: 4 | AU33: 3 | AV33: =AR33*10000/(AN33*8760) -> 0.152207 | AW33: =AS33*10000/(AO33*8760) -> 0.12341108 | AX33: =AT33*10000/(AP33*8760) -> 0.083022001 | AY33: =AU33*10000/(AQ33*8760) -> 0.1037775 | AZ33: =AR33*10000/AN33 -> 1333.3333 | BA33: =AS33*10000/AO33 -> 1081.0811 | BB33: =AT33*10000/AP33 -> 727.27273 | BC33: =AU33*10000/AQ33 -> 909.09091
A34: 新疆自治区 | B34: 1042 | C34: 1027 | D34: 1 | E34: 0 | F34: =B34-C34 -> 15 | G34: =D34-E34 -> 1 | H34: =B34-D34 -> 1041 | J34: 新疆维吾尔自治区 | K34: =AJ34-R34 -> 933 | L34: =AK34-S34 -> 976 | M34: =C34-E34 -> 1027 | N34: =C34 -> 1027 | O34: =AF34-AC34 -> 1205.48 | P34: =AF34 -> 1254.78 | R34: 1 | S34: 2 | T34: =F34-G34 -> 14 | U34: =B34-C34 -> 15 | V34: =AG34-AD34 -> 16.7 | W34: =AG34 -> 17.2 | AA34: 新疆 | AB34: 49.8 | AC34: 49.3 | AD34: 0.5 | AE34: 1272 | AF34: 1254.78 | AG34: 17.2 | AJ34: 934 | AK34: 978 | AM34: 新疆 | AN34: 16 | AO34: 15 | AP34: 2 | AQ34: 1 | AR34: 2 | AS34: 1 | AT34: 0.1 | AU34: 0.01 | AV34: =AR34*10000/(AN34*8760) -> 0.14269406 | AW34: =AS34*10000/(AO34*8760) -> 0.076103501 | AX34: =AT34*10000/(AP34*8760) -> 0.057077626 | AY34: =AU34*10000/(AQ34*8760) -> 0.011415525 | AZ34: =AR34*10000/AN34 -> 1250 | BA34: =AS34*10000/AO34 -> 666.66667 | BB34: =AT34*10000/AP34 -> 500 | BC34: =AU34*10000/AQ34 -> 100
A35: 新疆兵团 | B35: 39 | C35: 39 | D35: 0 | E35: 0 | F35: =B35-C35 -> 0 | G35: =D35-E35 -> 0 | H35: =B35-D35 -> 39 | J35: 新疆建设兵团 | K35: =AJ35-R35 -> 0 | L35: =AK35-S35 -> 0 | M35: =C35-E35 -> 39 | N35: =C35 -> 39 | O35: =AF35-AC35 -> 77.2 | P35: =AF35 -> 77.2 | T35: =F35-G35 -> 0 | U35: =B35-C35 -> 0 | V35: =AG35-AD35 -> 0 | W35: =AG35 -> 0 | AA35: 新疆兵团 | AB35: 0 | AC35: 0 | AD35: 0 | AE35: 77.2 | AF35: 77.2 | AG35: 0
K37: =K3-SUM(K4:K34) -> 0.5 | L37: =L3-SUM(L4:L34) -> 0 | M37: =M3-SUM(M4:M34) -> 38 | N37: =N3-SUM(N4:N34) -> 37 | O37: =O3-SUM(O4:O34) -> 77.25 | P37: =P3-SUM(P4:P34) -> 77.24 | R37: =R3-SUM(R4:R34) -> 1.5 | S37: =S3-SUM(S4:S34) -> 0 | T37: =T3-SUM(T4:T34) -> -1 | U37: =U3-SUM(U4:U34) -> 0 | V37: =V3-SUM(V4:V34) -> -0.3 | W37: =W3-SUM(W4:W34) -> -0.1

Sheet 户用光伏安装数据
B1: 201901 | C1: 201902 | D1: 201903 | E1: 201904 | F1: 201905 | G1: 201906 | H1: 201907 | I1: 201908 | J1: 201909 | K1: 201910 | L1: 201911 | M1: 201912 | N1: 202001 | O1: 202002 | P1: 202003 | Q1: 202004 | R1: 202005 | S1: 202006 | T1: 202007 | U1: 202008 | V1: 202009 | W1: 202010 | X1: 202011 | Y1: 202012 | Z1: 202101 | AA1: 202102 | AB1: 202103 | AC1: 202104 | AD1: 202105 | AE1: 202106 | AF1: 202107 | AG1: 202108 | AH1: 202109 | AI1: 202110 | AJ1: 202111 | AK1: 202112 | AN1: 1 | AO1: 2 | AP1: 3 | AQ1: 4 | AR1: 5 | AS1: 6 | AT1: 7 | AU1: 8 | AV1: 9 | AW1: 10 | AX1: 11 | AY1: 12
A2: 北京 | G2: 0.35 | H2: 0.063897 | I2: 0.2317335 | J2: 0.247972 | K2: 0.888244 | N2: 0.040062 | O2: 0 | P2: 0.003069 | Q2: 0.021942 | R2: 0.058974 | S2: 0.090849 | T2: 0.065412 | U2: =U38-T38 -> 0.138801 | V2: 0.1535 | W2: 0.1281 | X2: 0.2161 | Z2: 0.1786 | AA2: 0.0738 | AB2: 0.1198 | AC2: 0.2117 | AD2: 0.3528 | AE2: 0.3831 | AF2: 0.8349 | AG2: 0.4129 | AH2: 0.9094 | AI2: 0.5307 | AJ2: 1.6774 | AK2: 5.2768 | AS2: 18.5208 | AT2: 19.7179 | AU2: 26.5132 | AV2: 37.5837 | AW2: 44.478115
A3: 天津 | G3: 0.04 | H3: 0.411 | I3: 0.056102 | J3: 0.025725 | K3: 0.150136 | N3: 0.0008 | O3: 0 | P3: 0 | Q3: 0.00338 | R3: 0.0024 | S3: 0.0096 | T3: 0.14733 | U3: =U39-T39 -> 0.155124 | V3: 0.1373 | W3: 0.1514 | X3: 0.4185 | Z3: 0.0438 | AA3: 0.0489 | AB3: 0.0628 | AC3: 0.1516 | AD3: 0.2041 | AE3: 0.2821 | AF3: 0.1881 | AG3: 0.2924 | AH3: 0.3213 | AI3: 0.2483 | AJ3: 0.3474 | AK3: 0.5951 | AN3: 4.7263237 | AO3: 0.4216055 | AP3: 4.610248 | AQ3: 17.147776 | AR3: 25.439407 | AS3: 32.997844 | AT3: 38.548428 | AU3: 45.48621 | AV3: 57.9509 | AW3: 56.7659 | AX3: 173.2052
A4: 河北 | G4: 9.108782 | H4: 7.613066 | I4: 12.893203 | J4: 17.390082 | K4: 12.927215 | N4: 2.6241187 | O4: 0.1307875 | P4: 1.5698509 | Q4: 9.6245205 | R4: 12.905168 | S4: 16.837642 | T4: 17.363186 | U4: =U40-T40 -> 23.966927 | V4: 31.2149 | W4: 35.1162 | X4: 64.0835 | Z4: 5.9675 | AA4: 4.1371 | AB4: 17.1836 | AC4: 37.2244 | AD4: 37.7382 | AE4: 45.6523 | AF4: 44.8371 | AG4: 49.7806 | AH4: 57.8999 | AI4: 46.1181 | AJ4: 64.4772 | AK4: 123.0571 | AN4: 12.035 | AO4: 13.3488 | AP4: 28.1457 | AQ4: 55.8136 | AR4: 63.3849 | AS4: 67.2034 | AT4: 65.5694 | AU4: 67.8232 | AV4: 69.9044 | AW4: 64.3601 | AX4: 88.13 | AY4: 157.9777
A5: 其中：河北南网 | G5: 6.958782 | H5: 7.2 | I5: 10.8374 | J5: 15.113119 | K5: 11.0172 | N5: 2.5451667 | O5: 0.1240625 | P5: 1.3597949 | Q5: 8.960305 | R5: 11.930059 | S5: 15.475212 | T5: 15.895472 | U5: =U41-T41 -> 22.714628 | V5: 28.7508 | W5: 32.0827 | X5: 55.7591 | Z5: 5.4018 | AA5: 3.4495 | AB5: 16.2044 | AC5: 34.4905 | AD5: 33.5382 | AE5: 41.2945 | AF5: 39.2908 | AG5: 43.1765 | AH5: 51.5353 | AI5: 40.9591 | AJ5: 58.0853 | AK5: 109.535
A6: 冀北电网 | G6: 2.15 | H6: 0.413662 | I6: 2.055803 | J6: 2.276963 | K6: 1.910015 | N6: 0.078952 | O6: 0.006725 | P6: 0.210056 | Q6: 0.6642155 | R6: 0.975109 | S6: 1.36243 | T6: 1.4677135 | U6: =U42-T42 -> 1.252199 | V6: 2.4642 | W6: 3.0335 | X6: 8.3245 | Z6: 0.5657 | AA6: 0.6875 | AB6: 0.9792 | AC6: 2.7339 | AD6: 4.2 | AE6: 4.3578 | AF6: 5.5462 | AG6: 6.6041 | AH6: 6.3646 | AI6: 5.159 | AJ6: 6.3918 | AK6: 13.522
A7: 山西 | G7: 1.679881 | H7: 1.289771 | I7: 2.179311 | J7: 4.2711197 | K7: 7.5039975 | N7: 0.097213 | O7: 0.003 | P7: 0.0946615 | Q7: 0.4809445 | R7: 1.506641 | S7: 2.857445 | T7: 3.8275771 | U7: =U43-T43 -> 4.6087179 | V7: 5.8826 | W7: 6.0878 | X7: 20.3292 | Z7: 0.8123 | AA7: 0.3844 | AB7: 1.0245 | AC7: 2.3394 | AD7: 4.2833 | AE7: 5.8873 | AF7: 6.7127 | AG7: 7.0306 | AH7: 7.238 | AI7: 5.9761 | AJ7: 9.9275 | AK7: 22.6447
A8: 内蒙古 | G8: 0.204246 | H8: 0.11902 | I8: 0.044382 | J8: 0.177113 | K8: 1.697067 | N8: 0.065763 | O8: 0 | P8: 0.0008 | Q8: 0.035856 | R8: 0.01832 | S8: 0.128705 | T8: 0.04712 | U8: =U44-T44 -> 0.092936 | V8: 0.3413 | W8: 0.1561 | X8: 1.0987 | Z8: 0.0726 | AA8: 0.106 | AB8: 0.0087 | AC8: 0.1003 | AD8: 0.1175 | AE8: 0.0634 | AF8: 0.2646 | AG8: 0.1491 | AH8: 0.1323 | AI8: 0.552 | AJ8: 0.7906 | AK8: 2.9517
A9: 其中：蒙西 | G9: 0.0016 | H9: 0.003 | I9: 0.0084 | J9: 0.0015 | K9: 0.026671 | N9: 0.0535 | O9: 0 | P9: 0 | Q9: 0.0091 | R9: 0.00105 | S9: 0.05856 | T9: 0.00827 | U9: =U45-T45 -> 0.01592 | V9: 0.0968 | W9: 0.0285 | X9: 0.4838 | Z9: 0.0616 | AA9: 0.0705 | AB9: 0.0065 | AC9: 0.088 | AD9: 0.0163 | AE9: 0.0406 | AF9: 0.2371 | AG9: 0.0325 | AH9: 0.0654 | AI9: 0.1404 | AJ9: 0.1982 | AK9: 0.281
A10: 蒙东 | G10: 0.202646 | H10: 0.11602 | I10: 0.035982 | J10: 0.175613 | K10: 1.670396 | N10: 0.012263 | O10: 0 | P10: 0.0008 | Q10: 0.026756 | R10: 0.01727 | S10: 0.070145 | T10: 0.03885 | U10: =U46-T46 -> 0.077016 | V10: 0.2445 | W10: 0.1276 | X10: 0.6149 | Z10: 0.011 | AA10: 0.0355 | AB10: 0.0022 | AC10: 0.0123 | AD10: 0.1013 | AE10: 0.0228 | AF10: 0.0274 | AG10: 0.1166 | AH10: 0.0669 | AI10: 0.4116 | AJ10: 0.5924 | AK10: 2.6707
A11: 辽宁 | G11: 0.8758 | H11: 0.4055 | I11: 0.701206 | J11: 1.007487 | K11: 1.357455 | N11: 0.011195 | O11: 0.00417 | P11: 0.00749 | Q11: 0.0783 | R11: 0.254865 | S11: 0.7939015 | T11: 1.488858 | U11: =U47-T47 -> 1.3783205 | V11: 1.7548 | W11: 2.3567 | X11: 6.5393 | Z11: 0.101 | AA11: 0.0711 | AB11: 0.0685 | AC11: 0.5611 | AD11: 4.2 | AE11: 2.0447 | AF11: 1.847 | AG11: 2.5361 | AH11: 3.14 | AI11: 1.028 | AJ11: 4.1059 | AK11: 11.6456
A12: 吉林 | G12: 0.413608 | H12: 0.133081 | I12: 0.310494 | J12: 0.617114 | K12: 0.787384 | N12: 0.00364 | O12: 0.145563 | P12: 0.019536 | Q12: 0.073166 | R12: 0.425222 | S12: 0.137029 | T12: 0.3465525 | U12: =U48-T48 -> 0.6061915 | V12: 0.6826 | W12: 0.6614 | X12: 2.9643 | Z12: 0.0559 | AA12: 0.0268 | AB12: 0.0204 | AC12: 0.1176 | AD12: 0.0856 | AE12: 0.2453 | AF12: 0.314 | AG12: 0.4064 | AH12: 0.3774 | AI12: 0.3504 | AJ12: 0.3849 | AK12: 2.6022
A13: 黑龙江 | G13: 0.068 | H13: 0.0384 | I13: 0.1291 | J13: 0.519546 | K13: 0.3276 | N13: 0.012 | O13: 0.0009 | P13: 0.0005 | Q13: 0.05426 | R13: 0.043028 | S13: 0.051908 | T13: 0.068205 | U13: =U49-T49 -> 0.103619 | V13: 0.0601 | W13: 0.2 | X13: 1.0297 | Z13: 0.0278 | AA13: 0 | AB13: 0.045 | AC13: 0.0311 | AD13: 0.0412 | AE13: 0.0694 | AF13: 0.0718 | AG13: 0.131 | AH13: 0.0915 | AI13: 0.2171 | AJ13: 0.2662 | AK13: 1.1844
A14: 上海 | G14: 0.22 | H14: 0.2055 | I14: 0.2272 | J14: 0.1506 | K14: 0.3345 | N14: 0.046544 | O14: 0 | P14: 0.018565 | Q14: 0.0459022 | R14: 0.0726795 | S14: 0.1440565 | T14: 0.1641623 | U14: =U50-T50 -> 0.1490905 | V14: 0.184 | W14: 0.1204 | X14: 0.3435 | Z14: 0.0617 | AA14: 0.0365 | AB14: 0.0453 | AC14: 0.1083 | AD14: 0.1375 | AE14: 0.1329 | AF14: 0.1495 | AG14: 0.1676 | AH14: 0.1876 | AI14: 0.0716 | AJ14: 0.2706 | AK14: 0.4717
A15: 江苏 | G15: 2.07776 | H15: 1.8031639 | I15: 3.427096 | J15: 3.6969945 | K15: 3.6943895 | N15: 0.3323056 | O15: 0.009638 | P15: 0.386241 | Q15: 1.3082675 | R15: 1.754988 | S15: 1.97121 | T15: 2.2841789 | U15: =U51-T51 -> 2.2189055 | V15: 3.0691 | W15: 2.9263 | X15: 6.9188 | Z15: 0.3055 | AA15: 0.6522 | AB15: 1.891 | AC15: 3.0393 | AD15: 2.6704 | AE15: 2.859 | AF15: 4.0384 | AG15: 3.0402 | AH15: 3.608 | AI15: 3.6764 | AJ15: 4.9271 | AK15: 13.0681
A16: 浙江 | G16: 3.82102 | H16: 2.9892 | I16: 3.4746 | J16: 4.1095 | K16: 5.372 | N16: 1.0887465 | O16: 0.0136165 | P16: 0.7763235 | Q16: 1.7573965 | R16: 2.052077 | S16: 2.6506145 | T16: 2.5063612 | U16: =U52-T52 -> 2.7453643 | V16: 2.2441 | W16: 2.2235 | X16: 5.7009 | Z16: 0.8739 | AA16: 0.3364 | AB16: 0.7451 | AC16: 1.7078 | AD16: 1.3473 | AE16: 1.7208 | AF16: 1.6721 | AG16: 1.7316 | AH16: 2.7864 | AI16: 1.1857 | AJ16: 1.5615 | AK16: 2.6349
... A35: 海南 | G35: 0.012713 | H35: 0.387322 | I35: 0.0353345 | J35: 0.125937 | K35: 0.2809755 | N35: 0.016884 | O35: 0.023 | P35: 0.014303 | Q35: 0.00602 | R35: 0.019539 | S35: 0.02977 | T35: 0.038793 | U35: =U71-T71 -> 0.085791 | V35: 0.0409 | W35: 0.1034 | X35: 0.4566 | Z35: 0.0272 | AA35: 0.0863 | AB35: 0.0161 | AC35: 0.0424 | AD35: 0.0668 | AE35: 0.0333 | AF35: 0.0318 | AG35: 0.0749 | AH35: 0.0908 | AI35: 0.1088 | AJ35: 0.1126 | AK35: 0.6128
B37: 201901 | C37: 201902 | D37: 201903 | E37: 201904 | F37: 201905 | G37: 201906 | H37: 201907 | I37: 201908 | J37: 201909 | K37: 201910 | L37: 201911 | M37: 201912 | N37: 202001 | O37: 202002 | P37: 202003 | Q37: 202004 | R37: 202005 | S37: 202006 | T37: 202007 | U37: 202008 | V37: 202009 | W37: 202010 | X37: 202011 | Y37: 202012 | Z37: 202101 | AA37: 202102 | AB37: 202103 | AC37: 202104 | AD37: 202105 | AE37: 202106 | AF37: 202107 | AG37: 202108 | AH37: 202109 | AI37: 202110 | AJ37: 202111 | AK37: 202112
A38: 北京 | F38: 3.15 | G38: =H38-H2 -> 3.500527 | H38: 3.564424 | I38: 4.0771135 | J38: =I38+J2 -> 4.3250855 | K38: =J38+K2 -> 5.2133295 | N38: =M38+N2 -> 0.040062 | O38: =N38+O2 -> 0.040062 | P38: =O38+P2 -> 0.043131 | Q38: 0.065073 | R38: 0.124047 | S38: 0.216487 | T38: 0.284999 | U38: =V38-V2 -> 0.4238 | V38: 0.5773 | W38: 0.7053 | X38: 0.9214 | Z38: =Z2 -> 0.1786 | AA38: =Z38+AA2 -> 0.2524 | AB38: =AA38+AB2 -> 0.3722 | AC38: =AB38+AC2 -> 0.5839 | AD38: =AC38+AD2 -> 0.9367 | AE38: 1.3199 | AF38: 2.1548 | AG38: 2.5677 | AH38: 3.4891 | AI38: 4.0626 | AJ38: 5.8045 | AK38: 11.5264
A39: 天津 | F39: 0.13 | G39: =H39-H3 -> 0.169 | H39: 0.58 | I39: 0.6354775 | J39: =I39+J3 -> 0.6612025 | K39: =J39+K3 -> 0.8113385 | N39: =M39+N3 -> 0.0008 | O39: =N39+O3 -> 0.0008 | P39: =O39+P3 -> 0.0008 | Q39: 0.006275 | R39: 0.008675 | S39: 0.035075 | T39: 0.338776 | U39: =V39-V3 -> 0.4939 | V39: 0.6312 | W39: 0.7826 | X39: 1.2011 | Z39: =Z3 -> 0.0438 | AA39: =Z39+AA3 -> 0.0927 | AB39: =AA39+AB3 -> 0.1555 | AC39: =AB39+AC3 -> 0.3071 | AD39: =AC39+AD3 -> 0.5112 | AE39: 0.7933 | AF39: 0.9815 | AG39: 1.2739 | AH39: 1.5951 | AI39: 1.8435 | AJ39: 2.1909 | AK39: 2.7859
A40: 河北 | F40: 23.74884 | G40: =H40-H4 -> 32.85658 | H40: 40.469646 | I40: 53.362828 | J40: =I40+J4 -> 70.75291 | K40: =J40+K4 -> 83.680125 | N40: =M40+N4 -> 2.6241187 | O40: =N40+O4 -> 2.7549062 | P40: =O40+P4 -> 4.3247571 | Q40: 13.949278 | R40: 26.854446 | S40: 43.692087 | T40: 61.055273 | U40: =V40-V4 -> 85.0222 | V40: 116.2371 | W40: 151.3534 | X40: 215.4475 | Z40: =Z4 -> 5.9675 | AA40: =Z40+AA4 -> 10.1046 | AB40: =AA40+AB4 -> 27.2882 | AC40: =AB40+AC4 -> 64.5126 | AD40: =AC40+AD4 -> 102.2508 | AE40: 147.9031 | AF40: 192.7401 | AG40: 242.5224 | AH40: 300.4223 | AI40: 346.5404 | AJ40: 411.0176 | AK40: 534.0746
A41: 其中：河北南网 | F41: 19.00884 | G41: =H41-H5 -> 25.97 | H41: 33.17 | I41: 44.0044 | J41: =I41+J5 -> 59.117519 | K41: =J41+K5 -> 70.134719 | N41: =M41+N5 -> 2.5451667 | O41: =N41+O5 -> 2.6692292 | P41: =O41+P5 -> 4.0290241 | Q41: 12.989329 | R41: 24.919388 | S41: 40.3946 | T41: 56.290072 | U41: =V41-V5 -> 79.0047 | V41: 107.7555 | W41: 139.8382 | X41: 195.6079 | Z41: =Z5 -> 5.4018 | AA41: =Z41+AA5 -> 8.8513 | AB41: =AA41+AB5 -> 25.0557 | AC41: =AB41+AC5 -> 59.5462 | AD41: =AC41+AD5 -> 93.0844 | AE41: 134.3789 | AF41: 173.6697 | AG41: 216.8479 | AH41: 268.3832 | AI41: 309.3423 | AJ41: 367.4277 | AK41: 476.9627
A42: 冀北电网 | F42: 4.74 | G42: =H42-H6 -> 6.888963 | H42: 7.302625 | I42: 9.358428 | J42: =I42+J6 -> 11.635391 | K42: =J42+K6 -> 13.545406 | N42: =M42+N6 -> 0.078952 | O42: =N42+O6 -> 0.085677 | P42: =O42+P6 -> 0.295733 | Q42: 0.9599485 | R42: 1.9350575 | S42: 3.2974875 | T42: 4.765201 | U42: =V42-V6 -> 6.0174 | V42: 8.4816 | W42: 11.5151 | X42: 19.8396 | Z42: =Z6 -> 0.5657 | AA42: =Z42+AA6 -> 1.2532 | AB42: =AA42+AB6 -> 2.2324 | AC42: =AB42+AC6 -> 4.9663 | AD42: =AC42+AD6 -> 9.1663 | AE42: 13.5242 | AF42: 19.0704 | AG42: 25.6745 | AH42: 32.0391 | AI42: 37.1981 | AJ42: 43.5899 | AK42: 57.1119
A43: 山西 | F43: 10.16097 | G43: =H43-H7 -> 11.840851 | H43: 13.130622 | I43: 15.414288 | J43: =I43+J7 -> 19.685407 | K43: =J43+K7 -> 27.189405 | N43: =M43+N7 -> 0.097213 | O43: =N43+O7 -> 0.100213 | P43: =O43+P7 -> 0.1948745 | Q43: 0.675819 | R43: 2.18246 | S43: 5.039905 | T43: 8.8674821 | U43: =V43-V7 -> 13.4762 | V43: 19.3588 | W43: 25.476 | X43: 45.8052 | Z43: =Z7 -> 0.8123 | AA43: =Z43+AA7 -> 1.1967 | AB43: =AA43+AB7 -> 2.2212 | AC43: =AB43+AC7 -> 4.5606 | AD43: =AC43+AD7 -> 8.8439 | AE43: 14.7313 | AF43: 21.4439 | AG43: 28.4745 | AH43: 35.7125 | AI43: 41.6886 | AJ43: 51.6161 | AK43: 74.2915
A44: 内蒙古 | F44: 1.702584 | G44: =H44-H8 -> 1.90683 | H44: 2.02585 | I44: 2.070232 | J44: =I44+J8 -> 2.247345 | K44: =J44+K8 -> 3.944412 | N44: =M44+N8 -> 0.065763 | O44: =N44+O8 -> 0.065763 | P44: =O44+P8 -> 0.066563 | Q44: 0.102419 | R44: 0.120739 | S44: 0.251244 | T44: 0.298364 | U44: =V44-V8 -> 0.3913 | V44: 0.7326 | W44: 0.8908 | X44: 1.9904 | Z44: =Z8 -> 0.0726 | AA44: =Z44+AA8 -> 0.1786 | AB44: =AA44+AB8 -> 0.1873 | AC44: =AB44+AC8 -> 0.2876 | AD44: =AC44+AD8 -> 0.4051 | AE44: 0.4686 | AF44: 0.7449 | AG44: 0.8953 | AH44: 1.0376 | AI44: 1.6026 | AJ44: 2.3984 | AK44: 5.3501
A45: 其中：蒙西 | F45: 0.129183 | G45: =H45-H9 -> 0.130783 | H45: 0.133783 | I45: 0.142183 | J45: =I45+J9 -> 0.143683 | K45: =J45+K9 -> 0.170354 | N45: =M45+N9 -> 0.0535 | O45: =N45+O9 -> 0.0535 | P45: =O45+P9 -> 0.0535 | Q45: 0.0626 | R45: 0.06365 | S45: 0.12401 | T45: 0.13228 | U45: =V45-V9 -> 0.1482 | V45: 0.245 | W45: 0.2756 | X45: 0.7594 | Z45: =Z9 -> 0.0616 | AA45: =Z45+AA9 -> 0.1321 | AB45: =AA45+AB9 -> 0.1386 | AC45: =AB45+AC9 -> 0.2266 | AD45: =AC45+AD9 -> 0.2429 | AE45: 0.2835 | AF45: 0.5323 | AG45: 0.5661 | AH45: 0.6416 | AI45: 0.795 | AJ45: 0.9962 | AK45: 1.2772
A46: 蒙东 | F46: 1.573401 | G46: =H46-H10 -> 1.776047 | H46: 1.892067 | I46: 1.928049 | J46: =I46+J10 -> 2.103662 | K46: =J46+K10 -> 3.774058 | N46: =M46+N10 -> 0.012263 | O46: =N46+O10 -> 0.012263 | P46: =O46+P10 -> 0.013063 | Q46: 0.039819 | R46: 0.057089 | S46: 0.127234 | T46: 0.166084 | U46: =V46-V10 -> 0.2431 | V46: 0.4876 | W46: 0.6152 | X46: 1.231 | Z46: =Z10 -> 0.011 | AA46: =Z46+AA10 -> 0.0465 | AB46: =AA46+AB10 -> 0.0487 | AC46: =AB46+AC10 -> 0.061 | AD46: =AC46+AD10 -> 0.1623 | AE46: 0.1851 | AF46: 0.2126 | AG46: 0.3291 | AH46: 0.396 | AI46: 0.8076 | AJ46: 1.4022 | AK46: 4.0729
A47: 辽宁 | F47: 2.4835 | G47: =H47-H11 -> 3.3593 | H47: 3.7648 | I47: 4.465963 | J47: =I47+J11 -> 5.47345 | K47: =J47+K11 -> 6.830905 | N47: =M47+N11 -> 0.011195 | O47: =N47+O11 -> 0.015365 | P47: =O47+P11 -> 0.022855 | Q47: 0.101155 | R47: 0.35602 | S47: 1.1499215 | T47: 2.6387795 | U47: =V47-V11 -> 4.0171 | V47: 5.7719 | W47: 8.1286 | X47: 14.6679 | Z47: =Z11 -> 0.101 | AA47: =Z47+AA11 -> 0.1721 | AB47: =AA47+AB11 -> 0.2406 | AC47: =AB47+AC11 -> 0.8017 | AD47: =AC47+AD11 -> 5.0017 | AE47: 3.716 | AF47: 5.563 | AG47: 8.1308 | AH47: 11.2708 | AI47: 12.2988 | AJ47: 16.4047 | AK47: 29.1297
A48: 吉林 | F48: 0.756171 | G48: =H48-H12 -> 1.2282323 | H48: 1.3613133 | I48: 1.592207 | J48: =I48+J12 -> 2.209321 | K48: =J48+K12 -> 2.996705 | N48: =M48+N12 -> 0.00364 | O48: =N48+O12 -> 0.149203 | P48: =O48+P12 -> 0.168739 | Q48: 0.241905 | R48: 0.667127 | S48: 0.804156 | T48: 1.1507085 | U48: =V48-V12 -> 1.7569 | V48: 2.4395 | W48: 3.1039 | X48: 6.0682 | Z48: =Z12 -> 0.0559 | AA48: =Z48+AA12 -> 0.0827 | AB48: =AA48+AB12 -> 0.1031 | AC48: =AB48+AC12 -> 0.2207 | AD48: =AC48+AD12 -> 0.3063 | AE48: 0.5517 | AF48: 0.8657 | AG48: 1.2721 | AH48: 1.6495 | AI48: 1.9998 | AJ48: 2.3878 | AK48: 4.9921
A49: 黑龙江 | F49: 0.8282 | G49: =H49-H13 -> 0.8225 | H49: 0.8609 | I49: 0.9899 | J49: =I49+J13 -> 1.509446 | K49: =J49+K13 -> 1.837046 | N49: =M49+N13 -> 0.012 | O49: =N49+O13 -> 0.0129 | P49: =O49+P13 -> 0.0134 | Q49: 0.06766 | R49: 0.110688 | S49: 0.209576 | T49: 0.277781 | U49: =V49-V13 -> 0.3814 | V49: 0.4415 | W49: 0.6415 | X49: 1.6807 | Z49: =Z13 -> 0.0278 | AA49: =Z49+AA13 -> 0.0278 | AB49: =AA49+AB13 -> 0.0728 | AC49: =AB49+AC13 -> 0.1039 | AD49: =AC49+AD13 -> 0.1451 | AE49: 0.2145 | AF49: 0.2863 | AG49: 0.4173 | AH49: 0.5089 | AI49: 0.726 | AJ49: 1.018 | AK49: 2.2025
... A55: 江西 | F55: 3.86 | G55: =H55-H19 -> 4.7123 | H55: 5.2072 | I55: 6.3192 | J55: =I55+J19 -> 7.672 | K55: =J55+K19 -> 9.8245 | N55: =M55+N19 -> 0.263909 | O55: =N55+O19 -> 0.293789 | P55: =O55+P19 -> 0.442051 | Q55: 0.916109 | R55: 1.766758 | S55: 2.8160965 | T55: 4.3828335 | U55: =V55-V19 -> 5.7842 | V55: 7.4741 | W55: 9.134 | X55: 14.8327 | Z55: =Z19 -> 0.5313 | AA55: =Z55+AA19 -> 1.0215 | AB55: =AA55+AB19 -> 1.9417 | AC55: =AB55+AC19 -> 4.0516 | AD55: =AC55+AD19 -> 6.3833 | AE55: 10.0767 | AF55: 14.265 | AG55: 18.8812 | AH55: 24.4653 | AI55: 29.5102 | AJ55: 35.5597 | AK55: 49.0241
A56: 山东 | F56: 42.9135 | G56: =H56-H20 -> 61.4343 | H56: 81.1522 | I56: 107.665 | J56: =I56+J20 -> 145.2487 | K56: =J56+K20 -> 189.72682 | N56: =M56+N20 -> 4.7263237 | O56: =N56+O20 -> 5.1479292 | P56: =O56+P20 -> 9.7581772 | Q56: 26.905953 | R56: 52.34536 | S56: 85.583762 | T56: 124.13249 | U56: =V56-V20 -> 169.6187 | V56: 227.5696 | W56: 284.3355 | X56: 457.5407 | Y56: 466 | Z56: =Z20 -> 12.035 | AA56: =Z56+AA20 -> 25.3838 | AB56: =AA56+AB20 -> 53.5295 | AC56: =AB56+AC20 -> 109.3431 | AD56: =AC56+AD20 -> 172.728 | AE56: 240.4745 | AF56: 309.919 | AG56: 378.1659 | AH56: 448.2107 | AI56: 512.6124 | AJ56: 600.8018 | AK56: 763.2183
A57: 河南 | F57: 13.63934 | G57: =H57-H21 -> 17.6293 | H57: 23.8286 | I57: 31.0919 | J57: =I57+J21 -> 41.2316 | K57: =J57+K21 -> 48.2795 | N57: =M57+N21 -> 2.0353965 | O57: =N57+O21 -> 2.171565 | P57: =O57+P21 -> 4.4751777 | Q57: 9.5836757 | R57: 17.728381 | S57: 26.990064 | T57: 38.199446 | U57: =V57-V21 -> 48.5735 | V57: 61.9354 | W57: 74.2602 | X57: 105.3314 | Z57: =Z21 -> 5.1144 | AA57: =Z57+AA21 -> 9.97 | AB57: =AA57+AB21 -> 20.8916 | AC57: =AB57+AC21 -> 40.4041 | AD57: =AC57+AD21 -> 64.3464 | AE57: 89.9464 | AF57: 115.7053 | AG57: 139.3703 | AH57: 171.6745 | AI57: 207.8536 | AJ57: 267.9879 | AK57: 343.2272
A58: 湖北 | F58: 2.44 | G58: =H58-H22 -> 2.51 | H58: 2.88 | I58: 3.5501355 | J58: =I58+J22 -> 4.3022161 | K58: =J58+K22 -> 5.0883676 | N58: =M58+N22 -> 0.091982 | O58: =N58+O22 -> 0.091982 | P58: =O58+P22 -> 0.095707 | Q58: 0.1766005 | R58: 0.3544765 | S58: 0.5805865 | T58: 0.839664 | U58: =V58-V22 -> 1.1681 | V58: 1.8213 | W58: 2.0703 | X58: 3.005 | Z58: =Z22 -> 0.3888 | AA58: =Z58+AA22 -> 0.5188 | AB58: =AA58+AB22 -> 0.7337 | AC58: =AB58+AC22 -> 0.9359 | AD58: =AC58+AD22 -> 1.3686 | AE58: 1.543 | AF58: 2.0678 | AG58: 2.5983 | AH58: 3.3159 | AI58: 3.8932 | AJ58: 4.9037 | AK58: 7.3506
A59: 湖南 | F59: 5.851063 | G59: =H59-H23 -> 6.4286 | H59: 7.7331 | I59: 8.2013 | J59: =I59+J23 -> 8.7699 | K59: =J59+K23 -> 9.8826625 | N59: =M59+N23 -> 0.1873 | O59: =N59+O23 -> 0.2202 | P59: =O59+P23 -> 0.3406 | Q59: 0.6375 | R59: 1.17751 | S59: 1.61731 | T59: 2.34871 | U59: =V59-V23 -> 3.0412 | V59: 3.6257 | W59: 4.3898 | X59: 7.2949 | Z59: =Z23 -> 0.395 | AA59: =Z59+AA23 -> 0.6442 | AB59: =AA59+AB23 -> 1.1071 | AC59: =AB59+AC23 -> 1.8924 | AD59: =AC59+AD23 -> 2.7352 | AE59: 4.0384 | AF59: 5.4836 | AG59: 7.0713 | AH59: 9.4154 | AI59: 11.2964 | AJ59: 13.5559 | AK59: 19.0448
A60: 重庆 | F60: 0.218251 | G60: =H60-H24 -> 0.248041 | H60: 0.258285 | I60: 0.324618 | J60: =I60+J24 -> 0.365218 | K60: =J60+K24 -> 0.391229 | N60: =M60+N24 -> 0.001918 | O60: =N60+O24 -> 0.001918 | P60: =O60+P24 -> 0.007544 | Q60: 0.027268 | R60: 0.03539 | S60: 0.063734 | T60: 0.094223 | U60: =V60-V24 -> 0.1267 | V60: 0.1329 | W60: 0.162 | X60: 0.176 | Z60: =Z24 -> 0.0158 | AA60: =Z60+AA24 -> 0.0182 | AB60: =AA60+AB24 -> 0.0278 | AC60: =AB60+AC24 -> 0.0456 | AD60: =AC60+AD24 -> 0.0715 | AE60: 0.0897 | AF60: 0.1231 | AG60: 0.1517 | AH60: 0.1731 | AI60: 0.2097 | AJ60: 0.2585 | AK60: 0.3459
A61: 四川 | F61: 0.4535 | G61: =H61-H25 -> 0.452105 | H61: 0.8447965 | I61: 0.9124495 | J61: =I61+J25 -> 1.0517605 | K61: =J61+K25 -> 1.2946805 | N61: =M61+N25 -> 0.052872 | O61: =N61+O25 -> 0.055672 | P61: =O61+P25 -> 0.072962 | Q61: 0.126537 | R61: 0.219969 | S61: 0.499661 | T61: 0.764531 | U61: =V61-V25 -> 0.946 | V61: 1.0618 | W61: 1.1988 | X61: 1.9801 | Z61: =Z25 -> 0.0411 | AA61: =Z61+AA25 -> 0.1028 | AB61: =AA61+AB25 -> 0.2124 | AC61: =AB61+AC25 -> 0.5283 | AD61: =AC61+AD25 -> 0.7752 | AE61: 0.9662 | AF61: 1.2243 | AG61: 1.7284 | AH61: 2.0112 | AI61: 2.2019 | AJ61: 3.106 | AK61: 3.8123
A62: 陕西 | F62: 2.207777 | G62: =H62-H26 -> 2.584636 | H62: 3.277233 | I62: 4.240469 | J62: =I62+J26 -> 5.3280725 | K62: =J62+K26 -> 6.6805495 | N62: =M62+N26 -> 0.069535 | O62: =N62+O26 -> 0.087301 | P62: =O62+P26 -> 0.110818 | Q62: 0.359284 | R62: 1.277771 | S62: 2.9671331 | T62: 4.2713348 | U62: =V62-V26 -> 6.3381 | V62: 7.8289 | W62: 9.2298 | X62: 13.5018 | Z62: =Z26 -> 0.0447 | AA62: =Z62+AA26 -> 0.0891 | AB62: =AA62+AB26 -> 0.3706 | AC62: =AB62+AC26 -> 1.0755 | AD62: =AC62+AD26 -> 2.1592 | AE62: 4.2139 | AF62: 5.9322 | AG62: 8.3188 | AH62: 10.5095 | AI62: 12.647 | AJ62: 16.0348 | AK62: 21.7042
A63: 甘肃 | F63: 2.117933 | G63: =H63-H27 -> 2.2323855 | H63: 2.2936955 | I63: 2.411596 | J63: =I63+J27 -> 2.573644 | K63: =J63+K27 -> 3.251883 | N63: =M63+N27 -> 0.00536 | O63: =N63+O27 -> 0.00536 | P63: =O63+P27 -> 0.01456 | Q63: 0.027016 | R63: 0.056334 | S63: 0.092884 | T63: 0.145542 | U63: =V63-V27 -> 0.2249 | V63: 0.2793 | W63: 0.4284 | X63: 0.7275 | Z63: =Z27 -> 0.0235 | AA63: =Z63+AA27 -> 0.0265 | AB63: =AA63+AB27 -> 0.0533 | AC63: =AB63+AC27 -> 0.1363 | AD63: =AC63+AD27 -> 0.1744 | AE63: 0.2282 | AF63: 0.3274 | AG63: 0.445 | AH63: 0.5349 | AI63: 0.5915 | AJ63: 0.7526 | AK63: 1.0777
A64: 青海 | F64: 0.221434 | G64: =H64-H28 -> 0.3925335 | H64: 0.4205335 | I64: 0.4220335 | J64: =I64+J28 -> 0.4410335 | K64: =J64+K28 -> 0.5077935 | N64: =M64+N28 -> 0 | O64: =N64+O28 -> 0.0012 | P64: =O64+P28 -> 0.320155 | Q64: 0.333979 | R64: 0.342289 | S64: 0.359355 | T64: 0.368237 | U64: =V64-V28 -> 0.3747 | V64: 0.3964 | W64: 0.4038 | X64: 0.5136 | Z64: =Z28 -> 0.0012 | AA64: =Z64+AA28 -> 0.0017 | AB64: =AA64+AB28 -> 0.0122 | AC64: =AB64+AC28 -> 0.0257 | AD64: =AC64+AD28 -> 0.0392 | AE64: 0.077 | AF64: 0.1195 | AG64: 0.1813 | AH64: 0.213 | AI64: 0.2565 | AJ64: 0.2878 | AK64: 0.3517
A65: 宁夏 | F65: 0.371239 | G65: =H65-H29 -> 0.4453 | H65: 0.4755 | I65: 0.51023 | J65: =I65+J29 -> 0.56898 | K65: =J65+K29 -> 0.80742 | N65: =M65+N29 -> 0.002 | O65: =N65+O29 -> 0.002 | P65: =O65+P29 -> 0.0114 | Q65: 0.0126 | R65: 0.0126 | S65: 0.035634 | T65: 0.080264 | U65: =V65-V29 -> 0.12 | V65: 0.1389 | W65: 0.185 | X65: 0.3325 | Z65: =Z29 -> 0.0015 | AA65: =Z65+AA29 -> 0.0029 | AB65: =AA65+AB29 -> 0.0069 | AC65: =AB65+AC29 -> 0.0086 | AD65: =AC65+AD29 -> 0.0304 | AE65: 0.0422 | AF65: 0.0672 | AG65: 0.0749 | AH65: 0.1014 | AI65: 0.1439 | AJ65: 0.6319 | AK65: 0.4052
A66: 新疆自治区（含兵团） | F66: 0.0847 | G66: =H66-H30 -> 0.104 | H66: 0.1165 | I66: 0.141 | J66: =I66+J30 -> 0.156 | K66: =J66+K30 -> 0.184156 | N66: =M66+N30 -> 0.0013 | O66: =N66+O30 -> 0.0013 | P66: =O66+P30 -> 0.0013 | Q66: 0.0013 | R66: 0.0239 | S66: 0.0239 | T66: 0.03288 | U66: =V66-V30 -> 0.2636 | V66: 0.2827 | W66: 0.4175 | X66: 0.5974 | Z66: =Z30 -> 0.1515 | AA66: =Z66+AA30 -> 0.1515 | AB66: =AA66+AB30 -> 0.1515 | AC66: =AB66+AC30 -> 0.1526 | AD66: =AC66+AD30 -> 0.1556 | AE66: 0.1556 | AF66: 0.1696 | AG66: 0.1735 | AH66: 0.1735 | AI66: 0.1775 | AJ66: 0.192 | AK66: 0.4005
A67: 广东 | F67: 13.5746 | G67: =H67-H31 -> 14.9305 | H67: 15.8084 | I67: 16.9219 | J67: =I67+J31 -> 18.3214 | K67: =J67+K31 -> 20.9154 | N67: =M67+N31 -> 0.4044185 | O67: =N67+O31 -> 0.4390665 | P67: =O67+P31 -> 0.6895305 | Q67: 1.134502 | R67: 1.673164 | S67: 2.727325 | T67: 3.8691245 | U67: =V67-V31 -> 5.0914 | V67: 6.4402 | W67: 8.4176 | X67: 12.4418 | Z67: =Z31 -> 1.3471 | AA67: =Z67+AA31 -> 2.0061 | AB67: =AA67+AB31 -> 2.7738 | AC67: =AB67+AC31 -> 4.1125 | AD67: =AC67+AD31 -> 5.5085 | AE67: 7.3231 | AF67: 9.7364 | AG67: 12.4123 | AH67: 15.5939 | AI67: 18.3569 | AJ67: 22.9256 | AK67: 31.1558
A68: 广西 | F68: 3.048305 | G68: =H68-H32 -> 1.9831 | H68: 2.1589 | I68: 2.6216885 | J68: =I68+J32 -> 2.8415885 | K68: =J68+K32 -> 3.1503365 | N68: =M68+N32 -> 0.050226 | O68: =N68+O32 -> 0.061126 | P68: =O68+P32 -> 0.0879065 | Q68: 0.1753745 | R68: 0.2402095 | S68: 0.3006845 | T68: 0.4096165 | U68: =V68-V32 -> 0.4751 | V68: 0.6169 | W68: 0.7581 | X68: 1.1213 | Z68: =Z32 -> 0.1082 | AA68: =Z68+AA32 -> 0.1611 | AB68: =AA68+AB32 -> 0.2249 | AC68: =AB68+AC32 -> 0.3493 | AD68: =AC68+AD32 -> 0.4846 | AE68: 0.6424 | AF68: 0.8929 | AG68: 1.1483 | AH68: 1.4629 | AI68: 1.7409 | AJ68: 2.1517 | AK68: 2.8014
... A71: 海南 | F71: 0.261713 | G71: =H71-H35 -> 0.274425 | H71: 0.661747 | I71: 0.6970815 | J71: =I71+J35 -> 0.8230185 | K71: =J71+K35 -> 1.103994 | N71: =M71+N35 -> 0.016884 | O71: =N71+O35 -> 0.039884 | P71: =O71+P35 -> 0.054187 | Q71: 0.060207 | R71: 0.079746 | S71: 0.109516 | T71: 0.148309 | U71: =V71-V35 -> 0.2341 | V71: 0.275 | W71: 0.3924 | X71: 0.8751 | Z71: =Z35 -> 0.0272 | AA71: =Z71+AA35 -> 0.1135 | AB71: =AA71+AB35 -> 0.1296 | AC71: =AB71+AC35 -> 0.172 | AD71: =AC71+AD35 -> 0.2388 | AE71: 0.2752 | AF71: 0.3098 | AG71: 0.3908 | AH71: 0.5368 | AI71: 0.6903 | AJ71: 0.8091 | AK71: 1.5194
A73: 根据中国光伏行业协会数据显示，2020年全国户用光伏的装机规模累计达到20GW，新增装机规模高达10.1GW。

Sheet 户用光伏上限模拟
A1: 单户光伏 | B1: =911/51.3 -> 17.758285 | C1: 乡村户人口 | D1: 2.78 | E1: 城镇户人口 | F1: 2.74 | G1: 乡村户覆盖率 | H1: 0.2 | I1: 城镇户覆盖率 | J1: 0.05
A3: 年份 | B3: 2016 | C3: 2017 | D3: 2018 | E3: 2019 | F3: 2020 | G3: 2021 | H3: 2022 | I3: 2023 | J3: 2024 | K3: 2025 | L3: 2026 | M3: 2027 | N3: 2028 | O3: 2029 | P3: 2030 | Q3: 2031 | R3: 2032 | S3: 2033 | T3: 2034 | U3: 2035 | V3: 2036 | W3: 2037 | X3: 2038 | Y3: 2039 | Z3: 2040 | AA3: 2041 | AB3: 2042 | AC3: 2043 | AD3: 2044 | AE3: 2045 | AF3: 2046 | AG3: 2047 | AH3: 2048 | AI3: 2049 | AJ3: 2050 | AK3: 2051 | AL3: 2052 | AM3: 2053 | AN3: 2054 | AO3: 2055 | AP3: 2056 | AQ3: 2057 | AR3: 2058 | AS3: 2059 | AT3: 2060
A4: 济南市 | E4: 9124789 | F4: 9201490 | G4: 9266483 | H4: 9320566 | I4: 9364509 | J4: 9399053 | K4: 9424908 | L4: 9442756 | M4: 9453249 | N4: 9457010 | O4: 9454632 | P4: 9446679 | Q4: 9433686 | R4: 9416158 | S4: 9394571 | T4: 9369372 | U4: 9340977 | V4: 9309775 | W4: 9276123 | X4: 9240351 | Y4: 9202758 | Z4: 9163614 | AA4: 9123161 | AB4: 9081609 | AC4: 9039142 | AD4: 8995911 | AE4: 8952040 | AF4: 8907623 | AG4: 8862724 | AH4: 8817379 | AI4: 8771593 | AJ4: 8725344 | AK4: 8678577 | AL4: 8631211 | AM4: 8583134 | AN4: 8534204 | AO4: 8484252 | AP4: 8433078 | AQ4: 8380452 | AR4: 8326116 | AS4: 8269781 | AT4: 8211131
A5: 青岛市 | E5: 10004648 | F5: 10070342 | G5: 10125262 | H5: 10170056 | I5: 10205351 | J5: 10231753 | K5: 10249849 | L5: 10260204 | M5: 10263363 | N5: 10259848 | O5: 10250163 | P5: 10234790 | Q5: 10214192 | R5: 10188808 | S5: 10159060 | T5: 10125346 | U5: 10088046 | V5: 10047517 | W5: 10004098 | X5: 9958105 | Y5: 9909833 | Z5: 9859559 | AA5: 9807537 | AB5: 9754000 | AC5: 9699163 | AD5: 9643217 | AE5: 9586335 | AF5: 9528667 | AG5: 9470344 | AH5: 9411477 | AI5: 9352153 | AJ5: 9292441 | AK5: 9232388 | AL5: 9172023 | AM5: 9111351 | AN5: 9050357 | AO5: 8989006 | AP5: 8927242 | AQ5: 8864990 | AR5: 8802151 | AS5: 8738608 | AT5: 8674222
A6: 淄博市 | E6: 4681060 | F6: 4703603 | G6: 4722676 | H6: 4738360 | I6: 4750739 | J6: 4759897 | K6: 4765924 | L6: 4768912 | M6: 4768955 | N6: 4766151 | O6: 4760600 | P6: 4752406 | Q6: 4741674 | R6: 4728514 | S6: 4713037 | T6: 4695359 | U6: 4675596 | V6: 4653869 | W6: 4630301 | X6: 4605020 | Y6: 4578153 | Z6: 4549833 | AA6: 4520194 | AB6: 4489375 | AC6: 4457515 | AD6: 4424759 | AE6: 4391252 | AF6: 4357143 | AG6: 4322585 | AH6: 4287733 | AI6: 4252744 | AJ6: 4217779 | AK6: 4183001 | AL6: 4148578 | AM6: 4114677 | AN6: 4081471 | AO6: 4049136 | AP6: 4017848 | AQ6: 3987790 | AR6: 3959143 | AS6: 3932096 | AT6: 3906836
A7: 枣庄市 | E7: 3828414 | F7: 3855201 | G7: 3879651 | H7: 3901786 | I7: 3921634 | J7: 3939224 | K7: 3954589 | L7: 3967767 | M7: 3978797 | N7: 3987722 | O7: 3994588 | P7: 3999445 | Q7: 4002346 | R7: 4003348 | S7: 4002509 | T7: 3999893 | U7: 3995565 | V7: 3989596 | W7: 3982057 | X7: 3973024 | Y7: 3962578 | Z7: 3950800 | AA7: 3937776 | AB7: 3923595 | AC7: 3908350 | AD7: 3892136 | AE7: 3875053 | AF7: 3857202 | AG7: 3838689 | AH7: 3819623 | AI7: 3800116 | AJ7: 3780283 | AK7: 3760243 | AL7: 3740118 | AM7: 3720033 | AN7: 3700117 | AO7: 3680501 | AP7: 3661320 | AQ7: 3642714 | AR7: 3624823 | AS7: 3607793 | AT7: 3591771
A8: 东营市 | E8: 2181073 | F8: 2193342 | G8: 2203929 | H8: 2212897 | I8: 2220309 | J8: 2226225 | K8: 2230707 | L8: 2233814 | M8: 2235605 | N8: 2236138 | O8: 2235472 | P8: 2233662 | Q8: 2230764 | R8: 2226835 | S8: 2221927 | T8: 2216095 | U8: 2209392 | V8: 2201870 | W8: 2193579 | X8: 2184571 | Y8: 2174895 | Z8: 2164600 | AA8: 2153734 | AB8: 2142346 | AC8: 2130480 | AD8: 2118184 | AE8: 2105503 | AF8: 2092480 | AG8: 2079160 | AH8: 2065584 | AI8: 2051796 | AJ8: 2037836 | AK8: 2023745 | AL8: 2009563 | AM8: 1995328 | AN8: 1981078 | AO8: 1966852 | AP8: 1952685 | AQ8: 1938613 | AR8: 1924672 | AS8: 1910895 | AT8: 1897317
A9: 烟台市 | E9: 7061298 | F9: 7101116 | G9: 7131386 | H9: 7152720 | I9: 7165713 | J9: 7170939 | K9: 7168958 | L9: 7160307 | M9: 7145508 | N9: 7125064 | O9: 7099459 | P9: 7069158 | Q9: 7034610 | R9: 6996243 | S9: 6954468 | T9: 6909677 | U9: 6862246 | V9: 6812529 | W9: 6760864 | X9: 6707570 | Y9: 6652948 | Z9: 6597281 | AA9: 6540832 | AB9: 6483847 | AC9: 6426553 | AD9: 6369161 | AE9: 6311859 | AF9: 6254821 | AG9: 6198200 | AH9: 6142133 | AI9: 6086736 | AJ9: 6032108 | AK9: 5978331 | AL9: 5925466 | AM9: 5873557 | AN9: 5822630 | AO9: 5772692 | AP9: 5723732 | AQ9: 5675720 | AR9: 5628609 | AS9: 5582333 | AT9: 5536807
A10: 潍坊市 | E10: 9338971 | F10: 9385514 | G10: 9425574 | H10: 9459303 | I10: 9486859 | J10: 9508405 | K10: 9524107 | L10: 9534139 | M10: 9538675 | N10: 9537899 | O10: 9531996 | P10: 9521158 | Q10: 9505580 | R10: 9485464 | S10: 9461014 | T10: 9432441 | U10: 9399961 | V10: 9363792 | W10: 9324161 | X10: 9281295 | Y10: 9235430 | Z10: 9186805 | AA10: 9135663 | AB10: 9082252 | AC10: 9026828 | AD10: 8969646 | AE10: 8910972 | AF10: 8851072 | AG10: 8790219 | AH10: 8728690 | AI10: 8666767 | AJ10: 8604738 | AK10: 8542894 | AL10: 8481532 | AM10: 8420953 | AN10: 8361463 | AO10: 8303373 | AP10: 8246999 | AQ10: 8192661 | AR10: 8140684 | AS10: 8091399 | AT10: 8045140
A11: 济宁市 | E11: 8319940 | F11: 8356958 | G11: 8391066 | H11: 8422171 | I11: 8450190 | J11: 8475052 | K11: 8496696 | L11: 8515074 | M11: 8530148 | N11: 8541892 | O11: 8550288 | P11: 8555335 | Q11: 8557037 | R11: 8555413 | S11: 8550493 | T11: 8542315 | U11: 8530932 | V11: 8516406 | W11: 8498811 | X11: 8478231 | Y11: 8454762 | Z11: 8428512 | AA11: 8399598 | AB11: 8368150 | AC11: 8334309 | AD11: 8298226 | AE11: 8260064 | AF11: 8219996 | AG11: 8178209 | AH11: 8134897 | AI11: 8090269 | AJ11: 8044543 | AK11: 7997949 | AL11: 7950727 | AM11: 7903130 | AN11: 7855420 | AO11: 7807872 | AP11: 7760772 | AQ11: 7714415 | AR11: 7669109 | AS11: 7625174 | AT11: 7582939
A12: 泰安市 | E12: 5450865 | F12: 5471633 | G12: 5488885 | H12: 5502735 | I12: 5513301 | J12: 5520697 | K12: 5525037 | L12: 5526435 | M12: 5525005 | N12: 5520859 | O12: 5514108 | P12: 5504865 | Q12: 5493240 | R12: 5479343 | S12: 5463284 | T12: 5445172 | U12: 5425115 | V12: 5403221 | W12: 5379598 | X12: 5354351 | Y12: 5327587 | Z12: 5299412 | AA12: 5269929 | AB12: 5239244 | AC12: 5207459 | AD12: 5174678 | AE12: 5141003 | AF12: 5106537 | AG12: 5071379 | AH12: 5035631 | AI12: 4999393 | AJ12: 4962765 | AK12: 4925844 | AL12: 4888729 | AM12: 4851518 | AN12: 4814308 | AO12: 4777195 | AP12: 4740275 | AQ12: 4703643 | AR12: 4667394 | AS12: 4631621 | AT12: 4596419
A13: 威海市 | E13: 2888794 | F13: 2906105 | G13: 2919006 | H13: 2927801 | I13: 2932786 | J13: 2934246 | K13: 2932455 | L13: 2927679 | M13: 2920174 | N13: 2910185 | O13: 2897948 | P13: 2883691 | Q13: 2867628 | R13: 2849966 | S13: 2830904 | T13: 2810626 | U13: 2789311 | V13: 2767127 | W13: 2744230 | X13: 2720768 | Y13: 2696880 | Z13: 2672694 | AA13: 2648328 | AB13: 2623891 | AC13: 2599481 | AD13: 2575189 | AE13: 2551092 | AF13: 2527260 | AG13: 2503754 | AH13: 2480622 | AI13: 2457905 | AJ13: 2435634 | AK13: 2413828 | AL13: 2392498 | AM13: 2371646 | AN13: 2351262 | AO13: 2331327 | AP13: 2311814 | AQ13: 2292683 | AR13: 2273886 | AS13: 2255366 | AT13: 2237055
A14: 日照市 | E14: 2957601 | F14: 2967964 | G14: 2977190 | H14: 2985231 | I14: 2992046 | J14: 2997598 | K14: 3001857 | L14: 3004801 | M14: 3006410 | N14: 3006673 | O14: 3005585 | P14: 3003146 | Q14: 2999363 | R14: 2994247 | S14: 2987818 | T14: 2980100 | U14: 2971123 | V14: 2960925 | W14: 2949547 | X14: 2937040 | Y14: 2923457 | Z14: 2908859 | AA14: 2893314 | AB14: 2876893 | AC14: 2859677 | AD14: 2841750 | AE14: 2823203 | AF14: 2804133 | AG14: 2784644 | AH14: 2764844 | AI14: 2744849 | AJ14: 2724780 | AK14: 2704765 | AL14: 2684937 | AM14: 2665434 | AN14: 2646403 | AO14: 2627996 | AP14: 2610369 | AQ14: 2593686 | AR14: 2578118 | AS14: 2563839 | AT14: 2551031
A15: 临沂市 | E15: 10982491 | F15: 11017081 | G15: 11050803 | H15: 11083213 | I15: 11113899 | J15: 11142479 | K15: 11168600 | L15: 11191943 | M15: 11212215 | N15: 11229157 | O15: 11242538 | P15: 11252160 | Q15: 11257852 | R15: 11259476 | S15: 11256924 | T15: 11250118 | U15: 11239010 | V15: 11223583 | W15: 11203851 | X15: 11179857 | Y15: 11151675 | Z15: 11119411 | AA15: 11083198 | AB15: 11043203 | AC15: 10999621 | AD15: 10952678 | AE15: 10902632 | AF15: 10849768 | AG15: 10794406 | AH15: 10736892 | AI15: 10677605 | AJ15: 10616953 | AK15: 10555376 | AL15: 10493344 | AM15: 10431356 | AN15: 10369943 | AO15: 10309665 | AP15: 10251114 | AQ15: 10194912 | AR15: 10141710 | AS15: 10092191 | AT15: 10047068
... A19: 菏泽市 | E19: 8780329 | F19: 8794781 | G19: 8813631 | H19: 8835977 | I19: 8860965 | J19: 8887791 | K19: 8915703 | L19: 8943995 | M19: 8972013 | N19: 8999151 | O19: 9024854 | P19: 9048616 | Q19: 9069980 | R19: 9088538 | S19: 9103935 | T19: 9115861 | U19: 9124059 | V19: 9128320 | W19: 9128484 | X19: 9124443 | Y19: 9116135 | Z19: 9103551 | AA19: 9086729 | AB19: 9065759 | AC19: 9040778 | AD19: 9011975 | AE19: 8979586 | AF19: 8943899 | AG19: 8905249 | AH19: 8864024 | AI19: 8820659 | AJ19: 8775638 | AK19: 8729497 | AL19: 8682820 | AM19: 8636241 | AN19: 8590443 | AO19: 8546160 | AP19: 8504173 | AQ19: 8465315 | AR19: 8430468 | AS19: 8400563 | AT19: 8376580
B20: -6.849497e-05 | C20: 0.283187 | D20: -291.889
A21: 山东人口(万人） | E21: =SUM(E4:E19)/10000 -> 10102.832 | F21: =SUM(F4:F19)/10000 -> 10151.555 | G21: =SUM(G4:G19)/10000 -> 10194.211 | H21: =SUM(H4:H19)/10000 -> 10230.924 | I21: =SUM(I4:I19)/10000 -> 10261.823 | J21: =SUM(J4:J19)/10000 -> 10287.042 | K21: =SUM(K4:K19)/10000 -> 10306.718 | L21: =SUM(L4:L19)/10000 -> 10320.995 | ... AT21: =SUM(AT4:AT19)/10000 -> 8900.7642
A22: 城镇化率 | B22: =$B$20*B$3^2+$C$20*B$3+$D$20 -> 0.63489921 | C22: =$B$20*C$3^2+$C$20*C$3+$D$20 -> 0.64184599 | D22: =$B$20*D$3^2+$C$20*D$3+$D$20 -> 0.64865579 | E22: =$B$20*E$3^2+$C$20*E$3+$D$20 -> 0.6553286 | F22: =$B$20*F$3^2+$C$20*F$3+$D$20 -> 0.66186441 | G22: =$B$20*G$3^2+$C$20*G$3+$D$20 -> 0.66826324 | H22: =$B$20*H$3^2+$C$20*H$3+$D$20 -> 0.67452507 | I22: =$B$20*I$3^2+$C$20*I$3+$D$20 -> 0.68064992 | ... AT22: =$B$20*AT$3^2+$C$20*AT$3+$D$20 -> 0.81096531
A23: 城市人口 | E23: =E21*E22 -> 6620.6745 | F23: =F21*F22 -> 6718.9529 | G23: =G21*G22 -> 6812.4163 | H23: =H21*H22 -> 6901.0146 | I23: =I21*I22 -> 6984.7093 | J23: =J21*J22 -> 7063.4718 | K23: =K21*K22 -> 7137.2854 | L23: =L21*L22 -> 7206.1444 | ... AT23: =AT21*AT22 -> 7218.211
A24: 乡村人口 | E24: =E21-E23 -> 3482.1572 | F24: =F21-F23 -> 3432.602 | G24: =G21-G23 -> 3381.7945 | H24: =H21-H23 -> 3329.9092 | I24: =I21-I23 -> 3277.1141 | J24: =J21-J23 -> 3223.5704 | K24: =K21-K23 -> 3169.4329 | L24: =L21-L23 -> 3114.8501 | ... AT24: =AT21-AT23 -> 1682.5532
A26: 城镇户数 | B26: 万户 | E26: =E23/$F$1 -> 2416.3046 | F26: =F23/$F$1 -> 2452.1726 | G26: =G23/$F$1 -> 2486.2833 | H26: =H23/$F$1 -> 2518.6185 | I26: =I23/$F$1 -> 2549.164 | J26: =J23/$F$1 -> 2577.9094 | K26: =K23/$F$1 -> 2604.8487 | L26: =L23/$F$1 -> 2629.9797 | ... AT26: =AT23/$F$1 -> 2634.3836
A27: 乡村户数 | B27: 万户 | E27: =E24/$D$1 -> 1252.5745 | F27: =F24/$D$1 -> 1234.7489 | G27: =G24/$D$1 -> 1216.4728 | H27: =H24/$D$1 -> 1197.8091 | I27: =I24/$D$1 -> 1178.818 | J27: =J24/$D$1 -> 1159.5577 | K27: =K24/$D$1 -> 1140.0838 | L27: =L24/$D$1 -> 1120.4497 | ... AT27: =AT24/$D$1 -> 605.23497
A29: 城镇光伏 | C29: MW | E29: =E26*$J$1*$B$1*10 -> 21454.712 | F29: =F26*$J$1*$B$1*10 -> 21773.189 | G29: =G26*$J$1*$B$1*10 -> 22076.063 | H29: =H26*$J$1*$B$1*10 -> 22363.172 | I29: =I26*$J$1*$B$1*10 -> 22634.39 | J29: =J26*$J$1*$B$1*10 -> 22889.625 | K29: =K26*$J$1*$B$1*10 -> 23128.822 | L29: =L26*$J$1*$B$1*10 -> 23351.964 | ... AT29: =AT26*$J$1*$B$1*10 -> 23391.067
A30: 乡村光伏 | C30: MW | E30: =E27*$H$1*$B$1*10 -> 44487.15 | F30: =F27*$H$1*$B$1*10 -> 43854.045 | G30: =G27*$H$1*$B$1*10 -> 43204.942 | H30: =H27*$H$1*$B$1*10 -> 42542.068 | I30: =I27*$H$1*$B$1*10 -> 41867.572 | J30: =J27*$H$1*$B$1*10 -> 41183.511 | K30: =K27*$H$1*$B$1*10 -> 40491.865 | L30: =L27*$H$1*$B$1*10 -> 39794.529 | ... AT30: =AT27*$H$1*$B$1*10 -> 21495.87
E32: =E29+E30 -> 65941.862 | F32: =F29+F30 -> 65627.235 | G32: =G29+G30 -> 65281.005 | H32: =H29+H30 -> 64905.24 | I32: =I29+I30 -> 64501.962 | J32: =J29+J30 -> 64073.136 | K32: =K29+K30 -> 63620.687 | L32: =L29+L30 -> 63146.493 | ... AT32: =AT29+AT30 -> 44886.936
E33: =山东光伏数据!O24*10 -> 3356.6 | F33: =山东光伏数据!P24*10 -> 8016.6 | G33: =山东光伏数据!Q24*10 -> 15648.8 | K33: =F33+15000 -> 23016.6

Sheet 世行山东城市化率
A1: 2020 | C1: 2030 | E1: 2040 | G1: 2050 | I1: 2060
A2: 9201490 | B2: 7928794.2 | C2: 9446679 | D2: 8991701.5 | E2: 9163614 | F2: 9163614 | G2: 8725344 | H2: 8725344 | I2: 8211131 | J2: 8211131
A3: 10070342 | B3: 7852632.2 | C3: 10234790 | D3: 8815840.2 | E3: 9859559 | F3: 8926945.4 | G3: 9292441 | H3: 8736401.6 | I3: 8674222 | J3: 8468192
A4: 4703603 | B4: 3545987.5 | C4: 4752406 | D4: 3957617.5 | E4: 4549833 | F4: 3982688.7 | G4: 4217779 | H4: 3833735.2 | I4: 3906836 | J4: 3687405.1
A5: 3855201 | B5: 2343863.9 | C5: 3999445 | D5: 2685955.6 | E5: 3950800 | F5: 2788975.9 | G5: 3780283 | H5: 2771031.2 | I5: 3591771 | J5: 2733903.2
A6: 2193342 | B6: 1596320 | C6: 2233662 | D6: 1795745.5 | E6: 2164600 | F6: 1829218.6 | G6: 2037836 | H6: 1788193.7 | I6: 1897317 | J6: 1728791.5
A7: 7101116 | B7: 4820886.1 | C7: 7069158 | D7: 5301291.5 | E7: 6597281 | F7: 5200434.1 | G7: 6032108 | H7: 4937431.8 | I7: 5536807 | J7: 4705965.9
A8: 9385514 | B8: 5975205.1 | C8: 9521158 | D8: 6695735.2 | E8: 9186805 | F8: 6790998.1 | G8: 8604738 | H8: 6604868.1 | I8: 8045140 | J8: 6412354
A9: 8356958 | B9: 5061104.2 | C9: 8555335 | D9: 5723317.2 | E9: 8428512 | F9: 5926828 | G9: 8044543 | H9: 5873949.1 | I9: 7582939 | J9: 5749416.2
A10: 5471633 | B10: 3536681.6 | C10: 5504865 | D10: 3930424.1 | E10: 5299412 | F10: 3977233.1 | G10: 4962765 | H10: 3867536.8 | I10: 4596419 | J10: 3719527.2
A11: 2906105 | B11: 2063059.2 | C11: 2883691 | D11: 2261324.3 | E11: 2672694 | F11: 2203048.1 | G11: 2435634 | H11: 2084702.8 | I11: 2237055 | J11: 1988228
A12: 2967964 | B12: 1848605.2 | C12: 3003146 | D12: 2066216 | E12: 2908859 | F12: 2103694 | G12: 2724780 | H12: 2046203 | I12: 2551031 | J12: 1989254.7
A13: 11017081 | B13: 6741695.3 | C13: 11252160 | D13: 7605928.1 | E13: 11119411 | F13: 7900575.3 | G13: 10616953 | H13: 7833109.8 | I13: 10047068 | J13: 7697169.5
... A17: 8794781 | B17: 4583957.2 | C17: 9048616 | D17: 5209684.5 | E17: 9103551 | F17: 5509354.4 | G17: 8775638 | H17: 5514751.7 | I17: 8376580 | J17: 5466022.2
A19: =SUM(A2:A17) -> 101515549 | B19: =SUM(B2:B17) -> 66827809 | C19: =SUM(C2:C17) -> 103270934 | D19: =SUM(D2:D17) -> 75076002 | E19: =SUM(E2:E17) -> 100439899 | F19: =SUM(F2:F17) -> 76625529 | G19: =SUM(G2:G17) -> 94909132 | H19: =SUM(H2:H17) -> 74790661 | ... J19: =SUM(J2:J17) -> 72465930
B20: =B19/A19 -> 0.65830122 | D20: =D19/C19 -> 0.72698095 | F20: =F19/E19 -> 0.76289931 | H20: =H19/G19 -> 0.78802386 | J20: =J19/I19 -> 0.81415402
G24: 2020 | H24: 2030 | I24: 2040 | J24: 2050 | K24: 2060
G25: 0.65830122 | H25: 0.72698095 | I25: 0.76289931 | J25: 0.78802386 | K25: 0.81415402
E32: -6.849497e-05 | F32: 0.283187 | G32: -291.889

Sheet 整县推进试点城市
A1: 1336 | B1: 370000 | C1: 山东省 | D1: 省，自治区，直辖市，特别行政区 | E1: 一级行政区划 | F1: 山东省
A2: 1337 | B2: 370100 | C2: 济南市 | D2: 地级市，地区，自治州，盟 | E2: 二级行政区划 | F2: 山东省 | G2: 济南市
A3: 1338 | B3: 370102 | C3: 历下区 | D3: 市辖区、县级市、县、自治县、旗、自治旗、特区、林区 | E3: 三级行政区划 | F3: 山东省 | G3: 济南市
A4: 1339 | B4: 370103 | C4: 市中区 | D4: 市辖区、县级市、县、自治县、旗、自治旗、特区、林区 | E4: 三级行政区划 | F4: 山东省 | G4: 济南市
A5: 1340 | B5: 370104 | C5: 槐荫区 | D5: 市辖区、县级市、县、自治县、旗、自治旗、特区、林区 | E5: 三级行政区划 | F5: 山东省 | G5: 济南市
A6: 1341 | B6: 370105 | C6: 天桥区 | D6: 市辖区、县级市、县、自治县、旗、自治旗、特区、林区 | E6: 三级行政区划 | F6: 山东省 | G6: 济南市 | H6: 济南高新技术产业开发区
A7: 1342 | B7: 370112 | C7: 历城区 | D7: 市辖区、县级市、县、自治县、旗、自治旗、特区、林区 | E7: 三级行政区划 | F7: 山东省 | G7: 济南市
A8: 1343 | B8: 370113 | C8: 长清区 | D8: 市辖区、县级市、县、自治县、旗、自治旗、特区、林区 | E8: 三级行政区划 | F8: 山东省 | G8: 济南市
A9: 1344 | B9: 370114 | C9: 章丘区 | D9: 市辖区、县级市、县、自治县、旗、自治旗、特区、林区 | E9: 三级行政区划 | F9: 山东省 | G9: 济南市
A10: 1345 | B10: 370115 | C10: 济阳区 | D10: 市辖区、县级市、县、自治县、旗、自治旗、特区、林区 | E10: 三级行政区划 | F10: 山东省 | G10: 济南市
A11: 1346 | B11: 370116 | C11: 莱芜区 | D11: 市辖区、县级市、县、自治县、旗、自治旗、特区、林区 | E11: 三级行政区划 | F11: 山东省 | G11: 济南市
A12: 1347 | B12: 370117 | C12: 钢城区 | D12: 市辖区、县级市、县、自治县、旗、自治旗、特区、林区 | E12: 三级行政区划 | F12: 山东省 | G12: 济南市
A13: 1348 | B13: 370124 | C13: 平阴县 | D13: 市辖区、县级市、县、自治县、旗、自治旗、特区、林区 | E13: 三级行政区划 | F13: 山东省 | G13: 济南市
A14: 1349 | B14: 370126 | C14: 商河县 | D14: 市辖区、县级市、县、自治县、旗、自治旗、特区、林区 | E14: 三级行政区划 | F14: 山东省 | G14: 济南市
A15: 1350 | B15: 370200 | C15: 青岛市 | D15: 地级市，地区，自治州，盟 | E15: 二级行政区划 | F15: 山东省 | G15: 青岛市
A16: 1351 | B16: 370202 | C16: 市南区 | D16: 市辖区、县级市、县、自治县、旗、自治旗、特区、林区 | E16: 三级行政区划 | F16: 山东省 | G16: 青岛市
A17: 1352 | B17: 370203 | C17: 市北区 | D17: 市辖区、县级市、县、自治县、旗、自治旗、特区、林区 | E17: 三级行政区划 | F17: 山东省 | G17: 青岛市
A18: 1353 | B18: 370211 | C18: 黄岛区 | D18: 市辖区、县级市、县、自治县、旗、自治旗、特区、林区 | E18: 三级行政区划 | F18: 山东省 | G18: 青岛市
... A59: 1394 | B59: 370687 | C59: 海阳市 | D59: 市辖区、县级市、县、自治县、旗、自治旗、特区、林区 | E59: 三级行政区划 | F59: 山东省 | G59: 烟台市
A60: 1395 | B60: 370700 | C60: 潍坊市 | D60: 地级市，地区，自治州，盟 | E60: 二级行政区划 | F60: 山东省 | G60: 潍坊市 | H60: 潍坊高新技术产业开发区
A61: 1396 | B61: 370702 | C61: 潍城区 | D61: 市辖区、县级市、县、自治县、旗、自治旗、特区、林区 | E61: 三级行政区划 | F61: 山东省 | G61: 潍坊市 | H61: 潍坊峡山生态经济开发区
A62: 1397 | B62: 370703 | C62: 寒亭区 | D62: 市辖区、县级市、县、自治县、旗、自治旗、特区、林区 | E62: 三级行政区划 | F62: 山东省 | G62: 潍坊市
A63: 1398 | B63: 370704 | C63: 坊子区 | D63: 市辖区、县级市、县、自治县、旗、自治旗、特区、林区 | E63: 三级行政区划 | F63: 山东省 | G63: 潍坊市
A64: 1399 | B64: 370705 | C64: 奎文区 | D64: 市辖区、县级市、县、自治县、旗、自治旗、特区、林区 | E64: 三级行政区划 | F64: 山东省 | G64: 潍坊市
A65: 1400 | B65: 370724 | C65: 临朐县 | D65: 市辖区、县级市、县、自治县、旗、自治旗、特区、林区 | E65: 三级行政区划 | F65: 山东省 | G65: 潍坊市
A66: 1401 | B66: 370725 | C66: 昌乐县 | D66: 市辖区、县级市、县、自治县、旗、自治旗、特区、林区 | E66: 三级行政区划 | F66: 山东省 | G66: 潍坊市
A67: 1402 | B67: 370781 | C67: 青州市 | D67: 市辖区、县级市、县、自治县、旗、自治旗、特区、林区 | E67: 三级行政区划 | F67: 山东省 | G67: 潍坊市
A68: 1403 | B68: 370782 | C68: 诸城市 | D68: 市辖区、县级市、县、自治县、旗、自治旗、特区、林区 | E68: 三级行政区划 | F68: 山东省 | G68: 潍坊市
A69: 1404 | B69: 370783 | C69: 寿光市 | D69: 市辖区、县级市、县、自治县、旗、自治旗、特区、林区 | E69: 三级行政区划 | F69: 山东省 | G69: 潍坊市
A70: 1405 | B70: 370784 | C70: 安丘市 | D70: 市辖区、县级市、县、自治县、旗、自治旗、特区、林区 | E70: 三级行政区划 | F70: 山东省 | G70: 潍坊市
A71: 1406 | B71: 370785 | C71: 高密市 | D71: 市辖区、县级市、县、自治县、旗、自治旗、特区、林区 | E71: 三级行政区划 | F71: 山东省 | G71: 潍坊市
A72: 1407 | B72: 370786 | C72: 昌邑市 | D72: 市辖区、县级市、县、自治县、旗、自治旗、特区、林区 | E72: 三级行政区划 | F72: 山东省 | G72: 潍坊市
A73: 1408 | B73: 370800 | C73: 济宁市 | D73: 地级市，地区，自治州，盟 | E73: 二级行政区划 | F73: 山东省 | G73: 济宁市
... A76: 1411 | B76: 370826 | C76: 微山县 | D76: 市辖区、县级市、县、自治县、旗、自治旗、特区、林区 | E76: 三级行政区划 | F76: 山东省 | G76: 济宁市
A77: 1412 | B77: 370827 | C77: 鱼台县 | D77: 市辖区、县级市、县、自治县、旗、自治旗、特区、林区 | E77: 三级行政区划 | F77: 山东省 | G77: 济宁市 | H77: 420010 | M77: 181059 | N77: 238951
A78: 1413 | B78: 370828 | C78: 金乡县 | D78: 市辖区、县级市、县、自治县、旗、自治旗、特区、林区 | E78: 三级行政区划 | F78: 山东省 | G78: 济宁市
A79: 1414 | B79: 370829 | C79: 嘉祥县 | D79: 市辖区、县级市、县、自治县、旗、自治旗、特区、林区 | E79: 三级行政区划 | F79: 山东省 | G79: 济宁市 | H79: 700149 | I79: 232859 | J79: 8449 | K79: 670253 | L79: 29896 | M79: 298698 | N79: 401451
A80: 1415 | B80: 370830 | C80: 汶上县 | D80: 市辖区、县级市、县、自治县、旗、自治旗、特区、林区 | E80: 三级行政区划 | F80: 山东省 | G80: 济宁市
A81: 1416 | B81: 370831 | C81: 泗水县 | D81: 市辖区、县级市、县、自治县、旗、自治旗、特区、林区 | E81: 三级行政区划 | F81: 山东省 | G81: 济宁市
A82: 1417 | B82: 370832 | C82: 梁山县 | D82: 市辖区、县级市、县、自治县、旗、自治旗、特区、林区 | E82: 三级行政区划 | F82: 山东省 | G82: 济宁市
A83: 1418 | B83: 370881 | C83: 曲阜市 | D83: 市辖区、县级市、县、自治县、旗、自治旗、特区、林区 | E83: 三级行政区划 | F83: 山东省 | G83: 济宁市
A84: 1419 | B84: 370883 | C84: 邹城市 | D84: 市辖区、县级市、县、自治县、旗、自治旗、特区、林区 | E84: 三级行政区划 | F84: 山东省 | G84: 济宁市
A85: 1420 | B85: 370900 | C85: 泰安市 | D85: 地级市，地区，自治州，盟 | E85: 二级行政区划 | F85: 山东省 | G85: 泰安市
A86: 1421 | B86: 370902 | C86: 泰山区 | D86: 市辖区、县级市、县、自治县、旗、自治旗、特区、林区 | E86: 三级行政区划 | F86: 山东省 | G86: 泰安市
A87: 1422 | B87: 370911 | C87: 岱岳区 | D87: 市辖区、县级市、县、自治县、旗、自治旗、特区、林区 | E87: 三级行政区划 | F87: 山东省 | G87: 泰安市
A88: 1423 | B88: 370921 | C88: 宁阳县 | D88: 市辖区、县级市、县、自治县、旗、自治旗、特区、林区 | E88: 三级行政区划 | F88: 山东省 | G88: 泰安市
A89: 1424 | B89: 370923 | C89: 东平县 | D89: 市辖区、县级市、县、自治县、旗、自治旗、特区、林区 | E89: 三级行政区划 | F89: 山东省 | G89: 泰安市
A90: 1425 | B90: 370982 | C90: 新泰市 | D90: 市辖区、县级市、县、自治县、旗、自治旗、特区、林区 | E90: 三级行政区划 | F90: 山东省 | G90: 泰安市
A91: 1426 | B91: 370983 | C91: 肥城市 | D91: 市辖区、县级市、县、自治县、旗、自治旗、特区、林区 | E91: 三级行政区划 | F91: 山东省 | G91: 泰安市
... A101: 1436 | B101: 371122 | C101: 莒县 | D101: 市辖区、县级市、县、自治县、旗、自治旗、特区、林区 | E101: 三级行政区划 | F101: 山东省 | G101: 日照市
A102: 1437 | B102: 371300 | C102: 临沂市 | D102: 地级市，地区，自治州，盟 | E102: 二级行政区划 | F102: 山东省 | G102: 临沂市 | H102: 临沂高新技术产业开发区
A103: 1438 | B103: 371302 | C103: 兰山区 | D103: 市辖区、县级市、县、自治县、旗、自治旗、特区、林区 | E103: 三级行政区划 | F103: 山东省 | G103: 临沂市
A104: 1439 | B104: 371311 | C104: 罗庄区 | D104: 市辖区、县级市、县、自治县、旗、自治旗、特区、林区 | E104: 三级行政区划 | F104: 山东省 | G104: 临沂市
A105: 1440 | B105: 371312 | C105: 河东区 | D105: 市辖区、县级市、县、自治县、旗、自治旗、特区、林区 | E105: 三级行政区划 | F105: 山东省 | G105: 临沂市
A106: 1441 | B106: 371321 | C106: 沂南县 | D106: 市辖区、县级市、县、自治县、旗、自治旗、特区、林区 | E106: 三级行政区划 | F106: 山东省 | G106: 临沂市
A107: 1442 | B107: 371322 | C107: 郯城县 | D107: 市辖区、县级市、县、自治县、旗、自治旗、特区、林区 | E107: 三级行政区划 | F107: 山东省 | G107: 临沂市
A108: 1443 | B108: 371323 | C108: 沂水县 | D108: 市辖区、县级市、县、自治县、旗、自治旗、特区、林区 | E108: 三级行政区划 | F108: 山东省 | G108: 临沂市
A109: 1444 | B109: 371324 | C109: 兰陵县 | D109: 市辖区、县级市、县、自治县、旗、自治旗、特区、林区 | E109: 三级行政区划 | F109: 山东省 | G109: 临沂市
A110: 1445 | B110: 371325 | C110: 费县 | D110: 市辖区、县级市、县、自治县、旗、自治旗、特区、林区 | E110: 三级行政区划 | F110: 山东省 | G110: 临沂市
A111: 1446 | B111: 371326 | C111: 平邑县 | D111: 市辖区、县级市、县、自治县、旗、自治旗、特区、林区 | E111: 三级行政区划 | F111: 山东省 | G111: 临沂市
A112: 1447 | B112: 371327 | C112: 莒南县 | D112: 市辖区、县级市、县、自治县、旗、自治旗、特区、林区 | E112: 三级行政区划 | F112: 山东省 | G112: 临沂市
A113: 1448 | B113: 371328 | C113: 蒙阴县 | D113: 市辖区、县级市、县、自治县、旗、自治旗、特区、林区 | E113: 三级行政区划 | F113: 山东省 | G113: 临沂市
A114: 1449 | B114: 371329 | C114: 临沭县 | D114: 市辖区、县级市、县、自治县、旗、自治旗、特区、林区 | E114: 三级行政区划 | F114: 山东省 | G114: 临沂市
... A126: 1461 | B126: 371482 | C126: 禹城市 | D126: 市辖区、县级市、县、自治县、旗、自治旗、特区、林区 | E126: 三级行政区划 | F126: 山东省 | G126: 德州市
A127: 1462 | B127: 371500 | C127: 聊城市 | D127: 地级市，地区，自治州，盟 | E127: 二级行政区划 | F127: 山东省 | G127: 聊城市 | H127: 聊城经济技术开发区
A128: 1463 | B128: 371502 | C128: 东昌府区 | D128: 市辖区、县级市、县、自治县、旗、自治旗、特区、林区 | E128: 三级行政区划 | F128: 山东省 | G128: 聊城市
A129: 1464 | B129: 371503 | C129: 茌平区 | D129: 市辖区、县级市、县、自治县、旗、自治旗、特区、林区 | E129: 三级行政区划 | F129: 山东省 | G129: 聊城市
A130: 1465 | B130: 371521 | C130: 阳谷县 | D130: 市辖区、县级市、县、自治县、旗、自治旗、特区、林区 | E130: 三级行政区划 | F130: 山东省 | G130: 聊城市
A131: 1466 | B131: 371522 | C131: 莘县 | D131: 市辖区、县级市、县、自治县、旗、自治旗、特区、林区 | E131: 三级行政区划 | F131: 山东省 | G131: 聊城市
A132: 1467 | B132: 371524 | C132: 东阿县 | D132: 市辖区、县级市、县、自治县、旗、自治旗、特区、林区 | E132: 三级行政区划 | F132: 山东省 | G132: 聊城市
A133: 1468 | B133: 371525 | C133: 冠县 | D133: 市辖区、县级市、县、自治县、旗、自治旗、特区、林区 | E133: 三级行政区划 | F133: 山东省 | G133: 聊城市
A134: 1469 | B134: 371526 | C134: 高唐县 | D134: 市辖区、县级市、县、自治县、旗、自治旗、特区、林区 | E134: 三级行政区划 | F134: 山东省 | G134: 聊城市
A135: 1470 | B135: 371581 | C135: 临清市 | D135: 市辖区、县级市、县、自治县、旗、自治旗、特区、林区 | E135: 三级行政区划 | F135: 山东省 | G135: 聊城市
A136: 1471 | B136: 371600 | C136: 滨州市 | D136: 地级市，地区，自治州，盟 | E136: 二级行政区划 | F136: 山东省 | G136: 滨州市 | H136: 滨州北海经济开发区
A137: 1472 | B137: 371602 | C137: 滨城区 | D137: 市辖区、县级市、县、自治县、旗、自治旗、特区、林区 | E137: 三级行政区划 | F137: 山东省 | G137: 滨州市
A138: 1473 | B138: 371603 | C138: 沾化区 | D138: 市辖区、县级市、县、自治县、旗、自治旗、特区、林区 | E138: 三级行政区划 | F138: 山东省 | G138: 滨州市
A139: 1474 | B139: 371621 | C139: 惠民县 | D139: 市辖区、县级市、县、自治县、旗、自治旗、特区、林区 | E139: 三级行政区划 | F139: 山东省 | G139: 滨州市
A140: 1475 | B140: 371622 | C140: 阳信县 | D140: 市辖区、县级市、县、自治县、旗、自治旗、特区、林区 | E140: 三级行政区划 | F140: 山东省 | G140: 滨州市
A141: 1476 | B141: 371623 | C141: 无棣县 | D141: 市辖区、县级市、县、自治县、旗、自治旗、特区、林区 | E141: 三级行政区划 | F141: 山东省 | G141: 滨州市
A142: 1477 | B142: 371625 | C142: 博兴县 | D142: 市辖区、县级市、县、自治县、旗、自治旗、特区、林区 | E142: 三级行政区划 | F142: 山东省 | G142: 滨州市
A143: 1478 | B143: 371681 | C143: 邹平市 | D143: 市辖区、县级市、县、自治县、旗、自治旗、特区、林区 | E143: 三级行政区划 | F143: 山东省 | G143: 滨州市
A144: 1479 | B144: 371700 | C144: 菏泽市 | D144: 地级市，地区，自治州，盟 | E144: 二级行政区划 | F144: 山东省 | G144: 菏泽市 | H144: 菏泽经济技术开发区
A145: 1480 | B145: 371702 | C145: 牡丹区 | D145: 市辖区、县级市、县、自治县、旗、自治旗、特区、林区 | E145: 三级行政区划 | F145: 山东省 | G145: 菏泽市
A146: 1481 | B146: 371703 | C146: 定陶区 | D146: 市辖区、县级市、县、自治县、旗、自治旗、特区、林区 | E146: 三级行政区划 | F146: 山东省 | G146: 菏泽市
A147: 1482 | B147: 371721 | C147: 曹县 | D147: 市辖区、县级市、县、自治县、旗、自治旗、特区、林区 | E147: 三级行政区划 | F147: 山东省 | G147: 菏泽市
A148: 1483 | B148: 371722 | C148: 单县 | D148: 市辖区、县级市、县、自治县、旗、自治旗、特区、林区 | E148: 三级行政区划 | F148: 山东省 | G148: 菏泽市
A149: 1484 | B149: 371723 | C149: 成武县 | D149: 市辖区、县级市、县、自治县、旗、自治旗、特区、林区 | E149: 三级行政区划 | F149: 山东省 | G149: 菏泽市
A150: 1485 | B150: 371724 | C150: 巨野县 | D150: 市辖区、县级市、县、自治县、旗、自治旗、特区、林区 | E150: 三级行政区划 | F150: 山东省 | G150: 菏泽市
A151: 1486 | B151: 371725 | C151: 郓城县 | D151: 市辖区、县级市、县、自治县、旗、自治旗、特区、林区 | E151: 三级行政区划 | F151: 山东省 | G151: 菏泽市
A152: 1487 | B152: 371726 | C152: 鄄城县 | D152: 市辖区、县级市、县、自治县、旗、自治旗、特区、林区 | E152: 三级行政区划 | F152: 山东省 | G152: 菏泽市
A153: 1488 | B153: 371728 | C153: 东明县 | D153: 市辖区、县级市、县、自治县、旗、自治旗、特区、林区 | E153: 三级行政区划 | F153: 山东省 | G153: 菏泽市

Sheet 山东光伏数据
A3: Data Sources:
A4: 截至今年4月底，山东省分布式光伏发电总装机1589万千瓦，位居全国第一。其中，工商业分布式装机678万千瓦，占分布式总装机42.7%;户用光伏装机911万千瓦，达到51.3万户，占分布式总装机57.3%。
A6: 电力工业统计资料汇编2020
A7: 2020年山东省分布式装机容量1467万千瓦，2019年装机容量942万千瓦
A8: 2020年山东省太阳能发电装机容量2272万千瓦，2019年装机容量1619万千瓦
A9: 2020年山东省6000千瓦以上太阳能电厂装机容量905万千瓦，2019年装机容量751万千瓦
B11: 2018 | C11: 2019 | E11: 2020 | F11: 2020年新增 | I11: 2021 | J11: 2021年新增
A12: 光伏合计 | B12: 1361 | C12: 1619 | E12: 2272 | F12: =E12-C12 -> 653 | I12: =I13+I14 -> 3343
A13: 光伏分布式 | B13: 713 | C13: 942 | E13: 1467 | F13: =E13-C13 -> 525 | I13: 2334
B14: =B12-B13 -> 648 | C14: =C12-C13 -> 677 | E14: =E12-E13 -> 805 | F14: =E14-C14 -> 128 | I14: 1009
A15: 6000千瓦以上装机 | C15: 751 | E15: 905 | F15: =E15-C15 -> 154
A19: 光伏电站 | C19: 677 | E19: 805.02 | I19: 1009
A21: 分布式光伏 | C21: 943 | E21: 1467.4 | I21: 2334 | N21: 2018 | O21: 2019 | P21: 2020 | Q21: 2021 | R21: 2022 | S21: 2023 | T21: 2024 | U21: 2025 | V21: 2026 | W21: 2027 | X21: 2028 | Y21: 2029 | Z21: 2030 | AA21: 2031 | AB21: 2032 | AC21: 2033 | AD21: 2034 | AE21: 2035 | AF21: 2036 | AG21: 2037 | AH21: 2038 | AI21: 2039 | AJ21: 2040 | AK21: 2041 | AL21: 2042 | AM21: 2043 | AN21: 2044 | AO21: 2045 | AP21: 2046 | AQ21: 2047 | AR21: 2048 | AS21: 2049 | AT21: 2050 | AU21: 2051 | AV21: 2052 | AW21: 2053 | AX21: 2054 | AY21: 2055 | AZ21: 2056 | BA21: 2057 | BB21: 2058 | BC21: 2059 | BD21: 2060
M22: 集中 | N22: 648 | O22: 677 | P22: 805 | Q22: 1009 | R22: {=TREND(N22:Q22,N$21:Q$21,R$21)} -> 1087.5 | S22: {=TREND(O22:R22,O$21:R$21,S$21)} -> 1253.5 | T22: {=TREND(P22:S22,P$21:S$21,T$21)} -> 1394.75 | U22: {=TREND(Q22:T22,Q$21:T$21,U$21)} -> 1517 | V22: {=TREND(R22:U22,R$21:U$21,V$21)} -> 1670.625 | W22: {=TREND(S22:V22,S$21:V$21,W$21)} -> 1802.375 | X22: {=TREND(T22:W22,T$21:W$21,X$21)} -> 1940.3125 | Y22: {=TREND(U22:X22,U$21:X$21,Y$21)} -> 2083 | ... BD22: {=TREND(AZ22:BC22,AZ$21:BC$21,BD$21)} -> 6377.28
M23: 工商业 | N23: 566.34 | O23: 606.34 | P23: 665.34 | Q23: 769.12 | R23: {=TREND(N23:Q23,N$21:Q$21,R$21)} -> 818.62 | S23: {=TREND(O23:R23,O$21:R$21,S$21)} -> 900.01 | T23: {=TREND(P23:S23,P$21:S$21,T$21)} -> 976.65 | U23: {=TREND(Q23:T23,Q$21:T$21,U$21)} -> 1042.095 | V23: {=TREND(R23:U23,R$21:U$21,V$21)} -> 1121.11 | W23: {=TREND(S23:V23,S$21:V$21,W$21)} -> 1192.1525 | X23: {=TREND(T23:W23,T$21:W$21,X$21)} -> 1264.3825 | Y23: {=TREND(U23:X23,U$21:X$21,Y$21)} -> 1339.4113 | ... BD23: {=TREND(AZ23:BC23,AZ$21:BC$21,BD$21)} -> 3604.9096
B24: 2018 | C24: 2019 | D24: 2019新增 | E24: 2020 | G24: 2021年4月底 | H24: 2021年前四月新增 | I24: 2021 | J24: 2021年新增 | M24: 户用光伏 | N24: 146.66 | O24: 335.66 | P24: 801.66 | Q24: 1564.88 | R24: {=TREND(N24:Q24,N$21:Q$21,R$21)} -> 1892.38 | S24: {=TREND(O24:R24,O$21:R$21,S$21)} -> 2506.99 | T24: {=TREND(P24:S24,P$21:S$21,T$21)} -> 3052.35 | U24: {=TREND(Q24:T24,Q$21:T$21,U$21)} -> 3523.405 | V24: {=TREND(R24:U24,R$21:U$21,V$21)} -> 4103.39 | W24: {=TREND(S24:V24,S$21:V$21,W$21)} -> 4611.5975 | X24: {=TREND(T24:W24,T$21:W$21,X$21)} -> 5137.1175 | Y24: {=TREND(U24:X24,U$21:X$21,Y$21)} -> 5681.2137 | ... BD24: {=TREND(AZ24:BC24,AZ$21:BC$21,BD$21)} -> 22087.37
A25: 分布式合计 | B25: 713 | C25: 942 | E25: 1467 | G25: 1589 | I25: 2334 | J25: =I25-E25 -> 867 | M25: 分布式 | N25: =N23+N24 -> 713 | O25: =O23+O24 -> 942 | P25: =P23+P24 -> 1467 | Q25: =Q23+Q24 -> 2334 | R25: =R23+R24 -> 2711 | S25: =S23+S24 -> 3407 | T25: =T23+T24 -> 4029 | U25: =U23+U24 -> 4565.5 | ... BD25: =BD23+BD24 -> 25692.28
A26: 工商 | B26: =B25-B27 -> 566.34 | C26: =C25-C27 -> 606.34 | E26: =E25-E27 -> 665.34 | G26: 678 | I26: =I25-I27 -> 769.12 | J26: =I26-E26 -> 103.78
A27: 户用 | B27: =C27-D27 -> 146.66 | C27: =E27-466 -> 335.66 | D27: 189 | E27: =G27-H27 -> 801.66 | G27: 911 | H27: 109.34 | I27: =E27+J27 -> 1564.88 | J27: 763.22 | M27: 十四五期间农村分布式新增1000，城镇分布式新增500
B30: 2018 | C30: 2019 | D30: 2020 | E30: 2021 | F30: 2022 | G30: 2023 | H30: 2024 | I30: 2025 | J30: 2026 | K30: 2027 | L30: 2028 | M30: 2029 | N30: 2030 | O30: 2031 | P30: 2032 | Q30: 2033 | R30: 2034 | S30: 2035 | T30: 2036 | U30: 2037 | V30: 2038 | W30: 2039 | X30: 2040 | Y30: 2041 | Z30: 2042 | AA30: 2043 | AB30: 2044 | AC30: 2045 | AD30: 2046 | AE30: 2047 | AF30: 2048 | AG30: 2049 | AH30: 2050 | AI30: 2051 | AJ30: 2052 | AK30: 2053 | AL30: 2054 | AM30: 2055 | AN30: 2056 | AO30: 2057 | AP30: 2058 | AQ30: 2059 | AR30: 2060
A31: 集中 | B31: 6480 | C31: 6770 | D31: 8050 | E31: 10090 | F31: =E31+M55+M57+M59 -> 14090 | G31: =($I31-$F31)/3+F31 -> 16836.667 | H31: =($I31-$F31)/3+G31 -> 19583.333 | I31: =57000-I36 -> 22330
A32: 工商业 | B32: 5663.4 | C32: 6063.4 | D32: 6653.4 | E32: 7691.2 | F32: =E32+B49 -> 8201.05 | G32: =F32+C49 -> 8948.83 | H32: =G32+D49 -> 9900.55 | I32: =H32+E49 -> 11090.2 | J32: {=TREND($B32:$I32,$B$30:$I$30,J$30)} -> 11485.584 | K32: {=TREND($B32:$I32,$B$30:$I$30,K$30)} -> 12254.268 | L32: {=TREND($B32:$I32,$B$30:$I$30,L$30)} -> 13022.952 | M32: {=TREND($B32:$I32,$B$30:$I$30,M$30)} -> 13791.637 | N32: {=TREND($B32:$I32,$B$30:$I$30,N$30)} -> 14560.321 | O32: {=TREND($B32:$I32,$B$30:$I$30,O$30)} -> 15329.006 | P32: {=TREND($B32:$I32,$B$30:$I$30,P$30)} -> 16097.69 | Q32: {=TREND($B32:$I32,$B$30:$I$30,Q$30)} -> 16866.374 | ... AR32: {=TREND($B32:$I32,$B$30:$I$30,AR$30)} -> 37620.853
A33: 户用光伏 | B33: 1466.6 | C33: 3356.6 | D33: 8016.6 | E33: 15648.8 | F33: =F34+F35 -> 16838.45 | G33: =F33+C50 -> 18583.27 | H33: =G33+D50 -> 20803.95 | I33: =H33+E50 -> 23579.8 | J33: =J34+J35 -> 28264.552 | K33: =K34+K35 -> 31537.395 | L33: =L34+L35 -> 34810.238 | M33: =M34+M35 -> 38083.081 | N33: =N34+N35 -> 41355.924 | O33: =O34+O35 -> 44628.767 | P33: =P34+P35 -> 45167.212 | Q33: =Q34+Q35 -> 45130.902 | ... AR33: =AR34+AR35 -> 44886.936
A34: 城镇分布式 | B34: =$B44*B33 -> 293.32 | C34: =$B44*C33 -> 671.32 | D34: =$B44*D33 -> 1603.32 | E34: =$B44*E33 -> 3129.76 | F34: =E34+B51 -> 3367.69 | G34: =F34+C51 -> 3716.654 | H34: =G34+D51 -> 4160.79 | I34: =H34+E51 -> 4715.96 | J34: =MIN(TREND($B34:$I34,$B$30:$I$30,J$30),户用光伏上限模拟!L29) -> 5652.9104 | K34: =MIN(TREND($B34:$I34,$B$30:$I$30,K$30),户用光伏上限模拟!M29) -> 6307.479 | L34: =MIN(TREND($B34:$I34,$B$30:$I$30,L$30),户用光伏上限模拟!N29) -> 6962.0476 | M34: =MIN(TREND($B34:$I34,$B$30:$I$30,M$30),户用光伏上限模拟!O29) -> 7616.6162 | N34: =MIN(TREND($B34:$I34,$B$30:$I$30,N$30),户用光伏上限模拟!P29) -> 8271.1848 | O34: =MIN(TREND($B34:$I34,$B$30:$I$30,O$30),户用光伏上限模拟!Q29) -> 8925.7534 | P34: =MIN(TREND($B34:$I34,$B$30:$I$30,P$30),户用光伏上限模拟!R29) -> 9580.322 | Q34: =MIN(TREND($B34:$I34,$B$30:$I$30,Q$30),户用光伏上限模拟!S29) -> 10234.891 | ... AR34: =MIN(TREND($B34:$I34,$B$30:$I$30,AR$30),户用光伏上限模拟!AT29) -> 23391.067
A35: 乡村分布式 | B35: =$B45*B33 -> 1173.28 | C35: =$B45*C33 -> 2685.28 | D35: =$B45*D33 -> 6413.28 | E35: =$B45*E33 -> 12519.04 | F35: =E35+B52 -> 13470.76 | G35: =F35+C52 -> 14866.616 | H35: =G35+D52 -> 16643.16 | I35: =H35+E52 -> 18863.84 | J35: =MIN(TREND($B35:$I35,$B$30:$I$30,J$30),户用光伏上限模拟!L30) -> 22611.642 | K35: =MIN(TREND($B35:$I35,$B$30:$I$30,K$30),户用光伏上限模拟!M30) -> 25229.916 | L35: =MIN(TREND($B35:$I35,$B$30:$I$30,L$30),户用光伏上限模拟!N30) -> 27848.19 | M35: =MIN(TREND($B35:$I35,$B$30:$I$30,M$30),户用光伏上限模拟!O30) -> 30466.465 | N35: =MIN(TREND($B35:$I35,$B$30:$I$30,N$30),户用光伏上限模拟!P30) -> 33084.739 | O35: =MIN(TREND($B35:$I35,$B$30:$I$30,O$30),户用光伏上限模拟!Q30) -> 35703.014 | P35: =MIN(TREND($B35:$I35,$B$30:$I$30,P$30),户用光伏上限模拟!R30) -> 35586.89 | Q35: =MIN(TREND($B35:$I35,$B$30:$I$30,Q$30),户用光伏上限模拟!S30) -> 34896.011 | ... AR35: =MIN(TREND($B35:$I35,$B$30:$I$30,AR$30),户用光伏上限模拟!AT30) -> 21495.87
A36: 分布式 | B36: =B33+B32 -> 7130 | C36: =C33+C32 -> 9420 | D36: =D33+D32 -> 14670 | E36: =E33+E32 -> 23340 | F36: =F33+F32 -> 25039.5 | G36: =G33+G32 -> 27532.1 | H36: =H33+H32 -> 30704.5 | I36: =I33+I32 -> 34670 | ... AR36: =AR33+AR32 -> 82507.79
A37: 总计 | B37: =B31+B36 -> 13610 | C37: =C31+C36 -> 16190 | D37: =D31+D36 -> 22720 | E37: =E31+E36 -> 33430 | F37: =F31+F36 -> 39129.5 | G37: =G31+G36 -> 44368.767 | H37: =H31+H36 -> 50287.833 | I37: =I31+I36 -> 57000 | ... AR37: =AR31+AR36 -> 82507.79
A38: 十四五期间农村分布式新增10000，城镇分布式新增5000
A39: 整县屋顶分布式则是统筹推进整县分布式光伏集中化、规模化开发建设，充分利用党政机关建筑、公共建筑、工商业厂房和农村居民屋顶资源，到“十四五”末，全省整县分布式光伏规模化开发容量达20GW以上。
A40: 整县推进光伏测算
A41: 2025总计 | B41: =20000-(E36-D36) -> 11330 | C41: =B41 -> 11330
A42: 工商 | B42: 0.3 | C42: =B42*B41 -> 3399
A43: 户用 | B43: 0.7 | C43: =B43*B41 -> 7931
A44: 其中：城镇 | B44: 0.2 | C44: =B44*C43 -> 1586.2
A45: 乡村 | B45: 0.8 | C45: =B45*C43 -> 6344.8
A47: 逐年分布 | B47: 2022 | C47: 2023 | D47: 2024 | E47: 2025
B48: 0.15 | C48: 0.22 | D48: 0.28 | E48: 0.35
A49: 工商业 | B49: =B$48*$C42 -> 509.85 | C49: =C$48*$C42 -> 747.78 | D49: =D$48*$C42 -> 951.72 | E49: =E$48*$C42 -> 1189.65
A50: 户用光伏 | B50: =B$48*$C43 -> 1189.65 | C50: =C$48*$C43 -> 1744.82 | D50: =D$48*$C43 -> 2220.68 | E50: =E$48*$C43 -> 2775.85
A51: 城镇分布式 | B51: =B$48*$C44 -> 237.93 | C51: =C$48*$C44 -> 348.964 | D51: =D$48*$C44 -> 444.136 | E51: =E$48*$C44 -> 555.17
A52: 乡村分布式 | B52: =B$48*$C45 -> 951.72 | C52: =C$48*$C45 -> 1395.856 | D52: =D$48*$C45 -> 1776.544 | E52: =E$48*$C45 -> 2220.68
M53: 2022 | N53: 2025
A54: 海上光伏基地
A55: 2022年并网1500MW，总计4200MW | M55: 1500 | N55: 4200
A56: 鲁西南采煤沉陷区
A57: 2022年装机1500MW，从规划5000MW以上，鲁西南采煤沉陷区光伏发电项目规划到2025年建成3000MW左右光伏。 | M57: 1500 | N57: 3000
A58: 鲁北盐碱滩土地风光储输一体化集体
A59: 2022年总并网3000MW左右，其中光伏2023年一期工程建成2000MW。规划到2025年开工15000MW、建成10000MW风电光伏总计规模40000MW风光储 | M59: 1000 | N59: 10000
A61: 山东省可再生能源是四五五发展规划
A62: 十四五末期，山东省风电装机规模25000MW，光伏装机57000MW

Sheet SYDEC
A1: MW | B1: urban residential | C1: rural residential | D1: commercial
A2: hard coal | B2: 0 | C2: 0 | D2: 0
A3: natural gas nonpeaker | B3: 0 | C3: 0 | D3: 0
A4: nuclear | B4: 0 | C4: 0 | D4: 0
A5: hydro | B5: 0 | C5: 0 | D5: 0
A6: onshore wind | B6: 0 | C6: 0 | D6: 0
A7: solar PV | B7: ='National Workbook'!L65*10 -> 4568.652 | C7: ='National Workbook'!L64*10 -> 17263.506 | D7: ='National Workbook'!M62*10 -> 75354.789
A8: solar thermal | B8: 0 | C8: 0 | D8: 0
A9: biomass | B9: 0 | C9: 0 | D9: 0
A10: geothermal | B10: 0 | C10: 0 | D10: 0
A11: petroleum | B11: 0 | C11: 0 | D11: 0
A12: natural gas peaker | B12: 0 | C12: 0 | D12: 0
A13: lignite | B13: 0 | C13: 0 | D13: 0
A14: offshore wind | B14: 0 | C14: 0 | D14: 0
A15: crude oil | B15: 0 | C15: 0 | D15: 0
A16: heavy or residual fuel oil | B16: 0 | C16: 0 | D16: 0
A17: municipal solid waste | B17: 0 | C17: 0 | D17: 0

Sheet BDEQ-BEOfDS-urban-residential
A1: MW*hour | B1: 2018 | C1: 2019 | D1: 2020 | E1: 2021 | F1: 2022 | G1: 2023 | H1: 2024 | I1: 2025 | J1: 2026 | K1: 2027 | L1: 2028 | M1: 2029 | N1: 2030 | O1: 2031 | P1: 2032 | Q1: 2033 | R1: 2034 | S1: 2035 | T1: 2036 | U1: 2037 | V1: 2038 | W1: 2039 | X1: 2040 | Y1: 2041 | Z1: 2042 | AA1: 2043 | AB1: 2044 | AC1: 2045 | AD1: 2046 | AE1: 2047 | AF1: 2048 | AG1: 2049 | AH1: 2050 | AI1: 2051 | AJ1: 2052 | AK1: 2053 | AL1: 2054 | AM1: 2055 | AN1: 2056 | AO1: 2057 | AP1: 2058 | AQ1: 2059 | AR1: 2060
A2: hard coal | B2: 0 | C2: 0 | D2: 0 | E2: 0 | F2: 0 | G2: 0 | H2: 0 | I2: 0 | J2: 0 | K2: 0 | L2: 0 | M2: 0 | N2: 0 | O2: 0 | P2: 0 | Q2: 0 | R2: 0 | S2: 0 | T2: 0 | U2: 0 | V2: 0 | W2: 0 | X2: 0 | Y2: 0 | Z2: 0 | AA2: 0 | AB2: 0 | AC2: 0 | AD2: 0 | AE2: 0 | AF2: 0 | AG2: 0 | AH2: 0 | AI2: 0 | AJ2: 0 | AK2: 0 | AL2: 0 | AM2: 0 | AN2: 0 | AO2: 0 | AP2: 0 | AQ2: 0 | AR2: 0
A3: natural gas nonpeaker | B3: 0 | C3: 0 | D3: 0 | E3: 0 | F3: 0 | G3: 0 | H3: 0 | I3: 0 | J3: 0 | K3: 0 | L3: 0 | M3: 0 | N3: 0 | O3: 0 | P3: 0 | Q3: 0 | R3: 0 | S3: 0 | T3: 0 | U3: 0 | V3: 0 | W3: 0 | X3: 0 | Y3: 0 | Z3: 0 | AA3: 0 | AB3: 0 | AC3: 0 | AD3: 0 | AE3: 0 | AF3: 0 | AG3: 0 | AH3: 0 | AI3: 0 | AJ3: 0 | AK3: 0 | AL3: 0 | AM3: 0 | AN3: 0 | AO3: 0 | AP3: 0 | AQ3: 0 | AR3: 0
A4: nuclear | B4: 0 | C4: 0 | D4: 0 | E4: 0 | F4: 0 | G4: 0 | H4: 0 | I4: 0 | J4: 0 | K4: 0 | L4: 0 | M4: 0 | N4: 0 | O4: 0 | P4: 0 | Q4: 0 | R4: 0 | S4: 0 | T4: 0 | U4: 0 | V4: 0 | W4: 0 | X4: 0 | Y4: 0 | Z4: 0 | AA4: 0 | AB4: 0 | AC4: 0 | AD4: 0 | AE4: 0 | AF4: 0 | AG4: 0 | AH4: 0 | AI4: 0 | AJ4: 0 | AK4: 0 | AL4: 0 | AM4: 0 | AN4: 0 | AO4: 0 | AP4: 0 | AQ4: 0 | AR4: 0
A5: hydro | B5: 0 | C5: 0 | D5: 0 | E5: 0 | F5: 0 | G5: 0 | H5: 0 | I5: 0 | J5: 0 | K5: 0 | L5: 0 | M5: 0 | N5: 0 | O5: 0 | P5: 0 | Q5: 0 | R5: 0 | S5: 0 | T5: 0 | U5: 0 | V5: 0 | W5: 0 | X5: 0 | Y5: 0 | Z5: 0 | AA5: 0 | AB5: 0 | AC5: 0 | AD5: 0 | AE5: 0 | AF5: 0 | AG5: 0 | AH5: 0 | AI5: 0 | AJ5: 0 | AK5: 0 | AL5: 0 | AM5: 0 | AN5: 0 | AO5: 0 | AP5: 0 | AQ5: 0 | AR5: 0
A6: onshore wind | B6: 0 | C6: 0 | D6: 0 | E6: 0 | F6: 0 | G6: 0 | H6: 0 | I6: 0 | J6: 0 | K6: 0 | L6: 0 | M6: 0 | N6: 0 | O6: 0 | P6: 0 | Q6: 0 | R6: 0 | S6: 0 | T6: 0 | U6: 0 | V6: 0 | W6: 0 | X6: 0 | Y6: 0 | Z6: 0 | AA6: 0 | AB6: 0 | AC6: 0 | AD6: 0 | AE6: 0 | AF6: 0 | AG6: 0 | AH6: 0 | AI6: 0 | AJ6: 0 | AK6: 0 | AL6: 0 | AM6: 0 | AN6: 0 | AO6: 0 | AP6: 0 | AQ6: 0 | AR6: 0
A7: solar PV | B7: ='BDEQ-BDESC-urban-residential'!B7*MAX(能源局光伏并网数据!$AV3:$AY3)*8760 -> 1159695.7 | C7: ='BDEQ-BDESC-urban-residential'!C7*MAX(能源局光伏并网数据!$AV3:$AY3)*8760 -> 2118242 | D7: ='BDEQ-BDESC-urban-residential'!D7*MAX(能源局光伏并网数据!$AV3:$AY3)*8760 -> 3977240.8 | E7: ='BDEQ-BDESC-urban-residential'!E7*MAX(能源局光伏并网数据!$AV3:$AY3)*8760 -> 7911496.4 | F7: ='BDEQ-BDESC-urban-residential'!F7*MAX(能源局光伏并网数据!$AV3:$AY3)*8760 -> 12514474 | G7: ='BDEQ-BDESC-urban-residential'!G7*MAX(能源局光伏并网数据!$AV3:$AY3)*8760 -> 16671638 | H7: ='BDEQ-BDESC-urban-residential'!H7*MAX(能源局光伏并网数据!$AV3:$AY3)*8760 -> 20940254 | I7: ='BDEQ-BDESC-urban-residential'!I7*MAX(能源局光伏并网数据!$AV3:$AY3)*8760 -> 25208871 | ... AR7: ='BDEQ-BDESC-urban-residential'!AR7*MAX(能源局光伏并网数据!$AV3:$AY3)*8760 -> 93191327
A8: solar thermal | B8: 0 | C8: 0 | D8: 0 | E8: 0 | F8: 0 | G8: 0 | H8: 0 | I8: 0 | J8: 0 | K8: 0 | L8: 0 | M8: 0 | N8: 0 | O8: 0 | P8: 0 | Q8: 0 | R8: 0 | S8: 0 | T8: 0 | U8: 0 | V8: 0 | W8: 0 | X8: 0 | Y8: 0 | Z8: 0 | AA8: 0 | AB8: 0 | AC8: 0 | AD8: 0 | AE8: 0 | AF8: 0 | AG8: 0 | AH8: 0 | AI8: 0 | AJ8: 0 | AK8: 0 | AL8: 0 | AM8: 0 | AN8: 0 | AO8: 0 | AP8: 0 | AQ8: 0 | AR8: 0
A9: biomass | B9: 0 | C9: 0 | D9: 0 | E9: 0 | F9: 0 | G9: 0 | H9: 0 | I9: 0 | J9: 0 | K9: 0 | L9: 0 | M9: 0 | N9: 0 | O9: 0 | P9: 0 | Q9: 0 | R9: 0 | S9: 0 | T9: 0 | U9: 0 | V9: 0 | W9: 0 | X9: 0 | Y9: 0 | Z9: 0 | AA9: 0 | AB9: 0 | AC9: 0 | AD9: 0 | AE9: 0 | AF9: 0 | AG9: 0 | AH9: 0 | AI9: 0 | AJ9: 0 | AK9: 0 | AL9: 0 | AM9: 0 | AN9: 0 | AO9: 0 | AP9: 0 | AQ9: 0 | AR9: 0
A10: geothermal | B10: 0 | C10: 0 | D10: 0 | E10: 0 | F10: 0 | G10: 0 | H10: 0 | I10: 0 | J10: 0 | K10: 0 | L10: 0 | M10: 0 | N10: 0 | O10: 0 | P10: 0 | Q10: 0 | R10: 0 | S10: 0 | T10: 0 | U10: 0 | V10: 0 | W10: 0 | X10: 0 | Y10: 0 | Z10: 0 | AA10: 0 | AB10: 0 | AC10: 0 | AD10: 0 | AE10: 0 | AF10: 0 | AG10: 0 | AH10: 0 | AI10: 0 | AJ10: 0 | AK10: 0 | AL10: 0 | AM10: 0 | AN10: 0 | AO10: 0 | AP10: 0 | AQ10: 0 | AR10: 0
A11: petroleum | B11: 0 | C11: 0 | D11: 0 | E11: 0 | F11: 0 | G11: 0 | H11: 0 | I11: 0 | J11: 0 | K11: 0 | L11: 0 | M11: 0 | N11: 0 | O11: 0 | P11: 0 | Q11: 0 | R11: 0 | S11: 0 | T11: 0 | U11: 0 | V11: 0 | W11: 0 | X11: 0 | Y11: 0 | Z11: 0 | AA11: 0 | AB11: 0 | AC11: 0 | AD11: 0 | AE11: 0 | AF11: 0 | AG11: 0 | AH11: 0 | AI11: 0 | AJ11: 0 | AK11: 0 | AL11: 0 | AM11: 0 | AN11: 0 | AO11: 0 | AP11: 0 | AQ11: 0 | AR11: 0
A12: natural gas peaker | B12: 0 | C12: 0 | D12: 0 | E12: 0 | F12: 0 | G12: 0 | H12: 0 | I12: 0 | J12: 0 | K12: 0 | L12: 0 | M12: 0 | N12: 0 | O12: 0 | P12: 0 | Q12: 0 | R12: 0 | S12: 0 | T12: 0 | U12: 0 | V12: 0 | W12: 0 | X12: 0 | Y12: 0 | Z12: 0 | AA12: 0 | AB12: 0 | AC12: 0 | AD12: 0 | AE12: 0 | AF12: 0 | AG12: 0 | AH12: 0 | AI12: 0 | AJ12: 0 | AK12: 0 | AL12: 0 | AM12: 0 | AN12: 0 | AO12: 0 | AP12: 0 | AQ12: 0 | AR12: 0
A13: lignite | B13: 0 | C13: 0 | D13: 0 | E13: 0 | F13: 0 | G13: 0 | H13: 0 | I13: 0 | J13: 0 | K13: 0 | L13: 0 | M13: 0 | N13: 0 | O13: 0 | P13: 0 | Q13: 0 | R13: 0 | S13: 0 | T13: 0 | U13: 0 | V13: 0 | W13: 0 | X13: 0 | Y13: 0 | Z13: 0 | AA13: 0 | AB13: 0 | AC13: 0 | AD13: 0 | AE13: 0 | AF13: 0 | AG13: 0 | AH13: 0 | AI13: 0 | AJ13: 0 | AK13: 0 | AL13: 0 | AM13: 0 | AN13: 0 | AO13: 0 | AP13: 0 | AQ13: 0 | AR13: 0
A14: offshore wind | B14: 0 | C14: 0 | D14: 0 | E14: 0 | F14: 0 | G14: 0 | H14: 0 | I14: 0 | J14: 0 | K14: 0 | L14: 0 | M14: 0 | N14: 0 | O14: 0 | P14: 0 | Q14: 0 | R14: 0 | S14: 0 | T14: 0 | U14: 0 | V14: 0 | W14: 0 | X14: 0 | Y14: 0 | Z14: 0 | AA14: 0 | AB14: 0 | AC14: 0 | AD14: 0 | AE14: 0 | AF14: 0 | AG14: 0 | AH14: 0 | AI14: 0 | AJ14: 0 | AK14: 0 | AL14: 0 | AM14: 0 | AN14: 0 | AO14: 0 | AP14: 0 | AQ14: 0 | AR14: 0
A15: crude oil | B15: 0 | C15: 0 | D15: 0 | E15: 0 | F15: 0 | G15: 0 | H15: 0 | I15: 0 | J15: 0 | K15: 0 | L15: 0 | M15: 0 | N15: 0 | O15: 0 | P15: 0 | Q15: 0 | R15: 0 | S15: 0 | T15: 0 | U15: 0 | V15: 0 | W15: 0 | X15: 0 | Y15: 0 | Z15: 0 | AA15: 0 | AB15: 0 | AC15: 0 | AD15: 0 | AE15: 0 | AF15: 0 | AG15: 0 | AH15: 0 | AI15: 0 | AJ15: 0 | AK15: 0 | AL15: 0 | AM15: 0 | AN15: 0 | AO15: 0 | AP15: 0 | AQ15: 0 | AR15: 0
A16: heavy or residual fuel oil | B16: 0 | C16: 0 | D16: 0 | E16: 0 | F16: 0 | G16: 0 | H16: 0 | I16: 0 | J16: 0 | K16: 0 | L16: 0 | M16: 0 | N16: 0 | O16: 0 | P16: 0 | Q16: 0 | R16: 0 | S16: 0 | T16: 0 | U16: 0 | V16: 0 | W16: 0 | X16: 0 | Y16: 0 | Z16: 0 | AA16: 0 | AB16: 0 | AC16: 0 | AD16: 0 | AE16: 0 | AF16: 0 | AG16: 0 | AH16: 0 | AI16: 0 | AJ16: 0 | AK16: 0 | AL16: 0 | AM16: 0 | AN16: 0 | AO16: 0 | AP16: 0 | AQ16: 0 | AR16: 0
A17: municipal solid waste | B17: 0 | C17: 0 | D17: 0 | E17: 0 | F17: 0 | G17: 0 | H17: 0 | I17: 0 | J17: 0 | K17: 0 | L17: 0 | M17: 0 | N17: 0 | O17: 0 | P17: 0 | Q17: 0 | R17: 0 | S17: 0 | T17: 0 | U17: 0 | V17: 0 | W17: 0 | X17: 0 | Y17: 0 | Z17: 0 | AA17: 0 | AB17: 0 | AC17: 0 | AD17: 0 | AE17: 0 | AF17: 0 | AG17: 0 | AH17: 0 | AI17: 0 | AJ17: 0 | AK17: 0 | AL17: 0 | AM17: 0 | AN17: 0 | AO17: 0 | AP17: 0 | AQ17: 0 | AR17: 0

Sheet BDEQ-BEOfDS-rural-residential
A1: MW*hour | B1: 2018 | C1: 2019 | D1: 2020 | E1: 2021 | F1: 2022 | G1: 2023 | H1: 2024 | I1: 2025 | J1: 2026 | K1: 2027 | L1: 2028 | M1: 2029 | N1: 2030 | O1: 2031 | P1: 2032 | Q1: 2033 | R1: 2034 | S1: 2035 | T1: 2036 | U1: 2037 | V1: 2038 | W1: 2039 | X1: 2040 | Y1: 2041 | Z1: 2042 | AA1: 2043 | AB1: 2044 | AC1: 2045 | AD1: 2046 | AE1: 2047 | AF1: 2048 | AG1: 2049 | AH1: 2050 | AI1: 2051 | AJ1: 2052 | AK1: 2053 | AL1: 2054 | AM1: 2055 | AN1: 2056 | AO1: 2057 | AP1: 2058 | AQ1: 2059 | AR1: 2060
A2: hard coal | B2: 0 | C2: 0 | D2: 0 | E2: 0 | F2: 0 | G2: 0 | H2: 0 | I2: 0 | J2: 0 | K2: 0 | L2: 0 | M2: 0 | N2: 0 | O2: 0 | P2: 0 | Q2: 0 | R2: 0 | S2: 0 | T2: 0 | U2: 0 | V2: 0 | W2: 0 | X2: 0 | Y2: 0 | Z2: 0 | AA2: 0 | AB2: 0 | AC2: 0 | AD2: 0 | AE2: 0 | AF2: 0 | AG2: 0 | AH2: 0 | AI2: 0 | AJ2: 0 | AK2: 0 | AL2: 0 | AM2: 0 | AN2: 0 | AO2: 0 | AP2: 0 | AQ2: 0 | AR2: 0
A3: natural gas nonpeaker | B3: 0 | C3: 0 | D3: 0 | E3: 0 | F3: 0 | G3: 0 | H3: 0 | I3: 0 | J3: 0 | K3: 0 | L3: 0 | M3: 0 | N3: 0 | O3: 0 | P3: 0 | Q3: 0 | R3: 0 | S3: 0 | T3: 0 | U3: 0 | V3: 0 | W3: 0 | X3: 0 | Y3: 0 | Z3: 0 | AA3: 0 | AB3: 0 | AC3: 0 | AD3: 0 | AE3: 0 | AF3: 0 | AG3: 0 | AH3: 0 | AI3: 0 | AJ3: 0 | AK3: 0 | AL3: 0 | AM3: 0 | AN3: 0 | AO3: 0 | AP3: 0 | AQ3: 0 | AR3: 0
A4: nuclear | B4: 0 | C4: 0 | D4: 0 | E4: 0 | F4: 0 | G4: 0 | H4: 0 | I4: 0 | J4: 0 | K4: 0 | L4: 0 | M4: 0 | N4: 0 | O4: 0 | P4: 0 | Q4: 0 | R4: 0 | S4: 0 | T4: 0 | U4: 0 | V4: 0 | W4: 0 | X4: 0 | Y4: 0 | Z4: 0 | AA4: 0 | AB4: 0 | AC4: 0 | AD4: 0 | AE4: 0 | AF4: 0 | AG4: 0 | AH4: 0 | AI4: 0 | AJ4: 0 | AK4: 0 | AL4: 0 | AM4: 0 | AN4: 0 | AO4: 0 | AP4: 0 | AQ4: 0 | AR4: 0
A5: hydro | B5: 0 | C5: 0 | D5: 0 | E5: 0 | F5: 0 | G5: 0 | H5: 0 | I5: 0 | J5: 0 | K5: 0 | L5: 0 | M5: 0 | N5: 0 | O5: 0 | P5: 0 | Q5: 0 | R5: 0 | S5: 0 | T5: 0 | U5: 0 | V5: 0 | W5: 0 | X5: 0 | Y5: 0 | Z5: 0 | AA5: 0 | AB5: 0 | AC5: 0 | AD5: 0 | AE5: 0 | AF5: 0 | AG5: 0 | AH5: 0 | AI5: 0 | AJ5: 0 | AK5: 0 | AL5: 0 | AM5: 0 | AN5: 0 | AO5: 0 | AP5: 0 | AQ5: 0 | AR5: 0
A6: onshore wind | B6: 0 | C6: 0 | D6: 0 | E6: 0 | F6: 0 | G6: 0 | H6: 0 | I6: 0 | J6: 0 | K6: 0 | L6: 0 | M6: 0 | N6: 0 | O6: 0 | P6: 0 | Q6: 0 | R6: 0 | S6: 0 | T6: 0 | U6: 0 | V6: 0 | W6: 0 | X6: 0 | Y6: 0 | Z6: 0 | AA6: 0 | AB6: 0 | AC6: 0 | AD6: 0 | AE6: 0 | AF6: 0 | AG6: 0 | AH6: 0 | AI6: 0 | AJ6: 0 | AK6: 0 | AL6: 0 | AM6: 0 | AN6: 0 | AO6: 0 | AP6: 0 | AQ6: 0 | AR6: 0
A7: solar PV | B7: ='BDEQ-BDESC-rural-residential'!B7*MAX(能源局光伏并网数据!$AV3:$AY3)*8760 -> 4382127.1 | C7: ='BDEQ-BDESC-rural-residential'!C7*MAX(能源局光伏并网数据!$AV3:$AY3)*8760 -> 8004173.3 | D7: ='BDEQ-BDESC-rural-residential'!D7*MAX(能源局光伏并网数据!$AV3:$AY3)*8760 -> 15028748 | E7: ='BDEQ-BDESC-rural-residential'!E7*MAX(能源局光伏并网数据!$AV3:$AY3)*8760 -> 29895068 | F7: ='BDEQ-BDESC-rural-residential'!F7*MAX(能源局光伏并网数据!$AV3:$AY3)*8760 -> 47288281 | G7: ='BDEQ-BDESC-rural-residential'!G7*MAX(能源局光伏并网数据!$AV3:$AY3)*8760 -> 62996899 | H7: ='BDEQ-BDESC-rural-residential'!H7*MAX(能源局光伏并网数据!$AV3:$AY3)*8760 -> 79126666 | I7: ='BDEQ-BDESC-rural-residential'!I7*MAX(能源局光伏并网数据!$AV3:$AY3)*8760 -> 95256433 | ... AR7: ='BDEQ-BDESC-rural-residential'!AR7*MAX(能源局光伏并网数据!$AV3:$AY3)*8760 -> 3.1951988e+08
A8: solar thermal | B8: 0 | C8: 0 | D8: 0 | E8: 0 | F8: 0 | G8: 0 | H8: 0 | I8: 0 | J8: 0 | K8: 0 | L8: 0 | M8: 0 | N8: 0 | O8: 0 | P8: 0 | Q8: 0 | R8: 0 | S8: 0 | T8: 0 | U8: 0 | V8: 0 | W8: 0 | X8: 0 | Y8: 0 | Z8: 0 | AA8: 0 | AB8: 0 | AC8: 0 | AD8: 0 | AE8: 0 | AF8: 0 | AG8: 0 | AH8: 0 | AI8: 0 | AJ8: 0 | AK8: 0 | AL8: 0 | AM8: 0 | AN8: 0 | AO8: 0 | AP8: 0 | AQ8: 0 | AR8: 0
A9: biomass | B9: 0 | C9: 0 | D9: 0 | E9: 0 | F9: 0 | G9: 0 | H9: 0 | I9: 0 | J9: 0 | K9: 0 | L9: 0 | M9: 0 | N9: 0 | O9: 0 | P9: 0 | Q9: 0 | R9: 0 | S9: 0 | T9: 0 | U9: 0 | V9: 0 | W9: 0 | X9: 0 | Y9: 0 | Z9: 0 | AA9: 0 | AB9: 0 | AC9: 0 | AD9: 0 | AE9: 0 | AF9: 0 | AG9: 0 | AH9: 0 | AI9: 0 | AJ9: 0 | AK9: 0 | AL9: 0 | AM9: 0 | AN9: 0 | AO9: 0 | AP9: 0 | AQ9: 0 | AR9: 0
A10: geothermal | B10: 0 | C10: 0 | D10: 0 | E10: 0 | F10: 0 | G10: 0 | H10: 0 | I10: 0 | J10: 0 | K10: 0 | L10: 0 | M10: 0 | N10: 0 | O10: 0 | P10: 0 | Q10: 0 | R10: 0 | S10: 0 | T10: 0 | U10: 0 | V10: 0 | W10: 0 | X10: 0 | Y10: 0 | Z10: 0 | AA10: 0 | AB10: 0 | AC10: 0 | AD10: 0 | AE10: 0 | AF10: 0 | AG10: 0 | AH10: 0 | AI10: 0 | AJ10: 0 | AK10: 0 | AL10: 0 | AM10: 0 | AN10: 0 | AO10: 0 | AP10: 0 | AQ10: 0 | AR10: 0
A11: petroleum | B11: 0 | C11: 0 | D11: 0 | E11: 0 | F11: 0 | G11: 0 | H11: 0 | I11: 0 | J11: 0 | K11: 0 | L11: 0 | M11: 0 | N11: 0 | O11: 0 | P11: 0 | Q11: 0 | R11: 0 | S11: 0 | T11: 0 | U11: 0 | V11: 0 | W11: 0 | X11: 0 | Y11: 0 | Z11: 0 | AA11: 0 | AB11: 0 | AC11: 0 | AD11: 0 | AE11: 0 | AF11: 0 | AG11: 0 | AH11: 0 | AI11: 0 | AJ11: 0 | AK11: 0 | AL11: 0 | AM11: 0 | AN11: 0 | AO11: 0 | AP11: 0 | AQ11: 0 | AR11: 0
A12: natural gas peaker | B12: 0 | C12: 0 | D12: 0 | E12: 0 | F12: 0 | G12: 0 | H12: 0 | I12: 0 | J12: 0 | K12: 0 | L12: 0 | M12: 0 | N12: 0 | O12: 0 | P12: 0 | Q12: 0 | R12: 0 | S12: 0 | T12: 0 | U12: 0 | V12: 0 | W12: 0 | X12: 0 | Y12: 0 | Z12: 0 | AA12: 0 | AB12: 0 | AC12: 0 | AD12: 0 | AE12: 0 | AF12: 0 | AG12: 0 | AH12: 0 | AI12: 0 | AJ12: 0 | AK12: 0 | AL12: 0 | AM12: 0 | AN12: 0 | AO12: 0 | AP12: 0 | AQ12: 0 | AR12: 0
A13: lignite | B13: 0 | C13: 0 | D13: 0 | E13: 0 | F13: 0 | G13: 0 | H13: 0 | I13: 0 | J13: 0 | K13: 0 | L13: 0 | M13: 0 | N13: 0 | O13: 0 | P13: 0 | Q13: 0 | R13: 0 | S13: 0 | T13: 0 | U13: 0 | V13: 0 | W13: 0 | X13: 0 | Y13: 0 | Z13: 0 | AA13: 0 | AB13: 0 | AC13: 0 | AD13: 0 | AE13: 0 | AF13: 0 | AG13: 0 | AH13: 0 | AI13: 0 | AJ13: 0 | AK13: 0 | AL13: 0 | AM13: 0 | AN13: 0 | AO13: 0 | AP13: 0 | AQ13: 0 | AR13: 0
A14: offshore wind | B14: 0 | C14: 0 | D14: 0 | E14: 0 | F14: 0 | G14: 0 | H14: 0 | I14: 0 | J14: 0 | K14: 0 | L14: 0 | M14: 0 | N14: 0 | O14: 0 | P14: 0 | Q14: 0 | R14: 0 | S14: 0 | T14: 0 | U14: 0 | V14: 0 | W14: 0 | X14: 0 | Y14: 0 | Z14: 0 | AA14: 0 | AB14: 0 | AC14: 0 | AD14: 0 | AE14: 0 | AF14: 0 | AG14: 0 | AH14: 0 | AI14: 0 | AJ14: 0 | AK14: 0 | AL14: 0 | AM14: 0 | AN14: 0 | AO14: 0 | AP14: 0 | AQ14: 0 | AR14: 0
A15: crude oil | B15: 0 | C15: 0 | D15: 0 | E15: 0 | F15: 0 | G15: 0 | H15: 0 | I15: 0 | J15: 0 | K15: 0 | L15: 0 | M15: 0 | N15: 0 | O15: 0 | P15: 0 | Q15: 0 | R15: 0 | S15: 0 | T15: 0 | U15: 0 | V15: 0 | W15: 0 | X15: 0 | Y15: 0 | Z15: 0 | AA15: 0 | AB15: 0 | AC15: 0 | AD15: 0 | AE15: 0 | AF15: 0 | AG15: 0 | AH15: 0 | AI15: 0 | AJ15: 0 | AK15: 0 | AL15: 0 | AM15: 0 | AN15: 0 | AO15: 0 | AP15: 0 | AQ15: 0 | AR15: 0
A16: heavy or residual fuel oil | B16: 0 | C16: 0 | D16: 0 | E16: 0 | F16: 0 | G16: 0 | H16: 0 | I16: 0 | J16: 0 | K16: 0 | L16: 0 | M16: 0 | N16: 0 | O16: 0 | P16: 0 | Q16: 0 | R16: 0 | S16: 0 | T16: 0 | U16: 0 | V16: 0 | W16: 0 | X16: 0 | Y16: 0 | Z16: 0 | AA16: 0 | AB16: 0 | AC16: 0 | AD16: 0 | AE16: 0 | AF16: 0 | AG16: 0 | AH16: 0 | AI16: 0 | AJ16: 0 | AK16: 0 | AL16: 0 | AM16: 0 | AN16: 0 | AO16: 0 | AP16: 0 | AQ16: 0 | AR16: 0
A17: municipal solid waste | B17: 0 | C17: 0 | D17: 0 | E17: 0 | F17: 0 | G17: 0 | H17: 0 | I17: 0 | J17: 0 | K17: 0 | L17: 0 | M17: 0 | N17: 0 | O17: 0 | P17: 0 | Q17: 0 | R17: 0 | S17: 0 | T17: 0 | U17: 0 | V17: 0 | W17: 0 | X17: 0 | Y17: 0 | Z17: 0 | AA17: 0 | AB17: 0 | AC17: 0 | AD17: 0 | AE17: 0 | AF17: 0 | AG17: 0 | AH17: 0 | AI17: 0 | AJ17: 0 | AK17: 0 | AL17: 0 | AM17: 0 | AN17: 0 | AO17: 0 | AP17: 0 | AQ17: 0 | AR17: 0

Sheet BDEQ-BEOfDS-commercial
A1: MW*hour | B1: 2018 | C1: 2019 | D1: 2020 | E1: 2021 | F1: 2022 | G1: 2023 | H1: 2024 | I1: 2025 | J1: 2026 | K1: 2027 | L1: 2028 | M1: 2029 | N1: 2030 | O1: 2031 | P1: 2032 | Q1: 2033 | R1: 2034 | S1: 2035 | T1: 2036 | U1: 2037 | V1: 2038 | W1: 2039 | X1: 2040 | Y1: 2041 | Z1: 2042 | AA1: 2043 | AB1: 2044 | AC1: 2045 | AD1: 2046 | AE1: 2047 | AF1: 2048 | AG1: 2049 | AH1: 2050 | AI1: 2051 | AJ1: 2052 | AK1: 2053 | AL1: 2054 | AM1: 2055 | AN1: 2056 | AO1: 2057 | AP1: 2058 | AQ1: 2059 | AR1: 2060
A2: hard coal | B2: 0 | C2: 0 | D2: 0 | E2: 0 | F2: 0 | G2: 0 | H2: 0 | I2: 0 | J2: 0 | K2: 0 | L2: 0 | M2: 0 | N2: 0 | O2: 0 | P2: 0 | Q2: 0 | R2: 0 | S2: 0 | T2: 0 | U2: 0 | V2: 0 | W2: 0 | X2: 0 | Y2: 0 | Z2: 0 | AA2: 0 | AB2: 0 | AC2: 0 | AD2: 0 | AE2: 0 | AF2: 0 | AG2: 0 | AH2: 0 | AI2: 0 | AJ2: 0 | AK2: 0 | AL2: 0 | AM2: 0 | AN2: 0 | AO2: 0 | AP2: 0 | AQ2: 0 | AR2: 0
A3: natural gas nonpeaker | B3: 0 | C3: 0 | D3: 0 | E3: 0 | F3: 0 | G3: 0 | H3: 0 | I3: 0 | J3: 0 | K3: 0 | L3: 0 | M3: 0 | N3: 0 | O3: 0 | P3: 0 | Q3: 0 | R3: 0 | S3: 0 | T3: 0 | U3: 0 | V3: 0 | W3: 0 | X3: 0 | Y3: 0 | Z3: 0 | AA3: 0 | AB3: 0 | AC3: 0 | AD3: 0 | AE3: 0 | AF3: 0 | AG3: 0 | AH3: 0 | AI3: 0 | AJ3: 0 | AK3: 0 | AL3: 0 | AM3: 0 | AN3: 0 | AO3: 0 | AP3: 0 | AQ3: 0 | AR3: 0
A4: nuclear | B4: 0 | C4: 0 | D4: 0 | E4: 0 | F4: 0 | G4: 0 | H4: 0 | I4: 0 | J4: 0 | K4: 0 | L4: 0 | M4: 0 | N4: 0 | O4: 0 | P4: 0 | Q4: 0 | R4: 0 | S4: 0 | T4: 0 | U4: 0 | V4: 0 | W4: 0 | X4: 0 | Y4: 0 | Z4: 0 | AA4: 0 | AB4: 0 | AC4: 0 | AD4: 0 | AE4: 0 | AF4: 0 | AG4: 0 | AH4: 0 | AI4: 0 | AJ4: 0 | AK4: 0 | AL4: 0 | AM4: 0 | AN4: 0 | AO4: 0 | AP4: 0 | AQ4: 0 | AR4: 0
A5: hydro | B5: 0 | C5: 0 | D5: 0 | E5: 0 | F5: 0 | G5: 0 | H5: 0 | I5: 0 | J5: 0 | K5: 0 | L5: 0 | M5: 0 | N5: 0 | O5: 0 | P5: 0 | Q5: 0 | R5: 0 | S5: 0 | T5: 0 | U5: 0 | V5: 0 | W5: 0 | X5: 0 | Y5: 0 | Z5: 0 | AA5: 0 | AB5: 0 | AC5: 0 | AD5: 0 | AE5: 0 | AF5: 0 | AG5: 0 | AH5: 0 | AI5: 0 | AJ5: 0 | AK5: 0 | AL5: 0 | AM5: 0 | AN5: 0 | AO5: 0 | AP5: 0 | AQ5: 0 | AR5: 0
A6: onshore wind | B6: 0 | C6: 0 | D6: 0 | E6: 0 | F6: 0 | G6: 0 | H6: 0 | I6: 0 | J6: 0 | K6: 0 | L6: 0 | M6: 0 | N6: 0 | O6: 0 | P6: 0 | Q6: 0 | R6: 0 | S6: 0 | T6: 0 | U6: 0 | V6: 0 | W6: 0 | X6: 0 | Y6: 0 | Z6: 0 | AA6: 0 | AB6: 0 | AC6: 0 | AD6: 0 | AE6: 0 | AF6: 0 | AG6: 0 | AH6: 0 | AI6: 0 | AJ6: 0 | AK6: 0 | AL6: 0 | AM6: 0 | AN6: 0 | AO6: 0 | AP6: 0 | AQ6: 0 | AR6: 0
A7: solar PV | B7: ='BDEQ-BDESC-commercial'!B7*MAX(能源局光伏并网数据!$AV3:$AY3)*8760 -> 48085007 | C7: ='BDEQ-BDESC-commercial'!C7*MAX(能源局光伏并网数据!$AV3:$AY3)*8760 -> 54192464 | D7: ='BDEQ-BDESC-commercial'!D7*MAX(能源局光伏并网数据!$AV3:$AY3)*8760 -> 58911862 | E7: ='BDEQ-BDESC-commercial'!E7*MAX(能源局光伏并网数据!$AV3:$AY3)*8760 -> 65600124 | F7: ='BDEQ-BDESC-commercial'!F7*MAX(能源局光伏并网数据!$AV3:$AY3)*8760 -> 87225461 | G7: ='BDEQ-BDESC-commercial'!G7*MAX(能源局光伏并网数据!$AV3:$AY3)*8760 -> 92968318 | H7: ='BDEQ-BDESC-commercial'!H7*MAX(能源局光伏并网数据!$AV3:$AY3)*8760 -> 1.0323156e+08 | I7: ='BDEQ-BDESC-commercial'!I7*MAX(能源局光伏并网数据!$AV3:$AY3)*8760 -> 1.1349481e+08 | ... AR7: ='BDEQ-BDESC-commercial'!AR7*MAX(能源局光伏并网数据!$AV3:$AY3)*8760 -> 1.6917704e+08
A8: solar thermal | B8: 0 | C8: 0 | D8: 0 | E8: 0 | F8: 0 | G8: 0 | H8: 0 | I8: 0 | J8: 0 | K8: 0 | L8: 0 | M8: 0 | N8: 0 | O8: 0 | P8: 0 | Q8: 0 | R8: 0 | S8: 0 | T8: 0 | U8: 0 | V8: 0 | W8: 0 | X8: 0 | Y8: 0 | Z8: 0 | AA8: 0 | AB8: 0 | AC8: 0 | AD8: 0 | AE8: 0 | AF8: 0 | AG8: 0 | AH8: 0 | AI8: 0 | AJ8: 0 | AK8: 0 | AL8: 0 | AM8: 0 | AN8: 0 | AO8: 0 | AP8: 0 | AQ8: 0 | AR8: 0
A9: biomass | B9: 0 | C9: 0 | D9: 0 | E9: 0 | F9: 0 | G9: 0 | H9: 0 | I9: 0 | J9: 0 | K9: 0 | L9: 0 | M9: 0 | N9: 0 | O9: 0 | P9: 0 | Q9: 0 | R9: 0 | S9: 0 | T9: 0 | U9: 0 | V9: 0 | W9: 0 | X9: 0 | Y9: 0 | Z9: 0 | AA9: 0 | AB9: 0 | AC9: 0 | AD9: 0 | AE9: 0 | AF9: 0 | AG9: 0 | AH9: 0 | AI9: 0 | AJ9: 0 | AK9: 0 | AL9: 0 | AM9: 0 | AN9: 0 | AO9: 0 | AP9: 0 | AQ9: 0 | AR9: 0
A10: geothermal | B10: 0 | C10: 0 | D10: 0 | E10: 0 | F10: 0 | G10: 0 | H10: 0 | I10: 0 | J10: 0 | K10: 0 | L10: 0 | M10: 0 | N10: 0 | O10: 0 | P10: 0 | Q10: 0 | R10: 0 | S10: 0 | T10: 0 | U10: 0 | V10: 0 | W10: 0 | X10: 0 | Y10: 0 | Z10: 0 | AA10: 0 | AB10: 0 | AC10: 0 | AD10: 0 | AE10: 0 | AF10: 0 | AG10: 0 | AH10: 0 | AI10: 0 | AJ10: 0 | AK10: 0 | AL10: 0 | AM10: 0 | AN10: 0 | AO10: 0 | AP10: 0 | AQ10: 0 | AR10: 0
A11: petroleum | B11: 0 | C11: 0 | D11: 0 | E11: 0 | F11: 0 | G11: 0 | H11: 0 | I11: 0 | J11: 0 | K11: 0 | L11: 0 | M11: 0 | N11: 0 | O11: 0 | P11: 0 | Q11: 0 | R11: 0 | S11: 0 | T11: 0 | U11: 0 | V11: 0 | W11: 0 | X11: 0 | Y11: 0 | Z11: 0 | AA11: 0 | AB11: 0 | AC11: 0 | AD11: 0 | AE11: 0 | AF11: 0 | AG11: 0 | AH11: 0 | AI11: 0 | AJ11: 0 | AK11: 0 | AL11: 0 | AM11: 0 | AN11: 0 | AO11: 0 | AP11: 0 | AQ11: 0 | AR11: 0
A12: natural gas peaker | B12: 0 | C12: 0 | D12: 0 | E12: 0 | F12: 0 | G12: 0 | H12: 0 | I12: 0 | J12: 0 | K12: 0 | L12: 0 | M12: 0 | N12: 0 | O12: 0 | P12: 0 | Q12: 0 | R12: 0 | S12: 0 | T12: 0 | U12: 0 | V12: 0 | W12: 0 | X12: 0 | Y12: 0 | Z12: 0 | AA12: 0 | AB12: 0 | AC12: 0 | AD12: 0 | AE12: 0 | AF12: 0 | AG12: 0 | AH12: 0 | AI12: 0 | AJ12: 0 | AK12: 0 | AL12: 0 | AM12: 0 | AN12: 0 | AO12: 0 | AP12: 0 | AQ12: 0 | AR12: 0
A13: lignite | B13: 0 | C13: 0 | D13: 0 | E13: 0 | F13: 0 | G13: 0 | H13: 0 | I13: 0 | J13: 0 | K13: 0 | L13: 0 | M13: 0 | N13: 0 | O13: 0 | P13: 0 | Q13: 0 | R13: 0 | S13: 0 | T13: 0 | U13: 0 | V13: 0 | W13: 0 | X13: 0 | Y13: 0 | Z13: 0 | AA13: 0 | AB13: 0 | AC13: 0 | AD13: 0 | AE13: 0 | AF13: 0 | AG13: 0 | AH13: 0 | AI13: 0 | AJ13: 0 | AK13: 0 | AL13: 0 | AM13: 0 | AN13: 0 | AO13: 0 | AP13: 0 | AQ13: 0 | AR13: 0
A14: offshore wind | B14: 0 | C14: 0 | D14: 0 | E14: 0 | F14: 0 | G14: 0 | H14: 0 | I14: 0 | J14: 0 | K14: 0 | L14: 0 | M14: 0 | N14: 0 | O14: 0 | P14: 0 | Q14: 0 | R14: 0 | S14: 0 | T14: 0 | U14: 0 | V14: 0 | W14: 0 | X14: 0 | Y14: 0 | Z14: 0 | AA14: 0 | AB14: 0 | AC14: 0 | AD14: 0 | AE14: 0 | AF14: 0 | AG14: 0 | AH14: 0 | AI14: 0 | AJ14: 0 | AK14: 0 | AL14: 0 | AM14: 0 | AN14: 0 | AO14: 0 | AP14: 0 | AQ14: 0 | AR14: 0
A15: crude oil | B15: 0 | C15: 0 | D15: 0 | E15: 0 | F15: 0 | G15: 0 | H15: 0 | I15: 0 | J15: 0 | K15: 0 | L15: 0 | M15: 0 | N15: 0 | O15: 0 | P15: 0 | Q15: 0 | R15: 0 | S15: 0 | T15: 0 | U15: 0 | V15: 0 | W15: 0 | X15: 0 | Y15: 0 | Z15: 0 | AA15: 0 | AB15: 0 | AC15: 0 | AD15: 0 | AE15: 0 | AF15: 0 | AG15: 0 | AH15: 0 | AI15: 0 | AJ15: 0 | AK15: 0 | AL15: 0 | AM15: 0 | AN15: 0 | AO15: 0 | AP15: 0 | AQ15: 0 | AR15: 0
A16: heavy or residual fuel oil | B16: 0 | C16: 0 | D16: 0 | E16: 0 | F16: 0 | G16: 0 | H16: 0 | I16: 0 | J16: 0 | K16: 0 | L16: 0 | M16: 0 | N16: 0 | O16: 0 | P16: 0 | Q16: 0 | R16: 0 | S16: 0 | T16: 0 | U16: 0 | V16: 0 | W16: 0 | X16: 0 | Y16: 0 | Z16: 0 | AA16: 0 | AB16: 0 | AC16: 0 | AD16: 0 | AE16: 0 | AF16: 0 | AG16: 0 | AH16: 0 | AI16: 0 | AJ16: 0 | AK16: 0 | AL16: 0 | AM16: 0 | AN16: 0 | AO16: 0 | AP16: 0 | AQ16: 0 | AR16: 0
A17: municipal solid waste | B17: 0 | C17: 0 | D17: 0 | E17: 0 | F17: 0 | G17: 0 | H17: 0 | I17: 0 | J17: 0 | K17: 0 | L17: 0 | M17: 0 | N17: 0 | O17: 0 | P17: 0 | Q17: 0 | R17: 0 | S17: 0 | T17: 0 | U17: 0 | V17: 0 | W17: 0 | X17: 0 | Y17: 0 | Z17: 0 | AA17: 0 | AB17: 0 | AC17: 0 | AD17: 0 | AE17: 0 | AF17: 0 | AG17: 0 | AH17: 0 | AI17: 0 | AJ17: 0 | AK17: 0 | AL17: 0 | AM17: 0 | AN17: 0 | AO17: 0 | AP17: 0 | AQ17: 0 | AR17: 0

Sheet BDEQ-BDESC-urban-residential
A1: MW | B1: 2018 | C1: 2019 | D1: 2020 | E1: 2021 | F1: 2022 | G1: 2023 | H1: 2024 | I1: 2025 | J1: 2026 | K1: 2027 | L1: 2028 | M1: 2029 | N1: 2030 | O1: 2031 | P1: 2032 | Q1: 2033 | R1: 2034 | S1: 2035 | T1: 2036 | U1: 2037 | V1: 2038 | W1: 2039 | X1: 2040 | Y1: 2041 | Z1: 2042 | AA1: 2043 | AB1: 2044 | AC1: 2045 | AD1: 2046 | AE1: 2047 | AF1: 2048 | AG1: 2049 | AH1: 2050 | AI1: 2051 | AJ1: 2052 | AK1: 2053 | AL1: 2054 | AM1: 2055 | AN1: 2056 | AO1: 2057 | AP1: 2058 | AQ1: 2059 | AR1: 2060
A2: hard coal | B2: 0 | C2: 0 | D2: 0 | E2: 0 | F2: 0 | G2: 0 | H2: 0 | I2: 0 | J2: 0 | K2: 0 | L2: 0 | M2: 0 | N2: 0 | O2: 0 | P2: 0 | Q2: 0 | R2: 0 | S2: 0 | T2: 0 | U2: 0 | V2: 0 | W2: 0 | X2: 0 | Y2: 0 | Z2: 0 | AA2: 0 | AB2: 0 | AC2: 0 | AD2: 0 | AE2: 0 | AF2: 0 | AG2: 0 | AH2: 0 | AI2: 0 | AJ2: 0 | AK2: 0 | AL2: 0 | AM2: 0 | AN2: 0 | AO2: 0 | AP2: 0 | AQ2: 0 | AR2: 0
A3: natural gas nonpeaker | B3: 0 | C3: 0 | D3: 0 | E3: 0 | F3: 0 | G3: 0 | H3: 0 | I3: 0 | J3: 0 | K3: 0 | L3: 0 | M3: 0 | N3: 0 | O3: 0 | P3: 0 | Q3: 0 | R3: 0 | S3: 0 | T3: 0 | U3: 0 | V3: 0 | W3: 0 | X3: 0 | Y3: 0 | Z3: 0 | AA3: 0 | AB3: 0 | AC3: 0 | AD3: 0 | AE3: 0 | AF3: 0 | AG3: 0 | AH3: 0 | AI3: 0 | AJ3: 0 | AK3: 0 | AL3: 0 | AM3: 0 | AN3: 0 | AO3: 0 | AP3: 0 | AQ3: 0 | AR3: 0
A4: nuclear | B4: 0 | C4: 0 | D4: 0 | E4: 0 | F4: 0 | G4: 0 | H4: 0 | I4: 0 | J4: 0 | K4: 0 | L4: 0 | M4: 0 | N4: 0 | O4: 0 | P4: 0 | Q4: 0 | R4: 0 | S4: 0 | T4: 0 | U4: 0 | V4: 0 | W4: 0 | X4: 0 | Y4: 0 | Z4: 0 | AA4: 0 | AB4: 0 | AC4: 0 | AD4: 0 | AE4: 0 | AF4: 0 | AG4: 0 | AH4: 0 | AI4: 0 | AJ4: 0 | AK4: 0 | AL4: 0 | AM4: 0 | AN4: 0 | AO4: 0 | AP4: 0 | AQ4: 0 | AR4: 0
A5: hydro | B5: 0 | C5: 0 | D5: 0 | E5: 0 | F5: 0 | G5: 0 | H5: 0 | I5: 0 | J5: 0 | K5: 0 | L5: 0 | M5: 0 | N5: 0 | O5: 0 | P5: 0 | Q5: 0 | R5: 0 | S5: 0 | T5: 0 | U5: 0 | V5: 0 | W5: 0 | X5: 0 | Y5: 0 | Z5: 0 | AA5: 0 | AB5: 0 | AC5: 0 | AD5: 0 | AE5: 0 | AF5: 0 | AG5: 0 | AH5: 0 | AI5: 0 | AJ5: 0 | AK5: 0 | AL5: 0 | AM5: 0 | AN5: 0 | AO5: 0 | AP5: 0 | AQ5: 0 | AR5: 0
A6: onshore wind | B6: 0 | C6: 0 | D6: 0 | E6: 0 | F6: 0 | G6: 0 | H6: 0 | I6: 0 | J6: 0 | K6: 0 | L6: 0 | M6: 0 | N6: 0 | O6: 0 | P6: 0 | Q6: 0 | R6: 0 | S6: 0 | T6: 0 | U6: 0 | V6: 0 | W6: 0 | X6: 0 | Y6: 0 | Z6: 0 | AA6: 0 | AB6: 0 | AC6: 0 | AD6: 0 | AE6: 0 | AF6: 0 | AG6: 0 | AH6: 0 | AI6: 0 | AJ6: 0 | AK6: 0 | AL6: 0 | AM6: 0 | AN6: 0 | AO6: 0 | AP6: 0 | AQ6: 0 | AR6: 0
A7: solar PV | B7: ='National Workbook'!J65*10 -> 1332.1412 | C7: ='National Workbook'!K65*10 -> 2433.2222 | D7: ='National Workbook'!L65*10 -> 4568.652 | E7: ='National Workbook'!M65*10 -> 9087.9271 | F7: ='National Workbook'!N65*10 -> 14375.363 | G7: ='National Workbook'!O65*10 -> 19150.691 | H7: ='National Workbook'!P65*10 -> 24054.047 | I7: ='National Workbook'!Q65*10 -> 28957.402 | ... AR7: ='National Workbook'!AZ65*10 -> 107048.77
A8: solar thermal | B8: 0 | C8: 0 | D8: 0 | E8: 0 | F8: 0 | G8: 0 | H8: 0 | I8: 0 | J8: 0 | K8: 0 | L8: 0 | M8: 0 | N8: 0 | O8: 0 | P8: 0 | Q8: 0 | R8: 0 | S8: 0 | T8: 0 | U8: 0 | V8: 0 | W8: 0 | X8: 0 | Y8: 0 | Z8: 0 | AA8: 0 | AB8: 0 | AC8: 0 | AD8: 0 | AE8: 0 | AF8: 0 | AG8: 0 | AH8: 0 | AI8: 0 | AJ8: 0 | AK8: 0 | AL8: 0 | AM8: 0 | AN8: 0 | AO8: 0 | AP8: 0 | AQ8: 0 | AR8: 0
A9: biomass | B9: 0 | C9: 0 | D9: 0 | E9: 0 | F9: 0 | G9: 0 | H9: 0 | I9: 0 | J9: 0 | K9: 0 | L9: 0 | M9: 0 | N9: 0 | O9: 0 | P9: 0 | Q9: 0 | R9: 0 | S9: 0 | T9: 0 | U9: 0 | V9: 0 | W9: 0 | X9: 0 | Y9: 0 | Z9: 0 | AA9: 0 | AB9: 0 | AC9: 0 | AD9: 0 | AE9: 0 | AF9: 0 | AG9: 0 | AH9: 0 | AI9: 0 | AJ9: 0 | AK9: 0 | AL9: 0 | AM9: 0 | AN9: 0 | AO9: 0 | AP9: 0 | AQ9: 0 | AR9: 0
A10: geothermal | B10: 0 | C10: 0 | D10: 0 | E10: 0 | F10: 0 | G10: 0 | H10: 0 | I10: 0 | J10: 0 | K10: 0 | L10: 0 | M10: 0 | N10: 0 | O10: 0 | P10: 0 | Q10: 0 | R10: 0 | S10: 0 | T10: 0 | U10: 0 | V10: 0 | W10: 0 | X10: 0 | Y10: 0 | Z10: 0 | AA10: 0 | AB10: 0 | AC10: 0 | AD10: 0 | AE10: 0 | AF10: 0 | AG10: 0 | AH10: 0 | AI10: 0 | AJ10: 0 | AK10: 0 | AL10: 0 | AM10: 0 | AN10: 0 | AO10: 0 | AP10: 0 | AQ10: 0 | AR10: 0
A11: petroleum | B11: 0 | C11: 0 | D11: 0 | E11: 0 | F11: 0 | G11: 0 | H11: 0 | I11: 0 | J11: 0 | K11: 0 | L11: 0 | M11: 0 | N11: 0 | O11: 0 | P11: 0 | Q11: 0 | R11: 0 | S11: 0 | T11: 0 | U11: 0 | V11: 0 | W11: 0 | X11: 0 | Y11: 0 | Z11: 0 | AA11: 0 | AB11: 0 | AC11: 0 | AD11: 0 | AE11: 0 | AF11: 0 | AG11: 0 | AH11: 0 | AI11: 0 | AJ11: 0 | AK11: 0 | AL11: 0 | AM11: 0 | AN11: 0 | AO11: 0 | AP11: 0 | AQ11: 0 | AR11: 0
A12: natural gas peaker | B12: 0 | C12: 0 | D12: 0 | E12: 0 | F12: 0 | G12: 0 | H12: 0 | I12: 0 | J12: 0 | K12: 0 | L12: 0 | M12: 0 | N12: 0 | O12: 0 | P12: 0 | Q12: 0 | R12: 0 | S12: 0 | T12: 0 | U12: 0 | V12: 0 | W12: 0 | X12: 0 | Y12: 0 | Z12: 0 | AA12: 0 | AB12: 0 | AC12: 0 | AD12: 0 | AE12: 0 | AF12: 0 | AG12: 0 | AH12: 0 | AI12: 0 | AJ12: 0 | AK12: 0 | AL12: 0 | AM12: 0 | AN12: 0 | AO12: 0 | AP12: 0 | AQ12: 0 | AR12: 0
A13: lignite | B13: 0 | C13: 0 | D13: 0 | E13: 0 | F13: 0 | G13: 0 | H13: 0 | I13: 0 | J13: 0 | K13: 0 | L13: 0 | M13: 0 | N13: 0 | O13: 0 | P13: 0 | Q13: 0 | R13: 0 | S13: 0 | T13: 0 | U13: 0 | V13: 0 | W13: 0 | X13: 0 | Y13: 0 | Z13: 0 | AA13: 0 | AB13: 0 | AC13: 0 | AD13: 0 | AE13: 0 | AF13: 0 | AG13: 0 | AH13: 0 | AI13: 0 | AJ13: 0 | AK13: 0 | AL13: 0 | AM13: 0 | AN13: 0 | AO13: 0 | AP13: 0 | AQ13: 0 | AR13: 0
A14: offshore wind | B14: 0 | C14: 0 | D14: 0 | E14: 0 | F14: 0 | G14: 0 | H14: 0 | I14: 0 | J14: 0 | K14: 0 | L14: 0 | M14: 0 | N14: 0 | O14: 0 | P14: 0 | Q14: 0 | R14: 0 | S14: 0 | T14: 0 | U14: 0 | V14: 0 | W14: 0 | X14: 0 | Y14: 0 | Z14: 0 | AA14: 0 | AB14: 0 | AC14: 0 | AD14: 0 | AE14: 0 | AF14: 0 | AG14: 0 | AH14: 0 | AI14: 0 | AJ14: 0 | AK14: 0 | AL14: 0 | AM14: 0 | AN14: 0 | AO14: 0 | AP14: 0 | AQ14: 0 | AR14: 0
A15: crude oil | B15: 0 | C15: 0 | D15: 0 | E15: 0 | F15: 0 | G15: 0 | H15: 0 | I15: 0 | J15: 0 | K15: 0 | L15: 0 | M15: 0 | N15: 0 | O15: 0 | P15: 0 | Q15: 0 | R15: 0 | S15: 0 | T15: 0 | U15: 0 | V15: 0 | W15: 0 | X15: 0 | Y15: 0 | Z15: 0 | AA15: 0 | AB15: 0 | AC15: 0 | AD15: 0 | AE15: 0 | AF15: 0 | AG15: 0 | AH15: 0 | AI15: 0 | AJ15: 0 | AK15: 0 | AL15: 0 | AM15: 0 | AN15: 0 | AO15: 0 | AP15: 0 | AQ15: 0 | AR15: 0
A16: heavy or residual fuel oil | B16: 0 | C16: 0 | D16: 0 | E16: 0 | F16: 0 | G16: 0 | H16: 0 | I16: 0 | J16: 0 | K16: 0 | L16: 0 | M16: 0 | N16: 0 | O16: 0 | P16: 0 | Q16: 0 | R16: 0 | S16: 0 | T16: 0 | U16: 0 | V16: 0 | W16: 0 | X16: 0 | Y16: 0 | Z16: 0 | AA16: 0 | AB16: 0 | AC16: 0 | AD16: 0 | AE16: 0 | AF16: 0 | AG16: 0 | AH16: 0 | AI16: 0 | AJ16: 0 | AK16: 0 | AL16: 0 | AM16: 0 | AN16: 0 | AO16: 0 | AP16: 0 | AQ16: 0 | AR16: 0
A17: municipal solid waste | B17: 0 | C17: 0 | D17: 0 | E17: 0 | F17: 0 | G17: 0 | H17: 0 | I17: 0 | J17: 0 | K17: 0 | L17: 0 | M17: 0 | N17: 0 | O17: 0 | P17: 0 | Q17: 0 | R17: 0 | S17: 0 | T17: 0 | U17: 0 | V17: 0 | W17: 0 | X17: 0 | Y17: 0 | Z17: 0 | AA17: 0 | AB17: 0 | AC17: 0 | AD17: 0 | AE17: 0 | AF17: 0 | AG17: 0 | AH17: 0 | AI17: 0 | AJ17: 0 | AK17: 0 | AL17: 0 | AM17: 0 | AN17: 0 | AO17: 0 | AP17: 0 | AQ17: 0 | AR17: 0

Sheet BDEQ-BDESC-rural-residential
A1: MW | B1: 2018 | C1: 2019 | D1: 2020 | E1: 2021 | F1: 2022 | G1: 2023 | H1: 2024 | I1: 2025 | J1: 2026 | K1: 2027 | L1: 2028 | M1: 2029 | N1: 2030 | O1: 2031 | P1: 2032 | Q1: 2033 | R1: 2034 | S1: 2035 | T1: 2036 | U1: 2037 | V1: 2038 | W1: 2039 | X1: 2040 | Y1: 2041 | Z1: 2042 | AA1: 2043 | AB1: 2044 | AC1: 2045 | AD1: 2046 | AE1: 2047 | AF1: 2048 | AG1: 2049 | AH1: 2050 | AI1: 2051 | AJ1: 2052 | AK1: 2053 | AL1: 2054 | AM1: 2055 | AN1: 2056 | AO1: 2057 | AP1: 2058 | AQ1: 2059 | AR1: 2060
A2: hard coal | B2: 0 | C2: 0 | D2: 0 | E2: 0 | F2: 0 | G2: 0 | H2: 0 | I2: 0 | J2: 0 | K2: 0 | L2: 0 | M2: 0 | N2: 0 | O2: 0 | P2: 0 | Q2: 0 | R2: 0 | S2: 0 | T2: 0 | U2: 0 | V2: 0 | W2: 0 | X2: 0 | Y2: 0 | Z2: 0 | AA2: 0 | AB2: 0 | AC2: 0 | AD2: 0 | AE2: 0 | AF2: 0 | AG2: 0 | AH2: 0 | AI2: 0 | AJ2: 0 | AK2: 0 | AL2: 0 | AM2: 0 | AN2: 0 | AO2: 0 | AP2: 0 | AQ2: 0 | AR2: 0
A3: natural gas nonpeaker | B3: 0 | C3: 0 | D3: 0 | E3: 0 | F3: 0 | G3: 0 | H3: 0 | I3: 0 | J3: 0 | K3: 0 | L3: 0 | M3: 0 | N3: 0 | O3: 0 | P3: 0 | Q3: 0 | R3: 0 | S3: 0 | T3: 0 | U3: 0 | V3: 0 | W3: 0 | X3: 0 | Y3: 0 | Z3: 0 | AA3: 0 | AB3: 0 | AC3: 0 | AD3: 0 | AE3: 0 | AF3: 0 | AG3: 0 | AH3: 0 | AI3: 0 | AJ3: 0 | AK3: 0 | AL3: 0 | AM3: 0 | AN3: 0 | AO3: 0 | AP3: 0 | AQ3: 0 | AR3: 0
A4: nuclear | B4: 0 | C4: 0 | D4: 0 | E4: 0 | F4: 0 | G4: 0 | H4: 0 | I4: 0 | J4: 0 | K4: 0 | L4: 0 | M4: 0 | N4: 0 | O4: 0 | P4: 0 | Q4: 0 | R4: 0 | S4: 0 | T4: 0 | U4: 0 | V4: 0 | W4: 0 | X4: 0 | Y4: 0 | Z4: 0 | AA4: 0 | AB4: 0 | AC4: 0 | AD4: 0 | AE4: 0 | AF4: 0 | AG4: 0 | AH4: 0 | AI4: 0 | AJ4: 0 | AK4: 0 | AL4: 0 | AM4: 0 | AN4: 0 | AO4: 0 | AP4: 0 | AQ4: 0 | AR4: 0
A5: hydro | B5: 0 | C5: 0 | D5: 0 | E5: 0 | F5: 0 | G5: 0 | H5: 0 | I5: 0 | J5: 0 | K5: 0 | L5: 0 | M5: 0 | N5: 0 | O5: 0 | P5: 0 | Q5: 0 | R5: 0 | S5: 0 | T5: 0 | U5: 0 | V5: 0 | W5: 0 | X5: 0 | Y5: 0 | Z5: 0 | AA5: 0 | AB5: 0 | AC5: 0 | AD5: 0 | AE5: 0 | AF5: 0 | AG5: 0 | AH5: 0 | AI5: 0 | AJ5: 0 | AK5: 0 | AL5: 0 | AM5: 0 | AN5: 0 | AO5: 0 | AP5: 0 | AQ5: 0 | AR5: 0
A6: onshore wind | B6: 0 | C6: 0 | D6: 0 | E6: 0 | F6: 0 | G6: 0 | H6: 0 | I6: 0 | J6: 0 | K6: 0 | L6: 0 | M6: 0 | N6: 0 | O6: 0 | P6: 0 | Q6: 0 | R6: 0 | S6: 0 | T6: 0 | U6: 0 | V6: 0 | W6: 0 | X6: 0 | Y6: 0 | Z6: 0 | AA6: 0 | AB6: 0 | AC6: 0 | AD6: 0 | AE6: 0 | AF6: 0 | AG6: 0 | AH6: 0 | AI6: 0 | AJ6: 0 | AK6: 0 | AL6: 0 | AM6: 0 | AN6: 0 | AO6: 0 | AP6: 0 | AQ6: 0 | AR6: 0
A7: solar PV | B7: ='National Workbook'!J64*10 -> 5033.7445 | C7: ='National Workbook'!K64*10 -> 9194.385 | D7: ='National Workbook'!L64*10 -> 17263.506 | E7: ='National Workbook'!M64*10 -> 34340.432 | F7: ='National Workbook'!N64*10 -> 54319.996 | G7: ='National Workbook'!O64*10 -> 72364.468 | H7: ='National Workbook'!P64*10 -> 90892.713 | I7: ='National Workbook'!Q64*10 -> 109420.96 | ... AR7: ='National Workbook'!AZ64*10 -> 367032.13
A8: solar thermal | B8: 0 | C8: 0 | D8: 0 | E8: 0 | F8: 0 | G8: 0 | H8: 0 | I8: 0 | J8: 0 | K8: 0 | L8: 0 | M8: 0 | N8: 0 | O8: 0 | P8: 0 | Q8: 0 | R8: 0 | S8: 0 | T8: 0 | U8: 0 | V8: 0 | W8: 0 | X8: 0 | Y8: 0 | Z8: 0 | AA8: 0 | AB8: 0 | AC8: 0 | AD8: 0 | AE8: 0 | AF8: 0 | AG8: 0 | AH8: 0 | AI8: 0 | AJ8: 0 | AK8: 0 | AL8: 0 | AM8: 0 | AN8: 0 | AO8: 0 | AP8: 0 | AQ8: 0 | AR8: 0
A9: biomass | B9: 0 | C9: 0 | D9: 0 | E9: 0 | F9: 0 | G9: 0 | H9: 0 | I9: 0 | J9: 0 | K9: 0 | L9: 0 | M9: 0 | N9: 0 | O9: 0 | P9: 0 | Q9: 0 | R9: 0 | S9: 0 | T9: 0 | U9: 0 | V9: 0 | W9: 0 | X9: 0 | Y9: 0 | Z9: 0 | AA9: 0 | AB9: 0 | AC9: 0 | AD9: 0 | AE9: 0 | AF9: 0 | AG9: 0 | AH9: 0 | AI9: 0 | AJ9: 0 | AK9: 0 | AL9: 0 | AM9: 0 | AN9: 0 | AO9: 0 | AP9: 0 | AQ9: 0 | AR9: 0
A10: geothermal | B10: 0 | C10: 0 | D10: 0 | E10: 0 | F10: 0 | G10: 0 | H10: 0 | I10: 0 | J10: 0 | K10: 0 | L10: 0 | M10: 0 | N10: 0 | O10: 0 | P10: 0 | Q10: 0 | R10: 0 | S10: 0 | T10: 0 | U10: 0 | V10: 0 | W10: 0 | X10: 0 | Y10: 0 | Z10: 0 | AA10: 0 | AB10: 0 | AC10: 0 | AD10: 0 | AE10: 0 | AF10: 0 | AG10: 0 | AH10: 0 | AI10: 0 | AJ10: 0 | AK10: 0 | AL10: 0 | AM10: 0 | AN10: 0 | AO10: 0 | AP10: 0 | AQ10: 0 | AR10: 0
A11: petroleum | B11: 0 | C11: 0 | D11: 0 | E11: 0 | F11: 0 | G11: 0 | H11: 0 | I11: 0 | J11: 0 | K11: 0 | L11: 0 | M11: 0 | N11: 0 | O11: 0 | P11: 0 | Q11: 0 | R11: 0 | S11: 0 | T11: 0 | U11: 0 | V11: 0 | W11: 0 | X11: 0 | Y11: 0 | Z11: 0 | AA11: 0 | AB11: 0 | AC11: 0 | AD11: 0 | AE11: 0 | AF11: 0 | AG11: 0 | AH11: 0 | AI11: 0 | AJ11: 0 | AK11: 0 | AL11: 0 | AM11: 0 | AN11: 0 | AO11: 0 | AP11: 0 | AQ11: 0 | AR11: 0
A12: natural gas peaker | B12: 0 | C12: 0 | D12: 0 | E12: 0 | F12: 0 | G12: 0 | H12: 0 | I12: 0 | J12: 0 | K12: 0 | L12: 0 | M12: 0 | N12: 0 | O12: 0 | P12: 0 | Q12: 0 | R12: 0 | S12: 0 | T12: 0 | U12: 0 | V12: 0 | W12: 0 | X12: 0 | Y12: 0 | Z12: 0 | AA12: 0 | AB12: 0 | AC12: 0 | AD12: 0 | AE12: 0 | AF12: 0 | AG12: 0 | AH12: 0 | AI12: 0 | AJ12: 0 | AK12: 0 | AL12: 0 | AM12: 0 | AN12: 0 | AO12: 0 | AP12: 0 | AQ12: 0 | AR12: 0
A13: lignite | B13: 0 | C13: 0 | D13: 0 | E13: 0 | F13: 0 | G13: 0 | H13: 0 | I13: 0 | J13: 0 | K13: 0 | L13: 0 | M13: 0 | N13: 0 | O13: 0 | P13: 0 | Q13: 0 | R13: 0 | S13: 0 | T13: 0 | U13: 0 | V13: 0 | W13: 0 | X13: 0 | Y13: 0 | Z13: 0 | AA13: 0 | AB13: 0 | AC13: 0 | AD13: 0 | AE13: 0 | AF13: 0 | AG13: 0 | AH13: 0 | AI13: 0 | AJ13: 0 | AK13: 0 | AL13: 0 | AM13: 0 | AN13: 0 | AO13: 0 | AP13: 0 | AQ13: 0 | AR13: 0
A14: offshore wind | B14: 0 | C14: 0 | D14: 0 | E14: 0 | F14: 0 | G14: 0 | H14: 0 | I14: 0 | J14: 0 | K14: 0 | L14: 0 | M14: 0 | N14: 0 | O14: 0 | P14: 0 | Q14: 0 | R14: 0 | S14: 0 | T14: 0 | U14: 0 | V14: 0 | W14: 0 | X14: 0 | Y14: 0 | Z14: 0 | AA14: 0 | AB14: 0 | AC14: 0 | AD14: 0 | AE14: 0 | AF14: 0 | AG14: 0 | AH14: 0 | AI14: 0 | AJ14: 0 | AK14: 0 | AL14: 0 | AM14: 0 | AN14: 0 | AO14: 0 | AP14: 0 | AQ14: 0 | AR14: 0
A15: crude oil | B15: 0 | C15: 0 | D15: 0 | E15: 0 | F15: 0 | G15: 0 | H15: 0 | I15: 0 | J15: 0 | K15: 0 | L15: 0 | M15: 0 | N15: 0 | O15: 0 | P15: 0 | Q15: 0 | R15: 0 | S15: 0 | T15: 0 | U15: 0 | V15: 0 | W15: 0 | X15: 0 | Y15: 0 | Z15: 0 | AA15: 0 | AB15: 0 | AC15: 0 | AD15: 0 | AE15: 0 | AF15: 0 | AG15: 0 | AH15: 0 | AI15: 0 | AJ15: 0 | AK15: 0 | AL15: 0 | AM15: 0 | AN15: 0 | AO15: 0 | AP15: 0 | AQ15: 0 | AR15: 0
A16: heavy or residual fuel oil | B16: 0 | C16: 0 | D16: 0 | E16: 0 | F16: 0 | G16: 0 | H16: 0 | I16: 0 | J16: 0 | K16: 0 | L16: 0 | M16: 0 | N16: 0 | O16: 0 | P16: 0 | Q16: 0 | R16: 0 | S16: 0 | T16: 0 | U16: 0 | V16: 0 | W16: 0 | X16: 0 | Y16: 0 | Z16: 0 | AA16: 0 | AB16: 0 | AC16: 0 | AD16: 0 | AE16: 0 | AF16: 0 | AG16: 0 | AH16: 0 | AI16: 0 | AJ16: 0 | AK16: 0 | AL16: 0 | AM16: 0 | AN16: 0 | AO16: 0 | AP16: 0 | AQ16: 0 | AR16: 0
A17: municipal solid waste | B17: 0 | C17: 0 | D17: 0 | E17: 0 | F17: 0 | G17: 0 | H17: 0 | I17: 0 | J17: 0 | K17: 0 | L17: 0 | M17: 0 | N17: 0 | O17: 0 | P17: 0 | Q17: 0 | R17: 0 | S17: 0 | T17: 0 | U17: 0 | V17: 0 | W17: 0 | X17: 0 | Y17: 0 | Z17: 0 | AA17: 0 | AB17: 0 | AC17: 0 | AD17: 0 | AE17: 0 | AF17: 0 | AG17: 0 | AH17: 0 | AI17: 0 | AJ17: 0 | AK17: 0 | AL17: 0 | AM17: 0 | AN17: 0 | AO17: 0 | AP17: 0 | AQ17: 0 | AR17: 0

Sheet BDEQ-BDESC-commercial
A1: MW | B1: 2018 | C1: 2019 | D1: 2020 | E1: 2021 | F1: 2022 | G1: 2023 | H1: 2024 | I1: 2025 | J1: 2026 | K1: 2027 | L1: 2028 | M1: 2029 | N1: 2030 | O1: 2031 | P1: 2032 | Q1: 2033 | R1: 2034 | S1: 2035 | T1: 2036 | U1: 2037 | V1: 2038 | W1: 2039 | X1: 2040 | Y1: 2041 | Z1: 2042 | AA1: 2043 | AB1: 2044 | AC1: 2045 | AD1: 2046 | AE1: 2047 | AF1: 2048 | AG1: 2049 | AH1: 2050 | AI1: 2051 | AJ1: 2052 | AK1: 2053 | AL1: 2054 | AM1: 2055 | AN1: 2056 | AO1: 2057 | AP1: 2058 | AQ1: 2059 | AR1: 2060
A2: hard coal | B2: 0 | C2: 0 | D2: 0 | E2: 0 | F2: 0 | G2: 0 | H2: 0 | I2: 0 | J2: 0 | K2: 0 | L2: 0 | M2: 0 | N2: 0 | O2: 0 | P2: 0 | Q2: 0 | R2: 0 | S2: 0 | T2: 0 | U2: 0 | V2: 0 | W2: 0 | X2: 0 | Y2: 0 | Z2: 0 | AA2: 0 | AB2: 0 | AC2: 0 | AD2: 0 | AE2: 0 | AF2: 0 | AG2: 0 | AH2: 0 | AI2: 0 | AJ2: 0 | AK2: 0 | AL2: 0 | AM2: 0 | AN2: 0 | AO2: 0 | AP2: 0 | AQ2: 0 | AR2: 0
A3: natural gas nonpeaker | B3: 0 | C3: 0 | D3: 0 | E3: 0 | F3: 0 | G3: 0 | H3: 0 | I3: 0 | J3: 0 | K3: 0 | L3: 0 | M3: 0 | N3: 0 | O3: 0 | P3: 0 | Q3: 0 | R3: 0 | S3: 0 | T3: 0 | U3: 0 | V3: 0 | W3: 0 | X3: 0 | Y3: 0 | Z3: 0 | AA3: 0 | AB3: 0 | AC3: 0 | AD3: 0 | AE3: 0 | AF3: 0 | AG3: 0 | AH3: 0 | AI3: 0 | AJ3: 0 | AK3: 0 | AL3: 0 | AM3: 0 | AN3: 0 | AO3: 0 | AP3: 0 | AQ3: 0 | AR3: 0
A4: nuclear | B4: 0 | C4: 0 | D4: 0 | E4: 0 | F4: 0 | G4: 0 | H4: 0 | I4: 0 | J4: 0 | K4: 0 | L4: 0 | M4: 0 | N4: 0 | O4: 0 | P4: 0 | Q4: 0 | R4: 0 | S4: 0 | T4: 0 | U4: 0 | V4: 0 | W4: 0 | X4: 0 | Y4: 0 | Z4: 0 | AA4: 0 | AB4: 0 | AC4: 0 | AD4: 0 | AE4: 0 | AF4: 0 | AG4: 0 | AH4: 0 | AI4: 0 | AJ4: 0 | AK4: 0 | AL4: 0 | AM4: 0 | AN4: 0 | AO4: 0 | AP4: 0 | AQ4: 0 | AR4: 0
A5: hydro | B5: 0 | C5: 0 | D5: 0 | E5: 0 | F5: 0 | G5: 0 | H5: 0 | I5: 0 | J5: 0 | K5: 0 | L5: 0 | M5: 0 | N5: 0 | O5: 0 | P5: 0 | Q5: 0 | R5: 0 | S5: 0 | T5: 0 | U5: 0 | V5: 0 | W5: 0 | X5: 0 | Y5: 0 | Z5: 0 | AA5: 0 | AB5: 0 | AC5: 0 | AD5: 0 | AE5: 0 | AF5: 0 | AG5: 0 | AH5: 0 | AI5: 0 | AJ5: 0 | AK5: 0 | AL5: 0 | AM5: 0 | AN5: 0 | AO5: 0 | AP5: 0 | AQ5: 0 | AR5: 0
A6: onshore wind | B6: 0 | C6: 0 | D6: 0 | E6: 0 | F6: 0 | G6: 0 | H6: 0 | I6: 0 | J6: 0 | K6: 0 | L6: 0 | M6: 0 | N6: 0 | O6: 0 | P6: 0 | Q6: 0 | R6: 0 | S6: 0 | T6: 0 | U6: 0 | V6: 0 | W6: 0 | X6: 0 | Y6: 0 | Z6: 0 | AA6: 0 | AB6: 0 | AC6: 0 | AD6: 0 | AE6: 0 | AF6: 0 | AG6: 0 | AH6: 0 | AI6: 0 | AJ6: 0 | AK6: 0 | AL6: 0 | AM6: 0 | AN6: 0 | AO6: 0 | AP6: 0 | AQ6: 0 | AR6: 0
A7: solar PV | B7: ='National Workbook'!J62*10 -> 55235.194 | C7: ='National Workbook'!K62*10 -> 62250.823 | D7: ='National Workbook'!L62*10 -> 67671.99 | E7: ='National Workbook'!M62*10 -> 75354.789 | F7: ='National Workbook'!N62*10 -> 100195.79 | G7: ='National Workbook'!O62*10 -> 106792.6 | H7: ='National Workbook'!P62*10 -> 118581.98 | I7: ='National Workbook'!Q62*10 -> 130371.36 | ... AR7: ='National Workbook'!AZ62*10 -> 194333.48
A8: solar thermal | B8: 0 | C8: 0 | D8: 0 | E8: 0 | F8: 0 | G8: 0 | H8: 0 | I8: 0 | J8: 0 | K8: 0 | L8: 0 | M8: 0 | N8: 0 | O8: 0 | P8: 0 | Q8: 0 | R8: 0 | S8: 0 | T8: 0 | U8: 0 | V8: 0 | W8: 0 | X8: 0 | Y8: 0 | Z8: 0 | AA8: 0 | AB8: 0 | AC8: 0 | AD8: 0 | AE8: 0 | AF8: 0 | AG8: 0 | AH8: 0 | AI8: 0 | AJ8: 0 | AK8: 0 | AL8: 0 | AM8: 0 | AN8: 0 | AO8: 0 | AP8: 0 | AQ8: 0 | AR8: 0
