Workbook

Sheet 2015-20线路长度
A1: 地区 | B1: 年份 | C1: 分地区35千伏及以上输电线路杆路长度 | S1: 35千伏及以上输电线路回路长度 | AI1: 电缆
C2: 总计 | D2: 一、直流 工程 | E2: ±1000千伏 | F2: ±800千伏 | G2: ±660千伏 | H2: ±500千伏 | I2: ±400千伏 | J2: 土 400千伏 以下 | K2: 二、交 流工程 | L2: 1000千伏 | M2: 750千伏 | N2: 500千伏 | O2: 330千伏 | P2: 220千伏 | Q2: 110千伏 (含66千伏） | R2: 35千伏 | S2: 总计 | T2: 一、直流 工程 | U2: ±1100千伏 | V2: ±800千伏 | W2: ±660千伏 | X2: 土 500千伏 | Y2: ±400千伏 | Z2: ±400千伏 以下 | AA2: 二、交流工 程 | AB2: 1000千伏 | AC2: 750千伏 | AD2: 500千伏 | AE2: 330千伏 | AF2: 220千伏 | AG2: 110千伏 (含66千伏） | AH2: 35千伏
A3: 全国 | B3: 2015 | C3: 1521011 | D3: =SUM(E3:J3) -> 12947 | F3: 10580 | G3: 1336 | I3: 1031 | K3: =SUM(L3:R3) -> 1508064 | L3: 2297 | M3: 12704 | N3: 140394 | O3: 25314 | P3: 318597 | Q3: 526325 | R3: 482433 | S3: 1696849 | T3: =SUM(U3:Z3) -> 25428 | V3: 10580 | W3: 1336 | X3: 11872 | Y3: 1640 | AA3: =SUM(AB3:AH3) -> 1671419 | AB3: 3114 | AC3: 15665 | AD3: 157973 | AE3: 26811 | AF3: 380121 | AG3: 591637 | AH3: 496098 | AI3: 50063
A4: 北京 | B4: 2015 | C4: 8789 | D4: =SUM(E4:J4) -> 0 | K4: =SUM(L4:R4) -> 8789 | N4: 1460 | P4: 2546 | Q4: 3005 | R4: 1778 | S4: 9953 | T4: =SUM(U4:Z4) -> 0 | X4: 0 | AA4: =SUM(AB4:AH4) -> 9953 | AD4: 1506 | AF4: 2810 | AG4: 3717 | AH4: 1920 | AI4: 1923
A5: 天津 | B5: 2015 | C5: 9945 | D5: =SUM(E5:J5) -> 0 | K5: =SUM(L5:R5) -> 9945 | N5: 804 | P5: 2850 | Q5: 3143 | R5: 3148 | S5: 11806 | T5: =SUM(U5:Z5) -> 0 | X5: 0 | AA5: =SUM(AB5:AH5) -> 11806 | AD5: 804 | AF5: 2850 | AG5: 3747 | AH5: 4405 | AI5: 5796
A6: 河北 | B6: 2015 | C6: 82795 | D6: =SUM(E6:J6) -> 202 | G6: 202 | K6: =SUM(L6:R6) -> 82592 | N6: 10108 | P6: 16443 | Q6: 27228 | R6: 28813 | S6: 92100 | T6: =SUM(U6:Z6) -> 202 | W6: 202 | X6: 0 | AA6: =SUM(AB6:AH6) -> 91899 | AD6: 10561 | AF6: 20342 | AG6: 30729 | AH6: 30267 | AI6: 1508
A7: 山西 | B7: 2015 | C7: 62667 | D7: =SUM(E7:J7) -> 554 | F7: 249 | G7: 305 | K7: =SUM(L7:R7) -> 62113 | L7: 116 | N7: 7329 | P7: 13884 | Q7: 18061 | R7: 22723 | S7: 65881 | T7: =SUM(U7:Z7) -> 554 | V7: 249 | W7: 305 | X7: 0 | AA7: =SUM(AB7:AH7) -> 65326 | AB7: 116 | AD7: 7978 | AF7: 15322 | AG7: 19113 | AH7: 22797 | AI7: 675
A8: 内蒙古 | B8: 2015 | C8: 87396 | D8: =SUM(E8:J8) -> 0 | K8: =SUM(L8:R8) -> 87396 | N8: 7329 | P8: 25276 | Q8: 36459 | R8: 18332 | S8: 89517 | T8: =SUM(U8:Z8) -> 715 | X8: 715 | AA8: =SUM(AB8:AH8) -> 88802 | AD8: 7215 | AF8: 25995 | AG8: 37252 | AH8: 18340 | AI8: 82
A9: 辽宁 | B9: 2015 | C9: 43296 | D9: =SUM(E9:J9) -> 0 | K9: =SUM(L9:R9) -> 43296 | N9: 6360 | P9: 13106 | Q9: 23795 | R9: 35 | S9: 56829 | T9: =SUM(U9:Z9) -> 193 | X9: 193 | AA9: =SUM(AB9:AH9) -> 56636 | AD9: 7569 | AF9: 17094 | AG9: 31935 | AH9: 38 | AI9: 1180
A10: 吉林 | B10: 2015 | C10: 26842 | D10: =SUM(E10:J10) -> 0 | K10: =SUM(L10:R10) -> 26842 | N10: 2342 | P10: 8727 | Q10: 15729 | R10: 44 | S10: 32983 | T10: =SUM(U10:Z10) -> 0 | X10: 0 | AA10: =SUM(AB10:AH10) -> 32982 | AD10: 2865 | AF10: 10614 | AG10: 19459 | AH10: 44 | AI10: 213
A11: 黑龙江 | B11: 2015 | C11: 51614 | D11: =SUM(E11:J11) -> 0 | K11: =SUM(L11:R11) -> 51614 | N11: 4094 | P11: 12207 | Q11: 22427 | R11: 12886 | S11: 55149 | T11: =SUM(U11:Z11) -> 0 | X11: 0 | AA11: =SUM(AB11:AH11) -> 55149 | AD11: 4470 | AF11: 13825 | AG11: 23866 | AH11: 12988 | AI11: 501
A12: 上海 | B12: 2015 | C12: 7065 | D12: =SUM(E12:J12) -> 106 | F12: 106 | K12: =SUM(L12:R12) -> 6958 | L12: 17 | N12: 770 | P12: 1964 | Q12: 841 | R12: 3366 | S12: 9929 | T12: =SUM(U12:Z12) -> 187 | V12: 106 | X12: 81 | AA12: =SUM(AB12:AH12) -> 9741 | AB12: 34 | AD12: 1149 | AF12: 3467 | AG12: 918 | AH12: 4173 | AI12: 10720
A13: 江苏 | B13: 2015 | C13: 67345 | D13: =SUM(E13:J13) -> 65 | F13: 65 | K13: =SUM(L13:R13) -> 67280 | L13: 13 | N13: 8818 | P13: 18158 | Q13: 22598 | R13: 17693 | S13: 87519 | T13: =SUM(U13:Z13) -> 212 | V13: 65 | X13: 147 | AA13: =SUM(AB13:AH13) -> 87307 | AB13: 13 | AD13: 11625 | AF13: 26022 | AG13: 29686 | AH13: 19961 | AI13: 5295
A14: 浙江 | B14: 2015 | C14: 45211 | D14: =SUM(E14:J14) -> 412 | F14: 412 | K14: =SUM(L14:R14) -> 44800 | L14: 833 | N14: 5719 | P14: 10782 | Q14: 14351 | R14: 13115 | S14: 61354 | T14: =SUM(U14:Z14) -> 884 | V14: 412 | X14: 472 | AA14: =SUM(AB14:AH14) -> 60470 | AB14: 1185 | AD14: 7892 | AF14: 15876 | AG14: 20643 | AH14: 14874 | AI14: 4709
A15: 安徽 | B15: 2015 | C15: 55179 | D15: =SUM(E15:J15) -> 771 | F15: 771 | K15: =SUM(L15:R15) -> 54409 | L15: 453 | N15: 4658 | P15: 11052 | Q15: 14832 | R15: 23414 | S15: 63194 | T15: =SUM(U15:Z15) -> 2354 | V15: 771 | X15: 1583 | AA15: =SUM(AB15:AH15) -> 60840 | AB15: 901 | AD15: 4587 | AF15: 14385 | AG15: 17083 | AH15: 23884 | AI15: 1330
A16: 福建 | B16: 2015 | C16: 40836 | D16: =SUM(E16:J16) -> 0 | K16: =SUM(L16:R16) -> 40837 | L16: 342 | N16: 3725 | P16: 9053 | Q16: 14003 | R16: 13714 | S16: 47065 | T16: =SUM(U16:Z16) -> 0 | X16: 0 | AA16: =SUM(AB16:AH16) -> 47065 | AB16: 342 | AD16: 4812 | AF16: 11959 | AG16: 16076 | AH16: 13876 | AI16: 948
A17: 江西 | B17: 2015 | C17: 44557 | D17: =SUM(E17:J17) -> 450 | F17: 450 | K17: =SUM(L17:R17) -> 44107 | N17: 2974 | P17: 10649 | Q17: 13953 | R17: 16531 | S17: 47726 | T17: =SUM(U17:Z17) -> 450 | V17: 450 | X17: 0 | AA17: =SUM(AB17:AH17) -> 47275 | AD17: 4017 | AF17: 11867 | AG17: 14784 | AH17: 16607 | AI17: 470
A18: 山东 | B18: 2015 | C18: 77769 | D18: =SUM(E18:J18) -> 415 | G18: 415 | K18: =SUM(L18:R18) -> 77353 | N18: 5371 | P18: 16714 | Q18: 24557 | R18: 30711 | S18: 92605 | T18: =SUM(U18:Z18) -> 415 | W18: 415 | X18: 0 | AA18: =SUM(AB18:AH18) -> 92190 | AD18: 6931 | AF18: 22473 | AG18: 29343 | AH18: 33443 | AI18: 4465
A19: 河南 | B19: 2015 | C19: 67901 | D19: =SUM(E19:J19) -> 148 | F19: 148 | K19: =SUM(L19:R19) -> 67753 | L19: 343 | N19: 5673 | O19: 95 | P19: 15984 | Q19: 21913 | R19: 23745 | S19: 72381 | T19: =SUM(U19:Z19) -> 148 | V19: 148 | X19: 0 | AA19: =SUM(AB19:AH19) -> 72234 | AB19: 343 | AD19: 7560 | AE19: 140 | AF19: 17212 | AG19: 23005 | AH19: 23974 | AI19: 601
A20: 湖北 | B20: 2015 | C20: 64535 | D20: =SUM(E20:J20) -> 981 | F20: 981 | K20: =SUM(L20:R20) -> 63553 | L20: 180 | N20: 9555 | P20: 12591 | Q20: 20081 | R20: 21146 | S20: 68551 | T20: =SUM(U20:Z20) -> 2779 | V20: 981 | X20: 1798 | AA20: =SUM(AB20:AH20) -> 65771 | AB20: 180 | AD20: 9599 | AF20: 13722 | AG20: 20860 | AH20: 21410 | AI20: 1089
A21: 湖南 | B21: 2015 | C21: 63157 | D21: =SUM(E21:J21) -> 1387 | F21: 1387 | K21: =SUM(L21:R21) -> 61770 | N21: 4769 | P21: 13039 | Q21: 21265 | R21: 22697 | S21: 65414 | T21: =SUM(U21:Z21) -> 2244 | V21: 1387 | X21: 857 | AA21: =SUM(AB21:AH21) -> 63169 | AD21: 4121 | AF21: 13779 | AG21: 22347 | AH21: 22922 | AI21: 489
A22: 广东 | B22: 2015 | C22: 53700 | D22: =SUM(E22:J22) -> 0 | K22: =SUM(L22:R22) -> 53700 | N22: 6443 | P22: 14230 | Q22: 25593 | R22: 7434 | S22: 73140 | T22: =SUM(U22:Z22) -> 0 | X22: 0 | AA22: =SUM(AB22:AH22) -> 73140 | AD22: 9623 | AF22: 21838 | AG22: 34118 | AH22: 7561 | AI22: 3529
A23: 广西 | B23: 2015 | C23: 63359 | D23: =SUM(E23:J23) -> 0 | K23: =SUM(L23:R23) -> 63359 | N23: 1619 | P23: 13489 | Q23: 18069 | R23: 30182 | S23: 67160 | T23: =SUM(U23:Z23) -> 0 | X23: 0 | AA23: =SUM(AB23:AH23) -> 67160 | AD23: 1721 | AF23: 15548 | AG23: 19433 | AH23: 30458 | AI23: 395
A24: 海南 | B24: 2015 | C24: 10127 | D24: =SUM(E24:J24) -> 0 | K24: =SUM(L24:R24) -> 10126 | P24: 3655 | Q24: 3951 | R24: 2520 | S24: 10445 | T24: =SUM(U24:Z24) -> 0 | X24: 0 | AA24: =SUM(AB24:AH24) -> 10445 | AD24: 0 | AF24: 3939 | AG24: 3964 | AH24: 2542 | AI24: 126
A25: 重庆 | B25: 2015 | C25: 29076 | D25: =SUM(E25:J25) -> 575 | F25: 575 | K25: =SUM(L25:R25) -> 28501 | N25: 2543 | P25: 6367 | Q25: 8395 | R25: 11196 | S25: 33312 | T25: =SUM(U25:Z25) -> 575 | V25: 575 | X25: 0 | AA25: =SUM(AB25:AH25) -> 32737 | AD25: 3114 | AF25: 7968 | AG25: 10123 | AH25: 11532 | AI25: 624
A26: 四川 | B26: 2015 | C26: 81375 | D26: =SUM(E26:J26) -> 854 | F26: 854 | K26: =SUM(L26:R26) -> 80521 | N26: 9835 | P26: 16189 | Q26: 26345 | R26: 28152 | S26: 91661 | T26: =SUM(U26:Z26) -> 1094 | V26: 854 | X26: 240 | AA26: =SUM(AB26:AH26) -> 90566 | AD26: 13539 | AF26: 20264 | AG26: 28325 | AH26: 28438 | AI26: 1333
A27: 贵州 | B27: 2015 | C27: 47495 | D27: =SUM(E27:J27) -> 0 | K27: =SUM(L27:R27) -> 47494 | N27: 3419 | P27: 10891 | Q27: 15181 | R27: 18003 | S27: 47575 | T27: =SUM(U27:Z27) -> 0 | X27: 0 | AA27: =SUM(AB27:AH27) -> 47575 | AD27: 3419 | AF27: 10891 | AG27: 15239 | AH27: 18026 | AI27: 194
A28: 云南 | B28: 2015 | C28: 79937 | D28: =SUM(E28:J28) -> 0 | K28: =SUM(L28:R28) -> 79937 | N28: 10376 | P28: 14109 | Q28: 23569 | R28: 31883 | S28: 80750 | T28: =SUM(U28:Z28) -> 0 | X28: 0 | AA28: =SUM(AB28:AH28) -> 80750 | AD28: 10642 | AF28: 14318 | AG28: 23893 | AH28: 31897 | AI28: 362
A29: 西藏 | B29: 2015 | C29: 13114 | D29: =SUM(E29:J29) -> 423 | I29: 423 | K29: =SUM(L29:R29) -> 12691 | P29: 2158 | Q29: 4957 | R29: 5576 | S29: 13423 | T29: =SUM(U29:Z29) -> 423 | X29: 0 | Y29: 423 | AA29: =SUM(AB29:AH29) -> 13000 | AD29: 0 | AF29: 2261 | AG29: 5125 | AH29: 5614 | AI29: 7
A30: 陕西 | B30: 2015 | C30: 51292 | D30: =SUM(E30:J30) -> 476 | F30: 168 | G30: 308 | K30: =SUM(L30:R30) -> 50818 | M30: 1415 | N30: 565 | O30: 7754 | P30: 327 | Q30: 22375 | R30: 18382 | S30: 55024 | T30: =SUM(U30:Z30) -> 770 | V30: 168 | W30: 308 | X30: 294 | AA30: =SUM(AB30:AH30) -> 54255 | AC30: 2323 | AD30: 271 | AE30: 8880 | AF30: 327 | AG30: 24011 | AH30: 18443 | AI30: 982
A31: 甘肃 | B31: 2015 | C31: 58609 | D31: =SUM(E31:J31) -> 1351 | F31: 1351 | K31: =SUM(L31:R31) -> 57258 | M31: 3379 | O31: 9198 | P31: 828 | Q31: 21690 | R31: 22163 | S31: 60684 | T31: =SUM(U31:Z31) -> 1351 | V31: 1351 | X31: 0 | AA31: =SUM(AB31:AH31) -> 59333 | AC31: 5086 | AD31: 0 | AE31: 9323 | AF31: 847 | AG31: 21881 | AH31: 22196 | AI31: 137
A32: 青海 | B32: 2015 | C32: 26978 | D32: =SUM(E32:J32) -> 609 | I32: 609 | K32: =SUM(L32:R32) -> 26370 | M32: 2565 | O32: 5965 | Q32: 10687 | R32: 7153 | S32: 28904 | T32: =SUM(U32:Z32) -> 1217 | X32: 0 | Y32: 1217 | AA32: =SUM(AB32:AH32) -> 27686 | AC32: 2716 | AD32: 0 | AE32: 6123 | AG32: 11643 | AH32: 7204 | AI32: 92
A33: 宁夏 | B33: 2015 | C33: 13667 | D33: =SUM(E33:J33) -> 218 | F33: 112 | G33: 106 | K33: =SUM(L33:R33) -> 13449 | M33: 1128 | O33: 2302 | P33: 1947 | Q33: 4741 | R33: 3331 | S33: 15600 | T33: =SUM(U33:Z33) -> 218 | V33: 112 | W33: 106 | X33: 0 | AA33: =SUM(AB33:AH33) -> 15382 | AC33: 1128 | AD33: 0 | AE33: 2345 | AF33: 2282 | AG33: 6063 | AH33: 3564 | AI33: 93
A34: 新疆 | B34: 2015 | C34: 68856 | D34: =SUM(E34:J34) -> 166 | F34: 166 | K34: =SUM(L34:R34) -> 68691 | M34: 4216 | N34: 186 | P34: 19190 | Q34: 22531 | R34: 22568 | S34: 70537 | T34: =SUM(U34:Z34) -> 166 | V34: 166 | X34: 0 | AA34: =SUM(AB34:AH34) -> 70372 | AC34: 4412 | AD34: 186 | AF34: 19821 | AG34: 23254 | AH34: 22699 | AI34: 166
A35: 跨区 | B35: 2015 | C35: 16529 | D35: =SUM(E35:J35) -> 2787 | F35: 2787 | K35: =SUM(L35:R35) -> 13742 | N35: 13551 | P35: 191 | S35: 18677 | T35: =SUM(U35:Z35) -> 8280 | V35: 2787 | X35: 5493 | AA35: =SUM(AB35:AH35) -> 10398 | AD35: 10198 | AF35: 200 | AI35: 31
A36: 全国 | B36: 2016 | C36: 1581310 | D36: =SUM(E36:J36) -> 14660 | F36: 12295 | G36: 1334 | I36: 1031 | K36: =SUM(L36:R36) -> 1566650 | L36: 5823 | M36: 14957 | N36: 149044 | O36: 26501 | P36: 335210 | Q36: 547826 | R36: 487289 | S36: 1756141 | T36: =SUM(U36:Z36) -> 28808 | V36: 12295 | W36: 1334 | X36: 13539 | Y36: 1640 | AA36: =SUM(AB36:AH36) -> 1727335 | AB36: 7245 | AC36: 17968 | AD36: 165875 | AE36: 28366 | AF36: 397050 | AG36: 611431 | AH36: 499400 | AI36: 57933
A37: 北京 | B37: 2016 | C37: 8916 | D37: =SUM(E37:J37) -> 0 | K37: =SUM(L37:R37) -> 8917 | N37: 1401 | P37: 2664 | Q37: 3094 | R37: 1758 | S37: 10024 | T37: =SUM(U37:Z37) -> 0 | AA37: =SUM(AB37:AH37) -> 10024 | AD37: 1446 | AF37: 2908 | AG37: 3775 | AH37: 1895 | AI37: 2062
A38: 天津 | B38: 2016 | C38: 11149 | D38: =SUM(E38:J38) -> 0 | K38: =SUM(L38:R38) -> 11150 | L38: 579 | N38: 982 | P38: 2856 | Q38: 3322 | R38: 3411 | S38: 11149 | T38: =SUM(U38:Z38) -> 0 | AA38: =SUM(AB38:AH38) -> 11150 | AB38: 579 | AD38: 982 | AF38: 2856 | AG38: 3322 | AH38: 3411 | AI38: 6074
A39: 河北 | B39: 2016 | C39: 87740 | D39: =SUM(E39:J39) -> 200 | G39: 200 | K39: =SUM(L39:R39) -> 87540 | L39: 1167 | N39: 11655 | P39: 17687 | Q39: 27493 | R39: 29538 | S39: 96632 | T39: =SUM(U39:Z39) -> 200 | W39: 200 | AA39: =SUM(AB39:AH39) -> 96432 | AB39: 1419 | AD39: 11698 | AF39: 21554 | AG39: 31024 | AH39: 30737 | AI39: 1747
A40: 山西 | B40: 2016 | C40: 64359 | D40: =SUM(E40:J40) -> 727 | F40: 422 | G40: 305 | K40: =SUM(L40:R40) -> 63632 | L40: 599 | N40: 7526 | P40: 14498 | Q40: 18603 | R40: 22406 | S40: 68293 | T40: =SUM(U40:Z40) -> 727 | V40: 422 | W40: 305 | AA40: =SUM(AB40:AH40) -> 67565 | AB40: 657 | AD40: 8498 | AF40: 16180 | AG40: 19730 | AH40: 22500 | AI40: 727
A41: 内蒙古 | B41: 2016 | C41: 94980 | D41: =SUM(E41:J41) -> 0 | K41: =SUM(L41:R41) -> 94980 | N41: 8401 | P41: 28087 | Q41: 38325 | R41: 20167 | S41: 97695 | T41: =SUM(U41:Z41) -> 715 | X41: 715 | AA41: =SUM(AB41:AH41) -> 96980 | AD41: 8263 | AF41: 29356 | AG41: 39180 | AH41: 20181 | AI41: 106
A42: 辽宁 | B42: 2016 | C42: 44297 | D42: =SUM(E42:J42) -> 0 | K42: =SUM(L42:R42) -> 44297 | N42: 6271 | P42: 13834 | Q42: 24157 | R42: 35 | S42: 58718 | T42: =SUM(U42:Z42) -> 193 | X42: 193 | AA42: =SUM(AB42:AH42) -> 58525 | AD42: 7632 | AF42: 18096 | AG42: 32759 | AH42: 38 | AI42: 2071
A43: 吉林 | B43: 2016 | C43: 27593 | D43: =SUM(E43:J43) -> 0 | K43: =SUM(L43:R43) -> 27592 | N43: 2460 | P43: 9024 | Q43: 16064 | R43: 44 | S43: 34473 | T43: =SUM(U43:Z43) -> 0 | AA43: =SUM(AB43:AH43) -> 34473 | AD43: 3102 | AF43: 11276 | AG43: 20051 | AH43: 44 | AI43: 217
A44: 黑龙江 | B44: 2016 | C44: 52300 | D44: =SUM(E44:J44) -> 0 | K44: =SUM(L44:R44) -> 52300 | N44: 4325 | P44: 12152 | Q44: 22782 | R44: 13041 | S44: 56436 | T44: =SUM(U44:Z44) -> 0 | AA44: =SUM(AB44:AH44) -> 56436 | AD44: 4700 | AF44: 14048 | AG44: 24534 | AH44: 13154 | AI44: 532
A45: 上海 | B45: 2016 | C45: 7109 | D45: =SUM(E45:J45) -> 106 | F45: 106 | K45: =SUM(L45:R45) -> 7004 | L45: 74 | N45: 757 | P45: 1957 | Q45: 895 | R45: 3321 | S45: 9642 | T45: =SUM(U45:Z45) -> 187 | V45: 106 | X45: 81 | AA45: =SUM(AB45:AH45) -> 9454 | AB45: 147 | AD45: 1149 | AF45: 3454 | AG45: 920 | AH45: 3784 | AI45: 12645
A46: 江苏 | B46: 2016 | C46: 69880 | D46: =SUM(E46:J46) -> 65 | F46: 65 | K46: =SUM(L46:R46) -> 69815 | L46: 1015 | N46: 8869 | P46: 18909 | Q46: 23842 | R46: 17180 | S46: 89802 | T46: =SUM(U46:Z46) -> 212 | V46: 65 | X46: 147 | AA46: =SUM(AB46:AH46) -> 89589 | AB46: 1015 | AD46: 11738 | AF46: 26866 | AG46: 30736 | AH46: 19234 | AI46: 5952
A47: 浙江 | B47: 2016 | C47: 45840 | D47: =SUM(E47:J47) -> 526 | F47: 526 | K47: =SUM(L47:R47) -> 45314 | L47: 833 | N47: 5813 | P47: 11150 | Q47: 14928 | R47: 12590 | S47: 62527 | T47: =SUM(U47:Z47) -> 998 | V47: 526 | X47: 472 | AA47: =SUM(AB47:AH47) -> 61529 | AB47: 1185 | AD47: 8224 | AF47: 16290 | AG47: 21498 | AH47: 14332 | AI47: 5252
A48: 安徽 | B48: 2016 | C48: 58638 | D48: =SUM(E48:J48) -> 1206 | F48: 1206 | K48: =SUM(L48:R48) -> 57431 | L48: 614 | N48: 4932 | P48: 11270 | Q48: 16504 | R48: 24111 | S48: 67246 | T48: =SUM(U48:Z48) -> 2789 | V48: 1206 | X48: 1583 | AA48: =SUM(AB48:AH48) -> 64457 | AB48: 1223 | AD48: 5335 | AF48: 14524 | AG48: 18631 | AH48: 24744 | AI48: 1469
A49: 福建 | B49: 2016 | C49: 41168 | D49: =SUM(E49:J49) -> 0 | K49: =SUM(L49:R49) -> 41167 | L49: 342 | N49: 3791 | P49: 9155 | Q49: 14311 | R49: 13568 | S49: 47417 | T49: =SUM(U49:Z49) -> 0 | AA49: =SUM(AB49:AH49) -> 47418 | AB49: 342 | AD49: 4922 | AF49: 12301 | AG49: 16143 | AH49: 13710 | AI49: 1109
A50: 江西 | B50: 2016 | C50: 45755 | D50: =SUM(E50:J50) -> 450 | F50: 450 | K50: =SUM(L50:R50) -> 45307 | N50: 3507 | P50: 10931 | Q50: 14364 | R50: 16505 | S50: 48727 | T50: =SUM(U50:Z50) -> 450 | V50: 450 | AA50: =SUM(AB50:AH50) -> 48278 | AD50: 4185 | AF50: 12102 | AG50: 15434 | AH50: 16557 | AI50: 668
A51: 山东 | B51: 2016 | C51: 81130 | D51: =SUM(E51:J51) -> 415 | G51: 415 | K51: =SUM(L51:R51) -> 80714 | L51: 78 | N51: 6016 | P51: 18446 | Q51: 25237 | R51: 30937 | S51: 95866 | T51: =SUM(U51:Z51) -> 415 | W51: 415 | AA51: =SUM(AB51:AH51) -> 95448 | AB51: 155 | AD51: 7712 | AF51: 23555 | AG51: 30264 | AH51: 33762 | AI51: 5053
A52: 河南 | B52: 2016 | C52: 70147 | D52: =SUM(E52:J52) -> 710 | F52: 710 | K52: =SUM(L52:R52) -> 69437 | L52: 343 | N52: 5810 | O52: 95 | P52: 17222 | Q52: 22127 | R52: 23840 | S52: 74455 | T52: =SUM(U52:Z52) -> 710 | V52: 710 | AA52: =SUM(AB52:AH52) -> 73745 | AB52: 343 | AD52: 7779 | AE52: 140 | AF52: 18325 | AG52: 23180 | AH52: 23978 | AI52: 825
A53: 湖北 | B53: 2016 | C53: 65413 | D53: =SUM(E53:J53) -> 981 | F53: 981 | K53: =SUM(L53:R53) -> 64431 | L53: 180 | N53: 9618 | P53: 13225 | Q53: 20382 | R53: 21026 | S53: 70074 | T53: =SUM(U53:Z53) -> 2779 | V53: 981 | X53: 1798 | AA53: =SUM(AB53:AH53) -> 67295 | AB53: 180 | AD53: 9689 | AF53: 14519 | AG53: 21621 | AH53: 21286 | AI53: 1197
A54: 湖南 | B54: 2016 | C54: 64509 | D54: =SUM(E54:J54) -> 1387 | F54: 1387 | K54: =SUM(L54:R54) -> 63121 | N54: 5103 | P54: 13236 | Q54: 21589 | R54: 23193 | S54: 66837 | T54: =SUM(U54:Z54) -> 2244 | V54: 1387 | X54: 857 | AA54: =SUM(AB54:AH54) -> 64593 | AD54: 4409 | AF54: 14003 | AG54: 22729 | AH54: 23452 | AI54: 581
A55: 广东 | B55: 2016 | C55: 59618 | D55: =SUM(E55:J55) -> 0 | K55: =SUM(L55:R55) -> 59618 | N55: 6761 | P55: 15956 | Q55: 29497 | R55: 7404 | S55: 74931 | T55: =SUM(U55:Z55) -> 0 | AA55: =SUM(AB55:AH55) -> 74931 | AD55: 9881 | AF55: 22549 | AG55: 34935 | AH55: 7566 | AI55: 3857
A56: 广西 | B56: 2016 | C56: 66257 | D56: =SUM(E56:J56) -> 0 | K56: =SUM(L56:R56) -> 66258 | N56: 1816 | P56: 14583 | Q56: 19197 | R56: 30662 | S56: 70237 | T56: =SUM(U56:Z56) -> 0 | AA56: =SUM(AB56:AH56) -> 70236 | AD56: 1941 | AF56: 16606 | AG56: 20618 | AH56: 31071 | AI56: 535
A57: 海南 | B57: 2016 | C57: 10645 | D57: =SUM(E57:J57) -> 0 | K57: =SUM(L57:R57) -> 10644 | P57: 4034 | Q57: 3932 | R57: 2678 | S57: 10714 | T57: =SUM(U57:Z57) -> 0 | AA57: =SUM(AB57:AH57) -> 10714 | AD57: 0 | AF57: 4047 | AG57: 3970 | AH57: 2697 | AI57: 157
A58: 重庆 | B58: 2016 | C58: 31341 | D58: =SUM(E58:J58) -> 575 | F58: 575 | K58: =SUM(L58:R58) -> 30767 | N58: 2673 | P58: 6971 | Q58: 9494 | R58: 11629 | S58: 35475 | T58: =SUM(U58:Z58) -> 575 | V58: 575 | AA58: =SUM(AB58:AH58) -> 34900 | AD58: 3372 | AF58: 8608 | AG58: 10759 | AH58: 12161 | AI58: 757
A59: 四川 | B59: 2016 | C59: 82020 | D59: =SUM(E59:J59) -> 854 | F59: 854 | K59: =SUM(L59:R59) -> 81165 | N59: 9848 | P59: 16339 | Q59: 26536 | R59: 28442 | S59: 92326 | T59: =SUM(U59:Z59) -> 1094 | V59: 854 | X59: 240 | AA59: =SUM(AB59:AH59) -> 91231 | AD59: 13555 | AF59: 20376 | AG59: 28615 | AH59: 28685 | AI59: 1562
A60: 贵州 | B60: 2016 | C60: 48864 | D60: =SUM(E60:J60) -> 0 | K60: =SUM(L60:R60) -> 48864 | N60: 3502 | P60: 11161 | Q60: 15764 | R60: 18437 | S60: 48925 | T60: =SUM(U60:Z60) -> 0 | AA60: =SUM(AB60:AH60) -> 48925 | AD60: 3502 | AF60: 11161 | AG60: 15813 | AH60: 18449 | AI60: 580
A61: 云南 | B61: 2016 | C61: 84550 | D61: =SUM(E61:J61) -> 0 | K61: =SUM(L61:R61) -> 84550 | N61: 11674 | P61: 14595 | Q61: 24738 | R61: 33543 | S61: 85368 | T61: =SUM(U61:Z61) -> 562 | X61: 562 | AA61: =SUM(AB61:AH61) -> 84805 | AD61: 11378 | AE61: ， | AF61: 14767 | AG61: 25115 | AH61: 33545 | AI61: 403
A62: 西藏 | B62: 2016 | C62: 15081 | D62: =SUM(E62:J62) -> 423 | I62: 423 | K62: =SUM(L62:R62) -> 14658 | P62: 3093 | Q62: 6551 | R62: 5014 | S62: 15359 | T62: =SUM(U62:Z62) -> 423 | Y62: 423 | AA62: =SUM(AB62:AH62) -> 14936 | AD62: 0 | AF62: 3371 | AG62: 6551 | AH62: 5014 | AI62: 5
A63: 陕西 | B63: 2016 | C63: 49933 | D63: =SUM(E63:J63) -> 822 | F63: 514 | G63: 308 | K63: =SUM(L63:R63) -> 49112 | M63: 1415 | N63: 565 | O63: 8048 | P63: 327 | Q63: 21648 | R63: 17109 | S63: 54565 | T63: =SUM(U63:Z63) -> 1116 | V63: 514 | W63: 308 | X63: 294 | AA63: =SUM(AB63:AH63) -> 53449 | AC63: 2323 | AD63: 271 | AE63: 9540 | AF63: 327 | AG63: 23788 | AH63: 17200 | AI63: 1189
A64: 甘肃 | B64: 2016 | C64: 58955 | D64: =SUM(E64:J64) -> 1351 | F64: 1351 | K64: =SUM(L64:R64) -> 57604 | M64: 3447 | O64: 9562 | P64: 828 | Q64: 22033 | R64: 21734 | S64: 61378 | T64: =SUM(U64:Z64) -> 1351 | V64: 1351 | AA64: =SUM(AB64:AH64) -> 60027 | AC64: 5204 | AD64: 0 | AE64: 9758 | AF64: 847 | AG64: 22448 | AH64: 21770 | AI64: 106
A65: 青海 | B65: 2016 | C65: 27083 | D65: =SUM(E65:J65) -> 609 | I65: 609 | K65: =SUM(L65:R65) -> 26475 | M65: 2681 | O65: 6137 | Q65: 11043 | R65: 6614 | S65: 28616 | T65: =SUM(U65:Z65) -> 1217 | Y65: 1217 | AA65: =SUM(AB65:AH65) -> 27398 | AC65: 2832 | AD65: 0 | AE65: 6268 | AG65: 11639 | AH65: 6659 | AI65: 104
A66: 宁夏 | B66: 2016 | C66: 16159 | D66: =SUM(E66:J66) -> 300 | F66: 194 | G66: 106 | K66: =SUM(L66:R66) -> 15860 | M66: 1828 | O66: 2659 | P66: 2153 | Q66: 5577 | R66: 3643 | S66: 17535 | T66: =SUM(U66:Z66) -> 300 | V66: 194 | W66: 106 | AA66: =SUM(AB66:AH66) -> 17235 | AC66: 1828 | AD66: 0 | AE66: 2659 | AF66: 2258 | AG66: 6680 | AH66: 3810 | AI66: 118
A67: 新疆 | B67: 2016 | C67: 72130 | D67: =SUM(E67:J67) -> 166 | F67: 166 | K67: =SUM(L67:R67) -> 71964 | M67: 5586 | N67: 196 | P67: 18676 | Q67: 23798 | R67: 23708 | S67: 74801 | T67: =SUM(U67:Z67) -> 166 | V67: 166 | AA67: =SUM(AB67:AH67) -> 74635 | AC67: 5781 | AD67: 196 | AF67: 19720 | AG67: 24966 | AH67: 23972 | AI67: 243
A68: 跨区 | B68: 2016 | C68: 17752 | D68: =SUM(E68:J68) -> 2787 | F68: 2787 | K68: =SUM(L68:R68) -> 14965 | N68: 14774 | P68: 191 | S68: 19899 | T68: =SUM(U68:Z68) -> 9385 | V68: 2787 | X68: 6598 | AA68: =SUM(AB68:AH68) -> 10515 | AD68: 10315 | AF68: 200 | AI68: 31
A69: 全国 | B69: 2017 | C69: 1622835 | D69: =SUM(E69:J69) -> 23239 | F69: 20874 | G69: 1334 | I69: 1031 | K69: =SUM(L69:R69) -> 1599596 | L69: 7936 | M69: 14582 | N69: 156838 | O69: 26870 | P69: 350309 | Q69: 556697 | R69: 486364 | S69: 1825611 | T69: =SUM(U69:Z69) -> 37400 | V69: 20874 | W69: 1334 | X69: 13552 | Y69: 1640 | AA69: =SUM(AB69:AH69) -> 1788211 | AB69: 10073 | AC69: 18830 | AD69: 173771 | AE69: 30183 | AF69: 415311 | AG69: 631361 | AH69: 508682 | AI69: 62760
A70: 北京 | B70: 2017 | C70: 9309 | D70: =SUM(E70:J70) -> 0 | K70: =SUM(L70:R70) -> 9308 | N70: 1752 | P70: 2658 | Q70: 3183 | R70: 1715 | S70: 10402 | T70: =SUM(U70:Z70) -> 0 | AA70: =SUM(AB70:AH70) -> 10403 | AD70: 1801 | AF70: 2903 | AG70: 3836 | AH70: 1863 | AI70: 2246
A71: 天津 | B71: 2017 | C71: 11725 | D71: =SUM(E71:J71) -> 392 | F71: 392 | K71: =SUM(L71:R71) -> 11334 | L71: 579 | N71: 1076 | P71: 2921 | Q71: 3360 | R71: 3398 | S71: 11725 | T71: =SUM(U71:Z71) -> 392 | V71: 392 | AA71: =SUM(AB71:AH71) -> 11334 | AB71: 579 | AD71: 1076 | AF71: 2921 | AG71: 3360 | AH71: 3398 | AI71: 6312
A72: 河北 | B72: 2017 | C72: 91426 | D72: =SUM(E72:J72) -> 1244 | F72: 1044 | G72: 200 | K72: =SUM(L72:R72) -> 90182 | L72: 1588 | N72: 11724 | P72: 18387 | Q72: 28733 | R72: 29750 | S72: 100769 | T72: =SUM(U72:Z72) -> 1244 | V72: 1044 | W72: 200 | AA72: =SUM(AB72:AH72) -> 99524 | AB72: 1839 | AD72: 11724 | AF72: 22321 | AG72: 32502 | AH72: 31138 | AI72: 1899
A73: 山西 | B73: 2017 | C73: 67475 | D73: =SUM(E73:J73) -> 1035 | F73: 730 | G73: 305 | K73: =SUM(L73:R73) -> 66441 | L73: 1018 | N73: 7657 | P73: 14829 | Q73: 19661 | R73: 23276 | S73: 71853 | T73: =SUM(U73:Z73) -> 1035 | V73: 730 | W73: 305 | AA73: =SUM(AB73:AH73) -> 70817 | AB73: 1284 | AD73: 8802 | AF73: 16482 | AG73: 20883 | AH73: 23366 | AI73: 762
A74: 内蒙古 | B74: 2017 | C74: 103078 | D74: =SUM(E74:J74) -> 767 | F74: 767 | K74: =SUM(L74:R74) -> 102310 | L74: 468 | N74: 10111 | P74: 31501 | Q74: 38991 | R74: 21239 | S74: 106019 | T74: =SUM(U74:Z74) -> 1495 | V74: 767 | X74: 728 | AA74: =SUM(AB74:AH74) -> 104523 | AB74: 468 | AD74: 9940 | AF74: 32998 | AG74: 39875 | AH74: 21242 | AI74: 286
A75: 辽宁 | B75: 2017 | C75: 45955 | D75: =SUM(E75:J75) -> 0 | K75: =SUM(L75:R75) -> 45955 | N75: 6452 | P75: 14136 | Q75: 25332 | R75: 35 | S75: 60811 | T75: =SUM(U75:Z75) -> 193 | X75: 193 | AA75: =SUM(AB75:AH75) -> 60616 | AD75: 8009 | AF75: 18369 | AG75: 34200 | AH75: 38 | AI75: 1425
A76: 吉林 | B76: 2017 | C76: 28475 | D76: =SUM(E76:J76) -> 0 | K76: =SUM(L76:R76) -> 28475 | N76: 2693 | P76: 9356 | Q76: 16382 | R76: 44 | S76: 35427 | T76: =SUM(U76:Z76) -> 0 | AA76: =SUM(AB76:AH76) -> 35428 | AD76: 3377 | AF76: 11645 | AG76: 20362 | AH76: 44 | AI76: 266
A77: 黑龙江 | B77: 2017 | C77: 53215 | D77: =SUM(E77:J77) -> 0 | K77: =SUM(L77:R77) -> 53215 | N77: 4491 | P77: 12386 | Q77: 23263 | R77: 13075 | S77: 57870 | T77: =SUM(U77:Z77) -> 0 | AA77: =SUM(AB77:AH77) -> 57870 | AD77: 5012 | AF77: 14603 | AG77: 25059 | AH77: 13196 | AI77: 561
A78: 上海 | B78: 2017 | C78: 7290 | D78: =SUM(E78:J78) -> 106 | F78: 106 | K78: =SUM(L78:R78) -> 7184 | L78: 74 | N78: 757 | P78: 2053 | Q78: 961 | R78: 3339 | S78: 9880 | T78: =SUM(U78:Z78) -> 187 | V78: 106 | X78: 81 | AA78: =SUM(AB78:AH78) -> 9692 | AB78: 147 | AD78: 1149 | AF78: 3601 | AG78: 993 | AH78: 3802 | AI78: 13627
A79: 江苏 | B79: 2017 | C79: 73358 | D79: =SUM(E79:J79) -> 418 | F79: 418 | K79: =SUM(L79:R79) -> 72940 | L79: 1015 | N79: 9365 | P79: 20536 | Q79: 25336 | R79: 16688 | S79: 93433 | T79: =SUM(U79:Z79) -> 565 | V79: 418 | X79: 147 | AA79: =SUM(AB79:AH79) -> 92868 | AB79: 1015 | AD79: 12315 | AF79: 28576 | AG79: 32234 | AH79: 18728 | AI79: 6305
A80: 浙江 | B80: 2017 | C80: 46307 | D80: =SUM(E80:J80) -> 526 | F80: 526 | K80: =SUM(L80:R80) -> 45780 | L80: 834 | N80: 5846 | P80: 11544 | Q80: 15203 | R80: 12353 | S80: 63924 | T80: =SUM(U80:Z80) -> 998 | V80: 526 | X80: 472 | AA80: =SUM(AB80:AH80) -> 62926 | AB80: 1187 | AD80: 8349 | AF80: 17123 | AG80: 22127 | AH80: 14140 | AI80: 5683
A81: 安徽 | B81: 2017 | C81: 61174 | D81: =SUM(E81:J81) -> 1461 | F81: 1461 | K81: =SUM(L81:R81) -> 59713 | L81: 614 | N81: 5164 | P81: 12252 | Q81: 17131 | R81: 24552 | S81: 70021 | T81: =SUM(U81:Z81) -> 3044 | V81: 1461 | X81: 1583 | AA81: =SUM(AB81:AH81) -> 66977 | AB81: 1223 | AD81: 5368 | AF81: 15726 | AG81: 19392 | AH81: 25268 | AI81: 1056
A82: 福建 | B82: 2017 | C82: 42427 | D82: =SUM(E82:J82) -> 0 | K82: =SUM(L82:R82) -> 42427 | L82: 342 | N82: 4127 | P82: 9217 | Q82: 14904 | R82: 13837 | S82: 48652 | T82: =SUM(U82:Z82) -> 0 | AA82: =SUM(AB82:AH82) -> 48652 | AB82: 342 | AD82: 5215 | AF82: 12309 | AG82: 16798 | AH82: 13988 | AI82: 1268
A83: 江西 | B83: 2017 | C83: 47699 | D83: =SUM(E83:J83) -> 450 | F83: 450 | K83: =SUM(L83:R83) -> 47249 | N83: 3845 | P83: 11485 | Q83: 14804 | R83: 17115 | S83: 50986 | T83: =SUM(U83:Z83) -> 450 | V83: 450 | AA83: =SUM(AB83:AH83) -> 50537 | AD83: 4537 | AF83: 12968 | AG83: 15862 | AH83: 17170 | AI83: 743
A84: 山东 | B84: 2017 | C84: 86394 | D84: =SUM(E84:J84) -> 1544 | F84: 1129 | G84: 415 | K84: =SUM(L84:R84) -> 84850 | L84: 583 | N84: 6808 | P84: 19813 | Q84: 26500 | R84: 31146 | S84: 101893 | T84: =SUM(U84:Z84) -> 1544 | V84: 1129 | W84: 415 | AA84: =SUM(AB84:AH84) -> 100350 | AB84: 1166 | AD84: 8623 | AF84: 25018 | AG84: 31431 | AH84: 34112 | AI84: 5341
A85: 河南 | B85: 2017 | C85: 71153 | D85: =SUM(E85:J85) -> 722 | F85: 722 | K85: =SUM(L85:R85) -> 70430 | L85: 343 | N85: 5814 | O85: 95 | P85: 17514 | Q85: 22787 | R85: 23877 | S85: 75487 | T85: =SUM(U85:Z85) -> 722 | V85: 722 | AA85: =SUM(AB85:AH85) -> 74765 | AB85: 343 | AD85: 7783 | AE85: 140 | AF85: 18629 | AG85: 23879 | AH85: 23991 | AI85: 973
A86: 湖北 | B86: 2017 | C86: 66742 | D86: =SUM(E86:J86) -> 1185 | F86: 1185 | K86: =SUM(L86:R86) -> 65557 | L86: 180 | N86: 9996 | P86: 13095 | Q86: 20872 | R86: 21414 | S86: 71120 | T86: =SUM(U86:Z86) -> 2983 | V86: 1185 | X86: 1798 | AA86: =SUM(AB86:AH86) -> 68136 | AB86: 180 | AD86: 9806 | AF86: 14351 | AG86: 22186 | AH86: 21613 | AI86: 1274
A87: 湖南 | B87: 2017 | C87: 65823 | D87: =SUM(E87:J87) -> 1741 | F87: 1741 | K87: =SUM(L87:R87) -> 64081 | N87: 5290 | P87: 13491 | Q87: 21882 | R87: 23418 | S87: 68344 | T87: =SUM(U87:Z87) -> 2598 | V87: 1741 | X87: 857 | AA87: =SUM(AB87:AH87) -> 65746 | AD87: 4595 | AF87: 14413 | AG87: 23056 | AH87: 23682 | AI87: 645
A88: 广东 | B88: 2017 | C88: 54935 | D88: =SUM(E88:J88) -> 0 | K88: =SUM(L88:R88) -> 54935 | N88: 7207 | P88: 17192 | Q88: 25360 | R88: 5176 | S88: 75515 | T88: =SUM(U88:Z88) -> 0 | AA88: =SUM(AB88:AH88) -> 75515 | AD88: 9961 | AF88: 23658 | AG88: 34643 | AH88: 7253 | AI88: 4398
A89: 广西 | B89: 2017 | C89: 69641 | D89: =SUM(E89:J89) -> 0 | K89: =SUM(L89:R89) -> 69641 | N89: 2223 | P89: 14672 | Q89: 20051 | R89: 32695 | S89: 73827 | T89: =SUM(U89:Z89) -> 0 | AA89: =SUM(AB89:AH89) -> 73828 | AD89: 2350 | AF89: 16957 | AG89: 21386 | AH89: 33135 | AI89: 2354
A90: 海南 | B90: 2017 | C90: 10426 | D90: =SUM(E90:J90) -> 0 | K90: =SUM(L90:R90) -> 10427 | P90: 4030 | Q90: 3713 | R90: 2684 | S90: 10426 | T90: =SUM(U90:Z90) -> 0 | AA90: =SUM(AB90:AH90) -> 10427 | AD90: 0 | AF90: 4030 | AG90: 3713 | AH90: 2684 | AI90: 101
A91: 重庆 | B91: 2017 | C91: 31399 | D91: =SUM(E91:J91) -> 676 | F91: 676 | K91: =SUM(L91:R91) -> 30723 | N91: 2727 | P91: 7182 | Q91: 9561 | R91: 11253 | S91: 35739 | T91: =SUM(U91:Z91) -> 676 | V91: 676 | AA91: =SUM(AB91:AH91) -> 35063 | AD91: 3484 | AF91: 8952 | AG91: 10856 | AH91: 11771 | AI91: 925
A92: 四川 | B92: 2017 | C92: 84637 | D92: =SUM(E92:J92) -> 854 | F92: 854 | K92: =SUM(L92:R92) -> 83783 | N92: 10184 | P92: 17125 | Q92: 26992 | R92: 29482 | S92: 95188 | T92: =SUM(U92:Z92) -> 1094 | V92: 854 | X92: 240 | AA92: =SUM(AB92:AH92) -> 94094 | AD92: 14180 | AF92: 21168 | AG92: 29030 | AH92: 29716 | AI92: 1740
A93: 贵州 | B93: 2017 | C93: 50161 | D93: =SUM(E93:J93) -> 0 | K93: =SUM(L93:R93) -> 50162 | N93: 3498 | P93: 11974 | Q93: 16937 | R93: 17753 | S93: 50316 | T93: =SUM(U93:Z93) -> 0 | AA93: =SUM(AB93:AH93) -> 50316 | AD93: 3498 | AF93: 11973 | AG93: 17013 | AH93: 17832 | AI93: 84
A94: 云南 | B94: 2017 | C94: 85227 | D94: =SUM(E94:J94) -> 0 | K94: =SUM(L94:R94) -> 85227 | N94: 12484 | P94: 15258 | Q94: 24031 | R94: 33454 | S94: 85915 | T94: =SUM(U94:Z94) -> 562 | X94: 562 | AA94: =SUM(AB94:AH94) -> 85353 | AD94: 12024 | AF94: 15366 | AG94: 24469 | AH94: 33494 | AI94: 414
A95: 西藏 | B95: 2017 | C95: 19429 | D95: =SUM(E95:J95) -> 423 | I95: 423 | K95: =SUM(L95:R95) -> 19007 | P95: 3112 | Q95: 9126 | R95: 6769 | S95: 19708 | T95: =SUM(U95:Z95) -> 423 | Y95: 423 | AA95: =SUM(AB95:AH95) -> 19286 | AD95: 0 | AF95: 3391 | AG95: 9126 | AH95: 6769 | AI95: 7
A96: 陕西 | B96: 2017 | C96: 38998 | D96: =SUM(E96:J96) -> 1276 | F96: 968 | G96: 308 | K96: =SUM(L96:R96) -> 37722 | L96: 299 | M96: 1566 | N96: 565 | O96: 8940 | Q96: 16514 | R96: 9838 | S96: 57486 | T96: =SUM(U96:Z96) -> 1570 | V96: 968 | W96: 308 | X96: 294 | AA96: =SUM(AB96:AH96) -> 55916 | AB96: 299 | AC96: 2475 | AD96: 271 | AE96: 10395 | AF96: 327 | AG96: 24506 | AH96: 17643 | AI96: 1353
A97: 甘肃 | B97: 2017 | C97: 61321 | D97: =SUM(E97:J97) -> 2599 | F97: 2599 | K97: =SUM(L97:R97) -> 58722 | M97: 3501 | O97: 10531 | P97: 824 | Q97: 22637 | R97: 21229 | S97: 64363 | T97: =SUM(U97:Z97) -> 2599 | V97: 2599 | AA97: =SUM(AB97:AH97) -> 61764 | AC97: 5557 | AD97: 0 | AE97: 11040 | AF97: 835 | AG97: 23066 | AH97: 21266 | AI97: 169
A98: 青海 | B98: 2017 | C98: 29159 | D98: =SUM(E98:J98) -> 609 | I98: 609 | K98: =SUM(L98:R98) -> 28549 | M98: 2832 | O98: 6296 | Q98: 11773 | R98: 7648 | S98: 30760 | T98: =SUM(U98:Z98) -> 1217 | Y98: 1217 | AA98: =SUM(AB98:AH98) -> 29543 | AC98: 3009 | AD98: 0 | AE98: 6411 | AG98: 12387 | AH98: 7736 | AI98: 118
A99: 宁夏 | B99: 2017 | C99: 13216 | D99: =SUM(E99:J99) -> 300 | F99: 194 | G99: 106 | K99: =SUM(L99:R99) -> 12916 | M99: 1006 | O99: 1008 | P99: 1424 | Q99: 5697 | R99: 3781 | S99: 17618 | T99: =SUM(U99:Z99) -> 300 | V99: 194 | W99: 106 | AA99: =SUM(AB99:AH99) -> 17317 | AC99: 1916 | AD99: 0 | AE99: 2196 | AF99: 2311 | AG99: 6936 | AH99: 3958 | AI99: 127
A100: 新疆 | B100: 2017 | C100: 75539 | D100: =SUM(E100:J100) -> 166 | F100: 166 | K100: =SUM(L100:R100) -> 75373 | M100: 5677 | N100: 196 | P100: 20150 | Q100: 25020 | R100: 24330 | S100: 78265 | T100: =SUM(U100:Z100) -> 166 | V100: 166 | AA100: =SUM(AB100:AH100) -> 78099 | AC100: 5872 | AD100: 196 | AF100: 21188 | AG100: 26197 | AH100: 24646 | AI100: 265
...

Sheet Capacity by Linetype
A1: Index | B1: Item | C1: Year | D1: 建设规模 | F1: 本年施工规模 | H1: 本年新开工规模 | J1: 累计新增能力 | L1: 本年新增能力 | O1: Item | P1: 电流 | Q1: 电压 | R1: 容量长度比 | S1: 建设规模 | U1: 本年施工规模 | W1: 本年新开工规模 | Y1: 累计新增能力 | AA1: 本年新增能力
D2: 容量 | E2: 长度 | F2: 容量 | G2: 长度 | H2: 容量 | I2: 长度 | J2: 容量 | K2: 长度 | L2: 容量 | M2: 长度 | S2: 容量 | T2: 长度 | U2: 容量 | V2: 长度 | W2: 容量 | X2: 长度 | Y2: 容量 | Z2: 长度 | AA2: 容量 | AB2: 长度
A3: 1 | B3: 全国 | C3: 2020 | E3: 176608 | G3: 150404 | I3: 61102 | K3: 67542 | M3: 62653 | O3: ±400千伏 | P3: 直流 | Q3: 400 | R3: =Y3/Z3 -> 0.58023477 | W3: 30712 | X3: 57829 | Y3: 46019 | Z3: 79311 | AA3: 34585 | AB3: 56679
A4: 2 | B4: 1、直流工程 | C4: 2020 | D4: 12600 | E4: 13148 | F4: 12600 | G4: 13147 | H4: 3800 | I4: 3890 | J4: 5200 | K4: 4444 | L4: 5200 | M4: 4444 | O4: ±500千伏 | P4: 直流 | Q4: 500 | R4: =S4/T4 -> 0.86128544 | S4: 7960 | T4: 9242 | U4: 6180 | V4: 5669 | W4: 2200 | X4: 1738 | Y4: 4920 | Z4: 5733 | AA4: 3040 | AB4: 2726
A5: 3 | B5: ±1100千伏 | C5: 2020 | E5: 1768 | G5: 1768 | O5: ±800千伏 | P5: 直流 | Q5: 800 | R5: =S5/T5 -> 1.0694016 | S5: 58600 | T5: 54797 | U5: 53500 | V5: 45979 | W5: 15800 | X5: 14147 | Y5: 18800 | Z5: 22255 | AA5: 13300 | AB5: 13448
A6: 4 | B6: ±800千伏 | C6: 2020 | D6: 11400 | E6: 10321 | F6: 11400 | G6: 10321 | H6: 3200 | I6: 3224 | J6: 4000 | K6: 3389 | L6: 4000 | M6: 3389 | O6: ±1100千伏 | P6: 直流 | Q6: 1100 | R6: =S6/T6 -> 0.53169734 | S6: 7800 | T6: 14670 | U6: 7800 | V6: 14670 | W6: 2400 | X6: 3325 | Y6: 3000 | Z6: 4882 | AA6: 1200 | AB6: 3325
A7: 5 | B7: ±660千伏 | C7: 2020 | O7: 110千伏（含66千伏） | P7: 交流 | Q7: 110 | R7: =S7/T7 -> 0.40852675 | S7: 162371 | T7: 397455 | U7: 136277 | V7: 349867 | W7: 53565 | X7: 142503 | Y7: 67057 | Z7: 181742 | AA7: 51476 | AB7: 141344
A8: 6 | B8: ±500千伏 | C8: 2020 | D8: 1200 | E8: 1059 | F8: 1200 | G8: 1059 | H8: 600 | I8: 666 | J8: 1200 | K8: 1055 | L8: 1200 | M8: 1055 | O8: 220千伏 | P8: 交流 | Q8: 220 | R8: =S8/T8 -> 0.49348482 | S8: 196896 | T8: 398991 | U8: 158637 | V8: 332070 | W8: 56126 | X8: 116833 | Y8: 80364 | Z8: 159030 | AA8: 55578 | AB8: 116982
A9: 7 | B9: ±400千伏 | C9: 2020 | O9: 330千伏 | P9: 交流 | Q9: 330 | R9: =S9/T9 -> 0.43640528 | S9: 16195 | T9: 37110 | U9: 14658 | V9: 34085 | W9: 6076 | X9: 11740 | Y9: 7089 | Z9: 18263 | AA9: 5238 | AB9: 13840
A10: 8 | B10: 2、交流工程（110千伏及以上） | C10: 2020 | D10: 104095 | E10: 163460 | F10: 87746 | G10: 137257 | H10: 35202 | I10: 57213 | J10: 34042 | K10: 63098 | L10: 31597 | M10: 58208 | O10: 500千伏 | P10: 交流 | Q10: 500 | R10: =S10/T10 -> 1.0290553 | S10: 165717 | T10: 161038 | U10: 150031 | V10: 142497 | W10: 52630 | X10: 52609 | Y10: 64080 | Z10: 63440 | AA10: 52380 | AB10: 49668
A11: 9 | B11: 1000千伏 | C11: 2020 | D11: 6000 | E11: 3411 | F11: 5400 | G11: 2806 | H11: 3300 | I11: 690 | J11: 1800 | K11: 1736 | L11: 1800 | M11: 1736 | O11: 750千伏 | P11: 交流 | Q11: 750 | R11: =S11/T11 -> 1.1160547 | S11: 41640 | T11: 37310 | U11: 39810 | V11: 37106 | W11: 12415 | X11: 11771 | Y11: 17035 | Z11: 13469 | AA11: 14175 | AB11: 12090
A12: 10 | B12: 750千伏 | C12: 2020 | D12: 6850 | E12: 6153 | F12: 6430 | G12: 6051 | H12: 1520 | I12: 2038 | J12: 2620 | K12: 1818 | L12: 2620 | M12: 1760 | O12: 1000千伏 | P12: 交流 | Q12: 1000 | R12: =S12/T12 -> 1.1443442 | S12: 32100 | T12: 28051 | U12: 30300 | V12: 25909 | W12: 13200 | X12: 8149 | Y12: 12900 | Z12: 11693 | AA12: 12300 | AB12: 11063
A13: 11 | B13: 500千伏 | C13: 2020 | D13: 25436 | E13: 22532 | F13: 21568 | G13: 17874 | H13: 8580 | I13: 8676 | J13: 8355 | K13: 8137 | L13: 7705 | M13: 7214 | O13: 35千伏 | P13: 交流 | Q13: 35 | R13: {=FORECAST(Q13,R7:R12,Q7:Q12)} -> 0.3383766
A14: 12 | B14: 330千伏 | C14: 2020 | D14: 4330 | E14: 7010 | F14: 4114 | G14: 6982 | H14: 2008 | I14: 3004 | J14: 1674 | K14: 3014 | L14: 1458 | M14: 2815
A15: 13 | B15: 220千伏 | C15: 2020 | D15: 31777 | E15: 61314 | F15: 25303 | G15: 48944 | H15: 10920 | I15: 20330 | J15: 10576 | K15: 21107 | L15: 9533 | M15: 18511
A16: 14 | B16: 110千伏（含66千伏） | C16: 2020 | D16: 29701 | E16: 63040 | F16: 24931 | G16: 54600 | H16: 8874 | I16: 22474 | J16: 9017 | K16: 27286 | L16: 8481 | M16: 26173
A17: 15 | B17: 全国 | C17: 2019 | E17: 177201 | G17: 160164 | I17: 58731 | K17: 71109 | M17: 57935
A18: 16 | B18: 1、直流工程 | C18: 2019 | D18: 9700 | E18: 11027 | F18: 9000 | G18: 9075 | H18: 1900 | I18: 1295 | J18: 3800 | K18: 3510 | L18: 2200
A19: 17 | B19: ±1100千伏 | C19: 2019 | D19: 1800 | E19: 4010 | F19: 1800 | G19: 4010 | J19: 1800 | K19: 1557 | L19: 1200
A20: 18 | B20: ±800千伏 | C20: 2019 | D20: 6000 | E20: 5945 | F20: 5000 | G20: 3992 | H20: 1600 | I20: 909 | J20: 1000 | K20: 1953
A21: 19 | B21: ±660千伏 | C21: 2019
A22: 20 | B22: ±500千伏 | C22: 2019 | D22: 900 | E22: 1073 | F22: 1200 | G22: 1074 | H22: 300 | I22: 386
A23: 21 | B23: ±400千伏 | C23: 2019 | D23: 1000 | F23: 1000 | J23: 1000 | L23: 1000
A24: 22 | B24: 2、交流工程（110千伏及以上） | C24: 2019 | D24: 95307 | E24: 166174 | F24: 88187 | G24: 151088 | H24: 34390 | I24: 57436 | J24: 37608 | K24: 67599 | L24: 31915 | M24: 57935
A25: 23 | B25: 1000千伏 | C25: 2019 | D25: 4800 | E25: 4316 | F25: 4800 | G25: 4316 | H25: 2100 | I25: 1128 | J25: 1500 | K25: 2100 | L25: 1500 | M25: 2100
A26: 24 | B26: 750千伏 | C26: 2019 | D26: 8840 | E26: 8350 | F26: 8630 | G26: 8350 | H26: 2615 | I26: 1386 | J26: 3455 | K26: 4566 | L26: 3245 | M26: 4406
A27: 25 | B27: 500千伏 | C27: 2019 | D27: 25333 | E27: 22478 | F27: 23603 | G27: 19409 | H27: 9493 | I27: 8563 | J27: 9995 | K27: 8095 | L27: 8645 | M27: 5595
A28: 26 | B28: 330千伏 | C28: 2019 | D28: 3705 | E28: 7328 | F28: 3489 | G28: 7300 | H28: 1188 | I28: 1810 | J28: 1623 | K28: 4245 | L28: 1263 | M28: 3989
A29: 27 | B29: 220千伏 | C29: 2019 | D29: 29630 | E29: 62940 | F29: 26136 | G29: 54343 | H29: 10163 | I29: 18694 | J29: 11775 | K29: 24284 | L29: 9161 | M29: 19822
A30: 28 | B30: 110千伏（含66千伏） | C30: 2019 | D30: 22999 | E30: 60762 | F30: 21528 | G30: 57370 | H30: 8831 | I30: 25855 | J30: 9260 | K30: 24310 | L30: 8100 | M30: 22023
A31: 29 | B31: 全国 | C31: 2018 | E31: 202586 | G31: 162751 | I31: 54031 | K31: 80787 | M31: 60298
A32: 30 | B32: 1、直流工程 | C32: 2018 | D32: 11500 | E32: 13919 | F32: 9400 | G32: 8637 | H32: 2500 | I32: 2253 | J32: 4700 | K32: 7118 | L32: 3200 | M32: 3325
A33: 31 | B33: ±1100千伏 | C33: 2018 | D33: 2400 | E33: 4010 | F33: 2400 | G33: 4010 | J33: 1200 | K33: 3325 | L33: 1200 | M33: 3325
A34: 32 | B34: ±800千伏 | C34: 2018 | D34: 8200 | E34: 8658 | F34: 6100 | G34: 3938 | H34: 1600 | I34: 1604 | J34: 3500 | K34: 3231 | L34: 2000
A35: 33 | B35: ±660千伏 | C35: 2018
A36: 34 | B36: ±500千伏 | C36: 2018 | D36: 900 | E36: 1251 | F36: 900 | G36: 689 | H36: 900 | I36: 649 | K36: 562
A37: 35 | B37: ±400千伏 | C37: 2018
A38: 36 | B38: 2、交流工程（110千伏及以上） | C38: 2018 | D38: 103483 | E38: 188668 | F38: 85931 | G38: 154115 | H38: 30872 | I38: 51778 | J38: 40730 | K38: 73669 | L38: 31024 | M38: 56973
A39: 37 | B39: 1000千伏 | C39: 2018 | D39: 2400 | E39: 2399 | F39: 2100 | G39: 2399 | H39: 1500 | I39: 2169 | J39: 900 | K39: 129 | L39: 900 | M39: 129
A40: 38 | B40: 750千伏 | C40: 2018 | D40: 6570 | E40: 6525 | F40: 5370 | G40: 6423 | H40: 1800 | I40: 2163 | J40: 2340 | K40: 1733 | L40: 1140 | M40: 1573
A41: 39 | B41: 500千伏 | C41: 2018 | D41: 29968 | E41: 30060 | F41: 26463 | G41: 26012 | H41: 8437 | I41: 6027 | J41: 13225 | K41: 17650 | L41: 11160 | M41: 14540
A42: 40 | B42: 330千伏 | C42: 2018 | D42: 2949 | E42: 7419 | F42: 1988 | G42: 4757 | H42: 1122 | I42: 1318 | J42: 1887 | K42: 4342 | L42: 612 | M42: 828
A43: 41 | B43: 220千伏 | C43: 2018 | D43: 33467 | E43: 75889 | F43: 26637 | G43: 57529 | H43: 9125 | I43: 19500 | J43: 11770 | K43: 25612 | L43: 8402 | M43: 20697
A44: 42 | B44: 110千伏（含66千伏） | C44: 2018 | D44: 28130 | E44: 66375 | F44: 23374 | G44: 56995 | H44: 8888 | I44: 20600 | J44: 10608 | K44: 24203 | L44: 8810 | M44: 19206
A45: 43 | B45: 全国 | C45: 2017 | E45: 201258 | G45: 175788 | I45: 56053 | K45: 91640 | M45: 66423
A46: 44 | B46: 1、直流工程 | C46: 2017 | D46: 14400 | E46: 13469 | F46: 13800 | G46: 12903 | H46: 1000 | J46: 8500 | K46: 8901 | L46: 7900 | M46: 8339
A47: 45 | B47: ±1100千伏 | C47: 2017 | D47: 1200 | E47: 3325 | F47: 1200 | G47: 3325
A48: 46 | B48: ±800千伏 | C48: 2017 | D48: 11200 | E48: 9577 | F48: 11200 | G48: 9577 | H48: 1000 | J48: 7700 | K48: 8339 | L48: 7700 | M48: 8339
A49: 47 | B49: ±660千伏 | C49: 2017 | D49: 1200 | F49: 1200
A50: 48 | B50: ±500千伏 | C50: 2017 | D50: 800 | E50: 567 | F50: 200 | J50: 800 | K50: 562 | L50: 200
A51: 49 | B51: ±400千伏 | C51: 2017
A52: 50 | B52: 2、交流工程（110千伏及以上） | C52: 2017 | D52: 105704 | E52: 187789 | F52: 89181 | G52: 162885 | H52: 28400 | I52: 56053 | J52: 46799 | K52: 82739 | L52: 32595 | M52: 58084
A53: 51 | B53: 1000千伏 | C53: 2017 | D53: 4500 | E53: 3600 | F53: 3900 | G53: 2970 | H53: 900 | I53: 72 | J53: 3600 | K53: 3476 | L53: 3000 | M53: 2846
A54: 52 | B54: 750千伏 | C54: 2017 | D54: 5670 | E54: 5180 | F54: 5670 | G54: 5180 | H54: 1350 | I54: 1581 | J54: 1740 | K54: 1001 | L54: 1740 | M54: 899
A55: 53 | B55: 500千伏 | C55: 2017 | D55: 30370 | E55: 32331 | F55: 27973 | G55: 29278 | H55: 8725 | I55: 11430 | J55: 10155 | K55: 10044 | L55: 8275 | M55: 7999
A56: 54 | B56: 330千伏 | C56: 2017 | D56: 1782 | E56: 5123 | F56: 1710 | G56: 5057 | H56: 459 | I56: 1073 | J56: 783 | K56: 2975 | L56: 783 | M56: 2521
A57: 55 | B57: 220千伏 | C57: 2017 | D57: 35375 | E57: 70782 | F57: 27561 | G57: 59414 | H57: 8001 | I57: 17879 | J57: 17005 | K57: 29235 | L57: 10433 | M57: 18810
A58: 56 | B58: 110千伏（含66千伏） | C58: 2017 | D58: 28007 | E58: 70773 | F58: 22367 | G58: 60986 | H58: 8965 | I58: 24019 | J58: 13516 | K58: 36007 | L58: 8364 | M58: 25010
A59: 57 | B59: 全国 | C59: 2016 | E59: 195329 | G59: 176792 | I59: 64316 | K59: 83807 | M59: 60070
A60: 58 | B60: 1、直流工程 | C60: 2016 | D60: 16040 | E60: 16261 | F60: 16040 | G60: 16179 | H60: 5600 | I60: 6487 | J60: 3240 | K60: 4496 | L60: 3240 | M60: 3391
A61: 59 | B61: ±1100千伏 | C61: 2016 | D61: 2400 | E61: 3325 | F61: 2400 | G61: 3325 | H61: 2400 | I61: 3325
A62: 60 | B62: ±800千伏 | C62: 2016 | D62: 11800 | E62: 11265 | F62: 11800 | G62: 11183 | H62: 3000 | I62: 3162 | J62: 1600 | K62: 2825 | L62: 1600 | M62: 1720
A63: 61 | B63: ±660千伏 | C63: 2016
A64: 62 | B64: ±500千伏 | C64: 2016 | D64: 1840 | E64: 1671 | F64: 1840 | G64: 1671 | H64: 200 | J64: 1640 | K64: 1671 | L64: 1640 | M64: 1671
A65: 63 | B65: ±400千伏 | C65: 2016 | H65: 30712 | I65: 57829 | J65: 46019 | K65: 79311 | L65: 34585 | M65: 56679
A66: 64 | B66: 2、交流工程（110千伏及以上） | C66: 2016 | D66: 101578 | E66: 179068 | F66: 91054 | G66: 160613 | H66: 30712 | I66: 57829 | J66: 46019 | K66: 79311 | L66: 34585 | M66: 56679
A67: 65 | B67: 1000千伏 | C67: 2016 | D67: 7800 | E67: 7968 | F67: 7800 | G67: 7067 | H67: 1500 | I67: 761 | J67: 5100 | K67: 4252 | L67: 5100 | M67: 4252
A68: 66 | B68: 750千伏 | C68: 2016 | D68: 7080 | E68: 5905 | F68: 7080 | G68: 5905 | H68: 2340 | I68: 2059 | J68: 2910 | K68: 2486 | L68: 1860 | M68: 1813
A69: 67 | B69: 500千伏 | C69: 2016 | D69: 26885 | E69: 27075 | F69: 24224 | G69: 26085 | H69: 9565 | I69: 9357 | J69: 10380 | K69: 9737 | L69: 7715 | M69: 6931
A70: 68 | B70: 330千伏 | C70: 2016 | D70: 1707 | E70: 5498 | F70: 1707 | G70: 5495 | H70: 588 | I70: 2165 | J70: 480 | K70: 1525 | L70: 480 | M70: 1525
A71: 69 | B71: 220千伏 | C71: 2016 | D71: 32076 | E71: 64086 | F71: 27454 | G71: 55592 | H71: 8856 | I71: 20962 | J71: 14011 | K71: 26271 | L71: 9239 | M71: 17088
A72: 70 | B72: 110千伏（含66千伏） | C72: 2016 | D72: 26030 | E72: 68536 | F72: 22789 | G72: 60469 | H72: 7863 | I72: 22525 | J72: 13139 | K72: 35040 | L72: 10191 | M72: 25070
A73: 71 | B73: 全国 | C73: 2015 | E73: 187449 | G73: 163720 | I73: 68582 | K73: 86189 | M73: 57110
A74: 72 | B74: 1、直流工程 | C74: 2015 | D74: 12320 | E74: 12652 | F74: 9040 | G74: 8144 | H74: 6800 | I74: 5285 | J74: 2280 | K74: 4963 | L74: 250
A75: 73 | B75: ±800千伏 | C75: 2015 | D75: 10000 | E75: 9031 | F75: 8000 | G75: 6968 | H75: 6400 | I75: 5248 | J75: 1000 | K75: 2518 | L75: 250
A76: 74 | B76: ±660千伏 | C76: 2015
A77: 75 | B77: ±500千伏 | C77: 2015 | D77: 2320 | E77: 3621 | F77: 1040 | G77: 1176 | H77: 400 | I77: 37 | J77: 1280 | K77: 2445
A78: 76 | B78: ±400千伏 | C78: 2015
A79: 77 | B79: 2、交流工程（110千伏及以上） | C79: 2015 | D79: 104752 | E79: 174797 | F79: 87614 | G79: 155576 | H79: 34436 | I79: 63297 | J79: 43326 | K79: 81226 | L79: 29432 | M79: 57110
A80: 78 | B80: 1000千伏 | C80: 2015 | D80: 6600 | E80: 6357 | F80: 6300 | G80: 6351 | H80: 3900 | I80: 3329 | K80: 5 | M80: 5
A81: 79 | B81: 750千伏 | C81: 2015 | D81: 6630 | E81: 5197 | F81: 6630 | G81: 5197 | H81: 2790 | I81: 2544 | J81: 3970 | K81: 1865 | L81: 3570 | M81: 1639
A82: 80 | B82: 500千伏 | C82: 2015 | D82: 27725 | E82: 26562 | F82: 26200 | G82: 23839 | H82: 7830 | I82: 8556 | J82: 11970 | K82: 9777 | L82: 8880 | M82: 7389
A83: 81 | B83: 330千伏 | C83: 2015 | D83: 1722 | E83: 4732 | F83: 1650 | G83: 4494 | H83: 711 | I83: 2370 | J83: 642 | K83: 2162 | L83: 642 | M83: 2162
A84: 82 | B84: 220千伏 | C84: 2015 | D84: 34571 | E84: 63980 | F84: 25546 | G84: 56248 | H84: 9061 | I84: 19468 | J84: 15227 | K84: 32521 | L84: 8810 | M84: 22054
A85: 83 | B85: 110千伏（含66千伏） | C85: 2015 | D85: 27504 | E85: 67969 | F85: 21288 | G85: 59447 | H85: 10144 | I85: 27030 | J85: 11517 | K85: 34896 | L85: 7530 | M85: 23862

Sheet Calculation
A1: 全国 | B1: 总计 | C1: 一、直流 工程 | D1: ±1100千伏 | E1: ±800千伏 | F1: ±660千伏 | G1: ±500千伏 | H1: ±400千伏 | I1: ±400千伏 以下 | J1: 二、交流工 程 | K1: 1000千伏 | L1: 750千伏 | M1: 500千伏 | N1: 330千伏 | O1: 220千伏 | P1: 110千伏（含66千伏） | Q1: 35千伏 | R1: 电缆 | S1: miles | U1: KV | V1: MW Floor | W1: MW Ceiling | X1: MW Average | Y1: A Floor (factor = 0.8) | Z1: A Ceiling (factor = 0.9 | AA1: A Average | AD1: 直流项目名称 | AE1: 额定电压 | AF1: 传输功率 | AG1: 额定电流 | AH1: 传输距离
A2: 2015 | B2: =SUMIFS('2015-20线路长度'!S$3:S$200,'2015-20线路长度'!$A$3:$A$200,Calculation!$A$1,'2015-20线路长度'!$B$3:$B$200,Calculation!$A2) -> 1696849 | C2: =SUMIFS('2015-20线路长度'!T$3:T$200,'2015-20线路长度'!$A$3:$A$200,Calculation!$A$1,'2015-20线路长度'!$B$3:$B$200,Calculation!$A2) -> 25428 | D2: =SUMIFS('2015-20线路长度'!U$3:U$200,'2015-20线路长度'!$A$3:$A$200,Calculation!$A$1,'2015-20线路长度'!$B$3:$B$200,Calculation!$A2) -> 0 | E2: =SUMIFS('2015-20线路长度'!V$3:V$200,'2015-20线路长度'!$A$3:$A$200,Calculation!$A$1,'2015-20线路长度'!$B$3:$B$200,Calculation!$A2) -> 10580 | F2: =SUMIFS('2015-20线路长度'!W$3:W$200,'2015-20线路长度'!$A$3:$A$200,Calculation!$A$1,'2015-20线路长度'!$B$3:$B$200,Calculation!$A2) -> 1336 | G2: =SUMIFS('2015-20线路长度'!X$3:X$200,'2015-20线路长度'!$A$3:$A$200,Calculation!$A$1,'2015-20线路长度'!$B$3:$B$200,Calculation!$A2) -> 11872 | H2: =SUMIFS('2015-20线路长度'!Y$3:Y$200,'2015-20线路长度'!$A$3:$A$200,Calculation!$A$1,'2015-20线路长度'!$B$3:$B$200,Calculation!$A2) -> 1640 | I2: =SUMIFS('2015-20线路长度'!Z$3:Z$200,'2015-20线路长度'!$A$3:$A$200,Calculation!$A$1,'2015-20线路长度'!$B$3:$B$200,Calculation!$A2) -> 0 | ... R2: =SUMIFS('2015-20线路长度'!AI$3:AI$200,'2015-20线路长度'!$A$3:$A$200,Calculation!$A$1,'2015-20线路长度'!$B$3:$B$200,Calculation!$A2) -> 50063 | S2: =(SUM(E2:I2)+SUM(K2:R2))/1.609344 -> 1085479.5 | U2: 35 | V2: 2.5 | W2: 15 | X2: =U2*AA2*0.85*1.732/1000 -> 8.4114583 | Y2: =V2*1000/0.8/1.732/$U2 -> 51.550643 | Z2: =W2*1000/0.9/1.732/$U2 -> 274.93676 | AA2: =AVERAGE(Y2:Z2) -> 163.2437 | AB2: 400-600 | AD2: 舟山直流 | AE2: 100 | AF2: 100 | AG2: 500 | AH2: 54 | AJ2: 35 | AK2: 163.2437 | AL2: 100 | AM2: 500
A3: 2016 | B3: =SUMIFS('2015-20线路长度'!S$3:S$200,'2015-20线路长度'!$A$3:$A$200,Calculation!$A$1,'2015-20线路长度'!$B$3:$B$200,Calculation!$A3) -> 1756141 | C3: =SUMIFS('2015-20线路长度'!T$3:T$200,'2015-20线路长度'!$A$3:$A$200,Calculation!$A$1,'2015-20线路长度'!$B$3:$B$200,Calculation!$A3) -> 28808 | D3: =SUMIFS('2015-20线路长度'!U$3:U$200,'2015-20线路长度'!$A$3:$A$200,Calculation!$A$1,'2015-20线路长度'!$B$3:$B$200,Calculation!$A3) -> 0 | E3: =SUMIFS('2015-20线路长度'!V$3:V$200,'2015-20线路长度'!$A$3:$A$200,Calculation!$A$1,'2015-20线路长度'!$B$3:$B$200,Calculation!$A3) -> 12295 | F3: =SUMIFS('2015-20线路长度'!W$3:W$200,'2015-20线路长度'!$A$3:$A$200,Calculation!$A$1,'2015-20线路长度'!$B$3:$B$200,Calculation!$A3) -> 1334 | G3: =SUMIFS('2015-20线路长度'!X$3:X$200,'2015-20线路长度'!$A$3:$A$200,Calculation!$A$1,'2015-20线路长度'!$B$3:$B$200,Calculation!$A3) -> 13539 | H3: =SUMIFS('2015-20线路长度'!Y$3:Y$200,'2015-20线路长度'!$A$3:$A$200,Calculation!$A$1,'2015-20线路长度'!$B$3:$B$200,Calculation!$A3) -> 1640 | I3: =SUMIFS('2015-20线路长度'!Z$3:Z$200,'2015-20线路长度'!$A$3:$A$200,Calculation!$A$1,'2015-20线路长度'!$B$3:$B$200,Calculation!$A3) -> 0 | ... R3: =SUMIFS('2015-20线路长度'!AI$3:AI$200,'2015-20线路长度'!$A$3:$A$200,Calculation!$A$1,'2015-20线路长度'!$B$3:$B$200,Calculation!$A3) -> 57933 | S3: =(SUM(E3:I3)+SUM(K3:R3))/1.609344 -> 1127214.6 | U3: 110 | V3: 10 | W3: 50 | X3: =U3*AA3*0.85*1.732/1000 -> 28.923611 | Y3: =V3*1000/0.8/1.732/$U3 -> 65.60991 | Z3: =W3*1000/0.9/1.732/$U3 -> 291.5996 | AA3: =AVERAGE(Y3:Z3) -> 178.60475 | AB3: 600-1200 | AD3: 灵宝直流 | AE3: 125 | AF3: 750 | AG3: 3000 | AJ3: 110 | AK3: 178.60475 | AL3: 125 | AM3: 3000
A4: 2017 | B4: =SUMIFS('2015-20线路长度'!S$3:S$200,'2015-20线路长度'!$A$3:$A$200,Calculation!$A$1,'2015-20线路长度'!$B$3:$B$200,Calculation!$A4) -> 1825611 | C4: =SUMIFS('2015-20线路长度'!T$3:T$200,'2015-20线路长度'!$A$3:$A$200,Calculation!$A$1,'2015-20线路长度'!$B$3:$B$200,Calculation!$A4) -> 37400 | D4: =SUMIFS('2015-20线路长度'!U$3:U$200,'2015-20线路长度'!$A$3:$A$200,Calculation!$A$1,'2015-20线路长度'!$B$3:$B$200,Calculation!$A4) -> 0 | E4: =SUMIFS('2015-20线路长度'!V$3:V$200,'2015-20线路长度'!$A$3:$A$200,Calculation!$A$1,'2015-20线路长度'!$B$3:$B$200,Calculation!$A4) -> 20874 | F4: =SUMIFS('2015-20线路长度'!W$3:W$200,'2015-20线路长度'!$A$3:$A$200,Calculation!$A$1,'2015-20线路长度'!$B$3:$B$200,Calculation!$A4) -> 1334 | G4: =SUMIFS('2015-20线路长度'!X$3:X$200,'2015-20线路长度'!$A$3:$A$200,Calculation!$A$1,'2015-20线路长度'!$B$3:$B$200,Calculation!$A4) -> 13552 | H4: =SUMIFS('2015-20线路长度'!Y$3:Y$200,'2015-20线路长度'!$A$3:$A$200,Calculation!$A$1,'2015-20线路长度'!$B$3:$B$200,Calculation!$A4) -> 1640 | I4: =SUMIFS('2015-20线路长度'!Z$3:Z$200,'2015-20线路长度'!$A$3:$A$200,Calculation!$A$1,'2015-20线路长度'!$B$3:$B$200,Calculation!$A4) -> 0 | ... R4: =SUMIFS('2015-20线路长度'!AI$3:AI$200,'2015-20线路长度'!$A$3:$A$200,Calculation!$A$1,'2015-20线路长度'!$B$3:$B$200,Calculation!$A4) -> 62760 | S4: =(SUM(E4:I4)+SUM(K4:R4))/1.609344 -> 1173379.3 | U4: 220 | V4: 100 | W4: 500 | X4: =U4*AA4*0.85*1.732/1000 -> 289.23611 | Y4: =V4*1000/0.8/1.732/$U4 -> 328.04955 | Z4: =W4*1000/0.9/1.732/$U4 -> 1457.998 | AA4: =AVERAGE(Y4:Z4) -> 893.02377 | AB4: 600-1200 | AE4: 320 | AF4: 1000 | AG4: =AF4/AE4/2*1000 -> 1562.5 | AJ4: 220 | AK4: 893.02377 | AL4: 320 | AM4: 1562.5
A5: 2018 | B5: =SUMIFS('2015-20线路长度'!S$3:S$200,'2015-20线路长度'!$A$3:$A$200,Calculation!$A$1,'2015-20线路长度'!$B$3:$B$200,Calculation!$A5) -> 1892018 | C5: =SUMIFS('2015-20线路长度'!T$3:T$200,'2015-20线路长度'!$A$3:$A$200,Calculation!$A$1,'2015-20线路长度'!$B$3:$B$200,Calculation!$A5) -> 41995 | D5: =SUMIFS('2015-20线路长度'!U$3:U$200,'2015-20线路长度'!$A$3:$A$200,Calculation!$A$1,'2015-20线路长度'!$B$3:$B$200,Calculation!$A5) -> 608 | E5: =SUMIFS('2015-20线路长度'!V$3:V$200,'2015-20线路长度'!$A$3:$A$200,Calculation!$A$1,'2015-20线路长度'!$B$3:$B$200,Calculation!$A5) -> 21723 | F5: =SUMIFS('2015-20线路长度'!W$3:W$200,'2015-20线路长度'!$A$3:$A$200,Calculation!$A$1,'2015-20线路长度'!$B$3:$B$200,Calculation!$A5) -> 2091 | G5: =SUMIFS('2015-20线路长度'!X$3:X$200,'2015-20线路长度'!$A$3:$A$200,Calculation!$A$1,'2015-20线路长度'!$B$3:$B$200,Calculation!$A5) -> 15428 | H5: =SUMIFS('2015-20线路长度'!Y$3:Y$200,'2015-20线路长度'!$A$3:$A$200,Calculation!$A$1,'2015-20线路长度'!$B$3:$B$200,Calculation!$A5) -> 1640 | I5: =SUMIFS('2015-20线路长度'!Z$3:Z$200,'2015-20线路长度'!$A$3:$A$200,Calculation!$A$1,'2015-20线路长度'!$B$3:$B$200,Calculation!$A5) -> 506 | ... R5: =SUMIFS('2015-20线路长度'!AI$3:AI$200,'2015-20线路长度'!$A$3:$A$200,Calculation!$A$1,'2015-20线路长度'!$B$3:$B$200,Calculation!$A5) -> 62760 | S5: =(SUM(E5:I5)+SUM(K5:R5))/1.609344 -> 1214266.2 | U5: 330 | V5: 200 | W5: 800 | X5: =U5*AA5*0.85*1.732/1000 -> 484.02778 | Y5: =V5*1000/0.8/1.732/$U5 -> 437.3994 | Z5: =W5*1000/0.9/1.732/$U5 -> 1555.1979 | AA5: =AVERAGE(Y5:Z5) -> 996.29863 | AD5: 宝鸡-德阳 | AE5: 500 | AF5: 3000 | AG5: 3000 | AH5: 550 | AJ5: 330 | AK5: 996.29863 | AL5: 500 | AM5: 3000
A6: 2019 | B6: =SUMIFS('2015-20线路长度'!S$3:S$200,'2015-20线路长度'!$A$3:$A$200,Calculation!$A$1,'2015-20线路长度'!$B$3:$B$200,Calculation!$A6) -> 1975312 | C6: =SUMIFS('2015-20线路长度'!T$3:T$200,'2015-20线路长度'!$A$3:$A$200,Calculation!$A$1,'2015-20线路长度'!$B$3:$B$200,Calculation!$A6) -> 42364 | D6: =SUMIFS('2015-20线路长度'!U$3:U$200,'2015-20线路长度'!$A$3:$A$200,Calculation!$A$1,'2015-20线路长度'!$B$3:$B$200,Calculation!$A6) -> 3295 | E6: =SUMIFS('2015-20线路长度'!V$3:V$200,'2015-20线路长度'!$A$3:$A$200,Calculation!$A$1,'2015-20线路长度'!$B$3:$B$200,Calculation!$A6) -> 21907 | F6: =SUMIFS('2015-20线路长度'!W$3:W$200,'2015-20线路长度'!$A$3:$A$200,Calculation!$A$1,'2015-20线路长度'!$B$3:$B$200,Calculation!$A6) -> 1334 | G6: =SUMIFS('2015-20线路长度'!X$3:X$200,'2015-20线路长度'!$A$3:$A$200,Calculation!$A$1,'2015-20线路长度'!$B$3:$B$200,Calculation!$A6) -> 13733 | H6: =SUMIFS('2015-20线路长度'!Y$3:Y$200,'2015-20线路长度'!$A$3:$A$200,Calculation!$A$1,'2015-20线路长度'!$B$3:$B$200,Calculation!$A6) -> 1639 | I6: =SUMIFS('2015-20线路长度'!Z$3:Z$200,'2015-20线路长度'!$A$3:$A$200,Calculation!$A$1,'2015-20线路长度'!$B$3:$B$200,Calculation!$A6) -> 457 | ... R6: =SUMIFS('2015-20线路长度'!AI$3:AI$200,'2015-20线路长度'!$A$3:$A$200,Calculation!$A$1,'2015-20线路长度'!$B$3:$B$200,Calculation!$A6) -> 0 | S6: =(SUM(E6:I6)+SUM(K6:R6))/1.609344 -> 1225355.8 | U6: 500 | V6: 1000 | W6: 1500 | X6: =U6*AA6*0.85*1.732/1000 -> 1239.5833 | Y6: =V6*1000/0.8/1.732/$U6 -> 1443.418 | Z6: =W6*1000/0.9/1.732/$U6 -> 1924.5574 | AA6: =AVERAGE(Y6:Z6) -> 1683.9877 | AB6: 3000 | AD6: 葛沪直流 | AE6: 500 | AF6: 3000 | AG6: 3000 | AH6: 976 | AJ6: 500 | AK6: 1683.9877 | AL6: 500 | AM6: 3000
A7: 2020 | B7: =SUMIFS('2015-20线路长度'!S$3:S$200,'2015-20线路长度'!$A$3:$A$200,Calculation!$A$1,'2015-20线路长度'!$B$3:$B$200,Calculation!$A7) -> 2156170 | C7: =SUMIFS('2015-20线路长度'!T$3:T$200,'2015-20线路长度'!$A$3:$A$200,Calculation!$A$1,'2015-20线路长度'!$B$3:$B$200,Calculation!$A7) -> 46324 | D7: =SUMIFS('2015-20线路长度'!U$3:U$200,'2015-20线路长度'!$A$3:$A$200,Calculation!$A$1,'2015-20线路长度'!$B$3:$B$200,Calculation!$A7) -> 3295 | E7: =SUMIFS('2015-20线路长度'!V$3:V$200,'2015-20线路长度'!$A$3:$A$200,Calculation!$A$1,'2015-20线路长度'!$B$3:$B$200,Calculation!$A7) -> 24980 | F7: =SUMIFS('2015-20线路长度'!W$3:W$200,'2015-20线路长度'!$A$3:$A$200,Calculation!$A$1,'2015-20线路长度'!$B$3:$B$200,Calculation!$A7) -> 1334 | G7: =SUMIFS('2015-20线路长度'!X$3:X$200,'2015-20线路长度'!$A$3:$A$200,Calculation!$A$1,'2015-20线路长度'!$B$3:$B$200,Calculation!$A7) -> 14783 | H7: =SUMIFS('2015-20线路长度'!Y$3:Y$200,'2015-20线路长度'!$A$3:$A$200,Calculation!$A$1,'2015-20线路长度'!$B$3:$B$200,Calculation!$A7) -> 1639 | I7: =SUMIFS('2015-20线路长度'!Z$3:Z$200,'2015-20线路长度'!$A$3:$A$200,Calculation!$A$1,'2015-20线路长度'!$B$3:$B$200,Calculation!$A7) -> 293 | ... R7: =SUMIFS('2015-20线路长度'!AI$3:AI$200,'2015-20线路长度'!$A$3:$A$200,Calculation!$A$1,'2015-20线路长度'!$B$3:$B$200,Calculation!$A7) -> 0 | S7: =(SUM(E7:I7)+SUM(K7:R7))/1.609344 -> 1337734.5 | U7: 765 | V7: 2000 | W7: 2500 | X7: =U7*AA7*0.85*1.732/1000 -> 2243.0556 | Y7: =V7*1000/0.8/1.732/$U7 -> 1886.8209 | Z7: =W7*1000/0.9/1.732/$U7 -> 2096.4677 | AA7: =AVERAGE(Y7:Z7) -> 1991.6443 | AD7: 宁东-山东 | AE7: 500 | AF7: 3000 | AG7: 3000 | AH7: 1043 | AJ7: 765 | AK7: 1991.6443 | AL7: 500 | AM7: 3000
S8: MW*miles | U8: 1100 | X8: =1.732*U8*AA8/1000*0.9 -> 4286.7 | AA8: 2500 | AD8: 呼盟-辽宁 | AE8: 500 | AF8: 3000 | AG8: 3000 | AH8: 908 | AJ8: 1100 | AK8: 2500 | AL8: 500 | AM8: 3000
A9: 2015 | B9: =C9+J9 -> 816242.06 | C9: =SUM(D9:I9) -> 23780.734 | D9: =Calculation!D2*VLOOKUP(Calculation!D$1,'Capacity by Linetype'!$O$3:$R$12,4,FALSE) -> 0 | E9: =Calculation!E2*VLOOKUP(Calculation!E$1,'Capacity by Linetype'!$O$3:$R$12,4,FALSE) -> 11314.269 | F9: =Calculation!F2*AVERAGE(I$16,K$16) -> 1289.6989 | G9: =Calculation!G2*VLOOKUP(Calculation!G$1,'Capacity by Linetype'!$O$3:$R$12,4,FALSE) -> 10225.181 | H9: =Calculation!H2*VLOOKUP(Calculation!H$1,'Capacity by Linetype'!$O$3:$R$12,4,FALSE) -> 951.58503 | I9: =Calculation!I2*VLOOKUP(Calculation!H$1,'Capacity by Linetype'!$O$3:$R$12,4,FALSE)*0.5 -> 0 | J9: =SUM(K9:Q9) -> 792461.33 | K9: =Calculation!K2*VLOOKUP(Calculation!K$1,'Capacity by Linetype'!$O$3:$R$12,4,FALSE) -> 3563.4879 | L9: =Calculation!L2*VLOOKUP(Calculation!L$1,'Capacity by Linetype'!$O$3:$R$12,4,FALSE) -> 17482.997 | M9: =Calculation!M2*VLOOKUP(Calculation!M$1,'Capacity by Linetype'!$O$3:$R$12,4,FALSE) -> 162562.95 | N9: =Calculation!N2*VLOOKUP(Calculation!N$1,'Capacity by Linetype'!$O$3:$R$12,4,FALSE) -> 11700.462 | O9: =Calculation!O2*VLOOKUP(Calculation!O$1,'Capacity by Linetype'!$O$3:$R$12,4,FALSE) -> 187583.94 | P9: =Calculation!P2*VLOOKUP(Calculation!P$1,'Capacity by Linetype'!$O$3:$R$12,4,FALSE) -> 241699.54 | Q9: =Calculation!Q2*VLOOKUP(Calculation!Q$1,'Capacity by Linetype'!$O$3:$R$13,4,FALSE) -> 167867.96 | S9: =(SUM(E9:I9)+SUM(K9:R9))*10/1.609344 -> 5071893.1 | AD9: 葛洲坝-上海 | AE9: 500 | AF9: 1200 | AG9: 1200 | AH9: 1064 | AL9: 500 | AM9: 1200
A10: 2016 | B10: =C10+J10 -> 853175.59 | C10: =SUM(D10:I10) -> 27048.59 | D10: =Calculation!D3*VLOOKUP(Calculation!D$1,'Capacity by Linetype'!$O$3:$R$12,4,FALSE) -> 0 | E10: =Calculation!E3*VLOOKUP(Calculation!E$1,'Capacity by Linetype'!$O$3:$R$12,4,FALSE) -> 13148.293 | F10: =Calculation!F3*AVERAGE(I$16,K$16) -> 1287.7683 | G10: =Calculation!G3*VLOOKUP(Calculation!G$1,'Capacity by Linetype'!$O$3:$R$12,4,FALSE) -> 11660.944 | H10: =Calculation!H3*VLOOKUP(Calculation!H$1,'Capacity by Linetype'!$O$3:$R$12,4,FALSE) -> 951.58503 | I10: =Calculation!I3*VLOOKUP(Calculation!H$1,'Capacity by Linetype'!$O$3:$R$12,4,FALSE)*0.5 -> 0 | J10: =SUM(K10:Q10) -> 826127 | K10: =Calculation!K3*VLOOKUP(Calculation!K$1,'Capacity by Linetype'!$O$3:$R$12,4,FALSE) -> 8290.7739 | L10: =Calculation!L3*VLOOKUP(Calculation!L$1,'Capacity by Linetype'!$O$3:$R$12,4,FALSE) -> 20053.27 | M10: =Calculation!M3*VLOOKUP(Calculation!M$1,'Capacity by Linetype'!$O$3:$R$12,4,FALSE) -> 170694.54 | N10: =Calculation!N3*VLOOKUP(Calculation!N$1,'Capacity by Linetype'!$O$3:$R$12,4,FALSE) -> 12379.072 | O10: =Calculation!O3*VLOOKUP(Calculation!O$1,'Capacity by Linetype'!$O$3:$R$12,4,FALSE) -> 195938.15 | P10: =Calculation!P3*VLOOKUP(Calculation!P$1,'Capacity by Linetype'!$O$3:$R$12,4,FALSE) -> 249785.92 | Q10: =Calculation!Q3*VLOOKUP(Calculation!Q$1,'Capacity by Linetype'!$O$3:$R$13,4,FALSE) -> 168985.28 | S10: =(SUM(E10:I10)+SUM(K10:R10))*10/1.609344 -> 5301387.3 | AD10: 三常直流 | AE10: 500 | AF10: 3000 | AG10: 3000 | AH10: 962 | AL10: 500 | AM10: 3000
A11: 2017 | B11: =C11+J11 -> 895772.07 | C11: =SUM(D11:I11) -> 36234.183 | D11: =Calculation!D4*VLOOKUP(Calculation!D$1,'Capacity by Linetype'!$O$3:$R$12,4,FALSE) -> 0 | E11: =Calculation!E4*VLOOKUP(Calculation!E$1,'Capacity by Linetype'!$O$3:$R$12,4,FALSE) -> 22322.689 | F11: =Calculation!F4*AVERAGE(I$16,K$16) -> 1287.7683 | G11: =Calculation!G4*VLOOKUP(Calculation!G$1,'Capacity by Linetype'!$O$3:$R$12,4,FALSE) -> 11672.14 | H11: =Calculation!H4*VLOOKUP(Calculation!H$1,'Capacity by Linetype'!$O$3:$R$12,4,FALSE) -> 951.58503 | I11: =Calculation!I4*VLOOKUP(Calculation!H$1,'Capacity by Linetype'!$O$3:$R$12,4,FALSE)*0.5 -> 0 | J11: =SUM(K11:Q11) -> 859537.89 | K11: =Calculation!K4*VLOOKUP(Calculation!K$1,'Capacity by Linetype'!$O$3:$R$12,4,FALSE) -> 11526.979 | L11: =Calculation!L4*VLOOKUP(Calculation!L$1,'Capacity by Linetype'!$O$3:$R$12,4,FALSE) -> 21015.31 | M11: =Calculation!M4*VLOOKUP(Calculation!M$1,'Capacity by Linetype'!$O$3:$R$12,4,FALSE) -> 178819.96 | N11: =Calculation!N4*VLOOKUP(Calculation!N$1,'Capacity by Linetype'!$O$3:$R$12,4,FALSE) -> 13172.021 | O11: =Calculation!O4*VLOOKUP(Calculation!O$1,'Capacity by Linetype'!$O$3:$R$12,4,FALSE) -> 204949.67 | P11: =Calculation!P4*VLOOKUP(Calculation!P$1,'Capacity by Linetype'!$O$3:$R$12,4,FALSE) -> 257927.86 | Q11: =Calculation!Q4*VLOOKUP(Calculation!Q$1,'Capacity by Linetype'!$O$3:$R$13,4,FALSE) -> 172126.09 | S11: =(SUM(E11:I11)+SUM(K11:R11))*10/1.609344 -> 5566069.6 | AD11: 银东直流 | AE11: 660 | AF11: 4000 | AG11: =AF11/AE11/2*1000 -> 3030.303 | AL11: 660 | AM11: 3030.303
A12: 2018 | B12: =C12+J12 -> 935765.72 | C12: =SUM(D12:I12) -> 39958.713 | D12: =Calculation!D5*VLOOKUP(Calculation!D$1,'Capacity by Linetype'!$O$3:$R$12,4,FALSE) -> 323.27198 | E12: =Calculation!E5*VLOOKUP(Calculation!E$1,'Capacity by Linetype'!$O$3:$R$12,4,FALSE) -> 23230.611 | F12: =Calculation!F5*AVERAGE(I$16,K$16) -> 2018.5333 | G12: =Calculation!G5*VLOOKUP(Calculation!G$1,'Capacity by Linetype'!$O$3:$R$12,4,FALSE) -> 13287.912 | H12: =Calculation!H5*VLOOKUP(Calculation!H$1,'Capacity by Linetype'!$O$3:$R$12,4,FALSE) -> 951.58503 | I12: =Calculation!I5*VLOOKUP(Calculation!H$1,'Capacity by Linetype'!$O$3:$R$12,4,FALSE)*0.5 -> 146.7994 | J12: =SUM(K12:Q12) -> 895807 | K12: =Calculation!K5*VLOOKUP(Calculation!K$1,'Capacity by Linetype'!$O$3:$R$12,4,FALSE) -> 11896.603 | L12: =Calculation!L5*VLOOKUP(Calculation!L$1,'Capacity by Linetype'!$O$3:$R$12,4,FALSE) -> 22927.111 | M12: =Calculation!M5*VLOOKUP(Calculation!M$1,'Capacity by Linetype'!$O$3:$R$12,4,FALSE) -> 192595.92 | N12: =Calculation!N5*VLOOKUP(Calculation!N$1,'Capacity by Linetype'!$O$3:$R$12,4,FALSE) -> 13300.324 | O12: =Calculation!O5*VLOOKUP(Calculation!O$1,'Capacity by Linetype'!$O$3:$R$12,4,FALSE) -> 214415.7 | P12: =Calculation!P5*VLOOKUP(Calculation!P$1,'Capacity by Linetype'!$O$3:$R$12,4,FALSE) -> 266723.44 | Q12: =Calculation!Q5*VLOOKUP(Calculation!Q$1,'Capacity by Linetype'!$O$3:$R$13,4,FALSE) -> 173947.91 | S12: =(SUM(E12:I12)+SUM(K12:R12))*10/1.609344 -> 5812569.9 | AD12: 锦屏-苏南 | AE12: 800 | AF12: 6400 | AG12: 4000 | AH12: 2093 | AL12: 800 | AM12: 4000
A13: 2019 | B13: =C13+J13 -> 977101.95 | C13: =SUM(D13:I13) -> 39378.713 | D13: =Calculation!D6*VLOOKUP(Calculation!D$1,'Capacity by Linetype'!$O$3:$R$12,4,FALSE) -> 1751.9427 | E13: =Calculation!E6*VLOOKUP(Calculation!E$1,'Capacity by Linetype'!$O$3:$R$12,4,FALSE) -> 23427.381 | F13: =Calculation!F6*AVERAGE(I$16,K$16) -> 1287.7683 | G13: =Calculation!G6*VLOOKUP(Calculation!G$1,'Capacity by Linetype'!$O$3:$R$12,4,FALSE) -> 11828.033 | H13: =Calculation!H6*VLOOKUP(Calculation!H$1,'Capacity by Linetype'!$O$3:$R$12,4,FALSE) -> 951.00479 | I13: =Calculation!I6*VLOOKUP(Calculation!H$1,'Capacity by Linetype'!$O$3:$R$12,4,FALSE)*0.5 -> 132.58365 | J13: =SUM(K13:Q13) -> 937723.23 | K13: =Calculation!K6*VLOOKUP(Calculation!K$1,'Capacity by Linetype'!$O$3:$R$12,4,FALSE) -> 12441.31 | L13: =Calculation!L6*VLOOKUP(Calculation!L$1,'Capacity by Linetype'!$O$3:$R$12,4,FALSE) -> 25954.968 | M13: =Calculation!M6*VLOOKUP(Calculation!M$1,'Capacity by Linetype'!$O$3:$R$12,4,FALSE) -> 201320.25 | N13: =Calculation!N6*VLOOKUP(Calculation!N$1,'Capacity by Linetype'!$O$3:$R$12,4,FALSE) -> 14102 | O13: =Calculation!O6*VLOOKUP(Calculation!O$1,'Capacity by Linetype'!$O$3:$R$12,4,FALSE) -> 224330.79 | P13: =Calculation!P6*VLOOKUP(Calculation!P$1,'Capacity by Linetype'!$O$3:$R$12,4,FALSE) -> 279598.16 | Q13: =Calculation!Q6*VLOOKUP(Calculation!Q$1,'Capacity by Linetype'!$O$3:$R$13,4,FALSE) -> 179975.75 | S13: =(SUM(E13:I13)+SUM(K13:R13))*10/1.609344 -> 6060544 | AD13: 云南-广东 | AE13: 800 | AF13: 5000 | AG13: 3200 | AL13: 800 | AM13: 3200
A14: 2020 | B14: =C14+J14 -> 1060095.4 | C14: =SUM(D14:I14) -> 43521.755 | D14: =Calculation!D7*VLOOKUP(Calculation!D$1,'Capacity by Linetype'!$O$3:$R$12,4,FALSE) -> 1751.9427 | E14: =Calculation!E7*VLOOKUP(Calculation!E$1,'Capacity by Linetype'!$O$3:$R$12,4,FALSE) -> 26713.652 | F14: =Calculation!F7*AVERAGE(I$16,K$16) -> 1287.7683 | G14: =Calculation!G7*VLOOKUP(Calculation!G$1,'Capacity by Linetype'!$O$3:$R$12,4,FALSE) -> 12732.383 | H14: =Calculation!H7*VLOOKUP(Calculation!H$1,'Capacity by Linetype'!$O$3:$R$12,4,FALSE) -> 951.00479 | I14: =Calculation!I7*VLOOKUP(Calculation!H$1,'Capacity by Linetype'!$O$3:$R$12,4,FALSE)*0.5 -> 85.004394 | J14: =SUM(K14:Q14) -> 1016573.6 | K14: =Calculation!K7*VLOOKUP(Calculation!K$1,'Capacity by Linetype'!$O$3:$R$12,4,FALSE) -> 15289.583 | L14: =Calculation!L7*VLOOKUP(Calculation!L$1,'Capacity by Linetype'!$O$3:$R$12,4,FALSE) -> 27952.705 | M14: =Calculation!M7*VLOOKUP(Calculation!M$1,'Capacity by Linetype'!$O$3:$R$12,4,FALSE) -> 208957.9 | N14: =Calculation!N7*VLOOKUP(Calculation!N$1,'Capacity by Linetype'!$O$3:$R$12,4,FALSE) -> 15971.124 | O14: =Calculation!O7*VLOOKUP(Calculation!O$1,'Capacity by Linetype'!$O$3:$R$12,4,FALSE) -> 241088.55 | P14: =Calculation!P7*VLOOKUP(Calculation!P$1,'Capacity by Linetype'!$O$3:$R$12,4,FALSE) -> 307442.12 | Q14: =Calculation!Q7*VLOOKUP(Calculation!Q$1,'Capacity by Linetype'!$O$3:$R$13,4,FALSE) -> 199871.62 | S14: =(SUM(E14:I14)+SUM(K14:R14))*10/1.609344 -> 6576241.1 | AD14: 向家坝-上海 | AE14: 800 | AF14: 6400 | AG14: 4000 | AH14: 2000 | AL14: 800 | AM14: 4000
AD15: 滇西北-广东 | AE15: 800 | AF15: =AE15*AG15*2/1000 -> 5000 | AG15: 3125 | AL15: 800 | AM15: 3125
E16: 1 | G16: 1 | I16: =Calculation!E16*VLOOKUP(Calculation!E$1,'Capacity by Linetype'!$O$3:$R$12,4,FALSE) -> 1.0694016 | K16: =Calculation!G16*VLOOKUP(Calculation!G$1,'Capacity by Linetype'!$O$3:$R$12,4,FALSE) -> 0.86128544
A37: Year | B37: 2015 | C37: 2016 | D37: 2017 | E37: 2018 | F37: 2019 | G37: 2020 | H37: 2021 | I37: 2022 | J37: 2023 | K37: 2024 | L37: 2025 | M37: 2026 | N37: 2027 | O37: 2028 | P37: 2029 | Q37: 2030 | R37: 2031 | S37: 2032 | T37: 2033 | U37: 2034 | V37: 2035 | W37: 2036 | X37: 2037 | Y37: 2038 | Z37: 2039 | AA37: 2040 | AB37: 2041 | AC37: 2042 | AD37: 2043 | AE37: 2044 | AF37: 2045 | AG37: 2046 | AH37: 2047 | AI37: 2048 | AJ37: 2049 | AK37: 2050 | AL37: 2051 | AM37: 2052 | AN37: 2053 | AO37: 2054 | AP37: 2055 | AQ37: 2056 | AR37: 2057 | AS37: 2058 | AT37: 2059 | AU37: 2060
A38: Transmission Capacity | B38: {=TRANSPOSE(S9:S14)} -> 5071893.1 | C38: 5301387.3 | D38: 5566069.6 | E38: 5812569.9 | F38: 6060544 | G38: 6576241.1
A39: Power Generation | B39: 57400 | C39: 60228 | D39: 64529 | E39: 69947 | F39: 73269 | G39: 76264
A40: Generation Capacity | B40: 152527 | C40: 165051 | D40: 178451 | E40: 190012 | F40: 201006 | G40: 220204
A41: BAU Power Generation | H41: =SUM('BAU Generation'!B2:B49)/10^5 -> 83927.138 | I41: =SUM('BAU Generation'!C2:C49)/10^5 -> 86271.975 | J41: =SUM('BAU Generation'!D2:D49)/10^5 -> 88548.427 | K41: =SUM('BAU Generation'!E2:E49)/10^5 -> 90708.261 | L41: =SUM('BAU Generation'!F2:F49)/10^5 -> 92785.167 | M41: =SUM('BAU Generation'!G2:G49)/10^5 -> 94890.311 | N41: =SUM('BAU Generation'!H2:H49)/10^5 -> 97245.297 | O41: =SUM('BAU Generation'!I2:I49)/10^5 -> 99523.036 | ... AU41: =SUM('BAU Generation'!AO2:AO49)/10^5 -> 152318.85
A42: BAU Capacity | H42: =SUM('BAU Capacity'!B2:B49)/10 -> 222562 | I42: =SUM('BAU Capacity'!C2:C49)/10 -> 234873.6 | J42: =SUM('BAU Capacity'!D2:D49)/10 -> 239754 | K42: =SUM('BAU Capacity'!E2:E49)/10 -> 245220.7 | L42: =SUM('BAU Capacity'!F2:F49)/10 -> 251474.7 | M42: =SUM('BAU Capacity'!G2:G49)/10 -> 258434.8 | N42: =SUM('BAU Capacity'!H2:H49)/10 -> 266550.6 | O42: =SUM('BAU Capacity'!I2:I49)/10 -> 274809.8 | ... AU42: =SUM('BAU Capacity'!AO2:AO49)/10 -> 790553.6
A43: Forecasted BTC1 | H43: {=FORECAST(H41,$B38:$G38,$B39:$G39)} -> 6940594 | I43: {=FORECAST(I41,$B38:$G38,$B39:$G39)} -> 7107494.3 | J43: {=FORECAST(J41,$B38:$G38,$B39:$G39)} -> 7269527.2 | K43: {=FORECAST(K41,$B38:$G38,$B39:$G39)} -> 7423259.5 | L43: {=FORECAST(L41,$B38:$G38,$B39:$G39)} -> 7571089.2 | M43: {=FORECAST(M41,$B38:$G38,$B39:$G39)} -> 7720928.7 | N43: {=FORECAST(N41,$B38:$G38,$B39:$G39)} -> 7888551.5 | O43: {=FORECAST(O41,$B38:$G38,$B39:$G39)} -> 8050676.1 | ... AU43: {=FORECAST(AU41,$B38:$G38,$B39:$G39)} -> 11808567
A44: Forecasted BTC2 | H44: {=FORECAST(H42,$B38:$G38,$B40:$G40)} -> 6570043.3 | I44: {=FORECAST(I42,$B38:$G38,$B40:$G40)} -> 6841594.3 | J44: {=FORECAST(J42,$B38:$G38,$B40:$G40)} -> 6949238.9 | K44: {=FORECAST(K42,$B38:$G38,$B40:$G40)} -> 7069815.3 | L44: {=FORECAST(L42,$B38:$G38,$B40:$G40)} -> 7207756.7 | M44: {=FORECAST(M42,$B38:$G38,$B40:$G40)} -> 7361272.3 | N44: {=FORECAST(N42,$B38:$G38,$B40:$G40)} -> 7540278.6 | O44: {=FORECAST(O42,$B38:$G38,$B40:$G40)} -> 7722447.7 | ... AU44: {=FORECAST(AU42,$B38:$G38,$B40:$G40)} -> 19097960
A46: Year | B46: 2015 | C46: 2016 | D46: 2017 | E46: 2018 | F46: 2019 | G46: 2020 | H46: 2021 | I46: 2022 | J46: 2023 | K46: 2024 | L46: 2025 | M46: 2026 | N46: 2027 | O46: 2028 | P46: 2029 | Q46: 2030 | R46: 2031 | S46: 2032 | T46: 2033 | U46: 2034 | V46: 2035 | W46: 2036 | X46: 2037 | Y46: 2038 | Z46: 2039 | AA46: 2040 | AB46: 2041 | AC46: 2042 | AD46: 2043 | AE46: 2044 | AF46: 2045 | AG46: 2046 | AH46: 2047 | AI46: 2048 | AJ46: 2049 | AK46: 2050 | AL46: 2051 | AM46: 2052 | AN46: 2053 | AO46: 2054 | AP46: 2055 | AQ46: 2056 | AR46: 2057 | AS46: 2058 | AT46: 2059 | AU46: 2060
A47: Transmission Capacity | B47: =B38 -> 5071893.1 | C47: =C38 -> 5301387.3 | D47: =D38 -> 5566069.6 | E47: =E38 -> 5812569.9 | F47: =F38 -> 6060544 | G47: =G38 -> 6576241.1
A48: Forecasted BTC1 | G48: =MAX($G$38,G43) -> 6576241.1 | H48: =MAX($G$38,H43) -> 6940594 | I48: =MAX($G$38,I43) -> 7107494.3 | J48: =MAX($G$38,J43) -> 7269527.2 | K48: =MAX($G$38,K43) -> 7423259.5 | L48: =MAX($G$38,L43) -> 7571089.2 | M48: =MAX($G$38,M43) -> 7720928.7 | N48: =MAX($G$38,N43) -> 7888551.5 | ... AU48: =MAX($G$38,AU43) -> 11808567
A49: Forecasted BTC2 | G49: =MAX($G$38,G44) -> 6576241.1 | H49: =MAX($G$38,H44) -> 6576241.1 | I49: =MAX($G$38,I44) -> 6841594.3 | J49: =MAX($G$38,J44) -> 6949238.9 | K49: =MAX($G$38,K44) -> 7069815.3 | L49: =MAX($G$38,L44) -> 7207756.7 | M49: =MAX($G$38,M44) -> 7361272.3 | N49: =MAX($G$38,N44) -> 7540278.6 | ... AU49: =MAX($G$38,AU44) -> 19097960

Sheet BAU Capacity
A1: Time (Time) | B1: 2021 | C1: 2022 | D1: 2023 | E1: 2024 | F1: 2025 | G1: 2026 | H1: 2027 | I1: 2028 | J1: 2029 | K1: 2030 | L1: 2031 | M1: 2032 | N1: 2033 | O1: 2034 | P1: 2035 | Q1: 2036 | R1: 2037 | S1: 2038 | T1: 2039 | U1: 2040 | V1: 2041 | W1: 2042 | X1: 2043 | Y1: 2044 | Z1: 2045 | AA1: 2046 | AB1: 2047 | AC1: 2048 | AD1: 2049 | AE1: 2050 | AF1: 2051 | AG1: 2052 | AH1: 2053 | AI1: 2054 | AJ1: 2055 | AK1: 2056 | AL1: 2057 | AM1: 2058 | AN1: 2059 | AO1: 2060
A2: Electricity Generation Capacity[hard coal es,preexisting retiring] : MostRecentRun | B2: 1036580 | C2: 1027810 | D2: 1015160 | E2: 1002520 | F2: 989880 | G2: 977238 | H2: 964596 | I2: 953502 | J2: 942924 | K2: 928734 | L2: 911706 | M2: 898290 | N2: 880746 | O2: 866556 | P2: 851592 | Q2: 835854 | R2: 798960 | S2: 778320 | T2: 752520 | U2: 703500 | V2: 616038 | W2: 551538 | X2: 491166 | Y2: 427956 | Z2: 372486 | AA2: 315984 | AB2: 268254 | AC2: 233940 | AD2: 199110 | AE2: 145188 | AF2: 107004 | AG2: 72174 | AH2: 41730 | AI2: 10770 | AJ2: 0 | AK2: 0 | AL2: 0 | AM2: 0 | AN2: 0 | AO2: 0
A3: Electricity Generation Capacity[hard coal es,preexisting nonretiring] : MostRecentRun | B3: 0 | C3: 0 | D3: 0 | E3: 0 | F3: 0 | G3: 0 | H3: 0 | I3: 0 | J3: 0 | K3: 0 | L3: 0 | M3: 0 | N3: 0 | O3: 0 | P3: 0 | Q3: 0 | R3: 0 | S3: 0 | T3: 0 | U3: 0 | V3: 0 | W3: 0 | X3: 0 | Y3: 0 | Z3: 0 | AA3: 0 | AB3: 0 | AC3: 0 | AD3: 0 | AE3: 0 | AF3: 0 | AG3: 0 | AH3: 0 | AI3: 0 | AJ3: 0 | AK3: 0 | AL3: 0 | AM3: 0 | AN3: 0 | AO3: 0
A4: Electricity Generation Capacity[hard coal es,newly built] : MostRecentRun | B4: 29412 | C4: 55986 | D4: 79722 | E4: 101136 | F4: 120228 | G4: 136998 | H4: 151446 | I4: 163572 | J4: 173376 | K4: 180858 | L4: 186018 | M4: 188598 | N4: 188856 | O4: 189114 | P4: 189372 | Q4: 189630 | R4: 189888 | S4: 190146 | T4: 190404 | U4: 190662 | V4: 191178 | W4: 192210 | X4: 193242 | Y4: 194274 | Z4: 195048 | AA4: 195822 | AB4: 196596 | AC4: 197370 | AD4: 198144 | AE4: 198918 | AF4: 199434 | AG4: 199950 | AH4: 200466 | AI4: 200982 | AJ4: 173826 | AK4: 145188 | AL4: 119130 | AM4: 96684 | AN4: 76560 | AO4: 58500
A5: Electricity Generation Capacity[natural gas nonpeaker es,preexisting retiring] : MostRecentRun | B5: 69804 | C5: 69804 | D5: 69804 | E5: 69804 | F5: 69804 | G5: 69804 | H5: 69804 | I5: 69804 | J5: 69804 | K5: 69804 | L5: 69804 | M5: 69804 | N5: 69804 | O5: 68880 | P5: 68880 | Q5: 68880 | R5: 67956 | S5: 67648 | T5: 66416 | U5: 62104 | V5: 58254 | W5: 54250 | X5: 52094 | Y5: 51324 | Z5: 50554 | AA5: 49014 | AB5: 47320 | AC5: 44240 | AD5: 37772 | AE5: 32998 | AF5: 31612 | AG5: 27762 | AH5: 21602 | AI5: 17290 | AJ5: 11592 | AK5: 6202 | AL5: 1428 | AM5: 0 | AN5: 0 | AO5: 0
A6: Electricity Generation Capacity[natural gas nonpeaker es,preexisting nonretiring] : MostRecentRun | B6: 0 | C6: 0 | D6: 0 | E6: 0 | F6: 0 | G6: 0 | H6: 0 | I6: 0 | J6: 0 | K6: 0 | L6: 0 | M6: 0 | N6: 0 | O6: 0 | P6: 0 | Q6: 0 | R6: 0 | S6: 0 | T6: 0 | U6: 0 | V6: 0 | W6: 0 | X6: 0 | Y6: 0 | Z6: 0 | AA6: 0 | AB6: 0 | AC6: 0 | AD6: 0 | AE6: 0 | AF6: 0 | AG6: 0 | AH6: 0 | AI6: 0 | AJ6: 0 | AK6: 0 | AL6: 0 | AM6: 0 | AN6: 0 | AO6: 0
A7: Electricity Generation Capacity[natural gas nonpeaker es,newly built] : MostRecentRun | B7: 1386 | C7: 2618 | D7: 5852 | E7: 9548 | F7: 10626 | G7: 10780 | H7: 10780 | I7: 10780 | J7: 10780 | K7: 10780 | L7: 10780 | M7: 10780 | N7: 10780 | O7: 10780 | P7: 10780 | Q7: 10780 | R7: 10780 | S7: 10780 | T7: 10780 | U7: 10780 | V7: 10780 | W7: 10780 | X7: 10780 | Y7: 10780 | Z7: 10780 | AA7: 10780 | AB7: 10780 | AC7: 10780 | AD7: 10780 | AE7: 10780 | AF7: 10780 | AG7: 10780 | AH7: 10780 | AI7: 10780 | AJ7: 10780 | AK7: 10780 | AL7: 10780 | AM7: 658 | AN7: 0 | AO7: 0
A8: Electricity Generation Capacity[nuclear es,preexisting retiring] : MostRecentRun | B8: 49890 | C8: 49890 | D8: 49890 | E8: 49890 | F8: 49890 | G8: 49890 | H8: 49890 | I8: 49890 | J8: 49890 | K8: 49890 | L8: 49890 | M8: 49890 | N8: 49890 | O8: 49890 | P8: 49890 | Q8: 49890 | R8: 49890 | S8: 49890 | T8: 49890 | U8: 49890 | V8: 49890 | W8: 49890 | X8: 49890 | Y8: 49890 | Z8: 49890 | AA8: 49890 | AB8: 49890 | AC8: 49890 | AD8: 49890 | AE8: 49890 | AF8: 49890 | AG8: 49890 | AH8: 49890 | AI8: 49890 | AJ8: 49890 | AK8: 49890 | AL8: 49890 | AM8: 49890 | AN8: 49890 | AO8: 49890
A9: Electricity Generation Capacity[nuclear es,preexisting nonretiring] : MostRecentRun | B9: 0 | C9: 0 | D9: 0 | E9: 0 | F9: 0 | G9: 0 | H9: 0 | I9: 0 | J9: 0 | K9: 0 | L9: 0 | M9: 0 | N9: 0 | O9: 0 | P9: 0 | Q9: 0 | R9: 0 | S9: 0 | T9: 0 | U9: 0 | V9: 0 | W9: 0 | X9: 0 | Y9: 0 | Z9: 0 | AA9: 0 | AB9: 0 | AC9: 0 | AD9: 0 | AE9: 0 | AF9: 0 | AG9: 0 | AH9: 0 | AI9: 0 | AJ9: 0 | AK9: 0 | AL9: 0 | AM9: 0 | AN9: 0 | AO9: 0
A10: Electricity Generation Capacity[nuclear es,newly built] : MostRecentRun | B10: 4000 | C10: 5500 | D10: 8500 | E10: 10000 | F10: 12500 | G10: 18500 | H10: 25000 | I10: 30500 | J10: 36000 | K10: 36500 | L10: 37000 | M10: 37500 | N10: 38000 | O10: 38500 | P10: 39000 | Q10: 39500 | R10: 40000 | S10: 40500 | T10: 41000 | U10: 41500 | V10: 42500 | W10: 44500 | X10: 46000 | Y10: 47500 | Z10: 49000 | AA10: 50500 | AB10: 52000 | AC10: 53000 | AD10: 54000 | AE10: 55500 | AF10: 56500 | AG10: 57500 | AH10: 58500 | AI10: 59500 | AJ10: 60500 | AK10: 61000 | AL10: 62000 | AM10: 62500 | AN10: 63000 | AO10: 63500
A11: Electricity Generation Capacity[hydro es,preexisting retiring] : MostRecentRun | B11: 338790 | C11: 338790 | D11: 338790 | E11: 338790 | F11: 338790 | G11: 338790 | H11: 338790 | I11: 338790 | J11: 338790 | K11: 338790 | L11: 338790 | M11: 338790 | N11: 338790 | O11: 338790 | P11: 338790 | Q11: 338790 | R11: 338790 | S11: 338790 | T11: 338790 | U11: 338790 | V11: 338790 | W11: 338790 | X11: 338790 | Y11: 338790 | Z11: 338790 | AA11: 338790 | AB11: 338790 | AC11: 338790 | AD11: 338790 | AE11: 338790 | AF11: 338790 | AG11: 338790 | AH11: 338790 | AI11: 338790 | AJ11: 338790 | AK11: 338790 | AL11: 338790 | AM11: 338790 | AN11: 338790 | AO11: 338790
A12: Electricity Generation Capacity[hydro es,preexisting nonretiring] : MostRecentRun | B12: 0 | C12: 0 | D12: 0 | E12: 0 | F12: 0 | G12: 0 | H12: 0 | I12: 0 | J12: 0 | K12: 0 | L12: 0 | M12: 0 | N12: 0 | O12: 0 | P12: 0 | Q12: 0 | R12: 0 | S12: 0 | T12: 0 | U12: 0 | V12: 0 | W12: 0 | X12: 0 | Y12: 0 | Z12: 0 | AA12: 0 | AB12: 0 | AC12: 0 | AD12: 0 | AE12: 0 | AF12: 0 | AG12: 0 | AH12: 0 | AI12: 0 | AJ12: 0 | AK12: 0 | AL12: 0 | AM12: 0 | AN12: 0 | AO12: 0
... A49: Electricity Generation Capacity[municipal solid waste es,newly built] : MostRecentRun | B49: 6412 | C49: 12194 | D49: 12194 | E49: 12208 | F49: 12236 | G49: 12264 | H49: 12306 | I49: 12334 | J49: 12362 | K49: 12404 | L49: 12446 | M49: 12488 | N49: 12530 | O49: 12572 | P49: 12614 | Q49: 12656 | R49: 12698 | S49: 12726 | T49: 12768 | U49: 12824 | V49: 12894 | W49: 13006 | X49: 13118 | Y49: 13230 | Z49: 13328 | AA49: 13426 | AB49: 13510 | AC49: 13580 | AD49: 13650 | AE49: 13734 | AF49: 13790 | AG49: 13860 | AH49: 13916 | AI49: 13972 | AJ49: 14042 | AK49: 14098 | AL49: 14154 | AM49: 14210 | AN49: 14252 | AO49: 14294

Sheet BAU Generation
A1: Time (Time) | B1: 2021 | C1: 2022 | D1: 2023 | E1: 2024 | F1: 2025 | G1: 2026 | H1: 2027 | I1: 2028 | J1: 2029 | K1: 2030 | L1: 2031 | M1: 2032 | N1: 2033 | O1: 2034 | P1: 2035 | Q1: 2036 | R1: 2037 | S1: 2038 | T1: 2039 | U1: 2040 | V1: 2041 | W1: 2042 | X1: 2043 | Y1: 2044 | Z1: 2045 | AA1: 2046 | AB1: 2047 | AC1: 2048 | AD1: 2049 | AE1: 2050 | AF1: 2051 | AG1: 2052 | AH1: 2053 | AI1: 2054 | AJ1: 2055 | AK1: 2056 | AL1: 2057 | AM1: 2058 | AN1: 2059 | AO1: 2060
A2: Electricity Generation by Type[hard coal es,preexisting retiring] : MostRecentRun | B2: 4757130000 | C2: 4647110000 | D2: 4618110000 | E2: 4591450000 | F2: 4548600000 | G2: 4492000000 | H2: 4435960000 | I2: 4385540000 | J2: 4338070000 | K2: 4275870000 | L2: 4199460000 | M2: 4138840000 | N2: 4060470000 | O2: 3995540000 | P2: 3928490000 | Q2: 3857730000 | R2: 3691930000 | S2: 3598540000 | T2: 3480450000 | U2: 3255310000 | V2: 2857460000 | W2: 2564240000 | X2: 2293640000 | Y2: 2011600000 | Z2: 1763670000 | AA2: 1508110000 | AB2: 1295090000 | AC2: 1133290000 | AD2: 968107000 | AE2: 716398000 | AF2: 561132000 | AG2: 391277000 | AH2: 247571000 | AI2: 71101100 | AJ2: 0 | AK2: 0 | AL2: 0 | AM2: 0 | AN2: 0 | AO2: 0
A3: Electricity Generation by Type[hard coal es,preexisting nonretiring] : MostRecentRun | B3: 0 | C3: 0 | D3: 0 | E3: 0 | F3: 0 | G3: 0 | H3: 0 | I3: 0 | J3: 0 | K3: 0 | L3: 0 | M3: 0 | N3: 0 | O3: 0 | P3: 0 | Q3: 0 | R3: 0 | S3: 0 | T3: 0 | U3: 0 | V3: 0 | W3: 0 | X3: 0 | Y3: 0 | Z3: 0 | AA3: 0 | AB3: 0 | AC3: 0 | AD3: 0 | AE3: 0 | AF3: 0 | AG3: 0 | AH3: 0 | AI3: 0 | AJ3: 0 | AK3: 0 | AL3: 0 | AM3: 0 | AN3: 0 | AO3: 0
A4: Electricity Generation by Type[hard coal es,newly built] : MostRecentRun | B4: 171114000 | C4: 271692000 | D4: 398164000 | E4: 515078000 | F4: 610264000 | G4: 684718000 | H4: 749920000 | I4: 803782000 | J4: 847325000 | K4: 881923000 | L4: 905123000 | M4: 916553000 | N4: 917671000 | O4: 917831000 | P4: 919050000 | Q4: 919966000 | R4: 920982000 | S4: 921685000 | T4: 921613000 | U4: 919494000 | V4: 918590000 | W4: 920960000 | X4: 926005000 | Y4: 931975000 | Z4: 936313000 | AA4: 938637000 | AB4: 943061000 | AC4: 941462000 | AD4: 939067000 | AE4: 936293000 | AF4: 949430000 | AG4: 942871000 | AH4: 940588000 | AI4: 955157000 | AJ4: 830198000 | AK4: 709790000 | AL4: 577414000 | AM4: 466918000 | AN4: 374415000 | AO4: 290823000
A5: Electricity Generation by Type[natural gas nonpeaker es,preexisting retiring] : MostRecentRun | B5: 2154250 | C5: 261408 | D5: 750780 | E5: 1128700 | F5: 1200980 | G5: 1043680 | H5: 1136520 | I5: 1250230 | J5: 1102060 | K5: 1016060 | L5: 948457 | M5: 915212 | N5: 867626 | O5: 804664 | P5: 815222 | Q5: 811409 | R5: 800436 | S5: 808601 | T5: 826275 | U5: 813320 | V5: 786009 | W5: 754454 | X5: 741174 | Y5: 772166 | Z5: 765253 | AA5: 776032 | AB5: 787373 | AC5: 718303 | AD5: 658697 | AE5: 597000 | AF5: 732429 | AG5: 606715 | AH5: 552959 | AI5: 734755 | AJ5: 563143 | AK5: 311539 | AL5: 70279.1 | AM5: 0 | AN5: 0 | AO5: 0
A6: Electricity Generation by Type[natural gas nonpeaker es,preexisting nonretiring] : MostRecentRun | B6: 0 | C6: 0 | D6: 0 | E6: 0 | F6: 0 | G6: 0 | H6: 0 | I6: 0 | J6: 0 | K6: 0 | L6: 0 | M6: 0 | N6: 0 | O6: 0 | P6: 0 | Q6: 0 | R6: 0 | S6: 0 | T6: 0 | U6: 0 | V6: 0 | W6: 0 | X6: 0 | Y6: 0 | Z6: 0 | AA6: 0 | AB6: 0 | AC6: 0 | AD6: 0 | AE6: 0 | AF6: 0 | AG6: 0 | AH6: 0 | AI6: 0 | AJ6: 0 | AK6: 0 | AL6: 0 | AM6: 0 | AN6: 0 | AO6: 0
A7: Electricity Generation by Type[natural gas nonpeaker es,newly built] : MostRecentRun | B7: 513371 | C7: 309809 | D7: 1043610 | E7: 1842050 | F7: 1939070 | G7: 1718270 | H7: 1859190 | I7: 2055630 | J7: 1820240 | K7: 1659710 | L7: 1548480 | M7: 1499280 | N7: 1417660 | O7: 1329310 | P7: 1346410 | Q7: 1342080 | R7: 1323390 | S7: 1344150 | T7: 1395820 | U7: 1431350 | V7: 1439720 | W7: 1425160 | X7: 1393770 | Y7: 1423450 | Z7: 1395440 | AA7: 1434880 | AB7: 1438280 | AC7: 1407740 | AD7: 1407150 | AE7: 1416960 | AF7: 1459800 | AG7: 1390380 | AH7: 1377800 | AI7: 1914130 | AJ7: 2171470 | AK7: 2245290 | AL7: 2199750 | AM7: 138790 | AN7: 0 | AO7: 0
A8: Electricity Generation by Type[nuclear es,preexisting retiring] : MostRecentRun | B8: 372355000 | C8: 372355000 | D8: 372355000 | E8: 372355000 | F8: 372355000 | G8: 372355000 | H8: 372355000 | I8: 372355000 | J8: 372355000 | K8: 372355000 | L8: 372355000 | M8: 372355000 | N8: 372355000 | O8: 372355000 | P8: 372355000 | Q8: 372355000 | R8: 372355000 | S8: 372355000 | T8: 372355000 | U8: 372355000 | V8: 372355000 | W8: 372355000 | X8: 372355000 | Y8: 372355000 | Z8: 372355000 | AA8: 372355000 | AB8: 372355000 | AC8: 372355000 | AD8: 372355000 | AE8: 372355000 | AF8: 372355000 | AG8: 372355000 | AH8: 372355000 | AI8: 372355000 | AJ8: 372355000 | AK8: 372355000 | AL8: 372355000 | AM8: 372355000 | AN8: 372355000 | AO8: 372355000
A9: Electricity Generation by Type[nuclear es,preexisting nonretiring] : MostRecentRun | B9: 0 | C9: 0 | D9: 0 | E9: 0 | F9: 0 | G9: 0 | H9: 0 | I9: 0 | J9: 0 | K9: 0 | L9: 0 | M9: 0 | N9: 0 | O9: 0 | P9: 0 | Q9: 0 | R9: 0 | S9: 0 | T9: 0 | U9: 0 | V9: 0 | W9: 0 | X9: 0 | Y9: 0 | Z9: 0 | AA9: 0 | AB9: 0 | AC9: 0 | AD9: 0 | AE9: 0 | AF9: 0 | AG9: 0 | AH9: 0 | AI9: 0 | AJ9: 0 | AK9: 0 | AL9: 0 | AM9: 0 | AN9: 0 | AO9: 0
A10: Electricity Generation by Type[nuclear es,newly built] : MostRecentRun | B10: 29854100 | C10: 41049400 | D10: 63439900 | E10: 74635200 | F10: 93294000 | G10: 138075000 | H10: 186588000 | I10: 227637000 | J10: 268687000 | K10: 272418000 | L10: 276150000 | M10: 279882000 | N10: 283614000 | O10: 287346000 | P10: 291077000 | Q10: 294809000 | R10: 298541000 | S10: 302273000 | T10: 306004000 | U10: 309736000 | V10: 317200000 | W10: 332127000 | X10: 343322000 | Y10: 354517000 | Z10: 365712000 | AA10: 376908000 | AB10: 388103000 | AC10: 395567000 | AD10: 403030000 | AE10: 414225000 | AF10: 421689000 | AG10: 429152000 | AH10: 436616000 | AI10: 444079000 | AJ10: 451543000 | AK10: 455275000 | AL10: 462738000 | AM10: 466470000 | AN10: 470202000 | AO10: 473934000
A11: Electricity Generation by Type[hydro es,preexisting retiring] : MostRecentRun | B11: 1270220000 | C11: 1270220000 | D11: 1270220000 | E11: 1270220000 | F11: 1270220000 | G11: 1270220000 | H11: 1270220000 | I11: 1270220000 | J11: 1270220000 | K11: 1270220000 | L11: 1270220000 | M11: 1270220000 | N11: 1270220000 | O11: 1270220000 | P11: 1270220000 | Q11: 1270220000 | R11: 1270220000 | S11: 1270220000 | T11: 1270220000 | U11: 1270220000 | V11: 1270220000 | W11: 1270220000 | X11: 1270220000 | Y11: 1270220000 | Z11: 1270220000 | AA11: 1270220000 | AB11: 1270220000 | AC11: 1270220000 | AD11: 1270220000 | AE11: 1270220000 | AF11: 1270220000 | AG11: 1270220000 | AH11: 1270220000 | AI11: 1270220000 | AJ11: 1270220000 | AK11: 1270220000 | AL11: 1270220000 | AM11: 1270220000 | AN11: 1270220000 | AO11: 1270220000
A12: Electricity Generation by Type[hydro es,preexisting nonretiring] : MostRecentRun | B12: 0 | C12: 0 | D12: 0 | E12: 0 | F12: 0 | G12: 0 | H12: 0 | I12: 0 | J12: 0 | K12: 0 | L12: 0 | M12: 0 | N12: 0 | O12: 0 | P12: 0 | Q12: 0 | R12: 0 | S12: 0 | T12: 0 | U12: 0 | V12: 0 | W12: 0 | X12: 0 | Y12: 0 | Z12: 0 | AA12: 0 | AB12: 0 | AC12: 0 | AD12: 0 | AE12: 0 | AF12: 0 | AG12: 0 | AH12: 0 | AI12: 0 | AJ12: 0 | AK12: 0 | AL12: 0 | AM12: 0 | AN12: 0 | AO12: 0
... A49: Electricity Generation by Type[municipal solid waste es,newly built] : MostRecentRun | B49: 53360700 | C49: 101478000 | D49: 101478000 | E49: 101595000 | F49: 101828000 | G49: 102061000 | H49: 102411000 | I49: 102644000 | J49: 102877000 | K49: 103226000 | L49: 103576000 | M49: 103925000 | N49: 104275000 | O49: 104624000 | P49: 104974000 | Q49: 105323000 | R49: 105673000 | S49: 105906000 | T49: 106255000 | U49: 106721000 | V49: 107304000 | W49: 108236000 | X49: 109168000 | Y49: 110100000 | Z49: 110916000 | AA49: 111731000 | AB49: 112430000 | AC49: 113013000 | AD49: 113595000 | AE49: 114294000 | AF49: 114760000 | AG49: 115343000 | AH49: 115809000 | AI49: 116275000 | AJ49: 116858000 | AK49: 117324000 | AL49: 117790000 | AM49: 118256000 | AN49: 118605000 | AO49: 118955000

Sheet BTC
B1: 2015 | C1: 2016 | D1: 2017 | E1: 2018 | F1: 2019 | G1: 2020 | H1: 2021 | I1: 2022 | J1: 2023 | K1: 2024 | L1: 2025 | M1: 2026 | N1: 2027 | O1: 2028 | P1: 2029 | Q1: 2030 | R1: 2031 | S1: 2032 | T1: 2033 | U1: 2034 | V1: 2035 | W1: 2036 | X1: 2037 | Y1: 2038 | Z1: 2039 | AA1: 2040 | AB1: 2041 | AC1: 2042 | AD1: 2043 | AE1: 2044 | AF1: 2045 | AG1: 2046 | AH1: 2047 | AI1: 2048 | AJ1: 2049 | AK1: 2050 | AL1: 2051 | AM1: 2052 | AN1: 2053 | AO1: 2054 | AP1: 2055 | AQ1: 2056 | AR1: 2057 | AS1: 2058 | AT1: 2059 | AU1: 2060
A2: BAU Transmission Capacity (MW*miles) | B2: =Calculation!B$47 -> 5071893.1 | C2: =Calculation!C$47 -> 5301387.3 | D2: =Calculation!D$47 -> 5566069.6 | E2: =Calculation!E$47 -> 5812569.9 | F2: =Calculation!F$47 -> 6060544 | G2: =Calculation!G$47 -> 6576241.1 | H2: =Calculation!H$48 -> 6940594 | I2: =Calculation!I$48 -> 7107494.3 | J2: =Calculation!J$48 -> 7269527.2 | K2: =Calculation!K$48 -> 7423259.5 | L2: =Calculation!L$48 -> 7571089.2 | M2: =Calculation!M$48 -> 7720928.7 | N2: =Calculation!N$48 -> 7888551.5 | O2: =Calculation!O$48 -> 8050676.1 | ... AU2: =Calculation!AU$48 -> 11808567
