Workbook

Sheet 2000
A1: 分地区新增发电装机容量（万KW）
A2: 地区 | B2: 合计 | C2: 水电 | E2: 火电 | S2: 核电 | T2: 风电 | U2: 太阳能发电 | V2: 其他
C3: 合计 | D3: 抽水蓄能 | E3: 合计 | F3: 燃煤 | I3: 燃气 | L3: 燃油 | M3: 其他
F4: 合计 | G4: 常规燃煤 | H4: 煤矸石发电 | I4: 合计 | J4: 常规燃气 | K4: 煤层气发电 | M4: 合计 | N4: 余温、余气、余压发电 | O4: 垃圾焚烧发电 | P4: 秸秆、蔗渣、林木质发电 | Q4: 沼气 | R4: 技改增容
A5: 全国 | X5: =B5-C5-E5-S5-T5-U5-V5 -> 0 | Y5: =E5-F5-I5-L5-M5 -> 0 | Z5: =M5-N5-O5-P5 -> 0
A6: 北京 | X6: =B6-C6-E6-S6-T6-U6-V6 -> 0 | Y6: =E6-F6-I6-L6-M6 -> 0 | Z6: =M6-N6-O6-P6 -> 0
A7: 天津 | X7: =B7-C7-E7-S7-T7-U7-V7 -> 0 | Y7: =E7-F7-I7-L7-M7 -> 0 | Z7: =M7-N7-O7-P7 -> 0
A8: 河北 | X8: =B8-C8-E8-S8-T8-U8-V8 -> 0 | Y8: =E8-F8-I8-L8-M8 -> 0 | Z8: =M8-N8-O8-P8 -> 0
A9: 山西 | X9: =B9-C9-E9-S9-T9-U9-V9 -> 0 | Y9: =E9-F9-I9-L9-M9 -> 0 | Z9: =M9-N9-O9-P9 -> 0
A10: 内蒙古 | X10: =B10-C10-E10-S10-T10-U10-V10 -> 0 | Y10: =E10-F10-I10-L10-M10 -> 0 | Z10: =M10-N10-O10-P10 -> 0
A11: 辽宁 | X11: =B11-C11-E11-S11-T11-U11-V11 -> 0 | Y11: =E11-F11-I11-L11-M11 -> 0 | Z11: =M11-N11-O11-P11 -> 0
A12: 吉林 | X12: =B12-C12-E12-S12-T12-U12-V12 -> 0 | Y12: =E12-F12-I12-L12-M12 -> 0 | Z12: =M12-N12-O12-P12 -> 0
A13: 黑龙江 | X13: =B13-C13-E13-S13-T13-U13-V13 -> 0 | Y13: =E13-F13-I13-L13-M13 -> 0 | Z13: =M13-N13-O13-P13 -> 0
A14: 上海 | X14: =B14-C14-E14-S14-T14-U14-V14 -> 0 | Y14: =E14-F14-I14-L14-M14 -> 0 | Z14: =M14-N14-O14-P14 -> 0
A15: 江苏 | X15: =B15-C15-E15-S15-T15-U15-V15 -> 0 | Y15: =E15-F15-I15-L15-M15 -> 0 | Z15: =M15-N15-O15-P15 -> 0
A16: 浙江 | X16: =B16-C16-E16-S16-T16-U16-V16 -> 0 | Y16: =E16-F16-I16-L16-M16 -> 0 | Z16: =M16-N16-O16-P16 -> 0
... A36: 新疆 | X36: =B36-C36-E36-S36-T36-U36-V36 -> 0 | Y36: =E36-F36-I36-L36-M36 -> 0 | Z36: =M36-N36-O36-P36 -> 0
B38: =B5-SUM(B6:B36) -> 0 | C38: =C5-SUM(C6:C36) -> 0 | D38: =D5-SUM(D6:D36) -> 0 | E38: =E5-SUM(E6:E36) -> 0 | F38: =F5-SUM(F6:F36) -> 0 | H38: =H5-SUM(H6:H36) -> 0 | I38: =I5-SUM(I6:I36) -> 0 | J38: =J5-SUM(J6:J36) -> 0 | K38: =K5-SUM(K6:K36) -> 0 | L38: =L5-SUM(L6:L36) -> 0 | M38: =M5-SUM(M6:M36) -> 0 | N38: =N5-SUM(N6:N36) -> 0 | O38: =O5-SUM(O6:O36) -> 0 | P38: =P5-SUM(P6:P36) -> 0 | S38: =S5-SUM(S6:S36) -> 0 | T38: =T5-SUM(T6:T36) -> 0 | U38: =U5-SUM(U6:U36) -> 0 | V38: =V5-SUM(V6:V36) -> 0

Sheet 2001
A1: 分地区新增发电装机容量（万KW）
A2: 地区 | B2: 合计 | C2: 水电 | E2: 火电 | S2: 核电 | T2: 风电 | U2: 太阳能发电 | V2: 其他
C3: 合计 | D3: 抽水蓄能 | E3: 合计 | F3: 燃煤 | I3: 燃气 | L3: 燃油 | M3: 其他
F4: 合计 | G4: 常规燃煤 | H4: 煤矸石发电 | I4: 合计 | J4: 常规燃气 | K4: 煤层气发电 | M4: 合计 | N4: 余温、余气、余压发电 | O4: 垃圾焚烧发电 | P4: 秸秆、蔗渣、林木质发电 | Q4: 沼气 | R4: 技改增容
A5: 全国 | X5: =B5-C5-E5-S5-T5-U5-V5 -> 0 | Y5: =E5-F5-I5-L5-M5 -> 0 | Z5: =M5-N5-O5-P5 -> 0
A6: 北京 | X6: =B6-C6-E6-S6-T6-U6-V6 -> 0 | Y6: =E6-F6-I6-L6-M6 -> 0 | Z6: =M6-N6-O6-P6 -> 0
A7: 天津 | X7: =B7-C7-E7-S7-T7-U7-V7 -> 0 | Y7: =E7-F7-I7-L7-M7 -> 0 | Z7: =M7-N7-O7-P7 -> 0
A8: 河北 | X8: =B8-C8-E8-S8-T8-U8-V8 -> 0 | Y8: =E8-F8-I8-L8-M8 -> 0 | Z8: =M8-N8-O8-P8 -> 0
A9: 山西 | X9: =B9-C9-E9-S9-T9-U9-V9 -> 0 | Y9: =E9-F9-I9-L9-M9 -> 0 | Z9: =M9-N9-O9-P9 -> 0
A10: 内蒙古 | X10: =B10-C10-E10-S10-T10-U10-V10 -> 0 | Y10: =E10-F10-I10-L10-M10 -> 0 | Z10: =M10-N10-O10-P10 -> 0
A11: 辽宁 | X11: =B11-C11-E11-S11-T11-U11-V11 -> 0 | Y11: =E11-F11-I11-L11-M11 -> 0 | Z11: =M11-N11-O11-P11 -> 0
A12: 吉林 | X12: =B12-C12-E12-S12-T12-U12-V12 -> 0 | Y12: =E12-F12-I12-L12-M12 -> 0 | Z12: =M12-N12-O12-P12 -> 0
A13: 黑龙江 | X13: =B13-C13-E13-S13-T13-U13-V13 -> 0 | Y13: =E13-F13-I13-L13-M13 -> 0 | Z13: =M13-N13-O13-P13 -> 0
A14: 上海 | X14: =B14-C14-E14-S14-T14-U14-V14 -> 0 | Y14: =E14-F14-I14-L14-M14 -> 0 | Z14: =M14-N14-O14-P14 -> 0
A15: 江苏 | X15: =B15-C15-E15-S15-T15-U15-V15 -> 0 | Y15: =E15-F15-I15-L15-M15 -> 0 | Z15: =M15-N15-O15-P15 -> 0
A16: 浙江 | X16: =B16-C16-E16-S16-T16-U16-V16 -> 0 | Y16: =E16-F16-I16-L16-M16 -> 0 | Z16: =M16-N16-O16-P16 -> 0
... A36: 新疆 | X36: =B36-C36-E36-S36-T36-U36-V36 -> 0 | Y36: =E36-F36-I36-L36-M36 -> 0 | Z36: =M36-N36-O36-P36 -> 0
B38: =B5-SUM(B6:B36) -> 0 | C38: =C5-SUM(C6:C36) -> 0 | D38: =D5-SUM(D6:D36) -> 0 | E38: =E5-SUM(E6:E36) -> 0 | F38: =F5-SUM(F6:F36) -> 0 | H38: =H5-SUM(H6:H36) -> 0 | I38: =I5-SUM(I6:I36) -> 0 | J38: =J5-SUM(J6:J36) -> 0 | K38: =K5-SUM(K6:K36) -> 0 | L38: =L5-SUM(L6:L36) -> 0 | M38: =M5-SUM(M6:M36) -> 0 | N38: =N5-SUM(N6:N36) -> 0 | O38: =O5-SUM(O6:O36) -> 0 | P38: =P5-SUM(P6:P36) -> 0 | S38: =S5-SUM(S6:S36) -> 0 | T38: =T5-SUM(T6:T36) -> 0 | U38: =U5-SUM(U6:U36) -> 0 | V38: =V5-SUM(V6:V36) -> 0

Sheet 2002
A1: 分地区新增发电装机容量（万KW）
A2: 地区 | B2: 合计 | C2: 水电 | E2: 火电 | S2: 核电 | T2: 风电 | U2: 太阳能发电 | V2: 其他
C3: 合计 | D3: 抽水蓄能 | E3: 合计 | F3: 燃煤 | I3: 燃气 | L3: 燃油 | M3: 其他
F4: 合计 | G4: 常规燃煤 | H4: 煤矸石发电 | I4: 合计 | J4: 常规燃气 | K4: 煤层气发电 | M4: 合计 | N4: 余温、余气、余压发电 | O4: 垃圾焚烧发电 | P4: 秸秆、蔗渣、林木质发电 | Q4: 沼气 | R4: 技改增容
A5: 全国 | X5: =B5-C5-E5-S5-T5-U5-V5 -> 0 | Y5: =E5-F5-I5-L5-M5 -> 0 | Z5: =M5-N5-O5-P5 -> 0
A6: 北京 | X6: =B6-C6-E6-S6-T6-U6-V6 -> 0 | Y6: =E6-F6-I6-L6-M6 -> 0 | Z6: =M6-N6-O6-P6 -> 0
A7: 天津 | X7: =B7-C7-E7-S7-T7-U7-V7 -> 0 | Y7: =E7-F7-I7-L7-M7 -> 0 | Z7: =M7-N7-O7-P7 -> 0
A8: 河北 | X8: =B8-C8-E8-S8-T8-U8-V8 -> 0 | Y8: =E8-F8-I8-L8-M8 -> 0 | Z8: =M8-N8-O8-P8 -> 0
A9: 山西 | X9: =B9-C9-E9-S9-T9-U9-V9 -> 0 | Y9: =E9-F9-I9-L9-M9 -> 0 | Z9: =M9-N9-O9-P9 -> 0
A10: 内蒙古 | X10: =B10-C10-E10-S10-T10-U10-V10 -> 0 | Y10: =E10-F10-I10-L10-M10 -> 0 | Z10: =M10-N10-O10-P10 -> 0
A11: 辽宁 | X11: =B11-C11-E11-S11-T11-U11-V11 -> 0 | Y11: =E11-F11-I11-L11-M11 -> 0 | Z11: =M11-N11-O11-P11 -> 0
A12: 吉林 | X12: =B12-C12-E12-S12-T12-U12-V12 -> 0 | Y12: =E12-F12-I12-L12-M12 -> 0 | Z12: =M12-N12-O12-P12 -> 0
A13: 黑龙江 | X13: =B13-C13-E13-S13-T13-U13-V13 -> 0 | Y13: =E13-F13-I13-L13-M13 -> 0 | Z13: =M13-N13-O13-P13 -> 0
A14: 上海 | X14: =B14-C14-E14-S14-T14-U14-V14 -> 0 | Y14: =E14-F14-I14-L14-M14 -> 0 | Z14: =M14-N14-O14-P14 -> 0
A15: 江苏 | X15: =B15-C15-E15-S15-T15-U15-V15 -> 0 | Y15: =E15-F15-I15-L15-M15 -> 0 | Z15: =M15-N15-O15-P15 -> 0
A16: 浙江 | X16: =B16-C16-E16-S16-T16-U16-V16 -> 0 | Y16: =E16-F16-I16-L16-M16 -> 0 | Z16: =M16-N16-O16-P16 -> 0
... A36: 新疆 | X36: =B36-C36-E36-S36-T36-U36-V36 -> 0 | Y36: =E36-F36-I36-L36-M36 -> 0 | Z36: =M36-N36-O36-P36 -> 0
B38: =B5-SUM(B6:B36) -> 0 | C38: =C5-SUM(C6:C36) -> 0 | D38: =D5-SUM(D6:D36) -> 0 | E38: =E5-SUM(E6:E36) -> 0 | F38: =F5-SUM(F6:F36) -> 0 | H38: =H5-SUM(H6:H36) -> 0 | I38: =I5-SUM(I6:I36) -> 0 | J38: =J5-SUM(J6:J36) -> 0 | K38: =K5-SUM(K6:K36) -> 0 | L38: =L5-SUM(L6:L36) -> 0 | M38: =M5-SUM(M6:M36) -> 0 | N38: =N5-SUM(N6:N36) -> 0 | O38: =O5-SUM(O6:O36) -> 0 | P38: =P5-SUM(P6:P36) -> 0 | S38: =S5-SUM(S6:S36) -> 0 | T38: =T5-SUM(T6:T36) -> 0 | U38: =U5-SUM(U6:U36) -> 0 | V38: =V5-SUM(V6:V36) -> 0

Sheet 2003
A1: 分地区新增发电装机容量（万KW）
A2: 地区 | B2: 合计 | C2: 水电 | E2: 火电 | S2: 核电 | T2: 风电 | U2: 太阳能发电 | V2: 其他
C3: 合计 | D3: 抽水蓄能 | E3: 合计 | F3: 燃煤 | I3: 燃气 | L3: 燃油 | M3: 其他
F4: 合计 | G4: 常规燃煤 | H4: 煤矸石发电 | I4: 合计 | J4: 常规燃气 | K4: 煤层气发电 | M4: 合计 | N4: 余温、余气、余压发电 | O4: 垃圾焚烧发电 | P4: 秸秆、蔗渣、林木质发电 | Q4: 沼气 | R4: 技改增容
A5: 全国 | X5: =B5-C5-E5-S5-T5-U5-V5 -> 0 | Y5: =E5-F5-I5-L5-M5 -> 0 | Z5: =M5-N5-O5-P5 -> 0
A6: 北京 | X6: =B6-C6-E6-S6-T6-U6-V6 -> 0 | Y6: =E6-F6-I6-L6-M6 -> 0 | Z6: =M6-N6-O6-P6 -> 0
A7: 天津 | X7: =B7-C7-E7-S7-T7-U7-V7 -> 0 | Y7: =E7-F7-I7-L7-M7 -> 0 | Z7: =M7-N7-O7-P7 -> 0
A8: 河北 | X8: =B8-C8-E8-S8-T8-U8-V8 -> 0 | Y8: =E8-F8-I8-L8-M8 -> 0 | Z8: =M8-N8-O8-P8 -> 0
A9: 山西 | X9: =B9-C9-E9-S9-T9-U9-V9 -> 0 | Y9: =E9-F9-I9-L9-M9 -> 0 | Z9: =M9-N9-O9-P9 -> 0
A10: 内蒙古 | X10: =B10-C10-E10-S10-T10-U10-V10 -> 0 | Y10: =E10-F10-I10-L10-M10 -> 0 | Z10: =M10-N10-O10-P10 -> 0
A11: 辽宁 | X11: =B11-C11-E11-S11-T11-U11-V11 -> 0 | Y11: =E11-F11-I11-L11-M11 -> 0 | Z11: =M11-N11-O11-P11 -> 0
A12: 吉林 | X12: =B12-C12-E12-S12-T12-U12-V12 -> 0 | Y12: =E12-F12-I12-L12-M12 -> 0 | Z12: =M12-N12-O12-P12 -> 0
A13: 黑龙江 | X13: =B13-C13-E13-S13-T13-U13-V13 -> 0 | Y13: =E13-F13-I13-L13-M13 -> 0 | Z13: =M13-N13-O13-P13 -> 0
A14: 上海 | X14: =B14-C14-E14-S14-T14-U14-V14 -> 0 | Y14: =E14-F14-I14-L14-M14 -> 0 | Z14: =M14-N14-O14-P14 -> 0
A15: 江苏 | X15: =B15-C15-E15-S15-T15-U15-V15 -> 0 | Y15: =E15-F15-I15-L15-M15 -> 0 | Z15: =M15-N15-O15-P15 -> 0
A16: 浙江 | X16: =B16-C16-E16-S16-T16-U16-V16 -> 0 | Y16: =E16-F16-I16-L16-M16 -> 0 | Z16: =M16-N16-O16-P16 -> 0
... A36: 新疆 | X36: =B36-C36-E36-S36-T36-U36-V36 -> 0 | Y36: =E36-F36-I36-L36-M36 -> 0 | Z36: =M36-N36-O36-P36 -> 0
B38: =B5-SUM(B6:B36) -> 0 | C38: =C5-SUM(C6:C36) -> 0 | D38: =D5-SUM(D6:D36) -> 0 | E38: =E5-SUM(E6:E36) -> 0 | F38: =F5-SUM(F6:F36) -> 0 | H38: =H5-SUM(H6:H36) -> 0 | I38: =I5-SUM(I6:I36) -> 0 | J38: =J5-SUM(J6:J36) -> 0 | K38: =K5-SUM(K6:K36) -> 0 | L38: =L5-SUM(L6:L36) -> 0 | M38: =M5-SUM(M6:M36) -> 0 | N38: =N5-SUM(N6:N36) -> 0 | O38: =O5-SUM(O6:O36) -> 0 | P38: =P5-SUM(P6:P36) -> 0 | S38: =S5-SUM(S6:S36) -> 0 | T38: =T5-SUM(T6:T36) -> 0 | U38: =U5-SUM(U6:U36) -> 0 | V38: =V5-SUM(V6:V36) -> 0

Sheet 2004
A1: 分地区新增发电装机容量（万KW）
A2: 地区 | B2: 合计 | C2: 水电 | E2: 火电 | S2: 核电 | T2: 风电 | U2: 太阳能发电 | V2: 其他
C3: 合计 | D3: 抽水蓄能 | E3: 合计 | F3: 燃煤 | I3: 燃气 | L3: 燃油 | M3: 其他
F4: 合计 | G4: 常规燃煤 | H4: 煤矸石发电 | I4: 合计 | J4: 常规燃气 | K4: 煤层气发电 | M4: 合计 | N4: 余温、余气、余压发电 | O4: 垃圾焚烧发电 | P4: 秸秆、蔗渣、林木质发电 | Q4: 沼气 | R4: 技改增容
A5: 全国 | X5: =B5-C5-E5-S5-T5-U5-V5 -> 0 | Y5: =E5-F5-I5-L5-M5 -> 0 | Z5: =M5-N5-O5-P5 -> 0
A6: 北京 | X6: =B6-C6-E6-S6-T6-U6-V6 -> 0 | Y6: =E6-F6-I6-L6-M6 -> 0 | Z6: =M6-N6-O6-P6 -> 0
A7: 天津 | X7: =B7-C7-E7-S7-T7-U7-V7 -> 0 | Y7: =E7-F7-I7-L7-M7 -> 0 | Z7: =M7-N7-O7-P7 -> 0
A8: 河北 | X8: =B8-C8-E8-S8-T8-U8-V8 -> 0 | Y8: =E8-F8-I8-L8-M8 -> 0 | Z8: =M8-N8-O8-P8 -> 0
A9: 山西 | X9: =B9-C9-E9-S9-T9-U9-V9 -> 0 | Y9: =E9-F9-I9-L9-M9 -> 0 | Z9: =M9-N9-O9-P9 -> 0
A10: 内蒙古 | X10: =B10-C10-E10-S10-T10-U10-V10 -> 0 | Y10: =E10-F10-I10-L10-M10 -> 0 | Z10: =M10-N10-O10-P10 -> 0
A11: 辽宁 | X11: =B11-C11-E11-S11-T11-U11-V11 -> 0 | Y11: =E11-F11-I11-L11-M11 -> 0 | Z11: =M11-N11-O11-P11 -> 0
A12: 吉林 | X12: =B12-C12-E12-S12-T12-U12-V12 -> 0 | Y12: =E12-F12-I12-L12-M12 -> 0 | Z12: =M12-N12-O12-P12 -> 0
A13: 黑龙江 | X13: =B13-C13-E13-S13-T13-U13-V13 -> 0 | Y13: =E13-F13-I13-L13-M13 -> 0 | Z13: =M13-N13-O13-P13 -> 0
A14: 上海 | X14: =B14-C14-E14-S14-T14-U14-V14 -> 0 | Y14: =E14-F14-I14-L14-M14 -> 0 | Z14: =M14-N14-O14-P14 -> 0
A15: 江苏 | X15: =B15-C15-E15-S15-T15-U15-V15 -> 0 | Y15: =E15-F15-I15-L15-M15 -> 0 | Z15: =M15-N15-O15-P15 -> 0
A16: 浙江 | X16: =B16-C16-E16-S16-T16-U16-V16 -> 0 | Y16: =E16-F16-I16-L16-M16 -> 0 | Z16: =M16-N16-O16-P16 -> 0
... A36: 新疆 | X36: =B36-C36-E36-S36-T36-U36-V36 -> 0 | Y36: =E36-F36-I36-L36-M36 -> 0 | Z36: =M36-N36-O36-P36 -> 0
B38: =B5-SUM(B6:B36) -> 0 | C38: =C5-SUM(C6:C36) -> 0 | D38: =D5-SUM(D6:D36) -> 0 | E38: =E5-SUM(E6:E36) -> 0 | F38: =F5-SUM(F6:F36) -> 0 | H38: =H5-SUM(H6:H36) -> 0 | I38: =I5-SUM(I6:I36) -> 0 | J38: =J5-SUM(J6:J36) -> 0 | K38: =K5-SUM(K6:K36) -> 0 | L38: =L5-SUM(L6:L36) -> 0 | M38: =M5-SUM(M6:M36) -> 0 | N38: =N5-SUM(N6:N36) -> 0 | O38: =O5-SUM(O6:O36) -> 0 | P38: =P5-SUM(P6:P36) -> 0 | S38: =S5-SUM(S6:S36) -> 0 | T38: =T5-SUM(T6:T36) -> 0 | U38: =U5-SUM(U6:U36) -> 0 | V38: =V5-SUM(V6:V36) -> 0

Sheet 2005
A1: 分地区新增发电装机容量（万KW）
A2: 地区 | B2: 合计 | C2: 水电 | E2: 火电 | S2: 核电 | T2: 风电 | U2: 太阳能发电 | V2: 其他
C3: 合计 | D3: 抽水蓄能 | E3: 合计 | F3: 燃煤 | I3: 燃气 | L3: 燃油 | M3: 其他
F4: 合计 | G4: 常规燃煤 | H4: 煤矸石发电 | I4: 合计 | J4: 常规燃气 | K4: 煤层气发电 | M4: 合计 | N4: 余温、余气、余压发电 | O4: 垃圾焚烧发电 | P4: 秸秆、蔗渣、林木质发电 | Q4: 沼气 | R4: 技改增容
A5: 全国 | X5: =B5-C5-E5-S5-T5-U5-V5 -> 0 | Y5: =E5-F5-I5-L5-M5 -> 0 | Z5: =M5-N5-O5-P5 -> 0
A6: 北京 | X6: =B6-C6-E6-S6-T6-U6-V6 -> 0 | Y6: =E6-F6-I6-L6-M6 -> 0 | Z6: =M6-N6-O6-P6 -> 0
A7: 天津 | X7: =B7-C7-E7-S7-T7-U7-V7 -> 0 | Y7: =E7-F7-I7-L7-M7 -> 0 | Z7: =M7-N7-O7-P7 -> 0
A8: 河北 | X8: =B8-C8-E8-S8-T8-U8-V8 -> 0 | Y8: =E8-F8-I8-L8-M8 -> 0 | Z8: =M8-N8-O8-P8 -> 0
A9: 山西 | X9: =B9-C9-E9-S9-T9-U9-V9 -> 0 | Y9: =E9-F9-I9-L9-M9 -> 0 | Z9: =M9-N9-O9-P9 -> 0
A10: 内蒙古 | X10: =B10-C10-E10-S10-T10-U10-V10 -> 0 | Y10: =E10-F10-I10-L10-M10 -> 0 | Z10: =M10-N10-O10-P10 -> 0
A11: 辽宁 | X11: =B11-C11-E11-S11-T11-U11-V11 -> 0 | Y11: =E11-F11-I11-L11-M11 -> 0 | Z11: =M11-N11-O11-P11 -> 0
A12: 吉林 | X12: =B12-C12-E12-S12-T12-U12-V12 -> 0 | Y12: =E12-F12-I12-L12-M12 -> 0 | Z12: =M12-N12-O12-P12 -> 0
A13: 黑龙江 | X13: =B13-C13-E13-S13-T13-U13-V13 -> 0 | Y13: =E13-F13-I13-L13-M13 -> 0 | Z13: =M13-N13-O13-P13 -> 0
A14: 上海 | X14: =B14-C14-E14-S14-T14-U14-V14 -> 0 | Y14: =E14-F14-I14-L14-M14 -> 0 | Z14: =M14-N14-O14-P14 -> 0
A15: 江苏 | X15: =B15-C15-E15-S15-T15-U15-V15 -> 0 | Y15: =E15-F15-I15-L15-M15 -> 0 | Z15: =M15-N15-O15-P15 -> 0
A16: 浙江 | X16: =B16-C16-E16-S16-T16-U16-V16 -> 0 | Y16: =E16-F16-I16-L16-M16 -> 0 | Z16: =M16-N16-O16-P16 -> 0
... A36: 新疆 | X36: =B36-C36-E36-S36-T36-U36-V36 -> 0 | Y36: =E36-F36-I36-L36-M36 -> 0 | Z36: =M36-N36-O36-P36 -> 0
B38: =B5-SUM(B6:B36) -> 0 | C38: =C5-SUM(C6:C36) -> 0 | D38: =D5-SUM(D6:D36) -> 0 | E38: =E5-SUM(E6:E36) -> 0 | F38: =F5-SUM(F6:F36) -> 0 | H38: =H5-SUM(H6:H36) -> 0 | I38: =I5-SUM(I6:I36) -> 0 | J38: =J5-SUM(J6:J36) -> 0 | K38: =K5-SUM(K6:K36) -> 0 | L38: =L5-SUM(L6:L36) -> 0 | M38: =M5-SUM(M6:M36) -> 0 | N38: =N5-SUM(N6:N36) -> 0 | O38: =O5-SUM(O6:O36) -> 0 | P38: =P5-SUM(P6:P36) -> 0 | S38: =S5-SUM(S6:S36) -> 0 | T38: =T5-SUM(T6:T36) -> 0 | U38: =U5-SUM(U6:U36) -> 0 | V38: =V5-SUM(V6:V36) -> 0

Sheet 2006
A1: 分地区新增发电装机容量（万KW）
A2: 地区 | B2: 合计 | C2: 水电 | E2: 火电 | S2: 核电 | T2: 风电 | U2: 太阳能发电 | V2: 其他
C3: 合计 | D3: 抽水蓄能 | E3: 合计 | F3: 燃煤 | I3: 燃气 | L3: 燃油 | M3: 其他
F4: 合计 | G4: 常规燃煤 | H4: 煤矸石发电 | I4: 合计 | J4: 常规燃气 | K4: 煤层气发电 | M4: 合计 | N4: 余温、余气、余压发电 | O4: 垃圾焚烧发电 | P4: 秸秆、蔗渣、林木质发电 | Q4: 沼气 | R4: 技改增容
A5: 全国 | B5: 10424 | C5: 1100 | E5: 9207 | T5: 110 | V5: 6 | X5: =B5-C5-E5-S5-T5-U5-V5 -> 1 | Y5: =E5-F5-I5-L5-M5 -> 9207 | Z5: =M5-N5-O5-P5 -> 0
A6: 北京 | X6: =B6-C6-E6-S6-T6-U6-V6 -> 0 | Y6: =E6-F6-I6-L6-M6 -> 0 | Z6: =M6-N6-O6-P6 -> 0
A7: 天津 | B7: 30 | E7: 30 | X7: =B7-C7-E7-S7-T7-U7-V7 -> 0 | Y7: =E7-F7-I7-L7-M7 -> 30 | Z7: =M7-N7-O7-P7 -> 0
A8: 河北 | B8: 386 | C8: 19 | E8: 352 | T8: 14 | V8: 1 | X8: =B8-C8-E8-S8-T8-U8-V8 -> 0 | Y8: =E8-F8-I8-L8-M8 -> 352 | Z8: =M8-N8-O8-P8 -> 0
A9: 山西 | B9: 386 | E9: 386 | X9: =B9-C9-E9-S9-T9-U9-V9 -> 0 | Y9: =E9-F9-I9-L9-M9 -> 386 | Z9: =M9-N9-O9-P9 -> 0
A10: 内蒙古 | B10: 1004 | E10: 971 | T10: 32 | X10: =B10-C10-E10-S10-T10-U10-V10 -> 1 | Y10: =E10-F10-I10-L10-M10 -> 971 | Z10: =M10-N10-O10-P10 -> 0
A11: 辽宁 | B11: 81 | E11: 70 | T11: 11 | X11: =B11-C11-E11-S11-T11-U11-V11 -> 0 | Y11: =E11-F11-I11-L11-M11 -> 70 | Z11: =M11-N11-O11-P11 -> 0
A12: 吉林 | B12: 93 | C12: 15 | E12: 69 | T12: 9 | X12: =B12-C12-E12-S12-T12-U12-V12 -> 0 | Y12: =E12-F12-I12-L12-M12 -> 69 | Z12: =M12-N12-O12-P12 -> 0
A13: 黑龙江 | B13: 114 | E13: 111 | T13: 4 | X13: =B13-C13-E13-S13-T13-U13-V13 -> -1 | Y13: =E13-F13-I13-L13-M13 -> 111 | Z13: =M13-N13-O13-P13 -> 0
A14: 上海 | B14: 138 | E14: 138 | X14: =B14-C14-E14-S14-T14-U14-V14 -> 0 | Y14: =E14-F14-I14-L14-M14 -> 138 | Z14: =M14-N14-O14-P14 -> 0
A15: 江苏 | B15: 868 | E15: 855 | T15: 8 | V15: 5 | X15: =B15-C15-E15-S15-T15-U15-V15 -> 0 | Y15: =E15-F15-I15-L15-M15 -> 855 | Z15: =M15-N15-O15-P15 -> 0
A16: 浙江 | B16: 1010 | C16: 120 | E16: 890 | X16: =B16-C16-E16-S16-T16-U16-V16 -> 0 | Y16: =E16-F16-I16-L16-M16 -> 890 | Z16: =M16-N16-O16-P16 -> 0
A17: 安徽 | B17: 264 | C17: 24 | E17: 240 | X17: =B17-C17-E17-S17-T17-U17-V17 -> 0 | Y17: =E17-F17-I17-L17-M17 -> 240 | Z17: =M17-N17-O17-P17 -> 0
A18: 福建 | B18: 410 | C18: 18 | E18: 383 | T18: 9 | X18: =B18-C18-E18-S18-T18-U18-V18 -> 0 | Y18: =E18-F18-I18-L18-M18 -> 383 | Z18: =M18-N18-O18-P18 -> 0
A19: 江西 | B19: 61 | C19: 5 | E19: 56 | X19: =B19-C19-E19-S19-T19-U19-V19 -> 0 | Y19: =E19-F19-I19-L19-M19 -> 56 | Z19: =M19-N19-O19-P19 -> 0
A20: 山东 | B20: 1207 | C20: 75 | E20: 1128 | T20: 3 | X20: =B20-C20-E20-S20-T20-U20-V20 -> 1 | Y20: =E20-F20-I20-L20-M20 -> 1128 | Z20: =M20-N20-O20-P20 -> 0
A21: 河南 | B21: 580 | E21: 580 | X21: =B21-C21-E21-S21-T21-U21-V21 -> 0 | Y21: =E21-F21-I21-L21-M21 -> 580 | Z21: =M21-N21-O21-P21 -> 0
A22: 湖北 | B22: 237 | C22: 39 | E22: 199 | X22: =B22-C22-E22-S22-T22-U22-V22 -> -1 | Y22: =E22-F22-I22-L22-M22 -> 199 | Z22: =M22-N22-O22-P22 -> 0
A23: 湖南 | B23: 343 | C23: 13 | E23: 330 | X23: =B23-C23-E23-S23-T23-U23-V23 -> 0 | Y23: =E23-F23-I23-L23-M23 -> 330 | Z23: =M23-N23-O23-P23 -> 0
A24: 广东 | B24: 646 | C24: 36 | E24: 604 | T24: 6 | X24: =B24-C24-E24-S24-T24-U24-V24 -> 0 | Y24: =E24-F24-I24-L24-M24 -> 604 | Z24: =M24-N24-O24-P24 -> 0
A25: 广西 | B25: 175 | C25: 145 | E25: 30 | X25: =B25-C25-E25-S25-T25-U25-V25 -> 0 | Y25: =E25-F25-I25-L25-M25 -> 30 | Z25: =M25-N25-O25-P25 -> 0
A26: 海南 | B26: 33 | E26: 33 | X26: =B26-C26-E26-S26-T26-U26-V26 -> 0 | Y26: =E26-F26-I26-L26-M26 -> 33 | Z26: =M26-N26-O26-P26 -> 0
A27: 重庆 | B27: 191 | C27: 2 | E27: 189 | X27: =B27-C27-E27-S27-T27-U27-V27 -> 0 | Y27: =E27-F27-I27-L27-M27 -> 189 | Z27: =M27-N27-O27-P27 -> 0
A28: 四川 | B28: 505 | C28: 262 | E28: 243 | X28: =B28-C28-E28-S28-T28-U28-V28 -> 0 | Y28: =E28-F28-I28-L28-M28 -> 243 | Z28: =M28-N28-O28-P28 -> 0
A29: 贵州 | B29: 594 | C29: 124 | E29: 470 | X29: =B29-C29-E29-S29-T29-U29-V29 -> 0 | Y29: =E29-F29-I29-L29-M29 -> 470 | Z29: =M29-N29-O29-P29 -> 0
A30: 云南 | B30: 433 | C30: 73 | E30: 360 | X30: =B30-C30-E30-S30-T30-U30-V30 -> 0 | Y30: =E30-F30-I30-L30-M30 -> 360 | Z30: =M30-N30-O30-P30 -> 0
A31: 西藏 | B31: 6 | C31: 6 | X31: =B31-C31-E31-S31-T31-U31-V31 -> 0 | Y31: =E31-F31-I31-L31-M31 -> 0 | Z31: =M31-N31-O31-P31 -> 0
A32: 陕西 | B32: 92 | C32: 18 | E32: 74 | X32: =B32-C32-E32-S32-T32-U32-V32 -> 0 | Y32: =E32-F32-I32-L32-M32 -> 74 | Z32: =M32-N32-O32-P32 -> 0
A33: 甘肃 | B33: 106 | C33: 14 | E33: 81 | T33: 11 | X33: =B33-C33-E33-S33-T33-U33-V33 -> 0 | Y33: =E33-F33-I33-L33-M33 -> 81 | Z33: =M33-N33-O33-P33 -> 0
A34: 青海 | B34: 113 | C34: 53 | E34: 60 | X34: =B34-C34-E34-S34-T34-U34-V34 -> 0 | Y34: =E34-F34-I34-L34-M34 -> 60 | Z34: =M34-N34-O34-P34 -> 0
A35: 宁夏 | B35: 189 | E35: 189 | X35: =B35-C35-E35-S35-T35-U35-V35 -> 0 | Y35: =E35-F35-I35-L35-M35 -> 189 | Z35: =M35-N35-O35-P35 -> 0
A36: 新疆 | B36: 132 | C36: 41 | E36: 89 | T36: 2 | X36: =B36-C36-E36-S36-T36-U36-V36 -> 0 | Y36: =E36-F36-I36-L36-M36 -> 89 | Z36: =M36-N36-O36-P36 -> 0
B38: =B5-SUM(B6:B36) -> -3 | C38: =C5-SUM(C6:C36) -> -2 | D38: =D5-SUM(D6:D36) -> 0 | E38: =E5-SUM(E6:E36) -> -3 | F38: =F5-SUM(F6:F36) -> 0 | H38: =H5-SUM(H6:H36) -> 0 | I38: =I5-SUM(I6:I36) -> 0 | J38: =J5-SUM(J6:J36) -> 0 | K38: =K5-SUM(K6:K36) -> 0 | L38: =L5-SUM(L6:L36) -> 0 | M38: =M5-SUM(M6:M36) -> 0 | N38: =N5-SUM(N6:N36) -> 0 | O38: =O5-SUM(O6:O36) -> 0 | P38: =P5-SUM(P6:P36) -> 0 | S38: =S5-SUM(S6:S36) -> 0 | T38: =T5-SUM(T6:T36) -> 1 | U38: =U5-SUM(U6:U36) -> 0 | V38: =V5-SUM(V6:V36) -> 0

Sheet 2007
A1: 分地区新增发电装机容量（万KW）
A2: 地区 | B2: 合计 | C2: 水电 | E2: 火电 | S2: 核电 | T2: 风电 | U2: 太阳能发电 | V2: 其他
C3: 合计 | D3: 抽水蓄能 | E3: 合计 | F3: 燃煤 | I3: 燃气 | L3: 燃油 | M3: 其他
F4: 合计 | G4: 常规燃煤 | H4: 煤矸石发电 | I4: 合计 | J4: 常规燃气 | K4: 煤层气发电 | M4: 合计 | N4: 余温、余气、余压发电 | O4: 垃圾焚烧发电 | P4: 秸秆、蔗渣、林木质发电 | Q4: 沼气 | R4: 技改增容
A5: 全国 | B5: 10190 | C5: 1307 | E5: 8360 | S5: 200 | T5: 303 | V5: 18 | X5: =B5-C5-E5-S5-T5-U5-V5 -> 2 | Y5: =E5-F5-I5-L5-M5 -> 8360 | Z5: =M5-N5-O5-P5 -> 0
A6: 北京 | X6: =B6-C6-E6-S6-T6-U6-V6 -> 0 | Y6: =E6-F6-I6-L6-M6 -> 0 | Z6: =M6-N6-O6-P6 -> 0
A7: 天津 | B7: 30 | E7: 30 | X7: =B7-C7-E7-S7-T7-U7-V7 -> 0 | Y7: =E7-F7-I7-L7-M7 -> 30 | Z7: =M7-N7-O7-P7 -> 0
A8: 河北 | B8: 395 | E8: 382 | T8: 8 | V8: 5 | X8: =B8-C8-E8-S8-T8-U8-V8 -> 0 | Y8: =E8-F8-I8-L8-M8 -> 382 | Z8: =M8-N8-O8-P8 -> 0
A9: 山西 | B9: 376 | E9: 376 | X9: =B9-C9-E9-S9-T9-U9-V9 -> 0 | Y9: =E9-F9-I9-L9-M9 -> 376 | Z9: =M9-N9-O9-P9 -> 0
A10: 内蒙古 | B10: 1055 | E10: 960 | T10: 95 | X10: =B10-C10-E10-S10-T10-U10-V10 -> 0 | Y10: =E10-F10-I10-L10-M10 -> 960 | Z10: =M10-N10-O10-P10 -> 0
A11: 辽宁 | B11: 386 | E11: 364 | T11: 22 | X11: =B11-C11-E11-S11-T11-U11-V11 -> 0 | Y11: =E11-F11-I11-L11-M11 -> 364 | Z11: =M11-N11-O11-P11 -> 0
A12: 吉林 | B12: 179 | C12: 1 | E12: 123 | T12: 55 | X12: =B12-C12-E12-S12-T12-U12-V12 -> 0 | Y12: =E12-F12-I12-L12-M12 -> 123 | Z12: =M12-N12-O12-P12 -> 0
A13: 黑龙江 | B13: 212 | C13: 1 | E13: 186 | T13: 24 | V13: 2 | X13: =B13-C13-E13-S13-T13-U13-V13 -> -1 | Y13: =E13-F13-I13-L13-M13 -> 186 | Z13: =M13-N13-O13-P13 -> 0
A14: 上海 | B14: 2 | E14: 2 | X14: =B14-C14-E14-S14-T14-U14-V14 -> 0 | Y14: =E14-F14-I14-L14-M14 -> 2 | Z14: =M14-N14-O14-P14 -> 0
A15: 江苏 | B15: 551 | E15: 323 | S15: 200 | T15: 21 | V15: 7 | X15: =B15-C15-E15-S15-T15-U15-V15 -> 0 | Y15: =E15-F15-I15-L15-M15 -> 323 | Z15: =M15-N15-O15-P15 -> 0
A16: 浙江 | B16: 297 | E16: 296 | X16: =B16-C16-E16-S16-T16-U16-V16 -> 1 | Y16: =E16-F16-I16-L16-M16 -> 296 | Z16: =M16-N16-O16-P16 -> 0
A17: 安徽 | B17: 618 | C17: 45 | E17: 573 | X17: =B17-C17-E17-S17-T17-U17-V17 -> 0 | Y17: =E17-F17-I17-L17-M17 -> 573 | Z17: =M17-N17-O17-P17 -> 0
A18: 福建 | B18: 162 | C18: 22 | E18: 125 | T18: 15 | X18: =B18-C18-E18-S18-T18-U18-V18 -> 0 | Y18: =E18-F18-I18-L18-M18 -> 125 | Z18: =M18-N18-O18-P18 -> 0
A19: 江西 | B19: 252 | E19: 252 | X19: =B19-C19-E19-S19-T19-U19-V19 -> 0 | Y19: =E19-F19-I19-L19-M19 -> 252 | Z19: =M19-N19-O19-P19 -> 0
A20: 山东 | B20: 586 | C20: 25 | E20: 542 | T20: 14 | V20: 5 | X20: =B20-C20-E20-S20-T20-U20-V20 -> 0 | Y20: =E20-F20-I20-L20-M20 -> 542 | Z20: =M20-N20-O20-P20 -> 0
A21: 河南 | B21: 931 | C21: 4 | E21: 925 | T21: 3 | X21: =B21-C21-E21-S21-T21-U21-V21 -> -1 | Y21: =E21-F21-I21-L21-M21 -> 925 | Z21: =M21-N21-O21-P21 -> 0
A22: 湖北 | B22: 741 | C22: 554 | E22: 186 | T22: 1 | X22: =B22-C22-E22-S22-T22-U22-V22 -> 0 | Y22: =E22-F22-I22-L22-M22 -> 186 | Z22: =M22-N22-O22-P22 -> 0
A23: 湖南 | B23: 345 | C23: 28 | E23: 317 | X23: =B23-C23-E23-S23-T23-U23-V23 -> 0 | Y23: =E23-F23-I23-L23-M23 -> 317 | Z23: =M23-N23-O23-P23 -> 0
A24: 广东 | B24: 705 | E24: 697 | T24: 8 | X24: =B24-C24-E24-S24-T24-U24-V24 -> 0 | Y24: =E24-F24-I24-L24-M24 -> 697 | Z24: =M24-N24-O24-P24 -> 0
A25: 广西 | B25: 566 | C25: 260 | E25: 300 | X25: =B25-C25-E25-S25-T25-U25-V25 -> 6 | Y25: =E25-F25-I25-L25-M25 -> 300 | Z25: =M25-N25-O25-P25 -> 0
A26: 海南 | B26: 35 | C26: 2 | E26: 33 | X26: =B26-C26-E26-S26-T26-U26-V26 -> 0 | Y26: =E26-F26-I26-L26-M26 -> 33 | Z26: =M26-N26-O26-P26 -> 0
A27: 重庆 | B27: 90 | E27: 90 | X27: =B27-C27-E27-S27-T27-U27-V27 -> 0 | Y27: =E27-F27-I27-L27-M27 -> 90 | Z27: =M27-N27-O27-P27 -> 0
A28: 四川 | B28: 443 | C28: 139 | E28: 304 | X28: =B28-C28-E28-S28-T28-U28-V28 -> 0 | Y28: =E28-F28-I28-L28-M28 -> 304 | Z28: =M28-N28-O28-P28 -> 0
A29: 贵州 | B29: 221 | C29: 41 | E29: 180 | X29: =B29-C29-E29-S29-T29-U29-V29 -> 0 | Y29: =E29-F29-I29-L29-M29 -> 180 | Z29: =M29-N29-O29-P29 -> 0
A30: 云南 | B30: 335 | C30: 125 | E30: 210 | X30: =B30-C30-E30-S30-T30-U30-V30 -> 0 | Y30: =E30-F30-I30-L30-M30 -> 210 | Z30: =M30-N30-O30-P30 -> 0
A31: 西藏 | B31: 6 | C31: 6 | X31: =B31-C31-E31-S31-T31-U31-V31 -> 0 | Y31: =E31-F31-I31-L31-M31 -> 0 | Z31: =M31-N31-O31-P31 -> 0
A32: 陕西 | B32: 273 | E32: 273 | X32: =B32-C32-E32-S32-T32-U32-V32 -> 0 | Y32: =E32-F32-I32-L32-M32 -> 273 | Z32: =M32-N32-O32-P32 -> 0
A33: 甘肃 | B33: 157 | C33: 20 | E33: 123 | T33: 15 | X33: =B33-C33-E33-S33-T33-U33-V33 -> -1 | Y33: =E33-F33-I33-L33-M33 -> 123 | Z33: =M33-N33-O33-P33 -> 0
A34: 青海 | B34: 63 | C34: 26 | E34: 38 | X34: =B34-C34-E34-S34-T34-U34-V34 -> -1 | Y34: =E34-F34-I34-L34-M34 -> 38 | Z34: =M34-N34-O34-P34 -> 0
A35: 宁夏 | B35: 135 | E35: 120 | T35: 15 | X35: =B35-C35-E35-S35-T35-U35-V35 -> 0 | Y35: =E35-F35-I35-L35-M35 -> 120 | Z35: =M35-N35-O35-P35 -> 0
A36: 新疆 | B36: 49 | C36: 10 | E36: 30 | T36: 9 | X36: =B36-C36-E36-S36-T36-U36-V36 -> 0 | Y36: =E36-F36-I36-L36-M36 -> 30 | Z36: =M36-N36-O36-P36 -> 0
B38: =B5-SUM(B6:B36) -> -6 | C38: =C5-SUM(C6:C36) -> -2 | D38: =D5-SUM(D6:D36) -> 0 | E38: =E5-SUM(E6:E36) -> 0 | F38: =F5-SUM(F6:F36) -> 0 | H38: =H5-SUM(H6:H36) -> 0 | I38: =I5-SUM(I6:I36) -> 0 | J38: =J5-SUM(J6:J36) -> 0 | K38: =K5-SUM(K6:K36) -> 0 | L38: =L5-SUM(L6:L36) -> 0 | M38: =M5-SUM(M6:M36) -> 0 | N38: =N5-SUM(N6:N36) -> 0 | O38: =O5-SUM(O6:O36) -> 0 | P38: =P5-SUM(P6:P36) -> 0 | S38: =S5-SUM(S6:S36) -> 0 | T38: =T5-SUM(T6:T36) -> -2 | U38: =U5-SUM(U6:U36) -> 0 | V38: =V5-SUM(V6:V36) -> -1

Sheet 2008
A1: 分地区新增发电装机容量（万KW）
A2: 地区 | B2: 合计 | C2: 水电 | E2: 火电 | S2: 核电 | T2: 风电 | U2: 太阳能发电 | V2: 其他
C3: 合计 | D3: 抽水蓄能 | E3: 合计 | F3: 燃煤 | I3: 燃气 | L3: 燃油 | M3: 其他
F4: 合计 | G4: 常规燃煤 | H4: 煤矸石发电 | I4: 合计 | J4: 常规燃气 | K4: 煤层气发电 | M4: 合计 | N4: 余温、余气、余压发电 | O4: 垃圾焚烧发电 | P4: 秸秆、蔗渣、林木质发电 | Q4: 沼气 | R4: 技改增容
A5: 全国 | B5: 9202 | C5: 2148 | D5: 175 | E5: 6555 | F5: 6040 | I5: 321 | L5: 8 | M5: 185 | T5: 499 | X5: =B5-C5-E5-S5-T5-U5-V5 -> 0 | Y5: =E5-F5-I5-L5-M5 -> 1 | Z5: =M5-N5-O5-P5 -> 185
A6: 北京 | B6: 145 | E6: 145 | F6: 16 | I6: 129 | X6: =B6-C6-E6-S6-T6-U6-V6 -> 0 | Y6: =E6-F6-I6-L6-M6 -> 0 | Z6: =M6-N6-O6-P6 -> 0
A7: 天津 | B7: 60 | E7: 60 | F7: 60 | X7: =B7-C7-E7-S7-T7-U7-V7 -> 0 | Y7: =E7-F7-I7-L7-M7 -> 0 | Z7: =M7-N7-O7-P7 -> 0
A8: 河北 | B8: 365 | C8: 75 | D8: 75 | E8: 261 | F8: 257 | I8: 2 | M8: 2 | T8: 30 | X8: =B8-C8-E8-S8-T8-U8-V8 -> -1 | Y8: =E8-F8-I8-L8-M8 -> 0 | Z8: =M8-N8-O8-P8 -> 2
A9: 山西 | B9: 459 | E9: 450 | F9: 418 | M9: 32 | T9: 10 | X9: =B9-C9-E9-S9-T9-U9-V9 -> -1 | Y9: =E9-F9-I9-L9-M9 -> 0 | Z9: =M9-N9-O9-P9 -> 32
A10: 内蒙古 | B10: 773 | E10: 611 | F10: 515 | M10: 96 | T10: 162 | X10: =B10-C10-E10-S10-T10-U10-V10 -> 0 | Y10: =E10-F10-I10-L10-M10 -> 0 | Z10: =M10-N10-O10-P10 -> 96
A11: 辽宁 | B11: 290 | E11: 240 | F11: 240 | T11: 50 | X11: =B11-C11-E11-S11-T11-U11-V11 -> 0 | Y11: =E11-F11-I11-L11-M11 -> 0 | Z11: =M11-N11-O11-P11 -> 0
A12: 吉林 | B12: 112 | E12: 70 | F12: 69 | M12: 1 | T12: 42 | X12: =B12-C12-E12-S12-T12-U12-V12 -> 0 | Y12: =E12-F12-I12-L12-M12 -> 0 | Z12: =M12-N12-O12-P12 -> 1
A13: 黑龙江 | B13: 219 | C13: 1 | E13: 189 | F13: 184 | M13: 6 | T13: 29 | X13: =B13-C13-E13-S13-T13-U13-V13 -> 0 | Y13: =E13-F13-I13-L13-M13 -> -1 | Z13: =M13-N13-O13-P13 -> 6
A14: 上海 | B14: 267 | E14: 266 | F14: 266 | T14: 1 | X14: =B14-C14-E14-S14-T14-U14-V14 -> 0 | Y14: =E14-F14-I14-L14-M14 -> 0 | Z14: =M14-N14-O14-P14 -> 0
A15: 江苏 | B15: 343 | C15: 100 | D15: 100 | E15: 192 | F15: 179 | M15: 13 | T15: 50 | X15: =B15-C15-E15-S15-T15-U15-V15 -> 1 | Y15: =E15-F15-I15-L15-M15 -> 0 | Z15: =M15-N15-O15-P15 -> 13
A16: 浙江 | B16: 417 | C16: 55 | E16: 347 | F16: 269 | I16: 78 | T16: 14 | X16: =B16-C16-E16-S16-T16-U16-V16 -> 1 | Y16: =E16-F16-I16-L16-M16 -> 0 | Z16: =M16-N16-O16-P16 -> 0
A17: 安徽 | B17: 750 | E17: 750 | F17: 744 | M17: 6 | X17: =B17-C17-E17-S17-T17-U17-V17 -> 0 | Y17: =E17-F17-I17-L17-M17 -> 0 | Z17: =M17-N17-O17-P17 -> 6
A18: 福建 | B18: 372 | C18: 41 | E18: 316 | F18: 246 | I18: 70 | T18: 15 | X18: =B18-C18-E18-S18-T18-U18-V18 -> 0 | Y18: =E18-F18-I18-L18-M18 -> 0 | Z18: =M18-N18-O18-P18 -> 0
A19: 江西 | B19: 73 | E19: 70 | F19: 70 | T19: 3 | X19: =B19-C19-E19-S19-T19-U19-V19 -> 0 | Y19: =E19-F19-I19-L19-M19 -> 0 | Z19: =M19-N19-O19-P19 -> 0
A20: 山东 | B20: 326 | E20: 309 | F20: 307 | M20: 2 | T20: 17 | X20: =B20-C20-E20-S20-T20-U20-V20 -> 0 | Y20: =E20-F20-I20-L20-M20 -> 0 | Z20: =M20-N20-O20-P20 -> 2
A21: 河南 | B21: 460 | C21: 4 | E21: 457 | F21: 418 | I21: 39 | X21: =B21-C21-E21-S21-T21-U21-V21 -> -1 | Y21: =E21-F21-I21-L21-M21 -> 0 | Z21: =M21-N21-O21-P21 -> 0
A22: 湖北 | B22: 608 | C22: 488 | E22: 120 | F22: 120 | X22: =B22-C22-E22-S22-T22-U22-V22 -> 0 | Y22: =E22-F22-I22-L22-M22 -> 0 | Z22: =M22-N22-O22-P22 -> 0
A23: 湖南 | B23: 241 | C23: 115 | E23: 126 | F23: 126 | X23: =B23-C23-E23-S23-T23-U23-V23 -> 0 | Y23: =E23-F23-I23-L23-M23 -> 0 | Z23: =M23-N23-O23-P23 -> 0
A24: 广东 | B24: 300 | E24: 300 | F24: 300 | X24: =B24-C24-E24-S24-T24-U24-V24 -> 0 | Y24: =E24-F24-I24-L24-M24 -> 0 | Z24: =M24-N24-O24-P24 -> 0
A25: 广西 | B25: 403 | C25: 342 | E25: 62 | F25: 60 | M25: 2 | X25: =B25-C25-E25-S25-T25-U25-V25 -> -1 | Y25: =E25-F25-I25-L25-M25 -> 0 | Z25: =M25-N25-O25-P25 -> 2
A26: 海南 | B26: 17 | C26: 0 | E26: 12 | L26: 2 | M26: 10 | T26: 5 | X26: =B26-C26-E26-S26-T26-U26-V26 -> 0 | Y26: =E26-F26-I26-L26-M26 -> 0 | Z26: =M26-N26-O26-P26 -> 10
A27: 重庆 | B27: 218 | C27: 185 | E27: 33 | F27: 33 | X27: =B27-C27-E27-S27-T27-U27-V27 -> 0 | Y27: =E27-F27-I27-L27-M27 -> 0 | Z27: =M27-N27-O27-P27 -> 0
A28: 四川 | B28: 292 | C28: 200 | E28: 92 | F28: 92 | X28: =B28-C28-E28-S28-T28-U28-V28 -> 0 | Y28: =E28-F28-I28-L28-M28 -> 0 | Z28: =M28-N28-O28-P28 -> 0
A29: 贵州 | B29: 306 | C29: 126 | E29: 180 | F29: 180 | X29: =B29-C29-E29-S29-T29-U29-V29 -> 0 | Y29: =E29-F29-I29-L29-M29 -> 0 | Z29: =M29-N29-O29-P29 -> 0
A30: 云南 | B30: 316 | C30: 306 | E30: 3 | M30: 3 | T30: 8 | X30: =B30-C30-E30-S30-T30-U30-V30 -> -1 | Y30: =E30-F30-I30-L30-M30 -> 0 | Z30: =M30-N30-O30-P30 -> 3
A31: 西藏 | B31: 11 | C31: 3 | E31: 8 | L31: 7 | M31: 2 | X31: =B31-C31-E31-S31-T31-U31-V31 -> 0 | Y31: =E31-F31-I31-L31-M31 -> -1 | Z31: =M31-N31-O31-P31 -> 2
A32: 陕西 | B32: 535 | E32: 535 | F32: 522 | I32: 3 | M32: 10 | X32: =B32-C32-E32-S32-T32-U32-V32 -> 0 | Y32: =E32-F32-I32-L32-M32 -> 0 | Z32: =M32-N32-O32-P32 -> 10
A33: 甘肃 | B33: 231 | C33: 77 | E33: 120 | F33: 120 | T33: 34 | X33: =B33-C33-E33-S33-T33-U33-V33 -> 0 | Y33: =E33-F33-I33-L33-M33 -> 0 | Z33: =M33-N33-O33-P33 -> 0
A34: 青海 | B34: 22 | C34: 9 | E34: 14 | F34: 14 | X34: =B34-C34-E34-S34-T34-U34-V34 -> -1 | Y34: =E34-F34-I34-L34-M34 -> 0 | Z34: =M34-N34-O34-P34 -> 0
A35: 宁夏 | B35: 57 | E35: 43 | F35: 43 | I35: 0 | T35: 13 | X35: =B35-C35-E35-S35-T35-U35-V35 -> 1 | Y35: =E35-F35-I35-L35-M35 -> 0 | Z35: =M35-N35-O35-P35 -> 0
A36: 新疆 | B36: 214 | C36: 23 | E36: 175 | F36: 174 | M36: 1 | T36: 17 | X36: =B36-C36-E36-S36-T36-U36-V36 -> -1 | Y36: =E36-F36-I36-L36-M36 -> 0 | Z36: =M36-N36-O36-P36 -> 1
B38: =B5-SUM(B6:B36) -> 0 | C38: =C5-SUM(C6:C36) -> -2 | D38: =D5-SUM(D6:D36) -> 0 | E38: =E5-SUM(E6:E36) -> -1 | F38: =F5-SUM(F6:F36) -> -2 | H38: =H5-SUM(H6:H36) -> 0 | I38: =I5-SUM(I6:I36) -> 0 | J38: =J5-SUM(J6:J36) -> 0 | K38: =K5-SUM(K6:K36) -> 0 | L38: =L5-SUM(L6:L36) -> -1 | M38: =M5-SUM(M6:M36) -> -1 | N38: =N5-SUM(N6:N36) -> 0 | O38: =O5-SUM(O6:O36) -> 0 | P38: =P5-SUM(P6:P36) -> 0 | S38: =S5-SUM(S6:S36) -> 0 | T38: =T5-SUM(T6:T36) -> -1 | U38: =U5-SUM(U6:U36) -> 0 | V38: =V5-SUM(V6:V36) -> 0

Sheet 2009
A1: 分地区新增发电装机容量（万KW）
A2: 地区 | B2: 合计 | C2: 水电 | E2: 火电 | S2: 核电 | T2: 风电 | U2: 太阳能发电 | V2: 其他
C3: 合计 | D3: 抽水蓄能 | E3: 合计 | F3: 燃煤 | I3: 燃气 | L3: 燃油 | M3: 其他
F4: 合计 | G4: 常规燃煤 | H4: 煤矸石发电 | I4: 合计 | J4: 常规燃气 | K4: 煤层气发电 | M4: 合计 | N4: 余温、余气、余压发电 | O4: 垃圾焚烧发电 | P4: 秸秆、蔗渣、林木质发电 | Q4: 沼气 | R4: 技改增容
A5: 全国 | B5: 9667.35 | C5: 2105.7 | D5: 385 | E5: 6585.76 | F5: =H5+G5 -> 6341.71 | G5: 6186.71 | H5: 155 | I5: 127.34 | L5: 0.17 | M5: =SUM(N5:R5) -> 116.54 | N5: 68.25 | O5: 11.34 | P5: 23.2 | Q5: 0.05 | R5: 13.7 | T5: 973 | U5: 2.79 | X5: =B5-C5-E5-S5-T5-U5-V5 -> 0.1 | Y5: =E5-F5-I5-L5-M5 -> 1.7053026e-13 | Z5: =M5-SUM(N5:R5) -> 0
A6: 北京 | F6: =H6+G6 -> 0 | M6: =SUM(N6:R6) -> 0 | X6: =B6-C6-E6-S6-T6-U6-V6 -> 0 | Y6: =E6-F6-I6-L6-M6 -> 0 | Z6: =M6-SUM(N6:R6) -> 0
A7: 天津 | B7: 266 | E7: 266 | F7: =H7+G7 -> 266 | G7: 266 | M7: =SUM(N7:R7) -> 0 | X7: =B7-C7-E7-S7-T7-U7-V7 -> 0 | Y7: =E7-F7-I7-L7-M7 -> 0 | Z7: =M7-SUM(N7:R7) -> 0
A8: 河北 | B8: 699.78 | C8: 25 | D8: 25 | E8: 579.6 | F8: =H8+G8 -> 579 | G8: 552 | H8: 27 | M8: =SUM(N8:R8) -> 0.6 | O8: 0.6 | T8: 95.18 | X8: =B8-C8-E8-S8-T8-U8-V8 -> -5.6843419e-14 | Y8: =E8-F8-I8-L8-M8 -> 2.2759572e-14 | Z8: =M8-SUM(N8:R8) -> 0
A9: 山西 | B9: 519.5 | C9: 80 | D9: 60 | E9: 432 | F9: =H9+G9 -> 432 | G9: 372 | H9: 60 | M9: =SUM(N9:R9) -> 0 | T9: 7.5 | X9: =B9-C9-E9-S9-T9-U9-V9 -> 0 | Y9: =E9-F9-I9-L9-M9 -> 0 | Z9: =M9-SUM(N9:R9) -> 0
A10: 内蒙古 | B10: 667.57 | E10: 291.46 | F10: =H10+G10 -> 290.26 | G10: 258.26 | H10: 32 | M10: =SUM(N10:R10) -> 1.2 | P10: 1.2 | T10: 376.11 | X10: =B10-C10-E10-S10-T10-U10-V10 -> 5.6843419e-14 | Y10: =E10-F10-I10-L10-M10 -> -1.1324275e-14 | Z10: =M10-SUM(N10:R10) -> 0
A11: 辽宁 | B11: 394.19 | C11: 1.31 | E11: 271.7 | F11: =H11+G11 -> 242.5 | G11: 212.5 | H11: 30 | M11: =SUM(N11:R11) -> 29.2 | N11: 29.2 | T11: 121.18 | X11: =B11-C11-E11-S11-T11-U11-V11 -> 0 | Y11: =E11-F11-I11-L11-M11 -> 0 | Z11: =M11-SUM(N11:R11) -> 0
A12: 吉林 | B12: 410.73 | C12: 0.3 | E12: 346.7 | F12: =H12+G12 -> 338 | G12: 338 | M12: =SUM(N12:R12) -> 8.7 | O12: 4.2 | P12: 3 | R12: 1.5 | T12: 63.73 | X12: =B12-C12-E12-S12-T12-U12-V12 -> 2.1316282e-14 | Y12: =E12-F12-I12-L12-M12 -> 0 | Z12: =M12-SUM(N12:R12) -> 0
A13: 黑龙江 | B13: 134.14 | C13: 0.24 | E13: 63.24 | F13: =H13+G13 -> 62.85 | G13: 62.85 | M13: =SUM(N13:R13) -> 0.39 | O13: 0.09 | P13: 0.3 | T13: 70.66 | X13: =B13-C13-E13-S13-T13-U13-V13 -> -2.8421709e-14 | Y13: =E13-F13-I13-L13-M13 -> 5.5511151e-16 | Z13: =M13-SUM(N13:R13) -> 0
A14: 上海 | B14: 142.24 | E14: 141.2 | F14: =H14+G14 -> 132 | G14: 132 | M14: =SUM(N14:R14) -> 9.2 | R14: 9.2 | T14: 0.9 | U14: 0.14 | X14: =B14-C14-E14-S14-T14-U14-V14 -> 2.0428104e-14 | Y14: =E14-F14-I14-L14-M14 -> 0 | Z14: =M14-SUM(N14:R14) -> 0
A15: 江苏 | B15: 296.15 | E15: 264.75 | F15: =H15+G15 -> 224.3 | G15: 224.3 | M15: =SUM(N15:R15) -> 40.45 | N15: 26 | O15: 4.55 | P15: 6.9 | R15: 3 | T15: 31.15 | U15: 0.25 | X15: =B15-C15-E15-S15-T15-U15-V15 -> -2.1316282e-14 | Y15: =E15-F15-I15-L15-M15 -> 0 | Z15: =M15-SUM(N15:R15) -> 0
A16: 浙江 | B16: 342.44 | C16: 40 | E16: 300 | F16: =H16+G16 -> 300 | G16: 300 | M16: =SUM(N16:R16) -> 0 | T16: 2.44 | X16: =B16-C16-E16-S16-T16-U16-V16 -> -2.220446e-15 | Y16: =E16-F16-I16-L16-M16 -> 0 | Z16: =M16-SUM(N16:R16) -> 0
A17: 安徽 | B17: 230.9 | C17: 7.8 | E17: 223.1 | F17: =H17+G17 -> 214.5 | G17: 214.5 | M17: =SUM(N17:R17) -> 8.6 | N17: 3.7 | P17: 4.9 | X17: =B17-C17-E17-S17-T17-U17-V17 -> 0 | Y17: =E17-F17-I17-L17-M17 -> 0 | Z17: =M17-SUM(N17:R17) -> 0
A18: 福建 | B18: 272.95 | E18: 266 | F18: =H18+G18 -> 161 | G18: 161 | I18: 105 | M18: =SUM(N18:R18) -> 0 | T18: 6.95 | X18: =B18-C18-E18-S18-T18-U18-V18 -> -1.1546319e-14 | Y18: =E18-F18-I18-L18-M18 -> 0 | Z18: =M18-SUM(N18:R18) -> 0
A19: 江西 | B19: 236.4 | E19: 231 | F19: =H19+G19 -> 231 | G19: 231 | M19: =SUM(N19:R19) -> 0 | T19: 5.4 | X19: =B19-C19-E19-S19-T19-U19-V19 -> 5.3290705e-15 | Y19: =E19-F19-I19-L19-M19 -> 0 | Z19: =M19-SUM(N19:R19) -> 0
A20: 山东 | B20: 504.49 | E20: 447.4 | F20: =H20+G20 -> 442.3 | G20: 442.3 | M20: =SUM(N20:R20) -> 5.1 | O20: 1.8 | P20: 3.3 | T20: 57.09 | X20: =B20-C20-E20-S20-T20-U20-V20 -> 2.8421709e-14 | Y20: =E20-F20-I20-L20-M20 -> -3.375078e-14 | Z20: =M20-SUM(N20:R20) -> 0
A21: 河南 | B21: 493.33 | C21: 90 | D21: 90 | E21: 401 | F21: =H21+G21 -> 401 | G21: 401 | M21: =SUM(N21:R21) -> 5.25 | N21: 1.65 | P21: 3.6 | T21: 2.33 | X21: =B21-C21-E21-S21-T21-U21-V21 -> -1.5987212e-14 | Y21: =E21-F21-I21-L21-M21 -> -5.25 | Z21: =M21-SUM(N21:R21) -> 0
A22: 湖北 | B22: 242.04 | C22: 83.19 | D22: 60 | E22: 158.4 | F22: =H22+G22 -> 153.15 | G22: 153.15 | M22: =SUM(N22:R22) -> 0 | T22: 0.45 | X22: =B22-C22-E22-S22-T22-U22-V22 -> -1.1379786e-14 | Y22: =E22-F22-I22-L22-M22 -> 5.25 | Z22: =M22-SUM(N22:R22) -> 0
A23: 湖南 | B23: 232.25 | C23: 90.7 | D23: 60 | E23: 141.55 | F23: =H23+G23 -> 139.25 | G23: 133.25 | H23: 6 | M23: =SUM(N23:R23) -> 2.3 | N23: 2.2 | O23: 0.1 | X23: =B23-C23-E23-S23-T23-U23-V23 -> 0 | Y23: =E23-F23-I23-L23-M23 -> 1.110223e-14 | Z23: =M23-SUM(N23:R23) -> 0
A24: 广东 | B24: 823.45 | C24: 90 | D24: 90 | E24: 716.8 | F24: =H24+G24 -> 701.2 | G24: 701.2 | I24: 15.6 | M24: =SUM(N24:R24) -> 0 | T24: 16.65 | X24: =B24-C24-E24-S24-T24-U24-V24 -> 9.2370556e-14 | Y24: =E24-F24-I24-L24-M24 -> -9.0594199e-14 | Z24: =M24-SUM(N24:R24) -> 0
A25: 广西 | B25: 73.32 | C25: 72.42 | E25: 0.9 | F25: =H25+G25 -> 0.9 | G25: 0.9 | M25: =SUM(N25:R25) -> 0 | X25: =B25-C25-E25-S25-T25-U25-V25 -> -8.5487173e-15 | Y25: =E25-F25-I25-L25-M25 -> 0 | Z25: =M25-SUM(N25:R25) -> 0
A26: 海南 | B26: 87.32 | C26: 8.2 | E26: 71.37 | F26: =H26+G26 -> 70 | G26: 70 | L26: 0.17 | M26: =SUM(N26:R26) -> 1.2 | N26: 1.2 | T26: 7.75 | X26: =B26-C26-E26-S26-T26-U26-V26 -> -1.4210855e-14 | Y26: =E26-F26-I26-L26-M26 -> 4.6629367e-15 | Z26: =M26-SUM(N26:R26) -> 0
A27: 重庆 | B27: 31.53 | C27: 26.6 | M27: =SUM(N27:R27) -> 0 | T27: 4.93 | X27: =B27-C27-E27-S27-T27-U27-V27 -> 0 | Y27: =E27-F27-I27-L27-M27 -> 0 | Z27: =M27-SUM(N27:R27) -> 0
A28: 四川 | B28: 400 | C28: 398.7 | E28: 1.3 | M28: =SUM(N28:R28) -> 1.3 | N28: 1.3 | X28: =B28-C28-E28-S28-T28-U28-V28 -> 1.1324275e-14 | Y28: =E28-F28-I28-L28-M28 -> 0 | Z28: =M28-SUM(N28:R28) -> 0
A29: 贵州 | B29: 466.05 | C29: 316.05 | E29: 150 | F29: =H29+G29 -> 150 | G29: 150 | M29: =SUM(N29:R29) -> 0 | X29: =B29-C29-E29-S29-T29-U29-V29 -> 0 | Y29: =E29-F29-I29-L29-M29 -> 0 | Z29: =M29-SUM(N29:R29) -> 0
A30: 云南 | B30: 495.53 | C30: 430.33 | E30: 60.05 | F30: =H30+G30 -> 60 | G30: 60 | M30: =SUM(N30:R30) -> 0.05 | Q30: 0.05 | T30: 4.95 | U30: 0.2 | X30: =B30-C30-E30-S30-T30-U30-V30 -> -8.7152507e-15 | Y30: =E30-F30-I30-L30-M30 -> -2.8449465e-15 | Z30: =M30-SUM(N30:R30) -> 0
A31: 西藏 | B31: 0.1 | M31: =SUM(N31:R31) -> 0 | X31: =B31-C31-E31-S31-T31-U31-V31 -> 0.1 | Y31: =E31-F31-I31-L31-M31 -> 0 | Z31: =M31-SUM(N31:R31) -> 0
A32: 陕西 | B32: 257.9 | C32: 5.9 | E32: 252 | F32: =H32+G32 -> 252 | G32: 252 | M32: =SUM(N32:R32) -> 0 | X32: =B32-C32-E32-S32-T32-U32-V32 -> -2.8421709e-14 | Y32: =E32-F32-I32-L32-M32 -> 0 | Z32: =M32-SUM(N32:R32) -> 0
A33: 甘肃 | B33: 348.27 | C33: 45.27 | E33: 258 | F33: =H33+G33 -> 258 | G33: 258 | M33: =SUM(N33:R33) -> 0 | T33: 45 | X33: =B33-C33-E33-S33-T33-U33-V33 -> 0 | Y33: =E33-F33-I33-L33-M33 -> 0 | Z33: =M33-SUM(N33:R33) -> 0
A34: 青海 | B34: 282.42 | C34: 282.42 | M34: =SUM(N34:R34) -> 0 | X34: =B34-C34-E34-S34-T34-U34-V34 -> 0 | Y34: =E34-F34-I34-L34-M34 -> 0 | Z34: =M34-SUM(N34:R34) -> 0
A35: 宁夏 | B35: 144.05 | E35: 126.4 | F35: =H35+G35 -> 120 | G35: 120 | I35: 6.4 | M35: =SUM(N35:R35) -> 0 | T35: 15.45 | U35: 2.2 | X35: =B35-C35-E35-S35-T35-U35-V35 -> 6.2172489e-15 | Y35: =E35-F35-I35-L35-M35 -> 5.3290705e-15 | Z35: =M35-SUM(N35:R35) -> 0
A36: 新疆 | B36: 172.31 | C36: 11.27 | E36: 123.84 | F36: =H36+G36 -> 120.5 | G36: 120.5 | I36: 0.34 | M36: =SUM(N36:R36) -> 3 | N36: 3 | T36: 37.2 | X36: =B36-C36-E36-S36-T36-U36-V36 -> -1.4210855e-14 | Y36: =E36-F36-I36-L36-M36 -> 3.5527137e-15 | Z36: =M36-SUM(N36:R36) -> 0
B38: =B5-SUM(B6:B36) -> 0 | C38: =C5-SUM(C6:C36) -> 0 | D38: =D5-SUM(D6:D36) -> 0 | E38: =E5-SUM(E6:E36) -> 0 | F38: =F5-SUM(F6:F36) -> 0 | H38: =H5-SUM(H6:H36) -> 0 | I38: =I5-SUM(I6:I36) -> 0 | J38: =J5-SUM(J6:J36) -> 0 | K38: =K5-SUM(K6:K36) -> 0 | L38: =L5-SUM(L6:L36) -> 0 | M38: =M5-SUM(M6:M36) -> 0 | N38: =N5-SUM(N6:N36) -> 0 | O38: =O5-SUM(O6:O36) -> 0 | P38: =P5-SUM(P6:P36) -> 0 | S38: =S5-SUM(S6:S36) -> 0 | T38: =T5-SUM(T6:T36) -> 0 | U38: =U5-SUM(U6:U36) -> 0 | V38: =V5-SUM(V6:V36) -> 0

Sheet 2010
A1: 分地区新增发电装机容量（万KW）
A2: 地区 | B2: 合计 | C2: 水电 | E2: 火电 | S2: 核电 | T2: 风电 | U2: 太阳能发电 | V2: 其他
C3: 合计 | D3: 抽水蓄能 | E3: 合计 | F3: 燃煤 | I3: 燃气 | L3: 燃油 | M3: 其他
F4: 合计 | G4: 常规燃煤 | H4: 煤矸石发电 | I4: 合计 | J4: 常规燃气 | K4: 煤层气发电 | M4: 合计 | N4: 余温、余气、余压发电 | O4: 垃圾焚烧发电 | P4: 秸秆、蔗渣、林木质发电 | Q4: 沼气 | R4: 技改增容
A5: 全国 | B5: 9124 | C5: 1642.85 | D5: 240 | E5: 5830.56 | F5: 5555.98 | H5: 130.14 | I5: 123.5 | L5: 2.98 | M5: =SUM(N5:P5) -> 138.91 | N5: 81.77 | O5: 14.03 | P5: 43.11 | Q5: 0.19 | S5: 173.69 | T5: 1457.31 | U5: 19.59 | X5: =B5-C5-E5-S5-T5-U5-V5 -> -7.6383344e-13 | Y5: =E5-F5-I5-L5-M5 -> 9.19 | Z5: =M5-N5-O5-P5 -> 0
A6: 北京 | B6: 8.55 | M6: =SUM(N6:P6) -> 0 | T6: 8.55 | X6: =B6-C6-E6-S6-T6-U6-V6 -> 0 | Y6: =E6-F6-I6-L6-M6 -> 0 | Z6: =M6-N6-O6-P6 -> 0
A7: 天津 | B7: 97.55 | E7: 90 | F7: 90 | M7: =SUM(N7:P7) -> 0 | T7: 7.55 | X7: =B7-C7-E7-S7-T7-U7-V7 -> -2.6645353e-15 | Y7: =E7-F7-I7-L7-M7 -> 0 | Z7: =M7-N7-O7-P7 -> 0
A8: 河北 | B8: 373.51 | E8: 164.8 | F8: 154 | M8: =SUM(N8:P8) -> 10.8 | N8: 3 | O8: 1.8 | P8: 6 | T8: 208.71 | X8: =B8-C8-E8-S8-T8-U8-V8 -> -2.8421709e-14 | Y8: =E8-F8-I8-L8-M8 -> 0 | Z8: =M8-N8-O8-P8 -> 0
A9: 山西 | B9: 214.4 | C9: 22 | E9: 155.5 | F9: 153 | M9: =SUM(N9:P9) -> 2.5 | N9: 1.9 | P9: 0.6 | T9: 36.9 | X9: =B9-C9-E9-S9-T9-U9-V9 -> 7.1054274e-15 | Y9: =E9-F9-I9-L9-M9 -> 0 | Z9: =M9-N9-O9-P9 -> 0
A10: 内蒙古 | B10: 1008.42 | C10: 1.35 | E10: 575.8 | F10: 574 | H10: 60 | M10: =SUM(N10:P10) -> 1.8 | P10: 1.8 | T10: 431.27 | X10: =B10-C10-E10-S10-T10-U10-V10 -> 0 | Y10: =E10-F10-I10-L10-M10 -> -4.5519144e-14 | Z10: =M10-N10-O10-P10 -> 0
A11: 辽宁 | B11: 602.98 | E11: 486.25 | F11: 482.4 | H11: 30 | M11: =SUM(N11:P11) -> 3.85 | N11: 3.85 | T11: 116.73 | X11: =B11-C11-E11-S11-T11-U11-V11 -> 1.4210855e-14 | Y11: =E11-F11-I11-L11-M11 -> 2.264855e-14 | Z11: =M11-N11-O11-P11 -> 0
A12: 吉林 | B12: 449.48 | C12: 9.44 | E12: 359.74 | F12: 349.7 | M12: =SUM(N12:P12) -> 10.04 | N12: 6.05 | O12: 3.1 | P12: 0.89 | T12: 80.3 | X12: =B12-C12-E12-S12-T12-U12-V12 -> 1.4210855e-14 | Y12: =E12-F12-I12-L12-M12 -> 1.9539925e-14 | Z12: =M12-N12-O12-P12 -> 9.9920072e-16
A13: 黑龙江 | B13: 120.73 | E13: 52.5 | F13: 41.1 | H13: 5 | M13: =SUM(N13:P13) -> 11.4 | N13: 2.4 | P13: 9 | T13: 68.23 | X13: =B13-C13-E13-S13-T13-U13-V13 -> 0 | Y13: =E13-F13-I13-L13-M13 -> 0 | Z13: =M13-N13-O13-P13 -> 0
A14: 上海 | B14: 272.61 | E14: 263 | F14: 260 | M14: =SUM(N14:P14) -> 0 | T14: 9.3 | U14: 0.31 | X14: =B14-C14-E14-S14-T14-U14-V14 -> 1.2934098e-14 | Y14: =E14-F14-I14-L14-M14 -> 3 | Z14: =M14-N14-O14-P14 -> 0
A15: 江苏 | B15: 932.21 | E15: 865.08 | F15: 837.1 | H15: 0.14 | M15: =SUM(N15:P15) -> 26.24 | N15: 20.04 | O15: 6.2 | T15: 60.05 | U15: 7.08 | X15: =B15-C15-E15-S15-T15-U15-V15 -> -1.7763568e-15 | Y15: =E15-F15-I15-L15-M15 -> 1.74 | Z15: =M15-N15-O15-P15 -> -8.8817842e-16
A16: 浙江 | B16: 231 | C16: 2.4 | E16: 162 | F16: 162 | M16: =SUM(N16:P16) -> 0 | S16: 65 | T16: 1.6 | X16: =B16-C16-E16-S16-T16-U16-V16 -> -5.7731597e-15 | Y16: =E16-F16-I16-L16-M16 -> 0 | Z16: =M16-N16-O16-P16 -> 0
A17: 安徽 | B17: 98.8 | E17: 79 | F17: 66.9 | M17: =SUM(N17:P17) -> 12.1 | N17: 8.5 | P17: 3.6 | T17: 19.8 | X17: =B17-C17-E17-S17-T17-U17-V17 -> -3.5527137e-15 | Y17: =E17-F17-I17-L17-M17 -> 0 | Z17: =M17-N17-O17-P17 -> 0
A18: 福建 | B18: 348.4 | C18: 3 | E18: 332 | F18: 227 | I18: 105 | M18: =SUM(N18:P18) -> 0 | T18: 13.4 | X18: =B18-C18-E18-S18-T18-U18-V18 -> -2.3092639e-14 | Y18: =E18-F18-I18-L18-M18 -> 0 | Z18: =M18-N18-O18-P18 -> 0
A19: 江西 | B19: 132 | E19: 132 | F19: 132 | M19: =SUM(N19:P19) -> 0 | X19: =B19-C19-E19-S19-T19-U19-V19 -> 0 | Y19: =E19-F19-I19-L19-M19 -> 0 | Z19: =M19-N19-O19-P19 -> 0
A20: 山东 | B20: 271.84 | C20: 0.01 | E20: 183.06 | F20: 166.06 | M20: =SUM(N20:P20) -> 17 | N20: 15.8 | O20: 0.3 | P20: 0.9 | T20: 86.97 | U20: 1.8 | X20: =B20-C20-E20-S20-T20-U20-V20 -> -1.7097435e-14 | Y20: =E20-F20-I20-L20-M20 -> 0 | Z20: =M20-N20-O20-P20 -> 0
A21: 河南 | B21: 356.03 | E21: 353 | F21: 353 | M21: =SUM(N21:P21) -> 0 | T21: 3.03 | X21: =B21-C21-E21-S21-T21-U21-V21 -> -2.7089442e-14 | Y21: =E21-F21-I21-L21-M21 -> 0 | Z21: =M21-N21-O21-P21 -> 0
A22: 湖北 | B22: 304.25 | C22: 72.75 | D22: 60 | E22: 224.14 | F22: 194.6 | I22: 18.5 | M22: =SUM(N22:P22) -> 10.85 | N22: 6.05 | O22: 2.4 | P22: 2.4 | Q22: 0.19 | T22: 7.36 | X22: =B22-C22-E22-S22-T22-U22-V22 -> 1.3322676e-14 | Y22: =E22-F22-I22-L22-M22 -> 0.19 | Z22: =M22-N22-O22-P22 -> 0
A23: 湖南 | B23: 95.56 | C23: 77.03 | D23: 60 | E23: 14.9 | M23: =SUM(N23:P23) -> 14.9 | N23: 10 | O23: 0.1 | P23: 4.8 | T23: 3.63 | X23: =B23-C23-E23-S23-T23-U23-V23 -> 8.8817842e-16 | Y23: =E23-F23-I23-L23-M23 -> 0 | Z23: =M23-N23-O23-P23 -> 0
A24: 广东 | B24: 581.17 | C24: 120 | D24: 120 | E24: 337 | F24: 337 | M24: =SUM(N24:P24) -> 0 | S24: 108.69 | T24: 15.48 | X24: =B24-C24-E24-S24-T24-U24-V24 -> -3.907985e-14 | Y24: =E24-F24-I24-L24-M24 -> 0 | Z24: =M24-N24-O24-P24 -> 0
A25: 广西 | B25: 38.73 | C25: 21.53 | E25: 17.2 | M25: =SUM(N25:P25) -> 14.2 | N25: 1.08 | P25: 13.12 | X25: =B25-C25-E25-S25-T25-U25-V25 -> -3.5527137e-15 | Y25: =E25-F25-I25-L25-M25 -> 3 | Z25: =M25-N25-O25-P25 -> 0
A26: 海南 | B26: 14.73 | C26: 0.6 | E26: 0.48 | L26: 0.48 | M26: =SUM(N26:P26) -> 0 | T26: 13.65 | X26: =B26-C26-E26-S26-T26-U26-V26 -> 0 | Y26: =E26-F26-I26-L26-M26 -> 0 | Z26: =M26-N26-O26-P26 -> 0
A27: 重庆 | B27: 16.9 | C27: 13.5 | M27: =SUM(N27:P27) -> 0 | T27: 3.4 | X27: =B27-C27-E27-S27-T27-U27-V27 -> -1.3322676e-15 | Y27: =E27-F27-I27-L27-M27 -> 0 | Z27: =M27-N27-O27-P27 -> 0
A28: 四川 | B28: 396.66 | C28: 396.66 | M28: =SUM(N28:P28) -> 0 | X28: =B28-C28-E28-S28-T28-U28-V28 -> 0 | Y28: =E28-F28-I28-L28-M28 -> 0 | Z28: =M28-N28-O28-P28 -> 0
A29: 贵州 | B29: 297.95 | C29: 232.95 | E29: 65 | F29: 65 | H29: 5 | M29: =SUM(N29:P29) -> 0 | X29: =B29-C29-E29-S29-T29-U29-V29 -> 0 | Y29: =E29-F29-I29-L29-M29 -> 0 | Z29: =M29-N29-O29-P29 -> 0
A30: 云南 | B30: 445.03 | C30: 363 | E30: 60 | F30: 60 | M30: =SUM(N30:P30) -> 0 | T30: 21.23 | U30: 0.8 | X30: =B30-C30-E30-S30-T30-U30-V30 -> -2.7755576e-14 | Y30: =E30-F30-I30-L30-M30 -> 0 | Z30: =M30-N30-O30-P30 -> 0
A31: 西藏 | B31: 22.48 | E31: 20.88 | F31: 20.88 | M31: =SUM(N31:P31) -> 0 | U31: 1.6 | X31: =B31-C31-E31-S31-T31-U31-V31 -> 1.3322676e-15 | Y31: =E31-F31-I31-L31-M31 -> 0 | Z31: =M31-N31-O31-P31 -> 0
A32: 陕西 | B32: 196.58 | C32: 22.5 | E32: 169.13 | F32: 169 | H32: 30 | M32: =SUM(N32:P32) -> 0.13 | O32: 0.13 | T32: 4.95 | X32: =B32-C32-E32-S32-T32-U32-V32 -> 1.687539e-14 | Y32: =E32-F32-I32-L32-M32 -> -4.5519144e-15 | Z32: =M32-N32-O32-P32 -> 0
A33: 甘肃 | B33: 409.95 | C33: 25.9 | E33: 213 | F33: 213 | M33: =SUM(N33:P33) -> 0 | T33: 170.05 | U33: 1 | X33: =B33-C33-E33-S33-T33-U33-V33 -> 0 | Y33: =E33-F33-I33-L33-M33 -> 0 | Z33: =M33-N33-O33-P33 -> 0
A34: 青海 | B34: 204.7 | C34: 203.5 | M34: =SUM(N34:P34) -> 0 | U34: 1.2 | X34: =B34-C34-E34-S34-T34-U34-V34 -> -1.1324275e-14 | Y34: =E34-F34-I34-L34-M34 -> 0 | Z34: =M34-N34-O34-P34 -> 0
A35: 宁夏 | B35: 408.35 | E35: 370 | F35: 370 | M35: =SUM(N35:P35) -> 0 | T35: 32.55 | U35: 5.8 | X35: =B35-C35-E35-S35-T35-U35-V35 -> 2.5757174e-14 | Y35: =E35-F35-I35-L35-M35 -> 0 | Z35: =M35-N35-O35-P35 -> 0
A36: 新疆 | B36: 172.45 | C36: 54.73 | E36: 85.1 | F36: 79.5 | L36: 2.5 | M36: =SUM(N36:P36) -> 3.1 | N36: 3.1 | T36: 32.62 | X36: =B36-C36-E36-S36-T36-U36-V36 -> 7.1054274e-15 | Y36: =E36-F36-I36-L36-M36 -> -5.7731597e-15 | Z36: =M36-N36-O36-P36 -> 0
B38: =B5-SUM(B6:B36) -> 0 | C38: =C5-SUM(C6:C36) -> 0 | D38: =D5-SUM(D6:D36) -> 0 | E38: =E5-SUM(E6:E36) -> 0 | F38: =F5-SUM(F6:F36) -> -1.26 | H38: =H5-SUM(H6:H36) -> 0 | I38: =I5-SUM(I6:I36) -> 0 | J38: =J5-SUM(J6:J36) -> 0 | K38: =K5-SUM(K6:K36) -> 0 | L38: =L5-SUM(L6:L36) -> 0 | M38: =M5-SUM(M6:M36) -> 0 | N38: =N5-SUM(N6:N36) -> 0 | O38: =O5-SUM(O6:O36) -> 0 | P38: =P5-SUM(P6:P36) -> 0 | S38: =S5-SUM(S6:S36) -> 0 | T38: =T5-SUM(T6:T36) -> 0 | U38: =U5-SUM(U6:U36) -> 0 | V38: =V5-SUM(V6:V36) -> 0

Sheet 2011
A1: 分地区新增发电装机容量（万KW）
A2: 地区 | B2: 合计 | C2: 水电 | E2: 火电 | S2: 核电 | T2: 风电 | U2: 太阳能发电 | V2: 其他
C3: 合计 | D3: 抽水蓄能 | E3: 合计 | F3: 燃煤 | I3: 燃气 | L3: 燃油 | M3: 其他
F4: 合计 | G4: 常规燃煤 | H4: 煤矸石发电 | I4: 合计 | J4: 常规燃气 | K4: 煤层气发电 | M4: 合计 | N4: 余温、余气、余压发电 | O4: 垃圾焚烧发电 | P4: 秸秆、蔗渣、林木质发电 | Q4: 沼气 | R4: 技改增容
A5: 全国 | B5: 9435.65 | C5: 1282.77 | D5: 175 | E5: 6241.34 | F5: 5653.6 | H5: 183 | I5: 236.64 | N5: 77.02 | O5: 25.68 | P5: 65.4 | S5: 174.69 | T5: 1527.77 | V5: 209.08 | X5: =B5-C5-E5-S5-T5-U5-V5 -> -9.9475983e-13 | Y5: =E5-F5-I5-L5-M5 -> 351.1 | Z5: =M5-N5-O5-P5 -> -168.1
A6: 北京 | B6: 92.34 | E6: 92.34 | I6: 92.34 | X6: =B6-C6-E6-S6-T6-U6-V6 -> 0 | Y6: =E6-F6-I6-L6-M6 -> 0 | Z6: =M6-N6-O6-P6 -> 0
A7: 天津 | B7: 65.4 | E7: 60 | F7: 60 | T7: 5.4 | X7: =B7-C7-E7-S7-T7-U7-V7 -> 5.3290705e-15 | Y7: =E7-F7-I7-L7-M7 -> 0 | Z7: =M7-N7-O7-P7 -> 0
A8: 河北 | B8: 234.73 | E8: 132.9 | F8: 126 | N8: 1.5 | P8: 5.4 | T8: 88.78 | V8: 13.05 | X8: =B8-C8-E8-S8-T8-U8-V8 -> -1.7763568e-14 | Y8: =E8-F8-I8-L8-M8 -> 6.9 | Z8: =M8-N8-O8-P8 -> -6.9
A9: 山西 | B9: 677.7 | C9: 60 | D9: 60 | E9: 511.8 | F9: 448.8 | H9: 63 | N9: 0 | T9: 104.4 | V9: 1.5 | X9: =B9-C9-E9-S9-T9-U9-V9 -> 2.8421709e-14 | Y9: =E9-F9-I9-L9-M9 -> 63 | Z9: =M9-N9-O9-P9 -> 0
A10: 内蒙古 | B10: 839.14 | C10: 0.05 | E10: 464.3 | F10: 457.7 | N10: 1.8 | P10: 4.8 | T10: 368.39 | V10: 6.4 | X10: =B10-C10-E10-S10-T10-U10-V10 -> 3.375078e-14 | Y10: =E10-F10-I10-L10-M10 -> 6.6 | Z10: =M10-N10-O10-P10 -> -6.6
A11: 辽宁 | B11: 296.7 | C11: 30 | D11: 30 | E11: 157.9 | F11: 155.2 | N11: 2.7 | T11: 108.8 | X11: =B11-C11-E11-S11-T11-U11-V11 -> -1.4210855e-14 | Y11: =E11-F11-I11-L11-M11 -> 2.7 | Z11: =M11-N11-O11-P11 -> -2.7
A12: 吉林 | B12: 216.43 | C12: 6.33 | E12: 160.6 | F12: 149.4 | N12: 5.7 | P12: 5.5 | T12: 49.5 | X12: =B12-C12-E12-S12-T12-U12-V12 -> 0 | Y12: =E12-F12-I12-L12-M12 -> 11.2 | Z12: =M12-N12-O12-P12 -> -11.2
A13: 黑龙江 | B13: 167.29 | C13: 1.2 | E13: 103.55 | F13: 42.95 | H13: 60 | P13: 0.6 | T13: 62.54 | X13: =B13-C13-E13-S13-T13-U13-V13 -> 7.1054274e-15 | Y13: =E13-F13-I13-L13-M13 -> 60.6 | Z13: =M13-N13-O13-P13 -> -0.6
A14: 上海 | B14: 136.93 | E14: 127.5 | F14: 4 | I14: 122.3 | N14: 1.2 | T14: 9.43 | X14: =B14-C14-E14-S14-T14-U14-V14 -> 7.1054274e-15 | Y14: =E14-F14-I14-L14-M14 -> 1.2 | Z14: =M14-N14-O14-P14 -> -1.2
A15: 江苏 | B15: 567.38 | E15: 525.1 | F15: 479.2 | I15: 22 | N15: 15.45 | O15: 6.85 | P15: 1.6 | T15: 12.15 | V15: 30.13 | X15: =B15-C15-E15-S15-T15-U15-V15 -> 0 | Y15: =E15-F15-I15-L15-M15 -> 23.9 | Z15: =M15-N15-O15-P15 -> -23.9
A16: 浙江 | B16: 336.65 | E16: 260 | F16: 260 | S16: 66 | T16: 10.65 | X16: =B16-C16-E16-S16-T16-U16-V16 -> -2.3092639e-14 | Y16: =E16-F16-I16-L16-M16 -> 0 | Z16: =M16-N16-O16-P16 -> 0
A17: 安徽 | B17: 221.9 | C17: 25 | D17: 25 | E17: 186.8 | F17: 168.5 | N17: 6.3 | P17: 12 | T17: 9.9 | V17: 0.2 | X17: =B17-C17-E17-S17-T17-U17-V17 -> -6.0507155e-15 | Y17: =E17-F17-I17-L17-M17 -> 18.3 | Z17: =M17-N17-O17-P17 -> -18.3
A18: 福建 | B18: 142.4 | E18: 127 | F18: 127 | T18: 15.4 | X18: =B18-C18-E18-S18-T18-U18-V18 -> 5.3290705e-15 | Y18: =E18-F18-I18-L18-M18 -> 0 | Z18: =M18-N18-O18-P18 -> 0
A19: 江西 | B19: 134.95 | E19: 130 | F19: 130 | T19: 4.95 | X19: =B19-C19-E19-S19-T19-U19-V19 -> -1.1546319e-14 | Y19: =E19-F19-I19-L19-M19 -> 0 | Z19: =M19-N19-O19-P19 -> 0
A20: 山东 | B20: 525.28 | C20: 0.21 | E20: 406.18 | F20: 351.45 | N20: 30.32 | O20: 4.91 | P20: 19.5 | T20: 116.76 | V20: 2.13 | X20: =B20-C20-E20-S20-T20-U20-V20 -> -7.5495166e-14 | Y20: =E20-F20-I20-L20-M20 -> 54.73 | Z20: =M20-N20-O20-P20 -> -54.73
A21: 河南 | B21: 385 | C21: 30 | D21: 30 | E21: 347.5 | F21: 346 | P21: 1.5 | T21: 7.5 | X21: =B21-C21-E21-S21-T21-U21-V21 -> 0 | Y21: =E21-F21-I21-L21-M21 -> 1.5 | Z21: =M21-N21-O21-P21 -> -1.5
A22: 湖北 | B22: 387.83 | C22: 294.36 | E22: 87.65 | F22: 81.1 | N22: 6.55 | T22: 5.82 | X22: =B22-C22-E22-S22-T22-U22-V22 -> -3.5527137e-14 | Y22: =E22-F22-I22-L22-M22 -> 6.55 | Z22: =M22-N22-O22-P22 -> -6.55
A23: 湖南 | B23: 219.17 | C23: 16.7 | E23: 192.72 | F23: 188.7 | O23: 2.52 | P23: 1.5 | T23: 9.75 | X23: =B23-C23-E23-S23-T23-U23-V23 -> 0 | Y23: =E23-F23-I23-L23-M23 -> 4.02 | Z23: =M23-N23-O23-P23 -> -4.02
A24: 广东 | B24: 753.48 | C24: 30 | D24: 30 | E24: 591 | F24: 575.6 | O24: 5.4 | P24: 10 | S24: 108.69 | T24: 23.49 | V24: 0.3 | X24: =B24-C24-E24-S24-T24-U24-V24 -> 2.2037927e-14 | Y24: =E24-F24-I24-L24-M24 -> 15.4 | Z24: =M24-N24-O24-P24 -> -15.4
A25: 广西 | B25: 158.1 | C25: 17.15 | E25: 136 | F25: 133 | P25: 3 | T25: 4.95 | X25: =B25-C25-E25-S25-T25-U25-V25 -> -1.1546319e-14 | Y25: =E25-F25-I25-L25-M25 -> 3 | Z25: =M25-N25-O25-P25 -> -3
A26: 海南 | B26: 4.4 | E26: 2.4 | F26: 0 | O26: 2.4 | V26: 2 | X26: =B26-C26-E26-S26-T26-U26-V26 -> 0 | Y26: =E26-F26-I26-L26-M26 -> 2.4 | Z26: =M26-N26-O26-P26 -> -2.4
A27: 重庆 | B27: 123.3 | C27: 123.3 | X27: =B27-C27-E27-S27-T27-U27-V27 -> 0 | Y27: =E27-F27-I27-L27-M27 -> 0 | Z27: =M27-N27-O27-P27 -> 0
A28: 四川 | B28: 396.75 | C28: 206.05 | E28: 189.1 | F28: 180 | N28: 5.5 | O28: 3.6 | T28: 1.6 | X28: =B28-C28-E28-S28-T28-U28-V28 -> -5.7731597e-15 | Y28: =E28-F28-I28-L28-M28 -> 9.1 | Z28: =M28-N28-O28-P28 -> -9.1
A29: 贵州 | B29: 141.64 | C29: 1.19 | E29: 125 | F29: 125 | T29: 15.45 | X29: =B29-C29-E29-S29-T29-U29-V29 -> -1.0658141e-14 | Y29: =E29-F29-I29-L29-M29 -> 0 | Z29: =M29-N29-O29-P29 -> 0
A30: 云南 | B30: 393.34 | C30: 353.36 | T30: 39.98 | X30: =B30-C30-E30-S30-T30-U30-V30 -> -3.5527137e-14 | Y30: =E30-F30-I30-L30-M30 -> 0 | Z30: =M30-N30-O30-P30 -> 0
A31: 西藏 | B31: 12.17 | C31: 10.2 | V31: 1.97 | X31: =B31-C31-E31-S31-T31-U31-V31 -> 0 | Y31: =E31-F31-I31-L31-M31 -> 0 | Z31: =M31-N31-O31-P31 -> 0
A32: 陕西 | B32: 168 | C32: 2 | E32: 137 | F32: 137 | T32: 25.5 | V32: 3.5 | X32: =B32-C32-E32-S32-T32-U32-V32 -> 0 | Y32: =E32-F32-I32-L32-M32 -> 0 | Z32: =M32-N32-O32-P32 -> 0
A33: 甘肃 | B33: 420.09 | C33: 26.74 | E33: 104 | F33: 104 | T33: 281.35 | V33: 8 | X33: =B33-C33-E33-S33-T33-U33-V33 -> -5.6843419e-14 | Y33: =E33-F33-I33-L33-M33 -> 0 | Z33: =M33-N33-O33-P33 -> 0
A34: 青海 | B34: 136.1 | C34: 13 | E34: 27 | F34: 27 | T34: 1.7 | V34: 94.4 | X34: =B34-C34-E34-S34-T34-U34-V34 -> 0 | Y34: =E34-F34-I34-L34-M34 -> 0 | Z34: =M34-N34-O34-P34 -> 0
A35: 宁夏 | B35: 513.18 | E35: 374 | F35: 374 | T35: 99.08 | V35: 40.1 | X35: =B35-C35-E35-S35-T35-U35-V35 -> 0 | Y35: =E35-F35-I35-L35-M35 -> 0 | Z35: =M35-N35-O35-P35 -> 0
A36: 新疆 | B36: 567.88 | C36: 35.93 | E36: 482 | F36: 422 | H36: 60 | T36: 44.55 | V36: 5.4 | X36: =B36-C36-E36-S36-T36-U36-V36 -> 4.7961635e-14 | Y36: =E36-F36-I36-L36-M36 -> 60 | Z36: =M36-N36-O36-P36 -> 0
B38: =B5-SUM(B6:B36) -> 0 | C38: =C5-SUM(C6:C36) -> 0 | D38: =D5-SUM(D6:D36) -> 0 | E38: =E5-SUM(E6:E36) -> 0 | F38: =F5-SUM(F6:F36) -> 0 | H38: =H5-SUM(H6:H36) -> 0 | I38: =I5-SUM(I6:I36) -> 0 | J38: =J5-SUM(J6:J36) -> 0 | K38: =K5-SUM(K6:K36) -> 0 | L38: =L5-SUM(L6:L36) -> 0 | M38: =M5-SUM(M6:M36) -> 0 | N38: =N5-SUM(N6:N36) -> 0 | O38: =O5-SUM(O6:O36) -> 0 | P38: =P5-SUM(P6:P36) -> 0 | S38: =S5-SUM(S6:S36) -> 0 | T38: =T5-SUM(T6:T36) -> 0 | U38: =U5-SUM(U6:U36) -> 0 | V38: =V5-SUM(V6:V36) -> 0

Sheet 2012
A1: 分地区新增发电装机容量（万KW）
A2: 地区 | B2: 合计 | C2: 水电 | E2: 火电 | S2: 核电 | T2: 风电 | U2: 太阳能发电 | V2: 其他
C3: 合计 | D3: 抽水蓄能 | E3: 合计 | F3: 燃煤 | I3: 燃气 | L3: 燃油 | M3: 其他
F4: 合计 | G4: 常规燃煤 | H4: 煤矸石发电 | I4: 合计 | J4: 常规燃气 | K4: 煤层气发电 | M4: 合计 | N4: 余温、余气、余压发电 | O4: 垃圾焚烧发电 | P4: 秸秆、蔗渣、林木质发电 | Q4: 沼气 | R4: 技改增容
A5: 全国 | B5: 8315 | C5: 1676 | D5: 165 | E5: 5236 | F5: 4788 | H5: 156 | I5: 247 | M5: 201 | N5: 105 | O5: 20 | P5: 75 | T5: 1296 | U5: 107 | X5: =B5-C5-E5-S5-T5-U5-V5 -> 0 | Y5: =E5-F5-I5-L5-M5 -> 0 | Z5: =M5-N5-O5-P5 -> 1
A6: 北京 | F6: 0 | I6: 0 | M6: 0 | X6: =B6-C6-E6-S6-T6-U6-V6 -> 0 | Y6: =E6-F6-I6-L6-M6 -> 0 | Z6: =M6-N6-O6-P6 -> 0
A7: 天津 | B7: 31 | E7: 27 | F7: 27 | I7: 0 | M7: 0 | T7: 5 | X7: =B7-C7-E7-S7-T7-U7-V7 -> -1 | Y7: =E7-F7-I7-L7-M7 -> 0 | Z7: =M7-N7-O7-P7 -> 0
A8: 河北 | B8: 334 | E8: 175 | F8: 153 | H8: 60 | I8: 0 | M8: 22 | N8: 0.6 | O8: 4 | P8: 18 | T8: 158 | U8: 0.1 | X8: =B8-C8-E8-S8-T8-U8-V8 -> 0.9 | Y8: =E8-F8-I8-L8-M8 -> 0 | Z8: =M8-N8-O8-P8 -> -0.6
A9: 山西 | B9: 422 | E9: 318 | F9: 317 | H9: 30 | I9: 0.5 | M9: 0 | T9: 103 | U9: 0.8 | X9: =B9-C9-E9-S9-T9-U9-V9 -> 0.2 | Y9: =E9-F9-I9-L9-M9 -> 0.5 | Z9: =M9-N9-O9-P9 -> 0
A10: 内蒙古 | B10: 234 | C10: 1 | E10: 71 | F10: 71 | I10: 0 | M10: 0 | T10: 152 | U10: 11 | X10: =B10-C10-E10-S10-T10-U10-V10 -> -1 | Y10: =E10-F10-I10-L10-M10 -> 0 | Z10: =M10-N10-O10-P10 -> 0
A11: 辽宁 | B11: 421 | C11: 95 | D11: 90 | E11: 257 | F11: 221 | I11: 0 | M11: 36 | N11: 25 | P11: 11 | T11: 69 | U11: 1 | X11: =B11-C11-E11-S11-T11-U11-V11 -> -1 | Y11: =E11-F11-I11-L11-M11 -> 0 | Z11: =M11-N11-O11-P11 -> 0
A12: 吉林 | B12: 159 | C12: 9 | E12: 111 | F12: 104 | H12: 66 | I12: 0 | M12: 8 | N12: 6 | P12: 2 | T12: 39 | X12: =B12-C12-E12-S12-T12-U12-V12 -> 0 | Y12: =E12-F12-I12-L12-M12 -> -1 | Z12: =M12-N12-O12-P12 -> 0
A13: 黑龙江 | B13: 87 | C13: 0.4 | E13: 16 | F13: 0 | I13: 2 | M13: 13 | N13: 8 | P13: 5 | T13: 71 | X13: =B13-C13-E13-S13-T13-U13-V13 -> -0.4 | Y13: =E13-F13-I13-L13-M13 -> 1 | Z13: =M13-N13-O13-P13 -> 0
A14: 上海 | B14: 42 | E14: 42 | F14: 42 | I14: 0 | M14: 0 | X14: =B14-C14-E14-S14-T14-U14-V14 -> 0 | Y14: =E14-F14-I14-L14-M14 -> 0 | Z14: =M14-N14-O14-P14 -> 0
A15: 江苏 | B15: 584 | C15: 0 | E15: 540 | F15: 399 | I15: 117 | M15: 24 | N15: 18 | O15: 0.8 | P15: 5 | T15: 37 | U15: 7 | X15: =B15-C15-E15-S15-T15-U15-V15 -> 0 | Y15: =E15-F15-I15-L15-M15 -> 0 | Z15: =M15-N15-O15-P15 -> 0.2
A16: 浙江 | B16: 139 | E16: 131 | F16: 4 | I16: 127 | M16: 0 | T16: 8 | X16: =B16-C16-E16-S16-T16-U16-V16 -> 0 | Y16: =E16-F16-I16-L16-M16 -> 0 | Z16: =M16-N16-O16-P16 -> 0
A17: 安徽 | B17: 352 | C17: 77 | D17: 75 | E17: 269 | F17: 263 | I17: 0 | M17: 6 | N17: 2 | O17: 0.1 | P17: 3 | T17: 5 | U17: 1.5 | X17: =B17-C17-E17-S17-T17-U17-V17 -> -0.5 | Y17: =E17-F17-I17-L17-M17 -> 0 | Z17: =M17-N17-O17-P17 -> 0.9
A18: 福建 | B18: 137 | E18: 127 | F18: 127 | I18: 0 | M18: 0 | T18: 10 | X18: =B18-C18-E18-S18-T18-U18-V18 -> 0 | Y18: =E18-F18-I18-L18-M18 -> 0 | Z18: =M18-N18-O18-P18 -> 0
A19: 江西 | B19: 138 | C19: 4 | E19: 130 | F19: 130 | I19: 0 | M19: 0 | T19: 3 | X19: =B19-C19-E19-S19-T19-U19-V19 -> 1 | Y19: =E19-F19-I19-L19-M19 -> 0 | Z19: =M19-N19-O19-P19 -> 0
A20: 山东 | B20: 521 | C20: 0.7 | E20: 381 | F20: 337 | I20: 0.4 | M20: 45 | N20: 28 | O20: 5 | P20: 11 | T20: 132 | U20: 7 | X20: =B20-C20-E20-S20-T20-U20-V20 -> 0.3 | Y20: =E20-F20-I20-L20-M20 -> -1.4 | Z20: =M20-N20-O20-P20 -> 1
A21: 河南 | B21: 620 | E21: 615 | F21: 613 | I21: 0 | M21: 2 | P21: 2 | T21: 5 | X21: =B21-C21-E21-S21-T21-U21-V21 -> 0 | Y21: =E21-F21-I21-L21-M21 -> 0 | Z21: =M21-N21-O21-P21 -> 0
A22: 湖北 | B22: 441 | C22: 196 | E22: 239 | F22: 203 | I22: 0.2 | M22: 35 | N22: 17 | O22: 6 | P22: 13 | T22: 5 | U22: 0.9 | X22: =B22-C22-E22-S22-T22-U22-V22 -> 0.1 | Y22: =E22-F22-I22-L22-M22 -> 0.8 | Z22: =M22-N22-O22-P22 -> -1
A23: 湖南 | B23: 95 | C23: 17 | E23: 72 | F23: 66 | I23: 0 | M23: 6 | P23: 6 | T23: 5 | X23: =B23-C23-E23-S23-T23-U23-V23 -> 1 | Y23: =E23-F23-I23-L23-M23 -> 0 | Z23: =M23-N23-O23-P23 -> 0
A24: 广东 | B24: 533 | E24: 496 | F24: 496 | I24: 0 | M24: 0 | T24: 36 | U24: 2 | X24: =B24-C24-E24-S24-T24-U24-V24 -> -1 | Y24: =E24-F24-I24-L24-M24 -> 0 | Z24: =M24-N24-O24-P24 -> 0
A25: 广西 | B25: 275 | C25: 4 | E25: 266 | F25: 266 | I25: 0 | M25: 0 | T25: 5 | X25: =B25-C25-E25-S25-T25-U25-V25 -> 0 | Y25: =E25-F25-I25-L25-M25 -> 0 | Z25: =M25-N25-O25-P25 -> 0
A26: 海南 | B26: 75 | E26: 70 | F26: 70 | I26: 0 | M26: 0 | T26: 5 | X26: =B26-C26-E26-S26-T26-U26-V26 -> 0 | Y26: =E26-F26-I26-L26-M26 -> 0 | Z26: =M26-N26-O26-P26 -> 0
A27: 重庆 | B27: 17 | C27: 17 | F27: 0 | I27: 0 | M27: 0 | X27: =B27-C27-E27-S27-T27-U27-V27 -> 0 | Y27: =E27-F27-I27-L27-M27 -> 0 | Z27: =M27-N27-O27-P27 -> 0
A28: 四川 | B28: 797 | C28: 730 | E28: 67 | F28: 62 | I28: 0 | M28: 5 | N28: 0.2 | O28: 5 | X28: =B28-C28-E28-S28-T28-U28-V28 -> 0 | Y28: =E28-F28-I28-L28-M28 -> 0 | Z28: =M28-N28-O28-P28 -> -0.2
A29: 贵州 | B29: 182 | C29: 11 | E29: 126 | F29: 126 | I29: 0 | M29: 0 | T29: 45 | X29: =B29-C29-E29-S29-T29-U29-V29 -> 0 | Y29: =E29-F29-I29-L29-M29 -> 0 | Z29: =M29-N29-O29-P29 -> 0
A30: 云南 | B30: 708 | C30: 397 | E30: 180 | F30: 180 | I30: 0 | M30: 0 | T30: 130 | U30: 1 | X30: =B30-C30-E30-S30-T30-U30-V30 -> 0 | Y30: =E30-F30-I30-L30-M30 -> 0 | Z30: =M30-N30-O30-P30 -> 0
A31: 西藏 | B31: 4 | F31: 0 | I31: 0 | M31: 0 | U31: 4 | X31: =B31-C31-E31-S31-T31-U31-V31 -> 0 | Y31: =E31-F31-I31-L31-M31 -> 0 | Z31: =M31-N31-O31-P31 -> 0
A32: 陕西 | B32: 90 | E32: 66 | F32: 66 | I32: 0 | M32: 0 | T32: 22 | U32: 3 | X32: =B32-C32-E32-S32-T32-U32-V32 -> -1 | Y32: =E32-F32-I32-L32-M32 -> 0 | Z32: =M32-N32-O32-P32 -> 0
A33: 甘肃 | B33: 156 | C33: 40 | E33: 12 | F33: 12 | I33: 0 | M33: 0 | T33: 75 | U33: 29 | X33: =B33-C33-E33-S33-T33-U33-V33 -> 0 | Y33: =E33-F33-I33-L33-M33 -> 0 | Z33: =M33-N33-O33-P33 -> 0
A34: 青海 | B34: 27 | C34: 4 | F34: 0 | I34: 0 | M34: 0 | T34: 0.2 | U34: 23 | X34: =B34-C34-E34-S34-T34-U34-V34 -> -0.2 | Y34: =E34-F34-I34-L34-M34 -> 0 | Z34: =M34-N34-O34-P34 -> 0
A35: 宁夏 | B35: 95 | F35: 0 | I35: 0 | M35: 0 | T35: 92 | U35: 3 | X35: =B35-C35-E35-S35-T35-U35-V35 -> 0 | Y35: =E35-F35-I35-L35-M35 -> 0 | Z35: =M35-N35-O35-P35 -> 0
A36: 新疆 | B36: 600 | C36: 73 | E36: 433 | F36: 433 | I36: 0 | M36: 0 | T36: 79 | U36: 14 | X36: =B36-C36-E36-S36-T36-U36-V36 -> 1 | Y36: =E36-F36-I36-L36-M36 -> 0 | Z36: =M36-N36-O36-P36 -> 0
B38: =B5-SUM(B6:B36) -> -1 | C38: =C5-SUM(C6:C36) -> -0.1 | D38: =D5-SUM(D6:D36) -> 0 | E38: =E5-SUM(E6:E36) -> -1 | F38: =F5-SUM(F6:F36) -> 0 | H38: =H5-SUM(H6:H36) -> 0 | I38: =I5-SUM(I6:I36) -> -0.1 | J38: =J5-SUM(J6:J36) -> 0 | K38: =K5-SUM(K6:K36) -> 0 | L38: =L5-SUM(L6:L36) -> 0 | M38: =M5-SUM(M6:M36) -> -1 | N38: =N5-SUM(N6:N36) -> 0.2 | O38: =O5-SUM(O6:O36) -> -0.9 | P38: =P5-SUM(P6:P36) -> -1 | S38: =S5-SUM(S6:S36) -> 0 | T38: =T5-SUM(T6:T36) -> -0.2 | U38: =U5-SUM(U6:U36) -> -1.3 | V38: =V5-SUM(V6:V36) -> 0

Sheet 2013
A1: 分地区新增发电装机容量（万KW）
A2: 地区 | B2: 合计 | C2: 水电 | E2: 火电 | S2: 核电 | T2: 风电 | U2: 太阳能发电 | V2: 其他
C3: 合计 | D3: 抽水蓄能 | E3: 合计 | F3: 燃煤 | I3: 燃气 | L3: 燃油 | M3: 其他
F4: 合计 | G4: 常规燃煤 | H4: 煤矸石发电 | I4: 合计 | J4: 常规燃气 | K4: 煤层气发电 | M4: 合计 | N4: 余温、余气、余压发电 | O4: 垃圾焚烧发电 | P4: 秸秆、蔗渣、林木质发电 | Q4: 沼气 | R4: 技改增容
A5: 全国 | B5: 10222 | C5: 3096 | D5: 120 | E5: 4175 | F5: 3447 | H5: 61 | I5: 440 | J5: 439 | L5: 15 | M5: 273 | N5: 182 | O5: 34 | P5: 56 | S5: 221 | T5: 1487 | U5: 1243 | X5: =B5-C5-E5-S5-T5-U5-V5 -> 0 | Y5: =E5-F5-I5-L5-M5 -> 0 | Z5: =M5-N5-O5-P5 -> 1
A6: 北京 | B6: 84 | E6: 84 | F6: 0 | I6: 84 | J6: 84 | M6: 0 | X6: =B6-C6-E6-S6-T6-U6-V6 -> 0 | Y6: =E6-F6-I6-L6-M6 -> 0 | Z6: =M6-N6-O6-P6 -> 0
A7: 天津 | B7: 3 | F7: 0 | M7: 0 | T7: 3 | X7: =B7-C7-E7-S7-T7-U7-V7 -> 0 | Y7: =E7-F7-I7-L7-M7 -> 0 | Z7: =M7-N7-O7-P7 -> 0
A8: 河北 | B8: 279 | E8: 191 | F8: 190 | M8: 1.2 | O8: 1.2 | T8: 71 | U8: 16 | X8: =B8-C8-E8-S8-T8-U8-V8 -> 1 | Y8: =E8-F8-I8-L8-M8 -> -0.2 | Z8: =M8-N8-O8-P8 -> 0
A9: 山西 | B9: 273 | E9: 187 | F9: 187 | M9: 0 | T9: 81 | U9: 5 | X9: =B9-C9-E9-S9-T9-U9-V9 -> 0 | Y9: =E9-F9-I9-L9-M9 -> 0 | Z9: =M9-N9-O9-P9 -> 0
A10: 内蒙古 | B10: 548 | E10: 241 | F10: 229 | M10: 12 | N10: 8 | O10: 4 | T10: 207 | U10: 100 | X10: =B10-C10-E10-S10-T10-U10-V10 -> 0 | Y10: =E10-F10-I10-L10-M10 -> 0 | Z10: =M10-N10-O10-P10 -> 0
A11: 辽宁 | B11: 206 | E11: 26 | F11: 0 | M11: 26 | N11: 20 | P11: 6 | S11: 112 | T11: 66 | U11: 2 | X11: =B11-C11-E11-S11-T11-U11-V11 -> 0 | Y11: =E11-F11-I11-L11-M11 -> 0 | Z11: =M11-N11-O11-P11 -> 0
A12: 吉林 | B12: 64 | C12: 3 | E12: 17 | F12: 9 | M12: 8 | N12: 8 | T12: 43 | U12: 1 | X12: =B12-C12-E12-S12-T12-U12-V12 -> 0 | Y12: =E12-F12-I12-L12-M12 -> 0 | Z12: =M12-N12-O12-P12 -> 0
A13: 黑龙江 | B13: 192 | C13: 2 | E13: 126 | F13: 100 | M13: 26 | N13: 22 | P13: 3 | T13: 63 | U13: 1 | X13: =B13-C13-E13-S13-T13-U13-V13 -> 0 | Y13: =E13-F13-I13-L13-M13 -> 0 | Z13: =M13-N13-O13-P13 -> 1
A14: 上海 | B14: 20 | E14: 12 | F14: 0 | I14: 1 | M14: 11 | N14: 4 | O14: 8 | T14: 5 | U14: 3 | X14: =B14-C14-E14-S14-T14-U14-V14 -> 0 | Y14: =E14-F14-I14-L14-M14 -> 0 | Z14: =M14-N14-O14-P14 -> -1
A15: 江苏 | B15: 855 | E15: 722 | F15: 569 | I15: 124 | J15: 123.6 | M15: 30 | N15: 16 | O15: 11.7 | P15: 2 | T15: 53 | U15: 80 | X15: =B15-C15-E15-S15-T15-U15-V15 -> 0 | Y15: =E15-F15-I15-L15-M15 -> -1 | Z15: =M15-N15-O15-P15 -> 0.3
A16: 浙江 | B16: 232 | E16: 231 | I16: 231 | J16: 231 | M16: 0 | T16: 0.9 | X16: =B16-C16-E16-S16-T16-U16-V16 -> 0.1 | Y16: =E16-F16-I16-L16-M16 -> 0 | Z16: =M16-N16-O16-P16 -> 0
A17: 安徽 | B17: 465 | C17: 0.6 | E17: 439 | F17: 423 | H17: 30 | M17: 16 | N17: 4 | P17: 12 | T17: 22 | U17: 3.1 | X17: =B17-C17-E17-S17-T17-U17-V17 -> 0.3 | Y17: =E17-F17-I17-L17-M17 -> 0 | Z17: =M17-N17-O17-P17 -> 0
A18: 福建 | B18: 256 | C18: 134 | D18: 120 | F18: 0 | M18: 0 | S18: 109 | T18: 13 | X18: =B18-C18-E18-S18-T18-U18-V18 -> 0 | Y18: =E18-F18-I18-L18-M18 -> 0 | Z18: =M18-N18-O18-P18 -> 0
A19: 江西 | B19: 40 | C19: 25 | F19: 0 | M19: 0 | T19: 13 | U19: 2 | X19: =B19-C19-E19-S19-T19-U19-V19 -> 0 | Y19: =E19-F19-I19-L19-M19 -> 0 | Z19: =M19-N19-O19-P19 -> 0
A20: 山东 | B20: 464 | E20: 333 | F20: 290 | H20: 0.6 | M20: 43 | N20: 25 | O20: 5 | P20: 13 | T20: 123 | U20: 9 | X20: =B20-C20-E20-S20-T20-U20-V20 -> -1 | Y20: =E20-F20-I20-L20-M20 -> 0 | Z20: =M20-N20-O20-P20 -> 0
A21: 河南 | B21: 160 | E21: 153 | F21: 153 | M21: 0 | T21: 7 | X21: =B21-C21-E21-S21-T21-U21-V21 -> 0 | Y21: =E21-F21-I21-L21-M21 -> 0 | Z21: =M21-N21-O21-P21 -> 0
A22: 湖北 | B22: 171 | C22: 14 | E22: 127 | F22: 100 | M22: 27 | N22: 19 | O22: 3 | P22: 6 | T22: 26 | U22: 3.9 | X22: =B22-C22-E22-S22-T22-U22-V22 -> 0.1 | Y22: =E22-F22-I22-L22-M22 -> 0 | Z22: =M22-N22-O22-P22 -> -1
A23: 湖南 | B23: 52 | C23: 14 | E23: 17 | F23: 0 | M23: 17 | N23: 14 | O23: 0.1 | P23: 3 | T23: 22 | X23: =B23-C23-E23-S23-T23-U23-V23 -> -1 | Y23: =E23-F23-I23-L23-M23 -> 0 | Z23: =M23-N23-O23-P23 -> -0.1
A24: 广东 | B24: 227 | C24: 9 | E24: 196 | F24: 196 | M24: 0 | T24: 20 | U24: 2 | X24: =B24-C24-E24-S24-T24-U24-V24 -> 0 | Y24: =E24-F24-I24-L24-M24 -> 0 | Z24: =M24-N24-O24-P24 -> 0
A25: 广西 | B25: 49 | C25: 41 | E25: 3 | F25: 0 | I25: 0.1 | M25: 3 | P25: 3 | T25: 5 | X25: =B25-C25-E25-S25-T25-U25-V25 -> 0 | Y25: =E25-F25-I25-L25-M25 -> -0.1 | Z25: =M25-N25-O25-P25 -> 0
A26: 海南 | B26: 0.2 | F26: 0 | M26: 0 | U26: 0.2 | X26: =B26-C26-E26-S26-T26-U26-V26 -> 0 | Y26: =E26-F26-I26-L26-M26 -> 0 | Z26: =M26-N26-O26-P26 -> 0
A27: 重庆 | B27: 102 | C27: 29 | E27: 69 | F27: 66 | M27: 3 | P27: 3 | T27: 5 | X27: =B27-C27-E27-S27-T27-U27-V27 -> -1 | Y27: =E27-F27-I27-L27-M27 -> 0 | Z27: =M27-N27-O27-P27 -> 0
A28: 四川 | B28: 1012 | C28: 894 | E28: 105 | F28: 60 | L28: 15 | M28: 30 | N28: 29 | O28: 1.2 | T28: 9 | U28: 3 | X28: =B28-C28-E28-S28-T28-U28-V28 -> 1 | Y28: =E28-F28-I28-L28-M28 -> 0 | Z28: =M28-N28-O28-P28 -> -0.2
A29: 贵州 | B29: 546 | C29: 159 | E29: 282 | F29: 282 | H29: 30 | M29: 0 | T29: 105 | X29: =B29-C29-E29-S29-T29-U29-V29 -> 0 | Y29: =E29-F29-I29-L29-M29 -> 0 | Z29: =M29-N29-O29-P29 -> 0
A30: 云南 | B30: 1705 | C30: 1629 | E30: 1.2 | F30: 0 | M30: 1.2 | O30: 1.2 | T30: 64 | U30: 11 | X30: =B30-C30-E30-S30-T30-U30-V30 -> -0.2 | Y30: =E30-F30-I30-L30-M30 -> 0 | Z30: =M30-N30-O30-P30 -> 0
A31: 西藏 | B31: 1.3 | F31: 0 | M31: 0 | T31: 0.8 | U31: 0.5 | X31: =B31-C31-E31-S31-T31-U31-V31 -> 0 | Y31: =E31-F31-I31-L31-M31 -> 0 | Z31: =M31-N31-O31-P31 -> 0
A32: 陕西 | B32: 115 | E32: 66 | F32: 66 | M32: 0 | T32: 46 | U32: 4 | X32: =B32-C32-E32-S32-T32-U32-V32 -> -1 | Y32: =E32-F32-I32-L32-M32 -> 0 | Z32: =M32-N32-O32-P32 -> 0
A33: 甘肃 | B33: 506 | C33: 21 | E33: 16 | F33: 2 | M33: 13 | N33: 13 | T33: 67 | U33: 403 | X33: =B33-C33-E33-S33-T33-U33-V33 -> -1 | Y33: =E33-F33-I33-L33-M33 -> 1 | Z33: =M33-N33-O33-P33 -> 0
A34: 青海 | B34: 241 | C34: 16 | E34: 4 | F34: 4 | M34: 0.1 | O34: 0.1 | T34: 13 | U34: 207 | X34: =B34-C34-E34-S34-T34-U34-V34 -> 1 | Y34: =E34-F34-I34-L34-M34 -> -0.1 | Z34: =M34-N34-O34-P34 -> 0
A35: 宁夏 | B35: 241 | E35: 72 | F35: 72 | M35: 0 | T35: 60 | U35: 109 | X35: =B35-C35-E35-S35-T35-U35-V35 -> 0 | Y35: =E35-F35-I35-L35-M35 -> 0 | Z35: =M35-N35-O35-P35 -> 0
A36: 新疆 | B36: 1111 | C36: 106 | E36: 455 | F36: 449 | M36: 6 | P36: 6 | T36: 273 | U36: 277 | X36: =B36-C36-E36-S36-T36-U36-V36 -> 0 | Y36: =E36-F36-I36-L36-M36 -> 0 | Z36: =M36-N36-O36-P36 -> 0
B38: =B5-SUM(B6:B36) -> 1.5 | C38: =C5-SUM(C6:C36) -> -0.6 | D38: =D5-SUM(D6:D36) -> 0 | E38: =E5-SUM(E6:E36) -> -0.2 | F38: =F5-SUM(F6:F36) -> 0 | H38: =H5-SUM(H6:H36) -> 0.4 | I38: =I5-SUM(I6:I36) -> -0.1 | J38: =J5-SUM(J6:J36) -> 0.4 | L38: =L5-SUM(L6:L36) -> 0 | M38: =M5-SUM(M6:M36) -> -0.5 | N38: =N5-SUM(N6:N36) -> 0 | O38: =O5-SUM(O6:O36) -> -1.5 | P38: =P5-SUM(P6:P36) -> -1 | S38: =S5-SUM(S6:S36) -> 0 | T38: =T5-SUM(T6:T36) -> 0.3 | U38: =U5-SUM(U6:U36) -> 0.3 | V38: =V5-SUM(V6:V36) -> 0

Sheet 2014
A1: 分地区新增发电装机容量（万KW）
A2: 地区 | B2: 合计 | C2: 水电 | E2: 火电 | S2: 核电 | T2: 风电 | U2: 太阳能发电 | V2: 其他
C3: 合计 | D3: 抽水蓄能 | E3: 合计 | F3: 燃煤 | I3: 燃气 | L3: 燃油 | M3: 其他
F4: 合计 | G4: 常规燃煤 | H4: 煤矸石发电 | I4: 合计 | J4: 常规燃气 | K4: 煤层气发电 | M4: 合计 | N4: 余温、余气、余压发电 | O4: 垃圾焚烧发电 | P4: 秸秆、蔗渣、林木质发电 | Q4: 沼气 | R4: 技改增容
A5: 全国 | B5: 10443 | C5: 2180 | D5: 60 | E5: 4791 | F5: 3498 | H5: 30 | I5: 946 | J5: 938 | M5: 346 | N5: 254 | O5: 21 | P5: 71 | S5: 547 | T5: 2101 | U5: 825 | X5: =B5-C5-E5-S5-T5-U5-V5 -> -1 | Y5: =E5-F5-I5-L5-M5 -> 1 | Z5: =M5-N5-O5-P5 -> 0
A6: 北京 | B6: 379 | E6: 379 | I6: 379 | J6: 379 | X6: =B6-C6-E6-S6-T6-U6-V6 -> 0 | Y6: =E6-F6-I6-L6-M6 -> 0 | Z6: =M6-N6-O6-P6 -> 0
A7: 天津 | B7: 158 | E7: 156 | F7: 70 | I7: 86 | J7: 86 | U7: 2 | X7: =B7-C7-E7-S7-T7-U7-V7 -> 0 | Y7: =E7-F7-I7-L7-M7 -> 0 | Z7: =M7-N7-O7-P7 -> 0
A8: 河北 | B8: 315 | C8: 1 | E8: 79 | F8: 70 | M8: 8.9 | N8: 8.9 | T8: 158 | U8: 77.3 | X8: =B8-C8-E8-S8-T8-U8-V8 -> -0.3 | Y8: =E8-F8-I8-L8-M8 -> 0.1 | Z8: =M8-N8-O8-P8 -> 0
A9: 山西 | B9: 581 | C9: 2 | E9: 356 | F9: 259 | H9: 30 | I9: 86.4 | J9: 86 | M9: 10 | N9: 10 | T9: 177 | U9: 47 | X9: =B9-C9-E9-S9-T9-U9-V9 -> -1 | Y9: =E9-F9-I9-L9-M9 -> 0.6 | Z9: =M9-N9-O9-P9 -> 0
A10: 内蒙古 | B10: 487 | C10: 69 | D10: 60 | E10: 127 | F10: 99 | M10: 28 | N10: 28 | T10: 177 | U10: 115 | X10: =B10-C10-E10-S10-T10-U10-V10 -> -1 | Y10: =E10-F10-I10-L10-M10 -> 0 | Z10: =M10-N10-O10-P10 -> 0
A11: 辽宁 | B11: 257 | C11: 20 | E11: 72 | F11: 70 | M11: 2 | N11: 2 | S11: 112 | T11: 49 | U11: 4 | X11: =B11-C11-E11-S11-T11-U11-V11 -> 0 | Y11: =E11-F11-I11-L11-M11 -> 0 | Z11: =M11-N11-O11-P11 -> 0
A12: 吉林 | B12: 133 | C12: 6 | E12: 85 | F12: 70 | M12: 15 | N12: 6 | O12: 2 | P12: 8 | T12: 36 | U12: 6 | X12: =B12-C12-E12-S12-T12-U12-V12 -> 0 | Y12: =E12-F12-I12-L12-M12 -> 0 | Z12: =M12-N12-O12-P12 -> -1
A13: 黑龙江 | B13: 174 | C13: 0.1 | E13: 88 | F13: 70 | M13: 18 | N13: 11 | O13: 1 | P13: 6 | T13: 86 | U13: 0.1 | X13: =B13-C13-E13-S13-T13-U13-V13 -> -0.2 | Y13: =E13-F13-I13-L13-M13 -> 0 | Z13: =M13-N13-O13-P13 -> 0
A14: 上海 | B14: 18 | E14: 7 | M14: 7 | N14: 3 | O14: 4 | T14: 5 | U14: 6 | X14: =B14-C14-E14-S14-T14-U14-V14 -> 0 | Y14: =E14-F14-I14-L14-M14 -> 0 | Z14: =M14-N14-O14-P14 -> 0
A15: 江苏 | B15: 421 | C15: 0.3 | E15: 221 | F15: 205 | J15: 0.4 | M15: 16 | N15: 16 | T15: 63 | U15: 137 | X15: =B15-C15-E15-S15-T15-U15-V15 -> -0.3 | Y15: =E15-F15-I15-L15-M15 -> 0 | Z15: =M15-N15-O15-P15 -> 0
A16: 浙江 | B16: 949 | C16: 7 | E16: 795 | F16: 597 | I16: 194 | J16: 194 | M16: 3 | P16: 3 | S16: 109 | T16: 18.9 | U16: 20 | X16: =B16-C16-E16-S16-T16-U16-V16 -> -0.9 | Y16: =E16-F16-I16-L16-M16 -> 1 | Z16: =M16-N16-O16-P16 -> 0
A17: 安徽 | B17: 409 | C17: 6.8 | E17: 317 | F17: 264 | I17: 8 | M17: 45 | N17: 28 | O17: 6 | P17: 11 | T17: 52 | U17: 33.2 | X17: =B17-C17-E17-S17-T17-U17-V17 -> -1.4210855e-14 | Y17: =E17-F17-I17-L17-M17 -> 0 | Z17: =M17-N17-O17-P17 -> 0
A18: 福建 | B18: 233 | E18: 2 | M18: 2 | P18: 2 | S18: 218 | T18: 10 | U18: 3 | X18: =B18-C18-E18-S18-T18-U18-V18 -> 0 | Y18: =E18-F18-I18-L18-M18 -> 0 | Z18: =M18-N18-O18-P18 -> 0
A19: 江西 | B19: 60 | C19: 20 | E19: 9 | I19: 9 | J19: 9 | T19: 14 | U19: 17 | X19: =B19-C19-E19-S19-T19-U19-V19 -> 0 | Y19: =E19-F19-I19-L19-M19 -> 0 | Z19: =M19-N19-O19-P19 -> 0
A20: 山东 | B20: 285 | C20: 0.1 | E20: 178 | F20: 140 | M20: 38 | N20: 27 | O20: 6 | P20: 4 | T20: 92 | U20: 15 | X20: =B20-C20-E20-S20-T20-U20-V20 -> -0.1 | Y20: =E20-F20-I20-L20-M20 -> 0 | Z20: =M20-N20-O20-P20 -> 1
A21: 河南 | B21: 159 | C21: 2 | E21: 104 | F21: 60 | M21: 44 | N21: 41 | P21: 3 | T21: 32 | U21: 20 | X21: =B21-C21-E21-S21-T21-U21-V21 -> 1 | Y21: =E21-F21-I21-L21-M21 -> 0 | Z21: =M21-N21-O21-P21 -> 0
A22: 湖北 | B22: 302 | C22: 7 | E22: 247 | F22: 221 | M22: 26 | N22: 18 | P22: 8 | T22: 45 | U22: 3.7 | X22: =B22-C22-E22-S22-T22-U22-V22 -> -0.7 | Y22: =E22-F22-I22-L22-M22 -> 0 | Z22: =M22-N22-O22-P22 -> 0
A23: 湖南 | B23: 252 | C23: 120 | E23: 79 | F23: 64 | M23: 15 | N23: 8 | P23: 6 | T23: 45 | U23: 8 | X23: =B23-C23-E23-S23-T23-U23-V23 -> 0 | Y23: =E23-F23-I23-L23-M23 -> 0 | Z23: =M23-N23-O23-P23 -> 1
A24: 广东 | B24: 219 | E24: 78 | I24: 78 | J24: 78 | S24: 109 | T24: 30 | U24: 3 | X24: =B24-C24-E24-S24-T24-U24-V24 -> -1 | Y24: =E24-F24-I24-L24-M24 -> 0 | Z24: =M24-N24-O24-P24 -> 0
A25: 广西 | B25: 44 | C25: 32 | E25: 12 | I25: 12 | J25: 12 | X25: =B25-C25-E25-S25-T25-U25-V25 -> 0 | Y25: =E25-F25-I25-L25-M25 -> 0 | Z25: =M25-N25-O25-P25 -> 0
A26: 海南 | B26: 9.1 | C26: 6 | U26: 3.1 | X26: =B26-C26-E26-S26-T26-U26-V26 -> -4.4408921e-16 | Y26: =E26-F26-I26-L26-M26 -> 0 | Z26: =M26-N26-O26-P26 -> 0
A27: 重庆 | B27: 245 | C27: 15 | E27: 229 | F27: 136 | I27: 93 | J27: 93 | X27: =B27-C27-E27-S27-T27-U27-V27 -> 1 | Y27: =E27-F27-I27-L27-M27 -> 0 | Z27: =M27-N27-O27-P27 -> 0
A28: 四川 | B28: 786 | C28: 739 | E28: 12 | M28: 12 | N28: 10 | O28: 2.4 | T28: 33 | U28: 2 | X28: =B28-C28-E28-S28-T28-U28-V28 -> 0 | Y28: =E28-F28-I28-L28-M28 -> 0 | Z28: =M28-N28-O28-P28 -> -0.4
A29: 贵州 | B29: 225 | C29: 19 | E29: 159 | F29: 156 | M29: 3 | P29: 3 | T29: 47 | X29: =B29-C29-E29-S29-T29-U29-V29 -> 0 | Y29: =E29-F29-I29-L29-M29 -> 0 | Z29: =M29-N29-O29-P29 -> 0
A30: 云南 | B30: 1082 | C30: 946 | T30: 130 | U30: 5 | X30: =B30-C30-E30-S30-T30-U30-V30 -> 1 | Y30: =E30-F30-I30-L30-M30 -> 0 | Z30: =M30-N30-O30-P30 -> 0
A31: 西藏 | B31: 17 | C31: 17 | X31: =B31-C31-E31-S31-T31-U31-V31 -> 0 | Y31: =E31-F31-I31-L31-M31 -> 0 | Z31: =M31-N31-O31-P31 -> 0
A32: 陕西 | B32: 148 | E32: 93 | F32: 66 | M32: 27 | N32: 27 | T32: 29 | U32: 26 | X32: =B32-C32-E32-S32-T32-U32-V32 -> 0 | Y32: =E32-F32-I32-L32-M32 -> 0 | Z32: =M32-N32-O32-P32 -> 0
A33: 甘肃 | B33: 696 | C33: 48 | E33: 251 | F33: 243 | M33: 8 | N33: 5 | P33: 3 | T33: 309 | U33: 87 | X33: =B33-C33-E33-S33-T33-U33-V33 -> 1 | Y33: =E33-F33-I33-L33-M33 -> 0 | Z33: =M33-N33-O33-P33 -> 0
A34: 青海 | B34: 149 | C34: 30 | E34: 7 | M34: 7 | N34: 7 | T34: 18 | U34: 94 | X34: =B34-C34-E34-S34-T34-U34-V34 -> 0 | Y34: =E34-F34-I34-L34-M34 -> 0 | Z34: =M34-N34-O34-P34 -> 0
A35: 宁夏 | B35: 247 | E35: 56 | F35: 56 | T35: 169 | U35: 21 | X35: =B35-C35-E35-S35-T35-U35-V35 -> 1 | Y35: =E35-F35-I35-L35-M35 -> 0 | Z35: =M35-N35-O35-P35 -> 0
A36: 新疆 | B36: 1004 | C36: 64 | E36: 595 | F36: 581 | M36: 14 | P36: 14 | T36: 276 | U36: 69 | X36: =B36-C36-E36-S36-T36-U36-V36 -> 0 | Y36: =E36-F36-I36-L36-M36 -> 0 | Z36: =M36-N36-O36-P36 -> 0
B38: =B5-SUM(B6:B36) -> -0.1 | C38: =C5-SUM(C6:C36) -> 2.7 | D38: =D5-SUM(D6:D36) -> 0 | E38: =E5-SUM(E6:E36) -> -2 | F38: =F5-SUM(F6:F36) -> 1 | H38: =H5-SUM(H6:H36) -> 0 | I38: =I5-SUM(I6:I36) -> 0.6 | J38: =J5-SUM(J6:J36) -> 0.6 | L38: =L5-SUM(L6:L36) -> 0 | M38: =M5-SUM(M6:M36) -> -2.9 | N38: =N5-SUM(N6:N36) -> -1.9 | O38: =O5-SUM(O6:O36) -> -0.4 | P38: =P5-SUM(P6:P36) -> 0 | S38: =S5-SUM(S6:S36) -> -1 | T38: =T5-SUM(T6:T36) -> 0.1 | U38: =U5-SUM(U6:U36) -> 0.6 | V38: =V5-SUM(V6:V36) -> 0

Sheet 2015
A1: 分地区新增发电装机容量（万KW）
A2: 地区 | B2: 合计 | C2: 水电 | E2: 火电 | S2: 核电 | T2: 风电 | U2: 太阳能发电 | V2: 其他
C3: 合计 | D3: 抽水蓄能 | E3: 合计 | F3: 燃煤 | I3: 燃气 | L3: 燃油 | M3: 其他
F4: 合计 | G4: 常规燃煤 | H4: 煤矸石发电 | I4: 合计 | J4: 常规燃气 | K4: 煤层气发电 | M4: 合计 | N4: 余温、余气、余压发电 | O4: 垃圾焚烧发电 | P4: 秸秆、蔗渣、林木质发电 | Q4: 沼气 | R4: 技改增容
A5: 全国 | B5: 13184 | C5: 1375 | D5: 92 | E5: 6678 | F5: 5402 | I5: 696 | J5: 692 | M5: 581 | N5: 529 | O5: 4 | P5: 47 | S5: 612 | T5: 3139 | U5: 1380 | X5: =B5-C5-E5-S5-T5-U5-V5 -> 0 | Y5: =E5-F5-I5-L5-M5 -> -1 | Z5: =M5-N5-O5-P5 -> 1
A6: 北京 | B6: 100 | E6: 95 | I6: 95 | J6: 95 | U6: 5 | X6: =B6-C6-E6-S6-T6-U6-V6 -> 0 | Y6: =E6-F6-I6-L6-M6 -> 0 | Z6: =M6-N6-O6-P6 -> 0
A7: 天津 | B7: 8 | E7: 2 | M7: 2 | N7: 1 | P7: 0.6 | U7: 6 | X7: =B7-C7-E7-S7-T7-U7-V7 -> 0 | Y7: =E7-F7-I7-L7-M7 -> 0 | Z7: =M7-N7-O7-P7 -> 0.4
A8: 河北 | B8: 390 | E8: 168 | F8: 150 | M8: 18.6 | N8: 14.1 | P8: 5 | T8: 84 | U8: 137.2 | X8: =B8-C8-E8-S8-T8-U8-V8 -> 0.8 | Y8: =E8-F8-I8-L8-M8 -> -0.6 | Z8: =M8-N8-O8-P8 -> -0.5
A9: 山西 | B9: 634 | E9: 320 | F9: 200 | I9: 89.6 | J9: 86 | M9: 30 | N9: 29 | P9: 1 | T9: 223 | U9: 91 | X9: =B9-C9-E9-S9-T9-U9-V9 -> 0 | Y9: =E9-F9-I9-L9-M9 -> 0.4 | Z9: =M9-N9-O9-P9 -> 0
A10: 内蒙古 | B10: 567 | C10: 60 | D10: 60 | E10: 114 | F10: 106 | M10: 8 | N10: 8 | T10: 335 | U10: 49 | X10: =B10-C10-E10-S10-T10-U10-V10 -> 9 | Y10: =E10-F10-I10-L10-M10 -> 0 | Z10: =M10-N10-O10-P10 -> 0
A11: 辽宁 | B11: 154 | E11: 1 | M11: 1 | N11: 1 | S11: 112 | T11: 34 | U11: 7 | X11: =B11-C11-E11-S11-T11-U11-V11 -> 0 | Y11: =E11-F11-I11-L11-M11 -> 0 | Z11: =M11-N11-O11-P11 -> 0
A12: 吉林 | B12: 103 | E12: 14 | M12: 14 | N12: 8 | P12: 6 | T12: 88 | X12: =B12-C12-E12-S12-T12-U12-V12 -> 1 | Y12: =E12-F12-I12-L12-M12 -> 0 | Z12: =M12-N12-O12-P12 -> 0
A13: 黑龙江 | B13: 138 | C13: 4.4 | E13: 91 | F13: 70 | M13: 21 | N13: 14 | P13: 7 | T13: 42 | U13: 0.3 | X13: =B13-C13-E13-S13-T13-U13-V13 -> 0.3 | Y13: =E13-F13-I13-L13-M13 -> 0 | Z13: =M13-N13-O13-P13 -> 0
A14: 上海 | B14: 148 | E14: 124 | F14: 22 | I14: 101.1 | J14: 101 | M14: 1 | N14: 1 | T14: 25 | X14: =B14-C14-E14-S14-T14-U14-V14 -> -1 | Y14: =E14-F14-I14-L14-M14 -> -0.1 | Z14: =M14-N14-O14-P14 -> 0
A15: 江苏 | B15: 686 | C15: 0.1 | E15: 490 | F15: 238 | I15: 216 | J15: 215.6 | M15: 37 | N15: 32 | O15: 1.6 | P15: 3 | T15: 68 | U15: 128 | X15: =B15-C15-E15-S15-T15-U15-V15 -> -0.1 | Y15: =E15-F15-I15-L15-M15 -> -1 | Z15: =M15-N15-O15-P15 -> 0.4
A16: 浙江 | B16: 761 | C16: 38 | E16: 524 | F16: 338 | I16: 156 | J16: 156 | M16: 30 | N16: 28 | P16: 2 | S16: 109 | T16: 28.7 | U16: 64 | X16: =B16-C16-E16-S16-T16-U16-V16 -> -2.7 | Y16: =E16-F16-I16-L16-M16 -> 0 | Z16: =M16-N16-O16-P16 -> 0
A17: 安徽 | B17: 831 | E17: 732 | F17: 718 | M17: 14 | N17: 11 | P17: 3 | T17: 49 | U17: 50.3 | X17: =B17-C17-E17-S17-T17-U17-V17 -> -0.3 | Y17: =E17-F17-I17-L17-M17 -> 0 | Z17: =M17-N17-O17-P17 -> 0
A18: 福建 | B18: 474 | C18: 22 | E18: 211 | F18: 200 | M18: 11 | N18: 10 | O18: 1 | S18: 218 | T18: 20 | U18: 3 | X18: =B18-C18-E18-S18-T18-U18-V18 -> 0 | Y18: =E18-F18-I18-L18-M18 -> 0 | Z18: =M18-N18-O18-P18 -> 0
A19: 江西 | B19: 303 | C19: 13 | E19: 252 | F19: 232 | M19: 20 | N19: 17 | P19: 3 | T19: 23 | U19: 15 | X19: =B19-C19-E19-S19-T19-U19-V19 -> 0 | Y19: =E19-F19-I19-L19-M19 -> 0 | Z19: =M19-N19-O19-P19 -> 0
A20: 山东 | B20: 397 | E20: 274 | F20: 240 | M20: 34 | N20: 25 | P20: 9 | T20: 83 | U20: 40 | X20: =B20-C20-E20-S20-T20-U20-V20 -> 0 | Y20: =E20-F20-I20-L20-M20 -> 0 | Z20: =M20-N20-O20-P20 -> 0
A21: 河南 | B21: 714 | C21: 2 | E21: 659 | F21: 634 | M21: 25 | N21: 25 | T21: 40 | U21: 13 | X21: =B21-C21-E21-S21-T21-U21-V21 -> 0 | Y21: =E21-F21-I21-L21-M21 -> 0 | Z21: =M21-N21-O21-P21 -> 0
A22: 湖北 | B22: 205 | C22: 32 | E22: 81 | F22: 38 | I22: 37.8 | J22: 37.8 | M22: 6 | N22: 3 | P22: 3 | T22: 49 | U22: 42.9 | X22: =B22-C22-E22-S22-T22-U22-V22 -> 0.1 | Y22: =E22-F22-I22-L22-M22 -> -0.8 | Z22: =M22-N22-O22-P22 -> 0
A23: 湖南 | B23: 280 | C23: 21 | E23: 156 | F23: 142 | M23: 14 | N23: 13 | O23: 1.2 | T23: 101 | U23: 2 | X23: =B23-C23-E23-S23-T23-U23-V23 -> 0 | Y23: =E23-F23-I23-L23-M23 -> 0 | Z23: =M23-N23-O23-P23 -> -0.2
A24: 广东 | B24: 584 | C24: 32 | D24: 32 | E24: 415 | F24: 415 | S24: 109 | T24: 25 | U24: 4 | X24: =B24-C24-E24-S24-T24-U24-V24 -> -1 | Y24: =E24-F24-I24-L24-M24 -> 0 | Z24: =M24-N24-O24-P24 -> 0
A25: 广西 | B25: 78 | C25: 3 | E25: 37 | M25: 37 | N25: 31 | P25: 6 | T25: 30 | U25: 9 | X25: =B25-C25-E25-S25-T25-U25-V25 -> -1 | Y25: =E25-F25-I25-L25-M25 -> 0 | Z25: =M25-N25-O25-P25 -> 0
A26: 海南 | B26: 142 | E26: 70 | F26: 70 | S26: 65 | U26: 7 | X26: =B26-C26-E26-S26-T26-U26-V26 -> 0 | Y26: =E26-F26-I26-L26-M26 -> 0 | Z26: =M26-N26-O26-P26 -> 0
A27: 重庆 | B27: 317 | C27: 10 | E27: 284 | F27: 276 | M27: 8 | N27: 8 | T27: 23 | X27: =B27-C27-E27-S27-T27-U27-V27 -> 0 | Y27: =E27-F27-I27-L27-M27 -> 0 | Z27: =M27-N27-O27-P27 -> 0
A28: 四川 | B28: 796 | C28: 632 | E28: 78 | F28: 70 | M28: 8 | N28: 8 | T28: 58 | U28: 29 | X28: =B28-C28-E28-S28-T28-U28-V28 -> -1 | Y28: =E28-F28-I28-L28-M28 -> 0 | Z28: =M28-N28-O28-P28 -> 0
A29: 贵州 | B29: 368 | C29: 77 | E29: 198 | F29: 198 | O29: 0 | T29: 89 | U29: 3 | X29: =B29-C29-E29-S29-T29-U29-V29 -> 1 | Y29: =E29-F29-I29-L29-M29 -> 0 | Z29: =M29-N29-O29-P29 -> 0
A30: 云南 | B30: 515 | C30: 268 | E30: 0 | M30: 0 | O30: 0 | T30: 225 | U30: 22 | X30: =B30-C30-E30-S30-T30-U30-V30 -> 0 | Y30: =E30-F30-I30-L30-M30 -> 0 | Z30: =M30-N30-O30-P30 -> 0
A31: 西藏 | B31: 67.4 | C31: 61 | T31: 0 | U31: 6 | X31: =B31-C31-E31-S31-T31-U31-V31 -> 0.4 | Y31: =E31-F31-I31-L31-M31 -> 0 | Z31: =M31-N31-O31-P31 -> 0
A32: 陕西 | B32: 488 | C32: 13 | E32: 385 | F32: 350 | M32: 35 | N32: 35 | T32: 42 | U32: 48 | X32: =B32-C32-E32-S32-T32-U32-V32 -> 0 | Y32: =E32-F32-I32-L32-M32 -> 0 | Z32: =M32-N32-O32-P32 -> 0
A33: 甘肃 | B33: 493 | C33: 24 | E33: 75 | M33: 75 | N33: 75 | T33: 264 | U33: 130 | X33: =B33-C33-E33-S33-T33-U33-V33 -> 0 | Y33: =E33-F33-I33-L33-M33 -> 0 | Z33: =M33-N33-O33-P33 -> 0
A34: 青海 | B34: 285 | C34: 28 | E34: 101 | F34: 101 | M34: 0.3 | O34: 0.3 | T34: 26 | U34: 131 | X34: =B34-C34-E34-S34-T34-U34-V34 -> -1 | Y34: =E34-F34-I34-L34-M34 -> -0.3 | Z34: =M34-N34-O34-P34 -> 0
A35: 宁夏 | B35: 634 | E35: 178 | F35: 118 | M35: 60 | N35: 60 | T35: 321 | U35: 134 | X35: =B35-C35-E35-S35-T35-U35-V35 -> 1 | Y35: =E35-F35-I35-L35-M35 -> 0 | Z35: =M35-N35-O35-P35 -> 0
A36: 新疆 | B36: 1535 | C36: 37 | E36: 549 | F36: 477 | M36: 72 | N36: 72 | T36: 743 | U36: 206 | X36: =B36-C36-E36-S36-T36-U36-V36 -> 0 | Y36: =E36-F36-I36-L36-M36 -> 0 | Z36: =M36-N36-O36-P36 -> 0
B38: =B5-SUM(B6:B36) -> -11.4 | C38: =C5-SUM(C6:C36) -> -2.5 | D38: =D5-SUM(D6:D36) -> 0 | E38: =E5-SUM(E6:E36) -> 0 | F38: =F5-SUM(F6:F36) -> -1 | H38: =H5-SUM(H6:H36) -> 0 | I38: =I5-SUM(I6:I36) -> 0.5 | J38: =J5-SUM(J6:J36) -> 0.6 | L38: =L5-SUM(L6:L36) -> 0 | M38: =M5-SUM(M6:M36) -> -0.9 | N38: =N5-SUM(N6:N36) -> -0.1 | O38: =O5-SUM(O6:O36) -> -0.1 | P38: =P5-SUM(P6:P36) -> -1.6 | S38: =S5-SUM(S6:S36) -> -1 | T38: =T5-SUM(T6:T36) -> 0.3 | U38: =U5-SUM(U6:U36) -> -2.7 | V38: =V5-SUM(V6:V36) -> 0

Sheet 2016
A1: 分地区新增发电装机容量（万KW）
A2: 地区 | B2: 合计 | C2: 水电 | E2: 火电 | S2: 核电 | T2: 风电 | U2: 太阳能发电 | V2: 其他
C3: 合计 | D3: 抽水蓄能 | E3: 合计 | F3: 燃煤 | I3: 燃气 | L3: 燃油 | M3: 其他 | AB3: 万千瓦 | AC3: 合计 | AD3: 水 | AE3: 火 | AF3: 风 | AG3: 光
F4: 合计 | G4: 常规燃煤 | H4: 煤矸石发电 | I4: 合计 | J4: 常规燃气 | K4: 煤层气发电 | M4: 合计 | N4: 余温、余气、余压发电 | O4: 垃圾焚烧发电 | P4: 秸秆、蔗渣、林木质发电 | Q4: 沼气 | R4: 技改增容 | AB4: 地区 | AC4: 2016 年 | AD4: 2016 年 | AE4: 2016 年 | AF4: 2016 年 | AG4: 2016 年
A5: 全国 | B5: 12143 | C5: 1179 | D5: 366 | E5: 5048 | F5: 3866 | H5: 32 | I5: 214 | J5: 214 | L5: 0 | M5: 836 | N5: 747 | O5: 26 | P5: 63 | S5: 720 | T5: 2024 | U5: 3171 | V5: 0 | X5: =B5-C5-E5-S5-T5-U5-V5 -> 1 | Y5: =E5-F5-I5-L5-M5 -> 132 | Z5: =M5-N5-O5-P5 -> 0 | AB5: 全国 | AC5: 12143 | AD5: 1179 | AE5: 5048 | AF5: 2024 | AG5: 3171 | AH5: =AC5-AD5-AE5-AF5-AG5 -> 721
A6: 北京 | B6: 32 | C6: 0 | D6: 0 | E6: 6 | F6: 0 | H6: 0 | I6: 1 | J6: 1 | L6: 0 | M6: 5 | N6: 5 | O6: 0 | P6: 0 | S6: 0 | T6: 7 | U6: 18 | V6: 0 | X6: =B6-C6-E6-S6-T6-U6-V6 -> 1 | Y6: =E6-F6-I6-L6-M6 -> 0 | Z6: =M6-N6-O6-P6 -> 0 | AB6: 北京 | AC6: 32 | AE6: 6 | AF6: 7 | AG6: 18 | AH6: =AC6-AD6-AE6-AF6-AG6 -> 1
A7: 天津 | B7: 143 | C7: 0 | D7: 0 | E7: 95 | F7: 0 | H7: 0 | I7: 92 | J7: 92 | L7: 0 | M7: 3 | N7: 2 | O7: 1 | P7: 0 | S7: 0 | T7: 0 | U7: 48 | V7: 0 | X7: =B7-C7-E7-S7-T7-U7-V7 -> 0 | Y7: =E7-F7-I7-L7-M7 -> 0 | Z7: =M7-N7-O7-P7 -> 0 | AB7: 天津 | AC7: 143 | AE7: 95 | AG7: 48 | AH7: =AC7-AD7-AE7-AF7-AG7 -> 0
A8: 河北 | B8: 631 | C8: 0.2 | D8: 0 | E8: 170 | F8: 142 | H8: 2 | I8: 0 | J8: 0 | L8: 0 | M8: 29 | N8: 20 | O8: 2 | P8: 6 | S8: 0 | T8: 228 | U8: 232 | V8: 0 | X8: =B8-C8-E8-S8-T8-U8-V8 -> 0.8 | Y8: =E8-F8-I8-L8-M8 -> -1 | Z8: =M8-N8-O8-P8 -> 1 | AB8: 河北 | AC8: 631 | AE8: 170 | AF8: 228 | AG8: 232 | AH8: =AC8-AD8-AE8-AF8-AG8 -> 1
A9: 山西 | B9: 793 | C9: 0.1 | D9: 0 | E9: 374 | F9: 337 | H9: 30 | I9: 0 | J9: 0 | L9: 0 | M9: 37 | N9: 37 | O9: 0 | P9: 0 | S9: 0 | T9: 173 | U9: 246 | V9: 0 | X9: =B9-C9-E9-S9-T9-U9-V9 -> -0.1 | Y9: =E9-F9-I9-L9-M9 -> 0 | Z9: =M9-N9-O9-P9 -> 0 | AB9: 山西 | AC9: 793 | AE9: 374 | AF9: 173 | AG9: 246 | AH9: =AC9-AD9-AE9-AF9-AG9 -> 0
A10: 内蒙古 | B10: 473 | C10: 0.2 | D10: 0 | E10: 366 | F10: 363 | H10: 0 | I10: 0 | J10: 0 | L10: 0 | M10: 3 | N10: 3 | O10: 0 | P10: 0 | S10: 0 | T10: 81 | U10: 26 | V10: 0 | X10: =B10-C10-E10-S10-T10-U10-V10 -> -0.2 | Y10: =E10-F10-I10-L10-M10 -> 0 | Z10: =M10-N10-O10-P10 -> 0 | AB10: 内蒙古 | AC10: 473 | AE10: 366 | AF10: 81 | AG10: 26 | AH10: =AC10-AD10-AE10-AF10-AG10 -> 0
A11: 辽宁 | B11: 147 | C11: 0.2 | D11: 0 | E11: 1 | F11: 0 | H11: 0 | I11: 0 | J11: 0 | L11: 0 | M11: 1 | N11: 1 | O11: 0 | P11: 0 | S11: 112 | T11: 14 | U11: 21 | V11: 0 | X11: =B11-C11-E11-S11-T11-U11-V11 -> -1.2 | Y11: =E11-F11-I11-L11-M11 -> 0 | Z11: =M11-N11-O11-P11 -> 0 | AB11: 辽宁 | AC11: 147 | AE11: 1 | AF11: 14 | AG11: 21 | AH11: =AC11-AD11-AE11-AF11-AG11 -> 111
A12: 吉林 | B12: 84 | C12: 0.3 | D12: 0 | E12: 11 | F12: 0 | H12: 0 | I12: 0 | J12: 0 | L12: 0 | M12: 11 | N12: 8 | O12: 0 | P12: 3 | S12: 0 | T12: 22 | U12: 52 | V12: 0 | X12: =B12-C12-E12-S12-T12-U12-V12 -> -1.3 | Y12: =E12-F12-I12-L12-M12 -> 0 | Z12: =M12-N12-O12-P12 -> 0 | AB12: 吉林 | AC12: 84 | AE12: 11 | AF12: 22 | AG12: 52 | AH12: =AC12-AD12-AE12-AF12-AG12 -> -1
A13: 黑龙江 | B13: 139 | C13: 0.3 | D13: 0 | E13: 59 | F13: 35 | H13: 0 | I13: 0 | J13: 0 | L13: 0 | M13: 24 | N13: 14 | O13: 0 | P13: 10 | S13: 0 | T13: 66 | U13: 14 | V13: 0 | X13: =B13-C13-E13-S13-T13-U13-V13 -> -0.3 | Y13: =E13-F13-I13-L13-M13 -> 0 | Z13: =M13-N13-O13-P13 -> 0 | AB13: 黑龙江 | AC13: 139 | AE13: 59 | AF13: 66 | AG13: 14 | AH13: =AC13-AD13-AE13-AF13-AG13 -> 0
A14: 上海 | B14: 45 | C14: 0 | D14: 0 | E14: 11 | F14: 0 | H14: 0 | I14: 3 | J14: 3 | L14: 0 | M14: 8 | N14: 2 | O14: 0 | P14: 5 | S14: 0 | T14: 20 | U14: 15 | V14: 0 | X14: =B14-C14-E14-S14-T14-U14-V14 -> -1 | Y14: =E14-F14-I14-L14-M14 -> 0 | Z14: =M14-N14-O14-P14 -> 1 | AB14: 上海 | AC14: 45 | AE14: 11 | AF14: 20 | AG14: 15 | AH14: =AC14-AD14-AE14-AF14-AG14 -> -1
A15: 江苏 | B15: 645 | C15: 0.4 | D15: 0 | E15: 380 | F15: 137 | H15: 0 | I15: 87 | J15: 87 | L15: 0 | M15: 157 | N15: 150 | O15: 1 | P15: 7 | S15: 0 | T15: 95 | U15: 170 | V15: 0 | X15: =B15-C15-E15-S15-T15-U15-V15 -> -0.4 | Y15: =E15-F15-I15-L15-M15 -> -1 | Z15: =M15-N15-O15-P15 -> -1 | AB15: 江苏 | AC15: 645 | AE15: 380 | AF15: 95 | AG15: 170 | AH15: =AC15-AD15-AE15-AF15-AG15 -> 0
A16: 浙江 | B16: 496 | C16: 177 | D16: 150 | E16: 64 | F16: 0 | H16: 0 | I16: 0 | J16: 0 | L16: 0 | M16: 64 | N16: 55 | O16: 3 | P16: 6 | S16: 0 | T16: 27 | U16: 228 | V16: 0 | X16: =B16-C16-E16-S16-T16-U16-V16 -> 0 | Y16: =E16-F16-I16-L16-M16 -> 0 | Z16: =M16-N16-O16-P16 -> 0 | AB16: 浙江 | AC16: 496 | AD16: 177 | AE16: 64 | AF16: 27 | AG16: 228 | AH16: =AC16-AD16-AE16-AF16-AG16 -> 0
A17: 安徽 | B17: 503 | C17: 5 | D17: 0 | E17: 301 | F17: 296 | H17: 0 | I17: 0 | J17: 0 | L17: 0 | M17: 5 | N17: 5 | O17: 0 | P17: 0 | S17: 0 | T17: 45 | U17: 153 | V17: 0 | X17: =B17-C17-E17-S17-T17-U17-V17 -> -1 | Y17: =E17-F17-I17-L17-M17 -> 0 | Z17: =M17-N17-O17-P17 -> 0 | AB17: 安徽 | AC17: 503 | AD17: 5 | AE17: 301 | AF17: 45 | AG17: 153 | AH17: =AC17-AD17-AE17-AF17-AG17 -> -1
A18: 福建 | B18: 338 | C18: 6 | D18: 0 | E18: 33 | F18: 0 | H18: 0 | I18: 0 | J18: 0 | L18: 0 | M18: 33 | N18: 32 | O18: 1 | P18: 0 | S18: 218 | T18: 62 | U18: 20 | V18: 0 | X18: =B18-C18-E18-S18-T18-U18-V18 -> -1 | Y18: =E18-F18-I18-L18-M18 -> 0 | Z18: =M18-N18-O18-P18 -> 0 | AB18: 福建 | AC18: 338 | AD18: 6 | AE18: 33 | AF18: 62 | AG18: 20 | AH18: =AC18-AD18-AE18-AF18-AG18 -> 217
A19: 江西 | B19: 400 | C19: 121 | D19: 120 | E19: 115 | F19: 100 | H19: 0 | I19: 0 | J19: 0 | L19: 0 | M19: 15 | N19: 14 | O19: 1 | P19: 0 | S19: 0 | T19: 27 | U19: 137 | V19: 0 | X19: =B19-C19-E19-S19-T19-U19-V19 -> 0 | Y19: =E19-F19-I19-L19-M19 -> 0 | Z19: =M19-N19-O19-P19 -> 0 | AB19: 江西 | AC19: 400 | AD19: 121 | AE19: 115 | AF19: 27 | AG19: 137 | AH19: =AC19-AD19-AE19-AF19-AG19 -> 0
A20: 山东 | B20: 1281 | C20: 0 | D20: 0 | E20: 883 | F20: 793 | H20: 0 | I20: 0 | J20: 0 | L20: 0 | M20: 90 | N20: 72 | O20: 0 | P20: 18 | S20: 0 | T20: 111 | U20: 286 | V20: 0 | X20: =B20-C20-E20-S20-T20-U20-V20 -> 1 | Y20: =E20-F20-I20-L20-M20 -> 0 | Z20: =M20-N20-O20-P20 -> 0 | AB20: 山东 | AC20: 1281 | AE20: 883 | AF20: 111 | AG20: 286 | AH20: =AC20-AD20-AE20-AF20-AG20 -> 1
A21: 河南 | B21: 387 | C21: 0 | D21: 0 | E21: 102 | F21: 80 | H21: 0 | I21: 0 | J21: 0 | L21: 0 | M21: 22 | N21: 22 | O21: 0 | P21: 0 | S21: 0 | T21: 34 | U21: 250 | V21: 0 | X21: =B21-C21-E21-S21-T21-U21-V21 -> 1 | Y21: =E21-F21-I21-L21-M21 -> 0 | Z21: =M21-N21-O21-P21 -> 0 | AB21: 河南 | AC21: 387 | AE21: 102 | AF21: 34 | AG21: 250 | AH21: =AC21-AD21-AE21-AF21-AG21 -> 1
A22: 湖北 | B22: 376 | C22: 13 | D22: 0 | E22: 122 | F22: 108 | H22: 0 | I22: 0 | J22: 0 | L22: 0 | M22: 14 | N22: 12 | O22: 1 | P22: 0 | S22: 0 | T22: 83 | U22: 158 | V22: 0 | X22: =B22-C22-E22-S22-T22-U22-V22 -> 0 | Y22: =E22-F22-I22-L22-M22 -> 0 | Z22: =M22-N22-O22-P22 -> 1 | AB22: 湖北 | AC22: 376 | AD22: 13 | AE22: 122 | AF22: 83 | AG22: 158 | AH22: =AC22-AD22-AE22-AF22-AG22 -> 0
A23: 湖南 | B23: 135 | C23: 27 | D23: 0 | E23: 9 | F23: 2 | H23: 0 | I23: 0 | J23: 0 | L23: 0 | M23: 8 | N23: 6 | O23: 0 | P23: 2 | S23: 0 | T23: 86 | U23: 13 | V23: 0 | X23: =B23-C23-E23-S23-T23-U23-V23 -> 0 | Y23: =E23-F23-I23-L23-M23 -> -1 | Z23: =M23-N23-O23-P23 -> 0 | AB23: 湖南 | AC23: 135 | AD23: 27 | AE23: 9 | AF23: 86 | AG23: 13 | AH23: =AC23-AD23-AE23-AF23-AG23 -> 0
A24: 广东 | B24: 300 | C24: 96 | D24: 96 | E24: 60 | F24: 60 | H24: 0 | I24: 0 | J24: 0 | L24: 0 | M24: 0 | N24: 0 | O24: 0 | P24: 0 | S24: 109 | T24: 16 | U24: 19 | V24: 0 | X24: =B24-C24-E24-S24-T24-U24-V24 -> 0 | Y24: =E24-F24-I24-L24-M24 -> 0 | Z24: =M24-N24-O24-P24 -> 0 | AB24: 广东 | AC24: 300 | AD24: 96 | AE24: 60 | AF24: 16 | AG24: 19 | AH24: =AC24-AD24-AE24-AF24-AG24 -> 109
A25: 广西 | B25: 798 | C25: 14 | D25: 0 | E25: 528 | F25: 270 | H25: 0 | I25: 0 | J25: 0 | L25: 0 | M25: 126 | N25: 120 | O25: 6 | P25: 0 | S25: 217 | T25: 35 | U25: 4 | V25: 0 | X25: =B25-C25-E25-S25-T25-U25-V25 -> 0 | Y25: =E25-F25-I25-L25-M25 -> 132 | Z25: =M25-N25-O25-P25 -> 0 | AB25: 广西 | AC25: 798 | AD25: 14 | AE25: 528 | AF25: 35 | AG25: 4 | AH25: =AC25-AD25-AE25-AF25-AG25 -> 217
A26: 海南 | B26: 66 | C26: 0 | D26: 0 | E26: 0 | F26: 0 | H26: 0 | I26: 0 | J26: 0 | L26: 0 | M26: 0 | N26: 0 | O26: 0 | P26: 0 | S26: 65 | T26: 0 | U26: 1 | V26: 0 | X26: =B26-C26-E26-S26-T26-U26-V26 -> 0 | Y26: =E26-F26-I26-L26-M26 -> 0 | Z26: =M26-N26-O26-P26 -> 0 | AB26: 海南 | AC26: 66 | AG26: 1 | AH26: =AC26-AD26-AE26-AF26-AG26 -> 65
A27: 重庆 | B27: 154 | C27: 11 | D27: 0 | E27: 132 | F27: 120 | H27: 0 | I27: 0 | J27: 0 | L27: 0 | M27: 12 | N27: 10 | O27: 3 | P27: 0 | S27: 0 | T27: 10 | U27: 1 | V27: 0 | X27: =B27-C27-E27-S27-T27-U27-V27 -> 0 | Y27: =E27-F27-I27-L27-M27 -> 0 | Z27: =M27-N27-O27-P27 -> -1 | AB27: 重庆 | AC27: 154 | AD27: 11 | AE27: 132 | AF27: 10 | AG27: 1 | AH27: =AC27-AD27-AE27-AF27-AG27 -> 0
A28: 四川 | B28: 489 | C28: 308 | D28: 0 | E28: 30 | F28: 3 | H28: 0 | I28: 0 | J28: 0 | L28: 0 | M28: 27 | N28: 25 | O28: 2 | P28: 0 | S28: 0 | T28: 68 | U28: 83 | V28: 0 | X28: =B28-C28-E28-S28-T28-U28-V28 -> 0 | Y28: =E28-F28-I28-L28-M28 -> 0 | Z28: =M28-N28-O28-P28 -> 0 | AB28: 四川 | AC28: 489 | AD28: 308 | AE28: 30 | AF28: 68 | AG28: 83 | AH28: =AC28-AD28-AE28-AF28-AG28 -> 0
A29: 贵州 | B29: 359 | C29: 9 | D29: 0 | E29: 318 | F29: 318 | H29: 0 | I29: 0 | J29: 0 | L29: 0 | M29: 0 | N29: 0 | O29: 0 | P29: 0 | S29: 0 | T29: 32 | U29: 0 | V29: 0 | X29: =B29-C29-E29-S29-T29-U29-V29 -> 0 | Y29: =E29-F29-I29-L29-M29 -> 0 | Z29: =M29-N29-O29-P29 -> 0 | AB29: 贵州 | AC29: 359 | AD29: 9 | AE29: 318 | AF29: 32 | AH29: =AC29-AD29-AE29-AF29-AG29 -> 0
A30: 云南 | B30: 289 | C30: 180 | D30: 0 | E30: 0 | F30: 0 | H30: 0 | I30: 0 | J30: 0 | L30: 0 | M30: 0 | N30: 0 | O30: 0 | P30: 0 | S30: 0 | T30: 97 | U30: 12 | V30: 0 | X30: =B30-C30-E30-S30-T30-U30-V30 -> 0 | Y30: =E30-F30-I30-L30-M30 -> 0 | Z30: =M30-N30-O30-P30 -> 0 | AB30: 云南 | AC30: 289 | AD30: 180 | AF30: 97 | AG30: 12 | AH30: =AC30-AD30-AE30-AF30-AG30 -> 0
A31: 西藏 | B31: 60 | C31: 41 | D31: 0 | E31: 3 | F31: 1 | H31: 0 | I31: 0 | J31: 0 | L31: 0 | M31: 2 | N31: 2 | O31: 0 | P31: 0 | S31: 0 | T31: 0 | U31: 16 | V31: 0 | X31: =B31-C31-E31-S31-T31-U31-V31 -> 0 | Y31: =E31-F31-I31-L31-M31 -> 0 | Z31: =M31-N31-O31-P31 -> 0 | AB31: 西藏 | AC31: 60 | AD31: 41 | AE31: 3 | AG31: 16 | AH31: =AC31-AD31-AE31-AF31-AG31 -> 0
A32: 陕西 | B32: 450 | C32: 15 | D32: 0 | E32: 149 | F32: 110 | H32: 0 | I32: 0 | J32: 0 | L32: 0 | M32: 38 | N32: 38 | O32: 0 | P32: 0 | S32: 0 | T32: 91 | U32: 194 | V32: 0 | X32: =B32-C32-E32-S32-T32-U32-V32 -> 1 | Y32: =E32-F32-I32-L32-M32 -> 1 | Z32: =M32-N32-O32-P32 -> 0 | AB32: 陕西 | AC32: 450 | AD32: 15 | AE32: 149 | AF32: 91 | AG32: 194 | AH32: =AC32-AD32-AE32-AF32-AG32 -> 1
A33: 甘肃 | B33: 152 | C33: 9 | D33: 0 | E33: 40 | F33: 33 | H33: 0 | I33: 0 | J33: 0 | L33: 0 | M33: 7 | N33: 2 | O33: 5 | P33: 0 | S33: 0 | T33: 25 | U33: 78 | V33: 0 | X33: =B33-C33-E33-S33-T33-U33-V33 -> 0 | Y33: =E33-F33-I33-L33-M33 -> 0 | Z33: =M33-N33-O33-P33 -> 0 | AB33: 甘肃 | AC33: 152 | AD33: 9 | AE33: 40 | AF33: 25 | AG33: 78 | AH33: =AC33-AD33-AE33-AF33-AG33 -> 0
A34: 青海 | B34: 319 | C34: 46 | D34: 0 | E34: 113 | F34: 101 | H34: 0 | I34: 0 | J34: 0 | L34: 0 | M34: 12 | N34: 12 | O34: 0 | P34: 0 | S34: 0 | T34: 30 | U34: 131 | V34: 0 | X34: =B34-C34-E34-S34-T34-U34-V34 -> -1 | Y34: =E34-F34-I34-L34-M34 -> 0 | Z34: =M34-N34-O34-P34 -> 0 | AB34: 青海 | AC34: 319 | AD34: 46 | AE34: 113 | AF34: 30 | AG34: 131 | AH34: =AC34-AD34-AE34-AF34-AG34 -> -1
A35: 宁夏 | B35: 574 | C35: 0 | D35: 0 | E35: 180 | F35: 175 | H35: 0 | I35: 0 | J35: 0 | L35: 0 | M35: 5 | N35: 5 | O35: 0 | P35: 0 | S35: 0 | T35: 177 | U35: 217 | V35: 0 | X35: =B35-C35-E35-S35-T35-U35-V35 -> 0 | Y35: =E35-F35-I35-L35-M35 -> 0 | Z35: =M35-N35-O35-P35 -> 0 | AB35: 宁夏 | AC35: 574 | AE35: 180 | AF35: 177 | AG35: 217 | AH35: =AC35-AD35-AE35-AF35-AG35 -> 0
A36: 新疆 | B36: 1085 | C36: 98 | D36: 0 | E36: 394 | F36: 282 | H36: 0 | I36: 31 | J36: 31 | L36: 0 | M36: 82 | N36: 75 | O36: 0 | P36: 7 | S36: 0 | T36: 262 | U36: 330 | V36: 0 | X36: =B36-C36-E36-S36-T36-U36-V36 -> 1 | Y36: =E36-F36-I36-L36-M36 -> -1 | Z36: =M36-N36-O36-P36 -> 0 | AB36: 新疆 | AC36: 1085 | AD36: 98 | AE36: 394 | AF36: 262 | AG36: 330 | AH36: =AC36-AD36-AE36-AF36-AG36 -> 1
B38: =B5-SUM(B6:B36) -> 0 | C38: =C5-SUM(C6:C36) -> 1.3 | D38: =D5-SUM(D6:D36) -> 0 | E38: =E5-SUM(E6:E36) -> -1 | F38: =F5-SUM(F6:F36) -> 0 | H38: =H5-SUM(H6:H36) -> 0 | I38: =I5-SUM(I6:I36) -> 0 | J38: =J5-SUM(J6:J36) -> 0 | L38: =L5-SUM(L6:L36) -> 0 | M38: =M5-SUM(M6:M36) -> -4 | N38: =N5-SUM(N6:N36) -> -2 | O38: =O5-SUM(O6:O36) -> 0 | P38: =P5-SUM(P6:P36) -> -1 | S38: =S5-SUM(S6:S36) -> -1 | T38: =T5-SUM(T6:T36) -> 0 | U38: =U5-SUM(U6:U36) -> -2 | V38: =V5-SUM(V6:V36) -> 0

Sheet 2017
A1: 分地区新增发电装机容量（万KW）
A2: 地区 | B2: 合计 | C2: 水电 | E2: 火电 | S2: 核电 | T2: 风电 | U2: 太阳能发电 | V2: 其他
C3: 合计 | D3: 抽水蓄能 | E3: 合计 | F3: 燃煤 | I3: 燃气 | L3: 燃油 | M3: 其他 | AB3: 合计 | AC3: 水 | AD3: 火 | AE3: 风 | AF3: 光
F4: 合计 | G4: 常规燃煤 | H4: 煤矸石发电 | I4: 合计 | J4: 常规燃气 | K4: 煤层气发电 | M4: 合计 | N4: 余温、余气、余压发电 | O4: 垃圾焚烧发电 | P4: 秸秆、蔗渣、林木质发电 | Q4: 沼气 | R4: 技改增容 | AB4: 2017 年 | AC4: 2017 年 | AD4: 2017 年 | AE4: 2017 年 | AF4: 2017 年
A5: 全国 | B5: 13019 | C5: 1287 | D5: 200 | E5: 4453 | F5: 3504 | H5: 0 | I5: 571 | J5: 571 | L5: 0 | M5: 379 | N5: 175 | O5: 123 | P5: 81 | S5: 218 | T5: 1720 | U5: 5341 | V5: 0 | X5: =B5-C5-E5-S5-T5-U5-V5 -> 0 | Y5: =E5-F5-I5-L5-M5 -> -1 | Z5: =M5-N5-O5-P5 -> 0 | AB5: 13019 | AC5: 1287 | AD5: 4453 | AE5: 1720 | AF5: 5341 | AG5: =AB5-AC5-AD5-AE5-AF5 -> 218
A6: 北京 | B6: 121 | C6: 0 | D6: 0 | E6: 106 | F6: 0 | H6: 0 | I6: 100 | J6: 100 | L6: 0 | M6: 7 | N6: 0 | O6: 7 | P6: 0 | S6: 0 | T6: 0 | U6: 15 | V6: 0 | X6: =B6-C6-E6-S6-T6-U6-V6 -> 0 | Y6: =E6-F6-I6-L6-M6 -> -1 | Z6: =M6-N6-O6-P6 -> 0 | AB6: 121 | AD6: 106 | AE6: 0.3 | AF6: 15 | AG6: =AB6-AC6-AD6-AE6-AF6 -> -0.3
A7: 天津 | B7: 22 | C7: 0 | D7: 0 | E7: 0.2 | F7: 0 | H7: 0 | I7: 0.2 | J7: 0.2 | L7: 0 | M7: 0 | N7: 0 | O7: 0 | P7: 0 | S7: 0 | T7: 11 | U7: 11 | V7: 0 | X7: =B7-C7-E7-S7-T7-U7-V7 -> -0.2 | Y7: =E7-F7-I7-L7-M7 -> 0 | Z7: =M7-N7-O7-P7 -> 0 | AB7: 22 | AD7: 0.2 | AE7: 11 | AF7: 11 | AG7: =AB7-AC7-AD7-AE7-AF7 -> -0.2
A8: 河北 | B8: 698 | C8: 2 | D8: 0 | E8: 139 | F8: 116 | H8: 0 | I8: 0 | J8: 0 | L8: 0 | M8: 23 | N8: 13 | O8: 5 | P8: 6 | S8: 0 | T8: 107 | U8: 450 | V8: 0 | X8: =B8-C8-E8-S8-T8-U8-V8 -> 0 | Y8: =E8-F8-I8-L8-M8 -> 0 | Z8: =M8-N8-O8-P8 -> -1 | AB8: 698 | AC8: 2 | AD8: 139 | AE8: 107 | AF8: 450 | AG8: =AB8-AC8-AD8-AE8-AF8 -> 0
A9: 山西 | B9: 423 | C9: 0 | D9: 0 | E9: 46 | F9: 45 | H9: 0 | I9: 0 | J9: 0 | L9: 0 | M9: 1 | N9: 1 | O9: 0 | P9: 0 | S9: 0 | T9: 96 | U9: 280 | V9: 0 | X9: =B9-C9-E9-S9-T9-U9-V9 -> 1 | Y9: =E9-F9-I9-L9-M9 -> 0 | Z9: =M9-N9-O9-P9 -> 0 | AB9: 423 | AD9: 46 | AE9: 96 | AF9: 280 | AG9: =AB9-AC9-AD9-AE9-AF9 -> 1
A10: 内蒙古 | B10: 392 | C10: 1 | D10: 0 | E10: 229 | F10: 228 | H10: 0 | I10: 0 | J10: 0 | L10: 0 | M10: 1 | N10: 1 | O10: 0 | P10: 0 | S10: 0 | T10: 88 | U10: 74 | V10: 0 | X10: =B10-C10-E10-S10-T10-U10-V10 -> 0 | Y10: =E10-F10-I10-L10-M10 -> 0 | Z10: =M10-N10-O10-P10 -> 0 | AB10: 392 | AC10: 1 | AD10: 229 | AE10: 88 | AF10: 74 | AG10: =AB10-AC10-AD10-AE10-AF10 -> 0
A11: 辽宁 | B11: 110 | C11: 0 | D11: 0 | E11: 46 | F11: 45 | H11: 0 | I11: 0 | J11: 0 | L11: 0 | M11: 1 | N11: 1 | O11: 0 | P11: 0 | S11: 0 | T11: 20 | U11: 43 | V11: 0 | X11: =B11-C11-E11-S11-T11-U11-V11 -> 1 | Y11: =E11-F11-I11-L11-M11 -> 0 | Z11: =M11-N11-O11-P11 -> 0 | AB11: 110 | AD11: 46 | AE11: 20 | AF11: 43 | AG11: =AB11-AC11-AD11-AE11-AF11 -> 1
A12: 吉林 | B12: 125 | C12: 5 | D12: 0 | E12: 0 | F12: 0 | H12: 0 | I12: 0 | J12: 0 | L12: 0 | M12: 0 | N12: 0 | O12: 0 | P12: 0 | S12: 0 | T12: 5 | U12: 115 | V12: 0 | X12: =B12-C12-E12-S12-T12-U12-V12 -> 0 | Y12: =E12-F12-I12-L12-M12 -> 0 | Z12: =M12-N12-O12-P12 -> 0 | AB12: 125 | AC12: 5 | AE12: 5 | AF12: 115 | AG12: =AB12-AC12-AD12-AE12-AF12 -> 0
A13: 黑龙江 | B13: 248 | C13: 2 | D13: 0 | E13: 128 | F13: 117 | H13: 0 | I13: 0 | J13: 0 | L13: 0 | M13: 12 | N13: 1 | O13: 2 | P13: 9 | S13: 0 | T13: 29 | U13: 89 | V13: 0 | X13: =B13-C13-E13-S13-T13-U13-V13 -> 0 | Y13: =E13-F13-I13-L13-M13 -> -1 | Z13: =M13-N13-O13-P13 -> 0 | AB13: 248 | AC13: 2 | AD13: 128 | AE13: 29 | AF13: 89 | AG13: =AB13-AC13-AD13-AE13-AF13 -> 0
A14: 上海 | B14: 36 | C14: 0 | D14: 0 | E14: 6 | F14: 0 | H14: 0 | I14: 3 | J14: 3 | L14: 0 | M14: 4 | N14: 0 | O14: 4 | P14: 0 | S14: 0 | T14: 0 | U14: 29 | V14: 0 | X14: =B14-C14-E14-S14-T14-U14-V14 -> 1 | Y14: =E14-F14-I14-L14-M14 -> -1 | Z14: =M14-N14-O14-P14 -> 0 | AB14: 36 | AD14: 6 | AF14: 29 | AG14: =AB14-AC14-AD14-AE14-AF14 -> 1
A15: 江苏 | B15: 1410 | C15: 150 | D15: 150 | E15: 744 | F15: 333 | H15: 0 | I15: 386 | J15: 386 | L15: 0 | M15: 25 | N15: 7 | O15: 12 | P15: 6 | S15: 0 | T15: 130 | U15: 386 | V15: 0 | X15: =B15-C15-E15-S15-T15-U15-V15 -> 0 | Y15: =E15-F15-I15-L15-M15 -> 0 | Z15: =M15-N15-O15-P15 -> 0 | AB15: 1410 | AC15: 150 | AD15: 744 | AE15: 130 | AF15: 386 | AG15: =AB15-AC15-AD15-AE15-AF15 -> 0
A16: 浙江 | B16: 773 | C16: 12 | D16: 0 | E16: 106 | F16: 51 | H16: 0 | I16: 22 | J16: 22 | L16: 0 | M16: 33 | N16: 4 | O16: 26 | P16: 3 | S16: 0 | T16: 15 | U16: 639 | V16: 0 | X16: =B16-C16-E16-S16-T16-U16-V16 -> 1 | Y16: =E16-F16-I16-L16-M16 -> 0 | Z16: =M16-N16-O16-P16 -> 0 | AB16: 773 | AC16: 12 | AD16: 106 | AE16: 15 | AF16: 639 | AG16: =AB16-AC16-AD16-AE16-AF16 -> 1
A17: 安徽 | B17: 965 | C17: 16 | D17: 0 | E17: 148 | F17: 102 | H17: 0 | I17: 0 | J17: 0 | L17: 0 | M17: 46 | N17: 17 | O17: 10 | P17: 19 | S17: 0 | T17: 43 | U17: 758 | V17: 0 | X17: =B17-C17-E17-S17-T17-U17-V17 -> 0 | Y17: =E17-F17-I17-L17-M17 -> 0 | Z17: =M17-N17-O17-P17 -> 0 | AB17: 965 | AC17: 16 | AD17: 148 | AE17: 43 | AF17: 758 | AG17: =AB17-AC17-AD17-AE17-AF17 -> 0
A18: 福建 | B18: 524 | C18: 41 | D18: 0 | E18: 225 | F18: 205 | H18: 0 | I18: 3 | J18: 3 | L18: 0 | M18: 17 | N18: 8 | O18: 9 | P18: 0 | S18: 109 | T18: 69 | U18: 79 | V18: 0 | X18: =B18-C18-E18-S18-T18-U18-V18 -> 1 | Y18: =E18-F18-I18-L18-M18 -> 0 | Z18: =M18-N18-O18-P18 -> 0 | AB18: 524 | AC18: 41 | AD18: 225 | AE18: 69 | AF18: 79 | AG18: =AB18-AC18-AD18-AE18-AF18 -> 110
A19: 江西 | B19: 280 | C19: 11 | D19: 0 | E19: 0.2 | F19: 0 | H19: 0 | I19: 0 | J19: 0 | L19: 0 | M19: 0 | N19: 0 | O19: 0 | P19: 0 | S19: 0 | T19: 53 | U19: 216 | V19: 0 | X19: =B19-C19-E19-S19-T19-U19-V19 -> -0.2 | Y19: =E19-F19-I19-L19-M19 -> 0.2 | Z19: =M19-N19-O19-P19 -> 0 | AB19: 280 | AC19: 11 | AD19: 0.2 | AE19: 53 | AF19: 216 | AG19: =AB19-AC19-AD19-AE19-AF19 -> -0.2
A20: 山东 | B20: 1657 | C20: 0.1 | D20: 0 | E20: 821 | F20: 769 | H20: 0 | I20: 0 | J20: 0 | L20: 0 | M20: 51 | N20: 12 | O20: 26 | P20: 14 | S20: 0 | T20: 191 | U20: 645 | V20: 0 | X20: =B20-C20-E20-S20-T20-U20-V20 -> -0.1 | Y20: =E20-F20-I20-L20-M20 -> 1 | Z20: =M20-N20-O20-P20 -> -1 | AB20: 1657 | AD20: 821 | AE20: 191 | AF20: 645 | AG20: =AB20-AC20-AD20-AE20-AF20 -> 0
A21: 河南 | B21: 887 | C21: 0.1 | D21: 0 | E21: 325 | F21: 287 | H21: 0 | I21: 4 | J21: 4 | L21: 0 | M21: 34 | N21: 33 | O21: 0 | P21: 1 | S21: 0 | T21: 135 | U21: 428 | V21: 0 | X21: =B21-C21-E21-S21-T21-U21-V21 -> -1.1 | Y21: =E21-F21-I21-L21-M21 -> 0 | Z21: =M21-N21-O21-P21 -> 0 | AB21: 887 | AD21: 325 | AE21: 135 | AF21: 428 | AG21: =AB21-AC21-AD21-AE21-AF21 -> -1
A22: 湖北 | B22: 449 | C22: 8 | D22: 0 | E22: 120 | F22: 73 | H22: 0 | I22: 19 | J22: 19 | L22: 0 | M22: 28 | N22: 20 | O22: 2 | P22: 5 | S22: 0 | T22: 67 | U22: 254 | V22: 0 | X22: =B22-C22-E22-S22-T22-U22-V22 -> 0 | Y22: =E22-F22-I22-L22-M22 -> 0 | Z22: =M22-N22-O22-P22 -> 1 | AB22: 449 | AC22: 8 | AD22: 120 | AE22: 67 | AF22: 254 | AG22: =AB22-AC22-AD22-AE22-AF22 -> 0
A23: 湖南 | B23: 274 | C23: 32 | D23: 0 | E23: 12 | F23: 1 | H23: 0 | I23: 0 | J23: 0 | L23: 0 | M23: 11 | N23: 4 | O23: 4 | P23: 3 | S23: 0 | T23: 50 | U23: 180 | V23: 0 | X23: =B23-C23-E23-S23-T23-U23-V23 -> 0 | Y23: =E23-F23-I23-L23-M23 -> 0 | Z23: =M23-N23-O23-P23 -> 0 | AB23: 274 | AC23: 32 | AD23: 12 | AE23: 50 | AF23: 180 | AG23: =AB23-AC23-AD23-AE23-AF23 -> 0
A24: 广东 | B24: 196 | C24: 35 | D24: 30 | E24: 0 | F24: 0 | H24: 0 | I24: 0 | J24: 0 | L24: 0 | M24: 0 | N24: 0 | O24: 0 | P24: 0 | S24: 109 | T24: 29 | U24: 23 | V24: 0 | X24: =B24-C24-E24-S24-T24-U24-V24 -> 0 | Y24: =E24-F24-I24-L24-M24 -> 0 | Z24: =M24-N24-O24-P24 -> 0 | AB24: 196 | AC24: 35 | AE24: 29 | AF24: 23 | AG24: =AB24-AC24-AD24-AE24-AF24 -> 109
A25: 广西 | B25: 139 | C25: 0 | D25: 0 | E25: 51 | F25: 0 | H25: 0 | I25: 21 | J25: 21 | L25: 0 | M25: 30 | N25: 20 | O25: 1 | P25: 9 | S25: 0 | T25: 82 | U25: 6 | V25: 0 | X25: =B25-C25-E25-S25-T25-U25-V25 -> 0 | Y25: =E25-F25-I25-L25-M25 -> 0 | Z25: =M25-N25-O25-P25 -> 0 | AB25: 139 | AD25: 51 | AE25: 82 | AF25: 6 | AG25: =AB25-AC25-AD25-AE25-AF25 -> 0
A26: 海南 | B26: 23 | C26: 20 | D26: 20 | E26: 0 | F26: 0 | H26: 0 | I26: 0 | J26: 0 | L26: 0 | M26: 0 | N26: 0 | O26: 0 | P26: 0 | S26: 0 | T26: 0 | U26: 3 | V26: 0 | X26: =B26-C26-E26-S26-T26-U26-V26 -> 0 | Y26: =E26-F26-I26-L26-M26 -> 0 | Z26: =M26-N26-O26-P26 -> 0 | AB26: 23 | AC26: 20 | AF26: 3 | AG26: =AB26-AC26-AD26-AE26-AF26 -> 0
A27: 重庆 | B27: 118 | C27: 74 | D27: 0 | E27: 18 | F27: 13 | H27: 0 | I27: 0 | J27: 0 | L27: 0 | M27: 6 | N27: 1 | O27: 1 | P27: 3 | S27: 0 | T27: 14 | U27: 13 | V27: 0 | X27: =B27-C27-E27-S27-T27-U27-V27 -> -1 | Y27: =E27-F27-I27-L27-M27 -> -1 | Z27: =M27-N27-O27-P27 -> 1 | AB27: 118 | AC27: 74 | AD27: 18 | AE27: 14 | AF27: 13 | AG27: =AB27-AC27-AD27-AE27-AF27 -> -1
A28: 四川 | B28: 780 | C28: 602 | D28: 0 | E28: 23 | F28: 0 | H28: 0 | I28: 0.2 | J28: 0.2 | L28: 0 | M28: 22 | N28: 8 | O28: 14 | P28: 0 | S28: 0 | T28: 126 | U28: 30 | V28: 0 | X28: =B28-C28-E28-S28-T28-U28-V28 -> -1 | Y28: =E28-F28-I28-L28-M28 -> 0.8 | Z28: =M28-N28-O28-P28 -> 0 | AB28: 780 | AC28: 602 | AD28: 23 | AE28: 126 | AF28: 30 | AG28: =AB28-AC28-AD28-AE28-AF28 -> -1
A29: 贵州 | B29: 80 | C29: 31 | D29: 0 | E29: 0 | F29: 0 | H29: 0 | I29: 0 | J29: 0 | L29: 0 | M29: 0 | N29: 0 | O29: 0 | P29: 0 | S29: 0 | T29: 31 | U29: 19 | V29: 0 | X29: =B29-C29-E29-S29-T29-U29-V29 -> -1 | Y29: =E29-F29-I29-L29-M29 -> 0 | Z29: =M29-N29-O29-P29 -> 0 | AB29: 80 | AC29: 31 | AE29: 31 | AF29: 19 | AG29: =AB29-AC29-AD29-AE29-AF29 -> -1
A30: 云南 | B30: 174 | C30: 115 | D30: 0 | E30: 0 | F30: 0 | H30: 0 | I30: 0 | J30: 0 | L30: 0 | M30: 0 | N30: 0 | O30: 0 | P30: 0 | S30: 0 | T30: 53 | U30: 6 | V30: 0 | X30: =B30-C30-E30-S30-T30-U30-V30 -> 0 | Y30: =E30-F30-I30-L30-M30 -> 0 | Z30: =M30-N30-O30-P30 -> 0 | AB30: 174 | AC30: 115 | AE30: 53 | AF30: 6 | AG30: =AB30-AC30-AD30-AE30-AF30 -> 0
A31: 西藏 | B31: 48 | C31: 2 | D31: 0 | E31: 0 | F31: 0 | H31: 0 | I31: 0 | J31: 0 | L31: 0 | M31: 0 | N31: 0 | O31: 0 | P31: 0 | S31: 0 | T31: 0 | U31: 47 | V31: 0 | X31: =B31-C31-E31-S31-T31-U31-V31 -> -1 | Y31: =E31-F31-I31-L31-M31 -> 0 | Z31: =M31-N31-O31-P31 -> 0 | AB31: 48 | AC31: 2 | AF31: 47 | AG31: =AB31-AC31-AD31-AE31-AF31 -> -1
A32: 陕西 | B32: 532 | C32: 70 | D32: 0 | E32: 126 | F32: 112 | H32: 0 | I32: 0 | J32: 0 | L32: 0 | M32: 14 | N32: 10 | O32: 1 | P32: 3 | S32: 0 | T32: 132 | U32: 203 | V32: 0 | X32: =B32-C32-E32-S32-T32-U32-V32 -> 1 | Y32: =E32-F32-I32-L32-M32 -> 0 | Z32: =M32-N32-O32-P32 -> 0 | AB32: 532 | AC32: 70 | AD32: 126 | AE32: 132 | AF32: 203 | AG32: =AB32-AC32-AD32-AE32-AF32 -> 1
A33: 甘肃 | B33: 227 | C33: 7 | D33: 0 | E33: 112 | F33: 104 | H33: 0 | I33: 0 | J33: 0 | L33: 0 | M33: 9 | N33: 8 | O33: 1 | P33: 0 | S33: 0 | T33: 5 | U33: 102 | V33: 0 | X33: =B33-C33-E33-S33-T33-U33-V33 -> 1 | Y33: =E33-F33-I33-L33-M33 -> -1 | Z33: =M33-N33-O33-P33 -> 0 | AB33: 227 | AC33: 7 | AD33: 112 | AE33: 5 | AF33: 102 | AG33: =AB33-AC33-AD33-AE33-AF33 -> 1
A34: 青海 | B34: 226 | C34: 4 | D34: 0 | E34: 27 | F34: 27 | H34: 0 | I34: 0 | J34: 0 | L34: 0 | M34: 0 | N34: 0 | O34: 0 | P34: 0 | S34: 0 | T34: 110 | U34: 85 | V34: 0 | X34: =B34-C34-E34-S34-T34-U34-V34 -> 0 | Y34: =E34-F34-I34-L34-M34 -> 0 | Z34: =M34-N34-O34-P34 -> 0 | AB34: 226 | AC34: 4 | AD34: 27 | AE34: 110 | AF34: 85 | AG34: =AB34-AC34-AD34-AE34-AF34 -> 0
A35: 宁夏 | B35: 525 | C35: 0 | D35: 0 | E35: 432 | F35: 431 | H35: 0 | I35: 0 | J35: 0 | L35: 0 | M35: 1 | N35: 1 | O35: 0 | P35: 0 | S35: 0 | T35: 0 | U35: 93 | V35: 0 | X35: =B35-C35-E35-S35-T35-U35-V35 -> 0 | Y35: =E35-F35-I35-L35-M35 -> 0 | Z35: =M35-N35-O35-P35 -> 0 | AB35: 525 | AD35: 432 | AF35: 93 | AG35: =AB35-AC35-AD35-AE35-AF35 -> 0
A36: 新疆 | B36: 560 | C36: 47 | D36: 0 | E36: 462 | F36: 447 | H36: 0 | I36: 12 | J36: 12 | L36: 0 | M36: 3 | N36: 3 | O36: 0 | P36: 0 | S36: 0 | T36: 30 | U36: 21 | V36: 0 | X36: =B36-C36-E36-S36-T36-U36-V36 -> 0 | Y36: =E36-F36-I36-L36-M36 -> 0 | Z36: =M36-N36-O36-P36 -> 0 | AB36: 560 | AC36: 47 | AD36: 462 | AE36: 30 | AF36: 21 | AG36: =AB36-AC36-AD36-AE36-AF36 -> 0
B38: =B5-SUM(B6:B36) -> -3 | C38: =C5-SUM(C6:C36) -> -0.2 | D38: =D5-SUM(D6:D36) -> 0 | E38: =E5-SUM(E6:E36) -> 0.6 | F38: =F5-SUM(F6:F36) -> -2 | H38: =H5-SUM(H6:H36) -> 0 | I38: =I5-SUM(I6:I36) -> 0.6 | J38: =J5-SUM(J6:J36) -> 0.6 | L38: =L5-SUM(L6:L36) -> 0 | M38: =M5-SUM(M6:M36) -> 0 | N38: =N5-SUM(N6:N36) -> 2 | O38: =O5-SUM(O6:O36) -> -2 | P38: =P5-SUM(P6:P36) -> 0 | S38: =S5-SUM(S6:S36) -> 0 | T38: =T5-SUM(T6:T36) -> -1 | U38: =U5-SUM(U6:U36) -> -1 | V38: =V5-SUM(V6:V36) -> 0

Sheet 2018
A1: 分地区新增发电装机容量（万KW）
A2: 地区 | B2: 合计 | C2: 水电 | E2: 火电 | S2: 核电 | T2: 风电 | U2: 太阳能发电 | V2: 其他
C3: 合计 | D3: 抽水蓄能 | E3: 合计 | F3: 燃煤 | I3: 燃气 | L3: 燃油 | M3: 其他 | AB3: 合计 | AC3: 水 | AD3: 火 | AE3: 风 | AF3: 光
F4: 合计 | G4: 常规燃煤 | H4: 煤矸石发电 | I4: 合计 | J4: 常规燃气 | K4: 煤层气发电 | M4: 合计 | N4: 余温、余气、余压发电 | O4: 垃圾焚烧发电 | P4: 秸秆、蔗渣、林木质发电 | Q4: 沼气 | R4: 技改增容 | AB4: 2018 年 | AC4: 2018 年 | AD4: 2018 年 | AE4: 2018 年 | AF4: 2018 年
A5: 全国 | B5: 12785 | C5: 859 | D5: 130 | E5: 4380 | F5: 3056 | I5: 884 | J5: 881 | M5: 440 | N5: 198 | O5: 148 | P5: 94 | S5: 884 | T5: 2127 | U5: 4525 | V5: 10 | X5: =B5-C5-E5-S5-T5-U5-V5 -> 0 | Y5: =E5-F5-I5-L5-M5 -> 0 | Z5: =M5-N5-O5-P5 -> 0 | AB5: 12785 | AC5: 859 | AD5: 4380 | AE5: 2127 | AF5: 4525 | AG5: =AB5-AC5-AD5-AE5-AF5 -> 894
A6: 北京 | B6: 56 | E6: 41 | I6: 34 | J6: 34 | M6: 7 | O6: 7 | U6: 15 | X6: =B6-C6-E6-S6-T6-U6-V6 -> 0 | Y6: =E6-F6-I6-L6-M6 -> 0 | Z6: =M6-N6-O6-P6 -> 0 | AB6: 56 | AD6: 41 | AF6: 15 | AG6: =AB6-AC6-AD6-AE6-AF6 -> 0
A7: 天津 | B7: 319 | E7: 229 | F7: 200 | I7: 25 | J7: 25 | M7: 4 | P7: 4 | T7: 28 | U7: 61 | X7: =B7-C7-E7-S7-T7-U7-V7 -> 1 | Y7: =E7-F7-I7-L7-M7 -> 0 | Z7: =M7-N7-O7-P7 -> 0 | AB7: 319 | AD7: 229 | AE7: 28 | AF7: 61 | AG7: =AB7-AC7-AD7-AE7-AF7 -> 1
A8: 河北 | B8: 840 | E8: 205 | F8: 178 | M8: 27 | N8: 22 | O8: 2 | P8: 3 | T8: 246 | U8: 389 | X8: =B8-C8-E8-S8-T8-U8-V8 -> 0 | Y8: =E8-F8-I8-L8-M8 -> 0 | Z8: =M8-N8-O8-P8 -> 0 | AB8: 840 | AD8: 205 | AE8: 246 | AF8: 389 | AG8: =AB8-AC8-AD8-AE8-AF8 -> 0
A9: 山西 | B9: 822 | E9: 297 | F9: 280 | I9: 6 | J9: 6 | M9: 11 | N9: 11 | T9: 196 | U9: 329 | X9: =B9-C9-E9-S9-T9-U9-V9 -> 0 | Y9: =E9-F9-I9-L9-M9 -> 0 | Z9: =M9-N9-O9-P9 -> 0 | AB9: 822 | AD9: 297 | AE9: 196 | AF9: 329 | AG9: =AB9-AC9-AD9-AE9-AF9 -> 0
A10: 内蒙古 | B10: 413 | E10: 67 | F10: 66 | M10: 1 | N10: 1 | T10: 215 | U10: 132 | X10: =B10-C10-E10-S10-T10-U10-V10 -> -1 | Y10: =E10-F10-I10-L10-M10 -> 0 | Z10: =M10-N10-O10-P10 -> 0 | AB10: 413 | AD10: 67 | AE10: 215 | AF10: 132 | AG10: =AB10-AC10-AD10-AE10-AF10 -> -1
A11: 辽宁 | B11: 193 | E11: 105 | F11: 105 | T11: 50 | U11: 37 | X11: =B11-C11-E11-S11-T11-U11-V11 -> 1 | Y11: =E11-F11-I11-L11-M11 -> 0 | Z11: =M11-N11-O11-P11 -> 0 | AB11: 193 | AD11: 105 | AE11: 50 | AF11: 37 | AG11: =AB11-AC11-AD11-AE11-AF11 -> 1
A12: 吉林 | B12: 189 | E12: 51 | F12: 51 | T12: 9 | U12: 129 | X12: =B12-C12-E12-S12-T12-U12-V12 -> 0 | Y12: =E12-F12-I12-L12-M12 -> 0 | Z12: =M12-N12-O12-P12 -> 0 | AB12: 189 | AD12: 51 | AE12: 9 | AF12: 129 | AG12: =AB12-AC12-AD12-AE12-AF12 -> 0
A13: 黑龙江 | B13: 213 | C13: 3 | E13: 36 | F13: 28 | M13: 8 | N13: 0.03 | O13: 3 | P13: 5 | T13: 31 | U13: 143 | X13: =B13-C13-E13-S13-T13-U13-V13 -> 0 | Y13: =E13-F13-I13-L13-M13 -> 0 | Z13: =M13-N13-O13-P13 -> -0.03 | AB13: 213 | AC13: 3 | AD13: 36 | AE13: 31 | AF13: 143 | AG13: =AB13-AC13-AD13-AE13-AF13 -> 0
A14: 上海 | B14: 128 | E14: 96 | F14: 1 | I14: 88 | J14: 88 | M14: 7 | N14: 7 | U14: 32 | X14: =B14-C14-E14-S14-T14-U14-V14 -> 0 | Y14: =E14-F14-I14-L14-M14 -> 0 | Z14: =M14-N14-O14-P14 -> 0 | AB14: 128 | AD14: 96 | AF14: 32 | AG14: =AB14-AC14-AD14-AE14-AF14 -> 0
A15: 江苏 | B15: 1258 | C15: 0.01 | E15: 374 | F15: 131 | I15: 214 | J15: 214 | M15: 28 | N15: 13 | O15: 12 | P15: 3 | S15: 225 | T15: 197 | U15: 452 | V15: 10 | X15: =B15-C15-E15-S15-T15-U15-V15 -> -0.01 | Y15: =E15-F15-I15-L15-M15 -> 1 | Z15: =M15-N15-O15-P15 -> 0 | AB15: 1258 | AD15: 374 | AE15: 197 | AF15: 452 | AG15: =AB15-AC15-AD15-AE15-AF15 -> 235
A16: 浙江 | B16: 859 | C16: 7 | E16: 163 | F16: 79 | I16: 24 | J16: 24 | M16: 59 | N16: 26 | O16: 31 | P16: 2 | S16: 250 | T16: 26 | U16: 412 | X16: =B16-C16-E16-S16-T16-U16-V16 -> 1 | Y16: =E16-F16-I16-L16-M16 -> 1 | Z16: =M16-N16-O16-P16 -> 0 | AB16: 859 | AC16: 7 | AD16: 163 | AE16: 26 | AF16: 412 | AG16: =AB16-AC16-AD16-AE16-AF16 -> 251
A17: 安徽 | B17: 724 | C17: 2 | E17: 353 | F17: 302 | I17: 1 | M17: 50 | N17: 2 | O17: 11 | P17: 37 | T17: 24 | U17: 345 | X17: =B17-C17-E17-S17-T17-U17-V17 -> 0 | Y17: =E17-F17-I17-L17-M17 -> 0 | Z17: =M17-N17-O17-P17 -> 0 | AB17: 724 | AC17: 2 | AD17: 353 | AE17: 24 | AF17: 345 | AG17: =AB17-AC17-AD17-AE17-AF17 -> 0
A18: 福建 | B18: 210 | C18: 22 | E18: 74 | F18: 49 | M18: 25 | N18: 20 | O18: 5 | T18: 56 | U18: 58 | X18: =B18-C18-E18-S18-T18-U18-V18 -> 0 | Y18: =E18-F18-I18-L18-M18 -> 0 | Z18: =M18-N18-O18-P18 -> 0 | AB18: 210 | AC18: 22 | AD18: 74 | AE18: 56 | AF18: 58 | AG18: =AB18-AC18-AD18-AE18-AF18 -> 0
A19: 江西 | B19: 402 | C19: 16 | E19: 205 | F19: 200 | M19: 5 | N19: 5 | T19: 62 | U19: 120 | X19: =B19-C19-E19-S19-T19-U19-V19 -> -1 | Y19: =E19-F19-I19-L19-M19 -> 0 | Z19: =M19-N19-O19-P19 -> 0 | AB19: 402 | AC19: 16 | AD19: 205 | AE19: 62 | AF19: 120 | AG19: =AB19-AC19-AD19-AE19-AF19 -> -1
A20: 山东 | B20: 758 | C20: 0.3 | E20: 145 | F20: 64 | I20: 1 | J20: 1 | M20: 81 | N20: 34 | O20: 28 | P20: 18 | S20: 125 | T20: 94 | U20: 393 | X20: =B20-C20-E20-S20-T20-U20-V20 -> 0.7 | Y20: =E20-F20-I20-L20-M20 -> -1 | Z20: =M20-N20-O20-P20 -> 1 | AB20: 758 | AD20: 145 | AE20: 94 | AF20: 393 | AG20: =AB20-AC20-AD20-AE20-AF20 -> 126
A21: 河南 | B21: 956 | C21: 3 | E21: 422 | F21: 373 | I21: 35 | J21: 35 | M21: 14 | N21: 2 | O21: 7 | P21: 6 | T21: 238 | U21: 294 | X21: =B21-C21-E21-S21-T21-U21-V21 -> -1 | Y21: =E21-F21-I21-L21-M21 -> 0 | Z21: =M21-N21-O21-P21 -> -1 | AB21: 956 | AC21: 2.5 | AD21: 422 | AE21: 238 | AF21: 294 | AG21: =AB21-AC21-AD21-AE21-AF21 -> -0.5
A22: 湖北 | B22: 365 | C22: 6 | E22: 112 | F22: 104 | M22: 8 | N22: 7 | O22: 1 | T22: 81 | U22: 166 | X22: =B22-C22-E22-S22-T22-U22-V22 -> 0 | Y22: =E22-F22-I22-L22-M22 -> 0 | Z22: =M22-N22-O22-P22 -> 0 | AB22: 365 | AC22: 6 | AD22: 112 | AE22: 81 | AF22: 166 | AG22: =AB22-AC22-AD22-AE22-AF22 -> 0
A23: 湖南 | B23: 296 | C23: 29 | E23: 33 | F23: 2 | I23: 1 | J23: 1 | M23: 29 | N23: 15 | O23: 13 | P23: 2 | T23: 100 | U23: 135 | X23: =B23-C23-E23-S23-T23-U23-V23 -> -1 | Y23: =E23-F23-I23-L23-M23 -> 1 | Z23: =M23-N23-O23-P23 -> -1 | AB23: 296 | AC23: 29 | AD23: 33 | AE23: 100 | AF23: 135 | AG23: =AB23-AC23-AD23-AE23-AF23 -> -1
A24: 广东 | B24: 894 | C24: 90 | D24: 90 | E24: 484 | F24: 35 | I24: 449 | J24: 449 | S24: 284 | T24: 2 | U24: 34 | X24: =B24-C24-E24-S24-T24-U24-V24 -> 0 | Y24: =E24-F24-I24-L24-M24 -> 0 | Z24: =M24-N24-O24-P24 -> 0 | AB24: 894 | AC24: 90 | AD24: 484 | AE24: 2 | AF24: 34 | AG24: =AB24-AC24-AD24-AE24-AF24 -> 284
A25: 广西 | B25: 216 | C25: 5 | E25: 119 | F25: 105 | M25: 14 | O25: 2 | P25: 12 | T25: 61 | U25: 30 | X25: =B25-C25-E25-S25-T25-U25-V25 -> 1 | Y25: =E25-F25-I25-L25-M25 -> 0 | Z25: =M25-N25-O25-P25 -> 0 | AB25: 216 | AC25: 5 | AD25: 119 | AE25: 61 | AF25: 30 | AG25: =AB25-AC25-AD25-AE25-AF25 -> 1
A26: 海南 | B26: 56 | C26: 40 | D26: 40 | U26: 16 | X26: =B26-C26-E26-S26-T26-U26-V26 -> 0 | Y26: =E26-F26-I26-L26-M26 -> 0 | Z26: =M26-N26-O26-P26 -> 0 | AB26: 56 | AC26: 40 | AF26: 16 | AG26: =AB26-AC26-AD26-AE26-AF26 -> 0
A27: 重庆 | B27: 91 | C27: 14 | E27: 31 | F27: 1 | I27: 1 | J27: 1 | M27: 29 | N27: 6 | O27: 23 | T27: 19 | U27: 27 | X27: =B27-C27-E27-S27-T27-U27-V27 -> 0 | Y27: =E27-F27-I27-L27-M27 -> 0 | Z27: =M27-N27-O27-P27 -> 0 | AB27: 91 | AC27: 14 | AD27: 31 | AE27: 19 | AF27: 27 | AG27: =AB27-AC27-AD27-AE27-AF27 -> 0
A28: 四川 | B28: 280 | C28: 155 | E28: 30 | F28: 16 | I28: 2 | J28: 1 | M28: 12 | N28: 6 | O28: 2 | P28: 4 | T28: 47 | U28: 48 | X28: =B28-C28-E28-S28-T28-U28-V28 -> 0 | Y28: =E28-F28-I28-L28-M28 -> 0 | Z28: =M28-N28-O28-P28 -> 0 | AB28: 280 | AC28: 155 | AD28: 30 | AE28: 47 | AF28: 48 | AG28: =AB28-AC28-AD28-AE28-AF28 -> 0
A29: 贵州 | B29: 26 | T29: 15 | U29: 11 | X29: =B29-C29-E29-S29-T29-U29-V29 -> 0 | Y29: =E29-F29-I29-L29-M29 -> 0 | Z29: =M29-N29-O29-P29 -> 0 | AB29: 26 | AE29: 15 | AF29: 11 | AG29: =AB29-AC29-AD29-AE29-AF29 -> 0
A30: 云南 | B30: 393 | C30: 392 | T30: 0.4 | U30: 1 | X30: =B30-C30-E30-S30-T30-U30-V30 -> -0.4 | Y30: =E30-F30-I30-L30-M30 -> 0 | Z30: =M30-N30-O30-P30 -> 0 | AB30: 393 | AC30: 392 | AE30: 0.4 | AF30: 1 | AG30: =AB30-AC30-AD30-AE30-AF30 -> -0.4
A31: 西藏 | B31: 13 | C31: 1 | U31: 12 | X31: =B31-C31-E31-S31-T31-U31-V31 -> 0 | Y31: =E31-F31-I31-L31-M31 -> 0 | Z31: =M31-N31-O31-P31 -> 0 | AB31: 13 | AC31: 1 | AF31: 12 | AG31: =AB31-AC31-AD31-AE31-AF31 -> 0
A32: 陕西 | B32: 607 | C32: 4 | E32: 389 | F32: 375 | M32: 14 | N32: 14 | T32: 59 | U32: 155 | X32: =B32-C32-E32-S32-T32-U32-V32 -> 0 | Y32: =E32-F32-I32-L32-M32 -> 0 | Z32: =M32-N32-O32-P32 -> 0 | AB32: 607 | AC32: 4 | AD32: 389 | AE32: 59 | AF32: 155 | AG32: =AB32-AC32-AD32-AE32-AF32 -> 0
A33: 甘肃 | B33: 130 | C33: 61 | E33: 4 | F33: 1 | M33: 3 | N33: 2 | O33: 1 | U33: 65 | X33: =B33-C33-E33-S33-T33-U33-V33 -> 0 | Y33: =E33-F33-I33-L33-M33 -> 0 | Z33: =M33-N33-O33-P33 -> 0 | AB33: 130 | AC33: 61 | AD33: 4 | AF33: 65 | AG33: =AB33-AC33-AD33-AE33-AF33 -> 0
A34: 青海 | B34: 321 | C34: 1 | T34: 112 | U34: 208 | X34: =B34-C34-E34-S34-T34-U34-V34 -> 0 | Y34: =E34-F34-I34-L34-M34 -> 0 | Z34: =M34-N34-O34-P34 -> 0 | AB34: 321 | AC34: 1 | AE34: 112 | AF34: 208 | AG34: =AB34-AC34-AD34-AE34-AF34 -> 0
A35: 宁夏 | B35: 372 | E35: 101 | F35: 101 | T35: 84 | U35: 187 | X35: =B35-C35-E35-S35-T35-U35-V35 -> 0 | Y35: =E35-F35-I35-L35-M35 -> 0 | Z35: =M35-N35-O35-P35 -> 0 | AB35: 372 | AD35: 101 | AE35: 84 | AF35: 187 | AG35: =AB35-AC35-AD35-AE35-AF35 -> 0
A36: 新疆 | B36: 385 | C36: 10 | E36: 214 | F36: 208 | I36: 1 | J36: 1 | M36: 5 | N36: 5 | T36: 74 | U36: 87 | X36: =B36-C36-E36-S36-T36-U36-V36 -> 0 | Y36: =E36-F36-I36-L36-M36 -> 0 | Z36: =M36-N36-O36-P36 -> 0 | AB36: 385 | AC36: 10 | AD36: 214 | AE36: 74 | AF36: 87 | AG36: =AB36-AC36-AD36-AE36-AF36 -> 0
B38: =B5-SUM(B6:B36) -> 0 | C38: =C5-SUM(C6:C36) -> -2.31 | D38: =D5-SUM(D6:D36) -> 0 | E38: =E5-SUM(E6:E36) -> 0 | F38: =F5-SUM(F6:F36) -> 1 | H38: =H5-SUM(H6:H36) -> 0 | I38: =I5-SUM(I6:I36) -> 2 | J38: =J5-SUM(J6:J36) -> 1 | L38: =L5-SUM(L6:L36) -> 0 | M38: =M5-SUM(M6:M36) -> -1 | N38: =N5-SUM(N6:N36) -> -0.03 | O38: =O5-SUM(O6:O36) -> 0 | P38: =P5-SUM(P6:P36) -> -2 | S38: =S5-SUM(S6:S36) -> 0 | T38: =T5-SUM(T6:T36) -> 0.6 | U38: =U5-SUM(U6:U36) -> 2 | V38: =V5-SUM(V6:V36) -> 0

Sheet 2019
A1: 分地区新增发电装机容量（万KW）
A2: 地区 | B2: 合计 | C2: 水电 | E2: 火电 | S2: 核电 | T2: 风电 | U2: 太阳能发电 | V2: 其他
C3: 合计 | D3: 抽水蓄能 | E3: 合计 | F3: 燃煤 | I3: 燃气 | L3: 燃油 | M3: 其他
F4: 合计 | G4: 常规燃煤 | H4: 煤矸石发电 | I4: 合计 | J4: 常规燃气 | K4: 煤层气发电 | M4: 合计 | N4: 余温、余气、余压发电 | O4: 垃圾焚烧发电 | P4: 秸秆、蔗渣、林木质发电 | Q4: 沼气 | R4: 技改增容
A5: 全国 | B5: 10500 | C5: 445 | D5: 30 | E5: 4423 | F5: 3236 | G5: 3096 | H5: 140 | I5: 630 | J5: 629 | M5: 557 | N5: 166 | O5: 273 | P5: 118 | S5: 409 | T5: 2572 | U5: 2652 | X5: =B5-C5-E5-S5-T5-U5 -> -1 | Y5: =E5-F5-I5-L5-M5 -> 0 | Z5: =F5-G5-H5 -> 0 | AA5: =I5-J5-K5 -> 1 | AB5: =M5-N5-O5-P5-Q5-R5 -> 0
A6: 北京 | B6: 37 | E6: 26 | I6: 16 | J6: 16 | M6: 11 | O6: 11 | U6: 11 | X6: =B6-C6-E6-S6-T6-U6 -> 0 | Y6: =E6-F6-I6-L6-M6 -> -1 | Z6: =F6-G6-H6 -> 0 | AA6: =I6-J6-K6 -> 0 | AB6: =M6-N6-O6-P6-Q6-R6 -> 0
A7: 天津 | B7: 165 | E7: 130 | F7: 35 | G7: 35 | I7: 93 | J7: 93 | M7: 2 | O7: 2 | T7: 13 | U7: 23 | X7: =B7-C7-E7-S7-T7-U7 -> -1 | Y7: =E7-F7-I7-L7-M7 -> 0 | Z7: =F7-G7-H7 -> 0 | AA7: =I7-J7-K7 -> 0 | AB7: =M7-N7-O7-P7-Q7-R7 -> 0
A8: 河北 | B8: 780 | C8: 0.04 | E8: 306 | F8: 242 | G8: 242 | I8: 45 | J8: 45 | M8: 19 | N8: 8 | O8: 10 | P8: 1 | T8: 238 | U8: 236 | X8: =B8-C8-E8-S8-T8-U8 -> -0.04 | Y8: =E8-F8-I8-L8-M8 -> 0 | Z8: =F8-G8-H8 -> 0 | AA8: =I8-J8-K8 -> 0 | AB8: =M8-N8-O8-P8-Q8-R8 -> 0
A9: 山西 | B9: 445 | C9: 0.1 | E9: 72 | F9: 70 | H9: 70 | M9: 2 | N9: 2 | T9: 214 | U9: 158 | X9: =B9-C9-E9-S9-T9-U9 -> 0.9 | Y9: =E9-F9-I9-L9-M9 -> 0 | Z9: =F9-G9-H9 -> 0 | AA9: =I9-J9-K9 -> 0 | AB9: =M9-N9-O9-P9-Q9-R9 -> 0
A10: 内蒙古 | B10: 658 | E10: 410 | F10: 410 | G10: 340 | H10: 70 | T10: 124 | U10: 123 | X10: =B10-C10-E10-S10-T10-U10 -> 1 | Y10: =E10-F10-I10-L10-M10 -> 0 | Z10: =F10-G10-H10 -> 0 | AA10: =I10-J10-K10 -> 0 | AB10: =M10-N10-O10-P10-Q10-R10 -> 0
A11: 辽宁 | B11: 113 | E11: 2 | M11: 2 | N11: 2 | T11: 78 | U11: 34 | X11: =B11-C11-E11-S11-T11-U11 -> -1 | Y11: =E11-F11-I11-L11-M11 -> 0 | Z11: =F11-G11-H11 -> 0 | AA11: =I11-J11-K11 -> 0 | AB11: =M11-N11-O11-P11-Q11-R11 -> 0
A12: 吉林 | B12: 111 | C12: 60 | T12: 41 | U12: 9 | X12: =B12-C12-E12-S12-T12-U12 -> 1 | Y12: =E12-F12-I12-L12-M12 -> 0 | Z12: =F12-G12-H12 -> 0 | AA12: =I12-J12-K12 -> 0 | AB12: =M12-N12-O12-P12-Q12-R12 -> 0
A13: 黑龙江 | B13: 164 | C13: 4 | E13: 88 | F13: 47 | G13: 47 | I13: 7 | J13: 7 | M13: 34 | N13: 1.9 | O13: 2 | P13: 31 | T13: 12 | U13: 59 | X13: =B13-C13-E13-S13-T13-U13 -> 1 | Y13: =E13-F13-I13-L13-M13 -> 0 | Z13: =F13-G13-H13 -> 0 | AA13: =I13-J13-K13 -> 0 | AB13: =M13-N13-O13-P13-Q13-R13 -> -0.9
A14: 上海 | B14: 146 | E14: 114 | I14: 99 | J14: 99 | M14: 15 | N14: 0.2 | O14: 15 | T14: 11 | U14: 20 | X14: =B14-C14-E14-S14-T14-U14 -> 1 | Y14: =E14-F14-I14-L14-M14 -> 0 | Z14: =F14-G14-H14 -> 0 | AA14: =I14-J14-K14 -> 0 | AB14: =M14-N14-O14-P14-Q14-R14 -> -0.2
A15: 江苏 | B15: 791 | E15: 456 | F15: 289 | G15: 289 | I15: 111 | J15: 111 | M15: 56 | N15: 15 | O15: 34 | P15: 8 | T15: 176 | U15: 159 | X15: =B15-C15-E15-S15-T15-U15 -> 0 | Y15: =E15-F15-I15-L15-M15 -> 0 | Z15: =F15-G15-H15 -> 0 | AA15: =I15-J15-K15 -> 0 | AB15: =M15-N15-O15-P15-Q15-R15 -> -1
A16: 浙江 | B16: 297 | C16: 30 | E16: 48 | F16: 10 | G16: 10 | I16: 3 | J16: 3 | M16: 34 | N16: 15 | O16: 18 | P16: 2 | T16: 15 | U16: 205 | X16: =B16-C16-E16-S16-T16-U16 -> -1 | Y16: =E16-F16-I16-L16-M16 -> 1 | Z16: =F16-G16-H16 -> 0 | AA16: =I16-J16-K16 -> 0 | AB16: =M16-N16-O16-P16-Q16-R16 -> -1
A17: 安徽 | B17: 343 | C17: 36 | D17: 30 | E17: 140 | F17: 100 | G17: 100 | M17: 40 | N17: 19 | O17: 10 | P17: 11 | T17: 30 | U17: 137 | X17: =B17-C17-E17-S17-T17-U17 -> 0 | Y17: =E17-F17-I17-L17-M17 -> 0 | Z17: =F17-G17-H17 -> 0 | AA17: =I17-J17-K17 -> 0 | AB17: =M17-N17-O17-P17-Q17-R17 -> 0
A18: 福建 | B18: 155 | C18: 8 | E18: 43 | F18: 12 | G18: 12 | I18: 0.3 | J18: 0.3 | M18: 31 | N18: 24 | O18: 7 | T18: 82 | U18: 22 | X18: =B18-C18-E18-S18-T18-U18 -> 0 | Y18: =E18-F18-I18-L18-M18 -> -0.3 | Z18: =F18-G18-H18 -> 0 | AA18: =I18-J18-K18 -> 0 | AB18: =M18-N18-O18-P18-Q18-R18 -> 0
A19: 江西 | B19: 195 | C19: 35 | E19: 0.3 | M19: 0.3 | N19: 0.3 | T19: 61 | U19: 99 | X19: =B19-C19-E19-S19-T19-U19 -> -0.3 | Y19: =E19-F19-I19-L19-M19 -> 0 | Z19: =F19-G19-H19 -> 0 | AA19: =I19-J19-K19 -> 0 | AB19: =M19-N19-O19-P19-Q19-R19 -> 0
A20: 山东 | B20: 808 | C20: 0.1 | E20: 214 | F20: 125 | G20: 125 | I20: 1 | J20: 1 | M20: 89 | N20: 28 | O20: 31 | P20: 30 | S20: 125 | T20: 213 | U20: 256 | X20: =B20-C20-E20-S20-T20-U20 -> -0.1 | Y20: =E20-F20-I20-L20-M20 -> -1 | Z20: =F20-G20-H20 -> 0 | AA20: =I20-J20-K20 -> 0 | AB20: =M20-N20-O20-P20-Q20-R20 -> 0
A21: 河南 | B21: 665 | C21: 5 | E21: 261 | F21: 204 | G21: 204 | I21: 35 | J21: 35 | M21: 23 | N21: 13 | O21: 8 | P21: 2 | T21: 327 | U21: 72 | X21: =B21-C21-E21-S21-T21-U21 -> 0 | Y21: =E21-F21-I21-L21-M21 -> -1 | Z21: =F21-G21-H21 -> 0 | AA21: =I21-J21-K21 -> 0 | AB21: =M21-N21-O21-P21-Q21-R21 -> 0
A22: 湖北 | B22: 531 | C22: 6 | E22: 324 | F22: 301 | G22: 301 | M22: 23 | N22: 8 | O22: 2 | P22: 14 | T22: 76 | U22: 125 | X22: =B22-C22-E22-S22-T22-U22 -> 0 | Y22: =E22-F22-I22-L22-M22 -> 0 | Z22: =F22-G22-H22 -> 0 | AA22: =I22-J22-K22 -> 0 | AB22: =M22-N22-O22-P22-Q22-R22 -> -1
A23: 湖南 | B23: 181 | C23: 51 | E23: 19 | F23: 3 | G23: 3 | I23: 1 | J23: 1 | M23: 15 | N23: 12 | O23: 2 | P23: 2 | T23: 71 | U23: 40 | X23: =B23-C23-E23-S23-T23-U23 -> 0 | Y23: =E23-F23-I23-L23-M23 -> 0 | Z23: =F23-G23-H23 -> 0 | AA23: =I23-J23-K23 -> 0 | AB23: =M23-N23-O23-P23-Q23-R23 -> -1
A24: 广东 | B24: 898 | E24: 480 | F24: 235 | G24: 235 | I24: 174 | J24: 173 | M24: 71 | O24: 71 | S24: 284 | T24: 31 | U24: 104 | X24: =B24-C24-E24-S24-T24-U24 -> -1 | Y24: =E24-F24-I24-L24-M24 -> 0 | Z24: =F24-G24-H24 -> 0 | AA24: =I24-J24-K24 -> 1 | AB24: =M24-N24-O24-P24-Q24-R24 -> 0
A25: 广西 | B25: 140 | C25: 29 | E25: 11 | M25: 11 | O25: 5 | P25: 7 | T25: 90 | U25: 10 | X25: =B25-C25-E25-S25-T25-U25 -> 0 | Y25: =E25-F25-I25-L25-M25 -> 0 | Z25: =F25-G25-H25 -> 0 | AA25: =I25-J25-K25 -> 0 | AB25: =M25-N25-O25-P25-Q25-R25 -> -1
A26: 海南 | B26: 53 | E26: 46 | I26: 46 | J26: 46 | U26: 7 | X26: =B26-C26-E26-S26-T26-U26 -> 0 | Y26: =E26-F26-I26-L26-M26 -> 0 | Z26: =F26-G26-H26 -> 0 | AA26: =I26-J26-K26 -> 0 | AB26: =M26-N26-O26-P26-Q26-R26 -> 0
A27: 重庆 | B27: 51 | C27: 6 | E27: 5 | M27: 5 | N27: 5 | T27: 18 | U27: 22 | X27: =B27-C27-E27-S27-T27-U27 -> 0 | Y27: =E27-F27-I27-L27-M27 -> 0 | Z27: =F27-G27-H27 -> 0 | AA27: =I27-J27-K27 -> 0 | AB27: =M27-N27-O27-P27-Q27-R27 -> 0
A28: 四川 | B28: 125 | C28: 27 | E28: 25 | F28: 3 | G28: 3 | M28: 22 | N28: 2 | O28: 14 | P28: 6 | T28: 66 | U28: 7 | X28: =B28-C28-E28-S28-T28-U28 -> 0 | Y28: =E28-F28-I28-L28-M28 -> 0 | Z28: =F28-G28-H28 -> 0 | AA28: =I28-J28-K28 -> 0 | AB28: =M28-N28-O28-P28-Q28-R28 -> 0
A29: 贵州 | B29: 234 | C29: 5 | E29: 105 | F29: 81 | G29: 81 | M29: 24 | O29: 24 | T29: 78 | U29: 45 | X29: =B29-C29-E29-S29-T29-U29 -> 1 | Y29: =E29-F29-I29-L29-M29 -> 0 | Z29: =F29-G29-H29 -> 0 | AA29: =I29-J29-K29 -> 0 | AB29: =M29-N29-O29-P29-Q29-R29 -> 0
A30: 云南 | B30: 133 | C30: 92 | T30: 7 | U30: 33 | X30: =B30-C30-E30-S30-T30-U30 -> 1 | Y30: =E30-F30-I30-L30-M30 -> 0 | Z30: =F30-G30-H30 -> 0 | AA30: =I30-J30-K30 -> 0 | AB30: =M30-N30-O30-P30-Q30-R30 -> 0
A31: 西藏 | B31: 26 | C31: 14 | U31: 12 | X31: =B31-C31-E31-S31-T31-U31 -> 0 | Y31: =E31-F31-I31-L31-M31 -> 0 | Z31: =F31-G31-H31 -> 0 | AA31: =I31-J31-K31 -> 0 | AB31: =M31-N31-O31-P31-Q31-R31 -> 0
A32: 陕西 | B32: 740 | C32: 11 | E32: 430 | F32: 417 | G32: 417 | M32: 13 | N32: 3 | O32: 6 | P32: 4 | T32: 117 | U32: 182 | X32: =B32-C32-E32-S32-T32-U32 -> 0 | Y32: =E32-F32-I32-L32-M32 -> 0 | Z32: =F32-G32-H32 -> 0 | AA32: =I32-J32-K32 -> 0 | AB32: =M32-N32-O32-P32-Q32-R32 -> 0
A33: 甘肃 | B33: 108 | C33: 15 | T33: 12 | U33: 81 | X33: =B33-C33-E33-S33-T33-U33 -> 0 | Y33: =E33-F33-I33-L33-M33 -> 0 | Z33: =F33-G33-H33 -> 0 | AA33: =I33-J33-K33 -> 0 | AB33: =M33-N33-O33-P33-Q33-R33 -> 0
A34: 青海 | B34: 338 | C34: 0.3 | T34: 195 | U34: 142 | X34: =B34-C34-E34-S34-T34-U34 -> 0.7 | Y34: =E34-F34-I34-L34-M34 -> 0 | Z34: =F34-G34-H34 -> 0 | AA34: =I34-J34-K34 -> 0 | AB34: =M34-N34-O34-P34-Q34-R34 -> 0
A35: 宁夏 | B35: 600 | C35: 0.4 | E35: 367 | F35: 366 | G35: 366 | M35: 1 | N35: 1 | T35: 110 | U35: 123 | X35: =B35-C35-E35-S35-T35-U35 -> -0.4 | Y35: =E35-F35-I35-L35-M35 -> 0 | Z35: =F35-G35-H35 -> 0 | AA35: =I35-J35-K35 -> 0 | AB35: =M35-N35-O35-P35-Q35-R35 -> 0
A36: 新疆 | B36: 469 | C36: 10 | E36: 298 | F36: 286 | G36: 286 | M36: 12 | N36: 7 | O36: 4 | P36: 2 | T36: 65 | U36: 96 | X36: =B36-C36-E36-S36-T36-U36 -> 0 | Y36: =E36-F36-I36-L36-M36 -> 0 | Z36: =F36-G36-H36 -> 0 | AA36: =I36-J36-K36 -> 0 | AB36: =M36-N36-O36-P36-Q36-R36 -> -1
B38: =B5-SUM(B6:B36) -> 0 | C38: =C5-SUM(C6:C36) -> 0.06 | D38: =D5-SUM(D6:D36) -> 0 | E38: =E5-SUM(E6:E36) -> 2.7 | F38: =F5-SUM(F6:F36) -> 0 | H38: =H5-SUM(H6:H36) -> 0 | I38: =I5-SUM(I6:I36) -> -1.3 | J38: =J5-SUM(J6:J36) -> -1.3 | L38: =L5-SUM(L6:L36) -> 0 | M38: =M5-SUM(M6:M36) -> 1.7 | N38: =N5-SUM(N6:N36) -> -0.4 | O38: =O5-SUM(O6:O36) -> -3 | P38: =P5-SUM(P6:P36) -> -2 | S38: =S5-SUM(S6:S36) -> 0 | T38: =T5-SUM(T6:T36) -> 1 | U38: =U5-SUM(U6:U36) -> 0 | V38: =V5-SUM(V6:V36) -> 0

Sheet 2020
A1: 分地区新增发电装机容量（万KW）
A2: 地区 | B2: 合计 | C2: 水电 | E2: 火电 | S2: 核电 | T2: 风电 | U2: 太阳能发电 | V2: 其他
C3: 合计 | D3: 抽水蓄能 | E3: 合计 | F3: 燃煤 | I3: 燃气 | L3: 燃油 | M3: 其他 | AB3: 合计 | AC3: 水 | AD3: 火 | AE3: 风 | AF3: 光
F4: 合计 | G4: 常规燃煤 | H4: 煤矸石发电 | I4: 合计 | J4: 常规燃气 | K4: 煤层气发电 | M4: 合计 | N4: 余温、余气、余压发电 | O4: 垃圾焚烧发电 | P4: 秸秆、蔗渣、林木质发电 | Q4: 沼气 | R4: 技改增容 | AB4: 2020年 | AC4: 2020年 | AD4: 2020年 | AE4: 2020年 | AF4: 2020年
A5: 全国 | B5: 19144 | C5: 1313 | D5: 120 | E5: 5660 | F5: 4030 | G5: 3861 | H5: 169 | I5: 824 | J5: 811 | M5: 805 | N5: 283 | O5: 300 | P5: 222 | Q5: 1 | S5: 112 | T5: 7211 | U5: 4820 | V5: 28 | X5: =B5-C5-E5-S5-T5-U5-V5 -> 0 | Y5: =E5-F5-I5-L5-M5 -> 1 | Z5: =M5-N5-O5-P5 -> 0 | AB5: 19144 | AC5: 1313 | AD5: 5660 | AE5: 7211 | AF5: 4820 | AG5: =AB5-AC5-AD5-AE5-AF5 -> 140
A6: 北京 | B6: 24 | E6: 9 | I6: 7 | J6: 7 | M6: 2 | O6: 2 | T6: 5 | U6: 11 | X6: =B6-C6-E6-S6-T6-U6-V6 -> -1 | Y6: =E6-F6-I6-L6-M6 -> 0 | Z6: =M6-N6-O6-P6 -> 0 | AB6: 24 | AD6: 9 | AE6: 5 | AF6: 11 | AG6: =AB6-AC6-AD6-AE6-AF6 -> -1
A7: 天津 | B7: 147 | E7: 94 | F7: 5 | G7: 5 | I7: 65 | J7: 65 | M7: 24 | N7: 7 | O7: 17 | T7: 32 | U7: 21 | X7: =B7-C7-E7-S7-T7-U7-V7 -> 0 | Y7: =E7-F7-I7-L7-M7 -> 0 | Z7: =M7-N7-O7-P7 -> 0 | AB7: 147 | AD7: 94 | AE7: 32 | AF7: 21 | AG7: =AB7-AC7-AD7-AE7-AF7 -> 0
A8: 河北 | B8: 1720 | C8: 0.3 | E8: 361 | F8: 284 | G8: 284 | I8: 47 | J8: 47 | M8: 31 | N8: 9 | O8: 9 | P8: 13 | T8: 642 | U8: 715 | V8: 1 | X8: =B8-C8-E8-S8-T8-U8-V8 -> 0.7 | Y8: =E8-F8-I8-L8-M8 -> -1 | Z8: =M8-N8-O8-P8 -> 0 | AB8: 1720 | AC8: 0.3 | AD8: 361 | AE8: 642 | AF8: 715 | AG8: =AB8-AC8-AD8-AE8-AF8 -> 1.7
A9: 山西 | B9: 1225 | C9: 0.1 | E9: 284 | F9: 271 | G9: 104 | H9: 167 | I9: 10 | M9: 4 | N9: 2 | P9: 2 | T9: 720 | U9: 220 | X9: =B9-C9-E9-S9-T9-U9-V9 -> 0.9 | Y9: =E9-F9-I9-L9-M9 -> -1 | Z9: =M9-N9-O9-P9 -> 0 | AB9: 1225 | AC9: 0.1 | AD9: 284 | AE9: 720 | AF9: 220 | AG9: =AB9-AC9-AD9-AE9-AF9 -> 0.9
A10: 内蒙古 | B10: 1413 | E10: 423 | F10: 414 | G10: 414 | M10: 9 | N10: 1 | O10: 2 | P10: 6 | T10: 843 | U10: 147 | X10: =B10-C10-E10-S10-T10-U10-V10 -> 0 | Y10: =E10-F10-I10-L10-M10 -> 0 | Z10: =M10-N10-O10-P10 -> 0 | AB10: 1413 | AD10: 423 | AE10: 843 | AF10: 147 | AG10: =AB10-AC10-AD10-AE10-AF10 -> 0
A11: 辽宁 | B11: 302 | C11: 0.1 | E11: 98 | F11: 80 | G11: 80 | I11: 10 | J11: 10 | M11: 8 | O11: 2 | P11: 6 | T11: 147 | U11: 56 | X11: =B11-C11-E11-S11-T11-U11-V11 -> 0.9 | Y11: =E11-F11-I11-L11-M11 -> 0 | Z11: =M11-N11-O11-P11 -> 0 | AB11: 302 | AC11: 0.1 | AD11: 98 | AE11: 147 | AF11: 56 | AG11: =AB11-AC11-AD11-AE11-AF11 -> 0.9
A12: 吉林 | B12: 170 | C12: 69 | E12: 4 | M12: 4 | P12: 4 | T12: 39 | U12: 59 | X12: =B12-C12-E12-S12-T12-U12-V12 -> -1 | Y12: =E12-F12-I12-L12-M12 -> 0 | Z12: =M12-N12-O12-P12 -> 0 | AB12: 170 | AC12: 69 | AD12: 4 | AE12: 39 | AF12: 59 | AG12: =AB12-AC12-AD12-AE12-AF12 -> -1
A13: 黑龙江 | B13: 301 | C13: 2 | E13: 180 | F13: 135 | G13: 135 | I13: 1 | J13: 1 | M13: 44 | N13: 10 | O13: 2 | P13: 32 | T13: 76 | U13: 44 | X13: =B13-C13-E13-S13-T13-U13-V13 -> -1 | Y13: =E13-F13-I13-L13-M13 -> 0 | Z13: =M13-N13-O13-P13 -> 0 | AB13: 301 | AC13: 2 | AD13: 180 | AE13: 76 | AF13: 44 | AG13: =AB13-AC13-AD13-AE13-AF13 -> -1
A14: 上海 | B14: 30 | E14: 1 | M14: 1 | N14: 1 | T14: 1 | U14: 28 | X14: =B14-C14-E14-S14-T14-U14-V14 -> 0 | Y14: =E14-F14-I14-L14-M14 -> 0 | Z14: =M14-N14-O14-P14 -> 0 | AB14: 30 | AD14: 1 | AE14: 1 | AF14: 28 | AG14: =AB14-AC14-AD14-AE14-AF14 -> 0
A15: 江苏 | B15: 996 | E15: 168 | F15: 23 | G15: 23 | I15: 88 | J15: 88 | M15: 58 | N15: 13 | O15: 24 | P15: 21 | S15: 112 | T15: 506 | U15: 198 | V15: 13 | X15: =B15-C15-E15-S15-T15-U15-V15 -> -1 | Y15: =E15-F15-I15-L15-M15 -> -1 | Z15: =M15-N15-O15-P15 -> 0 | AB15: 996 | AD15: 168 | AE15: 506 | AF15: 198 | AG15: =AB15-AC15-AD15-AE15-AF15 -> 124
A16: 浙江 | B16: 421 | C16: 3 | E16: 212 | F16: 149 | G16: 149 | M16: 63 | N16: 11 | O16: 50 | P16: 2 | T16: 27 | U16: 178 | X16: =B16-C16-E16-S16-T16-U16-V16 -> 1 | Y16: =E16-F16-I16-L16-M16 -> 0 | Z16: =M16-N16-O16-P16 -> 0 | AB16: 421 | AC16: 3 | AD16: 212 | AE16: 27 | AF16: 178 | AG16: =AB16-AC16-AD16-AE16-AF16 -> 1
A17: 安徽 | B17: 446 | C17: 136 | D17: 120 | E17: 61 | F17: 8 | G17: 6 | H17: 2 | M17: 53 | N17: 29 | O17: 10 | P17: 14 | T17: 134 | U17: 116 | X17: =B17-C17-E17-S17-T17-U17-V17 -> -1 | Y17: =E17-F17-I17-L17-M17 -> 0 | Z17: =M17-N17-O17-P17 -> 0 | AB17: 446 | AC17: 136 | AD17: 61 | AE17: 134 | AF17: 116 | AG17: =AB17-AC17-AD17-AE17-AF17 -> -1
A18: 福建 | B18: 332 | C18: 13 | E18: 174 | F18: 148 | G18: 148 | M18: 26 | N18: 6 | O18: 20 | T18: 109 | U18: 33 | V18: 3 | X18: =B18-C18-E18-S18-T18-U18-V18 -> 0 | Y18: =E18-F18-I18-L18-M18 -> 0 | Z18: =M18-N18-O18-P18 -> 0 | AB18: 332 | AC18: 13 | AD18: 174 | AE18: 109 | AF18: 33 | AG18: =AB18-AC18-AD18-AE18-AF18 -> 3
A19: 江西 | B19: 620 | C19: 12 | E19: 256 | F19: 138 | G19: 138 | I19: 1 | M19: 117 | N19: 87 | O19: 25 | P19: 6 | Q19: 1 | T19: 208 | U19: 144 | X19: =B19-C19-E19-S19-T19-U19-V19 -> 0 | Y19: =E19-F19-I19-L19-M19 -> 0 | Z19: =M19-N19-O19-P19 -> -1 | AB19: 620 | AC19: 12 | AD19: 256 | AE19: 208 | AF19: 144 | AG19: =AB19-AC19-AD19-AE19-AF19 -> 0
A20: 山东 | B20: 1708 | E20: 621 | F20: 521 | G20: 521 | M20: 99 | N20: 27 | O20: 33 | P20: 40 | T20: 440 | U20: 647 | X20: =B20-C20-E20-S20-T20-U20-V20 -> 0 | Y20: =E20-F20-I20-L20-M20 -> 1 | Z20: =M20-N20-O20-P20 -> -1 | AB20: 1708 | AD20: 621 | AE20: 440 | AF20: 647 | AG20: =AB20-AC20-AD20-AE20-AF20 -> 0
A21: 河南 | B21: 1091 | E21: 246 | F21: 148 | G21: 148 | I21: 20 | J21: 20 | M21: 78 | N21: 3 | O21: 28 | P21: 46 | T21: 724 | U21: 121 | X21: =B21-C21-E21-S21-T21-U21-V21 -> 0 | Y21: =E21-F21-I21-L21-M21 -> 0 | Z21: =M21-N21-O21-P21 -> 1 | AB21: 1091 | AD21: 246 | AE21: 724 | AF21: 121 | AG21: =AB21-AC21-AD21-AE21-AF21 -> 0
A22: 湖北 | B22: 420 | C22: 65 | E22: 188 | F22: 138 | G22: 138 | I22: 15 | J22: 15 | M22: 34 | N22: 16 | O22: 10 | P22: 9 | T22: 91 | U22: 76 | X22: =B22-C22-E22-S22-T22-U22-V22 -> 0 | Y22: =E22-F22-I22-L22-M22 -> 1 | Z22: =M22-N22-O22-P22 -> -1 | AB22: 420 | AC22: 65 | AD22: 188 | AE22: 91 | AF22: 76 | AG22: =AB22-AC22-AD22-AE22-AF22 -> 0
A23: 湖南 | B23: 316 | C23: 23 | E23: 5 | F23: 0.2 | G23: 0.2 | M23: 5 | N23: 5 | O23: 1 | T23: 241 | U23: 47 | X23: =B23-C23-E23-S23-T23-U23-V23 -> 0 | Y23: =E23-F23-I23-L23-M23 -> -0.2 | Z23: =M23-N23-O23-P23 -> -1 | AB23: 316 | AC23: 23 | AD23: 5 | AE23: 241 | AF23: 47 | AG23: =AB23-AC23-AD23-AE23-AF23 -> 0
A24: 广东 | B24: 1041 | E24: 741 | F24: 300 | G24: 300 | I24: 441 | J24: 441 | T24: 111 | U24: 189 | X24: =B24-C24-E24-S24-T24-U24-V24 -> 0 | Y24: =E24-F24-I24-L24-M24 -> 0 | Z24: =M24-N24-O24-P24 -> 0 | AB24: 1041 | AD24: 741 | AE24: 111 | AF24: 189 | AG24: =AB24-AC24-AD24-AE24-AF24 -> 0
A25: 广西 | B25: 544 | C25: 69 | E25: 49 | F25: 2 | G25: 2 | I25: 15 | J25: 15 | M25: 32 | N25: 10 | O25: 6 | P25: 16 | T25: 354 | U25: 72 | X25: =B25-C25-E25-S25-T25-U25-V25 -> 0 | Y25: =E25-F25-I25-L25-M25 -> 0 | Z25: =M25-N25-O25-P25 -> 0 | AB25: 544 | AC25: 69 | AD25: 49 | AE25: 354 | AF25: 72 | AG25: =AB25-AC25-AD25-AE25-AF25 -> 0
A26: 海南 | B26: 98 | E26: 98 | I26: 96 | J26: 96 | M26: 2 | O26: 2 | U26: 0.5 | X26: =B26-C26-E26-S26-T26-U26-V26 -> -0.5 | Y26: =E26-F26-I26-L26-M26 -> 0 | Z26: =M26-N26-O26-P26 -> 0 | AB26: 98 | AD26: 98 | AF26: 0 | AG26: =AB26-AC26-AD26-AE26-AF26 -> 0
A27: 重庆 | B27: 52 | C27: 4 | E27: 16 | M27: 16 | N27: 4 | O27: 12 | T27: 28 | U27: 4 | X27: =B27-C27-E27-S27-T27-U27-V27 -> 0 | Y27: =E27-F27-I27-L27-M27 -> 0 | Z27: =M27-N27-O27-P27 -> 0 | AB27: 52 | AC27: 4 | AD27: 16 | AE27: 28 | AF27: 4 | AG27: =AB27-AC27-AD27-AE27-AF27 -> 0
A28: 四川 | B28: 551 | C28: 413 | E28: 35 | I28: 3 | M28: 33 | N28: 13 | O28: 17 | P28: 3 | T28: 100 | U28: 3 | X28: =B28-C28-E28-S28-T28-U28-V28 -> 0 | Y28: =E28-F28-I28-L28-M28 -> -1 | Z28: =M28-N28-O28-P28 -> 0 | AB28: 551 | AC28: 413 | AD28: 35 | AE28: 100 | AF28: 3 | AG28: =AB28-AC28-AD28-AE28-AF28 -> 0
A29: 贵州 | B29: 715 | C29: 13 | E29: 6 | M29: 6 | O29: 6 | T29: 149 | U29: 547 | X29: =B29-C29-E29-S29-T29-U29-V29 -> 0 | Y29: =E29-F29-I29-L29-M29 -> 0 | Z29: =M29-N29-O29-P29 -> 0 | AB29: 715 | AC29: 13 | AD29: 6 | AE29: 149 | AF29: 547 | AG29: =AB29-AC29-AD29-AE29-AF29 -> 0
A30: 云南 | B30: 373 | C30: 340 | E30: 5 | M30: 5 | O30: 5 | T30: 26 | U30: 2 | X30: =B30-C30-E30-S30-T30-U30-V30 -> 0 | Y30: =E30-F30-I30-L30-M30 -> 0 | Z30: =M30-N30-O30-P30 -> 0 | AB30: 373 | AC30: 340 | AD30: 5 | AE30: 26 | AF30: 2 | AG30: =AB30-AC30-AD30-AE30-AF30 -> 0
A31: 西藏 | B31: 66 | C31: 39 | U31: 27 | V31: 1 | X31: =B31-C31-E31-S31-T31-U31-V31 -> -1 | Y31: =E31-F31-I31-L31-M31 -> 0 | Z31: =M31-N31-O31-P31 -> 0 | AB31: 66 | AC31: 39 | AF31: 27 | AG31: =AB31-AC31-AD31-AE31-AF31 -> 0
A32: 陕西 | B32: 1096 | C32: 29 | E32: 584 | F32: 561 | G32: 561 | M32: 23 | N32: 8 | O32: 15 | T32: 344 | U32: 139 | X32: =B32-C32-E32-S32-T32-U32-V32 -> 0 | Y32: =E32-F32-I32-L32-M32 -> 0 | Z32: =M32-N32-O32-P32 -> 0 | AB32: 1096 | AC32: 29 | AD32: 584 | AE32: 344 | AF32: 139 | AG32: =AB32-AC32-AD32-AE32-AF32 -> 0
A33: 甘肃 | B33: 350 | C33: 13 | E33: 204 | F33: 200 | G33: 200 | M33: 4 | O33: 1 | P33: 3 | T33: 76 | U33: 57 | X33: =B33-C33-E33-S33-T33-U33-V33 -> 0 | Y33: =E33-F33-I33-L33-M33 -> 0 | Z33: =M33-N33-O33-P33 -> 0 | AB33: 350 | AC33: 13 | AD33: 204 | AE33: 76 | AF33: 57 | AG33: =AB33-AC33-AD33-AE33-AF33 -> 0
A34: 青海 | B34: 836 | C34: 0.6 | E34: 0.2 | M34: 0.2 | N34: 0.2 | T34: 379 | U34: 457 | X34: =B34-C34-E34-S34-T34-U34-V34 -> -0.8 | Y34: =E34-F34-I34-L34-M34 -> 0 | Z34: =M34-N34-O34-P34 -> 0 | AB34: 836 | AC34: 1 | AD34: 0.2 | AE34: 379 | AF34: 457 | AG34: =AB34-AC34-AD34-AE34-AF34 -> -1.2
A35: 宁夏 | B35: 676 | C35: 0.04 | E35: 133 | F35: 132 | G35: 132 | M35: 1 | T35: 260 | U35: 282 | X35: =B35-C35-E35-S35-T35-U35-V35 -> 0.96 | Y35: =E35-F35-I35-L35-M35 -> 0 | Z35: =M35-N35-O35-P35 -> 1 | AB35: 676 | AC35: 0.04 | AD35: 133 | AE35: 260 | AF35: 282 | AG35: =AB35-AC35-AD35-AE35-AF35 -> 0.96
A36: 新疆 | B36: 1062 | C36: 70 | E36: 403 | F36: 374 | G36: 374 | I36: 6 | J36: 6 | M36: 23 | N36: 21 | O36: 1 | P36: 1 | T36: 399 | U36: 180 | V36: 11 | X36: =B36-C36-E36-S36-T36-U36-V36 -> -1 | Y36: =E36-F36-I36-L36-M36 -> 0 | Z36: =M36-N36-O36-P36 -> 0 | AB36: 1062 | AC36: 70 | AD36: 403 | AE36: 399 | AF36: 180 | AG36: =AB36-AC36-AD36-AE36-AF36 -> 10
B38: =B5-SUM(B6:B36) -> 2 | C38: =C5-SUM(C6:C36) -> -1.14 | D38: =D5-SUM(D6:D36) -> 0 | E38: =E5-SUM(E6:E36) -> 0.8 | F38: =F5-SUM(F6:F36) -> -1.2 | H38: =H5-SUM(H6:H36) -> 0 | I38: =I5-SUM(I6:I36) -> -1 | J38: =J5-SUM(J6:J36) -> 0 | L38: =L5-SUM(L6:L36) -> 0 | M38: =M5-SUM(M6:M36) -> -0.2 | N38: =N5-SUM(N6:N36) -> -0.2 | O38: =O5-SUM(O6:O36) -> 0 | P38: =P5-SUM(P6:P36) -> -2 | S38: =S5-SUM(S6:S36) -> 0 | T38: =T5-SUM(T6:T36) -> 0 | U38: =U5-SUM(U6:U36) -> -0.5 | V38: =V5-SUM(V6:V36) -> -1

Sheet 16-20统计
A2: 万千瓦 | B2: 合计 | C2: 水 | D2: 火 | E2: 风 | F2: 光 | G2: 合计 | H2: 水 | I2: 火 | J2: 风 | K2: 光 | L2: 合计 | M2: 水 | N2: 火 | O2: 风 | P2: 光 | Q2: 合计 | R2: 水 | S2: 火 | T2: 风 | U2: 光 | V2: 合计 | W2: 水 | X2: 火 | Y2: 风 | Z2: 光
A3: 地区 | B3: 2016 年 | C3: 2016 年 | D3: 2016 年 | E3: 2016 年 | F3: 2016 年 | G3: 2017 年 | H3: 2017 年 | I3: 2017 年 | J3: 2017 年 | K3: 2017 年 | L3: 2018 年 | M3: 2018 年 | N3: 2018 年 | O3: 2018 年 | P3: 2018 年 | Q3: 2019 年 | R3: 2019 年 | S3: 2019 年 | T3: 2019 年 | U3: 2019 年 | V3: 2020年 | W3: 2020年 | X3: 2020年 | Y3: 2020年 | Z3: 2020年
A4: 全国 | B4: 12143 | C4: 1179 | D4: 5048 | E4: 2024 | F4: 3171 | G4: 13019 | H4: 1287 | I4: 4453 | J4: 1720 | K4: 5341 | L4: 12785 | M4: 859 | N4: 4380 | O4: 2127 | P4: 4525 | Q4: 10500 | R4: 445 | S4: 4423 | T4: 2572 | U4: 2652 | V4: 19144 | W4: 1313 | X4: 5660 | Y4: 7211 | Z4: 4820
A5: 北京 | B5: 32 | D5: 6 | E5: 7 | F5: 18 | G5: 121 | I5: 106 | J5: 0.3 | K5: 15 | L5: 56 | N5: 41 | P5: 15 | Q5: 37 | S5: 26 | U5: 11 | V5: 24 | X5: 9 | Y5: 5 | Z5: 11
A6: 天津 | B6: 143 | D6: 95 | F6: 48 | G6: 22 | I6: 0.2 | J6: 11 | K6: 11 | L6: 319 | N6: 229 | O6: 28 | P6: 61 | Q6: 165 | S6: 130 | T6: 13 | U6: 23 | V6: 147 | X6: 94 | Y6: 32 | Z6: 21
A7: 河北 | B7: 631 | D7: 170 | E7: 228 | F7: 232 | G7: 698 | H7: 2 | I7: 139 | J7: 107 | K7: 450 | L7: 840 | N7: 205 | O7: 246 | P7: 389 | Q7: 780 | S7: 306 | T7: 238 | U7: 236 | V7: 1720 | W7: 0.3 | X7: 361 | Y7: 642 | Z7: 715
A8: 山西 | B8: 793 | D8: 374 | E8: 173 | F8: 246 | G8: 423 | I8: 46 | J8: 96 | K8: 280 | L8: 822 | N8: 297 | O8: 196 | P8: 329 | Q8: 445 | S8: 72 | T8: 214 | U8: 158 | V8: 1225 | W8: 0.1 | X8: 284 | Y8: 720 | Z8: 220
A9: 内蒙古 | B9: 473 | D9: 366 | E9: 81 | F9: 26 | G9: 392 | H9: 1 | I9: 229 | J9: 88 | K9: 74 | L9: 413 | N9: 67 | O9: 215 | P9: 132 | Q9: 658 | S9: 410 | T9: 124 | U9: 123 | V9: 1413 | X9: 423 | Y9: 843 | Z9: 147
A10: 辽宁 | B10: 147 | D10: 1 | E10: 14 | F10: 21 | G10: 110 | I10: 46 | J10: 20 | K10: 43 | L10: 193 | N10: 105 | O10: 50 | P10: 37 | Q10: 113 | S10: 2 | T10: 78 | U10: 34 | V10: 302 | W10: 0.1 | X10: 98 | Y10: 147 | Z10: 56
A11: 吉林 | B11: 84 | D11: 11 | E11: 22 | F11: 52 | G11: 125 | H11: 5 | J11: 5 | K11: 115 | L11: 189 | N11: 51 | O11: 9 | P11: 129 | Q11: 111 | R11: 60 | T11: 41 | U11: 9 | V11: 170 | W11: 69 | X11: 4 | Y11: 39 | Z11: 59
A12: 黑龙江 | B12: 139 | D12: 59 | E12: 66 | F12: 14 | G12: 248 | H12: 2 | I12: 128 | J12: 29 | K12: 89 | L12: 213 | M12: 3 | N12: 36 | O12: 31 | P12: 143 | Q12: 164 | R12: 4 | S12: 88 | T12: 12 | U12: 59 | V12: 301 | W12: 2 | X12: 180 | Y12: 76 | Z12: 44
A13: 上海 | B13: 45 | D13: 11 | E13: 20 | F13: 15 | G13: 36 | I13: 6 | K13: 29 | L13: 128 | N13: 96 | P13: 32 | Q13: 146 | S13: 114 | T13: 11 | U13: 20 | V13: 30 | X13: 1 | Y13: 1 | Z13: 28
A14: 江苏 | B14: 645 | D14: 380 | E14: 95 | F14: 170 | G14: 1410 | H14: 150 | I14: 744 | J14: 130 | K14: 386 | L14: 1258 | N14: 374 | O14: 197 | P14: 452 | Q14: 791 | S14: 456 | T14: 176 | U14: 159 | V14: 996 | X14: 168 | Y14: 506 | Z14: 198
A15: 浙江 | B15: 496 | C15: 177 | D15: 64 | E15: 27 | F15: 228 | G15: 773 | H15: 12 | I15: 106 | J15: 15 | K15: 639 | L15: 859 | M15: 7 | N15: 163 | O15: 26 | P15: 412 | Q15: 297 | R15: 30 | S15: 48 | T15: 15 | U15: 205 | V15: 421 | W15: 3 | X15: 212 | Y15: 27 | Z15: 178
A16: 安徽 | B16: 503 | C16: 5 | D16: 301 | E16: 45 | F16: 153 | G16: 965 | H16: 16 | I16: 148 | J16: 43 | K16: 758 | L16: 724 | M16: 2 | N16: 353 | O16: 24 | P16: 345 | Q16: 343 | R16: 36 | S16: 140 | T16: 30 | U16: 137 | V16: 446 | W16: 136 | X16: 61 | Y16: 134 | Z16: 116
A17: 福建 | B17: 338 | C17: 6 | D17: 33 | E17: 62 | F17: 20 | G17: 524 | H17: 41 | I17: 225 | J17: 69 | K17: 79 | L17: 210 | M17: 22 | N17: 74 | O17: 56 | P17: 58 | Q17: 155 | R17: 8 | S17: 43 | T17: 82 | U17: 22 | V17: 332 | W17: 13 | X17: 174 | Y17: 109 | Z17: 33
A18: 江西 | B18: 400 | C18: 121 | D18: 115 | E18: 27 | F18: 137 | G18: 280 | H18: 11 | I18: 0.2 | J18: 53 | K18: 216 | L18: 402 | M18: 16 | N18: 205 | O18: 62 | P18: 120 | Q18: 195 | R18: 35 | S18: 0.3 | T18: 61 | U18: 99 | V18: 620 | W18: 12 | X18: 256 | Y18: 208 | Z18: 144
A19: 山东 | B19: 1281 | D19: 883 | E19: 111 | F19: 286 | G19: 1657 | I19: 821 | J19: 191 | K19: 645 | L19: 758 | N19: 145 | O19: 94 | P19: 393 | Q19: 808 | S19: 214 | T19: 213 | U19: 256 | V19: 1708 | X19: 621 | Y19: 440 | Z19: 647
A20: 河南 | B20: 387 | D20: 102 | E20: 34 | F20: 250 | G20: 887 | I20: 325 | J20: 135 | K20: 428 | L20: 956 | M20: 2.5 | N20: 422 | O20: 238 | P20: 294 | Q20: 665 | R20: 5 | S20: 261 | T20: 327 | U20: 72 | V20: 1091 | X20: 246 | Y20: 724 | Z20: 121
A21: 湖北 | B21: 376 | C21: 13 | D21: 122 | E21: 83 | F21: 158 | G21: 449 | H21: 8 | I21: 120 | J21: 67 | K21: 254 | L21: 365 | M21: 6 | N21: 112 | O21: 81 | P21: 166 | Q21: 531 | R21: 6 | S21: 324 | T21: 76 | U21: 125 | V21: 420 | W21: 65 | X21: 188 | Y21: 91 | Z21: 76
A22: 湖南 | B22: 135 | C22: 27 | D22: 9 | E22: 86 | F22: 13 | G22: 274 | H22: 32 | I22: 12 | J22: 50 | K22: 180 | L22: 296 | M22: 29 | N22: 33 | O22: 100 | P22: 135 | Q22: 181 | R22: 51 | S22: 19 | T22: 71 | U22: 40 | V22: 316 | W22: 23 | X22: 5 | Y22: 241 | Z22: 47
A23: 广东 | B23: 300 | C23: 96 | D23: 60 | E23: 16 | F23: 19 | G23: 196 | H23: 35 | J23: 29 | K23: 23 | L23: 894 | M23: 90 | N23: 484 | O23: 2 | P23: 34 | Q23: 898 | S23: 480 | T23: 31 | U23: 104 | V23: 1041 | X23: 741 | Y23: 111 | Z23: 189
A24: 广西 | B24: 798 | C24: 14 | D24: 528 | E24: 35 | F24: 4 | G24: 139 | I24: 51 | J24: 82 | K24: 6 | L24: 216 | M24: 5 | N24: 119 | O24: 61 | P24: 30 | Q24: 140 | R24: 29 | S24: 11 | T24: 90 | U24: 10 | V24: 544 | W24: 69 | X24: 49 | Y24: 354 | Z24: 72
A25: 海南 | B25: 66 | F25: 1 | G25: 23 | H25: 20 | K25: 3 | L25: 56 | M25: 40 | P25: 16 | Q25: 53 | S25: 46 | U25: 7 | V25: 98 | X25: 98 | Z25: 0
A26: 重庆 | B26: 154 | C26: 11 | D26: 132 | E26: 10 | F26: 1 | G26: 118 | H26: 74 | I26: 18 | J26: 14 | K26: 13 | L26: 91 | M26: 14 | N26: 31 | O26: 19 | P26: 27 | Q26: 51 | R26: 6 | S26: 5 | T26: 18 | U26: 22 | V26: 52 | W26: 4 | X26: 16 | Y26: 28 | Z26: 4
A27: 四川 | B27: 489 | C27: 308 | D27: 30 | E27: 68 | F27: 83 | G27: 780 | H27: 602 | I27: 23 | J27: 126 | K27: 30 | L27: 280 | M27: 155 | N27: 30 | O27: 47 | P27: 48 | Q27: 125 | R27: 27 | S27: 25 | T27: 66 | U27: 7 | V27: 551 | W27: 413 | X27: 35 | Y27: 100 | Z27: 3
A28: 贵州 | B28: 359 | C28: 9 | D28: 318 | E28: 32 | G28: 80 | H28: 31 | J28: 31 | K28: 19 | L28: 26 | O28: 15 | P28: 11 | Q28: 234 | R28: 5 | S28: 105 | T28: 78 | U28: 45 | V28: 715 | W28: 13 | X28: 6 | Y28: 149 | Z28: 547
A29: 云南 | B29: 289 | C29: 180 | E29: 97 | F29: 12 | G29: 174 | H29: 115 | J29: 53 | K29: 6 | L29: 393 | M29: 392 | O29: 0.4 | P29: 1 | Q29: 133 | R29: 92 | T29: 7 | U29: 33 | V29: 373 | W29: 340 | X29: 5 | Y29: 26 | Z29: 2
A30: 西藏 | B30: 60 | C30: 41 | D30: 3 | F30: 16 | G30: 48 | H30: 2 | K30: 47 | L30: 13 | M30: 1 | P30: 12 | Q30: 26 | R30: 14 | U30: 12 | V30: 66 | W30: 39 | Z30: 27
A31: 陕西 | B31: 450 | C31: 15 | D31: 149 | E31: 91 | F31: 194 | G31: 532 | H31: 70 | I31: 126 | J31: 132 | K31: 203 | L31: 607 | M31: 4 | N31: 389 | O31: 59 | P31: 155 | Q31: 740 | R31: 11 | S31: 430 | T31: 117 | U31: 182 | V31: 1096 | W31: 29 | X31: 584 | Y31: 344 | Z31: 139
A32: 甘肃 | B32: 152 | C32: 9 | D32: 40 | E32: 25 | F32: 78 | G32: 227 | H32: 7 | I32: 112 | J32: 5 | K32: 102 | L32: 130 | M32: 61 | N32: 4 | P32: 65 | Q32: 108 | R32: 15 | T32: 12 | U32: 81 | V32: 350 | W32: 13 | X32: 204 | Y32: 76 | Z32: 57
A33: 青海 | B33: 319 | C33: 46 | D33: 113 | E33: 30 | F33: 131 | G33: 226 | H33: 4 | I33: 27 | J33: 110 | K33: 85 | L33: 321 | M33: 1 | O33: 112 | P33: 208 | Q33: 338 | T33: 195 | U33: 142 | V33: 836 | W33: 1 | X33: 0.2 | Y33: 379 | Z33: 457
A34: 宁夏 | B34: 574 | D34: 180 | E34: 177 | F34: 217 | G34: 525 | I34: 432 | K34: 93 | L34: 372 | N34: 101 | O34: 84 | P34: 187 | Q34: 600 | S34: 367 | T34: 110 | U34: 123 | V34: 676 | W34: 0.04 | X34: 133 | Y34: 260 | Z34: 282
A35: 新疆 | B35: 1085 | C35: 98 | D35: 394 | E35: 262 | F35: 330 | G35: 560 | H35: 47 | I35: 462 | J35: 30 | K35: 21 | L35: 385 | M35: 10 | N35: 214 | O35: 74 | P35: 87 | Q35: 469 | R35: 10 | S35: 298 | T35: 65 | U35: 96 | V35: 1062 | W35: 70 | X35: 403 | Y35: 399 | Z35: 180

Sheet 煤油气历年新增
A1: 地区 | B1: 2008 | C1: 2009 | D1: 2010 | E1: 2011 | F1: 2012 | G1: 2013 | H1: 2014 | I1: 2015 | J1: 2016 | K1: 2017 | L1: 2018 | M1: 2019 | N1: 2020 | O1: 2008 | P1: 2009 | Q1: 2010 | R1: 2011 | S1: 2012 | T1: 2013 | U1: 2014 | V1: 2015 | W1: 2016 | X1: 2017 | Y1: 2018 | Z1: 2019 | AA1: 2020
A2: 机组类型 | B2: 燃煤 | C2: 燃煤 | D2: 燃煤 | E2: 燃煤 | F2: 燃煤 | G2: 燃煤 | H2: 燃煤 | I2: 燃煤 | J2: 燃煤 | K2: 燃煤 | L2: 燃煤 | M2: 燃煤 | N2: 燃煤 | O2: 燃气 | P2: 燃气 | Q2: 燃气 | R2: 燃气 | S2: 燃气 | T2: 燃气 | U2: 燃气 | V2: 燃气 | W2: 燃气 | X2: 燃气 | Y2: 燃气 | Z2: 燃气 | AA2: 燃气
A3: 全国 | B3: 6040 | C3: 6341.71 | D3: 5555.98 | E3: 5653.6 | F3: 4788 | G3: 3447 | H3: 3498 | I3: 5402 | J3: 3866 | K3: 3504 | L3: 3056 | M3: 3236 | N3: 4030 | O3: 321 | P3: 127.34 | Q3: 123.5 | R3: 236.64 | S3: 247 | T3: 440 | U3: 946 | V3: 696 | W3: 214 | X3: 571 | Y3: 884 | Z3: 630 | AA3: 824
A4: 北京 | B4: 16 | C4: 0 | F4: 0 | G4: 0 | J4: 0 | K4: 0 | O4: 129 | R4: 92.34 | S4: 0 | T4: 84 | U4: 379 | V4: 95 | W4: 1 | X4: 100 | Y4: 34 | Z4: 16 | AA4: 7
A5: 天津 | B5: 60 | C5: 266 | D5: 90 | E5: 60 | F5: 27 | G5: 0 | H5: 70 | J5: 0 | K5: 0 | L5: 200 | M5: 35 | N5: 5 | S5: 0 | U5: 86 | W5: 92 | X5: 0.2 | Y5: 25 | Z5: 93 | AA5: 65
A6: 河北 | B6: 257 | C6: 579 | D6: 154 | E6: 126 | F6: 153 | G6: 190 | H6: 70 | I6: 150 | J6: 142 | K6: 116 | L6: 178 | M6: 242 | N6: 284 | O6: 2 | S6: 0 | W6: 0 | X6: 0 | Z6: 45 | AA6: 47
A7: 山西 | B7: 418 | C7: 432 | D7: 153 | E7: 448.8 | F7: 317 | G7: 187 | H7: 259 | I7: 200 | J7: 337 | K7: 45 | L7: 280 | M7: 70 | N7: 271 | S7: 0.5 | U7: 86.4 | V7: 89.6 | W7: 0 | X7: 0 | Y7: 6 | AA7: 10
A8: 内蒙古 | B8: 515 | C8: 290.26 | D8: 574 | E8: 457.7 | F8: 71 | G8: 229 | H8: 99 | I8: 106 | J8: 363 | K8: 228 | L8: 66 | M8: 410 | N8: 414 | S8: 0 | W8: 0 | X8: 0
A9: 辽宁 | B9: 240 | C9: 242.5 | D9: 482.4 | E9: 155.2 | F9: 221 | G9: 0 | H9: 70 | J9: 0 | K9: 45 | L9: 105 | N9: 80 | S9: 0 | W9: 0 | X9: 0 | AA9: 10
A10: 吉林 | B10: 69 | C10: 338 | D10: 349.7 | E10: 149.4 | F10: 104 | G10: 9 | H10: 70 | J10: 0 | K10: 0 | L10: 51 | S10: 0 | W10: 0 | X10: 0
A11: 黑龙江 | B11: 184 | C11: 62.85 | D11: 41.1 | E11: 42.95 | F11: 0 | G11: 100 | H11: 70 | I11: 70 | J11: 35 | K11: 117 | L11: 28 | M11: 47 | N11: 135 | S11: 2 | W11: 0 | X11: 0 | Z11: 7 | AA11: 1
A12: 上海 | B12: 266 | C12: 132 | D12: 260 | E12: 4 | F12: 42 | G12: 0 | I12: 22 | J12: 0 | K12: 0 | L12: 1 | R12: 122.3 | S12: 0 | T12: 1 | V12: 101.1 | W12: 3 | X12: 3 | Y12: 88 | Z12: 99
A13: 江苏 | B13: 179 | C13: 224.3 | D13: 837.1 | E13: 479.2 | F13: 399 | G13: 569 | H13: 205 | I13: 238 | J13: 137 | K13: 333 | L13: 131 | M13: 289 | N13: 23 | R13: 22 | S13: 117 | T13: 124 | V13: 216 | W13: 87 | X13: 386 | Y13: 214 | Z13: 111 | AA13: 88
A14: 浙江 | B14: 269 | C14: 300 | D14: 162 | E14: 260 | F14: 4 | H14: 597 | I14: 338 | J14: 0 | K14: 51 | L14: 79 | M14: 10 | N14: 149 | O14: 78 | S14: 127 | T14: 231 | U14: 194 | V14: 156 | W14: 0 | X14: 22 | Y14: 24 | Z14: 3
A15: 安徽 | B15: 744 | C15: 214.5 | D15: 66.9 | E15: 168.5 | F15: 263 | G15: 423 | H15: 264 | I15: 718 | J15: 296 | K15: 102 | L15: 302 | M15: 100 | N15: 8 | S15: 0 | U15: 8 | W15: 0 | X15: 0 | Y15: 1
A16: 福建 | B16: 246 | C16: 161 | D16: 227 | E16: 127 | F16: 127 | G16: 0 | I16: 200 | J16: 0 | K16: 205 | L16: 49 | M16: 12 | N16: 148 | O16: 70 | P16: 105 | Q16: 105 | S16: 0 | W16: 0 | X16: 3 | Z16: 0.3
A17: 江西 | B17: 70 | C17: 231 | D17: 132 | E17: 130 | F17: 130 | G17: 0 | I17: 232 | J17: 100 | K17: 0 | L17: 200 | N17: 138 | S17: 0 | U17: 9 | W17: 0 | X17: 0 | AA17: 1
A18: 山东 | B18: 307 | C18: 442.3 | D18: 166.06 | E18: 351.45 | F18: 337 | G18: 290 | H18: 140 | I18: 240 | J18: 793 | K18: 769 | L18: 64 | M18: 125 | N18: 521 | S18: 0.4 | W18: 0 | X18: 0 | Y18: 1 | Z18: 1
A19: 河南 | B19: 418 | C19: 401 | D19: 353 | E19: 346 | F19: 613 | G19: 153 | H19: 60 | I19: 634 | J19: 80 | K19: 287 | L19: 373 | M19: 204 | N19: 148 | O19: 39 | S19: 0 | W19: 0 | X19: 4 | Y19: 35 | Z19: 35 | AA19: 20
A20: 湖北 | B20: 120 | C20: 153.15 | D20: 194.6 | E20: 81.1 | F20: 203 | G20: 100 | H20: 221 | I20: 38 | J20: 108 | K20: 73 | L20: 104 | M20: 301 | N20: 138 | Q20: 18.5 | S20: 0.2 | V20: 37.8 | W20: 0 | X20: 19 | AA20: 15
A21: 湖南 | B21: 126 | C21: 139.25 | E21: 188.7 | F21: 66 | G21: 0 | H21: 64 | I21: 142 | J21: 2 | K21: 1 | L21: 2 | M21: 3 | N21: 0.2 | S21: 0 | W21: 0 | X21: 0 | Y21: 1 | Z21: 1
A22: 广东 | B22: 300 | C22: 701.2 | D22: 337 | E22: 575.6 | F22: 496 | G22: 196 | I22: 415 | J22: 60 | K22: 0 | L22: 35 | M22: 235 | N22: 300 | P22: 15.6 | S22: 0 | U22: 78 | W22: 0 | X22: 0 | Y22: 449 | Z22: 174 | AA22: 441
A23: 广西 | B23: 60 | C23: 0.9 | E23: 133 | F23: 266 | G23: 0 | J23: 270 | K23: 0 | L23: 105 | N23: 2 | S23: 0 | T23: 0.1 | U23: 12 | W23: 0 | X23: 21 | AA23: 15
A24: 海南 | C24: 70 | E24: 0 | F24: 70 | G24: 0 | I24: 70 | J24: 0 | K24: 0 | S24: 0 | W24: 0 | X24: 0 | Z24: 46 | AA24: 96
A25: 重庆 | B25: 33 | F25: 0 | G25: 66 | H25: 136 | I25: 276 | J25: 120 | K25: 13 | L25: 1 | S25: 0 | U25: 93 | W25: 0 | X25: 0 | Y25: 1
A26: 四川 | B26: 92 | E26: 180 | F26: 62 | G26: 60 | I26: 70 | J26: 3 | K26: 0 | L26: 16 | M26: 3 | S26: 0 | W26: 0 | X26: 0.2 | Y26: 2 | AA26: 3
A27: 贵州 | B27: 180 | C27: 150 | D27: 65 | E27: 125 | F27: 126 | G27: 282 | H27: 156 | I27: 198 | J27: 318 | K27: 0 | M27: 81 | S27: 0 | W27: 0 | X27: 0
A28: 云南 | C28: 60 | D28: 60 | F28: 180 | G28: 0 | J28: 0 | K28: 0 | S28: 0 | W28: 0 | X28: 0
A29: 西藏 | D29: 20.88 | F29: 0 | G29: 0 | J29: 1 | K29: 0 | S29: 0 | W29: 0 | X29: 0
A30: 陕西 | B30: 522 | C30: 252 | D30: 169 | E30: 137 | F30: 66 | G30: 66 | H30: 66 | I30: 350 | J30: 110 | K30: 112 | L30: 375 | M30: 417 | N30: 561 | O30: 3 | S30: 0 | W30: 0 | X30: 0
A31: 甘肃 | B31: 120 | C31: 258 | D31: 213 | E31: 104 | F31: 12 | G31: 2 | H31: 243 | J31: 33 | K31: 104 | L31: 1 | N31: 200 | S31: 0 | W31: 0 | X31: 0
A32: 青海 | B32: 14 | E32: 27 | F32: 0 | G32: 4 | I32: 101 | J32: 101 | K32: 27 | S32: 0 | W32: 0 | X32: 0
A33: 宁夏 | B33: 43 | C33: 120 | D33: 370 | E33: 374 | F33: 0 | G33: 72 | H33: 56 | I33: 118 | J33: 175 | K33: 431 | L33: 101 | M33: 366 | N33: 132 | O33: 0 | P33: 6.4 | S33: 0 | W33: 0 | X33: 0
A34: 新疆 | B34: 174 | C34: 120.5 | D34: 79.5 | E34: 422 | F34: 433 | G34: 449 | H34: 581 | I34: 477 | J34: 282 | K34: 447 | L34: 208 | M34: 286 | N34: 374 | P34: 0.34 | S34: 0 | W34: 31 | X34: 12 | Y34: 1 | AA34: 6
N36: 全国 | O36: =IF(O3>0,O3/(B3+O3),"") -> 0.050463764 | P36: =IF(P3>0,P3/(C3+P3),"") -> 0.019684498 | Q36: =IF(Q3>0,Q3/(D3+Q3),"") -> 0.021744948 | R36: =IF(R3>0,R3/(E3+R3),"") -> 0.040174933 | S36: =IF(S3>0,S3/(F3+S3),"") -> 0.049056604 | T36: =IF(T3>0,T3/(G3+T3),"") -> 0.11319784 | U36: =IF(U3>0,U3/(H3+U3),"") -> 0.21287129 | V36: =IF(V3>0,V3/(I3+V3),"") -> 0.11413578 | ... AA36: =IF(AA3>0,AA3/(N3+AA3),"") -> 0.1697569
N37: 北京 | O37: =IF(O4>0,O4/(B4+O4),"") -> 0.88965517 | P37: =IF(P4>0,P4/(C4+P4),"") | Q37: =IF(Q4>0,Q4/(D4+Q4),"") | R37: =IF(R4>0,R4/(E4+R4),"") -> 1 | S37: =IF(S4>0,S4/(F4+S4),"") | T37: =IF(T4>0,T4/(G4+T4),"") -> 1 | U37: =IF(U4>0,U4/(H4+U4),"") -> 1 | V37: =IF(V4>0,V4/(I4+V4),"") -> 1 | ... AA37: =IF(AA4>0,AA4/(N4+AA4),"") -> 1
N38: 天津 | O38: =IF(O5>0,O5/(B5+O5),"") | P38: =IF(P5>0,P5/(C5+P5),"") | Q38: =IF(Q5>0,Q5/(D5+Q5),"") | R38: =IF(R5>0,R5/(E5+R5),"") | S38: =IF(S5>0,S5/(F5+S5),"") | T38: =IF(T5>0,T5/(G5+T5),"") | U38: =IF(U5>0,U5/(H5+U5),"") -> 0.55128205 | V38: =IF(V5>0,V5/(I5+V5),"") | ... AA38: =IF(AA5>0,AA5/(N5+AA5),"") -> 0.92857143
N39: 河北 | O39: =IF(O6>0,O6/(B6+O6),"") -> 0.0077220077 | P39: =IF(P6>0,P6/(C6+P6),"") | Q39: =IF(Q6>0,Q6/(D6+Q6),"") | R39: =IF(R6>0,R6/(E6+R6),"") | S39: =IF(S6>0,S6/(F6+S6),"") | T39: =IF(T6>0,T6/(G6+T6),"") | U39: =IF(U6>0,U6/(H6+U6),"") | V39: =IF(V6>0,V6/(I6+V6),"") | ... AA39: =IF(AA6>0,AA6/(N6+AA6),"") -> 0.14199396
N40: 山西 | O40: =IF(O7>0,O7/(B7+O7),"") | P40: =IF(P7>0,P7/(C7+P7),"") | Q40: =IF(Q7>0,Q7/(D7+Q7),"") | R40: =IF(R7>0,R7/(E7+R7),"") | S40: =IF(S7>0,S7/(F7+S7),"") -> 0.0015748031 | T40: =IF(T7>0,T7/(G7+T7),"") | U40: =IF(U7>0,U7/(H7+U7),"") -> 0.25014476 | V40: =IF(V7>0,V7/(I7+V7),"") -> 0.30939227 | ... AA40: =IF(AA7>0,AA7/(N7+AA7),"") -> 0.035587189
N41: 内蒙古 | O41: =IF(O8>0,O8/(B8+O8),"") | P41: =IF(P8>0,P8/(C8+P8),"") | Q41: =IF(Q8>0,Q8/(D8+Q8),"") | R41: =IF(R8>0,R8/(E8+R8),"") | S41: =IF(S8>0,S8/(F8+S8),"") | T41: =IF(T8>0,T8/(G8+T8),"") | U41: =IF(U8>0,U8/(H8+U8),"") | V41: =IF(V8>0,V8/(I8+V8),"") | ... AA41: =IF(AA8>0,AA8/(N8+AA8),"")
N42: 辽宁 | O42: =IF(O9>0,O9/(B9+O9),"") | P42: =IF(P9>0,P9/(C9+P9),"") | Q42: =IF(Q9>0,Q9/(D9+Q9),"") | R42: =IF(R9>0,R9/(E9+R9),"") | S42: =IF(S9>0,S9/(F9+S9),"") | T42: =IF(T9>0,T9/(G9+T9),"") | U42: =IF(U9>0,U9/(H9+U9),"") | V42: =IF(V9>0,V9/(I9+V9),"") | ... AA42: =IF(AA9>0,AA9/(N9+AA9),"") -> 0.11111111
N43: 吉林 | O43: =IF(O10>0,O10/(B10+O10),"") | P43: =IF(P10>0,P10/(C10+P10),"") | Q43: =IF(Q10>0,Q10/(D10+Q10),"") | R43: =IF(R10>0,R10/(E10+R10),"") | S43: =IF(S10>0,S10/(F10+S10),"") | T43: =IF(T10>0,T10/(G10+T10),"") | U43: =IF(U10>0,U10/(H10+U10),"") | V43: =IF(V10>0,V10/(I10+V10),"") | ... AA43: =IF(AA10>0,AA10/(N10+AA10),"")
N44: 黑龙江 | O44: =IF(O11>0,O11/(B11+O11),"") | P44: =IF(P11>0,P11/(C11+P11),"") | Q44: =IF(Q11>0,Q11/(D11+Q11),"") | R44: =IF(R11>0,R11/(E11+R11),"") | S44: =IF(S11>0,S11/(F11+S11),"") -> 1 | T44: =IF(T11>0,T11/(G11+T11),"") | U44: =IF(U11>0,U11/(H11+U11),"") | V44: =IF(V11>0,V11/(I11+V11),"") | ... AA44: =IF(AA11>0,AA11/(N11+AA11),"") -> 0.0073529412
N45: 上海 | O45: =IF(O12>0,O12/(B12+O12),"") | P45: =IF(P12>0,P12/(C12+P12),"") | Q45: =IF(Q12>0,Q12/(D12+Q12),"") | R45: =IF(R12>0,R12/(E12+R12),"") -> 0.96832937 | S45: =IF(S12>0,S12/(F12+S12),"") | T45: =IF(T12>0,T12/(G12+T12),"") -> 1 | U45: =IF(U12>0,U12/(H12+U12),"") | V45: =IF(V12>0,V12/(I12+V12),"") -> 0.82128351 | ... AA45: =IF(AA12>0,AA12/(N12+AA12),"")
N46: 江苏 | O46: =IF(O13>0,O13/(B13+O13),"") | P46: =IF(P13>0,P13/(C13+P13),"") | Q46: =IF(Q13>0,Q13/(D13+Q13),"") | R46: =IF(R13>0,R13/(E13+R13),"") -> 0.043894653 | S46: =IF(S13>0,S13/(F13+S13),"") -> 0.22674419 | T46: =IF(T13>0,T13/(G13+T13),"") -> 0.17893218 | U46: =IF(U13>0,U13/(H13+U13),"") | V46: =IF(V13>0,V13/(I13+V13),"") -> 0.47577093 | ... AA46: =IF(AA13>0,AA13/(N13+AA13),"") -> 0.79279279
N47: 浙江 | O47: =IF(O14>0,O14/(B14+O14),"") -> 0.22478386 | P47: =IF(P14>0,P14/(C14+P14),"") | Q47: =IF(Q14>0,Q14/(D14+Q14),"") | R47: =IF(R14>0,R14/(E14+R14),"") | S47: =IF(S14>0,S14/(F14+S14),"") -> 0.96946565 | T47: =IF(T14>0,T14/(G14+T14),"") -> 1 | U47: =IF(U14>0,U14/(H14+U14),"") -> 0.24525917 | V47: =IF(V14>0,V14/(I14+V14),"") -> 0.31578947 | ... AA47: =IF(AA14>0,AA14/(N14+AA14),"")
... N67: 新疆 | O67: =IF(O34>0,O34/(B34+O34),"") | P67: =IF(P34>0,P34/(C34+P34),"") -> 0.0028136379 | Q67: =IF(Q34>0,Q34/(D34+Q34),"") | R67: =IF(R34>0,R34/(E34+R34),"") | S67: =IF(S34>0,S34/(F34+S34),"") | T67: =IF(T34>0,T34/(G34+T34),"") | U67: =IF(U34>0,U34/(H34+U34),"") | V67: =IF(V34>0,V34/(I34+V34),"") | ... AA67: =IF(AA34>0,AA34/(N34+AA34),"") -> 0.015789474

Sheet 首批20个太阳能热发电示范项目
A1: 项目名称 | B1: 装机容量（MW） | C1: 年设计发电量（亿千瓦时） | D1: 塔/线/槽式 | E1: 建成时间（预计） | F1: 建设状态 | G1: 开工时间
A2: 中广核太阳能德令哈有限公司导热油槽式5万千瓦光热发电项目 | B2: 50 | C2: 1.975 | D2: 槽式 | E2: 2018年6月30日并网 | F2: 建成投运
A3: 首航高科能源技术股份有限公司（原北京首航艾启威节能技术股份有限公司）敦煌熔盐塔式10万千瓦光热发电示范项目 | B3: 100 | C3: 3.9 | D3: 塔式 | E3: 2019 年 6 月 | F3: 建成投运
A4: 青海中控太阳能发电有限公司德令哈熔盐塔式5万千万光热发电项目 | B4: 50 | C4: 1.46 | D4: 塔式 | E4: 2018 年 12 月 30 日并网发电，2019 年 4 月 17 日实现了满 负荷运行 | F4: 建成投运
A5: 中国电建西北勘测设计研究院有限公司共和熔盐塔式5万千瓦光热发电项目（中电建青海共和 50MW 塔式项目） | B5: 50 | C5: 1.569 | D5: 塔式 | E5: 2020 年 11 月 6 日实现满负荷运行 2021 年 4 月通过国家光热 发电项目示范性验收 | F5: 建成投运
A6: 中国电力工程顾问集团西北电力设计院有限公司哈密熔盐塔式5万千瓦光热发电项目（中能建哈密 50MW 塔式项目） | B6: 50 | C6: 1.983 | D6: 塔式 | E6: 2019 年 12 月 29 日实现首次并网。2021 年 6 月 18 日凌 晨 01 时 26 分并网发电，9 月 6 日实现全容量发电。 | F6: 建成投运 | G6: 2017 年 10 月 19 日
A7: 兰州大成科技股份有限公司敦煌熔盐线性菲涅尔式5万千瓦光热发电示范项目（兰州大成敦煌 50MW 线菲项目） | B7: 50 | C7: 2.14 | D7: 线性 菲涅耳式 | E7: 2019 年 12 月 31 日实现并网发电。2020年 6 月 18 日太阳能集热场系统整体并网发电投运 [17 | F7: 建成投运
A8: 内蒙古中核龙腾新能源有限公司乌拉特中旗导热油槽式10万千瓦光热发电项目（乌拉特中旗 100MW 槽式项目） | B8: 100 | C8: 3.92 | D8: 槽式 | E8: 2020 年 1 月 8 日首次 实现并网发电，2020 年 12 月 16 日实现满负荷发电，2021 年 10 月 20 日通过国家示范性验收。 | F8: 建成投运 | G8: 2018 年 6 月
A9: 鲁能格尔木多能互补 50MW 塔式项目 | B9: 50 | C9: 1.6 | D9: 塔式 | E9: 2019年 9 月 19 日成功一次并网， 2020 年 8 月 27 日完成了 120 小时可靠性运行， 2021 年 5 月 14 日，光热电站完成涉网联合试验。 | F9: 建成投运
A10: 玉门鑫能光热第一电力有限公司熔盐塔式5万千瓦光热发电项目 | B10: 50 | C10: 2.16 | D10: 塔式 | E10: 44560 | F10: 建成投运 | G10: 2017年8月31 日，常规动力岛正式开工建设
A11: 深圳市金钒能源科技有限公司阿克塞5万千瓦熔盐槽式光热发电项目 | B11: 50 | C11: 2.56 | D11: 槽式 | F11: 在建 | G11: 主体工程2017年6月份开工建设
A12: 国电投黄河上游水电开发有限责任公司德令哈水工质塔式13.5万千瓦光热发电项目（现由中控太阳能接续开发） | B12: 135 | D12: 塔式 | F12: 在建 | G12: 2021年3月25日项目正式开建。
A13: 中国三峡新能源有限公司金塔熔盐塔式10万千瓦光热发电项目（现由中控太阳能接续开发） | B13: 100 | C13: 13.7 | D13: 塔式 | E13: 计划于2023年底实现全容量并网发电 | G13: 44645
A14: 达华工程管理（集团）有限公司尚义水工质塔式5万千瓦光热发电项目 | B14: 50 | C14: 1.21 | D14: 塔式
A15: 北京国华电力有限责任公司玉门熔盐塔式10万千瓦光热发电项目（现由首航高科接续开发） | B15: 100 | D15: 塔式 | F15: 退出首批
A16: 常州龙腾太阳能热电设备有限公司玉门东镇导热油槽式5万千瓦光热发电项目 | B16: 50 | D16: 槽式 | G16: 2018年6月19日奠基
A17: 中海阳能源集团股份有限公司玉门东镇导热油槽式5万千瓦光热发电项目 | B17: 50 | D17: 槽式 | G17: 2017年8月12日，前期场平工程正式启动，项目正式进入全面建设阶段。
A18: 中节能甘肃武威太阳能发电有限公司古浪导热油槽式10万千瓦光热发电项目 | B18: 100 | D18: 槽式
A19: 中阳张家口察北能源有限公司熔盐槽式6.4万千瓦光热发电项目 | B19: 64 | C19: 3.5 | D19: 槽式 | G19: 2017年4月17日（2014年7月举行开工仪式。）
A20: 北方联合电力有限责任公司乌拉特旗导热油菲涅尔式5万千瓦光热发电项目 | B20: 50 | D20: 线性 菲涅耳式 | F20: 退出首批
A21: 中信张北新能源开发有限公司水工质类菲涅尔式5万千瓦光热发电项目 | B21: 50 | D21: 线性 菲涅耳式 | F21: 退出首批
A22: 张北华强兆阳能源有限公司张家口水工质类菲涅尔式5万千瓦太阳能热发电项目 | B22: 50 | D22: 线性 菲涅耳式 | G22: 42842

Sheet offshore

Sheet Future
A1: Region | B1: Type | C1: 项目名称 | D1: 建设地址 | E1: 建设规模.台 | F1: 建设规模.万千瓦 | G1: 累计新增生产能力.台 | H1: 累计新增生产能力.万千瓦
A2: 合计 | B2: Statistical | C2: 合计 | F2: 36699.15 | H2: 20562.18 | J2: =F2-H2 -> 16136.97
A3: 合计 | B3: Statistical | C3: （一）水电 | E3: 339 | F3: 9980.93 | G3: 69 | H3: 1795.11 | J3: =F3-H3 -> 8185.82
A4: 合计 | B4: Statistical | C4: 常规水电 | E4: 172 | F4: 4904.73 | G4: 53 | H4: 1337.11 | J4: =F4-H4 -> 3567.62 | K4: 7
A5: 合计 | B5: Statistical | C5: 抽水蓄能 | E5: 167 | F5: 5076.2 | G5: 16 | H5: 458 | J5: =F5-H5 -> 4618.2
A6: 合计 | B6: Statistical | C6: （二）火电 | E6: 223 | F6: 10025.59 | G6: 132 | H6: 6142.97 | J6: =F6-H6 -> 3882.62
A7: 合计 | B7: Statistical | C7: 燃煤 | E7: 125 | F7: 7566.6 | G7: 72 | H7: 4401.1 | J7: =F7-H7 -> 3165.5
A8: 合计 | B8: Statistical | C8: 常规燃煤 | E8: 123 | F8: 7397.8 | G8: 70 | H8: 4232.3 | J8: =F8-H8 -> 3165.5 | K8: 3
A9: 合计 | B9: Statistical | C9: 煤研石发电 | E9: 2 | F9: 168.8 | G9: 2 | H9: 168.8 | J9: =F9-H9 -> 0 | K9: 3
A10: 合计 | B10: Statistical | C10: 燃气 | E10: 58 | F10: 1611.32 | G10: 37 | H10: 930.4 | J10: =F10-H10 -> 680.92
A11: 合计 | B11: Statistical | C11: 常规燃气 | E11: 56 | F11: 1597.8 | G11: 37 | H11: 917 | J11: =F11-H11 -> 680.8 | K11: 3
A12: 合计 | B12: Statistical | C12: 煤层气发电 | F12: 12.2 | H12: 12.2 | J12: =F12-H12 -> 0
A13: 合计 | B13: Statistical | C13: 沼气发电 | E13: 2 | F13: 1.32 | H13: 1.2 | J13: =F13-H13 -> 0.12
A14: 合计 | B14: Statistical | C14: 燃油 | J14: =F14-H14 -> 0
A15: 合计 | B15: Statistical | C15: 其他 | E15: 40 | F15: 847.67 | G15: 23 | H15: 811.47 | J15: =F15-H15 -> 36.2
A16: 合计 | B16: Statistical | C16: 余温、余压、余气发电 | E16: 2 | F16: 283.39 | G16: 2 | H16: 283.39 | J16: =F16-H16 -> 0
A17: 合计 | B17: Statistical | C17: 垃圾焚烧发电 | E17: 28 | F17: 332.13 | G17: 13 | H17: 301.43 | J17: =F17-H17 -> 30.7
A18: 合计 | B18: Statistical | C18: 秸杆、蔗渣、林木质发电 | E18: 9 | F18: 229.65 | G18: 8 | H18: 226.65 | J18: =F18-H18 -> 3
A19: 合计 | B19: Statistical | C19: （三）核电 | E19: 15 | F19: 1659.28 | H19: 111.8 | J19: =F19-H19 -> 1547.48 | K19: 9
A20: 合计 | B20: Statistical | C20: （四）风电 | F20: 9524.02 | H20: 7527.55 | J20: =F20-H20 -> 1996.47 | K20: 1
A21: 合计 | B21: Statistical | C21: （五）太阳能发电 | F21: 5481.33 | H21: 4956.75 | J21: =F21-H21 -> 524.58 | K21: 1
A22: 合计 | B22: Statistical | C22: （六）其他 | F22: 28 | H22: 28 | J22: =F22-H22 -> 0
A23: 合计 | B23: Statistical | C23: 地热能 | J23: =F23-H23 -> 0
A24: 合计 | B24: Statistical | C24: 海洋能 | J24: =F24-H24 -> 0
A25: 合计 | B25: Statistical | C25: 其他 | F25: 28 | H25: 28 | J25: =F25-H25 -> 0

Sheet Addition
A1: 地区 | D1: 2019 | E1: 2020 | F1: 2021 | G1: 2022 | I1: Region | J1: Type | K1: 项目名称 | L1: 2020年建设规模 MW | M1: 2023年后剩余 | N1: 预计工期
A2: 合计 | D2: 105000 | E2: 191440 | F2: 179080 | G2: 199740 | I2: 合计 | J2: Statistical | K2: 合计 | L2: 366991.5 | Q2: 2019 | R2: 2020 | S2: 2021 | T2: 2022 | U2: 2023 | V2: 2024 | W2: 2025 | X2: 2026 | Y2: 2027 | Z2: 2028 | AA2: 2029
A3: 水电 | B3: 合计 | D3: 4450 | E3: 13130 | F3: 23490 | G3: 23870 | I3: 合计 | J3: Statistical | K3: （一）水电 | L3: 99809.3 | P3: hard coal | Q3: =D7 -> 30960 | R3: =E7 -> 38610 | S3: =F7 -> 29370 | T3: =G7 -> 26587.016 | U3: 0 | V3: 0 | W3: 0 | X3: 0 | Y3: 0 | Z3: 0 | AA3: 0
B4: 抽水蓄能 | D4: 300 | E4: 1200 | F4: 5200 | G4: 8000 | I4: 合计 | J4: Statistical | K4: 常规水电 | L4: 49047.3 | M4: =L4-T6-S6-R6 -> 2957.3 | N4: 7 | P4: natural gas nonpeaker | Q4: =D10*0.7 -> 4403 | R4: =E10*0.7 -> 5677 | S4: =F10*0.7 -> 5306 | T4: =G10*0.7 -> 4803.2245 | U4: 0 | V4: 0 | W4: 0 | X4: 0 | Y4: 0 | Z4: 0 | AA4: 0
A5: 火电 | B5: 合计 | D5: 44230 | E5: 56600 | F5: 49390 | G5: 44710 | I5: 合计 | J5: Statistical | K5: 抽水蓄能 | L5: 50762 | M5: =L5-G4-F4-E4 -> 36362 | P5: nuclear | Q5: =D19 -> 4090 | R5: =E19 -> 1120 | S5: =F19 -> 3400 | T5: =G19 -> 2289.348 | U5: =$M19/($N19-3) -> 1630.5753 | V5: =$M19/($N19-3) -> 1630.5753 | W5: =$M19/($N19-3) -> 1630.5753 | X5: =$M19/($N19-3) -> 1630.5753 | Y5: =$M19/($N19-3) -> 1630.5753 | Z5: =$M19/($N19-3) -> 1630.5753 | AA5: 0
B6: 燃煤 | C6: 合计 | D6: 32360 | E6: 40300 | F6: 29370 | G6: =F6/F$5*G$5 -> 26587.016 | I6: 合计 | J6: Statistical | K6: （二）火电 | L6: 100255.9 | P6: hydro | Q6: =D3-D4 -> 4150 | R6: =E3-E4 -> 11930 | S6: =F3-F4 -> 18290 | T6: =G3-G4 -> 15870 | U6: =$M4/($N4-3) -> 739.325 | V6: =$M4/($N4-3) -> 739.325 | W6: =$M4/($N4-3) -> 739.325 | X6: =$M4/($N4-3) -> 739.325 | Y6: 0 | Z6: 0 | AA6: 0
C7: 常规燃煤 | D7: 30960 | E7: 38610 | F7: 29370 | G7: =F7/F$5*G$5 -> 26587.016 | I7: 合计 | J7: Statistical | K7: 燃煤 | L7: 75666 | M7: =L7-G6-F6-E6 -> -20591.016 | P7: onshore wind | Q7: =D20-Q15 -> 24230 | R7: =E20-R15 -> 67170 | S7: =F20-S15 -> 32050 | T7: =G20-T15 -> 33520 | U7: 0 | V7: 0 | W7: 0 | X7: 0 | Y7: 0 | Z7: 0 | AA7: 0
C8: 煤矸石发电 | D8: 1400 | E8: 1690 | F8: 0 | G8: =F8/F$5*G$5 -> 0 | I8: 合计 | J8: Statistical | K8: 常规燃煤 | L8: 73978 | M8: =L8-G7-F7-E7 -> -20589.016 | N8: 3 | P8: solar PV | Q8: =(D28-C28)*10 -> 17610 | R8: =(E28-D28)*10 -> 31208.7 | S8: =(F28-E28)*10 -> 25600.7 | T8: =(G28-F28)*10 -> 35940.6 | U8: 0 | V8: 0 | W8: 0 | X8: 0 | Y8: 0 | Z8: 0 | AA8: 0
B9: 燃气 | C9: 合计 | D9: 6300 | E9: 8240 | F9: 7710 | G9: =F9/F$5*G$5 -> 6979.4311 | I9: 合计 | J9: Statistical | K9: 煤研石发电 | L9: 1688 | M9: =L9-G8-E8 -> -2 | N9: 3 | P9: solar thermal | Q9: =首批20个太阳能热发电示范项目!B3+首批20个太阳能热发电示范项目!B4 -> 150 | R9: =首批20个太阳能热发电示范项目!B5+首批20个太阳能热发电示范项目!B7+首批20个太阳能热发电示范项目!B8+首批20个太阳能热发电示范项目!B9 -> 250 | S9: =首批20个太阳能热发电示范项目!B5+首批20个太阳能热发电示范项目!B10 -> 100 | T9: 0 | U9: =首批20个太阳能热发电示范项目!B13+首批20个太阳能热发电示范项目!B12+首批20个太阳能热发电示范项目!B17+首批20个太阳能热发电示范项目!B19 -> 349 | V9: 0 | W9: 0 | X9: 0 | Y9: 0 | Z9: 0 | AA9: 0
C10: 常规燃气 | D10: 6290 | E10: 8110 | F10: 7580 | G10: =F10/F$5*G$5 -> 6861.7493 | I10: 合计 | J10: Statistical | K10: 燃气 | L10: 16113.2 | M10: =L10-G9-F9-E9 -> -6816.2311 | P10: biomass | Q10: =D17+D16 -> 1180 | R10: =E17+E16 -> 2230 | S10: =F17+F16 -> 2120 | T10: =G17+G16 -> 1919.1172 | U10: 0 | V10: 0 | W10: 0 | X10: 0 | Y10: 0 | Z10: 0 | AA10: 0
C11: 煤层气发电 | D11: 0 | E11: 0 | F11: 130 | G11: =F11/F$5*G$5 -> 117.68172 | I11: 合计 | J11: Statistical | K11: 常规燃气 | L11: 15978 | M11: =L11-G10-F10-E10 -> -6573.7493 | N11: 3 | P11: geothermal | Q11: =D22 -> 0 | R11: =E22 -> 280 | S11: =F22 -> 620 | T11: =G22 -> 0 | U11: 0 | V11: 0 | W11: 0 | X11: 0 | Y11: 0 | Z11: 0 | AA11: 0
B12: 燃油 | D12: 0 | E12: 0 | F12: 0 | G12: =F12/F$5*G$5 -> 0 | I12: 合计 | J12: Statistical | K12: 煤层气发电 | L12: 122 | M12: =L12-G11-F11-E11 -> -125.68172 | P12: petroleum | Q12: =D12*$D$35 -> 0 | R12: =E12 -> 0 | S12: =F12 -> 0 | T12: =G12 -> 0 | U12: 0 | V12: 0 | W12: 0 | X12: 0 | Y12: 0 | Z12: 0 | AA12: 0
B13: 其他 | C13: 合计 | D13: 5570 | E13: 8050 | F13: 12390 | G13: =F13/F$5*G$5 -> 11215.973 | I13: 合计 | J13: Statistical | K13: 沼气发电 | L13: 13.2 | M13: =L13-G17-F17-E17 -> 3.2 | P13: natural gas peaker | Q13: =D10*0.3 -> 1887 | R13: =E10*0.3 -> 2433 | S13: =F10*0.3 -> 2274 | T13: =G10*0.3 -> 2058.5248 | U13: 0 | V13: 0 | W13: 0 | X13: 0 | Y13: 0 | Z13: 0 | AA13: 0
C14: 余温、余气、余压发电 | D14: 1660 | E14: 2830 | F14: 3370 | G14: =F14/F$5*G$5 -> 3050.6722 | I14: 合计 | J14: Statistical | K14: 燃油 | L14: 0 | M14: =L14-G12-F12-E12 -> 0 | P14: lignite | Q14: =D8 -> 1400 | R14: =E8 -> 1690 | S14: =F8 -> 0 | T14: =G8 -> 0 | U14: 0 | V14: 0 | W14: 0 | X14: 0 | Y14: 0 | Z14: 0 | AA14: 0
C15: 垃圾焚烧发电 | D15: 2730 | E15: 3000 | F15: 6390 | G15: =F15/F$5*G$5 -> 5784.509 | I15: 合计 | J15: Statistical | K15: 其他 | L15: 8476.7 | M15: =L15-G13-F13-E13 -> -23179.273 | P15: offshore wind | Q15: =D48 -> 1490 | R15: =E48 -> 4940 | S15: =F48 -> 15520 | T15: =G48 -> 4110 | U15: 0 | V15: 0 | W15: 0 | X15: 0 | Y15: 0 | Z15: 0 | AA15: 0
C16: 秸秆、蔗渣、林木质发电 | D16: 1180 | E16: 2220 | F16: 2120 | G16: =F16/F$5*G$5 -> 1919.1172 | I16: 合计 | J16: Statistical | K16: 余温、余压、余气发电 | L16: 2833.9 | M16: =L16-G14-F14-E14 -> -6416.7722 | P16: crude oil | Q16: =D12*$C$35 -> 0 | R16: =E12 -> 0 | S16: =F12 -> 0 | T16: =G12 -> 0 | U16: 0 | V16: 0 | W16: 0 | X16: 0 | Y16: 0 | Z16: 0 | AA16: 0
C17: 沼气 | D17: 0 | E17: 10 | F17: 0 | G17: =F17/F$5*G$5 -> 0 | I17: 合计 | J17: Statistical | K17: 垃圾焚烧发电 | L17: 3321.3 | M17: =L17-G15-F15-E15 -> -11853.209 | P17: heavy or residual fuel oil | Q17: =D12*$E$35 -> 0 | R17: =E12 -> 0 | S17: =F12 -> 0 | T17: =G12 -> 0 | U17: 0 | V17: 0 | W17: 0 | X17: 0 | Y17: 0 | Z17: 0 | AA17: 0
C18: 技改增容 | D18: 0 | E18: 0 | F18: 0 | G18: =F18/F$5*G$5 -> 0 | I18: 合计 | J18: Statistical | K18: 秸杆、蔗渣、林木质发电 | L18: 2296.5 | M18: =L18-G16-F16-E16 -> -3962.6172 | P18: municipal solid waste | Q18: =D15 -> 2730 | R18: =E15 -> 3000 | S18: =F15 -> 6390 | T18: =G15 -> 5784.509 | U18: 0 | V18: 0 | W18: 0 | X18: 0 | Y18: 0 | Z18: 0 | AA18: 0
A19: 核电 | D19: 4090 | E19: 1120 | F19: 3400 | G19: =55530/104.3*4.3 -> 2289.348 | I19: 合计 | J19: Statistical | K19: （三）核电 | L19: 16592.8 | M19: =L19-G19-F19-E19 -> 9783.452 | N19: 9
A20: 风电 | D20: 25720 | E20: 72110 | F20: 47570 | G20: 37630 | I20: 合计 | J20: Statistical | K20: （四）风电 | L20: 95240.2 | M20: =L20-G20-F20-E20 -> -62069.8 | N20: 1
A21: 太阳能发电 | D21: 26520 | E21: 48200 | F21: 54540 | G21: 87410 | I21: 合计 | J21: Statistical | K21: （五）太阳能发电 | L21: 54813.3 | M21: =L21-G21-F21-E21 -> -135336.7 | N21: 1
A22: 其他 | D22: 0 | E22: 280 | F22: 620 | I22: 合计 | J22: Statistical | K22: （六）其他 | L22: 280 | M22: =L22-G22-F22-E22 -> -620
I23: 合计 | J23: Statistical | K23: 地热能 | L23: 0
I24: 合计 | J24: Statistical | K24: 海洋能 | L24: 0
I25: 合计 | J25: Statistical | K25: 其他 | L25: 280
B26: 2017 | C26: 2018 | D26: 2019 | E26: 2020 | F26: 2021
B27: 光伏电站 | C27: 光伏电站 | D27: 光伏电站 | E27: 光伏电站 | F27: 光伏电站
B28: 9384 | C28: 12406 | D28: 14167 | E28: 17287.87 | F28: 19847.94 | G28: 23442
B29: 2017 | C29: 2018 | D29: 2019 | E29: 2020 | F29: 2021
B30: 分布式光伏 | C30: 分布式光伏 | D30: 分布式光伏 | E30: 分布式光伏 | F30: 分布式光伏
B31: 3658 | C31: 5027 | D31: 6263 | E31: 7822.9 | F31: 10750.8 | G31: 15762
C34: Crude Oil | D34: Petroleum | E34: Heavy or Residual Fuel Oil
B35: Total | C35: 0.052028722 | D35: 0.22804897 | E35: 0.71992231
B36: 2020 | C36: 23.64 | D36: 40.19 | E36: 251.76
B37: 2019 | C37: 0 | D37: 252.45 | E37: 351.86
B38: 2018 | C38: 21.86 | D38: 47 | E38: 218
B39: 2017 | C39: 20.28 | D39: 50.96 | E39: 179.61
B40: 2016 | C40: 18.67 | D40: 42.57 | E40: 207.59
B41: 2015 | C41: 17.8 | D41: 32.83 | E41: 204.52
B42: 2014 | C42: 12.67 | D42: 37.71 | E42: 176.81
B45: 海上风电累计装机
A46: 2016 | B46: 2017 | C46: 2018 | D46: 2019 | E46: 2020 | F46: 2021 | G46: 2022
A47: 1.63 | B47: 2.79 | C47: 4.44 | D47: 5.93 | E47: 10.87 | F47: 26.39 | G47: 30.5
B48: =(B47-A47)*1000 -> 1160 | C48: =(C47-B47)*1000 -> 1650 | D48: =(D47-C47)*1000 -> 1490 | E48: =(E47-D47)*1000 -> 4940 | F48: =(F47-E47)*1000 -> 15520 | G48: =(G47-F47)*1000 -> 4110

Sheet BPMCCS
A1: Mandated Construction (MW) | B1: 2019 | C1: 2020 | D1: 2021 | E1: 2022 | F1: 2023 | G1: 2024 | H1: 2025 | I1: 2026 | J1: 2027 | K1: 2028 | L1: 2029 | M1: 2030 | N1: 2031 | O1: 2032 | P1: 2033 | Q1: 2034 | R1: 2035 | S1: 2036 | T1: 2037 | U1: 2038 | V1: 2039 | W1: 2040 | X1: 2041 | Y1: 2042 | Z1: 2043 | AA1: 2044 | AB1: 2045 | AC1: 2046 | AD1: 2047 | AE1: 2048 | AF1: 2049 | AG1: 2050 | AH1: 2051 | AI1: 2052 | AJ1: 2053 | AK1: 2054 | AL1: 2055 | AM1: 2056 | AN1: 2057 | AO1: 2058 | AP1: 2059 | AQ1: 2060
A2: hard coal | B2: =Addition!Q3 -> 30960 | C2: =Addition!R3 -> 38610 | D2: =Addition!S3 -> 29370 | E2: =Addition!T3 -> 26587.016 | F2: =Addition!U3 -> 0 | G2: =Addition!V3 -> 0 | H2: =Addition!W3 -> 0 | I2: =Addition!X3 -> 0 | ... AQ2: =Addition!BF3 -> 0
A3: natural gas nonpeaker | B3: =Addition!Q4 -> 4403 | C3: =Addition!R4 -> 5677 | D3: =Addition!S4 -> 5306 | E3: =Addition!T4 -> 4803.2245 | F3: =Addition!U4 -> 0 | G3: =Addition!V4 -> 0 | H3: =Addition!W4 -> 0 | I3: =Addition!X4 -> 0 | ... AQ3: =Addition!BF4 -> 0
A4: nuclear | B4: =Addition!Q5 -> 4090 | C4: =Addition!R5 -> 1120 | D4: =Addition!S5 -> 3400 | E4: =Addition!T5 -> 2289.348 | F4: =Addition!U5 -> 1630.5753 | G4: =Addition!V5 -> 1630.5753 | H4: =Addition!W5 -> 1630.5753 | I4: =Addition!X5 -> 1630.5753 | ... AQ4: =Addition!BF5 -> 0
A5: hydro | B5: =Addition!Q6 -> 4150 | C5: =Addition!R6 -> 11930 | D5: =Addition!S6 -> 18290 | E5: =Addition!T6 -> 15870 | F5: =Addition!U6 -> 739.325 | G5: =Addition!V6 -> 739.325 | H5: =Addition!W6 -> 739.325 | I5: =Addition!X6 -> 739.325 | ... AQ5: =Addition!BF6 -> 0
A6: onshore wind | B6: =Addition!Q7 -> 24230 | C6: =Addition!R7 -> 67170 | D6: =Addition!S7 -> 32050 | E6: =Addition!T7 -> 33520 | F6: =Addition!U7 -> 0 | G6: =Addition!V7 -> 0 | H6: =Addition!W7 -> 0 | I6: =Addition!X7 -> 0 | ... AQ6: =Addition!BF7 -> 0
A7: solar PV | B7: =Addition!Q8 -> 17610 | C7: =Addition!R8 -> 31208.7 | D7: =Addition!S8 -> 25600.7 | E7: =Addition!T8 -> 35940.6 | F7: =Addition!U8 -> 0 | G7: =Addition!V8 -> 0 | H7: =Addition!W8 -> 0 | I7: =Addition!X8 -> 0 | ... AQ7: =Addition!BF8 -> 0
A8: solar thermal | B8: =Addition!Q9 -> 150 | C8: =Addition!R9 -> 250 | D8: =Addition!S9 -> 100 | E8: =Addition!T9 -> 0 | F8: =Addition!U9 -> 349 | G8: =Addition!V9 -> 0 | H8: =Addition!W9 -> 0 | I8: =Addition!X9 -> 0 | ... AQ8: =Addition!BF9 -> 0
A9: biomass | B9: =Addition!Q10 -> 1180 | C9: =Addition!R10 -> 2230 | D9: =Addition!S10 -> 2120 | E9: =Addition!T10 -> 1919.1172 | F9: =Addition!U10 -> 0 | G9: =Addition!V10 -> 0 | H9: =Addition!W10 -> 0 | I9: =Addition!X10 -> 0 | ... AQ9: =Addition!BF10 -> 0
A10: geothermal | B10: =Addition!Q11 -> 0 | C10: =Addition!R11 -> 280 | D10: =Addition!S11 -> 620 | E10: =Addition!T11 -> 0 | F10: =Addition!U11 -> 0 | G10: =Addition!V11 -> 0 | H10: =Addition!W11 -> 0 | I10: =Addition!X11 -> 0 | ... AQ10: =Addition!BF11 -> 0
A11: petroleum | B11: =Addition!Q12 -> 0 | C11: =Addition!R12 -> 0 | D11: =Addition!S12 -> 0 | E11: =Addition!T12 -> 0 | F11: =Addition!U12 -> 0 | G11: =Addition!V12 -> 0 | H11: =Addition!W12 -> 0 | I11: =Addition!X12 -> 0 | ... AQ11: =Addition!BF12 -> 0
A12: natural gas peaker | B12: =Addition!Q13 -> 1887 | C12: =Addition!R13 -> 2433 | D12: =Addition!S13 -> 2274 | E12: =Addition!T13 -> 2058.5248 | F12: =Addition!U13 -> 0 | G12: =Addition!V13 -> 0 | H12: =Addition!W13 -> 0 | I12: =Addition!X13 -> 0 | ... AQ12: =Addition!BF13 -> 0
A13: lignite | B13: =Addition!Q14 -> 1400 | C13: =Addition!R14 -> 1690 | D13: =Addition!S14 -> 0 | E13: =Addition!T14 -> 0 | F13: =Addition!U14 -> 0 | G13: =Addition!V14 -> 0 | H13: =Addition!W14 -> 0 | I13: =Addition!X14 -> 0 | ... AQ13: =Addition!BF14 -> 0
... A17: municipal solid waste | B17: =Addition!Q18 -> 2730 | C17: =Addition!R18 -> 3000 | D17: =Addition!S18 -> 6390 | E17: =Addition!T18 -> 5784.509 | F17: =Addition!U18 -> 0 | G17: =Addition!V18 -> 0 | H17: =Addition!W18 -> 0 | I17: =Addition!X18 -> 0 | ... AQ17: =Addition!BF18 -> 0
