Workbook

Sheet About
A1: BHPSbP BAU Hydrogen Production Shares by Pathway
A3: Sources: | B3: Hydrogen Production Shares
B4: KINGZONG Energy 北京金正纵横信息咨询有限公司能源战略研究中心
B5: Blue Book on the Development of China's Hydrogen Industry
B6: 中国氢能产业发展蓝皮书
B7: 2023
B8: Page 25，Figure 9
B9: =Calculation!$A$28 -> https://www.lightingchina.com.cn/upload/article/126449/file/1691910458643788.pdf
A12: Notes：
A13: We assume today's shares are constant in the BAU case.
A15: For biomass gasification and thermochemical water splitting, are still in the experimental and developmental stages
A16: and have not yet reached the requirements for industrial-scale hydrogen production. Therefore, in the BAU scenario, these are set to 0.

Sheet Calculation
A1: Table1：Including industrial byproduct hydrogen
A2: Production Share (dimensionless)
A3: electrolysis | B3: 0.01
A4: natural gas reforming | B4: 0.19
A5: coal gasification | B5: 0.62
A6: byproduct hydrogen | B6: 0.18
A7: biomass gasification | B7: 0
A8: thermochemical water splitting | B8: 0
A11: Table2：Excluding industrial byproduct hydrogen
A12: Production Share (dimensionless)
A13: electrolysis | B13: =B3/SUM(B3:B5) -> 0.012195122
A14: natural gas reforming | B14: =B4/SUM(B3:B5) -> 0.23170732
A15: coal gasification | B15: =B5/SUM(B3:B5) -> 0.75609756
A16: biomass gasification | B16: 0
A17: thermochemical water splitting | B17: 0
A20: Notes:
A21: Hydrogen supply sector represents dedicated hydrogen production, not hydrogen produced as a byproduct of industrial operations aiming at producing a different product.
A22: So, Table 2 recalculation the production shares.
A25: Data source:
A26: 中国氢能产业发展蓝皮书（2023）
A27: page 25，Figure 9
A28: https://www.lightingchina.com.cn/upload/article/126449/file/1691910458643788.pdf

Sheet BHPSbP
A1: Production Share (dimensionless) | B1: 2019 | C1: 2020 | D1: 2021 | E1: 2022 | F1: 2023 | G1: 2024 | H1: 2025 | I1: 2026 | J1: 2027 | K1: 2028 | L1: 2029 | M1: 2030 | N1: 2031 | O1: 2032 | P1: 2033 | Q1: 2034 | R1: 2035 | S1: 2036 | T1: 2037 | U1: 2038 | V1: 2039 | W1: 2040 | X1: 2041 | Y1: 2042 | Z1: 2043 | AA1: 2044 | AB1: 2045 | AC1: 2046 | AD1: 2047 | AE1: 2048 | AF1: 2049 | AG1: 2050 | AH1: 2051 | AI1: 2052 | AJ1: 2053 | AK1: 2054 | AL1: 2055 | AM1: 2056 | AN1: 2057 | AO1: 2058 | AP1: 2059 | AQ1: 2060
A2: electrolysis | B2: =Calculation!B13 -> 0.012195122 | C2: =Calculation!B13 -> 0.012195122 | D2: =C2 -> 0.012195122 | E2: =D2 -> 0.012195122 | F2: =E2 -> 0.012195122 | G2: =F2 -> 0.012195122 | H2: =G2 -> 0.012195122 | I2: =H2 -> 0.012195122 | J2: =I2 -> 0.012195122 | K2: =J2 -> 0.012195122 | ... AQ2: =AP2 -> 0.012195122
A3: natural gas reforming | B3: =Calculation!B14 -> 0.23170732 | C3: =Calculation!B14 -> 0.23170732 | D3: =C3 -> 0.23170732 | E3: =D3 -> 0.23170732 | F3: =E3 -> 0.23170732 | G3: =F3 -> 0.23170732 | H3: =G3 -> 0.23170732 | I3: =H3 -> 0.23170732 | J3: =I3 -> 0.23170732 | K3: =J3 -> 0.23170732 | ... AQ3: =AP3 -> 0.23170732
A4: coal gasification | B4: =Calculation!B15 -> 0.75609756 | C4: =Calculation!B15 -> 0.75609756 | D4: =C4 -> 0.75609756 | E4: =D4 -> 0.75609756 | F4: =E4 -> 0.75609756 | G4: =F4 -> 0.75609756 | H4: =G4 -> 0.75609756 | I4: =H4 -> 0.75609756 | J4: =I4 -> 0.75609756 | K4: =J4 -> 0.75609756 | ... AQ4: =AP4 -> 0.75609756
A5: biomass gasification | B5: =Calculation!B16 -> 0 | C5: =Calculation!B16 -> 0 | D5: =C5 -> 0 | E5: =D5 -> 0 | F5: =E5 -> 0 | G5: =F5 -> 0 | H5: =G5 -> 0 | I5: =H5 -> 0 | J5: =I5 -> 0 | K5: =J5 -> 0 | ... AQ5: =AP5 -> 0
A6: thermochemical water splitting | B6: 0 | C6: 0 | D6: =C6 -> 0 | E6: =D6 -> 0 | F6: =E6 -> 0 | G6: =F6 -> 0 | H6: =G6 -> 0 | I6: =H6 -> 0 | J6: =I6 -> 0 | K6: =J6 -> 0 | ... AQ6: =AP6 -> 0
