Workbook
Name acres_per_hectare: #REF!
Name acres_per_million_hectares: '[1]conversion factors'!$A$1
Name C_to_CO2: '[2]Conversion Factors'!$A$4
Name grams_per_ton: #REF!

Sheet About
A1: CSpULApYbP CO2 Sequestered per Unit Land Area per Year by Policy
A3: Sources: | B3: CO2 reduction potential by large-scale afforestation and its cost-benefit analysis in China
B4: 中国大规模造林减少大气碳积累的潜力及其成本效益分析， 徐德应
B5: 1996
B6: http://www.cqvip.com/qk/91893x/199606/2294260.html
B7: It provides carbon sequestration per hectare per year by forest set asides
B9: comparison of ways of carbon reduction by carbon sink
B10: 几种主要碳增汇减排途径的对比分析 ， 王礼茂
B11: 2004
B12: http://www.dsjyj.com.cn/CN/abstract/abstract9121.shtml
B13: "人工造林固碳率为1.4 tc/hm2/yr"
A19: Notes
A21: This variable is not used for the improved forest management policy.
A23: this variable contains data for Forest Set-Asides and
A24: Afforestation/Reforestation.
A26: Afforestation/Reforestation
A27: For the Afforestation/Reforestation policy, this variable represents the amount of
A28: CO2 sequestered each year by the new forest that is growing on a given acre.
A30: Forest Set-Asides
A31: use the average value of carbon sequestration rate of forest set-asides by regions in China.

Sheet Calculations
A1: carbon sequestration rate based on afforestation and reforestation:
A2: 1.4 | B2: t C/ hm2/yr
A3: =(A2*44/12)/1.10231 -> 4.6568872 | B3: metric ton CO2/hm2/yr
A4: =A3/2.47105 -> 1.8845783 | B4: metric ton CO2/acre/yr
A5: Forest carbon sequestation per acre per year
A6: =A4*10^6 -> 1884578.3 | B6: gCO2/acre/yr
A9: Forest Set-Asides
B10: carbon sequestration rate | E10: share
A11: Northeast (东北) | B11: 0.31 | C11: t C/ hm2/yr | E11: =Forest!L8 -> 0.17980917
A12: Southwest (西南) | B12: 0.64 | C12: t C/ hm2/yr | E12: =Forest!L9 -> 0.38238699
A13: South (南方） | B13: 0.62 | C13: t C/ hm2/yr | E13: =Forest!L10 -> 0.23823759
A14: North (北方) | B14: 0.43 | C14: t C/ hm2/yr | E14: =Forest!L11 -> 0.10379312
A15: Northwest (西北) | B15: 0.43 | C15: t C/ hm2/yr | E15: =Forest!L12 -> 0.06718387
A16: national average | B16: =SUMPRODUCT(B11:B15,E11:E15) -> 0.52169593 | C16: t C/ hm2/yr
B17: =(B16*44/12)/1.10231 -> 1.7353422 | C17: metric ton CO2/hm2/yr
B18: =B17/2.47105 -> 0.70226916 | C18: metric ton CO2/acre/yr
B19: =B18*10^6 -> 702269.16 | C19: gCO2/acre/yr
A23: Carbon to Carbon Dioxide
A24: 44 | B24: Molecular weight of CO2
A25: 12 | B25: Molecular weight of C
A26: =A24/A25 -> 3.6666667 | B26: Ratio of CO2 to C
A28: Hectare to acre
A29: 1 | B29: hectare
A30: 2.47105 | B30: acre

Sheet Forest
A1: 8-23 分地区森林资源情况
A3: 地 区 | B3: 林业用地面积 | C3: 森林面积 | E3: 森林覆盖率 | F3: 活立木总蓄积量 | G3: 森林蓄积量
B4: (万公顷) | C4: (万公顷) | D4: #人工林 | E4: (%) | F4: (万立方米) | G4: (万立方米)
A6: 全 国 | B6: 32591.12 | C6: 22044.62 | D6: 8003.1 | E6: 22.96 | F6: 1900713.2 | G6: 1756023
A8: 北 京 | B8: 107.1 | C8: 71.82 | D8: 43.48 | E8: 43.77 | F8: 3000.81 | G8: 2437.36 | I8: Northeast (东北) | K8: =G14+G15+G16 -> 315749.04 | L8: =K8/G6 -> 0.17980917
A9: 天 津 | B9: 20.39 | C9: 13.64 | D9: 12.98 | E9: 12.07 | F9: 620.56 | G9: 460.27 | I9: Southwest (西南) | K9: =G33+G34+G35+G36+G37 -> 671480.34 | L9: =K9/G6 -> 0.38238699
A10: 河 北 | B10: 775.64 | C10: 502.69 | D10: 263.54 | E10: 26.78 | F10: 15920.34 | G10: 13737.98 | I10: South (南方） | K10: =SUM(G18:G24)+SUM(G26:G31) -> 418350.69 | L10: =K10/G6 -> 0.23823759
A11: 山 西 | B11: 787.25 | C11: 321.09 | D11: 167.63 | E11: 20.5 | F11: 14778.65 | G11: 12923.37 | I11: North (北方) | K11: =G8+G9+G10+G11+G12 -> 182263.1 | L11: =K11/G6 -> 0.10379312
A12: 内蒙古 | B12: 4499.17 | C12: 2614.85 | D12: 600.01 | E12: 22.1 | F12: 166271.98 | G12: 152704.12 | I12: Northwest (西北) | K12: =G40+G41+G42+G43+G39 -> 117976.42 | L12: =K12/G6 -> 0.06718387
A14: 辽 宁 | B14: 735.92 | C14: 571.83 | D14: 315.32 | E14: 39.24 | F14: 30888.53 | G14: 29749.18
A15: 吉 林 | B15: 904.79 | C15: 784.87 | D15: 175.94 | E15: 41.49 | F15: 105368.45 | G15: 101295.77
A16: 黑龙江 | B16: 2453.77 | C16: 1990.46 | D16: 243.26 | E16: 43.78 | F16: 199999.41 | G16: 184704.09
A18: 上 海 | B18: 10.19 | C18: 8.9 | D18: 8.9 | E18: 14.04 | F18: 664.32 | G18: 449.59
A19: 江 苏 | B19: 174.98 | C19: 155.99 | D19: 150.83 | E19: 15.2 | F19: 9609.62 | G19: 7044.48
A20: 浙 江 | B20: 659.77 | C20: 604.99 | D20: 244.65 | E20: 59.43 | F20: 31384.86 | G20: 28114.67
A21: 安 徽 | B21: 449.33 | C21: 395.85 | D21: 232.91 | E21: 28.65 | F21: 26145.1 | G21: 22186.55
A22: 福 建 | B22: 924.4 | C22: 811.58 | D22: 385.59 | E22: 66.8 | F22: 79711.29 | G22: 72937.63
A23: 江 西 | B23: 1079.9 | C23: 1021.02 | D23: 368.7 | E23: 61.16 | F23: 57564.29 | G23: 50665.83
A24: 山 东 | B24: 349.34 | C24: 266.51 | D24: 256.11 | E24: 17.51 | F24: 13040.49 | G24: 9161.49
A26: 河 南 | B26: 520.74 | C26: 403.18 | D26: 245.78 | E26: 24.14 | F26: 26564.48 | G26: 20719.12
A27: 湖 北 | B27: 876.09 | C27: 736.27 | D27: 197.42 | E27: 39.61 | F27: 39579.82 | G27: 36507.91
... A43: 新 疆 | B43: 1371.26 | C43: 802.23 | D43: 121.42 | E43: 4.87 | F43: 46490.95 | G43: 39221.5
A46: 注：1.本表为第九次全国森林资源清查 (2014-2018)资料。
A47: 2.全国总计数包括台湾省和香港、澳门特别行政区数据。

Sheet CSpULApYbP
B1: g CO2 / acre / yr
A2: forest set asides | B2: =Calculations!B19 -> 702269.16
A3: afforestation and reforestation | B3: =[3]Sheet1!$J$15 -> 81612.287
A4: improved forest management | B4: 0
A5: avoid deforestation | B5: 5617478
A6: peatland restoration | B6: 4936277
A7: forest restoration | B7: =[3]Sheet1!$J$9 -> 250883.03
