Workbook
Name CH4_Ar4_to_AR5: #REF!
Name CH4_Ar4_to_AR5: #REF!
Name CH4_Ar4_to_AR5: #REF!
Name CH4_Ar4_to_AR5: [1]Overview!$B$25
Name CH4_to_CO2e: #REF!
Name CH4_to_CO2e: #REF!
Name CH4_to_CO2e: #REF!
Name CH4_to_CO2e: #REF!
Name dollars_2009_2012: #REF!
Name dollars_2009_2012: #REF!
Name dollars_2009_2012: #REF!
Name dollars_2009_2012: About!$B$117
Name gal_per_barrel: #REF!
Name gal_per_barrel: #REF!
Name gal_per_barrel: #REF!
Name gal_per_barrel: [2]About!$A$63
Name Gg_to_grams: #REF!
Name HFC125_AR5: #REF!
Name HFC134a_AR5: #REF!
Name HFC143a_AR5: #REF!
Name HFC152a_AR5: #REF!
Name HFC245fa_AR5: #REF!
Name HFC32_AR5: #REF!
Name HHV_Adjust: #REF!
Name HHV_Adjust: #REF!
Name HHV_Adjust: #REF!
Name HHV_Adjust: [3]About!$A$203
Name IQ_CH: 110000
Name IQ_CQ: 5000
Name IQ_CY: 10000
Name IQ_DAILY: 500000
Name IQ_FH: 100000
Name IQ_FQ: 500
Name IQ_FY: 1000
Name IQ_LTM: 2000
Name IQ_MONTH: 15000
Name IQ_NTM: 6000
Name IQ_WEEK: 50000
Name IQ_YTD: 3000
Name metricton_to_shortton: #REF!
Name metricton_to_shortton: #REF!
Name metricton_to_shortton: #REF!
Name metricton_to_shortton: [4]Overview!$B$19
Name million: #REF!
Name million: #REF!
Name million: #REF!
Name million: [4]Overview!$B$22
Name N2O_AR4_to_AR5: #REF!
Name N2O_AR4_to_AR5: #REF!
Name N2O_AR4_to_AR5: #REF!
Name N2O_AR4_to_AR5: About!$A$88
Name N2O_to_CO2e: #REF!
Name N2O_to_CO2e: #REF!
Name N2O_to_CO2e: #REF!
Name N2O_to_CO2e: '[5]Cross-Page Data'!$C$13
Name unit_conv: #REF!
Name unit_conv: #REF!
Name unit_conv: #REF!
Name unit_conv: [6]About!$A$108

Sheet About
A1: BPE BAU Process Emissions
A2: BPE Share of Agriculture Process Emissions from Animals
A4: Sources: | B4: Greenhouse Gas Inventory 2018 | D4: Non-CO2 Process Emissions for All Countries (Present and Projections)
B5: Ministry of Ecology and Environment, PRC 中华人民共和国生态环境部 | D5: U.S. EPA
B6: 2023 | D6: 2019
B7: The People's Republic of China Third Biennial Update Report on Climate Change | D7: Global Non-CO2 Greenhouse Gas Emission Projections & Mitigation Potential: 2015-2050
B8: 中华人民共和国气候变化第三次两年更新报告 | D8: https://www.epa.gov/global-mitigation-non-co2-greenhouse-gases/global-non-co2-greenhouse-gas-emission-projections
B9: W020231229717236049262.pdf | D9: Non-CO2 Report Data Annex (data vintage 9/30/2019)
B10: Table 1-10, 1-11
D11: CO2 Process Emissions for All Countries (Present)
B12: Greenhouse Gas Inventory 2020 & 2021 | D12: Potsdam Institute for Climate Impact Research
B13: Ministry of Ecology and Environment, PRC 中华人民共和国生态环境部 | D13: 2021
B14: 2024 | D14: The PRIMAP-hist national historical emissions time series (1750-2019) v2.3
B15: The People's Republic of China's First Biennial Transparency Report on Climate Change | D15: https://zenodo.org/record/5175154
B16: 中华人民共和国气候变化第一次双年透明度报告
B17: 中华人民共和国气候变化第一次双年透明度报告.pdf | D17: Cement, Steel, Plastics Production Projections Used to Scale Process CO2 Emissions
D18: Energy Transitions Commission
D19: 2018
B20: The major products production in China for predicting GHGs Process Emissions | D20: Mission Possible: Reachign Net-Zero Carbon Emissions from Harder-to-Abate Sectors by Mid-Century
B21: For Coal：Sinopec 中石化 | D21: http://www.energy-transitions.org/sites/default/files/ETC_MissionPossible_FullReport.pdf
B22: 2024 | D22: Page 56, Exhibits 2.1 and 2.2, and page 57, Exhibit 2.3
B23: China Energy Outlook 2060 (2024 Edition) 中国能源展望2060
B24: https://www.cpnn.com.cn/news/baogao2023/202401/W020240105322424121296.pdf | D24: Population Projection Used to Scale Agriculture and Waste Management Process CO2 Emissions
D25: U.N.
B26: For Crude Oil and Natural Gas：China National Petroleum Corporation 中石油 | D26: 2019
B27: 2024 | D27: World Population Prospects 2019
B28: Energy Outlook for the World and China in 2060 2060年中国与世界能源展望 | D28: https://population.un.org/wpp/Download/Standard/Population/
B29: https://www.sohu.com/a/514937234_121015326 | D29: Total population, Medium case (and historical values for years before 2020)
B31: For Chemcals products and others: CHINA ENERGY RESEARCH SOCIETY 中国能源研究会 | D31: IEA Methane Leakage Multiplier
B32: 2024 | D32: IEA
B33: Analysis of Low-Carbon Development Goals and Pathways for China's Industrial Sector under Carbon Neutrality Targets | D33: 2021
B34: 碳中和目标下中国工业部门低碳发展目标和路径分析 | D34: Methane Tracker 2021
D35: https://www.iea.org/reports/methane-tracker-2020/interactive-country-and-regional-estimates#abstract
D37: Particulates
D38: EPA
D39: 2017
D40: 2017 National Emissions Inventory
D41: https://www.epa.gov/air-emissions-inventories/2017-national-emissions-inventory-nei-data
D43: US Inventory Data
D44: EPA
D45: 2021
D46: Draft Inventory of U.S. Greenhouse Gas Emissions and Sinks 1990-2019
D47: https://www.epa.gov/sites/production/files/2021-02/documents/us-ghg-inventory-2021-main-text.pdf
D48: Tables 3-1, 4-1, 5-1, 7-1
B50: Provincial Value Added by Industry Used to Allocate GHGs Process Emissions to Provinces | D50: AIM Act Reductions
B51: and Calculate Provincial Non-GHGs Process Emissions Growth Rate | D51: U.S. EPA
B52: Historical：National Bureau of Statistics of China | D52: 2021
B53: https://www.stats.gov.cn/ | D53: Regulatory Impact Analysis for Phasing Down Production and Consumption of Hydrofluorocarbons (HFCs)
B54: Projections：Smart-Trans | D54: https://www.epa.gov/system/files/documents/2021-09/ria-w-works-cited-for-docket.pdf
D55: Table 4-2
B56: Process Emission factors for Non-CO2 by product and technology
B57: 中国环境科学学会 Chinese Society For Environmental Sciences | D57: HFC baseline through 2035
B58: 城市大气污染源排放清单编制技术指南 | D58: Rhodium
B59: Technical guideline on city-level air pollutant emission inventory development | D59: 2021
B60: 2018 | D60: ClimateDeck
B61: Page 39, table D.1 | D61: Data shared upon request
B62: https://www.chinacses.org/xw/gsgg/202308/W020230822432828039219.pdf
D63: USCA HFC baseline for extrapolation
B64: Provincial Industrial Asset Used to Allocate Value Added | D64: USCA
B65: National Bureau of Statistics of China 国家统计局 | D65: 2020
B66: China Economic Census Yearbook 2018 中国经济普查年鉴2018 | D66: Data shared upon request
B67: 2018
B68: Table 1-B-1 to 1-B-49
B69: https://www.stats.gov.cn/sj/pcsj/jjpc/4jp/indexch.htm
A72: Notes
A73: Subnational Selector
A74: 全国
A76: If you are adapting the EPS to a subnational region (a Province in China),
A77: Please make a selection in the yellow area above("Subnational Selector")
A79: Global Warming Potentials
A80: The EPA source data uses 100-year data from AR4 for Global Warming Potentials. Therefore,
A81: We want our values in grams of each pollutant (except F-gases, which are in g CO2e), so we
A82: convert EPA CH4 and N2O data using the following conversion factors based on AR4. | B82: =VLOOKUP(A74,'Subnational List'!D2:E33,2,0) -> National
A84: 25
A85: 28
A86: 298
A87: 265
A88: =A87/A86 -> 0.88926174
A91: Methane leakage
A92: This Excel file includes the ability to adjust the EPA's values | B92: CH4 GWP in AR4
A93: for methane leakage rate. If you wish to adjust this, | B93: CH4 GWP in AR5
A94: change the value next to the country you have selected | B94: N2O GWP in AR4
A95: on the "Country Selector" tab. For more explanation, see | B95: N2O GWP in AR5
A96: the "Multipliers and Adjustments" tab.
A98: EPA data for non-U.S. countries generally relies on values reported by those countries,
A99: so any errors in the EPA's assessment of U.S. methane leakage cannot
A100: be assumed to apply to the EPA's data on other countries' methane leakage.
A102: For the US, we adjust BAU methane emissions to align with IEA rather than EPA.
A104: Notes on BPEiC Share of Agriculture Process Emissions from Animals
A105: Share of Agriculture Process Emissions from Animals should not include emissions
A106: from growing crops used for animal feed (like corn). It should include emissions
A107: from animal operations, animal waste, etc.
A109: 2009_to_2012$
A111: Notes on particulates
A112: 2017 data scaled by industrial sector value from AEO. Nonroad emissions distributed across sectors by diesel fuel consumption.
... A116: line with the Kigali Amendment. We therefore adjust the baseline based on data from Rhodium
A117: through 2035 (which incorporates the AIM Act), and from extrapolation and estimated emissions | B117: 1.0701837
A118: reductions from the EPA's Regulatory Impact Assessment for 2036-2050.

Sheet Sector Match
A1: 农业 | B1: 农、林、牧、渔业 | C1: agriculture and forestry 01T03
A2: 煤炭开采和洗选业 | B2: 煤炭开采和洗选业 | C2: coal mining 05
A3: 石油和天然气开采业 | B3: 石油和天然气开采业 | C3: oil and gas extraction 06
A4: 黑色金属矿采选业 | B4: 黑色金属矿采选业 | C4: other mining and quarrying 07T08
A5: 有色金属矿采选业 | B5: 有色金属矿采选业 | C5: other mining and quarrying 07T08
A6: 非金属矿采选业 | B6: 非金属矿采选业 | C6: other mining and quarrying 07T08
A7: 开采专业及辅助性活动 | B7: 开采专业及辅助性活动 | C7: Mining Support Service Activities 09
A8: 其他采矿业 | B8: 其他采矿业 | C8: Mining Support Service Activities 09
A9: 农副食品加工业 | B9: 农副食品加工业 | C9: food beverage and tobacco 10T12
A10: 食品制造业 | B10: 食品制造业 | C10: food beverage and tobacco 10T12
A11: 酒、饮料和精制茶制造业 | B11: 酒、饮料和精制茶制造业 | C11: food beverage and tobacco 10T12
A12: 烟草制品业 | B12: 烟草制品业 | C12: food beverage and tobacco 10T12
... A22: 化学原料和化学制品制造业 | B22: 化学原料和化学制品制造业 | C22: chemicals 20
A23: 医药制造业 | B23: 医药制造业
A24: 化学纤维制造业 | B24: 化学纤维制造业 | C24: chemicals 20
A25: 橡胶和塑料制品业 | B25: 橡胶和塑料制品业 | C25: rubber and plastic products 22
A26: 非金属矿物制品业 | B26: 非金属矿物制品业 | C26: cement and other nonmetallic minerals 239
A27: 黑色金属冶炼和压延加工业 | B27: 黑色金属冶炼和压延加工业 | C27: iron and steel 241
A28: 有色金属冶炼和压延加工业 | B28: 有色金属冶炼和压延加工业 | C28: other metals 242
A29: 金属制品业 | B29: 金属制品业 | C29: metal products except machinery and vehicles 25
A30: 通用设备制造业 | B30: 通用设备制造业 | C30: other manufacturing 31T33
A31: 专用设备制造业 | B31: 专用设备制造业 | C31: glass and glass products 231
A32: 汽车制造业 | B32: 汽车制造业 | C32: road vehicles 29
A33: 铁路、船舶、航空航天和其他运输设备制造业 | B33: 铁路、船舶、航空航天和其他运输设备制造业 | C33: nonroad vehicles 30
A34: 电气机械和器材制造业 | B34: 电气机械和器材制造业 | C34: appliances and electrical equipment 27
A35: 计算机、通信和其他电子设备制造业 | B35: 计算机、通信和其他电子设备制造业 | C35: computers and electronics 26
... A39: 金属制品、机械和设备修理业 | B39: 金属制品、机械和设备修理业 | C39: other machinery 28
A40: 电力、热力生产和供应业 | B40: 电力、热力生产和供应业
A41: 燃气生产和供应业 | B41: 燃气生产和供应业 | C41: energy pipelines and gas processing 352T353
A42: 水的生产和供应业 | B42: 水的生产和供应业 | C42: water and waste 36T39
A43: 建筑业 | B43: 建筑业 | C43: construction 41T43

Sheet Subnational List
A1: Code | B1: 地区名称 | C1: 地区全称 | D1: 地区简称 | E1: Name | F1: 缩写
A2: 00 | B2: 全国 National | C2: 全国 | D2: 全国 | E2: National | F2: CN
A3: 11 | B3: 北京市 Beijing | C3: 北京市 | D3: 北京 | E3: Beijing | F3: BJ
A4: 12 | B4: 天津市 Tianjin | C4: 天津市 | D4: 天津 | E4: Tianjin | F4: TJ
A5: 13 | B5: 河北省 Hebei | C5: 河北省 | D5: 河北 | E5: Hebei | F5: HE
A6: 14 | B6: 山西省 Shanxi | C6: 山西省 | D6: 山西 | E6: Shanxi | F6: SX
A7: 15 | B7: 内蒙古自治区 Inner Mongolia | C7: 内蒙古自治区 | D7: 内蒙古 | E7: Inner Mongolia | F7: NM
A8: 21 | B8: 辽宁省 Liaoning | C8: 辽宁省 | D8: 辽宁 | E8: Liaoning | F8: LN
A9: 22 | B9: 吉林省 Jilin | C9: 吉林省 | D9: 吉林 | E9: Jilin | F9: JL
A10: 23 | B10: 黑龙江省 Heilongjiang | C10: 黑龙江省 | D10: 黑龙江 | E10: Heilongjiang | F10: HL
A11: 31 | B11: 上海市 Shanghai | C11: 上海市 | D11: 上海 | E11: Shanghai | F11: SH
A12: 32 | B12: 江苏省 Jiangsu | C12: 江苏省 | D12: 江苏 | E12: Jiangsu | F12: JS
A13: 33 | B13: 浙江省 Zhejiang | C13: 浙江省 | D13: 浙江 | E13: Zhejiang | F13: ZJ
A14: 34 | B14: 安徽省 Anhui | C14: 安徽省 | D14: 安徽 | E14: Anhui | F14: AH
... A33: 65 | B33: 新疆维吾尔自治区 Xijiang | C33: 新疆维吾尔自治区 | D33: 新疆 | E33: Xijiang | F33: XJ

Sheet WR-Value Added(19 RMB)
A1: 区域 | B1: 行业 | C1: 2018 | D1: 2019 | E1: 2020 | F1: 2021 | G1: 2022 | H1: 2023 | I1: 2024 | J1: 2025 | K1: 2026 | L1: 2027 | M1: 2028 | N1: 2029 | O1: 2030 | P1: 2031 | Q1: 2032 | R1: 2033 | S1: 2034 | T1: 2035 | U1: 2036 | V1: 2037 | W1: 2038 | X1: 2039 | Y1: 2040 | Z1: 2041 | AA1: 2042 | AB1: 2043 | AC1: 2044 | AD1: 2045 | AE1: 2046 | AF1: 2047 | AG1: 2048 | AH1: 2049 | AI1: 2050 | AJ1: 2051 | AK1: 2052 | AL1: 2053 | AM1: 2054 | AN1: 2055 | AO1: 2056 | AP1: 2057 | AQ1: 2058 | AR1: 2059 | AS1: 2060
A2: 全国 | B2: 煤炭采选产品 | C2: 13128.411 | D2: 12302.691 | E2: 11595.14 | F2: 13119.537 | G2: 13744.853 | H2: 14362.17 | I2: 14972.093 | J2: 15575.441 | K2: 16173.176 | L2: 16766.348 | M2: 17356.048 | N2: 17943.377 | O2: 18529.421 | P2: 19115.235 | Q2: 19701.835 | R2: 20290.19 | S2: 20881.222 | T2: 21475.802 | U2: 22074.757 | V2: 22678.866 | W2: 23288.87 | X2: 23905.469 | Y2: 24529.328 | Z2: 25161.082 | AA2: 25801.338 | AB2: 26450.678 | AC2: 27109.66 | AD2: 27778.826 | AE2: 28458.7 | AF2: 29149.792 | AG2: 29852.601 | AH2: 30567.614 | AI2: 31295.313 | AJ2: 32036.17 | AK2: 32790.655 | AL2: 33559.232 | AM2: 34342.365 | AN2: 35140.514 | AO2: 35954.141 | AP2: 36783.708 | AQ2: 37629.677 | AR2: 38492.515 | AS2: 39372.691
A3: 全国 | B3: 石油和天然气开采产品 | C3: 7594.965 | D3: 8002.4636 | E3: 7731.4547 | F3: 8025.6148 | G3: 8249.1623 | H3: 8466.8246 | I3: 8679.4849 | J3: 8887.9769 | K3: 9093.0939 | L3: 9295.5881 | M3: 9496.1683 | N3: 9695.4969 | O3: 9894.1895 | P3: 10092.815 | Q3: 10291.898 | R3: 10491.918 | S3: 10693.319 | T3: 10896.506 | U3: 11101.851 | V3: 11309.697 | W3: 11520.363 | X3: 11734.141 | Y3: 11951.307 | Z3: 12172.115 | AA3: 12396.806 | AB3: 12625.609 | AC3: 12858.738 | AD3: 13096.401 | AE3: 13338.795 | AF3: 13586.111 | AG3: 13838.535 | AH3: 14096.247 | AI3: 14359.426 | AJ3: 14628.244 | AK3: 14902.874 | AL3: 15183.486 | AM3: 15470.25 | AN3: 15763.335 | AO3: 16062.909 | AP3: 16369.143 | AQ3: 16682.207 | AR3: 17002.271 | AS3: 17329.51
A4: 全国 | B4: 金属矿采选产品 | C4: 5528.1879 | D4: 5185.921 | E4: 7350.7869 | F4: 6452.9258 | G4: 6691.0255 | H4: 6924.7575 | I4: 7154.6434 | J4: 7381.2314 | K4: 7605.0843 | L4: 7826.7666 | M4: 8046.8328 | N4: 8265.8197 | O4: 8484.2401 | P4: 8702.5797 | Q4: 8921.2953 | R4: 9140.8151 | S4: 9361.5389 | T4: 9583.8398 | U4: 9808.0661 | V4: 10034.543 | W4: 10263.576 | X4: 10495.449 | Y4: 10730.433 | Z4: 10968.782 | AA4: 11210.736 | AB4: 11456.527 | AC4: 11706.374 | AD4: 11960.488 | AE4: 12219.074 | AF4: 12482.33 | AG4: 12750.449 | AH4: 13023.62 | AI4: 13302.027 | AJ4: 13585.854 | AK4: 13875.28 | AL4: 14170.485 | AM4: 14471.647 | AN4: 14778.942 | AO4: 15092.549 | AP4: 15412.645 | AQ4: 15739.408 | AR4: 16073.019 | AS4: 16413.658
A5: 全国 | B5: 非金属矿和其他矿采选产品 | C5: 2972.383 | D5: 3396.7183 | E5: 3301.0417 | F5: 3447.3026 | G5: 3540.3757 | H5: 3630.9024 | I5: 3719.2716 | J5: 3805.8477 | K5: 3890.9752 | L5: 3974.9793 | M5: 4058.1651 | N5: 4140.817 | O5: 4223.1985 | P5: 4305.5526 | Q5: 4388.1025 | R5: 4471.0529 | S5: 4554.5913 | T5: 4638.8895 | U5: 4724.1053 | V5: 4810.3836 | W5: 4897.8581 | X5: 4986.6527 | Y5: 5076.8825 | Z5: 5168.655 | AA5: 5262.0711 | AB5: 5357.2263 | AC5: 5454.2108 | AD5: 5553.111 | AE5: 5654.0097 | AF5: 5756.9867 | AG5: 5862.1195 | AH5: 5969.4837 | AI5: 6079.153 | AJ5: 6191.2001 | AK5: 6305.6968 | AL5: 6422.7141 | AM5: 6542.3228 | AN5: 6664.5933 | AO5: 6789.5962 | AP5: 6917.4022 | AQ5: 7048.0824 | AR5: 7181.7082 | AS5: 7318.3521
A6: 全国 | B6: 食品和烟草 | C6: 24778.271 | D6: 26292.024 | E6: 27523.592 | F6: 28195.503 | G6: 28723.214 | H6: 29228.64 | I6: 29715.717 | J6: 30187.914 | K6: 30648.348 | L6: 31099.842 | M6: 31544.95 | N6: 31985.985 | O6: 32425.028 | P6: 32863.955 | Q6: 33304.449 | R6: 33748.02 | S6: 34196.022 | T6: 34649.673 | U6: 35110.068 | V6: 35578.196 | W6: 36054.952 | X6: 36541.152 | Y6: 37037.541 | Z6: 37544.805 | AA6: 38063.576 | AB6: 38594.448 | AC6: 39137.972 | AD6: 39694.673 | AE6: 40265.047 | AF6: 40849.57 | AG6: 41448.7 | AH6: 42062.881 | AI6: 42692.546 | AJ6: 43338.119 | AK6: 44000.019 | AL6: 44678.659 | AM6: 45374.451 | AN6: 46087.805 | AO6: 46819.132 | AP6: 47568.844 | AQ6: 48337.357 | AR6: 49125.089 | AS6: 49932.463
A7: 全国 | B7: 纺织品 | C7: 8366.6518 | D7: 8685.8969 | E7: 8732.6137 | F7: 9044.4533 | G7: 9253.2312 | H7: 9455.1073 | I7: 9651.2163 | J7: 9842.5884 | K7: 10030.173 | L7: 10214.848 | M7: 10397.422 | N7: 10578.64 | O7: 10759.182 | P7: 10939.668 | Q7: 11120.663 | R7: 11302.679 | S7: 11486.18 | T7: 11671.588 | U7: 11859.289 | V7: 12049.632 | W7: 12242.939 | X7: 12439.503 | Y7: 12639.598 | Z7: 12843.476 | AA7: 13051.373 | AB7: 13263.511 | AC7: 13480.098 | AD7: 13701.333 | AE7: 13927.406 | AF7: 14158.5 | AG7: 14394.791 | AH7: 14636.451 | AI7: 14883.648 | AJ7: 15136.547 | AK7: 15395.311 | AL7: 15660.1 | AM7: 15931.074 | AN7: 16208.394 | AO7: 16492.219 | AP7: 16782.71 | AQ7: 17080.028 | AR7: 17384.336 | AS7: 17695.797
A8: 全国 | B8: 纺织服装鞋帽皮革羽绒及其制品 | C8: 8621.613 | D8: 8980.8462 | E8: 8851.2045 | F8: 9355.493 | G8: 9649.6772 | H8: 9937.2107 | I8: 10219.014 | J8: 10495.99 | K8: 10769.019 | L8: 11038.955 | M8: 11306.615 | N8: 11572.775 | O8: 11838.161 | P8: 12103.454 | Q8: 12369.284 | R8: 12636.237 | S8: 12904.853 | T8: 13175.631 | U8: 13449.035 | V8: 13725.494 | W8: 14005.404 | X8: 14289.138 | Y8: 14577.043 | Z8: 14869.445 | AA8: 15166.652 | AB8: 15468.957 | AC8: 15776.638 | AD8: 16089.962 | AE8: 16409.185 | AF8: 16734.557 | AG8: 17066.318 | AH8: 17404.704 | AI8: 17749.946 | AJ8: 18102.272 | AK8: 18461.906 | AL8: 18829.071 | AM8: 19203.989 | AN8: 19586.88 | AO8: 19977.966 | AP8: 20377.468 | AQ8: 20785.609 | AR8: 21202.612 | AS8: 21628.703
A9: 全国 | B9: 木材加工品和家具 | C9: 4575.5303 | D9: 4620.1112 | E9: 4812.4403 | F9: 5296.1892 | G9: 5393.4605 | H9: 5486.5343 | I9: 5576.1559 | J9: 5662.9807 | K9: 5747.5967 | L9: 5830.5353 | M9: 5912.277 | N9: 5993.2558 | O9: 6073.8623 | P9: 6154.4478 | Q9: 6235.3273 | R9: 6316.7832 | S9: 6399.0685 | T9: 6482.4103 | U9: 6567.013 | V9: 6653.0605 | W9: 6740.7197 | X9: 6830.142 | Y9: 6921.4658 | Z9: 7014.8185 | AA9: 7110.3175 | AB9: 7208.0724 | AC9: 7308.1858 | AD9: 7410.7544 | AE9: 7515.8701 | AF9: 7623.6209 | AG9: 7734.0915 | AH9: 7847.3639 | AI9: 7963.518 | AJ9: 8082.6322 | AK9: 8204.7837 | AL9: 8330.0489 | AM9: 8458.5038 | AN9: 8590.2242 | AO9: 8725.2858 | AP9: 8863.7649 | AQ9: 9005.738 | AR9: 9151.2826 | AS9: 9300.4768
A10: 全国 | B10: 造纸印刷和文教体育用品 | C10: 9591.3232 | D10: 9882.2072 | E10: 10131.591 | F10: 10891.094 | G10: 11347.686 | H10: 11797.249 | I10: 12240.485 | J10: 12678.205 | K10: 13111.289 | L10: 13540.651 | M10: 13967.214 | N10: 14391.886 | O10: 14815.55 | P10: 15239.053 | Q10: 15663.199 | R10: 16088.748 | S10: 16516.418 | T10: 16946.883 | U10: 17380.776 | V10: 17818.691 | W10: 18261.191 | X10: 18708.802 | Y10: 19162.027 | Z10: 19621.338 | AA10: 20087.19 | AB10: 20560.013 | AC10: 21040.224 | AD10: 21528.221 | AE10: 22024.392 | AF10: 22529.113 | AG10: 23042.751 | AH10: 23565.664 | AI10: 24098.205 | AJ10: 24640.723 | AK10: 25193.561 | AL10: 25757.06 | AM10: 26331.56 | AN10: 26917.4 | AO10: 27514.916 | AP10: 28124.45 | AQ10: 28746.34 | AR10: 29380.929 | AS10: 30028.562
A11: 全国 | B11: 石油、炼焦产品和核燃料加工品 | C11: 11676.296 | D11: 11830.21 | E11: 11028.798 | F11: 12460.693 | G11: 13191.717 | H11: 13916.001 | I11: 14633.674 | J11: 15345.228 | K11: 16051.402 | L11: 16753.095 | M11: 17451.311 | N11: 18147.103 | O11: 18841.544 | P11: 19535.704 | Q11: 20230.631 | R11: 20927.341 | S11: 21626.816 | T11: 22329.993 | U11: 23037.772 | V11: 23751.008 | W11: 24470.521 | X11: 25197.093 | Y11: 25931.47 | Z11: 26674.369 | AA11: 27426.479 | AB11: 28188.463 | AC11: 28960.962 | AD11: 29744.596 | AE11: 30539.969 | AF11: 31347.671 | AG11: 32168.276 | AH11: 33002.352 | AI11: 33850.454 | AJ11: 34713.133 | AK11: 35590.932 | AL11: 36484.391 | AM11: 37394.049 | AN11: 38320.44 | AO11: 39264.1 | AP11: 40225.566 | AQ11: 41205.374 | AR11: 42204.066 | AS11: 43222.185
A12: 全国 | B12: 化学产品 | C12: 31655.802 | D12: 32966.542 | E12: 33824.234 | F12: 34982.491 | G12: 36397.254 | H12: 37789.112 | I12: 39160.493 | J12: 40514.11 | K12: 41852.854 | L12: 43179.698 | M12: 44497.619 | N12: 45809.533 | O12: 47118.258 | P12: 48426.488 | Q12: 49736.776 | R12: 51051.528 | S12: 52373.008 | T12: 53703.339 | U12: 55044.511 | V12: 56398.393 | W12: 57766.742 | X12: 59151.211 | Y12: 60553.365 | Z12: 61974.685 | AA12: 63416.581 | AB12: 64880.399 | AC12: 66367.433 | AD12: 67878.925 | AE12: 69416.078 | AF12: 70980.062 | AG12: 72572.014 | AH12: 74193.051 | AI12: 75844.266 | AJ12: 77526.739 | AK12: 79241.537 | AL12: 80989.72 | AM12: 82772.341 | AN12: 84590.45 | AO12: 86445.096 | AP12: 88337.333 | AQ12: 90268.215 | AR12: 92238.805 | AS12: 94250.172
... A865: 新疆 | B865: 建筑业 | C865: 987.8 | D865: 1044.6 | E865: 1197 | F865: 1371.6 | G865: 1447.9828 | H865: 1527.7777 | I865: 1611.1797 | J865: 1697.1774 | K865: 1785.568 | L865: 1876.6294 | M865: 1970.3698 | N865: 2067.9346 | O865: 2169.0702 | P865: 2273.3996 | Q865: 2381.1995 | R865: 2491.9803 | S865: 2605.9806 | T865: 2721.4012 | U865: 2840.6661 | V865: 2963.9844 | W865: 3089.7044 | X865: 3219.4127 | Y865: 3352.731 | Z865: 3486.7617 | AA865: 3624.7379 | AB865: 3766.3726 | AC865: 3910.7571 | AD865: 4058.7468 | AE865: 4210.8956 | AF865: 4366.7576 | AG865: 4524.1146 | AH865: 4684.5772 | AI865: 4848.8376 | AJ865: 5017.6388 | AK865: 5190.4535 | AL865: 5366.9763 | AM865: 5546.9208 | AN865: 5731.2378 | AO865: 5921.7814 | AP865: 6118.1837 | AQ865: 6320.8884 | AR865: 6528.3852 | AS865: 6741.9245

Sheet Industrial Asset
B1: 地区 | C1: 行业 | D1: 指标 | E1: 值 | G1: Sources: | H1: China Economic Census Yearbook 2018
A2: 全国 | B2: 全国 | C2: 黑色金属冶炼和压延加工业 | D2: 资产总计（亿元） | E2: 61675.61 | H2: 中国经济普查年鉴2018
A3: 北京 | B3: 北京市 | C3: 黑色金属冶炼和压延加工业 | D3: 资产总计（亿元） | E3: 80.44 | H3: 1-B-38、1-B-39、1-B-48、1-B-49
A4: 天津 | B4: 天津市 | C4: 黑色金属冶炼和压延加工业 | D4: 资产总计（亿元） | E4: 3006.52
A5: 河北 | B5: 河北省 | C5: 黑色金属冶炼和压延加工业 | D5: 资产总计（亿元） | E5: 11205.37 | H5: 中国经济普查年鉴-二产业卷(上)-第一篇 工业企业生产经营及财务状况篇-B.地区部分
A6: 山西 | B6: 山西省 | C6: 黑色金属冶炼和压延加工业 | D6: 资产总计（亿元） | E6: 2752.93 | H6: 非金属矿采选业 | J6: 1-B-16
A7: 内蒙古 | B7: 内蒙古自治区 | C7: 黑色金属冶炼和压延加工业 | D7: 资产总计（亿元） | E7: 2800.51 | H7: 开采专业及辅助性活动 | J7: 1-B-17
A8: 辽宁 | B8: 辽宁省 | C8: 黑色金属冶炼和压延加工业 | D8: 资产总计（亿元） | E8: 5143.83 | H8: 其他采矿业 | J8: 1-B-18
A9: 吉林 | B9: 吉林省 | C9: 黑色金属冶炼和压延加工业 | D9: 资产总计（亿元） | E9: 805.32 | H9: 化学原料和化学制品制造业 | J9: 1-B-33
A10: 黑龙江 | B10: 黑龙江省 | C10: 黑色金属冶炼和压延加工业 | D10: 资产总计（亿元） | E10: 344.26 | H10: 医药制造业 | J10: 1-B-34
A11: 上海 | B11: 上海市 | C11: 黑色金属冶炼和压延加工业 | D11: 资产总计（亿元） | E11: 2745.35 | H11: 化学纤维制造业 | J11: 1-B-35
A12: 江苏 | B12: 江苏省 | C12: 黑色金属冶炼和压延加工业 | D12: 资产总计（亿元） | E12: 6233.66 | H12: 橡胶和塑料制品业 | J12: 1-B-36
A13: 浙江 | B13: 浙江省 | C13: 黑色金属冶炼和压延加工业 | D13: 资产总计（亿元） | E13: 1263.79 | H13: 黑色金属冶炼和压延加工业 | J13: 1-B-38
A14: 安徽 | B14: 安徽省 | C14: 黑色金属冶炼和压延加工业 | D14: 资产总计（亿元） | E14: 1391.1 | H14: 有色金属冶炼和压延加工业 | J14: 1-B-39
A15: 福建 | B15: 福建省 | C15: 黑色金属冶炼和压延加工业 | D15: 资产总计（亿元） | E15: 1117.09 | H15: 汽车制造业 | J15: 1-B-43
A16: 江西 | B16: 江西省 | C16: 黑色金属冶炼和压延加工业 | D16: 资产总计（亿元） | E16: 890.84 | H16: 铁路、船舶、航空航天和其他运输设备制造业 | J16: 1-B-44
A17: 山东 | B17: 山东省 | C17: 黑色金属冶炼和压延加工业 | D17: 资产总计（亿元） | E17: 4363.17 | H17: 其他制造业 | J17: 1-B-48
A18: 河南 | B18: 河南省 | C18: 黑色金属冶炼和压延加工业 | D18: 资产总计（亿元） | E18: 1886.34 | H18: 废弃资源综合利用业 | J18: 1-B-49
A19: 湖北 | B19: 湖北省 | C19: 黑色金属冶炼和压延加工业 | D19: 资产总计（亿元） | E19: 2537.73
A20: 湖南 | B20: 湖南省 | C20: 黑色金属冶炼和压延加工业 | D20: 资产总计（亿元） | E20: 933.32
A21: 广东 | B21: 广东省 | C21: 黑色金属冶炼和压延加工业 | D21: 资产总计（亿元） | E21: 1786.42
A22: 广西 | B22: 广西壮族自治区 | C22: 黑色金属冶炼和压延加工业 | D22: 资产总计（亿元） | E22: 1427.77
A23: 海南 | B23: 海南省 | C23: 黑色金属冶炼和压延加工业 | D23: 资产总计（亿元）
A24: 重庆 | B24: 重庆市 | C24: 黑色金属冶炼和压延加工业 | D24: 资产总计（亿元） | E24: 463.19
A25: 四川 | B25: 四川省 | C25: 黑色金属冶炼和压延加工业 | D25: 资产总计（亿元） | E25: 2152.34
A26: 贵州 | B26: 贵州省 | C26: 黑色金属冶炼和压延加工业 | D26: 资产总计（亿元） | E26: 450.02
A27: 云南 | B27: 云南省 | C27: 黑色金属冶炼和压延加工业 | D27: 资产总计（亿元） | E27: 856.4
A28: 西藏 | B28: 西藏自治区 | C28: 黑色金属冶炼和压延加工业 | D28: 资产总计（亿元）
A29: 陕西 | B29: 陕西省 | C29: 黑色金属冶炼和压延加工业 | D29: 资产总计（亿元） | E29: 476.32
A30: 甘肃 | B30: 甘肃省 | C30: 黑色金属冶炼和压延加工业 | D30: 资产总计（亿元） | E30: 1274.33
A31: 青海 | B31: 青海省 | C31: 黑色金属冶炼和压延加工业 | D31: 资产总计（亿元） | E31: 325.76
A32: 宁夏 | B32: 宁夏回族自治区 | C32: 黑色金属冶炼和压延加工业 | D32: 资产总计（亿元） | E32: 2365
A33: 新疆 | B33: 新疆维吾尔自治区 | C33: 黑色金属冶炼和压延加工业 | D33: 资产总计（亿元） | E33: 596.5
A34: 全国 | B34: 全国 | C34: 黑色金属冶炼和压延加工业 | D34: 营业利润（亿元） | E34: 4432.75
A35: 北京 | B35: 北京市 | C35: 黑色金属冶炼和压延加工业 | D35: 营业利润（亿元） | E35: -0.01
A36: 天津 | B36: 天津市 | C36: 黑色金属冶炼和压延加工业 | D36: 营业利润（亿元） | E36: -18.97
A37: 河北 | B37: 河北省 | C37: 黑色金属冶炼和压延加工业 | D37: 营业利润（亿元） | E37: 925.91
A38: 山西 | B38: 山西省 | C38: 黑色金属冶炼和压延加工业 | D38: 营业利润（亿元） | E38: 206.83
A39: 内蒙古 | B39: 内蒙古自治区 | C39: 黑色金属冶炼和压延加工业 | D39: 营业利润（亿元） | E39: 124.42
A40: 辽宁 | B40: 辽宁省 | C40: 黑色金属冶炼和压延加工业 | D40: 营业利润（亿元） | E40: 245.75
... A54: 广西 | B54: 广西壮族自治区 | C54: 黑色金属冶炼和压延加工业 | D54: 营业利润（亿元） | E54: 175.56
A55: 海南 | B55: 海南省 | C55: 黑色金属冶炼和压延加工业 | D55: 营业利润（亿元）
A56: 重庆 | B56: 重庆市 | C56: 黑色金属冶炼和压延加工业 | D56: 营业利润（亿元） | E56: 40.09
A57: 四川 | B57: 四川省 | C57: 黑色金属冶炼和压延加工业 | D57: 营业利润（亿元） | E57: 114.18
A58: 贵州 | B58: 贵州省 | C58: 黑色金属冶炼和压延加工业 | D58: 营业利润（亿元） | E58: 8.67
A59: 云南 | B59: 云南省 | C59: 黑色金属冶炼和压延加工业 | D59: 营业利润（亿元） | E59: 53.39
A60: 西藏 | B60: 西藏自治区 | C60: 黑色金属冶炼和压延加工业 | D60: 营业利润（亿元）
A61: 陕西 | B61: 陕西省 | C61: 黑色金属冶炼和压延加工业 | D61: 营业利润（亿元） | E61: 65.17
A62: 甘肃 | B62: 甘肃省 | C62: 黑色金属冶炼和压延加工业 | D62: 营业利润（亿元） | E62: 2.39
A63: 青海 | B63: 青海省 | C63: 黑色金属冶炼和压延加工业 | D63: 营业利润（亿元） | E63: -21.56
A64: 宁夏 | B64: 宁夏回族自治区 | C64: 黑色金属冶炼和压延加工业 | D64: 营业利润（亿元） | E64: 31.95
A65: 全国 | B65: 全国 | C65: 黑色金属冶炼和压延加工业 | D65: 利润总额（亿元） | E65: 17.72
A66: 北京 | B66: 北京市 | C66: 黑色金属冶炼和压延加工业 | D66: 利润总额（亿元） | E66: 0.15
A67: 天津 | B67: 天津市 | C67: 黑色金属冶炼和压延加工业 | D67: 利润总额（亿元） | E67: -10.49
A68: 河北 | B68: 河北省 | C68: 黑色金属冶炼和压延加工业 | D68: 利润总额（亿元） | E68: 905.85
A69: 山西 | B69: 山西省 | C69: 黑色金属冶炼和压延加工业 | D69: 利润总额（亿元） | E69: 196.76
A70: 内蒙古 | B70: 内蒙古自治区 | C70: 黑色金属冶炼和压延加工业 | D70: 利润总额（亿元） | E70: 124.64
A71: 辽宁 | B71: 辽宁省 | C71: 黑色金属冶炼和压延加工业 | D71: 利润总额（亿元） | E71: 226.72
A72: 吉林 | B72: 吉林省 | C72: 黑色金属冶炼和压延加工业 | D72: 利润总额（亿元） | E72: 30.41
... A85: 广西 | B85: 广西壮族自治区 | C85: 黑色金属冶炼和压延加工业 | D85: 利润总额（亿元） | E85: 176.94
A86: 海南 | B86: 海南省 | C86: 黑色金属冶炼和压延加工业 | D86: 利润总额（亿元）
A87: 重庆 | B87: 重庆市 | C87: 黑色金属冶炼和压延加工业 | D87: 利润总额（亿元） | E87: 40.83
A88: 四川 | B88: 四川省 | C88: 黑色金属冶炼和压延加工业 | D88: 利润总额（亿元） | E88: 101.02
A89: 贵州 | B89: 贵州省 | C89: 黑色金属冶炼和压延加工业 | D89: 利润总额（亿元） | E89: 5.96
A90: 云南 | B90: 云南省 | C90: 黑色金属冶炼和压延加工业 | D90: 利润总额（亿元） | E90: 54.07
A91: 西藏 | B91: 西藏自治区 | C91: 黑色金属冶炼和压延加工业 | D91: 利润总额（亿元）
A92: 陕西 | B92: 陕西省 | C92: 黑色金属冶炼和压延加工业 | D92: 利润总额（亿元） | E92: 47.66
A93: 甘肃 | B93: 甘肃省 | C93: 黑色金属冶炼和压延加工业 | D93: 利润总额（亿元） | E93: 3.81
A94: 青海 | B94: 青海省 | C94: 黑色金属冶炼和压延加工业 | D94: 利润总额（亿元） | E94: -24.57
A95: 宁夏 | B95: 宁夏回族自治区 | C95: 黑色金属冶炼和压延加工业 | D95: 利润总额（亿元） | E95: 33.43
A96: 新疆 | B96: 新疆维吾尔自治区 | C96: 黑色金属冶炼和压延加工业 | D96: 利润总额（亿元） | E96: 17.37
A97: 全国 | B97: 全国 | C97: 有色金属冶炼和压延加工业 | D97: 资产总计（亿元） | E97: 42712.93
A98: 北京 | B98: 北京市 | C98: 有色金属冶炼和压延加工业 | D98: 资产总计（亿元） | E98: 82.86
A99: 天津 | B99: 天津市 | C99: 有色金属冶炼和压延加工业 | D99: 资产总计（亿元） | E99: 667.62
A100: 河北 | B100: 河北省 | C100: 有色金属冶炼和压延加工业 | D100: 资产总计（亿元） | E100: 409.75
A101: 山西 | B101: 山西省 | C101: 有色金属冶炼和压延加工业 | D101: 资产总计（亿元） | E101: 1210.9
A102: 内蒙古 | B102: 内蒙古自治区 | C102: 有色金属冶炼和压延加工业 | D102: 资产总计（亿元） | E102: 1988.52
A103: 辽宁 | B103: 辽宁省 | C103: 有色金属冶炼和压延加工业 | D103: 资产总计（亿元） | E103: 1370.36
... A122: 云南 | B122: 云南省 | C122: 有色金属冶炼和压延加工业 | D122: 资产总计（亿元） | E122: 2171.66
A123: 西藏 | B123: 西藏自治区 | C123: 有色金属冶炼和压延加工业 | D123: 资产总计（亿元）
A124: 陕西 | B124: 陕西省 | C124: 有色金属冶炼和压延加工业 | D124: 资产总计（亿元） | E124: 1191.77
A125: 甘肃 | B125: 甘肃省 | C125: 有色金属冶炼和压延加工业 | D125: 资产总计（亿元） | E125: 2433.53
A126: 青海 | B126: 青海省 | C126: 有色金属冶炼和压延加工业 | D126: 资产总计（亿元） | E126: 1340.26
A127: 宁夏 | B127: 宁夏回族自治区 | C127: 有色金属冶炼和压延加工业 | D127: 资产总计（亿元） | E127: 224.09
A128: 新疆 | B128: 新疆维吾尔自治区 | C128: 有色金属冶炼和压延加工业 | D128: 资产总计（亿元） | E128: 1779.01
A129: 全国 | B129: 全国 | C129: 有色金属冶炼和压延加工业 | D129: 营业利润（亿元） | E129: 1851.13
A130: 北京 | B130: 北京市 | C130: 有色金属冶炼和压延加工业 | D130: 营业利润（亿元） | E130: 2.79
A131: 天津 | B131: 天津市 | C131: 有色金属冶炼和压延加工业 | D131: 营业利润（亿元） | E131: -0.11
A132: 河北 | B132: 河北省 | C132: 有色金属冶炼和压延加工业 | D132: 营业利润（亿元） | E132: 0.57
A133: 山西 | B133: 山西省 | C133: 有色金属冶炼和压延加工业 | D133: 营业利润（亿元） | E133: 13.03
A134: 内蒙古 | B134: 内蒙古自治区 | C134: 有色金属冶炼和压延加工业 | D134: 营业利润（亿元） | E134: 18.51
A135: 辽宁 | B135: 辽宁省 | C135: 有色金属冶炼和压延加工业 | D135: 营业利润（亿元） | E135: 61.99
... A154: 云南 | B154: 云南省 | C154: 有色金属冶炼和压延加工业 | D154: 营业利润（亿元） | E154: 50.28
A155: 西藏 | B155: 西藏自治区 | C155: 有色金属冶炼和压延加工业 | D155: 营业利润（亿元）
A156: 陕西 | B156: 陕西省 | C156: 有色金属冶炼和压延加工业 | D156: 营业利润（亿元） | E156: 71.25
A157: 甘肃 | B157: 甘肃省 | C157: 有色金属冶炼和压延加工业 | D157: 营业利润（亿元） | E157: 21.03
A158: 青海 | B158: 青海省 | C158: 有色金属冶炼和压延加工业 | D158: 营业利润（亿元） | E158: -66.12
A159: 宁夏 | B159: 宁夏回族自治区 | C159: 有色金属冶炼和压延加工业 | D159: 营业利润（亿元） | E159: -4.46
A160: 新疆 | B160: 新疆维吾尔自治区 | C160: 有色金属冶炼和压延加工业 | D160: 营业利润（亿元） | E160: 14.75
A161: 全国 | B161: 全国 | C161: 有色金属冶炼和压延加工业 | D161: 利润总额（亿元） | E161: 1811.98
...

Sheet GHGs Inventory 2018
A1: 表 1-10 2018 年中国二氧化碳、甲烷和氧化亚氮清单（万吨） | G1: 表1-9 清单所涉及温室气体的全球增温潜势
A2: 温室气体排放源与吸收汇类别 | B2: CO2 | C2: CH4 | D2: N2O | G2: 温室气体种类 | H2: 全球增温潜势
A3: 总量（不包括LULUCF） | B3: 1089586.6 | C3: 6013.2 | D3: 191.4 | G3: CO2 | H3: 1
A4: 总量（包括LULUCF） | B4: 955539.4 | C4: 6411.3 | D4: 191.5 | G4: CH4 | H4: 21
A5: 能源活动 | B5: 942619.4 | C5: 2865.8 | D5: 41.1 | G5: N2O | H5: 310
A6: 燃料燃烧 | B6: 942619.4 | C6: 165.8 | D6: 41.1 | G6: HFC-23(CHF3) | H6: 11700
A7: 能源工业 | B7: 440332.6 | C7: 10.2 | D7: 29.1 | G7: HFC-32 | H7: 650
A8: 制造业和建筑业 | B8: 334433.6 | C8: 29.2 | D8: 7.5 | G8: HFC-125 | H8: 2800
A9: 交通运输 | B9: 98202.8 | C9: 12.9 | D9: 2.3 | G9: HFC-134a | H9: 1300
A10: 其他行业 | B10: 69650.5 | C10: 113.5 | D10: 2.2 | G10: HFC-143a | H10: 3800
A11: 逃逸排放 | C11: 2700.1 | G11: HFC-152a | H11: 140
A12: 固体燃料 | C12: 2512.2 | G12: HFC-227en | H12: 2900
A13: 油气系统 | C13: 187.9 | G13: HFC-236fa | H13: 6300
A14: 工业生产过程 | B14: 146625.2 | C14: 0.5 | D14: 44.1 | G14: HFC-245fa | H14: 1030
A15: 非金属矿物制品生产 | B15: 99136 | G15: HFC-365mfc | H15: 794
A16: 化学工业生产 | B16: 29057.6 | D16: 44.1 | G16: PFC-14(CF4) | H16: 6500
A17: 金属制品生产 | B17: 18167 | C17: 0.5 | D17: NO | G17: PFC-116(C2F6) | H17: 9200
A18: 源于燃料和溶剂的非能源产品使用 | B18: 264.5 | G18: SF6 | H18: 23900
A19: 卤烃和六氟化硫消费 | G19: 注：HFC-245fa和HFC-365mfc全球增温潜势值采用《IPCC第四次评估报告》中100年时间尺度下的数
A20: 农业活动 | C20: 2384.6 | D20: 94.3
A21: 动物肠道发酵 | C21: 1084.1 | G21: GbPbT/fuels
A22: 动物粪便管理 | C22: 346.1 | D22: 21.7 | G22: Global Warming Potential (g CO2e/g pollutant) | H22: twenty years | I22: one hundred years
A23: 水稻种植 | C23: 932.9 | G23: CO2 | H23: 1 | I23: 1
A24: 农用地 | D24: 72 | G24: VOC | H24: 16.2 | I24: 5
A25: 秸秆田间焚烧 | C25: 21.6 | D25: 0.6 | G25: CO | H25: 5.6 | I25: 1.8
A26: 土地利用、土地利用变化和林业 | B26: -134047.3 | C26: 398.1 | D26: 0.1 | G26: NOx | H26: -2.4 | I26: -8.2
A27: 林地 | B27: -96579.2 | C27: 0.1 | D27: 0 | G27: PM10 | H27: 0 | I27: 0
A28: 农地 | B28: -7810 | C28: IE | D28: IE | G28: PM25 | H28: 0 | I28: 0
A29: 草地 | B29: -10175.2 | C29: 0.1 | D29: 0.1 | G29: SOx | H29: 0 | I29: 0
A30: 湿地 | B30: -8641.7 | C30: 398 | D30: NE | G30: BC | H30: 1200 | I30: 345
A31: 建设用地 | B31: -91.8 | G31: OC | H31: -160 | I31: -46
A32: 其他用地 | B32: 109.5 | G32: CH4 | H32: 84 | I32: 28
A33: 木质林产品 | B33: -10859 | G33: N2O | H33: 264 | I33: 265
A34: 废弃物处理 | B34: 342 | C34: 762.2 | D34: 11.9 | G34: F gases | H34: 1 | I34: 1
A35: 填埋处理 | C35: 468.6
A36: 生物处理 | C36: 2.7 | D36: 0.2
A37: 废水处理 | C37: 290.8 | D37: 11.3
A38: 焚烧处理 | B38: 342 | C38: 0.1 | D38: 0.4
A39: 信息项
A40: 国际航空 | B40: 4683.4 | C40: 0 | D40: 0.1
A41: 国际航海 | B41: 3329.8 | C41: 0.3 | D41: 0.1
A42: 生物质燃烧 | B42: 31658.4
A43: 数据来源：中华人民共和国气候变化第三次两年更新报告
A47: 表 1-11 2018 年中国含氟气体排放量（万吨）
A48: 排放源类型 | B48: HFCs | L48: PFCs | N48: SF6
B49: HFC-23 | C49: HFC-32 | D49: HFC-125 | E49: HFC-134a | F49: HFC-143a | G49: HFC-152a | H49: HFC-227ea | I49: HFC-236fa | J49: HFC-245fa | K49: HFC-365mfc | L49: CF4 | M49: C2F6
A50: 总排放量 | B50: 0.2 | C50: 3.04 | D50: 2.58 | E50: 4.46 | F50: 0.23 | G50: 0.07 | H50: 0.18 | I50: 0.01 | J50: 0.04 | K50: 0 | L50: 0.29 | M50: 0.03 | N50: 0.3
A51: 能源活动
A52: 工业生产过程 | B52: 0.2 | C52: 3.04 | D52: 2.58 | E52: 4.46 | F52: 0.23 | G52: 0.07 | H52: 0.18 | I52: 0.01 | J52: 0.04 | K52: 0 | L52: 0.29 | M52: 0.03 | N52: 0.3
A53: —非金属矿物制品生产
A54: —化学工业生产 | B54: 0.2 | C54: 0.1 | D54: 0.08 | E54: 0.09 | F54: 0.01 | G54: 0.02 | H54: 0.01 | I54: 0 | J54: 0.01 | L54: 0 | M54: 0 | N54: 0.01
A55: —金属制品生产 | L55: 0.26 | M55: 0.03 | N55: NO
A56: 源于燃料和溶剂的非能源产品使用
A57: —卤烃和六氟化硫消费 | B57: 0 | C57: 2.94 | D57: 2.5 | E57: 4.37 | F57: 0.22 | G57: 0.05 | H57: 0.17 | I57: 0.01 | J57: 0.03 | K57: 0 | L57: 0.03 | M57: 0 | N57: 0.3
A58: 3. 农业活动
A59: 4. 土地利用、土地利用变化和林 业
A60: 5. 废弃物处理
A61: 数据来源：中华人民共和国气候变化第三次两年更新报告

Sheet GHGs Inventory 2020-2021
A1: 表1-4a 中国温室气体排放和吸收 | J1: 表1-23金属矿物生产排放（万吨二氧化碳当量）
A2: 温室气体排放源与吸收汇类别（万吨） | B2: 2020年_CO2 | C2: 2020年_CH4 | D2: 2020年_N2O | E2: 2021年_CO2 | F2: 2021年_CH4 | G2: 2021年_N2O | J2: 年份 | K2: 排放源类别 | L2: CO₂ | M2: CH₄ | N2: PFCs | O2: 合计
A3: 总量（不包括 LULUCF） | B3: 1120166.8 | C3: 5902.8 | D3: 197.9 | E3: 1162800.9 | F3: 5953.5 | G3: 210.2 | J3: 2020年 | K3: 2.C金属制品生产 | L3: 17893.3 | M3: 15 | N3: 2083 | O3: 19991.3
A4: 总量（包括 LULUCF） | B4: 985904 | C4: 6042.6 | D4: 197.9 | E4: 1028151 | F4: 6064.5 | G4: 210.2 | J4: 2020年 | K4: 2.C.1 钢铁生产过程 | L4: 6702.9 | O4: 6702.9
A5: 1.能源活动 | B5: 966087.9 | C5: 2792.2 | D5: 44.2 | E5: 1009504.3 | F5: 2816.5 | G5: 46.4 | J5: 2020年 | K5: 2.C.2 铁合金生产过程 | L5: 5012 | M5: 15 | O5: 5027
A6: 1.A 燃料燃烧 | B6: 966087.9 | C6: 142.9 | D6: 44.2 | E6: 1009504.3 | F6: 138 | G6: 46.4 | J6: 2020年 | K6: 2.C.3 铝冶炼生产过程 | L6: 5302.4 | N6: 2083 | O6: 7385.5
A7: 1.A.1 能源工业 | B7: 478003 | C7: 12.9 | D7: 32.6 | E7: 525862.1 | F7: 14.7 | G7: 34.6 | J7: 2020年 | K7: 2.C.4 镁冶炼生产过程 | L7: 436.5 | O7: 436.5
A8: 1.A.2 制造业和建筑业 | B8: 332293.1 | C8: 29.8 | D8: 8 | E8: 323880.8 | F8: 29 | G8: 8.1 | J8: 2020年 | K8: 2.C.5 铅冶炼生产过程 | L8: 121.8 | O8: 121.8
A9: 1.A.3 交通运输 | B9: 91049.9 | C9: 14 | D9: 2.2 | E9: 99129.3 | F9: 15.6 | G9: 2.3 | J9: 2020年 | K9: 2.C.6 锌冶炼生产过程 | L9: 317.6 | O9: 317.6
A10: 1.A.4 其他部门 | B10: 64741.9 | C10: 86.1 | D10: 1.4 | E10: 60632.1 | F10: 78.7 | G10: 1.4 | J10: 2021年 | K10: 2.C金属制品生产 | L10: 17943.3 | M10: 16 | N10: 2162.8 | O10: 20122.1
A11: 1.B 逸散排放 | C11: 2649.3 | F11: 2678.5 | J11: 2021年 | K11: 2.C.1 钢铁生产过程 | L11: 6549 | O11: 6549
A12: 1.B.1 固体燃料 | C12: 2486.3 | F12: 2503 | J12: 2021年 | K12: 2.C.2 铁合金生产过程 | L12: 5094 | M12: 16 | O12: 5110
A13: 1.B.2 油系统 | C13: 163 | F13: 175.5 | J13: 2021年 | K13: 2.C.3 铝冶炼生产过程 | L13: 5428.5 | N13: 2162.8 | O13: 7591.3
A14: 2.工业生产过程和产品使用 | B14: 153211.8 | C14: 0.5 | D14: 48.9 | E14: 152398.3 | F14: 0.6 | G14: 58 | J14: 2021年 | K14: 2.C.4 镁冶炼生产过程 | L14: 387.3 | O14: 387.3
A15: 2.A 非金属矿物制品生产 | B15: 103494.7 | E15: 101302.7 | J15: 2021年 | K15: 2.C.5 铅冶炼生产过程 | L15: 127.9 | O15: 127.9
A16: 2.B 化学工业生产 | B16: 31576.1 | D16: 48.9 | E16: 32877.5 | G16: 58 | J16: 2021年 | K16: 2.C.6 锌冶炼生产过程 | L16: 356.6 | O16: 356.6
A17: 2.C 金属制品生产 | B17: 17893.3 | C17: 0.5 | D17: NO | E17: 17943.3 | F17: 0.6 | G17: NO
A18: 2.D 非能源产品使用 | B18: 247.7 | E18: 274.8
A19: 2.E 电子工业生产
A20: 2.F 消耗臭氧层物质替代物使用 | J20: 表1-95 国家清单所涉及温室气体的全球增温潜势
A21: 2.G 其他产品制造和使用 | J21: 温室气体种类 | K21: 全球增温潜势
A22: 3.农业活动 | C22: 2372 | D22: 94.6 | F22: 2427.9 | G22: 94.9 | J22: CO2 | K22: 1
A23: 3.A 动物肠道发酵 | C23: 1124.2 | F23: 1151.8 | J23: CH4 | K23: 21
A24: 3.B 动物粪便管理 | C24: 344.7 | D24: 22.2 | F24: 375.3 | G24: 22.7 | J24: N2O | K24: 265
A25: 3.C 水稻种植 | C25: 884.9 | F25: 885.1
A26: 3.D 农用地 | D26: 71.9 | G26: 71.8
A27: 3.F 秸秆田间焚烧 | C27: 18.2 | D27: 0.5 | F27: 15.7 | G27: 0.4
A28: 4.土地利用、土地利用变化和林业 | B28: -134262.9 | C28: 139.8 | D28: 0 | E28: -134649.9 | F28: 111 | G28: 0
A29: 4.A 林地 | B29: -89559.2 | C29: 0 | D29: 0 | E29: -87682.7 | F29: 0 | G29: 0
A30: 4.B 农地 | B30: -9801.8 | C30: 0 | D30: 0 | E30: -10616.2 | F30: 0 | G30: 0
A31: 4.C 草地 | B31: -7270.7 | C31: 0 | D31: 0 | E31: -6408.2 | F31: 0 | G31: 0
A32: 4.D 湿地 | B32: -2978.8 | C32: 139.8 | D32: NE | E32: -2459.9 | F32: 111 | G32: NE
A33: 4.E 建设用地 | B33: -239.6 | E33: -63.4
A34: 4.F 其他土地 | B34: 264.1 | E34: 155.6
A35: 4.G 木质林产品 | B35: -10386.3 | E35: -10382
A36: 4.H 其他生物质 | B36: -14290.6 | E36: -17193.1
A37: 5.废弃物处理 | B37: 867.1 | C37: 738 | D37: 10.3 | E37: 898.3 | F37: 708.5 | G37: 10.9
A38: 5.A 填埋处理 | C38: 505.5 | F38: 472.1
A39: 5.B 生物处理 | C39: 4.3 | D39: 0.3 | F39: 6.4 | G39: 0.5
A40: 5.C 焚烧处理 | B40: 867.1 | C40: 0.2 | D40: 1.1 | E40: 898.3 | F40: 0.2 | G40: 1.6
A41: 5.D 废水处理 | C41: 228 | D41: 8.8 | F41: 229.7 | G41: 8.8
A42: 1.D 信息项
A43: 1.D.1.a 国际航空 | B43: 2206.9 | C43: 0 | D43: 0.1 | E43: 2032.2 | F43: 0 | G43: 0.1
A44: 1.D.1.b 国际航海 | B44: 3586.8 | C44: 0.3 | D44: 0.1 | E44: 3993.3 | F44: 0.4 | G44: 0.1
A45: 1.D.3 生物质燃料 | B45: 29230.6 | E45: 32506.8
A49: 表1-4b 中国温室气体排放和吸收量
A50: 温室气体排放源与吸收汇类别（万吨二氧化碳当量） | B50: 2020年_HFCs | C50: 2020年_PFCs | D50: 2020年_SF6 | E50: 2021年_HFCs | F50: 2021年_PFCs | G50: 2021年_SF6
A51: 工业生产过程和产品使用 | B51: 27256.3 | C51: 2160.7 | D51: 9291.9 | E51: 33585.3 | F51: 2305.1 | G51: 10331.1
A52: 2.A 非金属矿物制品生产
A53: 2.B 化学工业生产 | B53: 1421.5 | C53: 12.7 | D53: 236.3 | E53: 2725.5 | F53: 15.1 | G53: 190.4
A54: 2.C 金属制品生产 | C54: 2083 | D54: NO | F54: 2162.8 | G54: NO
A55: 2.D 非能源产品使用
A56: 2.E 电子工业生产 | C56: 65 | F56: 127.3
A57: 2.F 消耗臭氧层物质替代物使用 | B57: 25834.8 | E57: 30859.8
A58: 2.G 其他产品制造和使用 | D58: 9055.6 | G58: 10140.8

Sheet GHG Emissions 2018-2021
A1: 2018年中国温室气体排放
A2: Sector | B2: 行业 | C2: 对应关系 | D2: CO2 | E2: CH4 | F2: N2O | G2: F-gases
D3: (万吨) | E3: (万吨) | F3: (万吨) | G3: (万吨CO2e）
A4: =VLOOKUP($B4,'Sector Match'!$B$1:$C$43,2,0) -> agriculture and forestry 01T03 | B4: 农、林、牧、渔业 | C4: 动物肠道发酵+动物粪便管理 | E4: ='GHGs Inventory 2018'!C21+'GHGs Inventory 2018'!C22 -> 1430.2 | F4: ='GHGs Inventory 2018'!D22 -> 21.7
A5: =VLOOKUP($B5,'Sector Match'!$B$1:$C$43,2,0) -> agriculture and forestry 01T03 | B5: 农、林、牧、渔业 | C5: 水稻种植+农用地+秸秆田间焚烧 | E5: =SUM('GHGs Inventory 2018'!C23:C25) -> 954.5 | F5: =SUM('GHGs Inventory 2018'!D23:D25) -> 72.6
A6: =VLOOKUP($B6,'Sector Match'!$B$1:$C$43,2,0) -> coal mining 05 | B6: 煤炭开采和洗选业 | C6: 固体燃料逃逸排放 | E6: ='GHGs Inventory 2018'!C12 -> 2512.2
A7: =VLOOKUP($B7,'Sector Match'!$B$1:$C$43,2,0) -> energy pipelines and gas processing 352T353 | B7: 燃气生产和供应业 | C7: 油气系统逃逸排放 | E7: ='GHGs Inventory 2018'!C13 -> 187.9
A8: =VLOOKUP($B8,'Sector Match'!$B$1:$C$43,2,0) -> refined petroleum and coke 19 | B8: 石油、煤炭及其他燃料加工业 | C8: 源于燃料和溶剂的非能源产品使用 | D8: ='GHGs Inventory 2018'!B18 -> 264.5
A9: =VLOOKUP($B9,'Sector Match'!$B$1:$C$43,2,0) -> chemicals 20 | B9: 化学原料和化学制品制造业 | C9: 化学工业生产 | D9: ='GHGs Inventory 2018'!B16 -> 29057.6 | F9: ='GHGs Inventory 2018'!D16 -> 44.1 | G9: {=SUMPRODUCT(TRANSPOSE('GHGs Inventory 2018'!B54:N54),'GHGs Inventory 2018'!H6:H18)} -> 3065.1
A10: =VLOOKUP($B10,'Sector Match'!$B$1:$C$43,2,0) -> cement and other nonmetallic minerals 239 | B10: 非金属矿物制品业 | C10: 非金属矿物制品生产 | D10: ='GHGs Inventory 2018'!B15 -> 99136
A11: =VLOOKUP($B11,'Sector Match'!$B$1:$C$43,2,0) -> iron and steel 241 | B11: 黑色金属冶炼和压延加工业 | C11: 金属制品生产-钢铁&铁合金 | D11: ='GHGs Inventory 2018'!B17*D25/SUM(D25:D26) -> 11894.16 | E11: ='GHGs Inventory 2018'!C17 -> 0.5
A12: =VLOOKUP($B12,'Sector Match'!$B$1:$C$43,2,0) -> other metals 242 | B12: 有色金属冶炼和压延加工业 | C12: 金属制品生产-铝镁铅锌冶炼 | D12: ='GHGs Inventory 2018'!B17*D26/SUM(D25:D26) -> 6272.8397 | G12: ='GHGs Inventory 2018'!L55*'GHGs Inventory 2018'!H16+'GHGs Inventory 2018'!H17*'GHGs Inventory 2018'!M55 -> 1966
A13: =VLOOKUP($B13,'Sector Match'!$B$1:$C$43,2,0) -> glass and glass products 231 | B13: 专用设备制造业 | C13: 卤烃和六氟化硫消费 | G13: {=SUMPRODUCT(TRANSPOSE('GHGs Inventory 2018'!B57:N57),'GHGs Inventory 2018'!H6:H18)} -> 23386.9
A14: =VLOOKUP($B14,'Sector Match'!$B$1:$C$43,2,0) -> water and waste 36T39 | B14: 废弃资源综合利用业 | C14: 废弃物处理 | D14: ='GHGs Inventory 2018'!B34 -> 342 | E14: ='GHGs Inventory 2018'!C34 -> 762.2 | F14: ='GHGs Inventory 2018'!D34 -> 11.9
A15: 备注：2018年没有公布金属制品生产的细分排放源，我们用2020年的比例拆分黑色金属和有色金属的排放。
A16: 2020年中国温室气体排放
A17: Sector | B17: 行业 | C17: 对应关系 | D17: CO2 | E17: CH4 | F17: N2O | G17: F-gases
D18: (万吨) | E18: (万吨) | F18: (万吨) | G18: (万吨CO2e）
A19: =VLOOKUP($B19,'Sector Match'!$B$1:$C$43,2,0) -> agriculture and forestry 01T03 | B19: 农、林、牧、渔业 | C19: 动物肠道发酵+动物粪便管理 | E19: =SUM('GHGs Inventory 2020-2021'!C23:C24) -> 1468.9 | F19: =SUM('GHGs Inventory 2020-2021'!D23:D24) -> 22.2
A20: =VLOOKUP($B20,'Sector Match'!$B$1:$C$43,2,0) -> agriculture and forestry 01T03 | B20: 农、林、牧、渔业 | C20: 水稻种植+农用地+秸秆田间焚烧 | E20: =SUM('GHGs Inventory 2020-2021'!C25:C27) -> 903.1 | F20: =SUM('GHGs Inventory 2020-2021'!D25:D27) -> 72.4
A21: =VLOOKUP($B21,'Sector Match'!$B$1:$C$43,2,0) -> coal mining 05 | B21: 煤炭开采和洗选业 | C21: 固体燃料逃逸排放 | E21: ='GHGs Inventory 2020-2021'!C12 -> 2486.3
A22: =VLOOKUP($B22,'Sector Match'!$B$1:$C$43,2,0) -> energy pipelines and gas processing 352T353 | B22: 燃气生产和供应业 | C22: 油气系统逃逸排放 | E22: ='GHGs Inventory 2020-2021'!C13 -> 163
A23: =VLOOKUP($B23,'Sector Match'!$B$1:$C$43,2,0) -> chemicals 20 | B23: 化学原料和化学制品制造业 | C23: 化学工业生产 | D23: ='GHGs Inventory 2020-2021'!B16 -> 31576.1 | E23: ='GHGs Inventory 2020-2021'!C16 -> 0 | F23: ='GHGs Inventory 2020-2021'!D16 -> 48.9 | G23: =SUM('GHGs Inventory 2020-2021'!B53:D53) -> 1670.5
A24: =VLOOKUP($B24,'Sector Match'!$B$1:$C$43,2,0) -> cement and other nonmetallic minerals 239 | B24: 非金属矿物制品业 | C24: 非金属矿物制品生产 | D24: ='GHGs Inventory 2020-2021'!B15 -> 103494.7
A25: =VLOOKUP($B25,'Sector Match'!$B$1:$C$43,2,0) -> iron and steel 241 | B25: 黑色金属冶炼和压延加工业 | C25: 金属制品生产-钢铁&铁合金 | D25: =SUM('GHGs Inventory 2020-2021'!L4:L5) -> 11714.9 | E25: ='GHGs Inventory 2020-2021'!C17 -> 0.5
A26: =VLOOKUP($B26,'Sector Match'!$B$1:$C$43,2,0) -> other metals 242 | B26: 有色金属冶炼和压延加工业 | C26: 金属制品生产-铝镁铅锌冶炼 | D26: =SUM('GHGs Inventory 2020-2021'!L6:L9) -> 6178.3 | G26: =SUM('GHGs Inventory 2020-2021'!N6:N9) -> 2083
A27: =VLOOKUP($B27,'Sector Match'!$B$1:$C$43,2,0) -> refined petroleum and coke 19 | B27: 石油、煤炭及其他燃料加工业 | C27: 非能源产品使用 | D27: ='GHGs Inventory 2020-2021'!B18 -> 247.7
A28: =VLOOKUP($B28,'Sector Match'!$B$1:$C$43,2,0) -> computers and electronics 26 | B28: 计算机、通信和其他电子设备制造业 | C28: 电子工业生产 | G28: =SUM('GHGs Inventory 2020-2021'!B56:D56) -> 65
A29: =VLOOKUP($B29,'Sector Match'!$B$1:$C$43,2,0) -> glass and glass products 231 | B29: 专用设备制造业 | C29: 消耗臭氧层物质替代物使用 | G29: ='GHGs Inventory 2020-2021'!B57 -> 25834.8
A30: =VLOOKUP($B30,'Sector Match'!$B$1:$C$43,2,0) -> glass and glass products 231 | B30: 专用设备制造业 | C30: 其他产品制造和使用 | G30: ='GHGs Inventory 2020-2021'!D58 -> 9055.6
A31: =VLOOKUP($B31,'Sector Match'!$B$1:$C$43,2,0) -> water and waste 36T39 | B31: 废弃资源综合利用业 | C31: 废弃物处理 | D31: =SUM('GHGs Inventory 2020-2021'!B37) -> 867.1 | E31: =SUM('GHGs Inventory 2020-2021'!C37) -> 738 | F31: =SUM('GHGs Inventory 2020-2021'!D37) -> 10.3
A33: 2021年中国温室气体排放
A34: Sector | B34: 行业 | C34: 对应关系 | D34: CO2 | E34: CH4 | F34: N2O | G34: F-gases
D35: (万吨) | E35: (万吨) | F35: (万吨) | G35: (万吨CO2e）
A36: =VLOOKUP($B36,'Sector Match'!$B$1:$C$43,2,0) -> agriculture and forestry 01T03 | B36: 农、林、牧、渔业 | C36: 动物肠道发酵+动物粪便管理 | E36: =SUM('GHGs Inventory 2020-2021'!F23:F24) -> 1527.1 | F36: =SUM('GHGs Inventory 2020-2021'!G23:G24) -> 22.7
A37: =VLOOKUP($B37,'Sector Match'!$B$1:$C$43,2,0) -> agriculture and forestry 01T03 | B37: 农、林、牧、渔业 | C37: 水稻种植+农用地+秸秆田间焚烧 | E37: =SUM('GHGs Inventory 2020-2021'!F25:F27) -> 900.8 | F37: =SUM('GHGs Inventory 2020-2021'!G25:G27) -> 72.2
A38: =VLOOKUP($B38,'Sector Match'!$B$1:$C$43,2,0) -> coal mining 05 | B38: 煤炭开采和洗选业 | C38: 固体燃料逃逸排放 | E38: ='GHGs Inventory 2020-2021'!F12 -> 2503
A39: =VLOOKUP($B39,'Sector Match'!$B$1:$C$43,2,0) -> energy pipelines and gas processing 352T353 | B39: 燃气生产和供应业 | C39: 油气系统逃逸排放 | E39: ='GHGs Inventory 2020-2021'!F13 -> 175.5
A40: =VLOOKUP($B40,'Sector Match'!$B$1:$C$43,2,0) -> chemicals 20 | B40: 化学原料和化学制品制造业 | C40: 化学工业生产 | D40: ='GHGs Inventory 2020-2021'!E16 -> 32877.5 | F40: ='GHGs Inventory 2020-2021'!G16 -> 58 | G40: =SUM('GHGs Inventory 2020-2021'!E53:G53) -> 2931
A41: =VLOOKUP($B41,'Sector Match'!$B$1:$C$43,2,0) -> cement and other nonmetallic minerals 239 | B41: 非金属矿物制品业 | C41: 非金属矿物制品生产 | D41: ='GHGs Inventory 2020-2021'!E15 -> 101302.7
A42: =VLOOKUP($B42,'Sector Match'!$B$1:$C$43,2,0) -> iron and steel 241 | B42: 黑色金属冶炼和压延加工业 | C42: 金属制品生产-钢铁&铁合金 | D42: =SUM('GHGs Inventory 2020-2021'!L11:L12) -> 11643 | E42: ='GHGs Inventory 2020-2021'!F17 -> 0.6
A43: =VLOOKUP($B43,'Sector Match'!$B$1:$C$43,2,0) -> other metals 242 | B43: 有色金属冶炼和压延加工业 | C43: 金属制品生产-铝镁铅锌冶炼 | D43: =SUM('GHGs Inventory 2020-2021'!L13:L16) -> 6300.3 | G43: ='GHGs Inventory 2020-2021'!N13 -> 2162.8
A44: =VLOOKUP($B44,'Sector Match'!$B$1:$C$43,2,0) -> refined petroleum and coke 19 | B44: 石油、煤炭及其他燃料加工业 | C44: 非能源产品使用 | D44: ='GHGs Inventory 2020-2021'!E18 -> 274.8
A45: =VLOOKUP($B45,'Sector Match'!$B$1:$C$43,2,0) -> computers and electronics 26 | B45: 计算机、通信和其他电子设备制造业 | C45: 电子工业生产 | G45: =SUM('GHGs Inventory 2020-2021'!E56:G56) -> 127.3
A46: =VLOOKUP($B46,'Sector Match'!$B$1:$C$43,2,0) -> glass and glass products 231 | B46: 专用设备制造业 | C46: 消耗臭氧层物质替代物使用 | G46: =SUM('GHGs Inventory 2020-2021'!E57:G57) -> 30859.8
A47: =VLOOKUP($B47,'Sector Match'!$B$1:$C$43,2,0) -> glass and glass products 231 | B47: 专用设备制造业 | C47: 其他产品制造和使用 | G47: =SUM('GHGs Inventory 2020-2021'!E58:G58) -> 10140.8
A48: =VLOOKUP($B48,'Sector Match'!$B$1:$C$43,2,0) -> water and waste 36T39 | B48: 废弃资源综合利用业 | C48: 废弃物处理 | D48: ='GHGs Inventory 2020-2021'!E37 -> 898.3 | E48: ='GHGs Inventory 2020-2021'!F37 -> 708.5 | F48: ='GHGs Inventory 2020-2021'!G37 -> 10.9

Sheet CN-Med-Growth Rate
A1: 工业产品产量
A2: 行业 | B2: 温室气体 | C2: 产品产量 | D2: 单位 | E2: 数据来源 | F2: 2018 | G2: 2019 | H2: 2020 | I2: 2021 | J2: 2022 | K2: 2023 | L2: 2024 | M2: 2025 | N2: 2026 | O2: 2027 | P2: 2028 | Q2: 2029 | R2: 2030 | S2: 2031 | T2: 2032 | U2: 2033 | V2: 2034 | W2: 2035 | X2: 2036 | Y2: 2037 | Z2: 2038 | AA2: 2039 | AB2: 2040 | AC2: 2041 | AD2: 2042 | AE2: 2043 | AF2: 2044 | AG2: 2045 | AH2: 2046 | AI2: 2047 | AJ2: 2048 | AK2: 2049 | AL2: 2050 | AM2: 2051 | AN2: 2052 | AO2: 2053 | AP2: 2054 | AQ2: 2055 | AR2: 2056 | AS2: 2057 | AT2: 2058 | AU2: 2059 | AV2: 2060
A3: 农、林、牧、渔业 | B3: CH4+N2O | C3: 人口 | D3: 亿人 | E3: WR | F3: 13.9538 | G3: 14.007931 | H3: 14.131352 | I3: 14.16016 | J3: 14.188968 | K3: 14.217777 | L3: 14.246585 | M3: 14.275393 | N3: 14.271093 | O3: 14.266794 | P3: 14.262494 | Q3: 14.258194 | R3: 14.253895 | S3: 14.234383 | T3: 14.214872 | U3: 14.195361 | V3: 14.17585 | W3: 14.156338 | X3: 14.120965 | Y3: 14.085592 | Z3: 14.050219 | AA3: 14.014845 | AB3: 13.979472 | AC3: 13.931014 | AD3: 13.882556 | AE3: 13.834097 | AF3: 13.785639 | AG3: 13.737181 | AH3: 13.667318 | AI3: 13.597456 | AJ3: 13.527593 | AK3: 13.457731 | AL3: 13.387868 | AM3: 13.293637 | AN3: 13.199406 | AO3: 13.105175 | AP3: 13.010944 | AQ3: 12.916713 | AR3: 12.803762 | AS3: 12.690811 | AT3: 12.577859 | AU3: 12.464908 | AV3: 12.351956
A4: 煤炭开采和洗选业 | B4: CH4 | C4: 原煤 | D4: 亿吨 | E4: 中石化《中国能源展望2060》 | F4: 36.98 | G4: 38.46 | H4: 39.02 | I4: 41.26 | J4: 45.59 | K4: 46.826667 | L4: 48.063333 | M4: 49.25 | N4: 50.05 | O4: 50.85 | P4: 51.65 | Q4: 52.48 | R4: 53.3 | S4: 53.45 | T4: 53.6 | U4: 53.725 | V4: 53.8 | W4: 53.825 | X4: 53.19 | Y4: 52.555 | Z4: 51.92 | AA4: 51.285 | AB4: 50.65 | AC4: 49.67 | AD4: 48.69 | AE4: 47.71 | AF4: 46.73 | AG4: 45.75 | AH4: 44.86 | AI4: 43.97 | AJ4: 43.08 | AK4: 42.19 | AL4: 41.3 | AM4: 40.3 | AN4: 39.3 | AO4: 38.3 | AP4: 37.3 | AQ4: 36.3 | AR4: 35.41 | AS4: 34.52 | AT4: 33.63 | AU4: 32.74 | AV4: 31.85
A5: 石油和天然气开采业 | B5: CH4 | C5: 原油 | D5: 亿吨 | E5: 中石油《世界与中国能源展望2021》 | F5: 1.8932 | G5: 1.9101 | H5: 1.9477 | I5: 1.9888 | J5: 2.0472 | K5: 2.0911333 | L5: 2.1350667 | M5: 2.1775 | N5: 2.1895 | O5: 2.2015 | P5: 2.2135 | Q5: 2.22928 | R5: 2.245 | S5: 2.258 | T5: 2.2736 | U5: 2.29 | V5: 2.308 | W5: 2.325 | X5: 2.3254 | Y5: 2.3258 | Z5: 2.3262 | AA5: 2.3266 | AB5: 2.327 | AC5: 2.3088 | AD5: 2.2906 | AE5: 2.2724 | AF5: 2.2542 | AG5: 2.236 | AH5: 2.2088 | AI5: 2.1816 | AJ5: 2.1544 | AK5: 2.1272 | AL5: 2.1 | AM5: 2.061 | AN5: 2.022 | AO5: 1.983 | AP5: 1.944 | AQ5: 1.905 | AR5: 1.8804 | AS5: 1.8558 | AT5: 1.8312 | AU5: 1.8066 | AV5: 1.782
A6: 石油和天然气开采业 | B6: CH4 | C6: 天然气 | D6: 亿立方米 | E6: 中石油《世界与中国能源展望2021》 | F6: 1601.59 | G6: 1761.74 | H6: 1924.95 | I6: 2075.84 | J6: 2201.1 | K6: 2309.1 | L6: 2417.1 | M6: 2519.75 | N6: 2590.8 | O6: 2661.85 | P6: 2732.9 | Q6: 2811.792 | R6: 2890 | S6: 2933 | T6: 2982.4 | U6: 3035.5 | V6: 3096 | W6: 3157.5 | X6: 3197.5 | Y6: 3237.5 | Z6: 3277.5 | AA6: 3317.5 | AB6: 3357.5 | AC6: 3380.2 | AD6: 3402.9 | AE6: 3425.6 | AF6: 3448.3 | AG6: 3471 | AH6: 3488.3 | AI6: 3505.6 | AJ6: 3522.9 | AK6: 3540.2 | AL6: 3557.5 | AM6: 3577.5 | AN6: 3597.5 | AO6: 3617.5 | AP6: 3637.5 | AQ6: 3657.5 | AR6: 3662 | AS6: 3666.5 | AT6: 3671 | AU6: 3675.5 | AV6: 3680
A7: 石油、煤炭及其他燃料加工业 | B7: CO2 | C7: 原油加工 | D7: 亿吨 | E7: 加工量与原油产量挂钩 | F7: 6 | G7: 6.5 | H7: 6.7441 | I7: 7 | J7: 6.759 | K7: 6.9040495 | L7: 7.0490991 | M7: 7.1891962 | N7: 7.2288152 | O7: 7.2684342 | P7: 7.3080532 | Q7: 7.3601522 | R7: 7.412053 | S7: 7.4549736 | T7: 7.5064783 | U7: 7.5606243 | V7: 7.6200528 | W7: 7.6761797 | X7: 7.6775003 | Y7: 7.6788209 | Z7: 7.6801416 | AA7: 7.6814622 | AB7: 7.6827828 | AC7: 7.622694 | AD7: 7.5626052 | AE7: 7.5025164 | AF7: 7.4424276 | AG7: 7.3823388 | AH7: 7.2925358 | AI7: 7.2027327 | AJ7: 7.1129297 | AK7: 7.0231266 | AL7: 6.9333236 | AM7: 6.8045618 | AN7: 6.6758001 | AO7: 6.5470384 | AP7: 6.4182767 | AQ7: 6.2895149 | AR7: 6.208296 | AS7: 6.1270771 | AT7: 6.0458581 | AU7: 5.9646392 | AV7: 5.8834203
A8: 化学原料和化学制品制造业 | B8: CO2 | C8: 电石 | D8: 万吨 | E8: 拍数 | F8: 2688.48 | G8: 2522.49 | H8: 2795 | I8: 2820 | J8: 2850 | K8: 2900 | L8: 2950 | M8: 3000 | N8: 3025 | O8: 3050 | P8: 3075 | Q8: 3100 | R8: 3125 | S8: 3150 | T8: 3175 | U8: 3200 | V8: 3179.1667 | W8: 3158.3333 | X8: 3137.5 | Y8: 3116.6667 | Z8: 3095.8333 | AA8: 3075 | AB8: 3054.1667 | AC8: 3033.3333 | AD8: 3012.5 | AE8: 2991.6667 | AF8: 2970.8333 | AG8: 2950 | AH8: 2932 | AI8: 2914 | AJ8: 2896 | AK8: 2878 | AL8: 2860 | AM8: 2842 | AN8: 2824 | AO8: 2806 | AP8: 2788 | AQ8: 2770 | AR8: 2752 | AS8: 2734 | AT8: 2716 | AU8: 2698 | AV8: 2680
A9: 化学原料和化学制品制造业 | B9: N2O | C9: 己二酸 | D9: 万吨 | E9: 拍数 | F9: 137.54 | G9: 140.04 | H9: 155.71 | I9: 189 | J9: 199.25 | K9: 209.5 | L9: 219.75 | M9: 230 | N9: 232.22222 | O9: 234.44444 | P9: 236.66667 | Q9: 238.88889 | R9: 241.11111 | S9: 243.33333 | T9: 245.55556 | U9: 247.77778 | V9: 250 | W9: 248.18182 | X9: 246.36364 | Y9: 244.54545 | Z9: 242.72727 | AA9: 240.90909 | AB9: 239.09091 | AC9: 237.27273 | AD9: 235.45455 | AE9: 233.63636 | AF9: 231.81818 | AG9: 230 | AH9: 227 | AI9: 224 | AJ9: 221 | AK9: 218 | AL9: 215 | AM9: 212 | AN9: 209 | AO9: 206 | AP9: 203 | AQ9: 200 | AR9: 197 | AS9: 194 | AT9: 191 | AU9: 188 | AV9: 185
A10: 化学原料和化学制品制造业 | B10: N2O | C10: 浓硝酸 | D10: 万吨 | E10: 拍数 | F10: 246.85 | G10: 244.17 | H10: 232.31 | I10: 224.95 | J10: 201.43 | K10: 194.28667 | L10: 187.14333 | M10: 180 | N10: 176.5 | O10: 173 | P10: 169.5 | Q10: 166 | R10: 162.5 | S10: 159 | T10: 155.5 | U10: 152 | V10: 148.5 | W10: 145 | X10: 142.8 | Y10: 140.6 | Z10: 138.4 | AA10: 136.2 | AB10: 134 | AC10: 131.8 | AD10: 129.6 | AE10: 127.4 | AF10: 125.2 | AG10: 123 | AH10: 120.8 | AI10: 118.6 | AJ10: 116.4 | AK10: 114.2 | AL10: 112 | AM10: 109.8 | AN10: 107.6 | AO10: 105.4 | AP10: 103.2 | AQ10: 101 | AR10: 98.8 | AS10: 96.6 | AT10: 94.4 | AU10: 92.2 | AV10: 90
A11: 化学原料和化学制品制造业 | B11: F-gases | C11: HCFCs | D11: 万吨 | E11: 拍数 | F11: 85.17 | G11: 88.95 | H11: 86.69 | I11: 93.16 | J11: 97.37 | K11: 101.58 | L11: 105.79 | M11: 110 | N11: 111.875 | O11: 113.75 | P11: 115.625 | Q11: 117.5 | R11: 119.375 | S11: 121.25 | T11: 123.125 | U11: 125 | V11: 123.75 | W11: 122.5 | X11: 121.25 | Y11: 120 | Z11: 118.75 | AA11: 117.5 | AB11: 116.25 | AC11: 115 | AD11: 113.75 | AE11: 112.5 | AF11: 111.25 | AG11: 110 | AH11: 108.66667 | AI11: 107.33333 | AJ11: 106 | AK11: 104.66667 | AL11: 103.33333 | AM11: 102 | AN11: 100.66667 | AO11: 99.333333 | AP11: 98 | AQ11: 96.666667 | AR11: 95.333333 | AS11: 94 | AT11: 92.666667 | AU11: 91.333333 | AV11: 90
A12: 非金属矿物制品业 | B12: CO2 | C12: 水泥 | D12: 万吨 | E12: 中国能源研究会-内部报告 | F12: 223609.62 | G12: 234430.62 | H12: 239470.83 | I12: 237724.49 | J12: 212927.18 | K12: 219951.45 | L12: 226975.73 | M12: 235000 | N12: 237100 | O12: 239200 | P12: 241300 | Q12: 242368 | R12: 243600 | S12: 240600 | T12: 236840 | U12: 232700 | V12: 227800 | W12: 222900 | X12: 218610 | Y12: 214320 | Z12: 210030 | AA12: 205740 | AB12: 201450 | AC12: 195560 | AD12: 189670 | AE12: 183780 | AF12: 177890 | AG12: 172000 | AH12: 167780 | AI12: 163560 | AJ12: 159340 | AK12: 155120 | AL12: 150900 | AM12: 148120 | AN12: 145340 | AO12: 142560 | AP12: 139780 | AQ12: 137000 | AR12: 135577.12 | AS12: 134154.23 | AT12: 132731.35 | AU12: 131308.46 | AV12: 129885.58
A13: 黑色金属冶炼和压延加工业 | B13: CO2+CH4 | C13: 粗钢 | D13: 万吨 | E13: 中国能源研究会-内部报告 | F13: 92903.84 | G13: 99541.89 | H13: 106476.68 | I13: 103524.26 | J13: 101795.9 | K13: 108463.93 | L13: 115131.97 | M13: 122500 | N13: 124800 | O13: 127100 | P13: 129400 | Q13: 131040 | R13: 132800 | S13: 132520 | T13: 131696 | U13: 130520 | V13: 128640 | W13: 126600 | X13: 124910 | Y13: 123220 | Z13: 121530 | AA13: 119840 | AB13: 118150 | AC13: 115510 | AD13: 112870 | AE13: 110230 | AF13: 107590 | AG13: 104950 | AH13: 102220 | AI13: 99490 | AJ13: 96760 | AK13: 94030 | AL13: 91300 | AM13: 88880 | AN13: 86460 | AO13: 84040 | AP13: 81620 | AQ13: 79200 | AR13: 76797.059 | AS13: 74394.118 | AT13: 71991.176 | AU13: 69588.235 | AV13: 67185.294
... A17: 计算机、通信和其他电子设备制造业 | B17: F-gases | C17: 增加值 | D17: 亿美元 | E17: Smart trans | F17: 3815.9156 | G17: 4021.3432 | H17: 4189.6426 | I17: 5047.0783 | J17: 5516.6343 | K17: 5670.9902 | L17: 6049.7711 | M17: 6517.8327 | N17: 6937.6804 | O17: 7288.3573 | P17: 7588.9287 | Q17: 7864.9854 | R17: 8147.29 | S17: 8463.9122 | T17: 8816.0027 | U17: 9196.6253 | V17: 9597.4332 | W17: 10008.411 | X17: 10419.682 | Y17: 10827.99 | Z17: 11231.875 | AA17: 11629.865 | AB17: 12020.488 | AC17: 12402.28 | AD17: 12773.796 | AE17: 13133.618 | AF17: 13480.368 | AG17: 13812.715 | AH17: 14129.387 | AI17: 14429.175 | AJ17: 14710.947 | AK17: 14973.649 | AL17: 15216.318 | AM17: 15438.083 | AN17: 15638.175 | AO17: 15815.925 | AP17: 15970.776 | AQ17: 16102.275 | AR17: 16210.086 | AS17: 16293.981 | AT17: 16353.846 | AU17: 16389.677 | AV17: 16401.579
A20: 产品过程排放因子
A21: 行业 | B21: 温室气体 | C21: 产品 | D21: 单位 | E21: 工业过程排放因子 | F21: 数据来源
A22: 石油和天然气开采业 | B22: CH4 | C22: 原油 | D22: g CH4/吨 原油 | E22: =2.91/0.9/1000*10^6 -> 3233.3333 | F22: 《中国油气行业甲烷逃逸排放核算与时空特征研究》原油生产，路上低排放技术2.91t/1000m3。原油密度0.9t/m3;
A23: 石油和天然气开采业 | B23: CH4 | C23: 天然气 | D23: g CH4/吨 原油 | E23: =2.54/10^2*10^6 -> 25400 | F23: 《中国油气行业甲烷逃逸排放核算与时空特征研究》天然气生产，路上低排放技术2.54t/百万m3。
A24: 化学原料和化学制品制造业 | B24: N2O | C24: 己二酸 | D24: g N2O/吨己二酸 | E24: =0.293*10^6 -> 293000 | F24: 省级温室气体排放清单
A25: 化学原料和化学制品制造业 | B25: N2O | C25: 浓硝酸 | D25: g N2O/吨硝酸 | E25: =8*10^3 -> 8000 | F25: 省级温室气体排放清单
A29: 指数=产品产量*过程排放因子
A30: Sector | B30: 行业 | C30: 温室气体 | D30: Multiplier | E30: 2018 | F30: 2019 | G30: 2020 | H30: 2021 | I30: 2022 | J30: 2023 | K30: 2024 | L30: 2025 | M30: 2026 | N30: 2027 | O30: 2028 | P30: 2029 | Q30: 2030 | R30: 2031 | S30: 2032 | T30: 2033 | U30: 2034 | V30: 2035 | W30: 2036 | X30: 2037 | Y30: 2038 | Z30: 2039 | AA30: 2040 | AB30: 2041 | AC30: 2042 | AD30: 2043 | AE30: 2044 | AF30: 2045 | AG30: 2046 | AH30: 2047 | AI30: 2048 | AJ30: 2049 | AK30: 2050 | AL30: 2051 | AM30: 2052 | AN30: 2053 | AO30: 2054 | AP30: 2055 | AQ30: 2056 | AR30: 2057 | AS30: 2058 | AT30: 2059 | AU30: 2060
A31: =VLOOKUP($B31,'Sector Match'!$B$1:$C$43,2,0) -> agriculture and forestry 01T03 | B31: 农、林、牧、渔业 | C31: CH4 | D31: 人口增长 | E31: 1 | F31: 1 | G31: 1 | H31: 1 | I31: =J3/$I3 -> 1.0020345 | J31: =K3/$I3 -> 1.0040689 | K31: =L3/$I3 -> 1.0061034 | L31: =M3/$I3 -> 1.0081378 | M31: =N3/$I3 -> 1.0078342 | N31: =O3/$I3 -> 1.0075305 | O31: =P3/$I3 -> 1.0072269 | P31: =Q3/$I3 -> 1.0069233 | ... AU31: =AV3/$I3 -> 0.87230345
A32: =VLOOKUP($B32,'Sector Match'!$B$1:$C$43,2,0) -> agriculture and forestry 01T03 | B32: 农、林、牧、渔业 | C32: N2O | D32: 人口增长 | E32: 1 | F32: 1 | G32: 1 | H32: 1 | I32: =J3/$I3 -> 1.0020345 | J32: =K3/$I3 -> 1.0040689 | K32: =L3/$I3 -> 1.0061034 | L32: =M3/$I3 -> 1.0081378 | M32: =N3/$I3 -> 1.0078342 | N32: =O3/$I3 -> 1.0075305 | O32: =P3/$I3 -> 1.0072269 | P32: =Q3/$I3 -> 1.0069233 | ... AU32: =AV3/$I3 -> 0.87230345
A33: =VLOOKUP($B33,'Sector Match'!$B$1:$C$43,2,0) -> coal mining 05 | B33: 煤炭开采和洗选业 | C33: CH4 | D33: 原煤产量增长 | E33: 1 | F33: 1 | G33: 1 | H33: 1 | I33: =J4/$I4 -> 1.1049443 | J33: =K4/$I4 -> 1.1349168 | K33: =L4/$I4 -> 1.1648893 | L33: =M4/$I4 -> 1.19365 | M33: =N4/$I4 -> 1.2130393 | N33: =O4/$I4 -> 1.2324285 | O33: =P4/$I4 -> 1.2518177 | P33: =Q4/$I4 -> 1.2719341 | ... AU33: =AV4/$I4 -> 0.77193408
A34: =VLOOKUP($B34,'Sector Match'!$B$1:$C$43,2,0) -> energy pipelines and gas processing 352T353 | B34: 燃气生产和供应业 | C34: CH4 | D34: 原油+天然气产量加权增长率 | E34: 1 | F34: 1 | G34: 1 | H34: 1 | I34: =(J5*$E$22+J6*$E$23)/($I5*$E$22+$I6*$E$23) -> 1.0603381 | J34: =(K5*$E$22+K6*$E$23)/($I5*$E$22+$I6*$E$23) -> 1.1123615 | K34: =(L5*$E$22+L6*$E$23)/($I5*$E$22+$I6*$E$23) -> 1.164385 | L34: =(M5*$E$22+M6*$E$23)/($I5*$E$22+$I6*$E$23) -> 1.2138315 | M34: =(N5*$E$22+N6*$E$23)/($I5*$E$22+$I6*$E$23) -> 1.2480551 | N34: =(O5*$E$22+O6*$E$23)/($I5*$E$22+$I6*$E$23) -> 1.2822788 | O34: =(P5*$E$22+P6*$E$23)/($I5*$E$22+$I6*$E$23) -> 1.3165025 | P34: =(Q5*$E$22+Q6*$E$23)/($I5*$E$22+$I6*$E$23) -> 1.3545037 | ... AU34: =(AV5*$E$22+AV6*$E$23)/($I5*$E$22+$I6*$E$23) -> 1.7726694
A35: =VLOOKUP($B35,'Sector Match'!$B$1:$C$43,2,0) -> refined petroleum and coke 19 | B35: 石油、煤炭及其他燃料加工业 | C35: CO2 | D35: 原油加工量增长 | E35: 1 | F35: 1 | G35: 1 | H35: 1 | I35: =J7/$I7 -> 0.96557143 | J35: =K7/$I7 -> 0.98629279 | K35: =L7/$I7 -> 1.0070142 | L35: =M7/$I7 -> 1.027028 | M35: =N7/$I7 -> 1.0326879 | N35: =O7/$I7 -> 1.0383477 | O35: =P7/$I7 -> 1.0440076 | P35: =Q7/$I7 -> 1.0514503 | ... AU35: =AV7/$I7 -> 0.84048861
A36: =VLOOKUP($B36,'Sector Match'!$B$1:$C$43,2,0) -> chemicals 20 | B36: 化学原料和化学制品制造业 | C36: CO2 | D36: 电石产量增长 | E36: 1 | F36: 1 | G36: 1 | H36: 1 | I36: =J8/$I8 -> 1.0106383 | J36: =K8/$I8 -> 1.0283688 | K36: =L8/$I8 -> 1.0460993 | L36: =M8/$I8 -> 1.0638298 | M36: =N8/$I8 -> 1.072695 | N36: =O8/$I8 -> 1.0815603 | O36: =P8/$I8 -> 1.0904255 | P36: =Q8/$I8 -> 1.0992908 | ... AU36: =AV8/$I8 -> 0.95035461
A37: =VLOOKUP($B37,'Sector Match'!$B$1:$C$43,2,0) -> chemicals 20 | B37: 化学原料和化学制品制造业 | C37: N2O | D37: 己二酸+浓硝酸产量加权增长率 | E37: 1 | F37: 1 | G37: 1 | H37: 1 | I37: =(J9*$E$24+J10*$E$25)/($I9*$E$24+$I10*$E$25) -> 1.049235 | J37: =(K9*$E$24+K10*$E$25)/($I9*$E$24+$I10*$E$25) -> 1.1007614 | K37: =(L9*$E$24+L10*$E$25)/($I9*$E$24+$I10*$E$25) -> 1.1522878 | L37: =(M9*$E$24+M10*$E$25)/($I9*$E$24+$I10*$E$25) -> 1.2038141 | M37: =(N9*$E$24+N10*$E$25)/($I9*$E$24+$I10*$E$25) -> 1.2147122 | N37: =(O9*$E$24+O10*$E$25)/($I9*$E$24+$I10*$E$25) -> 1.2256102 | O37: =(P9*$E$24+P10*$E$25)/($I9*$E$24+$I10*$E$25) -> 1.2365082 | P37: =(Q9*$E$24+Q10*$E$25)/($I9*$E$24+$I10*$E$25) -> 1.2474062 | ... AU37: =(AV9*$E$24+AV10*$E$25)/($I9*$E$24+$I10*$E$25) -> 0.96062025
A38: =VLOOKUP($B38,'Sector Match'!$B$1:$C$43,2,0) -> chemicals 20 | B38: 化学原料和化学制品制造业 | C38: F-gases | D38: HCFCs产量增长 | E38: 1 | F38: 1 | G38: 1 | H38: 1 | I38: =J11/$I11 -> 1.0451911 | J38: =K11/$I11 -> 1.0903821 | K38: =L11/$I11 -> 1.1355732 | L38: =M11/$I11 -> 1.1807643 | M38: =N11/$I11 -> 1.2008909 | N38: =O11/$I11 -> 1.2210176 | O38: =P11/$I11 -> 1.2411443 | P38: =Q11/$I11 -> 1.2612709 | ... AU38: =AV11/$I11 -> 0.96607986
A39: =VLOOKUP($B39,'Sector Match'!$B$1:$C$43,2,0) -> cement and other nonmetallic minerals 239 | B39: 非金属矿物制品业 | C39: CO2 | D39: 水泥产量增长 | E39: 1 | F39: 1 | G39: 1 | H39: 1 | I39: =J12/$I12 -> 0.89568887 | J39: =K12/$I12 -> 0.92523683 | K39: =L12/$I12 -> 0.95478479 | L39: =M12/$I12 -> 0.9885393 | M39: =N12/$I12 -> 0.99737305 | N39: =O12/$I12 -> 1.0062068 | O39: =P12/$I12 -> 1.0150406 | P39: =Q12/$I12 -> 1.0195332 | ... AU39: =AV12/$I12 -> 0.54637021
A40: =VLOOKUP($B40,'Sector Match'!$B$1:$C$43,2,0) -> iron and steel 241 | B40: 黑色金属冶炼和压延加工业 | C40: CO2 | D40: 粗钢产量增长 | E40: 1 | F40: 1 | G40: 1 | H40: 1 | I40: =J13/$I13 -> 0.98330478 | J40: =K13/$I13 -> 1.0477151 | K40: =L13/$I13 -> 1.1121255 | L40: =M13/$I13 -> 1.1832975 | M40: =N13/$I13 -> 1.2055145 | N40: =O13/$I13 -> 1.2277315 | O40: =P13/$I13 -> 1.2499486 | P40: =Q13/$I13 -> 1.2657903 | ... AU40: =AV13/$I13 -> 0.64898116
A41: =VLOOKUP($B41,'Sector Match'!$B$1:$C$43,2,0) -> iron and steel 241 | B41: 黑色金属冶炼和压延加工业 | C41: CH4 | D41: 粗钢产量增长 | E41: 1 | F41: 1 | G41: 1 | H41: 1 | I41: =J13/$I13 -> 0.98330478 | J41: =K13/$I13 -> 1.0477151 | K41: =L13/$I13 -> 1.1121255 | L41: =M13/$I13 -> 1.1832975 | M41: =N13/$I13 -> 1.2055145 | N41: =O13/$I13 -> 1.2277315 | O41: =P13/$I13 -> 1.2499486 | P41: =Q13/$I13 -> 1.2657903 | ... AU41: =AV13/$I13 -> 0.64898116
A42: =VLOOKUP($B42,'Sector Match'!$B$1:$C$43,2,0) -> other metals 242 | B42: 有色金属冶炼和压延加工业 | C42: CO2 | D42: 电解铝产量增长 | E42: 1 | F42: 1 | G42: 1 | H42: 1 | I42: =J14/$I14 -> 1.0426224 | J42: =K14/$I14 -> 1.1214531 | K42: =L14/$I14 -> 1.2002838 | L42: =M14/$I14 -> 1.2823609 | M42: =N14/$I14 -> 1.3420962 | N42: =O14/$I14 -> 1.4018315 | O42: =P14/$I14 -> 1.4615668 | P42: =Q14/$I14 -> 1.5156143 | ... AU42: =AV14/$I14 -> 1.1583453
A43: =VLOOKUP($B43,'Sector Match'!$B$1:$C$43,2,0) -> other metals 242 | B43: 有色金属冶炼和压延加工业 | C43: F-gases | D43: 电解铝产量增长 | E43: 1 | F43: 1 | G43: 1 | H43: 1 | I43: =J14/$I14 -> 1.0426224 | J43: =K14/$I14 -> 1.1214531 | K43: =L14/$I14 -> 1.2002838 | L43: =M14/$I14 -> 1.2823609 | M43: =N14/$I14 -> 1.3420962 | N43: =O14/$I14 -> 1.4018315 | O43: =P14/$I14 -> 1.4615668 | P43: =Q14/$I14 -> 1.5156143 | ... AU43: =AV14/$I14 -> 1.1583453
A44: =VLOOKUP($B44,'Sector Match'!$B$1:$C$43,2,0) -> glass and glass products 231 | B44: 专用设备制造业 | C44: F-gases | D44: 用电量增长 | E44: 1 | F44: 1 | G44: 1 | H44: 1 | I44: =J15/$I15 -> 1.0390242 | J44: =K15/$I15 -> 1.1176499 | K44: =L15/$I15 -> 1.1817438 | L44: =M15/$I15 -> 1.2443581 | M44: =N15/$I15 -> 1.3055649 | N44: =O15/$I15 -> 1.3651477 | O44: =P15/$I15 -> 1.4230825 | P44: =Q15/$I15 -> 1.4792128 | ... AU44: =AV15/$I15 -> 1.9299033
A45: =VLOOKUP($B45,'Sector Match'!$B$1:$C$43,2,0) -> water and waste 36T39 | B45: 废弃资源综合利用业 | C45: CO2 | D45: 人口增长 | E45: 1 | F45: 1 | G45: 1 | H45: 1 | I45: =J16/$I16 -> 1.0020345 | J45: =K16/$I16 -> 1.0040689 | K45: =L16/$I16 -> 1.0061034 | L45: =M16/$I16 -> 1.0081378 | M45: =N16/$I16 -> 1.0078342 | N45: =O16/$I16 -> 1.0075305 | O45: =P16/$I16 -> 1.0072269 | P45: =Q16/$I16 -> 1.0069233 | ... AU45: =AV16/$I16 -> 0.87230345
A46: =VLOOKUP($B46,'Sector Match'!$B$1:$C$43,2,0) -> water and waste 36T39 | B46: 废弃资源综合利用业 | C46: CH4 | D46: 人口增长 | E46: 1 | F46: 1 | G46: 1 | H46: 1 | I46: =J16/$I16 -> 1.0020345 | J46: =K16/$I16 -> 1.0040689 | K46: =L16/$I16 -> 1.0061034 | L46: =M16/$I16 -> 1.0081378 | M46: =N16/$I16 -> 1.0078342 | N46: =O16/$I16 -> 1.0075305 | O46: =P16/$I16 -> 1.0072269 | P46: =Q16/$I16 -> 1.0069233 | ... AU46: =AV16/$I16 -> 0.87230345
A47: =VLOOKUP($B47,'Sector Match'!$B$1:$C$43,2,0) -> water and waste 36T39 | B47: 废弃资源综合利用业 | C47: N2O | D47: 人口增长 | E47: 1 | F47: 1 | G47: 1 | H47: 1 | I47: =J16/$I16 -> 1.0020345 | J47: =K16/$I16 -> 1.0040689 | K47: =L16/$I16 -> 1.0061034 | L47: =M16/$I16 -> 1.0081378 | M47: =N16/$I16 -> 1.0078342 | N47: =O16/$I16 -> 1.0075305 | O47: =P16/$I16 -> 1.0072269 | P47: =Q16/$I16 -> 1.0069233 | ... AU47: =AV16/$I16 -> 0.87230345
A48: =VLOOKUP($B48,'Sector Match'!$B$1:$C$43,2,0) -> computers and electronics 26 | B48: 计算机、通信和其他电子设备制造业 | C48: F-gases | D48: 增加值 | E48: 1 | F48: 1 | G48: 1 | H48: 1 | I48: =J17/$I17 -> 1.0930352 | J48: =K17/$I17 -> 1.1236184 | K48: =L17/$I17 -> 1.198668 | L48: =M17/$I17 -> 1.2914071 | M48: =N17/$I17 -> 1.3745934 | N48: =O17/$I17 -> 1.4440746 | O48: =P17/$I17 -> 1.5036281 | P48: =Q17/$I17 -> 1.5583244 | ... AU48: =AV17/$I17 -> 3.2497177

Sheet CN-Med-BPE-CO2
A1: Pollutant: | B1: CO2 | C1: =_xlfn.CONCAT("Unit: grams of ",B1) -> Unit: grams of CO2
B2: 2018 | C2: 2019 | D2: 2020 | E2: 2021 | F2: 2022 | G2: 2023 | H2: 2024 | I2: 2025 | J2: 2026 | K2: 2027 | L2: 2028 | M2: 2029 | N2: 2030 | O2: 2031 | P2: 2032 | Q2: 2033 | R2: 2034 | S2: 2035 | T2: 2036 | U2: 2037 | V2: 2038 | W2: 2039 | X2: 2040 | Y2: 2041 | Z2: 2042 | AA2: 2043 | AB2: 2044 | AC2: 2045 | AD2: 2046 | AE2: 2047 | AF2: 2048 | AG2: 2049 | AH2: 2050 | AI2: 2051 | AJ2: 2052 | AK2: 2053 | AL2: 2054 | AM2: 2055 | AN2: 2056 | AO2: 2057 | AP2: 2058 | AQ2: 2059 | AR2: 2060
A3: agriculture and forestry 01T03 | B3: =SUMIFS('GHG Emissions 2018-2021'!$D$4:$D$14,'GHG Emissions 2018-2021'!$A$4:$A$14,$A3)*10^10 -> 0 | C3: =AVERAGE(B3,D3) -> 0 | D3: =SUMIFS('GHG Emissions 2018-2021'!$D$19:$D$31,'GHG Emissions 2018-2021'!$A$19:$A$31,$A3)*10^10 -> 0 | E3: =SUMIFS('GHG Emissions 2018-2021'!$D$36:$D$48,'GHG Emissions 2018-2021'!$A$36:$A$48,$A3)*10^10 -> 0 | F3: =$E3*SUMIFS('CN-Med-Growth Rate'!I$31:I$47,'CN-Med-Growth Rate'!$A$31:$A$47,$A3,'CN-Med-Growth Rate'!$C$31:$C$47,$B$1) -> 0 | G3: =$E3*SUMIFS('CN-Med-Growth Rate'!J$31:J$47,'CN-Med-Growth Rate'!$A$31:$A$47,$A3,'CN-Med-Growth Rate'!$C$31:$C$47,$B$1) -> 0 | H3: =$E3*SUMIFS('CN-Med-Growth Rate'!K$31:K$47,'CN-Med-Growth Rate'!$A$31:$A$47,$A3,'CN-Med-Growth Rate'!$C$31:$C$47,$B$1) -> 0 | I3: =$E3*SUMIFS('CN-Med-Growth Rate'!L$31:L$47,'CN-Med-Growth Rate'!$A$31:$A$47,$A3,'CN-Med-Growth Rate'!$C$31:$C$47,$B$1) -> 0 | J3: =$E3*SUMIFS('CN-Med-Growth Rate'!M$31:M$47,'CN-Med-Growth Rate'!$A$31:$A$47,$A3,'CN-Med-Growth Rate'!$C$31:$C$47,$B$1) -> 0 | K3: =$E3*SUMIFS('CN-Med-Growth Rate'!N$31:N$47,'CN-Med-Growth Rate'!$A$31:$A$47,$A3,'CN-Med-Growth Rate'!$C$31:$C$47,$B$1) -> 0 | L3: =$E3*SUMIFS('CN-Med-Growth Rate'!O$31:O$47,'CN-Med-Growth Rate'!$A$31:$A$47,$A3,'CN-Med-Growth Rate'!$C$31:$C$47,$B$1) -> 0 | M3: =$E3*SUMIFS('CN-Med-Growth Rate'!P$31:P$47,'CN-Med-Growth Rate'!$A$31:$A$47,$A3,'CN-Med-Growth Rate'!$C$31:$C$47,$B$1) -> 0 | ... AR3: =$E3*SUMIFS('CN-Med-Growth Rate'!AU$31:AU$47,'CN-Med-Growth Rate'!$A$31:$A$47,$A3,'CN-Med-Growth Rate'!$C$31:$C$47,$B$1) -> 0
A4: coal mining 05 | B4: =SUMIFS('GHG Emissions 2018-2021'!$D$4:$D$14,'GHG Emissions 2018-2021'!$A$4:$A$14,$A4)*10^10 -> 0 | C4: =AVERAGE(B4,D4) -> 0 | D4: =SUMIFS('GHG Emissions 2018-2021'!$D$19:$D$31,'GHG Emissions 2018-2021'!$A$19:$A$31,$A4)*10^10 -> 0 | E4: =SUMIFS('GHG Emissions 2018-2021'!$D$36:$D$48,'GHG Emissions 2018-2021'!$A$36:$A$48,$A4)*10^10 -> 0 | F4: =$E4*SUMIFS('CN-Med-Growth Rate'!I$31:I$47,'CN-Med-Growth Rate'!$A$31:$A$47,$A4,'CN-Med-Growth Rate'!$C$31:$C$47,$B$1) -> 0 | G4: =$E4*SUMIFS('CN-Med-Growth Rate'!J$31:J$47,'CN-Med-Growth Rate'!$A$31:$A$47,$A4,'CN-Med-Growth Rate'!$C$31:$C$47,$B$1) -> 0 | H4: =$E4*SUMIFS('CN-Med-Growth Rate'!K$31:K$47,'CN-Med-Growth Rate'!$A$31:$A$47,$A4,'CN-Med-Growth Rate'!$C$31:$C$47,$B$1) -> 0 | I4: =$E4*SUMIFS('CN-Med-Growth Rate'!L$31:L$47,'CN-Med-Growth Rate'!$A$31:$A$47,$A4,'CN-Med-Growth Rate'!$C$31:$C$47,$B$1) -> 0 | J4: =$E4*SUMIFS('CN-Med-Growth Rate'!M$31:M$47,'CN-Med-Growth Rate'!$A$31:$A$47,$A4,'CN-Med-Growth Rate'!$C$31:$C$47,$B$1) -> 0 | K4: =$E4*SUMIFS('CN-Med-Growth Rate'!N$31:N$47,'CN-Med-Growth Rate'!$A$31:$A$47,$A4,'CN-Med-Growth Rate'!$C$31:$C$47,$B$1) -> 0 | L4: =$E4*SUMIFS('CN-Med-Growth Rate'!O$31:O$47,'CN-Med-Growth Rate'!$A$31:$A$47,$A4,'CN-Med-Growth Rate'!$C$31:$C$47,$B$1) -> 0 | M4: =$E4*SUMIFS('CN-Med-Growth Rate'!P$31:P$47,'CN-Med-Growth Rate'!$A$31:$A$47,$A4,'CN-Med-Growth Rate'!$C$31:$C$47,$B$1) -> 0 | ... AR4: =$E4*SUMIFS('CN-Med-Growth Rate'!AU$31:AU$47,'CN-Med-Growth Rate'!$A$31:$A$47,$A4,'CN-Med-Growth Rate'!$C$31:$C$47,$B$1) -> 0
A5: oil and gas extraction 06 | B5: =SUMIFS('GHG Emissions 2018-2021'!$D$4:$D$14,'GHG Emissions 2018-2021'!$A$4:$A$14,$A5)*10^10 -> 0 | C5: =AVERAGE(B5,D5) -> 0 | D5: =SUMIFS('GHG Emissions 2018-2021'!$D$19:$D$31,'GHG Emissions 2018-2021'!$A$19:$A$31,$A5)*10^10 -> 0 | E5: =SUMIFS('GHG Emissions 2018-2021'!$D$36:$D$48,'GHG Emissions 2018-2021'!$A$36:$A$48,$A5)*10^10 -> 0 | F5: =$E5*SUMIFS('CN-Med-Growth Rate'!I$31:I$47,'CN-Med-Growth Rate'!$A$31:$A$47,$A5,'CN-Med-Growth Rate'!$C$31:$C$47,$B$1) -> 0 | G5: =$E5*SUMIFS('CN-Med-Growth Rate'!J$31:J$47,'CN-Med-Growth Rate'!$A$31:$A$47,$A5,'CN-Med-Growth Rate'!$C$31:$C$47,$B$1) -> 0 | H5: =$E5*SUMIFS('CN-Med-Growth Rate'!K$31:K$47,'CN-Med-Growth Rate'!$A$31:$A$47,$A5,'CN-Med-Growth Rate'!$C$31:$C$47,$B$1) -> 0 | I5: =$E5*SUMIFS('CN-Med-Growth Rate'!L$31:L$47,'CN-Med-Growth Rate'!$A$31:$A$47,$A5,'CN-Med-Growth Rate'!$C$31:$C$47,$B$1) -> 0 | J5: =$E5*SUMIFS('CN-Med-Growth Rate'!M$31:M$47,'CN-Med-Growth Rate'!$A$31:$A$47,$A5,'CN-Med-Growth Rate'!$C$31:$C$47,$B$1) -> 0 | K5: =$E5*SUMIFS('CN-Med-Growth Rate'!N$31:N$47,'CN-Med-Growth Rate'!$A$31:$A$47,$A5,'CN-Med-Growth Rate'!$C$31:$C$47,$B$1) -> 0 | L5: =$E5*SUMIFS('CN-Med-Growth Rate'!O$31:O$47,'CN-Med-Growth Rate'!$A$31:$A$47,$A5,'CN-Med-Growth Rate'!$C$31:$C$47,$B$1) -> 0 | M5: =$E5*SUMIFS('CN-Med-Growth Rate'!P$31:P$47,'CN-Med-Growth Rate'!$A$31:$A$47,$A5,'CN-Med-Growth Rate'!$C$31:$C$47,$B$1) -> 0 | ... AR5: =$E5*SUMIFS('CN-Med-Growth Rate'!AU$31:AU$47,'CN-Med-Growth Rate'!$A$31:$A$47,$A5,'CN-Med-Growth Rate'!$C$31:$C$47,$B$1) -> 0
A6: other mining and quarrying 07T08 | B6: =SUMIFS('GHG Emissions 2018-2021'!$D$4:$D$14,'GHG Emissions 2018-2021'!$A$4:$A$14,$A6)*10^10 -> 0 | C6: =AVERAGE(B6,D6) -> 0 | D6: =SUMIFS('GHG Emissions 2018-2021'!$D$19:$D$31,'GHG Emissions 2018-2021'!$A$19:$A$31,$A6)*10^10 -> 0 | E6: =SUMIFS('GHG Emissions 2018-2021'!$D$36:$D$48,'GHG Emissions 2018-2021'!$A$36:$A$48,$A6)*10^10 -> 0 | F6: =$E6*SUMIFS('CN-Med-Growth Rate'!I$31:I$47,'CN-Med-Growth Rate'!$A$31:$A$47,$A6,'CN-Med-Growth Rate'!$C$31:$C$47,$B$1) -> 0 | G6: =$E6*SUMIFS('CN-Med-Growth Rate'!J$31:J$47,'CN-Med-Growth Rate'!$A$31:$A$47,$A6,'CN-Med-Growth Rate'!$C$31:$C$47,$B$1) -> 0 | H6: =$E6*SUMIFS('CN-Med-Growth Rate'!K$31:K$47,'CN-Med-Growth Rate'!$A$31:$A$47,$A6,'CN-Med-Growth Rate'!$C$31:$C$47,$B$1) -> 0 | I6: =$E6*SUMIFS('CN-Med-Growth Rate'!L$31:L$47,'CN-Med-Growth Rate'!$A$31:$A$47,$A6,'CN-Med-Growth Rate'!$C$31:$C$47,$B$1) -> 0 | J6: =$E6*SUMIFS('CN-Med-Growth Rate'!M$31:M$47,'CN-Med-Growth Rate'!$A$31:$A$47,$A6,'CN-Med-Growth Rate'!$C$31:$C$47,$B$1) -> 0 | K6: =$E6*SUMIFS('CN-Med-Growth Rate'!N$31:N$47,'CN-Med-Growth Rate'!$A$31:$A$47,$A6,'CN-Med-Growth Rate'!$C$31:$C$47,$B$1) -> 0 | L6: =$E6*SUMIFS('CN-Med-Growth Rate'!O$31:O$47,'CN-Med-Growth Rate'!$A$31:$A$47,$A6,'CN-Med-Growth Rate'!$C$31:$C$47,$B$1) -> 0 | M6: =$E6*SUMIFS('CN-Med-Growth Rate'!P$31:P$47,'CN-Med-Growth Rate'!$A$31:$A$47,$A6,'CN-Med-Growth Rate'!$C$31:$C$47,$B$1) -> 0 | ... AR6: =$E6*SUMIFS('CN-Med-Growth Rate'!AU$31:AU$47,'CN-Med-Growth Rate'!$A$31:$A$47,$A6,'CN-Med-Growth Rate'!$C$31:$C$47,$B$1) -> 0
A7: food beverage and tobacco 10T12 | B7: =SUMIFS('GHG Emissions 2018-2021'!$D$4:$D$14,'GHG Emissions 2018-2021'!$A$4:$A$14,$A7)*10^10 -> 0 | C7: =AVERAGE(B7,D7) -> 0 | D7: =SUMIFS('GHG Emissions 2018-2021'!$D$19:$D$31,'GHG Emissions 2018-2021'!$A$19:$A$31,$A7)*10^10 -> 0 | E7: =SUMIFS('GHG Emissions 2018-2021'!$D$36:$D$48,'GHG Emissions 2018-2021'!$A$36:$A$48,$A7)*10^10 -> 0 | F7: =$E7*SUMIFS('CN-Med-Growth Rate'!I$31:I$47,'CN-Med-Growth Rate'!$A$31:$A$47,$A7,'CN-Med-Growth Rate'!$C$31:$C$47,$B$1) -> 0 | G7: =$E7*SUMIFS('CN-Med-Growth Rate'!J$31:J$47,'CN-Med-Growth Rate'!$A$31:$A$47,$A7,'CN-Med-Growth Rate'!$C$31:$C$47,$B$1) -> 0 | H7: =$E7*SUMIFS('CN-Med-Growth Rate'!K$31:K$47,'CN-Med-Growth Rate'!$A$31:$A$47,$A7,'CN-Med-Growth Rate'!$C$31:$C$47,$B$1) -> 0 | I7: =$E7*SUMIFS('CN-Med-Growth Rate'!L$31:L$47,'CN-Med-Growth Rate'!$A$31:$A$47,$A7,'CN-Med-Growth Rate'!$C$31:$C$47,$B$1) -> 0 | J7: =$E7*SUMIFS('CN-Med-Growth Rate'!M$31:M$47,'CN-Med-Growth Rate'!$A$31:$A$47,$A7,'CN-Med-Growth Rate'!$C$31:$C$47,$B$1) -> 0 | K7: =$E7*SUMIFS('CN-Med-Growth Rate'!N$31:N$47,'CN-Med-Growth Rate'!$A$31:$A$47,$A7,'CN-Med-Growth Rate'!$C$31:$C$47,$B$1) -> 0 | L7: =$E7*SUMIFS('CN-Med-Growth Rate'!O$31:O$47,'CN-Med-Growth Rate'!$A$31:$A$47,$A7,'CN-Med-Growth Rate'!$C$31:$C$47,$B$1) -> 0 | M7: =$E7*SUMIFS('CN-Med-Growth Rate'!P$31:P$47,'CN-Med-Growth Rate'!$A$31:$A$47,$A7,'CN-Med-Growth Rate'!$C$31:$C$47,$B$1) -> 0 | ... AR7: =$E7*SUMIFS('CN-Med-Growth Rate'!AU$31:AU$47,'CN-Med-Growth Rate'!$A$31:$A$47,$A7,'CN-Med-Growth Rate'!$C$31:$C$47,$B$1) -> 0
A8: textiles apparel and leather 13T15 | B8: =SUMIFS('GHG Emissions 2018-2021'!$D$4:$D$14,'GHG Emissions 2018-2021'!$A$4:$A$14,$A8)*10^10 -> 0 | C8: =AVERAGE(B8,D8) -> 0 | D8: =SUMIFS('GHG Emissions 2018-2021'!$D$19:$D$31,'GHG Emissions 2018-2021'!$A$19:$A$31,$A8)*10^10 -> 0 | E8: =SUMIFS('GHG Emissions 2018-2021'!$D$36:$D$48,'GHG Emissions 2018-2021'!$A$36:$A$48,$A8)*10^10 -> 0 | F8: =$E8*SUMIFS('CN-Med-Growth Rate'!I$31:I$47,'CN-Med-Growth Rate'!$A$31:$A$47,$A8,'CN-Med-Growth Rate'!$C$31:$C$47,$B$1) -> 0 | G8: =$E8*SUMIFS('CN-Med-Growth Rate'!J$31:J$47,'CN-Med-Growth Rate'!$A$31:$A$47,$A8,'CN-Med-Growth Rate'!$C$31:$C$47,$B$1) -> 0 | H8: =$E8*SUMIFS('CN-Med-Growth Rate'!K$31:K$47,'CN-Med-Growth Rate'!$A$31:$A$47,$A8,'CN-Med-Growth Rate'!$C$31:$C$47,$B$1) -> 0 | I8: =$E8*SUMIFS('CN-Med-Growth Rate'!L$31:L$47,'CN-Med-Growth Rate'!$A$31:$A$47,$A8,'CN-Med-Growth Rate'!$C$31:$C$47,$B$1) -> 0 | J8: =$E8*SUMIFS('CN-Med-Growth Rate'!M$31:M$47,'CN-Med-Growth Rate'!$A$31:$A$47,$A8,'CN-Med-Growth Rate'!$C$31:$C$47,$B$1) -> 0 | K8: =$E8*SUMIFS('CN-Med-Growth Rate'!N$31:N$47,'CN-Med-Growth Rate'!$A$31:$A$47,$A8,'CN-Med-Growth Rate'!$C$31:$C$47,$B$1) -> 0 | L8: =$E8*SUMIFS('CN-Med-Growth Rate'!O$31:O$47,'CN-Med-Growth Rate'!$A$31:$A$47,$A8,'CN-Med-Growth Rate'!$C$31:$C$47,$B$1) -> 0 | M8: =$E8*SUMIFS('CN-Med-Growth Rate'!P$31:P$47,'CN-Med-Growth Rate'!$A$31:$A$47,$A8,'CN-Med-Growth Rate'!$C$31:$C$47,$B$1) -> 0 | ... AR8: =$E8*SUMIFS('CN-Med-Growth Rate'!AU$31:AU$47,'CN-Med-Growth Rate'!$A$31:$A$47,$A8,'CN-Med-Growth Rate'!$C$31:$C$47,$B$1) -> 0
A9: wood products 16 | B9: =SUMIFS('GHG Emissions 2018-2021'!$D$4:$D$14,'GHG Emissions 2018-2021'!$A$4:$A$14,$A9)*10^10 -> 0 | C9: =AVERAGE(B9,D9) -> 0 | D9: =SUMIFS('GHG Emissions 2018-2021'!$D$19:$D$31,'GHG Emissions 2018-2021'!$A$19:$A$31,$A9)*10^10 -> 0 | E9: =SUMIFS('GHG Emissions 2018-2021'!$D$36:$D$48,'GHG Emissions 2018-2021'!$A$36:$A$48,$A9)*10^10 -> 0 | F9: =$E9*SUMIFS('CN-Med-Growth Rate'!I$31:I$47,'CN-Med-Growth Rate'!$A$31:$A$47,$A9,'CN-Med-Growth Rate'!$C$31:$C$47,$B$1) -> 0 | G9: =$E9*SUMIFS('CN-Med-Growth Rate'!J$31:J$47,'CN-Med-Growth Rate'!$A$31:$A$47,$A9,'CN-Med-Growth Rate'!$C$31:$C$47,$B$1) -> 0 | H9: =$E9*SUMIFS('CN-Med-Growth Rate'!K$31:K$47,'CN-Med-Growth Rate'!$A$31:$A$47,$A9,'CN-Med-Growth Rate'!$C$31:$C$47,$B$1) -> 0 | I9: =$E9*SUMIFS('CN-Med-Growth Rate'!L$31:L$47,'CN-Med-Growth Rate'!$A$31:$A$47,$A9,'CN-Med-Growth Rate'!$C$31:$C$47,$B$1) -> 0 | J9: =$E9*SUMIFS('CN-Med-Growth Rate'!M$31:M$47,'CN-Med-Growth Rate'!$A$31:$A$47,$A9,'CN-Med-Growth Rate'!$C$31:$C$47,$B$1) -> 0 | K9: =$E9*SUMIFS('CN-Med-Growth Rate'!N$31:N$47,'CN-Med-Growth Rate'!$A$31:$A$47,$A9,'CN-Med-Growth Rate'!$C$31:$C$47,$B$1) -> 0 | L9: =$E9*SUMIFS('CN-Med-Growth Rate'!O$31:O$47,'CN-Med-Growth Rate'!$A$31:$A$47,$A9,'CN-Med-Growth Rate'!$C$31:$C$47,$B$1) -> 0 | M9: =$E9*SUMIFS('CN-Med-Growth Rate'!P$31:P$47,'CN-Med-Growth Rate'!$A$31:$A$47,$A9,'CN-Med-Growth Rate'!$C$31:$C$47,$B$1) -> 0 | ... AR9: =$E9*SUMIFS('CN-Med-Growth Rate'!AU$31:AU$47,'CN-Med-Growth Rate'!$A$31:$A$47,$A9,'CN-Med-Growth Rate'!$C$31:$C$47,$B$1) -> 0
A10: pulp paper and printing 17T18 | B10: =SUMIFS('GHG Emissions 2018-2021'!$D$4:$D$14,'GHG Emissions 2018-2021'!$A$4:$A$14,$A10)*10^10 -> 0 | C10: =AVERAGE(B10,D10) -> 0 | D10: =SUMIFS('GHG Emissions 2018-2021'!$D$19:$D$31,'GHG Emissions 2018-2021'!$A$19:$A$31,$A10)*10^10 -> 0 | E10: =SUMIFS('GHG Emissions 2018-2021'!$D$36:$D$48,'GHG Emissions 2018-2021'!$A$36:$A$48,$A10)*10^10 -> 0 | F10: =$E10*SUMIFS('CN-Med-Growth Rate'!I$31:I$47,'CN-Med-Growth Rate'!$A$31:$A$47,$A10,'CN-Med-Growth Rate'!$C$31:$C$47,$B$1) -> 0 | G10: =$E10*SUMIFS('CN-Med-Growth Rate'!J$31:J$47,'CN-Med-Growth Rate'!$A$31:$A$47,$A10,'CN-Med-Growth Rate'!$C$31:$C$47,$B$1) -> 0 | H10: =$E10*SUMIFS('CN-Med-Growth Rate'!K$31:K$47,'CN-Med-Growth Rate'!$A$31:$A$47,$A10,'CN-Med-Growth Rate'!$C$31:$C$47,$B$1) -> 0 | I10: =$E10*SUMIFS('CN-Med-Growth Rate'!L$31:L$47,'CN-Med-Growth Rate'!$A$31:$A$47,$A10,'CN-Med-Growth Rate'!$C$31:$C$47,$B$1) -> 0 | J10: =$E10*SUMIFS('CN-Med-Growth Rate'!M$31:M$47,'CN-Med-Growth Rate'!$A$31:$A$47,$A10,'CN-Med-Growth Rate'!$C$31:$C$47,$B$1) -> 0 | K10: =$E10*SUMIFS('CN-Med-Growth Rate'!N$31:N$47,'CN-Med-Growth Rate'!$A$31:$A$47,$A10,'CN-Med-Growth Rate'!$C$31:$C$47,$B$1) -> 0 | L10: =$E10*SUMIFS('CN-Med-Growth Rate'!O$31:O$47,'CN-Med-Growth Rate'!$A$31:$A$47,$A10,'CN-Med-Growth Rate'!$C$31:$C$47,$B$1) -> 0 | M10: =$E10*SUMIFS('CN-Med-Growth Rate'!P$31:P$47,'CN-Med-Growth Rate'!$A$31:$A$47,$A10,'CN-Med-Growth Rate'!$C$31:$C$47,$B$1) -> 0 | ... AR10: =$E10*SUMIFS('CN-Med-Growth Rate'!AU$31:AU$47,'CN-Med-Growth Rate'!$A$31:$A$47,$A10,'CN-Med-Growth Rate'!$C$31:$C$47,$B$1) -> 0
A11: refined petroleum and coke 19 | B11: =SUMIFS('GHG Emissions 2018-2021'!$D$4:$D$14,'GHG Emissions 2018-2021'!$A$4:$A$14,$A11)*10^10 -> 2645000000000 | C11: =AVERAGE(B11,D11) -> 2561000000000 | D11: =SUMIFS('GHG Emissions 2018-2021'!$D$19:$D$31,'GHG Emissions 2018-2021'!$A$19:$A$31,$A11)*10^10 -> 2477000000000 | E11: =SUMIFS('GHG Emissions 2018-2021'!$D$36:$D$48,'GHG Emissions 2018-2021'!$A$36:$A$48,$A11)*10^10 -> 2748000000000 | F11: =$E11*SUMIFS('CN-Med-Growth Rate'!I$31:I$47,'CN-Med-Growth Rate'!$A$31:$A$47,$A11,'CN-Med-Growth Rate'!$C$31:$C$47,$B$1) -> 2.6533903e+12 | G11: =$E11*SUMIFS('CN-Med-Growth Rate'!J$31:J$47,'CN-Med-Growth Rate'!$A$31:$A$47,$A11,'CN-Med-Growth Rate'!$C$31:$C$47,$B$1) -> 2.7103326e+12 | H11: =$E11*SUMIFS('CN-Med-Growth Rate'!K$31:K$47,'CN-Med-Growth Rate'!$A$31:$A$47,$A11,'CN-Med-Growth Rate'!$C$31:$C$47,$B$1) -> 2.7672749e+12 | I11: =$E11*SUMIFS('CN-Med-Growth Rate'!L$31:L$47,'CN-Med-Growth Rate'!$A$31:$A$47,$A11,'CN-Med-Growth Rate'!$C$31:$C$47,$B$1) -> 2.822273e+12 | J11: =$E11*SUMIFS('CN-Med-Growth Rate'!M$31:M$47,'CN-Med-Growth Rate'!$A$31:$A$47,$A11,'CN-Med-Growth Rate'!$C$31:$C$47,$B$1) -> 2.8378263e+12 | K11: =$E11*SUMIFS('CN-Med-Growth Rate'!N$31:N$47,'CN-Med-Growth Rate'!$A$31:$A$47,$A11,'CN-Med-Growth Rate'!$C$31:$C$47,$B$1) -> 2.8533796e+12 | L11: =$E11*SUMIFS('CN-Med-Growth Rate'!O$31:O$47,'CN-Med-Growth Rate'!$A$31:$A$47,$A11,'CN-Med-Growth Rate'!$C$31:$C$47,$B$1) -> 2.8689329e+12 | M11: =$E11*SUMIFS('CN-Med-Growth Rate'!P$31:P$47,'CN-Med-Growth Rate'!$A$31:$A$47,$A11,'CN-Med-Growth Rate'!$C$31:$C$47,$B$1) -> 2.8893855e+12 | ... AR11: =$E11*SUMIFS('CN-Med-Growth Rate'!AU$31:AU$47,'CN-Med-Growth Rate'!$A$31:$A$47,$A11,'CN-Med-Growth Rate'!$C$31:$C$47,$B$1) -> 2.3096627e+12
A12: chemicals 20 | B12: =SUMIFS('GHG Emissions 2018-2021'!$D$4:$D$14,'GHG Emissions 2018-2021'!$A$4:$A$14,$A12)*10^10 -> 290576000000000 | C12: =AVERAGE(B12,D12) -> 303168500000000 | D12: =SUMIFS('GHG Emissions 2018-2021'!$D$19:$D$31,'GHG Emissions 2018-2021'!$A$19:$A$31,$A12)*10^10 -> 315761000000000 | E12: =SUMIFS('GHG Emissions 2018-2021'!$D$36:$D$48,'GHG Emissions 2018-2021'!$A$36:$A$48,$A12)*10^10 -> 328775000000000 | F12: =$E12*SUMIFS('CN-Med-Growth Rate'!I$31:I$47,'CN-Med-Growth Rate'!$A$31:$A$47,$A12,'CN-Med-Growth Rate'!$C$31:$C$47,$B$1) -> 3.3227261e+14 | G12: =$E12*SUMIFS('CN-Med-Growth Rate'!J$31:J$47,'CN-Med-Growth Rate'!$A$31:$A$47,$A12,'CN-Med-Growth Rate'!$C$31:$C$47,$B$1) -> 3.3810195e+14 | H12: =$E12*SUMIFS('CN-Med-Growth Rate'!K$31:K$47,'CN-Med-Growth Rate'!$A$31:$A$47,$A12,'CN-Med-Growth Rate'!$C$31:$C$47,$B$1) -> 3.4393129e+14 | I12: =$E12*SUMIFS('CN-Med-Growth Rate'!L$31:L$47,'CN-Med-Growth Rate'!$A$31:$A$47,$A12,'CN-Med-Growth Rate'!$C$31:$C$47,$B$1) -> 3.4976064e+14 | J12: =$E12*SUMIFS('CN-Med-Growth Rate'!M$31:M$47,'CN-Med-Growth Rate'!$A$31:$A$47,$A12,'CN-Med-Growth Rate'!$C$31:$C$47,$B$1) -> 3.5267531e+14 | K12: =$E12*SUMIFS('CN-Med-Growth Rate'!N$31:N$47,'CN-Med-Growth Rate'!$A$31:$A$47,$A12,'CN-Med-Growth Rate'!$C$31:$C$47,$B$1) -> 3.5558998e+14 | L12: =$E12*SUMIFS('CN-Med-Growth Rate'!O$31:O$47,'CN-Med-Growth Rate'!$A$31:$A$47,$A12,'CN-Med-Growth Rate'!$C$31:$C$47,$B$1) -> 3.5850465e+14 | M12: =$E12*SUMIFS('CN-Med-Growth Rate'!P$31:P$47,'CN-Med-Growth Rate'!$A$31:$A$47,$A12,'CN-Med-Growth Rate'!$C$31:$C$47,$B$1) -> 3.6141933e+14 | ... AR12: =$E12*SUMIFS('CN-Med-Growth Rate'!AU$31:AU$47,'CN-Med-Growth Rate'!$A$31:$A$47,$A12,'CN-Med-Growth Rate'!$C$31:$C$47,$B$1) -> 3.1245284e+14
A13: rubber and plastic products 22 | B13: =SUMIFS('GHG Emissions 2018-2021'!$D$4:$D$14,'GHG Emissions 2018-2021'!$A$4:$A$14,$A13)*10^10 -> 0 | C13: =AVERAGE(B13,D13) -> 0 | D13: =SUMIFS('GHG Emissions 2018-2021'!$D$19:$D$31,'GHG Emissions 2018-2021'!$A$19:$A$31,$A13)*10^10 -> 0 | E13: =SUMIFS('GHG Emissions 2018-2021'!$D$36:$D$48,'GHG Emissions 2018-2021'!$A$36:$A$48,$A13)*10^10 -> 0 | F13: =$E13*SUMIFS('CN-Med-Growth Rate'!I$31:I$47,'CN-Med-Growth Rate'!$A$31:$A$47,$A13,'CN-Med-Growth Rate'!$C$31:$C$47,$B$1) -> 0 | G13: =$E13*SUMIFS('CN-Med-Growth Rate'!J$31:J$47,'CN-Med-Growth Rate'!$A$31:$A$47,$A13,'CN-Med-Growth Rate'!$C$31:$C$47,$B$1) -> 0 | H13: =$E13*SUMIFS('CN-Med-Growth Rate'!K$31:K$47,'CN-Med-Growth Rate'!$A$31:$A$47,$A13,'CN-Med-Growth Rate'!$C$31:$C$47,$B$1) -> 0 | I13: =$E13*SUMIFS('CN-Med-Growth Rate'!L$31:L$47,'CN-Med-Growth Rate'!$A$31:$A$47,$A13,'CN-Med-Growth Rate'!$C$31:$C$47,$B$1) -> 0 | J13: =$E13*SUMIFS('CN-Med-Growth Rate'!M$31:M$47,'CN-Med-Growth Rate'!$A$31:$A$47,$A13,'CN-Med-Growth Rate'!$C$31:$C$47,$B$1) -> 0 | K13: =$E13*SUMIFS('CN-Med-Growth Rate'!N$31:N$47,'CN-Med-Growth Rate'!$A$31:$A$47,$A13,'CN-Med-Growth Rate'!$C$31:$C$47,$B$1) -> 0 | L13: =$E13*SUMIFS('CN-Med-Growth Rate'!O$31:O$47,'CN-Med-Growth Rate'!$A$31:$A$47,$A13,'CN-Med-Growth Rate'!$C$31:$C$47,$B$1) -> 0 | M13: =$E13*SUMIFS('CN-Med-Growth Rate'!P$31:P$47,'CN-Med-Growth Rate'!$A$31:$A$47,$A13,'CN-Med-Growth Rate'!$C$31:$C$47,$B$1) -> 0 | ... AR13: =$E13*SUMIFS('CN-Med-Growth Rate'!AU$31:AU$47,'CN-Med-Growth Rate'!$A$31:$A$47,$A13,'CN-Med-Growth Rate'!$C$31:$C$47,$B$1) -> 0
A14: glass and glass products 231 | B14: =SUMIFS('GHG Emissions 2018-2021'!$D$4:$D$14,'GHG Emissions 2018-2021'!$A$4:$A$14,$A14)*10^10 -> 0 | C14: =AVERAGE(B14,D14) -> 0 | D14: =SUMIFS('GHG Emissions 2018-2021'!$D$19:$D$31,'GHG Emissions 2018-2021'!$A$19:$A$31,$A14)*10^10 -> 0 | E14: =SUMIFS('GHG Emissions 2018-2021'!$D$36:$D$48,'GHG Emissions 2018-2021'!$A$36:$A$48,$A14)*10^10 -> 0 | F14: =$E14*SUMIFS('CN-Med-Growth Rate'!I$31:I$47,'CN-Med-Growth Rate'!$A$31:$A$47,$A14,'CN-Med-Growth Rate'!$C$31:$C$47,$B$1) -> 0 | G14: =$E14*SUMIFS('CN-Med-Growth Rate'!J$31:J$47,'CN-Med-Growth Rate'!$A$31:$A$47,$A14,'CN-Med-Growth Rate'!$C$31:$C$47,$B$1) -> 0 | H14: =$E14*SUMIFS('CN-Med-Growth Rate'!K$31:K$47,'CN-Med-Growth Rate'!$A$31:$A$47,$A14,'CN-Med-Growth Rate'!$C$31:$C$47,$B$1) -> 0 | I14: =$E14*SUMIFS('CN-Med-Growth Rate'!L$31:L$47,'CN-Med-Growth Rate'!$A$31:$A$47,$A14,'CN-Med-Growth Rate'!$C$31:$C$47,$B$1) -> 0 | J14: =$E14*SUMIFS('CN-Med-Growth Rate'!M$31:M$47,'CN-Med-Growth Rate'!$A$31:$A$47,$A14,'CN-Med-Growth Rate'!$C$31:$C$47,$B$1) -> 0 | K14: =$E14*SUMIFS('CN-Med-Growth Rate'!N$31:N$47,'CN-Med-Growth Rate'!$A$31:$A$47,$A14,'CN-Med-Growth Rate'!$C$31:$C$47,$B$1) -> 0 | L14: =$E14*SUMIFS('CN-Med-Growth Rate'!O$31:O$47,'CN-Med-Growth Rate'!$A$31:$A$47,$A14,'CN-Med-Growth Rate'!$C$31:$C$47,$B$1) -> 0 | M14: =$E14*SUMIFS('CN-Med-Growth Rate'!P$31:P$47,'CN-Med-Growth Rate'!$A$31:$A$47,$A14,'CN-Med-Growth Rate'!$C$31:$C$47,$B$1) -> 0 | ... AR14: =$E14*SUMIFS('CN-Med-Growth Rate'!AU$31:AU$47,'CN-Med-Growth Rate'!$A$31:$A$47,$A14,'CN-Med-Growth Rate'!$C$31:$C$47,$B$1) -> 0
... A27: construction 41T43 | B27: =SUMIFS('GHG Emissions 2018-2021'!$D$4:$D$14,'GHG Emissions 2018-2021'!$A$4:$A$14,$A27)*10^10 -> 0 | C27: =AVERAGE(B27,D27) -> 0 | D27: =SUMIFS('GHG Emissions 2018-2021'!$D$19:$D$31,'GHG Emissions 2018-2021'!$A$19:$A$31,$A27)*10^10 -> 0 | E27: =SUMIFS('GHG Emissions 2018-2021'!$D$36:$D$48,'GHG Emissions 2018-2021'!$A$36:$A$48,$A27)*10^10 -> 0 | F27: =$E27*SUMIFS('CN-Med-Growth Rate'!I$31:I$47,'CN-Med-Growth Rate'!$A$31:$A$47,$A27,'CN-Med-Growth Rate'!$C$31:$C$47,$B$1) -> 0 | G27: =$E27*SUMIFS('CN-Med-Growth Rate'!J$31:J$47,'CN-Med-Growth Rate'!$A$31:$A$47,$A27,'CN-Med-Growth Rate'!$C$31:$C$47,$B$1) -> 0 | H27: =$E27*SUMIFS('CN-Med-Growth Rate'!K$31:K$47,'CN-Med-Growth Rate'!$A$31:$A$47,$A27,'CN-Med-Growth Rate'!$C$31:$C$47,$B$1) -> 0 | I27: =$E27*SUMIFS('CN-Med-Growth Rate'!L$31:L$47,'CN-Med-Growth Rate'!$A$31:$A$47,$A27,'CN-Med-Growth Rate'!$C$31:$C$47,$B$1) -> 0 | J27: =$E27*SUMIFS('CN-Med-Growth Rate'!M$31:M$47,'CN-Med-Growth Rate'!$A$31:$A$47,$A27,'CN-Med-Growth Rate'!$C$31:$C$47,$B$1) -> 0 | K27: =$E27*SUMIFS('CN-Med-Growth Rate'!N$31:N$47,'CN-Med-Growth Rate'!$A$31:$A$47,$A27,'CN-Med-Growth Rate'!$C$31:$C$47,$B$1) -> 0 | L27: =$E27*SUMIFS('CN-Med-Growth Rate'!O$31:O$47,'CN-Med-Growth Rate'!$A$31:$A$47,$A27,'CN-Med-Growth Rate'!$C$31:$C$47,$B$1) -> 0 | M27: =$E27*SUMIFS('CN-Med-Growth Rate'!P$31:P$47,'CN-Med-Growth Rate'!$A$31:$A$47,$A27,'CN-Med-Growth Rate'!$C$31:$C$47,$B$1) -> 0 | ... AR27: =$E27*SUMIFS('CN-Med-Growth Rate'!AU$31:AU$47,'CN-Med-Growth Rate'!$A$31:$A$47,$A27,'CN-Med-Growth Rate'!$C$31:$C$47,$B$1) -> 0

Sheet CN-Med-BPE-CH4
A1: Pollutant: | B1: CH4 | C1: =_xlfn.CONCAT("Unit: grams of ",B1) -> Unit: grams of CH4
B2: 2018 | C2: 2019 | D2: 2020 | E2: 2021 | F2: 2022 | G2: 2023 | H2: 2024 | I2: 2025 | J2: 2026 | K2: 2027 | L2: 2028 | M2: 2029 | N2: 2030 | O2: 2031 | P2: 2032 | Q2: 2033 | R2: 2034 | S2: 2035 | T2: 2036 | U2: 2037 | V2: 2038 | W2: 2039 | X2: 2040 | Y2: 2041 | Z2: 2042 | AA2: 2043 | AB2: 2044 | AC2: 2045 | AD2: 2046 | AE2: 2047 | AF2: 2048 | AG2: 2049 | AH2: 2050 | AI2: 2051 | AJ2: 2052 | AK2: 2053 | AL2: 2054 | AM2: 2055 | AN2: 2056 | AO2: 2057 | AP2: 2058 | AQ2: 2059 | AR2: 2060
A3: agriculture and forestry 01T03 | B3: =SUMIFS('GHG Emissions 2018-2021'!$E$4:$E$14,'GHG Emissions 2018-2021'!$A$4:$A$14,$A3)*10^10 -> 23847000000000 | C3: =AVERAGE(B3,D3) -> 23783500000000 | D3: =SUMIFS('GHG Emissions 2018-2021'!$E$19:$E$31,'GHG Emissions 2018-2021'!$A$19:$A$31,$A3)*10^10 -> 23720000000000 | E3: =SUMIFS('GHG Emissions 2018-2021'!$E$36:$E$48,'GHG Emissions 2018-2021'!$A$36:$A$48,$A3)*10^10 -> 24279000000000 | F3: =$E3*SUMIFS('CN-Med-Growth Rate'!I$31:I$47,'CN-Med-Growth Rate'!$A$31:$A$47,$A3,'CN-Med-Growth Rate'!$C$31:$C$47,$B$1) -> 2.4328394e+13 | G3: =$E3*SUMIFS('CN-Med-Growth Rate'!J$31:J$47,'CN-Med-Growth Rate'!$A$31:$A$47,$A3,'CN-Med-Growth Rate'!$C$31:$C$47,$B$1) -> 2.4377789e+13 | H3: =$E3*SUMIFS('CN-Med-Growth Rate'!K$31:K$47,'CN-Med-Growth Rate'!$A$31:$A$47,$A3,'CN-Med-Growth Rate'!$C$31:$C$47,$B$1) -> 2.4427184e+13 | I3: =$E3*SUMIFS('CN-Med-Growth Rate'!L$31:L$47,'CN-Med-Growth Rate'!$A$31:$A$47,$A3,'CN-Med-Growth Rate'!$C$31:$C$47,$B$1) -> 2.4476579e+13 | J3: =$E3*SUMIFS('CN-Med-Growth Rate'!M$31:M$47,'CN-Med-Growth Rate'!$A$31:$A$47,$A3,'CN-Med-Growth Rate'!$C$31:$C$47,$B$1) -> 2.4469206e+13 | K3: =$E3*SUMIFS('CN-Med-Growth Rate'!N$31:N$47,'CN-Med-Growth Rate'!$A$31:$A$47,$A3,'CN-Med-Growth Rate'!$C$31:$C$47,$B$1) -> 2.4461834e+13 | L3: =$E3*SUMIFS('CN-Med-Growth Rate'!O$31:O$47,'CN-Med-Growth Rate'!$A$31:$A$47,$A3,'CN-Med-Growth Rate'!$C$31:$C$47,$B$1) -> 2.4454462e+13 | M3: =$E3*SUMIFS('CN-Med-Growth Rate'!P$31:P$47,'CN-Med-Growth Rate'!$A$31:$A$47,$A3,'CN-Med-Growth Rate'!$C$31:$C$47,$B$1) -> 2.444709e+13 | ... AR3: =$E3*SUMIFS('CN-Med-Growth Rate'!AU$31:AU$47,'CN-Med-Growth Rate'!$A$31:$A$47,$A3,'CN-Med-Growth Rate'!$C$31:$C$47,$B$1) -> 2.1178655e+13
A4: coal mining 05 | B4: =SUMIFS('GHG Emissions 2018-2021'!$E$4:$E$14,'GHG Emissions 2018-2021'!$A$4:$A$14,$A4)*10^10 -> 25122000000000 | C4: =AVERAGE(B4,D4) -> 24992500000000 | D4: =SUMIFS('GHG Emissions 2018-2021'!$E$19:$E$31,'GHG Emissions 2018-2021'!$A$19:$A$31,$A4)*10^10 -> 24863000000000 | E4: =SUMIFS('GHG Emissions 2018-2021'!$E$36:$E$48,'GHG Emissions 2018-2021'!$A$36:$A$48,$A4)*10^10 -> 25030000000000 | F4: =$E4*SUMIFS('CN-Med-Growth Rate'!I$31:I$47,'CN-Med-Growth Rate'!$A$31:$A$47,$A4,'CN-Med-Growth Rate'!$C$31:$C$47,$B$1) -> 2.7656755e+13 | G4: =$E4*SUMIFS('CN-Med-Growth Rate'!J$31:J$47,'CN-Med-Growth Rate'!$A$31:$A$47,$A4,'CN-Med-Growth Rate'!$C$31:$C$47,$B$1) -> 2.8406967e+13 | H4: =$E4*SUMIFS('CN-Med-Growth Rate'!K$31:K$47,'CN-Med-Growth Rate'!$A$31:$A$47,$A4,'CN-Med-Growth Rate'!$C$31:$C$47,$B$1) -> 2.915718e+13 | I4: =$E4*SUMIFS('CN-Med-Growth Rate'!L$31:L$47,'CN-Med-Growth Rate'!$A$31:$A$47,$A4,'CN-Med-Growth Rate'!$C$31:$C$47,$B$1) -> 2.987706e+13 | J4: =$E4*SUMIFS('CN-Med-Growth Rate'!M$31:M$47,'CN-Med-Growth Rate'!$A$31:$A$47,$A4,'CN-Med-Growth Rate'!$C$31:$C$47,$B$1) -> 3.0362373e+13 | K4: =$E4*SUMIFS('CN-Med-Growth Rate'!N$31:N$47,'CN-Med-Growth Rate'!$A$31:$A$47,$A4,'CN-Med-Growth Rate'!$C$31:$C$47,$B$1) -> 3.0847685e+13 | L4: =$E4*SUMIFS('CN-Med-Growth Rate'!O$31:O$47,'CN-Med-Growth Rate'!$A$31:$A$47,$A4,'CN-Med-Growth Rate'!$C$31:$C$47,$B$1) -> 3.1332998e+13 | M4: =$E4*SUMIFS('CN-Med-Growth Rate'!P$31:P$47,'CN-Med-Growth Rate'!$A$31:$A$47,$A4,'CN-Med-Growth Rate'!$C$31:$C$47,$B$1) -> 3.183651e+13 | ... AR4: =$E4*SUMIFS('CN-Med-Growth Rate'!AU$31:AU$47,'CN-Med-Growth Rate'!$A$31:$A$47,$A4,'CN-Med-Growth Rate'!$C$31:$C$47,$B$1) -> 1.932151e+13
A5: oil and gas extraction 06 | B5: =SUMIFS('GHG Emissions 2018-2021'!$E$4:$E$14,'GHG Emissions 2018-2021'!$A$4:$A$14,$A5)*10^10 -> 0 | C5: =AVERAGE(B5,D5) -> 0 | D5: =SUMIFS('GHG Emissions 2018-2021'!$E$19:$E$31,'GHG Emissions 2018-2021'!$A$19:$A$31,$A5)*10^10 -> 0 | E5: =SUMIFS('GHG Emissions 2018-2021'!$E$36:$E$48,'GHG Emissions 2018-2021'!$A$36:$A$48,$A5)*10^10 -> 0 | F5: =$E5*SUMIFS('CN-Med-Growth Rate'!I$31:I$47,'CN-Med-Growth Rate'!$A$31:$A$47,$A5,'CN-Med-Growth Rate'!$C$31:$C$47,$B$1) -> 0 | G5: =$E5*SUMIFS('CN-Med-Growth Rate'!J$31:J$47,'CN-Med-Growth Rate'!$A$31:$A$47,$A5,'CN-Med-Growth Rate'!$C$31:$C$47,$B$1) -> 0 | H5: =$E5*SUMIFS('CN-Med-Growth Rate'!K$31:K$47,'CN-Med-Growth Rate'!$A$31:$A$47,$A5,'CN-Med-Growth Rate'!$C$31:$C$47,$B$1) -> 0 | I5: =$E5*SUMIFS('CN-Med-Growth Rate'!L$31:L$47,'CN-Med-Growth Rate'!$A$31:$A$47,$A5,'CN-Med-Growth Rate'!$C$31:$C$47,$B$1) -> 0 | J5: =$E5*SUMIFS('CN-Med-Growth Rate'!M$31:M$47,'CN-Med-Growth Rate'!$A$31:$A$47,$A5,'CN-Med-Growth Rate'!$C$31:$C$47,$B$1) -> 0 | K5: =$E5*SUMIFS('CN-Med-Growth Rate'!N$31:N$47,'CN-Med-Growth Rate'!$A$31:$A$47,$A5,'CN-Med-Growth Rate'!$C$31:$C$47,$B$1) -> 0 | L5: =$E5*SUMIFS('CN-Med-Growth Rate'!O$31:O$47,'CN-Med-Growth Rate'!$A$31:$A$47,$A5,'CN-Med-Growth Rate'!$C$31:$C$47,$B$1) -> 0 | M5: =$E5*SUMIFS('CN-Med-Growth Rate'!P$31:P$47,'CN-Med-Growth Rate'!$A$31:$A$47,$A5,'CN-Med-Growth Rate'!$C$31:$C$47,$B$1) -> 0 | ... AR5: =$E5*SUMIFS('CN-Med-Growth Rate'!AU$31:AU$47,'CN-Med-Growth Rate'!$A$31:$A$47,$A5,'CN-Med-Growth Rate'!$C$31:$C$47,$B$1) -> 0
A6: other mining and quarrying 07T08 | B6: =SUMIFS('GHG Emissions 2018-2021'!$E$4:$E$14,'GHG Emissions 2018-2021'!$A$4:$A$14,$A6)*10^10 -> 0 | C6: =AVERAGE(B6,D6) -> 0 | D6: =SUMIFS('GHG Emissions 2018-2021'!$E$19:$E$31,'GHG Emissions 2018-2021'!$A$19:$A$31,$A6)*10^10 -> 0 | E6: =SUMIFS('GHG Emissions 2018-2021'!$E$36:$E$48,'GHG Emissions 2018-2021'!$A$36:$A$48,$A6)*10^10 -> 0 | F6: =$E6*SUMIFS('CN-Med-Growth Rate'!I$31:I$47,'CN-Med-Growth Rate'!$A$31:$A$47,$A6,'CN-Med-Growth Rate'!$C$31:$C$47,$B$1) -> 0 | G6: =$E6*SUMIFS('CN-Med-Growth Rate'!J$31:J$47,'CN-Med-Growth Rate'!$A$31:$A$47,$A6,'CN-Med-Growth Rate'!$C$31:$C$47,$B$1) -> 0 | H6: =$E6*SUMIFS('CN-Med-Growth Rate'!K$31:K$47,'CN-Med-Growth Rate'!$A$31:$A$47,$A6,'CN-Med-Growth Rate'!$C$31:$C$47,$B$1) -> 0 | I6: =$E6*SUMIFS('CN-Med-Growth Rate'!L$31:L$47,'CN-Med-Growth Rate'!$A$31:$A$47,$A6,'CN-Med-Growth Rate'!$C$31:$C$47,$B$1) -> 0 | J6: =$E6*SUMIFS('CN-Med-Growth Rate'!M$31:M$47,'CN-Med-Growth Rate'!$A$31:$A$47,$A6,'CN-Med-Growth Rate'!$C$31:$C$47,$B$1) -> 0 | K6: =$E6*SUMIFS('CN-Med-Growth Rate'!N$31:N$47,'CN-Med-Growth Rate'!$A$31:$A$47,$A6,'CN-Med-Growth Rate'!$C$31:$C$47,$B$1) -> 0 | L6: =$E6*SUMIFS('CN-Med-Growth Rate'!O$31:O$47,'CN-Med-Growth Rate'!$A$31:$A$47,$A6,'CN-Med-Growth Rate'!$C$31:$C$47,$B$1) -> 0 | M6: =$E6*SUMIFS('CN-Med-Growth Rate'!P$31:P$47,'CN-Med-Growth Rate'!$A$31:$A$47,$A6,'CN-Med-Growth Rate'!$C$31:$C$47,$B$1) -> 0 | ... AR6: =$E6*SUMIFS('CN-Med-Growth Rate'!AU$31:AU$47,'CN-Med-Growth Rate'!$A$31:$A$47,$A6,'CN-Med-Growth Rate'!$C$31:$C$47,$B$1) -> 0
A7: food beverage and tobacco 10T12 | B7: =SUMIFS('GHG Emissions 2018-2021'!$E$4:$E$14,'GHG Emissions 2018-2021'!$A$4:$A$14,$A7)*10^10 -> 0 | C7: =AVERAGE(B7,D7) -> 0 | D7: =SUMIFS('GHG Emissions 2018-2021'!$E$19:$E$31,'GHG Emissions 2018-2021'!$A$19:$A$31,$A7)*10^10 -> 0 | E7: =SUMIFS('GHG Emissions 2018-2021'!$E$36:$E$48,'GHG Emissions 2018-2021'!$A$36:$A$48,$A7)*10^10 -> 0 | F7: =$E7*SUMIFS('CN-Med-Growth Rate'!I$31:I$47,'CN-Med-Growth Rate'!$A$31:$A$47,$A7,'CN-Med-Growth Rate'!$C$31:$C$47,$B$1) -> 0 | G7: =$E7*SUMIFS('CN-Med-Growth Rate'!J$31:J$47,'CN-Med-Growth Rate'!$A$31:$A$47,$A7,'CN-Med-Growth Rate'!$C$31:$C$47,$B$1) -> 0 | H7: =$E7*SUMIFS('CN-Med-Growth Rate'!K$31:K$47,'CN-Med-Growth Rate'!$A$31:$A$47,$A7,'CN-Med-Growth Rate'!$C$31:$C$47,$B$1) -> 0 | I7: =$E7*SUMIFS('CN-Med-Growth Rate'!L$31:L$47,'CN-Med-Growth Rate'!$A$31:$A$47,$A7,'CN-Med-Growth Rate'!$C$31:$C$47,$B$1) -> 0 | J7: =$E7*SUMIFS('CN-Med-Growth Rate'!M$31:M$47,'CN-Med-Growth Rate'!$A$31:$A$47,$A7,'CN-Med-Growth Rate'!$C$31:$C$47,$B$1) -> 0 | K7: =$E7*SUMIFS('CN-Med-Growth Rate'!N$31:N$47,'CN-Med-Growth Rate'!$A$31:$A$47,$A7,'CN-Med-Growth Rate'!$C$31:$C$47,$B$1) -> 0 | L7: =$E7*SUMIFS('CN-Med-Growth Rate'!O$31:O$47,'CN-Med-Growth Rate'!$A$31:$A$47,$A7,'CN-Med-Growth Rate'!$C$31:$C$47,$B$1) -> 0 | M7: =$E7*SUMIFS('CN-Med-Growth Rate'!P$31:P$47,'CN-Med-Growth Rate'!$A$31:$A$47,$A7,'CN-Med-Growth Rate'!$C$31:$C$47,$B$1) -> 0 | ... AR7: =$E7*SUMIFS('CN-Med-Growth Rate'!AU$31:AU$47,'CN-Med-Growth Rate'!$A$31:$A$47,$A7,'CN-Med-Growth Rate'!$C$31:$C$47,$B$1) -> 0
A8: textiles apparel and leather 13T15 | B8: =SUMIFS('GHG Emissions 2018-2021'!$E$4:$E$14,'GHG Emissions 2018-2021'!$A$4:$A$14,$A8)*10^10 -> 0 | C8: =AVERAGE(B8,D8) -> 0 | D8: =SUMIFS('GHG Emissions 2018-2021'!$E$19:$E$31,'GHG Emissions 2018-2021'!$A$19:$A$31,$A8)*10^10 -> 0 | E8: =SUMIFS('GHG Emissions 2018-2021'!$E$36:$E$48,'GHG Emissions 2018-2021'!$A$36:$A$48,$A8)*10^10 -> 0 | F8: =$E8*SUMIFS('CN-Med-Growth Rate'!I$31:I$47,'CN-Med-Growth Rate'!$A$31:$A$47,$A8,'CN-Med-Growth Rate'!$C$31:$C$47,$B$1) -> 0 | G8: =$E8*SUMIFS('CN-Med-Growth Rate'!J$31:J$47,'CN-Med-Growth Rate'!$A$31:$A$47,$A8,'CN-Med-Growth Rate'!$C$31:$C$47,$B$1) -> 0 | H8: =$E8*SUMIFS('CN-Med-Growth Rate'!K$31:K$47,'CN-Med-Growth Rate'!$A$31:$A$47,$A8,'CN-Med-Growth Rate'!$C$31:$C$47,$B$1) -> 0 | I8: =$E8*SUMIFS('CN-Med-Growth Rate'!L$31:L$47,'CN-Med-Growth Rate'!$A$31:$A$47,$A8,'CN-Med-Growth Rate'!$C$31:$C$47,$B$1) -> 0 | J8: =$E8*SUMIFS('CN-Med-Growth Rate'!M$31:M$47,'CN-Med-Growth Rate'!$A$31:$A$47,$A8,'CN-Med-Growth Rate'!$C$31:$C$47,$B$1) -> 0 | K8: =$E8*SUMIFS('CN-Med-Growth Rate'!N$31:N$47,'CN-Med-Growth Rate'!$A$31:$A$47,$A8,'CN-Med-Growth Rate'!$C$31:$C$47,$B$1) -> 0 | L8: =$E8*SUMIFS('CN-Med-Growth Rate'!O$31:O$47,'CN-Med-Growth Rate'!$A$31:$A$47,$A8,'CN-Med-Growth Rate'!$C$31:$C$47,$B$1) -> 0 | M8: =$E8*SUMIFS('CN-Med-Growth Rate'!P$31:P$47,'CN-Med-Growth Rate'!$A$31:$A$47,$A8,'CN-Med-Growth Rate'!$C$31:$C$47,$B$1) -> 0 | ... AR8: =$E8*SUMIFS('CN-Med-Growth Rate'!AU$31:AU$47,'CN-Med-Growth Rate'!$A$31:$A$47,$A8,'CN-Med-Growth Rate'!$C$31:$C$47,$B$1) -> 0
A9: wood products 16 | B9: =SUMIFS('GHG Emissions 2018-2021'!$E$4:$E$14,'GHG Emissions 2018-2021'!$A$4:$A$14,$A9)*10^10 -> 0 | C9: =AVERAGE(B9,D9) -> 0 | D9: =SUMIFS('GHG Emissions 2018-2021'!$E$19:$E$31,'GHG Emissions 2018-2021'!$A$19:$A$31,$A9)*10^10 -> 0 | E9: =SUMIFS('GHG Emissions 2018-2021'!$E$36:$E$48,'GHG Emissions 2018-2021'!$A$36:$A$48,$A9)*10^10 -> 0 | F9: =$E9*SUMIFS('CN-Med-Growth Rate'!I$31:I$47,'CN-Med-Growth Rate'!$A$31:$A$47,$A9,'CN-Med-Growth Rate'!$C$31:$C$47,$B$1) -> 0 | G9: =$E9*SUMIFS('CN-Med-Growth Rate'!J$31:J$47,'CN-Med-Growth Rate'!$A$31:$A$47,$A9,'CN-Med-Growth Rate'!$C$31:$C$47,$B$1) -> 0 | H9: =$E9*SUMIFS('CN-Med-Growth Rate'!K$31:K$47,'CN-Med-Growth Rate'!$A$31:$A$47,$A9,'CN-Med-Growth Rate'!$C$31:$C$47,$B$1) -> 0 | I9: =$E9*SUMIFS('CN-Med-Growth Rate'!L$31:L$47,'CN-Med-Growth Rate'!$A$31:$A$47,$A9,'CN-Med-Growth Rate'!$C$31:$C$47,$B$1) -> 0 | J9: =$E9*SUMIFS('CN-Med-Growth Rate'!M$31:M$47,'CN-Med-Growth Rate'!$A$31:$A$47,$A9,'CN-Med-Growth Rate'!$C$31:$C$47,$B$1) -> 0 | K9: =$E9*SUMIFS('CN-Med-Growth Rate'!N$31:N$47,'CN-Med-Growth Rate'!$A$31:$A$47,$A9,'CN-Med-Growth Rate'!$C$31:$C$47,$B$1) -> 0 | L9: =$E9*SUMIFS('CN-Med-Growth Rate'!O$31:O$47,'CN-Med-Growth Rate'!$A$31:$A$47,$A9,'CN-Med-Growth Rate'!$C$31:$C$47,$B$1) -> 0 | M9: =$E9*SUMIFS('CN-Med-Growth Rate'!P$31:P$47,'CN-Med-Growth Rate'!$A$31:$A$47,$A9,'CN-Med-Growth Rate'!$C$31:$C$47,$B$1) -> 0 | ... AR9: =$E9*SUMIFS('CN-Med-Growth Rate'!AU$31:AU$47,'CN-Med-Growth Rate'!$A$31:$A$47,$A9,'CN-Med-Growth Rate'!$C$31:$C$47,$B$1) -> 0
A10: pulp paper and printing 17T18 | B10: =SUMIFS('GHG Emissions 2018-2021'!$E$4:$E$14,'GHG Emissions 2018-2021'!$A$4:$A$14,$A10)*10^10 -> 0 | C10: =AVERAGE(B10,D10) -> 0 | D10: =SUMIFS('GHG Emissions 2018-2021'!$E$19:$E$31,'GHG Emissions 2018-2021'!$A$19:$A$31,$A10)*10^10 -> 0 | E10: =SUMIFS('GHG Emissions 2018-2021'!$E$36:$E$48,'GHG Emissions 2018-2021'!$A$36:$A$48,$A10)*10^10 -> 0 | F10: =$E10*SUMIFS('CN-Med-Growth Rate'!I$31:I$47,'CN-Med-Growth Rate'!$A$31:$A$47,$A10,'CN-Med-Growth Rate'!$C$31:$C$47,$B$1) -> 0 | G10: =$E10*SUMIFS('CN-Med-Growth Rate'!J$31:J$47,'CN-Med-Growth Rate'!$A$31:$A$47,$A10,'CN-Med-Growth Rate'!$C$31:$C$47,$B$1) -> 0 | H10: =$E10*SUMIFS('CN-Med-Growth Rate'!K$31:K$47,'CN-Med-Growth Rate'!$A$31:$A$47,$A10,'CN-Med-Growth Rate'!$C$31:$C$47,$B$1) -> 0 | I10: =$E10*SUMIFS('CN-Med-Growth Rate'!L$31:L$47,'CN-Med-Growth Rate'!$A$31:$A$47,$A10,'CN-Med-Growth Rate'!$C$31:$C$47,$B$1) -> 0 | J10: =$E10*SUMIFS('CN-Med-Growth Rate'!M$31:M$47,'CN-Med-Growth Rate'!$A$31:$A$47,$A10,'CN-Med-Growth Rate'!$C$31:$C$47,$B$1) -> 0 | K10: =$E10*SUMIFS('CN-Med-Growth Rate'!N$31:N$47,'CN-Med-Growth Rate'!$A$31:$A$47,$A10,'CN-Med-Growth Rate'!$C$31:$C$47,$B$1) -> 0 | L10: =$E10*SUMIFS('CN-Med-Growth Rate'!O$31:O$47,'CN-Med-Growth Rate'!$A$31:$A$47,$A10,'CN-Med-Growth Rate'!$C$31:$C$47,$B$1) -> 0 | M10: =$E10*SUMIFS('CN-Med-Growth Rate'!P$31:P$47,'CN-Med-Growth Rate'!$A$31:$A$47,$A10,'CN-Med-Growth Rate'!$C$31:$C$47,$B$1) -> 0 | ... AR10: =$E10*SUMIFS('CN-Med-Growth Rate'!AU$31:AU$47,'CN-Med-Growth Rate'!$A$31:$A$47,$A10,'CN-Med-Growth Rate'!$C$31:$C$47,$B$1) -> 0
A11: refined petroleum and coke 19 | B11: =SUMIFS('GHG Emissions 2018-2021'!$E$4:$E$14,'GHG Emissions 2018-2021'!$A$4:$A$14,$A11)*10^10 -> 0 | C11: =AVERAGE(B11,D11) -> 0 | D11: =SUMIFS('GHG Emissions 2018-2021'!$E$19:$E$31,'GHG Emissions 2018-2021'!$A$19:$A$31,$A11)*10^10 -> 0 | E11: =SUMIFS('GHG Emissions 2018-2021'!$E$36:$E$48,'GHG Emissions 2018-2021'!$A$36:$A$48,$A11)*10^10 -> 0 | F11: =$E11*SUMIFS('CN-Med-Growth Rate'!I$31:I$47,'CN-Med-Growth Rate'!$A$31:$A$47,$A11,'CN-Med-Growth Rate'!$C$31:$C$47,$B$1) -> 0 | G11: =$E11*SUMIFS('CN-Med-Growth Rate'!J$31:J$47,'CN-Med-Growth Rate'!$A$31:$A$47,$A11,'CN-Med-Growth Rate'!$C$31:$C$47,$B$1) -> 0 | H11: =$E11*SUMIFS('CN-Med-Growth Rate'!K$31:K$47,'CN-Med-Growth Rate'!$A$31:$A$47,$A11,'CN-Med-Growth Rate'!$C$31:$C$47,$B$1) -> 0 | I11: =$E11*SUMIFS('CN-Med-Growth Rate'!L$31:L$47,'CN-Med-Growth Rate'!$A$31:$A$47,$A11,'CN-Med-Growth Rate'!$C$31:$C$47,$B$1) -> 0 | J11: =$E11*SUMIFS('CN-Med-Growth Rate'!M$31:M$47,'CN-Med-Growth Rate'!$A$31:$A$47,$A11,'CN-Med-Growth Rate'!$C$31:$C$47,$B$1) -> 0 | K11: =$E11*SUMIFS('CN-Med-Growth Rate'!N$31:N$47,'CN-Med-Growth Rate'!$A$31:$A$47,$A11,'CN-Med-Growth Rate'!$C$31:$C$47,$B$1) -> 0 | L11: =$E11*SUMIFS('CN-Med-Growth Rate'!O$31:O$47,'CN-Med-Growth Rate'!$A$31:$A$47,$A11,'CN-Med-Growth Rate'!$C$31:$C$47,$B$1) -> 0 | M11: =$E11*SUMIFS('CN-Med-Growth Rate'!P$31:P$47,'CN-Med-Growth Rate'!$A$31:$A$47,$A11,'CN-Med-Growth Rate'!$C$31:$C$47,$B$1) -> 0 | ... AR11: =$E11*SUMIFS('CN-Med-Growth Rate'!AU$31:AU$47,'CN-Med-Growth Rate'!$A$31:$A$47,$A11,'CN-Med-Growth Rate'!$C$31:$C$47,$B$1) -> 0
A12: chemicals 20 | B12: =SUMIFS('GHG Emissions 2018-2021'!$E$4:$E$14,'GHG Emissions 2018-2021'!$A$4:$A$14,$A12)*10^10 -> 0 | C12: =AVERAGE(B12,D12) -> 0 | D12: =SUMIFS('GHG Emissions 2018-2021'!$E$19:$E$31,'GHG Emissions 2018-2021'!$A$19:$A$31,$A12)*10^10 -> 0 | E12: =SUMIFS('GHG Emissions 2018-2021'!$E$36:$E$48,'GHG Emissions 2018-2021'!$A$36:$A$48,$A12)*10^10 -> 0 | F12: =$E12*SUMIFS('CN-Med-Growth Rate'!I$31:I$47,'CN-Med-Growth Rate'!$A$31:$A$47,$A12,'CN-Med-Growth Rate'!$C$31:$C$47,$B$1) -> 0 | G12: =$E12*SUMIFS('CN-Med-Growth Rate'!J$31:J$47,'CN-Med-Growth Rate'!$A$31:$A$47,$A12,'CN-Med-Growth Rate'!$C$31:$C$47,$B$1) -> 0 | H12: =$E12*SUMIFS('CN-Med-Growth Rate'!K$31:K$47,'CN-Med-Growth Rate'!$A$31:$A$47,$A12,'CN-Med-Growth Rate'!$C$31:$C$47,$B$1) -> 0 | I12: =$E12*SUMIFS('CN-Med-Growth Rate'!L$31:L$47,'CN-Med-Growth Rate'!$A$31:$A$47,$A12,'CN-Med-Growth Rate'!$C$31:$C$47,$B$1) -> 0 | J12: =$E12*SUMIFS('CN-Med-Growth Rate'!M$31:M$47,'CN-Med-Growth Rate'!$A$31:$A$47,$A12,'CN-Med-Growth Rate'!$C$31:$C$47,$B$1) -> 0 | K12: =$E12*SUMIFS('CN-Med-Growth Rate'!N$31:N$47,'CN-Med-Growth Rate'!$A$31:$A$47,$A12,'CN-Med-Growth Rate'!$C$31:$C$47,$B$1) -> 0 | L12: =$E12*SUMIFS('CN-Med-Growth Rate'!O$31:O$47,'CN-Med-Growth Rate'!$A$31:$A$47,$A12,'CN-Med-Growth Rate'!$C$31:$C$47,$B$1) -> 0 | M12: =$E12*SUMIFS('CN-Med-Growth Rate'!P$31:P$47,'CN-Med-Growth Rate'!$A$31:$A$47,$A12,'CN-Med-Growth Rate'!$C$31:$C$47,$B$1) -> 0 | ... AR12: =$E12*SUMIFS('CN-Med-Growth Rate'!AU$31:AU$47,'CN-Med-Growth Rate'!$A$31:$A$47,$A12,'CN-Med-Growth Rate'!$C$31:$C$47,$B$1) -> 0
A13: rubber and plastic products 22 | B13: =SUMIFS('GHG Emissions 2018-2021'!$E$4:$E$14,'GHG Emissions 2018-2021'!$A$4:$A$14,$A13)*10^10 -> 0 | C13: =AVERAGE(B13,D13) -> 0 | D13: =SUMIFS('GHG Emissions 2018-2021'!$E$19:$E$31,'GHG Emissions 2018-2021'!$A$19:$A$31,$A13)*10^10 -> 0 | E13: =SUMIFS('GHG Emissions 2018-2021'!$E$36:$E$48,'GHG Emissions 2018-2021'!$A$36:$A$48,$A13)*10^10 -> 0 | F13: =$E13*SUMIFS('CN-Med-Growth Rate'!I$31:I$47,'CN-Med-Growth Rate'!$A$31:$A$47,$A13,'CN-Med-Growth Rate'!$C$31:$C$47,$B$1) -> 0 | G13: =$E13*SUMIFS('CN-Med-Growth Rate'!J$31:J$47,'CN-Med-Growth Rate'!$A$31:$A$47,$A13,'CN-Med-Growth Rate'!$C$31:$C$47,$B$1) -> 0 | H13: =$E13*SUMIFS('CN-Med-Growth Rate'!K$31:K$47,'CN-Med-Growth Rate'!$A$31:$A$47,$A13,'CN-Med-Growth Rate'!$C$31:$C$47,$B$1) -> 0 | I13: =$E13*SUMIFS('CN-Med-Growth Rate'!L$31:L$47,'CN-Med-Growth Rate'!$A$31:$A$47,$A13,'CN-Med-Growth Rate'!$C$31:$C$47,$B$1) -> 0 | J13: =$E13*SUMIFS('CN-Med-Growth Rate'!M$31:M$47,'CN-Med-Growth Rate'!$A$31:$A$47,$A13,'CN-Med-Growth Rate'!$C$31:$C$47,$B$1) -> 0 | K13: =$E13*SUMIFS('CN-Med-Growth Rate'!N$31:N$47,'CN-Med-Growth Rate'!$A$31:$A$47,$A13,'CN-Med-Growth Rate'!$C$31:$C$47,$B$1) -> 0 | L13: =$E13*SUMIFS('CN-Med-Growth Rate'!O$31:O$47,'CN-Med-Growth Rate'!$A$31:$A$47,$A13,'CN-Med-Growth Rate'!$C$31:$C$47,$B$1) -> 0 | M13: =$E13*SUMIFS('CN-Med-Growth Rate'!P$31:P$47,'CN-Med-Growth Rate'!$A$31:$A$47,$A13,'CN-Med-Growth Rate'!$C$31:$C$47,$B$1) -> 0 | ... AR13: =$E13*SUMIFS('CN-Med-Growth Rate'!AU$31:AU$47,'CN-Med-Growth Rate'!$A$31:$A$47,$A13,'CN-Med-Growth Rate'!$C$31:$C$47,$B$1) -> 0
A14: glass and glass products 231 | B14: =SUMIFS('GHG Emissions 2018-2021'!$E$4:$E$14,'GHG Emissions 2018-2021'!$A$4:$A$14,$A14)*10^10 -> 0 | C14: =AVERAGE(B14,D14) -> 0 | D14: =SUMIFS('GHG Emissions 2018-2021'!$E$19:$E$31,'GHG Emissions 2018-2021'!$A$19:$A$31,$A14)*10^10 -> 0 | E14: =SUMIFS('GHG Emissions 2018-2021'!$E$36:$E$48,'GHG Emissions 2018-2021'!$A$36:$A$48,$A14)*10^10 -> 0 | F14: =$E14*SUMIFS('CN-Med-Growth Rate'!I$31:I$47,'CN-Med-Growth Rate'!$A$31:$A$47,$A14,'CN-Med-Growth Rate'!$C$31:$C$47,$B$1) -> 0 | G14: =$E14*SUMIFS('CN-Med-Growth Rate'!J$31:J$47,'CN-Med-Growth Rate'!$A$31:$A$47,$A14,'CN-Med-Growth Rate'!$C$31:$C$47,$B$1) -> 0 | H14: =$E14*SUMIFS('CN-Med-Growth Rate'!K$31:K$47,'CN-Med-Growth Rate'!$A$31:$A$47,$A14,'CN-Med-Growth Rate'!$C$31:$C$47,$B$1) -> 0 | I14: =$E14*SUMIFS('CN-Med-Growth Rate'!L$31:L$47,'CN-Med-Growth Rate'!$A$31:$A$47,$A14,'CN-Med-Growth Rate'!$C$31:$C$47,$B$1) -> 0 | J14: =$E14*SUMIFS('CN-Med-Growth Rate'!M$31:M$47,'CN-Med-Growth Rate'!$A$31:$A$47,$A14,'CN-Med-Growth Rate'!$C$31:$C$47,$B$1) -> 0 | K14: =$E14*SUMIFS('CN-Med-Growth Rate'!N$31:N$47,'CN-Med-Growth Rate'!$A$31:$A$47,$A14,'CN-Med-Growth Rate'!$C$31:$C$47,$B$1) -> 0 | L14: =$E14*SUMIFS('CN-Med-Growth Rate'!O$31:O$47,'CN-Med-Growth Rate'!$A$31:$A$47,$A14,'CN-Med-Growth Rate'!$C$31:$C$47,$B$1) -> 0 | M14: =$E14*SUMIFS('CN-Med-Growth Rate'!P$31:P$47,'CN-Med-Growth Rate'!$A$31:$A$47,$A14,'CN-Med-Growth Rate'!$C$31:$C$47,$B$1) -> 0 | ... AR14: =$E14*SUMIFS('CN-Med-Growth Rate'!AU$31:AU$47,'CN-Med-Growth Rate'!$A$31:$A$47,$A14,'CN-Med-Growth Rate'!$C$31:$C$47,$B$1) -> 0
... A27: construction 41T43 | B27: =SUMIFS('GHG Emissions 2018-2021'!$E$4:$E$14,'GHG Emissions 2018-2021'!$A$4:$A$14,$A27)*10^10 -> 0 | C27: =AVERAGE(B27,D27) -> 0 | D27: =SUMIFS('GHG Emissions 2018-2021'!$E$19:$E$31,'GHG Emissions 2018-2021'!$A$19:$A$31,$A27)*10^10 -> 0 | E27: =SUMIFS('GHG Emissions 2018-2021'!$E$36:$E$48,'GHG Emissions 2018-2021'!$A$36:$A$48,$A27)*10^10 -> 0 | F27: =$E27*SUMIFS('CN-Med-Growth Rate'!I$31:I$47,'CN-Med-Growth Rate'!$A$31:$A$47,$A27,'CN-Med-Growth Rate'!$C$31:$C$47,$B$1) -> 0 | G27: =$E27*SUMIFS('CN-Med-Growth Rate'!J$31:J$47,'CN-Med-Growth Rate'!$A$31:$A$47,$A27,'CN-Med-Growth Rate'!$C$31:$C$47,$B$1) -> 0 | H27: =$E27*SUMIFS('CN-Med-Growth Rate'!K$31:K$47,'CN-Med-Growth Rate'!$A$31:$A$47,$A27,'CN-Med-Growth Rate'!$C$31:$C$47,$B$1) -> 0 | I27: =$E27*SUMIFS('CN-Med-Growth Rate'!L$31:L$47,'CN-Med-Growth Rate'!$A$31:$A$47,$A27,'CN-Med-Growth Rate'!$C$31:$C$47,$B$1) -> 0 | J27: =$E27*SUMIFS('CN-Med-Growth Rate'!M$31:M$47,'CN-Med-Growth Rate'!$A$31:$A$47,$A27,'CN-Med-Growth Rate'!$C$31:$C$47,$B$1) -> 0 | K27: =$E27*SUMIFS('CN-Med-Growth Rate'!N$31:N$47,'CN-Med-Growth Rate'!$A$31:$A$47,$A27,'CN-Med-Growth Rate'!$C$31:$C$47,$B$1) -> 0 | L27: =$E27*SUMIFS('CN-Med-Growth Rate'!O$31:O$47,'CN-Med-Growth Rate'!$A$31:$A$47,$A27,'CN-Med-Growth Rate'!$C$31:$C$47,$B$1) -> 0 | M27: =$E27*SUMIFS('CN-Med-Growth Rate'!P$31:P$47,'CN-Med-Growth Rate'!$A$31:$A$47,$A27,'CN-Med-Growth Rate'!$C$31:$C$47,$B$1) -> 0 | ... AR27: =$E27*SUMIFS('CN-Med-Growth Rate'!AU$31:AU$47,'CN-Med-Growth Rate'!$A$31:$A$47,$A27,'CN-Med-Growth Rate'!$C$31:$C$47,$B$1) -> 0

Sheet CN-Med-BPE-N2O
A1: Pollutant: | B1: N2O | C1: =_xlfn.CONCAT("Unit: grams of ",B1) -> Unit: grams of N2O
B2: 2018 | C2: 2019 | D2: 2020 | E2: 2021 | F2: 2022 | G2: 2023 | H2: 2024 | I2: 2025 | J2: 2026 | K2: 2027 | L2: 2028 | M2: 2029 | N2: 2030 | O2: 2031 | P2: 2032 | Q2: 2033 | R2: 2034 | S2: 2035 | T2: 2036 | U2: 2037 | V2: 2038 | W2: 2039 | X2: 2040 | Y2: 2041 | Z2: 2042 | AA2: 2043 | AB2: 2044 | AC2: 2045 | AD2: 2046 | AE2: 2047 | AF2: 2048 | AG2: 2049 | AH2: 2050 | AI2: 2051 | AJ2: 2052 | AK2: 2053 | AL2: 2054 | AM2: 2055 | AN2: 2056 | AO2: 2057 | AP2: 2058 | AQ2: 2059 | AR2: 2060
A3: agriculture and forestry 01T03 | B3: =SUMIFS('GHG Emissions 2018-2021'!$F$4:$F$14,'GHG Emissions 2018-2021'!$A$4:$A$14,$A3)*10^10 -> 943000000000 | C3: =AVERAGE(B3,D3) -> 944500000000 | D3: =SUMIFS('GHG Emissions 2018-2021'!$F$19:$F$31,'GHG Emissions 2018-2021'!$A$19:$A$31,$A3)*10^10 -> 9.46e+11 | E3: =SUMIFS('GHG Emissions 2018-2021'!$F$36:$F$48,'GHG Emissions 2018-2021'!$A$36:$A$48,$A3)*10^10 -> 949000000000 | F3: =$E3*SUMIFS('CN-Med-Growth Rate'!I$31:I$47,'CN-Med-Growth Rate'!$A$31:$A$47,$A3,'CN-Med-Growth Rate'!$C$31:$C$47,$B$1) -> 9.5093069e+11 | G3: =$E3*SUMIFS('CN-Med-Growth Rate'!J$31:J$47,'CN-Med-Growth Rate'!$A$31:$A$47,$A3,'CN-Med-Growth Rate'!$C$31:$C$47,$B$1) -> 9.528614e+11 | H3: =$E3*SUMIFS('CN-Med-Growth Rate'!K$31:K$47,'CN-Med-Growth Rate'!$A$31:$A$47,$A3,'CN-Med-Growth Rate'!$C$31:$C$47,$B$1) -> 9.5479209e+11 | I3: =$E3*SUMIFS('CN-Med-Growth Rate'!L$31:L$47,'CN-Med-Growth Rate'!$A$31:$A$47,$A3,'CN-Med-Growth Rate'!$C$31:$C$47,$B$1) -> 9.5672281e+11 | J3: =$E3*SUMIFS('CN-Med-Growth Rate'!M$31:M$47,'CN-Med-Growth Rate'!$A$31:$A$47,$A3,'CN-Med-Growth Rate'!$C$31:$C$47,$B$1) -> 9.5643464e+11 | K3: =$E3*SUMIFS('CN-Med-Growth Rate'!N$31:N$47,'CN-Med-Growth Rate'!$A$31:$A$47,$A3,'CN-Med-Growth Rate'!$C$31:$C$47,$B$1) -> 9.5614647e+11 | L3: =$E3*SUMIFS('CN-Med-Growth Rate'!O$31:O$47,'CN-Med-Growth Rate'!$A$31:$A$47,$A3,'CN-Med-Growth Rate'!$C$31:$C$47,$B$1) -> 9.5585834e+11 | M3: =$E3*SUMIFS('CN-Med-Growth Rate'!P$31:P$47,'CN-Med-Growth Rate'!$A$31:$A$47,$A3,'CN-Med-Growth Rate'!$C$31:$C$47,$B$1) -> 9.5557017e+11 | ... AR3: =$E3*SUMIFS('CN-Med-Growth Rate'!AU$31:AU$47,'CN-Med-Growth Rate'!$A$31:$A$47,$A3,'CN-Med-Growth Rate'!$C$31:$C$47,$B$1) -> 8.2781597e+11
A4: coal mining 05 | B4: =SUMIFS('GHG Emissions 2018-2021'!$F$4:$F$14,'GHG Emissions 2018-2021'!$A$4:$A$14,$A4)*10^10 -> 0 | C4: =AVERAGE(B4,D4) -> 0 | D4: =SUMIFS('GHG Emissions 2018-2021'!$F$19:$F$31,'GHG Emissions 2018-2021'!$A$19:$A$31,$A4)*10^10 -> 0 | E4: =SUMIFS('GHG Emissions 2018-2021'!$F$36:$F$48,'GHG Emissions 2018-2021'!$A$36:$A$48,$A4)*10^10 -> 0 | F4: =$E4*SUMIFS('CN-Med-Growth Rate'!I$31:I$47,'CN-Med-Growth Rate'!$A$31:$A$47,$A4,'CN-Med-Growth Rate'!$C$31:$C$47,$B$1) -> 0 | G4: =$E4*SUMIFS('CN-Med-Growth Rate'!J$31:J$47,'CN-Med-Growth Rate'!$A$31:$A$47,$A4,'CN-Med-Growth Rate'!$C$31:$C$47,$B$1) -> 0 | H4: =$E4*SUMIFS('CN-Med-Growth Rate'!K$31:K$47,'CN-Med-Growth Rate'!$A$31:$A$47,$A4,'CN-Med-Growth Rate'!$C$31:$C$47,$B$1) -> 0 | I4: =$E4*SUMIFS('CN-Med-Growth Rate'!L$31:L$47,'CN-Med-Growth Rate'!$A$31:$A$47,$A4,'CN-Med-Growth Rate'!$C$31:$C$47,$B$1) -> 0 | J4: =$E4*SUMIFS('CN-Med-Growth Rate'!M$31:M$47,'CN-Med-Growth Rate'!$A$31:$A$47,$A4,'CN-Med-Growth Rate'!$C$31:$C$47,$B$1) -> 0 | K4: =$E4*SUMIFS('CN-Med-Growth Rate'!N$31:N$47,'CN-Med-Growth Rate'!$A$31:$A$47,$A4,'CN-Med-Growth Rate'!$C$31:$C$47,$B$1) -> 0 | L4: =$E4*SUMIFS('CN-Med-Growth Rate'!O$31:O$47,'CN-Med-Growth Rate'!$A$31:$A$47,$A4,'CN-Med-Growth Rate'!$C$31:$C$47,$B$1) -> 0 | M4: =$E4*SUMIFS('CN-Med-Growth Rate'!P$31:P$47,'CN-Med-Growth Rate'!$A$31:$A$47,$A4,'CN-Med-Growth Rate'!$C$31:$C$47,$B$1) -> 0 | ... AR4: =$E4*SUMIFS('CN-Med-Growth Rate'!AU$31:AU$47,'CN-Med-Growth Rate'!$A$31:$A$47,$A4,'CN-Med-Growth Rate'!$C$31:$C$47,$B$1) -> 0
A5: oil and gas extraction 06 | B5: =SUMIFS('GHG Emissions 2018-2021'!$F$4:$F$14,'GHG Emissions 2018-2021'!$A$4:$A$14,$A5)*10^10 -> 0 | C5: =AVERAGE(B5,D5) -> 0 | D5: =SUMIFS('GHG Emissions 2018-2021'!$F$19:$F$31,'GHG Emissions 2018-2021'!$A$19:$A$31,$A5)*10^10 -> 0 | E5: =SUMIFS('GHG Emissions 2018-2021'!$F$36:$F$48,'GHG Emissions 2018-2021'!$A$36:$A$48,$A5)*10^10 -> 0 | F5: =$E5*SUMIFS('CN-Med-Growth Rate'!I$31:I$47,'CN-Med-Growth Rate'!$A$31:$A$47,$A5,'CN-Med-Growth Rate'!$C$31:$C$47,$B$1) -> 0 | G5: =$E5*SUMIFS('CN-Med-Growth Rate'!J$31:J$47,'CN-Med-Growth Rate'!$A$31:$A$47,$A5,'CN-Med-Growth Rate'!$C$31:$C$47,$B$1) -> 0 | H5: =$E5*SUMIFS('CN-Med-Growth Rate'!K$31:K$47,'CN-Med-Growth Rate'!$A$31:$A$47,$A5,'CN-Med-Growth Rate'!$C$31:$C$47,$B$1) -> 0 | I5: =$E5*SUMIFS('CN-Med-Growth Rate'!L$31:L$47,'CN-Med-Growth Rate'!$A$31:$A$47,$A5,'CN-Med-Growth Rate'!$C$31:$C$47,$B$1) -> 0 | J5: =$E5*SUMIFS('CN-Med-Growth Rate'!M$31:M$47,'CN-Med-Growth Rate'!$A$31:$A$47,$A5,'CN-Med-Growth Rate'!$C$31:$C$47,$B$1) -> 0 | K5: =$E5*SUMIFS('CN-Med-Growth Rate'!N$31:N$47,'CN-Med-Growth Rate'!$A$31:$A$47,$A5,'CN-Med-Growth Rate'!$C$31:$C$47,$B$1) -> 0 | L5: =$E5*SUMIFS('CN-Med-Growth Rate'!O$31:O$47,'CN-Med-Growth Rate'!$A$31:$A$47,$A5,'CN-Med-Growth Rate'!$C$31:$C$47,$B$1) -> 0 | M5: =$E5*SUMIFS('CN-Med-Growth Rate'!P$31:P$47,'CN-Med-Growth Rate'!$A$31:$A$47,$A5,'CN-Med-Growth Rate'!$C$31:$C$47,$B$1) -> 0 | ... AR5: =$E5*SUMIFS('CN-Med-Growth Rate'!AU$31:AU$47,'CN-Med-Growth Rate'!$A$31:$A$47,$A5,'CN-Med-Growth Rate'!$C$31:$C$47,$B$1) -> 0
A6: other mining and quarrying 07T08 | B6: =SUMIFS('GHG Emissions 2018-2021'!$F$4:$F$14,'GHG Emissions 2018-2021'!$A$4:$A$14,$A6)*10^10 -> 0 | C6: =AVERAGE(B6,D6) -> 0 | D6: =SUMIFS('GHG Emissions 2018-2021'!$F$19:$F$31,'GHG Emissions 2018-2021'!$A$19:$A$31,$A6)*10^10 -> 0 | E6: =SUMIFS('GHG Emissions 2018-2021'!$F$36:$F$48,'GHG Emissions 2018-2021'!$A$36:$A$48,$A6)*10^10 -> 0 | F6: =$E6*SUMIFS('CN-Med-Growth Rate'!I$31:I$47,'CN-Med-Growth Rate'!$A$31:$A$47,$A6,'CN-Med-Growth Rate'!$C$31:$C$47,$B$1) -> 0 | G6: =$E6*SUMIFS('CN-Med-Growth Rate'!J$31:J$47,'CN-Med-Growth Rate'!$A$31:$A$47,$A6,'CN-Med-Growth Rate'!$C$31:$C$47,$B$1) -> 0 | H6: =$E6*SUMIFS('CN-Med-Growth Rate'!K$31:K$47,'CN-Med-Growth Rate'!$A$31:$A$47,$A6,'CN-Med-Growth Rate'!$C$31:$C$47,$B$1) -> 0 | I6: =$E6*SUMIFS('CN-Med-Growth Rate'!L$31:L$47,'CN-Med-Growth Rate'!$A$31:$A$47,$A6,'CN-Med-Growth Rate'!$C$31:$C$47,$B$1) -> 0 | J6: =$E6*SUMIFS('CN-Med-Growth Rate'!M$31:M$47,'CN-Med-Growth Rate'!$A$31:$A$47,$A6,'CN-Med-Growth Rate'!$C$31:$C$47,$B$1) -> 0 | K6: =$E6*SUMIFS('CN-Med-Growth Rate'!N$31:N$47,'CN-Med-Growth Rate'!$A$31:$A$47,$A6,'CN-Med-Growth Rate'!$C$31:$C$47,$B$1) -> 0 | L6: =$E6*SUMIFS('CN-Med-Growth Rate'!O$31:O$47,'CN-Med-Growth Rate'!$A$31:$A$47,$A6,'CN-Med-Growth Rate'!$C$31:$C$47,$B$1) -> 0 | M6: =$E6*SUMIFS('CN-Med-Growth Rate'!P$31:P$47,'CN-Med-Growth Rate'!$A$31:$A$47,$A6,'CN-Med-Growth Rate'!$C$31:$C$47,$B$1) -> 0 | ... AR6: =$E6*SUMIFS('CN-Med-Growth Rate'!AU$31:AU$47,'CN-Med-Growth Rate'!$A$31:$A$47,$A6,'CN-Med-Growth Rate'!$C$31:$C$47,$B$1) -> 0
A7: food beverage and tobacco 10T12 | B7: =SUMIFS('GHG Emissions 2018-2021'!$F$4:$F$14,'GHG Emissions 2018-2021'!$A$4:$A$14,$A7)*10^10 -> 0 | C7: =AVERAGE(B7,D7) -> 0 | D7: =SUMIFS('GHG Emissions 2018-2021'!$F$19:$F$31,'GHG Emissions 2018-2021'!$A$19:$A$31,$A7)*10^10 -> 0 | E7: =SUMIFS('GHG Emissions 2018-2021'!$F$36:$F$48,'GHG Emissions 2018-2021'!$A$36:$A$48,$A7)*10^10 -> 0 | F7: =$E7*SUMIFS('CN-Med-Growth Rate'!I$31:I$47,'CN-Med-Growth Rate'!$A$31:$A$47,$A7,'CN-Med-Growth Rate'!$C$31:$C$47,$B$1) -> 0 | G7: =$E7*SUMIFS('CN-Med-Growth Rate'!J$31:J$47,'CN-Med-Growth Rate'!$A$31:$A$47,$A7,'CN-Med-Growth Rate'!$C$31:$C$47,$B$1) -> 0 | H7: =$E7*SUMIFS('CN-Med-Growth Rate'!K$31:K$47,'CN-Med-Growth Rate'!$A$31:$A$47,$A7,'CN-Med-Growth Rate'!$C$31:$C$47,$B$1) -> 0 | I7: =$E7*SUMIFS('CN-Med-Growth Rate'!L$31:L$47,'CN-Med-Growth Rate'!$A$31:$A$47,$A7,'CN-Med-Growth Rate'!$C$31:$C$47,$B$1) -> 0 | J7: =$E7*SUMIFS('CN-Med-Growth Rate'!M$31:M$47,'CN-Med-Growth Rate'!$A$31:$A$47,$A7,'CN-Med-Growth Rate'!$C$31:$C$47,$B$1) -> 0 | K7: =$E7*SUMIFS('CN-Med-Growth Rate'!N$31:N$47,'CN-Med-Growth Rate'!$A$31:$A$47,$A7,'CN-Med-Growth Rate'!$C$31:$C$47,$B$1) -> 0 | L7: =$E7*SUMIFS('CN-Med-Growth Rate'!O$31:O$47,'CN-Med-Growth Rate'!$A$31:$A$47,$A7,'CN-Med-Growth Rate'!$C$31:$C$47,$B$1) -> 0 | M7: =$E7*SUMIFS('CN-Med-Growth Rate'!P$31:P$47,'CN-Med-Growth Rate'!$A$31:$A$47,$A7,'CN-Med-Growth Rate'!$C$31:$C$47,$B$1) -> 0 | ... AR7: =$E7*SUMIFS('CN-Med-Growth Rate'!AU$31:AU$47,'CN-Med-Growth Rate'!$A$31:$A$47,$A7,'CN-Med-Growth Rate'!$C$31:$C$47,$B$1) -> 0
A8: textiles apparel and leather 13T15 | B8: =SUMIFS('GHG Emissions 2018-2021'!$F$4:$F$14,'GHG Emissions 2018-2021'!$A$4:$A$14,$A8)*10^10 -> 0 | C8: =AVERAGE(B8,D8) -> 0 | D8: =SUMIFS('GHG Emissions 2018-2021'!$F$19:$F$31,'GHG Emissions 2018-2021'!$A$19:$A$31,$A8)*10^10 -> 0 | E8: =SUMIFS('GHG Emissions 2018-2021'!$F$36:$F$48,'GHG Emissions 2018-2021'!$A$36:$A$48,$A8)*10^10 -> 0 | F8: =$E8*SUMIFS('CN-Med-Growth Rate'!I$31:I$47,'CN-Med-Growth Rate'!$A$31:$A$47,$A8,'CN-Med-Growth Rate'!$C$31:$C$47,$B$1) -> 0 | G8: =$E8*SUMIFS('CN-Med-Growth Rate'!J$31:J$47,'CN-Med-Growth Rate'!$A$31:$A$47,$A8,'CN-Med-Growth Rate'!$C$31:$C$47,$B$1) -> 0 | H8: =$E8*SUMIFS('CN-Med-Growth Rate'!K$31:K$47,'CN-Med-Growth Rate'!$A$31:$A$47,$A8,'CN-Med-Growth Rate'!$C$31:$C$47,$B$1) -> 0 | I8: =$E8*SUMIFS('CN-Med-Growth Rate'!L$31:L$47,'CN-Med-Growth Rate'!$A$31:$A$47,$A8,'CN-Med-Growth Rate'!$C$31:$C$47,$B$1) -> 0 | J8: =$E8*SUMIFS('CN-Med-Growth Rate'!M$31:M$47,'CN-Med-Growth Rate'!$A$31:$A$47,$A8,'CN-Med-Growth Rate'!$C$31:$C$47,$B$1) -> 0 | K8: =$E8*SUMIFS('CN-Med-Growth Rate'!N$31:N$47,'CN-Med-Growth Rate'!$A$31:$A$47,$A8,'CN-Med-Growth Rate'!$C$31:$C$47,$B$1) -> 0 | L8: =$E8*SUMIFS('CN-Med-Growth Rate'!O$31:O$47,'CN-Med-Growth Rate'!$A$31:$A$47,$A8,'CN-Med-Growth Rate'!$C$31:$C$47,$B$1) -> 0 | M8: =$E8*SUMIFS('CN-Med-Growth Rate'!P$31:P$47,'CN-Med-Growth Rate'!$A$31:$A$47,$A8,'CN-Med-Growth Rate'!$C$31:$C$47,$B$1) -> 0 | ... AR8: =$E8*SUMIFS('CN-Med-Growth Rate'!AU$31:AU$47,'CN-Med-Growth Rate'!$A$31:$A$47,$A8,'CN-Med-Growth Rate'!$C$31:$C$47,$B$1) -> 0
A9: wood products 16 | B9: =SUMIFS('GHG Emissions 2018-2021'!$F$4:$F$14,'GHG Emissions 2018-2021'!$A$4:$A$14,$A9)*10^10 -> 0 | C9: =AVERAGE(B9,D9) -> 0 | D9: =SUMIFS('GHG Emissions 2018-2021'!$F$19:$F$31,'GHG Emissions 2018-2021'!$A$19:$A$31,$A9)*10^10 -> 0 | E9: =SUMIFS('GHG Emissions 2018-2021'!$F$36:$F$48,'GHG Emissions 2018-2021'!$A$36:$A$48,$A9)*10^10 -> 0 | F9: =$E9*SUMIFS('CN-Med-Growth Rate'!I$31:I$47,'CN-Med-Growth Rate'!$A$31:$A$47,$A9,'CN-Med-Growth Rate'!$C$31:$C$47,$B$1) -> 0 | G9: =$E9*SUMIFS('CN-Med-Growth Rate'!J$31:J$47,'CN-Med-Growth Rate'!$A$31:$A$47,$A9,'CN-Med-Growth Rate'!$C$31:$C$47,$B$1) -> 0 | H9: =$E9*SUMIFS('CN-Med-Growth Rate'!K$31:K$47,'CN-Med-Growth Rate'!$A$31:$A$47,$A9,'CN-Med-Growth Rate'!$C$31:$C$47,$B$1) -> 0 | I9: =$E9*SUMIFS('CN-Med-Growth Rate'!L$31:L$47,'CN-Med-Growth Rate'!$A$31:$A$47,$A9,'CN-Med-Growth Rate'!$C$31:$C$47,$B$1) -> 0 | J9: =$E9*SUMIFS('CN-Med-Growth Rate'!M$31:M$47,'CN-Med-Growth Rate'!$A$31:$A$47,$A9,'CN-Med-Growth Rate'!$C$31:$C$47,$B$1) -> 0 | K9: =$E9*SUMIFS('CN-Med-Growth Rate'!N$31:N$47,'CN-Med-Growth Rate'!$A$31:$A$47,$A9,'CN-Med-Growth Rate'!$C$31:$C$47,$B$1) -> 0 | L9: =$E9*SUMIFS('CN-Med-Growth Rate'!O$31:O$47,'CN-Med-Growth Rate'!$A$31:$A$47,$A9,'CN-Med-Growth Rate'!$C$31:$C$47,$B$1) -> 0 | M9: =$E9*SUMIFS('CN-Med-Growth Rate'!P$31:P$47,'CN-Med-Growth Rate'!$A$31:$A$47,$A9,'CN-Med-Growth Rate'!$C$31:$C$47,$B$1) -> 0 | ... AR9: =$E9*SUMIFS('CN-Med-Growth Rate'!AU$31:AU$47,'CN-Med-Growth Rate'!$A$31:$A$47,$A9,'CN-Med-Growth Rate'!$C$31:$C$47,$B$1) -> 0
A10: pulp paper and printing 17T18 | B10: =SUMIFS('GHG Emissions 2018-2021'!$F$4:$F$14,'GHG Emissions 2018-2021'!$A$4:$A$14,$A10)*10^10 -> 0 | C10: =AVERAGE(B10,D10) -> 0 | D10: =SUMIFS('GHG Emissions 2018-2021'!$F$19:$F$31,'GHG Emissions 2018-2021'!$A$19:$A$31,$A10)*10^10 -> 0 | E10: =SUMIFS('GHG Emissions 2018-2021'!$F$36:$F$48,'GHG Emissions 2018-2021'!$A$36:$A$48,$A10)*10^10 -> 0 | F10: =$E10*SUMIFS('CN-Med-Growth Rate'!I$31:I$47,'CN-Med-Growth Rate'!$A$31:$A$47,$A10,'CN-Med-Growth Rate'!$C$31:$C$47,$B$1) -> 0 | G10: =$E10*SUMIFS('CN-Med-Growth Rate'!J$31:J$47,'CN-Med-Growth Rate'!$A$31:$A$47,$A10,'CN-Med-Growth Rate'!$C$31:$C$47,$B$1) -> 0 | H10: =$E10*SUMIFS('CN-Med-Growth Rate'!K$31:K$47,'CN-Med-Growth Rate'!$A$31:$A$47,$A10,'CN-Med-Growth Rate'!$C$31:$C$47,$B$1) -> 0 | I10: =$E10*SUMIFS('CN-Med-Growth Rate'!L$31:L$47,'CN-Med-Growth Rate'!$A$31:$A$47,$A10,'CN-Med-Growth Rate'!$C$31:$C$47,$B$1) -> 0 | J10: =$E10*SUMIFS('CN-Med-Growth Rate'!M$31:M$47,'CN-Med-Growth Rate'!$A$31:$A$47,$A10,'CN-Med-Growth Rate'!$C$31:$C$47,$B$1) -> 0 | K10: =$E10*SUMIFS('CN-Med-Growth Rate'!N$31:N$47,'CN-Med-Growth Rate'!$A$31:$A$47,$A10,'CN-Med-Growth Rate'!$C$31:$C$47,$B$1) -> 0 | L10: =$E10*SUMIFS('CN-Med-Growth Rate'!O$31:O$47,'CN-Med-Growth Rate'!$A$31:$A$47,$A10,'CN-Med-Growth Rate'!$C$31:$C$47,$B$1) -> 0 | M10: =$E10*SUMIFS('CN-Med-Growth Rate'!P$31:P$47,'CN-Med-Growth Rate'!$A$31:$A$47,$A10,'CN-Med-Growth Rate'!$C$31:$C$47,$B$1) -> 0 | ... AR10: =$E10*SUMIFS('CN-Med-Growth Rate'!AU$31:AU$47,'CN-Med-Growth Rate'!$A$31:$A$47,$A10,'CN-Med-Growth Rate'!$C$31:$C$47,$B$1) -> 0
A11: refined petroleum and coke 19 | B11: =SUMIFS('GHG Emissions 2018-2021'!$F$4:$F$14,'GHG Emissions 2018-2021'!$A$4:$A$14,$A11)*10^10 -> 0 | C11: =AVERAGE(B11,D11) -> 0 | D11: =SUMIFS('GHG Emissions 2018-2021'!$F$19:$F$31,'GHG Emissions 2018-2021'!$A$19:$A$31,$A11)*10^10 -> 0 | E11: =SUMIFS('GHG Emissions 2018-2021'!$F$36:$F$48,'GHG Emissions 2018-2021'!$A$36:$A$48,$A11)*10^10 -> 0 | F11: =$E11*SUMIFS('CN-Med-Growth Rate'!I$31:I$47,'CN-Med-Growth Rate'!$A$31:$A$47,$A11,'CN-Med-Growth Rate'!$C$31:$C$47,$B$1) -> 0 | G11: =$E11*SUMIFS('CN-Med-Growth Rate'!J$31:J$47,'CN-Med-Growth Rate'!$A$31:$A$47,$A11,'CN-Med-Growth Rate'!$C$31:$C$47,$B$1) -> 0 | H11: =$E11*SUMIFS('CN-Med-Growth Rate'!K$31:K$47,'CN-Med-Growth Rate'!$A$31:$A$47,$A11,'CN-Med-Growth Rate'!$C$31:$C$47,$B$1) -> 0 | I11: =$E11*SUMIFS('CN-Med-Growth Rate'!L$31:L$47,'CN-Med-Growth Rate'!$A$31:$A$47,$A11,'CN-Med-Growth Rate'!$C$31:$C$47,$B$1) -> 0 | J11: =$E11*SUMIFS('CN-Med-Growth Rate'!M$31:M$47,'CN-Med-Growth Rate'!$A$31:$A$47,$A11,'CN-Med-Growth Rate'!$C$31:$C$47,$B$1) -> 0 | K11: =$E11*SUMIFS('CN-Med-Growth Rate'!N$31:N$47,'CN-Med-Growth Rate'!$A$31:$A$47,$A11,'CN-Med-Growth Rate'!$C$31:$C$47,$B$1) -> 0 | L11: =$E11*SUMIFS('CN-Med-Growth Rate'!O$31:O$47,'CN-Med-Growth Rate'!$A$31:$A$47,$A11,'CN-Med-Growth Rate'!$C$31:$C$47,$B$1) -> 0 | M11: =$E11*SUMIFS('CN-Med-Growth Rate'!P$31:P$47,'CN-Med-Growth Rate'!$A$31:$A$47,$A11,'CN-Med-Growth Rate'!$C$31:$C$47,$B$1) -> 0 | ... AR11: =$E11*SUMIFS('CN-Med-Growth Rate'!AU$31:AU$47,'CN-Med-Growth Rate'!$A$31:$A$47,$A11,'CN-Med-Growth Rate'!$C$31:$C$47,$B$1) -> 0
A12: chemicals 20 | B12: =SUMIFS('GHG Emissions 2018-2021'!$F$4:$F$14,'GHG Emissions 2018-2021'!$A$4:$A$14,$A12)*10^10 -> 441000000000 | C12: =AVERAGE(B12,D12) -> 465000000000 | D12: =SUMIFS('GHG Emissions 2018-2021'!$F$19:$F$31,'GHG Emissions 2018-2021'!$A$19:$A$31,$A12)*10^10 -> 489000000000 | E12: =SUMIFS('GHG Emissions 2018-2021'!$F$36:$F$48,'GHG Emissions 2018-2021'!$A$36:$A$48,$A12)*10^10 -> 580000000000 | F12: =$E12*SUMIFS('CN-Med-Growth Rate'!I$31:I$47,'CN-Med-Growth Rate'!$A$31:$A$47,$A12,'CN-Med-Growth Rate'!$C$31:$C$47,$B$1) -> 6.085563e+11 | G12: =$E12*SUMIFS('CN-Med-Growth Rate'!J$31:J$47,'CN-Med-Growth Rate'!$A$31:$A$47,$A12,'CN-Med-Growth Rate'!$C$31:$C$47,$B$1) -> 6.384416e+11 | H12: =$E12*SUMIFS('CN-Med-Growth Rate'!K$31:K$47,'CN-Med-Growth Rate'!$A$31:$A$47,$A12,'CN-Med-Growth Rate'!$C$31:$C$47,$B$1) -> 6.683269e+11 | I12: =$E12*SUMIFS('CN-Med-Growth Rate'!L$31:L$47,'CN-Med-Growth Rate'!$A$31:$A$47,$A12,'CN-Med-Growth Rate'!$C$31:$C$47,$B$1) -> 6.9821221e+11 | J12: =$E12*SUMIFS('CN-Med-Growth Rate'!M$31:M$47,'CN-Med-Growth Rate'!$A$31:$A$47,$A12,'CN-Med-Growth Rate'!$C$31:$C$47,$B$1) -> 7.0453305e+11 | K12: =$E12*SUMIFS('CN-Med-Growth Rate'!N$31:N$47,'CN-Med-Growth Rate'!$A$31:$A$47,$A12,'CN-Med-Growth Rate'!$C$31:$C$47,$B$1) -> 7.108539e+11 | L12: =$E12*SUMIFS('CN-Med-Growth Rate'!O$31:O$47,'CN-Med-Growth Rate'!$A$31:$A$47,$A12,'CN-Med-Growth Rate'!$C$31:$C$47,$B$1) -> 7.1717474e+11 | M12: =$E12*SUMIFS('CN-Med-Growth Rate'!P$31:P$47,'CN-Med-Growth Rate'!$A$31:$A$47,$A12,'CN-Med-Growth Rate'!$C$31:$C$47,$B$1) -> 7.2349559e+11 | ... AR12: =$E12*SUMIFS('CN-Med-Growth Rate'!AU$31:AU$47,'CN-Med-Growth Rate'!$A$31:$A$47,$A12,'CN-Med-Growth Rate'!$C$31:$C$47,$B$1) -> 5.5715975e+11
A13: rubber and plastic products 22 | B13: =SUMIFS('GHG Emissions 2018-2021'!$F$4:$F$14,'GHG Emissions 2018-2021'!$A$4:$A$14,$A13)*10^10 -> 0 | C13: =AVERAGE(B13,D13) -> 0 | D13: =SUMIFS('GHG Emissions 2018-2021'!$F$19:$F$31,'GHG Emissions 2018-2021'!$A$19:$A$31,$A13)*10^10 -> 0 | E13: =SUMIFS('GHG Emissions 2018-2021'!$F$36:$F$48,'GHG Emissions 2018-2021'!$A$36:$A$48,$A13)*10^10 -> 0 | F13: =$E13*SUMIFS('CN-Med-Growth Rate'!I$31:I$47,'CN-Med-Growth Rate'!$A$31:$A$47,$A13,'CN-Med-Growth Rate'!$C$31:$C$47,$B$1) -> 0 | G13: =$E13*SUMIFS('CN-Med-Growth Rate'!J$31:J$47,'CN-Med-Growth Rate'!$A$31:$A$47,$A13,'CN-Med-Growth Rate'!$C$31:$C$47,$B$1) -> 0 | H13: =$E13*SUMIFS('CN-Med-Growth Rate'!K$31:K$47,'CN-Med-Growth Rate'!$A$31:$A$47,$A13,'CN-Med-Growth Rate'!$C$31:$C$47,$B$1) -> 0 | I13: =$E13*SUMIFS('CN-Med-Growth Rate'!L$31:L$47,'CN-Med-Growth Rate'!$A$31:$A$47,$A13,'CN-Med-Growth Rate'!$C$31:$C$47,$B$1) -> 0 | J13: =$E13*SUMIFS('CN-Med-Growth Rate'!M$31:M$47,'CN-Med-Growth Rate'!$A$31:$A$47,$A13,'CN-Med-Growth Rate'!$C$31:$C$47,$B$1) -> 0 | K13: =$E13*SUMIFS('CN-Med-Growth Rate'!N$31:N$47,'CN-Med-Growth Rate'!$A$31:$A$47,$A13,'CN-Med-Growth Rate'!$C$31:$C$47,$B$1) -> 0 | L13: =$E13*SUMIFS('CN-Med-Growth Rate'!O$31:O$47,'CN-Med-Growth Rate'!$A$31:$A$47,$A13,'CN-Med-Growth Rate'!$C$31:$C$47,$B$1) -> 0 | M13: =$E13*SUMIFS('CN-Med-Growth Rate'!P$31:P$47,'CN-Med-Growth Rate'!$A$31:$A$47,$A13,'CN-Med-Growth Rate'!$C$31:$C$47,$B$1) -> 0 | ... AR13: =$E13*SUMIFS('CN-Med-Growth Rate'!AU$31:AU$47,'CN-Med-Growth Rate'!$A$31:$A$47,$A13,'CN-Med-Growth Rate'!$C$31:$C$47,$B$1) -> 0
A14: glass and glass products 231 | B14: =SUMIFS('GHG Emissions 2018-2021'!$F$4:$F$14,'GHG Emissions 2018-2021'!$A$4:$A$14,$A14)*10^10 -> 0 | C14: =AVERAGE(B14,D14) -> 0 | D14: =SUMIFS('GHG Emissions 2018-2021'!$F$19:$F$31,'GHG Emissions 2018-2021'!$A$19:$A$31,$A14)*10^10 -> 0 | E14: =SUMIFS('GHG Emissions 2018-2021'!$F$36:$F$48,'GHG Emissions 2018-2021'!$A$36:$A$48,$A14)*10^10 -> 0 | F14: =$E14*SUMIFS('CN-Med-Growth Rate'!I$31:I$47,'CN-Med-Growth Rate'!$A$31:$A$47,$A14,'CN-Med-Growth Rate'!$C$31:$C$47,$B$1) -> 0 | G14: =$E14*SUMIFS('CN-Med-Growth Rate'!J$31:J$47,'CN-Med-Growth Rate'!$A$31:$A$47,$A14,'CN-Med-Growth Rate'!$C$31:$C$47,$B$1) -> 0 | H14: =$E14*SUMIFS('CN-Med-Growth Rate'!K$31:K$47,'CN-Med-Growth Rate'!$A$31:$A$47,$A14,'CN-Med-Growth Rate'!$C$31:$C$47,$B$1) -> 0 | I14: =$E14*SUMIFS('CN-Med-Growth Rate'!L$31:L$47,'CN-Med-Growth Rate'!$A$31:$A$47,$A14,'CN-Med-Growth Rate'!$C$31:$C$47,$B$1) -> 0 | J14: =$E14*SUMIFS('CN-Med-Growth Rate'!M$31:M$47,'CN-Med-Growth Rate'!$A$31:$A$47,$A14,'CN-Med-Growth Rate'!$C$31:$C$47,$B$1) -> 0 | K14: =$E14*SUMIFS('CN-Med-Growth Rate'!N$31:N$47,'CN-Med-Growth Rate'!$A$31:$A$47,$A14,'CN-Med-Growth Rate'!$C$31:$C$47,$B$1) -> 0 | L14: =$E14*SUMIFS('CN-Med-Growth Rate'!O$31:O$47,'CN-Med-Growth Rate'!$A$31:$A$47,$A14,'CN-Med-Growth Rate'!$C$31:$C$47,$B$1) -> 0 | M14: =$E14*SUMIFS('CN-Med-Growth Rate'!P$31:P$47,'CN-Med-Growth Rate'!$A$31:$A$47,$A14,'CN-Med-Growth Rate'!$C$31:$C$47,$B$1) -> 0 | ... AR14: =$E14*SUMIFS('CN-Med-Growth Rate'!AU$31:AU$47,'CN-Med-Growth Rate'!$A$31:$A$47,$A14,'CN-Med-Growth Rate'!$C$31:$C$47,$B$1) -> 0
... A27: construction 41T43 | B27: =SUMIFS('GHG Emissions 2018-2021'!$F$4:$F$14,'GHG Emissions 2018-2021'!$A$4:$A$14,$A27)*10^10 -> 0 | C27: =AVERAGE(B27,D27) -> 0 | D27: =SUMIFS('GHG Emissions 2018-2021'!$F$19:$F$31,'GHG Emissions 2018-2021'!$A$19:$A$31,$A27)*10^10 -> 0 | E27: =SUMIFS('GHG Emissions 2018-2021'!$F$36:$F$48,'GHG Emissions 2018-2021'!$A$36:$A$48,$A27)*10^10 -> 0 | F27: =$E27*SUMIFS('CN-Med-Growth Rate'!I$31:I$47,'CN-Med-Growth Rate'!$A$31:$A$47,$A27,'CN-Med-Growth Rate'!$C$31:$C$47,$B$1) -> 0 | G27: =$E27*SUMIFS('CN-Med-Growth Rate'!J$31:J$47,'CN-Med-Growth Rate'!$A$31:$A$47,$A27,'CN-Med-Growth Rate'!$C$31:$C$47,$B$1) -> 0 | H27: =$E27*SUMIFS('CN-Med-Growth Rate'!K$31:K$47,'CN-Med-Growth Rate'!$A$31:$A$47,$A27,'CN-Med-Growth Rate'!$C$31:$C$47,$B$1) -> 0 | I27: =$E27*SUMIFS('CN-Med-Growth Rate'!L$31:L$47,'CN-Med-Growth Rate'!$A$31:$A$47,$A27,'CN-Med-Growth Rate'!$C$31:$C$47,$B$1) -> 0 | J27: =$E27*SUMIFS('CN-Med-Growth Rate'!M$31:M$47,'CN-Med-Growth Rate'!$A$31:$A$47,$A27,'CN-Med-Growth Rate'!$C$31:$C$47,$B$1) -> 0 | K27: =$E27*SUMIFS('CN-Med-Growth Rate'!N$31:N$47,'CN-Med-Growth Rate'!$A$31:$A$47,$A27,'CN-Med-Growth Rate'!$C$31:$C$47,$B$1) -> 0 | L27: =$E27*SUMIFS('CN-Med-Growth Rate'!O$31:O$47,'CN-Med-Growth Rate'!$A$31:$A$47,$A27,'CN-Med-Growth Rate'!$C$31:$C$47,$B$1) -> 0 | M27: =$E27*SUMIFS('CN-Med-Growth Rate'!P$31:P$47,'CN-Med-Growth Rate'!$A$31:$A$47,$A27,'CN-Med-Growth Rate'!$C$31:$C$47,$B$1) -> 0 | ... AR27: =$E27*SUMIFS('CN-Med-Growth Rate'!AU$31:AU$47,'CN-Med-Growth Rate'!$A$31:$A$47,$A27,'CN-Med-Growth Rate'!$C$31:$C$47,$B$1) -> 0

Sheet CN-Med-BPE-F-gases
A1: Pollutant: | B1: F-gases | C1: Unit: grams CO2e
B2: 2018 | C2: 2019 | D2: 2020 | E2: 2021 | F2: 2022 | G2: 2023 | H2: 2024 | I2: 2025 | J2: 2026 | K2: 2027 | L2: 2028 | M2: 2029 | N2: 2030 | O2: 2031 | P2: 2032 | Q2: 2033 | R2: 2034 | S2: 2035 | T2: 2036 | U2: 2037 | V2: 2038 | W2: 2039 | X2: 2040 | Y2: 2041 | Z2: 2042 | AA2: 2043 | AB2: 2044 | AC2: 2045 | AD2: 2046 | AE2: 2047 | AF2: 2048 | AG2: 2049 | AH2: 2050 | AI2: 2051 | AJ2: 2052 | AK2: 2053 | AL2: 2054 | AM2: 2055 | AN2: 2056 | AO2: 2057 | AP2: 2058 | AQ2: 2059 | AR2: 2060
A3: agriculture and forestry 01T03 | B3: =SUMIFS('GHG Emissions 2018-2021'!$G$4:$G$14,'GHG Emissions 2018-2021'!$A$4:$A$14,$A3)*10^10 -> 0 | C3: =AVERAGE(B3,D3) -> 0 | D3: =SUMIFS('GHG Emissions 2018-2021'!$G$19:$G$31,'GHG Emissions 2018-2021'!$A$19:$A$31,$A3)*10^10 -> 0 | E3: =SUMIFS('GHG Emissions 2018-2021'!$G$36:$G$48,'GHG Emissions 2018-2021'!$A$36:$A$48,$A3)*10^10 -> 0 | F3: =$E3*SUMIFS('CN-Med-Growth Rate'!I$31:I$48,'CN-Med-Growth Rate'!$A$31:$A$48,$A3,'CN-Med-Growth Rate'!$C$31:$C$48,$B$1) -> 0 | G3: =$E3*SUMIFS('CN-Med-Growth Rate'!J$31:J$48,'CN-Med-Growth Rate'!$A$31:$A$48,$A3,'CN-Med-Growth Rate'!$C$31:$C$48,$B$1) -> 0 | H3: =$E3*SUMIFS('CN-Med-Growth Rate'!K$31:K$48,'CN-Med-Growth Rate'!$A$31:$A$48,$A3,'CN-Med-Growth Rate'!$C$31:$C$48,$B$1) -> 0 | I3: =$E3*SUMIFS('CN-Med-Growth Rate'!L$31:L$48,'CN-Med-Growth Rate'!$A$31:$A$48,$A3,'CN-Med-Growth Rate'!$C$31:$C$48,$B$1) -> 0 | J3: =$E3*SUMIFS('CN-Med-Growth Rate'!M$31:M$48,'CN-Med-Growth Rate'!$A$31:$A$48,$A3,'CN-Med-Growth Rate'!$C$31:$C$48,$B$1) -> 0 | K3: =$E3*SUMIFS('CN-Med-Growth Rate'!N$31:N$48,'CN-Med-Growth Rate'!$A$31:$A$48,$A3,'CN-Med-Growth Rate'!$C$31:$C$48,$B$1) -> 0 | L3: =$E3*SUMIFS('CN-Med-Growth Rate'!O$31:O$48,'CN-Med-Growth Rate'!$A$31:$A$48,$A3,'CN-Med-Growth Rate'!$C$31:$C$48,$B$1) -> 0 | M3: =$E3*SUMIFS('CN-Med-Growth Rate'!P$31:P$48,'CN-Med-Growth Rate'!$A$31:$A$48,$A3,'CN-Med-Growth Rate'!$C$31:$C$48,$B$1) -> 0 | ... AR3: =$E3*SUMIFS('CN-Med-Growth Rate'!AU$31:AU$48,'CN-Med-Growth Rate'!$A$31:$A$48,$A3,'CN-Med-Growth Rate'!$C$31:$C$48,$B$1) -> 0
A4: coal mining 05 | B4: =SUMIFS('GHG Emissions 2018-2021'!$G$4:$G$14,'GHG Emissions 2018-2021'!$A$4:$A$14,$A4)*10^10 -> 0 | C4: =AVERAGE(B4,D4) -> 0 | D4: =SUMIFS('GHG Emissions 2018-2021'!$G$19:$G$31,'GHG Emissions 2018-2021'!$A$19:$A$31,$A4)*10^10 -> 0 | E4: =SUMIFS('GHG Emissions 2018-2021'!$G$36:$G$48,'GHG Emissions 2018-2021'!$A$36:$A$48,$A4)*10^10 -> 0 | F4: =$E4*SUMIFS('CN-Med-Growth Rate'!I$31:I$48,'CN-Med-Growth Rate'!$A$31:$A$48,$A4,'CN-Med-Growth Rate'!$C$31:$C$48,$B$1) -> 0 | G4: =$E4*SUMIFS('CN-Med-Growth Rate'!J$31:J$48,'CN-Med-Growth Rate'!$A$31:$A$48,$A4,'CN-Med-Growth Rate'!$C$31:$C$48,$B$1) -> 0 | H4: =$E4*SUMIFS('CN-Med-Growth Rate'!K$31:K$48,'CN-Med-Growth Rate'!$A$31:$A$48,$A4,'CN-Med-Growth Rate'!$C$31:$C$48,$B$1) -> 0 | I4: =$E4*SUMIFS('CN-Med-Growth Rate'!L$31:L$48,'CN-Med-Growth Rate'!$A$31:$A$48,$A4,'CN-Med-Growth Rate'!$C$31:$C$48,$B$1) -> 0 | J4: =$E4*SUMIFS('CN-Med-Growth Rate'!M$31:M$48,'CN-Med-Growth Rate'!$A$31:$A$48,$A4,'CN-Med-Growth Rate'!$C$31:$C$48,$B$1) -> 0 | K4: =$E4*SUMIFS('CN-Med-Growth Rate'!N$31:N$48,'CN-Med-Growth Rate'!$A$31:$A$48,$A4,'CN-Med-Growth Rate'!$C$31:$C$48,$B$1) -> 0 | L4: =$E4*SUMIFS('CN-Med-Growth Rate'!O$31:O$48,'CN-Med-Growth Rate'!$A$31:$A$48,$A4,'CN-Med-Growth Rate'!$C$31:$C$48,$B$1) -> 0 | M4: =$E4*SUMIFS('CN-Med-Growth Rate'!P$31:P$48,'CN-Med-Growth Rate'!$A$31:$A$48,$A4,'CN-Med-Growth Rate'!$C$31:$C$48,$B$1) -> 0 | ... AR4: =$E4*SUMIFS('CN-Med-Growth Rate'!AU$31:AU$48,'CN-Med-Growth Rate'!$A$31:$A$48,$A4,'CN-Med-Growth Rate'!$C$31:$C$48,$B$1) -> 0
A5: oil and gas extraction 06 | B5: =SUMIFS('GHG Emissions 2018-2021'!$G$4:$G$14,'GHG Emissions 2018-2021'!$A$4:$A$14,$A5)*10^10 -> 0 | C5: =AVERAGE(B5,D5) -> 0 | D5: =SUMIFS('GHG Emissions 2018-2021'!$G$19:$G$31,'GHG Emissions 2018-2021'!$A$19:$A$31,$A5)*10^10 -> 0 | E5: =SUMIFS('GHG Emissions 2018-2021'!$G$36:$G$48,'GHG Emissions 2018-2021'!$A$36:$A$48,$A5)*10^10 -> 0 | F5: =$E5*SUMIFS('CN-Med-Growth Rate'!I$31:I$48,'CN-Med-Growth Rate'!$A$31:$A$48,$A5,'CN-Med-Growth Rate'!$C$31:$C$48,$B$1) -> 0 | G5: =$E5*SUMIFS('CN-Med-Growth Rate'!J$31:J$48,'CN-Med-Growth Rate'!$A$31:$A$48,$A5,'CN-Med-Growth Rate'!$C$31:$C$48,$B$1) -> 0 | H5: =$E5*SUMIFS('CN-Med-Growth Rate'!K$31:K$48,'CN-Med-Growth Rate'!$A$31:$A$48,$A5,'CN-Med-Growth Rate'!$C$31:$C$48,$B$1) -> 0 | I5: =$E5*SUMIFS('CN-Med-Growth Rate'!L$31:L$48,'CN-Med-Growth Rate'!$A$31:$A$48,$A5,'CN-Med-Growth Rate'!$C$31:$C$48,$B$1) -> 0 | J5: =$E5*SUMIFS('CN-Med-Growth Rate'!M$31:M$48,'CN-Med-Growth Rate'!$A$31:$A$48,$A5,'CN-Med-Growth Rate'!$C$31:$C$48,$B$1) -> 0 | K5: =$E5*SUMIFS('CN-Med-Growth Rate'!N$31:N$48,'CN-Med-Growth Rate'!$A$31:$A$48,$A5,'CN-Med-Growth Rate'!$C$31:$C$48,$B$1) -> 0 | L5: =$E5*SUMIFS('CN-Med-Growth Rate'!O$31:O$48,'CN-Med-Growth Rate'!$A$31:$A$48,$A5,'CN-Med-Growth Rate'!$C$31:$C$48,$B$1) -> 0 | M5: =$E5*SUMIFS('CN-Med-Growth Rate'!P$31:P$48,'CN-Med-Growth Rate'!$A$31:$A$48,$A5,'CN-Med-Growth Rate'!$C$31:$C$48,$B$1) -> 0 | ... AR5: =$E5*SUMIFS('CN-Med-Growth Rate'!AU$31:AU$48,'CN-Med-Growth Rate'!$A$31:$A$48,$A5,'CN-Med-Growth Rate'!$C$31:$C$48,$B$1) -> 0
A6: other mining and quarrying 07T08 | B6: =SUMIFS('GHG Emissions 2018-2021'!$G$4:$G$14,'GHG Emissions 2018-2021'!$A$4:$A$14,$A6)*10^10 -> 0 | C6: =AVERAGE(B6,D6) -> 0 | D6: =SUMIFS('GHG Emissions 2018-2021'!$G$19:$G$31,'GHG Emissions 2018-2021'!$A$19:$A$31,$A6)*10^10 -> 0 | E6: =SUMIFS('GHG Emissions 2018-2021'!$G$36:$G$48,'GHG Emissions 2018-2021'!$A$36:$A$48,$A6)*10^10 -> 0 | F6: =$E6*SUMIFS('CN-Med-Growth Rate'!I$31:I$48,'CN-Med-Growth Rate'!$A$31:$A$48,$A6,'CN-Med-Growth Rate'!$C$31:$C$48,$B$1) -> 0 | G6: =$E6*SUMIFS('CN-Med-Growth Rate'!J$31:J$48,'CN-Med-Growth Rate'!$A$31:$A$48,$A6,'CN-Med-Growth Rate'!$C$31:$C$48,$B$1) -> 0 | H6: =$E6*SUMIFS('CN-Med-Growth Rate'!K$31:K$48,'CN-Med-Growth Rate'!$A$31:$A$48,$A6,'CN-Med-Growth Rate'!$C$31:$C$48,$B$1) -> 0 | I6: =$E6*SUMIFS('CN-Med-Growth Rate'!L$31:L$48,'CN-Med-Growth Rate'!$A$31:$A$48,$A6,'CN-Med-Growth Rate'!$C$31:$C$48,$B$1) -> 0 | J6: =$E6*SUMIFS('CN-Med-Growth Rate'!M$31:M$48,'CN-Med-Growth Rate'!$A$31:$A$48,$A6,'CN-Med-Growth Rate'!$C$31:$C$48,$B$1) -> 0 | K6: =$E6*SUMIFS('CN-Med-Growth Rate'!N$31:N$48,'CN-Med-Growth Rate'!$A$31:$A$48,$A6,'CN-Med-Growth Rate'!$C$31:$C$48,$B$1) -> 0 | L6: =$E6*SUMIFS('CN-Med-Growth Rate'!O$31:O$48,'CN-Med-Growth Rate'!$A$31:$A$48,$A6,'CN-Med-Growth Rate'!$C$31:$C$48,$B$1) -> 0 | M6: =$E6*SUMIFS('CN-Med-Growth Rate'!P$31:P$48,'CN-Med-Growth Rate'!$A$31:$A$48,$A6,'CN-Med-Growth Rate'!$C$31:$C$48,$B$1) -> 0 | ... AR6: =$E6*SUMIFS('CN-Med-Growth Rate'!AU$31:AU$48,'CN-Med-Growth Rate'!$A$31:$A$48,$A6,'CN-Med-Growth Rate'!$C$31:$C$48,$B$1) -> 0
A7: food beverage and tobacco 10T12 | B7: =SUMIFS('GHG Emissions 2018-2021'!$G$4:$G$14,'GHG Emissions 2018-2021'!$A$4:$A$14,$A7)*10^10 -> 0 | C7: =AVERAGE(B7,D7) -> 0 | D7: =SUMIFS('GHG Emissions 2018-2021'!$G$19:$G$31,'GHG Emissions 2018-2021'!$A$19:$A$31,$A7)*10^10 -> 0 | E7: =SUMIFS('GHG Emissions 2018-2021'!$G$36:$G$48,'GHG Emissions 2018-2021'!$A$36:$A$48,$A7)*10^10 -> 0 | F7: =$E7*SUMIFS('CN-Med-Growth Rate'!I$31:I$48,'CN-Med-Growth Rate'!$A$31:$A$48,$A7,'CN-Med-Growth Rate'!$C$31:$C$48,$B$1) -> 0 | G7: =$E7*SUMIFS('CN-Med-Growth Rate'!J$31:J$48,'CN-Med-Growth Rate'!$A$31:$A$48,$A7,'CN-Med-Growth Rate'!$C$31:$C$48,$B$1) -> 0 | H7: =$E7*SUMIFS('CN-Med-Growth Rate'!K$31:K$48,'CN-Med-Growth Rate'!$A$31:$A$48,$A7,'CN-Med-Growth Rate'!$C$31:$C$48,$B$1) -> 0 | I7: =$E7*SUMIFS('CN-Med-Growth Rate'!L$31:L$48,'CN-Med-Growth Rate'!$A$31:$A$48,$A7,'CN-Med-Growth Rate'!$C$31:$C$48,$B$1) -> 0 | J7: =$E7*SUMIFS('CN-Med-Growth Rate'!M$31:M$48,'CN-Med-Growth Rate'!$A$31:$A$48,$A7,'CN-Med-Growth Rate'!$C$31:$C$48,$B$1) -> 0 | K7: =$E7*SUMIFS('CN-Med-Growth Rate'!N$31:N$48,'CN-Med-Growth Rate'!$A$31:$A$48,$A7,'CN-Med-Growth Rate'!$C$31:$C$48,$B$1) -> 0 | L7: =$E7*SUMIFS('CN-Med-Growth Rate'!O$31:O$48,'CN-Med-Growth Rate'!$A$31:$A$48,$A7,'CN-Med-Growth Rate'!$C$31:$C$48,$B$1) -> 0 | M7: =$E7*SUMIFS('CN-Med-Growth Rate'!P$31:P$48,'CN-Med-Growth Rate'!$A$31:$A$48,$A7,'CN-Med-Growth Rate'!$C$31:$C$48,$B$1) -> 0 | ... AR7: =$E7*SUMIFS('CN-Med-Growth Rate'!AU$31:AU$48,'CN-Med-Growth Rate'!$A$31:$A$48,$A7,'CN-Med-Growth Rate'!$C$31:$C$48,$B$1) -> 0
A8: textiles apparel and leather 13T15 | B8: =SUMIFS('GHG Emissions 2018-2021'!$G$4:$G$14,'GHG Emissions 2018-2021'!$A$4:$A$14,$A8)*10^10 -> 0 | C8: =AVERAGE(B8,D8) -> 0 | D8: =SUMIFS('GHG Emissions 2018-2021'!$G$19:$G$31,'GHG Emissions 2018-2021'!$A$19:$A$31,$A8)*10^10 -> 0 | E8: =SUMIFS('GHG Emissions 2018-2021'!$G$36:$G$48,'GHG Emissions 2018-2021'!$A$36:$A$48,$A8)*10^10 -> 0 | F8: =$E8*SUMIFS('CN-Med-Growth Rate'!I$31:I$48,'CN-Med-Growth Rate'!$A$31:$A$48,$A8,'CN-Med-Growth Rate'!$C$31:$C$48,$B$1) -> 0 | G8: =$E8*SUMIFS('CN-Med-Growth Rate'!J$31:J$48,'CN-Med-Growth Rate'!$A$31:$A$48,$A8,'CN-Med-Growth Rate'!$C$31:$C$48,$B$1) -> 0 | H8: =$E8*SUMIFS('CN-Med-Growth Rate'!K$31:K$48,'CN-Med-Growth Rate'!$A$31:$A$48,$A8,'CN-Med-Growth Rate'!$C$31:$C$48,$B$1) -> 0 | I8: =$E8*SUMIFS('CN-Med-Growth Rate'!L$31:L$48,'CN-Med-Growth Rate'!$A$31:$A$48,$A8,'CN-Med-Growth Rate'!$C$31:$C$48,$B$1) -> 0 | J8: =$E8*SUMIFS('CN-Med-Growth Rate'!M$31:M$48,'CN-Med-Growth Rate'!$A$31:$A$48,$A8,'CN-Med-Growth Rate'!$C$31:$C$48,$B$1) -> 0 | K8: =$E8*SUMIFS('CN-Med-Growth Rate'!N$31:N$48,'CN-Med-Growth Rate'!$A$31:$A$48,$A8,'CN-Med-Growth Rate'!$C$31:$C$48,$B$1) -> 0 | L8: =$E8*SUMIFS('CN-Med-Growth Rate'!O$31:O$48,'CN-Med-Growth Rate'!$A$31:$A$48,$A8,'CN-Med-Growth Rate'!$C$31:$C$48,$B$1) -> 0 | M8: =$E8*SUMIFS('CN-Med-Growth Rate'!P$31:P$48,'CN-Med-Growth Rate'!$A$31:$A$48,$A8,'CN-Med-Growth Rate'!$C$31:$C$48,$B$1) -> 0 | ... AR8: =$E8*SUMIFS('CN-Med-Growth Rate'!AU$31:AU$48,'CN-Med-Growth Rate'!$A$31:$A$48,$A8,'CN-Med-Growth Rate'!$C$31:$C$48,$B$1) -> 0
A9: wood products 16 | B9: =SUMIFS('GHG Emissions 2018-2021'!$G$4:$G$14,'GHG Emissions 2018-2021'!$A$4:$A$14,$A9)*10^10 -> 0 | C9: =AVERAGE(B9,D9) -> 0 | D9: =SUMIFS('GHG Emissions 2018-2021'!$G$19:$G$31,'GHG Emissions 2018-2021'!$A$19:$A$31,$A9)*10^10 -> 0 | E9: =SUMIFS('GHG Emissions 2018-2021'!$G$36:$G$48,'GHG Emissions 2018-2021'!$A$36:$A$48,$A9)*10^10 -> 0 | F9: =$E9*SUMIFS('CN-Med-Growth Rate'!I$31:I$48,'CN-Med-Growth Rate'!$A$31:$A$48,$A9,'CN-Med-Growth Rate'!$C$31:$C$48,$B$1) -> 0 | G9: =$E9*SUMIFS('CN-Med-Growth Rate'!J$31:J$48,'CN-Med-Growth Rate'!$A$31:$A$48,$A9,'CN-Med-Growth Rate'!$C$31:$C$48,$B$1) -> 0 | H9: =$E9*SUMIFS('CN-Med-Growth Rate'!K$31:K$48,'CN-Med-Growth Rate'!$A$31:$A$48,$A9,'CN-Med-Growth Rate'!$C$31:$C$48,$B$1) -> 0 | I9: =$E9*SUMIFS('CN-Med-Growth Rate'!L$31:L$48,'CN-Med-Growth Rate'!$A$31:$A$48,$A9,'CN-Med-Growth Rate'!$C$31:$C$48,$B$1) -> 0 | J9: =$E9*SUMIFS('CN-Med-Growth Rate'!M$31:M$48,'CN-Med-Growth Rate'!$A$31:$A$48,$A9,'CN-Med-Growth Rate'!$C$31:$C$48,$B$1) -> 0 | K9: =$E9*SUMIFS('CN-Med-Growth Rate'!N$31:N$48,'CN-Med-Growth Rate'!$A$31:$A$48,$A9,'CN-Med-Growth Rate'!$C$31:$C$48,$B$1) -> 0 | L9: =$E9*SUMIFS('CN-Med-Growth Rate'!O$31:O$48,'CN-Med-Growth Rate'!$A$31:$A$48,$A9,'CN-Med-Growth Rate'!$C$31:$C$48,$B$1) -> 0 | M9: =$E9*SUMIFS('CN-Med-Growth Rate'!P$31:P$48,'CN-Med-Growth Rate'!$A$31:$A$48,$A9,'CN-Med-Growth Rate'!$C$31:$C$48,$B$1) -> 0 | ... AR9: =$E9*SUMIFS('CN-Med-Growth Rate'!AU$31:AU$48,'CN-Med-Growth Rate'!$A$31:$A$48,$A9,'CN-Med-Growth Rate'!$C$31:$C$48,$B$1) -> 0
A10: pulp paper and printing 17T18 | B10: =SUMIFS('GHG Emissions 2018-2021'!$G$4:$G$14,'GHG Emissions 2018-2021'!$A$4:$A$14,$A10)*10^10 -> 0 | C10: =AVERAGE(B10,D10) -> 0 | D10: =SUMIFS('GHG Emissions 2018-2021'!$G$19:$G$31,'GHG Emissions 2018-2021'!$A$19:$A$31,$A10)*10^10 -> 0 | E10: =SUMIFS('GHG Emissions 2018-2021'!$G$36:$G$48,'GHG Emissions 2018-2021'!$A$36:$A$48,$A10)*10^10 -> 0 | F10: =$E10*SUMIFS('CN-Med-Growth Rate'!I$31:I$48,'CN-Med-Growth Rate'!$A$31:$A$48,$A10,'CN-Med-Growth Rate'!$C$31:$C$48,$B$1) -> 0 | G10: =$E10*SUMIFS('CN-Med-Growth Rate'!J$31:J$48,'CN-Med-Growth Rate'!$A$31:$A$48,$A10,'CN-Med-Growth Rate'!$C$31:$C$48,$B$1) -> 0 | H10: =$E10*SUMIFS('CN-Med-Growth Rate'!K$31:K$48,'CN-Med-Growth Rate'!$A$31:$A$48,$A10,'CN-Med-Growth Rate'!$C$31:$C$48,$B$1) -> 0 | I10: =$E10*SUMIFS('CN-Med-Growth Rate'!L$31:L$48,'CN-Med-Growth Rate'!$A$31:$A$48,$A10,'CN-Med-Growth Rate'!$C$31:$C$48,$B$1) -> 0 | J10: =$E10*SUMIFS('CN-Med-Growth Rate'!M$31:M$48,'CN-Med-Growth Rate'!$A$31:$A$48,$A10,'CN-Med-Growth Rate'!$C$31:$C$48,$B$1) -> 0 | K10: =$E10*SUMIFS('CN-Med-Growth Rate'!N$31:N$48,'CN-Med-Growth Rate'!$A$31:$A$48,$A10,'CN-Med-Growth Rate'!$C$31:$C$48,$B$1) -> 0 | L10: =$E10*SUMIFS('CN-Med-Growth Rate'!O$31:O$48,'CN-Med-Growth Rate'!$A$31:$A$48,$A10,'CN-Med-Growth Rate'!$C$31:$C$48,$B$1) -> 0 | M10: =$E10*SUMIFS('CN-Med-Growth Rate'!P$31:P$48,'CN-Med-Growth Rate'!$A$31:$A$48,$A10,'CN-Med-Growth Rate'!$C$31:$C$48,$B$1) -> 0 | ... AR10: =$E10*SUMIFS('CN-Med-Growth Rate'!AU$31:AU$48,'CN-Med-Growth Rate'!$A$31:$A$48,$A10,'CN-Med-Growth Rate'!$C$31:$C$48,$B$1) -> 0
A11: refined petroleum and coke 19 | B11: =SUMIFS('GHG Emissions 2018-2021'!$G$4:$G$14,'GHG Emissions 2018-2021'!$A$4:$A$14,$A11)*10^10 -> 0 | C11: =AVERAGE(B11,D11) -> 0 | D11: =SUMIFS('GHG Emissions 2018-2021'!$G$19:$G$31,'GHG Emissions 2018-2021'!$A$19:$A$31,$A11)*10^10 -> 0 | E11: =SUMIFS('GHG Emissions 2018-2021'!$G$36:$G$48,'GHG Emissions 2018-2021'!$A$36:$A$48,$A11)*10^10 -> 0 | F11: =$E11*SUMIFS('CN-Med-Growth Rate'!I$31:I$48,'CN-Med-Growth Rate'!$A$31:$A$48,$A11,'CN-Med-Growth Rate'!$C$31:$C$48,$B$1) -> 0 | G11: =$E11*SUMIFS('CN-Med-Growth Rate'!J$31:J$48,'CN-Med-Growth Rate'!$A$31:$A$48,$A11,'CN-Med-Growth Rate'!$C$31:$C$48,$B$1) -> 0 | H11: =$E11*SUMIFS('CN-Med-Growth Rate'!K$31:K$48,'CN-Med-Growth Rate'!$A$31:$A$48,$A11,'CN-Med-Growth Rate'!$C$31:$C$48,$B$1) -> 0 | I11: =$E11*SUMIFS('CN-Med-Growth Rate'!L$31:L$48,'CN-Med-Growth Rate'!$A$31:$A$48,$A11,'CN-Med-Growth Rate'!$C$31:$C$48,$B$1) -> 0 | J11: =$E11*SUMIFS('CN-Med-Growth Rate'!M$31:M$48,'CN-Med-Growth Rate'!$A$31:$A$48,$A11,'CN-Med-Growth Rate'!$C$31:$C$48,$B$1) -> 0 | K11: =$E11*SUMIFS('CN-Med-Growth Rate'!N$31:N$48,'CN-Med-Growth Rate'!$A$31:$A$48,$A11,'CN-Med-Growth Rate'!$C$31:$C$48,$B$1) -> 0 | L11: =$E11*SUMIFS('CN-Med-Growth Rate'!O$31:O$48,'CN-Med-Growth Rate'!$A$31:$A$48,$A11,'CN-Med-Growth Rate'!$C$31:$C$48,$B$1) -> 0 | M11: =$E11*SUMIFS('CN-Med-Growth Rate'!P$31:P$48,'CN-Med-Growth Rate'!$A$31:$A$48,$A11,'CN-Med-Growth Rate'!$C$31:$C$48,$B$1) -> 0 | ... AR11: =$E11*SUMIFS('CN-Med-Growth Rate'!AU$31:AU$48,'CN-Med-Growth Rate'!$A$31:$A$48,$A11,'CN-Med-Growth Rate'!$C$31:$C$48,$B$1) -> 0
A12: chemicals 20 | B12: =SUMIFS('GHG Emissions 2018-2021'!$G$4:$G$14,'GHG Emissions 2018-2021'!$A$4:$A$14,$A12)*10^10 -> 3.0651e+13 | C12: =AVERAGE(B12,D12) -> 23678000000000 | D12: =SUMIFS('GHG Emissions 2018-2021'!$G$19:$G$31,'GHG Emissions 2018-2021'!$A$19:$A$31,$A12)*10^10 -> 16705000000000 | E12: =SUMIFS('GHG Emissions 2018-2021'!$G$36:$G$48,'GHG Emissions 2018-2021'!$A$36:$A$48,$A12)*10^10 -> 29310000000000 | F12: =$E12*SUMIFS('CN-Med-Growth Rate'!I$31:I$48,'CN-Med-Growth Rate'!$A$31:$A$48,$A12,'CN-Med-Growth Rate'!$C$31:$C$48,$B$1) -> 3.063455e+13 | G12: =$E12*SUMIFS('CN-Med-Growth Rate'!J$31:J$48,'CN-Med-Growth Rate'!$A$31:$A$48,$A12,'CN-Med-Growth Rate'!$C$31:$C$48,$B$1) -> 3.19591e+13 | H12: =$E12*SUMIFS('CN-Med-Growth Rate'!K$31:K$48,'CN-Med-Growth Rate'!$A$31:$A$48,$A12,'CN-Med-Growth Rate'!$C$31:$C$48,$B$1) -> 3.3283651e+13 | I12: =$E12*SUMIFS('CN-Med-Growth Rate'!L$31:L$48,'CN-Med-Growth Rate'!$A$31:$A$48,$A12,'CN-Med-Growth Rate'!$C$31:$C$48,$B$1) -> 3.4608201e+13 | J12: =$E12*SUMIFS('CN-Med-Growth Rate'!M$31:M$48,'CN-Med-Growth Rate'!$A$31:$A$48,$A12,'CN-Med-Growth Rate'!$C$31:$C$48,$B$1) -> 3.5198113e+13 | K12: =$E12*SUMIFS('CN-Med-Growth Rate'!N$31:N$48,'CN-Med-Growth Rate'!$A$31:$A$48,$A12,'CN-Med-Growth Rate'!$C$31:$C$48,$B$1) -> 3.5788026e+13 | L12: =$E12*SUMIFS('CN-Med-Growth Rate'!O$31:O$48,'CN-Med-Growth Rate'!$A$31:$A$48,$A12,'CN-Med-Growth Rate'!$C$31:$C$48,$B$1) -> 3.6377938e+13 | M12: =$E12*SUMIFS('CN-Med-Growth Rate'!P$31:P$48,'CN-Med-Growth Rate'!$A$31:$A$48,$A12,'CN-Med-Growth Rate'!$C$31:$C$48,$B$1) -> 3.6967851e+13 | ... AR12: =$E12*SUMIFS('CN-Med-Growth Rate'!AU$31:AU$48,'CN-Med-Growth Rate'!$A$31:$A$48,$A12,'CN-Med-Growth Rate'!$C$31:$C$48,$B$1) -> 2.8315801e+13
A13: rubber and plastic products 22 | B13: =SUMIFS('GHG Emissions 2018-2021'!$G$4:$G$14,'GHG Emissions 2018-2021'!$A$4:$A$14,$A13)*10^10 -> 0 | C13: =AVERAGE(B13,D13) -> 0 | D13: =SUMIFS('GHG Emissions 2018-2021'!$G$19:$G$31,'GHG Emissions 2018-2021'!$A$19:$A$31,$A13)*10^10 -> 0 | E13: =SUMIFS('GHG Emissions 2018-2021'!$G$36:$G$48,'GHG Emissions 2018-2021'!$A$36:$A$48,$A13)*10^10 -> 0 | F13: =$E13*SUMIFS('CN-Med-Growth Rate'!I$31:I$48,'CN-Med-Growth Rate'!$A$31:$A$48,$A13,'CN-Med-Growth Rate'!$C$31:$C$48,$B$1) -> 0 | G13: =$E13*SUMIFS('CN-Med-Growth Rate'!J$31:J$48,'CN-Med-Growth Rate'!$A$31:$A$48,$A13,'CN-Med-Growth Rate'!$C$31:$C$48,$B$1) -> 0 | H13: =$E13*SUMIFS('CN-Med-Growth Rate'!K$31:K$48,'CN-Med-Growth Rate'!$A$31:$A$48,$A13,'CN-Med-Growth Rate'!$C$31:$C$48,$B$1) -> 0 | I13: =$E13*SUMIFS('CN-Med-Growth Rate'!L$31:L$48,'CN-Med-Growth Rate'!$A$31:$A$48,$A13,'CN-Med-Growth Rate'!$C$31:$C$48,$B$1) -> 0 | J13: =$E13*SUMIFS('CN-Med-Growth Rate'!M$31:M$48,'CN-Med-Growth Rate'!$A$31:$A$48,$A13,'CN-Med-Growth Rate'!$C$31:$C$48,$B$1) -> 0 | K13: =$E13*SUMIFS('CN-Med-Growth Rate'!N$31:N$48,'CN-Med-Growth Rate'!$A$31:$A$48,$A13,'CN-Med-Growth Rate'!$C$31:$C$48,$B$1) -> 0 | L13: =$E13*SUMIFS('CN-Med-Growth Rate'!O$31:O$48,'CN-Med-Growth Rate'!$A$31:$A$48,$A13,'CN-Med-Growth Rate'!$C$31:$C$48,$B$1) -> 0 | M13: =$E13*SUMIFS('CN-Med-Growth Rate'!P$31:P$48,'CN-Med-Growth Rate'!$A$31:$A$48,$A13,'CN-Med-Growth Rate'!$C$31:$C$48,$B$1) -> 0 | ... AR13: =$E13*SUMIFS('CN-Med-Growth Rate'!AU$31:AU$48,'CN-Med-Growth Rate'!$A$31:$A$48,$A13,'CN-Med-Growth Rate'!$C$31:$C$48,$B$1) -> 0
A14: glass and glass products 231 | B14: =SUMIFS('GHG Emissions 2018-2021'!$G$4:$G$14,'GHG Emissions 2018-2021'!$A$4:$A$14,$A14)*10^10 -> 233869000000000 | C14: =AVERAGE(B14,D14) -> 291386500000000 | D14: =SUMIFS('GHG Emissions 2018-2021'!$G$19:$G$31,'GHG Emissions 2018-2021'!$A$19:$A$31,$A14)*10^10 -> 348904000000000 | E14: =SUMIFS('GHG Emissions 2018-2021'!$G$36:$G$48,'GHG Emissions 2018-2021'!$A$36:$A$48,$A14)*10^10 -> 410006000000000 | F14: =$E14*SUMIFS('CN-Med-Growth Rate'!I$31:I$48,'CN-Med-Growth Rate'!$A$31:$A$48,$A14,'CN-Med-Growth Rate'!$C$31:$C$48,$B$1) -> 4.2600614e+14 | G14: =$E14*SUMIFS('CN-Med-Growth Rate'!J$31:J$48,'CN-Med-Growth Rate'!$A$31:$A$48,$A14,'CN-Med-Growth Rate'!$C$31:$C$48,$B$1) -> 458243160523530 | H14: =$E14*SUMIFS('CN-Med-Growth Rate'!K$31:K$48,'CN-Med-Growth Rate'!$A$31:$A$48,$A14,'CN-Med-Growth Rate'!$C$31:$C$48,$B$1) -> 4.8452206e+14 | I14: =$E14*SUMIFS('CN-Med-Growth Rate'!L$31:L$48,'CN-Med-Growth Rate'!$A$31:$A$48,$A14,'CN-Med-Growth Rate'!$C$31:$C$48,$B$1) -> 5.1019429e+14 | J14: =$E14*SUMIFS('CN-Med-Growth Rate'!M$31:M$48,'CN-Med-Growth Rate'!$A$31:$A$48,$A14,'CN-Med-Growth Rate'!$C$31:$C$48,$B$1) -> 535289447286113 | K14: =$E14*SUMIFS('CN-Med-Growth Rate'!N$31:N$48,'CN-Med-Growth Rate'!$A$31:$A$48,$A14,'CN-Med-Growth Rate'!$C$31:$C$48,$B$1) -> 5.5971876e+14 | L14: =$E14*SUMIFS('CN-Med-Growth Rate'!O$31:O$48,'CN-Med-Growth Rate'!$A$31:$A$48,$A14,'CN-Med-Growth Rate'!$C$31:$C$48,$B$1) -> 5.8347235e+14 | M14: =$E14*SUMIFS('CN-Med-Growth Rate'!P$31:P$48,'CN-Med-Growth Rate'!$A$31:$A$48,$A14,'CN-Med-Growth Rate'!$C$31:$C$48,$B$1) -> 6.0648612e+14 | ... AR14: =$E14*SUMIFS('CN-Med-Growth Rate'!AU$31:AU$48,'CN-Med-Growth Rate'!$A$31:$A$48,$A14,'CN-Med-Growth Rate'!$C$31:$C$48,$B$1) -> 7.9127192e+14
... A27: construction 41T43 | B27: =SUMIFS('GHG Emissions 2018-2021'!$G$4:$G$14,'GHG Emissions 2018-2021'!$A$4:$A$14,$A27)*10^10 -> 0 | C27: =AVERAGE(B27,D27) -> 0 | D27: =SUMIFS('GHG Emissions 2018-2021'!$G$19:$G$31,'GHG Emissions 2018-2021'!$A$19:$A$31,$A27)*10^10 -> 0 | E27: =SUMIFS('GHG Emissions 2018-2021'!$G$36:$G$48,'GHG Emissions 2018-2021'!$A$36:$A$48,$A27)*10^10 -> 0 | F27: =$E27*SUMIFS('CN-Med-Growth Rate'!I$31:I$48,'CN-Med-Growth Rate'!$A$31:$A$48,$A27,'CN-Med-Growth Rate'!$C$31:$C$48,$B$1) -> 0 | G27: =$E27*SUMIFS('CN-Med-Growth Rate'!J$31:J$48,'CN-Med-Growth Rate'!$A$31:$A$48,$A27,'CN-Med-Growth Rate'!$C$31:$C$48,$B$1) -> 0 | H27: =$E27*SUMIFS('CN-Med-Growth Rate'!K$31:K$48,'CN-Med-Growth Rate'!$A$31:$A$48,$A27,'CN-Med-Growth Rate'!$C$31:$C$48,$B$1) -> 0 | I27: =$E27*SUMIFS('CN-Med-Growth Rate'!L$31:L$48,'CN-Med-Growth Rate'!$A$31:$A$48,$A27,'CN-Med-Growth Rate'!$C$31:$C$48,$B$1) -> 0 | J27: =$E27*SUMIFS('CN-Med-Growth Rate'!M$31:M$48,'CN-Med-Growth Rate'!$A$31:$A$48,$A27,'CN-Med-Growth Rate'!$C$31:$C$48,$B$1) -> 0 | K27: =$E27*SUMIFS('CN-Med-Growth Rate'!N$31:N$48,'CN-Med-Growth Rate'!$A$31:$A$48,$A27,'CN-Med-Growth Rate'!$C$31:$C$48,$B$1) -> 0 | L27: =$E27*SUMIFS('CN-Med-Growth Rate'!O$31:O$48,'CN-Med-Growth Rate'!$A$31:$A$48,$A27,'CN-Med-Growth Rate'!$C$31:$C$48,$B$1) -> 0 | M27: =$E27*SUMIFS('CN-Med-Growth Rate'!P$31:P$48,'CN-Med-Growth Rate'!$A$31:$A$48,$A27,'CN-Med-Growth Rate'!$C$31:$C$48,$B$1) -> 0 | ... AR27: =$E27*SUMIFS('CN-Med-Growth Rate'!AU$31:AU$48,'CN-Med-Growth Rate'!$A$31:$A$48,$A27,'CN-Med-Growth Rate'!$C$31:$C$48,$B$1) -> 0

Sheet EPA Data Summary_before mult
A1: Data Sources | B1: us 4.0/BPE, Country=China
B2: Pollutant: | C2: CO2 | D2: Unit: grams CO2e
C3: 2015 | D3: 2016 | E3: 2017 | F3: 2018 | G3: 2019 | H3: 2020 | I3: 2021 | J3: 2022 | K3: 2023 | L3: 2024 | M3: 2025 | N3: 2026 | O3: 2027 | P3: 2028 | Q3: 2029 | R3: 2030 | S3: 2031 | T3: 2032 | U3: 2033 | V3: 2034 | W3: 2035 | X3: 2036 | Y3: 2037 | Z3: 2038 | AA3: 2039 | AB3: 2040 | AC3: 2041 | AD3: 2042 | AE3: 2043 | AF3: 2044 | AG3: 2045 | AH3: 2046 | AI3: 2047 | AJ3: 2048 | AK3: 2049 | AL3: 2050
A4: CO2 | B4: agriculture and forestry 01T03 | C4: 8.8255779e+12 | D4: 8.870755e+12 | E4: 8.9144952e+12 | F4: 8.956062e+12 | G4: 8.9945544e+12 | H4: 9.029309e+12 | I4: 9060000000000 | J4: 9.0866948e+12 | K4: 9.1096317e+12 | L4: 9.1292494e+12 | M4: 9.1458949e+12 | N4: 9.1595958e+12 | O4: 9.1702942e+12 | P4: 9.1781685e+12 | Q4: 9.1834286e+12 | R4: 9.1862442e+12 | S4: 9.1867294e+12 | T4: 9.1849285e+12 | U4: 9.1808535e+12 | V4: 9.1744816e+12 | W4: 9.1658113e+12 | X4: 9.1548841e+12 | Y4: 9.1417792e+12 | Z4: 9.1265744e+12 | AA4: 9.1093593e+12 | AB4: 9.0902079e+12 | AC4: 9.069185e+12 | AD4: 9.0463181e+12 | AE4: 9.0215987e+12 | AF4: 8.9949962e+12 | AG4: 8.9665036e+12 | AH4: 8.9361677e+12 | AI4: 8.9040616e+12 | AJ4: 8.8702399e+12 | AK4: 8.8347648e+12 | AL4: 8.7977075e+12
A5: CO2 | B5: coal mining 05 | C5: 2.8991612e+14 | D5: 2.8950922e+14 | E5: 2.8910232e+14 | F5: 2.8869542e+14 | G5: 288288516068053 | H5: 2.8788162e+14 | I5: 287000000000000 | J5: 2.8611838e+14 | K5: 2.8523677e+14 | L5: 2.8435515e+14 | M5: 2.8347353e+14 | N5: 2.813034e+14 | O5: 2.7913327e+14 | P5: 2.7696314e+14 | Q5: 2.7479301e+14 | R5: 2.7262287e+14 | S5: 2.7004584e+14 | T5: 2.6746881e+14 | U5: 2.6489178e+14 | V5: 2.6231474e+14 | W5: 2.5973771e+14 | X5: 2.5729631e+14 | Y5: 2.5485491e+14 | Z5: 2.5241352e+14 | AA5: 2.4997212e+14 | AB5: 247530718336484 | AC5: 2.450774e+14 | AD5: 2.4262408e+14 | AE5: 2.4017076e+14 | AF5: 2.3771745e+14 | AG5: 2.3526413e+14 | AH5: 2.3280218e+14 | AI5: 2.3034023e+14 | AJ5: 2.2787828e+14 | AK5: 2.2541633e+14 | AL5: 222954380764164
A6: CO2 | B6: oil and gas extraction 06 | C6: 0 | D6: 0 | E6: 0 | F6: 0 | G6: 0 | H6: 0 | I6: 0 | J6: 0 | K6: 0 | L6: 0 | M6: 0 | N6: 0 | O6: 0 | P6: 0 | Q6: 0 | R6: 0 | S6: 0 | T6: 0 | U6: 0 | V6: 0 | W6: 0 | X6: 0 | Y6: 0 | Z6: 0 | AA6: 0 | AB6: 0 | AC6: 0 | AD6: 0 | AE6: 0 | AF6: 0 | AG6: 0 | AH6: 0 | AI6: 0 | AJ6: 0 | AK6: 0 | AL6: 0
A7: CO2 | B7: other mining and quarrying 07T08 | C7: 0 | D7: 0 | E7: 0 | F7: 0 | G7: 0 | H7: 0 | I7: 0 | J7: 0 | K7: 0 | L7: 0 | M7: 0 | N7: 0 | O7: 0 | P7: 0 | Q7: 0 | R7: 0 | S7: 0 | T7: 0 | U7: 0 | V7: 0 | W7: 0 | X7: 0 | Y7: 0 | Z7: 0 | AA7: 0 | AB7: 0 | AC7: 0 | AD7: 0 | AE7: 0 | AF7: 0 | AG7: 0 | AH7: 0 | AI7: 0 | AJ7: 0 | AK7: 0 | AL7: 0
A8: CO2 | B8: food beverage and tobacco 10T12 | C8: 0 | D8: 0 | E8: 0 | F8: 0 | G8: 0 | H8: 0 | I8: 0 | J8: 0 | K8: 0 | L8: 0 | M8: 0 | N8: 0 | O8: 0 | P8: 0 | Q8: 0 | R8: 0 | S8: 0 | T8: 0 | U8: 0 | V8: 0 | W8: 0 | X8: 0 | Y8: 0 | Z8: 0 | AA8: 0 | AB8: 0 | AC8: 0 | AD8: 0 | AE8: 0 | AF8: 0 | AG8: 0 | AH8: 0 | AI8: 0 | AJ8: 0 | AK8: 0 | AL8: 0
A9: CO2 | B9: textiles apparel and leather 13T15 | C9: 0 | D9: 0 | E9: 0 | F9: 0 | G9: 0 | H9: 0 | I9: 0 | J9: 0 | K9: 0 | L9: 0 | M9: 0 | N9: 0 | O9: 0 | P9: 0 | Q9: 0 | R9: 0 | S9: 0 | T9: 0 | U9: 0 | V9: 0 | W9: 0 | X9: 0 | Y9: 0 | Z9: 0 | AA9: 0 | AB9: 0 | AC9: 0 | AD9: 0 | AE9: 0 | AF9: 0 | AG9: 0 | AH9: 0 | AI9: 0 | AJ9: 0 | AK9: 0 | AL9: 0
A10: CO2 | B10: wood products 16 | C10: 0 | D10: 0 | E10: 0 | F10: 0 | G10: 0 | H10: 0 | I10: 0 | J10: 0 | K10: 0 | L10: 0 | M10: 0 | N10: 0 | O10: 0 | P10: 0 | Q10: 0 | R10: 0 | S10: 0 | T10: 0 | U10: 0 | V10: 0 | W10: 0 | X10: 0 | Y10: 0 | Z10: 0 | AA10: 0 | AB10: 0 | AC10: 0 | AD10: 0 | AE10: 0 | AF10: 0 | AG10: 0 | AH10: 0 | AI10: 0 | AJ10: 0 | AK10: 0 | AL10: 0
A11: CO2 | B11: pulp paper and printing 17T18 | C11: 0 | D11: 0 | E11: 0 | F11: 0 | G11: 0 | H11: 0 | I11: 0 | J11: 0 | K11: 0 | L11: 0 | M11: 0 | N11: 0 | O11: 0 | P11: 0 | Q11: 0 | R11: 0 | S11: 0 | T11: 0 | U11: 0 | V11: 0 | W11: 0 | X11: 0 | Y11: 0 | Z11: 0 | AA11: 0 | AB11: 0 | AC11: 0 | AD11: 0 | AE11: 0 | AF11: 0 | AG11: 0 | AH11: 0 | AI11: 0 | AJ11: 0 | AK11: 0 | AL11: 0
A12: CO2 | B12: refined petroleum and coke 19 | C12: 1.805239e+13 | D12: 1.9033083e+13 | E12: 2.0013775e+13 | F12: 2.0994468e+13 | G12: 2.197516e+13 | H12: 2.2955852e+13 | I12: 24500000000000 | J12: 2.6044148e+13 | K12: 2.7588295e+13 | L12: 2.9132443e+13 | M12: 3.0676591e+13 | N12: 3.2022427e+13 | O12: 3.3368264e+13 | P12: 3.47141e+13 | Q12: 3.6059936e+13 | R12: 3.7405773e+13 | S12: 3.8885531e+13 | T12: 4.036529e+13 | U12: 41845048134031 | V12: 4.3324807e+13 | W12: 4.4804565e+13 | X12: 4.6434055e+13 | Y12: 4.8063544e+13 | Z12: 4.9693034e+13 | AA12: 5.1322524e+13 | AB12: 5.2952013e+13 | AC12: 5.4869849e+13 | AD12: 5.6787684e+13 | AE12: 5.870552e+13 | AF12: 6.0623355e+13 | AG12: 6.2541191e+13 | AH12: 6.4406816e+13 | AI12: 6.6272441e+13 | AJ12: 6.8138065e+13 | AK12: 7.000369e+13 | AL12: 7.1869315e+13
A13: CO2 | B13: chemicals 20 | C13: 1.2676373e+14 | D13: 1.3396978e+14 | E13: 1.4117582e+14 | F13: 1.4838187e+14 | G13: 1.5558791e+14 | H13: 1.6279396e+14 | I13: 170000000000000 | J13: 1.7720604e+14 | K13: 1.8441209e+14 | L13: 1.9161813e+14 | M13: 1.9882418e+14 | N13: 2.0603022e+14 | O13: 2.1323627e+14 | P13: 2.2044231e+14 | Q13: 2.2764836e+14 | R13: 2.348544e+14 | S13: 2.4206045e+14 | T13: 2.4926649e+14 | U13: 2.5647254e+14 | V13: 2.6367858e+14 | W13: 2.7088463e+14 | X13: 2.7809067e+14 | Y13: 2.8529672e+14 | Z13: 2.9250276e+14 | AA13: 2.9970881e+14 | AB13: 3.0691485e+14 | AC13: 3.141209e+14 | AD13: 3.2132694e+14 | AE13: 3.2853299e+14 | AF13: 3.3573903e+14 | AG13: 3.4294508e+14 | AH13: 3.5015112e+14 | AI13: 3.5735717e+14 | AJ13: 3.6456321e+14 | AK13: 3.7176926e+14 | AL13: 3.789753e+14
A14: CO2 | B14: rubber and plastic products 22 | C14: 0 | D14: 0 | E14: 0 | F14: 0 | G14: 0 | H14: 0 | I14: 0 | J14: 0 | K14: 0 | L14: 0 | M14: 0 | N14: 0 | O14: 0 | P14: 0 | Q14: 0 | R14: 0 | S14: 0 | T14: 0 | U14: 0 | V14: 0 | W14: 0 | X14: 0 | Y14: 0 | Z14: 0 | AA14: 0 | AB14: 0 | AC14: 0 | AD14: 0 | AE14: 0 | AF14: 0 | AG14: 0 | AH14: 0 | AI14: 0 | AJ14: 0 | AK14: 0 | AL14: 0
A15: CO2 | B15: glass and glass products 231 | C15: 0 | D15: 0 | E15: 0 | F15: 0 | G15: 0 | H15: 0 | I15: 0 | J15: 0 | K15: 0 | L15: 0 | M15: 0 | N15: 0 | O15: 0 | P15: 0 | Q15: 0 | R15: 0 | S15: 0 | T15: 0 | U15: 0 | V15: 0 | W15: 0 | X15: 0 | Y15: 0 | Z15: 0 | AA15: 0 | AB15: 0 | AC15: 0 | AD15: 0 | AE15: 0 | AF15: 0 | AG15: 0 | AH15: 0 | AI15: 0 | AJ15: 0 | AK15: 0 | AL15: 0
... A28: CO2 | B28: construction 41T43 | C28: 0 | D28: 0 | E28: 0 | F28: 0 | G28: 0 | H28: 0 | I28: 0 | J28: 0 | K28: 0 | L28: 0 | M28: 0 | N28: 0 | O28: 0 | P28: 0 | Q28: 0 | R28: 0 | S28: 0 | T28: 0 | U28: 0 | V28: 0 | W28: 0 | X28: 0 | Y28: 0 | Z28: 0 | AA28: 0 | AB28: 0 | AC28: 0 | AD28: 0 | AE28: 0 | AF28: 0 | AG28: 0 | AH28: 0 | AI28: 0 | AJ28: 0 | AK28: 0 | AL28: 0
B31: Pollutant: | C31: CH4 | D31: Unit: grams CO2e
C32: 2015 | D32: 2016 | E32: 2017 | F32: 2018 | G32: 2019 | H32: 2020 | I32: 2021 | J32: 2022 | K32: 2023 | L32: 2024 | M32: 2025 | N32: 2026 | O32: 2027 | P32: 2028 | Q32: 2029 | R32: 2030 | S32: 2031 | T32: 2032 | U32: 2033 | V32: 2034 | W32: 2035 | X32: 2036 | Y32: 2037 | Z32: 2038 | AA32: 2039 | AB32: 2040 | AC32: 2041 | AD32: 2042 | AE32: 2043 | AF32: 2044 | AG32: 2045 | AH32: 2046 | AI32: 2047 | AJ32: 2048 | AK32: 2049 | AL32: 2050
A33: CH4 | B33: agriculture and forestry 01T03 | C33: 6.3300559e+14 | D33: 6.3533381e+14 | E33: 6.3766203e+14 | F33: 6.3999025e+14 | G33: 6.4231848e+14 | H33: 6.446467e+14 | I33: 6.4541328e+14 | J33: 6.4617987e+14 | K33: 6.4694645e+14 | L33: 6.4771303e+14 | M33: 6.4847961e+14 | N33: 6.4819168e+14 | O33: 6.4790375e+14 | P33: 647615821889600 | Q33: 6.4732789e+14 | R33: 6.4703996e+14 | S33: 6.4598822e+14 | T33: 6.4493647e+14 | U33: 6.4388472e+14 | V33: 6.4283298e+14 | W33: 641781229828128 | X33: 6.4013744e+14 | Y33: 6.3849365e+14 | Z33: 636849861754801 | AA33: 6.3520607e+14 | AB33: 6.3356228e+14 | AC33: 6.3127328e+14 | AD33: 6.2898427e+14 | AE33: 626695263230057 | AF33: 6.2440626e+14 | AG33: 6.2211725e+14 | AH33: 6.1922007e+14 | AI33: 616322883730592 | AJ33: 6.134257e+14 | AK33: 6.1052852e+14 | AL33: 6.0763133e+14
A34: CH4 | B34: coal mining 05 | C34: 7.448982e+14 | D34: 7.4385273e+14 | E34: 7.4280726e+14 | F34: 7.4176179e+14 | G34: 7.4071632e+14 | H34: 7.3967084e+14 | I34: 7.3740566e+14 | J34: 7.3514047e+14 | K34: 7.3287528e+14 | L34: 7.3061009e+14 | M34: 728344906865893 | N34: 7.2276906e+14 | O34: 7.1719321e+14 | P34: 7.1161737e+14 | Q34: 706041522158038 | R34: 7.0046568e+14 | S34: 6.9384436e+14 | T34: 687223041310785 | U34: 6.8060172e+14 | V34: 6.7398041e+14 | W34: 6.6735909e+14 | X34: 6.6108626e+14 | Y34: 6.5481344e+14 | Z34: 648540608458099 | AA34: 6.4226778e+14 | AB34: 6.3599495e+14 | AC34: 629691502698132 | AD34: 623388050836334 | AE34: 6.170846e+14 | AF34: 6.1078115e+14 | AG34: 6.044777e+14 | AH34: 5.9815207e+14 | AI34: 591826438205479 | AJ34: 5.8550081e+14 | AK34: 5.7917518e+14 | AL34: 5.7284955e+14
A35: CH4 | B35: oil and gas extraction 06 | C35: 3.1350492e+13 | D35: 3.0620957e+13 | E35: 2.9891422e+13 | F35: 2.9161887e+13 | G35: 2.8432352e+13 | H35: 2.7702817e+13 | I35: 2.8107526e+13 | J35: 2.8512235e+13 | K35: 2.8916943e+13 | L35: 2.9321652e+13 | M35: 2.972636e+13 | N35: 3.0450722e+13 | O35: 3.1175083e+13 | P35: 3.1899445e+13 | Q35: 3.2623806e+13 | R35: 3.3348168e+13 | S35: 3.3941956e+13 | T35: 3.4535744e+13 | U35: 3.5129532e+13 | V35: 3.572332e+13 | W35: 3.6317108e+13 | X35: 3.7155718e+13 | Y35: 3.7994327e+13 | Z35: 3.8832936e+13 | AA35: 3.9671545e+13 | AB35: 4.0510155e+13 | AC35: 4.1294854e+13 | AD35: 4.2079554e+13 | AE35: 4.2864254e+13 | AF35: 4.3648953e+13 | AG35: 4.4433653e+13 | AH35: 4.5454843e+13 | AI35: 4.6476032e+13 | AJ35: 4.7497222e+13 | AK35: 4.8518412e+13 | AL35: 4.9539601e+13
A36: CH4 | B36: other mining and quarrying 07T08 | C36: 0 | D36: 0 | E36: 0 | F36: 0 | G36: 0 | H36: 0 | I36: 0 | J36: 0 | K36: 0 | L36: 0 | M36: 0 | N36: 0 | O36: 0 | P36: 0 | Q36: 0 | R36: 0 | S36: 0 | T36: 0 | U36: 0 | V36: 0 | W36: 0 | X36: 0 | Y36: 0 | Z36: 0 | AA36: 0 | AB36: 0 | AC36: 0 | AD36: 0 | AE36: 0 | AF36: 0 | AG36: 0 | AH36: 0 | AI36: 0 | AJ36: 0 | AK36: 0 | AL36: 0
A37: CH4 | B37: food beverage and tobacco 10T12 | C37: 0 | D37: 0 | E37: 0 | F37: 0 | G37: 0 | H37: 0 | I37: 0 | J37: 0 | K37: 0 | L37: 0 | M37: 0 | N37: 0 | O37: 0 | P37: 0 | Q37: 0 | R37: 0 | S37: 0 | T37: 0 | U37: 0 | V37: 0 | W37: 0 | X37: 0 | Y37: 0 | Z37: 0 | AA37: 0 | AB37: 0 | AC37: 0 | AD37: 0 | AE37: 0 | AF37: 0 | AG37: 0 | AH37: 0 | AI37: 0 | AJ37: 0 | AK37: 0 | AL37: 0
A38: CH4 | B38: textiles apparel and leather 13T15 | C38: 0 | D38: 0 | E38: 0 | F38: 0 | G38: 0 | H38: 0 | I38: 0 | J38: 0 | K38: 0 | L38: 0 | M38: 0 | N38: 0 | O38: 0 | P38: 0 | Q38: 0 | R38: 0 | S38: 0 | T38: 0 | U38: 0 | V38: 0 | W38: 0 | X38: 0 | Y38: 0 | Z38: 0 | AA38: 0 | AB38: 0 | AC38: 0 | AD38: 0 | AE38: 0 | AF38: 0 | AG38: 0 | AH38: 0 | AI38: 0 | AJ38: 0 | AK38: 0 | AL38: 0
A39: CH4 | B39: wood products 16 | C39: 0 | D39: 0 | E39: 0 | F39: 0 | G39: 0 | H39: 0 | I39: 0 | J39: 0 | K39: 0 | L39: 0 | M39: 0 | N39: 0 | O39: 0 | P39: 0 | Q39: 0 | R39: 0 | S39: 0 | T39: 0 | U39: 0 | V39: 0 | W39: 0 | X39: 0 | Y39: 0 | Z39: 0 | AA39: 0 | AB39: 0 | AC39: 0 | AD39: 0 | AE39: 0 | AF39: 0 | AG39: 0 | AH39: 0 | AI39: 0 | AJ39: 0 | AK39: 0 | AL39: 0
A40: CH4 | B40: pulp paper and printing 17T18 | C40: 0 | D40: 0 | E40: 0 | F40: 0 | G40: 0 | H40: 0 | I40: 0 | J40: 0 | K40: 0 | L40: 0 | M40: 0 | N40: 0 | O40: 0 | P40: 0 | Q40: 0 | R40: 0 | S40: 0 | T40: 0 | U40: 0 | V40: 0 | W40: 0 | X40: 0 | Y40: 0 | Z40: 0 | AA40: 0 | AB40: 0 | AC40: 0 | AD40: 0 | AE40: 0 | AF40: 0 | AG40: 0 | AH40: 0 | AI40: 0 | AJ40: 0 | AK40: 0 | AL40: 0
A41: CH4 | B41: refined petroleum and coke 19 | C41: 0 | D41: 0 | E41: 0 | F41: 0 | G41: 0 | H41: 0 | I41: 0 | J41: 0 | K41: 0 | L41: 0 | M41: 0 | N41: 0 | O41: 0 | P41: 0 | Q41: 0 | R41: 0 | S41: 0 | T41: 0 | U41: 0 | V41: 0 | W41: 0 | X41: 0 | Y41: 0 | Z41: 0 | AA41: 0 | AB41: 0 | AC41: 0 | AD41: 0 | AE41: 0 | AF41: 0 | AG41: 0 | AH41: 0 | AI41: 0 | AJ41: 0 | AK41: 0 | AL41: 0
A42: CH4 | B42: chemicals 20 | C42: 0 | D42: 0 | E42: 0 | F42: 0 | G42: 0 | H42: 0 | I42: 0 | J42: 0 | K42: 0 | L42: 0 | M42: 0 | N42: 0 | O42: 0 | P42: 0 | Q42: 0 | R42: 0 | S42: 0 | T42: 0 | U42: 0 | V42: 0 | W42: 0 | X42: 0 | Y42: 0 | Z42: 0 | AA42: 0 | AB42: 0 | AC42: 0 | AD42: 0 | AE42: 0 | AF42: 0 | AG42: 0 | AH42: 0 | AI42: 0 | AJ42: 0 | AK42: 0 | AL42: 0
A43: CH4 | B43: rubber and plastic products 22 | C43: 0 | D43: 0 | E43: 0 | F43: 0 | G43: 0 | H43: 0 | I43: 0 | J43: 0 | K43: 0 | L43: 0 | M43: 0 | N43: 0 | O43: 0 | P43: 0 | Q43: 0 | R43: 0 | S43: 0 | T43: 0 | U43: 0 | V43: 0 | W43: 0 | X43: 0 | Y43: 0 | Z43: 0 | AA43: 0 | AB43: 0 | AC43: 0 | AD43: 0 | AE43: 0 | AF43: 0 | AG43: 0 | AH43: 0 | AI43: 0 | AJ43: 0 | AK43: 0 | AL43: 0
A44: CH4 | B44: glass and glass products 231 | C44: 0 | D44: 0 | E44: 0 | F44: 0 | G44: 0 | H44: 0 | I44: 0 | J44: 0 | K44: 0 | L44: 0 | M44: 0 | N44: 0 | O44: 0 | P44: 0 | Q44: 0 | R44: 0 | S44: 0 | T44: 0 | U44: 0 | V44: 0 | W44: 0 | X44: 0 | Y44: 0 | Z44: 0 | AA44: 0 | AB44: 0 | AC44: 0 | AD44: 0 | AE44: 0 | AF44: 0 | AG44: 0 | AH44: 0 | AI44: 0 | AJ44: 0 | AK44: 0 | AL44: 0
... A57: CH4 | B57: construction 41T43 | C57: 0 | D57: 0 | E57: 0 | F57: 0 | G57: 0 | H57: 0 | I57: 0 | J57: 0 | K57: 0 | L57: 0 | M57: 0 | N57: 0 | O57: 0 | P57: 0 | Q57: 0 | R57: 0 | S57: 0 | T57: 0 | U57: 0 | V57: 0 | W57: 0 | X57: 0 | Y57: 0 | Z57: 0 | AA57: 0 | AB57: 0 | AC57: 0 | AD57: 0 | AE57: 0 | AF57: 0 | AG57: 0 | AH57: 0 | AI57: 0 | AJ57: 0 | AK57: 0 | AL57: 0
B60: Pollutant: | C60: N2O | D60: Unit: grams CO2e
C61: 2015 | D61: 2016 | E61: 2017 | F61: 2018 | G61: 2019 | H61: 2020 | I61: 2021 | J61: 2022 | K61: 2023 | L61: 2024 | M61: 2025 | N61: 2026 | O61: 2027 | P61: 2028 | Q61: 2029 | R61: 2030 | S61: 2031 | T61: 2032 | U61: 2033 | V61: 2034 | W61: 2035 | X61: 2036 | Y61: 2037 | Z61: 2038 | AA61: 2039 | AB61: 2040 | AC61: 2041 | AD61: 2042 | AE61: 2043 | AF61: 2044 | AG61: 2045 | AH61: 2046 | AI61: 2047 | AJ61: 2048 | AK61: 2049 | AL61: 2050
A62: N2O | B62: agriculture and forestry 01T03 | C62: 3.893433e+14 | D62: 3.9266878e+14 | E62: 395994263193112 | F62: 3.9931974e+14 | G62: 4.0264522e+14 | H62: 4.0597071e+14 | I62: 4.0863837e+14 | J62: 4.1130604e+14 | K62: 4.1397371e+14 | L62: 4.1664138e+14 | M62: 4.1930905e+14 | N62: 4.2140055e+14 | O62: 4.2349204e+14 | P62: 4.2558354e+14 | Q62: 4.2767504e+14 | R62: 4.2976654e+14 | S62: 4.3054727e+14 | T62: 4.3132799e+14 | U62: 4.3210872e+14 | V62: 4.3288945e+14 | W62: 4.3367018e+14 | X62: 4.3424325e+14 | Y62: 4.3481633e+14 | Z62: 4.353894e+14 | AA62: 4.3596248e+14 | AB62: 4.3653555e+14 | AC62: 436966517233645 | AD62: 4.3739748e+14 | AE62: 4.3782844e+14 | AF62: 4.3825941e+14 | AG62: 4.3869037e+14 | AH62: 4.3898564e+14 | AI62: 4.392809e+14 | AJ62: 4.3957616e+14 | AK62: 4.3987142e+14 | AL62: 4.4016669e+14
A63: N2O | B63: coal mining 05 | C63: 0 | D63: 0 | E63: 0 | F63: 0 | G63: 0 | H63: 0 | I63: 0 | J63: 0 | K63: 0 | L63: 0 | M63: 0 | N63: 0 | O63: 0 | P63: 0 | Q63: 0 | R63: 0 | S63: 0 | T63: 0 | U63: 0 | V63: 0 | W63: 0 | X63: 0 | Y63: 0 | Z63: 0 | AA63: 0 | AB63: 0 | AC63: 0 | AD63: 0 | AE63: 0 | AF63: 0 | AG63: 0 | AH63: 0 | AI63: 0 | AJ63: 0 | AK63: 0 | AL63: 0
A64: N2O | B64: oil and gas extraction 06 | C64: 0 | D64: 0 | E64: 0 | F64: 0 | G64: 0 | H64: 0 | I64: 0 | J64: 0 | K64: 0 | L64: 0 | M64: 0 | N64: 0 | O64: 0 | P64: 0 | Q64: 0 | R64: 0 | S64: 0 | T64: 0 | U64: 0 | V64: 0 | W64: 0 | X64: 0 | Y64: 0 | Z64: 0 | AA64: 0 | AB64: 0 | AC64: 0 | AD64: 0 | AE64: 0 | AF64: 0 | AG64: 0 | AH64: 0 | AI64: 0 | AJ64: 0 | AK64: 0 | AL64: 0
A65: N2O | B65: other mining and quarrying 07T08 | C65: 0 | D65: 0 | E65: 0 | F65: 0 | G65: 0 | H65: 0 | I65: 0 | J65: 0 | K65: 0 | L65: 0 | M65: 0 | N65: 0 | O65: 0 | P65: 0 | Q65: 0 | R65: 0 | S65: 0 | T65: 0 | U65: 0 | V65: 0 | W65: 0 | X65: 0 | Y65: 0 | Z65: 0 | AA65: 0 | AB65: 0 | AC65: 0 | AD65: 0 | AE65: 0 | AF65: 0 | AG65: 0 | AH65: 0 | AI65: 0 | AJ65: 0 | AK65: 0 | AL65: 0
A66: N2O | B66: food beverage and tobacco 10T12 | C66: 0 | D66: 0 | E66: 0 | F66: 0 | G66: 0 | H66: 0 | I66: 0 | J66: 0 | K66: 0 | L66: 0 | M66: 0 | N66: 0 | O66: 0 | P66: 0 | Q66: 0 | R66: 0 | S66: 0 | T66: 0 | U66: 0 | V66: 0 | W66: 0 | X66: 0 | Y66: 0 | Z66: 0 | AA66: 0 | AB66: 0 | AC66: 0 | AD66: 0 | AE66: 0 | AF66: 0 | AG66: 0 | AH66: 0 | AI66: 0 | AJ66: 0 | AK66: 0 | AL66: 0
A67: N2O | B67: textiles apparel and leather 13T15 | C67: 0 | D67: 0 | E67: 0 | F67: 0 | G67: 0 | H67: 0 | I67: 0 | J67: 0 | K67: 0 | L67: 0 | M67: 0 | N67: 0 | O67: 0 | P67: 0 | Q67: 0 | R67: 0 | S67: 0 | T67: 0 | U67: 0 | V67: 0 | W67: 0 | X67: 0 | Y67: 0 | Z67: 0 | AA67: 0 | AB67: 0 | AC67: 0 | AD67: 0 | AE67: 0 | AF67: 0 | AG67: 0 | AH67: 0 | AI67: 0 | AJ67: 0 | AK67: 0 | AL67: 0
A68: N2O | B68: wood products 16 | C68: 0 | D68: 0 | E68: 0 | F68: 0 | G68: 0 | H68: 0 | I68: 0 | J68: 0 | K68: 0 | L68: 0 | M68: 0 | N68: 0 | O68: 0 | P68: 0 | Q68: 0 | R68: 0 | S68: 0 | T68: 0 | U68: 0 | V68: 0 | W68: 0 | X68: 0 | Y68: 0 | Z68: 0 | AA68: 0 | AB68: 0 | AC68: 0 | AD68: 0 | AE68: 0 | AF68: 0 | AG68: 0 | AH68: 0 | AI68: 0 | AJ68: 0 | AK68: 0 | AL68: 0
A69: N2O | B69: pulp paper and printing 17T18 | C69: 0 | D69: 0 | E69: 0 | F69: 0 | G69: 0 | H69: 0 | I69: 0 | J69: 0 | K69: 0 | L69: 0 | M69: 0 | N69: 0 | O69: 0 | P69: 0 | Q69: 0 | R69: 0 | S69: 0 | T69: 0 | U69: 0 | V69: 0 | W69: 0 | X69: 0 | Y69: 0 | Z69: 0 | AA69: 0 | AB69: 0 | AC69: 0 | AD69: 0 | AE69: 0 | AF69: 0 | AG69: 0 | AH69: 0 | AI69: 0 | AJ69: 0 | AK69: 0 | AL69: 0
A70: N2O | B70: refined petroleum and coke 19 | C70: 0 | D70: 0 | E70: 0 | F70: 0 | G70: 0 | H70: 0 | I70: 0 | J70: 0 | K70: 0 | L70: 0 | M70: 0 | N70: 0 | O70: 0 | P70: 0 | Q70: 0 | R70: 0 | S70: 0 | T70: 0 | U70: 0 | V70: 0 | W70: 0 | X70: 0 | Y70: 0 | Z70: 0 | AA70: 0 | AB70: 0 | AC70: 0 | AD70: 0 | AE70: 0 | AF70: 0 | AG70: 0 | AH70: 0 | AI70: 0 | AJ70: 0 | AK70: 0 | AL70: 0
A71: N2O | B71: chemicals 20 | C71: 9.6529457e+13 | D71: 9.9902599e+13 | E71: 1.0327574e+14 | F71: 1.0664888e+14 | G71: 1.1002203e+14 | H71: 1.1339517e+14 | I71: 1.1733102e+14 | J71: 1.2126687e+14 | K71: 1.2520273e+14 | L71: 1.2913858e+14 | M71: 1.3307443e+14 | N71: 1.3764847e+14 | O71: 1.4222252e+14 | P71: 1.4679656e+14 | Q71: 1.513706e+14 | R71: 1.5594464e+14 | S71: 1.6118854e+14 | T71: 1.6643243e+14 | U71: 1.7167632e+14 | V71: 1.7692022e+14 | W71: 1.8216411e+14 | X71: 1.8835691e+14 | Y71: 1.945497e+14 | Z71: 2.007425e+14 | AA71: 2.0693529e+14 | AB71: 2.1312809e+14 | AC71: 2.204469e+14 | AD71: 2.2776571e+14 | AE71: 2.3508452e+14 | AF71: 2.4240333e+14 | AG71: 2.4972214e+14 | AH71: 2.5837729e+14 | AI71: 2.6703244e+14 | AJ71: 2.7568759e+14 | AK71: 2.8434274e+14 | AL71: 2.9299789e+14
A72: N2O | B72: rubber and plastic products 22 | C72: 0 | D72: 0 | E72: 0 | F72: 0 | G72: 0 | H72: 0 | I72: 0 | J72: 0 | K72: 0 | L72: 0 | M72: 0 | N72: 0 | O72: 0 | P72: 0 | Q72: 0 | R72: 0 | S72: 0 | T72: 0 | U72: 0 | V72: 0 | W72: 0 | X72: 0 | Y72: 0 | Z72: 0 | AA72: 0 | AB72: 0 | AC72: 0 | AD72: 0 | AE72: 0 | AF72: 0 | AG72: 0 | AH72: 0 | AI72: 0 | AJ72: 0 | AK72: 0 | AL72: 0
A73: N2O | B73: glass and glass products 231 | C73: 0 | D73: 0 | E73: 0 | F73: 0 | G73: 0 | H73: 0 | I73: 0 | J73: 0 | K73: 0 | L73: 0 | M73: 0 | N73: 0 | O73: 0 | P73: 0 | Q73: 0 | R73: 0 | S73: 0 | T73: 0 | U73: 0 | V73: 0 | W73: 0 | X73: 0 | Y73: 0 | Z73: 0 | AA73: 0 | AB73: 0 | AC73: 0 | AD73: 0 | AE73: 0 | AF73: 0 | AG73: 0 | AH73: 0 | AI73: 0 | AJ73: 0 | AK73: 0 | AL73: 0
... A86: N2O | B86: construction 41T43 | C86: 0 | D86: 0 | E86: 0 | F86: 0 | G86: 0 | H86: 0 | I86: 0 | J86: 0 | K86: 0 | L86: 0 | M86: 0 | N86: 0 | O86: 0 | P86: 0 | Q86: 0 | R86: 0 | S86: 0 | T86: 0 | U86: 0 | V86: 0 | W86: 0 | X86: 0 | Y86: 0 | Z86: 0 | AA86: 0 | AB86: 0 | AC86: 0 | AD86: 0 | AE86: 0 | AF86: 0 | AG86: 0 | AH86: 0 | AI86: 0 | AJ86: 0 | AK86: 0 | AL86: 0
B89: Pollutant: | C89: F-gases | D89: Unit: grams CO2e
C90: 2015 | D90: 2016 | E90: 2017 | F90: 2018 | G90: 2019 | H90: 2020 | I90: 2021 | J90: 2022 | K90: 2023 | L90: 2024 | M90: 2025 | N90: 2026 | O90: 2027 | P90: 2028 | Q90: 2029 | R90: 2030 | S90: 2031 | T90: 2032 | U90: 2033 | V90: 2034 | W90: 2035 | X90: 2036 | Y90: 2037 | Z90: 2038 | AA90: 2039 | AB90: 2040 | AC90: 2041 | AD90: 2042 | AE90: 2043 | AF90: 2044 | AG90: 2045 | AH90: 2046 | AI90: 2047 | AJ90: 2048 | AK90: 2049 | AL90: 2050
A91: F-gases | B91: agriculture and forestry 01T03 | C91: 0 | D91: 0 | E91: 0 | F91: 0 | G91: 0 | H91: 0 | I91: 0 | J91: 0 | K91: 0 | L91: 0 | M91: 0 | N91: 0 | O91: 0 | P91: 0 | Q91: 0 | R91: 0 | S91: 0 | T91: 0 | U91: 0 | V91: 0 | W91: 0 | X91: 0 | Y91: 0 | Z91: 0 | AA91: 0 | AB91: 0 | AC91: 0 | AD91: 0 | AE91: 0 | AF91: 0 | AG91: 0 | AH91: 0 | AI91: 0 | AJ91: 0 | AK91: 0 | AL91: 0
A92: F-gases | B92: coal mining 05 | C92: 0 | D92: 0 | E92: 0 | F92: 0 | G92: 0 | H92: 0 | I92: 0 | J92: 0 | K92: 0 | L92: 0 | M92: 0 | N92: 0 | O92: 0 | P92: 0 | Q92: 0 | R92: 0 | S92: 0 | T92: 0 | U92: 0 | V92: 0 | W92: 0 | X92: 0 | Y92: 0 | Z92: 0 | AA92: 0 | AB92: 0 | AC92: 0 | AD92: 0 | AE92: 0 | AF92: 0 | AG92: 0 | AH92: 0 | AI92: 0 | AJ92: 0 | AK92: 0 | AL92: 0
A93: F-gases | B93: oil and gas extraction 06 | C93: 0 | D93: 0 | E93: 0 | F93: 0 | G93: 0 | H93: 0 | I93: 0 | J93: 0 | K93: 0 | L93: 0 | M93: 0 | N93: 0 | O93: 0 | P93: 0 | Q93: 0 | R93: 0 | S93: 0 | T93: 0 | U93: 0 | V93: 0 | W93: 0 | X93: 0 | Y93: 0 | Z93: 0 | AA93: 0 | AB93: 0 | AC93: 0 | AD93: 0 | AE93: 0 | AF93: 0 | AG93: 0 | AH93: 0 | AI93: 0 | AJ93: 0 | AK93: 0 | AL93: 0
A94: F-gases | B94: other mining and quarrying 07T08 | C94: 0 | D94: 0 | E94: 0 | F94: 0 | G94: 0 | H94: 0 | I94: 0 | J94: 0 | K94: 0 | L94: 0 | M94: 0 | N94: 0 | O94: 0 | P94: 0 | Q94: 0 | R94: 0 | S94: 0 | T94: 0 | U94: 0 | V94: 0 | W94: 0 | X94: 0 | Y94: 0 | Z94: 0 | AA94: 0 | AB94: 0 | AC94: 0 | AD94: 0 | AE94: 0 | AF94: 0 | AG94: 0 | AH94: 0 | AI94: 0 | AJ94: 0 | AK94: 0 | AL94: 0
A95: F-gases | B95: food beverage and tobacco 10T12 | C95: 0 | D95: 0 | E95: 0 | F95: 0 | G95: 0 | H95: 0 | I95: 0 | J95: 0 | K95: 0 | L95: 0 | M95: 0 | N95: 0 | O95: 0 | P95: 0 | Q95: 0 | R95: 0 | S95: 0 | T95: 0 | U95: 0 | V95: 0 | W95: 0 | X95: 0 | Y95: 0 | Z95: 0 | AA95: 0 | AB95: 0 | AC95: 0 | AD95: 0 | AE95: 0 | AF95: 0 | AG95: 0 | AH95: 0 | AI95: 0 | AJ95: 0 | AK95: 0 | AL95: 0
A96: F-gases | B96: textiles apparel and leather 13T15 | C96: 0 | D96: 0 | E96: 0 | F96: 0 | G96: 0 | H96: 0 | I96: 0 | J96: 0 | K96: 0 | L96: 0 | M96: 0 | N96: 0 | O96: 0 | P96: 0 | Q96: 0 | R96: 0 | S96: 0 | T96: 0 | U96: 0 | V96: 0 | W96: 0 | X96: 0 | Y96: 0 | Z96: 0 | AA96: 0 | AB96: 0 | AC96: 0 | AD96: 0 | AE96: 0 | AF96: 0 | AG96: 0 | AH96: 0 | AI96: 0 | AJ96: 0 | AK96: 0 | AL96: 0
A97: F-gases | B97: wood products 16 | C97: 0 | D97: 0 | E97: 0 | F97: 0 | G97: 0 | H97: 0 | I97: 0 | J97: 0 | K97: 0 | L97: 0 | M97: 0 | N97: 0 | O97: 0 | P97: 0 | Q97: 0 | R97: 0 | S97: 0 | T97: 0 | U97: 0 | V97: 0 | W97: 0 | X97: 0 | Y97: 0 | Z97: 0 | AA97: 0 | AB97: 0 | AC97: 0 | AD97: 0 | AE97: 0 | AF97: 0 | AG97: 0 | AH97: 0 | AI97: 0 | AJ97: 0 | AK97: 0 | AL97: 0
A98: F-gases | B98: pulp paper and printing 17T18 | C98: 0 | D98: 0 | E98: 0 | F98: 0 | G98: 0 | H98: 0 | I98: 0 | J98: 0 | K98: 0 | L98: 0 | M98: 0 | N98: 0 | O98: 0 | P98: 0 | Q98: 0 | R98: 0 | S98: 0 | T98: 0 | U98: 0 | V98: 0 | W98: 0 | X98: 0 | Y98: 0 | Z98: 0 | AA98: 0 | AB98: 0 | AC98: 0 | AD98: 0 | AE98: 0 | AF98: 0 | AG98: 0 | AH98: 0 | AI98: 0 | AJ98: 0 | AK98: 0 | AL98: 0
A99: F-gases | B99: refined petroleum and coke 19 | C99: 0 | D99: 0 | E99: 0 | F99: 0 | G99: 0 | H99: 0 | I99: 0 | J99: 0 | K99: 0 | L99: 0 | M99: 0 | N99: 0 | O99: 0 | P99: 0 | Q99: 0 | R99: 0 | S99: 0 | T99: 0 | U99: 0 | V99: 0 | W99: 0 | X99: 0 | Y99: 0 | Z99: 0 | AA99: 0 | AB99: 0 | AC99: 0 | AD99: 0 | AE99: 0 | AF99: 0 | AG99: 0 | AH99: 0 | AI99: 0 | AJ99: 0 | AK99: 0 | AL99: 0
A100: F-gases | B100: chemicals 20 | C100: 2.2934826e+14 | D100: 2.3335343e+14 | E100: 2.373586e+14 | F100: 2.4136376e+14 | G100: 2.4536893e+14 | H100: 2.4937409e+14 | I100: 2.7076514e+14 | J100: 2.9215619e+14 | K100: 3.1354723e+14 | L100: 3.3493828e+14 | M100: 3.5632933e+14 | N100: 3.8397727e+14 | O100: 4.116252e+14 | P100: 4.3927314e+14 | Q100: 4.6692108e+14 | R100: 4.9456902e+14 | S100: 5.0235308e+14 | T100: 510137148270728 | U100: 5.1792121e+14 | V100: 5.2570528e+14 | W100: 533489341839810 | X100: 5.5629696e+14 | Y100: 5.7910458e+14 | Z100: 6.019122e+14 | AA100: 6.2471982e+14 | AB100: 6.4752745e+14 | AC100: 667409561438152 | AD100: 6.8729168e+14 | AE100: 7.0717379e+14 | AF100: 7.2705591e+14 | AG100: 7.4693802e+14 | AH100: 7.7171769e+14 | AI100: 7.9649736e+14 | AJ100: 8.2127702e+14 | AK100: 8.4605669e+14 | AL100: 870836351733835
A101: F-gases | B101: rubber and plastic products 22 | C101: 0 | D101: 0 | E101: 0 | F101: 0 | G101: 0 | H101: 0 | I101: 0 | J101: 0 | K101: 0 | L101: 0 | M101: 0 | N101: 0 | O101: 0 | P101: 0 | Q101: 0 | R101: 0 | S101: 0 | T101: 0 | U101: 0 | V101: 0 | W101: 0 | X101: 0 | Y101: 0 | Z101: 0 | AA101: 0 | AB101: 0 | AC101: 0 | AD101: 0 | AE101: 0 | AF101: 0 | AG101: 0 | AH101: 0 | AI101: 0 | AJ101: 0 | AK101: 0 | AL101: 0
A102: F-gases | B102: glass and glass products 231 | C102: 0 | D102: 0 | E102: 0 | F102: 0 | G102: 0 | H102: 0 | I102: 0 | J102: 0 | K102: 0 | L102: 0 | M102: 0 | N102: 0 | O102: 0 | P102: 0 | Q102: 0 | R102: 0 | S102: 0 | T102: 0 | U102: 0 | V102: 0 | W102: 0 | X102: 0 | Y102: 0 | Z102: 0 | AA102: 0 | AB102: 0 | AC102: 0 | AD102: 0 | AE102: 0 | AF102: 0 | AG102: 0 | AH102: 0 | AI102: 0 | AJ102: 0 | AK102: 0 | AL102: 0
... A115: F-gases | B115: construction 41T43 | C115: 0 | D115: 0 | E115: 0 | F115: 0 | G115: 0 | H115: 0 | I115: 0 | J115: 0 | K115: 0 | L115: 0 | M115: 0 | N115: 0 | O115: 0 | P115: 0 | Q115: 0 | R115: 0 | S115: 0 | T115: 0 | U115: 0 | V115: 0 | W115: 0 | X115: 0 | Y115: 0 | Z115: 0 | AA115: 0 | AB115: 0 | AC115: 0 | AD115: 0 | AE115: 0 | AF115: 0 | AG115: 0 | AH115: 0 | AI115: 0 | AJ115: 0 | AK115: 0 | AL115: 0

Sheet CN specific multipliers
B1: China Data Forecasted by 国家第三次两年气候更新报告 (mmt CO2e AR5)
E2: 2015 | F2: 2016 | G2: 2017 | H2: 2018 | I2: 2019 | J2: 2020 | K2: 2021 | L2: 2022 | M2: 2023 | N2: 2024 | O2: 2025 | P2: 2026 | Q2: 2027 | R2: 2028 | S2: 2029 | T2: 2030 | U2: 2031 | V2: 2032 | W2: 2033 | X2: 2034 | Y2: 2035 | Z2: 2036 | AA2: 2037 | AB2: 2038 | AC2: 2039 | AD2: 2040 | AE2: 2041 | AF2: 2042 | AG2: 2043 | AH2: 2044 | AI2: 2045 | AJ2: 2046 | AK2: 2047 | AL2: 2048 | AM2: 2049 | AN2: 2050
C3: Industry | D3: Gas
C4: agriculture and forestry 01T03 | D4: CO2 | E4: =$H4 -> 0 | F4: =$H4 -> 0 | G4: =$H4 -> 0 | H4: ='CN-Med-BPE-CO2'!B3/10^12 -> 0 | I4: ='CN-Med-BPE-CO2'!C3/10^12 -> 0 | J4: ='CN-Med-BPE-CO2'!D3/10^12 -> 0 | K4: ='CN-Med-BPE-CO2'!E3/10^12 -> 0 | L4: ='CN-Med-BPE-CO2'!F3/10^12 -> 0 | M4: ='CN-Med-BPE-CO2'!G3/10^12 -> 0 | N4: ='CN-Med-BPE-CO2'!H3/10^12 -> 0 | O4: ='CN-Med-BPE-CO2'!I3/10^12 -> 0 | ... AN4: ='CN-Med-BPE-CO2'!AH3/10^12 -> 0
C5: agriculture and forestry 01T03 | D5: CH4 | E5: =$H5 -> 667.716 | F5: =$H5 -> 667.716 | G5: =$H5 -> 667.716 | H5: ='CN-Med-BPE-CH4'!B3*28/10^12 -> 667.716 | I5: ='CN-Med-BPE-CH4'!C3*28/10^12 -> 665.938 | J5: ='CN-Med-BPE-CH4'!D3*28/10^12 -> 664.16 | K5: ='CN-Med-BPE-CH4'!E3*28/10^12 -> 679.812 | L5: ='CN-Med-BPE-CH4'!F3*28/10^12 -> 681.19504 | M5: ='CN-Med-BPE-CH4'!G3*28/10^12 -> 682.5781 | N5: ='CN-Med-BPE-CH4'!H3*28/10^12 -> 683.96114 | O5: ='CN-Med-BPE-CH4'!I3*28/10^12 -> 685.3442 | ... AN5: ='CN-Med-BPE-CH4'!AH3*28/10^12 -> 642.7352
C6: agriculture and forestry 01T03 | D6: N2O | E6: =$H6 -> 249.895 | F6: =$H6 -> 249.895 | G6: =$H6 -> 249.895 | H6: ='CN-Med-BPE-N2O'!B3*265/10^12 -> 249.895 | I6: ='CN-Med-BPE-N2O'!C3*265/10^12 -> 250.2925 | J6: ='CN-Med-BPE-N2O'!D3*265/10^12 -> 250.69 | K6: ='CN-Med-BPE-N2O'!E3*265/10^12 -> 251.485 | L6: ='CN-Med-BPE-N2O'!F3*265/10^12 -> 251.99663 | M6: ='CN-Med-BPE-N2O'!G3*265/10^12 -> 252.50827 | N6: ='CN-Med-BPE-N2O'!H3*265/10^12 -> 253.0199 | O6: ='CN-Med-BPE-N2O'!I3*265/10^12 -> 253.53154 | ... AN6: ='CN-Med-BPE-N2O'!AH3*265/10^12 -> 237.76906
C7: coal mining 05 | D7: CO2 | E7: =$H7 -> 0 | F7: =$H7 -> 0 | G7: =$H7 -> 0 | H7: ='CN-Med-BPE-CO2'!B4/10^12 -> 0 | I7: ='CN-Med-BPE-CO2'!C4/10^12 -> 0 | J7: ='CN-Med-BPE-CO2'!D4/10^12 -> 0 | K7: ='CN-Med-BPE-CO2'!E4/10^12 -> 0 | L7: ='CN-Med-BPE-CO2'!F4/10^12 -> 0 | M7: ='CN-Med-BPE-CO2'!G4/10^12 -> 0 | N7: ='CN-Med-BPE-CO2'!H4/10^12 -> 0 | O7: ='CN-Med-BPE-CO2'!I4/10^12 -> 0 | ... AN7: ='CN-Med-BPE-CO2'!AH4/10^12 -> 0
C8: coal mining 05 | D8: CH4 | E8: =$H8 -> 703.416 | F8: =$H8 -> 703.416 | G8: =$H8 -> 703.416 | H8: ='CN-Med-BPE-CH4'!B4*28/10^12 -> 703.416 | I8: ='CN-Med-BPE-CH4'!C4*28/10^12 -> 699.79 | J8: ='CN-Med-BPE-CH4'!D4*28/10^12 -> 696.164 | K8: ='CN-Med-BPE-CH4'!E4*28/10^12 -> 700.84 | L8: ='CN-Med-BPE-CH4'!F4*28/10^12 -> 774.38913 | M8: ='CN-Med-BPE-CH4'!G4*28/10^12 -> 795.39508 | N8: ='CN-Med-BPE-CH4'!H4*28/10^12 -> 816.40103 | O8: ='CN-Med-BPE-CH4'!I4*28/10^12 -> 836.55768 | ... AN8: ='CN-Med-BPE-CH4'!AH4*28/10^12 -> 701.51944
C9: oil and gas extraction 06 | D9: CO2 | E9: =$H9 -> 0 | F9: =$H9 -> 0 | G9: =$H9 -> 0 | H9: ='CN-Med-BPE-CO2'!B5/10^12 -> 0 | I9: ='CN-Med-BPE-CO2'!C5/10^12 -> 0 | J9: ='CN-Med-BPE-CO2'!D5/10^12 -> 0 | K9: ='CN-Med-BPE-CO2'!E5/10^12 -> 0 | L9: ='CN-Med-BPE-CO2'!F5/10^12 -> 0 | M9: ='CN-Med-BPE-CO2'!G5/10^12 -> 0 | N9: ='CN-Med-BPE-CO2'!H5/10^12 -> 0 | O9: ='CN-Med-BPE-CO2'!I5/10^12 -> 0 | ... AN9: ='CN-Med-BPE-CO2'!AH5/10^12 -> 0
C10: oil and gas extraction 06 | D10: CH4 | E10: =$H10 -> 0 | F10: =$H10 -> 0 | G10: =$H10 -> 0 | H10: ='CN-Med-BPE-CH4'!B5*28/10^12 -> 0 | I10: ='CN-Med-BPE-CH4'!C5*28/10^12 -> 0 | J10: ='CN-Med-BPE-CH4'!D5*28/10^12 -> 0 | K10: ='CN-Med-BPE-CH4'!E5*28/10^12 -> 0 | L10: ='CN-Med-BPE-CH4'!F5*28/10^12 -> 0 | M10: ='CN-Med-BPE-CH4'!G5*28/10^12 -> 0 | N10: ='CN-Med-BPE-CH4'!H5*28/10^12 -> 0 | O10: ='CN-Med-BPE-CH4'!I5*28/10^12 -> 0 | ... AN10: ='CN-Med-BPE-CH4'!AH5*28/10^12 -> 0
C11: oil and gas extraction 06 | D11: N2O | E11: =$H11 -> 0 | F11: =$H11 -> 0 | G11: =$H11 -> 0 | H11: ='CN-Med-BPE-N2O'!B5*265/10^12 -> 0 | I11: ='CN-Med-BPE-N2O'!C5*265/10^12 -> 0 | J11: ='CN-Med-BPE-N2O'!D5*265/10^12 -> 0 | K11: ='CN-Med-BPE-N2O'!E5*265/10^12 -> 0 | L11: ='CN-Med-BPE-N2O'!F5*265/10^12 -> 0 | M11: ='CN-Med-BPE-N2O'!G5*265/10^12 -> 0 | N11: ='CN-Med-BPE-N2O'!H5*265/10^12 -> 0 | O11: ='CN-Med-BPE-N2O'!I5*265/10^12 -> 0 | ... AN11: ='CN-Med-BPE-N2O'!AH5*265/10^12 -> 0
C12: refined petroleum and coke 19 | D12: CO2 | E12: =$H12 -> 2.645 | F12: =$H12 -> 2.645 | G12: =$H12 -> 2.645 | H12: ='CN-Med-BPE-CO2'!B11/10^12 -> 2.645 | I12: ='CN-Med-BPE-CO2'!C11/10^12 -> 2.561 | J12: ='CN-Med-BPE-CO2'!D11/10^12 -> 2.477 | K12: ='CN-Med-BPE-CO2'!E11/10^12 -> 2.748 | L12: ='CN-Med-BPE-CO2'!F11/10^12 -> 2.6533903 | M12: ='CN-Med-BPE-CO2'!G11/10^12 -> 2.7103326 | N12: ='CN-Med-BPE-CO2'!H11/10^12 -> 2.7672749 | O12: ='CN-Med-BPE-CO2'!I11/10^12 -> 2.822273 | ... AN12: ='CN-Med-BPE-CO2'!AH11/10^12 -> 2.7218247
C13: refined petroluem and coke 19 | D13: CH4 | E13: =$H13 -> 0 | F13: =$H13 -> 0 | G13: =$H13 -> 0 | H13: ='CN-Med-BPE-CH4'!B11*28/10^12 -> 0 | I13: ='CN-Med-BPE-CH4'!C11*28/10^12 -> 0 | J13: ='CN-Med-BPE-CH4'!D11*28/10^12 -> 0 | K13: ='CN-Med-BPE-CH4'!E11*28/10^12 -> 0 | L13: ='CN-Med-BPE-CH4'!F11*28/10^12 -> 0 | M13: ='CN-Med-BPE-CH4'!G11*28/10^12 -> 0 | N13: ='CN-Med-BPE-CH4'!H11*28/10^12 -> 0 | O13: ='CN-Med-BPE-CH4'!I11*28/10^12 -> 0 | ... AN13: ='CN-Med-BPE-CH4'!AH11*28/10^12 -> 0
C14: refined petroleum and coke 19 | D14: N2O | E14: =$H14 -> 0 | F14: =$H14 -> 0 | G14: =$H14 -> 0 | H14: ='CN-Med-BPE-N2O'!B11*265/10^12 -> 0 | I14: ='CN-Med-BPE-N2O'!C11*265/10^12 -> 0 | J14: ='CN-Med-BPE-N2O'!D11*265/10^12 -> 0 | K14: ='CN-Med-BPE-N2O'!E11*265/10^12 -> 0 | L14: ='CN-Med-BPE-N2O'!F11*265/10^12 -> 0 | M14: ='CN-Med-BPE-N2O'!G11*265/10^12 -> 0 | N14: ='CN-Med-BPE-N2O'!H11*265/10^12 -> 0 | O14: ='CN-Med-BPE-N2O'!I11*265/10^12 -> 0 | ... AN14: ='CN-Med-BPE-N2O'!AH11*265/10^12 -> 0
C15: chemicals 20 | D15: CO2 | E15: =$H15 -> 290.576 | F15: =$H15 -> 290.576 | G15: =$H15 -> 290.576 | H15: ='CN-Med-BPE-CO2'!B12/10^12 -> 290.576 | I15: ='CN-Med-BPE-CO2'!C12/10^12 -> 303.1685 | J15: ='CN-Med-BPE-CO2'!D12/10^12 -> 315.761 | K15: ='CN-Med-BPE-CO2'!E12/10^12 -> 328.775 | L15: ='CN-Med-BPE-CO2'!F12/10^12 -> 332.27261 | M15: ='CN-Med-BPE-CO2'!G12/10^12 -> 338.10195 | N15: ='CN-Med-BPE-CO2'!H12/10^12 -> 343.93129 | O15: ='CN-Med-BPE-CO2'!I12/10^12 -> 349.76064 | ... AN15: ='CN-Med-BPE-CO2'!AH12/10^12 -> 333.43848
C16: chemicals 20 | D16: CH4 | E16: =$H16 -> 0 | F16: =$H16 -> 0 | G16: =$H16 -> 0 | H16: ='CN-Med-BPE-CH4'!B12*28/10^12 -> 0 | I16: ='CN-Med-BPE-CH4'!C12*28/10^12 -> 0 | J16: ='CN-Med-BPE-CH4'!D12*28/10^12 -> 0 | K16: ='CN-Med-BPE-CH4'!E12*28/10^12 -> 0 | L16: ='CN-Med-BPE-CH4'!F12*28/10^12 -> 0 | M16: ='CN-Med-BPE-CH4'!G12*28/10^12 -> 0 | N16: ='CN-Med-BPE-CH4'!H12*28/10^12 -> 0 | O16: ='CN-Med-BPE-CH4'!I12*28/10^12 -> 0 | ... AN16: ='CN-Med-BPE-CH4'!AH12*28/10^12 -> 0
C17: chemicals 20 | D17: N2O | E17: =$H17 -> 116.865 | F17: =$H17 -> 116.865 | G17: =$H17 -> 116.865 | H17: ='CN-Med-BPE-N2O'!B12*265/10^12 -> 116.865 | I17: ='CN-Med-BPE-N2O'!C12*265/10^12 -> 123.225 | J17: ='CN-Med-BPE-N2O'!D12*265/10^12 -> 129.585 | K17: ='CN-Med-BPE-N2O'!E12*265/10^12 -> 153.7 | L17: ='CN-Med-BPE-N2O'!F12*265/10^12 -> 161.26742 | M17: ='CN-Med-BPE-N2O'!G12*265/10^12 -> 169.18702 | N17: ='CN-Med-BPE-N2O'!H12*265/10^12 -> 177.10663 | O17: ='CN-Med-BPE-N2O'!I12*265/10^12 -> 185.02623 | ... AN17: ='CN-Med-BPE-N2O'!AH12*265/10^12 -> 171.7494
C18: chemicals 20 | D18: F-gases | E18: =$H18 -> 30.651 | F18: =$H18 -> 30.651 | G18: =$H18 -> 30.651 | H18: ='CN-Med-BPE-F-gases'!B12/10^12 -> 30.651 | I18: ='CN-Med-BPE-F-gases'!C12/10^12 -> 23.678 | J18: ='CN-Med-BPE-F-gases'!D12/10^12 -> 16.705 | K18: ='CN-Med-BPE-F-gases'!E12/10^12 -> 29.31 | L18: ='CN-Med-BPE-F-gases'!F12/10^12 -> 30.63455 | M18: ='CN-Med-BPE-F-gases'!G12/10^12 -> 31.9591 | N18: ='CN-Med-BPE-F-gases'!H12/10^12 -> 33.283651 | O18: ='CN-Med-BPE-F-gases'!I12/10^12 -> 34.608201 | ... AN18: ='CN-Med-BPE-F-gases'!AH12/10^12 -> 32.510734
C19: cement and other nonmetallic minerals 239 | D19: CO2 | E19: =$H19 -> 991.36 | F19: =$H19 -> 991.36 | G19: =$H19 -> 991.36 | H19: ='CN-Med-BPE-CO2'!B15/10^12 -> 991.36 | I19: ='CN-Med-BPE-CO2'!C15/10^12 -> 1013.1535 | J19: ='CN-Med-BPE-CO2'!D15/10^12 -> 1034.947 | K19: ='CN-Med-BPE-CO2'!E15/10^12 -> 1013.027 | L19: ='CN-Med-BPE-CO2'!F15/10^12 -> 907.35701 | M19: ='CN-Med-BPE-CO2'!G15/10^12 -> 937.28989 | N19: ='CN-Med-BPE-CO2'!H15/10^12 -> 967.22277 | O19: ='CN-Med-BPE-CO2'!I15/10^12 -> 1001.417 | ... AN19: ='CN-Med-BPE-CO2'!AH15/10^12 -> 643.03755
C20: iron and steel 241 | D20: CO2 | E20: =$H20 -> 118.9416 | F20: =$H20 -> 118.9416 | G20: =$H20 -> 118.9416 | H20: ='CN-Med-BPE-CO2'!B16/10^12 -> 118.9416 | I20: ='CN-Med-BPE-CO2'!C16/10^12 -> 118.0453 | J20: ='CN-Med-BPE-CO2'!D16/10^12 -> 117.149 | K20: ='CN-Med-BPE-CO2'!E16/10^12 -> 116.43 | L20: ='CN-Med-BPE-CO2'!F16/10^12 -> 114.48618 | M20: ='CN-Med-BPE-CO2'!G16/10^12 -> 121.98547 | N20: ='CN-Med-BPE-CO2'!H16/10^12 -> 129.48477 | O20: ='CN-Med-BPE-CO2'!I16/10^12 -> 137.77133 | ... AN20: ='CN-Med-BPE-CO2'!AH16/10^12 -> 102.68182
C21: iron and steel 241 | D21: CH4 | E21: =$H21 -> 0.14 | F21: =$H21 -> 0.14 | G21: =$H21 -> 0.14 | H21: ='CN-Med-BPE-CH4'!B16*28/10^12 -> 0.14 | I21: ='CN-Med-BPE-CH4'!C16*28/10^12 -> 0.14 | J21: ='CN-Med-BPE-CH4'!D16*28/10^12 -> 0.14 | K21: ='CN-Med-BPE-CH4'!E16*28/10^12 -> 0.168 | L21: ='CN-Med-BPE-CH4'!F16*28/10^12 -> 0.1651952 | M21: ='CN-Med-BPE-CH4'!G16*28/10^12 -> 0.17601614 | N21: ='CN-Med-BPE-CH4'!H16*28/10^12 -> 0.18683708 | O21: ='CN-Med-BPE-CH4'!I16*28/10^12 -> 0.19879398 | ... AN21: ='CN-Med-BPE-CH4'!AH16*28/10^12 -> 0.14816237
C22: other metals 242 | D22: CO2 | E22: =$H22 -> 62.728397 | F22: =$H22 -> 62.728397 | G22: =$H22 -> 62.728397 | H22: ='CN-Med-BPE-CO2'!B17/10^12 -> 62.728397 | I22: ='CN-Med-BPE-CO2'!C17/10^12 -> 62.255699 | J22: ='CN-Med-BPE-CO2'!D17/10^12 -> 61.783 | K22: ='CN-Med-BPE-CO2'!E17/10^12 -> 63.003 | L22: ='CN-Med-BPE-CO2'!F17/10^12 -> 65.688341 | M22: ='CN-Med-BPE-CO2'!G17/10^12 -> 70.65491 | N22: ='CN-Med-BPE-CO2'!H17/10^12 -> 75.621479 | O22: ='CN-Med-BPE-CO2'!I17/10^12 -> 80.792587 | ... AN22: ='CN-Med-BPE-CO2'!AH17/10^12 -> 94.005754
C23: other metals 242 | D23: F-gases | E23: =$H23 -> 19.66 | F23: =$H23 -> 19.66 | G23: =$H23 -> 19.66 | H23: ='CN-Med-BPE-F-gases'!B17/10^12 -> 19.66 | I23: ='CN-Med-BPE-F-gases'!C17/10^12 -> 20.245 | J23: ='CN-Med-BPE-F-gases'!D17/10^12 -> 20.83 | K23: ='CN-Med-BPE-F-gases'!E17/10^12 -> 21.628 | L23: ='CN-Med-BPE-F-gases'!F17/10^12 -> 22.549838 | M23: ='CN-Med-BPE-F-gases'!G17/10^12 -> 24.254788 | N23: ='CN-Med-BPE-F-gases'!H17/10^12 -> 25.959738 | O23: ='CN-Med-BPE-F-gases'!I17/10^12 -> 27.734903 | ... AN23: ='CN-Med-BPE-F-gases'!AH17/10^12 -> 32.270788
C24: computers and electronics 26 | D24: N2O | E24: =$H24 -> 0 | F24: =$H24 -> 0 | G24: =$H24 -> 0 | H24: ='CN-Med-BPE-N2O'!B19*265/10^12 -> 0 | I24: ='CN-Med-BPE-N2O'!C19*265/10^12 -> 0 | J24: ='CN-Med-BPE-N2O'!D19*265/10^12 -> 0 | K24: ='CN-Med-BPE-N2O'!E19*265/10^12 -> 0 | L24: ='CN-Med-BPE-N2O'!F19*265/10^12 -> 0 | M24: ='CN-Med-BPE-N2O'!G19*265/10^12 -> 0 | N24: ='CN-Med-BPE-N2O'!H19*265/10^12 -> 0 | O24: ='CN-Med-BPE-N2O'!I19*265/10^12 -> 0 | ... AN24: ='CN-Med-BPE-N2O'!AH19*265/10^12 -> 0
C25: food beverage and tobacco 10T12 | D25: CO2 | E25: =$H25 -> 0 | F25: =$H25 -> 0 | G25: =$H25 -> 0 | H25: ='CN-Med-BPE-CO2'!B7/10^12 -> 0 | I25: ='CN-Med-BPE-CO2'!C7/10^12 -> 0 | J25: ='CN-Med-BPE-CO2'!D7/10^12 -> 0 | K25: ='CN-Med-BPE-CO2'!E7/10^12 -> 0 | L25: ='CN-Med-BPE-CO2'!F7/10^12 -> 0 | M25: ='CN-Med-BPE-CO2'!G7/10^12 -> 0 | N25: ='CN-Med-BPE-CO2'!H7/10^12 -> 0 | O25: ='CN-Med-BPE-CO2'!I7/10^12 -> 0 | ... AN25: ='CN-Med-BPE-CO2'!AH7/10^12 -> 0
C26: energy pipelines and gas processing 352T353 | D26: CO2 | E26: =$H26 -> 0 | F26: =$H26 -> 0 | G26: =$H26 -> 0 | H26: ='CN-Med-BPE-CO2'!B25/10^12 -> 0 | I26: ='CN-Med-BPE-CO2'!C25/10^12 -> 0 | J26: ='CN-Med-BPE-CO2'!D25/10^12 -> 0 | K26: ='CN-Med-BPE-CO2'!E25/10^12 -> 0 | L26: ='CN-Med-BPE-CO2'!F25/10^12 -> 0 | M26: ='CN-Med-BPE-CO2'!G25/10^12 -> 0 | N26: ='CN-Med-BPE-CO2'!H25/10^12 -> 0 | O26: ='CN-Med-BPE-CO2'!I25/10^12 -> 0 | ... AN26: ='CN-Med-BPE-CO2'!AH25/10^12 -> 0
C27: energy pipelines and gas processing 352T353 | D27: CH4 | E27: =$H27 -> 52.612 | F27: =$H27 -> 52.612 | G27: =$H27 -> 52.612 | H27: ='CN-Med-BPE-CH4'!B25*28/10^12 -> 52.612 | I27: ='CN-Med-BPE-CH4'!C25*28/10^12 -> 49.126 | J27: ='CN-Med-BPE-CH4'!D25*28/10^12 -> 45.64 | K27: ='CN-Med-BPE-CH4'!E25*28/10^12 -> 49.14 | L27: ='CN-Med-BPE-CH4'!F25*28/10^12 -> 52.105012 | M27: ='CN-Med-BPE-CH4'!G25*28/10^12 -> 54.661446 | N27: ='CN-Med-BPE-CH4'!H25*28/10^12 -> 57.21788 | O27: ='CN-Med-BPE-CH4'!I25*28/10^12 -> 59.647678 | ... AN27: ='CN-Med-BPE-CH4'!AH25*28/10^12 -> 84.210424
C28: water and waste 36T39 | D28: CH4 | E28: =$H28 -> 213.416 | F28: =$H28 -> 213.416 | G28: =$H28 -> 213.416 | H28: ='CN-Med-BPE-CH4'!B26*28/10^12 -> 213.416 | I28: ='CN-Med-BPE-CH4'!C26*28/10^12 -> 210.028 | J28: ='CN-Med-BPE-CH4'!D26*28/10^12 -> 206.64 | K28: ='CN-Med-BPE-CH4'!E26*28/10^12 -> 198.38 | L28: ='CN-Med-BPE-CH4'!F26*28/10^12 -> 198.78359 | M28: ='CN-Med-BPE-CH4'!G26*28/10^12 -> 199.18719 | N28: ='CN-Med-BPE-CH4'!H26*28/10^12 -> 199.59079 | O28: ='CN-Med-BPE-CH4'!I26*28/10^12 -> 199.99438 | ... AN28: ='CN-Med-BPE-CH4'!AH26*28/10^12 -> 187.5604
C29: water and waste 36T39 | D29: N2O | E29: =$H29 -> 31.535 | F29: =$H29 -> 31.535 | G29: =$H29 -> 31.535 | H29: ='CN-Med-BPE-N2O'!B26*265/10^12 -> 31.535 | I29: ='CN-Med-BPE-N2O'!C26*265/10^12 -> 29.415 | J29: ='CN-Med-BPE-N2O'!D26*265/10^12 -> 27.295 | K29: ='CN-Med-BPE-N2O'!E26*265/10^12 -> 28.885 | L29: ='CN-Med-BPE-N2O'!F26*265/10^12 -> 28.943765 | M29: ='CN-Med-BPE-N2O'!G26*265/10^12 -> 29.002531 | N29: ='CN-Med-BPE-N2O'!H26*265/10^12 -> 29.061296 | O29: ='CN-Med-BPE-N2O'!I26*265/10^12 -> 29.120061 | ... AN29: ='CN-Med-BPE-N2O'!AH26*265/10^12 -> 27.309618
C30: water and waste 36T39 | D30: CO2 | E30: =$H30 -> 3.42 | F30: =$H30 -> 3.42 | G30: =$H30 -> 3.42 | H30: ='CN-Med-BPE-CO2'!B26/10^12 -> 3.42 | I30: ='CN-Med-BPE-CO2'!C26/10^12 -> 6.0455 | J30: ='CN-Med-BPE-CO2'!D26/10^12 -> 8.671 | K30: ='CN-Med-BPE-CO2'!E26/10^12 -> 8.983 | L30: ='CN-Med-BPE-CO2'!F26/10^12 -> 9.0012755 | M30: ='CN-Med-BPE-CO2'!G26/10^12 -> 9.0195511 | N30: ='CN-Med-BPE-CO2'!H26/10^12 -> 9.0378265 | O30: ='CN-Med-BPE-CO2'!I26/10^12 -> 9.0561022 | ... AN30: ='CN-Med-BPE-CO2'!AH26/10^12 -> 8.4930691
B32: Original EPA Data (mmt CO2e AR5) | F32: Data From:US 4.0/BPE/US specific multipliers(when country selector=China)
E33: 2015 | F33: 2016 | G33: 2017 | H33: 2018 | I33: 2019 | J33: 2020 | K33: 2021 | L33: 2022 | M33: 2023 | N33: 2024 | O33: 2025 | P33: 2026 | Q33: 2027 | R33: 2028 | S33: 2029 | T33: 2030 | U33: 2031 | V33: 2032 | W33: 2033 | X33: 2034 | Y33: 2035 | Z33: 2036 | AA33: 2037 | AB33: 2038 | AC33: 2039 | AD33: 2040 | AE33: 2041 | AF33: 2042 | AG33: 2043 | AH33: 2044 | AI33: 2045 | AJ33: 2046 | AK33: 2047 | AL33: 2048 | AM33: 2049 | AN33: 2050
C34: Industry | D34: Gas
C35: agriculture and forestry 01T03 | D35: CO2 | E35: =SUMIFS('EPA Data Summary_before mult'!C:C,'EPA Data Summary_before mult'!$B:$B,$C35,'EPA Data Summary_before mult'!$A:$A,$D35)/10^12 -> 8.8255779 | F35: =SUMIFS('EPA Data Summary_before mult'!D:D,'EPA Data Summary_before mult'!$B:$B,$C35,'EPA Data Summary_before mult'!$A:$A,$D35)/10^12 -> 8.870755 | G35: =SUMIFS('EPA Data Summary_before mult'!E:E,'EPA Data Summary_before mult'!$B:$B,$C35,'EPA Data Summary_before mult'!$A:$A,$D35)/10^12 -> 8.9144952 | H35: =SUMIFS('EPA Data Summary_before mult'!F:F,'EPA Data Summary_before mult'!$B:$B,$C35,'EPA Data Summary_before mult'!$A:$A,$D35)/10^12 -> 8.956062 | I35: =SUMIFS('EPA Data Summary_before mult'!G:G,'EPA Data Summary_before mult'!$B:$B,$C35,'EPA Data Summary_before mult'!$A:$A,$D35)/10^12 -> 8.9945544 | J35: =SUMIFS('EPA Data Summary_before mult'!H:H,'EPA Data Summary_before mult'!$B:$B,$C35,'EPA Data Summary_before mult'!$A:$A,$D35)/10^12 -> 9.029309 | K35: =SUMIFS('EPA Data Summary_before mult'!I:I,'EPA Data Summary_before mult'!$B:$B,$C35,'EPA Data Summary_before mult'!$A:$A,$D35)/10^12 -> 9.06 | L35: =SUMIFS('EPA Data Summary_before mult'!J:J,'EPA Data Summary_before mult'!$B:$B,$C35,'EPA Data Summary_before mult'!$A:$A,$D35)/10^12 -> 9.0866948 | M35: =SUMIFS('EPA Data Summary_before mult'!K:K,'EPA Data Summary_before mult'!$B:$B,$C35,'EPA Data Summary_before mult'!$A:$A,$D35)/10^12 -> 9.1096317 | N35: =SUMIFS('EPA Data Summary_before mult'!L:L,'EPA Data Summary_before mult'!$B:$B,$C35,'EPA Data Summary_before mult'!$A:$A,$D35)/10^12 -> 9.1292494 | O35: =SUMIFS('EPA Data Summary_before mult'!M:M,'EPA Data Summary_before mult'!$B:$B,$C35,'EPA Data Summary_before mult'!$A:$A,$D35)/10^12 -> 9.1458949 | P35: =SUMIFS('EPA Data Summary_before mult'!N:N,'EPA Data Summary_before mult'!$B:$B,$C35,'EPA Data Summary_before mult'!$A:$A,$D35)/10^12 -> 9.1595958 | Q35: =SUMIFS('EPA Data Summary_before mult'!O:O,'EPA Data Summary_before mult'!$B:$B,$C35,'EPA Data Summary_before mult'!$A:$A,$D35)/10^12 -> 9.1702942 | R35: =SUMIFS('EPA Data Summary_before mult'!P:P,'EPA Data Summary_before mult'!$B:$B,$C35,'EPA Data Summary_before mult'!$A:$A,$D35)/10^12 -> 9.1781685 | S35: =SUMIFS('EPA Data Summary_before mult'!Q:Q,'EPA Data Summary_before mult'!$B:$B,$C35,'EPA Data Summary_before mult'!$A:$A,$D35)/10^12 -> 9.1834286 | T35: =SUMIFS('EPA Data Summary_before mult'!R:R,'EPA Data Summary_before mult'!$B:$B,$C35,'EPA Data Summary_before mult'!$A:$A,$D35)/10^12 -> 9.1862442 | U35: =SUMIFS('EPA Data Summary_before mult'!S:S,'EPA Data Summary_before mult'!$B:$B,$C35,'EPA Data Summary_before mult'!$A:$A,$D35)/10^12 -> 9.1867294 | V35: =SUMIFS('EPA Data Summary_before mult'!T:T,'EPA Data Summary_before mult'!$B:$B,$C35,'EPA Data Summary_before mult'!$A:$A,$D35)/10^12 -> 9.1849285 | W35: =SUMIFS('EPA Data Summary_before mult'!U:U,'EPA Data Summary_before mult'!$B:$B,$C35,'EPA Data Summary_before mult'!$A:$A,$D35)/10^12 -> 9.1808535 | X35: =SUMIFS('EPA Data Summary_before mult'!V:V,'EPA Data Summary_before mult'!$B:$B,$C35,'EPA Data Summary_before mult'!$A:$A,$D35)/10^12 -> 9.1744816 | Y35: =SUMIFS('EPA Data Summary_before mult'!W:W,'EPA Data Summary_before mult'!$B:$B,$C35,'EPA Data Summary_before mult'!$A:$A,$D35)/10^12 -> 9.1658113 | Z35: =SUMIFS('EPA Data Summary_before mult'!X:X,'EPA Data Summary_before mult'!$B:$B,$C35,'EPA Data Summary_before mult'!$A:$A,$D35)/10^12 -> 9.1548841 | AA35: =SUMIFS('EPA Data Summary_before mult'!Y:Y,'EPA Data Summary_before mult'!$B:$B,$C35,'EPA Data Summary_before mult'!$A:$A,$D35)/10^12 -> 9.1417792 | AB35: =SUMIFS('EPA Data Summary_before mult'!Z:Z,'EPA Data Summary_before mult'!$B:$B,$C35,'EPA Data Summary_before mult'!$A:$A,$D35)/10^12 -> 9.1265744 | AC35: =SUMIFS('EPA Data Summary_before mult'!AA:AA,'EPA Data Summary_before mult'!$B:$B,$C35,'EPA Data Summary_before mult'!$A:$A,$D35)/10^12 -> 9.1093593 | AD35: =SUMIFS('EPA Data Summary_before mult'!AB:AB,'EPA Data Summary_before mult'!$B:$B,$C35,'EPA Data Summary_before mult'!$A:$A,$D35)/10^12 -> 9.0902079 | AE35: =SUMIFS('EPA Data Summary_before mult'!AC:AC,'EPA Data Summary_before mult'!$B:$B,$C35,'EPA Data Summary_before mult'!$A:$A,$D35)/10^12 -> 9.069185 | AF35: =SUMIFS('EPA Data Summary_before mult'!AD:AD,'EPA Data Summary_before mult'!$B:$B,$C35,'EPA Data Summary_before mult'!$A:$A,$D35)/10^12 -> 9.0463181 | AG35: =SUMIFS('EPA Data Summary_before mult'!AE:AE,'EPA Data Summary_before mult'!$B:$B,$C35,'EPA Data Summary_before mult'!$A:$A,$D35)/10^12 -> 9.0215987 | AH35: =SUMIFS('EPA Data Summary_before mult'!AF:AF,'EPA Data Summary_before mult'!$B:$B,$C35,'EPA Data Summary_before mult'!$A:$A,$D35)/10^12 -> 8.9949962 | AI35: =SUMIFS('EPA Data Summary_before mult'!AG:AG,'EPA Data Summary_before mult'!$B:$B,$C35,'EPA Data Summary_before mult'!$A:$A,$D35)/10^12 -> 8.9665036 | AJ35: =SUMIFS('EPA Data Summary_before mult'!AH:AH,'EPA Data Summary_before mult'!$B:$B,$C35,'EPA Data Summary_before mult'!$A:$A,$D35)/10^12 -> 8.9361677 | AK35: =SUMIFS('EPA Data Summary_before mult'!AI:AI,'EPA Data Summary_before mult'!$B:$B,$C35,'EPA Data Summary_before mult'!$A:$A,$D35)/10^12 -> 8.9040616 | AL35: =SUMIFS('EPA Data Summary_before mult'!AJ:AJ,'EPA Data Summary_before mult'!$B:$B,$C35,'EPA Data Summary_before mult'!$A:$A,$D35)/10^12 -> 8.8702399 | AM35: =SUMIFS('EPA Data Summary_before mult'!AK:AK,'EPA Data Summary_before mult'!$B:$B,$C35,'EPA Data Summary_before mult'!$A:$A,$D35)/10^12 -> 8.8347648 | AN35: =SUMIFS('EPA Data Summary_before mult'!AL:AL,'EPA Data Summary_before mult'!$B:$B,$C35,'EPA Data Summary_before mult'!$A:$A,$D35)/10^12 -> 8.7977075
