Workbook

Sheet Data
B1: Input | H1: diff | M1: %change | Q1: =AVERAGE(M3:Q34) -> -0.030965809
A2: 地 区 | B2: 2015 | C2: 2016 | D2: 2017 | E2: 2018 | F2: 2019 | G2: 2020 | H2: 2015 | I2: 2016 | J2: 2017 | K2: 2018 | L2: 2019 | M2: 2015 | N2: 2016 | O2: 2017 | P2: 2018 | Q2: 2019
A3: 全国 | B3: 6.64 | C3: 6.49 | D3: 6.48 | E3: 6.27 | F3: 5.93 | G3: 5.6 | H3: -0.15 | I3: -0.01 | J3: -0.21 | K3: -0.34 | L3: -0.33 | M3: =H3/B3 -> -0.022590361 | N3: =I3/C3 -> -0.001540832 | O3: =J3/D3 -> -0.032407407 | P3: =K3/E3 -> -0.054226475 | Q3: =L3/F3 -> -0.055649241
A4: 北京 | B4: 6.88 | C4: 6.88 | D4: 6.85 | E4: 6.55 | F4: 6.15 | G4: 4.32 | H4: 0 | I4: -0.03 | J4: -0.3 | K4: -0.4 | L4: -1.83 | M4: =H4/B4 -> 0 | N4: =I4/C4 -> -0.0043604651 | O4: =J4/D4 -> -0.04379562 | P4: =K4/E4 -> -0.061068702 | Q4: =L4/F4 -> -0.29756098
A5: 天津 | B5: 6.75 | C5: 6.74 | D5: 6.72 | E5: 6.71 | F5: 6.3 | G5: 4.75 | H5: -0.01 | I5: -0.02 | J5: -0.01 | K5: -0.41 | L5: -1.55 | M5: =H5/B5 -> -0.0014814815 | N5: =I5/C5 -> -0.0029673591 | O5: =J5/D5 -> -0.0014880952 | P5: =K5/E5 -> -0.061102832 | Q5: =L5/F5 -> -0.24603175
A6: 河北 | B6: 6.68 | C6: 6.68 | D6: 6.55 | E6: 6.65 | F6: 6.39 | G6: 5.86 | H6: 0 | I6: -0.13 | J6: 0.1 | K6: -0.26 | L6: -0.53 | M6: =H6/B6 -> 0 | N6: =I6/C6 -> -0.019461078 | O6: =J6/D6 -> 0.015267176 | P6: =K6/E6 -> -0.039097744 | Q6: =L6/F6 -> -0.082942097
A7: 山西 | B7: 6.49 | C7: 6.17 | D7: 5.89 | E7: 5.68 | F7: 5.5 | G7: 5.19 | H7: -0.32 | I7: -0.28 | J7: -0.21 | K7: -0.18 | L7: -0.31 | M7: =H7/B7 -> -0.049306626 | N7: =I7/C7 -> -0.045380875 | O7: =J7/D7 -> -0.03565365 | P7: =K7/E7 -> -0.031690141 | Q7: =L7/F7 -> -0.056363636
A8: 内蒙古 | B8: 5.72 | C8: 5.26 | D8: 5.25 | E8: 4.2 | F8: 3.71 | G8: 3.78 | H8: -0.46 | I8: -0.01 | J8: -1.05 | K8: -0.49 | L8: 0.07 | M8: =H8/B8 -> -0.08041958 | N8: =I8/C8 -> -0.0019011407 | O8: =J8/D8 -> -0.2 | P8: =K8/E8 -> -0.11666667 | Q8: =L8/F8 -> 0.018867925
A9: 辽宁 | B9: 5.78 | C9: 6.1 | D9: 6.07 | E9: 6.01 | F9: 5.67 | G9: 5.01 | H9: 0.32 | I9: -0.03 | J9: -0.06 | K9: -0.34 | L9: -0.66 | M9: =H9/B9 -> 0.055363322 | N9: =I9/C9 -> -0.0049180328 | O9: =J9/D9 -> -0.0098846787 | P9: =K9/E9 -> -0.056572379 | Q9: =L9/F9 -> -0.11640212
A10: 吉林 | B10: 7.44 | C10: 7.54 | D10: 7.49 | E10: 7.39 | F10: 7.21 | G10: 7.2 | H10: 0.1 | I10: -0.05 | J10: -0.1 | K10: -0.18 | L10: -0.01 | M10: =H10/B10 -> 0.01344086 | N10: =I10/C10 -> -0.0066312997 | O10: =J10/D10 -> -0.013351135 | P10: =K10/E10 -> -0.02435724 | Q10: =L10/F10 -> -0.0013869626
A11: 黑龙江 | B11: 7.1 | C11: 7 | D11: 6.9 | E11: 7.86 | F11: 8.7 | G11: 8 | H11: -0.1 | I11: -0.1 | J11: 0.96 | K11: 0.84 | L11: -0.7 | M11: =H11/B11 -> -0.014084507 | N11: =I11/C11 -> -0.014285714 | O11: =J11/D11 -> 0.13913043 | P11: =K11/E11 -> 0.10687023 | Q11: =L11/F11 -> -0.08045977
A12: 上海 | B12: 6.12 | C12: 6.06 | D12: 6.03 | E12: 5.3 | F12: 2.23 | G12: 4.29 | H12: -0.06 | I12: -0.03 | J12: -0.73 | K12: -3.07 | L12: 2.06 | M12: =H12/B12 -> -0.0098039216 | N12: =I12/C12 -> -0.004950495 | O12: =J12/D12 -> -0.12106136 | P12: =K12/E12 -> -0.57924528 | Q12: =L12/F12 -> 0.92376682
A13: 江苏 | B13: 4.28 | C13: 4.18 | D13: 4.08 | E13: 3.31 | F13: 3.34 | G13: 3.3 | H13: -0.1 | I13: -0.1 | J13: -0.77 | K13: 0.03 | L13: -0.04 | M13: =H13/B13 -> -0.023364486 | N13: =I13/C13 -> -0.023923445 | O13: =J13/D13 -> -0.18872549 | P13: =K13/E13 -> 0.0090634441 | Q13: =L13/F13 -> -0.011976048
A14: 浙江 | B14: 4.24 | C14: 4.19 | D14: 4.13 | E14: 3.92 | F14: 3.79 | G14: 3.72 | H14: -0.05 | I14: -0.06 | J14: -0.21 | K14: -0.13 | L14: -0.07 | M14: =H14/B14 -> -0.011792453 | N14: =I14/C14 -> -0.014319809 | O14: =J14/D14 -> -0.050847458 | P14: =K14/E14 -> -0.033163265 | Q14: =L14/F14 -> -0.018469657
... A34: 新疆 | B34: 7.82 | C34: 7.92 | D34: 7.8 | E34: 7.75 | F34: 7.85 | G34: 7.75 | H34: 0.1 | I34: -0.12 | J34: -0.05 | K34: 0.1 | L34: -0.1 | M34: =H34/B34 -> 0.012787724 | N34: =I34/C34 -> -0.015151515 | O34: =J34/D34 -> -0.0064102564 | P34: =K34/E34 -> 0.012903226 | Q34: =L34/F34 -> -0.012738854

Sheet Region Selection
A2: 查询省份
A3: 全国

Sheet BTaDLP
A1: Year | B1: 2015 | C1: 2016 | D1: 2017 | E1: 2018 | F1: 2019 | G1: 2020 | H1: 2021 | I1: 2022 | J1: 2023 | K1: 2024 | L1: 2025 | M1: 2026 | N1: 2027 | O1: 2028 | P1: 2029 | Q1: 2030 | R1: 2031 | S1: 2032 | T1: 2033 | U1: 2034 | V1: 2035 | W1: 2036 | X1: 2037 | Y1: 2038 | Z1: 2039 | AA1: 2040 | AB1: 2041 | AC1: 2042 | AD1: 2043 | AE1: 2044 | AF1: 2045 | AG1: 2046 | AH1: 2047 | AI1: 2048 | AJ1: 2049 | AK1: 2050 | AL1: 2051 | AM1: 2052 | AN1: 2053 | AO1: 2054 | AP1: 2055 | AQ1: 2056 | AR1: 2057 | AS1: 2058 | AT1: 2059 | AU1: 2060
A2: Trans and Dist Loss Perc (dimensionless) | B2: =IF(IFERROR(VLOOKUP('Region Selection'!$A$3,Data!$A$3:$G$34,BTaDLP!B$1-2013,FALSE),A2*(1+Data!$Q$1))>3,IFERROR(VLOOKUP('Region Selection'!$A$3,Data!$A$3:$G$34,BTaDLP!B$1-2013,FALSE),A2*(1+Data!$Q$1)),3)/100 -> 0.0664 | C2: =IF(IFERROR(VLOOKUP('Region Selection'!$A$3,Data!$A$3:$G$34,BTaDLP!C$1-2013,FALSE),B2*(1+Data!$Q$1))>3,IFERROR(VLOOKUP('Region Selection'!$A$3,Data!$A$3:$G$34,BTaDLP!C$1-2013,FALSE),B2*(1+Data!$Q$1)),3)/100 -> 0.0649 | D2: =IF(IFERROR(VLOOKUP('Region Selection'!$A$3,Data!$A$3:$G$34,BTaDLP!D$1-2013,FALSE),C2*(1+Data!$Q$1))>3,IFERROR(VLOOKUP('Region Selection'!$A$3,Data!$A$3:$G$34,BTaDLP!D$1-2013,FALSE),C2*(1+Data!$Q$1)),3)/100 -> 0.0648 | E2: =IF(IFERROR(VLOOKUP('Region Selection'!$A$3,Data!$A$3:$G$34,BTaDLP!E$1-2013,FALSE),D2*(1+Data!$Q$1))>3,IFERROR(VLOOKUP('Region Selection'!$A$3,Data!$A$3:$G$34,BTaDLP!E$1-2013,FALSE),D2*(1+Data!$Q$1)),3)/100 -> 0.0627 | F2: =IF(IFERROR(VLOOKUP('Region Selection'!$A$3,Data!$A$3:$G$34,BTaDLP!F$1-2013,FALSE),E2*(1+Data!$Q$1))>3,IFERROR(VLOOKUP('Region Selection'!$A$3,Data!$A$3:$G$34,BTaDLP!F$1-2013,FALSE),E2*(1+Data!$Q$1)),3)/100 -> 0.0593 | G2: =$F$2 -> 0.0593 | H2: =$F$2 -> 0.0593 | I2: =$F$2 -> 0.0593 | J2: =$F$2 -> 0.0593 | K2: =$F$2 -> 0.0593 | L2: =$F$2 -> 0.0593 | M2: =$F$2 -> 0.0593 | N2: =$F$2 -> 0.0593 | ... AU2: =$F$2 -> 0.0593
