Workbook

Sheet About
A1: BIFUBC
B7: Definition of Energy Product not used as Fuel based on US EPS Model
B8: Coking Coal: Hard coal used in Iron and Steel Industry
B9: Petrochem: Natural Gas, Crude Oil, in refined petroleum and coke
B10: Chemical: Natural as Feedstock, LPG propane or butane as Feedstock
B12: Definition of "Energy Product used as Material"
B13: 4.2.1. #用作原料、材料
B14: “准确界定原料用能范畴”一节是《通知》的重要内容。该节具体指出，对原料用能的基本定义是:
B15: “指用作原材料的能源消费，即能源产品不作为燃料、动力使用，而作为生产非能源产品的原料、材料使用。”
B16: 具体范畴则表述为
B17: “用于生产非能源用途的烯烃、芳烃、炔烃、醇类、合成氨等产品的煤炭、石油、天然气及其制品等，属于原料用能范畴；若用作燃料、动力使用，不属于原料用能范畴”。

Sheet Sector Match
A1: 农、林、牧、渔业 | B1: agriculture and forestry 01T03
A2: 煤炭开采和洗选业 | B2: coal mining 05
A3: 石油和天然气开采业 | B3: oil and gas extraction 06
A4: 黑色金属矿采选业 | B4: other mining and quarrying 07T08
A5: 有色金属矿采选业 | B5: other mining and quarrying 07T08
A6: 非金属矿采选业 | B6: other mining and quarrying 07T08
A7: 开采专业及辅助性活动 | B7: Mining Support Service Activities 09
A8: 其他采矿业 | B8: Mining Support Service Activities 09
A9: 农副食品加工业 | B9: food beverage and tobacco 10T12
A10: 食品制造业 | B10: food beverage and tobacco 10T12
A11: 酒、饮料和精制茶制造业 | B11: food beverage and tobacco 10T12
A12: 烟草制品业 | B12: food beverage and tobacco 10T12
... A22: 化学原料和化学制品制造业 | B22: chemicals 20
A23: 医药制造业
A24: 化学纤维制造业 | B24: chemicals 20
A25: 橡胶和塑料制品业 | B25: rubber and plastic products 22
A26: 非金属矿物制品业 | B26: cement and other nonmetallic minerals 239
A27: 黑色金属冶炼和压延加工业 | B27: iron and steel 241
A28: 有色金属冶炼和压延加工业 | B28: other metals 242
A29: 金属制品业 | B29: metal products except machinery and vehicles 25
A30: 通用设备制造业 | B30: other manufacturing 31T33
A31: 专用设备制造业 | B31: glass and glass products 231
A32: 汽车制造业 | B32: road vehicles 29
A33: 铁路、船舶、航空航天和其他运输设备制造业 | B33: nonroad vehicles 30
A34: 电气机械和器材制造业 | B34: appliances and electrical equipment 27
A35: 计算机、通信和其他电子设备制造业 | B35: computers and electronics 26
... A39: 金属制品、机械和设备修理业 | B39: other machinery 28
A40: 电力、热力生产和供应业
A41: 燃气生产和供应业 | B41: energy pipelines and gas processing 352T353
A42: 水的生产和供应业 | B42: water and waste 36T39
A43: 建筑业 | B43: construction 41T43

Sheet Fuel Match
A1: Chinese Model Fuel | C1: EPS Fuel | D1: EPS Industrial Module Fuel
A2: Crude Oil | B2: 原油 | C2: crude oil | D2: crude oil
A3: Electricity | B3: 电力 | C3: electricity | D3: electricity
A4: Raw Coal | B4: 原煤 | C4: coal | D4: coal
A5: Cleaned Coal | B5: 洗精煤 | C5: coal | D5: coal
A6: Briquettes | B6: 煤制品 | C6: coal | D6: coal
A7: Heat | B7: 热力 | C7: heat | D7: heat
A8: Fuel Oil | B8: 燃料油 | C8: heavy fuel oil | D8: heavy fuel oil
A9: White Spirit | B9: 溶剂油 | C9: heavy fuel oil | D9: heavy fuel oil
A10: Other Petroleum Products | B10: 其他石油制品 | C10: heavy fuel oil | D10: heavy fuel oil
A11: Kerosene | B11: 煤油 | C11: jet fuel or kerosene | D11: petroleum diesel
A12: Gangue | B12: 煤矸石 | C12: lignite | D12: coal
A13: Other Washed Coal | B13: 其他洗煤 | C13: lignite | D13: coal
... A35: Other Energy | B35: 其他能源 | C35: other energy | D35: biomass

Sheet Heat Value
A1: 能源名称 | B1: 实物量单位 | C1: 平均低位发热量 | D1: 折标准煤系数 | E1: 折EPS BTU 系数 | F1: 单位热值含碳量 | G1: 燃料碳氧化率 | H1: 排放因子1 | I1: 排放因子2 | J1: 数据来源
C2: TJ/单位 | D2: 万吨标煤/单位 | E2: BTU/单位 | F2: 万吨碳/TJ | G2: % | H2: 万tCO2/单位 | I2: 万tCO2/万吨标煤
A3: 原煤 | B3: 万吨 | C3: 209.08 | D3: 0.7143 | E3: =C3*10^12/1055.05585 -> 1.981696e+11 | F3: 0.002749 | G3: 0.94 | H3: =C3*F3*G3*44/12 -> 1.9810093 | I3: =H3/D3 -> 2.7733576 | J3: 能源统计年鉴2020
A4: 洗精煤 | B4: 万吨 | C4: 263.44 | D4: 0.9 | E4: =C4*10^12/1055.05585 -> 2.4969294e+11 | F4: 0.00254 | G4: 0.93 | H4: =C4*F4*G4*44/12 -> 2.2817592 | I4: =H4/D4 -> 2.535288 | J4: 能源统计年鉴2020
A5: 其他洗煤 | B5: 万吨 | C5: 83.63 | D5: 0.2857 | E5: =C5*10^12/1055.05585 -> 7.9265946e+10 | F5: 0.00254 | G5: 0.9 | H5: =C5*F5*G5*44/12 -> 0.70098666 | I5: =H5/D5 -> 2.453576 | J5: 能源统计年鉴2020
A6: 型煤 | B6: 万吨 | C6: 154.73 | D6: =C6/292.7 -> 0.52863 | E6: =C6*10^12/1055.05585 -> 1.4665574e+11 | F6: 0.00266 | G6: 0.9 | H6: =C6*F6*G6*44/12 -> 1.3582199 | I6: =H6/D6 -> 2.5693206 | J6: 2020中国区域电网二氧化碳基准线排放因子
A7: 煤矸石 | B7: 万吨 | C7: 83.74 | D7: =C7/292.7 -> 0.28609498 | E7: =C7*10^12/1055.05585 -> 7.9370206e+10 | F7: 0.00273 | G7: 0.98 | H7: =C7*F7*G7*44/12 -> 0.82147265 | I7: =H7/D7 -> 2.8713285 | J7: 综合能耗计算通则GBT2589-2020
A8: 焦炭 | B8: 万吨 | C8: 284.35 | D8: 0.9714 | E8: =C8*10^12/1055.05585 -> 2.695118e+11 | F8: 0.00294 | G8: 0.93 | H8: =C8*F8*G8*44/12 -> 2.8507225 | I8: =H8/D8 -> 2.9346536 | J8: 能源统计年鉴2020
A9: 焦炉煤气 | B9: 亿立方米 | C9: 1735.35 | D9: 5.9285 | E9: =C9*10^12/1055.05585 -> 1.6447944e+12 | F9: 0.00136 | G9: 0.99 | H9: =C9*F9*G9*44/12 -> 8.5670759 | I9: =H9/D9 -> 1.4450664 | J9: 能源统计年鉴2020
A10: 高炉煤气 | B10: 亿立方米 | C10: 376.3 | D10: =C10/292.7 -> 1.2856167 | E10: =C10*10^12/1055.05585 -> 3.5666358e+11 | F10: 0.00708 | G10: 0.99 | H10: =C10*F10*G10*44/12 -> 9.6710605 | I10: =H10/D10 -> 7.5225071 | J10: 2020中国区域电网二氧化碳基准线排放因子
A11: 转炉煤气 | B11: 亿立方米 | C11: 794.5 | D11: =C11/292.7 -> 2.7143833 | E11: =C11*10^12/1055.05585 -> 7.530407e+11 | F11: 0.00469 | G11: 0.99 | H11: =C11*F11*G11*44/12 -> 13.526124 | I11: =H11/D11 -> 4.9831297 | J11: 2020中国区域电网二氧化碳基准线排放因子
A12: 其他煤气 | B12: 亿立方米 | C12: 522.7 | D12: 1.786 | E12: =C12*10^12/1055.05585 -> 4.9542401e+11 | F12: 0.00122 | G12: 0.99 | H12: =C12*F12*G12*44/12 -> 2.3148292 | I12: =H12/D12 -> 1.296097 | J12: 能源统计年鉴2020
A13: 其他焦化产品 | B13: 万吨 | C13: 334.53 | D13: =C13/292.7 -> 1.1429108 | E13: =C13*10^12/1055.05585 -> 3.1707326e+11 | F13: 0.00258 | G13: 0.93 | H13: =C13*F13*G13*44/12 -> 2.943128 | I13: =H13/D13 -> 2.5751161 | J13: 2020中国区域电网二氧化碳基准线排放因子
A14: 原油 | B14: 万吨 | C14: 418.16 | D14: 1.4286 | E14: =C14*10^12/1055.05585 -> 3.9633921e+11 | F14: 0.00201 | G14: 0.98 | H14: =C14*F14*G14*44/12 -> 3.0202024 | I14: =H14/D14 -> 2.1140994 | J14: 能源统计年鉴2020
A15: 汽油 | B15: 万吨 | C15: 430.7 | D15: 1.4714 | E15: =C15*10^12/1055.05585 -> 4.0822483e+11 | F15: 0.00189 | G15: 0.98 | H15: =C15*F15*G15*44/12 -> 2.925056 | I15: =H15/D15 -> 1.9879407 | J15: 能源统计年鉴2020
A16: 煤油 | B16: 万吨 | C16: 430.7 | D16: 1.4714 | E16: =C16*10^12/1055.05585 -> 4.0822483e+11 | F16: 0.00189 | G16: 0.98 | H16: =C16*F16*G16*44/12 -> 2.925056 | I16: =H16/D16 -> 1.9879407 | J16: 能源统计年鉴2020
A17: 柴油 | B17: 万吨 | C17: 426.52 | D17: 1.4571 | E17: =C17*10^12/1055.05585 -> 4.0426296e+11 | F17: 0.00202 | G17: 0.98 | H17: =C17*F17*G17*44/12 -> 3.0959096 | I17: =H17/D17 -> 2.1247064 | J17: 能源统计年鉴2020
A18: 燃料油 | B18: 万吨 | C18: 418.16 | D18: 1.4286 | E18: =C18*10^12/1055.05585 -> 3.9633921e+11 | F18: 0.00211 | G18: 0.98 | H18: =C18*F18*G18*44/12 -> 3.1704612 | I18: =H18/D18 -> 2.2192785 | J18: 能源统计年鉴2020
A19: 石脑油 | B19: 万吨 | C19: 439.07 | D19: =C19/292.7 -> 1.5000683 | E19: =C19*10^12/1055.05585 -> 4.1615806e+11 | F19: 0.002 | G19: 0.98 | H19: =C19*F19*G19*44/12 -> 3.1554497 | I19: =H19/D19 -> 2.1035373 | J19: 2020中国区域电网二氧化碳基准线排放因子
A20: 润滑油 | B20: 万吨 | C20: 413.98 | D20: =C20/292.7 -> 1.4143492 | E20: =C20*10^12/1055.05585 -> 3.9237733e+11 | F20: 0.002 | G20: 0.98 | H20: =C20*F20*G20*44/12 -> 2.9751363 | I20: =H20/D20 -> 2.1035373 | J20: 2021中国区域电网二氧化碳基准线排放因子
A21: 石蜡 | B21: 万吨 | C21: 399.25 | D21: =C21/292.7 -> 1.3640246 | E21: =C21*10^12/1055.05585 -> 3.7841599e+11 | F21: 0.002 | G21: 0.98 | H21: =C21*F21*G21*44/12 -> 2.8692767 | I21: =H21/D21 -> 2.1035373 | J21: 2022中国区域电网二氧化碳基准线排放因子
A22: 溶剂油 | B22: 万吨 | C22: 429.45 | D22: =C22/292.7 -> 1.4672019 | E22: =C22*10^12/1055.05585 -> 4.0704006e+11 | F22: 0.002 | G22: 0.98 | H22: =C22*F22*G22*44/12 -> 3.086314 | I22: =H22/D22 -> 2.1035373 | J22: 2023中国区域电网二氧化碳基准线排放因子
A23: 石油沥青 | B23: 万吨 | C23: 389.31 | D23: =C23/292.7 -> 1.3300649 | E23: =C23*10^12/1055.05585 -> 3.6899468e+11 | F23: 0.0022 | G23: 0.98 | H23: =C23*F23*G23*44/12 -> 3.0776253 | I23: =H23/D23 -> 2.3138911 | J23: 2024中国区域电网二氧化碳基准线排放因子
A24: 石油焦 | B24: 万吨 | C24: 319.47 | D24: =C24/292.7 -> 1.0914588 | E24: =C24*10^12/1055.05585 -> 3.0279914e+11 | F24: 0.00275 | G24: 0.98 | H24: =C24*F24*G24*44/12 -> 3.156896 | I24: =H24/D24 -> 2.8923638 | J24: 2025中国区域电网二氧化碳基准线排放因子
A25: 液化石油气 | B25: 万吨 | C25: 501.79 | D25: 1.7143 | E25: =C25*10^12/1055.05585 -> 4.7560515e+11 | F25: 0.00172 | G25: 0.99 | H25: =C25*F25*G25*44/12 -> 3.132976 | I25: =H25/D25 -> 1.8275541 | J25: 能源统计年鉴2020
A26: 炼厂干气 | B26: 万吨 | C26: 459.98 | D26: 1.5714 | E26: =C26*10^12/1055.05585 -> 4.3597692e+11 | F26: 0.00182 | G26: 0.99 | H26: =C26*F26*G26*44/12 -> 3.0389039 | I26: =H26/D26 -> 1.9338831 | J26: 能源统计年鉴2020
A27: 其他石油制品 | B27: 万吨 | C27: 409.8 | D27: =C27/292.7 -> 1.4000683 | E27: =C27*10^12/1055.05585 -> 3.8841546e+11 | F27: 0.002 | G27: 0.99 | H27: =C27*F27*G27*44/12 -> 2.975148 | I27: =H27/D27 -> 2.125002 | J27: 2025中国区域电网二氧化碳基准线排放因子
A28: 天然气 | B28: 亿立方米 | C28: 3558.45 | D28: 12.15 | E28: =C28*10^12/1055.05585 -> 3.3727598e+12 | F28: 0.00153 | G28: 0.99 | H28: =C28*F28*G28*44/12 -> 19.763275 | I28: =H28/D28 -> 1.626607 | J28: 能源统计年鉴2020
A29: 液化天然气 | B29: 万吨 | C29: 514.34 | D29: =C29/292.7 -> 1.7572258 | E29: =C29*10^12/1055.05585 -> 4.8750026e+11 | F29: 0.00153 | G29: 1 | H29: =C29*F29*G29*44/12 -> 2.8854474 | I29: =H29/D29 -> 1.642047 | J29: 2025中国区域电网二氧化碳基准线排放因子
A30: 热力 | B30: 万百万千焦 | C30: 10 | D30: =C30/292.7 -> 0.034164674 | E30: =C30*10^12/1055.05585 -> 9.4781712e+09 | G30: 1 | J30: 排放清单缺省值
A31: 电力 | B31: 亿千瓦时 | C31: 360 | D31: =C31/292.7 -> 1.2299283 | E31: =C31*10^12/1055.05585 -> 3.4121416e+11 | G31: 1
A32: 氢能源 | B32: 万吨 | C32: 9.690321 | E32: =C32*10^12/1055.05585 -> 9.1846522e+09
A33: 其他能源 | B33: 万吨标煤 | C33: 292.71 | D33: =C33/292.7 -> 1.0000342 | E33: =C33*10^12/1055.05585 -> 2.7743555e+11 | F33: 0 | G33: 1 | H33: =C33*F33*G33*44/12 -> 0 | I33: =H33/D33 -> 0 | J33: 2025中国区域电网二氧化碳基准线排放因子

Sheet Final Energy Consumption-2019
A1: 4-2 工业分行业终端能源消费量(实物量)-2019
A2: 行 业 | B2: 煤合计_x000D_ (万吨)_x000D_ Coal Total_x000D_ (104 tons) | C2: 原煤_x000D_ (万吨)_x000D_ Raw Coal_x000D_ (104 tons) | D2: 洗精煤_x000D_ (万吨)_x000D_ Cleaned_x000D_ Coal_x000D_ (104 tons) | E2: 其他洗煤_x000D_ (万吨)_x000D_ Other_x000D_ Washed Coal_x000D_ (104 tons) | F2: 焦炭_x000D_ (万吨)_x000D_ Coke_x000D_ (104 tons) | G2: 焦炉煤气_x000D_ (亿立方米)_x000D_ Coke Oven_x000D_ Gas_x000D_ (108 cu.m) | H2: 高炉煤气_x000D_ (亿立方米)_x000D_ Blast Furnace_x000D_ Gas_x000D_ (108 cu.m) | I2: 转炉煤气_x000D_ (亿立方米)_x000D_ Converter_x000D_ Gas_x000D_ (108 cu.m) | J2: 其他煤气_x000D_ (亿立方米)_x000D_ Other Gas_x000D_ (108 cu.m) | K2: 其他焦化产品_x000D_ (万吨)_x000D_ Other Coking_x000D_ Products_x000D_ (104 tons) | L2: 油品合计_x000D_ (万吨)_x000D_ Petroleum_x000D_ Products Total_x000D_ (104 tons) | M2: 原油_x000D_ (万吨)_x000D_ Crude Oil_x000D_ (104 tons) | N2: 汽油_x000D_ (万吨)_x000D_ Gasoline_x000D_ (104 tons) | O2: 煤油_x000D_ (万吨)_x000D_ Kerosene_x000D_ (104 tons) | P2: 柴油_x000D_ (万吨)_x000D_ Diesel Oil_x000D_ (104 tons) | Q2: 燃料油_x000D_ (万吨)_x000D_ Fuel Oil_x000D_ (104 tons) | R2: 石脑油_x000D_ (万吨)_x000D_ Naphtha_x000D_ (104 tons) | S2: 润滑油_x000D_ (万吨)_x000D_ Lubricants_x000D_ (104 tons) | T2: 石蜡_x000D_ (万吨)_x000D_ Paraffin_x000D_ Waxes_x000D_ (104 tons) | U2: 溶剂油_x000D_ (万吨)_x000D_ White Spirit_x000D_ (104 tons) | V2: 石油沥青_x000D_ (万吨)_x000D_ Bitumen_x000D_ Asphalt_x000D_ (104 tons) | W2: 石油焦_x000D_ (万吨)_x000D_ Petroleum_x000D_ Coke_x000D_ (104 tons) | X2: 液化石油气_x000D_ (万吨)_x000D_ Liquefied_x000D_ Petroleum Gas_x000D_ (104 tons) | Y2: 炼厂干气_x000D_ (万吨)_x000D_ Refinery_x000D_ Gas_x000D_ (104 tons) | Z2: 其他石油制品_x000D_ (万吨)_x000D_ Other Petroleum_x000D_ Products_x000D_ (104 tons) | AA2: 天然气_x000D_ (亿立方米)_x000D_ Natural Gas_x000D_ (108 cu.m) | AB2: 液化天然气_x000D_ (万吨)_x000D_ Liquefied_x000D_ Natural Gas_x000D_ (104 tons) | AC2: 热力_x000D_ (万百万千焦)_x000D_ Heat_x000D_ (1010 kJ) | AD2: 电力_x000D_ (亿千瓦小时)_x000D_ Electricity_x000D_ (108 kW·h) | AE2: 其他能源_x000D_ (万吨标准煤)_x000D_ Other Energy_x000D_ (104 tce)
A3: 煤炭开采和洗选业 | B3: 2931.16 | C3: 1628.55 | E3: 1297.11 | F3: 48.92 | G3: 1.04 | H3: 25.03 | I3: 0.72 | J3: 1.42 | K3: 6.5 | L3: 351.52 | M3: 0.22 | N3: 4.95 | O3: 0.75 | P3: 152.6 | Q3: 0.27 | R3: 149.36 | S3: 1.01 | V3: 0.1 | X3: 41.75 | Z3: 0.52 | AA3: 14.35 | AB3: 13.45 | AC3: 705.5 | AD3: 1026.76 | AE3: 2.88
A4: 石油和天然气开采业 | B4: 105.6 | C4: 105.6 | L4: 347.07 | M4: 268.2 | N4: 6.99 | P4: 40.56 | Q4: 0.87 | S4: 0.01 | X4: 0.13 | Y4: 12.82 | Z4: 17.51 | AA4: 132.38 | AB4: 4.59 | AC4: 2778.26 | AD4: 434.44
A5: 黑色金属矿采选业 | B5: 175.95 | C5: 167.23 | E5: 5.54 | F5: 147.75 | G5: 3.17 | H5: 18.22 | I5: 0.56 | K5: 0.17 | L5: 43.64 | N5: 0.81 | P5: 42.54 | Q5: 0.05 | S5: 0.23 | AA5: 0.02 | AC5: 162.15 | AD5: 419.28 | AE5: 1.04
A6: 有色金属矿采选业 | B6: 80.3 | C6: 77.93 | E6: 1.84 | F6: 3.57 | L6: 25.06 | N6: 1.64 | O6: 0.46 | P6: 21.82 | Q6: 0.96 | S6: 0.03 | V6: 0.15 | AA6: 0.66 | AC6: 0.09 | AD6: 386.17 | AE6: 2.41
A7: 非金属矿采选业 | B7: 509.68 | C7: 247.69 | E7: 256.97 | F7: 7.74 | G7: 1.1 | I7: 1.39 | L7: 57.14 | N7: 1.05 | O7: 0.02 | P7: 53.79 | Q7: 0.04 | S7: 0.05 | V7: 0.6 | W7: 1.53 | X7: 0.01 | Z7: 0.05 | AA7: 0.62 | AB7: 7.24 | AC7: 2247.71 | AD7: 257.36 | AE7: 0.19
A8: 开采专业及辅助性活动 | B8: 6.95 | C8: 6.95 | L8: 158.72 | M8: 0.1 | N8: 3.82 | P8: 153.85 | Q8: 0.3 | S8: 0.28 | X8: 0.08 | Z8: 0.29 | AA8: 2.38 | AB8: 0.38 | AC8: 277.93 | AD8: 41.3
A9: 其他采矿业 | B9: 0.12 | C9: 0.12 | L9: 0.11 | P9: 0.1 | AD9: 211.62
A10: 农副食品加工业 | B10: 952.96 | C10: 929.67 | E10: 21.32 | F10: 124.44 | G10: 0.03 | H10: 26.33 | I10: 2.1 | J10: 0.16 | K10: 0.01 | L10: 33.01 | N10: 7.09 | O10: 0.09 | P10: 21.51 | Q10: 1.51 | S10: 0.09 | T10: 0.03 | U10: 1.5 | X10: 0.95 | Z10: 0.24 | AA10: 3.86 | AB10: 198.52 | AC10: 7615.31 | AD10: 797.43 | AE10: 221.48
A11: 食品制造业 | B11: 912.52 | C11: 906.34 | E11: 1.13 | F11: 1.57 | L11: 15.51 | N11: 4.21 | P11: 8.26 | Q11: 1.12 | T11: 0.41 | X11: 1.17 | Z11: 0.33 | AA11: 12.87 | AB11: 82.51 | AC11: 7297.6 | AD11: 301.94 | AE11: 39.14
A12: 酒、饮料和精制茶制造业 | B12: 523.51 | C12: 516.79 | E12: 5.74 | F12: 0.08 | G12: 0.03 | K12: 0.01 | L12: 8.81 | N12: 2.89 | O12: 0.06 | P12: 4.77 | Q12: 0.36 | S12: 0.01 | X12: 0.68 | Z12: 0.04 | AA12: 9.92 | AB12: 48.46 | AC12: 5461.59 | AD12: 173.56 | AE12: 13.23
A13: 烟草制品业 | B13: 6.57 | C13: 6.09 | E13: 0.44 | L13: 1.47 | N13: 0.38 | P13: 1.04 | X13: 0.05 | AA13: 1.21 | AC13: 257.7 | AD13: 52.91 | AE13: 2.52
A14: 纺织业 | B14: 417.78 | C14: 374.64 | E14: 6.41 | F14: 1.19 | I14: 0.01 | L14: 19.13 | N14: 5.59 | O14: 0.03 | P14: 5.91 | Q14: 3.45 | S14: 0.1 | V14: 1.56 | X14: 1.54 | Z14: 0.95 | AA14: 14.83 | AB14: 217.53 | AC14: 32377.38 | AD14: 1760.15 | AE14: 65.49
A15: 纺织服装、服饰业 | B15: 36.67 | C15: 35.95 | E15: 0.43 | F15: 0.05 | L15: 11.4 | N15: 4.89 | O15: 0.05 | P15: 5.37 | Q15: 0.49 | S15: 0.01 | X15: 0.37 | Z15: 0.22 | AA15: 1.31 | AB15: 68.93 | AC15: 593.54 | AD15: 231.59 | AE15: 8.27
A16: 皮革、毛皮、羽毛及其制品和制鞋业 | B16: 21.78 | C16: 20.18 | E16: 0.09 | L16: 5.7 | N16: 2.86 | O16: 0.01 | P16: 1.94 | Q16: 0.34 | R16: 0.01 | S16: 0.05 | T16: 0.04 | U16: 0.12 | X16: 0.29 | Z16: 0.04 | AA16: 0.12 | AB16: 14.82 | AC16: 227.8 | AD16: 156.81 | AE16: 9.7
A17: 木材加工和木、竹、藤、棕、草制品业 | B17: 48.66 | C17: 47.78 | E17: 0.88 | F17: 0.05 | L17: 9.07 | N17: 1.7 | P17: 5.21 | Q17: 0.21 | S17: 0.04 | T17: 1.71 | X17: 0.21 | AA17: 2.63 | AB17: 1.84 | AC17: 671.94 | AD17: 279.32 | AE17: 104.92
A18: 家具制造业 | B18: 2.09 | C18: 1.8 | E18: 0.26 | F18: 0.54 | L18: 5.82 | N18: 2.4 | P18: 2.99 | Q18: 0.14 | S18: 0.01 | X18: 0.27 | AA18: 1.35 | AB18: 2.34 | AC18: 60.67 | AD18: 115.36 | AE18: 5.01
A19: 造纸和纸制品业 | B19: 715.5 | C19: 654.92 | E19: 39.31 | F19: 0.23 | G19: 0.09 | L19: 27.98 | M19: 0.03 | N19: 2.51 | O19: 0.01 | P19: 14.99 | Q19: 8.01 | S19: 0.1 | T19: 0.03 | U19: 0.3 | X19: 1.9 | Z19: 0.09 | AA19: 4.86 | AB19: 123.83 | AC19: 21416.18 | AD19: 744.61 | AE19: 90.62
A20: 印刷和记录媒介复制业 | B20: 15.39 | C20: 14.67 | E20: 0.33 | F20: 0.02 | G20: 0.07 | J20: 0.09 | L20: 9.06 | N20: 3.59 | O20: 0.01 | P20: 4.22 | Q20: 0.4 | S20: 0.03 | U20: 0.05 | X20: 0.41 | Z20: 0.35 | AA20: 3.4 | AB20: 11.47 | AC20: 488.67 | AD20: 131.05 | AE20: 9.07
A21: 文教、工美、体育和娱乐用品制造业 | B21: 14.47 | C21: 13.69 | E21: 0.37 | F21: 0.43 | L21: 20.34 | N21: 3.31 | O21: 0.11 | P21: 3.49 | Q21: 0.46 | R21: 0.01 | S21: 0.02 | T21: 0.53 | U21: 0.01 | W21: 11.56 | X21: 0.67 | Z21: 0.18 | AA21: 2.97 | AB21: 80.6 | AC21: 86.85 | AD21: 89.78 | AE21: 5.89
A22: 石油、煤炭及其他燃料加工业 | B22: 2588.48 | C22: 1309.11 | E22: 1151.35 | F22: 52.92 | G22: 208.3 | H22: 97.9 | J22: 11.26 | K22: 143.22 | L22: 9293.13 | M22: 55.95 | N22: 1.42 | O22: 0.18 | P22: 22.54 | Q22: 27.38 | R22: 1390.01 | S22: 219.89 | T22: 0.06 | U22: 6.03 | V22: 4.87 | W22: 230.56 | X22: 1057.39 | Y22: 1739.05 | Z22: 4537.82 | AA22: 26.77 | AB22: 835.63 | AC22: 63440.85 | AD22: 1198.93 | AE22: 6.16
A23: 化学原料和化学制品制造业 | B23: 11986.77 | C23: 11475.78 | E23: 175.06 | F23: 3955.42 | G23: 79.54 | H23: 9 | I23: 10.06 | J23: 22.56 | K23: 624.81 | L23: 7269.24 | M23: 1.35 | N23: 12.09 | O23: 1.9 | P23: 37.97 | Q23: 44.02 | R23: 4207.62 | S23: 5.29 | T23: 252.74 | U23: 82.44 | V23: 1.52 | W23: 51.52 | X23: 1058.99 | Y23: 75.47 | Z23: 1436.3 | AA23: 206.99 | AB23: 1379.26 | AC23: 145178.14 | AD23: 5427.38 | AE23: 90.95
A24: 医药制造业 | B24: 468.86 | C24: 461.02 | E24: 1.92 | F24: 1.95 | G24: 0.37 | K24: 0.08 | L24: 13.7 | M24: 0.03 | N24: 3.92 | O24: 0.01 | P24: 5.73 | Q24: 2.72 | R24: 0.03 | T24: 0.03 | U24: 0.23 | X24: 0.21 | Z24: 0.78 | AA24: 7.46 | AB24: 53.64 | AC24: 10234.32 | AD24: 407.71 | AE24: 25.21
A25: 化学纤维制造业 | B25: 584.87 | C25: 478.34 | E25: 4.74 | F25: 18.57 | L25: 2.87 | N25: 0.61 | O25: 0.02 | P25: 1.64 | Q25: 0.38 | S25: 0.05 | U25: 0.04 | X25: 0.06 | Z25: 0.07 | AA25: 1.71 | AB25: 90.04 | AC25: 11473.54 | AD25: 455.15 | AE25: 12.62
A26: 橡胶和塑料制品业 | B26: 261.77 | C26: 244.32 | E26: 2.53 | F26: 0.03 | G26: 0.62 | K26: 5.33 | L26: 32.62 | M26: 0.01 | N26: 9.45 | O26: 0.06 | P26: 11.9 | Q26: 3.38 | S26: 0.45 | T26: 0.43 | U26: 0.41 | V26: 1.54 | X26: 2.26 | Z26: 2.73 | AA26: 7.95 | AB26: 63.03 | AC26: 3139.12 | AD26: 1426.38 | AE26: 16.28
A27: 非金属矿物制品业 | B27: 22238.05 | C27: 13725.93 | E27: 8413.71 | F27: 1340.43 | G27: 35.94 | H27: 42.5 | I27: 5.62 | J27: 8.56 | K27: 22.25 | L27: 3189.68 | M27: 0.1 | N27: 14.75 | O27: 0.83 | P27: 314.07 | Q27: 96.29 | S27: 0.59 | T27: 0.73 | U27: 0.16 | V27: 241.25 | W27: 2446.51 | X27: 61.41 | Y27: 0.11 | Z27: 12.87 | AA27: 36.98 | AB27: 1024.69 | AC27: 2518.62 | AD27: 3760.64 | AE27: 90.04
A28: 黑色金属冶炼和压延加工业 | B28: 9211.61 | C28: 8451.73 | E28: 669.94 | F28: 39247.4 | G28: 343.31 | H28: 8060.77 | I28: 556.61 | J28: 1.51 | K28: 304.58 | L28: 87.38 | N28: 3.35 | O28: 0.02 | P28: 52.53 | Q28: 0.64 | S28: 0.77 | T28: 0.02 | W28: 18.02 | X28: 9.6 | Y28: 1.58 | Z28: 0.85 | AA28: 46.6 | AB28: 654.5 | AC28: 19472.74 | AD28: 6459.68 | AE28: 101.48
A29: 有色金属冶炼和压延加工业 | B29: 2361.87 | C29: 2098.02 | E29: 256.64 | F29: 406.15 | G29: 19.34 | I29: 0.08 | J29: 89.53 | K29: 20.62 | L29: 332.3 | M29: 0.3 | N29: 3.39 | O29: 0.54 | P29: 33.38 | Q29: 13.82 | S29: 0.42 | U29: 0.1 | V29: 10.01 | W29: 262.09 | X29: 3.24 | Z29: 5.01 | AA29: 20.75 | AB29: 256.51 | AC29: 21858.02 | AD29: 6673.67 | AE29: 5.96
A30: 金属制品业 | B30: 255.08 | C30: 203.46 | E30: 50.46 | F30: 469.08 | G30: 4.55 | H30: 48.79 | I30: 2.22 | J30: 0.53 | K30: 2.61 | L30: 39.75 | N30: 11.6 | O30: 0.45 | P30: 19.52 | Q30: 1.6 | S30: 0.59 | T30: 0.02 | U30: 0.02 | V30: 0.32 | X30: 4.33 | Y30: 0.01 | Z30: 1.28 | AA30: 11.68 | AB30: 372.68 | AC30: 637.35 | AD30: 1672.84 | AE30: 4.88
A31: 通用设备制造业 | B31: 18.99 | C31: 17.21 | E31: 0.8 | F31: 244.56 | G31: 0.15 | H31: 0.08 | I31: 0.05 | L31: 46.46 | N31: 15.29 | O31: 1.62 | P31: 21.25 | Q31: 0.7 | R31: 0.03 | S31: 2.92 | T31: 0.08 | U31: 0.04 | X31: 2.8 | Z31: 1.73 | AA31: 10.36 | AB31: 82.5 | AC31: 343.7 | AD31: 1007.43 | AE31: 5.11
A32: 专用设备制造业 | B32: 20.01 | C32: 17.18 | E32: 1.5 | F32: 6.54 | G32: 1.34 | H32: 2.34 | J32: 3.51 | K32: 0.57 | L32: 37.97 | N32: 11.84 | O32: 0.77 | P32: 14.46 | Q32: 0.64 | S32: 2.89 | T32: 0.04 | U32: 0.08 | X32: 3.62 | Z32: 3.64 | AA32: 4.85 | AB32: 113.88 | AC32: 955.3 | AD32: 499.42 | AE32: 5.42
A33: 汽车制造业 | B33: 21.53 | C33: 20.87 | E33: 0.11 | F33: 14.23 | G33: 0.06 | H33: 0.03 | I33: 0.01 | J33: 0.18 | L33: 65.68 | M33: 0.01 | N33: 24.72 | O33: 0.27 | P33: 26.95 | Q33: 0.32 | R33: 0.01 | S33: 9.25 | T33: 0.01 | U33: 0.13 | V33: 0.01 | X33: 2.07 | Z33: 1.94 | AA33: 7.29 | AB33: 140.31 | AC33: 2982.62 | AD33: 1031.41 | AE33: 3.01
A34: 铁路、船舶、航空航天和其他运输设备制造业 | B34: 41.15 | C34: 20.35 | E34: 20.8 | F34: 0.28 | G34: 0.46 | J34: 0.01 | L34: 19.08 | M34: 0.01 | N34: 3.5 | O34: 0.95 | P34: 11.25 | Q34: 1.39 | S34: 0.23 | X34: 1.34 | Z34: 0.41 | AA34: 4.98 | AB34: 123.53 | AC34: 666.6 | AD34: 166.18 | AE34: 0.3
A35: 电气机械和器材制造业 | B35: 16.17 | C35: 16.05 | E35: 0.07 | F35: 0.56 | G35: 0.02 | L35: 35.46 | N35: 14.94 | O35: 0.42 | P35: 10.72 | Q35: 2.07 | S35: 1.81 | T35: 0.15 | U35: 0.05 | V35: 0.04 | W35: 0.38 | X35: 3.4 | Z35: 1.48 | AA35: 3.42 | AB35: 61.56 | AC35: 1414.4 | AD35: 859.31 | AE35: 6.19
A36: 计算机、通信和其他电子设备制造业 | B36: 17.03 | C36: 15.92 | E36: 1.11 | G36: 0.01 | H36: 0.01 | L36: 19.39 | N36: 9.59 | O36: 0.15 | P36: 6.43 | Q36: 0.41 | S36: 0.66 | T36: 0.02 | U36: 0.02 | X36: 1.96 | Z36: 0.14 | AA36: 11.61 | AB36: 164.44 | AC36: 1558.86 | AD36: 1500.45 | AE36: 2.26
A37: 仪器仪表制造业 | B37: 1.92 | C37: 1.92 | F37: 0.01 | L37: 5.52 | N37: 3.84 | O37: 0.12 | P37: 1.01 | Q37: 0.09 | S37: 0.1 | T37: 0.03 | X37: 0.17 | Z37: 0.15 | AA37: 0.52 | AB37: 3.94 | AC37: 57.44 | AD37: 74.53 | AE37: 1.47
A38: 其他制造业 | B38: 1.98 | C38: 1.45 | E38: 0.17 | G38: 0.01 | K38: 0.75 | L38: 4.94 | N38: 0.68 | O38: 0.08 | P38: 1.13 | X38: 3.04 | AA38: 0.04 | AB38: 31.96 | AC38: 68.84 | AD38: 578.41 | AE38: 1.04
A39: 废弃资源综合利用业 | B39: 132.4 | C39: 105.97 | E39: 19.47 | F39: 97.06 | G39: 0.51 | H39: 5.3 | I39: 2.1 | K39: 1.17 | L39: 6.81 | N39: 0.31 | O39: 0.02 | P39: 4.83 | Q39: 1.32 | S39: 0.02 | X39: 0.31 | AA39: 2.19 | AB39: 123.44 | AC39: 19.73 | AD39: 57.94 | AE39: 5.87
A40: 金属制品、机械和设备修理业 | B40: 0.5 | C40: 0.5 | G40: 0.07 | H40: 0.14 | L40: 6.17 | M40: 0.01 | N40: 0.44 | O40: 0.93 | P40: 4.4 | Q40: 0.31 | S40: 0.05 | X40: 0.02 | AA40: 0.21 | AB40: 2.98 | AC40: 14.9 | AD40: 16.56
A41: 电力、热力生产和供应业 | B41: 948.29 | C41: 945.4 | E41: 2.29 | F41: 39.08 | G41: 0.82 | H41: 0.21 | J41: 1.3 | K41: 0.43 | L41: 64.26 | M41: 0.17 | N41: 21.5 | P41: 28.23 | Q41: 0.9 | S41: 0.27 | V41: 2.47 | W41: 8.8 | X41: 0.03 | Y41: 1.51 | Z41: 0.38 | AA41: 1.25 | AC41: 9585.94 | AD41: 5703.13 | AE41: 10.76
A42: 燃气生产和供应业 | B42: 143.01 | C42: 143.01 | G42: 0.9 | H42: 2.83 | J42: 0.3 | L42: 4.11 | N42: 2.55 | P42: 1.38 | Q42: 0.11 | S42: 0.02 | X42: 0.04 | Z42: 0.01 | AA42: 7.25 | AB42: 53.33 | AC42: 2201.27 | AD42: 185.85
A43: 水的生产和供应业 | B43: 4.35 | C43: 4.3 | L43: 5.29 | N43: 2.96 | P43: 2 | Q43: 0.09 | X43: 0.23 | AA43: 0.43 | AB43: 0.11 | AC43: 147.34 | AD43: 593.76

Sheet Feedstock Split-2019
B1: 煤合计_x000D_ (万吨)_x000D_ Coal Total_x000D_ (104 tons) | C1: 原煤_x000D_ (万吨)_x000D_ Raw Coal_x000D_ (104 tons) | D1: 洗精煤_x000D_ (万吨)_x000D_ Cleaned_x000D_ Coal_x000D_ (104 tons) | E1: 其他洗煤_x000D_ (万吨)_x000D_ Other_x000D_ Washed_x000D_ Coal_x000D_ (104 tons) | F1: 煤制品_x000D_ (万吨)_x000D_ Briquettes_x000D_ (104 tons) | G1: 煤矸石_x000D_ (万吨)_x000D_ Gangue_x000D_ (104 tons) | H1: 焦炭_x000D_ (万吨)_x000D_ Coke_x000D_ (104 tons) | I1: 焦炉煤气_x000D_ (亿立方米)_x000D_ Coke Oven_x000D_ Gas_x000D_ (108 cu.m) | J1: 高炉煤气_x000D_ (亿立方米)_x000D_ Blast Furnace_x000D_ Gas_x000D_ (108 cu.m) | K1: 转炉煤气_x000D_ (亿立方米)_x000D_ Converter_x000D_ Gas_x000D_ (108 cu.m) | L1: 其他煤气_x000D_ (亿立方米)_x000D_ Other Gas_x000D_ (108 cu.m) | M1: 其他焦化产品_x000D_ (万吨)_x000D_ Other_x000D_ Coking_x000D_ Products_x000D_ (104 tons) | N1: 油品合计_x000D_ (万吨)_x000D_ Petroleum_x000D_ Products_x000D_ Total_x000D_ (104 tons) | O1: 原油_x000D_ (万吨)_x000D_ Crude Oil_x000D_ (104 tons) | P1: 汽油_x000D_ (万吨)_x000D_ Gasoline_x000D_ (104 tons) | Q1: 煤油_x000D_ (万吨)_x000D_ Kerosene_x000D_ (104 tons) | R1: 柴油_x000D_ (万吨)_x000D_ Diesel Oil_x000D_ (104 tons) | S1: 燃料油_x000D_ (万吨)_x000D_ Fuel Oil_x000D_ (104 tons) | T1: 石脑油_x000D_ (万吨)_x000D_ Naphtha_x000D_ (104 tons) | U1: 润滑油_x000D_ (万吨)_x000D_ Lubricants_x000D_ (104 tons) | V1: 石蜡_x000D_ (万吨)_x000D_ Paraffin_x000D_ Waxes_x000D_ (104 tons) | W1: 溶剂油_x000D_ (万吨)_x000D_ White Spirit_x000D_ (104 tons) | X1: 石油沥青_x000D_ (万吨)_x000D_ Bitumen_x000D_ Asphalt_x000D_ (104 tons) | Y1: 石油焦_x000D_ (万吨)_x000D_ Petroleum_x000D_ Coke_x000D_ (104 tons) | Z1: 液化石油气_x000D_ (万吨)_x000D_ Liquefied_x000D_ Petroleum Gas_x000D_ (104 tons) | AA1: 炼厂干气_x000D_ (万吨)_x000D_ Refinery_x000D_ Gas_x000D_ (104 tons) | AB1: 其他石油制品_x000D_ (万吨)_x000D_ Other_x000D_ Petroleum_x000D_ Products_x000D_ (104 tons) | AC1: 天然气_x000D_ (亿立方米)_x000D_ Natural Gas_x000D_ (108 cu.m) | AD1: 液化天然气_x000D_ (万吨)_x000D_ Liquefied_x000D_ Natural Gas_x000D_ (104 tons) | AE1: 热力_x000D_ (万百万千焦)_x000D_ Heat_x000D_ (1010 kJ) | AF1: 电力_x000D_ (亿千瓦小时)_x000D_ Electricity_x000D_ (108 kW·h) | AG1: 其他能源_x000D_ (万吨标准煤)_x000D_ Other_x000D_ Energy_x000D_ (104 tce)
A2: 工业 | B2: =SUM(B3:B43) -> 0 | C2: =SUM(C3:C43) -> 1 | D2: =SUM(D3:D43) -> 1 | E2: =SUM(E3:E43) -> 1 | F2: =SUM(F3:F43) -> 1 | G2: =SUM(G3:G43) -> 1 | H2: =SUM(H3:H43) -> 1 | I2: =SUM(I3:I43) -> 1 | ... AG2: =SUM(AG3:AG43) -> 1
A3: 煤炭开采和洗选业 | C3: 0 | D3: 0 | E3: 0 | F3: 0 | G3: 0 | H3: 0 | I3: 0 | J3: 0 | K3: 0 | L3: 0 | M3: 0 | O3: 0 | P3: 0 | Q3: 0 | R3: 0 | S3: 0 | T3: 0 | U3: 0 | V3: 0 | W3: 0 | X3: 0 | Y3: 0 | Z3: 0 | AA3: 0 | AB3: 0 | AC3: 0 | AD3: 0 | AE3: 0 | AF3: 0 | AG3: 0
A4: 石油和天然气开采业 | C4: 0 | D4: 0 | E4: 0 | F4: 0 | G4: 0 | H4: 0 | I4: 0 | J4: 0 | K4: 0 | L4: 0 | M4: 0 | O4: 0 | P4: 0 | Q4: 0 | R4: 0 | S4: 0 | T4: 0 | U4: 0 | V4: 0 | W4: 0 | X4: 0 | Y4: 0 | Z4: 0 | AA4: 0 | AB4: 0 | AC4: 0 | AD4: 0 | AE4: 0 | AF4: 0 | AG4: 0
A5: 黑色金属矿采选业 | C5: 0 | D5: 0 | E5: 0 | F5: 0 | G5: 0 | H5: 0 | I5: 0 | J5: 0 | K5: 0 | L5: 0 | M5: 0 | O5: 0 | P5: 0 | Q5: 0 | R5: 0 | S5: 0 | T5: 0 | U5: 0 | V5: 0 | W5: 0 | X5: 0 | Y5: 0 | Z5: 0 | AA5: 0 | AB5: 0 | AC5: 0 | AD5: 0 | AE5: 0 | AF5: 0 | AG5: 0
A6: 有色金属矿采选业 | C6: 0 | D6: 0 | E6: 0 | F6: 0 | G6: 0 | H6: 0 | I6: 0 | J6: 0 | K6: 0 | L6: 0 | M6: 0 | O6: 0 | P6: 0 | Q6: 0 | R6: 0 | S6: 0 | T6: 0 | U6: 0 | V6: 0 | W6: 0 | X6: 0 | Y6: 0 | Z6: 0 | AA6: 0 | AB6: 0 | AC6: 0 | AD6: 0 | AE6: 0 | AF6: 0 | AG6: 0
A7: 非金属矿采选业 | C7: 0 | D7: 0 | E7: 0 | F7: 0 | G7: 0 | H7: 0 | I7: 0 | J7: 0 | K7: 0 | L7: 0 | M7: 0 | O7: 0 | P7: 0 | Q7: 0 | R7: 0 | S7: 0 | T7: 0 | U7: 0 | V7: 0 | W7: 0 | X7: 0 | Y7: 0 | Z7: 0 | AA7: 0 | AB7: 0 | AC7: 0 | AD7: 0 | AE7: 0 | AF7: 0 | AG7: 0
A8: 开采专业及辅助性活动 | C8: 0 | D8: 0 | E8: 0 | F8: 0 | G8: 0 | H8: 0 | I8: 0 | J8: 0 | K8: 0 | L8: 0 | M8: 0 | O8: 0 | P8: 0 | Q8: 0 | R8: 0 | S8: 0 | T8: 0 | U8: 0 | V8: 0 | W8: 0 | X8: 0 | Y8: 0 | Z8: 0 | AA8: 0 | AB8: 0 | AC8: 0 | AD8: 0 | AE8: 0 | AF8: 0 | AG8: 0
A9: 其他采矿业 | C9: 0 | D9: 0 | E9: 0 | F9: 0 | G9: 0 | H9: 0 | I9: 0 | J9: 0 | K9: 0 | L9: 0 | M9: 0 | O9: 0 | P9: 0 | Q9: 0 | R9: 0 | S9: 0 | T9: 0 | U9: 0 | V9: 0 | W9: 0 | X9: 0 | Y9: 0 | Z9: 0 | AA9: 0 | AB9: 0 | AC9: 0 | AD9: 0 | AE9: 0 | AF9: 0 | AG9: 0
A10: 农副食品加工业 | C10: 0 | D10: 0 | E10: 0 | F10: 0 | G10: 0 | H10: 0 | I10: 0 | J10: 0 | K10: 0 | L10: 0 | M10: 0 | O10: 0 | P10: 0 | Q10: 0 | R10: 0 | S10: 0 | T10: 0 | U10: 0 | V10: 0 | W10: 0 | X10: 0 | Y10: 0 | Z10: 0 | AA10: 0 | AB10: 0 | AC10: 0 | AD10: 0 | AE10: 0 | AF10: 0 | AG10: =AE65 -> 0.54200622
A11: 食品制造业 | C11: 0 | D11: 0 | E11: 0 | F11: 0 | G11: 0 | H11: 0 | I11: 0 | J11: 0 | K11: 0 | L11: 0 | M11: 0 | O11: 0 | P11: 0 | Q11: 0 | R11: 0 | S11: 0 | T11: 0 | U11: 0 | V11: =V55 -> 0.0016051993 | W11: 0 | X11: 0 | Y11: 0 | Z11: 0 | AA11: 0 | AB11: 0 | AC11: 0 | AD11: 0 | AE11: 0 | AF11: 0 | AG11: 0
A12: 酒、饮料和精制茶制造业 | C12: 0 | D12: 0 | E12: 0 | F12: 0 | G12: 0 | H12: 0 | I12: 0 | J12: 0 | K12: 0 | L12: 0 | M12: 0 | O12: 0 | P12: 0 | Q12: 0 | R12: 0 | S12: 0 | T12: 0 | U12: 0 | V12: 0 | W12: 0 | X12: 0 | Y12: 0 | Z12: 0 | AA12: 0 | AB12: 0 | AC12: 0 | AD12: 0 | AE12: 0 | AF12: 0 | AG12: 0
A13: 烟草制品业 | C13: 0 | D13: 0 | E13: 0 | F13: 0 | G13: 0 | H13: 0 | I13: 0 | J13: 0 | K13: 0 | L13: 0 | M13: 0 | O13: 0 | P13: 0 | Q13: 0 | R13: 0 | S13: 0 | T13: 0 | U13: 0 | V13: 0 | W13: 0 | X13: 0 | Y13: 0 | Z13: 0 | AA13: 0 | AB13: 0 | AC13: 0 | AD13: 0 | AE13: 0 | AF13: 0 | AG13: 0
A14: 纺织业 | C14: 0 | D14: 0 | E14: 0 | F14: 0 | G14: 0 | H14: 0 | I14: 0 | J14: 0 | K14: 0 | L14: 0 | M14: 0 | O14: 0 | P14: 0 | Q14: 0 | R14: 0 | S14: 0 | T14: 0 | U14: 0 | V14: 0 | W14: 0 | X14: 0 | Y14: 0 | Z14: 0 | AA14: 0 | AB14: 0 | AC14: 0 | AD14: 0 | AE14: 0 | AF14: 0 | AG14: 0
A15: 纺织服装、服饰业 | C15: 0 | D15: 0 | E15: 0 | F15: 0 | G15: 0 | H15: 0 | I15: 0 | J15: 0 | K15: 0 | L15: 0 | M15: 0 | O15: 0 | P15: 0 | Q15: 0 | R15: 0 | S15: 0 | T15: 0 | U15: 0 | V15: 0 | W15: 0 | X15: 0 | Y15: 0 | Z15: 0 | AA15: 0 | AB15: 0 | AC15: 0 | AD15: 0 | AE15: 0 | AF15: 0 | AG15: 0
A16: 皮革、毛皮、羽毛及其制品和制鞋业 | C16: 0 | D16: 0 | E16: 0 | F16: 0 | G16: 0 | H16: 0 | I16: 0 | J16: 0 | K16: 0 | L16: 0 | M16: 0 | O16: 0 | P16: 0 | Q16: 0 | R16: 0 | S16: 0 | T16: 0 | U16: 0 | V16: 0 | W16: 0 | X16: 0 | Y16: 0 | Z16: 0 | AA16: 0 | AB16: 0 | AC16: 0 | AD16: 0 | AE16: 0 | AF16: 0 | AG16: 0
A17: 木材加工和木、竹、藤、棕、草制品业 | C17: 0 | D17: 0 | E17: 0 | F17: 0 | G17: 0 | H17: 0 | I17: 0 | J17: 0 | K17: 0 | L17: 0 | M17: 0 | O17: 0 | P17: 0 | Q17: 0 | R17: 0 | S17: 0 | T17: 0 | U17: 0 | V17: =V56 -> 0.0066948555 | W17: 0 | X17: 0 | Y17: 0 | Z17: 0 | AA17: 0 | AB17: 0 | AC17: 0 | AD17: 0 | AE17: 0 | AF17: 0 | AG17: 0
A18: 家具制造业 | C18: 0 | D18: 0 | E18: 0 | F18: 0 | G18: 0 | H18: 0 | I18: 0 | J18: 0 | K18: 0 | L18: 0 | M18: 0 | O18: 0 | P18: 0 | Q18: 0 | R18: 0 | S18: 0 | T18: 0 | U18: 0 | V18: 0 | W18: 0 | X18: 0 | Y18: 0 | Z18: 0 | AA18: 0 | AB18: 0 | AC18: 0 | AD18: 0 | AE18: 0 | AF18: 0 | AG18: 0
A19: 造纸和纸制品业 | C19: 0 | D19: 0 | E19: 0 | F19: 0 | G19: 0 | H19: 0 | I19: 0 | J19: 0 | K19: 0 | L19: 0 | M19: 0 | O19: 0 | P19: 0 | Q19: 0 | R19: 0 | S19: 0 | T19: 0 | U19: 0 | V19: 0 | W19: 0 | X19: 0 | Y19: 0 | Z19: 0 | AA19: 0 | AB19: 0 | AC19: 0 | AD19: 0 | AE19: 0 | AF19: 0 | AG19: 0
A20: 印刷和记录媒介复制业 | C20: 0 | D20: 0 | E20: 0 | F20: 0 | G20: 0 | H20: 0 | I20: 0 | J20: 0 | K20: 0 | L20: 0 | M20: 0 | O20: 0 | P20: 0 | Q20: 0 | R20: 0 | S20: 0 | T20: 0 | U20: 0 | V20: 0 | W20: 0 | X20: 0 | Y20: 0 | Z20: 0 | AA20: 0 | AB20: 0 | AC20: 0 | AD20: 0 | AE20: 0 | AF20: 0 | AG20: 0
A21: 文教、工美、体育和娱乐用品制造业 | C21: 0 | D21: 0 | E21: 0 | F21: 0 | G21: 0 | H21: 0 | I21: 0 | J21: 0 | K21: 0 | L21: 0 | M21: 0 | O21: 0 | P21: 0 | Q21: 0 | R21: 0 | S21: 0 | T21: 0 | U21: 0 | V21: =V57 -> 0.0020750137 | W21: 0 | X21: 0 | Y21: 0 | Z21: 0 | AA21: 0 | AB21: 0 | AC21: 0 | AD21: 0 | AE21: 0 | AF21: 0 | AG21: 0
A22: 石油、煤炭及其他燃料加工业 | C22: =C59 -> 0.06164399 | D22: =B65 -> 1 | E22: =C69 -> 0.11249145 | F22: =C69 -> 0.11249145 | G22: =C69 -> 0.11249145 | H22: 0 | I22: 0 | J22: 0 | K22: 0 | L22: 0 | M22: =C88 -> 0.13081125 | O22: 0 | P22: =L60 -> 0.06184669 | Q22: 0 | R22: =L71 -> 0 | S22: =L75 -> 0.38347339 | T22: =L78 -> 0.24832116 | U22: =L83 -> 0.93498597 | V22: 0 | W22: =V63 -> 0.068035654 | X22: =V70 -> 0.019665644 | Y22: 0 | Z22: =V79 -> 0.499622 | AA22: =U84 -> 1 | AB22: =V88 -> 0.75957965 | AC22: 0 | AD22: 0 | AE22: 0 | AF22: 0 | AG22: =AE62 -> 0.015074762
A23: 化学原料和化学制品制造业 | C23: =C60 -> 0.54037695 | D23: 0 | E23: 0 | F23: 0 | G23: 0 | H23: =C77 -> 0.091554672 | I23: =B83 -> 1 | J23: =B83 -> 1 | K23: =B83 -> 1 | L23: =B83 -> 1 | M23: =C89 -> 0.5706757 | O23: =K54 -> 1 | P23: =L59 -> 0.52656794 | Q23: =L64 -> 0.37109375 | R23: =K70 -> 1 | S23: =L74 -> 0.61652661 | T23: =L79 -> 0.75167884 | U23: 0 | V23: =V58 -> 0.98950748 | W23: =V64 -> 0.93015909 | X23: =V68 -> 0.0061379422 | Y23: =W68 -> 0 | Z23: =V80 -> 0.500378 | AA23: 0 | AB23: =V89 -> 0.24042035 | AC23: =AD53 -> 1 | AD23: =AD57 -> 1 | AE23: 0 | AF23: 0 | AG23: =AE63 -> 0.22257299
A24: 医药制造业 | C24: 0 | D24: 0 | E24: 0 | F24: 0 | G24: 0 | H24: 0 | I24: 0 | J24: 0 | K24: 0 | L24: 0 | M24: 0 | O24: 0 | P24: 0 | Q24: 0 | R24: 0 | S24: 0 | T24: 0 | U24: 0 | V24: =V59 -> 0.00011745361 | W24: =W59 -> 0 | X24: 0 | Y24: 0 | Z24: 0 | AA24: 0 | AB24: 0 | AC24: 0 | AD24: 0 | AE24: 0 | AF24: 0 | AG24: 0
A25: 化学纤维制造业 | C25: 0 | D25: 0 | E25: 0 | F25: 0 | G25: 0 | H25: 0 | I25: 0 | J25: 0 | K25: 0 | L25: 0 | M25: 0 | O25: 0 | P25: 0 | Q25: 0 | R25: 0 | S25: 0 | T25: 0 | U25: 0 | V25: 0 | W25: 0 | X25: 0 | Y25: 0 | Z25: 0 | AA25: 0 | AB25: 0 | AC25: 0 | AD25: 0 | AE25: 0 | AF25: 0 | AG25: 0
A26: 橡胶和塑料制品业 | C26: 0 | D26: 0 | E26: 0 | F26: 0 | G26: 0 | H26: 0 | I26: 0 | J26: 0 | K26: 0 | L26: 0 | M26: 0 | O26: 0 | P26: =L58 -> 0.41158537 | Q26: =L63 -> 0.16210938 | R26: 0 | S26: 0 | T26: 0 | U26: 0 | V26: 0 | W26: 0 | X26: 0 | Y26: 0 | Z26: 0 | AA26: 0 | AB26: 0 | AC26: 0 | AD26: 0 | AE26: 0 | AF26: 0 | AG26: 0
A27: 非金属矿物制品业 | C27: 0 | D27: 0 | E27: =C70 -> 0.82205276 | F27: =C70 -> 0.82205276 | G27: =C70 -> 0.82205276 | H27: 0 | I27: 0 | J27: 0 | K27: 0 | L27: 0 | M27: =C90 -> 0.020322233 | O27: 0 | P27: 0 | Q27: 0 | R27: 0 | S27: 0 | T27: 0 | U27: 0 | V27: 0 | W27: =V65 -> 0.0018052578 | X27: =V69 -> 0.97419641 | Y27: =V74 -> 0.90323784 | Z27: 0 | AA27: 0 | AB27: 0 | AC27: 0 | AD27: 0 | AE27: 0 | AF27: 0 | AG27: =AE64 -> 0.22034603
A28: 黑色金属冶炼和压延加工业 | C28: =C61 -> 0.39797906 | D28: 0 | E28: =C71 -> 0.065455789 | F28: =C71 -> 0.065455789 | G28: =C71 -> 0.065455789 | H28: =C78 -> 0.90844533 | I28: 0 | J28: 0 | K28: 0 | L28: 0 | M28: =C91 -> 0.27819082 | O28: 0 | P28: 0 | Q28: 0 | R28: 0 | S28: 0 | T28: 0 | U28: 0 | V28: 0 | W28: 0 | X28: 0 | Y28: 0 | Z28: 0 | AA28: 0 | AB28: 0 | AC28: 0 | AD28: 0 | AE28: 0 | AF28: 0 | AG28: 0
A29: 有色金属冶炼和压延加工业 | C29: 0 | D29: 0 | E29: 0 | F29: 0 | G29: 0 | H29: 0 | I29: 0 | J29: 0 | K29: 0 | L29: 0 | M29: 0 | O29: 0 | P29: 0 | Q29: 0 | R29: 0 | S29: 0 | T29: 0 | U29: 0 | V29: 0 | W29: 0 | X29: 0 | Y29: =V73 -> 0.096762165 | Z29: 0 | AA29: 0 | AB29: 0 | AC29: 0 | AD29: 0 | AE29: 0 | AF29: 0 | AG29: 0
A30: 金属制品业 | C30: 0 | D30: 0 | E30: 0 | F30: 0 | G30: 0 | H30: 0 | I30: 0 | J30: 0 | K30: 0 | L30: 0 | M30: 0 | O30: 0 | P30: 0 | Q30: 0 | R30: 0 | S30: 0 | T30: 0 | U30: 0 | V30: 0 | W30: 0 | X30: 0 | Y30: 0 | Z30: 0 | AA30: 0 | AB30: 0 | AC30: 0 | AD30: 0 | AE30: 0 | AF30: 0 | AG30: 0
A31: 通用设备制造业 | C31: 0 | D31: 0 | E31: 0 | F31: 0 | G31: 0 | H31: 0 | I31: 0 | J31: 0 | K31: 0 | L31: 0 | M31: 0 | O31: 0 | P31: 0 | Q31: =L65 -> 0.31640625 | R31: 0 | S31: 0 | T31: 0 | U31: =L84 -> 0.012416022 | V31: 0 | W31: 0 | X31: 0 | Y31: 0 | Z31: 0 | AA31: 0 | AB31: 0 | AC31: 0 | AD31: 0 | AE31: 0 | AF31: 0 | AG31: 0
A32: 专用设备制造业 | C32: 0 | D32: 0 | E32: 0 | F32: 0 | G32: 0 | H32: 0 | I32: 0 | J32: 0 | K32: 0 | L32: 0 | M32: 0 | O32: 0 | P32: 0 | Q32: =L66 -> 0.15039063 | R32: 0 | S32: 0 | T32: 0 | U32: =L85 -> 0.01228846 | V32: 0 | W32: 0 | X32: 0 | Y32: 0 | Z32: 0 | AA32: 0 | AB32: 0 | AC32: 0 | AD32: 0 | AE32: 0 | AF32: 0 | AG32: 0
A33: 汽车制造业 | C33: 0 | D33: 0 | E33: 0 | F33: 0 | G33: 0 | H33: 0 | I33: 0 | J33: 0 | K33: 0 | L33: 0 | M33: 0 | O33: 0 | P33: 0 | Q33: 0 | R33: 0 | S33: 0 | T33: 0 | U33: =L86 -> 0.039331576 | V33: 0 | W33: 0 | X33: 0 | Y33: 0 | Z33: 0 | AA33: 0 | AB33: 0 | AC33: 0 | AD33: 0 | AE33: 0 | AF33: 0 | AG33: 0
A34: 铁路、船舶、航空航天和其他运输设备制造业 | C34: 0 | D34: 0 | E34: 0 | F34: 0 | G34: 0 | H34: 0 | I34: 0 | J34: 0 | K34: 0 | L34: 0 | M34: 0 | O34: 0 | P34: 0 | Q34: 0 | R34: 0 | S34: 0 | T34: 0 | U34: =L87 -> 0.00097797432 | V34: 0 | W34: 0 | X34: 0 | Y34: 0 | Z34: 0 | AA34: 0 | AB34: 0 | AC34: 0 | AD34: 0 | AE34: 0 | AF34: 0 | AG34: 0
A35: 电气机械和器材制造业 | C35: 0 | D35: 0 | E35: 0 | F35: 0 | G35: 0 | H35: 0 | I35: 0 | J35: 0 | K35: 0 | L35: 0 | M35: 0 | O35: 0 | P35: 0 | Q35: 0 | R35: 0 | S35: 0 | T35: 0 | U35: 0 | V35: 0 | W35: 0 | X35: 0 | Y35: 0 | Z35: 0 | AA35: 0 | AB35: 0 | AC35: 0 | AD35: 0 | AE35: 0 | AF35: 0 | AG35: 0
A36: 计算机、通信和其他电子设备制造业 | C36: 0 | D36: 0 | E36: 0 | F36: 0 | G36: 0 | H36: 0 | I36: 0 | J36: 0 | K36: 0 | L36: 0 | M36: 0 | O36: 0 | P36: 0 | Q36: 0 | R36: 0 | S36: 0 | T36: 0 | U36: 0 | V36: 0 | W36: 0 | X36: 0 | Y36: 0 | Z36: 0 | AA36: 0 | AB36: 0 | AC36: 0 | AD36: 0 | AE36: 0 | AF36: 0 | AG36: 0
A37: 仪器仪表制造业 | C37: 0 | D37: 0 | E37: 0 | F37: 0 | G37: 0 | H37: 0 | I37: 0 | J37: 0 | K37: 0 | L37: 0 | M37: 0 | O37: 0 | P37: 0 | Q37: 0 | R37: 0 | S37: 0 | T37: 0 | U37: 0 | V37: 0 | W37: 0 | X37: 0 | Y37: 0 | Z37: 0 | AA37: 0 | AB37: 0 | AC37: 0 | AD37: 0 | AE37: 0 | AF37: 0 | AG37: 0
A38: 其他制造业 | C38: 0 | D38: 0 | E38: 0 | F38: 0 | G38: 0 | H38: 0 | I38: 0 | J38: 0 | K38: 0 | L38: 0 | M38: 0 | O38: 0 | P38: 0 | Q38: 0 | R38: 0 | S38: 0 | T38: 0 | U38: 0 | V38: 0 | W38: 0 | X38: 0 | Y38: 0 | Z38: 0 | AA38: 0 | AB38: 0 | AC38: 0 | AD38: 0 | AE38: 0 | AF38: 0 | AG38: 0
A39: 废弃资源综合利用业 | C39: 0 | D39: 0 | E39: 0 | F39: 0 | G39: 0 | H39: 0 | I39: 0 | J39: 0 | K39: 0 | L39: 0 | M39: 0 | O39: 0 | P39: 0 | Q39: 0 | R39: 0 | S39: 0 | T39: 0 | U39: 0 | V39: 0 | W39: 0 | X39: 0 | Y39: 0 | Z39: 0 | AA39: 0 | AB39: 0 | AC39: 0 | AD39: 0 | AE39: 0 | AF39: 0 | AG39: 0
A40: 金属制品、机械和设备修理业 | C40: 0 | D40: 0 | E40: 0 | F40: 0 | G40: 0 | H40: 0 | I40: 0 | J40: 0 | K40: 0 | L40: 0 | M40: 0 | O40: 0 | P40: 0 | Q40: 0 | R40: 0 | S40: 0 | T40: 0 | U40: 0 | V40: 0 | W40: 0 | X40: 0 | Y40: 0 | Z40: 0 | AA40: 0 | AB40: 0 | AC40: 0 | AD40: 0 | AE40: 0 | AF40: 0 | AG40: 0
A41: 电力、热力生产和供应业 | C41: 0 | D41: 0 | E41: 0 | F41: 0 | G41: 0 | H41: 0 | I41: 0 | J41: 0 | K41: 0 | L41: 0 | M41: 0 | O41: 0 | P41: 0 | Q41: 0 | R41: 0 | S41: 0 | T41: 0 | U41: 0 | V41: 0 | W41: 0 | X41: 0 | Y41: 0 | Z41: 0 | AA41: 0 | AB41: 0 | AC41: 0 | AD41: 0 | AE41: 0 | AF41: 0 | AG41: 0
A42: 燃气生产和供应业 | C42: 0 | D42: 0 | E42: 0 | F42: 0 | G42: 0 | H42: 0 | I42: 0 | J42: 0 | K42: 0 | L42: 0 | M42: 0 | O42: 0 | P42: 0 | Q42: 0 | R42: 0 | S42: 0 | T42: 0 | U42: 0 | V42: 0 | W42: 0 | X42: 0 | Y42: 0 | Z42: 0 | AA42: 0 | AB42: 0 | AC42: 0 | AD42: 0 | AE42: 0 | AF42: 0 | AG42: 0
A43: 水的生产和供应业 | C43: 0 | D43: 0 | E43: 0 | F43: 0 | G43: 0 | H43: 0 | I43: 0 | J43: 0 | K43: 0 | L43: 0 | M43: 0 | O43: 0 | P43: 0 | Q43: 0 | R43: 0 | S43: 0 | T43: 0 | U43: 0 | V43: 0 | W43: 0 | X43: 0 | Y43: 0 | Z43: 0 | AA43: 0 | AB43: 0 | AC43: 0 | AD43: 0 | AE43: 0 | AF43: 0 | AG43: 0
A49: 各燃料用作工业原料的拆分原则
A51: 原煤：煤炭作为原料主要用于炼焦和气化。 | H51: 原油：主要用作燃料和炼制其他油品。2020-2022能源年鉴中原油都没有作为原料使用。 | R51: 石蜡：石蜡分食品级和工业级。工业级石蜡主要用于制造蜡烛等化工品。 | AA51: 天然气：作为化工原料，生产丙烷、丁烷、合成氨等化工原料。生产氮肥。
A52: 煤化工产业链 | H52: 若有，可将其全部划分为化工行业。 | R52: 还可以用于制造某些文化用品（如蜡纸、蜡笔、蜡烛、复写纸）和木制品防蛀。 | AD52: 原料分配
A53: 1.煤焦化，制焦炭，煤焦油，焦煤气，对应炼焦环节的原煤与洗精煤消费 | K53: 原料分配 | R53: 食品级石蜡可用于食品制造、口服药制造。 | AA53: 化学原料和化学制品制造业 | AD53: 1
A54: 2.煤气化：煤炭-合成气-制合成氨，水煤气，甲醇，属于石油，煤炭及其他燃料加工业 | H54: 化学原料和化学制品制造业 | K54: 1 | U54: 2019终端能源消费量 | V54: 原料分配
A55: 3.煤液化：直接液化制造甲醇，烯烃和汽油等液体燃料，属于石油，煤炭及其他燃料加工业 | R55: 食品制造业 | U55: ='Final Energy Consumption-2019'!T11 -> 0.41 | V55: =U55/SUM(U55:U59) -> 0.0016051993 | AA55: 液化天然气：同天然气。
A56: 基于工业企业数据库，甲醇生产主要分布于有机化学原料制造业，和专化学用品制造， | H56: 汽油：作为原料使用主要是溶剂汽油。用于橡胶行业、油漆、油脂、染料(化学原料和化学制品业)， | R56: 木材加工和木、竹、藤、棕、草制品业 /家具制造业 | U56: ='Final Energy Consumption-2019'!T17 -> 1.71 | V56: =U56/SUM(U55:U59) -> 0.0066948555 | AD56: 原料分配
A57: 以及炼焦及氮肥制造业的副产品，固按照行业煤炭使用量分配原煤和型煤的非燃料使用 | K57: 2019终端能源消费量 | L57: 原料分配 | R57: 文教、工美、体育和娱乐用品制造业 | U57: ='Final Energy Consumption-2019'!T21 -> 0.53 | V57: =U57/SUM(U55:U59) -> 0.0020750137 | AA57: 化学原料和化学制品制造业 | AD57: 1
B58: 2019终端能源消费量 | C58: 原料分配 | H58: 橡胶和塑料制品业 | K58: ='Final Energy Consumption-2019'!N26 -> 9.45 | L58: =K58/SUM(K58:K60) -> 0.41158537 | R58: 化学原料和化学制品制造业 | U58: ='Final Energy Consumption-2019'!T23 -> 252.74 | V58: =U58/SUM(U55:U59) -> 0.98950748
A59: 石油、煤炭及其他燃料加工业 | B59: ='Final Energy Consumption-2019'!C22 -> 1309.11 | C59: =B59/(B59+B60+B61) -> 0.06164399 | H59: 化学原料和化学制品制造业 | K59: ='Final Energy Consumption-2019'!N23 -> 12.09 | L59: =K59/SUM(K58:K60) -> 0.52656794 | R59: 医药制造业 | U59: ='Final Energy Consumption-2019'!T24 -> 0.03 | V59: =U59/SUM(U55:U59) -> 0.00011745361 | AA59: 其他能源：包括城市垃圾、工业废料、生物质废料等
A60: 化学原料和化学制品制造业 | B60: ='Final Energy Consumption-2019'!C23 -> 11475.78 | C60: =B60/(B59+B60+B61) -> 0.54037695 | H60: 石油、煤炭及其他燃料加工业 | K60: ='Final Energy Consumption-2019'!N22 -> 1.42 | L60: =K60/SUM(K58:K60) -> 0.06184669 | AA60: 城市垃圾、工业废料可以作为生态水泥的原料。
A61: 黑色金属冶炼和压延加工业 | B61: ='Final Energy Consumption-2019'!C28 -> 8451.73 | C61: =B61/SUM(B59:B61) -> 0.39797906 | H61: 煤油：作为原料使用主要用于器械零部件的洗涤剂、橡胶和制药工业的溶剂、有机化工的裂解原料 | R61: 溶剂油：主要用作化工原料 | AD61: 2019终端能源消费量 | AE61: 原料分配
K62: 2022终端用能 | L62: 原料分配 | U62: 2019终端能源消费量 | V62: 原料分配 | AA62: 石油、煤炭及其他燃料加工业 | AD62: ='Final Energy Consumption-2019'!AE22 -> 6.16 | AE62: =AD62/SUM(AD62:AD65) -> 0.015074762
A63: 洗精煤：洗精煤作为原料主要用于炼焦。 | H63: 橡胶和塑料制品业 | K63: ='Final Energy Consumption-2019'!O27 -> 0.83 | L63: =K63/SUM(K63:K66) -> 0.16210938 | R63: 石油、煤炭及其他燃料加工业 | U63: ='Final Energy Consumption-2019'!U22 -> 6.03 | V63: =U63/SUM(U63:U65) -> 0.068035654 | AA63: 化学原料和化学制品制造业 | AD63: ='Final Energy Consumption-2019'!AE23 -> 90.95 | AE63: =AD63/SUM(AD62:AD65) -> 0.22257299
B64: 原料分配 | H64: 化学原料和化学制品制造业 | K64: ='Final Energy Consumption-2019'!O23 -> 1.9 | L64: =K64/SUM(K63:K66) -> 0.37109375 | R64: 化学原料和化学制品制造业 | U64: ='Final Energy Consumption-2019'!U23 -> 82.44 | V64: =U64/SUM(U63:U65) -> 0.93015909 | AA64: 非金属矿物制品 | AD64: ='Final Energy Consumption-2019'!AE27 -> 90.04 | AE64: =AD64/SUM(AD62:AD65) -> 0.22034603
A65: 石油、煤炭及其他燃料加工业 | B65: 1 | H65: 通用设备制造业 | K65: ='Final Energy Consumption-2019'!O31 -> 1.62 | L65: =K65/SUM(K63:K66) -> 0.31640625 | R65: 非金属矿物制品业 | U65: ='Final Energy Consumption-2019'!U27 -> 0.16 | V65: =U65/SUM(U63:U65) -> 0.0018052578 | AA65: 农副食品加工业 | AD65: ='Final Energy Consumption-2019'!AE10 -> 221.48 | AE65: =AD65/SUM(AD62:AD65) -> 0.54200622
H66: 专用设备制造业 | K66: ='Final Energy Consumption-2019'!O32 -> 0.77 | L66: =K66/SUM(K63:K66) -> 0.15039063 | R66: 石油沥青：主要是生产沥青混合物用于道路铺设，生产涂料和防水材料。
A67: 其他洗煤：作为原料主要用于炼制土焦和水泥熟料的生产。 | U67: 2019终端能源消费量 | V67: 原料分配
B68: 2019终端能源消费量 | C68: 原料分配 | H68: 柴油：生物柴油可作为润滑剂、油漆和化妆品的工业原料。 | R68: 化学原料和化学制品制造业 | U68: ='Final Energy Consumption-2019'!V23 -> 1.52 | V68: =U68/SUM(U68:U70) -> 0.0061379422
A69: 石油、煤炭及其他燃料加工业 | B69: ='Final Energy Consumption-2019'!E22 -> 1151.35 | C69: =B69/SUM(B69:B71) -> 0.11249145 | K69: 原料分配 | R69: 非金属矿物制品业 | U69: ='Final Energy Consumption-2019'!V27 -> 241.25 | V69: =U69/SUM(U68:U70) -> 0.97419641
A70: 非金属矿物制品业 | B70: ='Final Energy Consumption-2019'!E27 -> 8413.71 | C70: =B70/SUM(B69:B71) -> 0.82205276 | H70: 化学原料和化学制品制造业 | K70: 1 | R70: 石油、煤炭及其他燃料加工业 | U70: ='Final Energy Consumption-2019'!V22 -> 4.87 | V70: =U70/SUM(U68:U70) -> 0.019665644
A71: 黑色金属冶炼和压延加工业 | B71: ='Final Energy Consumption-2019'!E28 -> 669.94 | C71: =B71/SUM(B69:B71) -> 0.065455789 | R71: 石油焦的主要用途是电解铝所用的预焙阳极和阳极糊、碳素行业生产增炭剂、石墨电极、冶炼工业硅
H72: 燃料油：燃料油作为工业原料主要用于生产化肥。 | U72: 2019终端能源消费量 | V72: 原料分配
A73: 煤制品、煤矸石：同其他洗煤。 | K73: 2019终端能源消费量 | L73: 原料分配 | R73: 有色金属冶炼和压延业 | U73: ='Final Energy Consumption-2019'!W29 -> 262.09 | V73: =U73/(U73+U74) -> 0.096762165
H74: 化学原料和化学制品制造业 | K74: ='Final Energy Consumption-2019'!Q23 -> 44.02 | L74: =K74/SUM(K74:K75) -> 0.61652661 | R74: 非金属矿物制品业 | U74: ='Final Energy Consumption-2019'!W27 -> 2446.51 | V74: =U74/SUM(U73:U74) -> 0.90323784
A75: 焦炭：作为原料主要用于冶金还原剂和化工原料。 | H75: 石油、煤炭及其他燃料加工业 | K75: ='Final Energy Consumption-2019'!Q22 -> 27.38 | L75: =K75/SUM(K74:K75) -> 0.38347339
B76: 2019终端能源消费量 | C76: 原料分配 | H76: 石脑油：石脑油是裂解制取烯烃，催化重整苯、二甲苯、汽油的工业原料。也是制取化肥的原料。 | R76: 液化石油气：作为一种基本化工原料，液化石油气经过分离得到乙烯、丙烯、丁烯、丁二烯等，
A77: 化学原料和化学制品制造业 | B77: ='Final Energy Consumption-2019'!F23 -> 3955.42 | C77: =B77/SUM(B77:B78) -> 0.091554672 | K77: 2019终端能源消费量 | L77: 原料分配 | R77: 用来生产合成树脂、合成橡胶、合成纤维及生产医药、炸药、染料等产品。
A78: 黑色金属冶炼和压延加工业 | B78: ='Final Energy Consumption-2019'!F28 -> 39247.4 | C78: =B78/SUM(B77:B78) -> 0.90844533 | H78: 石油、煤炭及其他燃料加工业 | K78: ='Final Energy Consumption-2019'!R22 -> 1390.01 | L78: =K78/(K78+K79) -> 0.24832116 | U78: 2019终端能源消费量 | V78: 原料分配
H79: 化学原料和化学制品制造业 | K79: ='Final Energy Consumption-2019'!R23 -> 4207.62 | L79: =K79/SUM(K78:K79) -> 0.75167884 | R79: 石油、煤炭及其他燃料加工业 | U79: ='Final Energy Consumption-2019'!X22 -> 1057.39 | V79: =U79/(U79+U80) -> 0.499622
A80: 焦炉、高炉、转炉和其他煤气：作为原料主要用于化工原料。比如制取氢气、 | R80: 化学原料和化学制品制造业 | U80: ='Final Energy Consumption-2019'!X23 -> 1058.99 | V80: =U80/SUM(U79:U80) -> 0.500378
A81: 天然气、合成氨等。 | H81: 润滑油：润滑油可以用作能源化工、车用制造和设备制造。
B82: 原料分配 | K82: 2019终端能源消费量 | L82: 原料分配 | R82: 炼厂干气：化工原料。
A83: 化学原料和化学制品制造业 | B83: 1 | H83: 石油、煤炭及其他燃料加工业 | K83: ='Final Energy Consumption-2019'!S22 -> 219.89 | L83: =K83/SUM(K83:K87) -> 0.93498597 | U83: 原料分配
H84: 通用设备制造业 | K84: ='Final Energy Consumption-2019'!S31 -> 2.92 | L84: =K84/SUM(K83:K87) -> 0.012416022 | R84: 石油、煤炭及其他燃料加工业 | U84: 1
A85: 其他焦化产品：主要包括煤焦油、化学产品（如氨、粗苯等）。 | H85: 专用设备制造业 | K85: ='Final Energy Consumption-2019'!S32 -> 2.89 | L85: =K85/SUM(K83:K87) -> 0.01228846
A86: 作为原料主要用做化工原料。 | H86: 汽车制造业 | K86: ='Final Energy Consumption-2019'!S33 -> 9.25 | L86: =K86/SUM(K83:K87) -> 0.039331576 | R86: 其他石油制品：划分至煤化工和化工行业。
B87: 2019终端能源消费量 | C87: 原料分配 | H87: 铁路、船舶、航空航天和其他运输设备制造业 | K87: ='Final Energy Consumption-2019'!S34 -> 0.23 | L87: =K87/SUM(K83:K87) -> 0.00097797432 | U87: 2019终端能源消费量 | V87: 原料分配
A88: 石油、煤炭及其他燃料加工业 | B88: ='Final Energy Consumption-2019'!K22 -> 143.22 | C88: =B88/SUM($B$88:$B$91) -> 0.13081125 | R88: 石油、煤炭及其他燃料加工业 | U88: ='Final Energy Consumption-2019'!Z22 -> 4537.82 | V88: =U88/(U88+U89) -> 0.75957965
A89: 化学原料和化学制品制造业 | B89: ='Final Energy Consumption-2019'!K23 -> 624.81 | C89: =B89/SUM($B$88:$B$91) -> 0.5706757 | R89: 化学原料和化学制品制造业 | U89: ='Final Energy Consumption-2019'!Z23 -> 1436.3 | V89: =U89/SUM(U88:U89) -> 0.24042035
A90: 非金属矿物制品业 | B90: ='Final Energy Consumption-2019'!K27 -> 22.25 | C90: =B90/SUM($B$88:$B$91) -> 0.020322233
A91: 黑色金属冶炼和压延加工业 | B91: ='Final Energy Consumption-2019'!K28 -> 304.58 | C91: =B91/SUM($B$88:$B$91) -> 0.27819082

Sheet Final Energy Consumption-2020
A1: 4-2 工业分行业终端能源消费量(实物量)-2020
A2: 行 业 | B2: 煤合计_x000D_ (万吨)_x000D_ Coal Total_x000D_ (104 tons) | C2: 原煤_x000D_ (万吨)_x000D_ Raw Coal_x000D_ (104 tons) | D2: 洗精煤_x000D_ (万吨)_x000D_ Cleaned_x000D_ Coal_x000D_ (104 tons) | E2: 其他洗煤_x000D_ (万吨)_x000D_ Other_x000D_ Washed Coal_x000D_ (104 tons) | F2: 焦炭_x000D_ (万吨)_x000D_ Coke_x000D_ (104 tons) | G2: 焦炉煤气_x000D_ (亿立方米)_x000D_ Coke Oven_x000D_ Gas_x000D_ (108 cu.m) | H2: 高炉煤气_x000D_ (亿立方米)_x000D_ Blast Furnace_x000D_ Gas_x000D_ (108 cu.m) | I2: 转炉煤气_x000D_ (亿立方米)_x000D_ Converter_x000D_ Gas_x000D_ (108 cu.m) | J2: 其他煤气_x000D_ (亿立方米)_x000D_ Other Gas_x000D_ (108 cu.m) | K2: 其他焦化产品_x000D_ (万吨)_x000D_ Other Coking_x000D_ Products_x000D_ (104 tons) | L2: 油品合计_x000D_ (万吨)_x000D_ Petroleum_x000D_ Products Total_x000D_ (104 tons) | M2: 原油_x000D_ (万吨)_x000D_ Crude Oil_x000D_ (104 tons) | N2: 汽油_x000D_ (万吨)_x000D_ Gasoline_x000D_ (104 tons) | O2: 煤油_x000D_ (万吨)_x000D_ Kerosene_x000D_ (104 tons) | P2: 柴油_x000D_ (万吨)_x000D_ Diesel Oil_x000D_ (104 tons) | Q2: 燃料油_x000D_ (万吨)_x000D_ Fuel Oil_x000D_ (104 tons) | R2: 石脑油_x000D_ (万吨)_x000D_ Naphtha_x000D_ (104 tons) | S2: 润滑油_x000D_ (万吨)_x000D_ Lubricants_x000D_ (104 tons) | T2: 石蜡_x000D_ (万吨)_x000D_ Paraffin_x000D_ Waxes_x000D_ (104 tons) | U2: 溶剂油_x000D_ (万吨)_x000D_ White Spirit_x000D_ (104 tons) | V2: 石油沥青_x000D_ (万吨)_x000D_ Bitumen_x000D_ Asphalt_x000D_ (104 tons) | W2: 石油焦_x000D_ (万吨)_x000D_ Petroleum_x000D_ Coke_x000D_ (104 tons) | X2: 液化石油气_x000D_ (万吨)_x000D_ Liquefied_x000D_ Petroleum Gas_x000D_ (104 tons) | Y2: 炼厂干气_x000D_ (万吨)_x000D_ Refinery_x000D_ Gas_x000D_ (104 tons) | Z2: 其他石油制品_x000D_ (万吨)_x000D_ Other Petroleum_x000D_ Products_x000D_ (104 tons) | AA2: 天然气_x000D_ (亿立方米)_x000D_ Natural Gas_x000D_ (108 cu.m) | AB2: 液化天然气_x000D_ (万吨)_x000D_ Liquefied_x000D_ Natural Gas_x000D_ (104 tons) | AC2: 热力_x000D_ (万百万千焦)_x000D_ Heat_x000D_ (1010 kJ) | AD2: 电力_x000D_ (亿千瓦小时)_x000D_ Electricity_x000D_ (108 kW·h) | AE2: 其他能源_x000D_ (万吨标准煤)_x000D_ Other Energy_x000D_ (104 tce)
A3: 煤炭开采和洗选业 | B3: 1987.31 | C3: 1115.16 | E3: 867.99 | F3: 4.91 | G3: 0.95 | H3: 0.39 | J3: 1.13 | K3: 0.57 | L3: 332.66 | M3: 0.08 | N3: 3.22 | O3: 0.61 | P3: 147.42 | Q3: 0.2 | R3: 142.6 | S3: 1.22 | V3: 0.36 | X3: 36.44 | Z3: 0.5 | AA3: 8.66 | AB3: 15.21 | AC3: 627.63 | AD3: 908.81 | AE3: 1.13
A4: 石油和天然气开采业 | B4: 65.59 | C4: 65.59 | L4: 305.5 | M4: 247.51 | N4: 5.65 | P4: 25 | Q4: 0.3 | S4: 0.01 | X4: 0.1 | Y4: 10.63 | Z4: 16.31 | AA4: 126.49 | AB4: 11.65 | AC4: 2685.32 | AD4: 463.32
A5: 黑色金属矿采选业 | B5: 163.66 | C5: 150.61 | E5: 5.14 | F5: 169.63 | G5: 2.77 | H5: 19.7 | I5: 0.1 | L5: 35.8 | N5: 0.6 | O5: 0.01 | P5: 34.89 | Q5: 0.01 | S5: 0.29 | AA5: 0.05 | AC5: 130.58 | AD5: 447.44 | AE5: 2.39
A6: 有色金属矿采选业 | B6: 76.01 | C6: 74.75 | E6: 1.25 | F6: 3.65 | G6: 1.01 | L6: 19.3 | N6: 1.07 | O6: 0.4 | P6: 16.57 | Q6: 0.52 | S6: 0.04 | V6: 0.4 | W6: 0.31 | AA6: 0.83 | AC6: 0.34 | AD6: 329.47 | AE6: 6.01
A7: 非金属矿采选业 | B7: 285.91 | C7: 246.51 | E7: 33.63 | F7: 14.73 | G7: 1.66 | I7: 1.22 | L7: 50.26 | N7: 0.77 | O7: 0.01 | P7: 47.82 | Q7: 0.04 | S7: 0.16 | V7: 0.59 | W7: 0.73 | X7: 0.06 | Z7: 0.07 | AA7: 0.84 | AB7: 17.34 | AC7: 2289.53 | AD7: 225.7 | AE7: 0.33
A8: 开采专业及辅助性活动 | B8: 3.33 | C8: 3.33 | L8: 108.59 | M8: 0.09 | N8: 2.59 | P8: 105.17 | Q8: 0.07 | S8: 0.44 | X8: 0.06 | Z8: 0.17 | AA8: 2.97 | AB8: 0.5 | AC8: 251.17 | AD8: 29.53
A9: 其他采矿业 | B9: 8.29 | C9: 8.29 | L9: 0.23 | P9: 0.23 | AD9: 161.71
A10: 农副食品加工业 | B10: 772.08 | C10: 700.34 | E10: 67.55 | F10: 14 | G10: 0.03 | J10: 0.14 | L10: 20.7 | N10: 4.85 | O10: 0.04 | P10: 12.33 | Q10: 0.93 | S10: 0.03 | T10: 0.02 | U10: 1.34 | X10: 0.97 | Z10: 0.18 | AA10: 4.2 | AB10: 187.09 | AC10: 8733.15 | AD10: 842.42 | AE10: 186.82
A11: 食品制造业 | B11: 846.89 | C11: 837.51 | E11: 2.91 | F11: 1.84 | L11: 11.33 | N11: 3.69 | O11: 0.01 | P11: 5.01 | Q11: 0.43 | S11: 0.01 | X11: 1.21 | Z11: 0.97 | AA11: 13.87 | AB11: 89.28 | AC11: 8795.58 | AD11: 334.09 | AE11: 38.62
A12: 酒、饮料和精制茶制造业 | B12: 404.07 | C12: 397.26 | E12: 4.98 | F12: 0.01 | G12: 0.02 | J12: 0.02 | K12: 0.01 | L12: 5.81 | N12: 1.82 | P12: 2.89 | Q12: 0.39 | S12: 0.01 | X12: 0.7 | Z12: 0.01 | AA12: 9.97 | AB12: 34.71 | AC12: 5889.74 | AD12: 176.06 | AE12: 15.13
A13: 烟草制品业 | B13: 4.07 | C13: 4.07 | L13: 0.68 | N13: 0.08 | P13: 0.55 | X13: 0.04 | AA13: 1.14 | AC13: 214.86 | AD13: 50.87 | AE13: 2.23
A14: 纺织业 | B14: 285.95 | C14: 231.19 | E14: 7.28 | F14: 3.93 | L14: 11.87 | N14: 3.27 | O14: 0.01 | P14: 3.8 | Q14: 1.17 | S14: 0.1 | V14: 1.58 | X14: 1.36 | Z14: 0.57 | AA14: 15.9 | AB14: 252.62 | AC14: 32049.84 | AD14: 1650.38 | AE14: 52.08
A15: 纺织服装、服饰业 | B15: 28.66 | C15: 28.28 | E15: 0.3 | F15: 0.04 | L15: 5.57 | N15: 2.89 | P15: 2.16 | Q15: 0.25 | S15: 0.02 | X15: 0.2 | Z15: 0.03 | AA15: 1.01 | AB15: 76.67 | AC15: 321.44 | AD15: 220.24 | AE15: 6.26
A16: 皮革、毛皮、羽毛及其制品和制鞋业 | B16: 17.8 | C16: 15.69 | E16: 0.03 | H16: 0.07 | L16: 3.13 | N16: 1.56 | P16: 1 | Q16: 0.14 | S16: 0.04 | U16: 0.1 | X16: 0.2 | Z16: 0.07 | AA16: 0.11 | AB16: 20.42 | AC16: 184.79 | AD16: 140.96 | AE16: 7.75
A17: 木材加工和木、竹、藤、棕、草制品业 | B17: 34 | C17: 33.47 | E17: 0.52 | F17: 0.01 | L17: 7.27 | N17: 1.27 | P17: 3.88 | Q17: 0.13 | S17: 0.07 | T17: 1.69 | X17: 0.24 | AA17: 2.81 | AB17: 2.29 | AC17: 694.28 | AD17: 283.98 | AE17: 81.03
A18: 家具制造业 | B18: 1.85 | C18: 1.66 | E18: 0.19 | F18: 0.06 | L18: 3.85 | N18: 1.63 | O18: 0.02 | P18: 1.88 | Q18: 0.06 | S18: 0.08 | X18: 0.18 | AA18: 1.37 | AB18: 2.23 | AC18: 76.15 | AD18: 120.74 | AE18: 3.13
A19: 造纸和纸制品业 | B19: 583.73 | C19: 512.11 | E19: 43.34 | F19: 7.93 | G19: 0.07 | L19: 15.49 | M19: 0.03 | N19: 1.63 | P19: 9.23 | Q19: 2.72 | S19: 0.09 | T19: 0.03 | U19: 0.26 | X19: 1.42 | Z19: 0.09 | AA19: 5.11 | AB19: 116.91 | AC19: 22715.18 | AD19: 798.25 | AE19: 62.84
A20: 印刷和记录媒介复制业 | B20: 13 | C20: 12.14 | E20: 0.32 | F20: 0.02 | G20: 0.4 | L20: 6.8 | N20: 2.83 | O20: 0.01 | P20: 3.12 | Q20: 0.16 | S20: 0.06 | U20: 0.02 | X20: 0.42 | Z20: 0.19 | AA20: 3.57 | AB20: 8.23 | AC20: 501.06 | AD20: 132.53 | AE20: 7.32
A21: 文教、工美、体育和娱乐用品制造业 | B21: 10.38 | C21: 9.91 | F21: 0.44 | L21: 16.83 | N21: 2.06 | P21: 1.98 | Q21: 0.27 | S21: 0.02 | T21: 0.51 | U21: 0.06 | W21: 11.07 | X21: 0.71 | Z21: 0.14 | AA21: 3.24 | AB21: 95.96 | AC21: 107.72 | AD21: 85.05 | AE21: 5.31
A22: 石油、煤炭及其他燃料加工业 | B22: 1902.55 | C22: 1138.29 | E22: 724.96 | F22: 56.52 | G22: 196.79 | H22: 100.16 | I22: 2.88 | J22: 2.57 | K22: 91.14 | L22: 11424.97 | M22: 52.25 | N22: 1.19 | O22: 0.03 | P22: 11.72 | Q22: 116.66 | R22: 1295.31 | S22: 241.32 | T22: 0.02 | U22: 1.05 | V22: 7.88 | W22: 219.55 | X22: 1519.62 | Y22: 1660.34 | Z22: 6298.03 | AA22: 27.44 | AB22: 573.8 | AC22: 66461.36 | AD22: 1283.3 | AE22: 52.1
A23: 化学原料和化学制品制造业 | B23: 12283.92 | C23: 11855.34 | E23: 229.71 | F23: 4059.94 | G23: 90.42 | H23: 9.42 | I23: 8.58 | J23: 13.37 | K23: 545.66 | L23: 8128.36 | M23: 118.23 | N23: 8.79 | O23: 2 | P23: 25.49 | Q23: 29.78 | R23: 4740.74 | S23: 1.19 | T23: 193.02 | U23: 39.65 | V23: 39.06 | W23: 84.9 | X23: 840.3 | Y23: 190.42 | Z23: 1814.8 | AA23: 186.67 | AB23: 1715.36 | AC23: 166792.84 | AD23: 5781.14 | AE23: 232.29
A24: 医药制造业 | B24: 412.05 | C24: 398.55 | E24: 3.33 | F24: 3.46 | G24: 0.15 | J24: 0.02 | K24: 0.01 | L24: 9.84 | N24: 2.98 | O24: 0.01 | P24: 3.76 | Q24: 1.5 | S24: 0.01 | T24: 0.03 | U24: 0.34 | X24: 0.46 | Z24: 0.76 | AA24: 7.99 | AB24: 81.89 | AC24: 11051.26 | AD24: 430.45 | AE24: 19.9
A25: 化学纤维制造业 | B25: 538.66 | C25: 358.56 | E25: 4.27 | F25: 0.07 | L25: 2.4 | N25: 0.37 | O25: 0.02 | P25: 1.11 | Q25: 0.63 | S25: 0.04 | U25: 0.09 | X25: 0.09 | Z25: 0.05 | AA25: 2.27 | AB25: 115.9 | AC25: 11070.11 | AD25: 450.37 | AE25: 14.79
A26: 橡胶和塑料制品业 | B26: 221.87 | C26: 199.29 | E26: 1.89 | F26: 1.98 | G26: 0.71 | K26: 2.56 | L26: 26.63 | M26: 0.05 | N26: 5.92 | O26: 0.05 | P26: 7.69 | Q26: 2.21 | S26: 0.54 | T26: 1.26 | U26: 0.5 | V26: 2.89 | X26: 2.55 | Y26: 0.01 | Z26: 2.98 | AA26: 8.28 | AB26: 76.83 | AC26: 3125.94 | AD26: 1480.76 | AE26: 13.85
A27: 非金属矿物制品业 | B27: 24112.5 | C27: 14089.42 | E27: 9828.51 | F27: 1463.15 | G27: 38.27 | H27: 46.12 | I27: 9.44 | J27: 8.48 | K27: 16.56 | L27: 3221.74 | M27: 0.37 | N27: 12.92 | O27: 0.53 | P27: 232.27 | Q27: 58.29 | S27: 0.79 | T27: 0.89 | U27: 0.26 | V27: 280.82 | W27: 2564.62 | X27: 54.47 | Y27: 0.08 | Z27: 15.45 | AA27: 42.44 | AB27: 1332.74 | AC27: 4785.73 | AD27: 3929.53 | AE27: 83.03
A28: 黑色金属冶炼和压延加工业 | B28: 9801.55 | C28: 8804.84 | E28: 884.1 | F28: 40335.4 | G28: 353.69 | H28: 8350.98 | I28: 622.16 | J28: 1.57 | K28: 329.03 | L28: 76.53 | N28: 2.5 | O28: 0.02 | P28: 40.95 | Q28: 0.27 | S28: 1.29 | T28: 0.01 | W28: 21.3 | X28: 8.85 | Y28: 0.92 | Z28: 0.4 | AA28: 48.3 | AB28: 691.75 | AC28: 18749.02 | AD28: 6785.56 | AE28: 47.29
A29: 有色金属冶炼和压延加工业 | B29: 2309.03 | C29: 2019.58 | E29: 280.49 | F29: 399.66 | G29: 23.62 | I29: 1.85 | J29: 68.75 | K29: 9.79 | L29: 318.82 | M29: 0.21 | N29: 2.48 | O29: 0.37 | P29: 24.24 | Q29: 7.72 | S29: 0.48 | T29: 0.01 | U29: 0.1 | V29: 15.7 | W29: 257.88 | X29: 2.77 | Z29: 6.86 | AA29: 21.89 | AB29: 219.18 | AC29: 21665.46 | AD29: 7132.92 | AE29: 7.08
A30: 金属制品业 | B30: 242.3 | C30: 189.96 | E30: 51.18 | F30: 589.1 | G30: 3.21 | H30: 94.58 | I30: 3.04 | J30: 0.63 | K30: 3.01 | L30: 29.43 | N30: 8.24 | O30: 0.3 | P30: 13.11 | Q30: 0.75 | S30: 0.66 | T30: 0.03 | U30: 0.02 | V30: 0.19 | X30: 5.59 | Z30: 0.53 | AA30: 13.52 | AB30: 439.91 | AC30: 629.6 | AD30: 1551.86 | AE30: 4.64
A31: 通用设备制造业 | B31: 14.31 | C31: 12.55 | E31: 0.47 | F31: 412.08 | G31: 1.17 | H31: 0.24 | I31: 0.37 | L31: 35.56 | N31: 10.88 | O31: 1.44 | P31: 14.68 | Q31: 0.45 | R31: 0.03 | S31: 3.6 | T31: 0.14 | U31: 0.04 | X31: 2.77 | Z31: 1.53 | AA31: 10.43 | AB31: 84.84 | AC31: 351.42 | AD31: 1077.47 | AE31: 5.06
A32: 专用设备制造业 | B32: 10.65 | C32: 4.08 | G32: 0.33 | H32: 3.73 | J32: 0.5 | K32: 2.77 | L32: 35.42 | M32: 0.01 | N32: 8.3 | O32: 0.88 | P32: 15.01 | Q32: 0.38 | S32: 3.69 | T32: 0.03 | U32: 0.04 | X32: 3.92 | Z32: 3.16 | AA32: 5.28 | AB32: 93.55 | AC32: 833.26 | AD32: 498.54 | AE32: 4.35
A33: 汽车制造业 | B33: 16.78 | C33: 15.73 | E33: 0.06 | F33: 11.23 | G33: 0.06 | H33: 0.01 | I33: 0.01 | J33: 0.16 | L33: 41.86 | M33: 0.01 | N33: 13.62 | O33: 0.24 | P33: 16.33 | Q33: 0.17 | R33: 0.01 | S33: 8.36 | T33: 0.01 | U33: 0.12 | V33: 0.01 | X33: 1.6 | Z33: 1.38 | AA33: 6.88 | AB33: 159.38 | AC33: 2612.21 | AD33: 1182.79 | AE33: 2.32
A34: 铁路、船舶、航空航天和其他运输设备制造业 | B34: 35.24 | C34: 14.97 | E34: 20.27 | F34: 0.4 | G34: 0.24 | L34: 14.83 | N34: 2.71 | O34: 1.3 | P34: 7.59 | Q34: 0.98 | S34: 0.34 | T34: 0.22 | U34: 0.03 | X34: 1.31 | Z34: 0.33 | AA34: 4.99 | AB34: 127.43 | AC34: 592.46 | AD34: 159.76 | AE34: 0.24
A35: 电气机械和器材制造业 | B35: 10.44 | C35: 10.44 | F35: 0.7 | J35: 0.01 | L35: 24.36 | N35: 10.26 | O35: 0.12 | P35: 6.49 | Q35: 1.19 | S35: 1.89 | T35: 0.14 | U35: 0.09 | V35: 0.04 | W35: 0.31 | X35: 2.66 | Z35: 1.16 | AA35: 3.44 | AB35: 87.73 | AC35: 1397.41 | AD35: 942.86 | AE35: 4.76
A36: 计算机、通信和其他电子设备制造业 | B36: 15.82 | C36: 14.94 | E36: 0.87 | F36: 0.02 | G36: 0.05 | H36: 0.01 | L36: 12.54 | N36: 6.29 | O36: 0.02 | P36: 3.52 | Q36: 0.26 | S36: 0.32 | T36: 0.01 | U36: 0.03 | X36: 1.54 | Z36: 0.54 | AA36: 12.48 | AB36: 113.38 | AC36: 1255.34 | AD36: 1570.61 | AE36: 2.87
A37: 仪器仪表制造业 | B37: 2.06 | C37: 2.06 | L37: 3.83 | N37: 2.65 | O37: 0.04 | P37: 0.7 | Q37: 0.07 | S37: 0.08 | T37: 0.06 | X37: 0.09 | Z37: 0.13 | AA37: 0.52 | AB37: 2.71 | AC37: 68.26 | AD37: 77.23 | AE37: 1.21
A38: 其他制造业 | B38: 2.89 | C38: 2.84 | F38: 0.06 | H38: 0.69 | L38: 4.39 | N38: 0.45 | O38: 0.09 | P38: 0.83 | S38: 0.01 | T38: 0.07 | X38: 2.94 | AA38: 0.05 | AB38: 29.85 | AC38: 82.84 | AD38: 600.7 | AE38: 0.76
A39: 废弃资源综合利用业 | B39: 316.37 | C39: 77.46 | E39: 234.19 | F39: 68.85 | G39: 1.14 | H39: 10.96 | I39: 1.7 | K39: 0.6 | L39: 8.02 | N39: 0.24 | O39: 0.01 | P39: 4.09 | Q39: 0.65 | S39: 0.02 | W39: 2.73 | X39: 0.26 | Z39: 0.03 | AA39: 2.91 | AB39: 95.12 | AC39: 39.84 | AD39: 67.1 | AE39: 6
A40: 金属制品、机械和设备修理业 | B40: 1.18 | C40: 1.18 | G40: 0.06 | J40: 0.01 | L40: 6.09 | N40: 0.42 | O40: 0.79 | P40: 4.59 | Q40: 0.17 | S40: 0.1 | X40: 0.02 | AA40: 0.23 | AB40: 2.91 | AC40: 28.9 | AD40: 14.84
A41: 电力、热力生产和供应业 | B41: 425.55 | C41: 411.87 | E41: 0.98 | F41: 100.48 | G41: 0.08 | H41: 0.23 | K41: 0.25 | L41: 35.01 | M41: 0.16 | N41: 13.6 | P41: 18.81 | Q41: 0.72 | S41: 0.32 | W41: 0.01 | X41: 0.01 | Y41: 1.17 | Z41: 0.21 | AA41: 2.57 | AC41: 10084.04 | AD41: 5886.02 | AE41: 9.62
A42: 燃气生产和供应业 | B42: 185.16 | C42: 185.16 | G42: 1.69 | H42: 1.55 | J42: 0.28 | L42: 3.08 | N42: 2.28 | P42: 0.74 | S42: 0.03 | X42: 0.03 | Z42: 0.01 | AA42: 3.78 | AB42: 67.03 | AC42: 4070.13 | AD42: 169.53
A43: 水的生产和供应业 | B43: 3.72 | C43: 3.68 | L43: 3.05 | M43: 0.03 | N43: 1.79 | P43: 0.94 | Q43: 0.06 | T43: 0.02 | X43: 0.19 | AA43: 0.47 | AB43: 0.12 | AC43: 200.92 | AD43: 645.05

Sheet Feedstock Split-2020
B1: 煤合计_x000D_ (万吨)_x000D_ Coal Total_x000D_ (104 tons) | C1: 原煤_x000D_ (万吨)_x000D_ Raw Coal_x000D_ (104 tons) | D1: 洗精煤_x000D_ (万吨)_x000D_ Cleaned_x000D_ Coal_x000D_ (104 tons) | E1: 其他洗煤_x000D_ (万吨)_x000D_ Other_x000D_ Washed_x000D_ Coal_x000D_ (104 tons) | F1: 煤制品_x000D_ (万吨)_x000D_ Briquettes_x000D_ (104 tons) | G1: 煤矸石_x000D_ (万吨)_x000D_ Gangue_x000D_ (104 tons) | H1: 焦炭_x000D_ (万吨)_x000D_ Coke_x000D_ (104 tons) | I1: 焦炉煤气_x000D_ (亿立方米)_x000D_ Coke Oven_x000D_ Gas_x000D_ (108 cu.m) | J1: 高炉煤气_x000D_ (亿立方米)_x000D_ Blast Furnace_x000D_ Gas_x000D_ (108 cu.m) | K1: 转炉煤气_x000D_ (亿立方米)_x000D_ Converter_x000D_ Gas_x000D_ (108 cu.m) | L1: 其他煤气_x000D_ (亿立方米)_x000D_ Other Gas_x000D_ (108 cu.m) | M1: 其他焦化产品_x000D_ (万吨)_x000D_ Other_x000D_ Coking_x000D_ Products_x000D_ (104 tons) | N1: 油品合计_x000D_ (万吨)_x000D_ Petroleum_x000D_ Products_x000D_ Total_x000D_ (104 tons) | O1: 原油_x000D_ (万吨)_x000D_ Crude Oil_x000D_ (104 tons) | P1: 汽油_x000D_ (万吨)_x000D_ Gasoline_x000D_ (104 tons) | Q1: 煤油_x000D_ (万吨)_x000D_ Kerosene_x000D_ (104 tons) | R1: 柴油_x000D_ (万吨)_x000D_ Diesel Oil_x000D_ (104 tons) | S1: 燃料油_x000D_ (万吨)_x000D_ Fuel Oil_x000D_ (104 tons) | T1: 石脑油_x000D_ (万吨)_x000D_ Naphtha_x000D_ (104 tons) | U1: 润滑油_x000D_ (万吨)_x000D_ Lubricants_x000D_ (104 tons) | V1: 石蜡_x000D_ (万吨)_x000D_ Paraffin_x000D_ Waxes_x000D_ (104 tons) | W1: 溶剂油_x000D_ (万吨)_x000D_ White Spirit_x000D_ (104 tons) | X1: 石油沥青_x000D_ (万吨)_x000D_ Bitumen_x000D_ Asphalt_x000D_ (104 tons) | Y1: 石油焦_x000D_ (万吨)_x000D_ Petroleum_x000D_ Coke_x000D_ (104 tons) | Z1: 液化石油气_x000D_ (万吨)_x000D_ Liquefied_x000D_ Petroleum Gas_x000D_ (104 tons) | AA1: 炼厂干气_x000D_ (万吨)_x000D_ Refinery_x000D_ Gas_x000D_ (104 tons) | AB1: 其他石油制品_x000D_ (万吨)_x000D_ Other_x000D_ Petroleum_x000D_ Products_x000D_ (104 tons) | AC1: 天然气_x000D_ (亿立方米)_x000D_ Natural Gas_x000D_ (108 cu.m) | AD1: 液化天然气_x000D_ (万吨)_x000D_ Liquefied_x000D_ Natural Gas_x000D_ (104 tons) | AE1: 热力_x000D_ (万百万千焦)_x000D_ Heat_x000D_ (1010 kJ) | AF1: 电力_x000D_ (亿千瓦小时)_x000D_ Electricity_x000D_ (108 kW·h) | AG1: 其他能源_x000D_ (万吨标准煤)_x000D_ Other_x000D_ Energy_x000D_ (104 tce)
A2: 工业 | B2: =SUM(B3:B43) -> 0 | C2: =SUM(C3:C43) -> 1 | D2: =SUM(D3:D43) -> 1 | E2: =SUM(E3:E43) -> 1 | F2: =SUM(F3:F43) -> 1 | G2: =SUM(G3:G43) -> 1 | H2: =SUM(H3:H43) -> 1 | I2: =SUM(I3:I43) -> 1 | ... AG2: =SUM(AG3:AG43) -> 1
A3: 煤炭开采和洗选业 | C3: 0 | D3: 0 | E3: 0 | F3: 0 | G3: 0 | H3: 0 | I3: 0 | J3: 0 | K3: 0 | L3: 0 | M3: 0 | O3: 0 | P3: 0 | Q3: 0 | R3: 0 | S3: 0 | T3: 0 | U3: 0 | V3: 0 | W3: 0 | X3: 0 | Y3: 0 | Z3: 0 | AA3: 0 | AB3: 0 | AC3: 0 | AD3: 0 | AE3: 0 | AF3: 0 | AG3: 0
A4: 石油和天然气开采业 | C4: 0 | D4: 0 | E4: 0 | F4: 0 | G4: 0 | H4: 0 | I4: 0 | J4: 0 | K4: 0 | L4: 0 | M4: 0 | O4: 0 | P4: 0 | Q4: 0 | R4: 0 | S4: 0 | T4: 0 | U4: 0 | V4: 0 | W4: 0 | X4: 0 | Y4: 0 | Z4: 0 | AA4: 0 | AB4: 0 | AC4: 0 | AD4: 0 | AE4: 0 | AF4: 0 | AG4: 0
A5: 黑色金属矿采选业 | C5: 0 | D5: 0 | E5: 0 | F5: 0 | G5: 0 | H5: 0 | I5: 0 | J5: 0 | K5: 0 | L5: 0 | M5: 0 | O5: 0 | P5: 0 | Q5: 0 | R5: 0 | S5: 0 | T5: 0 | U5: 0 | V5: 0 | W5: 0 | X5: 0 | Y5: 0 | Z5: 0 | AA5: 0 | AB5: 0 | AC5: 0 | AD5: 0 | AE5: 0 | AF5: 0 | AG5: 0
A6: 有色金属矿采选业 | C6: 0 | D6: 0 | E6: 0 | F6: 0 | G6: 0 | H6: 0 | I6: 0 | J6: 0 | K6: 0 | L6: 0 | M6: 0 | O6: 0 | P6: 0 | Q6: 0 | R6: 0 | S6: 0 | T6: 0 | U6: 0 | V6: 0 | W6: 0 | X6: 0 | Y6: 0 | Z6: 0 | AA6: 0 | AB6: 0 | AC6: 0 | AD6: 0 | AE6: 0 | AF6: 0 | AG6: 0
A7: 非金属矿采选业 | C7: 0 | D7: 0 | E7: 0 | F7: 0 | G7: 0 | H7: 0 | I7: 0 | J7: 0 | K7: 0 | L7: 0 | M7: 0 | O7: 0 | P7: 0 | Q7: 0 | R7: 0 | S7: 0 | T7: 0 | U7: 0 | V7: 0 | W7: 0 | X7: 0 | Y7: 0 | Z7: 0 | AA7: 0 | AB7: 0 | AC7: 0 | AD7: 0 | AE7: 0 | AF7: 0 | AG7: 0
A8: 开采专业及辅助性活动 | C8: 0 | D8: 0 | E8: 0 | F8: 0 | G8: 0 | H8: 0 | I8: 0 | J8: 0 | K8: 0 | L8: 0 | M8: 0 | O8: 0 | P8: 0 | Q8: 0 | R8: 0 | S8: 0 | T8: 0 | U8: 0 | V8: 0 | W8: 0 | X8: 0 | Y8: 0 | Z8: 0 | AA8: 0 | AB8: 0 | AC8: 0 | AD8: 0 | AE8: 0 | AF8: 0 | AG8: 0
A9: 其他采矿业 | C9: 0 | D9: 0 | E9: 0 | F9: 0 | G9: 0 | H9: 0 | I9: 0 | J9: 0 | K9: 0 | L9: 0 | M9: 0 | O9: 0 | P9: 0 | Q9: 0 | R9: 0 | S9: 0 | T9: 0 | U9: 0 | V9: 0 | W9: 0 | X9: 0 | Y9: 0 | Z9: 0 | AA9: 0 | AB9: 0 | AC9: 0 | AD9: 0 | AE9: 0 | AF9: 0 | AG9: 0
A10: 农副食品加工业 | C10: 0 | D10: 0 | E10: 0 | F10: 0 | G10: 0 | H10: 0 | I10: 0 | J10: 0 | K10: 0 | L10: 0 | M10: 0 | O10: 0 | P10: 0 | Q10: 0 | R10: 0 | S10: 0 | T10: 0 | U10: 0 | V10: 0 | W10: 0 | X10: 0 | Y10: 0 | Z10: 0 | AA10: 0 | AB10: 0 | AC10: 0 | AD10: 0 | AE10: 0 | AF10: 0 | AG10: =AE65 -> 0.33707419
A11: 食品制造业 | C11: 0 | D11: 0 | E11: 0 | F11: 0 | G11: 0 | H11: 0 | I11: 0 | J11: 0 | K11: 0 | L11: 0 | M11: 0 | O11: 0 | P11: 0 | Q11: 0 | R11: 0 | S11: 0 | T11: 0 | U11: 0 | V11: =V55 -> 0 | W11: 0 | X11: 0 | Y11: 0 | Z11: 0 | AA11: 0 | AB11: 0 | AC11: 0 | AD11: 0 | AE11: 0 | AF11: 0 | AG11: 0
A12: 酒、饮料和精制茶制造业 | C12: 0 | D12: 0 | E12: 0 | F12: 0 | G12: 0 | H12: 0 | I12: 0 | J12: 0 | K12: 0 | L12: 0 | M12: 0 | O12: 0 | P12: 0 | Q12: 0 | R12: 0 | S12: 0 | T12: 0 | U12: 0 | V12: 0 | W12: 0 | X12: 0 | Y12: 0 | Z12: 0 | AA12: 0 | AB12: 0 | AC12: 0 | AD12: 0 | AE12: 0 | AF12: 0 | AG12: 0
A13: 烟草制品业 | C13: 0 | D13: 0 | E13: 0 | F13: 0 | G13: 0 | H13: 0 | I13: 0 | J13: 0 | K13: 0 | L13: 0 | M13: 0 | O13: 0 | P13: 0 | Q13: 0 | R13: 0 | S13: 0 | T13: 0 | U13: 0 | V13: 0 | W13: 0 | X13: 0 | Y13: 0 | Z13: 0 | AA13: 0 | AB13: 0 | AC13: 0 | AD13: 0 | AE13: 0 | AF13: 0 | AG13: 0
A14: 纺织业 | C14: 0 | D14: 0 | E14: 0 | F14: 0 | G14: 0 | H14: 0 | I14: 0 | J14: 0 | K14: 0 | L14: 0 | M14: 0 | O14: 0 | P14: 0 | Q14: 0 | R14: 0 | S14: 0 | T14: 0 | U14: 0 | V14: 0 | W14: 0 | X14: 0 | Y14: 0 | Z14: 0 | AA14: 0 | AB14: 0 | AC14: 0 | AD14: 0 | AE14: 0 | AF14: 0 | AG14: 0
A15: 纺织服装、服饰业 | C15: 0 | D15: 0 | E15: 0 | F15: 0 | G15: 0 | H15: 0 | I15: 0 | J15: 0 | K15: 0 | L15: 0 | M15: 0 | O15: 0 | P15: 0 | Q15: 0 | R15: 0 | S15: 0 | T15: 0 | U15: 0 | V15: 0 | W15: 0 | X15: 0 | Y15: 0 | Z15: 0 | AA15: 0 | AB15: 0 | AC15: 0 | AD15: 0 | AE15: 0 | AF15: 0 | AG15: 0
A16: 皮革、毛皮、羽毛及其制品和制鞋业 | C16: 0 | D16: 0 | E16: 0 | F16: 0 | G16: 0 | H16: 0 | I16: 0 | J16: 0 | K16: 0 | L16: 0 | M16: 0 | O16: 0 | P16: 0 | Q16: 0 | R16: 0 | S16: 0 | T16: 0 | U16: 0 | V16: 0 | W16: 0 | X16: 0 | Y16: 0 | Z16: 0 | AA16: 0 | AB16: 0 | AC16: 0 | AD16: 0 | AE16: 0 | AF16: 0 | AG16: 0
A17: 木材加工和木、竹、藤、棕、草制品业 | C17: 0 | D17: 0 | E17: 0 | F17: 0 | G17: 0 | H17: 0 | I17: 0 | J17: 0 | K17: 0 | L17: 0 | M17: 0 | O17: 0 | P17: 0 | Q17: 0 | R17: 0 | S17: 0 | T17: 0 | U17: 0 | V17: =V56 -> 0.0086555698 | W17: 0 | X17: 0 | Y17: 0 | Z17: 0 | AA17: 0 | AB17: 0 | AC17: 0 | AD17: 0 | AE17: 0 | AF17: 0 | AG17: 0
A18: 家具制造业 | C18: 0 | D18: 0 | E18: 0 | F18: 0 | G18: 0 | H18: 0 | I18: 0 | J18: 0 | K18: 0 | L18: 0 | M18: 0 | O18: 0 | P18: 0 | Q18: 0 | R18: 0 | S18: 0 | T18: 0 | U18: 0 | V18: 0 | W18: 0 | X18: 0 | Y18: 0 | Z18: 0 | AA18: 0 | AB18: 0 | AC18: 0 | AD18: 0 | AE18: 0 | AF18: 0 | AG18: 0
A19: 造纸和纸制品业 | C19: 0 | D19: 0 | E19: 0 | F19: 0 | G19: 0 | H19: 0 | I19: 0 | J19: 0 | K19: 0 | L19: 0 | M19: 0 | O19: 0 | P19: 0 | Q19: 0 | R19: 0 | S19: 0 | T19: 0 | U19: 0 | V19: 0 | W19: 0 | X19: 0 | Y19: 0 | Z19: 0 | AA19: 0 | AB19: 0 | AC19: 0 | AD19: 0 | AE19: 0 | AF19: 0 | AG19: 0
A20: 印刷和记录媒介复制业 | C20: 0 | D20: 0 | E20: 0 | F20: 0 | G20: 0 | H20: 0 | I20: 0 | J20: 0 | K20: 0 | L20: 0 | M20: 0 | O20: 0 | P20: 0 | Q20: 0 | R20: 0 | S20: 0 | T20: 0 | U20: 0 | V20: 0 | W20: 0 | X20: 0 | Y20: 0 | Z20: 0 | AA20: 0 | AB20: 0 | AC20: 0 | AD20: 0 | AE20: 0 | AF20: 0 | AG20: 0
A21: 文教、工美、体育和娱乐用品制造业 | C21: 0 | D21: 0 | E21: 0 | F21: 0 | G21: 0 | H21: 0 | I21: 0 | J21: 0 | K21: 0 | L21: 0 | M21: 0 | O21: 0 | P21: 0 | Q21: 0 | R21: 0 | S21: 0 | T21: 0 | U21: 0 | V21: =V57 -> 0.0026120359 | W21: 0 | X21: 0 | Y21: 0 | Z21: 0 | AA21: 0 | AB21: 0 | AC21: 0 | AD21: 0 | AE21: 0 | AF21: 0 | AG21: 0
A22: 石油、煤炭及其他燃料加工业 | C22: =C59 -> 0.052218803 | D22: =B65 -> 1 | E22: =C69 -> 0.063384093 | F22: =C69 -> 0.063384093 | G22: =C69 -> 0.063384093 | H22: 0 | I22: 0 | J22: 0 | K22: 0 | L22: 0 | M22: =C88 -> 0.092773746 | O22: 0 | P22: =L60 -> 0.074842767 | Q22: 0 | R22: =L71 -> 0 | S22: =L75 -> 0.79664026 | T22: =L78 -> 0.21459564 | U22: =L83 -> 0.93785706 | V22: 0 | W22: =V63 -> 0.025634766 | X22: =V70 -> 0.024041982 | Y22: 0 | Z22: =V79 -> 0.64392861 | AA22: =U84 -> 1 | AB22: =V88 -> 0.77630494 | AC22: 0 | AD22: 0 | AE22: 0 | AF22: 0 | AG22: =AE62 -> 0.094002598
A23: 化学原料和化学制品制造业 | C23: =C60 -> 0.54386111 | D23: 0 | E23: 0 | F23: 0 | G23: 0 | H23: =C77 -> 0.091449688 | I23: =B83 -> 1 | J23: =B83 -> 1 | K23: =B83 -> 1 | L23: =B83 -> 1 | M23: =C89 -> 0.55544132 | O23: =K54 -> 1 | P23: =L59 -> 0.55283019 | Q23: =L64 -> 0.41237113 | R23: =K70 -> 1 | S23: =L74 -> 0.20335974 | T23: =L79 -> 0.78540436 | U23: 0 | V23: =V58 -> 0.98857875 | W23: =V64 -> 0.96801758 | X23: =V68 -> 0.11917257 | Y23: =W68 -> 0 | Z23: =V80 -> 0.35607139 | AA23: 0 | AB23: =V89 -> 0.22369506 | AC23: =AD53 -> 1 | AD23: =AD57 -> 1 | AE23: 0 | AF23: 0 | AG23: =AE63 -> 0.41911446
A24: 医药制造业 | C24: 0 | D24: 0 | E24: 0 | F24: 0 | G24: 0 | H24: 0 | I24: 0 | J24: 0 | K24: 0 | L24: 0 | M24: 0 | O24: 0 | P24: 0 | Q24: 0 | R24: 0 | S24: 0 | T24: 0 | U24: 0 | V24: =V59 -> 0.00015364917 | W24: =W59 -> 0 | X24: 0 | Y24: 0 | Z24: 0 | AA24: 0 | AB24: 0 | AC24: 0 | AD24: 0 | AE24: 0 | AF24: 0 | AG24: 0
A25: 化学纤维制造业 | C25: 0 | D25: 0 | E25: 0 | F25: 0 | G25: 0 | H25: 0 | I25: 0 | J25: 0 | K25: 0 | L25: 0 | M25: 0 | O25: 0 | P25: 0 | Q25: 0 | R25: 0 | S25: 0 | T25: 0 | U25: 0 | V25: 0 | W25: 0 | X25: 0 | Y25: 0 | Z25: 0 | AA25: 0 | AB25: 0 | AC25: 0 | AD25: 0 | AE25: 0 | AF25: 0 | AG25: 0
A26: 橡胶和塑料制品业 | C26: 0 | D26: 0 | E26: 0 | F26: 0 | G26: 0 | H26: 0 | I26: 0 | J26: 0 | K26: 0 | L26: 0 | M26: 0 | O26: 0 | P26: =L58 -> 0.37232704 | Q26: =L63 -> 0.10927835 | R26: 0 | S26: 0 | T26: 0 | U26: 0 | V26: 0 | W26: 0 | X26: 0 | Y26: 0 | Z26: 0 | AA26: 0 | AB26: 0 | AC26: 0 | AD26: 0 | AE26: 0 | AF26: 0 | AG26: 0
A27: 非金属矿物制品业 | C27: 0 | D27: 0 | E27: =C70 -> 0.85931802 | F27: =C70 -> 0.85931802 | G27: =C70 -> 0.85931802 | H27: 0 | I27: 0 | J27: 0 | K27: 0 | L27: 0 | M27: =C90 -> 0.016856849 | O27: 0 | P27: 0 | Q27: 0 | R27: 0 | S27: 0 | T27: 0 | U27: 0 | V27: 0 | W27: =V65 -> 0.0063476563 | X27: =V69 -> 0.85678545 | Y27: =V74 -> 0.90863419 | Z27: 0 | AA27: 0 | AB27: 0 | AC27: 0 | AD27: 0 | AE27: 0 | AF27: 0 | AG27: =AE64 -> 0.14980875
A28: 黑色金属冶炼和压延加工业 | C28: =C61 -> 0.40392009 | D28: 0 | E28: =C71 -> 0.077297888 | F28: =C71 -> 0.077297888 | G28: =C71 -> 0.077297888 | H28: =C78 -> 0.90855031 | I28: 0 | J28: 0 | K28: 0 | L28: 0 | M28: =C91 -> 0.33492808 | O28: 0 | P28: 0 | Q28: 0 | R28: 0 | S28: 0 | T28: 0 | U28: 0 | V28: 0 | W28: 0 | X28: 0 | Y28: 0 | Z28: 0 | AA28: 0 | AB28: 0 | AC28: 0 | AD28: 0 | AE28: 0 | AF28: 0 | AG28: 0
A29: 有色金属冶炼和压延加工业 | C29: 0 | D29: 0 | E29: 0 | F29: 0 | G29: 0 | H29: 0 | I29: 0 | J29: 0 | K29: 0 | L29: 0 | M29: 0 | O29: 0 | P29: 0 | Q29: 0 | R29: 0 | S29: 0 | T29: 0 | U29: 0 | V29: 0 | W29: 0 | X29: 0 | Y29: =V73 -> 0.09136581 | Z29: 0 | AA29: 0 | AB29: 0 | AC29: 0 | AD29: 0 | AE29: 0 | AF29: 0 | AG29: 0
A30: 金属制品业 | C30: 0 | D30: 0 | E30: 0 | F30: 0 | G30: 0 | H30: 0 | I30: 0 | J30: 0 | K30: 0 | L30: 0 | M30: 0 | O30: 0 | P30: 0 | Q30: 0 | R30: 0 | S30: 0 | T30: 0 | U30: 0 | V30: 0 | W30: 0 | X30: 0 | Y30: 0 | Z30: 0 | AA30: 0 | AB30: 0 | AC30: 0 | AD30: 0 | AE30: 0 | AF30: 0 | AG30: 0
A31: 通用设备制造业 | C31: 0 | D31: 0 | E31: 0 | F31: 0 | G31: 0 | H31: 0 | I31: 0 | J31: 0 | K31: 0 | L31: 0 | M31: 0 | O31: 0 | P31: 0 | Q31: =L65 -> 0.29690722 | R31: 0 | S31: 0 | T31: 0 | U31: =L84 -> 0.013990906 | V31: 0 | W31: 0 | X31: 0 | Y31: 0 | Z31: 0 | AA31: 0 | AB31: 0 | AC31: 0 | AD31: 0 | AE31: 0 | AF31: 0 | AG31: 0
A32: 专用设备制造业 | C32: 0 | D32: 0 | E32: 0 | F32: 0 | G32: 0 | H32: 0 | I32: 0 | J32: 0 | K32: 0 | L32: 0 | M32: 0 | O32: 0 | P32: 0 | Q32: =L66 -> 0.1814433 | R32: 0 | S32: 0 | T32: 0 | U32: =L85 -> 0.014340679 | V32: 0 | W32: 0 | X32: 0 | Y32: 0 | Z32: 0 | AA32: 0 | AB32: 0 | AC32: 0 | AD32: 0 | AE32: 0 | AF32: 0 | AG32: 0
A33: 汽车制造业 | C33: 0 | D33: 0 | E33: 0 | F33: 0 | G33: 0 | H33: 0 | I33: 0 | J33: 0 | K33: 0 | L33: 0 | M33: 0 | O33: 0 | P33: 0 | Q33: 0 | R33: 0 | S33: 0 | T33: 0 | U33: =L86 -> 0.032489993 | V33: 0 | W33: 0 | X33: 0 | Y33: 0 | Z33: 0 | AA33: 0 | AB33: 0 | AC33: 0 | AD33: 0 | AE33: 0 | AF33: 0 | AG33: 0
A34: 铁路、船舶、航空航天和其他运输设备制造业 | C34: 0 | D34: 0 | E34: 0 | F34: 0 | G34: 0 | H34: 0 | I34: 0 | J34: 0 | K34: 0 | L34: 0 | M34: 0 | O34: 0 | P34: 0 | Q34: 0 | R34: 0 | S34: 0 | T34: 0 | U34: =L87 -> 0.0013213633 | V34: 0 | W34: 0 | X34: 0 | Y34: 0 | Z34: 0 | AA34: 0 | AB34: 0 | AC34: 0 | AD34: 0 | AE34: 0 | AF34: 0 | AG34: 0
A35: 电气机械和器材制造业 | C35: 0 | D35: 0 | E35: 0 | F35: 0 | G35: 0 | H35: 0 | I35: 0 | J35: 0 | K35: 0 | L35: 0 | M35: 0 | O35: 0 | P35: 0 | Q35: 0 | R35: 0 | S35: 0 | T35: 0 | U35: 0 | V35: 0 | W35: 0 | X35: 0 | Y35: 0 | Z35: 0 | AA35: 0 | AB35: 0 | AC35: 0 | AD35: 0 | AE35: 0 | AF35: 0 | AG35: 0
A36: 计算机、通信和其他电子设备制造业 | C36: 0 | D36: 0 | E36: 0 | F36: 0 | G36: 0 | H36: 0 | I36: 0 | J36: 0 | K36: 0 | L36: 0 | M36: 0 | O36: 0 | P36: 0 | Q36: 0 | R36: 0 | S36: 0 | T36: 0 | U36: 0 | V36: 0 | W36: 0 | X36: 0 | Y36: 0 | Z36: 0 | AA36: 0 | AB36: 0 | AC36: 0 | AD36: 0 | AE36: 0 | AF36: 0 | AG36: 0
A37: 仪器仪表制造业 | C37: 0 | D37: 0 | E37: 0 | F37: 0 | G37: 0 | H37: 0 | I37: 0 | J37: 0 | K37: 0 | L37: 0 | M37: 0 | O37: 0 | P37: 0 | Q37: 0 | R37: 0 | S37: 0 | T37: 0 | U37: 0 | V37: 0 | W37: 0 | X37: 0 | Y37: 0 | Z37: 0 | AA37: 0 | AB37: 0 | AC37: 0 | AD37: 0 | AE37: 0 | AF37: 0 | AG37: 0
A38: 其他制造业 | C38: 0 | D38: 0 | E38: 0 | F38: 0 | G38: 0 | H38: 0 | I38: 0 | J38: 0 | K38: 0 | L38: 0 | M38: 0 | O38: 0 | P38: 0 | Q38: 0 | R38: 0 | S38: 0 | T38: 0 | U38: 0 | V38: 0 | W38: 0 | X38: 0 | Y38: 0 | Z38: 0 | AA38: 0 | AB38: 0 | AC38: 0 | AD38: 0 | AE38: 0 | AF38: 0 | AG38: 0
A39: 废弃资源综合利用业 | C39: 0 | D39: 0 | E39: 0 | F39: 0 | G39: 0 | H39: 0 | I39: 0 | J39: 0 | K39: 0 | L39: 0 | M39: 0 | O39: 0 | P39: 0 | Q39: 0 | R39: 0 | S39: 0 | T39: 0 | U39: 0 | V39: 0 | W39: 0 | X39: 0 | Y39: 0 | Z39: 0 | AA39: 0 | AB39: 0 | AC39: 0 | AD39: 0 | AE39: 0 | AF39: 0 | AG39: 0
A40: 金属制品、机械和设备修理业 | C40: 0 | D40: 0 | E40: 0 | F40: 0 | G40: 0 | H40: 0 | I40: 0 | J40: 0 | K40: 0 | L40: 0 | M40: 0 | O40: 0 | P40: 0 | Q40: 0 | R40: 0 | S40: 0 | T40: 0 | U40: 0 | V40: 0 | W40: 0 | X40: 0 | Y40: 0 | Z40: 0 | AA40: 0 | AB40: 0 | AC40: 0 | AD40: 0 | AE40: 0 | AF40: 0 | AG40: 0
A41: 电力、热力生产和供应业 | C41: 0 | D41: 0 | E41: 0 | F41: 0 | G41: 0 | H41: 0 | I41: 0 | J41: 0 | K41: 0 | L41: 0 | M41: 0 | O41: 0 | P41: 0 | Q41: 0 | R41: 0 | S41: 0 | T41: 0 | U41: 0 | V41: 0 | W41: 0 | X41: 0 | Y41: 0 | Z41: 0 | AA41: 0 | AB41: 0 | AC41: 0 | AD41: 0 | AE41: 0 | AF41: 0 | AG41: 0
A42: 燃气生产和供应业 | C42: 0 | D42: 0 | E42: 0 | F42: 0 | G42: 0 | H42: 0 | I42: 0 | J42: 0 | K42: 0 | L42: 0 | M42: 0 | O42: 0 | P42: 0 | Q42: 0 | R42: 0 | S42: 0 | T42: 0 | U42: 0 | V42: 0 | W42: 0 | X42: 0 | Y42: 0 | Z42: 0 | AA42: 0 | AB42: 0 | AC42: 0 | AD42: 0 | AE42: 0 | AF42: 0 | AG42: 0
A43: 水的生产和供应业 | C43: 0 | D43: 0 | E43: 0 | F43: 0 | G43: 0 | H43: 0 | I43: 0 | J43: 0 | K43: 0 | L43: 0 | M43: 0 | O43: 0 | P43: 0 | Q43: 0 | R43: 0 | S43: 0 | T43: 0 | U43: 0 | V43: 0 | W43: 0 | X43: 0 | Y43: 0 | Z43: 0 | AA43: 0 | AB43: 0 | AC43: 0 | AD43: 0 | AE43: 0 | AF43: 0 | AG43: 0
A49: 各燃料用作工业原料的拆分原则
A51: 原煤：煤炭作为原料主要用于炼焦和气化。 | H51: 原油：主要用作燃料和炼制其他油品。2020-2022能源年鉴中原油都没有作为原料使用。 | R51: 石蜡：石蜡分食品级和工业级。工业级石蜡主要用于制造蜡烛等化工品。 | AA51: 天然气：作为化工原料，生产丙烷、丁烷、合成氨等化工原料。生产氮肥。
A52: 煤化工产业链 | H52: 若有，可将其全部划分为化工行业。 | R52: 还可以用于制造某些文化用品（如蜡纸、蜡笔、蜡烛、复写纸）和木制品防蛀。 | AD52: 原料分配
A53: 1.煤焦化，制焦炭，煤焦油，焦煤气，对应炼焦环节的原煤与洗精煤消费 | K53: 原料分配 | R53: 食品级石蜡可用于食品制造、口服药制造。 | AA53: 化学原料和化学制品制造业 | AD53: 1
A54: 2.煤气化：煤炭-合成气-制合成氨，水煤气，甲醇，属于石油，煤炭及其他燃料加工业 | H54: 化学原料和化学制品制造业 | K54: 1 | U54: 2020终端能源消费量 | V54: 原料分配
A55: 3.煤液化：直接液化制造甲醇，烯烃和汽油等液体燃料，属于石油，煤炭及其他燃料加工业 | R55: 食品制造业 | U55: ='Final Energy Consumption-2020'!T11 -> 0 | V55: =U55/SUM(U55:U59) -> 0 | AA55: 液化天然气：同天然气。
A56: 基于工业企业数据库，甲醇生产主要分布于有机化学原料制造业，和专化学用品制造， | H56: 汽油：作为原料使用主要是溶剂汽油。用于橡胶行业、油漆、油脂、染料(化学原料和化学制品业)， | R56: 木材加工和木、竹、藤、棕、草制品业 /家具制造业 | U56: ='Final Energy Consumption-2020'!T17 -> 1.69 | V56: =U56/SUM(U55:U59) -> 0.0086555698 | AD56: 原料分配
A57: 以及炼焦及氮肥制造业的副产品，固按照行业煤炭使用量分配原煤和型煤的非燃料使用 | K57: 2020终端能源消费量 | L57: 原料分配 | R57: 文教、工美、体育和娱乐用品制造业 | U57: ='Final Energy Consumption-2020'!T21 -> 0.51 | V57: =U57/SUM(U55:U59) -> 0.0026120359 | AA57: 化学原料和化学制品制造业 | AD57: 1
B58: 2020终端能源消费量 | C58: 原料分配 | H58: 橡胶和塑料制品业 | K58: ='Final Energy Consumption-2020'!N26 -> 5.92 | L58: =K58/SUM(K58:K60) -> 0.37232704 | R58: 化学原料和化学制品制造业 | U58: ='Final Energy Consumption-2020'!T23 -> 193.02 | V58: =U58/SUM(U55:U59) -> 0.98857875
A59: 石油、煤炭及其他燃料加工业 | B59: ='Final Energy Consumption-2020'!C22 -> 1138.29 | C59: =B59/(B59+B60+B61) -> 0.052218803 | H59: 化学原料和化学制品制造业 | K59: ='Final Energy Consumption-2020'!N23 -> 8.79 | L59: =K59/SUM(K58:K60) -> 0.55283019 | R59: 医药制造业 | U59: ='Final Energy Consumption-2020'!T24 -> 0.03 | V59: =U59/SUM(U55:U59) -> 0.00015364917 | AA59: 其他能源：包括城市垃圾、工业废料、生物质废料等
A60: 化学原料和化学制品制造业 | B60: ='Final Energy Consumption-2020'!C23 -> 11855.34 | C60: =B60/(B59+B60+B61) -> 0.54386111 | H60: 石油、煤炭及其他燃料加工业 | K60: ='Final Energy Consumption-2020'!N22 -> 1.19 | L60: =K60/SUM(K58:K60) -> 0.074842767 | AA60: 城市垃圾、工业废料可以作为生态水泥的原料。
A61: 黑色金属冶炼和压延加工业 | B61: ='Final Energy Consumption-2020'!C28 -> 8804.84 | C61: =B61/SUM(B59:B61) -> 0.40392009 | H61: 煤油：作为原料使用主要用于器械零部件的洗涤剂、橡胶和制药工业的溶剂、有机化工的裂解原料 | R61: 溶剂油：主要用作化工原料 | AD61: 2019终端能源消费量 | AE61: 原料分配
K62: 2020终端能源消费量 | L62: 原料分配 | U62: 2020终端能源消费量 | V62: 原料分配 | AA62: 石油、煤炭及其他燃料加工业 | AD62: ='Final Energy Consumption-2020'!AE22 -> 52.1 | AE62: =AD62/SUM(AD62:AD65) -> 0.094002598
A63: 洗精煤：洗精煤作为原料主要用于炼焦。 | H63: 橡胶和塑料制品业 | K63: ='Final Energy Consumption-2020'!O27 -> 0.53 | L63: =K63/SUM(K63:K66) -> 0.10927835 | R63: 石油、煤炭及其他燃料加工业 | U63: ='Final Energy Consumption-2020'!U22 -> 1.05 | V63: =U63/SUM(U63:U65) -> 0.025634766 | AA63: 化学原料和化学制品制造业 | AD63: ='Final Energy Consumption-2020'!AE23 -> 232.29 | AE63: =AD63/SUM(AD62:AD65) -> 0.41911446
B64: 原料分配 | H64: 化学原料和化学制品制造业 | K64: ='Final Energy Consumption-2020'!O23 -> 2 | L64: =K64/SUM(K63:K66) -> 0.41237113 | R64: 化学原料和化学制品制造业 | U64: ='Final Energy Consumption-2020'!U23 -> 39.65 | V64: =U64/SUM(U63:U65) -> 0.96801758 | AA64: 非金属矿物制品 | AD64: ='Final Energy Consumption-2020'!AE27 -> 83.03 | AE64: =AD64/SUM(AD62:AD65) -> 0.14980875
A65: 石油、煤炭及其他燃料加工业 | B65: 1 | H65: 通用设备制造业 | K65: ='Final Energy Consumption-2020'!O31 -> 1.44 | L65: =K65/SUM(K63:K66) -> 0.29690722 | R65: 非金属矿物制品业 | U65: ='Final Energy Consumption-2020'!U27 -> 0.26 | V65: =U65/SUM(U63:U65) -> 0.0063476563 | AA65: 农副食品加工业 | AD65: ='Final Energy Consumption-2020'!AE10 -> 186.82 | AE65: =AD65/SUM(AD62:AD65) -> 0.33707419
H66: 专用设备制造业 | K66: ='Final Energy Consumption-2020'!O32 -> 0.88 | L66: =K66/SUM(K63:K66) -> 0.1814433 | R66: 石油沥青：主要是生产沥青混合物用于道路铺设，生产涂料和防水材料。
A67: 其他洗煤：作为原料主要用于炼制土焦和水泥熟料的生产。 | U67: 2020终端能源消费量 | V67: 原料分配
B68: 2020终端能源消费量 | C68: 原料分配 | H68: 柴油：生物柴油可作为润滑剂、油漆和化妆品的工业原料。 | R68: 化学原料和化学制品制造业 | U68: ='Final Energy Consumption-2020'!V23 -> 39.06 | V68: =U68/SUM(U68:U70) -> 0.11917257
A69: 石油、煤炭及其他燃料加工业 | B69: ='Final Energy Consumption-2020'!E22 -> 724.96 | C69: =B69/SUM(B69:B71) -> 0.063384093 | K69: 原料分配 | R69: 非金属矿物制品业 | U69: ='Final Energy Consumption-2020'!V27 -> 280.82 | V69: =U69/SUM(U68:U70) -> 0.85678545
A70: 非金属矿物制品业 | B70: ='Final Energy Consumption-2020'!E27 -> 9828.51 | C70: =B70/SUM(B69:B71) -> 0.85931802 | H70: 化学原料和化学制品制造业 | K70: 1 | R70: 石油、煤炭及其他燃料加工业 | U70: ='Final Energy Consumption-2020'!V22 -> 7.88 | V70: =U70/SUM(U68:U70) -> 0.024041982
A71: 黑色金属冶炼和压延加工业 | B71: ='Final Energy Consumption-2020'!E28 -> 884.1 | C71: =B71/SUM(B69:B71) -> 0.077297888 | R71: 石油焦的主要用途是电解铝所用的预焙阳极和阳极糊、碳素行业生产增炭剂、石墨电极、冶炼工业硅
H72: 燃料油：燃料油作为工业原料主要用于生产化肥。 | U72: 2020终端能源消费量 | V72: 原料分配
A73: 煤制品、煤矸石：同其他洗煤。 | K73: 2020终端能源消费量 | L73: 原料分配 | R73: 有色金属冶炼和压延业 | U73: ='Final Energy Consumption-2020'!W29 -> 257.88 | V73: =U73/(U73+U74) -> 0.09136581
H74: 化学原料和化学制品制造业 | K74: ='Final Energy Consumption-2020'!Q23 -> 29.78 | L74: =K74/SUM(K74:K75) -> 0.20335974 | R74: 非金属矿物制品业 | U74: ='Final Energy Consumption-2020'!W27 -> 2564.62 | V74: =U74/SUM(U73:U74) -> 0.90863419
A75: 焦炭：作为原料主要用于冶金还原剂和化工原料。 | H75: 石油、煤炭及其他燃料加工业 | K75: ='Final Energy Consumption-2020'!Q22 -> 116.66 | L75: =K75/SUM(K74:K75) -> 0.79664026
B76: 2020终端能源消费量 | C76: 原料分配 | H76: 石脑油：石脑油是裂解制取烯烃，催化重整苯、二甲苯、汽油的工业原料。也是制取化肥的原料。 | R76: 液化石油气：作为一种基本化工原料，液化石油气经过分离得到乙烯、丙烯、丁烯、丁二烯等，
A77: 化学原料和化学制品制造业 | B77: ='Final Energy Consumption-2020'!F23 -> 4059.94 | C77: =B77/SUM(B77:B78) -> 0.091449688 | K77: 2020终端能源消费量 | L77: 原料分配 | R77: 用来生产合成树脂、合成橡胶、合成纤维及生产医药、炸药、染料等产品。
A78: 黑色金属冶炼和压延加工业 | B78: ='Final Energy Consumption-2020'!F28 -> 40335.4 | C78: =B78/SUM(B77:B78) -> 0.90855031 | H78: 石油、煤炭及其他燃料加工业 | K78: ='Final Energy Consumption-2020'!R22 -> 1295.31 | L78: =K78/(K78+K79) -> 0.21459564 | U78: 2020终端能源消费量 | V78: 原料分配
H79: 化学原料和化学制品制造业 | K79: ='Final Energy Consumption-2020'!R23 -> 4740.74 | L79: =K79/SUM(K78:K79) -> 0.78540436 | R79: 石油、煤炭及其他燃料加工业 | U79: ='Final Energy Consumption-2020'!X22 -> 1519.62 | V79: =U79/(U79+U80) -> 0.64392861
A80: 焦炉、高炉、转炉和其他煤气：作为原料主要用于化工原料。比如制取氢气、 | R80: 化学原料和化学制品制造业 | U80: ='Final Energy Consumption-2020'!X23 -> 840.3 | V80: =U80/SUM(U79:U80) -> 0.35607139
A81: 天然气、合成氨等。 | H81: 润滑油：润滑油可以用作能源化工、车用制造和设备制造。
B82: 原料分配 | K82: 2020终端能源消费量 | L82: 原料分配 | R82: 炼厂干气：化工原料。
A83: 化学原料和化学制品制造业 | B83: 1 | H83: 石油、煤炭及其他燃料加工业 | K83: ='Final Energy Consumption-2020'!S22 -> 241.32 | L83: =K83/SUM(K83:K87) -> 0.93785706 | U83: 原料分配
H84: 通用设备制造业 | K84: ='Final Energy Consumption-2020'!S31 -> 3.6 | L84: =K84/SUM(K83:K87) -> 0.013990906 | R84: 石油、煤炭及其他燃料加工业 | U84: 1
A85: 其他焦化产品：主要包括煤焦油、化学产品（如氨、粗苯等）。 | H85: 专用设备制造业 | K85: ='Final Energy Consumption-2020'!S32 -> 3.69 | L85: =K85/SUM(K83:K87) -> 0.014340679
A86: 作为原料主要用做化工原料。 | H86: 汽车制造业 | K86: ='Final Energy Consumption-2020'!S33 -> 8.36 | L86: =K86/SUM(K83:K87) -> 0.032489993 | R86: 其他石油制品：划分至煤化工和化工行业。
B87: 2020终端能源消费量 | C87: 原料分配 | H87: 铁路、船舶、航空航天和其他运输设备制造业 | K87: ='Final Energy Consumption-2020'!S34 -> 0.34 | L87: =K87/SUM(K83:K87) -> 0.0013213633 | U87: 2020终端能源消费量 | V87: 原料分配
A88: 石油、煤炭及其他燃料加工业 | B88: ='Final Energy Consumption-2020'!K22 -> 91.14 | C88: =B88/SUM($B$88:$B$91) -> 0.092773746 | R88: 石油、煤炭及其他燃料加工业 | U88: ='Final Energy Consumption-2020'!Z22 -> 6298.03 | V88: =U88/(U88+U89) -> 0.77630494
A89: 化学原料和化学制品制造业 | B89: ='Final Energy Consumption-2020'!K23 -> 545.66 | C89: =B89/SUM($B$88:$B$91) -> 0.55544132 | R89: 化学原料和化学制品制造业 | U89: ='Final Energy Consumption-2020'!Z23 -> 1814.8 | V89: =U89/SUM(U88:U89) -> 0.22369506
A90: 非金属矿物制品业 | B90: ='Final Energy Consumption-2020'!K27 -> 16.56 | C90: =B90/SUM($B$88:$B$91) -> 0.016856849
A91: 黑色金属冶炼和压延加工业 | B91: ='Final Energy Consumption-2020'!K28 -> 329.03 | C91: =B91/SUM($B$88:$B$91) -> 0.33492808

Sheet Transformation Match
A1: 加工转换投入(-)产出(+)量 | B1: 行业 | C1: 行 业
A2: 3.煤炭洗选 | B2: 煤炭开采和洗选业 | C2: coal mining 05
A3: 4.炼焦 | B3: 石油、煤炭及其他燃料加工业 | C3: refined petroleum and coke 19
A4: 5.炼油及煤制油 | B4: 石油、煤炭及其他燃料加工业 | C4: refined petroleum and coke 19
A5: #油品再投入量(-) | B5: 石油、煤炭及其他燃料加工业 | C5: refined petroleum and coke 19
A6: 6.制气 | B6: 燃气生产和供应业 | C6: energy pipelines and gas processing 352T353
A7: #焦炭再投入量(-) | B7: 燃气生产和供应业 | C7: energy pipelines and gas processing 352T353
A8: 7.天然气液化 | B8: 燃气生产和供应业 | C8: energy pipelines and gas processing 352T353
A9: 8.煤制品加工 | B9: 石油、煤炭及其他燃料加工业 | C9: refined petroleum and coke 19

Sheet Value Added
B1: 2012 | C1: 2013 | D1: 2014 | E1: 2015 | F1: 2016 | G1: 2017 | H1: 2018 | I1: 2019 | J1: 2020 | K1: 2021 | L1: 2022 | M1: 2023 | N1: 2024 | O1: 2025 | P1: 2026 | Q1: 2027 | R1: 2028 | S1: 2029 | T1: 2030 | U1: 2031 | V1: 2032 | W1: 2033 | X1: 2034 | Y1: 2035 | Z1: 2036 | AA1: 2037 | AB1: 2038 | AC1: 2039 | AD1: 2040 | AE1: 2041 | AF1: 2042 | AG1: 2043 | AH1: 2044 | AI1: 2045 | AJ1: 2046 | AK1: 2047 | AL1: 2048 | AM1: 2049 | AN1: 2050 | AO1: 2051 | AP1: 2052 | AQ1: 2053 | AR1: 2054 | AS1: 2055 | AT1: 2056 | AU1: 2057 | AV1: 2058 | AW1: 2059 | AX1: 2060
A2: 农、林、牧、渔业 | B2: 8020.3769 | C2: 8491.2939 | D2: 8829.693 | E2: 9192.1242 | F2: 9453.7598 | G2: 9386.5346 | H2: 9471.2876 | I2: 10188.72 | J2: 11212.078 | K2: 11427.392 | L2: 11925.265 | M2: 12467.185 | N2: 13102.63 | O2: 13468.405 | P2: 14340.392 | Q2: 14936.816 | R2: 15514.65 | S2: 16071.453 | T2: 16884.789 | U2: 17113.476 | V2: 17595.141 | W2: 18048.689 | X2: 18473.078 | Y2: 18751.531 | Z2: 19231.699 | AA2: 19565.324 | AB2: 19868.555 | AC2: 20141.773 | AD2: 20385.602 | AE2: 20600.898 | AF2: 20788.721 | AG2: 20950.324 | AH2: 21087.123 | AI2: 21200.683 | AJ2: 21292.692 | AK2: 21364.947 | AL2: 21419.33 | AM2: 21457.792 | AN2: 21482.34 | AO2: 21495.018 | AP2: 21497.901 | AQ2: 21493.075 | AR2: 21482.64 | AS2: 21468.693 | AT2: 21453.331 | AU2: 21438.645 | AV2: 21426.719 | AW2: 21419.635 | AX2: 21421.627
A3: 煤炭开采和洗选业 | B3: 2200.7749 | C3: 2209.8175 | D3: 2171.5798 | E3: 2099.3377 | F3: 2017.9817 | G3: 1999.7266 | H3: 2034.9296 | I3: 2069.9224 | J3: 2036.4097 | K3: 2262.3473 | L3: 2479.7198 | M3: 2516.5342 | N3: 2607.0795 | O3: 2720.7149 | P3: 2828.8304 | Q3: 2924.8962 | R3: 3008.6377 | S3: 3080.0762 | T3: 3139.5063 | U3: 3187.406 | V3: 3224.2116 | W3: 3250.4641 | X3: 3266.8444 | Y3: 3274.1482 | Z3: 3273.2105 | AA3: 3264.7325 | AB3: 3249.4142 | AC3: 3227.9889 | AD3: 3201.2104 | AE3: 3169.8399 | AF3: 3134.6359 | AG3: 3096.3441 | AH3: 3055.691 | AI3: 3013.3767 | AJ3: 2970.0717 | AK3: 2926.4133 | AL3: 2883.0045 | AM3: 2840.414 | AN3: 2799.1767 | AO3: 2759.7967 | AP3: 2722.7493 | AQ3: 2688.4856 | AR3: 2657.4373 | AS3: 2630.0213 | AT3: 2606.6466 | AU3: 2587.7209 | AV3: 2573.6577 | AW3: 2564.8852 | AX3: 2561.8554
A4: 石油和天然气开采业 | B4: 1616.2967 | C4: 1570.7336 | D4: 1558.6134 | E4: 1540.7723 | F4: 1502.113 | G4: 1479.4019 | H4: 1502.4991 | I4: 1502.2603 | J4: 1460.4994 | K4: 1579.962 | L4: 1694.8546 | M4: 1709.263 | N4: 1744.5611 | O4: 1788.6951 | P4: 1830.8855 | Q4: 1868.4548 | R4: 1900.8699 | S4: 1927.6239 | T4: 1948.2477 | U4: 1962.4654 | V4: 1970.6467 | W4: 1973.3752 | X4: 1971.287 | Y4: 1965.0544 | Z4: 1955.3118 | AA4: 1942.4708 | AB4: 1926.8919 | AC4: 1908.9384 | AD4: 1888.9721 | AE4: 1867.3491 | AF4: 1844.4174 | AG4: 1820.5137 | AH4: 1795.9618 | AI4: 1771.0708 | AJ4: 1746.135 | AK4: 1721.4329 | AL4: 1697.2276 | AM4: 1673.7675 | AN4: 1651.287 | AO4: 1630.0079 | AP4: 1610.141 | AQ4: 1591.888 | AR4: 1575.4435 | AS4: 1560.9976 | AT4: 1548.7382 | AU4: 1538.8543 | AV4: 1531.539 | AW4: 1526.9929 | AX4: 1525.428
A5: 黑色金属矿采选业 | B5: 518.24352 | C5: 566.15783 | D5: 600.32741 | E5: 583.77348 | F5: 554.88374 | G5: 545.93254 | H5: 518.03578 | I5: 534.93552 | J5: 509.19798 | K5: 548.19733 | L5: 629.2703 | M5: 631.38744 | N5: 637.18035 | O5: 645.83571 | P5: 656.53661 | Q5: 668.42224 | R5: 680.57217 | S5: 691.9985 | T5: 701.6493 | U5: 708.62175 | V5: 712.78814 | W5: 714.24854 | X5: 713.13622 | Y5: 709.61237 | Z5: 703.86841 | AA5: 696.14296 | AB5: 686.6918 | AC5: 675.7741 | AD5: 663.64721 | AE5: 650.56225 | AF5: 636.76047 | AG5: 622.47049 | AH5: 607.90636 | AI5: 593.26624 | AJ5: 578.7319 | AK5: 564.46866 | AL5: 550.62595 | AM5: 537.33823 | AN5: 524.72629 | AO5: 512.89884 | AP5: 501.95435 | AQ5: 491.98305 | AR5: 483.06911 | AS5: 475.29297 | AT5: 468.73384 | AU5: 463.47234 | AV5: 459.59334 | AW5: 457.18905 | AX5: 456.36244
A6: 有色金属矿采选业 | B6: 269.73915 | C6: 280.58464 | D6: 288.91076 | E6: 285.87774 | F6: 285.95842 | G6: 279.02983 | H6: 281.99704 | I6: 280.04898 | J6: 270.36762 | K6: 276.7183 | L6: 295.71647 | M6: 294.8357 | N6: 293.16502 | O6: 292.14561 | P6: 292.85408 | Q6: 294.98854 | R6: 297.90662 | S6: 300.95081 | T6: 303.43832 | U6: 304.79264 | V6: 304.94308 | W6: 303.95891 | X6: 301.92167 | Y6: 298.92244 | Z6: 295.06138 | AA6: 290.45156 | AB6: 285.20927 | AC6: 279.44947 | AD6: 273.28374 | AE6: 266.81869 | AF6: 260.15477 | AG6: 253.38538 | AH6: 246.59635 | AI6: 239.86572 | AJ6: 233.26377 | AK6: 226.8533 | AL6: 220.69004 | AM6: 214.82327 | AN6: 209.29649 | AO6: 204.1483 | AP6: 199.4132 | AQ6: 195.12255 | AR6: 191.30555 | AS6: 187.99026 | AT6: 185.20467 | AU6: 182.97781 | AV6: 181.34098 | AW6: 180.32904 | AX6: 179.98182
A7: 非金属矿采选业 | B7: 175.56443 | C7: 186.7929 | D7: 193.05215 | E7: 195.23792 | F7: 198.72255 | G7: 200.3444 | H7: 202.27539 | I7: 195.41729 | J7: 187.9055 | K7: 210.31859 | L7: 211.08457 | M7: 210.62281 | N7: 209.81651 | O7: 209.52726 | P7: 210.39192 | Q7: 212.17068 | R7: 214.40225 | S7: 216.61117 | T7: 218.30306 | U7: 219.0677 | V7: 218.88571 | W7: 217.84633 | X7: 216.04789 | Y7: 213.59447 | Z7: 210.58785 | AA7: 207.11082 | AB7: 203.24096 | AC7: 199.05425 | AD7: 194.62392 | AE7: 190.01958 | AF7: 185.30649 | AG7: 180.54515 | AH7: 175.79104 | AI7: 171.09455 | AJ7: 166.50103 | AK7: 162.05103 | AL7: 157.78057 | AM7: 153.72162 | AN7: 149.90249 | AO7: 146.34842 | AP7: 143.08208 | AQ7: 140.12426 | AR7: 137.49442 | AS7: 135.21137 | AT7: 133.294 | AU7: 131.76195 | AV7: 130.6364 | AW7: 129.94095 | AX7: 129.70247
A8: 开采专业及辅助性活动 | B8: 134.43244 | C8: 134.21856 | D8: 124.43272 | E8: 104.00227 | F8: 86.777595 | G8: 105.31677 | H8: 129.92619 | I8: 152.45423 | J8: 128.89648 | K8: 141.72115 | L8: 157.64154 | M8: 163.36323 | N8: 177.96799 | O8: 197.39608 | P8: 217.14113 | Q8: 236.11424 | R8: 254.4141 | S8: 272.30871 | T8: 290.23223 | U8: 308.64552 | V8: 327.55714 | W8: 346.8275 | X8: 366.29071 | Y8: 385.75431 | Z8: 405.02318 | AA8: 423.9801 | AB8: 442.53228 | AC8: 460.59131 | AD8: 478.07412 | AE8: 494.90386 | AF8: 511.01067 | AG8: 526.33231 | AH8: 540.81462 | AI8: 554.41193 | AJ8: 567.08721 | AK8: 578.81223 | AL8: 589.56747 | AM8: 599.34197 | AN8: 608.13311 | AO8: 615.94622 | AP8: 622.79415 | AQ8: 628.69681 | AR8: 633.68057 | AS8: 637.77771 | AT8: 641.02579 | AU8: 643.46702 | AV8: 645.14765 | AW8: 646.11731 | AX8: 646.42849
A9: 其他采矿业 | B9: 1.0889994 | C9: 1.1648549 | D9: 1.083276 | E9: 1.0523771 | F9: 0.91094819 | G9: 1.0539272 | H9: 1.0808756 | I9: 1.081746 | J9: 1.0579535 | K9: 0.98256466 | L9: 1.2755981 | M9: 1.2973062 | N9: 1.3519291 | O9: 1.4234314 | P9: 1.4966109 | Q9: 1.5678719 | R9: 1.6368589 | S9: 1.7032588 | T9: 1.7668045 | U9: 1.827226 | V9: 1.8840834 | W9: 1.9369037 | X9: 1.9852348 | Y9: 2.0286522 | Z9: 2.0668292 | AA9: 2.0997442 | AB9: 2.127502 | AC9: 2.150267 | AD9: 2.1682562 | AE9: 2.1817332 | AF9: 2.1910006 | AG9: 2.1963938 | AH9: 2.1982737 | AI9: 2.1970209 | AJ9: 2.1930295 | AK9: 2.1867022 | AL9: 2.1784454 | AM9: 2.1686658 | AN9: 2.1577666 | AO9: 2.1461458 | AP9: 2.134194 | AQ9: 2.1222937 | AR9: 2.1108191 | AS9: 2.1001364 | AT9: 2.0906048 | AU9: 2.0825783 | AV9: 2.076408 | AW9: 2.0724451 | AX9: 2.0710443
A10: 农副食品加工业 | B10: 1212.4106 | C10: 1260.0066 | D10: 1301.0203 | E10: 1302.1735 | F10: 1348.2888 | G10: 1457.5548 | H10: 1536.911 | I10: 1509.9936 | J10: 1438.8035 | K10: 1613.418 | L10: 1650.4343 | M10: 1661.052 | N10: 1688.6807 | O10: 1727.0511 | P10: 1770.4563 | Q10: 1816.2547 | R10: 1862.4473 | S10: 1906.8262 | T10: 1946.9834 | U10: 1980.8131 | V10: 2008.0217 | W10: 2028.8619 | X10: 2043.6721 | Y10: 2052.8634 | Z10: 2056.8807 | AA10: 2056.1125 | AB10: 2050.9567 | AC10: 2041.8371 | AD10: 2029.1951 | AE10: 2013.482 | AF10: 1995.1523 | AG10: 1974.6579 | AH10: 1952.4428 | AI10: 1928.9391 | AJ10: 1904.564 | AK10: 1879.7178 | AL10: 1854.7821 | AM10: 1830.1192 | AN10: 1806.0729 | AO10: 1782.9686 | AP10: 1761.1152 | AQ10: 1740.807 | AR10: 1722.3261 | AS10: 1705.9457 | AT10: 1691.9331 | AU10: 1680.554 | AV10: 1672.0766 | AW10: 1666.7767 | AX10: 1664.943
A11: 食品制造业 | B11: 567.00898 | C11: 592.50009 | D11: 616.89858 | E11: 629.15052 | F11: 668.00872 | G11: 737.69629 | H11: 783.73618 | I11: 795.70205 | J11: 781.27992 | K11: 878.53712 | L11: 912.97236 | M11: 924.72793 | N11: 954.38123 | O11: 993.43556 | P11: 1034.0435 | Q11: 1074.0952 | R11: 1112.9823 | S11: 1150.0374 | T11: 1184.5422 | U11: 1215.8669 | V11: 1243.8913 | W11: 1268.671 | X11: 1290.3132 | Y11: 1308.9715 | Z11: 1324.8161 | AA11: 1337.9538 | AB11: 1348.4926 | AC11: 1356.5626 | AD11: 1362.3126 | AE11: 1365.9072 | AF11: 1367.524 | AG11: 1367.3507 | AH11: 1365.5825 | AI11: 1362.4195 | AJ11: 1358.0648 | AK11: 1352.7225 | AL11: 1346.5962 | AM11: 1339.8876 | AN11: 1332.7953 | AO11: 1325.5146 | AP11: 1318.2368 | AQ11: 1311.1489 | AR11: 1304.434 | AS11: 1298.2717 | AT11: 1292.8386 | AU11: 1288.3091 | AV11: 1284.857 | AW11: 1282.6561 | AX11: 1281.8828
A12: 酒、饮料和精制茶制造业 | B12: 615.45397 | C12: 644.29235 | D12: 657.85187 | E12: 672.16537 | F12: 708.43265 | G12: 782.3373 | H12: 835.83708 | I12: 855.85139 | J12: 805.5664 | K12: 927.65432 | L12: 1001.7084 | M12: 1019.3959 | N12: 1063.9223 | O12: 1122.2403 | P12: 1181.9116 | Q12: 1239.9507 | R12: 1296.0209 | S12: 1349.8192 | T12: 1401.0804 | U12: 1449.6076 | V12: 1495.3631 | W12: 1538.3981 | X12: 1578.8243 | Y12: 1616.8096 | Z12: 1652.522 | AA12: 1685.9586 | AB12: 1717.0859 | AC12: 1745.8894 | AD12: 1772.3735 | AE12: 1796.56 | AF12: 1818.4876 | AG12: 1838.2105 | AH12: 1855.7977 | AI12: 1871.3311 | AJ12: 1884.905 | AK12: 1896.6242 | AL12: 1906.6029 | AM12: 1914.9636 | AN12: 1921.8359 | AO12: 1927.355 | AP12: 1931.6613 | AQ12: 1934.8987 | AR12: 1937.2143 | AS12: 1938.7573 | AT12: 1939.6783 | AU12: 1940.1293 | AV12: 1940.2625 | AW12: 1940.2304 | AX12: 1940.1858
A13: 烟草制品业 | B13: 1021.5462 | C13: 1040.3 | D13: 1079.149 | E13: 1058.6058 | F13: 947.33214 | G13: 992.46075 | H13: 1047.4832 | I13: 1062.466 | J13: 1060.6812 | K13: 1143.0229 | L13: 1242.3975 | M13: 1258.0934 | N13: 1297.7718 | O13: 1350.2359 | P13: 1405.1619 | Q13: 1459.7384 | R13: 1513.1044 | S13: 1564.3044 | T13: 1612.2983 | U13: 1656.1723 | V13: 1695.781 | W13: 1731.2397 | X13: 1762.7345 | Y13: 1790.5148 | Z13: 1814.8401 | AA13: 1835.8305 | AB13: 1853.5911 | AC13: 1868.2535 | AD13: 1879.9727 | AE13: 1888.9242 | AF13: 1895.3008 | AG13: 1899.3096 | AH13: 1901.1691 | AI13: 1901.1066 | AJ13: 1899.3557 | AK13: 1896.1541 | AL13: 1891.7416 | AM13: 1886.3585 | AN13: 1880.2442 | AO13: 1873.6361 | AP13: 1866.7691 | AQ13: 1859.8746 | AR13: 1853.1809 | AS13: 1846.9131 | AT13: 1841.2931 | AU13: 1836.5409 | AV13: 1832.875 | AW13: 1830.5141 | AX13: 1829.6778
... A44: 建筑业 | B44: 5850.4075 | C44: 6349.4516 | D44: 6975.2519 | E44: 7335.15 | F44: 7795.8436 | G44: 8406.0148 | H44: 9181.69 | I44: 9783.1484 | J44: 9978.9992 | K44: 10553.432 | L44: 10740.33 | M44: 11296.547 | N44: 11879.408 | O44: 12376.372 | P44: 13023.394 | Q44: 13579.556 | R44: 14122.086 | S44: 14648.886 | T44: 15243.213 | U44: 15647.887 | V44: 16116.925 | W44: 16563.928 | X44: 16987.903 | Y44: 17352.163 | Z44: 17763.994 | AA44: 18115.327 | AB44: 18442.052 | AC44: 18744.349 | AD44: 19022.609 | AE44: 19277.424 | AF44: 19509.568 | AG44: 19719.986 | AH44: 19909.778 | AI44: 20080.182 | AJ44: 20232.561 | AK44: 20368.386 | AL44: 20489.223 | AM44: 20596.717 | AN44: 20692.585 | AO44: 20778.6 | AP44: 20856.583 | AQ44: 20928.396 | AR44: 20995.933 | AS44: 21061.12 | AT44: 21125.905 | AU44: 21192.262 | AV44: 21262.192 | AW44: 21337.72 | AX44: 21421.627
B45: =SUM(B2:B44) -> 46995.107 | C45: =SUM(C2:C44) -> 49359.19 | D45: =SUM(D2:D44) -> 51632.031 | E45: =SUM(E2:E44) -> 52613.648 | F45: =SUM(F2:F44) -> 54398.939 | G45: =SUM(G2:G44) -> 57730.948 | H45: =SUM(H2:H44) -> 60863.727 | I45: =SUM(I2:I44) -> 63157.176 | ... R45: =SUM(R2:R44) -> 94793.464

Sheet Energy Balance-2019
A1: 全国能源平衡表(实物量)-2019
A2: 项 目 | B2: 煤合计_x000D_ (万吨)_x000D_ Coal Total_x000D_ (104 tons) | C2: 原煤_x000D_ (万吨)_x000D_ Raw Coal_x000D_ (104 tons) | D2: 洗精煤_x000D_ (万吨)_x000D_ Cleaned_x000D_ Coal_x000D_ (104 tons) | E2: 其他洗煤_x000D_ (万吨)_x000D_ Other_x000D_ Washed_x000D_ Coal_x000D_ (104 tons) | F2: 煤制品_x000D_ (万吨)_x000D_ Briquettes_x000D_ (104 tons) | G2: 煤矸石_x000D_ (万吨)_x000D_ Gangue_x000D_ (104 tons) | H2: 焦炭_x000D_ (万吨)_x000D_ Coke_x000D_ (104 tons) | I2: 焦炉煤气_x000D_ (亿立方米)_x000D_ Coke Oven_x000D_ Gas_x000D_ (108 cu.m) | J2: 高炉煤气_x000D_ (亿立方米)_x000D_ Blast Furnace_x000D_ Gas_x000D_ (108 cu.m) | K2: 转炉煤气_x000D_ (亿立方米)_x000D_ Converter_x000D_ Gas_x000D_ (108 cu.m) | L2: 其他煤气_x000D_ (亿立方米)_x000D_ Other Gas_x000D_ (108 cu.m) | M2: 其他焦化产品_x000D_ (万吨)_x000D_ Other_x000D_ Coking_x000D_ Products_x000D_ (104 tons) | N2: 油品合计_x000D_ (万吨)_x000D_ Petroleum_x000D_ Products_x000D_ Total_x000D_ (104 tons) | O2: 原油_x000D_ (万吨)_x000D_ Crude Oil_x000D_ (104 tons) | P2: 汽油_x000D_ (万吨)_x000D_ Gasoline_x000D_ (104 tons) | Q2: 煤油_x000D_ (万吨)_x000D_ Kerosene_x000D_ (104 tons) | R2: 柴油_x000D_ (万吨)_x000D_ Diesel Oil_x000D_ (104 tons) | S2: 燃料油_x000D_ (万吨)_x000D_ Fuel Oil_x000D_ (104 tons) | T2: 石脑油_x000D_ (万吨)_x000D_ Naphtha_x000D_ (104 tons) | U2: 润滑油_x000D_ (万吨)_x000D_ Lubricants_x000D_ (104 tons) | V2: 石蜡_x000D_ (万吨)_x000D_ Paraffin_x000D_ Waxes_x000D_ (104 tons) | W2: 溶剂油_x000D_ (万吨)_x000D_ White Spirit_x000D_ (104 tons) | X2: 石油沥青_x000D_ (万吨)_x000D_ Bitumen_x000D_ Asphalt_x000D_ (104 tons) | Y2: 石油焦_x000D_ (万吨)_x000D_ Petroleum_x000D_ Coke_x000D_ (104 tons) | Z2: 液化石油气_x000D_ (万吨)_x000D_ Liquefied_x000D_ Petroleum Gas_x000D_ (104 tons) | AA2: 炼厂干气_x000D_ (万吨)_x000D_ Refinery_x000D_ Gas_x000D_ (104 tons) | AB2: 其他石油制品_x000D_ (万吨)_x000D_ Other_x000D_ Petroleum_x000D_ Products_x000D_ (104 tons) | AC2: 天然气_x000D_ (亿立方米)_x000D_ Natural Gas_x000D_ (108 cu.m) | AD2: 液化天然气_x000D_ (万吨)_x000D_ Liquefied_x000D_ Natural Gas_x000D_ (104 tons) | AE2: 热力_x000D_ (万百万千焦)_x000D_ Heat_x000D_ (1010 kJ) | AF2: 电力_x000D_ (亿千瓦小时)_x000D_ Electricity_x000D_ (108 kW·h) | AG2: 其他能源_x000D_ (万吨标准煤)_x000D_ Other_x000D_ Energy_x000D_ (104 tce)
A3: 一.可供本地区消费的能源量 | B3: 405537.18 | C3: 404267.01 | D3: 1359.01 | E3: -70 | F3: -18.84 | H3: -762.13 | N3: 66900.85 | O3: 68007.48 | P3: -1190.41 | Q3: -1319.79 | R3: -1948.68 | S3: 344.98 | T3: 657.9 | U3: 17.85 | V3: -35.93 | W3: 4.32 | X3: 274.38 | Y3: 590.42 | Z3: 1950.61 | AB3: -452.28 | AC3: 2227.84 | AD3: 6011.71 | AF3: 22664.83 | AG3: 7164.43
A4: 1.一次能源生产量 | B4: 384633.2 | C4: 384633.2 | N4: 19101.41 | O4: 19101.41 | AC4: 1761.74 | AF4: 22832.8 | AG4: 7164.43
A5: 水电 | AF5: 13044.38
A6: 核电 | AF6: 3483.55
A7: 风电 | AF7: 4060.32
A8: 2.进口量 | B8: 29976.88 | C8: 29976.88 | H8: 52.3 | N8: 56970.47 | O8: 50567.6 | P8: 33.34 | Q8: 366.75 | R8: 119.02 | S8: 1485.51 | T8: 702.22 | U8: 29.16 | V8: 9.85 | W8: 3.77 | X8: 428.39 | Y8: 830.52 | Z8: 2109.33 | AB8: 285 | AC8: 501.14 | AD8: 6019.12 | AF8: 48.58
A9: 3.境内飞机和轮船在境外的加油量 | N9: 1131.69 | Q9: 563.28 | R9: 25.44 | S9: 542.97
A10: 4.出口量(-) | B10: 602.86 | C10: 599.37 | F10: 3.5 | H10: 652.26 | N10: 7251.41 | O10: 81 | P10: 1637.06 | Q10: 1761.48 | R10: 2138.26 | S10: 1117.66 | U10: 11.25 | V10: 60.17 | W10: 0.26 | X10: 65.62 | Y10: 228.96 | Z10: 140.89 | AB10: 8.79 | AC10: 35.03 | AD10: 7.4 | AF10: 216.55
A11: 5.境外飞机和轮船在境内的加油量(-) | N11: 959.95 | Q11: 478.33 | R11: 50.81 | S11: 430.81
A12: 6.库存增(-)、减(+)量 | B12: -8470.04 | C12: -9743.71 | D12: 1359.01 | E12: -70 | F12: -15.34 | H12: -162.17 | N12: -2091.35 | O12: -1580.53 | P12: 413.31 | Q12: -10.02 | R12: 95.93 | S12: -135.04 | T12: -44.32 | U12: -0.06 | V12: 14.39 | W12: 0.81 | X12: -88.39 | Y12: -11.13 | Z12: -17.83 | AB12: -728.49
A13: 二.加工转换投入(-)产出(+)量 | B13: -328465.29 | C13: -341871.85 | D13: -1847.3 | E13: 13863.38 | F13: 1390.48 | G13: -16.05 | H13: 47206.48 | I13: 685.06 | J13: 8106.13 | K13: 587.04 | L13: 183.26 | M13: 1077.95 | N13: -3453.63 | O13: -66907.95 | P13: 14852.09 | Q13: 5322.59 | R13: 17195.94 | S13: 2111.07 | T13: 5096.12 | U13: 230.11 | V13: 302.72 | W13: 8236 | X13: 2970.43 | Y13: 2425.3 | Z13: 3606.75 | AA13: 1846.02 | AB13: 7412.81 | AC13: -676.86 | AD13: 900.26 | AE13: 550106.3 | AF13: 52201.48 | AG13: -967.2
A14: 1.火力发电 | B14: -210158.99 | C14: -205517.23 | E14: -4641.77 | G14: -2467.05 | H14: -25.3 | I14: -208.01 | J14: -2451.35 | K14: -329.03 | L14: -0.13 | N14: -308.27 | O14: -16.01 | R14: -24.18 | S14: -13.94 | T14: -12.01 | Y14: -181.18 | Z14: -0.11 | AA14: -52.59 | AB14: -8.25 | AC14: -391.87 | AD14: -231.28 | AE14: -111630.52 | AF14: 52201.48 | AG14: -1567.97
A15: 2.供热 | B15: -34441.79 | C15: -33027.91 | E15: -1413.87 | G15: -646.29 | H15: -47.51 | I15: -62.54 | J15: -573.41 | K15: -45.52 | L15: -1.2 | N15: -653.79 | P15: -0.05 | R15: -5.3 | S15: -60.21 | T15: -163.1 | Y15: -224.18 | Z15: -4.05 | AA15: -173.99 | AB15: -22.9 | AC15: -143.19 | AD15: -33.51 | AE15: 565138.68 | AG15: -391.96
A16: 3.煤炭洗选 | B16: -12213.46 | C16: -87588.72 | D16: 53863.4 | E16: 21511.86 | G16: 3097.3
A17: 4.炼焦 | B17: -65672.62 | C17: -9961.92 | D17: -55710.7 | H17: 47295.8 | I17: 955.61 | M17: 1387.39
A18: 5.炼油及煤制油 | B18: -3239.84 | C18: -3087.01 | E18: -152.83 | M18: -309.44 | N18: 9842.42 | O18: -66891.93 | P18: 14880.68 | Q18: 5322.59 | R18: 17308.27 | S18: 4506.05 | T18: 6620.07 | U18: 232.36 | V18: 308.88 | W18: 82.36 | X18: 3313.86 | Y18: 2838.81 | Z18: 4210.01 | AA18: 2187.92 | AB18: 14922.52 | AC18: -32.35 | AG18: -138.98
A19: #油品再投入量(-) | N19: -12330.3 | P19: -28.54 | R19: -82.86 | S19: -2320.83 | T19: -1348.83 | U19: -2.25 | V19: -6.15 | X19: -343.42 | Y19: -8.15 | Z19: -595.4 | AA19: -115.31 | AB19: -7478.56
A20: 6.制气 | B20: -2458.7 | C20: -2293.81 | E20: -164.89 | L20: 184.58 | N20: -3.69 | Z20: -3.69 | AC20: 64.73
A21: #焦炭再投入量(-) | H21: -16.51
A22: 7.天然气液化 | K22: -0.12 | AC22: -174.19 | AD22: 1165.05
A23: 8.煤制品加工 | B23: -279.88 | C23: -395.25 | E23: -1275.11 | F23: 1390.48
A24: 9.回收能 | J24: 11130.88 | K24: 961.71 | AE24: 96598.13 | AG24: 1131.7
A25: 三.损失量 | N25: 34.46 | O25: 33.83 | Z25: 0.63 | AC25: 20.95 | AD25: 6.26 | AE25: 5297.62 | AF25: 3330.1
A26: 四.终端消费量 | B26: 73449.39 | C26: 58985.75 | E26: 13101.54 | F26: 1362.1 | H26: 46336.64 | I26: 710.6 | J26: 8339.48 | K26: 581.53 | L26: 190.06 | M26: 1133.12 | N26: 61018.45 | O26: 326.5 | P26: 13599.38 | Q26: 3950.23 | R26: 14805.62 | S26: 2295.37 | T26: 5747.08 | U26: 248.37 | V26: 257.1 | W26: 91.74 | X26: 3256.43 | Y26: 3030.97 | Z26: 5462.48 | AA26: 1830.56 | AB26: 6116.62 | AC26: 1531.78 | AD26: 6909.09 | AE26: 544808.39 | AF26: 71536.02 | AG26: 6091.03
A27: 1.农、林、牧、渔业 | B27: 2202.07 | C27: 2110.86 | E27: 91.21 | H27: 59.67 | N27: 1748.2 | P27: 253.18 | Q27: 10.95 | R27: 1475.05 | S27: 1.19 | Z27: 7.82 | AC27: 1.24 | AE27: 69.88 | AF27: 1336.2 | AG27: 675.84
A28: 2.工业 | B28: 58802.35 | C28: 45514.41 | E28: 12410.86 | F28: 877.09 | H28: 46230.86 | I28: 701.86 | J28: 8339.48 | K28: 581.53 | L28: 140.92 | M28: 1133.12 | N28: 21732.37 | O28: 326.5 | P28: 233.41 | Q28: 10.97 | R28: 1178.27 | S28: 217.56 | T28: 5747.08 | U28: 248.37 | V28: 257.1 | W28: 91.74 | X28: 264.42 | Y28: 3030.97 | Z28: 2266.99 | AA28: 1830.56 | AB28: 6028.41 | AC28: 631.02 | AD28: 6508.45 | AE28: 380696.5 | AF28: 47368.2 | AG28: 976.87
A29: #用作原料、材料 | B29: 12689.15 | C29: 10880.31 | E29: 1738.76 | F29: 70.08 | H29: 1474.76 | M29: 448.04 | N29: 11507.24 | P29: 2.15 | Q29: 1.17 | R29: 17.4 | S29: 31.3 | T29: 5505.3 | U29: 227.2 | V29: 252.77 | W29: 88.61 | X29: 206.89 | Y29: 2276.35 | Z29: 503.89 | AA29: 50.35 | AB29: 2343.85 | AC29: 92.44 | AD29: 94.35
A30: 3.建筑业 | B30: 639.81 | C30: 596.64 | E30: 43.17 | H30: 9.7 | N30: 4055.13 | P30: 499.89 | Q30: 16.03 | R30: 530.27 | S30: 31.84 | X30: 2874.87 | Z30: 14.03 | AB30: 88.21 | AC30: 2.81 | AE30: 2300.23 | AF30: 991.19 | AG30: 30.41
A31: 4.交通运输、仓储和邮政业 | B31: 282.61 | C31: 263.5 | E31: 19.11 | H31: 0.36 | N31: 22099.75 | P31: 6244.92 | Q31: 3689.21 | R31: 9867.31 | S31: 2025.31 | X31: 117.14 | Z31: 155.85 | AC31: 274.62 | AD31: 400.64 | AE31: 4152.02 | AF31: 1752.34 | AG31: 1486.9
A32: 5.批发和零售业、住宿和餐饮业 | B32: 2377.77 | C32: 2309.25 | E32: 39.92 | F32: 28.59 | H32: 16.91 | I32: 0.95 | L32: 9.43 | N32: 608.41 | P32: 287.95 | Q32: 15.47 | R32: 203.88 | S32: 10.22 | Z32: 90.89 | AC32: 62.46 | AE32: 9533.06 | AF32: 3187.1 | AG32: 67.01
A33: 6.其他 | B33: 2598.18 | C33: 2500.19 | E33: 89.23 | F33: 8.76 | H33: 6.32 | I33: 1.23 | N33: 3460.61 | P33: 2240.92 | Q33: 184.17 | R33: 954.04 | S33: 9.25 | Z33: 72.23 | AC33: 57.32 | AE33: 19224.64 | AF33: 6263.78 | AG33: 271.88
A34: 7.居民生活 | B34: 6546.6 | C34: 5690.91 | E34: 408.04 | F34: 447.65 | H34: 12.81 | I34: 6.56 | L34: 39.71 | N34: 7313.99 | P34: 3839.1 | Q34: 23.43 | R34: 596.79 | Z34: 2854.67 | AC34: 502.32 | AE34: 128832.05 | AF34: 10637.21 | AG34: 2582.12
A35: 城镇 | B35: 800.99 | C35: 623.77 | E35: 55.82 | F35: 121.4 | H35: 2.9 | I35: 5.02 | L35: 39.55 | N35: 4960.36 | P35: 2570.09 | Q35: 0.36 | R35: 274.46 | Z35: 2115.45 | AC35: 497.4 | AE35: 128832.05 | AF35: 5838.25 | AG35: 242.26
A36: 乡村 | B36: 5745.61 | C36: 5067.14 | E36: 352.22 | F36: 326.25 | H36: 9.91 | I36: 1.54 | L36: 0.16 | N36: 2353.63 | P36: 1269.01 | Q36: 23.07 | R36: 322.33 | Z36: 739.22 | AC36: 4.92 | AF36: 4798.96 | AG36: 2339.86
A37: 五.平衡差额 | B37: 3622.5 | C37: 3409.41 | D37: -488.29 | E37: 691.85 | F37: 9.54 | G37: -16.05 | H37: 107.72 | I37: -25.54 | J37: -233.36 | K37: 5.51 | L37: -6.81 | M37: -55.16 | N37: 2394.31 | O37: 739.21 | P37: 62.3 | Q37: 52.56 | R37: 441.65 | S37: 160.68 | T37: 6.93 | U37: -0.41 | V37: 9.7 | W37: -5,07 | X37: -11.62 | Y37: -15.24 | Z37: 94.25 | AA37: 15.46 | AB37: 843.91 | AC37: -1.75 | AD37: -338 | AE37: 0.29 | AF37: 0.19 | AG37: 106.2
A38: 六.消费量合计 | B38: 401914.68 | C38: 400857.6 | D38: 55710.7 | E38: 20750.01 | F38: 1362.1 | G38: 3113.34 | H38: 46425.96 | I38: 981.15 | J38: 11364.24 | K38: 956.08 | L38: 191.39 | M38: 1442.56 | N38: 64506.54 | O38: 67268.27 | P38: 13627.97 | Q38: 3950.23 | R38: 14917.95 | S38: 4690.34 | T38: 7271.04 | U38: 259.63 | V38: 263.25 | W38: 91.74 | X38: 3599.85 | Y38: 3444.47 | Z38: 6066.37 | AA38: 2172.45 | AB38: 13626.33 | AC38: 2068.82 | AD38: 7180.14 | AE38: 661736.52 | AF38: 74866.12 | AG38: 8189.93

Sheet Energy Balance-2020
A1: 全国能源平衡表(实物量)-2020
A2: 项 目 | B2: 煤合计_x000D_ (万吨)_x000D_ Coal Total_x000D_ (104 tons) | C2: 原煤_x000D_ (万吨)_x000D_ Raw Coal_x000D_ (104 tons) | D2: 洗精煤_x000D_ (万吨)_x000D_ Cleaned_x000D_ Coal_x000D_ (104 tons) | E2: 其他洗煤_x000D_ (万吨)_x000D_ Other_x000D_ Washed_x000D_ Coal_x000D_ (104 tons) | F2: 煤制品_x000D_ (万吨)_x000D_ Briquettes_x000D_ (104 tons) | G2: 煤矸石_x000D_ (万吨)_x000D_ Gangue_x000D_ (104 tons) | H2: 焦炭_x000D_ (万吨)_x000D_ Coke_x000D_ (104 tons) | I2: 焦炉煤气_x000D_ (亿立方米)_x000D_ Coke Oven_x000D_ Gas_x000D_ (108 cu.m) | J2: 高炉煤气_x000D_ (亿立方米)_x000D_ Blast Furnace_x000D_ Gas_x000D_ (108 cu.m) | K2: 转炉煤气_x000D_ (亿立方米)_x000D_ Converter_x000D_ Gas_x000D_ (108 cu.m) | L2: 其他煤气_x000D_ (亿立方米)_x000D_ Other Gas_x000D_ (108 cu.m) | M2: 其他焦化产品_x000D_ (万吨)_x000D_ Other_x000D_ Coking_x000D_ Products_x000D_ (104 tons) | N2: 油品合计_x000D_ (万吨)_x000D_ Petroleum_x000D_ Products_x000D_ Total_x000D_ (104 tons) | O2: 原油_x000D_ (万吨)_x000D_ Crude Oil_x000D_ (104 tons) | P2: 汽油_x000D_ (万吨)_x000D_ Gasoline_x000D_ (104 tons) | Q2: 煤油_x000D_ (万吨)_x000D_ Kerosene_x000D_ (104 tons) | R2: 柴油_x000D_ (万吨)_x000D_ Diesel Oil_x000D_ (104 tons) | S2: 燃料油_x000D_ (万吨)_x000D_ Fuel Oil_x000D_ (104 tons) | T2: 石脑油_x000D_ (万吨)_x000D_ Naphtha_x000D_ (104 tons) | U2: 润滑油_x000D_ (万吨)_x000D_ Lubricants_x000D_ (104 tons) | V2: 石蜡_x000D_ (万吨)_x000D_ Paraffin_x000D_ Waxes_x000D_ (104 tons) | W2: 溶剂油_x000D_ (万吨)_x000D_ White Spirit_x000D_ (104 tons) | X2: 石油沥青_x000D_ (万吨)_x000D_ Bitumen_x000D_ Asphalt_x000D_ (104 tons) | Y2: 石油焦_x000D_ (万吨)_x000D_ Petroleum_x000D_ Coke_x000D_ (104 tons) | Z2: 液化石油气_x000D_ (万吨)_x000D_ Liquefied_x000D_ Petroleum Gas_x000D_ (104 tons) | AA2: 炼厂干气_x000D_ (万吨)_x000D_ Refinery_x000D_ Gas_x000D_ (104 tons) | AB2: 其他石油制品_x000D_ (万吨)_x000D_ Other_x000D_ Petroleum_x000D_ Products_x000D_ (104 tons) | AC2: 天然气_x000D_ (亿立方米)_x000D_ Natural Gas_x000D_ (108 cu.m) | AD2: 液化天然气_x000D_ (万吨)_x000D_ Liquefied_x000D_ Natural Gas_x000D_ (104 tons) | AE2: 热力_x000D_ (万百万千焦)_x000D_ Heat_x000D_ (1010 kJ) | AF2: 电力_x000D_ (亿千瓦小时)_x000D_ Electricity_x000D_ (108 kW·h) | AG2: 其他能源_x000D_ (万吨标准煤)_x000D_ Other_x000D_ Energy_x000D_ (104 tce)
A3: 一.可供本地区消费的能源量 | B3: 414518.97 | C3: 415805.42 | D3: -747.63 | E3: -531 | F3: -7.81 | H3: 123.79 | N3: 67553.72 | O3: 69969.65 | P3: -1427.66 | Q3: -717.04 | R3: -2070.17 | S3: -436.41 | T3: 772.46 | U3: 16.3 | V3: -49.71 | W3: 5.1 | X3: 228.14 | Y3: 847.55 | Z3: 1892.07 | AB3: -1476.56 | AC3: 2350.63 | AD3: 6663.86 | AF3: 24317.69 | AG3: 7214.43
A4: 1.一次能源生产量 | B4: 390157.71 | C4: 390157.71 | N4: 19476.86 | O4: 19476.86 | AC4: 1924.95 | AF4: 24488.12 | AG4: 7214.43
A5: 水电 | AF5: 13552.09
A6: 核电 | AF6: 3662.55
A7: 风电 | AF7: 4664.74
A8: 2.进口量 | B8: 30361.09 | C8: 30361.09 | H8: 297.91 | N8: 60497.54 | O8: 54200.67 | P8: 48.05 | Q8: 265.73 | R8: 119.1 | S8: 1253.47 | T8: 788.7 | U8: 28.95 | V8: 11.34 | W8: 3.69 | X8: 475.92 | Y8: 1027.66 | Z8: 2004.63 | AB8: 269.65 | AC8: 476.53 | AD8: 6669.73 | AF8: 47.51
A9: 3.境内飞机和轮船在境外的加油量 | N9: 774.14 | Q9: 248.32 | R9: 18.37 | S9: 507.45
A10: 4.出口量(-) | B10: 319.46 | C10: 316.78 | F10: 2.68 | H10: 349.21 | N10: 6738.13 | O10: 163.81 | P10: 1600 | Q10: 997.48 | R10: 1975.95 | S10: 1583.31 | U10: 13.43 | V10: 66 | W10: 0.31 | X10: 56.74 | Y10: 178.36 | Z10: 94.89 | AB10: 7.86 | AC10: 50.85 | AD10: 5.87 | AF10: 217.93
A11: 5.境外飞机和轮船在境内的加油量(-) | N11: 812.9 | Q11: 228.78 | R11: 35.21 | S11: 548.91
A12: 6.库存增(-)、减(+)量 | B12: -5680.37 | C12: -4396.61 | D12: -747.63 | E12: -531 | F12: -5.13 | H12: 175.09 | N12: -5643.79 | O12: -3544.07 | P12: 124.29 | Q12: -4.82 | R12: -196.48 | S12: -65.1 | T12: -16.24 | U12: 0.79 | V12: 4.94 | W12: 1.72 | X12: -191.04 | Y12: -1.76 | Z12: -17.68 | AB12: -1738.35
A13: 二.加工转换投入(-)产出(+)量 | B13: -332434.09 | C13: -349916.36 | D13: 1117.8 | E13: 15008.33 | F13: 1356.13 | G13: -60.08 | H13: 46640.33 | I13: 711.53 | J13: 8481.93 | K13: 661.85 | L13: 145.4 | M13: 933.7 | N13: -3265.64 | O13: -69040.48 | P13: 14233.1 | Q13: 4129.42 | R13: 16383.32 | S13: 2749.06 | T13: 5621.91 | U13: 258.93 | V13: 239.24 | W13: 37.64 | X13: 3321.53 | Y13: 2454.29 | Z13: 3920.55 | AA13: 1896.13 | AB13: 10529.72 | AC13: -755.92 | AD13: 931.47 | AE13: 596841.75 | AF13: 53302.48 | AG13: -1325.91
A14: 1.火力发电 | B14: -211634.87 | C14: -206845.78 | E14: -4789.09 | G14: -2087.61 | H14: -250.03 | I14: -217.85 | J14: -2932.52 | K14: -360.91 | L14: -3.48 | N14: -321.54 | O14: -16.55 | R14: -27.58 | S14: -29.43 | Y14: -189.88 | Z14: -0.14 | AA14: -50.19 | AB14: -7.78 | AC14: -411.37 | AD14: -352.62 | AE14: -127833.91 | AF14: 53302.48 | AG14: -2017.84
A15: 2.供热 | B15: -36933.28 | C15: -35434.18 | E15: -1499.1 | G15: -762.82 | H15: -280.28 | I15: -57.17 | J15: -500.05 | K15: -49.18 | L15: -1.6 | N15: -677.7 | R15: -2.91 | S15: -231.38 | Y15: -256.55 | Z15: -7.71 | AA15: -165.2 | AB15: -13.95 | AC15: -169.66 | AD15: -48.78 | AE15: 613906.59 | AG15: -689.73
A16: 3.煤炭洗选 | B16: -11301.2 | C16: -90163.69 | D16: 56125.43 | E16: 22737.06 | G16: 2790.35
A17: 4.炼焦 | B17: -65967.64 | C17: -10960.01 | D17: -55007.63 | H17: 47188.23 | I17: 1032.53 | M17: 1350.21 | N17: -4.60 | Y17: -4.60
A18: 5.炼油及煤制油 | B18: -3047.29 | C18: -2914.28 | E18: -133.01 | M18: -412.06 | N18: 12495.07 | O18: -69023.93 | P18: 14256.69 | Q18: 4129.42 | R18: 16529.85 | S18: 5780.7 | T18: 7190.72 | U18: 263.38 | V18: 249.42 | W18: 39.97 | X18: 3950.47 | Y18: 2956.9 | Z18: 4489 | AA18: 2348.61 | AB18: 19333.88 | AC18: -31.42 | AG18: -415.24
A19: #油品再投入量(-) | N19: -14728 | P19: -23.59 | R19: -116.04 | S19: -2770.83 | T19: -1568.81 | U19: -4.45 | V19: -10.18 | W19: -2.32 | X19: -628.94 | Y19: -42.34 | Z19: -556.88 | AA19: -221.19 | AB19: -8782.42
A20: 6.制气 | B20: -3308.95 | C20: -3150.59 | E20: -158.35 | L20: 150.47 | M20: 2.17 | N20: -28.86 | Y20: -9.25 | Z20: -3.72 | AA20: -15.9 | AC20: 69.94 | AG20: 768.2
A21: #焦炭再投入量(-) | H21: -17.59 | I21: -45.99 | M21: -6.63 | AC21: -15.17
A22: 7.天然气液化 | AC22: -198.25 | AD22: 1332.86
A23: 8.煤制品加工 | B23: -240.86 | C23: -447.82 | E23: -1149.18 | F23: 1356.13
A24: 9.回收能 | J24: 11914.49 | K24: 1071.94 | AE24: 110769.08 | AG24: 1028.7
A25: 三.损失量 | N25: 18.26 | O25: 17.63 | Z25: 0.63 | AC25: 26.13 | AD25: 1.47 | AE25: 5204.8 | AF25: 3233.48
A26: 四.终端消费量 | B26: 72425.57 | C26: 57206.52 | E26: 13932.63 | F26: 1286.41 | H26: 47762.51 | I26: 727.21 | J26: 8638.81 | K26: 65137 | L26: 149.8 | M26: 1001.96 | N26: 62085.22 | O26: 419.03 | P26: 12743.57 | Q26: 3352.1 | R26: 14136.16 | S26: 2332.96 | T26: 6178.69 | U26: 267.78 | V26: 198.21 | W26: 44.16 | X26: 3479.59 | Y26: 3163.41 | Z26: 5652.07 | AA26: 1863.57 | AB26: 8253.91 | AC26: 1568.8 | AD26: 7590.07 | AE26: 591129.64 | AF26: 74386.69 | AG26: 5590.7
A27: 1.农、林、牧、渔业 | B27: 2253.9 | C27: 2172.28 | E27: 81.62 | H27: 23.24 | N27: 1773.1 | P27: 257.35 | Q27: 11 | R27: 1497.15 | S27: 1.13 | Z27: 6.47 | AC27: 1.28 | AE27: 111.89 | AF27: 1422.11 | AG27: 666.23
A28: 2.工业 | B28: 58457.16 | C28: 44258.69 | E28: 13300.72 | F28: 897.76 | H28: 47724.27 | I28: 718.58 | J28: 8638.81 | K28: 651.37 | L28: 97.63 | M28: 1001.96 | N28: 24428.39 | O28: 419.03 | P28: 160.38 | Q28: 9.39 | R28: 879.58 | S28: 230.69 | T28: 6178.69 | U28: 267.78 | V28: 198.21 | W28: 44.16 | X28: 349.52 | Y28: 3163.41 | Z28: 2496.33 | AA28: 1863.57 | AB28: 8167.65 | AC28: 614.97 | AD28: 7042.49 | AE28: 412216.71 | AF28: 49119.96 | AG28: 990.53
A29: #用作原料、材料 | B29: 13945.34 | C29: 11477.5 | E29: 2302.54 | F29: 165.3 | H29: 1818.29 | I29: 105.48 | M29: 369.98 | N29: 14394.21 | P29: 2.47 | Q29: 1.82 | R29: 20.75 | S29: 37.99 | T29: 5750.38 | U29: 245.96 | V29: 194.33 | W29: 41.56 | X29: 304.14 | Y29: 2423.03 | Z29: 866.76 | AA29: 127.15 | AB29: 4377.86 | AC29: 87.44 | AD29: 162.98 | AG29: 105.78
A30: 3.建筑业 | B30: 638.85 | C30: 597.02 | E30: 41.83 | H30: 3.57 | N30: 4180.29 | P30: 508.39 | Q30: 10.81 | R30: 503.92 | S30: 40.75 | X30: 3018.82 | Z30: 11.34 | AB30: 86.26 | AC30: 2.64 | AE30: 1933.11 | AF30: 1011.1 | AG30: 28.55
A31: 4.交通运输、仓储和邮政业 | B31: 241.01 | C31: 224.31 | E31: 16.7 | N31: 20480.16 | P31: 5573.57 | Q31: 3110.76 | R31: 9531.98 | S31: 2042.01 | X31: 111.24 | Z31: 110.61 | AC31: 272.25 | AD31: 547.58 | AE31: 3904.98 | AF31: 1750.98 | AG31: 1208.26
A32: 5.批发和零售业、住宿和餐饮业 | B32: 1981.18 | C32: 1926.62 | E32: 37.37 | F32: 17.18 | H32: 0.02 | I32: 0.68 | L32: 9.54 | N32: 583.27 | P32: 273.23 | Q32: 14.76 | R32: 197.61 | S32: 11.8 | Z32: 85.87 | AC32: 62.14 | AE32: 10405.72 | AF32: 3169.04 | AG32: 64
A33: 6.其他 | B33: 2570.8 | C33: 2488.06 | E33: 76.57 | F33: 6.17 | I33: 0.88 | N33: 3469.89 | P33: 2253.09 | Q33: 182.96 | R33: 946.15 | S33: 6.59 | Z33: 81.1 | AC33: 55.55 | AE33: 21207.86 | AF33: 6517.02 | AG33: 245.5
A34: 7.居民生活 | B34: 6282.66 | C34: 5539.54 | E34: 377.83 | F34: 365.29 | H34: 11.41 | I34: 7.07 | L34: 42.63 | N34: 7170.11 | P34: 3717.56 | Q34: 12.42 | R34: 579.78 | Z34: 2860.35 | AC34: 559.97 | AE34: 141349.38 | AF34: 11396.48 | AG34: 2387.64
A35: 城镇 | B35: 611.84 | C35: 482.44 | E35: 52.23 | F35: 77.18 | H35: 2.82 | I35: 5.12 | L35: 42.41 | N35: 4884.76 | P35: 2510.98 | Q35: 0.36 | R35: 265.29 | Z35: 2108.13 | AC35: 553.67 | AE35: 141349.38 | AF35: 6157.21 | AG35: 238
A36: 乡村 | B36: 5670.81 | C36: 5057.1 | E36: 325.6 | F36: 288.11 | H36: 8.59 | I36: 1.95 | L36: 0.22 | N36: 2285.35 | P36: 1206.59 | Q36: 12.06 | R36: 314.49 | Z36: 752.22 | AC36: 6.3 | AF36: 5239.27 | AG36: 2149.64
A37: 五.平衡差额 | B37: 9659.31 | C37: 8682.54 | D37: 370.17 | E37: 544.69 | F37: 61.91 | G37: -60.08 | H37: -998.4 | I37: -15.67 | J37: -156.88 | K37: 10.48 | L37: -4.4 | M37: -68.26 | N37: 2184.6 | O37: 492.5 | P37: 61.87 | Q37: 60.28 | R37: 176.98 | S37: -20.31 | T37: 215.68 | U37: 7.46 | V37: -8.68 | W37: -1.41 | X37: 70.08 | Y37: 138.42 | Z37: 159.91 | AA37: 32.56 | AB37: 799.25 | AC37: -0.22 | AD37: 3.79 | AE37: 507.31 | AG37: 297.82
A38: 六.消费量合计 | B38: 404859.66 | C38: 407122.88 | D38: 55007.63 | E38: 21661.36 | F38: 1286.41 | G38: 2850.43 | H38: 48310.41 | I38: 1048.21 | J38: 12071.38 | K38: 1061.46 | L38: 154.88 | M38: 1420.65 | N38: 65369.11 | O38: 69477.14 | P38: 12767.16 | Q38: 3352.1 | R38: 14282.7 | S38: 5364.6 | T38: 7747.49 | U38: 272.23 | V38: 208.39 | W38: 46.48 | X38: 4108.53 | Y38: 3666.03 | Z38: 6221.15 | AA38: 2316.04 | AB38: 17058.07 | AC38: 2236.86 | AD38: 7992.93 | AE38: 72416835 | AF38: 77620.17 | AG38: 8713.51

Sheet Non-energy Use 2019
A1: Feedstock - BTU | C1: =VLOOKUP(C$3,'Fuel Match'!$B$2:$D$35,3,0) -> coal | D1: =VLOOKUP(D$3,'Fuel Match'!$B$2:$D$35,3,0) -> coal | E1: =VLOOKUP(E$3,'Fuel Match'!$B$2:$D$35,3,0) -> coal | F1: =VLOOKUP(F$3,'Fuel Match'!$B$2:$D$35,3,0) -> coal | G1: =VLOOKUP(G$3,'Fuel Match'!$B$2:$D$35,3,0) -> coal | H1: =VLOOKUP(H$3,'Fuel Match'!$B$2:$D$35,3,0) -> coal | I1: =VLOOKUP(I$3,'Fuel Match'!$B$2:$D$35,3,0) -> LPG propane or butane | J1: =VLOOKUP(J$3,'Fuel Match'!$B$2:$D$35,3,0) -> LPG propane or butane | ... AF1: =VLOOKUP(AF$3,'Fuel Match'!$B$2:$D$35,3,0) -> biomass
A2: 项 目 | C2: 原煤_x000D_ (万吨)_x000D_ Raw Coal_x000D_ (104 tons) | D2: 洗精煤_x000D_ (万吨)_x000D_ Cleaned_x000D_ Coal_x000D_ (104 tons) | E2: 其他洗煤_x000D_ (万吨)_x000D_ Other_x000D_ Washed_x000D_ Coal_x000D_ (104 tons) | F2: 煤制品_x000D_ (万吨)_x000D_ Briquettes_x000D_ (104 tons) | G2: 煤矸石_x000D_ (万吨)_x000D_ Gangue_x000D_ (104 tons) | H2: 焦炭_x000D_ (万吨)_x000D_ Coke_x000D_ (104 tons) | I2: 焦炉煤气_x000D_ (亿立方米)_x000D_ Coke Oven_x000D_ Gas_x000D_ (108 cu.m) | J2: 高炉煤气_x000D_ (亿立方米)_x000D_ Blast Furnace_x000D_ Gas_x000D_ (108 cu.m) | K2: 转炉煤气_x000D_ (亿立方米)_x000D_ Converter_x000D_ Gas_x000D_ (108 cu.m) | L2: 其他煤气_x000D_ (亿立方米)_x000D_ Other Gas_x000D_ (108 cu.m) | M2: 其他焦化产品_x000D_ (万吨)_x000D_ Other_x000D_ Coking_x000D_ Products_x000D_ (104 tons) | N2: 原油_x000D_ (万吨)_x000D_ Crude Oil_x000D_ (104 tons) | O2: 汽油_x000D_ (万吨)_x000D_ Gasoline_x000D_ (104 tons) | P2: 煤油_x000D_ (万吨)_x000D_ Kerosene_x000D_ (104 tons) | Q2: 柴油_x000D_ (万吨)_x000D_ Diesel Oil_x000D_ (104 tons) | R2: 燃料油_x000D_ (万吨)_x000D_ Fuel Oil_x000D_ (104 tons) | S2: 石脑油_x000D_ (万吨)_x000D_ Naphtha_x000D_ (104 tons) | T2: 润滑油_x000D_ (万吨)_x000D_ Lubricants_x000D_ (104 tons) | U2: 石蜡_x000D_ (万吨)_x000D_ Paraffin_x000D_ Waxes_x000D_ (104 tons) | V2: 溶剂油_x000D_ (万吨)_x000D_ White Spirit_x000D_ (104 tons) | W2: 石油沥青_x000D_ (万吨)_x000D_ Bitumen_x000D_ Asphalt_x000D_ (104 tons) | X2: 石油焦_x000D_ (万吨)_x000D_ Petroleum_x000D_ Coke_x000D_ (104 tons) | Y2: 液化石油气_x000D_ (万吨)_x000D_ Liquefied_x000D_ Petroleum Gas_x000D_ (104 tons) | Z2: 炼厂干气_x000D_ (万吨)_x000D_ Refinery_x000D_ Gas_x000D_ (104 tons) | AA2: 其他石油制品_x000D_ (万吨)_x000D_ Other_x000D_ Petroleum_x000D_ Products_x000D_ (104 tons) | AB2: 天然气_x000D_ (亿立方米)_x000D_ Natural Gas_x000D_ (108 cu.m) | AC2: 液化天然气_x000D_ (万吨)_x000D_ Liquefied_x000D_ Natural Gas_x000D_ (104 tons) | AD2: 热力_x000D_ (万百万千焦)_x000D_ Heat_x000D_ (1010 kJ) | AE2: 电力_x000D_ (亿千瓦小时)_x000D_ Electricity_x000D_ (108 kW·h) | AF2: 其他能源_x000D_ (万吨标准煤)_x000D_ Other_x000D_ Energy_x000D_ (104 tce)
A3: Rename | C3: 原煤 | D3: 洗精煤 | E3: 其他洗煤 | F3: 煤制品 | G3: 煤矸石 | H3: 焦炭 | I3: 焦炉煤气 | J3: 高炉煤气 | K3: 转炉煤气 | L3: 其他煤气 | M3: 其他焦化产品 | N3: 原油 | O3: 汽油 | P3: 煤油 | Q3: 柴油 | R3: 燃料油 | S3: 石脑油 | T3: 润滑油 | U3: 石蜡 | V3: 溶剂油 | W3: 石油沥青 | X3: 石油焦 | Y3: 液化石油气 | Z3: 炼厂干气 | AA3: 其他石油制品 | AB3: 天然气 | AC3: 液化天然气 | AD3: 热力 | AE3: 电力 | AF3: 其他能源
A4: 工业原料 | C4: =INDEX('Energy Balance-2019'!$A$2:$AG$38,MATCH('Energy Balance-2019'!$A$29,'Energy Balance-2019'!$A$2:$A$38,0),MATCH(C$2,'Energy Balance-2019'!$A$2:$AG$2,0))*VLOOKUP(C$3,'Heat Value'!$A$1:$E$33,5,0) -> 2.1561467e+15 | D4: =INDEX('Energy Balance-2019'!$A$2:$AG$38,MATCH('Energy Balance-2019'!$A$29,'Energy Balance-2019'!$A$2:$A$38,0),MATCH(D$2,'Energy Balance-2019'!$A$2:$AG$2,0))*VLOOKUP(D$3,'Heat Value'!$A$1:$E$33,5,0) -> 0 | E4: =INDEX('Energy Balance-2019'!$A$2:$AG$38,MATCH('Energy Balance-2019'!$A$29,'Energy Balance-2019'!$A$2:$A$38,0),MATCH(E$2,'Energy Balance-2019'!$A$2:$AG$2,0))*VLOOKUP(E$3,'Heat Value'!$A$1:$E$33,5,0) -> 1.3782446e+14 | F4: =INDEX('Energy Balance-2019'!$A$2:$AG$38,MATCH('Energy Balance-2019'!$A$29,'Energy Balance-2019'!$A$2:$A$38,0),MATCH(F$2,'Energy Balance-2019'!$A$2:$AG$2,0))*VLOOKUP("型煤",'Heat Value'!$A$1:$E$33,5,0) -> 1.0277634e+13 | G4: =INDEX('Energy Balance-2019'!$A$2:$AG$38,MATCH('Energy Balance-2019'!$A$29,'Energy Balance-2019'!$A$2:$A$38,0),MATCH(G$2,'Energy Balance-2019'!$A$2:$AG$2,0))*VLOOKUP(G$3,'Heat Value'!$A$1:$E$33,5,0) -> 0 | H4: =INDEX('Energy Balance-2019'!$A$2:$AG$38,MATCH('Energy Balance-2019'!$A$29,'Energy Balance-2019'!$A$2:$A$38,0),MATCH(H$2,'Energy Balance-2019'!$A$2:$AG$2,0))*VLOOKUP(H$3,'Heat Value'!$A$1:$E$33,5,0) -> 3.9746522e+14 | I4: =INDEX('Energy Balance-2019'!$A$2:$AG$38,MATCH('Energy Balance-2019'!$A$29,'Energy Balance-2019'!$A$2:$A$38,0),MATCH(I$2,'Energy Balance-2019'!$A$2:$AG$2,0))*VLOOKUP(I$3,'Heat Value'!$A$1:$E$33,5,0) -> 0 | J4: =INDEX('Energy Balance-2019'!$A$2:$AG$38,MATCH('Energy Balance-2019'!$A$29,'Energy Balance-2019'!$A$2:$A$38,0),MATCH(J$2,'Energy Balance-2019'!$A$2:$AG$2,0))*VLOOKUP(J$3,'Heat Value'!$A$1:$E$33,5,0) -> 0 | K4: =INDEX('Energy Balance-2019'!$A$2:$AG$38,MATCH('Energy Balance-2019'!$A$29,'Energy Balance-2019'!$A$2:$A$38,0),MATCH(K$2,'Energy Balance-2019'!$A$2:$AG$2,0))*VLOOKUP(K$3,'Heat Value'!$A$1:$E$33,5,0) -> 0 | L4: =INDEX('Energy Balance-2019'!$A$2:$AG$38,MATCH('Energy Balance-2019'!$A$29,'Energy Balance-2019'!$A$2:$A$38,0),MATCH(L$2,'Energy Balance-2019'!$A$2:$AG$2,0))*VLOOKUP(L$3,'Heat Value'!$A$1:$E$33,5,0) -> 0 | M4: =INDEX('Energy Balance-2019'!$A$2:$AG$38,MATCH('Energy Balance-2019'!$A$29,'Energy Balance-2019'!$A$2:$A$38,0),MATCH(M$2,'Energy Balance-2019'!$A$2:$AG$2,0))*VLOOKUP(M$3,'Heat Value'!$A$1:$E$33,5,0) -> 1.420615e+14 | N4: =INDEX('Energy Balance-2019'!$A$2:$AG$38,MATCH('Energy Balance-2019'!$A$29,'Energy Balance-2019'!$A$2:$A$38,0),MATCH(N$2,'Energy Balance-2019'!$A$2:$AG$2,0))*VLOOKUP(N$3,'Heat Value'!$A$1:$E$33,5,0) -> 0 | ... AF4: =INDEX('Energy Balance-2019'!$A$2:$AG$38,MATCH('Energy Balance-2019'!$A$29,'Energy Balance-2019'!$A$2:$A$38,0),MATCH(AF$2,'Energy Balance-2019'!$A$2:$AG$2,0))*VLOOKUP(AF$3,'Heat Value'!$A$1:$E$33,5,0) -> 0
A5: 煤炭开采和洗选业 | C5: =VLOOKUP($A5,'Feedstock Split-2019'!$A$1:$AG$43,MATCH(C$2,'Feedstock Split-2019'!$A$1:$AG$1,0),0)*C$4 -> 0 | D5: =VLOOKUP($A5,'Feedstock Split-2019'!$A$1:$AG$43,MATCH(D$2,'Feedstock Split-2019'!$A$1:$AG$1,0),0)*D$4 -> 0 | E5: =VLOOKUP($A5,'Feedstock Split-2019'!$A$1:$AG$43,MATCH(E$2,'Feedstock Split-2019'!$A$1:$AG$1,0),0)*E$4 -> 0 | F5: =VLOOKUP($A5,'Feedstock Split-2019'!$A$1:$AG$43,MATCH(F$2,'Feedstock Split-2019'!$A$1:$AG$1,0),0)*F$4 -> 0 | G5: =VLOOKUP($A5,'Feedstock Split-2019'!$A$1:$AG$43,MATCH(G$2,'Feedstock Split-2019'!$A$1:$AG$1,0),0)*G$4 -> 0 | H5: =VLOOKUP($A5,'Feedstock Split-2019'!$A$1:$AG$43,MATCH(H$2,'Feedstock Split-2019'!$A$1:$AG$1,0),0)*H$4 -> 0 | I5: =VLOOKUP($A5,'Feedstock Split-2019'!$A$1:$AG$43,MATCH(I$2,'Feedstock Split-2019'!$A$1:$AG$1,0),0)*I$4 -> 0 | J5: =VLOOKUP($A5,'Feedstock Split-2019'!$A$1:$AG$43,MATCH(J$2,'Feedstock Split-2019'!$A$1:$AG$1,0),0)*J$4 -> 0 | ... AF5: =VLOOKUP($A5,'Feedstock Split-2019'!$A$1:$AG$43,MATCH(AF$2,'Feedstock Split-2019'!$A$1:$AG$1,0),0)*AF$4 -> 0
A6: 石油和天然气开采业 | C6: =VLOOKUP($A6,'Feedstock Split-2019'!$A$1:$AG$43,MATCH(C$2,'Feedstock Split-2019'!$A$1:$AG$1,0),0)*C$4 -> 0 | D6: =VLOOKUP($A6,'Feedstock Split-2019'!$A$1:$AG$43,MATCH(D$2,'Feedstock Split-2019'!$A$1:$AG$1,0),0)*D$4 -> 0 | E6: =VLOOKUP($A6,'Feedstock Split-2019'!$A$1:$AG$43,MATCH(E$2,'Feedstock Split-2019'!$A$1:$AG$1,0),0)*E$4 -> 0 | F6: =VLOOKUP($A6,'Feedstock Split-2019'!$A$1:$AG$43,MATCH(F$2,'Feedstock Split-2019'!$A$1:$AG$1,0),0)*F$4 -> 0 | G6: =VLOOKUP($A6,'Feedstock Split-2019'!$A$1:$AG$43,MATCH(G$2,'Feedstock Split-2019'!$A$1:$AG$1,0),0)*G$4 -> 0 | H6: =VLOOKUP($A6,'Feedstock Split-2019'!$A$1:$AG$43,MATCH(H$2,'Feedstock Split-2019'!$A$1:$AG$1,0),0)*H$4 -> 0 | I6: =VLOOKUP($A6,'Feedstock Split-2019'!$A$1:$AG$43,MATCH(I$2,'Feedstock Split-2019'!$A$1:$AG$1,0),0)*I$4 -> 0 | J6: =VLOOKUP($A6,'Feedstock Split-2019'!$A$1:$AG$43,MATCH(J$2,'Feedstock Split-2019'!$A$1:$AG$1,0),0)*J$4 -> 0 | ... AF6: =VLOOKUP($A6,'Feedstock Split-2019'!$A$1:$AG$43,MATCH(AF$2,'Feedstock Split-2019'!$A$1:$AG$1,0),0)*AF$4 -> 0
A7: 黑色金属矿采选业 | C7: =VLOOKUP($A7,'Feedstock Split-2019'!$A$1:$AG$43,MATCH(C$2,'Feedstock Split-2019'!$A$1:$AG$1,0),0)*C$4 -> 0 | D7: =VLOOKUP($A7,'Feedstock Split-2019'!$A$1:$AG$43,MATCH(D$2,'Feedstock Split-2019'!$A$1:$AG$1,0),0)*D$4 -> 0 | E7: =VLOOKUP($A7,'Feedstock Split-2019'!$A$1:$AG$43,MATCH(E$2,'Feedstock Split-2019'!$A$1:$AG$1,0),0)*E$4 -> 0 | F7: =VLOOKUP($A7,'Feedstock Split-2019'!$A$1:$AG$43,MATCH(F$2,'Feedstock Split-2019'!$A$1:$AG$1,0),0)*F$4 -> 0 | G7: =VLOOKUP($A7,'Feedstock Split-2019'!$A$1:$AG$43,MATCH(G$2,'Feedstock Split-2019'!$A$1:$AG$1,0),0)*G$4 -> 0 | H7: =VLOOKUP($A7,'Feedstock Split-2019'!$A$1:$AG$43,MATCH(H$2,'Feedstock Split-2019'!$A$1:$AG$1,0),0)*H$4 -> 0 | I7: =VLOOKUP($A7,'Feedstock Split-2019'!$A$1:$AG$43,MATCH(I$2,'Feedstock Split-2019'!$A$1:$AG$1,0),0)*I$4 -> 0 | J7: =VLOOKUP($A7,'Feedstock Split-2019'!$A$1:$AG$43,MATCH(J$2,'Feedstock Split-2019'!$A$1:$AG$1,0),0)*J$4 -> 0 | ... AF7: =VLOOKUP($A7,'Feedstock Split-2019'!$A$1:$AG$43,MATCH(AF$2,'Feedstock Split-2019'!$A$1:$AG$1,0),0)*AF$4 -> 0
A8: 有色金属矿采选业 | C8: =VLOOKUP($A8,'Feedstock Split-2019'!$A$1:$AG$43,MATCH(C$2,'Feedstock Split-2019'!$A$1:$AG$1,0),0)*C$4 -> 0 | D8: =VLOOKUP($A8,'Feedstock Split-2019'!$A$1:$AG$43,MATCH(D$2,'Feedstock Split-2019'!$A$1:$AG$1,0),0)*D$4 -> 0 | E8: =VLOOKUP($A8,'Feedstock Split-2019'!$A$1:$AG$43,MATCH(E$2,'Feedstock Split-2019'!$A$1:$AG$1,0),0)*E$4 -> 0 | F8: =VLOOKUP($A8,'Feedstock Split-2019'!$A$1:$AG$43,MATCH(F$2,'Feedstock Split-2019'!$A$1:$AG$1,0),0)*F$4 -> 0 | G8: =VLOOKUP($A8,'Feedstock Split-2019'!$A$1:$AG$43,MATCH(G$2,'Feedstock Split-2019'!$A$1:$AG$1,0),0)*G$4 -> 0 | H8: =VLOOKUP($A8,'Feedstock Split-2019'!$A$1:$AG$43,MATCH(H$2,'Feedstock Split-2019'!$A$1:$AG$1,0),0)*H$4 -> 0 | I8: =VLOOKUP($A8,'Feedstock Split-2019'!$A$1:$AG$43,MATCH(I$2,'Feedstock Split-2019'!$A$1:$AG$1,0),0)*I$4 -> 0 | J8: =VLOOKUP($A8,'Feedstock Split-2019'!$A$1:$AG$43,MATCH(J$2,'Feedstock Split-2019'!$A$1:$AG$1,0),0)*J$4 -> 0 | ... AF8: =VLOOKUP($A8,'Feedstock Split-2019'!$A$1:$AG$43,MATCH(AF$2,'Feedstock Split-2019'!$A$1:$AG$1,0),0)*AF$4 -> 0
A9: 非金属矿采选业 | C9: =VLOOKUP($A9,'Feedstock Split-2019'!$A$1:$AG$43,MATCH(C$2,'Feedstock Split-2019'!$A$1:$AG$1,0),0)*C$4 -> 0 | D9: =VLOOKUP($A9,'Feedstock Split-2019'!$A$1:$AG$43,MATCH(D$2,'Feedstock Split-2019'!$A$1:$AG$1,0),0)*D$4 -> 0 | E9: =VLOOKUP($A9,'Feedstock Split-2019'!$A$1:$AG$43,MATCH(E$2,'Feedstock Split-2019'!$A$1:$AG$1,0),0)*E$4 -> 0 | F9: =VLOOKUP($A9,'Feedstock Split-2019'!$A$1:$AG$43,MATCH(F$2,'Feedstock Split-2019'!$A$1:$AG$1,0),0)*F$4 -> 0 | G9: =VLOOKUP($A9,'Feedstock Split-2019'!$A$1:$AG$43,MATCH(G$2,'Feedstock Split-2019'!$A$1:$AG$1,0),0)*G$4 -> 0 | H9: =VLOOKUP($A9,'Feedstock Split-2019'!$A$1:$AG$43,MATCH(H$2,'Feedstock Split-2019'!$A$1:$AG$1,0),0)*H$4 -> 0 | I9: =VLOOKUP($A9,'Feedstock Split-2019'!$A$1:$AG$43,MATCH(I$2,'Feedstock Split-2019'!$A$1:$AG$1,0),0)*I$4 -> 0 | J9: =VLOOKUP($A9,'Feedstock Split-2019'!$A$1:$AG$43,MATCH(J$2,'Feedstock Split-2019'!$A$1:$AG$1,0),0)*J$4 -> 0 | ... AF9: =VLOOKUP($A9,'Feedstock Split-2019'!$A$1:$AG$43,MATCH(AF$2,'Feedstock Split-2019'!$A$1:$AG$1,0),0)*AF$4 -> 0
A10: 开采专业及辅助性活动 | C10: =VLOOKUP($A10,'Feedstock Split-2019'!$A$1:$AG$43,MATCH(C$2,'Feedstock Split-2019'!$A$1:$AG$1,0),0)*C$4 -> 0 | D10: =VLOOKUP($A10,'Feedstock Split-2019'!$A$1:$AG$43,MATCH(D$2,'Feedstock Split-2019'!$A$1:$AG$1,0),0)*D$4 -> 0 | E10: =VLOOKUP($A10,'Feedstock Split-2019'!$A$1:$AG$43,MATCH(E$2,'Feedstock Split-2019'!$A$1:$AG$1,0),0)*E$4 -> 0 | F10: =VLOOKUP($A10,'Feedstock Split-2019'!$A$1:$AG$43,MATCH(F$2,'Feedstock Split-2019'!$A$1:$AG$1,0),0)*F$4 -> 0 | G10: =VLOOKUP($A10,'Feedstock Split-2019'!$A$1:$AG$43,MATCH(G$2,'Feedstock Split-2019'!$A$1:$AG$1,0),0)*G$4 -> 0 | H10: =VLOOKUP($A10,'Feedstock Split-2019'!$A$1:$AG$43,MATCH(H$2,'Feedstock Split-2019'!$A$1:$AG$1,0),0)*H$4 -> 0 | I10: =VLOOKUP($A10,'Feedstock Split-2019'!$A$1:$AG$43,MATCH(I$2,'Feedstock Split-2019'!$A$1:$AG$1,0),0)*I$4 -> 0 | J10: =VLOOKUP($A10,'Feedstock Split-2019'!$A$1:$AG$43,MATCH(J$2,'Feedstock Split-2019'!$A$1:$AG$1,0),0)*J$4 -> 0 | ... AF10: =VLOOKUP($A10,'Feedstock Split-2019'!$A$1:$AG$43,MATCH(AF$2,'Feedstock Split-2019'!$A$1:$AG$1,0),0)*AF$4 -> 0
A11: 其他采矿业 | C11: =VLOOKUP($A11,'Feedstock Split-2019'!$A$1:$AG$43,MATCH(C$2,'Feedstock Split-2019'!$A$1:$AG$1,0),0)*C$4 -> 0 | D11: =VLOOKUP($A11,'Feedstock Split-2019'!$A$1:$AG$43,MATCH(D$2,'Feedstock Split-2019'!$A$1:$AG$1,0),0)*D$4 -> 0 | E11: =VLOOKUP($A11,'Feedstock Split-2019'!$A$1:$AG$43,MATCH(E$2,'Feedstock Split-2019'!$A$1:$AG$1,0),0)*E$4 -> 0 | F11: =VLOOKUP($A11,'Feedstock Split-2019'!$A$1:$AG$43,MATCH(F$2,'Feedstock Split-2019'!$A$1:$AG$1,0),0)*F$4 -> 0 | G11: =VLOOKUP($A11,'Feedstock Split-2019'!$A$1:$AG$43,MATCH(G$2,'Feedstock Split-2019'!$A$1:$AG$1,0),0)*G$4 -> 0 | H11: =VLOOKUP($A11,'Feedstock Split-2019'!$A$1:$AG$43,MATCH(H$2,'Feedstock Split-2019'!$A$1:$AG$1,0),0)*H$4 -> 0 | I11: =VLOOKUP($A11,'Feedstock Split-2019'!$A$1:$AG$43,MATCH(I$2,'Feedstock Split-2019'!$A$1:$AG$1,0),0)*I$4 -> 0 | J11: =VLOOKUP($A11,'Feedstock Split-2019'!$A$1:$AG$43,MATCH(J$2,'Feedstock Split-2019'!$A$1:$AG$1,0),0)*J$4 -> 0 | ... AF11: =VLOOKUP($A11,'Feedstock Split-2019'!$A$1:$AG$43,MATCH(AF$2,'Feedstock Split-2019'!$A$1:$AG$1,0),0)*AF$4 -> 0
A12: 农副食品加工业 | C12: =VLOOKUP($A12,'Feedstock Split-2019'!$A$1:$AG$43,MATCH(C$2,'Feedstock Split-2019'!$A$1:$AG$1,0),0)*C$4 -> 0 | D12: =VLOOKUP($A12,'Feedstock Split-2019'!$A$1:$AG$43,MATCH(D$2,'Feedstock Split-2019'!$A$1:$AG$1,0),0)*D$4 -> 0 | E12: =VLOOKUP($A12,'Feedstock Split-2019'!$A$1:$AG$43,MATCH(E$2,'Feedstock Split-2019'!$A$1:$AG$1,0),0)*E$4 -> 0 | F12: =VLOOKUP($A12,'Feedstock Split-2019'!$A$1:$AG$43,MATCH(F$2,'Feedstock Split-2019'!$A$1:$AG$1,0),0)*F$4 -> 0 | G12: =VLOOKUP($A12,'Feedstock Split-2019'!$A$1:$AG$43,MATCH(G$2,'Feedstock Split-2019'!$A$1:$AG$1,0),0)*G$4 -> 0 | H12: =VLOOKUP($A12,'Feedstock Split-2019'!$A$1:$AG$43,MATCH(H$2,'Feedstock Split-2019'!$A$1:$AG$1,0),0)*H$4 -> 0 | I12: =VLOOKUP($A12,'Feedstock Split-2019'!$A$1:$AG$43,MATCH(I$2,'Feedstock Split-2019'!$A$1:$AG$1,0),0)*I$4 -> 0 | J12: =VLOOKUP($A12,'Feedstock Split-2019'!$A$1:$AG$43,MATCH(J$2,'Feedstock Split-2019'!$A$1:$AG$1,0),0)*J$4 -> 0 | ... AF12: =VLOOKUP($A12,'Feedstock Split-2019'!$A$1:$AG$43,MATCH(AF$2,'Feedstock Split-2019'!$A$1:$AG$1,0),0)*AF$4 -> 0
A13: 食品制造业 | C13: =VLOOKUP($A13,'Feedstock Split-2019'!$A$1:$AG$43,MATCH(C$2,'Feedstock Split-2019'!$A$1:$AG$1,0),0)*C$4 -> 0 | D13: =VLOOKUP($A13,'Feedstock Split-2019'!$A$1:$AG$43,MATCH(D$2,'Feedstock Split-2019'!$A$1:$AG$1,0),0)*D$4 -> 0 | E13: =VLOOKUP($A13,'Feedstock Split-2019'!$A$1:$AG$43,MATCH(E$2,'Feedstock Split-2019'!$A$1:$AG$1,0),0)*E$4 -> 0 | F13: =VLOOKUP($A13,'Feedstock Split-2019'!$A$1:$AG$43,MATCH(F$2,'Feedstock Split-2019'!$A$1:$AG$1,0),0)*F$4 -> 0 | G13: =VLOOKUP($A13,'Feedstock Split-2019'!$A$1:$AG$43,MATCH(G$2,'Feedstock Split-2019'!$A$1:$AG$1,0),0)*G$4 -> 0 | H13: =VLOOKUP($A13,'Feedstock Split-2019'!$A$1:$AG$43,MATCH(H$2,'Feedstock Split-2019'!$A$1:$AG$1,0),0)*H$4 -> 0 | I13: =VLOOKUP($A13,'Feedstock Split-2019'!$A$1:$AG$43,MATCH(I$2,'Feedstock Split-2019'!$A$1:$AG$1,0),0)*I$4 -> 0 | J13: =VLOOKUP($A13,'Feedstock Split-2019'!$A$1:$AG$43,MATCH(J$2,'Feedstock Split-2019'!$A$1:$AG$1,0),0)*J$4 -> 0 | ... AF13: =VLOOKUP($A13,'Feedstock Split-2019'!$A$1:$AG$43,MATCH(AF$2,'Feedstock Split-2019'!$A$1:$AG$1,0),0)*AF$4 -> 0
A14: 酒、饮料和精制茶制造业 | C14: =VLOOKUP($A14,'Feedstock Split-2019'!$A$1:$AG$43,MATCH(C$2,'Feedstock Split-2019'!$A$1:$AG$1,0),0)*C$4 -> 0 | D14: =VLOOKUP($A14,'Feedstock Split-2019'!$A$1:$AG$43,MATCH(D$2,'Feedstock Split-2019'!$A$1:$AG$1,0),0)*D$4 -> 0 | E14: =VLOOKUP($A14,'Feedstock Split-2019'!$A$1:$AG$43,MATCH(E$2,'Feedstock Split-2019'!$A$1:$AG$1,0),0)*E$4 -> 0 | F14: =VLOOKUP($A14,'Feedstock Split-2019'!$A$1:$AG$43,MATCH(F$2,'Feedstock Split-2019'!$A$1:$AG$1,0),0)*F$4 -> 0 | G14: =VLOOKUP($A14,'Feedstock Split-2019'!$A$1:$AG$43,MATCH(G$2,'Feedstock Split-2019'!$A$1:$AG$1,0),0)*G$4 -> 0 | H14: =VLOOKUP($A14,'Feedstock Split-2019'!$A$1:$AG$43,MATCH(H$2,'Feedstock Split-2019'!$A$1:$AG$1,0),0)*H$4 -> 0 | I14: =VLOOKUP($A14,'Feedstock Split-2019'!$A$1:$AG$43,MATCH(I$2,'Feedstock Split-2019'!$A$1:$AG$1,0),0)*I$4 -> 0 | J14: =VLOOKUP($A14,'Feedstock Split-2019'!$A$1:$AG$43,MATCH(J$2,'Feedstock Split-2019'!$A$1:$AG$1,0),0)*J$4 -> 0 | ... AF14: =VLOOKUP($A14,'Feedstock Split-2019'!$A$1:$AG$43,MATCH(AF$2,'Feedstock Split-2019'!$A$1:$AG$1,0),0)*AF$4 -> 0
A15: 烟草制品业 | C15: =VLOOKUP($A15,'Feedstock Split-2019'!$A$1:$AG$43,MATCH(C$2,'Feedstock Split-2019'!$A$1:$AG$1,0),0)*C$4 -> 0 | D15: =VLOOKUP($A15,'Feedstock Split-2019'!$A$1:$AG$43,MATCH(D$2,'Feedstock Split-2019'!$A$1:$AG$1,0),0)*D$4 -> 0 | E15: =VLOOKUP($A15,'Feedstock Split-2019'!$A$1:$AG$43,MATCH(E$2,'Feedstock Split-2019'!$A$1:$AG$1,0),0)*E$4 -> 0 | F15: =VLOOKUP($A15,'Feedstock Split-2019'!$A$1:$AG$43,MATCH(F$2,'Feedstock Split-2019'!$A$1:$AG$1,0),0)*F$4 -> 0 | G15: =VLOOKUP($A15,'Feedstock Split-2019'!$A$1:$AG$43,MATCH(G$2,'Feedstock Split-2019'!$A$1:$AG$1,0),0)*G$4 -> 0 | H15: =VLOOKUP($A15,'Feedstock Split-2019'!$A$1:$AG$43,MATCH(H$2,'Feedstock Split-2019'!$A$1:$AG$1,0),0)*H$4 -> 0 | I15: =VLOOKUP($A15,'Feedstock Split-2019'!$A$1:$AG$43,MATCH(I$2,'Feedstock Split-2019'!$A$1:$AG$1,0),0)*I$4 -> 0 | J15: =VLOOKUP($A15,'Feedstock Split-2019'!$A$1:$AG$43,MATCH(J$2,'Feedstock Split-2019'!$A$1:$AG$1,0),0)*J$4 -> 0 | ... AF15: =VLOOKUP($A15,'Feedstock Split-2019'!$A$1:$AG$43,MATCH(AF$2,'Feedstock Split-2019'!$A$1:$AG$1,0),0)*AF$4 -> 0
A16: 纺织业 | C16: =VLOOKUP($A16,'Feedstock Split-2019'!$A$1:$AG$43,MATCH(C$2,'Feedstock Split-2019'!$A$1:$AG$1,0),0)*C$4 -> 0 | D16: =VLOOKUP($A16,'Feedstock Split-2019'!$A$1:$AG$43,MATCH(D$2,'Feedstock Split-2019'!$A$1:$AG$1,0),0)*D$4 -> 0 | E16: =VLOOKUP($A16,'Feedstock Split-2019'!$A$1:$AG$43,MATCH(E$2,'Feedstock Split-2019'!$A$1:$AG$1,0),0)*E$4 -> 0 | F16: =VLOOKUP($A16,'Feedstock Split-2019'!$A$1:$AG$43,MATCH(F$2,'Feedstock Split-2019'!$A$1:$AG$1,0),0)*F$4 -> 0 | G16: =VLOOKUP($A16,'Feedstock Split-2019'!$A$1:$AG$43,MATCH(G$2,'Feedstock Split-2019'!$A$1:$AG$1,0),0)*G$4 -> 0 | H16: =VLOOKUP($A16,'Feedstock Split-2019'!$A$1:$AG$43,MATCH(H$2,'Feedstock Split-2019'!$A$1:$AG$1,0),0)*H$4 -> 0 | I16: =VLOOKUP($A16,'Feedstock Split-2019'!$A$1:$AG$43,MATCH(I$2,'Feedstock Split-2019'!$A$1:$AG$1,0),0)*I$4 -> 0 | J16: =VLOOKUP($A16,'Feedstock Split-2019'!$A$1:$AG$43,MATCH(J$2,'Feedstock Split-2019'!$A$1:$AG$1,0),0)*J$4 -> 0 | ... AF16: =VLOOKUP($A16,'Feedstock Split-2019'!$A$1:$AG$43,MATCH(AF$2,'Feedstock Split-2019'!$A$1:$AG$1,0),0)*AF$4 -> 0
... A45: 水的生产和供应业 | C45: =VLOOKUP($A45,'Feedstock Split-2019'!$A$1:$AG$43,MATCH(C$2,'Feedstock Split-2019'!$A$1:$AG$1,0),0)*C$4 -> 0 | D45: =VLOOKUP($A45,'Feedstock Split-2019'!$A$1:$AG$43,MATCH(D$2,'Feedstock Split-2019'!$A$1:$AG$1,0),0)*D$4 -> 0 | E45: =VLOOKUP($A45,'Feedstock Split-2019'!$A$1:$AG$43,MATCH(E$2,'Feedstock Split-2019'!$A$1:$AG$1,0),0)*E$4 -> 0 | F45: =VLOOKUP($A45,'Feedstock Split-2019'!$A$1:$AG$43,MATCH(F$2,'Feedstock Split-2019'!$A$1:$AG$1,0),0)*F$4 -> 0 | G45: =VLOOKUP($A45,'Feedstock Split-2019'!$A$1:$AG$43,MATCH(G$2,'Feedstock Split-2019'!$A$1:$AG$1,0),0)*G$4 -> 0 | H45: =VLOOKUP($A45,'Feedstock Split-2019'!$A$1:$AG$43,MATCH(H$2,'Feedstock Split-2019'!$A$1:$AG$1,0),0)*H$4 -> 0 | I45: =VLOOKUP($A45,'Feedstock Split-2019'!$A$1:$AG$43,MATCH(I$2,'Feedstock Split-2019'!$A$1:$AG$1,0),0)*I$4 -> 0 | J45: =VLOOKUP($A45,'Feedstock Split-2019'!$A$1:$AG$43,MATCH(J$2,'Feedstock Split-2019'!$A$1:$AG$1,0),0)*J$4 -> 0 | ... AF45: =VLOOKUP($A45,'Feedstock Split-2019'!$A$1:$AG$43,MATCH(AF$2,'Feedstock Split-2019'!$A$1:$AG$1,0),0)*AF$4 -> 0
A46: 建筑业 | W46: ='Energy Balance-2019'!$X$30*VLOOKUP(W$3,'Heat Value'!$A$1:$E$33,5,0) -> 1.0608117e+15
A50: Transformation - BTU | C50: coal | D50: coal | E50: coal | F50: coal | G50: coal | H50: coal | I50: LPG propane or butane | J50: LPG propane or butane | K50: LPG propane or butane | L50: LPG propane or butane | M50: petroleum diesel | N50: crude oil | O50: petroleum diesel | P50: petroleum diesel | Q50: petroleum diesel | R50: heavy fuel oil | S50: LPG propane or butane | T50: LPG propane or butane | U50: heavy fuel oil | V50: heavy fuel oil | W50: heavy fuel oil | X50: heavy fuel oil | Y50: LPG propane or butane | Z50: LPG propane or butane | AA50: heavy fuel oil | AB50: natural gas | AC50: natural gas | AD50: heat | AE50: electricity | AF50: biomass
B51: 加工转换 投入(-)产出(+)量 | C51: 原煤_x000D_ (万吨)_x000D_ Raw Coal_x000D_ (104 tons) | D51: 洗精煤_x000D_ (万吨)_x000D_ Cleaned_x000D_ Coal_x000D_ (104 tons) | E51: 其他洗煤_x000D_ (万吨)_x000D_ Other_x000D_ Washed_x000D_ Coal_x000D_ (104 tons) | F51: 煤制品_x000D_ (万吨)_x000D_ Briquettes_x000D_ (104 tons) | G51: 煤矸石_x000D_ (万吨)_x000D_ Gangue_x000D_ (104 tons) | H51: 焦炭_x000D_ (万吨)_x000D_ Coke_x000D_ (104 tons) | I51: 焦炉煤气_x000D_ (亿立方米)_x000D_ Coke Oven_x000D_ Gas_x000D_ (108 cu.m) | J51: 高炉煤气_x000D_ (亿立方米)_x000D_ Blast Furnace_x000D_ Gas_x000D_ (108 cu.m) | K51: 转炉煤气_x000D_ (亿立方米)_x000D_ Converter_x000D_ Gas_x000D_ (108 cu.m) | L51: 其他煤气_x000D_ (亿立方米)_x000D_ Other Gas_x000D_ (108 cu.m) | M51: 其他焦化产品_x000D_ (万吨)_x000D_ Other_x000D_ Coking_x000D_ Products_x000D_ (104 tons) | N51: 原油_x000D_ (万吨)_x000D_ Crude Oil_x000D_ (104 tons) | O51: 汽油_x000D_ (万吨)_x000D_ Gasoline_x000D_ (104 tons) | P51: 煤油_x000D_ (万吨)_x000D_ Kerosene_x000D_ (104 tons) | Q51: 柴油_x000D_ (万吨)_x000D_ Diesel Oil_x000D_ (104 tons) | R51: 燃料油_x000D_ (万吨)_x000D_ Fuel Oil_x000D_ (104 tons) | S51: 石脑油_x000D_ (万吨)_x000D_ Naphtha_x000D_ (104 tons) | T51: 润滑油_x000D_ (万吨)_x000D_ Lubricants_x000D_ (104 tons) | U51: 石蜡_x000D_ (万吨)_x000D_ Paraffin_x000D_ Waxes_x000D_ (104 tons) | V51: 溶剂油_x000D_ (万吨)_x000D_ White Spirit_x000D_ (104 tons) | W51: 石油沥青_x000D_ (万吨)_x000D_ Bitumen_x000D_ Asphalt_x000D_ (104 tons) | X51: 石油焦_x000D_ (万吨)_x000D_ Petroleum_x000D_ Coke_x000D_ (104 tons) | Y51: 液化石油气_x000D_ (万吨)_x000D_ Liquefied_x000D_ Petroleum Gas_x000D_ (104 tons) | Z51: 炼厂干气_x000D_ (万吨)_x000D_ Refinery_x000D_ Gas_x000D_ (104 tons) | AA51: 其他石油制品_x000D_ (万吨)_x000D_ Other_x000D_ Petroleum_x000D_ Products_x000D_ (104 tons) | AB51: 天然气_x000D_ (亿立方米)_x000D_ Natural Gas_x000D_ (108 cu.m) | AC51: 液化天然气_x000D_ (万吨)_x000D_ Liquefied_x000D_ Natural Gas_x000D_ (104 tons) | AD51: 热力_x000D_ (万百万千焦)_x000D_ Heat_x000D_ (1010 kJ) | AE51: 电力_x000D_ (亿千瓦小时)_x000D_ Electricity_x000D_ (108 kW·h) | AF51: 其他能源_x000D_ (万吨标准煤)_x000D_ Other_x000D_ Energy_x000D_ (104 tce)
B52: Rename | C52: 原煤 | D52: 洗精煤 | E52: 其他洗煤 | F52: 煤制品 | G52: 煤矸石 | H52: 焦炭 | I52: 焦炉煤气 | J52: 高炉煤气 | K52: 转炉煤气 | L52: 其他煤气 | M52: 其他焦化产品 | N52: 原油 | O52: 汽油 | P52: 煤油 | Q52: 柴油 | R52: 燃料油 | S52: 石脑油 | T52: 润滑油 | U52: 石蜡 | V52: 溶剂油 | W52: 石油沥青 | X52: 石油焦 | Y52: 液化石油气 | Z52: 炼厂干气 | AA52: 其他石油制品 | AB52: 天然气 | AC52: 液化天然气 | AD52: 热力 | AE52: 电力 | AF52: 其他能源
A53: =VLOOKUP($B53,'Transformation Match'!$A$1:$C$9,2,0) -> 煤炭开采和洗选业 | B53: 3.煤炭洗选 | C53: =-'Energy Balance-2019'!C16*VLOOKUP(C$52,'Heat Value'!$A$1:$E$33,5,0) -> 1.7357422e+16 | D53: =-'Energy Balance-2019'!D16*VLOOKUP(D$52,'Heat Value'!$A$1:$E$33,5,0) -> -1.3449311e+16 | E53: =-'Energy Balance-2019'!E16*VLOOKUP(E$52,'Heat Value'!$A$1:$E$33,5,0) -> -1.7051579e+15 | F53: =-'Energy Balance-2019'!F16*VLOOKUP("型煤",'Heat Value'!$A$1:$E$33,5,0) -> 0 | G53: =-'Energy Balance-2019'!G16*VLOOKUP(G$52,'Heat Value'!$A$1:$E$33,5,0) -> -2.4583334e+14 | H53: =IF(INDEX('Energy Balance-2019'!$A$2:$AG$38,MATCH('Energy Balance-2019'!$A16,'Energy Balance-2019'!$A$2:$A$38,0),MATCH(H$2,'Energy Balance-2019'!$A$2:$AG$2,0))<0,-INDEX('Energy Balance-2019'!$A$2:$AG$38,MATCH('Energy Balance-2019'!$A16,'Energy Balance-2019'!$A$2:$A$38,0),MATCH(H$2,'Energy Balance-2019'!$A$2:$AG$2,0)),0)*VLOOKUP(H$52,'Heat Value'!$A$1:$E$33,5,0) -> 0 | I53: =IF(INDEX('Energy Balance-2019'!$A$2:$AG$38,MATCH('Energy Balance-2019'!$A16,'Energy Balance-2019'!$A$2:$A$38,0),MATCH(I$2,'Energy Balance-2019'!$A$2:$AG$2,0))<0,-INDEX('Energy Balance-2019'!$A$2:$AG$38,MATCH('Energy Balance-2019'!$A16,'Energy Balance-2019'!$A$2:$A$38,0),MATCH(I$2,'Energy Balance-2019'!$A$2:$AG$2,0)),0)*VLOOKUP(I$52,'Heat Value'!$A$1:$E$33,5,0) -> 0 | J53: =IF(INDEX('Energy Balance-2019'!$A$2:$AG$38,MATCH('Energy Balance-2019'!$A16,'Energy Balance-2019'!$A$2:$A$38,0),MATCH(J$2,'Energy Balance-2019'!$A$2:$AG$2,0))<0,-INDEX('Energy Balance-2019'!$A$2:$AG$38,MATCH('Energy Balance-2019'!$A16,'Energy Balance-2019'!$A$2:$A$38,0),MATCH(J$2,'Energy Balance-2019'!$A$2:$AG$2,0)),0)*VLOOKUP(J$52,'Heat Value'!$A$1:$E$33,5,0) -> 0 | K53: =IF(INDEX('Energy Balance-2019'!$A$2:$AG$38,MATCH('Energy Balance-2019'!$A16,'Energy Balance-2019'!$A$2:$A$38,0),MATCH(K$2,'Energy Balance-2019'!$A$2:$AG$2,0))<0,-INDEX('Energy Balance-2019'!$A$2:$AG$38,MATCH('Energy Balance-2019'!$A16,'Energy Balance-2019'!$A$2:$A$38,0),MATCH(K$2,'Energy Balance-2019'!$A$2:$AG$2,0)),0)*VLOOKUP(K$52,'Heat Value'!$A$1:$E$33,5,0) -> 0 | L53: =IF(INDEX('Energy Balance-2019'!$A$2:$AG$38,MATCH('Energy Balance-2019'!$A16,'Energy Balance-2019'!$A$2:$A$38,0),MATCH(L$2,'Energy Balance-2019'!$A$2:$AG$2,0))<0,-INDEX('Energy Balance-2019'!$A$2:$AG$38,MATCH('Energy Balance-2019'!$A16,'Energy Balance-2019'!$A$2:$A$38,0),MATCH(L$2,'Energy Balance-2019'!$A$2:$AG$2,0)),0)*VLOOKUP(L$52,'Heat Value'!$A$1:$E$33,5,0) -> 0 | M53: =IF(INDEX('Energy Balance-2019'!$A$2:$AG$38,MATCH('Energy Balance-2019'!$A16,'Energy Balance-2019'!$A$2:$A$38,0),MATCH(M$2,'Energy Balance-2019'!$A$2:$AG$2,0))<0,-INDEX('Energy Balance-2019'!$A$2:$AG$38,MATCH('Energy Balance-2019'!$A16,'Energy Balance-2019'!$A$2:$A$38,0),MATCH(M$2,'Energy Balance-2019'!$A$2:$AG$2,0)),0)*VLOOKUP(M$52,'Heat Value'!$A$1:$E$33,5,0) -> 0 | N53: =IF(INDEX('Energy Balance-2019'!$A$2:$AG$38,MATCH('Energy Balance-2019'!$A16,'Energy Balance-2019'!$A$2:$A$38,0),MATCH(N$2,'Energy Balance-2019'!$A$2:$AG$2,0))<0,-INDEX('Energy Balance-2019'!$A$2:$AG$38,MATCH('Energy Balance-2019'!$A16,'Energy Balance-2019'!$A$2:$A$38,0),MATCH(N$2,'Energy Balance-2019'!$A$2:$AG$2,0)),0)*VLOOKUP(N$52,'Heat Value'!$A$1:$E$33,5,0) -> 0 | O53: =IF(INDEX('Energy Balance-2019'!$A$2:$AG$38,MATCH('Energy Balance-2019'!$A16,'Energy Balance-2019'!$A$2:$A$38,0),MATCH(O$2,'Energy Balance-2019'!$A$2:$AG$2,0))<0,-INDEX('Energy Balance-2019'!$A$2:$AG$38,MATCH('Energy Balance-2019'!$A16,'Energy Balance-2019'!$A$2:$A$38,0),MATCH(O$2,'Energy Balance-2019'!$A$2:$AG$2,0)),0)*VLOOKUP(O$52,'Heat Value'!$A$1:$E$33,5,0) -> 0 | ... AF53: =IF(INDEX('Energy Balance-2019'!$A$2:$AG$38,MATCH('Energy Balance-2019'!$A16,'Energy Balance-2019'!$A$2:$A$38,0),MATCH(AF$2,'Energy Balance-2019'!$A$2:$AG$2,0))<0,-INDEX('Energy Balance-2019'!$A$2:$AG$38,MATCH('Energy Balance-2019'!$A16,'Energy Balance-2019'!$A$2:$A$38,0),MATCH(AF$2,'Energy Balance-2019'!$A$2:$AG$2,0)),0)*VLOOKUP(AF$52,'Heat Value'!$A$1:$E$33,5,0) -> 0
A54: =VLOOKUP($B54,'Transformation Match'!$A$1:$C$9,2,0) -> 石油、煤炭及其他燃料加工业 | B54: 4.炼焦 | C54: =-'Energy Balance-2019'!C17*VLOOKUP(C$52,'Heat Value'!$A$1:$E$33,5,0) -> 1.9741497e+15 | D54: =-'Energy Balance-2019'!D17*VLOOKUP(D$52,'Heat Value'!$A$1:$E$33,5,0) -> 1.3910569e+16 | E54: =-'Energy Balance-2019'!E17*VLOOKUP(E$52,'Heat Value'!$A$1:$E$33,5,0) -> 0 | F54: =-'Energy Balance-2019'!F17*VLOOKUP("型煤",'Heat Value'!$A$1:$E$33,5,0) -> 0 | G54: =-'Energy Balance-2019'!G17*VLOOKUP(G$52,'Heat Value'!$A$1:$E$33,5,0) -> 0 | H54: =-'Energy Balance-2019'!H17*VLOOKUP(H$52,'Heat Value'!$A$1:$E$33,5,0) -> -1.2746776e+16 | I54: =IF(INDEX('Energy Balance-2019'!$A$2:$AG$38,MATCH('Energy Balance-2019'!$A17,'Energy Balance-2019'!$A$2:$A$38,0),MATCH(I$2,'Energy Balance-2019'!$A$2:$AG$2,0))<0,-INDEX('Energy Balance-2019'!$A$2:$AG$38,MATCH('Energy Balance-2019'!$A17,'Energy Balance-2019'!$A$2:$A$38,0),MATCH(I$2,'Energy Balance-2019'!$A$2:$AG$2,0)),0)*VLOOKUP(I$52,'Heat Value'!$A$1:$E$33,5,0) -> 0 | J54: =IF(INDEX('Energy Balance-2019'!$A$2:$AG$38,MATCH('Energy Balance-2019'!$A17,'Energy Balance-2019'!$A$2:$A$38,0),MATCH(J$2,'Energy Balance-2019'!$A$2:$AG$2,0))<0,-INDEX('Energy Balance-2019'!$A$2:$AG$38,MATCH('Energy Balance-2019'!$A17,'Energy Balance-2019'!$A$2:$A$38,0),MATCH(J$2,'Energy Balance-2019'!$A$2:$AG$2,0)),0)*VLOOKUP(J$52,'Heat Value'!$A$1:$E$33,5,0) -> 0 | K54: =IF(INDEX('Energy Balance-2019'!$A$2:$AG$38,MATCH('Energy Balance-2019'!$A17,'Energy Balance-2019'!$A$2:$A$38,0),MATCH(K$2,'Energy Balance-2019'!$A$2:$AG$2,0))<0,-INDEX('Energy Balance-2019'!$A$2:$AG$38,MATCH('Energy Balance-2019'!$A17,'Energy Balance-2019'!$A$2:$A$38,0),MATCH(K$2,'Energy Balance-2019'!$A$2:$AG$2,0)),0)*VLOOKUP(K$52,'Heat Value'!$A$1:$E$33,5,0) -> 0 | L54: =IF(INDEX('Energy Balance-2019'!$A$2:$AG$38,MATCH('Energy Balance-2019'!$A17,'Energy Balance-2019'!$A$2:$A$38,0),MATCH(L$2,'Energy Balance-2019'!$A$2:$AG$2,0))<0,-INDEX('Energy Balance-2019'!$A$2:$AG$38,MATCH('Energy Balance-2019'!$A17,'Energy Balance-2019'!$A$2:$A$38,0),MATCH(L$2,'Energy Balance-2019'!$A$2:$AG$2,0)),0)*VLOOKUP(L$52,'Heat Value'!$A$1:$E$33,5,0) -> 0 | M54: =IF(INDEX('Energy Balance-2019'!$A$2:$AG$38,MATCH('Energy Balance-2019'!$A17,'Energy Balance-2019'!$A$2:$A$38,0),MATCH(M$2,'Energy Balance-2019'!$A$2:$AG$2,0))<0,-INDEX('Energy Balance-2019'!$A$2:$AG$38,MATCH('Energy Balance-2019'!$A17,'Energy Balance-2019'!$A$2:$A$38,0),MATCH(M$2,'Energy Balance-2019'!$A$2:$AG$2,0)),0)*VLOOKUP(M$52,'Heat Value'!$A$1:$E$33,5,0) -> 0 | N54: =IF(INDEX('Energy Balance-2019'!$A$2:$AG$38,MATCH('Energy Balance-2019'!$A17,'Energy Balance-2019'!$A$2:$A$38,0),MATCH(N$2,'Energy Balance-2019'!$A$2:$AG$2,0))<0,-INDEX('Energy Balance-2019'!$A$2:$AG$38,MATCH('Energy Balance-2019'!$A17,'Energy Balance-2019'!$A$2:$A$38,0),MATCH(N$2,'Energy Balance-2019'!$A$2:$AG$2,0)),0)*VLOOKUP(N$52,'Heat Value'!$A$1:$E$33,5,0) -> 0 | O54: =IF(INDEX('Energy Balance-2019'!$A$2:$AG$38,MATCH('Energy Balance-2019'!$A17,'Energy Balance-2019'!$A$2:$A$38,0),MATCH(O$2,'Energy Balance-2019'!$A$2:$AG$2,0))<0,-INDEX('Energy Balance-2019'!$A$2:$AG$38,MATCH('Energy Balance-2019'!$A17,'Energy Balance-2019'!$A$2:$A$38,0),MATCH(O$2,'Energy Balance-2019'!$A$2:$AG$2,0)),0)*VLOOKUP(O$52,'Heat Value'!$A$1:$E$33,5,0) -> 0 | P54: =IF(INDEX('Energy Balance-2019'!$A$2:$AG$38,MATCH('Energy Balance-2019'!$A17,'Energy Balance-2019'!$A$2:$A$38,0),MATCH(P$2,'Energy Balance-2019'!$A$2:$AG$2,0))<0,-INDEX('Energy Balance-2019'!$A$2:$AG$38,MATCH('Energy Balance-2019'!$A17,'Energy Balance-2019'!$A$2:$A$38,0),MATCH(P$2,'Energy Balance-2019'!$A$2:$AG$2,0)),0)*VLOOKUP(P$52,'Heat Value'!$A$1:$E$33,5,0) -> 0 | ... AF54: =IF(INDEX('Energy Balance-2019'!$A$2:$AG$38,MATCH('Energy Balance-2019'!$A17,'Energy Balance-2019'!$A$2:$A$38,0),MATCH(AF$2,'Energy Balance-2019'!$A$2:$AG$2,0))<0,-INDEX('Energy Balance-2019'!$A$2:$AG$38,MATCH('Energy Balance-2019'!$A17,'Energy Balance-2019'!$A$2:$A$38,0),MATCH(AF$2,'Energy Balance-2019'!$A$2:$AG$2,0)),0)*VLOOKUP(AF$52,'Heat Value'!$A$1:$E$33,5,0) -> 0
A55: =VLOOKUP($B55,'Transformation Match'!$A$1:$C$9,2,0) -> 石油、煤炭及其他燃料加工业 | B55: 5.炼油及煤制油 | C55: =IF(INDEX('Energy Balance-2019'!$A$2:$AG$38,MATCH('Energy Balance-2019'!$A18,'Energy Balance-2019'!$A$2:$A$38,0),MATCH(C$2,'Energy Balance-2019'!$A$2:$AG$2,0))<0,-INDEX('Energy Balance-2019'!$A$2:$AG$38,MATCH('Energy Balance-2019'!$A18,'Energy Balance-2019'!$A$2:$A$38,0),MATCH(C$2,'Energy Balance-2019'!$A$2:$AG$2,0)),0)*VLOOKUP(C$52,'Heat Value'!$A$1:$E$33,5,0) -> 6.1175155e+14 | D55: =IF(INDEX('Energy Balance-2019'!$A$2:$AG$38,MATCH('Energy Balance-2019'!$A18,'Energy Balance-2019'!$A$2:$A$38,0),MATCH(D$2,'Energy Balance-2019'!$A$2:$AG$2,0))<0,-INDEX('Energy Balance-2019'!$A$2:$AG$38,MATCH('Energy Balance-2019'!$A18,'Energy Balance-2019'!$A$2:$A$38,0),MATCH(D$2,'Energy Balance-2019'!$A$2:$AG$2,0)),0)*VLOOKUP(D$52,'Heat Value'!$A$1:$E$33,5,0) -> 0 | E55: =IF(INDEX('Energy Balance-2019'!$A$2:$AG$38,MATCH('Energy Balance-2019'!$A18,'Energy Balance-2019'!$A$2:$A$38,0),MATCH(E$2,'Energy Balance-2019'!$A$2:$AG$2,0))<0,-INDEX('Energy Balance-2019'!$A$2:$AG$38,MATCH('Energy Balance-2019'!$A18,'Energy Balance-2019'!$A$2:$A$38,0),MATCH(E$2,'Energy Balance-2019'!$A$2:$AG$2,0)),0)*VLOOKUP(E$52,'Heat Value'!$A$1:$E$33,5,0) -> 1.2114215e+13 | F55: =IF(INDEX('Energy Balance-2019'!$A$2:$AG$38,MATCH('Energy Balance-2019'!$A18,'Energy Balance-2019'!$A$2:$A$38,0),MATCH(F$2,'Energy Balance-2019'!$A$2:$AG$2,0))<0,-INDEX('Energy Balance-2019'!$A$2:$AG$38,MATCH('Energy Balance-2019'!$A18,'Energy Balance-2019'!$A$2:$A$38,0),MATCH(F$2,'Energy Balance-2019'!$A$2:$AG$2,0)),0)*VLOOKUP("型煤",'Heat Value'!$A$1:$E$33,5,0) -> 0 | G55: =IF(INDEX('Energy Balance-2019'!$A$2:$AG$38,MATCH('Energy Balance-2019'!$A18,'Energy Balance-2019'!$A$2:$A$38,0),MATCH(G$2,'Energy Balance-2019'!$A$2:$AG$2,0))<0,-INDEX('Energy Balance-2019'!$A$2:$AG$38,MATCH('Energy Balance-2019'!$A18,'Energy Balance-2019'!$A$2:$A$38,0),MATCH(G$2,'Energy Balance-2019'!$A$2:$AG$2,0)),0)*VLOOKUP(G$52,'Heat Value'!$A$1:$E$33,5,0) -> 0 | H55: =IF(INDEX('Energy Balance-2019'!$A$2:$AG$38,MATCH('Energy Balance-2019'!$A18,'Energy Balance-2019'!$A$2:$A$38,0),MATCH(H$2,'Energy Balance-2019'!$A$2:$AG$2,0))<0,-INDEX('Energy Balance-2019'!$A$2:$AG$38,MATCH('Energy Balance-2019'!$A18,'Energy Balance-2019'!$A$2:$A$38,0),MATCH(H$2,'Energy Balance-2019'!$A$2:$AG$2,0)),0)*VLOOKUP(H$52,'Heat Value'!$A$1:$E$33,5,0) -> 0 | I55: =IF(INDEX('Energy Balance-2019'!$A$2:$AG$38,MATCH('Energy Balance-2019'!$A18,'Energy Balance-2019'!$A$2:$A$38,0),MATCH(I$2,'Energy Balance-2019'!$A$2:$AG$2,0))<0,-INDEX('Energy Balance-2019'!$A$2:$AG$38,MATCH('Energy Balance-2019'!$A18,'Energy Balance-2019'!$A$2:$A$38,0),MATCH(I$2,'Energy Balance-2019'!$A$2:$AG$2,0)),0)*VLOOKUP(I$52,'Heat Value'!$A$1:$E$33,5,0) -> 0 | J55: =IF(INDEX('Energy Balance-2019'!$A$2:$AG$38,MATCH('Energy Balance-2019'!$A18,'Energy Balance-2019'!$A$2:$A$38,0),MATCH(J$2,'Energy Balance-2019'!$A$2:$AG$2,0))<0,-INDEX('Energy Balance-2019'!$A$2:$AG$38,MATCH('Energy Balance-2019'!$A18,'Energy Balance-2019'!$A$2:$A$38,0),MATCH(J$2,'Energy Balance-2019'!$A$2:$AG$2,0)),0)*VLOOKUP(J$52,'Heat Value'!$A$1:$E$33,5,0) -> 0 | K55: =IF(INDEX('Energy Balance-2019'!$A$2:$AG$38,MATCH('Energy Balance-2019'!$A18,'Energy Balance-2019'!$A$2:$A$38,0),MATCH(K$2,'Energy Balance-2019'!$A$2:$AG$2,0))<0,-INDEX('Energy Balance-2019'!$A$2:$AG$38,MATCH('Energy Balance-2019'!$A18,'Energy Balance-2019'!$A$2:$A$38,0),MATCH(K$2,'Energy Balance-2019'!$A$2:$AG$2,0)),0)*VLOOKUP(K$52,'Heat Value'!$A$1:$E$33,5,0) -> 0 | L55: =IF(INDEX('Energy Balance-2019'!$A$2:$AG$38,MATCH('Energy Balance-2019'!$A18,'Energy Balance-2019'!$A$2:$A$38,0),MATCH(L$2,'Energy Balance-2019'!$A$2:$AG$2,0))<0,-INDEX('Energy Balance-2019'!$A$2:$AG$38,MATCH('Energy Balance-2019'!$A18,'Energy Balance-2019'!$A$2:$A$38,0),MATCH(L$2,'Energy Balance-2019'!$A$2:$AG$2,0)),0)*VLOOKUP(L$52,'Heat Value'!$A$1:$E$33,5,0) -> 0 | M55: =IF(INDEX('Energy Balance-2019'!$A$2:$AG$38,MATCH('Energy Balance-2019'!$A18,'Energy Balance-2019'!$A$2:$A$38,0),MATCH(M$2,'Energy Balance-2019'!$A$2:$AG$2,0))<0,-INDEX('Energy Balance-2019'!$A$2:$AG$38,MATCH('Energy Balance-2019'!$A18,'Energy Balance-2019'!$A$2:$A$38,0),MATCH(M$2,'Energy Balance-2019'!$A$2:$AG$2,0)),0)*VLOOKUP(M$52,'Heat Value'!$A$1:$E$33,5,0) -> 9.811515e+13 | N55: =IF(INDEX('Energy Balance-2019'!$A$2:$AG$38,MATCH('Energy Balance-2019'!$A18,'Energy Balance-2019'!$A$2:$A$38,0),MATCH(N$2,'Energy Balance-2019'!$A$2:$AG$2,0))<0,-INDEX('Energy Balance-2019'!$A$2:$AG$38,MATCH('Energy Balance-2019'!$A18,'Energy Balance-2019'!$A$2:$A$38,0),MATCH(N$2,'Energy Balance-2019'!$A$2:$AG$2,0)),0)*VLOOKUP(N$52,'Heat Value'!$A$1:$E$33,5,0) -> 2.6511895e+16 | ... AF55: =IF(INDEX('Energy Balance-2019'!$A$2:$AG$38,MATCH('Energy Balance-2019'!$A18,'Energy Balance-2019'!$A$2:$A$38,0),MATCH(AF$2,'Energy Balance-2019'!$A$2:$AG$2,0))<0,-INDEX('Energy Balance-2019'!$A$2:$AG$38,MATCH('Energy Balance-2019'!$A18,'Energy Balance-2019'!$A$2:$A$38,0),MATCH(AF$2,'Energy Balance-2019'!$A$2:$AG$2,0)),0)*VLOOKUP(AF$52,'Heat Value'!$A$1:$E$33,5,0) -> 3.8557993e+13
A56: =VLOOKUP($B56,'Transformation Match'!$A$1:$C$9,2,0) -> 石油、煤炭及其他燃料加工业 | B56: #油品再投入量(-) | C56: =IF(INDEX('Energy Balance-2019'!$A$2:$AG$38,MATCH('Energy Balance-2019'!$A19,'Energy Balance-2019'!$A$2:$A$38,0),MATCH(C$2,'Energy Balance-2019'!$A$2:$AG$2,0))<0,-INDEX('Energy Balance-2019'!$A$2:$AG$38,MATCH('Energy Balance-2019'!$A19,'Energy Balance-2019'!$A$2:$A$38,0),MATCH(C$2,'Energy Balance-2019'!$A$2:$AG$2,0)),0)*VLOOKUP(C$52,'Heat Value'!$A$1:$E$33,5,0) -> 0 | D56: =IF(INDEX('Energy Balance-2019'!$A$2:$AG$38,MATCH('Energy Balance-2019'!$A19,'Energy Balance-2019'!$A$2:$A$38,0),MATCH(D$2,'Energy Balance-2019'!$A$2:$AG$2,0))<0,-INDEX('Energy Balance-2019'!$A$2:$AG$38,MATCH('Energy Balance-2019'!$A19,'Energy Balance-2019'!$A$2:$A$38,0),MATCH(D$2,'Energy Balance-2019'!$A$2:$AG$2,0)),0)*VLOOKUP(D$52,'Heat Value'!$A$1:$E$33,5,0) -> 0 | E56: =IF(INDEX('Energy Balance-2019'!$A$2:$AG$38,MATCH('Energy Balance-2019'!$A19,'Energy Balance-2019'!$A$2:$A$38,0),MATCH(E$2,'Energy Balance-2019'!$A$2:$AG$2,0))<0,-INDEX('Energy Balance-2019'!$A$2:$AG$38,MATCH('Energy Balance-2019'!$A19,'Energy Balance-2019'!$A$2:$A$38,0),MATCH(E$2,'Energy Balance-2019'!$A$2:$AG$2,0)),0)*VLOOKUP(E$52,'Heat Value'!$A$1:$E$33,5,0) -> 0 | F56: =IF(INDEX('Energy Balance-2019'!$A$2:$AG$38,MATCH('Energy Balance-2019'!$A19,'Energy Balance-2019'!$A$2:$A$38,0),MATCH(F$2,'Energy Balance-2019'!$A$2:$AG$2,0))<0,-INDEX('Energy Balance-2019'!$A$2:$AG$38,MATCH('Energy Balance-2019'!$A19,'Energy Balance-2019'!$A$2:$A$38,0),MATCH(F$2,'Energy Balance-2019'!$A$2:$AG$2,0)),0)*VLOOKUP("型煤",'Heat Value'!$A$1:$E$33,5,0) -> 0 | G56: =IF(INDEX('Energy Balance-2019'!$A$2:$AG$38,MATCH('Energy Balance-2019'!$A19,'Energy Balance-2019'!$A$2:$A$38,0),MATCH(G$2,'Energy Balance-2019'!$A$2:$AG$2,0))<0,-INDEX('Energy Balance-2019'!$A$2:$AG$38,MATCH('Energy Balance-2019'!$A19,'Energy Balance-2019'!$A$2:$A$38,0),MATCH(G$2,'Energy Balance-2019'!$A$2:$AG$2,0)),0)*VLOOKUP(G$52,'Heat Value'!$A$1:$E$33,5,0) -> 0 | H56: =IF(INDEX('Energy Balance-2019'!$A$2:$AG$38,MATCH('Energy Balance-2019'!$A19,'Energy Balance-2019'!$A$2:$A$38,0),MATCH(H$2,'Energy Balance-2019'!$A$2:$AG$2,0))<0,-INDEX('Energy Balance-2019'!$A$2:$AG$38,MATCH('Energy Balance-2019'!$A19,'Energy Balance-2019'!$A$2:$A$38,0),MATCH(H$2,'Energy Balance-2019'!$A$2:$AG$2,0)),0)*VLOOKUP(H$52,'Heat Value'!$A$1:$E$33,5,0) -> 0 | I56: =IF(INDEX('Energy Balance-2019'!$A$2:$AG$38,MATCH('Energy Balance-2019'!$A19,'Energy Balance-2019'!$A$2:$A$38,0),MATCH(I$2,'Energy Balance-2019'!$A$2:$AG$2,0))<0,-INDEX('Energy Balance-2019'!$A$2:$AG$38,MATCH('Energy Balance-2019'!$A19,'Energy Balance-2019'!$A$2:$A$38,0),MATCH(I$2,'Energy Balance-2019'!$A$2:$AG$2,0)),0)*VLOOKUP(I$52,'Heat Value'!$A$1:$E$33,5,0) -> 0 | J56: =IF(INDEX('Energy Balance-2019'!$A$2:$AG$38,MATCH('Energy Balance-2019'!$A19,'Energy Balance-2019'!$A$2:$A$38,0),MATCH(J$2,'Energy Balance-2019'!$A$2:$AG$2,0))<0,-INDEX('Energy Balance-2019'!$A$2:$AG$38,MATCH('Energy Balance-2019'!$A19,'Energy Balance-2019'!$A$2:$A$38,0),MATCH(J$2,'Energy Balance-2019'!$A$2:$AG$2,0)),0)*VLOOKUP(J$52,'Heat Value'!$A$1:$E$33,5,0) -> 0 | K56: =IF(INDEX('Energy Balance-2019'!$A$2:$AG$38,MATCH('Energy Balance-2019'!$A19,'Energy Balance-2019'!$A$2:$A$38,0),MATCH(K$2,'Energy Balance-2019'!$A$2:$AG$2,0))<0,-INDEX('Energy Balance-2019'!$A$2:$AG$38,MATCH('Energy Balance-2019'!$A19,'Energy Balance-2019'!$A$2:$A$38,0),MATCH(K$2,'Energy Balance-2019'!$A$2:$AG$2,0)),0)*VLOOKUP(K$52,'Heat Value'!$A$1:$E$33,5,0) -> 0 | L56: =IF(INDEX('Energy Balance-2019'!$A$2:$AG$38,MATCH('Energy Balance-2019'!$A19,'Energy Balance-2019'!$A$2:$A$38,0),MATCH(L$2,'Energy Balance-2019'!$A$2:$AG$2,0))<0,-INDEX('Energy Balance-2019'!$A$2:$AG$38,MATCH('Energy Balance-2019'!$A19,'Energy Balance-2019'!$A$2:$A$38,0),MATCH(L$2,'Energy Balance-2019'!$A$2:$AG$2,0)),0)*VLOOKUP(L$52,'Heat Value'!$A$1:$E$33,5,0) -> 0 | M56: =IF(INDEX('Energy Balance-2019'!$A$2:$AG$38,MATCH('Energy Balance-2019'!$A19,'Energy Balance-2019'!$A$2:$A$38,0),MATCH(M$2,'Energy Balance-2019'!$A$2:$AG$2,0))<0,-INDEX('Energy Balance-2019'!$A$2:$AG$38,MATCH('Energy Balance-2019'!$A19,'Energy Balance-2019'!$A$2:$A$38,0),MATCH(M$2,'Energy Balance-2019'!$A$2:$AG$2,0)),0)*VLOOKUP(M$52,'Heat Value'!$A$1:$E$33,5,0) -> 0 | N56: =IF(INDEX('Energy Balance-2019'!$A$2:$AG$38,MATCH('Energy Balance-2019'!$A19,'Energy Balance-2019'!$A$2:$A$38,0),MATCH(N$2,'Energy Balance-2019'!$A$2:$AG$2,0))<0,-INDEX('Energy Balance-2019'!$A$2:$AG$38,MATCH('Energy Balance-2019'!$A19,'Energy Balance-2019'!$A$2:$A$38,0),MATCH(N$2,'Energy Balance-2019'!$A$2:$AG$2,0)),0)*VLOOKUP(N$52,'Heat Value'!$A$1:$E$33,5,0) -> 0 | ... AF56: =IF(INDEX('Energy Balance-2019'!$A$2:$AG$38,MATCH('Energy Balance-2019'!$A19,'Energy Balance-2019'!$A$2:$A$38,0),MATCH(AF$2,'Energy Balance-2019'!$A$2:$AG$2,0))<0,-INDEX('Energy Balance-2019'!$A$2:$AG$38,MATCH('Energy Balance-2019'!$A19,'Energy Balance-2019'!$A$2:$A$38,0),MATCH(AF$2,'Energy Balance-2019'!$A$2:$AG$2,0)),0)*VLOOKUP(AF$52,'Heat Value'!$A$1:$E$33,5,0) -> 0
A57: =VLOOKUP($B57,'Transformation Match'!$A$1:$C$9,2,0) -> 燃气生产和供应业 | B57: 6.制气 | C57: =IF(INDEX('Energy Balance-2019'!$A$2:$AG$38,MATCH('Energy Balance-2019'!$A20,'Energy Balance-2019'!$A$2:$A$38,0),MATCH(C$2,'Energy Balance-2019'!$A$2:$AG$2,0))<0,-INDEX('Energy Balance-2019'!$A$2:$AG$38,MATCH('Energy Balance-2019'!$A20,'Energy Balance-2019'!$A$2:$A$38,0),MATCH(C$2,'Energy Balance-2019'!$A$2:$AG$2,0)),0)*VLOOKUP(C$52,'Heat Value'!$A$1:$E$33,5,0) -> 4.5456342e+14 | D57: =IF(INDEX('Energy Balance-2019'!$A$2:$AG$38,MATCH('Energy Balance-2019'!$A20,'Energy Balance-2019'!$A$2:$A$38,0),MATCH(D$2,'Energy Balance-2019'!$A$2:$AG$2,0))<0,-INDEX('Energy Balance-2019'!$A$2:$AG$38,MATCH('Energy Balance-2019'!$A20,'Energy Balance-2019'!$A$2:$A$38,0),MATCH(D$2,'Energy Balance-2019'!$A$2:$AG$2,0)),0)*VLOOKUP(D$52,'Heat Value'!$A$1:$E$33,5,0) -> 0 | E57: =IF(INDEX('Energy Balance-2019'!$A$2:$AG$38,MATCH('Energy Balance-2019'!$A20,'Energy Balance-2019'!$A$2:$A$38,0),MATCH(E$2,'Energy Balance-2019'!$A$2:$AG$2,0))<0,-INDEX('Energy Balance-2019'!$A$2:$AG$38,MATCH('Energy Balance-2019'!$A20,'Energy Balance-2019'!$A$2:$A$38,0),MATCH(E$2,'Energy Balance-2019'!$A$2:$AG$2,0)),0)*VLOOKUP(E$52,'Heat Value'!$A$1:$E$33,5,0) -> 1.3070162e+13 | F57: =IF(INDEX('Energy Balance-2019'!$A$2:$AG$38,MATCH('Energy Balance-2019'!$A20,'Energy Balance-2019'!$A$2:$A$38,0),MATCH(F$2,'Energy Balance-2019'!$A$2:$AG$2,0))<0,-INDEX('Energy Balance-2019'!$A$2:$AG$38,MATCH('Energy Balance-2019'!$A20,'Energy Balance-2019'!$A$2:$A$38,0),MATCH(F$2,'Energy Balance-2019'!$A$2:$AG$2,0)),0)*VLOOKUP("型煤",'Heat Value'!$A$1:$E$33,5,0) -> 0 | G57: =IF(INDEX('Energy Balance-2019'!$A$2:$AG$38,MATCH('Energy Balance-2019'!$A20,'Energy Balance-2019'!$A$2:$A$38,0),MATCH(G$2,'Energy Balance-2019'!$A$2:$AG$2,0))<0,-INDEX('Energy Balance-2019'!$A$2:$AG$38,MATCH('Energy Balance-2019'!$A20,'Energy Balance-2019'!$A$2:$A$38,0),MATCH(G$2,'Energy Balance-2019'!$A$2:$AG$2,0)),0)*VLOOKUP(G$52,'Heat Value'!$A$1:$E$33,5,0) -> 0 | H57: =IF(INDEX('Energy Balance-2019'!$A$2:$AG$38,MATCH('Energy Balance-2019'!$A20,'Energy Balance-2019'!$A$2:$A$38,0),MATCH(H$2,'Energy Balance-2019'!$A$2:$AG$2,0))<0,-INDEX('Energy Balance-2019'!$A$2:$AG$38,MATCH('Energy Balance-2019'!$A20,'Energy Balance-2019'!$A$2:$A$38,0),MATCH(H$2,'Energy Balance-2019'!$A$2:$AG$2,0)),0)*VLOOKUP(H$52,'Heat Value'!$A$1:$E$33,5,0) -> 0 | I57: =IF(INDEX('Energy Balance-2019'!$A$2:$AG$38,MATCH('Energy Balance-2019'!$A20,'Energy Balance-2019'!$A$2:$A$38,0),MATCH(I$2,'Energy Balance-2019'!$A$2:$AG$2,0))<0,-INDEX('Energy Balance-2019'!$A$2:$AG$38,MATCH('Energy Balance-2019'!$A20,'Energy Balance-2019'!$A$2:$A$38,0),MATCH(I$2,'Energy Balance-2019'!$A$2:$AG$2,0)),0)*VLOOKUP(I$52,'Heat Value'!$A$1:$E$33,5,0) -> 0 | J57: =IF(INDEX('Energy Balance-2019'!$A$2:$AG$38,MATCH('Energy Balance-2019'!$A20,'Energy Balance-2019'!$A$2:$A$38,0),MATCH(J$2,'Energy Balance-2019'!$A$2:$AG$2,0))<0,-INDEX('Energy Balance-2019'!$A$2:$AG$38,MATCH('Energy Balance-2019'!$A20,'Energy Balance-2019'!$A$2:$A$38,0),MATCH(J$2,'Energy Balance-2019'!$A$2:$AG$2,0)),0)*VLOOKUP(J$52,'Heat Value'!$A$1:$E$33,5,0) -> 0 | K57: =IF(INDEX('Energy Balance-2019'!$A$2:$AG$38,MATCH('Energy Balance-2019'!$A20,'Energy Balance-2019'!$A$2:$A$38,0),MATCH(K$2,'Energy Balance-2019'!$A$2:$AG$2,0))<0,-INDEX('Energy Balance-2019'!$A$2:$AG$38,MATCH('Energy Balance-2019'!$A20,'Energy Balance-2019'!$A$2:$A$38,0),MATCH(K$2,'Energy Balance-2019'!$A$2:$AG$2,0)),0)*VLOOKUP(K$52,'Heat Value'!$A$1:$E$33,5,0) -> 0 | L57: =IF(INDEX('Energy Balance-2019'!$A$2:$AG$38,MATCH('Energy Balance-2019'!$A20,'Energy Balance-2019'!$A$2:$A$38,0),MATCH(L$2,'Energy Balance-2019'!$A$2:$AG$2,0))<0,-INDEX('Energy Balance-2019'!$A$2:$AG$38,MATCH('Energy Balance-2019'!$A20,'Energy Balance-2019'!$A$2:$A$38,0),MATCH(L$2,'Energy Balance-2019'!$A$2:$AG$2,0)),0)*VLOOKUP(L$52,'Heat Value'!$A$1:$E$33,5,0) -> 0 | M57: =IF(INDEX('Energy Balance-2019'!$A$2:$AG$38,MATCH('Energy Balance-2019'!$A20,'Energy Balance-2019'!$A$2:$A$38,0),MATCH(M$2,'Energy Balance-2019'!$A$2:$AG$2,0))<0,-INDEX('Energy Balance-2019'!$A$2:$AG$38,MATCH('Energy Balance-2019'!$A20,'Energy Balance-2019'!$A$2:$A$38,0),MATCH(M$2,'Energy Balance-2019'!$A$2:$AG$2,0)),0)*VLOOKUP(M$52,'Heat Value'!$A$1:$E$33,5,0) -> 0 | N57: =IF(INDEX('Energy Balance-2019'!$A$2:$AG$38,MATCH('Energy Balance-2019'!$A20,'Energy Balance-2019'!$A$2:$A$38,0),MATCH(N$2,'Energy Balance-2019'!$A$2:$AG$2,0))<0,-INDEX('Energy Balance-2019'!$A$2:$AG$38,MATCH('Energy Balance-2019'!$A20,'Energy Balance-2019'!$A$2:$A$38,0),MATCH(N$2,'Energy Balance-2019'!$A$2:$AG$2,0)),0)*VLOOKUP(N$52,'Heat Value'!$A$1:$E$33,5,0) -> 0 | ... AF57: =IF(INDEX('Energy Balance-2019'!$A$2:$AG$38,MATCH('Energy Balance-2019'!$A20,'Energy Balance-2019'!$A$2:$A$38,0),MATCH(AF$2,'Energy Balance-2019'!$A$2:$AG$2,0))<0,-INDEX('Energy Balance-2019'!$A$2:$AG$38,MATCH('Energy Balance-2019'!$A20,'Energy Balance-2019'!$A$2:$A$38,0),MATCH(AF$2,'Energy Balance-2019'!$A$2:$AG$2,0)),0)*VLOOKUP(AF$52,'Heat Value'!$A$1:$E$33,5,0) -> 0
A58: =VLOOKUP($B58,'Transformation Match'!$A$1:$C$9,2,0) -> 燃气生产和供应业 | B58: #焦炭再投入量(-) | C58: =IF(INDEX('Energy Balance-2019'!$A$2:$AG$38,MATCH('Energy Balance-2019'!$A21,'Energy Balance-2019'!$A$2:$A$38,0),MATCH(C$2,'Energy Balance-2019'!$A$2:$AG$2,0))<0,-INDEX('Energy Balance-2019'!$A$2:$AG$38,MATCH('Energy Balance-2019'!$A21,'Energy Balance-2019'!$A$2:$A$38,0),MATCH(C$2,'Energy Balance-2019'!$A$2:$AG$2,0)),0)*VLOOKUP(C$52,'Heat Value'!$A$1:$E$33,5,0) -> 0 | D58: =IF(INDEX('Energy Balance-2019'!$A$2:$AG$38,MATCH('Energy Balance-2019'!$A21,'Energy Balance-2019'!$A$2:$A$38,0),MATCH(D$2,'Energy Balance-2019'!$A$2:$AG$2,0))<0,-INDEX('Energy Balance-2019'!$A$2:$AG$38,MATCH('Energy Balance-2019'!$A21,'Energy Balance-2019'!$A$2:$A$38,0),MATCH(D$2,'Energy Balance-2019'!$A$2:$AG$2,0)),0)*VLOOKUP(D$52,'Heat Value'!$A$1:$E$33,5,0) -> 0 | E58: =IF(INDEX('Energy Balance-2019'!$A$2:$AG$38,MATCH('Energy Balance-2019'!$A21,'Energy Balance-2019'!$A$2:$A$38,0),MATCH(E$2,'Energy Balance-2019'!$A$2:$AG$2,0))<0,-INDEX('Energy Balance-2019'!$A$2:$AG$38,MATCH('Energy Balance-2019'!$A21,'Energy Balance-2019'!$A$2:$A$38,0),MATCH(E$2,'Energy Balance-2019'!$A$2:$AG$2,0)),0)*VLOOKUP(E$52,'Heat Value'!$A$1:$E$33,5,0) -> 0 | F58: =IF(INDEX('Energy Balance-2019'!$A$2:$AG$38,MATCH('Energy Balance-2019'!$A21,'Energy Balance-2019'!$A$2:$A$38,0),MATCH(F$2,'Energy Balance-2019'!$A$2:$AG$2,0))<0,-INDEX('Energy Balance-2019'!$A$2:$AG$38,MATCH('Energy Balance-2019'!$A21,'Energy Balance-2019'!$A$2:$A$38,0),MATCH(F$2,'Energy Balance-2019'!$A$2:$AG$2,0)),0)*VLOOKUP("型煤",'Heat Value'!$A$1:$E$33,5,0) -> 0 | G58: =IF(INDEX('Energy Balance-2019'!$A$2:$AG$38,MATCH('Energy Balance-2019'!$A21,'Energy Balance-2019'!$A$2:$A$38,0),MATCH(G$2,'Energy Balance-2019'!$A$2:$AG$2,0))<0,-INDEX('Energy Balance-2019'!$A$2:$AG$38,MATCH('Energy Balance-2019'!$A21,'Energy Balance-2019'!$A$2:$A$38,0),MATCH(G$2,'Energy Balance-2019'!$A$2:$AG$2,0)),0)*VLOOKUP(G$52,'Heat Value'!$A$1:$E$33,5,0) -> 0 | H58: =IF(INDEX('Energy Balance-2019'!$A$2:$AG$38,MATCH('Energy Balance-2019'!$A21,'Energy Balance-2019'!$A$2:$A$38,0),MATCH(H$2,'Energy Balance-2019'!$A$2:$AG$2,0))<0,-INDEX('Energy Balance-2019'!$A$2:$AG$38,MATCH('Energy Balance-2019'!$A21,'Energy Balance-2019'!$A$2:$A$38,0),MATCH(H$2,'Energy Balance-2019'!$A$2:$AG$2,0)),0)*VLOOKUP(H$52,'Heat Value'!$A$1:$E$33,5,0) -> 4.4496398e+12 | I58: =IF(INDEX('Energy Balance-2019'!$A$2:$AG$38,MATCH('Energy Balance-2019'!$A21,'Energy Balance-2019'!$A$2:$A$38,0),MATCH(I$2,'Energy Balance-2019'!$A$2:$AG$2,0))<0,-INDEX('Energy Balance-2019'!$A$2:$AG$38,MATCH('Energy Balance-2019'!$A21,'Energy Balance-2019'!$A$2:$A$38,0),MATCH(I$2,'Energy Balance-2019'!$A$2:$AG$2,0)),0)*VLOOKUP(I$52,'Heat Value'!$A$1:$E$33,5,0) -> 0 | J58: =IF(INDEX('Energy Balance-2019'!$A$2:$AG$38,MATCH('Energy Balance-2019'!$A21,'Energy Balance-2019'!$A$2:$A$38,0),MATCH(J$2,'Energy Balance-2019'!$A$2:$AG$2,0))<0,-INDEX('Energy Balance-2019'!$A$2:$AG$38,MATCH('Energy Balance-2019'!$A21,'Energy Balance-2019'!$A$2:$A$38,0),MATCH(J$2,'Energy Balance-2019'!$A$2:$AG$2,0)),0)*VLOOKUP(J$52,'Heat Value'!$A$1:$E$33,5,0) -> 0 | K58: =IF(INDEX('Energy Balance-2019'!$A$2:$AG$38,MATCH('Energy Balance-2019'!$A21,'Energy Balance-2019'!$A$2:$A$38,0),MATCH(K$2,'Energy Balance-2019'!$A$2:$AG$2,0))<0,-INDEX('Energy Balance-2019'!$A$2:$AG$38,MATCH('Energy Balance-2019'!$A21,'Energy Balance-2019'!$A$2:$A$38,0),MATCH(K$2,'Energy Balance-2019'!$A$2:$AG$2,0)),0)*VLOOKUP(K$52,'Heat Value'!$A$1:$E$33,5,0) -> 0 | L58: =IF(INDEX('Energy Balance-2019'!$A$2:$AG$38,MATCH('Energy Balance-2019'!$A21,'Energy Balance-2019'!$A$2:$A$38,0),MATCH(L$2,'Energy Balance-2019'!$A$2:$AG$2,0))<0,-INDEX('Energy Balance-2019'!$A$2:$AG$38,MATCH('Energy Balance-2019'!$A21,'Energy Balance-2019'!$A$2:$A$38,0),MATCH(L$2,'Energy Balance-2019'!$A$2:$AG$2,0)),0)*VLOOKUP(L$52,'Heat Value'!$A$1:$E$33,5,0) -> 0 | M58: =IF(INDEX('Energy Balance-2019'!$A$2:$AG$38,MATCH('Energy Balance-2019'!$A21,'Energy Balance-2019'!$A$2:$A$38,0),MATCH(M$2,'Energy Balance-2019'!$A$2:$AG$2,0))<0,-INDEX('Energy Balance-2019'!$A$2:$AG$38,MATCH('Energy Balance-2019'!$A21,'Energy Balance-2019'!$A$2:$A$38,0),MATCH(M$2,'Energy Balance-2019'!$A$2:$AG$2,0)),0)*VLOOKUP(M$52,'Heat Value'!$A$1:$E$33,5,0) -> 0 | N58: =IF(INDEX('Energy Balance-2019'!$A$2:$AG$38,MATCH('Energy Balance-2019'!$A21,'Energy Balance-2019'!$A$2:$A$38,0),MATCH(N$2,'Energy Balance-2019'!$A$2:$AG$2,0))<0,-INDEX('Energy Balance-2019'!$A$2:$AG$38,MATCH('Energy Balance-2019'!$A21,'Energy Balance-2019'!$A$2:$A$38,0),MATCH(N$2,'Energy Balance-2019'!$A$2:$AG$2,0)),0)*VLOOKUP(N$52,'Heat Value'!$A$1:$E$33,5,0) -> 0 | ... AF58: =IF(INDEX('Energy Balance-2019'!$A$2:$AG$38,MATCH('Energy Balance-2019'!$A21,'Energy Balance-2019'!$A$2:$A$38,0),MATCH(AF$2,'Energy Balance-2019'!$A$2:$AG$2,0))<0,-INDEX('Energy Balance-2019'!$A$2:$AG$38,MATCH('Energy Balance-2019'!$A21,'Energy Balance-2019'!$A$2:$A$38,0),MATCH(AF$2,'Energy Balance-2019'!$A$2:$AG$2,0)),0)*VLOOKUP(AF$52,'Heat Value'!$A$1:$E$33,5,0) -> 0
A59: =VLOOKUP($B59,'Transformation Match'!$A$1:$C$9,2,0) -> 燃气生产和供应业 | B59: 7.天然气液化 | C59: =IF(INDEX('Energy Balance-2019'!$A$2:$AG$38,MATCH('Energy Balance-2019'!$A22,'Energy Balance-2019'!$A$2:$A$38,0),MATCH(C$2,'Energy Balance-2019'!$A$2:$AG$2,0))<0,-INDEX('Energy Balance-2019'!$A$2:$AG$38,MATCH('Energy Balance-2019'!$A22,'Energy Balance-2019'!$A$2:$A$38,0),MATCH(C$2,'Energy Balance-2019'!$A$2:$AG$2,0)),0)*VLOOKUP(C$52,'Heat Value'!$A$1:$E$33,5,0) -> 0 | D59: =IF(INDEX('Energy Balance-2019'!$A$2:$AG$38,MATCH('Energy Balance-2019'!$A22,'Energy Balance-2019'!$A$2:$A$38,0),MATCH(D$2,'Energy Balance-2019'!$A$2:$AG$2,0))<0,-INDEX('Energy Balance-2019'!$A$2:$AG$38,MATCH('Energy Balance-2019'!$A22,'Energy Balance-2019'!$A$2:$A$38,0),MATCH(D$2,'Energy Balance-2019'!$A$2:$AG$2,0)),0)*VLOOKUP(D$52,'Heat Value'!$A$1:$E$33,5,0) -> 0 | E59: =IF(INDEX('Energy Balance-2019'!$A$2:$AG$38,MATCH('Energy Balance-2019'!$A22,'Energy Balance-2019'!$A$2:$A$38,0),MATCH(E$2,'Energy Balance-2019'!$A$2:$AG$2,0))<0,-INDEX('Energy Balance-2019'!$A$2:$AG$38,MATCH('Energy Balance-2019'!$A22,'Energy Balance-2019'!$A$2:$A$38,0),MATCH(E$2,'Energy Balance-2019'!$A$2:$AG$2,0)),0)*VLOOKUP(E$52,'Heat Value'!$A$1:$E$33,5,0) -> 0 | F59: =IF(INDEX('Energy Balance-2019'!$A$2:$AG$38,MATCH('Energy Balance-2019'!$A22,'Energy Balance-2019'!$A$2:$A$38,0),MATCH(F$2,'Energy Balance-2019'!$A$2:$AG$2,0))<0,-INDEX('Energy Balance-2019'!$A$2:$AG$38,MATCH('Energy Balance-2019'!$A22,'Energy Balance-2019'!$A$2:$A$38,0),MATCH(F$2,'Energy Balance-2019'!$A$2:$AG$2,0)),0)*VLOOKUP("型煤",'Heat Value'!$A$1:$E$33,5,0) -> 0 | G59: =IF(INDEX('Energy Balance-2019'!$A$2:$AG$38,MATCH('Energy Balance-2019'!$A22,'Energy Balance-2019'!$A$2:$A$38,0),MATCH(G$2,'Energy Balance-2019'!$A$2:$AG$2,0))<0,-INDEX('Energy Balance-2019'!$A$2:$AG$38,MATCH('Energy Balance-2019'!$A22,'Energy Balance-2019'!$A$2:$A$38,0),MATCH(G$2,'Energy Balance-2019'!$A$2:$AG$2,0)),0)*VLOOKUP(G$52,'Heat Value'!$A$1:$E$33,5,0) -> 0 | H59: =IF(INDEX('Energy Balance-2019'!$A$2:$AG$38,MATCH('Energy Balance-2019'!$A22,'Energy Balance-2019'!$A$2:$A$38,0),MATCH(H$2,'Energy Balance-2019'!$A$2:$AG$2,0))<0,-INDEX('Energy Balance-2019'!$A$2:$AG$38,MATCH('Energy Balance-2019'!$A22,'Energy Balance-2019'!$A$2:$A$38,0),MATCH(H$2,'Energy Balance-2019'!$A$2:$AG$2,0)),0)*VLOOKUP(H$52,'Heat Value'!$A$1:$E$33,5,0) -> 0 | I59: =IF(INDEX('Energy Balance-2019'!$A$2:$AG$38,MATCH('Energy Balance-2019'!$A22,'Energy Balance-2019'!$A$2:$A$38,0),MATCH(I$2,'Energy Balance-2019'!$A$2:$AG$2,0))<0,-INDEX('Energy Balance-2019'!$A$2:$AG$38,MATCH('Energy Balance-2019'!$A22,'Energy Balance-2019'!$A$2:$A$38,0),MATCH(I$2,'Energy Balance-2019'!$A$2:$AG$2,0)),0)*VLOOKUP(I$52,'Heat Value'!$A$1:$E$33,5,0) -> 0 | J59: =IF(INDEX('Energy Balance-2019'!$A$2:$AG$38,MATCH('Energy Balance-2019'!$A22,'Energy Balance-2019'!$A$2:$A$38,0),MATCH(J$2,'Energy Balance-2019'!$A$2:$AG$2,0))<0,-INDEX('Energy Balance-2019'!$A$2:$AG$38,MATCH('Energy Balance-2019'!$A22,'Energy Balance-2019'!$A$2:$A$38,0),MATCH(J$2,'Energy Balance-2019'!$A$2:$AG$2,0)),0)*VLOOKUP(J$52,'Heat Value'!$A$1:$E$33,5,0) -> 0 | K59: =IF(INDEX('Energy Balance-2019'!$A$2:$AG$38,MATCH('Energy Balance-2019'!$A22,'Energy Balance-2019'!$A$2:$A$38,0),MATCH(K$2,'Energy Balance-2019'!$A$2:$AG$2,0))<0,-INDEX('Energy Balance-2019'!$A$2:$AG$38,MATCH('Energy Balance-2019'!$A22,'Energy Balance-2019'!$A$2:$A$38,0),MATCH(K$2,'Energy Balance-2019'!$A$2:$AG$2,0)),0)*VLOOKUP(K$52,'Heat Value'!$A$1:$E$33,5,0) -> 9.0364884e+10 | L59: =IF(INDEX('Energy Balance-2019'!$A$2:$AG$38,MATCH('Energy Balance-2019'!$A22,'Energy Balance-2019'!$A$2:$A$38,0),MATCH(L$2,'Energy Balance-2019'!$A$2:$AG$2,0))<0,-INDEX('Energy Balance-2019'!$A$2:$AG$38,MATCH('Energy Balance-2019'!$A22,'Energy Balance-2019'!$A$2:$A$38,0),MATCH(L$2,'Energy Balance-2019'!$A$2:$AG$2,0)),0)*VLOOKUP(L$52,'Heat Value'!$A$1:$E$33,5,0) -> 0 | M59: =IF(INDEX('Energy Balance-2019'!$A$2:$AG$38,MATCH('Energy Balance-2019'!$A22,'Energy Balance-2019'!$A$2:$A$38,0),MATCH(M$2,'Energy Balance-2019'!$A$2:$AG$2,0))<0,-INDEX('Energy Balance-2019'!$A$2:$AG$38,MATCH('Energy Balance-2019'!$A22,'Energy Balance-2019'!$A$2:$A$38,0),MATCH(M$2,'Energy Balance-2019'!$A$2:$AG$2,0)),0)*VLOOKUP(M$52,'Heat Value'!$A$1:$E$33,5,0) -> 0 | N59: =IF(INDEX('Energy Balance-2019'!$A$2:$AG$38,MATCH('Energy Balance-2019'!$A22,'Energy Balance-2019'!$A$2:$A$38,0),MATCH(N$2,'Energy Balance-2019'!$A$2:$AG$2,0))<0,-INDEX('Energy Balance-2019'!$A$2:$AG$38,MATCH('Energy Balance-2019'!$A22,'Energy Balance-2019'!$A$2:$A$38,0),MATCH(N$2,'Energy Balance-2019'!$A$2:$AG$2,0)),0)*VLOOKUP(N$52,'Heat Value'!$A$1:$E$33,5,0) -> 0 | ... AA59: =IF(INDEX('Energy Balance-2019'!$A$2:$AG$38,MATCH('Energy Balance-2019'!$A22,'Energy Balance-2019'!$A$2:$A$38,0),MATCH(AA$2,'Energy Balance-2019'!$A$2:$AG$2,0))<0,-INDEX('Energy Balance-2019'!$A$2:$AG$38,MATCH('Energy Balance-2019'!$A22,'Energy Balance-2019'!$A$2:$A$38,0),MATCH(AA$2,'Energy Balance-2019'!$A$2:$AG$2,0)),0)*VLOOKUP(AA$52,'Heat Value'!$A$1:$E$33,5,0) -> 0 | AB59: =-'Energy Balance-2019'!AC22*VLOOKUP(AB$52,'Heat Value'!$A$1:$E$33,5,0) -> 5.8750104e+14 | AC59: =-'Energy Balance-2019'!AD22*VLOOKUP(AC$52,'Heat Value'!$A$1:$E$33,5,0) -> -5.6796218e+14 | AD59: =IF(INDEX('Energy Balance-2019'!$A$2:$AG$38,MATCH('Energy Balance-2019'!$A22,'Energy Balance-2019'!$A$2:$A$38,0),MATCH(AD$2,'Energy Balance-2019'!$A$2:$AG$2,0))<0,-INDEX('Energy Balance-2019'!$A$2:$AG$38,MATCH('Energy Balance-2019'!$A22,'Energy Balance-2019'!$A$2:$A$38,0),MATCH(AD$2,'Energy Balance-2019'!$A$2:$AG$2,0)),0)*VLOOKUP(AD$52,'Heat Value'!$A$1:$E$33,5,0) -> 0 | AE59: =IF(INDEX('Energy Balance-2019'!$A$2:$AG$38,MATCH('Energy Balance-2019'!$A22,'Energy Balance-2019'!$A$2:$A$38,0),MATCH(AE$2,'Energy Balance-2019'!$A$2:$AG$2,0))<0,-INDEX('Energy Balance-2019'!$A$2:$AG$38,MATCH('Energy Balance-2019'!$A22,'Energy Balance-2019'!$A$2:$A$38,0),MATCH(AE$2,'Energy Balance-2019'!$A$2:$AG$2,0)),0)*VLOOKUP(AE$52,'Heat Value'!$A$1:$E$33,5,0) -> 0 | AF59: =IF(INDEX('Energy Balance-2019'!$A$2:$AG$38,MATCH('Energy Balance-2019'!$A22,'Energy Balance-2019'!$A$2:$A$38,0),MATCH(AF$2,'Energy Balance-2019'!$A$2:$AG$2,0))<0,-INDEX('Energy Balance-2019'!$A$2:$AG$38,MATCH('Energy Balance-2019'!$A22,'Energy Balance-2019'!$A$2:$A$38,0),MATCH(AF$2,'Energy Balance-2019'!$A$2:$AG$2,0)),0)*VLOOKUP(AF$52,'Heat Value'!$A$1:$E$33,5,0) -> 0
A60: =VLOOKUP($B60,'Transformation Match'!$A$1:$C$9,2,0) -> 石油、煤炭及其他燃料加工业 | B60: 8.煤制品加工 | C60: =-'Energy Balance-2019'!C23*VLOOKUP(C$52,'Heat Value'!$A$1:$E$33,5,0) -> 7.8326536e+13 | D60: =-'Energy Balance-2019'!D23*VLOOKUP(D$52,'Heat Value'!$A$1:$E$33,5,0) -> 0 | E60: =-'Energy Balance-2019'!E23*VLOOKUP(E$52,'Heat Value'!$A$1:$E$33,5,0) -> 1.010728e+14 | F60: =-'Energy Balance-2019'!F23*VLOOKUP("型煤",'Heat Value'!$A$1:$E$33,5,0) -> -2.0392188e+14 | G60: =IF(INDEX('Energy Balance-2019'!$A$2:$AG$38,MATCH('Energy Balance-2019'!$A23,'Energy Balance-2019'!$A$2:$A$38,0),MATCH(G$2,'Energy Balance-2019'!$A$2:$AG$2,0))<0,-INDEX('Energy Balance-2019'!$A$2:$AG$38,MATCH('Energy Balance-2019'!$A23,'Energy Balance-2019'!$A$2:$A$38,0),MATCH(G$2,'Energy Balance-2019'!$A$2:$AG$2,0)),0)*VLOOKUP(G$52,'Heat Value'!$A$1:$E$33,5,0) -> 0 | H60: =IF(INDEX('Energy Balance-2019'!$A$2:$AG$38,MATCH('Energy Balance-2019'!$A23,'Energy Balance-2019'!$A$2:$A$38,0),MATCH(H$2,'Energy Balance-2019'!$A$2:$AG$2,0))<0,-INDEX('Energy Balance-2019'!$A$2:$AG$38,MATCH('Energy Balance-2019'!$A23,'Energy Balance-2019'!$A$2:$A$38,0),MATCH(H$2,'Energy Balance-2019'!$A$2:$AG$2,0)),0)*VLOOKUP(H$52,'Heat Value'!$A$1:$E$33,5,0) -> 0 | I60: =IF(INDEX('Energy Balance-2019'!$A$2:$AG$38,MATCH('Energy Balance-2019'!$A23,'Energy Balance-2019'!$A$2:$A$38,0),MATCH(I$2,'Energy Balance-2019'!$A$2:$AG$2,0))<0,-INDEX('Energy Balance-2019'!$A$2:$AG$38,MATCH('Energy Balance-2019'!$A23,'Energy Balance-2019'!$A$2:$A$38,0),MATCH(I$2,'Energy Balance-2019'!$A$2:$AG$2,0)),0)*VLOOKUP(I$52,'Heat Value'!$A$1:$E$33,5,0) -> 0 | J60: =IF(INDEX('Energy Balance-2019'!$A$2:$AG$38,MATCH('Energy Balance-2019'!$A23,'Energy Balance-2019'!$A$2:$A$38,0),MATCH(J$2,'Energy Balance-2019'!$A$2:$AG$2,0))<0,-INDEX('Energy Balance-2019'!$A$2:$AG$38,MATCH('Energy Balance-2019'!$A23,'Energy Balance-2019'!$A$2:$A$38,0),MATCH(J$2,'Energy Balance-2019'!$A$2:$AG$2,0)),0)*VLOOKUP(J$52,'Heat Value'!$A$1:$E$33,5,0) -> 0 | K60: =IF(INDEX('Energy Balance-2019'!$A$2:$AG$38,MATCH('Energy Balance-2019'!$A23,'Energy Balance-2019'!$A$2:$A$38,0),MATCH(K$2,'Energy Balance-2019'!$A$2:$AG$2,0))<0,-INDEX('Energy Balance-2019'!$A$2:$AG$38,MATCH('Energy Balance-2019'!$A23,'Energy Balance-2019'!$A$2:$A$38,0),MATCH(K$2,'Energy Balance-2019'!$A$2:$AG$2,0)),0)*VLOOKUP(K$52,'Heat Value'!$A$1:$E$33,5,0) -> 0 | L60: =IF(INDEX('Energy Balance-2019'!$A$2:$AG$38,MATCH('Energy Balance-2019'!$A23,'Energy Balance-2019'!$A$2:$A$38,0),MATCH(L$2,'Energy Balance-2019'!$A$2:$AG$2,0))<0,-INDEX('Energy Balance-2019'!$A$2:$AG$38,MATCH('Energy Balance-2019'!$A23,'Energy Balance-2019'!$A$2:$A$38,0),MATCH(L$2,'Energy Balance-2019'!$A$2:$AG$2,0)),0)*VLOOKUP(L$52,'Heat Value'!$A$1:$E$33,5,0) -> 0 | M60: =IF(INDEX('Energy Balance-2019'!$A$2:$AG$38,MATCH('Energy Balance-2019'!$A23,'Energy Balance-2019'!$A$2:$A$38,0),MATCH(M$2,'Energy Balance-2019'!$A$2:$AG$2,0))<0,-INDEX('Energy Balance-2019'!$A$2:$AG$38,MATCH('Energy Balance-2019'!$A23,'Energy Balance-2019'!$A$2:$A$38,0),MATCH(M$2,'Energy Balance-2019'!$A$2:$AG$2,0)),0)*VLOOKUP(M$52,'Heat Value'!$A$1:$E$33,5,0) -> 0 | N60: =IF(INDEX('Energy Balance-2019'!$A$2:$AG$38,MATCH('Energy Balance-2019'!$A23,'Energy Balance-2019'!$A$2:$A$38,0),MATCH(N$2,'Energy Balance-2019'!$A$2:$AG$2,0))<0,-INDEX('Energy Balance-2019'!$A$2:$AG$38,MATCH('Energy Balance-2019'!$A23,'Energy Balance-2019'!$A$2:$A$38,0),MATCH(N$2,'Energy Balance-2019'!$A$2:$AG$2,0)),0)*VLOOKUP(N$52,'Heat Value'!$A$1:$E$33,5,0) -> 0 | ... AF60: =IF(INDEX('Energy Balance-2019'!$A$2:$AG$38,MATCH('Energy Balance-2019'!$A23,'Energy Balance-2019'!$A$2:$A$38,0),MATCH(AF$2,'Energy Balance-2019'!$A$2:$AG$2,0))<0,-INDEX('Energy Balance-2019'!$A$2:$AG$38,MATCH('Energy Balance-2019'!$A23,'Energy Balance-2019'!$A$2:$A$38,0),MATCH(AF$2,'Energy Balance-2019'!$A$2:$AG$2,0)),0)*VLOOKUP(AF$52,'Heat Value'!$A$1:$E$33,5,0) -> 0
A61: 统计原则：如果A类能源加工转换成A类能源，计算A类能源的净投入量；如果A类能源加工转换成B类能源，计算A类能源的全部投入量。
A66: Non-energy Use - BTU
B67: =VLOOKUP(B$68,'Fuel Match'!$B$2:$D$35,3,0) -> coal | C67: =VLOOKUP(C$68,'Fuel Match'!$B$2:$D$35,3,0) -> coal | D67: =VLOOKUP(D$68,'Fuel Match'!$B$2:$D$35,3,0) -> coal | E67: =VLOOKUP(E$68,'Fuel Match'!$B$2:$D$35,3,0) -> coal | F67: =VLOOKUP(F$68,'Fuel Match'!$B$2:$D$35,3,0) -> coal | G67: =VLOOKUP(G$68,'Fuel Match'!$B$2:$D$35,3,0) -> coal | H67: =VLOOKUP(H$68,'Fuel Match'!$B$2:$D$35,3,0) -> LPG propane or butane | I67: =VLOOKUP(I$68,'Fuel Match'!$B$2:$D$35,3,0) -> LPG propane or butane | ... AE67: =VLOOKUP(AE$68,'Fuel Match'!$B$2:$D$35,3,0) -> biomass
B68: 原煤 | C68: 洗精煤 | D68: 其他洗煤 | E68: 煤制品 | F68: 煤矸石 | G68: 焦炭 | H68: 焦炉煤气 | I68: 高炉煤气 | J68: 转炉煤气 | K68: 其他煤气 | L68: 其他焦化产品 | M68: 原油 | N68: 汽油 | O68: 煤油 | P68: 柴油 | Q68: 燃料油 | R68: 石脑油 | S68: 润滑油 | T68: 石蜡 | U68: 溶剂油 | V68: 石油沥青 | W68: 石油焦 | X68: 液化石油气 | Y68: 炼厂干气 | Z68: 其他石油制品 | AA68: 天然气 | AB68: 液化天然气 | AC68: 热力 | AD68: 电力 | AE68: 其他能源
A69: 煤炭开采和洗选业 | B69: =SUMIFS(C$5:C$60,$A$5:$A$60,$A69) -> 1.7357422e+16 | C69: =SUMIFS(D$5:D$60,$A$5:$A$60,$A69) -> -1.3449311e+16 | D69: =SUMIFS(E$5:E$60,$A$5:$A$60,$A69) -> -1.7051579e+15 | E69: =SUMIFS(F$5:F$60,$A$5:$A$60,$A69) -> 0 | F69: =SUMIFS(G$5:G$60,$A$5:$A$60,$A69) -> -2.4583334e+14 | G69: =SUMIFS(H$5:H$60,$A$5:$A$60,$A69) -> 0 | H69: =SUMIFS(I$5:I$60,$A$5:$A$60,$A69) -> 0 | I69: =SUMIFS(J$5:J$60,$A$5:$A$60,$A69) -> 0 | ... AE69: =SUMIFS(AF$5:AF$60,$A$5:$A$60,$A69) -> 0
A70: 石油和天然气开采业 | B70: =SUMIFS(C$5:C$60,$A$5:$A$60,$A70) -> 0 | C70: =SUMIFS(D$5:D$60,$A$5:$A$60,$A70) -> 0 | D70: =SUMIFS(E$5:E$60,$A$5:$A$60,$A70) -> 0 | E70: =SUMIFS(F$5:F$60,$A$5:$A$60,$A70) -> 0 | F70: =SUMIFS(G$5:G$60,$A$5:$A$60,$A70) -> 0 | G70: =SUMIFS(H$5:H$60,$A$5:$A$60,$A70) -> 0 | H70: =SUMIFS(I$5:I$60,$A$5:$A$60,$A70) -> 0 | I70: =SUMIFS(J$5:J$60,$A$5:$A$60,$A70) -> 0 | ... AE70: =SUMIFS(AF$5:AF$60,$A$5:$A$60,$A70) -> 0
A71: 黑色金属矿采选业 | B71: =SUMIFS(C$5:C$60,$A$5:$A$60,$A71) -> 0 | C71: =SUMIFS(D$5:D$60,$A$5:$A$60,$A71) -> 0 | D71: =SUMIFS(E$5:E$60,$A$5:$A$60,$A71) -> 0 | E71: =SUMIFS(F$5:F$60,$A$5:$A$60,$A71) -> 0 | F71: =SUMIFS(G$5:G$60,$A$5:$A$60,$A71) -> 0 | G71: =SUMIFS(H$5:H$60,$A$5:$A$60,$A71) -> 0 | H71: =SUMIFS(I$5:I$60,$A$5:$A$60,$A71) -> 0 | I71: =SUMIFS(J$5:J$60,$A$5:$A$60,$A71) -> 0 | ... AE71: =SUMIFS(AF$5:AF$60,$A$5:$A$60,$A71) -> 0
A72: 有色金属矿采选业 | B72: =SUMIFS(C$5:C$60,$A$5:$A$60,$A72) -> 0 | C72: =SUMIFS(D$5:D$60,$A$5:$A$60,$A72) -> 0 | D72: =SUMIFS(E$5:E$60,$A$5:$A$60,$A72) -> 0 | E72: =SUMIFS(F$5:F$60,$A$5:$A$60,$A72) -> 0 | F72: =SUMIFS(G$5:G$60,$A$5:$A$60,$A72) -> 0 | G72: =SUMIFS(H$5:H$60,$A$5:$A$60,$A72) -> 0 | H72: =SUMIFS(I$5:I$60,$A$5:$A$60,$A72) -> 0 | I72: =SUMIFS(J$5:J$60,$A$5:$A$60,$A72) -> 0 | ... AE72: =SUMIFS(AF$5:AF$60,$A$5:$A$60,$A72) -> 0
A73: 非金属矿采选业 | B73: =SUMIFS(C$5:C$60,$A$5:$A$60,$A73) -> 0 | C73: =SUMIFS(D$5:D$60,$A$5:$A$60,$A73) -> 0 | D73: =SUMIFS(E$5:E$60,$A$5:$A$60,$A73) -> 0 | E73: =SUMIFS(F$5:F$60,$A$5:$A$60,$A73) -> 0 | F73: =SUMIFS(G$5:G$60,$A$5:$A$60,$A73) -> 0 | G73: =SUMIFS(H$5:H$60,$A$5:$A$60,$A73) -> 0 | H73: =SUMIFS(I$5:I$60,$A$5:$A$60,$A73) -> 0 | I73: =SUMIFS(J$5:J$60,$A$5:$A$60,$A73) -> 0 | ... AE73: =SUMIFS(AF$5:AF$60,$A$5:$A$60,$A73) -> 0
A74: 开采专业及辅助性活动 | B74: =SUMIFS(C$5:C$60,$A$5:$A$60,$A74) -> 0 | C74: =SUMIFS(D$5:D$60,$A$5:$A$60,$A74) -> 0 | D74: =SUMIFS(E$5:E$60,$A$5:$A$60,$A74) -> 0 | E74: =SUMIFS(F$5:F$60,$A$5:$A$60,$A74) -> 0 | F74: =SUMIFS(G$5:G$60,$A$5:$A$60,$A74) -> 0 | G74: =SUMIFS(H$5:H$60,$A$5:$A$60,$A74) -> 0 | H74: =SUMIFS(I$5:I$60,$A$5:$A$60,$A74) -> 0 | I74: =SUMIFS(J$5:J$60,$A$5:$A$60,$A74) -> 0 | ... AE74: =SUMIFS(AF$5:AF$60,$A$5:$A$60,$A74) -> 0
A75: 其他采矿业 | B75: =SUMIFS(C$5:C$60,$A$5:$A$60,$A75) -> 0 | C75: =SUMIFS(D$5:D$60,$A$5:$A$60,$A75) -> 0 | D75: =SUMIFS(E$5:E$60,$A$5:$A$60,$A75) -> 0 | E75: =SUMIFS(F$5:F$60,$A$5:$A$60,$A75) -> 0 | F75: =SUMIFS(G$5:G$60,$A$5:$A$60,$A75) -> 0 | G75: =SUMIFS(H$5:H$60,$A$5:$A$60,$A75) -> 0 | H75: =SUMIFS(I$5:I$60,$A$5:$A$60,$A75) -> 0 | I75: =SUMIFS(J$5:J$60,$A$5:$A$60,$A75) -> 0 | ... AE75: =SUMIFS(AF$5:AF$60,$A$5:$A$60,$A75) -> 0
A76: 农副食品加工业 | B76: =SUMIFS(C$5:C$60,$A$5:$A$60,$A76) -> 0 | C76: =SUMIFS(D$5:D$60,$A$5:$A$60,$A76) -> 0 | D76: =SUMIFS(E$5:E$60,$A$5:$A$60,$A76) -> 0 | E76: =SUMIFS(F$5:F$60,$A$5:$A$60,$A76) -> 0 | F76: =SUMIFS(G$5:G$60,$A$5:$A$60,$A76) -> 0 | G76: =SUMIFS(H$5:H$60,$A$5:$A$60,$A76) -> 0 | H76: =SUMIFS(I$5:I$60,$A$5:$A$60,$A76) -> 0 | I76: =SUMIFS(J$5:J$60,$A$5:$A$60,$A76) -> 0 | ... AE76: =SUMIFS(AF$5:AF$60,$A$5:$A$60,$A76) -> 0
A77: 食品制造业 | B77: =SUMIFS(C$5:C$60,$A$5:$A$60,$A77) -> 0 | C77: =SUMIFS(D$5:D$60,$A$5:$A$60,$A77) -> 0 | D77: =SUMIFS(E$5:E$60,$A$5:$A$60,$A77) -> 0 | E77: =SUMIFS(F$5:F$60,$A$5:$A$60,$A77) -> 0 | F77: =SUMIFS(G$5:G$60,$A$5:$A$60,$A77) -> 0 | G77: =SUMIFS(H$5:H$60,$A$5:$A$60,$A77) -> 0 | H77: =SUMIFS(I$5:I$60,$A$5:$A$60,$A77) -> 0 | I77: =SUMIFS(J$5:J$60,$A$5:$A$60,$A77) -> 0 | ... AE77: =SUMIFS(AF$5:AF$60,$A$5:$A$60,$A77) -> 0
A78: 酒、饮料和精制茶制造业 | B78: =SUMIFS(C$5:C$60,$A$5:$A$60,$A78) -> 0 | C78: =SUMIFS(D$5:D$60,$A$5:$A$60,$A78) -> 0 | D78: =SUMIFS(E$5:E$60,$A$5:$A$60,$A78) -> 0 | E78: =SUMIFS(F$5:F$60,$A$5:$A$60,$A78) -> 0 | F78: =SUMIFS(G$5:G$60,$A$5:$A$60,$A78) -> 0 | G78: =SUMIFS(H$5:H$60,$A$5:$A$60,$A78) -> 0 | H78: =SUMIFS(I$5:I$60,$A$5:$A$60,$A78) -> 0 | I78: =SUMIFS(J$5:J$60,$A$5:$A$60,$A78) -> 0 | ... AE78: =SUMIFS(AF$5:AF$60,$A$5:$A$60,$A78) -> 0
A79: 烟草制品业 | B79: =SUMIFS(C$5:C$60,$A$5:$A$60,$A79) -> 0 | C79: =SUMIFS(D$5:D$60,$A$5:$A$60,$A79) -> 0 | D79: =SUMIFS(E$5:E$60,$A$5:$A$60,$A79) -> 0 | E79: =SUMIFS(F$5:F$60,$A$5:$A$60,$A79) -> 0 | F79: =SUMIFS(G$5:G$60,$A$5:$A$60,$A79) -> 0 | G79: =SUMIFS(H$5:H$60,$A$5:$A$60,$A79) -> 0 | H79: =SUMIFS(I$5:I$60,$A$5:$A$60,$A79) -> 0 | I79: =SUMIFS(J$5:J$60,$A$5:$A$60,$A79) -> 0 | ... AE79: =SUMIFS(AF$5:AF$60,$A$5:$A$60,$A79) -> 0
A80: 纺织业 | B80: =SUMIFS(C$5:C$60,$A$5:$A$60,$A80) -> 0 | C80: =SUMIFS(D$5:D$60,$A$5:$A$60,$A80) -> 0 | D80: =SUMIFS(E$5:E$60,$A$5:$A$60,$A80) -> 0 | E80: =SUMIFS(F$5:F$60,$A$5:$A$60,$A80) -> 0 | F80: =SUMIFS(G$5:G$60,$A$5:$A$60,$A80) -> 0 | G80: =SUMIFS(H$5:H$60,$A$5:$A$60,$A80) -> 0 | H80: =SUMIFS(I$5:I$60,$A$5:$A$60,$A80) -> 0 | I80: =SUMIFS(J$5:J$60,$A$5:$A$60,$A80) -> 0 | ... AE80: =SUMIFS(AF$5:AF$60,$A$5:$A$60,$A80) -> 0
... A110: 建筑业 | B110: =SUMIFS(C$5:C$60,$A$5:$A$60,$A110) -> 0 | C110: =SUMIFS(D$5:D$60,$A$5:$A$60,$A110) -> 0 | D110: =SUMIFS(E$5:E$60,$A$5:$A$60,$A110) -> 0 | E110: =SUMIFS(F$5:F$60,$A$5:$A$60,$A110) -> 0 | F110: =SUMIFS(G$5:G$60,$A$5:$A$60,$A110) -> 0 | G110: =SUMIFS(H$5:H$60,$A$5:$A$60,$A110) -> 0 | H110: =SUMIFS(I$5:I$60,$A$5:$A$60,$A110) -> 0 | I110: =SUMIFS(J$5:J$60,$A$5:$A$60,$A110) -> 0 | ... AE110: =SUMIFS(AF$5:AF$60,$A$5:$A$60,$A110) -> 0
A114: Non-energy Use - BTU
C115: coal | D115: LPG propane or butane | E115: petroleum diesel | F115: crude oil | G115: heavy fuel oil | H115: natural gas | I115: electricity | J115: heat | K115: biomass
A116: =VLOOKUP(B116,'Sector Match'!$A$1:$B$43,2,0) -> coal mining 05 | B116: 煤炭开采和洗选业 | C116: =SUMIFS($B69:$AE69,$B$67:$AE$67,C$115) -> 1.9571198e+15 | D116: =SUMIFS($B69:$AE69,$B$67:$AE$67,D$115) -> 0 | E116: =SUMIFS($B69:$AE69,$B$67:$AE$67,E$115) -> 0 | F116: =SUMIFS($B69:$AE69,$B$67:$AE$67,F$115) -> 0 | G116: =SUMIFS($B69:$AE69,$B$67:$AE$67,G$115) -> 0 | H116: =SUMIFS($B69:$AE69,$B$67:$AE$67,H$115) -> 0 | I116: =SUMIFS($B69:$AE69,$B$67:$AE$67,I$115) -> 0 | J116: =SUMIFS($B69:$AE69,$B$67:$AE$67,J$115) -> 0 | K116: =SUMIFS($B69:$AE69,$B$67:$AE$67,K$115) -> 0
A117: =VLOOKUP(B117,'Sector Match'!$A$1:$B$43,2,0) -> oil and gas extraction 06 | B117: 石油和天然气开采业 | C117: =SUMIFS($B70:$AE70,$B$67:$AE$67,C$115) -> 0 | D117: =SUMIFS($B70:$AE70,$B$67:$AE$67,D$115) -> 0 | E117: =SUMIFS($B70:$AE70,$B$67:$AE$67,E$115) -> 0 | F117: =SUMIFS($B70:$AE70,$B$67:$AE$67,F$115) -> 0 | G117: =SUMIFS($B70:$AE70,$B$67:$AE$67,G$115) -> 0 | H117: =SUMIFS($B70:$AE70,$B$67:$AE$67,H$115) -> 0 | I117: =SUMIFS($B70:$AE70,$B$67:$AE$67,I$115) -> 0 | J117: =SUMIFS($B70:$AE70,$B$67:$AE$67,J$115) -> 0 | K117: =SUMIFS($B70:$AE70,$B$67:$AE$67,K$115) -> 0
A118: =VLOOKUP(B118,'Sector Match'!$A$1:$B$43,2,0) -> other mining and quarrying 07T08 | B118: 黑色金属矿采选业 | C118: =SUMIFS($B71:$AE71,$B$67:$AE$67,C$115) -> 0 | D118: =SUMIFS($B71:$AE71,$B$67:$AE$67,D$115) -> 0 | E118: =SUMIFS($B71:$AE71,$B$67:$AE$67,E$115) -> 0 | F118: =SUMIFS($B71:$AE71,$B$67:$AE$67,F$115) -> 0 | G118: =SUMIFS($B71:$AE71,$B$67:$AE$67,G$115) -> 0 | H118: =SUMIFS($B71:$AE71,$B$67:$AE$67,H$115) -> 0 | I118: =SUMIFS($B71:$AE71,$B$67:$AE$67,I$115) -> 0 | J118: =SUMIFS($B71:$AE71,$B$67:$AE$67,J$115) -> 0 | K118: =SUMIFS($B71:$AE71,$B$67:$AE$67,K$115) -> 0
A119: =VLOOKUP(B119,'Sector Match'!$A$1:$B$43,2,0) -> other mining and quarrying 07T08 | B119: 有色金属矿采选业 | C119: =SUMIFS($B72:$AE72,$B$67:$AE$67,C$115) -> 0 | D119: =SUMIFS($B72:$AE72,$B$67:$AE$67,D$115) -> 0 | E119: =SUMIFS($B72:$AE72,$B$67:$AE$67,E$115) -> 0 | F119: =SUMIFS($B72:$AE72,$B$67:$AE$67,F$115) -> 0 | G119: =SUMIFS($B72:$AE72,$B$67:$AE$67,G$115) -> 0 | H119: =SUMIFS($B72:$AE72,$B$67:$AE$67,H$115) -> 0 | I119: =SUMIFS($B72:$AE72,$B$67:$AE$67,I$115) -> 0 | J119: =SUMIFS($B72:$AE72,$B$67:$AE$67,J$115) -> 0 | K119: =SUMIFS($B72:$AE72,$B$67:$AE$67,K$115) -> 0
A120: =VLOOKUP(B120,'Sector Match'!$A$1:$B$43,2,0) -> other mining and quarrying 07T08 | B120: 非金属矿采选业 | C120: =SUMIFS($B73:$AE73,$B$67:$AE$67,C$115) -> 0 | D120: =SUMIFS($B73:$AE73,$B$67:$AE$67,D$115) -> 0 | E120: =SUMIFS($B73:$AE73,$B$67:$AE$67,E$115) -> 0 | F120: =SUMIFS($B73:$AE73,$B$67:$AE$67,F$115) -> 0 | G120: =SUMIFS($B73:$AE73,$B$67:$AE$67,G$115) -> 0 | H120: =SUMIFS($B73:$AE73,$B$67:$AE$67,H$115) -> 0 | I120: =SUMIFS($B73:$AE73,$B$67:$AE$67,I$115) -> 0 | J120: =SUMIFS($B73:$AE73,$B$67:$AE$67,J$115) -> 0 | K120: =SUMIFS($B73:$AE73,$B$67:$AE$67,K$115) -> 0
A121: =VLOOKUP(B121,'Sector Match'!$A$1:$B$43,2,0) -> Mining Support Service Activities 09 | B121: 开采专业及辅助性活动 | C121: =SUMIFS($B74:$AE74,$B$67:$AE$67,C$115) -> 0 | D121: =SUMIFS($B74:$AE74,$B$67:$AE$67,D$115) -> 0 | E121: =SUMIFS($B74:$AE74,$B$67:$AE$67,E$115) -> 0 | F121: =SUMIFS($B74:$AE74,$B$67:$AE$67,F$115) -> 0 | G121: =SUMIFS($B74:$AE74,$B$67:$AE$67,G$115) -> 0 | H121: =SUMIFS($B74:$AE74,$B$67:$AE$67,H$115) -> 0 | I121: =SUMIFS($B74:$AE74,$B$67:$AE$67,I$115) -> 0 | J121: =SUMIFS($B74:$AE74,$B$67:$AE$67,J$115) -> 0 | K121: =SUMIFS($B74:$AE74,$B$67:$AE$67,K$115) -> 0
A122: =VLOOKUP(B122,'Sector Match'!$A$1:$B$43,2,0) -> Mining Support Service Activities 09 | B122: 其他采矿业 | C122: =SUMIFS($B75:$AE75,$B$67:$AE$67,C$115) -> 0 | D122: =SUMIFS($B75:$AE75,$B$67:$AE$67,D$115) -> 0 | E122: =SUMIFS($B75:$AE75,$B$67:$AE$67,E$115) -> 0 | F122: =SUMIFS($B75:$AE75,$B$67:$AE$67,F$115) -> 0 | G122: =SUMIFS($B75:$AE75,$B$67:$AE$67,G$115) -> 0 | H122: =SUMIFS($B75:$AE75,$B$67:$AE$67,H$115) -> 0 | I122: =SUMIFS($B75:$AE75,$B$67:$AE$67,I$115) -> 0 | J122: =SUMIFS($B75:$AE75,$B$67:$AE$67,J$115) -> 0 | K122: =SUMIFS($B75:$AE75,$B$67:$AE$67,K$115) -> 0
A123: =VLOOKUP(B123,'Sector Match'!$A$1:$B$43,2,0) -> food beverage and tobacco 10T12 | B123: 农副食品加工业 | C123: =SUMIFS($B76:$AE76,$B$67:$AE$67,C$115) -> 0 | D123: =SUMIFS($B76:$AE76,$B$67:$AE$67,D$115) -> 0 | E123: =SUMIFS($B76:$AE76,$B$67:$AE$67,E$115) -> 0 | F123: =SUMIFS($B76:$AE76,$B$67:$AE$67,F$115) -> 0 | G123: =SUMIFS($B76:$AE76,$B$67:$AE$67,G$115) -> 0 | H123: =SUMIFS($B76:$AE76,$B$67:$AE$67,H$115) -> 0 | I123: =SUMIFS($B76:$AE76,$B$67:$AE$67,I$115) -> 0 | J123: =SUMIFS($B76:$AE76,$B$67:$AE$67,J$115) -> 0 | K123: =SUMIFS($B76:$AE76,$B$67:$AE$67,K$115) -> 0
A124: =VLOOKUP(B124,'Sector Match'!$A$1:$B$43,2,0) -> food beverage and tobacco 10T12 | B124: 食品制造业 | C124: =SUMIFS($B77:$AE77,$B$67:$AE$67,C$115) -> 0 | D124: =SUMIFS($B77:$AE77,$B$67:$AE$67,D$115) -> 0 | E124: =SUMIFS($B77:$AE77,$B$67:$AE$67,E$115) -> 0 | F124: =SUMIFS($B77:$AE77,$B$67:$AE$67,F$115) -> 0 | G124: =SUMIFS($B77:$AE77,$B$67:$AE$67,G$115) -> 1.5354086e+11 | H124: =SUMIFS($B77:$AE77,$B$67:$AE$67,H$115) -> 0 | I124: =SUMIFS($B77:$AE77,$B$67:$AE$67,I$115) -> 0 | J124: =SUMIFS($B77:$AE77,$B$67:$AE$67,J$115) -> 0 | K124: =SUMIFS($B77:$AE77,$B$67:$AE$67,K$115) -> 0
A125: =VLOOKUP(B125,'Sector Match'!$A$1:$B$43,2,0) -> food beverage and tobacco 10T12 | B125: 酒、饮料和精制茶制造业 | C125: =SUMIFS($B78:$AE78,$B$67:$AE$67,C$115) -> 0 | D125: =SUMIFS($B78:$AE78,$B$67:$AE$67,D$115) -> 0 | E125: =SUMIFS($B78:$AE78,$B$67:$AE$67,E$115) -> 0 | F125: =SUMIFS($B78:$AE78,$B$67:$AE$67,F$115) -> 0 | G125: =SUMIFS($B78:$AE78,$B$67:$AE$67,G$115) -> 0 | H125: =SUMIFS($B78:$AE78,$B$67:$AE$67,H$115) -> 0 | I125: =SUMIFS($B78:$AE78,$B$67:$AE$67,I$115) -> 0 | J125: =SUMIFS($B78:$AE78,$B$67:$AE$67,J$115) -> 0 | K125: =SUMIFS($B78:$AE78,$B$67:$AE$67,K$115) -> 0
A126: =VLOOKUP(B126,'Sector Match'!$A$1:$B$43,2,0) -> food beverage and tobacco 10T12 | B126: 烟草制品业 | C126: =SUMIFS($B79:$AE79,$B$67:$AE$67,C$115) -> 0 | D126: =SUMIFS($B79:$AE79,$B$67:$AE$67,D$115) -> 0 | E126: =SUMIFS($B79:$AE79,$B$67:$AE$67,E$115) -> 0 | F126: =SUMIFS($B79:$AE79,$B$67:$AE$67,F$115) -> 0 | G126: =SUMIFS($B79:$AE79,$B$67:$AE$67,G$115) -> 0 | H126: =SUMIFS($B79:$AE79,$B$67:$AE$67,H$115) -> 0 | I126: =SUMIFS($B79:$AE79,$B$67:$AE$67,I$115) -> 0 | J126: =SUMIFS($B79:$AE79,$B$67:$AE$67,J$115) -> 0 | K126: =SUMIFS($B79:$AE79,$B$67:$AE$67,K$115) -> 0
A127: =VLOOKUP(B127,'Sector Match'!$A$1:$B$43,2,0) -> textiles apparel and leather 13T15 | B127: 纺织业 | C127: =SUMIFS($B80:$AE80,$B$67:$AE$67,C$115) -> 0 | D127: =SUMIFS($B80:$AE80,$B$67:$AE$67,D$115) -> 0 | E127: =SUMIFS($B80:$AE80,$B$67:$AE$67,E$115) -> 0 | F127: =SUMIFS($B80:$AE80,$B$67:$AE$67,F$115) -> 0 | G127: =SUMIFS($B80:$AE80,$B$67:$AE$67,G$115) -> 0 | H127: =SUMIFS($B80:$AE80,$B$67:$AE$67,H$115) -> 0 | I127: =SUMIFS($B80:$AE80,$B$67:$AE$67,I$115) -> 0 | J127: =SUMIFS($B80:$AE80,$B$67:$AE$67,J$115) -> 0 | K127: =SUMIFS($B80:$AE80,$B$67:$AE$67,K$115) -> 0
... A157: =VLOOKUP(B157,'Sector Match'!$A$1:$B$43,2,0) -> construction 41T43 | B157: 建筑业 | C157: =SUMIFS($B110:$AE110,$B$67:$AE$67,C$115) -> 0 | D157: =SUMIFS($B110:$AE110,$B$67:$AE$67,D$115) -> 0 | E157: =SUMIFS($B110:$AE110,$B$67:$AE$67,E$115) -> 0 | F157: =SUMIFS($B110:$AE110,$B$67:$AE$67,F$115) -> 0 | G157: =SUMIFS($B110:$AE110,$B$67:$AE$67,G$115) -> 1.0608117e+15 | H157: =SUMIFS($B110:$AE110,$B$67:$AE$67,H$115) -> 0 | I157: =SUMIFS($B110:$AE110,$B$67:$AE$67,I$115) -> 0 | J157: =SUMIFS($B110:$AE110,$B$67:$AE$67,J$115) -> 0 | K157: =SUMIFS($B110:$AE110,$B$67:$AE$67,K$115) -> 0
A162: Non-energy Use - BTU
A163: EPS 行业 | B163: coal | C163: LPG propane or butane | D163: petroleum diesel | E163: crude oil | F163: heavy fuel oil | G163: natural gas | H163: electricity | I163: heat | J163: biomass
A164: agriculture and forestry 01T03 | B164: =SUMIFS(C$116:C$157,$A$116:$A$157,$A164) -> 0 | C164: =SUMIFS(D$116:D$157,$A$116:$A$157,$A164) -> 0 | D164: =SUMIFS(E$116:E$157,$A$116:$A$157,$A164) -> 0 | E164: =SUMIFS(F$116:F$157,$A$116:$A$157,$A164) -> 0 | F164: =SUMIFS(G$116:G$157,$A$116:$A$157,$A164) -> 0 | G164: =SUMIFS(H$116:H$157,$A$116:$A$157,$A164) -> 0 | H164: =SUMIFS(I$116:I$157,$A$116:$A$157,$A164) -> 0 | I164: =SUMIFS(J$116:J$157,$A$116:$A$157,$A164) -> 0 | J164: =SUMIFS(K$116:K$157,$A$116:$A$157,$A164) -> 0
A165: coal mining 05 | B165: =SUMIFS(C$116:C$157,$A$116:$A$157,$A165) -> 1.9571198e+15 | C165: =SUMIFS(D$116:D$157,$A$116:$A$157,$A165) -> 0 | D165: =SUMIFS(E$116:E$157,$A$116:$A$157,$A165) -> 0 | E165: =SUMIFS(F$116:F$157,$A$116:$A$157,$A165) -> 0 | F165: =SUMIFS(G$116:G$157,$A$116:$A$157,$A165) -> 0 | G165: =SUMIFS(H$116:H$157,$A$116:$A$157,$A165) -> 0 | H165: =SUMIFS(I$116:I$157,$A$116:$A$157,$A165) -> 0 | I165: =SUMIFS(J$116:J$157,$A$116:$A$157,$A165) -> 0 | J165: =SUMIFS(K$116:K$157,$A$116:$A$157,$A165) -> 0
A166: oil and gas extraction 06 | B166: =SUMIFS(C$116:C$157,$A$116:$A$157,$A166) -> 0 | C166: =SUMIFS(D$116:D$157,$A$116:$A$157,$A166) -> 0 | D166: =SUMIFS(E$116:E$157,$A$116:$A$157,$A166) -> 0 | E166: =SUMIFS(F$116:F$157,$A$116:$A$157,$A166) -> 0 | F166: =SUMIFS(G$116:G$157,$A$116:$A$157,$A166) -> 0 | G166: =SUMIFS(H$116:H$157,$A$116:$A$157,$A166) -> 0 | H166: =SUMIFS(I$116:I$157,$A$116:$A$157,$A166) -> 0 | I166: =SUMIFS(J$116:J$157,$A$116:$A$157,$A166) -> 0 | J166: =SUMIFS(K$116:K$157,$A$116:$A$157,$A166) -> 0
A167: other mining and quarrying 07T08 | B167: =SUMIFS(C$116:C$157,$A$116:$A$157,$A167) -> 0 | C167: =SUMIFS(D$116:D$157,$A$116:$A$157,$A167) -> 0 | D167: =SUMIFS(E$116:E$157,$A$116:$A$157,$A167) -> 0 | E167: =SUMIFS(F$116:F$157,$A$116:$A$157,$A167) -> 0 | F167: =SUMIFS(G$116:G$157,$A$116:$A$157,$A167) -> 0 | G167: =SUMIFS(H$116:H$157,$A$116:$A$157,$A167) -> 0 | H167: =SUMIFS(I$116:I$157,$A$116:$A$157,$A167) -> 0 | I167: =SUMIFS(J$116:J$157,$A$116:$A$157,$A167) -> 0 | J167: =SUMIFS(K$116:K$157,$A$116:$A$157,$A167) -> 0
A168: food beverage and tobacco 10T12 | B168: =SUMIFS(C$116:C$157,$A$116:$A$157,$A168) -> 0 | C168: =SUMIFS(D$116:D$157,$A$116:$A$157,$A168) -> 0 | D168: =SUMIFS(E$116:E$157,$A$116:$A$157,$A168) -> 0 | E168: =SUMIFS(F$116:F$157,$A$116:$A$157,$A168) -> 0 | F168: =SUMIFS(G$116:G$157,$A$116:$A$157,$A168) -> 1.5354086e+11 | G168: =SUMIFS(H$116:H$157,$A$116:$A$157,$A168) -> 0 | H168: =SUMIFS(I$116:I$157,$A$116:$A$157,$A168) -> 0 | I168: =SUMIFS(J$116:J$157,$A$116:$A$157,$A168) -> 0 | J168: =SUMIFS(K$116:K$157,$A$116:$A$157,$A168) -> 0
A169: textiles apparel and leather 13T15 | B169: =SUMIFS(C$116:C$157,$A$116:$A$157,$A169) -> 0 | C169: =SUMIFS(D$116:D$157,$A$116:$A$157,$A169) -> 0 | D169: =SUMIFS(E$116:E$157,$A$116:$A$157,$A169) -> 0 | E169: =SUMIFS(F$116:F$157,$A$116:$A$157,$A169) -> 0 | F169: =SUMIFS(G$116:G$157,$A$116:$A$157,$A169) -> 0 | G169: =SUMIFS(H$116:H$157,$A$116:$A$157,$A169) -> 0 | H169: =SUMIFS(I$116:I$157,$A$116:$A$157,$A169) -> 0 | I169: =SUMIFS(J$116:J$157,$A$116:$A$157,$A169) -> 0 | J169: =SUMIFS(K$116:K$157,$A$116:$A$157,$A169) -> 0
A170: wood products 16 | B170: =SUMIFS(C$116:C$157,$A$116:$A$157,$A170) -> 0 | C170: =SUMIFS(D$116:D$157,$A$116:$A$157,$A170) -> 0 | D170: =SUMIFS(E$116:E$157,$A$116:$A$157,$A170) -> 0 | E170: =SUMIFS(F$116:F$157,$A$116:$A$157,$A170) -> 0 | F170: =SUMIFS(G$116:G$157,$A$116:$A$157,$A170) -> 6.4037772e+11 | G170: =SUMIFS(H$116:H$157,$A$116:$A$157,$A170) -> 0 | H170: =SUMIFS(I$116:I$157,$A$116:$A$157,$A170) -> 0 | I170: =SUMIFS(J$116:J$157,$A$116:$A$157,$A170) -> 0 | J170: =SUMIFS(K$116:K$157,$A$116:$A$157,$A170) -> 0
A171: pulp paper and printing 17T18 | B171: =SUMIFS(C$116:C$157,$A$116:$A$157,$A171) -> 0 | C171: =SUMIFS(D$116:D$157,$A$116:$A$157,$A171) -> 0 | D171: =SUMIFS(E$116:E$157,$A$116:$A$157,$A171) -> 0 | E171: =SUMIFS(F$116:F$157,$A$116:$A$157,$A171) -> 0 | F171: =SUMIFS(G$116:G$157,$A$116:$A$157,$A171) -> 1.9847964e+11 | G171: =SUMIFS(H$116:H$157,$A$116:$A$157,$A171) -> 0 | H171: =SUMIFS(I$116:I$157,$A$116:$A$157,$A171) -> 0 | I171: =SUMIFS(J$116:J$157,$A$116:$A$157,$A171) -> 0 | J171: =SUMIFS(K$116:K$157,$A$116:$A$157,$A171) -> 0
A172: refined petroleum and coke 19 | B172: =SUMIFS(C$116:C$157,$A$116:$A$157,$A172) -> 3.8868592e+15 | C172: =SUMIFS(D$116:D$157,$A$116:$A$157,$A172) -> 1.689619e+15 | D172: =SUMIFS(E$116:E$157,$A$116:$A$157,$A172) -> 1.6190064e+14 | E172: =SUMIFS(F$116:F$157,$A$116:$A$157,$A172) -> 2.6511895e+16 | F172: =SUMIFS(G$116:G$157,$A$116:$A$157,$A172) -> 4.6563637e+15 | G172: =SUMIFS(H$116:H$157,$A$116:$A$157,$A172) -> 1.0910878e+14 | H172: =SUMIFS(I$116:I$157,$A$116:$A$157,$A172) -> 0 | I172: =SUMIFS(J$116:J$157,$A$116:$A$157,$A172) -> 0 | J172: =SUMIFS(K$116:K$157,$A$116:$A$157,$A172) -> 3.8557993e+13
A173: chemicals 20 | B173: =SUMIFS(C$116:C$157,$A$116:$A$157,$A173) -> 1.2015218e+15 | C173: =SUMIFS(D$116:D$157,$A$116:$A$157,$A173) -> 1.8420695e+15 | D173: =SUMIFS(E$116:E$157,$A$116:$A$157,$A173) -> 8.8744627e+13 | E173: =SUMIFS(F$116:F$157,$A$116:$A$157,$A173) -> 0 | F173: =SUMIFS(G$116:G$157,$A$116:$A$157,$A173) -> 3.5518993e+14 | G173: =SUMIFS(H$116:H$157,$A$116:$A$157,$A173) -> 3.5777357e+14 | H173: =SUMIFS(I$116:I$157,$A$116:$A$157,$A173) -> 0 | I173: =SUMIFS(J$116:J$157,$A$116:$A$157,$A173) -> 0 | J173: =SUMIFS(K$116:K$157,$A$116:$A$157,$A173) -> 0
A174: rubber and plastic products 22 | B174: =SUMIFS(C$116:C$157,$A$116:$A$157,$A174) -> 0 | C174: =SUMIFS(D$116:D$157,$A$116:$A$157,$A174) -> 0 | D174: =SUMIFS(E$116:E$157,$A$116:$A$157,$A174) -> 4.3866882e+11 | E174: =SUMIFS(F$116:F$157,$A$116:$A$157,$A174) -> 0 | F174: =SUMIFS(G$116:G$157,$A$116:$A$157,$A174) -> 0 | G174: =SUMIFS(H$116:H$157,$A$116:$A$157,$A174) -> 0 | H174: =SUMIFS(I$116:I$157,$A$116:$A$157,$A174) -> 0 | I174: =SUMIFS(J$116:J$157,$A$116:$A$157,$A174) -> 0 | J174: =SUMIFS(K$116:K$157,$A$116:$A$157,$A174) -> 0
A175: glass and glass products 231 | B175: =SUMIFS(C$116:C$157,$A$116:$A$157,$A175) -> 0 | C175: =SUMIFS(D$116:D$157,$A$116:$A$157,$A175) -> 1.0954932e+12 | D175: =SUMIFS(E$116:E$157,$A$116:$A$157,$A175) -> 7.183003e+10 | E175: =SUMIFS(F$116:F$157,$A$116:$A$157,$A175) -> 0 | F175: =SUMIFS(G$116:G$157,$A$116:$A$157,$A175) -> 0 | G175: =SUMIFS(H$116:H$157,$A$116:$A$157,$A175) -> 0 | H175: =SUMIFS(I$116:I$157,$A$116:$A$157,$A175) -> 0 | I175: =SUMIFS(J$116:J$157,$A$116:$A$157,$A175) -> 0 | J175: =SUMIFS(K$116:K$157,$A$116:$A$157,$A175) -> 0
... A188: construction 41T43 | B188: =SUMIFS(C$116:C$157,$A$116:$A$157,$A188) -> 0 | C188: =SUMIFS(D$116:D$157,$A$116:$A$157,$A188) -> 0 | D188: =SUMIFS(E$116:E$157,$A$116:$A$157,$A188) -> 0 | E188: =SUMIFS(F$116:F$157,$A$116:$A$157,$A188) -> 0 | F188: =SUMIFS(G$116:G$157,$A$116:$A$157,$A188) -> 1.0608117e+15 | G188: =SUMIFS(H$116:H$157,$A$116:$A$157,$A188) -> 0 | H188: =SUMIFS(I$116:I$157,$A$116:$A$157,$A188) -> 0 | I188: =SUMIFS(J$116:J$157,$A$116:$A$157,$A188) -> 0 | J188: =SUMIFS(K$116:K$157,$A$116:$A$157,$A188) -> 0

Sheet Product Output & Intensity
A1: 行业 | B1: 计量指标 | C1: 计量单位 | D1: 数据来源 | E1: 2019 | F1: 2020 | G1: 2021 | H1: 2022 | I1: 2023 | J1: 2024 | K1: 2025 | L1: 2026 | M1: 2027 | N1: 2028 | O1: 2029 | P1: 2030 | Q1: 2031 | R1: 2032 | S1: 2033 | T1: 2034 | U1: 2035 | V1: 2036 | W1: 2037 | X1: 2038 | Y1: 2039 | Z1: 2040 | AA1: 2041 | AB1: 2042 | AC1: 2043 | AD1: 2044 | AE1: 2045 | AF1: 2046 | AG1: 2047 | AH1: 2048 | AI1: 2049 | AJ1: 2050 | AK1: 2051 | AL1: 2052 | AM1: 2053 | AN1: 2054 | AO1: 2055 | AP1: 2056 | AQ1: 2057 | AR1: 2058 | AS1: 2059 | AT1: 2060
A2: 煤炭开采和洗选业 | B2: 原煤 | C2: 亿吨 | D2: 中石化《中国能源展望2060》 | E2: 38.46 | F2: 39.02 | G2: =F2+($K2-$F2)/5 -> 41.016 | H2: =G2+($K2-$F2)/5 -> 43.012 | I2: =H2+($K2-$F2)/5 -> 45.008 | J2: =I2+($K2-$F2)/5 -> 47.004 | K2: 49 | L2: 49.8 | M2: 50.6 | N2: 51.4 | O2: 52.2 | P2: 53 | Q2: 53.3 | R2: 53.6 | S2: 53.9 | T2: 54.2 | U2: 54.5 | V2: 54 | W2: 53.5 | X2: 53 | Y2: 52.5 | Z2: 52 | AA2: 51.2 | AB2: 50.4 | AC2: 49.6 | AD2: 48.8 | AE2: 48 | AF2: 47.2 | AG2: 46.4 | AH2: 45.6 | AI2: 44.8 | AJ2: 44 | AK2: 43 | AL2: 42 | AM2: 41 | AN2: 40 | AO2: 39 | AP2: 38.2 | AQ2: 37.4 | AR2: 36.6 | AS2: 35.8 | AT2: 35
A3: 石油和天然气开采业 | B3: 原油 | C3: 亿吨 | D3: 中石油《世界与中国能源展望2021》 | E3: 1.919141 | F3: 1.9477 | G3: =F3+($K3-$F3)/5 -> 1.99216 | H3: =G3+($K3-$F3)/5 -> 2.03662 | I3: =H3+($K3-$F3)/5 -> 2.08108 | J3: =I3+($K3-$F3)/5 -> 2.12554 | K3: 2.17 | L3: 2.176 | M3: 2.182 | N3: 2.188 | O3: 2.194 | P3: 2.2 | Q3: 2.216 | R3: 2.232 | S3: 2.248 | T3: 2.264 | U3: 2.28 | V3: 2.284 | W3: 2.288 | X3: 2.292 | Y3: 2.296 | Z3: 2.3 | AA3: 2.28 | AB3: 2.26 | AC3: 2.24 | AD3: 2.22 | AE3: 2.2 | AF3: 2.18 | AG3: 2.16 | AH3: 2.14 | AI3: 2.12 | AJ3: 2.1 | AK3: 2.07 | AL3: 2.04 | AM3: 2.01 | AN3: 1.98 | AO3: 1.95 | AP3: 1.938 | AQ3: 1.926 | AR3: 1.914 | AS3: 1.902 | AT3: 1.89
A4: 石油和天然气开采业 | B4: 天然气 | C4: 亿立方米 | D4: 中石油《世界与中国能源展望2021》 | E4: 1761.74 | F4: 1924.95 | G4: =F4+($K4-$F4)/5 -> 2038.56 | H4: =G4+($K4-$F4)/5 -> 2152.17 | I4: =H4+($K4-$F4)/5 -> 2265.78 | J4: =I4+($K4-$F4)/5 -> 2379.39 | K4: 2493 | L4: 2554.4 | M4: 2615.8 | N4: 2677.2 | O4: 2738.6 | P4: 2800 | Q4: 2840 | R4: 2880 | S4: 2920 | T4: 2960 | U4: 3000 | V4: 3040 | W4: 3080 | X4: 3120 | Y4: 3160 | Z4: 3200 | AA4: 3220 | AB4: 3240 | AC4: 3260 | AD4: 3280 | AE4: 3300 | AF4: 3320 | AG4: 3340 | AH4: 3360 | AI4: 3380 | AJ4: 3400 | AK4: 3420 | AL4: 3440 | AM4: 3460 | AN4: 3480 | AO4: 3500 | AP4: 3500 | AQ4: 3500 | AR4: 3500 | AS4: 3500 | AT4: 3500
A5: 黑色金属矿采选业 | B5: 铁矿石原矿 | C5: 亿吨 | D5: 产品产量与粗钢产量挂钩 | E5: 8.443562 | F5: 8.6672 | G5: =F5+($K5-$F5)/5 -> 9.3297626 | H5: =G5+($K5-$F5)/5 -> 9.9923252 | I5: =H5+($K5-$F5)/5 -> 10.654888 | J5: =I5+($K5-$F5)/5 -> 11.31745 | K5: 11.980013 | L5: 12.246235 | M5: 12.512458 | N5: 12.77868 | O5: 13.044903 | P5: 13.311125 | Q5: 13.330141 | R5: 13.349157 | S5: 13.368173 | T5: 13.387189 | U5: 13.406205 | V5: 13.254078 | W5: 13.101951 | X5: 12.949824 | Y5: 12.797696 | Z5: 12.645569 | AA5: 12.360331 | AB5: 12.075092 | AC5: 11.789854 | AD5: 11.504616 | AE5: 11.219377 | AF5: 10.934139 | AG5: 10.6489 | AH5: 10.363662 | AI5: 10.078424 | AJ5: 9.7931852 | AK5: 9.5459786 | AL5: 9.298772 | AM5: 9.0515653 | AN5: 8.8043587 | AO5: 8.5571521 | AP5: 8.2975267 | AQ5: 8.0379013 | AR5: 7.7782758 | AS5: 7.5186504 | AT5: 7.259025
A6: 有色金属矿采选业 | B6: 铜矿 | C6: 万吨 | D6: 产量与精炼铜产量挂钩；https://www.wkqh.cn/ueditor/jsp/upload/file/20240603/1717376096015027949.pdf | E6: 168 | F6: 172 | G6: =F6+($K6-$F6)/5 -> 191.7056 | H6: =G6+($K6-$F6)/5 -> 211.4112 | I6: =H6+($K6-$F6)/5 -> 231.11681 | J6: =I6+($K6-$F6)/5 -> 250.82241 | K6: 270.52801 | L6: 282.7454 | M6: 294.9628 | N6: 307.18019 | O6: 319.39759 | P6: 331.61498 | Q6: 338.59635 | R6: 345.57772 | S6: 352.55909 | T6: 359.54045 | U6: 366.52182 | V6: 370.01251 | W6: 373.50319 | X6: 376.99387 | Y6: 380.48456 | Z6: 383.97524 | AA6: 385.72058 | AB6: 387.46593 | AC6: 389.21127 | AD6: 390.95661 | AE6: 392.70195 | AF6: 394.44729 | AG6: 396.19264 | AH6: 397.93798 | AI6: 399.68332 | AJ6: 401.42866 | AK6: 403.174 | AL6: 404.91935 | AM6: 406.66469 | AN6: 408.41003 | AO6: 410.15537 | AP6: 411.55165 | AQ6: 412.94792 | AR6: 414.34419 | AS6: 415.74047 | AT6: 417.13674
