Workbook

Sheet About
A1: BPEaCP BAU Population Employment and Compensation Projections
A3: Source: | B3: 人口预测
B5: 中国工作人口总数
B6: 国家统计年鉴4-2
B7: 2021
B8: http://www.stats.gov.cn/tjsj/ndsj/2021/indexch.htm
B10: 平均工资
B11: 国家统计年鉴4-9
B12: 2021
B13: http://www.stats.gov.cn/tjsj/ndsj/2021/indexch.htm
B15: 人均国内生产总值
B16: 国家统计局
B17: 2020
B18: https://data.stats.gov.cn/easyquery.htm?cn=C01
A20: Notes
A21: 人口总数。。。
A22: 就业人数：各年15-65岁人口数乘2020年工作人口总数与2020年15-65岁总人数的比值即得。
A23: 工资总额：如工资外推表中计算方式。用2010年至2020年人均GDP增长率与平均工资增长率画趋势线求得的斜率乘以2020年人均GDP与2019年人均GDP的比值求得人均工资增长率，继而求得人均报酬。工资总额为人均工资乘以工作人口总数。以2012年美元为单位。

Sheet 就业人口计算
B1: 2020年女 | C1: 2025女 | D1: 2030女 | E1: 2035女 | F1: 2040女 | G1: 2045女 | H1: 2050女 | I1: 2055女 | J1: 2060女 | K1: 2020男 | L1: 2025男 | M1: 2030男 | N1: 2035男 | O1: 2040男 | P1: 2045男 | Q1: 2050男 | R1: 2055男 | S1: 2060男
A2: 0-4岁 | B2: 36914557 | C2: 28791081 | D2: 24265336 | E2: 23277788 | F2: 23723586 | G2: 25210372 | H2: 25263955 | I2: 22830054 | J2: 19518676 | K2: 40969331 | L2: 30230635 | M2: 25478603 | N2: 24441678 | O2: 24909766 | P2: 26470891 | Q2: 26527153 | R2: 23971557 | S2: 20494609
A3: 5-9岁 | B3: 42226598 | C3: 36807505 | D3: 28710466 | E3: 24197393 | F3: 23214938 | G3: 23659533 | H3: 25144825 | I3: 25198269 | J3: 22772979 | K3: 48017458 | L3: 40825938 | M3: 30127851 | N3: 25394523 | O3: 24361020 | P3: 24830054 | Q3: 26388831 | R3: 26447571 | S3: 23899642
A4: 10-14岁 | B4: 39649204 | C4: 42197039 | D4: 36781740 | E4: 28693240 | F4: 24182875 | G4: 23203331 | H4: 23647703 | I4: 25132253 | J4: 25188189 | K4: 45606790 | L4: 47969441 | M4: 40789195 | N4: 30103748 | O4: 25374208 | P4: 24343968 | Q4: 24815156 | R4: 26372998 | S4: 26434348
A5: 15-19岁 | B5: 33630797 | C5: 39609555 | D5: 42159062 | E5: 36752314 | F5: 28673154 | G5: 24168365 | H5: 23189409 | I5: 23635879 | J5: 25122200 | K5: 39053343 | L5: 45547501 | M5: 47911877 | N5: 40748406 | O5: 30076655 | P5: 25353908 | Q5: 24326927 | R5: 24800267 | S5: 26357174
A6: 20-24岁 | B6: 35265680 | C6: 33590440 | D6: 39565984 | E6: 42116903 | F6: 36715562 | G6: 28647348 | H6: 24146613 | I6: 23170857 | J6: 23619334 | K6: 39675995 | L6: 38963520 | M6: 45447297 | N6: 47816053 | O6: 40670984 | P6: 30022517 | Q6: 25310807 | R6: 24288004 | S6: 24763067
A7: 25-29岁 | B7: 43685062 | C7: 35219835 | D7: 33546772 | E7: 39518505 | F7: 42066363 | G7: 36675175 | H7: 28615836 | I7: 24120052 | J7: 23147687 | K7: 48162270 | L7: 39568870 | M7: 38858319 | N7: 45329134 | O7: 47691732 | P7: 40565239 | Q7: 29944459 | R7: 25247530 | S7: 24227284
A8: 30-34岁 | B8: 60273382 | C8: 43623903 | D8: 35170527 | E8: 33499807 | F8: 39463179 | G8: 42011676 | H8: 36627497 | I8: 28578636 | J8: 24088696 | K8: 63871808 | L8: 48003335 | M8: 39442249 | N8: 38733972 | O8: 45188613 | P8: 47548657 | Q8: 40443544 | R8: 29857620 | S8: 25174312
A9: 35-39岁 | B9: 48080895 | C9: 60158863 | D9: 43541017 | E9: 35107220 | F9: 33439507 | G9: 39392145 | H9: 41936055 | I9: 36565230 | J9: 28530052 | K9: 50932037 | L9: 63590772 | M9: 47801721 | N9: 39280536 | O9: 38582910 | P9: 45016897 | Q9: 47377481 | R9: 40301991 | S9: 29759090
A10: 40-44岁 | B10: 45322636 | C10: 47951077 | D10: 59996434 | E10: 43427811 | F10: 35015941 | G10: 33355909 | H10: 39293665 | I10: 41831215 | J10: 36477474 | K10: 47632694 | L10: 50580606 | M10: 63177432 | N10: 47510130 | O10: 39056637 | P10: 38378420 | Q10: 44791812 | R10: 47154807 | S10: 40124662
A11: 45-49岁 | B11: 56033201 | C11: 45127749 | D11: 47749682 | E11: 59750448 | F11: 43249757 | G11: 34875877 | H11: 33225821 | I11: 39144349 | J11: 41672257 | K11: 58191686 | L11: 47108734 | M11: 50059626 | N11: 62570929 | O11: 47087290 | P11: 38732467 | Q11: 38079069 | R11: 44469311 | S11: 46834155
A12: 50-54岁 | B12: 60058826 | C12: 55640969 | D12: 44820880 | E12: 47434534 | F12: 59362070 | G12: 42977283 | H12: 34659647 | I12: 33026466 | J12: 38917312 | K12: 61105470 | L12: 57214066 | M12: 46369127 | N12: 49323749 | O12: 61707450 | P12: 46479864 | Q12: 38263804 | R12: 37648775 | S12: 43997936
A13: 55-59岁 | B13: 50584760 | C13: 59368150 | D13: 55023354 | E13: 44341297 | F13: 46941215 | G13: 58768450 | H13: 42560404 | I13: 34337312 | J13: 32729227 | K13: 50816026 | L13: 59528949 | M13: 55823764 | N13: 45307274 | O13: 48258356 | P13: 60454789 | Q13: 45592098 | R13: 37575056 | S13: 37008746
... A22: 100岁及以上 | B22: 83737 | C22: 118719.29 | D22: 163057.69 | E22: 264409.55 | F22: 376013.92 | G22: 542034.02 | H22: 898588.02 | I22: 1488133.6 | J22: 1632439.8 | K22: 35129 | L22: 61484.558 | M22: 83860.426 | N22: 117970.42 | O22: 150341.02 | P22: 188798.82 | Q22: 273861.98 | R22: 390405.49 | S22: 387967.68
B24: 20 | C24: 25 | D24: 30 | E24: 35 | F24: 40 | G24: 45 | H24: 50 | I24: 55 | J24: 60 | L24: 6 | M24: 5 | N24: 4 | O24: 3 | P24: 2 | Q24: 1 | R24: 0
A25: 总人口 | B25: =SUM(B2:B22)+SUM(K2:K22) -> 1409778724 | C25: =SUM(C2:C22)+SUM(L2:L22) -> 1.4227353e+09 | D25: =SUM(D2:D22)+SUM(M2:M22) -> 1.4194854e+09 | E25: =SUM(E2:E22)+SUM(N2:N22) -> 1.4064777e+09 | F25: =SUM(F2:F22)+SUM(O2:O22) -> 1.3859944e+09 | G25: =SUM(G2:G22)+SUM(P2:P22) -> 1.3604362e+09 | H25: =SUM(H2:H22)+SUM(Q2:Q22) -> 1.3277834e+09 | I25: =SUM(I2:I22)+SUM(R2:R22) -> 1.2842867e+09 | J25: =SUM(J2:J22)+SUM(S2:S22) -> 1.2298158e+09 | L25: 0.1537335 | M25: -34.64967 | N25: 3025.144 | O25: -127183.4 | P25: 2388758 | Q25: -10543830 | R25: 1299652000
A26: 15-65岁人口 | B26: =SUM(B5:B14)+SUM(K5:K14) -> 965759506 | C26: =SUM(C5:C14)+SUM(L5:L14) -> 9.688595e+08 | D26: =SUM(D5:D14)+SUM(M5:M14) -> 9.5209678e+08 | E26: =SUM(E5:E14)+SUM(N5:N14) -> 9.0652061e+08 | F26: =SUM(F5:F14)+SUM(O5:O14) -> 8.5067708e+08 | G26: =SUM(G5:G14)+SUM(P5:P14) -> 8.063806e+08 | H26: =SUM(H5:H14)+SUM(Q5:Q14) -> 7.549476e+08 | I26: =SUM(I5:I14)+SUM(R5:R14) -> 6.820225e+08 | J26: =SUM(J5:J14)+SUM(S5:S14) -> 6.4300147e+08 | L26: 3.700066 | M26: -870.1371 | N26: 82906.44 | O26: -4081690 | P26: 108923700 | Q26: -1491228000 | R26: 9157020000
A28: 年份 | B28: X | C28: 总人口 | D28: 15-65岁人口 | E28: 就业人数
A29: 2019 | B29: =A29-2000 -> 19 | C29: =$L$25*B29^6+$M$25*B29^5+$N$25*B29^4+$O$25*B29^3+$P$25*B29^2+$Q$25*B29+$R$25 -> 1.4049862e+09 | D29: =$L$26*B29^6+$M$26*B29^5+$N$26*B29^4+$O$26*B29^3+$P$26*B29^2+$Q$26*B29+$R$26 -> 9.7280942e+08 | E29: =D29*$B$75 -> 7.5607542e+08
A30: 2020 | B30: =A30-2000 -> 20 | C30: =$L$25*B30^6+$M$25*B30^5+$N$25*B30^4+$O$25*B30^3+$P$25*B30^2+$Q$25*B30+$R$25 -> 1409794440 | D30: =$L$26*B30^6+$M$26*B30^5+$N$26*B30^4+$O$26*B30^3+$P$26*B30^2+$Q$26*B30+$R$26 -> 965815904 | E30: =D30*$B$75 -> 7.5064e+08
A31: 2021 | B31: =A31-2000 -> 21 | C31: =$L$25*B31^6+$M$25*B31^5+$N$25*B31^4+$O$25*B31^3+$P$25*B31^2+$Q$25*B31+$R$25 -> 1.4138338e+09 | D31: =$L$26*B31^6+$M$26*B31^5+$N$26*B31^4+$O$26*B31^3+$P$26*B31^2+$Q$26*B31+$R$26 -> 9.6339248e+08 | E31: =D31*$B$75 -> 7.4875649e+08
A32: 2022 | B32: =A32-2000 -> 22 | C32: =$L$25*B32^6+$M$25*B32^5+$N$25*B32^4+$O$25*B32^3+$P$25*B32^2+$Q$25*B32+$R$25 -> 1.4171145e+09 | D32: =$L$26*B32^6+$M$26*B32^5+$N$26*B32^4+$O$26*B32^3+$P$26*B32^2+$Q$26*B32+$R$26 -> 9.6371741e+08 | E32: =D32*$B$75 -> 7.4900904e+08
A33: 2023 | B33: =A33-2000 -> 23 | C33: =$L$25*B33^6+$M$25*B33^5+$N$25*B33^4+$O$25*B33^3+$P$25*B33^2+$Q$25*B33+$R$25 -> 1.4196567e+09 | D33: =$L$26*B33^6+$M$26*B33^5+$N$26*B33^4+$O$26*B33^3+$P$26*B33^2+$Q$26*B33+$R$26 -> 9.6535387e+08 | E33: =D33*$B$75 -> 7.5028091e+08
A34: 2024 | B34: =A34-2000 -> 24 | C34: =$L$25*B34^6+$M$25*B34^5+$N$25*B34^4+$O$25*B34^3+$P$25*B34^2+$Q$25*B34+$R$25 -> 1.4214882e+09 | D34: =$L$26*B34^6+$M$26*B34^5+$N$26*B34^4+$O$26*B34^3+$P$26*B34^2+$Q$26*B34+$R$26 -> 9.6720275e+08 | E34: =D34*$B$75 -> 7.5171786e+08
A35: 2025 | B35: =A35-2000 -> 25 | C35: =$L$25*B35^6+$M$25*B35^5+$N$25*B35^4+$O$25*B35^3+$P$25*B35^2+$Q$25*B35+$R$25 -> 1.4226432e+09 | D35: =$L$26*B35^6+$M$26*B35^5+$N$26*B35^4+$O$26*B35^3+$P$26*B35^2+$Q$26*B35+$R$26 -> 9.6845818e+08 | E35: =D35*$B$75 -> 7.526936e+08
A36: 2026 | B36: =A36-2000 -> 26 | C36: =$L$25*B36^6+$M$25*B36^5+$N$25*B36^4+$O$25*B36^3+$P$25*B36^2+$Q$25*B36+$R$25 -> 1.4231605e+09 | D36: =$L$26*B36^6+$M$26*B36^5+$N$26*B36^4+$O$26*B36^3+$P$26*B36^2+$Q$26*B36+$R$26 -> 9.6856579e+08 | E36: =D36*$B$75 -> 7.5277723e+08
A37: 2027 | B37: =A37-2000 -> 27 | C37: =$L$25*B37^6+$M$25*B37^5+$N$25*B37^4+$O$25*B37^3+$P$25*B37^2+$Q$25*B37+$R$25 -> 1.4230825e+09 | D37: =$L$26*B37^6+$M$26*B37^5+$N$26*B37^4+$O$26*B37^3+$P$26*B37^2+$Q$26*B37+$R$26 -> 9.6718346e+08 | E37: =D37*$B$75 -> 7.5170288e+08
A38: 2028 | B38: =A38-2000 -> 28 | C38: =$L$25*B38^6+$M$25*B38^5+$N$25*B38^4+$O$25*B38^3+$P$25*B38^2+$Q$25*B38+$R$25 -> 1.4224531e+09 | D38: =$L$26*B38^6+$M$26*B38^5+$N$26*B38^4+$O$26*B38^3+$P$26*B38^2+$Q$26*B38+$R$26 -> 9.6414493e+08 | E38: =D38*$B$75 -> 7.4934131e+08
A39: 2029 | B39: =A39-2000 -> 29 | C39: =$L$25*B39^6+$M$25*B39^5+$N$25*B39^4+$O$25*B39^3+$P$25*B39^2+$Q$25*B39+$R$25 -> 1.4213171e+09 | D39: =$L$26*B39^6+$M$26*B39^5+$N$26*B39^4+$O$26*B39^3+$P$26*B39^2+$Q$26*B39+$R$26 -> 9.5942592e+08 | E39: =D39*$B$75 -> 7.4567365e+08
A40: 2030 | B40: =A40-2000 -> 30 | C40: =$L$25*B40^6+$M$25*B40^5+$N$25*B40^4+$O$25*B40^3+$P$25*B40^2+$Q$25*B40+$R$25 -> 1.4197189e+09 | D40: =$L$26*B40^6+$M$26*B40^5+$N$26*B40^4+$O$26*B40^3+$P$26*B40^2+$Q$26*B40+$R$26 -> 953112984 | E40: =D40*$B$75 -> 7.4076719e+08
... A70: 2060 | B70: =A70-2000 -> 60 | C70: =$L$25*B70^6+$M$25*B70^5+$N$25*B70^4+$O$25*B70^3+$P$25*B70^2+$Q$25*B70+$R$25 -> 1229809624 | D70: =$L$26*B70^6+$M$26*B70^5+$N$26*B70^4+$O$26*B70^3+$P$26*B70^2+$Q$26*B70+$R$26 -> 642752736 | E70: =D70*$B$75 -> 4.9955267e+08
A72: 2019年15-65岁人口数 | B72: 9.7280942e+08
A73: 2019年就业人口数 | B73: 7.5607542e+08
A74: 2019年就业比重 | B74: =B73/B72 -> 0.77720816
B75: 0.77720816

Sheet 工资外推
A1: 年份 | B1: 平均GDP | C1: 平均GDP增速 | D1: 平均工资 | E1: 平均工资增速 | G1: 人均报酬增长率 | I1: 平均工资 | L1: employeecomp（元） | O1: employeecomp（美元）
A2: 2010 | B2: 30808 | D2: 36539 | G2: =B12*B14/B11 -> 1.0772458 | H2: 2019 | I2: 90501 | K2: 2019 | L2: =I2*就业人口计算!E29 -> 6.8425581e+13 | N2: 2019 | O2: =L2*汇率!B21 -> 9.4777136e+12
A3: 2011 | B3: 36277 | C3: =B3/B2-1 -> 0.17751883 | D3: 41799 | E3: =D3/D2-1 -> 0.14395577 | H3: 2020 | I3: 97379 | K3: 2020 | L3: =I3*就业人口计算!E30 -> 7.3096573e+13 | N3: 2020 | O3: =L3*汇率!B22 -> 1.0061793e+13
A4: 2012 | B4: 39771 | C4: =B4/B3-1 -> 0.096314469 | D4: 46769 | E4: =D4/D3-1 -> 0.11890237 | H4: 2021 | I4: =I3*$G$2 -> 104901.11 | K4: 2021 | L4: =I4*就业人口计算!E31 -> 7.854539e+13 | N4: 2021 | O4: =L4*汇率!B23 -> 1.0579086e+13
A5: 2013 | B5: 43497 | C5: =B5/B4-1 -> 0.093686354 | D5: 51483 | E5: =D5/D4-1 -> 0.10079326 | H5: 2022 | I5: =I4*$G$2 -> 113004.28 | K5: 2022 | L5: =I5*就业人口计算!E32 -> 8.4641227e+13 | N5: 2022 | O5: =L5*汇率!B24 -> 1.1154716e+13
A6: 2014 | B6: 46912 | C6: =B6/B5-1 -> 0.078511162 | D6: 56360 | E6: =D6/D5-1 -> 0.094730299 | H6: 2023 | I6: =I5*$G$2 -> 121733.38 | K6: 2023 | L6: =I6*就业人口计算!E33 -> 91334231366052 | N6: 2023 | O6: =L6*汇率!B25 -> 1.1777666e+13
A7: 2015 | B7: 49922 | C7: =B7/B6-1 -> 0.064162688 | D7: 62029 | E7: =D7/D6-1 -> 0.10058552 | H7: 2024 | I7: =I6*$G$2 -> 131136.77 | K7: 2024 | L7: =I7*就业人口计算!E34 -> 9.8577851e+13 | N7: 2024 | O7: =L7*汇率!B26 -> 1.2438102e+13
A8: 2016 | B8: 53783 | C8: =B8/B7-1 -> 0.077340651 | D8: 67569 | E8: =D8/D7-1 -> 0.089313063 | H8: 2025 | I8: =I7*$G$2 -> 141266.53 | K8: 2025 | L8: =I8*就业人口计算!E35 -> 1.0633041e+14 | N8: 2025 | O8: =L8*汇率!B27 -> 1.312748e+13
A9: 2017 | B9: 59592 | C9: =B9/B8-1 -> 0.10800811 | D9: 74318 | E9: =D9/D8-1 -> 0.099883082 | H9: 2026 | I9: =I8*$G$2 -> 152178.77 | K9: 2026 | L9: =I9*就业人口计算!E36 -> 1.1455671e+14 | N9: 2026 | O9: =L9*汇率!B28 -> 1.3838643e+13
A10: 2018 | B10: 65534 | C10: =B10/B9-1 -> 0.099711371 | D10: 82413 | E10: =D10/D9-1 -> 0.10892381 | H10: 2027 | I10: =I9*$G$2 -> 163933.93 | K10: 2027 | L10: =I10*就业人口计算!E37 -> 1.2322961e+14 | N10: 2027 | O10: =L10*汇率!B29 -> 1.4565894e+13
A11: 2019 | B11: 70078 | C11: =B11/B10-1 -> 0.069338054 | D11: 90501 | E11: =D11/D10-1 -> 0.098139857 | H11: 2028 | I11: =I10*$G$2 -> 176597.13 | K11: 2028 | L11: =I11*就业人口计算!E38 -> 1.3233152e+14 | N11: 2028 | O11: =L11*汇率!B30 -> 1.5305041e+13
A12: 2020 | B12: 71828 | C12: =B12/B11-1 -> 0.024972174 | D12: 97379 | E12: =D12/D11-1 -> 0.07599916 | H12: 2029 | I12: =I11*$G$2 -> 190238.51 | K12: 2029 | L12: =I12*就业人口计算!E39 -> 1.4185584e+14 | N12: 2029 | O12: =L12*汇率!B31 -> 1.6053418e+13
H13: 2030 | I13: =I12*$G$2 -> 204933.63 | K13: 2030 | L13: =I13*就业人口计算!E40 -> 1.5180811e+14 | N13: 2030 | O13: =L13*汇率!B32 -> 1.680987e+13
B14: 1.051 | H14: 2031 | I14: =I13*$G$2 -> 220763.88 | K14: 2031 | L14: =I14*就业人口计算!E41 -> 1.6220697e+14 | N14: 2031 | O14: =L14*汇率!B33 -> 1.7574703e+13
H15: 2032 | I15: =I14*$G$2 -> 237816.95 | K15: 2032 | L15: =I15*就业人口计算!E42 -> 1.7308482e+14 | N15: 2032 | O15: =L15*汇率!B34 -> 1.83496e+13
H16: 2033 | I16: =I15*$G$2 -> 256187.3 | K16: 2033 | L16: =I16*就业人口计算!E43 -> 1.8448803e+14 | N16: 2033 | O16: =L16*汇率!B35 -> 1.9137487e+13
H17: 2034 | I17: =I16*$G$2 -> 275976.68 | K17: 2034 | L17: =I17*就业人口计算!E44 -> 1.9647664e+14 | N17: 2034 | O17: =L17*汇率!B36 -> 1.9942369e+13
H18: 2035 | I18: =I17*$G$2 -> 297294.71 | K18: 2035 | L18: =I18*就业人口计算!E45 -> 2.0912361e+14 | N18: 2035 | O18: =L18*汇率!B37 -> 2.0769114e+13
H19: 2036 | I19: =I18*$G$2 -> 320259.46 | K19: 2036 | L19: =I19*就业人口计算!E46 -> 2.2251328e+14 | N19: 2036 | O19: =L19*汇率!B38 -> 2.16232e+13
H20: 2037 | I20: =I19*$G$2 -> 344998.15 | K20: 2037 | L20: =I20*就业人口计算!E47 -> 2.367393e+14 | N20: 2037 | O20: =L20*汇率!B39 -> 2.2510415e+13
H21: 2038 | I21: =I20*$G$2 -> 371647.79 | K21: 2038 | L21: =I21*就业人口计算!E48 -> 2.5190172e+14 | N21: 2038 | O21: =L21*汇率!B40 -> 2.3436532e+13
H22: 2039 | I22: =I21*$G$2 -> 400356 | K22: 2039 | L22: =I22*就业人口计算!E49 -> 2.681033e+14 | N22: 2039 | O22: =L22*汇率!B41 -> 2.4406949e+13
H23: 2040 | I23: =I22*$G$2 -> 431281.8 | K23: 2040 | L23: =I23*就业人口计算!E50 -> 2.8544521e+14 | N23: 2040 | O23: =L23*汇率!B42 -> 2.5426302e+13
H24: 2041 | I24: =I23*$G$2 -> 464596.49 | K24: 2041 | L24: =I24*就业人口计算!E51 -> 3.0402197e+14 | N24: 2041 | O24: =L24*汇率!B43 -> 2.6498087e+13
H25: 2042 | I25: =I24*$G$2 -> 500484.6 | K25: 2042 | L25: =I25*就业人口计算!E52 -> 3.2391588e+14 | N25: 2042 | O25: =L25*汇率!B44 -> 2.7624275e+13
H26: 2043 | I26: =I25*$G$2 -> 539144.91 | K26: 2043 | L26: =I26*就业人口计算!E53 -> 3.4519121e+14 | N26: 2043 | O26: =L26*汇率!B45 -> 2.8804974e+13
... H43: 2060 | I43: =I42*$G$2 -> 1910103.8 | K43: 2060 | L43: =I43*就业人口计算!E70 -> 9.5419744e+14 | N43: 2060 | O43: =L43*汇率!B62 -> 5.500229e+13

Sheet BPEaCP-population
A1: Unit: people | B1: 2019 | C1: 2020 | D1: 2021 | E1: 2022 | F1: 2023 | G1: 2024 | H1: 2025 | I1: 2026 | J1: 2027 | K1: 2028 | L1: 2029 | M1: 2030 | N1: 2031 | O1: 2032 | P1: 2033 | Q1: 2034 | R1: 2035 | S1: 2036 | T1: 2037 | U1: 2038 | V1: 2039 | W1: 2040 | X1: 2041 | Y1: 2042 | Z1: 2043 | AA1: 2044 | AB1: 2045 | AC1: 2046 | AD1: 2047 | AE1: 2048 | AF1: 2049 | AG1: 2050 | AH1: 2051 | AI1: 2052 | AJ1: 2053 | AK1: 2054 | AL1: 2055 | AM1: 2056 | AN1: 2057 | AO1: 2058 | AP1: 2059 | AQ1: 2060
A2: Population | B2: 1.4049862e+09 | C2: 1409794440 | D2: 1.4138338e+09 | E2: 1.4171145e+09 | F2: 1.4196567e+09 | G2: 1.4214882e+09 | H2: 1.4226432e+09 | I2: 1.4231605e+09 | J2: 1.4230825e+09 | K2: 1.4224531e+09 | L2: 1.4213171e+09 | M2: 1.4197189e+09 | N2: 1.4177015e+09 | O2: 1.4153055e+09 | P2: 1.4125685e+09 | Q2: 1.4095242e+09 | R2: 1.4062023e+09 | S2: 1.4026274e+09 | T2: 1.398819e+09 | U2: 1.3947915e+09 | V2: 1.3905537e+09 | W2: 1386108848 | X2: 1.381455e+09 | Y2: 1.376585e+09 | Z2: 1.3714868e+09 | AA2: 1.3661441e+09 | AB2: 1.3605367e+09 | AC2: 1.3546412e+09 | AD2: 1.3484317e+09 | AE2: 1.3418809e+09 | AF2: 1.334961e+09 | AG2: 1.3276446e+09 | AH2: 1.3199061e+09 | AI2: 1.311723e+09 | AJ2: 1.3030774e+09 | AK2: 1.2939574e+09 | AL2: 1.2843587e+09 | AM2: 1.2742866e+09 | AN2: 1.2637578e+09 | AO2: 1.2528021e+09 | AP2: 1.2414651e+09 | AQ2: 1229809624

Sheet BPEaCP-employedpop
A1: Unit: people | B1: 2019 | C1: 2020 | D1: 2021 | E1: 2022 | F1: 2023 | G1: 2024 | H1: 2025 | I1: 2026 | J1: 2027 | K1: 2028 | L1: 2029 | M1: 2030 | N1: 2031 | O1: 2032 | P1: 2033 | Q1: 2034 | R1: 2035 | S1: 2036 | T1: 2037 | U1: 2038 | V1: 2039 | W1: 2040 | X1: 2041 | Y1: 2042 | Z1: 2043 | AA1: 2044 | AB1: 2045 | AC1: 2046 | AD1: 2047 | AE1: 2048 | AF1: 2049 | AG1: 2050 | AH1: 2051 | AI1: 2052 | AJ1: 2053 | AK1: 2054 | AL1: 2055 | AM1: 2056 | AN1: 2057 | AO1: 2058 | AP1: 2059 | AQ1: 2060
A2: Employed Population | B2: 7.5607542e+08 | C2: 750640000 | D2: 7.4875649e+08 | E2: 7.4900904e+08 | F2: 7.5028091e+08 | G2: 7.5171786e+08 | H2: 7.526936e+08 | I2: 7.5277723e+08 | J2: 7.5170288e+08 | K2: 7.4934131e+08 | L2: 7.4567365e+08 | M2: 7.4076719e+08 | N2: 7.347532e+08 | O2: 7.2780692e+08 | P2: 7.2012949e+08 | Q2: 7.1193205e+08 | R2: 7.0342189e+08 | S2: 6.9479065e+08 | T2: 6.8620457e+08 | U2: 6.7779689e+08 | V2: 6.6966224e+08 | W2: 6.6185313e+08 | X2: 6.5437853e+08 | Y2: 6.4720449e+08 | Z2: 6.4025683e+08 | AA2: 6.3342595e+08 | AB2: 6.2657362e+08 | AC2: 6.1954196e+08 | AD2: 6.1216438e+08 | AE2: 6.0427862e+08 | AF2: 5.9574194e+08 | AG2: 5.8644824e+08 | AH2: 5.7634741e+08 | AI2: 5.6546657e+08 | AJ2: 5.5393357e+08 | AK2: 5.4200241e+08 | AL2: 5.3008081e+08 | AM2: 5.1875983e+08 | AN2: 5.0884556e+08 | AO2: 5.0139286e+08 | AP2: 4.9774123e+08 | AQ2: 4.9955267e+08

Sheet BPEaCP-employeecomp
A1: Unit: 2012 $ | B1: 2019 | C1: 2020 | D1: 2021 | E1: 2022 | F1: 2023 | G1: 2024 | H1: 2025 | I1: 2026 | J1: 2027 | K1: 2028 | L1: 2029 | M1: 2030 | N1: 2031 | O1: 2032 | P1: 2033 | Q1: 2034 | R1: 2035 | S1: 2036 | T1: 2037 | U1: 2038 | V1: 2039 | W1: 2040 | X1: 2041 | Y1: 2042 | Z1: 2043 | AA1: 2044 | AB1: 2045 | AC1: 2046 | AD1: 2047 | AE1: 2048 | AF1: 2049 | AG1: 2050 | AH1: 2051 | AI1: 2052 | AJ1: 2053 | AK1: 2054 | AL1: 2055 | AM1: 2056 | AN1: 2057 | AO1: 2058 | AP1: 2059 | AQ1: 2060
A2: Total EE Compensation | B2: 9.4777136e+12 | C2: 1.0061793e+13 | D2: 1.0579086e+13 | E2: 11154715888934 | F2: 1.1777666e+13 | G2: 1.2438102e+13 | H2: 1.312748e+13 | I2: 1.3838643e+13 | J2: 1.4565894e+13 | K2: 1.5305041e+13 | L2: 1.6053418e+13 | M2: 1.680987e+13 | N2: 17574703391078 | O2: 1.83496e+13 | P2: 1.9137487e+13 | Q2: 1.9942369e+13 | R2: 2.0769114e+13 | S2: 2.16232e+13 | T2: 2.2510415e+13 | U2: 2.3436532e+13 | V2: 2.4406949e+13 | W2: 2.5426302e+13 | X2: 2.6498087e+13 | Y2: 2.7624275e+13 | Z2: 2.8804974e+13 | AA2: 3.0038138e+13 | AB2: 3.131938e+13 | AC2: 3.2641918e+13 | AD2: 3.399671e+13 | AE2: 3.5372843e+13 | AF2: 3.6758248e+13 | AG2: 3.8140837e+13 | AH2: 3.9510158e+13 | AI2: 4.0859708e+13 | AJ2: 4.2190037e+13 | AK2: 4.351283e+13 | AL2: 4.485616e+13 | AM2: 4.6271145e+13 | AN2: 4.7840288e+13 | AO2: 4.9687808e+13 | AP2: 5.1992321e+13 | AQ2: 5.500229e+13

Sheet 汇率
A1: 人民币年份 | B1: 当年人民币相对2012美元
A2: 2000 | B2: =[1]Calculation!L45 -> 0.26402732
A3: 2001 | B3: =[1]Calculation!L46 -> 0.25873097
A4: 2002 | B4: =[1]Calculation!L47 -> 0.25718247
A5: 2003 | B5: =[1]Calculation!L48 -> 0.25065742
A6: 2004 | B6: =[1]Calculation!L49 -> 0.23436442
A7: 2005 | B7: =[1]Calculation!L50 -> 0.22555917
A8: 2006 | B8: =[1]Calculation!L51 -> 0.2170371
A9: 2007 | B9: =[1]Calculation!L52 -> 0.20142713
A10: 2008 | B10: =[1]Calculation!L53 -> 0.18686069
A11: 2009 | B11: =[1]Calculation!L54 -> 0.18725305
A12: 2010 | B12: =[1]Calculation!L55 -> 0.17519707
A13: 2011 | B13: =[1]Calculation!L56 -> 0.16210591
... A22: 2020 | B22: =[1]Calculation!L65 -> 0.13765068
A23: 2021 | B23: =B22/(1+0.022) -> 0.13468755
A24: 2022 | B24: =B23/(1+0.022) -> 0.13178821
A25: 2023 | B25: =B24/(1+0.022) -> 0.12895128
A26: 2024 | B26: =B25/(1+0.022) -> 0.12617542
A27: 2025 | B27: =B26/(1+0.022) -> 0.12345932
A28: 2026 | B28: =B27/(1+0.022) -> 0.12080168
A29: 2027 | B29: =B28/(1+0.022) -> 0.11820125
A30: 2028 | B30: =B29/(1+0.022) -> 0.1156568
A31: 2029 | B31: =B30/(1+0.022) -> 0.11316713
A32: 2030 | B32: =B31/(1+0.022) -> 0.11073104
A33: 2031 | B33: =B32/(1+0.022) -> 0.1083474
A34: 2032 | B34: =B33/(1+0.022) -> 0.10601507
... A62: 2060 | B62: =B61/(1+0.022) -> 0.057642462
