Workbook

Sheet About
A1: BFoHfC BAU Fraction of Heat from CHP
A4: Source: | B4: Heat Generation and Consumption Data | D4: Cogeneration Heat Production Data
B5: National Bureau of Statistics | D5: China Electricity Council
B6: 中国能源统计年鉴 | D6: 中国电力工业统计资料汇编
B7: China Energy Yearbook | D7: Compilation of China Power Sector Statistics
B8: 2011-2021 | D8: 2011-2021
B9: Chapter 5,6 National and Provincial Energy Balance Sheet | D9: Table 2-11
B11: District Heat Consumption Data | D11: 2020 Municipal Heating System
B12: National Bureau of Statistics | D12: Tsinghua University Building Energy Research Center
B13: 中国统计年鉴 | D13: 中国建筑节能年度发展研究报告2023（城市能源系统专题）
B14: China Statistical Yearbook | D14: China Building Energy Conservation Report 2023 (City Energy System)
B15: 2011-2021 | D15: 2023
B16: https://www.stats.gov.cn/sj/ndsj/2022/indexch.htm. | D16: Chapter 2 China City Heating Demand and System Status
B17: Table 25-7 District Heating Energy Consumption by Province
A19: Notes
A20: The CHP Management Guidelines set up a target to have 60% CHP in district heating for big and middle cities in North,
A21: but does not provide specific time and quantified target in smaller cities and counties.
A22: We assume nationally China will achieve 60% CHP in heating by 2025, and remain constant afterwards.
A24: Heat generation and consumption data are generally underestimated by China's National Bureau of Statistics. Although we can calculate the fraction
A25: of heat that comes from CHP, the percentage is used when no other data is available.
A26: Coal and Natural Gas are the pre-dominant type of heat source in China. For Shandong Province, there are no natural gas cogeneration thus the
A27: fraction is assigned zero.
A29: Notes from July 2025
A30: Although data for Cogeneration Heat Plants are provided here. We discovered from the National Buearu of Statistics that China artificial divides CHP fuel consumption data into fuel used for heat and power generation. And fuel used for heat is embedded in the total heating sector fuel use. Therefore, it would be inappropriate to count heat from CHP as "emission free' heat as EPS does.
A31: We concluded that until a better methodology is developed. This variable is most suited to represent the portion of recovered heat, which has no inherent emission. The calculation is don’t in BFoHPbF and pasted as a sheet in the file.

Sheet Energy Yearbook Data
A1: 索引 | B1: 地区 | C1: 年份 | D1: 项目 | E1: 能源品种 | F1: 实物消费量 | I1: 求和项:实物消费量 | J1: 列标签
A2: 55172 | B2: 上海市 | C2: 2021 | D2: 2.2. 供热 | E2: 热力(万百万千焦) | F2: 6535.28 | J2: 2.2. 供热 | U2: 2.9. 回收能 | AF2: 4. 终端消费量 | AQ2: 4.1. 农、林、牧、渔业 | BB2: 4.2. 工业 | BM2: 4.3. 建筑业 | BX2: 4.4. 交通运输、仓储和邮政业 | CI2: 4.5. 批发、零售业和住宿、餐饮业 | CT2: 4.6. 其他 | DE2: 4.7. 生活消费 | DP2: 6. 消费量合计 | EA2: 总计
A3: 55181 | B3: 上海市 | C3: 2021 | D3: 2.9. 回收能 | E3: 热力(万百万千焦) | F3: 4467.97 | I3: 行标签 | J3: 2011 | K3: 2012 | L3: 2013 | M3: 2014 | N3: 2015 | O3: 2016 | P3: 2017 | Q3: 2018 | R3: 2019 | S3: 2020 | T3: 2021 | U3: 2011 | V3: 2012 | W3: 2013 | X3: 2014 | Y3: 2015 | Z3: 2016 | AA3: 2017 | AB3: 2018 | AC3: 2019 | AD3: 2020 | AE3: 2021 | AF3: 2011 | AG3: 2012 | AH3: 2013 | AI3: 2014 | AJ3: 2015 | AK3: 2016 | AL3: 2017 | AM3: 2018 | AN3: 2019 | AO3: 2020 | AP3: 2021 | AQ3: 2011 | AR3: 2012 | AS3: 2013 | AT3: 2014 | AU3: 2015 | AV3: 2016 | AW3: 2017 | AX3: 2018 | AY3: 2019 | AZ3: 2020 | BA3: 2021 | BB3: 2011 | BC3: 2012 | BD3: 2013 | BE3: 2014 | BF3: 2015 | BG3: 2016 | BH3: 2017 | BI3: 2018 | BJ3: 2019 | BK3: 2020 | BL3: 2021 | BM3: 2011 | BN3: 2012 | BO3: 2013 | BP3: 2014 | BQ3: 2015 | BR3: 2016 | BS3: 2017 | BT3: 2018 | BU3: 2019 | BV3: 2020 | BW3: 2021 | BX3: 2011 | BY3: 2012 | BZ3: 2013 | CA3: 2014 | CB3: 2015 | CC3: 2016 | CD3: 2017 | CE3: 2018 | CF3: 2019 | CG3: 2020 | CH3: 2021 | CI3: 2011 | CJ3: 2012 | CK3: 2013 | CL3: 2014 | CM3: 2015 | CN3: 2016 | CO3: 2017 | CP3: 2018 | CQ3: 2019 | CR3: 2020 | CS3: 2021 | CT3: 2011 | CU3: 2012 | CV3: 2013 | CW3: 2014 | CX3: 2015 | CY3: 2016 | CZ3: 2017 | DA3: 2018 | DB3: 2019 | DC3: 2020 | DD3: 2021 | DE3: 2011 | DF3: 2012 | DG3: 2013 | DH3: 2014 | DI3: 2015 | DJ3: 2016 | DK3: 2017 | DL3: 2018 | DM3: 2019 | DN3: 2020 | DO3: 2021 | DP3: 2011 | DQ3: 2012 | DR3: 2013 | DS3: 2014 | DT3: 2015 | DU3: 2016 | DV3: 2017 | DW3: 2018 | DX3: 2019 | DY3: 2020 | DZ3: 2021
A4: 55183 | B4: 上海市 | C4: 2021 | D4: 4. 终端消费量 | E4: 热力(万百万千焦) | F4: 9799.78 | I4: 安徽省 | J4: 6848.63 | K4: 6873.65 | L4: 8589.87 | M4: 7629.85 | N4: 7986.03 | O4: 8366.79 | P4: 8431.7 | Q4: 9927.29 | R4: 9426.07 | S4: 13049.6 | T4: 14244.01 | U4: 1590 | V4: 2030 | W4: 4986.47 | X4: 5828.44 | Y4: 6685.82 | Z4: 6988.96 | AA4: 7646.8 | AB4: 8493.27 | AC4: 8893.78 | AD4: 9305.27 | AE4: 10426.57 | AF4: 7884.0966 | AG4: 7742.29 | AH4: 9002.1929 | AI4: 8089.03 | AJ4: 8574.17 | AK4: 8889.08 | AL4: 9325.52 | AM4: 11033.11 | AN4: 9892.56 | AO4: 14034.67 | AP4: 16033.26 | BB4: 5799.5366 | BC4: 5760.25 | BD4: 7857.84 | BE4: 6809.1 | BF4: 7416.76 | BG4: 7433.29 | BH4: 7759.52 | BI4: 8704.27 | BJ4: 8383.1 | BK4: 11424.44 | BL4: 13712.06 | BX4: 2.56 | BY4: 5.04 | BZ4: 5.40288 | CA4: 5.13 | CC4: 3.9788 | CD4: 3.7 | CE4: 3.67 | CF4: 3.14 | CG4: 2.48 | CH4: 2.56 | CR4: 544.29 | CS4: 603.07 | DE4: 2082 | DF4: 1977 | DG4: 1138.95 | DH4: 1274.8 | DI4: 1157.41 | DJ4: 1451.8112 | DK4: 1562.3 | DL4: 2325.17 | DM4: 1506.32 | DN4: 2063.45 | DO4: 1715.57 | DP4: 8647.0966 | DQ4: 8908.49 | DR4: 13576.343 | DS4: 13458.29 | DT4: 14671.85 | DU4: 15355.75 | DV4: 16078.5 | DW4: 18420.56 | DX4: 18319.85 | DY4: 22354.87 | DZ4: 24670.58 | EA4: 569711
A5: 55184 | B5: 上海市 | C5: 2021 | D5: 4.1. 农、林、牧、渔业 | E5: 热力(万百万千焦) | F5: 55.51 | I5: 北京市 | J5: 15127.73 | K5: 15632.37 | L5: 14893.567 | M5: 15055.436 | N5: 15819.74 | O5: 16091.903 | P5: 16473.27 | Q5: 18380 | R5: 18195.17 | S5: 19774.02 | T5: 19178.12 | AD5: 264.64 | AE5: 362.66 | AF5: 17539.088 | AG5: 17065.92 | AH5: 15408.218 | AI5: 16577.786 | AJ5: 16803.4 | AK5: 16659.828 | AL5: 17090.34 | AM5: 18921.33 | AN5: 18755.63 | AO5: 20601.16 | AP5: 20064.83 | AX5: 0.45 | BB5: 5101.3794 | BC5: 4890.54 | BD5: 3913.0728 | BE5: 3849.3904 | BF5: 3764.09 | BG5: 3808.8435 | BH5: 3878.57 | BI5: 4437.59 | BJ5: 4370.82 | BK5: 4734.59 | BL5: 4366.32 | BM5: 133.8132 | BN5: 125.62 | BO5: 112.33563 | BP5: 132.3629 | BQ5: 134.57 | BR5: 109.2777 | BS5: 112.53 | BT5: 124.19 | BU5: 121.36 | BV5: 132.09 | BW5: 127.72 | BX5: 689.7027 | BY5: 663.38 | BZ5: 603.86118 | CA5: 615.3251 | CB5: 594.2 | CC5: 538.5972 | CD5: 537.18 | CE5: 582.03 | CF5: 617.55 | CG5: 661.17 | CH5: 600.49 | CI5: 1400.4626 | CJ5: 1344.17 | CK5: 1248.4832 | CL5: 1383.987 | CM5: 1353.88 | CN5: 1248.4084 | CO5: 1245.77 | CP5: 1274.02 | CQ5: 1206.89 | CR5: 1333.06 | CS5: 1248.91 | CT5: 7303.7304 | CU5: 6641.2 | CV5: 5788.465 | CW5: 6574.7204 | CX5: 6733.66 | CY5: 6478.2212 | CZ5: 6674.18 | DA5: 7675.05 | DB5: 7504.01 | DC5: 8283.26 | DD5: 8131.4 | DE5: 2910 | DF5: 3401 | DG5: 3742 | DH5: 4022 | DI5: 4223 | DJ5: 4476.48 | DK5: 4642.11 | DL5: 4828 | DM5: 4935 | DN5: 5457 | DO5: 5590 | DP5: 17539.088 | DQ5: 17065.92 | DR5: 15408.218 | DS5: 16577.786 | DT5: 16803.4 | DU5: 16659.828 | DV5: 17090.34 | DW5: 18921.33 | DX5: 18755.63 | DY5: 20923.03 | DZ5: 20393.36 | EA5: 772361.63
A6: 55185 | B6: 上海市 | C6: 2021 | D6: 4.2. 工业 | E6: 热力(万百万千焦) | F6: 9344.2 | I6: 福建省 | J6: 4468 | K6: 5265.02 | L6: 5177.02 | M6: 8024.19 | N6: 7338 | O6: 7035.75 | P6: 7086.06 | Q6: 9203.25 | R6: 13090.78 | S6: 15367.52 | T6: 20912.01 | W6: 1829.71 | X6: 1852.89 | Y6: 2495.61 | Z6: 2520.28 | AA6: 2719.08 | AB6: 3595.73 | AC6: 3940.58 | AD6: 4013.65 | AE6: 4895.03 | AF6: 4862.43 | AG6: 5601.45 | AH6: 5736.92 | AI6: 8489.26 | AJ6: 7893.67 | AK6: 7630.46 | AL6: 7689.4 | AM6: 9766.48 | AN6: 13129.96 | AO6: 14908.91 | AP6: 20699.55 | BB6: 4862.43 | BC6: 5601.45 | BD6: 5736.92 | BE6: 8489.26 | BF6: 7893.67 | BG6: 7630.46 | BH6: 7689.4 | BI6: 9766.48 | BJ6: 13129.96 | BK6: 14908.91 | BL6: 20699.55 | DP6: 5757.92 | DQ6: 6728.66 | DR6: 7006.73 | DS6: 9877.08 | DT6: 9833.61 | DU6: 9556.03 | DV6: 9805.14 | DW6: 12798.98 | DX6: 17031.36 | DY6: 19381.17 | DZ6: 25807.04 | EA6: 477230.86
A7: 55187 | B7: 上海市 | C7: 2021 | D7: 4.3. 建筑业 | E7: 热力(万百万千焦) | F7: 8.82 | I7: 甘肃省 | J7: 9209.59 | K7: 8042.36 | L7: 9424.69 | M7: 9555.29 | N7: 9945.24 | O7: 10210.1 | P7: 10982.47 | Q7: 13315.17 | R7: 14534.57 | S7: 15493.11 | T7: 16506.84 | V7: 1769.49 | W7: 1800 | X7: 1907.03 | Y7: 2062.88 | Z7: 1652.94 | AA7: 1801.04 | AB7: 2286.26 | AC7: 2319.23 | AD7: 2771.89 | AE7: 3173.45 | AF7: 9128.06 | AG7: 9635.75 | AH7: 10964.24 | AI7: 11057.82 | AJ7: 11484.48 | AK7: 11308.68 | AL7: 12271.25 | AM7: 15081.67 | AN7: 16231.24 | AO7: 17197.44 | AP7: 18421.82 | BB7: 7108.06 | BC7: 7742.11 | BD7: 8788.24 | BE7: 8659.82 | BF7: 8754.48 | BG7: 8226.68 | BH7: 8558.25 | BI7: 8521.67 | BJ7: 9168 | BK7: 9379.9 | BL7: 10055.25 | BO7: 35 | BP7: 40 | BQ7: 60 | BR7: 60 | BS7: 70 | BT7: 80 | BU7: 86 | BV7: 90.3 | BW7: 100.3 | BY7: 12.03 | BZ7: 51 | CA7: 208 | CB7: 250 | CC7: 255 | CD7: 290 | CE7: 310 | CF7: 338 | CG7: 398 | CH7: 441.78 | CK7: 72 | CL7: 75 | CM7: 90 | CN7: 94 | CO7: 115 | CP7: 850 | CQ7: 915 | CR7: 930 | CS7: 1030 | CV7: 38 | CW7: 45 | CX7: 70 | CY7: 73 | CZ7: 105 | DA7: 835 | DB7: 898 | DC7: 943 | DD7: 1043 | DE7: 2020 | DF7: 1881.61 | DG7: 1980 | DH7: 2030 | DI7: 2260 | DJ7: 2600 | DK7: 3133 | DL7: 4485 | DM7: 4826.24 | DN7: 5456.24 | DO7: 5751.49 | DP7: 9209.59 | DQ7: 9811.85 | DR7: 11224.69 | DS7: 11462.32 | DT7: 12008.12 | DU7: 11863.04 | DV7: 12783.51 | DW7: 15601.43 | DX7: 16853.8 | DY7: 18265 | DZ7: 19680.29 | EA7: 583092.18
A8: 55188 | B8: 上海市 | C8: 2021 | D8: 4.4. 交通运输、仓储和邮政业 | E8: 热力(万百万千焦) | F8: 1.52 | I8: 广东省 | J8: 12976.67 | K8: 14778.46 | L8: 17137.1 | M8: 17352.67 | N8: 19788.22 | O8: 21702.9 | P8: 23954.23 | Q8: 25487.71 | R8: 28080.73 | S8: 29880.26 | T8: 36045.11 | U8: 2092.06 | V8: 2170.72 | W8: 2749.03 | X8: 2955.08 | Y8: 2933.22 | Z8: 4094.32 | AA8: 5176.08 | AB8: 4661.72 | AC8: 5234.14 | AD8: 6155.93 | AE8: 7912.9 | AF8: 12981.41 | AG8: 14802.35 | AH8: 17114.55 | AI8: 17463.56 | AJ8: 19784.1 | AK8: 22543.81 | AL8: 21330.72 | AM8: 27004.85 | AN8: 29534.88 | AO8: 28579.55 | AP8: 32675.28 | BB8: 12864.22 | BC8: 14264.95 | BD8: 17093.64 | BE8: 17444.71 | BF8: 19763.51 | BG8: 22528.87 | BH8: 21326.84 | BI8: 27000.95 | BJ8: 29530.94 | BK8: 28575.82 | BL8: 32671.35 | BO8: 8.1 | BP8: 8.3 | BQ8: 0.85 | BR8: 0.91 | BS8: 0.93 | BT8: 0.95 | BU8: 0.97 | BV8: 1 | BW8: 1.04 | BZ8: 2.54 | CB8: 2.61 | CC8: 2.68 | CD8: 2.95 | CE8: 2.95 | CF8: 2.97 | CG8: 2.73 | CH8: 2.89 | CI8: 117.19 | CJ8: 537.4 | CV8: 10.27 | CW8: 10.55 | CX8: 17.13 | CY8: 11.35 | DP8: 15068.73 | DQ8: 16949.18 | DR8: 19886.13 | DS8: 20307.75 | DT8: 22721.44 | DU8: 25797.22 | DV8: 25112.95 | DW8: 30149.43 | DX8: 33314.87 | DY8: 32804.55 | DZ8: 38085.28 | EA8: 1061146.9
A9: 55189 | B9: 上海市 | C9: 2021 | D9: 4.5. 批发、零售业和住宿、餐饮业 | E9: 热力(万百万千焦) | F9: 63.91 | I9: 广西壮族自治区 | J9: 5783.35 | K9: 6608.39 | L9: 7043.62 | M9: 7742.49 | N9: 8114.36 | O9: 8355.94 | P9: 8775.87 | Q9: 8650.15 | R9: 8809.47 | S9: 8761.41 | T9: 10535.11 | U9: 2724.55 | V9: 2777.79 | W9: 3238.53 | X9: 4040.37 | Y9: 4545.65 | Z9: 4955.94 | AA9: 6636.78 | AB9: 4808.09 | AC9: 6672.1 | AD9: 8365.62 | AE9: 8091.18 | AF9: 5634.95 | AG9: 6504.1 | AH9: 6964.62 | AI9: 7712.24 | AJ9: 8121.49 | AK9: 8506.05 | AL9: 10861.66 | AM9: 8366.72 | AN9: 9930.84 | AO9: 9564.84 | AP9: 11383.41 | BB9: 5634.95 | BC9: 6504.1 | BD9: 6964.62 | BE9: 7712.24 | BF9: 8121.49 | BG9: 8506.05 | BH9: 10861.66 | BI9: 8366.72 | BJ9: 9930.84 | BK9: 9564.84 | BL9: 11383.41 | DP9: 8507.9 | DQ9: 9386.18 | DR9: 10282.15 | DS9: 11782.86 | DT9: 12660.01 | DU9: 13311.88 | DV9: 15412.65 | DW9: 13458.24 | DX9: 15481.57 | DY9: 17127.03 | DZ9: 18626.29 | EA9: 479175.36
A10: 55190 | B10: 上海市 | C10: 2021 | D10: 4.6. 其他 | E10: 热力(万百万千焦) | F10: 260.82 | I10: 贵州省 | J10: 82.57 | K10: 181.67 | L10: 259.97 | M10: 70.31 | N10: 47.9 | O10: 25.3 | P10: 31.78 | Q10: 61.25 | R10: 241.39 | S10: 570.49 | T10: 980.92 | U10: 1852.21 | V10: 2176.82 | W10: 2850.06 | X10: 2977.64 | Y10: 3294.71 | Z10: 3998.8 | AA10: 4168.75 | AB10: 4563.93 | AC10: 5192.46 | AD10: 5337.85 | AE10: 5056.11 | AF10: 526.13 | AG10: 617.92 | AH10: 700.38 | AI10: 539.37 | AJ10: 912.86 | AK10: 929.41 | AL10: 971.34 | AM10: 1017.4 | AN10: 1096.79 | AO10: 1411.07 | AP10: 1932.21 | BB10: 526.13 | BC10: 617.92 | BD10: 700.38 | BE10: 539.37 | BF10: 894.47 | BG10: 630.41 | BH10: 583.51 | BI10: 564.09 | BJ10: 824.53 | BK10: 1072.66 | BL10: 1669.69 | DI10: 18.39 | DJ10: 299 | DK10: 387.83 | DL10: 453.31 | DM10: 272.26 | DN10: 338.41 | DO10: 262.52 | DP10: 1934.78 | DQ10: 2358.49 | DR10: 3110.03 | DS10: 3047.95 | DT10: 3342.61 | DU10: 4024.1 | DV10: 4200.54 | DW10: 4625.18 | DX10: 5433.85 | DY10: 5908.34 | DZ10: 6037.03 | EA10: 109355.55
A11: 55191 | B11: 上海市 | C11: 2021 | D11: 4.7. 生活消费 | E11: 热力(万百万千焦) | F11: 65 | I11: 海南省 | J11: 260.56 | K11: 278.28 | L11: 284.32 | M11: 757.61 | N11: 966.14 | O11: 1024.46 | P11: 1020.39 | Q11: 1094.33 | R11: 1484.96 | S11: 2647.04 | T11: 2992.08 | V11: 221.46 | W11: 323.88 | X11: 216.67 | Y11: 131.47 | Z11: 331.84 | AA11: 351.67 | AB11: 806.33 | AC11: 1139.55 | AD11: 1080.66 | AE11: 1362.11 | AF11: 263.98 | AG11: 267.74 | AH11: 234.47 | AI11: 440.27 | AJ11: 608.93 | AK11: 787.14 | AL11: 810.46 | AM11: 1002.52 | AN11: 1484.96 | AO11: 2647.04 | AP11: 2992.08 | BB11: 263.98 | BC11: 267.74 | BD11: 234.47 | BE11: 440.27 | BF11: 608.93 | BG11: 787.14 | BH11: 810.46 | BI11: 1002.52 | BJ11: 1484.96 | BK11: 2647.04 | BL11: 2992.08 | DP11: 263.98 | DQ11: 499.74 | DR11: 608.2 | DS11: 974.28 | DT11: 1097.61 | DU11: 1356.3 | DV11: 1372.06 | DW11: 1808.85 | DX11: 2624.51 | DY11: 3727.7 | DZ11: 4354.19 | EA11: 60542.41
A12: 55195 | B12: 上海市 | C12: 2021 | D12: 6. 消费量合计 | E12: 热力(万百万千焦) | F12: 10992.96 | I12: 河北省 | J12: 26374.23 | K12: 29576.07 | L12: 32536.45 | M12: 30464.964 | N12: 33725.73 | O12: 33923.49 | P12: 35203.27 | Q12: 42229.22 | R12: 48758.28 | S12: 53110.78 | T12: 59721.52 | U12: 2884.88 | V12: 3546.12 | W12: 7755.46 | X12: 8962.79 | Y12: 8516.82 | Z12: 9226.66 | AA12: 9883.84 | AB12: 45834.35 | AC12: 17863.92 | AD12: 22083.53 | AE12: 21071.06 | AF12: 26937.02 | AG12: 30297.29 | AH12: 38925.11 | AI12: 33918.251 | AJ12: 37793.96 | AK12: 38481.91 | AL12: 40029.05 | AM12: 75993.28 | AN12: 53557.14 | AO12: 58799.61 | AP12: 64163.1 | AU12: 94.8 | AV12: 104.8 | AW12: 206.84 | BB12: 19889.05 | BC12: 22816.68 | BD12: 30009.69 | BE12: 21962.791 | BF12: 22930.22 | BG12: 22247 | BH12: 24406.3 | BI12: 53740.69 | BJ12: 30641.77 | BK12: 25823.25 | BL12: 24525.72 | BM12: 63.7 | BN12: 64.34 | BO12: 69.4 | BP12: 79.4 | BQ12: 68.19 | BR12: 78.19 | BS12: 82.31 | BT12: 2664.35 | BU12: 2664.35 | BV12: 56.9 | BW12: 121.73 | BX12: 92.51 | BY12: 95.75 | BZ12: 72.04 | CA12: 102.08 | CB12: 551.74 | CC12: 551.74 | CD12: 587.6 | CE12: 694.97 | CF12: 717.5 | CG12: 970.23 | CH12: 905.61 | CI12: 396.01 | CJ12: 419.77 | CK12: 1263.38 | CL12: 1863.38 | CM12: 2127.18 | CN12: 2187.18 | CO12: 2959.66 | CP12: 2679.4 | CQ12: 2766.26 | CR12: 3227.58 | CS12: 5659.44 | CT12: 1500.05 | CU12: 1605.05 | CV12: 1685.3 | CW12: 2885.3 | CX12: 4160.32 | CY12: 4360.32 | DA12: 5240.36 | DB12: 5410.23 | DC12: 6499 | DD12: 7077 | DE12: 4995.7 | DF12: 5295.7 | DG12: 5825.3 | DH12: 7025.3 | DI12: 7861.51 | DJ12: 8952.68 | DK12: 11786.34 | DL12: 10973.5 | DM12: 11357.02 | DN12: 22222.65 | DO12: 25873.6 | DP12: 29259.11 | DQ12: 33122.19 | DR12: 40291.91 | DS12: 39427.751 | DT12: 42242.55 | DU12: 43150.15 | DV12: 45087.1 | DW12: 88078.31 | DX12: 65779.12 | DY12: 73600.84 | DZ12: 80539.3 | EA12: 2161623.2
A13: 55207 | B13: 云南省 | C13: 2021 | D13: 2.2. 供热 | E13: 热力(万百万千焦) | F13: 1599.32 | I13: 河南省 | J13: 15946.48 | K13: 16786.43 | L13: 19020.87 | M13: 23882.26 | N13: 20974.43 | O13: 22195.471 | P13: 23387.46 | Q13: 27581.47 | R13: 31088.44 | S13: 35388.59 | T13: 40048.79 | U13: 290 | V13: 2331.4 | W13: 2384.18 | Z13: 3850.1083 | AA13: 3504.73 | AB13: 4369.56 | AC13: 5904.75 | AD13: 5489.92 | AE13: 5219.23 | AF13: 15747.232 | AG13: 17885.94 | AH13: 19643.399 | AI13: 21629.03 | AJ13: 18668.31 | AK13: 23621.864 | AL13: 24282.03 | AM13: 28591.16 | AN13: 33393.17 | AO13: 36307.29 | AP13: 41258.15 | AQ13: 490 | AR13: 622.84 | AS13: 685.124 | BB13: 12261.092 | BC13: 12992.44 | BD13: 14257.15 | BE13: 15690.41 | BF13: 12438.17 | BG13: 14372.535 | BH13: 15035.45 | BI13: 17011.11 | BJ13: 19281.46 | BK13: 19462.61 | BL13: 24121.96 | BM13: 2.4 | BN13: 0.31 | BO13: 3.74 | BP13: 44.47 | BQ13: 19.28 | BR13: 23.5969 | BS13: 4.52 | BT13: 5.6 | BU13: 26.47 | BV13: 26.48 | BW13: 26.5 | BX13: 0.8 | BY13: 440.82 | BZ13: 484.902 | CC13: 35.788665 | CD13: 39.53 | CE13: 37.96 | CF13: 31.29 | CG13: 32.22 | CH13: 36.22 | CI13: 204.64 | CJ13: 204.06 | CK13: 224.466 | CL13: 933.03 | CM13: 744.57 | CN13: 797.5078 | CO13: 112.7 | CP13: 2150.47 | CQ13: 2878.78 | CR13: 4229.84 | CS13: 4243.23 | CT13: 150.3 | CU13: 169.23 | CV13: 186.153 | CW13: 130.95 | CX13: 145.62 | CY13: 176.72 | CZ13: 0.29 | DA13: 2904.21 | DB13: 2721.63 | DC13: 3857.71 | DD13: 3904.64 | DE13: 2638 | DF13: 3456.24 | DG13: 3801.864 | DH13: 4830.17 | DI13: 5320.67 | DJ13: 8215.716 | DK13: 9089.53 | DL13: 6481.81 | DM13: 8453.53 | DN13: 8698.44 | DO13: 8925.6 | DP13: 17107.582 | DQ13: 19117.83 | DR13: 21405.049 | DS13: 23882.26 | DT13: 20974.43 | DU13: 26072.569 | DV13: 26892.19 | DW13: 31964.37 | DX13: 36993.76 | DY13: 40508.89 | DZ13: 45268.67 | EA13: 1181887.3
A14: 55216 | B14: 云南省 | C14: 2021 | D14: 2.9. 回收能 | E14: 热力(万百万千焦) | F14: 6462.48 | I14: 黑龙江省 | J14: 25737.2 | K14: 27745.57 | L14: 34270.25 | M14: 34799.4 | N14: 34948.55 | O14: 38178.07 | P14: 41108.29 | Q14: 48640.45 | R14: 49223.85 | S14: 55357.99 | T14: 60022.4 | Z14: 292.87 | AA14: 366.14 | AB14: 455.84 | AD14: 55.93 | AE14: 1531.51 | AF14: 25737.2 | AG14: 27745.57 | AH14: 34270.25 | AI14: 34799.4 | AJ14: 34888.46 | AK14: 38399.87 | AL14: 41324.18 | AM14: 48924.11 | AN14: 49223.85 | AO14: 55325.6 | AP14: 60722.31 | BB14: 4788.2 | BC14: 2783.64 | BD14: 8382.88 | BE14: 7625.91 | BF14: 7274.22 | BG14: 10078.47 | BH14: 10536.42 | BI14: 8527.23 | BJ14: 10024.78 | BK14: 9254.33 | BL14: 14679.81 | BM14: 85.43 | BN14: 75.5 | BO14: 90.81 | BP14: 80 | BQ14: 83.66 | BR14: 86.6 | BS14: 80.66 | BT14: 75 | BU14: 80 | BV14: 180 | BW14: 185 | BX14: 371.08 | BY14: 817.8 | BZ14: 890 | CA14: 899.65 | CB14: 830.48 | CC14: 846.76 | CD14: 746.76 | CE14: 996.1 | CF14: 996.1 | CG14: 3296.1 | CH14: 3569.67 | CI14: 1795.96 | CJ14: 2100.98 | CK14: 2056 | CL14: 2196 | CM14: 2027.15 | CN14: 1827.15 | CO14: 2027.15 | CP14: 3878.22 | CQ14: 4108.22 | CR14: 5843.22 | CS14: 6275.62 | CT14: 1801.64 | CU14: 2201 | CV14: 2165.9 | CW14: 2011.84 | CX14: 1857.16 | CY14: 2498.69 | CZ14: 3198.69 | DA14: 5552.96 | DB14: 4552.96 | DC14: 5382.94 | DD14: 4204.03 | DE14: 16894.89 | DF14: 19766.65 | DG14: 20684.66 | DH14: 21986 | DI14: 22815.79 | DJ14: 23062.2 | DK14: 24734.5 | DL14: 29894.6 | DM14: 29461.79 | DN14: 31369.01 | DO14: 31808.18 | DP14: 25737.2 | DQ14: 27745.57 | DR14: 34270.25 | DS14: 34799.4 | DT14: 34948.55 | DU14: 38470.94 | DV14: 41474.43 | DW14: 49096.29 | DX14: 49223.85 | DY14: 55413.92 | DZ14: 61553.91 | EA14: 1808190.2
A15: 55218 | B15: 云南省 | C15: 2021 | D15: 4. 终端消费量 | E15: 热力(万百万千焦) | F15: 2557.8 | I15: 湖北省 | J15: 8681.06 | K15: 8239.76 | L15: 8390.3227 | M15: 8419.452 | N15: 8953.01 | O15: 8275.5458 | P15: 10086.58 | Q15: 10934.9 | R15: 12406.48 | S15: 11809.16 | T15: 11809.16 | V15: 592.29 | W15: 557.3255 | X15: 930.05562 | Y15: 1022.45 | Z15: 899.42031 | AA15: 1259.94 | AB15: 1559.56 | AC15: 3169.3 | AD15: 3739.53 | AE15: 3739.53 | AF15: 8681.06 | AG15: 8224.32 | AH15: 8344.5005 | AI15: 8174.4368 | AJ15: 8689.48 | AK15: 8292.6283 | AL15: 10395.29 | AM15: 11368.46 | AN15: 12856.7 | AO15: 11836.96 | AP15: 11836.96 | BB15: 7388.78 | BC15: 7862.66 | BD15: 7939.756 | BE15: 7818.7568 | BF15: 8313.78 | BG15: 7861.073 | BH15: 9903.18 | BI15: 10272.39 | BJ15: 11692.76 | BK15: 11511.23 | BL15: 11511.23 | BR15: 33.48 | BS15: 38.89 | BT15: 86.61 | BU15: 90.25 | BZ15: 4.75 | CA15: 4.75 | CB15: 5.02 | CC15: 5.1910185 | CD15: 6.11 | CE15: 13.61 | CF15: 14.3 | CG15: 5.27 | CH15: 5.27 | CI15: 514.03 | CJ15: 361.66 | CK15: 399.99451 | CL15: 350.93 | CM15: 370.68 | CN15: 392.88422 | CO15: 447.11 | CP15: 995.86 | CQ15: 1059.4 | CR15: 1.17 | CS15: 1.17 | DE15: 778.25 | DN15: 319.29 | DO15: 319.29 | DP15: 8681.06 | DQ15: 8832.05 | DR15: 8947.6501 | DS15: 9349.5123 | DT15: 9975.45 | DU15: 9417.1531 | DV15: 11346.52 | DW15: 12494.46 | DX15: 15575.78 | DY15: 15548.69 | DZ15: 15548.69 | EA15: 468593.46
A16: 55219 | B16: 云南省 | C16: 2021 | D16: 4.1. 农、林、牧、渔业 | E16: 热力(万百万千焦) | I16: 湖南省 | J16: 12380.71 | K16: 12345.99 | L16: 12330.37 | M16: 11888.54 | N16: 9755.65 | O16: 4707.73 | P16: 4647.03 | Q16: 4979.79 | R16: 5026.82 | S16: 5029.42 | T16: 5347.18 | U16: 1072.47 | V16: 3348.43 | W16: 2812.53 | X16: 3245.96 | Y16: 3225.43 | Z16: 3461.22 | AA16: 3288.91 | AB16: 3312.16 | AC16: 3520.36 | AD16: 3784.33 | AE16: 3780.8 | AF16: 11576.02 | AG16: 11916.1 | AH16: 11245.39 | AI16: 11889.27 | AJ16: 10696.31 | AK16: 7793.5 | AL16: 7870.2 | AM16: 8291.95 | AN16: 8547.18 | AO16: 8570.34 | AP16: 6952.88 | BB16: 11568.93 | BC16: 11913.32 | BD16: 11242.27 | BE16: 11885.91 | BF16: 10692.61 | BG16: 7789.5217 | BH16: 7866 | BI16: 8287.43 | BJ16: 8542.4 | BK16: 8565.54 | BL16: 6835.52 | BM16: 4.58964 | CS16: 27.31 | CT16: 2.5 | CU16: 2.78 | CV16: 3.12 | CW16: 3.36 | CX16: 3.7 | CY16: 3.9783141 | CZ16: 4.21 | DA16: 4.52 | DB16: 4.78 | DC16: 4.8 | DD16: 39.34 | DO16: 50.71 | DP16: 13453.18 | DQ16: 15694.42 | DR16: 15142.9 | DS16: 15134.5 | DT16: 12981.08 | DU16: 8168.95 | DV16: 7935.95 | DW16: 8291.95 | DX16: 8547.18 | DY16: 8813.76 | DZ16: 9134.89 | EA16: 457288.88
A17: 55220 | B17: 云南省 | C17: 2021 | D17: 4.2. 工业 | E17: 热力(万百万千焦) | F17: 2555.8 | I17: 吉林省 | J17: 25041.94 | K17: 25173.9 | L17: 23804.91 | M17: 22519.33 | N17: 23665.46 | O17: 24835.62 | P17: 26925.72 | Q17: 30016.13 | R17: 29646.81 | S17: 32502.44 | T17: 35537.2 | U17: 736.85 | V17: 866.3 | W17: 616.29 | X17: 937.47 | Y17: 950.47 | Z17: 569.25 | AA17: 640.74 | AB17: 1412.1 | AC17: 1323.68 | AD17: 1358.4 | AE17: 1323.23 | AF17: 23595.97 | AG17: 23433.1 | AH17: 22827.62 | AI17: 20438.77 | AJ17: 21493.96 | AK17: 22226.14 | AL17: 24256.83 | AM17: 27238.21 | AN17: 26963.95 | AO17: 29417.23 | AP17: 32996.85 | BB17: 14235.75 | BC17: 14267.18 | BD17: 16407.2 | BE17: 13839.85 | BF17: 14404.91 | BG17: 14614.12 | BH17: 14642.62 | BI17: 13063.39 | BJ17: 11910.62 | BK17: 13004.2 | BL17: 13113.53 | BM17: 70.12 | BN17: 97.12 | BO17: 130.46 | BP17: 118.86 | BQ17: 130.86 | BR17: 110.86 | BS17: 490.77 | BT17: 1006.53 | BU17: 906.4 | BV17: 1160.5 | BW17: 1240 | BX17: 497.63 | BY17: 589.23 | BZ17: 181.72 | CA17: 241.82 | CB17: 357.51 | CC17: 357.51 | CD17: 388.5 | CE17: 1056.17 | CF17: 997.98 | CG17: 1366.56 | CH17: 1699.73 | CI17: 125.46 | CJ17: 136.46 | CK17: 366.18 | CL17: 356.18 | CM17: 428.17 | CN17: 518.14 | CO17: 721.19 | CP17: 1458.37 | CQ17: 1548.59 | CR17: 1598.59 | CS17: 1545.66 | CT17: 636.21 | CU17: 679 | CV17: 721.01 | CW17: 851.01 | CX17: 915.06 | CY17: 1415.06 | CZ17: 2543.3 | DA17: 3351.04 | DB17: 3426.29 | DC17: 3660.46 | DD17: 6066.68 | DE17: 8030.8 | DF17: 7664.11 | DG17: 5021.05 | DH17: 5031.05 | DI17: 5257.45 | DJ17: 5210.45 | DK17: 5470.45 | DL17: 7302.71 | DM17: 8174.07 | DN17: 8626.92 | DO17: 9331.25 | DP17: 25778.79 | DQ17: 26040.2 | DR17: 25821.2 | DS17: 23456.8 | DT17: 24615.93 | DU17: 25404.87 | DV17: 27566.46 | DW17: 31428.23 | DX17: 30970.49 | DY17: 33795.85 | DZ17: 36860.43 | EA17: 1171920.8
A18: 55222 | B18: 云南省 | C18: 2021 | D18: 4.3. 建筑业 | E18: 热力(万百万千焦) | I18: 江苏省 | J18: 51758.15 | K18: 53118.29 | L18: 54704.85 | M18: 55831.63 | N18: 56970.4 | O18: 57030.01 | P18: 61231.29 | Q18: 62180.38 | R18: 61945.05 | S18: 61459.09 | T18: 62034.62 | U18: 957.38 | V18: 819.2 | W18: 6805.43 | X18: 6872.76 | Y18: 6855.75 | Z18: 7463.39 | AA18: 7524.5 | AB18: 12501.27 | AC18: 13159.85 | AD18: 13097.6 | AE18: 14638.41 | AF18: 50666.56 | AG18: 51740.49 | AH18: 55216.68 | AI18: 53504.19 | AJ18: 54718.24 | AK18: 58355.29 | AL18: 62310.04 | AM18: 66154.82 | AN18: 66294.18 | AO18: 65821.43 | AP18: 67779.51 | BB18: 49884.12 | BC18: 51238.85 | BD18: 54445.17 | BE18: 52845.61 | BF18: 54145.45 | BG18: 58149.76 | BH18: 62117.73 | BI18: 65925.28 | BJ18: 66044.05 | BK18: 65520.52 | BL18: 67529.4 | BO18: 10.66 | BP18: 12.66 | BX18: 79.38 | BY18: 23.4 | BZ18: 48.42 | CA18: 35.42 | CB18: 20.11 | CC18: 10.46 | CD18: 8.94 | CE18: 9.57 | CF18: 5.62 | CG18: 8.74 | CH18: 5.11 | CI18: 63.3 | CJ18: 50 | CK18: 108.26 | CL18: 90.68 | CM18: 76.12 | CP18: 15.58 | CQ18: 13.91 | CR18: 12.1 | CT18: 132 | CU18: 90 | CV18: 90.68 | CW18: 64.4 | CX18: 28.82 | CY18: 12.83 | CZ18: 12.27 | DA18: 13.02 | DB18: 12.44 | DC18: 7.34 | DE18: 507.76 | DF18: 338.24 | DG18: 513.49 | DH18: 455.42 | DI18: 447.74 | DJ18: 182.24 | DK18: 171.1 | DL18: 191.37 | DM18: 218.16 | DN18: 272.73 | DO18: 245 | DP18: 52715.53 | DQ18: 53937.49 | DR18: 61510.28 | DS18: 62704.39 | DT18: 63826.15 | DU18: 64493.4 | DV18: 68755.79 | DW18: 74681.65 | DX18: 75104.9 | DY18: 74556.69 | DZ18: 76673.03 | EA18: 2763041.5
A19: 55223 | B19: 云南省 | C19: 2021 | D19: 4.4. 交通运输、仓储和邮政业 | E19: 热力(万百万千焦) | I19: 江西省 | J19: 789.82 | K19: 867.39 | L19: 1210.49 | M19: 1430.98 | N19: 1491.45 | O19: 1951.58 | P19: 2010.62 | Q19: 2344.2 | R19: 2902.07 | S19: 5827.29 | T19: 6730.54 | U19: 610.13 | V19: 715.5 | W19: 2952.0961 | X19: 3078.12 | Y19: 3238.18 | Z19: 3378.24 | AA19: 4472.05 | AB19: 3969.09 | AC19: 4218.2 | AD19: 4228.88 | AE19: 4536.98 | AF19: 724.66 | AG19: 1038.89 | AH19: 3282.59 | AI19: 3159.1 | AJ19: 1523.17 | AK19: 1935.78 | AL19: 1969.6 | AM19: 2272.11 | AN19: 2976.81 | AO19: 5008.64 | AP19: 6442.08 | BB19: 724.66 | BC19: 1038.89 | BD19: 3276.79 | BE19: 3143.1 | BF19: 1523.17 | BG19: 1935.78 | BH19: 1969.6 | BI19: 2272.11 | BJ19: 2976.81 | BK19: 5008.64 | BL19: 6442.08 | CK19: 5.8 | CL19: 16 | DP19: 1399.95 | DQ19: 1582.89 | DR19: 4162.59 | DS19: 4509.1 | DT19: 4729.63 | DU19: 5329.82 | DV19: 6482.67 | DW19: 6313.29 | DX19: 7120.27 | DY19: 10056.17 | DZ19: 11267.52 | EA19: 186574.66
A20: 55224 | B20: 云南省 | C20: 2021 | D20: 4.5. 批发、零售业和住宿、餐饮业 | E20: 热力(万百万千焦) | F20: 1 | I20: 辽宁省 | J20: 40015.03 | K20: 41464.18 | L20: 44718.4 | M20: 44113.22 | N20: 46594.26 | O20: 49187.88 | P20: 53303.69 | Q20: 58480.4 | R20: 64402.19 | S20: 70493.03 | T20: 72972.2 | U20: 1396.2 | V20: 1820.23 | W20: 2186.33 | X20: 5667.11 | Y20: 6020.02 | Z20: 6595.9 | AA20: 7438.34 | AB20: 8556.41 | AC20: 9673.15 | AD20: 11154.06 | AE20: 11838.83 | AF20: 40970.92 | AG20: 42193.68 | AH20: 45168.34 | AI20: 46658.6 | AJ20: 49423.47 | AK20: 52821.82 | AL20: 56441.8 | AM20: 62626.9 | AN20: 68182.86 | AO20: 74473.07 | AP20: 77444.86 | AT20: 11.25 | AU20: 12 | AV20: 11 | AW20: 11.59 | AX20: 12.05 | AY20: 12.45 | AZ20: 12.46 | BA20: 12.87 | BB20: 21035.09 | BC20: 20892.76 | BD20: 22489.58 | BE20: 23752.16 | BF20: 23973.03 | BG20: 26273.22 | BH20: 29863.63 | BI20: 35314.03 | BJ20: 39198.57 | BK20: 44849.82 | BL20: 47200.18 | BM20: 40.75 | BN20: 41.46 | BO20: 41.15 | BP20: 40.3 | BQ20: 50.25 | BR20: 49.21 | BS20: 50.01 | BT20: 55.08 | BU20: 57.68 | BV20: 57.84 | BW20: 58.88 | BX20: 200.32 | BY20: 201.01 | BZ20: 139.23 | CA20: 161.37 | CB20: 208.67 | CC20: 275.59 | CD20: 279.05 | CE20: 758.29 | CF20: 794.66 | CG20: 727.85 | CH20: 744.65 | CI20: 108.42 | CJ20: 119 | CK20: 120 | CL20: 152.32 | CM20: 165.24 | CN20: 166.33 | CO20: 170.33 | CP20: 175.98 | CQ20: 194.32 | CR20: 184.6 | CS20: 203.06 | CT20: 870.33 | CU20: 902.5 | CV20: 937.37 | CW20: 900.54 | CX20: 1798.23 | CY20: 1799.67 | CZ20: 1801.32 | DA20: 1813.93 | DB20: 1877.43 | DC20: 1875.36 | DD20: 2032.9 | DE20: 18716.01 | DF20: 20036.95 | DG20: 21441.01 | DH20: 21640.66 | DI20: 23216.05 | DJ20: 24246.8 | DK20: 24265.87 | DL20: 24497.54 | DM20: 26047.75 | DN20: 26765.13 | DO20: 27192.31 | DP20: 41411.23 | DQ20: 43284.41 | DR20: 46904.73 | DS20: 49780.33 | DT20: 52614.28 | DU20: 55783.78 | DV20: 60742.03 | DW20: 67036.81 | DX20: 74075.34 | DY20: 81647.09 | DZ20: 84811.03 | EA20: 2548994.7
A21: 55225 | B21: 云南省 | C21: 2021 | D21: 4.6. 其他 | E21: 热力(万百万千焦) | F21: 1 | I21: 内蒙古自治区 | J21: 21780.66 | K21: 26978.95 | L21: 27629.94 | M21: 29157.56 | N21: 32736.17 | O21: 35994.79 | P21: 39490.43 | Q21: 46208.75 | R21: 51000.08 | S21: 57750.26 | T21: 66287.7 | U21: 766.92 | V21: 1046.56 | W21: 1249.33 | X21: 1267.99 | Y21: 2060.07 | Z21: 2568.41 | AA21: 2779.84 | AB21: 5989.24 | AC21: 7853.82 | AD21: 9520.18 | AE21: 11435.51 | AF21: 21567.884 | AG21: 26842.66 | AH21: 27589.25 | AI21: 29234.175 | AJ21: 32781.96 | AK21: 36310.39 | AL21: 39938 | AM21: 47589.81 | AN21: 52908.93 | AO21: 60418.94 | AP21: 71320.28 | AQ21: 195.26 | AR21: 218.65 | AS21: 26.743548 | AT21: 28.55112 | AU21: 32.56 | AV21: 33.79 | AW21: 35.68 | AX21: 35.89 | AY21: 37.43 | AZ21: 38.14 | BA21: 49.97 | BB21: 4315.05 | BC21: 5178.54 | BD21: 5358.93 | BE21: 5498.17 | BF21: 6661.94 | BG21: 6615.83 | BH21: 7644.48 | BI21: 10004.83 | BJ21: 14450.33 | BK21: 21467.29 | BL21: 28046.87 | BM21: 352 | BN21: 430.05 | BO21: 162.13748 | BP21: 173.1219 | BQ21: 172.68 | BR21: 195.43 | BS21: 210.56 | BT21: 210.55 | BU21: 220.02 | BV21: 229.92 | BW21: 270.08 | BX21: 1070.8217 | BY21: 1393.97 | BZ21: 534.07885 | CA21: 570.2537 | CB21: 698.09 | CC21: 208.4201 | CD21: 215.69 | CE21: 228.63 | CF21: 338.69 | CG21: 373.55 | CH21: 423.64 | CI21: 1519.4709 | CJ21: 1938.8 | CK21: 1121.9678 | CL21: 1197.962 | CM21: 1408.11 | CN21: 1887.64 | CO21: 2125.36 | CP21: 2547.67 | CQ21: 2659.77 | CR21: 2526.78 | CS21: 4550.59 | CT21: 1577.2813 | CU21: 1984.86 | CV21: 2089.3774 | CW21: 2230.896 | CX21: 2621.14 | CY21: 3346.75 | CZ21: 3712.69 | DA21: 4450.4 | DB21: 4646.22 | DC21: 4646.22 | DD21: 5957.52 | DE21: 12538 | DF21: 15697.79 | DG21: 18296.015 | DH21: 19535.22 | DI21: 21187.44 | DJ21: 24022.53 | DK21: 25993.54 | DL21: 30111.84 | DM21: 30556.47 | DN21: 31137.04 | DO21: 32021.61 | DP21: 22547.575 | DQ21: 28025.51 | DR21: 28879.27 | DS21: 30425.555 | DT21: 34796.24 | DU21: 38563.2 | DV21: 42270.27 | DW21: 52197.99 | DX21: 58853.9 | DY21: 67192.19 | DZ21: 77487.53 | EA21: 1855796.9
A22: 55226 | B22: 云南省 | C22: 2021 | D22: 4.7. 生活消费 | E22: 热力(万百万千焦) | I22: 宁夏回族自治区 | J22: 4462.0707 | K22: 5394.35 | L22: 5416.6342 | M22: 4979.9655 | N22: 5808.29 | O22: 7999.6832 | P22: 8578.87 | Q22: 8296.54 | R22: 10008.43 | S22: 15401.75 | T22: 16011.02 | U22: 51.213354 | V22: 98.63 | W22: 49.359593 | X22: 74.289747 | Y22: 406.59 | Z22: 668.93878 | AA22: 661.78 | AB22: 1969.85 | AC22: 2082.98 | AD22: 2207.31 | AE22: 2674.97 | AF22: 4364.4076 | AG22: 5321.16 | AH22: 5231.604 | AI22: 5003.7319 | AJ22: 5941.7 | AK22: 8350.7664 | AL22: 8791.57 | AM22: 9736.72 | AN22: 11480.2 | AO22: 16996.32 | AP22: 17989.02 | BB22: 2299.0876 | BC22: 2777.63 | BD22: 2743.004 | BE22: 3079.8216 | BF22: 3304.81 | BG22: 5597.338 | BH22: 5886.57 | BI22: 6706.2 | BJ22: 8187.23 | BK22: 13697.41 | BL22: 14538.43 | BM22: 95 | BN22: 61.84 | BO22: 95.7 | BP22: 10.091932 | BQ22: 15.09 | BR22: 30.060438 | BS22: 80 | BT22: 99.69 | BU22: 95.73 | BV22: 97.73 | BW22: 103.44 | BX22: 38 | BY22: 41.4 | BZ22: 51.4 | CA22: 20.741907 | CB22: 28.74 | CC22: 28.353664 | CD22: 35 | CE22: 45.31 | CF22: 18.07 | CG22: 17.02 | CH22: 25.01 | CI22: 170 | CJ22: 317.95 | CK22: 343.5 | CL22: 293.10047 | CM22: 393.1 | CN22: 407.54609 | CO22: 475 | CP22: 484.89 | CQ22: 507 | CR22: 491 | CS22: 511.68 | CT22: 420 | CU22: 499.66 | CV22: 585 | CW22: 395.34697 | CX22: 895.34 | CY22: 951.37994 | CZ22: 865 | DA22: 859.74 | DB22: 823.1 | DC22: 802.1 | DD22: 808.95 | DE22: 1342.32 | DF22: 1622.68 | DG22: 1413 | DH22: 1204.629 | DI22: 1304.62 | DJ22: 1336.0883 | DK22: 1450 | DL22: 1540.89 | DM22: 1849.06 | DN22: 1891.06 | DO22: 2001.51 | DP22: 4513.2875 | DQ22: 5492.99 | DR22: 5465.9912 | DS22: 5054.2504 | DT22: 6214.88 | DU22: 8668.6208 | DV22: 9240.65 | DW22: 10266.39 | DX22: 12091.41 | DY22: 17609.06 | DZ22: 18685.99 | EA22: 405021.42
A23: 55230 | B23: 云南省 | C23: 2021 | D23: 6. 消费量合计 | E23: 热力(万百万千焦) | F23: 8061.8 | I23: 青海省 | J23: 510.6309 | K23: 519.8 | L23: 472.7974 | M23: 539.0925 | N23: 2479.03 | O23: 3329.8133 | P23: 3821.83 | Q23: 4539.16 | R23: 4291.23 | S23: 3521.84 | T23: 4282.52 | X23: 110.6863 | Y23: 553.03 | Z23: 471.61 | AA23: 650.93 | AB23: 734.12 | AC23: 758.93 | AD23: 633.67 | AE23: 696.88 | AF23: 510.62754 | AG23: 519.79 | AH23: 472.7974 | AI23: 618.9653 | AJ23: 2537.67 | AK23: 3765.0362 | AL23: 3842.99 | AM23: 4604.01 | AN23: 4307.7 | AO23: 3553.06 | AP23: 4354.02 | BB23: 90.0564 | BC23: 115.62 | BD23: 172.7974 | BE23: 240.829 | BF23: 1780.5 | BG23: 3004.7161 | BH23: 3273.51 | BI23: 4024.81 | BJ23: 3898.5 | BK23: 2822.5 | BL23: 3485.59 | BM23: 0.24989364 | BN23: 0.3 | BO23: 0.33 | BP23: 0.5 | BX23: 4.6554259 | BY23: 10 | BZ23: 10.5 | CA23: 12.5 | CB23: 91.4 | CC23: 92 | CI23: 22.203513 | CJ23: 30 | CK23: 31.5 | CL23: 41.5 | CM23: 107.43 | CN23: 107.52 | CO23: 102.57 | CP23: 118.08 | CQ23: 118.08 | CR23: 224.66 | CS23: 297.61 | CT23: 82.816603 | CU23: 85 | CV23: 65.6 | CW23: 76.6 | CX23: 233.67 | CY23: 233.76 | CZ23: 112.36 | DA23: 123.15 | DB23: 53.15 | DC23: 95.26 | DD23: 103.56 | DE23: 310.6457 | DF23: 278.87 | DG23: 192.07 | DH23: 247.0363 | DI23: 324.67 | DJ23: 327.04009 | DK23: 354.56 | DL23: 337.96 | DM23: 237.96 | DN23: 410.65 | DO23: 467.26 | DP23: 510.62754 | DQ23: 519.79 | DR23: 472.7974 | DS23: 649.7788 | DT23: 3032.06 | DU23: 3801.4277 | DV23: 4472.76 | DW23: 5273.28 | DX23: 5050.17 | DY23: 4155.51 | DZ23: 4979.39 | EA23: 124008.52
A24: 55242 | B24: 全国 | C24: 2021 | D24: 2.2. 供热 | E24: 热力(万百万千焦) | F24: 726952.12 | I24: 全国 | J24: 317759.06 | K24: 339684.73 | L24: 362112.66 | M24: 374249.96 | N24: 399029.66 | O24: 430506.88 | P24: 464086.42 | Q24: 524417.65 | R24: 565138.68 | S24: 613906.59 | T24: 726952.12 | U24: 36094.7 | V24: 44046.29 | W24: 51008 | X24: 59161.25 | Y24: 62027.49 | Z24: 66195.28 | AA24: 65921.71 | AB24: 96144.18 | AC24: 96598.13 | AD24: 110769.08 | AE24: 125426.04 | AF24: 318574.49 | AG24: 342687.26 | AH24: 360409.21 | AI24: 373319.42 | AJ24: 396778.72 | AK24: 426530.36 | AL24: 453921.46 | AM24: 518100.81 | AN24: 544808.39 | AO24: 591129.64 | AP24: 710502.01 | AQ24: 90.69 | AR24: 113.44 | AS24: 118.56 | AT24: 88.92 | AU24: 106.7 | AV24: 128.04 | AW24: 133.29 | AX24: 68.39 | AY24: 69.88 | AZ24: 111.89 | BA24: 140.9 | BB24: 233393.14 | BC24: 248391.34 | BD24: 261608.62 | BE24: 267494.7 | BF24: 280611.96 | BG24: 301888.68 | BH24: 319820.87 | BI24: 362133.17 | BJ24: 380696.5 | BK24: 412216.71 | BL24: 512220.94 | BM24: 622.57 | BN24: 687.75 | BO24: 779.36 | BP24: 814.12 | BQ24: 903.67 | BR24: 948.86 | BS24: 1060.35 | BT24: 2302.85 | BU24: 2300.23 | BV24: 1933.11 | BW24: 2017.1 | BX24: 1988.8 | BY24: 2265.44 | BZ24: 2289.81 | CA24: 2408.1 | CB24: 2809.72 | CC24: 2641.04 | CD24: 3064.4 | CE24: 3819 | CF24: 4152.02 | CG24: 3904.98 | CH24: 4145.52 | CI24: 4304.56 | CJ24: 4759.13 | CK24: 5065 | CL24: 5730.54 | CM24: 6113.91 | CN24: 7031 | CO24: 7436.19 | CP24: 8962.17 | CQ24: 9533.06 | CR24: 10405.72 | CS24: 11845.87 | CT24: 8130.8 | CU24: 8862.66 | CV24: 9075.92 | CW24: 10300.66 | CX24: 12391.77 | CY24: 15270.13 | CZ24: 16076.39 | DA24: 19130.9 | DB24: 19224.64 | DC24: 21207.86 | DD24: 22113.43 | DE24: 70043.94 | DF24: 77607.5 | DG24: 81471.95 | DH24: 86482.38 | DI24: 93840.97 | DJ24: 98622.61 | DK24: 106329.97 | DL24: 121684.32 | DM24: 128832.05 | DN24: 141349.38 | DO24: 158018.24 | DP24: 353848.91 | DQ24: 383721.84 | DR24: 413102.56 | DS24: 433440.34 | DT24: 461106.64 | DU24: 496544.52 | DV24: 530006.6 | DW24: 620543.22 | DX24: 661736.52 | DY24: 724168.35 | DZ24: 852046.06 | EA24: 21935026
A25: 55251 | B25: 全国 | C25: 2021 | D25: 2.9. 回收能 | E25: 热力(万百万千焦) | F25: 125426.04 | I25: 山东省 | J25: 74049.074 | K25: 76435.85 | L25: 81725.15 | M25: 80254.736 | N25: 89193.7 | O25: 98313.382 | P25: 99226.99 | Q25: 133092.95 | R25: 149885.24 | S25: 161494.34 | T25: 172492.35 | U25: 1078.5965 | V25: 3263.17 | W25: 5909.3259 | X25: 6382.6245 | Y25: 5649.19 | Z25: 6182.1611 | AA25: 6638.4 | AB25: 9804.76 | AC25: 13069.37 | AD25: 9419.89 | AE25: 16257.21 | AF25: 74049.174 | AG25: 77272.39 | AH25: 84168.572 | AI25: 82322.942 | AJ25: 91092.99 | AK25: 100079.96 | AL25: 101030.91 | AM25: 136713.54 | AN25: 155064.31 | AO25: 161527.25 | AP25: 176934.82 | BB25: 60328.989 | BC25: 62096.6 | BD25: 70706.929 | BE25: 67841.523 | BF25: 76097.17 | BG25: 83990.884 | BH25: 82767.15 | BI25: 104441.97 | BJ25: 118819.88 | BK25: 124246.56 | BL25: 142255.73 | BM25: 712.834 | BN25: 819.03 | BO25: 526.13 | BP25: 565.98655 | BQ25: 549.49 | BR25: 565.73 | BS25: 599.75 | BT25: 799.75 | BU25: 840.57 | BV25: 798.54 | BW25: 718.2 | BX25: 464.8283 | BY25: 476 | BZ25: 476 | CA25: 512.05899 | CB25: 529.76 | CC25: 542.75899 | CD25: 569.9 | CE25: 969.9 | CF25: 1099.53 | CG25: 1044.55 | CH25: 835.64 | CI25: 2712.3 | CJ25: 2912 | CK25: 1390.7606 | CL25: 1496.1165 | CM25: 1683.12 | CN25: 1734.5865 | CO25: 2362.95 | CP25: 3323.87 | CQ25: 3732.87 | CR25: 3359.58 | CS25: 3426.77 | CT25: 2984.92 | CU25: 3504 | CV25: 3604 | CW25: 3877.0181 | CX25: 4017.32 | CY25: 4049.43 | CZ25: 4797.68 | DA25: 4597 | DB25: 5150.9 | DC25: 5408.45 | DD25: 3516.61 | DE25: 6845.3025 | DF25: 7464.75 | DG25: 7464.7525 | DH25: 8030.2387 | DI25: 8216.14 | DJ25: 9196.57 | DK25: 9933.48 | DL25: 22581.05 | DM25: 25420.56 | DN25: 26669.57 | DO25: 26181.86 | DP25: 75127.673 | DQ25: 79699.01 | DR25: 87634.476 | DS25: 86637.36 | DT25: 94842.89 | DU25: 104495.54 | DV25: 105865.39 | DW25: 142897.71 | DX25: 162954.61 | DY25: 170914.24 | DZ25: 188749.56 | EA25: 5080150.6
A26: 55253 | B26: 全国 | C26: 2021 | D26: 4. 终端消费量 | E26: 热力(万百万千焦) | F26: 710502.01 | I26: 山西省 | J26: 14472.47 | K26: 16014.55 | L26: 17916.84 | M26: 19810.62 | N26: 23630.29 | O26: 27215.9 | P26: 31548.05 | Q26: 30699.78 | R26: 30981.34 | S26: 31312.23 | T26: 32785.77 | W26: 5653.96 | X26: 6879.54 | Y26: 6282.75 | Z26: 4151.64 | AA26: 2482.85 | AB26: 4497.35 | AC26: 7448.29 | AD26: 8194.99 | AE26: 8328.37 | AF26: 14472.47 | AG26: 16014.55 | AH26: 20872.93 | AI26: 23610.24 | AJ26: 27044 | AK26: 28042.38 | AL26: 30564.89 | AM26: 28897.67 | AN26: 31639.05 | AO26: 30989.68 | AP26: 32192.17 | BB26: 6314.78 | BC26: 6707.58 | BD26: 11619.86 | BE26: 13383.09 | BF26: 14624.26 | BG26: 15318.32 | BH26: 17461.23 | BI26: 16203.5 | BJ26: 16555.23 | BK26: 16417.32 | BL26: 17538.78 | BO26: 17.68 | BP26: 55.36 | BQ26: 255.92 | BR26: 269.18 | BS26: 14.41 | BT26: 52.74 | BU26: 52.95 | BV26: 31.49 | BW26: 28.57 | CC26: 35.54 | CD26: 674.72 | CE26: 707.53 | CF26: 760.28 | CG26: 560.28 | CH26: 537.24 | CI26: 1385 | CJ26: 1935.55 | CK26: 1725 | CL26: 1920.27 | CM26: 2127.12 | CN26: 2174 | CO26: 1443.3 | CP26: 889.98 | CQ26: 926.79 | CR26: 726.79 | CS26: 784.53 | CT26: 1015 | CU26: 1258 | CV26: 986.71 | CW26: 1216.07 | CX26: 1714.7 | CY26: 1880 | CZ26: 2005.89 | DA26: 1443.92 | DB26: 1573.8 | DC26: 1373.8 | DD26: 1403.25 | DE26: 5757.69 | DF26: 6113.42 | DG26: 6523.68 | DH26: 7035.45 | DI26: 8322 | DJ26: 8365.34 | DK26: 8965.34 | DL26: 9600 | DM26: 11770 | DN26: 11880 | DO26: 11899.8 | DP26: 14472.47 | DQ26: 16014.55 | DR26: 23570.8 | DS26: 26690.16 | DT26: 29913.04 | DU26: 31367.54 | DV26: 34030.9 | DW26: 35197.13 | DX26: 38429.63 | DY26: 39507.22 | DZ26: 41114.14 | EA26: 1229295.2
A27: 55254 | B27: 全国 | C27: 2021 | D27: 4.1. 农、林、牧、渔业 | E27: 热力(万百万千焦) | F27: 140.9 | I27: 陕西省 | J27: 6157.4563 | K27: 6996.99 | L27: 7380.8679 | M27: 8113.6386 | N27: 9439.1 | O27: 11135.417 | P27: 12637.69 | Q27: 14510.64 | R27: 15869.36 | S27: 17767.46 | T27: 21476.05 | V27: 1647.32 | W27: 1941.1582 | X27: 2160.8835 | Y27: 2288.76 | Z27: 2595.1452 | AA27: 3919.91 | AB27: 4314.08 | AC27: 6277.91 | AD27: 9220.31 | AE27: 9532.33 | AF27: 5676.1265 | AG27: 7767.36 | AH27: 8240.28 | AI27: 9129.6222 | AJ27: 10385.71 | AK27: 12372.061 | AL27: 14471.94 | AM27: 16374.45 | AN27: 19332.63 | AO27: 22117.37 | AP27: 25812.02 | BB27: 2571.0565 | BC27: 3979.08 | BD27: 4206.36 | BE27: 4506.6614 | BF27: 5397.46 | BG27: 5881.2319 | BH27: 7118.99 | BI27: 8120.28 | BJ27: 10201.33 | BK27: 11471.34 | BL27: 13140.3 | BO27: 40.22 | BP27: 50.56 | BQ27: 46.76 | BR27: 55.54 | BS27: 58.63 | BT27: 63.99 | BU27: 75.53 | BV27: 89.14 | BW27: 96 | BX27: 0.17 | BY27: 0.18 | BZ27: 40.18 | CA27: 42.06 | CB27: 54.91 | CC27: 93.10098 | CD27: 96.1 | CE27: 105.98 | CF27: 134.26 | CG27: 145.12 | CH27: 166.15 | CI27: 97.3 | CJ27: 113.4 | CK27: 128.34 | CL27: 248.22 | CM27: 274.28 | CN27: 527.698 | CO27: 649.76 | CP27: 745.06 | CQ27: 890.58 | CR27: 913.4 | CS27: 1095.89 | CT27: 307.6 | CU27: 352.7 | CV27: 375.92 | CW27: 655.68 | CX27: 712.4 | CY27: 1012.4 | CZ27: 1324.59 | DA27: 1498.3 | DB27: 1833.19 | DC27: 2152.6 | DD27: 2568.41 | DE27: 2700 | DF27: 3322 | DG27: 3449.26 | DH27: 3626.4408 | DI27: 3899.9 | DJ27: 4802.09 | DK27: 5223.88 | DL27: 5840.84 | DM27: 6197.74 | DN27: 7345.76 | DO27: 8745.27 | DP27: 5963.6093 | DQ27: 8417.4 | DR27: 9322.0261 | DS27: 10274.522 | DT27: 11727.86 | DU27: 13730.562 | DV27: 16557.6 | DW27: 18824.72 | DX27: 22147.27 | DY27: 26915.38 | DZ27: 31008.38 | EA27: 653630.95
A28: 55255 | B28: 全国 | C28: 2021 | D28: 4.2. 工业 | E28: 热力(万百万千焦) | F28: 512220.94 | I28: 上海市 | J28: 7375.14 | K28: 7295.16 | L28: 6980.93 | M28: 6674.9857 | N28: 6908.33 | O28: 7046.39 | P28: 6833.75 | Q28: 6303.86 | R28: 6762.38 | S28: 6683.27 | T28: 6535.28 | U28: 339.16 | V28: 405.72 | W28: 4271.57 | X28: 4337.87 | Y28: 4395.28 | Z28: 4006.5 | AA28: 3913.83 | AB28: 3986.69 | AC28: 3986.69 | AD28: 4080.87 | AE28: 4467.97 | AF28: 7665.2933 | AG28: 7661.82 | AH28: 11244.981 | AI28: 10199.545 | AJ28: 10439.19 | AK28: 10159.64 | AL28: 9834.33 | AM28: 9189.22 | AN28: 9599.7 | AO28: 9612.32 | AP28: 9799.78 | AV28: 12.79 | AW28: 12.43 | AZ28: 40.39 | BA28: 55.51 | BB28: 7454.331 | BC28: 7471.54 | BD28: 11078.56 | BE28: 10045.077 | BF28: 10248.84 | BG28: 9962.5 | BH28: 9730.99 | BI28: 9075.6 | BJ28: 9544.06 | BK28: 9449.54 | BL28: 9344.2 | BM28: 3.72896 | BN28: 21.12 | BO28: 19.55 | BP28: 15.64 | BQ28: 17.86 | BR28: 17.86 | BS28: 3.44 | BT28: 3.62 | BU28: 5.4 | BV28: 6.46 | BW28: 8.82 | BX28: 69.69 | BY28: 65.69 | BZ28: 59.74 | CA28: 60.135718 | CB28: 55.65 | CC28: 25 | CD28: 3.86 | CE28: 3.93 | CF28: 1.49 | CG28: 1.24 | CH28: 1.52 | CI28: 48.07 | CJ28: 43.21 | CK28: 38.24 | CL28: 33.19232 | CM28: 32.56 | CN28: 16.87 | CO28: 24.92 | CP28: 23.25 | CQ28: 11.82 | CR28: 14.27 | CS28: 63.91 | CT28: 69.11 | CU28: 60.26 | CV28: 48.75 | CW28: 45.322875 | CX28: 83.95 | CY28: 124.62 | CZ28: 58.69 | DA28: 82.82 | DB28: 36.93 | DC28: 30.94 | DD28: 260.82 | DE28: 20.3633 | DG28: 0.1408 | DH28: 0.1765 | DI28: 0.33 | DN28: 69.48 | DO28: 65 | DP28: 7714.2977 | DQ28: 7700.88 | DR28: 11252.5 | DS28: 11012.858 | DT28: 11303.61 | DU28: 11049.56 | DV28: 10747.73 | DW28: 10290.56 | DX28: 10751.52 | DY28: 10764.14 | DZ28: 10992.96 | EA28: 437983.88
A29: 55257 | B29: 全国 | C29: 2021 | D29: 4.3. 建筑业 | E29: 热力(万百万千焦) | F29: 2017.1 | I29: 四川省 | J29: 3779.14 | K29: 3672.75 | L29: 3530.64 | M29: 6213.89 | N29: 4202.57 | O29: 4140.88 | P29: 4660.62 | Q29: 4815.81 | R29: 5744.29 | S29: 7652.13 | T29: 7546.37 | AB29: 4726.28 | AC29: 6521.76 | AD29: 6522.71 | AE29: 6651.31 | AF29: 3776.14 | AG29: 3668.78 | AH29: 3527.84 | AI29: 6208.49 | AJ29: 4187.62 | AK29: 4124.34 | AL29: 4638.77 | AM29: 5998.12 | AN29: 8293.08 | AO29: 10109.4 | AP29: 10041.5 | BB29: 3776.14 | BC29: 3668.78 | BD29: 3527.84 | BE29: 6208.49 | BF29: 4187.62 | BG29: 4124.34 | BH29: 4638.77 | BI29: 5998.12 | BJ29: 8293.08 | BK29: 10109.4 | BL29: 10041.5 | DP29: 3779.14 | DQ29: 3672.75 | DR29: 3530.64 | DS29: 6213.89 | DT29: 4202.57 | DU29: 4140.88 | DV29: 4660.62 | DW29: 9542.08 | DX29: 12266.05 | DY29: 14174.84 | DZ29: 14197.68 | EA29: 289910.45
A30: 55258 | B30: 全国 | C30: 2021 | D30: 4.4. 交通运输、仓储和邮政业 | E30: 热力(万百万千焦) | F30: 4145.52 | I30: 天津市 | J30: 16999.62 | K30: 18958 | L30: 19059 | M30: 19459.8 | N30: 19877.26 | O30: 19820.07 | P30: 20425.22 | Q30: 21414.33 | R30: 22270.9 | S30: 21711.67 | T30: 21158.49 | U30: 210.06 | V30: 302 | W30: 541.81 | X30: 550.69 | Y30: 553.69 | Z30: 497.9 | AA30: 909.7 | AB30: 1178.15 | AC30: 1525.68 | AD30: 2444.78 | AE30: 2024.22 | AF30: 17166.81 | AG30: 19212.29 | AH30: 19360.75 | AI30: 19701.73 | AJ30: 20092.72 | AK30: 20059.73 | AL30: 20818.01 | AM30: 21884.55 | AN30: 23014.01 | AO30: 22738.85 | AP30: 21988.95 | BB30: 8579.47 | BC30: 9697.15 | BD30: 9322.85 | BE30: 9053.27 | BF30: 8600.61 | BG30: 8251.21 | BH30: 8172.49 | BI30: 8442.11 | BJ30: 9534.61 | BK30: 9907.55 | BL30: 9109.08 | BM30: 79.4 | BN30: 75.83 | BO30: 76.97 | BP30: 78.22 | BQ30: 77.87 | BR30: 75.69 | BS30: 77.27 | BT30: 71.16 | BU30: 69.96 | BV30: 72.43 | BW30: 75.76 | BX30: 144.86 | BY30: 146.31 | BZ30: 132.62 | CA30: 151.49 | CB30: 187.95 | CC30: 210.73 | CD30: 299.92 | CE30: 312.42 | CF30: 316.98 | CG30: 336.22 | CH30: 365.47 | CI30: 508.25 | CJ30: 502 | CK30: 347.14 | CL30: 390.31 | CM30: 442.09 | CN30: 363.04 | CO30: 386.46 | CP30: 407.92 | CQ30: 370.47 | CR30: 432.41 | CS30: 422.38 | CT30: 943 | CU30: 1056 | CV30: 1119.36 | CW30: 1301.81 | CX30: 1471.8 | CY30: 1546.3 | CZ30: 1663.51 | DA30: 1784.04 | DB30: 1930.49 | DC30: 2176.82 | DD30: 2309.61 | DE30: 6911.83 | DF30: 7735 | DG30: 8361.81 | DH30: 8726.63 | DI30: 9312.4 | DJ30: 9612.76 | DK30: 10218.36 | DL30: 10866.9 | DM30: 10791.5 | DN30: 9813.42 | DO30: 9706.65 | DP30: 17208.81 | DQ30: 19260.29 | DR30: 19600.81 | DS30: 20010.49 | DT30: 20430.95 | DU30: 20317.97 | DV30: 21334.92 | DW30: 22592.48 | DX30: 23796.58 | DY30: 24156.45 | DZ30: 23182.71 | EA30: 915862.3
A31: 55259 | B31: 全国 | C31: 2021 | D31: 4.5. 批发、零售业和住宿、餐饮业 | E31: 热力(万百万千焦) | F31: 11845.87 | I31: 新疆维吾尔自治区 | J31: 21898.57 | K31: 22044.69 | L31: 28331.56 | M31: 28294.93 | N31: 32556.61 | O31: 35741.06 | P31: 40042.11 | Q31: 48728.67 | R31: 52961.83 | S31: 57507.43 | T31: 68616.68 | V31: 651.89 | Z31: 862.24 | AA31: 1025.15 | AB31: 2029.88 | AC31: 4205.91 | AD31: 4732.5 | AE31: 7180.93 | AF31: 21898.57 | AG31: 22696.58 | AH31: 27428.51 | AI31: 27411.01 | AJ31: 31648.67 | AK31: 35749.27 | AL31: 39949.6 | AM31: 49677.03 | AN31: 53870.01 | AO31: 58393.2 | AP31: 71125.33 | AQ31: 10 | AV31: 108 | AW31: 110 | AX31: 20 | AY31: 20 | AZ31: 20.9 | BA31: 22.55 | BB31: 9513 | BC31: 9627.77 | BD31: 11354.88 | BE31: 11162.03 | BF31: 13036.12 | BG31: 13534.53 | BH31: 16732.19 | BI31: 23632.13 | BJ31: 26432.97 | BK31: 29674.07 | BL31: 38622.04 | BM31: 30 | BN31: 30 | BO31: 28 | BP31: 28 | BQ31: 28.7 | BR31: 34.3 | BS31: 32.3 | BT31: 32.3 | BU31: 32.3 | BV31: 33.31 | BW31: 35.24 | BX31: 39 | BY31: 39 | BZ31: 80 | CA31: 70.01 | CB31: 89 | CC31: 90 | CD31: 100 | CE31: 110 | CF31: 110 | CG31: 127.49 | CH31: 145.98 | CI31: 123.3 | CJ31: 120 | CK31: 320 | CL31: 300.2 | CM31: 400.33 | CN31: 3743.2 | CO31: 3843.2 | CP31: 3843.2 | CQ31: 3843.2 | CR31: 4063.11 | CS31: 4473.48 | CT31: 80 | CU31: 84 | CV31: 134 | CW31: 134.4 | CX31: 177 | CY31: 3415 | CZ31: 3515 | DA31: 4448.68 | DB31: 4448.68 | DC31: 4687.49 | DD31: 4940.6 | DE31: 12103.27 | DF31: 12795.81 | DG31: 15511.63 | DH31: 15716.37 | DI31: 17917.52 | DJ31: 14824.24 | DK31: 15616.91 | DL31: 17590.72 | DM31: 18982.86 | DN31: 19786.83 | DO31: 22885.44 | DP31: 21898.57 | DQ31: 22696.58 | DR31: 28331.56 | DS31: 28294.93 | DT31: 32556.61 | DU31: 36603.3 | DV31: 41067.26 | DW31: 50758.55 | DX31: 57167.74 | DY31: 62239.93 | DZ31: 75797.61 | EA31: 1794520.8
A32: 55260 | B32: 全国 | C32: 2021 | D32: 4.6. 其他 | E32: 热力(万百万千焦) | F32: 22113.43 | I32: 云南省 | J32: 507.07 | K32: 485.41 | L32: 441.9213 | M32: 421.97 | N32: 304.12 | O32: 380.15 | P32: 856.9 | Q32: 1167.86 | R32: 1264.02 | S32: 1393.61 | T32: 1599.32 | U32: 1924.78 | V32: 1942.62 | W32: 1436.75 | X32: 1682.7077 | Y32: 2286.44 | Z32: 3439.76 | AA32: 3483.49 | AB32: 4353.88 | AC32: 4961.03 | AD32: 5609.13 | AE32: 6462.48 | AF32: 1167.61 | AG32: 1197.38 | AH32: 614.0739 | AI32: 598.55774 | AJ32: 543.12 | AK32: 426.2079 | AL32: 876.36 | AM32: 1134.06 | AN32: 1470.31 | AO32: 1899.09 | AP32: 2557.8 | BB32: 1166.11 | BC32: 1195.47 | BD32: 611.9729 | BE32: 595.88655 | BF32: 540.4 | BG32: 423.38 | BH32: 873.4 | BI32: 1131.02 | BJ32: 1467.18 | BK32: 1897.02 | BL32: 2555.8 | CJ32: 1.91 | CK32: 2.101 | CL32: 2.6711886 | CM32: 2.73 | CN32: 2.8279005 | CO32: 2.96 | CP32: 3.04 | CQ32: 3.13 | CR32: 1.01 | CS32: 1 | CT32: 1.5 | DC32: 1.06 | DD32: 1 | DP32: 2431.84 | DQ32: 2428.03 | DR32: 1878.6739 | DS32: 2104.6777 | DT32: 2604.41 | DU32: 3832.9679 | DV32: 4353.78 | DW32: 5536.24 | DX32: 6232.61 | DY32: 7002.74 | DZ32: 8061.8 | EA32: 117842.34
A33: 55261 | B33: 全国 | C33: 2021 | D33: 4.7. 生活消费 | E33: 热力(万百万千焦) | F33: 158018.24 | I33: 浙江省 | J33: 43278.4 | K33: 44157.65 | L33: 38851.968 | M33: 39043.813 | N33: 43645.78 | O33: 48084.091 | P33: 51964.95 | Q33: 57042.25 | R33: 58537.79 | S33: 56658.85 | T33: 61189.37 | U33: 3547.7927 | V33: 4150.73 | W33: 4066.7713 | X33: 5045.2945 | Y33: 5399.68 | Z33: 5242.5958 | AA33: 5411.13 | AB33: 6470.19 | AC33: 7843.28 | AD33: 8511.99 | AE33: 10538.04 | AF33: 41965.776 | AG33: 43327.95 | AH33: 38291.768 | AI33: 39044.162 | AJ33: 43687.75 | AK33: 47393.253 | AL33: 51404.21 | AM33: 56501.24 | AN33: 58549.17 | AO33: 56977.39 | AP33: 62271.79 | BB33: 34665.776 | BC33: 36271.18 | BD33: 33808.276 | BE33: 34585.595 | BF33: 38926.75 | BG33: 42481.245 | BH33: 46105.31 | BI33: 50903.11 | BJ33: 52925.9 | BK33: 51329.65 | BL33: 57824.04 | BX33: 7 | BY33: 4.77 | BZ33: 4.4921 | CA33: 8.5671 | CB33: 11 | CC33: 4.6679 | CD33: 3.9 | CE33: 3.13 | CF33: 3.27 | CG33: 2.74 | CH33: 2.74 | CI33: 5593 | CJ33: 5534 | CK33: 3395 | CL33: 3300 | CM33: 3500 | CN33: 3607.34 | CO33: 3845 | CP33: 4045 | CQ33: 4060 | CR33: 4070 | CS33: 3070.01 | CT33: 1700 | CU33: 1518 | CV33: 1084 | CW33: 1150 | CX33: 1250 | CY33: 1300 | CZ33: 1450 | DA33: 1550 | DB33: 1560 | DC33: 1575 | DD33: 1375 | DP33: 46826.161 | DQ33: 48308.39 | DR33: 42918.74 | DS33: 44089.106 | DT33: 49045.46 | DU33: 53326.691 | DV33: 57376.08 | DW33: 63512.43 | DX33: 66381.07 | DY33: 65170.84 | DZ33: 71727.41 | EA33: 2296193.7
A34: 55265 | B34: 全国 | C34: 2021 | D34: 6. 消费量合计 | E34: 热力(万百万千焦) | F34: 852046.06 | I34: 重庆市 | J34: 2651.1007 | K34: 4101.96 | L34: 4225.95 | M34: 4447.59 | N34: 4325.1 | O34: 4596.73 | P34: 4979.8 | Q34: 5109.17 | R34: 5255.99 | S34: 5366.22 | T34: 7549.11 | U34: 533.36 | V34: 1509.46 | W34: 1947.16 | X34: 1858.53 | Y34: 1390.2 | Z34: 1281.96 | AB34: 2168.67 | AC34: 2798.64 | AD34: 2708.9 | AE34: 3711.19 | AF34: 2608.779 | AG34: 5487.84 | AH34: 3601.83 | AI34: 4167.53 | AJ34: 3726.62 | AK34: 4034.53 | AL34: 3082.86 | AM34: 4951.35 | AN34: 5350.3 | AO34: 5366.22 | AP34: 7655.09 | BB34: 2608.779 | BC34: 5487.84 | BD34: 3601.83 | BE34: 4167.53 | BF34: 3726.62 | BG34: 4034.53 | BH34: 3082.86 | BI34: 4951.35 | BJ34: 5350.3 | BK34: 5366.22 | BL34: 7655.09 | DP34: 3184.4602 | DQ34: 5611.42 | DR34: 6173.11 | DS34: 6306.12 | DT34: 5715.3 | DU34: 5878.69 | DV34: 4979.8 | DW34: 7277.83 | DX34: 8054.63 | DY34: 8075.12 | DZ34: 11260.3 | EA34: 245099.47
A35: 55277 | B35: 内蒙古自治区 | C35: 2021 | D35: 2.2. 供热 | E35: 热力(万百万千焦) | F35: 66287.7 | I35: 总计 | J35: 797162.18 | K35: 845718.62 | L35: 897873.93 | M35: 921200.17 | N35: 981220.58 | O35: 1047403.8 | P35: 1123813.3 | Q35: 1279853.5 | R35: 1379234.7 | S35: 1494648.9 | T35: 1690100 | U35: 60753.312 | V35: 84250.14 | W35: 121922.52 | X35: 138984.74 | Y35: 145271.65 | Z35: 158444.28 | AA35: 164678.11 | AB35: 259552.99 | AC35: 258157.47 | AD35: 286864 | AE35: 324347.04 | AF35: 798920.94 | AG35: 856390.71 | AH35: 916103.87 | AI35: 935110.5 | AJ35: 992966.9 | AK35: 1066581.2 | AL35: 1132395.6 | AM35: 1335007.7 | AN35: 1401740.5 | AO35: 1506333.6 | AP35: 1718343.7 | AQ35: 785.95 | AR35: 954.93 | AS35: 830.42755 | AT35: 128.72112 | AU35: 246.06 | AV35: 398.42 | AW35: 509.83 | AX35: 136.78 | AY35: 139.76 | AZ35: 223.78 | BA35: 281.8 | BB35: 561012.12 | BC35: 594121.6 | BD35: 649462.38 | BE35: 650371.33 | BF35: 680658.02 | BG35: 727981.96 | BH35: 771117.95 | BI35: 898546.15 | BJ35: 943493.47 | BK35: 1005380.9 | BL35: 1179887.5 | BM35: 2296.5857 | BN35: 2530.27 | BO35: 2247.7331 | BP35: 2347.9533 | BQ35: 2615.7 | BR35: 2744.775 | BS35: 3067.33 | BT35: 7734.96 | BU35: 7726.17 | BV35: 4997.24 | BW35: 5214.38 | BX35: 5761.8082 | BY35: 7291.22 | BZ35: 6162.687 | CA35: 6129.4625 | CB35: 7376.56 | CC35: 6854.9073 | CD35: 7953.81 | CE35: 10771.15 | CF35: 11453.7 | CG35: 13984.54 | CH35: 14662.89 | CI35: 21208.927 | CJ35: 23481.45 | CK35: 19773.113 | CL35: 22371.59 | CM35: 23867.77 | CN35: 28834.869 | CO35: 30496.58 | CP35: 38872.03 | CQ35: 41348.14 | CR35: 45133.18 | CS35: 51381.19 | CT35: 29708.788 | CU35: 31555.9 | CV35: 30794.905 | CW35: 34861.474 | CX35: 41298.79 | CY35: 49959.609 | CZ35: 49921.06 | DA35: 67359.04 | DB35: 67688.87 | DC35: 74671.47 | DD35: 77857.75 | DE35: 178146.77 | DF35: 196455.32 | DG35: 206832.63 | DH35: 218899.97 | DI35: 236904 | DJ35: 249806.65 | DK35: 269329.07 | DL35: 311587.53 | DM35: 329890.34 | DN35: 361942.46 | DO35: 389058.16 | DP35: 862500.15 | DQ35: 932634.99 | DR35: 1021693 | DS35: 1061736.4 | DT35: 1127539.2 | DU35: 1206537.3 | DV35: 1285103.2 | DW35: 1539880 | DX35: 1637119.8 | DY35: 1776479.6 | DZ35: 2008603.1 | EA35: 54241073
A36: 55286 | B36: 内蒙古自治区 | C36: 2021 | D36: 2.9. 回收能 | E36: 热力(万百万千焦) | F36: 11435.51
A37: 55288 | B37: 内蒙古自治区 | C37: 2021 | D37: 4. 终端消费量 | E37: 热力(万百万千焦) | F37: 71320.28
A38: 55289 | B38: 内蒙古自治区 | C38: 2021 | D38: 4.1. 农、林、牧、渔业 | E38: 热力(万百万千焦) | F38: 49.97
A39: 55290 | B39: 内蒙古自治区 | C39: 2021 | D39: 4.2. 工业 | E39: 热力(万百万千焦) | F39: 28046.87
A40: 55292 | B40: 内蒙古自治区 | C40: 2021 | D40: 4.3. 建筑业 | E40: 热力(万百万千焦) | F40: 270.08
A41: 55293 | B41: 内蒙古自治区 | C41: 2021 | D41: 4.4. 交通运输、仓储和邮政业 | E41: 热力(万百万千焦) | F41: 423.64
A42: 55294 | B42: 内蒙古自治区 | C42: 2021 | D42: 4.5. 批发、零售业和住宿、餐饮业 | E42: 热力(万百万千焦) | F42: 4550.59
A43: 55295 | B43: 内蒙古自治区 | C43: 2021 | D43: 4.6. 其他 | E43: 热力(万百万千焦) | F43: 5957.52
A44: 55296 | B44: 内蒙古自治区 | C44: 2021 | D44: 4.7. 生活消费 | E44: 热力(万百万千焦) | F44: 32021.61
A45: 55300 | B45: 内蒙古自治区 | C45: 2021 | D45: 6. 消费量合计 | E45: 热力(万百万千焦) | F45: 77487.53
A46: 55312 | B46: 北京市 | C46: 2021 | D46: 2.2. 供热 | E46: 热力(万百万千焦) | F46: 19178.12
A47: 55321 | B47: 北京市 | C47: 2021 | D47: 2.9. 回收能 | E47: 热力(万百万千焦) | F47: 362.66
A48: 55323 | B48: 北京市 | C48: 2021 | D48: 4. 终端消费量 | E48: 热力(万百万千焦) | F48: 20064.83
A49: 55324 | B49: 北京市 | C49: 2021 | D49: 4.1. 农、林、牧、渔业 | E49: 热力(万百万千焦)
A50: 55325 | B50: 北京市 | C50: 2021 | D50: 4.2. 工业 | E50: 热力(万百万千焦) | F50: 4366.32
A51: 55327 | B51: 北京市 | C51: 2021 | D51: 4.3. 建筑业 | E51: 热力(万百万千焦) | F51: 127.72
A52: 55328 | B52: 北京市 | C52: 2021 | D52: 4.4. 交通运输、仓储和邮政业 | E52: 热力(万百万千焦) | F52: 600.49
A53: 55329 | B53: 北京市 | C53: 2021 | D53: 4.5. 批发、零售业和住宿、餐饮业 | E53: 热力(万百万千焦) | F53: 1248.91
A54: 55330 | B54: 北京市 | C54: 2021 | D54: 4.6. 其他 | E54: 热力(万百万千焦) | F54: 8131.4
A55: 55331 | B55: 北京市 | C55: 2021 | D55: 4.7. 生活消费 | E55: 热力(万百万千焦) | F55: 5590
A56: 55335 | B56: 北京市 | C56: 2021 | D56: 6. 消费量合计 | E56: 热力(万百万千焦) | F56: 20393.36
A57: 55347 | B57: 吉林省 | C57: 2021 | D57: 2.2. 供热 | E57: 热力(万百万千焦) | F57: 35537.2
A58: 55356 | B58: 吉林省 | C58: 2021 | D58: 2.9. 回收能 | E58: 热力(万百万千焦) | F58: 1323.23
A59: 55358 | B59: 吉林省 | C59: 2021 | D59: 4. 终端消费量 | E59: 热力(万百万千焦) | F59: 32996.85
A60: 55359 | B60: 吉林省 | C60: 2021 | D60: 4.1. 农、林、牧、渔业 | E60: 热力(万百万千焦)
A61: 55360 | B61: 吉林省 | C61: 2021 | D61: 4.2. 工业 | E61: 热力(万百万千焦) | F61: 13113.53
A62: 55362 | B62: 吉林省 | C62: 2021 | D62: 4.3. 建筑业 | E62: 热力(万百万千焦) | F62: 1240
A63: 55363 | B63: 吉林省 | C63: 2021 | D63: 4.4. 交通运输、仓储和邮政业 | E63: 热力(万百万千焦) | F63: 1699.73
A64: 55364 | B64: 吉林省 | C64: 2021 | D64: 4.5. 批发、零售业和住宿、餐饮业 | E64: 热力(万百万千焦) | F64: 1545.66
A65: 55365 | B65: 吉林省 | C65: 2021 | D65: 4.6. 其他 | E65: 热力(万百万千焦) | F65: 6066.68
A66: 55366 | B66: 吉林省 | C66: 2021 | D66: 4.7. 生活消费 | E66: 热力(万百万千焦) | F66: 9331.25
A67: 55370 | B67: 吉林省 | C67: 2021 | D67: 6. 消费量合计 | E67: 热力(万百万千焦) | F67: 36860.43
A68: 55382 | B68: 四川省 | C68: 2021 | D68: 2.2. 供热 | E68: 热力(万百万千焦) | F68: 7546.37
A69: 55391 | B69: 四川省 | C69: 2021 | D69: 2.9. 回收能 | E69: 热力(万百万千焦) | F69: 6651.31
A70: 55393 | B70: 四川省 | C70: 2021 | D70: 4. 终端消费量 | E70: 热力(万百万千焦) | F70: 10041.5
A71: 55394 | B71: 四川省 | C71: 2021 | D71: 4.1. 农、林、牧、渔业 | E71: 热力(万百万千焦)
A72: 55395 | B72: 四川省 | C72: 2021 | D72: 4.2. 工业 | E72: 热力(万百万千焦) | F72: 10041.5
A73: 55397 | B73: 四川省 | C73: 2021 | D73: 4.3. 建筑业 | E73: 热力(万百万千焦)
A74: 55398 | B74: 四川省 | C74: 2021 | D74: 4.4. 交通运输、仓储和邮政业 | E74: 热力(万百万千焦)
A75: 55399 | B75: 四川省 | C75: 2021 | D75: 4.5. 批发、零售业和住宿、餐饮业 | E75: 热力(万百万千焦)
A76: 55400 | B76: 四川省 | C76: 2021 | D76: 4.6. 其他 | E76: 热力(万百万千焦)
A77: 55401 | B77: 四川省 | C77: 2021 | D77: 4.7. 生活消费 | E77: 热力(万百万千焦)
A78: 55405 | B78: 四川省 | C78: 2021 | D78: 6. 消费量合计 | E78: 热力(万百万千焦) | F78: 14197.68
A79: 55417 | B79: 天津市 | C79: 2021 | D79: 2.2. 供热 | E79: 热力(万百万千焦) | F79: 21158.49
A80: 55426 | B80: 天津市 | C80: 2021 | D80: 2.9. 回收能 | E80: 热力(万百万千焦) | F80: 2024.22
A81: 55428 | B81: 天津市 | C81: 2021 | D81: 4. 终端消费量 | E81: 热力(万百万千焦) | F81: 21988.95
A82: 55429 | B82: 天津市 | C82: 2021 | D82: 4.1. 农、林、牧、渔业 | E82: 热力(万百万千焦)
A83: 55430 | B83: 天津市 | C83: 2021 | D83: 4.2. 工业 | E83: 热力(万百万千焦) | F83: 9109.08
A84: 55432 | B84: 天津市 | C84: 2021 | D84: 4.3. 建筑业 | E84: 热力(万百万千焦) | F84: 75.76
A85: 55433 | B85: 天津市 | C85: 2021 | D85: 4.4. 交通运输、仓储和邮政业 | E85: 热力(万百万千焦) | F85: 365.47
A86: 55434 | B86: 天津市 | C86: 2021 | D86: 4.5. 批发、零售业和住宿、餐饮业 | E86: 热力(万百万千焦) | F86: 422.38
A87: 55435 | B87: 天津市 | C87: 2021 | D87: 4.6. 其他 | E87: 热力(万百万千焦) | F87: 2309.61
A88: 55436 | B88: 天津市 | C88: 2021 | D88: 4.7. 生活消费 | E88: 热力(万百万千焦) | F88: 9706.65
A89: 55440 | B89: 天津市 | C89: 2021 | D89: 6. 消费量合计 | E89: 热力(万百万千焦) | F89: 23182.71
A90: 55452 | B90: 宁夏回族自治区 | C90: 2021 | D90: 2.2. 供热 | E90: 热力(万百万千焦) | F90: 16011.02
A91: 55461 | B91: 宁夏回族自治区 | C91: 2021 | D91: 2.9. 回收能 | E91: 热力(万百万千焦) | F91: 2674.97
A92: 55463 | B92: 宁夏回族自治区 | C92: 2021 | D92: 4. 终端消费量 | E92: 热力(万百万千焦) | F92: 17989.02
A93: 55464 | B93: 宁夏回族自治区 | C93: 2021 | D93: 4.1. 农、林、牧、渔业 | E93: 热力(万百万千焦)
A94: 55465 | B94: 宁夏回族自治区 | C94: 2021 | D94: 4.2. 工业 | E94: 热力(万百万千焦) | F94: 14538.43
A95: 55467 | B95: 宁夏回族自治区 | C95: 2021 | D95: 4.3. 建筑业 | E95: 热力(万百万千焦) | F95: 103.44
A96: 55468 | B96: 宁夏回族自治区 | C96: 2021 | D96: 4.4. 交通运输、仓储和邮政业 | E96: 热力(万百万千焦) | F96: 25.01
A97: 55469 | B97: 宁夏回族自治区 | C97: 2021 | D97: 4.5. 批发、零售业和住宿、餐饮业 | E97: 热力(万百万千焦) | F97: 511.68
A98: 55470 | B98: 宁夏回族自治区 | C98: 2021 | D98: 4.6. 其他 | E98: 热力(万百万千焦) | F98: 808.95
A99: 55471 | B99: 宁夏回族自治区 | C99: 2021 | D99: 4.7. 生活消费 | E99: 热力(万百万千焦) | F99: 2001.51
A100: 55475 | B100: 宁夏回族自治区 | C100: 2021 | D100: 6. 消费量合计 | E100: 热力(万百万千焦) | F100: 18685.99
...

Sheet Statistical Yearbook Data
A1: 地区 | B1: 年份 | C1: 热值/万吉焦 | F1: 求和项:热值/万吉焦 | G1: 列标签
A2: 北京市 | B2: 2020 | C2: 19189 | F2: 行标签 | G2: 2011 | H2: 2012 | I2: 2013 | J2: 2014 | K2: 2015 | L2: 2016 | M2: 2017 | N2: 2018 | O2: 2019 | P2: 2020 | Q2: 2021 | R2: 总计
A3: 天津市 | B3: 2020 | C3: 18139 | F3: 安徽省 | G3: 2602 | H3: 2911 | I3: 3111 | J3: 2916 | K3: 2987 | L3: 1526 | M3: 1592 | N3: 1311 | O3: 3280 | P3: 3466 | Q3: 3892 | R3: 29594
A4: 河北省 | B4: 2020 | C4: 35097 | F4: 北京市 | G4: 36028 | H4: 35511 | I4: 34128 | J4: 35466 | K4: 36023 | L4: 37734 | M4: 25043 | N4: 20350 | O4: 18995 | P4: 19189 | Q4: 19614 | R4: 318081
A5: 山西省 | B5: 2020 | C5: 26754 | F5: 福建省 | G5: 0 | H5: 0 | I5: 0 | J5: 0 | K5: 0 | L5: 0 | M5: 0 | N5: 0 | O5: 0 | P5: 0 | Q5: 0 | R5: 0
A6: 内蒙古自治区 | B6: 2020 | C6: 35659 | F6: 甘肃省 | G6: 0 | H6: 7874 | I6: 12450 | J6: 9263 | K6: 9160 | L6: 10259 | M6: 10787 | N6: 11101 | O6: 12498 | P6: 12967 | Q6: 12783 | R6: 109142
A7: 辽宁省 | B7: 2020 | C7: 63191 | F7: 广东省 | G7: 0 | H7: 0 | I7: 0 | J7: 0 | K7: 0 | L7: 0 | M7: 0 | N7: 0 | O7: 0 | P7: 0 | Q7: 0 | R7: 0
A8: 吉林省 | B8: 2020 | C8: 28554 | F8: 广西壮族自治区 | G8: 0 | H8: 0 | I8: 0 | J8: 0 | K8: 0 | L8: 0 | M8: 0 | N8: 0 | O8: 0 | P8: 0 | Q8: 0 | R8: 0
A9: 黑龙江省 | B9: 2020 | C9: 45385 | F9: 贵州省 | G9: 0 | H9: 0 | I9: 0 | J9: 0 | K9: 0 | L9: 0 | M9: 0 | N9: 0 | O9: 0 | P9: 0 | Q9: 57 | R9: 57
A10: 上海市 | B10: 2020 | C10: 0 | F10: 海南省 | G10: 0 | H10: 0 | I10: 0 | J10: 0 | K10: 0 | L10: 0 | M10: 0 | N10: 0 | O10: 0 | P10: 0 | Q10: 0 | R10: 0
A11: 江苏省 | B11: 2020 | C11: 0 | F11: 河北省 | G11: 22806 | H11: 22687 | I11: 23329 | J11: 24828 | K11: 26334 | L11: 28143 | M11: 29607 | N11: 34218 | O11: 35022 | P11: 35097 | Q11: 35372 | R11: 317443
A12: 浙江省 | B12: 2020 | C12: 0 | F12: 河南省 | G12: 6091 | H12: 6192 | I12: 6853 | J12: 8722 | K12: 9373 | L12: 10511 | M12: 12647 | N12: 14956 | O12: 16620 | P12: 19524 | Q12: 18722 | R12: 130211
A13: 安徽省 | B13: 2020 | C13: 3466 | F13: 黑龙江省 | G13: 29118 | H13: 30269 | I13: 35411 | J13: 37979 | K13: 39182 | L13: 40467 | M13: 42496 | N13: 43182 | O13: 43680 | P13: 45385 | Q13: 46218 | R13: 433387
A14: 福建省 | B14: 2020 | C14: 0 | F14: 湖北省 | G14: 784 | H14: 934 | I14: 1012 | J14: 1323 | K14: 1785 | L14: 0 | M14: 749 | N14: 696 | O14: 756 | P14: 1036 | Q14: 1637 | R14: 10712
... A34: 天津市 | B34: 2019 | C34: 17688 | F34: 总计 | G34: 269452 | H34: 289514 | I34: 319284 | J34: 320749 | K34: 345913 | L34: 357840 | M34: 363029 | N34: 375840 | O34: 387281 | P34: 404398 | Q34: 425878 | R34: 3859178
A35: 河北省 | B35: 2019 | C35: 35022
A36: 山西省 | B36: 2019 | C36: 24935
A37: 内蒙古自治区 | B37: 2019 | C37: 33943
A38: 辽宁省 | B38: 2019 | C38: 57475
A39: 吉林省 | B39: 2019 | C39: 27466
A40: 黑龙江省 | B40: 2019 | C40: 43680
A41: 上海市 | B41: 2019 | C41: 0
A42: 江苏省 | B42: 2019 | C42: 0
A43: 浙江省 | B43: 2019 | C43: 0
A44: 安徽省 | B44: 2019 | C44: 3280
A45: 福建省 | B45: 2019 | C45: 0
A46: 江西省 | B46: 2019 | C46: 0
... A652: 新疆维吾尔自治区 | B652: 2021 | C652: 24458

Sheet CHP Data
C1: CHP Capacity | N1: CHP Heat Generation | Y1: Electricity self-consumed by CHP | AJ1: Electricity consumed internally per unit heat generated | AU1: standard coal equivalent energy use per unit heat generated | BF1: coal consumption | BQ1: standard coal equivalent consumption
C2: (10 MW) | N2: (Giga Joule) | Y2: (10MWh) | AJ2: (KWh/GJ) | AU2: (kgce/GJ) | BF2: (10000ton) | BQ2: (10000tce)
C3: 2011 | D3: 2012 | E3: 2013 | F3: 2014 | G3: 2015 | H3: 2016 | I3: 2017 | J3: 2018 | K3: 2019 | L3: 2020 | M3: 2021 | N3: 2011 | O3: 2012 | P3: 2013 | Q3: 2014 | R3: 2015 | S3: 2016 | T3: 2017 | U3: 2018 | V3: 2019 | W3: 2020 | X3: 2021 | Y3: 2011 | Z3: 2012 | AA3: 2013 | AB3: 2014 | AC3: 2015 | AD3: 2016 | AE3: 2017 | AF3: 2018 | AG3: 2019 | AH3: 2020 | AI3: 2021 | AJ3: 2011 | AK3: 2012 | AL3: 2013 | AM3: 2014 | AN3: 2015 | AO3: 2016 | AP3: 2017 | AQ3: 2018 | AR3: 2019 | AS3: 2020 | AT3: 2021 | AU3: 2011 | AV3: 2012 | AW3: 2013 | AX3: 2014 | AY3: 2015 | AZ3: 2016 | BA3: 2017 | BB3: 2018 | BC3: 2019 | BD3: 2020 | BE3: 2021 | BF3: 2011 | BG3: 2012 | BH3: 2013 | BI3: 2014 | BJ3: 2015 | BK3: 2016 | BL3: 2017 | BM3: 2018 | BN3: 2019 | BO3: 2020 | BP3: 2021 | BQ3: 2011 | BR3: 2012 | BS3: 2013 | BT3: 2014 | BU3: 2015 | BV3: 2016 | BW3: 2017 | BX3: 2018 | BY3: 2019 | BZ3: 2020 | CA3: 2021
B4: 地区 | C4: 供热容量（万千瓦） | D4: 供热容量（万千瓦） | E4: 供热容量（万千瓦） | F4: 供热容量（万千瓦） | G4: 供热容量（万千瓦） | H4: 供热容量（万千瓦） | I4: 供热容量（万千瓦） | J4: 供热容量（万千瓦） | K4: 供热容量（万千瓦） | L4: 供热容量（万千瓦） | M4: 供热容量（万千瓦） | N4: 供热量（吉焦） | O4: 供热量（吉焦） | P4: 供热量（吉焦） | Q4: 供热量（吉焦） | R4: 供热量（吉焦） | S4: 供热量（吉焦） | T4: 供热量（吉焦） | U4: 供热量（吉焦） | V4: 供热量（吉焦） | W4: 供热量（吉焦） | X4: 供热量（吉焦） | Y4: 厂用电量（万千瓦时） | Z4: 厂用电量（万千瓦时） | AA4: 厂用电量（万千瓦时） | AB4: 厂用电量（万千瓦时） | AC4: 厂用电量（万千瓦时） | AD4: 厂用电量（万千瓦时） | AE4: 厂用电量（万千瓦时） | AF4: 厂用电量（万千瓦时） | AG4: 厂用电量（万千瓦时） | AH4: 厂用电量（万千瓦时） | AI4: 厂用电量（万千瓦时） | AJ4: 厂用电率（千瓦时/吉焦） | AK4: 厂用电率（千瓦时/吉焦） | AL4: 厂用电率（千瓦时/吉焦） | AM4: 厂用电率（千瓦时/吉焦） | AN4: 厂用电率（千瓦时/吉焦） | AO4: 厂用电率（千瓦时/吉焦） | AP4: 厂用电率（千瓦时/吉焦） | AQ4: 厂用电率（千瓦时/吉焦） | AR4: 厂用电率（千瓦时/吉焦） | AS4: 厂用电率（千瓦时/吉焦） | AT4: 厂用电率（千瓦时/吉焦） | AU4: 供热标准煤耗（千克/吉焦） | AV4: 供热标准煤耗（千克/吉焦） | AW4: 供热标准煤耗（千克/吉焦） | AX4: 供热标准煤耗（千克/吉焦） | AY4: 供热标准煤耗（千克/吉焦） | AZ4: 供热标准煤耗（千克/吉焦） | BA4: 供热标准煤耗（千克/吉焦） | BB4: 供热标准煤耗（千克/吉焦） | BC4: 供热标准煤耗（千克/吉焦） | BD4: 供热标准煤耗（千克/吉焦） | BE4: 供热标准煤耗（千克/吉焦） | BF4: 供热消耗原煤量（万吨） | BG4: 供热消耗原煤量（万吨） | BH4: 供热消耗原煤量（万吨） | BI4: 供热消耗原煤量（万吨） | BJ4: 供热消耗原煤量（万吨） | BK4: 供热消耗原煤量（万吨） | BL4: 供热消耗原煤量（万吨） | BM4: 供热消耗原煤量（万吨） | BN4: 供热消耗原煤量（万吨） | BO4: 供热消耗原煤量（万吨） | BP4: 供热消耗原煤量（万吨） | BQ4: 供热消耗标煤量（万吨） | BR4: 供热消耗标煤量（万吨） | BS4: 供热消耗标煤量（万吨） | BT4: 供热消耗标煤量（万吨） | BU4: 供热消耗标煤量（万吨） | BV4: 供热消耗标煤量（万吨） | BW4: 供热消耗标煤量（万吨） | BX4: 供热消耗标煤量（万吨） | BY4: 供热消耗标煤量（万吨） | BZ4: 供热消耗标煤量（万吨） | CA4: 供热消耗标煤量（万吨）
B5: 全国 | C5: 20387 | D5: 22075 | E5: 25182 | F5: 28326 | G5: 37309 | H5: 39105 | I5: 43526 | J5: 47061 | K5: 51990 | L5: 56294 | M5: 58302 | N5: 2978593002 | O5: 3077491786 | P5: 3241281590 | Q5: 3183615663 | R5: 3680121603 | S5: 3858555683 | T5: 4210843577 | U5: 4806252247 | V5: 4924924957 | W5: 5194217689 | X5: 5671140000 | Y5: 2306812 | Z5: 2515232 | AA5: 2658640 | AB5: 2631513 | AC5: 3091313 | AD5: 4391670 | AE5: 6450871 | AF5: 4234862 | AG5: 4215935 | AH5: 4492756 | AI5: 4966876 | AJ5: 7.7 | AK5: 8.2 | AL5: 8.2 | AM5: 8.3 | AN5: 8.4 | AO5: 11.4 | AP5: 15.3 | AQ5: 8.8 | AR5: 8.6 | AS5: 8.6 | AT5: 8.8 | AU5: 39.8 | AV5: 39.8 | AW5: 39.6 | AX5: 38.7 | AY5: 39.1 | AZ5: 38.9 | BA5: 39.2 | BB5: 37.7 | BC5: 39.5 | BD5: 43.7 | BE5: 39 | BF5: 18262 | BG5: 12247 | BH5: 19168 | BI5: 18631 | BJ5: 21104 | BK5: 22275 | BL5: 24248 | BM5: 27523 | BN5: 29227 | BO5: 29710 | BP5: 33336 | BQ5: 11854 | BR5: 18447 | BS5: 12834 | BT5: 12310 | BU5: 14405 | BV5: 15019 | BW5: 16519 | BX5: 18104 | BY5: 19463 | BZ5: 22678 | CA5: 22132
B6: 北京 | C6: 417 | D6: 456 | E6: 487 | F6: 635 | G6: 690 | H6: 690 | I6: 721 | J6: 721 | K6: 692 | L6: 672 | M6: 672 | N6: 79307581 | O6: 81831444 | P6: 75083461 | Q6: 75630662 | R6: 78308097 | S6: 77396957 | T6: 76972628 | U6: 81550005 | V6: 79503079 | W6: 82930755 | X6: 79620000 | Y6: 66546 | Z6: 70776 | AA6: 64781 | AB6: 64997 | AC6: 62393 | AD6: 46307 | AE6: 45312 | AF6: 53006 | AG6: 48971 | AH6: 51317 | AI6: 46592 | AJ6: 8.4 | AK6: 8.7 | AL6: 8.6 | AM6: 8.6 | AN6: 8 | AO6: 6 | AP6: 5.9 | AQ6: 6.5 | AR6: 6.2 | AS6: 6.2 | AT6: 5.9 | AU6: 38.2 | AV6: 38.5 | AW6: 57.7 | AX6: 39.4 | AY6: 38.4 | AZ6: 38 | BA6: 38 | BB6: 38 | BC6: 38.2 | BD6: 38 | BE6: 38.5 | BF6: 276 | BG6: 315 | BH6: 268 | BI6: 232 | BJ6: 186 | BK6: 126 | BL6: 75 | BM6: 82 | BN6: 50 | BO6: 37 | BP6: 49 | BQ6: 303 | BR6: 284 | BS6: 434 | BT6: 298 | BU6: 300 | BV6: 294 | BW6: 293 | BX6: 310 | BY6: 304 | BZ6: 315 | CA6: 306
B7: 天津 | C7: 634 | D7: 635 | E7: 735 | F7: 946 | G7: 895 | H7: 989 | I7: 1014 | J7: 1304 | K7: 1489 | L7: 1489 | M7: 1550 | N7: 73513290 | O7: 71179699 | P7: 74768662 | Q7: 73101883 | R7: 77234706 | S7: 79878126 | T7: 88056694 | U7: 94896300 | V7: 99813901 | W7: 101777451 | X7: 99580000 | Y7: 59590 | Z7: 62224 | AA7: 62770 | AB7: 65506 | AC7: 68825 | AD7: 70955 | AE7: 78594 | AF7: 89106 | AG7: 84381 | AH7: 89146 | AI7: 92916 | AJ7: 8.1 | AK7: 8.7 | AL7: 8.4 | AM7: 9 | AN7: 8.9 | AO7: 8.9 | AP7: 8.9 | AQ7: 9.4 | AR7: 8.5 | AS7: 8.8 | AT7: 9. 3 | AU7: 39.7 | AV7: 38.1 | AW7: 39.3 | AX7: 39.6 | AY7: 39.9 | AZ7: 39.7 | BA7: 38.8 | BB7: 39.3 | BC7: 39.6 | BD7: 37.2 | BE7: 40. 1 | BF7: 465 | BG7: 271 | BH7: 380 | BI7: 354 | BJ7: 350 | BK7: 344 | BL7: 385 | BM7: 410 | BN7: 426 | BO7: 434 | BP7: 432 | BQ7: 292 | BR7: 347 | BS7: 294 | BT7: 289 | BU7: 308 | BV7: 317 | BW7: 341 | BX7: 373 | BY7: 395 | BZ7: 379 | CA7: 400
B8: 河北 | C8: 2033 | D8: 2005 | E8: 2377 | F8: 2571 | G8: 2721 | H8: 3083 | I8: 3367 | J8: 3779 | K8: 4112 | L8: 4398 | M8: 4205 | N8: 202303045 | O8: 185994378 | P8: 175400973 | Q8: 127355314 | R8: 203633136 | S8: 210216529 | T8: 225190605 | U8: 266940536 | V8: 272821120 | W8: 312427081 | X8: 329200000 | Y8: 162644 | Z8: 172964 | AA8: 153736 | AB8: 108943 | AC8: 185130 | AD8: 194097 | AE8: 192944 | AF8: 235238 | AG8: 296504 | AH8: 259272 | AI8: 255819 | AJ8: 8 | AK8: 9.3 | AL8: 8.8 | AM8: 8.6 | AN8: 9.1 | AO8: 9.2 | AP8: 8.6 | AQ8: 8.8 | AR8: 10.9 | AS8: 8.3 | AT8: 7.8 | AU8: 36.1 | AV8: 41.1 | AW8: 39.2 | AX8: 40.3 | AY8: 38.8 | AZ8: 38.6 | BA8: 39 | BB8: 39.2 | BC8: 40.4 | BD8: 41.2 | BE8: 41. 5 | BF8: 1171 | BG8: 764 | BH8: 1042 | BI8: 760 | BJ8: 1185 | BK8: 1216 | BL8: 1307 | BM8: 1582 | BN8: 1590 | BO8: 1883 | BP8: 2025 | BQ8: 730 | BR8: 1115 | BS8: 687 | BT8: 513 | BU8: 790 | BV8: 812 | BW8: 879 | BX8: 1045 | BY8: 1103 | BZ8: 1287 | CA8: 1367
B9: 山西 | C9: 1364 | D9: 1463 | E9: 1652 | F9: 2161 | G9: 2813 | H9: 3734 | I9: 3690 | J9: 3969 | K9: 3925 | L9: 3999 | M9: 4258 | N9: 43700534 | O9: 50283222 | P9: 50758515 | Q9: 52182136 | R9: 130360967 | S9: 153220872 | T9: 180401756 | U9: 217399791 | V9: 248934953 | W9: 278214505 | X9: 274450000 | Y9: 51715 | Z9: 56939 | AA9: 59170 | AB9: 56797 | AC9: 120171 | AD9: 146548 | AE9: 170618 | AF9: 203345 | AG9: 227112 | AH9: 241481 | AI9: 249389 | AJ9: 11.8 | AK9: 11.3 | AL9: 11.7 | AM9: 10.9 | AN9: 9.2 | AO9: 9.6 | AP9: 9.5 | AQ9: 9.4 | AR9: 9. 1 | AS9: 8.7 | AT9: 9. 1 | AU9: 41.7 | AV9: 40.2 | AW9: 40.4 | AX9: 40.3 | AY9: 39 | AZ9: 39.5 | BA9: 39.6 | BB9: 39.8 | BC9: 39.7 | BD9: 38.7 | BE9: 40. 3 | BF9: 271 | BG9: 202 | BH9: 297 | BI9: 324 | BJ9: 818 | BK9: 984 | BL9: 1214 | BM9: 1491 | BN9: 1710 | BO9: 1885 | BP9: 1952 | BQ9: 182 | BR9: 295 | BS9: 205 | BT9: 210 | BU9: 509 | BV9: 605 | BW9: 714 | BX9: 865 | BY9: 989 | BZ9: 1078 | CA9: 1107
B10: 内蒙古 | C10: 2153 | D10: 2559 | E10: 2689 | F10: 2979 | G10: 3132 | H10: 3506 | I10: 3984 | J10: 4154 | K10: 4434 | L10: 4558 | M10: 4496 | N10: 174626335 | O10: 201440979 | P10: 224004863 | Q10: 220037559 | R10: 241222116 | S10: 255094607 | T10: 302937846 | U10: 329495571 | V10: 378746912 | W10: 373339476 | X10: 379750000 | Y10: 183130 | Z10: 210178 | AA10: 235485 | AB10: 233600 | AC10: 254402 | AD10: 276804 | AE10: 325692 | AF10: 354157 | AG10: 407230 | AH10: 407213 | AI10: 416582 | AJ10: 10.5 | AK10: 10.4 | AL10: 10.5 | AM10: 10.6 | AN10: 10.5 | AO10: 10.9 | AP10: 10.8 | AQ10: 10.7 | AR10: 10.8 | AS10: 10.9 | AT10: 11. 0 | AU10: 39.6 | AV10: 40.8 | AW10: 40.1 | AX10: 40 | AY10: 39.3 | AZ10: 39.3 | BA10: 40 | BB10: 40.4 | BC10: 40.2 | BD10: 40.4 | BE10: 40.3 | BF10: 1443 | BG10: 823 | BH10: 1759 | BI10: 1722 | BJ10: 1861 | BK10: 1955 | BL10: 2351 | BM10: 2631 | BN10: 2994 | BO10: 2998 | BP10: 3354 | BQ10: 691 | BR10: 1670 | BS10: 898 | BT10: 879 | BU10: 948 | BV10: 1002 | BW10: 1211 | BX10: 1332 | BY10: 1523 | BZ10: 1509 | CA10: 1529
B11: 辽宁 | C11: 1518 | D11: 1599 | E11: 1919 | F11: 2053 | G11: 2044 | H11: 2076 | I11: 2142 | J11: 2502 | K11: 2612 | L11: 2766 | M11: 3006 | N11: 266988733 | O11: 298762691 | P11: 310276965 | Q11: 309920082 | R11: 322606718 | S11: 330295565 | T11: 344669349 | U11: 361065890 | V11: 419355898 | W11: 473048532 | X11: 472950000 | Y11: 251781 | Z11: 291639 | AA11: 307398 | AB11: 311294 | AC11: 321272 | AD11: 333466 | AE11: 356078 | AF11: 372174 | AG11: 422178 | AH11: 462164 | AI11: 477059 | AJ11: 9.4 | AK11: 9.8 | AL11: 9.9 | AM11: 10 | AN11: 10 | AO11: 10.1 | AP11: 10.3 | AQ11: 10.3 | AR11: 10. 1 | AS11: 9.8 | AT11: 10. 1 | AU11: 40.5 | AV11: 40 | AW11: 39.7 | AX11: 40.2 | AY11: 39.8 | AZ11: 39.5 | BA11: 39.9 | BB11: 40.5 | BC11: 39.8 | BD11: 40.1 | BE11: 38.5 | BF11: 1729 | BG11: 1195 | BH11: 1994 | BI11: 2043 | BJ11: 2093 | BK11: 2149 | BL11: 2317 | BM11: 2453 | BN11: 2804 | BO11: 3056 | BP11: 3108 | BQ11: 1082 | BR11: 1938 | BS11: 1233 | BT11: 1244 | BU11: 1285 | BV11: 1306 | BW11: 1376 | BX11: 1461 | BY11: 1668 | BZ11: 1899 | CA11: 1821
B12: 吉林 | C12: 1230 | D12: 1238 | E12: 1302 | F12: 1309 | G12: 1314 | H12: 1302 | I12: 1301 | J12: 1395 | K12: 1333 | L12: 1336 | M12: 1314 | N12: 162055079 | O12: 177718518 | P12: 184948298 | Q12: 187630248 | R12: 191385269 | S12: 195613159 | T12: 199012838 | U12: 206029785 | V12: 205931033 | W12: 38893998 | X12: 216670000 | Y12: 170750 | Z12: 192279 | AA12: 198508 | AB12: 214339 | AC12: 210622 | AD12: 256086 | AE12: 256606 | AF12: 251633 | AG12: 261906 | AH12: 40594 | AI12: 244362 | AJ12: 10.5 | AK12: 10.8 | AL12: 10.7 | AM12: 10.5 | AN12: 11 | AO12: 13.1 | AP12: 13 | AQ12: 12.2 | AR12: 12.7 | AS12: 10.4 | AT12: 11.3 | AU12: 39.6 | AV12: 39.4 | AW12: 40.4 | AX12: 38.6 | AY12: 39.8 | AZ12: 38.5 | BA12: 38 | BB12: 39.4 | BC12: 40.5 | BD12: 39.9 | BE12: 39. 2 | BF12: 1190 | BG12: 700 | BH12: 1309 | BI12: 1391 | BJ12: 1434 | BK12: 1412 | BL12: 1503 | BM12: 1641 | BN12: 1665 | BO12: 304 | BP12: 1659 | BQ12: 641 | BR12: 1282 | BS12: 747 | BT12: 725 | BU12: 761 | BV12: 754 | BW12: 748 | BX12: 811 | BY12: 834 | BZ12: 155 | CA12: 849
B13: 黑龙江 | C13: 990 | D13: 999 | E13: 1213 | F13: 1281 | G13: 1298 | H13: 1387 | I13: 1615 | J13: 1643 | K13: 1696 | L13: 1721 | M13: 1811 | N13: 176418082 | O13: 192077867 | P13: 205847762 | Q13: 228964742 | R13: 234608584 | S13: 271699733 | T13: 280668783 | U13: 302539087 | V13: 301040574 | W13: 323383128 | X13: 332560000 | Y13: 152935 | Z13: 168808 | AA13: 175847 | AB13: 200013 | AC13: 209990 | AD13: 231237 | AE13: 236518 | AF13: 257149 | AG13: 263115 | AH13: 285378 | AI13: 300159 | AJ13: 8.7 | AK13: 8.8 | AL13: 8.5 | AM13: 8.7 | AN13: 9 | AO13: 8.5 | AP13: 8.4 | AQ13: 8.5 | AR13: 8.7 | AS13: 8.8 | AT13: 9. 0 | AU13: 38.5 | AV13: 39.6 | AW13: 38.6 | AX13: 37.4 | AY13: 38.3 | AZ13: 36.7 | BA13: 37 | BB13: 39. 1 | BC13: 40 | BD13: 40.3 | BE13: 41. 1 | BF13: 1297 | BG13: 760 | BH13: 1459 | BI13: 1593 | BJ13: 1631 | BK13: 1809 | BL13: 1938 | BM13: 2120 | BN13: 2214 | BO13: 2398 | BP13: 2557 | BQ13: 679 | BR13: 1373 | BS13: 795 | BT13: 855 | BU13: 899 | BV13: 998 | BW13: 1040 | BX13: 1182 | BY13: 1205 | BZ13: 1303 | CA13: 1368
B14: 上海 | C14: 418 | D14: 420 | E14: 405 | F14: 410 | G14: 424 | H14: 514 | I14: 514 | J14: 521 | K14: 615 | L14: 836 | M14: 836 | N14: 60739307 | O14: 60615503 | P14: 58528061 | Q14: 55798177 | R14: 64443856 | S14: 66451390 | T14: 65040604 | U14: 58210760 | V14: 62079242 | W14: 63437855 | X14: 61130000 | Y14: 42640 | Z14: 43400 | AA14: 42052 | AB14: 41956 | AC14: 50476 | AD14: 54694 | AE14: 52433 | AF14: 46797 | AG14: 48483 | AH14: 48657 | AI14: 46129 | AJ14: 7 | AK14: 7.2 | AL14: 7.2 | AM14: 7.5 | AN14: 7.8 | AO14: 8.2 | AP14: 8. 1 | AQ14: 8 | AR14: 7.8 | AS14: 7.7 | AT14: 7. 6 | AU14: 37.8 | AV14: 37.8 | AW14: 37.7 | AX14: 37.6 | AY14: 37.9 | AZ14: 38 | BA14: 37.8 | BB14: 37.4 | BC14: 37.4 | BD14: 36.5 | BE14: 38.2 | BF14: 251 | BG14: 229 | BH14: 248 | BI14: 241 | BJ14: 271 | BK14: 275 | BL14: 270 | BM14: 214 | BN14: 212 | BO14: 209 | BP14: 202 | BQ14: 229 | BR14: 253 | BS14: 221 | BT14: 210 | BU14: 244 | BV14: 252 | BW14: 246 | BX14: 218 | BY14: 232 | BZ14: 231 | CA14: 233
B15: 江苏 | C15: 2028 | D15: 2362 | E15: 3065 | F15: 3843 | G15: 4563 | H15: 5439 | I15: 6186 | J15: 6616 | K15: 7135 | L15: 7993 | M15: 8178 | N15: 535022373 | O15: 534058346 | P15: 592310827 | Q15: 578356719 | R15: 560830083 | S15: 636410617 | T15: 704471886 | U15: 956667855 | V15: 724856463 | W15: 718146052 | X15: 749580000 | Y15: 370132 | Z15: 368673 | AA15: 399867 | AB15: 475727 | AC15: 430349 | AD15: 939062 | AE15: 1923848 | AF15: 743253 | AG15: 546152 | AH15: 539691 | AI15: 688106 | AJ15: 6.9 | AK15: 6.9 | AL15: 6.8 | AM15: 8.2 | AN15: 7.7 | AO15: 14.8 | AP15: 27.3 | AQ15: 7.8 | AR15: 7.5 | AS15: 7.5 | AT15: 9. 2 | AU15: 40.5 | AV15: 40.1 | AW15: 39.2 | AX15: 39.4 | AY15: 39.3 | AZ15: 38.2 | BA15: 38. 7 | BB15: 29.5 | BC15: 38.8 | BD15: 69.4 | BE15: 38.4 | BF15: 3151 | BG15: 2143 | BH15: 3307 | BI15: 3192 | BJ15: 3058 | BK15: 3500 | BL15: 3722 | BM15: 3668 | BN15: 3654 | BO15: 3715 | BP15: 3842 | BQ15: 2168 | BR15: 3084 | BS15: 2321 | BT15: 2279 | BU15: 2206 | BV15: 2429 | BW15: 2726 | BX15: 2825 | BY15: 2810 | BZ15: 4980 | CA15: 2874
B16: 浙江 | C16: 560 | D16: 547 | E16: 628 | F16: 659 | G16: 943 | H16: 1323 | I16: 1542 | J16: 1760 | K16: 2354 | L16: 3060 | M16: 3096 | N16: 357928970 | O16: 362183405 | P16: 372943706 | Q16: 390438133 | R16: 413592529 | S16: 454456288 | T16: 508243567 | U16: 562384776 | V16: 584176898 | W16: 554122961 | X16: 598400000 | Y16: 196961 | Z16: 202108 | AA16: 274792 | AB16: 237097 | AC16: 263681 | AD16: 312145 | AE16: 361377 | AF16: 414110 | AG16: 426898 | AH16: 412212 | AI16: 430492 | AJ16: 5.5 | AK16: 5.6 | AL16: 7.4 | AM16: 6.1 | AN16: 6.4 | AO16: 6.9 | AP16: 7. 1 | AQ16: 7.4 | AR16: 7.3 | AS16: 7.4 | AT16: 7. 2 | AU16: 38.5 | AV16: 39.1 | AW16: 37.7 | AX16: 37.1 | AY16: 37.4 | AZ16: 37.9 | BA16: 37.6 | BB16: 37.8 | BC16: 37.7 | BD16: 37.9 | BE16: 37. 5 | BF16: 1902 | BG16: 1417 | BH16: 1932 | BI16: 1989 | BJ16: 2091 | BK16: 2334 | BL16: 2560 | BM16: 2817 | BN16: 2876 | BO16: 2706 | BP16: 2888 | BQ16: 1378 | BR16: 1921 | BS16: 1407 | BT16: 1448 | BU16: 1549 | BV16: 1720 | BW16: 1909 | BX16: 2126 | BY16: 2202 | BZ16: 2100 | CA16: 2246
B17: 安徽 | C17: 290 | D17: 485 | E17: 738 | F17: 865 | G17: 1127 | H17: 1279 | I17: 1262 | J17: 1643 | K17: 2399 | L17: 2200 | M17: 2495 | N17: 47557901 | O17: 45096214 | P17: 51995003 | Q17: 45981575 | R17: 43323636 | S17: 48570954 | T17: 43967758 | U17: 15811284 | V17: 19064305 | W17: 21294100 | X17: 24070000 | Y17: 25714 | Z17: 27303 | AA17: 31801 | AB17: 30715 | AC17: 31793 | AD17: 35918 | AE17: 38453 | AF17: 8926 | AG17: 7156 | AH17: 15403 | AI17: 19370 | AJ17: 5.4 | AK17: 6.1 | AL17: 6.1 | AM17: 6.7 | AN17: 7.3 | AO17: 7.4 | AP17: 8.8 | AQ17: 5.6 | AR17: 6.3 | AS17: 7.2 | AT17: 8 | AU17: 42.7 | AV17: 42.5 | AW17: 40.1 | AX17: 40.8 | AY17: 39.7 | AZ17: 40 | BA17: 41.4 | BB17: 41.2 | BC17: 40 | BD17: 40.9 | BE17: 41 | BF17: 305 | BG17: 192 | BH17: 289 | BI17: 267 | BJ17: 250 | BK17: 261 | BL17: 247 | BM17: 97 | BN17: 117 | BO17: 128 | BP17: 157 | BQ17: 203 | BR17: 280 | BS17: 208 | BT17: 187 | BU17: 172 | BV17: 194 | BW17: 182 | BX17: 65 | BY17: 76 | BZ17: 87 | CA17: 99
B18: 福建 | C18: 337 | D18: 454 | E18: 327 | F18: 557 | G18: 695 | H18: 685 | I18: 811 | J18: 811 | K18: 941 | L18: 943 | M18: 993 | N18: 4279298 | O18: 37906522 | P18: 30084509 | Q18: 27719987 | R18: 31494803 | S18: 2818236 | T18: 32878079 | U18: 39570824 | V18: 45049680 | W18: 47431914 | X18: 53420000 | Y18: 2780 | Z18: 28103 | AA18: 20071 | AB18: 29497 | AC18: 19474 | AD18: 1264 | AE18: 15978 | AF18: 18324 | AG18: 21910 | AH18: 24442 | AI18: 27737 | AJ18: 6.5 | AK18: 7.4 | AL18: 6.7 | AM18: 10.6 | AN18: 6.2 | AO18: 4.5 | AP18: 4.9 | AQ18: 4.6 | AR18: 4.9 | AS18: 5.2 | AT18: 5.2 | AU18: 39.1 | AV18: 38.8 | AW18: 38.4 | AX18: 39.5 | AY18: 40.3 | AZ18: 39 | BA18: 36.9 | BB18: 39.3 | BC18: 39.8 | BD18: 40.2 | BE18: 41. 7 | BF18: 26 | BG18: 147 | BH18: 168 | BI18: 164 | BJ18: 186 | BK18: 19 | BL18: 192 | BM18: 223 | BN18: 272 | BO18: 279 | BP18: 331 | BQ18: 17 | BR18: 214 | BS18: 116 | BT18: 109 | BU18: 127 | BV18: 11 | BW18: 121 | BX18: 155 | BY18: 179 | BZ18: 191 | CA18: 223
B19: 江西
B20: 山东 | C20: 3020 | D20: 3288 | E20: 3589 | F20: 3634 | G20: 4429 | H20: 6259 | I20: 6401 | J20: 6927 | K20: 7484 | L20: 8312 | M20: 8447 | N20: 455750882 | O20: 473558559 | P20: 488859569 | Q20: 408618086 | R20: 686459086 | S20: 701623968 | T20: 676956124 | U20: 772393822 | V20: 827685763 | W20: 1097873610 | X20: 1183470000 | Y20: 306735 | Z20: 371500 | AA20: 356092 | AB20: 301940 | AC20: 548408 | AD20: 1143185 | AE20: 842786 | AF20: 717022 | AG20: 601126 | AH20: 1010695 | AI20: 993272 | AJ20: 6.7 | AK20: 7.8 | AL20: 7.3 | AM20: 7.4 | AN20: 8 | AO20: 16.3 | AP20: 12.5 | AQ20: 9.3 | AR20: 7.3 | AS20: 9.2 | AT20: 8.4 | AU20: 39.6 | AV20: 39.4 | AW20: 38.6 | AX20: 38.9 | AY20: 37.8 | AZ20: 39.4 | BA20: 39.8 | BB20: 39. 7 | BC20: 39.2 | BD20: 38.7 | BE20: 37.2 | BF20: 2756 | BG20: 1867 | BH20: 2679 | BI20: 2186 | BJ20: 3443 | BK20: 3680 | BL20: 3498 | BM20: 4058 | BN20: 4457 | BO20: 5448 | BP20: 5853 | BQ20: 1803 | BR20: 2720 | BS20: 1889 | BT20: 1591 | BU20: 2591 | BV20: 2766 | BW20: 2695 | BX20: 3067 | BY20: 3246 | BZ20: 4245 | CA20: 4401
B21: 河南 | C21: 1027 | D21: 1097 | E21: 1109 | F21: 1073 | G21: 1704 | H21: 1956 | I21: 2241 | J21: 2468 | K21: 2748 | L21: 2905 | M21: 2920 | N21: 81272637 | O21: 14100089 | P21: 86146039 | Q21: 93940360 | R21: 96431741 | S21: 102437464 | T21: 108596413 | U21: 138388516 | V21: 147788094 | W21: 166133646 | X21: 158380000 | Y21: 62266 | Z21: 11992 | AA21: 73403 | AB21: 77873 | AC21: 82542 | AD21: 92019 | AE21: 89558 | AF21: 100640 | AG21: 105213 | AH21: 109511 | AI21: 111092 | AJ21: 8 | AK21: 8.5 | AL21: 8.5 | AM21: 8.3 | AN21: 8.6 | AO21: 9 | AP21: 8.3 | AQ21: 7.3 | AR21: 7. 1 | AS21: 6.6 | AT21: 7 | AU21: 43.6 | AV21: 43.5 | AW21: 42.6 | AX21: 42 | AY21: 42.8 | AZ21: 43 | BA21: 44.2 | BB21: 45.5 | BC21: 45.6 | BD21: 44.7 | BE21: 44 | BF21: 578 | BG21: 61 | BH21: 573 | BI21: 631 | BJ21: 627 | BK21: 804 | BL21: 715 | BM21: 941 | BN21: 968 | BO21: 1112 | BP21: 1056 | BQ21: 354 | BR21: 101 | BS21: 367 | BT21: 394 | BU21: 413 | BV21: 440 | BW21: 480 | BX21: 629 | BY21: 673 | BZ21: 743 | CA21: 697
B22: 湖北 | C22: 263 | D22: 379 | E22: 339 | F22: 542 | G22: 598 | H22: 597 | I22: 622 | J22: 588 | K22: 613 | L22: 627 | M22: 634 | N22: 7508553 | O22: 8217439 | P22: 13267653 | Q22: 14128120 | R22: 15252026 | S22: 24462526 | T22: 34049992 | U22: 37787115 | V22: 45863777 | W22: 48360541 | X22: 57080000 | Y22: 6640 | Z22: 5921 | AA22: 9046 | AB22: 9796 | AC22: 9582 | AD22: 20772 | AE22: 24082 | AF22: 28852 | AG22: 30123 | AH22: 31994 | AI22: 37374 | AJ22: 8.8 | AK22: 7.2 | AL22: 6.8 | AM22: 6.9 | AN22: 6.3 | AO22: 8.5 | AP22: 7 | AQ22: 8 | AR22: 6.6 | AS22: 6.6 | AT22: 6.6 | AU22: 43.5 | AV22: 40.5 | AW22: 40.8 | AX22: 40.9 | AY22: 40.9 | AZ22: 39.8 | BA22: 39 | BB22: 42 | BC22: 40.2 | BD22: 40.1 | BE22: 40. 5 | BF22: 50 | BG22: 33 | BH22: 81 | BI22: 81 | BJ22: 84 | BK22: 126 | BL22: 170 | BM22: 206 | BN22: 241 | BO22: 249 | BP22: 300 | BQ22: 33 | BR22: 46 | BS22: 54 | BT22: 58 | BU22: 62 | BV22: 97 | BW22: 133 | BX22: 158 | BY22: 185 | BZ22: 194 | CA22: 231
B23: 湖南 | C23: 192 | D23: 188 | E23: 262 | F23: 137 | G23: 149 | H23: 352 | I23: 530 | J23: 464 | K23: 398 | L23: 450 | M23: 581 | N23: 47549340 | O23: 35623863 | P23: 36780689 | Q23: 35993822 | R23: 45817170 | S23: 48335763 | T23: 46546548 | U23: 47447707 | V23: 54597915 | W23: 50356521 | X23: 53490000 | Y23: 29860 | Z23: 25603 | AA23: 27196 | AB23: 25825 | AC23: 35735 | AD23: 84003 | AE23: 72742 | AF23: 79523 | AG23: 79303 | AH23: 80032 | AI23: 105472 | AJ23: 6.3 | AK23: 7.2 | AL23: 7.4 | AM23: 7.2 | AN23: 7.8 | AO23: 17.4 | AP23: 15. 6 | AQ23: 16.8 | AR23: 14.5 | AS23: 15.9 | AT23: 19.7 | AU23: 55.2 | AV23: 39.8 | AW23: 38.9 | AX23: 39 | AY23: 57 | AZ23: 41.4 | BA23: 41. 9 | BB23: 43.4 | BC23: 37.6 | BD23: 43.2 | BE23: 42.9 | BF23: 232 | BG23: 142 | BH23: 186 | BI23: 211 | BJ23: 160 | BK23: 148 | BL23: 127 | BM23: 1031 | BN23: 158 | BO23: 157 | BP23: 160 | BQ23: 262 | BR23: 193 | BS23: 143 | BT23: 140 | BU23: 261 | BV23: 200 | BW23: 195 | BX23: 206 | BY23: 205 | BZ23: 217 | CA23: 229
B24: 广东 | C24: 328 | D24: 328 | E24: 328 | G24: 4614 | I24: 1550 | J24: 1002 | K24: 1104 | L24: 1756 | M24: 1756 | N24: 46071848 | O24: 46140504 | Q24: 46140504 | R24: 46140504 | S24: 46140504 | T24: 58988025 | U24: 49026064 | V24: 39650354 | W24: 56589806 | X24: 68090000 | Y24: 27106 | Z24: 25008 | AB24: 25008 | AC24: 25008 | AD24: 25008 | AE24: 47697 | AF24: 35959 | AG24: 32310 | AH24: 41233 | AI24: 49360 | AJ24: 5.9 | AK24: 5.4 | AM24: 5.4 | AN24: 5.4 | AO24: 5.4 | AP24: 8. 1 | AQ24: 7.3 | AR24: 8. 1 | AS24: 7.3 | AT24: 7.2 | AU24: 38.5 | AV24: 38 | AX24: 38 | AY24: 38 | AZ24: 38 | BA24: 42.2 | BB24: 32.5 | BC24: 38.8 | BD24: 31.4 | BE24: 32. 1 | BF24: 222 | BG24: 175 | BI24: 190 | BJ24: 190 | BK24: 190 | BL24: 307 | BM24: 204 | BN24: 190 | BO24: 215 | BP24: 250 | BQ24: 177 | BR24: 190 | BT24: 175 | BU24: 175 | BV24: 175 | BW24: 249 | BX24: 160 | BY24: 154 | BZ24: 177 | CA24: 219
B25: 广西 | L25: 69 | M25: 139 | W25: 1521257 | X25: 3180000 | AH25: 914 | AI25: 1930 | AS25: 6 | AT25: 6. 1 | BD25: 37.1 | BE25: 38.6 | BO25: 7 | BP25: 16 | BZ25: 6 | CA25: 12
B26: 海南
B27: 重庆 | C27: 14 | D27: 14 | E27: 60 | F27: 97 | G27: 185 | H27: 185 | I27: 184 | J27: 179 | K27: 189 | L27: 203 | M27: 203 | O27: 46891072 | P27: 46643841 | Q27: 63665030 | R27: 45996567 | S27: 48040838 | T27: 52089732 | U27: 52199780 | V27: 53943507 | W27: 54942978 | X27: 54950000 | Z27: 46496 | AA27: 42115 | AB27: 1484 | AC27: 37048 | AD27: 39089 | AE27: 39097 | AF27: 39597 | AG27: 40542 | AH27: 41368 | AI27: 39780 | AK27: 9.9 | AL27: 9 | AM27: 8.8 | AN27: 8.8 | AO27: 8.8 | AP27: 7.5 | AQ27: 7.6 | AR27: 7.5 | AS27: 7.5 | AT27: 7.2 | AV27: 39.9 | AW27: 39.3 | AX27: 28.9 | AY27: 40.4 | AZ27: 39.8 | BA27: 39 | BB27: 39.4 | BC27: 39.5 | BD27: 39.3 | BE27: 39.2 | BG27: 187 | BH27: 218 | BI27: 272 | BJ27: 272 | BK27: 290 | BL27: 317 | BM27: 308 | BN27: 332 | BO27: 337 | BP27: 339 | BR27: 217 | BS27: 183 | BT27: 184 | BU27: 186 | BV27: 191 | BW27: 203 | BX27: 206 | BY27: 213 | BZ27: 216 | CA27: 215
B28: 四川 | C28: 16 | D28: 16 | E28: 16 | F28: 140 | N28: 6778259 | O28: 6772648 | P28: 1741559 | Q28: 365421 | Y28: 7115 | Z28: 4495 | AA28: 995 | AB28: 381 | AJ28: 10.5 | AK28: 6.6 | AL28: 5.7 | AM28: 10.4 | AU28: 84.6 | AV28: 60.6 | AW28: 86.9 | AX28: 41 | BF28: 124 | BG28: 41 | BH28: 49 | BI28: 4 | BQ28: 57 | BR28: 82 | BS28: 15 | BT28: 1
B29: 贵州 | H29: 150 | I29: 150 | J29: 30 | K29: 30 | L29: 90 | M29: 726 | S29: 241812 | T29: 682176 | U29: 243206 | V29: 214223 | W29: 1784061 | X29: 3470000 | AD29: 129 | AE29: 307 | AF29: 229 | AG29: 213 | AH29: 2173 | AI29: 4296 | AO29: 13.2 | AP29: 4.5 | AQ29: 9.4 | AR29: 10 | AS29: 12.2 | AT29: 12.4 | AZ29: 38.8 | BA29: 23.4 | BB29: 44.9 | BC29: 45 | BD29: 41.6 | BE29: 40.9 | BK29: 2 | BL29: 5 | BM29: 2 | BN29: 2 | BO29: 10 | BP29: 24 | BV29: 1 | BW29: 2 | BX29: 1 | BY29: 1 | BZ29: 7 | CA29: 14
B30: 云南 | C30: 1 | F30: 1
B31: 西藏
B32: 陕西 | C32: 247 | D32: 247 | E32: 287 | F32: 533 | G32: 674 | H32: 734 | I32: 996 | J32: 1195 | K32: 1333 | L32: 1488 | M32: 1725 | N32: 20880678 | O32: 22504040 | P32: 21959288 | Q32: 22632984 | R32: 26157803 | S32: 29822655 | T32: 34138029 | U32: 41283501 | V32: 49168212 | W32: 53015378 | X32: 55780000 | Y32: 15691 | Z32: 17912 | AA32: 17804 | AB32: 21858 | AC32: 24189 | AD32: 27618 | AE32: 28746 | AF32: 37802 | AG32: 45542 | AH32: 47655 | AI32: 52534 | AJ32: 7.5 | AK32: 8 | AL32: 8.1 | AM32: 9.7 | AN32: 9.3 | AO32: 9.3 | AP32: 8.4 | AQ32: 9.2 | AR32: 9.3 | AS32: 9 | AT32: 9.4 | AU32: 42.9 | AV32: 41 | AW32: 38.6 | AX32: 40.5 | AY32: 40.5 | AZ32: 44.1 | BA32: 39. 7 | BB32: 40.9 | BC32: 40. 1 | BD32: 43.3 | BE32: 41.8 | BF32: 135 | BG32: 92 | BH32: 132 | BI32: 139 | BJ32: 157 | BK32: 199 | BL32: 201 | BM32: 253 | BN32: 287 | BO32: 336 | BP32: 345 | BQ32: 90 | BR32: 140 | BS32: 85 | BT32: 92 | BU32: 106 | BV32: 131 | BW32: 135 | BX32: 169 | BY32: 197 | BZ32: 230 | CA32: 233
B33: 甘肃 | C33: 487 | D33: 480 | E33: 580 | F33: 827 | G33: 962 | H33: 1121 | I33: 1180 | J33: 1214 | K33: 1344 | L33: 1344 | M33: 1339 | N33: 49258996 | O33: 45453504 | P33: 60067248 | Q33: 55905391 | R33: 67059871 | S33: 10974072 | T33: 72306072 | U33: 90924991 | V33: 89320672 | W33: 90835605 | X33: 112090000 | Y33: 46264 | Z33: 43094 | AA33: 37529 | AB33: 41696 | AC33: 52866 | AD33: 9430 | AE33: 61923 | AF33: 82895 | AG33: 84793 | AH33: 82501 | AI33: 87484 | AJ33: 9.4 | AK33: 9.5 | AL33: 6.2 | AM33: 7.5 | AN33: 7.9 | AO33: 8.6 | AP33: 8.6 | AQ33: 9. 1 | AR33: 9.5 | AS33: 9.1 | AT33: 7.8 | AU33: 35.7 | AV33: 40.6 | AW33: 37.2 | AX33: 38.9 | AY33: 40 | AZ33: 39.9 | BA33: 44.5 | BB33: 41 | BC33: 42. 1 | BD33: 43.2 | BE33: 35.6 | BF33: 263 | BG33: 184 | BH33: 357 | BI33: 319 | BJ33: 391 | BK33: 65 | BL33: 424 | BM33: 556 | BN33: 578 | BO33: 599 | BP33: 633 | BQ33: 176 | BR33: 275 | BS33: 223 | BT33: 218 | BU33: 268 | BV33: 44 | BW33: 322 | BX33: 373 | BY33: 376 | BZ33: 392 | CA33: 399
B34: 青海 | F34: 6 | H34: 0 | X34: 0
B35: 宁夏 | C35: 217 | D35: 147 | E35: 147 | F35: 203 | G35: 339 | H35: 479 | J35: 494 | K35: 1279 | L35: 1279 | M35: 1385 | V35: 73686806 | W35: 79729877 | X35: 83530000 | AG35: 59356 | AH35: 68679 | AI35: 70811 | AR35: 8. 1 | AS35: 8.6 | AT35: 8. 5 | BC35: 39.8 | BD35: 40 | BE35: 44.6 | BN35: 816 | BO35: 523 | BP35: 555 | BY35: 293 | BZ35: 319 | CA35: 372
B36: 新疆 | C36: 604 | D36: 671 | E36: 929 | F36: 863 | G36: 996 | H36: 1263 | I36: 1523 | J36: 1680 | K36: 1731 | L36: 1801 | M36: 1537 | N36: 79081281 | O36: 79081281 | P36: 78864098 | Q36: 69108728 | R36: 57762335 | S36: 64353047 | T36: 73978073 | U36: 83995079 | V36: 101631578 | W36: 104626601 | X36: 166240000 | Y36: 67818 | Z36: 67818 | AA36: 68182 | AB36: 55171 | AC36: 47355 | AD36: 51835 | AE36: 1189481 | AF36: 65127 | AG36: 75419 | AH36: 99030 | AI36: 118760 | AJ36: 8.6 | AK36: 8.6 | AL36: 8.6 | AM36: 8 | AN36: 8.2 | AO36: 8.1 | AP36: 160.8 | AQ36: 7.8 | AR36: 7.4 | AS36: 9.5 | AT36: 7. 1 | AU36: 38.8 | AV36: 38.8 | AW36: 39.2 | AX36: 30.3 | AY36: 42.5 | AZ36: 43.3 | BA36: 43. 1 | BB36: 43.6 | BC36: 39.2 | BD36: 40 | BE36: 41.4 | BF36: 425 | BG36: 307 | BH36: 440 | BI36: 326 | BJ36: 367 | BK36: 387 | BL36: 404 | BM36: 532 | BN36: 615 | BO36: 684 | BP36: 1251 | BQ36: 307 | BR36: 425 | BS36: 309 | BT36: 210 | BU36: 246 | BV36: 278 | BW36: 319 | BX36: 367 | BY36: 398 | BZ36: 418 | CA36: 688

Sheet Calculation
C1: Source: Energy Yearbook | Y1: Source: Statistical Yearbook | AJ1: Source: Electricity Compilation
C2: Total Heat Generation (TJ) | N2: Total Heat Consumed (TJ) | Y2: Total District Heat Consumed (TJ) | AJ2: Heat Generated from CHP (TJ)
C3: 2011 | D3: 2012 | E3: 2013 | F3: 2014 | G3: 2015 | H3: 2016 | I3: 2017 | J3: 2018 | K3: 2019 | L3: 2020 | M3: 2021 | N3: 2011 | O3: 2012 | P3: 2013 | Q3: 2014 | R3: 2015 | S3: 2016 | T3: 2017 | U3: 2018 | V3: 2019 | W3: 2020 | X3: 2021 | Y3: 2011 | Z3: 2012 | AA3: 2013 | AB3: 2014 | AC3: 2015 | AD3: 2016 | AE3: 2017 | AF3: 2018 | AG3: 2019 | AH3: 2020 | AI3: 2021 | AJ3: 2011 | AK3: 2012 | AL3: 2013 | AM3: 2014 | AN3: 2015 | AO3: 2016 | AP3: 2017 | AQ3: 2018 | AR3: 2019 | AS3: 2020 | AT3: 2021
B4: 全国 | C4: =IFERROR(VLOOKUP("*"&$B4&"*",'Energy Yearbook Data'!$I$4:$T$34,COLUMN(B$2),FALSE)*10+VLOOKUP("*"&$B4&"*",'Energy Yearbook Data'!$I$4:$AE$34,COLUMN(M$2),FALSE)*10,"") -> 3538537.6 | D4: =IFERROR(VLOOKUP("*"&$B4&"*",'Energy Yearbook Data'!$I$4:$T$34,COLUMN(C$2),FALSE)*10+VLOOKUP("*"&$B4&"*",'Energy Yearbook Data'!$I$4:$AE$34,COLUMN(N$2),FALSE)*10,"") -> 3837310.2 | E4: =IFERROR(VLOOKUP("*"&$B4&"*",'Energy Yearbook Data'!$I$4:$T$34,COLUMN(D$2),FALSE)*10+VLOOKUP("*"&$B4&"*",'Energy Yearbook Data'!$I$4:$AE$34,COLUMN(O$2),FALSE)*10,"") -> 4131206.6 | F4: =IFERROR(VLOOKUP("*"&$B4&"*",'Energy Yearbook Data'!$I$4:$T$34,COLUMN(E$2),FALSE)*10+VLOOKUP("*"&$B4&"*",'Energy Yearbook Data'!$I$4:$AE$34,COLUMN(P$2),FALSE)*10,"") -> 4334112.1 | G4: =IFERROR(VLOOKUP("*"&$B4&"*",'Energy Yearbook Data'!$I$4:$T$34,COLUMN(F$2),FALSE)*10+VLOOKUP("*"&$B4&"*",'Energy Yearbook Data'!$I$4:$AE$34,COLUMN(Q$2),FALSE)*10,"") -> 4610571.5 | H4: =IFERROR(VLOOKUP("*"&$B4&"*",'Energy Yearbook Data'!$I$4:$T$34,COLUMN(G$2),FALSE)*10+VLOOKUP("*"&$B4&"*",'Energy Yearbook Data'!$I$4:$AE$34,COLUMN(R$2),FALSE)*10,"") -> 4967021.6 | I4: =IFERROR(VLOOKUP("*"&$B4&"*",'Energy Yearbook Data'!$I$4:$T$34,COLUMN(H$2),FALSE)*10+VLOOKUP("*"&$B4&"*",'Energy Yearbook Data'!$I$4:$AE$34,COLUMN(S$2),FALSE)*10,"") -> 5300081.3 | J4: =IFERROR(VLOOKUP("*"&$B4&"*",'Energy Yearbook Data'!$I$4:$T$34,COLUMN(I$2),FALSE)*10+VLOOKUP("*"&$B4&"*",'Energy Yearbook Data'!$I$4:$AE$34,COLUMN(T$2),FALSE)*10,"") -> 6205618.3 | ... M4: =IFERROR(VLOOKUP("*"&$B4&"*",'Energy Yearbook Data'!$I$4:$T$34,COLUMN(L$2),FALSE)*10+VLOOKUP("*"&$B4&"*",'Energy Yearbook Data'!$I$4:$AE$34,COLUMN(W$2),FALSE)*10,"") -> 8523781.6 | N4: =IFERROR(VLOOKUP("*"&$B4&"*",'Energy Yearbook Data'!$I$4:$DZ$34,COLUMN(DH$2),FALSE)*10,"") -> 3538489.1 | O4: =IFERROR(VLOOKUP("*"&$B4&"*",'Energy Yearbook Data'!$I$4:$DZ$34,COLUMN(DI$2),FALSE)*10,"") -> 3837218.4 | P4: =IFERROR(VLOOKUP("*"&$B4&"*",'Energy Yearbook Data'!$I$4:$DZ$34,COLUMN(DJ$2),FALSE)*10,"") -> 4131025.6 | Q4: =IFERROR(VLOOKUP("*"&$B4&"*",'Energy Yearbook Data'!$I$4:$DZ$34,COLUMN(DK$2),FALSE)*10,"") -> 4334403.4 | R4: =IFERROR(VLOOKUP("*"&$B4&"*",'Energy Yearbook Data'!$I$4:$DZ$34,COLUMN(DL$2),FALSE)*10,"") -> 4611066.4 | S4: =IFERROR(VLOOKUP("*"&$B4&"*",'Energy Yearbook Data'!$I$4:$DZ$34,COLUMN(DM$2),FALSE)*10,"") -> 4965445.2 | T4: =IFERROR(VLOOKUP("*"&$B4&"*",'Energy Yearbook Data'!$I$4:$DZ$34,COLUMN(DN$2),FALSE)*10,"") -> 5300066 | U4: =IFERROR(VLOOKUP("*"&$B4&"*",'Energy Yearbook Data'!$I$4:$DZ$34,COLUMN(DO$2),FALSE)*10,"") -> 6205432.2 | ... X4: =IFERROR(VLOOKUP("*"&$B4&"*",'Energy Yearbook Data'!$I$4:$DZ$34,COLUMN(DR$2),FALSE)*10,"") -> 8520460.6 | Y4: =SUM(Y5:Y35) -> 2694520 | Z4: =SUM(Z5:Z35) -> 2895140 | AA4: =SUM(AA5:AA35) -> 3192840 | AB4: =SUM(AB5:AB35) -> 3207490 | AC4: =SUM(AC5:AC35) -> 3459130 | AD4: =SUM(AD5:AD35) -> 3578400 | AE4: =SUM(AE5:AE35) -> 3630290 | AF4: =SUM(AF5:AF35) -> 3758400 | ... AI4: =SUM(AI5:AI35) -> 4258780 | AJ4: =VLOOKUP("*"&$B4&"*",'CHP Data'!$B$4:$X$36,COLUMN(M$1),FALSE)/1000 -> 2978593 | AK4: =VLOOKUP("*"&$B4&"*",'CHP Data'!$B$4:$X$36,COLUMN(N$1),FALSE)/1000 -> 3077491.8 | AL4: =VLOOKUP("*"&$B4&"*",'CHP Data'!$B$4:$X$36,COLUMN(O$1),FALSE)/1000 -> 3241281.6 | AM4: =VLOOKUP("*"&$B4&"*",'CHP Data'!$B$4:$X$36,COLUMN(P$1),FALSE)/1000 -> 3183615.7 | AN4: =VLOOKUP("*"&$B4&"*",'CHP Data'!$B$4:$X$36,COLUMN(Q$1),FALSE)/1000 -> 3680121.6 | AO4: =VLOOKUP("*"&$B4&"*",'CHP Data'!$B$4:$X$36,COLUMN(R$1),FALSE)/1000 -> 3858555.7 | AP4: =VLOOKUP("*"&$B4&"*",'CHP Data'!$B$4:$X$36,COLUMN(S$1),FALSE)/1000 -> 4210843.6 | AQ4: =VLOOKUP("*"&$B4&"*",'CHP Data'!$B$4:$X$36,COLUMN(T$1),FALSE)/1000 -> 4806252.2 | ... AT4: =VLOOKUP("*"&$B4&"*",'CHP Data'!$B$4:$X$36,COLUMN(W$1),FALSE)/1000 -> 5671140
B5: 北京 | C5: =IFERROR(VLOOKUP("*"&$B5&"*",'Energy Yearbook Data'!$I$4:$T$34,COLUMN(B$2),FALSE)*10+VLOOKUP("*"&$B5&"*",'Energy Yearbook Data'!$I$4:$AE$34,COLUMN(M$2),FALSE)*10,"") -> 151277.3 | D5: =IFERROR(VLOOKUP("*"&$B5&"*",'Energy Yearbook Data'!$I$4:$T$34,COLUMN(C$2),FALSE)*10+VLOOKUP("*"&$B5&"*",'Energy Yearbook Data'!$I$4:$AE$34,COLUMN(N$2),FALSE)*10,"") -> 156323.7 | E5: =IFERROR(VLOOKUP("*"&$B5&"*",'Energy Yearbook Data'!$I$4:$T$34,COLUMN(D$2),FALSE)*10+VLOOKUP("*"&$B5&"*",'Energy Yearbook Data'!$I$4:$AE$34,COLUMN(O$2),FALSE)*10,"") -> 148935.67 | F5: =IFERROR(VLOOKUP("*"&$B5&"*",'Energy Yearbook Data'!$I$4:$T$34,COLUMN(E$2),FALSE)*10+VLOOKUP("*"&$B5&"*",'Energy Yearbook Data'!$I$4:$AE$34,COLUMN(P$2),FALSE)*10,"") -> 150554.36 | G5: =IFERROR(VLOOKUP("*"&$B5&"*",'Energy Yearbook Data'!$I$4:$T$34,COLUMN(F$2),FALSE)*10+VLOOKUP("*"&$B5&"*",'Energy Yearbook Data'!$I$4:$AE$34,COLUMN(Q$2),FALSE)*10,"") -> 158197.4 | H5: =IFERROR(VLOOKUP("*"&$B5&"*",'Energy Yearbook Data'!$I$4:$T$34,COLUMN(G$2),FALSE)*10+VLOOKUP("*"&$B5&"*",'Energy Yearbook Data'!$I$4:$AE$34,COLUMN(R$2),FALSE)*10,"") -> 160919.03 | I5: =IFERROR(VLOOKUP("*"&$B5&"*",'Energy Yearbook Data'!$I$4:$T$34,COLUMN(H$2),FALSE)*10+VLOOKUP("*"&$B5&"*",'Energy Yearbook Data'!$I$4:$AE$34,COLUMN(S$2),FALSE)*10,"") -> 164732.7 | J5: =IFERROR(VLOOKUP("*"&$B5&"*",'Energy Yearbook Data'!$I$4:$T$34,COLUMN(I$2),FALSE)*10+VLOOKUP("*"&$B5&"*",'Energy Yearbook Data'!$I$4:$AE$34,COLUMN(T$2),FALSE)*10,"") -> 183800 | ... M5: =IFERROR(VLOOKUP("*"&$B5&"*",'Energy Yearbook Data'!$I$4:$T$34,COLUMN(L$2),FALSE)*10+VLOOKUP("*"&$B5&"*",'Energy Yearbook Data'!$I$4:$AE$34,COLUMN(W$2),FALSE)*10,"") -> 195407.8 | N5: =IFERROR(VLOOKUP("*"&$B5&"*",'Energy Yearbook Data'!$I$4:$DZ$34,COLUMN(DH$2),FALSE)*10,"") -> 175390.88 | O5: =IFERROR(VLOOKUP("*"&$B5&"*",'Energy Yearbook Data'!$I$4:$DZ$34,COLUMN(DI$2),FALSE)*10,"") -> 170659.2 | P5: =IFERROR(VLOOKUP("*"&$B5&"*",'Energy Yearbook Data'!$I$4:$DZ$34,COLUMN(DJ$2),FALSE)*10,"") -> 154082.18 | Q5: =IFERROR(VLOOKUP("*"&$B5&"*",'Energy Yearbook Data'!$I$4:$DZ$34,COLUMN(DK$2),FALSE)*10,"") -> 165777.86 | R5: =IFERROR(VLOOKUP("*"&$B5&"*",'Energy Yearbook Data'!$I$4:$DZ$34,COLUMN(DL$2),FALSE)*10,"") -> 168034 | S5: =IFERROR(VLOOKUP("*"&$B5&"*",'Energy Yearbook Data'!$I$4:$DZ$34,COLUMN(DM$2),FALSE)*10,"") -> 166598.28 | T5: =IFERROR(VLOOKUP("*"&$B5&"*",'Energy Yearbook Data'!$I$4:$DZ$34,COLUMN(DN$2),FALSE)*10,"") -> 170903.4 | U5: =IFERROR(VLOOKUP("*"&$B5&"*",'Energy Yearbook Data'!$I$4:$DZ$34,COLUMN(DO$2),FALSE)*10,"") -> 189213.3 | ... X5: =IFERROR(VLOOKUP("*"&$B5&"*",'Energy Yearbook Data'!$I$4:$DZ$34,COLUMN(DR$2),FALSE)*10,"") -> 203933.6 | Y5: =VLOOKUP("*"&$B5&"*",'Statistical Yearbook Data'!$F$3:$R$33,COLUMN(B$1),FALSE)*10 -> 360280 | Z5: =VLOOKUP("*"&$B5&"*",'Statistical Yearbook Data'!$F$3:$R$33,COLUMN(C$1),FALSE)*10 -> 355110 | AA5: =VLOOKUP("*"&$B5&"*",'Statistical Yearbook Data'!$F$3:$R$33,COLUMN(D$1),FALSE)*10 -> 341280 | AB5: =VLOOKUP("*"&$B5&"*",'Statistical Yearbook Data'!$F$3:$R$33,COLUMN(E$1),FALSE)*10 -> 354660 | AC5: =VLOOKUP("*"&$B5&"*",'Statistical Yearbook Data'!$F$3:$R$33,COLUMN(F$1),FALSE)*10 -> 360230 | AD5: =VLOOKUP("*"&$B5&"*",'Statistical Yearbook Data'!$F$3:$R$33,COLUMN(G$1),FALSE)*10 -> 377340 | AE5: =VLOOKUP("*"&$B5&"*",'Statistical Yearbook Data'!$F$3:$R$33,COLUMN(H$1),FALSE)*10 -> 250430 | AF5: =VLOOKUP("*"&$B5&"*",'Statistical Yearbook Data'!$F$3:$R$33,COLUMN(I$1),FALSE)*10 -> 203500 | ... AI5: =VLOOKUP("*"&$B5&"*",'Statistical Yearbook Data'!$F$3:$R$33,COLUMN(L$1),FALSE)*10 -> 196140 | AJ5: =VLOOKUP("*"&$B5&"*",'CHP Data'!$B$4:$X$36,COLUMN(M$1),FALSE)/1000 -> 79307.581 | AK5: =VLOOKUP("*"&$B5&"*",'CHP Data'!$B$4:$X$36,COLUMN(N$1),FALSE)/1000 -> 81831.444 | AL5: =VLOOKUP("*"&$B5&"*",'CHP Data'!$B$4:$X$36,COLUMN(O$1),FALSE)/1000 -> 75083.461 | AM5: =VLOOKUP("*"&$B5&"*",'CHP Data'!$B$4:$X$36,COLUMN(P$1),FALSE)/1000 -> 75630.662 | AN5: =VLOOKUP("*"&$B5&"*",'CHP Data'!$B$4:$X$36,COLUMN(Q$1),FALSE)/1000 -> 78308.097 | AO5: =VLOOKUP("*"&$B5&"*",'CHP Data'!$B$4:$X$36,COLUMN(R$1),FALSE)/1000 -> 77396.957 | AP5: =VLOOKUP("*"&$B5&"*",'CHP Data'!$B$4:$X$36,COLUMN(S$1),FALSE)/1000 -> 76972.628 | AQ5: =VLOOKUP("*"&$B5&"*",'CHP Data'!$B$4:$X$36,COLUMN(T$1),FALSE)/1000 -> 81550.005 | ... AT5: =VLOOKUP("*"&$B5&"*",'CHP Data'!$B$4:$X$36,COLUMN(W$1),FALSE)/1000 -> 79620
B6: 天津 | C6: =IFERROR(VLOOKUP("*"&$B6&"*",'Energy Yearbook Data'!$I$4:$T$34,COLUMN(B$2),FALSE)*10+VLOOKUP("*"&$B6&"*",'Energy Yearbook Data'!$I$4:$AE$34,COLUMN(M$2),FALSE)*10,"") -> 172096.8 | D6: =IFERROR(VLOOKUP("*"&$B6&"*",'Energy Yearbook Data'!$I$4:$T$34,COLUMN(C$2),FALSE)*10+VLOOKUP("*"&$B6&"*",'Energy Yearbook Data'!$I$4:$AE$34,COLUMN(N$2),FALSE)*10,"") -> 192600 | E6: =IFERROR(VLOOKUP("*"&$B6&"*",'Energy Yearbook Data'!$I$4:$T$34,COLUMN(D$2),FALSE)*10+VLOOKUP("*"&$B6&"*",'Energy Yearbook Data'!$I$4:$AE$34,COLUMN(O$2),FALSE)*10,"") -> 196008.1 | F6: =IFERROR(VLOOKUP("*"&$B6&"*",'Energy Yearbook Data'!$I$4:$T$34,COLUMN(E$2),FALSE)*10+VLOOKUP("*"&$B6&"*",'Energy Yearbook Data'!$I$4:$AE$34,COLUMN(P$2),FALSE)*10,"") -> 200104.9 | G6: =IFERROR(VLOOKUP("*"&$B6&"*",'Energy Yearbook Data'!$I$4:$T$34,COLUMN(F$2),FALSE)*10+VLOOKUP("*"&$B6&"*",'Energy Yearbook Data'!$I$4:$AE$34,COLUMN(Q$2),FALSE)*10,"") -> 204309.5 | H6: =IFERROR(VLOOKUP("*"&$B6&"*",'Energy Yearbook Data'!$I$4:$T$34,COLUMN(G$2),FALSE)*10+VLOOKUP("*"&$B6&"*",'Energy Yearbook Data'!$I$4:$AE$34,COLUMN(R$2),FALSE)*10,"") -> 203179.7 | I6: =IFERROR(VLOOKUP("*"&$B6&"*",'Energy Yearbook Data'!$I$4:$T$34,COLUMN(H$2),FALSE)*10+VLOOKUP("*"&$B6&"*",'Energy Yearbook Data'!$I$4:$AE$34,COLUMN(S$2),FALSE)*10,"") -> 213349.2 | J6: =IFERROR(VLOOKUP("*"&$B6&"*",'Energy Yearbook Data'!$I$4:$T$34,COLUMN(I$2),FALSE)*10+VLOOKUP("*"&$B6&"*",'Energy Yearbook Data'!$I$4:$AE$34,COLUMN(T$2),FALSE)*10,"") -> 225924.8 | ... M6: =IFERROR(VLOOKUP("*"&$B6&"*",'Energy Yearbook Data'!$I$4:$T$34,COLUMN(L$2),FALSE)*10+VLOOKUP("*"&$B6&"*",'Energy Yearbook Data'!$I$4:$AE$34,COLUMN(W$2),FALSE)*10,"") -> 231827.1 | N6: =IFERROR(VLOOKUP("*"&$B6&"*",'Energy Yearbook Data'!$I$4:$DZ$34,COLUMN(DH$2),FALSE)*10,"") -> 172088.1 | O6: =IFERROR(VLOOKUP("*"&$B6&"*",'Energy Yearbook Data'!$I$4:$DZ$34,COLUMN(DI$2),FALSE)*10,"") -> 192602.9 | P6: =IFERROR(VLOOKUP("*"&$B6&"*",'Energy Yearbook Data'!$I$4:$DZ$34,COLUMN(DJ$2),FALSE)*10,"") -> 196008.1 | Q6: =IFERROR(VLOOKUP("*"&$B6&"*",'Energy Yearbook Data'!$I$4:$DZ$34,COLUMN(DK$2),FALSE)*10,"") -> 200104.9 | R6: =IFERROR(VLOOKUP("*"&$B6&"*",'Energy Yearbook Data'!$I$4:$DZ$34,COLUMN(DL$2),FALSE)*10,"") -> 204309.5 | S6: =IFERROR(VLOOKUP("*"&$B6&"*",'Energy Yearbook Data'!$I$4:$DZ$34,COLUMN(DM$2),FALSE)*10,"") -> 203179.7 | T6: =IFERROR(VLOOKUP("*"&$B6&"*",'Energy Yearbook Data'!$I$4:$DZ$34,COLUMN(DN$2),FALSE)*10,"") -> 213349.2 | U6: =IFERROR(VLOOKUP("*"&$B6&"*",'Energy Yearbook Data'!$I$4:$DZ$34,COLUMN(DO$2),FALSE)*10,"") -> 225924.8 | ... X6: =IFERROR(VLOOKUP("*"&$B6&"*",'Energy Yearbook Data'!$I$4:$DZ$34,COLUMN(DR$2),FALSE)*10,"") -> 231827.1 | Y6: =VLOOKUP("*"&$B6&"*",'Statistical Yearbook Data'!$F$3:$R$33,COLUMN(B$1),FALSE)*10 -> 116760 | Z6: =VLOOKUP("*"&$B6&"*",'Statistical Yearbook Data'!$F$3:$R$33,COLUMN(C$1),FALSE)*10 -> 120010 | AA6: =VLOOKUP("*"&$B6&"*",'Statistical Yearbook Data'!$F$3:$R$33,COLUMN(D$1),FALSE)*10 -> 131110 | AB6: =VLOOKUP("*"&$B6&"*",'Statistical Yearbook Data'!$F$3:$R$33,COLUMN(E$1),FALSE)*10 -> 127920 | AC6: =VLOOKUP("*"&$B6&"*",'Statistical Yearbook Data'!$F$3:$R$33,COLUMN(F$1),FALSE)*10 -> 136330 | AD6: =VLOOKUP("*"&$B6&"*",'Statistical Yearbook Data'!$F$3:$R$33,COLUMN(G$1),FALSE)*10 -> 148910 | AE6: =VLOOKUP("*"&$B6&"*",'Statistical Yearbook Data'!$F$3:$R$33,COLUMN(H$1),FALSE)*10 -> 159960 | AF6: =VLOOKUP("*"&$B6&"*",'Statistical Yearbook Data'!$F$3:$R$33,COLUMN(I$1),FALSE)*10 -> 174250 | ... AI6: =VLOOKUP("*"&$B6&"*",'Statistical Yearbook Data'!$F$3:$R$33,COLUMN(L$1),FALSE)*10 -> 168040 | AJ6: =VLOOKUP("*"&$B6&"*",'CHP Data'!$B$4:$X$36,COLUMN(M$1),FALSE)/1000 -> 73513.29 | AK6: =VLOOKUP("*"&$B6&"*",'CHP Data'!$B$4:$X$36,COLUMN(N$1),FALSE)/1000 -> 71179.699 | AL6: =VLOOKUP("*"&$B6&"*",'CHP Data'!$B$4:$X$36,COLUMN(O$1),FALSE)/1000 -> 74768.662 | AM6: =VLOOKUP("*"&$B6&"*",'CHP Data'!$B$4:$X$36,COLUMN(P$1),FALSE)/1000 -> 73101.883 | AN6: =VLOOKUP("*"&$B6&"*",'CHP Data'!$B$4:$X$36,COLUMN(Q$1),FALSE)/1000 -> 77234.706 | AO6: =VLOOKUP("*"&$B6&"*",'CHP Data'!$B$4:$X$36,COLUMN(R$1),FALSE)/1000 -> 79878.126 | AP6: =VLOOKUP("*"&$B6&"*",'CHP Data'!$B$4:$X$36,COLUMN(S$1),FALSE)/1000 -> 88056.694 | AQ6: =VLOOKUP("*"&$B6&"*",'CHP Data'!$B$4:$X$36,COLUMN(T$1),FALSE)/1000 -> 94896.3 | ... AT6: =VLOOKUP("*"&$B6&"*",'CHP Data'!$B$4:$X$36,COLUMN(W$1),FALSE)/1000 -> 99580
B7: 河北 | C7: =IFERROR(VLOOKUP("*"&$B7&"*",'Energy Yearbook Data'!$I$4:$T$34,COLUMN(B$2),FALSE)*10+VLOOKUP("*"&$B7&"*",'Energy Yearbook Data'!$I$4:$AE$34,COLUMN(M$2),FALSE)*10,"") -> 292591.1 | D7: =IFERROR(VLOOKUP("*"&$B7&"*",'Energy Yearbook Data'!$I$4:$T$34,COLUMN(C$2),FALSE)*10+VLOOKUP("*"&$B7&"*",'Energy Yearbook Data'!$I$4:$AE$34,COLUMN(N$2),FALSE)*10,"") -> 331221.9 | E7: =IFERROR(VLOOKUP("*"&$B7&"*",'Energy Yearbook Data'!$I$4:$T$34,COLUMN(D$2),FALSE)*10+VLOOKUP("*"&$B7&"*",'Energy Yearbook Data'!$I$4:$AE$34,COLUMN(O$2),FALSE)*10,"") -> 402919.1 | F7: =IFERROR(VLOOKUP("*"&$B7&"*",'Energy Yearbook Data'!$I$4:$T$34,COLUMN(E$2),FALSE)*10+VLOOKUP("*"&$B7&"*",'Energy Yearbook Data'!$I$4:$AE$34,COLUMN(P$2),FALSE)*10,"") -> 394277.54 | G7: =IFERROR(VLOOKUP("*"&$B7&"*",'Energy Yearbook Data'!$I$4:$T$34,COLUMN(F$2),FALSE)*10+VLOOKUP("*"&$B7&"*",'Energy Yearbook Data'!$I$4:$AE$34,COLUMN(Q$2),FALSE)*10,"") -> 422425.5 | H7: =IFERROR(VLOOKUP("*"&$B7&"*",'Energy Yearbook Data'!$I$4:$T$34,COLUMN(G$2),FALSE)*10+VLOOKUP("*"&$B7&"*",'Energy Yearbook Data'!$I$4:$AE$34,COLUMN(R$2),FALSE)*10,"") -> 431501.5 | I7: =IFERROR(VLOOKUP("*"&$B7&"*",'Energy Yearbook Data'!$I$4:$T$34,COLUMN(H$2),FALSE)*10+VLOOKUP("*"&$B7&"*",'Energy Yearbook Data'!$I$4:$AE$34,COLUMN(S$2),FALSE)*10,"") -> 450871.1 | J7: =IFERROR(VLOOKUP("*"&$B7&"*",'Energy Yearbook Data'!$I$4:$T$34,COLUMN(I$2),FALSE)*10+VLOOKUP("*"&$B7&"*",'Energy Yearbook Data'!$I$4:$AE$34,COLUMN(T$2),FALSE)*10,"") -> 880635.7 | ... M7: =IFERROR(VLOOKUP("*"&$B7&"*",'Energy Yearbook Data'!$I$4:$T$34,COLUMN(L$2),FALSE)*10+VLOOKUP("*"&$B7&"*",'Energy Yearbook Data'!$I$4:$AE$34,COLUMN(W$2),FALSE)*10,"") -> 807925.8 | N7: =IFERROR(VLOOKUP("*"&$B7&"*",'Energy Yearbook Data'!$I$4:$DZ$34,COLUMN(DH$2),FALSE)*10,"") -> 292591.1 | O7: =IFERROR(VLOOKUP("*"&$B7&"*",'Energy Yearbook Data'!$I$4:$DZ$34,COLUMN(DI$2),FALSE)*10,"") -> 331221.9 | P7: =IFERROR(VLOOKUP("*"&$B7&"*",'Energy Yearbook Data'!$I$4:$DZ$34,COLUMN(DJ$2),FALSE)*10,"") -> 402919.1 | Q7: =IFERROR(VLOOKUP("*"&$B7&"*",'Energy Yearbook Data'!$I$4:$DZ$34,COLUMN(DK$2),FALSE)*10,"") -> 394277.51 | R7: =IFERROR(VLOOKUP("*"&$B7&"*",'Energy Yearbook Data'!$I$4:$DZ$34,COLUMN(DL$2),FALSE)*10,"") -> 422425.5 | S7: =IFERROR(VLOOKUP("*"&$B7&"*",'Energy Yearbook Data'!$I$4:$DZ$34,COLUMN(DM$2),FALSE)*10,"") -> 431501.5 | T7: =IFERROR(VLOOKUP("*"&$B7&"*",'Energy Yearbook Data'!$I$4:$DZ$34,COLUMN(DN$2),FALSE)*10,"") -> 450871 | U7: =IFERROR(VLOOKUP("*"&$B7&"*",'Energy Yearbook Data'!$I$4:$DZ$34,COLUMN(DO$2),FALSE)*10,"") -> 880783.1 | ... X7: =IFERROR(VLOOKUP("*"&$B7&"*",'Energy Yearbook Data'!$I$4:$DZ$34,COLUMN(DR$2),FALSE)*10,"") -> 805393 | Y7: =VLOOKUP("*"&$B7&"*",'Statistical Yearbook Data'!$F$3:$R$33,COLUMN(B$1),FALSE)*10 -> 228060 | Z7: =VLOOKUP("*"&$B7&"*",'Statistical Yearbook Data'!$F$3:$R$33,COLUMN(C$1),FALSE)*10 -> 226870 | AA7: =VLOOKUP("*"&$B7&"*",'Statistical Yearbook Data'!$F$3:$R$33,COLUMN(D$1),FALSE)*10 -> 233290 | AB7: =VLOOKUP("*"&$B7&"*",'Statistical Yearbook Data'!$F$3:$R$33,COLUMN(E$1),FALSE)*10 -> 248280 | AC7: =VLOOKUP("*"&$B7&"*",'Statistical Yearbook Data'!$F$3:$R$33,COLUMN(F$1),FALSE)*10 -> 263340 | AD7: =VLOOKUP("*"&$B7&"*",'Statistical Yearbook Data'!$F$3:$R$33,COLUMN(G$1),FALSE)*10 -> 281430 | AE7: =VLOOKUP("*"&$B7&"*",'Statistical Yearbook Data'!$F$3:$R$33,COLUMN(H$1),FALSE)*10 -> 296070 | AF7: =VLOOKUP("*"&$B7&"*",'Statistical Yearbook Data'!$F$3:$R$33,COLUMN(I$1),FALSE)*10 -> 342180 | ... AI7: =VLOOKUP("*"&$B7&"*",'Statistical Yearbook Data'!$F$3:$R$33,COLUMN(L$1),FALSE)*10 -> 353720 | AJ7: =VLOOKUP("*"&$B7&"*",'CHP Data'!$B$4:$X$36,COLUMN(M$1),FALSE)/1000 -> 202303.05 | AK7: =VLOOKUP("*"&$B7&"*",'CHP Data'!$B$4:$X$36,COLUMN(N$1),FALSE)/1000 -> 185994.38 | AL7: =VLOOKUP("*"&$B7&"*",'CHP Data'!$B$4:$X$36,COLUMN(O$1),FALSE)/1000 -> 175400.97 | AM7: =VLOOKUP("*"&$B7&"*",'CHP Data'!$B$4:$X$36,COLUMN(P$1),FALSE)/1000 -> 127355.31 | AN7: =VLOOKUP("*"&$B7&"*",'CHP Data'!$B$4:$X$36,COLUMN(Q$1),FALSE)/1000 -> 203633.14 | AO7: =VLOOKUP("*"&$B7&"*",'CHP Data'!$B$4:$X$36,COLUMN(R$1),FALSE)/1000 -> 210216.53 | AP7: =VLOOKUP("*"&$B7&"*",'CHP Data'!$B$4:$X$36,COLUMN(S$1),FALSE)/1000 -> 225190.61 | AQ7: =VLOOKUP("*"&$B7&"*",'CHP Data'!$B$4:$X$36,COLUMN(T$1),FALSE)/1000 -> 266940.54 | ... AT7: =VLOOKUP("*"&$B7&"*",'CHP Data'!$B$4:$X$36,COLUMN(W$1),FALSE)/1000 -> 329200
B8: 山西 | C8: =IFERROR(VLOOKUP("*"&$B8&"*",'Energy Yearbook Data'!$I$4:$T$34,COLUMN(B$2),FALSE)*10+VLOOKUP("*"&$B8&"*",'Energy Yearbook Data'!$I$4:$AE$34,COLUMN(M$2),FALSE)*10,"") -> 144724.7 | D8: =IFERROR(VLOOKUP("*"&$B8&"*",'Energy Yearbook Data'!$I$4:$T$34,COLUMN(C$2),FALSE)*10+VLOOKUP("*"&$B8&"*",'Energy Yearbook Data'!$I$4:$AE$34,COLUMN(N$2),FALSE)*10,"") -> 160145.5 | E8: =IFERROR(VLOOKUP("*"&$B8&"*",'Energy Yearbook Data'!$I$4:$T$34,COLUMN(D$2),FALSE)*10+VLOOKUP("*"&$B8&"*",'Energy Yearbook Data'!$I$4:$AE$34,COLUMN(O$2),FALSE)*10,"") -> 235708 | F8: =IFERROR(VLOOKUP("*"&$B8&"*",'Energy Yearbook Data'!$I$4:$T$34,COLUMN(E$2),FALSE)*10+VLOOKUP("*"&$B8&"*",'Energy Yearbook Data'!$I$4:$AE$34,COLUMN(P$2),FALSE)*10,"") -> 266901.6 | G8: =IFERROR(VLOOKUP("*"&$B8&"*",'Energy Yearbook Data'!$I$4:$T$34,COLUMN(F$2),FALSE)*10+VLOOKUP("*"&$B8&"*",'Energy Yearbook Data'!$I$4:$AE$34,COLUMN(Q$2),FALSE)*10,"") -> 299130.4 | H8: =IFERROR(VLOOKUP("*"&$B8&"*",'Energy Yearbook Data'!$I$4:$T$34,COLUMN(G$2),FALSE)*10+VLOOKUP("*"&$B8&"*",'Energy Yearbook Data'!$I$4:$AE$34,COLUMN(R$2),FALSE)*10,"") -> 313675.4 | I8: =IFERROR(VLOOKUP("*"&$B8&"*",'Energy Yearbook Data'!$I$4:$T$34,COLUMN(H$2),FALSE)*10+VLOOKUP("*"&$B8&"*",'Energy Yearbook Data'!$I$4:$AE$34,COLUMN(S$2),FALSE)*10,"") -> 340309 | J8: =IFERROR(VLOOKUP("*"&$B8&"*",'Energy Yearbook Data'!$I$4:$T$34,COLUMN(I$2),FALSE)*10+VLOOKUP("*"&$B8&"*",'Energy Yearbook Data'!$I$4:$AE$34,COLUMN(T$2),FALSE)*10,"") -> 351971.3 | ... M8: =IFERROR(VLOOKUP("*"&$B8&"*",'Energy Yearbook Data'!$I$4:$T$34,COLUMN(L$2),FALSE)*10+VLOOKUP("*"&$B8&"*",'Energy Yearbook Data'!$I$4:$AE$34,COLUMN(W$2),FALSE)*10,"") -> 411141.4 | N8: =IFERROR(VLOOKUP("*"&$B8&"*",'Energy Yearbook Data'!$I$4:$DZ$34,COLUMN(DH$2),FALSE)*10,"") -> 144724.7 | O8: =IFERROR(VLOOKUP("*"&$B8&"*",'Energy Yearbook Data'!$I$4:$DZ$34,COLUMN(DI$2),FALSE)*10,"") -> 160145.5 | P8: =IFERROR(VLOOKUP("*"&$B8&"*",'Energy Yearbook Data'!$I$4:$DZ$34,COLUMN(DJ$2),FALSE)*10,"") -> 235708 | Q8: =IFERROR(VLOOKUP("*"&$B8&"*",'Energy Yearbook Data'!$I$4:$DZ$34,COLUMN(DK$2),FALSE)*10,"") -> 266901.6 | R8: =IFERROR(VLOOKUP("*"&$B8&"*",'Energy Yearbook Data'!$I$4:$DZ$34,COLUMN(DL$2),FALSE)*10,"") -> 299130.4 | S8: =IFERROR(VLOOKUP("*"&$B8&"*",'Energy Yearbook Data'!$I$4:$DZ$34,COLUMN(DM$2),FALSE)*10,"") -> 313675.4 | T8: =IFERROR(VLOOKUP("*"&$B8&"*",'Energy Yearbook Data'!$I$4:$DZ$34,COLUMN(DN$2),FALSE)*10,"") -> 340309 | U8: =IFERROR(VLOOKUP("*"&$B8&"*",'Energy Yearbook Data'!$I$4:$DZ$34,COLUMN(DO$2),FALSE)*10,"") -> 351971.3 | ... X8: =IFERROR(VLOOKUP("*"&$B8&"*",'Energy Yearbook Data'!$I$4:$DZ$34,COLUMN(DR$2),FALSE)*10,"") -> 411141.4 | Y8: =VLOOKUP("*"&$B8&"*",'Statistical Yearbook Data'!$F$3:$R$33,COLUMN(B$1),FALSE)*10 -> 122340 | Z8: =VLOOKUP("*"&$B8&"*",'Statistical Yearbook Data'!$F$3:$R$33,COLUMN(C$1),FALSE)*10 -> 140620 | AA8: =VLOOKUP("*"&$B8&"*",'Statistical Yearbook Data'!$F$3:$R$33,COLUMN(D$1),FALSE)*10 -> 176410 | AB8: =VLOOKUP("*"&$B8&"*",'Statistical Yearbook Data'!$F$3:$R$33,COLUMN(E$1),FALSE)*10 -> 159010 | AC8: =VLOOKUP("*"&$B8&"*",'Statistical Yearbook Data'!$F$3:$R$33,COLUMN(F$1),FALSE)*10 -> 202780 | AD8: =VLOOKUP("*"&$B8&"*",'Statistical Yearbook Data'!$F$3:$R$33,COLUMN(G$1),FALSE)*10 -> 175730 | AE8: =VLOOKUP("*"&$B8&"*",'Statistical Yearbook Data'!$F$3:$R$33,COLUMN(H$1),FALSE)*10 -> 198090 | AF8: =VLOOKUP("*"&$B8&"*",'Statistical Yearbook Data'!$F$3:$R$33,COLUMN(I$1),FALSE)*10 -> 214570 | ... AI8: =VLOOKUP("*"&$B8&"*",'Statistical Yearbook Data'!$F$3:$R$33,COLUMN(L$1),FALSE)*10 -> 285430 | AJ8: =VLOOKUP("*"&$B8&"*",'CHP Data'!$B$4:$X$36,COLUMN(M$1),FALSE)/1000 -> 43700.534 | AK8: =VLOOKUP("*"&$B8&"*",'CHP Data'!$B$4:$X$36,COLUMN(N$1),FALSE)/1000 -> 50283.222 | AL8: =VLOOKUP("*"&$B8&"*",'CHP Data'!$B$4:$X$36,COLUMN(O$1),FALSE)/1000 -> 50758.515 | AM8: =VLOOKUP("*"&$B8&"*",'CHP Data'!$B$4:$X$36,COLUMN(P$1),FALSE)/1000 -> 52182.136 | AN8: =VLOOKUP("*"&$B8&"*",'CHP Data'!$B$4:$X$36,COLUMN(Q$1),FALSE)/1000 -> 130360.97 | AO8: =VLOOKUP("*"&$B8&"*",'CHP Data'!$B$4:$X$36,COLUMN(R$1),FALSE)/1000 -> 153220.87 | AP8: =VLOOKUP("*"&$B8&"*",'CHP Data'!$B$4:$X$36,COLUMN(S$1),FALSE)/1000 -> 180401.76 | AQ8: =VLOOKUP("*"&$B8&"*",'CHP Data'!$B$4:$X$36,COLUMN(T$1),FALSE)/1000 -> 217399.79 | ... AT8: =VLOOKUP("*"&$B8&"*",'CHP Data'!$B$4:$X$36,COLUMN(W$1),FALSE)/1000 -> 274450
B9: 内蒙古 | C9: =IFERROR(VLOOKUP("*"&$B9&"*",'Energy Yearbook Data'!$I$4:$T$34,COLUMN(B$2),FALSE)*10+VLOOKUP("*"&$B9&"*",'Energy Yearbook Data'!$I$4:$AE$34,COLUMN(M$2),FALSE)*10,"") -> 225475.8 | D9: =IFERROR(VLOOKUP("*"&$B9&"*",'Energy Yearbook Data'!$I$4:$T$34,COLUMN(C$2),FALSE)*10+VLOOKUP("*"&$B9&"*",'Energy Yearbook Data'!$I$4:$AE$34,COLUMN(N$2),FALSE)*10,"") -> 280255.1 | E9: =IFERROR(VLOOKUP("*"&$B9&"*",'Energy Yearbook Data'!$I$4:$T$34,COLUMN(D$2),FALSE)*10+VLOOKUP("*"&$B9&"*",'Energy Yearbook Data'!$I$4:$AE$34,COLUMN(O$2),FALSE)*10,"") -> 288792.7 | F9: =IFERROR(VLOOKUP("*"&$B9&"*",'Energy Yearbook Data'!$I$4:$T$34,COLUMN(E$2),FALSE)*10+VLOOKUP("*"&$B9&"*",'Energy Yearbook Data'!$I$4:$AE$34,COLUMN(P$2),FALSE)*10,"") -> 304255.5 | G9: =IFERROR(VLOOKUP("*"&$B9&"*",'Energy Yearbook Data'!$I$4:$T$34,COLUMN(F$2),FALSE)*10+VLOOKUP("*"&$B9&"*",'Energy Yearbook Data'!$I$4:$AE$34,COLUMN(Q$2),FALSE)*10,"") -> 347962.4 | H9: =IFERROR(VLOOKUP("*"&$B9&"*",'Energy Yearbook Data'!$I$4:$T$34,COLUMN(G$2),FALSE)*10+VLOOKUP("*"&$B9&"*",'Energy Yearbook Data'!$I$4:$AE$34,COLUMN(R$2),FALSE)*10,"") -> 385632 | I9: =IFERROR(VLOOKUP("*"&$B9&"*",'Energy Yearbook Data'!$I$4:$T$34,COLUMN(H$2),FALSE)*10+VLOOKUP("*"&$B9&"*",'Energy Yearbook Data'!$I$4:$AE$34,COLUMN(S$2),FALSE)*10,"") -> 422702.7 | J9: =IFERROR(VLOOKUP("*"&$B9&"*",'Energy Yearbook Data'!$I$4:$T$34,COLUMN(I$2),FALSE)*10+VLOOKUP("*"&$B9&"*",'Energy Yearbook Data'!$I$4:$AE$34,COLUMN(T$2),FALSE)*10,"") -> 521979.9 | ... M9: =IFERROR(VLOOKUP("*"&$B9&"*",'Energy Yearbook Data'!$I$4:$T$34,COLUMN(L$2),FALSE)*10+VLOOKUP("*"&$B9&"*",'Energy Yearbook Data'!$I$4:$AE$34,COLUMN(W$2),FALSE)*10,"") -> 777232.1 | N9: =IFERROR(VLOOKUP("*"&$B9&"*",'Energy Yearbook Data'!$I$4:$DZ$34,COLUMN(DH$2),FALSE)*10,"") -> 225475.75 | O9: =IFERROR(VLOOKUP("*"&$B9&"*",'Energy Yearbook Data'!$I$4:$DZ$34,COLUMN(DI$2),FALSE)*10,"") -> 280255.1 | P9: =IFERROR(VLOOKUP("*"&$B9&"*",'Energy Yearbook Data'!$I$4:$DZ$34,COLUMN(DJ$2),FALSE)*10,"") -> 288792.7 | Q9: =IFERROR(VLOOKUP("*"&$B9&"*",'Energy Yearbook Data'!$I$4:$DZ$34,COLUMN(DK$2),FALSE)*10,"") -> 304255.55 | R9: =IFERROR(VLOOKUP("*"&$B9&"*",'Energy Yearbook Data'!$I$4:$DZ$34,COLUMN(DL$2),FALSE)*10,"") -> 347962.4 | S9: =IFERROR(VLOOKUP("*"&$B9&"*",'Energy Yearbook Data'!$I$4:$DZ$34,COLUMN(DM$2),FALSE)*10,"") -> 385632 | T9: =IFERROR(VLOOKUP("*"&$B9&"*",'Energy Yearbook Data'!$I$4:$DZ$34,COLUMN(DN$2),FALSE)*10,"") -> 422702.7 | U9: =IFERROR(VLOOKUP("*"&$B9&"*",'Energy Yearbook Data'!$I$4:$DZ$34,COLUMN(DO$2),FALSE)*10,"") -> 521979.9 | ... X9: =IFERROR(VLOOKUP("*"&$B9&"*",'Energy Yearbook Data'!$I$4:$DZ$34,COLUMN(DR$2),FALSE)*10,"") -> 774875.3 | Y9: =VLOOKUP("*"&$B9&"*",'Statistical Yearbook Data'!$F$3:$R$33,COLUMN(B$1),FALSE)*10 -> 173960 | Z9: =VLOOKUP("*"&$B9&"*",'Statistical Yearbook Data'!$F$3:$R$33,COLUMN(C$1),FALSE)*10 -> 199230 | AA9: =VLOOKUP("*"&$B9&"*",'Statistical Yearbook Data'!$F$3:$R$33,COLUMN(D$1),FALSE)*10 -> 230380 | AB9: =VLOOKUP("*"&$B9&"*",'Statistical Yearbook Data'!$F$3:$R$33,COLUMN(E$1),FALSE)*10 -> 277670 | AC9: =VLOOKUP("*"&$B9&"*",'Statistical Yearbook Data'!$F$3:$R$33,COLUMN(F$1),FALSE)*10 -> 328960 | AD9: =VLOOKUP("*"&$B9&"*",'Statistical Yearbook Data'!$F$3:$R$33,COLUMN(G$1),FALSE)*10 -> 308220 | AE9: =VLOOKUP("*"&$B9&"*",'Statistical Yearbook Data'!$F$3:$R$33,COLUMN(H$1),FALSE)*10 -> 282320 | AF9: =VLOOKUP("*"&$B9&"*",'Statistical Yearbook Data'!$F$3:$R$33,COLUMN(I$1),FALSE)*10 -> 314190 | ... AI9: =VLOOKUP("*"&$B9&"*",'Statistical Yearbook Data'!$F$3:$R$33,COLUMN(L$1),FALSE)*10 -> 393240 | AJ9: =VLOOKUP("*"&$B9&"*",'CHP Data'!$B$4:$X$36,COLUMN(M$1),FALSE)/1000 -> 174626.33 | AK9: =VLOOKUP("*"&$B9&"*",'CHP Data'!$B$4:$X$36,COLUMN(N$1),FALSE)/1000 -> 201440.98 | AL9: =VLOOKUP("*"&$B9&"*",'CHP Data'!$B$4:$X$36,COLUMN(O$1),FALSE)/1000 -> 224004.86 | AM9: =VLOOKUP("*"&$B9&"*",'CHP Data'!$B$4:$X$36,COLUMN(P$1),FALSE)/1000 -> 220037.56 | AN9: =VLOOKUP("*"&$B9&"*",'CHP Data'!$B$4:$X$36,COLUMN(Q$1),FALSE)/1000 -> 241222.12 | AO9: =VLOOKUP("*"&$B9&"*",'CHP Data'!$B$4:$X$36,COLUMN(R$1),FALSE)/1000 -> 255094.61 | AP9: =VLOOKUP("*"&$B9&"*",'CHP Data'!$B$4:$X$36,COLUMN(S$1),FALSE)/1000 -> 302937.85 | AQ9: =VLOOKUP("*"&$B9&"*",'CHP Data'!$B$4:$X$36,COLUMN(T$1),FALSE)/1000 -> 329495.57 | ... AT9: =VLOOKUP("*"&$B9&"*",'CHP Data'!$B$4:$X$36,COLUMN(W$1),FALSE)/1000 -> 379750
B10: 辽宁 | C10: =IFERROR(VLOOKUP("*"&$B10&"*",'Energy Yearbook Data'!$I$4:$T$34,COLUMN(B$2),FALSE)*10+VLOOKUP("*"&$B10&"*",'Energy Yearbook Data'!$I$4:$AE$34,COLUMN(M$2),FALSE)*10,"") -> 414112.3 | D10: =IFERROR(VLOOKUP("*"&$B10&"*",'Energy Yearbook Data'!$I$4:$T$34,COLUMN(C$2),FALSE)*10+VLOOKUP("*"&$B10&"*",'Energy Yearbook Data'!$I$4:$AE$34,COLUMN(N$2),FALSE)*10,"") -> 432844.1 | E10: =IFERROR(VLOOKUP("*"&$B10&"*",'Energy Yearbook Data'!$I$4:$T$34,COLUMN(D$2),FALSE)*10+VLOOKUP("*"&$B10&"*",'Energy Yearbook Data'!$I$4:$AE$34,COLUMN(O$2),FALSE)*10,"") -> 469047.3 | F10: =IFERROR(VLOOKUP("*"&$B10&"*",'Energy Yearbook Data'!$I$4:$T$34,COLUMN(E$2),FALSE)*10+VLOOKUP("*"&$B10&"*",'Energy Yearbook Data'!$I$4:$AE$34,COLUMN(P$2),FALSE)*10,"") -> 497803.3 | G10: =IFERROR(VLOOKUP("*"&$B10&"*",'Energy Yearbook Data'!$I$4:$T$34,COLUMN(F$2),FALSE)*10+VLOOKUP("*"&$B10&"*",'Energy Yearbook Data'!$I$4:$AE$34,COLUMN(Q$2),FALSE)*10,"") -> 526142.8 | H10: =IFERROR(VLOOKUP("*"&$B10&"*",'Energy Yearbook Data'!$I$4:$T$34,COLUMN(G$2),FALSE)*10+VLOOKUP("*"&$B10&"*",'Energy Yearbook Data'!$I$4:$AE$34,COLUMN(R$2),FALSE)*10,"") -> 557837.8 | I10: =IFERROR(VLOOKUP("*"&$B10&"*",'Energy Yearbook Data'!$I$4:$T$34,COLUMN(H$2),FALSE)*10+VLOOKUP("*"&$B10&"*",'Energy Yearbook Data'!$I$4:$AE$34,COLUMN(S$2),FALSE)*10,"") -> 607420.3 | J10: =IFERROR(VLOOKUP("*"&$B10&"*",'Energy Yearbook Data'!$I$4:$T$34,COLUMN(I$2),FALSE)*10+VLOOKUP("*"&$B10&"*",'Energy Yearbook Data'!$I$4:$AE$34,COLUMN(T$2),FALSE)*10,"") -> 670368.1 | ... M10: =IFERROR(VLOOKUP("*"&$B10&"*",'Energy Yearbook Data'!$I$4:$T$34,COLUMN(L$2),FALSE)*10+VLOOKUP("*"&$B10&"*",'Energy Yearbook Data'!$I$4:$AE$34,COLUMN(W$2),FALSE)*10,"") -> 848110.3 | N10: =IFERROR(VLOOKUP("*"&$B10&"*",'Energy Yearbook Data'!$I$4:$DZ$34,COLUMN(DH$2),FALSE)*10,"") -> 414112.3 | O10: =IFERROR(VLOOKUP("*"&$B10&"*",'Energy Yearbook Data'!$I$4:$DZ$34,COLUMN(DI$2),FALSE)*10,"") -> 432844.1 | P10: =IFERROR(VLOOKUP("*"&$B10&"*",'Energy Yearbook Data'!$I$4:$DZ$34,COLUMN(DJ$2),FALSE)*10,"") -> 469047.3 | Q10: =IFERROR(VLOOKUP("*"&$B10&"*",'Energy Yearbook Data'!$I$4:$DZ$34,COLUMN(DK$2),FALSE)*10,"") -> 497803.3 | R10: =IFERROR(VLOOKUP("*"&$B10&"*",'Energy Yearbook Data'!$I$4:$DZ$34,COLUMN(DL$2),FALSE)*10,"") -> 526142.8 | S10: =IFERROR(VLOOKUP("*"&$B10&"*",'Energy Yearbook Data'!$I$4:$DZ$34,COLUMN(DM$2),FALSE)*10,"") -> 557837.8 | T10: =IFERROR(VLOOKUP("*"&$B10&"*",'Energy Yearbook Data'!$I$4:$DZ$34,COLUMN(DN$2),FALSE)*10,"") -> 607420.3 | U10: =IFERROR(VLOOKUP("*"&$B10&"*",'Energy Yearbook Data'!$I$4:$DZ$34,COLUMN(DO$2),FALSE)*10,"") -> 670368.1 | ... X10: =IFERROR(VLOOKUP("*"&$B10&"*",'Energy Yearbook Data'!$I$4:$DZ$34,COLUMN(DR$2),FALSE)*10,"") -> 848110.3 | Y10: =VLOOKUP("*"&$B10&"*",'Statistical Yearbook Data'!$F$3:$R$33,COLUMN(B$1),FALSE)*10 -> 485250 | Z10: =VLOOKUP("*"&$B10&"*",'Statistical Yearbook Data'!$F$3:$R$33,COLUMN(C$1),FALSE)*10 -> 490680 | AA10: =VLOOKUP("*"&$B10&"*",'Statistical Yearbook Data'!$F$3:$R$33,COLUMN(D$1),FALSE)*10 -> 500150 | AB10: =VLOOKUP("*"&$B10&"*",'Statistical Yearbook Data'!$F$3:$R$33,COLUMN(E$1),FALSE)*10 -> 515880 | AC10: =VLOOKUP("*"&$B10&"*",'Statistical Yearbook Data'!$F$3:$R$33,COLUMN(F$1),FALSE)*10 -> 562130 | AD10: =VLOOKUP("*"&$B10&"*",'Statistical Yearbook Data'!$F$3:$R$33,COLUMN(G$1),FALSE)*10 -> 585850 | AE10: =VLOOKUP("*"&$B10&"*",'Statistical Yearbook Data'!$F$3:$R$33,COLUMN(H$1),FALSE)*10 -> 598870 | AF10: =VLOOKUP("*"&$B10&"*",'Statistical Yearbook Data'!$F$3:$R$33,COLUMN(I$1),FALSE)*10 -> 621410 | ... AI10: =VLOOKUP("*"&$B10&"*",'Statistical Yearbook Data'!$F$3:$R$33,COLUMN(L$1),FALSE)*10 -> 652680 | AJ10: =VLOOKUP("*"&$B10&"*",'CHP Data'!$B$4:$X$36,COLUMN(M$1),FALSE)/1000 -> 266988.73 | AK10: =VLOOKUP("*"&$B10&"*",'CHP Data'!$B$4:$X$36,COLUMN(N$1),FALSE)/1000 -> 298762.69 | AL10: =VLOOKUP("*"&$B10&"*",'CHP Data'!$B$4:$X$36,COLUMN(O$1),FALSE)/1000 -> 310276.97 | AM10: =VLOOKUP("*"&$B10&"*",'CHP Data'!$B$4:$X$36,COLUMN(P$1),FALSE)/1000 -> 309920.08 | AN10: =VLOOKUP("*"&$B10&"*",'CHP Data'!$B$4:$X$36,COLUMN(Q$1),FALSE)/1000 -> 322606.72 | AO10: =VLOOKUP("*"&$B10&"*",'CHP Data'!$B$4:$X$36,COLUMN(R$1),FALSE)/1000 -> 330295.57 | AP10: =VLOOKUP("*"&$B10&"*",'CHP Data'!$B$4:$X$36,COLUMN(S$1),FALSE)/1000 -> 344669.35 | AQ10: =VLOOKUP("*"&$B10&"*",'CHP Data'!$B$4:$X$36,COLUMN(T$1),FALSE)/1000 -> 361065.89 | ... AT10: =VLOOKUP("*"&$B10&"*",'CHP Data'!$B$4:$X$36,COLUMN(W$1),FALSE)/1000 -> 472950
B11: 吉林 | C11: =IFERROR(VLOOKUP("*"&$B11&"*",'Energy Yearbook Data'!$I$4:$T$34,COLUMN(B$2),FALSE)*10+VLOOKUP("*"&$B11&"*",'Energy Yearbook Data'!$I$4:$AE$34,COLUMN(M$2),FALSE)*10,"") -> 257787.9 | D11: =IFERROR(VLOOKUP("*"&$B11&"*",'Energy Yearbook Data'!$I$4:$T$34,COLUMN(C$2),FALSE)*10+VLOOKUP("*"&$B11&"*",'Energy Yearbook Data'!$I$4:$AE$34,COLUMN(N$2),FALSE)*10,"") -> 260402 | E11: =IFERROR(VLOOKUP("*"&$B11&"*",'Energy Yearbook Data'!$I$4:$T$34,COLUMN(D$2),FALSE)*10+VLOOKUP("*"&$B11&"*",'Energy Yearbook Data'!$I$4:$AE$34,COLUMN(O$2),FALSE)*10,"") -> 244212 | F11: =IFERROR(VLOOKUP("*"&$B11&"*",'Energy Yearbook Data'!$I$4:$T$34,COLUMN(E$2),FALSE)*10+VLOOKUP("*"&$B11&"*",'Energy Yearbook Data'!$I$4:$AE$34,COLUMN(P$2),FALSE)*10,"") -> 234568 | G11: =IFERROR(VLOOKUP("*"&$B11&"*",'Energy Yearbook Data'!$I$4:$T$34,COLUMN(F$2),FALSE)*10+VLOOKUP("*"&$B11&"*",'Energy Yearbook Data'!$I$4:$AE$34,COLUMN(Q$2),FALSE)*10,"") -> 246159.3 | H11: =IFERROR(VLOOKUP("*"&$B11&"*",'Energy Yearbook Data'!$I$4:$T$34,COLUMN(G$2),FALSE)*10+VLOOKUP("*"&$B11&"*",'Energy Yearbook Data'!$I$4:$AE$34,COLUMN(R$2),FALSE)*10,"") -> 254048.7 | I11: =IFERROR(VLOOKUP("*"&$B11&"*",'Energy Yearbook Data'!$I$4:$T$34,COLUMN(H$2),FALSE)*10+VLOOKUP("*"&$B11&"*",'Energy Yearbook Data'!$I$4:$AE$34,COLUMN(S$2),FALSE)*10,"") -> 275664.6 | J11: =IFERROR(VLOOKUP("*"&$B11&"*",'Energy Yearbook Data'!$I$4:$T$34,COLUMN(I$2),FALSE)*10+VLOOKUP("*"&$B11&"*",'Energy Yearbook Data'!$I$4:$AE$34,COLUMN(T$2),FALSE)*10,"") -> 314282.3 | ... M11: =IFERROR(VLOOKUP("*"&$B11&"*",'Energy Yearbook Data'!$I$4:$T$34,COLUMN(L$2),FALSE)*10+VLOOKUP("*"&$B11&"*",'Energy Yearbook Data'!$I$4:$AE$34,COLUMN(W$2),FALSE)*10,"") -> 368604.3 | N11: =IFERROR(VLOOKUP("*"&$B11&"*",'Energy Yearbook Data'!$I$4:$DZ$34,COLUMN(DH$2),FALSE)*10,"") -> 257787.9 | O11: =IFERROR(VLOOKUP("*"&$B11&"*",'Energy Yearbook Data'!$I$4:$DZ$34,COLUMN(DI$2),FALSE)*10,"") -> 260402 | P11: =IFERROR(VLOOKUP("*"&$B11&"*",'Energy Yearbook Data'!$I$4:$DZ$34,COLUMN(DJ$2),FALSE)*10,"") -> 258212 | Q11: =IFERROR(VLOOKUP("*"&$B11&"*",'Energy Yearbook Data'!$I$4:$DZ$34,COLUMN(DK$2),FALSE)*10,"") -> 234568 | R11: =IFERROR(VLOOKUP("*"&$B11&"*",'Energy Yearbook Data'!$I$4:$DZ$34,COLUMN(DL$2),FALSE)*10,"") -> 246159.3 | S11: =IFERROR(VLOOKUP("*"&$B11&"*",'Energy Yearbook Data'!$I$4:$DZ$34,COLUMN(DM$2),FALSE)*10,"") -> 254048.7 | T11: =IFERROR(VLOOKUP("*"&$B11&"*",'Energy Yearbook Data'!$I$4:$DZ$34,COLUMN(DN$2),FALSE)*10,"") -> 275664.6 | U11: =IFERROR(VLOOKUP("*"&$B11&"*",'Energy Yearbook Data'!$I$4:$DZ$34,COLUMN(DO$2),FALSE)*10,"") -> 314282.3 | ... X11: =IFERROR(VLOOKUP("*"&$B11&"*",'Energy Yearbook Data'!$I$4:$DZ$34,COLUMN(DR$2),FALSE)*10,"") -> 368604.3 | Y11: =VLOOKUP("*"&$B11&"*",'Statistical Yearbook Data'!$F$3:$R$33,COLUMN(B$1),FALSE)*10 -> 232220 | Z11: =VLOOKUP("*"&$B11&"*",'Statistical Yearbook Data'!$F$3:$R$33,COLUMN(C$1),FALSE)*10 -> 206090 | AA11: =VLOOKUP("*"&$B11&"*",'Statistical Yearbook Data'!$F$3:$R$33,COLUMN(D$1),FALSE)*10 -> 220470 | AB11: =VLOOKUP("*"&$B11&"*",'Statistical Yearbook Data'!$F$3:$R$33,COLUMN(E$1),FALSE)*10 -> 229220 | AC11: =VLOOKUP("*"&$B11&"*",'Statistical Yearbook Data'!$F$3:$R$33,COLUMN(F$1),FALSE)*10 -> 254370 | AD11: =VLOOKUP("*"&$B11&"*",'Statistical Yearbook Data'!$F$3:$R$33,COLUMN(G$1),FALSE)*10 -> 253850 | AE11: =VLOOKUP("*"&$B11&"*",'Statistical Yearbook Data'!$F$3:$R$33,COLUMN(H$1),FALSE)*10 -> 272120 | AF11: =VLOOKUP("*"&$B11&"*",'Statistical Yearbook Data'!$F$3:$R$33,COLUMN(I$1),FALSE)*10 -> 279210 | ... AI11: =VLOOKUP("*"&$B11&"*",'Statistical Yearbook Data'!$F$3:$R$33,COLUMN(L$1),FALSE)*10 -> 298600 | AJ11: =VLOOKUP("*"&$B11&"*",'CHP Data'!$B$4:$X$36,COLUMN(M$1),FALSE)/1000 -> 162055.08 | AK11: =VLOOKUP("*"&$B11&"*",'CHP Data'!$B$4:$X$36,COLUMN(N$1),FALSE)/1000 -> 177718.52 | AL11: =VLOOKUP("*"&$B11&"*",'CHP Data'!$B$4:$X$36,COLUMN(O$1),FALSE)/1000 -> 184948.3 | AM11: =VLOOKUP("*"&$B11&"*",'CHP Data'!$B$4:$X$36,COLUMN(P$1),FALSE)/1000 -> 187630.25 | AN11: =VLOOKUP("*"&$B11&"*",'CHP Data'!$B$4:$X$36,COLUMN(Q$1),FALSE)/1000 -> 191385.27 | AO11: =VLOOKUP("*"&$B11&"*",'CHP Data'!$B$4:$X$36,COLUMN(R$1),FALSE)/1000 -> 195613.16 | AP11: =VLOOKUP("*"&$B11&"*",'CHP Data'!$B$4:$X$36,COLUMN(S$1),FALSE)/1000 -> 199012.84 | AQ11: =VLOOKUP("*"&$B11&"*",'CHP Data'!$B$4:$X$36,COLUMN(T$1),FALSE)/1000 -> 206029.79 | ... AT11: =VLOOKUP("*"&$B11&"*",'CHP Data'!$B$4:$X$36,COLUMN(W$1),FALSE)/1000 -> 216670
B12: 黑龙江 | C12: =IFERROR(VLOOKUP("*"&$B12&"*",'Energy Yearbook Data'!$I$4:$T$34,COLUMN(B$2),FALSE)*10+VLOOKUP("*"&$B12&"*",'Energy Yearbook Data'!$I$4:$AE$34,COLUMN(M$2),FALSE)*10,"") -> 257372 | D12: =IFERROR(VLOOKUP("*"&$B12&"*",'Energy Yearbook Data'!$I$4:$T$34,COLUMN(C$2),FALSE)*10+VLOOKUP("*"&$B12&"*",'Energy Yearbook Data'!$I$4:$AE$34,COLUMN(N$2),FALSE)*10,"") -> 277455.7 | E12: =IFERROR(VLOOKUP("*"&$B12&"*",'Energy Yearbook Data'!$I$4:$T$34,COLUMN(D$2),FALSE)*10+VLOOKUP("*"&$B12&"*",'Energy Yearbook Data'!$I$4:$AE$34,COLUMN(O$2),FALSE)*10,"") -> 342702.5 | F12: =IFERROR(VLOOKUP("*"&$B12&"*",'Energy Yearbook Data'!$I$4:$T$34,COLUMN(E$2),FALSE)*10+VLOOKUP("*"&$B12&"*",'Energy Yearbook Data'!$I$4:$AE$34,COLUMN(P$2),FALSE)*10,"") -> 347994 | G12: =IFERROR(VLOOKUP("*"&$B12&"*",'Energy Yearbook Data'!$I$4:$T$34,COLUMN(F$2),FALSE)*10+VLOOKUP("*"&$B12&"*",'Energy Yearbook Data'!$I$4:$AE$34,COLUMN(Q$2),FALSE)*10,"") -> 349485.5 | H12: =IFERROR(VLOOKUP("*"&$B12&"*",'Energy Yearbook Data'!$I$4:$T$34,COLUMN(G$2),FALSE)*10+VLOOKUP("*"&$B12&"*",'Energy Yearbook Data'!$I$4:$AE$34,COLUMN(R$2),FALSE)*10,"") -> 384709.4 | I12: =IFERROR(VLOOKUP("*"&$B12&"*",'Energy Yearbook Data'!$I$4:$T$34,COLUMN(H$2),FALSE)*10+VLOOKUP("*"&$B12&"*",'Energy Yearbook Data'!$I$4:$AE$34,COLUMN(S$2),FALSE)*10,"") -> 414744.3 | J12: =IFERROR(VLOOKUP("*"&$B12&"*",'Energy Yearbook Data'!$I$4:$T$34,COLUMN(I$2),FALSE)*10+VLOOKUP("*"&$B12&"*",'Energy Yearbook Data'!$I$4:$AE$34,COLUMN(T$2),FALSE)*10,"") -> 490962.9 | ... M12: =IFERROR(VLOOKUP("*"&$B12&"*",'Energy Yearbook Data'!$I$4:$T$34,COLUMN(L$2),FALSE)*10+VLOOKUP("*"&$B12&"*",'Energy Yearbook Data'!$I$4:$AE$34,COLUMN(W$2),FALSE)*10,"") -> 615539.1 | N12: =IFERROR(VLOOKUP("*"&$B12&"*",'Energy Yearbook Data'!$I$4:$DZ$34,COLUMN(DH$2),FALSE)*10,"") -> 257372 | O12: =IFERROR(VLOOKUP("*"&$B12&"*",'Energy Yearbook Data'!$I$4:$DZ$34,COLUMN(DI$2),FALSE)*10,"") -> 277455.7 | P12: =IFERROR(VLOOKUP("*"&$B12&"*",'Energy Yearbook Data'!$I$4:$DZ$34,COLUMN(DJ$2),FALSE)*10,"") -> 342702.5 | Q12: =IFERROR(VLOOKUP("*"&$B12&"*",'Energy Yearbook Data'!$I$4:$DZ$34,COLUMN(DK$2),FALSE)*10,"") -> 347994 | R12: =IFERROR(VLOOKUP("*"&$B12&"*",'Energy Yearbook Data'!$I$4:$DZ$34,COLUMN(DL$2),FALSE)*10,"") -> 349485.5 | S12: =IFERROR(VLOOKUP("*"&$B12&"*",'Energy Yearbook Data'!$I$4:$DZ$34,COLUMN(DM$2),FALSE)*10,"") -> 384709.4 | T12: =IFERROR(VLOOKUP("*"&$B12&"*",'Energy Yearbook Data'!$I$4:$DZ$34,COLUMN(DN$2),FALSE)*10,"") -> 414744.3 | U12: =IFERROR(VLOOKUP("*"&$B12&"*",'Energy Yearbook Data'!$I$4:$DZ$34,COLUMN(DO$2),FALSE)*10,"") -> 490962.9 | ... X12: =IFERROR(VLOOKUP("*"&$B12&"*",'Energy Yearbook Data'!$I$4:$DZ$34,COLUMN(DR$2),FALSE)*10,"") -> 615539.1 | Y12: =VLOOKUP("*"&$B12&"*",'Statistical Yearbook Data'!$F$3:$R$33,COLUMN(B$1),FALSE)*10 -> 291180 | Z12: =VLOOKUP("*"&$B12&"*",'Statistical Yearbook Data'!$F$3:$R$33,COLUMN(C$1),FALSE)*10 -> 302690 | AA12: =VLOOKUP("*"&$B12&"*",'Statistical Yearbook Data'!$F$3:$R$33,COLUMN(D$1),FALSE)*10 -> 354110 | AB12: =VLOOKUP("*"&$B12&"*",'Statistical Yearbook Data'!$F$3:$R$33,COLUMN(E$1),FALSE)*10 -> 379790 | AC12: =VLOOKUP("*"&$B12&"*",'Statistical Yearbook Data'!$F$3:$R$33,COLUMN(F$1),FALSE)*10 -> 391820 | AD12: =VLOOKUP("*"&$B12&"*",'Statistical Yearbook Data'!$F$3:$R$33,COLUMN(G$1),FALSE)*10 -> 404670 | AE12: =VLOOKUP("*"&$B12&"*",'Statistical Yearbook Data'!$F$3:$R$33,COLUMN(H$1),FALSE)*10 -> 424960 | AF12: =VLOOKUP("*"&$B12&"*",'Statistical Yearbook Data'!$F$3:$R$33,COLUMN(I$1),FALSE)*10 -> 431820 | ... AI12: =VLOOKUP("*"&$B12&"*",'Statistical Yearbook Data'!$F$3:$R$33,COLUMN(L$1),FALSE)*10 -> 462180 | AJ12: =VLOOKUP("*"&$B12&"*",'CHP Data'!$B$4:$X$36,COLUMN(M$1),FALSE)/1000 -> 176418.08 | AK12: =VLOOKUP("*"&$B12&"*",'CHP Data'!$B$4:$X$36,COLUMN(N$1),FALSE)/1000 -> 192077.87 | AL12: =VLOOKUP("*"&$B12&"*",'CHP Data'!$B$4:$X$36,COLUMN(O$1),FALSE)/1000 -> 205847.76 | AM12: =VLOOKUP("*"&$B12&"*",'CHP Data'!$B$4:$X$36,COLUMN(P$1),FALSE)/1000 -> 228964.74 | AN12: =VLOOKUP("*"&$B12&"*",'CHP Data'!$B$4:$X$36,COLUMN(Q$1),FALSE)/1000 -> 234608.58 | AO12: =VLOOKUP("*"&$B12&"*",'CHP Data'!$B$4:$X$36,COLUMN(R$1),FALSE)/1000 -> 271699.73 | AP12: =VLOOKUP("*"&$B12&"*",'CHP Data'!$B$4:$X$36,COLUMN(S$1),FALSE)/1000 -> 280668.78 | AQ12: =VLOOKUP("*"&$B12&"*",'CHP Data'!$B$4:$X$36,COLUMN(T$1),FALSE)/1000 -> 302539.09 | ... AT12: =VLOOKUP("*"&$B12&"*",'CHP Data'!$B$4:$X$36,COLUMN(W$1),FALSE)/1000 -> 332560
B13: 上海 | C13: =IFERROR(VLOOKUP("*"&$B13&"*",'Energy Yearbook Data'!$I$4:$T$34,COLUMN(B$2),FALSE)*10+VLOOKUP("*"&$B13&"*",'Energy Yearbook Data'!$I$4:$AE$34,COLUMN(M$2),FALSE)*10,"") -> 77143 | D13: =IFERROR(VLOOKUP("*"&$B13&"*",'Energy Yearbook Data'!$I$4:$T$34,COLUMN(C$2),FALSE)*10+VLOOKUP("*"&$B13&"*",'Energy Yearbook Data'!$I$4:$AE$34,COLUMN(N$2),FALSE)*10,"") -> 77008.8 | E13: =IFERROR(VLOOKUP("*"&$B13&"*",'Energy Yearbook Data'!$I$4:$T$34,COLUMN(D$2),FALSE)*10+VLOOKUP("*"&$B13&"*",'Energy Yearbook Data'!$I$4:$AE$34,COLUMN(O$2),FALSE)*10,"") -> 112525 | F13: =IFERROR(VLOOKUP("*"&$B13&"*",'Energy Yearbook Data'!$I$4:$T$34,COLUMN(E$2),FALSE)*10+VLOOKUP("*"&$B13&"*",'Energy Yearbook Data'!$I$4:$AE$34,COLUMN(P$2),FALSE)*10,"") -> 110128.56 | G13: =IFERROR(VLOOKUP("*"&$B13&"*",'Energy Yearbook Data'!$I$4:$T$34,COLUMN(F$2),FALSE)*10+VLOOKUP("*"&$B13&"*",'Energy Yearbook Data'!$I$4:$AE$34,COLUMN(Q$2),FALSE)*10,"") -> 113036.1 | H13: =IFERROR(VLOOKUP("*"&$B13&"*",'Energy Yearbook Data'!$I$4:$T$34,COLUMN(G$2),FALSE)*10+VLOOKUP("*"&$B13&"*",'Energy Yearbook Data'!$I$4:$AE$34,COLUMN(R$2),FALSE)*10,"") -> 110528.9 | I13: =IFERROR(VLOOKUP("*"&$B13&"*",'Energy Yearbook Data'!$I$4:$T$34,COLUMN(H$2),FALSE)*10+VLOOKUP("*"&$B13&"*",'Energy Yearbook Data'!$I$4:$AE$34,COLUMN(S$2),FALSE)*10,"") -> 107475.8 | J13: =IFERROR(VLOOKUP("*"&$B13&"*",'Energy Yearbook Data'!$I$4:$T$34,COLUMN(I$2),FALSE)*10+VLOOKUP("*"&$B13&"*",'Energy Yearbook Data'!$I$4:$AE$34,COLUMN(T$2),FALSE)*10,"") -> 102905.5 | ... M13: =IFERROR(VLOOKUP("*"&$B13&"*",'Energy Yearbook Data'!$I$4:$T$34,COLUMN(L$2),FALSE)*10+VLOOKUP("*"&$B13&"*",'Energy Yearbook Data'!$I$4:$AE$34,COLUMN(W$2),FALSE)*10,"") -> 110032.5 | N13: =IFERROR(VLOOKUP("*"&$B13&"*",'Energy Yearbook Data'!$I$4:$DZ$34,COLUMN(DH$2),FALSE)*10,"") -> 77142.977 | O13: =IFERROR(VLOOKUP("*"&$B13&"*",'Energy Yearbook Data'!$I$4:$DZ$34,COLUMN(DI$2),FALSE)*10,"") -> 77008.8 | P13: =IFERROR(VLOOKUP("*"&$B13&"*",'Energy Yearbook Data'!$I$4:$DZ$34,COLUMN(DJ$2),FALSE)*10,"") -> 112525 | Q13: =IFERROR(VLOOKUP("*"&$B13&"*",'Energy Yearbook Data'!$I$4:$DZ$34,COLUMN(DK$2),FALSE)*10,"") -> 110128.58 | R13: =IFERROR(VLOOKUP("*"&$B13&"*",'Energy Yearbook Data'!$I$4:$DZ$34,COLUMN(DL$2),FALSE)*10,"") -> 113036.1 | S13: =IFERROR(VLOOKUP("*"&$B13&"*",'Energy Yearbook Data'!$I$4:$DZ$34,COLUMN(DM$2),FALSE)*10,"") -> 110495.6 | T13: =IFERROR(VLOOKUP("*"&$B13&"*",'Energy Yearbook Data'!$I$4:$DZ$34,COLUMN(DN$2),FALSE)*10,"") -> 107477.3 | U13: =IFERROR(VLOOKUP("*"&$B13&"*",'Energy Yearbook Data'!$I$4:$DZ$34,COLUMN(DO$2),FALSE)*10,"") -> 102905.6 | ... X13: =IFERROR(VLOOKUP("*"&$B13&"*",'Energy Yearbook Data'!$I$4:$DZ$34,COLUMN(DR$2),FALSE)*10,"") -> 109929.6 | Y13: =VLOOKUP("*"&$B13&"*",'Statistical Yearbook Data'!$F$3:$R$33,COLUMN(B$1),FALSE)*10 -> 0 | Z13: =VLOOKUP("*"&$B13&"*",'Statistical Yearbook Data'!$F$3:$R$33,COLUMN(C$1),FALSE)*10 -> 0 | AA13: =VLOOKUP("*"&$B13&"*",'Statistical Yearbook Data'!$F$3:$R$33,COLUMN(D$1),FALSE)*10 -> 0 | AB13: =VLOOKUP("*"&$B13&"*",'Statistical Yearbook Data'!$F$3:$R$33,COLUMN(E$1),FALSE)*10 -> 0 | AC13: =VLOOKUP("*"&$B13&"*",'Statistical Yearbook Data'!$F$3:$R$33,COLUMN(F$1),FALSE)*10 -> 0 | AD13: =VLOOKUP("*"&$B13&"*",'Statistical Yearbook Data'!$F$3:$R$33,COLUMN(G$1),FALSE)*10 -> 0 | AE13: =VLOOKUP("*"&$B13&"*",'Statistical Yearbook Data'!$F$3:$R$33,COLUMN(H$1),FALSE)*10 -> 0 | AF13: =VLOOKUP("*"&$B13&"*",'Statistical Yearbook Data'!$F$3:$R$33,COLUMN(I$1),FALSE)*10 -> 0 | ... AI13: =VLOOKUP("*"&$B13&"*",'Statistical Yearbook Data'!$F$3:$R$33,COLUMN(L$1),FALSE)*10 -> 0 | AJ13: =VLOOKUP("*"&$B13&"*",'CHP Data'!$B$4:$X$36,COLUMN(M$1),FALSE)/1000 -> 60739.307 | AK13: =VLOOKUP("*"&$B13&"*",'CHP Data'!$B$4:$X$36,COLUMN(N$1),FALSE)/1000 -> 60615.503 | AL13: =VLOOKUP("*"&$B13&"*",'CHP Data'!$B$4:$X$36,COLUMN(O$1),FALSE)/1000 -> 58528.061 | AM13: =VLOOKUP("*"&$B13&"*",'CHP Data'!$B$4:$X$36,COLUMN(P$1),FALSE)/1000 -> 55798.177 | AN13: =VLOOKUP("*"&$B13&"*",'CHP Data'!$B$4:$X$36,COLUMN(Q$1),FALSE)/1000 -> 64443.856 | AO13: =VLOOKUP("*"&$B13&"*",'CHP Data'!$B$4:$X$36,COLUMN(R$1),FALSE)/1000 -> 66451.39 | AP13: =VLOOKUP("*"&$B13&"*",'CHP Data'!$B$4:$X$36,COLUMN(S$1),FALSE)/1000 -> 65040.604 | AQ13: =VLOOKUP("*"&$B13&"*",'CHP Data'!$B$4:$X$36,COLUMN(T$1),FALSE)/1000 -> 58210.76 | ... AT13: =VLOOKUP("*"&$B13&"*",'CHP Data'!$B$4:$X$36,COLUMN(W$1),FALSE)/1000 -> 61130
B14: 江苏 | C14: =IFERROR(VLOOKUP("*"&$B14&"*",'Energy Yearbook Data'!$I$4:$T$34,COLUMN(B$2),FALSE)*10+VLOOKUP("*"&$B14&"*",'Energy Yearbook Data'!$I$4:$AE$34,COLUMN(M$2),FALSE)*10,"") -> 527155.3 | D14: =IFERROR(VLOOKUP("*"&$B14&"*",'Energy Yearbook Data'!$I$4:$T$34,COLUMN(C$2),FALSE)*10+VLOOKUP("*"&$B14&"*",'Energy Yearbook Data'!$I$4:$AE$34,COLUMN(N$2),FALSE)*10,"") -> 539374.9 | E14: =IFERROR(VLOOKUP("*"&$B14&"*",'Energy Yearbook Data'!$I$4:$T$34,COLUMN(D$2),FALSE)*10+VLOOKUP("*"&$B14&"*",'Energy Yearbook Data'!$I$4:$AE$34,COLUMN(O$2),FALSE)*10,"") -> 615102.8 | F14: =IFERROR(VLOOKUP("*"&$B14&"*",'Energy Yearbook Data'!$I$4:$T$34,COLUMN(E$2),FALSE)*10+VLOOKUP("*"&$B14&"*",'Energy Yearbook Data'!$I$4:$AE$34,COLUMN(P$2),FALSE)*10,"") -> 627043.9 | G14: =IFERROR(VLOOKUP("*"&$B14&"*",'Energy Yearbook Data'!$I$4:$T$34,COLUMN(F$2),FALSE)*10+VLOOKUP("*"&$B14&"*",'Energy Yearbook Data'!$I$4:$AE$34,COLUMN(Q$2),FALSE)*10,"") -> 638261.5 | H14: =IFERROR(VLOOKUP("*"&$B14&"*",'Energy Yearbook Data'!$I$4:$T$34,COLUMN(G$2),FALSE)*10+VLOOKUP("*"&$B14&"*",'Energy Yearbook Data'!$I$4:$AE$34,COLUMN(R$2),FALSE)*10,"") -> 644934 | I14: =IFERROR(VLOOKUP("*"&$B14&"*",'Energy Yearbook Data'!$I$4:$T$34,COLUMN(H$2),FALSE)*10+VLOOKUP("*"&$B14&"*",'Energy Yearbook Data'!$I$4:$AE$34,COLUMN(S$2),FALSE)*10,"") -> 687557.9 | J14: =IFERROR(VLOOKUP("*"&$B14&"*",'Energy Yearbook Data'!$I$4:$T$34,COLUMN(I$2),FALSE)*10+VLOOKUP("*"&$B14&"*",'Energy Yearbook Data'!$I$4:$AE$34,COLUMN(T$2),FALSE)*10,"") -> 746816.5 | ... M14: =IFERROR(VLOOKUP("*"&$B14&"*",'Energy Yearbook Data'!$I$4:$T$34,COLUMN(L$2),FALSE)*10+VLOOKUP("*"&$B14&"*",'Energy Yearbook Data'!$I$4:$AE$34,COLUMN(W$2),FALSE)*10,"") -> 766730.3 | N14: =IFERROR(VLOOKUP("*"&$B14&"*",'Energy Yearbook Data'!$I$4:$DZ$34,COLUMN(DH$2),FALSE)*10,"") -> 527155.3 | O14: =IFERROR(VLOOKUP("*"&$B14&"*",'Energy Yearbook Data'!$I$4:$DZ$34,COLUMN(DI$2),FALSE)*10,"") -> 539374.9 | P14: =IFERROR(VLOOKUP("*"&$B14&"*",'Energy Yearbook Data'!$I$4:$DZ$34,COLUMN(DJ$2),FALSE)*10,"") -> 615102.8 | Q14: =IFERROR(VLOOKUP("*"&$B14&"*",'Energy Yearbook Data'!$I$4:$DZ$34,COLUMN(DK$2),FALSE)*10,"") -> 627043.9 | R14: =IFERROR(VLOOKUP("*"&$B14&"*",'Energy Yearbook Data'!$I$4:$DZ$34,COLUMN(DL$2),FALSE)*10,"") -> 638261.5 | S14: =IFERROR(VLOOKUP("*"&$B14&"*",'Energy Yearbook Data'!$I$4:$DZ$34,COLUMN(DM$2),FALSE)*10,"") -> 644934 | T14: =IFERROR(VLOOKUP("*"&$B14&"*",'Energy Yearbook Data'!$I$4:$DZ$34,COLUMN(DN$2),FALSE)*10,"") -> 687557.9 | U14: =IFERROR(VLOOKUP("*"&$B14&"*",'Energy Yearbook Data'!$I$4:$DZ$34,COLUMN(DO$2),FALSE)*10,"") -> 746816.5 | ... X14: =IFERROR(VLOOKUP("*"&$B14&"*",'Energy Yearbook Data'!$I$4:$DZ$34,COLUMN(DR$2),FALSE)*10,"") -> 766730.3 | Y14: =VLOOKUP("*"&$B14&"*",'Statistical Yearbook Data'!$F$3:$R$33,COLUMN(B$1),FALSE)*10 -> 0 | Z14: =VLOOKUP("*"&$B14&"*",'Statistical Yearbook Data'!$F$3:$R$33,COLUMN(C$1),FALSE)*10 -> 0 | AA14: =VLOOKUP("*"&$B14&"*",'Statistical Yearbook Data'!$F$3:$R$33,COLUMN(D$1),FALSE)*10 -> 0 | AB14: =VLOOKUP("*"&$B14&"*",'Statistical Yearbook Data'!$F$3:$R$33,COLUMN(E$1),FALSE)*10 -> 0 | AC14: =VLOOKUP("*"&$B14&"*",'Statistical Yearbook Data'!$F$3:$R$33,COLUMN(F$1),FALSE)*10 -> 0 | AD14: =VLOOKUP("*"&$B14&"*",'Statistical Yearbook Data'!$F$3:$R$33,COLUMN(G$1),FALSE)*10 -> 0 | AE14: =VLOOKUP("*"&$B14&"*",'Statistical Yearbook Data'!$F$3:$R$33,COLUMN(H$1),FALSE)*10 -> 0 | AF14: =VLOOKUP("*"&$B14&"*",'Statistical Yearbook Data'!$F$3:$R$33,COLUMN(I$1),FALSE)*10 -> 0 | ... AI14: =VLOOKUP("*"&$B14&"*",'Statistical Yearbook Data'!$F$3:$R$33,COLUMN(L$1),FALSE)*10 -> 17520 | AJ14: =VLOOKUP("*"&$B14&"*",'CHP Data'!$B$4:$X$36,COLUMN(M$1),FALSE)/1000 -> 535022.37 | AK14: =VLOOKUP("*"&$B14&"*",'CHP Data'!$B$4:$X$36,COLUMN(N$1),FALSE)/1000 -> 534058.35 | AL14: =VLOOKUP("*"&$B14&"*",'CHP Data'!$B$4:$X$36,COLUMN(O$1),FALSE)/1000 -> 592310.83 | AM14: =VLOOKUP("*"&$B14&"*",'CHP Data'!$B$4:$X$36,COLUMN(P$1),FALSE)/1000 -> 578356.72 | AN14: =VLOOKUP("*"&$B14&"*",'CHP Data'!$B$4:$X$36,COLUMN(Q$1),FALSE)/1000 -> 560830.08 | AO14: =VLOOKUP("*"&$B14&"*",'CHP Data'!$B$4:$X$36,COLUMN(R$1),FALSE)/1000 -> 636410.62 | AP14: =VLOOKUP("*"&$B14&"*",'CHP Data'!$B$4:$X$36,COLUMN(S$1),FALSE)/1000 -> 704471.89 | AQ14: =VLOOKUP("*"&$B14&"*",'CHP Data'!$B$4:$X$36,COLUMN(T$1),FALSE)/1000 -> 956667.85 | ... AT14: =VLOOKUP("*"&$B14&"*",'CHP Data'!$B$4:$X$36,COLUMN(W$1),FALSE)/1000 -> 749580
B15: 浙江 | C15: =IFERROR(VLOOKUP("*"&$B15&"*",'Energy Yearbook Data'!$I$4:$T$34,COLUMN(B$2),FALSE)*10+VLOOKUP("*"&$B15&"*",'Energy Yearbook Data'!$I$4:$AE$34,COLUMN(M$2),FALSE)*10,"") -> 468261.93 | D15: =IFERROR(VLOOKUP("*"&$B15&"*",'Energy Yearbook Data'!$I$4:$T$34,COLUMN(C$2),FALSE)*10+VLOOKUP("*"&$B15&"*",'Energy Yearbook Data'!$I$4:$AE$34,COLUMN(N$2),FALSE)*10,"") -> 483083.8 | E15: =IFERROR(VLOOKUP("*"&$B15&"*",'Energy Yearbook Data'!$I$4:$T$34,COLUMN(D$2),FALSE)*10+VLOOKUP("*"&$B15&"*",'Energy Yearbook Data'!$I$4:$AE$34,COLUMN(O$2),FALSE)*10,"") -> 429187.4 | F15: =IFERROR(VLOOKUP("*"&$B15&"*",'Energy Yearbook Data'!$I$4:$T$34,COLUMN(E$2),FALSE)*10+VLOOKUP("*"&$B15&"*",'Energy Yearbook Data'!$I$4:$AE$34,COLUMN(P$2),FALSE)*10,"") -> 440891.08 | G15: =IFERROR(VLOOKUP("*"&$B15&"*",'Energy Yearbook Data'!$I$4:$T$34,COLUMN(F$2),FALSE)*10+VLOOKUP("*"&$B15&"*",'Energy Yearbook Data'!$I$4:$AE$34,COLUMN(Q$2),FALSE)*10,"") -> 490454.6 | H15: =IFERROR(VLOOKUP("*"&$B15&"*",'Energy Yearbook Data'!$I$4:$T$34,COLUMN(G$2),FALSE)*10+VLOOKUP("*"&$B15&"*",'Energy Yearbook Data'!$I$4:$AE$34,COLUMN(R$2),FALSE)*10,"") -> 533266.86 | I15: =IFERROR(VLOOKUP("*"&$B15&"*",'Energy Yearbook Data'!$I$4:$T$34,COLUMN(H$2),FALSE)*10+VLOOKUP("*"&$B15&"*",'Energy Yearbook Data'!$I$4:$AE$34,COLUMN(S$2),FALSE)*10,"") -> 573760.8 | J15: =IFERROR(VLOOKUP("*"&$B15&"*",'Energy Yearbook Data'!$I$4:$T$34,COLUMN(I$2),FALSE)*10+VLOOKUP("*"&$B15&"*",'Energy Yearbook Data'!$I$4:$AE$34,COLUMN(T$2),FALSE)*10,"") -> 635124.4 | ... M15: =IFERROR(VLOOKUP("*"&$B15&"*",'Energy Yearbook Data'!$I$4:$T$34,COLUMN(L$2),FALSE)*10+VLOOKUP("*"&$B15&"*",'Energy Yearbook Data'!$I$4:$AE$34,COLUMN(W$2),FALSE)*10,"") -> 717274.1 | N15: =IFERROR(VLOOKUP("*"&$B15&"*",'Energy Yearbook Data'!$I$4:$DZ$34,COLUMN(DH$2),FALSE)*10,"") -> 468261.61 | O15: =IFERROR(VLOOKUP("*"&$B15&"*",'Energy Yearbook Data'!$I$4:$DZ$34,COLUMN(DI$2),FALSE)*10,"") -> 483083.9 | P15: =IFERROR(VLOOKUP("*"&$B15&"*",'Energy Yearbook Data'!$I$4:$DZ$34,COLUMN(DJ$2),FALSE)*10,"") -> 429187.4 | Q15: =IFERROR(VLOOKUP("*"&$B15&"*",'Energy Yearbook Data'!$I$4:$DZ$34,COLUMN(DK$2),FALSE)*10,"") -> 440891.06 | R15: =IFERROR(VLOOKUP("*"&$B15&"*",'Energy Yearbook Data'!$I$4:$DZ$34,COLUMN(DL$2),FALSE)*10,"") -> 490454.6 | S15: =IFERROR(VLOOKUP("*"&$B15&"*",'Energy Yearbook Data'!$I$4:$DZ$34,COLUMN(DM$2),FALSE)*10,"") -> 533266.91 | T15: =IFERROR(VLOOKUP("*"&$B15&"*",'Energy Yearbook Data'!$I$4:$DZ$34,COLUMN(DN$2),FALSE)*10,"") -> 573760.8 | U15: =IFERROR(VLOOKUP("*"&$B15&"*",'Energy Yearbook Data'!$I$4:$DZ$34,COLUMN(DO$2),FALSE)*10,"") -> 635124.3 | ... X15: =IFERROR(VLOOKUP("*"&$B15&"*",'Energy Yearbook Data'!$I$4:$DZ$34,COLUMN(DR$2),FALSE)*10,"") -> 717274.1 | Y15: =VLOOKUP("*"&$B15&"*",'Statistical Yearbook Data'!$F$3:$R$33,COLUMN(B$1),FALSE)*10 -> 0 | Z15: =VLOOKUP("*"&$B15&"*",'Statistical Yearbook Data'!$F$3:$R$33,COLUMN(C$1),FALSE)*10 -> 0 | AA15: =VLOOKUP("*"&$B15&"*",'Statistical Yearbook Data'!$F$3:$R$33,COLUMN(D$1),FALSE)*10 -> 96490 | AB15: =VLOOKUP("*"&$B15&"*",'Statistical Yearbook Data'!$F$3:$R$33,COLUMN(E$1),FALSE)*10 -> 0 | AC15: =VLOOKUP("*"&$B15&"*",'Statistical Yearbook Data'!$F$3:$R$33,COLUMN(F$1),FALSE)*10 -> 0 | AD15: =VLOOKUP("*"&$B15&"*",'Statistical Yearbook Data'!$F$3:$R$33,COLUMN(G$1),FALSE)*10 -> 0 | AE15: =VLOOKUP("*"&$B15&"*",'Statistical Yearbook Data'!$F$3:$R$33,COLUMN(H$1),FALSE)*10 -> 0 | AF15: =VLOOKUP("*"&$B15&"*",'Statistical Yearbook Data'!$F$3:$R$33,COLUMN(I$1),FALSE)*10 -> 0 | ... AI15: =VLOOKUP("*"&$B15&"*",'Statistical Yearbook Data'!$F$3:$R$33,COLUMN(L$1),FALSE)*10 -> 0 | AJ15: =VLOOKUP("*"&$B15&"*",'CHP Data'!$B$4:$X$36,COLUMN(M$1),FALSE)/1000 -> 357928.97 | AK15: =VLOOKUP("*"&$B15&"*",'CHP Data'!$B$4:$X$36,COLUMN(N$1),FALSE)/1000 -> 362183.41 | AL15: =VLOOKUP("*"&$B15&"*",'CHP Data'!$B$4:$X$36,COLUMN(O$1),FALSE)/1000 -> 372943.71 | AM15: =VLOOKUP("*"&$B15&"*",'CHP Data'!$B$4:$X$36,COLUMN(P$1),FALSE)/1000 -> 390438.13 | AN15: =VLOOKUP("*"&$B15&"*",'CHP Data'!$B$4:$X$36,COLUMN(Q$1),FALSE)/1000 -> 413592.53 | AO15: =VLOOKUP("*"&$B15&"*",'CHP Data'!$B$4:$X$36,COLUMN(R$1),FALSE)/1000 -> 454456.29 | AP15: =VLOOKUP("*"&$B15&"*",'CHP Data'!$B$4:$X$36,COLUMN(S$1),FALSE)/1000 -> 508243.57 | AQ15: =VLOOKUP("*"&$B15&"*",'CHP Data'!$B$4:$X$36,COLUMN(T$1),FALSE)/1000 -> 562384.78 | ... AT15: =VLOOKUP("*"&$B15&"*",'CHP Data'!$B$4:$X$36,COLUMN(W$1),FALSE)/1000 -> 598400
B16: 安徽 | C16: =IFERROR(VLOOKUP("*"&$B16&"*",'Energy Yearbook Data'!$I$4:$T$34,COLUMN(B$2),FALSE)*10+VLOOKUP("*"&$B16&"*",'Energy Yearbook Data'!$I$4:$AE$34,COLUMN(M$2),FALSE)*10,"") -> 84386.3 | D16: =IFERROR(VLOOKUP("*"&$B16&"*",'Energy Yearbook Data'!$I$4:$T$34,COLUMN(C$2),FALSE)*10+VLOOKUP("*"&$B16&"*",'Energy Yearbook Data'!$I$4:$AE$34,COLUMN(N$2),FALSE)*10,"") -> 89036.5 | E16: =IFERROR(VLOOKUP("*"&$B16&"*",'Energy Yearbook Data'!$I$4:$T$34,COLUMN(D$2),FALSE)*10+VLOOKUP("*"&$B16&"*",'Energy Yearbook Data'!$I$4:$AE$34,COLUMN(O$2),FALSE)*10,"") -> 135763.4 | F16: =IFERROR(VLOOKUP("*"&$B16&"*",'Energy Yearbook Data'!$I$4:$T$34,COLUMN(E$2),FALSE)*10+VLOOKUP("*"&$B16&"*",'Energy Yearbook Data'!$I$4:$AE$34,COLUMN(P$2),FALSE)*10,"") -> 134582.9 | G16: =IFERROR(VLOOKUP("*"&$B16&"*",'Energy Yearbook Data'!$I$4:$T$34,COLUMN(F$2),FALSE)*10+VLOOKUP("*"&$B16&"*",'Energy Yearbook Data'!$I$4:$AE$34,COLUMN(Q$2),FALSE)*10,"") -> 146718.5 | H16: =IFERROR(VLOOKUP("*"&$B16&"*",'Energy Yearbook Data'!$I$4:$T$34,COLUMN(G$2),FALSE)*10+VLOOKUP("*"&$B16&"*",'Energy Yearbook Data'!$I$4:$AE$34,COLUMN(R$2),FALSE)*10,"") -> 153557.5 | I16: =IFERROR(VLOOKUP("*"&$B16&"*",'Energy Yearbook Data'!$I$4:$T$34,COLUMN(H$2),FALSE)*10+VLOOKUP("*"&$B16&"*",'Energy Yearbook Data'!$I$4:$AE$34,COLUMN(S$2),FALSE)*10,"") -> 160785 | J16: =IFERROR(VLOOKUP("*"&$B16&"*",'Energy Yearbook Data'!$I$4:$T$34,COLUMN(I$2),FALSE)*10+VLOOKUP("*"&$B16&"*",'Energy Yearbook Data'!$I$4:$AE$34,COLUMN(T$2),FALSE)*10,"") -> 184205.6 | ... M16: =IFERROR(VLOOKUP("*"&$B16&"*",'Energy Yearbook Data'!$I$4:$T$34,COLUMN(L$2),FALSE)*10+VLOOKUP("*"&$B16&"*",'Energy Yearbook Data'!$I$4:$AE$34,COLUMN(W$2),FALSE)*10,"") -> 246705.8 | N16: =IFERROR(VLOOKUP("*"&$B16&"*",'Energy Yearbook Data'!$I$4:$DZ$34,COLUMN(DH$2),FALSE)*10,"") -> 86470.966 | O16: =IFERROR(VLOOKUP("*"&$B16&"*",'Energy Yearbook Data'!$I$4:$DZ$34,COLUMN(DI$2),FALSE)*10,"") -> 89084.9 | P16: =IFERROR(VLOOKUP("*"&$B16&"*",'Energy Yearbook Data'!$I$4:$DZ$34,COLUMN(DJ$2),FALSE)*10,"") -> 135763.43 | Q16: =IFERROR(VLOOKUP("*"&$B16&"*",'Energy Yearbook Data'!$I$4:$DZ$34,COLUMN(DK$2),FALSE)*10,"") -> 134582.9 | R16: =IFERROR(VLOOKUP("*"&$B16&"*",'Energy Yearbook Data'!$I$4:$DZ$34,COLUMN(DL$2),FALSE)*10,"") -> 146718.5 | S16: =IFERROR(VLOOKUP("*"&$B16&"*",'Energy Yearbook Data'!$I$4:$DZ$34,COLUMN(DM$2),FALSE)*10,"") -> 153557.5 | T16: =IFERROR(VLOOKUP("*"&$B16&"*",'Energy Yearbook Data'!$I$4:$DZ$34,COLUMN(DN$2),FALSE)*10,"") -> 160785 | U16: =IFERROR(VLOOKUP("*"&$B16&"*",'Energy Yearbook Data'!$I$4:$DZ$34,COLUMN(DO$2),FALSE)*10,"") -> 184205.6 | ... X16: =IFERROR(VLOOKUP("*"&$B16&"*",'Energy Yearbook Data'!$I$4:$DZ$34,COLUMN(DR$2),FALSE)*10,"") -> 246705.8 | Y16: =VLOOKUP("*"&$B16&"*",'Statistical Yearbook Data'!$F$3:$R$33,COLUMN(B$1),FALSE)*10 -> 26020 | Z16: =VLOOKUP("*"&$B16&"*",'Statistical Yearbook Data'!$F$3:$R$33,COLUMN(C$1),FALSE)*10 -> 29110 | AA16: =VLOOKUP("*"&$B16&"*",'Statistical Yearbook Data'!$F$3:$R$33,COLUMN(D$1),FALSE)*10 -> 31110 | AB16: =VLOOKUP("*"&$B16&"*",'Statistical Yearbook Data'!$F$3:$R$33,COLUMN(E$1),FALSE)*10 -> 29160 | AC16: =VLOOKUP("*"&$B16&"*",'Statistical Yearbook Data'!$F$3:$R$33,COLUMN(F$1),FALSE)*10 -> 29870 | AD16: =VLOOKUP("*"&$B16&"*",'Statistical Yearbook Data'!$F$3:$R$33,COLUMN(G$1),FALSE)*10 -> 15260 | AE16: =VLOOKUP("*"&$B16&"*",'Statistical Yearbook Data'!$F$3:$R$33,COLUMN(H$1),FALSE)*10 -> 15920 | AF16: =VLOOKUP("*"&$B16&"*",'Statistical Yearbook Data'!$F$3:$R$33,COLUMN(I$1),FALSE)*10 -> 13110 | ... AI16: =VLOOKUP("*"&$B16&"*",'Statistical Yearbook Data'!$F$3:$R$33,COLUMN(L$1),FALSE)*10 -> 38920 | AJ16: =VLOOKUP("*"&$B16&"*",'CHP Data'!$B$4:$X$36,COLUMN(M$1),FALSE)/1000 -> 47557.901 | AK16: =VLOOKUP("*"&$B16&"*",'CHP Data'!$B$4:$X$36,COLUMN(N$1),FALSE)/1000 -> 45096.214 | AL16: =VLOOKUP("*"&$B16&"*",'CHP Data'!$B$4:$X$36,COLUMN(O$1),FALSE)/1000 -> 51995.003 | AM16: =VLOOKUP("*"&$B16&"*",'CHP Data'!$B$4:$X$36,COLUMN(P$1),FALSE)/1000 -> 45981.575 | AN16: =VLOOKUP("*"&$B16&"*",'CHP Data'!$B$4:$X$36,COLUMN(Q$1),FALSE)/1000 -> 43323.636 | AO16: =VLOOKUP("*"&$B16&"*",'CHP Data'!$B$4:$X$36,COLUMN(R$1),FALSE)/1000 -> 48570.954 | AP16: =VLOOKUP("*"&$B16&"*",'CHP Data'!$B$4:$X$36,COLUMN(S$1),FALSE)/1000 -> 43967.758 | AQ16: =VLOOKUP("*"&$B16&"*",'CHP Data'!$B$4:$X$36,COLUMN(T$1),FALSE)/1000 -> 15811.284 | ... AT16: =VLOOKUP("*"&$B16&"*",'CHP Data'!$B$4:$X$36,COLUMN(W$1),FALSE)/1000 -> 24070
... B35: 新疆 | C35: =IFERROR(VLOOKUP("*"&$B35&"*",'Energy Yearbook Data'!$I$4:$T$34,COLUMN(B$2),FALSE)*10+VLOOKUP("*"&$B35&"*",'Energy Yearbook Data'!$I$4:$AE$34,COLUMN(M$2),FALSE)*10,"") -> 218985.7 | D35: =IFERROR(VLOOKUP("*"&$B35&"*",'Energy Yearbook Data'!$I$4:$T$34,COLUMN(C$2),FALSE)*10+VLOOKUP("*"&$B35&"*",'Energy Yearbook Data'!$I$4:$AE$34,COLUMN(N$2),FALSE)*10,"") -> 226965.8 | E35: =IFERROR(VLOOKUP("*"&$B35&"*",'Energy Yearbook Data'!$I$4:$T$34,COLUMN(D$2),FALSE)*10+VLOOKUP("*"&$B35&"*",'Energy Yearbook Data'!$I$4:$AE$34,COLUMN(O$2),FALSE)*10,"") -> 283315.6 | F35: =IFERROR(VLOOKUP("*"&$B35&"*",'Energy Yearbook Data'!$I$4:$T$34,COLUMN(E$2),FALSE)*10+VLOOKUP("*"&$B35&"*",'Energy Yearbook Data'!$I$4:$AE$34,COLUMN(P$2),FALSE)*10,"") -> 282949.3 | G35: =IFERROR(VLOOKUP("*"&$B35&"*",'Energy Yearbook Data'!$I$4:$T$34,COLUMN(F$2),FALSE)*10+VLOOKUP("*"&$B35&"*",'Energy Yearbook Data'!$I$4:$AE$34,COLUMN(Q$2),FALSE)*10,"") -> 325566.1 | H35: =IFERROR(VLOOKUP("*"&$B35&"*",'Energy Yearbook Data'!$I$4:$T$34,COLUMN(G$2),FALSE)*10+VLOOKUP("*"&$B35&"*",'Energy Yearbook Data'!$I$4:$AE$34,COLUMN(R$2),FALSE)*10,"") -> 366033 | I35: =IFERROR(VLOOKUP("*"&$B35&"*",'Energy Yearbook Data'!$I$4:$T$34,COLUMN(H$2),FALSE)*10+VLOOKUP("*"&$B35&"*",'Energy Yearbook Data'!$I$4:$AE$34,COLUMN(S$2),FALSE)*10,"") -> 410672.6 | J35: =IFERROR(VLOOKUP("*"&$B35&"*",'Energy Yearbook Data'!$I$4:$T$34,COLUMN(I$2),FALSE)*10+VLOOKUP("*"&$B35&"*",'Energy Yearbook Data'!$I$4:$AE$34,COLUMN(T$2),FALSE)*10,"") -> 507585.5 | ... M35: =IFERROR(VLOOKUP("*"&$B35&"*",'Energy Yearbook Data'!$I$4:$T$34,COLUMN(L$2),FALSE)*10+VLOOKUP("*"&$B35&"*",'Energy Yearbook Data'!$I$4:$AE$34,COLUMN(W$2),FALSE)*10,"") -> 757976.1 | N35: =IFERROR(VLOOKUP("*"&$B35&"*",'Energy Yearbook Data'!$I$4:$DZ$34,COLUMN(DH$2),FALSE)*10,"") -> 218985.7 | O35: =IFERROR(VLOOKUP("*"&$B35&"*",'Energy Yearbook Data'!$I$4:$DZ$34,COLUMN(DI$2),FALSE)*10,"") -> 226965.8 | P35: =IFERROR(VLOOKUP("*"&$B35&"*",'Energy Yearbook Data'!$I$4:$DZ$34,COLUMN(DJ$2),FALSE)*10,"") -> 283315.6 | Q35: =IFERROR(VLOOKUP("*"&$B35&"*",'Energy Yearbook Data'!$I$4:$DZ$34,COLUMN(DK$2),FALSE)*10,"") -> 282949.3 | R35: =IFERROR(VLOOKUP("*"&$B35&"*",'Energy Yearbook Data'!$I$4:$DZ$34,COLUMN(DL$2),FALSE)*10,"") -> 325566.1 | S35: =IFERROR(VLOOKUP("*"&$B35&"*",'Energy Yearbook Data'!$I$4:$DZ$34,COLUMN(DM$2),FALSE)*10,"") -> 366033 | T35: =IFERROR(VLOOKUP("*"&$B35&"*",'Energy Yearbook Data'!$I$4:$DZ$34,COLUMN(DN$2),FALSE)*10,"") -> 410672.6 | U35: =IFERROR(VLOOKUP("*"&$B35&"*",'Energy Yearbook Data'!$I$4:$DZ$34,COLUMN(DO$2),FALSE)*10,"") -> 507585.5 | ... X35: =IFERROR(VLOOKUP("*"&$B35&"*",'Energy Yearbook Data'!$I$4:$DZ$34,COLUMN(DR$2),FALSE)*10,"") -> 757976.1 | Y35: =VLOOKUP("*"&$B35&"*",'Statistical Yearbook Data'!$F$3:$R$33,COLUMN(B$1),FALSE)*10 -> 164980 | Z35: =VLOOKUP("*"&$B35&"*",'Statistical Yearbook Data'!$F$3:$R$33,COLUMN(C$1),FALSE)*10 -> 179930 | AA35: =VLOOKUP("*"&$B35&"*",'Statistical Yearbook Data'!$F$3:$R$33,COLUMN(D$1),FALSE)*10 -> 163290 | AB35: =VLOOKUP("*"&$B35&"*",'Statistical Yearbook Data'!$F$3:$R$33,COLUMN(E$1),FALSE)*10 -> 171410 | AC35: =VLOOKUP("*"&$B35&"*",'Statistical Yearbook Data'!$F$3:$R$33,COLUMN(F$1),FALSE)*10 -> 172850 | AD35: =VLOOKUP("*"&$B35&"*",'Statistical Yearbook Data'!$F$3:$R$33,COLUMN(G$1),FALSE)*10 -> 198080 | AE35: =VLOOKUP("*"&$B35&"*",'Statistical Yearbook Data'!$F$3:$R$33,COLUMN(H$1),FALSE)*10 -> 198690 | AF35: =VLOOKUP("*"&$B35&"*",'Statistical Yearbook Data'!$F$3:$R$33,COLUMN(I$1),FALSE)*10 -> 202070 | ... AI35: =VLOOKUP("*"&$B35&"*",'Statistical Yearbook Data'!$F$3:$R$33,COLUMN(L$1),FALSE)*10 -> 244580 | AJ35: =VLOOKUP("*"&$B35&"*",'CHP Data'!$B$4:$X$36,COLUMN(M$1),FALSE)/1000 -> 79081.281 | AK35: =VLOOKUP("*"&$B35&"*",'CHP Data'!$B$4:$X$36,COLUMN(N$1),FALSE)/1000 -> 79081.281 | AL35: =VLOOKUP("*"&$B35&"*",'CHP Data'!$B$4:$X$36,COLUMN(O$1),FALSE)/1000 -> 78864.098 | AM35: =VLOOKUP("*"&$B35&"*",'CHP Data'!$B$4:$X$36,COLUMN(P$1),FALSE)/1000 -> 69108.728 | AN35: =VLOOKUP("*"&$B35&"*",'CHP Data'!$B$4:$X$36,COLUMN(Q$1),FALSE)/1000 -> 57762.335 | AO35: =VLOOKUP("*"&$B35&"*",'CHP Data'!$B$4:$X$36,COLUMN(R$1),FALSE)/1000 -> 64353.047 | AP35: =VLOOKUP("*"&$B35&"*",'CHP Data'!$B$4:$X$36,COLUMN(S$1),FALSE)/1000 -> 73978.073 | AQ35: =VLOOKUP("*"&$B35&"*",'CHP Data'!$B$4:$X$36,COLUMN(T$1),FALSE)/1000 -> 83995.079 | ... AT35: =VLOOKUP("*"&$B35&"*",'CHP Data'!$B$4:$X$36,COLUMN(W$1),FALSE)/1000 -> 166240
A37: From HDL | B37: assumed losses of heat during transmission and distribution
B38: 0.2
B40: Total Heat Generation (TJ) | M40: Fraction of Heat Generated from CHP (%)
B41: 2011 | C41: 2012 | D41: 2013 | E41: 2014 | F41: 2015 | G41: 2016 | H41: 2017 | I41: 2018 | J41: 2019 | K41: 2020 | L41: 2021 | M41: 2011 | N41: 2012 | O41: 2013 | P41: 2014 | Q41: 2015 | R41: 2016 | S41: 2017 | T41: 2018 | U41: 2019 | V41: 2020 | W41: 2021
A42: 全国 | B42: =MAX(C4,N4*(1+$B$38),Y4*(1+$B$38)) -> 4246186.9 | C42: =MAX(D4,O4*(1+$B$38),Z4*(1+$B$38)) -> 4604662.1 | D42: =MAX(E4,P4*(1+$B$38),AA4*(1+$B$38)) -> 4957230.7 | E42: =MAX(F4,Q4*(1+$B$38),AB4*(1+$B$38)) -> 5201284.1 | F42: =MAX(G4,R4*(1+$B$38),AC4*(1+$B$38)) -> 5533279.7 | G42: =MAX(H4,S4*(1+$B$38),AD4*(1+$B$38)) -> 5958534.2 | H42: =MAX(I4,T4*(1+$B$38),AE4*(1+$B$38)) -> 6360079.2 | I42: =MAX(J4,U4*(1+$B$38),AF4*(1+$B$38)) -> 7446518.6 | ... L42: =MAX(M4,X4*(1+$B$38),AI4*(1+$B$38)) -> 10224553 | M42: =AJ4/B42 -> 0.70147477 | N42: =AK4/C42 -> 0.66834259 | O42: =AL4/D42 -> 0.65384925 | P42: =AM4/E42 -> 0.61208263 | Q42: =AN4/F42 -> 0.66508867 | R42: =AO4/G42 -> 0.64756793 | S42: =AP4/H42 -> 0.66207408 | T42: =AQ4/I42 -> 0.64543614 | ... W42: =AT4/L42 -> 0.55465898
A43: 北京 | B43: =MAX(C5,N5*(1+$B$38),Y5*(1+$B$38)) -> 432336 | C43: =MAX(D5,O5*(1+$B$38),Z5*(1+$B$38)) -> 426132 | D43: =MAX(E5,P5*(1+$B$38),AA5*(1+$B$38)) -> 409536 | E43: =MAX(F5,Q5*(1+$B$38),AB5*(1+$B$38)) -> 425592 | F43: =MAX(G5,R5*(1+$B$38),AC5*(1+$B$38)) -> 432276 | G43: =MAX(H5,S5*(1+$B$38),AD5*(1+$B$38)) -> 452808 | H43: =MAX(I5,T5*(1+$B$38),AE5*(1+$B$38)) -> 300516 | I43: =MAX(J5,U5*(1+$B$38),AF5*(1+$B$38)) -> 244200 | ... L43: =MAX(M5,X5*(1+$B$38),AI5*(1+$B$38)) -> 244720.32 | M43: =AJ5/B43 -> 0.18343969 | N43: =AK5/C43 -> 0.19203309 | O43: =AL5/D43 -> 0.18333788 | P43: =AM5/E43 -> 0.17770696 | Q43: =AN5/F43 -> 0.18115301 | R43: =AO5/G43 -> 0.17092666 | S43: =AP5/H43 -> 0.25613487 | T43: =AQ5/I43 -> 0.3339476 | ... W43: =AT5/L43 -> 0.325351
A44: 天津 | B44: =MAX(C6,N6*(1+$B$38),Y6*(1+$B$38)) -> 206505.72 | C44: =MAX(D6,O6*(1+$B$38),Z6*(1+$B$38)) -> 231123.48 | D44: =MAX(E6,P6*(1+$B$38),AA6*(1+$B$38)) -> 235209.72 | E44: =MAX(F6,Q6*(1+$B$38),AB6*(1+$B$38)) -> 240125.88 | F44: =MAX(G6,R6*(1+$B$38),AC6*(1+$B$38)) -> 245171.4 | G44: =MAX(H6,S6*(1+$B$38),AD6*(1+$B$38)) -> 243815.64 | H44: =MAX(I6,T6*(1+$B$38),AE6*(1+$B$38)) -> 256019.04 | I44: =MAX(J6,U6*(1+$B$38),AF6*(1+$B$38)) -> 271109.76 | ... L44: =MAX(M6,X6*(1+$B$38),AI6*(1+$B$38)) -> 278192.52 | M44: =AJ6/B44 -> 0.3559867 | N44: =AK6/C44 -> 0.3079726 | O44: =AL6/D44 -> 0.31788083 | P44: =AM6/E44 -> 0.3044315 | Q44: =AN6/F44 -> 0.31502331 | R44: =AO6/G44 -> 0.32761691 | S44: =AP6/H44 -> 0.34394588 | T44: =AQ6/I44 -> 0.35002908 | ... W44: =AT6/L44 -> 0.35795355
A45: 河北 | B45: =MAX(C7,N7*(1+$B$38),Y7*(1+$B$38)) -> 351109.32 | C45: =MAX(D7,O7*(1+$B$38),Z7*(1+$B$38)) -> 397466.28 | D45: =MAX(E7,P7*(1+$B$38),AA7*(1+$B$38)) -> 483502.92 | E45: =MAX(F7,Q7*(1+$B$38),AB7*(1+$B$38)) -> 473133.01 | F45: =MAX(G7,R7*(1+$B$38),AC7*(1+$B$38)) -> 506910.6 | G45: =MAX(H7,S7*(1+$B$38),AD7*(1+$B$38)) -> 517801.8 | H45: =MAX(I7,T7*(1+$B$38),AE7*(1+$B$38)) -> 541045.2 | I45: =MAX(J7,U7*(1+$B$38),AF7*(1+$B$38)) -> 1056939.7 | ... L45: =MAX(M7,X7*(1+$B$38),AI7*(1+$B$38)) -> 966471.6 | M45: =AJ7/B45 -> 0.5761825 | N45: =AK7/C45 -> 0.46795008 | O45: =AL7/D45 -> 0.36277128 | P45: =AM7/E45 -> 0.26917444 | Q45: =AN7/F45 -> 0.4017141 | R45: =AO7/G45 -> 0.40597875 | S45: =AP7/H45 -> 0.41621403 | T45: =AQ7/I45 -> 0.25255985 | ... W45: =AT7/L45 -> 0.34062046
A46: 山西 | B46: =MAX(C8,N8*(1+$B$38),Y8*(1+$B$38)) -> 173669.64 | C46: =MAX(D8,O8*(1+$B$38),Z8*(1+$B$38)) -> 192174.6 | D46: =MAX(E8,P8*(1+$B$38),AA8*(1+$B$38)) -> 282849.6 | E46: =MAX(F8,Q8*(1+$B$38),AB8*(1+$B$38)) -> 320281.92 | F46: =MAX(G8,R8*(1+$B$38),AC8*(1+$B$38)) -> 358956.48 | G46: =MAX(H8,S8*(1+$B$38),AD8*(1+$B$38)) -> 376410.48 | H46: =MAX(I8,T8*(1+$B$38),AE8*(1+$B$38)) -> 408370.8 | I46: =MAX(J8,U8*(1+$B$38),AF8*(1+$B$38)) -> 422365.56 | ... L46: =MAX(M8,X8*(1+$B$38),AI8*(1+$B$38)) -> 493369.68 | M46: =AJ8/B46 -> 0.25163024 | N46: =AK8/C46 -> 0.26165384 | O46: =AL8/D46 -> 0.17945408 | P46: =AM8/E46 -> 0.16292564 | Q46: =AN8/F46 -> 0.3631665 | R46: =AO8/G46 -> 0.40705793 | S46: =AP8/H46 -> 0.44175969 | T46: =AQ8/I46 -> 0.5147195 | ... W46: =AT8/L46 -> 0.55627658
A47: 内蒙古 | B47: =MAX(C9,N9*(1+$B$38),Y9*(1+$B$38)) -> 270570.9 | C47: =MAX(D9,O9*(1+$B$38),Z9*(1+$B$38)) -> 336306.12 | D47: =MAX(E9,P9*(1+$B$38),AA9*(1+$B$38)) -> 346551.24 | E47: =MAX(F9,Q9*(1+$B$38),AB9*(1+$B$38)) -> 365106.66 | F47: =MAX(G9,R9*(1+$B$38),AC9*(1+$B$38)) -> 417554.88 | G47: =MAX(H9,S9*(1+$B$38),AD9*(1+$B$38)) -> 462758.4 | H47: =MAX(I9,T9*(1+$B$38),AE9*(1+$B$38)) -> 507243.24 | I47: =MAX(J9,U9*(1+$B$38),AF9*(1+$B$38)) -> 626375.88 | ... L47: =MAX(M9,X9*(1+$B$38),AI9*(1+$B$38)) -> 929850.36 | M47: =AJ9/B47 -> 0.64539954 | N47: =AK9/C47 -> 0.59898101 | O47: =AL9/D47 -> 0.64638309 | P47: =AM9/E47 -> 0.60266652 | Q47: =AN9/F47 -> 0.57770158 | R47: =AO9/G47 -> 0.55124792 | S47: =AP9/H47 -> 0.59722402 | T47: =AQ9/I47 -> 0.5260349 | ... W47: =AT9/L47 -> 0.40839905
A48: 辽宁 | B48: =MAX(C10,N10*(1+$B$38),Y10*(1+$B$38)) -> 582300 | C48: =MAX(D10,O10*(1+$B$38),Z10*(1+$B$38)) -> 588816 | D48: =MAX(E10,P10*(1+$B$38),AA10*(1+$B$38)) -> 600180 | E48: =MAX(F10,Q10*(1+$B$38),AB10*(1+$B$38)) -> 619056 | F48: =MAX(G10,R10*(1+$B$38),AC10*(1+$B$38)) -> 674556 | G48: =MAX(H10,S10*(1+$B$38),AD10*(1+$B$38)) -> 703020 | H48: =MAX(I10,T10*(1+$B$38),AE10*(1+$B$38)) -> 728904.36 | I48: =MAX(J10,U10*(1+$B$38),AF10*(1+$B$38)) -> 804441.72 | ... L48: =MAX(M10,X10*(1+$B$38),AI10*(1+$B$38)) -> 1017732.4 | M48: =AJ10/B48 -> 0.45850718 | N48: =AK10/C48 -> 0.50739567 | O48: =AL10/D48 -> 0.51697318 | P48: =AM10/E48 -> 0.50063335 | Q48: =AN10/F48 -> 0.47825046 | R48: =AO10/G48 -> 0.46982385 | S48: =AP10/H48 -> 0.4728595 | T48: =AQ10/I48 -> 0.44884033 | ... W48: =AT10/L48 -> 0.4647096
A49: 吉林 | B49: =MAX(C11,N11*(1+$B$38),Y11*(1+$B$38)) -> 309345.48 | C49: =MAX(D11,O11*(1+$B$38),Z11*(1+$B$38)) -> 312482.4 | D49: =MAX(E11,P11*(1+$B$38),AA11*(1+$B$38)) -> 309854.4 | E49: =MAX(F11,Q11*(1+$B$38),AB11*(1+$B$38)) -> 281481.6 | F49: =MAX(G11,R11*(1+$B$38),AC11*(1+$B$38)) -> 305244 | G49: =MAX(H11,S11*(1+$B$38),AD11*(1+$B$38)) -> 304858.44 | H49: =MAX(I11,T11*(1+$B$38),AE11*(1+$B$38)) -> 330797.52 | I49: =MAX(J11,U11*(1+$B$38),AF11*(1+$B$38)) -> 377138.76 | ... L49: =MAX(M11,X11*(1+$B$38),AI11*(1+$B$38)) -> 442325.16 | M49: =AJ11/B49 -> 0.52386438 | N49: =AK11/C49 -> 0.56873129 | O49: =AL11/D49 -> 0.59688776 | P49: =AM11/E49 -> 0.66658086 | Q49: =AN11/F49 -> 0.62699109 | R49: =AO11/G49 -> 0.64165243 | S49: =AP11/H49 -> 0.60161527 | T49: =AQ11/I49 -> 0.54629703 | ... W49: =AT11/L49 -> 0.48984326
A50: 黑龙江 | B50: =MAX(C12,N12*(1+$B$38),Y12*(1+$B$38)) -> 349416 | C50: =MAX(D12,O12*(1+$B$38),Z12*(1+$B$38)) -> 363228 | D50: =MAX(E12,P12*(1+$B$38),AA12*(1+$B$38)) -> 424932 | E50: =MAX(F12,Q12*(1+$B$38),AB12*(1+$B$38)) -> 455748 | F50: =MAX(G12,R12*(1+$B$38),AC12*(1+$B$38)) -> 470184 | G50: =MAX(H12,S12*(1+$B$38),AD12*(1+$B$38)) -> 485604 | H50: =MAX(I12,T12*(1+$B$38),AE12*(1+$B$38)) -> 509952 | I50: =MAX(J12,U12*(1+$B$38),AF12*(1+$B$38)) -> 589155.48 | ... L50: =MAX(M12,X12*(1+$B$38),AI12*(1+$B$38)) -> 738646.92 | M50: =AJ12/B50 -> 0.50489411 | N50: =AK12/C50 -> 0.52880799 | O50: =AL12/D50 -> 0.48442518 | P50: =AM12/E50 -> 0.5023933 | Q50: =AN12/F50 -> 0.49897186 | R50: =AO12/G50 -> 0.55950884 | S50: =AP12/H50 -> 0.55038275 | T50: =AQ12/I50 -> 0.51351315 | ... W50: =AT12/L50 -> 0.45022864
A51: 上海 | B51: =MAX(C13,N13*(1+$B$38),Y13*(1+$B$38)) -> 92571.572 | C51: =MAX(D13,O13*(1+$B$38),Z13*(1+$B$38)) -> 92410.56 | D51: =MAX(E13,P13*(1+$B$38),AA13*(1+$B$38)) -> 135030 | E51: =MAX(F13,Q13*(1+$B$38),AB13*(1+$B$38)) -> 132154.3 | F51: =MAX(G13,R13*(1+$B$38),AC13*(1+$B$38)) -> 135643.32 | G51: =MAX(H13,S13*(1+$B$38),AD13*(1+$B$38)) -> 132594.72 | H51: =MAX(I13,T13*(1+$B$38),AE13*(1+$B$38)) -> 128972.76 | I51: =MAX(J13,U13*(1+$B$38),AF13*(1+$B$38)) -> 123486.72 | ... L51: =MAX(M13,X13*(1+$B$38),AI13*(1+$B$38)) -> 131915.52 | M51: =AJ13/B51 -> 0.65613347 | N51: =AK13/C51 -> 0.65593697 | O51: =AL13/D51 -> 0.43344488 | P51: =AM13/E51 -> 0.42221992 | Q51: =AN13/F51 -> 0.4750979 | R51: =AO13/G51 -> 0.50116166 | S51: =AP13/H51 -> 0.50429722 | T51: =AQ13/I51 -> 0.47139288 | ... W51: =AT13/L51 -> 0.46340264
A52: 江苏 | B52: =MAX(C14,N14*(1+$B$38),Y14*(1+$B$38)) -> 632586.36 | C52: =MAX(D14,O14*(1+$B$38),Z14*(1+$B$38)) -> 647249.88 | D52: =MAX(E14,P14*(1+$B$38),AA14*(1+$B$38)) -> 738123.36 | E52: =MAX(F14,Q14*(1+$B$38),AB14*(1+$B$38)) -> 752452.68 | F52: =MAX(G14,R14*(1+$B$38),AC14*(1+$B$38)) -> 765913.8 | G52: =MAX(H14,S14*(1+$B$38),AD14*(1+$B$38)) -> 773920.8 | H52: =MAX(I14,T14*(1+$B$38),AE14*(1+$B$38)) -> 825069.48 | I52: =MAX(J14,U14*(1+$B$38),AF14*(1+$B$38)) -> 896179.8 | ... L52: =MAX(M14,X14*(1+$B$38),AI14*(1+$B$38)) -> 920076.36 | M52: =AJ14/B52 -> 0.8457697 | N52: =AK14/C52 -> 0.82511927 | O52: =AL14/D52 -> 0.80245506 | P52: =AM14/E52 -> 0.76862869 | Q52: =AN14/F52 -> 0.73223656 | R52: =AO14/G52 -> 0.82232008 | S52: =AP14/H52 -> 0.85383341 | T52: =AQ14/I52 -> 1.0674954 | ... W52: =AT14/L52 -> 0.81469325
A53: 浙江 | B53: =MAX(C15,N15*(1+$B$38),Y15*(1+$B$38)) -> 561913.93 | C53: =MAX(D15,O15*(1+$B$38),Z15*(1+$B$38)) -> 579700.68 | D53: =MAX(E15,P15*(1+$B$38),AA15*(1+$B$38)) -> 515024.88 | E53: =MAX(F15,Q15*(1+$B$38),AB15*(1+$B$38)) -> 529069.27 | F53: =MAX(G15,R15*(1+$B$38),AC15*(1+$B$38)) -> 588545.52 | G53: =MAX(H15,S15*(1+$B$38),AD15*(1+$B$38)) -> 639920.29 | H53: =MAX(I15,T15*(1+$B$38),AE15*(1+$B$38)) -> 688512.96 | I53: =MAX(J15,U15*(1+$B$38),AF15*(1+$B$38)) -> 762149.16 | ... L53: =MAX(M15,X15*(1+$B$38),AI15*(1+$B$38)) -> 860728.92 | M53: =AJ15/B53 -> 0.63698184 | N53: =AK15/C53 -> 0.62477657 | O53: =AL15/D53 -> 0.72412756 | P53: =AM15/E53 -> 0.73797166 | Q53: =AN15/F53 -> 0.70273669 | R53: =AO15/G53 -> 0.7101764 | S53: =AP15/H53 -> 0.73817574 | T53: =AQ15/I53 -> 0.73789332 | ... W53: =AT15/L53 -> 0.69522469
... A67: 云南 | B67: =MAX(C29,N29*(1+$B$38),Y29*(1+$B$38)) -> 29182.08 | C67: =MAX(D29,O29*(1+$B$38),Z29*(1+$B$38)) -> 29136.36 | D67: =MAX(E29,P29*(1+$B$38),AA29*(1+$B$38)) -> 22544.087 | E67: =MAX(F29,Q29*(1+$B$38),AB29*(1+$B$38)) -> 25256.133 | F67: =MAX(G29,R29*(1+$B$38),AC29*(1+$B$38)) -> 31252.92 | G67: =MAX(H29,S29*(1+$B$38),AD29*(1+$B$38)) -> 45995.615 | H67: =MAX(I29,T29*(1+$B$38),AE29*(1+$B$38)) -> 52245.36 | I67: =MAX(J29,U29*(1+$B$38),AF29*(1+$B$38)) -> 66434.88 | ... L67: =MAX(M29,X29*(1+$B$38),AI29*(1+$B$38)) -> 96741.6 | M67: =AJ29/B67 -> 0 | N67: =AK29/C67 -> 0 | O67: =AL29/D67 -> 0 | P67: =AM29/E67 -> 0 | Q67: =AN29/F67 -> 0 | R67: =AO29/G67 -> 0 | S67: =AP29/H67 -> 0 | T67: =AQ29/I67 -> 0 | ... W67: =AT29/L67 -> 0
A68: 西藏 | B68: =(1+$B$38)*Y30 -> 0 | C68: =(1+$B$38)*Z30 -> 0 | D68: =(1+$B$38)*AA30 -> 0 | E68: =(1+$B$38)*AB30 -> 0 | F68: =(1+$B$38)*AC30 -> 0 | G68: =(1+$B$38)*AD30 -> 0 | H68: =(1+$B$38)*AE30 -> 0 | I68: =(1+$B$38)*AF30 -> 0 | ... L68: =(1+$B$38)*AI30 -> 1320 | M68: =AJ30/B68 -> #DIV/0! | N68: =AK30/C68 -> #DIV/0! | O68: =AL30/D68 -> #DIV/0! | P68: =AM30/E68 -> #DIV/0! | Q68: =AN30/F68 -> #DIV/0! | R68: =AO30/G68 -> #DIV/0! | S68: =AP30/H68 -> #DIV/0! | T68: =AQ30/I68 -> #DIV/0! | ... W68: =AT30/L68 -> 0
A69: 陕西 | B69: =MAX(C31,N31*(1+$B$38),Y31*(1+$B$38)) -> 71563.312 | C69: =MAX(D31,O31*(1+$B$38),Z31*(1+$B$38)) -> 101008.8 | D69: =MAX(E31,P31*(1+$B$38),AA31*(1+$B$38)) -> 111864.31 | E69: =MAX(F31,Q31*(1+$B$38),AB31*(1+$B$38)) -> 123294.26 | F69: =MAX(G31,R31*(1+$B$38),AC31*(1+$B$38)) -> 140734.32 | G69: =MAX(H31,S31*(1+$B$38),AD31*(1+$B$38)) -> 164766.74 | H69: =MAX(I31,T31*(1+$B$38),AE31*(1+$B$38)) -> 198691.2 | I69: =MAX(J31,U31*(1+$B$38),AF31*(1+$B$38)) -> 225896.64 | ... L69: =MAX(M31,X31*(1+$B$38),AI31*(1+$B$38)) -> 372100.56 | M69: =AJ31/B69 -> 0.29177909 | N69: =AK31/C69 -> 0.22279287 | O69: =AL31/D69 -> 0.19630289 | P69: =AM31/E69 -> 0.18356883 | Q69: =AN31/F69 -> 0.18586655 | R69: =AO31/G69 -> 0.18099924 | S69: =AP31/H69 -> 0.1718145 | T69: =AQ31/I69 -> 0.18275394 | ... W69: =AT31/L69 -> 0.14990571
A70: 甘肃 | B70: =MAX(C32,N32*(1+$B$38),Y32*(1+$B$38)) -> 110515.08 | C70: =MAX(D32,O32*(1+$B$38),Z32*(1+$B$38)) -> 117742.2 | D70: =MAX(E32,P32*(1+$B$38),AA32*(1+$B$38)) -> 149400 | E70: =MAX(F32,Q32*(1+$B$38),AB32*(1+$B$38)) -> 137547.84 | F70: =MAX(G32,R32*(1+$B$38),AC32*(1+$B$38)) -> 144097.44 | G70: =MAX(H32,S32*(1+$B$38),AD32*(1+$B$38)) -> 142356.48 | H70: =MAX(I32,T32*(1+$B$38),AE32*(1+$B$38)) -> 153402.12 | I70: =MAX(J32,U32*(1+$B$38),AF32*(1+$B$38)) -> 187217.16 | ... L70: =MAX(M32,X32*(1+$B$38),AI32*(1+$B$38)) -> 236163.48 | M70: =AJ32/B70 -> 0.44572194 | N70: =AK32/C70 -> 0.38604259 | O70: =AL32/D70 -> 0.40205655 | P70: =AM32/E70 -> 0.40644325 | Q70: =AN32/F70 -> 0.46537864 | R70: =AO32/G70 -> 0.077088672 | S70: =AP32/H70 -> 0.47134989 | T70: =AQ32/I70 -> 0.4856659 | ... W70: =AT32/L70 -> 0.47462885
A71: 青海 | B71: =MAX(C33,N33*(1+$B$38),Y33*(1+$B$38)) -> 6127.5304 | C71: =MAX(D33,O33*(1+$B$38),Z33*(1+$B$38)) -> 6237.48 | D71: =MAX(E33,P33*(1+$B$38),AA33*(1+$B$38)) -> 5673.5688 | E71: =MAX(F33,Q33*(1+$B$38),AB33*(1+$B$38)) -> 7797.3456 | F71: =MAX(G33,R33*(1+$B$38),AC33*(1+$B$38)) -> 36384.72 | G71: =MAX(H33,S33*(1+$B$38),AD33*(1+$B$38)) -> 45617.132 | H71: =MAX(I33,T33*(1+$B$38),AE33*(1+$B$38)) -> 53673.12 | I71: =MAX(J33,U33*(1+$B$38),AF33*(1+$B$38)) -> 63279.36 | ... L71: =MAX(M33,X33*(1+$B$38),AI33*(1+$B$38)) -> 65052 | M71: =AJ33/B71 -> 0 | N71: =AK33/C71 -> 0 | O71: =AL33/D71 -> 0 | P71: =AM33/E71 -> 0 | Q71: =AN33/F71 -> 0 | R71: =AO33/G71 -> 0 | S71: =AP33/H71 -> 0 | T71: =AQ33/I71 -> 0 | ... W71: =AT33/L71 -> 0
A72: 宁夏 | B72: =MAX(C34,N34*(1+$B$38),Y34*(1+$B$38)) -> 54159.45 | C72: =MAX(D34,O34*(1+$B$38),Z34*(1+$B$38)) -> 65915.88 | D72: =MAX(E34,P34*(1+$B$38),AA34*(1+$B$38)) -> 65591.894 | E72: =MAX(F34,Q34*(1+$B$38),AB34*(1+$B$38)) -> 61128 | F72: =MAX(G34,R34*(1+$B$38),AC34*(1+$B$38)) -> 74578.56 | G72: =MAX(H34,S34*(1+$B$38),AD34*(1+$B$38)) -> 104023.45 | H72: =MAX(I34,T34*(1+$B$38),AE34*(1+$B$38)) -> 110887.8 | I72: =MAX(J34,U34*(1+$B$38),AF34*(1+$B$38)) -> 123196.68 | ... L72: =MAX(M34,X34*(1+$B$38),AI34*(1+$B$38)) -> 224231.88 | M72: =AJ34/B72 -> 0 | N72: =AK34/C72 -> 0 | O72: =AL34/D72 -> 0 | P72: =AM34/E72 -> 0 | Q72: =AN34/F72 -> 0 | R72: =AO34/G72 -> 0 | S72: =AP34/H72 -> 0 | T72: =AQ34/I72 -> 0 | ... W72: =AT34/L72 -> 0.37251616
A73: 新疆 | B73: =MAX(C35,N35*(1+$B$38),Y35*(1+$B$38)) -> 262782.84 | C73: =MAX(D35,O35*(1+$B$38),Z35*(1+$B$38)) -> 272358.96 | D73: =MAX(E35,P35*(1+$B$38),AA35*(1+$B$38)) -> 339978.72 | E73: =MAX(F35,Q35*(1+$B$38),AB35*(1+$B$38)) -> 339539.16 | F73: =MAX(G35,R35*(1+$B$38),AC35*(1+$B$38)) -> 390679.32 | G73: =MAX(H35,S35*(1+$B$38),AD35*(1+$B$38)) -> 439239.6 | H73: =MAX(I35,T35*(1+$B$38),AE35*(1+$B$38)) -> 492807.12 | I73: =MAX(J35,U35*(1+$B$38),AF35*(1+$B$38)) -> 609102.6 | ... L73: =MAX(M35,X35*(1+$B$38),AI35*(1+$B$38)) -> 909571.32 | M73: =AJ35/B73 -> 0.30093777 | N73: =AK35/C73 -> 0.29035682 | O73: =AL35/D73 -> 0.23196775 | P73: =AM35/E73 -> 0.20353684 | Q73: =AN35/F73 -> 0.14785102 | R73: =AO35/G73 -> 0.14651012 | S73: =AP35/H73 -> 0.15011567 | T73: =AQ35/I73 -> 0.13789972 | ... W73: =AT35/L73 -> 0.18276742

Sheet Heat Consumption Data
A1: Heat | S1: Main Takeaways
T50: Survey Heat Generation Capacity (MW)
T51: Coal CHP | U51: Coal Boiler | V51: Gas CHP | W51: Gas Boiler | X51: Waste Heat | Y51: Pumps | Z51: Others | AA51: Total
S52: Beijing | T52: 2491 | U52: 436 | V52: 10069 | W52: 13960 | AA52: 27085
S53: Tianjin | T53: 7761 | U53: 1102 | V53: 1800 | W53: 1551 | Y53: 65 | Z53: 64 | AA53: 12430
S54: Hebei | T54: 31866 | U54: 3286 | W54: 1068 | X54: 165 | Y54: 21 | Z54: 30 | AA54: 36901
S55: Inner Mongolia | T55: 6051 | U55: 1886 | W55: 1074 | X55: 529 | Y55: 151 | Z55: 1 | AA55: 9380
S56: Shanxi | T56: 24374 | U56: 1400 | W56: 1961 | X56: 369 | AA56: 27825
S57: Liaoning | T57: 8697 | U57: 5218 | W57: 365 | X57: 90 | AA57: 15076
S58: Jilin | T58: 15384 | U58: 5390 | W58: 56 | X58: 167 | Y58: 281 | Z58: 348 | AA58: 20854
S59: Heilongjiang | T59: 10434 | U59: 6642 | W59: 1136 | Y59: 4 | Z59: 20 | AA59: 18608
S60: Shandong | T60: 15198 | U60: 6770 | W60: 1607 | X60: 22 | Y60: 371 | Z60: 3 | AA60: 24366
S61: Henan | T61: 10494 | U61: 140 | W61: 2406 | X61: 105 | Y61: 328 | Z61: 358 | AA61: 13240
S62: Shaanxi | T62: 7005 | U62: 2051 | W62: 3500 | X62: 200 | AA62: 12764
S63: Gansu | T63: 2920 | U63: 1494 | W63: 813 | Z63: 208 | AA63: 5228
S64: Ningxia | T64: 1391 | X64: 1 | AA64: 1391
S65: Xinjiang | T65: 9012 | W65: 7290 | AA65: 16396
S66: Southern China | T66: 249 | W66: 189 | Z66: 94 | AA66: 438
S67: Overall | T67: =SUM(T52:T66) -> 153327 | U67: =SUM(U52:U66) -> 35815 | V67: =SUM(V52:V66) -> 11869 | W67: =SUM(W52:W66) -> 36976 | X67: =SUM(X52:X66) -> 1648 | Y67: =SUM(Y52:Y66) -> 1221 | Z67: =SUM(Z52:Z66) -> 1126 | AA67: =SUM(T67:Z67) -> 241982
S69: *Shandong only has Coal CHP and no Gas CHP, according to 2020 and 2016 Data
S70: 2016 Shandong Heating Generation Distribution
S71: 0.65 | T71: Coal CHP
S72: 0 | T72: Gas CHP
S73: 0.17 | T73: Coal Boiler
S74: 0.04 | T74: Natural Gas Boiler
S75: 0.06 | T75: Natural Gas Wall hanging Stove
S76: 0.08 | T76: Other
W104: MSW generation is primarily for taking care of the waste and not for heating. All heats that comes from MSW are considered CHP
S113: China Natural Gas Heating Technology Breakdown
S114: 0.47 | T114: Gas boiler
S115: 0.44 | T115: Wall hanging stove
S116: 0.08 | T116: Cogeneration
S117: 0.01 | T117: Distributed Heating
U150: 地只 | V150: 企业 | W150: 燃煤热 | X150: 燃气您 | Y150: 燃烁 | Z150: 燃气 | AA150: 工业 | AB150: 热泵 | AC150: 其他
V151: 数址 | W151: 电联产 | X151: 电联产 | Y151: 泌小 | Z151: 粥炉 | AA151: 余热
U152: 北京 | V152: 11 | W152: 2491 | X152: 10069 | Y152: 436 | Z152: 13960 | AB152: 65 | AC152: 64 | AD152: 27086
U153: 天津 | V153: 3 | W153: 7761 | X153: 1800 | Y153: 1102 | Z153: 1551 | AA153: 165 | AB153: 21 | AC153: 30 | AD153: 12429
U154: 河北 | V154: 15 | W154: 31866 | X154: / | Y154: 3286 | Z154: 1068 | AA154: 529 | AB154: 151 | AC154: 1 | AD154: 36901
U155: 内蒙古 | V155: 5 | W155: 6051 | X155: / | Y155: 1886 | Z155: 1074 | AA155: 369 | AB155: / | AC155: / | AD155: 9380
U156: 山西 | V156: 5 | W156: 24374 | X156: / | Y156: 1400 | Z156: 1961 | AA156: 90 | AB156: / | AC156: / | AD156: 27826
U157: 辽字 | V157: 9 | W157: 8697 | X157: / | Y157: 5218 | Z157: 365 | AA157: 167 | AB157: 281 | AC157: 348 | AD157: 15075
U158: 吉林 | W158: 15384 | X158: / | Y158: 5390 | Z158: 56 | AB158: 4 | AC158: 20 | AD158: 21127
U159: 黑龙江 | V159: 9 | W159: 10434 | X159: / | Y159: 6642 | Z159: 1136 | AA159: 22 | AB159: 371 | AC159: 3 | AD159: 18607
U160: 山东 | V160: 10 | W160: 15198 | X160: / | Y160: 6770 | Z160: 1607 | AA160: 105 | AB160: 328 | AC160: 358 | AD160: 24365
U161: 河南 | V161: 4 | W161: /！4。4 | X161: / | Y161: 140 | Z161: 2406 | AA161: 200 | AB161: / | AC161: / | AD161: 13240
U162: 陕西 | V162: 2 | W162: 7005 | X162: / | Y162: 2051 | Z162: 3500 | AA162: / | AB162: / | AC162: 208 | AD162: 12764
U163: 甘市 | V163: 3 | W163: 2920 | X163: / | Y163: 1494 | Z163: 813 | AA163: 1 | AB163: / | AC163: / | AD163: 5229
U164: 字夏 | V164: 4 | W164: 1391 | X164: / | Y164: / | Z164: / | AA164: / | AB164: / | AC164: / | AD164: 1391
U165: 笏盛 | V165: 3 | W165: 9012 | X165: / | Y165: / | Z165: 7290 | AA165: / | AB165: / | AC165: 94 | AD165: 16396
U166: 南方地区 | V166: 3 | W166: 249 | X166: / | Y166: / | Z166: 189 | AA166: / | AB166: / | AC166: / | AD166: 438
W168: 2491 | X168: 10069 | Y168: 436 | Z168: 13960 | AB168: 65 | AC168: 64 | AD168: =SUM(W168:AC168) -> 27085
W169: 7761 | X169: 1800 | Y169: 1102 | Z169: 1551 | AA169: 165 | AB169: 21 | AC169: 30 | AD169: =SUM(W169:AC169) -> 12430
W170: 31866 | Y170: 3286 | Z170: 1068 | AA170: 529 | AB170: 151 | AC170: 1 | AD170: =SUM(W170:AC170) -> 36901
W171: 6051 | Y171: 1886 | Z171: 1074 | AA171: 369 | AD171: =SUM(W171:AC171) -> 9380
W172: 24374 | Y172: 1400 | Z172: 1961 | AA172: 90 | AD172: =SUM(W172:AC172) -> 27825
W173: 8697 | Y173: 5218 | Z173: 365 | AA173: 167 | AB173: 281 | AC173: 348 | AD173: =SUM(W173:AC173) -> 15076
W174: 15384 | Y174: 5390 | Z174: 56 | AB174: 4 | AC174: 20 | AD174: =SUM(W174:AC174) -> 20854
W175: 10434 | Y175: 6642 | Z175: 1136 | AA175: 22 | AB175: 371 | AC175: 3 | AD175: =SUM(W175:AC175) -> 18608
W176: 15198 | Y176: 6770 | Z176: 1607 | AA176: 105 | AB176: 328 | AC176: 358 | AD176: =SUM(W176:AC176) -> 24366
W177: 10494 | Y177: 140 | Z177: 2406 | AA177: 200 | AD177: =SUM(W177:AC177) -> 13240
W178: 7005 | Y178: 2051 | Z178: 3500 | AC178: 208 | AD178: =SUM(W178:AC178) -> 12764
W179: 2920 | Y179: 1494 | Z179: 813 | AA179: 1 | AD179: =SUM(W179:AC179) -> 5228
W180: 1391 | AD180: =SUM(W180:AC180) -> 1391
W181: 9012 | Z181: 7290 | AC181: 94 | AD181: =SUM(W181:AC181) -> 16396
W182: 249 | Z182: 189 | AD182: =SUM(W182:AC182) -> 438

Sheet Data from BFoHPbF
A1: Selected Region (see about Sheet)
A2: =VLOOKUP([1]About!$B$16,'[1]Region Selector'!B1:E33,2,FALSE) -> 全国
A4: 项目 | B4: 能源品种 | C4: Fuel Type | D4: 2018 | E4: 2019 | F4: 2020 | G4: 2021 | H4: 2022 | L4: 2018 | M4: 2019 | N4: 2020 | O4: 2021 | P4: 2022
A5: Fuel Intake | K5: electricity | L5: =SUMIFS(D$6:D$34,$C$6:$C$34,$K5) -> 0 | M5: =SUMIFS(E$6:E$34,$C$6:$C$34,$K5) -> 0 | N5: =SUMIFS(F$6:F$34,$C$6:$C$34,$K5) -> 0 | O5: =SUMIFS(G$6:G$34,$C$6:$C$34,$K5) -> 0 | P5: =SUMIFS(H$6:H$34,$C$6:$C$34,$K5) -> 0
A6: 2.2. 供热 | B6: 其他能源 | C6: biomass | D6: 9.786539e+13 | E6: 1.0874364e+14 | F6: 1.9135562e+14 | G6: 2.5231376e+14 | H6: 3.3088351e+14 | K6: coal | L6: =SUMIFS(D$6:D$34,$C$6:$C$34,$K6) -> 6.3332445e+15 | M6: =SUMIFS(E$6:E$34,$C$6:$C$34,$K6) -> 6.7213003e+15 | N6: =SUMIFS(F$6:F$34,$C$6:$C$34,$K6) -> 7.2768889e+15 | O6: =SUMIFS(G$6:G$34,$C$6:$C$34,$K6) -> 8.7105205e+15 | P6: =SUMIFS(H$6:H$34,$C$6:$C$34,$K6) -> 9.9335807e+15
A7: 2.2. 供热 | B7: 焦炭 | C7: coal | D7: 4.0292014e+12 | E7: 1.2804506e+13 | F7: 7.5538767e+13 | G7: 8.9857929e+13 | H7: 4.4588032e+13 | K7: natural gas | L7: =SUMIFS(D$6:D$34,$C$6:$C$34,$K7) -> 4.4693834e+14 | M7: =SUMIFS(E$6:E$34,$C$6:$C$34,$K7) -> 4.9928162e+14 | N7: =SUMIFS(F$6:F$34,$C$6:$C$34,$K7) -> 5.960027e+14 | O7: =SUMIFS(G$6:G$34,$C$6:$C$34,$K7) -> 7.0396591e+14 | P7: =SUMIFS(H$6:H$34,$C$6:$C$34,$K7) -> 7.7638621e+14
A8: 2.2. 供热 | B8: 煤矸石 | C8: coal | D8: 5.3648703e+13 | E8: 5.129617e+13 | F8: 6.054518e+13 | G8: 6.4721641e+13 | H8: 6.1595248e+13 | K8: biomass | L8: =SUMIFS(D$6:D$34,$C$6:$C$34,$K8) -> 9.786539e+13 | M8: =SUMIFS(E$6:E$34,$C$6:$C$34,$K8) -> 1.0874364e+14 | N8: =SUMIFS(F$6:F$34,$C$6:$C$34,$K8) -> 1.9135562e+14 | O8: =SUMIFS(G$6:G$34,$C$6:$C$34,$K8) -> 2.5231376e+14 | P8: =SUMIFS(H$6:H$34,$C$6:$C$34,$K8) -> 3.3088351e+14
A9: 2.2. 供热 | B9: 其他洗煤 | C9: coal | D9: 9.5169865e+13 | E9: 1.1207174e+14 | F9: 1.1882758e+14 | G9: 1.3341172e+14 | H9: 1.1901703e+14 | K9: petroleum diesel | L9: =SUMIFS(D$6:D$34,$C$6:$C$34,$K9) -> 2.1267005e+12 | M9: =SUMIFS(E$6:E$34,$C$6:$C$34,$K9) -> 2.1630049e+12 | N9: =SUMIFS(F$6:F$34,$C$6:$C$34,$K9) -> 1.1764052e+12 | O9: =SUMIFS(G$6:G$34,$C$6:$C$34,$K9) -> 1.3866219e+12 | P9: =SUMIFS(H$6:H$34,$C$6:$C$34,$K9) -> 1.3502383e+12
A10: 2.2. 供热 | B10: 洗精煤 | C10: coal | D10: 0 | E10: 0 | F10: 0 | G10: 0 | H10: 0 | K10: heat | L10: =SUMIFS(D$6:D$34,$C$6:$C$34,$K10) -> 0 | M10: =SUMIFS(E$6:E$34,$C$6:$C$34,$K10) -> 0 | N10: =SUMIFS(F$6:F$34,$C$6:$C$34,$K10) -> 0 | O10: =SUMIFS(G$6:G$34,$C$6:$C$34,$K10) -> 0 | P10: =SUMIFS(H$6:H$34,$C$6:$C$34,$K10) -> 0
A11: 2.2. 供热 | B11: 型煤 | C11: coal | D11: 0 | E11: 0 | F11: 0 | G11: 0 | H11: 0 | K11: crude oil | L11: =SUMIFS(D$6:D$34,$C$6:$C$34,$K11) -> 0 | M11: =SUMIFS(E$6:E$34,$C$6:$C$34,$K11) -> 0 | N11: =SUMIFS(F$6:F$34,$C$6:$C$34,$K11) -> 0 | O11: =SUMIFS(G$6:G$34,$C$6:$C$34,$K11) -> 0 | P11: =SUMIFS(H$6:H$34,$C$6:$C$34,$K11) -> 0
A12: 2.2. 供热 | B12: 原煤 | C12: coal | D12: 6.1803967e+15 | E12: 6.5451278e+15 | F12: 7.0219774e+15 | G12: 8.4225292e+15 | H12: 9.7083804e+15 | K12: heavy or residual fuel oil | L12: =SUMIFS(D$6:D$34,$C$6:$C$34,$K12) -> 2.9198908e+13 | M12: =SUMIFS(E$6:E$34,$C$6:$C$34,$K12) -> 3.2758298e+13 | N12: =SUMIFS(F$6:F$34,$C$6:$C$34,$K12) -> 9.7123362e+13 | O12: =SUMIFS(G$6:G$34,$C$6:$C$34,$K12) -> 1.026764e+14 | P12: =SUMIFS(H$6:H$34,$C$6:$C$34,$K12) -> 1.0112148e+14
A13: 2.2. 供热 | B13: 原油 | C13: crude oil | D13: 0 | E13: 0 | F13: 0 | G13: 0 | H13: 0 | K13: LPG propane or butane | L13: =SUMIFS(D$6:D$34,$C$6:$C$34,$K13) -> 4.4702709e+14 | M13: =SUMIFS(E$6:E$34,$C$6:$C$34,$K13) -> 4.8791004e+14 | N13: =SUMIFS(F$6:F$34,$C$6:$C$34,$K13) -> 3.8590005e+14 | O13: =SUMIFS(G$6:G$34,$C$6:$C$34,$K13) -> 3.6837429e+14 | P13: =SUMIFS(H$6:H$34,$C$6:$C$34,$K13) -> 3.9351435e+14
A14: 2.2. 供热 | B14: 电力 | C14: electricity | D14: 0 | E14: 0 | F14: 0 | G14: 0 | H14: 0 | K14: hydrogen | L14: =SUMIFS(D$6:D$34,$C$6:$C$34,$K14) -> 0 | M14: =SUMIFS(E$6:E$34,$C$6:$C$34,$K14) -> 0 | N14: =SUMIFS(F$6:F$34,$C$6:$C$34,$K14) -> 0 | O14: =SUMIFS(G$6:G$34,$C$6:$C$34,$K14) -> 0 | P14: =SUMIFS(H$6:H$34,$C$6:$C$34,$K14) -> 0
A15: 2.2. 供热 | B15: 其他石油制品 | C15: heavy or residual fuel oil | D15: 5.604835e+12 | E15: 8.894714e+12 | F15: 5.4183956e+12 | G15: 5.9854822e+12 | H15: 6.2418364e+12
A16: 2.2. 供热 | B16: 燃料油 | C16: heavy or residual fuel oil | D16: 2.3594073e+13 | E16: 2.3863584e+13 | F16: 9.1704966e+13 | G16: 9.6690913e+13 | H16: 9.4879643e+13 | K16: Share of heat generation pathway | L16: 2018 | M16: 2019 | N16: 2020 | O16: 2021 | P16: 2022
A17: 2.2. 供热 | B17: 溶剂油 | C17: heavy or residual fuel oil | D17: 0 | E17: 0 | F17: 0 | G17: 0 | H17: 0 | K17: electricity | L17: =L5/SUM(L$5:L$14) -> 0 | M17: =M5/SUM(M$5:M$14) -> 0 | N17: =N5/SUM(N$5:N$14) -> 0 | O17: =O5/SUM(O$5:O$14) -> 0 | P17: =P5/SUM(P$5:P$14) -> 0
A18: 2.2. 供热 | B18: 石蜡 | C18: heavy fuel oil | D18: 0 | E18: 0 | F18: 0 | G18: 0 | H18: 0 | K18: coal | L18: =L6/SUM(L$5:L$14) -> 0.86091617 | M18: =M6/SUM(M$5:M$14) -> 0.85598141 | N18: =N6/SUM(N$5:N$14) -> 0.85125273 | O18: =O6/SUM(O$5:O$14) -> 0.85909029 | P18: =P6/SUM(P$5:P$14) -> 0.86103159
A19: 2.2. 供热 | B19: 石油焦 | C19: heavy fuel oil | D19: 6.0247944e+13 | E19: 6.788151e+13 | F19: 7.7683118e+13 | G19: 6.5440949e+13 | H19: 6.4523468e+13 | K19: natural gas | L19: =L7/SUM(L$5:L$14) -> 0.060755028 | M19: =M7/SUM(M$5:M$14) -> 0.063585283 | N19: =N7/SUM(N$5:N$14) -> 0.069720581 | O19: =O7/SUM(O$5:O$14) -> 0.069429867 | P19: =P7/SUM(P$5:P$14) -> 0.067296283
A20: 2.2. 供热 | B20: 石油沥青 | C20: heavy fuel oil | D20: 0 | E20: 0 | F20: 0 | G20: 0 | H20: 0 | K20: biomass | L20: =L8/SUM(L$5:L$14) -> 0.013303434 | M20: =M8/SUM(M$5:M$14) -> 0.013848888 | N20: =N8/SUM(N$5:N$14) -> 0.02238484 | O20: =O8/SUM(O$5:O$14) -> 0.024884885 | P20: =P8/SUM(P$5:P$14) -> 0.02868061
A21: 2.2. 供热 | B21: 高炉煤气 | C21: LPG propane or butane | D21: 2.0921172e+14 | E21: 2.0451447e+14 | F21: 1.7834962e+14 | G21: 1.581696e+14 | H21: 1.3597086e+14 | K21: petroleum diesel | L21: =L9/SUM(L$5:L$14) -> 0.00028909524 | M21: =M9/SUM(M$5:M$14) -> 0.00027546634 | N21: =N9/SUM(N$5:N$14) -> 0.00013761625 | O21: =O9/SUM(O$5:O$14) -> 0.00013675801 | P21: =P9/SUM(P$5:P$14) -> 0.00011703713
A22: 2.2. 供热 | B22: 焦炉煤气 | C22: LPG propane or butane | D22: 7.3176905e+13 | E22: 1.0286544e+14 | F22: 9.4032898e+13 | G22: 8.3572006e+13 | H22: 1.1748767e+14 | K22: heat | L22: =L10/SUM(L$5:L$14) -> 0 | M22: =M10/SUM(M$5:M$14) -> 0 | N22: =N10/SUM(N$5:N$14) -> 0 | O22: =O10/SUM(O$5:O$14) -> 0 | P22: =P10/SUM(P$5:P$14) -> 0
A23: 2.2. 供热 | B23: 炼厂干气 | C23: LPG propane or butane | D23: 7.4386382e+13 | E23: 7.5855624e+13 | F23: 7.2023387e+13 | G23: 8.2674303e+13 | H23: 8.08432e+13 | K23: crude oil | L23: =L11/SUM(L$5:L$14) -> 0 | M23: =M11/SUM(M$5:M$14) -> 0 | N23: =N11/SUM(N$5:N$14) -> 0 | O23: =O11/SUM(O$5:O$14) -> 0 | P23: =P11/SUM(P$5:P$14) -> 0
A24: 2.2. 供热 | B24: 其他煤气 | C24: LPG propane or butane | D24: 9.9084802e+09 | E24: 5.9450881e+11 | F24: 7.9267842e+11 | G24: 3.631458e+12 | H24: 3.9881633e+12 | K24: heavy or residual fuel oil | L24: =L12/SUM(L$5:L$14) -> 0.0039691839 | M24: =M12/SUM(M$5:M$14) -> 0.0041718853 | N24: =N12/SUM(N$5:N$14) -> 0.011361521 | O24: =O12/SUM(O$5:O$14) -> 0.010126639 | P24: =P12/SUM(P$5:P$14) -> 0.008765096
A25: 2.2. 供热 | B25: 润滑油 | C25: LPG propane or butane | D25: 0 | E25: 0 | F25: 0 | G25: 0 | H25: 0 | K25: LPG propane or butane | L25: =L13/SUM(L$5:L$14) -> 0.060767093 | M25: =M13/SUM(M$5:M$14) -> 0.062137072 | N25: =N13/SUM(N$5:N$14) -> 0.045142708 | O25: =O13/SUM(O$5:O$14) -> 0.036331557 | P25: =P13/SUM(P$5:P$14) -> 0.034109381
A26: 2.2. 供热 | B26: 石脑油 | C26: LPG propane or butane | D26: 5.7246703e+13 | E26: 6.787538e+13 | F26: 0 | G26: 0 | H26: 0 | K26: hydrogen | L26: =L14/SUM(L$5:L$14) -> 0 | M26: =M14/SUM(M$5:M$14) -> 0 | N26: =N14/SUM(N$5:N$14) -> 0 | O26: =O14/SUM(O$5:O$14) -> 0 | P26: =P14/SUM(P$5:P$14) -> 0
A27: 2.2. 供热 | B27: 液化石油气 | C27: LPG propane or butane | D27: 1.8120556e+12 | E27: 1.9262009e+12 | F27: 3.6669157e+12 | G27: 4.3089827e+12 | H27: 1.91764e+13
A28: 2.2. 供热 | B28: 转炉煤气 | C28: LPG propane or butane | D28: 3.1183416e+13 | E28: 3.4278413e+13 | F28: 3.7034542e+13 | G28: 3.6017937e+13 | H28: 3.6048058e+13 | K28: Share of "free" heat in final supply | L28: 2018 | M28: 2019 | N28: 2020 | O28: 2021 | P28: 2022
A29: 2.2. 供热 | B29: 天然气 | C29: natural gas | D29: 4.3498484e+14 | E29: 4.8294548e+14 | F29: 5.7222243e+14 | G29: 6.7843064e+14 | H29: 7.5644258e+14 | K29: Recovered Heat | L29: =D36/(D36+D38) -> 0.15493086 | M29: =E36/(E36+E38) -> 0.14597666 | N29: =F36/(F36+F38) -> 0.15285332 | O29: =G36/(G36+G38) -> 0.14714835 | P29: =H36/(H36+H38) -> 0.14352954
A30: 2.2. 供热 | B30: 液化天然气 | C30: natural gas | D30: 1.1953506e+13 | E30: 1.6336134e+13 | F30: 2.3780263e+13 | G30: 2.5535264e+13 | H30: 1.9943636e+13
A31: 2.2. 供热 | B31: 柴油 | C31: petroleum diesel | D31: 2.0981248e+12 | E31: 2.1425937e+12 | F31: 1.1764052e+12 | G31: 1.3866219e+12 | H31: 1.3502383e+12 | K31: Average Heat Conversion Efficiency | L31: 2018 | M31: 2019 | N31: 2020 | O31: 2021 | P31: 2022
A32: 2.2. 供热 | B32: 煤油 | C32: petroleum diesel | D32: 0 | E32: 0 | F32: 0 | G32: 0 | H32: 0 | K32: Efficiency | L32: =D38/SUM(L5:L14) -> 0.67567284 | M32: =E38/SUM(M5:M14) -> 0.68216686 | N32: =F38/SUM(N5:N14) -> 0.68067471 | O32: =G38/SUM(O5:O14) -> 0.67955571 | P32: =H38/SUM(P5:P14) -> 0.69261699
A33: 2.2. 供热 | B33: 其他焦化产品 | C33: petroleum diesel | D33: 0 | E33: 0 | F33: 0 | G33: 0 | H33: 0 | K33: *This data is fairly close to the results calculated from actual heating facilities used in EoCtUH, and will be treated as supporting evidence
A34: 2.2. 供热 | B34: 汽油 | C34: petroleum diesel | D34: 2.8575738e+10 | E34: 2.0411242e+10 | F34: 0 | G34: 0 | H34: 0
A35: Recovered Heat
A36: 2.9. 回收能 | B36: 热力 | C36: heat | D36: 911271000487794 | E36: 9.1557362e+14 | F36: 1.0498883e+15 | G36: 1.1888095e+15 | H36: 1.3390869e+15
A37: Heat Generated from Fuel
A38: 2.2. 供热 | B38: 热力 | C38: heat | D38: 4.9705203e+15 | E38: 5.3564812e+15 | F38: 5.8187118e+15 | G38: 6.8901767e+15 | H38: 7.990609e+15

Sheet BFoHfC
A1: Fraction of Heat from CHP (dimensionless) | B1: 2018 | C1: 2019 | D1: 2020 | E1: 2021 | F1: 2022 | G1: 2023 | H1: 2024 | I1: 2025 | J1: 2026 | K1: 2027 | L1: 2028 | M1: 2029 | N1: 2030 | O1: 2031 | P1: 2032 | Q1: 2033 | R1: 2034 | S1: 2035 | T1: 2036 | U1: 2037 | V1: 2038 | W1: 2039 | X1: 2040 | Y1: 2041 | Z1: 2042 | AA1: 2043 | AB1: 2044 | AC1: 2045 | AD1: 2046 | AE1: 2047 | AF1: 2048 | AG1: 2049 | AH1: 2050 | AI1: 2051 | AJ1: 2052 | AK1: 2053 | AL1: 2054 | AM1: 2055 | AN1: 2056 | AO1: 2057 | AP1: 2058 | AQ1: 2059 | AR1: 2060
A2: electricity | B2: 0 | C2: 0 | D2: 0 | E2: 0 | F2: 0 | G2: =AVERAGE($B2:$F2) -> 0 | H2: =AVERAGE($B2:$F2) -> 0 | I2: =AVERAGE($B2:$F2) -> 0 | J2: =AVERAGE($B2:$F2) -> 0 | K2: =AVERAGE($B2:$F2) -> 0 | L2: =AVERAGE($B2:$F2) -> 0 | M2: =AVERAGE($B2:$F2) -> 0 | N2: =AVERAGE($B2:$F2) -> 0 | ... AR2: =AVERAGE($B2:$F2) -> 0
A3: coal | B3: ='Data from BFoHPbF'!L$29 -> 0.15493086 | C3: ='Data from BFoHPbF'!M$29 -> 0.14597666 | D3: ='Data from BFoHPbF'!N$29 -> 0.15285332 | E3: ='Data from BFoHPbF'!O$29 -> 0.14714835 | F3: ='Data from BFoHPbF'!P$29 -> 0.14352954 | G3: =AVERAGE($B3:$F3) -> 0.14888775 | H3: =AVERAGE($B3:$F3) -> 0.14888775 | I3: =AVERAGE($B3:$F3) -> 0.14888775 | J3: =AVERAGE($B3:$F3) -> 0.14888775 | K3: =AVERAGE($B3:$F3) -> 0.14888775 | L3: =AVERAGE($B3:$F3) -> 0.14888775 | M3: =AVERAGE($B3:$F3) -> 0.14888775 | N3: =AVERAGE($B3:$F3) -> 0.14888775 | ... AR3: =AVERAGE($B3:$F3) -> 0.14888775
A4: natural gas | B4: ='Data from BFoHPbF'!L$29 -> 0.15493086 | C4: ='Data from BFoHPbF'!M$29 -> 0.14597666 | D4: ='Data from BFoHPbF'!N$29 -> 0.15285332 | E4: ='Data from BFoHPbF'!O$29 -> 0.14714835 | F4: ='Data from BFoHPbF'!P$29 -> 0.14352954 | G4: =AVERAGE($B4:$F4) -> 0.14888775 | H4: =AVERAGE($B4:$F4) -> 0.14888775 | I4: =AVERAGE($B4:$F4) -> 0.14888775 | J4: =AVERAGE($B4:$F4) -> 0.14888775 | K4: =AVERAGE($B4:$F4) -> 0.14888775 | L4: =AVERAGE($B4:$F4) -> 0.14888775 | M4: =AVERAGE($B4:$F4) -> 0.14888775 | N4: =AVERAGE($B4:$F4) -> 0.14888775 | ... AR4: =AVERAGE($B4:$F4) -> 0.14888775
A5: biomass | B5: ='Data from BFoHPbF'!L$29 -> 0.15493086 | C5: ='Data from BFoHPbF'!M$29 -> 0.14597666 | D5: ='Data from BFoHPbF'!N$29 -> 0.15285332 | E5: ='Data from BFoHPbF'!O$29 -> 0.14714835 | F5: ='Data from BFoHPbF'!P$29 -> 0.14352954 | G5: =AVERAGE($B5:$F5) -> 0.14888775 | H5: =AVERAGE($B5:$F5) -> 0.14888775 | I5: =AVERAGE($B5:$F5) -> 0.14888775 | J5: =AVERAGE($B5:$F5) -> 0.14888775 | K5: =AVERAGE($B5:$F5) -> 0.14888775 | L5: =AVERAGE($B5:$F5) -> 0.14888775 | M5: =AVERAGE($B5:$F5) -> 0.14888775 | N5: =AVERAGE($B5:$F5) -> 0.14888775 | ... AR5: =AVERAGE($B5:$F5) -> 0.14888775
A6: petroleum diesel | B6: ='Data from BFoHPbF'!L$29 -> 0.15493086 | C6: ='Data from BFoHPbF'!M$29 -> 0.14597666 | D6: ='Data from BFoHPbF'!N$29 -> 0.15285332 | E6: ='Data from BFoHPbF'!O$29 -> 0.14714835 | F6: ='Data from BFoHPbF'!P$29 -> 0.14352954 | G6: =AVERAGE($B6:$F6) -> 0.14888775 | H6: =AVERAGE($B6:$F6) -> 0.14888775 | I6: =AVERAGE($B6:$F6) -> 0.14888775 | J6: =AVERAGE($B6:$F6) -> 0.14888775 | K6: =AVERAGE($B6:$F6) -> 0.14888775 | L6: =AVERAGE($B6:$F6) -> 0.14888775 | M6: =AVERAGE($B6:$F6) -> 0.14888775 | N6: =AVERAGE($B6:$F6) -> 0.14888775 | ... AR6: =AVERAGE($B6:$F6) -> 0.14888775
A7: heat | B7: 0 | C7: 0 | D7: 0 | E7: 0 | F7: 0 | G7: =AVERAGE($B7:$F7) -> 0 | H7: =AVERAGE($B7:$F7) -> 0 | I7: =AVERAGE($B7:$F7) -> 0 | J7: =AVERAGE($B7:$F7) -> 0 | K7: =AVERAGE($B7:$F7) -> 0 | L7: =AVERAGE($B7:$F7) -> 0 | M7: =AVERAGE($B7:$F7) -> 0 | N7: =AVERAGE($B7:$F7) -> 0 | ... AR7: =AVERAGE($B7:$F7) -> 0
A8: crude oil | B8: =B6 -> 0.15493086 | C8: =C6 -> 0.14597666 | D8: =D6 -> 0.15285332 | E8: =E6 -> 0.14714835 | F8: =F6 -> 0.14352954 | G8: =AVERAGE($B8:$F8) -> 0.14888775 | H8: =AVERAGE($B8:$F8) -> 0.14888775 | I8: =AVERAGE($B8:$F8) -> 0.14888775 | J8: =AVERAGE($B8:$F8) -> 0.14888775 | K8: =AVERAGE($B8:$F8) -> 0.14888775 | L8: =AVERAGE($B8:$F8) -> 0.14888775 | M8: =AVERAGE($B8:$F8) -> 0.14888775 | N8: =AVERAGE($B8:$F8) -> 0.14888775 | ... AR8: =AVERAGE($B8:$F8) -> 0.14888775
A9: heavy or residual fuel oil | B9: =B6 -> 0.15493086 | C9: =C6 -> 0.14597666 | D9: =D6 -> 0.15285332 | E9: =E6 -> 0.14714835 | F9: =F6 -> 0.14352954 | G9: =AVERAGE($B9:$F9) -> 0.14888775 | H9: =AVERAGE($B9:$F9) -> 0.14888775 | I9: =AVERAGE($B9:$F9) -> 0.14888775 | J9: =AVERAGE($B9:$F9) -> 0.14888775 | K9: =AVERAGE($B9:$F9) -> 0.14888775 | L9: =AVERAGE($B9:$F9) -> 0.14888775 | M9: =AVERAGE($B9:$F9) -> 0.14888775 | N9: =AVERAGE($B9:$F9) -> 0.14888775 | ... AR9: =AVERAGE($B9:$F9) -> 0.14888775
A10: LPG propane or butane | B10: ='Data from BFoHPbF'!L$29 -> 0.15493086 | C10: ='Data from BFoHPbF'!M$29 -> 0.14597666 | D10: ='Data from BFoHPbF'!N$29 -> 0.15285332 | E10: ='Data from BFoHPbF'!O$29 -> 0.14714835 | F10: ='Data from BFoHPbF'!P$29 -> 0.14352954 | G10: =AVERAGE($B10:$F10) -> 0.14888775 | H10: =AVERAGE($B10:$F10) -> 0.14888775 | I10: =AVERAGE($B10:$F10) -> 0.14888775 | J10: =AVERAGE($B10:$F10) -> 0.14888775 | K10: =AVERAGE($B10:$F10) -> 0.14888775 | L10: =AVERAGE($B10:$F10) -> 0.14888775 | M10: =AVERAGE($B10:$F10) -> 0.14888775 | N10: =AVERAGE($B10:$F10) -> 0.14888775 | ... AR10: =AVERAGE($B10:$F10) -> 0.14888775
A11: hydrogen | B11: =B4 -> 0.15493086 | C11: =C4 -> 0.14597666 | D11: =D4 -> 0.15285332 | E11: =E4 -> 0.14714835 | F11: =F4 -> 0.14352954 | G11: =AVERAGE($B11:$F11) -> 0.14888775 | H11: =AVERAGE($B11:$F11) -> 0.14888775 | I11: =AVERAGE($B11:$F11) -> 0.14888775 | J11: =AVERAGE($B11:$F11) -> 0.14888775 | K11: =AVERAGE($B11:$F11) -> 0.14888775 | L11: =AVERAGE($B11:$F11) -> 0.14888775 | M11: =AVERAGE($B11:$F11) -> 0.14888775 | N11: =AVERAGE($B11:$F11) -> 0.14888775 | ... AR11: =AVERAGE($B11:$F11) -> 0.14888775
