Workbook

Sheet data source
A3: Source: | B3: 中国家庭能源消费研究报告2015
B4: 2021中国建筑节能年度发展研究报告

Sheet 农村数据
D3: 所属组件 | E3: 无标识 | F3: 一级能效 | G3: 二级能效 | H3: 三级能效 | I3: 四级能效 | J3: 五级能效 | K3: 三级及以上权重 | L3: 农村每百户拥有量
C4: 冰箱 | D4: cooling and ventilation | E4: 0.28 | F4: =0.76-0.28 -> 0.48 | G4: =0.92-0.76 -> 0.16 | H4: 0.05 | I4: 0.02 | J4: 0.01 | K4: =SUM(H4:J4) -> 0.08 | L4: 75
C5: 洗衣机 | D5: appliances | E5: 0.52 | F5: =0.68-0.52 -> 0.16 | G5: =0.86-0.68 -> 0.18 | H5: =0.97-0.86 -> 0.11 | I5: 0.03 | J5: 0 | K5: =SUM(H5:J5) -> 0.14 | L5: 69.7
C6: 电视 | D6: appliances | E6: 0.81 | F6: 0.1 | G6: 0.05 | H6: 0.03 | I6: 0.01 | J6: 0 | K6: =SUM(H6:J6) -> 0.04 | L6: 98.6
C7: 计算机 | D7: appliances | E7: 0.8 | F7: 0.1 | G7: 0.03 | H7: 0.07 | I7: 0 | J7: 0 | K7: =SUM(H7:J7) -> 0.07 | L7: 20.7
C8: 灯具 | D8: lighting | K8: 0.524 | L8: =100*5.8 -> 580
C9: 热水器 | D9: heating | K9: 0.87 | L9: 35
C10: 空调 | D10: cooling and ventilation | K10: 0.76 | L10: 75
E12: 节能灯 | F12: 白炽灯 | G12: 日光灯
E13: 0.524 | F13: 0.238 | G13: 0.238
C17: 热水器 | D17: heating | E17: 无标识 | F17: 1-2级 | G17: 3-4级 | H17: 5 | L17: 农村每百户拥有量
E18: 0.607 | F18: 0.306 | G18: 0.084 | H18: 0.003 | L18: 35
C20: 空调 | D20: cooling and ventilation | E20: 无标识 | F20: 1-3级能效标识
E21: 0.24 | F21: 0.76 | L21: 75
C24: 中国家庭能源消费研究报告2015

Sheet 城镇数据
J5: 所属组件 | K5: 3级以上比例
C6: 家用电冰箱 | D6: 1级 | E6: 2级 | F6: 3级 | G6: 4级 | J6: cooling and ventilation | K6: =SUM(F7:G7) -> 0.27
D7: 0.42 | E7: =58%-27% -> 0.31 | F7: 0.26 | G7: 0.01
C9: 定频房间空调器 | D9: 1级 | E9: 2级 | F9: 3级 | G9: 4级 | H9: 5级 | J9: cooling and ventilation | K9: =SUM(F10:H10) -> 0.36
D10: 0.49 | E10: 0.15 | F10: 0.34 | G10: 0 | H10: 0.02
C12: 电动洗衣机 | D12: 1级 | E12: 2级 | F12: 3级 | G12: 4级 | H12: 5级 | J12: appliances | K12: =SUM(F13:H13) -> 0.48
D13: 0.35 | E13: 0.17 | F13: 0.39 | G13: 0.07 | H13: 0.02
C15: 智能坐便器 | D15: 1级 | E15: 2级 | F15: 3级 | G15: 4-5级 | J15: other | K15: =SUM(F16:G16) -> 0.82
D16: 0.01 | E16: 0.17 | F16: 0.58 | G16: 0.24
C18: 室内LED产品 | D18: 1级 | E18: 2级 | F18: 3级 | J18: lighting | K18: =F19 -> 0.69
D19: 0.02 | E19: 0.29 | F19: 0.69
C22: 缺各类电器总量

Sheet BFoCSbQL-rural-residential
A1: Dimensionless fraction of total components | B1: standard-compliant | C1: rebate-qualifying
A2: heating | B2: =1-C2 -> 0.13 | C2: {=IFERROR(SUMPRODUCT((农村数据!$D$4:$D$10=A2)*1,农村数据!$K$4:$K$10,农村数据!$L$4:$L$10)/SUMPRODUCT((农村数据!$D$4:$D$10=A2)*1,农村数据!$L$4:$L$10),0)} -> 0.87
A3: cooling and ventilation | B3: =1-C3 -> 0.58 | C3: {=IFERROR(SUMPRODUCT((农村数据!$D$4:$D$10=A3)*1,农村数据!$K$4:$K$10,农村数据!$L$4:$L$10)/SUMPRODUCT((农村数据!$D$4:$D$10=A3)*1,农村数据!$L$4:$L$10),0)} -> 0.42
A4: envelope | B4: =1-C4 -> 1 | C4: {=IFERROR(SUMPRODUCT((农村数据!$D$4:$D$10=A4)*1,农村数据!$K$4:$K$10,农村数据!$L$4:$L$10)/SUMPRODUCT((农村数据!$D$4:$D$10=A4)*1,农村数据!$L$4:$L$10),0)} -> 0
A5: lighting | B5: =1-C5 -> 0.476 | C5: {=IFERROR(SUMPRODUCT((农村数据!$D$4:$D$10=A5)*1,农村数据!$K$4:$K$10,农村数据!$L$4:$L$10)/SUMPRODUCT((农村数据!$D$4:$D$10=A5)*1,农村数据!$L$4:$L$10),0)} -> 0.524
A6: appliances | B6: =1-C6 -> 0.91983598 | C6: {=IFERROR(SUMPRODUCT((农村数据!$D$4:$D$10=A6)*1,农村数据!$K$4:$K$10,农村数据!$L$4:$L$10)/SUMPRODUCT((农村数据!$D$4:$D$10=A6)*1,农村数据!$L$4:$L$10),0)} -> 0.080164021
A7: other | B7: =1-C7 -> 1 | C7: {=IFERROR(SUMPRODUCT((农村数据!$D$4:$D$10=A7)*1,农村数据!$K$4:$K$10,农村数据!$L$4:$L$10)/SUMPRODUCT((农村数据!$D$4:$D$10=A7)*1,农村数据!$L$4:$L$10),0)} -> 0

Sheet BFoCSbQL-urban-residential
A1: Dimensionless fraction of total components | B1: standard-compliant | C1: rebate-qualifying
A2: heating | B2: =1-C2 -> 0.13 | C2: =0.87 -> 0.87
A3: cooling and ventilation | B3: =1-C3 -> 0.685 | C3: =AVERAGE(城镇数据!K6,城镇数据!K9) -> 0.315
A4: envelope | B4: =1-C4 -> 1 | C4: =0 -> 0
A5: lighting | B5: =1-C5 -> 0.31 | C5: =城镇数据!K18 -> 0.69
A6: appliances | B6: =1-C6 -> 0.52 | C6: =城镇数据!K12 -> 0.48
A7: other | B7: =1-C7 -> 0.18 | C7: =城镇数据!K15 -> 0.82

Sheet BFoCSbQL-commercial
A1: Dimensionless fraction of total components | B1: standard-compliant | C1: rebate-qualifying
A2: heating | B2: 0.13 | C2: 0.87
A3: cooling and ventilation | B3: 0.685 | C3: 0.315
A4: envelope | B4: 1 | C4: 0
A5: lighting | B5: 0.31 | C5: 0.69
A6: appliances | B6: 0.52 | C6: 0.48
A7: other | B7: 0.18 | C7: 0.82
