Workbook
Name dollars_2020_2012: [3]About!$A$103
Name lignite_multiplier: '[3]Hard Coal and Lig Multipliers'!$N$15
Name nonlignite_multiplier: '[3]Hard Coal and Lig Multipliers'!$N$16

Sheet 2002
B2: 农产品 | D2: 畜牧产品 | F2: 渔产品 | H2: 农、林、牧、渔服务产品 | J2: 谷物磨制品 | L2: 饲料加工品
B3: 投入 | C3: 产出 | D3: 投入 | E3: 产出 | F3: 投入 | G3: 产出 | H3: 投入 | I3: 产出 | J3: 投入 | K3: 产出 | L3: 投入 | M3: 产出
A4: 进口 | B4: 3454981.5 | C4: 0 | D4: 750282.15 | E4: 0 | F4: 106422.28 | G4: 0 | H4: 34154.778 | I4: 0 | J4: 10968.672 | K4: 0 | L4: 21116.417 | M4: 0
A5: 增加值合计 | B5: 92351711 | C5: 0 | D5: 38671281 | E5: 0 | F5: 16352887 | G5: 0 | H5: 3587776.5 | I5: 0 | J5: 2913789.2 | K5: 0 | L5: 2270054.7 | M5: 0
A6: 最终使用合计 | B6: 0 | C6: 53801761 | D6: 0 | E6: 49023183 | F6: 0 | G6: 14103148 | H6: 0 | I6: 1668084.5 | J6: 0 | K6: 7111344.5 | L6: 0 | M6: 143884.78
A7: 中间投入合计 | B7: 48904495 | C7: 0 | D7: 45888953 | E7: 0 | F7: 13358113 | G7: 0 | H7: 2960906.5 | I7: 0 | J7: 11594020 | K7: 0 | L7: 10260874 | M7: 0
A8: 中间使用合计 | B8: 0 | C8: 87827946 | D8: 0 | E8: 33249627 | F8: 0 | G8: 14769443 | H8: 0 | I8: 4885982.6 | J8: 0 | K8: 7005392.7 | L8: 0 | M8: 12314912
A9: 农产品 | B9: 9982713.2 | C9: 9982713.2 | D9: 16692984 | E9: 870757.32 | F9: 1344516 | G9: 1157.9261 | H9: 444494.5 | I9: 1647582.5 | J9: 9190021.6 | K9: 759873.03 | L9: 4835130.3 | M9: 343443.26
A10: 畜牧产品 | B10: 870757.32 | C10: 16692984 | D10: 7886955.2 | E10: 7886955.2 | F10: 0 | G10: 0 | H10: 123041.53 | I10: 574692.81 | J10: 30.528515 | K10: 2387733 | L10: 25178.007 | M10: 9314575.2
A11: 渔产品 | B11: 1157.9261 | C11: 1344516 | D11: 0 | E11: 0 | F11: 2549435.2 | G11: 2549435.2 | H11: 41022.305 | I11: 345160.14 | J11: 0 | K11: 129313.4 | L11: 437664.07 | M11: 1846891.8
A12: 农、林、牧、渔服务产品 | B12: 1647582.5 | C12: 444494.5 | D12: 574692.81 | E12: 123041.53 | F12: 345160.14 | G12: 41022.305 | H12: 124329.75 | I12: 124329.75 | J12: 0 | K12: 49619.466 | L12: 0 | M12: 253711.86
A13: 谷物磨制品 | B13: 759873.03 | C13: 9190021.6 | D13: 2387733 | E13: 30.528515 | F13: 129313.4 | G13: 0 | H13: 49619.466 | I13: 0 | J13: 158406.19 | K13: 158406.19 | L13: 625472.93 | M13: 4266.0844
A14: 饲料加工品 | B14: 343443.26 | C14: 4835130.3 | D14: 9314575.2 | E14: 25178.007 | F14: 1846891.8 | G14: 437664.07 | H14: 253711.86 | I14: 0 | J14: 4266.0844 | K14: 625472.93 | L14: 421212.82 | M14: 421212.82
A16: 产值增加率 | B16: =B5/B7+1 -> 2.8884095 | D16: =D5/D7+1 -> 1.8427144 | F16: =F5/F7+1 -> 2.2241914 | H16: =H5/H7+1 -> 2.2117156 | J16: =J5/J7+1 -> 1.2513183 | L16: =L5/L7+1 -> 1.221234
A18: 农产品 | H18: =H9/(H$7-H$12) -> 0.15670103 | I18: =I9/(I$6+I$8-I$12) -> 0.25624413 | J18: =J9/(J$7-J$13) -> 0.80363166 | K18: =K9/(K$6+K$8-K$13) -> 0.054438674 | L18: =L9/(L$7-L$14) -> 0.49139195 | M18: =M9/(M$6+M$8-M$14) -> 0.028530913
A19: 畜牧产品 | B19: =B10/(B$7-B$9) -> 0.02237198 | C19: =C10/(C$6+C$8-C$9) -> 0.12680111 | H19: =H10/(H$7-H$12) -> 0.043376767 | I19: =I10/(I$6+I$8-I$12) -> 0.089380449 | J19: =J10/(J$7-J$13) -> 2.6696e-06 | K19: =K10/(K$6+K$8-K$13) -> 0.1710615 | L19: =L10/(L$7-L$14) -> 0.0025588287 | M19: =M10/(M$6+M$8-M$14) -> 0.77379109
A20: 渔产品 | B20: =B11/(B$7-B$9) -> 2.9750079e-05 | C20: =C11/(C$6+C$8-C$9) -> 0.01021304 | H20: =H11/(H$7-H$12) -> 0.014461906 | I20: =I11/(I$6+I$8-I$12) -> 0.053681842 | J20: =J11/(J$7-J$13) -> 0 | K20: =K11/(K$6+K$8-K$13) -> 0.0092642448 | L20: =L11/(L$7-L$14) -> 0.044479587 | M20: =M11/(M$6+M$8-M$14) -> 0.15342712
A21: 农、林、牧、渔服务产品 | B21: =B12/(B$7-B$9) -> 0.042330602 | C21: =C12/(C$6+C$8-C$9) -> 0.0033764121 | J21: =J12/(J$7-J$13) -> 0 | K21: =K12/(K$6+K$8-K$13) -> 0.003554828 | L21: =L12/(L$7-L$14) -> 0 | M21: =M12/(M$6+M$8-M$14) -> 0.021076643
A22: 谷物磨制品 | B22: =B13/(B$7-B$9) -> 0.019523079 | C22: =C13/(C$6+C$8-C$9) -> 0.069808063 | H22: =H13/(H$7-H$12) -> 0.017492728 | I22: =I13/(I$6+I$8-I$12) -> 0 | L22: =L13/(L$7-L$14) -> 0.063566511 | M22: =M13/(M$6+M$8-M$14) -> 0.00035439706
A23: 饲料加工品 | B23: =B14/(B$7-B$9) -> 0.0088239347 | C23: =C14/(C$6+C$8-C$9) -> 0.036727996 | H23: =H14/(H$7-H$12) -> 0.089442975 | I23: =I14/(I$6+I$8-I$12) -> 0 | J23: =J14/(J$7-J$13) -> 0.00037305249 | K23: =K14/(K$6+K$8-K$13) -> 0.044810008
B24: 农产品进 | H24: 经大农业服务产品进 | J24: 经谷物磨制品进 | L24: 经饲料加工品进
A25: 畜牧产品 | C25: =C19 -> 0.12680111 | I25: =C21*I19 -> 0.00030178523 | K25: =C22*K19 -> 0.011941472 | M25: =C23*M19 -> 0.028419796
A26: 渔产品 | C26: =C20 -> 0.01021304 | I26: =C21*I20 -> 0.00018125202 | K26: =C22*K20 -> 0.00064671899 | M26: =C23*M20 -> 0.0056350707
A28: 农产品产值 | B28: =(C6+C8-B4)/10000 -> 13817.473
A29: 畜牧业产值 | B29: =(E6+E8-D4)/10000 -> 8152.2528 | C29: =B28*(C25+I25+K25+M25) -> 2313.9314 | D29: =(B29+C29)/SUM(B28:B30) -> 0.42123642
A30: 渔产品产值 | B30: =(G6+G8-F4)/10000 -> 2876.6168 | C30: =B28*(C26+I26+K26+M26) -> 230.4213 | D30: =(B30+C30)/SUM(B28:B30) -> 0.12505012

Sheet 2007
B2: 农产品 | D2: 畜牧产品 | F2: 渔产品 | H2: 农、林、牧、渔服务产品 | J2: 谷物磨制品 | L2: 饲料加工品
B3: 投入 | C3: 产出 | D3: 投入 | E3: 产出 | F3: 投入 | G3: 产出 | H3: 投入 | I3: 产出 | J3: 投入 | K3: 产出 | L3: 投入 | M3: 产出
A4: 进口 | B4: 14901516 | C4: 0 | D4: 1625679.6 | E4: 0 | F4: 150754.82 | G4: 0 | H4: 36252.663 | I4: 0 | J4: 417734.27 | K4: 0 | L4: 114507.79 | M4: 0
A5: 增加值合计 | B5: 160007767 | C5: 0 | D5: 78019433 | E5: 0 | F5: 27307478 | G5: 0 | H5: 8505542.9 | I5: 0 | J5: 7638150 | K5: 0 | L5: 6891064 | M5: 0
A6: 最终使用合计 | B6: 0 | C6: 57849930 | D6: 0 | E6: 63792695 | F6: 0 | G6: 16550334 | H6: 0 | I6: 3416852.1 | J6: 0 | K6: 12423917 | L6: 0 | M6: 675310.99
A7: 中间投入合计 | B7: 86582232 | C7: 0 | D7: 83230567 | E7: 0 | F7: 17272522 | G7: 0 | H7: 9384457.4 | I7: 0 | J7: 32171108 | K7: 0 | L7: 34346016 | M7: 0
A8: 中间使用合计 | B8: 0 | C8: 1.9159193e+08 | D8: 0 | E8: 86397196 | F8: 0 | G8: 26461954 | H8: 0 | I8: 13823483 | J8: 0 | K8: 25978472 | L8: 0 | M8: 38863831
A9: 农产品 | B9: 21086505 | C9: 21086505 | D9: 19772186 | E9: 399618.94 | F9: 1375381 | G9: 243.7502 | H9: 1415443.1 | I9: 4135684.1 | J9: 25657773 | K9: 1311841.7 | L9: 15055462 | M9: 1011122.1
A10: 畜牧产品 | B10: 399618.94 | C10: 19772186 | D10: 13231699 | E10: 13231699 | F10: 44152.406 | G10: 9003.7874 | H10: 539959.9 | I10: 1128987.1 | J10: 324.34296 | K10: 7260392.1 | L10: 947135.89 | M10: 30170236
A11: 渔产品 | B11: 243.7502 | C11: 1375381 | D11: 9003.7874 | E11: 44152.406 | F11: 1597427.2 | G11: 1597427.2 | H11: 59696.081 | I11: 937362.41 | J11: 0 | K11: 492829.67 | L11: 1642051 | M11: 4905616.9
A12: 农、林、牧、渔服务产品 | B12: 4135684.1 | C12: 1415443.1 | D12: 1128987.1 | E12: 539959.9 | F12: 937362.41 | G12: 59696.081 | H12: 737071.23 | I12: 737071.23 | J12: 0 | K12: 154215.94 | L12: 0 | M12: 426220.83
A13: 谷物磨制品 | B13: 1311841.7 | C13: 25657773 | D13: 7260392.1 | E13: 324.34296 | F13: 492829.67 | G13: 0 | H13: 154215.94 | I13: 0 | J13: 1329037.8 | K13: 1329037.8 | L13: 2691016.7 | M13: 0
A14: 饲料加工品 | B14: 1011122.1 | C14: 15055462 | D14: 30170236 | E14: 947135.89 | F14: 4905616.9 | G14: 1642051 | H14: 426220.83 | I14: 0 | J14: 0 | K14: 2691016.7 | L14: 1586006.4 | M14: 1586006.4
A16: 产值增加率 | B16: =B5/B7+1 -> 2.8480439 | D16: =D5/D7+1 -> 1.9373892 | F16: =F5/F7+1 -> 2.580978 | H16: =H5/H7+1 -> 1.9063436 | J16: =J5/J7+1 -> 1.2374227 | L16: =L5/L7+1 -> 1.2006365
A18: 农产品 | H18: =H9/(H$7-H$12) -> 0.1636845 | I18: =I9/(I$6+I$8-I$12) -> 0.25059794 | J18: =J9/(J$7-J$13) -> 0.83190825 | K18: =K9/(K$6+K$8-K$13) -> 0.03538503 | L18: =L9/(L$7-L$14) -> 0.4595683 | M18: =M9/(M$6+M$8-M$14) -> 0.026641333
A19: 畜牧产品 | B19: =B10/(B$7-B$9) -> 0.0061014505 | C19: =C10/(C$6+C$8-C$9) -> 0.086585164 | H19: =H10/(H$7-H$12) -> 0.062441979 | I19: =I10/(I$6+I$8-I$12) -> 0.068409925 | J19: =J10/(J$7-J$13) -> 1.0516251e-05 | K19: =K10/(K$6+K$8-K$13) -> 0.19583857 | L19: =L10/(L$7-L$14) -> 0.028911343 | M19: =M10/(M$6+M$8-M$14) -> 0.79493396
A20: 渔产品 | B20: =B11/(B$7-B$9) -> 3.7216199e-06 | C20: =C11/(C$6+C$8-C$9) -> 0.0060229854 | H20: =H11/(H$7-H$12) -> 0.0069033671 | I20: =I11/(I$6+I$8-I$12) -> 0.056798606 | J20: =J11/(J$7-J$13) -> 0 | K20: =K11/(K$6+K$8-K$13) -> 0.013293367 | L20: =L11/(L$7-L$14) -> 0.050123641 | M20: =M11/(M$6+M$8-M$14) -> 0.12925459
A21: 农、林、牧、渔服务产品 | B21: =B12/(B$7-B$9) -> 0.063144334 | C21: =C12/(C$6+C$8-C$9) -> 0.006198423 | J21: =J12/(J$7-J$13) -> 0 | K21: =K12/(K$6+K$8-K$13) -> 0.0041597519 | L21: =L12/(L$7-L$14) -> 0 | M21: =M12/(M$6+M$8-M$14) -> 0.011230188
A22: 谷物磨制品 | B22: =B13/(B$7-B$9) -> 0.020029424 | C22: =C13/(C$6+C$8-C$9) -> 0.11235897 | H22: =H13/(H$7-H$12) -> 0.017833822 | I22: =I13/(I$6+I$8-I$12) -> 0 | L22: =L13/(L$7-L$14) -> 0.082143344 | M22: =M13/(M$6+M$8-M$14) -> 0
A23: 饲料加工品 | B23: =B14/(B$7-B$9) -> 0.015437986 | C23: =C14/(C$6+C$8-C$9) -> 0.06592997 | H23: =H14/(H$7-H$12) -> 0.049288979 | I23: =I14/(I$6+I$8-I$12) -> 0 | J23: =J14/(J$7-J$13) -> 0 | K23: =K14/(K$6+K$8-K$13) -> 0.072586282
B24: 农产品进 | H24: 经大农业服务产品进 | J24: 经谷物磨制品进 | L24: 经饲料加工品进
A25: 畜牧产品 | C25: =C19 -> 0.086585164 | I25: =C21*I19 -> 0.00042403365 | K25: =C22*K19 -> 0.02200422 | M25: =C23*M19 -> 0.052409972
A26: 渔产品 | C26: =C20 -> 0.0060229854 | I26: =C21*I20 -> 0.00035206179 | K26: =C22*K20 -> 0.001493629 | M26: =C23*M20 -> 0.0085217512
A28: 农产品产值 | B28: =(C6+C8-B4)/10000 -> 23454.035
A29: 畜牧业产值 | B29: =(E6+E8-D4)/10000 -> 14856.421 | C29: =B28*(C25+I25+K25+M25) -> 3786.0298 | D29: =(B29+C29)/SUM(B28:B30) -> 0.43765106
A30: 渔产品产值 | B30: =(G6+G8-F4)/10000 -> 4286.1533 | C30: =B28*(C26+I26+K26+M26) -> 384.42165 | D30: =(B30+C30)/SUM(B28:B30) -> 0.10964664

Sheet 2012
B2: 农产品 | D2: 畜牧产品 | F2: 渔产品 | H2: 农、林、牧、渔服务产品 | J2: 谷物磨制品 | L2: 饲料加工品
B3: 投入 | C3: 产出 | D3: 投入 | E3: 产出 | F3: 投入 | G3: 产出 | H3: 投入 | I3: 产出 | J3: 投入 | K3: 产出 | L3: 投入 | M3: 产出
A4: 进口 | B4: 38414555 | C4: 0 | D4: 2217769.5 | E4: 0 | F4: 744551.44 | G4: 0 | H4: 0 | I4: 0 | J4: 735645.58 | K4: 0 | L4: 98554.783 | M4: 0
A5: 增加值合计 | B5: 302161387 | C5: 0 | D5: 131283561 | E5: 0 | F5: 52669046 | G5: 0 | H5: 14661302 | I5: 0 | J5: 15346753 | K5: 0 | L5: 15720099 | M5: 0
A6: 最终使用合计 | B6: 0 | C6: 1.1677552e+08 | D6: 0 | E6: 1.2345246e+08 | F6: 0 | G6: 40328494 | H6: 0 | I6: 6076074.5 | J6: 0 | K6: 32594718 | L6: 0 | M6: 3465749.1
A7: 中间投入合计 | B7: 167243192 | C7: 0 | D7: 140610351 | E7: 0 | F7: 34391084 | G7: 0 | H7: 16722787 | I7: 0 | J7: 79799682 | K7: 0 | L7: 74656623 | M7: 0
A8: 中间使用合计 | B8: 0 | C8: 3.8789412e+08 | D8: 0 | E8: 1.4864905e+08 | F8: 0 | G8: 45983879 | H8: 0 | I8: 25387225 | J8: 0 | K8: 62008633 | L8: 0 | M8: 86471962
A9: 农产品 | B9: 49655846 | C9: 49655846 | D9: 27705439 | E9: 90131.546 | F9: 2556357.7 | G9: 88.732461 | H9: 2794168.8 | I9: 4325208.7 | J9: 63821535 | K9: 763499.7 | L9: 32200536 | M9: 482769.52
A10: 畜牧产品 | B10: 90131.546 | C10: 27705439 | D10: 21543222 | E10: 21543222 | F10: 75154.714 | G10: 2335.7739 | H10: 1148693.7 | I10: 317638.95 | J10: 0 | K10: 9728724.8 | L10: 2484557 | M10: 64576121
A11: 渔产品 | B11: 88.732461 | C11: 2556357.7 | D11: 2335.7739 | E11: 75154.714 | F11: 3565838.7 | G11: 3565838.7 | H11: 258478.06 | I11: 2397351.1 | J11: 0 | K11: 990380.55 | L11: 4638148.7 | M11: 14074019
A12: 农、林、牧、渔服务产品 | B12: 4325208.7 | C12: 2794168.8 | D12: 317638.95 | E12: 1148693.7 | F12: 2397351.1 | G12: 258478.06 | H12: 1777012.6 | I12: 1777012.6 | J12: 0 | K12: 488431.62 | L12: 191608.11 | M12: 1356374.5
A13: 谷物磨制品 | B13: 763499.7 | C13: 63821535 | D13: 9728724.8 | E13: 0 | F13: 990380.55 | G13: 0 | H13: 488431.62 | I13: 0 | J13: 5782065.2 | K13: 5782065.2 | L13: 6751114.9 | M13: 0
A14: 饲料加工品 | B14: 482769.52 | C14: 32200536 | D14: 64576121 | E14: 2484557 | F14: 14074019 | G14: 4638148.7 | H14: 1356374.5 | I14: 191608.11 | J14: 0 | K14: 6751114.9 | L14: 5589070.8 | M14: 5589070.8
A16: 产值增加率 | B16: =B5/B7+1 -> 2.8067186 | D16: =D5/D7+1 -> 1.9336693 | F16: =F5/F7+1 -> 2.5314739 | H16: =H5/H7+1 -> 1.876726 | J16: =J5/J7+1 -> 1.192316 | L16: =L5/L7+1 -> 1.2105654
A18: 农产品 | H18: =H9/(H$7-H$12) -> 0.18695377 | I18: =I9/(I$6+I$8-I$12) -> 0.14569719 | J18: =J9/(J$7-J$13) -> 0.86224791 | K18: =K9/(K$6+K$8-K$13) -> 0.0085959091 | L18: =L9/(L$7-L$14) -> 0.46621799 | M18: =M9/(M$6+M$8-M$14) -> 0.0057235009
A19: 畜牧产品 | B19: =B10/(B$7-B$9) -> 0.00076650719 | C19: =C10/(C$6+C$8-C$9) -> 0.060889228 | H19: =H10/(H$7-H$12) -> 0.076857425 | I19: =I10/(I$6+I$8-I$12) -> 0.010699854 | J19: =J10/(J$7-J$13) -> 0 | K19: =K10/(K$6+K$8-K$13) -> 0.10953146 | L19: =L10/(L$7-L$14) -> 0.035972855 | M19: =M10/(M$6+M$8-M$14) -> 0.7655858
A20: 渔产品 | B20: =B11/(B$7-B$9) -> 7.5460893e-07 | C20: =C11/(C$6+C$8-C$9) -> 0.0056181983 | H20: =H11/(H$7-H$12) -> 0.017294391 | I20: =I11/(I$6+I$8-I$12) -> 0.080756177 | J20: =J11/(J$7-J$13) -> 0 | K20: =K11/(K$6+K$8-K$13) -> 0.011150261 | L20: =L11/(L$7-L$14) -> 0.067153802 | M20: =M11/(M$6+M$8-M$14) -> 0.16685532
A21: 农、林、牧、渔服务产品 | B21: =B12/(B$7-B$9) -> 0.036782944 | C21: =C12/(C$6+C$8-C$9) -> 0.0061408441 | J21: =J12/(J$7-J$13) -> 0 | K21: =K12/(K$6+K$8-K$13) -> 0.0054990379 | L21: =L12/(L$7-L$14) -> 0.0027742131 | M21: =M12/(M$6+M$8-M$14) -> 0.016080573
A22: 谷物磨制品 | B22: =B13/(B$7-B$9) -> 0.0064930431 | C22: =C13/(C$6+C$8-C$9) -> 0.14026286 | H22: =H13/(H$7-H$12) -> 0.032680249 | I22: =I13/(I$6+I$8-I$12) -> 0 | L22: =L13/(L$7-L$14) -> 0.097746549 | M22: =M13/(M$6+M$8-M$14) -> 0
A23: 饲料加工品 | B23: =B14/(B$7-B$9) -> 0.0041056247 | C23: =C14/(C$6+C$8-C$9) -> 0.070768262 | H23: =H14/(H$7-H$12) -> 0.090753042 | I23: =I14/(I$6+I$8-I$12) -> 0.0064544315 | J23: =J14/(J$7-J$13) -> 0 | K23: =K14/(K$6+K$8-K$13) -> 0.076007849
B24: 农产品进 | H24: 经大农业服务产品进 | J24: 经谷物磨制品进 | L24: 经饲料加工品进
A25: 畜牧产品 | C25: =C19 -> 0.060889228 | I25: =C21*I19 -> 6.5706137e-05 | K25: =C22*K19 -> 0.015363195 | M25: =C23*M19 -> 0.054179177
A26: 渔产品 | C26: =C20 -> 0.0056181983 | I26: =C21*I20 -> 0.0004959111 | K26: =C22*K20 -> 0.0015639675 | M26: =C23*M20 -> 0.011808061
A28: 农产品产值 | B28: =(C6+C8-B4)/10000 -> 46625.508
A29: 畜牧业产值 | B29: =(E6+E8-D4)/10000 -> 26988.374 | C29: =B28*(C25+I25+K25+M25) -> 6084.5033 | D29: =(B29+C29)/SUM(B28:B30) -> 0.40249008
A30: 渔产品产值 | B30: =(G6+G8-F4)/10000 -> 8556.7821 | C30: =B28*(C26+I26+K26+M26) -> 908.55108 | D30: =(B30+C30)/SUM(B28:B30) -> 0.11519115

Sheet 2017
B2: 农产品 | D2: 畜牧产品 | F2: 渔产品 | H2: 农、林、牧、渔服务产品 | J2: 谷物磨制品 | L2: 饲料加工品
B3: 投入 | C3: 产出 | D3: 投入 | E3: 产出 | F3: 投入 | G3: 产出 | H3: 投入 | I3: 产出 | J3: 投入 | K3: 产出 | L3: 投入 | M3: 产出
A4: 进口 | B4: 43448811 | C4: 0 | D4: 2813344 | E4: 0 | F4: 3603541.9 | G4: 0 | H4: 0 | I4: 0 | J4: 1671868.9 | K4: 0 | L4: 1783684.4 | M4: 0
A5: 增加值合计 | B5: 380285478 | C5: 0 | D5: 1.443762e+08 | E5: 0 | F5: 70553960 | G5: 0 | H5: 25604963 | I5: 0 | J5: 23811839 | K5: 0 | L5: 13982800 | M5: 0
A6: 最终使用合计 | B6: 0 | C6: 1.2179235e+08 | D6: 0 | E6: 1.2247565e+08 | F6: 0 | G6: 52018475 | H6: 0 | I6: 12379033 | J6: 0 | K6: 57766337 | L6: 0 | M6: 1733637
A7: 中间投入合计 | B7: 206332747 | C7: 0 | D7: 1.4956401e+08 | E7: 0 | F7: 45628130 | G7: 0 | H7: 27926364 | I7: 0 | J7: 117189987 | K7: 0 | L7: 75887115 | M7: 0
A8: 中间使用合计 | B8: 0 | C8: 5.0827468e+08 | D8: 0 | E8: 1.742779e+08 | F8: 0 | G8: 67767157 | H8: 0 | I8: 41152294 | J8: 0 | K8: 84907358 | L8: 0 | M8: 89919962
A9: 农产品 | B9: 59652964 | C9: 59652964 | D9: 25613830 | E9: 101.2007 | F9: 881242.21 | G9: 0 | H9: 4571652.3 | I9: 9924392 | J9: 92418089 | K9: 799899.22 | L9: 38085936 | M9: 695115.34
A10: 畜牧产品 | B10: 101.2007 | C10: 25613830 | D10: 22869422 | E10: 22869422 | F10: 0 | G10: 0 | H10: 1277962.7 | I10: 963372.58 | J10: 0 | K10: 8694433.4 | L10: 2042.6226 | M10: 60872865
A11: 渔产品 | B11: 0 | C11: 881242.21 | D11: 0 | E11: 0 | F11: 3616525.1 | G11: 3616525.1 | H11: 586648.86 | I11: 4066665.7 | J11: 0 | K11: 1296806.5 | L11: 4694443.3 | M11: 17641117
A12: 农、林、牧、渔服务产品 | B12: 9924392 | C12: 4571652.3 | D12: 963372.58 | E12: 1277962.7 | F12: 4066665.7 | G12: 586648.86 | H12: 4212075.4 | I12: 4212075.4 | J12: 0 | K12: 832895.76 | L12: 83325.643 | M12: 3123076.3
A13: 谷物磨制品 | B13: 799899.22 | C13: 92418089 | D13: 8694433.4 | E13: 0 | F13: 1296806.5 | G13: 0 | H13: 832895.76 | I13: 0 | J13: 7486667.3 | K13: 7486667.3 | L13: 6774966.9 | M13: 0
A14: 饲料加工品 | B14: 695115.34 | C14: 38085936 | D14: 60872865 | E14: 2042.6226 | F14: 17641117 | G14: 4694443.3 | H14: 3123076.3 | I14: 83325.643 | J14: 0 | K14: 6774966.9 | L14: 6370935.5 | M14: 6370935.5
A16: 产值增加率 | B16: =B5/B7+1 -> 2.8430689 | D16: =D5/D7+1 -> 1.9653138 | F16: =F5/F7+1 -> 2.5462821 | H16: =H5/H7+1 -> 1.9168742 | J16: =J5/J7+1 -> 1.20319 | L16: =L5/L7+1 -> 1.1842579
A18: 农产品 | H18: =H9/(H$7-H$12) -> 0.1927805 | I18: =I9/(I$6+I$8-I$12) -> 0.20122755 | J18: =J9/(J$7-J$13) -> 0.84243658 | K18: =K9/(K$6+K$8-K$13) -> 0.005916982 | L18: =L9/(L$7-L$14) -> 0.54787153 | M18: =M9/(M$6+M$8-M$14) -> 0.0081507226
A19: 畜牧产品 | B19: =B10/(B$7-B$9) -> 6.8994305e-07 | C19: =C10/(C$6+C$8-C$9) -> 0.044903924 | H19: =H10/(H$7-H$12) -> 0.053889986 | I19: =I10/(I$6+I$8-I$12) -> 0.019533398 | J19: =J10/(J$7-J$13) -> 0 | K19: =K10/(K$6+K$8-K$13) -> 0.064314111 | L19: =L10/(L$7-L$14) -> 2.9383414e-05 | M19: =M10/(M$6+M$8-M$14) -> 0.71377771
A20: 渔产品 | B20: =B11/(B$7-B$9) -> 0 | C20: =C11/(C$6+C$8-C$9) -> 0.0015449167 | H20: =H11/(H$7-H$12) -> 0.024738203 | I20: =I11/(I$6+I$8-I$12) -> 0.08245595 | J20: =J11/(J$7-J$13) -> 0 | K20: =K11/(K$6+K$8-K$13) -> 0.0095926842 | L20: =L11/(L$7-L$14) -> 0.067530225 | M20: =M11/(M$6+M$8-M$14) -> 0.20685466
A21: 农、林、牧、渔服务产品 | B21: =B12/(B$7-B$9) -> 0.067660258 | C21: =C12/(C$6+C$8-C$9) -> 0.0080146205 | J21: =J12/(J$7-J$13) -> 0 | K21: =K12/(K$6+K$8-K$13) -> 0.0061610627 | L21: =L12/(L$7-L$14) -> 0.0011986511 | M21: =M12/(M$6+M$8-M$14) -> 0.036620295
A22: 谷物磨制品 | B22: =B13/(B$7-B$9) -> 0.0054533706 | C22: =C13/(C$6+C$8-C$9) -> 0.1620193 | H22: =H13/(H$7-H$12) -> 0.035122107 | I22: =I13/(I$6+I$8-I$12) -> 0 | L22: =L13/(L$7-L$14) -> 0.097458849 | M22: =M13/(M$6+M$8-M$14) -> 0
A23: 饲料加工品 | B23: =B14/(B$7-B$9) -> 0.0047389989 | C23: =C14/(C$6+C$8-C$9) -> 0.066768927 | H23: =H14/(H$7-H$12) -> 0.13169597 | I23: =I14/(I$6+I$8-I$12) -> 0.0016895156 | J23: =J14/(J$7-J$13) -> 0 | K23: =K14/(K$6+K$8-K$13) -> 0.05011551
B24: 农产品进 | H24: 经大农业服务产品进 | J24: 经谷物磨制品进 | L24: 经饲料加工品进
A25: 畜牧产品 | C25: =C19 -> 0.044903924 | I25: =C21*I19 -> 0.00015655278 | K25: =C22*K19 -> 0.010420127 | M25: =C23*M19 -> 0.047658172
A26: 渔产品 | C26: =C20 -> 0.0015449167 | I26: =C21*I20 -> 0.00066085314 | K26: =C22*K20 -> 0.0015542 | M26: =C23*M20 -> 0.013811464
A28: 农产品产值 | B28: =(C6+C8-B4)/10000 -> 58661.823
A29: 畜牧业产值 | B29: =(E6+E8-D4)/10000 -> 29394.021 | C29: =B28*(C25+I25+K25+M25) -> 6050.3086 | D29: =(B29+C29)/SUM(B28:B30) -> 0.35560237
A30: 渔产品产值 | B30: =(G6+G8-F4)/10000 -> 11618.209 | C30: =B28*(C26+I26+K26+M26) -> 1030.7723 | D30: =(B30+C30)/SUM(B28:B30) -> 0.12690345

Sheet 2018
B2: 农产品 | D2: 畜牧产品 | F2: 渔产品 | H2: 农、林、牧、渔服务产品 | J2: 谷物磨制品 | L2: 饲料加工品
B3: 投入 | C3: 产出 | D3: 投入 | E3: 产出 | F3: 投入 | G3: 产出 | H3: 投入 | I3: 产出 | J3: 投入 | K3: 产出 | L3: 投入 | M3: 产出
A4: 进口 | B4: 41959296 | C4: 0 | D4: 2968538 | E4: 0 | F4: 4228576.3 | G4: 0 | H4: 0 | I4: 0 | J4: 1477751.2 | K4: 0 | L4: 2025290.7 | M4: 0
A5: 增加值合计 | B5: 401199460 | C5: 0 | D5: 1.4281001e+08 | E5: 0 | F5: 73787637 | G5: 0 | H5: 28132947 | I5: 0 | J5: 20177290 | K5: 0 | L5: 12003411 | M5: 0
A6: 最终使用合计 | B6: 0 | C6: 1.4959854e+08 | D6: 0 | E6: 1.1214053e+08 | F6: 0 | G6: 54160442 | H6: 0 | I6: 17683472 | J6: 0 | K6: 53661241 | L6: 0 | M6: 2064896.3
A7: 中间投入合计 | B7: 200423000 | C7: 0 | D7: 132457000 | E7: 0 | F7: 47997000 | G7: 0 | H7: 30521053 | I7: 0 | J7: 108450303 | K7: 0 | L7: 72344566 | M7: 0
A8: 中间使用合计 | B8: 0 | C8: 4.9398322e+08 | D8: 0 | E8: 1.6609502e+08 | F8: 0 | G8: 71852771 | H8: 0 | I8: 40970528 | J8: 0 | K8: 76444103 | L8: 0 | M8: 84308372
A9: 农产品 | B9: 59643959 | C9: 59643959 | D9: 22251368 | E9: 93.742954 | F9: 904767.3 | G9: 0 | H9: 4870188.7 | I9: 9363332 | J9: 85319553 | K9: 755167.05 | L9: 36463598 | M9: 679892.93
A10: 畜牧产品 | B10: 93.742954 | C10: 22251368 | D10: 19105285 | E10: 19105285 | F10: 0 | G10: 0 | H10: 1313842.3 | I10: 889535.73 | J10: 0 | K10: 8033256.9 | L10: 1842.2898 | M10: 53135356
A11: 渔产品 | B11: 0 | C11: 904767.3 | D11: 0 | E11: 0 | F11: 3626401 | G11: 3626401 | H11: 603314.18 | I11: 4103967.9 | J11: 0 | K11: 1309549.4 | L11: 4235396.9 | M11: 18924458
A12: 农、林、牧、渔服务产品 | B12: 9363332 | C12: 4870188.7 | D12: 889535.73 | E12: 1313842.3 | F12: 4103967.9 | G12: 603314.18 | H12: 4551298.2 | I12: 4551298.2 | J12: 0 | K12: 872706.82 | L12: 76545.537 | M12: 3547235.3
A13: 谷物磨制品 | B13: 755167.05 | C13: 85319553 | D13: 8033256.9 | E13: 0 | F13: 1309549.4 | G13: 0 | H13: 872706.82 | I13: 0 | J13: 6400328.4 | K13: 6400328.4 | L13: 5572329.7 | M13: 0
A14: 饲料加工品 | B14: 679892.93 | C14: 36463598 | D14: 53135356 | E14: 1842.2898 | F14: 18924458 | G14: 4235396.9 | H14: 3547235.3 | I14: 76545.537 | J14: 0 | K14: 5572329.7 | L14: 6889403.4 | M14: 6889403.4
A16: 产值增加率 | B16: =B5/B7+1 -> 3.0017636 | D16: =D5/D7+1 -> 2.0781613 | F16: =F5/F7+1 -> 2.5373385 | H16: =H5/H7+1 -> 1.9217555 | J16: =J5/J7+1 -> 1.186051 | L16: =L5/L7+1 -> 1.16592
A18: 农产品 | H18: =H9/(H$7-H$12) -> 0.1875331 | I18: =I9/(I$6+I$8-I$12) -> 0.17306589 | J18: =J9/(J$7-J$13) -> 0.83605658 | K18: =K9/(K$6+K$8-K$13) -> 0.0061045791 | L18: =L9/(L$7-L$14) -> 0.5570775 | M18: =M9/(M$6+M$8-M$14) -> 0.0085538485
A19: 畜牧产品 | B19: =B10/(B$7-B$9) -> 6.6588714e-07 | C19: =C10/(C$6+C$8-C$9) -> 0.038105717 | H19: =H10/(H$7-H$12) -> 0.050591249 | I19: =I10/(I$6+I$8-I$12) -> 0.016441614 | J19: =J10/(J$7-J$13) -> 0 | K19: =K10/(K$6+K$8-K$13) -> 0.064938813 | L19: =L10/(L$7-L$14) -> 2.8145829e-05 | M19: =M10/(M$6+M$8-M$14) -> 0.66850494
A20: 渔产品 | B20: =B11/(B$7-B$9) -> 0 | C20: =C11/(C$6+C$8-C$9) -> 0.0015494241 | H20: =H11/(H$7-H$12) -> 0.023231416 | I20: =I11/(I$6+I$8-I$12) -> 0.075855137 | J20: =J11/(J$7-J$13) -> 0 | K20: =K11/(K$6+K$8-K$13) -> 0.010586066 | L20: =L11/(L$7-L$14) -> 0.064706843 | M20: =M11/(M$6+M$8-M$14) -> 0.23809182
A21: 农、林、牧、渔服务产品 | B21: =B12/(B$7-B$9) -> 0.066510838 | C21: =C12/(C$6+C$8-C$9) -> 0.0083402526 | J21: =J12/(J$7-J$13) -> 0 | K21: =K12/(K$6+K$8-K$13) -> 0.0070547408 | L21: =L12/(L$7-L$14) -> 0.0011694347 | M21: =M12/(M$6+M$8-M$14) -> 0.04462837
A22: 谷物磨制品 | B22: =B13/(B$7-B$9) -> 0.0053642009 | C22: =C13/(C$6+C$8-C$9) -> 0.14611069 | H22: =H13/(H$7-H$12) -> 0.033604739 | I22: =I13/(I$6+I$8-I$12) -> 0 | L22: =L13/(L$7-L$14) -> 0.085132012 | M22: =M13/(M$6+M$8-M$14) -> 0
A23: 饲料加工品 | B23: =B14/(B$7-B$9) -> 0.0048295039 | C23: =C14/(C$6+C$8-C$9) -> 0.062444319 | H23: =H14/(H$7-H$12) -> 0.13659102 | I23: =I14/(I$6+I$8-I$12) -> 0.0014148191 | J23: =J14/(J$7-J$13) -> 0 | K23: =K14/(K$6+K$8-K$13) -> 0.045045301
B24: 农产品进 | H24: 经大农业服务产品进 | J24: 经谷物磨制品进 | L24: 经饲料加工品进
A25: 畜牧产品 | C25: =C19 -> 0.038105717 | I25: =C21*I19 -> 0.00013712721 | K25: =C22*K19 -> 0.0094882546 | M25: =C23*M19 -> 0.041744336
A26: 渔产品 | C26: =C20 -> 0.0015494241 | I26: =C21*I20 -> 0.00063265101 | K26: =C22*K20 -> 0.0015467373 | M26: =C23*M20 -> 0.014867481
A28: 农产品产值 | B28: =(C6+C8-B4)/10000 -> 60162.246
A29: 畜牧业产值 | B29: =(E6+E8-D4)/10000 -> 27526.701 | C29: =B28*(C25+I25+K25+M25) -> 5383.0431 | D29: =(B29+C29)/SUM(B28:B30) -> 0.32953437
A30: 渔产品产值 | B30: =(G6+G8-F4)/10000 -> 12178.464 | C30: =B28*(C26+I26+K26+M26) -> 1118.7948 | D30: =(B30+C30)/SUM(B28:B30) -> 0.13314913

Sheet 2020
B2: 农产品 | D2: 畜牧产品 | F2: 渔产品 | H2: 农、林、牧、渔服务产品 | J2: 谷物磨制品 | L2: 饲料加工品
B3: 投入 | C3: 产出 | D3: 投入 | E3: 产出 | F3: 投入 | G3: 产出 | H3: 投入 | I3: 产出 | J3: 投入 | K3: 产出 | L3: 投入 | M3: 产出
A4: 进口 | B4: 49535074 | C4: 0 | D4: 2317884.3 | E4: 0 | F4: 4284899.4 | G4: 0 | H4: 0 | I4: 0 | J4: 2468962.4 | K4: 0 | L4: 2291756.8 | M4: 0
A5: 增加值合计 | B5: 4.6643969e+08 | C5: 0 | D5: 2.0534213e+08 | E5: 0 | F5: 76747923 | G5: 0 | H5: 33653399 | I5: 0 | J5: 20307625 | K5: 0 | L5: 16179705 | M5: 0
A6: 最终使用合计 | B6: 0 | C6: 1.9074163e+08 | D6: 0 | E6: 1.6373368e+08 | F6: 0 | G6: 62625136 | H6: 0 | I6: 19639628 | J6: 0 | K6: 55574880 | L6: 0 | M6: 5779554
A7: 中间投入合计 | B7: 2.4144998e+08 | C7: 0 | D7: 1.5955025e+08 | E7: 0 | F7: 51369879 | G7: 0 | H7: 36644933 | I7: 0 | J7: 1.1254081e+08 | K7: 0 | L7: 94274887 | M7: 0
A8: 中间使用合计 | B8: 0 | C8: 5.6668311e+08 | D8: 0 | E8: 2.0347658e+08 | F8: 0 | G8: 69777566 | H8: 0 | I8: 50658704 | J8: 0 | K8: 79742519 | L8: 0 | M8: 1.069668e+08
A9: 农产品 | B9: 81659022 | C9: 81659022 | D9: 28912192 | E9: 149.2431 | F9: 1003088.5 | G9: 0 | H9: 6240357.7 | I9: 14857171 | J9: 89891080 | K9: 930383.51 | L9: 45826416 | M9: 896644.61
A10: 畜牧产品 | B10: 149.2431 | C10: 28912192 | D10: 81659022 | E10: 22735172 | F10: 0 | G10: 0 | H10: 1888112 | I10: 773802.15 | J10: 0 | K10: 6416876.6 | L10: 4140.944 | M10: 69552790
A11: 渔产品 | B11: 0 | C11: 1003088.5 | D11: 0 | E11: 0 | F11: 3757309.1 | G11: 3757309.1 | H11: 700122.62 | I11: 4114587.7 | J11: 0 | K11: 1406423.6 | L11: 5606714.6 | M11: 21755974
A12: 农、林、牧、渔服务产品 | B12: 14857171 | C12: 6240357.7 | D12: 773802.15 | E12: 1888112 | F12: 4114587.7 | G12: 700122.62 | H12: 5660937.3 | I12: 5660937.3 | J12: 0 | K12: 1049765 | L12: 120211.42 | M12: 4567458.1
A13: 谷物磨制品 | B13: 930383.51 | C13: 89891080 | D13: 930383.51 | E13: 0 | F13: 1406423.6 | G13: 0 | H13: 1049765 | I13: 0 | J13: 6520180.8 | K13: 6520180.8 | L13: 7061621.3 | M13: 0
A14: 饲料加工品 | B14: 896644.61 | C14: 45826416 | D14: 69552790 | E14: 4140.944 | F14: 21755974 | G14: 5606714.6 | H14: 4567458.1 | I14: 120211.42 | J14: 0 | K14: 7061621.3 | L14: 9317048.6 | M14: 9317048.6
A16: 产值增加率 | B16: =B5/B7+1 -> 2.9318274 | D16: =D5/D7+1 -> 2.287006 | F16: =F5/F7+1 -> 2.4940258 | H16: =H5/H7+1 -> 1.9183643 | J16: =J5/J7+1 -> 1.1804468 | L16: =L5/L7+1 -> 1.1716226
A18: 农产品 | H18: =H9/(H$7-H$12) -> 0.20140584 | I18: =I9/(I$6+I$8-I$12) -> 0.22985411 | J18: =J9/(J$7-J$13) -> 0.84786403 | K18: =K9/(K$6+K$8-K$13) -> 0.0072236305 | L18: =L9/(L$7-L$14) -> 0.53940186 | M18: =M9/(M$6+M$8-M$14) -> 0.0086691548
A19: 畜牧产品 | B19: =B10/(B$7-B$9) -> 9.339896e-07 | C19: =C10/(C$6+C$8-C$9) -> 0.042784342 | H19: =H10/(H$7-H$12) -> 0.060938298 | I19: =I10/(I$6+I$8-I$12) -> 0.011971432 | J19: =J10/(J$7-J$13) -> 0 | K19: =K10/(K$6+K$8-K$13) -> 0.049821546 | L19: =L10/(L$7-L$14) -> 4.8741164e-05 | M19: =M10/(M$6+M$8-M$14) -> 0.67246698
A20: 渔产品 | B20: =B11/(B$7-B$9) -> 0 | C20: =C11/(C$6+C$8-C$9) -> 0.0014843731 | H20: =H11/(H$7-H$12) -> 0.022596266 | I20: =I11/(I$6+I$8-I$12) -> 0.063656459 | J20: =J11/(J$7-J$13) -> 0 | K20: =K11/(K$6+K$8-K$13) -> 0.010919674 | L20: =L11/(L$7-L$14) -> 0.065994083 | M20: =M11/(M$6+M$8-M$14) -> 0.21034633
A21: 农、林、牧、渔服务产品 | B21: =B12/(B$7-B$9) -> 0.092978793 | C21: =C12/(C$6+C$8-C$9) -> 0.0092344986 | J21: =J12/(J$7-J$13) -> 0 | K21: =K12/(K$6+K$8-K$13) -> 0.0081505255 | L21: =L12/(L$7-L$14) -> 0.0014149538 | M21: =M12/(M$6+M$8-M$14) -> 0.044160195
A22: 谷物磨制品 | B22: =B13/(B$7-B$9) -> 0.005822504 | C22: =C13/(C$6+C$8-C$9) -> 0.13302107 | H22: =H13/(H$7-H$12) -> 0.033880879 | I22: =I13/(I$6+I$8-I$12) -> 0 | L22: =L13/(L$7-L$14) -> 0.083119127 | M22: =M13/(M$6+M$8-M$14) -> 0
A23: 饲料加工品 | B23: =B14/(B$7-B$9) -> 0.00561136 | C23: =C14/(C$6+C$8-C$9) -> 0.067814058 | H23: =H14/(H$7-H$12) -> 0.14741346 | I23: =I14/(I$6+I$8-I$12) -> 0.0018597813 | J23: =J14/(J$7-J$13) -> 0 | K23: =K14/(K$6+K$8-K$13) -> 0.054827437
B24: 农产品进 | H24: 经大农业服务产品进 | J24: 经谷物磨制品进 | L24: 经饲料加工品进
A25: 畜牧产品 | C25: =C19 -> 0.042784342 | I25: =C21*I19 -> 0.00011055017 | K25: =C22*K19 -> 0.0066273154 | M25: =C23*M19 -> 0.045602715
A26: 渔产品 | C26: =C20 -> 0.0014843731 | I26: =C21*I20 -> 0.00058783549 | K26: =C22*K20 -> 0.0014525467 | M26: =C23*M20 -> 0.014264439
A28: 农产品产值 | B28: =(C6+C8-B4)/10000 -> 70788.967
A29: 畜牧业产值 | B29: =(E6+E8-D4)/10000 -> 36489.238 | C29: =B28*(C25+I25+K25+M25) -> 6733.795 | D29: =(B29+C29)/SUM(B28:B30) -> 0.35992205
A30: 渔产品产值 | B30: =(G6+G8-F4)/10000 -> 12811.78 | C30: =B28*(C26+I26+K26+M26) -> 1259.2787 | D30: =(B30+C30)/SUM(B28:B30) -> 0.11717096

Sheet Extrapolation
B1: 当年RMB | I1: 2012 USD
B2: 2002 | C2: 2007 | D2: 2012 | E2: 2017 | F2: 2018 | G2: 2020 | I2: 2002 | J2: 2007 | K2: 2012 | L2: 2017 | M2: 2018 | N2: 2019 | O2: 2020 | P2: 2021 | Q2: 2022 | R2: 2023 | S2: 2024 | T2: 2025 | U2: 2026 | V2: 2027 | W2: 2028 | X2: 2029 | Y2: 2030 | Z2: 2031 | AA2: 2032 | AB2: 2033 | AC2: 2034 | AD2: 2035 | AE2: 2036 | AF2: 2037 | AG2: 2038 | AH2: 2039 | AI2: 2040 | AJ2: 2041 | AK2: 2042 | AL2: 2043 | AM2: 2044 | AN2: 2045 | AO2: 2046 | AP2: 2047 | AQ2: 2048 | AR2: 2049 | AS2: 2050 | AT2: 2051 | AU2: 2052 | AV2: 2053 | AW2: 2054 | AX2: 2055 | AY2: 2056 | AZ2: 2057 | BA2: 2058 | BB2: 2059 | BC2: 2060
B3: =SUM(B4:B6) -> 24846.342 | C3: =SUM(C4:C6) -> 42596.609 | D3: =SUM(D4:D6) -> 82170.665 | E3: =SUM(E4:E6) -> 99674.053 | F3: =SUM(F4:F6) -> 99867.411 | G3: =SUM(G4:G6) -> 120089.99 | I3: =B3*Deflator!M2 -> 6390.0438 | J3: =C3*Deflator!N2 -> 8580.1126 | K3: =D3*Deflator!O2 -> 13016.898 | L3: =E3*Deflator!P2 -> 14473.119 | M3: =F3*Deflator!Q2 -> 14010.851 | N3: =AVERAGE(M3,O3) -> 15270.66 | O3: =G3*Deflator!$S$2 -> 16530.468 | P3: =SLOPE($K3:O3,$K$2:O$2)*P$2+INTERCEPT($K3:O3,$K$2:O$2) -> 16070.58 | Q3: =SLOPE($K3:P3,$K$2:P$2)*Q$2+INTERCEPT($K3:P3,$K$2:P$2) -> 16441.68 | R3: =SLOPE($K3:Q3,$K$2:Q$2)*R$2+INTERCEPT($K3:Q3,$K$2:Q$2) -> 16812.78 | S3: =SLOPE($K3:R3,$K$2:R$2)*S$2+INTERCEPT($K3:R3,$K$2:R$2) -> 17183.88 | T3: =SLOPE($K3:S3,$K$2:S$2)*T$2+INTERCEPT($K3:S3,$K$2:S$2) -> 17554.98 | U3: =SLOPE($K3:T3,$K$2:T$2)*U$2+INTERCEPT($K3:T3,$K$2:T$2) -> 17926.08 | V3: =SLOPE($K3:U3,$K$2:U$2)*V$2+INTERCEPT($K3:U3,$K$2:U$2) -> 18297.181 | W3: =SLOPE($K3:V3,$K$2:V$2)*W$2+INTERCEPT($K3:V3,$K$2:V$2) -> 18668.281 | ... BC3: =SLOPE($K3:BB3,$K$2:BB$2)*BC$2+INTERCEPT($K3:BB3,$K$2:BB$2) -> 30543.485
A4: 农产品产值 | B4: ='2002'!B28 -> 13817.473 | C4: ='2007'!B28 -> 23454.035 | D4: ='2012'!B28 -> 46625.508 | E4: ='2017'!B28 -> 58661.823 | F4: ='2018'!B28 -> 60162.246 | G4: ='2020'!B28 -> 70788.967 | I4: =B4*Deflator!M2 -> 3553.6118 | J4: =C4*Deflator!N2 -> 4724.2788 | K4: =D4*Deflator!O2 -> 7386.0847 | L4: =E4*Deflator!P2 -> 8517.9596 | M4: =F4*Deflator!Q2 -> 8440.4339 | N4: =N$3*N8 -> 9100.4521 | O4: =G4*Deflator!$S$2 -> 9744.1494 | P4: =P$3*P8 -> 9623.4445 | Q4: =Q$3*Q8 -> 9890.3296 | R4: =R$3*R8 -> 10159.231 | S4: =S$3*S8 -> 10430.148 | T4: =T$3*T8 -> 10703.082 | U4: =U$3*U8 -> 10978.031 | V4: =V$3*V8 -> 11254.997 | W4: =W$3*W8 -> 11533.978 | ... BC4: =BC$3*BC8 -> 21525.885
A5: 畜牧产品产值 | B5: ='2002'!B29 -> 8152.2528 | C5: ='2007'!B29 -> 14856.421 | D5: ='2012'!B29 -> 26988.374 | E5: ='2017'!B29 -> 29394.021 | F5: ='2018'!B29 -> 27526.701 | G5: ='2020'!B29 -> 36489.238 | I5: =B5*Deflator!M2 -> 2096.6166 | J5: =C5*Deflator!N2 -> 2992.4862 | K5: =D5*Deflator!O2 -> 4275.3082 | L5: =E5*Deflator!P2 -> 4268.1436 | M5: =F5*Deflator!Q2 -> 3861.8455 | N5: =N$3*N9 -> 4398.4957 | O5: =G5*Deflator!$S$2 -> 5022.7684 | P5: =P$3*P9 -> 4613.9346 | Q5: =Q$3*Q9 -> 4670.5193 | R5: =R$3*R9 -> 4724.8487 | S5: =S$3*S9 -> 4776.9229 | T5: =T$3*T9 -> 4826.7418 | U5: =U$3*U9 -> 4874.3055 | V5: =V$3*V9 -> 4919.6139 | W5: =W$3*W9 -> 4962.6671 | ... BC5: =BC$3*BC9 -> 5149.5942
A6: 渔产品产值 | B6: ='2002'!B30 -> 2876.6168 | C6: ='2007'!B30 -> 4286.1533 | D6: ='2012'!B30 -> 8556.7821 | E6: ='2017'!B30 -> 11618.209 | F6: ='2018'!B30 -> 12178.464 | G6: ='2020'!B30 -> 12811.78 | I6: =B6*Deflator!M2 -> 739.81543 | J6: =C6*Deflator!N2 -> 863.34755 | K6: =D6*Deflator!O2 -> 1355.5052 | L6: =E6*Deflator!P2 -> 1687.016 | M6: =F6*Deflator!Q2 -> 1708.5718 | N6: =N$3*N10 -> 1773.0965 | O6: =G6*Deflator!$S$2 -> 1763.5502 | P6: =P$3*P10 -> 1833.6175 | Q6: =Q$3*Q10 -> 1881.2861 | R6: =R$3*R10 -> 1929.1952 | S6: =S$3*S10 -> 1977.3448 | T6: =T$3*T10 -> 2025.7348 | U6: =U$3*U10 -> 2074.3653 | V6: =V$3*V10 -> 2123.2363 | W6: =W$3*W10 -> 2172.3477 | ... BC6: =BC$3*BC10 -> 3870.8794
A8: 农产品占比 | B8: =B4/SUM(B4:B6) -> 0.55611697 | C8: =C4/SUM(C4:C6) -> 0.55060802 | D8: =D4/SUM(D4:D6) -> 0.5674228 | E8: =E4/SUM(E4:E6) -> 0.58853654 | F8: =F4/SUM(F4:F6) -> 0.60242121 | G8: =G4/SUM(G4:G6) -> 0.58946603 | I8: =B8 -> 0.55611697 | J8: =C8 -> 0.55060802 | K8: =D8 -> 0.5674228 | L8: =E8 -> 0.58853654 | M8: =F8 -> 0.60242121 | N8: =AVERAGE(M8,O8) -> 0.59594362 | O8: =G8 -> 0.58946603 | P8: =SLOPE($I8:O8,$I$2:O$2)*P$2+INTERCEPT($I8:O8,$I$2:O$2) -> 0.59882373 | Q8: =SLOPE($I8:P8,$I$2:P$2)*Q$2+INTERCEPT($I8:P8,$I$2:P$2) -> 0.60154009 | R8: =SLOPE($I8:Q8,$I$2:Q$2)*R$2+INTERCEPT($I8:Q8,$I$2:Q$2) -> 0.60425646 | S8: =SLOPE($I8:R8,$I$2:R$2)*S$2+INTERCEPT($I8:R8,$I$2:R$2) -> 0.60697282 | T8: =SLOPE($I8:S8,$I$2:S$2)*T$2+INTERCEPT($I8:S8,$I$2:S$2) -> 0.60968918 | U8: =SLOPE($I8:T8,$I$2:T$2)*U$2+INTERCEPT($I8:T8,$I$2:T$2) -> 0.61240555 | V8: =SLOPE($I8:U8,$I$2:U$2)*V$2+INTERCEPT($I8:U8,$I$2:U$2) -> 0.61512191 | W8: =SLOPE($I8:V8,$I$2:V$2)*W$2+INTERCEPT($I8:V8,$I$2:V$2) -> 0.61783827 | ... BC8: =SLOPE($I8:BB8,$I$2:BB$2)*BC$2+INTERCEPT($I8:BB8,$I$2:BB$2) -> 0.70476191
A9: 畜牧产品占比 | B9: =B5/SUM(B4:B6) -> 0.32810676 | C9: =C5/SUM(C4:C6) -> 0.34877004 | D9: =D5/SUM(D4:D6) -> 0.32844293 | E9: =E5/SUM(E4:E6) -> 0.29490144 | F9: =F5/SUM(F4:F6) -> 0.27563247 | G9: =G5/SUM(G4:G6) -> 0.30384913 | I9: =B9 -> 0.32810676 | J9: =C9 -> 0.34877004 | K9: =D9 -> 0.32844293 | L9: =E9 -> 0.29490144 | M9: =F9 -> 0.27563247 | N9: =SLOPE($I9:M9,$I$2:M$2)*N$2+INTERCEPT($I9:M9,$I$2:M$2) -> 0.28803573 | O9: =G9 -> 0.30384913 | P9: =SLOPE($I9:O9,$I$2:O$2)*P$2+INTERCEPT($I9:O9,$I$2:O$2) -> 0.28710443 | Q9: =SLOPE($I9:P9,$I$2:P$2)*Q$2+INTERCEPT($I9:P9,$I$2:P$2) -> 0.28406582 | R9: =SLOPE($I9:Q9,$I$2:Q$2)*R$2+INTERCEPT($I9:Q9,$I$2:Q$2) -> 0.28102721 | S9: =SLOPE($I9:R9,$I$2:R$2)*S$2+INTERCEPT($I9:R9,$I$2:R$2) -> 0.27798861 | T9: =SLOPE($I9:S9,$I$2:S$2)*T$2+INTERCEPT($I9:S9,$I$2:S$2) -> 0.27495 | U9: =SLOPE($I9:T9,$I$2:T$2)*U$2+INTERCEPT($I9:T9,$I$2:T$2) -> 0.27191139 | V9: =SLOPE($I9:U9,$I$2:U$2)*V$2+INTERCEPT($I9:U9,$I$2:U$2) -> 0.26887279 | W9: =SLOPE($I9:V9,$I$2:V$2)*W$2+INTERCEPT($I9:V9,$I$2:V$2) -> 0.26583418 | ... BC9: =SLOPE($I9:BB9,$I$2:BB$2)*BC$2+INTERCEPT($I9:BB9,$I$2:BB$2) -> 0.16859878
A10: 渔产品占比 | B10: =B6/SUM(B4:B6) -> 0.11577627 | C10: =C6/SUM(C4:C6) -> 0.10062194 | D10: =D6/SUM(D4:D6) -> 0.10413427 | E10: =E6/SUM(E4:E6) -> 0.11656202 | F10: =F6/SUM(F4:F6) -> 0.12194632 | G10: =G6/SUM(G4:G6) -> 0.10668483 | I10: =B10 -> 0.11577627 | J10: =C10 -> 0.10062194 | K10: =D10 -> 0.10413427 | L10: =E10 -> 0.11656202 | M10: =F10 -> 0.12194632 | N10: =SLOPE($I10:M10,$I$2:M$2)*N$2+INTERCEPT($I10:M10,$I$2:M$2) -> 0.11611132 | O10: =G10 -> 0.10668483 | P10: =SLOPE($I10:O10,$I$2:O$2)*P$2+INTERCEPT($I10:O10,$I$2:O$2) -> 0.11409778 | Q10: =SLOPE($I10:P10,$I$2:P$2)*Q$2+INTERCEPT($I10:P10,$I$2:P$2) -> 0.11442177 | R10: =SLOPE($I10:Q10,$I$2:Q$2)*R$2+INTERCEPT($I10:Q10,$I$2:Q$2) -> 0.11474576 | S10: =SLOPE($I10:R10,$I$2:R$2)*S$2+INTERCEPT($I10:R10,$I$2:R$2) -> 0.11506975 | T10: =SLOPE($I10:S10,$I$2:S$2)*T$2+INTERCEPT($I10:S10,$I$2:S$2) -> 0.11539374 | U10: =SLOPE($I10:T10,$I$2:T$2)*U$2+INTERCEPT($I10:T10,$I$2:T$2) -> 0.11571773 | V10: =SLOPE($I10:U10,$I$2:U$2)*V$2+INTERCEPT($I10:U10,$I$2:U$2) -> 0.11604172 | W10: =SLOPE($I10:V10,$I$2:V$2)*W$2+INTERCEPT($I10:V10,$I$2:V$2) -> 0.11636571 | ... BC10: =SLOPE($I10:BB10,$I$2:BB$2)*BC$2+INTERCEPT($I10:BB10,$I$2:BB$2) -> 0.12673339
A12: 农产品投入畜牧业比例 | B12: =SUM('2002'!$B25:$M25) -> 0.16746416 | C12: =SUM('2007'!$B25:$M25) -> 0.16142339 | D12: =SUM('2012'!$B25:$M25) -> 0.13049731 | E12: =SUM('2017'!$B25:$M25) -> 0.10313878 | F12: =SUM('2018'!$B25:$M25) -> 0.089475435 | G12: =SUM('2020'!$B25:$M25) -> 0.095124922 | I12: =B12 -> 0.16746416 | J12: =C12 -> 0.16142339 | K12: =D12 -> 0.13049731 | L12: =E12 -> 0.10313878 | M12: =F12 -> 0.089475435 | N12: =N18/N4 -> 0.10098974 | O12: =G12 -> 0.095124922 | P12: =P18/P4 -> 0.10017906 | Q12: =Q18/Q4 -> 0.098671208 | R12: =R18/R4 -> 0.097176918 | S12: =S18/S4 -> 0.095696003 | T12: =T18/T4 -> 0.094228284 | U12: =U18/U4 -> 0.092773584 | V12: =V18/V4 -> 0.091331733 | W12: =W18/W4 -> 0.08990256 | ... BC12: =BC18/BC4 -> 0.04998596
A13: 农产品投入渔业比例 | B13: =SUM('2002'!$B26:$M26) -> 0.016676081 | C13: =SUM('2007'!$B26:$M26) -> 0.016390427 | D13: =SUM('2012'!$B26:$M26) -> 0.019486138 | E13: =SUM('2017'!$B26:$M26) -> 0.017571434 | F13: =SUM('2018'!$B26:$M26) -> 0.018596294 | G13: =SUM('2020'!$B26:$M26) -> 0.017789194 | I13: =B13 -> 0.016676081 | J13: =C13 -> 0.016390427 | K13: =D13 -> 0.019486138 | L13: =E13 -> 0.017571434 | M13: =F13 -> 0.018596294 | N13: =N19/N4 -> 0.01862413 | O13: =G13 -> 0.017789194 | P13: =P19/P4 -> 0.018213139 | Q13: =Q19/Q4 -> 0.018182379 | R13: =R19/R4 -> 0.018151895 | S13: =S19/S4 -> 0.018121683 | T13: =T19/T4 -> 0.018091741 | U13: =U19/U4 -> 0.018062065 | V13: =V19/V4 -> 0.018032651 | W13: =W19/W4 -> 0.018003495 | ... BC13: =BC19/BC4 -> 0.017189183
A15: 农产品投入畜牧业占一产比例 | B15: =B8*B12 -> 0.093129661 | C15: =C8*C12 -> 0.088881013 | D15: =D8*D12 -> 0.074047147 | E15: =E8*E12 -> 0.060700939 | F15: =F8*F12 -> 0.053901899 | G15: =G8*G12 -> 0.05607291 | I15: =I8*I12 -> 0.093129661 | J15: =J8*J12 -> 0.088881013 | K15: =K8*K12 -> 0.074047147 | L15: =L8*L12 -> 0.060700939 | M15: =M8*M12 -> 0.053901899 | N15: =N8*N12 -> 0.06018419 | O15: =O8*O12 -> 0.05607291 | P15: =P8*P12 -> 0.059989595 | ... BC15: =BC8*BC12 -> 0.035228201
A16: 农产品投入渔业占一产比例 | B16: =B8*B13 -> 0.0092738518 | C16: =C8*C13 -> 0.0090247008 | D16: =D8*D13 -> 0.011056879 | E16: =E8*E13 -> 0.010341431 | F16: =F8*F13 -> 0.011202802 | G16: =G8*G13 -> 0.010486125 | I16: =I8*I13 -> 0.0092738518 | J16: =J8*J13 -> 0.0090247008 | K16: =K8*K13 -> 0.011056879 | L16: =L8*L13 -> 0.010341431 | M16: =M8*M13 -> 0.011202802 | N16: =N8*N13 -> 0.011098932 | O16: =O8*O13 -> 0.010486125 | P16: =P8*P13 -> 0.01090646 | ... BC16: =BC8*BC13 -> 0.012114282
A18: 农产品投入畜牧业产值 | B18: =B4*B12 -> 2313.9314 | C18: =C4*C12 -> 3786.0298 | D18: =D4*D12 -> 6084.5033 | E18: =E4*E12 -> 6050.3086 | F18: =F4*F12 -> 5383.0431 | G18: =G4*G12 -> 6733.795 | I18: =I4*I12 -> 595.10261 | J18: =J4*J12 -> 762.6091 | K18: =K4*K12 -> 963.86416 | L18: =L4*L12 -> 878.53193 | M18: =M4*M12 -> 755.21149 | N18: =N5*N28 -> 919.05227 | O18: =O4*O12 -> 926.91145 | P18: =P5*P28 -> 964.06757 | Q18: =Q5*Q28 -> 975.89077 | R18: =R5*R28 -> 987.24275 | S18: =S5*S28 -> 998.12349 | T18: =T5*T28 -> 1008.533 | U18: =U5*U28 -> 1018.4713 | V18: =V5*V28 -> 1027.9383 | W18: =W5*W28 -> 1036.9342 | ... BC18: =BC5*BC28 -> 1075.992
A19: 农产品投入渔业产值 | B19: =B4*B13 -> 230.4213 | C19: =C4*C13 -> 384.42165 | D19: =D4*D13 -> 908.55108 | E19: =E4*E13 -> 1030.7723 | F19: =F4*F13 -> 1118.7948 | G19: =G4*G13 -> 1259.2787 | I19: =I4*I13 -> 59.260319 | J19: =J4*J13 -> 77.432948 | K19: =K4*K13 -> 143.92626 | L19: =L4*L13 -> 149.67276 | M19: =M4*M13 -> 156.96079 | N19: =N6*N30 -> 169.48801 | O19: =O4*O13 -> 173.34056 | P19: =P6*P30 -> 175.27313 | Q19: =Q6*Q30 -> 179.82972 | R19: =R6*R30 -> 184.40929 | S19: =S6*S30 -> 189.01184 | T19: =T6*T30 -> 193.63738 | U19: =U6*U30 -> 198.28591 | V19: =V6*V30 -> 202.95742 | W19: =W6*W30 -> 207.65192 | ... BC19: =BC6*BC30 -> 370.01238
A22: 一产中投入畜牧业比例 | B22: =B5/SUM(B4:B6)+B18/SUM(B4:B6) -> 0.42123642 | C22: =C5/SUM(C4:C6)+C18/SUM(C4:C6) -> 0.43765106 | D22: =D5/SUM(D4:D6)+D18/SUM(D4:D6) -> 0.40249008 | E22: =E5/SUM(E4:E6)+E18/SUM(E4:E6) -> 0.35560237 | F22: =F5/SUM(F4:F6)+F18/SUM(F4:F6) -> 0.32953437 | G22: =G5/SUM(G4:G6)+G18/SUM(G4:G6) -> 0.35992205 | I22: =I5/SUM(I4:I6)+I18/SUM(I4:I6) -> 0.42123642 | J22: =J5/SUM(J4:J6)+J18/SUM(J4:J6) -> 0.43765106 | K22: =K5/SUM(K4:K6)+K18/SUM(K4:K6) -> 0.40249008 | L22: =L5/SUM(L4:L6)+L18/SUM(L4:L6) -> 0.35560237 | M22: =M5/SUM(M4:M6)+M18/SUM(M4:M6) -> 0.32953437 | N22: =N5/SUM(N4:N6)+N18/SUM(N4:N6) -> 0.34818835 | O22: =O5/SUM(O4:O6)+O18/SUM(O4:O6) -> 0.35992205 | P22: =P5/SUM(P4:P6)+P18/SUM(P4:P6) -> 0.34708502 | ... BC22: =BC5/SUM(BC4:BC6)+BC18/SUM(BC4:BC6) -> 0.2038078
A23: 一产中投入渔业比例 | B23: =B6/SUM(B4:B6)+B19/SUM(B4:B6) -> 0.12505012 | C23: =C6/SUM(C4:C6)+C19/SUM(C4:C6) -> 0.10964664 | D23: =D6/SUM(D4:D6)+D19/SUM(D4:D6) -> 0.11519115 | E23: =E6/SUM(E4:E6)+E19/SUM(E4:E6) -> 0.12690345 | F23: =F6/SUM(F4:F6)+F19/SUM(F4:F6) -> 0.13314913 | G23: =G6/SUM(G4:G6)+G19/SUM(G4:G6) -> 0.11717096 | I23: =I6/SUM(I4:I6)+I19/SUM(I4:I6) -> 0.12505012 | J23: =J6/SUM(J4:J6)+J19/SUM(J4:J6) -> 0.10964664 | K23: =K6/SUM(K4:K6)+K19/SUM(K4:K6) -> 0.11519115 | L23: =L6/SUM(L4:L6)+L19/SUM(L4:L6) -> 0.12690345 | M23: =M6/SUM(M4:M6)+M19/SUM(M4:M6) -> 0.13314913 | N23: =N6/SUM(N4:N6)+N19/SUM(N4:N6) -> 0.12719872 | O23: =O6/SUM(O4:O6)+O19/SUM(O4:O6) -> 0.11717096 | P23: =P6/SUM(P4:P6)+P19/SUM(P4:P6) -> 0.125001 | ... BC23: =BC6/SUM(BC4:BC6)+BC19/SUM(BC4:BC6) -> 0.13883461
A24: 一产中投入动物养殖比例 | B24: =B22+B23 -> 0.54628654 | C24: =C22+C23 -> 0.54729769 | D24: =D22+D23 -> 0.51768123 | E24: =E22+E23 -> 0.48250583 | F24: =F22+F23 -> 0.4626835 | G24: =G22+G23 -> 0.477093 | I24: =I22+I23 -> 0.54628654 | J24: =J22+J23 -> 0.54729769 | K24: =K22+K23 -> 0.51768123 | L24: =L22+L23 -> 0.48250583 | M24: =M22+M23 -> 0.4626835 | N24: =N22+N23 -> 0.47538707 | O24: =O22+O23 -> 0.477093 | P24: =P22+P23 -> 0.47208602 | ... BC24: =BC22+BC23 -> 0.34264242
B27: =B18/B4 -> 0.16746416 | C27: =C18/C4 -> 0.16142339 | D27: =D18/D4 -> 0.13049731 | E27: =E18/E4 -> 0.10313878 | F27: =F18/F4 -> 0.089475435 | G27: =G18/G4 -> 0.095124922 | I27: =I18/I4 -> 0.16746416 | J27: =J18/J4 -> 0.16142339 | K27: =K18/K4 -> 0.13049731 | L27: =L18/L4 -> 0.10313878 | M27: =M18/M4 -> 0.089475435 | O27: =O18/O4 -> 0.095124922
B28: =B18/B5 -> 0.28383951 | C28: =C18/C5 -> 0.25484131 | D28: =D18/D5 -> 0.22544905 | E28: =E18/E5 -> 0.20583467 | F28: =F18/F5 -> 0.19555715 | G28: =G18/G5 -> 0.18454195 | I28: =I18/I5 -> 0.28383951 | J28: =J18/J5 -> 0.25484131 | K28: =K18/K5 -> 0.22544905 | L28: =L18/L5 -> 0.20583467 | M28: =M18/M5 -> 0.19555715 | N28: =AVERAGE($K28:$M28) -> 0.20894695 | O28: =O18/O5 -> 0.18454195 | P28: =AVERAGE($K28:$M28) -> 0.20894695 | Q28: =AVERAGE($K28:$M28) -> 0.20894695 | R28: =AVERAGE($K28:$M28) -> 0.20894695 | S28: =AVERAGE($K28:$M28) -> 0.20894695 | T28: =AVERAGE($K28:$M28) -> 0.20894695 | U28: =AVERAGE($K28:$M28) -> 0.20894695 | V28: =AVERAGE($K28:$M28) -> 0.20894695 | W28: =AVERAGE($K28:$M28) -> 0.20894695 | ... BC28: =AVERAGE($K28:$M28) -> 0.20894695
B29: =B19/B4 -> 0.016676081 | C29: =C19/C4 -> 0.016390427 | D29: =D19/D4 -> 0.019486138 | E29: =E19/E4 -> 0.017571434 | F29: =F19/F4 -> 0.018596294 | G29: =G19/G4 -> 0.017789194 | I29: =I19/I4 -> 0.016676081 | J29: =J19/J4 -> 0.016390427 | K29: =K19/K4 -> 0.019486138 | L29: =L19/L4 -> 0.017571434 | M29: =M19/M4 -> 0.018596294 | O29: =O19/O4 -> 0.017789194
B30: =B19/B6 -> 0.080101491 | C30: =C19/C6 -> 0.089689197 | D30: =D19/D6 -> 0.10617906 | E30: =E19/E6 -> 0.088720416 | F30: =F19/F6 -> 0.091866661 | G30: =G19/G6 -> 0.098290685 | I30: =I19/I6 -> 0.080101491 | J30: =J19/J6 -> 0.089689197 | K30: =K19/K6 -> 0.10617906 | L30: =L19/L6 -> 0.088720416 | M30: =M19/M6 -> 0.091866661 | N30: =AVERAGE($K30:$M30) -> 0.095588712 | O30: =O19/O6 -> 0.098290685 | P30: =AVERAGE($K30:$M30) -> 0.095588712 | Q30: =AVERAGE($K30:$M30) -> 0.095588712 | R30: =AVERAGE($K30:$M30) -> 0.095588712 | S30: =AVERAGE($K30:$M30) -> 0.095588712 | T30: =AVERAGE($K30:$M30) -> 0.095588712 | U30: =AVERAGE($K30:$M30) -> 0.095588712 | V30: =AVERAGE($K30:$M30) -> 0.095588712 | W30: =AVERAGE($K30:$M30) -> 0.095588712 | ... BC30: =AVERAGE($K30:$M30) -> 0.095588712

Sheet Deflator
A1: 人民币年份 | B1: 当年人民币相对2012美元 | C1: 2012美元相对当年人民币价格 | D1: deflator | F1: Year | G1: Inflation, GDP deflator (annual %) | H1: Convert from 2012 USD | I1: Convert to 2012 USD | L1: 人民币年份 | M1: 2002 | N1: 2007 | O1: 2012 | P1: 2017 | Q1: 2018 | R1: 2019 | S1: 2020 | T1: 2021 | U1: 2022
A2: 2000 | B2: 0.26402732 | C2: 3.7874869 | F2: 2000 | G2: 2.2354744 | H2: =H3/(1+G3/100) -> 0.78077491 | I2: =1/H2 -> 1.2807789 | L2: 当年人民币相对2012美元 | M2: 0.25718247 | N2: 0.20142713 | O2: 0.15841296 | P2: 0.14520448 | Q2: 0.14029453 | R2: 0.13851126 | S2: 0.13765068 | T2: 0.13467374 | U2: 0.13155443
A3: 2001 | B3: 0.25873097 | C3: 3.8650186 | D3: 1.0204705 | F3: 2001 | G3: 2.1934253 | H3: =H4/(1+G4/100) -> 0.79790063 | I3: =1/H3 -> 1.2532889 | L3: 2012美元相对当年人民币价格 | M3: 3.8882898 | N3: 4.9645746 | O3: 6.3126149 | P3: 6.8868397 | Q3: 7.1278617 | R3: 7.2196295 | S3: 7.2647663 | T3: 7.4253528 | U3: 7.6014162
A4: 2002 | B4: 0.25718247 | C4: 3.8882898 | D4: 1.006021 | F4: 2002 | G4: 1.581763 | H4: =H5/(1+G5/100) -> 0.81052153 | I4: =1/H4 -> 1.2337735 | L4: deflator | M4: 1.006021 | N4: 1.0774969 | O4: 1.0233122 | P4: 1.0423268 | Q4: 1.0349975 | R4: 1.0128745 | S4: 1.0062519 | T4: 1.0221048 | U4: 1.0237111
A5: 2003 | B5: 0.25065742 | C5: 3.9895089 | D5: 1.0260318 | F5: 2003 | G5: 1.8570952 | H5: =H6/(1+G6/100) -> 0.82557368 | I5: =1/H5 -> 1.2112789
A6: 2004 | B6: 0.23436442 | C6: 4.2668593 | D6: 1.0695199 | F6: 2004 | G6: 2.6922121 | H6: =H7/(1+G7/100) -> 0.84779988 | I6: =1/H6 -> 1.1795236
A7: 2005 | B7: 0.22555917 | C7: 4.4334266 | D7: 1.0390374 | F7: 2005 | G7: 3.1149423 | H7: =H8/(1+G8/100) -> 0.87420835 | I7: =1/H7 -> 1.1438921
A8: 2006 | B8: 0.2170371 | C8: 4.6075073 | D8: 1.0392655 | F8: 2006 | G8: 3.0262046 | H8: =H9/(1+G9/100) -> 0.90066369 | I8: =1/H8 -> 1.1102923
A9: 2007 | B9: 0.20142713 | C9: 4.9645746 | D9: 1.0774969 | F9: 2007 | G9: 2.6862789 | H9: =H10/(1+G10/100) -> 0.92485803 | I9: =1/H9 -> 1.081247
A10: 2008 | B10: 0.18686069 | C10: 5.3515804 | D10: 1.0779535 | F10: 2008 | G10: 1.9451317 | H10: =H11/(1+G11/100) -> 0.94284773 | I10: =1/H10 -> 1.0606166
A11: 2009 | B11: 0.18725305 | C11: 5.340367 | D11: 0.99790467 | F11: 2009 | G11: 0.76234999 | H11: =H12/(1+G12/100) -> 0.95003553 | I11: =1/H11 -> 1.0525922
A12: 2010 | B12: 0.17519707 | C12: 5.707858 | D12: 1.0688138 | F12: 2010 | G12: 1.1652505 | H12: =H13/(1+G13/100) -> 0.96110583 | I12: =1/H12 -> 1.0404681
A13: 2011 | B13: 0.16210591 | C13: 6.1688066 | D13: 1.0807568 | F13: 2011 | G13: 2.0889038 | H13: =H14/(1+G14/100) -> 0.9811824 | I13: =1/H13 -> 1.0191785
A14: 2012 | B14: 0.15841296 | C14: 6.3126149 | D14: 1.0233122 | F14: 2012 | G14: 1.917849 | H14: 1 | I14: =1/H14 -> 1
A15: 2013 | B15: 0.15505847 | C15: 6.4491801 | D15: 1.0216337 | F15: 2013 | G15: 1.7549158 | H15: =(1+G15/100)*H14 -> 1.0175492 | I15: =1/H15 -> 0.9827535
A16: 2014 | B16: 0.15347603 | C16: 6.5156753 | D16: 1.0103106 | F16: 2014 | G16: 1.8498275 | H16: =(1+G16/100)*H15 -> 1.0363721 | I16: =1/H16 -> 0.96490444
A17: 2015 | B17: 0.15348055 | C17: 6.5154835 | D17: 0.99997056 | F17: 2015 | G17: 0.95253153 | H17: =(1+G17/100)*H16 -> 1.0462438 | I17: =1/H17 -> 0.95580014
A18: 2016 | B18: 0.15135053 | C18: 6.6071789 | D18: 1.0140735 | F18: 2016 | G18: 1.0492474 | H18: =(1+G18/100)*H17 -> 1.0572215 | I18: =1/H18 -> 0.94587556
A19: 2017 | B19: 0.14520448 | C19: 6.8868397 | D19: 1.0423268 | F19: 2017 | G19: 1.8800679 | H19: =(1+G19/100)*H18 -> 1.077098 | I19: =1/H19 -> 0.92842063
A20: 2018 | B20: 0.14029453 | C20: 7.1278617 | D20: 1.0349975 | F20: 2018 | G20: 2.4009811 | H20: =(1+G20/100)*H19 -> 1.1029589 | I20: =1/H20 -> 0.90665208
A21: 2019 | B21: 0.13851126 | C21: 7.2196295 | D21: 1.0128745 | F21: 2019 | G21: 1.7851515 | H21: =(1+G21/100)*H20 -> 1.1226484 | I21: =1/H21 -> 0.89075083
A22: 2020 | B22: 0.13765068 | C22: 7.2647663 | D22: 1.0062519 | F22: 2020 | G22: 1.2112889 | H22: =(1+G22/100)*H21 -> 1.1362469 | I22: =1/H22 -> 0.88009039
A23: 2021 | B23: 0.13467374 | C23: 7.4253528 | D23: 1.0221048 | F23: 2021 | G23: =(D23-1)*100 -> 2.2104844 | H23: =(1+G23/100)*H22 -> 1.1613635 | I23: =1/H23 -> 0.86105686
A24: 2022 | B24: 0.13155443 | C24: 7.6014162 | D24: 1.0237111 | F24: 2022 | G24: =(D24-1)*100 -> 2.3711121 | H24: =(1+G24/100)*H23 -> 1.1889007 | I24: =1/H24 -> 0.84111313

Sheet BSoAIGtAP
A1: (dimensionless) | B1: 2018 | C1: 2019 | D1: 2020 | E1: 2021 | F1: 2022 | G1: 2023 | H1: 2024 | I1: 2025 | J1: 2026 | K1: 2027 | L1: 2028 | M1: 2029 | N1: 2030 | O1: 2031 | P1: 2032 | Q1: 2033 | R1: 2034 | S1: 2035 | T1: 2036 | U1: 2037 | V1: 2038 | W1: 2039 | X1: 2040 | Y1: 2041 | Z1: 2042 | AA1: 2043 | AB1: 2044 | AC1: 2045 | AD1: 2046 | AE1: 2047 | AF1: 2048 | AG1: 2049 | AH1: 2050 | AI1: 2051 | AJ1: 2052 | AK1: 2053 | AL1: 2054 | AM1: 2055 | AN1: 2056 | AO1: 2057 | AP1: 2058 | AQ1: 2059 | AR1: 2060
A2: Animal related share | B2: =Extrapolation!M24 -> 0.4626835 | C2: =Extrapolation!N24 -> 0.47538707 | D2: =Extrapolation!O24 -> 0.477093 | E2: =Extrapolation!P24 -> 0.47208602 | F2: =Extrapolation!Q24 -> 0.46876673 | G2: =Extrapolation!R24 -> 0.46544746 | H2: =Extrapolation!S24 -> 0.46212819 | I2: =Extrapolation!T24 -> 0.45880894 | ... AR2: =Extrapolation!BC24 -> 0.34264242
