Workbook
Name IQ_CH: 110000
Name IQ_CQ: 5000
Name IQ_CY: 10000
Name IQ_DAILY: 500000
Name IQ_FH: 100000
Name IQ_FQ: 500
Name IQ_FY: 1000
Name IQ_LTM: 2000
Name IQ_MONTH: 15000
Name IQ_NTM: 6000
Name IQ_WEEK: 50000
Name IQ_YTD: 3000

Sheet About
A1: BRPSPTY BAU Renewable Portfolio Std Percentage This Year
A3: Sources: | B3: Historic Renewable Consumption Data | E3: Historic Electricity Generation Data
B4: National Energy Agency | E4: China Electricity Council
B5: 全国可再生能源电力发展检测评价报告 | E5: 中国电力工业统计资料汇编 （Compilation of China Power Sector Statistics)
B6: Annual Rnewable Power Development Monitoring Report | E6: 2015-2021
B7: 2015-2022 | E7: Chapter 2 (Power Generation)
B8: 2015 | C8: http://cn.chinagate.cn/economics/2016-08/24/content_39157136.htm
B9: 2016 | C9: http://zfxxgk.nea.gov.cn/auto87/201704/t20170418_2773.htm | E9: Historic Electricity Import and Export Data
B10: 2017 | C10: https://www.gov.cn/zhengce/zhengceku/2018-12/31/content_5433577.htm | E10: China National Bureau of Statistics
B11: 2018 | C11: https://www.gov.cn/zhengce/zhengceku/2019-09/29/content_5434697.htm | E11: 中国能源统计年鉴（Statistical Yearbook of China Energy)
B12: 2019 | C12: http://zfxxgk.nea.gov.cn/2020-05/06/c_139059627.htm | E12: 2015-2021
B13: 2020 | C13: http://zfxxgk.nea.gov.cn/2021-06/20/c_1310039970.htm | E13: Chappter 6 Provincial Energy Balance Sheet
B14: 2021 | C14: https://www.gov.cn/zhengce/zhengceku/2022-09/23/content_5711253.htm
B15: 2022 | C15: http://zfxxgk.nea.gov.cn/2023-09/07/c_1310741874.htm
B17: Annually Announced Renewable Consumption Target | E17: Pre 14FYP Announced Renewable Consumption Target till 2030
B18: National Energy Agency | E18: National Energy Agency
B19: 可再生能源消纳责任权重 | E19: 可再生能源消纳责任权重2021-2030(征求意见）
B20: Renewable Consumption Quota (released annually / biannually) | E20: renewable consumption quota 2021-2030 (Draft for opinion)
B21: 2021-22 | C21: https://www.gov.cn/zhengce/zhengceku/2021-05/26/content_5612441.htm | E21: 2021-30
B22: 2023-24 | C22: https://www.ndrc.gov.cn/xwdt/tzgg/202308/t20230804_1359103.html | E22: http://nyj.yq.gov.cn/zxdt/202102/t20210218_1128635.html
A26: Note:
A27: The purpose of this variable is to specify the renewable portfolio standard requirement that must be met
A28: in the BAU case (which the user may increase via a policy lever, affecting the policy case).
A30: For China, instead of production based RPS, the national government announces provincial renewable
A31: consumption quota annually. Since EPS calculated the RPS after deducting electricty import and export,
A32: it is necessary to converted the consumption based target to production based RPS standard.
A33: The annouced consumption target are listed as well as historic electricity import / export are listed.
A35: Since China's latest mid/long-term renewable development plan was 2007-2020, this is no long term
A36: provincial target prior to the anouncement of the 14th FYP. However, in 2021, there was draft for opinion
A37: released by the NEA that contains province specific consumption quota up to 2030. This is before the
A38: release of 14 FYP or the ambitous national target of 1.2 TW wind and solar target, and that historically
A39: the country overshoots its renewable target. We decided to the the quota announced in this draft as the
... A54: like to calculate for:
C55: Province Selector
C56: 全国 National

Sheet Province Selector
A1: Code | B1: 地区名称 | C1: 地区全称 | D1: 地区简称 | E1: Name | F1: 缩写
A2: 00 | B2: 全国 National | C2: 全国 | D2: 全国 | E2: National | F2: CN
A3: 11 | B3: 北京市 Beijing | C3: 北京市 | D3: 北京 | E3: Beijing | F3: BJ
A4: 12 | B4: 天津市 Tianjin | C4: 天津市 | D4: 天津 | E4: Tianjin | F4: TJ
A5: 13 | B5: 河北省 Hebei | C5: 河北省 | D5: 河北 | E5: Hebei | F5: HE
A6: 14 | B6: 山西省 Shanxi | C6: 山西省 | D6: 山西 | E6: Shanxi | F6: SX
A7: 15 | B7: 内蒙古自治区 Inner Mongolia | C7: 内蒙古自治区 | D7: 内蒙古 | E7: Inner Mongolia | F7: NM
A8: 21 | B8: 辽宁省 Liaoning | C8: 辽宁省 | D8: 辽宁 | E8: Liaoning | F8: LN
A9: 22 | B9: 吉林省 Jilin | C9: 吉林省 | D9: 吉林 | E9: Jilin | F9: JL
A10: 23 | B10: 黑龙江省 Heilongjiang | C10: 黑龙江省 | D10: 黑龙江 | E10: Heilongjiang | F10: HL
A11: 31 | B11: 上海市 Shanghai | C11: 上海市 | D11: 上海 | E11: Shanghai | F11: SH
A12: 32 | B12: 江苏省 Jiangsu | C12: 江苏省 | D12: 江苏 | E12: Jiangsu | F12: JS
A13: 33 | B13: 浙江省 Zhejiang | C13: 浙江省 | D13: 浙江 | E13: Zhejiang | F13: ZJ
A14: 34 | B14: 安徽省 Anhui | C14: 安徽省 | D14: 安徽 | E14: Anhui | F14: AH
... A33: 65 | B33: 新疆维吾尔自治区 Xijiang | C33: 新疆维吾尔自治区 | D33: 新疆 | E33: Xijiang | F33: XJ

Sheet historic consumption
A1: Year | B1: 2015 | C1: 2016 | D1: 2017 | E1: 2018 | F1: 2019 | G1: 2020 | H1: 2021 | I1: 2022 | J1: 2015 | K1: 2016 | L1: 2017 | M1: 2018 | N1: 2019 | O1: 2020 | P1: 2021 | Q1: 2022 | R1: 2015 | S1: 2016 | T1: 2017 | U1: 2018 | V1: 2019 | W1: 2020 | X1: 2021 | Y1: 2022 | Z1: 2015 | AA1: 2016 | AB1: 2017 | AC1: 2018 | AD1: 2019 | AE1: 2020 | AF1: 2021 | AG1: 2022
A2: 地区 | B2: 可再生能源电力消纳量（亿千瓦时） | J2: 可再生能源电力消纳比重 | R2: 非水电可再生能源电力消纳量（亿千瓦时） | Z2: Renewable Consumed (100 GWh)
A3: Region | B3: Renewable Consumed (100 GWh) | J3: Renewable Consumed Ratio | R3: Non-hydro Renewable Consumed (100 GWh) | Z3: Non-hydro Renewable Consumed Ratio
A4: 北京 | B4: 81 | C4: 107 | D4: 130 | E4: 150.75 | F4: 148 | G4: 187 | H4: 244 | I4: 292 | J4: 0.085 | K4: 0.105 | L4: 0.121 | M4: 0.132 | N4: 0.127 | O4: 0.164 | P4: 0.198 | Q4: 0.228 | R4: 72 | S4: 91 | T4: 111 | U4: 133.42 | V4: 141 | W4: 183 | X4: 239 | Y4: 283 | Z4: 0.076 | AA4: 0.09 | AB4: 0.104 | AC4: 0.117 | AD4: 0.12 | AE4: 0.161 | AF4: 0.194 | AG4: 0.221
A5: 天津 | B5: 63 | C5: 75 | D5: 89 | E5: 98.2 | F5: 112 | G5: 141 | H5: 191 | I5: 209 | J5: 0.078 | K5: 0.093 | L5: 0.11 | M5: 0.114 | N5: 0.126 | O5: 0.161 | P5: 0.195 | Q5: 0.211 | R5: 61 | S5: 72 | T5: 84 | U5: 94.47 | V5: 106 | W5: 132 | X5: 181 | Y5: 192 | Z5: 0.076 | AA5: 0.09 | AB5: 0.104 | AC5: 0.11 | AD5: 0.12 | AE5: 0.151 | AF5: 0.184 | AG5: 0.194
A6: 河北 | B6: 260 | C6: 335 | D6: 401 | E6: 448.38 | F6: 530 | G6: 559 | H6: 756 | I6: 930 | J6: 0.082 | K6: 0.103 | L6: 0.116 | M6: 0.122 | N6: 0.137 | O6: 0.142 | P6: 0.176 | Q6: 0.214 | R6: 241 | S6: 293 | T6: 357 | U6: 415.31 | V6: 505 | W6: 530 | X6: 721 | Y6: 904 | Z6: 0.076 | AA6: 0.09 | AB6: 0.104 | AC6: 0.113 | AD6: 0.13 | AE6: 0.135 | AF6: 0.168 | AG6: 0.208
A7: 山西 | B7: 152 | C7: 218 | D7: 280 | E7: 355.25 | F7: 417 | G7: 440 | H7: 649 | I7: 675 | J7: 0.088 | K7: 0.121 | L7: 0.141 | M7: 0.164 | N7: 0.184 | O7: 0.188 | P7: 0.249 | Q7: 0.248 | R7: 121 | S7: 179 | T7: 238 | U7: 312.35 | V7: 368 | W7: 393 | X7: 610 | Y7: 637 | Z7: 0.07 | AA7: 0.1 | AB7: 0.12 | AC7: 0.145 | AD7: 0.162 | AE7: 0.168 | AF7: 0.234 | AG7: 0.234
A8: 内蒙古 | B8: 354 | C8: 428 | D8: 554 | E8: 624.34 | F8: 672 | G8: 821 | H8: 954 | I8: 1075 | J8: 0.139 | K8: 0.164 | L8: 0.192 | M8: 0.186 | N8: 0.183 | O8: 0.211 | P8: 0.241 | Q8: 0.256 | R8: 306 | S8: 398 | T8: 528 | U8: 579.28 | V8: 611 | W8: 760 | X8: 890 | Y8: 1029 | Z8: 0.12 | AA8: 0.153 | AB8: 0.183 | AC8: 0.173 | AD8: 0.167 | AE8: 0.195 | AF8: 0.225 | AG8: 0.245
A9: 辽宁 | B9: 197 | C9: 259 | D9: 260 | E9: 326.37 | F9: 371 | G9: 418 | H9: 492 | I9: 551 | J9: 0.099 | K9: 0.127 | L9: 0.122 | M9: 0.142 | N9: 0.154 | O9: 0.172 | P9: 0.191 | Q9: 0.216 | R9: 152 | S9: 175 | T9: 197 | U9: 269.82 | V9: 302 | W9: 331 | X9: 361 | Y9: 421 | Z9: 0.077 | AA9: 0.086 | AB9: 0.092 | AC9: 0.117 | AD9: 0.125 | AE9: 0.136 | AF9: 0.14 | AG9: 0.165
A10: 吉林 | B10: 105 | C10: 138 | D10: 156 | E10: 186.53 | F10: 196 | G10: 244 | H10: 252 | I10: 294 | J10: 0.16 | K10: 0.207 | L10: 0.222 | M10: 0.249 | N10: 0.25 | O10: 0.303 | P10: 0.299 | Q10: 0.345 | R10: 79 | S10: 91 | T10: 115 | U10: 127.59 | V10: 147 | W10: 172 | X10: 177 | Y10: 218 | Z10: 0.122 | AA10: 0.137 | AB10: 0.164 | AC10: 0.17 | AD10: 0.188 | AE10: 0.213 | AF10: 0.21 | AG10: 0.256
A11: 黑龙江 | B11: 119 | C11: 141 | D11: 188 | E11: 188.7 | F11: 219 | G11: 238 | H11: 254 | I11: 372 | J11: 0.137 | K11: 0.157 | L11: 0.202 | M11: 0.194 | N11: 0.22 | O11: 0.234 | P11: 0.233 | Q11: 0.327 | R11: 97 | S11: 111 | T11: 146 | U11: 157.51 | V11: 202 | W11: 218 | X11: 253 | Y11: 347 | Z11: 0.111 | AA11: 0.124 | AB11: 0.158 | AC11: 0.162 | AD11: 0.202 | AE11: 0.215 | AF11: 0.232 | AG11: 0.305
A12: 上海 | B12: 419 | C12: 484 | D12: 509 | E12: 503.23 | F12: 542 | G12: 561 | H12: 558 | I12: 520 | J12: 0.298 | K12: 0.326 | L12: 0.333 | M12: 0.321 | N12: 0.345 | O12: 0.356 | P12: 0.319 | Q12: 0.298 | R12: 23 | S12: 30 | T12: 41 | U12: 51.93 | V12: 66 | W12: 76 | X12: 91 | Y12: 105 | Z12: 0.016 | AA12: 0.02 | AB12: 0.027 | AC12: 0.033 | AD12: 0.042 | AE12: 0.048 | AF12: 0.052 | AG12: 0.06
A13: 江苏 | B13: 599 | C13: 699 | D13: 856 | E13: 902.91 | F13: 941 | G13: 1072 | H13: 1321 | I13: 1650 | J13: 0.117 | K13: 0.128 | L13: 0.147 | M13: 0.147 | N13: 0.15 | O13: 0.168 | P13: 0.186 | Q13: 0.223 | R13: 169 | S13: 227 | T13: 316 | U13: 427.43 | V13: 467 | W13: 574 | X13: 859 | Y13: 1080 | Z13: 0.033 | AA13: 0.042 | AB13: 0.054 | AC13: 0.07 | AD13: 0.074 | AE13: 0.09 | AF13: 0.121 | AG13: 0.146
A14: 浙江 | B14: 658 | C14: 772 | D14: 809 | E14: 826.98 | F14: 946 | G14: 946 | H14: 1042 | I14: 1154 | J14: 0.185 | K14: 0.199 | L14: 0.193 | M14: 0.178 | N14: 0.2 | O14: 0.196 | P14: 0.189 | Q14: 0.199 | R14: 84 | S14: 138 | T14: 176 | U14: 259.56 | V14: 319 | W14: 362 | X14: 474 | Y14: 609 | Z14: 0.024 | AA14: 0.036 | AB14: 0.042 | AC14: 0.053 | AD14: 0.067 | AE14: 0.075 | AF14: 0.086 | AG14: 0.105
A15: 安徽 | B15: 157 | C15: 221 | D15: 274 | E15: 317.06 | F15: 363 | G15: 427 | H15: 524 | I15: 614 | J15: 0.096 | K15: 0.123 | L15: 0.143 | M15: 0.149 | N15: 0.157 | O15: 0.176 | P15: 0.193 | Q15: 0.205 | R15: 64 | S15: 110 | T15: 169 | U15: 235.82 | V15: 284 | W15: 330 | X15: 434 | Y15: 530 | Z15: 0.039 | AA15: 0.061 | AB15: 0.088 | AC15: 0.11 | AD15: 0.123 | AE15: 0.136 | AF15: 0.16 | AG15: 0.177
... A35: 全国 | B35: 13625 | C35: 15058 | D35: 16686 | E35: 18158.97 | F35: 19938 | G35: 21613 | H35: 24446 | I35: 26810 | J35: 0.245 | K35: 0.254 | L35: 0.265 | M35: 0.265 | N35: 0.275 | O35: 0.288 | P35: 0.294 | Q35: 0.316 | R35: 2778 | S35: 3717 | T35: 5025 | U35: 6314.2 | V35: 7388 | W35: 8562 | X35: 11398 | Y35: 13676 | Z35: 0.05 | AA35: 0.063 | AB35: 0.08 | AC35: 0.092 | AD35: 0.102 | AE35: 0.114 | AF35: 0.137 | AG35: 0.159

Sheet historic generation
A1: 地区 | B1: 指标 | C1: 年份 | D1: 值
A2: 安徽省 | B2: 分布式太阳能发电量(亿千瓦小时) | C2: 2015
A3: 北京市 | B3: 分布式太阳能发电量(亿千瓦小时) | C3: 2015
A4: 福建省 | B4: 分布式太阳能发电量(亿千瓦小时) | C4: 2015
A5: 甘肃省 | B5: 分布式太阳能发电量(亿千瓦小时) | C5: 2015
A6: 广东省 | B6: 分布式太阳能发电量(亿千瓦小时) | C6: 2015
A7: 广西壮族自治区 | B7: 分布式太阳能发电量(亿千瓦小时) | C7: 2015
A8: 贵州省 | B8: 分布式太阳能发电量(亿千瓦小时) | C8: 2015
A9: 海南省 | B9: 分布式太阳能发电量(亿千瓦小时) | C9: 2015
A10: 河北省 | B10: 分布式太阳能发电量(亿千瓦小时) | C10: 2015
A11: 河南省 | B11: 分布式太阳能发电量(亿千瓦小时) | C11: 2015
A12: 黑龙江省 | B12: 分布式太阳能发电量(亿千瓦小时) | C12: 2015
A13: 湖北省 | B13: 分布式太阳能发电量(亿千瓦小时) | C13: 2015
... A65: 重庆市 | B65: 分布式太阳能发电量(亿千瓦小时) | C65: 2016
A66: 安徽省 | B66: 分布式太阳能发电量(亿千瓦小时) | C66: 2017 | D66: 18
A67: 北京市 | B67: 分布式太阳能发电量(亿千瓦小时) | C67: 2017 | D67: 1
A68: 福建省 | B68: 分布式太阳能发电量(亿千瓦小时) | C68: 2017 | D68: 3
A69: 甘肃省 | B69: 分布式太阳能发电量(亿千瓦小时) | C69: 2017 | D69: 1
A70: 广东省 | B70: 分布式太阳能发电量(亿千瓦小时) | C70: 2017 | D70: 8
A71: 广西壮族自治区 | B71: 分布式太阳能发电量(亿千瓦小时) | C71: 2017 | D71: 1
A72: 贵州省 | B72: 分布式太阳能发电量(亿千瓦小时) | C72: 2017
A73: 海南省 | B73: 分布式太阳能发电量(亿千瓦小时) | C73: 2017 | D73: 0.2
A74: 河北省 | B74: 分布式太阳能发电量(亿千瓦小时) | C74: 2017 | D74: 11
A75: 河南省 | B75: 分布式太阳能发电量(亿千瓦小时) | C75: 2017 | D75: 4
A76: 黑龙江省 | B76: 分布式太阳能发电量(亿千瓦小时) | C76: 2017 | D76: 1
A77: 湖北省 | B77: 分布式太阳能发电量(亿千瓦小时) | C77: 2017 | D77: 5
A78: 湖南省 | B78: 分布式太阳能发电量(亿千瓦小时) | C78: 2017 | D78: 4
A79: 吉林省 | B79: 分布式太阳能发电量(亿千瓦小时) | C79: 2017 | D79: 2
A80: 江苏省 | B80: 分布式太阳能发电量(亿千瓦小时) | C80: 2017 | D80: 19
A81: 江西省 | B81: 分布式太阳能发电量(亿千瓦小时) | C81: 2017 | D81: 8
A82: 辽宁省 | B82: 分布式太阳能发电量(亿千瓦小时) | C82: 2017 | D82: 3
A83: 内蒙古自治区 | B83: 分布式太阳能发电量(亿千瓦小时) | C83: 2017 | D83: 0.3
A84: 宁夏回族自治区 | B84: 分布式太阳能发电量(亿千瓦小时) | C84: 2017 | D84: 3
... A92: 天津市 | B92: 分布式太阳能发电量(亿千瓦小时) | C92: 2017 | D92: 1
A93: 西藏自治区 | B93: 分布式太阳能发电量(亿千瓦小时) | C93: 2017
A94: 新疆维吾尔自治区 | B94: 分布式太阳能发电量(亿千瓦小时) | C94: 2017 | D94: 0.01
A95: 云南省 | B95: 分布式太阳能发电量(亿千瓦小时) | C95: 2017 | D95: 0.3
A96: 浙江省 | B96: 分布式太阳能发电量(亿千瓦小时) | C96: 2017 | D96: 31
A97: 重庆市 | B97: 分布式太阳能发电量(亿千瓦小时) | C97: 2017 | D97: 0.2
A98: 安徽省 | B98: 分布式太阳能发电量(亿千瓦小时) | C98: 2018 | D98: 36
A99: 北京市 | B99: 分布式太阳能发电量(亿千瓦小时) | C99: 2018 | D99: 2
A100: 福建省 | B100: 分布式太阳能发电量(亿千瓦小时) | C100: 2018 | D100: 9
A101: 甘肃省 | B101: 分布式太阳能发电量(亿千瓦小时) | C101: 2018 | D101: 2
A102: 广东省 | B102: 分布式太阳能发电量(亿千瓦小时) | C102: 2018 | D102: 15
A103: 广西壮族自治区 | B103: 分布式太阳能发电量(亿千瓦小时) | C103: 2018 | D103: 1
A104: 贵州省 | B104: 分布式太阳能发电量(亿千瓦小时) | C104: 2018 | D104: 1
A105: 海南省 | B105: 分布式太阳能发电量(亿千瓦小时) | C105: 2018 | D105: 1
... A124: 天津市 | B124: 分布式太阳能发电量(亿千瓦小时) | C124: 2018 | D124: 2
A125: 西藏自治区 | B125: 分布式太阳能发电量(亿千瓦小时) | C125: 2018
A126: 新疆维吾尔自治区 | B126: 分布式太阳能发电量(亿千瓦小时) | C126: 2018 | D126: 0.1
A127: 云南省 | B127: 分布式太阳能发电量(亿千瓦小时) | C127: 2018 | D127: 1
A128: 浙江省 | B128: 分布式太阳能发电量(亿千瓦小时) | C128: 2018 | D128: 63
A129: 重庆市 | B129: 分布式太阳能发电量(亿千瓦小时) | C129: 2018 | D129: 2
A130: 安徽省 | B130: 分布式太阳能发电量(亿千瓦小时) | C130: 2019 | D130: 46
A131: 北京市 | B131: 分布式太阳能发电量(亿千瓦小时) | C131: 2019 | D131: 4
A132: 福建省 | B132: 分布式太阳能发电量(亿千瓦小时) | C132: 2019 | D132: 11
A133: 甘肃省 | B133: 分布式太阳能发电量(亿千瓦小时) | C133: 2019 | D133: 6
A134: 广东省 | B134: 分布式太阳能发电量(亿千瓦小时) | C134: 2019 | D134: 22
A135: 广西壮族自治区 | B135: 分布式太阳能发电量(亿千瓦小时) | C135: 2019 | D135: 2
A136: 贵州省 | B136: 分布式太阳能发电量(亿千瓦小时) | C136: 2019 | D136: 1
A137: 海南省 | B137: 分布式太阳能发电量(亿千瓦小时) | C137: 2019 | D137: 1
... A156: 天津市 | B156: 分布式太阳能发电量(亿千瓦小时) | C156: 2019 | D156: 3
A157: 西藏自治区 | B157: 分布式太阳能发电量(亿千瓦小时) | C157: 2019
A158: 新疆维吾尔自治区 | B158: 分布式太阳能发电量(亿千瓦小时) | C158: 2019 | D158: 1
A159: 云南省 | B159: 分布式太阳能发电量(亿千瓦小时) | C159: 2019 | D159: 2
A160: 浙江省 | B160: 分布式太阳能发电量(亿千瓦小时) | C160: 2019 | D160: 75
A161: 重庆市 | B161: 分布式太阳能发电量(亿千瓦小时) | C161: 2019 | D161: 3
A162: 安徽省 | B162: 分布式太阳能发电量(亿千瓦小时) | C162: 2020 | D162: 45
A163: 北京市 | B163: 分布式太阳能发电量(亿千瓦小时) | C163: 2020 | D163: 5
A164: 福建省 | B164: 分布式太阳能发电量(亿千瓦小时) | C164: 2020 | D164: 15
A165: 甘肃省 | B165: 分布式太阳能发电量(亿千瓦小时) | C165: 2020 | D165: 9
A166: 广东省 | B166: 分布式太阳能发电量(亿千瓦小时) | C166: 2020 | D166: 32
A167: 广西壮族自治区 | B167: 分布式太阳能发电量(亿千瓦小时) | C167: 2020 | D167: 3
A168: 贵州省 | B168: 分布式太阳能发电量(亿千瓦小时) | C168: 2020 | D168: 1
A169: 海南省 | B169: 分布式太阳能发电量(亿千瓦小时) | C169: 2020 | D169: 1
... A188: 天津市 | B188: 分布式太阳能发电量(亿千瓦小时) | C188: 2020 | D188: 4
A189: 西藏自治区 | B189: 分布式太阳能发电量(亿千瓦小时) | C189: 2020
A190: 新疆维吾尔自治区 | B190: 分布式太阳能发电量(亿千瓦小时) | C190: 2020 | D190: 2
A191: 云南省 | B191: 分布式太阳能发电量(亿千瓦小时) | C191: 2020 | D191: 3
A192: 浙江省 | B192: 分布式太阳能发电量(亿千瓦小时) | C192: 2020 | D192: 88
A193: 重庆市 | B193: 分布式太阳能发电量(亿千瓦小时) | C193: 2020 | D193: 0.4
A194: 安徽省 | B194: 分布式太阳能发电量(亿千瓦小时) | C194: 2021 | D194: 52
A195: 北京市 | B195: 分布式太阳能发电量(亿千瓦小时) | C195: 2021 | D195: 5
A196: 福建省 | B196: 分布式太阳能发电量(亿千瓦小时) | C196: 2021 | D196: 20
A197: 甘肃省 | B197: 分布式太阳能发电量(亿千瓦小时) | C197: 2021 | D197: 9
A198: 广东省 | B198: 分布式太阳能发电量(亿千瓦小时) | C198: 2021 | D198: 50
A199: 广西壮族自治区 | B199: 分布式太阳能发电量(亿千瓦小时) | C199: 2021 | D199: 4
A200: 贵州省 | B200: 分布式太阳能发电量(亿千瓦小时) | C200: 2021 | D200: 1
A201: 海南省 | B201: 分布式太阳能发电量(亿千瓦小时) | C201: 2021 | D201: 1
... A513: 重庆市 | B513: 风力发电量(亿千瓦小时) | C513: 2022 | D513: 34
A514: 安徽省 | B514: 光伏电站发电量(亿千瓦小时) | C514: 2015
A515: 北京市 | B515: 光伏电站发电量(亿千瓦小时) | C515: 2015
A516: 福建省 | B516: 光伏电站发电量(亿千瓦小时) | C516: 2015
A517: 甘肃省 | B517: 光伏电站发电量(亿千瓦小时) | C517: 2015
A518: 广东省 | B518: 光伏电站发电量(亿千瓦小时) | C518: 2015
A519: 广西壮族自治区 | B519: 光伏电站发电量(亿千瓦小时) | C519: 2015
A520: 贵州省 | B520: 光伏电站发电量(亿千瓦小时) | C520: 2015
A521: 海南省 | B521: 光伏电站发电量(亿千瓦小时) | C521: 2015
A522: 河北省 | B522: 光伏电站发电量(亿千瓦小时) | C522: 2015
A523: 河南省 | B523: 光伏电站发电量(亿千瓦小时) | C523: 2015
...

Sheet historic exchange
A1: 索引 | B1: 地区 | C1: 年份 | D1: 项目 | E1: 能源品种 | F1: 实物消费量 | I1: 求和项:实物消费量 | J1: 列标签
A2: 50297 | B2: 全国 | C2: 2015 | D2: 1.1. 一次能源生产量 | E2: 电力(亿千瓦小时) | F2: 15303.85 | I2: 行标签 | J2: 2015 | K2: 2016 | L2: 2017 | M2: 2018 | N2: 2019 | O2: 2020 | P2: 2021 | Q2: (空白) | R2: 总计
A3: 50298 | B3: 全国 | C3: 2015 | D3: 1.2. 外省(区、市)调入量 | E3: 电力(亿千瓦小时) | I3: 安徽省 | J3: -349.12 | K3: -339.70335 | L3: -389.16 | M3: -398.63 | N3: -363.29 | O3: -128.35 | P3: -25.62 | R3: -1993.8734
A4: 50299 | B4: 全国 | C4: 2015 | D4: 1.3. 进口量 | E4: 电力(亿千瓦小时) | F4: 62.1 | I4: 1.1. 一次能源生产量 | J4: 72.98 | K4: 118.00735 | L4: 159.62 | M4: 207.52 | N4: 222.7 | O4: 253.13 | P4: 342.13 | R4: 1376.0874
A5: 50301 | B5: 全国 | C5: 2015 | D5: 1.5. 本省(区、市)调出量(-) | E5: 电力(亿千瓦小时) | I5: 1.2. 外省(区、市)调入量 | J5: 4.51 | K5: 42.4222 | L5: 35.67 | M5: 83.71 | N5: 177.84 | O5: 425.1 | P5: 537.24 | R5: 1306.4922
A6: 50302 | B6: 全国 | C6: 2015 | D6: 1.6. 出口量(-) | E6: 电力(亿千瓦小时) | F6: -186.54 | I6: 1.3. 进口量
A7: 51527 | B7: 安徽省 | C7: 2015 | D7: 1.5. 本省(区、市)调出量(-) | E7: 电力(亿千瓦小时) | F7: -426.61 | I7: 1.5. 本省(区、市)调出量(-) | J7: -426.61 | K7: -500.1329 | L7: -584.45 | M7: -689.86 | N7: -763.83 | O7: -806.58 | P7: -904.99 | R7: -4676.4529
A8: 51627 | B8: 安徽省 | C8: 2015 | D8: 1.1. 一次能源生产量 | E8: 电力(亿千瓦小时) | F8: 72.98 | I8: 1.6. 出口量(-)
A9: 51628 | B9: 安徽省 | C9: 2015 | D9: 1.2. 外省(区、市)调入量 | E9: 电力(亿千瓦小时) | F9: 4.51 | I9: 北京市 | J9: 541.44 | K9: 601.2465 | L9: 689.85 | M9: 709.91 | N9: 723.38 | O9: 705.65 | P9: 786.1 | R9: 4757.5765
A10: 51629 | B10: 安徽省 | C10: 2015 | D10: 1.3. 进口量 | E10: 电力(亿千瓦小时) | I10: 1.1. 一次能源生产量 | J10: 9.72 | K10: 16.5978 | L10: 16.67 | M10: 16.46 | N10: 18.37 | O10: 21.38 | P10: 23.9 | R10: 123.0978
A11: 51807 | B11: 北京市 | C11: 2015 | D11: 1.5. 本省(区、市)调出量(-) | E11: 电力(亿千瓦小时) | F11: -5.26 | I11: 1.2. 外省(区、市)调入量 | J11: 536.98 | K11: 594.908 | L11: 678.53 | M11: 700.29 | N11: 708.87 | O11: 689.02 | P11: 764.84 | R11: 4673.438
A12: 67697 | B12: 福建省 | C12: 2015 | D12: 1.5. 本省(区、市)调出量(-) | E12: 电力(亿千瓦小时) | F12: -32.87 | I12: 1.3. 进口量
A13: 67797 | B13: 北京市 | C13: 2015 | D13: 1.1. 一次能源生产量 | E13: 电力(亿千瓦小时) | F13: 9.72 | I13: 1.5. 本省(区、市)调出量(-) | J13: -5.26 | K13: -10.2593 | L13: -5.35 | M13: -6.84 | N13: -3.86 | O13: -4.75 | P13: -2.64 | R13: -38.9593
A14: 67798 | B14: 北京市 | C14: 2015 | D14: 1.2. 外省(区、市)调入量 | E14: 电力(亿千瓦小时) | F14: 536.98 | I14: 1.6. 出口量(-)
A15: 67799 | B15: 北京市 | C15: 2015 | D15: 1.3. 进口量 | E15: 电力(亿千瓦小时) | I15: 福建省 | J15: 769.91 | K15: 1081.92 | L15: 1012.22 | M15: 908.69 | N15: 996.21 | O15: 932.26 | P15: 1133.85 | R15: 6835.06
A16: 67977 | B16: 甘肃省 | C16: 2015 | D16: 1.5. 本省(区、市)调出量(-) | E16: 电力(亿千瓦小时) | F16: -244.06 | I16: 1.1. 一次能源生产量 | J16: 800.85 | K16: 1117.95 | L16: 1085.07 | M16: 1056.75 | N16: 1166.82 | O16: 1085.74 | P16: 1228.39 | R16: 7541.57
A17: 83967 | B17: 福建省 | C17: 2015 | D17: 1.1. 一次能源生产量 | E17: 电力(亿千瓦小时) | F17: 800.85 | I17: 1.2. 外省(区、市)调入量 | J17: 1.93 | K17: 6.33 | L17: 2.49 | M17: 1.3 | N17: 1.25 | O17: 1.5 | P17: 6.15 | R17: 20.95
A18: 83968 | B18: 福建省 | C18: 2015 | D18: 1.2. 外省(区、市)调入量 | E18: 电力(亿千瓦小时) | F18: 1.93 | I18: 1.3. 进口量
A19: 83969 | B19: 福建省 | C19: 2015 | D19: 1.3. 进口量 | E19: 电力(亿千瓦小时) | I19: 1.5. 本省(区、市)调出量(-) | J19: -32.87 | K19: -42.36 | L19: -75.34 | M19: -149.36 | N19: -171.86 | O19: -154.98 | P19: -100.69 | R19: -727.46
A20: 83971 | B20: 广东省 | C20: 2015 | D20: 1.5. 本省(区、市)调出量(-) | E20: 电力(亿千瓦小时) | I20: 1.6. 出口量(-)
A21: 84147 | B21: 广西壮族自治区 | C21: 2015 | D21: 1.5. 本省(区、市)调出量(-) | E21: 电力(亿千瓦小时) | F21: -120.75 | I21: 甘肃省 | J21: 392.58 | K21: 366.89 | L21: 457.77 | M21: 459.91 | N21: 471.33 | O21: 474.67 | P21: 452.33 | R21: 3075.48
A22: 100037 | B22: 贵州省 | C22: 2015 | D22: 1.5. 本省(区、市)调出量(-) | E22: 电力(亿千瓦小时) | F22: -756.41 | I22: 1.1. 一次能源生产量 | J22: 521.79 | K22: 510.15 | L22: 635.23 | M22: 769.02 | N22: 842.66 | O22: 886.4 | P22: 890.04 | R22: 5055.29
A23: 100137 | B23: 甘肃省 | C23: 2015 | D23: 1.1. 一次能源生产量 | E23: 电力(亿千瓦小时) | F23: 521.79 | I23: 1.2. 外省(区、市)调入量 | J23: 114.85 | K23: 119.2 | L23: 186.77 | M23: 301.16 | N23: 367.93 | O23: 375.59 | P23: 354.96 | R23: 1820.46
A24: 100138 | B24: 甘肃省 | C24: 2015 | D24: 1.2. 外省(区、市)调入量 | E24: 电力(亿千瓦小时) | F24: 114.85 | I24: 1.3. 进口量
A25: 100139 | B25: 甘肃省 | C25: 2015 | D25: 1.3. 进口量 | E25: 电力(亿千瓦小时) | I25: 1.5. 本省(区、市)调出量(-) | J25: -244.06 | K25: -262.46 | L25: -364.23 | M25: -610.27 | N25: -739.26 | O25: -787.32 | P25: -792.67 | R25: -3800.27
A26: 100317 | B26: 海南省 | C26: 2015 | D26: 1.5. 本省(区、市)调出量(-) | E26: 电力(亿千瓦小时) | F26: -0.42 | I26: 1.6. 出口量(-)
A27: 116172 | B27: 广东省 | C27: 2015 | D27: 1.2. 外省(区、市)调入量 | E27: 电力(亿千瓦小时) | F27: 1426.27 | I27: 广东省 | J27: 2377.03 | K27: 2639.1 | L27: 2626.16 | M27: 2859.86 | N27: 3261.96 | O27: 3323 | P27: 3228.06 | R27: 20315.17
A28: 116307 | B28: 广东省 | C28: 2015 | D28: 1.1. 一次能源生产量 | E28: 电力(亿千瓦小时) | F28: 1101.12 | I28: 1.1. 一次能源生产量 | J28: 1101.12 | K28: 1291.98 | L28: 1204 | M28: 1276.12 | N28: 1617.14 | O28: 1622.79 | P28: 1667.66 | R28: 9780.81
A29: 116309 | B29: 广东省 | C29: 2015 | D29: 1.3. 进口量 | E29: 电力(亿千瓦小时) | F29: 11.73 | I29: 1.2. 外省(区、市)调入量 | J29: 1426.27 | K29: 1493.69 | L29: 3060.44 | M29: 1748.47 | N29: 1822.08 | O29: 1880.19 | P29: 1741.26 | R29: 13172.4
A30: 116378 | B30: 河北省 | C30: 2015 | D30: 1.5. 本省(区、市)调出量(-) | E30: 电力(亿千瓦小时) | I30: 1.3. 进口量 | J30: 11.73 | K30: 12.37 | M30: 6.02 | R30: 30.12
A31: 116556 | B31: 河南省 | C31: 2015 | D31: 1.5. 本省(区、市)调出量(-) | E31: 电力(亿千瓦小时) | F31: -57.74 | I31: 1.5. 本省(区、市)调出量(-) | L31: -1638.28 | N31: -0.29 | O31: -0.67 | P31: -180.86 | R31: -1820.1
A32: 132377 | B32: 黑龙江省 | C32: 2015 | D32: 1.5. 本省(区、市)调出量(-) | E32: 电力(亿千瓦小时) | F32: -139.78 | I32: 1.6. 出口量(-) | J32: -162.09 | K32: -158.94 | M32: -170.75 | N32: -176.97 | O32: -179.31 | R32: -848.06
A33: 132477 | B33: 广西壮族自治区 | C33: 2015 | D33: 1.1. 一次能源生产量 | E33: 电力(亿千瓦小时) | F33: 774.74 | I33: 广西壮族自治区 | J33: 790.07 | K33: 785.14 | L33: 825 | M33: 916.55 | N33: 900.66 | O33: 960.36 | P33: 1114.49 | R33: 6292.27
A34: 132478 | B34: 广西壮族自治区 | C34: 2015 | D34: 1.2. 外省(区、市)调入量 | E34: 电力(亿千瓦小时) | F34: 136.08 | I34: 1.1. 一次能源生产量 | J34: 774.74 | K34: 772 | L34: 783.76 | M34: 920.87 | N34: 839.76 | O34: 905.99 | P34: 887.32 | R34: 5884.44
A35: 132479 | B35: 广西壮族自治区 | C35: 2015 | D35: 1.3. 进口量 | E35: 电力(亿千瓦小时) | I35: 1.2. 外省(区、市)调入量 | J35: 136.08 | K35: 103.13 | L35: 144.14 | M35: 205.99 | N35: 171.5 | O35: 204.24 | P35: 321.77 | R35: 1286.85
A36: 132657 | B36: 湖北省 | C36: 2015 | D36: 1.5. 本省(区、市)调出量(-) | E36: 电力(亿千瓦小时) | F36: -775.03 | I36: 1.3. 进口量
A37: 148547 | B37: 湖南省 | C37: 2015 | D37: 1.5. 本省(区、市)调出量(-) | E37: 电力(亿千瓦小时) | F37: -87.12 | I37: 1.5. 本省(区、市)调出量(-) | J37: -120.75 | K37: -89.99 | L37: -102.9 | M37: -210.31 | N37: -110.6 | O37: -149.87 | P37: -94.6 | R37: -879.02
A38: 148647 | B38: 贵州省 | C38: 2015 | D38: 1.1. 一次能源生产量 | E38: 电力(亿千瓦小时) | F38: 859.47 | I38: 1.6. 出口量(-)
A39: 148648 | B39: 贵州省 | C39: 2015 | D39: 1.2. 外省(区、市)调入量 | E39: 电力(亿千瓦小时) | I39: 贵州省 | J39: 103.06 | K39: 76.5136 | L39: 175.18 | M39: 219.39 | N39: 151.06 | O39: 253.96 | P39: 296.17 | R39: 1275.3336
A40: 148649 | B40: 贵州省 | C40: 2015 | D40: 1.3. 进口量 | E40: 电力(亿千瓦小时) | I40: 1.1. 一次能源生产量 | J40: 859.47 | K40: 789.8 | L40: 802.52 | M40: 854.31 | N40: 867 | O40: 973.34 | P40: 921.82 | R40: 6068.26
A41: 148827 | B41: 吉林省 | C41: 2015 | D41: 1.5. 本省(区、市)调出量(-) | E41: 电力(亿千瓦小时) | F41: -200.24 | I41: 1.2. 外省(区、市)调入量 | M41: 0.07 | N41: 1.81 | O41: 0.93 | P41: 0.1 | R41: 2.91
A42: 164717 | B42: 江苏省 | C42: 2015 | D42: 1.5. 本省(区、市)调出量(-) | E42: 电力(亿千瓦小时) | F42: -117.09 | I42: 1.3. 进口量
A43: 164817 | B43: 海南省 | C43: 2015 | D43: 1.1. 一次能源生产量 | E43: 电力(亿千瓦小时) | F43: 27.9 | I43: 1.5. 本省(区、市)调出量(-) | J43: -756.41 | K43: -713.2864 | L43: -627.34 | M43: -634.99 | N43: -717.75 | O43: -720.31 | P43: -625.75 | R43: -4795.8364
A44: 164818 | B44: 海南省 | C44: 2015 | D44: 1.2. 外省(区、市)调入量 | E44: 电力(亿千瓦小时) | F44: 10.3 | I44: 1.6. 出口量(-)
A45: 164819 | B45: 海南省 | C45: 2015 | D45: 1.3. 进口量 | E45: 电力(亿千瓦小时) | I45: 海南省 | J45: 37.78 | K45: 90.73 | L45: 109.53 | M45: 115.43 | N45: 142.98 | O45: 149.52 | P45: 151.08 | R45: 797.05
A46: 164997 | B46: 江西省 | C46: 2015 | D46: 1.5. 本省(区、市)调出量(-) | E46: 电力(亿千瓦小时) | I46: 1.1. 一次能源生产量 | J46: 27.9 | K46: 91.19 | L46: 110.06 | M46: 114.13 | N46: 133.24 | O46: 132.48 | P46: 136.84 | R46: 745.84
A47: 180887 | B47: 辽宁省 | C47: 2015 | D47: 1.5. 本省(区、市)调出量(-) | E47: 电力(亿千瓦小时) | F47: -210.67 | I47: 1.2. 外省(区、市)调入量 | J47: 10.3 | K47: 0.48 | L47: 0.23 | M47: 2.19 | N47: 10.25 | O47: 17.04 | P47: 15.25 | R47: 55.74
A48: 180987 | B48: 河北省 | C48: 2015 | D48: 1.1. 一次能源生产量 | E48: 电力(亿千瓦小时) | F48: 205.63 | I48: 1.3. 进口量
A49: 180988 | B49: 河北省 | C49: 2015 | D49: 1.2. 外省(区、市)调入量 | E49: 电力(亿千瓦小时) | F49: 681.33 | I49: 1.5. 本省(区、市)调出量(-) | J49: -0.42 | K49: -0.94 | L49: -0.76 | M49: -0.89 | N49: -0.51 | P49: -1.01 | R49: -4.53
A50: 180989 | B50: 河北省 | C50: 2015 | D50: 1.3. 进口量 | E50: 电力(亿千瓦小时) | I50: 1.6. 出口量(-)
A51: 181167 | B51: 内蒙古自治区 | C51: 2015 | D51: 1.5. 本省(区、市)调出量(-) | E51: 电力(亿千瓦小时) | F51: -1385.06 | I51: 河北省 | J51: 886.96 | K51: 892.05 | L51: 1104.19 | M51: 1201.48 | N51: 1224.44 | O51: 1251.72 | P51: 1861 | R51: 8421.84
A52: 197057 | B52: 宁夏回族自治区 | C52: 2015 | D52: 1.5. 本省(区、市)调出量(-) | E52: 电力(亿千瓦小时) | F52: -334.35 | I52: 1.1. 一次能源生产量 | J52: 205.63 | K52: 258.12 | L52: 332.59 | M52: 415.94 | N52: 510.41 | O52: 593.35 | P52: 814.68 | R52: 3130.72
A53: 197157 | B53: 河南省 | C53: 2015 | D53: 1.1. 一次能源生产量 | E53: 电力(亿千瓦小时) | F53: 143.33 | I53: 1.2. 外省(区、市)调入量 | J53: 681.33 | K53: 633.93 | L53: 1207.92 | M53: 785.54 | N53: 1201.76 | O53: 1215.01 | P53: 1219.96 | R53: 6945.45
A54: 197158 | B54: 河南省 | C54: 2015 | D54: 1.2. 外省(区、市)调入量 | E54: 电力(亿千瓦小时) | F54: 597.56 | I54: 1.3. 进口量
A55: 197159 | B55: 河南省 | C55: 2015 | D55: 1.3. 进口量 | E55: 电力(亿千瓦小时) | I55: 1.5. 本省(区、市)调出量(-) | L55: -436.32 | N55: -487.73 | O55: -556.64 | P55: -173.64 | R55: -1654.33
A56: 197337 | B56: 青海省 | C56: 2015 | D56: 1.5. 本省(区、市)调出量(-) | E56: 电力(亿千瓦小时) | F56: -28.77 | I56: 1.6. 出口量(-)
A57: 213227 | B57: 山东省 | C57: 2015 | D57: 1.5. 本省(区、市)调出量(-) | E57: 电力(亿千瓦小时) | I57: 河南省 | J57: 683.15 | K57: 689.412 | L57: 697.18 | M57: 885.07 | N57: 1051.17 | O57: 1089.04 | P57: 1296.71 | R57: 6391.732
A58: 213327 | B58: 黑龙江省 | C58: 2015 | D58: 1.1. 一次能源生产量 | E58: 电力(亿千瓦小时) | F58: 91.34 | I58: 1.1. 一次能源生产量 | J58: 143.33 | K58: 126.612 | L58: 163.69 | M58: 284.61 | N58: 334.81 | O58: 390.98 | P58: 580.3 | R58: 2024.332
A59: 213328 | B59: 黑龙江省 | C59: 2015 | D59: 1.2. 外省(区、市)调入量 | E59: 电力(亿千瓦小时) | F59: 0.48 | I59: 1.2. 外省(区、市)调入量 | J59: 597.56 | K59: 577.39 | L59: 564.55 | M59: 633.42 | N59: 734.54 | O59: 836.56 | P59: 783.51 | R59: 4727.53
A60: 213329 | B60: 黑龙江省 | C60: 2015 | D60: 1.3. 进口量 | E60: 电力(亿千瓦小时) | F60: 117.71 | I60: 1.3. 进口量
A61: 213507 | B61: 山西省 | C61: 2015 | D61: 1.5. 本省(区、市)调出量(-) | E61: 电力(亿千瓦小时) | F61: -743.91 | I61: 1.5. 本省(区、市)调出量(-) | J61: -57.74 | K61: -14.59 | L61: -31.06 | M61: -32.96 | N61: -18.18 | O61: -138.5 | P61: -67.1 | R61: -360.13
A62: 229397 | B62: 陕西省 | C62: 2015 | D62: 1.5. 本省(区、市)调出量(-) | E62: 电力(亿千瓦小时) | F62: -401.37 | I62: 1.6. 出口量(-)
A63: 229497 | B63: 湖北省 | C63: 2015 | D63: 1.1. 一次能源生产量 | E63: 电力(亿千瓦小时) | F63: 1307.94 | I63: 黑龙江省 | J63: 65.36 | K63: 88.89 | L63: 112.74 | M63: 115.29 | N63: 108.24 | O63: 113.91 | P63: 195.79 | R63: 800.22
A64: 229498 | B64: 湖北省 | C64: 2015 | D64: 1.2. 外省(区、市)调入量 | E64: 电力(亿千瓦小时) | F64: 335.55 | I64: 1.1. 一次能源生产量 | J64: 91.34 | K64: 111.58 | L64: 138.5 | M64: 170.67 | N64: 200.1 | O64: 216.08 | P64: 251.88 | R64: 1180.15
A65: 229499 | B65: 湖北省 | C65: 2015 | D65: 1.3. 进口量 | E65: 电力(亿千瓦小时) | I65: 1.2. 外省(区、市)调入量 | J65: 0.48 | K65: 69.8 | L65: 73.95 | M65: 74.19 | N65: 116.6 | P65: 104.93 | R65: 439.95
A66: 229677 | B66: 上海市 | C66: 2015 | D66: 1.5. 本省(区、市)调出量(-) | E66: 电力(亿千瓦小时) | F66: -62.94 | I66: 1.3. 进口量 | J66: 117.71 | K66: 32.85 | L66: 32.83 | M66: 30.77 | P66: 39.32 | R66: 253.48
A67: 245567 | B67: 四川省 | C67: 2015 | D67: 1.5. 本省(区、市)调出量(-) | E67: 电力(亿千瓦小时) | F67: -1266.65 | I67: 1.5. 本省(区、市)调出量(-) | J67: -139.78 | K67: -125.34 | L67: -132.54 | M67: -160.34 | N67: -208.46 | O67: -102.17 | P67: -200.34 | R67: -1068.97
A68: 245667 | B68: 湖南省 | C68: 2015 | D68: 1.1. 一次能源生产量 | E68: 电力(亿千瓦小时) | F68: 615.45 | I68: 1.6. 出口量(-) | J68: -4.39 | R68: -4.39
A69: 245668 | B69: 湖南省 | C69: 2015 | D69: 1.2. 外省(区、市)调入量 | E69: 电力(亿千瓦小时) | F69: 293.7 | I69: 湖北省 | J69: 868.46 | K69: 954.8792 | L69: 1000.28 | M69: 927.79 | N69: 853.37 | O69: 961.98 | P69: 995.53 | R69: 6562.2892
A70: 245669 | B70: 湖南省 | C70: 2015 | D70: 1.3. 进口量 | E70: 电力(亿千瓦小时) | I70: 1.1. 一次能源生产量 | J70: 1307.94 | K70: 1462.5 | L70: 1563.11 | M70: 1591.43 | N70: 1487.56 | O70: 1793.61 | P70: 1816.37 | R70: 11022.52
A71: 245847 | B71: 天津市 | C71: 2015 | D71: 1.5. 本省(区、市)调出量(-) | E71: 电力(亿千瓦小时) | F71: -0.88 | I71: 1.2. 外省(区、市)调入量 | J71: 335.55 | K71: 307.79 | L71: 304.67 | M71: 203.7 | N71: 205.4 | O71: 142.56 | P71: 123.02 | R71: 1622.69
A72: 261737 | B72: 新疆维吾尔自治区 | C72: 2015 | D72: 1.5. 本省(区、市)调出量(-) | E72: 电力(亿千瓦小时) | F72: -287.83 | I72: 1.3. 进口量
A73: 261837 | B73: 吉林省 | C73: 2015 | D73: 1.1. 一次能源生产量 | E73: 电力(亿千瓦小时) | F73: 114.63 | I73: 1.5. 本省(区、市)调出量(-) | J73: -775.03 | K73: -815.4108 | L73: -867.5 | M73: -867.34 | N73: -839.59 | O73: -974.19 | P73: -943.86 | R73: -6082.9208
A74: 261838 | B74: 吉林省 | C74: 2015 | D74: 1.2. 外省(区、市)调入量 | E74: 电力(亿千瓦小时) | F74: 147.73 | I74: 1.6. 出口量(-)
A75: 261839 | B75: 吉林省 | C75: 2015 | D75: 1.3. 进口量 | E75: 电力(亿千瓦小时) | I75: 湖南省 | J75: 822.03 | K75: 859.68336 | L75: 794.99 | M75: 821.85 | N75: 949.73 | O75: 1077.41 | P75: 1137.85 | R75: 6463.5434
A76: 262017 | B76: 云南省 | C76: 2015 | D76: 1.5. 本省(区、市)调出量(-) | E76: 电力(亿千瓦小时) | F76: -1109.17 | I76: 1.1. 一次能源生产量 | J76: 615.45 | K76: 661.78 | L76: 648.15 | M76: 616.6 | N76: 644.82 | O76: 702.56 | P76: 725.16 | R76: 4614.52
A77: 277907 | B77: 浙江省 | C77: 2015 | D77: 1.5. 本省(区、市)调出量(-) | E77: 电力(亿千瓦小时) | F77: -88.12 | I77: 1.2. 外省(区、市)调入量 | J77: 293.7 | K77: 290.43336 | L77: 223.52 | M77: 278.53 | N77: 399.59 | O77: 374.85 | P77: 530.93 | R77: 2391.5534
A78: 278007 | B78: 江苏省 | C78: 2015 | D78: 1.1. 一次能源生产量 | E78: 电力(亿千瓦小时) | F78: 265.32 | I78: 1.3. 进口量
A79: 278008 | B79: 江苏省 | C79: 2015 | D79: 1.2. 外省(区、市)调入量 | E79: 电力(亿千瓦小时) | F79: 805.84 | I79: 1.5. 本省(区、市)调出量(-) | J79: -87.12 | K79: -92.53 | L79: -76.68 | M79: -73.28 | N79: -94.68 | P79: -118.24 | R79: -542.53
A80: 278009 | B80: 江苏省 | C80: 2015 | D80: 1.3. 进口量 | E80: 电力(亿千瓦小时) | I80: 1.6. 出口量(-)
A81: 278187 | B81: 重庆市 | C81: 2015 | D81: 1.5. 本省(区、市)调出量(-) | E81: 电力(亿千瓦小时) | F81: -29.03 | I81: 吉林省 | J81: 62.12 | K81: 92.63 | L81: 60.12 | M81: 86.98 | N81: 75.32 | O81: 55.19 | P81: 112.49 | R81: 544.85
A82: 294077 | B82: 安徽省 | C82: 2015 | D82: 1.6. 出口量(-) | E82: 电力(亿千瓦小时) | I82: 1.1. 一次能源生产量 | J82: 114.63 | K82: 168 | L82: 157.48 | M82: 207.8 | N82: 221.14 | O82: 268.62 | P82: 295.06 | R82: 1432.73
A83: 294177 | B83: 江西省 | C83: 2015 | D83: 1.1. 一次能源生产量 | E83: 电力(亿千瓦小时) | F83: 201.58 | I83: 1.2. 外省(区、市)调入量 | J83: 147.73 | K83: 129.13 | L83: 121.93 | M83: 159.21 | N83: 161.01 | O83: 140.51 | P83: 127 | R83: 986.52
A84: 294178 | B84: 江西省 | C84: 2015 | D84: 1.2. 外省(区、市)调入量 | E84: 电力(亿千瓦小时) | F84: 105.2 | I84: 1.3. 进口量
A85: 294179 | B85: 江西省 | C85: 2015 | D85: 1.3. 进口量 | E85: 电力(亿千瓦小时) | I85: 1.5. 本省(区、市)调出量(-) | J85: -200.24 | K85: -204.5 | L85: -219.29 | M85: -280.03 | N85: -306.83 | O85: -353.94 | P85: -309.57 | R85: -1874.4
A86: 294357 | B86: 北京市 | C86: 2015 | D86: 1.6. 出口量(-) | E86: 电力(亿千瓦小时) | I86: 1.6. 出口量(-)
A87: 310247 | B87: 福建省 | C87: 2015 | D87: 1.6. 出口量(-) | E87: 电力(亿千瓦小时) | I87: 江苏省 | J87: 954.07 | K87: 1055.93 | L87: 1296.79 | M87: 1596.54 | N87: 1795.55 | O87: 1939.79 | P87: 2259.85 | R87: 10898.52
A88: 310347 | B88: 辽宁省 | C88: 2015 | D88: 1.1. 一次能源生产量 | E88: 电力(亿千瓦小时) | F88: 290.16 | I88: 1.1. 一次能源生产量 | J88: 265.32 | K88: 306.35 | L88: 403.64 | M88: 567.73 | N88: 697.65 | O88: 783.62 | P88: 1127.58 | R88: 4151.89
A89: 310348 | B89: 辽宁省 | C89: 2015 | D89: 1.2. 外省(区、市)调入量 | E89: 电力(亿千瓦小时) | F89: 576.27 | I89: 1.2. 外省(区、市)调入量 | J89: 805.84 | K89: 877.41 | L89: 1023.9 | M89: 1170.5 | N89: 1274.09 | O89: 1297.73 | P89: 1322.46 | R89: 7771.93
A90: 310349 | B90: 辽宁省 | C90: 2015 | D90: 1.3. 进口量 | E90: 电力(亿千瓦小时) | I90: 1.3. 进口量
A91: 310527 | B91: 甘肃省 | C91: 2015 | D91: 1.6. 出口量(-) | E91: 电力(亿千瓦小时) | I91: 1.5. 本省(区、市)调出量(-) | J91: -117.09 | K91: -127.83 | L91: -130.75 | M91: -141.69 | N91: -176.19 | O91: -141.56 | P91: -190.19 | R91: -1025.3
A92: 326517 | B92: 内蒙古自治区 | C92: 2015 | D92: 1.1. 一次能源生产量 | E92: 电力(亿千瓦小时) | F92: 501.27 | I92: 1.6. 出口量(-)
A93: 326518 | B93: 内蒙古自治区 | C93: 2015 | D93: 1.2. 外省(区、市)调入量 | E93: 电力(亿千瓦小时) | F93: 15.72 | I93: 江西省 | J93: 306.78 | K93: 325.5 | L93: 354.56 | M93: 355.37 | N93: 434.74 | O93: 459.44 | P93: 618.7 | R93: 2855.09
A94: 326519 | B94: 内蒙古自治区 | C94: 2015 | D94: 1.3. 进口量 | E94: 电力(亿千瓦小时) | I94: 1.1. 一次能源生产量 | J94: 201.58 | K94: 228.4 | L94: 218.41 | M94: 204.9 | N94: 274.94 | O94: 277.32 | P94: 319.45 | R94: 1725
A95: 326521 | B95: 广东省 | C95: 2015 | D95: 1.6. 出口量(-) | E95: 电力(亿千瓦小时) | F95: -162.09 | I95: 1.2. 外省(区、市)调入量 | J95: 105.2 | K95: 97.1 | L95: 136.15 | M95: 150.47 | N95: 159.8 | O95: 182.12 | P95: 299.25 | R95: 1130.09
A96: 326697 | B96: 广西壮族自治区 | C96: 2015 | D96: 1.6. 出口量(-) | E96: 电力(亿千瓦小时) | I96: 1.3. 进口量
A97: 342587 | B97: 贵州省 | C97: 2015 | D97: 1.6. 出口量(-) | E97: 电力(亿千瓦小时) | I97: 1.5. 本省(区、市)调出量(-)
A98: 342687 | B98: 宁夏回族自治区 | C98: 2015 | D98: 1.1. 一次能源生产量 | E98: 电力(亿千瓦小时) | F98: 136.8 | I98: 1.6. 出口量(-)
A99: 342688 | B99: 宁夏回族自治区 | C99: 2015 | D99: 1.2. 外省(区、市)调入量 | E99: 电力(亿千瓦小时) | F99: 46.66 | I99: 辽宁省 | J99: 655.76 | K99: 683.55 | L99: 764.45 | M99: 909.27 | N99: 1006.16 | O99: 1013.26 | P99: 1176.95 | R99: 6209.4
A100: 342689 | B100: 宁夏回族自治区 | C100: 2015 | D100: 1.3. 进口量 | E100: 电力(亿千瓦小时) | I100: 1.1. 一次能源生产量 | J100: 290.16 | K100: 379.2 | L100: 420.36 | M100: 534.78 | N100: 596.2 | O100: 628.42 | P100: 760.8 | R100: 3609.92
...

Sheet pre145 21-30 targets
B1: Expected 2021-2030 Provincial Renewabe Consumption Target | N1: Expected 2021-2030 Provincial non-Hydro Renewabe Consumption Target
B2: 2021-2030年各省（区、市）可再生能源电力总量消纳责任权重预期目标建议 | N2: 2021-2030年各省（区、市）可再生能源电力非水消纳责任权重预期目标建议
A3: Hydo % | B3: 年度 | C3: 2021 | D3: 2022 | E3: 2023 | F3: 2024 | G3: 2025 | H3: 2026 | I3: 2027 | J3: 2028 | K3: 2029 | L3: 2030 | N3: 年度 | O3: 2021 | P3: 2022 | Q3: 2023 | R3: 2024 | S3: 2025 | T3: 2026 | U3: 2027 | V3: 2028 | W3: 2029 | X3: 2030
A4: =C4-O4 -> 0.16 | B4: 全国 | C4: 0.287 | D4: 0.299 | E4: 0.311 | F4: 0.324 | G4: 0.336 | H4: 0.349 | I4: 0.361 | J4: 0.374 | K4: 0.386 | L4: 0.4 | N4: 全国 | O4: 0.127 | P4: 0.142 | Q4: 0.156 | R4: 0.171 | S4: 0.186 | T4: 0.2 | U4: 0.215 | V4: 0.23 | W4: 0.244 | X4: 0.259
A5: =C5-O5 -> 0.005 | B5: 北京 | C5: 0.18 | D5: 0.204 | E5: 0.229 | F5: 0.253 | G5: 0.278 | H5: 0.302 | I5: 0.327 | J5: 0.351 | K5: 0.376 | L5: 0.4 | N5: 北京 | O5: 0.175 | P5: 0.19 | Q5: 0.204 | R5: 0.219 | S5: 0.234 | T5: 0.248 | U5: 0.263 | V5: 0.278 | W5: 0.292 | X5: 0.307
A6: =C6-O6 -> 0.01 | B6: 天津 | C6: 0.18 | D6: 0.204 | E6: 0.229 | F6: 0.253 | G6: 0.278 | H6: 0.302 | I6: 0.327 | J6: 0.351 | K6: 0.376 | L6: 0.4 | N6: 天津 | O6: 0.17 | P6: 0.185 | Q6: 0.199 | R6: 0.214 | S6: 0.229 | T6: 0.243 | U6: 0.258 | V6: 0.273 | W6: 0.287 | X6: 0.302
A7: =C7-O7 -> 0.005 | B7: 河北 | C7: 0.165 | D7: 0.191 | E7: 0.217 | F7: 0.243 | G7: 0.269 | H7: 0.296 | I7: 0.322 | J7: 0.348 | K7: 0.374 | L7: 0.4 | N7: 河北 | O7: 0.16 | P7: 0.175 | Q7: 0.189 | R7: 0.204 | S7: 0.219 | T7: 0.233 | U7: 0.248 | V7: 0.263 | W7: 0.277 | X7: 0.292
A8: =C8-O8 -> 0.005 | B8: 山西 | C8: 0.205 | D8: 0.227 | E8: 0.248 | F8: 0.27 | G8: 0.292 | H8: 0.313 | I8: 0.335 | J8: 0.357 | K8: 0.378 | L8: 0.4 | N8: 山西 | O8: 0.2 | P8: 0.215 | Q8: 0.229 | R8: 0.244 | S8: 0.259 | T8: 0.273 | U8: 0.288 | V8: 0.303 | W8: 0.317 | X8: 0.332
A9: =C9-O9 -> 0.005 | B9: 山东 | C9: 0.13 | D9: 0.16 | E9: 0.19 | F9: 0.22 | G9: 0.25 | H9: 0.28 | I9: 0.31 | J9: 0.34 | K9: 0.37 | L9: 0.4 | N9: 山东 | O9: 0.125 | P9: 0.14 | Q9: 0.154 | R9: 0.169 | S9: 0.184 | T9: 0.198 | U9: 0.213 | V9: 0.228 | W9: 0.242 | X9: 0.257
A10: =C10-O10 -> 0.005 | B10: 内蒙古 | C10: 0.21 | D10: 0.231 | E10: 0.252 | F10: 0.273 | G10: 0.294 | H10: 0.316 | I10: 0.337 | J10: 0.358 | K10: 0.379 | L10: 0.4 | N10: 内蒙古 | O10: 0.205 | P10: 0.22 | Q10: 0.234 | R10: 0.249 | S10: 0.264 | T10: 0.278 | U10: 0.293 | V10: 0.308 | W10: 0.322 | X10: 0.337
A11: =C11-O11 -> 0.02 | B11: 辽宁 | C11: 0.155 | D11: 0.182 | E11: 0.209 | F11: 0.237 | G11: 0.264 | H11: 0.291 | I11: 0.318 | J11: 0.346 | K11: 0.373 | L11: 0.4 | N11: 辽宁 | O11: 0.135 | P11: 0.15 | Q11: 0.164 | R11: 0.179 | S11: 0.194 | T11: 0.208 | U11: 0.223 | V11: 0.238 | W11: 0.252 | X11: 0.267
A12: =C12-O12 -> 0.07 | B12: 吉林 | C12: 0.28 | D12: 0.293 | E12: 0.307 | F12: 0.32 | G12: 0.333 | H12: 0.347 | I12: 0.36 | J12: 0.373 | K12: 0.387 | L12: 0.4 | N12: 吉林 | O12: 0.21 | P12: 0.225 | Q12: 0.239 | R12: 0.254 | S12: 0.269 | T12: 0.283 | U12: 0.298 | V12: 0.313 | W12: 0.327 | X12: 0.342
A13: =C13-O13 -> 0.015 | B13: 黑龙江 | C13: 0.225 | D13: 0.244 | E13: 0.264 | F13: 0.283 | G13: 0.303 | H13: 0.322 | I13: 0.342 | J13: 0.361 | K13: 0.381 | L13: 0.4 | N13: 黑龙江 | O13: 0.21 | P13: 0.225 | Q13: 0.239 | R13: 0.254 | S13: 0.269 | T13: 0.283 | U13: 0.298 | V13: 0.313 | W13: 0.327 | X13: 0.342
A14: =C14-O14 -> 0.285 | B14: 上海 | C14: 0.33 | D14: 0.338 | E14: 0.346 | F14: 0.353 | G14: 0.361 | H14: 0.369 | I14: 0.377 | J14: 0.384 | K14: 0.392 | L14: 0.4 | N14: 上海 | O14: 0.045 | P14: 0.06 | Q14: 0.074 | R14: 0.089 | S14: 0.104 | T14: 0.118 | U14: 0.133 | V14: 0.148 | W14: 0.162 | X14: 0.177
A15: =C15-O15 -> 0.075 | B15: 江苏 | C15: 0.185 | D15: 0.209 | E15: 0.233 | F15: 0.257 | G15: 0.281 | H15: 0.304 | I15: 0.328 | J15: 0.352 | K15: 0.376 | L15: 0.4 | N15: 江苏 | O15: 0.11 | P15: 0.125 | Q15: 0.139 | R15: 0.154 | S15: 0.169 | T15: 0.183 | U15: 0.198 | V15: 0.213 | W15: 0.227 | X15: 0.242
... A20: =C20-O20 -> 0.06 | B20: 河南 | C20: 0.26 | D20: 0.276 | E20: 0.291 | F20: 0.307 | G20: 0.322 | H20: 0.338 | I20: 0.353 | J20: 0.369 | K20: 0.384 | L20: 0.4 | N20: 河南 | O20: 0.2 | P20: 0.215 | Q20: 0.229 | R20: 0.244 | S20: 0.259 | T20: 0.273 | U20: 0.288 | V20: 0.303 | W20: 0.317 | X20: 0.332
A21: =C21-O21 -> 0.305 | B21: 河北 | C21: 0.405 | D21: =C21 -> 0.405 | E21: =D21 -> 0.405 | F21: =E21 -> 0.405 | G21: =F21 -> 0.405 | H21: =G21 -> 0.405 | I21: =H21 -> 0.405 | J21: =I21 -> 0.405 | K21: =J21 -> 0.405 | L21: =K21 -> 0.405 | N21: 河北 | O21: 0.1 | P21: 0.115 | Q21: 0.129 | R21: 0.144 | S21: 0.159 | T21: 0.173 | U21: 0.188 | V21: 0.203 | W21: 0.217 | X21: 0.232
A22: =C22-O22 -> 0.325 | B22: 湖南 | C22: 0.47 | D22: =C22 -> 0.47 | E22: =D22 -> 0.47 | F22: =E22 -> 0.47 | G22: =F22 -> 0.47 | H22: =G22 -> 0.47 | I22: =H22 -> 0.47 | J22: =I22 -> 0.47 | K22: =J22 -> 0.47 | L22: =K22 -> 0.47 | N22: 湖南 | O22: 0.145 | P22: 0.16 | Q22: 0.174 | R22: 0.189 | S22: 0.204 | T22: 0.218 | U22: 0.233 | V22: 0.248 | W22: 0.262 | X22: 0.277
A23: =C23-O23 -> 0.445 | B23: 重庆 | C23: 0.485 | D23: =C23 -> 0.485 | E23: =D23 -> 0.485 | F23: =E23 -> 0.485 | G23: =F23 -> 0.485 | H23: =G23 -> 0.485 | I23: =H23 -> 0.485 | J23: =I23 -> 0.485 | K23: =J23 -> 0.485 | L23: =K23 -> 0.485 | N23: 重庆 | O23: 0.04 | P23: 0.055 | Q23: 0.069 | R23: 0.084 | S23: 0.099 | T23: 0.113 | U23: 0.128 | V23: 0.143 | W23: 0.157 | X23: 0.172
A24: =C24-O24 -> 0.73 | B24: 四川 | C24: 0.79 | D24: =C24 -> 0.79 | E24: =D24 -> 0.79 | F24: =E24 -> 0.79 | G24: =F24 -> 0.79 | H24: =G24 -> 0.79 | I24: =H24 -> 0.79 | J24: =I24 -> 0.79 | K24: =J24 -> 0.79 | L24: =K24 -> 0.79 | N24: 四川 | O24: 0.06 | P24: 0.075 | Q24: 0.089 | R24: 0.104 | S24: 0.119 | T24: 0.133 | U24: 0.148 | V24: 0.163 | W24: 0.177 | X24: 0.192
A25: =C25-O25 -> 0.11 | B25: 陕西 | C25: 0.26 | D25: 0.276 | E25: 0.291 | F25: 0.307 | G25: 0.322 | H25: 0.338 | I25: 0.353 | J25: 0.369 | K25: 0.384 | L25: 0.4 | N25: 陕西 | O25: 0.15 | P25: 0.165 | Q25: 0.179 | R25: 0.194 | S25: 0.209 | T25: 0.223 | U25: 0.238 | V25: 0.253 | W25: 0.267 | X25: 0.282
A26: =C26-O26 -> 0.295 | B26: 甘肃 | C26: 0.495 | D26: =C26 -> 0.495 | E26: =D26 -> 0.495 | F26: =E26 -> 0.495 | G26: =F26 -> 0.495 | H26: =G26 -> 0.495 | I26: =H26 -> 0.495 | J26: =I26 -> 0.495 | K26: =J26 -> 0.495 | L26: =K26 -> 0.495 | N26: 甘肃 | O26: 0.2 | P26: 0.215 | Q26: 0.229 | R26: 0.244 | S26: 0.259 | T26: 0.273 | U26: 0.288 | V26: 0.303 | W26: 0.317 | X26: 0.332
A27: =C27-O27 -> 0.44 | B27: 青海 | C27: 0.7 | D27: =C27 -> 0.7 | E27: =D27 -> 0.7 | F27: =E27 -> 0.7 | G27: =F27 -> 0.7 | H27: =G27 -> 0.7 | I27: =H27 -> 0.7 | J27: =I27 -> 0.7 | K27: =J27 -> 0.7 | L27: =K27 -> 0.7 | N27: 青海 | O27: 0.26 | P27: 0.275 | Q27: 0.289 | R27: 0.304 | S27: 0.319 | T27: 0.333 | U27: 0.348 | V27: 0.363 | W27: 0.377 | X27: 0.392
A28: =C28-O28 -> 0.045 | B28: 宁夏 | C28: 0.265 | D28: 0.28 | E28: 0.295 | F28: 0.31 | G28: 0.325 | H28: 0.34 | I28: 0.355 | J28: 0.37 | K28: 0.385 | L28: 0.4 | N28: 宁夏 | O28: 0.22 | P28: 0.235 | Q28: 0.249 | R28: 0.264 | S28: 0.279 | T28: 0.293 | U28: 0.308 | V28: 0.323 | W28: 0.337 | X28: 0.352
A29: =C29-O29 -> 0.09 | B29: 新疆 | C29: 0.23 | D29: 0.249 | E29: 0.268 | F29: 0.287 | G29: 0.306 | H29: 0.324 | I29: 0.343 | J29: 0.362 | K29: 0.381 | L29: 0.4 | N29: 新疆 | O29: 0.14 | P29: 0.155 | Q29: 0.169 | R29: 0.184 | S29: 0.199 | T29: 0.213 | U29: 0.228 | V29: 0.243 | W29: 0.257 | X29: 0.272
A30: =C30-O30 -> 0.245 | B30: 广东 | C30: 0.3 | D30: 0.311 | E30: 0.322 | F30: 0.333 | G30: 0.344 | H30: 0.356 | I30: 0.367 | J30: 0.378 | K30: 0.389 | L30: 0.4 | N30: 广东 | O30: 0.055 | P30: 0.07 | Q30: 0.084 | R30: 0.099 | S30: 0.114 | T30: 0.128 | U30: 0.143 | V30: 0.158 | W30: 0.172 | X30: 0.187
A31: =C31-O31 -> 0.335 | B31: 广西 | C31: 0.435 | D31: =C31 -> 0.435 | E31: =D31 -> 0.435 | F31: =E31 -> 0.435 | G31: =F31 -> 0.435 | H31: =G31 -> 0.435 | I31: =H31 -> 0.435 | J31: =I31 -> 0.435 | K31: =J31 -> 0.435 | L31: =K31 -> 0.435 | N31: 广西 | O31: 0.1 | P31: 0.115 | Q31: 0.129 | R31: 0.144 | S31: 0.159 | T31: 0.173 | U31: 0.188 | V31: 0.203 | W31: 0.217 | X31: 0.232
A32: =C32-O32 -> 0.08 | B32: 海南 | C32: 0.16 | D32: 0.187 | E32: 0.213 | F32: 0.24 | G32: 0.267 | H32: 0.293 | I32: 0.32 | J32: 0.347 | K32: 0.373 | L32: 0.4 | N32: 海南 | O32: 0.08 | P32: 0.095 | Q32: 0.109 | R32: 0.124 | S32: 0.139 | T32: 0.153 | U32: 0.168 | V32: 0.183 | W32: 0.197 | X32: 0.212
A33: =C33-O33 -> 0.285 | B33: 贵州 | C33: 0.38 | D33: 0.382 | E33: 0.384 | F33: 0.387 | G33: 0.389 | H33: 0.391 | I33: 0.393 | J33: 0.396 | K33: 0.398 | L33: 0.4 | N33: 贵州 | O33: 0.095 | P33: 0.11 | Q33: 0.124 | R33: 0.139 | S33: 0.154 | T33: 0.168 | U33: 0.183 | V33: 0.198 | W33: 0.212 | X33: 0.227
A34: =C34-O34 -> 0.6 | B34: 云南 | C34: 0.75 | D34: =C34 -> 0.75 | E34: =D34 -> 0.75 | F34: =E34 -> 0.75 | G34: =F34 -> 0.75 | H34: =G34 -> 0.75 | I34: =H34 -> 0.75 | J34: =I34 -> 0.75 | K34: =J34 -> 0.75 | L34: =K34 -> 0.75 | N34: 云南 | O34: 0.15 | P34: 0.165 | Q34: 0.179 | R34: 0.194 | S34: 0.209 | T34: 0.223 | U34: 0.238 | V34: 0.253 | W34: 0.267 | X34: 0.282
C36: * Values highlighed in Red and filled with started year values to avoild calculation errors.

Sheet annual consumption target
A1: 省（区、市） | B1: Minimum Renewable Consumption Ratio | I1: Minimum non-Hydro Renewable Consumption Ratio | P1: Encouraged Renewable Consumption Ratio | T1: Encouraged non-Hydro Renewable Consumption Ratio
B2: 可再生能源最低消纳权重 | I2: 非水可再生能源最低消纳权重 | P2: 可再生能源激励性消纳权重 | T2: 非水可再生能源激励性消纳权重
B3: 2018 | C3: 2019 | D3: 2020 | E3: 2021 | F3: 2022 | G3: 2023 | H3: 2024 | I3: 2018 | J3: 2019 | K3: 2020 | L3: 2021 | M3: 2022 | N3: 2023 | O3: 2024 | P3: 2018 | Q3: 2019 | R3: 2020 | S3: 2021 | T3: 2018 | U3: 2019 | V3: 2020 | W3: 2021
A4: 北京 | B4: 0.11 | C4: 0.135 | D4: 0.155 | E4: 0.18 | F4: 0.1944 | G4: 0.201 | H4: 0.217 | I4: 0.105 | J4: 0.135 | K4: 0.15 | L4: 0.175 | M4: 0.1875 | N4: 0.2 | O4: 0.217 | P4: 0.121 | Q4: 0.149 | R4: 0.169 | S4: 0.198 | T4: 0.116 | U4: 0.149 | V4: 0.165 | W4: 0.193
A5: 天津 | B5: 0.11 | C5: 0.135 | D5: 0.145 | E5: 0.17 | F5: 0.1842 | G5: 0.195 | H5: 0.205 | I5: 0.105 | J5: 0.135 | K5: 0.14 | L5: 0.16 | M5: 0.1725 | N5: 0.187 | O5: 0.204 | P5: 0.121 | Q5: 0.149 | R5: 0.159 | S5: 0.187 | T5: 0.116 | U5: 0.149 | V5: 0.154 | W5: 0.176
A6: 河北 | B6: 0.11 | C6: 0.135 | D6: 0.13 | E6: 0.165 | F6: 0.1793 | G6: 0.191 | H6: 0.207 | I6: 0.105 | J6: 0.135 | K6: 0.125 | L6: 0.16 | M6: 0.1725 | N6: 0.19 | O6: 0.207 | P6: 0.121 | Q6: 0.149 | R6: 0.144 | S6: 0.182 | T6: 0.116 | U6: 0.149 | V6: 0.138 | W6: 0.176
A7: 山西 | B7: 0.15 | C7: 0.155 | D7: 0.17 | E7: 0.2 | F7: 0.2141 | G7: 0.225 | H7: 0.235 | I7: 0.125 | J7: 0.135 | K7: 0.16 | L7: 0.19 | M7: 0.2025 | N7: 0.215 | O7: 0.232 | P7: 0.165 | Q7: 0.171 | R7: 0.188 | S7: 0.22 | T7: 0.138 | U7: 0.149 | V7: 0.176 | W7: 0.209
A8: 内蒙古 | B8: 0.185 | C8: 0.185 | D8: 0.18 | E8: 0.205 | F8: 0.2187 | G8: 0.23 | H8: 0.24 | I8: 0.18 | J8: 0.18 | K8: 0.165 | L8: 0.195 | M8: 0.2075 | N8: 0.22 | O8: 0.237 | P8: 0.204 | Q8: 0.204 | R8: 0.197 | S8: 0.226 | T8: 0.198 | U8: 0.198 | V8: 0.182 | W8: 0.215
A9: 辽宁 | B9: 0.12 | C9: 0.12 | D9: 0.15 | E9: 0.155 | F9: 0.169 | G9: 0.192 | H9: 0.202 | I9: 0.1 | J9: 0.1 | K9: 0.125 | L9: 0.135 | M9: 0.1475 | N9: 0.16 | O9: 0.177 | P9: 0.132 | Q9: 0.132 | R9: 0.166 | S9: 0.171 | T9: 0.11 | U9: 0.11 | V9: 0.138 | W9: 0.149
A10: 吉林 | B10: 0.2 | C10: 0.215 | D10: 0.24 | E10: 0.28 | F10: 0.2929 | G10: 0.313 | H10: 0.323 | I10: 0.15 | J10: 0.155 | K10: 0.185 | L10: 0.21 | M10: 0.2225 | N10: 0.235 | O10: 0.252 | P10: 0.22 | Q10: 0.237 | R10: 0.266 | S10: 0.309 | T10: 0.165 | U10: 0.171 | V10: 0.204 | W10: 0.231
A11: 黑龙江 | B11: 0.195 | C11: 0.215 | D11: 0.22 | E11: 0.22 | F11: 0.234 | G11: 0.245 | H11: 0.255 | I11: 0.15 | J11: 0.175 | K11: 0.2 | L11: 0.2 | M11: 0.2125 | N11: 0.227 | O11: 0.244 | P11: 0.215 | Q11: 0.237 | R11: 0.244 | S11: 0.242 | T11: 0.165 | U11: 0.193 | V11: 0.22 | W11: 0.22
A12: 上海 | B12: 0.315 | C12: 0.32 | D12: 0.325 | E12: 0.315 | F12: 0.3245 | G12: 0.3 | H12: 0.31 | I12: 0.025 | J12: 0.03 | K12: 0.04 | L12: 0.04 | M12: 0.0525 | N12: 0.06 | O12: 0.077 | P12: 0.349 | Q12: 0.352 | R12: 0.363 | S12: 0.35 | T12: 0.028 | U12: 0.033 | V12: 0.044 | W12: 0.044
A13: 江苏 | B13: 0.125 | C13: 0.135 | D13: 0.14 | E13: 0.165 | F13: 0.1771 | G13: 0.209 | H13: 0.219 | I13: 0.055 | J13: 0.065 | K13: 0.075 | L13: 0.105 | M13: 0.1175 | N13: 0.13 | O13: 0.147 | P13: 0.137 | Q13: 0.149 | R13: 0.154 | S13: 0.182 | T13: 0.061 | U13: 0.072 | V13: 0.083 | W13: 0.116
A14: 浙江 | B14: 0.18 | C14: 0.175 | D14: 0.175 | E14: 0.185 | F14: 0.1946 | G14: 0.216 | H14: 0.226 | I14: 0.05 | J14: 0.065 | K14: 0.075 | L14: 0.085 | M14: 0.0975 | N14: 0.11 | O14: 0.127 | P14: 0.198 | Q14: 0.193 | R14: 0.196 | S14: 0.205 | T14: 0.055 | U14: 0.072 | V14: 0.083 | W14: 0.094
A15: 安徽 | B15: 0.13 | C15: 0.135 | D15: 0.15 | E15: 0.16 | F15: 0.1734 | G15: 0.196 | H15: 0.206 | I15: 0.095 | J15: 0.105 | K15: 0.125 | L15: 0.14 | M15: 0.1525 | N15: 0.165 | O15: 0.182 | P15: 0.143 | Q15: 0.149 | R15: 0.167 | S15: 0.176 | T15: 0.105 | U15: 0.116 | V15: 0.138 | W15: 0.154
... A28: 云南 | B28: 0.8 | C28: 0.8 | D28: 0.8 | E28: 0.75 | F28: 0.7 | G28: 0.7 | H28: 0.7 | I28: 0.115 | J28: 0.115 | K28: 0.15 | L28: 0.15 | M28: 0.1625 | N28: 0.17 | O28: 0.192 | P28: 0.88 | Q28: 0.88 | R28: 0.89 | S28: 0.83 | T28: 0.127 | U28: 0.127 | V28: 0.165 | W28: 0.165
A29: 西藏 | B29: 不考核 | C29: 不考核 | D29: 不考核 | E29: 不考核 | F29: 不考核 | G29: 不考核 | H29: 不考核 | I29: 不考核 | J29: 不考核 | K29: 不考核 | L29: 不考核 | M29: 不考核 | N29: 不考核 | O29: 不考核 | P29: 不考核 | Q29: 不考核 | R29: 不考核 | S29: 不考核 | T29: 不考核 | U29: 不考核 | V29: 不考核 | W29: 不考核
A30: 陕西 | B30: 0.175 | C30: 0.185 | D30: 0.17 | E30: 0.25 | F30: 0.2589 | G30: 0.23 | H30: 0.26 | I30: 0.09 | J30: 0.105 | K30: 0.12 | L30: 0.15 | M30: 0.1625 | N30: 0.185 | O30: 0.202 | P30: 0.192 | Q30: 0.204 | R30: 0.188 | S30: 0.276 | T30: 0.099 | U30: 0.116 | V30: 0.132 | W30: 0.165
A31: 甘肃 | B31: 0.44 | C31: 0.44 | D31: 0.445 | E31: 0.495 | F31: 0.5 | G31: 0.5 | H31: 0.51 | I31: 0.145 | J31: 0.17 | K31: 0.165 | L31: 0.18 | M31: 0.1925 | N31: 0.215 | O31: 0.232 | P31: 0.484 | Q31: 0.484 | R31: 0.488 | S31: 0.548 | T31: 0.16 | U31: 0.187 | V31: 0.182 | W31: 0.198
A32: 青海 | B32: 0.7 | C32: 0.695 | D32: 0.635 | E32: 0.695 | F32: 0.7 | G32: 0.7 | H32: 0.7 | I32: 0.19 | J32: 0.23 | K32: 0.25 | L32: 0.245 | M32: 0.2575 | N32: 0.272 | O32: 0.289 | P32: 0.77 | Q32: 0.765 | R32: 0.707 | S32: 0.77 | T32: 0.209 | U32: 0.253 | V32: 0.275 | W32: 0.27
A33: 宁夏 | B33: 0.2 | C33: 0.2 | D33: 0.22 | E33: 0.24 | F33: 0.254 | G33: 0.265 | H33: 0.275 | I33: 0.18 | J33: 0.18 | K33: 0.2 | L33: 0.22 | M33: 0.2325 | N33: 0.245 | O33: 0.262 | P33: 0.222 | Q33: 0.22 | R33: 0.241 | S33: 0.264 | T33: 0.198 | U33: 0.198 | V33: 0.22 | W33: 0.242
A34: 新疆 | B34: 0.21 | C34: 0.21 | D34: 0.2 | E34: 0.22 | F34: 0.2288 | G34: 0.235 | H34: 未公布 | I34: 0.115 | J34: 0.12 | K34: 0.105 | L34: 0.125 | M34: 0.1375 | N34: 0.128 | O34: 未公布 | P34: 0.231 | Q34: 0.231 | R34: 0.221 | S34: 0.243 | T34: 0.127 | U34: 0.132 | V34: 0.116 | W34: 0.138

Sheet Provincial 145RPS
A1: 内蒙古自治区能源十四五规划

Sheet 14FYP workbook
A1: This sheet is used to calculate Shandong's RPS set for 14th FYP policy scenario, it does not influence calculation for BAU and not used for other provinces
A2: Data Sources:
A3: Inner Mongolia Policy | I3: Policy Targets
A4: Provincial Government and Energy Administration | I4: 展望 2030 年……新能源发电总量超过火电发电总量 “十四五”时期电力发展主要目标是： 化石能源占一次能源消费比重达到 20%左右，新能源装机比重超过 50%，新能源发电总量占总发电量比重超过 35 | P4: 2030
A5: 内蒙古自治区十四五电力发展规划 | P5: 0.5
A6: Inner Mongolia Electricity Development 14FYP | P6: 2025
A7: https://nyj.nmg.gov.cn/zwgk/zfxxgkzl/fdzdgknr/tzgg_16482/tz_16483/202203/P020220329568378960686.pdf | P7: 0.35
A11: Year | B11: 2020 | C11: 2021 | D11: 2022 | E11: 2023 | F11: 2024 | G11: 2025 | H11: 2026 | I11: 2027 | J11: 2028 | K11: 2029 | L11: 2030 | M11: 2031 | N11: 2032 | O11: 2033 | P11: 2034 | Q11: 2035 | R11: 2036 | S11: 2037 | T11: 2038 | U11: 2039 | V11: 2040 | W11: 2041 | X11: 2042 | Y11: 2043 | Z11: 2044 | AA11: 2045 | AB11: 2046 | AC11: 2047 | AD11: 2048 | AE11: 2049 | AF11: 2050 | AG11: 2051 | AH11: 2052 | AI11: 2053 | AJ11: 2054 | AK11: 2055 | AL11: 2056 | AM11: 2057 | AN11: 2058 | AO11: 2059 | AP11: 2060
A12: BAU RPS | B12: =BRPSPTY!B2 -> 0.3266088 | C12: =BRPSPTY!C2 -> 0.3266088 | D12: =BRPSPTY!D2 -> 0.3266088 | E12: =BRPSPTY!E2 -> 0.3266088 | F12: =BRPSPTY!F2 -> 0.3266088 | G12: =BRPSPTY!G2 -> 0.3266088 | H12: =BRPSPTY!H2 -> 0.3266088 | I12: =BRPSPTY!I2 -> 0.3266088 | ... AP12: =BRPSPTY!AP2 -> 0.3266088
A13: Policy RPS | B13: =B12 -> 0.3266088 | C13: =C12 -> 0.3266088 | D13: =D12 -> 0.3266088 | E13: =($G13-$G12)/3*(E11-$D11)+E12 -> 0.33440587 | F13: =($G13-$G12)/3*(F11-$D11)+F12 -> 0.34220293 | G13: =P7 -> 0.35 | H13: =($L13-$L12-$G13+$G12)/5*(H11-$G11)+H12+($G13-$G12) -> 0.38 | I13: =($L13-$L12-$G13+$G12)/5*(I11-$G11)+I12+($G13-$G12) -> 0.41 | J13: =($L13-$L12-$G13+$G12)/5*(J11-$G11)+J12+($G13-$G12) -> 0.44 | K13: =($L13-$L12-$G13+$G12)/5*(K11-$G11)+K12+($G13-$G12) -> 0.47 | L13: 0.5 | M13: =$L13-$L12+M12 -> 0.5 | N13: =$L13-$L12+N12 -> 0.5 | O13: =$L13-$L12+O12 -> 0.5 | P13: =$L13-$L12+P12 -> 0.5 | Q13: =$L13-$L12+Q12 -> 0.5 | R13: =$L13-$L12+R12 -> 0.5 | S13: =$L13-$L12+S12 -> 0.5 | T13: =$L13-$L12+T12 -> 0.5 | U13: =$Q13-$Q12+U12 -> 0.5 | V13: =$Q13-$Q12+V12 -> 0.5 | W13: =$Q13-$Q12+W12 -> 0.5 | X13: =$Q13-$Q12+X12 -> 0.5 | Y13: =$Q13-$Q12+Y12 -> 0.5 | Z13: =$Q13-$Q12+Z12 -> 0.5 | AA13: =$Q13-$Q12+AA12 -> 0.5 | AB13: =$Q13-$Q12+AB12 -> 0.5 | ... AP13: =$Q13-$Q12+AP12 -> 0.5
A14: FOPITY | B14: 0 | C14: 0 | D14: 0 | E14: =ROUND(E13/MAX(13:13),3) -> 0.669 | F14: =ROUND(F13/MAX(13:13),3) -> 0.684 | G14: =ROUND(G13/MAX(13:13),3) -> 0.7 | H14: =ROUND(H13/MAX(13:13),3) -> 0.76 | I14: =ROUND(I13/MAX(13:13),3) -> 0.82 | J14: =ROUND(J13/MAX(13:13),3) -> 0.88 | K14: =ROUND(K13/MAX(13:13),3) -> 0.94 | L14: =ROUND(L13/MAX(13:13),3) -> 1 | ... AP14: =ROUND(AP13/MAX(13:13),3) -> 1
A17: Time (Time) | B17: 2020 | C17: 2021 | D17: 2022 | E17: 2023 | F17: 2024 | G17: 2025 | H17: 2026 | I17: 2027 | J17: 2028 | K17: 2029 | L17: 2030 | M17: 2031 | N17: 2032 | O17: 2033 | P17: 2034 | Q17: 2035 | R17: 2036 | S17: 2037 | T17: 2038 | U17: 2039 | V17: 2040 | W17: 2041 | X17: 2042 | Y17: 2043 | Z17: 2044 | AA17: 2045 | AB17: 2046 | AC17: 2047 | AD17: 2048 | AE17: 2049 | AF17: 2050 | AG17: 2051 | AH17: 2052 | AI17: 2053 | AJ17: 2054 | AK17: 2055 | AL17: 2056 | AM17: 2057 | AN17: 2058 | AO17: 2059 | AP17: 2060
A18: Imported Electricity[hard coal es] : MostRecentRun | B18: 79300000 | C18: 81500000 | D18: 80100000 | E18: 89600000 | F18: 98800000 | G18: 108000000 | H18: 127000000 | I18: 145000000 | J18: 164000000 | K18: 182000000 | L18: 200000000 | M18: 205000000 | N18: 209000000 | O18: 213000000 | P18: 217000000 | Q18: 221000000 | R18: 224000000 | S18: 228000000 | T18: 231000000 | U18: 235000000 | V18: 235273000 | W18: 235545000 | X18: 235818000 | Y18: 236091000 | Z18: 236364000 | AA18: 236636000 | AB18: 236909000 | AC18: 237182000 | AD18: 237455000 | AE18: 237727000 | AF18: 238000000 | AG18: 241000000 | AH18: 244000000 | AI18: 248000000 | AJ18: 251000000 | AK18: 254000000 | AL18: 256000000 | AM18: 259000000 | AN18: 262000000 | AO18: 265000000 | AP18: 267000000
A19: Imported Electricity[natural gas nonpeaker es] : MostRecentRun | B19: 926000 | C19: 950000 | D19: 935000 | E19: 1050000 | F19: 1155000 | G19: 1260000 | H19: 1480000 | I19: 1690000 | J19: 1910000 | K19: 2120000 | L19: 2340000 | M19: 2390000 | N19: 2440000 | O19: 2490000 | P19: 2535000 | Q19: 2580000 | R19: 2620000 | S19: 2660000 | T19: 2700000 | U19: 2740000 | V19: 2743640 | W19: 2747270 | X19: 2750910 | Y19: 2754550 | Z19: 2758180 | AA19: 2761820 | AB19: 2765450 | AC19: 2769090 | AD19: 2772730 | AE19: 2776360 | AF19: 2780000 | AG19: 2820000 | AH19: 2850000 | AI19: 2890000 | AJ19: 2925000 | AK19: 2960000 | AL19: 2990000 | AM19: 3020000 | AN19: 3060000 | AO19: 3090000 | AP19: 3120000
A20: Imported Electricity[nuclear es] : MostRecentRun | B20: 0 | C20: 0 | D20: 0 | E20: 0 | F20: 0 | G20: 0 | H20: 0 | I20: 0 | J20: 0 | K20: 0 | L20: 0 | M20: 0 | N20: 0 | O20: 0 | P20: 0 | Q20: 0 | R20: 0 | S20: 0 | T20: 0 | U20: 0 | V20: 0 | W20: 0 | X20: 0 | Y20: 0 | Z20: 0 | AA20: 0 | AB20: 0 | AC20: 0 | AD20: 0 | AE20: 0 | AF20: 0 | AG20: 0 | AH20: 0 | AI20: 0 | AJ20: 0 | AK20: 0 | AL20: 0 | AM20: 0 | AN20: 0 | AO20: 0 | AP20: 0
A21: Imported Electricity[hydro es] : MostRecentRun | B21: 3260000 | C21: 3350000 | D21: 3300000 | E21: 3690000 | F21: 4070000 | G21: 4450000 | H21: 5210000 | I21: 5970000 | J21: 6730000 | K21: 7490000 | L21: 8250000 | M21: 8430000 | N21: 8600000 | O21: 8760000 | P21: 8920000 | Q21: 9080000 | R21: 9230000 | S21: 9380000 | T21: 9520000 | U21: 9660000 | V21: 9672730 | W21: 9685460 | X21: 9698180 | Y21: 9710910 | Z21: 9723640 | AA21: 9736360 | AB21: 9749090 | AC21: 9761820 | AD21: 9774550 | AE21: 9787270 | AF21: 9800000 | AG21: 9930000 | AH21: 10100000 | AI21: 10200000 | AJ21: 10300000 | AK21: 10400000 | AL21: 10500000 | AM21: 10700000 | AN21: 10800000 | AO21: 10900000 | AP21: 11000000
A22: Imported Electricity[onshore wind es] : MostRecentRun | B22: 19300000 | C22: 19800000 | D22: 19500000 | E22: 21800000 | F22: 24050000 | G22: 26300000 | H22: 30800000 | I22: 35300000 | J22: 39800000 | K22: 44300000 | L22: 48800000 | M22: 49900000 | N22: 50900000 | O22: 51900000 | P22: 52800000 | Q22: 53700000 | R22: 54600000 | S22: 55500000 | T22: 56300000 | U22: 57200000 | V22: 57272700 | W22: 57345500 | X22: 57418200 | Y22: 57490900 | Z22: 57563600 | AA22: 57636400 | AB22: 57709100 | AC22: 57781800 | AD22: 57854500 | AE22: 57927300 | AF22: 58000000 | AG22: 58700000 | AH22: 59500000 | AI22: 60300000 | AJ22: 61000000 | AK22: 61700000 | AL22: 62400000 | AM22: 63100000 | AN22: 63800000 | AO22: 64400000 | AP22: 65100000
A23: Imported Electricity[solar PV es] : MostRecentRun | B23: 10300000 | C23: 10600000 | D23: 10400000 | E23: 11700000 | F23: 12900000 | G23: 14100000 | H23: 16500000 | I23: 18900000 | J23: 21300000 | K23: 23700000 | L23: 26100000 | M23: 26700000 | N23: 27200000 | O23: 27700000 | P23: 28250000 | Q23: 28800000 | R23: 29200000 | S23: 29700000 | T23: 30100000 | U23: 30600000 | V23: 30636400 | W23: 30672700 | X23: 30709100 | Y23: 30745500 | Z23: 30781800 | AA23: 30818200 | AB23: 30854500 | AC23: 30890900 | AD23: 30927300 | AE23: 30963600 | AF23: 31000000 | AG23: 31400000 | AH23: 31800000 | AI23: 32200000 | AJ23: 32600000 | AK23: 33000000 | AL23: 33400000 | AM23: 33800000 | AN23: 34100000 | AO23: 34500000 | AP23: 34800000
A24: Imported Electricity[solar thermal es] : MostRecentRun | B24: 15 | C24: 16 | D24: 17 | E24: 18 | F24: 19 | G24: 20 | H24: 21 | I24: 22 | J24: 23 | K24: 24 | L24: 25 | M24: 26 | N24: 27 | O24: 28 | P24: 29 | Q24: 30 | R24: 31 | S24: 32 | T24: 33 | U24: 34 | V24: 34.0909 | W24: 34.1818 | X24: 34.2727 | Y24: 34.3636 | Z24: 34.4545 | AA24: 34.5455 | AB24: 34.6364 | AC24: 34.7273 | AD24: 34.8182 | AE24: 34.9091 | AF24: 35 | AG24: 36 | AH24: 37 | AI24: 38 | AJ24: 39 | AK24: 40 | AL24: 41 | AM24: 42 | AN24: 43 | AO24: 44 | AP24: 45
A25: Imported Electricity[biomass es] : MostRecentRun | B25: 3470000 | C25: 3560000 | D25: 3500000 | E25: 3920000 | F25: 4325000 | G25: 4730000 | H25: 5530000 | I25: 6340000 | J25: 7150000 | K25: 7960000 | L25: 8760000 | M25: 8960000 | N25: 9140000 | O25: 9310000 | P25: 9480000 | Q25: 9650000 | R25: 9810000 | S25: 9970000 | T25: 10100000 | U25: 10300000 | V25: 10309100 | W25: 10318200 | X25: 10327300 | Y25: 10336400 | Z25: 10345500 | AA25: 10354500 | AB25: 10363600 | AC25: 10372700 | AD25: 10381800 | AE25: 10390900 | AF25: 10400000 | AG25: 10600000 | AH25: 10700000 | AI25: 10800000 | AJ25: 10950000 | AK25: 11100000 | AL25: 11200000 | AM25: 11300000 | AN25: 11500000 | AO25: 11600000 | AP25: 11700000
A26: Imported Electricity[geothermal es] : MostRecentRun | B26: 15 | C26: 16 | D26: 17 | E26: 18 | F26: 19 | G26: 20 | H26: 21 | I26: 22 | J26: 23 | K26: 24 | L26: 25 | M26: 26 | N26: 27 | O26: 28 | P26: 29 | Q26: 30 | R26: 31 | S26: 32 | T26: 33 | U26: 34 | V26: 34.0909 | W26: 34.1818 | X26: 34.2727 | Y26: 34.3636 | Z26: 34.4545 | AA26: 34.5455 | AB26: 34.6364 | AC26: 34.7273 | AD26: 34.8182 | AE26: 34.9091 | AF26: 35 | AG26: 36 | AH26: 37 | AI26: 38 | AJ26: 39 | AK26: 40 | AL26: 41 | AM26: 42 | AN26: 43 | AO26: 44 | AP26: 45
A27: Imported Electricity[petroleum es] : MostRecentRun | B27: 0 | C27: 0 | D27: 0 | E27: 0 | F27: 0 | G27: 0 | H27: 0 | I27: 0 | J27: 0 | K27: 0 | L27: 0 | M27: 0 | N27: 0 | O27: 0 | P27: 0 | Q27: 0 | R27: 0 | S27: 0 | T27: 0 | U27: 0 | V27: 0 | W27: 0 | X27: 0 | Y27: 0 | Z27: 0 | AA27: 0 | AB27: 0 | AC27: 0 | AD27: 0 | AE27: 0 | AF27: 0 | AG27: 0 | AH27: 0 | AI27: 0 | AJ27: 0 | AK27: 0 | AL27: 0 | AM27: 0 | AN27: 0 | AO27: 0 | AP27: 0
A28: Imported Electricity[natural gas peaker es] : MostRecentRun | B28: 0 | C28: 0 | D28: 0 | E28: 0 | F28: 0 | G28: 0 | H28: 0 | I28: 0 | J28: 0 | K28: 0 | L28: 0 | M28: 0 | N28: 0 | O28: 0 | P28: 0 | Q28: 0 | R28: 0 | S28: 0 | T28: 0 | U28: 0 | V28: 0 | W28: 0 | X28: 0 | Y28: 0 | Z28: 0 | AA28: 0 | AB28: 0 | AC28: 0 | AD28: 0 | AE28: 0 | AF28: 0 | AG28: 0 | AH28: 0 | AI28: 0 | AJ28: 0 | AK28: 0 | AL28: 0 | AM28: 0 | AN28: 0 | AO28: 0 | AP28: 0
... A56: Elec Demand after Net Imports : MostRecentRun | B56: 551995000 | C56: 587959000 | D56: 643501000 | E56: 667828000 | F56: 695673000 | G56: 721143000 | H56: 731519000 | I56: 741133000 | J56: 748900000 | K56: 753179000 | L56: 751274000 | M56: 756315000 | N56: 762119000 | O56: 767101000 | P56: 773315000 | Q56: 781053000 | R56: 793598000 | S56: 804589000 | T56: 815082000 | U56: 825516000 | V56: 835452000 | W56: 845593000 | X56: 854328000 | Y56: 862652000 | Z56: 870243000 | AA56: 877366000 | AB56: 885514000 | AC56: 892460000 | AD56: 899465000 | AE56: 906119000 | AF56: 914648000 | AG56: 920246000 | AH56: 926518000 | AI56: 932761000 | AJ56: 939239000 | AK56: 944778000 | AL56: 949878000 | AM56: 954802000 | AN56: 959844000 | AO56: 964152000 | AP56: 968344000
A58: BAU Electricity Demand | B58: =SUM(B18:B33)-B34+B35 -> 667845030 | C58: =SUM(C18:C33)-C34+C35 -> 695848032 | D58: =SUM(D18:D33)-D34+D35 -> 735087034 | E58: =SUM(E18:E33)-E34+E35 -> 768097036 | F58: =SUM(F18:F33)-F34+F35 -> 798570538 | G58: =SUM(G18:G33)-G34+G35 -> 826671040 | H58: =SUM(H18:H33)-H34+H35 -> 853647042 | I58: =SUM(I18:I33)-I34+I35 -> 878068044 | ... AP58: =SUM(AP18:AP33)-AP34+AP35 -> 1355383090
A59: Policy Electricity Demand | B59: =SUM(B39:B54)-B55+B56 -> 667845030 | C59: =SUM(C39:C54)-C55+C56 -> 7.0902202e+08 | D59: =SUM(D39:D54)-D55+D56 -> 7.6240765e+08 | E59: =SUM(E39:E54)-E55+E56 -> 8.0674443e+08 | F59: =SUM(F39:F54)-F55+F56 -> 8.5290009e+08 | G59: =SUM(G39:G54)-G55+G56 -> 8.9727105e+08 | H59: =SUM(H39:H54)-H55+H56 -> 9.4337059e+08 | I59: =SUM(I39:I54)-I55+I56 -> 9.8930678e+08 | ... AP59: =SUM(AP39:AP54)-AP55+AP56 -> 1.3637709e+09
A61: BAU Import Electricty % | B61: =1-B35/B58 -> 0.17346843 | C61: =1-C35/C58 -> 0.17071692 | D61: =1-D35/D58 -> 0.15872275 | E61: =1-E35/E58 -> 0.17034181 | F61: =1-F35/F58 -> 0.18064095 | G61: =1-G35/G58 -> 0.19072888 | H61: =1-H35/H58 -> 0.21709212 | I61: =1-I35/I58 -> 0.24137087 | ... AP61: =1-AP35/AP58 -> 0.28709233
A62: Policy Required | B62: =B61 -> 0.17346843 | C62: =C61 -> 0.17071692 | D62: =D61 -> 0.15872275 | E62: =E61+($Q62-$Q61)/12*(E38-2022) -> 0.1720774 | F62: =F61+($Q62-$Q61)/12*(F38-2022) -> 0.18411213 | G62: =G61+($Q62-$Q61)/12*(G38-2022) -> 0.19593565 | H62: =H61+($Q62-$Q61)/12*(H38-2022) -> 0.22403448 | I62: =I61+($Q62-$Q61)/12*(I38-2022) -> 0.25004882 | J62: =J61+($Q62-$Q61)/12*(J38-2022) -> 0.27629031 | K62: =K61+($Q62-$Q61)/12*(K38-2022) -> 0.30061477 | L62: =L61+($Q62-$Q61)/12*(L38-2022) -> 0.3243474 | ... P62: =P61+($Q62-$Q61)/12*(P38-2022) -> 0.33251222 | Q62: 0.333 | R62: =$Q59*$Q62/R59 -> 0.32949216 | S62: =$Q59*$Q62/S59 -> 0.32648236 | T62: =$Q59*$Q62/T59 -> 0.32365802 | U62: =$Q59*$Q62/U59 -> 0.32090048 | V62: =$Q59*$Q62/V59 -> 0.31830857 | W62: =$Q59*$Q62/W59 -> 0.31570604 | X62: =$Q59*$Q62/X59 -> 0.313498 | Y62: =$Q59*$Q62/Y59 -> 0.31142235 | ... AP62: =$Q59*$Q62/AP59 -> 0.2873544
A64: Increased Electricity Demand | B64: =(B62*B59)/(B61*B58)-1 -> 0 | C64: =(C62*C59)/(C61*C58)-1 -> 0.018932277 | D64: =(D62*D59)/(D61*D58)-1 -> 0.037166502 | E64: =(E62*E59)/(E61*E58)-1 -> 0.061017297 | F64: =(F62*F59)/(F61*F58)-1 -> 0.088556744 | G64: =(G62*G59)/(G61*G58)-1 -> 0.11503356 | H64: =(H62*H59)/(H61*H58)-1 -> 0.14044619 | I64: =(I62*I59)/(I61*I58)-1 -> 0.16719326 | ... AP64: =(AP62*AP59)/(AP61*AP58)-1 -> 0.0071069919
A65: Percentage Change in Electricity Import | B65: 0.3
A66: FOPITY | B66: =B64/$B65 -> 0 | C66: =C64/$B65 -> 0.06310759 | D66: =D64/$B65 -> 0.12388834 | E66: =E64/$B65 -> 0.20339099 | F66: =F64/$B65 -> 0.29518915 | G66: =G64/$B65 -> 0.38344521 | H66: =H64/$B65 -> 0.46815396 | I66: =I64/$B65 -> 0.55731086 | ... AP66: =AP64/$B65 -> 0.023689973
A69: Time (Time) | B69: 2020 | C69: 2021 | D69: 2022 | E69: 2023 | F69: 2024 | G69: 2025 | H69: 2026 | I69: 2027 | J69: 2028 | K69: 2029 | L69: 2030 | M69: 2031 | N69: 2032 | O69: 2033 | P69: 2034 | Q69: 2035 | R69: 2036 | S69: 2037 | T69: 2038 | U69: 2039 | V69: 2040 | W69: 2041 | X69: 2042 | Y69: 2043 | Z69: 2044 | AA69: 2045 | AB69: 2046 | AC69: 2047 | AD69: 2048 | AE69: 2049 | AF69: 2050 | AG69: 2051 | AH69: 2052 | AI69: 2053 | AJ69: 2054 | AK69: 2055 | AL69: 2056 | AM69: 2057 | AN69: 2058 | AO69: 2059 | AP69: 2060
A70: Electricity Generation by Type[hard coal es,preexisting retiring] : MostRecentRun | B70: 413592000 | C70: 412815000 | D70: 434479000 | E70: 425429000 | F70: 417145000 | G70: 391041000 | H70: 383287000 | I70: 372597000 | J70: 347964000 | K70: 320459000 | L70: 287678000 | M70: 271244000 | N70: 266103000 | O70: 260848000 | P70: 256726000 | Q70: 253414000 | R70: 252681000 | S70: 250297000 | T70: 248716000 | U70: 246178000 | V70: 244383000 | W70: 240023000 | X70: 234837000 | Y70: 229610000 | Z70: 223927000 | AA70: 217883000 | AB70: 206766000 | AC70: 191776000 | AD70: 176008000 | AE70: 159891000 | AF70: 143783000 | AG70: 127508000 | AH70: 111530000 | AI70: 95872600 | AJ70: 80587800 | AK70: 65660700 | AL70: 51254800 | AM70: 37626800 | AN70: 24964000 | AO70: 11935000 | AP70: 173602
A71: Electricity Generation by Type[hard coal es,preexisting nonretiring] : MostRecentRun | B71: 0 | C71: 0 | D71: 0 | E71: 0 | F71: 0 | G71: 0 | H71: 0 | I71: 0 | J71: 0 | K71: 0 | L71: 0 | M71: 0 | N71: 0 | O71: 0 | P71: 0 | Q71: 0 | R71: 0 | S71: 0 | T71: 0 | U71: 0 | V71: 0 | W71: 0 | X71: 0 | Y71: 0 | Z71: 0 | AA71: 0 | AB71: 0 | AC71: 0 | AD71: 0 | AE71: 0 | AF71: 0 | AG71: 0 | AH71: 0 | AI71: 0 | AJ71: 0 | AK71: 0 | AL71: 0 | AM71: 0 | AN71: 0 | AO71: 0 | AP71: 0
A72: Electricity Generation by Type[hard coal es,newly built] : MostRecentRun | B72: 18827900 | C72: 25001900 | D72: 38126800 | E72: 52033800 | F72: 62463000 | G72: 67665300 | H72: 66373100 | I72: 65655700 | J72: 62222100 | K72: 57860400 | L72: 52953300 | M72: 50662100 | N72: 50881900 | O72: 50770900 | P72: 51143100 | Q72: 51975600 | R72: 53440700 | S72: 54826600 | T72: 56779300 | U72: 59013100 | V72: 61518400 | W72: 63711200 | X72: 66027500 | Y72: 68715200 | Z72: 71799800 | AA72: 75308700 | AB72: 77339300 | AC72: 78079400 | AD72: 78635300 | AE72: 78981200 | AF72: 79552000 | AG72: 80075500 | AH72: 80685100 | AI72: 81384300 | AJ72: 82177600 | AK72: 83029100 | AL72: 83916500 | AM72: 85141400 | AN72: 88021800 | AO72: 86809500 | AP72: 91823300
A73: Electricity Generation by Type[natural gas nonpeaker es,preexisting retiring] : MostRecentRun | B73: 4.10244 | C73: 0.728696 | D73: 0.11116 | E73: 0.252509 | F73: 0.304485 | G73: 0.279395 | H73: 0.229908 | I73: 0.309119 | J73: 0.417648 | K73: 0.305676 | L73: 0.237136 | M73: 0.189765 | N73: 0.175081 | O73: 0.151197 | P73: 0.133541 | Q73: 0.134912 | R73: 0.140793 | S73: 0.142453 | T73: 0.148757 | U73: 0.163269 | V73: 0.188659 | W73: 0.198675 | X73: 0.208469 | Y73: 0.199658 | Z73: 0.213266 | AA73: 0.206142 | AB73: 0.235079 | AC73: 0.225738 | AD73: 0.214074 | AE73: 0.21925 | AF73: 0.23084 | AG73: 0.205008 | AH73: 0.190519 | AI73: 0.18689 | AJ73: 0.181795 | AK73: 0.175554 | AL73: 0.159972 | AM73: 0.152615 | AN73: 0.148953 | AO73: 0.143872 | AP73: 0.144306
A74: Electricity Generation by Type[natural gas nonpeaker es,preexisting nonretiring] : MostRecentRun | B74: 0 | C74: 0 | D74: 0 | E74: 0 | F74: 0 | G74: 0 | H74: 0 | I74: 0 | J74: 0 | K74: 0 | L74: 0 | M74: 0 | N74: 0 | O74: 0 | P74: 0 | Q74: 0 | R74: 0 | S74: 0 | T74: 0 | U74: 0 | V74: 0 | W74: 0 | X74: 0 | Y74: 0 | Z74: 0 | AA74: 0 | AB74: 0 | AC74: 0 | AD74: 0 | AE74: 0 | AF74: 0 | AG74: 0 | AH74: 0 | AI74: 0 | AJ74: 0 | AK74: 0 | AL74: 0 | AM74: 0 | AN74: 0 | AO74: 0 | AP74: 0
A75: Electricity Generation by Type[natural gas nonpeaker es,newly built] : MostRecentRun | B75: 106.74 | C75: 23.2149 | D75: 1.95782 | E75: 5.88131 | F75: 7.52718 | G75: 6.72284 | H75: 5.19402 | I75: 7.67784 | J75: 11.3729 | K75: 7.93405 | L75: 5.67799 | M75: 4.22227 | N75: 3.79184 | O75: 3.27656 | P75: 2.77245 | Q75: 2.96331 | R75: 3.13824 | S75: 3.18811 | T75: 3.56915 | U75: 4.27921 | V75: 5.18673 | W75: 5.89199 | X75: 6.27939 | Y75: 6.30778 | Z75: 7.33784 | AA75: 7.50786 | AB75: 9.90996 | AC75: 13.1129 | AD75: 17.2401 | AE75: 23.778 | AF75: 34.2332 | AG75: 37.0333 | AH75: 42.0153 | AI75: 50.8154 | AJ75: 60.6537 | AK75: 71.8207 | AL75: 77.7412 | AM75: 90.3709 | AN75: 119.987 | AO75: 137.707 | AP75: 189.448
A76: Electricity Generation by Type[nuclear es,preexisting retiring] : MostRecentRun | B76: 18571200 | C76: 18658800 | D76: 18658800 | E76: 18658800 | F76: 18658800 | G76: 18658800 | H76: 18658800 | I76: 18658800 | J76: 18658800 | K76: 18658800 | L76: 18658800 | M76: 18658800 | N76: 18658800 | O76: 18658800 | P76: 18658800 | Q76: 18658800 | R76: 18658800 | S76: 18658800 | T76: 18658800 | U76: 18658800 | V76: 18658800 | W76: 18658800 | X76: 18658800 | Y76: 18658800 | Z76: 18658800 | AA76: 18658800 | AB76: 18658800 | AC76: 18658800 | AD76: 18658800 | AE76: 18658800 | AF76: 18658800 | AG76: 18658800 | AH76: 18658800 | AI76: 18658800 | AJ76: 18658800 | AK76: 18658800 | AL76: 18658800 | AM76: 18658800 | AN76: 18658800 | AO76: 18658800 | AP76: 18658800
A77: Electricity Generation by Type[nuclear es,preexisting nonretiring] : MostRecentRun | B77: 0 | C77: 0 | D77: 0 | E77: 0 | F77: 0 | G77: 0 | H77: 0 | I77: 0 | J77: 0 | K77: 0 | L77: 0 | M77: 0 | N77: 0 | O77: 0 | P77: 0 | Q77: 0 | R77: 0 | S77: 0 | T77: 0 | U77: 0 | V77: 0 | W77: 0 | X77: 0 | Y77: 0 | Z77: 0 | AA77: 0 | AB77: 0 | AC77: 0 | AD77: 0 | AE77: 0 | AF77: 0 | AG77: 0 | AH77: 0 | AI77: 0 | AJ77: 0 | AK77: 0 | AL77: 0 | AM77: 0 | AN77: 0 | AO77: 0 | AP77: 0
A78: Electricity Generation by Type[nuclear es,newly built] : MostRecentRun | B78: 0 | C78: 0 | D78: 0 | E78: 0 | F78: 0 | G78: 19405200 | H78: 19405200 | I78: 19405200 | J78: 33959000 | K78: 48512900 | L78: 63066700 | M78: 63066700 | N78: 63066700 | O78: 63066700 | P78: 63066700 | Q78: 63066700 | R78: 63066700 | S78: 63066700 | T78: 63066700 | U78: 63066700 | V78: 63066700 | W78: 63066700 | X78: 63066700 | Y78: 63066700 | Z78: 63066700 | AA78: 63066700 | AB78: 63066700 | AC78: 63066700 | AD78: 63066700 | AE78: 63066700 | AF78: 63066700 | AG78: 63066700 | AH78: 63066700 | AI78: 63066700 | AJ78: 63066700 | AK78: 63066700 | AL78: 63066700 | AM78: 63066700 | AN78: 63066700 | AO78: 67918000 | AP78: 67918000
A79: Electricity Generation by Type[hydro es,preexisting retiring] : MostRecentRun | B79: 317462 | C79: 299942 | D79: 299942 | E79: 299942 | F79: 299942 | G79: 299942 | H79: 299942 | I79: 299942 | J79: 299942 | K79: 299942 | L79: 299942 | M79: 299942 | N79: 299942 | O79: 299942 | P79: 299942 | Q79: 299942 | R79: 299942 | S79: 299942 | T79: 299942 | U79: 299942 | V79: 299942 | W79: 299942 | X79: 299942 | Y79: 299942 | Z79: 299942 | AA79: 299942 | AB79: 299942 | AC79: 299942 | AD79: 299942 | AE79: 299942 | AF79: 299942 | AG79: 299942 | AH79: 299942 | AI79: 299942 | AJ79: 299942 | AK79: 299942 | AL79: 299942 | AM79: 299942 | AN79: 281196 | AO79: 254951 | AP79: 224957
A80: Electricity Generation by Type[hydro es,preexisting nonretiring] : MostRecentRun | B80: 0 | C80: 0 | D80: 0 | E80: 0 | F80: 0 | G80: 0 | H80: 0 | I80: 0 | J80: 0 | K80: 0 | L80: 0 | M80: 0 | N80: 0 | O80: 0 | P80: 0 | Q80: 0 | R80: 0 | S80: 0 | T80: 0 | U80: 0 | V80: 0 | W80: 0 | X80: 0 | Y80: 0 | Z80: 0 | AA80: 0 | AB80: 0 | AC80: 0 | AD80: 0 | AE80: 0 | AF80: 0 | AG80: 0 | AH80: 0 | AI80: 0 | AJ80: 0 | AK80: 0 | AL80: 0 | AM80: 0 | AN80: 0 | AO80: 0 | AP80: 0
... A135: Percentage Electricity Generation by Source[municipal solid waste es] : MostRecentRun | B135: 0.0256143 | C135: 0.0293123 | D135: 0.0264129 | E135: 0.0250587 | F135: 0.0236688 | G135: 0.0224571 | H135: 0.0217462 | I135: 0.021074 | J135: 0.0204554 | K135: 0.0198695 | L135: 0.0193577 | M135: 0.0186479 | N135: 0.0179137 | O135: 0.0171958 | P135: 0.0164528 | Q135: 0.0156806 | R135: 0.0148324 | S135: 0.014046 | T135: 0.0132885 | U135: 0.0125697 | V135: 0.011883 | W135: 0.0112189 | X135: 0.0106025 | Y135: 0.0100024 | Z135: 0.00942789 | AA135: 0.00889142 | AB135: 0.00838615 | AC135: 0.00794361 | AD135: 0.00753611 | AE135: 0.00714936 | AF135: 0.00677679 | AG135: 0.00643072 | AH135: 0.00610694 | AI135: 0.00579775 | AJ135: 0.00549524 | AK135: 0.00520398 | AL135: 0.00491525 | AM135: 0.00465441 | AN135: 0.00446646 | AO135: 0.00436499 | AP135: 0.00423345

Sheet model calibration
A1: Time (Year) | B1: 2020 | C1: 2021 | D1: 2022 | E1: 2023 | F1: 2024 | G1: 2025 | H1: 2026 | I1: 2027 | J1: 2028 | K1: 2029 | L1: 2030 | M1: 2031 | N1: 2032 | O1: 2033 | P1: 2034 | Q1: 2035 | R1: 2036 | S1: 2037 | T1: 2038 | U1: 2039 | V1: 2040 | W1: 2041 | X1: 2042 | Y1: 2043 | Z1: 2044 | AA1: 2045 | AB1: 2046 | AC1: 2047 | AD1: 2048 | AE1: 2049 | AF1: 2050 | AG1: 2051 | AH1: 2052 | AI1: 2053 | AJ1: 2054 | AK1: 2055 | AL1: 2056 | AM1: 2057 | AN1: 2058 | AO1: 2059 | AP1: 2060
A2: Electricity Generation by Type[hard coal es,preexisting retiring] : MostRecentRun | B2: 375627000 | C2: 431988000 | D2: 418958000 | E2: 384280000 | F2: 396266000 | G2: 408727000 | H2: 415737000 | I2: 415610000 | J2: 409422000 | K2: 403146000 | L2: 395530000 | M2: 388055000 | N2: 379644000 | O2: 371117000 | P2: 360691000 | Q2: 352632000 | R2: 340580000 | S2: 328861000 | T2: 316306000 | U2: 303000000 | V2: 289401000 | W2: 275152000 | X2: 260507000 | Y2: 245604000 | Z2: 230355000 | AA2: 214828000 | AB2: 199145000 | AC2: 182875000 | AD2: 166307000 | AE2: 149806000 | AF2: 132815000 | AG2: 116360000 | AH2: 99533500 | AI2: 82747300 | AJ2: 66313000 | AK2: 50130100 | AL2: 34231300 | AM2: 18597900 | AN2: 3248210 | AO2: 0 | AP2: 0
A3: Electricity Generation by Type[hard coal es,preexisting nonretiring] : MostRecentRun | B3: 0 | C3: 0 | D3: 0 | E3: 0 | F3: 0 | G3: 0 | H3: 0 | I3: 0 | J3: 0 | K3: 0 | L3: 0 | M3: 0 | N3: 0 | O3: 0 | P3: 0 | Q3: 0 | R3: 0 | S3: 0 | T3: 0 | U3: 0 | V3: 0 | W3: 0 | X3: 0 | Y3: 0 | Z3: 0 | AA3: 0 | AB3: 0 | AC3: 0 | AD3: 0 | AE3: 0 | AF3: 0 | AG3: 0 | AH3: 0 | AI3: 0 | AJ3: 0 | AK3: 0 | AL3: 0 | AM3: 0 | AN3: 0 | AO3: 0 | AP3: 0
A4: Electricity Generation by Type[hard coal es,newly built] : MostRecentRun | B4: 15684900 | C4: 32873600 | D4: 60014700 | E4: 99860500 | F4: 104974000 | G4: 111554000 | H4: 114319000 | I4: 116784000 | J4: 117842000 | K4: 118463000 | L4: 119707000 | M4: 120148000 | N4: 120744000 | O4: 120904000 | P4: 120945000 | Q4: 122435000 | R4: 122573000 | S4: 123270000 | T4: 124128000 | U4: 125297000 | V4: 126220000 | W4: 127217000 | X4: 128273000 | Y4: 129376000 | Z4: 130619000 | AA4: 131913000 | AB4: 133319000 | AC4: 134723000 | AD4: 136132000 | AE4: 137810000 | AF4: 139385000 | AG4: 141646000 | AH4: 143590000 | AI4: 145638000 | AJ4: 148276000 | AK4: 150959000 | AL4: 153946000 | AM4: 157159000 | AN4: 160560000 | AO4: 152866000 | AP4: 142304000
A5: Electricity Generation by Type[natural gas nonpeaker es,preexisting retiring] : MostRecentRun | B5: 2483.58 | C5: 432.755 | D5: 29.0095 | E5: 72.9517 | F5: 105.098 | G5: 118.71 | H5: 100.901 | I5: 160.261 | J5: 259.034 | K5: 207.813 | L5: 176.727 | M5: 136.011 | N5: 121.187 | O5: 100.073 | P5: 82.3145 | Q5: 84.0051 | R5: 83.932 | S5: 78.3172 | T5: 79.4223 | U5: 85.9948 | V5: 97.0113 | W5: 98.983 | X5: 94.3004 | Y5: 83.565 | Z5: 84.87 | AA5: 74.7599 | AB5: 74.7745 | AC5: 70.2796 | AD5: 65.3556 | AE5: 67.7698 | AF5: 65.7098 | AG5: 56.3609 | AH5: 50.5374 | AI5: 41.684 | AJ5: 38.2834 | AK5: 26.2219 | AL5: 19.0037 | AM5: 12.1833 | AN5: 3.83644 | AO5: 0 | AP5: 0
A6: Electricity Generation by Type[natural gas nonpeaker es,preexisting nonretiring] : MostRecentRun | B6: 0 | C6: 0 | D6: 0 | E6: 0 | F6: 0 | G6: 0 | H6: 0 | I6: 0 | J6: 0 | K6: 0 | L6: 0 | M6: 0 | N6: 0 | O6: 0 | P6: 0 | Q6: 0 | R6: 0 | S6: 0 | T6: 0 | U6: 0 | V6: 0 | W6: 0 | X6: 0 | Y6: 0 | Z6: 0 | AA6: 0 | AB6: 0 | AC6: 0 | AD6: 0 | AE6: 0 | AF6: 0 | AG6: 0 | AH6: 0 | AI6: 0 | AJ6: 0 | AK6: 0 | AL6: 0 | AM6: 0 | AN6: 0 | AO6: 0 | AP6: 0
A7: Electricity Generation by Type[natural gas nonpeaker es,newly built] : MostRecentRun | B7: 0 | C7: 17.4141 | D7: 1.12656 | E7: 2.86884 | F7: 4.14764 | G7: 4.6833 | H7: 3.97446 | I7: 6.34148 | J7: 10.6647 | K7: 8.53378 | L7: 7.23773 | M7: 5.75953 | N7: 5.12479 | O7: 4.38674 | P7: 3.60146 | Q7: 3.82279 | R7: 3.82073 | S7: 3.7107 | T7: 3.92656 | U7: 4.4463 | V7: 5.02305 | W7: 8.05298 | X7: 10.7307 | Y7: 12.4898 | Z7: 16.0614 | AA7: 17.4412 | AB7: 22.5584 | AC7: 25.5107 | AD7: 28.3263 | AE7: 34.9658 | AF7: 44.1691 | AG7: 45.3756 | AH7: 49.0342 | AI7: 56.9237 | AJ7: 66.1486 | AK7: 76.5224 | AL7: 83.201 | AM7: 96.6074 | AN7: 112.179 | AO7: 102.169 | AP7: 103.221
A8: Electricity Generation by Type[nuclear es,preexisting retiring] : MostRecentRun | B8: 0 | C8: 0 | D8: 0 | E8: 0 | F8: 0 | G8: 0 | H8: 0 | I8: 0 | J8: 0 | K8: 0 | L8: 0 | M8: 0 | N8: 0 | O8: 0 | P8: 0 | Q8: 0 | R8: 0 | S8: 0 | T8: 0 | U8: 0 | V8: 0 | W8: 0 | X8: 0 | Y8: 0 | Z8: 0 | AA8: 0 | AB8: 0 | AC8: 0 | AD8: 0 | AE8: 0 | AF8: 0 | AG8: 0 | AH8: 0 | AI8: 0 | AJ8: 0 | AK8: 0 | AL8: 0 | AM8: 0 | AN8: 0 | AO8: 0 | AP8: 0
A9: Electricity Generation by Type[nuclear es,preexisting nonretiring] : MostRecentRun | B9: 0 | C9: 0 | D9: 0 | E9: 0 | F9: 0 | G9: 0 | H9: 0 | I9: 0 | J9: 0 | K9: 0 | L9: 0 | M9: 0 | N9: 0 | O9: 0 | P9: 0 | Q9: 0 | R9: 0 | S9: 0 | T9: 0 | U9: 0 | V9: 0 | W9: 0 | X9: 0 | Y9: 0 | Z9: 0 | AA9: 0 | AB9: 0 | AC9: 0 | AD9: 0 | AE9: 0 | AF9: 0 | AG9: 0 | AH9: 0 | AI9: 0 | AJ9: 0 | AK9: 0 | AL9: 0 | AM9: 0 | AN9: 0 | AO9: 0 | AP9: 0
A10: Electricity Generation by Type[nuclear es,newly built] : MostRecentRun | B10: 0 | C10: 0 | D10: 0 | E10: 0 | F10: 0 | G10: 0 | H10: 0 | I10: 0 | J10: 0 | K10: 0 | L10: 0 | M10: 0 | N10: 0 | O10: 0 | P10: 0 | Q10: 0 | R10: 0 | S10: 0 | T10: 0 | U10: 0 | V10: 0 | W10: 0 | X10: 0 | Y10: 0 | Z10: 0 | AA10: 0 | AB10: 0 | AC10: 0 | AD10: 0 | AE10: 0 | AF10: 0 | AG10: 0 | AH10: 0 | AI10: 0 | AJ10: 0 | AK10: 0 | AL10: 0 | AM10: 0 | AN10: 0 | AO10: 0 | AP10: 0
A11: Electricity Generation by Type[hydro es,preexisting retiring] : MostRecentRun | B11: 2825010 | C11: 3054350 | D11: 2825010 | E11: 2825010 | F11: 2825010 | G11: 2825010 | H11: 2825010 | I11: 2825010 | J11: 2825010 | K11: 2825010 | L11: 2825010 | M11: 2825010 | N11: 2825010 | O11: 2825010 | P11: 2825010 | Q11: 2825010 | R11: 2825010 | S11: 2825010 | T11: 2825010 | U11: 2825010 | V11: 2825010 | W11: 2825010 | X11: 2825010 | Y11: 2825010 | Z11: 2825010 | AA11: 2825010 | AB11: 2825010 | AC11: 2825010 | AD11: 2825010 | AE11: 2825010 | AF11: 2825010 | AG11: 2825010 | AH11: 2825010 | AI11: 2825010 | AJ11: 2825010 | AK11: 2825010 | AL11: 2825010 | AM11: 2825010 | AN11: 2637470 | AO11: 2402450 | AP11: 2089080
A12: Electricity Generation by Type[hydro es,preexisting nonretiring] : MostRecentRun | B12: 0 | C12: 0 | D12: 0 | E12: 0 | F12: 0 | G12: 0 | H12: 0 | I12: 0 | J12: 0 | K12: 0 | L12: 0 | M12: 0 | N12: 0 | O12: 0 | P12: 0 | Q12: 0 | R12: 0 | S12: 0 | T12: 0 | U12: 0 | V12: 0 | W12: 0 | X12: 0 | Y12: 0 | Z12: 0 | AA12: 0 | AB12: 0 | AC12: 0 | AD12: 0 | AE12: 0 | AF12: 0 | AG12: 0 | AH12: 0 | AI12: 0 | AJ12: 0 | AK12: 0 | AL12: 0 | AM12: 0 | AN12: 0 | AO12: 0 | AP12: 0
... A86: RQSD BAU RPS Qualifying Source Definitions[municipal solid waste es] : MostRecentRun | B86: 0 | C86: 0 | D86: 0 | E86: 0 | F86: 0 | G86: 0 | H86: 0 | I86: 0 | J86: 0 | K86: 0 | L86: 0 | M86: 0 | N86: 0 | O86: 0 | P86: 0 | Q86: 0 | R86: 0 | S86: 0 | T86: 0 | U86: 0 | V86: 0 | W86: 0 | X86: 0 | Y86: 0 | Z86: 0 | AA86: 0 | AB86: 0 | AC86: 0 | AD86: 0 | AE86: 0 | AF86: 0 | AG86: 0 | AH86: 0 | AI86: 0 | AJ86: 0 | AK86: 0 | AL86: 0 | AM86: 0 | AN86: 0 | AO86: 0 | AP86: 0
A90: Time (Year) | B90: 2023 | C90: 2024 | D90: 2025 | E90: 2026 | F90: 2027 | G90: 2028 | H90: 2029 | I90: 2030 | J90: 2031 | K90: 2032 | L90: 2033 | M90: 2034 | N90: 2035 | O90: 2036 | P90: 2037 | Q90: 2038 | R90: 2039 | S90: 2040 | T90: 2041 | U90: 2042 | V90: 2043 | W90: 2044 | X90: 2045 | Y90: 2046 | Z90: 2047 | AA90: 2048 | AB90: 2049 | AC90: 2050 | AD90: 2051 | AE90: 2052 | AF90: 2053 | AG90: 2054 | AH90: 2055 | AI90: 2056 | AJ90: 2057 | AK90: 2058 | AL90: 2059 | AM90: 2060
A91: RQSD BAU RPS Qualifying Source Definitions[hard coal es] : MostRecentRun | B91: 0 | C91: 0 | D91: 0 | E91: 0 | F91: 0 | G91: 0 | H91: 0 | I91: 0 | J91: 0 | K91: 0 | L91: 0 | M91: 0 | N91: 0 | O91: 0 | P91: 0 | Q91: 0 | R91: 0 | S91: 0 | T91: 0 | U91: 0 | V91: 0 | W91: 0 | X91: 0 | Y91: 0 | Z91: 0 | AA91: 0 | AB91: 0 | AC91: 0 | AD91: 0 | AE91: 0 | AF91: 0 | AG91: 0 | AH91: 0 | AI91: 0 | AJ91: 0 | AK91: 0 | AL91: 0 | AM91: 0
A92: RQSD BAU RPS Qualifying Source Definitions[natural gas nonpeaker es] : MostRecentRun | B92: 0 | C92: 0 | D92: 0 | E92: 0 | F92: 0 | G92: 0 | H92: 0 | I92: 0 | J92: 0 | K92: 0 | L92: 0 | M92: 0 | N92: 0 | O92: 0 | P92: 0 | Q92: 0 | R92: 0 | S92: 0 | T92: 0 | U92: 0 | V92: 0 | W92: 0 | X92: 0 | Y92: 0 | Z92: 0 | AA92: 0 | AB92: 0 | AC92: 0 | AD92: 0 | AE92: 0 | AF92: 0 | AG92: 0 | AH92: 0 | AI92: 0 | AJ92: 0 | AK92: 0 | AL92: 0 | AM92: 0
A93: RQSD BAU RPS Qualifying Source Definitions[nuclear es] : MostRecentRun | B93: 1 | C93: 1 | D93: 1 | E93: 1 | F93: 1 | G93: 1 | H93: 1 | I93: 1 | J93: 1 | K93: 1 | L93: 1 | M93: 1 | N93: 1 | O93: 1 | P93: 1 | Q93: 1 | R93: 1 | S93: 1 | T93: 1 | U93: 1 | V93: 1 | W93: 1 | X93: 1 | Y93: 1 | Z93: 1 | AA93: 1 | AB93: 1 | AC93: 1 | AD93: 1 | AE93: 1 | AF93: 1 | AG93: 1 | AH93: 1 | AI93: 1 | AJ93: 1 | AK93: 1 | AL93: 1 | AM93: 1
A94: RQSD BAU RPS Qualifying Source Definitions[hydro es] : MostRecentRun | B94: 1 | C94: 1 | D94: 1 | E94: 1 | F94: 1 | G94: 1 | H94: 1 | I94: 1 | J94: 1 | K94: 1 | L94: 1 | M94: 1 | N94: 1 | O94: 1 | P94: 1 | Q94: 1 | R94: 1 | S94: 1 | T94: 1 | U94: 1 | V94: 1 | W94: 1 | X94: 1 | Y94: 1 | Z94: 1 | AA94: 1 | AB94: 1 | AC94: 1 | AD94: 1 | AE94: 1 | AF94: 1 | AG94: 1 | AH94: 1 | AI94: 1 | AJ94: 1 | AK94: 1 | AL94: 1 | AM94: 1
A95: RQSD BAU RPS Qualifying Source Definitions[onshore wind es] : MostRecentRun | B95: 1 | C95: 1 | D95: 1 | E95: 1 | F95: 1 | G95: 1 | H95: 1 | I95: 1 | J95: 1 | K95: 1 | L95: 1 | M95: 1 | N95: 1 | O95: 1 | P95: 1 | Q95: 1 | R95: 1 | S95: 1 | T95: 1 | U95: 1 | V95: 1 | W95: 1 | X95: 1 | Y95: 1 | Z95: 1 | AA95: 1 | AB95: 1 | AC95: 1 | AD95: 1 | AE95: 1 | AF95: 1 | AG95: 1 | AH95: 1 | AI95: 1 | AJ95: 1 | AK95: 1 | AL95: 1 | AM95: 1
A96: RQSD BAU RPS Qualifying Source Definitions[solar PV es] : MostRecentRun | B96: 1 | C96: 1 | D96: 1 | E96: 1 | F96: 1 | G96: 1 | H96: 1 | I96: 1 | J96: 1 | K96: 1 | L96: 1 | M96: 1 | N96: 1 | O96: 1 | P96: 1 | Q96: 1 | R96: 1 | S96: 1 | T96: 1 | U96: 1 | V96: 1 | W96: 1 | X96: 1 | Y96: 1 | Z96: 1 | AA96: 1 | AB96: 1 | AC96: 1 | AD96: 1 | AE96: 1 | AF96: 1 | AG96: 1 | AH96: 1 | AI96: 1 | AJ96: 1 | AK96: 1 | AL96: 1 | AM96: 1
A97: RQSD BAU RPS Qualifying Source Definitions[solar thermal es] : MostRecentRun | B97: 1 | C97: 1 | D97: 1 | E97: 1 | F97: 1 | G97: 1 | H97: 1 | I97: 1 | J97: 1 | K97: 1 | L97: 1 | M97: 1 | N97: 1 | O97: 1 | P97: 1 | Q97: 1 | R97: 1 | S97: 1 | T97: 1 | U97: 1 | V97: 1 | W97: 1 | X97: 1 | Y97: 1 | Z97: 1 | AA97: 1 | AB97: 1 | AC97: 1 | AD97: 1 | AE97: 1 | AF97: 1 | AG97: 1 | AH97: 1 | AI97: 1 | AJ97: 1 | AK97: 1 | AL97: 1 | AM97: 1
A98: RQSD BAU RPS Qualifying Source Definitions[biomass es] : MostRecentRun | B98: 1 | C98: 1 | D98: 1 | E98: 1 | F98: 1 | G98: 1 | H98: 1 | I98: 1 | J98: 1 | K98: 1 | L98: 1 | M98: 1 | N98: 1 | O98: 1 | P98: 1 | Q98: 1 | R98: 1 | S98: 1 | T98: 1 | U98: 1 | V98: 1 | W98: 1 | X98: 1 | Y98: 1 | Z98: 1 | AA98: 1 | AB98: 1 | AC98: 1 | AD98: 1 | AE98: 1 | AF98: 1 | AG98: 1 | AH98: 1 | AI98: 1 | AJ98: 1 | AK98: 1 | AL98: 1 | AM98: 1
A99: RQSD BAU RPS Qualifying Source Definitions[geothermal es] : MostRecentRun | B99: 1 | C99: 1 | D99: 1 | E99: 1 | F99: 1 | G99: 1 | H99: 1 | I99: 1 | J99: 1 | K99: 1 | L99: 1 | M99: 1 | N99: 1 | O99: 1 | P99: 1 | Q99: 1 | R99: 1 | S99: 1 | T99: 1 | U99: 1 | V99: 1 | W99: 1 | X99: 1 | Y99: 1 | Z99: 1 | AA99: 1 | AB99: 1 | AC99: 1 | AD99: 1 | AE99: 1 | AF99: 1 | AG99: 1 | AH99: 1 | AI99: 1 | AJ99: 1 | AK99: 1 | AL99: 1 | AM99: 1
A100: RQSD BAU RPS Qualifying Source Definitions[petroleum es] : MostRecentRun | B100: 0 | C100: 0 | D100: 0 | E100: 0 | F100: 0 | G100: 0 | H100: 0 | I100: 0 | J100: 0 | K100: 0 | L100: 0 | M100: 0 | N100: 0 | O100: 0 | P100: 0 | Q100: 0 | R100: 0 | S100: 0 | T100: 0 | U100: 0 | V100: 0 | W100: 0 | X100: 0 | Y100: 0 | Z100: 0 | AA100: 0 | AB100: 0 | AC100: 0 | AD100: 0 | AE100: 0 | AF100: 0 | AG100: 0 | AH100: 0 | AI100: 0 | AJ100: 0 | AK100: 0 | AL100: 0 | AM100: 0
A101: RQSD BAU RPS Qualifying Source Definitions[natural gas peaker es] : MostRecentRun | B101: 0 | C101: 0 | D101: 0 | E101: 0 | F101: 0 | G101: 0 | H101: 0 | I101: 0 | J101: 0 | K101: 0 | L101: 0 | M101: 0 | N101: 0 | O101: 0 | P101: 0 | Q101: 0 | R101: 0 | S101: 0 | T101: 0 | U101: 0 | V101: 0 | W101: 0 | X101: 0 | Y101: 0 | Z101: 0 | AA101: 0 | AB101: 0 | AC101: 0 | AD101: 0 | AE101: 0 | AF101: 0 | AG101: 0 | AH101: 0 | AI101: 0 | AJ101: 0 | AK101: 0 | AL101: 0 | AM101: 0
... A106: RQSD BAU RPS Qualifying Source Definitions[municipal solid waste es] : MostRecentRun | B106: 1 | C106: 1 | D106: 1 | E106: 1 | F106: 1 | G106: 1 | H106: 1 | I106: 1 | J106: 1 | K106: 1 | L106: 1 | M106: 1 | N106: 1 | O106: 1 | P106: 1 | Q106: 1 | R106: 1 | S106: 1 | T106: 1 | U106: 1 | V106: 1 | W106: 1 | X106: 1 | Y106: 1 | Z106: 1 | AA106: 1 | AB106: 1 | AC106: 1 | AD106: 1 | AE106: 1 | AF106: 1 | AG106: 1 | AH106: 1 | AI106: 1 | AJ106: 1 | AK106: 1 | AL106: 1 | AM106: 1

Sheet model calibration - 2022
A1: Time (Year) | B1: 2023 | C1: 2024 | D1: 2025 | E1: 2026 | F1: 2027 | G1: 2028 | H1: 2029 | I1: 2030 | J1: 2031 | K1: 2032 | L1: 2033 | M1: 2034 | N1: 2035 | O1: 2036 | P1: 2037 | Q1: 2038 | R1: 2039 | S1: 2040 | T1: 2041 | U1: 2042 | V1: 2043 | W1: 2044 | X1: 2045 | Y1: 2046 | Z1: 2047 | AA1: 2048 | AB1: 2049 | AC1: 2050 | AD1: 2051 | AE1: 2052 | AF1: 2053 | AG1: 2054 | AH1: 2055 | AI1: 2056 | AJ1: 2057 | AK1: 2058 | AL1: 2059 | AM1: 2060
A2: Electricity Generation by Type[hard coal es,preexisting retiring] : MostRecentRun | B2: 4404080000 | C2: 4340890000 | D2: 4509880000 | E2: 4783890000 | F2: 4967580000 | G2: 4989660000 | H2: 4925190000 | I2: 4849270000 | J2: 4770290000 | K2: 4683680000 | L2: 4592050000 | M2: 4489320000 | N2: 4381560000 | O2: 4265540000 | P2: 4140890000 | Q2: 4008680000 | R2: 3867850000 | S2: 3721640000 | T2: 3568030000 | U2: 3408500000 | V2: 3245960000 | W2: 3079110000 | X2: 2907950000 | Y2: 2732860000 | Z2: 2554770000 | AA2: 2372360000 | AB2: 2188900000 | AC2: 2005110000 | AD2: 1824730000 | AE2: 1641140000 | AF2: 1460970000 | AG2: 1284420000 | AH2: 1110140000 | AI2: 942694000 | AJ2: 779850000 | AK2: 625371000 | AL2: 475512000 | AM2: 336058000
A3: Electricity Generation by Type[hard coal es,preexisting nonretiring] : MostRecentRun | B3: 0 | C3: 0 | D3: 0 | E3: 0 | F3: 0 | G3: 0 | H3: 0 | I3: 0 | J3: 0 | K3: 0 | L3: 0 | M3: 0 | N3: 0 | O3: 0 | P3: 0 | Q3: 0 | R3: 0 | S3: 0 | T3: 0 | U3: 0 | V3: 0 | W3: 0 | X3: 0 | Y3: 0 | Z3: 0 | AA3: 0 | AB3: 0 | AC3: 0 | AD3: 0 | AE3: 0 | AF3: 0 | AG3: 0 | AH3: 0 | AI3: 0 | AJ3: 0 | AK3: 0 | AL3: 0 | AM3: 0
A4: Electricity Generation by Type[hard coal es,newly built] : MostRecentRun | B4: 159139000 | C4: 258919000 | D4: 432372000 | E4: 474843000 | F4: 507818000 | G4: 522694000 | H4: 524701000 | I4: 530183000 | J4: 530505000 | K4: 531908000 | L4: 530027000 | M4: 529034000 | N4: 529783000 | O4: 529322000 | P4: 529555000 | Q4: 530895000 | R4: 534096000 | S4: 535572000 | T4: 537328000 | U4: 539125000 | V4: 541031000 | W4: 543550000 | X4: 546021000 | Y4: 548494000 | Z4: 551583000 | AA4: 554523000 | AB4: 556791000 | AC4: 560727000 | AD4: 566181000 | AE4: 569892000 | AF4: 574744000 | AG4: 580585000 | AH4: 585528000 | AI4: 591837000 | AJ4: 598006000 | AK4: 608008000 | AL4: 616163000 | AM4: 630680000
A5: Electricity Generation by Type[natural gas nonpeaker es,preexisting retiring] : MostRecentRun | B5: 72276.3 | C5: 95097.2 | D5: 108070 | E5: 99320.1 | F5: 175440 | G5: 312238 | H5: 247371 | I5: 208092 | J5: 161863 | K5: 141234 | L5: 117820 | M5: 94528.6 | N5: 96612.7 | O5: 95032.3 | P5: 89693.6 | Q5: 92462.4 | R5: 102111 | S5: 111898 | T5: 115376 | U5: 110480 | V5: 97949 | W5: 99963.4 | X5: 87652.4 | Y5: 93510 | Z5: 88040.2 | AA5: 81705.6 | AB5: 84217 | AC5: 89811.9 | AD5: 76721.8 | AE5: 68882.9 | AF5: 66438.4 | AG5: 63333.1 | AH5: 59273.2 | AI5: 51338.9 | AJ5: 46461.9 | AK5: 41459.6 | AL5: 32992.1 | AM5: 26895.2
A6: Electricity Generation by Type[natural gas nonpeaker es,preexisting nonretiring] : MostRecentRun | B6: 0 | C6: 0 | D6: 0 | E6: 0 | F6: 0 | G6: 0 | H6: 0 | I6: 0 | J6: 0 | K6: 0 | L6: 0 | M6: 0 | N6: 0 | O6: 0 | P6: 0 | Q6: 0 | R6: 0 | S6: 0 | T6: 0 | U6: 0 | V6: 0 | W6: 0 | X6: 0 | Y6: 0 | Z6: 0 | AA6: 0 | AB6: 0 | AC6: 0 | AD6: 0 | AE6: 0 | AF6: 0 | AG6: 0 | AH6: 0 | AI6: 0 | AJ6: 0 | AK6: 0 | AL6: 0 | AM6: 0
A7: Electricity Generation by Type[natural gas nonpeaker es,newly built] : MostRecentRun | B7: 0 | C7: 0 | D7: 0 | E7: 0 | F7: 0 | G7: 30.8507 | H7: 49.3527 | I7: 62.947 | J7: 66.1632 | K7: 73.2915 | L7: 74.6688 | M7: 81.3721 | N7: 106.287 | O7: 128.484 | P7: 145.151 | Q7: 175.9 | R7: 225.465 | S7: 298.503 | T7: 365.376 | U7: 409.935 | V7: 422.076 | W7: 497.972 | X7: 502.465 | Y7: 632.11 | Z7: 697.911 | AA7: 758.154 | AB7: 916.463 | AC7: 1148.04 | AD7: 1133.38 | AE7: 1183.78 | AF7: 1339.86 | AG7: 1511.99 | AH7: 1672.08 | AI7: 1740.71 | AJ7: 1936.25 | AK7: 2157.58 | AL7: 2233.81 | AM7: 2585.48
A8: Electricity Generation by Type[nuclear es,preexisting retiring] : MostRecentRun | B8: 416150000 | C8: 416150000 | D8: 416150000 | E8: 416150000 | F8: 416150000 | G8: 416150000 | H8: 416150000 | I8: 416150000 | J8: 416150000 | K8: 416150000 | L8: 416150000 | M8: 416150000 | N8: 416150000 | O8: 416150000 | P8: 416150000 | Q8: 416150000 | R8: 416150000 | S8: 416150000 | T8: 416150000 | U8: 416150000 | V8: 411282000 | W8: 406414000 | X8: 406414000 | Y8: 401546000 | Z8: 401546000 | AA8: 401546000 | AB8: 401546000 | AC8: 396679000 | AD8: 391811000 | AE8: 386943000 | AF8: 377208000 | AG8: 367473000 | AH8: 362605000 | AI8: 362605000 | AJ8: 357737000 | AK8: 352870000 | AL8: 348002000 | AM8: 343134000
A9: Electricity Generation by Type[nuclear es,preexisting nonretiring] : MostRecentRun | B9: 0 | C9: 0 | D9: 0 | E9: 0 | F9: 0 | G9: 0 | H9: 0 | I9: 0 | J9: 0 | K9: 0 | L9: 0 | M9: 0 | N9: 0 | O9: 0 | P9: 0 | Q9: 0 | R9: 0 | S9: 0 | T9: 0 | U9: 0 | V9: 0 | W9: 0 | X9: 0 | Y9: 0 | Z9: 0 | AA9: 0 | AB9: 0 | AC9: 0 | AD9: 0 | AE9: 0 | AF9: 0 | AG9: 0 | AH9: 0 | AI9: 0 | AJ9: 0 | AK9: 0 | AL9: 0 | AM9: 0
A10: Electricity Generation by Type[nuclear es,newly built] : MostRecentRun | B10: 19470700 | C10: 24338400 | D10: 63279900 | E10: 102221000 | F10: 146031000 | G10: 175237000 | H10: 184972000 | I10: 184972000 | J10: 184972000 | K10: 184972000 | L10: 184972000 | M10: 189840000 | N10: 194707000 | O10: 199575000 | P10: 204443000 | Q10: 209310000 | R10: 214178000 | S10: 219046000 | T10: 223913000 | U10: 228781000 | V10: 233649000 | W10: 238516000 | X10: 243384000 | Y10: 248252000 | Z10: 253120000 | AA10: 257987000 | AB10: 262855000 | AC10: 272590000 | AD10: 277458000 | AE10: 282326000 | AF10: 287193000 | AG10: 292061000 | AH10: 296929000 | AI10: 301796000 | AJ10: 306664000 | AK10: 306664000 | AL10: 306664000 | AM10: 311532000
A11: Electricity Generation by Type[hydro es,preexisting retiring] : MostRecentRun | B11: 1236970000 | C11: 1236970000 | D11: 1236970000 | E11: 1236970000 | F11: 1236970000 | G11: 1236970000 | H11: 1236970000 | I11: 1236970000 | J11: 1236970000 | K11: 1236970000 | L11: 1236970000 | M11: 1236970000 | N11: 1236970000 | O11: 1236970000 | P11: 1236970000 | Q11: 1236970000 | R11: 1236970000 | S11: 1236970000 | T11: 1236970000 | U11: 1236970000 | V11: 1236970000 | W11: 1236970000 | X11: 1236970000 | Y11: 1236970000 | Z11: 1236970000 | AA11: 1236970000 | AB11: 1236970000 | AC11: 1236970000 | AD11: 1236970000 | AE11: 1236970000 | AF11: 1236970000 | AG11: 1236970000 | AH11: 1236970000 | AI11: 1236970000 | AJ11: 1236970000 | AK11: 1236970000 | AL11: 1236970000 | AM11: 1236970000
A12: Electricity Generation by Type[hydro es,preexisting nonretiring] : MostRecentRun | B12: 0 | C12: 0 | D12: 0 | E12: 0 | F12: 0 | G12: 0 | H12: 0 | I12: 0 | J12: 0 | K12: 0 | L12: 0 | M12: 0 | N12: 0 | O12: 0 | P12: 0 | Q12: 0 | R12: 0 | S12: 0 | T12: 0 | U12: 0 | V12: 0 | W12: 0 | X12: 0 | Y12: 0 | Z12: 0 | AA12: 0 | AB12: 0 | AC12: 0 | AD12: 0 | AE12: 0 | AF12: 0 | AG12: 0 | AH12: 0 | AI12: 0 | AJ12: 0 | AK12: 0 | AL12: 0 | AM12: 0
... A88: RQSD BAU RPS Qualifying Source Definitions[municipal solid waste es] : MostRecentRun | B88: 1 | C88: 1 | D88: 1 | E88: 1 | F88: 1 | G88: 1 | H88: 1 | I88: 1 | J88: 1 | K88: 1 | L88: 1 | M88: 1 | N88: 1 | O88: 1 | P88: 1 | Q88: 1 | R88: 1 | S88: 1 | T88: 1 | U88: 1 | V88: 1 | W88: 1 | X88: 1 | Y88: 1 | Z88: 1 | AA88: 1 | AB88: 1 | AC88: 1 | AD88: 1 | AE88: 1 | AF88: 1 | AG88: 1 | AH88: 1 | AI88: 1 | AJ88: 1 | AK88: 1 | AL88: 1 | AM88: 1

Sheet calculation
A1: =About!C56 -> 全国 National | B1: =VLOOKUP(A1,'Province Selector'!$B$2:$D$33,3,FALSE) -> 全国 | C1: 2015 | D1: 2016 | E1: 2017 | F1: 2018 | G1: 2019 | H1: 2020 | I1: 2021 | J1: 2022 | K1: 2023 | L1: 2024 | M1: 2025 | N1: 2026 | O1: 2027 | P1: 2028 | Q1: 2029 | R1: 2030 | S1: 2031 | T1: 2032 | U1: 2033 | V1: 2034 | W1: 2035 | X1: 2036 | Y1: 2037 | Z1: 2038 | AA1: 2039 | AB1: 2040 | AC1: 2041 | AD1: 2042 | AE1: 2043 | AF1: 2044 | AG1: 2045 | AH1: 2046 | AI1: 2047 | AJ1: 2048 | AK1: 2049 | AL1: 2050 | AM1: 2051 | AN1: 2052 | AO1: 2053 | AP1: 2054 | AQ1: 2055 | AR1: 2056 | AS1: 2057 | AT1: 2058 | AU1: 2059 | AV1: 2060
A2: Past Renewable Consumption Ratio | B2: 可再生消纳比例 | C2: =VLOOKUP($B$1,'historic consumption'!$A$4:$Q$35,COLUMN(J1),FALSE) -> 0.245 | D2: =VLOOKUP($B$1,'historic consumption'!$A$4:$Q$35,COLUMN(K1),FALSE) -> 0.254 | E2: =VLOOKUP($B$1,'historic consumption'!$A$4:$Q$35,COLUMN(L1),FALSE) -> 0.265 | F2: =VLOOKUP($B$1,'historic consumption'!$A$4:$Q$35,COLUMN(M1),FALSE) -> 0.265 | G2: =VLOOKUP($B$1,'historic consumption'!$A$4:$Q$35,COLUMN(N1),FALSE) -> 0.275 | H2: =VLOOKUP($B$1,'historic consumption'!$A$4:$Q$35,COLUMN(O1),FALSE) -> 0.288 | I2: =VLOOKUP($B$1,'historic consumption'!$A$4:$Q$35,COLUMN(P1),FALSE) -> 0.294 | J2: =VLOOKUP($B$1,'historic consumption'!$A$4:$Q$35,COLUMN(Q1),FALSE) -> 0.316
A3: Renewable Consumption Ratio set in 2021 | B3: 21年预设目标 | I3: =VLOOKUP($B$1,'pre145 21-30 targets'!$B$4:$L$34,COLUMN(B1),FALSE) -> 0.287 | J3: =VLOOKUP($B$1,'pre145 21-30 targets'!$B$4:$L$34,COLUMN(C1),FALSE) -> 0.299 | K3: =VLOOKUP($B$1,'pre145 21-30 targets'!$B$4:$L$34,COLUMN(D1),FALSE) -> 0.311 | L3: =VLOOKUP($B$1,'pre145 21-30 targets'!$B$4:$L$34,COLUMN(E1),FALSE) -> 0.324 | M3: =VLOOKUP($B$1,'pre145 21-30 targets'!$B$4:$L$34,COLUMN(F1),FALSE) -> 0.336 | N3: =VLOOKUP($B$1,'pre145 21-30 targets'!$B$4:$L$34,COLUMN(G1),FALSE) -> 0.349 | O3: =VLOOKUP($B$1,'pre145 21-30 targets'!$B$4:$L$34,COLUMN(H1),FALSE) -> 0.361 | P3: =VLOOKUP($B$1,'pre145 21-30 targets'!$B$4:$L$34,COLUMN(I1),FALSE) -> 0.374 | ... R3: =VLOOKUP($B$1,'pre145 21-30 targets'!$B$4:$L$34,COLUMN(K1),FALSE) -> 0.4
A4: Annual Renewal Consumption Target | B4: 历年目标 | F4: =VLOOKUP($B$1,'annual consumption target'!$A$4:$H$34,COLUMN(B1),FALSE) -> #N/A | G4: =VLOOKUP($B$1,'annual consumption target'!$A$4:$H$34,COLUMN(C1),FALSE) -> #N/A | H4: =VLOOKUP($B$1,'annual consumption target'!$A$4:$H$34,COLUMN(D1),FALSE) -> #N/A | I4: =VLOOKUP($B$1,'annual consumption target'!$A$4:$H$34,COLUMN(E1),FALSE) -> #N/A | J4: =VLOOKUP($B$1,'annual consumption target'!$A$4:$H$34,COLUMN(F1),FALSE) -> #N/A | K4: =VLOOKUP($B$1,'annual consumption target'!$A$4:$H$34,COLUMN(G1),FALSE) -> #N/A | L4: =VLOOKUP($B$1,'annual consumption target'!$A$4:$H$34,COLUMN(H1),FALSE) -> #N/A
A5: Past non-Hydro RE Consumption Ratio | B5: 非水可再生消纳比例 | C5: =VLOOKUP($B$1,'historic consumption'!$A$4:$AG$35,COLUMN(Z1),FALSE) -> 0.05 | D5: =VLOOKUP($B$1,'historic consumption'!$A$4:$AG$35,COLUMN(AA1),FALSE) -> 0.063 | E5: =VLOOKUP($B$1,'historic consumption'!$A$4:$AG$35,COLUMN(AB1),FALSE) -> 0.08 | F5: =VLOOKUP($B$1,'historic consumption'!$A$4:$AG$35,COLUMN(AC1),FALSE) -> 0.092 | G5: =VLOOKUP($B$1,'historic consumption'!$A$4:$AG$35,COLUMN(AD1),FALSE) -> 0.102 | H5: =VLOOKUP($B$1,'historic consumption'!$A$4:$AG$35,COLUMN(AE1),FALSE) -> 0.114 | I5: =VLOOKUP($B$1,'historic consumption'!$A$4:$AG$35,COLUMN(AF1),FALSE) -> 0.137 | J5: =VLOOKUP($B$1,'historic consumption'!$A$4:$AG$35,COLUMN(AG1),FALSE) -> 0.159
A6: non-Hydro RE Consumption Ratio set in 2021 | B6: 21年预设目标 | I6: =VLOOKUP($B$1,'pre145 21-30 targets'!$N$4:$X$34,COLUMN(B1),FALSE) -> 0.127 | J6: =VLOOKUP($B$1,'pre145 21-30 targets'!$N$4:$X$34,COLUMN(C1),FALSE) -> 0.142 | K6: =VLOOKUP($B$1,'pre145 21-30 targets'!$N$4:$X$34,COLUMN(D1),FALSE) -> 0.156 | L6: =VLOOKUP($B$1,'pre145 21-30 targets'!$N$4:$X$34,COLUMN(E1),FALSE) -> 0.171 | M6: =VLOOKUP($B$1,'pre145 21-30 targets'!$N$4:$X$34,COLUMN(F1),FALSE) -> 0.186 | N6: =VLOOKUP($B$1,'pre145 21-30 targets'!$N$4:$X$34,COLUMN(G1),FALSE) -> 0.2 | O6: =VLOOKUP($B$1,'pre145 21-30 targets'!$N$4:$X$34,COLUMN(H1),FALSE) -> 0.215 | P6: =VLOOKUP($B$1,'pre145 21-30 targets'!$N$4:$X$34,COLUMN(I1),FALSE) -> 0.23 | ... R6: =VLOOKUP($B$1,'pre145 21-30 targets'!$N$4:$X$34,COLUMN(K1),FALSE) -> 0.259
A7: Annual Renewal Consumption Target | B7: 历年目标 | F7: =VLOOKUP($B$1,'annual consumption target'!$A$4:$O$34,COLUMN(I1),FALSE) -> #N/A | G7: =VLOOKUP($B$1,'annual consumption target'!$A$4:$O$34,COLUMN(J1),FALSE) -> #N/A | H7: =VLOOKUP($B$1,'annual consumption target'!$A$4:$O$34,COLUMN(K1),FALSE) -> #N/A | I7: =VLOOKUP($B$1,'annual consumption target'!$A$4:$O$34,COLUMN(L1),FALSE) -> #N/A | J7: =VLOOKUP($B$1,'annual consumption target'!$A$4:$O$34,COLUMN(M1),FALSE) -> #N/A | K7: =VLOOKUP($B$1,'annual consumption target'!$A$4:$O$34,COLUMN(N1),FALSE) -> #N/A | L7: =VLOOKUP($B$1,'annual consumption target'!$A$4:$O$34,COLUMN(O1),FALSE) -> #N/A
A9: Past RE Consumed | B9: 可再生消纳量 | C9: =VLOOKUP($B$1,'historic consumption'!$A$4:$Q$35,COLUMN(B1),FALSE) -> 13625 | D9: =VLOOKUP($B$1,'historic consumption'!$A$4:$Q$35,COLUMN(C1),FALSE) -> 15058 | E9: =VLOOKUP($B$1,'historic consumption'!$A$4:$Q$35,COLUMN(D1),FALSE) -> 16686 | F9: =VLOOKUP($B$1,'historic consumption'!$A$4:$Q$35,COLUMN(E1),FALSE) -> 18158.97 | G9: =VLOOKUP($B$1,'historic consumption'!$A$4:$Q$35,COLUMN(F1),FALSE) -> 19938 | H9: =VLOOKUP($B$1,'historic consumption'!$A$4:$Q$35,COLUMN(G1),FALSE) -> 21613 | I9: =VLOOKUP($B$1,'historic consumption'!$A$4:$Q$35,COLUMN(H1),FALSE) -> 24446 | J9: =VLOOKUP($B$1,'historic consumption'!$A$4:$Q$35,COLUMN(I1),FALSE) -> 26810
A10: Past non-Hydro RE Consumed | B10: 非水可再生消纳量 | C10: =VLOOKUP($B$1,'historic consumption'!$A$4:$AG$35,COLUMN(R1),FALSE) -> 2778 | D10: =VLOOKUP($B$1,'historic consumption'!$A$4:$AG$35,COLUMN(S1),FALSE) -> 3717 | E10: =VLOOKUP($B$1,'historic consumption'!$A$4:$AG$35,COLUMN(T1),FALSE) -> 5025 | F10: =VLOOKUP($B$1,'historic consumption'!$A$4:$AG$35,COLUMN(U1),FALSE) -> 6314.2 | G10: =VLOOKUP($B$1,'historic consumption'!$A$4:$AG$35,COLUMN(V1),FALSE) -> 7388 | H10: =VLOOKUP($B$1,'historic consumption'!$A$4:$AG$35,COLUMN(W1),FALSE) -> 8562 | I10: =VLOOKUP($B$1,'historic consumption'!$A$4:$AG$35,COLUMN(X1),FALSE) -> 11398 | J10: =VLOOKUP($B$1,'historic consumption'!$A$4:$AG$35,COLUMN(Y1),FALSE) -> 13676
A12: Total Generation | B12: 总发电量(亿千瓦小时) | C12: =SUMIFS('historic generation'!$D:$D,'historic generation'!$A:$A,"*"&$B$1&"*",'historic generation'!$B:$B,$B12,'historic generation'!$C:$C,C$1) -> 57400 | D12: =SUMIFS('historic generation'!$D:$D,'historic generation'!$A:$A,"*"&$B$1&"*",'historic generation'!$B:$B,$B12,'historic generation'!$C:$C,D$1) -> 60228 | E12: =SUMIFS('historic generation'!$D:$D,'historic generation'!$A:$A,"*"&$B$1&"*",'historic generation'!$B:$B,$B12,'historic generation'!$C:$C,E$1) -> 64171 | F12: =SUMIFS('historic generation'!$D:$D,'historic generation'!$A:$A,"*"&$B$1&"*",'historic generation'!$B:$B,$B12,'historic generation'!$C:$C,F$1) -> 69947 | G12: =SUMIFS('historic generation'!$D:$D,'historic generation'!$A:$A,"*"&$B$1&"*",'historic generation'!$B:$B,$B12,'historic generation'!$C:$C,G$1) -> 73269 | H12: =SUMIFS('historic generation'!$D:$D,'historic generation'!$A:$A,"*"&$B$1&"*",'historic generation'!$B:$B,$B12,'historic generation'!$C:$C,H$1) -> 76264 | I12: =SUMIFS('historic generation'!$D:$D,'historic generation'!$A:$A,"*"&$B$1&"*",'historic generation'!$B:$B,$B12,'historic generation'!$C:$C,I$1) -> 83959 | J12: =SUMIFS('historic generation'!$D:$D,'historic generation'!$A:$A,"*"&$B$1&"*",'historic generation'!$B:$B,$B12,'historic generation'!$C:$C,J$1) -> 86945 | K12: 88548.427 | L12: 90708.261 | M12: 92785.167 | N12: 94890.311 | O12: 97245.297 | P12: 99523.036 | Q12: 101621 | R12: 104120.51
A13: Hydro Generation | B13: 水力发电量(亿千瓦小时) | C13: =SUMIFS('historic generation'!$D:$D,'historic generation'!$A:$A,"*"&$B$1&"*",'historic generation'!$B:$B,$B13,'historic generation'!$C:$C,C$1) -> 11127 | D13: =SUMIFS('historic generation'!$D:$D,'historic generation'!$A:$A,"*"&$B$1&"*",'historic generation'!$B:$B,$B13,'historic generation'!$C:$C,D$1) -> 11748 | E13: =SUMIFS('historic generation'!$D:$D,'historic generation'!$A:$A,"*"&$B$1&"*",'historic generation'!$B:$B,$B13,'historic generation'!$C:$C,E$1) -> 11931 | F13: =SUMIFS('historic generation'!$D:$D,'historic generation'!$A:$A,"*"&$B$1&"*",'historic generation'!$B:$B,$B13,'historic generation'!$C:$C,F$1) -> 12321 | G13: =SUMIFS('historic generation'!$D:$D,'historic generation'!$A:$A,"*"&$B$1&"*",'historic generation'!$B:$B,$B13,'historic generation'!$C:$C,G$1) -> 13021 | H13: =SUMIFS('historic generation'!$D:$D,'historic generation'!$A:$A,"*"&$B$1&"*",'historic generation'!$B:$B,$B13,'historic generation'!$C:$C,H$1) -> 13553 | I13: =SUMIFS('historic generation'!$D:$D,'historic generation'!$A:$A,"*"&$B$1&"*",'historic generation'!$B:$B,$B13,'historic generation'!$C:$C,I$1) -> 13399 | J13: =SUMIFS('historic generation'!$D:$D,'historic generation'!$A:$A,"*"&$B$1&"*",'historic generation'!$B:$B,$B13,'historic generation'!$C:$C,J$1) -> 13517 | K13: {=FORECAST(K12,C13:J13,C12:J12)} -> 13960.177 | L13: {=FORECAST(L12,D13:K13,D12:K12)} -> 14065.224 | M13: {=FORECAST(M12,E13:L13,E12:L12)} -> 14204.04 | N13: {=FORECAST(N12,F13:M13,F12:M12)} -> 14294.345 | O13: {=FORECAST(O12,G13:N13,G12:N12)} -> 14341.236 | P13: {=FORECAST(P12,H13:O13,H12:O12)} -> 14430.471 | Q13: {=FORECAST(Q12,I13:P13,I12:P12)} -> 14694.162 | R13: {=FORECAST(R12,J13:Q13,J12:Q12)} -> 14827.602
A14: Biogas Generation | B14: 沼气发电发电量(亿千瓦小时) | C14: =SUMIFS('historic generation'!$D:$D,'historic generation'!$A:$A,"*"&$B$1&"*",'historic generation'!$B:$B,$B14,'historic generation'!$C:$C,C$1) -> 0 | D14: =SUMIFS('historic generation'!$D:$D,'historic generation'!$A:$A,"*"&$B$1&"*",'historic generation'!$B:$B,$B14,'historic generation'!$C:$C,D$1) -> 21 | E14: =SUMIFS('historic generation'!$D:$D,'historic generation'!$A:$A,"*"&$B$1&"*",'historic generation'!$B:$B,$B14,'historic generation'!$C:$C,E$1) -> 18 | F14: =SUMIFS('historic generation'!$D:$D,'historic generation'!$A:$A,"*"&$B$1&"*",'historic generation'!$B:$B,$B14,'historic generation'!$C:$C,F$1) -> 22 | G14: =SUMIFS('historic generation'!$D:$D,'historic generation'!$A:$A,"*"&$B$1&"*",'historic generation'!$B:$B,$B14,'historic generation'!$C:$C,G$1) -> 30.3 | H14: =SUMIFS('historic generation'!$D:$D,'historic generation'!$A:$A,"*"&$B$1&"*",'historic generation'!$B:$B,$B14,'historic generation'!$C:$C,H$1) -> 38 | I14: =SUMIFS('historic generation'!$D:$D,'historic generation'!$A:$A,"*"&$B$1&"*",'historic generation'!$B:$B,$B14,'historic generation'!$C:$C,I$1) -> 37 | J14: =SUMIFS('historic generation'!$D:$D,'historic generation'!$A:$A,"*"&$B$1&"*",'historic generation'!$B:$B,$B14,'historic generation'!$C:$C,J$1) -> 40 | K14: {=FORECAST(K12,C14:J14,C12:J12)} -> 45.028505 | L14: {=FORECAST(L12,D14:K14,D12:K12)} -> 45.185021 | M14: {=FORECAST(M12,E14:L14,E12:L12)} -> 47.924257 | N14: {=FORECAST(N12,F14:M14,F12:M12)} -> 49.557257 | O14: {=FORECAST(O12,G14:N14,G12:N12)} -> 50.50877 | P14: {=FORECAST(P12,H14:O14,H12:O12)} -> 51.726668 | Q14: {=FORECAST(Q12,I14:P14,I12:P12)} -> 55.104482 | R14: {=FORECAST(R12,J14:Q14,J12:Q12)} -> 56.87551
A15: Wood and Crop Biomass Generation | B15: 秸秆.蔗渣.林木质发电发电量(亿千瓦小时) | C15: =SUMIFS('historic generation'!$D:$D,'historic generation'!$A:$A,"*"&$B$1&"*",'historic generation'!$B:$B,$B15,'historic generation'!$C:$C,C$1) -> 0 | D15: =SUMIFS('historic generation'!$D:$D,'historic generation'!$A:$A,"*"&$B$1&"*",'historic generation'!$B:$B,$B15,'historic generation'!$C:$C,D$1) -> 351 | E15: =SUMIFS('historic generation'!$D:$D,'historic generation'!$A:$A,"*"&$B$1&"*",'historic generation'!$B:$B,$B15,'historic generation'!$C:$C,E$1) -> 415 | F15: =SUMIFS('historic generation'!$D:$D,'historic generation'!$A:$A,"*"&$B$1&"*",'historic generation'!$B:$B,$B15,'historic generation'!$C:$C,F$1) -> 429 | G15: =SUMIFS('historic generation'!$D:$D,'historic generation'!$A:$A,"*"&$B$1&"*",'historic generation'!$B:$B,$B15,'historic generation'!$C:$C,G$1) -> 485 | H15: =SUMIFS('historic generation'!$D:$D,'historic generation'!$A:$A,"*"&$B$1&"*",'historic generation'!$B:$B,$B15,'historic generation'!$C:$C,H$1) -> 533 | I15: =SUMIFS('historic generation'!$D:$D,'historic generation'!$A:$A,"*"&$B$1&"*",'historic generation'!$B:$B,$B15,'historic generation'!$C:$C,I$1) -> 533 | J15: =SUMIFS('historic generation'!$D:$D,'historic generation'!$A:$A,"*"&$B$1&"*",'historic generation'!$B:$B,$B15,'historic generation'!$C:$C,J$1) -> 533 | K15: {=FORECAST(K$12,C15:J15,C$12:J$12)} -> 633.54552 | L15: {=FORECAST(L$12,D15:K15,D$12:K$12)} -> 609.77019 | M15: {=FORECAST(M$12,E15:L15,E$12:L$12)} -> 621.31569 | N15: {=FORECAST(N$12,F15:M15,F$12:M$12)} -> 638.24586 | O15: {=FORECAST(O$12,G15:N15,G$12:N$12)} -> 649.35456 | P15: {=FORECAST(P$12,H15:O15,H$12:O$12)} -> 663.23471 | Q15: {=FORECAST(Q$12,I15:P15,I$12:P$12)} -> 691.14138 | R15: {=FORECAST(R$12,J15:Q15,J$12:Q$12)} -> 706.87066
A16: Solid Waste Generation | B16: 垃圾焚烧发电发电量(亿千瓦小时) | C16: =SUMIFS('historic generation'!$D:$D,'historic generation'!$A:$A,"*"&$B$1&"*",'historic generation'!$B:$B,$B16,'historic generation'!$C:$C,C$1) -> 0 | D16: =SUMIFS('historic generation'!$D:$D,'historic generation'!$A:$A,"*"&$B$1&"*",'historic generation'!$B:$B,$B16,'historic generation'!$C:$C,D$1) -> 315 | E16: =SUMIFS('historic generation'!$D:$D,'historic generation'!$A:$A,"*"&$B$1&"*",'historic generation'!$B:$B,$B16,'historic generation'!$C:$C,E$1) -> 380 | F16: =SUMIFS('historic generation'!$D:$D,'historic generation'!$A:$A,"*"&$B$1&"*",'historic generation'!$B:$B,$B16,'historic generation'!$C:$C,F$1) -> 485 | G16: =SUMIFS('historic generation'!$D:$D,'historic generation'!$A:$A,"*"&$B$1&"*",'historic generation'!$B:$B,$B16,'historic generation'!$C:$C,G$1) -> 611 | H16: =SUMIFS('historic generation'!$D:$D,'historic generation'!$A:$A,"*"&$B$1&"*",'historic generation'!$B:$B,$B16,'historic generation'!$C:$C,H$1) -> 785 | I16: =SUMIFS('historic generation'!$D:$D,'historic generation'!$A:$A,"*"&$B$1&"*",'historic generation'!$B:$B,$B16,'historic generation'!$C:$C,I$1) -> 1089 | J16: =SUMIFS('historic generation'!$D:$D,'historic generation'!$A:$A,"*"&$B$1&"*",'historic generation'!$B:$B,$B16,'historic generation'!$C:$C,J$1) -> 1089 | K16: {=FORECAST(K$12,C16:J16,C$12:J$12)} -> 1189.1836 | L16: {=FORECAST(L$12,D16:K16,D$12:K$12)} -> 1241.2363 | M16: {=FORECAST(M$12,E16:L16,E$12:L$12)} -> 1326.8028 | N16: {=FORECAST(N$12,F16:M16,F$12:M$12)} -> 1412.4129 | O16: {=FORECAST(O$12,G16:N16,G$12:N$12)} -> 1488.2636 | P16: {=FORECAST(P$12,H16:O16,H$12:O$12)} -> 1551.377 | Q16: {=FORECAST(Q$12,I16:P16,I$12:P$12)} -> 1619.4298 | R16: {=FORECAST(R$12,J16:Q16,J$12:Q$12)} -> 1720.9504
A17: Wind Generation | B17: 风力发电量(亿千瓦小时) | C17: =SUMIFS('historic generation'!$D:$D,'historic generation'!$A:$A,"*"&$B$1&"*",'historic generation'!$B:$B,$B17,'historic generation'!$C:$C,C$1) -> 1856 | D17: =SUMIFS('historic generation'!$D:$D,'historic generation'!$A:$A,"*"&$B$1&"*",'historic generation'!$B:$B,$B17,'historic generation'!$C:$C,D$1) -> 2409 | E17: =SUMIFS('historic generation'!$D:$D,'historic generation'!$A:$A,"*"&$B$1&"*",'historic generation'!$B:$B,$B17,'historic generation'!$C:$C,E$1) -> 3034 | F17: =SUMIFS('historic generation'!$D:$D,'historic generation'!$A:$A,"*"&$B$1&"*",'historic generation'!$B:$B,$B17,'historic generation'!$C:$C,F$1) -> 3658 | G17: =SUMIFS('historic generation'!$D:$D,'historic generation'!$A:$A,"*"&$B$1&"*",'historic generation'!$B:$B,$B17,'historic generation'!$C:$C,G$1) -> 4053 | H17: =SUMIFS('historic generation'!$D:$D,'historic generation'!$A:$A,"*"&$B$1&"*",'historic generation'!$B:$B,$B17,'historic generation'!$C:$C,H$1) -> 4665 | I17: =SUMIFS('historic generation'!$D:$D,'historic generation'!$A:$A,"*"&$B$1&"*",'historic generation'!$B:$B,$B17,'historic generation'!$C:$C,I$1) -> 6558 | J17: =SUMIFS('historic generation'!$D:$D,'historic generation'!$A:$A,"*"&$B$1&"*",'historic generation'!$B:$B,$B17,'historic generation'!$C:$C,J$1) -> 7624 | K17: =J18+J17+(K12-J12)*0.5 -> 12701.714 | L17: =K18+K17+(L12-K12)*0.5 -> 13781.63 | M17: =L18+L17+(M12-L12)*0.5 -> 14820.084 | N17: =M18+M17+(N12-M12)*0.5 -> 15872.655 | O17: =N18+N17+(O12-N12)*0.5 -> 17050.148 | R17: =J17*3 -> 22872
A18: Solar Generation | B18: 太阳能发电量(亿千瓦小时) | C18: =SUMIFS('historic generation'!$D:$D,'historic generation'!$A:$A,"*"&$B$1&"*",'historic generation'!$B:$B,$B18,'historic generation'!$C:$C,C$1) -> 395 | D18: =SUMIFS('historic generation'!$D:$D,'historic generation'!$A:$A,"*"&$B$1&"*",'historic generation'!$B:$B,$B18,'historic generation'!$C:$C,D$1) -> 665 | E18: =SUMIFS('historic generation'!$D:$D,'historic generation'!$A:$A,"*"&$B$1&"*",'historic generation'!$B:$B,$B18,'historic generation'!$C:$C,E$1) -> 1166 | F18: =SUMIFS('historic generation'!$D:$D,'historic generation'!$A:$A,"*"&$B$1&"*",'historic generation'!$B:$B,$B18,'historic generation'!$C:$C,F$1) -> 1769 | G18: =SUMIFS('historic generation'!$D:$D,'historic generation'!$A:$A,"*"&$B$1&"*",'historic generation'!$B:$B,$B18,'historic generation'!$C:$C,G$1) -> 2240 | H18: =SUMIFS('historic generation'!$D:$D,'historic generation'!$A:$A,"*"&$B$1&"*",'historic generation'!$B:$B,$B18,'historic generation'!$C:$C,H$1) -> 2611 | I18: =SUMIFS('historic generation'!$D:$D,'historic generation'!$A:$A,"*"&$B$1&"*",'historic generation'!$B:$B,$B18,'historic generation'!$C:$C,I$1) -> 3270 | J18: =SUMIFS('historic generation'!$D:$D,'historic generation'!$A:$A,"*"&$B$1&"*",'historic generation'!$B:$B,$B18,'historic generation'!$C:$C,J$1) -> 4276 | R18: =J18*3 -> 12828
A19: Nuclear Generation | B19: 核能发电量(亿千瓦小时) | C19: =SUMIFS('historic generation'!$D:$D,'historic generation'!$A:$A,"*"&$B$1&"*",'historic generation'!$B:$B,$B19,'historic generation'!$C:$C,C$1) -> 1714 | D19: =SUMIFS('historic generation'!$D:$D,'historic generation'!$A:$A,"*"&$B$1&"*",'historic generation'!$B:$B,$B19,'historic generation'!$C:$C,D$1) -> 2132 | E19: =SUMIFS('historic generation'!$D:$D,'historic generation'!$A:$A,"*"&$B$1&"*",'historic generation'!$B:$B,$B19,'historic generation'!$C:$C,E$1) -> 2481 | F19: =SUMIFS('historic generation'!$D:$D,'historic generation'!$A:$A,"*"&$B$1&"*",'historic generation'!$B:$B,$B19,'historic generation'!$C:$C,F$1) -> 2950 | G19: =SUMIFS('historic generation'!$D:$D,'historic generation'!$A:$A,"*"&$B$1&"*",'historic generation'!$B:$B,$B19,'historic generation'!$C:$C,G$1) -> 3487 | H19: =SUMIFS('historic generation'!$D:$D,'historic generation'!$A:$A,"*"&$B$1&"*",'historic generation'!$B:$B,$B19,'historic generation'!$C:$C,H$1) -> 3662 | I19: =SUMIFS('historic generation'!$D:$D,'historic generation'!$A:$A,"*"&$B$1&"*",'historic generation'!$B:$B,$B19,'historic generation'!$C:$C,I$1) -> 4075 | J19: =SUMIFS('historic generation'!$D:$D,'historic generation'!$A:$A,"*"&$B$1&"*",'historic generation'!$B:$B,$B19,'historic generation'!$C:$C,J$1) -> 4178 | K19: {=FORECAST(K$12,C19:J19,C$12:J$12)} -> 4516.1246 | L19: {=FORECAST(L$12,D19:K19,D$12:K$12)} -> 4655.0019 | M19: {=FORECAST(M$12,E19:L19,E$12:L$12)} -> 4796.2767 | N19: {=FORECAST(N$12,F19:M19,F$12:M$12)} -> 4924.5926 | O19: {=FORECAST(O$12,G19:N19,G$12:N$12)} -> 5050.7421 | P19: {=FORECAST(P$12,H19:O19,H$12:O$12)} -> 5226.3263 | Q19: {=FORECAST(Q$12,I19:P19,I$12:P$12)} -> 5417.5456 | R19: {=FORECAST(R$12,J19:Q19,J$12:Q$12)} -> 5602.8157
A20: Other Renewable Generation | B20: 其他机组发电量(亿千瓦小时) | C20: =SUMIFS('historic generation'!$D:$D,'historic generation'!$A:$A,"*"&$B$1&"*",'historic generation'!$B:$B,$B20,'historic generation'!$C:$C,C$1) -> 1.5 | D20: =SUMIFS('historic generation'!$D:$D,'historic generation'!$A:$A,"*"&$B$1&"*",'historic generation'!$B:$B,$B20,'historic generation'!$C:$C,D$1) -> 1.2 | E20: =SUMIFS('historic generation'!$D:$D,'historic generation'!$A:$A,"*"&$B$1&"*",'historic generation'!$B:$B,$B20,'historic generation'!$C:$C,E$1) -> 1 | F20: =SUMIFS('historic generation'!$D:$D,'historic generation'!$A:$A,"*"&$B$1&"*",'historic generation'!$B:$B,$B20,'historic generation'!$C:$C,F$1) -> 1 | G20: =SUMIFS('historic generation'!$D:$D,'historic generation'!$A:$A,"*"&$B$1&"*",'historic generation'!$B:$B,$B20,'historic generation'!$C:$C,G$1) -> 3 | H20: =SUMIFS('historic generation'!$D:$D,'historic generation'!$A:$A,"*"&$B$1&"*",'historic generation'!$B:$B,$B20,'historic generation'!$C:$C,H$1) -> 3 | I20: =SUMIFS('historic generation'!$D:$D,'historic generation'!$A:$A,"*"&$B$1&"*",'historic generation'!$B:$B,$B20,'historic generation'!$C:$C,I$1) -> 2.3 | J20: =SUMIFS('historic generation'!$D:$D,'historic generation'!$A:$A,"*"&$B$1&"*",'historic generation'!$B:$B,$B20,'historic generation'!$C:$C,J$1) -> 0
B22: 发电量增量 | K22: =K12-J12 -> 1603.4272 | L22: =L12-K12 -> 2159.8335 | M22: =M12-L12 -> 2076.9064 | N22: =N12-M12 -> 2105.1435 | O22: =O12-N12 -> 2354.9861
A23: Total Renewable Generation | B23: 可再生能源发电量(亿千瓦小时) | C23: =SUM(C13:C20) -> 15093.5 | D23: =SUM(D13:D20) -> 17642.2 | E23: =SUM(E13:E20) -> 19426 | F23: =SUM(F13:F20) -> 21635 | G23: =SUM(G13:G20) -> 23930.3 | H23: =SUM(H13:H20) -> 25850 | I23: =SUM(I13:I20) -> 28963.3 | J23: =SUM(J13:J20) -> 31257 | K23: =SUM(K13:K19) -> 33045.773 | L23: =SUM(L13:L19) -> 34398.048 | M23: =SUM(M13:M19) -> 35816.443 | N23: =SUM(N13:N19) -> 37191.809 | O23: =SUM(O13:O19) -> 38630.253 | R23: =SUM(R13:R18) -> 53012.299
A24: Total non-Hydro RE Generation | B24: 非水可再生能源发电量(亿千瓦小时) | C24: =SUM(C14:C20) -> 3966.5 | D24: =SUM(D14:D20) -> 5894.2 | E24: =SUM(E14:E20) -> 7495 | F24: =SUM(F14:F20) -> 9314 | G24: =SUM(G14:G20) -> 10909.3 | H24: =SUM(H14:H20) -> 12297 | I24: =SUM(I14:I20) -> 15564.3 | J24: =SUM(J14:J20) -> 17740
B25: 间歇性可再生能源发电（亿千瓦小时） | C25: =SUM(C17,C18) -> 2251 | D25: =SUM(D17,D18) -> 3074 | E25: =SUM(E17,E18) -> 4200 | F25: =SUM(F17,F18) -> 5427 | G25: =SUM(G17,G18) -> 6293 | H25: =SUM(H17,H18) -> 7276 | I25: =SUM(I17,I18) -> 9828 | J25: =SUM(J17,J18) -> 11900
A27: Imported Electricity | B27: 调入电量(亿千瓦小时) | C27: =SUMIFS('historic exchange'!$F:$F,'historic exchange'!$B:$B,"*"&$B$1&"*",'historic exchange'!$C:$C,C$1,'historic exchange'!$D:$D,"1.3. 进口量")+SUMIFS('historic exchange'!$F:$F,'historic exchange'!$B:$B,"*"&$B$1&"*",'historic exchange'!$C:$C,C$1,'historic exchange'!$D:$D,"1.2. 外省(区、市)调入量") -> 62.1 | D27: =SUMIFS('historic exchange'!$F:$F,'historic exchange'!$B:$B,"*"&$B$1&"*",'historic exchange'!$C:$C,D$1,'historic exchange'!$D:$D,"1.3. 进口量")+SUMIFS('historic exchange'!$F:$F,'historic exchange'!$B:$B,"*"&$B$1&"*",'historic exchange'!$C:$C,D$1,'historic exchange'!$D:$D,"1.2. 外省(区、市)调入量") -> 61.85 | E27: =SUMIFS('historic exchange'!$F:$F,'historic exchange'!$B:$B,"*"&$B$1&"*",'historic exchange'!$C:$C,E$1,'historic exchange'!$D:$D,"1.3. 进口量")+SUMIFS('historic exchange'!$F:$F,'historic exchange'!$B:$B,"*"&$B$1&"*",'historic exchange'!$C:$C,E$1,'historic exchange'!$D:$D,"1.2. 外省(区、市)调入量") -> 64.23 | F27: =SUMIFS('historic exchange'!$F:$F,'historic exchange'!$B:$B,"*"&$B$1&"*",'historic exchange'!$C:$C,F$1,'historic exchange'!$D:$D,"1.3. 进口量")+SUMIFS('historic exchange'!$F:$F,'historic exchange'!$B:$B,"*"&$B$1&"*",'historic exchange'!$C:$C,F$1,'historic exchange'!$D:$D,"1.2. 外省(区、市)调入量") -> 56.88 | G27: =SUMIFS('historic exchange'!$F:$F,'historic exchange'!$B:$B,"*"&$B$1&"*",'historic exchange'!$C:$C,G$1,'historic exchange'!$D:$D,"1.3. 进口量")+SUMIFS('historic exchange'!$F:$F,'historic exchange'!$B:$B,"*"&$B$1&"*",'historic exchange'!$C:$C,G$1,'historic exchange'!$D:$D,"1.2. 外省(区、市)调入量") -> 48.58 | H27: =SUMIFS('historic exchange'!$F:$F,'historic exchange'!$B:$B,"*"&$B$1&"*",'historic exchange'!$C:$C,H$1,'historic exchange'!$D:$D,"1.3. 进口量")+SUMIFS('historic exchange'!$F:$F,'historic exchange'!$B:$B,"*"&$B$1&"*",'historic exchange'!$C:$C,H$1,'historic exchange'!$D:$D,"1.2. 外省(区、市)调入量") -> 47.51 | I27: =SUMIFS('historic exchange'!$F:$F,'historic exchange'!$B:$B,"*"&$B$1&"*",'historic exchange'!$C:$C,I$1,'historic exchange'!$D:$D,"1.3. 进口量")+SUMIFS('historic exchange'!$F:$F,'historic exchange'!$B:$B,"*"&$B$1&"*",'historic exchange'!$C:$C,I$1,'historic exchange'!$D:$D,"1.2. 外省(区、市)调入量") -> 59.38 | J27: =SUMIFS('historic exchange'!$F:$F,'historic exchange'!$B:$B,"*"&$B$1&"*",'historic exchange'!$C:$C,J$1,'historic exchange'!$D:$D,"1.3. 进口量")+SUMIFS('historic exchange'!$F:$F,'historic exchange'!$B:$B,"*"&$B$1&"*",'historic exchange'!$C:$C,J$1,'historic exchange'!$D:$D,"1.2. 外省(区、市)调入量") -> 71.38
A28: Exported Electricity | B28: 调出电量(亿千瓦小时) | C28: =SUMIFS('historic exchange'!$F:$F,'historic exchange'!$B:$B,"*"&$B$1&"*",'historic exchange'!$C:$C,C$1,'historic exchange'!$D:$D,"1.6. 出口量(-)")+SUMIFS('historic exchange'!$F:$F,'historic exchange'!$B:$B,"*"&$B$1&"*",'historic exchange'!$C:$C,C$1,'historic exchange'!$D:$D,"1.5. 本省(区、市)调出量(-)") -> -186.54 | D28: =SUMIFS('historic exchange'!$F:$F,'historic exchange'!$B:$B,"*"&$B$1&"*",'historic exchange'!$C:$C,D$1,'historic exchange'!$D:$D,"1.6. 出口量(-)")+SUMIFS('historic exchange'!$F:$F,'historic exchange'!$B:$B,"*"&$B$1&"*",'historic exchange'!$C:$C,D$1,'historic exchange'!$D:$D,"1.5. 本省(区、市)调出量(-)") -> -189.07 | E28: =SUMIFS('historic exchange'!$F:$F,'historic exchange'!$B:$B,"*"&$B$1&"*",'historic exchange'!$C:$C,E$1,'historic exchange'!$D:$D,"1.6. 出口量(-)")+SUMIFS('historic exchange'!$F:$F,'historic exchange'!$B:$B,"*"&$B$1&"*",'historic exchange'!$C:$C,E$1,'historic exchange'!$D:$D,"1.5. 本省(区、市)调出量(-)") -> -194.7 | F28: =SUMIFS('historic exchange'!$F:$F,'historic exchange'!$B:$B,"*"&$B$1&"*",'historic exchange'!$C:$C,F$1,'historic exchange'!$D:$D,"1.6. 出口量(-)")+SUMIFS('historic exchange'!$F:$F,'historic exchange'!$B:$B,"*"&$B$1&"*",'historic exchange'!$C:$C,F$1,'historic exchange'!$D:$D,"1.5. 本省(区、市)调出量(-)") -> -209.06 | G28: =SUMIFS('historic exchange'!$F:$F,'historic exchange'!$B:$B,"*"&$B$1&"*",'historic exchange'!$C:$C,G$1,'historic exchange'!$D:$D,"1.6. 出口量(-)")+SUMIFS('historic exchange'!$F:$F,'historic exchange'!$B:$B,"*"&$B$1&"*",'historic exchange'!$C:$C,G$1,'historic exchange'!$D:$D,"1.5. 本省(区、市)调出量(-)") -> -216.55 | H28: =SUMIFS('historic exchange'!$F:$F,'historic exchange'!$B:$B,"*"&$B$1&"*",'historic exchange'!$C:$C,H$1,'historic exchange'!$D:$D,"1.6. 出口量(-)")+SUMIFS('historic exchange'!$F:$F,'historic exchange'!$B:$B,"*"&$B$1&"*",'historic exchange'!$C:$C,H$1,'historic exchange'!$D:$D,"1.5. 本省(区、市)调出量(-)") -> -217.93 | I28: =SUMIFS('historic exchange'!$F:$F,'historic exchange'!$B:$B,"*"&$B$1&"*",'historic exchange'!$C:$C,I$1,'historic exchange'!$D:$D,"1.6. 出口量(-)")+SUMIFS('historic exchange'!$F:$F,'historic exchange'!$B:$B,"*"&$B$1&"*",'historic exchange'!$C:$C,I$1,'historic exchange'!$D:$D,"1.5. 本省(区、市)调出量(-)") -> -201.76 | J28: =SUMIFS('historic exchange'!$F:$F,'historic exchange'!$B:$B,"*"&$B$1&"*",'historic exchange'!$C:$C,J$1,'historic exchange'!$D:$D,"1.6. 出口量(-)")+SUMIFS('historic exchange'!$F:$F,'historic exchange'!$B:$B,"*"&$B$1&"*",'historic exchange'!$C:$C,J$1,'historic exchange'!$D:$D,"1.5. 本省(区、市)调出量(-)") -> 0
A29: Exported Renewable Power | B29: 调出可再生电量 | C29: =C28*C23/C12 -> -49.051245 | D29: =D28*D23/D12 -> -55.383057 | E29: =E28*E23/E12 -> -58.940054 | F29: =F28*F23/F12 -> -64.663432 | G29: =G28*G23/G12 -> -70.727135 | H29: =H28*H23/H12 -> -73.86828 | I29: =I28*I23/I12 -> -69.60106 | J29: =J28*J23/J12 -> 0
A30: Exported non-Hydro RE Power | B30: 调出非水可再生电量 | C30: =C28*C24/C12 -> -12.890434 | D30: =D28*D24/D12 -> -18.503294 | E30: =E28*E24/E12 -> -22.740436 | F30: =F28*F24/F12 -> -27.838004 | G30: =G28*G24/G12 -> -32.242953 | H30: =H28*H24/H12 -> -35.139584 | I30: =I28*I24/I12 -> -37.402222 | J30: =J28*J24/J12 -> 0
A31: Imported Renewable Power | B31: 调入可再生电量 | C31: =C9-C23-C29 -> -1419.4488 | D31: =D9-D23-D29 -> -2528.8169 | E31: =E9-E23-E29 -> -2681.0599 | F31: =F9-F23-F29 -> -3411.3666 | G31: =G9-G23-G29 -> -3921.5729 | H31: =H9-H23-H29 -> -4163.1317 | I31: =I9-I23-I29 -> -4447.6989 | J31: =J9-J23-J29 -> -4447
A32: Imported non-Hydro RE Power | B32: 调入非水可再生电量 | C32: =C10-C24-C30 -> -1175.6096 | D32: =D10-D24-D30 -> -2158.6967 | E32: =E10-E24-E30 -> -2447.2596 | F32: =F10-F24-F30 -> -2971.962 | G32: =G10-G24-G30 -> -3489.057 | H32: =H10-H24-H30 -> -3699.8604 | I32: =I10-I24-I30 -> -4128.8978 | J32: =J10-J24-J30 -> -4064
A34: Local Renewable Generation Ratio | B34: 本地发电可再生能源比例 | C34: =C23/C12 -> 0.26295296 | D34: =D23/D12 -> 0.29292356 | E34: =E23/E12 -> 0.30272241 | F34: =F23/F12 -> 0.30930562 | G34: =G23/G12 -> 0.3266088 | H34: =H23/H12 -> 0.33895416 | I34: =I23/I12 -> 0.34496957 | J34: =J23/J12 -> 0.35950313 | ... O34: =O23/O12 -> 0.39724547 | R34: =R23/R12 -> 0.50914365
A35: Local non-Hydro RE Generation Ratio | B35: 本地发电非水可再生能源比例 | C35: =C24/C12 -> 0.069102787 | D35: =D24/D12 -> 0.097864781 | E35: =E24/E12 -> 0.11679731 | F35: =F24/F12 -> 0.13315796 | G35: =G24/G12 -> 0.1488938 | H35: =H24/H12 -> 0.16124253 | I35: =I24/I12 -> 0.18537977 | J35: =J24/J12 -> 0.20403703
A36: Local Hydro Generation Ratio | B36: 本地水力发电比例 | C36: =C13/C12 -> 0.19385017 | D36: =D13/D12 -> 0.19505878 | E36: =E13/E12 -> 0.18592511 | F36: =F13/F12 -> 0.17614765 | G36: =G13/G12 -> 0.177715 | H36: =H13/H12 -> 0.17771163 | I36: =I13/I12 -> 0.1595898 | J36: =J13/J12 -> 0.1554661
A38: Imported Renewable Generation Ratio | B38: 调入电力可再生能源比例 | C38: =C31/C27 -> -22.857468 | D38: =D31/D27 -> -40.886288 | E38: =E31/E27 -> -41.741553 | F38: =F31/F27 -> -59.974799 | G38: =G31/G27 -> -80.724019 | H38: =H31/H27 -> -87.626431 | I38: =I31/I27 -> -74.902306
A39: Import non-Hydro RE Generation Ratio | B39: 调入电非水可再生能源比例 | C39: =C32/C27 -> -18.930911 | D39: =D32/D27 -> -34.902129 | E39: =E32/E27 -> -38.101503 | F39: =F32/F27 -> -52.249683 | G39: =G32/G27 -> -71.820853 | H39: =H32/H27 -> -77.875403 | I39: =I32/I27 -> -69.533476
A41: Ratio of RPS vs Renewable Consumed | B41: 可再生生产配额与消费配额比例 | C41: =C34/C2 -> 1.0732774 | D41: =D34/D2 -> 1.1532424 | E41: =E34/E2 -> 1.1423487 | F41: =F34/F2 -> 1.167191 | G41: =G34/G2 -> 1.1876684 | H41: =H34/H2 -> 1.1769242 | I41: =I34/I2 -> 1.1733659 | J41: =J34/J2 -> 1.1376681
A42: Ratio of non-Hydro RPS vs RE Consumed | B42: 非水可再生生产配额与消费配额比例 | C42: =C35/C5 -> 1.3820557 | D42: =D35/D5 -> 1.5534092 | E42: =E35/E5 -> 1.4599663 | F42: =F35/F5 -> 1.4473692 | G42: =G35/G5 -> 1.4597432 | H42: =H35/H5 -> 1.4144081 | I42: =I35/I5 -> 1.353137 | J42: =J35/J5 -> 1.2832518
B45: 核电发电占比 | H45: =H19/H12 -> 0.048017413 | I45: =I19/I12 -> 0.048535595 | J45: =J19/J12 -> 0.048053367 | K45: =K19/K12 -> 0.051001749 | L45: =L19/L12 -> 0.05131839 | M45: =M19/M12 -> 0.051692279 | N45: =N19/N12 -> 0.05189774 | O45: =O19/O12 -> 0.051938163 | W45: 0.069 | AV45: 0.165
A48: Extrapolated RPS | B48: 预期可再生生产配额 | C48: =C34 -> 0.26295296 | D48: =D34 -> 0.29292356 | E48: =E34 -> 0.30272241 | F48: =F34 -> 0.30930562 | G48: =G34 -> 0.3266088 | H48: =H34 -> 0.33895416 | I48: =I34 -> 0.34496957 | J48: =J34 -> 0.35950313 | K48: =$J$48+($R$48-$J$48)*(K1-$J$1)/($R$1-$J$1) -> 0.36706524 | L48: =$J$48+($R$48-$J$48)*(L1-$J$1)/($R$1-$J$1) -> 0.37462735 | M48: =$J$48+($R$48-$J$48)*(M1-$J$1)/($R$1-$J$1) -> 0.38218946 | N48: =$J$48+($R$48-$J$48)*(N1-$J$1)/($R$1-$J$1) -> 0.38975157 | O48: =$J$48+($R$48-$J$48)*(O1-$J$1)/($R$1-$J$1) -> 0.39731368 | P48: =$J$48+($R$48-$J$48)*(P1-$J$1)/($R$1-$J$1) -> 0.40487578 | Q48: =$J$48+($R$48-$J$48)*(Q1-$J$1)/($R$1-$J$1) -> 0.41243789 | R48: 0.42 | S48: =$R$48+($AL$48-$R$48)*(S1-$R$1)/($AL$1-$R$1) -> 0.4315 | T48: =$R$48+($AL$48-$R$48)*(T1-$R$1)/($AL$1-$R$1) -> 0.443 | U48: =$R$48+($AL$48-$R$48)*(U1-$R$1)/($AL$1-$R$1) -> 0.4545 | V48: =$R$48+($AL$48-$R$48)*(V1-$R$1)/($AL$1-$R$1) -> 0.466 | W48: =$R$48+($AL$48-$R$48)*(W1-$R$1)/($AL$1-$R$1) -> 0.4775 | X48: =$R$48+($AL$48-$R$48)*(X1-$R$1)/($AL$1-$R$1) -> 0.489 | Y48: =$R$48+($AL$48-$R$48)*(Y1-$R$1)/($AL$1-$R$1) -> 0.5005 | Z48: =$R$48+($AL$48-$R$48)*(Z1-$R$1)/($AL$1-$R$1) -> 0.512 | ... AK48: =$R$48+($AL$48-$R$48)*(AK1-$R$1)/($AL$1-$R$1) -> 0.6385 | AL48: 0.65 | AM48: =0.0115*(AL1-2030+1)+0.4085 -> 0.65 | AN48: =0.0115*(AM1-2030+1)+0.4085 -> 0.6615 | AO48: =0.0115*(AN1-2030+1)+0.4085 -> 0.673 | AP48: =0.0115*(AO1-2030+1)+0.4085 -> 0.6845 | AQ48: =0.0115*(AP1-2030+1)+0.4085 -> 0.696 | AR48: =0.0115*(AQ1-2030+1)+0.4085 -> 0.7075 | AS48: =0.0115*(AR1-2030+1)+0.4085 -> 0.719 | AT48: =0.0115*(AS1-2030+1)+0.4085 -> 0.7305 | ... AV48: =0.0115*(AU1-2030+1)+0.4085 -> 0.7535
A49: Extrapolated non-Hydro RPS | B49: 预期非水可再生生产配额 | C49: =C35 -> 0.069102787 | D49: =D35 -> 0.097864781 | E49: =E35 -> 0.11679731 | F49: =F35 -> 0.13315796 | G49: =G35 -> 0.1488938 | H49: =H35 -> 0.16124253 | I49: =I35 -> 0.18537977 | J49: =J35 -> 0.20403703 | K49: 17.2% | L49: 18.7% | M49: 20.3% | N49: 21.8% | O49: 23.4% | P49: 25.0% | Q49: 26.5% | R49: 0.281 | S49: =S48-S51 -> 0.29624178 | T49: =T48-T51 -> 0.31167826 | U49: =U48-U51 -> 0.3262753 | V49: =V48-V51 -> 0.34159605 | W49: =W48-W51 -> 0.35657958 | X49: =X48-X51 -> 0.37098615 | Y49: =Y48-Y51 -> 0.3853155 | Z49: =Z48-Z51 -> 0.39952701 | ... AL49: =AL48-AL51 -> 0.56037298 | AM49: =$AL$49+($AV$49-$AL$49)*(AM1-$AL$1)/($AV$1-$AL$1) -> 0.56493568 | AN49: =$AL$49+($AV$49-$AL$49)*(AN1-$AL$1)/($AV$1-$AL$1) -> 0.56949838 | AO49: =$AL$49+($AV$49-$AL$49)*(AO1-$AL$1)/($AV$1-$AL$1) -> 0.57406109 | AP49: =$AL$49+($AV$49-$AL$49)*(AP1-$AL$1)/($AV$1-$AL$1) -> 0.57862379 | AQ49: =$AL$49+($AV$49-$AL$49)*(AQ1-$AL$1)/($AV$1-$AL$1) -> 0.58318649 | AR49: =$AL$49+($AV$49-$AL$49)*(AR1-$AL$1)/($AV$1-$AL$1) -> 0.58774919 | AS49: =$AL$49+($AV$49-$AL$49)*(AS1-$AL$1)/($AV$1-$AL$1) -> 0.59231189 | AT49: =$AL$49+($AV$49-$AL$49)*(AT1-$AL$1)/($AV$1-$AL$1) -> 0.5968746 | AU49: =$AL$49+($AV$49-$AL$49)*(AU1-$AL$1)/($AV$1-$AL$1) -> 0.6014373 | AV49: 0.606
B50: 水电对应发电量 | R50: =(R48-R49)*R54 -> 1.4458042e+09
B51: 水电生产配额 | C51: =C48-C49 -> 0.19385017 | D51: =D48-D49 -> 0.19505878 | E51: =E48-E49 -> 0.18592511 | F51: =F48-F49 -> 0.17614765 | G51: =G48-G49 -> 0.177715 | H51: =H48-H49 -> 0.17771163 | I51: =I48-I49 -> 0.1595898 | J51: =J48-J49 -> 0.1554661 | ... R51: =R48-R49 -> 0.139 | S51: =$R$50/S54 -> 0.13525822 | T51: =$R$50/T54 -> 0.13132174 | U51: =$R$50/U54 -> 0.1282247 | V51: =$R$50/V54 -> 0.12440395 | W51: =$R$50/W54 -> 0.12092042 | X51: =$R$50/X54 -> 0.11801385 | Y51: =$R$50/Y54 -> 0.1151845 | Z51: =$R$50/Z54 -> 0.11247299 | ... AV51: =$R$50/AV54 -> 0.083866978
AV52: =AV54*AV51 -> 1.4458042e+09
C53: 2030：水电发电量不变，反算比例
A54: Expected Electricirty Generation from Calibration | B54: 模型预期总发电量 | I54: =SUM('model calibration'!B2:B49) -> 5.0946708e+08 | J54: =SUM('model calibration'!C2:C49) -> 6.8400726e+08 | K54: =SUM('model calibration - 2022'!B2:B49) -> 8.2436405e+09 | L54: =SUM('model calibration - 2022'!C2:C49) -> 8.4036735e+09 | M54: =SUM('model calibration - 2022'!D2:D49) -> 8850884373 | N54: =SUM('model calibration - 2022'!E2:E49) -> 9.260612e+09 | O54: =SUM('model calibration - 2022'!F2:F49) -> 9573143190 | P54: =SUM('model calibration - 2022'!G2:G49) -> 9.905463e+09 | Q54: =SUM('model calibration - 2022'!H2:H49) -> 1.0210434e+10 | R54: =SUM('model calibration - 2022'!I2:I49) -> 1.0401469e+10 | ... AV54: =SUM('model calibration - 2022'!AM2:AM49) -> 1.7239254e+10
A55: RPS Percentage Achieved from Calibration | B55: 模型预测可再生能源发电配额 | H55: =SUMPRODUCT('model calibration'!B52:B67,'model calibration'!B71:B86) -> 0.19367227 | I55: {=SUMPRODUCT('model calibration'!C52:C67,'model calibration'!C71:C86)} -> 0.29906246 | J55: =SUMPRODUCT('model calibration'!D52:D67,'model calibration'!D71:D86) -> 0.30689672 | K55: {=SUMPRODUCT('model calibration - 2022'!B53:B68,'model calibration - 2022'!B73:B88)} -> 0.41845652 | L55: {=SUMPRODUCT('model calibration - 2022'!C53:C68,'model calibration - 2022'!C73:C88)} -> 0.42155652 | M55: {=SUMPRODUCT('model calibration - 2022'!D53:D68,'model calibration - 2022'!D73:D88)} -> 0.41252027 | N55: {=SUMPRODUCT('model calibration - 2022'!E53:E68,'model calibration - 2022'!E73:E88)} -> 0.40695272 | O55: {=SUMPRODUCT('model calibration - 2022'!F53:F68,'model calibration - 2022'!F73:F88)} -> 0.40665768 | P55: {=SUMPRODUCT('model calibration - 2022'!G53:G68,'model calibration - 2022'!G73:G88)} -> 0.425461 | Q55: {=SUMPRODUCT('model calibration - 2022'!H53:H68,'model calibration - 2022'!H73:H88)} -> 0.45116537 | R55: {=SUMPRODUCT('model calibration - 2022'!I53:I68,'model calibration - 2022'!I73:I88)} -> 0.4705158 | ... AV55: {=SUMPRODUCT('model calibration - 2022'!AM53:AM68,'model calibration - 2022'!AM73:AM88)} -> 0.9386907
A58: RPS Percentage Achieved from Calibration | B58: 模型预测可再生能源发电配额 | H58: =SUMPRODUCT('14FYP workbook'!B120:B135,'model calibration'!B71:B86) -> 0.14635103 | I58: =SUMPRODUCT('14FYP workbook'!C120:C135,'model calibration'!C71:C86) -> 0.19909962 | J58: =SUMPRODUCT('14FYP workbook'!D120:D135,'model calibration'!D71:D86) -> 0.21528508 | K58: =SUMPRODUCT('14FYP workbook'!E120:E135,'model calibration'!E71:E86) -> 0.23477508 | L58: =SUMPRODUCT('14FYP workbook'!F120:F135,'model calibration'!F71:F86) -> 0.25339298 | M58: =SUMPRODUCT('14FYP workbook'!G120:G135,'model calibration'!G71:G86) -> 0.27309046 | N58: =SUMPRODUCT('14FYP workbook'!H120:H135,'model calibration'!H71:H86) -> 0.29760707 | O58: =SUMPRODUCT('14FYP workbook'!I120:I135,'model calibration'!I71:I86) -> 0.32355017 | ... W58: =SUMPRODUCT('14FYP workbook'!Q120:Q135,'model calibration'!Q71:Q86) -> 0.50356396 | X58: =SUMPRODUCT('model calibration'!R55:R70,'model calibration'!R74:R89) -> 0.49655542 | Y58: =SUMPRODUCT('model calibration'!S55:S70,'model calibration'!S74:S89) -> 0.51918241 | Z58: =SUMPRODUCT('model calibration'!T55:T70,'model calibration'!T74:T89) -> 0.54181955 | AA58: =SUMPRODUCT('model calibration'!U55:U70,'model calibration'!U74:U89) -> 0.56426987 | AB58: =SUMPRODUCT('model calibration'!V55:V70,'model calibration'!V74:V89) -> 0.58659781 | AC58: =SUMPRODUCT('model calibration'!W55:W70,'model calibration'!W74:W89) -> 0.60870524 | AD58: =SUMPRODUCT('model calibration'!X55:X70,'model calibration'!X74:X89) -> 0.63051351 | AE58: =SUMPRODUCT('model calibration'!Y55:Y70,'model calibration'!Y74:Y89) -> 0.65180746 | ... AV58: =SUMPRODUCT('model calibration'!AP55:AP70,'model calibration'!AP74:AP89) -> 0.90877529
B60: Targeted Percentage | J60: =J48 -> 0.35950313 | K60: =K34 -> 0.37319435 | L60: =L34 -> 0.37921626 | M60: =M34 -> 0.38601475 | N60: =N34 -> 0.39194528 | O60: =O34 -> 0.39724547 | W60: 0.64 | AV60: 0.87
B61: FOPITY | H61: =H48/AV60 -> 0.38960248 | I61: =I48/AV60 -> 0.39651675 | J61: =J48/AV60 -> 0.41322199 | K61: =$J$61+($M$61-$J$61)*(K1-$J$1)/($M$1-$J$1) -> 0.4233797 | L61: =$J$61+($M$61-$J$61)*(L1-$J$1)/($M$1-$J$1) -> 0.43353741 | M61: =M60/$AV$60 -> 0.44369512 | N61: =N60/$AV$60 -> 0.45051182 | O61: =O60/$AV$60 -> 0.45660398 | P61: =P66/100/$AV$60 -> 0.4916511 | Q61: =Q66/100/$AV$60 -> 0.51753734 | R61: =R66/100/$AV$60 -> 0.5468995 | S61: =S66/100/$AV$60 -> 0.57936613 | T61: =T66/100/$AV$60 -> 0.61466454 | U61: =U66/100/$AV$60 -> 0.65258345 | V61: =V66/100/$AV$60 -> 0.69295288 | W61: =W66/100/$AV$60 -> 0.73563218 | X61: =$W$61+($AV$61-$W$61)*(X1-$W$1)/($AV$1-$W$1) -> 0.7462069 | Y61: =$W$61+($AV$61-$W$61)*(Y1-$W$1)/($AV$1-$W$1) -> 0.75678161 | Z61: =$W$61+($AV$61-$W$61)*(Z1-$W$1)/($AV$1-$W$1) -> 0.76735632 | AA61: =$W$61+($AV$61-$W$61)*(AA1-$W$1)/($AV$1-$W$1) -> 0.77793103 | AB61: =$W$61+($AV$61-$W$61)*(AB1-$W$1)/($AV$1-$W$1) -> 0.78850575 | AC61: =$W$61+($AV$61-$W$61)*(AC1-$W$1)/($AV$1-$W$1) -> 0.79908046 | AD61: =$W$61+($AV$61-$W$61)*(AD1-$W$1)/($AV$1-$W$1) -> 0.80965517 | AE61: =$W$61+($AV$61-$W$61)*(AE1-$W$1)/($AV$1-$W$1) -> 0.82022989 | ... AU61: =$W$61+($AV$61-$W$61)*(AU1-$W$1)/($AV$1-$W$1) -> 0.98942529 | AV61: =AV60/AV60 -> 1
M63: 0.44369512 | N63: =$M$61+($W$61-$M$61)*(N1-$M$1)/($W$1-$M$1) -> 0.47288882 | O63: =$M$61+($W$61-$M$61)*(O1-$M$1)/($W$1-$M$1) -> 0.50208253 | P63: =$M$61+($W$61-$M$61)*(P1-$M$1)/($W$1-$M$1) -> 0.53127624 | Q63: =$M$61+($W$61-$M$61)*(Q1-$M$1)/($W$1-$M$1) -> 0.56046994 | R63: =$M$61+($W$61-$M$61)*(R1-$M$1)/($W$1-$M$1) -> 0.58966365 | S63: =$M$61+($W$61-$M$61)*(S1-$M$1)/($W$1-$M$1) -> 0.61885736 | T63: =$M$61+($W$61-$M$61)*(T1-$M$1)/($W$1-$M$1) -> 0.64805106 | U63: =$M$61+($W$61-$M$61)*(U1-$M$1)/($W$1-$M$1) -> 0.67724477 | V63: =$M$61+($W$61-$M$61)*(V1-$M$1)/($W$1-$M$1) -> 0.70643848 | W63: 0.73563218
C64: Policy: | D64: 2025: Double Solar and Wind generation
M66: 38.6 | N66: 39.403219 | O66: 40.871845 | P66: 42.773646 | Q66: 45.025748 | R66: 47.580256 | S66: 50.404853 | T66: 53.475815 | U66: 56.774761 | V66: 60.2869 | W66: 64
B69: Excluding Nuclear | I69: =I48-I45 -> 0.29643397 | J69: =J60-J45 -> 0.31144977 | K69: =K60-K45 -> 0.32219261 | L69: =L60-L45 -> 0.32789787 | M69: =M60-M45 -> 0.33432247 | N69: =N60-N45 -> 0.34004754 | O69: =O60-O45 -> 0.3453073 | W69: =W60-W45 -> 0.571 | AV69: =AV60-AV45 -> 0.705

Sheet calculation - 2019 Scenario
A1: =About!C56 -> 全国 National | B1: =VLOOKUP(A1,'Province Selector'!$B$2:$D$33,3,FALSE) -> 全国 | C1: 2015 | D1: 2016 | E1: 2017 | F1: 2018 | G1: 2019 | H1: 2020 | I1: 2021 | J1: 2022 | K1: 2023 | L1: 2024 | M1: 2025 | N1: 2026 | O1: 2027 | P1: 2028 | Q1: 2029 | R1: 2030 | S1: 2031 | T1: 2032 | U1: 2033 | V1: 2034 | W1: 2035 | X1: 2036 | Y1: 2037 | Z1: 2038 | AA1: 2039 | AB1: 2040 | AC1: 2041 | AD1: 2042 | AE1: 2043 | AF1: 2044 | AG1: 2045 | AH1: 2046 | AI1: 2047 | AJ1: 2048 | AK1: 2049 | AL1: 2050 | AM1: 2051 | AN1: 2052 | AO1: 2053 | AP1: 2054 | AQ1: 2055 | AR1: 2056 | AS1: 2057 | AT1: 2058 | AU1: 2059 | AV1: 2060
A2: Past Renewable Consumption Ratio | B2: 可再生消纳比例 | C2: =VLOOKUP($B$1,'historic consumption'!$A$4:$Q$35,COLUMN(J1),FALSE) -> 0.245 | D2: =VLOOKUP($B$1,'historic consumption'!$A$4:$Q$35,COLUMN(K1),FALSE) -> 0.254 | E2: =VLOOKUP($B$1,'historic consumption'!$A$4:$Q$35,COLUMN(L1),FALSE) -> 0.265 | F2: =VLOOKUP($B$1,'historic consumption'!$A$4:$Q$35,COLUMN(M1),FALSE) -> 0.265 | G2: =VLOOKUP($B$1,'historic consumption'!$A$4:$Q$35,COLUMN(N1),FALSE) -> 0.275 | H2: =VLOOKUP($B$1,'historic consumption'!$A$4:$Q$35,COLUMN(O1),FALSE) -> 0.288 | I2: =VLOOKUP($B$1,'historic consumption'!$A$4:$Q$35,COLUMN(P1),FALSE) -> 0.294 | J2: =VLOOKUP($B$1,'historic consumption'!$A$4:$Q$35,COLUMN(Q1),FALSE) -> 0.316
A3: Renewable Consumption Ratio set in 2021 | B3: 21年预设目标 | I3: =VLOOKUP($B$1,'pre145 21-30 targets'!$B$4:$L$34,COLUMN(B1),FALSE) -> 0.287 | J3: =VLOOKUP($B$1,'pre145 21-30 targets'!$B$4:$L$34,COLUMN(C1),FALSE) -> 0.299 | K3: =VLOOKUP($B$1,'pre145 21-30 targets'!$B$4:$L$34,COLUMN(D1),FALSE) -> 0.311 | L3: =VLOOKUP($B$1,'pre145 21-30 targets'!$B$4:$L$34,COLUMN(E1),FALSE) -> 0.324 | M3: =VLOOKUP($B$1,'pre145 21-30 targets'!$B$4:$L$34,COLUMN(F1),FALSE) -> 0.336 | N3: =VLOOKUP($B$1,'pre145 21-30 targets'!$B$4:$L$34,COLUMN(G1),FALSE) -> 0.349 | O3: =VLOOKUP($B$1,'pre145 21-30 targets'!$B$4:$L$34,COLUMN(H1),FALSE) -> 0.361 | P3: =VLOOKUP($B$1,'pre145 21-30 targets'!$B$4:$L$34,COLUMN(I1),FALSE) -> 0.374 | ... R3: =VLOOKUP($B$1,'pre145 21-30 targets'!$B$4:$L$34,COLUMN(K1),FALSE) -> 0.4
A4: Annual Renewal Consumption Target | B4: 历年目标 | F4: =VLOOKUP($B$1,'annual consumption target'!$A$4:$H$34,COLUMN(B1),FALSE) -> #N/A | G4: =VLOOKUP($B$1,'annual consumption target'!$A$4:$H$34,COLUMN(C1),FALSE) -> #N/A | H4: =VLOOKUP($B$1,'annual consumption target'!$A$4:$H$34,COLUMN(D1),FALSE) -> #N/A | I4: =VLOOKUP($B$1,'annual consumption target'!$A$4:$H$34,COLUMN(E1),FALSE) -> #N/A | J4: =VLOOKUP($B$1,'annual consumption target'!$A$4:$H$34,COLUMN(F1),FALSE) -> #N/A | K4: =VLOOKUP($B$1,'annual consumption target'!$A$4:$H$34,COLUMN(G1),FALSE) -> #N/A | L4: =VLOOKUP($B$1,'annual consumption target'!$A$4:$H$34,COLUMN(H1),FALSE) -> #N/A
A5: Past non-Hydro RE Consumption Ratio | B5: 非水可再生消纳比例 | C5: =VLOOKUP($B$1,'historic consumption'!$A$4:$AG$35,COLUMN(Z1),FALSE) -> 0.05 | D5: =VLOOKUP($B$1,'historic consumption'!$A$4:$AG$35,COLUMN(AA1),FALSE) -> 0.063 | E5: =VLOOKUP($B$1,'historic consumption'!$A$4:$AG$35,COLUMN(AB1),FALSE) -> 0.08 | F5: =VLOOKUP($B$1,'historic consumption'!$A$4:$AG$35,COLUMN(AC1),FALSE) -> 0.092 | G5: =VLOOKUP($B$1,'historic consumption'!$A$4:$AG$35,COLUMN(AD1),FALSE) -> 0.102 | H5: =VLOOKUP($B$1,'historic consumption'!$A$4:$AG$35,COLUMN(AE1),FALSE) -> 0.114 | I5: =VLOOKUP($B$1,'historic consumption'!$A$4:$AG$35,COLUMN(AF1),FALSE) -> 0.137 | J5: =VLOOKUP($B$1,'historic consumption'!$A$4:$AG$35,COLUMN(AG1),FALSE) -> 0.159
A6: non-Hydro RE Consumption Ratio set in 2021 | B6: 21年预设目标 | I6: =VLOOKUP($B$1,'pre145 21-30 targets'!$N$4:$X$34,COLUMN(B1),FALSE) -> 0.127 | J6: =VLOOKUP($B$1,'pre145 21-30 targets'!$N$4:$X$34,COLUMN(C1),FALSE) -> 0.142 | K6: =VLOOKUP($B$1,'pre145 21-30 targets'!$N$4:$X$34,COLUMN(D1),FALSE) -> 0.156 | L6: =VLOOKUP($B$1,'pre145 21-30 targets'!$N$4:$X$34,COLUMN(E1),FALSE) -> 0.171 | M6: =VLOOKUP($B$1,'pre145 21-30 targets'!$N$4:$X$34,COLUMN(F1),FALSE) -> 0.186 | N6: =VLOOKUP($B$1,'pre145 21-30 targets'!$N$4:$X$34,COLUMN(G1),FALSE) -> 0.2 | O6: =VLOOKUP($B$1,'pre145 21-30 targets'!$N$4:$X$34,COLUMN(H1),FALSE) -> 0.215 | P6: =VLOOKUP($B$1,'pre145 21-30 targets'!$N$4:$X$34,COLUMN(I1),FALSE) -> 0.23 | ... R6: =VLOOKUP($B$1,'pre145 21-30 targets'!$N$4:$X$34,COLUMN(K1),FALSE) -> 0.259
A7: Annual Renewal Consumption Target | B7: 历年目标 | F7: =VLOOKUP($B$1,'annual consumption target'!$A$4:$O$34,COLUMN(I1),FALSE) -> #N/A | G7: =VLOOKUP($B$1,'annual consumption target'!$A$4:$O$34,COLUMN(J1),FALSE) -> #N/A | H7: =VLOOKUP($B$1,'annual consumption target'!$A$4:$O$34,COLUMN(K1),FALSE) -> #N/A | I7: =VLOOKUP($B$1,'annual consumption target'!$A$4:$O$34,COLUMN(L1),FALSE) -> #N/A | J7: =VLOOKUP($B$1,'annual consumption target'!$A$4:$O$34,COLUMN(M1),FALSE) -> #N/A | K7: =VLOOKUP($B$1,'annual consumption target'!$A$4:$O$34,COLUMN(N1),FALSE) -> #N/A | L7: =VLOOKUP($B$1,'annual consumption target'!$A$4:$O$34,COLUMN(O1),FALSE) -> #N/A
A9: Past RE Consumed | B9: 可再生消纳量 | C9: =VLOOKUP($B$1,'historic consumption'!$A$4:$Q$35,COLUMN(B1),FALSE) -> 13625 | D9: =VLOOKUP($B$1,'historic consumption'!$A$4:$Q$35,COLUMN(C1),FALSE) -> 15058 | E9: =VLOOKUP($B$1,'historic consumption'!$A$4:$Q$35,COLUMN(D1),FALSE) -> 16686 | F9: =VLOOKUP($B$1,'historic consumption'!$A$4:$Q$35,COLUMN(E1),FALSE) -> 18158.97 | G9: =VLOOKUP($B$1,'historic consumption'!$A$4:$Q$35,COLUMN(F1),FALSE) -> 19938 | H9: =VLOOKUP($B$1,'historic consumption'!$A$4:$Q$35,COLUMN(G1),FALSE) -> 21613 | I9: =VLOOKUP($B$1,'historic consumption'!$A$4:$Q$35,COLUMN(H1),FALSE) -> 24446 | J9: =VLOOKUP($B$1,'historic consumption'!$A$4:$Q$35,COLUMN(I1),FALSE) -> 26810
A10: Past non-Hydro RE Consumed | B10: 非水可再生消纳量 | C10: =VLOOKUP($B$1,'historic consumption'!$A$4:$AG$35,COLUMN(R1),FALSE) -> 2778 | D10: =VLOOKUP($B$1,'historic consumption'!$A$4:$AG$35,COLUMN(S1),FALSE) -> 3717 | E10: =VLOOKUP($B$1,'historic consumption'!$A$4:$AG$35,COLUMN(T1),FALSE) -> 5025 | F10: =VLOOKUP($B$1,'historic consumption'!$A$4:$AG$35,COLUMN(U1),FALSE) -> 6314.2 | G10: =VLOOKUP($B$1,'historic consumption'!$A$4:$AG$35,COLUMN(V1),FALSE) -> 7388 | H10: =VLOOKUP($B$1,'historic consumption'!$A$4:$AG$35,COLUMN(W1),FALSE) -> 8562 | I10: =VLOOKUP($B$1,'historic consumption'!$A$4:$AG$35,COLUMN(X1),FALSE) -> 11398 | J10: =VLOOKUP($B$1,'historic consumption'!$A$4:$AG$35,COLUMN(Y1),FALSE) -> 13676
A12: Total Generation | B12: 总发电量(亿千瓦小时) | C12: =SUMIFS('historic generation'!$D:$D,'historic generation'!$A:$A,"*"&$B$1&"*",'historic generation'!$B:$B,$B12,'historic generation'!$C:$C,C$1) -> 57400 | D12: =SUMIFS('historic generation'!$D:$D,'historic generation'!$A:$A,"*"&$B$1&"*",'historic generation'!$B:$B,$B12,'historic generation'!$C:$C,D$1) -> 60228 | E12: =SUMIFS('historic generation'!$D:$D,'historic generation'!$A:$A,"*"&$B$1&"*",'historic generation'!$B:$B,$B12,'historic generation'!$C:$C,E$1) -> 64171 | F12: =SUMIFS('historic generation'!$D:$D,'historic generation'!$A:$A,"*"&$B$1&"*",'historic generation'!$B:$B,$B12,'historic generation'!$C:$C,F$1) -> 69947 | G12: =SUMIFS('historic generation'!$D:$D,'historic generation'!$A:$A,"*"&$B$1&"*",'historic generation'!$B:$B,$B12,'historic generation'!$C:$C,G$1) -> 73269 | H12: =SUMIFS('historic generation'!$D:$D,'historic generation'!$A:$A,"*"&$B$1&"*",'historic generation'!$B:$B,$B12,'historic generation'!$C:$C,H$1) -> 76264 | I12: =SUMIFS('historic generation'!$D:$D,'historic generation'!$A:$A,"*"&$B$1&"*",'historic generation'!$B:$B,$B12,'historic generation'!$C:$C,I$1) -> 83959 | J12: =SUMIFS('historic generation'!$D:$D,'historic generation'!$A:$A,"*"&$B$1&"*",'historic generation'!$B:$B,$B12,'historic generation'!$C:$C,J$1) -> 86945 | K12: 88548.427 | L12: 90708.261 | M12: 92785.167 | N12: 94890.311 | O12: 97245.297 | P12: 99523.036 | Q12: 101621 | R12: 104120.51
A13: Hydro Generation | B13: 水力发电量(亿千瓦小时) | C13: =SUMIFS('historic generation'!$D:$D,'historic generation'!$A:$A,"*"&$B$1&"*",'historic generation'!$B:$B,$B13,'historic generation'!$C:$C,C$1) -> 11127 | D13: =SUMIFS('historic generation'!$D:$D,'historic generation'!$A:$A,"*"&$B$1&"*",'historic generation'!$B:$B,$B13,'historic generation'!$C:$C,D$1) -> 11748 | E13: =SUMIFS('historic generation'!$D:$D,'historic generation'!$A:$A,"*"&$B$1&"*",'historic generation'!$B:$B,$B13,'historic generation'!$C:$C,E$1) -> 11931 | F13: =SUMIFS('historic generation'!$D:$D,'historic generation'!$A:$A,"*"&$B$1&"*",'historic generation'!$B:$B,$B13,'historic generation'!$C:$C,F$1) -> 12321 | G13: =SUMIFS('historic generation'!$D:$D,'historic generation'!$A:$A,"*"&$B$1&"*",'historic generation'!$B:$B,$B13,'historic generation'!$C:$C,G$1) -> 13021 | H13: =SUMIFS('historic generation'!$D:$D,'historic generation'!$A:$A,"*"&$B$1&"*",'historic generation'!$B:$B,$B13,'historic generation'!$C:$C,H$1) -> 13553 | I13: =SUMIFS('historic generation'!$D:$D,'historic generation'!$A:$A,"*"&$B$1&"*",'historic generation'!$B:$B,$B13,'historic generation'!$C:$C,I$1) -> 13399 | J13: =SUMIFS('historic generation'!$D:$D,'historic generation'!$A:$A,"*"&$B$1&"*",'historic generation'!$B:$B,$B13,'historic generation'!$C:$C,J$1) -> 13517 | K13: {=FORECAST(K12,C13:J13,C12:J12)} -> 13960.177 | L13: {=FORECAST(L12,D13:K13,D12:K12)} -> 14065.224 | M13: {=FORECAST(M12,E13:L13,E12:L12)} -> 14204.04 | N13: {=FORECAST(N12,F13:M13,F12:M12)} -> 14294.345 | O13: {=FORECAST(O12,G13:N13,G12:N12)} -> 14341.236 | P13: {=FORECAST(P12,H13:O13,H12:O12)} -> 14430.471 | Q13: {=FORECAST(Q12,I13:P13,I12:P12)} -> 14694.162 | R13: {=FORECAST(R12,J13:Q13,J12:Q12)} -> 14827.602
A14: Biogas Generation | B14: 沼气发电发电量(亿千瓦小时) | C14: =SUMIFS('historic generation'!$D:$D,'historic generation'!$A:$A,"*"&$B$1&"*",'historic generation'!$B:$B,$B14,'historic generation'!$C:$C,C$1) -> 0 | D14: =SUMIFS('historic generation'!$D:$D,'historic generation'!$A:$A,"*"&$B$1&"*",'historic generation'!$B:$B,$B14,'historic generation'!$C:$C,D$1) -> 21 | E14: =SUMIFS('historic generation'!$D:$D,'historic generation'!$A:$A,"*"&$B$1&"*",'historic generation'!$B:$B,$B14,'historic generation'!$C:$C,E$1) -> 18 | F14: =SUMIFS('historic generation'!$D:$D,'historic generation'!$A:$A,"*"&$B$1&"*",'historic generation'!$B:$B,$B14,'historic generation'!$C:$C,F$1) -> 22 | G14: =SUMIFS('historic generation'!$D:$D,'historic generation'!$A:$A,"*"&$B$1&"*",'historic generation'!$B:$B,$B14,'historic generation'!$C:$C,G$1) -> 30.3 | H14: =SUMIFS('historic generation'!$D:$D,'historic generation'!$A:$A,"*"&$B$1&"*",'historic generation'!$B:$B,$B14,'historic generation'!$C:$C,H$1) -> 38 | I14: =SUMIFS('historic generation'!$D:$D,'historic generation'!$A:$A,"*"&$B$1&"*",'historic generation'!$B:$B,$B14,'historic generation'!$C:$C,I$1) -> 37 | J14: =SUMIFS('historic generation'!$D:$D,'historic generation'!$A:$A,"*"&$B$1&"*",'historic generation'!$B:$B,$B14,'historic generation'!$C:$C,J$1) -> 40 | K14: {=FORECAST(K12,C14:J14,C12:J12)} -> 45.028505 | L14: {=FORECAST(L12,D14:K14,D12:K12)} -> 45.185021 | M14: {=FORECAST(M12,E14:L14,E12:L12)} -> 47.924257 | N14: {=FORECAST(N12,F14:M14,F12:M12)} -> 49.557257 | O14: {=FORECAST(O12,G14:N14,G12:N12)} -> 50.50877 | P14: {=FORECAST(P12,H14:O14,H12:O12)} -> 51.726668 | Q14: {=FORECAST(Q12,I14:P14,I12:P12)} -> 55.104482 | R14: {=FORECAST(R12,J14:Q14,J12:Q12)} -> 56.87551
A15: Wood and Crop Biomass Generation | B15: 秸秆.蔗渣.林木质发电发电量(亿千瓦小时) | C15: =SUMIFS('historic generation'!$D:$D,'historic generation'!$A:$A,"*"&$B$1&"*",'historic generation'!$B:$B,$B15,'historic generation'!$C:$C,C$1) -> 0 | D15: =SUMIFS('historic generation'!$D:$D,'historic generation'!$A:$A,"*"&$B$1&"*",'historic generation'!$B:$B,$B15,'historic generation'!$C:$C,D$1) -> 351 | E15: =SUMIFS('historic generation'!$D:$D,'historic generation'!$A:$A,"*"&$B$1&"*",'historic generation'!$B:$B,$B15,'historic generation'!$C:$C,E$1) -> 415 | F15: =SUMIFS('historic generation'!$D:$D,'historic generation'!$A:$A,"*"&$B$1&"*",'historic generation'!$B:$B,$B15,'historic generation'!$C:$C,F$1) -> 429 | G15: =SUMIFS('historic generation'!$D:$D,'historic generation'!$A:$A,"*"&$B$1&"*",'historic generation'!$B:$B,$B15,'historic generation'!$C:$C,G$1) -> 485 | H15: =SUMIFS('historic generation'!$D:$D,'historic generation'!$A:$A,"*"&$B$1&"*",'historic generation'!$B:$B,$B15,'historic generation'!$C:$C,H$1) -> 533 | I15: =SUMIFS('historic generation'!$D:$D,'historic generation'!$A:$A,"*"&$B$1&"*",'historic generation'!$B:$B,$B15,'historic generation'!$C:$C,I$1) -> 533 | J15: =SUMIFS('historic generation'!$D:$D,'historic generation'!$A:$A,"*"&$B$1&"*",'historic generation'!$B:$B,$B15,'historic generation'!$C:$C,J$1) -> 533 | K15: {=FORECAST(K$12,C15:J15,C$12:J$12)} -> 633.54552 | L15: {=FORECAST(L$12,D15:K15,D$12:K$12)} -> 609.77019 | M15: {=FORECAST(M$12,E15:L15,E$12:L$12)} -> 621.31569 | N15: {=FORECAST(N$12,F15:M15,F$12:M$12)} -> 638.24586 | O15: {=FORECAST(O$12,G15:N15,G$12:N$12)} -> 649.35456 | P15: {=FORECAST(P$12,H15:O15,H$12:O$12)} -> 663.23471 | Q15: {=FORECAST(Q$12,I15:P15,I$12:P$12)} -> 691.14138 | R15: {=FORECAST(R$12,J15:Q15,J$12:Q$12)} -> 706.87066
A16: Solid Waste Generation | B16: 垃圾焚烧发电发电量(亿千瓦小时) | C16: =SUMIFS('historic generation'!$D:$D,'historic generation'!$A:$A,"*"&$B$1&"*",'historic generation'!$B:$B,$B16,'historic generation'!$C:$C,C$1) -> 0 | D16: =SUMIFS('historic generation'!$D:$D,'historic generation'!$A:$A,"*"&$B$1&"*",'historic generation'!$B:$B,$B16,'historic generation'!$C:$C,D$1) -> 315 | E16: =SUMIFS('historic generation'!$D:$D,'historic generation'!$A:$A,"*"&$B$1&"*",'historic generation'!$B:$B,$B16,'historic generation'!$C:$C,E$1) -> 380 | F16: =SUMIFS('historic generation'!$D:$D,'historic generation'!$A:$A,"*"&$B$1&"*",'historic generation'!$B:$B,$B16,'historic generation'!$C:$C,F$1) -> 485 | G16: =SUMIFS('historic generation'!$D:$D,'historic generation'!$A:$A,"*"&$B$1&"*",'historic generation'!$B:$B,$B16,'historic generation'!$C:$C,G$1) -> 611 | H16: =SUMIFS('historic generation'!$D:$D,'historic generation'!$A:$A,"*"&$B$1&"*",'historic generation'!$B:$B,$B16,'historic generation'!$C:$C,H$1) -> 785 | I16: =SUMIFS('historic generation'!$D:$D,'historic generation'!$A:$A,"*"&$B$1&"*",'historic generation'!$B:$B,$B16,'historic generation'!$C:$C,I$1) -> 1089 | J16: =SUMIFS('historic generation'!$D:$D,'historic generation'!$A:$A,"*"&$B$1&"*",'historic generation'!$B:$B,$B16,'historic generation'!$C:$C,J$1) -> 1089 | K16: {=FORECAST(K$12,C16:J16,C$12:J$12)} -> 1189.1836 | L16: {=FORECAST(L$12,D16:K16,D$12:K$12)} -> 1241.2363 | M16: {=FORECAST(M$12,E16:L16,E$12:L$12)} -> 1326.8028 | N16: {=FORECAST(N$12,F16:M16,F$12:M$12)} -> 1412.4129 | O16: {=FORECAST(O$12,G16:N16,G$12:N$12)} -> 1488.2636 | P16: {=FORECAST(P$12,H16:O16,H$12:O$12)} -> 1551.377 | Q16: {=FORECAST(Q$12,I16:P16,I$12:P$12)} -> 1619.4298 | R16: {=FORECAST(R$12,J16:Q16,J$12:Q$12)} -> 1720.9504
A17: Wind Generation | B17: 风力发电量(亿千瓦小时) | C17: =SUMIFS('historic generation'!$D:$D,'historic generation'!$A:$A,"*"&$B$1&"*",'historic generation'!$B:$B,$B17,'historic generation'!$C:$C,C$1) -> 1856 | D17: =SUMIFS('historic generation'!$D:$D,'historic generation'!$A:$A,"*"&$B$1&"*",'historic generation'!$B:$B,$B17,'historic generation'!$C:$C,D$1) -> 2409 | E17: =SUMIFS('historic generation'!$D:$D,'historic generation'!$A:$A,"*"&$B$1&"*",'historic generation'!$B:$B,$B17,'historic generation'!$C:$C,E$1) -> 3034 | F17: =SUMIFS('historic generation'!$D:$D,'historic generation'!$A:$A,"*"&$B$1&"*",'historic generation'!$B:$B,$B17,'historic generation'!$C:$C,F$1) -> 3658 | G17: =SUMIFS('historic generation'!$D:$D,'historic generation'!$A:$A,"*"&$B$1&"*",'historic generation'!$B:$B,$B17,'historic generation'!$C:$C,G$1) -> 4053 | H17: =SUMIFS('historic generation'!$D:$D,'historic generation'!$A:$A,"*"&$B$1&"*",'historic generation'!$B:$B,$B17,'historic generation'!$C:$C,H$1) -> 4665 | I17: =SUMIFS('historic generation'!$D:$D,'historic generation'!$A:$A,"*"&$B$1&"*",'historic generation'!$B:$B,$B17,'historic generation'!$C:$C,I$1) -> 6558 | J17: =SUMIFS('historic generation'!$D:$D,'historic generation'!$A:$A,"*"&$B$1&"*",'historic generation'!$B:$B,$B17,'historic generation'!$C:$C,J$1) -> 7624 | K17: =J18+J17+(K12-J12)*0.5 -> 12701.714 | L17: =K18+K17+(L12-K12)*0.5 -> 13781.63 | M17: =L18+L17+(M12-L12)*0.5 -> 14820.084 | N17: =M18+M17+(N12-M12)*0.5 -> 15872.655 | O17: =N18+N17+(O12-N12)*0.5 -> 17050.148 | R17: =J17*3 -> 22872
A18: Solar Generation | B18: 太阳能发电量(亿千瓦小时) | C18: =SUMIFS('historic generation'!$D:$D,'historic generation'!$A:$A,"*"&$B$1&"*",'historic generation'!$B:$B,$B18,'historic generation'!$C:$C,C$1) -> 395 | D18: =SUMIFS('historic generation'!$D:$D,'historic generation'!$A:$A,"*"&$B$1&"*",'historic generation'!$B:$B,$B18,'historic generation'!$C:$C,D$1) -> 665 | E18: =SUMIFS('historic generation'!$D:$D,'historic generation'!$A:$A,"*"&$B$1&"*",'historic generation'!$B:$B,$B18,'historic generation'!$C:$C,E$1) -> 1166 | F18: =SUMIFS('historic generation'!$D:$D,'historic generation'!$A:$A,"*"&$B$1&"*",'historic generation'!$B:$B,$B18,'historic generation'!$C:$C,F$1) -> 1769 | G18: =SUMIFS('historic generation'!$D:$D,'historic generation'!$A:$A,"*"&$B$1&"*",'historic generation'!$B:$B,$B18,'historic generation'!$C:$C,G$1) -> 2240 | H18: =SUMIFS('historic generation'!$D:$D,'historic generation'!$A:$A,"*"&$B$1&"*",'historic generation'!$B:$B,$B18,'historic generation'!$C:$C,H$1) -> 2611 | I18: =SUMIFS('historic generation'!$D:$D,'historic generation'!$A:$A,"*"&$B$1&"*",'historic generation'!$B:$B,$B18,'historic generation'!$C:$C,I$1) -> 3270 | J18: =SUMIFS('historic generation'!$D:$D,'historic generation'!$A:$A,"*"&$B$1&"*",'historic generation'!$B:$B,$B18,'historic generation'!$C:$C,J$1) -> 4276 | R18: =J18*3 -> 12828
A19: Nuclear Generation | B19: 核能发电量(亿千瓦小时) | C19: =SUMIFS('historic generation'!$D:$D,'historic generation'!$A:$A,"*"&$B$1&"*",'historic generation'!$B:$B,$B19,'historic generation'!$C:$C,C$1) -> 1714 | D19: =SUMIFS('historic generation'!$D:$D,'historic generation'!$A:$A,"*"&$B$1&"*",'historic generation'!$B:$B,$B19,'historic generation'!$C:$C,D$1) -> 2132 | E19: =SUMIFS('historic generation'!$D:$D,'historic generation'!$A:$A,"*"&$B$1&"*",'historic generation'!$B:$B,$B19,'historic generation'!$C:$C,E$1) -> 2481 | F19: =SUMIFS('historic generation'!$D:$D,'historic generation'!$A:$A,"*"&$B$1&"*",'historic generation'!$B:$B,$B19,'historic generation'!$C:$C,F$1) -> 2950 | G19: =SUMIFS('historic generation'!$D:$D,'historic generation'!$A:$A,"*"&$B$1&"*",'historic generation'!$B:$B,$B19,'historic generation'!$C:$C,G$1) -> 3487 | H19: =SUMIFS('historic generation'!$D:$D,'historic generation'!$A:$A,"*"&$B$1&"*",'historic generation'!$B:$B,$B19,'historic generation'!$C:$C,H$1) -> 3662 | I19: =SUMIFS('historic generation'!$D:$D,'historic generation'!$A:$A,"*"&$B$1&"*",'historic generation'!$B:$B,$B19,'historic generation'!$C:$C,I$1) -> 4075 | J19: =SUMIFS('historic generation'!$D:$D,'historic generation'!$A:$A,"*"&$B$1&"*",'historic generation'!$B:$B,$B19,'historic generation'!$C:$C,J$1) -> 4178 | K19: {=FORECAST(K$12,C19:J19,C$12:J$12)} -> 4516.1246 | L19: {=FORECAST(L$12,D19:K19,D$12:K$12)} -> 4655.0019 | M19: {=FORECAST(M$12,E19:L19,E$12:L$12)} -> 4796.2767 | N19: {=FORECAST(N$12,F19:M19,F$12:M$12)} -> 4924.5926 | O19: {=FORECAST(O$12,G19:N19,G$12:N$12)} -> 5050.7421 | P19: {=FORECAST(P$12,H19:O19,H$12:O$12)} -> 5226.3263 | Q19: {=FORECAST(Q$12,I19:P19,I$12:P$12)} -> 5417.5456 | R19: {=FORECAST(R$12,J19:Q19,J$12:Q$12)} -> 5602.8157
A20: Other Renewable Generation | B20: 其他机组发电量(亿千瓦小时) | C20: =SUMIFS('historic generation'!$D:$D,'historic generation'!$A:$A,"*"&$B$1&"*",'historic generation'!$B:$B,$B20,'historic generation'!$C:$C,C$1) -> 1.5 | D20: =SUMIFS('historic generation'!$D:$D,'historic generation'!$A:$A,"*"&$B$1&"*",'historic generation'!$B:$B,$B20,'historic generation'!$C:$C,D$1) -> 1.2 | E20: =SUMIFS('historic generation'!$D:$D,'historic generation'!$A:$A,"*"&$B$1&"*",'historic generation'!$B:$B,$B20,'historic generation'!$C:$C,E$1) -> 1 | F20: =SUMIFS('historic generation'!$D:$D,'historic generation'!$A:$A,"*"&$B$1&"*",'historic generation'!$B:$B,$B20,'historic generation'!$C:$C,F$1) -> 1 | G20: =SUMIFS('historic generation'!$D:$D,'historic generation'!$A:$A,"*"&$B$1&"*",'historic generation'!$B:$B,$B20,'historic generation'!$C:$C,G$1) -> 3 | H20: =SUMIFS('historic generation'!$D:$D,'historic generation'!$A:$A,"*"&$B$1&"*",'historic generation'!$B:$B,$B20,'historic generation'!$C:$C,H$1) -> 3 | I20: =SUMIFS('historic generation'!$D:$D,'historic generation'!$A:$A,"*"&$B$1&"*",'historic generation'!$B:$B,$B20,'historic generation'!$C:$C,I$1) -> 2.3 | J20: =SUMIFS('historic generation'!$D:$D,'historic generation'!$A:$A,"*"&$B$1&"*",'historic generation'!$B:$B,$B20,'historic generation'!$C:$C,J$1) -> 0
B22: 发电量增量 | K22: =K12-J12 -> 1603.4272 | L22: =L12-K12 -> 2159.8335 | M22: =M12-L12 -> 2076.9064 | N22: =N12-M12 -> 2105.1435 | O22: =O12-N12 -> 2354.9861
A23: Total Renewable Generation | B23: 可再生能源发电量(亿千瓦小时) | C23: =SUM(C13:C20) -> 15093.5 | D23: =SUM(D13:D20) -> 17642.2 | E23: =SUM(E13:E20) -> 19426 | F23: =SUM(F13:F20) -> 21635 | G23: =SUM(G13:G20) -> 23930.3 | H23: =SUM(H13:H20) -> 25850 | I23: =SUM(I13:I20) -> 28963.3 | J23: =SUM(J13:J20) -> 31257 | K23: =SUM(K13:K19) -> 33045.773 | L23: =SUM(L13:L19) -> 34398.048 | M23: =SUM(M13:M19) -> 35816.443 | N23: =SUM(N13:N19) -> 37191.809 | O23: =SUM(O13:O19) -> 38630.253 | R23: =SUM(R13:R18) -> 53012.299
A24: Total non-Hydro RE Generation | B24: 非水可再生能源发电量(亿千瓦小时) | C24: =SUM(C14:C20) -> 3966.5 | D24: =SUM(D14:D20) -> 5894.2 | E24: =SUM(E14:E20) -> 7495 | F24: =SUM(F14:F20) -> 9314 | G24: =SUM(G14:G20) -> 10909.3 | H24: =SUM(H14:H20) -> 12297 | I24: =SUM(I14:I20) -> 15564.3 | J24: =SUM(J14:J20) -> 17740
B25: 间歇性可再生能源发电（亿千瓦小时） | C25: =SUM(C17,C18) -> 2251 | D25: =SUM(D17,D18) -> 3074 | E25: =SUM(E17,E18) -> 4200 | F25: =SUM(F17,F18) -> 5427 | G25: =SUM(G17,G18) -> 6293 | H25: =SUM(H17,H18) -> 7276 | I25: =SUM(I17,I18) -> 9828 | J25: =SUM(J17,J18) -> 11900
A27: Imported Electricity | B27: 调入电量(亿千瓦小时) | C27: =SUMIFS('historic exchange'!$F:$F,'historic exchange'!$B:$B,"*"&$B$1&"*",'historic exchange'!$C:$C,C$1,'historic exchange'!$D:$D,"1.3. 进口量")+SUMIFS('historic exchange'!$F:$F,'historic exchange'!$B:$B,"*"&$B$1&"*",'historic exchange'!$C:$C,C$1,'historic exchange'!$D:$D,"1.2. 外省(区、市)调入量") -> 62.1 | D27: =SUMIFS('historic exchange'!$F:$F,'historic exchange'!$B:$B,"*"&$B$1&"*",'historic exchange'!$C:$C,D$1,'historic exchange'!$D:$D,"1.3. 进口量")+SUMIFS('historic exchange'!$F:$F,'historic exchange'!$B:$B,"*"&$B$1&"*",'historic exchange'!$C:$C,D$1,'historic exchange'!$D:$D,"1.2. 外省(区、市)调入量") -> 61.85 | E27: =SUMIFS('historic exchange'!$F:$F,'historic exchange'!$B:$B,"*"&$B$1&"*",'historic exchange'!$C:$C,E$1,'historic exchange'!$D:$D,"1.3. 进口量")+SUMIFS('historic exchange'!$F:$F,'historic exchange'!$B:$B,"*"&$B$1&"*",'historic exchange'!$C:$C,E$1,'historic exchange'!$D:$D,"1.2. 外省(区、市)调入量") -> 64.23 | F27: =SUMIFS('historic exchange'!$F:$F,'historic exchange'!$B:$B,"*"&$B$1&"*",'historic exchange'!$C:$C,F$1,'historic exchange'!$D:$D,"1.3. 进口量")+SUMIFS('historic exchange'!$F:$F,'historic exchange'!$B:$B,"*"&$B$1&"*",'historic exchange'!$C:$C,F$1,'historic exchange'!$D:$D,"1.2. 外省(区、市)调入量") -> 56.88 | G27: =SUMIFS('historic exchange'!$F:$F,'historic exchange'!$B:$B,"*"&$B$1&"*",'historic exchange'!$C:$C,G$1,'historic exchange'!$D:$D,"1.3. 进口量")+SUMIFS('historic exchange'!$F:$F,'historic exchange'!$B:$B,"*"&$B$1&"*",'historic exchange'!$C:$C,G$1,'historic exchange'!$D:$D,"1.2. 外省(区、市)调入量") -> 48.58 | H27: =SUMIFS('historic exchange'!$F:$F,'historic exchange'!$B:$B,"*"&$B$1&"*",'historic exchange'!$C:$C,H$1,'historic exchange'!$D:$D,"1.3. 进口量")+SUMIFS('historic exchange'!$F:$F,'historic exchange'!$B:$B,"*"&$B$1&"*",'historic exchange'!$C:$C,H$1,'historic exchange'!$D:$D,"1.2. 外省(区、市)调入量") -> 47.51 | I27: =SUMIFS('historic exchange'!$F:$F,'historic exchange'!$B:$B,"*"&$B$1&"*",'historic exchange'!$C:$C,I$1,'historic exchange'!$D:$D,"1.3. 进口量")+SUMIFS('historic exchange'!$F:$F,'historic exchange'!$B:$B,"*"&$B$1&"*",'historic exchange'!$C:$C,I$1,'historic exchange'!$D:$D,"1.2. 外省(区、市)调入量") -> 59.38 | J27: =SUMIFS('historic exchange'!$F:$F,'historic exchange'!$B:$B,"*"&$B$1&"*",'historic exchange'!$C:$C,J$1,'historic exchange'!$D:$D,"1.3. 进口量")+SUMIFS('historic exchange'!$F:$F,'historic exchange'!$B:$B,"*"&$B$1&"*",'historic exchange'!$C:$C,J$1,'historic exchange'!$D:$D,"1.2. 外省(区、市)调入量") -> 71.38
A28: Exported Electricity | B28: 调出电量(亿千瓦小时) | C28: =SUMIFS('historic exchange'!$F:$F,'historic exchange'!$B:$B,"*"&$B$1&"*",'historic exchange'!$C:$C,C$1,'historic exchange'!$D:$D,"1.6. 出口量(-)")+SUMIFS('historic exchange'!$F:$F,'historic exchange'!$B:$B,"*"&$B$1&"*",'historic exchange'!$C:$C,C$1,'historic exchange'!$D:$D,"1.5. 本省(区、市)调出量(-)") -> -186.54 | D28: =SUMIFS('historic exchange'!$F:$F,'historic exchange'!$B:$B,"*"&$B$1&"*",'historic exchange'!$C:$C,D$1,'historic exchange'!$D:$D,"1.6. 出口量(-)")+SUMIFS('historic exchange'!$F:$F,'historic exchange'!$B:$B,"*"&$B$1&"*",'historic exchange'!$C:$C,D$1,'historic exchange'!$D:$D,"1.5. 本省(区、市)调出量(-)") -> -189.07 | E28: =SUMIFS('historic exchange'!$F:$F,'historic exchange'!$B:$B,"*"&$B$1&"*",'historic exchange'!$C:$C,E$1,'historic exchange'!$D:$D,"1.6. 出口量(-)")+SUMIFS('historic exchange'!$F:$F,'historic exchange'!$B:$B,"*"&$B$1&"*",'historic exchange'!$C:$C,E$1,'historic exchange'!$D:$D,"1.5. 本省(区、市)调出量(-)") -> -194.7 | F28: =SUMIFS('historic exchange'!$F:$F,'historic exchange'!$B:$B,"*"&$B$1&"*",'historic exchange'!$C:$C,F$1,'historic exchange'!$D:$D,"1.6. 出口量(-)")+SUMIFS('historic exchange'!$F:$F,'historic exchange'!$B:$B,"*"&$B$1&"*",'historic exchange'!$C:$C,F$1,'historic exchange'!$D:$D,"1.5. 本省(区、市)调出量(-)") -> -209.06 | G28: =SUMIFS('historic exchange'!$F:$F,'historic exchange'!$B:$B,"*"&$B$1&"*",'historic exchange'!$C:$C,G$1,'historic exchange'!$D:$D,"1.6. 出口量(-)")+SUMIFS('historic exchange'!$F:$F,'historic exchange'!$B:$B,"*"&$B$1&"*",'historic exchange'!$C:$C,G$1,'historic exchange'!$D:$D,"1.5. 本省(区、市)调出量(-)") -> -216.55 | H28: =SUMIFS('historic exchange'!$F:$F,'historic exchange'!$B:$B,"*"&$B$1&"*",'historic exchange'!$C:$C,H$1,'historic exchange'!$D:$D,"1.6. 出口量(-)")+SUMIFS('historic exchange'!$F:$F,'historic exchange'!$B:$B,"*"&$B$1&"*",'historic exchange'!$C:$C,H$1,'historic exchange'!$D:$D,"1.5. 本省(区、市)调出量(-)") -> -217.93 | I28: =SUMIFS('historic exchange'!$F:$F,'historic exchange'!$B:$B,"*"&$B$1&"*",'historic exchange'!$C:$C,I$1,'historic exchange'!$D:$D,"1.6. 出口量(-)")+SUMIFS('historic exchange'!$F:$F,'historic exchange'!$B:$B,"*"&$B$1&"*",'historic exchange'!$C:$C,I$1,'historic exchange'!$D:$D,"1.5. 本省(区、市)调出量(-)") -> -201.76 | J28: =SUMIFS('historic exchange'!$F:$F,'historic exchange'!$B:$B,"*"&$B$1&"*",'historic exchange'!$C:$C,J$1,'historic exchange'!$D:$D,"1.6. 出口量(-)")+SUMIFS('historic exchange'!$F:$F,'historic exchange'!$B:$B,"*"&$B$1&"*",'historic exchange'!$C:$C,J$1,'historic exchange'!$D:$D,"1.5. 本省(区、市)调出量(-)") -> 0
A29: Exported Renewable Power | B29: 调出可再生电量 | C29: =C28*C23/C12 -> -49.051245 | D29: =D28*D23/D12 -> -55.383057 | E29: =E28*E23/E12 -> -58.940054 | F29: =F28*F23/F12 -> -64.663432 | G29: =G28*G23/G12 -> -70.727135 | H29: =H28*H23/H12 -> -73.86828 | I29: =I28*I23/I12 -> -69.60106 | J29: =J28*J23/J12 -> 0
A30: Exported non-Hydro RE Power | B30: 调出非水可再生电量 | C30: =C28*C24/C12 -> -12.890434 | D30: =D28*D24/D12 -> -18.503294 | E30: =E28*E24/E12 -> -22.740436 | F30: =F28*F24/F12 -> -27.838004 | G30: =G28*G24/G12 -> -32.242953 | H30: =H28*H24/H12 -> -35.139584 | I30: =I28*I24/I12 -> -37.402222 | J30: =J28*J24/J12 -> 0
A31: Imported Renewable Power | B31: 调入可再生电量 | C31: =C9-C23-C29 -> -1419.4488 | D31: =D9-D23-D29 -> -2528.8169 | E31: =E9-E23-E29 -> -2681.0599 | F31: =F9-F23-F29 -> -3411.3666 | G31: =G9-G23-G29 -> -3921.5729 | H31: =H9-H23-H29 -> -4163.1317 | I31: =I9-I23-I29 -> -4447.6989 | J31: =J9-J23-J29 -> -4447
A32: Imported non-Hydro RE Power | B32: 调入非水可再生电量 | C32: =C10-C24-C30 -> -1175.6096 | D32: =D10-D24-D30 -> -2158.6967 | E32: =E10-E24-E30 -> -2447.2596 | F32: =F10-F24-F30 -> -2971.962 | G32: =G10-G24-G30 -> -3489.057 | H32: =H10-H24-H30 -> -3699.8604 | I32: =I10-I24-I30 -> -4128.8978 | J32: =J10-J24-J30 -> -4064
A34: Local Renewable Generation Ratio | B34: 本地发电可再生能源比例 | C34: =C23/C12 -> 0.26295296 | D34: =D23/D12 -> 0.29292356 | E34: =E23/E12 -> 0.30272241 | F34: =F23/F12 -> 0.30930562 | G34: =G23/G12 -> 0.3266088 | H34: =H23/H12 -> 0.33895416 | I34: =I23/I12 -> 0.34496957 | J34: =J23/J12 -> 0.35950313 | ... O34: =O23/O12 -> 0.39724547 | R34: =R23/R12 -> 0.50914365
A35: Local non-Hydro RE Generation Ratio | B35: 本地发电非水可再生能源比例 | C35: =C24/C12 -> 0.069102787 | D35: =D24/D12 -> 0.097864781 | E35: =E24/E12 -> 0.11679731 | F35: =F24/F12 -> 0.13315796 | G35: =G24/G12 -> 0.1488938 | H35: =H24/H12 -> 0.16124253 | I35: =I24/I12 -> 0.18537977 | J35: =J24/J12 -> 0.20403703
A36: Local Hydro Generation Ratio | B36: 本地水力发电比例 | C36: =C13/C12 -> 0.19385017 | D36: =D13/D12 -> 0.19505878 | E36: =E13/E12 -> 0.18592511 | F36: =F13/F12 -> 0.17614765 | G36: =G13/G12 -> 0.177715 | H36: =H13/H12 -> 0.17771163 | I36: =I13/I12 -> 0.1595898 | J36: =J13/J12 -> 0.1554661
A38: Imported Renewable Generation Ratio | B38: 调入电力可再生能源比例 | C38: =C31/C27 -> -22.857468 | D38: =D31/D27 -> -40.886288 | E38: =E31/E27 -> -41.741553 | F38: =F31/F27 -> -59.974799 | G38: =G31/G27 -> -80.724019 | H38: =H31/H27 -> -87.626431 | I38: =I31/I27 -> -74.902306
A39: Import non-Hydro RE Generation Ratio | B39: 调入电非水可再生能源比例 | C39: =C32/C27 -> -18.930911 | D39: =D32/D27 -> -34.902129 | E39: =E32/E27 -> -38.101503 | F39: =F32/F27 -> -52.249683 | G39: =G32/G27 -> -71.820853 | H39: =H32/H27 -> -77.875403 | I39: =I32/I27 -> -69.533476
A41: Ratio of RPS vs Renewable Consumed | B41: 可再生生产配额与消费配额比例 | C41: =C34/C2 -> 1.0732774 | D41: =D34/D2 -> 1.1532424 | E41: =E34/E2 -> 1.1423487 | F41: =F34/F2 -> 1.167191 | G41: =G34/G2 -> 1.1876684 | H41: =H34/H2 -> 1.1769242 | I41: =I34/I2 -> 1.1733659 | J41: =J34/J2 -> 1.1376681
A42: Ratio of non-Hydro RPS vs RE Consumed | B42: 非水可再生生产配额与消费配额比例 | C42: =C35/C5 -> 1.3820557 | D42: =D35/D5 -> 1.5534092 | E42: =E35/E5 -> 1.4599663 | F42: =F35/F5 -> 1.4473692 | G42: =G35/G5 -> 1.4597432 | H42: =H35/H5 -> 1.4144081 | I42: =I35/I5 -> 1.353137 | J42: =J35/J5 -> 1.2832518
B45: 核电发电占比 | H45: =H19/H12 -> 0.048017413 | I45: =I19/I12 -> 0.048535595 | J45: =J19/J12 -> 0.048053367 | K45: =K19/K12 -> 0.051001749 | L45: =L19/L12 -> 0.05131839 | M45: =M19/M12 -> 0.051692279 | N45: =N19/N12 -> 0.05189774 | O45: =O19/O12 -> 0.051938163 | W45: 0.069 | AV45: 0.165
A48: Extrapolated RPS | B48: 预期可再生生产配额 | C48: =C34 -> 0.26295296 | D48: =D34 -> 0.29292356 | E48: =E34 -> 0.30272241 | F48: =F34 -> 0.30930562 | G48: =G34 -> 0.3266088 | H48: =H34 -> 0.33895416 | I48: =I34 -> 0.34496957 | J48: =J34 -> 0.35950313 | K48: =$J$48+($R$48-$J$48)*(K1-$J$1)/($R$1-$J$1) -> 0.36706524 | L48: =$J$48+($R$48-$J$48)*(L1-$J$1)/($R$1-$J$1) -> 0.37462735 | M48: =$J$48+($R$48-$J$48)*(M1-$J$1)/($R$1-$J$1) -> 0.38218946 | N48: =$J$48+($R$48-$J$48)*(N1-$J$1)/($R$1-$J$1) -> 0.38975157 | O48: =$J$48+($R$48-$J$48)*(O1-$J$1)/($R$1-$J$1) -> 0.39731368 | P48: =$J$48+($R$48-$J$48)*(P1-$J$1)/($R$1-$J$1) -> 0.40487578 | Q48: =$J$48+($R$48-$J$48)*(Q1-$J$1)/($R$1-$J$1) -> 0.41243789 | R48: 0.42 | S48: =$R$48+($AL$48-$R$48)*(S1-$R$1)/($AL$1-$R$1) -> 0.4315 | T48: =$R$48+($AL$48-$R$48)*(T1-$R$1)/($AL$1-$R$1) -> 0.443 | U48: =$R$48+($AL$48-$R$48)*(U1-$R$1)/($AL$1-$R$1) -> 0.4545 | V48: =$R$48+($AL$48-$R$48)*(V1-$R$1)/($AL$1-$R$1) -> 0.466 | W48: =$R$48+($AL$48-$R$48)*(W1-$R$1)/($AL$1-$R$1) -> 0.4775 | X48: =$R$48+($AL$48-$R$48)*(X1-$R$1)/($AL$1-$R$1) -> 0.489 | Y48: =$R$48+($AL$48-$R$48)*(Y1-$R$1)/($AL$1-$R$1) -> 0.5005 | Z48: =$R$48+($AL$48-$R$48)*(Z1-$R$1)/($AL$1-$R$1) -> 0.512 | ... AK48: =$R$48+($AL$48-$R$48)*(AK1-$R$1)/($AL$1-$R$1) -> 0.6385 | AL48: 0.65 | AM48: =0.0115*(AL1-2030+1)+0.4085 -> 0.65 | AN48: =0.0115*(AM1-2030+1)+0.4085 -> 0.6615 | AO48: =0.0115*(AN1-2030+1)+0.4085 -> 0.673 | AP48: =0.0115*(AO1-2030+1)+0.4085 -> 0.6845 | AQ48: =0.0115*(AP1-2030+1)+0.4085 -> 0.696 | AR48: =0.0115*(AQ1-2030+1)+0.4085 -> 0.7075 | AS48: =0.0115*(AR1-2030+1)+0.4085 -> 0.719 | AT48: =0.0115*(AS1-2030+1)+0.4085 -> 0.7305 | ... AV48: =0.0115*(AU1-2030+1)+0.4085 -> 0.7535
A49: Extrapolated non-Hydro RPS | B49: 预期非水可再生生产配额 | C49: =C35 -> 0.069102787 | D49: =D35 -> 0.097864781 | E49: =E35 -> 0.11679731 | F49: =F35 -> 0.13315796 | G49: =G35 -> 0.1488938 | H49: =H35 -> 0.16124253 | I49: =I35 -> 0.18537977 | J49: =J35 -> 0.20403703 | K49: 17.2% | L49: 18.7% | M49: 20.3% | N49: 21.8% | O49: 23.4% | P49: 25.0% | Q49: 26.5% | R49: 0.281 | S49: =S48-S51 -> 0.29624178 | T49: =T48-T51 -> 0.31167826 | U49: =U48-U51 -> 0.3262753 | V49: =V48-V51 -> 0.34159605 | W49: =W48-W51 -> 0.35657958 | X49: =X48-X51 -> 0.37098615 | Y49: =Y48-Y51 -> 0.3853155 | Z49: =Z48-Z51 -> 0.39952701 | ... AL49: =AL48-AL51 -> 0.56037298 | AM49: =$AL$49+($AV$49-$AL$49)*(AM1-$AL$1)/($AV$1-$AL$1) -> 0.56493568 | AN49: =$AL$49+($AV$49-$AL$49)*(AN1-$AL$1)/($AV$1-$AL$1) -> 0.56949838 | AO49: =$AL$49+($AV$49-$AL$49)*(AO1-$AL$1)/($AV$1-$AL$1) -> 0.57406109 | AP49: =$AL$49+($AV$49-$AL$49)*(AP1-$AL$1)/($AV$1-$AL$1) -> 0.57862379 | AQ49: =$AL$49+($AV$49-$AL$49)*(AQ1-$AL$1)/($AV$1-$AL$1) -> 0.58318649 | AR49: =$AL$49+($AV$49-$AL$49)*(AR1-$AL$1)/($AV$1-$AL$1) -> 0.58774919 | AS49: =$AL$49+($AV$49-$AL$49)*(AS1-$AL$1)/($AV$1-$AL$1) -> 0.59231189 | AT49: =$AL$49+($AV$49-$AL$49)*(AT1-$AL$1)/($AV$1-$AL$1) -> 0.5968746 | AU49: =$AL$49+($AV$49-$AL$49)*(AU1-$AL$1)/($AV$1-$AL$1) -> 0.6014373 | AV49: 0.606
B50: 水电对应发电量 | R50: =(R48-R49)*R54 -> 1.4458042e+09
B51: 水电生产配额 | C51: =C48-C49 -> 0.19385017 | D51: =D48-D49 -> 0.19505878 | E51: =E48-E49 -> 0.18592511 | F51: =F48-F49 -> 0.17614765 | G51: =G48-G49 -> 0.177715 | H51: =H48-H49 -> 0.17771163 | I51: =I48-I49 -> 0.1595898 | J51: =J48-J49 -> 0.1554661 | ... R51: =R48-R49 -> 0.139 | S51: =$R$50/S54 -> 0.13525822 | T51: =$R$50/T54 -> 0.13132174 | U51: =$R$50/U54 -> 0.1282247 | V51: =$R$50/V54 -> 0.12440395 | W51: =$R$50/W54 -> 0.12092042 | X51: =$R$50/X54 -> 0.11801385 | Y51: =$R$50/Y54 -> 0.1151845 | Z51: =$R$50/Z54 -> 0.11247299 | ... AV51: =$R$50/AV54 -> 0.083866978
AV52: =AV54*AV51 -> 1.4458042e+09
C53: 2030：水电发电量不变，反算比例
A54: Expected Electricirty Generation from Calibration | B54: 模型预期总发电量 | I54: =SUM('model calibration'!B2:B49) -> 5.0946708e+08 | J54: =SUM('model calibration'!C2:C49) -> 6.8400726e+08 | K54: =SUM('model calibration - 2022'!B2:B49) -> 8.2436405e+09 | L54: =SUM('model calibration - 2022'!C2:C49) -> 8.4036735e+09 | M54: =SUM('model calibration - 2022'!D2:D49) -> 8850884373 | N54: =SUM('model calibration - 2022'!E2:E49) -> 9.260612e+09 | O54: =SUM('model calibration - 2022'!F2:F49) -> 9573143190 | P54: =SUM('model calibration - 2022'!G2:G49) -> 9.905463e+09 | Q54: =SUM('model calibration - 2022'!H2:H49) -> 1.0210434e+10 | R54: =SUM('model calibration - 2022'!I2:I49) -> 1.0401469e+10 | ... AV54: =SUM('model calibration - 2022'!AM2:AM49) -> 1.7239254e+10
A55: RPS Percentage Achieved from Calibration | B55: 模型预测可再生能源发电配额 | H55: =SUMPRODUCT('model calibration'!B52:B67,'model calibration'!B71:B86) -> 0.19367227 | I55: {=SUMPRODUCT('model calibration'!C52:C67,'model calibration'!C71:C86)} -> 0.29906246 | J55: =SUMPRODUCT('model calibration'!D52:D67,'model calibration'!D71:D86) -> 0.30689672 | K55: {=SUMPRODUCT('model calibration - 2022'!B53:B68,'model calibration - 2022'!B73:B88)} -> 0.41845652 | L55: {=SUMPRODUCT('model calibration - 2022'!C53:C68,'model calibration - 2022'!C73:C88)} -> 0.42155652 | M55: {=SUMPRODUCT('model calibration - 2022'!D53:D68,'model calibration - 2022'!D73:D88)} -> 0.41252027 | N55: {=SUMPRODUCT('model calibration - 2022'!E53:E68,'model calibration - 2022'!E73:E88)} -> 0.40695272 | O55: {=SUMPRODUCT('model calibration - 2022'!F53:F68,'model calibration - 2022'!F73:F88)} -> 0.40665768 | P55: {=SUMPRODUCT('model calibration - 2022'!G53:G68,'model calibration - 2022'!G73:G88)} -> 0.425461 | Q55: {=SUMPRODUCT('model calibration - 2022'!H53:H68,'model calibration - 2022'!H73:H88)} -> 0.45116537 | R55: {=SUMPRODUCT('model calibration - 2022'!I53:I68,'model calibration - 2022'!I73:I88)} -> 0.4705158 | ... AV55: {=SUMPRODUCT('model calibration - 2022'!AM53:AM68,'model calibration - 2022'!AM73:AM88)} -> 0.9386907
A58: RPS Percentage Achieved from Calibration | B58: 模型预测可再生能源发电配额 | H58: =SUMPRODUCT('14FYP workbook'!B120:B135,'model calibration'!B71:B86) -> 0.14635103 | I58: =SUMPRODUCT('14FYP workbook'!C120:C135,'model calibration'!C71:C86) -> 0.19909962 | J58: =SUMPRODUCT('14FYP workbook'!D120:D135,'model calibration'!D71:D86) -> 0.21528508 | K58: =SUMPRODUCT('14FYP workbook'!E120:E135,'model calibration'!E71:E86) -> 0.23477508 | L58: =SUMPRODUCT('14FYP workbook'!F120:F135,'model calibration'!F71:F86) -> 0.25339298 | M58: =SUMPRODUCT('14FYP workbook'!G120:G135,'model calibration'!G71:G86) -> 0.27309046 | N58: =SUMPRODUCT('14FYP workbook'!H120:H135,'model calibration'!H71:H86) -> 0.29760707 | O58: =SUMPRODUCT('14FYP workbook'!I120:I135,'model calibration'!I71:I86) -> 0.32355017 | ... W58: =SUMPRODUCT('14FYP workbook'!Q120:Q135,'model calibration'!Q71:Q86) -> 0.50356396 | X58: =SUMPRODUCT('model calibration'!R55:R70,'model calibration'!R74:R89) -> 0.49655542 | Y58: =SUMPRODUCT('model calibration'!S55:S70,'model calibration'!S74:S89) -> 0.51918241 | Z58: =SUMPRODUCT('model calibration'!T55:T70,'model calibration'!T74:T89) -> 0.54181955 | AA58: =SUMPRODUCT('model calibration'!U55:U70,'model calibration'!U74:U89) -> 0.56426987 | AB58: =SUMPRODUCT('model calibration'!V55:V70,'model calibration'!V74:V89) -> 0.58659781 | AC58: =SUMPRODUCT('model calibration'!W55:W70,'model calibration'!W74:W89) -> 0.60870524 | AD58: =SUMPRODUCT('model calibration'!X55:X70,'model calibration'!X74:X89) -> 0.63051351 | AE58: =SUMPRODUCT('model calibration'!Y55:Y70,'model calibration'!Y74:Y89) -> 0.65180746 | ... AV58: =SUMPRODUCT('model calibration'!AP55:AP70,'model calibration'!AP74:AP89) -> 0.90877529
B60: Targeted Percentage | J60: =J48 -> 0.35950313 | K60: =K34 -> 0.37319435 | L60: =L34 -> 0.37921626 | M60: =M34 -> 0.38601475 | N60: =N34 -> 0.39194528 | O60: =O34 -> 0.39724547 | W60: 0.64 | AV60: 0.87
B61: FOPITY | H61: =H48/AV60 -> 0.38960248 | I61: =I48/AV60 -> 0.39651675 | J61: =J48/AV60 -> 0.41322199 | K61: =$J$61+($M$61-$J$61)*(K1-$J$1)/($M$1-$J$1) -> 0.4233797 | L61: =$J$61+($M$61-$J$61)*(L1-$J$1)/($M$1-$J$1) -> 0.43353741 | M61: =M60/$AV$60 -> 0.44369512 | N61: =N60/$AV$60 -> 0.45051182 | O61: =O60/$AV$60 -> 0.45660398 | P61: =P66/100/$AV$60 -> 0.4916511 | Q61: =Q66/100/$AV$60 -> 0.51753734 | R61: =R66/100/$AV$60 -> 0.5468995 | S61: =S66/100/$AV$60 -> 0.57936613 | T61: =T66/100/$AV$60 -> 0.61466454 | U61: =U66/100/$AV$60 -> 0.65258345 | V61: =V66/100/$AV$60 -> 0.69295288 | W61: =W66/100/$AV$60 -> 0.73563218 | X61: =$W$61+($AV$61-$W$61)*(X1-$W$1)/($AV$1-$W$1) -> 0.7462069 | Y61: =$W$61+($AV$61-$W$61)*(Y1-$W$1)/($AV$1-$W$1) -> 0.75678161 | Z61: =$W$61+($AV$61-$W$61)*(Z1-$W$1)/($AV$1-$W$1) -> 0.76735632 | AA61: =$W$61+($AV$61-$W$61)*(AA1-$W$1)/($AV$1-$W$1) -> 0.77793103 | AB61: =$W$61+($AV$61-$W$61)*(AB1-$W$1)/($AV$1-$W$1) -> 0.78850575 | AC61: =$W$61+($AV$61-$W$61)*(AC1-$W$1)/($AV$1-$W$1) -> 0.79908046 | AD61: =$W$61+($AV$61-$W$61)*(AD1-$W$1)/($AV$1-$W$1) -> 0.80965517 | AE61: =$W$61+($AV$61-$W$61)*(AE1-$W$1)/($AV$1-$W$1) -> 0.82022989 | ... AU61: =$W$61+($AV$61-$W$61)*(AU1-$W$1)/($AV$1-$W$1) -> 0.98942529 | AV61: =AV60/AV60 -> 1
M63: 0.44369512 | N63: =$M$61+($W$61-$M$61)*(N1-$M$1)/($W$1-$M$1) -> 0.47288882 | O63: =$M$61+($W$61-$M$61)*(O1-$M$1)/($W$1-$M$1) -> 0.50208253 | P63: =$M$61+($W$61-$M$61)*(P1-$M$1)/($W$1-$M$1) -> 0.53127624 | Q63: =$M$61+($W$61-$M$61)*(Q1-$M$1)/($W$1-$M$1) -> 0.56046994 | R63: =$M$61+($W$61-$M$61)*(R1-$M$1)/($W$1-$M$1) -> 0.58966365 | S63: =$M$61+($W$61-$M$61)*(S1-$M$1)/($W$1-$M$1) -> 0.61885736 | T63: =$M$61+($W$61-$M$61)*(T1-$M$1)/($W$1-$M$1) -> 0.64805106 | U63: =$M$61+($W$61-$M$61)*(U1-$M$1)/($W$1-$M$1) -> 0.67724477 | V63: =$M$61+($W$61-$M$61)*(V1-$M$1)/($W$1-$M$1) -> 0.70643848 | W63: 0.73563218
C64: Policy: | D64: 2025: Double Solar and Wind generation
M66: 38.6 | N66: 39.403219 | O66: 40.871845 | P66: 42.773646 | Q66: 45.025748 | R66: 47.580256 | S66: 50.404853 | T66: 53.475815 | U66: 56.774761 | V66: 60.2869 | W66: 64
B69: Excluding Nuclear | I69: =I48-I45 -> 0.29643397 | J69: =J60-J45 -> 0.31144977 | K69: =K60-K45 -> 0.32219261 | L69: =L60-L45 -> 0.32789787 | M69: =M60-M45 -> 0.33432247 | N69: =N60-N45 -> 0.34004754 | O69: =O60-O45 -> 0.3453073 | W69: =W60-W45 -> 0.571 | AV69: =AV60-AV45 -> 0.705
B71: 十四五情景：Policy Target | C71: =C48 -> 0.26295296 | D71: =D48 -> 0.29292356 | E71: =E48 -> 0.30272241 | F71: =F48 -> 0.30930562 | G71: =G48 -> 0.3266088 | H71: =$G$71+($M$71-$G$71)*(H1-$G$1)/($M$1-$G$1) -> 0.337174 | I71: =$G$71+($M$71-$G$71)*(I1-$G$1)/($M$1-$G$1) -> 0.3477392 | J71: =$G$71+($M$71-$G$71)*(J1-$G$1)/($M$1-$G$1) -> 0.3583044 | K71: =$G$71+($M$71-$G$71)*(K1-$G$1)/($M$1-$G$1) -> 0.3688696 | L71: =$G$71+($M$71-$G$71)*(L1-$G$1)/($M$1-$G$1) -> 0.3794348 | M71: 0.39
B73: FOPITY | H73: =H71/MAX($C$71:$M$71) -> 0.86454871 | I73: =I71/MAX($C$71:$M$71) -> 0.89163897 | J73: =J71/MAX($C$71:$M$71) -> 0.91872923 | K73: =K71/MAX($C$71:$M$71) -> 0.94581949 | L73: =L71/MAX($C$71:$M$71) -> 0.97290974 | M73: =M71/MAX($C$71:$M$71) -> 1
B75: 十五五情景：Policy Target | H75: =H71 -> 0.337174 | I75: =I71 -> 0.3477392 | J75: =J71 -> 0.3583044 | K75: =K71 -> 0.3688696 | L75: =L71 -> 0.3794348 | M75: =M71 -> 0.39 | N75: =M75+($R$75-$M$75)/($R$1-$M$1) -> 0.412 | O75: =N75+($R$75-$M$75)/($R$1-$M$1) -> 0.434 | P75: =O75+($R$75-$M$75)/($R$1-$M$1) -> 0.456 | Q75: =P75+($R$75-$M$75)/($R$1-$M$1) -> 0.478 | R75: 0.5 | S75: =R75+($W$75-$R$75)/($W$1-$R$1) -> 0.52 | T75: =S75+($W$75-$R$75)/($W$1-$R$1) -> 0.54 | U75: =T75+($W$75-$R$75)/($W$1-$R$1) -> 0.56 | V75: =U75+($W$75-$R$75)/($W$1-$R$1) -> 0.58 | W75: 0.6
B77: FOPITY | H77: =H75/MAX($H$75:$W$75) -> 0.56195666 | I77: =I75/MAX($H$75:$W$75) -> 0.57956533 | J77: =J75/MAX($H$75:$W$75) -> 0.597174 | K77: =K75/MAX($H$75:$W$75) -> 0.61478267 | L77: =L75/MAX($H$75:$W$75) -> 0.63239133 | M77: =M75/MAX($H$75:$W$75) -> 0.65 | N77: =N75/MAX($H$75:$W$75) -> 0.68666667 | O77: =O75/MAX($H$75:$W$75) -> 0.72333333 | ... W77: =W75/MAX($H$75:$W$75) -> 1

Sheet BRPSPTY
A1: Unit: dimensionless | B1: Year2020 | C1: Year2021 | D1: Year2022 | E1: Year2023 | F1: Year2024 | G1: Year2025 | H1: Year2026 | I1: Year2027 | J1: Year2028 | K1: Year2029 | L1: Year2030 | M1: Year2031 | N1: Year2032 | O1: Year2033 | P1: Year2034 | Q1: Year2035 | R1: Year2036 | S1: Year2037 | T1: Year2038 | U1: Year2039 | V1: Year2040 | W1: Year2041 | X1: Year2042 | Y1: Year2043 | Z1: Year2044 | AA1: Year2045 | AB1: Year2046 | AC1: Year2047 | AD1: Year2048 | AE1: Year2049 | AF1: Year2050 | AG1: Year2051 | AH1: Year2052 | AI1: Year2053 | AJ1: Year2054 | AK1: Year2055 | AL1: Year2056 | AM1: Year2057 | AN1: Year2058 | AO1: Year2059 | AP1: Year2060 | AQ1: Year2061 | AR1: Year2062 | AS1: Year2063 | AT1: Year2064 | AU1: Year2065 | AV1: Year2066 | AW1: Year2067 | AX1: Year2068 | AY1: Year2069 | AZ1: Year2070 | BA1: Year2071 | BB1: Year2072 | BC1: Year2073 | BD1: Year2074 | BE1: Year2075 | BF1: Year2076 | BG1: Year2077 | BH1: Year2078 | BI1: Year2079 | BJ1: Year2080 | BK1: Year2081 | BL1: Year2082 | BM1: Year2083 | BN1: Year2084 | BO1: Year2085 | BP1: Year2086 | BQ1: Year2087 | BR1: Year2088 | BS1: Year2089 | BT1: Year2090 | BU1: Year2091 | BV1: Year2092 | BW1: Year2093 | BX1: Year2094 | BY1: Year2095 | BZ1: Year2096 | CA1: Year2097 | CB1: Year2098 | CC1: Year2099 | CD1: Year2100
A2: RPS Fraction | B2: ='calculation - 2019 Scenario'!G48 -> 0.3266088 | C2: =$B$2 -> 0.3266088 | D2: =$B$2 -> 0.3266088 | E2: =$B$2 -> 0.3266088 | F2: =$B$2 -> 0.3266088 | G2: =$B$2 -> 0.3266088 | H2: =$B$2 -> 0.3266088 | I2: =$B$2 -> 0.3266088 | J2: =$B$2 -> 0.3266088 | ... CD2: =$B$2 -> 0.3266088
A4: Note that this variable is populating the Future Year subscript. It is not a normal time-series data variable. Therefore, this sheet must include a value for every year that exists in the Future Year subscript (and no other years should be present).
