Workbook
Name cpi_2019_to_2012: [1]About!$A$97
Name cpi_2020_to_2012: [1]About!$A$99

Sheet Sheet8
A2: 地区 | B2: 合计 | H2: 水电 | N2: 火电 | T2: 核电 | Z2: 风电 | AF2: 太阳能发电 | AL2: 其他 | AR2: 核电 | AX2: 风能
B3: 2021年 | C3: 2020年 | D3: 2019年 | E3: 2018年 | F3: 2017年 | G3: 2016年 | H3: 2021年 | I3: 2020年 | J3: 2019年 | K3: 2018年 | L3: 2017年 | M3: 2016年 | N3: 2021年 | O3: 2020年 | P3: 2019年 | Q3: 2018年 | R3: 2017年 | S3: 2016年 | T3: 2021年 | U3: 2020年 | V3: 2019年 | W3: 2018年 | X3: 2017年 | Y3: 2016年 | Z3: 2021年 | AA3: 2020年 | AB3: 2019年 | AC3: 2018年 | AD3: 2017年 | AE3: 2016年 | AF3: 2021年 | AG3: 2020年 | AH3: 2019年 | AI3: 2018年 | AJ3: 2017年 | AK3: 2016年 | AL3: 2021年 | AM3: 2020年 | AN3: 2019年 | AO3: 2018年 | AP3: 2017年 | AR3: 2021年 | AS3: 2020年 | AT3: 2019年 | AU3: 2018年 | AV3: 2017年 | AX3: 2021年 | AY3: 2020年 | AZ3: 2019年 | BA3: 2018年 | BB3: 2017年
A4: 全国 | B4: 237777 | C4: 220204 | D4: 201006 | E4: 190012 | F4: 178451 | G4: 165051 | H4: 39094 | I4: 37028 | J4: 35804 | K4: 35259 | L4: 34411 | M4: 33207 | N4: 129739 | O4: 124624 | P4: 118957 | Q4: 114408 | R4: 111009 | S4: 106094 | T4: 5326 | U4: 4989 | V4: 4874 | W4: 4466 | X4: 3582 | Y4: 3364 | Z4: 32871 | AA4: 28165 | AB4: 20915 | AC4: 18427 | AD4: 16400 | AE4: 14747 | AF4: 30654 | AG4: 25356 | AH4: 20429 | AI4: 17433 | AJ4: 13042 | AK4: 7631 | AL4: 94 | AM4: 41 | AN4: 37 | AO4: 20 | AP4: 7 | AR4: =IFERROR(T39/AVERAGE(T4:U4)*10000/8760,"") -> 0.90195375 | AS4: =IFERROR(U39/AVERAGE(U4:V4)*10000/8760,"") -> 0.84768636 | AT4: =IFERROR(V39/AVERAGE(V4:W4)*10000/8760,"") -> 0.8523755 | AU4: =IFERROR(W39/AVERAGE(W4:X4)*10000/8760,"") -> 0.83687373 | AV4: =IFERROR(X39/AVERAGE(X4:Y4)*10000/8760,"") -> 0.81548856 | AX4: =IFERROR(Z39/AVERAGE(Z4:AA4)*10000/8760,"") -> 0.24530773 | AY4: =IFERROR(AA39/AVERAGE(AA4:AB4)*10000/8760,"") -> 0.21700662 | AZ4: =IFERROR(AB39/AVERAGE(AB4:AC4)*10000/8760,"") -> 0.23520473 | BA4: =IFERROR(AC39/AVERAGE(AC4:AD4)*10000/8760,"") -> 0.2398024 | BB4: =IFERROR(AD39/AVERAGE(AD4:AE4)*10000/8760,"") -> 0.22327473
A5: 北京 | C5: 1316 | D5: 1304 | E5: 1276 | F5: 1219 | G5: 1103 | I5: 99 | J5: 99 | K5: 98 | L5: 98 | M5: 98 | O5: 1136 | P5: 1135 | Q5: 1119 | R5: 1077 | S5: 971 | AA5: 19 | AB5: 19 | AC5: 19 | AD5: 19 | AE5: 19 | AG5: 62 | AH5: 51 | AI5: 40 | AJ5: 25 | AK5: 15 | AR5: =IFERROR(T40/AVERAGE(T5:U5)*10000/8760,"") | AS5: =IFERROR(U40/AVERAGE(U5:V5)*10000/8760,"") | AT5: =IFERROR(V40/AVERAGE(V5:W5)*10000/8760,"") | AU5: =IFERROR(W40/AVERAGE(W5:X5)*10000/8760,"") | AV5: =IFERROR(X40/AVERAGE(X5:Y5)*10000/8760,"") | AX5: =IFERROR(Z40/AVERAGE(Z5:AA5)*10000/8760,"") -> 0 | AY5: =IFERROR(AA40/AVERAGE(AA5:AB5)*10000/8760,"") -> 0.24032684 | AZ5: =IFERROR(AB40/AVERAGE(AB5:AC5)*10000/8760,"") -> 0.18024513 | BA5: =IFERROR(AC40/AVERAGE(AC5:AD5)*10000/8760,"") -> 0.18024513 | BB5: =IFERROR(AD40/AVERAGE(AD5:AE5)*10000/8760,"") -> 0.18024513
A6: 天津 | C6: 1917 | D6: 1842 | E6: 1709 | F6: 1499 | G6: 1467 | I6: 1 | J6: 1 | K6: 1 | L6: 1 | M6: 1 | O6: 1668 | P6: 1639 | Q6: 1529 | R6: 1402 | S6: 1378 | AA6: 85 | AB6: 60 | AC6: 52 | AD6: 29 | AE6: 29 | AG6: 164 | AH6: 143 | AI6: 128 | AJ6: 68 | AK6: 60 | AR6: =IFERROR(T41/AVERAGE(T6:U6)*10000/8760,"") | AS6: =IFERROR(U41/AVERAGE(U6:V6)*10000/8760,"") | AT6: =IFERROR(V41/AVERAGE(V6:W6)*10000/8760,"") | AU6: =IFERROR(W41/AVERAGE(W6:X6)*10000/8760,"") | AV6: =IFERROR(X41/AVERAGE(X6:Y6)*10000/8760,"") | AX6: =IFERROR(Z41/AVERAGE(Z6:AA6)*10000/8760,"") -> 0 | AY6: =IFERROR(AA41/AVERAGE(AA6:AB6)*10000/8760,"") -> 0.18894662 | AZ6: =IFERROR(AB41/AVERAGE(AB6:AC6)*10000/8760,"") -> 0.22423353 | BA6: =IFERROR(AC41/AVERAGE(AC6:AD6)*10000/8760,"") -> 0.22549185 | BB6: =IFERROR(AD41/AVERAGE(AD6:AE6)*10000/8760,"") -> 0.23618328
A7: 河北 | C7: 10042 | D7: 8319 | E7: 7427 | F7: 6807 | G7: 6275 | I7: 182 | J7: 182 | K7: 182 | L7: 182 | M7: 182 | O7: 5391 | P7: 5021 | Q7: 4617 | R7: 4574 | S7: 4510 | AA7: 2274 | AB7: 1639 | AC7: 1391 | AD7: 1181 | AE7: 1138 | AG7: 2190 | AH7: 1474 | AI7: 1234 | AJ7: 868 | AK7: 443 | AM7: 4 | AN7: 3 | AO7: 3 | AP7: 2 | AR7: =IFERROR(T42/AVERAGE(T7:U7)*10000/8760,"") | AS7: =IFERROR(U42/AVERAGE(U7:V7)*10000/8760,"") | AT7: =IFERROR(V42/AVERAGE(V7:W7)*10000/8760,"") | AU7: =IFERROR(W42/AVERAGE(W7:X7)*10000/8760,"") | AV7: =IFERROR(X42/AVERAGE(X7:Y7)*10000/8760,"") | AX7: =IFERROR(Z42/AVERAGE(Z7:AA7)*10000/8760,"") -> 0 | AY7: =IFERROR(AA42/AVERAGE(AA7:AB7)*10000/8760,"") -> 0.21471573 | AZ7: =IFERROR(AB42/AVERAGE(AB7:AC7)*10000/8760,"") -> 0.239613 | BA7: =IFERROR(AC42/AVERAGE(AC7:AD7)*10000/8760,"") -> 0.25121257 | BB7: =IFERROR(AD42/AVERAGE(AD7:AE7)*10000/8760,"") -> 0.25892912
A8: 山西 | C8: 10383 | D8: 9249 | E8: 8758 | F8: 8073 | G8: 7640 | I8: 223 | J8: 223 | K8: 223 | L8: 244 | M8: 244 | O8: 6878 | P8: 6687 | Q8: 6628 | R8: 6366 | S8: 6329 | AA8: 1974 | AB8: 1251 | AC8: 1043 | AD8: 872 | AE8: 771 | AG8: 1309 | AH8: 1088 | AI8: 864 | AJ8: 590 | AK8: 297 | AR8: =IFERROR(T43/AVERAGE(T8:U8)*10000/8760,"") | AS8: =IFERROR(U43/AVERAGE(U8:V8)*10000/8760,"") | AT8: =IFERROR(V43/AVERAGE(V8:W8)*10000/8760,"") | AU8: =IFERROR(W43/AVERAGE(W8:X8)*10000/8760,"") | AV8: =IFERROR(X43/AVERAGE(X8:Y8)*10000/8760,"") | AX8: =IFERROR(Z43/AVERAGE(Z8:AA8)*10000/8760,"") -> 0 | AY8: =IFERROR(AA43/AVERAGE(AA8:AB8)*10000/8760,"") -> 0.18831192 | AZ8: =IFERROR(AB43/AVERAGE(AB8:AC8)*10000/8760,"") -> 0.22293615 | BA8: =IFERROR(AC43/AVERAGE(AC8:AD8)*10000/8760,"") -> 0.25275105 | BB8: =IFERROR(AD43/AVERAGE(AD8:AE8)*10000/8760,"") -> 0.22928322
A9: 内蒙古 | C9: 14639 | D9: 12931 | E9: 12285 | F9: 11826 | G9: 11045 | I9: 242 | J9: 239 | K9: 242 | L9: 242 | M9: 241 | O9: 9374 | P9: 8721 | Q9: 8229 | R9: 8170 | S9: 7609 | AA9: 3786 | AB9: 2920 | AC9: 2868 | AD9: 2670 | AE9: 2557 | AG9: 1237 | AH9: 1051 | AI9: 946 | AJ9: 743 | AK9: 638 | AR9: =IFERROR(T44/AVERAGE(T9:U9)*10000/8760,"") | AS9: =IFERROR(U44/AVERAGE(U9:V9)*10000/8760,"") | AT9: =IFERROR(V44/AVERAGE(V9:W9)*10000/8760,"") | AU9: =IFERROR(W44/AVERAGE(W9:X9)*10000/8760,"") | AV9: =IFERROR(X44/AVERAGE(X9:Y9)*10000/8760,"") | AX9: =IFERROR(Z44/AVERAGE(Z9:AA9)*10000/8760,"") -> 0 | AY9: =IFERROR(AA44/AVERAGE(AA9:AB9)*10000/8760,"") -> 0.24717182 | AZ9: =IFERROR(AB44/AVERAGE(AB9:AC9)*10000/8760,"") -> 0.26270697 | BA9: =IFERROR(AC44/AVERAGE(AC9:AD9)*10000/8760,"") -> 0.26054936 | BB9: =IFERROR(AD44/AVERAGE(AD9:AE9)*10000/8760,"") -> 0.24067168
A10: 辽宁 | C10: 5776 | D10: 5370 | E10: 5192 | F10: 4869 | G10: 4601 | I10: 305 | J10: 302 | K10: 299 | L10: 295 | M10: 293 | O10: 3643 | P10: 3446 | Q10: 3383 | R10: 3193 | S10: 3114 | U10: 448 | V10: 448 | W10: 448 | X10: 448 | Y10: 448 | AA10: 981 | AB10: 832 | AC10: 761 | AD10: 711 | AE10: 695 | AG10: 400 | AH10: 343 | AI10: 302 | AJ10: 223 | AK10: 52 | AR10: =IFERROR(T45/AVERAGE(T10:U10)*10000/8760,"") -> 0 | AS10: =IFERROR(U45/AVERAGE(U10:V10)*10000/8760,"") -> 0.83323141 | AT10: =IFERROR(V45/AVERAGE(V10:W10)*10000/8760,"") -> 0.83323141 | AU10: =IFERROR(W45/AVERAGE(W10:X10)*10000/8760,"") -> 0.7695287 | AV10: =IFERROR(X45/AVERAGE(X10:Y10)*10000/8760,"") -> 0.60135356 | AX10: =IFERROR(Z45/AVERAGE(Z10:AA10)*10000/8760,"") -> 0 | AY10: =IFERROR(AA45/AVERAGE(AA10:AB10)*10000/8760,"") -> 0.24430357 | AZ10: =IFERROR(AB45/AVERAGE(AB10:AC10)*10000/8760,"") -> 0.2622776 | BA10: =IFERROR(AC45/AVERAGE(AC10:AD10)*10000/8760,"") -> 0.2559187 | BB10: =IFERROR(AD45/AVERAGE(AD10:AE10)*10000/8760,"") -> 0.2435745
A11: 吉林 | C11: 3278 | D11: 3122 | E11: 3055 | F11: 2864 | G11: 2716 | I11: 510 | J11: 445 | K11: 385 | L11: 380 | M11: 378 | O11: 1852 | P11: 1845 | Q11: 1892 | R11: 1820 | S11: 1777 | AA11: 577 | AB11: 557 | AC11: 514 | AD11: 505 | AE11: 505 | AG11: 338 | AH11: 274 | AI11: 265 | AJ11: 159 | AK11: 56 | AR11: =IFERROR(T46/AVERAGE(T11:U11)*10000/8760,"") | AS11: =IFERROR(U46/AVERAGE(U11:V11)*10000/8760,"") | AT11: =IFERROR(V46/AVERAGE(V11:W11)*10000/8760,"") | AU11: =IFERROR(W46/AVERAGE(W11:X11)*10000/8760,"") | AV11: =IFERROR(X46/AVERAGE(X11:Y11)*10000/8760,"") | AX11: =IFERROR(Z46/AVERAGE(Z11:AA11)*10000/8760,"") -> 0 | AY11: =IFERROR(AA46/AVERAGE(AA11:AB11)*10000/8760,"") -> 0.26173162 | AZ11: =IFERROR(AB46/AVERAGE(AB11:AC11)*10000/8760,"") -> 0.24515133 | BA11: =IFERROR(AC46/AVERAGE(AC11:AD11)*10000/8760,"") -> 0.23525616 | BB11: =IFERROR(AD46/AVERAGE(AD11:AE11)*10000/8760,"") -> 0.1966635
A12: 黑龙江 | C12: 3536 | D12: 3246 | E12: 3129 | F12: 2969 | G12: 2783 | I12: 109 | J12: 108 | K12: 104 | L12: 103 | M12: 102 | O12: 2423 | P12: 2253 | Q12: 2212 | R12: 2201 | S12: 2104 | AA12: 686 | AB12: 611 | AC12: 598 | AD12: 570 | AE12: 561 | AG12: 318 | AH12: 274 | AI12: 215 | AJ12: 94 | AK12: 17 | AR12: =IFERROR(T47/AVERAGE(T12:U12)*10000/8760,"") | AS12: =IFERROR(U47/AVERAGE(U12:V12)*10000/8760,"") | AT12: =IFERROR(V47/AVERAGE(V12:W12)*10000/8760,"") | AU12: =IFERROR(W47/AVERAGE(W12:X12)*10000/8760,"") | AV12: =IFERROR(X47/AVERAGE(X12:Y12)*10000/8760,"") | AX12: =IFERROR(Z47/AVERAGE(Z12:AA12)*10000/8760,"") -> 0 | AY12: =IFERROR(AA47/AVERAGE(AA12:AB12)*10000/8760,"") -> 0.24820186 | AZ12: =IFERROR(AB47/AVERAGE(AB12:AC12)*10000/8760,"") -> 0.26437941 | BA12: =IFERROR(AC47/AVERAGE(AC12:AD12)*10000/8760,"") -> 0.24433915 | BB12: =IFERROR(AD47/AVERAGE(AD12:AE12)*10000/8760,"") -> 0.21801533
A13: 上海 | C13: 2669 | D13: 2664 | E13: 2525 | F13: 2400 | G13: 2371 | O13: 2450 | P13: 2475 | Q13: 2365 | R13: 2271 | S13: 2264 | AA13: 82 | AB13: 81 | AC13: 71 | AD13: 71 | AE13: 71 | AG13: 137 | AH13: 109 | AI13: 89 | AJ13: 58 | AK13: 35 | AR13: =IFERROR(T48/AVERAGE(T13:U13)*10000/8760,"") | AS13: =IFERROR(U48/AVERAGE(U13:V13)*10000/8760,"") | AT13: =IFERROR(V48/AVERAGE(V13:W13)*10000/8760,"") | AU13: =IFERROR(W48/AVERAGE(W13:X13)*10000/8760,"") | AV13: =IFERROR(X48/AVERAGE(X13:Y13)*10000/8760,"") | AX13: =IFERROR(Z48/AVERAGE(Z13:AA13)*10000/8760,"") -> 0 | AY13: =IFERROR(AA48/AVERAGE(AA13:AB13)*10000/8760,"") -> 0.26612881 | AZ13: =IFERROR(AB48/AVERAGE(AB13:AC13)*10000/8760,"") -> 0.25534727 | BA13: =IFERROR(AC48/AVERAGE(AC13:AD13)*10000/8760,"") -> 0.28940768 | BB13: =IFERROR(AD48/AVERAGE(AD13:AE13)*10000/8760,"") -> 0.27332947
A14: 江苏 | C14: 14146 | D14: 13288 | E14: 12657 | F14: 11469 | G14: 10160 | I14: 265 | J14: 265 | K14: 265 | L14: 265 | M14: 115 | O14: 10079 | P14: 10050 | Q14: 9749 | R14: 9430 | S14: 8727 | U14: 549 | V14: 437 | W14: 437 | X14: 212 | Y14: 212 | AA14: 1547 | AB14: 1041 | AC14: 865 | AD14: 656 | AE14: 561 | AG14: 1684 | AH14: 1486 | AI14: 1332 | AJ14: 907 | AK14: 546 | AM14: 23 | AN14: 10 | AO14: 10 | AR14: =IFERROR(T49/AVERAGE(T14:U14)*10000/8760,"") -> 0 | AS14: =IFERROR(U49/AVERAGE(U14:V14)*10000/8760,"") -> 0.82201043 | AT14: =IFERROR(V49/AVERAGE(V14:W14)*10000/8760,"") -> 0.85942969 | AU14: =IFERROR(W49/AVERAGE(W14:X14)*10000/8760,"") -> 0.8513273 | AV14: =IFERROR(X49/AVERAGE(X14:Y14)*10000/8760,"") -> 0.93154993 | AX14: =IFERROR(Z49/AVERAGE(Z14:AA14)*10000/8760,"") -> 0 | AY14: =IFERROR(AA49/AVERAGE(AA14:AB14)*10000/8760,"") -> 0.20202127 | AZ14: =IFERROR(AB49/AVERAGE(AB14:AC14)*10000/8760,"") -> 0.22040468 | BA14: =IFERROR(AC49/AVERAGE(AC14:AD14)*10000/8760,"") -> 0.25968256 | BB14: =IFERROR(AD49/AVERAGE(AD14:AE14)*10000/8760,"") -> 0.22512128
A15: 浙江 | C15: 10142 | D15: 9789 | E15: 9565 | F15: 8899 | G15: 8331 | I15: 1171 | J15: 1170 | K15: 1161 | L15: 1160 | M15: 1154 | O15: 6358 | P15: 6212 | Q15: 6209 | R15: 6134 | S15: 6062 | U15: 911 | V15: 908 | W15: 908 | X15: 657 | Y15: 657 | AA15: 186 | AB15: 160 | AC15: 148 | AD15: 133 | AE15: 119 | AG15: 1517 | AH15: 1339 | AI15: 1138 | AJ15: 814 | AK15: 338 | AM15: 1 | AN15: 1 | AO15: 0.4 | AP15: 0.4 | AR15: =IFERROR(T50/AVERAGE(T15:U15)*10000/8760,"") -> 0 | AS15: =IFERROR(U50/AVERAGE(U15:V15)*10000/8760,"") -> 0.89366178 | AT15: =IFERROR(V50/AVERAGE(V15:W15)*10000/8760,"") -> 0.79078913 | AU15: =IFERROR(W50/AVERAGE(W15:X15)*10000/8760,"") -> 0.85634674 | AV15: =IFERROR(X50/AVERAGE(X15:Y15)*10000/8760,"") -> 0.88787418 | AX15: =IFERROR(Z50/AVERAGE(Z15:AA15)*10000/8760,"") -> 0 | AY15: =IFERROR(AA50/AVERAGE(AA15:AB15)*10000/8760,"") -> 0.2375485 | AZ15: =IFERROR(AB50/AVERAGE(AB15:AC15)*10000/8760,"") -> 0.2446184 | BA15: =IFERROR(AC50/AVERAGE(AC15:AD15)*10000/8760,"") -> 0.2518728 | BB15: =IFERROR(AD50/AVERAGE(AD15:AE15)*10000/8760,"") -> 0.22649851
A16: 安徽 | C16: 7816 | D16: 7394 | E16: 7089 | F16: 6468 | G16: 5733 | I16: 474 | J16: 345 | K16: 312 | L16: 310 | M16: 295 | O16: 5561 | P16: 5521 | Q16: 5413 | R16: 5053 | S16: 4915 | AA16: 412 | AB16: 274 | AC16: 246 | AD16: 217 | AE16: 177 | AG16: 1370 | AH16: 1254 | AI16: 1118 | AJ16: 888 | AK16: 345 | AR16: =IFERROR(T51/AVERAGE(T16:U16)*10000/8760,"") | AS16: =IFERROR(U51/AVERAGE(U16:V16)*10000/8760,"") | AT16: =IFERROR(V51/AVERAGE(V16:W16)*10000/8760,"") | AU16: =IFERROR(W51/AVERAGE(W16:X16)*10000/8760,"") | AV16: =IFERROR(X51/AVERAGE(X16:Y16)*10000/8760,"") | AX16: =IFERROR(Z51/AVERAGE(Z16:AA16)*10000/8760,"") -> 0 | AY16: =IFERROR(AA51/AVERAGE(AA16:AB16)*10000/8760,"") -> 0.18970406 | AZ16: =IFERROR(AB51/AVERAGE(AB16:AC16)*10000/8760,"") -> 0.20635757 | BA16: =IFERROR(AC51/AVERAGE(AC16:AD16)*10000/8760,"") -> 0.24655562 | BB16: =IFERROR(AD51/AVERAGE(AD16:AE16)*10000/8760,"") -> 0.23758199
A17: 福建 | C17: 6372 | D17: 5909 | E17: 5770 | F17: 5597 | G17: 5210 | I17: 1331 | J17: 1321 | K17: 1322 | L17: 1307 | M17: 1304 | O17: 3478 | P17: 3172 | Q17: 3128 | R17: 3074 | S17: 2902 | U17: 871 | V17: 871 | W17: 871 | X17: 871 | Y17: 762 | AA17: 486 | AB17: 376 | AC17: 300 | AD17: 252 | AE17: 214 | AG17: 202 | AH17: 169 | AI17: 148 | AJ17: 92 | AK17: 27 | AM17: 3 | AR17: =IFERROR(T52/AVERAGE(T17:U17)*10000/8760,"") -> 0 | AS17: =IFERROR(U52/AVERAGE(U17:V17)*10000/8760,"") -> 0.8545261 | AT17: =IFERROR(V52/AVERAGE(V17:W17)*10000/8760,"") -> 0.8138968 | AU17: =IFERROR(W52/AVERAGE(W17:X17)*10000/8760,"") -> 0.84666237 | AV17: =IFERROR(X52/AVERAGE(X17:Y17)*10000/8760,"") -> 0.78293865 | AX17: =IFERROR(Z52/AVERAGE(Z17:AA17)*10000/8760,"") -> 0 | AY17: =IFERROR(AA52/AVERAGE(AA17:AB17)*10000/8760,"") -> 0.32313087 | AZ17: =IFERROR(AB52/AVERAGE(AB17:AC17)*10000/8760,"") -> 0.29383156 | BA17: =IFERROR(AC52/AVERAGE(AC17:AD17)*10000/8760,"") -> 0.29779631 | BB17: =IFERROR(AD52/AVERAGE(AD17:AE17)*10000/8760,"") -> 0.31845886
A18: 江西 | C18: 4401 | D18: 3782 | E18: 3554 | F18: 3167 | G18: 2866 | I18: 660 | J18: 661 | K18: 627 | L18: 615 | M18: 613 | O18: 2455 | P18: 2205 | Q18: 2165 | R18: 1934 | S18: 1918 | AA18: 510 | AB18: 286 | AC18: 225 | AD18: 169 | AE18: 108 | AG18: 776 | AH18: 630 | AI18: 536 | AJ18: 449 | AK18: 228 | AR18: =IFERROR(T53/AVERAGE(T18:U18)*10000/8760,"") | AS18: =IFERROR(U53/AVERAGE(U18:V18)*10000/8760,"") | AT18: =IFERROR(V53/AVERAGE(V18:W18)*10000/8760,"") | AU18: =IFERROR(W53/AVERAGE(W18:X18)*10000/8760,"") | AV18: =IFERROR(X53/AVERAGE(X18:Y18)*10000/8760,"") | AX18: =IFERROR(Z53/AVERAGE(Z18:AA18)*10000/8760,"") -> 0 | AY18: =IFERROR(AA53/AVERAGE(AA18:AB18)*10000/8760,"") -> 0.20364379 | AZ18: =IFERROR(AB53/AVERAGE(AB18:AC18)*10000/8760,"") -> 0.22786371 | BA18: =IFERROR(AC53/AVERAGE(AC18:AD18)*10000/8760,"") -> 0.23758199 | BB18: =IFERROR(AD53/AVERAGE(AD18:AE18)*10000/8760,"") -> 0.25550995
A19: 山东 | C19: 15560 | D19: 14044 | E19: 13107 | F19: 12556 | G19: 10942 | I19: 108 | J19: 108 | K19: 108 | L19: 108 | M19: 108 | O19: 11135 | P19: 10713 | Q19: 10367 | R19: 10335 | S19: 9540 | U19: 250 | V19: 250 | W19: 125 | X19: 0 | AA19: 1795 | AB19: 1354 | AC19: 1146 | AD19: 1061 | AE19: 839 | AG19: 2272 | AH19: 1619 | AI19: 1361 | AJ19: 1052 | AK19: 455 | AR19: =IFERROR(T54/AVERAGE(T19:U19)*10000/8760,"") -> 0 | AS19: =IFERROR(U54/AVERAGE(U19:V19)*10000/8760,"") -> 0.87214612 | AT19: =IFERROR(V54/AVERAGE(V19:W19)*10000/8760,"") -> 1.260274 | AU19: =IFERROR(W54/AVERAGE(W19:X19)*10000/8760,"") -> 0.71232877 | AV19: =IFERROR(X54/AVERAGE(X19:Y19)*10000/8760,"") | AX19: =IFERROR(Z54/AVERAGE(Z19:AA19)*10000/8760,"") -> 0 | AY19: =IFERROR(AA54/AVERAGE(AA19:AB19)*10000/8760,"") -> 0.18778158 | AZ19: =IFERROR(AB54/AVERAGE(AB19:AC19)*10000/8760,"") -> 0.20547945 | BA19: =IFERROR(AC54/AVERAGE(AC19:AD19)*10000/8760,"") -> 0.22137946 | BB19: =IFERROR(AD54/AVERAGE(AD19:AE19)*10000/8760,"") -> 0.19947128
A20: 河南 | C20: 10169 | D20: 9306 | E20: 8680 | F20: 7880 | G20: 7218 | I20: 408 | J20: 408 | K20: 401 | L20: 399 | M20: 399 | O20: 7068 | P20: 7050 | Q20: 6821 | R20: 6544 | S20: 6431 | AA20: 1518 | AB20: 794 | AC20: 468 | AD20: 233 | AE20: 104 | AG20: 1175 | AH20: 1054 | AI20: 991 | AJ20: 703 | AK20: 284 | AR20: =IFERROR(T55/AVERAGE(T20:U20)*10000/8760,"") | AS20: =IFERROR(U55/AVERAGE(U20:V20)*10000/8760,"") | AT20: =IFERROR(V55/AVERAGE(V20:W20)*10000/8760,"") | AU20: =IFERROR(W55/AVERAGE(W20:X20)*10000/8760,"") | AV20: =IFERROR(X55/AVERAGE(X20:Y20)*10000/8760,"") | AX20: =IFERROR(Z55/AVERAGE(Z20:AA20)*10000/8760,"") -> 0 | AY20: =IFERROR(AA55/AVERAGE(AA20:AB20)*10000/8760,"") -> 0.1372628 | AZ20: =IFERROR(AB55/AVERAGE(AB20:AC20)*10000/8760,"") -> 0.15920225 | BA20: =IFERROR(AC55/AVERAGE(AC20:AD20)*10000/8760,"") -> 0.18564477 | BB20: =IFERROR(AD55/AVERAGE(AD20:AE20)*10000/8760,"") -> 0.20324377
A21: 湖北 | C21: 8273 | D21: 7862 | E21: 7401 | F21: 7124 | G21: 6745 | I21: 3757 | J21: 3679 | K21: 3675 | L21: 3671 | M21: 3663 | O21: 3316 | P21: 3157 | Q21: 2884 | R21: 2787 | S21: 2694 | AA21: 502 | AB21: 405 | AC21: 331 | AD21: 253 | AE21: 201 | AG21: 698 | AH21: 621 | AI21: 510 | AJ21: 413 | AK21: 187 | AR21: =IFERROR(T56/AVERAGE(T21:U21)*10000/8760,"") | AS21: =IFERROR(U56/AVERAGE(U21:V21)*10000/8760,"") | AT21: =IFERROR(V56/AVERAGE(V21:W21)*10000/8760,"") | AU21: =IFERROR(W56/AVERAGE(W21:X21)*10000/8760,"") | AV21: =IFERROR(X56/AVERAGE(X21:Y21)*10000/8760,"") | AX21: =IFERROR(Z56/AVERAGE(Z21:AA21)*10000/8760,"") -> 0 | AY21: =IFERROR(AA56/AVERAGE(AA21:AB21)*10000/8760,"") -> 0.20641082 | AZ21: =IFERROR(AB56/AVERAGE(AB21:AC21)*10000/8760,"") -> 0.22955132 | BA21: =IFERROR(AC56/AVERAGE(AC21:AD21)*10000/8760,"") -> 0.25020329 | BB21: =IFERROR(AD56/AVERAGE(AD21:AE21)*10000/8760,"") -> 0.24138555
A22: 湖南 | C22: 4915 | D22: 4669 | E22: 4522 | F22: 4277 | G22: 4121 | I22: 1581 | J22: 1612 | K22: 1598 | L22: 1570 | M22: 1553 | O22: 2269 | P22: 2280 | Q22: 2284 | R22: 2267 | S22: 2322 | AA22: 669 | AB22: 427 | AC22: 348 | AD22: 263 | AE22: 217 | AG22: 391 | AH22: 344 | AI22: 292 | AJ22: 176 | AK22: 30 | AM22: 6 | AN22: 6 | AR22: =IFERROR(T57/AVERAGE(T22:U22)*10000/8760,"") | AS22: =IFERROR(U57/AVERAGE(U22:V22)*10000/8760,"") | AT22: =IFERROR(V57/AVERAGE(V22:W22)*10000/8760,"") | AU22: =IFERROR(W57/AVERAGE(W22:X22)*10000/8760,"") | AV22: =IFERROR(X57/AVERAGE(X22:Y22)*10000/8760,"") | AX22: =IFERROR(Z57/AVERAGE(Z22:AA22)*10000/8760,"") -> 0 | AY22: =IFERROR(AA57/AVERAGE(AA22:AB22)*10000/8760,"") -> 0.20622938 | AZ22: =IFERROR(AB57/AVERAGE(AB22:AC22)*10000/8760,"") -> 0.22094565 | BA22: =IFERROR(AC57/AVERAGE(AC22:AD22)*10000/8760,"") -> 0.22420017 | BB22: =IFERROR(AD57/AVERAGE(AD22:AE22)*10000/8760,"") -> 0.23782344
A23: 广东 | C23: 14224 | D23: 12870 | E23: 11929 | F23: 10968 | G23: 10457 | I23: 1666 | J23: 1576 | K23: 1576 | L23: 1486 | M23: 1411 | O23: 9582 | P23: 8628 | Q23: 8137 | R23: 7768 | S23: 7721 | U23: 1614 | V23: 1614 | W23: 1330 | X23: 1046 | Y23: 938 | AA23: 565 | AB23: 441 | AC23: 357 | AD23: 335 | AE23: 268 | AG23: 797 | AH23: 610 | AI23: 527 | AJ23: 332 | AK23: 117 | AN23: 2 | AO23: 2 | AP23: 2 | AR23: =IFERROR(T58/AVERAGE(T23:U23)*10000/8760,"") -> 0 | AS23: =IFERROR(U58/AVERAGE(U23:V23)*10000/8760,"") -> 0.82115394 | AT23: =IFERROR(V58/AVERAGE(V23:W23)*10000/8760,"") -> 0.85771541 | AU23: =IFERROR(W58/AVERAGE(W23:X23)*10000/8760,"") -> 0.8609689 | AV23: =IFERROR(X58/AVERAGE(X23:Y23)*10000/8760,"") -> 0.92060686 | AX23: =IFERROR(Z58/AVERAGE(Z23:AA23)*10000/8760,"") -> 0 | AY23: =IFERROR(AA58/AVERAGE(AA23:AB23)*10000/8760,"") -> 0.23375727 | AZ23: =IFERROR(AB58/AVERAGE(AB23:AC23)*10000/8760,"") -> 0.21171651 | BA23: =IFERROR(AC58/AVERAGE(AC23:AD23)*10000/8760,"") -> 0.20785494 | BB23: =IFERROR(AD58/AVERAGE(AD23:AE23)*10000/8760,"") -> 0.23474712
A24: 广西 | C24: 5178 | D24: 4615 | E24: 4513 | F24: 4332 | G24: 4152 | I24: 1759 | J24: 1681 | K24: 1677 | L24: 1669 | M24: 1665 | O24: 2344 | P24: 2294 | Q24: 2288 | R24: 2217 | S24: 2185 | U24: 217 | V24: 217 | W24: 217 | X24: 217 | Y24: 217 | AA24: 653 | AB24: 287 | AC24: 208 | AD24: 150 | AE24: 70 | AG24: 205 | AH24: 135 | AI24: 124 | AJ24: 78 | AK24: 16 | AR24: =IFERROR(T59/AVERAGE(T24:U24)*10000/8760,"") -> 0 | AS24: =IFERROR(U59/AVERAGE(U24:V24)*10000/8760,"") -> 0.88378259 | AT24: =IFERROR(V59/AVERAGE(V24:W24)*10000/8760,"") -> 0.90482503 | AU24: =IFERROR(W59/AVERAGE(W24:X24)*10000/8760,"") -> 0.84695831 | AV24: =IFERROR(X59/AVERAGE(X24:Y24)*10000/8760,"") -> 0.66809755 | AX24: =IFERROR(Z59/AVERAGE(Z24:AA24)*10000/8760,"") -> 0 | AY24: =IFERROR(AA59/AVERAGE(AA24:AB24)*10000/8760,"") -> 0.25745652 | AZ24: =IFERROR(AB59/AVERAGE(AB24:AC24)*10000/8760,"") -> 0.28135234 | BA24: =IFERROR(AC59/AVERAGE(AC24:AD24)*10000/8760,"") -> 0.26785031 | BB24: =IFERROR(AD59/AVERAGE(AD24:AE24)*10000/8760,"") -> 0.25944375
A25: 海南 | C25: 999 | D25: 918 | E25: 919 | F25: 786 | G25: 745 | I25: 151 | J25: 154 | K25: 154 | L25: 114 | M25: 91 | O25: 546 | P25: 465 | Q25: 465 | R25: 465 | S25: 464 | U25: 130 | V25: 130 | W25: 130 | X25: 130 | Y25: 130 | AA25: 29 | AB25: 29 | AC25: 34 | AD25: 34 | AE25: 31 | AG25: 143 | AH25: 140 | AI25: 136 | AJ25: 43 | AK25: 29 | AN25: 11 | AR25: =IFERROR(T60/AVERAGE(T25:U25)*10000/8760,"") -> 0 | AS25: =IFERROR(U60/AVERAGE(U25:V25)*10000/8760,"") -> 0.84299262 | AT25: =IFERROR(V60/AVERAGE(V25:W25)*10000/8760,"") -> 0.8517738 | AU25: =IFERROR(W60/AVERAGE(W25:X25)*10000/8760,"") -> 0.67615033 | AV25: =IFERROR(X60/AVERAGE(X25:Y25)*10000/8760,"") -> 0.65858799 | AX25: =IFERROR(Z60/AVERAGE(Z25:AA25)*10000/8760,"") -> 0 | AY25: =IFERROR(AA60/AVERAGE(AA25:AB25)*10000/8760,"") -> 0.23618328 | AZ25: =IFERROR(AB60/AVERAGE(AB25:AC25)*10000/8760,"") -> 0.18119881 | BA25: =IFERROR(AC60/AVERAGE(AC25:AD25)*10000/8760,"") -> 0.16787537 | BB25: =IFERROR(AD60/AVERAGE(AD25:AE25)*10000/8760,"") -> 0.21074816
A26: 重庆 | C26: 2488 | D26: 2448 | E26: 2386 | F26: 2326 | G26: 2178 | I26: 779 | J26: 772 | K26: 756 | L26: 736 | M26: 688 | O26: 1545 | P26: 1548 | Q26: 1537 | R26: 1544 | S26: 1462 | AA26: 97 | AB26: 64 | AC26: 50 | AD26: 33 | AE26: 28 | AG26: 67 | AH26: 65 | AI26: 43 | AJ26: 12 | AK26: 0. 46 | AR26: =IFERROR(T61/AVERAGE(T26:U26)*10000/8760,"") | AS26: =IFERROR(U61/AVERAGE(U26:V26)*10000/8760,"") | AT26: =IFERROR(V61/AVERAGE(V26:W26)*10000/8760,"") | AU26: =IFERROR(W61/AVERAGE(W26:X26)*10000/8760,"") | AV26: =IFERROR(X61/AVERAGE(X26:Y26)*10000/8760,"") | AX26: =IFERROR(Z61/AVERAGE(Z26:AA26)*10000/8760,"") -> 0 | AY26: =IFERROR(AA61/AVERAGE(AA26:AB26)*10000/8760,"") -> 0.19853087 | AZ26: =IFERROR(AB61/AVERAGE(AB26:AC26)*10000/8760,"") -> 0.22029961 | BA26: =IFERROR(AC61/AVERAGE(AC26:AD26)*10000/8760,"") -> 0.22005832 | BB26: =IFERROR(AD61/AVERAGE(AD26:AE26)*10000/8760,"") -> 0.26199566
A27: 四川 | C27: 10105 | D27: 9929 | E27: 9833 | F27: 9721 | G27: 9108 | I27: 7892 | J27: 7846 | K27: 7824 | L27: 7714 | M27: 7246 | O27: 1596 | P27: 1570 | Q27: 1575 | R27: 1662 | S27: 1642 | AA27: 426 | AB27: 325 | AC27: 253 | AD27: 210 | AE27: 125 | AG27: 191 | AH27: 188 | AI27: 181 | AJ27: 135 | AK27: 96 | AR27: =IFERROR(T62/AVERAGE(T27:U27)*10000/8760,"") | AS27: =IFERROR(U62/AVERAGE(U27:V27)*10000/8760,"") | AT27: =IFERROR(V62/AVERAGE(V27:W27)*10000/8760,"") | AU27: =IFERROR(W62/AVERAGE(W27:X27)*10000/8760,"") | AV27: =IFERROR(X62/AVERAGE(X27:Y27)*10000/8760,"") | AX27: =IFERROR(Z62/AVERAGE(Z27:AA27)*10000/8760,"") -> 0 | AY27: =IFERROR(AA62/AVERAGE(AA27:AB27)*10000/8760,"") -> 0.26144745 | AZ27: =IFERROR(AB62/AVERAGE(AB27:AC27)*10000/8760,"") -> 0.28045062 | BA27: =IFERROR(AC62/AVERAGE(AC27:AD27)*10000/8760,"") -> 0.27121118 | BB27: =IFERROR(AD62/AVERAGE(AD27:AE27)*10000/8760,"") -> 0.23853336
A28: 贵州 | C28: 7478 | D28: 6599 | E28: 6039 | F28: 5778 | G28: 5510 | I28: 2281 | J28: 2223 | K28: 2212 | L28: 2119 | M28: 2089 | O28: 3560 | P28: 3410 | Q28: 3263 | R28: 3160 | S28: 3014 | AA28: 580 | AB28: 457 | AC28: 386 | AD28: 363 | AE28: 362 | AG28: 1057 | AH28: 510 | AI28: 178 | AJ28: 135 | AK28: 46 | AR28: =IFERROR(T63/AVERAGE(T28:U28)*10000/8760,"") | AS28: =IFERROR(U63/AVERAGE(U28:V28)*10000/8760,"") | AT28: =IFERROR(V63/AVERAGE(V28:W28)*10000/8760,"") | AU28: =IFERROR(W63/AVERAGE(W28:X28)*10000/8760,"") | AV28: =IFERROR(X63/AVERAGE(X28:Y28)*10000/8760,"") | AX28: =IFERROR(Z63/AVERAGE(Z28:AA28)*10000/8760,"") -> 0 | AY28: =IFERROR(AA63/AVERAGE(AA28:AB28)*10000/8760,"") -> 0.21355949 | AZ28: =IFERROR(AB63/AVERAGE(AB28:AC28)*10000/8760,"") -> 0.21124815 | BA28: =IFERROR(AC63/AVERAGE(AC28:AD28)*10000/8760,"") -> 0.20727789 | BB28: =IFERROR(AD63/AVERAGE(AD28:AE28)*10000/8760,"") -> 0.19839395
A29: 云南 | C29: 10266 | D29: 9620 | E29: 9341 | F29: 8957 | G29: 8645 | I29: 7480 | J29: 6873 | K29: 6649 | L29: 6281 | M29: 6088 | O29: 1517 | P29: 1509 | Q29: 1508 | R29: 1613 | S29: 1612 | AA29: 881 | AB29: 863 | AC29: 857 | AD29: 825 | AE29: 737 | AG29: 388 | AH29: 375 | AI29: 326 | AJ29: 238 | AK29: 208 | AM29: 0.2 | AR29: =IFERROR(T64/AVERAGE(T29:U29)*10000/8760,"") | AS29: =IFERROR(U64/AVERAGE(U29:V29)*10000/8760,"") | AT29: =IFERROR(V64/AVERAGE(V29:W29)*10000/8760,"") | AU29: =IFERROR(W64/AVERAGE(W29:X29)*10000/8760,"") | AV29: =IFERROR(X64/AVERAGE(X29:Y29)*10000/8760,"") | AX29: =IFERROR(Z64/AVERAGE(Z29:AA29)*10000/8760,"") -> 0 | AY29: =IFERROR(AA64/AVERAGE(AA29:AB29)*10000/8760,"") -> 0.32727996 | AZ29: =IFERROR(AB64/AVERAGE(AB29:AC29)*10000/8760,"") -> 0.32122757 | BA29: =IFERROR(AC64/AVERAGE(AC29:AD29)*10000/8760,"") -> 0.29862254 | BB29: =IFERROR(AD64/AVERAGE(AD29:AE29)*10000/8760,"") -> 0.27479113
A30: 西藏 | C30: 395 | D30: 327 | E30: 304 | F30: 281 | G30: 233 | I30: 210 | J30: 170 | K30: 160 | L30: 158 | M30: 156 | O30: 43 | P30: 42 | Q30: 42 | R30: 40 | S30: 41 | AA30: 1 | AB30: 1 | AC30: 1 | AD30: 1 | AE30: 1 | AG30: 137 | AH30: 110 | AI30: 98 | AJ30: 79 | AK30: 33 | AM30: 4 | AN30: 4 | AO30: 4 | AP30: 3 | AR30: =IFERROR(T65/AVERAGE(T30:U30)*10000/8760,"") | AS30: =IFERROR(U65/AVERAGE(U30:V30)*10000/8760,"") | AT30: =IFERROR(V65/AVERAGE(V30:W30)*10000/8760,"") | AU30: =IFERROR(W65/AVERAGE(W30:X30)*10000/8760,"") | AV30: =IFERROR(X65/AVERAGE(X30:Y30)*10000/8760,"") | AX30: =IFERROR(Z65/AVERAGE(Z30:AA30)*10000/8760,"") -> 0 | AY30: =IFERROR(AA65/AVERAGE(AA30:AB30)*10000/8760,"") -> 0.15981735 | AZ30: =IFERROR(AB65/AVERAGE(AB30:AC30)*10000/8760,"") -> 0.1826484 | BA30: =IFERROR(AC65/AVERAGE(AC30:AD30)*10000/8760,"") -> 0.15981735 | BB30: =IFERROR(AD65/AVERAGE(AD30:AE30)*10000/8760,"") -> 0.11415525
A31: 陕西 | C31: 7366 | D31: 6242 | E31: 5443 | F31: 4935 | G31: 3740 | I31: 392 | J31: 391 | K31: 385 | L31: 379 | M31: 272 | O31: 4993 | P31: 4380 | Q31: 3937 | R31: 3658 | S31: 3043 | AA31: 892 | AB31: 532 | AC31: 405 | AD31: 364 | AE31: 179 | AG31: 1089 | AH31: 939 | AI31: 716 | AJ31: 535 | AK31: 246 | AR31: =IFERROR(T66/AVERAGE(T31:U31)*10000/8760,"") | AS31: =IFERROR(U66/AVERAGE(U31:V31)*10000/8760,"") | AT31: =IFERROR(V66/AVERAGE(V31:W31)*10000/8760,"") | AU31: =IFERROR(W66/AVERAGE(W31:X31)*10000/8760,"") | AV31: =IFERROR(X66/AVERAGE(X31:Y31)*10000/8760,"") | AX31: =IFERROR(Z66/AVERAGE(Z31:AA31)*10000/8760,"") -> 0 | AY31: =IFERROR(AA66/AVERAGE(AA31:AB31)*10000/8760,"") -> 0.15231389 | AZ31: =IFERROR(AB66/AVERAGE(AB31:AC31)*10000/8760,"") -> 0.20223876 | BA31: =IFERROR(AC66/AVERAGE(AC31:AD31)*10000/8760,"") -> 0.21376276 | BB31: =IFERROR(AD66/AVERAGE(AD31:AE31)*10000/8760,"") -> 0.22704912
A32: 甘肃 | C32: 5620 | D32: 5268 | E32: 5113 | F32: 4995 | G32: 4825 | I32: 957 | J32: 943 | K32: 927 | L32: 868 | M32: 861 | O32: 2308 | P32: 2104 | Q32: 2064 | R32: 2059 | S32: 2002 | AA32: 1373 | AB32: 1297 | AC32: 1282 | AD32: 1282 | AE32: 1277 | AG32: 982 | AH32: 924 | AI32: 839 | AJ32: 786 | AK32: 686 | AR32: =IFERROR(T67/AVERAGE(T32:U32)*10000/8760,"") | AS32: =IFERROR(U67/AVERAGE(U32:V32)*10000/8760,"") | AT32: =IFERROR(V67/AVERAGE(V32:W32)*10000/8760,"") | AU32: =IFERROR(W67/AVERAGE(W32:X32)*10000/8760,"") | AV32: =IFERROR(X67/AVERAGE(X32:Y32)*10000/8760,"") | AX32: =IFERROR(Z67/AVERAGE(Z32:AA32)*10000/8760,"") -> 0 | AY32: =IFERROR(AA67/AVERAGE(AA32:AB32)*10000/8760,"") -> 0.2103535 | AZ32: =IFERROR(AB67/AVERAGE(AB32:AC32)*10000/8760,"") -> 0.201841 | BA32: =IFERROR(AC67/AVERAGE(AC32:AD32)*10000/8760,"") -> 0.20480271 | BB32: =IFERROR(AD67/AVERAGE(AD32:AE32)*10000/8760,"") -> 0.16773105
A33: 青海 | C33: 4030 | D33: 3168 | E33: 2800 | F33: 2543 | G33: 2345 | I33: 1193 | J33: 1192 | K33: 1192 | L33: 1191 | M33: 1192 | O33: 393 | P33: 393 | Q33: 379 | R33: 399 | S33: 402 | AA33: 843 | AB33: 462 | AC33: 267 | AD33: 162 | AE33: 69 | AG33: 1601 | AH33: 1122 | AI33: 962 | AJ33: 791 | AK33: 682 | AR33: =IFERROR(T68/AVERAGE(T33:U33)*10000/8760,"") | AS33: =IFERROR(U68/AVERAGE(U33:V33)*10000/8760,"") | AT33: =IFERROR(V68/AVERAGE(V33:W33)*10000/8760,"") | AU33: =IFERROR(W68/AVERAGE(W33:X33)*10000/8760,"") | AV33: =IFERROR(X68/AVERAGE(X33:Y33)*10000/8760,"") | AX33: =IFERROR(Z68/AVERAGE(Z33:AA33)*10000/8760,"") -> 0 | AY33: =IFERROR(AA68/AVERAGE(AA33:AB33)*10000/8760,"") -> 0.14345947 | AZ33: =IFERROR(AB68/AVERAGE(AB33:AC33)*10000/8760,"") -> 0.20670087 | BA33: =IFERROR(AC68/AVERAGE(AC33:AD33)*10000/8760,"") -> 0.20223308 | BB33: =IFERROR(AD68/AVERAGE(AD33:AE33)*10000/8760,"") -> 0.17790429
A34: 宁夏 | C34: 5943 | D34: 5296 | E34: 4715 | F34: 4188 | G34: 3675 | I34: 43 | J34: 43 | K34: 43 | L34: 43 | M34: 43 | O34: 3326 | P34: 3219 | Q34: 2845 | R34: 2583 | S34: 2165 | AA34: 1377 | AB34: 1116 | AC34: 1011 | AD34: 942 | AE34: 942 | AG34: 1197 | AH34: 918 | AI34: 816 | AJ34: 620 | AK34: 526 | AR34: =IFERROR(T69/AVERAGE(T34:U34)*10000/8760,"") | AS34: =IFERROR(U69/AVERAGE(U34:V34)*10000/8760,"") | AT34: =IFERROR(V69/AVERAGE(V34:W34)*10000/8760,"") | AU34: =IFERROR(W69/AVERAGE(W34:X34)*10000/8760,"") | AV34: =IFERROR(X69/AVERAGE(X34:Y34)*10000/8760,"") | AX34: =IFERROR(Z69/AVERAGE(Z34:AA34)*10000/8760,"") -> 0 | AY34: =IFERROR(AA69/AVERAGE(AA34:AB34)*10000/8760,"") -> 0.17766642 | AZ34: =IFERROR(AB69/AVERAGE(AB34:AC34)*10000/8760,"") -> 0.19965093 | BA34: =IFERROR(AC69/AVERAGE(AC34:AD34)*10000/8760,"") -> 0.2186076 | BB34: =IFERROR(AD69/AVERAGE(AD34:AE34)*10000/8760,"") -> 0.18783507
A35: 新疆 | C35: 10763 | D35: 9614 | E35: 8978 | F35: 8679 | G35: 8109 | I35: 800 | J35: 773 | K35: 702 | L35: 702 | M35: 665 | O35: 6337 | P35: 5813 | Q35: 5377 | R35: 5207 | S35: 4775 | AA35: 2361 | AB35: 1956 | AC35: 1921 | AD35: 1836 | AE35: 1776 | AG35: 1266 | AH35: 1072 | AI35: 978 | AJ35: 934 | AK35: 893 | AR35: =IFERROR(T70/AVERAGE(T35:U35)*10000/8760,"") | AS35: =IFERROR(U70/AVERAGE(U35:V35)*10000/8760,"") | AT35: =IFERROR(V70/AVERAGE(V35:W35)*10000/8760,"") | AU35: =IFERROR(W70/AVERAGE(W35:X35)*10000/8760,"") | AV35: =IFERROR(X70/AVERAGE(X35:Y35)*10000/8760,"") | AX35: =IFERROR(Z70/AVERAGE(Z35:AA35)*10000/8760,"") -> 0 | AY35: =IFERROR(AA70/AVERAGE(AA35:AB35)*10000/8760,"") -> 0.22952689 | AZ35: =IFERROR(AB70/AVERAGE(AB35:AC35)*10000/8760,"") -> 0.23967597 | BA35: =IFERROR(AC70/AVERAGE(AC35:AD35)*10000/8760,"") -> 0.21755432 | BB35: =IFERROR(AD70/AVERAGE(AD35:AE35)*10000/8760,"") -> 0.20100426
A37: 地区 | B37: 合计 | H37: 水电 | N37: 火电 | T37: 核电 | Z37: 风电 | AF37: 太阳能发电 | AL37: 其他
B38: 2021年 | C38: 2020年 | D38: 2019年 | E38: 2018年 | F38: 2017年 | G38: 2016年 | H38: 2021年 | I38: 2020年 | J38: 2019年 | K38: 2018年 | L38: 2017年 | M38: 2016年 | N38: 2021年 | O38: 2020年 | P38: 2019年 | Q38: 2018年 | R38: 2017年 | S38: 2016年 | T38: 2021年 | U38: 2020年 | V38: 2019年 | W38: 2018年 | X38: 2017年 | Y38: 2016年 | Z38: 2021年 | AA38: 2020年 | AB38: 2019年 | AC38: 2018年 | AD38: 2017年 | AE38: 2016年 | AF38: 2021年 | AG38: 2020年 | AH38: 2019年 | AI38: 2018年 | AJ38: 2017年 | AK38: 2016年 | AL38: 2021年 | AM38: 2020年 | AN38: 2019年 | AO38: 2018年 | AP38: 2017年 | AX38: 2021年 | AY38: 2020年 | AZ38: 2019年 | BA38: 2018年 | BB38: 2017年 | BC38: 2016年
A39: 全国 | B39: 83959 | C39: 76264 | D39: 73269 | E39: 69947 | F39: 64529 | G39: 60228 | H39: 13399 | I39: 13553 | J39: 13021 | K39: 12321 | L39: 11947 | M39: 11748 | N39: 56655 | O39: 51770 | P39: 50465 | Q39: 49249 | R39: 45877 | S39: 43273 | T39: 4075 | U39: 3662 | V39: 3487 | W39: 2950 | X39: 2481 | Y39: 2132 | Z39: 6558 | AA39: 4665 | AB39: 4053 | AC39: 3658 | AD39: 3046 | AE39: 2409 | AF39: 3270 | AG39: 2611 | AH39: 2240 | AI39: 1769 | AJ39: 1178 | AK39: 665 | AL39: 2 | AM39: 3 | AN39: 3 | AO39: 1 | AP39: 1 | AV39: 发电量 | AW39: 水电 | AX39: 13399 | AY39: 13553 | AZ39: 13021 | BA39: 12321 | BB39: 11947 | BC39: 11748
A40: 北京 | C40: 456 | D40: 461 | E40: 449 | F40: 394 | G40: 436 | I40: 11 | J40: 10 | K40: 10 | L40: 11 | M40: 12 | O40: 434 | P40: 443 | Q40: 433 | R40: 377 | S40: 419 | AA40: 4 | AB40: 3 | AC40: 3 | AD40: 3 | AE40: 3 | AG40: 6 | AH40: 5 | AI40: 3 | AJ40: 2 | AK40: 1 | AW40: 抽蓄 | AX40: 390 | AY40: 335 | AZ40: 319 | BA40: 329 | BB40: 328 | BC40: 308
A41: 天津 | C41: 699 | D41: 673 | E41: 670 | F41: 596 | G41: 600 | I41: 0.1 | J41: 0.12 | K41: 0.15 | L41: 0.07 | M41: 0.03 | O41: 668 | P41: 647 | Q41: 654 | R41: 584 | S41: 591 | AA41: 12 | AB41: 11 | AC41: 8 | AD41: 6 | AE41: 6 | AG41: 19 | AH41: 15 | AI41: 8 | AJ41: 6.2 | AK41: 3 | AV41: 装机容量 | AW41: 水电 | AX41: 39094 | AY41: 37028 | AZ41: 35804 | BA41: 35259 | BB41: 34411 | BC41: 33207
A42: 河北 | C42: 2945 | D42: 2887 | E42: 2787 | F42: 2657 | G42: 2476 | I42: 15 | J42: 16 | K42: 17 | L42: 20 | M42: 24 | O42: 2352 | P42: 2377 | Q42: 2361 | R42: 2296 | S42: 2196 | AA42: 368 | AB42: 318 | AC42: 283 | AD42: 263 | AE42: 216 | AG42: 211 | AH42: 176 | AI42: 126 | AJ42: 77 | AK42: 40 | AW42: 抽蓄 | AX42: 3639 | AY42: 3149 | AZ42: 3029 | BA42: 2999 | BB42: 2869 | BC42: 2669
A43: 山西 | C43: 3395 | D43: 3253 | E43: 3088 | F43: 2766 | G43: 2511 | I43: 47 | J43: 49 | K43: 43 | L43: 42 | M43: 39 | O43: 2924 | P43: 2852 | Q43: 2739 | R43: 2503 | S43: 2309 | AA43: 266 | AB43: 224 | AC43: 212 | AD43: 165 | AE43: 135 | AG43: 159 | AH43: 128 | AI43: 94 | AJ43: 56 | AK43: 27
A44: 内蒙古 | C44: 5703 | D44: 5451 | E44: 5005 | F44: 4424 | G44: 3950 | I44: 57 | J44: 58 | K44: 45 | L44: 24 | M44: 27 | O44: 4731 | P44: 4564 | Q44: 4198 | R44: 3736 | S44: 3375 | AA44: 726 | AB44: 666 | AC44: 632 | AD44: 551 | AE44: 464 | AG44: 188 | AH44: 163 | AI44: 130 | AJ44: 113 | AK44: 83 | AV44: 发电量 | AW44: 传统水电 | AX44: =AX39-AX40 -> 13009 | AY44: =AY39-AY40 -> 13218 | AZ44: =AZ39-AZ40 -> 12702 | BA44: =BA39-BA40 -> 11992 | BB44: =BB39-BB40 -> 11619 | BC44: =BC39-BC40 -> 11440
A45: 辽宁 | C45: 2039 | D45: 1992 | E45: 1926 | F45: 1791 | G45: 1733 | I45: 57 | J45: 44 | K45: 46 | L45: 45 | M45: 56 | O45: 1410 | P45: 1395 | Q45: 1381 | R45: 1349 | S45: 1344 | U45: 327 | V45: 327 | W45: 302 | X45: 236 | Y45: 200 | AA45: 194 | AB45: 183 | AC45: 165 | AD45: 150 | AE45: 129 | AG45: 51 | AH45: 42 | AI45: 32 | AJ45: 12 | AK45: 4 | AV45: 装机容量 | AW45: 传统水电 | AX45: =AX41-AX42 -> 35455 | AY45: =AY41-AY42 -> 33879 | AZ45: =AZ41-AZ42 -> 32775 | BA45: =BA41-BA42 -> 32260 | BB45: =BB41-BB42 -> 31542 | BC45: =BC41-BC42 -> 30538
A46: 吉林 | C46: 990 | D46: 926 | E46: 871 | F46: 783 | G46: 743 | I46: 94 | J46: 67 | K46: 79 | L46: 77 | M46: 85 | O46: 721 | P46: 705 | Q46: 664 | R46: 606 | S46: 588 | AA46: 130 | AB46: 115 | AC46: 105 | AD46: 87 | AE46: 67 | AG46: 45 | AH46: 40 | AI46: 24 | AJ46: 13 | AK46: 3 | AV46: 容量因子 | AW46: 传统水电 | AX46: =AX44/AVERAGE(AX45:AY45)*10000/8760 -> 0.42837444 | AY46: =AY44/AVERAGE(AY45:AZ45)*10000/8760 -> 0.45275726 | AZ46: =AZ44/AVERAGE(AZ45:BA45)*10000/8760 -> 0.44591374 | BA46: =BA44/AVERAGE(BA45:BB45)*10000/8760 -> 0.42912441 | BB46: =BB44/AVERAGE(BB45:BC45)*10000/8760 -> 0.42730988
A47: 黑龙江 | C47: 1111 | D47: 1088 | E47: 1029 | F47: 954 | G47: 919 | I47: 32 | J47: 28 | K47: 26 | L47: 25 | M47: 23 | O47: 895 | P47: 887 | Q47: 859 | R47: 816 | S47: 808 | AA47: 141 | AB47: 140 | AC47: 125 | AD47: 108 | AE47: 88 | AG47: 43 | AH47: 32 | AI47: 20 | AJ47: 6 | AK47: 1
A48: 上海 | C48: 864 | D48: 837 | E48: 857 | F48: 866 | G48: 832 | O48: 835 | P48: 812 | Q48: 833 | R48: 846 | S48: 818 | AA48: 19 | AB48: 17 | AC48: 18 | AD48: 17 | AE48: 14 | AG48: 10 | AH48: 8 | AI48: 6 | AJ48: 3 | AK48: 1
A49: 江苏 | C49: 5074 | D49: 5062 | E49: 5031 | F49: 4885 | G49: 4754 | I49: 32 | J49: 31 | K49: 34 | L49: 29 | M49: 17 | O49: 4290 | P49: 4364 | Q49: 4462 | R49: 4481 | S49: 4438 | U49: 355 | V49: 329 | W49: 242 | X49: 173 | Y49: 153 | AA49: 229 | AB49: 184 | AC49: 173 | AD49: 120 | AE49: 98 | AG49: 167 | AH49: 154 | AI49: 120 | AJ49: 81 | AK49: 47 | AM49: 1 | AN49: 1 | AO49: 0.4
A50: 浙江 | C50: 3521 | D50: 3544 | E50: 3508 | F50: 3348 | G50: 3190 | I50: 209 | J50: 257 | K50: 192 | L50: 212 | M50: 274 | O50: 2432 | P50: 2507 | Q50: 2598 | R50: 2544 | S50: 2366 | U50: 712 | V50: 629 | W50: 587 | X50: 511 | Y50: 504 | AA50: 36 | AB50: 33 | AC50: 31 | AD50: 25 | AE50: 23 | AG50: 131 | AH50: 119 | AI50: 100 | AJ50: 56 | AK50: 22 | AM50: 0.1 | AN50: 0.1 | AO50: 0.1 | AP50: 0
A51: 安徽 | C51: 2785 | D51: 2880 | E51: 2726 | F51: 2470 | G51: 2253 | I51: 66 | J51: 51 | K51: 53 | L51: 57 | M51: 63 | O51: 2531 | P51: 2657 | Q51: 2519 | R51: 2311 | S51: 2135 | AA51: 57 | AB51: 47 | AC51: 50 | AD51: 41 | AE51: 34 | AG51: 130 | AH51: 125 | AI51: 104 | AJ51: 62 | AK51: 21
A52: 福建 | C52: 2636 | D52: 2573 | E52: 2462 | F52: 2186 | G52: 2005 | I52: 292 | J52: 442 | K52: 325 | L52: 416 | M52: 631 | O52: 1551 | P52: 1406 | Q52: 1405 | R52: 1139 | S52: 915 | U52: 652 | V52: 621 | W52: 646 | X52: 560 | Y52: 407 | AA52: 122 | AB52: 87 | AC52: 72 | AD52: 65 | AE52: 50 | AG52: 19 | AH52: 16 | AI52: 14 | AJ52: 6 | AK52: 1 | AM52: 0.2
A53: 江西 | C53: 1477 | D53: 1403 | E53: 1301 | F53: 1186 | G53: 1085 | I53: 145 | J53: 168 | K53: 116 | L53: 157 | M53: 199 | O53: 1199 | P53: 1128 | Q53: 1093 | R53: 967 | S53: 857 | AA53: 71 | AB53: 51 | AC53: 41 | AD53: 31 | AE53: 19 | AG53: 62 | AH53: 56 | AI53: 52 | AJ53: 30 | AK53: 11
A54: 山东 | C54: 5781 | D54: 5285 | E54: 5218 | F54: 4860 | G54: 4863 | I54: 9 | J54: 5 | K54: 5 | L54: 7 | M54: 14 | O54: 5116 | P54: 4680 | Q54: 4824 | R54: 4615 | S54: 4671 | U54: 191 | V54: 207 | W54: 39 | AA54: 259 | AB54: 225 | AC54: 214 | AD54: 166 | AE54: 147 | AG54: 206 | AH54: 167 | AI54: 137 | AJ54: 73 | AK54: 31
A55: 河南 | C55: 2791 | D55: 2816 | E55: 2974 | F55: 2703 | G55: 2596 | I55: 140 | J55: 145 | K55: 144 | L55: 100 | M55: 93 | O55: 2400 | P55: 2481 | Q55: 2689 | R55: 2528 | S55: 2474 | AA55: 139 | AB55: 88 | AC55: 57 | AD55: 30 | AE55: 18 | AG55: 112 | AH55: 102 | AI55: 84 | AJ55: 44 | AK55: 12
A56: 湖北 | C56: 3037 | D56: 2973 | E56: 2851 | F56: 2646 | G56: 2494 | I56: 1647 | J56: 1357 | K56: 1471 | L56: 1494 | M56: 1399 | O56: 1243 | P56: 1485 | Q56: 1267 | R56: 1075 | S56: 1048 | AA56: 82 | AB56: 74 | AC56: 64 | AD56: 48 | AE56: 35 | AG56: 65 | AH56: 57 | AI56: 49 | AJ56: 28 | AK56: 11
A57: 湖南 | C57: 1552 | D57: 1551 | E57: 1432 | F57: 1340 | G57: 1334 | I57: 574 | J57: 544 | K57: 432 | L57: 498 | M57: 560 | O57: 849 | P57: 906 | Q57: 919 | R57: 786 | S57: 732 | AA57: 99 | AB57: 75 | AC57: 60 | AD57: 50 | AE57: 39 | AG57: 30 | AH57: 26 | AI57: 20 | AJ57: 6 | AK57: 2 | AM57: 0.5
A58: 广东 | C58: 5048 | D58: 4852 | E58: 4572 | F58: 4348 | G58: 4036 | I58: 286 | J58: 397 | K58: 292 | L58: 301 | M58: 423 | O58: 3425 | P58: 3222 | Q58: 3283 | R58: 3165 | S58: 2850 | U58: 1161 | V58: 1106 | W58: 896 | X58: 800 | Y58: 705 | AA58: 103 | AB58: 74 | AC58: 63 | AD58: 62 | AE58: 50 | AG58: 74 | AH58: 53 | AI58: 38 | AJ58: 20 | AK58: 8 | AN58: 0.2 | AO58: 0.2 | AP58: 0
A59: 广西 | C59: 1939 | D59: 1827 | E59: 1617 | F59: 1345 | G59: 1276 | I59: 615 | J59: 593 | K59: 609 | L59: 614 | M59: 600 | O59: 1032 | P59: 988 | Q59: 796 | R59: 575 | S59: 559 | U59: 168 | V59: 172 | W59: 161 | X59: 127 | Y59: 103 | AA59: 106 | AB59: 61 | AC59: 42 | AD59: 25 | AE59: 13 | AG59: 19 | AH59: 14 | AI59: 9 | AJ59: 4 | AK59: 1
A60: 海南 | C60: 348 | D60: 345 | E60: 327 | F60: 305 | G60: 288 | I60: 17 | J60: 17 | K60: 27 | L60: 26 | M60: 23 | O60: 215 | P60: 212 | Q60: 211 | R60: 195 | S60: 197 | U60: 96 | V60: 97 | W60: 77 | X60: 75 | Y60: 60 | AA60: 6 | AB60: 5 | AC60: 5 | AD60: 6 | AE60: 6 | AG60: 15 | AH60: 14 | AI60: 6 | AJ60: 3 | AK60: 3 | AN60: 1
A61: 重庆 | C61: 837 | D61: 812 | E61: 799 | F61: 727 | G61: 683 | I61: 281 | J61: 243 | K61: 242 | L61: 253 | M61: 247 | O61: 538 | P61: 554 | Q61: 547 | R61: 467 | S61: 431 | AA61: 14 | AB61: 11 | AC61: 8 | AD61: 7 | AE61: 5 | AG61: 4 | AH61: 3 | AI61: 2 | AJ61: 0.2 | AK61: 0.02
A62: 四川 | C62: 4167 | D62: 3903 | E62: 3761 | F62: 3569 | G62: 3370 | I62: 3541 | J62: 3316 | K62: 3249 | L62: 3164 | M62: 2989 | O62: 513 | P62: 488 | Q62: 435 | R62: 354 | S62: 349 | AA62: 86 | AB62: 71 | AC62: 55 | AD62: 35 | AE62: 21 | AG62: 27 | AH62: 28 | AI62: 22 | AJ62: 16 | AK62: 11
A63: 贵州 | C63: 2327 | D63: 2257 | E63: 2117 | F63: 2012 | G63: 1955 | I63: 831 | J63: 769 | K63: 770 | L63: 733 | M63: 727 | O63: 1354 | P63: 1390 | Q63: 1263 | R63: 1210 | S63: 1171 | AA63: 97 | AB63: 78 | AC63: 68 | AD63: 63 | AE63: 55 | AG63: 45 | AH63: 20 | AI63: 16 | AJ63: 6 | AK63: 1
A64: 云南 | C64: 3674 | D64: 3462 | E64: 3244 | F64: 2958 | G64: 2693 | I64: 2960 | J64: 2854 | K64: 2699 | L64: 2502 | M64: 2268 | O64: 415 | P64: 318 | Q64: 290 | R64: 240 | S64: 253 | AA64: 250 | AB64: 242 | AC64: 220 | AD64: 188 | AE64: 149 | AG64: 50 | AH64: 48 | AI64: 34 | AJ64: 28 | AK64: 23 | AM64: 0.01
A65: 西藏 | C65: 87 | D65: 84 | E65: 67 | F65: 58 | G65: 51 | I65: 70 | J65: 68 | K65: 57 | L65: 51 | M65: 46 | O65: 1 | P65: 1 | Q65: 1 | R65: 0.4 | S65: 0.3 | AA65: 0.14 | AB65: 0.16 | AC65: 0.14 | AD65: 0.1 | AE65: 0.14 | AG65: 14 | AH65: 13 | AI65: 8 | AJ65: 6 | AK65: 4 | AM65: 1 | AN65: 1 | AO65: 1 | AP65: 1
A66: 陕西 | C66: 2426 | D66: 2223 | E66: 2005 | F66: 1962 | G66: 1464 | I66: 128 | J66: 129 | K66: 102 | L66: 109 | M66: 69 | O66: 2084 | P66: 1917 | Q66: 1761 | R66: 1747 | S66: 1346 | AA66: 95 | AB66: 83 | AC66: 72 | AD66: 54 | AE66: 28 | AG66: 119 | AH66: 94 | AI66: 71 | AJ66: 52 | AK66: 20
A67: 甘肃 | C67: 1787 | D67: 1659 | E67: 1599 | F67: 1342 | G67: 1209 | I67: 507 | J67: 496 | K67: 444 | L67: 374 | M67: 314 | O67: 901 | P67: 817 | Q67: 830 | R67: 707 | S67: 699 | AA67: 246 | AB67: 228 | AC67: 230 | AD67: 188 | AE67: 136 | AG67: 133 | AH67: 118 | AI67: 95 | AJ67: 73 | AK67: 60
A68: 青海 | C68: 948 | D68: 883 | E68: 805 | F68: 616 | G68: 553 | I68: 599 | J68: 554 | K68: 517 | L68: 332 | M68: 302 | O68: 101 | P68: 104 | Q68: 120 | R68: 153 | S68: 151 | AA68: 82 | AB68: 66 | AC68: 38 | AD68: 18 | AE68: 10 | AG68: 167 | AH68: 158 | AI68: 131 | AJ68: 113 | AK68: 90
A69: 宁夏 | C69: 1768 | D69: 1703 | E69: 1614 | F69: 1404 | G69: 1187 | I69: 22 | J69: 22 | K69: 20 | L69: 16 | M69: 14 | O69: 1415 | P69: 1381 | Q69: 1310 | R69: 1158 | S69: 989 | AA69: 194 | AB69: 186 | AC69: 187 | AD69: 155 | AE69: 129 | AG69: 136 | AH69: 115 | AI69: 97 | AJ69: 76 | AK69: 55
A70: 新疆 | C70: 4052 | D70: 3606 | E70: 3235 | F70: 3030 | G70: 2693 | I70: 268 | J70: 290 | K70: 254 | L70: 256 | M70: 211 | O70: 3193 | P70: 2777 | Q70: 2506 | R70: 2349 | S70: 2195 | AA70: 434 | AB70: 407 | AC70: 358 | AD70: 318 | AE70: 220 | AG70: 157 | AH70: 132 | AI70: 116 | AJ70: 107 | AK70: 67

Sheet 2016
A1: 分地区新增发电装机容量（万KW）
A2: 地区 | B2: 合计 | C2: 水电 | E2: 火电 | S2: 核电 | T2: 风电 | U2: 太阳能发电 | V2: 其他
C3: 合计 | D3: 抽水蓄能 | E3: 合计 | F3: 燃煤 | I3: 燃气 | L3: 燃油 | M3: 其他 | AB3: 万千瓦 | AC3: 合计 | AD3: 水 | AE3: 火 | AF3: 风 | AG3: 光
F4: 合计 | G4: 常规燃煤 | H4: 煤矸石发电 | I4: 合计 | J4: 常规燃气 | K4: 煤层气发电 | M4: 合计 | N4: 余温、余气、余压发电 | O4: 垃圾焚烧发电 | P4: 秸秆、蔗渣、林木质发电 | Q4: 沼气 | R4: 技改增容 | AB4: 地区 | AC4: 2016 年 | AD4: 2016 年 | AE4: 2016 年 | AF4: 2016 年 | AG4: 2016 年
A5: 全国 | B5: 160522 | C5: 30010 | E5: 105580 | F5: 94654 | I5: 7011 | L5: 210 | M5: 4220 | O5: 576 | P5: 776 | Q5: 45 | S5: 3364 | T5: 14744 | U5: 6819 | V5: 5 | X5: =B5-C5-E5-S5-T5-U5-V5 -> 0 | Y5: =E5-F5-I5-L5-M5 -> -515 | Z5: =M5-N5-O5-P5 -> 2868 | AB5: 全国 | AC5: 12143 | AD5: 1179 | AE5: 5048 | AF5: 2024 | AG5: 3171 | AH5: =AC5-AD5-AE5-AF5-AG5 -> 721
A6: 北京 | B6: 1092 | C6: 98 | E6: 970 | F6: 85 | I6: 850 | L6: 22 | M6: 15 | O6: 13 | Q6: 1 | T6: 19 | U6: 5 | X6: =B6-C6-E6-S6-T6-U6-V6 -> 0 | Y6: =E6-F6-I6-L6-M6 -> -2 | Z6: =M6-N6-O6-P6 -> 2 | AB6: 北京 | AC6: 32 | AE6: 6 | AF6: 7 | AG6: 18 | AH6: =AC6-AD6-AE6-AF6-AG6 -> 1
A7: 天津 | B7: 1458 | E7: 1377 | F7: 1076 | I7: 277 | M7: 25 | O7: 10 | T7: 28 | U7: 54 | X7: =B7-C7-E7-S7-T7-U7-V7 -> -1 | Y7: =E7-F7-I7-L7-M7 -> -1 | Z7: =M7-N7-O7-P7 -> 15 | AB7: 天津 | AC7: 143 | AE7: 95 | AG7: 48 | AH7: =AC7-AD7-AE7-AF7-AG7 -> 0
A8: 河北 | B8: 6211 | C8: 165 | E8: 4503 | F8: 4251 | I8: 3 | M8: 257 | O8: 16 | P8: 38 | Q8: 1 | T8: 1138 | U8: 404 | V8: 2 | X8: =B8-C8-E8-S8-T8-U8-V8 -> -1 | Y8: =E8-F8-I8-L8-M8 -> -8 | Z8: =M8-N8-O8-P8 -> 203 | AB8: 河北 | AC8: 631 | AE8: 170 | AF8: 228 | AG8: 232 | AH8: =AC8-AD8-AE8-AF8-AG8 -> 1
A9: 山西 | B9: 7599 | C9: 235 | E9: 6309 | F9: 6003 | I9: 279 | M9: 46 | O9: 11 | P9: 19 | Q9: 15 | T9: 771 | U9: 284 | X9: =B9-C9-E9-S9-T9-U9-V9 -> 0 | Y9: =E9-F9-I9-L9-M9 -> -19 | Z9: =M9-N9-O9-P9 -> 16 | AB9: 山西 | AC9: 793 | AE9: 374 | AF9: 173 | AG9: 246 | AH9: =AC9-AD9-AE9-AF9-AG9 -> 0
A10: 内蒙古 | B10: 11030 | C10: 238 | E10: 7601 | F10: 7542 | I10: 42 | M10: 25 | O10: 4 | P10: 12 | T10: 2556 | U10: 636 | X10: =B10-C10-E10-S10-T10-U10-V10 -> -1 | Y10: =E10-F10-I10-L10-M10 -> -8 | Z10: =M10-N10-O10-P10 -> 9 | AB10: 内蒙古 | AC10: 473 | AE10: 366 | AF10: 81 | AG10: 26 | AH10: =AC10-AD10-AE10-AF10-AG10 -> 0
A11: 辽宁 | B11: 4572 | C11: 277 | E11: 3109 | F11: 3024 | I11: 4 | L11: 15 | M11: 72 | O11: 3 | P11: 5 | S11: 448 | T11: 694 | U11: 45 | X11: =B11-C11-E11-S11-T11-U11-V11 -> -1 | Y11: =E11-F11-I11-L11-M11 -> -6 | Z11: =M11-N11-O11-P11 -> 64 | AB11: 辽宁 | AC11: 147 | AE11: 1 | AF11: 14 | AG11: 21 | AH11: =AC11-AD11-AE11-AF11-AG11 -> 111
A12: 吉林 | B12: 2684 | C12: 353 | E12: 1775 | F12: 1688 | I12: 0 | M12: 88 | O12: 12 | P12: 40 | Q12: 0 | T12: 505 | U12: 52 | X12: =B12-C12-E12-S12-T12-U12-V12 -> -1 | Y12: =E12-F12-I12-L12-M12 -> -1 | Z12: =M12-N12-O12-P12 -> 36 | AB12: 吉林 | AC12: 84 | AE12: 11 | AF12: 22 | AG12: 52 | AH12: =AC12-AD12-AE12-AF12-AG12 -> -1
A13: 黑龙江 | B13: 2767 | C13: 95 | E13: 2099 | F13: 1991 | I13: 12 | L13: 2 | M13: 99 | O13: 7 | P13: 73 | Q13: 0 | T13: 561 | U13: 12 | X13: =B13-C13-E13-S13-T13-U13-V13 -> 0 | Y13: =E13-F13-I13-L13-M13 -> -5 | Z13: =M13-N13-O13-P13 -> 19 | AB13: 黑龙江 | AC13: 139 | AE13: 59 | AF13: 66 | AG13: 14 | AH13: =AC13-AD13-AE13-AF13-AG13 -> 0
A14: 上海 | B14: 2341 | E14: 2263 | F14: 1509 | I14: 570 | L14: 86 | M14: 98 | O14: 22 | Q14: 2 | T14: 71 | U14: 7 | X14: =B14-C14-E14-S14-T14-U14-V14 -> 0 | Y14: =E14-F14-I14-L14-M14 -> 0 | Z14: =M14-N14-O14-P14 -> 76 | AB14: 上海 | AC14: 45 | AE14: 11 | AF14: 20 | AG14: 15 | AH14: =AC14-AD14-AE14-AF14-AG14 -> -1
A15: 江苏 | B15: 9987 | C15: 110 | E15: 8711 | F15: 7448 | I15: 957 | M15: 322 | O15: 79 | P15: 44 | Q15: 2 | S15: 212 | T15: 561 | U15: 394 | X15: =B15-C15-E15-S15-T15-U15-V15 -> -1 | Y15: =E15-F15-I15-L15-M15 -> -16 | Z15: =M15-N15-O15-P15 -> 199 | AB15: 江苏 | AC15: 645 | AE15: 380 | AF15: 95 | AG15: 170 | AH15: =AC15-AD15-AE15-AF15-AG15 -> 0
A16: 浙江 | B16: 7927 | C16: 939 | E16: 6044 | F16: 4629 | I16: 1228 | L16: 6 | M16: 200 | O16: 102 | P16: 19 | Q16: 1 | S16: 657 | T16: 118 | U16: 169 | X16: =B16-C16-E16-S16-T16-U16-V16 -> 0 | Y16: =E16-F16-I16-L16-M16 -> -19 | Z16: =M16-N16-O16-P16 -> 79 | AB16: 浙江 | AC16: 496 | AD16: 177 | AE16: 64 | AF16: 27 | AG16: 228 | AH16: =AC16-AD16-AE16-AF16-AG16 -> 0
A17: 安徽 | B17: 5598 | C17: 241 | E17: 4894 | F17: 4669 | I17: 11 | M17: 236 | O17: 29 | P17: 66 | Q17: 1 | T17: 177 | U17: 287 | X17: =B17-C17-E17-S17-T17-U17-V17 -> -1 | Y17: =E17-F17-I17-L17-M17 -> -22 | Z17: =M17-N17-O17-P17 -> 141 | AB17: 安徽 | AC17: 503 | AD17: 5 | AE17: 301 | AF17: 45 | AG17: 153 | AH17: =AC17-AD17-AE17-AF17-AG17 -> -1
A18: 福建 | B18: 4807 | C18: 918 | E18: 2893 | F18: 2394 | I18: 387 | M18: 121 | O18: 30 | P18: 5 | Q18: 1 | S18: 762 | T18: 214 | U18: 20 | X18: =B18-C18-E18-S18-T18-U18-V18 -> 0 | Y18: =E18-F18-I18-L18-M18 -> -9 | Z18: =M18-N18-O18-P18 -> 86 | AB18: 福建 | AC18: 338 | AD18: 6 | AE18: 33 | AF18: 62 | AG18: 20 | AH18: =AC18-AD18-AE18-AF18-AG18 -> 217
A19: 江西 | B19: 2610 | C19: 412 | E19: 1913 | F19: 1721 | I19: 10 | M19: 187 | O19: 7 | P19: 20 | Q19: 0 | T19: 108 | U19: 178 | X19: =B19-C19-E19-S19-T19-U19-V19 -> -1 | Y19: =E19-F19-I19-L19-M19 -> -5 | Z19: =M19-N19-O19-P19 -> 160 | AB19: 江西 | AC19: 400 | AD19: 121 | AE19: 115 | AF19: 27 | AG19: 137 | AH19: =AC19-AD19-AE19-AF19-AG19 -> 0
A20: 山东 | B20: 10817 | C20: 101 | E20: 9521 | F20: 9015 | I20: 6 | M20: 519 | O20: 56 | P20: 117 | Q20: 6 | T20: 839 | U20: 356 | X20: =B20-C20-E20-S20-T20-U20-V20 -> 0 | Y20: =E20-F20-I20-L20-M20 -> -19 | Z20: =M20-N20-O20-P20 -> 346 | AB20: 山东 | AC20: 1281 | AE20: 883 | AF20: 111 | AG20: 286 | AH20: =AC20-AD20-AE20-AF20-AG20 -> 1
A21: 河南 | B21: 7165 | C21: 389 | E21: 6422 | F21: 6164 | I21: 161 | M21: 106 | O21: 8 | P21: 39 | T21: 104 | U21: 250 | X21: =B21-C21-E21-S21-T21-U21-V21 -> 0 | Y21: =E21-F21-I21-L21-M21 -> -9 | Z21: =M21-N21-O21-P21 -> 59 | AB21: 河南 | AC21: 387 | AE21: 102 | AF21: 34 | AG21: 250 | AH21: =AC21-AD21-AE21-AF21-AG21 -> 1
A22: 湖北 | B22: 6604 | C22: 3552 | E22: 2685 | F22: 2405 | I22: 76 | M22: 213 | O22: 21 | P22: 43 | Q22: 1 | T22: 201 | U22: 166 | X22: =B22-C22-E22-S22-T22-U22-V22 -> 0 | Y22: =E22-F22-I22-L22-M22 -> -9 | Z22: =M22-N22-O22-P22 -> 149 | AB22: 湖北 | AC22: 376 | AD22: 13 | AE22: 122 | AF22: 83 | AG22: 158 | AH22: =AC22-AD22-AE22-AF22-AG22 -> 0
A23: 湖南 | B23: 3774 | C23: 1236 | E23: 2311 | F23: 2113 | I23: 10 | L23: 7 | M23: 191 | O23: 10 | P23: 21 | Q23: 9 | T23: 217 | U23: 10 | X23: =B23-C23-E23-S23-T23-U23-V23 -> 0 | Y23: =E23-F23-I23-L23-M23 -> -10 | Z23: =M23-N23-O23-P23 -> 160 | AB23: 湖南 | AC23: 135 | AD23: 27 | AE23: 9 | AF23: 86 | AG23: 13 | AH23: =AC23-AD23-AE23-AF23-AG23 -> 0
A24: 广东 | B24: 9933 | C24: 954 | E24: 7709 | F24: 5992 | I24: 1569 | L24: 33 | M24: 128 | O24: 62 | P24: 16 | Q24: 4 | S24: 938 | T24: 268 | U24: 63 | V24: 1 | X24: =B24-C24-E24-S24-T24-U24-V24 -> 0 | Y24: =E24-F24-I24-L24-M24 -> -13 | Z24: =M24-N24-O24-P24 -> 50 | AB24: 广东 | AC24: 300 | AD24: 96 | AE24: 60 | AF24: 16 | AG24: 19 | AH24: =AC24-AD24-AE24-AF24-AG24 -> 109
A25: 广西 | B25: 3931 | C25: 1493 | E25: 2140 | F25: 1615 | I25: 12 | M25: 558 | O25: 8 | P25: 155 | S25: 217 | T25: 70 | U25: 12 | X25: =B25-C25-E25-S25-T25-U25-V25 -> -1 | Y25: =E25-F25-I25-L25-M25 -> -45 | Z25: =M25-N25-O25-P25 -> 395 | AB25: 广西 | AC25: 798 | AD25: 14 | AE25: 528 | AF25: 35 | AG25: 4 | AH25: =AC25-AD25-AE25-AF25-AG25 -> 217
A26: 海南 | B26: 711 | C26: 62 | E26: 463 | F26: 376 | I26: 72 | M26: 16 | O26: 7 | Q26: 0 | S26: 130 | T26: 31 | U26: 24 | X26: =B26-C26-E26-S26-T26-U26-V26 -> 1 | Y26: =E26-F26-I26-L26-M26 -> -1 | Z26: =M26-N26-O26-P26 -> 9 | AB26: 海南 | AC26: 66 | AG26: 1 | AH26: =AC26-AD26-AE26-AF26-AG26 -> 65
A27: 重庆 | B27: 2066 | C27: 581 | E27: 1457 | F27: 1256 | I27: 162 | M27: 44 | O27: 10 | P27: 4 | Q27: 0 | T27: 28 | X27: =B27-C27-E27-S27-T27-U27-V27 -> 0 | Y27: =E27-F27-I27-L27-M27 -> -5 | Z27: =M27-N27-O27-P27 -> 30 | AB27: 重庆 | AC27: 154 | AD27: 11 | AE27: 132 | AF27: 10 | AG27: 1 | AH27: =AC27-AD27-AE27-AF27-AG27 -> 0
A28: 四川 | B28: 8661 | C28: 6834 | E28: 1608 | F28: 1399 | I28: 122 | M28: 121 | O28: 27 | P28: 3 | T28: 125 | U28: 94 | X28: =B28-C28-E28-S28-T28-U28-V28 -> 0 | Y28: =E28-F28-I28-L28-M28 -> -34 | Z28: =M28-N28-O28-P28 -> 91 | AB28: 四川 | AC28: 489 | AD28: 308 | AE28: 30 | AF28: 68 | AG28: 83 | AH28: =AC28-AD28-AE28-AF28-AG28 -> 0
A29: 贵州 | B29: 5272 | C29: 1850 | E29: 3014 | F29: 3005 | M29: 8 | O29: 2 | P29: 6 | T29: 362 | U29: 46 | X29: =B29-C29-E29-S29-T29-U29-V29 -> 0 | Y29: =E29-F29-I29-L29-M29 -> 1 | Z29: =M29-N29-O29-P29 -> 0 | AB29: 贵州 | AC29: 359 | AD29: 9 | AE29: 318 | AF29: 32 | AH29: =AC29-AD29-AE29-AF29-AG29 -> 0
A30: 云南 | B30: 8236 | C30: 5895 | E30: 1396 | F30: 1301 | I30: 2 | M30: 309 | O30: 10 | P30: 20 | T30: 737 | U30: 208 | X30: =B30-C30-E30-S30-T30-U30-V30 -> 0 | Y30: =E30-F30-I30-L30-M30 -> -216 | Z30: =M30-N30-O30-P30 -> 279 | AB30: 云南 | AC30: 289 | AD30: 180 | AF30: 97 | AG30: 12 | AH30: =AC30-AD30-AE30-AF30-AG30 -> 0
A31: 西藏 | B31: 229 | C31: 153 | E31: 40 | L31: 39 | M31: 2 | T31: 1 | U31: 33 | V31: 2 | X31: =B31-C31-E31-S31-T31-U31-V31 -> 0 | Y31: =E31-F31-I31-L31-M31 -> -1 | Z31: =M31-N31-O31-P31 -> 2 | AB31: 西藏 | AC31: 60 | AD31: 41 | AE31: 3 | AG31: 16 | AH31: =AC31-AD31-AE31-AF31-AG31 -> 0
A32: 陕西 | B32: 3686 | C32: 232 | E32: 3036 | F32: 2997 | M32: 46 | O32: 2 | T32: 179 | U32: 239 | X32: =B32-C32-E32-S32-T32-U32-V32 -> 0 | Y32: =E32-F32-I32-L32-M32 -> -7 | Z32: =M32-N32-O32-P32 -> 44 | AB32: 陕西 | AC32: 450 | AD32: 15 | AE32: 149 | AF32: 91 | AG32: 194 | AH32: =AC32-AD32-AE32-AF32-AG32 -> 1
A33: 甘肃 | B33: 4703 | C33: 743 | E33: 2002 | F33: 1966 | I33: 7 | M33: 29 | O33: 5 | P33: 3 | T33: 1277 | U33: 681 | X33: =B33-C33-E33-S33-T33-U33-V33 -> 0 | Y33: =E33-F33-I33-L33-M33 -> 0 | Z33: =M33-N33-O33-P33 -> 21 | AB33: 甘肃 | AC33: 152 | AD33: 9 | AE33: 40 | AF33: 25 | AG33: 78 | AH33: =AC33-AD33-AE33-AF33-AG33 -> 0
A34: 青海 | B34: 2297 | C34: 1168 | E34: 381 | F34: 370 | I34: 33 | T34: 69 | U34: 680 | X34: =B34-C34-E34-S34-T34-U34-V34 -> -1 | Y34: =E34-F34-I34-L34-M34 -> -22 | Z34: =M34-N34-O34-P34 -> 0 | AB34: 青海 | AC34: 319 | AD34: 46 | AE34: 113 | AF34: 30 | AG34: 131 | AH34: =AC34-AD34-AE34-AF34-AG34 -> -1
A35: 宁夏 | B35: 3670 | C35: 42 | E35: 2164 | F35: 2008 | I35: 81 | M35: 75 | O35: 2 | P35: 5 | T35: 942 | U35: 522 | X35: =B35-C35-E35-S35-T35-U35-V35 -> 0 | Y35: =E35-F35-I35-L35-M35 -> 0 | Z35: =M35-N35-O35-P35 -> 68 | AB35: 宁夏 | AC35: 574 | AE35: 180 | AF35: 177 | AG35: 217 | AH35: =AC35-AD35-AE35-AF35-AG35 -> 0
A36: 新疆 | B36: 8083 | C36: 644 | E36: 4771 | F36: 4642 | I36: 68 | M36: 65 | P36: 3 | T36: 1776 | U36: 892 | X36: =B36-C36-E36-S36-T36-U36-V36 -> 0 | Y36: =E36-F36-I36-L36-M36 -> -4 | Z36: =M36-N36-O36-P36 -> 62 | AB36: 新疆 | AC36: 1085 | AD36: 98 | AE36: 394 | AF36: 262 | AG36: 330 | AH36: =AC36-AD36-AE36-AF36-AG36 -> 1
B38: =B5-SUM(B6:B36) -> 1 | C38: =C5-SUM(C6:C36) -> 0 | D38: =D5-SUM(D6:D36) -> 0 | E38: =E5-SUM(E6:E36) -> -1 | F38: =F5-SUM(F6:F36) -> 0 | H38: =H5-SUM(H6:H36) -> 0 | I38: =I5-SUM(I6:I36) -> 0 | J38: =J5-SUM(J6:J36) -> 0 | L38: =L5-SUM(L6:L36) -> 0 | M38: =M5-SUM(M6:M36) -> -1 | N38: =N5-SUM(N6:N36) -> 0 | O38: =O5-SUM(O6:O36) -> 1 | P38: =P5-SUM(P6:P36) -> 0 | S38: =S5-SUM(S6:S36) -> 0 | T38: =T5-SUM(T6:T36) -> -3 | U38: =U5-SUM(U6:U36) -> -4 | V38: =V5-SUM(V6:V36) -> 0

Sheet 2017
A1: 分地区装机容量（万KW） | X1: 分地区装机容量（万KW）
A2: 地区 | B2: 合计 | C2: 水电 | E2: 火电 | S2: 核电 | T2: 风电 | U2: 太阳能发电 | V2: 其他 | X2: 合计 | Y2: 水电 | Z2: 火电 | AA2: 核电 | AB2: 风电 | AC2: 太阳能发电 | AD2: 其他 | AE2: 分布式太阳能
C3: 合计 | D3: 抽水蓄能 | E3: 合计 | F3: 燃煤 | I3: 燃气 | L3: 燃油 | M3: 其他
F4: 合计 | G4: 常规燃煤 | H4: 煤矸石发电 | I4: 合计 | J4: 常规燃气 | K4: 煤层气发电 | M4: 合计 | N4: 余温、余气、余压发电 | O4: 垃圾焚烧发电 | P4: 秸秆、蔗渣、林木质发电 | Q4: 沼气 | R4: 技改增容
A5: 全国 | B5: 171249 | C5: 31071 | E5: 109992 | F5: 98130 | I5: 7570 | L5: 197 | M5: 4598 | O5: 731 | P5: 872 | Q5: 47 | S5: 3582 | T5: 16322 | U5: 10277 | V5: 5 | X5: 177708 | Y5: 34359 | Z5: 110495 | AA5: 3582 | AB5: 16325 | AC5: 12942 | AD5: 7 | AE5: 3658
A6: 北京 | B6: 1198 | C6: 98 | E6: 1076 | F6: 85 | I6: 950 | L6: 22 | M6: 20 | O6: 20 | Q6: 1 | T6: 19 | U6: 5 | X6: 1219 | Y6: 98 | Z6: 1077 | AB6: 19 | AC6: 25 | AE6: 22
A7: 天津 | B7: 1483 | E7: 1400 | F7: 1072 | I7: 304 | M7: 27 | O7: 10 | T7: 28 | U7: 55 | X7: 1499 | Y7: 1 | Z7: 1402 | AB7: 29 | AC7: 68 | AE7: 15
A8: 河北 | B8: 6576 | C8: 165 | E8: 4566 | F8: 4282 | I8: 3 | M8: 289 | O8: 24 | P8: 44 | Q8: 1 | T8: 1181 | U8: 662 | V8: 2 | X8: 6807 | Y8: 182 | Z8: 4574 | AB8: 1181 | AC8: 868 | AD8: 2 | AE8: 351
A9: 山西 | B9: 7992 | C9: 235 | E9: 6352 | F9: 5887 | I9: 291 | M9: 189 | O9: 11 | P9: 30 | Q9: 9 | T9: 872 | U9: 534 | X9: 8073 | Y9: 244 | Z9: 6366 | AB9: 872 | AC9: 590 | AE9: 60
A10: 内蒙古 | B10: 11810 | C10: 238 | E10: 8162 | F10: 8103 | I10: 42 | M10: 25 | O10: 4 | P10: 12 | T10: 2669 | U10: 740 | X10: 11826 | Y10: 242 | Z10: 8170 | AB10: 2670 | AC10: 743 | AE10: 2
A11: 辽宁 | B11: 4824 | C11: 279 | E11: 3188 | F11: 3093 | I11: 5 | L11: 15 | M11: 80 | O11: 8 | P11: 7 | S11: 448 | T11: 710 | U11: 200 | X11: 4869 | Y11: 295 | Z11: 3193 | AA11: 448 | AB11: 711 | AC11: 223 | AE11: 38
A12: 吉林 | B12: 2804 | C12: 353 | E12: 1817 | F12: 1728 | I12: 0.5 | M12: 91 | O12: 13 | P12: 40 | Q12: 0.3 | T12: 505 | U12: 130 | X12: 2864 | Y12: 380 | Z12: 1820 | AB12: 505 | AC12: 159 | AE12: 52
A13: 黑龙江 | B13: 2936 | C13: 97 | E13: 2197 | F13: 2078 | I13: 12 | L13: 2 | M13: 110 | O13: 8 | P13: 82 | Q13: 0.4 | T13: 570 | U13: 73 | X13: 2969 | Y13: 103 | Z13: 2201 | AB13: 570 | AC13: 94 | AE13: 30
A14: 上海 | B14: 2348 | E14: 2270 | F14: 1509 | I14: 573 | L14: 86 | M14: 102 | O14: 26 | Q14: 2 | T14: 71 | U14: 7 | X14: 2400 | Z14: 2271 | AB14: 71 | AC14: 58 | AE14: 59
A15: 江苏 | B15: 11112 | C15: 260 | E15: 9414 | F15: 7741 | I15: 1348 | M15: 340 | O15: 91 | P15: 50 | Q15: 4 | S15: 212 | T15: 655 | U15: 571 | X15: 11469 | Y15: 265 | Z15: 9430 | AA15: 212 | AB15: 656 | AC15: 907 | AE15: 327
A16: 浙江 | B16: 8175 | C16: 941 | E16: 6117 | F16: 4663 | I16: 1230 | L16: 6 | M16: 235 | O16: 133 | P16: 21 | Q16: 4 | S16: 657 | T16: 132 | U16: 328 | X16: 8899 | Y16: 1160 | Z16: 6134 | AA16: 657 | AB16: 133 | AC16: 814 | AD16: 0.4 | AE16: 499
A17: 安徽 | B17: 6099 | C17: 242 | E17: 5031 | F17: 4760 | I17: 12 | M17: 281 | O17: 43 | P17: 75 | Q17: 1 | T17: 217 | U17: 608 | X17: 6468 | Y17: 310 | Z17: 5053 | AB17: 217 | AC17: 888 | AE17: 323
A18: 福建 | B18: 5164 | C18: 917 | E18: 3064 | F18: 2545 | I18: 390 | L18: 1 | M18: 138 | O18: 39 | P18: 5 | Q18: 0.4 | S18: 871 | T18: 252 | U18: 60 | X18: 5597 | Y18: 1307 | Z18: 3074 | AA18: 871 | AB18: 252 | AC18: 92 | AE18: 109
A19: 江西 | B19: 2796 | C19: 412 | E19: 1928 | F19: 1721 | I19: 10 | M19: 202 | O19: 9 | P19: 20 | Q19: 1 | T19: 169 | U19: 287 | X19: 3167 | Y19: 615 | Z19: 1934 | AB19: 169 | AC19: 449 | AE19: 172
A20: 山东 | B20: 12117 | C20: 101 | E20: 10314 | F20: 9762 | I20: 5 | M20: 567 | O20: 80 | P20: 131 | Q20: 5 | T20: 1061 | U20: 640 | X20: 12556 | Y20: 108 | Z20: 10335 | AB20: 1061 | AC20: 1052 | AE20: 474
A21: 河南 | B21: 7687 | C21: 389 | E21: 6533 | F21: 6239 | I21: 164 | M21: 141 | O21: 6 | P21: 43 | Q21: 4 | T21: 233 | U21: 532 | X21: 7880 | Y21: 399 | Z21: 6544 | AB21: 233 | AC21: 703 | AE21: 211
A22: 湖北 | B22: 6890 | C22: 3558 | E22: 2777 | F22: 2450 | I22: 96 | M22: 241 | O22: 24 | P22: 48 | Q22: 1 | T22: 253 | U22: 301 | X22: 7124 | Y22: 3671 | Z22: 2787 | AB22: 253 | AC22: 413 | AE22: 177
A23: 湖南 | B23: 3879 | C23: 1247 | E23: 2255 | F23: 2053 | I23: 3 | L23: 7 | M23: 204 | O23: 9 | P23: 36 | Q23: 1 | T23: 263 | U23: 113 | X23: 4277 | Y23: 1570 | Z23: 2267 | AB23: 263 | AC23: 176 | AE23: 90
A24: 广东 | B24: 10356 | C24: 989 | E24: 7755 | F24: 6035 | I24: 1571 | L24: 21 | M24: 141 | O24: 77 | P24: 22 | Q24: 7 | S24: 1046 | T24: 335 | U24: 229 | V24: 1 | X24: 10968 | Y24: 1486 | Z24: 7768 | AA24: 1046 | AB24: 335 | AC24: 332 | AD24: 2 | AE24: 122
A25: 广西 | B25: 4114 | C25: 1497 | E25: 2181 | F25: 1797 | I25: 35 | M25: 386 | O25: 9 | P25: 155 | Q25: 2 | S25: 217 | T25: 150 | U25: 69 | X25: 4332 | Y25: 1669 | Z25: 2217 | AA25: 217 | AB25: 150 | AC25: 78 | AE25: 373
A26: 海南 | B26: 745 | C26: 84 | E26: 464 | F26: 376 | I26: 73 | M26: 17 | O26: 8 | Q26: 0.3 | S26: 130 | T26: 34 | U26: 33 | X26: 786 | Y26: 114 | Z26: 465 | AA26: 130 | AB26: 34 | AC26: 43 | AE26: 11
A27: 重庆 | B27: 2209 | C27: 626 | E27: 1540 | F27: 1332 | I27: 168 | M27: 45 | O27: 10 | P27: 7 | Q27: 1 | T27: 33 | U27: 10 | X27: 2326 | Y27: 736 | Z27: 1544 | AB27: 33 | AC27: 12 | AE27: 12
A28: 四川 | B28: 9264 | C28: 7291 | E28: 1630 | F28: 1336 | I28: 126 | M28: 200 | O28: 39 | P28: 3 | Q28: 2 | T28: 210 | U28: 132 | X28: 9721 | Y28: 7714 | Z28: 1662 | AB28: 210 | AC28: 135 | AE28: 19
A29: 贵州 | B29: 5539 | C29: 1880 | E29: 3160 | F29: 3146 | M29: 15 | O29: 9 | P29: 6 | T29: 363 | U29: 135 | X29: 5778 | Y29: 2119 | Z29: 3160 | AB29: 363 | AC29: 135
A30: 云南 | B30: 8545 | C30: 6084 | E30: 1398 | F30: 1301 | I30: 2 | M30: 310 | O30: 12 | P30: 20 | T30: 825 | U30: 238 | X30: 8957 | Y30: 6281 | Z30: 1613 | AB30: 825 | AC30: 238 | AE30: 0.5
A31: 西藏 | B31: 276 | C31: 155 | E31: 39 | L31: 38 | M31: 2 | T31: 1 | U31: 79 | V31: 2 | X31: 281 | Y31: 158 | Z31: 40 | AB31: 1 | AC31: 79 | AD31: 3
A32: 陕西 | B32: 4100 | C32: 269 | E32: 3137 | F32: 3087 | M32: 56 | O32: 3 | P32: 3 | T32: 288 | U32: 406 | X32: 4192 | Y32: 326 | Z32: 3144 | AB32: 288 | AC32: 434 | AE32: 51
A33: 甘肃 | B33: 4861 | C33: 751 | E33: 2059 | F33: 2020 | I33: 6 | M33: 33 | O33: 6 | P33: 3 | T33: 1282 | U33: 769 | X33: 4995 | Y33: 868 | Z33: 2059 | AB33: 1282 | AC33: 786 | AE33: 18
A34: 青海 | B34: 2493 | C34: 1168 | E34: 378 | F34: 375 | M34: 24 | O34: 0.4 | T34: 162 | U34: 785 | X34: 2543 | Y34: 1191 | Z34: 399 | AB34: 162 | AC34: 791 | AE34: 5
A35: 宁夏 | B35: 4178 | C35: 42 | E35: 2582 | F35: 2432 | I35: 70 | M35: 82 | O35: 2 | P35: 6 | T35: 942 | U35: 612 | X35: 4188 | Y35: 43 | Z35: 2583 | AB35: 942 | AC35: 620 | AE35: 33
A36: 新疆 | B36: 8679 | C36: 702 | E36: 5207 | F36: 5122 | I36: 83 | M36: 2 | P36: 2 | Q36: 0.2 | T36: 1836 | U36: 934 | X36: 8679 | Y36: 702 | Z36: 5207 | AB36: 1836 | AC36: 934 | AE36: 1
B38: =B5-SUM(B6:B36) -> 0 | C38: =C5-SUM(C6:C36) -> 1 | D38: =D5-SUM(D6:D36) -> 0 | E38: =E5-SUM(E6:E36) -> 1 | F38: =F5-SUM(F6:F36) -> 0 | H38: =H5-SUM(H6:H36) -> 0 | I38: =I5-SUM(I6:I36) -> -2.5 | J38: =J5-SUM(J6:J36) -> 0 | L38: =L5-SUM(L6:L36) -> -1 | M38: =M5-SUM(M6:M36) -> 3 | N38: =N5-SUM(N6:N36) -> 0 | O38: =O5-SUM(O6:O36) -> -2.4 | P38: =P5-SUM(P6:P36) -> 1 | S38: =S5-SUM(S6:S36) -> 1 | T38: =T5-SUM(T6:T36) -> 1 | U38: =U5-SUM(U6:U36) -> 0 | V38: =V5-SUM(V6:V36) -> 0

Sheet 2018
A1: 分地区装机容量（万KW） | X1: 分地区装机容量（万KW）
A2: 地区 | B2: 合计 | C2: 水电 | E2: 火电 | S2: 核电 | T2: 风电 | U2: 太阳能发电 | V2: 其他 | X2: 合计 | Y2: 水电 | Z2: 火电 | AA2: 核电 | AB2: 风电 | AC2: 太阳能发电 | AD2: 其他 | AE2: 分布式太阳能
C3: 合计 | D3: 抽水蓄能 | E3: 合计 | F3: 燃煤 | I3: 燃气 | L3: 燃油 | M3: 其他
F4: 合计 | G4: 常规燃煤 | H4: 煤矸石发电 | I4: 合计 | J4: 常规燃气 | K4: 煤层气发电 | M4: 合计 | N4: 余温、余气、余压发电 | O4: 垃圾焚烧发电 | P4: 秸秆、蔗渣、林木质发电 | Q4: 沼气 | R4: 技改增容
A5: 全国 | B5: 181753 | C5: 31861 | E5: 114408 | F5: 100835 | I5: 8375 | L5: 173 | M5: 5024 | O5: 58 | P5: 898 | Q5: 991 | S5: 4466 | T5: 18423 | U5: 12885 | V5: 19 | X5: 190012 | Y5: 35259 | Z5: 114408 | AA5: 4466 | AB5: 18427 | AC5: 17433 | AD5: 37 | AE5: 5027
A6: 北京 | B6: 1242 | C6: 98 | E6: 1119 | F6: 85 | I6: 985 | L6: 22 | M6: 27 | P6: 27 | T6: 19 | U6: 8 | X6: 1276 | Y6: 98 | Z6: 1119 | AB6: 19 | AC6: 40 | AE6: 35
A7: 天津 | B7: 1686 | E7: 1529 | F7: 1187 | I7: 317 | M7: 25 | P7: 10 | T7: 52 | U7: 108 | X7: 1709 | Y7: 1 | Z7: 1529 | AB7: 52 | AC7: 128 | AE7: 31
A8: 河北 | B8: 7027 | C8: 165 | E8: 4617 | F8: 4308 | I8: 3 | M8: 306 | O8: 1 | P8: 27 | Q8: 47 | T8: 1391 | U8: 859 | V8: 3 | X8: 7427 | Y8: 182 | Z8: 4617 | AB8: 1391 | AC8: 1234 | AD8: 3 | AE8: 378
A9: 山西 | B9: 8555 | C9: 214 | E9: 6628 | F9: 6108 | I9: 301 | M9: 218 | O9: 10 | P9: 11 | Q9: 30 | T9: 1043 | U9: 686 | X9: 8758 | Y9: 223 | Z9: 6628 | AB9: 1043 | AC9: 864 | AE9: 183
A10: 内蒙古 | B10: 12264 | C10: 238 | E10: 8229 | F10: 8158 | I10: 42 | M10: 29 | P10: 7 | Q10: 12 | T10: 2868 | U10: 933 | X10: 12285 | Y10: 242 | Z10: 8229 | AB10: 2868 | AC10: 946 | AE10: 13
A11: 辽宁 | B11: 5116 | C11: 283 | E11: 3383 | F11: 3283 | I11: 5 | L11: 15 | M11: 81 | P11: 8 | Q11: 7 | S11: 448 | T11: 760 | U11: 248 | X11: 5192 | Y11: 299 | Z11: 3383 | AA11: 448 | AB11: 761 | AC11: 302 | AE11: 83
A12: 吉林 | B12: 2986 | C12: 357 | E12: 1892 | F12: 1788 | I12: 0.5 | M12: 103 | O12: 0.3 | P12: 16 | Q12: 49 | T12: 514 | U12: 226 | X12: 3055 | Y12: 385 | Z12: 1892 | AB12: 514 | AC12: 265 | AE12: 62
A13: 黑龙江 | B13: 3046 | C13: 97 | E13: 2212 | F13: 2082 | I13: 12 | L13: 2 | M13: 116 | O13: 0.4 | P13: 11 | Q13: 85 | T13: 598 | U13: 144 | X13: 3129 | Y13: 104 | Z13: 2212 | AB13: 598 | AC13: 215 | AE13: 74
A14: 上海 | B14: 2447 | E14: 2365 | F14: 1511 | I14: 662 | L14: 86 | M14: 106 | O14: 2 | P14: 26 | T14: 71 | U14: 13 | X14: 2525 | Z14: 2365 | AB14: 71 | AC14: 89 | AE14: 82
A15: 江苏 | B15: 12079 | C15: 260 | E15: 9749 | F15: 7885 | I15: 1502 | M15: 362 | O15: 7 | P15: 103 | Q15: 52 | S15: 437 | T15: 864 | U15: 776 | V15: 10 | X15: 12657 | Y15: 265 | Z15: 9749 | AA15: 437 | AB15: 865 | AC15: 1332 | AD15: 10 | AE15: 540
A16: 浙江 | B16: 8564 | C16: 943 | E16: 6209 | F16: 4680 | I16: 1259 | L16: 2 | M16: 267 | O16: 5 | P16: 141 | Q16: 22 | S16: 908 | T16: 148 | U16: 376 | X16: 9565 | Y16: 1161 | Z16: 6209 | AA16: 908 | AB16: 148 | AC16: 1138 | AD16: 1 | AE16: 777
A17: 安徽 | B17: 6623 | C17: 243 | E17: 5413 | F17: 5071 | I17: 14 | M17: 329 | O17: 1 | P17: 51 | Q17: 111 | T17: 246 | U17: 743 | X17: 7089 | Y17: 312 | Z17: 5413 | AB17: 246 | AC17: 1118 | AE17: 441
A18: 福建 | B18: 5281 | C18: 926 | E18: 3128 | F18: 2574 | I18: 391 | L18: 1 | M18: 163 | O18: 0.6 | P18: 44 | Q18: 5 | S18: 871 | T18: 300 | U18: 67 | X18: 5770 | Y18: 1322 | Z18: 3128 | AA18: 871 | AB18: 300 | AC18: 148 | AE18: 111
A19: 江西 | B19: 3112 | C19: 419 | E19: 2165 | F19: 1925 | I19: 10 | M19: 230 | O19: 1 | P19: 12 | Q19: 21 | T19: 225 | U19: 309 | X19: 3554 | Y19: 627 | Z19: 2165 | AB19: 225 | AC19: 536 | AE19: 242
A20: 山东 | B20: 12422 | C20: 102 | E20: 10367 | F20: 9723 | I20: 8 | M20: 636 | O20: 8 | P20: 108 | Q20: 148 | S20: 125 | T20: 1146 | U20: 708 | X20: 13107 | Y20: 108 | Z20: 10367 | AA20: 125 | AB20: 1146 | AC20: 1361 | AE20: 713
A21: 河南 | B21: 8271 | C21: 391 | E21: 6821 | F21: 6446 | I21: 229 | M21: 146 | O21: 4 | P21: 13 | Q21: 44 | T21: 468 | U21: 602 | X21: 8680 | Y21: 401 | Z21: 6821 | AB21: 468 | AC21: 991 | AE21: 391
A22: 湖北 | B22: 7106 | C22: 3563 | E22: 2884 | F22: 2546 | I22: 94 | M22: 244 | O22: 2 | P22: 24 | Q22: 48 | T22: 331 | U22: 338 | X22: 7401 | Y22: 3675 | Z22: 2884 | AB22: 331 | AC22: 510 | AE22: 175
A23: 湖南 | B23: 4040 | C23: 1264 | E23: 2284 | F23: 2046 | I23: 7 | L23: 7 | M23: 224 | O23: 3 | P23: 24 | Q23: 41 | T23: 348 | U23: 160 | X23: 4522 | Y23: 1598 | Z23: 2284 | AB23: 348 | AC23: 292 | AD23: 6 | AE23: 166
A24: 广东 | B24: 11266 | C24: 1079 | E24: 8137 | F24: 5994 | I24: 1963 | M24: 180 | O24: 9 | P24: 110 | Q24: 22 | S24: 1330 | T24: 357 | U24: 370 | V24: 1 | X24: 11929 | Y24: 1576 | Z24: 8137 | AA24: 1330 | AB24: 357 | AC24: 527 | AD24: 2 | AE24: 209
A25: 广西 | B25: 4279 | C25: 1503 | E25: 2288 | F25: 1858 | I25: 35 | M25: 395 | O25: 2 | P25: 12 | Q25: 162 | S25: 217 | T25: 208 | U25: 99 | X25: 4513 | Y25: 1677 | Z25: 2288 | AA25: 217 | AB25: 208 | AC25: 124 | AE25: 29
A26: 海南 | B26: 878 | C26: 125 | E26: 465 | F26: 352 | I26: 73 | M26: 41 | O26: 0.3 | P26: 8 | Q26: 24 | S26: 130 | T26: 34 | U26: 125 | X26: 919 | Y26: 154 | Z26: 465 | AA26: 130 | AB26: 34 | AC26: 136 | AD26: 11 | AE26: 13
A27: 重庆 | B27: 2255 | C27: 635 | E27: 1537 | F27: 1312 | I27: 168 | M27: 57 | O27: 1 | P27: 22 | Q27: 7 | T27: 50 | U27: 38 | X27: 2386 | Y27: 756 | Z27: 1537 | AB27: 50 | AC27: 43 | AE27: 43
A28: 四川 | B28: 9365 | C28: 7395 | E28: 1575 | F28: 1240 | I28: 126 | M28: 209 | O28: 3 | P28: 36 | Q28: 9 | T28: 253 | U28: 175 | X28: 9833 | Y28: 7824 | Z28: 1575 | AB28: 253 | AC28: 181 | AE28: 13
A29: 贵州 | B29: 5754 | C29: 1927 | E29: 3263 | F29: 3242 | M29: 21 | P29: 12 | Q29: 9 | T29: 386 | U29: 178 | X29: 6039 | Y29: 2212 | Z29: 3263 | AB29: 386 | AC29: 178 | AE29: 17
A30: 云南 | B30: 9113 | C30: 6448 | E30: 1508 | F30: 1298 | I30: 3 | M30: 207 | P30: 17 | Q30: 26 | T30: 857 | U30: 326 | X30: 9341 | Y30: 6649 | Z30: 1508 | AB30: 857 | AC30: 326 | AE30: 14
A31: 西藏 | B31: 300 | C31: 156 | E31: 42 | L31: 38 | M31: 4 | P31: 2 | T31: 1 | U31: 98 | V31: 4 | X31: 304 | Y31: 160 | Z31: 42 | AB31: 1 | AC31: 98 | AD31: 4
A32: 陕西 | B32: 5317 | C32: 325 | E32: 3937 | F32: 3789 | I32: 11 | M32: 137 | P32: 6 | T32: 405 | U32: 659 | X32: 5443 | Y32: 385 | Z32: 3937 | AB32: 405 | AC32: 716 | AE32: 76
A33: 甘肃 | B33: 4926 | C33: 790 | E33: 2064 | F33: 2021 | I33: 6 | M33: 36 | P33: 7 | Q33: 3 | T33: 1282 | U33: 790 | X33: 5113 | Y33: 927 | Z33: 2064 | AB33: 1282 | AC33: 839 | AE33: 49
A34: 青海 | B34: 2760 | C34: 1169 | E34: 379 | F34: 375 | I34: 0.4 | M34: 3 | O34: 0.4 | T34: 267 | U34: 946 | X34: 2800 | Y34: 1192 | Z34: 379 | AB34: 267 | AC34: 962 | AE34: 10
A35: 宁夏 | B35: 4696 | C35: 42 | E35: 2845 | F35: 2658 | I35: 70 | M35: 117 | P35: 5 | Q35: 5 | T35: 1011 | U35: 799 | X35: 4715 | Y35: 43 | Z35: 2845 | AB35: 1011 | AC35: 816 | AE35: 55
A36: 新疆 | B36: 8978 | C36: 702 | E36: 5377 | F36: 5292 | I36: 83 | M36: 2 | Q36: 2 | T36: 1921 | U36: 978 | X36: 8978 | Y36: 702 | Z36: 5377 | AB36: 1921 | AC36: 978 | AE36: 2
B38: =B5-SUM(B6:B36) -> -1 | C38: =C5-SUM(C6:C36) -> 2 | D38: =D5-SUM(D6:D36) -> 0 | E38: =E5-SUM(E6:E36) -> -3 | F38: =F5-SUM(F6:F36) -> -2 | H38: =H5-SUM(H6:H36) -> 0 | I38: =I5-SUM(I6:I36) -> -4.9 | J38: =J5-SUM(J6:J36) -> 0 | L38: =L5-SUM(L6:L36) -> 0 | M38: =M5-SUM(M6:M36) -> 3 | N38: =N5-SUM(N6:N36) -> 0 | O38: =O5-SUM(O6:O36) -> -3 | P38: =P5-SUM(P6:P36) -> -2 | S38: =S5-SUM(S6:S36) -> 0 | T38: =T5-SUM(T6:T36) -> -1 | U38: =U5-SUM(U6:U36) -> 0 | V38: =V5-SUM(V6:V36) -> 1

Sheet 2019
A1: 分地区6000千万以上装机容量（万KW） | X1: 分地区装机容量（万KW）
A2: 地区 | B2: 合计 | C2: 水电 | E2: 火电 | S2: 核电 | T2: 风电 | U2: 太阳能发电 | V2: 其他 | X2: 合计 | Y2: 水电 | Z2: 火电 | AA2: 核电 | AB2: 风电 | AC2: 太阳能发电 | AD2: 其他 | AE2: 分布式太阳能
C3: 合计 | D3: 抽水蓄能 | E3: 合计 | F3: 燃煤 | I3: 燃气 | L3: 燃油 | M3: 其他
F4: 合计 | G4: 常规燃煤 | H4: 煤矸石发电 | I4: 合计 | J4: 常规燃气 | K4: 煤层气发电 | M4: 合计 | N4: 余温、余气、余压发电 | O4: 垃圾焚烧发电 | P4: 秸秆、蔗渣、林木质发电 | Q4: 沼气 | R4: 技改增容
A5: 全国 | B5: 191499 | E5: 118957 | F5: 104063 | I5: 9024 | L5: 175 | M5: 5696 | O5: 1173 | P5: 1117 | Q5: 71.2 | S5: 4874 | T5: 20905 | U5: 14709 | X5: 201006 | Y5: 35804 | Z5: 118957 | AA5: 4874 | AB5: 20915 | AC5: 20418 | AD5: 37 | AE5: 6180
A6: 北京 | B6: 1259 | E6: 1135 | F6: 85 | I6: 993 | L6: 22 | M6: 36 | O6: 35 | T6: 18 | U6: 8 | X6: 1304 | Y6: 99 | Z6: 1135 | AB6: 19 | AC6: 51 | AE6: 46
A7: 天津 | B7: 1816 | E7: 1639 | F7: 1225 | I7: 382 | M7: 32 | O7: 12 | P7: 4 | T7: 59 | U7: 119 | X7: 1842 | Y7: 1 | Z7: 1639 | AB7: 60 | AC7: 143 | AE7: 38
A8: 河北 | B8: 7784 | E8: 5021 | F8: 4705 | I8: 3 | M8: 312 | O8: 34 | P8: 53 | Q8: 0.7 | T8: 1639 | U8: 965 | X8: 8319 | Y8: 182 | Z8: 5021 | AB8: 1639 | AC8: 1474 | AD8: 3 | AE8: 513
A9: 山西 | B9: 8997 | E9: 6687 | F9: 6112 | I9: 334 | M9: 242 | O9: 11 | P9: 35 | Q9: 11.4 | T9: 1251 | U9: 862 | X9: 9249 | Y9: 223 | Z9: 6687 | AB9: 1251 | AC9: 1088 | AE9: 231
A10: 内蒙古 | B10: 12837 | E10: 8721 | F10: 8643 | I10: 42 | M10: 37 | O10: 7 | P10: 13 | Q10: 0.1 | T10: 2918 | U10: 962 | X10: 12931 | Y10: 239 | Z10: 8721 | AB10: 2920 | AC10: 1051 | AE10: 51
A11: 辽宁 | B11: 5280 | E11: 3446 | F11: 3328 | I11: 6 | L11: 15 | M11: 97 | O11: 13 | P11: 14 | S11: 448 | T11: 831 | U11: 276 | X11: 5370 | Y11: 302 | Z11: 3446 | AA11: 448 | AB11: 832 | AC11: 343 | AE11: 97
A12: 吉林 | B12: 3044 | E12: 1845 | F12: 1733 | I12: 1 | M12: 112 | O12: 19 | P12: 55 | Q12: 0.3 | T12: 557 | U12: 228 | X12: 3122 | Y12: 445 | Z12: 1845 | AB12: 557 | AC12: 274 | AE12: 69
A13: 黑龙江 | B13: 3157 | E13: 2253 | F13: 2097 | I13: 12 | L13: 2 | M13: 141 | O13: 13 | P13: 101 | Q13: 0.6 | T13: 611 | U13: 198 | X13: 3246 | Y13: 108 | Z13: 2253 | AB13: 611 | AC13: 274 | AE13: 79
A14: 上海 | B14: 2568 | E14: 2475 | F14: 1502 | I14: 765 | L14: 86 | M14: 121 | O14: 41 | Q14: 1.8 | T14: 81 | U14: 15 | X14: 2664 | Z14: 2475 | AB14: 81 | AC14: 109 | AE14: 102
A15: 江苏 | B15: 12595 | E15: 10050 | F15: 8028 | I15: 1610 | M15: 411 | O15: 130 | P15: 59 | Q15: 6.8 | S15: 437 | T15: 1039 | U15: 815 | X15: 13288 | Y15: 265 | Z15: 10050 | AA15: 437 | AB15: 1041 | AC15: 1486 | AD15: 10 | AE15: 664
A16: 浙江 | B16: 8635 | E16: 6212 | F16: 4649 | I16: 1261 | L16: 2 | M16: 299 | O16: 161 | P16: 24 | Q16: 5.6 | S16: 908 | T16: 159 | U16: 428 | X16: 9789 | Y16: 1170 | Z16: 6212 | AA16: 908 | AB16: 160 | AC16: 1339 | AD16: 1 | AE16: 925
A17: 安徽 | B17: 6899 | E17: 5521 | F17: 5136 | I17: 14 | M17: 372 | O17: 64 | P17: 127 | Q17: 1.3 | T17: 274 | U17: 859 | X17: 7394 | Y17: 345 | Z17: 5521 | AB17: 274 | AC17: 1254 | AE17: 480
A18: 福建 | B18: 5404 | E18: 3172 | F18: 2586 | I18: 391 | L18: 1 | M18: 192 | O18: 51 | P18: 6 | Q18: 1 | S18: 871 | T18: 376 | U18: 72 | X18: 5909 | Y18: 1321 | Z18: 3172 | AA18: 871 | AB18: 376 | AC18: 169 | AE18: 131
A19: 江西 | B19: 3317 | E19: 2205 | F19: 1925 | I19: 13 | M19: 268 | O19: 17 | P19: 27 | Q19: 3.1 | T19: 286 | U19: 383 | X19: 3782 | Y19: 661 | Z19: 2205 | AB19: 286 | AC19: 630 | AE19: 262
A20: 山东 | B20: 13144 | E20: 10713 | F20: 10029 | I20: 8 | M20: 676 | O20: 140 | P20: 146 | Q20: 6.7 | S20: 250 | T20: 1354 | U20: 751 | X20: 14044 | Y20: 108 | Z20: 10713 | AA20: 250 | AB20: 1354 | AC20: 1619 | AE20: 942
A21: 河南 | B21: 8833 | E21: 7050 | F21: 6579 | I21: 295 | M21: 176 | O21: 21 | P21: 52 | Q21: 3.6 | T21: 794 | U21: 602 | X21: 9306 | Y21: 408 | Z21: 7050 | AB21: 794 | AC21: 1054 | AE21: 454
A22: 湖北 | B22: 7541 | E22: 3157 | F22: 2777 | I22: 101 | M22: 279 | O22: 26 | P22: 62 | Q22: 3.3 | T22: 405 | U22: 425 | X22: 7862 | Y22: 3679 | Z22: 3157 | AB22: 405 | AC22: 621 | AE22: 202
A23: 湖南 | B23: 4160 | E23: 2280 | F23: 2039 | I23: 8 | L23: 7 | M23: 226 | O23: 30 | P23: 43 | Q23: 2.7 | T23: 424 | U23: 188 | X23: 4669 | Y23: 1612 | Z23: 2280 | AB23: 427 | AC23: 344 | AD23: 6 | AE23: 189
A24: 广东 | B24: 12134 | E24: 8628 | F24: 6141 | I24: 2217 | M24: 271 | O24: 192 | P24: 31 | Q24: 13.3 | S24: 1614 | T24: 441 | U24: 382 | X24: 12870 | Y24: 1576 | Z24: 8628 | AA24: 1614 | AB24: 441 | AC24: 610 | AD24: 2 | AE24: 256
A25: 广西 | B25: 4407 | E25: 2294 | F25: 1858 | I25: 35 | M25: 402 | O25: 16 | P25: 166 | Q25: 1.8 | S25: 217 | T25: 287 | U25: 110 | X25: 4615 | Y25: 1681 | Z25: 2294 | AA25: 217 | AB25: 287 | AC25: 135 | AE25: 29
A26: 海南 | B26: 877 | E26: 465 | F26: 352 | I26: 73 | M26: 41 | O26: 8 | P26: 24 | Q26: 0.5 | S26: 130 | T26: 29 | U26: 129 | X26: 918 | Y26: 154 | Z26: 465 | AA26: 130 | AB26: 29 | AC26: 129 | AD26: 11 | AE26: 13
A27: 重庆 | B27: 2315 | E27: 1548 | F27: 1319 | I27: 168 | M27: 61 | O27: 25 | P27: 7 | Q27: 0.6 | T27: 63 | U27: 58 | X27: 2448 | Y27: 772 | Z27: 1548 | AB27: 64 | AC27: 65 | AE27: 65
A28: 四川 | B28: 9442 | E28: 1570 | F28: 1216 | I28: 126 | M28: 228 | O28: 47 | P28: 15 | Q28: 3.5 | T28: 325 | U28: 179 | X28: 9929 | Y28: 7846 | Z28: 1570 | AB28: 325 | AC28: 188 | AE28: 19
A29: 贵州 | B29: 6314 | E29: 3410 | F29: 3384 | M29: 26 | O29: 17 | P29: 9 | T29: 457 | U29: 510 | X29: 6599 | Y29: 2223 | Z29: 3410 | AB29: 457 | AC29: 510 | AE29: 19
A30: 云南 | B30: 9341 | E30: 1509 | F30: 1298 | I30: 3 | M30: 208 | O30: 17 | P30: 27 | T30: 862 | U30: 350 | X30: 9620 | Y30: 6873 | Z30: 1509 | AB30: 863 | AC30: 375 | AE30: 25
A31: 西藏 | B31: 322 | E31: 42 | L31: 38 | M31: 4 | O31: 2 | T31: 1 | U31: 110 | X31: 327 | Y31: 170 | Z31: 42 | AB31: 1 | AC31: 110 | AD31: 4
A32: 陕西 | B32: 6002 | E32: 4380 | F32: 4207 | I32: 8 | M32: 166 | O32: 7 | P32: 7 | Q32: 1.7 | T32: 531 | U32: 806 | X32: 6242 | Y32: 391 | Z32: 4380 | AB32: 532 | AC32: 939 | AE32: 102
A33: 甘肃 | B33: 5046 | E33: 2104 | F33: 2062 | I33: 1 | M33: 40 | O33: 7 | P33: 3 | T33: 1297 | U33: 852 | X33: 5268 | Y33: 943 | Z33: 2104 | AB33: 1297 | AC33: 924 | AE33: 71
A34: 青海 | B34: 3147 | E34: 393 | F34: 375 | I34: 0.4 | M34: 17 | Q34: 0.4 | T34: 462 | U34: 1102 | X34: 3168 | Y34: 1192 | Z34: 393 | AB34: 462 | AC34: 1122 | AE34: 15
A35: 宁夏 | B35: 5271 | E35: 3219 | F35: 3031 | I35: 70 | M35: 118 | O35: 5 | P35: 5 | T35: 1116 | U35: 895 | X35: 5296 | Y35: 43 | Z35: 3219 | AB35: 1116 | AC35: 918 | AE35: 74
A36: 新疆 | B36: 9614 | E36: 5813 | F36: 5644 | I36: 85 | M36: 85 | O36: 5 | P36: 2 | Q36: 0.3 | T36: 1956 | U36: 1072 | X36: 9614 | Y36: 773 | Z36: 5813 | AB36: 1956 | AC36: 1072 | AE36: 15
B38: =B5-SUM(B6:B36) -> -3 | C38: =C5-SUM(C6:C36) -> 0 | D38: =D5-SUM(D6:D36) -> 0 | E38: =E5-SUM(E6:E36) -> 0 | F38: =F5-SUM(F6:F36) -> -2 | H38: =H5-SUM(H6:H36) -> 0 | I38: =I5-SUM(I6:I36) -> -1.4 | J38: =J5-SUM(J6:J36) -> 0 | L38: =L5-SUM(L6:L36) -> 2 | M38: =M5-SUM(M6:M36) -> 0 | N38: =N5-SUM(N6:N36) -> 0 | O38: =O5-SUM(O6:O36) -> 0 | P38: =P5-SUM(P6:P36) -> 0 | S38: =S5-SUM(S6:S36) -> -1 | T38: =T5-SUM(T6:T36) -> 2 | U38: =U5-SUM(U6:U36) -> -2 | V38: =V5-SUM(V6:V36) -> 0

Sheet 2020
A1: 分地区6000千万以上装机容量（万KW） | X1: 分地区装机容量（万KW）
A2: 地区 | B2: 合计 | C2: 水电 | E2: 火电 | S2: 核电 | T2: 风电 | U2: 太阳能发电 | V2: 其他 | X2: 合计 | Y2: 水电 | Z2: 火电 | AA2: 核电 | AB2: 风电 | AC2: 太阳能发电 | AD2: 其他 | AE2: 分布式太阳能
C3: 合计 | D3: 抽水蓄能 | E3: 合计 | F3: 燃煤 | I3: 燃气 | L3: 燃油 | M3: 其他
F4: 合计 | G4: 常规燃煤 | H4: 煤矸石发电 | I4: 合计 | J4: 常规燃气 | K4: 煤层气发电 | M4: 合计 | N4: 余温、余气、余压发电 | O4: 垃圾焚烧发电 | P4: 秸秆、蔗渣、林木质发电 | Q4: 沼气 | R4: 技改增容
A5: 全国 | B5: 209137 | C5: 33572 | E5: 124247 | F5: 107912 | I5: 9972 | L5: 147 | M5: 6593 | O5: 1535 | P5: 1363 | Q5: 90 | S5: 4989 | T5: 28154 | U5: 18134 | V5: 40 | X5: 220204 | Y5: 37028 | Z5: 124624 | AA5: 4989 | AB5: 28165 | AC5: 25356 | AD5: 41 | AE5: 7827
A6: 北京 | B6: 1261 | C6: 98 | E6: 1136 | F6: 77 | I6: 1000 | L6: 22 | M6: 38 | O6: 37 | Q6: 2 | T6: 18 | U6: 8 | X6: 1316 | Y6: 99 | Z6: 1136 | AB6: 19 | AC6: 62 | AE6: 56
A7: 天津 | B7: 1884 | E7: 1666 | F7: 1230 | I7: 382 | M7: 56 | O7: 30 | P7: 4 | T7: 84 | U7: 134 | X7: 1917 | Y7: 1 | Z7: 1668 | AB7: 85 | AC7: 164 | AE7: 45
A8: 河北 | B8: 9272 | C8: 165 | E8: 5382 | F8: 4952 | I8: 94 | M8: 345 | O8: 46 | P8: 67 | Q8: 2 | T8: 2274 | U8: 1447 | V8: 4 | X8: 10042 | Y8: 182 | Z8: 5391 | AB8: 2274 | AC8: 2190 | AD8: 4 | AE8: 747
A9: 山西 | B9: 10081 | C9: 214 | E9: 6860 | F9: 6263 | I9: 348 | M9: 267 | O9: 26 | P9: 38 | Q9: 1 | T9: 1974 | U9: 1033 | X9: 10383 | Y9: 223 | Z9: 6878 | AB9: 1974 | AC9: 1309 | AE9: 280
A10: 内蒙古 | B10: 14569 | C10: 238 | E10: 9370 | F10: 9207 | I10: 74 | M10: 93 | O10: 6 | P10: 27 | Q10: 0. 1 | T10: 3785 | U10: 1176 | X10: 14639 | Y10: 242 | Z10: 9374 | AB10: 3786 | AC10: 1237 | AE10: 88
A11: 辽宁 | B11: 5666 | C11: 288 | E11: 3638 | F11: 3499 | I11: 6 | L11: 15 | M11: 123 | O11: 23 | P11: 20 | Q11: 2 | S11: 448 | T11: 979 | U11: 313 | X11: 5776 | Y11: 305 | Z11: 3643 | AA11: 448 | AB11: 981 | AC11: 400 | AE11: 118
A12: 吉林 | B12: 3189 | C12: 478 | E12: 1850 | F12: 1733 | I12: 1 | M12: 118 | O12: 19 | P12: 61 | Q12: 1 | T12: 577 | U12: 285 | X12: 3278 | Y12: 510 | Z12: 1852 | AB12: 577 | AC12: 338 | AE12: 76
A13: 黑龙江 | B13: 3441 | C13: 101 | E13: 2416 | F13: 2222 | I13: 14 | L13: 2 | M13: 185 | O13: 15 | P13: 133 | Q13: 2 | T13: 686 | U13: 238 | X13: 3536 | Y13: 109 | Z13: 2423 | AB13: 686 | AC13: 318 | AE13: 83
A14: 上海 | B14: 2558 | E14: 2447 | F14: 1502 | I14: 766 | L14: 61 | M14: 121 | O14: 41 | Q14: 2 | T14: 82 | U14: 28 | X14: 2669 | Z14: 2450 | AB14: 82 | AC14: 137 | AE14: 117
A15: 江苏 | B15: 13336 | C15: 260 | E15: 10062 | F15: 7921 | I15: 1700 | M15: 459 | O15: 154 | P15: 80 | Q15: 8 | S15: 549 | T15: 1545 | U15: 898 | V15: 23 | X15: 14146 | Y15: 265 | Z15: 10079 | AA15: 549 | AB15: 1547 | AC15: 1684 | AD15: 23 | AE15: 788
A16: 浙江 | B16: 8846 | C16: 950 | E16: 6339 | F16: 4738 | I16: 1262 | L16: 2 | M16: 355 | O16: 210 | P16: 24 | Q16: 6 | S16: 911 | T16: 185 | U16: 462 | X16: 10142 | Y16: 1171 | Z16: 6358 | AA16: 911 | AB16: 186 | AC16: 1517 | AD16: 1 | AE16: 1067
A17: 安徽 | B17: 7221 | C17: 393 | E17: 5529 | F17: 5143 | I17: 14 | M17: 404 | O17: 73 | P17: 139 | T17: 412 | U17: 887 | X17: 7816 | Y17: 474 | Z17: 5561 | AB17: 412 | AC17: 1370 | AE17: 544
A18: 福建 | B18: 5840 | C18: 937 | E18: 3470 | F18: 2862 | I18: 391 | M18: 224 | O18: 72 | P18: 6 | Q18: 2 | S18: 871 | T18: 486 | U18: 72 | V18: 3 | X18: 6372 | Y18: 1331 | Z18: 3478 | AA18: 871 | AB18: 486 | AC18: 202 | AD18: 3 | AE18: 164
A19: 江西 | B19: 3912 | C19: 454 | E19: 2448 | F19: 2056 | I19: 14 | M19: 385 | O19: 43 | P19: 33 | Q19: 4 | T19: 510 | U19: 500 | X19: 4401 | Y19: 660 | Z19: 2455 | AB19: 510 | AC19: 776 | AE19: 299
A20: 山东 | B20: 14158 | C20: 102 | E20: 11107 | F20: 10305 | I20: 11 | M20: 819 | O20: 170 | P20: 185 | Q20: 10 | S20: 250 | T20: 1795 | U20: 905 | X20: 15560 | Y20: 108 | Z20: 11135 | AA20: 250 | AB20: 1795 | AC20: 2272 | AE20: 1467
A21: 河南 | B21: 9577 | C21: 398 | E21: 7057 | F21: 6482 | I21: 344 | M21: 242 | O21: 44 | P21: 98 | Q21: 9 | T21: 1518 | U21: 604 | X21: 10169 | Y21: 408 | Z21: 7068 | AB21: 1518 | AC21: 1175 | AE21: 571
A22: 湖北 | B22: 7941 | C22: 3644 | E22: 3304 | F22: 2891 | I22: 112 | M22: 314 | O22: 38 | P22: 68 | Q22: 4 | T22: 502 | U22: 491 | X22: 8273 | Y22: 3757 | Z22: 3316 | AB22: 502 | AC22: 698 | AE22: 212
A23: 湖南 | B23: 4413 | C23: 1244 | E23: 2253 | F23: 2024 | I23: 8 | L23: 5 | M23: 231 | O23: 35 | P23: 43 | Q23: 6 | T23: 669 | U23: 242 | V23: 6 | X23: 4915 | Y23: 1581 | Z23: 2269 | AB23: 669 | AC23: 391 | AD23: 6 | AE23: 200
A24: 广东 | B24: 13415 | C24: 1167 | E24: 9576 | F24: 6620 | I24: 2696 | M24: 267 | O24: 224 | P24: 43 | Q24: 16 | S24: 1614 | T24: 563 | U24: 495 | X24: 14224 | Y24: 1666 | Z24: 9582 | AA24: 1614 | AB24: 565 | AC24: 797 | AE24: 385
A25: 广西 | B25: 4957 | C25: 1607 | E25: 2309 | F25: 1859 | I25: 54 | M25: 431 | O25: 23 | P25: 181 | Q25: 3 | S25: 217 | T25: 653 | U25: 170 | X25: 5178 | Y25: 1759 | Z25: 2344 | AA25: 217 | AB25: 653 | AC25: 205 | AE25: 40
A26: 海南 | B26: 958 | C26: 125 | E26: 545 | F26: 324 | I26: 169 | M26: 53 | O26: 21 | P26: 24 | S26: 130 | T26: 29 | U26: 129 | X26: 999 | Y26: 151 | Z26: 546 | AA26: 130 | AB26: 29 | AC26: 143 | AE26: 16
A27: 重庆 | B27: 2349 | C27: 654 | E27: 1539 | F27: 1329 | I27: 149 | M27: 67 | O27: 28 | P27: 7 | Q27: 1 | T27: 96 | U27: 60 | X27: 2488 | Y27: 779 | Z27: 1545 | AB27: 97 | AC27: 67 | AE27: 7
A28: 四川 | B28: 9630 | C28: 7453 | E28: 1572 | F28: 1212 | I28: 128 | M28: 256 | O28: 61 | P28: 18 | Q28: 5 | T28: 426 | U28: 179 | X28: 10105 | Y28: 7892 | Z28: 1596 | AB28: 426 | AC28: 191 | AE28: 22
A29: 贵州 | B29: 7137 | C29: 1996 | E29: 3504 | F29: 3469 | I29: 56 | M29: 35 | O29: 23 | P29: 12 | T29: 580 | U29: 1057 | X29: 7478 | Y29: 2281 | Z29: 3560 | AB29: 580 | AC29: 1057 | AE29: 19
A30: 云南 | B30: 9987 | C30: 7271 | E30: 1485 | F30: 1298 | I30: 3 | M30: 216 | O30: 22 | P30: 27 | Q30: 0.2 | T30: 881 | U30: 350 | X30: 10266 | Y30: 7480 | Z30: 1517 | AB30: 881 | AC30: 388 | AD30: 0.2 | AE30: 38
A31: 西藏 | B31: 389 | C31: 206 | E31: 42 | L31: 39 | M31: 4 | O31: 2 | T31: 1 | U31: 137 | V31: 4 | X31: 395 | Y31: 210 | Z31: 43 | AB31: 1 | AC31: 137 | AD31: 4
A32: 陕西 | B32: 7094 | C32: 296 | E32: 4980 | F32: 4768 | I32: 22 | M32: 203 | O32: 33 | P32: 7 | Q32: 2 | T32: 892 | U32: 926 | X32: 7366 | Y32: 392 | Z32: 4993 | AB32: 892 | AC32: 1089 | AE32: 194
A33: 甘肃 | B33: 5385 | C33: 796 | E33: 2308 | F33: 2262 | I33: 1 | M33: 45 | O33: 8 | P33: 6 | T33: 1373 | U33: 908 | X33: 5620 | Y33: 957 | Z33: 2308 | AB33: 1373 | AC33: 982 | AE33: 74
A34: 青海 | B34: 3992 | C34: 1193 | E34: 392 | F34: 375 | I34: 0.5 | M34: 17 | Q34: 1 | T34: 843 | U34: 1565 | X34: 4030 | Y34: 1193 | Z34: 393 | AB34: 843 | AC34: 1601 | AE34: 17
A35: 宁夏 | B35: 5917 | C35: 42 | E35: 3325 | F35: 3136 | I35: 70 | M35: 120 | O35: 5 | P35: 8 | T35: 1377 | U35: 1173 | X35: 5943 | Y35: 43 | Z35: 3326 | AB35: 1377 | AC35: 1197 | AE35: 75
A36: 新疆 | B36: 10763 | C36: 800 | E36: 6337 | F36: 6152 | I36: 85 | M36: 100 | O36: 6 | P36: 2 | Q36: 0.3 | T36: 2361 | U36: 1266 | X36: 10763 | Y36: 800 | Z36: 6337 | AB36: 2361 | AC36: 1266 | AE36: 16
B38: =B5-SUM(B6:B36) -> -1 | C38: =C5-SUM(C6:C36) -> 2 | D38: =D5-SUM(D6:D36) -> 0 | E38: =E5-SUM(E6:E36) -> -1 | F38: =F5-SUM(F6:F36) -> 1 | H38: =H5-SUM(H6:H36) -> 0 | I38: =I5-SUM(I6:I36) -> -2.5 | J38: =J5-SUM(J6:J36) -> 0 | L38: =L5-SUM(L6:L36) -> 1 | M38: =M5-SUM(M6:M36) -> 0 | N38: =N5-SUM(N6:N36) -> 0 | O38: =O5-SUM(O6:O36) -> -3 | P38: =P5-SUM(P6:P36) -> 2 | S38: =S5-SUM(S6:S36) -> -1 | T38: =T5-SUM(T6:T36) -> -2 | U38: =U5-SUM(U6:U36) -> -4 | V38: =V5-SUM(V6:V36) -> 0

Sheet Biomass
A1: 地区 | B1: 年份 | C1: 装机容量（万千瓦） | G1: 发电量（亿千瓦时） | K1: 利用小时数 | O1: 容量因子 | V1: 生物质 | AA1: 垃圾焚烧发电
C2: 合计 | D2: 沼气发电 | E2: 垃圾焚烧发电 | F2: 秸秆、蔗渣、林木质发电 | G2: 合计 | H2: 沼气发电 | I2: 垃圾焚烧发电 | J2: 秸秆、蔗渣、林木质发电 | K2: 合计 | L2: 沼气发电 | M2: 垃圾焚烧发电 | N2: 秸秆、蔗渣、林木质发电 | O2: 合计 | P2: 沼气发电 | Q2: 垃圾焚烧发电 | R2: 秸秆、蔗渣、林木质发电 | S2: 除垃圾外生物质 | V2: 2016 | W2: 2017 | X2: 2018 | Y2: 2019 | Z2: 2020 | AA2: 2016 | AB2: 2017 | AC2: 2018 | AD2: 2019 | AE2: 2020
A3: 全国 | B3: 2016 | C3: 1396 | D3: 45 | E3: 576 | F3: 776 | G3: 687 | H3: 21 | I3: 315 | J3: 351 | K3: 5309 | L3: 6197 | M3: 5850 | N3: 4879 | O3: {=IFERROR(IF(G3>10,G3/C3*0.8769,""),“”)} -> 0.43154033 | P3: {=IFERROR(IF(H3>10,H3/D3*0.8769,""),“”)} -> 0.40922 | Q3: {=IFERROR(IF(I3>10,I3/E3*0.8769,""),“”)} -> 0.47955469 | R3: {=IFERROR(IF(J3>10,J3/F3*0.8769,""),“”)} -> 0.39663905 | S3: =IFERROR(IF((G3-I3)>10,(G3-I3)/(C3-E3)*0.8769,""),"") -> 0.39781317 | U3: 全国 | V3: =SUMIFS($K$3:$K$162,$A$3:$A$162,$U3,$B$3:$B$162,V$2)/8760 -> 0.60605023 | W3: =SUMIFS($K$3:$K$162,$A$3:$A$162,$U3,$B$3:$B$162,W$2)/8760 -> 0.60673516 | X3: =SUMIFS($K$3:$K$162,$A$3:$A$162,$U3,$B$3:$B$162,X$2)/8760 -> 0.58961187 | Y3: =SUMIFS($K$3:$K$162,$A$3:$A$162,$U3,$B$3:$B$162,Y$2)/8760 -> 0.59372146 | Z3: =SUMIFS($K$3:$K$162,$A$3:$A$162,$U3,$B$3:$B$162,Z$2)/8760 -> 0.59315068 | AA3: =SUMIFS($M$3:$M$162,$A$3:$A$162,$U3,$B$3:$B$162,V$2)/8760 -> 0.66780822 | AB3: =SUMIFS($M$3:$M$162,$A$3:$A$162,$U3,$B$3:$B$162,W$2)/8760 -> 0.64840183 | AC3: =SUMIFS($M$3:$M$162,$A$3:$A$162,$U3,$B$3:$B$162,X$2)/8760 -> 0.67089041 | AD3: =SUMIFS($M$3:$M$162,$A$3:$A$162,$U3,$B$3:$B$162,Y$2)/8760 -> 0.66563927 | AE3: =SUMIFS($M$3:$M$162,$A$3:$A$162,$U3,$B$3:$B$162,Z$2)/8760 -> 0.67305936
A4: 北京 | B4: 2016 | C4: 14 | D4: 1 | E4: 13 | G4: 8 | H4: 1 | I4: 7 | K4: 5716 | L4: 7496 | M4: 5579 | O4: {=IFERROR(IF(G4>10,G4/C4*0.8769,""),“”)} | P4: {=IFERROR(IF(H4>10,H4/D4*0.8769,""),“”)} | Q4: {=IFERROR(IF(I4>10,I4/E4*0.8769,""),“”)} | R4: {=IFERROR(IF(J4>10,J4/F4*0.8769,""),“”)} | S4: =IFERROR(IF((G4-I4)>10,(G4-I4)/(C4-E4)*0.8769,""),"") | U4: 北京 | V4: =SUMIFS($K$3:$K$162,$A$3:$A$162,$U4,$B$3:$B$162,V$2)/8760 -> 0.65251142 | W4: =SUMIFS($K$3:$K$162,$A$3:$A$162,$U4,$B$3:$B$162,W$2)/8760 -> 0.71792237 | X4: =SUMIFS($K$3:$K$162,$A$3:$A$162,$U4,$B$3:$B$162,X$2)/8760 -> 0.77100457 | Y4: =SUMIFS($K$3:$K$162,$A$3:$A$162,$U4,$B$3:$B$162,Y$2)/8760 -> 0.71974886 | Z4: =SUMIFS($K$3:$K$162,$A$3:$A$162,$U4,$B$3:$B$162,Z$2)/8760 -> 0.72283105 | AA4: =SUMIFS($M$3:$M$162,$A$3:$A$162,$U4,$B$3:$B$162,V$2)/8760 -> 0.63687215 | AB4: =SUMIFS($M$3:$M$162,$A$3:$A$162,$U4,$B$3:$B$162,W$2)/8760 -> 0.71221461 | AC4: =SUMIFS($M$3:$M$162,$A$3:$A$162,$U4,$B$3:$B$162,X$2)/8760 -> 0.77100457 | AD4: =SUMIFS($M$3:$M$162,$A$3:$A$162,$U4,$B$3:$B$162,Y$2)/8760 -> 0.71974886 | AE4: =SUMIFS($M$3:$M$162,$A$3:$A$162,$U4,$B$3:$B$162,Z$2)/8760 -> 0.72705479
A5: 天津 | B5: 2016 | C5: 10 | E5: 10 | G5: 5 | I5: 5 | K5: 4624 | M5: 4624 | O5: {=IFERROR(IF(G5>10,G5/C5*0.8769,""),“”)} | P5: {=IFERROR(IF(H5>10,H5/D5*0.8769,""),“”)} | Q5: {=IFERROR(IF(I5>10,I5/E5*0.8769,""),“”)} | R5: {=IFERROR(IF(J5>10,J5/F5*0.8769,""),“”)} | S5: =IFERROR(IF((G5-I5)>10,(G5-I5)/(C5-E5)*0.8769,""),"") | U5: 天津 | V5: =SUMIFS($K$3:$K$162,$A$3:$A$162,$U5,$B$3:$B$162,V$2)/8760 -> 0.52785388 | W5: =SUMIFS($K$3:$K$162,$A$3:$A$162,$U5,$B$3:$B$162,W$2)/8760 -> 0.58310502 | X5: =SUMIFS($K$3:$K$162,$A$3:$A$162,$U5,$B$3:$B$162,X$2)/8760 -> 0.65719178 | Y5: =SUMIFS($K$3:$K$162,$A$3:$A$162,$U5,$B$3:$B$162,Y$2)/8760 -> 0.69714612 | Z5: =SUMIFS($K$3:$K$162,$A$3:$A$162,$U5,$B$3:$B$162,Z$2)/8760 -> 0.6489726 | AA5: =SUMIFS($M$3:$M$162,$A$3:$A$162,$U5,$B$3:$B$162,V$2)/8760 -> 0.52785388 | AB5: =SUMIFS($M$3:$M$162,$A$3:$A$162,$U5,$B$3:$B$162,W$2)/8760 -> 0.58310502 | AC5: =SUMIFS($M$3:$M$162,$A$3:$A$162,$U5,$B$3:$B$162,X$2)/8760 -> 0.65719178 | AD5: =SUMIFS($M$3:$M$162,$A$3:$A$162,$U5,$B$3:$B$162,Y$2)/8760 -> 0.65342466 | AE5: =SUMIFS($M$3:$M$162,$A$3:$A$162,$U5,$B$3:$B$162,Z$2)/8760 -> 0.60296804
A6: 河北 | B6: 2016 | C6: 55 | D6: 1 | E6: 16 | F6: 38 | G6: 26 | H6: 0 | I6: 7 | J6: 19 | K6: 5406 | M6: 4662 | N6: 5756 | O6: {=IFERROR(IF(G6>10,G6/C6*0.8769,""),“”)} -> 0.41453455 | P6: {=IFERROR(IF(H6>10,H6/D6*0.8769,""),“”)} | Q6: {=IFERROR(IF(I6>10,I6/E6*0.8769,""),“”)} | R6: {=IFERROR(IF(J6>10,J6/F6*0.8769,""),“”)} -> 0.43845 | S6: =IFERROR(IF((G6-I6)>10,(G6-I6)/(C6-E6)*0.8769,""),"") -> 0.42720769 | U6: 河北 | V6: =SUMIFS($K$3:$K$162,$A$3:$A$162,$U6,$B$3:$B$162,V$2)/8760 -> 0.61712329 | W6: =SUMIFS($K$3:$K$162,$A$3:$A$162,$U6,$B$3:$B$162,W$2)/8760 -> 0.60513699 | X6: =SUMIFS($K$3:$K$162,$A$3:$A$162,$U6,$B$3:$B$162,X$2)/8760 -> 0.60353881 | Y6: =SUMIFS($K$3:$K$162,$A$3:$A$162,$U6,$B$3:$B$162,Y$2)/8760 -> 0.5902968 | Z6: =SUMIFS($K$3:$K$162,$A$3:$A$162,$U6,$B$3:$B$162,Z$2)/8760 -> 0.59178082 | AA6: =SUMIFS($M$3:$M$162,$A$3:$A$162,$U6,$B$3:$B$162,V$2)/8760 -> 0.53219178 | AB6: =SUMIFS($M$3:$M$162,$A$3:$A$162,$U6,$B$3:$B$162,W$2)/8760 -> 0.52454338 | AC6: =SUMIFS($M$3:$M$162,$A$3:$A$162,$U6,$B$3:$B$162,X$2)/8760 -> 0.52477169 | AD6: =SUMIFS($M$3:$M$162,$A$3:$A$162,$U6,$B$3:$B$162,Y$2)/8760 -> 0.56175799 | AE6: =SUMIFS($M$3:$M$162,$A$3:$A$162,$U6,$B$3:$B$162,Z$2)/8760 -> 0.67009132
A7: 山西 | B7: 2016 | C7: 44 | D7: 15 | E7: 11 | F7: 19 | G7: 22 | H7: 5 | I7: 6 | J7: 11 | K7: 5867 | M7: 5768 | N7: 5924 | O7: {=IFERROR(IF(G7>10,G7/C7*0.8769,""),“”)} -> 0.43845 | P7: {=IFERROR(IF(H7>10,H7/D7*0.8769,""),“”)} | Q7: {=IFERROR(IF(I7>10,I7/E7*0.8769,""),“”)} | R7: {=IFERROR(IF(J7>10,J7/F7*0.8769,""),“”)} -> 0.50767895 | S7: =IFERROR(IF((G7-I7)>10,(G7-I7)/(C7-E7)*0.8769,""),"") -> 0.42516364 | U7: 山西 | V7: =SUMIFS($K$3:$K$162,$A$3:$A$162,$U7,$B$3:$B$162,V$2)/8760 -> 0.66974886 | W7: =SUMIFS($K$3:$K$162,$A$3:$A$162,$U7,$B$3:$B$162,W$2)/8760 -> 0.64406393 | X7: =SUMIFS($K$3:$K$162,$A$3:$A$162,$U7,$B$3:$B$162,X$2)/8760 -> 0.62853881 | Y7: =SUMIFS($K$3:$K$162,$A$3:$A$162,$U7,$B$3:$B$162,Y$2)/8760 -> 0.64269406 | Z7: =SUMIFS($K$3:$K$162,$A$3:$A$162,$U7,$B$3:$B$162,Z$2)/8760 -> 0.56803653 | AA7: =SUMIFS($M$3:$M$162,$A$3:$A$162,$U7,$B$3:$B$162,V$2)/8760 -> 0.65844749 | AB7: =SUMIFS($M$3:$M$162,$A$3:$A$162,$U7,$B$3:$B$162,W$2)/8760 -> 0.581621 | AC7: =SUMIFS($M$3:$M$162,$A$3:$A$162,$U7,$B$3:$B$162,X$2)/8760 -> 0.6152968 | AD7: =SUMIFS($M$3:$M$162,$A$3:$A$162,$U7,$B$3:$B$162,Y$2)/8760 -> 0.59851598 | AE7: =SUMIFS($M$3:$M$162,$A$3:$A$162,$U7,$B$3:$B$162,Z$2)/8760 -> 0.50468037
A8: 内蒙古 | B8: 2016 | C8: 16 | E8: 4 | F8: 12 | G8: 7 | I8: 1 | J8: 7 | K8: 4672 | M8: 2040 | N8: 5455 | O8: {=IFERROR(IF(G8>10,G8/C8*0.8769,""),“”)} | P8: {=IFERROR(IF(H8>10,H8/D8*0.8769,""),“”)} | Q8: {=IFERROR(IF(I8>10,I8/E8*0.8769,""),“”)} | R8: {=IFERROR(IF(J8>10,J8/F8*0.8769,""),“”)} | S8: =IFERROR(IF((G8-I8)>10,(G8-I8)/(C8-E8)*0.8769,""),"") | U8: 内蒙古 | V8: =SUMIFS($K$3:$K$162,$A$3:$A$162,$U8,$B$3:$B$162,V$2)/8760 -> 0.53333333 | W8: =SUMIFS($K$3:$K$162,$A$3:$A$162,$U8,$B$3:$B$162,W$2)/8760 -> 0.53333333 | X8: =SUMIFS($K$3:$K$162,$A$3:$A$162,$U8,$B$3:$B$162,X$2)/8760 -> 0.4716895 | Y8: =SUMIFS($K$3:$K$162,$A$3:$A$162,$U8,$B$3:$B$162,Y$2)/8760 -> 0.47534247 | Z8: =SUMIFS($K$3:$K$162,$A$3:$A$162,$U8,$B$3:$B$162,Z$2)/8760 -> 0.40148402 | AA8: =SUMIFS($M$3:$M$162,$A$3:$A$162,$U8,$B$3:$B$162,V$2)/8760 -> 0.23287671 | AB8: =SUMIFS($M$3:$M$162,$A$3:$A$162,$U8,$B$3:$B$162,W$2)/8760 -> 0.23287671 | AC8: =SUMIFS($M$3:$M$162,$A$3:$A$162,$U8,$B$3:$B$162,X$2)/8760 -> 0.32979452 | AD8: =SUMIFS($M$3:$M$162,$A$3:$A$162,$U8,$B$3:$B$162,Y$2)/8760 -> 0.41084475 | AE8: =SUMIFS($M$3:$M$162,$A$3:$A$162,$U8,$B$3:$B$162,Z$2)/8760 -> 0.43538813
A9: 辽宁 | B9: 2016 | C9: 8 | E9: 3 | F9: 5 | G9: 6 | I9: 2 | J9: 3 | K9: 7046 | M9: 7993 | N9: 6601 | O9: {=IFERROR(IF(G9>10,G9/C9*0.8769,""),“”)} | P9: {=IFERROR(IF(H9>10,H9/D9*0.8769,""),“”)} | Q9: {=IFERROR(IF(I9>10,I9/E9*0.8769,""),“”)} | R9: {=IFERROR(IF(J9>10,J9/F9*0.8769,""),“”)} | S9: =IFERROR(IF((G9-I9)>10,(G9-I9)/(C9-E9)*0.8769,""),"") | U9: 辽宁 | V9: =SUMIFS($K$3:$K$162,$A$3:$A$162,$U9,$B$3:$B$162,V$2)/8760 -> 0.8043379 | W9: =SUMIFS($K$3:$K$162,$A$3:$A$162,$U9,$B$3:$B$162,W$2)/8760 -> 0.71712329 | X9: =SUMIFS($K$3:$K$162,$A$3:$A$162,$U9,$B$3:$B$162,X$2)/8760 -> 0.71723744 | Y9: =SUMIFS($K$3:$K$162,$A$3:$A$162,$U9,$B$3:$B$162,Y$2)/8760 -> 0.66621005 | Z9: =SUMIFS($K$3:$K$162,$A$3:$A$162,$U9,$B$3:$B$162,Z$2)/8760 -> 0.69577626 | AA9: =SUMIFS($M$3:$M$162,$A$3:$A$162,$U9,$B$3:$B$162,V$2)/8760 -> 0.91244292 | AB9: =SUMIFS($M$3:$M$162,$A$3:$A$162,$U9,$B$3:$B$162,W$2)/8760 -> 0.71506849 | AC9: =SUMIFS($M$3:$M$162,$A$3:$A$162,$U9,$B$3:$B$162,X$2)/8760 -> 0.7673516 | AD9: =SUMIFS($M$3:$M$162,$A$3:$A$162,$U9,$B$3:$B$162,Y$2)/8760 -> 0.72283105 | AE9: =SUMIFS($M$3:$M$162,$A$3:$A$162,$U9,$B$3:$B$162,Z$2)/8760 -> 0.80399543
A10: 吉林 | B10: 2016 | C10: 52 | D10: 0 | E10: 12 | F10: 40 | G10: 28 | H10: 0 | I10: 4 | J10: 23 | K10: 5511 | M10: 3926 | N10: 5938 | O10: {=IFERROR(IF(G10>10,G10/C10*0.8769,""),“”)} -> 0.47217692 | P10: {=IFERROR(IF(H10>10,H10/D10*0.8769,""),“”)} | Q10: {=IFERROR(IF(I10>10,I10/E10*0.8769,""),“”)} | R10: {=IFERROR(IF(J10>10,J10/F10*0.8769,""),“”)} -> 0.5042175 | S10: =IFERROR(IF((G10-I10)>10,(G10-I10)/(C10-E10)*0.8769,""),"") -> 0.52614 | U10: 吉林 | V10: =SUMIFS($K$3:$K$162,$A$3:$A$162,$U10,$B$3:$B$162,V$2)/8760 -> 0.62910959 | W10: =SUMIFS($K$3:$K$162,$A$3:$A$162,$U10,$B$3:$B$162,W$2)/8760 -> 0.60958904 | X10: =SUMIFS($K$3:$K$162,$A$3:$A$162,$U10,$B$3:$B$162,X$2)/8760 -> 0.52226027 | Y10: =SUMIFS($K$3:$K$162,$A$3:$A$162,$U10,$B$3:$B$162,Y$2)/8760 -> 0.57157534 | Z10: =SUMIFS($K$3:$K$162,$A$3:$A$162,$U10,$B$3:$B$162,Z$2)/8760 -> 0.50216895 | AA10: =SUMIFS($M$3:$M$162,$A$3:$A$162,$U10,$B$3:$B$162,V$2)/8760 -> 0.44817352 | AB10: =SUMIFS($M$3:$M$162,$A$3:$A$162,$U10,$B$3:$B$162,W$2)/8760 -> 0.50251142 | AC10: =SUMIFS($M$3:$M$162,$A$3:$A$162,$U10,$B$3:$B$162,X$2)/8760 -> 0.46723744 | AD10: =SUMIFS($M$3:$M$162,$A$3:$A$162,$U10,$B$3:$B$162,Y$2)/8760 -> 0.56609589 | AE10: =SUMIFS($M$3:$M$162,$A$3:$A$162,$U10,$B$3:$B$162,Z$2)/8760 -> 0.58184932
A11: 黑龙江 | B11: 2016 | C11: 80 | D11: 0 | E11: 7 | F11: 73 | G11: 39 | H11: 0 | I11: 2 | J11: 37 | K11: 5648 | M11: 3750 | N11: 5828 | O11: {=IFERROR(IF(G11>10,G11/C11*0.8769,""),“”)} -> 0.42748875 | P11: {=IFERROR(IF(H11>10,H11/D11*0.8769,""),“”)} | Q11: {=IFERROR(IF(I11>10,I11/E11*0.8769,""),“”)} | R11: {=IFERROR(IF(J11>10,J11/F11*0.8769,""),“”)} -> 0.44445616 | S11: =IFERROR(IF((G11-I11)>10,(G11-I11)/(C11-E11)*0.8769,""),"") -> 0.44445616 | U11: 黑龙江 | V11: =SUMIFS($K$3:$K$162,$A$3:$A$162,$U11,$B$3:$B$162,V$2)/8760 -> 0.64474886 | W11: =SUMIFS($K$3:$K$162,$A$3:$A$162,$U11,$B$3:$B$162,W$2)/8760 -> 0.61929224 | X11: =SUMIFS($K$3:$K$162,$A$3:$A$162,$U11,$B$3:$B$162,X$2)/8760 -> 0.64121005 | Y11: =SUMIFS($K$3:$K$162,$A$3:$A$162,$U11,$B$3:$B$162,Y$2)/8760 -> 0.64429224 | Z11: =SUMIFS($K$3:$K$162,$A$3:$A$162,$U11,$B$3:$B$162,Z$2)/8760 -> 0.63356164 | AA11: =SUMIFS($M$3:$M$162,$A$3:$A$162,$U11,$B$3:$B$162,V$2)/8760 -> 0.42808219 | AB11: =SUMIFS($M$3:$M$162,$A$3:$A$162,$U11,$B$3:$B$162,W$2)/8760 -> 0.45844749 | AC11: =SUMIFS($M$3:$M$162,$A$3:$A$162,$U11,$B$3:$B$162,X$2)/8760 -> 0.39554795 | AD11: =SUMIFS($M$3:$M$162,$A$3:$A$162,$U11,$B$3:$B$162,Y$2)/8760 -> 0.44988584 | AE11: =SUMIFS($M$3:$M$162,$A$3:$A$162,$U11,$B$3:$B$162,Z$2)/8760 -> 0.50091324
A12: 上海 | B12: 2016 | C12: 24 | D12: 2 | E12: 22 | G12: 15 | H12: 1 | I12: 14 | K12: 7156 | L12: 7213 | M12: 7152 | O12: {=IFERROR(IF(G12>10,G12/C12*0.8769,""),“”)} -> 0.5480625 | P12: {=IFERROR(IF(H12>10,H12/D12*0.8769,""),“”)} | Q12: {=IFERROR(IF(I12>10,I12/E12*0.8769,""),“”)} -> 0.55802727 | R12: {=IFERROR(IF(J12>10,J12/F12*0.8769,""),“”)} | S12: =IFERROR(IF((G12-I12)>10,(G12-I12)/(C12-E12)*0.8769,""),"") | U12: 上海 | V12: =SUMIFS($K$3:$K$162,$A$3:$A$162,$U12,$B$3:$B$162,V$2)/8760 -> 0.81689498 | W12: =SUMIFS($K$3:$K$162,$A$3:$A$162,$U12,$B$3:$B$162,W$2)/8760 -> 0.82853881 | X12: =SUMIFS($K$3:$K$162,$A$3:$A$162,$U12,$B$3:$B$162,X$2)/8760 -> 0.83755708 | Y12: =SUMIFS($K$3:$K$162,$A$3:$A$162,$U12,$B$3:$B$162,Y$2)/8760 -> 0.88127854 | Z12: =SUMIFS($K$3:$K$162,$A$3:$A$162,$U12,$B$3:$B$162,Z$2)/8760 -> 0.88687215 | AA12: =SUMIFS($M$3:$M$162,$A$3:$A$162,$U12,$B$3:$B$162,V$2)/8760 -> 0.81643836 | AB12: =SUMIFS($M$3:$M$162,$A$3:$A$162,$U12,$B$3:$B$162,W$2)/8760 -> 0.83550228 | AC12: =SUMIFS($M$3:$M$162,$A$3:$A$162,$U12,$B$3:$B$162,X$2)/8760 -> 0.84394977 | AD12: =SUMIFS($M$3:$M$162,$A$3:$A$162,$U12,$B$3:$B$162,Y$2)/8760 -> 0.88401826 | AE12: =SUMIFS($M$3:$M$162,$A$3:$A$162,$U12,$B$3:$B$162,Z$2)/8760 -> 0.89086758
A13: 江苏 | B13: 2016 | C13: 125 | D13: 2 | E13: 79 | F13: 44 | G13: 81 | H13: 1 | I13: 50 | J13: 30 | K13: 6841 | L13: 7835 | M13: 6670 | N13: 7129 | O13: {=IFERROR(IF(G13>10,G13/C13*0.8769,""),“”)} -> 0.5682312 | P13: {=IFERROR(IF(H13>10,H13/D13*0.8769,""),“”)} | Q13: {=IFERROR(IF(I13>10,I13/E13*0.8769,""),“”)} -> 0.555 | R13: {=IFERROR(IF(J13>10,J13/F13*0.8769,""),“”)} -> 0.59788636 | S13: =IFERROR(IF((G13-I13)>10,(G13-I13)/(C13-E13)*0.8769,""),"") -> 0.59095435 | U13: 江苏 | V13: =SUMIFS($K$3:$K$162,$A$3:$A$162,$U13,$B$3:$B$162,V$2)/8760 -> 0.78093607 | W13: =SUMIFS($K$3:$K$162,$A$3:$A$162,$U13,$B$3:$B$162,W$2)/8760 -> 0.76472603 | X13: =SUMIFS($K$3:$K$162,$A$3:$A$162,$U13,$B$3:$B$162,X$2)/8760 -> 0.71495434 | Y13: =SUMIFS($K$3:$K$162,$A$3:$A$162,$U13,$B$3:$B$162,Y$2)/8760 -> 0.73835616 | Z13: =SUMIFS($K$3:$K$162,$A$3:$A$162,$U13,$B$3:$B$162,Z$2)/8760 -> 0.67922374 | AA13: =SUMIFS($M$3:$M$162,$A$3:$A$162,$U13,$B$3:$B$162,V$2)/8760 -> 0.76141553 | AB13: =SUMIFS($M$3:$M$162,$A$3:$A$162,$U13,$B$3:$B$162,W$2)/8760 -> 0.75011416 | AC13: =SUMIFS($M$3:$M$162,$A$3:$A$162,$U13,$B$3:$B$162,X$2)/8760 -> 0.73230594 | AD13: =SUMIFS($M$3:$M$162,$A$3:$A$162,$U13,$B$3:$B$162,Y$2)/8760 -> 0.76130137 | AE13: =SUMIFS($M$3:$M$162,$A$3:$A$162,$U13,$B$3:$B$162,Z$2)/8760 -> 0.69086758
A14: 浙江 | B14: 2016 | C14: 122 | D14: 1 | E14: 102 | F14: 19 | G14: 71 | H14: 1 | I14: 61 | J14: 9 | K14: 6195 | M14: 6379 | N14: 5184 | O14: {=IFERROR(IF(G14>10,G14/C14*0.8769,""),“”)} -> 0.51032705 | P14: {=IFERROR(IF(H14>10,H14/D14*0.8769,""),“”)} | Q14: {=IFERROR(IF(I14>10,I14/E14*0.8769,""),“”)} -> 0.52442059 | R14: {=IFERROR(IF(J14>10,J14/F14*0.8769,""),“”)} | S14: =IFERROR(IF((G14-I14)>10,(G14-I14)/(C14-E14)*0.8769,""),"") | U14: 浙江 | V14: =SUMIFS($K$3:$K$162,$A$3:$A$162,$U14,$B$3:$B$162,V$2)/8760 -> 0.70719178 | W14: =SUMIFS($K$3:$K$162,$A$3:$A$162,$U14,$B$3:$B$162,W$2)/8760 -> 0.64794521 | X14: =SUMIFS($K$3:$K$162,$A$3:$A$162,$U14,$B$3:$B$162,X$2)/8760 -> 0.6576484 | Y14: =SUMIFS($K$3:$K$162,$A$3:$A$162,$U14,$B$3:$B$162,Y$2)/8760 -> 0.66073059 | Z14: =SUMIFS($K$3:$K$162,$A$3:$A$162,$U14,$B$3:$B$162,Z$2)/8760 -> 0.61381279 | AA14: =SUMIFS($M$3:$M$162,$A$3:$A$162,$U14,$B$3:$B$162,V$2)/8760 -> 0.72819635 | AB14: =SUMIFS($M$3:$M$162,$A$3:$A$162,$U14,$B$3:$B$162,W$2)/8760 -> 0.64885845 | AC14: =SUMIFS($M$3:$M$162,$A$3:$A$162,$U14,$B$3:$B$162,X$2)/8760 -> 0.66038813 | AD14: =SUMIFS($M$3:$M$162,$A$3:$A$162,$U14,$B$3:$B$162,Y$2)/8760 -> 0.66917808 | AE14: =SUMIFS($M$3:$M$162,$A$3:$A$162,$U14,$B$3:$B$162,Z$2)/8760 -> 0.60913242
A15: 安徽 | B15: 2016 | C15: 95 | D15: 1 | E15: 29 | F15: 66 | G15: 55 | H15: 0 | I15: 17 | J15: 38 | K15: 6275 | M15: 6393 | N15: 6227 | O15: {=IFERROR(IF(G15>10,G15/C15*0.8769,""),“”)} -> 0.50767895 | P15: {=IFERROR(IF(H15>10,H15/D15*0.8769,""),“”)} | Q15: {=IFERROR(IF(I15>10,I15/E15*0.8769,""),“”)} -> 0.51404483 | R15: {=IFERROR(IF(J15>10,J15/F15*0.8769,""),“”)} -> 0.50488182 | S15: =IFERROR(IF((G15-I15)>10,(G15-I15)/(C15-E15)*0.8769,""),"") -> 0.50488182 | U15: 安徽 | V15: =SUMIFS($K$3:$K$162,$A$3:$A$162,$U15,$B$3:$B$162,V$2)/8760 -> 0.7163242 | W15: =SUMIFS($K$3:$K$162,$A$3:$A$162,$U15,$B$3:$B$162,W$2)/8760 -> 0.72956621 | X15: =SUMIFS($K$3:$K$162,$A$3:$A$162,$U15,$B$3:$B$162,X$2)/8760 -> 0.57796804 | Y15: =SUMIFS($K$3:$K$162,$A$3:$A$162,$U15,$B$3:$B$162,Y$2)/8760 -> 0.63356164 | Z15: =SUMIFS($K$3:$K$162,$A$3:$A$162,$U15,$B$3:$B$162,Z$2)/8760 -> 0.63276256 | AA15: =SUMIFS($M$3:$M$162,$A$3:$A$162,$U15,$B$3:$B$162,V$2)/8760 -> 0.72979452 | AB15: =SUMIFS($M$3:$M$162,$A$3:$A$162,$U15,$B$3:$B$162,W$2)/8760 -> 0.63584475 | AC15: =SUMIFS($M$3:$M$162,$A$3:$A$162,$U15,$B$3:$B$162,X$2)/8760 -> 0.62340183 | AD15: =SUMIFS($M$3:$M$162,$A$3:$A$162,$U15,$B$3:$B$162,Y$2)/8760 -> 0.66449772 | AE15: =SUMIFS($M$3:$M$162,$A$3:$A$162,$U15,$B$3:$B$162,Z$2)/8760 -> 0.69509132
A16: 福建 | B16: 2016 | C16: 36 | D16: 1 | E16: 30 | F16: 5 | G16: 22 | H16: 0 | I16: 19 | J16: 3 | K16: 6102 | M16: 6212 | N16: 5496 | O16: {=IFERROR(IF(G16>10,G16/C16*0.8769,""),“”)} -> 0.53588333 | P16: {=IFERROR(IF(H16>10,H16/D16*0.8769,""),“”)} | Q16: {=IFERROR(IF(I16>10,I16/E16*0.8769,""),“”)} -> 0.55537 | R16: {=IFERROR(IF(J16>10,J16/F16*0.8769,""),“”)} | S16: =IFERROR(IF((G16-I16)>10,(G16-I16)/(C16-E16)*0.8769,""),"") | U16: 福建 | V16: =SUMIFS($K$3:$K$162,$A$3:$A$162,$U16,$B$3:$B$162,V$2)/8760 -> 0.69657534 | W16: =SUMIFS($K$3:$K$162,$A$3:$A$162,$U16,$B$3:$B$162,W$2)/8760 -> 0.70022831 | X16: =SUMIFS($K$3:$K$162,$A$3:$A$162,$U16,$B$3:$B$162,X$2)/8760 -> 0.69269406 | Y16: =SUMIFS($K$3:$K$162,$A$3:$A$162,$U16,$B$3:$B$162,Y$2)/8760 -> 0.68504566 | Z16: =SUMIFS($K$3:$K$162,$A$3:$A$162,$U16,$B$3:$B$162,Z$2)/8760 -> 0.69600457 | AA16: =SUMIFS($M$3:$M$162,$A$3:$A$162,$U16,$B$3:$B$162,V$2)/8760 -> 0.70913242 | AB16: =SUMIFS($M$3:$M$162,$A$3:$A$162,$U16,$B$3:$B$162,W$2)/8760 -> 0.71084475 | AC16: =SUMIFS($M$3:$M$162,$A$3:$A$162,$U16,$B$3:$B$162,X$2)/8760 -> 0.69577626 | AD16: =SUMIFS($M$3:$M$162,$A$3:$A$162,$U16,$B$3:$B$162,Y$2)/8760 -> 0.68344749 | AE16: =SUMIFS($M$3:$M$162,$A$3:$A$162,$U16,$B$3:$B$162,Z$2)/8760 -> 0.7033105
A17: 江西 | B17: 2016 | C17: 28 | D17: 0 | E17: 7 | F17: 20 | G17: 13 | H17: 0 | I17: 2 | J17: 11 | K17: 5313 | M17: 3684 | N17: 5664 | O17: {=IFERROR(IF(G17>10,G17/C17*0.8769,""),“”)} -> 0.40713214 | P17: {=IFERROR(IF(H17>10,H17/D17*0.8769,""),“”)} | Q17: {=IFERROR(IF(I17>10,I17/E17*0.8769,""),“”)} | R17: {=IFERROR(IF(J17>10,J17/F17*0.8769,""),“”)} -> 0.482295 | S17: =IFERROR(IF((G17-I17)>10,(G17-I17)/(C17-E17)*0.8769,""),"") -> 0.45932857 | U17: 江西 | V17: =SUMIFS($K$3:$K$162,$A$3:$A$162,$U17,$B$3:$B$162,V$2)/8760 -> 0.60650685 | W17: =SUMIFS($K$3:$K$162,$A$3:$A$162,$U17,$B$3:$B$162,W$2)/8760 -> 0.69771689 | X17: =SUMIFS($K$3:$K$162,$A$3:$A$162,$U17,$B$3:$B$162,X$2)/8760 -> 0.52226027 | Y17: =SUMIFS($K$3:$K$162,$A$3:$A$162,$U17,$B$3:$B$162,Y$2)/8760 -> 0.57888128 | Z17: =SUMIFS($K$3:$K$162,$A$3:$A$162,$U17,$B$3:$B$162,Z$2)/8760 -> 0.57739726 | AA17: =SUMIFS($M$3:$M$162,$A$3:$A$162,$U17,$B$3:$B$162,V$2)/8760 -> 0.42054795 | AB17: =SUMIFS($M$3:$M$162,$A$3:$A$162,$U17,$B$3:$B$162,W$2)/8760 -> 0.46369863 | AC17: =SUMIFS($M$3:$M$162,$A$3:$A$162,$U17,$B$3:$B$162,X$2)/8760 -> 0.5946347 | AD17: =SUMIFS($M$3:$M$162,$A$3:$A$162,$U17,$B$3:$B$162,Y$2)/8760 -> 0.66461187 | AE17: =SUMIFS($M$3:$M$162,$A$3:$A$162,$U17,$B$3:$B$162,Z$2)/8760 -> 0.62648402
A18: 山东 | B18: 2016 | C18: 179 | D18: 6 | E18: 56 | F18: 117 | G18: 89 | H18: 3 | I18: 27 | J18: 59 | K18: 5521 | L18: 6498 | M18: 4883 | N18: 5818 | O18: {=IFERROR(IF(G18>10,G18/C18*0.8769,""),“”)} -> 0.43600056 | P18: {=IFERROR(IF(H18>10,H18/D18*0.8769,""),“”)} | Q18: {=IFERROR(IF(I18>10,I18/E18*0.8769,""),“”)} -> 0.42279107 | R18: {=IFERROR(IF(J18>10,J18/F18*0.8769,""),“”)} -> 0.44219744 | S18: =IFERROR(IF((G18-I18)>10,(G18-I18)/(C18-E18)*0.8769,""),"") -> 0.44201463 | U18: 山东 | V18: =SUMIFS($K$3:$K$162,$A$3:$A$162,$U18,$B$3:$B$162,V$2)/8760 -> 0.63025114 | W18: =SUMIFS($K$3:$K$162,$A$3:$A$162,$U18,$B$3:$B$162,W$2)/8760 -> 0.62020548 | X18: =SUMIFS($K$3:$K$162,$A$3:$A$162,$U18,$B$3:$B$162,X$2)/8760 -> 0.63276256 | Y18: =SUMIFS($K$3:$K$162,$A$3:$A$162,$U18,$B$3:$B$162,Y$2)/8760 -> 0.59166667 | Z18: =SUMIFS($K$3:$K$162,$A$3:$A$162,$U18,$B$3:$B$162,Z$2)/8760 -> 0.58025114 | AA18: =SUMIFS($M$3:$M$162,$A$3:$A$162,$U18,$B$3:$B$162,V$2)/8760 -> 0.55742009 | AB18: =SUMIFS($M$3:$M$162,$A$3:$A$162,$U18,$B$3:$B$162,W$2)/8760 -> 0.57773973 | AC18: =SUMIFS($M$3:$M$162,$A$3:$A$162,$U18,$B$3:$B$162,X$2)/8760 -> 0.60993151 | AD18: =SUMIFS($M$3:$M$162,$A$3:$A$162,$U18,$B$3:$B$162,Y$2)/8760 -> 0.60422374 | AE18: =SUMIFS($M$3:$M$162,$A$3:$A$162,$U18,$B$3:$B$162,Z$2)/8760 -> 0.61347032
A19: 河南 | B19: 2016 | C19: 47 | E19: 8 | F19: 39 | G19: 23 | I19: 4 | J19: 18 | K19: 4801 | M19: 5007 | N19: 4768 | O19: {=IFERROR(IF(G19>10,G19/C19*0.8769,""),“”)} -> 0.42912128 | P19: {=IFERROR(IF(H19>10,H19/D19*0.8769,""),“”)} | Q19: {=IFERROR(IF(I19>10,I19/E19*0.8769,""),“”)} | R19: {=IFERROR(IF(J19>10,J19/F19*0.8769,""),“”)} -> 0.40472308 | S19: =IFERROR(IF((G19-I19)>10,(G19-I19)/(C19-E19)*0.8769,""),"") -> 0.42720769 | U19: 河南 | V19: =SUMIFS($K$3:$K$162,$A$3:$A$162,$U19,$B$3:$B$162,V$2)/8760 -> 0.54805936 | W19: =SUMIFS($K$3:$K$162,$A$3:$A$162,$U19,$B$3:$B$162,W$2)/8760 -> 0.51940639 | X19: =SUMIFS($K$3:$K$162,$A$3:$A$162,$U19,$B$3:$B$162,X$2)/8760 -> 0.5836758 | Y19: =SUMIFS($K$3:$K$162,$A$3:$A$162,$U19,$B$3:$B$162,Y$2)/8760 -> 0.60981735 | Z19: =SUMIFS($K$3:$K$162,$A$3:$A$162,$U19,$B$3:$B$162,Z$2)/8760 -> 0.55228311 | AA19: =SUMIFS($M$3:$M$162,$A$3:$A$162,$U19,$B$3:$B$162,V$2)/8760 -> 0.57157534 | AB19: =SUMIFS($M$3:$M$162,$A$3:$A$162,$U19,$B$3:$B$162,W$2)/8760 -> 0.57317352 | AC19: =SUMIFS($M$3:$M$162,$A$3:$A$162,$U19,$B$3:$B$162,X$2)/8760 -> 0.66518265 | AD19: =SUMIFS($M$3:$M$162,$A$3:$A$162,$U19,$B$3:$B$162,Y$2)/8760 -> 0.67876712 | AE19: =SUMIFS($M$3:$M$162,$A$3:$A$162,$U19,$B$3:$B$162,Z$2)/8760 -> 0.59041096
A20: 湖北 | B20: 2016 | C20: 65 | D20: 1 | E20: 21 | F20: 43 | G20: 34 | H20: 0 | I20: 12 | J20: 22 | K20: 5331 | M20: 6126 | N20: 4967 | O20: {=IFERROR(IF(G20>10,G20/C20*0.8769,""),“”)} -> 0.45868615 | P20: {=IFERROR(IF(H20>10,H20/D20*0.8769,""),“”)} | Q20: {=IFERROR(IF(I20>10,I20/E20*0.8769,""),“”)} -> 0.50108571 | R20: {=IFERROR(IF(J20>10,J20/F20*0.8769,""),“”)} -> 0.44864651 | S20: =IFERROR(IF((G20-I20)>10,(G20-I20)/(C20-E20)*0.8769,""),"") -> 0.43845 | U20: 湖北 | V20: =SUMIFS($K$3:$K$162,$A$3:$A$162,$U20,$B$3:$B$162,V$2)/8760 -> 0.60856164 | W20: =SUMIFS($K$3:$K$162,$A$3:$A$162,$U20,$B$3:$B$162,W$2)/8760 -> 0.61381279 | X20: =SUMIFS($K$3:$K$162,$A$3:$A$162,$U20,$B$3:$B$162,X$2)/8760 -> 0.38493151 | Y20: =SUMIFS($K$3:$K$162,$A$3:$A$162,$U20,$B$3:$B$162,Y$2)/8760 -> 0.39383562 | Z20: =SUMIFS($K$3:$K$162,$A$3:$A$162,$U20,$B$3:$B$162,Z$2)/8760 -> 0.43538813 | AA20: =SUMIFS($M$3:$M$162,$A$3:$A$162,$U20,$B$3:$B$162,V$2)/8760 -> 0.69931507 | AB20: =SUMIFS($M$3:$M$162,$A$3:$A$162,$U20,$B$3:$B$162,W$2)/8760 -> 0.66997717 | AC20: =SUMIFS($M$3:$M$162,$A$3:$A$162,$U20,$B$3:$B$162,X$2)/8760 -> 0.64942922 | AD20: =SUMIFS($M$3:$M$162,$A$3:$A$162,$U20,$B$3:$B$162,Y$2)/8760 -> 0.68493151 | AE20: =SUMIFS($M$3:$M$162,$A$3:$A$162,$U20,$B$3:$B$162,Z$2)/8760 -> 0.69417808
A21: 湖南 | B21: 2016 | C21: 40 | D21: 9 | E21: 10 | F21: 21 | G21: 19 | H21: 6 | I21: 4 | J21: 9 | K21: 5185 | L21: 6120 | M21: 5423 | N21: 4665 | O21: {=IFERROR(IF(G21>10,G21/C21*0.8769,""),“”)} -> 0.4165275 | P21: {=IFERROR(IF(H21>10,H21/D21*0.8769,""),“”)} | Q21: {=IFERROR(IF(I21>10,I21/E21*0.8769,""),“”)} | R21: {=IFERROR(IF(J21>10,J21/F21*0.8769,""),“”)} | S21: =IFERROR(IF((G21-I21)>10,(G21-I21)/(C21-E21)*0.8769,""),"") -> 0.43845 | U21: 湖南 | V21: =SUMIFS($K$3:$K$162,$A$3:$A$162,$U21,$B$3:$B$162,V$2)/8760 -> 0.59189498 | W21: =SUMIFS($K$3:$K$162,$A$3:$A$162,$U21,$B$3:$B$162,W$2)/8760 -> 0.63321918 | X21: =SUMIFS($K$3:$K$162,$A$3:$A$162,$U21,$B$3:$B$162,X$2)/8760 -> 0.53207763 | Y21: =SUMIFS($K$3:$K$162,$A$3:$A$162,$U21,$B$3:$B$162,Y$2)/8760 -> 0.52054795 | Z21: =SUMIFS($K$3:$K$162,$A$3:$A$162,$U21,$B$3:$B$162,Z$2)/8760 -> 0.54680365 | AA21: =SUMIFS($M$3:$M$162,$A$3:$A$162,$U21,$B$3:$B$162,V$2)/8760 -> 0.61906393 | AB21: =SUMIFS($M$3:$M$162,$A$3:$A$162,$U21,$B$3:$B$162,W$2)/8760 -> 0.66484018 | AC21: =SUMIFS($M$3:$M$162,$A$3:$A$162,$U21,$B$3:$B$162,X$2)/8760 -> 0.81655251 | AD21: =SUMIFS($M$3:$M$162,$A$3:$A$162,$U21,$B$3:$B$162,Y$2)/8760 -> 0.87305936 | AE21: =SUMIFS($M$3:$M$162,$A$3:$A$162,$U21,$B$3:$B$162,Z$2)/8760 -> 0.87716895
A22: 广东 | B22: 2016 | C22: 82 | D22: 4 | E22: 62 | F22: 16 | G22: 49 | H22: 2 | I22: 35 | J22: 11 | K22: 6101 | L22: 5119 | M22: 5942 | N22: 6943 | O22: {=IFERROR(IF(G22>10,G22/C22*0.8769,""),“”)} -> 0.52400122 | P22: {=IFERROR(IF(H22>10,H22/D22*0.8769,""),“”)} | Q22: {=IFERROR(IF(I22>10,I22/E22*0.8769,""),“”)} -> 0.49502419 | R22: {=IFERROR(IF(J22>10,J22/F22*0.8769,""),“”)} -> 0.60286875 | S22: =IFERROR(IF((G22-I22)>10,(G22-I22)/(C22-E22)*0.8769,""),"") -> 0.61383 | U22: 广东 | V22: =SUMIFS($K$3:$K$162,$A$3:$A$162,$U22,$B$3:$B$162,V$2)/8760 -> 0.69646119 | W22: =SUMIFS($K$3:$K$162,$A$3:$A$162,$U22,$B$3:$B$162,W$2)/8760 -> 0.68984018 | X22: =SUMIFS($K$3:$K$162,$A$3:$A$162,$U22,$B$3:$B$162,X$2)/8760 -> 0.76757991 | Y22: =SUMIFS($K$3:$K$162,$A$3:$A$162,$U22,$B$3:$B$162,Y$2)/8760 -> 0.62146119 | Z22: =SUMIFS($K$3:$K$162,$A$3:$A$162,$U22,$B$3:$B$162,Z$2)/8760 -> 0.68892694 | AA22: =SUMIFS($M$3:$M$162,$A$3:$A$162,$U22,$B$3:$B$162,V$2)/8760 -> 0.6783105 | AB22: =SUMIFS($M$3:$M$162,$A$3:$A$162,$U22,$B$3:$B$162,W$2)/8760 -> 0.66084475 | AC22: =SUMIFS($M$3:$M$162,$A$3:$A$162,$U22,$B$3:$B$162,X$2)/8760 -> 0.76050228 | AD22: =SUMIFS($M$3:$M$162,$A$3:$A$162,$U22,$B$3:$B$162,Y$2)/8760 -> 0.59303653 | AE22: =SUMIFS($M$3:$M$162,$A$3:$A$162,$U22,$B$3:$B$162,Z$2)/8760 -> 0.68687215
A23: 广西 | B23: 2016 | C23: 163 | E23: 8 | F23: 155 | G23: 30 | I23: 3 | J23: 27 | K23: 1807 | M23: 4411 | N23: 1693 | O23: {=IFERROR(IF(G23>10,G23/C23*0.8769,""),“”)} -> 0.16139264 | P23: {=IFERROR(IF(H23>10,H23/D23*0.8769,""),“”)} | Q23: {=IFERROR(IF(I23>10,I23/E23*0.8769,""),“”)} | R23: {=IFERROR(IF(J23>10,J23/F23*0.8769,""),“”)} -> 0.15275032 | S23: =IFERROR(IF((G23-I23)>10,(G23-I23)/(C23-E23)*0.8769,""),"") -> 0.15275032 | U23: 广西 | V23: =SUMIFS($K$3:$K$162,$A$3:$A$162,$U23,$B$3:$B$162,V$2)/8760 -> 0.20627854 | W23: =SUMIFS($K$3:$K$162,$A$3:$A$162,$U23,$B$3:$B$162,W$2)/8760 -> 0.23949772 | X23: =SUMIFS($K$3:$K$162,$A$3:$A$162,$U23,$B$3:$B$162,X$2)/8760 -> 0.27796804 | Y23: =SUMIFS($K$3:$K$162,$A$3:$A$162,$U23,$B$3:$B$162,Y$2)/8760 -> 0.32865297 | Z23: =SUMIFS($K$3:$K$162,$A$3:$A$162,$U23,$B$3:$B$162,Z$2)/8760 -> 0.32591324 | AA23: =SUMIFS($M$3:$M$162,$A$3:$A$162,$U23,$B$3:$B$162,V$2)/8760 -> 0.50353881 | AB23: =SUMIFS($M$3:$M$162,$A$3:$A$162,$U23,$B$3:$B$162,W$2)/8760 -> 0.7 | AC23: =SUMIFS($M$3:$M$162,$A$3:$A$162,$U23,$B$3:$B$162,X$2)/8760 -> 0.75890411 | AD23: =SUMIFS($M$3:$M$162,$A$3:$A$162,$U23,$B$3:$B$162,Y$2)/8760 -> 0.78413242 | AE23: =SUMIFS($M$3:$M$162,$A$3:$A$162,$U23,$B$3:$B$162,Z$2)/8760 -> 0.76312785
A24: 海南 | B24: 2016 | C24: 7 | D24: 0 | E24: 7 | G24: 5 | H24: 0 | I24: 5 | K24: 6785 | M24: 6785 | O24: {=IFERROR(IF(G24>10,G24/C24*0.8769,""),“”)} | P24: {=IFERROR(IF(H24>10,H24/D24*0.8769,""),“”)} | Q24: {=IFERROR(IF(I24>10,I24/E24*0.8769,""),“”)} | R24: {=IFERROR(IF(J24>10,J24/F24*0.8769,""),“”)} | S24: =IFERROR(IF((G24-I24)>10,(G24-I24)/(C24-E24)*0.8769,""),"") | U24: 海南 | V24: =SUMIFS($K$3:$K$162,$A$3:$A$162,$U24,$B$3:$B$162,V$2)/8760 -> 0.77454338 | W24: =SUMIFS($K$3:$K$162,$A$3:$A$162,$U24,$B$3:$B$162,W$2)/8760 -> 0.7760274 | X24: =SUMIFS($K$3:$K$162,$A$3:$A$162,$U24,$B$3:$B$162,X$2)/8760 -> 0.69977169 | Y24: =SUMIFS($K$3:$K$162,$A$3:$A$162,$U24,$B$3:$B$162,Y$2)/8760 -> 0.69109589 | Z24: =SUMIFS($K$3:$K$162,$A$3:$A$162,$U24,$B$3:$B$162,Z$2)/8760 -> 0.63847032 | AA24: =SUMIFS($M$3:$M$162,$A$3:$A$162,$U24,$B$3:$B$162,V$2)/8760 -> 0.77454338 | AB24: =SUMIFS($M$3:$M$162,$A$3:$A$162,$U24,$B$3:$B$162,W$2)/8760 -> 0.7760274 | AC24: =SUMIFS($M$3:$M$162,$A$3:$A$162,$U24,$B$3:$B$162,X$2)/8760 -> 0.76598174 | AD24: =SUMIFS($M$3:$M$162,$A$3:$A$162,$U24,$B$3:$B$162,Y$2)/8760 -> 0.78184932 | AE24: =SUMIFS($M$3:$M$162,$A$3:$A$162,$U24,$B$3:$B$162,Z$2)/8760 -> 0.61061644
A25: 重庆 | B25: 2016 | C25: 15 | D25: 0 | E25: 10 | F25: 4 | G25: 8 | H25: 0 | I25: 6 | J25: 2 | K25: 5966 | M25: 6787 | N25: 4227 | O25: {=IFERROR(IF(G25>10,G25/C25*0.8769,""),“”)} | P25: {=IFERROR(IF(H25>10,H25/D25*0.8769,""),“”)} | Q25: {=IFERROR(IF(I25>10,I25/E25*0.8769,""),“”)} | R25: {=IFERROR(IF(J25>10,J25/F25*0.8769,""),“”)} | S25: =IFERROR(IF((G25-I25)>10,(G25-I25)/(C25-E25)*0.8769,""),"") | U25: 重庆 | V25: =SUMIFS($K$3:$K$162,$A$3:$A$162,$U25,$B$3:$B$162,V$2)/8760 -> 0.68105023 | W25: =SUMIFS($K$3:$K$162,$A$3:$A$162,$U25,$B$3:$B$162,W$2)/8760 -> 0.66666667 | X25: =SUMIFS($K$3:$K$162,$A$3:$A$162,$U25,$B$3:$B$162,X$2)/8760 -> 0.53139269 | Y25: =SUMIFS($K$3:$K$162,$A$3:$A$162,$U25,$B$3:$B$162,Y$2)/8760 -> 0.6553653 | Z25: =SUMIFS($K$3:$K$162,$A$3:$A$162,$U25,$B$3:$B$162,Z$2)/8760 -> 0.73972603 | AA25: =SUMIFS($M$3:$M$162,$A$3:$A$162,$U25,$B$3:$B$162,V$2)/8760 -> 0.77477169 | AB25: =SUMIFS($M$3:$M$162,$A$3:$A$162,$U25,$B$3:$B$162,W$2)/8760 -> 0.8206621 | AC25: =SUMIFS($M$3:$M$162,$A$3:$A$162,$U25,$B$3:$B$162,X$2)/8760 -> 0.67694064 | AD25: =SUMIFS($M$3:$M$162,$A$3:$A$162,$U25,$B$3:$B$162,Y$2)/8760 -> 0.7510274 | AE25: =SUMIFS($M$3:$M$162,$A$3:$A$162,$U25,$B$3:$B$162,Z$2)/8760 -> 0.85228311
A26: 四川 | B26: 2016 | C26: 30 | E26: 27 | F26: 3 | G26: 14 | I26: 12 | J26: 2 | K26: 5063 | M26: 4951 | N26: 6180 | O26: {=IFERROR(IF(G26>10,G26/C26*0.8769,""),“”)} -> 0.40922 | P26: {=IFERROR(IF(H26>10,H26/D26*0.8769,""),“”)} | Q26: {=IFERROR(IF(I26>10,I26/E26*0.8769,""),“”)} -> 0.38973333 | R26: {=IFERROR(IF(J26>10,J26/F26*0.8769,""),“”)} | S26: =IFERROR(IF((G26-I26)>10,(G26-I26)/(C26-E26)*0.8769,""),"") | U26: 四川 | V26: =SUMIFS($K$3:$K$162,$A$3:$A$162,$U26,$B$3:$B$162,V$2)/8760 -> 0.57796804 | W26: =SUMIFS($K$3:$K$162,$A$3:$A$162,$U26,$B$3:$B$162,W$2)/8760 -> 0.62477169 | X26: =SUMIFS($K$3:$K$162,$A$3:$A$162,$U26,$B$3:$B$162,X$2)/8760 -> 0.74452055 | Y26: =SUMIFS($K$3:$K$162,$A$3:$A$162,$U26,$B$3:$B$162,Y$2)/8760 -> 0.79703196 | Z26: =SUMIFS($K$3:$K$162,$A$3:$A$162,$U26,$B$3:$B$162,Z$2)/8760 -> 0.79143836 | AA26: =SUMIFS($M$3:$M$162,$A$3:$A$162,$U26,$B$3:$B$162,V$2)/8760 -> 0.56518265 | AB26: =SUMIFS($M$3:$M$162,$A$3:$A$162,$U26,$B$3:$B$162,W$2)/8760 -> 0.60547945 | AC26: =SUMIFS($M$3:$M$162,$A$3:$A$162,$U26,$B$3:$B$162,X$2)/8760 -> 0.73938356 | AD26: =SUMIFS($M$3:$M$162,$A$3:$A$162,$U26,$B$3:$B$162,Y$2)/8760 -> 0.77751142 | AE26: =SUMIFS($M$3:$M$162,$A$3:$A$162,$U26,$B$3:$B$162,Z$2)/8760 -> 0.78299087
A27: 贵州 | B27: 2016 | C27: 8 | E27: 2 | F27: 6 | G27: 5 | I27: 1 | J27: 3 | K27: 5387 | M27: 5627 | N27: 5291 | O27: {=IFERROR(IF(G27>10,G27/C27*0.8769,""),“”)} | P27: {=IFERROR(IF(H27>10,H27/D27*0.8769,""),“”)} | Q27: {=IFERROR(IF(I27>10,I27/E27*0.8769,""),“”)} | R27: {=IFERROR(IF(J27>10,J27/F27*0.8769,""),“”)} | S27: =IFERROR(IF((G27-I27)>10,(G27-I27)/(C27-E27)*0.8769,""),"") | U27: 贵州 | V27: =SUMIFS($K$3:$K$162,$A$3:$A$162,$U27,$B$3:$B$162,V$2)/8760 -> 0.61495434 | W27: =SUMIFS($K$3:$K$162,$A$3:$A$162,$U27,$B$3:$B$162,W$2)/8760 -> 0.44018265 | X27: =SUMIFS($K$3:$K$162,$A$3:$A$162,$U27,$B$3:$B$162,X$2)/8760 -> 0.49063927 | Y27: =SUMIFS($K$3:$K$162,$A$3:$A$162,$U27,$B$3:$B$162,Y$2)/8760 -> 0.45410959 | Z27: =SUMIFS($K$3:$K$162,$A$3:$A$162,$U27,$B$3:$B$162,Z$2)/8760 -> 0.4347032 | AA27: =SUMIFS($M$3:$M$162,$A$3:$A$162,$U27,$B$3:$B$162,V$2)/8760 -> 0.6423516 | AB27: =SUMIFS($M$3:$M$162,$A$3:$A$162,$U27,$B$3:$B$162,W$2)/8760 -> 0.25251142 | AC27: =SUMIFS($M$3:$M$162,$A$3:$A$162,$U27,$B$3:$B$162,X$2)/8760 -> 0.58299087 | AD27: =SUMIFS($M$3:$M$162,$A$3:$A$162,$U27,$B$3:$B$162,Y$2)/8760 -> 0.70696347 | AE27: =SUMIFS($M$3:$M$162,$A$3:$A$162,$U27,$B$3:$B$162,Z$2)/8760 -> 0.64726027
A28: 云南 | B28: 2016 | C28: 30 | E28: 10 | F28: 20 | G28: 7 | I28: 5 | J28: 2 | K28: 2767 | M28: 5189 | N28: 1044 | O28: {=IFERROR(IF(G28>10,G28/C28*0.8769,""),“”)} | P28: {=IFERROR(IF(H28>10,H28/D28*0.8769,""),“”)} | Q28: {=IFERROR(IF(I28>10,I28/E28*0.8769,""),“”)} | R28: {=IFERROR(IF(J28>10,J28/F28*0.8769,""),“”)} | S28: =IFERROR(IF((G28-I28)>10,(G28-I28)/(C28-E28)*0.8769,""),"") | U28: 云南 | V28: =SUMIFS($K$3:$K$162,$A$3:$A$162,$U28,$B$3:$B$162,V$2)/8760 -> 0.31586758 | W28: =SUMIFS($K$3:$K$162,$A$3:$A$162,$U28,$B$3:$B$162,W$2)/8760 -> 0.331621 | X28: =SUMIFS($K$3:$K$162,$A$3:$A$162,$U28,$B$3:$B$162,X$2)/8760 -> 0.28082192 | Y28: =SUMIFS($K$3:$K$162,$A$3:$A$162,$U28,$B$3:$B$162,Y$2)/8760 -> 0.24543379 | Z28: =SUMIFS($K$3:$K$162,$A$3:$A$162,$U28,$B$3:$B$162,Z$2)/8760 -> 0.39440639 | AA28: =SUMIFS($M$3:$M$162,$A$3:$A$162,$U28,$B$3:$B$162,V$2)/8760 -> 0.5923516 | AB28: =SUMIFS($M$3:$M$162,$A$3:$A$162,$U28,$B$3:$B$162,W$2)/8760 -> 0.59452055 | AC28: =SUMIFS($M$3:$M$162,$A$3:$A$162,$U28,$B$3:$B$162,X$2)/8760 -> 0.45707763 | AD28: =SUMIFS($M$3:$M$162,$A$3:$A$162,$U28,$B$3:$B$162,Y$2)/8760 -> 0.39931507 | AE28: =SUMIFS($M$3:$M$162,$A$3:$A$162,$U28,$B$3:$B$162,Z$2)/8760 -> 0.42077626
A29: 西藏 | B29: 2016 | O29: {=IFERROR(IF(G29>10,G29/C29*0.8769,""),“”)} | P29: {=IFERROR(IF(H29>10,H29/D29*0.8769,""),“”)} | Q29: {=IFERROR(IF(I29>10,I29/E29*0.8769,""),“”)} | R29: {=IFERROR(IF(J29>10,J29/F29*0.8769,""),“”)} | S29: =IFERROR(IF((G29-I29)>10,(G29-I29)/(C29-E29)*0.8769,""),"") | U29: 西藏 | V29: =SUMIFS($K$3:$K$162,$A$3:$A$162,$U29,$B$3:$B$162,V$2)/8760 -> 0 | W29: =SUMIFS($K$3:$K$162,$A$3:$A$162,$U29,$B$3:$B$162,W$2)/8760 -> 0 | X29: =SUMIFS($K$3:$K$162,$A$3:$A$162,$U29,$B$3:$B$162,X$2)/8760 -> 0.49805936 | Y29: =SUMIFS($K$3:$K$162,$A$3:$A$162,$U29,$B$3:$B$162,Y$2)/8760 -> 0.60182648 | Z29: =SUMIFS($K$3:$K$162,$A$3:$A$162,$U29,$B$3:$B$162,Z$2)/8760 -> 0.41598174 | AA29: =SUMIFS($M$3:$M$162,$A$3:$A$162,$U29,$B$3:$B$162,V$2)/8760 -> 0 | AB29: =SUMIFS($M$3:$M$162,$A$3:$A$162,$U29,$B$3:$B$162,W$2)/8760 -> 0 | AC29: =SUMIFS($M$3:$M$162,$A$3:$A$162,$U29,$B$3:$B$162,X$2)/8760 -> 0.49805936 | AD29: =SUMIFS($M$3:$M$162,$A$3:$A$162,$U29,$B$3:$B$162,Y$2)/8760 -> 0.60182648 | AE29: =SUMIFS($M$3:$M$162,$A$3:$A$162,$U29,$B$3:$B$162,Z$2)/8760 -> 0.41598174
A30: 陕西 | B30: 2016 | C30: 2 | E30: 2 | G30: 1 | I30: 1 | K30: 2321 | M30: 2321 | O30: {=IFERROR(IF(G30>10,G30/C30*0.8769,""),“”)} | P30: {=IFERROR(IF(H30>10,H30/D30*0.8769,""),“”)} | Q30: {=IFERROR(IF(I30>10,I30/E30*0.8769,""),“”)} | R30: {=IFERROR(IF(J30>10,J30/F30*0.8769,""),“”)} | S30: =IFERROR(IF((G30-I30)>10,(G30-I30)/(C30-E30)*0.8769,""),"") | U30: 陕西 | V30: =SUMIFS($K$3:$K$162,$A$3:$A$162,$U30,$B$3:$B$162,V$2)/8760 -> 0.26495434 | W30: =SUMIFS($K$3:$K$162,$A$3:$A$162,$U30,$B$3:$B$162,W$2)/8760 -> 0.46210046 | X30: =SUMIFS($K$3:$K$162,$A$3:$A$162,$U30,$B$3:$B$162,X$2)/8760 -> 0.27671233 | Y30: =SUMIFS($K$3:$K$162,$A$3:$A$162,$U30,$B$3:$B$162,Y$2)/8760 -> 0 | Z30: =SUMIFS($K$3:$K$162,$A$3:$A$162,$U30,$B$3:$B$162,Z$2)/8760 -> 0.50742009 | AA30: =SUMIFS($M$3:$M$162,$A$3:$A$162,$U30,$B$3:$B$162,V$2)/8760 -> 0.26495434 | AB30: =SUMIFS($M$3:$M$162,$A$3:$A$162,$U30,$B$3:$B$162,W$2)/8760 -> 0.064726027 | AC30: =SUMIFS($M$3:$M$162,$A$3:$A$162,$U30,$B$3:$B$162,X$2)/8760 -> 0.27671233 | AD30: =SUMIFS($M$3:$M$162,$A$3:$A$162,$U30,$B$3:$B$162,Y$2)/8760 -> 0 | AE30: =SUMIFS($M$3:$M$162,$A$3:$A$162,$U30,$B$3:$B$162,Z$2)/8760 -> 0.62636986
A31: 甘肃 | B31: 2016 | C31: 8 | E31: 5 | F31: 3 | G31: 2 | I31: 1 | J31: 1 | K31: 4682 | M31: 5825 | N31: 4352 | O31: {=IFERROR(IF(G31>10,G31/C31*0.8769,""),“”)} | P31: {=IFERROR(IF(H31>10,H31/D31*0.8769,""),“”)} | Q31: {=IFERROR(IF(I31>10,I31/E31*0.8769,""),“”)} | R31: {=IFERROR(IF(J31>10,J31/F31*0.8769,""),“”)} | S31: =IFERROR(IF((G31-I31)>10,(G31-I31)/(C31-E31)*0.8769,""),"") | U31: 甘肃 | V31: =SUMIFS($K$3:$K$162,$A$3:$A$162,$U31,$B$3:$B$162,V$2)/8760 -> 0.53447489 | W31: =SUMIFS($K$3:$K$162,$A$3:$A$162,$U31,$B$3:$B$162,W$2)/8760 -> 0.63219178 | X31: =SUMIFS($K$3:$K$162,$A$3:$A$162,$U31,$B$3:$B$162,X$2)/8760 -> 0.56940639 | Y31: =SUMIFS($K$3:$K$162,$A$3:$A$162,$U31,$B$3:$B$162,Y$2)/8760 -> 0.67134703 | Z31: =SUMIFS($K$3:$K$162,$A$3:$A$162,$U31,$B$3:$B$162,Z$2)/8760 -> 0.65936073 | AA31: =SUMIFS($M$3:$M$162,$A$3:$A$162,$U31,$B$3:$B$162,V$2)/8760 -> 0.66495434 | AB31: =SUMIFS($M$3:$M$162,$A$3:$A$162,$U31,$B$3:$B$162,W$2)/8760 -> 0.61952055 | AC31: =SUMIFS($M$3:$M$162,$A$3:$A$162,$U31,$B$3:$B$162,X$2)/8760 -> 0.68618721 | AD31: =SUMIFS($M$3:$M$162,$A$3:$A$162,$U31,$B$3:$B$162,Y$2)/8760 -> 0.80547945 | AE31: =SUMIFS($M$3:$M$162,$A$3:$A$162,$U31,$B$3:$B$162,Z$2)/8760 -> 0.78207763
A32: 青海 | B32: 2016 | O32: {=IFERROR(IF(G32>10,G32/C32*0.8769,""),“”)} | P32: {=IFERROR(IF(H32>10,H32/D32*0.8769,""),“”)} | Q32: {=IFERROR(IF(I32>10,I32/E32*0.8769,""),“”)} | R32: {=IFERROR(IF(J32>10,J32/F32*0.8769,""),“”)} | S32: =IFERROR(IF((G32-I32)>10,(G32-I32)/(C32-E32)*0.8769,""),"") | U32: 青海 | V32: =SUMIFS($K$3:$K$162,$A$3:$A$162,$U32,$B$3:$B$162,V$2)/8760 -> 0 | W32: =SUMIFS($K$3:$K$162,$A$3:$A$162,$U32,$B$3:$B$162,W$2)/8760 -> 0 | X32: =SUMIFS($K$3:$K$162,$A$3:$A$162,$U32,$B$3:$B$162,X$2)/8760 -> 0 | Y32: =SUMIFS($K$3:$K$162,$A$3:$A$162,$U32,$B$3:$B$162,Y$2)/8760 -> 0 | Z32: =SUMIFS($K$3:$K$162,$A$3:$A$162,$U32,$B$3:$B$162,Z$2)/8760 -> 0 | AA32: =SUMIFS($M$3:$M$162,$A$3:$A$162,$U32,$B$3:$B$162,V$2)/8760 -> 0 | AB32: =SUMIFS($M$3:$M$162,$A$3:$A$162,$U32,$B$3:$B$162,W$2)/8760 -> 0 | AC32: =SUMIFS($M$3:$M$162,$A$3:$A$162,$U32,$B$3:$B$162,X$2)/8760 -> 0 | AD32: =SUMIFS($M$3:$M$162,$A$3:$A$162,$U32,$B$3:$B$162,Y$2)/8760 -> 0 | AE32: =SUMIFS($M$3:$M$162,$A$3:$A$162,$U32,$B$3:$B$162,Z$2)/8760 -> 0
A33: 宁夏 | B33: 2016 | C33: 7 | E33: 2 | F33: 5 | G33: 3 | I33: 2 | J33: 1 | K33: 4265 | M33: 6275 | N33: 3214 | O33: {=IFERROR(IF(G33>10,G33/C33*0.8769,""),“”)} | P33: {=IFERROR(IF(H33>10,H33/D33*0.8769,""),“”)} | Q33: {=IFERROR(IF(I33>10,I33/E33*0.8769,""),“”)} | R33: {=IFERROR(IF(J33>10,J33/F33*0.8769,""),“”)} | S33: =IFERROR(IF((G33-I33)>10,(G33-I33)/(C33-E33)*0.8769,""),"") | U33: 宁夏 | V33: =SUMIFS($K$3:$K$162,$A$3:$A$162,$U33,$B$3:$B$162,V$2)/8760 -> 0.48687215 | W33: =SUMIFS($K$3:$K$162,$A$3:$A$162,$U33,$B$3:$B$162,W$2)/8760 -> 0.33493151 | X33: =SUMIFS($K$3:$K$162,$A$3:$A$162,$U33,$B$3:$B$162,X$2)/8760 -> 0.25273973 | Y33: =SUMIFS($K$3:$K$162,$A$3:$A$162,$U33,$B$3:$B$162,Y$2)/8760 -> 0.27157534 | Z33: =SUMIFS($K$3:$K$162,$A$3:$A$162,$U33,$B$3:$B$162,Z$2)/8760 -> 0.28344749 | AA33: =SUMIFS($M$3:$M$162,$A$3:$A$162,$U33,$B$3:$B$162,V$2)/8760 -> 0.7163242 | AB33: =SUMIFS($M$3:$M$162,$A$3:$A$162,$U33,$B$3:$B$162,W$2)/8760 -> 0.70947489 | AC33: =SUMIFS($M$3:$M$162,$A$3:$A$162,$U33,$B$3:$B$162,X$2)/8760 -> 0.54611872 | AD33: =SUMIFS($M$3:$M$162,$A$3:$A$162,$U33,$B$3:$B$162,Y$2)/8760 -> 0.56678082 | AE33: =SUMIFS($M$3:$M$162,$A$3:$A$162,$U33,$B$3:$B$162,Z$2)/8760 -> 0.65936073
A34: 新疆 | B34: 2016 | C34: 3 | F34: 3 | G34: 2 | J34: 2 | K34: 6846 | N34: 6846 | O34: {=IFERROR(IF(G34>10,G34/C34*0.8769,""),“”)} | P34: {=IFERROR(IF(H34>10,H34/D34*0.8769,""),“”)} | Q34: {=IFERROR(IF(I34>10,I34/E34*0.8769,""),“”)} | R34: {=IFERROR(IF(J34>10,J34/F34*0.8769,""),“”)} | S34: =IFERROR(IF((G34-I34)>10,(G34-I34)/(C34-E34)*0.8769,""),"") | U34: 新疆 | V34: =SUMIFS($K$3:$K$162,$A$3:$A$162,$U34,$B$3:$B$162,V$2)/8760 -> 0.78150685 | W34: =SUMIFS($K$3:$K$162,$A$3:$A$162,$U34,$B$3:$B$162,W$2)/8760 -> 0.79486301 | X34: =SUMIFS($K$3:$K$162,$A$3:$A$162,$U34,$B$3:$B$162,X$2)/8760 -> 0.80684932 | Y34: =SUMIFS($K$3:$K$162,$A$3:$A$162,$U34,$B$3:$B$162,Y$2)/8760 -> 0.68824201 | Z34: =SUMIFS($K$3:$K$162,$A$3:$A$162,$U34,$B$3:$B$162,Z$2)/8760 -> 0.56118721 | AA34: =SUMIFS($M$3:$M$162,$A$3:$A$162,$U34,$B$3:$B$162,V$2)/8760 -> 0 | AB34: =SUMIFS($M$3:$M$162,$A$3:$A$162,$U34,$B$3:$B$162,W$2)/8760 -> 0 | AC34: =SUMIFS($M$3:$M$162,$A$3:$A$162,$U34,$B$3:$B$162,X$2)/8760 -> 0 | AD34: =SUMIFS($M$3:$M$162,$A$3:$A$162,$U34,$B$3:$B$162,Y$2)/8760 -> 0.44360731 | AE34: =SUMIFS($M$3:$M$162,$A$3:$A$162,$U34,$B$3:$B$162,Z$2)/8760 -> 0.43356164
A35: 全国 | B35: 2017 | C35: 1651 | D35: 47 | E35: 731 | F35: 872 | G35: 813 | H35: 18 | I35: 380 | J35: 415 | K35: 5315 | L35: 5023 | M35: 5680 | N35: 5027 | O35: {=IFERROR(IF(G35>10,G35/C35*0.8769,""),“”)} -> 0.43181084 | P35: {=IFERROR(IF(H35>10,H35/D35*0.8769,""),“”)} -> 0.33583404 | Q35: {=IFERROR(IF(I35>10,I35/E35*0.8769,""),“”)} -> 0.45584405 | R35: {=IFERROR(IF(J35>10,J35/F35*0.8769,""),“”)} -> 0.417332 | S35: =IFERROR(IF((G35-I35)>10,(G35-I35)/(C35-E35)*0.8769,""),"") -> 0.41271489
A36: 北京 | B36: 2017 | C36: 21 | D36: 1 | E36: 20 | G36: 13 | H36: 1 | I36: 12 | K36: 6289 | L36: 7258 | M36: 6239 | O36: {=IFERROR(IF(G36>10,G36/C36*0.8769,""),“”)} -> 0.54284286 | P36: {=IFERROR(IF(H36>10,H36/D36*0.8769,""),“”)} | Q36: {=IFERROR(IF(I36>10,I36/E36*0.8769,""),“”)} -> 0.52614 | R36: {=IFERROR(IF(J36>10,J36/F36*0.8769,""),“”)} | S36: =IFERROR(IF((G36-I36)>10,(G36-I36)/(C36-E36)*0.8769,""),"")
A37: 天津 | B37: 2017 | C37: 10 | E37: 10 | G37: 5 | I37: 5 | K37: 5108 | M37: 5108 | O37: {=IFERROR(IF(G37>10,G37/C37*0.8769,""),“”)} | P37: {=IFERROR(IF(H37>10,H37/D37*0.8769,""),“”)} | Q37: {=IFERROR(IF(I37>10,I37/E37*0.8769,""),“”)} | R37: {=IFERROR(IF(J37>10,J37/F37*0.8769,""),“”)} | S37: =IFERROR(IF((G37-I37)>10,(G37-I37)/(C37-E37)*0.8769,""),"")
A38: 河北 | B38: 2017 | C38: 69 | D38: 1 | E38: 24 | F38: 44 | G38: 34 | H38: 0.2 | I38: 10 | J38: 23 | K38: 5301 | M38: 4595 | N38: 5665 | O38: {=IFERROR(IF(G38>10,G38/C38*0.8769,""),“”)} -> 0.43209565 | P38: {=IFERROR(IF(H38>10,H38/D38*0.8769,""),“”)} | Q38: {=IFERROR(IF(I38>10,I38/E38*0.8769,""),“”)} | R38: {=IFERROR(IF(J38>10,J38/F38*0.8769,""),“”)} -> 0.45837955 | S38: =IFERROR(IF((G38-I38)>10,(G38-I38)/(C38-E38)*0.8769,""),"") -> 0.46768
A39: 山西 | B39: 2017 | C39: 49 | D39: 9 | E39: 11 | F39: 30 | G39: 25 | H39: 2 | I39: 6 | J39: 17 | K39: 5642 | M39: 5095 | N39: 5843 | O39: {=IFERROR(IF(G39>10,G39/C39*0.8769,""),“”)} -> 0.44739796 | P39: {=IFERROR(IF(H39>10,H39/D39*0.8769,""),“”)} | Q39: {=IFERROR(IF(I39>10,I39/E39*0.8769,""),“”)} | R39: {=IFERROR(IF(J39>10,J39/F39*0.8769,""),“”)} -> 0.49691 | S39: =IFERROR(IF((G39-I39)>10,(G39-I39)/(C39-E39)*0.8769,""),"") -> 0.43845
A40: 内蒙古 | B40: 2017 | C40: 16 | E40: 4 | F40: 12 | G40: 7 | H40: 0.05 | I40: 1 | J40: 7 | K40: 4672 | M40: 2040 | N40: 5455 | O40: {=IFERROR(IF(G40>10,G40/C40*0.8769,""),“”)} | P40: {=IFERROR(IF(H40>10,H40/D40*0.8769,""),“”)} | Q40: {=IFERROR(IF(I40>10,I40/E40*0.8769,""),“”)} | R40: {=IFERROR(IF(J40>10,J40/F40*0.8769,""),“”)} | S40: =IFERROR(IF((G40-I40)>10,(G40-I40)/(C40-E40)*0.8769,""),"")
A41: 辽宁 | B41: 2017 | C41: 15 | E41: 8 | F41: 7 | G41: 8 | I41: 3 | J41: 4 | K41: 6282 | M41: 6264 | N41: 6297 | O41: {=IFERROR(IF(G41>10,G41/C41*0.8769,""),“”)} | P41: {=IFERROR(IF(H41>10,H41/D41*0.8769,""),“”)} | Q41: {=IFERROR(IF(I41>10,I41/E41*0.8769,""),“”)} | R41: {=IFERROR(IF(J41>10,J41/F41*0.8769,""),“”)} | S41: =IFERROR(IF((G41-I41)>10,(G41-I41)/(C41-E41)*0.8769,""),"")
A42: 吉林 | B42: 2017 | C42: 54 | D42: 0.3 | E42: 13 | F42: 40 | G42: 28 | H42: 0. 04 | I42: 5 | J42: 23 | K42: 5340 | M42: 4402 | N42: 5622 | O42: {=IFERROR(IF(G42>10,G42/C42*0.8769,""),“”)} -> 0.45468889 | P42: {=IFERROR(IF(H42>10,H42/D42*0.8769,""),“”)} -> #NAME? | Q42: {=IFERROR(IF(I42>10,I42/E42*0.8769,""),“”)} | R42: {=IFERROR(IF(J42>10,J42/F42*0.8769,""),“”)} -> 0.5042175 | S42: =IFERROR(IF((G42-I42)>10,(G42-I42)/(C42-E42)*0.8769,""),"") -> 0.49191951
A43: 黑龙江 | B43: 2017 | C43: 90 | D43: 0.4 | E43: 8 | F43: 82 | G43: 47 | H43: 0.07 | I43: 3 | J43: 44 | K43: 5425 | M43: 4016 | N43: 5546 | O43: {=IFERROR(IF(G43>10,G43/C43*0.8769,""),“”)} -> 0.45793667 | P43: {=IFERROR(IF(H43>10,H43/D43*0.8769,""),“”)} | Q43: {=IFERROR(IF(I43>10,I43/E43*0.8769,""),“”)} | R43: {=IFERROR(IF(J43>10,J43/F43*0.8769,""),“”)} -> 0.47053171 | S43: =IFERROR(IF((G43-I43)>10,(G43-I43)/(C43-E43)*0.8769,""),"") -> 0.47053171
A44: 上海 | B44: 2017 | C44: 28 | D44: 2 | E44: 26 | G44: 19 | H44: 1 | I44: 18 | K44: 7258 | L44: 6278 | M44: 7319 | O44: {=IFERROR(IF(G44>10,G44/C44*0.8769,""),“”)} -> 0.59503929 | P44: {=IFERROR(IF(H44>10,H44/D44*0.8769,""),“”)} | Q44: {=IFERROR(IF(I44>10,I44/E44*0.8769,""),“”)} -> 0.60708462 | R44: {=IFERROR(IF(J44>10,J44/F44*0.8769,""),“”)} | S44: =IFERROR(IF((G44-I44)>10,(G44-I44)/(C44-E44)*0.8769,""),"")
A45: 江苏 | B45: 2017 | C45: 145 | D45: 4 | E45: 91 | F45: 50 | G45: 90 | H45: 1 | I45: 57 | J45: 33 | K45: 6699 | L45: 4709 | M45: 6571 | N45: 6974 | O45: {=IFERROR(IF(G45>10,G45/C45*0.8769,""),“”)} -> 0.54428276 | P45: {=IFERROR(IF(H45>10,H45/D45*0.8769,""),“”)} | Q45: {=IFERROR(IF(I45>10,I45/E45*0.8769,""),“”)} -> 0.54926703 | R45: {=IFERROR(IF(J45>10,J45/F45*0.8769,""),“”)} -> 0.578754 | S45: =IFERROR(IF((G45-I45)>10,(G45-I45)/(C45-E45)*0.8769,""),"") -> 0.53588333
A46: 浙江 | B46: 2017 | C46: 158 | D46: 4 | E46: 133 | F46: 21 | G46: 82 | H46: 2 | I46: 69 | J46: 12 | K46: 5676 | L46: 6951 | M46: 5684 | N46: 5569 | O46: {=IFERROR(IF(G46>10,G46/C46*0.8769,""),“”)} -> 0.4551 | P46: {=IFERROR(IF(H46>10,H46/D46*0.8769,""),“”)} | Q46: {=IFERROR(IF(I46>10,I46/E46*0.8769,""),“”)} -> 0.45493308 | R46: {=IFERROR(IF(J46>10,J46/F46*0.8769,""),“”)} -> 0.50108571 | S46: =IFERROR(IF((G46-I46)>10,(G46-I46)/(C46-E46)*0.8769,""),"") -> 0.455988
A47: 安徽 | B47: 2017 | C47: 119 | D47: 1 | E47: 43 | F47: 75 | G47: 69 | H47: 1 | I47: 20 | J47: 49 | K47: 6391 | M47: 5570 | N47: 6784 | O47: {=IFERROR(IF(G47>10,G47/C47*0.8769,""),“”)} -> 0.50845462 | P47: {=IFERROR(IF(H47>10,H47/D47*0.8769,""),“”)} | Q47: {=IFERROR(IF(I47>10,I47/E47*0.8769,""),“”)} -> 0.40786047 | R47: {=IFERROR(IF(J47>10,J47/F47*0.8769,""),“”)} -> 0.572908 | S47: =IFERROR(IF((G47-I47)>10,(G47-I47)/(C47-E47)*0.8769,""),"") -> 0.56536974
A48: 福建 | B48: 2017 | C48: 45 | D48: 0.4 | E48: 39 | F48: 5 | G48: 24 | H48: 0.2 | I48: 21 | J48: 3 | K48: 6134 | M48: 6227 | N48: 5546 | O48: {=IFERROR(IF(G48>10,G48/C48*0.8769,""),“”)} -> 0.46768 | P48: {=IFERROR(IF(H48>10,H48/D48*0.8769,""),“”)} | Q48: {=IFERROR(IF(I48>10,I48/E48*0.8769,""),“”)} -> 0.47217692 | R48: {=IFERROR(IF(J48>10,J48/F48*0.8769,""),“”)} | S48: =IFERROR(IF((G48-I48)>10,(G48-I48)/(C48-E48)*0.8769,""),"")
A49: 江西 | B49: 2017 | C49: 29 | D49: 1 | E49: 9 | F49: 20 | G49: 17 | H49: 0.2 | I49: 3 | J49: 14 | K49: 6112 | M49: 4062 | N49: 6847 | O49: {=IFERROR(IF(G49>10,G49/C49*0.8769,""),“”)} -> 0.51404483 | P49: {=IFERROR(IF(H49>10,H49/D49*0.8769,""),“”)} | Q49: {=IFERROR(IF(I49>10,I49/E49*0.8769,""),“”)} | R49: {=IFERROR(IF(J49>10,J49/F49*0.8769,""),“”)} -> 0.61383 | S49: =IFERROR(IF((G49-I49)>10,(G49-I49)/(C49-E49)*0.8769,""),"") -> 0.61383
A50: 山东 | B50: 2017 | C50: 216 | D50: 5 | E50: 80 | F50: 131 | G50: 107 | H50: 1 | I50: 35 | J50: 71 | K50: 5433 | L50: 4024 | M50: 5061 | N50: 5658 | O50: {=IFERROR(IF(G50>10,G50/C50*0.8769,""),“”)} -> 0.43439028 | P50: {=IFERROR(IF(H50>10,H50/D50*0.8769,""),“”)} | Q50: {=IFERROR(IF(I50>10,I50/E50*0.8769,""),“”)} -> 0.38364375 | R50: {=IFERROR(IF(J50>10,J50/F50*0.8769,""),“”)} -> 0.47526641 | S50: =IFERROR(IF((G50-I50)>10,(G50-I50)/(C50-E50)*0.8769,""),"") -> 0.46424118
A51: 河南 | B51: 2017 | C51: 53 | D51: 4 | E51: 6 | F51: 43 | G51: 24 | H51: 0.2 | I51: 3 | J51: 20 | K51: 4550 | L51: 802 | M51: 5021 | N51: 4751 | O51: {=IFERROR(IF(G51>10,G51/C51*0.8769,""),“”)} -> 0.39708679 | P51: {=IFERROR(IF(H51>10,H51/D51*0.8769,""),“”)} | Q51: {=IFERROR(IF(I51>10,I51/E51*0.8769,""),“”)} | R51: {=IFERROR(IF(J51>10,J51/F51*0.8769,""),“”)} -> 0.40786047 | S51: =IFERROR(IF((G51-I51)>10,(G51-I51)/(C51-E51)*0.8769,""),"") -> 0.39180638
A52: 湖北 | B52: 2017 | C52: 73 | D52: 1 | E52: 24 | F52: 48 | G52: 37 | H52: 0.3 | I52: 13 | J52: 24 | K52: 5377 | M52: 5869 | N52: 5143 | O52: {=IFERROR(IF(G52>10,G52/C52*0.8769,""),“”)} -> 0.44445616 | P52: {=IFERROR(IF(H52>10,H52/D52*0.8769,""),“”)} | Q52: {=IFERROR(IF(I52>10,I52/E52*0.8769,""),“”)} -> 0.4749875 | R52: {=IFERROR(IF(J52>10,J52/F52*0.8769,""),“”)} -> 0.43845 | S52: =IFERROR(IF((G52-I52)>10,(G52-I52)/(C52-E52)*0.8769,""),"") -> 0.42950204
A53: 湖南 | B53: 2017 | C53: 47 | D53: 1 | E53: 9 | F53: 36 | G53: 22 | H53: 1 | I53: 5 | J53: 16 | K53: 5547 | L53: 6671 | M53: 5824 | N53: 5418 | O53: {=IFERROR(IF(G53>10,G53/C53*0.8769,""),“”)} -> 0.41046383 | P53: {=IFERROR(IF(H53>10,H53/D53*0.8769,""),“”)} | Q53: {=IFERROR(IF(I53>10,I53/E53*0.8769,""),“”)} | R53: {=IFERROR(IF(J53>10,J53/F53*0.8769,""),“”)} -> 0.38973333 | S53: =IFERROR(IF((G53-I53)>10,(G53-I53)/(C53-E53)*0.8769,""),"") -> 0.39229737
A54: 广东 | B54: 2017 | C54: 106 | D54: 7 | E54: 77 | F54: 22 | G54: 61 | H54: 5 | I54: 42 | J54: 15 | K54: 6043 | L54: 6647 | M54: 5789 | N54: 6805 | O54: {=IFERROR(IF(G54>10,G54/C54*0.8769,""),“”)} -> 0.50463113 | P54: {=IFERROR(IF(H54>10,H54/D54*0.8769,""),“”)} | Q54: {=IFERROR(IF(I54>10,I54/E54*0.8769,""),“”)} -> 0.47830909 | R54: {=IFERROR(IF(J54>10,J54/F54*0.8769,""),“”)} -> 0.59788636 | S54: =IFERROR(IF((G54-I54)>10,(G54-I54)/(C54-E54)*0.8769,""),"") -> 0.57452069
A55: 广西 | B55: 2017 | C55: 166 | D55: 2 | E55: 9 | F55: 155 | G55: 33 | H55: 1 | I55: 5 | J55: 27 | K55: 2098 | M55: 6132 | N55: 1853 | O55: {=IFERROR(IF(G55>10,G55/C55*0.8769,""),“”)} -> 0.17432349 | P55: {=IFERROR(IF(H55>10,H55/D55*0.8769,""),“”)} | Q55: {=IFERROR(IF(I55>10,I55/E55*0.8769,""),“”)} | R55: {=IFERROR(IF(J55>10,J55/F55*0.8769,""),“”)} -> 0.15275032 | S55: =IFERROR(IF((G55-I55)>10,(G55-I55)/(C55-E55)*0.8769,""),"") -> 0.15638981
A56: 海南 | B56: 2017 | C56: 8 | D56: 0.3 | E56: 8 | G56: 5 | H56: 0.2 | I56: 5 | K56: 6798 | M56: 6798 | O56: {=IFERROR(IF(G56>10,G56/C56*0.8769,""),“”)} | P56: {=IFERROR(IF(H56>10,H56/D56*0.8769,""),“”)} | Q56: {=IFERROR(IF(I56>10,I56/E56*0.8769,""),“”)} | R56: {=IFERROR(IF(J56>10,J56/F56*0.8769,""),“”)} | S56: =IFERROR(IF((G56-I56)>10,(G56-I56)/(C56-E56)*0.8769,""),"")
A57: 重庆 | B57: 2017 | C57: 18 | D57: 1 | E57: 10 | F57: 7 | G57: 10 | H57: 1 | I57: 7 | J57: 2 | K57: 5840 | M57: 7189 | N57: 3496 | O57: {=IFERROR(IF(G57>10,G57/C57*0.8769,""),“”)} | P57: {=IFERROR(IF(H57>10,H57/D57*0.8769,""),“”)} | Q57: {=IFERROR(IF(I57>10,I57/E57*0.8769,""),“”)} | R57: {=IFERROR(IF(J57>10,J57/F57*0.8769,""),“”)} | S57: =IFERROR(IF((G57-I57)>10,(G57-I57)/(C57-E57)*0.8769,""),"")
A58: 四川 | B58: 2017 | C58: 44 | D58: 2 | E58: 39 | F58: 3 | G58: 21 | H58: 1 | I58: 18 | J58: 2 | K58: 5473 | L58: 7197 | M58: 5304 | N58: 7035 | O58: {=IFERROR(IF(G58>10,G58/C58*0.8769,""),“”)} -> 0.41852045 | P58: {=IFERROR(IF(H58>10,H58/D58*0.8769,""),“”)} | Q58: {=IFERROR(IF(I58>10,I58/E58*0.8769,""),“”)} -> 0.40472308 | R58: {=IFERROR(IF(J58>10,J58/F58*0.8769,""),“”)} | S58: =IFERROR(IF((G58-I58)>10,(G58-I58)/(C58-E58)*0.8769,""),"")
A59: 贵州 | B59: 2017 | C59: 15 | E59: 9 | F59: 6 | G59: 6 | I59: 2 | J59: 4 | K59: 3856 | M59: 2212 | N59: 6186 | O59: {=IFERROR(IF(G59>10,G59/C59*0.8769,""),“”)} | P59: {=IFERROR(IF(H59>10,H59/D59*0.8769,""),“”)} | Q59: {=IFERROR(IF(I59>10,I59/E59*0.8769,""),“”)} | R59: {=IFERROR(IF(J59>10,J59/F59*0.8769,""),“”)} | S59: =IFERROR(IF((G59-I59)>10,(G59-I59)/(C59-E59)*0.8769,""),"")
A60: 云南 | B60: 2017 | C60: 32 | E60: 12 | F60: 20 | G60: 8 | I60: 6 | J60: 2 | K60: 2905 | M60: 5208 | N60: 960 | O60: {=IFERROR(IF(G60>10,G60/C60*0.8769,""),“”)} | P60: {=IFERROR(IF(H60>10,H60/D60*0.8769,""),“”)} | Q60: {=IFERROR(IF(I60>10,I60/E60*0.8769,""),“”)} | R60: {=IFERROR(IF(J60>10,J60/F60*0.8769,""),“”)} | S60: =IFERROR(IF((G60-I60)>10,(G60-I60)/(C60-E60)*0.8769,""),"")
A61: 西藏 | B61: 2017 | O61: {=IFERROR(IF(G61>10,G61/C61*0.8769,""),“”)} | P61: {=IFERROR(IF(H61>10,H61/D61*0.8769,""),“”)} | Q61: {=IFERROR(IF(I61>10,I61/E61*0.8769,""),“”)} | R61: {=IFERROR(IF(J61>10,J61/F61*0.8769,""),“”)} | S61: =IFERROR(IF((G61-I61)>10,(G61-I61)/(C61-E61)*0.8769,""),"")
A62: 陕西 | B62: 2017 | C62: 6 | E62: 3 | F62: 3 | G62: 2 | I62: 1 | J62: 1 | K62: 4048 | M62: 567 | N62: 5820 | O62: {=IFERROR(IF(G62>10,G62/C62*0.8769,""),“”)} | P62: {=IFERROR(IF(H62>10,H62/D62*0.8769,""),“”)} | Q62: {=IFERROR(IF(I62>10,I62/E62*0.8769,""),“”)} | R62: {=IFERROR(IF(J62>10,J62/F62*0.8769,""),“”)} | S62: =IFERROR(IF((G62-I62)>10,(G62-I62)/(C62-E62)*0.8769,""),"")
A63: 甘肃 | B63: 2017 | C63: 9 | E63: 6 | F63: 3 | G63: 5 | I63: 3 | J63: 2 | K63: 5538 | M63: 5427 | N63: 5738 | O63: {=IFERROR(IF(G63>10,G63/C63*0.8769,""),“”)} | P63: {=IFERROR(IF(H63>10,H63/D63*0.8769,""),“”)} | Q63: {=IFERROR(IF(I63>10,I63/E63*0.8769,""),“”)} | R63: {=IFERROR(IF(J63>10,J63/F63*0.8769,""),“”)} | S63: =IFERROR(IF((G63-I63)>10,(G63-I63)/(C63-E63)*0.8769,""),"")
A64: 青海 | B64: 2017 | C64: 0.4 | E64: 0.4 | G64: 0.2 | I64: 0.2 | O64: {=IFERROR(IF(G64>10,G64/C64*0.8769,""),“”)} | P64: {=IFERROR(IF(H64>10,H64/D64*0.8769,""),“”)} | Q64: {=IFERROR(IF(I64>10,I64/E64*0.8769,""),“”)} | R64: {=IFERROR(IF(J64>10,J64/F64*0.8769,""),“”)} | S64: =IFERROR(IF((G64-I64)>10,(G64-I64)/(C64-E64)*0.8769,""),"")
A65: 宁夏 | B65: 2017 | C65: 8 | E65: 2 | F65: 6 | G65: 2 | I65: 1 | J65: 1 | K65: 2934 | M65: 6215 | N65: 1458 | O65: {=IFERROR(IF(G65>10,G65/C65*0.8769,""),“”)} | P65: {=IFERROR(IF(H65>10,H65/D65*0.8769,""),“”)} | Q65: {=IFERROR(IF(I65>10,I65/E65*0.8769,""),“”)} | R65: {=IFERROR(IF(J65>10,J65/F65*0.8769,""),“”)} | S65: =IFERROR(IF((G65-I65)>10,(G65-I65)/(C65-E65)*0.8769,""),"")
A66: 新疆 | B66: 2017 | C66: 3 | D66: 0.2 | F66: 2 | G66: 2 | H66: 0 | J66: 2 | K66: 6963 | L66: 6342 | N66: 7016 | O66: {=IFERROR(IF(G66>10,G66/C66*0.8769,""),“”)} | P66: {=IFERROR(IF(H66>10,H66/D66*0.8769,""),“”)} | Q66: {=IFERROR(IF(I66>10,I66/E66*0.8769,""),“”)} | R66: {=IFERROR(IF(J66>10,J66/F66*0.8769,""),“”)} | S66: =IFERROR(IF((G66-I66)>10,(G66-I66)/(C66-E66)*0.8769,""),"")
A67: 全国 | B67: 2018 | C67: 1947 | D67: 58 | E67: 898 | F67: 991 | G67: 936 | H67: 22 | I67: 485 | J67: 429 | K67: 5165 | L67: 5079 | M67: 5877 | N67: 4546 | O67: {=IFERROR(IF(G67>10,G67/C67*0.8769,""),“”)} -> 0.42156055 | P67: {=IFERROR(IF(H67>10,H67/D67*0.8769,""),“”)} -> 0.33261724 | Q67: {=IFERROR(IF(I67>10,I67/E67*0.8769,""),“”)} -> 0.47360412 | R67: {=IFERROR(IF(J67>10,J67/F67*0.8769,""),“”)} -> 0.37960656 | S67: =IFERROR(IF((G67-I67)>10,(G67-I67)/(C67-E67)*0.8769,""),"") -> 0.37700848
A68: 北京 | B68: 2018 | C68: 27 | E68: 27 | G68: 15 | I68: 15 | K68: 6754 | M68: 6754 | O68: {=IFERROR(IF(G68>10,G68/C68*0.8769,""),“”)} -> 0.48716667 | P68: {=IFERROR(IF(H68>10,H68/D68*0.8769,""),“”)} | Q68: {=IFERROR(IF(I68>10,I68/E68*0.8769,""),“”)} -> 0.48716667 | R68: {=IFERROR(IF(J68>10,J68/F68*0.8769,""),“”)} | S68: =IFERROR(IF((G68-I68)>10,(G68-I68)/(C68-E68)*0.8769,""),"")
A69: 天津 | B69: 2018 | C69: 10 | E69: 10 | G69: 6 | I69: 6 | K69: 5757 | M69: 5757 | O69: {=IFERROR(IF(G69>10,G69/C69*0.8769,""),“”)} | P69: {=IFERROR(IF(H69>10,H69/D69*0.8769,""),“”)} | Q69: {=IFERROR(IF(I69>10,I69/E69*0.8769,""),“”)} | R69: {=IFERROR(IF(J69>10,J69/F69*0.8769,""),“”)} | S69: =IFERROR(IF((G69-I69)>10,(G69-I69)/(C69-E69)*0.8769,""),"")
A70: 河北 | B70: 2018 | C70: 75 | D70: 1 | E70: 27 | F70: 47 | G70: 38 | H70: 0.3 | I70: 12 | J70: 26 | K70: 5287 | M70: 4597 | N70: 5655 | O70: {=IFERROR(IF(G70>10,G70/C70*0.8769,""),“”)} -> 0.444296 | P70: {=IFERROR(IF(H70>10,H70/D70*0.8769,""),“”)} | Q70: {=IFERROR(IF(I70>10,I70/E70*0.8769,""),“”)} -> 0.38973333 | R70: {=IFERROR(IF(J70>10,J70/F70*0.8769,""),“”)} -> 0.48509362 | S70: =IFERROR(IF((G70-I70)>10,(G70-I70)/(C70-E70)*0.8769,""),"") -> 0.4749875
A71: 山西 | B71: 2018 | C71: 51 | D71: 10 | E71: 11 | F71: 30 | G71: 25 | H71: 2 | I71: 6 | J71: 16 | K71: 5506 | M71: 5390 | N71: 5549 | O71: {=IFERROR(IF(G71>10,G71/C71*0.8769,""),“”)} -> 0.42985294 | P71: {=IFERROR(IF(H71>10,H71/D71*0.8769,""),“”)} | Q71: {=IFERROR(IF(I71>10,I71/E71*0.8769,""),“”)} | R71: {=IFERROR(IF(J71>10,J71/F71*0.8769,""),“”)} -> 0.46768 | S71: =IFERROR(IF((G71-I71)>10,(G71-I71)/(C71-E71)*0.8769,""),"") -> 0.4165275
A72: 内蒙古 | B72: 2018 | C72: 19 | E72: 7 | F72: 12 | G72: 8 | H72: 0.03 | I72: 2 | J72: 6 | K72: 4132 | M72: 2889 | N72: 4841 | O72: {=IFERROR(IF(G72>10,G72/C72*0.8769,""),“”)} | P72: {=IFERROR(IF(H72>10,H72/D72*0.8769,""),“”)} | Q72: {=IFERROR(IF(I72>10,I72/E72*0.8769,""),“”)} | R72: {=IFERROR(IF(J72>10,J72/F72*0.8769,""),“”)} | S72: =IFERROR(IF((G72-I72)>10,(G72-I72)/(C72-E72)*0.8769,""),"")
A73: 辽宁 | B73: 2018 | C73: 15 | E73: 8 | F73: 7 | G73: 9 | I73: 5 | J73: 4 | K73: 6283 | M73: 6722 | N73: 5797 | O73: {=IFERROR(IF(G73>10,G73/C73*0.8769,""),“”)} | P73: {=IFERROR(IF(H73>10,H73/D73*0.8769,""),“”)} | Q73: {=IFERROR(IF(I73>10,I73/E73*0.8769,""),“”)} | R73: {=IFERROR(IF(J73>10,J73/F73*0.8769,""),“”)} | S73: =IFERROR(IF((G73-I73)>10,(G73-I73)/(C73-E73)*0.8769,""),"")
A74: 吉林 | B74: 2018 | C74: 66 | D74: 0.3 | E74: 16 | F74: 49 | G74: 27 | I74: 6 | J74: 21 | K74: 4575 | M74: 4093 | N74: 4729 | O74: {=IFERROR(IF(G74>10,G74/C74*0.8769,""),“”)} -> 0.35873182 | P74: {=IFERROR(IF(H74>10,H74/D74*0.8769,""),“”)} | Q74: {=IFERROR(IF(I74>10,I74/E74*0.8769,""),“”)} | R74: {=IFERROR(IF(J74>10,J74/F74*0.8769,""),“”)} -> 0.37581429 | S74: =IFERROR(IF((G74-I74)>10,(G74-I74)/(C74-E74)*0.8769,""),"") -> 0.368298
A75: 黑龙江 | B75: 2018 | C75: 97 | D75: 0.4 | E75: 11 | F75: 85 | G75: 51 | H75: 0.1 | I75: 3 | J75: 47 | K75: 5617 | M75: 3465 | N75: 5840 | O75: {=IFERROR(IF(G75>10,G75/C75*0.8769,""),“”)} -> 0.46105052 | P75: {=IFERROR(IF(H75>10,H75/D75*0.8769,""),“”)} | Q75: {=IFERROR(IF(I75>10,I75/E75*0.8769,""),“”)} | R75: {=IFERROR(IF(J75>10,J75/F75*0.8769,""),“”)} -> 0.48487412 | S75: =IFERROR(IF((G75-I75)>10,(G75-I75)/(C75-E75)*0.8769,""),"") -> 0.48943256
A76: 上海 | B76: 2018 | C76: 28 | D76: 2 | E76: 26 | G76: 20 | H76: 1 | I76: 19 | K76: 7337 | L76: 6391 | M76: 7393 | O76: {=IFERROR(IF(G76>10,G76/C76*0.8769,""),“”)} -> 0.62635714 | P76: {=IFERROR(IF(H76>10,H76/D76*0.8769,""),“”)} | Q76: {=IFERROR(IF(I76>10,I76/E76*0.8769,""),“”)} -> 0.64081154 | R76: {=IFERROR(IF(J76>10,J76/F76*0.8769,""),“”)} | S76: =IFERROR(IF((G76-I76)>10,(G76-I76)/(C76-E76)*0.8769,""),"")
A77: 江苏 | B77: 2018 | C77: 161 | D77: 7 | E77: 103 | F77: 52 | G77: 95 | H77: 2 | I77: 62 | J77: 31 | K77: 6263 | L77: 4374 | M77: 6415 | N77: 6079 | O77: {=IFERROR(IF(G77>10,G77/C77*0.8769,""),“”)} -> 0.51742547 | P77: {=IFERROR(IF(H77>10,H77/D77*0.8769,""),“”)} | Q77: {=IFERROR(IF(I77>10,I77/E77*0.8769,""),“”)} -> 0.52784272 | R77: {=IFERROR(IF(J77>10,J77/F77*0.8769,""),“”)} -> 0.52276731 | S77: =IFERROR(IF((G77-I77)>10,(G77-I77)/(C77-E77)*0.8769,""),"") -> 0.49892586
A78: 浙江 | B78: 2018 | C78: 168 | D78: 5 | E78: 141 | F78: 22 | G78: 92 | H78: 3 | I78: 78 | J78: 12 | K78: 5761 | L78: 8594 | M78: 5785 | N78: 5430 | O78: {=IFERROR(IF(G78>10,G78/C78*0.8769,""),“”)} -> 0.48020714 | P78: {=IFERROR(IF(H78>10,H78/D78*0.8769,""),“”)} | Q78: {=IFERROR(IF(I78>10,I78/E78*0.8769,""),“”)} -> 0.48509362 | R78: {=IFERROR(IF(J78>10,J78/F78*0.8769,""),“”)} -> 0.47830909 | S78: =IFERROR(IF((G78-I78)>10,(G78-I78)/(C78-E78)*0.8769,""),"") -> 0.45468889
A79: 安徽 | B79: 2018 | C79: 164 | D79: 1 | E79: 51 | F79: 111 | G79: 77 | H79: 1 | I79: 28 | J79: 49 | K79: 5063 | M79: 5461 | N79: 4873 | O79: {=IFERROR(IF(G79>10,G79/C79*0.8769,""),“”)} -> 0.41171524 | P79: {=IFERROR(IF(H79>10,H79/D79*0.8769,""),“”)} | Q79: {=IFERROR(IF(I79>10,I79/E79*0.8769,""),“”)} -> 0.48143529 | R79: {=IFERROR(IF(J79>10,J79/F79*0.8769,""),“”)} -> 0.3871 | S79: =IFERROR(IF((G79-I79)>10,(G79-I79)/(C79-E79)*0.8769,""),"") -> 0.38024867
A80: 福建 | B80: 2018 | C80: 50 | D80: 0.6 | E80: 44 | F80: 5 | G80: 28 | H80: 0.2 | I80: 25 | J80: 3 | K80: 6068 | M80: 6095 | N80: 5863 | O80: {=IFERROR(IF(G80>10,G80/C80*0.8769,""),“”)} -> 0.491064 | P80: {=IFERROR(IF(H80>10,H80/D80*0.8769,""),“”)} | Q80: {=IFERROR(IF(I80>10,I80/E80*0.8769,""),“”)} -> 0.49823864 | R80: {=IFERROR(IF(J80>10,J80/F80*0.8769,""),“”)} | S80: =IFERROR(IF((G80-I80)>10,(G80-I80)/(C80-E80)*0.8769,""),"")
A81: 江西 | B81: 2018 | C81: 33 | D81: 1 | E81: 12 | F81: 21 | G81: 14 | H81: 0.4 | I81: 5 | J81: 9 | K81: 4575 | M81: 5209 | N81: 4277 | O81: {=IFERROR(IF(G81>10,G81/C81*0.8769,""),“”)} -> 0.37201818 | P81: {=IFERROR(IF(H81>10,H81/D81*0.8769,""),“”)} | Q81: {=IFERROR(IF(I81>10,I81/E81*0.8769,""),“”)} | R81: {=IFERROR(IF(J81>10,J81/F81*0.8769,""),“”)} | S81: =IFERROR(IF((G81-I81)>10,(G81-I81)/(C81-E81)*0.8769,""),"")
A82: 山东 | B82: 2018 | C82: 263 | D82: 8 | E82: 108 | F82: 148 | G82: 135 | H82: 2 | I82: 51 | J82: 81 | K82: 5543 | L82: 3493 | M82: 5343 | N82: 5708 | O82: {=IFERROR(IF(G82>10,G82/C82*0.8769,""),“”)} -> 0.45011977 | P82: {=IFERROR(IF(H82>10,H82/D82*0.8769,""),“”)} | Q82: {=IFERROR(IF(I82>10,I82/E82*0.8769,""),“”)} -> 0.41409167 | R82: {=IFERROR(IF(J82>10,J82/F82*0.8769,""),“”)} -> 0.479925 | S82: =IFERROR(IF((G82-I82)>10,(G82-I82)/(C82-E82)*0.8769,""),"") -> 0.47522323
A83: 河南 | B83: 2018 | C83: 60 | D83: 4 | E83: 13 | F83: 44 | G83: 30 | I83: 7 | J83: 23 | K83: 5113 | M83: 5827 | N83: 5343 | O83: {=IFERROR(IF(G83>10,G83/C83*0.8769,""),“”)} -> 0.43845 | P83: {=IFERROR(IF(H83>10,H83/D83*0.8769,""),“”)} | Q83: {=IFERROR(IF(I83>10,I83/E83*0.8769,""),“”)} | R83: {=IFERROR(IF(J83>10,J83/F83*0.8769,""),“”)} -> 0.45837955 | S83: =IFERROR(IF((G83-I83)>10,(G83-I83)/(C83-E83)*0.8769,""),"") -> 0.42912128
A84: 湖北 | B84: 2018 | C84: 75 | D84: 2 | E84: 24 | F84: 48 | G84: 25 | H84: 0.6 | I84: 14 | J84: 11 | K84: 3372 | M84: 5689 | N84: 2216 | O84: {=IFERROR(IF(G84>10,G84/C84*0.8769,""),“”)} -> 0.2923 | P84: {=IFERROR(IF(H84>10,H84/D84*0.8769,""),“”)} | Q84: {=IFERROR(IF(I84>10,I84/E84*0.8769,""),“”)} -> 0.511525 | R84: {=IFERROR(IF(J84>10,J84/F84*0.8769,""),“”)} -> 0.20095625 | S84: =IFERROR(IF((G84-I84)>10,(G84-I84)/(C84-E84)*0.8769,""),"") -> 0.18913529
A85: 湖南 | B85: 2018 | C85: 67 | D85: 3 | E85: 24 | F85: 41 | G85: 30 | H85: 1 | I85: 16 | J85: 13 | K85: 4661 | L85: 5444 | M85: 7153 | N85: 3251 | O85: {=IFERROR(IF(G85>10,G85/C85*0.8769,""),“”)} -> 0.39264179 | P85: {=IFERROR(IF(H85>10,H85/D85*0.8769,""),“”)} | Q85: {=IFERROR(IF(I85>10,I85/E85*0.8769,""),“”)} -> 0.5846 | R85: {=IFERROR(IF(J85>10,J85/F85*0.8769,""),“”)} -> 0.27804146 | S85: =IFERROR(IF((G85-I85)>10,(G85-I85)/(C85-E85)*0.8769,""),"") -> 0.28550233
A86: 广东 | B86: 2018 | C86: 141 | D86: 9 | E86: 110 | F86: 22 | G86: 81 | H86: 5 | I86: 61 | J86: 15 | K86: 6724 | L86: 7264 | M86: 6662 | N86: 6857 | O86: {=IFERROR(IF(G86>10,G86/C86*0.8769,""),“”)} -> 0.50375106 | P86: {=IFERROR(IF(H86>10,H86/D86*0.8769,""),“”)} | Q86: {=IFERROR(IF(I86>10,I86/E86*0.8769,""),“”)} -> 0.48628091 | R86: {=IFERROR(IF(J86>10,J86/F86*0.8769,""),“”)} -> 0.59788636 | S86: =IFERROR(IF((G86-I86)>10,(G86-I86)/(C86-E86)*0.8769,""),"") -> 0.56574194
A87: 广西 | B87: 2018 | C87: 176 | D87: 2 | E87: 12 | F87: 162 | G87: 40 | H87: 1 | I87: 8 | J87: 31 | K87: 2435 | M87: 6648 | N87: 2110 | O87: {=IFERROR(IF(G87>10,G87/C87*0.8769,""),“”)} -> 0.19929545 | P87: {=IFERROR(IF(H87>10,H87/D87*0.8769,""),“”)} | Q87: {=IFERROR(IF(I87>10,I87/E87*0.8769,""),“”)} | R87: {=IFERROR(IF(J87>10,J87/F87*0.8769,""),“”)} -> 0.16780185 | S87: =IFERROR(IF((G87-I87)>10,(G87-I87)/(C87-E87)*0.8769,""),"") -> 0.17110244
A88: 海南 | B88: 2018 | C88: 32 | D88: 0.3 | E88: 8 | F88: 24 | G88: 20 | H88: 0.2 | I88: 5 | J88: 14 | K88: 6130 | M88: 6710 | N88: 5945 | O88: {=IFERROR(IF(G88>10,G88/C88*0.8769,""),“”)} -> 0.5480625 | P88: {=IFERROR(IF(H88>10,H88/D88*0.8769,""),“”)} | Q88: {=IFERROR(IF(I88>10,I88/E88*0.8769,""),“”)} | R88: {=IFERROR(IF(J88>10,J88/F88*0.8769,""),“”)} -> 0.511525 | S88: =IFERROR(IF((G88-I88)>10,(G88-I88)/(C88-E88)*0.8769,""),"") -> 0.5480625
A89: 重庆 | B89: 2018 | C89: 30 | D89: 1 | E89: 22 | F89: 7 | G89: 12 | H89: 0.5 | I89: 10 | J89: 1 | K89: 4655 | M89: 5930 | N89: 1661 | O89: {=IFERROR(IF(G89>10,G89/C89*0.8769,""),“”)} -> 0.35076 | P89: {=IFERROR(IF(H89>10,H89/D89*0.8769,""),“”)} | Q89: {=IFERROR(IF(I89>10,I89/E89*0.8769,""),“”)} | R89: {=IFERROR(IF(J89>10,J89/F89*0.8769,""),“”)} | S89: =IFERROR(IF((G89-I89)>10,(G89-I89)/(C89-E89)*0.8769,""),"")
A90: 四川 | B90: 2018 | C90: 47 | D90: 3 | E90: 36 | F90: 9 | G90: 29 | H90: 2 | I90: 22 | J90: 6 | K90: 6522 | L90: 7317 | M90: 6477 | N90: 6499 | O90: {=IFERROR(IF(G90>10,G90/C90*0.8769,""),“”)} -> 0.54106596 | P90: {=IFERROR(IF(H90>10,H90/D90*0.8769,""),“”)} | Q90: {=IFERROR(IF(I90>10,I90/E90*0.8769,""),“”)} -> 0.53588333 | R90: {=IFERROR(IF(J90>10,J90/F90*0.8769,""),“”)} | S90: =IFERROR(IF((G90-I90)>10,(G90-I90)/(C90-E90)*0.8769,""),"")
A91: 贵州 | B91: 2018 | C91: 21 | E91: 12 | F91: 9 | G91: 9 | I91: 6 | J91: 3 | K91: 4298 | M91: 5107 | N91: 3239 | O91: {=IFERROR(IF(G91>10,G91/C91*0.8769,""),“”)} | P91: {=IFERROR(IF(H91>10,H91/D91*0.8769,""),“”)} | Q91: {=IFERROR(IF(I91>10,I91/E91*0.8769,""),“”)} | R91: {=IFERROR(IF(J91>10,J91/F91*0.8769,""),“”)} | S91: =IFERROR(IF((G91-I91)>10,(G91-I91)/(C91-E91)*0.8769,""),"")
A92: 云南 | B92: 2018 | C92: 42 | E92: 17 | F92: 26 | G92: 9 | I92: 7 | J92: 3 | K92: 2460 | M92: 4004 | N92: 1031 | O92: {=IFERROR(IF(G92>10,G92/C92*0.8769,""),“”)} | P92: {=IFERROR(IF(H92>10,H92/D92*0.8769,""),“”)} | Q92: {=IFERROR(IF(I92>10,I92/E92*0.8769,""),“”)} | R92: {=IFERROR(IF(J92>10,J92/F92*0.8769,""),“”)} | S92: =IFERROR(IF((G92-I92)>10,(G92-I92)/(C92-E92)*0.8769,""),"")
A93: 西藏 | B93: 2018 | C93: 2 | E93: 2 | G93: 1 | I93: 1 | K93: 4363 | M93: 4363 | O93: {=IFERROR(IF(G93>10,G93/C93*0.8769,""),“”)} | P93: {=IFERROR(IF(H93>10,H93/D93*0.8769,""),“”)} | Q93: {=IFERROR(IF(I93>10,I93/E93*0.8769,""),“”)} | R93: {=IFERROR(IF(J93>10,J93/F93*0.8769,""),“”)} | S93: =IFERROR(IF((G93-I93)>10,(G93-I93)/(C93-E93)*0.8769,""),"")
A94: 陕西 | B94: 2018 | C94: 6 | E94: 6 | G94: 2 | I94: 2 | K94: 2424 | M94: 2424 | O94: {=IFERROR(IF(G94>10,G94/C94*0.8769,""),“”)} | P94: {=IFERROR(IF(H94>10,H94/D94*0.8769,""),“”)} | Q94: {=IFERROR(IF(I94>10,I94/E94*0.8769,""),“”)} | R94: {=IFERROR(IF(J94>10,J94/F94*0.8769,""),“”)} | S94: =IFERROR(IF((G94-I94)>10,(G94-I94)/(C94-E94)*0.8769,""),"")
A95: 甘肃 | B95: 2018 | C95: 10 | E95: 7 | F95: 3 | G95: 5 | I95: 4 | J95: 1 | K95: 4988 | M95: 6011 | N95: 2771 | O95: {=IFERROR(IF(G95>10,G95/C95*0.8769,""),“”)} | P95: {=IFERROR(IF(H95>10,H95/D95*0.8769,""),“”)} | Q95: {=IFERROR(IF(I95>10,I95/E95*0.8769,""),“”)} | R95: {=IFERROR(IF(J95>10,J95/F95*0.8769,""),“”)} | S95: =IFERROR(IF((G95-I95)>10,(G95-I95)/(C95-E95)*0.8769,""),"")
A96: 青海 | B96: 2018 | C96: 0.4 | D96: 0.4 | G96: 0.2 | H96: 0.2 | O96: {=IFERROR(IF(G96>10,G96/C96*0.8769,""),“”)} | P96: {=IFERROR(IF(H96>10,H96/D96*0.8769,""),“”)} | Q96: {=IFERROR(IF(I96>10,I96/E96*0.8769,""),“”)} | R96: {=IFERROR(IF(J96>10,J96/F96*0.8769,""),“”)} | S96: =IFERROR(IF((G96-I96)>10,(G96-I96)/(C96-E96)*0.8769,""),"")
A97: 宁夏 | B97: 2018 | C97: 10 | E97: 5 | F97: 5 | G97: 2 | I97: 2 | J97: 0.1 | K97: 2214 | M97: 4784 | N97: 105 | O97: {=IFERROR(IF(G97>10,G97/C97*0.8769,""),“”)} | P97: {=IFERROR(IF(H97>10,H97/D97*0.8769,""),“”)} | Q97: {=IFERROR(IF(I97>10,I97/E97*0.8769,""),“”)} | R97: {=IFERROR(IF(J97>10,J97/F97*0.8769,""),“”)} | S97: =IFERROR(IF((G97-I97)>10,(G97-I97)/(C97-E97)*0.8769,""),"")
A98: 新疆 | B98: 2018 | C98: 2 | F98: 2 | G98: 2 | J98: 2 | K98: 7068 | N98: 7068 | O98: {=IFERROR(IF(G98>10,G98/C98*0.8769,""),“”)} | P98: {=IFERROR(IF(H98>10,H98/D98*0.8769,""),“”)} | Q98: {=IFERROR(IF(I98>10,I98/E98*0.8769,""),“”)} | R98: {=IFERROR(IF(J98>10,J98/F98*0.8769,""),“”)} | S98: =IFERROR(IF((G98-I98)>10,(G98-I98)/(C98-E98)*0.8769,""),"")
A99: 全国 | B99: 2019 | C99: 2361 | D99: 71.2 | E99: 1173 | F99: 1117 | G99: 1126 | H99: 30.3 | I99: 611 | J99: 485 | K99: 5201 | L99: 5220 | M99: 5831 | N99: 4579 | O99: {=IFERROR(IF(G99>10,G99/C99*0.8769,""),“”)} -> 0.41820813 | P99: {=IFERROR(IF(H99>10,H99/D99*0.8769,""),“”)} -> 0.37317514 | Q99: {=IFERROR(IF(I99>10,I99/E99*0.8769,""),“”)} -> 0.45676547 | R99: {=IFERROR(IF(J99>10,J99/F99*0.8769,""),“”)} -> 0.38074888 | S99: =IFERROR(IF((G99-I99)>10,(G99-I99)/(C99-E99)*0.8769,""),"") -> 0.38013763
A100: 北京 | B100: 2019 | C100: 35 | E100: 35 | G100: 19 | I100: 19 | K100: 6305 | M100: 6305 | O100: {=IFERROR(IF(G100>10,G100/C100*0.8769,""),“”)} -> 0.47603143 | P100: {=IFERROR(IF(H100>10,H100/D100*0.8769,""),“”)} | Q100: {=IFERROR(IF(I100>10,I100/E100*0.8769,""),“”)} -> 0.47603143 | R100: {=IFERROR(IF(J100>10,J100/F100*0.8769,""),“”)} | S100: =IFERROR(IF((G100-I100)>10,(G100-I100)/(C100-E100)*0.8769,""),"")
...

Sheet Thermal
A1: 地区 | B1: 年份 | C1: 装机容量（万千瓦） | H1: 发电量（亿千瓦时） | M1: 利用小时数 | R1: 容量因子 | Y1: 燃煤 | AD1: 燃气 | AI1: 燃油
C2: 合计 | D2: 燃煤 | E2: 燃气 | F2: 燃油 | G2: 其他 | H2: 合计 | I2: 燃煤 | J2: 燃气 | K2: 燃油 | L2: 其他 | M2: 合计 | N2: 燃煤 | O2: 燃气 | P2: 燃油 | Q2: 其他 | R2: 合计 | S2: 燃煤 | T2: 燃气 | U2: 燃油 | V2: 其他 | Y2: 2016 | Z2: 2017 | AA2: 2018 | AB2: 2019 | AC2: 2020 | AD2: 2016 | AE2: 2017 | AF2: 2018 | AG2: 2019 | AH2: 2020 | AI2: 2016 | AJ2: 2017 | AK2: 2018 | AL2: 2019 | AM2: 2020
A3: 全国 | B3: 2016 | C3: =SUM(D3:G3) -> 106095 | D3: 94654 | E3: 7011 | F3: 210 | G3: 4220 | H3: =SUM(I3:L3) -> 43273 | I3: 39462 | J3: 1883 | K3: 28 | L3: 1900 | N3: 4275 | O3: 2701 | P3: 1317 | Q3: 4877 | R3: {=IFERROR(IF(H3>10,H3/C3*0.8769,""),“”)} -> 0.35766147 | S3: {=IFERROR(IF(I3>10,I3/D3*0.8769,""),“”)} -> 0.36558653 | T3: {=IFERROR(IF(J3>10,J3/E3*0.8769,""),“”)} -> 0.235516 | U3: {=IFERROR(IF(K3>10,K3/F3*0.8769,""),“”)} -> 0.11692 | V3: =IFERROR(IF((H3-J3)>10,(H3-J3)/(C3-E3)*0.8769,""),"") -> 0.36630426 | X3: 全国 | Y3: =SUMIFS($N$3:$N$162,$A$3:$A$162,$X3,$B$3:$B$162,Y$2)/8760 -> 0.4880137 | Z3: =SUMIFS($N$3:$N$162,$A$3:$A$162,$X3,$B$3:$B$162,Z$2)/8760 -> 0.49223744 | AA3: =SUMIFS($N$3:$N$162,$A$3:$A$162,$X3,$B$3:$B$162,AA$2)/8760 -> 0.51312785 | AB3: =SUMIFS($N$3:$N$162,$A$3:$A$162,$X3,$B$3:$B$162,AB$2)/8760 -> 0.50559361 | AC3: =SUMIFS($N$3:$N$162,$A$3:$A$162,$X3,$B$3:$B$162,AC$2)/8760 -> 0.49349315 | AD3: =SUMIFS($O$3:$O$162,$A$3:$A$162,$X3,$B$3:$B$162,Y$2)/8760 -> 0.30833333 | AE3: =SUMIFS($O$3:$O$162,$A$3:$A$162,$X3,$B$3:$B$162,Z$2)/8760 -> 0.31518265 | AF3: =SUMIFS($O$3:$O$162,$A$3:$A$162,$X3,$B$3:$B$162,AA$2)/8760 -> 0.31586758 | AG3: =SUMIFS($O$3:$O$162,$A$3:$A$162,$X3,$B$3:$B$162,AB$2)/8760 -> 0.30205479 | AH3: =SUMIFS($O$3:$O$162,$A$3:$A$162,$X3,$B$3:$B$162,AC$2)/8760 -> 0.29794521 | AI3: =SUMIFS($P$3:$P$162,$A$3:$A$162,$X3,$B$3:$B$162,AD$2)/8760 -> 0.15034247 | AJ3: =SUMIFS($P$3:$P$162,$A$3:$A$162,$X3,$B$3:$B$162,AE$2)/8760 -> 0.15742009 | AK3: =SUMIFS($P$3:$P$162,$A$3:$A$162,$X3,$B$3:$B$162,AF$2)/8760 -> 0.10308219 | AL3: =SUMIFS($P$3:$P$162,$A$3:$A$162,$X3,$B$3:$B$162,AG$2)/8760 -> 0.086757991 | AM3: =SUMIFS($P$3:$P$162,$A$3:$A$162,$X3,$B$3:$B$162,AH$2)/8760 -> 0.098515982
A4: 北京 | B4: 2016 | C4: =SUM(D4:G4) -> 972 | D4: 85 | E4: 850 | F4: 22 | G4: 15 | H4: =SUM(I4:L4) -> 419 | I4: 34 | J4: 371 | K4: 6 | L4: 8 | N4: 4031 | O4: 4372 | P4: 2636 | Q4: 5613 | R4: {=IFERROR(IF(H4>10,H4/C4*0.8769,""),“”)} -> 0.37800525 | S4: {=IFERROR(IF(I4>10,I4/D4*0.8769,""),“”)} -> 0.35076 | T4: {=IFERROR(IF(J4>10,J4/E4*0.8769,""),“”)} -> 0.38274106 | U4: {=IFERROR(IF(K4>10,K4/F4*0.8769,""),“”)} | V4: =IFERROR(IF((H4-J4)>10,(H4-J4)/(C4-E4)*0.8769,""),"") -> 0.34500984 | X4: 北京 | Y4: =SUMIFS($N$3:$N$162,$A$3:$A$162,$X4,$B$3:$B$162,Y$2)/8760 -> 0.46015982 | Z4: =SUMIFS($N$3:$N$162,$A$3:$A$162,$X4,$B$3:$B$162,Z$2)/8760 -> 0.18093607 | AA4: =SUMIFS($N$3:$N$162,$A$3:$A$162,$X4,$B$3:$B$162,AA$2)/8760 -> 0.22865297 | AB4: =SUMIFS($N$3:$N$162,$A$3:$A$162,$X4,$B$3:$B$162,AB$2)/8760 -> 0.1966895 | AC4: =SUMIFS($N$3:$N$162,$A$3:$A$162,$X4,$B$3:$B$162,AC$2)/8760 -> 0.14634703 | AD4: =SUMIFS($O$3:$O$162,$A$3:$A$162,$X4,$B$3:$B$162,Y$2)/8760 -> 0.49908676 | AE4: =SUMIFS($O$3:$O$162,$A$3:$A$162,$X4,$B$3:$B$162,Z$2)/8760 -> 0.45159817 | AF4: =SUMIFS($O$3:$O$162,$A$3:$A$162,$X4,$B$3:$B$162,AA$2)/8760 -> 0.46586758 | AG4: =SUMIFS($O$3:$O$162,$A$3:$A$162,$X4,$B$3:$B$162,AB$2)/8760 -> 0.4663242 | AH4: =SUMIFS($O$3:$O$162,$A$3:$A$162,$X4,$B$3:$B$162,AC$2)/8760 -> 0.45365297 | AI4: =SUMIFS($P$3:$P$162,$A$3:$A$162,$X4,$B$3:$B$162,AD$2)/8760 -> 0.30091324 | AJ4: =SUMIFS($P$3:$P$162,$A$3:$A$162,$X4,$B$3:$B$162,AE$2)/8760 -> 0.21347032 | AK4: =SUMIFS($P$3:$P$162,$A$3:$A$162,$X4,$B$3:$B$162,AF$2)/8760 -> 0.27431507 | AL4: =SUMIFS($P$3:$P$162,$A$3:$A$162,$X4,$B$3:$B$162,AG$2)/8760 -> 0.26289954 | AM4: =SUMIFS($P$3:$P$162,$A$3:$A$162,$X4,$B$3:$B$162,AH$2)/8760 -> 0.20136986
A5: 天津 | B5: 2016 | C5: =SUM(D5:G5) -> 1378 | D5: 1076 | E5: 277 | G5: 25 | H5: =SUM(I5:L5) -> 591 | I5: 476 | J5: 104 | L5: 11 | N5: 4382 | O5: 4001 | Q5: 4487 | R5: {=IFERROR(IF(H5>10,H5/C5*0.8769,""),“”)} -> 0.37608701 | S5: {=IFERROR(IF(I5>10,I5/D5*0.8769,""),“”)} -> 0.3879223 | T5: {=IFERROR(IF(J5>10,J5/E5*0.8769,""),“”)} -> 0.32923321 | U5: {=IFERROR(IF(K5>10,K5/F5*0.8769,""),“”)} | V5: =IFERROR(IF((H5-J5)>10,(H5-J5)/(C5-E5)*0.8769,""),"") -> 0.38787493 | X5: 天津 | Y5: =SUMIFS($N$3:$N$162,$A$3:$A$162,$X5,$B$3:$B$162,Y$2)/8760 -> 0.50022831 | Z5: =SUMIFS($N$3:$N$162,$A$3:$A$162,$X5,$B$3:$B$162,Z$2)/8760 -> 0.49406393 | AA5: =SUMIFS($N$3:$N$162,$A$3:$A$162,$X5,$B$3:$B$162,AA$2)/8760 -> 0.543379 | AB5: =SUMIFS($N$3:$N$162,$A$3:$A$162,$X5,$B$3:$B$162,AB$2)/8760 -> 0.48938356 | AC5: =SUMIFS($N$3:$N$162,$A$3:$A$162,$X5,$B$3:$B$162,AC$2)/8760 -> 0.47431507 | AD5: =SUMIFS($O$3:$O$162,$A$3:$A$162,$X5,$B$3:$B$162,Y$2)/8760 -> 0.45673516 | AE5: =SUMIFS($O$3:$O$162,$A$3:$A$162,$X5,$B$3:$B$162,Z$2)/8760 -> 0.39748858 | AF5: =SUMIFS($O$3:$O$162,$A$3:$A$162,$X5,$B$3:$B$162,AA$2)/8760 -> 0.39691781 | AG5: =SUMIFS($O$3:$O$162,$A$3:$A$162,$X5,$B$3:$B$162,AB$2)/8760 -> 0.35285388 | AH5: =SUMIFS($O$3:$O$162,$A$3:$A$162,$X5,$B$3:$B$162,AC$2)/8760 -> 0.3923516 | AI5: =SUMIFS($P$3:$P$162,$A$3:$A$162,$X5,$B$3:$B$162,AD$2)/8760 -> 0 | AJ5: =SUMIFS($P$3:$P$162,$A$3:$A$162,$X5,$B$3:$B$162,AE$2)/8760 -> 0 | AK5: =SUMIFS($P$3:$P$162,$A$3:$A$162,$X5,$B$3:$B$162,AF$2)/8760 -> 0 | AL5: =SUMIFS($P$3:$P$162,$A$3:$A$162,$X5,$B$3:$B$162,AG$2)/8760 -> 0 | AM5: =SUMIFS($P$3:$P$162,$A$3:$A$162,$X5,$B$3:$B$162,AH$2)/8760 -> 0
A6: 河北 | B6: 2016 | C6: =SUM(D6:G6) -> 4511 | D6: 4251 | E6: 3 | G6: 257 | H6: =SUM(I6:L6) -> 2195 | I6: 2092 | J6: 0 | L6: 103 | N6: 5021 | O6: 651 | Q6: 4211 | R6: {=IFERROR(IF(H6>10,H6/C6*0.8769,""),“”)} -> 0.42668932 | S6: {=IFERROR(IF(I6>10,I6/D6*0.8769,""),“”)} -> 0.43153959 | T6: {=IFERROR(IF(J6>10,J6/E6*0.8769,""),“”)} | U6: {=IFERROR(IF(K6>10,K6/F6*0.8769,""),“”)} | V6: =IFERROR(IF((H6-J6)>10,(H6-J6)/(C6-E6)*0.8769,""),"") -> 0.42697327 | X6: 河北 | Y6: =SUMIFS($N$3:$N$162,$A$3:$A$162,$X6,$B$3:$B$162,Y$2)/8760 -> 0.57317352 | Z6: =SUMIFS($N$3:$N$162,$A$3:$A$162,$X6,$B$3:$B$162,Z$2)/8760 -> 0.58767123 | AA6: =SUMIFS($N$3:$N$162,$A$3:$A$162,$X6,$B$3:$B$162,AA$2)/8760 -> 0.59634703 | AB6: =SUMIFS($N$3:$N$162,$A$3:$A$162,$X6,$B$3:$B$162,AB$2)/8760 -> 0.5652968 | AC6: =SUMIFS($N$3:$N$162,$A$3:$A$162,$X6,$B$3:$B$162,AC$2)/8760 -> 0.51746575 | AD6: =SUMIFS($O$3:$O$162,$A$3:$A$162,$X6,$B$3:$B$162,Y$2)/8760 -> 0.074315068 | AE6: =SUMIFS($O$3:$O$162,$A$3:$A$162,$X6,$B$3:$B$162,Z$2)/8760 -> 0.10045662 | AF6: =SUMIFS($O$3:$O$162,$A$3:$A$162,$X6,$B$3:$B$162,AA$2)/8760 -> 0.014269406 | AG6: =SUMIFS($O$3:$O$162,$A$3:$A$162,$X6,$B$3:$B$162,AB$2)/8760 -> 0 | AH6: =SUMIFS($O$3:$O$162,$A$3:$A$162,$X6,$B$3:$B$162,AC$2)/8760 -> 0.13196347 | AI6: =SUMIFS($P$3:$P$162,$A$3:$A$162,$X6,$B$3:$B$162,AD$2)/8760 -> 0 | AJ6: =SUMIFS($P$3:$P$162,$A$3:$A$162,$X6,$B$3:$B$162,AE$2)/8760 -> 0 | AK6: =SUMIFS($P$3:$P$162,$A$3:$A$162,$X6,$B$3:$B$162,AF$2)/8760 -> 0 | AL6: =SUMIFS($P$3:$P$162,$A$3:$A$162,$X6,$B$3:$B$162,AG$2)/8760 -> 0 | AM6: =SUMIFS($P$3:$P$162,$A$3:$A$162,$X6,$B$3:$B$162,AH$2)/8760 -> 0
A7: 山西 | B7: 2016 | C7: =SUM(D7:G7) -> 6328 | D7: 6003 | E7: 279 | G7: 46 | H7: =SUM(I7:L7) -> 2309 | I7: 2191 | J7: 95 | L7: 23 | N7: 3803 | O7: 3468 | Q7: 5369 | R7: {=IFERROR(IF(H7>10,H7/C7*0.8769,""),“”)} -> 0.31996873 | S7: {=IFERROR(IF(I7>10,I7/D7*0.8769,""),“”)} -> 0.32005462 | T7: {=IFERROR(IF(J7>10,J7/E7*0.8769,""),“”)} -> 0.29858602 | U7: {=IFERROR(IF(K7>10,K7/F7*0.8769,""),“”)} | V7: =IFERROR(IF((H7-J7)>10,(H7-J7)/(C7-E7)*0.8769,""),"") -> 0.32095497 | X7: 山西 | Y7: =SUMIFS($N$3:$N$162,$A$3:$A$162,$X7,$B$3:$B$162,Y$2)/8760 -> 0.43413242 | Z7: =SUMIFS($N$3:$N$162,$A$3:$A$162,$X7,$B$3:$B$162,Z$2)/8760 -> 0.4597032 | AA7: =SUMIFS($N$3:$N$162,$A$3:$A$162,$X7,$B$3:$B$162,AA$2)/8760 -> 0.50285388 | AB7: =SUMIFS($N$3:$N$162,$A$3:$A$162,$X7,$B$3:$B$162,AB$2)/8760 -> 0.51552511 | AC7: =SUMIFS($N$3:$N$162,$A$3:$A$162,$X7,$B$3:$B$162,AC$2)/8760 -> 0.51084475 | AD7: =SUMIFS($O$3:$O$162,$A$3:$A$162,$X7,$B$3:$B$162,Y$2)/8760 -> 0.39589041 | AE7: =SUMIFS($O$3:$O$162,$A$3:$A$162,$X7,$B$3:$B$162,Z$2)/8760 -> 0.44657534 | AF7: =SUMIFS($O$3:$O$162,$A$3:$A$162,$X7,$B$3:$B$162,AA$2)/8760 -> 0.3880137 | AG7: =SUMIFS($O$3:$O$162,$A$3:$A$162,$X7,$B$3:$B$162,AB$2)/8760 -> 0.3890411 | AH7: =SUMIFS($O$3:$O$162,$A$3:$A$162,$X7,$B$3:$B$162,AC$2)/8760 -> 0.38732877 | AI7: =SUMIFS($P$3:$P$162,$A$3:$A$162,$X7,$B$3:$B$162,AD$2)/8760 -> 0 | AJ7: =SUMIFS($P$3:$P$162,$A$3:$A$162,$X7,$B$3:$B$162,AE$2)/8760 -> 0 | AK7: =SUMIFS($P$3:$P$162,$A$3:$A$162,$X7,$B$3:$B$162,AF$2)/8760 -> 0 | AL7: =SUMIFS($P$3:$P$162,$A$3:$A$162,$X7,$B$3:$B$162,AG$2)/8760 -> 0 | AM7: =SUMIFS($P$3:$P$162,$A$3:$A$162,$X7,$B$3:$B$162,AH$2)/8760 -> 0
A8: 内蒙古 | B8: 2016 | C8: =SUM(D8:G8) -> 7609 | D8: 7542 | E8: 42 | G8: 25 | H8: =SUM(I8:L8) -> 3375 | I8: 3364 | J8: 0 | L8: 11 | N8: 4558 | O8: 116 | Q8: 4135 | R8: {=IFERROR(IF(H8>10,H8/C8*0.8769,""),“”)} -> 0.38895223 | S8: {=IFERROR(IF(I8>10,I8/D8*0.8769,""),“”)} -> 0.39112856 | T8: {=IFERROR(IF(J8>10,J8/E8*0.8769,""),“”)} | U8: {=IFERROR(IF(K8>10,K8/F8*0.8769,""),“”)} | V8: =IFERROR(IF((H8-J8)>10,(H8-J8)/(C8-E8)*0.8769,""),"") -> 0.39111107 | X8: 内蒙古 | Y8: =SUMIFS($N$3:$N$162,$A$3:$A$162,$X8,$B$3:$B$162,Y$2)/8760 -> 0.52031963 | Z8: =SUMIFS($N$3:$N$162,$A$3:$A$162,$X8,$B$3:$B$162,Z$2)/8760 -> 0.53116438 | AA8: =SUMIFS($N$3:$N$162,$A$3:$A$162,$X8,$B$3:$B$162,AA$2)/8760 -> 0.58847032 | AB8: =SUMIFS($N$3:$N$162,$A$3:$A$162,$X8,$B$3:$B$162,AB$2)/8760 -> 0.60468037 | AC8: =SUMIFS($N$3:$N$162,$A$3:$A$162,$X8,$B$3:$B$162,AC$2)/8760 -> 0.581621 | AD8: =SUMIFS($O$3:$O$162,$A$3:$A$162,$X8,$B$3:$B$162,Y$2)/8760 -> 0.013242009 | AE8: =SUMIFS($O$3:$O$162,$A$3:$A$162,$X8,$B$3:$B$162,Z$2)/8760 -> 0.01152968 | AF8: =SUMIFS($O$3:$O$162,$A$3:$A$162,$X8,$B$3:$B$162,AA$2)/8760 -> 0.010159817 | AG8: =SUMIFS($O$3:$O$162,$A$3:$A$162,$X8,$B$3:$B$162,AB$2)/8760 -> 0.0090182648 | AH8: =SUMIFS($O$3:$O$162,$A$3:$A$162,$X8,$B$3:$B$162,AC$2)/8760 -> 0.44771689 | AI8: =SUMIFS($P$3:$P$162,$A$3:$A$162,$X8,$B$3:$B$162,AD$2)/8760 -> 0 | AJ8: =SUMIFS($P$3:$P$162,$A$3:$A$162,$X8,$B$3:$B$162,AE$2)/8760 -> 0 | AK8: =SUMIFS($P$3:$P$162,$A$3:$A$162,$X8,$B$3:$B$162,AF$2)/8760 -> 0 | AL8: =SUMIFS($P$3:$P$162,$A$3:$A$162,$X8,$B$3:$B$162,AG$2)/8760 -> 0 | AM8: =SUMIFS($P$3:$P$162,$A$3:$A$162,$X8,$B$3:$B$162,AH$2)/8760 -> 0
A9: 辽宁 | B9: 2016 | C9: =SUM(D9:G9) -> 3115 | D9: 3024 | E9: 4 | F9: 15 | G9: 72 | H9: =SUM(I9:L9) -> 1345 | I9: 1306 | J9: 1 | K9: 5 | L9: 33 | N9: 4332 | O9: 1993 | P9: 3309 | Q9: 4635 | R9: {=IFERROR(IF(H9>10,H9/C9*0.8769,""),“”)} -> 0.37862937 | S9: {=IFERROR(IF(I9>10,I9/D9*0.8769,""),“”)} -> 0.37871409 | T9: {=IFERROR(IF(J9>10,J9/E9*0.8769,""),“”)} | U9: {=IFERROR(IF(K9>10,K9/F9*0.8769,""),“”)} | V9: =IFERROR(IF((H9-J9)>10,(H9-J9)/(C9-E9)*0.8769,""),"") -> 0.37883433 | X9: 辽宁 | Y9: =SUMIFS($N$3:$N$162,$A$3:$A$162,$X9,$B$3:$B$162,Y$2)/8760 -> 0.49452055 | Z9: =SUMIFS($N$3:$N$162,$A$3:$A$162,$X9,$B$3:$B$162,Z$2)/8760 -> 0.48447489 | AA9: =SUMIFS($N$3:$N$162,$A$3:$A$162,$X9,$B$3:$B$162,AA$2)/8760 -> 0.47773973 | AB9: =SUMIFS($N$3:$N$162,$A$3:$A$162,$X9,$B$3:$B$162,AB$2)/8760 -> 0.46175799 | AC9: =SUMIFS($N$3:$N$162,$A$3:$A$162,$X9,$B$3:$B$162,AC$2)/8760 -> 0.44623288 | AD9: =SUMIFS($O$3:$O$162,$A$3:$A$162,$X9,$B$3:$B$162,Y$2)/8760 -> 0.22751142 | AE9: =SUMIFS($O$3:$O$162,$A$3:$A$162,$X9,$B$3:$B$162,Z$2)/8760 -> 0.26347032 | AF9: =SUMIFS($O$3:$O$162,$A$3:$A$162,$X9,$B$3:$B$162,AA$2)/8760 -> 0.41541096 | AG9: =SUMIFS($O$3:$O$162,$A$3:$A$162,$X9,$B$3:$B$162,AB$2)/8760 -> 0.61940639 | AH9: =SUMIFS($O$3:$O$162,$A$3:$A$162,$X9,$B$3:$B$162,AC$2)/8760 -> 0.5543379 | AI9: =SUMIFS($P$3:$P$162,$A$3:$A$162,$X9,$B$3:$B$162,AD$2)/8760 -> 0.37773973 | AJ9: =SUMIFS($P$3:$P$162,$A$3:$A$162,$X9,$B$3:$B$162,AE$2)/8760 -> 0.38858447 | AK9: =SUMIFS($P$3:$P$162,$A$3:$A$162,$X9,$B$3:$B$162,AF$2)/8760 -> 0.42682648 | AL9: =SUMIFS($P$3:$P$162,$A$3:$A$162,$X9,$B$3:$B$162,AG$2)/8760 -> 0.3033105 | AM9: =SUMIFS($P$3:$P$162,$A$3:$A$162,$X9,$B$3:$B$162,AH$2)/8760 -> 0.28641553
A10: 吉林 | B10: 2016 | C10: =SUM(D10:G10) -> 1776 | D10: 1688 | E10: 0 | G10: 88 | H10: =SUM(I10:L10) -> 588 | I10: 550 | J10: 0 | L10: 38 | N10: 3227 | Q10: 4485 | R10: {=IFERROR(IF(H10>10,H10/C10*0.8769,""),“”)} -> 0.290325 | S10: {=IFERROR(IF(I10>10,I10/D10*0.8769,""),“”)} -> 0.28571979 | T10: {=IFERROR(IF(J10>10,J10/E10*0.8769,""),“”)} | U10: {=IFERROR(IF(K10>10,K10/F10*0.8769,""),“”)} | V10: =IFERROR(IF((H10-J10)>10,(H10-J10)/(C10-E10)*0.8769,""),"") -> 0.290325 | X10: 吉林 | Y10: =SUMIFS($N$3:$N$162,$A$3:$A$162,$X10,$B$3:$B$162,Y$2)/8760 -> 0.368379 | Z10: =SUMIFS($N$3:$N$162,$A$3:$A$162,$X10,$B$3:$B$162,Z$2)/8760 -> 0.38378995 | AA10: =SUMIFS($N$3:$N$162,$A$3:$A$162,$X10,$B$3:$B$162,AA$2)/8760 -> 0.40810502 | AB10: =SUMIFS($N$3:$N$162,$A$3:$A$162,$X10,$B$3:$B$162,AB$2)/8760 -> 0.42659817 | AC10: =SUMIFS($N$3:$N$162,$A$3:$A$162,$X10,$B$3:$B$162,AC$2)/8760 -> 0.44600457 | AD10: =SUMIFS($O$3:$O$162,$A$3:$A$162,$X10,$B$3:$B$162,Y$2)/8760 -> 0 | AE10: =SUMIFS($O$3:$O$162,$A$3:$A$162,$X10,$B$3:$B$162,Z$2)/8760 -> 0 | AF10: =SUMIFS($O$3:$O$162,$A$3:$A$162,$X10,$B$3:$B$162,AA$2)/8760 -> 0 | AG10: =SUMIFS($O$3:$O$162,$A$3:$A$162,$X10,$B$3:$B$162,AB$2)/8760 -> 0.053424658 | AH10: =SUMIFS($O$3:$O$162,$A$3:$A$162,$X10,$B$3:$B$162,AC$2)/8760 -> 0.0082191781 | AI10: =SUMIFS($P$3:$P$162,$A$3:$A$162,$X10,$B$3:$B$162,AD$2)/8760 -> 0 | AJ10: =SUMIFS($P$3:$P$162,$A$3:$A$162,$X10,$B$3:$B$162,AE$2)/8760 -> 0 | AK10: =SUMIFS($P$3:$P$162,$A$3:$A$162,$X10,$B$3:$B$162,AF$2)/8760 -> 0 | AL10: =SUMIFS($P$3:$P$162,$A$3:$A$162,$X10,$B$3:$B$162,AG$2)/8760 -> 0 | AM10: =SUMIFS($P$3:$P$162,$A$3:$A$162,$X10,$B$3:$B$162,AH$2)/8760 -> 0
A11: 黑龙江 | B11: 2016 | C11: =SUM(D11:G11) -> 2104 | D11: 1991 | E11: 12 | F11: 2 | G11: 99 | H11: =SUM(I11:L11) -> 807 | I11: 761 | J11: 3 | K11: 0 | L11: 43 | N11: 3887 | O11: 2775 | P11: 1733 | Q11: 4934 | R11: {=IFERROR(IF(H11>10,H11/C11*0.8769,""),“”)} -> 0.3363395 | S11: {=IFERROR(IF(I11>10,I11/D11*0.8769,""),“”)} -> 0.33516871 | T11: {=IFERROR(IF(J11>10,J11/E11*0.8769,""),“”)} | U11: {=IFERROR(IF(K11>10,K11/F11*0.8769,""),“”)} | V11: =IFERROR(IF((H11-J11)>10,(H11-J11)/(C11-E11)*0.8769,""),"") -> 0.33701128 | X11: 黑龙江 | Y11: =SUMIFS($N$3:$N$162,$A$3:$A$162,$X11,$B$3:$B$162,Y$2)/8760 -> 0.44372146 | Z11: =SUMIFS($N$3:$N$162,$A$3:$A$162,$X11,$B$3:$B$162,Z$2)/8760 -> 0.43710046 | AA11: =SUMIFS($N$3:$N$162,$A$3:$A$162,$X11,$B$3:$B$162,AA$2)/8760 -> 0.43824201 | AB11: =SUMIFS($N$3:$N$162,$A$3:$A$162,$X11,$B$3:$B$162,AB$2)/8760 -> 0.44520548 | AC11: =SUMIFS($N$3:$N$162,$A$3:$A$162,$X11,$B$3:$B$162,AC$2)/8760 -> 0.42648402 | AD11: =SUMIFS($O$3:$O$162,$A$3:$A$162,$X11,$B$3:$B$162,Y$2)/8760 -> 0.31678082 | AE11: =SUMIFS($O$3:$O$162,$A$3:$A$162,$X11,$B$3:$B$162,Z$2)/8760 -> 0.21678082 | AF11: =SUMIFS($O$3:$O$162,$A$3:$A$162,$X11,$B$3:$B$162,AA$2)/8760 -> 0.3163242 | AG11: =SUMIFS($O$3:$O$162,$A$3:$A$162,$X11,$B$3:$B$162,AB$2)/8760 -> 0.30787671 | AH11: =SUMIFS($O$3:$O$162,$A$3:$A$162,$X11,$B$3:$B$162,AC$2)/8760 -> 0.31084475 | AI11: =SUMIFS($P$3:$P$162,$A$3:$A$162,$X11,$B$3:$B$162,AD$2)/8760 -> 0.19783105 | AJ11: =SUMIFS($P$3:$P$162,$A$3:$A$162,$X11,$B$3:$B$162,AE$2)/8760 -> 0.15376712 | AK11: =SUMIFS($P$3:$P$162,$A$3:$A$162,$X11,$B$3:$B$162,AF$2)/8760 -> 0.12853881 | AL11: =SUMIFS($P$3:$P$162,$A$3:$A$162,$X11,$B$3:$B$162,AG$2)/8760 -> 0 | AM11: =SUMIFS($P$3:$P$162,$A$3:$A$162,$X11,$B$3:$B$162,AH$2)/8760 -> 0
A12: 上海 | B12: 2016 | C12: =SUM(D12:G12) -> 2263 | D12: 1509 | E12: 570 | F12: 86 | G12: 98 | H12: =SUM(I12:L12) -> 817 | I12: 663 | J12: 102 | K12: 1 | L12: 51 | N12: 4382 | O12: 1798 | P12: 103 | Q12: 5314 | R12: {=IFERROR(IF(H12>10,H12/C12*0.8769,""),“”)} -> 0.31658299 | S12: {=IFERROR(IF(I12>10,I12/D12*0.8769,""),“”)} -> 0.38527813 | T12: {=IFERROR(IF(J12>10,J12/E12*0.8769,""),“”)} -> 0.15691895 | U12: {=IFERROR(IF(K12>10,K12/F12*0.8769,""),“”)} | V12: =IFERROR(IF((H12-J12)>10,(H12-J12)/(C12-E12)*0.8769,""),"") -> 0.37033875 | X12: 上海 | Y12: =SUMIFS($N$3:$N$162,$A$3:$A$162,$X12,$B$3:$B$162,Y$2)/8760 -> 0.50022831 | Z12: =SUMIFS($N$3:$N$162,$A$3:$A$162,$X12,$B$3:$B$162,Z$2)/8760 -> 0.51449772 | AA12: =SUMIFS($N$3:$N$162,$A$3:$A$162,$X12,$B$3:$B$162,AA$2)/8760 -> 0.49052511 | AB12: =SUMIFS($N$3:$N$162,$A$3:$A$162,$X12,$B$3:$B$162,AB$2)/8760 -> 0.46073059 | AC12: =SUMIFS($N$3:$N$162,$A$3:$A$162,$X12,$B$3:$B$162,AC$2)/8760 -> 0.47031963 | AD12: =SUMIFS($O$3:$O$162,$A$3:$A$162,$X12,$B$3:$B$162,Y$2)/8760 -> 0.20525114 | AE12: =SUMIFS($O$3:$O$162,$A$3:$A$162,$X12,$B$3:$B$162,Z$2)/8760 -> 0.21894977 | AF12: =SUMIFS($O$3:$O$162,$A$3:$A$162,$X12,$B$3:$B$162,AA$2)/8760 -> 0.22968037 | AG12: =SUMIFS($O$3:$O$162,$A$3:$A$162,$X12,$B$3:$B$162,AB$2)/8760 -> 0.21289954 | AH12: =SUMIFS($O$3:$O$162,$A$3:$A$162,$X12,$B$3:$B$162,AC$2)/8760 -> 0.22739726 | AI12: =SUMIFS($P$3:$P$162,$A$3:$A$162,$X12,$B$3:$B$162,AD$2)/8760 -> 0.011757991 | AJ12: =SUMIFS($P$3:$P$162,$A$3:$A$162,$X12,$B$3:$B$162,AE$2)/8760 -> 0.016552511 | AK12: =SUMIFS($P$3:$P$162,$A$3:$A$162,$X12,$B$3:$B$162,AF$2)/8760 -> 0.015296804 | AL12: =SUMIFS($P$3:$P$162,$A$3:$A$162,$X12,$B$3:$B$162,AG$2)/8760 -> 0.013242009 | AM12: =SUMIFS($P$3:$P$162,$A$3:$A$162,$X12,$B$3:$B$162,AH$2)/8760 -> 0.022374429
A13: 江苏 | B13: 2016 | C13: =SUM(D13:G13) -> 8727 | D13: 7448 | E13: 957 | G13: 322 | H13: =SUM(I13:L13) -> 4438 | I13: 3923 | J13: 308 | L13: 207 | N13: 5272 | O13: 3203 | Q13: 6614 | R13: {=IFERROR(IF(H13>10,H13/C13*0.8769,""),“”)} -> 0.44593585 | S13: {=IFERROR(IF(I13>10,I13/D13*0.8769,""),“”)} -> 0.46187952 | T13: {=IFERROR(IF(J13>10,J13/E13*0.8769,""),“”)} -> 0.28222069 | U13: {=IFERROR(IF(K13>10,K13/F13*0.8769,""),“”)} | V13: =IFERROR(IF((H13-J13)>10,(H13-J13)/(C13-E13)*0.8769,""),"") -> 0.4661 | X13: 江苏 | Y13: =SUMIFS($N$3:$N$162,$A$3:$A$162,$X13,$B$3:$B$162,Y$2)/8760 -> 0.60182648 | Z13: =SUMIFS($N$3:$N$162,$A$3:$A$162,$X13,$B$3:$B$162,Z$2)/8760 -> 0.57625571 | AA13: =SUMIFS($N$3:$N$162,$A$3:$A$162,$X13,$B$3:$B$162,AA$2)/8760 -> 0.53561644 | AB13: =SUMIFS($N$3:$N$162,$A$3:$A$162,$X13,$B$3:$B$162,AB$2)/8760 -> 0.50582192 | AC13: =SUMIFS($N$3:$N$162,$A$3:$A$162,$X13,$B$3:$B$162,AC$2)/8760 -> 0.50958904 | AD13: =SUMIFS($O$3:$O$162,$A$3:$A$162,$X13,$B$3:$B$162,Y$2)/8760 -> 0.36563927 | AE13: =SUMIFS($O$3:$O$162,$A$3:$A$162,$X13,$B$3:$B$162,Z$2)/8760 -> 0.41849315 | AF13: =SUMIFS($O$3:$O$162,$A$3:$A$162,$X13,$B$3:$B$162,AA$2)/8760 -> 0.41974886 | AG13: =SUMIFS($O$3:$O$162,$A$3:$A$162,$X13,$B$3:$B$162,AB$2)/8760 -> 0.38710046 | AH13: =SUMIFS($O$3:$O$162,$A$3:$A$162,$X13,$B$3:$B$162,AC$2)/8760 -> 0.33493151 | AI13: =SUMIFS($P$3:$P$162,$A$3:$A$162,$X13,$B$3:$B$162,AD$2)/8760 -> 0 | AJ13: =SUMIFS($P$3:$P$162,$A$3:$A$162,$X13,$B$3:$B$162,AE$2)/8760 -> 0 | AK13: =SUMIFS($P$3:$P$162,$A$3:$A$162,$X13,$B$3:$B$162,AF$2)/8760 -> 0 | AL13: =SUMIFS($P$3:$P$162,$A$3:$A$162,$X13,$B$3:$B$162,AG$2)/8760 -> 0 | AM13: =SUMIFS($P$3:$P$162,$A$3:$A$162,$X13,$B$3:$B$162,AH$2)/8760 -> 0
A14: 浙江 | B14: 2016 | C14: =SUM(D14:G14) -> 6063 | D14: 4629 | E14: 1228 | F14: 6 | G14: 200 | H14: =SUM(I14:L14) -> 2366 | I14: 2098 | J14: 156 | K14: 0 | L14: 112 | N14: 4548 | O14: 1270 | Q14: 6013 | R14: {=IFERROR(IF(H14>10,H14/C14*0.8769,""),“”)} -> 0.34219782 | S14: {=IFERROR(IF(I14>10,I14/D14*0.8769,""),“”)} -> 0.39743707 | T14: {=IFERROR(IF(J14>10,J14/E14*0.8769,""),“”)} -> 0.11139772 | U14: {=IFERROR(IF(K14>10,K14/F14*0.8769,""),“”)} | V14: =IFERROR(IF((H14-J14)>10,(H14-J14)/(C14-E14)*0.8769,""),"") -> 0.40081675 | X14: 浙江 | Y14: =SUMIFS($N$3:$N$162,$A$3:$A$162,$X14,$B$3:$B$162,Y$2)/8760 -> 0.51917808 | Z14: =SUMIFS($N$3:$N$162,$A$3:$A$162,$X14,$B$3:$B$162,Z$2)/8760 -> 0.556621 | AA14: =SUMIFS($N$3:$N$162,$A$3:$A$162,$X14,$B$3:$B$162,AA$2)/8760 -> 0.56027397 | AB14: =SUMIFS($N$3:$N$162,$A$3:$A$162,$X14,$B$3:$B$162,AB$2)/8760 -> 0.53881279 | AC14: =SUMIFS($N$3:$N$162,$A$3:$A$162,$X14,$B$3:$B$162,AC$2)/8760 -> 0.51312785 | AD14: =SUMIFS($O$3:$O$162,$A$3:$A$162,$X14,$B$3:$B$162,Y$2)/8760 -> 0.14497717 | AE14: =SUMIFS($O$3:$O$162,$A$3:$A$162,$X14,$B$3:$B$162,Z$2)/8760 -> 0.14143836 | AF14: =SUMIFS($O$3:$O$162,$A$3:$A$162,$X14,$B$3:$B$162,AA$2)/8760 -> 0.14280822 | AG14: =SUMIFS($O$3:$O$162,$A$3:$A$162,$X14,$B$3:$B$162,AB$2)/8760 -> 0.13961187 | AH14: =SUMIFS($O$3:$O$162,$A$3:$A$162,$X14,$B$3:$B$162,AC$2)/8760 -> 0.14691781 | AI14: =SUMIFS($P$3:$P$162,$A$3:$A$162,$X14,$B$3:$B$162,AD$2)/8760 -> 0 | AJ14: =SUMIFS($P$3:$P$162,$A$3:$A$162,$X14,$B$3:$B$162,AE$2)/8760 -> 0 | AK14: =SUMIFS($P$3:$P$162,$A$3:$A$162,$X14,$B$3:$B$162,AF$2)/8760 -> 0 | AL14: =SUMIFS($P$3:$P$162,$A$3:$A$162,$X14,$B$3:$B$162,AG$2)/8760 -> 0 | AM14: =SUMIFS($P$3:$P$162,$A$3:$A$162,$X14,$B$3:$B$162,AH$2)/8760 -> 0
A15: 安徽 | B15: 2016 | C15: =SUM(D15:G15) -> 4916 | D15: 4669 | E15: 11 | G15: 236 | H15: =SUM(I15:L15) -> 2134 | I15: 1997 | J15: 6 | L15: 131 | N15: 4425 | O15: 3883 | Q15: 5759 | R15: {=IFERROR(IF(H15>10,H15/C15*0.8769,""),“”)} -> 0.38065594 | S15: {=IFERROR(IF(I15>10,I15/D15*0.8769,""),“”)} -> 0.37506303 | T15: {=IFERROR(IF(J15>10,J15/E15*0.8769,""),“”)} | U15: {=IFERROR(IF(K15>10,K15/F15*0.8769,""),“”)} | V15: =IFERROR(IF((H15-J15)>10,(H15-J15)/(C15-E15)*0.8769,""),"") -> 0.38043694 | X15: 安徽 | Y15: =SUMIFS($N$3:$N$162,$A$3:$A$162,$X15,$B$3:$B$162,Y$2)/8760 -> 0.50513699 | Z15: =SUMIFS($N$3:$N$162,$A$3:$A$162,$X15,$B$3:$B$162,Z$2)/8760 -> 0.51678082 | AA15: =SUMIFS($N$3:$N$162,$A$3:$A$162,$X15,$B$3:$B$162,AA$2)/8760 -> 0.57077626 | AB15: =SUMIFS($N$3:$N$162,$A$3:$A$162,$X15,$B$3:$B$162,AB$2)/8760 -> 0.54714612 | AC15: =SUMIFS($N$3:$N$162,$A$3:$A$162,$X15,$B$3:$B$162,AC$2)/8760 -> 0.51472603 | AD15: =SUMIFS($O$3:$O$162,$A$3:$A$162,$X15,$B$3:$B$162,Y$2)/8760 -> 0.44326484 | AE15: =SUMIFS($O$3:$O$162,$A$3:$A$162,$X15,$B$3:$B$162,Z$2)/8760 -> 0.18105023 | AF15: =SUMIFS($O$3:$O$162,$A$3:$A$162,$X15,$B$3:$B$162,AA$2)/8760 -> 0.25582192 | AG15: =SUMIFS($O$3:$O$162,$A$3:$A$162,$X15,$B$3:$B$162,AB$2)/8760 -> 0.11712329 | AH15: =SUMIFS($O$3:$O$162,$A$3:$A$162,$X15,$B$3:$B$162,AC$2)/8760 -> 0.075 | AI15: =SUMIFS($P$3:$P$162,$A$3:$A$162,$X15,$B$3:$B$162,AD$2)/8760 -> 0 | AJ15: =SUMIFS($P$3:$P$162,$A$3:$A$162,$X15,$B$3:$B$162,AE$2)/8760 -> 0 | AK15: =SUMIFS($P$3:$P$162,$A$3:$A$162,$X15,$B$3:$B$162,AF$2)/8760 -> 0 | AL15: =SUMIFS($P$3:$P$162,$A$3:$A$162,$X15,$B$3:$B$162,AG$2)/8760 -> 0 | AM15: =SUMIFS($P$3:$P$162,$A$3:$A$162,$X15,$B$3:$B$162,AH$2)/8760 -> 0
A16: 福建 | B16: 2016 | C16: =SUM(D16:G16) -> 2902 | D16: 2394 | E16: 387 | G16: 121 | H16: =SUM(I16:L16) -> 916 | I16: 781 | J16: 67 | K16: 1 | L16: 67 | N16: 3262 | O16: 1740 | Q16: 6084 | R16: {=IFERROR(IF(H16>10,H16/C16*0.8769,""),“”)} -> 0.27678856 | S16: {=IFERROR(IF(I16>10,I16/D16*0.8769,""),“”)} -> 0.28607306 | T16: {=IFERROR(IF(J16>10,J16/E16*0.8769,""),“”)} -> 0.15181473 | U16: {=IFERROR(IF(K16>10,K16/F16*0.8769,""),“”)} | V16: =IFERROR(IF((H16-J16)>10,(H16-J16)/(C16-E16)*0.8769,""),"") -> 0.29601913 | X16: 福建 | Y16: =SUMIFS($N$3:$N$162,$A$3:$A$162,$X16,$B$3:$B$162,Y$2)/8760 -> 0.37237443 | Z16: =SUMIFS($N$3:$N$162,$A$3:$A$162,$X16,$B$3:$B$162,Z$2)/8760 -> 0.47043379 | AA16: =SUMIFS($N$3:$N$162,$A$3:$A$162,$X16,$B$3:$B$162,AA$2)/8760 -> 0.55650685 | AB16: =SUMIFS($N$3:$N$162,$A$3:$A$162,$X16,$B$3:$B$162,AB$2)/8760 -> 0.52591324 | AC16: =SUMIFS($N$3:$N$162,$A$3:$A$162,$X16,$B$3:$B$162,AC$2)/8760 -> 0.56997717 | AD16: =SUMIFS($O$3:$O$162,$A$3:$A$162,$X16,$B$3:$B$162,Y$2)/8760 -> 0.19863014 | AE16: =SUMIFS($O$3:$O$162,$A$3:$A$162,$X16,$B$3:$B$162,Z$2)/8760 -> 0.18744292 | AF16: =SUMIFS($O$3:$O$162,$A$3:$A$162,$X16,$B$3:$B$162,AA$2)/8760 -> 0.1869863 | AG16: =SUMIFS($O$3:$O$162,$A$3:$A$162,$X16,$B$3:$B$162,AB$2)/8760 -> 0.19394977 | AH16: =SUMIFS($O$3:$O$162,$A$3:$A$162,$X16,$B$3:$B$162,AC$2)/8760 -> 0.18584475 | AI16: =SUMIFS($P$3:$P$162,$A$3:$A$162,$X16,$B$3:$B$162,AD$2)/8760 -> 0 | AJ16: =SUMIFS($P$3:$P$162,$A$3:$A$162,$X16,$B$3:$B$162,AE$2)/8760 -> 0 | AK16: =SUMIFS($P$3:$P$162,$A$3:$A$162,$X16,$B$3:$B$162,AF$2)/8760 -> 0 | AL16: =SUMIFS($P$3:$P$162,$A$3:$A$162,$X16,$B$3:$B$162,AG$2)/8760 -> 0 | AM16: =SUMIFS($P$3:$P$162,$A$3:$A$162,$X16,$B$3:$B$162,AH$2)/8760 -> 0
A17: 江西 | B17: 2016 | C17: =SUM(D17:G17) -> 1918 | D17: 1721 | E17: 10 | G17: 187 | H17: =SUM(I17:L17) -> 856 | I17: 745 | J17: 4 | L17: 107 | N17: 4417 | O17: 4603 | Q17: 5932 | R17: {=IFERROR(IF(H17>10,H17/C17*0.8769,""),“”)} -> 0.39135892 | S17: {=IFERROR(IF(I17>10,I17/D17*0.8769,""),“”)} -> 0.37959936 | T17: {=IFERROR(IF(J17>10,J17/E17*0.8769,""),“”)} | U17: {=IFERROR(IF(K17>10,K17/F17*0.8769,""),“”)} | V17: =IFERROR(IF((H17-J17)>10,(H17-J17)/(C17-E17)*0.8769,""),"") -> 0.3915717 | X17: 江西 | Y17: =SUMIFS($N$3:$N$162,$A$3:$A$162,$X17,$B$3:$B$162,Y$2)/8760 -> 0.50422374 | Z17: =SUMIFS($N$3:$N$162,$A$3:$A$162,$X17,$B$3:$B$162,Z$2)/8760 -> 0.55856164 | AA17: =SUMIFS($N$3:$N$162,$A$3:$A$162,$X17,$B$3:$B$162,AA$2)/8760 -> 0.59109589 | AB17: =SUMIFS($N$3:$N$162,$A$3:$A$162,$X17,$B$3:$B$162,AB$2)/8760 -> 0.57739726 | AC17: =SUMIFS($N$3:$N$162,$A$3:$A$162,$X17,$B$3:$B$162,AC$2)/8760 -> 0.58287671 | AD17: =SUMIFS($O$3:$O$162,$A$3:$A$162,$X17,$B$3:$B$162,Y$2)/8760 -> 0.52545662 | AE17: =SUMIFS($O$3:$O$162,$A$3:$A$162,$X17,$B$3:$B$162,Z$2)/8760 -> 0.54554795 | AF17: =SUMIFS($O$3:$O$162,$A$3:$A$162,$X17,$B$3:$B$162,AA$2)/8760 -> 0.55228311 | AG17: =SUMIFS($O$3:$O$162,$A$3:$A$162,$X17,$B$3:$B$162,AB$2)/8760 -> 0.47671233 | AH17: =SUMIFS($O$3:$O$162,$A$3:$A$162,$X17,$B$3:$B$162,AC$2)/8760 -> 0.32031963 | AI17: =SUMIFS($P$3:$P$162,$A$3:$A$162,$X17,$B$3:$B$162,AD$2)/8760 -> 0 | AJ17: =SUMIFS($P$3:$P$162,$A$3:$A$162,$X17,$B$3:$B$162,AE$2)/8760 -> 0 | AK17: =SUMIFS($P$3:$P$162,$A$3:$A$162,$X17,$B$3:$B$162,AF$2)/8760 -> 0 | AL17: =SUMIFS($P$3:$P$162,$A$3:$A$162,$X17,$B$3:$B$162,AG$2)/8760 -> 0 | AM17: =SUMIFS($P$3:$P$162,$A$3:$A$162,$X17,$B$3:$B$162,AH$2)/8760 -> 0
A18: 山东 | B18: 2016 | C18: =SUM(D18:G18) -> 9540 | D18: 9015 | E18: 6 | G18: 519 | H18: =SUM(I18:L18) -> 4671 | I18: 4455 | J18: 3 | L18: 213 | N18: 5235 | O18: 6498 | Q18: 4331 | R18: {=IFERROR(IF(H18>10,H18/C18*0.8769,""),“”)} -> 0.42935009 | S18: {=IFERROR(IF(I18>10,I18/D18*0.8769,""),“”)} -> 0.43334326 | T18: {=IFERROR(IF(J18>10,J18/E18*0.8769,""),“”)} | U18: {=IFERROR(IF(K18>10,K18/F18*0.8769,""),“”)} | V18: =IFERROR(IF((H18-J18)>10,(H18-J18)/(C18-E18)*0.8769,""),"") -> 0.42934437 | X18: 山东 | Y18: =SUMIFS($N$3:$N$162,$A$3:$A$162,$X18,$B$3:$B$162,Y$2)/8760 -> 0.59760274 | Z18: =SUMIFS($N$3:$N$162,$A$3:$A$162,$X18,$B$3:$B$162,Z$2)/8760 -> 0.53378995 | AA18: =SUMIFS($N$3:$N$162,$A$3:$A$162,$X18,$B$3:$B$162,AA$2)/8760 -> 0.53926941 | AB18: =SUMIFS($N$3:$N$162,$A$3:$A$162,$X18,$B$3:$B$162,AB$2)/8760 -> 0.50684932 | AC18: =SUMIFS($N$3:$N$162,$A$3:$A$162,$X18,$B$3:$B$162,AC$2)/8760 -> 0.4966895 | AD18: =SUMIFS($O$3:$O$162,$A$3:$A$162,$X18,$B$3:$B$162,Y$2)/8760 -> 0.74178082 | AE18: =SUMIFS($O$3:$O$162,$A$3:$A$162,$X18,$B$3:$B$162,Z$2)/8760 -> 0.45936073 | AF18: =SUMIFS($O$3:$O$162,$A$3:$A$162,$X18,$B$3:$B$162,AA$2)/8760 -> 0.38013699 | AG18: =SUMIFS($O$3:$O$162,$A$3:$A$162,$X18,$B$3:$B$162,AB$2)/8760 -> 0.38253425 | AH18: =SUMIFS($O$3:$O$162,$A$3:$A$162,$X18,$B$3:$B$162,AC$2)/8760 -> 0.3847032 | AI18: =SUMIFS($P$3:$P$162,$A$3:$A$162,$X18,$B$3:$B$162,AD$2)/8760 -> 0 | AJ18: =SUMIFS($P$3:$P$162,$A$3:$A$162,$X18,$B$3:$B$162,AE$2)/8760 -> 0 | AK18: =SUMIFS($P$3:$P$162,$A$3:$A$162,$X18,$B$3:$B$162,AF$2)/8760 -> 0 | AL18: =SUMIFS($P$3:$P$162,$A$3:$A$162,$X18,$B$3:$B$162,AG$2)/8760 -> 0 | AM18: =SUMIFS($P$3:$P$162,$A$3:$A$162,$X18,$B$3:$B$162,AH$2)/8760 -> 0
A19: 河南 | B19: 2016 | C19: =SUM(D19:G19) -> 6431 | D19: 6164 | E19: 161 | G19: 106 | H19: =SUM(I19:L19) -> 2474 | I19: 2403 | J19: 34 | L19: 37 | N19: 3903 | O19: 2088 | Q19: 3717 | R19: {=IFERROR(IF(H19>10,H19/C19*0.8769,""),“”)} -> 0.33734265 | S19: {=IFERROR(IF(I19>10,I19/D19*0.8769,""),“”)} -> 0.34185443 | T19: {=IFERROR(IF(J19>10,J19/E19*0.8769,""),“”)} -> 0.18518385 | U19: {=IFERROR(IF(K19>10,K19/F19*0.8769,""),“”)} | V19: =IFERROR(IF((H19-J19)>10,(H19-J19)/(C19-E19)*0.8769,""),"") -> 0.34124976 | X19: 河南 | Y19: =SUMIFS($N$3:$N$162,$A$3:$A$162,$X19,$B$3:$B$162,Y$2)/8760 -> 0.44554795 | Z19: =SUMIFS($N$3:$N$162,$A$3:$A$162,$X19,$B$3:$B$162,Z$2)/8760 -> 0.44737443 | AA19: =SUMIFS($N$3:$N$162,$A$3:$A$162,$X19,$B$3:$B$162,AA$2)/8760 -> 0.45445205 | AB19: =SUMIFS($N$3:$N$162,$A$3:$A$162,$X19,$B$3:$B$162,AB$2)/8760 -> 0.41461187 | AC19: =SUMIFS($N$3:$N$162,$A$3:$A$162,$X19,$B$3:$B$162,AC$2)/8760 -> 0.39303653 | AD19: =SUMIFS($O$3:$O$162,$A$3:$A$162,$X19,$B$3:$B$162,Y$2)/8760 -> 0.23835616 | AE19: =SUMIFS($O$3:$O$162,$A$3:$A$162,$X19,$B$3:$B$162,Z$2)/8760 -> 0.2119863 | AF19: =SUMIFS($O$3:$O$162,$A$3:$A$162,$X19,$B$3:$B$162,AA$2)/8760 -> 0.18995434 | AG19: =SUMIFS($O$3:$O$162,$A$3:$A$162,$X19,$B$3:$B$162,AB$2)/8760 -> 0.096118721 | AH19: =SUMIFS($O$3:$O$162,$A$3:$A$162,$X19,$B$3:$B$162,AC$2)/8760 -> 0.093150685 | AI19: =SUMIFS($P$3:$P$162,$A$3:$A$162,$X19,$B$3:$B$162,AD$2)/8760 -> 0 | AJ19: =SUMIFS($P$3:$P$162,$A$3:$A$162,$X19,$B$3:$B$162,AE$2)/8760 -> 0 | AK19: =SUMIFS($P$3:$P$162,$A$3:$A$162,$X19,$B$3:$B$162,AF$2)/8760 -> 0 | AL19: =SUMIFS($P$3:$P$162,$A$3:$A$162,$X19,$B$3:$B$162,AG$2)/8760 -> 0 | AM19: =SUMIFS($P$3:$P$162,$A$3:$A$162,$X19,$B$3:$B$162,AH$2)/8760 -> 0
A20: 湖北 | B20: 2016 | C20: =SUM(D20:G20) -> 2694 | D20: 2405 | E20: 76 | G20: 213 | H20: =SUM(I20:L20) -> 1048 | I20: 928 | J20: 28 | L20: 92 | N20: 3957 | O20: 3662 | Q20: 4424 | R20: {=IFERROR(IF(H20>10,H20/C20*0.8769,""),“”)} -> 0.34112517 | S20: {=IFERROR(IF(I20>10,I20/D20*0.8769,""),“”)} -> 0.33836308 | T20: {=IFERROR(IF(J20>10,J20/E20*0.8769,""),“”)} -> 0.32306842 | U20: {=IFERROR(IF(K20>10,K20/F20*0.8769,""),“”)} | V20: =IFERROR(IF((H20-J20)>10,(H20-J20)/(C20-E20)*0.8769,""),"") -> 0.34164935 | X20: 湖北 | Y20: =SUMIFS($N$3:$N$162,$A$3:$A$162,$X20,$B$3:$B$162,Y$2)/8760 -> 0.45171233 | Z20: =SUMIFS($N$3:$N$162,$A$3:$A$162,$X20,$B$3:$B$162,Z$2)/8760 -> 0.44863014 | AA20: =SUMIFS($N$3:$N$162,$A$3:$A$162,$X20,$B$3:$B$162,AA$2)/8760 -> 0.52808219 | AB20: =SUMIFS($N$3:$N$162,$A$3:$A$162,$X20,$B$3:$B$162,AB$2)/8760 -> 0.56449772 | AC20: =SUMIFS($N$3:$N$162,$A$3:$A$162,$X20,$B$3:$B$162,AC$2)/8760 -> 0.44394977 | AD20: =SUMIFS($O$3:$O$162,$A$3:$A$162,$X20,$B$3:$B$162,Y$2)/8760 -> 0.41803653 | AE20: =SUMIFS($O$3:$O$162,$A$3:$A$162,$X20,$B$3:$B$162,Z$2)/8760 -> 0.37134703 | AF20: =SUMIFS($O$3:$O$162,$A$3:$A$162,$X20,$B$3:$B$162,AA$2)/8760 -> 0.36906393 | AG20: =SUMIFS($O$3:$O$162,$A$3:$A$162,$X20,$B$3:$B$162,AB$2)/8760 -> 0.39143836 | AH20: =SUMIFS($O$3:$O$162,$A$3:$A$162,$X20,$B$3:$B$162,AC$2)/8760 -> 0.32020548 | AI20: =SUMIFS($P$3:$P$162,$A$3:$A$162,$X20,$B$3:$B$162,AD$2)/8760 -> 0 | AJ20: =SUMIFS($P$3:$P$162,$A$3:$A$162,$X20,$B$3:$B$162,AE$2)/8760 -> 0 | AK20: =SUMIFS($P$3:$P$162,$A$3:$A$162,$X20,$B$3:$B$162,AF$2)/8760 -> 0 | AL20: =SUMIFS($P$3:$P$162,$A$3:$A$162,$X20,$B$3:$B$162,AG$2)/8760 -> 0 | AM20: =SUMIFS($P$3:$P$162,$A$3:$A$162,$X20,$B$3:$B$162,AH$2)/8760 -> 0
A21: 湖南 | B21: 2016 | C21: =SUM(D21:G21) -> 2321 | D21: 2113 | E21: 10 | F21: 7 | G21: 191 | H21: =SUM(I21:L21) -> 732 | I21: 614 | J21: 6 | K21: 3 | L21: 109 | N21: 3021 | O21: 6120 | P21: 3968 | Q21: 5840 | R21: {=IFERROR(IF(H21>10,H21/C21*0.8769,""),“”)} -> 0.27655786 | S21: {=IFERROR(IF(I21>10,I21/D21*0.8769,""),“”)} -> 0.25481145 | T21: {=IFERROR(IF(J21>10,J21/E21*0.8769,""),“”)} | U21: {=IFERROR(IF(K21>10,K21/F21*0.8769,""),“”)} | V21: =IFERROR(IF((H21-J21)>10,(H21-J21)/(C21-E21)*0.8769,""),"") -> 0.27547789 | X21: 湖南 | Y21: =SUMIFS($N$3:$N$162,$A$3:$A$162,$X21,$B$3:$B$162,Y$2)/8760 -> 0.34486301 | Z21: =SUMIFS($N$3:$N$162,$A$3:$A$162,$X21,$B$3:$B$162,Z$2)/8760 -> 0.38093607 | AA21: =SUMIFS($N$3:$N$162,$A$3:$A$162,$X21,$B$3:$B$162,AA$2)/8760 -> 0.44280822 | AB21: =SUMIFS($N$3:$N$162,$A$3:$A$162,$X21,$B$3:$B$162,AB$2)/8760 -> 0.43378995 | AC21: =SUMIFS($N$3:$N$162,$A$3:$A$162,$X21,$B$3:$B$162,AC$2)/8760 -> 0.40148402 | AD21: =SUMIFS($O$3:$O$162,$A$3:$A$162,$X21,$B$3:$B$162,Y$2)/8760 -> 0.69863014 | AE21: =SUMIFS($O$3:$O$162,$A$3:$A$162,$X21,$B$3:$B$162,Z$2)/8760 -> 0.76152968 | AF21: =SUMIFS($O$3:$O$162,$A$3:$A$162,$X21,$B$3:$B$162,AA$2)/8760 -> 0.56849315 | AG21: =SUMIFS($O$3:$O$162,$A$3:$A$162,$X21,$B$3:$B$162,AB$2)/8760 -> 0.36392694 | AH21: =SUMIFS($O$3:$O$162,$A$3:$A$162,$X21,$B$3:$B$162,AC$2)/8760 -> 0.28333333 | AI21: =SUMIFS($P$3:$P$162,$A$3:$A$162,$X21,$B$3:$B$162,AD$2)/8760 -> 0.45296804 | AJ21: =SUMIFS($P$3:$P$162,$A$3:$A$162,$X21,$B$3:$B$162,AE$2)/8760 -> 0.45981735 | AK21: =SUMIFS($P$3:$P$162,$A$3:$A$162,$X21,$B$3:$B$162,AF$2)/8760 -> 0.44292237 | AL21: =SUMIFS($P$3:$P$162,$A$3:$A$162,$X21,$B$3:$B$162,AG$2)/8760 -> 0.4489726 | AM21: =SUMIFS($P$3:$P$162,$A$3:$A$162,$X21,$B$3:$B$162,AH$2)/8760 -> 0.61883562
A22: 广东 | B22: 2016 | C22: =SUM(D22:G22) -> 7722 | D22: 5992 | E22: 1569 | F22: 33 | G22: 128 | H22: =SUM(I22:L22) -> 2850 | I22: 2297 | J22: 489 | K22: 12 | L22: 52 | N22: 3854 | O22: 3164 | P22: 3815 | Q22: 4406 | R22: {=IFERROR(IF(H22>10,H22/C22*0.8769,""),“”)} -> 0.32364219 | S22: {=IFERROR(IF(I22>10,I22/D22*0.8769,""),“”)} -> 0.33615476 | T22: {=IFERROR(IF(J22>10,J22/E22*0.8769,""),“”)} -> 0.27329771 | U22: {=IFERROR(IF(K22>10,K22/F22*0.8769,""),“”)} -> 0.31887273 | V22: =IFERROR(IF((H22-J22)>10,(H22-J22)/(C22-E22)*0.8769,""),"") -> 0.33647991 | X22: 广东 | Y22: =SUMIFS($N$3:$N$162,$A$3:$A$162,$X22,$B$3:$B$162,Y$2)/8760 -> 0.43995434 | Z22: =SUMIFS($N$3:$N$162,$A$3:$A$162,$X22,$B$3:$B$162,Z$2)/8760 -> 0.49098174 | AA22: =SUMIFS($N$3:$N$162,$A$3:$A$162,$X22,$B$3:$B$162,AA$2)/8760 -> 0.51894977 | AB22: =SUMIFS($N$3:$N$162,$A$3:$A$162,$X22,$B$3:$B$162,AB$2)/8760 -> 0.47146119 | AC22: =SUMIFS($N$3:$N$162,$A$3:$A$162,$X22,$B$3:$B$162,AC$2)/8760 -> 0.45057078 | AD22: =SUMIFS($O$3:$O$162,$A$3:$A$162,$X22,$B$3:$B$162,Y$2)/8760 -> 0.36118721 | AE22: =SUMIFS($O$3:$O$162,$A$3:$A$162,$X22,$B$3:$B$162,Z$2)/8760 -> 0.37420091 | AF22: =SUMIFS($O$3:$O$162,$A$3:$A$162,$X22,$B$3:$B$162,AA$2)/8760 -> 0.34908676 | AG22: =SUMIFS($O$3:$O$162,$A$3:$A$162,$X22,$B$3:$B$162,AB$2)/8760 -> 0.32682648 | AH22: =SUMIFS($O$3:$O$162,$A$3:$A$162,$X22,$B$3:$B$162,AC$2)/8760 -> 0.33972603 | AI22: =SUMIFS($P$3:$P$162,$A$3:$A$162,$X22,$B$3:$B$162,AD$2)/8760 -> 0.43550228 | AJ22: =SUMIFS($P$3:$P$162,$A$3:$A$162,$X22,$B$3:$B$162,AE$2)/8760 -> 0.72682648 | AK22: =SUMIFS($P$3:$P$162,$A$3:$A$162,$X22,$B$3:$B$162,AF$2)/8760 -> 0 | AL22: =SUMIFS($P$3:$P$162,$A$3:$A$162,$X22,$B$3:$B$162,AG$2)/8760 -> 0 | AM22: =SUMIFS($P$3:$P$162,$A$3:$A$162,$X22,$B$3:$B$162,AH$2)/8760 -> 0
A23: 广西 | B23: 2016 | C23: =SUM(D23:G23) -> 2185 | D23: 1615 | E23: 12 | G23: 558 | H23: =SUM(I23:L23) -> 558 | I23: 360 | J23: 1 | L23: 197 | N23: 2707 | O23: 808 | Q23: 3869 | R23: {=IFERROR(IF(H23>10,H23/C23*0.8769,""),“”)} -> 0.22394059 | S23: {=IFERROR(IF(I23>10,I23/D23*0.8769,""),“”)} -> 0.19546997 | T23: {=IFERROR(IF(J23>10,J23/E23*0.8769,""),“”)} | U23: {=IFERROR(IF(K23>10,K23/F23*0.8769,""),“”)} | V23: =IFERROR(IF((H23-J23)>10,(H23-J23)/(C23-E23)*0.8769,""),"") -> 0.22477372 | X23: 广西 | Y23: =SUMIFS($N$3:$N$162,$A$3:$A$162,$X23,$B$3:$B$162,Y$2)/8760 -> 0.30901826 | Z23: =SUMIFS($N$3:$N$162,$A$3:$A$162,$X23,$B$3:$B$162,Z$2)/8760 -> 0.28207763 | AA23: =SUMIFS($N$3:$N$162,$A$3:$A$162,$X23,$B$3:$B$162,AA$2)/8760 -> 0.39497717 | AB23: =SUMIFS($N$3:$N$162,$A$3:$A$162,$X23,$B$3:$B$162,AB$2)/8760 -> 0.51175799 | AC23: =SUMIFS($N$3:$N$162,$A$3:$A$162,$X23,$B$3:$B$162,AC$2)/8760 -> 0.53139269 | AD23: =SUMIFS($O$3:$O$162,$A$3:$A$162,$X23,$B$3:$B$162,Y$2)/8760 -> 0.092237443 | AE23: =SUMIFS($O$3:$O$162,$A$3:$A$162,$X23,$B$3:$B$162,Z$2)/8760 -> 0.090981735 | AF23: =SUMIFS($O$3:$O$162,$A$3:$A$162,$X23,$B$3:$B$162,AA$2)/8760 -> 0.1510274 | AG23: =SUMIFS($O$3:$O$162,$A$3:$A$162,$X23,$B$3:$B$162,AB$2)/8760 -> 0.131621 | AH23: =SUMIFS($O$3:$O$162,$A$3:$A$162,$X23,$B$3:$B$162,AC$2)/8760 -> 0.225 | AI23: =SUMIFS($P$3:$P$162,$A$3:$A$162,$X23,$B$3:$B$162,AD$2)/8760 -> 0 | AJ23: =SUMIFS($P$3:$P$162,$A$3:$A$162,$X23,$B$3:$B$162,AE$2)/8760 -> 0 | AK23: =SUMIFS($P$3:$P$162,$A$3:$A$162,$X23,$B$3:$B$162,AF$2)/8760 -> 0 | AL23: =SUMIFS($P$3:$P$162,$A$3:$A$162,$X23,$B$3:$B$162,AG$2)/8760 -> 0 | AM23: =SUMIFS($P$3:$P$162,$A$3:$A$162,$X23,$B$3:$B$162,AH$2)/8760 -> 0
A24: 海南 | B24: 2016 | C24: =SUM(D24:G24) -> 464 | D24: 376 | E24: 72 | G24: 16 | H24: =SUM(I24:L24) -> 197 | I24: 176 | J24: 10 | L24: 11 | N24: 4679 | O24: 1423 | Q24: 6813 | R24: {=IFERROR(IF(H24>10,H24/C24*0.8769,""),“”)} -> 0.37230453 | S24: {=IFERROR(IF(I24>10,I24/D24*0.8769,""),“”)} -> 0.41046383 | T24: {=IFERROR(IF(J24>10,J24/E24*0.8769,""),“”)} | U24: {=IFERROR(IF(K24>10,K24/F24*0.8769,""),“”)} | V24: =IFERROR(IF((H24-J24)>10,(H24-J24)/(C24-E24)*0.8769,""),"") -> 0.41831709 | X24: 海南 | Y24: =SUMIFS($N$3:$N$162,$A$3:$A$162,$X24,$B$3:$B$162,Y$2)/8760 -> 0.53413242 | Z24: =SUMIFS($N$3:$N$162,$A$3:$A$162,$X24,$B$3:$B$162,Z$2)/8760 -> 0.52694064 | AA24: =SUMIFS($N$3:$N$162,$A$3:$A$162,$X24,$B$3:$B$162,AA$2)/8760 -> 0.5652968 | AB24: =SUMIFS($N$3:$N$162,$A$3:$A$162,$X24,$B$3:$B$162,AB$2)/8760 -> 0.56278539 | AC24: =SUMIFS($N$3:$N$162,$A$3:$A$162,$X24,$B$3:$B$162,AC$2)/8760 -> 0.56347032 | AD24: =SUMIFS($O$3:$O$162,$A$3:$A$162,$X24,$B$3:$B$162,Y$2)/8760 -> 0.16244292 | AE24: =SUMIFS($O$3:$O$162,$A$3:$A$162,$X24,$B$3:$B$162,Z$2)/8760 -> 0.16929224 | AF24: =SUMIFS($O$3:$O$162,$A$3:$A$162,$X24,$B$3:$B$162,AA$2)/8760 -> 0.18321918 | AG24: =SUMIFS($O$3:$O$162,$A$3:$A$162,$X24,$B$3:$B$162,AB$2)/8760 -> 0.20844749 | AH24: =SUMIFS($O$3:$O$162,$A$3:$A$162,$X24,$B$3:$B$162,AC$2)/8760 -> 0.19075342 | AI24: =SUMIFS($P$3:$P$162,$A$3:$A$162,$X24,$B$3:$B$162,AD$2)/8760 -> 0 | AJ24: =SUMIFS($P$3:$P$162,$A$3:$A$162,$X24,$B$3:$B$162,AE$2)/8760 -> 0 | AK24: =SUMIFS($P$3:$P$162,$A$3:$A$162,$X24,$B$3:$B$162,AF$2)/8760 -> 0 | AL24: =SUMIFS($P$3:$P$162,$A$3:$A$162,$X24,$B$3:$B$162,AG$2)/8760 -> 0 | AM24: =SUMIFS($P$3:$P$162,$A$3:$A$162,$X24,$B$3:$B$162,AH$2)/8760 -> 0
A25: 重庆 | B25: 2016 | C25: =SUM(D25:G25) -> 1462 | D25: 1256 | E25: 162 | G25: 44 | H25: =SUM(I25:L25) -> 431 | I25: 371 | J25: 36 | L25: 24 | N25: 3425 | O25: 2198 | Q25: 5578 | R25: {=IFERROR(IF(H25>10,H25/C25*0.8769,""),“”)} -> 0.25851156 | S25: {=IFERROR(IF(I25>10,I25/D25*0.8769,""),“”)} -> 0.25902062 | T25: {=IFERROR(IF(J25>10,J25/E25*0.8769,""),“”)} -> 0.19486667 | U25: {=IFERROR(IF(K25>10,K25/F25*0.8769,""),“”)} | V25: =IFERROR(IF((H25-J25)>10,(H25-J25)/(C25-E25)*0.8769,""),"") -> 0.26644269 | X25: 重庆 | Y25: =SUMIFS($N$3:$N$162,$A$3:$A$162,$X25,$B$3:$B$162,Y$2)/8760 -> 0.39098174 | Z25: =SUMIFS($N$3:$N$162,$A$3:$A$162,$X25,$B$3:$B$162,Z$2)/8760 -> 0.34691781 | AA25: =SUMIFS($N$3:$N$162,$A$3:$A$162,$X25,$B$3:$B$162,AA$2)/8760 -> 0.40833333 | AB25: =SUMIFS($N$3:$N$162,$A$3:$A$162,$X25,$B$3:$B$162,AB$2)/8760 -> 0.4043379 | AC25: =SUMIFS($N$3:$N$162,$A$3:$A$162,$X25,$B$3:$B$162,AC$2)/8760 -> 0.3826484 | AD25: =SUMIFS($O$3:$O$162,$A$3:$A$162,$X25,$B$3:$B$162,Y$2)/8760 -> 0.25091324 | AE25: =SUMIFS($O$3:$O$162,$A$3:$A$162,$X25,$B$3:$B$162,Z$2)/8760 -> 0.25205479 | AF25: =SUMIFS($O$3:$O$162,$A$3:$A$162,$X25,$B$3:$B$162,AA$2)/8760 -> 0.33173516 | AG25: =SUMIFS($O$3:$O$162,$A$3:$A$162,$X25,$B$3:$B$162,AB$2)/8760 -> 0.34018265 | AH25: =SUMIFS($O$3:$O$162,$A$3:$A$162,$X25,$B$3:$B$162,AC$2)/8760 -> 0.31906393 | AI25: =SUMIFS($P$3:$P$162,$A$3:$A$162,$X25,$B$3:$B$162,AD$2)/8760 -> 0 | AJ25: =SUMIFS($P$3:$P$162,$A$3:$A$162,$X25,$B$3:$B$162,AE$2)/8760 -> 0 | AK25: =SUMIFS($P$3:$P$162,$A$3:$A$162,$X25,$B$3:$B$162,AF$2)/8760 -> 0 | AL25: =SUMIFS($P$3:$P$162,$A$3:$A$162,$X25,$B$3:$B$162,AG$2)/8760 -> 0 | AM25: =SUMIFS($P$3:$P$162,$A$3:$A$162,$X25,$B$3:$B$162,AH$2)/8760 -> 0
A26: 四川 | B26: 2016 | C26: =SUM(D26:G26) -> 1642 | D26: 1399 | E26: 122 | G26: 121 | H26: =SUM(I26:L26) -> 349 | I26: 273 | J26: 22 | L26: 54 | N26: 1941 | O26: 1754 | Q26: 4904 | R26: {=IFERROR(IF(H26>10,H26/C26*0.8769,""),“”)} -> 0.1863813 | S26: {=IFERROR(IF(I26>10,I26/D26*0.8769,""),“”)} -> 0.17111773 | T26: {=IFERROR(IF(J26>10,J26/E26*0.8769,""),“”)} -> 0.15812951 | U26: {=IFERROR(IF(K26>10,K26/F26*0.8769,""),“”)} | V26: =IFERROR(IF((H26-J26)>10,(H26-J26)/(C26-E26)*0.8769,""),"") -> 0.18864888 | X26: 四川 | Y26: =SUMIFS($N$3:$N$162,$A$3:$A$162,$X26,$B$3:$B$162,Y$2)/8760 -> 0.22157534 | Z26: =SUMIFS($N$3:$N$162,$A$3:$A$162,$X26,$B$3:$B$162,Z$2)/8760 -> 0.2119863 | AA26: =SUMIFS($N$3:$N$162,$A$3:$A$162,$X26,$B$3:$B$162,AA$2)/8760 -> 0.28401826 | AB26: =SUMIFS($N$3:$N$162,$A$3:$A$162,$X26,$B$3:$B$162,AB$2)/8760 -> 0.32488584 | AC26: =SUMIFS($N$3:$N$162,$A$3:$A$162,$X26,$B$3:$B$162,AC$2)/8760 -> 0.33949772 | AD26: =SUMIFS($O$3:$O$162,$A$3:$A$162,$X26,$B$3:$B$162,Y$2)/8760 -> 0.20022831 | AE26: =SUMIFS($O$3:$O$162,$A$3:$A$162,$X26,$B$3:$B$162,Z$2)/8760 -> 0.17157534 | AF26: =SUMIFS($O$3:$O$162,$A$3:$A$162,$X26,$B$3:$B$162,AA$2)/8760 -> 0.19737443 | AG26: =SUMIFS($O$3:$O$162,$A$3:$A$162,$X26,$B$3:$B$162,AB$2)/8760 -> 0.23390411 | AH26: =SUMIFS($O$3:$O$162,$A$3:$A$162,$X26,$B$3:$B$162,AC$2)/8760 -> 0.23561644 | AI26: =SUMIFS($P$3:$P$162,$A$3:$A$162,$X26,$B$3:$B$162,AD$2)/8760 -> 0 | AJ26: =SUMIFS($P$3:$P$162,$A$3:$A$162,$X26,$B$3:$B$162,AE$2)/8760 -> 0 | AK26: =SUMIFS($P$3:$P$162,$A$3:$A$162,$X26,$B$3:$B$162,AF$2)/8760 -> 0 | AL26: =SUMIFS($P$3:$P$162,$A$3:$A$162,$X26,$B$3:$B$162,AG$2)/8760 -> 0 | AM26: =SUMIFS($P$3:$P$162,$A$3:$A$162,$X26,$B$3:$B$162,AH$2)/8760 -> 0
A27: 贵州 | B27: 2016 | C27: =SUM(D27:G27) -> 3013 | D27: 3005 | G27: 8 | H27: =SUM(I27:L27) -> 1172 | I27: 1167 | L27: 5 | N27: 3982 | Q27: 5387 | R27: {=IFERROR(IF(H27>10,H27/C27*0.8769,""),“”)} -> 0.34109751 | S27: {=IFERROR(IF(I27>10,I27/D27*0.8769,""),“”)} -> 0.34054652 | T27: {=IFERROR(IF(J27>10,J27/E27*0.8769,""),“”)} | U27: {=IFERROR(IF(K27>10,K27/F27*0.8769,""),“”)} | V27: =IFERROR(IF((H27-J27)>10,(H27-J27)/(C27-E27)*0.8769,""),"") -> 0.34109751 | X27: 贵州 | Y27: =SUMIFS($N$3:$N$162,$A$3:$A$162,$X27,$B$3:$B$162,Y$2)/8760 -> 0.45456621 | Z27: =SUMIFS($N$3:$N$162,$A$3:$A$162,$X27,$B$3:$B$162,Z$2)/8760 -> 0.44394977 | AA27: =SUMIFS($N$3:$N$162,$A$3:$A$162,$X27,$B$3:$B$162,AA$2)/8760 -> 0.44931507 | AB27: =SUMIFS($N$3:$N$162,$A$3:$A$162,$X27,$B$3:$B$162,AB$2)/8760 -> 0.48378995 | AC27: =SUMIFS($N$3:$N$162,$A$3:$A$162,$X27,$B$3:$B$162,AC$2)/8760 -> 0.44326484 | AD27: =SUMIFS($O$3:$O$162,$A$3:$A$162,$X27,$B$3:$B$162,Y$2)/8760 -> 0 | AE27: =SUMIFS($O$3:$O$162,$A$3:$A$162,$X27,$B$3:$B$162,Z$2)/8760 -> 0 | AF27: =SUMIFS($O$3:$O$162,$A$3:$A$162,$X27,$B$3:$B$162,AA$2)/8760 -> 0 | AG27: =SUMIFS($O$3:$O$162,$A$3:$A$162,$X27,$B$3:$B$162,AB$2)/8760 -> 0 | AH27: =SUMIFS($O$3:$O$162,$A$3:$A$162,$X27,$B$3:$B$162,AC$2)/8760 -> 0 | AI27: =SUMIFS($P$3:$P$162,$A$3:$A$162,$X27,$B$3:$B$162,AD$2)/8760 -> 0 | AJ27: =SUMIFS($P$3:$P$162,$A$3:$A$162,$X27,$B$3:$B$162,AE$2)/8760 -> 0 | AK27: =SUMIFS($P$3:$P$162,$A$3:$A$162,$X27,$B$3:$B$162,AF$2)/8760 -> 0 | AL27: =SUMIFS($P$3:$P$162,$A$3:$A$162,$X27,$B$3:$B$162,AG$2)/8760 -> 0 | AM27: =SUMIFS($P$3:$P$162,$A$3:$A$162,$X27,$B$3:$B$162,AH$2)/8760 -> 0
A28: 云南 | B28: 2016 | C28: =SUM(D28:G28) -> 1612 | D28: 1301 | E28: 2 | G28: 309 | H28: =SUM(I28:L28) -> 252 | I28: 170 | J28: 0 | L28: 82 | N28: 1309 | O28: 4158 | Q28: 2897 | R28: {=IFERROR(IF(H28>10,H28/C28*0.8769,""),“”)} -> 0.13708362 | S28: {=IFERROR(IF(I28>10,I28/D28*0.8769,""),“”)} -> 0.1145834 | T28: {=IFERROR(IF(J28>10,J28/E28*0.8769,""),“”)} | U28: {=IFERROR(IF(K28>10,K28/F28*0.8769,""),“”)} | V28: =IFERROR(IF((H28-J28)>10,(H28-J28)/(C28-E28)*0.8769,""),"") -> 0.13725391 | X28: 云南 | Y28: =SUMIFS($N$3:$N$162,$A$3:$A$162,$X28,$B$3:$B$162,Y$2)/8760 -> 0.14942922 | Z28: =SUMIFS($N$3:$N$162,$A$3:$A$162,$X28,$B$3:$B$162,Z$2)/8760 -> 0.14646119 | AA28: =SUMIFS($N$3:$N$162,$A$3:$A$162,$X28,$B$3:$B$162,AA$2)/8760 -> 0.18253425 | AB28: =SUMIFS($N$3:$N$162,$A$3:$A$162,$X28,$B$3:$B$162,AB$2)/8760 -> 0.19577626 | AC28: =SUMIFS($N$3:$N$162,$A$3:$A$162,$X28,$B$3:$B$162,AC$2)/8760 -> 0.2793379 | AD28: =SUMIFS($O$3:$O$162,$A$3:$A$162,$X28,$B$3:$B$162,Y$2)/8760 -> 0.47465753 | AE28: =SUMIFS($O$3:$O$162,$A$3:$A$162,$X28,$B$3:$B$162,Z$2)/8760 -> 0.55993151 | AF28: =SUMIFS($O$3:$O$162,$A$3:$A$162,$X28,$B$3:$B$162,AA$2)/8760 -> 0.64223744 | AG28: =SUMIFS($O$3:$O$162,$A$3:$A$162,$X28,$B$3:$B$162,AB$2)/8760 -> 0.72420091 | AH28: =SUMIFS($O$3:$O$162,$A$3:$A$162,$X28,$B$3:$B$162,AC$2)/8760 -> 0.51335616 | AI28: =SUMIFS($P$3:$P$162,$A$3:$A$162,$X28,$B$3:$B$162,AD$2)/8760 -> 0 | AJ28: =SUMIFS($P$3:$P$162,$A$3:$A$162,$X28,$B$3:$B$162,AE$2)/8760 -> 0 | AK28: =SUMIFS($P$3:$P$162,$A$3:$A$162,$X28,$B$3:$B$162,AF$2)/8760 -> 0 | AL28: =SUMIFS($P$3:$P$162,$A$3:$A$162,$X28,$B$3:$B$162,AG$2)/8760 -> 0 | AM28: =SUMIFS($P$3:$P$162,$A$3:$A$162,$X28,$B$3:$B$162,AH$2)/8760 -> 0
A29: 西藏 | B29: 2016 | C29: =SUM(D29:G29) -> 41 | F29: 39 | G29: 2 | H29: =SUM(I29:L29) -> 0 | K29: 0 | P29: 82 | R29: {=IFERROR(IF(H29>10,H29/C29*0.8769,""),“”)} | S29: {=IFERROR(IF(I29>10,I29/D29*0.8769,""),“”)} | T29: {=IFERROR(IF(J29>10,J29/E29*0.8769,""),“”)} | U29: {=IFERROR(IF(K29>10,K29/F29*0.8769,""),“”)} | V29: =IFERROR(IF((H29-J29)>10,(H29-J29)/(C29-E29)*0.8769,""),"") | X29: 西藏 | Y29: =SUMIFS($N$3:$N$162,$A$3:$A$162,$X29,$B$3:$B$162,Y$2)/8760 -> 0 | Z29: =SUMIFS($N$3:$N$162,$A$3:$A$162,$X29,$B$3:$B$162,Z$2)/8760 -> 0 | AA29: =SUMIFS($N$3:$N$162,$A$3:$A$162,$X29,$B$3:$B$162,AA$2)/8760 -> 0 | AB29: =SUMIFS($N$3:$N$162,$A$3:$A$162,$X29,$B$3:$B$162,AB$2)/8760 -> 0 | AC29: =SUMIFS($N$3:$N$162,$A$3:$A$162,$X29,$B$3:$B$162,AC$2)/8760 -> 0 | AD29: =SUMIFS($O$3:$O$162,$A$3:$A$162,$X29,$B$3:$B$162,Y$2)/8760 -> 0 | AE29: =SUMIFS($O$3:$O$162,$A$3:$A$162,$X29,$B$3:$B$162,Z$2)/8760 -> 0 | AF29: =SUMIFS($O$3:$O$162,$A$3:$A$162,$X29,$B$3:$B$162,AA$2)/8760 -> 0 | AG29: =SUMIFS($O$3:$O$162,$A$3:$A$162,$X29,$B$3:$B$162,AB$2)/8760 -> 0 | AH29: =SUMIFS($O$3:$O$162,$A$3:$A$162,$X29,$B$3:$B$162,AC$2)/8760 -> 0 | AI29: =SUMIFS($P$3:$P$162,$A$3:$A$162,$X29,$B$3:$B$162,AD$2)/8760 -> 0.0093607306 | AJ29: =SUMIFS($P$3:$P$162,$A$3:$A$162,$X29,$B$3:$B$162,AE$2)/8760 -> 0.012671233 | AK29: =SUMIFS($P$3:$P$162,$A$3:$A$162,$X29,$B$3:$B$162,AF$2)/8760 -> 0.017922374 | AL29: =SUMIFS($P$3:$P$162,$A$3:$A$162,$X29,$B$3:$B$162,AG$2)/8760 -> 0.01130137 | AM29: =SUMIFS($P$3:$P$162,$A$3:$A$162,$X29,$B$3:$B$162,AH$2)/8760 -> 0.019863014
A30: 陕西 | B30: 2016 | C30: =SUM(D30:G30) -> 3043 | D30: 2997 | G30: 46 | H30: =SUM(I30:L30) -> 1346 | I30: 1331 | L30: 15 | N30: 4499 | Q30: 3802 | R30: {=IFERROR(IF(H30>10,H30/C30*0.8769,""),“”)} -> 0.38787624 | S30: {=IFERROR(IF(I30>10,I30/D30*0.8769,""),“”)} -> 0.38944074 | T30: {=IFERROR(IF(J30>10,J30/E30*0.8769,""),“”)} | U30: {=IFERROR(IF(K30>10,K30/F30*0.8769,""),“”)} | V30: =IFERROR(IF((H30-J30)>10,(H30-J30)/(C30-E30)*0.8769,""),"") -> 0.38787624 | X30: 陕西 | Y30: =SUMIFS($N$3:$N$162,$A$3:$A$162,$X30,$B$3:$B$162,Y$2)/8760 -> 0.51358447 | Z30: =SUMIFS($N$3:$N$162,$A$3:$A$162,$X30,$B$3:$B$162,Z$2)/8760 -> 0.53835616 | AA30: =SUMIFS($N$3:$N$162,$A$3:$A$162,$X30,$B$3:$B$162,AA$2)/8760 -> 0.50753425 | AB30: =SUMIFS($N$3:$N$162,$A$3:$A$162,$X30,$B$3:$B$162,AB$2)/8760 -> 0.50068493 | AC30: =SUMIFS($N$3:$N$162,$A$3:$A$162,$X30,$B$3:$B$162,AC$2)/8760 -> 0.48242009 | AD30: =SUMIFS($O$3:$O$162,$A$3:$A$162,$X30,$B$3:$B$162,Y$2)/8760 -> 0 | AE30: =SUMIFS($O$3:$O$162,$A$3:$A$162,$X30,$B$3:$B$162,Z$2)/8760 -> 0 | AF30: =SUMIFS($O$3:$O$162,$A$3:$A$162,$X30,$B$3:$B$162,AA$2)/8760 -> 0 | AG30: =SUMIFS($O$3:$O$162,$A$3:$A$162,$X30,$B$3:$B$162,AB$2)/8760 -> 0 | AH30: =SUMIFS($O$3:$O$162,$A$3:$A$162,$X30,$B$3:$B$162,AC$2)/8760 -> 0 | AI30: =SUMIFS($P$3:$P$162,$A$3:$A$162,$X30,$B$3:$B$162,AD$2)/8760 -> 0 | AJ30: =SUMIFS($P$3:$P$162,$A$3:$A$162,$X30,$B$3:$B$162,AE$2)/8760 -> 0 | AK30: =SUMIFS($P$3:$P$162,$A$3:$A$162,$X30,$B$3:$B$162,AF$2)/8760 -> 0 | AL30: =SUMIFS($P$3:$P$162,$A$3:$A$162,$X30,$B$3:$B$162,AG$2)/8760 -> 0 | AM30: =SUMIFS($P$3:$P$162,$A$3:$A$162,$X30,$B$3:$B$162,AH$2)/8760 -> 0
A31: 甘肃 | B31: 2016 | C31: =SUM(D31:G31) -> 2002 | D31: 1966 | E31: 7 | G31: 29 | H31: =SUM(I31:L31) -> 699 | I31: 694 | J31: 0 | L31: 5 | N31: 3644 | O31: 479 | Q31: 1911 | R31: {=IFERROR(IF(H31>10,H31/C31*0.8769,""),“”)} -> 0.30617038 | S31: {=IFERROR(IF(I31>10,I31/D31*0.8769,""),“”)} -> 0.30954659 | T31: {=IFERROR(IF(J31>10,J31/E31*0.8769,""),“”)} | U31: {=IFERROR(IF(K31>10,K31/F31*0.8769,""),“”)} | V31: =IFERROR(IF((H31-J31)>10,(H31-J31)/(C31-E31)*0.8769,""),"") -> 0.30724466 | X31: 甘肃 | Y31: =SUMIFS($N$3:$N$162,$A$3:$A$162,$X31,$B$3:$B$162,Y$2)/8760 -> 0.41598174 | Z31: =SUMIFS($N$3:$N$162,$A$3:$A$162,$X31,$B$3:$B$162,Z$2)/8760 -> 0.40296804 | AA31: =SUMIFS($N$3:$N$162,$A$3:$A$162,$X31,$B$3:$B$162,AA$2)/8760 -> 0.48070776 | AB31: =SUMIFS($N$3:$N$162,$A$3:$A$162,$X31,$B$3:$B$162,AB$2)/8760 -> 0.4847032 | AC31: =SUMIFS($N$3:$N$162,$A$3:$A$162,$X31,$B$3:$B$162,AC$2)/8760 -> 0.52009132 | AD31: =SUMIFS($O$3:$O$162,$A$3:$A$162,$X31,$B$3:$B$162,Y$2)/8760 -> 0.054680365 | AE31: =SUMIFS($O$3:$O$162,$A$3:$A$162,$X31,$B$3:$B$162,Z$2)/8760 -> 0.021232877 | AF31: =SUMIFS($O$3:$O$162,$A$3:$A$162,$X31,$B$3:$B$162,AA$2)/8760 -> 0 | AG31: =SUMIFS($O$3:$O$162,$A$3:$A$162,$X31,$B$3:$B$162,AB$2)/8760 -> 0 | AH31: =SUMIFS($O$3:$O$162,$A$3:$A$162,$X31,$B$3:$B$162,AC$2)/8760 -> 0 | AI31: =SUMIFS($P$3:$P$162,$A$3:$A$162,$X31,$B$3:$B$162,AD$2)/8760 -> 0 | AJ31: =SUMIFS($P$3:$P$162,$A$3:$A$162,$X31,$B$3:$B$162,AE$2)/8760 -> 0 | AK31: =SUMIFS($P$3:$P$162,$A$3:$A$162,$X31,$B$3:$B$162,AF$2)/8760 -> 0 | AL31: =SUMIFS($P$3:$P$162,$A$3:$A$162,$X31,$B$3:$B$162,AG$2)/8760 -> 0 | AM31: =SUMIFS($P$3:$P$162,$A$3:$A$162,$X31,$B$3:$B$162,AH$2)/8760 -> 0
