Workbook
Name cpi_2019_to_2012: [1]About!$A$97
Name cpi_2020_to_2012: [1]About!$A$99
Name IQ_CH: 110000
Name IQ_CQ: 5000
Name IQ_CY: 10000
Name IQ_DAILY: 500000
Name IQ_FH: 100000
Name IQ_FQ: 500
Name IQ_FY: 1000
Name IQ_LTM: 2000
Name IQ_MONTH: 15000
Name IQ_NTM: 6000
Name IQ_WEEK: 50000
Name IQ_YTD: 3000

Sheet About
A1: BAU Expected Capacity Factors
A3: Source: | B3: Capacity, Generation and Operation Hours
B4: Thermal, Hydro, Nuclear, Onshore Wind, Solar, Biomass, MSW
B5: China Electricity Council
B6: 中国电力工业统计资料汇编 （Compilation of China Power Sector Statistics)
B7: 2016, 2017, 2018, 2019, 2020,2021,2022
B8: Chapter 2 (Power Generation)
B10: Distributed Solar & Solar Stations
B11: National Energy Administration
B12: 光伏发电建设运行情况 （Construction and Operation Status of Solar Power)
B13: 2016-2022
B14: 2022年光伏发电建设运行情况---国家能源局 (nea.gov.cn)
B15: 2021年光伏发电建设运行情况---国家能源局 (nea.gov.cn)
B16: 国家能源局公布2020年可再生能源发展情况_中国电力网 (chinapower.com.cn)
... B35: Gutiérrez-Negrín, L.C.A. Evolution of worldwide geothermal power 2020–2023. Geotherm Energy 12, 14 (2024). https://doi.org/10.1186/s40517-024-00290-w
A38: Notes: | B38: We do not distinguish between the expected CF for pre-exisint retiring, nonretiring and new facilities
B39: For 2019-2021, the exact CF is used
B40: For year beyond 2021, the median CF of 2016-2021 is used for incumben technology, and
B41: maximum CF is used for emerging technology
A42: Region Selector
A43: This excel file includes data required for all Chinese provinces (excluding Taiwan, Hong Kong, Macau,
A44: and sometimes Tibet). You can use the selector below to choose which province/region you would
A45: like to calculate for:
B46: Province Selector
B47: 全国 National
B49: Provincial Capacity Factors:
B50: Coal & Gangue (Lignite), Natural Gas (Peaker & Non-peaker), Biomass, PV, Onshore Wind, Hydro
B52: National Capacity Factors
B53: Nulcear, Solar Thermal, Geothermal, Oil (Petroleum, Crude & Fuel Oil)， Offshore Wind

Sheet Province Selector
A1: Code | B1: 地区名称 | C1: 地区全称 | D1: 地区简称 | E1: Name | F1: 缩写
A2: 00 | B2: 全国 National | C2: 全国 | D2: 全国 | E2: National | F2: CN
A3: 11 | B3: 北京市 Beijing | C3: 北京市 | D3: 北京 | E3: Beijing | F3: BJ
A4: 12 | B4: 天津市 Tianjin | C4: 天津市 | D4: 天津 | E4: Tianjin | F4: TJ
A5: 13 | B5: 河北省 Hebei | C5: 河北省 | D5: 河北 | E5: Hebei | F5: HE
A6: 14 | B6: 山西省 Shanxi | C6: 山西省 | D6: 山西 | E6: Shanxi | F6: SX
A7: 15 | B7: 内蒙古自治区 Inner Mongolia | C7: 内蒙古自治区 | D7: 内蒙古 | E7: Inner Mongolia | F7: NM
A8: 21 | B8: 辽宁省 Liaoning | C8: 辽宁省 | D8: 辽宁 | E8: Liaoning | F8: LN
A9: 22 | B9: 吉林省 Jilin | C9: 吉林省 | D9: 吉林 | E9: Jilin | F9: JL
A10: 23 | B10: 黑龙江省 Heilongjiang | C10: 黑龙江省 | D10: 黑龙江 | E10: Heilongjiang | F10: HL
A11: 31 | B11: 上海市 Shanghai | C11: 上海市 | D11: 上海 | E11: Shanghai | F11: SH
A12: 32 | B12: 江苏省 Jiangsu | C12: 江苏省 | D12: 江苏 | E12: Jiangsu | F12: JS
A13: 33 | B13: 浙江省 Zhejiang | C13: 浙江省 | D13: 浙江 | E13: Zhejiang | F13: ZJ
A14: 34 | B14: 安徽省 Anhui | C14: 安徽省 | D14: 安徽 | E14: Anhui | F14: AH
... A33: 65 | B33: 新疆维吾尔自治区 Xijiang | C33: 新疆维吾尔自治区 | D33: 新疆 | E33: Xijiang | F33: XJ

Sheet Renewable
A1: 年末装机量（万千瓦） Year End Total Capacity (10MW)
A2: 地区 | B2: 合计 | I2: 水电 | P2: 火电 | W2: 核电 | AD2: 风电 | AK2: 太阳能发电 | AR2: 其他 | AZ2: 地区 | BA2: 核电容量因子 | BG2: 风电容量因子 | BM2: 水电容量因子
B3: 2016年 | C3: 2017年 | D3: 2018年 | E3: 2019年 | F3: 2020年 | G3: 2021年 | H3: 2022年 | I3: 2016年 | J3: 2017年 | K3: 2018年 | L3: 2019年 | M3: 2020年 | N3: 2021年 | O3: 2022年 | P3: 2016年 | Q3: 2017年 | R3: 2018年 | S3: 2019年 | T3: 2020年 | U3: 2021年 | V3: 2022年 | W3: 2016年 | X3: 2017年 | Y3: 2018年 | Z3: 2019年 | AA3: 2020年 | AB3: 2021年 | AC3: 2022年 | AD3: 2016年 | AE3: 2017年 | AF3: 2018年 | AG3: 2019年 | AH3: 2020年 | AI3: 2021年 | AJ3: 2022年 | AK3: 2016年 | AL3: 2017年 | AM3: 2018年 | AN3: 2019年 | AO3: 2020年 | AP3: 2021年 | AQ3: 2022年 | AR3: 2016年 | AS3: 2017年 | AT3: 2018年 | AU3: 2019年 | AV3: 2020年 | AW3: 2021年 | AX3: 2022年 | BA3: 2017 | BB3: 2018 | BC3: 2019 | BD3: 2020 | BE3: 2021 | BF3: 2022 | BG3: 2017 | BH3: 2018 | BI3: 2019 | BJ3: 2020 | BK3: 2021 | BL3: 2022 | BM3: 2017 | BN3: 2018 | BO3: 2019 | BP3: 2020 | BQ3: 2021 | BR3: 2022
A4: 全国 | B4: 165051 | C4: 178451 | D4: 190012 | E4: 201006 | F4: 220540 | G4: 237777 | H4: 256798 | I4: 33207 | J4: 34411 | K4: 35259 | L4: 35804 | M4: 37028 | N4: 39094 | O4: 41406 | P4: 106094 | Q4: 111009 | R4: 114408 | S4: 118957 | T4: 124960 | U4: 129739 | V4: 133329 | W4: 3364 | X4: 3582 | Y4: 4466 | Z4: 4874 | AA4: 4989 | AB4: 5326 | AC4: 5557 | AD4: 14747 | AE4: 16400 | AF4: 18427 | AG4: 20915 | AH4: 28165 | AI4: 32871 | AJ4: 36564 | AK4: 7631 | AL4: 13042 | AM4: 17433 | AN4: 20429 | AO4: 25356 | AP4: 30654 | AQ4: 39268 | AS4: 7 | AT4: 20 | AU4: 37 | AV4: 41 | AW4: 94 | AX4: 675 | AZ4: 全国 | BA4: =IFERROR(X40/AVERAGE(W4:X4)*10000/8760,"") -> 0.81548856 | BB4: =IFERROR(Y40/AVERAGE(X4:Y4)*10000/8760,"") -> 0.83687373 | BC4: =IFERROR(Z40/AVERAGE(Y4:Z4)*10000/8760,"") -> 0.8523755 | BD4: =IFERROR(AA40/AVERAGE(Z4:AA4)*10000/8760,"") -> 0.84768636 | BE4: =IFERROR(AB40/AVERAGE(AA4:AB4)*10000/8760,"") -> 0.90195375 | BF4: =IFERROR(AC40/AVERAGE(AB4:AC4)*10000/8760,"") -> 0.87648744 | BG4: =IFERROR(AE40/AVERAGE(AD4:AE4)*10000/8760,"") -> 0.22327473 | BH4: =IFERROR(AF40/AVERAGE(AE4:AF4)*10000/8760,"") -> 0.2398024 | BI4: =IFERROR(AG40/AVERAGE(AF4:AG4)*10000/8760,"") -> 0.23520473 | BJ4: =IFERROR(AH40/AVERAGE(AG4:AH4)*10000/8760,"") -> 0.21700662 | BK4: =IFERROR(AI40/AVERAGE(AH4:AI4)*10000/8760,"") -> 0.24530773 | BL4: =IFERROR(AJ40/AVERAGE(AI4:AJ4)*10000/8760,"") -> 0.25068615 | BM4: =IFERROR(J40/((I4+J4)/2)*10000/8760,"") -> 0.4033875 | BN4: =IFERROR(K40/((J4+K4)/2)*10000/8760,"") -> 0.40376255 | BO4: =IFERROR(L40/((K4+L4)/2)*10000/8760,"") -> 0.4183374 | BP4: =IFERROR(M40/((L4+M4)/2)*10000/8760,"") -> 0.42485339 | BQ4: =IFERROR(N40/((M4+N4)/2)*10000/8760,"") -> 0.40187231 | BR4: =IFERROR(O40/((N4+O4)/2)*10000/8760,"") -> 0.38336311
A5: 北京 | B5: 1103 | C5: 1219 | D5: 1276 | E5: 1304 | F5: 1316 | G5: 1340 | H5: 1361 | I5: 98 | J5: 98 | K5: 98 | L5: 99 | M5: 99 | N5: 99 | O5: 102 | P5: 971 | Q5: 1077 | R5: 1119 | S5: 1135 | T5: 1136 | U5: 1137 | V5: 1137 | AD5: 19 | AE5: 19 | AF5: 19 | AG5: 19 | AH5: 19 | AI5: 24 | AJ5: 24 | AK5: 15 | AL5: 25 | AM5: 40 | AN5: 51 | AO5: 62 | AP5: 80 | AQ5: 95 | AX5: 3 | AZ5: 北京 | BA5: =IFERROR(X41/AVERAGE(W5:X5)*10000/8760,"") | BB5: =IFERROR(Y41/AVERAGE(X5:Y5)*10000/8760,"") | BC5: =IFERROR(Z41/AVERAGE(Y5:Z5)*10000/8760,"") | BD5: =IFERROR(AA41/AVERAGE(Z5:AA5)*10000/8760,"") | BE5: =IFERROR(AB41/AVERAGE(AA5:AB5)*10000/8760,"") | BF5: =IFERROR(AC41/AVERAGE(AB5:AC5)*10000/8760,"") | BG5: =IFERROR(AE41/AVERAGE(AD5:AE5)*10000/8760,"") -> 0.18024513 | BH5: =IFERROR(AF41/AVERAGE(AE5:AF5)*10000/8760,"") -> 0.18024513 | BI5: =IFERROR(AG41/AVERAGE(AF5:AG5)*10000/8760,"") -> 0.18024513 | BJ5: =IFERROR(AH41/AVERAGE(AG5:AH5)*10000/8760,"") -> 0.24032684 | BK5: =IFERROR(AI41/AVERAGE(AH5:AI5)*10000/8760,"") -> 0.21238186 | BL5: =IFERROR(AJ41/AVERAGE(AI5:AJ5)*10000/8760,"") -> 0.23782344 | BM5: =IFERROR(J41/((I5+J5)/2)*10000/8760,"") -> 0.12813345 | BN5: =IFERROR(K41/((J5+K5)/2)*10000/8760,"") -> 0.11648495 | BO5: =IFERROR(L41/((K5+L5)/2)*10000/8760,"") -> 0.11589366 | BP5: =IFERROR(M41/((L5+M5)/2)*10000/8760,"") -> 0.12683917 | BQ5: =IFERROR(N41/((M5+N5)/2)*10000/8760,"") -> 0.16143167 | BR5: =IFERROR(O41/((N5+O5)/2)*10000/8760,"") -> 0.10222858
A6: 天津 | B6: 1467 | C6: 1499 | D6: 1709 | E6: 1842 | F6: 1917 | G6: 2192 | H6: 2262 | I6: 1 | J6: 1 | K6: 1 | L6: 1 | M6: 1 | N6: 1 | O6: 1 | P6: 1378 | Q6: 1402 | R6: 1529 | S6: 1639 | T6: 1668 | U6: 1884 | V6: 1896 | AD6: 29 | AE6: 29 | AF6: 52 | AG6: 60 | AH6: 85 | AI6: 130 | AJ6: 145 | AK6: 60 | AL6: 68 | AM6: 128 | AN6: 143 | AO6: 164 | AP6: 178 | AQ6: 221 | AX6: 0.001 | AZ6: 天津 | BA6: =IFERROR(X42/AVERAGE(W6:X6)*10000/8760,"") | BB6: =IFERROR(Y42/AVERAGE(X6:Y6)*10000/8760,"") | BC6: =IFERROR(Z42/AVERAGE(Y6:Z6)*10000/8760,"") | BD6: =IFERROR(AA42/AVERAGE(Z6:AA6)*10000/8760,"") | BE6: =IFERROR(AB42/AVERAGE(AA6:AB6)*10000/8760,"") | BF6: =IFERROR(AC42/AVERAGE(AB6:AC6)*10000/8760,"") | BG6: =IFERROR(AE42/AVERAGE(AD6:AE6)*10000/8760,"") -> 0.23618328 | BH6: =IFERROR(AF42/AVERAGE(AE6:AF6)*10000/8760,"") -> 0.22549185 | BI6: =IFERROR(AG42/AVERAGE(AF6:AG6)*10000/8760,"") -> 0.22423353 | BJ6: =IFERROR(AH42/AVERAGE(AG6:AH6)*10000/8760,"") -> 0.18894662 | BK6: =IFERROR(AI42/AVERAGE(AH6:AI6)*10000/8760,"") -> 0.19114368 | BL6: =IFERROR(AJ42/AVERAGE(AI6:AJ6)*10000/8760,"") -> 0.2158572 | BM6: =IFERROR(J42/((I6+J6)/2)*10000/8760,"") -> 0.079908676 | BN6: =IFERROR(K42/((J6+K6)/2)*10000/8760,"") -> 0.17123288 | BO6: =IFERROR(L42/((K6+L6)/2)*10000/8760,"") -> 0.1369863 | BP6: =IFERROR(M42/((L6+M6)/2)*10000/8760,"") -> 0.11415525 | BQ6: =IFERROR(N42/((M6+N6)/2)*10000/8760,"") -> 0.2283105 | BR6: =IFERROR(O42/((N6+O6)/2)*10000/8760,"") -> 0.11415525
A7: 河北 | B7: 6275 | C7: 6807 | D7: 7427 | E7: 8319 | F7: 10042 | G7: 11078 | H7: 12459 | I7: 182 | J7: 182 | K7: 182 | L7: 182 | M7: 182 | N7: 182 | O7: 393 | P7: 4510 | Q7: 4574 | R7: 4617 | S7: 5021 | T7: 5391 | U7: 5424 | V7: 5383 | AD7: 1138 | AE7: 1181 | AF7: 1391 | AG7: 1639 | AH7: 2274 | AI7: 2546 | AJ7: 2797 | AK7: 443 | AL7: 868 | AM7: 1234 | AN7: 1474 | AO7: 2190 | AP7: 2921 | AQ7: 3855 | AS7: 2 | AT7: 3 | AU7: 3 | AV7: 4 | AW7: 4 | AX7: 31 | AZ7: 河北 | BA7: =IFERROR(X43/AVERAGE(W7:X7)*10000/8760,"") | BB7: =IFERROR(Y43/AVERAGE(X7:Y7)*10000/8760,"") | BC7: =IFERROR(Z43/AVERAGE(Y7:Z7)*10000/8760,"") | BD7: =IFERROR(AA43/AVERAGE(Z7:AA7)*10000/8760,"") | BE7: =IFERROR(AB43/AVERAGE(AA7:AB7)*10000/8760,"") | BF7: =IFERROR(AC43/AVERAGE(AB7:AC7)*10000/8760,"") | BG7: =IFERROR(AE43/AVERAGE(AD7:AE7)*10000/8760,"") -> 0.25892912 | BH7: =IFERROR(AF43/AVERAGE(AE7:AF7)*10000/8760,"") -> 0.25121257 | BI7: =IFERROR(AG43/AVERAGE(AF7:AG7)*10000/8760,"") -> 0.239613 | BJ7: =IFERROR(AH43/AVERAGE(AG7:AH7)*10000/8760,"") -> 0.21471573 | BK7: =IFERROR(AI43/AVERAGE(AH7:AI7)*10000/8760,"") -> 0.24204703 | BL7: =IFERROR(AJ43/AVERAGE(AI7:AJ7)*10000/8760,"") -> 0.25082962 | BM7: =IFERROR(J43/((I7+J7)/2)*10000/8760,"") -> 0.12544533 | BN7: =IFERROR(K43/((J7+K7)/2)*10000/8760,"") -> 0.10662853 | BO7: =IFERROR(L43/((K7+L7)/2)*10000/8760,"") -> 0.10035626 | BP7: =IFERROR(M43/((L7+M7)/2)*10000/8760,"") -> 0.094083998 | BQ7: =IFERROR(N43/((M7+N7)/2)*10000/8760,"") -> 0.1505344 | BR7: =IFERROR(O43/((N7+O7)/2)*10000/8760,"") -> 0.14691284
A8: 山西 | B8: 7640 | C8: 8073 | D8: 8758 | E8: 9249 | F8: 10383 | G8: 11338 | H8: 12091 | I8: 244 | J8: 244 | K8: 223 | L8: 223 | M8: 223 | N8: 224 | O8: 224 | P8: 6329 | Q8: 6366 | R8: 6628 | S8: 6687 | T8: 6878 | U8: 7533 | V8: 7842 | AD8: 771 | AE8: 872 | AF8: 1043 | AG8: 1251 | AH8: 1974 | AI8: 2123 | AJ8: 2318 | AK8: 297 | AL8: 590 | AM8: 864 | AN8: 1088 | AO8: 1309 | AP8: 1458 | AQ8: 1696 | AX8: 11 | AZ8: 山西 | BA8: =IFERROR(X44/AVERAGE(W8:X8)*10000/8760,"") | BB8: =IFERROR(Y44/AVERAGE(X8:Y8)*10000/8760,"") | BC8: =IFERROR(Z44/AVERAGE(Y8:Z8)*10000/8760,"") | BD8: =IFERROR(AA44/AVERAGE(Z8:AA8)*10000/8760,"") | BE8: =IFERROR(AB44/AVERAGE(AA8:AB8)*10000/8760,"") | BF8: =IFERROR(AC44/AVERAGE(AB8:AC8)*10000/8760,"") | BG8: =IFERROR(AE44/AVERAGE(AD8:AE8)*10000/8760,"") -> 0.22928322 | BH8: =IFERROR(AF44/AVERAGE(AE8:AF8)*10000/8760,"") -> 0.25275105 | BI8: =IFERROR(AG44/AVERAGE(AF8:AG8)*10000/8760,"") -> 0.22293615 | BJ8: =IFERROR(AH44/AVERAGE(AG8:AH8)*10000/8760,"") -> 0.18831192 | BK8: =IFERROR(AI44/AVERAGE(AH8:AI8)*10000/8760,"") -> 0.26135618 | BL8: =IFERROR(AJ44/AVERAGE(AI8:AJ8)*10000/8760,"") -> 0.23956923 | BM8: =IFERROR(J44/((I8+J8)/2)*10000/8760,"") -> 0.19649674 | BN8: =IFERROR(K44/((J8+K8)/2)*10000/8760,"") -> 0.21022166 | BO8: =IFERROR(L44/((K8+L8)/2)*10000/8760,"") -> 0.25083441 | BP8: =IFERROR(M44/((L8+M8)/2)*10000/8760,"") -> 0.24059627 | BQ8: =IFERROR(N44/((M8+N8)/2)*10000/8760,"") -> 0.19919708 | BR8: =IFERROR(O44/((N8+O8)/2)*10000/8760,"") -> 0.1834638
A9: 内蒙古 | B9: 11045 | C9: 11826 | D9: 12285 | E9: 12931 | F9: 14639 | G9: 15487 | H9: 16915 | I9: 241 | J9: 242 | K9: 242 | L9: 239 | M9: 242 | N9: 241 | O9: 241 | P9: 7609 | Q9: 8170 | R9: 8229 | S9: 8721 | T9: 9374 | U9: 9834 | V9: 10503 | AD9: 2557 | AE9: 2670 | AF9: 2868 | AG9: 2920 | AH9: 3786 | AI9: 3996 | AJ9: 4568 | AK9: 638 | AL9: 743 | AM9: 946 | AN9: 1051 | AO9: 1237 | AP9: 1412 | AQ9: 1568 | AW9: 3 | AX9: 35 | AZ9: 内蒙古 | BA9: =IFERROR(X45/AVERAGE(W9:X9)*10000/8760,"") | BB9: =IFERROR(Y45/AVERAGE(X9:Y9)*10000/8760,"") | BC9: =IFERROR(Z45/AVERAGE(Y9:Z9)*10000/8760,"") | BD9: =IFERROR(AA45/AVERAGE(Z9:AA9)*10000/8760,"") | BE9: =IFERROR(AB45/AVERAGE(AA9:AB9)*10000/8760,"") | BF9: =IFERROR(AC45/AVERAGE(AB9:AC9)*10000/8760,"") | BG9: =IFERROR(AE45/AVERAGE(AD9:AE9)*10000/8760,"") -> 0.24067168 | BH9: =IFERROR(AF45/AVERAGE(AE9:AF9)*10000/8760,"") -> 0.26054936 | BI9: =IFERROR(AG45/AVERAGE(AF9:AG9)*10000/8760,"") -> 0.26270697 | BJ9: =IFERROR(AH45/AVERAGE(AG9:AH9)*10000/8760,"") -> 0.24717182 | BK9: =IFERROR(AI45/AVERAGE(AH9:AI9)*10000/8760,"") -> 0.28370118 | BL9: =IFERROR(AJ45/AVERAGE(AI9:AJ9)*10000/8760,"") -> 0.28712098 | BM9: =IFERROR(J45/((I9+J9)/2)*10000/8760,"") -> 0.11344621 | BN9: =IFERROR(K45/((J9+K9)/2)*10000/8760,"") -> 0.21227216 | BO9: =IFERROR(L45/((K9+L9)/2)*10000/8760,"") -> 0.27530165 | BP9: =IFERROR(M45/((L9+M9)/2)*10000/8760,"") -> 0.27055507 | BQ9: =IFERROR(N45/((M9+N9)/2)*10000/8760,"") -> 0.29306938 | BR9: =IFERROR(O45/((N9+O9)/2)*10000/8760,"") -> 0.20367949
A10: 辽宁 | B10: 4601 | C10: 4869 | D10: 5192 | E10: 5370 | F10: 5776 | G10: 6164 | H10: 6595 | I10: 293 | J10: 295 | K10: 299 | L10: 302 | M10: 305 | N10: 305 | O10: 305 | P10: 3114 | Q10: 3193 | R10: 3383 | S10: 3446 | T10: 3643 | U10: 3737 | V10: 3835 | W10: 448 | X10: 448 | Y10: 448 | Z10: 448 | AA10: 448 | AB10: 558 | AC10: 668 | AD10: 695 | AE10: 711 | AF10: 761 | AG10: 832 | AH10: 981 | AI10: 1087 | AJ10: 1173 | AK10: 52 | AL10: 223 | AM10: 302 | AN10: 343 | AO10: 400 | AP10: 478 | AQ10: 601 | AX10: 15 | AZ10: 辽宁 | BA10: =IFERROR(X46/AVERAGE(W10:X10)*10000/8760,"") -> 0.60135356 | BB10: =IFERROR(Y46/AVERAGE(X10:Y10)*10000/8760,"") -> 0.7695287 | BC10: =IFERROR(Z46/AVERAGE(Y10:Z10)*10000/8760,"") -> 0.83323141 | BD10: =IFERROR(AA46/AVERAGE(Z10:AA10)*10000/8760,"") -> 0.83323141 | BE10: =IFERROR(AB46/AVERAGE(AA10:AB10)*10000/8760,"") -> 0.90779524 | BF10: =IFERROR(AC46/AVERAGE(AB10:AC10)*10000/8760,"") -> 0.84173203 | BG10: =IFERROR(AE46/AVERAGE(AD10:AE10)*10000/8760,"") -> 0.2435745 | BH10: =IFERROR(AF46/AVERAGE(AE10:AF10)*10000/8760,"") -> 0.2559187 | BI10: =IFERROR(AG46/AVERAGE(AF10:AG10)*10000/8760,"") -> 0.2622776 | BJ10: =IFERROR(AH46/AVERAGE(AG10:AH10)*10000/8760,"") -> 0.24430357 | BK10: =IFERROR(AI46/AVERAGE(AH10:AI10)*10000/8760,"") -> 0.25061162 | BL10: =IFERROR(AJ46/AVERAGE(AI10:AJ10)*10000/8760,"") -> 0.25760698 | BM10: =IFERROR(J46/((I10+J10)/2)*10000/8760,"") -> 0.17472743 | BN10: =IFERROR(K46/((J10+K10)/2)*10000/8760,"") -> 0.17680611 | BO10: =IFERROR(L46/((K10+L10)/2)*10000/8760,"") -> 0.16714912 | BP10: =IFERROR(M46/((L10+M10)/2)*10000/8760,"") -> 0.21439372 | BQ10: =IFERROR(N46/((M10+N10)/2)*10000/8760,"") -> 0.29193802 | BR10: =IFERROR(O46/((N10+O10)/2)*10000/8760,"") -> 0.29942361
A11: 吉林 | B11: 2716 | C11: 2864 | D11: 3055 | E11: 3122 | F11: 3278 | G11: 3485 | H11: 4030 | I11: 378 | J11: 380 | K11: 385 | L11: 445 | M11: 510 | N11: 619 | O11: 646 | P11: 1777 | Q11: 1820 | R11: 1892 | S11: 1845 | T11: 1852 | U11: 1855 | V11: 1855 | AD11: 505 | AE11: 505 | AF11: 514 | AG11: 557 | AH11: 577 | AI11: 665 | AJ11: 1143 | AK11: 56 | AL11: 159 | AM11: 265 | AN11: 274 | AO11: 338 | AP11: 346 | AQ11: 387 | AZ11: 吉林 | BA11: =IFERROR(X47/AVERAGE(W11:X11)*10000/8760,"") | BB11: =IFERROR(Y47/AVERAGE(X11:Y11)*10000/8760,"") | BC11: =IFERROR(Z47/AVERAGE(Y11:Z11)*10000/8760,"") | BD11: =IFERROR(AA47/AVERAGE(Z11:AA11)*10000/8760,"") | BE11: =IFERROR(AB47/AVERAGE(AA11:AB11)*10000/8760,"") | BF11: =IFERROR(AC47/AVERAGE(AB11:AC11)*10000/8760,"") | BG11: =IFERROR(AE47/AVERAGE(AD11:AE11)*10000/8760,"") -> 0.1966635 | BH11: =IFERROR(AF47/AVERAGE(AE11:AF11)*10000/8760,"") -> 0.23525616 | BI11: =IFERROR(AG47/AVERAGE(AF11:AG11)*10000/8760,"") -> 0.24515133 | BJ11: =IFERROR(AH47/AVERAGE(AG11:AH11)*10000/8760,"") -> 0.26173162 | BK11: =IFERROR(AI47/AVERAGE(AH11:AI11)*10000/8760,"") -> 0.25367834 | BL11: =IFERROR(AJ47/AVERAGE(AI11:AJ11)*10000/8760,"") -> 0.25381864 | BM11: =IFERROR(J47/((I11+J11)/2)*10000/8760,"") -> 0.23192492 | BN11: =IFERROR(K47/((J11+K11)/2)*10000/8760,"") -> 0.23577163 | BO11: =IFERROR(L47/((K11+L11)/2)*10000/8760,"") -> 0.18429884 | BP11: =IFERROR(M47/((L11+M11)/2)*10000/8760,"") -> 0.22472447 | BQ11: =IFERROR(N47/((M11+N11)/2)*10000/8760,"") -> 0.21233483 | BR11: =IFERROR(O47/((N11+O11)/2)*10000/8760,"") -> 0.21296948
A12: 黑龙江 | B12: 2783 | C12: 2969 | D12: 3129 | E12: 3246 | F12: 3536 | G12: 3955 | H12: 4180 | I12: 102 | J12: 103 | K12: 104 | L12: 108 | M12: 109 | N12: 169 | O12: 230 | P12: 2104 | Q12: 2201 | R12: 2212 | S12: 2253 | T12: 2423 | U12: 2531 | V12: 2531 | AD12: 561 | AE12: 570 | AF12: 598 | AG12: 611 | AH12: 686 | AI12: 835 | AJ12: 943 | AK12: 17 | AL12: 94 | AM12: 215 | AN12: 274 | AO12: 318 | AP12: 420 | AQ12: 475 | AZ12: 黑龙江 | BA12: =IFERROR(X48/AVERAGE(W12:X12)*10000/8760,"") | BB12: =IFERROR(Y48/AVERAGE(X12:Y12)*10000/8760,"") | BC12: =IFERROR(Z48/AVERAGE(Y12:Z12)*10000/8760,"") | BD12: =IFERROR(AA48/AVERAGE(Z12:AA12)*10000/8760,"") | BE12: =IFERROR(AB48/AVERAGE(AA12:AB12)*10000/8760,"") | BF12: =IFERROR(AC48/AVERAGE(AB12:AC12)*10000/8760,"") | BG12: =IFERROR(AE48/AVERAGE(AD12:AE12)*10000/8760,"") -> 0.21801533 | BH12: =IFERROR(AF48/AVERAGE(AE12:AF12)*10000/8760,"") -> 0.24433915 | BI12: =IFERROR(AG48/AVERAGE(AF12:AG12)*10000/8760,"") -> 0.26437941 | BJ12: =IFERROR(AH48/AVERAGE(AG12:AH12)*10000/8760,"") -> 0.24820186 | BK12: =IFERROR(AI48/AVERAGE(AH12:AI12)*10000/8760,"") -> 0.24317095 | BL12: =IFERROR(AJ48/AVERAGE(AI12:AJ12)*10000/8760,"") -> 0.29277162 | BM12: =IFERROR(J48/((I12+J12)/2)*10000/8760,"") -> 0.27842744 | BN12: =IFERROR(K48/((J12+K12)/2)*10000/8760,"") -> 0.28676681 | BO12: =IFERROR(L48/((K12+L12)/2)*10000/8760,"") -> 0.30154217 | BP12: =IFERROR(M48/((L12+M12)/2)*10000/8760,"") -> 0.33667908 | BQ12: =IFERROR(N48/((M12+N12)/2)*10000/8760,"") -> 0.22174042 | BR12: =IFERROR(O48/((N12+O12)/2)*10000/8760,"") -> 0.22888271
A13: 上海 | B13: 2371 | C13: 2400 | D13: 2525 | E13: 2664 | F13: 2669 | G13: 2786 | H13: 2830 | P13: 2264 | Q13: 2271 | R13: 2365 | S13: 2475 | T13: 2450 | U13: 2510 | V13: 2528 | AD13: 71 | AE13: 71 | AF13: 71 | AG13: 81 | AH13: 82 | AI13: 107 | AJ13: 107 | AK13: 35 | AL13: 58 | AM13: 89 | AN13: 109 | AO13: 137 | AP13: 168 | AQ13: 195 | AZ13: 上海 | BA13: =IFERROR(X49/AVERAGE(W13:X13)*10000/8760,"") | BB13: =IFERROR(Y49/AVERAGE(X13:Y13)*10000/8760,"") | BC13: =IFERROR(Z49/AVERAGE(Y13:Z13)*10000/8760,"") | BD13: =IFERROR(AA49/AVERAGE(Z13:AA13)*10000/8760,"") | BE13: =IFERROR(AB49/AVERAGE(AA13:AB13)*10000/8760,"") | BF13: =IFERROR(AC49/AVERAGE(AB13:AC13)*10000/8760,"") | BG13: =IFERROR(AE49/AVERAGE(AD13:AE13)*10000/8760,"") -> 0.27332947 | BH13: =IFERROR(AF49/AVERAGE(AE13:AF13)*10000/8760,"") -> 0.28940768 | BI13: =IFERROR(AG49/AVERAGE(AF13:AG13)*10000/8760,"") -> 0.25534727 | BJ13: =IFERROR(AH49/AVERAGE(AG13:AH13)*10000/8760,"") -> 0.26612881 | BK13: =IFERROR(AI49/AVERAGE(AH13:AI13)*10000/8760,"") -> 0.21743857 | BL13: =IFERROR(AJ49/AVERAGE(AI13:AJ13)*10000/8760,"") -> 0.26671788 | BM13: =IFERROR(J49/((I13+J13)/2)*10000/8760,"") | BN13: =IFERROR(K49/((J13+K13)/2)*10000/8760,"") | BO13: =IFERROR(L49/((K13+L13)/2)*10000/8760,"") | BP13: =IFERROR(M49/((L13+M13)/2)*10000/8760,"") | BQ13: =IFERROR(N49/((M13+N13)/2)*10000/8760,"") | BR13: =IFERROR(O49/((N13+O13)/2)*10000/8760,"")
A14: 江苏 | B14: 10160 | C14: 11469 | D14: 12657 | E14: 13288 | F14: 14146 | G14: 15420 | H14: 16156 | I14: 115 | J14: 265 | K14: 265 | L14: 265 | M14: 265 | N14: 265 | O14: 265 | P14: 8727 | Q14: 9430 | R14: 9749 | S14: 10050 | T14: 10079 | U14: 10322 | V14: 10437 | W14: 212 | X14: 212 | Y14: 437 | Z14: 437 | AA14: 549 | AB14: 661 | AC14: 661 | AD14: 561 | AE14: 656 | AF14: 865 | AG14: 1041 | AH14: 1547 | AI14: 2234 | AJ14: 2254 | AK14: 546 | AL14: 907 | AM14: 1332 | AN14: 1486 | AO14: 1684 | AP14: 1916 | AQ14: 2508 | AT14: 10 | AU14: 10 | AV14: 23 | AW14: 23 | AX14: 30 | AZ14: 江苏 | BA14: =IFERROR(X50/AVERAGE(W14:X14)*10000/8760,"") -> 0.93154993 | BB14: =IFERROR(Y50/AVERAGE(X14:Y14)*10000/8760,"") -> 0.8513273 | BC14: =IFERROR(Z50/AVERAGE(Y14:Z14)*10000/8760,"") -> 0.85942969 | BD14: =IFERROR(AA50/AVERAGE(Z14:AA14)*10000/8760,"") -> 0.82201043 | BE14: =IFERROR(AB50/AVERAGE(AA14:AB14)*10000/8760,"") -> 0.91512887 | BF14: =IFERROR(AC50/AVERAGE(AB14:AC14)*10000/8760,"") -> 0.90840639 | BG14: =IFERROR(AE50/AVERAGE(AD14:AE14)*10000/8760,"") -> 0.22512128 | BH14: =IFERROR(AF50/AVERAGE(AE14:AF14)*10000/8760,"") -> 0.25968256 | BI14: =IFERROR(AG50/AVERAGE(AF14:AG14)*10000/8760,"") -> 0.22040468 | BJ14: =IFERROR(AH50/AVERAGE(AG14:AH14)*10000/8760,"") -> 0.20202127 | BK14: =IFERROR(AI50/AVERAGE(AH14:AI14)*10000/8760,"") -> 0.2511959 | BL14: =IFERROR(AJ50/AVERAGE(AI14:AJ14)*10000/8760,"") -> 0.26096989 | BM14: =IFERROR(J50/((I14+J14)/2)*10000/8760,"") -> 0.17423696 | BN14: =IFERROR(K50/((J14+K14)/2)*10000/8760,"") -> 0.14646334 | BO14: =IFERROR(L50/((K14+L14)/2)*10000/8760,"") -> 0.13354011 | BP14: =IFERROR(M50/((L14+M14)/2)*10000/8760,"") -> 0.13784785 | BQ14: =IFERROR(N50/((M14+N14)/2)*10000/8760,"") -> 0.13354011 | BR14: =IFERROR(O50/((N14+O14)/2)*10000/8760,"") -> 0.13354011
A15: 浙江 | B15: 8331 | C15: 8899 | D15: 9565 | E15: 9789 | F15: 10142 | G15: 10857 | H15: 11810 | I15: 1154 | J15: 1160 | K15: 1161 | L15: 1170 | M15: 1171 | N15: 1278 | O15: 1384 | P15: 6062 | Q15: 6134 | R15: 6209 | S15: 6212 | T15: 6358 | U15: 6462 | V15: 6534 | W15: 657 | X15: 657 | Y15: 908 | Z15: 908 | AA15: 911 | AB15: 911 | AC15: 917 | AD15: 119 | AE15: 133 | AF15: 148 | AG15: 160 | AH15: 186 | AI15: 364 | AJ15: 423 | AK15: 338 | AL15: 814 | AM15: 1138 | AN15: 1339 | AO15: 1517 | AP15: 1842 | AQ15: 2539 | AS15: 0.4 | AT15: 0.4 | AU15: 1 | AV15: 1 | AW15: 1 | AX15: 14 | AZ15: 浙江 | BA15: =IFERROR(X51/AVERAGE(W15:X15)*10000/8760,"") -> 0.88787418 | BB15: =IFERROR(Y51/AVERAGE(X15:Y15)*10000/8760,"") -> 0.85634674 | BC15: =IFERROR(Z51/AVERAGE(Y15:Z15)*10000/8760,"") -> 0.79078913 | BD15: =IFERROR(AA51/AVERAGE(Z15:AA15)*10000/8760,"") -> 0.89366178 | BE15: =IFERROR(AB51/AVERAGE(AA15:AB15)*10000/8760,"") -> 0.91850493 | BF15: =IFERROR(AC51/AVERAGE(AB15:AC15)*10000/8760,"") -> 0.91299222 | BG15: =IFERROR(AE51/AVERAGE(AD15:AE15)*10000/8760,"") -> 0.22649851 | BH15: =IFERROR(AF51/AVERAGE(AE15:AF15)*10000/8760,"") -> 0.2518728 | BI15: =IFERROR(AG51/AVERAGE(AF15:AG15)*10000/8760,"") -> 0.2446184 | BJ15: =IFERROR(AH51/AVERAGE(AG15:AH15)*10000/8760,"") -> 0.2375485 | BK15: =IFERROR(AI51/AVERAGE(AH15:AI15)*10000/8760,"") -> 0.2034039 | BL15: =IFERROR(AJ51/AVERAGE(AI15:AJ15)*10000/8760,"") -> 0.27559718 | BM15: =IFERROR(J51/((I15+J15)/2)*10000/8760,"") -> 0.20916952 | BN15: =IFERROR(K51/((J15+K15)/2)*10000/8760,"") -> 0.18886522 | BO15: =IFERROR(L51/((K15+L15)/2)*10000/8760,"") -> 0.25171943 | BP15: =IFERROR(M51/((L15+M15)/2)*10000/8760,"") -> 0.20383125 | BQ15: =IFERROR(N51/((M15+N15)/2)*10000/8760,"") -> 0.22187791 | BR15: =IFERROR(O51/((N15+O15)/2)*10000/8760,"") -> 0.21098566
A16: 安徽 | B16: 5733 | C16: 6468 | D16: 7089 | E16: 7394 | F16: 7816 | G16: 8466 | H16: 9254 | I16: 295 | J16: 310 | K16: 312 | L16: 345 | M16: 474 | N16: 507 | O16: 622 | P16: 4915 | Q16: 5053 | R16: 5413 | S16: 5521 | T16: 5561 | U16: 5740 | V16: 5853 | AD16: 177 | AE16: 217 | AF16: 246 | AG16: 274 | AH16: 412 | AI16: 511 | AJ16: 590 | AK16: 345 | AL16: 888 | AM16: 1118 | AN16: 1254 | AO16: 1370 | AP16: 1707 | AQ16: 2154 | AX16: 35 | AZ16: 安徽 | BA16: =IFERROR(X52/AVERAGE(W16:X16)*10000/8760,"") | BB16: =IFERROR(Y52/AVERAGE(X16:Y16)*10000/8760,"") | BC16: =IFERROR(Z52/AVERAGE(Y16:Z16)*10000/8760,"") | BD16: =IFERROR(AA52/AVERAGE(Z16:AA16)*10000/8760,"") | BE16: =IFERROR(AB52/AVERAGE(AA16:AB16)*10000/8760,"") | BF16: =IFERROR(AC52/AVERAGE(AB16:AC16)*10000/8760,"") | BG16: =IFERROR(AE52/AVERAGE(AD16:AE16)*10000/8760,"") -> 0.23758199 | BH16: =IFERROR(AF52/AVERAGE(AE16:AF16)*10000/8760,"") -> 0.24655562 | BI16: =IFERROR(AG52/AVERAGE(AF16:AG16)*10000/8760,"") -> 0.20635757 | BJ16: =IFERROR(AH52/AVERAGE(AG16:AH16)*10000/8760,"") -> 0.18970406 | BK16: =IFERROR(AI52/AVERAGE(AH16:AI16)*10000/8760,"") -> 0.26467198 | BL16: =IFERROR(AJ52/AVERAGE(AI16:AJ16)*10000/8760,"") -> 0.24261879 | BM16: =IFERROR(J52/((I16+J16)/2)*10000/8760,"") -> 0.21510246 | BN16: =IFERROR(K52/((J16+K16)/2)*10000/8760,"") -> 0.1945411 | BO16: =IFERROR(L52/((K16+L16)/2)*10000/8760,"") -> 0.17722733 | BP16: =IFERROR(M52/((L16+M16)/2)*10000/8760,"") -> 0.18398649 | BQ16: =IFERROR(N52/((M16+N16)/2)*10000/8760,"") -> 0.18851326 | BR16: =IFERROR(O52/((N16+O16)/2)*10000/8760,"") -> 0.14560103
A17: 福建 | B17: 5210 | C17: 5597 | D17: 5770 | E17: 5909 | F17: 6372 | G17: 6983 | H17: 7531 | I17: 1304 | J17: 1307 | K17: 1322 | L17: 1321 | M17: 1331 | N17: 1386 | O17: 1538 | P17: 2902 | Q17: 3074 | R17: 3128 | S17: 3172 | T17: 3478 | U17: 3596 | V17: 3681 | W17: 762 | X17: 871 | Y17: 871 | Z17: 871 | AA17: 871 | AB17: 986 | AC17: 1101 | AD17: 214 | AE17: 252 | AF17: 300 | AG17: 376 | AH17: 486 | AI17: 735 | AJ17: 742 | AK17: 27 | AL17: 92 | AM17: 148 | AN17: 169 | AO17: 202 | AP17: 277 | AQ17: 465 | AV17: 3 | AW17: 3 | AX17: 3 | AZ17: 福建 | BA17: =IFERROR(X53/AVERAGE(W17:X17)*10000/8760,"") -> 0.78293865 | BB17: =IFERROR(Y53/AVERAGE(X17:Y17)*10000/8760,"") -> 0.84666237 | BC17: =IFERROR(Z53/AVERAGE(Y17:Z17)*10000/8760,"") -> 0.8138968 | BD17: =IFERROR(AA53/AVERAGE(Z17:AA17)*10000/8760,"") -> 0.8545261 | BE17: =IFERROR(AB53/AVERAGE(AA17:AB17)*10000/8760,"") -> 0.9552895 | BF17: =IFERROR(AC53/AVERAGE(AB17:AC17)*10000/8760,"") -> 0.91017891 | BG17: =IFERROR(AE53/AVERAGE(AD17:AE17)*10000/8760,"") -> 0.31845886 | BH17: =IFERROR(AF53/AVERAGE(AE17:AF17)*10000/8760,"") -> 0.29779631 | BI17: =IFERROR(AG53/AVERAGE(AF17:AG17)*10000/8760,"") -> 0.29383156 | BJ17: =IFERROR(AH53/AVERAGE(AG17:AH17)*10000/8760,"") -> 0.32313087 | BK17: =IFERROR(AI53/AVERAGE(AH17:AI17)*10000/8760,"") -> 0.28421946 | BL17: =IFERROR(AJ53/AVERAGE(AI17:AJ17)*10000/8760,"") -> 0.3570733 | BM17: =IFERROR(J53/((I17+J17)/2)*10000/8760,"") -> 0.36375783 | BN17: =IFERROR(K53/((J17+K17)/2)*10000/8760,"") -> 0.28224007 | BO17: =IFERROR(L53/((K17+L17)/2)*10000/8760,"") -> 0.38181325 | BP17: =IFERROR(M53/((L17+M17)/2)*10000/8760,"") -> 0.2513826 | BQ17: =IFERROR(N53/((M17+N17)/2)*10000/8760,"") -> 0.2302432 | BR17: =IFERROR(O53/((N17+O17)/2)*10000/8760,"") -> 0.30217566
A18: 江西 | B18: 2866 | C18: 3167 | D18: 3554 | E18: 3782 | F18: 4401 | G18: 4847 | H18: 5490 | I18: 613 | J18: 615 | K18: 627 | L18: 661 | M18: 660 | N18: 677 | O18: 686 | P18: 1918 | Q18: 1934 | R18: 2165 | S18: 2205 | T18: 2455 | U18: 2711 | V18: 3026 | AD18: 108 | AE18: 169 | AF18: 225 | AG18: 286 | AH18: 510 | AI18: 547 | AJ18: 555 | AK18: 228 | AL18: 449 | AM18: 536 | AN18: 630 | AO18: 776 | AP18: 911 | AQ18: 1202 | AX18: 21 | AZ18: 江西 | BA18: =IFERROR(X54/AVERAGE(W18:X18)*10000/8760,"") | BB18: =IFERROR(Y54/AVERAGE(X18:Y18)*10000/8760,"") | BC18: =IFERROR(Z54/AVERAGE(Y18:Z18)*10000/8760,"") | BD18: =IFERROR(AA54/AVERAGE(Z18:AA18)*10000/8760,"") | BE18: =IFERROR(AB54/AVERAGE(AA18:AB18)*10000/8760,"") | BF18: =IFERROR(AC54/AVERAGE(AB18:AC18)*10000/8760,"") | BG18: =IFERROR(AE54/AVERAGE(AD18:AE18)*10000/8760,"") -> 0.25550995 | BH18: =IFERROR(AF54/AVERAGE(AE18:AF18)*10000/8760,"") -> 0.23758199 | BI18: =IFERROR(AG54/AVERAGE(AF18:AG18)*10000/8760,"") -> 0.22786371 | BJ18: =IFERROR(AH54/AVERAGE(AG18:AH18)*10000/8760,"") -> 0.20364379 | BK18: =IFERROR(AI54/AVERAGE(AH18:AI18)*10000/8760,"") -> 0.22463853 | BL18: =IFERROR(AJ54/AVERAGE(AI18:AJ18)*10000/8760,"") -> 0.26518824 | BM18: =IFERROR(J54/((I18+J18)/2)*10000/8760,"") -> 0.29189535 | BN18: =IFERROR(K54/((J18+K18)/2)*10000/8760,"") -> 0.21323686 | BO18: =IFERROR(L54/((K18+L18)/2)*10000/8760,"") -> 0.29779631 | BP18: =IFERROR(M54/((L18+M18)/2)*10000/8760,"") -> 0.25060577 | BQ18: =IFERROR(N54/((M18+N18)/2)*10000/8760,"") -> 0.23223806 | BR18: =IFERROR(O54/((N18+O18)/2)*10000/8760,"") -> 0.27135951
A19: 山东 | B19: 10942 | C19: 12556 | D19: 13107 | E19: 14044 | F19: 15896 | G19: 17334 | H19: 18958 | I19: 108 | J19: 108 | K19: 108 | L19: 108 | M19: 108 | N19: 168 | O19: 228 | P19: 9540 | Q19: 10335 | R19: 10367 | S19: 10713 | T19: 11471 | U19: 11599 | V19: 11753 | X19: 0 | Y19: 125 | Z19: 250 | AA19: 250 | AB19: 250 | AC19: 250 | AD19: 839 | AE19: 1061 | AF19: 1146 | AG19: 1354 | AH19: 1795 | AI19: 1942 | AJ19: 2302 | AK19: 455 | AL19: 1052 | AM19: 1361 | AN19: 1619 | AO19: 2272 | AP19: 3343 | AQ19: 4270 | AW19: 31 | AX19: 155 | AZ19: 山东 | BA19: =IFERROR(X55/AVERAGE(W19:X19)*10000/8760,"") | BB19: =IFERROR(Y55/AVERAGE(X19:Y19)*10000/8760,"") -> 0.71232877 | BC19: =IFERROR(Z55/AVERAGE(Y19:Z19)*10000/8760,"") -> 1.260274 | BD19: =IFERROR(AA55/AVERAGE(Z19:AA19)*10000/8760,"") -> 0.87214612 | BE19: =IFERROR(AB55/AVERAGE(AA19:AB19)*10000/8760,"") -> 0.89954338 | BF19: =IFERROR(AC55/AVERAGE(AB19:AC19)*10000/8760,"") -> 0.94520548 | BG19: =IFERROR(AE55/AVERAGE(AD19:AE19)*10000/8760,"") -> 0.19947128 | BH19: =IFERROR(AF55/AVERAGE(AE19:AF19)*10000/8760,"") -> 0.22137946 | BI19: =IFERROR(AG55/AVERAGE(AF19:AG19)*10000/8760,"") -> 0.20547945 | BJ19: =IFERROR(AH55/AVERAGE(AG19:AH19)*10000/8760,"") -> 0.18778158 | BK19: =IFERROR(AI55/AVERAGE(AH19:AI19)*10000/8760,"") -> 0.24987689 | BL19: =IFERROR(AJ55/AVERAGE(AI19:AJ19)*10000/8760,"") -> 0.22325367 | BM19: =IFERROR(J55/((I19+J19)/2)*10000/8760,"") -> 0.073989515 | BN19: =IFERROR(K55/((J19+K19)/2)*10000/8760,"") -> 0.052849653 | BO19: =IFERROR(L55/((K19+L19)/2)*10000/8760,"") -> 0.052849653 | BP19: =IFERROR(M55/((L19+M19)/2)*10000/8760,"") -> 0.095129376 | BQ19: =IFERROR(N55/((M19+N19)/2)*10000/8760,"") -> 0.099265436 | BR19: =IFERROR(O55/((N19+O19)/2)*10000/8760,"") -> 0.16143167
A20: 河南 | B20: 7218 | C20: 7880 | D20: 8680 | E20: 9306 | F20: 10169 | G20: 11114 | H20: 11959 | I20: 399 | J20: 399 | K20: 401 | L20: 408 | M20: 408 | N20: 407 | O20: 439 | P20: 6431 | Q20: 6544 | R20: 6821 | S20: 7050 | T20: 7068 | U20: 7301 | V20: 7272 | AD20: 104 | AE20: 233 | AF20: 468 | AG20: 794 | AH20: 1518 | AI20: 1850 | AJ20: 1903 | AK20: 284 | AL20: 703 | AM20: 991 | AN20: 1054 | AO20: 1175 | AP20: 1556 | AQ20: 2333 | AX20: 13 | AZ20: 河南 | BA20: =IFERROR(X56/AVERAGE(W20:X20)*10000/8760,"") | BB20: =IFERROR(Y56/AVERAGE(X20:Y20)*10000/8760,"") | BC20: =IFERROR(Z56/AVERAGE(Y20:Z20)*10000/8760,"") | BD20: =IFERROR(AA56/AVERAGE(Z20:AA20)*10000/8760,"") | BE20: =IFERROR(AB56/AVERAGE(AA20:AB20)*10000/8760,"") | BF20: =IFERROR(AC56/AVERAGE(AB20:AC20)*10000/8760,"") | BG20: =IFERROR(AE56/AVERAGE(AD20:AE20)*10000/8760,"") -> 0.20324377 | BH20: =IFERROR(AF56/AVERAGE(AE20:AF20)*10000/8760,"") -> 0.18564477 | BI20: =IFERROR(AG56/AVERAGE(AF20:AG20)*10000/8760,"") -> 0.15920225 | BJ20: =IFERROR(AH56/AVERAGE(AG20:AH20)*10000/8760,"") -> 0.1372628 | BK20: =IFERROR(AI56/AVERAGE(AH20:AI20)*10000/8760,"") -> 0.22234514 | BL20: =IFERROR(AJ56/AVERAGE(AI20:AJ20)*10000/8760,"") -> 0.23238639 | BM20: =IFERROR(J56/((I20+J20)/2)*10000/8760,"") -> 0.28610339 | BN20: =IFERROR(K56/((J20+K20)/2)*10000/8760,"") -> 0.4109589 | BO20: =IFERROR(L56/((K20+L20)/2)*10000/8760,"") -> 0.40920918 | BP20: =IFERROR(M56/((L20+M20)/2)*10000/8760,"") -> 0.3917092 | BQ20: =IFERROR(N56/((M20+N20)/2)*10000/8760,"") -> 0.32495728 | BR20: =IFERROR(O56/((N20+O20)/2)*10000/8760,"") -> 0.3292421
A21: 湖北 | B21: 6745 | C21: 7124 | D21: 7401 | E21: 7862 | F21: 8273 | G21: 8816 | H21: 9438 | I21: 3663 | J21: 3671 | K21: 3675 | L21: 3679 | M21: 3757 | N21: 3771 | O21: 3780 | P21: 2694 | Q21: 2787 | R21: 2884 | S21: 3157 | T21: 3316 | U21: 3372 | V21: 3563 | AD21: 201 | AE21: 253 | AF21: 331 | AG21: 405 | AH21: 502 | AI21: 720 | AJ21: 778 | AK21: 187 | AL21: 413 | AM21: 510 | AN21: 621 | AO21: 698 | AP21: 953 | AQ21: 1316 | AX21: 1 | AZ21: 湖北 | BA21: =IFERROR(X57/AVERAGE(W21:X21)*10000/8760,"") | BB21: =IFERROR(Y57/AVERAGE(X21:Y21)*10000/8760,"") | BC21: =IFERROR(Z57/AVERAGE(Y21:Z21)*10000/8760,"") | BD21: =IFERROR(AA57/AVERAGE(Z21:AA21)*10000/8760,"") | BE21: =IFERROR(AB57/AVERAGE(AA21:AB21)*10000/8760,"") | BF21: =IFERROR(AC57/AVERAGE(AB21:AC21)*10000/8760,"") | BG21: =IFERROR(AE57/AVERAGE(AD21:AE21)*10000/8760,"") -> 0.24138555 | BH21: =IFERROR(AF57/AVERAGE(AE21:AF21)*10000/8760,"") -> 0.25020329 | BI21: =IFERROR(AG57/AVERAGE(AF21:AG21)*10000/8760,"") -> 0.22955132 | BJ21: =IFERROR(AH57/AVERAGE(AG21:AH21)*10000/8760,"") -> 0.20641082 | BK21: =IFERROR(AI57/AVERAGE(AH21:AI21)*10000/8760,"") -> 0.25035685 | BL21: =IFERROR(AJ57/AVERAGE(AI21:AJ21)*10000/8760,"") -> 0.24995275 | BM21: =IFERROR(J57/((I21+J21)/2)*10000/8760,"") -> 0.46508848 | BN21: =IFERROR(K57/((J21+K21)/2)*10000/8760,"") -> 0.45718044 | BO21: =IFERROR(L57/((K21+L21)/2)*10000/8760,"") -> 0.42129093 | BP21: =IFERROR(M57/((L21+M21)/2)*10000/8760,"") -> 0.50568504 | BQ21: =IFERROR(N57/((M21+N21)/2)*10000/8760,"") -> 0.48494752 | BR21: =IFERROR(O57/((N21+O21)/2)*10000/8760,"") -> 0.36887672
A22: 湖南 | B22: 4121 | C22: 4277 | D22: 4522 | E22: 4669 | F22: 4915 | G22: 5344 | H22: 5774 | I22: 1553 | J22: 1570 | K22: 1598 | L22: 1612 | M22: 1581 | N22: 1578 | O22: 1587 | P22: 2322 | Q22: 2267 | R22: 2284 | S22: 2280 | T22: 2269 | U22: 2502 | V22: 2588 | AD22: 217 | AE22: 263 | AF22: 348 | AG22: 427 | AH22: 669 | AI22: 803 | AJ22: 900 | AK22: 30 | AL22: 176 | AM22: 292 | AN22: 344 | AO22: 391 | AP22: 450 | AQ22: 636 | AU22: 6 | AV22: 6 | AW22: 12 | AX22: 63 | AZ22: 湖南 | BA22: =IFERROR(X58/AVERAGE(W22:X22)*10000/8760,"") | BB22: =IFERROR(Y58/AVERAGE(X22:Y22)*10000/8760,"") | BC22: =IFERROR(Z58/AVERAGE(Y22:Z22)*10000/8760,"") | BD22: =IFERROR(AA58/AVERAGE(Z22:AA22)*10000/8760,"") | BE22: =IFERROR(AB58/AVERAGE(AA22:AB22)*10000/8760,"") | BF22: =IFERROR(AC58/AVERAGE(AB22:AC22)*10000/8760,"") | BG22: =IFERROR(AE58/AVERAGE(AD22:AE22)*10000/8760,"") -> 0.23782344 | BH22: =IFERROR(AF58/AVERAGE(AE22:AF22)*10000/8760,"") -> 0.22420017 | BI22: =IFERROR(AG58/AVERAGE(AF22:AG22)*10000/8760,"") -> 0.22094565 | BJ22: =IFERROR(AH58/AVERAGE(AG22:AH22)*10000/8760,"") -> 0.20622938 | BK22: =IFERROR(AI58/AVERAGE(AH22:AI22)*10000/8760,"") -> 0.23265337 | BL22: =IFERROR(AJ58/AVERAGE(AI22:AJ22)*10000/8760,"") -> 0.24399596 | BM22: =IFERROR(J58/((I22+J22)/2)*10000/8760,"") -> 0.36406862 | BN22: =IFERROR(K58/((J22+K22)/2)*10000/8760,"") -> 0.3113325 | BO22: =IFERROR(L58/((K22+L22)/2)*10000/8760,"") -> 0.38691873 | BP22: =IFERROR(M58/((L22+M22)/2)*10000/8760,"") -> 0.41042978 | BQ22: =IFERROR(N58/((M22+N22)/2)*10000/8760,"") -> 0.3888289 | BR22: =IFERROR(O58/((N22+O22)/2)*10000/8760,"") -> 0.36500826
A23: 广东 | B23: 10457 | C23: 10968 | D23: 11929 | E23: 12870 | F23: 14224 | G23: 15821 | H23: 17212 | I23: 1411 | J23: 1486 | K23: 1576 | L23: 1576 | M23: 1666 | N23: 1736 | O23: 1912 | P23: 7721 | Q23: 7768 | R23: 8137 | S23: 8628 | T23: 9582 | U23: 10256 | V23: 10741 | W23: 938 | X23: 1046 | Y23: 1330 | Z23: 1614 | AA23: 1614 | AB23: 1614 | AC23: 1614 | AD23: 268 | AE23: 335 | AF23: 357 | AG23: 441 | AH23: 565 | AI23: 1195 | AJ23: 1357 | AK23: 117 | AL23: 332 | AM23: 527 | AN23: 610 | AO23: 797 | AP23: 1020 | AQ23: 1590 | AS23: 2 | AT23: 2 | AU23: 2 | AZ23: 广东 | BA23: =IFERROR(X59/AVERAGE(W23:X23)*10000/8760,"") -> 0.92060686 | BB23: =IFERROR(Y59/AVERAGE(X23:Y23)*10000/8760,"") -> 0.8609689 | BC23: =IFERROR(Z59/AVERAGE(Y23:Z23)*10000/8760,"") -> 0.85771541 | BD23: =IFERROR(AA59/AVERAGE(Z23:AA23)*10000/8760,"") -> 0.82115394 | BE23: =IFERROR(AB59/AVERAGE(AA23:AB23)*10000/8760,"") -> 0.85156705 | BF23: =IFERROR(AC59/AVERAGE(AB23:AC23)*10000/8760,"") -> 0.81266656 | BG23: =IFERROR(AE59/AVERAGE(AD23:AE23)*10000/8760,"") -> 0.23474712 | BH23: =IFERROR(AF59/AVERAGE(AE23:AF23)*10000/8760,"") -> 0.20785494 | BI23: =IFERROR(AG59/AVERAGE(AF23:AG23)*10000/8760,"") -> 0.21171651 | BJ23: =IFERROR(AH59/AVERAGE(AG23:AH23)*10000/8760,"") -> 0.23375727 | BK23: =IFERROR(AI59/AVERAGE(AH23:AI23)*10000/8760,"") -> 0.17771897 | BL23: =IFERROR(AJ59/AVERAGE(AI23:AJ23)*10000/8760,"") -> 0.24065645 | BM23: =IFERROR(J59/((I23+J23)/2)*10000/8760,"") -> 0.23721595 | BN23: =IFERROR(K59/((J23+K23)/2)*10000/8760,"") -> 0.21772262 | BO23: =IFERROR(L59/((K23+L23)/2)*10000/8760,"") -> 0.28756113 | BP23: =IFERROR(M59/((L23+M23)/2)*10000/8760,"") -> 0.20140902 | BQ23: =IFERROR(N59/((M23+N23)/2)*10000/8760,"") -> 0.1496568 | BR23: =IFERROR(O59/((N23+O23)/2)*10000/8760,"") -> 0.21466695
A24: 广西 | B24: 4152 | C24: 4332 | D24: 4513 | E24: 4615 | F24: 5178 | G24: 5533 | H24: 6277 | I24: 1665 | J24: 1669 | K24: 1677 | L24: 1681 | M24: 1759 | N24: 1768 | O24: 1832 | P24: 2185 | Q24: 2217 | R24: 2288 | S24: 2294 | T24: 2344 | U24: 2481 | V24: 2757 | W24: 217 | X24: 217 | Y24: 217 | Z24: 217 | AA24: 217 | AB24: 217 | AC24: 217 | AD24: 70 | AE24: 150 | AF24: 208 | AG24: 287 | AH24: 653 | AI24: 755 | AJ24: 946 | AK24: 16 | AL24: 78 | AM24: 124 | AN24: 135 | AO24: 205 | AP24: 312 | AQ24: 520 | AX24: 5 | AZ24: 广西 | BA24: =IFERROR(X60/AVERAGE(W24:X24)*10000/8760,"") -> 0.66809755 | BB24: =IFERROR(Y60/AVERAGE(X24:Y24)*10000/8760,"") -> 0.84695831 | BC24: =IFERROR(Z60/AVERAGE(Y24:Z24)*10000/8760,"") -> 0.90482503 | BD24: =IFERROR(AA60/AVERAGE(Z24:AA24)*10000/8760,"") -> 0.88378259 | BE24: =IFERROR(AB60/AVERAGE(AA24:AB24)*10000/8760,"") -> 0.95217053 | BF24: =IFERROR(AC60/AVERAGE(AB24:AC24)*10000/8760,"") -> 0.9363887 | BG24: =IFERROR(AE60/AVERAGE(AD24:AE24)*10000/8760,"") -> 0.25944375 | BH24: =IFERROR(AF60/AVERAGE(AE24:AF24)*10000/8760,"") -> 0.26785031 | BI24: =IFERROR(AG60/AVERAGE(AF24:AG24)*10000/8760,"") -> 0.28135234 | BJ24: =IFERROR(AH60/AVERAGE(AG24:AH24)*10000/8760,"") -> 0.25745652 | BK24: =IFERROR(AI60/AVERAGE(AH24:AI24)*10000/8760,"") -> 0.26106528 | BL24: =IFERROR(AJ60/AVERAGE(AI24:AJ24)*10000/8760,"") -> 0.26710047 | BM24: =IFERROR(J60/((I24+J24)/2)*10000/8760,"") -> 0.42046385 | BN24: =IFERROR(K60/((J24+K24)/2)*10000/8760,"") -> 0.41554422 | BO24: =IFERROR(L60/((K24+L24)/2)*10000/8760,"") -> 0.40318085 | BP24: =IFERROR(M60/((L24+M24)/2)*10000/8760,"") -> 0.40817139 | BQ24: =IFERROR(N60/((M24+N24)/2)*10000/8760,"") -> 0.33466552 | BR24: =IFERROR(O60/((N24+O24)/2)*10000/8760,"") -> 0.38812785
A25: 海南 | B25: 745 | C25: 786 | D25: 919 | E25: 918 | F25: 999 | G25: 1056 | H25: 1307 | I25: 91 | J25: 114 | K25: 154 | L25: 154 | M25: 151 | N25: 153 | O25: 153 | P25: 464 | Q25: 465 | R25: 465 | S25: 465 | T25: 546 | U25: 598 | V25: 750 | W25: 130 | X25: 130 | Y25: 130 | Z25: 130 | AA25: 130 | AB25: 130 | AC25: 130 | AD25: 31 | AE25: 34 | AF25: 34 | AG25: 29 | AH25: 29 | AI25: 29 | AJ25: 29 | AK25: 29 | AL25: 43 | AM25: 136 | AN25: 140 | AO25: 143 | AP25: 147 | AQ25: 246 | AU25: 11 | AZ25: 海南 | BA25: =IFERROR(X61/AVERAGE(W25:X25)*10000/8760,"") -> 0.65858799 | BB25: =IFERROR(Y61/AVERAGE(X25:Y25)*10000/8760,"") -> 0.67615033 | BC25: =IFERROR(Z61/AVERAGE(Y25:Z25)*10000/8760,"") -> 0.8517738 | BD25: =IFERROR(AA61/AVERAGE(Z25:AA25)*10000/8760,"") -> 0.84299262 | BE25: =IFERROR(AB61/AVERAGE(AA25:AB25)*10000/8760,"") -> 0.86055497 | BF25: =IFERROR(AC61/AVERAGE(AB25:AC25)*10000/8760,"") -> 0.92202318 | BG25: =IFERROR(AE61/AVERAGE(AD25:AE25)*10000/8760,"") -> 0.21074816 | BH25: =IFERROR(AF61/AVERAGE(AE25:AF25)*10000/8760,"") -> 0.16787537 | BI25: =IFERROR(AG61/AVERAGE(AF25:AG25)*10000/8760,"") -> 0.18119881 | BJ25: =IFERROR(AH61/AVERAGE(AG25:AH25)*10000/8760,"") -> 0.23618328 | BK25: =IFERROR(AI61/AVERAGE(AH25:AI25)*10000/8760,"") -> 0.1968194 | BL25: =IFERROR(AJ61/AVERAGE(AI25:AJ25)*10000/8760,"") -> 0.1968194 | BM25: =IFERROR(J61/((I25+J25)/2)*10000/8760,"") -> 0.28956454 | BN25: =IFERROR(K61/((J25+K25)/2)*10000/8760,"") -> 0.23001431 | BO25: =IFERROR(L61/((K25+L25)/2)*10000/8760,"") -> 0.12601554 | BP25: =IFERROR(M61/((L25+M25)/2)*10000/8760,"") -> 0.12725503 | BQ25: =IFERROR(N61/((M25+N25)/2)*10000/8760,"") -> 0.13518385 | BR25: =IFERROR(O61/((N25+O25)/2)*10000/8760,"") -> 0.20891157
A26: 重庆 | B26: 2178 | C26: 2326 | D26: 2386 | E26: 2448 | F26: 2488 | G26: 2574 | H26: 2685 | I26: 688 | J26: 736 | K26: 756 | L26: 772 | M26: 779 | N26: 789 | O26: 790 | P26: 1462 | Q26: 1544 | R26: 1537 | S26: 1548 | T26: 1545 | U26: 1553 | V26: 1644 | AD26: 28 | AE26: 33 | AF26: 50 | AG26: 64 | AH26: 97 | AI26: 169 | AJ26: 182 | AK26: 0. 46 | AL26: 12 | AM26: 43 | AN26: 65 | AO26: 67 | AP26: 63 | AQ26: 69 | AZ26: 重庆 | BA26: =IFERROR(X62/AVERAGE(W26:X26)*10000/8760,"") | BB26: =IFERROR(Y62/AVERAGE(X26:Y26)*10000/8760,"") | BC26: =IFERROR(Z62/AVERAGE(Y26:Z26)*10000/8760,"") | BD26: =IFERROR(AA62/AVERAGE(Z26:AA26)*10000/8760,"") | BE26: =IFERROR(AB62/AVERAGE(AA26:AB26)*10000/8760,"") | BF26: =IFERROR(AC62/AVERAGE(AB26:AC26)*10000/8760,"") | BG26: =IFERROR(AE62/AVERAGE(AD26:AE26)*10000/8760,"") -> 0.26199566 | BH26: =IFERROR(AF62/AVERAGE(AE26:AF26)*10000/8760,"") -> 0.22005832 | BI26: =IFERROR(AG62/AVERAGE(AF26:AG26)*10000/8760,"") -> 0.22029961 | BJ26: =IFERROR(AH62/AVERAGE(AG26:AH26)*10000/8760,"") -> 0.19853087 | BK26: =IFERROR(AI62/AVERAGE(AH26:AI26)*10000/8760,"") -> 0.19741134 | BL26: =IFERROR(AJ62/AVERAGE(AI26:AJ26)*10000/8760,"") -> 0.22115547 | BM26: =IFERROR(J62/((I26+J26)/2)*10000/8760,"") -> 0.40563593 | BN26: =IFERROR(K62/((J26+K26)/2)*10000/8760,"") -> 0.37031596 | BO26: =IFERROR(L62/((K26+L26)/2)*10000/8760,"") -> 0.36308542 | BP26: =IFERROR(M62/((L26+M26)/2)*10000/8760,"") -> 0.41363798 | BQ26: =IFERROR(N62/((M26+N26)/2)*10000/8760,"") -> 0.41206551 | BR26: =IFERROR(O62/((N26+O26)/2)*10000/8760,"") -> 0.2920755
A27: 四川 | B27: 9108 | C27: 9721 | D27: 9833 | E27: 9929 | F27: 10105 | G27: 11435 | H27: 12390 | I27: 7246 | J27: 7714 | K27: 7824 | L27: 7846 | M27: 7892 | N27: 8887 | O27: 9746 | P27: 1642 | Q27: 1662 | R27: 1575 | S27: 1570 | T27: 1596 | U27: 1825 | V27: 1840 | AD27: 125 | AE27: 210 | AF27: 253 | AG27: 325 | AH27: 426 | AI27: 527 | AJ27: 598 | AK27: 96 | AL27: 135 | AM27: 181 | AN27: 188 | AO27: 191 | AP27: 196 | AQ27: 206 | AX27: 0.1 | AZ27: 四川 | BA27: =IFERROR(X63/AVERAGE(W27:X27)*10000/8760,"") | BB27: =IFERROR(Y63/AVERAGE(X27:Y27)*10000/8760,"") | BC27: =IFERROR(Z63/AVERAGE(Y27:Z27)*10000/8760,"") | BD27: =IFERROR(AA63/AVERAGE(Z27:AA27)*10000/8760,"") | BE27: =IFERROR(AB63/AVERAGE(AA27:AB27)*10000/8760,"") | BF27: =IFERROR(AC63/AVERAGE(AB27:AC27)*10000/8760,"") | BG27: =IFERROR(AE63/AVERAGE(AD27:AE27)*10000/8760,"") -> 0.23853336 | BH27: =IFERROR(AF63/AVERAGE(AE27:AF27)*10000/8760,"") -> 0.27121118 | BI27: =IFERROR(AG63/AVERAGE(AF27:AG27)*10000/8760,"") -> 0.28045062 | BJ27: =IFERROR(AH63/AVERAGE(AG27:AH27)*10000/8760,"") -> 0.26144745 | BK27: =IFERROR(AI63/AVERAGE(AH27:AI27)*10000/8760,"") -> 0.26113163 | BL27: =IFERROR(AJ63/AVERAGE(AI27:AJ27)*10000/8760,"") -> 0.26788432 | BM27: =IFERROR(J63/((I27+J27)/2)*10000/8760,"") -> 0.48287061 | BN27: =IFERROR(K63/((J27+K27)/2)*10000/8760,"") -> 0.47739788 | BO27: =IFERROR(L63/((K27+L27)/2)*10000/8760,"") -> 0.48313824 | BP27: =IFERROR(M63/((L27+M27)/2)*10000/8760,"") -> 0.51369138 | BQ27: =IFERROR(N63/((M27+N27)/2)*10000/8760,"") -> 0.50672168 | BR27: =IFERROR(O63/((N27+O27)/2)*10000/8760,"") -> 0.47615232
A28: 贵州 | B28: 5510 | C28: 5778 | D28: 6039 | E28: 6599 | F28: 7478 | G28: 7573 | H28: 8087 | I28: 2089 | J28: 2119 | K28: 2212 | L28: 2223 | M28: 2281 | N28: 2283 | O28: 2282 | P28: 3014 | Q28: 3160 | R28: 3263 | S28: 3410 | T28: 3560 | U28: 3572 | V28: 3793 | AD28: 362 | AE28: 363 | AF28: 386 | AG28: 457 | AH28: 580 | AI28: 580 | AJ28: 592 | AK28: 46 | AL28: 135 | AM28: 178 | AN28: 510 | AO28: 1057 | AP28: 1137 | AQ28: 1420 | AZ28: 贵州 | BA28: =IFERROR(X64/AVERAGE(W28:X28)*10000/8760,"") | BB28: =IFERROR(Y64/AVERAGE(X28:Y28)*10000/8760,"") | BC28: =IFERROR(Z64/AVERAGE(Y28:Z28)*10000/8760,"") | BD28: =IFERROR(AA64/AVERAGE(Z28:AA28)*10000/8760,"") | BE28: =IFERROR(AB64/AVERAGE(AA28:AB28)*10000/8760,"") | BF28: =IFERROR(AC64/AVERAGE(AB28:AC28)*10000/8760,"") | BG28: =IFERROR(AE64/AVERAGE(AD28:AE28)*10000/8760,"") -> 0.19839395 | BH28: =IFERROR(AF64/AVERAGE(AE28:AF28)*10000/8760,"") -> 0.20727789 | BI28: =IFERROR(AG64/AVERAGE(AF28:AG28)*10000/8760,"") -> 0.21124815 | BJ28: =IFERROR(AH64/AVERAGE(AG28:AH28)*10000/8760,"") -> 0.21355949 | BK28: =IFERROR(AI64/AVERAGE(AH28:AI28)*10000/8760,"") -> 0.20666037 | BL28: =IFERROR(AJ64/AVERAGE(AI28:AJ28)*10000/8760,"") -> 0.21233656 | BM28: =IFERROR(J64/((I28+J28)/2)*10000/8760,"") -> 0.39769866 | BN28: =IFERROR(K64/((J28+K28)/2)*10000/8760,"") -> 0.40590877 | BO28: =IFERROR(L64/((K28+L28)/2)*10000/8760,"") -> 0.39587548 | BP28: =IFERROR(M64/((L28+M28)/2)*10000/8760,"") -> 0.42123896 | BQ28: =IFERROR(N64/((M28+N28)/2)*10000/8760,"") -> 0.36717771 | BR28: =IFERROR(O64/((N28+O28)/2)*10000/8760,"") -> 0.33908986
A29: 云南 | B29: 8645 | C29: 8957 | D29: 9341 | E29: 9620 | F29: 10266 | G29: 10635 | H29: 11177 | I29: 6088 | J29: 6281 | K29: 6649 | L29: 6873 | M29: 7480 | N29: 7823 | O29: 8146 | P29: 1612 | Q29: 1613 | R29: 1508 | S29: 1509 | T29: 1517 | U29: 1529 | V29: 1534 | AD29: 737 | AE29: 825 | AF29: 857 | AG29: 863 | AH29: 881 | AI29: 886 | AJ29: 912 | AK29: 208 | AL29: 238 | AM29: 326 | AN29: 375 | AO29: 388 | AP29: 397 | AQ29: 585 | AV29: 0.2 | AW29: 0.2 | AX29: 0.2 | AZ29: 云南 | BA29: =IFERROR(X65/AVERAGE(W29:X29)*10000/8760,"") | BB29: =IFERROR(Y65/AVERAGE(X29:Y29)*10000/8760,"") | BC29: =IFERROR(Z65/AVERAGE(Y29:Z29)*10000/8760,"") | BD29: =IFERROR(AA65/AVERAGE(Z29:AA29)*10000/8760,"") | BE29: =IFERROR(AB65/AVERAGE(AA29:AB29)*10000/8760,"") | BF29: =IFERROR(AC65/AVERAGE(AB29:AC29)*10000/8760,"") | BG29: =IFERROR(AE65/AVERAGE(AD29:AE29)*10000/8760,"") -> 0.27479113 | BH29: =IFERROR(AF65/AVERAGE(AE29:AF29)*10000/8760,"") -> 0.29862254 | BI29: =IFERROR(AG65/AVERAGE(AF29:AG29)*10000/8760,"") -> 0.32122757 | BJ29: =IFERROR(AH65/AVERAGE(AG29:AH29)*10000/8760,"") -> 0.32727996 | BK29: =IFERROR(AI65/AVERAGE(AH29:AI29)*10000/8760,"") -> 0.29976252 | BL29: =IFERROR(AJ65/AVERAGE(AI29:AJ29)*10000/8760,"") -> 0.27173775 | BM29: =IFERROR(J65/((I29+J29)/2)*10000/8760,"") -> 0.46182624 | BN29: =IFERROR(K65/((J29+K29)/2)*10000/8760,"") -> 0.47657389 | BO29: =IFERROR(L65/((K29+L29)/2)*10000/8760,"") -> 0.48188003 | BP29: =IFERROR(M65/((L29+M29)/2)*10000/8760,"") -> 0.4708417 | BQ29: =IFERROR(N65/((M29+N29)/2)*10000/8760,"") -> 0.45160811 | BR29: =IFERROR(O65/((N29+O29)/2)*10000/8760,"") -> 0.46937402
A30: 西藏 | B30: 233 | C30: 281 | D30: 304 | E30: 327 | F30: 395 | G30: 480 | H30: 540 | I30: 156 | J30: 158 | K30: 160 | L30: 170 | M30: 210 | N30: 291 | O30: 292 | P30: 41 | Q30: 40 | R30: 42 | S30: 42 | T30: 43 | U30: 43 | V30: 42 | AD30: 1 | AE30: 1 | AF30: 1 | AG30: 1 | AH30: 1 | AI30: 3 | AJ30: 3 | AK30: 33 | AL30: 79 | AM30: 98 | AN30: 110 | AO30: 137 | AP30: 139 | AQ30: 179 | AS30: 3 | AT30: 4 | AU30: 4 | AV30: 4 | AW30: 4 | AX30: 25 | AZ30: 西藏 | BA30: =IFERROR(X66/AVERAGE(W30:X30)*10000/8760,"") | BB30: =IFERROR(Y66/AVERAGE(X30:Y30)*10000/8760,"") | BC30: =IFERROR(Z66/AVERAGE(Y30:Z30)*10000/8760,"") | BD30: =IFERROR(AA66/AVERAGE(Z30:AA30)*10000/8760,"") | BE30: =IFERROR(AB66/AVERAGE(AA30:AB30)*10000/8760,"") | BF30: =IFERROR(AC66/AVERAGE(AB30:AC30)*10000/8760,"") | BG30: =IFERROR(AE66/AVERAGE(AD30:AE30)*10000/8760,"") -> 0.11415525 | BH30: =IFERROR(AF66/AVERAGE(AE30:AF30)*10000/8760,"") -> 0.15981735 | BI30: =IFERROR(AG66/AVERAGE(AF30:AG30)*10000/8760,"") -> 0.1826484 | BJ30: =IFERROR(AH66/AVERAGE(AG30:AH30)*10000/8760,"") -> 0.11415525 | BK30: =IFERROR(AI66/AVERAGE(AH30:AI30)*10000/8760,"") -> 0.057077626 | BL30: =IFERROR(AJ66/AVERAGE(AI30:AJ30)*10000/8760,"") -> 0.34246575 | BM30: =IFERROR(J66/((I30+J30)/2)*10000/8760,"") -> 0.37082279 | BN30: =IFERROR(K66/((J30+K30)/2)*10000/8760,"") -> 0.40923581 | BO30: =IFERROR(L66/((K30+L30)/2)*10000/8760,"") -> 0.470458 | BP30: =IFERROR(M66/((L30+M30)/2)*10000/8760,"") -> 0.42057198 | BQ30: =IFERROR(N66/((M30+N30)/2)*10000/8760,"") -> 0.42380991 | BR30: =IFERROR(O66/((N30+O30)/2)*10000/8760,"") -> 0.41511
A31: 陕西 | B31: 3740 | C31: 4935 | D31: 5443 | E31: 6242 | F31: 7366 | G31: 7636 | H31: 8110 | I31: 272 | J31: 379 | K31: 385 | L31: 391 | M31: 392 | N31: 349 | O31: 350 | P31: 3043 | Q31: 3658 | R31: 3937 | S31: 4380 | T31: 4993 | U31: 4952 | V31: 5080 | AD31: 179 | AE31: 364 | AF31: 405 | AG31: 532 | AH31: 892 | AI31: 1021 | AJ31: 1164 | AK31: 246 | AL31: 535 | AM31: 716 | AN31: 939 | AO31: 1089 | AP31: 1314 | AQ31: 1516 | AZ31: 陕西 | BA31: =IFERROR(X67/AVERAGE(W31:X31)*10000/8760,"") | BB31: =IFERROR(Y67/AVERAGE(X31:Y31)*10000/8760,"") | BC31: =IFERROR(Z67/AVERAGE(Y31:Z31)*10000/8760,"") | BD31: =IFERROR(AA67/AVERAGE(Z31:AA31)*10000/8760,"") | BE31: =IFERROR(AB67/AVERAGE(AA31:AB31)*10000/8760,"") | BF31: =IFERROR(AC67/AVERAGE(AB31:AC31)*10000/8760,"") | BG31: =IFERROR(AE67/AVERAGE(AD31:AE31)*10000/8760,"") -> 0.22704912 | BH31: =IFERROR(AF67/AVERAGE(AE31:AF31)*10000/8760,"") -> 0.21376276 | BI31: =IFERROR(AG67/AVERAGE(AF31:AG31)*10000/8760,"") -> 0.20223876 | BJ31: =IFERROR(AH67/AVERAGE(AG31:AH31)*10000/8760,"") -> 0.15231389 | BK31: =IFERROR(AI67/AVERAGE(AH31:AI31)*10000/8760,"") -> 0.21005044 | BL31: =IFERROR(AJ67/AVERAGE(AI31:AJ31)*10000/8760,"") -> 0.20897986 | BM31: =IFERROR(J67/((I31+J31)/2)*10000/8760,"") -> 0.38227104 | BN31: =IFERROR(K67/((J31+K31)/2)*10000/8760,"") -> 0.30481245 | BO31: =IFERROR(L67/((K31+L31)/2)*10000/8760,"") -> 0.37953679 | BP31: =IFERROR(M67/((L31+M31)/2)*10000/8760,"") -> 0.3732279 | BQ31: =IFERROR(N67/((M31+N31)/2)*10000/8760,"") -> 0.43443699 | BR31: =IFERROR(O67/((N31+O31)/2)*10000/8760,"") -> 0.28416329
A32: 甘肃 | B32: 4825 | C32: 4995 | D32: 5113 | E32: 5268 | F32: 5620 | G32: 6152 | H32: 6810 | I32: 861 | J32: 868 | K32: 927 | L32: 943 | M32: 957 | N32: 967 | O32: 972 | P32: 2002 | Q32: 2059 | R32: 2064 | S32: 2104 | T32: 2308 | U32: 2309 | V32: 2313 | AD32: 1277 | AE32: 1282 | AF32: 1282 | AG32: 1297 | AH32: 1373 | AI32: 1725 | AJ32: 2073 | AK32: 686 | AL32: 786 | AM32: 839 | AN32: 924 | AO32: 982 | AP32: 1146 | AQ32: 1417 | AW32: 6 | AX32: 35 | AZ32: 甘肃 | BA32: =IFERROR(X68/AVERAGE(W32:X32)*10000/8760,"") | BB32: =IFERROR(Y68/AVERAGE(X32:Y32)*10000/8760,"") | BC32: =IFERROR(Z68/AVERAGE(Y32:Z32)*10000/8760,"") | BD32: =IFERROR(AA68/AVERAGE(Z32:AA32)*10000/8760,"") | BE32: =IFERROR(AB68/AVERAGE(AA32:AB32)*10000/8760,"") | BF32: =IFERROR(AC68/AVERAGE(AB32:AC32)*10000/8760,"") | BG32: =IFERROR(AE68/AVERAGE(AD32:AE32)*10000/8760,"") -> 0.16773105 | BH32: =IFERROR(AF68/AVERAGE(AE32:AF32)*10000/8760,"") -> 0.20480271 | BI32: =IFERROR(AG68/AVERAGE(AF32:AG32)*10000/8760,"") -> 0.201841 | BJ32: =IFERROR(AH68/AVERAGE(AG32:AH32)*10000/8760,"") -> 0.2103535 | BK32: =IFERROR(AI68/AVERAGE(AH32:AI32)*10000/8760,"") -> 0.21224475 | BL32: =IFERROR(AJ68/AVERAGE(AI32:AJ32)*10000/8760,"") -> 0.20919446 | BM32: =IFERROR(J68/((I32+J32)/2)*10000/8760,"") -> 0.49385846 | BN32: =IFERROR(K68/((J32+K32)/2)*10000/8760,"") -> 0.56473461 | BO32: =IFERROR(L68/((K32+L32)/2)*10000/8760,"") -> 0.60557224 | BP32: =IFERROR(M68/((L32+M32)/2)*10000/8760,"") -> 0.60922855 | BQ32: =IFERROR(N68/((M32+N32)/2)*10000/8760,"") -> 0.53636355 | BR32: =IFERROR(O68/((N32+O32)/2)*10000/8760,"") -> 0.44154945
A33: 青海 | B33: 2345 | C33: 2543 | D33: 2800 | E33: 3168 | F33: 4030 | G33: 4114 | H33: 4519 | I33: 1192 | J33: 1191 | K33: 1192 | L33: 1192 | M33: 1193 | N33: 1193 | O33: 1261 | P33: 402 | Q33: 399 | R33: 379 | S33: 393 | T33: 393 | U33: 393 | V33: 393 | AD33: 69 | AE33: 162 | AF33: 267 | AG33: 462 | AH33: 843 | AI33: 896 | AJ33: 972 | AK33: 682 | AL33: 791 | AM33: 962 | AN33: 1122 | AO33: 1601 | AP33: 1632 | AQ33: 1842 | AX33: 51 | AZ33: 青海 | BA33: =IFERROR(X69/AVERAGE(W33:X33)*10000/8760,"") | BB33: =IFERROR(Y69/AVERAGE(X33:Y33)*10000/8760,"") | BC33: =IFERROR(Z69/AVERAGE(Y33:Z33)*10000/8760,"") | BD33: =IFERROR(AA69/AVERAGE(Z33:AA33)*10000/8760,"") | BE33: =IFERROR(AB69/AVERAGE(AA33:AB33)*10000/8760,"") | BF33: =IFERROR(AC69/AVERAGE(AB33:AC33)*10000/8760,"") | BG33: =IFERROR(AE69/AVERAGE(AD33:AE33)*10000/8760,"") -> 0.17790429 | BH33: =IFERROR(AF69/AVERAGE(AE33:AF33)*10000/8760,"") -> 0.20223308 | BI33: =IFERROR(AG69/AVERAGE(AF33:AG33)*10000/8760,"") -> 0.20670087 | BJ33: =IFERROR(AH69/AVERAGE(AG33:AH33)*10000/8760,"") -> 0.14345947 | BK33: =IFERROR(AI69/AVERAGE(AH33:AI33)*10000/8760,"") -> 0.1706749 | BL33: =IFERROR(AJ69/AVERAGE(AI33:AJ33)*10000/8760,"") -> 0.19066616 | BM33: =IFERROR(J69/((I33+J33)/2)*10000/8760,"") -> 0.31808261 | BN33: =IFERROR(K69/((J33+K33)/2)*10000/8760,"") -> 0.49532744 | BO33: =IFERROR(L69/((K33+L33)/2)*10000/8760,"") -> 0.53055377 | BP33: =IFERROR(M69/((L33+M33)/2)*10000/8760,"") -> 0.57340877 | BQ33: =IFERROR(N69/((M33+N33)/2)*10000/8760,"") -> 0.48322214 | BR33: =IFERROR(O69/((N33+O33)/2)*10000/8760,"") -> 0.397264
A34: 宁夏 | B34: 3675 | C34: 4188 | D34: 4715 | E34: 5296 | F34: 5943 | G34: 6214 | H34: 6477 | I34: 43 | J34: 43 | K34: 43 | L34: 43 | M34: 43 | N34: 43 | O34: 43 | P34: 2165 | Q34: 2583 | R34: 2845 | S34: 3219 | T34: 3326 | U34: 3333 | V34: 3304 | AD34: 942 | AE34: 942 | AF34: 1011 | AG34: 1116 | AH34: 1377 | AI34: 1455 | AJ34: 1457 | AK34: 526 | AL34: 620 | AM34: 816 | AN34: 918 | AO34: 1197 | AP34: 1384 | AQ34: 1584 | AX34: 90 | AZ34: 宁夏 | BA34: =IFERROR(X70/AVERAGE(W34:X34)*10000/8760,"") | BB34: =IFERROR(Y70/AVERAGE(X34:Y34)*10000/8760,"") | BC34: =IFERROR(Z70/AVERAGE(Y34:Z34)*10000/8760,"") | BD34: =IFERROR(AA70/AVERAGE(Z34:AA34)*10000/8760,"") | BE34: =IFERROR(AB70/AVERAGE(AA34:AB34)*10000/8760,"") | BF34: =IFERROR(AC70/AVERAGE(AB34:AC34)*10000/8760,"") | BG34: =IFERROR(AE70/AVERAGE(AD34:AE34)*10000/8760,"") -> 0.18783507 | BH34: =IFERROR(AF70/AVERAGE(AE34:AF34)*10000/8760,"") -> 0.2186076 | BI34: =IFERROR(AG70/AVERAGE(AF34:AG34)*10000/8760,"") -> 0.19965093 | BJ34: =IFERROR(AH70/AVERAGE(AG34:AH34)*10000/8760,"") -> 0.17766642 | BK34: =IFERROR(AI70/AVERAGE(AH34:AI34)*10000/8760,"") -> 0.2265369 | BL34: =IFERROR(AJ70/AVERAGE(AI34:AJ34)*10000/8760,"") -> 0.21560916 | BM34: =IFERROR(J70/((I34+J34)/2)*10000/8760,"") -> 0.42476373 | BN34: =IFERROR(K70/((J34+K34)/2)*10000/8760,"") -> 0.53095466 | BO34: =IFERROR(L70/((K34+L34)/2)*10000/8760,"") -> 0.58405012 | BP34: =IFERROR(M70/((L34+M34)/2)*10000/8760,"") -> 0.58405012 | BQ34: =IFERROR(N70/((M34+N34)/2)*10000/8760,"") -> 0.55750239 | BR34: =IFERROR(O70/((N34+O34)/2)*10000/8760,"") -> 0.47785919
A35: 新疆 | B35: 8109 | C35: 8679 | D35: 8978 | E35: 9614 | F35: 10763 | G35: 11547 | H35: 12112 | I35: 665 | J35: 702 | K35: 702 | L35: 773 | M35: 800 | N35: 934 | O35: 957 | P35: 4775 | Q35: 5207 | R35: 5377 | S35: 5813 | T35: 6337 | U35: 6845 | V35: 6924 | AD35: 1776 | AE35: 1836 | AF35: 1921 | AG35: 1956 | AH35: 2361 | AI35: 2408 | AJ35: 2614 | AK35: 893 | AL35: 934 | AM35: 978 | AN35: 1072 | AO35: 1266 | AP35: 1354 | AQ35: 1578 | AW35: 6 | AX35: 39 | AZ35: 新疆 | BA35: =IFERROR(X71/AVERAGE(W35:X35)*10000/8760,"") | BB35: =IFERROR(Y71/AVERAGE(X35:Y35)*10000/8760,"") | BC35: =IFERROR(Z71/AVERAGE(Y35:Z35)*10000/8760,"") | BD35: =IFERROR(AA71/AVERAGE(Z35:AA35)*10000/8760,"") | BE35: =IFERROR(AB71/AVERAGE(AA35:AB35)*10000/8760,"") | BF35: =IFERROR(AC71/AVERAGE(AB35:AC35)*10000/8760,"") | BG35: =IFERROR(AE71/AVERAGE(AD35:AE35)*10000/8760,"") -> 0.20100426 | BH35: =IFERROR(AF71/AVERAGE(AE35:AF35)*10000/8760,"") -> 0.21755432 | BI35: =IFERROR(AG71/AVERAGE(AF35:AG35)*10000/8760,"") -> 0.23967597 | BJ35: =IFERROR(AH71/AVERAGE(AG35:AH35)*10000/8760,"") -> 0.22952689 | BK35: =IFERROR(AI71/AVERAGE(AH35:AI35)*10000/8760,"") -> 0.26234883 | BL35: =IFERROR(AJ71/AVERAGE(AI35:AJ35)*10000/8760,"") -> 0.26731696 | BM35: =IFERROR(J71/((I35+J35)/2)*10000/8760,"") -> 0.42756027 | BN35: =IFERROR(K71/((J35+K35)/2)*10000/8760,"") -> 0.41304037 | BO35: =IFERROR(L71/((K35+L35)/2)*10000/8760,"") -> 0.44888167 | BP35: =IFERROR(M71/((L35+M35)/2)*10000/8760,"") -> 0.3889842 | BQ35: =IFERROR(N71/((M35+N35)/2)*10000/8760,"") -> 0.3765675 | BR35: =IFERROR(O71/((N35+O35)/2)*10000/8760,"") -> 0.40325599
A37: 年末发电量（亿千瓦时） Year End Total Capacity (10MW)
A38: 地区 | B38: 合计 | I38: 水电 | P38: 火电 | W38: 核电 | AD38: 风电 | AK38: 太阳能发电 | AR38: 其他 | AZ38: 地区 | BA38: 抽水蓄能装机容量 | BM38: 2016年 | BN38: 2017年 | BO38: 2018年 | BP38: 2019年 | BQ38: 2020年 | BR38: 2021年
B39: 2016年 | C39: 2017年 | D39: 2018年 | E39: 2019年 | F39: 2020年 | G39: 2021年 | H39: 2022年 | I39: 2016年 | J39: 2017年 | K39: 2018年 | L39: 2019年 | M39: 2020年 | N39: 2021年 | O39: 2022年 | P39: 2016年 | Q39: 2017年 | R39: 2018年 | S39: 2019年 | T39: 2020年 | U39: 2021年 | V39: 2022年 | W39: 2016年 | X39: 2017年 | Y39: 2018年 | Z39: 2019年 | AA39: 2020年 | AB39: 2021年 | AC39: 2022年 | AD39: 2016年 | AE39: 2017年 | AF39: 2018年 | AG39: 2019年 | AH39: 2020年 | AI39: 2021年 | AJ39: 2022年 | AK39: 2016年 | AL39: 2017年 | AM39: 2018年 | AN39: 2019年 | AO39: 2020年 | AP39: 2021年 | AQ39: 2022年 | AR39: 2016年 | AS39: 2017年 | AT39: 2018年 | AU39: 2019年 | AV39: 2020年 | AW39: 2021年 | AX39: 2022年 | BA39: 2016 | BB39: 2017 | BC39: 2018 | BD39: 2019 | BE39: 2020 | BF39: 2021 | BK39: 发电量 | BL39: 水电 | BM39: 11748 | BN39: 11947 | BO39: 12321 | BP39: 13021 | BQ39: 13553 | BR39: 13399
A40: 全国 | B40: 60228 | C40: 64529 | D40: 69947 | E40: 73269 | F40: 76264 | G40: 83959 | H40: 86945 | I40: 11748 | J40: 11947 | K40: 12321 | L40: 13021 | M40: 13553 | N40: 13399 | O40: 13517 | P40: 43273 | Q40: 45877 | R40: 49249 | S40: 50465 | T40: 51770 | U40: 56655 | V40: 57344 | W40: 2132 | X40: 2481 | Y40: 2950 | Z40: 3487 | AA40: 3662 | AB40: 4075 | AC40: 4178 | AD40: 2409 | AE40: 3046 | AF40: 3658 | AG40: 4053 | AH40: 4665 | AI40: 6558 | AJ40: 7624 | AK40: 665 | AL40: 1178 | AM40: 1769 | AN40: 2240 | AO40: 2611 | AP40: 3270 | AQ40: 4276 | AS40: 1 | AT40: 1 | AU40: 3 | AV40: 3 | AW40: 2.3 | AX40: 6 | AZ40: 全国 | BA40: 26923 | BB40: 28923 | BC40: 30223 | BD40: 30523 | BE40: 31723 | BF40: 36923 | BL40: 抽蓄 | BM40: 308 | BN40: 328 | BO40: 329 | BP40: 319 | BQ40: 335 | BR40: 390
A41: 北京 | B41: 436 | C41: 394 | D41: 449 | E41: 461 | F41: 456 | G41: 471 | H41: 465 | I41: 12 | J41: 11 | K41: 10 | L41: 10 | M41: 11 | N41: 14 | O41: 9 | P41: 419 | Q41: 377 | R41: 433 | S41: 443 | T41: 434 | U41: 447 | V41: 442 | AD41: 3 | AE41: 3 | AF41: 3 | AG41: 3 | AH41: 4 | AI41: 4 | AJ41: 5 | AK41: 1 | AL41: 2 | AM41: 3 | AN41: 5 | AO41: 6 | AP41: 6 | AQ41: 9 | AZ41: 北京 | BA41: 822 | BB41: 822 | BC41: 822 | BD41: 822 | BE41: 822 | BF41: 822 | BK41: 装机容量 | BL41: 水电 | BM41: 33207 | BN41: 34411 | BO41: 35259 | BP41: 35804 | BQ41: 37028 | BR41: 39094
A42: 天津 | B42: 600 | C42: 596 | D42: 670 | E42: 673 | F42: 699 | G42: 776 | H42: 749 | I42: 0.03 | J42: 0.07 | K42: 0.15 | L42: 0.12 | M42: 0.1 | N42: 0.2 | O42: 0.1 | P42: 591 | Q42: 584 | R42: 654 | S42: 647 | T42: 668 | U42: 739 | V42: 700 | AD42: 6 | AE42: 6 | AF42: 8 | AG42: 11 | AH42: 12 | AI42: 18 | AJ42: 26 | AK42: 3 | AL42: 6.2 | AM42: 8 | AN42: 15 | AO42: 19 | AP42: 20 | AQ42: 24 | AZ42: 天津 | BA42: 0 | BB42: 0 | BC42: 0 | BD42: 0 | BE42: 0 | BF42: 0 | BL42: 抽蓄 | BM42: 2669 | BN42: 2869 | BO42: 2999 | BP42: 3029 | BQ42: 3149 | BR42: 3639
A43: 河北 | B43: 2476 | C43: 2657 | D43: 2787 | E43: 2887 | F43: 2945 | G43: 3074 | H43: 3336 | I43: 24 | J43: 20 | K43: 17 | L43: 16 | M43: 15 | N43: 24 | O43: 37 | P43: 2196 | Q43: 2296 | R43: 2361 | S43: 2377 | T43: 2352 | U43: 2260 | V43: 2268 | AD43: 216 | AE43: 263 | AF43: 283 | AG43: 318 | AH43: 368 | AI43: 511 | AJ43: 587 | AK43: 40 | AL43: 77 | AM43: 126 | AN43: 176 | AO43: 211 | AP43: 279 | AQ43: 443 | AZ43: 河北 | BA43: 1431 | BB43: 1431 | BC43: 1431 | BD43: 1431 | BE43: 1431 | BF43: 2031
A44: 山西 | B44: 2511 | C44: 2766 | D44: 3088 | E44: 3253 | F44: 3395 | G44: 3843 | H44: 4184 | I44: 39 | J44: 42 | K44: 43 | L44: 49 | M44: 47 | N44: 39 | O44: 36 | P44: 2309 | Q44: 2503 | R44: 2739 | S44: 2852 | T44: 2924 | U44: 3145 | V44: 3463 | AD44: 135 | AE44: 165 | AF44: 212 | AG44: 224 | AH44: 266 | AI44: 469 | AJ44: 466 | AK44: 27 | AL44: 56 | AM44: 94 | AN44: 128 | AO44: 159 | AP44: 189 | AQ44: 219 | AZ44: 山西 | BA44: 1200 | BB44: 1200 | BC44: 1200 | BD44: 1200 | BE44: 1200 | BF44: 1200 | BK44: 发电量 | BL44: 传统水电 | BM44: =BM39-BM40 -> 11440 | BN44: =BN39-BN40 -> 11619 | BO44: =BO39-BO40 -> 11992 | BP44: =BP39-BP40 -> 12702 | BQ44: =BQ39-BQ40 -> 13218 | BR44: =BR39-BR40 -> 13009
A45: 内蒙古 | B45: 3950 | C45: 4424 | D45: 5005 | E45: 5451 | F45: 5703 | G45: 6010 | H45: 6479 | I45: 27 | J45: 24 | K45: 45 | L45: 58 | M45: 57 | N45: 62 | O45: 43 | P45: 3375 | Q45: 3736 | R45: 4198 | S45: 4564 | T45: 4731 | U45: 4769 | V45: 5115 | AD45: 464 | AE45: 551 | AF45: 632 | AG45: 666 | AH45: 726 | AI45: 967 | AJ45: 1077 | AK45: 83 | AL45: 113 | AM45: 130 | AN45: 163 | AO45: 188 | AP45: 212 | AQ45: 245 | AZ45: 内蒙古 | BA45: 1200 | BB45: 1200 | BC45: 1200 | BD45: 1200 | BE45: 1200 | BF45: 1200 | BK45: 装机容量 | BL45: 传统水电 | BM45: =BM41-BM42 -> 30538 | BN45: =BN41-BN42 -> 31542 | BO45: =BO41-BO42 -> 32260 | BP45: =BP41-BP42 -> 32775 | BQ45: =BQ41-BQ42 -> 33879 | BR45: =BR41-BR42 -> 35455
A46: 辽宁 | B46: 1733 | C46: 1791 | D46: 1926 | E46: 1992 | F46: 2039 | G46: 2159 | H46: 2148 | I46: 56 | J46: 45 | K46: 46 | L46: 44 | M46: 57 | N46: 78 | O46: 80 | P46: 1344 | Q46: 1349 | R46: 1381 | S46: 1395 | T46: 1410 | U46: 1399 | V46: 1286 | W46: 200 | X46: 236 | Y46: 302 | Z46: 327 | AA46: 327 | AB46: 400 | AC46: 452 | AD46: 129 | AE46: 150 | AF46: 165 | AG46: 183 | AH46: 194 | AI46: 227 | AJ46: 255 | AK46: 4 | AL46: 12 | AM46: 32 | AN46: 42 | AO46: 51 | AP46: 55 | AQ46: 76 | AZ46: 辽宁 | BA46: 1200 | BB46: 1200 | BC46: 1200 | BD46: 1200 | BE46: 1200 | BF46: 1200 | BK46: 容量因子 | BL46: 传统水电 | BN46: =BN44/AVERAGE(BM45:BN45)*10000/8760 -> 0.42730988 | BO46: =BO44/AVERAGE(BN45:BO45)*10000/8760 -> 0.42912441 | BP46: =BP44/AVERAGE(BO45:BP45)*10000/8760 -> 0.44591374 | BQ46: =BQ44/AVERAGE(BP45:BQ45)*10000/8760 -> 0.45275726 | BR46: =BR44/AVERAGE(BQ45:BR45)*10000/8760 -> 0.42837444
A47: 吉林 | B47: 743 | C47: 783 | D47: 871 | E47: 926 | F47: 990 | G47: 984 | H47: 1017 | I47: 85 | J47: 77 | K47: 79 | L47: 67 | M47: 94 | N47: 105 | O47: 118 | P47: 588 | Q47: 606 | R47: 664 | S47: 705 | T47: 721 | U47: 688 | V47: 639 | AD47: 67 | AE47: 87 | AF47: 105 | AG47: 115 | AH47: 130 | AI47: 138 | AJ47: 201 | AK47: 3 | AL47: 13 | AM47: 24 | AN47: 40 | AO47: 45 | AP47: 52 | AQ47: 59 | AZ47: 吉林 | BA47: 300 | BB47: 300 | BC47: 300 | BD47: 300 | BE47: 300 | BF47: 1350
A48: 黑龙江 | B48: 919 | C48: 954 | D48: 1029 | E48: 1088 | F48: 1111 | G48: 1145 | H48: 1174 | I48: 23 | J48: 25 | K48: 26 | L48: 28 | M48: 32 | N48: 27 | O48: 40 | P48: 808 | Q48: 816 | R48: 859 | S48: 887 | T48: 895 | U48: 905 | V48: 835 | AD48: 88 | AE48: 108 | AF48: 125 | AG48: 140 | AH48: 141 | AI48: 162 | AJ48: 228 | AK48: 1 | AL48: 6 | AM48: 20 | AN48: 32 | AO48: 43 | AP48: 51 | AQ48: 71 | AZ48: 黑龙江 | BA48: 0 | BB48: 0 | BC48: 0 | BD48: 0 | BE48: 0 | BF48: 300
A49: 上海 | B49: 832 | C49: 866 | D49: 857 | E49: 837 | F49: 864 | G49: 1007 | H49: 963 | P49: 818 | Q49: 846 | R49: 833 | S49: 812 | T49: 835 | U49: 973 | V49: 921 | AD49: 14 | AE49: 17 | AF49: 18 | AG49: 17 | AH49: 19 | AI49: 18 | AJ49: 25 | AK49: 1 | AL49: 3 | AM49: 6 | AN49: 8 | AO49: 10 | AP49: 15 | AQ49: 18 | AZ49: 上海 | BA49: 0 | BB49: 0 | BC49: 0 | BD49: 0 | BE49: 0 | BF49: 0
A50: 江苏 | B50: 4754 | C50: 4885 | D50: 5031 | E50: 5062 | F50: 5074 | G50: 5867 | H50: 5949 | I50: 17 | J50: 29 | K50: 34 | L50: 31 | M50: 32 | N50: 31 | O50: 31 | P50: 4438 | Q50: 4481 | R50: 4462 | S50: 4364 | T50: 4290 | U50: 4739 | V50: 4624 | W50: 153 | X50: 173 | Y50: 242 | Z50: 329 | AA50: 355 | AB50: 485 | AC50: 526 | AD50: 98 | AE50: 120 | AF50: 173 | AG50: 184 | AH50: 229 | AI50: 416 | AJ50: 513 | AK50: 47 | AL50: 81 | AM50: 120 | AN50: 154 | AO50: 167 | AP50: 195 | AQ50: 255 | AT50: 0.4 | AU50: 1 | AV50: 1 | AW50: 0.6 | AX50: 1 | AZ50: 江苏 | BA50: 1100 | BB50: 2600 | BC50: 2600 | BD50: 2600 | BE50: 2600 | BF50: 2600
A51: 浙江 | B51: 3190 | C51: 3348 | D51: 3508 | E51: 3544 | F51: 3521 | G51: 4227 | H51: 4346 | I51: 274 | J51: 212 | K51: 192 | L51: 257 | M51: 209 | N51: 238 | O51: 246 | P51: 2366 | Q51: 2544 | R51: 2598 | S51: 2507 | T51: 2432 | U51: 3053 | V51: 3059 | W51: 504 | X51: 511 | Y51: 587 | Z51: 629 | AA51: 712 | AB51: 733 | AC51: 731 | AD51: 23 | AE51: 25 | AF51: 31 | AG51: 33 | AH51: 36 | AI51: 49 | AJ51: 95 | AK51: 22 | AL51: 56 | AM51: 100 | AN51: 119 | AO51: 131 | AP51: 155 | AQ51: 216 | AS51: 0 | AT51: 0.1 | AU51: 0.1 | AV51: 0.1 | AW51: 0.1 | AX51: 0.1 | AZ51: 浙江 | BA51: 4580 | BB51: 4580 | BC51: 4580 | BD51: 4580 | BE51: 4580 | BF51: 5630
A52: 安徽 | B52: 2253 | C52: 2470 | D52: 2726 | E52: 2880 | F52: 2785 | G52: 3045 | H52: 3271 | I52: 63 | J52: 57 | K52: 53 | L52: 51 | M52: 66 | N52: 81 | O52: 72 | P52: 2135 | Q52: 2311 | R52: 2519 | S52: 2657 | T52: 2531 | U52: 2702 | V52: 2875 | AD52: 34 | AE52: 41 | AF52: 50 | AG52: 47 | AH52: 57 | AI52: 107 | AJ52: 117 | AK52: 21 | AL52: 62 | AM52: 104 | AN52: 125 | AO52: 130 | AP52: 155 | AQ52: 206 | AZ52: 安徽 | BA52: 1680 | BB52: 1680 | BC52: 1680 | BD52: 1980 | BE52: 3180 | BF52: 3480
A53: 福建 | B53: 2005 | C53: 2186 | D53: 2462 | E53: 2573 | F53: 2636 | G53: 2931 | H53: 3074 | I53: 631 | J53: 416 | K53: 325 | L53: 442 | M53: 292 | N53: 274 | O53: 387 | P53: 915 | Q53: 1139 | R53: 1405 | S53: 1406 | T53: 1551 | U53: 1703 | V53: 1586 | W53: 407 | X53: 560 | Y53: 646 | Z53: 621 | AA53: 652 | AB53: 777 | AC53: 832 | AD53: 50 | AE53: 65 | AF53: 72 | AG53: 87 | AH53: 122 | AI53: 152 | AJ53: 231 | AK53: 1 | AL53: 6 | AM53: 14 | AN53: 16 | AO53: 19 | AP53: 25 | AQ53: 38 | AV53: 0.2 | AX53: 0.3 | AZ53: 福建 | BA53: 1200 | BB53: 1200 | BC53: 1200 | BD53: 1200 | BE53: 1200 | BF53: 1800
A54: 江西 | B54: 1085 | C54: 1186 | D54: 1301 | E54: 1403 | F54: 1477 | G54: 1625 | H54: 1783 | I54: 199 | J54: 157 | K54: 116 | L54: 168 | M54: 145 | N54: 136 | O54: 162 | P54: 857 | Q54: 967 | R54: 1093 | S54: 1128 | T54: 1199 | U54: 1306 | V54: 1391 | AD54: 19 | AE54: 31 | AF54: 41 | AG54: 51 | AH54: 71 | AI54: 104 | AJ54: 128 | AK54: 11 | AL54: 30 | AM54: 52 | AN54: 56 | AO54: 62 | AP54: 80 | AQ54: 103 | AX54: 0.03 | AZ54: 江西 | BA54: 1200 | BB54: 1200 | BC54: 1200 | BD54: 1200 | BE54: 1200 | BF54: 1200
A55: 山东 | B55: 4863 | C55: 4860 | D55: 5218 | E55: 5285 | F55: 5781 | G55: 6196 | H55: 6241 | I55: 14 | J55: 7 | K55: 5 | L55: 5 | M55: 9 | N55: 12 | O55: 28 | P55: 4671 | Q55: 4615 | R55: 4824 | S55: 4680 | T55: 5116 | U55: 5267 | V55: 5126 | Y55: 39 | Z55: 207 | AA55: 191 | AB55: 197 | AC55: 207 | AD55: 147 | AE55: 166 | AF55: 214 | AG55: 225 | AH55: 259 | AI55: 409 | AJ55: 415 | AK55: 31 | AL55: 73 | AM55: 137 | AN55: 167 | AO55: 206 | AP55: 310 | AQ55: 462 | AX55: 2 | AZ55: 山东 | BA55: 1000 | BB55: 1000 | BC55: 1000 | BD55: 1000 | BE55: 1000 | BF55: 1600
A56: 河南 | B56: 2596 | C56: 2703 | D56: 2974 | E56: 2816 | F56: 2791 | G56: 2931 | H56: 3329 | I56: 93 | J56: 100 | K56: 144 | L56: 145 | M56: 140 | N56: 116 | O56: 122 | P56: 2474 | Q56: 2528 | R56: 2689 | S56: 2481 | T56: 2400 | U56: 2350 | V56: 2619 | AD56: 18 | AE56: 30 | AF56: 57 | AG56: 88 | AH56: 139 | AI56: 328 | AJ56: 382 | AK56: 12 | AL56: 44 | AM56: 84 | AN56: 102 | AO56: 112 | AP56: 136 | AQ56: 206 | AZ56: 河南 | BA56: 1320 | BB56: 1320 | BC56: 1320 | BD56: 1320 | BE56: 1320 | BF56: 1320
A57: 湖北 | B57: 2494 | C57: 2646 | D57: 2851 | E57: 2973 | F57: 3037 | G57: 3291 | H57: 3106 | I57: 1399 | J57: 1494 | K57: 1471 | L57: 1357 | M57: 1647 | N57: 1599 | O57: 1220 | P57: 1048 | Q57: 1075 | R57: 1267 | S57: 1485 | T57: 1243 | U57: 1475 | V57: 1592 | AD57: 35 | AE57: 48 | AF57: 64 | AG57: 74 | AH57: 82 | AI57: 134 | AJ57: 164 | AK57: 11 | AL57: 28 | AM57: 49 | AN57: 57 | AO57: 65 | AP57: 83 | AQ57: 129 | AX57: 0.01 | AZ57: 湖北 | BA57: 1270 | BB57: 1270 | BC57: 1270 | BD57: 1270 | BE57: 1270 | BF57: 1270
A58: 湖南 | B58: 1334 | C58: 1340 | D58: 1432 | E58: 1551 | F58: 1552 | G58: 1749 | H58: 1783 | I58: 560 | J58: 498 | K58: 432 | L58: 544 | M58: 574 | N58: 538 | O58: 506 | P58: 732 | Q58: 786 | R58: 919 | S58: 906 | T58: 849 | U58: 1024 | V58: 1041 | AD58: 39 | AE58: 50 | AF58: 60 | AG58: 75 | AH58: 99 | AI58: 150 | AJ58: 182 | AK58: 2 | AL58: 6 | AM58: 20 | AN58: 26 | AO58: 30 | AP58: 38 | AQ58: 53 | AV58: 0.5 | AW58: 0.5 | AX58: 1 | AZ58: 湖南 | BA58: 1200 | BB58: 1200 | BC58: 1200 | BD58: 1200 | BE58: 1200 | BF58: 1200
A59: 广东 | B59: 4036 | C59: 4348 | D59: 4572 | E59: 4852 | F59: 5048 | G59: 6154 | H59: 6229 | I59: 423 | J59: 301 | K59: 292 | L59: 397 | M59: 286 | N59: 223 | O59: 343 | P59: 2850 | Q59: 3165 | R59: 3283 | S59: 3222 | T59: 3425 | U59: 4487 | V59: 4334 | W59: 705 | X59: 800 | Y59: 896 | Z59: 1106 | AA59: 1161 | AB59: 1204 | AC59: 1149 | AD59: 50 | AE59: 62 | AF59: 63 | AG59: 74 | AH59: 103 | AI59: 137 | AJ59: 269 | AK59: 8 | AL59: 20 | AM59: 38 | AN59: 53 | AO59: 74 | AP59: 103 | AQ59: 135 | AS59: 0 | AT59: 0.2 | AU59: 0.2 | AZ59: 广东 | BA59: 6080 | BB59: 6380 | BC59: 7280 | BD59: 7280 | BE59: 7280 | BF59: 7980
A60: 广西 | B60: 1276 | C60: 1345 | D60: 1617 | E60: 1827 | F60: 1939 | G60: 2008 | H60: 2030 | I60: 600 | J60: 614 | K60: 609 | L60: 593 | M60: 615 | N60: 517 | O60: 612 | P60: 559 | Q60: 575 | R60: 796 | S60: 988 | T60: 1032 | U60: 1120 | V60: 999 | W60: 103 | X60: 127 | Y60: 161 | Z60: 172 | AA60: 168 | AB60: 181 | AC60: 178 | AD60: 13 | AE60: 25 | AF60: 42 | AG60: 61 | AH60: 106 | AI60: 161 | AJ60: 199 | AK60: 1 | AL60: 4 | AM60: 9 | AN60: 14 | AO60: 17 | AP60: 29 | AQ60: 43 | AZ60: 广西 | BA60: 0 | BB60: 0 | BC60: 0 | BD60: 0 | BE60: 0 | BF60: 0
A61: 海南 | B61: 288 | C61: 305 | D61: 327 | E61: 345 | F61: 348 | G61: 391 | H61: 408 | I61: 23 | J61: 26 | K61: 27 | L61: 17 | M61: 17 | N61: 18 | O61: 28 | P61: 197 | Q61: 195 | R61: 211 | S61: 212 | T61: 215 | U61: 254 | V61: 249 | W61: 60 | X61: 75 | Y61: 77 | Z61: 97 | AA61: 96 | AB61: 98 | AC61: 105 | AD61: 6 | AE61: 6 | AF61: 5 | AG61: 5 | AH61: 6 | AI61: 5 | AJ61: 5 | AK61: 3 | AL61: 3 | AM61: 6 | AN61: 14 | AO61: 15 | AP61: 16 | AQ61: 22 | AU61: 1 | AZ61: 海南 | BA61: 0 | BB61: 200 | BC61: 600 | BD61: 600 | BE61: 600 | BF61: 600
A62: 重庆 | B62: 683 | C62: 727 | D62: 799 | E62: 812 | F62: 837 | G62: 978 | H62: 990 | I62: 247 | J62: 253 | K62: 242 | L62: 243 | M62: 281 | N62: 283 | O62: 202 | P62: 431 | Q62: 467 | R62: 547 | S62: 554 | T62: 538 | U62: 667 | V62: 748 | AD62: 5 | AE62: 7 | AF62: 8 | AG62: 11 | AH62: 14 | AI62: 23 | AJ62: 34 | AK62: 0.02 | AL62: 0.2 | AM62: 2 | AN62: 3 | AO62: 4 | AP62: 5 | AQ62: 6 | AZ62: 重庆 | BA62: 0 | BB62: 0 | BC62: 0 | BD62: 0 | BE62: 0 | BF62: 0
A63: 四川 | B63: 3370 | C63: 3569 | D63: 3761 | E63: 3903 | F63: 4167 | G63: 4519 | H63: 4822 | I63: 2989 | J63: 3164 | K63: 3249 | L63: 3316 | M63: 3541 | N63: 3724 | O63: 3886 | P63: 349 | Q63: 354 | R63: 435 | S63: 488 | T63: 513 | U63: 655 | V63: 773 | AD63: 21 | AE63: 35 | AF63: 55 | AG63: 71 | AH63: 86 | AI63: 109 | AJ63: 132 | AK63: 11 | AL63: 16 | AM63: 22 | AN63: 28 | AO63: 27 | AP63: 30 | AQ63: 30 | AZ63: 四川 | BA63: 50 | BB63: 50 | BC63: 50 | BD63: 50 | BE63: 50 | BF63: 50
A64: 贵州 | B64: 1955 | C64: 2012 | D64: 2117 | E64: 2257 | F64: 2327 | G64: 2407 | H64: 2335 | I64: 727 | J64: 733 | K64: 770 | L64: 769 | M64: 831 | N64: 734 | O64: 678 | P64: 1171 | Q64: 1210 | R64: 1263 | S64: 1390 | T64: 1354 | U64: 1485 | V64: 1438 | AD64: 55 | AE64: 63 | AF64: 68 | AG64: 78 | AH64: 97 | AI64: 105 | AJ64: 109 | AK64: 1 | AL64: 6 | AM64: 16 | AN64: 20 | AO64: 45 | AP64: 83 | AQ64: 110 | AZ64: 贵州 | BA64: 0 | BB64: 0 | BC64: 0 | BD64: 0 | BE64: 0 | BF64: 0
A65: 云南 | B65: 2693 | C65: 2958 | D65: 3244 | E65: 3462 | F65: 3674 | G65: 3765 | H65: 4009 | I65: 2268 | J65: 2502 | K65: 2699 | L65: 2854 | M65: 2960 | N65: 3027 | O65: 3283 | P65: 253 | Q65: 240 | R65: 290 | S65: 318 | T65: 415 | U65: 455 | V65: 457 | AD65: 149 | AE65: 188 | AF65: 220 | AG65: 242 | AH65: 250 | AI65: 232 | AJ65: 214 | AK65: 23 | AL65: 28 | AM65: 34 | AN65: 48 | AO65: 50 | AP65: 51 | AQ65: 55 | AV65: 0.01 | AZ65: 云南 | BA65: 0 | BB65: 0 | BC65: 0 | BD65: 0 | BE65: 0 | BF65: 0
A66: 西藏 | B66: 51 | C66: 58 | D66: 67 | E66: 84 | F66: 87 | G66: 113 | H66: 127 | I66: 46 | J66: 51 | K66: 57 | L66: 68 | M66: 70 | N66: 93 | O66: 106 | P66: 0.3 | Q66: 0.4 | R66: 1 | S66: 1 | T66: 1 | U66: 1 | V66: 1 | AD66: 0.14 | AE66: 0.1 | AF66: 0.14 | AG66: 0.16 | AH66: 0.1 | AI66: 0.1 | AJ66: 0.9 | AK66: 4 | AL66: 6 | AM66: 8 | AN66: 13 | AO66: 14 | AP66: 17 | AQ66: 19 | AS66: 1 | AT66: 1 | AU66: 1 | AV66: 1 | AW66: 1.1 | AX66: 1 | AZ66: 西藏 | BA66: 90 | BB66: 90 | BC66: 90 | BD66: 90 | BE66: 90 | BF66: 90
A67: 陕西 | B67: 1464 | C67: 1962 | D67: 2005 | E67: 2223 | F67: 2426 | G67: 2768 | H67: 2845 | I67: 69 | J67: 109 | K67: 102 | L67: 129 | M67: 128 | N67: 141 | O67: 87 | P67: 1346 | Q67: 1747 | R67: 1761 | S67: 1917 | T67: 2084 | U67: 2310 | V67: 2389 | AD67: 28 | AE67: 54 | AF67: 72 | AG67: 83 | AH67: 95 | AI67: 176 | AJ67: 200 | AK67: 20 | AL67: 52 | AM67: 71 | AN67: 94 | AO67: 119 | AP67: 141 | AQ67: 169 | AZ67: 陕西 | BA67: 0 | BB67: 0 | BC67: 0 | BD67: 0 | BE67: 0 | BF67: 0
A68: 甘肃 | B68: 1209 | C68: 1342 | D68: 1599 | E68: 1659 | F68: 1787 | G68: 1932 | H68: 1970 | I68: 314 | J68: 374 | K68: 444 | L68: 496 | M68: 507 | N68: 452 | O68: 375 | P68: 699 | Q68: 707 | R68: 830 | S68: 817 | T68: 901 | U68: 1042 | V68: 1067 | AD68: 136 | AE68: 188 | AF68: 230 | AG68: 228 | AH68: 246 | AI68: 288 | AJ68: 348 | AK68: 60 | AL68: 73 | AM68: 95 | AN68: 118 | AO68: 133 | AP68: 150 | AQ68: 180 | AZ68: 甘肃 | BA68: 0 | BB68: 0 | BC68: 0 | BD68: 0 | BE68: 0 | BF68: 0
A69: 青海 | B69: 553 | C69: 616 | D69: 805 | E69: 883 | F69: 948 | G69: 989 | H69: 993 | I69: 302 | J69: 332 | K69: 517 | L69: 554 | M69: 599 | N69: 505 | O69: 427 | P69: 151 | Q69: 153 | R69: 120 | S69: 104 | T69: 101 | U69: 144 | V69: 154 | AD69: 10 | AE69: 18 | AF69: 38 | AG69: 66 | AH69: 82 | AI69: 130 | AJ69: 156 | AK69: 90 | AL69: 113 | AM69: 131 | AN69: 158 | AO69: 167 | AP69: 211 | AQ69: 256 | AZ69: 青海 | BA69: 0 | BB69: 0 | BC69: 0 | BD69: 0 | BE69: 0 | BF69: 0
A70: 宁夏 | B70: 1187 | C70: 1404 | D70: 1614 | E70: 1703 | F70: 1768 | G70: 1992 | H70: 2124 | I70: 14 | J70: 16 | K70: 20 | L70: 22 | M70: 22 | N70: 21 | O70: 18 | P70: 989 | Q70: 1158 | R70: 1310 | S70: 1381 | T70: 1415 | U70: 1507 | V70: 1610 | AD70: 129 | AE70: 155 | AF70: 187 | AG70: 186 | AH70: 194 | AI70: 281 | AJ70: 275 | AK70: 55 | AL70: 76 | AM70: 97 | AN70: 115 | AO70: 136 | AP70: 183 | AQ70: 221 | AZ70: 宁夏 | BA70: 0 | BB70: 0 | BC70: 0 | BD70: 0 | BE70: 0 | BF70: 0
A71: 新疆 | B71: 2693 | C71: 3030 | D71: 3235 | E71: 3606 | F71: 4052 | G71: 4613 | H71: 4665 | I71: 211 | J71: 256 | K71: 254 | L71: 290 | M71: 268 | N71: 286 | O71: 334 | P71: 2195 | Q71: 2349 | R71: 2506 | S71: 2777 | T71: 3193 | U71: 3584 | V71: 3543 | AD71: 220 | AE71: 318 | AF71: 358 | AG71: 407 | AH71: 434 | AI71: 548 | AJ71: 588 | AK71: 67 | AL71: 107 | AM71: 116 | AN71: 132 | AO71: 157 | AP71: 196 | AQ71: 200 | AW71: 0.04 | AX71: 0.1 | AZ71: 新疆 | BA71: 0 | BB71: 0 | BC71: 0 | BD71: 0 | BE71: 0 | BF71: 0
AZ72: *See Start Year Capacity for Calculation

Sheet Biomass
A1: 地区 | B1: 年份 | C1: 装机容量（万千瓦） | G1: 发电量（亿千瓦时） | K1: 利用小时数 | O1: 容量因子 | U1: 地区 | V1: 机组类型 | W1: 利用小时数折合容量因子
C2: 合计 | D2: 沼气发电 | E2: 垃圾焚烧发电 | F2: 秸秆、蔗渣、林木质发电 | G2: 合计 | H2: 沼气发电 | I2: 垃圾焚烧发电 | J2: 秸秆、蔗渣、林木质发电 | K2: 合计 | L2: 沼气发电 | M2: 垃圾焚烧发电 | N2: 秸秆、蔗渣、林木质发电 | O2: 合计 | P2: 沼气发电 | Q2: 垃圾焚烧发电 | R2: 秸秆、蔗渣、林木质发电 | S2: 除垃圾外生物质 | W2: 2016 | X2: 2017 | Y2: 2018 | Z2: 2019 | AA2: 2020 | AB2: 2021 | AC2: 2022
A3: 全国 | B3: 2016 | C3: 1396 | D3: 45 | E3: 576 | F3: 776 | G3: 687 | H3: 21 | I3: 315 | J3: 351 | K3: 5309 | L3: 6197 | M3: 5850 | N3: 4879 | O3: {=IFERROR(IF(G3>10,G3/C3*0.876,""),“”)} -> 0.43109742 | P3: {=IFERROR(IF(H3>10,H3/D3*0.876,""),“”)} -> 0.4088 | Q3: {=IFERROR(IF(I3>10,I3/E3*0.876,""),“”)} -> 0.4790625 | R3: {=IFERROR(IF(J3>10,J3/F3*0.876,""),“”)} -> 0.39623196 | S3: =IFERROR(IF((G3-I3)>10,(G3-I3)/(C3-E3)*0.876,""),"") -> 0.39740488 | U3: 全国 | V3: 生物质 | W3: =SUMIFS($K:$K,$A:$A,$U3,$B:$B,W$2)/8760 -> 0.60605023 | X3: =SUMIFS($K:$K,$A:$A,$U3,$B:$B,X$2)/8760 -> 0.60673516 | Y3: =SUMIFS($K:$K,$A:$A,$U3,$B:$B,Y$2)/8760 -> 0.58961187 | Z3: =SUMIFS($K:$K,$A:$A,$U3,$B:$B,Z$2)/8760 -> 0.59372146 | AA3: =SUMIFS($K:$K,$A:$A,$U3,$B:$B,AA$2)/8760 -> 0.59315068 | AB3: =SUMIFS($K:$K,$A:$A,$U3,$B:$B,AB$2)/8760 -> 0.56221461 | AC3: =SUMIFS($K:$K,$A:$A,$U3,$B:$B,AC$2)/8760 -> 0.53127854
A4: 北京 | B4: 2016 | C4: 14 | D4: 1 | E4: 13 | G4: 8 | H4: 1 | I4: 7 | K4: 5716 | L4: 7496 | M4: 5579 | O4: {=IFERROR(IF(G4>10,G4/C4*0.876,""),“”)} | P4: {=IFERROR(IF(H4>10,H4/D4*0.876,""),“”)} | Q4: {=IFERROR(IF(I4>10,I4/E4*0.876,""),“”)} | R4: {=IFERROR(IF(J4>10,J4/F4*0.876,""),“”)} | S4: =IFERROR(IF((G4-I4)>10,(G4-I4)/(C4-E4)*0.876,""),"") | U4: 北京 | V4: 生物质 | W4: =SUMIFS($K:$K,$A:$A,$U4,$B:$B,W$2)/8760 -> 0.65251142 | X4: =SUMIFS($K:$K,$A:$A,$U4,$B:$B,X$2)/8760 -> 0.71792237 | Y4: =SUMIFS($K:$K,$A:$A,$U4,$B:$B,Y$2)/8760 -> 0.77100457 | Z4: =SUMIFS($K:$K,$A:$A,$U4,$B:$B,Z$2)/8760 -> 0.71974886 | AA4: =SUMIFS($K:$K,$A:$A,$U4,$B:$B,AA$2)/8760 -> 0.72283105 | AB4: =SUMIFS($K:$K,$A:$A,$U4,$B:$B,AB$2)/8760 -> 0.7597032 | AC4: =SUMIFS($K:$K,$A:$A,$U4,$B:$B,AC$2)/8760 -> 0.78618721
A5: 天津 | B5: 2016 | C5: 10 | E5: 10 | G5: 5 | I5: 5 | K5: 4624 | M5: 4624 | O5: {=IFERROR(IF(G5>10,G5/C5*0.876,""),“”)} | P5: {=IFERROR(IF(H5>10,H5/D5*0.876,""),“”)} | Q5: {=IFERROR(IF(I5>10,I5/E5*0.876,""),“”)} | R5: {=IFERROR(IF(J5>10,J5/F5*0.876,""),“”)} | S5: =IFERROR(IF((G5-I5)>10,(G5-I5)/(C5-E5)*0.876,""),"") | U5: 天津 | V5: 生物质 | W5: =SUMIFS($K:$K,$A:$A,$U5,$B:$B,W$2)/8760 -> 0.52785388 | X5: =SUMIFS($K:$K,$A:$A,$U5,$B:$B,X$2)/8760 -> 0.58310502 | Y5: =SUMIFS($K:$K,$A:$A,$U5,$B:$B,Y$2)/8760 -> 0.65719178 | Z5: =SUMIFS($K:$K,$A:$A,$U5,$B:$B,Z$2)/8760 -> 0.69714612 | AA5: =SUMIFS($K:$K,$A:$A,$U5,$B:$B,AA$2)/8760 -> 0.6489726 | AB5: =SUMIFS($K:$K,$A:$A,$U5,$B:$B,AB$2)/8760 -> 0.50616438 | AC5: =SUMIFS($K:$K,$A:$A,$U5,$B:$B,AC$2)/8760 -> 0.50285388
A6: 河北 | B6: 2016 | C6: 55 | D6: 1 | E6: 16 | F6: 38 | G6: 26 | H6: 0 | I6: 7 | J6: 19 | K6: 5406 | M6: 4662 | N6: 5756 | O6: {=IFERROR(IF(G6>10,G6/C6*0.876,""),“”)} -> 0.41410909 | P6: {=IFERROR(IF(H6>10,H6/D6*0.876,""),“”)} | Q6: {=IFERROR(IF(I6>10,I6/E6*0.876,""),“”)} | R6: {=IFERROR(IF(J6>10,J6/F6*0.876,""),“”)} -> 0.438 | S6: =IFERROR(IF((G6-I6)>10,(G6-I6)/(C6-E6)*0.876,""),"") -> 0.42676923 | U6: 河北 | V6: 生物质 | W6: =SUMIFS($K:$K,$A:$A,$U6,$B:$B,W$2)/8760 -> 0.61712329 | X6: =SUMIFS($K:$K,$A:$A,$U6,$B:$B,X$2)/8760 -> 0.60513699 | Y6: =SUMIFS($K:$K,$A:$A,$U6,$B:$B,Y$2)/8760 -> 0.60353881 | Z6: =SUMIFS($K:$K,$A:$A,$U6,$B:$B,Z$2)/8760 -> 0.5902968 | AA6: =SUMIFS($K:$K,$A:$A,$U6,$B:$B,AA$2)/8760 -> 0.59178082 | AB6: =SUMIFS($K:$K,$A:$A,$U6,$B:$B,AB$2)/8760 -> 0.47431507 | AC6: =SUMIFS($K:$K,$A:$A,$U6,$B:$B,AC$2)/8760 -> 0.46289954
A7: 山西 | B7: 2016 | C7: 44 | D7: 15 | E7: 11 | F7: 19 | G7: 22 | H7: 5 | I7: 6 | J7: 11 | K7: 5867 | M7: 5768 | N7: 5924 | O7: {=IFERROR(IF(G7>10,G7/C7*0.876,""),“”)} -> 0.438 | P7: {=IFERROR(IF(H7>10,H7/D7*0.876,""),“”)} | Q7: {=IFERROR(IF(I7>10,I7/E7*0.876,""),“”)} | R7: {=IFERROR(IF(J7>10,J7/F7*0.876,""),“”)} -> 0.50715789 | S7: =IFERROR(IF((G7-I7)>10,(G7-I7)/(C7-E7)*0.876,""),"") -> 0.42472727 | U7: 山西 | V7: 生物质 | W7: =SUMIFS($K:$K,$A:$A,$U7,$B:$B,W$2)/8760 -> 0.66974886 | X7: =SUMIFS($K:$K,$A:$A,$U7,$B:$B,X$2)/8760 -> 0.64406393 | Y7: =SUMIFS($K:$K,$A:$A,$U7,$B:$B,Y$2)/8760 -> 0.62853881 | Z7: =SUMIFS($K:$K,$A:$A,$U7,$B:$B,Z$2)/8760 -> 0.64269406 | AA7: =SUMIFS($K:$K,$A:$A,$U7,$B:$B,AA$2)/8760 -> 0.56803653 | AB7: =SUMIFS($K:$K,$A:$A,$U7,$B:$B,AB$2)/8760 -> 0.42922374 | AC7: =SUMIFS($K:$K,$A:$A,$U7,$B:$B,AC$2)/8760 -> 0.45776256
A8: 内蒙古 | B8: 2016 | C8: 16 | E8: 4 | F8: 12 | G8: 7 | I8: 1 | J8: 7 | K8: 4672 | M8: 2040 | N8: 5455 | O8: {=IFERROR(IF(G8>10,G8/C8*0.876,""),“”)} | P8: {=IFERROR(IF(H8>10,H8/D8*0.876,""),“”)} | Q8: {=IFERROR(IF(I8>10,I8/E8*0.876,""),“”)} | R8: {=IFERROR(IF(J8>10,J8/F8*0.876,""),“”)} | S8: =IFERROR(IF((G8-I8)>10,(G8-I8)/(C8-E8)*0.876,""),"") | U8: 内蒙古 | V8: 生物质 | W8: =SUMIFS($K:$K,$A:$A,$U8,$B:$B,W$2)/8760 -> 0.53333333 | X8: =SUMIFS($K:$K,$A:$A,$U8,$B:$B,X$2)/8760 -> 0.53333333 | Y8: =SUMIFS($K:$K,$A:$A,$U8,$B:$B,Y$2)/8760 -> 0.4716895 | Z8: =SUMIFS($K:$K,$A:$A,$U8,$B:$B,Z$2)/8760 -> 0.47534247 | AA8: =SUMIFS($K:$K,$A:$A,$U8,$B:$B,AA$2)/8760 -> 0.40148402 | AB8: =SUMIFS($K:$K,$A:$A,$U8,$B:$B,AB$2)/8760 -> 0.39417808 | AC8: =SUMIFS($K:$K,$A:$A,$U8,$B:$B,AC$2)/8760 -> 0.34315068
A9: 辽宁 | B9: 2016 | C9: 8 | E9: 3 | F9: 5 | G9: 6 | I9: 2 | J9: 3 | K9: 7046 | M9: 7993 | N9: 6601 | O9: {=IFERROR(IF(G9>10,G9/C9*0.876,""),“”)} | P9: {=IFERROR(IF(H9>10,H9/D9*0.876,""),“”)} | Q9: {=IFERROR(IF(I9>10,I9/E9*0.876,""),“”)} | R9: {=IFERROR(IF(J9>10,J9/F9*0.876,""),“”)} | S9: =IFERROR(IF((G9-I9)>10,(G9-I9)/(C9-E9)*0.876,""),"") | U9: 辽宁 | V9: 生物质 | W9: =SUMIFS($K:$K,$A:$A,$U9,$B:$B,W$2)/8760 -> 0.8043379 | X9: =SUMIFS($K:$K,$A:$A,$U9,$B:$B,X$2)/8760 -> 0.71712329 | Y9: =SUMIFS($K:$K,$A:$A,$U9,$B:$B,Y$2)/8760 -> 0.71723744 | Z9: =SUMIFS($K:$K,$A:$A,$U9,$B:$B,Z$2)/8760 -> 0.66621005 | AA9: =SUMIFS($K:$K,$A:$A,$U9,$B:$B,AA$2)/8760 -> 0.69577626 | AB9: =SUMIFS($K:$K,$A:$A,$U9,$B:$B,AB$2)/8760 -> 0.54086758 | AC9: =SUMIFS($K:$K,$A:$A,$U9,$B:$B,AC$2)/8760 -> 0.47214612
A10: 吉林 | B10: 2016 | C10: 52 | D10: 0 | E10: 12 | F10: 40 | G10: 28 | H10: 0 | I10: 4 | J10: 23 | K10: 5511 | M10: 3926 | N10: 5938 | O10: {=IFERROR(IF(G10>10,G10/C10*0.876,""),“”)} -> 0.47169231 | P10: {=IFERROR(IF(H10>10,H10/D10*0.876,""),“”)} | Q10: {=IFERROR(IF(I10>10,I10/E10*0.876,""),“”)} | R10: {=IFERROR(IF(J10>10,J10/F10*0.876,""),“”)} -> 0.5037 | S10: =IFERROR(IF((G10-I10)>10,(G10-I10)/(C10-E10)*0.876,""),"") -> 0.5256 | U10: 吉林 | V10: 生物质 | W10: =SUMIFS($K:$K,$A:$A,$U10,$B:$B,W$2)/8760 -> 0.62910959 | X10: =SUMIFS($K:$K,$A:$A,$U10,$B:$B,X$2)/8760 -> 0.60958904 | Y10: =SUMIFS($K:$K,$A:$A,$U10,$B:$B,Y$2)/8760 -> 0.52226027 | Z10: =SUMIFS($K:$K,$A:$A,$U10,$B:$B,Z$2)/8760 -> 0.57157534 | AA10: =SUMIFS($K:$K,$A:$A,$U10,$B:$B,AA$2)/8760 -> 0.50216895 | AB10: =SUMIFS($K:$K,$A:$A,$U10,$B:$B,AB$2)/8760 -> 0.3902968 | AC10: =SUMIFS($K:$K,$A:$A,$U10,$B:$B,AC$2)/8760 -> 0.34634703
A11: 黑龙江 | B11: 2016 | C11: 80 | D11: 0 | E11: 7 | F11: 73 | G11: 39 | H11: 0 | I11: 2 | J11: 37 | K11: 5648 | M11: 3750 | N11: 5828 | O11: {=IFERROR(IF(G11>10,G11/C11*0.876,""),“”)} -> 0.42705 | P11: {=IFERROR(IF(H11>10,H11/D11*0.876,""),“”)} | Q11: {=IFERROR(IF(I11>10,I11/E11*0.876,""),“”)} | R11: {=IFERROR(IF(J11>10,J11/F11*0.876,""),“”)} -> 0.444 | S11: =IFERROR(IF((G11-I11)>10,(G11-I11)/(C11-E11)*0.876,""),"") -> 0.444 | U11: 黑龙江 | V11: 生物质 | W11: =SUMIFS($K:$K,$A:$A,$U11,$B:$B,W$2)/8760 -> 0.64474886 | X11: =SUMIFS($K:$K,$A:$A,$U11,$B:$B,X$2)/8760 -> 0.61929224 | Y11: =SUMIFS($K:$K,$A:$A,$U11,$B:$B,Y$2)/8760 -> 0.64121005 | Z11: =SUMIFS($K:$K,$A:$A,$U11,$B:$B,Z$2)/8760 -> 0.64429224 | AA11: =SUMIFS($K:$K,$A:$A,$U11,$B:$B,AA$2)/8760 -> 0.63356164 | AB11: =SUMIFS($K:$K,$A:$A,$U11,$B:$B,AB$2)/8760 -> 0.51141553 | AC11: =SUMIFS($K:$K,$A:$A,$U11,$B:$B,AC$2)/8760 -> 0.39394977
A12: 上海 | B12: 2016 | C12: 24 | D12: 2 | E12: 22 | G12: 15 | H12: 1 | I12: 14 | K12: 7156 | L12: 7213 | M12: 7152 | O12: {=IFERROR(IF(G12>10,G12/C12*0.876,""),“”)} -> 0.5475 | P12: {=IFERROR(IF(H12>10,H12/D12*0.876,""),“”)} | Q12: {=IFERROR(IF(I12>10,I12/E12*0.876,""),“”)} -> 0.55745455 | R12: {=IFERROR(IF(J12>10,J12/F12*0.876,""),“”)} | S12: =IFERROR(IF((G12-I12)>10,(G12-I12)/(C12-E12)*0.876,""),"") | U12: 上海 | V12: 生物质 | W12: =SUMIFS($K:$K,$A:$A,$U12,$B:$B,W$2)/8760 -> 0.81689498 | X12: =SUMIFS($K:$K,$A:$A,$U12,$B:$B,X$2)/8760 -> 0.82853881 | Y12: =SUMIFS($K:$K,$A:$A,$U12,$B:$B,Y$2)/8760 -> 0.83755708 | Z12: =SUMIFS($K:$K,$A:$A,$U12,$B:$B,Z$2)/8760 -> 0.88127854 | AA12: =SUMIFS($K:$K,$A:$A,$U12,$B:$B,AA$2)/8760 -> 0.88687215 | AB12: =SUMIFS($K:$K,$A:$A,$U12,$B:$B,AB$2)/8760 -> 0.77956621 | AC12: =SUMIFS($K:$K,$A:$A,$U12,$B:$B,AC$2)/8760 -> 0.69714612
A13: 江苏 | B13: 2016 | C13: 125 | D13: 2 | E13: 79 | F13: 44 | G13: 81 | H13: 1 | I13: 50 | J13: 30 | K13: 6841 | L13: 7835 | M13: 6670 | N13: 7129 | O13: {=IFERROR(IF(G13>10,G13/C13*0.876,""),“”)} -> 0.567648 | P13: {=IFERROR(IF(H13>10,H13/D13*0.876,""),“”)} | Q13: {=IFERROR(IF(I13>10,I13/E13*0.876,""),“”)} -> 0.55443038 | R13: {=IFERROR(IF(J13>10,J13/F13*0.876,""),“”)} -> 0.59727273 | S13: =IFERROR(IF((G13-I13)>10,(G13-I13)/(C13-E13)*0.876,""),"") -> 0.59034783 | U13: 江苏 | V13: 生物质 | W13: =SUMIFS($K:$K,$A:$A,$U13,$B:$B,W$2)/8760 -> 0.78093607 | X13: =SUMIFS($K:$K,$A:$A,$U13,$B:$B,X$2)/8760 -> 0.76472603 | Y13: =SUMIFS($K:$K,$A:$A,$U13,$B:$B,Y$2)/8760 -> 0.71495434 | Z13: =SUMIFS($K:$K,$A:$A,$U13,$B:$B,Z$2)/8760 -> 0.73835616 | AA13: =SUMIFS($K:$K,$A:$A,$U13,$B:$B,AA$2)/8760 -> 0.67922374 | AB13: =SUMIFS($K:$K,$A:$A,$U13,$B:$B,AB$2)/8760 -> 0.60216895 | AC13: =SUMIFS($K:$K,$A:$A,$U13,$B:$B,AC$2)/8760 -> 0.53732877
A14: 浙江 | B14: 2016 | C14: 122 | D14: 1 | E14: 102 | F14: 19 | G14: 71 | H14: 1 | I14: 61 | J14: 9 | K14: 6195 | M14: 6379 | N14: 5184 | O14: {=IFERROR(IF(G14>10,G14/C14*0.876,""),“”)} -> 0.50980328 | P14: {=IFERROR(IF(H14>10,H14/D14*0.876,""),“”)} | Q14: {=IFERROR(IF(I14>10,I14/E14*0.876,""),“”)} -> 0.52388235 | R14: {=IFERROR(IF(J14>10,J14/F14*0.876,""),“”)} | S14: =IFERROR(IF((G14-I14)>10,(G14-I14)/(C14-E14)*0.876,""),"") | U14: 浙江 | V14: 生物质 | W14: =SUMIFS($K:$K,$A:$A,$U14,$B:$B,W$2)/8760 -> 0.70719178 | X14: =SUMIFS($K:$K,$A:$A,$U14,$B:$B,X$2)/8760 -> 0.64794521 | Y14: =SUMIFS($K:$K,$A:$A,$U14,$B:$B,Y$2)/8760 -> 0.6576484 | Z14: =SUMIFS($K:$K,$A:$A,$U14,$B:$B,Z$2)/8760 -> 0.66073059 | AA14: =SUMIFS($K:$K,$A:$A,$U14,$B:$B,AA$2)/8760 -> 0.61381279 | AB14: =SUMIFS($K:$K,$A:$A,$U14,$B:$B,AB$2)/8760 -> 0.59372146 | AC14: =SUMIFS($K:$K,$A:$A,$U14,$B:$B,AC$2)/8760 -> 0.59920091
A15: 安徽 | B15: 2016 | C15: 95 | D15: 1 | E15: 29 | F15: 66 | G15: 55 | H15: 0 | I15: 17 | J15: 38 | K15: 6275 | M15: 6393 | N15: 6227 | O15: {=IFERROR(IF(G15>10,G15/C15*0.876,""),“”)} -> 0.50715789 | P15: {=IFERROR(IF(H15>10,H15/D15*0.876,""),“”)} | Q15: {=IFERROR(IF(I15>10,I15/E15*0.876,""),“”)} -> 0.51351724 | R15: {=IFERROR(IF(J15>10,J15/F15*0.876,""),“”)} -> 0.50436364 | S15: =IFERROR(IF((G15-I15)>10,(G15-I15)/(C15-E15)*0.876,""),"") -> 0.50436364 | U15: 安徽 | V15: 生物质 | W15: =SUMIFS($K:$K,$A:$A,$U15,$B:$B,W$2)/8760 -> 0.7163242 | X15: =SUMIFS($K:$K,$A:$A,$U15,$B:$B,X$2)/8760 -> 0.72956621 | Y15: =SUMIFS($K:$K,$A:$A,$U15,$B:$B,Y$2)/8760 -> 0.57796804 | Z15: =SUMIFS($K:$K,$A:$A,$U15,$B:$B,Z$2)/8760 -> 0.63356164 | AA15: =SUMIFS($K:$K,$A:$A,$U15,$B:$B,AA$2)/8760 -> 0.63276256 | AB15: =SUMIFS($K:$K,$A:$A,$U15,$B:$B,AB$2)/8760 -> 0.59189498 | AC15: =SUMIFS($K:$K,$A:$A,$U15,$B:$B,AC$2)/8760 -> 0.59680365
A16: 福建 | B16: 2016 | C16: 36 | D16: 1 | E16: 30 | F16: 5 | G16: 22 | H16: 0 | I16: 19 | J16: 3 | K16: 6102 | M16: 6212 | N16: 5496 | O16: {=IFERROR(IF(G16>10,G16/C16*0.876,""),“”)} -> 0.53533333 | P16: {=IFERROR(IF(H16>10,H16/D16*0.876,""),“”)} | Q16: {=IFERROR(IF(I16>10,I16/E16*0.876,""),“”)} -> 0.5548 | R16: {=IFERROR(IF(J16>10,J16/F16*0.876,""),“”)} | S16: =IFERROR(IF((G16-I16)>10,(G16-I16)/(C16-E16)*0.876,""),"") | U16: 福建 | V16: 生物质 | W16: =SUMIFS($K:$K,$A:$A,$U16,$B:$B,W$2)/8760 -> 0.69657534 | X16: =SUMIFS($K:$K,$A:$A,$U16,$B:$B,X$2)/8760 -> 0.70022831 | Y16: =SUMIFS($K:$K,$A:$A,$U16,$B:$B,Y$2)/8760 -> 0.69269406 | Z16: =SUMIFS($K:$K,$A:$A,$U16,$B:$B,Z$2)/8760 -> 0.68504566 | AA16: =SUMIFS($K:$K,$A:$A,$U16,$B:$B,AA$2)/8760 -> 0.69600457 | AB16: =SUMIFS($K:$K,$A:$A,$U16,$B:$B,AB$2)/8760 -> 0.67420091 | AC16: =SUMIFS($K:$K,$A:$A,$U16,$B:$B,AC$2)/8760 -> 0.65719178
A17: 江西 | B17: 2016 | C17: 28 | D17: 0 | E17: 7 | F17: 20 | G17: 13 | H17: 0 | I17: 2 | J17: 11 | K17: 5313 | M17: 3684 | N17: 5664 | O17: {=IFERROR(IF(G17>10,G17/C17*0.876,""),“”)} -> 0.40671429 | P17: {=IFERROR(IF(H17>10,H17/D17*0.876,""),“”)} | Q17: {=IFERROR(IF(I17>10,I17/E17*0.876,""),“”)} | R17: {=IFERROR(IF(J17>10,J17/F17*0.876,""),“”)} -> 0.4818 | S17: =IFERROR(IF((G17-I17)>10,(G17-I17)/(C17-E17)*0.876,""),"") -> 0.45885714 | U17: 江西 | V17: 生物质 | W17: =SUMIFS($K:$K,$A:$A,$U17,$B:$B,W$2)/8760 -> 0.60650685 | X17: =SUMIFS($K:$K,$A:$A,$U17,$B:$B,X$2)/8760 -> 0.69771689 | Y17: =SUMIFS($K:$K,$A:$A,$U17,$B:$B,Y$2)/8760 -> 0.52226027 | Z17: =SUMIFS($K:$K,$A:$A,$U17,$B:$B,Z$2)/8760 -> 0.57888128 | AA17: =SUMIFS($K:$K,$A:$A,$U17,$B:$B,AA$2)/8760 -> 0.57739726 | AB17: =SUMIFS($K:$K,$A:$A,$U17,$B:$B,AB$2)/8760 -> 0.60045662 | AC17: =SUMIFS($K:$K,$A:$A,$U17,$B:$B,AC$2)/8760 -> 0.5836758
A18: 山东 | B18: 2016 | C18: 179 | D18: 6 | E18: 56 | F18: 117 | G18: 89 | H18: 3 | I18: 27 | J18: 59 | K18: 5521 | L18: 6498 | M18: 4883 | N18: 5818 | O18: {=IFERROR(IF(G18>10,G18/C18*0.876,""),“”)} -> 0.43555307 | P18: {=IFERROR(IF(H18>10,H18/D18*0.876,""),“”)} | Q18: {=IFERROR(IF(I18>10,I18/E18*0.876,""),“”)} -> 0.42235714 | R18: {=IFERROR(IF(J18>10,J18/F18*0.876,""),“”)} -> 0.44174359 | S18: =IFERROR(IF((G18-I18)>10,(G18-I18)/(C18-E18)*0.876,""),"") -> 0.44156098 | U18: 山东 | V18: 生物质 | W18: =SUMIFS($K:$K,$A:$A,$U18,$B:$B,W$2)/8760 -> 0.63025114 | X18: =SUMIFS($K:$K,$A:$A,$U18,$B:$B,X$2)/8760 -> 0.62020548 | Y18: =SUMIFS($K:$K,$A:$A,$U18,$B:$B,Y$2)/8760 -> 0.63276256 | Z18: =SUMIFS($K:$K,$A:$A,$U18,$B:$B,Z$2)/8760 -> 0.59166667 | AA18: =SUMIFS($K:$K,$A:$A,$U18,$B:$B,AA$2)/8760 -> 0.58025114 | AB18: =SUMIFS($K:$K,$A:$A,$U18,$B:$B,AB$2)/8760 -> 0.55342466 | AC18: =SUMIFS($K:$K,$A:$A,$U18,$B:$B,AC$2)/8760 -> 0.52408676
A19: 河南 | B19: 2016 | C19: 47 | E19: 8 | F19: 39 | G19: 23 | I19: 4 | J19: 18 | K19: 4801 | M19: 5007 | N19: 4768 | O19: {=IFERROR(IF(G19>10,G19/C19*0.876,""),“”)} -> 0.42868085 | P19: {=IFERROR(IF(H19>10,H19/D19*0.876,""),“”)} | Q19: {=IFERROR(IF(I19>10,I19/E19*0.876,""),“”)} | R19: {=IFERROR(IF(J19>10,J19/F19*0.876,""),“”)} -> 0.40430769 | S19: =IFERROR(IF((G19-I19)>10,(G19-I19)/(C19-E19)*0.876,""),"") -> 0.42676923 | U19: 河南 | V19: 生物质 | W19: =SUMIFS($K:$K,$A:$A,$U19,$B:$B,W$2)/8760 -> 0.54805936 | X19: =SUMIFS($K:$K,$A:$A,$U19,$B:$B,X$2)/8760 -> 0.51940639 | Y19: =SUMIFS($K:$K,$A:$A,$U19,$B:$B,Y$2)/8760 -> 0.5836758 | Z19: =SUMIFS($K:$K,$A:$A,$U19,$B:$B,Z$2)/8760 -> 0.60981735 | AA19: =SUMIFS($K:$K,$A:$A,$U19,$B:$B,AA$2)/8760 -> 0.55228311 | AB19: =SUMIFS($K:$K,$A:$A,$U19,$B:$B,AB$2)/8760 -> 0.49942922 | AC19: =SUMIFS($K:$K,$A:$A,$U19,$B:$B,AC$2)/8760 -> 0.54634703
A20: 湖北 | B20: 2016 | C20: 65 | D20: 1 | E20: 21 | F20: 43 | G20: 34 | H20: 0 | I20: 12 | J20: 22 | K20: 5331 | M20: 6126 | N20: 4967 | O20: {=IFERROR(IF(G20>10,G20/C20*0.876,""),“”)} -> 0.45821538 | P20: {=IFERROR(IF(H20>10,H20/D20*0.876,""),“”)} | Q20: {=IFERROR(IF(I20>10,I20/E20*0.876,""),“”)} -> 0.50057143 | R20: {=IFERROR(IF(J20>10,J20/F20*0.876,""),“”)} -> 0.44818605 | S20: =IFERROR(IF((G20-I20)>10,(G20-I20)/(C20-E20)*0.876,""),"") -> 0.438 | U20: 湖北 | V20: 生物质 | W20: =SUMIFS($K:$K,$A:$A,$U20,$B:$B,W$2)/8760 -> 0.60856164 | X20: =SUMIFS($K:$K,$A:$A,$U20,$B:$B,X$2)/8760 -> 0.61381279 | Y20: =SUMIFS($K:$K,$A:$A,$U20,$B:$B,Y$2)/8760 -> 0.38493151 | Z20: =SUMIFS($K:$K,$A:$A,$U20,$B:$B,Z$2)/8760 -> 0.39383562 | AA20: =SUMIFS($K:$K,$A:$A,$U20,$B:$B,AA$2)/8760 -> 0.43538813 | AB20: =SUMIFS($K:$K,$A:$A,$U20,$B:$B,AB$2)/8760 -> 0.4130137 | AC20: =SUMIFS($K:$K,$A:$A,$U20,$B:$B,AC$2)/8760 -> 0.46232877
A21: 湖南 | B21: 2016 | C21: 40 | D21: 9 | E21: 10 | F21: 21 | G21: 19 | H21: 6 | I21: 4 | J21: 9 | K21: 5185 | L21: 6120 | M21: 5423 | N21: 4665 | O21: {=IFERROR(IF(G21>10,G21/C21*0.876,""),“”)} -> 0.4161 | P21: {=IFERROR(IF(H21>10,H21/D21*0.876,""),“”)} | Q21: {=IFERROR(IF(I21>10,I21/E21*0.876,""),“”)} | R21: {=IFERROR(IF(J21>10,J21/F21*0.876,""),“”)} | S21: =IFERROR(IF((G21-I21)>10,(G21-I21)/(C21-E21)*0.876,""),"") -> 0.438 | U21: 湖南 | V21: 生物质 | W21: =SUMIFS($K:$K,$A:$A,$U21,$B:$B,W$2)/8760 -> 0.59189498 | X21: =SUMIFS($K:$K,$A:$A,$U21,$B:$B,X$2)/8760 -> 0.63321918 | Y21: =SUMIFS($K:$K,$A:$A,$U21,$B:$B,Y$2)/8760 -> 0.53207763 | Z21: =SUMIFS($K:$K,$A:$A,$U21,$B:$B,Z$2)/8760 -> 0.52054795 | AA21: =SUMIFS($K:$K,$A:$A,$U21,$B:$B,AA$2)/8760 -> 0.54680365 | AB21: =SUMIFS($K:$K,$A:$A,$U21,$B:$B,AB$2)/8760 -> 0.57271689 | AC21: =SUMIFS($K:$K,$A:$A,$U21,$B:$B,AC$2)/8760 -> 0.57773973
A22: 广东 | B22: 2016 | C22: 82 | D22: 4 | E22: 62 | F22: 16 | G22: 49 | H22: 2 | I22: 35 | J22: 11 | K22: 6101 | L22: 5119 | M22: 5942 | N22: 6943 | O22: {=IFERROR(IF(G22>10,G22/C22*0.876,""),“”)} -> 0.52346341 | P22: {=IFERROR(IF(H22>10,H22/D22*0.876,""),“”)} | Q22: {=IFERROR(IF(I22>10,I22/E22*0.876,""),“”)} -> 0.49451613 | R22: {=IFERROR(IF(J22>10,J22/F22*0.876,""),“”)} -> 0.60225 | S22: =IFERROR(IF((G22-I22)>10,(G22-I22)/(C22-E22)*0.876,""),"") -> 0.6132 | U22: 广东 | V22: 生物质 | W22: =SUMIFS($K:$K,$A:$A,$U22,$B:$B,W$2)/8760 -> 0.69646119 | X22: =SUMIFS($K:$K,$A:$A,$U22,$B:$B,X$2)/8760 -> 0.68984018 | Y22: =SUMIFS($K:$K,$A:$A,$U22,$B:$B,Y$2)/8760 -> 0.76757991 | Z22: =SUMIFS($K:$K,$A:$A,$U22,$B:$B,Z$2)/8760 -> 0.62146119 | AA22: =SUMIFS($K:$K,$A:$A,$U22,$B:$B,AA$2)/8760 -> 0.68892694 | AB22: =SUMIFS($K:$K,$A:$A,$U22,$B:$B,AB$2)/8760 -> 0.72431507 | AC22: =SUMIFS($K:$K,$A:$A,$U22,$B:$B,AC$2)/8760 -> 0.59965753
A23: 广西 | B23: 2016 | C23: 163 | E23: 8 | F23: 155 | G23: 30 | I23: 3 | J23: 27 | K23: 1807 | M23: 4411 | N23: 1693 | O23: {=IFERROR(IF(G23>10,G23/C23*0.876,""),“”)} -> 0.16122699 | P23: {=IFERROR(IF(H23>10,H23/D23*0.876,""),“”)} | Q23: {=IFERROR(IF(I23>10,I23/E23*0.876,""),“”)} | R23: {=IFERROR(IF(J23>10,J23/F23*0.876,""),“”)} -> 0.15259355 | S23: =IFERROR(IF((G23-I23)>10,(G23-I23)/(C23-E23)*0.876,""),"") -> 0.15259355 | U23: 广西 | V23: 生物质 | W23: =SUMIFS($K:$K,$A:$A,$U23,$B:$B,W$2)/8760 -> 0.20627854 | X23: =SUMIFS($K:$K,$A:$A,$U23,$B:$B,X$2)/8760 -> 0.23949772 | Y23: =SUMIFS($K:$K,$A:$A,$U23,$B:$B,Y$2)/8760 -> 0.27796804 | Z23: =SUMIFS($K:$K,$A:$A,$U23,$B:$B,Z$2)/8760 -> 0.32865297 | AA23: =SUMIFS($K:$K,$A:$A,$U23,$B:$B,AA$2)/8760 -> 0.32591324 | AB23: =SUMIFS($K:$K,$A:$A,$U23,$B:$B,AB$2)/8760 -> 0.36678082 | AC23: =SUMIFS($K:$K,$A:$A,$U23,$B:$B,AC$2)/8760 -> 0.34497717
A24: 海南 | B24: 2016 | C24: 7 | D24: 0 | E24: 7 | G24: 5 | H24: 0 | I24: 5 | K24: 6785 | M24: 6785 | O24: {=IFERROR(IF(G24>10,G24/C24*0.876,""),“”)} | P24: {=IFERROR(IF(H24>10,H24/D24*0.876,""),“”)} | Q24: {=IFERROR(IF(I24>10,I24/E24*0.876,""),“”)} | R24: {=IFERROR(IF(J24>10,J24/F24*0.876,""),“”)} | S24: =IFERROR(IF((G24-I24)>10,(G24-I24)/(C24-E24)*0.876,""),"") | U24: 海南 | V24: 生物质 | W24: =SUMIFS($K:$K,$A:$A,$U24,$B:$B,W$2)/8760 -> 0.77454338 | X24: =SUMIFS($K:$K,$A:$A,$U24,$B:$B,X$2)/8760 -> 0.7760274 | Y24: =SUMIFS($K:$K,$A:$A,$U24,$B:$B,Y$2)/8760 -> 0.69977169 | Z24: =SUMIFS($K:$K,$A:$A,$U24,$B:$B,Z$2)/8760 -> 0.69109589 | AA24: =SUMIFS($K:$K,$A:$A,$U24,$B:$B,AA$2)/8760 -> 0.63847032 | AB24: =SUMIFS($K:$K,$A:$A,$U24,$B:$B,AB$2)/8760 -> 0.69394977 | AC24: =SUMIFS($K:$K,$A:$A,$U24,$B:$B,AC$2)/8760 -> 0.68972603
A25: 重庆 | B25: 2016 | C25: 15 | D25: 0 | E25: 10 | F25: 4 | G25: 8 | H25: 0 | I25: 6 | J25: 2 | K25: 5966 | M25: 6787 | N25: 4227 | O25: {=IFERROR(IF(G25>10,G25/C25*0.876,""),“”)} | P25: {=IFERROR(IF(H25>10,H25/D25*0.876,""),“”)} | Q25: {=IFERROR(IF(I25>10,I25/E25*0.876,""),“”)} | R25: {=IFERROR(IF(J25>10,J25/F25*0.876,""),“”)} | S25: =IFERROR(IF((G25-I25)>10,(G25-I25)/(C25-E25)*0.876,""),"") | U25: 重庆 | V25: 生物质 | W25: =SUMIFS($K:$K,$A:$A,$U25,$B:$B,W$2)/8760 -> 0.68105023 | X25: =SUMIFS($K:$K,$A:$A,$U25,$B:$B,X$2)/8760 -> 0.66666667 | Y25: =SUMIFS($K:$K,$A:$A,$U25,$B:$B,Y$2)/8760 -> 0.53139269 | Z25: =SUMIFS($K:$K,$A:$A,$U25,$B:$B,Z$2)/8760 -> 0.6553653 | AA25: =SUMIFS($K:$K,$A:$A,$U25,$B:$B,AA$2)/8760 -> 0.73972603 | AB25: =SUMIFS($K:$K,$A:$A,$U25,$B:$B,AB$2)/8760 -> 0.70285388 | AC25: =SUMIFS($K:$K,$A:$A,$U25,$B:$B,AC$2)/8760 -> 0.61723744
A26: 四川 | B26: 2016 | C26: 30 | E26: 27 | F26: 3 | G26: 14 | I26: 12 | J26: 2 | K26: 5063 | M26: 4951 | N26: 6180 | O26: {=IFERROR(IF(G26>10,G26/C26*0.876,""),“”)} -> 0.4088 | P26: {=IFERROR(IF(H26>10,H26/D26*0.876,""),“”)} | Q26: {=IFERROR(IF(I26>10,I26/E26*0.876,""),“”)} -> 0.38933333 | R26: {=IFERROR(IF(J26>10,J26/F26*0.876,""),“”)} | S26: =IFERROR(IF((G26-I26)>10,(G26-I26)/(C26-E26)*0.876,""),"") | U26: 四川 | V26: 生物质 | W26: =SUMIFS($K:$K,$A:$A,$U26,$B:$B,W$2)/8760 -> 0.57796804 | X26: =SUMIFS($K:$K,$A:$A,$U26,$B:$B,X$2)/8760 -> 0.62477169 | Y26: =SUMIFS($K:$K,$A:$A,$U26,$B:$B,Y$2)/8760 -> 0.74452055 | Z26: =SUMIFS($K:$K,$A:$A,$U26,$B:$B,Z$2)/8760 -> 0.79703196 | AA26: =SUMIFS($K:$K,$A:$A,$U26,$B:$B,AA$2)/8760 -> 0.79143836 | AB26: =SUMIFS($K:$K,$A:$A,$U26,$B:$B,AB$2)/8760 -> 0.76278539 | AC26: =SUMIFS($K:$K,$A:$A,$U26,$B:$B,AC$2)/8760 -> 0.76312785
A27: 贵州 | B27: 2016 | C27: 8 | E27: 2 | F27: 6 | G27: 5 | I27: 1 | J27: 3 | K27: 5387 | M27: 5627 | N27: 5291 | O27: {=IFERROR(IF(G27>10,G27/C27*0.876,""),“”)} | P27: {=IFERROR(IF(H27>10,H27/D27*0.876,""),“”)} | Q27: {=IFERROR(IF(I27>10,I27/E27*0.876,""),“”)} | R27: {=IFERROR(IF(J27>10,J27/F27*0.876,""),“”)} | S27: =IFERROR(IF((G27-I27)>10,(G27-I27)/(C27-E27)*0.876,""),"") | U27: 贵州 | V27: 生物质 | W27: =SUMIFS($K:$K,$A:$A,$U27,$B:$B,W$2)/8760 -> 0.61495434 | X27: =SUMIFS($K:$K,$A:$A,$U27,$B:$B,X$2)/8760 -> 0.44018265 | Y27: =SUMIFS($K:$K,$A:$A,$U27,$B:$B,Y$2)/8760 -> 0.49063927 | Z27: =SUMIFS($K:$K,$A:$A,$U27,$B:$B,Z$2)/8760 -> 0.45410959 | AA27: =SUMIFS($K:$K,$A:$A,$U27,$B:$B,AA$2)/8760 -> 0.4347032 | AB27: =SUMIFS($K:$K,$A:$A,$U27,$B:$B,AB$2)/8760 -> 0.50148402 | AC27: =SUMIFS($K:$K,$A:$A,$U27,$B:$B,AC$2)/8760 -> 0.55068493
A28: 云南 | B28: 2016 | C28: 30 | E28: 10 | F28: 20 | G28: 7 | I28: 5 | J28: 2 | K28: 2767 | M28: 5189 | N28: 1044 | O28: {=IFERROR(IF(G28>10,G28/C28*0.876,""),“”)} | P28: {=IFERROR(IF(H28>10,H28/D28*0.876,""),“”)} | Q28: {=IFERROR(IF(I28>10,I28/E28*0.876,""),“”)} | R28: {=IFERROR(IF(J28>10,J28/F28*0.876,""),“”)} | S28: =IFERROR(IF((G28-I28)>10,(G28-I28)/(C28-E28)*0.876,""),"") | U28: 云南 | V28: 生物质 | W28: =SUMIFS($K:$K,$A:$A,$U28,$B:$B,W$2)/8760 -> 0.31586758 | X28: =SUMIFS($K:$K,$A:$A,$U28,$B:$B,X$2)/8760 -> 0.331621 | Y28: =SUMIFS($K:$K,$A:$A,$U28,$B:$B,Y$2)/8760 -> 0.28082192 | Z28: =SUMIFS($K:$K,$A:$A,$U28,$B:$B,Z$2)/8760 -> 0.24543379 | AA28: =SUMIFS($K:$K,$A:$A,$U28,$B:$B,AA$2)/8760 -> 0.39440639 | AB28: =SUMIFS($K:$K,$A:$A,$U28,$B:$B,AB$2)/8760 -> 0.34006849 | AC28: =SUMIFS($K:$K,$A:$A,$U28,$B:$B,AC$2)/8760 -> 0.42157534
A29: 西藏 | B29: 2016 | O29: {=IFERROR(IF(G29>10,G29/C29*0.876,""),“”)} | P29: {=IFERROR(IF(H29>10,H29/D29*0.876,""),“”)} | Q29: {=IFERROR(IF(I29>10,I29/E29*0.876,""),“”)} | R29: {=IFERROR(IF(J29>10,J29/F29*0.876,""),“”)} | S29: =IFERROR(IF((G29-I29)>10,(G29-I29)/(C29-E29)*0.876,""),"") | U29: 西藏 | V29: 生物质 | W29: =SUMIFS($K:$K,$A:$A,$U29,$B:$B,W$2)/8760 -> 0 | X29: =SUMIFS($K:$K,$A:$A,$U29,$B:$B,X$2)/8760 -> 0 | Y29: =SUMIFS($K:$K,$A:$A,$U29,$B:$B,Y$2)/8760 -> 0.49805936 | Z29: =SUMIFS($K:$K,$A:$A,$U29,$B:$B,Z$2)/8760 -> 0.60182648 | AA29: =SUMIFS($K:$K,$A:$A,$U29,$B:$B,AA$2)/8760 -> 0.41598174 | AB29: =SUMIFS($K:$K,$A:$A,$U29,$B:$B,AB$2)/8760 -> 0.50057078 | AC29: =SUMIFS($K:$K,$A:$A,$U29,$B:$B,AC$2)/8760 -> 0.60490868
A30: 陕西 | B30: 2016 | C30: 2 | E30: 2 | G30: 1 | I30: 1 | K30: 2321 | M30: 2321 | O30: {=IFERROR(IF(G30>10,G30/C30*0.876,""),“”)} | P30: {=IFERROR(IF(H30>10,H30/D30*0.876,""),“”)} | Q30: {=IFERROR(IF(I30>10,I30/E30*0.876,""),“”)} | R30: {=IFERROR(IF(J30>10,J30/F30*0.876,""),“”)} | S30: =IFERROR(IF((G30-I30)>10,(G30-I30)/(C30-E30)*0.876,""),"") | U30: 陕西 | V30: 生物质 | W30: =SUMIFS($K:$K,$A:$A,$U30,$B:$B,W$2)/8760 -> 0.26495434 | X30: =SUMIFS($K:$K,$A:$A,$U30,$B:$B,X$2)/8760 -> 0.46210046 | Y30: =SUMIFS($K:$K,$A:$A,$U30,$B:$B,Y$2)/8760 -> 0.27671233 | Z30: =SUMIFS($K:$K,$A:$A,$U30,$B:$B,Z$2)/8760 -> 0 | AA30: =SUMIFS($K:$K,$A:$A,$U30,$B:$B,AA$2)/8760 -> 0.50742009 | AB30: =SUMIFS($K:$K,$A:$A,$U30,$B:$B,AB$2)/8760 -> 0.57568493 | AC30: =SUMIFS($K:$K,$A:$A,$U30,$B:$B,AC$2)/8760 -> 0.55570776
A31: 甘肃 | B31: 2016 | C31: 8 | E31: 5 | F31: 3 | G31: 2 | I31: 1 | J31: 1 | K31: 4682 | M31: 5825 | N31: 4352 | O31: {=IFERROR(IF(G31>10,G31/C31*0.876,""),“”)} | P31: {=IFERROR(IF(H31>10,H31/D31*0.876,""),“”)} | Q31: {=IFERROR(IF(I31>10,I31/E31*0.876,""),“”)} | R31: {=IFERROR(IF(J31>10,J31/F31*0.876,""),“”)} | S31: =IFERROR(IF((G31-I31)>10,(G31-I31)/(C31-E31)*0.876,""),"") | U31: 甘肃 | V31: 生物质 | W31: =SUMIFS($K:$K,$A:$A,$U31,$B:$B,W$2)/8760 -> 0.53447489 | X31: =SUMIFS($K:$K,$A:$A,$U31,$B:$B,X$2)/8760 -> 0.63219178 | Y31: =SUMIFS($K:$K,$A:$A,$U31,$B:$B,Y$2)/8760 -> 0.56940639 | Z31: =SUMIFS($K:$K,$A:$A,$U31,$B:$B,Z$2)/8760 -> 0.67134703 | AA31: =SUMIFS($K:$K,$A:$A,$U31,$B:$B,AA$2)/8760 -> 0.65936073 | AB31: =SUMIFS($K:$K,$A:$A,$U31,$B:$B,AB$2)/8760 -> 0.66038813 | AC31: =SUMIFS($K:$K,$A:$A,$U31,$B:$B,AC$2)/8760 -> 0.54406393
A32: 青海 | B32: 2016 | O32: {=IFERROR(IF(G32>10,G32/C32*0.876,""),“”)} | P32: {=IFERROR(IF(H32>10,H32/D32*0.876,""),“”)} | Q32: {=IFERROR(IF(I32>10,I32/E32*0.876,""),“”)} | R32: {=IFERROR(IF(J32>10,J32/F32*0.876,""),“”)} | S32: =IFERROR(IF((G32-I32)>10,(G32-I32)/(C32-E32)*0.876,""),"") | U32: 青海 | V32: 生物质 | W32: =SUMIFS($K:$K,$A:$A,$U32,$B:$B,W$2)/8760 -> 0 | X32: =SUMIFS($K:$K,$A:$A,$U32,$B:$B,X$2)/8760 -> 0 | Y32: =SUMIFS($K:$K,$A:$A,$U32,$B:$B,Y$2)/8760 -> 0 | Z32: =SUMIFS($K:$K,$A:$A,$U32,$B:$B,Z$2)/8760 -> 0 | AA32: =SUMIFS($K:$K,$A:$A,$U32,$B:$B,AA$2)/8760 -> 0 | AB32: =SUMIFS($K:$K,$A:$A,$U32,$B:$B,AB$2)/8760 -> 0 | AC32: =SUMIFS($K:$K,$A:$A,$U32,$B:$B,AC$2)/8760 -> 0
A33: 宁夏 | B33: 2016 | C33: 7 | E33: 2 | F33: 5 | G33: 3 | I33: 2 | J33: 1 | K33: 4265 | M33: 6275 | N33: 3214 | O33: {=IFERROR(IF(G33>10,G33/C33*0.876,""),“”)} | P33: {=IFERROR(IF(H33>10,H33/D33*0.876,""),“”)} | Q33: {=IFERROR(IF(I33>10,I33/E33*0.876,""),“”)} | R33: {=IFERROR(IF(J33>10,J33/F33*0.876,""),“”)} | S33: =IFERROR(IF((G33-I33)>10,(G33-I33)/(C33-E33)*0.876,""),"") | U33: 宁夏 | V33: 生物质 | W33: =SUMIFS($K:$K,$A:$A,$U33,$B:$B,W$2)/8760 -> 0.48687215 | X33: =SUMIFS($K:$K,$A:$A,$U33,$B:$B,X$2)/8760 -> 0.33493151 | Y33: =SUMIFS($K:$K,$A:$A,$U33,$B:$B,Y$2)/8760 -> 0.25273973 | Z33: =SUMIFS($K:$K,$A:$A,$U33,$B:$B,Z$2)/8760 -> 0.27157534 | AA33: =SUMIFS($K:$K,$A:$A,$U33,$B:$B,AA$2)/8760 -> 0.28344749 | AB33: =SUMIFS($K:$K,$A:$A,$U33,$B:$B,AB$2)/8760 -> 0.29292237 | AC33: =SUMIFS($K:$K,$A:$A,$U33,$B:$B,AC$2)/8760 -> 0.3890411
A34: 新疆 | B34: 2016 | C34: 3 | F34: 3 | G34: 2 | J34: 2 | K34: 6846 | N34: 6846 | O34: {=IFERROR(IF(G34>10,G34/C34*0.876,""),“”)} | P34: {=IFERROR(IF(H34>10,H34/D34*0.876,""),“”)} | Q34: {=IFERROR(IF(I34>10,I34/E34*0.876,""),“”)} | R34: {=IFERROR(IF(J34>10,J34/F34*0.876,""),“”)} | S34: =IFERROR(IF((G34-I34)>10,(G34-I34)/(C34-E34)*0.876,""),"") | U34: 新疆 | V34: 生物质 | W34: =SUMIFS($K:$K,$A:$A,$U34,$B:$B,W$2)/8760 -> 0.78150685 | X34: =SUMIFS($K:$K,$A:$A,$U34,$B:$B,X$2)/8760 -> 0.79486301 | Y34: =SUMIFS($K:$K,$A:$A,$U34,$B:$B,Y$2)/8760 -> 0.80684932 | Z34: =SUMIFS($K:$K,$A:$A,$U34,$B:$B,Z$2)/8760 -> 0.68824201 | AA34: =SUMIFS($K:$K,$A:$A,$U34,$B:$B,AA$2)/8760 -> 0.56118721 | AB34: =SUMIFS($K:$K,$A:$A,$U34,$B:$B,AB$2)/8760 -> 0.56107306 | AC34: =SUMIFS($K:$K,$A:$A,$U34,$B:$B,AC$2)/8760 -> 0.56312785
A35: 全国 | B35: 2017 | C35: 1651 | D35: 47 | E35: 731 | F35: 872 | G35: 813 | H35: 18 | I35: 380 | J35: 415 | K35: 5315 | L35: 5023 | M35: 5680 | N35: 5027 | O35: {=IFERROR(IF(G35>10,G35/C35*0.876,""),“”)} -> 0.43136766 | P35: {=IFERROR(IF(H35>10,H35/D35*0.876,""),“”)} -> 0.33548936 | Q35: {=IFERROR(IF(I35>10,I35/E35*0.876,""),“”)} -> 0.4553762 | R35: {=IFERROR(IF(J35>10,J35/F35*0.876,""),“”)} -> 0.41690367 | S35: =IFERROR(IF((G35-I35)>10,(G35-I35)/(C35-E35)*0.876,""),"") -> 0.4122913 | U35: 全国 | V35: 垃圾焚烧 | W35: =SUMIFS($M:$M,$A:$A,$U35,$B:$B,W$2)/8760 -> 0.66780822 | X35: =SUMIFS($M:$M,$A:$A,$U35,$B:$B,X$2)/8760 -> 0.64840183 | Y35: =SUMIFS($M:$M,$A:$A,$U35,$B:$B,Y$2)/8760 -> 0.67089041 | Z35: =SUMIFS($M:$M,$A:$A,$U35,$B:$B,Z$2)/8760 -> 0.66563927 | AA35: =SUMIFS($M:$M,$A:$A,$U35,$B:$B,AA$2)/8760 -> 0.67305936 | AB35: =SUMIFS($M:$M,$A:$A,$U35,$B:$B,AB$2)/8760 -> 0.67431507 | AC35: =SUMIFS($M:$M,$A:$A,$U35,$B:$B,AC$2)/8760 -> 0.63493151
A36: 北京 | B36: 2017 | C36: 21 | D36: 1 | E36: 20 | G36: 13 | H36: 1 | I36: 12 | K36: 6289 | L36: 7258 | M36: 6239 | O36: {=IFERROR(IF(G36>10,G36/C36*0.876,""),“”)} -> 0.54228571 | P36: {=IFERROR(IF(H36>10,H36/D36*0.876,""),“”)} | Q36: {=IFERROR(IF(I36>10,I36/E36*0.876,""),“”)} -> 0.5256 | R36: {=IFERROR(IF(J36>10,J36/F36*0.876,""),“”)} | S36: =IFERROR(IF((G36-I36)>10,(G36-I36)/(C36-E36)*0.876,""),"") | U36: 北京 | V36: 垃圾焚烧 | W36: =SUMIFS($M:$M,$A:$A,$U36,$B:$B,W$2)/8760 -> 0.63687215 | X36: =SUMIFS($M:$M,$A:$A,$U36,$B:$B,X$2)/8760 -> 0.71221461 | Y36: =SUMIFS($M:$M,$A:$A,$U36,$B:$B,Y$2)/8760 -> 0.77100457 | Z36: =SUMIFS($M:$M,$A:$A,$U36,$B:$B,Z$2)/8760 -> 0.71974886 | AA36: =SUMIFS($M:$M,$A:$A,$U36,$B:$B,AA$2)/8760 -> 0.72705479 | AB36: =SUMIFS($M:$M,$A:$A,$U36,$B:$B,AB$2)/8760 -> 0.77990868 | AC36: =SUMIFS($M:$M,$A:$A,$U36,$B:$B,AC$2)/8760 -> 0.81141553
A37: 天津 | B37: 2017 | C37: 10 | E37: 10 | G37: 5 | I37: 5 | K37: 5108 | M37: 5108 | O37: {=IFERROR(IF(G37>10,G37/C37*0.876,""),“”)} | P37: {=IFERROR(IF(H37>10,H37/D37*0.876,""),“”)} | Q37: {=IFERROR(IF(I37>10,I37/E37*0.876,""),“”)} | R37: {=IFERROR(IF(J37>10,J37/F37*0.876,""),“”)} | S37: =IFERROR(IF((G37-I37)>10,(G37-I37)/(C37-E37)*0.876,""),"") | U37: 天津 | V37: 垃圾焚烧 | W37: =SUMIFS($M:$M,$A:$A,$U37,$B:$B,W$2)/8760 -> 0.52785388 | X37: =SUMIFS($M:$M,$A:$A,$U37,$B:$B,X$2)/8760 -> 0.58310502 | Y37: =SUMIFS($M:$M,$A:$A,$U37,$B:$B,Y$2)/8760 -> 0.65719178 | Z37: =SUMIFS($M:$M,$A:$A,$U37,$B:$B,Z$2)/8760 -> 0.65342466 | AA37: =SUMIFS($M:$M,$A:$A,$U37,$B:$B,AA$2)/8760 -> 0.60296804 | AB37: =SUMIFS($M:$M,$A:$A,$U37,$B:$B,AB$2)/8760 -> 0.53321918 | AC37: =SUMIFS($M:$M,$A:$A,$U37,$B:$B,AC$2)/8760 -> 0.53744292
A38: 河北 | B38: 2017 | C38: 69 | D38: 1 | E38: 24 | F38: 44 | G38: 34 | H38: 0.2 | I38: 10 | J38: 23 | K38: 5301 | M38: 4595 | N38: 5665 | O38: {=IFERROR(IF(G38>10,G38/C38*0.876,""),“”)} -> 0.43165217 | P38: {=IFERROR(IF(H38>10,H38/D38*0.876,""),“”)} | Q38: {=IFERROR(IF(I38>10,I38/E38*0.876,""),“”)} | R38: {=IFERROR(IF(J38>10,J38/F38*0.876,""),“”)} -> 0.45790909 | S38: =IFERROR(IF((G38-I38)>10,(G38-I38)/(C38-E38)*0.876,""),"") -> 0.4672 | U38: 河北 | V38: 垃圾焚烧 | W38: =SUMIFS($M:$M,$A:$A,$U38,$B:$B,W$2)/8760 -> 0.53219178 | X38: =SUMIFS($M:$M,$A:$A,$U38,$B:$B,X$2)/8760 -> 0.52454338 | Y38: =SUMIFS($M:$M,$A:$A,$U38,$B:$B,Y$2)/8760 -> 0.52477169 | Z38: =SUMIFS($M:$M,$A:$A,$U38,$B:$B,Z$2)/8760 -> 0.56175799 | AA38: =SUMIFS($M:$M,$A:$A,$U38,$B:$B,AA$2)/8760 -> 0.67009132 | AB38: =SUMIFS($M:$M,$A:$A,$U38,$B:$B,AB$2)/8760 -> 0.54006849 | AC38: =SUMIFS($M:$M,$A:$A,$U38,$B:$B,AC$2)/8760 -> 0.53424658
A39: 山西 | B39: 2017 | C39: 49 | D39: 9 | E39: 11 | F39: 30 | G39: 25 | H39: 2 | I39: 6 | J39: 17 | K39: 5642 | M39: 5095 | N39: 5843 | O39: {=IFERROR(IF(G39>10,G39/C39*0.876,""),“”)} -> 0.44693878 | P39: {=IFERROR(IF(H39>10,H39/D39*0.876,""),“”)} | Q39: {=IFERROR(IF(I39>10,I39/E39*0.876,""),“”)} | R39: {=IFERROR(IF(J39>10,J39/F39*0.876,""),“”)} -> 0.4964 | S39: =IFERROR(IF((G39-I39)>10,(G39-I39)/(C39-E39)*0.876,""),"") -> 0.438 | U39: 山西 | V39: 垃圾焚烧 | W39: =SUMIFS($M:$M,$A:$A,$U39,$B:$B,W$2)/8760 -> 0.65844749 | X39: =SUMIFS($M:$M,$A:$A,$U39,$B:$B,X$2)/8760 -> 0.581621 | Y39: =SUMIFS($M:$M,$A:$A,$U39,$B:$B,Y$2)/8760 -> 0.6152968 | Z39: =SUMIFS($M:$M,$A:$A,$U39,$B:$B,Z$2)/8760 -> 0.59851598 | AA39: =SUMIFS($M:$M,$A:$A,$U39,$B:$B,AA$2)/8760 -> 0.50468037 | AB39: =SUMIFS($M:$M,$A:$A,$U39,$B:$B,AB$2)/8760 -> 0.50319635 | AC39: =SUMIFS($M:$M,$A:$A,$U39,$B:$B,AC$2)/8760 -> 0.51552511
A40: 内蒙古 | B40: 2017 | C40: 16 | E40: 4 | F40: 12 | G40: 7 | H40: 0.05 | I40: 1 | J40: 7 | K40: 4672 | M40: 2040 | N40: 5455 | O40: {=IFERROR(IF(G40>10,G40/C40*0.876,""),“”)} | P40: {=IFERROR(IF(H40>10,H40/D40*0.876,""),“”)} | Q40: {=IFERROR(IF(I40>10,I40/E40*0.876,""),“”)} | R40: {=IFERROR(IF(J40>10,J40/F40*0.876,""),“”)} | S40: =IFERROR(IF((G40-I40)>10,(G40-I40)/(C40-E40)*0.876,""),"") | U40: 内蒙古 | V40: 垃圾焚烧 | W40: =SUMIFS($M:$M,$A:$A,$U40,$B:$B,W$2)/8760 -> 0.23287671 | X40: =SUMIFS($M:$M,$A:$A,$U40,$B:$B,X$2)/8760 -> 0.23287671 | Y40: =SUMIFS($M:$M,$A:$A,$U40,$B:$B,Y$2)/8760 -> 0.32979452 | Z40: =SUMIFS($M:$M,$A:$A,$U40,$B:$B,Z$2)/8760 -> 0.41084475 | AA40: =SUMIFS($M:$M,$A:$A,$U40,$B:$B,AA$2)/8760 -> 0.43538813 | AB40: =SUMIFS($M:$M,$A:$A,$U40,$B:$B,AB$2)/8760 -> 0.68173516 | AC40: =SUMIFS($M:$M,$A:$A,$U40,$B:$B,AC$2)/8760 -> 0.54554795
A41: 辽宁 | B41: 2017 | C41: 15 | E41: 8 | F41: 7 | G41: 8 | I41: 3 | J41: 4 | K41: 6282 | M41: 6264 | N41: 6297 | O41: {=IFERROR(IF(G41>10,G41/C41*0.876,""),“”)} | P41: {=IFERROR(IF(H41>10,H41/D41*0.876,""),“”)} | Q41: {=IFERROR(IF(I41>10,I41/E41*0.876,""),“”)} | R41: {=IFERROR(IF(J41>10,J41/F41*0.876,""),“”)} | S41: =IFERROR(IF((G41-I41)>10,(G41-I41)/(C41-E41)*0.876,""),"") | U41: 辽宁 | V41: 垃圾焚烧 | W41: =SUMIFS($M:$M,$A:$A,$U41,$B:$B,W$2)/8760 -> 0.91244292 | X41: =SUMIFS($M:$M,$A:$A,$U41,$B:$B,X$2)/8760 -> 0.71506849 | Y41: =SUMIFS($M:$M,$A:$A,$U41,$B:$B,Y$2)/8760 -> 0.7673516 | Z41: =SUMIFS($M:$M,$A:$A,$U41,$B:$B,Z$2)/8760 -> 0.72283105 | AA41: =SUMIFS($M:$M,$A:$A,$U41,$B:$B,AA$2)/8760 -> 0.80399543 | AB41: =SUMIFS($M:$M,$A:$A,$U41,$B:$B,AB$2)/8760 -> 0.68789954 | AC41: =SUMIFS($M:$M,$A:$A,$U41,$B:$B,AC$2)/8760 -> 0.57739726
A42: 吉林 | B42: 2017 | C42: 54 | D42: 0.3 | E42: 13 | F42: 40 | G42: 28 | H42: 0. 04 | I42: 5 | J42: 23 | K42: 5340 | M42: 4402 | N42: 5622 | O42: {=IFERROR(IF(G42>10,G42/C42*0.876,""),“”)} -> 0.45422222 | P42: {=IFERROR(IF(H42>10,H42/D42*0.876,""),“”)} -> #NAME? | Q42: {=IFERROR(IF(I42>10,I42/E42*0.876,""),“”)} | R42: {=IFERROR(IF(J42>10,J42/F42*0.876,""),“”)} -> 0.5037 | S42: =IFERROR(IF((G42-I42)>10,(G42-I42)/(C42-E42)*0.876,""),"") -> 0.49141463 | U42: 吉林 | V42: 垃圾焚烧 | W42: =SUMIFS($M:$M,$A:$A,$U42,$B:$B,W$2)/8760 -> 0.44817352 | X42: =SUMIFS($M:$M,$A:$A,$U42,$B:$B,X$2)/8760 -> 0.50251142 | Y42: =SUMIFS($M:$M,$A:$A,$U42,$B:$B,Y$2)/8760 -> 0.46723744 | Z42: =SUMIFS($M:$M,$A:$A,$U42,$B:$B,Z$2)/8760 -> 0.56609589 | AA42: =SUMIFS($M:$M,$A:$A,$U42,$B:$B,AA$2)/8760 -> 0.58184932 | AB42: =SUMIFS($M:$M,$A:$A,$U42,$B:$B,AB$2)/8760 -> 0.62739726 | AC42: =SUMIFS($M:$M,$A:$A,$U42,$B:$B,AC$2)/8760 -> 0.668379
A43: 黑龙江 | B43: 2017 | C43: 90 | D43: 0.4 | E43: 8 | F43: 82 | G43: 47 | H43: 0.07 | I43: 3 | J43: 44 | K43: 5425 | M43: 4016 | N43: 5546 | O43: {=IFERROR(IF(G43>10,G43/C43*0.876,""),“”)} -> 0.45746667 | P43: {=IFERROR(IF(H43>10,H43/D43*0.876,""),“”)} | Q43: {=IFERROR(IF(I43>10,I43/E43*0.876,""),“”)} | R43: {=IFERROR(IF(J43>10,J43/F43*0.876,""),“”)} -> 0.47004878 | S43: =IFERROR(IF((G43-I43)>10,(G43-I43)/(C43-E43)*0.876,""),"") -> 0.47004878 | U43: 黑龙江 | V43: 垃圾焚烧 | W43: =SUMIFS($M:$M,$A:$A,$U43,$B:$B,W$2)/8760 -> 0.42808219 | X43: =SUMIFS($M:$M,$A:$A,$U43,$B:$B,X$2)/8760 -> 0.45844749 | Y43: =SUMIFS($M:$M,$A:$A,$U43,$B:$B,Y$2)/8760 -> 0.39554795 | Z43: =SUMIFS($M:$M,$A:$A,$U43,$B:$B,Z$2)/8760 -> 0.44988584 | AA43: =SUMIFS($M:$M,$A:$A,$U43,$B:$B,AA$2)/8760 -> 0.50091324 | AB43: =SUMIFS($M:$M,$A:$A,$U43,$B:$B,AB$2)/8760 -> 0.56666667 | AC43: =SUMIFS($M:$M,$A:$A,$U43,$B:$B,AC$2)/8760 -> 0.56015982
A44: 上海 | B44: 2017 | C44: 28 | D44: 2 | E44: 26 | G44: 19 | H44: 1 | I44: 18 | K44: 7258 | L44: 6278 | M44: 7319 | O44: {=IFERROR(IF(G44>10,G44/C44*0.876,""),“”)} -> 0.59442857 | P44: {=IFERROR(IF(H44>10,H44/D44*0.876,""),“”)} | Q44: {=IFERROR(IF(I44>10,I44/E44*0.876,""),“”)} -> 0.60646154 | R44: {=IFERROR(IF(J44>10,J44/F44*0.876,""),“”)} | S44: =IFERROR(IF((G44-I44)>10,(G44-I44)/(C44-E44)*0.876,""),"") | U44: 上海 | V44: 垃圾焚烧 | W44: =SUMIFS($M:$M,$A:$A,$U44,$B:$B,W$2)/8760 -> 0.81643836 | X44: =SUMIFS($M:$M,$A:$A,$U44,$B:$B,X$2)/8760 -> 0.83550228 | Y44: =SUMIFS($M:$M,$A:$A,$U44,$B:$B,Y$2)/8760 -> 0.84394977 | Z44: =SUMIFS($M:$M,$A:$A,$U44,$B:$B,Z$2)/8760 -> 0.88401826 | AA44: =SUMIFS($M:$M,$A:$A,$U44,$B:$B,AA$2)/8760 -> 0.89086758 | AB44: =SUMIFS($M:$M,$A:$A,$U44,$B:$B,AB$2)/8760 -> 0.79554795 | AC44: =SUMIFS($M:$M,$A:$A,$U44,$B:$B,AC$2)/8760 -> 0.71894977
A45: 江苏 | B45: 2017 | C45: 145 | D45: 4 | E45: 91 | F45: 50 | G45: 90 | H45: 1 | I45: 57 | J45: 33 | K45: 6699 | L45: 4709 | M45: 6571 | N45: 6974 | O45: {=IFERROR(IF(G45>10,G45/C45*0.876,""),“”)} -> 0.54372414 | P45: {=IFERROR(IF(H45>10,H45/D45*0.876,""),“”)} | Q45: {=IFERROR(IF(I45>10,I45/E45*0.876,""),“”)} -> 0.5487033 | R45: {=IFERROR(IF(J45>10,J45/F45*0.876,""),“”)} -> 0.57816 | S45: =IFERROR(IF((G45-I45)>10,(G45-I45)/(C45-E45)*0.876,""),"") -> 0.53533333 | U45: 江苏 | V45: 垃圾焚烧 | W45: =SUMIFS($M:$M,$A:$A,$U45,$B:$B,W$2)/8760 -> 0.76141553 | X45: =SUMIFS($M:$M,$A:$A,$U45,$B:$B,X$2)/8760 -> 0.75011416 | Y45: =SUMIFS($M:$M,$A:$A,$U45,$B:$B,Y$2)/8760 -> 0.73230594 | Z45: =SUMIFS($M:$M,$A:$A,$U45,$B:$B,Z$2)/8760 -> 0.76130137 | AA45: =SUMIFS($M:$M,$A:$A,$U45,$B:$B,AA$2)/8760 -> 0.69086758 | AB45: =SUMIFS($M:$M,$A:$A,$U45,$B:$B,AB$2)/8760 -> 0.68356164 | AC45: =SUMIFS($M:$M,$A:$A,$U45,$B:$B,AC$2)/8760 -> 0.62910959
A46: 浙江 | B46: 2017 | C46: 158 | D46: 4 | E46: 133 | F46: 21 | G46: 82 | H46: 2 | I46: 69 | J46: 12 | K46: 5676 | L46: 6951 | M46: 5684 | N46: 5569 | O46: {=IFERROR(IF(G46>10,G46/C46*0.876,""),“”)} -> 0.45463291 | P46: {=IFERROR(IF(H46>10,H46/D46*0.876,""),“”)} | Q46: {=IFERROR(IF(I46>10,I46/E46*0.876,""),“”)} -> 0.45446617 | R46: {=IFERROR(IF(J46>10,J46/F46*0.876,""),“”)} -> 0.50057143 | S46: =IFERROR(IF((G46-I46)>10,(G46-I46)/(C46-E46)*0.876,""),"") -> 0.45552 | U46: 浙江 | V46: 垃圾焚烧 | W46: =SUMIFS($M:$M,$A:$A,$U46,$B:$B,W$2)/8760 -> 0.72819635 | X46: =SUMIFS($M:$M,$A:$A,$U46,$B:$B,X$2)/8760 -> 0.64885845 | Y46: =SUMIFS($M:$M,$A:$A,$U46,$B:$B,Y$2)/8760 -> 0.66038813 | Z46: =SUMIFS($M:$M,$A:$A,$U46,$B:$B,Z$2)/8760 -> 0.66917808 | AA46: =SUMIFS($M:$M,$A:$A,$U46,$B:$B,AA$2)/8760 -> 0.60913242 | AB46: =SUMIFS($M:$M,$A:$A,$U46,$B:$B,AB$2)/8760 -> 0.59166667 | AC46: =SUMIFS($M:$M,$A:$A,$U46,$B:$B,AC$2)/8760 -> 0.60742009
A47: 安徽 | B47: 2017 | C47: 119 | D47: 1 | E47: 43 | F47: 75 | G47: 69 | H47: 1 | I47: 20 | J47: 49 | K47: 6391 | M47: 5570 | N47: 6784 | O47: {=IFERROR(IF(G47>10,G47/C47*0.876,""),“”)} -> 0.50793277 | P47: {=IFERROR(IF(H47>10,H47/D47*0.876,""),“”)} | Q47: {=IFERROR(IF(I47>10,I47/E47*0.876,""),“”)} -> 0.40744186 | R47: {=IFERROR(IF(J47>10,J47/F47*0.876,""),“”)} -> 0.57232 | S47: =IFERROR(IF((G47-I47)>10,(G47-I47)/(C47-E47)*0.876,""),"") -> 0.56478947 | U47: 安徽 | V47: 垃圾焚烧 | W47: =SUMIFS($M:$M,$A:$A,$U47,$B:$B,W$2)/8760 -> 0.72979452 | X47: =SUMIFS($M:$M,$A:$A,$U47,$B:$B,X$2)/8760 -> 0.63584475 | Y47: =SUMIFS($M:$M,$A:$A,$U47,$B:$B,Y$2)/8760 -> 0.62340183 | Z47: =SUMIFS($M:$M,$A:$A,$U47,$B:$B,Z$2)/8760 -> 0.66449772 | AA47: =SUMIFS($M:$M,$A:$A,$U47,$B:$B,AA$2)/8760 -> 0.69509132 | AB47: =SUMIFS($M:$M,$A:$A,$U47,$B:$B,AB$2)/8760 -> 0.69908676 | AC47: =SUMIFS($M:$M,$A:$A,$U47,$B:$B,AC$2)/8760 -> 0.64931507
A48: 福建 | B48: 2017 | C48: 45 | D48: 0.4 | E48: 39 | F48: 5 | G48: 24 | H48: 0.2 | I48: 21 | J48: 3 | K48: 6134 | M48: 6227 | N48: 5546 | O48: {=IFERROR(IF(G48>10,G48/C48*0.876,""),“”)} -> 0.4672 | P48: {=IFERROR(IF(H48>10,H48/D48*0.876,""),“”)} | Q48: {=IFERROR(IF(I48>10,I48/E48*0.876,""),“”)} -> 0.47169231 | R48: {=IFERROR(IF(J48>10,J48/F48*0.876,""),“”)} | S48: =IFERROR(IF((G48-I48)>10,(G48-I48)/(C48-E48)*0.876,""),"") | U48: 福建 | V48: 垃圾焚烧 | W48: =SUMIFS($M:$M,$A:$A,$U48,$B:$B,W$2)/8760 -> 0.70913242 | X48: =SUMIFS($M:$M,$A:$A,$U48,$B:$B,X$2)/8760 -> 0.71084475 | Y48: =SUMIFS($M:$M,$A:$A,$U48,$B:$B,Y$2)/8760 -> 0.69577626 | Z48: =SUMIFS($M:$M,$A:$A,$U48,$B:$B,Z$2)/8760 -> 0.68344749 | AA48: =SUMIFS($M:$M,$A:$A,$U48,$B:$B,AA$2)/8760 -> 0.7033105 | AB48: =SUMIFS($M:$M,$A:$A,$U48,$B:$B,AB$2)/8760 -> 0.68242009 | AC48: =SUMIFS($M:$M,$A:$A,$U48,$B:$B,AC$2)/8760 -> 0.66826484
A49: 江西 | B49: 2017 | C49: 29 | D49: 1 | E49: 9 | F49: 20 | G49: 17 | H49: 0.2 | I49: 3 | J49: 14 | K49: 6112 | M49: 4062 | N49: 6847 | O49: {=IFERROR(IF(G49>10,G49/C49*0.876,""),“”)} -> 0.51351724 | P49: {=IFERROR(IF(H49>10,H49/D49*0.876,""),“”)} | Q49: {=IFERROR(IF(I49>10,I49/E49*0.876,""),“”)} | R49: {=IFERROR(IF(J49>10,J49/F49*0.876,""),“”)} -> 0.6132 | S49: =IFERROR(IF((G49-I49)>10,(G49-I49)/(C49-E49)*0.876,""),"") -> 0.6132 | U49: 江西 | V49: 垃圾焚烧 | W49: =SUMIFS($M:$M,$A:$A,$U49,$B:$B,W$2)/8760 -> 0.42054795 | X49: =SUMIFS($M:$M,$A:$A,$U49,$B:$B,X$2)/8760 -> 0.46369863 | Y49: =SUMIFS($M:$M,$A:$A,$U49,$B:$B,Y$2)/8760 -> 0.5946347 | Z49: =SUMIFS($M:$M,$A:$A,$U49,$B:$B,Z$2)/8760 -> 0.66461187 | AA49: =SUMIFS($M:$M,$A:$A,$U49,$B:$B,AA$2)/8760 -> 0.62648402 | AB49: =SUMIFS($M:$M,$A:$A,$U49,$B:$B,AB$2)/8760 -> 0.65422374 | AC49: =SUMIFS($M:$M,$A:$A,$U49,$B:$B,AC$2)/8760 -> 0.59109589
A50: 山东 | B50: 2017 | C50: 216 | D50: 5 | E50: 80 | F50: 131 | G50: 107 | H50: 1 | I50: 35 | J50: 71 | K50: 5433 | L50: 4024 | M50: 5061 | N50: 5658 | O50: {=IFERROR(IF(G50>10,G50/C50*0.876,""),“”)} -> 0.43394444 | P50: {=IFERROR(IF(H50>10,H50/D50*0.876,""),“”)} | Q50: {=IFERROR(IF(I50>10,I50/E50*0.876,""),“”)} -> 0.38325 | R50: {=IFERROR(IF(J50>10,J50/F50*0.876,""),“”)} -> 0.47477863 | S50: =IFERROR(IF((G50-I50)>10,(G50-I50)/(C50-E50)*0.876,""),"") -> 0.46376471 | U50: 山东 | V50: 垃圾焚烧 | W50: =SUMIFS($M:$M,$A:$A,$U50,$B:$B,W$2)/8760 -> 0.55742009 | X50: =SUMIFS($M:$M,$A:$A,$U50,$B:$B,X$2)/8760 -> 0.57773973 | Y50: =SUMIFS($M:$M,$A:$A,$U50,$B:$B,Y$2)/8760 -> 0.60993151 | Z50: =SUMIFS($M:$M,$A:$A,$U50,$B:$B,Z$2)/8760 -> 0.60422374 | AA50: =SUMIFS($M:$M,$A:$A,$U50,$B:$B,AA$2)/8760 -> 0.61347032 | AB50: =SUMIFS($M:$M,$A:$A,$U50,$B:$B,AB$2)/8760 -> 0.6597032 | AC50: =SUMIFS($M:$M,$A:$A,$U50,$B:$B,AC$2)/8760 -> 0.61666667
A51: 河南 | B51: 2017 | C51: 53 | D51: 4 | E51: 6 | F51: 43 | G51: 24 | H51: 0.2 | I51: 3 | J51: 20 | K51: 4550 | L51: 802 | M51: 5021 | N51: 4751 | O51: {=IFERROR(IF(G51>10,G51/C51*0.876,""),“”)} -> 0.39667925 | P51: {=IFERROR(IF(H51>10,H51/D51*0.876,""),“”)} | Q51: {=IFERROR(IF(I51>10,I51/E51*0.876,""),“”)} | R51: {=IFERROR(IF(J51>10,J51/F51*0.876,""),“”)} -> 0.40744186 | S51: =IFERROR(IF((G51-I51)>10,(G51-I51)/(C51-E51)*0.876,""),"") -> 0.39140426 | U51: 河南 | V51: 垃圾焚烧 | W51: =SUMIFS($M:$M,$A:$A,$U51,$B:$B,W$2)/8760 -> 0.57157534 | X51: =SUMIFS($M:$M,$A:$A,$U51,$B:$B,X$2)/8760 -> 0.57317352 | Y51: =SUMIFS($M:$M,$A:$A,$U51,$B:$B,Y$2)/8760 -> 0.66518265 | Z51: =SUMIFS($M:$M,$A:$A,$U51,$B:$B,Z$2)/8760 -> 0.67876712 | AA51: =SUMIFS($M:$M,$A:$A,$U51,$B:$B,AA$2)/8760 -> 0.59041096 | AB51: =SUMIFS($M:$M,$A:$A,$U51,$B:$B,AB$2)/8760 -> 0.64634703 | AC51: =SUMIFS($M:$M,$A:$A,$U51,$B:$B,AC$2)/8760 -> 0.60856164
A52: 湖北 | B52: 2017 | C52: 73 | D52: 1 | E52: 24 | F52: 48 | G52: 37 | H52: 0.3 | I52: 13 | J52: 24 | K52: 5377 | M52: 5869 | N52: 5143 | O52: {=IFERROR(IF(G52>10,G52/C52*0.876,""),“”)} -> 0.444 | P52: {=IFERROR(IF(H52>10,H52/D52*0.876,""),“”)} | Q52: {=IFERROR(IF(I52>10,I52/E52*0.876,""),“”)} -> 0.4745 | R52: {=IFERROR(IF(J52>10,J52/F52*0.876,""),“”)} -> 0.438 | S52: =IFERROR(IF((G52-I52)>10,(G52-I52)/(C52-E52)*0.876,""),"") -> 0.42906122 | U52: 湖北 | V52: 垃圾焚烧 | W52: =SUMIFS($M:$M,$A:$A,$U52,$B:$B,W$2)/8760 -> 0.69931507 | X52: =SUMIFS($M:$M,$A:$A,$U52,$B:$B,X$2)/8760 -> 0.66997717 | Y52: =SUMIFS($M:$M,$A:$A,$U52,$B:$B,Y$2)/8760 -> 0.64942922 | Z52: =SUMIFS($M:$M,$A:$A,$U52,$B:$B,Z$2)/8760 -> 0.68493151 | AA52: =SUMIFS($M:$M,$A:$A,$U52,$B:$B,AA$2)/8760 -> 0.69417808 | AB52: =SUMIFS($M:$M,$A:$A,$U52,$B:$B,AB$2)/8760 -> 0.7163242 | AC52: =SUMIFS($M:$M,$A:$A,$U52,$B:$B,AC$2)/8760 -> 0.68527397
A53: 湖南 | B53: 2017 | C53: 47 | D53: 1 | E53: 9 | F53: 36 | G53: 22 | H53: 1 | I53: 5 | J53: 16 | K53: 5547 | L53: 6671 | M53: 5824 | N53: 5418 | O53: {=IFERROR(IF(G53>10,G53/C53*0.876,""),“”)} -> 0.41004255 | P53: {=IFERROR(IF(H53>10,H53/D53*0.876,""),“”)} | Q53: {=IFERROR(IF(I53>10,I53/E53*0.876,""),“”)} | R53: {=IFERROR(IF(J53>10,J53/F53*0.876,""),“”)} -> 0.38933333 | S53: =IFERROR(IF((G53-I53)>10,(G53-I53)/(C53-E53)*0.876,""),"") -> 0.39189474 | U53: 湖南 | V53: 垃圾焚烧 | W53: =SUMIFS($M:$M,$A:$A,$U53,$B:$B,W$2)/8760 -> 0.61906393 | X53: =SUMIFS($M:$M,$A:$A,$U53,$B:$B,X$2)/8760 -> 0.66484018 | Y53: =SUMIFS($M:$M,$A:$A,$U53,$B:$B,Y$2)/8760 -> 0.81655251 | Z53: =SUMIFS($M:$M,$A:$A,$U53,$B:$B,Z$2)/8760 -> 0.87305936 | AA53: =SUMIFS($M:$M,$A:$A,$U53,$B:$B,AA$2)/8760 -> 0.87716895 | AB53: =SUMIFS($M:$M,$A:$A,$U53,$B:$B,AB$2)/8760 -> 0.82728311 | AC53: =SUMIFS($M:$M,$A:$A,$U53,$B:$B,AC$2)/8760 -> 0.78013699
A54: 广东 | B54: 2017 | C54: 106 | D54: 7 | E54: 77 | F54: 22 | G54: 61 | H54: 5 | I54: 42 | J54: 15 | K54: 6043 | L54: 6647 | M54: 5789 | N54: 6805 | O54: {=IFERROR(IF(G54>10,G54/C54*0.876,""),“”)} -> 0.50411321 | P54: {=IFERROR(IF(H54>10,H54/D54*0.876,""),“”)} | Q54: {=IFERROR(IF(I54>10,I54/E54*0.876,""),“”)} -> 0.47781818 | R54: {=IFERROR(IF(J54>10,J54/F54*0.876,""),“”)} -> 0.59727273 | S54: =IFERROR(IF((G54-I54)>10,(G54-I54)/(C54-E54)*0.876,""),"") -> 0.57393103 | U54: 广东 | V54: 垃圾焚烧 | W54: =SUMIFS($M:$M,$A:$A,$U54,$B:$B,W$2)/8760 -> 0.6783105 | X54: =SUMIFS($M:$M,$A:$A,$U54,$B:$B,X$2)/8760 -> 0.66084475 | Y54: =SUMIFS($M:$M,$A:$A,$U54,$B:$B,Y$2)/8760 -> 0.76050228 | Z54: =SUMIFS($M:$M,$A:$A,$U54,$B:$B,Z$2)/8760 -> 0.59303653 | AA54: =SUMIFS($M:$M,$A:$A,$U54,$B:$B,AA$2)/8760 -> 0.68687215 | AB54: =SUMIFS($M:$M,$A:$A,$U54,$B:$B,AB$2)/8760 -> 0.74452055 | AC54: =SUMIFS($M:$M,$A:$A,$U54,$B:$B,AC$2)/8760 -> 0.62043379
A55: 广西 | B55: 2017 | C55: 166 | D55: 2 | E55: 9 | F55: 155 | G55: 33 | H55: 1 | I55: 5 | J55: 27 | K55: 2098 | M55: 6132 | N55: 1853 | O55: {=IFERROR(IF(G55>10,G55/C55*0.876,""),“”)} -> 0.17414458 | P55: {=IFERROR(IF(H55>10,H55/D55*0.876,""),“”)} | Q55: {=IFERROR(IF(I55>10,I55/E55*0.876,""),“”)} | R55: {=IFERROR(IF(J55>10,J55/F55*0.876,""),“”)} -> 0.15259355 | S55: =IFERROR(IF((G55-I55)>10,(G55-I55)/(C55-E55)*0.876,""),"") -> 0.1562293 | U55: 广西 | V55: 垃圾焚烧 | W55: =SUMIFS($M:$M,$A:$A,$U55,$B:$B,W$2)/8760 -> 0.50353881 | X55: =SUMIFS($M:$M,$A:$A,$U55,$B:$B,X$2)/8760 -> 0.7 | Y55: =SUMIFS($M:$M,$A:$A,$U55,$B:$B,Y$2)/8760 -> 0.75890411 | Z55: =SUMIFS($M:$M,$A:$A,$U55,$B:$B,Z$2)/8760 -> 0.78413242 | AA55: =SUMIFS($M:$M,$A:$A,$U55,$B:$B,AA$2)/8760 -> 0.76312785 | AB55: =SUMIFS($M:$M,$A:$A,$U55,$B:$B,AB$2)/8760 -> 0.82808219 | AC55: =SUMIFS($M:$M,$A:$A,$U55,$B:$B,AC$2)/8760 -> 0.70068493
A56: 海南 | B56: 2017 | C56: 8 | D56: 0.3 | E56: 8 | G56: 5 | H56: 0.2 | I56: 5 | K56: 6798 | M56: 6798 | O56: {=IFERROR(IF(G56>10,G56/C56*0.876,""),“”)} | P56: {=IFERROR(IF(H56>10,H56/D56*0.876,""),“”)} | Q56: {=IFERROR(IF(I56>10,I56/E56*0.876,""),“”)} | R56: {=IFERROR(IF(J56>10,J56/F56*0.876,""),“”)} | S56: =IFERROR(IF((G56-I56)>10,(G56-I56)/(C56-E56)*0.876,""),"") | U56: 海南 | V56: 垃圾焚烧 | W56: =SUMIFS($M:$M,$A:$A,$U56,$B:$B,W$2)/8760 -> 0.77454338 | X56: =SUMIFS($M:$M,$A:$A,$U56,$B:$B,X$2)/8760 -> 0.7760274 | Y56: =SUMIFS($M:$M,$A:$A,$U56,$B:$B,Y$2)/8760 -> 0.76598174 | Z56: =SUMIFS($M:$M,$A:$A,$U56,$B:$B,Z$2)/8760 -> 0.78184932 | AA56: =SUMIFS($M:$M,$A:$A,$U56,$B:$B,AA$2)/8760 -> 0.61061644 | AB56: =SUMIFS($M:$M,$A:$A,$U56,$B:$B,AB$2)/8760 -> 0.71335616 | AC56: =SUMIFS($M:$M,$A:$A,$U56,$B:$B,AC$2)/8760 -> 0.743379
A57: 重庆 | B57: 2017 | C57: 18 | D57: 1 | E57: 10 | F57: 7 | G57: 10 | H57: 1 | I57: 7 | J57: 2 | K57: 5840 | M57: 7189 | N57: 3496 | O57: {=IFERROR(IF(G57>10,G57/C57*0.876,""),“”)} | P57: {=IFERROR(IF(H57>10,H57/D57*0.876,""),“”)} | Q57: {=IFERROR(IF(I57>10,I57/E57*0.876,""),“”)} | R57: {=IFERROR(IF(J57>10,J57/F57*0.876,""),“”)} | S57: =IFERROR(IF((G57-I57)>10,(G57-I57)/(C57-E57)*0.876,""),"") | U57: 重庆 | V57: 垃圾焚烧 | W57: =SUMIFS($M:$M,$A:$A,$U57,$B:$B,W$2)/8760 -> 0.77477169 | X57: =SUMIFS($M:$M,$A:$A,$U57,$B:$B,X$2)/8760 -> 0.8206621 | Y57: =SUMIFS($M:$M,$A:$A,$U57,$B:$B,Y$2)/8760 -> 0.67694064 | Z57: =SUMIFS($M:$M,$A:$A,$U57,$B:$B,Z$2)/8760 -> 0.7510274 | AA57: =SUMIFS($M:$M,$A:$A,$U57,$B:$B,AA$2)/8760 -> 0.85228311 | AB57: =SUMIFS($M:$M,$A:$A,$U57,$B:$B,AB$2)/8760 -> 0.80833333 | AC57: =SUMIFS($M:$M,$A:$A,$U57,$B:$B,AC$2)/8760 -> 0.71107306
A58: 四川 | B58: 2017 | C58: 44 | D58: 2 | E58: 39 | F58: 3 | G58: 21 | H58: 1 | I58: 18 | J58: 2 | K58: 5473 | L58: 7197 | M58: 5304 | N58: 7035 | O58: {=IFERROR(IF(G58>10,G58/C58*0.876,""),“”)} -> 0.41809091 | P58: {=IFERROR(IF(H58>10,H58/D58*0.876,""),“”)} | Q58: {=IFERROR(IF(I58>10,I58/E58*0.876,""),“”)} -> 0.40430769 | R58: {=IFERROR(IF(J58>10,J58/F58*0.876,""),“”)} | S58: =IFERROR(IF((G58-I58)>10,(G58-I58)/(C58-E58)*0.876,""),"") | U58: 四川 | V58: 垃圾焚烧 | W58: =SUMIFS($M:$M,$A:$A,$U58,$B:$B,W$2)/8760 -> 0.56518265 | X58: =SUMIFS($M:$M,$A:$A,$U58,$B:$B,X$2)/8760 -> 0.60547945 | Y58: =SUMIFS($M:$M,$A:$A,$U58,$B:$B,Y$2)/8760 -> 0.73938356 | Z58: =SUMIFS($M:$M,$A:$A,$U58,$B:$B,Z$2)/8760 -> 0.77751142 | AA58: =SUMIFS($M:$M,$A:$A,$U58,$B:$B,AA$2)/8760 -> 0.78299087 | AB58: =SUMIFS($M:$M,$A:$A,$U58,$B:$B,AB$2)/8760 -> 0.76152968 | AC58: =SUMIFS($M:$M,$A:$A,$U58,$B:$B,AC$2)/8760 -> 0.7630137
A59: 贵州 | B59: 2017 | C59: 15 | E59: 9 | F59: 6 | G59: 6 | I59: 2 | J59: 4 | K59: 3856 | M59: 2212 | N59: 6186 | O59: {=IFERROR(IF(G59>10,G59/C59*0.876,""),“”)} | P59: {=IFERROR(IF(H59>10,H59/D59*0.876,""),“”)} | Q59: {=IFERROR(IF(I59>10,I59/E59*0.876,""),“”)} | R59: {=IFERROR(IF(J59>10,J59/F59*0.876,""),“”)} | S59: =IFERROR(IF((G59-I59)>10,(G59-I59)/(C59-E59)*0.876,""),"") | U59: 贵州 | V59: 垃圾焚烧 | W59: =SUMIFS($M:$M,$A:$A,$U59,$B:$B,W$2)/8760 -> 0.6423516 | X59: =SUMIFS($M:$M,$A:$A,$U59,$B:$B,X$2)/8760 -> 0.25251142 | Y59: =SUMIFS($M:$M,$A:$A,$U59,$B:$B,Y$2)/8760 -> 0.58299087 | Z59: =SUMIFS($M:$M,$A:$A,$U59,$B:$B,Z$2)/8760 -> 0.70696347 | AA59: =SUMIFS($M:$M,$A:$A,$U59,$B:$B,AA$2)/8760 -> 0.64726027 | AB59: =SUMIFS($M:$M,$A:$A,$U59,$B:$B,AB$2)/8760 -> 0.6216895 | AC59: =SUMIFS($M:$M,$A:$A,$U59,$B:$B,AC$2)/8760 -> 0.64497717
A60: 云南 | B60: 2017 | C60: 32 | E60: 12 | F60: 20 | G60: 8 | I60: 6 | J60: 2 | K60: 2905 | M60: 5208 | N60: 960 | O60: {=IFERROR(IF(G60>10,G60/C60*0.876,""),“”)} | P60: {=IFERROR(IF(H60>10,H60/D60*0.876,""),“”)} | Q60: {=IFERROR(IF(I60>10,I60/E60*0.876,""),“”)} | R60: {=IFERROR(IF(J60>10,J60/F60*0.876,""),“”)} | S60: =IFERROR(IF((G60-I60)>10,(G60-I60)/(C60-E60)*0.876,""),"") | U60: 云南 | V60: 垃圾焚烧 | W60: =SUMIFS($M:$M,$A:$A,$U60,$B:$B,W$2)/8760 -> 0.5923516 | X60: =SUMIFS($M:$M,$A:$A,$U60,$B:$B,X$2)/8760 -> 0.59452055 | Y60: =SUMIFS($M:$M,$A:$A,$U60,$B:$B,Y$2)/8760 -> 0.45707763 | Z60: =SUMIFS($M:$M,$A:$A,$U60,$B:$B,Z$2)/8760 -> 0.39931507 | AA60: =SUMIFS($M:$M,$A:$A,$U60,$B:$B,AA$2)/8760 -> 0.42077626 | AB60: =SUMIFS($M:$M,$A:$A,$U60,$B:$B,AB$2)/8760 -> 0.4847032 | AC60: =SUMIFS($M:$M,$A:$A,$U60,$B:$B,AC$2)/8760 -> 0.57853881
A61: 西藏 | B61: 2017 | O61: {=IFERROR(IF(G61>10,G61/C61*0.876,""),“”)} | P61: {=IFERROR(IF(H61>10,H61/D61*0.876,""),“”)} | Q61: {=IFERROR(IF(I61>10,I61/E61*0.876,""),“”)} | R61: {=IFERROR(IF(J61>10,J61/F61*0.876,""),“”)} | S61: =IFERROR(IF((G61-I61)>10,(G61-I61)/(C61-E61)*0.876,""),"") | U61: 西藏 | V61: 垃圾焚烧 | W61: =SUMIFS($M:$M,$A:$A,$U61,$B:$B,W$2)/8760 -> 0 | X61: =SUMIFS($M:$M,$A:$A,$U61,$B:$B,X$2)/8760 -> 0 | Y61: =SUMIFS($M:$M,$A:$A,$U61,$B:$B,Y$2)/8760 -> 0.49805936 | Z61: =SUMIFS($M:$M,$A:$A,$U61,$B:$B,Z$2)/8760 -> 0.60182648 | AA61: =SUMIFS($M:$M,$A:$A,$U61,$B:$B,AA$2)/8760 -> 0.41598174 | AB61: =SUMIFS($M:$M,$A:$A,$U61,$B:$B,AB$2)/8760 -> 0.50057078 | AC61: =SUMIFS($M:$M,$A:$A,$U61,$B:$B,AC$2)/8760 -> 0.60490868
A62: 陕西 | B62: 2017 | C62: 6 | E62: 3 | F62: 3 | G62: 2 | I62: 1 | J62: 1 | K62: 4048 | M62: 567 | N62: 5820 | O62: {=IFERROR(IF(G62>10,G62/C62*0.876,""),“”)} | P62: {=IFERROR(IF(H62>10,H62/D62*0.876,""),“”)} | Q62: {=IFERROR(IF(I62>10,I62/E62*0.876,""),“”)} | R62: {=IFERROR(IF(J62>10,J62/F62*0.876,""),“”)} | S62: =IFERROR(IF((G62-I62)>10,(G62-I62)/(C62-E62)*0.876,""),"") | U62: 陕西 | V62: 垃圾焚烧 | W62: =SUMIFS($M:$M,$A:$A,$U62,$B:$B,W$2)/8760 -> 0.26495434 | X62: =SUMIFS($M:$M,$A:$A,$U62,$B:$B,X$2)/8760 -> 0.064726027 | Y62: =SUMIFS($M:$M,$A:$A,$U62,$B:$B,Y$2)/8760 -> 0.27671233 | Z62: =SUMIFS($M:$M,$A:$A,$U62,$B:$B,Z$2)/8760 -> 0 | AA62: =SUMIFS($M:$M,$A:$A,$U62,$B:$B,AA$2)/8760 -> 0.62636986 | AB62: =SUMIFS($M:$M,$A:$A,$U62,$B:$B,AB$2)/8760 -> 0.70856164 | AC62: =SUMIFS($M:$M,$A:$A,$U62,$B:$B,AC$2)/8760 -> 0.70251142
A63: 甘肃 | B63: 2017 | C63: 9 | E63: 6 | F63: 3 | G63: 5 | I63: 3 | J63: 2 | K63: 5538 | M63: 5427 | N63: 5738 | O63: {=IFERROR(IF(G63>10,G63/C63*0.876,""),“”)} | P63: {=IFERROR(IF(H63>10,H63/D63*0.876,""),“”)} | Q63: {=IFERROR(IF(I63>10,I63/E63*0.876,""),“”)} | R63: {=IFERROR(IF(J63>10,J63/F63*0.876,""),“”)} | S63: =IFERROR(IF((G63-I63)>10,(G63-I63)/(C63-E63)*0.876,""),"") | U63: 甘肃 | V63: 垃圾焚烧 | W63: =SUMIFS($M:$M,$A:$A,$U63,$B:$B,W$2)/8760 -> 0.66495434 | X63: =SUMIFS($M:$M,$A:$A,$U63,$B:$B,X$2)/8760 -> 0.61952055 | Y63: =SUMIFS($M:$M,$A:$A,$U63,$B:$B,Y$2)/8760 -> 0.68618721 | Z63: =SUMIFS($M:$M,$A:$A,$U63,$B:$B,Z$2)/8760 -> 0.80547945 | AA63: =SUMIFS($M:$M,$A:$A,$U63,$B:$B,AA$2)/8760 -> 0.78207763 | AB63: =SUMIFS($M:$M,$A:$A,$U63,$B:$B,AB$2)/8760 -> 0.75719178 | AC63: =SUMIFS($M:$M,$A:$A,$U63,$B:$B,AC$2)/8760 -> 0.69280822
A64: 青海 | B64: 2017 | C64: 0.4 | E64: 0.4 | G64: 0.2 | I64: 0.2 | O64: {=IFERROR(IF(G64>10,G64/C64*0.876,""),“”)} | P64: {=IFERROR(IF(H64>10,H64/D64*0.876,""),“”)} | Q64: {=IFERROR(IF(I64>10,I64/E64*0.876,""),“”)} | R64: {=IFERROR(IF(J64>10,J64/F64*0.876,""),“”)} | S64: =IFERROR(IF((G64-I64)>10,(G64-I64)/(C64-E64)*0.876,""),"") | U64: 青海 | V64: 垃圾焚烧 | W64: =SUMIFS($M:$M,$A:$A,$U64,$B:$B,W$2)/8760 -> 0 | X64: =SUMIFS($M:$M,$A:$A,$U64,$B:$B,X$2)/8760 -> 0 | Y64: =SUMIFS($M:$M,$A:$A,$U64,$B:$B,Y$2)/8760 -> 0 | Z64: =SUMIFS($M:$M,$A:$A,$U64,$B:$B,Z$2)/8760 -> 0 | AA64: =SUMIFS($M:$M,$A:$A,$U64,$B:$B,AA$2)/8760 -> 0 | AB64: =SUMIFS($M:$M,$A:$A,$U64,$B:$B,AB$2)/8760 -> 0 | AC64: =SUMIFS($M:$M,$A:$A,$U64,$B:$B,AC$2)/8760 -> 0
A65: 宁夏 | B65: 2017 | C65: 8 | E65: 2 | F65: 6 | G65: 2 | I65: 1 | J65: 1 | K65: 2934 | M65: 6215 | N65: 1458 | O65: {=IFERROR(IF(G65>10,G65/C65*0.876,""),“”)} | P65: {=IFERROR(IF(H65>10,H65/D65*0.876,""),“”)} | Q65: {=IFERROR(IF(I65>10,I65/E65*0.876,""),“”)} | R65: {=IFERROR(IF(J65>10,J65/F65*0.876,""),“”)} | S65: =IFERROR(IF((G65-I65)>10,(G65-I65)/(C65-E65)*0.876,""),"") | U65: 宁夏 | V65: 垃圾焚烧 | W65: =SUMIFS($M:$M,$A:$A,$U65,$B:$B,W$2)/8760 -> 0.7163242 | X65: =SUMIFS($M:$M,$A:$A,$U65,$B:$B,X$2)/8760 -> 0.70947489 | Y65: =SUMIFS($M:$M,$A:$A,$U65,$B:$B,Y$2)/8760 -> 0.54611872 | Z65: =SUMIFS($M:$M,$A:$A,$U65,$B:$B,Z$2)/8760 -> 0.56678082 | AA65: =SUMIFS($M:$M,$A:$A,$U65,$B:$B,AA$2)/8760 -> 0.65936073 | AB65: =SUMIFS($M:$M,$A:$A,$U65,$B:$B,AB$2)/8760 -> 0.7836758 | AC65: =SUMIFS($M:$M,$A:$A,$U65,$B:$B,AC$2)/8760 -> 0.76312785
A66: 新疆 | B66: 2017 | C66: 3 | D66: 0.2 | F66: 2 | G66: 2 | H66: 0 | J66: 2 | K66: 6963 | L66: 6342 | N66: 7016 | O66: {=IFERROR(IF(G66>10,G66/C66*0.876,""),“”)} | P66: {=IFERROR(IF(H66>10,H66/D66*0.876,""),“”)} | Q66: {=IFERROR(IF(I66>10,I66/E66*0.876,""),“”)} | R66: {=IFERROR(IF(J66>10,J66/F66*0.876,""),“”)} | S66: =IFERROR(IF((G66-I66)>10,(G66-I66)/(C66-E66)*0.876,""),"") | U66: 新疆 | V66: 垃圾焚烧 | W66: =SUMIFS($M:$M,$A:$A,$U66,$B:$B,W$2)/8760 -> 0 | X66: =SUMIFS($M:$M,$A:$A,$U66,$B:$B,X$2)/8760 -> 0 | Y66: =SUMIFS($M:$M,$A:$A,$U66,$B:$B,Y$2)/8760 -> 0 | Z66: =SUMIFS($M:$M,$A:$A,$U66,$B:$B,Z$2)/8760 -> 0.44360731 | AA66: =SUMIFS($M:$M,$A:$A,$U66,$B:$B,AA$2)/8760 -> 0.43356164 | AB66: =SUMIFS($M:$M,$A:$A,$U66,$B:$B,AB$2)/8760 -> 0.51038813 | AC66: =SUMIFS($M:$M,$A:$A,$U66,$B:$B,AC$2)/8760 -> 0.47089041
A67: 全国 | B67: 2018 | C67: 1947 | D67: 58 | E67: 898 | F67: 991 | G67: 936 | H67: 22 | I67: 485 | J67: 429 | K67: 5165 | L67: 5079 | M67: 5877 | N67: 4546 | O67: {=IFERROR(IF(G67>10,G67/C67*0.876,""),“”)} -> 0.42112789 | P67: {=IFERROR(IF(H67>10,H67/D67*0.876,""),“”)} -> 0.33227586 | Q67: {=IFERROR(IF(I67>10,I67/E67*0.876,""),“”)} -> 0.47311804 | R67: {=IFERROR(IF(J67>10,J67/F67*0.876,""),“”)} -> 0.37921695 | S67: =IFERROR(IF((G67-I67)>10,(G67-I67)/(C67-E67)*0.876,""),"") -> 0.37662154
A68: 北京 | B68: 2018 | C68: 27 | E68: 27 | G68: 15 | I68: 15 | K68: 6754 | M68: 6754 | O68: {=IFERROR(IF(G68>10,G68/C68*0.876,""),“”)} -> 0.48666667 | P68: {=IFERROR(IF(H68>10,H68/D68*0.876,""),“”)} | Q68: {=IFERROR(IF(I68>10,I68/E68*0.876,""),“”)} -> 0.48666667 | R68: {=IFERROR(IF(J68>10,J68/F68*0.876,""),“”)} | S68: =IFERROR(IF((G68-I68)>10,(G68-I68)/(C68-E68)*0.876,""),"")
A69: 天津 | B69: 2018 | C69: 10 | E69: 10 | G69: 6 | I69: 6 | K69: 5757 | M69: 5757 | O69: {=IFERROR(IF(G69>10,G69/C69*0.876,""),“”)} | P69: {=IFERROR(IF(H69>10,H69/D69*0.876,""),“”)} | Q69: {=IFERROR(IF(I69>10,I69/E69*0.876,""),“”)} | R69: {=IFERROR(IF(J69>10,J69/F69*0.876,""),“”)} | S69: =IFERROR(IF((G69-I69)>10,(G69-I69)/(C69-E69)*0.876,""),"")
A70: 河北 | B70: 2018 | C70: 75 | D70: 1 | E70: 27 | F70: 47 | G70: 38 | H70: 0.3 | I70: 12 | J70: 26 | K70: 5287 | M70: 4597 | N70: 5655 | O70: {=IFERROR(IF(G70>10,G70/C70*0.876,""),“”)} -> 0.44384 | P70: {=IFERROR(IF(H70>10,H70/D70*0.876,""),“”)} | Q70: {=IFERROR(IF(I70>10,I70/E70*0.876,""),“”)} -> 0.38933333 | R70: {=IFERROR(IF(J70>10,J70/F70*0.876,""),“”)} -> 0.48459574 | S70: =IFERROR(IF((G70-I70)>10,(G70-I70)/(C70-E70)*0.876,""),"") -> 0.4745
A71: 山西 | B71: 2018 | C71: 51 | D71: 10 | E71: 11 | F71: 30 | G71: 25 | H71: 2 | I71: 6 | J71: 16 | K71: 5506 | M71: 5390 | N71: 5549 | O71: {=IFERROR(IF(G71>10,G71/C71*0.876,""),“”)} -> 0.42941176 | P71: {=IFERROR(IF(H71>10,H71/D71*0.876,""),“”)} | Q71: {=IFERROR(IF(I71>10,I71/E71*0.876,""),“”)} | R71: {=IFERROR(IF(J71>10,J71/F71*0.876,""),“”)} -> 0.4672 | S71: =IFERROR(IF((G71-I71)>10,(G71-I71)/(C71-E71)*0.876,""),"") -> 0.4161
A72: 内蒙古 | B72: 2018 | C72: 19 | E72: 7 | F72: 12 | G72: 8 | H72: 0.03 | I72: 2 | J72: 6 | K72: 4132 | M72: 2889 | N72: 4841 | O72: {=IFERROR(IF(G72>10,G72/C72*0.876,""),“”)} | P72: {=IFERROR(IF(H72>10,H72/D72*0.876,""),“”)} | Q72: {=IFERROR(IF(I72>10,I72/E72*0.876,""),“”)} | R72: {=IFERROR(IF(J72>10,J72/F72*0.876,""),“”)} | S72: =IFERROR(IF((G72-I72)>10,(G72-I72)/(C72-E72)*0.876,""),"")
A73: 辽宁 | B73: 2018 | C73: 15 | E73: 8 | F73: 7 | G73: 9 | I73: 5 | J73: 4 | K73: 6283 | M73: 6722 | N73: 5797 | O73: {=IFERROR(IF(G73>10,G73/C73*0.876,""),“”)} | P73: {=IFERROR(IF(H73>10,H73/D73*0.876,""),“”)} | Q73: {=IFERROR(IF(I73>10,I73/E73*0.876,""),“”)} | R73: {=IFERROR(IF(J73>10,J73/F73*0.876,""),“”)} | S73: =IFERROR(IF((G73-I73)>10,(G73-I73)/(C73-E73)*0.876,""),"")
A74: 吉林 | B74: 2018 | C74: 66 | D74: 0.3 | E74: 16 | F74: 49 | G74: 27 | I74: 6 | J74: 21 | K74: 4575 | M74: 4093 | N74: 4729 | O74: {=IFERROR(IF(G74>10,G74/C74*0.876,""),“”)} -> 0.35836364 | P74: {=IFERROR(IF(H74>10,H74/D74*0.876,""),“”)} | Q74: {=IFERROR(IF(I74>10,I74/E74*0.876,""),“”)} | R74: {=IFERROR(IF(J74>10,J74/F74*0.876,""),“”)} -> 0.37542857 | S74: =IFERROR(IF((G74-I74)>10,(G74-I74)/(C74-E74)*0.876,""),"") -> 0.36792
A75: 黑龙江 | B75: 2018 | C75: 97 | D75: 0.4 | E75: 11 | F75: 85 | G75: 51 | H75: 0.1 | I75: 3 | J75: 47 | K75: 5617 | M75: 3465 | N75: 5840 | O75: {=IFERROR(IF(G75>10,G75/C75*0.876,""),“”)} -> 0.46057732 | P75: {=IFERROR(IF(H75>10,H75/D75*0.876,""),“”)} | Q75: {=IFERROR(IF(I75>10,I75/E75*0.876,""),“”)} | R75: {=IFERROR(IF(J75>10,J75/F75*0.876,""),“”)} -> 0.48437647 | S75: =IFERROR(IF((G75-I75)>10,(G75-I75)/(C75-E75)*0.876,""),"") -> 0.48893023
A76: 上海 | B76: 2018 | C76: 28 | D76: 2 | E76: 26 | G76: 20 | H76: 1 | I76: 19 | K76: 7337 | L76: 6391 | M76: 7393 | O76: {=IFERROR(IF(G76>10,G76/C76*0.876,""),“”)} -> 0.62571429 | P76: {=IFERROR(IF(H76>10,H76/D76*0.876,""),“”)} | Q76: {=IFERROR(IF(I76>10,I76/E76*0.876,""),“”)} -> 0.64015385 | R76: {=IFERROR(IF(J76>10,J76/F76*0.876,""),“”)} | S76: =IFERROR(IF((G76-I76)>10,(G76-I76)/(C76-E76)*0.876,""),"")
A77: 江苏 | B77: 2018 | C77: 161 | D77: 7 | E77: 103 | F77: 52 | G77: 95 | H77: 2 | I77: 62 | J77: 31 | K77: 6263 | L77: 4374 | M77: 6415 | N77: 6079 | O77: {=IFERROR(IF(G77>10,G77/C77*0.876,""),“”)} -> 0.51689441 | P77: {=IFERROR(IF(H77>10,H77/D77*0.876,""),“”)} | Q77: {=IFERROR(IF(I77>10,I77/E77*0.876,""),“”)} -> 0.52730097 | R77: {=IFERROR(IF(J77>10,J77/F77*0.876,""),“”)} -> 0.52223077 | S77: =IFERROR(IF((G77-I77)>10,(G77-I77)/(C77-E77)*0.876,""),"") -> 0.49841379
A78: 浙江 | B78: 2018 | C78: 168 | D78: 5 | E78: 141 | F78: 22 | G78: 92 | H78: 3 | I78: 78 | J78: 12 | K78: 5761 | L78: 8594 | M78: 5785 | N78: 5430 | O78: {=IFERROR(IF(G78>10,G78/C78*0.876,""),“”)} -> 0.47971429 | P78: {=IFERROR(IF(H78>10,H78/D78*0.876,""),“”)} | Q78: {=IFERROR(IF(I78>10,I78/E78*0.876,""),“”)} -> 0.48459574 | R78: {=IFERROR(IF(J78>10,J78/F78*0.876,""),“”)} -> 0.47781818 | S78: =IFERROR(IF((G78-I78)>10,(G78-I78)/(C78-E78)*0.876,""),"") -> 0.45422222
A79: 安徽 | B79: 2018 | C79: 164 | D79: 1 | E79: 51 | F79: 111 | G79: 77 | H79: 1 | I79: 28 | J79: 49 | K79: 5063 | M79: 5461 | N79: 4873 | O79: {=IFERROR(IF(G79>10,G79/C79*0.876,""),“”)} -> 0.41129268 | P79: {=IFERROR(IF(H79>10,H79/D79*0.876,""),“”)} | Q79: {=IFERROR(IF(I79>10,I79/E79*0.876,""),“”)} -> 0.48094118 | R79: {=IFERROR(IF(J79>10,J79/F79*0.876,""),“”)} -> 0.3867027 | S79: =IFERROR(IF((G79-I79)>10,(G79-I79)/(C79-E79)*0.876,""),"") -> 0.37985841
A80: 福建 | B80: 2018 | C80: 50 | D80: 0.6 | E80: 44 | F80: 5 | G80: 28 | H80: 0.2 | I80: 25 | J80: 3 | K80: 6068 | M80: 6095 | N80: 5863 | O80: {=IFERROR(IF(G80>10,G80/C80*0.876,""),“”)} -> 0.49056 | P80: {=IFERROR(IF(H80>10,H80/D80*0.876,""),“”)} | Q80: {=IFERROR(IF(I80>10,I80/E80*0.876,""),“”)} -> 0.49772727 | R80: {=IFERROR(IF(J80>10,J80/F80*0.876,""),“”)} | S80: =IFERROR(IF((G80-I80)>10,(G80-I80)/(C80-E80)*0.876,""),"")
A81: 江西 | B81: 2018 | C81: 33 | D81: 1 | E81: 12 | F81: 21 | G81: 14 | H81: 0.4 | I81: 5 | J81: 9 | K81: 4575 | M81: 5209 | N81: 4277 | O81: {=IFERROR(IF(G81>10,G81/C81*0.876,""),“”)} -> 0.37163636 | P81: {=IFERROR(IF(H81>10,H81/D81*0.876,""),“”)} | Q81: {=IFERROR(IF(I81>10,I81/E81*0.876,""),“”)} | R81: {=IFERROR(IF(J81>10,J81/F81*0.876,""),“”)} | S81: =IFERROR(IF((G81-I81)>10,(G81-I81)/(C81-E81)*0.876,""),"")
A82: 山东 | B82: 2018 | C82: 263 | D82: 8 | E82: 108 | F82: 148 | G82: 135 | H82: 2 | I82: 51 | J82: 81 | K82: 5543 | L82: 3493 | M82: 5343 | N82: 5708 | O82: {=IFERROR(IF(G82>10,G82/C82*0.876,""),“”)} -> 0.44965779 | P82: {=IFERROR(IF(H82>10,H82/D82*0.876,""),“”)} | Q82: {=IFERROR(IF(I82>10,I82/E82*0.876,""),“”)} -> 0.41366667 | R82: {=IFERROR(IF(J82>10,J82/F82*0.876,""),“”)} -> 0.47943243 | S82: =IFERROR(IF((G82-I82)>10,(G82-I82)/(C82-E82)*0.876,""),"") -> 0.47473548
A83: 河南 | B83: 2018 | C83: 60 | D83: 4 | E83: 13 | F83: 44 | G83: 30 | I83: 7 | J83: 23 | K83: 5113 | M83: 5827 | N83: 5343 | O83: {=IFERROR(IF(G83>10,G83/C83*0.876,""),“”)} -> 0.438 | P83: {=IFERROR(IF(H83>10,H83/D83*0.876,""),“”)} | Q83: {=IFERROR(IF(I83>10,I83/E83*0.876,""),“”)} | R83: {=IFERROR(IF(J83>10,J83/F83*0.876,""),“”)} -> 0.45790909 | S83: =IFERROR(IF((G83-I83)>10,(G83-I83)/(C83-E83)*0.876,""),"") -> 0.42868085
A84: 湖北 | B84: 2018 | C84: 75 | D84: 2 | E84: 24 | F84: 48 | G84: 25 | H84: 0.6 | I84: 14 | J84: 11 | K84: 3372 | M84: 5689 | N84: 2216 | O84: {=IFERROR(IF(G84>10,G84/C84*0.876,""),“”)} -> 0.292 | P84: {=IFERROR(IF(H84>10,H84/D84*0.876,""),“”)} | Q84: {=IFERROR(IF(I84>10,I84/E84*0.876,""),“”)} -> 0.511 | R84: {=IFERROR(IF(J84>10,J84/F84*0.876,""),“”)} -> 0.20075 | S84: =IFERROR(IF((G84-I84)>10,(G84-I84)/(C84-E84)*0.876,""),"") -> 0.18894118
A85: 湖南 | B85: 2018 | C85: 67 | D85: 3 | E85: 24 | F85: 41 | G85: 30 | H85: 1 | I85: 16 | J85: 13 | K85: 4661 | L85: 5444 | M85: 7153 | N85: 3251 | O85: {=IFERROR(IF(G85>10,G85/C85*0.876,""),“”)} -> 0.39223881 | P85: {=IFERROR(IF(H85>10,H85/D85*0.876,""),“”)} | Q85: {=IFERROR(IF(I85>10,I85/E85*0.876,""),“”)} -> 0.584 | R85: {=IFERROR(IF(J85>10,J85/F85*0.876,""),“”)} -> 0.2777561 | S85: =IFERROR(IF((G85-I85)>10,(G85-I85)/(C85-E85)*0.876,""),"") -> 0.2852093
A86: 广东 | B86: 2018 | C86: 141 | D86: 9 | E86: 110 | F86: 22 | G86: 81 | H86: 5 | I86: 61 | J86: 15 | K86: 6724 | L86: 7264 | M86: 6662 | N86: 6857 | O86: {=IFERROR(IF(G86>10,G86/C86*0.876,""),“”)} -> 0.50323404 | P86: {=IFERROR(IF(H86>10,H86/D86*0.876,""),“”)} | Q86: {=IFERROR(IF(I86>10,I86/E86*0.876,""),“”)} -> 0.48578182 | R86: {=IFERROR(IF(J86>10,J86/F86*0.876,""),“”)} -> 0.59727273 | S86: =IFERROR(IF((G86-I86)>10,(G86-I86)/(C86-E86)*0.876,""),"") -> 0.56516129
A87: 广西 | B87: 2018 | C87: 176 | D87: 2 | E87: 12 | F87: 162 | G87: 40 | H87: 1 | I87: 8 | J87: 31 | K87: 2435 | M87: 6648 | N87: 2110 | O87: {=IFERROR(IF(G87>10,G87/C87*0.876,""),“”)} -> 0.19909091 | P87: {=IFERROR(IF(H87>10,H87/D87*0.876,""),“”)} | Q87: {=IFERROR(IF(I87>10,I87/E87*0.876,""),“”)} | R87: {=IFERROR(IF(J87>10,J87/F87*0.876,""),“”)} -> 0.16762963 | S87: =IFERROR(IF((G87-I87)>10,(G87-I87)/(C87-E87)*0.876,""),"") -> 0.17092683
A88: 海南 | B88: 2018 | C88: 32 | D88: 0.3 | E88: 8 | F88: 24 | G88: 20 | H88: 0.2 | I88: 5 | J88: 14 | K88: 6130 | M88: 6710 | N88: 5945 | O88: {=IFERROR(IF(G88>10,G88/C88*0.876,""),“”)} -> 0.5475 | P88: {=IFERROR(IF(H88>10,H88/D88*0.876,""),“”)} | Q88: {=IFERROR(IF(I88>10,I88/E88*0.876,""),“”)} | R88: {=IFERROR(IF(J88>10,J88/F88*0.876,""),“”)} -> 0.511 | S88: =IFERROR(IF((G88-I88)>10,(G88-I88)/(C88-E88)*0.876,""),"") -> 0.5475
A89: 重庆 | B89: 2018 | C89: 30 | D89: 1 | E89: 22 | F89: 7 | G89: 12 | H89: 0.5 | I89: 10 | J89: 1 | K89: 4655 | M89: 5930 | N89: 1661 | O89: {=IFERROR(IF(G89>10,G89/C89*0.876,""),“”)} -> 0.3504 | P89: {=IFERROR(IF(H89>10,H89/D89*0.876,""),“”)} | Q89: {=IFERROR(IF(I89>10,I89/E89*0.876,""),“”)} | R89: {=IFERROR(IF(J89>10,J89/F89*0.876,""),“”)} | S89: =IFERROR(IF((G89-I89)>10,(G89-I89)/(C89-E89)*0.876,""),"")
A90: 四川 | B90: 2018 | C90: 47 | D90: 3 | E90: 36 | F90: 9 | G90: 29 | H90: 2 | I90: 22 | J90: 6 | K90: 6522 | L90: 7317 | M90: 6477 | N90: 6499 | O90: {=IFERROR(IF(G90>10,G90/C90*0.876,""),“”)} -> 0.54051064 | P90: {=IFERROR(IF(H90>10,H90/D90*0.876,""),“”)} | Q90: {=IFERROR(IF(I90>10,I90/E90*0.876,""),“”)} -> 0.53533333 | R90: {=IFERROR(IF(J90>10,J90/F90*0.876,""),“”)} | S90: =IFERROR(IF((G90-I90)>10,(G90-I90)/(C90-E90)*0.876,""),"")
A91: 贵州 | B91: 2018 | C91: 21 | E91: 12 | F91: 9 | G91: 9 | I91: 6 | J91: 3 | K91: 4298 | M91: 5107 | N91: 3239 | O91: {=IFERROR(IF(G91>10,G91/C91*0.876,""),“”)} | P91: {=IFERROR(IF(H91>10,H91/D91*0.876,""),“”)} | Q91: {=IFERROR(IF(I91>10,I91/E91*0.876,""),“”)} | R91: {=IFERROR(IF(J91>10,J91/F91*0.876,""),“”)} | S91: =IFERROR(IF((G91-I91)>10,(G91-I91)/(C91-E91)*0.876,""),"")
A92: 云南 | B92: 2018 | C92: 42 | E92: 17 | F92: 26 | G92: 9 | I92: 7 | J92: 3 | K92: 2460 | M92: 4004 | N92: 1031 | O92: {=IFERROR(IF(G92>10,G92/C92*0.876,""),“”)} | P92: {=IFERROR(IF(H92>10,H92/D92*0.876,""),“”)} | Q92: {=IFERROR(IF(I92>10,I92/E92*0.876,""),“”)} | R92: {=IFERROR(IF(J92>10,J92/F92*0.876,""),“”)} | S92: =IFERROR(IF((G92-I92)>10,(G92-I92)/(C92-E92)*0.876,""),"")
A93: 西藏 | B93: 2018 | C93: 2 | E93: 2 | G93: 1 | I93: 1 | K93: 4363 | M93: 4363 | O93: {=IFERROR(IF(G93>10,G93/C93*0.876,""),“”)} | P93: {=IFERROR(IF(H93>10,H93/D93*0.876,""),“”)} | Q93: {=IFERROR(IF(I93>10,I93/E93*0.876,""),“”)} | R93: {=IFERROR(IF(J93>10,J93/F93*0.876,""),“”)} | S93: =IFERROR(IF((G93-I93)>10,(G93-I93)/(C93-E93)*0.876,""),"")
A94: 陕西 | B94: 2018 | C94: 6 | E94: 6 | G94: 2 | I94: 2 | K94: 2424 | M94: 2424 | O94: {=IFERROR(IF(G94>10,G94/C94*0.876,""),“”)} | P94: {=IFERROR(IF(H94>10,H94/D94*0.876,""),“”)} | Q94: {=IFERROR(IF(I94>10,I94/E94*0.876,""),“”)} | R94: {=IFERROR(IF(J94>10,J94/F94*0.876,""),“”)} | S94: =IFERROR(IF((G94-I94)>10,(G94-I94)/(C94-E94)*0.876,""),"")
A95: 甘肃 | B95: 2018 | C95: 10 | E95: 7 | F95: 3 | G95: 5 | I95: 4 | J95: 1 | K95: 4988 | M95: 6011 | N95: 2771 | O95: {=IFERROR(IF(G95>10,G95/C95*0.876,""),“”)} | P95: {=IFERROR(IF(H95>10,H95/D95*0.876,""),“”)} | Q95: {=IFERROR(IF(I95>10,I95/E95*0.876,""),“”)} | R95: {=IFERROR(IF(J95>10,J95/F95*0.876,""),“”)} | S95: =IFERROR(IF((G95-I95)>10,(G95-I95)/(C95-E95)*0.876,""),"")
A96: 青海 | B96: 2018 | C96: 0.4 | D96: 0.4 | G96: 0.2 | H96: 0.2 | O96: {=IFERROR(IF(G96>10,G96/C96*0.876,""),“”)} | P96: {=IFERROR(IF(H96>10,H96/D96*0.876,""),“”)} | Q96: {=IFERROR(IF(I96>10,I96/E96*0.876,""),“”)} | R96: {=IFERROR(IF(J96>10,J96/F96*0.876,""),“”)} | S96: =IFERROR(IF((G96-I96)>10,(G96-I96)/(C96-E96)*0.876,""),"")
A97: 宁夏 | B97: 2018 | C97: 10 | E97: 5 | F97: 5 | G97: 2 | I97: 2 | J97: 0.1 | K97: 2214 | M97: 4784 | N97: 105 | O97: {=IFERROR(IF(G97>10,G97/C97*0.876,""),“”)} | P97: {=IFERROR(IF(H97>10,H97/D97*0.876,""),“”)} | Q97: {=IFERROR(IF(I97>10,I97/E97*0.876,""),“”)} | R97: {=IFERROR(IF(J97>10,J97/F97*0.876,""),“”)} | S97: =IFERROR(IF((G97-I97)>10,(G97-I97)/(C97-E97)*0.876,""),"")
A98: 新疆 | B98: 2018 | C98: 2 | F98: 2 | G98: 2 | J98: 2 | K98: 7068 | N98: 7068 | O98: {=IFERROR(IF(G98>10,G98/C98*0.876,""),“”)} | P98: {=IFERROR(IF(H98>10,H98/D98*0.876,""),“”)} | Q98: {=IFERROR(IF(I98>10,I98/E98*0.876,""),“”)} | R98: {=IFERROR(IF(J98>10,J98/F98*0.876,""),“”)} | S98: =IFERROR(IF((G98-I98)>10,(G98-I98)/(C98-E98)*0.876,""),"")
A99: 全国 | B99: 2019 | C99: 2361 | D99: 71.2 | E99: 1173 | F99: 1117 | G99: 1126 | H99: 30.3 | I99: 611 | J99: 485 | K99: 5201 | L99: 5220 | M99: 5831 | N99: 4579 | O99: {=IFERROR(IF(G99>10,G99/C99*0.876,""),“”)} -> 0.41777891 | P99: {=IFERROR(IF(H99>10,H99/D99*0.876,""),“”)} -> 0.37279213 | Q99: {=IFERROR(IF(I99>10,I99/E99*0.876,""),“”)} -> 0.45629668 | R99: {=IFERROR(IF(J99>10,J99/F99*0.876,""),“”)} -> 0.3803581 | S99: =IFERROR(IF((G99-I99)>10,(G99-I99)/(C99-E99)*0.876,""),"") -> 0.37974747
A100: 北京 | B100: 2019 | C100: 35 | E100: 35 | G100: 19 | I100: 19 | K100: 6305 | M100: 6305 | O100: {=IFERROR(IF(G100>10,G100/C100*0.876,""),“”)} -> 0.47554286 | P100: {=IFERROR(IF(H100>10,H100/D100*0.876,""),“”)} | Q100: {=IFERROR(IF(I100>10,I100/E100*0.876,""),“”)} -> 0.47554286 | R100: {=IFERROR(IF(J100>10,J100/F100*0.876,""),“”)} | S100: =IFERROR(IF((G100-I100)>10,(G100-I100)/(C100-E100)*0.876,""),"")
...

Sheet Thermal
A1: 地区 | B1: 年份 | C1: 装机容量（万千瓦） | H1: 发电量（亿千瓦时） | M1: 利用小时数 | R1: 容量因子 | X1: 地区 | Y1: 机组类型 | Z1: 利用小时数折合容量因子
C2: 合计 | D2: 燃煤 | E2: 燃气 | F2: 燃油 | G2: 其他 | H2: 合计 | I2: 燃煤 | J2: 燃气 | K2: 燃油 | L2: 其他 | M2: 合计 | N2: 燃煤 | O2: 燃气 | P2: 燃油 | Q2: 其他 | R2: 合计 | S2: 燃煤 | T2: 燃气 | U2: 燃油 | V2: 其他 | Z2: 2016 | AA2: 2017 | AB2: 2018 | AC2: 2019 | AD2: 2020 | AE2: 2021 | AF2: 2022
A3: 全国 | B3: 2016 | C3: =SUM(D3:G3) -> 106095 | D3: 94654 | E3: 7011 | F3: 210 | G3: 4220 | H3: =SUM(I3:L3) -> 43273 | I3: 39462 | J3: 1883 | K3: 28 | L3: 1900 | N3: 4275 | O3: 2701 | P3: 1317 | Q3: 4877 | R3: {=IFERROR(IF(H3>10,H3/C3*0.876,""),“”)} -> 0.35729439 | S3: {=IFERROR(IF(I3>10,I3/D3*0.876,""),“”)} -> 0.36521132 | T3: {=IFERROR(IF(J3>10,J3/E3*0.876,""),“”)} -> 0.23527428 | U3: {=IFERROR(IF(K3>10,K3/F3*0.876,""),“”)} -> 0.1168 | V3: =IFERROR(IF((H3-J3)>10,(H3-J3)/(C3-E3)*0.876,""),"") -> 0.3659283 | X3: 全国 | Y3: 燃煤 | Z3: =SUMIFS($N:$N,$A:$A,$X3,$B:$B,Z$2)/8760 -> 0.4880137 | AA3: =SUMIFS($N:$N,$A:$A,$X3,$B:$B,AA$2)/8760 -> 0.49223744 | AB3: =SUMIFS($N:$N,$A:$A,$X3,$B:$B,AB$2)/8760 -> 0.51312785 | AC3: =SUMIFS($N:$N,$A:$A,$X3,$B:$B,AC$2)/8760 -> 0.50559361 | AD3: =SUMIFS($N:$N,$A:$A,$X3,$B:$B,AD$2)/8760 -> 0.49349315 | AE3: =SUMIFS($N:$N,$A:$A,$X3,$B:$B,AE$2)/8760 -> 0.52522831 | AF3: =SUMIFS($N:$N,$A:$A,$X3,$B:$B,AF$2)/8760 -> 0.52431507
A4: 北京 | B4: 2016 | C4: =SUM(D4:G4) -> 972 | D4: 85 | E4: 850 | F4: 22 | G4: 15 | H4: =SUM(I4:L4) -> 419 | I4: 34 | J4: 371 | K4: 6 | L4: 8 | N4: 4031 | O4: 4372 | P4: 2636 | Q4: 5613 | R4: {=IFERROR(IF(H4>10,H4/C4*0.876,""),“”)} -> 0.37761728 | S4: {=IFERROR(IF(I4>10,I4/D4*0.876,""),“”)} -> 0.3504 | T4: {=IFERROR(IF(J4>10,J4/E4*0.876,""),“”)} -> 0.38234824 | U4: {=IFERROR(IF(K4>10,K4/F4*0.876,""),“”)} | V4: =IFERROR(IF((H4-J4)>10,(H4-J4)/(C4-E4)*0.876,""),"") -> 0.34465574 | X4: 北京 | Y4: 燃煤 | Z4: =SUMIFS($N:$N,$A:$A,$X4,$B:$B,Z$2)/8760 -> 0.46015982 | AA4: =SUMIFS($N:$N,$A:$A,$X4,$B:$B,AA$2)/8760 -> 0.18093607 | AB4: =SUMIFS($N:$N,$A:$A,$X4,$B:$B,AB$2)/8760 -> 0.22865297 | AC4: =SUMIFS($N:$N,$A:$A,$X4,$B:$B,AC$2)/8760 -> 0.1966895 | AD4: =SUMIFS($N:$N,$A:$A,$X4,$B:$B,AD$2)/8760 -> 0.14634703 | AE4: =SUMIFS($N:$N,$A:$A,$X4,$B:$B,AE$2)/8760 -> 0.21621005 | AF4: =SUMIFS($N:$N,$A:$A,$X4,$B:$B,AF$2)/8760 -> 0.13652968
A5: 天津 | B5: 2016 | C5: =SUM(D5:G5) -> 1378 | D5: 1076 | E5: 277 | G5: 25 | H5: =SUM(I5:L5) -> 591 | I5: 476 | J5: 104 | L5: 11 | N5: 4382 | O5: 4001 | Q5: 4487 | R5: {=IFERROR(IF(H5>10,H5/C5*0.876,""),“”)} -> 0.37570102 | S5: {=IFERROR(IF(I5>10,I5/D5*0.876,""),“”)} -> 0.38752416 | T5: {=IFERROR(IF(J5>10,J5/E5*0.876,""),“”)} -> 0.32889531 | U5: {=IFERROR(IF(K5>10,K5/F5*0.876,""),“”)} | V5: =IFERROR(IF((H5-J5)>10,(H5-J5)/(C5-E5)*0.876,""),"") -> 0.38747684 | X5: 天津 | Y5: 燃煤 | Z5: =SUMIFS($N:$N,$A:$A,$X5,$B:$B,Z$2)/8760 -> 0.50022831 | AA5: =SUMIFS($N:$N,$A:$A,$X5,$B:$B,AA$2)/8760 -> 0.49406393 | AB5: =SUMIFS($N:$N,$A:$A,$X5,$B:$B,AB$2)/8760 -> 0.543379 | AC5: =SUMIFS($N:$N,$A:$A,$X5,$B:$B,AC$2)/8760 -> 0.48938356 | AD5: =SUMIFS($N:$N,$A:$A,$X5,$B:$B,AD$2)/8760 -> 0.47431507 | AE5: =SUMIFS($N:$N,$A:$A,$X5,$B:$B,AE$2)/8760 -> 0.50936073 | AF5: =SUMIFS($N:$N,$A:$A,$X5,$B:$B,AF$2)/8760 -> 0.48881279
A6: 河北 | B6: 2016 | C6: =SUM(D6:G6) -> 4511 | D6: 4251 | E6: 3 | G6: 257 | H6: =SUM(I6:L6) -> 2195 | I6: 2092 | J6: 0 | L6: 103 | N6: 5021 | O6: 651 | Q6: 4211 | R6: {=IFERROR(IF(H6>10,H6/C6*0.876,""),“”)} -> 0.42625139 | S6: {=IFERROR(IF(I6>10,I6/D6*0.876,""),“”)} -> 0.43109668 | T6: {=IFERROR(IF(J6>10,J6/E6*0.876,""),“”)} | U6: {=IFERROR(IF(K6>10,K6/F6*0.876,""),“”)} | V6: =IFERROR(IF((H6-J6)>10,(H6-J6)/(C6-E6)*0.876,""),"") -> 0.42653505 | X6: 河北 | Y6: 燃煤 | Z6: =SUMIFS($N:$N,$A:$A,$X6,$B:$B,Z$2)/8760 -> 0.57317352 | AA6: =SUMIFS($N:$N,$A:$A,$X6,$B:$B,AA$2)/8760 -> 0.58767123 | AB6: =SUMIFS($N:$N,$A:$A,$X6,$B:$B,AB$2)/8760 -> 0.59634703 | AC6: =SUMIFS($N:$N,$A:$A,$X6,$B:$B,AC$2)/8760 -> 0.5652968 | AD6: =SUMIFS($N:$N,$A:$A,$X6,$B:$B,AD$2)/8760 -> 0.51746575 | AE6: =SUMIFS($N:$N,$A:$A,$X6,$B:$B,AE$2)/8760 -> 0.4880137 | AF6: =SUMIFS($N:$N,$A:$A,$X6,$B:$B,AF$2)/8760 -> 0.49189498
A7: 山西 | B7: 2016 | C7: =SUM(D7:G7) -> 6328 | D7: 6003 | E7: 279 | G7: 46 | H7: =SUM(I7:L7) -> 2309 | I7: 2191 | J7: 95 | L7: 23 | N7: 3803 | O7: 3468 | Q7: 5369 | R7: {=IFERROR(IF(H7>10,H7/C7*0.876,""),“”)} -> 0.31964033 | S7: {=IFERROR(IF(I7>10,I7/D7*0.876,""),“”)} -> 0.31972614 | T7: {=IFERROR(IF(J7>10,J7/E7*0.876,""),“”)} -> 0.29827957 | U7: {=IFERROR(IF(K7>10,K7/F7*0.876,""),“”)} | V7: =IFERROR(IF((H7-J7)>10,(H7-J7)/(C7-E7)*0.876,""),"") -> 0.32062556 | X7: 山西 | Y7: 燃煤 | Z7: =SUMIFS($N:$N,$A:$A,$X7,$B:$B,Z$2)/8760 -> 0.43413242 | AA7: =SUMIFS($N:$N,$A:$A,$X7,$B:$B,AA$2)/8760 -> 0.4597032 | AB7: =SUMIFS($N:$N,$A:$A,$X7,$B:$B,AB$2)/8760 -> 0.50285388 | AC7: =SUMIFS($N:$N,$A:$A,$X7,$B:$B,AC$2)/8760 -> 0.51552511 | AD7: =SUMIFS($N:$N,$A:$A,$X7,$B:$B,AD$2)/8760 -> 0.51084475 | AE7: =SUMIFS($N:$N,$A:$A,$X7,$B:$B,AE$2)/8760 -> 0.50833333 | AF7: =SUMIFS($N:$N,$A:$A,$X7,$B:$B,AF$2)/8760 -> 0.52408676
A8: 内蒙古 | B8: 2016 | C8: =SUM(D8:G8) -> 7609 | D8: 7542 | E8: 42 | G8: 25 | H8: =SUM(I8:L8) -> 3375 | I8: 3364 | J8: 0 | L8: 11 | N8: 4558 | O8: 116 | Q8: 4135 | R8: {=IFERROR(IF(H8>10,H8/C8*0.876,""),“”)} -> 0.38855303 | S8: {=IFERROR(IF(I8>10,I8/D8*0.876,""),“”)} -> 0.39072713 | T8: {=IFERROR(IF(J8>10,J8/E8*0.876,""),“”)} | U8: {=IFERROR(IF(K8>10,K8/F8*0.876,""),“”)} | V8: =IFERROR(IF((H8-J8)>10,(H8-J8)/(C8-E8)*0.876,""),"") -> 0.39070966 | X8: 内蒙古 | Y8: 燃煤 | Z8: =SUMIFS($N:$N,$A:$A,$X8,$B:$B,Z$2)/8760 -> 0.52031963 | AA8: =SUMIFS($N:$N,$A:$A,$X8,$B:$B,AA$2)/8760 -> 0.53116438 | AB8: =SUMIFS($N:$N,$A:$A,$X8,$B:$B,AB$2)/8760 -> 0.58847032 | AC8: =SUMIFS($N:$N,$A:$A,$X8,$B:$B,AC$2)/8760 -> 0.60468037 | AD8: =SUMIFS($N:$N,$A:$A,$X8,$B:$B,AD$2)/8760 -> 0.581621 | AE8: =SUMIFS($N:$N,$A:$A,$X8,$B:$B,AE$2)/8760 -> 0.57465753 | AF8: =SUMIFS($N:$N,$A:$A,$X8,$B:$B,AF$2)/8760 -> 0.57773973
A9: 辽宁 | B9: 2016 | C9: =SUM(D9:G9) -> 3115 | D9: 3024 | E9: 4 | F9: 15 | G9: 72 | H9: =SUM(I9:L9) -> 1345 | I9: 1306 | J9: 1 | K9: 5 | L9: 33 | N9: 4332 | O9: 1993 | P9: 3309 | Q9: 4635 | R9: {=IFERROR(IF(H9>10,H9/C9*0.876,""),“”)} -> 0.37824077 | S9: {=IFERROR(IF(I9>10,I9/D9*0.876,""),“”)} -> 0.3783254 | T9: {=IFERROR(IF(J9>10,J9/E9*0.876,""),“”)} | U9: {=IFERROR(IF(K9>10,K9/F9*0.876,""),“”)} | V9: =IFERROR(IF((H9-J9)>10,(H9-J9)/(C9-E9)*0.876,""),"") -> 0.37844552 | X9: 辽宁 | Y9: 燃煤 | Z9: =SUMIFS($N:$N,$A:$A,$X9,$B:$B,Z$2)/8760 -> 0.49452055 | AA9: =SUMIFS($N:$N,$A:$A,$X9,$B:$B,AA$2)/8760 -> 0.48447489 | AB9: =SUMIFS($N:$N,$A:$A,$X9,$B:$B,AB$2)/8760 -> 0.47773973 | AC9: =SUMIFS($N:$N,$A:$A,$X9,$B:$B,AC$2)/8760 -> 0.46175799 | AD9: =SUMIFS($N:$N,$A:$A,$X9,$B:$B,AD$2)/8760 -> 0.44623288 | AE9: =SUMIFS($N:$N,$A:$A,$X9,$B:$B,AE$2)/8760 -> 0.42853881 | AF9: =SUMIFS($N:$N,$A:$A,$X9,$B:$B,AF$2)/8760 -> 0.37420091
A10: 吉林 | B10: 2016 | C10: =SUM(D10:G10) -> 1776 | D10: 1688 | E10: 0 | G10: 88 | H10: =SUM(I10:L10) -> 588 | I10: 550 | J10: 0 | L10: 38 | N10: 3227 | Q10: 4485 | R10: {=IFERROR(IF(H10>10,H10/C10*0.876,""),“”)} -> 0.29002703 | S10: {=IFERROR(IF(I10>10,I10/D10*0.876,""),“”)} -> 0.28542654 | T10: {=IFERROR(IF(J10>10,J10/E10*0.876,""),“”)} | U10: {=IFERROR(IF(K10>10,K10/F10*0.876,""),“”)} | V10: =IFERROR(IF((H10-J10)>10,(H10-J10)/(C10-E10)*0.876,""),"") -> 0.29002703 | X10: 吉林 | Y10: 燃煤 | Z10: =SUMIFS($N:$N,$A:$A,$X10,$B:$B,Z$2)/8760 -> 0.368379 | AA10: =SUMIFS($N:$N,$A:$A,$X10,$B:$B,AA$2)/8760 -> 0.38378995 | AB10: =SUMIFS($N:$N,$A:$A,$X10,$B:$B,AB$2)/8760 -> 0.40810502 | AC10: =SUMIFS($N:$N,$A:$A,$X10,$B:$B,AC$2)/8760 -> 0.42659817 | AD10: =SUMIFS($N:$N,$A:$A,$X10,$B:$B,AD$2)/8760 -> 0.44600457 | AE10: =SUMIFS($N:$N,$A:$A,$X10,$B:$B,AE$2)/8760 -> 0.431621 | AF10: =SUMIFS($N:$N,$A:$A,$X10,$B:$B,AF$2)/8760 -> 0.39874429
A11: 黑龙江 | B11: 2016 | C11: =SUM(D11:G11) -> 2104 | D11: 1991 | E11: 12 | F11: 2 | G11: 99 | H11: =SUM(I11:L11) -> 807 | I11: 761 | J11: 3 | K11: 0 | L11: 43 | N11: 3887 | O11: 2775 | P11: 1733 | Q11: 4934 | R11: {=IFERROR(IF(H11>10,H11/C11*0.876,""),“”)} -> 0.3359943 | S11: {=IFERROR(IF(I11>10,I11/D11*0.876,""),“”)} -> 0.33482471 | T11: {=IFERROR(IF(J11>10,J11/E11*0.876,""),“”)} | U11: {=IFERROR(IF(K11>10,K11/F11*0.876,""),“”)} | V11: =IFERROR(IF((H11-J11)>10,(H11-J11)/(C11-E11)*0.876,""),"") -> 0.33666539 | X11: 黑龙江 | Y11: 燃煤 | Z11: =SUMIFS($N:$N,$A:$A,$X11,$B:$B,Z$2)/8760 -> 0.44372146 | AA11: =SUMIFS($N:$N,$A:$A,$X11,$B:$B,AA$2)/8760 -> 0.43710046 | AB11: =SUMIFS($N:$N,$A:$A,$X11,$B:$B,AB$2)/8760 -> 0.43824201 | AC11: =SUMIFS($N:$N,$A:$A,$X11,$B:$B,AC$2)/8760 -> 0.44520548 | AD11: =SUMIFS($N:$N,$A:$A,$X11,$B:$B,AD$2)/8760 -> 0.42648402 | AE11: =SUMIFS($N:$N,$A:$A,$X11,$B:$B,AE$2)/8760 -> 0.41004566 | AF11: =SUMIFS($N:$N,$A:$A,$X11,$B:$B,AF$2)/8760 -> 0.37043379
A12: 上海 | B12: 2016 | C12: =SUM(D12:G12) -> 2263 | D12: 1509 | E12: 570 | F12: 86 | G12: 98 | H12: =SUM(I12:L12) -> 817 | I12: 663 | J12: 102 | K12: 1 | L12: 51 | N12: 4382 | O12: 1798 | P12: 103 | Q12: 5314 | R12: {=IFERROR(IF(H12>10,H12/C12*0.876,""),“”)} -> 0.31625806 | S12: {=IFERROR(IF(I12>10,I12/D12*0.876,""),“”)} -> 0.3848827 | T12: {=IFERROR(IF(J12>10,J12/E12*0.876,""),“”)} -> 0.15675789 | U12: {=IFERROR(IF(K12>10,K12/F12*0.876,""),“”)} | V12: =IFERROR(IF((H12-J12)>10,(H12-J12)/(C12-E12)*0.876,""),"") -> 0.36995865 | X12: 上海 | Y12: 燃煤 | Z12: =SUMIFS($N:$N,$A:$A,$X12,$B:$B,Z$2)/8760 -> 0.50022831 | AA12: =SUMIFS($N:$N,$A:$A,$X12,$B:$B,AA$2)/8760 -> 0.51449772 | AB12: =SUMIFS($N:$N,$A:$A,$X12,$B:$B,AB$2)/8760 -> 0.49052511 | AC12: =SUMIFS($N:$N,$A:$A,$X12,$B:$B,AC$2)/8760 -> 0.46073059 | AD12: =SUMIFS($N:$N,$A:$A,$X12,$B:$B,AD$2)/8760 -> 0.47031963 | AE12: =SUMIFS($N:$N,$A:$A,$X12,$B:$B,AE$2)/8760 -> 0.57031963 | AF12: =SUMIFS($N:$N,$A:$A,$X12,$B:$B,AF$2)/8760 -> 0.5336758
A13: 江苏 | B13: 2016 | C13: =SUM(D13:G13) -> 8727 | D13: 7448 | E13: 957 | G13: 322 | H13: =SUM(I13:L13) -> 4438 | I13: 3923 | J13: 308 | L13: 207 | N13: 5272 | O13: 3203 | Q13: 6614 | R13: {=IFERROR(IF(H13>10,H13/C13*0.876,""),“”)} -> 0.44547817 | S13: {=IFERROR(IF(I13>10,I13/D13*0.876,""),“”)} -> 0.46140548 | T13: {=IFERROR(IF(J13>10,J13/E13*0.876,""),“”)} -> 0.28193103 | U13: {=IFERROR(IF(K13>10,K13/F13*0.876,""),“”)} | V13: =IFERROR(IF((H13-J13)>10,(H13-J13)/(C13-E13)*0.876,""),"") -> 0.46562162 | X13: 江苏 | Y13: 燃煤 | Z13: =SUMIFS($N:$N,$A:$A,$X13,$B:$B,Z$2)/8760 -> 0.60182648 | AA13: =SUMIFS($N:$N,$A:$A,$X13,$B:$B,AA$2)/8760 -> 0.57625571 | AB13: =SUMIFS($N:$N,$A:$A,$X13,$B:$B,AB$2)/8760 -> 0.53561644 | AC13: =SUMIFS($N:$N,$A:$A,$X13,$B:$B,AC$2)/8760 -> 0.50582192 | AD13: =SUMIFS($N:$N,$A:$A,$X13,$B:$B,AD$2)/8760 -> 0.50958904 | AE13: =SUMIFS($N:$N,$A:$A,$X13,$B:$B,AE$2)/8760 -> 0.57808219 | AF13: =SUMIFS($N:$N,$A:$A,$X13,$B:$B,AF$2)/8760 -> 0.56073059
A14: 浙江 | B14: 2016 | C14: =SUM(D14:G14) -> 6063 | D14: 4629 | E14: 1228 | F14: 6 | G14: 200 | H14: =SUM(I14:L14) -> 2366 | I14: 2098 | J14: 156 | K14: 0 | L14: 112 | N14: 4548 | O14: 1270 | Q14: 6013 | R14: {=IFERROR(IF(H14>10,H14/C14*0.876,""),“”)} -> 0.34184661 | S14: {=IFERROR(IF(I14>10,I14/D14*0.876,""),“”)} -> 0.39702916 | T14: {=IFERROR(IF(J14>10,J14/E14*0.876,""),“”)} -> 0.11128339 | U14: {=IFERROR(IF(K14>10,K14/F14*0.876,""),“”)} | V14: =IFERROR(IF((H14-J14)>10,(H14-J14)/(C14-E14)*0.876,""),"") -> 0.40040538 | X14: 浙江 | Y14: 燃煤 | Z14: =SUMIFS($N:$N,$A:$A,$X14,$B:$B,Z$2)/8760 -> 0.51917808 | AA14: =SUMIFS($N:$N,$A:$A,$X14,$B:$B,AA$2)/8760 -> 0.556621 | AB14: =SUMIFS($N:$N,$A:$A,$X14,$B:$B,AB$2)/8760 -> 0.56027397 | AC14: =SUMIFS($N:$N,$A:$A,$X14,$B:$B,AC$2)/8760 -> 0.53881279 | AD14: =SUMIFS($N:$N,$A:$A,$X14,$B:$B,AD$2)/8760 -> 0.51312785 | AE14: =SUMIFS($N:$N,$A:$A,$X14,$B:$B,AE$2)/8760 -> 0.6260274 | AF14: =SUMIFS($N:$N,$A:$A,$X14,$B:$B,AF$2)/8760 -> 0.62260274
A15: 安徽 | B15: 2016 | C15: =SUM(D15:G15) -> 4916 | D15: 4669 | E15: 11 | G15: 236 | H15: =SUM(I15:L15) -> 2134 | I15: 1997 | J15: 6 | L15: 131 | N15: 4425 | O15: 3883 | Q15: 5759 | R15: {=IFERROR(IF(H15>10,H15/C15*0.876,""),“”)} -> 0.38026526 | S15: {=IFERROR(IF(I15>10,I15/D15*0.876,""),“”)} -> 0.37467809 | T15: {=IFERROR(IF(J15>10,J15/E15*0.876,""),“”)} | U15: {=IFERROR(IF(K15>10,K15/F15*0.876,""),“”)} | V15: =IFERROR(IF((H15-J15)>10,(H15-J15)/(C15-E15)*0.876,""),"") -> 0.38004648 | X15: 安徽 | Y15: 燃煤 | Z15: =SUMIFS($N:$N,$A:$A,$X15,$B:$B,Z$2)/8760 -> 0.50513699 | AA15: =SUMIFS($N:$N,$A:$A,$X15,$B:$B,AA$2)/8760 -> 0.51678082 | AB15: =SUMIFS($N:$N,$A:$A,$X15,$B:$B,AB$2)/8760 -> 0.57077626 | AC15: =SUMIFS($N:$N,$A:$A,$X15,$B:$B,AC$2)/8760 -> 0.54714612 | AD15: =SUMIFS($N:$N,$A:$A,$X15,$B:$B,AD$2)/8760 -> 0.51472603 | AE15: =SUMIFS($N:$N,$A:$A,$X15,$B:$B,AE$2)/8760 -> 0.53641553 | AF15: =SUMIFS($N:$N,$A:$A,$X15,$B:$B,AF$2)/8760 -> 0.55707763
A16: 福建 | B16: 2016 | C16: =SUM(D16:G16) -> 2902 | D16: 2394 | E16: 387 | G16: 121 | H16: =SUM(I16:L16) -> 916 | I16: 781 | J16: 67 | K16: 1 | L16: 67 | N16: 3262 | O16: 1740 | Q16: 6084 | R16: {=IFERROR(IF(H16>10,H16/C16*0.876,""),“”)} -> 0.27650448 | S16: {=IFERROR(IF(I16>10,I16/D16*0.876,""),“”)} -> 0.28577945 | T16: {=IFERROR(IF(J16>10,J16/E16*0.876,""),“”)} -> 0.15165891 | U16: {=IFERROR(IF(K16>10,K16/F16*0.876,""),“”)} | V16: =IFERROR(IF((H16-J16)>10,(H16-J16)/(C16-E16)*0.876,""),"") -> 0.29571531 | X16: 福建 | Y16: 燃煤 | Z16: =SUMIFS($N:$N,$A:$A,$X16,$B:$B,Z$2)/8760 -> 0.37237443 | AA16: =SUMIFS($N:$N,$A:$A,$X16,$B:$B,AA$2)/8760 -> 0.47043379 | AB16: =SUMIFS($N:$N,$A:$A,$X16,$B:$B,AB$2)/8760 -> 0.55650685 | AC16: =SUMIFS($N:$N,$A:$A,$X16,$B:$B,AC$2)/8760 -> 0.52591324 | AD16: =SUMIFS($N:$N,$A:$A,$X16,$B:$B,AD$2)/8760 -> 0.56997717 | AE16: =SUMIFS($N:$N,$A:$A,$X16,$B:$B,AE$2)/8760 -> 0.60593607 | AF16: =SUMIFS($N:$N,$A:$A,$X16,$B:$B,AF$2)/8760 -> 0.54052511
A17: 江西 | B17: 2016 | C17: =SUM(D17:G17) -> 1918 | D17: 1721 | E17: 10 | G17: 187 | H17: =SUM(I17:L17) -> 856 | I17: 745 | J17: 4 | L17: 107 | N17: 4417 | O17: 4603 | Q17: 5932 | R17: {=IFERROR(IF(H17>10,H17/C17*0.876,""),“”)} -> 0.39095725 | S17: {=IFERROR(IF(I17>10,I17/D17*0.876,""),“”)} -> 0.37920976 | T17: {=IFERROR(IF(J17>10,J17/E17*0.876,""),“”)} | U17: {=IFERROR(IF(K17>10,K17/F17*0.876,""),“”)} | V17: =IFERROR(IF((H17-J17)>10,(H17-J17)/(C17-E17)*0.876,""),"") -> 0.39116981 | X17: 江西 | Y17: 燃煤 | Z17: =SUMIFS($N:$N,$A:$A,$X17,$B:$B,Z$2)/8760 -> 0.50422374 | AA17: =SUMIFS($N:$N,$A:$A,$X17,$B:$B,AA$2)/8760 -> 0.55856164 | AB17: =SUMIFS($N:$N,$A:$A,$X17,$B:$B,AB$2)/8760 -> 0.59109589 | AC17: =SUMIFS($N:$N,$A:$A,$X17,$B:$B,AC$2)/8760 -> 0.57739726 | AD17: =SUMIFS($N:$N,$A:$A,$X17,$B:$B,AD$2)/8760 -> 0.58287671 | AE17: =SUMIFS($N:$N,$A:$A,$X17,$B:$B,AE$2)/8760 -> 0.5847032 | AF17: =SUMIFS($N:$N,$A:$A,$X17,$B:$B,AF$2)/8760 -> 0.5402968
A18: 山东 | B18: 2016 | C18: =SUM(D18:G18) -> 9540 | D18: 9015 | E18: 6 | G18: 519 | H18: =SUM(I18:L18) -> 4671 | I18: 4455 | J18: 3 | L18: 213 | N18: 5235 | O18: 6498 | Q18: 4331 | R18: {=IFERROR(IF(H18>10,H18/C18*0.876,""),“”)} -> 0.42890943 | S18: {=IFERROR(IF(I18>10,I18/D18*0.876,""),“”)} -> 0.4328985 | T18: {=IFERROR(IF(J18>10,J18/E18*0.876,""),“”)} | U18: {=IFERROR(IF(K18>10,K18/F18*0.876,""),“”)} | V18: =IFERROR(IF((H18-J18)>10,(H18-J18)/(C18-E18)*0.876,""),"") -> 0.42890371 | X18: 山东 | Y18: 燃煤 | Z18: =SUMIFS($N:$N,$A:$A,$X18,$B:$B,Z$2)/8760 -> 0.59760274 | AA18: =SUMIFS($N:$N,$A:$A,$X18,$B:$B,AA$2)/8760 -> 0.53378995 | AB18: =SUMIFS($N:$N,$A:$A,$X18,$B:$B,AB$2)/8760 -> 0.53926941 | AC18: =SUMIFS($N:$N,$A:$A,$X18,$B:$B,AC$2)/8760 -> 0.50684932 | AD18: =SUMIFS($N:$N,$A:$A,$X18,$B:$B,AD$2)/8760 -> 0.4966895 | AE18: =SUMIFS($N:$N,$A:$A,$X18,$B:$B,AE$2)/8760 -> 0.52214612 | AF18: =SUMIFS($N:$N,$A:$A,$X18,$B:$B,AF$2)/8760 -> 0.50799087
A19: 河南 | B19: 2016 | C19: =SUM(D19:G19) -> 6431 | D19: 6164 | E19: 161 | G19: 106 | H19: =SUM(I19:L19) -> 2474 | I19: 2403 | J19: 34 | L19: 37 | N19: 3903 | O19: 2088 | Q19: 3717 | R19: {=IFERROR(IF(H19>10,H19/C19*0.876,""),“”)} -> 0.33699642 | S19: {=IFERROR(IF(I19>10,I19/D19*0.876,""),“”)} -> 0.34150357 | T19: {=IFERROR(IF(J19>10,J19/E19*0.876,""),“”)} -> 0.18499379 | U19: {=IFERROR(IF(K19>10,K19/F19*0.876,""),“”)} | V19: =IFERROR(IF((H19-J19)>10,(H19-J19)/(C19-E19)*0.876,""),"") -> 0.34089952 | X19: 河南 | Y19: 燃煤 | Z19: =SUMIFS($N:$N,$A:$A,$X19,$B:$B,Z$2)/8760 -> 0.44554795 | AA19: =SUMIFS($N:$N,$A:$A,$X19,$B:$B,AA$2)/8760 -> 0.44737443 | AB19: =SUMIFS($N:$N,$A:$A,$X19,$B:$B,AB$2)/8760 -> 0.45445205 | AC19: =SUMIFS($N:$N,$A:$A,$X19,$B:$B,AC$2)/8760 -> 0.41461187 | AD19: =SUMIFS($N:$N,$A:$A,$X19,$B:$B,AD$2)/8760 -> 0.39303653 | AE19: =SUMIFS($N:$N,$A:$A,$X19,$B:$B,AE$2)/8760 -> 0.39006849 | AF19: =SUMIFS($N:$N,$A:$A,$X19,$B:$B,AF$2)/8760 -> 0.43047945
A20: 湖北 | B20: 2016 | C20: =SUM(D20:G20) -> 2694 | D20: 2405 | E20: 76 | G20: 213 | H20: =SUM(I20:L20) -> 1048 | I20: 928 | J20: 28 | L20: 92 | N20: 3957 | O20: 3662 | Q20: 4424 | R20: {=IFERROR(IF(H20>10,H20/C20*0.876,""),“”)} -> 0.34077506 | S20: {=IFERROR(IF(I20>10,I20/D20*0.876,""),“”)} -> 0.3380158 | T20: {=IFERROR(IF(J20>10,J20/E20*0.876,""),“”)} -> 0.32273684 | U20: {=IFERROR(IF(K20>10,K20/F20*0.876,""),“”)} | V20: =IFERROR(IF((H20-J20)>10,(H20-J20)/(C20-E20)*0.876,""),"") -> 0.3412987 | X20: 湖北 | Y20: 燃煤 | Z20: =SUMIFS($N:$N,$A:$A,$X20,$B:$B,Z$2)/8760 -> 0.45171233 | AA20: =SUMIFS($N:$N,$A:$A,$X20,$B:$B,AA$2)/8760 -> 0.44863014 | AB20: =SUMIFS($N:$N,$A:$A,$X20,$B:$B,AB$2)/8760 -> 0.52808219 | AC20: =SUMIFS($N:$N,$A:$A,$X20,$B:$B,AC$2)/8760 -> 0.56449772 | AD20: =SUMIFS($N:$N,$A:$A,$X20,$B:$B,AD$2)/8760 -> 0.44394977 | AE20: =SUMIFS($N:$N,$A:$A,$X20,$B:$B,AE$2)/8760 -> 0.51598174 | AF20: =SUMIFS($N:$N,$A:$A,$X20,$B:$B,AF$2)/8760 -> 0.54589041
A21: 湖南 | B21: 2016 | C21: =SUM(D21:G21) -> 2321 | D21: 2113 | E21: 10 | F21: 7 | G21: 191 | H21: =SUM(I21:L21) -> 732 | I21: 614 | J21: 6 | K21: 3 | L21: 109 | N21: 3021 | O21: 6120 | P21: 3968 | Q21: 5840 | R21: {=IFERROR(IF(H21>10,H21/C21*0.876,""),“”)} -> 0.27627402 | S21: {=IFERROR(IF(I21>10,I21/D21*0.876,""),“”)} -> 0.25454993 | T21: {=IFERROR(IF(J21>10,J21/E21*0.876,""),“”)} | U21: {=IFERROR(IF(K21>10,K21/F21*0.876,""),“”)} | V21: =IFERROR(IF((H21-J21)>10,(H21-J21)/(C21-E21)*0.876,""),"") -> 0.27519515 | X21: 湖南 | Y21: 燃煤 | Z21: =SUMIFS($N:$N,$A:$A,$X21,$B:$B,Z$2)/8760 -> 0.34486301 | AA21: =SUMIFS($N:$N,$A:$A,$X21,$B:$B,AA$2)/8760 -> 0.38093607 | AB21: =SUMIFS($N:$N,$A:$A,$X21,$B:$B,AB$2)/8760 -> 0.44280822 | AC21: =SUMIFS($N:$N,$A:$A,$X21,$B:$B,AC$2)/8760 -> 0.43378995 | AD21: =SUMIFS($N:$N,$A:$A,$X21,$B:$B,AD$2)/8760 -> 0.40148402 | AE21: =SUMIFS($N:$N,$A:$A,$X21,$B:$B,AE$2)/8760 -> 0.48002283 | AF21: =SUMIFS($N:$N,$A:$A,$X21,$B:$B,AF$2)/8760 -> 0.44908676
A22: 广东 | B22: 2016 | C22: =SUM(D22:G22) -> 7722 | D22: 5992 | E22: 1569 | F22: 33 | G22: 128 | H22: =SUM(I22:L22) -> 2850 | I22: 2297 | J22: 489 | K22: 12 | L22: 52 | N22: 3854 | O22: 3164 | P22: 3815 | Q22: 4406 | R22: {=IFERROR(IF(H22>10,H22/C22*0.876,""),“”)} -> 0.32331002 | S22: {=IFERROR(IF(I22>10,I22/D22*0.876,""),“”)} -> 0.33580975 | T22: {=IFERROR(IF(J22>10,J22/E22*0.876,""),“”)} -> 0.27301721 | U22: {=IFERROR(IF(K22>10,K22/F22*0.876,""),“”)} -> 0.31854545 | V22: =IFERROR(IF((H22-J22)>10,(H22-J22)/(C22-E22)*0.876,""),"") -> 0.33613457 | X22: 广东 | Y22: 燃煤 | Z22: =SUMIFS($N:$N,$A:$A,$X22,$B:$B,Z$2)/8760 -> 0.43995434 | AA22: =SUMIFS($N:$N,$A:$A,$X22,$B:$B,AA$2)/8760 -> 0.49098174 | AB22: =SUMIFS($N:$N,$A:$A,$X22,$B:$B,AB$2)/8760 -> 0.51894977 | AC22: =SUMIFS($N:$N,$A:$A,$X22,$B:$B,AC$2)/8760 -> 0.47146119 | AD22: =SUMIFS($N:$N,$A:$A,$X22,$B:$B,AD$2)/8760 -> 0.45057078 | AE22: =SUMIFS($N:$N,$A:$A,$X22,$B:$B,AE$2)/8760 -> 0.57248858 | AF22: =SUMIFS($N:$N,$A:$A,$X22,$B:$B,AF$2)/8760 -> 0.58082192
A23: 广西 | B23: 2016 | C23: =SUM(D23:G23) -> 2185 | D23: 1615 | E23: 12 | G23: 558 | H23: =SUM(I23:L23) -> 558 | I23: 360 | J23: 1 | L23: 197 | N23: 2707 | O23: 808 | Q23: 3869 | R23: {=IFERROR(IF(H23>10,H23/C23*0.876,""),“”)} -> 0.22371076 | S23: {=IFERROR(IF(I23>10,I23/D23*0.876,""),“”)} -> 0.19526935 | T23: {=IFERROR(IF(J23>10,J23/E23*0.876,""),“”)} | U23: {=IFERROR(IF(K23>10,K23/F23*0.876,""),“”)} | V23: =IFERROR(IF((H23-J23)>10,(H23-J23)/(C23-E23)*0.876,""),"") -> 0.22454303 | X23: 广西 | Y23: 燃煤 | Z23: =SUMIFS($N:$N,$A:$A,$X23,$B:$B,Z$2)/8760 -> 0.30901826 | AA23: =SUMIFS($N:$N,$A:$A,$X23,$B:$B,AA$2)/8760 -> 0.28207763 | AB23: =SUMIFS($N:$N,$A:$A,$X23,$B:$B,AB$2)/8760 -> 0.39497717 | AC23: =SUMIFS($N:$N,$A:$A,$X23,$B:$B,AC$2)/8760 -> 0.51175799 | AD23: =SUMIFS($N:$N,$A:$A,$X23,$B:$B,AD$2)/8760 -> 0.53139269 | AE23: =SUMIFS($N:$N,$A:$A,$X23,$B:$B,AE$2)/8760 -> 0.56038813 | AF23: =SUMIFS($N:$N,$A:$A,$X23,$B:$B,AF$2)/8760 -> 0.46449772
A24: 海南 | B24: 2016 | C24: =SUM(D24:G24) -> 464 | D24: 376 | E24: 72 | G24: 16 | H24: =SUM(I24:L24) -> 197 | I24: 176 | J24: 10 | L24: 11 | N24: 4679 | O24: 1423 | Q24: 6813 | R24: {=IFERROR(IF(H24>10,H24/C24*0.876,""),“”)} -> 0.37192241 | S24: {=IFERROR(IF(I24>10,I24/D24*0.876,""),“”)} -> 0.41004255 | T24: {=IFERROR(IF(J24>10,J24/E24*0.876,""),“”)} | U24: {=IFERROR(IF(K24>10,K24/F24*0.876,""),“”)} | V24: =IFERROR(IF((H24-J24)>10,(H24-J24)/(C24-E24)*0.876,""),"") -> 0.41788776 | X24: 海南 | Y24: 燃煤 | Z24: =SUMIFS($N:$N,$A:$A,$X24,$B:$B,Z$2)/8760 -> 0.53413242 | AA24: =SUMIFS($N:$N,$A:$A,$X24,$B:$B,AA$2)/8760 -> 0.52694064 | AB24: =SUMIFS($N:$N,$A:$A,$X24,$B:$B,AB$2)/8760 -> 0.5652968 | AC24: =SUMIFS($N:$N,$A:$A,$X24,$B:$B,AC$2)/8760 -> 0.56278539 | AD24: =SUMIFS($N:$N,$A:$A,$X24,$B:$B,AD$2)/8760 -> 0.56347032 | AE24: =SUMIFS($N:$N,$A:$A,$X24,$B:$B,AE$2)/8760 -> 0.58356164 | AF24: =SUMIFS($N:$N,$A:$A,$X24,$B:$B,AF$2)/8760 -> 0.52796804
A25: 重庆 | B25: 2016 | C25: =SUM(D25:G25) -> 1462 | D25: 1256 | E25: 162 | G25: 44 | H25: =SUM(I25:L25) -> 431 | I25: 371 | J25: 36 | L25: 24 | N25: 3425 | O25: 2198 | Q25: 5578 | R25: {=IFERROR(IF(H25>10,H25/C25*0.876,""),“”)} -> 0.25824624 | S25: {=IFERROR(IF(I25>10,I25/D25*0.876,""),“”)} -> 0.25875478 | T25: {=IFERROR(IF(J25>10,J25/E25*0.876,""),“”)} -> 0.19466667 | U25: {=IFERROR(IF(K25>10,K25/F25*0.876,""),“”)} | V25: =IFERROR(IF((H25-J25)>10,(H25-J25)/(C25-E25)*0.876,""),"") -> 0.26616923 | X25: 重庆 | Y25: 燃煤 | Z25: =SUMIFS($N:$N,$A:$A,$X25,$B:$B,Z$2)/8760 -> 0.39098174 | AA25: =SUMIFS($N:$N,$A:$A,$X25,$B:$B,AA$2)/8760 -> 0.34691781 | AB25: =SUMIFS($N:$N,$A:$A,$X25,$B:$B,AB$2)/8760 -> 0.40833333 | AC25: =SUMIFS($N:$N,$A:$A,$X25,$B:$B,AC$2)/8760 -> 0.4043379 | AD25: =SUMIFS($N:$N,$A:$A,$X25,$B:$B,AD$2)/8760 -> 0.3826484 | AE25: =SUMIFS($N:$N,$A:$A,$X25,$B:$B,AE$2)/8760 -> 0.49041096 | AF25: =SUMIFS($N:$N,$A:$A,$X25,$B:$B,AF$2)/8760 -> 0.54486301
A26: 四川 | B26: 2016 | C26: =SUM(D26:G26) -> 1642 | D26: 1399 | E26: 122 | G26: 121 | H26: =SUM(I26:L26) -> 349 | I26: 273 | J26: 22 | L26: 54 | N26: 1941 | O26: 1754 | Q26: 4904 | R26: {=IFERROR(IF(H26>10,H26/C26*0.876,""),“”)} -> 0.18619001 | S26: {=IFERROR(IF(I26>10,I26/D26*0.876,""),“”)} -> 0.1709421 | T26: {=IFERROR(IF(J26>10,J26/E26*0.876,""),“”)} -> 0.15796721 | U26: {=IFERROR(IF(K26>10,K26/F26*0.876,""),“”)} | V26: =IFERROR(IF((H26-J26)>10,(H26-J26)/(C26-E26)*0.876,""),"") -> 0.18845526 | X26: 四川 | Y26: 燃煤 | Z26: =SUMIFS($N:$N,$A:$A,$X26,$B:$B,Z$2)/8760 -> 0.22157534 | AA26: =SUMIFS($N:$N,$A:$A,$X26,$B:$B,AA$2)/8760 -> 0.2119863 | AB26: =SUMIFS($N:$N,$A:$A,$X26,$B:$B,AB$2)/8760 -> 0.28401826 | AC26: =SUMIFS($N:$N,$A:$A,$X26,$B:$B,AC$2)/8760 -> 0.32488584 | AD26: =SUMIFS($N:$N,$A:$A,$X26,$B:$B,AD$2)/8760 -> 0.33949772 | AE26: =SUMIFS($N:$N,$A:$A,$X26,$B:$B,AE$2)/8760 -> 0.42465753 | AF26: =SUMIFS($N:$N,$A:$A,$X26,$B:$B,AF$2)/8760 -> 0.48378995
A27: 贵州 | B27: 2016 | C27: =SUM(D27:G27) -> 3013 | D27: 3005 | G27: 8 | H27: =SUM(I27:L27) -> 1172 | I27: 1167 | L27: 5 | N27: 3982 | Q27: 5387 | R27: {=IFERROR(IF(H27>10,H27/C27*0.876,""),“”)} -> 0.34074743 | S27: {=IFERROR(IF(I27>10,I27/D27*0.876,""),“”)} -> 0.340197 | T27: {=IFERROR(IF(J27>10,J27/E27*0.876,""),“”)} | U27: {=IFERROR(IF(K27>10,K27/F27*0.876,""),“”)} | V27: =IFERROR(IF((H27-J27)>10,(H27-J27)/(C27-E27)*0.876,""),"") -> 0.34074743 | X27: 贵州 | Y27: 燃煤 | Z27: =SUMIFS($N:$N,$A:$A,$X27,$B:$B,Z$2)/8760 -> 0.45456621 | AA27: =SUMIFS($N:$N,$A:$A,$X27,$B:$B,AA$2)/8760 -> 0.44394977 | AB27: =SUMIFS($N:$N,$A:$A,$X27,$B:$B,AB$2)/8760 -> 0.44931507 | AC27: =SUMIFS($N:$N,$A:$A,$X27,$B:$B,AC$2)/8760 -> 0.48378995 | AD27: =SUMIFS($N:$N,$A:$A,$X27,$B:$B,AD$2)/8760 -> 0.44326484 | AE27: =SUMIFS($N:$N,$A:$A,$X27,$B:$B,AE$2)/8760 -> 0.48378995 | AF27: =SUMIFS($N:$N,$A:$A,$X27,$B:$B,AF$2)/8760 -> 0.46997717
A28: 云南 | B28: 2016 | C28: =SUM(D28:G28) -> 1612 | D28: 1301 | E28: 2 | G28: 309 | H28: =SUM(I28:L28) -> 252 | I28: 170 | J28: 0 | L28: 82 | N28: 1309 | O28: 4158 | Q28: 2897 | R28: {=IFERROR(IF(H28>10,H28/C28*0.876,""),“”)} -> 0.13694293 | S28: {=IFERROR(IF(I28>10,I28/D28*0.876,""),“”)} -> 0.1144658 | T28: {=IFERROR(IF(J28>10,J28/E28*0.876,""),“”)} | U28: {=IFERROR(IF(K28>10,K28/F28*0.876,""),“”)} | V28: =IFERROR(IF((H28-J28)>10,(H28-J28)/(C28-E28)*0.876,""),"") -> 0.13711304 | X28: 云南 | Y28: 燃煤 | Z28: =SUMIFS($N:$N,$A:$A,$X28,$B:$B,Z$2)/8760 -> 0.14942922 | AA28: =SUMIFS($N:$N,$A:$A,$X28,$B:$B,AA$2)/8760 -> 0.14646119 | AB28: =SUMIFS($N:$N,$A:$A,$X28,$B:$B,AB$2)/8760 -> 0.18253425 | AC28: =SUMIFS($N:$N,$A:$A,$X28,$B:$B,AC$2)/8760 -> 0.19577626 | AD28: =SUMIFS($N:$N,$A:$A,$X28,$B:$B,AD$2)/8760 -> 0.2793379 | AE28: =SUMIFS($N:$N,$A:$A,$X28,$B:$B,AE$2)/8760 -> 0.31084475 | AF28: =SUMIFS($N:$N,$A:$A,$X28,$B:$B,AF$2)/8760 -> 0.343379
A29: 西藏 | B29: 2016 | C29: =SUM(D29:G29) -> 41 | F29: 39 | G29: 2 | H29: =SUM(I29:L29) -> 0 | K29: 0 | P29: 82 | R29: {=IFERROR(IF(H29>10,H29/C29*0.876,""),“”)} | S29: {=IFERROR(IF(I29>10,I29/D29*0.876,""),“”)} | T29: {=IFERROR(IF(J29>10,J29/E29*0.876,""),“”)} | U29: {=IFERROR(IF(K29>10,K29/F29*0.876,""),“”)} | V29: =IFERROR(IF((H29-J29)>10,(H29-J29)/(C29-E29)*0.876,""),"") | X29: 西藏 | Y29: 燃煤 | Z29: =SUMIFS($N:$N,$A:$A,$X29,$B:$B,Z$2)/8760 -> 0 | AA29: =SUMIFS($N:$N,$A:$A,$X29,$B:$B,AA$2)/8760 -> 0 | AB29: =SUMIFS($N:$N,$A:$A,$X29,$B:$B,AB$2)/8760 -> 0 | AC29: =SUMIFS($N:$N,$A:$A,$X29,$B:$B,AC$2)/8760 -> 0 | AD29: =SUMIFS($N:$N,$A:$A,$X29,$B:$B,AD$2)/8760 -> 0 | AE29: =SUMIFS($N:$N,$A:$A,$X29,$B:$B,AE$2)/8760 -> 0 | AF29: =SUMIFS($N:$N,$A:$A,$X29,$B:$B,AF$2)/8760 -> 0
A30: 陕西 | B30: 2016 | C30: =SUM(D30:G30) -> 3043 | D30: 2997 | G30: 46 | H30: =SUM(I30:L30) -> 1346 | I30: 1331 | L30: 15 | N30: 4499 | Q30: 3802 | R30: {=IFERROR(IF(H30>10,H30/C30*0.876,""),“”)} -> 0.38747815 | S30: {=IFERROR(IF(I30>10,I30/D30*0.876,""),“”)} -> 0.38904104 | T30: {=IFERROR(IF(J30>10,J30/E30*0.876,""),“”)} | U30: {=IFERROR(IF(K30>10,K30/F30*0.876,""),“”)} | V30: =IFERROR(IF((H30-J30)>10,(H30-J30)/(C30-E30)*0.876,""),"") -> 0.38747815 | X30: 陕西 | Y30: 燃煤 | Z30: =SUMIFS($N:$N,$A:$A,$X30,$B:$B,Z$2)/8760 -> 0.51358447 | AA30: =SUMIFS($N:$N,$A:$A,$X30,$B:$B,AA$2)/8760 -> 0.53835616 | AB30: =SUMIFS($N:$N,$A:$A,$X30,$B:$B,AB$2)/8760 -> 0.50753425 | AC30: =SUMIFS($N:$N,$A:$A,$X30,$B:$B,AC$2)/8760 -> 0.50068493 | AD30: =SUMIFS($N:$N,$A:$A,$X30,$B:$B,AD$2)/8760 -> 0.48242009 | AE30: =SUMIFS($N:$N,$A:$A,$X30,$B:$B,AE$2)/8760 -> 0.53139269 | AF30: =SUMIFS($N:$N,$A:$A,$X30,$B:$B,AF$2)/8760 -> 0.54942922
A31: 甘肃 | B31: 2016 | C31: =SUM(D31:G31) -> 2002 | D31: 1966 | E31: 7 | G31: 29 | H31: =SUM(I31:L31) -> 699 | I31: 694 | J31: 0 | L31: 5 | N31: 3644 | O31: 479 | Q31: 1911 | R31: {=IFERROR(IF(H31>10,H31/C31*0.876,""),“”)} -> 0.30585614 | S31: {=IFERROR(IF(I31>10,I31/D31*0.876,""),“”)} -> 0.30922889 | T31: {=IFERROR(IF(J31>10,J31/E31*0.876,""),“”)} | U31: {=IFERROR(IF(K31>10,K31/F31*0.876,""),“”)} | V31: =IFERROR(IF((H31-J31)>10,(H31-J31)/(C31-E31)*0.876,""),"") -> 0.30692932 | X31: 甘肃 | Y31: 燃煤 | Z31: =SUMIFS($N:$N,$A:$A,$X31,$B:$B,Z$2)/8760 -> 0.41598174 | AA31: =SUMIFS($N:$N,$A:$A,$X31,$B:$B,AA$2)/8760 -> 0.40296804 | AB31: =SUMIFS($N:$N,$A:$A,$X31,$B:$B,AB$2)/8760 -> 0.48070776 | AC31: =SUMIFS($N:$N,$A:$A,$X31,$B:$B,AC$2)/8760 -> 0.4847032 | AD31: =SUMIFS($N:$N,$A:$A,$X31,$B:$B,AD$2)/8760 -> 0.52009132 | AE31: =SUMIFS($N:$N,$A:$A,$X31,$B:$B,AE$2)/8760 -> 0.56655251 | AF31: =SUMIFS($N:$N,$A:$A,$X31,$B:$B,AF$2)/8760 -> 0.58378995
A32: 青海 | B32: 2016 | C32: =SUM(D32:G32) -> 403 | D32: 370 | E32: 33 | H32: =SUM(I32:L32) -> 151 | I32: 150 | J32: 1 | K32: 0 | N32: 4362 | O32: 190 | R32: {=IFERROR(IF(H32>10,H32/C32*0.876,""),“”)} -> 0.32822829 | S32: {=IFERROR(IF(I32>10,I32/D32*0.876,""),“”)} -> 0.35513514 | T32: {=IFERROR(IF(J32>10,J32/E32*0.876,""),“”)} | U32: {=IFERROR(IF(K32>10,K32/F32*0.876,""),“”)} | V32: =IFERROR(IF((H32-J32)>10,(H32-J32)/(C32-E32)*0.876,""),"") -> 0.35513514 | X32: 青海 | Y32: 燃煤 | Z32: =SUMIFS($N:$N,$A:$A,$X32,$B:$B,Z$2)/8760 -> 0.49794521 | AA32: =SUMIFS($N:$N,$A:$A,$X32,$B:$B,AA$2)/8760 -> 0.493379 | AB32: =SUMIFS($N:$N,$A:$A,$X32,$B:$B,AB$2)/8760 -> 0.36027397 | AC32: =SUMIFS($N:$N,$A:$A,$X32,$B:$B,AC$2)/8760 -> 0.30422374 | AD32: =SUMIFS($N:$N,$A:$A,$X32,$B:$B,AD$2)/8760 -> 0.30342466 | AE32: =SUMIFS($N:$N,$A:$A,$X32,$B:$B,AE$2)/8760 -> 0.43299087 | AF32: =SUMIFS($N:$N,$A:$A,$X32,$B:$B,AF$2)/8760 -> 0.4652968
A33: 宁夏 | B33: 2016 | C33: =SUM(D33:G33) -> 2164 | D33: 2008 | E33: 81 | G33: 75 | H33: =SUM(I33:L33) -> 989 | I33: 943 | J33: 15 | L33: 31 | N33: 5045 | O33: 1813 | Q33: 4737 | R33: {=IFERROR(IF(H33>10,H33/C33*0.876,""),“”)} -> 0.40035305 | S33: {=IFERROR(IF(I33>10,I33/D33*0.876,""),“”)} -> 0.41138845 | T33: {=IFERROR(IF(J33>10,J33/E33*0.876,""),“”)} -> 0.16222222 | U33: {=IFERROR(IF(K33>10,K33/F33*0.876,""),“”)} | V33: =IFERROR(IF((H33-J33)>10,(H33-J33)/(C33-E33)*0.876,""),"") -> 0.40961306 | X33: 宁夏 | Y33: 燃煤 | Z33: =SUMIFS($N:$N,$A:$A,$X33,$B:$B,Z$2)/8760 -> 0.57591324 | AA33: =SUMIFS($N:$N,$A:$A,$X33,$B:$B,AA$2)/8760 -> 0.59109589 | AB33: =SUMIFS($N:$N,$A:$A,$X33,$B:$B,AB$2)/8760 -> 0.56324201 | AC33: =SUMIFS($N:$N,$A:$A,$X33,$B:$B,AC$2)/8760 -> 0.53184932 | AD33: =SUMIFS($N:$N,$A:$A,$X33,$B:$B,AD$2)/8760 -> 0.51050228 | AE33: =SUMIFS($N:$N,$A:$A,$X33,$B:$B,AE$2)/8760 -> 0.51917808 | AF33: =SUMIFS($N:$N,$A:$A,$X33,$B:$B,AF$2)/8760 -> 0.57191781
A34: 新疆 | B34: 2016 | C34: =SUM(D34:G34) -> 4775 | D34: 4642 | E34: 68 | G34: 65 | H34: =SUM(I34:L34) -> 2194 | I34: 2149 | J34: 17 | L34: 28 | N34: 4780 | O34: 3794 | Q34: 4638 | R34: {=IFERROR(IF(H34>10,H34/C34*0.876,""),“”)} -> 0.40250136 | S34: {=IFERROR(IF(I34>10,I34/D34*0.876,""),“”)} -> 0.40554158 | T34: {=IFERROR(IF(J34>10,J34/E34*0.876,""),“”)} -> 0.219 | U34: {=IFERROR(IF(K34>10,K34/F34*0.876,""),“”)} | V34: =IFERROR(IF((H34-J34)>10,(H34-J34)/(C34-E34)*0.876,""),"") -> 0.40515233 | X34: 新疆 | Y34: 燃煤 | Z34: =SUMIFS($N:$N,$A:$A,$X34,$B:$B,Z$2)/8760 -> 0.5456621 | AA34: =SUMIFS($N:$N,$A:$A,$X34,$B:$B,AA$2)/8760 -> 0.54292237 | AB34: =SUMIFS($N:$N,$A:$A,$X34,$B:$B,AB$2)/8760 -> 0.53515982 | AC34: =SUMIFS($N:$N,$A:$A,$X34,$B:$B,AC$2)/8760 -> 0.58515982 | AD34: =SUMIFS($N:$N,$A:$A,$X34,$B:$B,AD$2)/8760 -> 0.60776256 | AE34: =SUMIFS($N:$N,$A:$A,$X34,$B:$B,AE$2)/8760 -> 0.58926941 | AF34: =SUMIFS($N:$N,$A:$A,$X34,$B:$B,AF$2)/8760 -> 0.59520548
A35: 全国 | B35: 2017 | C35: =SUM(D35:G35) -> 110495 | D35: 98130 | E35: 7570 | F35: 197 | G35: 4598 | H35: =SUM(I35:L35) -> 45558 | I35: 41498 | J35: 2028 | K35: 27 | L35: 2005 | N35: 4312 | O35: 2761 | P35: 1379 | Q35: 4760 | R35: {=IFERROR(IF(H35>10,H35/C35*0.876,""),“”)} -> 0.36118203 | S35: {=IFERROR(IF(I35>10,I35/D35*0.876,""),“”)} -> 0.37044989 | T35: {=IFERROR(IF(J35>10,J35/E35*0.876,""),“”)} -> 0.23468005 | U35: {=IFERROR(IF(K35>10,K35/F35*0.876,""),“”)} -> 0.12006091 | V35: =IFERROR(IF((H35-J35)>10,(H35-J35)/(C35-E35)*0.876,""),"") -> 0.37048608 | X35: 全国 | Y35: 燃气 | Z35: =SUMIFS($O:$O,$A:$A,$X35,$B:$B,Z$2)/8760 -> 0.30833333 | AA35: =SUMIFS($O:$O,$A:$A,$X35,$B:$B,AA$2)/8760 -> 0.31518265 | AB35: =SUMIFS($O:$O,$A:$A,$X35,$B:$B,AB$2)/8760 -> 0.31586758 | AC35: =SUMIFS($O:$O,$A:$A,$X35,$B:$B,AC$2)/8760 -> 0.30205479 | AD35: =SUMIFS($O:$O,$A:$A,$X35,$B:$B,AD$2)/8760 -> 0.29794521 | AE35: =SUMIFS($O:$O,$A:$A,$X35,$B:$B,AE$2)/8760 -> 0.30684932 | AF35: =SUMIFS($O:$O,$A:$A,$X35,$B:$B,AF$2)/8760 -> 0.27694064
A36: 北京 | B36: 2017 | C36: =SUM(D36:G36) -> 1077 | D36: 85 | E36: 950 | F36: 22 | G36: 20 | H36: =SUM(I36:L36) -> 377 | I36: 13 | J36: 347 | K36: 4 | L36: 13 | N36: 1585 | O36: 3956 | P36: 1870 | Q36: 6178 | R36: {=IFERROR(IF(H36>10,H36/C36*0.876,""),“”)} -> 0.30664067 | S36: {=IFERROR(IF(I36>10,I36/D36*0.876,""),“”)} -> 0.13397647 | T36: {=IFERROR(IF(J36>10,J36/E36*0.876,""),“”)} -> 0.31997053 | U36: {=IFERROR(IF(K36>10,K36/F36*0.876,""),“”)} | V36: =IFERROR(IF((H36-J36)>10,(H36-J36)/(C36-E36)*0.876,""),"") -> 0.20692913 | X36: 北京 | Y36: 燃气 | Z36: =SUMIFS($O:$O,$A:$A,$X36,$B:$B,Z$2)/8760 -> 0.49908676 | AA36: =SUMIFS($O:$O,$A:$A,$X36,$B:$B,AA$2)/8760 -> 0.45159817 | AB36: =SUMIFS($O:$O,$A:$A,$X36,$B:$B,AB$2)/8760 -> 0.46586758 | AC36: =SUMIFS($O:$O,$A:$A,$X36,$B:$B,AC$2)/8760 -> 0.4663242 | AD36: =SUMIFS($O:$O,$A:$A,$X36,$B:$B,AD$2)/8760 -> 0.45365297 | AE36: =SUMIFS($O:$O,$A:$A,$X36,$B:$B,AE$2)/8760 -> 0.4619863 | AF36: =SUMIFS($O:$O,$A:$A,$X36,$B:$B,AF$2)/8760 -> 0.46141553
A37: 天津 | B37: 2017 | C37: =SUM(D37:G37) -> 1403 | D37: 1072 | E37: 304 | G37: 27 | H37: =SUM(I37:L37) -> 584 | I37: 467 | J37: 106 | L37: 11 | N37: 4328 | O37: 3482 | Q37: 4394 | R37: {=IFERROR(IF(H37>10,H37/C37*0.876,""),“”)} -> 0.36463578 | S37: {=IFERROR(IF(I37>10,I37/D37*0.876,""),“”)} -> 0.38161567 | T37: {=IFERROR(IF(J37>10,J37/E37*0.876,""),“”)} -> 0.30544737 | U37: {=IFERROR(IF(K37>10,K37/F37*0.876,""),“”)} | V37: =IFERROR(IF((H37-J37)>10,(H37-J37)/(C37-E37)*0.876,""),"") -> 0.38100819 | X37: 天津 | Y37: 燃气 | Z37: =SUMIFS($O:$O,$A:$A,$X37,$B:$B,Z$2)/8760 -> 0.45673516 | AA37: =SUMIFS($O:$O,$A:$A,$X37,$B:$B,AA$2)/8760 -> 0.39748858 | AB37: =SUMIFS($O:$O,$A:$A,$X37,$B:$B,AB$2)/8760 -> 0.39691781 | AC37: =SUMIFS($O:$O,$A:$A,$X37,$B:$B,AC$2)/8760 -> 0.35285388 | AD37: =SUMIFS($O:$O,$A:$A,$X37,$B:$B,AD$2)/8760 -> 0.3923516 | AE37: =SUMIFS($O:$O,$A:$A,$X37,$B:$B,AE$2)/8760 -> 0.29920091 | AF37: =SUMIFS($O:$O,$A:$A,$X37,$B:$B,AF$2)/8760 -> 0.26860731
A38: 河北 | B38: 2017 | C38: =SUM(D38:G38) -> 4574 | D38: 4282 | E38: 3 | G38: 289 | H38: =SUM(I38:L38) -> 2295.4 | I38: 2194 | J38: 0.4 | L38: 101 | N38: 5148 | O38: 880 | Q38: 3663 | R38: {=IFERROR(IF(H38>10,H38/C38*0.876,""),“”)} -> 0.43960875 | S38: {=IFERROR(IF(I38>10,I38/D38*0.876,""),“”)} -> 0.4488426 | T38: {=IFERROR(IF(J38>10,J38/E38*0.876,""),“”)} | U38: {=IFERROR(IF(K38>10,K38/F38*0.876,""),“”)} | V38: =IFERROR(IF((H38-J38)>10,(H38-J38)/(C38-E38)*0.876,""),"") -> 0.43982061 | X38: 河北 | Y38: 燃气 | Z38: =SUMIFS($O:$O,$A:$A,$X38,$B:$B,Z$2)/8760 -> 0.074315068 | AA38: =SUMIFS($O:$O,$A:$A,$X38,$B:$B,AA$2)/8760 -> 0.10045662 | AB38: =SUMIFS($O:$O,$A:$A,$X38,$B:$B,AB$2)/8760 -> 0.014269406 | AC38: =SUMIFS($O:$O,$A:$A,$X38,$B:$B,AC$2)/8760 -> 0 | AD38: =SUMIFS($O:$O,$A:$A,$X38,$B:$B,AD$2)/8760 -> 0.13196347 | AE38: =SUMIFS($O:$O,$A:$A,$X38,$B:$B,AE$2)/8760 -> 0.13082192 | AF38: =SUMIFS($O:$O,$A:$A,$X38,$B:$B,AF$2)/8760 -> 0.21986301
A39: 山西 | B39: 2017 | C39: =SUM(D39:G39) -> 6367 | D39: 5887 | E39: 291 | G39: 189 | H39: =SUM(I39:L39) -> 2502 | I39: 2335 | J39: 110 | L39: 57 | N39: 4027 | O39: 3912 | Q39: 3126 | R39: {=IFERROR(IF(H39>10,H39/C39*0.876,""),“”)} -> 0.34423622 | S39: {=IFERROR(IF(I39>10,I39/D39*0.876,""),“”)} -> 0.34745371 | T39: {=IFERROR(IF(J39>10,J39/E39*0.876,""),“”)} -> 0.33113402 | U39: {=IFERROR(IF(K39>10,K39/F39*0.876,""),“”)} | V39: =IFERROR(IF((H39-J39)>10,(H39-J39)/(C39-E39)*0.876,""),"") -> 0.34486373 | X39: 山西 | Y39: 燃气 | Z39: =SUMIFS($O:$O,$A:$A,$X39,$B:$B,Z$2)/8760 -> 0.39589041 | AA39: =SUMIFS($O:$O,$A:$A,$X39,$B:$B,AA$2)/8760 -> 0.44657534 | AB39: =SUMIFS($O:$O,$A:$A,$X39,$B:$B,AB$2)/8760 -> 0.3880137 | AC39: =SUMIFS($O:$O,$A:$A,$X39,$B:$B,AC$2)/8760 -> 0.3890411 | AD39: =SUMIFS($O:$O,$A:$A,$X39,$B:$B,AD$2)/8760 -> 0.38732877 | AE39: =SUMIFS($O:$O,$A:$A,$X39,$B:$B,AE$2)/8760 -> 0.36347032 | AF39: =SUMIFS($O:$O,$A:$A,$X39,$B:$B,AF$2)/8760 -> 0.34691781
A40: 内蒙古 | B40: 2017 | C40: =SUM(D40:G40) -> 8170 | D40: 8103 | E40: 42 | G40: 25 | H40: =SUM(I40:L40) -> 3736.5 | I40: 3726 | J40: 0.5 | L40: 10 | N40: 4653 | O40: 101 | Q40: 4043 | R40: {=IFERROR(IF(H40>10,H40/C40*0.876,""),“”)} -> 0.40063329 | S40: {=IFERROR(IF(I40>10,I40/D40*0.876,""),“”)} -> 0.40281081 | T40: {=IFERROR(IF(J40>10,J40/E40*0.876,""),“”)} | U40: {=IFERROR(IF(K40>10,K40/F40*0.876,""),“”)} | V40: =IFERROR(IF((H40-J40)>10,(H40-J40)/(C40-E40)*0.876,""),"") -> 0.40264961 | X40: 内蒙古 | Y40: 燃气 | Z40: =SUMIFS($O:$O,$A:$A,$X40,$B:$B,Z$2)/8760 -> 0.013242009 | AA40: =SUMIFS($O:$O,$A:$A,$X40,$B:$B,AA$2)/8760 -> 0.01152968 | AB40: =SUMIFS($O:$O,$A:$A,$X40,$B:$B,AB$2)/8760 -> 0.010159817 | AC40: =SUMIFS($O:$O,$A:$A,$X40,$B:$B,AC$2)/8760 -> 0.0090182648 | AD40: =SUMIFS($O:$O,$A:$A,$X40,$B:$B,AD$2)/8760 -> 0.44771689 | AE40: =SUMIFS($O:$O,$A:$A,$X40,$B:$B,AE$2)/8760 -> 0.35605023 | AF40: =SUMIFS($O:$O,$A:$A,$X40,$B:$B,AF$2)/8760 -> 0.032762557
A41: 辽宁 | B41: 2017 | C41: =SUM(D41:G41) -> 3193 | D41: 3093 | E41: 5 | F41: 15 | G41: 80 | H41: =SUM(I41:L41) -> 1348 | I41: 1306 | J41: 1 | K41: 5 | L41: 36 | N41: 4244 | O41: 2308 | P41: 3404 | Q41: 4797 | R41: {=IFERROR(IF(H41>10,H41/C41*0.876,""),“”)} -> 0.36982399 | S41: {=IFERROR(IF(I41>10,I41/D41*0.876,""),“”)} -> 0.36988555 | T41: {=IFERROR(IF(J41>10,J41/E41*0.876,""),“”)} | U41: {=IFERROR(IF(K41>10,K41/F41*0.876,""),“”)} | V41: =IFERROR(IF((H41-J41)>10,(H41-J41)/(C41-E41)*0.876,""),"") -> 0.37012923 | X41: 辽宁 | Y41: 燃气 | Z41: =SUMIFS($O:$O,$A:$A,$X41,$B:$B,Z$2)/8760 -> 0.22751142 | AA41: =SUMIFS($O:$O,$A:$A,$X41,$B:$B,AA$2)/8760 -> 0.26347032 | AB41: =SUMIFS($O:$O,$A:$A,$X41,$B:$B,AB$2)/8760 -> 0.41541096 | AC41: =SUMIFS($O:$O,$A:$A,$X41,$B:$B,AC$2)/8760 -> 0.61940639 | AD41: =SUMIFS($O:$O,$A:$A,$X41,$B:$B,AD$2)/8760 -> 0.5543379 | AE41: =SUMIFS($O:$O,$A:$A,$X41,$B:$B,AE$2)/8760 -> 0.5989726 | AF41: =SUMIFS($O:$O,$A:$A,$X41,$B:$B,AF$2)/8760 -> 0.49589041
A42: 吉林 | B42: 2017 | C42: =SUM(D42:G42) -> 1819.5 | D42: 1728 | E42: 0.5 | G42: 91 | H42: =SUM(I42:L42) -> 606 | I42: 568 | J42: 0. 1 | L42: 38 | N42: 3362 | Q42: 4246 | R42: {=IFERROR(IF(H42>10,H42/C42*0.876,""),“”)} -> 0.29175927 | S42: {=IFERROR(IF(I42>10,I42/D42*0.876,""),“”)} -> 0.28794444 | T42: {=IFERROR(IF(J42>10,J42/E42*0.876,""),“”)} -> #NAME? | U42: {=IFERROR(IF(K42>10,K42/F42*0.876,""),“”)} | V42: =IFERROR(IF((H42-J42)>10,(H42-J42)/(C42-E42)*0.876,""),"") | X42: 吉林 | Y42: 燃气 | Z42: =SUMIFS($O:$O,$A:$A,$X42,$B:$B,Z$2)/8760 -> 0 | AA42: =SUMIFS($O:$O,$A:$A,$X42,$B:$B,AA$2)/8760 -> 0 | AB42: =SUMIFS($O:$O,$A:$A,$X42,$B:$B,AB$2)/8760 -> 0 | AC42: =SUMIFS($O:$O,$A:$A,$X42,$B:$B,AC$2)/8760 -> 0.053424658 | AD42: =SUMIFS($O:$O,$A:$A,$X42,$B:$B,AD$2)/8760 -> 0.0082191781 | AE42: =SUMIFS($O:$O,$A:$A,$X42,$B:$B,AE$2)/8760 -> 0.22773973 | AF42: =SUMIFS($O:$O,$A:$A,$X42,$B:$B,AF$2)/8760 -> 0.30159817
A43: 黑龙江 | B43: 2017 | C43: =SUM(D43:G43) -> 2202 | D43: 2078 | E43: 12 | F43: 2 | G43: 110 | H43: =SUM(I43:L43) -> 815.3 | I43: 762 | J43: 2 | K43: 0.3 | L43: 51 | N43: 3829 | O43: 1899 | P43: 1347 | Q43: 4850 | R43: {=IFERROR(IF(H43>10,H43/C43*0.876,""),“”)} -> 0.32434278 | S43: {=IFERROR(IF(I43>10,I43/D43*0.876,""),“”)} -> 0.3212281 | T43: {=IFERROR(IF(J43>10,J43/E43*0.876,""),“”)} | U43: {=IFERROR(IF(K43>10,K43/F43*0.876,""),“”)} | V43: =IFERROR(IF((H43-J43)>10,(H43-J43)/(C43-E43)*0.876,""),"") -> 0.32532 | X43: 黑龙江 | Y43: 燃气 | Z43: =SUMIFS($O:$O,$A:$A,$X43,$B:$B,Z$2)/8760 -> 0.31678082 | AA43: =SUMIFS($O:$O,$A:$A,$X43,$B:$B,AA$2)/8760 -> 0.21678082 | AB43: =SUMIFS($O:$O,$A:$A,$X43,$B:$B,AB$2)/8760 -> 0.3163242 | AC43: =SUMIFS($O:$O,$A:$A,$X43,$B:$B,AC$2)/8760 -> 0.30787671 | AD43: =SUMIFS($O:$O,$A:$A,$X43,$B:$B,AD$2)/8760 -> 0.31084475 | AE43: =SUMIFS($O:$O,$A:$A,$X43,$B:$B,AE$2)/8760 -> 0.3423516 | AF43: =SUMIFS($O:$O,$A:$A,$X43,$B:$B,AF$2)/8760 -> 0.3739726
A44: 上海 | B44: 2017 | C44: =SUM(D44:G44) -> 2270 | D44: 1509 | E44: 573 | F44: 86 | G44: 102 | H44: =SUM(I44:L44) -> 846 | I44: 680 | J44: 110 | K44: 1 | L44: 55 | N44: 4507 | O44: 1918 | P44: 145 | Q44: 5456 | R44: {=IFERROR(IF(H44>10,H44/C44*0.876,""),“”)} -> 0.32647401 | S44: {=IFERROR(IF(I44>10,I44/D44*0.876,""),“”)} -> 0.39475149 | T44: {=IFERROR(IF(J44>10,J44/E44*0.876,""),“”)} -> 0.16816754 | U44: {=IFERROR(IF(K44>10,K44/F44*0.876,""),“”)} | V44: =IFERROR(IF((H44-J44)>10,(H44-J44)/(C44-E44)*0.876,""),"") -> 0.37992693 | X44: 上海 | Y44: 燃气 | Z44: =SUMIFS($O:$O,$A:$A,$X44,$B:$B,Z$2)/8760 -> 0.20525114 | AA44: =SUMIFS($O:$O,$A:$A,$X44,$B:$B,AA$2)/8760 -> 0.21894977 | AB44: =SUMIFS($O:$O,$A:$A,$X44,$B:$B,AB$2)/8760 -> 0.22968037 | AC44: =SUMIFS($O:$O,$A:$A,$X44,$B:$B,AC$2)/8760 -> 0.21289954 | AD44: =SUMIFS($O:$O,$A:$A,$X44,$B:$B,AD$2)/8760 -> 0.22739726 | AE44: =SUMIFS($O:$O,$A:$A,$X44,$B:$B,AE$2)/8760 -> 0.22465753 | AF44: =SUMIFS($O:$O,$A:$A,$X44,$B:$B,AF$2)/8760 -> 0.20045662
A45: 江苏 | B45: 2017 | C45: =SUM(D45:G45) -> 9429 | D45: 7741 | E45: 1348 | G45: 340 | H45: =SUM(I45:L45) -> 4481 | I45: 3823 | J45: 449 | L45: 209 | N45: 5048 | O45: 3666 | Q45: 6300 | R45: {=IFERROR(IF(H45>10,H45/C45*0.876,""),“”)} -> 0.41630671 | S45: {=IFERROR(IF(I45>10,I45/D45*0.876,""),“”)} -> 0.43262473 | T45: {=IFERROR(IF(J45>10,J45/E45*0.876,""),“”)} -> 0.29178338 | U45: {=IFERROR(IF(K45>10,K45/F45*0.876,""),“”)} | V45: =IFERROR(IF((H45-J45)>10,(H45-J45)/(C45-E45)*0.876,""),"") -> 0.43707858 | X45: 江苏 | Y45: 燃气 | Z45: =SUMIFS($O:$O,$A:$A,$X45,$B:$B,Z$2)/8760 -> 0.36563927 | AA45: =SUMIFS($O:$O,$A:$A,$X45,$B:$B,AA$2)/8760 -> 0.41849315 | AB45: =SUMIFS($O:$O,$A:$A,$X45,$B:$B,AB$2)/8760 -> 0.41974886 | AC45: =SUMIFS($O:$O,$A:$A,$X45,$B:$B,AC$2)/8760 -> 0.38710046 | AD45: =SUMIFS($O:$O,$A:$A,$X45,$B:$B,AD$2)/8760 -> 0.33493151 | AE45: =SUMIFS($O:$O,$A:$A,$X45,$B:$B,AE$2)/8760 -> 0.29805936 | AF45: =SUMIFS($O:$O,$A:$A,$X45,$B:$B,AF$2)/8760 -> 0.27773973
A46: 浙江 | B46: 2017 | C46: =SUM(D46:G46) -> 6134 | D46: 4663 | E46: 1230 | F46: 6 | G46: 235 | H46: =SUM(I46:L46) -> 2543 | I46: 2268 | J46: 153 | K46: 0. 02 | L46: 122 | N46: 4876 | O46: 1239 | Q46: 5603 | R46: {=IFERROR(IF(H46>10,H46/C46*0.876,""),“”)} -> 0.36316726 | S46: {=IFERROR(IF(I46>10,I46/D46*0.876,""),“”)} -> 0.42607077 | T46: {=IFERROR(IF(J46>10,J46/E46*0.876,""),“”)} -> 0.10896585 | U46: {=IFERROR(IF(K46>10,K46/F46*0.876,""),“”)} -> #NAME? | V46: =IFERROR(IF((H46-J46)>10,(H46-J46)/(C46-E46)*0.876,""),"") -> 0.42692496 | X46: 浙江 | Y46: 燃气 | Z46: =SUMIFS($O:$O,$A:$A,$X46,$B:$B,Z$2)/8760 -> 0.14497717 | AA46: =SUMIFS($O:$O,$A:$A,$X46,$B:$B,AA$2)/8760 -> 0.14143836 | AB46: =SUMIFS($O:$O,$A:$A,$X46,$B:$B,AB$2)/8760 -> 0.14280822 | AC46: =SUMIFS($O:$O,$A:$A,$X46,$B:$B,AC$2)/8760 -> 0.13961187 | AD46: =SUMIFS($O:$O,$A:$A,$X46,$B:$B,AD$2)/8760 -> 0.14691781 | AE46: =SUMIFS($O:$O,$A:$A,$X46,$B:$B,AE$2)/8760 -> 0.21552511 | AF46: =SUMIFS($O:$O,$A:$A,$X46,$B:$B,AF$2)/8760 -> 0.20410959
A47: 安徽 | B47: 2017 | C47: =SUM(D47:G47) -> 5053 | D47: 4760 | E47: 12 | G47: 281 | H47: =SUM(I47:L47) -> 2311 | I47: 2151 | J47: 5 | L47: 155 | N47: 4527 | O47: 1586 | Q47: 5875 | R47: {=IFERROR(IF(H47>10,H47/C47*0.876,""),“”)} -> 0.40064041 | S47: {=IFERROR(IF(I47>10,I47/D47*0.876,""),“”)} -> 0.3958563 | T47: {=IFERROR(IF(J47>10,J47/E47*0.876,""),“”)} | U47: {=IFERROR(IF(K47>10,K47/F47*0.876,""),“”)} | V47: =IFERROR(IF((H47-J47)>10,(H47-J47)/(C47-E47)*0.876,""),"") -> 0.40072525 | X47: 安徽 | Y47: 燃气 | Z47: =SUMIFS($O:$O,$A:$A,$X47,$B:$B,Z$2)/8760 -> 0.44326484 | AA47: =SUMIFS($O:$O,$A:$A,$X47,$B:$B,AA$2)/8760 -> 0.18105023 | AB47: =SUMIFS($O:$O,$A:$A,$X47,$B:$B,AB$2)/8760 -> 0.25582192 | AC47: =SUMIFS($O:$O,$A:$A,$X47,$B:$B,AC$2)/8760 -> 0.11712329 | AD47: =SUMIFS($O:$O,$A:$A,$X47,$B:$B,AD$2)/8760 -> 0.075 | AE47: =SUMIFS($O:$O,$A:$A,$X47,$B:$B,AE$2)/8760 -> 0.083561644 | AF47: =SUMIFS($O:$O,$A:$A,$X47,$B:$B,AF$2)/8760 -> 0.044748858
A48: 福建 | B48: 2017 | C48: =SUM(D48:G48) -> 3074 | D48: 2545 | E48: 390 | F48: 1 | G48: 138 | H48: =SUM(I48:L48) -> 1139.04 | I48: 1007 | J48: 60 | K48: 0.04 | L48: 72 | N48: 4121 | O48: 1642 | Q48: 5739 | R48: {=IFERROR(IF(H48>10,H48/C48*0.876,""),“”)} -> 0.32459305 | S48: {=IFERROR(IF(I48>10,I48/D48*0.876,""),“”)} -> 0.34661375 | T48: {=IFERROR(IF(J48>10,J48/E48*0.876,""),“”)} -> 0.13476923 | U48: {=IFERROR(IF(K48>10,K48/F48*0.876,""),“”)} | V48: =IFERROR(IF((H48-J48)>10,(H48-J48)/(C48-E48)*0.876,""),"") -> 0.3521755 | X48: 福建 | Y48: 燃气 | Z48: =SUMIFS($O:$O,$A:$A,$X48,$B:$B,Z$2)/8760 -> 0.19863014 | AA48: =SUMIFS($O:$O,$A:$A,$X48,$B:$B,AA$2)/8760 -> 0.18744292 | AB48: =SUMIFS($O:$O,$A:$A,$X48,$B:$B,AB$2)/8760 -> 0.1869863 | AC48: =SUMIFS($O:$O,$A:$A,$X48,$B:$B,AC$2)/8760 -> 0.19394977 | AD48: =SUMIFS($O:$O,$A:$A,$X48,$B:$B,AD$2)/8760 -> 0.18584475 | AE48: =SUMIFS($O:$O,$A:$A,$X48,$B:$B,AE$2)/8760 -> 0.19520548 | AF48: =SUMIFS($O:$O,$A:$A,$X48,$B:$B,AF$2)/8760 -> 0.16586758
A49: 江西 | B49: 2017 | C49: =SUM(D49:G49) -> 1933 | D49: 1721 | E49: 10 | G49: 202 | H49: =SUM(I49:L49) -> 967 | I49: 842 | J49: 5 | L49: 120 | N49: 4893 | O49: 4779 | Q49: 6214 | R49: {=IFERROR(IF(H49>10,H49/C49*0.876,""),“”)} -> 0.43822659 | S49: {=IFERROR(IF(I49>10,I49/D49*0.876,""),“”)} -> 0.42858338 | T49: {=IFERROR(IF(J49>10,J49/E49*0.876,""),“”)} | U49: {=IFERROR(IF(K49>10,K49/F49*0.876,""),“”)} | V49: =IFERROR(IF((H49-J49)>10,(H49-J49)/(C49-E49)*0.876,""),"") -> 0.43822777 | X49: 江西 | Y49: 燃气 | Z49: =SUMIFS($O:$O,$A:$A,$X49,$B:$B,Z$2)/8760 -> 0.52545662 | AA49: =SUMIFS($O:$O,$A:$A,$X49,$B:$B,AA$2)/8760 -> 0.54554795 | AB49: =SUMIFS($O:$O,$A:$A,$X49,$B:$B,AB$2)/8760 -> 0.55228311 | AC49: =SUMIFS($O:$O,$A:$A,$X49,$B:$B,AC$2)/8760 -> 0.47671233 | AD49: =SUMIFS($O:$O,$A:$A,$X49,$B:$B,AD$2)/8760 -> 0.32031963 | AE49: =SUMIFS($O:$O,$A:$A,$X49,$B:$B,AE$2)/8760 -> 0.56164384 | AF49: =SUMIFS($O:$O,$A:$A,$X49,$B:$B,AF$2)/8760 -> 0.15479452
A50: 山东 | B50: 2017 | C50: =SUM(D50:G50) -> 10334 | D50: 9762 | E50: 5 | G50: 567 | H50: =SUM(I50:L50) -> 4614 | I50: 4378 | J50: 1 | L50: 235 | N50: 4676 | O50: 4024 | Q50: 4375 | R50: {=IFERROR(IF(H50>10,H50/C50*0.876,""),“”)} -> 0.3911229 | S50: {=IFERROR(IF(I50>10,I50/D50*0.876,""),“”)} -> 0.39286294 | T50: {=IFERROR(IF(J50>10,J50/E50*0.876,""),“”)} | U50: {=IFERROR(IF(K50>10,K50/F50*0.876,""),“”)} | V50: =IFERROR(IF((H50-J50)>10,(H50-J50)/(C50-E50)*0.876,""),"") -> 0.39122742 | X50: 山东 | Y50: 燃气 | Z50: =SUMIFS($O:$O,$A:$A,$X50,$B:$B,Z$2)/8760 -> 0.74178082 | AA50: =SUMIFS($O:$O,$A:$A,$X50,$B:$B,AA$2)/8760 -> 0.45936073 | AB50: =SUMIFS($O:$O,$A:$A,$X50,$B:$B,AB$2)/8760 -> 0.38013699 | AC50: =SUMIFS($O:$O,$A:$A,$X50,$B:$B,AC$2)/8760 -> 0.38253425 | AD50: =SUMIFS($O:$O,$A:$A,$X50,$B:$B,AD$2)/8760 -> 0.3847032 | AE50: =SUMIFS($O:$O,$A:$A,$X50,$B:$B,AE$2)/8760 -> 0.31073059 | AF50: =SUMIFS($O:$O,$A:$A,$X50,$B:$B,AF$2)/8760 -> 0.41164384
A51: 河南 | B51: 2017 | C51: =SUM(D51:G51) -> 6544 | D51: 6239 | E51: 164 | G51: 141 | H51: =SUM(I51:L51) -> 2528 | I51: 2457 | J51: 31 | L51: 40 | N51: 3919 | O51: 1857 | Q51: 3480 | R51: {=IFERROR(IF(H51>10,H51/C51*0.876,""),“”)} -> 0.33840587 | S51: {=IFERROR(IF(I51>10,I51/D51*0.876,""),“”)} -> 0.34498029 | T51: {=IFERROR(IF(J51>10,J51/E51*0.876,""),“”)} -> 0.16558537 | U51: {=IFERROR(IF(K51>10,K51/F51*0.876,""),“”)} | V51: =IFERROR(IF((H51-J51)>10,(H51-J51)/(C51-E51)*0.876,""),"") -> 0.34284828 | X51: 河南 | Y51: 燃气 | Z51: =SUMIFS($O:$O,$A:$A,$X51,$B:$B,Z$2)/8760 -> 0.23835616 | AA51: =SUMIFS($O:$O,$A:$A,$X51,$B:$B,AA$2)/8760 -> 0.2119863 | AB51: =SUMIFS($O:$O,$A:$A,$X51,$B:$B,AB$2)/8760 -> 0.18995434 | AC51: =SUMIFS($O:$O,$A:$A,$X51,$B:$B,AC$2)/8760 -> 0.096118721 | AD51: =SUMIFS($O:$O,$A:$A,$X51,$B:$B,AD$2)/8760 -> 0.093150685 | AE51: =SUMIFS($O:$O,$A:$A,$X51,$B:$B,AE$2)/8760 -> 0.030136986 | AF51: =SUMIFS($O:$O,$A:$A,$X51,$B:$B,AF$2)/8760 -> 0.023972603
A52: 湖北 | B52: 2017 | C52: =SUM(D52:G52) -> 2787 | D52: 2450 | E52: 96 | G52: 241 | H52: =SUM(I52:L52) -> 1075 | I52: 945 | J52: 28 | L52: 102 | N52: 3930 | O52: 3253 | Q52: 4515 | R52: {=IFERROR(IF(H52>10,H52/C52*0.876,""),“”)} -> 0.3378902 | S52: {=IFERROR(IF(I52>10,I52/D52*0.876,""),“”)} -> 0.33788571 | T52: {=IFERROR(IF(J52>10,J52/E52*0.876,""),“”)} -> 0.2555 | U52: {=IFERROR(IF(K52>10,K52/F52*0.876,""),“”)} | V52: =IFERROR(IF((H52-J52)>10,(H52-J52)/(C52-E52)*0.876,""),"") -> 0.34082943 | X52: 湖北 | Y52: 燃气 | Z52: =SUMIFS($O:$O,$A:$A,$X52,$B:$B,Z$2)/8760 -> 0.41803653 | AA52: =SUMIFS($O:$O,$A:$A,$X52,$B:$B,AA$2)/8760 -> 0.37134703 | AB52: =SUMIFS($O:$O,$A:$A,$X52,$B:$B,AB$2)/8760 -> 0.36906393 | AC52: =SUMIFS($O:$O,$A:$A,$X52,$B:$B,AC$2)/8760 -> 0.39143836 | AD52: =SUMIFS($O:$O,$A:$A,$X52,$B:$B,AD$2)/8760 -> 0.32020548 | AE52: =SUMIFS($O:$O,$A:$A,$X52,$B:$B,AE$2)/8760 -> 0.34394977 | AF52: =SUMIFS($O:$O,$A:$A,$X52,$B:$B,AF$2)/8760 -> 0.31917808
A53: 湖南 | B53: 2017 | C53: =SUM(D53:G53) -> 2267 | D53: 2053 | E53: 3 | F53: 7 | G53: 204 | H53: =SUM(I53:L53) -> 786 | I53: 667 | J53: 1 | K53: 3 | L53: 115 | N53: 3337 | O53: 6671 | P53: 4028 | Q53: 5889 | R53: {=IFERROR(IF(H53>10,H53/C53*0.876,""),“”)} -> 0.30372122 | S53: {=IFERROR(IF(I53>10,I53/D53*0.876,""),“”)} -> 0.28460399 | T53: {=IFERROR(IF(J53>10,J53/E53*0.876,""),“”)} | U53: {=IFERROR(IF(K53>10,K53/F53*0.876,""),“”)} | V53: =IFERROR(IF((H53-J53)>10,(H53-J53)/(C53-E53)*0.876,""),"") -> 0.30373675 | X53: 湖南 | Y53: 燃气 | Z53: =SUMIFS($O:$O,$A:$A,$X53,$B:$B,Z$2)/8760 -> 0.69863014 | AA53: =SUMIFS($O:$O,$A:$A,$X53,$B:$B,AA$2)/8760 -> 0.76152968 | AB53: =SUMIFS($O:$O,$A:$A,$X53,$B:$B,AB$2)/8760 -> 0.56849315 | AC53: =SUMIFS($O:$O,$A:$A,$X53,$B:$B,AC$2)/8760 -> 0.36392694 | AD53: =SUMIFS($O:$O,$A:$A,$X53,$B:$B,AD$2)/8760 -> 0.28333333 | AE53: =SUMIFS($O:$O,$A:$A,$X53,$B:$B,AE$2)/8760 -> 0.18789954 | AF53: =SUMIFS($O:$O,$A:$A,$X53,$B:$B,AF$2)/8760 -> 0.18687215
A54: 广东 | B54: 2017 | C54: =SUM(D54:G54) -> 7768 | D54: 6035 | E54: 1571 | F54: 21 | G54: 141 | H54: =SUM(I54:L54) -> 3164 | I54: 2578 | J54: 515 | K54: 13 | L54: 58 | N54: 4301 | O54: 3278 | P54: 6367 | Q54: 4517 | R54: {=IFERROR(IF(H54>10,H54/C54*0.876,""),“”)} -> 0.35680536 | S54: {=IFERROR(IF(I54>10,I54/D54*0.876,""),“”)} -> 0.37420514 | T54: {=IFERROR(IF(J54>10,J54/E54*0.876,""),“”)} -> 0.28716741 | U54: {=IFERROR(IF(K54>10,K54/F54*0.876,""),“”)} -> 0.54228571 | V54: =IFERROR(IF((H54-J54)>10,(H54-J54)/(C54-E54)*0.876,""),"") -> 0.37445925 | X54: 广东 | Y54: 燃气 | Z54: =SUMIFS($O:$O,$A:$A,$X54,$B:$B,Z$2)/8760 -> 0.36118721 | AA54: =SUMIFS($O:$O,$A:$A,$X54,$B:$B,AA$2)/8760 -> 0.37420091 | AB54: =SUMIFS($O:$O,$A:$A,$X54,$B:$B,AB$2)/8760 -> 0.34908676 | AC54: =SUMIFS($O:$O,$A:$A,$X54,$B:$B,AC$2)/8760 -> 0.32682648 | AD54: =SUMIFS($O:$O,$A:$A,$X54,$B:$B,AD$2)/8760 -> 0.33972603 | AE54: =SUMIFS($O:$O,$A:$A,$X54,$B:$B,AE$2)/8760 -> 0.35068493 | AF54: =SUMIFS($O:$O,$A:$A,$X54,$B:$B,AF$2)/8760 -> 0.29497717
A55: 广西 | B55: 2017 | C55: =SUM(D55:G55) -> 2218 | D55: 1797 | E55: 35 | G55: 386 | H55: =SUM(I55:L55) -> 575 | I55: 444 | J55: 2 | L55: 129 | N55: 2471 | O55: 797 | Q55: 3657 | R55: {=IFERROR(IF(H55>10,H55/C55*0.876,""),“”)} -> 0.22709648 | S55: {=IFERROR(IF(I55>10,I55/D55*0.876,""),“”)} -> 0.21644073 | T55: {=IFERROR(IF(J55>10,J55/E55*0.876,""),“”)} | U55: {=IFERROR(IF(K55>10,K55/F55*0.876,""),“”)} | V55: =IFERROR(IF((H55-J55)>10,(H55-J55)/(C55-E55)*0.876,""),"") -> 0.22993495 | X55: 广西 | Y55: 燃气 | Z55: =SUMIFS($O:$O,$A:$A,$X55,$B:$B,Z$2)/8760 -> 0.092237443 | AA55: =SUMIFS($O:$O,$A:$A,$X55,$B:$B,AA$2)/8760 -> 0.090981735 | AB55: =SUMIFS($O:$O,$A:$A,$X55,$B:$B,AB$2)/8760 -> 0.1510274 | AC55: =SUMIFS($O:$O,$A:$A,$X55,$B:$B,AC$2)/8760 -> 0.131621 | AD55: =SUMIFS($O:$O,$A:$A,$X55,$B:$B,AD$2)/8760 -> 0.225 | AE55: =SUMIFS($O:$O,$A:$A,$X55,$B:$B,AE$2)/8760 -> 0.19783105 | AF55: =SUMIFS($O:$O,$A:$A,$X55,$B:$B,AF$2)/8760 -> 0.1640411
A56: 海南 | B56: 2017 | C56: =SUM(D56:G56) -> 466 | D56: 376 | E56: 73 | G56: 17 | H56: =SUM(I56:L56) -> 195 | I56: 173 | J56: 11 | L56: 11 | N56: 4616 | O56: 1483 | Q56: 6806 | R56: {=IFERROR(IF(H56>10,H56/C56*0.876,""),“”)} -> 0.36656652 | S56: {=IFERROR(IF(I56>10,I56/D56*0.876,""),“”)} -> 0.40305319 | T56: {=IFERROR(IF(J56>10,J56/E56*0.876,""),“”)} -> 0.132 | U56: {=IFERROR(IF(K56>10,K56/F56*0.876,""),“”)} | V56: =IFERROR(IF((H56-J56)>10,(H56-J56)/(C56-E56)*0.876,""),"") -> 0.4101374 | X56: 海南 | Y56: 燃气 | Z56: =SUMIFS($O:$O,$A:$A,$X56,$B:$B,Z$2)/8760 -> 0.16244292 | AA56: =SUMIFS($O:$O,$A:$A,$X56,$B:$B,AA$2)/8760 -> 0.16929224 | AB56: =SUMIFS($O:$O,$A:$A,$X56,$B:$B,AB$2)/8760 -> 0.18321918 | AC56: =SUMIFS($O:$O,$A:$A,$X56,$B:$B,AC$2)/8760 -> 0.20844749 | AD56: =SUMIFS($O:$O,$A:$A,$X56,$B:$B,AD$2)/8760 -> 0.19075342 | AE56: =SUMIFS($O:$O,$A:$A,$X56,$B:$B,AE$2)/8760 -> 0.31449772 | AF56: =SUMIFS($O:$O,$A:$A,$X56,$B:$B,AF$2)/8760 -> 0.26164384
A57: 重庆 | B57: 2017 | C57: =SUM(D57:G57) -> 1545 | D57: 1332 | E57: 168 | G57: 45 | H57: =SUM(I57:L57) -> 467 | I57: 405 | J57: 37 | L57: 25 | N57: 3039 | O57: 2208 | Q57: 5742 | R57: {=IFERROR(IF(H57>10,H57/C57*0.876,""),“”)} -> 0.26478447 | S57: {=IFERROR(IF(I57>10,I57/D57*0.876,""),“”)} -> 0.26635135 | T57: {=IFERROR(IF(J57>10,J57/E57*0.876,""),“”)} -> 0.19292857 | U57: {=IFERROR(IF(K57>10,K57/F57*0.876,""),“”)} | V57: =IFERROR(IF((H57-J57)>10,(H57-J57)/(C57-E57)*0.876,""),"") -> 0.2735512 | X57: 重庆 | Y57: 燃气 | Z57: =SUMIFS($O:$O,$A:$A,$X57,$B:$B,Z$2)/8760 -> 0.25091324 | AA57: =SUMIFS($O:$O,$A:$A,$X57,$B:$B,AA$2)/8760 -> 0.25205479 | AB57: =SUMIFS($O:$O,$A:$A,$X57,$B:$B,AB$2)/8760 -> 0.33173516 | AC57: =SUMIFS($O:$O,$A:$A,$X57,$B:$B,AC$2)/8760 -> 0.34018265 | AD57: =SUMIFS($O:$O,$A:$A,$X57,$B:$B,AD$2)/8760 -> 0.31906393 | AE57: =SUMIFS($O:$O,$A:$A,$X57,$B:$B,AE$2)/8760 -> 0.42705479 | AF57: =SUMIFS($O:$O,$A:$A,$X57,$B:$B,AF$2)/8760 -> 0.5119863
A58: 四川 | B58: 2017 | C58: =SUM(D58:G58) -> 1662 | D58: 1336 | E58: 126 | G58: 200 | H58: =SUM(I58:L58) -> 354 | I58: 249 | J58: 19 | L58: 86 | N58: 1857 | O58: 1503 | Q58: 4710 | R58: {=IFERROR(IF(H58>10,H58/C58*0.876,""),“”)} -> 0.18658484 | S58: {=IFERROR(IF(I58>10,I58/D58*0.876,""),“”)} -> 0.16326647 | T58: {=IFERROR(IF(J58>10,J58/E58*0.876,""),“”)} -> 0.13209524 | U58: {=IFERROR(IF(K58>10,K58/F58*0.876,""),“”)} | V58: =IFERROR(IF((H58-J58)>10,(H58-J58)/(C58-E58)*0.876,""),"") -> 0.19105469 | X58: 四川 | Y58: 燃气 | Z58: =SUMIFS($O:$O,$A:$A,$X58,$B:$B,Z$2)/8760 -> 0.20022831 | AA58: =SUMIFS($O:$O,$A:$A,$X58,$B:$B,AA$2)/8760 -> 0.17157534 | AB58: =SUMIFS($O:$O,$A:$A,$X58,$B:$B,AB$2)/8760 -> 0.19737443 | AC58: =SUMIFS($O:$O,$A:$A,$X58,$B:$B,AC$2)/8760 -> 0.23390411 | AD58: =SUMIFS($O:$O,$A:$A,$X58,$B:$B,AD$2)/8760 -> 0.23561644 | AE58: =SUMIFS($O:$O,$A:$A,$X58,$B:$B,AE$2)/8760 -> 0.31563927 | AF58: =SUMIFS($O:$O,$A:$A,$X58,$B:$B,AF$2)/8760 -> 0.32591324
A59: 贵州 | B59: 2017 | C59: =SUM(D59:G59) -> 3161 | D59: 3146 | G59: 15 | H59: =SUM(I59:L59) -> 1210 | I59: 1201 | L59: 9 | N59: 3889 | Q59: 6126 | R59: {=IFERROR(IF(H59>10,H59/C59*0.876,""),“”)} -> 0.33532426 | S59: {=IFERROR(IF(I59>10,I59/D59*0.876,""),“”)} -> 0.33441704 | T59: {=IFERROR(IF(J59>10,J59/E59*0.876,""),“”)} | U59: {=IFERROR(IF(K59>10,K59/F59*0.876,""),“”)} | V59: =IFERROR(IF((H59-J59)>10,(H59-J59)/(C59-E59)*0.876,""),"") -> 0.33532426 | X59: 贵州 | Y59: 燃气 | Z59: =SUMIFS($O:$O,$A:$A,$X59,$B:$B,Z$2)/8760 -> 0 | AA59: =SUMIFS($O:$O,$A:$A,$X59,$B:$B,AA$2)/8760 -> 0 | AB59: =SUMIFS($O:$O,$A:$A,$X59,$B:$B,AB$2)/8760 -> 0 | AC59: =SUMIFS($O:$O,$A:$A,$X59,$B:$B,AC$2)/8760 -> 0 | AD59: =SUMIFS($O:$O,$A:$A,$X59,$B:$B,AD$2)/8760 -> 0 | AE59: =SUMIFS($O:$O,$A:$A,$X59,$B:$B,AE$2)/8760 -> 0 | AF59: =SUMIFS($O:$O,$A:$A,$X59,$B:$B,AF$2)/8760 -> 0
A60: 云南 | B60: 2017 | C60: =SUM(D60:G60) -> 1613 | D60: 1301 | E60: 2 | G60: 310 | H60: =SUM(I60:L60) -> 240 | I60: 167 | J60: 1 | L60: 72 | N60: 1283 | O60: 4905 | Q60: 3009 | R60: {=IFERROR(IF(H60>10,H60/C60*0.876,""),“”)} -> 0.13034098 | S60: {=IFERROR(IF(I60>10,I60/D60*0.876,""),“”)} -> 0.11244581 | T60: {=IFERROR(IF(J60>10,J60/E60*0.876,""),“”)} | U60: {=IFERROR(IF(K60>10,K60/F60*0.876,""),“”)} | V60: =IFERROR(IF((H60-J60)>10,(H60-J60)/(C60-E60)*0.876,""),"") -> 0.12995903 | X60: 云南 | Y60: 燃气 | Z60: =SUMIFS($O:$O,$A:$A,$X60,$B:$B,Z$2)/8760 -> 0.47465753 | AA60: =SUMIFS($O:$O,$A:$A,$X60,$B:$B,AA$2)/8760 -> 0.55993151 | AB60: =SUMIFS($O:$O,$A:$A,$X60,$B:$B,AB$2)/8760 -> 0.64223744 | AC60: =SUMIFS($O:$O,$A:$A,$X60,$B:$B,AC$2)/8760 -> 0.72420091 | AD60: =SUMIFS($O:$O,$A:$A,$X60,$B:$B,AD$2)/8760 -> 0.51335616 | AE60: =SUMIFS($O:$O,$A:$A,$X60,$B:$B,AE$2)/8760 -> 0.2033105 | AF60: =SUMIFS($O:$O,$A:$A,$X60,$B:$B,AF$2)/8760 -> 0
