Workbook

Sheet About
B7: Definition of Energy Product not used as Fuel based on US EPS Model
B8: Coking Coal: Hard coal used in Iron and Steel Industry
B9: Petrochem: Natural Gas, Crude Oil, in refined petroleum and coke
B10: Chemical: Natural as Feedstock, LPG propane or butane as Feedstock
B12: Definition of "Energy Product used as Material"
B13: 4.2.1. #用作原料、材料
B14: “准确界定原料用能范畴”一节是《通知》的重要内容。该节具体指出，对原料用能的基本定义是:
B15: “指用作原材料的能源消费，即能源产品不作为燃料、动力使用，而作为生产非能源产品的原料、材料使用。”
B16: 具体范畴则表述为
B17: “用于生产非能源用途的烯烃、芳烃、炔烃、醇类、合成氨等产品的煤炭、石油、天然气及其制品等，属于原料用能范畴；若用作燃料、动力使用，不属于原料用能范畴”。

Sheet 终端消费
A1: 行 业 | B1: 煤合计_x000D_ (万吨)_x000D_ Coal Total_x000D_ (104 tons) | C1: 原煤_x000D_ (万吨)_x000D_ Raw Coal_x000D_ (104 tons) | D1: 洗精煤_x000D_ (万吨)_x000D_ Cleaned_x000D_ Coal_x000D_ (104 tons) | E1: 其他洗煤_x000D_ (万吨)_x000D_ Other_x000D_ Washed Coal_x000D_ (104 tons) | F1: 焦炭_x000D_ (万吨)_x000D_ Coke_x000D_ (104 tons) | G1: 焦炉煤气_x000D_ (亿立方米)_x000D_ Coke Oven_x000D_ Gas_x000D_ (108 cu.m) | H1: 高炉煤气_x000D_ (亿立方米)_x000D_ Blast Furnace_x000D_ Gas_x000D_ (108 cu.m) | I1: 转炉煤气_x000D_ (亿立方米)_x000D_ Converter_x000D_ Gas_x000D_ (108 cu.m) | J1: 其他煤气_x000D_ (亿立方米)_x000D_ Other Gas_x000D_ (108 cu.m) | K1: 其他焦化产品_x000D_ (万吨)_x000D_ Other Coking_x000D_ Products_x000D_ (104 tons) | L1: 油品合计_x000D_ (万吨)_x000D_ Petroleum_x000D_ Products Total_x000D_ (104 tons) | M1: 原油_x000D_ (万吨)_x000D_ Crude Oil_x000D_ (104 tons) | N1: 汽油_x000D_ (万吨)_x000D_ Gasoline_x000D_ (104 tons) | O1: 煤油_x000D_ (万吨)_x000D_ Kerosene_x000D_ (104 tons) | P1: 柴油_x000D_ (万吨)_x000D_ Diesel Oil_x000D_ (104 tons) | Q1: 燃料油_x000D_ (万吨)_x000D_ Fuel Oil_x000D_ (104 tons) | R1: 石脑油_x000D_ (万吨)_x000D_ Naphtha_x000D_ (104 tons) | S1: 润滑油_x000D_ (万吨)_x000D_ Lubricants_x000D_ (104 tons) | T1: 石蜡_x000D_ (万吨)_x000D_ Paraffin_x000D_ Waxes_x000D_ (104 tons) | U1: 溶剂油_x000D_ (万吨)_x000D_ White Spirit_x000D_ (104 tons) | V1: 石油沥青_x000D_ (万吨)_x000D_ Bitumen_x000D_ Asphalt_x000D_ (104 tons) | W1: 石油焦_x000D_ (万吨)_x000D_ Petroleum_x000D_ Coke_x000D_ (104 tons) | X1: 液化石油气_x000D_ (万吨)_x000D_ Liquefied_x000D_ Petroleum Gas_x000D_ (104 tons) | Y1: 炼厂干气_x000D_ (万吨)_x000D_ Refinery_x000D_ Gas_x000D_ (104 tons) | Z1: 其他石油制品_x000D_ (万吨)_x000D_ Other Petroleum_x000D_ Products_x000D_ (104 tons) | AA1: 天然气_x000D_ (亿立方米)_x000D_ Natural Gas_x000D_ (108 cu.m) | AB1: 液化天然气_x000D_ (万吨)_x000D_ Liquefied_x000D_ Natural Gas_x000D_ (104 tons) | AC1: 热力_x000D_ (万百万千焦)_x000D_ Heat_x000D_ (1010 kJ) | AD1: 电力_x000D_ (亿千瓦小时)_x000D_ Electricity_x000D_ (108 kW·h) | AE1: 其他能源_x000D_ (万吨标准煤)_x000D_ Other Energy_x000D_ (104 tce)
A2: 煤炭开采和洗选业 | B2: 2931.16 | C2: 1628.55 | E2: 1297.11 | F2: 48.92 | G2: 1.04 | H2: 25.03 | I2: 0.72 | J2: 1.42 | K2: 6.5 | L2: 351.52 | M2: 0.22 | N2: 4.95 | O2: 0.75 | P2: 152.6 | Q2: 0.27 | R2: 149.36 | S2: 1.01 | V2: 0.1 | X2: 41.75 | Z2: 0.52 | AA2: 14.35 | AB2: 13.45 | AC2: 705.5 | AD2: 1026.76 | AE2: 2.88
A3: 石油和天然气开采业 | B3: 105.6 | C3: 105.6 | L3: 347.07 | M3: 268.2 | N3: 6.99 | P3: 40.56 | Q3: 0.87 | S3: 0.01 | X3: 0.13 | Y3: 12.82 | Z3: 17.51 | AA3: 132.38 | AB3: 4.59 | AC3: 2778.26 | AD3: 434.44
A4: 黑色金属矿采选业 | B4: 175.95 | C4: 167.23 | E4: 5.54 | F4: 147.75 | G4: 3.17 | H4: 18.22 | I4: 0.56 | K4: 0.17 | L4: 43.64 | N4: 0.81 | P4: 42.54 | Q4: 0.05 | S4: 0.23 | AA4: 0.02 | AC4: 162.15 | AD4: 419.28 | AE4: 1.04
A5: 有色金属矿采选业 | B5: 80.3 | C5: 77.93 | E5: 1.84 | F5: 3.57 | L5: 25.06 | N5: 1.64 | O5: 0.46 | P5: 21.82 | Q5: 0.96 | S5: 0.03 | V5: 0.15 | AA5: 0.66 | AC5: 0.09 | AD5: 386.17 | AE5: 2.41
A6: 非金属矿采选业 | B6: 509.68 | C6: 247.69 | E6: 256.97 | F6: 7.74 | G6: 1.1 | I6: 1.39 | L6: 57.14 | N6: 1.05 | O6: 0.02 | P6: 53.79 | Q6: 0.04 | S6: 0.05 | V6: 0.6 | W6: 1.53 | X6: 0.01 | Z6: 0.05 | AA6: 0.62 | AB6: 7.24 | AC6: 2247.71 | AD6: 257.36 | AE6: 0.19
A7: 开采专业及辅助性活动 | B7: 6.95 | C7: 6.95 | L7: 158.72 | M7: 0.1 | N7: 3.82 | P7: 153.85 | Q7: 0.3 | S7: 0.28 | X7: 0.08 | Z7: 0.29 | AA7: 2.38 | AB7: 0.38 | AC7: 277.93 | AD7: 41.3
A8: 其他采矿业 | B8: 0.12 | C8: 0.12 | L8: 0.11 | P8: 0.1 | AD8: 211.62
A9: 农副食品加工业 | B9: 952.96 | C9: 929.67 | E9: 21.32 | F9: 124.44 | G9: 0.03 | H9: 26.33 | I9: 2.1 | J9: 0.16 | K9: 0.01 | L9: 33.01 | N9: 7.09 | O9: 0.09 | P9: 21.51 | Q9: 1.51 | S9: 0.09 | T9: 0.03 | U9: 1.5 | X9: 0.95 | Z9: 0.24 | AA9: 3.86 | AB9: 198.52 | AC9: 7615.31 | AD9: 797.43 | AE9: 221.48
A10: 食品制造业 | B10: 912.52 | C10: 906.34 | E10: 1.13 | F10: 1.57 | L10: 15.51 | N10: 4.21 | P10: 8.26 | Q10: 1.12 | T10: 0.41 | X10: 1.17 | Z10: 0.33 | AA10: 12.87 | AB10: 82.51 | AC10: 7297.6 | AD10: 301.94 | AE10: 39.14
A11: 酒、饮料和精制茶制造业 | B11: 523.51 | C11: 516.79 | E11: 5.74 | F11: 0.08 | G11: 0.03 | K11: 0.01 | L11: 8.81 | N11: 2.89 | O11: 0.06 | P11: 4.77 | Q11: 0.36 | S11: 0.01 | X11: 0.68 | Z11: 0.04 | AA11: 9.92 | AB11: 48.46 | AC11: 5461.59 | AD11: 173.56 | AE11: 13.23
A12: 烟草制品业 | B12: 6.57 | C12: 6.09 | E12: 0.44 | L12: 1.47 | N12: 0.38 | P12: 1.04 | X12: 0.05 | AA12: 1.21 | AC12: 257.7 | AD12: 52.91 | AE12: 2.52
A13: 纺织业 | B13: 417.78 | C13: 374.64 | E13: 6.41 | F13: 1.19 | I13: 0.01 | L13: 19.13 | N13: 5.59 | O13: 0.03 | P13: 5.91 | Q13: 3.45 | S13: 0.1 | V13: 1.56 | X13: 1.54 | Z13: 0.95 | AA13: 14.83 | AB13: 217.53 | AC13: 32377.38 | AD13: 1760.15 | AE13: 65.49
A14: 纺织服装、服饰业 | B14: 36.67 | C14: 35.95 | E14: 0.43 | F14: 0.05 | L14: 11.4 | N14: 4.89 | O14: 0.05 | P14: 5.37 | Q14: 0.49 | S14: 0.01 | X14: 0.37 | Z14: 0.22 | AA14: 1.31 | AB14: 68.93 | AC14: 593.54 | AD14: 231.59 | AE14: 8.27
A15: 皮革、毛皮、羽毛及其制品和制鞋业 | B15: 21.78 | C15: 20.18 | E15: 0.09 | L15: 5.7 | N15: 2.86 | O15: 0.01 | P15: 1.94 | Q15: 0.34 | R15: 0.01 | S15: 0.05 | T15: 0.04 | U15: 0.12 | X15: 0.29 | Z15: 0.04 | AA15: 0.12 | AB15: 14.82 | AC15: 227.8 | AD15: 156.81 | AE15: 9.7
A16: 木材加工和木、竹、藤、棕、草制品业 | B16: 48.66 | C16: 47.78 | E16: 0.88 | F16: 0.05 | L16: 9.07 | N16: 1.7 | P16: 5.21 | Q16: 0.21 | S16: 0.04 | T16: 1.71 | X16: 0.21 | AA16: 2.63 | AB16: 1.84 | AC16: 671.94 | AD16: 279.32 | AE16: 104.92
A17: 家具制造业 | B17: 2.09 | C17: 1.8 | E17: 0.26 | F17: 0.54 | L17: 5.82 | N17: 2.4 | P17: 2.99 | Q17: 0.14 | S17: 0.01 | X17: 0.27 | AA17: 1.35 | AB17: 2.34 | AC17: 60.67 | AD17: 115.36 | AE17: 5.01
A18: 造纸和纸制品业 | B18: 715.5 | C18: 654.92 | E18: 39.31 | F18: 0.23 | G18: 0.09 | L18: 27.98 | M18: 0.03 | N18: 2.51 | O18: 0.01 | P18: 14.99 | Q18: 8.01 | S18: 0.1 | T18: 0.03 | U18: 0.3 | X18: 1.9 | Z18: 0.09 | AA18: 4.86 | AB18: 123.83 | AC18: 21416.18 | AD18: 744.61 | AE18: 90.62
A19: 印刷和记录媒介复制业 | B19: 15.39 | C19: 14.67 | E19: 0.33 | F19: 0.02 | G19: 0.07 | J19: 0.09 | L19: 9.06 | N19: 3.59 | O19: 0.01 | P19: 4.22 | Q19: 0.4 | S19: 0.03 | U19: 0.05 | X19: 0.41 | Z19: 0.35 | AA19: 3.4 | AB19: 11.47 | AC19: 488.67 | AD19: 131.05 | AE19: 9.07
A20: 文教、工美、体育和娱乐用品制造业 | B20: 14.47 | C20: 13.69 | E20: 0.37 | F20: 0.43 | L20: 20.34 | N20: 3.31 | O20: 0.11 | P20: 3.49 | Q20: 0.46 | R20: 0.01 | S20: 0.02 | T20: 0.53 | U20: 0.01 | W20: 11.56 | X20: 0.67 | Z20: 0.18 | AA20: 2.97 | AB20: 80.6 | AC20: 86.85 | AD20: 89.78 | AE20: 5.89
A21: 石油、煤炭及其他燃料加工业 | B21: 2588.48 | C21: 1309.11 | E21: 1151.35 | F21: 52.92 | G21: 208.3 | H21: 97.9 | J21: 11.26 | K21: 143.22 | L21: 9293.13 | M21: 55.95 | N21: 1.42 | O21: 0.18 | P21: 22.54 | Q21: 27.38 | R21: 1390.01 | S21: 219.89 | T21: 0.06 | U21: 6.03 | V21: 4.87 | W21: 230.56 | X21: 1057.39 | Y21: 1739.05 | Z21: 4537.82 | AA21: 26.77 | AB21: 835.63 | AC21: 63440.85 | AD21: 1198.93 | AE21: 6.16
A22: 化学原料和化学制品制造业 | B22: 11986.77 | C22: 11475.78 | E22: 175.06 | F22: 3955.42 | G22: 79.54 | H22: 9 | I22: 10.06 | J22: 22.56 | K22: 624.81 | L22: 7269.24 | M22: 1.35 | N22: 12.09 | O22: 1.9 | P22: 37.97 | Q22: 44.02 | R22: 4207.62 | S22: 5.29 | T22: 252.74 | U22: 82.44 | V22: 1.52 | W22: 51.52 | X22: 1058.99 | Y22: 75.47 | Z22: 1436.3 | AA22: 206.99 | AB22: 1379.26 | AC22: 145178.14 | AD22: 5427.38 | AE22: 90.95
A23: 医药制造业 | B23: 468.86 | C23: 461.02 | E23: 1.92 | F23: 1.95 | G23: 0.37 | K23: 0.08 | L23: 13.7 | M23: 0.03 | N23: 3.92 | O23: 0.01 | P23: 5.73 | Q23: 2.72 | R23: 0.03 | T23: 0.03 | U23: 0.23 | X23: 0.21 | Z23: 0.78 | AA23: 7.46 | AB23: 53.64 | AC23: 10234.32 | AD23: 407.71 | AE23: 25.21
A24: 化学纤维制造业 | B24: 584.87 | C24: 478.34 | E24: 4.74 | F24: 18.57 | L24: 2.87 | N24: 0.61 | O24: 0.02 | P24: 1.64 | Q24: 0.38 | S24: 0.05 | U24: 0.04 | X24: 0.06 | Z24: 0.07 | AA24: 1.71 | AB24: 90.04 | AC24: 11473.54 | AD24: 455.15 | AE24: 12.62
A25: 橡胶和塑料制品业 | B25: 261.77 | C25: 244.32 | E25: 2.53 | F25: 0.03 | G25: 0.62 | K25: 5.33 | L25: 32.62 | M25: 0.01 | N25: 9.45 | O25: 0.06 | P25: 11.9 | Q25: 3.38 | S25: 0.45 | T25: 0.43 | U25: 0.41 | V25: 1.54 | X25: 2.26 | Z25: 2.73 | AA25: 7.95 | AB25: 63.03 | AC25: 3139.12 | AD25: 1426.38 | AE25: 16.28
A26: 非金属矿物制品业 | B26: 22238.05 | C26: 13725.93 | E26: 8413.71 | F26: 1340.43 | G26: 35.94 | H26: 42.5 | I26: 5.62 | J26: 8.56 | K26: 22.25 | L26: 3189.68 | M26: 0.1 | N26: 14.75 | O26: 0.83 | P26: 314.07 | Q26: 96.29 | S26: 0.59 | T26: 0.73 | U26: 0.16 | V26: 241.25 | W26: 2446.51 | X26: 61.41 | Y26: 0.11 | Z26: 12.87 | AA26: 36.98 | AB26: 1024.69 | AC26: 2518.62 | AD26: 3760.64 | AE26: 90.04
A27: 黑色金属冶炼和压延加工业 | B27: 9211.61 | C27: 8451.73 | E27: 669.94 | F27: 39247.4 | G27: 343.31 | H27: 8060.77 | I27: 556.61 | J27: 1.51 | K27: 304.58 | L27: 87.38 | N27: 3.35 | O27: 0.02 | P27: 52.53 | Q27: 0.64 | S27: 0.77 | T27: 0.02 | W27: 18.02 | X27: 9.6 | Y27: 1.58 | Z27: 0.85 | AA27: 46.6 | AB27: 654.5 | AC27: 19472.74 | AD27: 6459.68 | AE27: 101.48
A28: 有色金属冶炼和压延加工业 | B28: 2361.87 | C28: 2098.02 | E28: 256.64 | F28: 406.15 | G28: 19.34 | I28: 0.08 | J28: 89.53 | K28: 20.62 | L28: 332.3 | M28: 0.3 | N28: 3.39 | O28: 0.54 | P28: 33.38 | Q28: 13.82 | S28: 0.42 | U28: 0.1 | V28: 10.01 | W28: 262.09 | X28: 3.24 | Z28: 5.01 | AA28: 20.75 | AB28: 256.51 | AC28: 21858.02 | AD28: 6673.67 | AE28: 5.96
A29: 金属制品业 | B29: 255.08 | C29: 203.46 | E29: 50.46 | F29: 469.08 | G29: 4.55 | H29: 48.79 | I29: 2.22 | J29: 0.53 | K29: 2.61 | L29: 39.75 | N29: 11.6 | O29: 0.45 | P29: 19.52 | Q29: 1.6 | S29: 0.59 | T29: 0.02 | U29: 0.02 | V29: 0.32 | X29: 4.33 | Y29: 0.01 | Z29: 1.28 | AA29: 11.68 | AB29: 372.68 | AC29: 637.35 | AD29: 1672.84 | AE29: 4.88
A30: 通用设备制造业 | B30: 18.99 | C30: 17.21 | E30: 0.8 | F30: 244.56 | G30: 0.15 | H30: 0.08 | I30: 0.05 | L30: 46.46 | N30: 15.29 | O30: 1.62 | P30: 21.25 | Q30: 0.7 | R30: 0.03 | S30: 2.92 | T30: 0.08 | U30: 0.04 | X30: 2.8 | Z30: 1.73 | AA30: 10.36 | AB30: 82.5 | AC30: 343.7 | AD30: 1007.43 | AE30: 5.11
A31: 专用设备制造业 | B31: 20.01 | C31: 17.18 | E31: 1.5 | F31: 6.54 | G31: 1.34 | H31: 2.34 | J31: 3.51 | K31: 0.57 | L31: 37.97 | N31: 11.84 | O31: 0.77 | P31: 14.46 | Q31: 0.64 | S31: 2.89 | T31: 0.04 | U31: 0.08 | X31: 3.62 | Z31: 3.64 | AA31: 4.85 | AB31: 113.88 | AC31: 955.3 | AD31: 499.42 | AE31: 5.42
A32: 汽车制造业 | B32: 21.53 | C32: 20.87 | E32: 0.11 | F32: 14.23 | G32: 0.06 | H32: 0.03 | I32: 0.01 | J32: 0.18 | L32: 65.68 | M32: 0.01 | N32: 24.72 | O32: 0.27 | P32: 26.95 | Q32: 0.32 | R32: 0.01 | S32: 9.25 | T32: 0.01 | U32: 0.13 | V32: 0.01 | X32: 2.07 | Z32: 1.94 | AA32: 7.29 | AB32: 140.31 | AC32: 2982.62 | AD32: 1031.41 | AE32: 3.01
A33: 铁路、船舶、航空航天和其他运输设备制造业 | B33: 41.15 | C33: 20.35 | E33: 20.8 | F33: 0.28 | G33: 0.46 | J33: 0.01 | L33: 19.08 | M33: 0.01 | N33: 3.5 | O33: 0.95 | P33: 11.25 | Q33: 1.39 | S33: 0.23 | X33: 1.34 | Z33: 0.41 | AA33: 4.98 | AB33: 123.53 | AC33: 666.6 | AD33: 166.18 | AE33: 0.3
A34: 电气机械和器材制造业 | B34: 16.17 | C34: 16.05 | E34: 0.07 | F34: 0.56 | G34: 0.02 | L34: 35.46 | N34: 14.94 | O34: 0.42 | P34: 10.72 | Q34: 2.07 | S34: 1.81 | T34: 0.15 | U34: 0.05 | V34: 0.04 | W34: 0.38 | X34: 3.4 | Z34: 1.48 | AA34: 3.42 | AB34: 61.56 | AC34: 1414.4 | AD34: 859.31 | AE34: 6.19
A35: 计算机、通信和其他电子设备制造业 | B35: 17.03 | C35: 15.92 | E35: 1.11 | G35: 0.01 | H35: 0.01 | L35: 19.39 | N35: 9.59 | O35: 0.15 | P35: 6.43 | Q35: 0.41 | S35: 0.66 | T35: 0.02 | U35: 0.02 | X35: 1.96 | Z35: 0.14 | AA35: 11.61 | AB35: 164.44 | AC35: 1558.86 | AD35: 1500.45 | AE35: 2.26
A36: 仪器仪表制造业 | B36: 1.92 | C36: 1.92 | F36: 0.01 | L36: 5.52 | N36: 3.84 | O36: 0.12 | P36: 1.01 | Q36: 0.09 | S36: 0.1 | T36: 0.03 | X36: 0.17 | Z36: 0.15 | AA36: 0.52 | AB36: 3.94 | AC36: 57.44 | AD36: 74.53 | AE36: 1.47
A37: 其他制造业 | B37: 1.98 | C37: 1.45 | E37: 0.17 | G37: 0.01 | K37: 0.75 | L37: 4.94 | N37: 0.68 | O37: 0.08 | P37: 1.13 | X37: 3.04 | AA37: 0.04 | AB37: 31.96 | AC37: 68.84 | AD37: 578.41 | AE37: 1.04
A38: 废弃资源综合利用业 | B38: 132.4 | C38: 105.97 | E38: 19.47 | F38: 97.06 | G38: 0.51 | H38: 5.3 | I38: 2.1 | K38: 1.17 | L38: 6.81 | N38: 0.31 | O38: 0.02 | P38: 4.83 | Q38: 1.32 | S38: 0.02 | X38: 0.31 | AA38: 2.19 | AB38: 123.44 | AC38: 19.73 | AD38: 57.94 | AE38: 5.87
A39: 金属制品、机械和设备修理业 | B39: 0.5 | C39: 0.5 | G39: 0.07 | H39: 0.14 | L39: 6.17 | M39: 0.01 | N39: 0.44 | O39: 0.93 | P39: 4.4 | Q39: 0.31 | S39: 0.05 | X39: 0.02 | AA39: 0.21 | AB39: 2.98 | AC39: 14.9 | AD39: 16.56
A40: 电力、热力生产和供应业 | B40: 948.29 | C40: 945.4 | E40: 2.29 | F40: 39.08 | G40: 0.82 | H40: 0.21 | J40: 1.3 | K40: 0.43 | L40: 64.26 | M40: 0.17 | N40: 21.5 | P40: 28.23 | Q40: 0.9 | S40: 0.27 | V40: 2.47 | W40: 8.8 | X40: 0.03 | Y40: 1.51 | Z40: 0.38 | AA40: 1.25 | AC40: 9585.94 | AD40: 5703.13 | AE40: 10.76
A41: 燃气生产和供应业 | B41: 143.01 | C41: 143.01 | G41: 0.9 | H41: 2.83 | J41: 0.3 | L41: 4.11 | N41: 2.55 | P41: 1.38 | Q41: 0.11 | S41: 0.02 | X41: 0.04 | Z41: 0.01 | AA41: 7.25 | AB41: 53.33 | AC41: 2201.27 | AD41: 185.85
A42: 水的生产和供应业 | B42: 4.35 | C42: 4.3 | L42: 5.29 | N42: 2.96 | P42: 2 | Q42: 0.09 | X42: 0.23 | AA42: 0.43 | AB42: 0.11 | AC42: 147.34 | AD42: 593.76

Sheet 能源平衡表
A1: 项 目 | B1: 煤合计_x000D_ (万吨)_x000D_ Coal Total_x000D_ (104 tons) | C1: 原煤_x000D_ (万吨)_x000D_ Raw Coal_x000D_ (104 tons) | D1: 洗精煤_x000D_ (万吨)_x000D_ Cleaned_x000D_ Coal_x000D_ (104 tons) | E1: 其他洗煤_x000D_ (万吨)_x000D_ Other_x000D_ Washed_x000D_ Coal_x000D_ (104 tons) | F1: 煤制品_x000D_ (万吨)_x000D_ Briquettes_x000D_ (104 tons) | G1: 煤矸石_x000D_ (万吨)_x000D_ Gangue_x000D_ (104 tons) | H1: 焦炭_x000D_ (万吨)_x000D_ Coke_x000D_ (104 tons) | I1: 焦炉煤气_x000D_ (亿立方米)_x000D_ Coke Oven_x000D_ Gas_x000D_ (108 cu.m) | J1: 高炉煤气_x000D_ (亿立方米)_x000D_ Blast Furnace_x000D_ Gas_x000D_ (108 cu.m) | K1: 转炉煤气_x000D_ (亿立方米)_x000D_ Converter_x000D_ Gas_x000D_ (108 cu.m) | L1: 其他煤气_x000D_ (亿立方米)_x000D_ Other Gas_x000D_ (108 cu.m) | M1: 其他焦化产品_x000D_ (万吨)_x000D_ Other_x000D_ Coking_x000D_ Products_x000D_ (104 tons) | N1: 油品合计_x000D_ (万吨)_x000D_ Petroleum_x000D_ Products_x000D_ Total_x000D_ (104 tons) | O1: 原油_x000D_ (万吨)_x000D_ Crude Oil_x000D_ (104 tons) | P1: 汽油_x000D_ (万吨)_x000D_ Gasoline_x000D_ (104 tons) | Q1: 煤油_x000D_ (万吨)_x000D_ Kerosene_x000D_ (104 tons) | R1: 柴油_x000D_ (万吨)_x000D_ Diesel Oil_x000D_ (104 tons) | S1: 燃料油_x000D_ (万吨)_x000D_ Fuel Oil_x000D_ (104 tons) | T1: 石脑油_x000D_ (万吨)_x000D_ Naphtha_x000D_ (104 tons) | U1: 润滑油_x000D_ (万吨)_x000D_ Lubricants_x000D_ (104 tons) | V1: 石蜡_x000D_ (万吨)_x000D_ Paraffin_x000D_ Waxes_x000D_ (104 tons) | W1: 溶剂油_x000D_ (万吨)_x000D_ White Spirit_x000D_ (104 tons) | X1: 石油沥青_x000D_ (万吨)_x000D_ Bitumen_x000D_ Asphalt_x000D_ (104 tons) | Y1: 石油焦_x000D_ (万吨)_x000D_ Petroleum_x000D_ Coke_x000D_ (104 tons) | Z1: 液化石油气_x000D_ (万吨)_x000D_ Liquefied_x000D_ Petroleum Gas_x000D_ (104 tons) | AA1: 炼厂干气_x000D_ (万吨)_x000D_ Refinery_x000D_ Gas_x000D_ (104 tons) | AB1: 其他石油制品_x000D_ (万吨)_x000D_ Other_x000D_ Petroleum_x000D_ Products_x000D_ (104 tons) | AC1: 天然气_x000D_ (亿立方米)_x000D_ Natural Gas_x000D_ (108 cu.m) | AD1: 液化天然气_x000D_ (万吨)_x000D_ Liquefied_x000D_ Natural Gas_x000D_ (104 tons) | AE1: 热力_x000D_ (万百万千焦)_x000D_ Heat_x000D_ (1010 kJ) | AF1: 电力_x000D_ (亿千瓦小时)_x000D_ Electricity_x000D_ (108 kW·h) | AG1: 其他能源_x000D_ (万吨标准煤)_x000D_ Other_x000D_ Energy_x000D_ (104 tce)
A2: 一.可供本地区消费的能源量 | B2: 405537.18 | C2: 404267.01 | D2: 1359.01 | E2: -70 | F2: -18.84 | H2: -762.13 | N2: 66900.85 | O2: 68007.48 | P2: -1190.41 | Q2: -1319.79 | R2: -1948.68 | S2: 344.98 | T2: 657.9 | U2: 17.85 | V2: -35.93 | W2: 4.32 | X2: 274.38 | Y2: 590.42 | Z2: 1950.61 | AB2: -452.28 | AC2: 2227.84 | AD2: 6011.71 | AF2: 22664.83 | AG2: 7164.43
A3: 1.一次能源生产量 | B3: 384633.2 | C3: 384633.2 | N3: 19101.41 | O3: 19101.41 | AC3: 1761.74 | AF3: 22832.8 | AG3: 7164.43
A4: 水电 | AF4: 13044.38
A5: 核电 | AF5: 3483.55
A6: 风电 | AF6: 4060.32
A7: 2.进口量 | B7: 29976.88 | C7: 29976.88 | H7: 52.3 | N7: 56970.47 | O7: 50567.6 | P7: 33.34 | Q7: 366.75 | R7: 119.02 | S7: 1485.51 | T7: 702.22 | U7: 29.16 | V7: 9.85 | W7: 3.77 | X7: 428.39 | Y7: 830.52 | Z7: 2109.33 | AB7: 285 | AC7: 501.14 | AD7: 6019.12 | AF7: 48.58
A8: 3.境内飞机和轮船在境外的加油量 | N8: 1131.69 | Q8: 563.28 | R8: 25.44 | S8: 542.97
A9: 4.出口量(-) | B9: 602.86 | C9: 599.37 | F9: 3.5 | H9: 652.26 | N9: 7251.41 | O9: 81 | P9: 1637.06 | Q9: 1761.48 | R9: 2138.26 | S9: 1117.66 | U9: 11.25 | V9: 60.17 | W9: 0.26 | X9: 65.62 | Y9: 228.96 | Z9: 140.89 | AB9: 8.79 | AC9: 35.03 | AD9: 7.4 | AF9: 216.55
A10: 5.境外飞机和轮船在境内的加油量(-) | N10: 959.95 | Q10: 478.33 | R10: 50.81 | S10: 430.81
A11: 6.库存增(-)、减(+)量 | B11: -8470.04 | C11: -9743.71 | D11: 1359.01 | E11: -70 | F11: -15.34 | H11: -162.17 | N11: -2091.35 | O11: -1580.53 | P11: 413.31 | Q11: -10.02 | R11: 95.93 | S11: -135.04 | T11: -44.32 | U11: -0.06 | V11: 14.39 | W11: 0.81 | X11: -88.39 | Y11: -11.13 | Z11: -17.83 | AB11: -728.49
A12: 二.加工转换投入(-)产出(+)量 | B12: -328465.29 | C12: -341871.85 | D12: -1847.3 | E12: 13863.38 | F12: 1390.48 | G12: -16.05 | H12: 47206.48 | I12: 685.06 | J12: 8106.13 | K12: 587.04 | L12: 183.26 | M12: 1077.95 | N12: -3453.63 | O12: -66907.95 | P12: 14852.09 | Q12: 5322.59 | R12: 17195.94 | S12: 2111.07 | T12: 5096.12 | U12: 230.11 | V12: 302.72 | W12: 8236 | X12: 2970.43 | Y12: 2425.3 | Z12: 3606.75 | AA12: 1846.02 | AB12: 7412.81 | AC12: -676.86 | AD12: 900.26 | AE12: 550106.3 | AF12: 52201.48 | AG12: -967.2
A13: 1.火力发电 | B13: -210158.99 | C13: -205517.23 | E13: -4641.77 | G13: -2467.05 | H13: -25.3 | I13: -208.01 | J13: -2451.35 | K13: -329.03 | L13: -0.13 | N13: -308.27 | O13: -16.01 | R13: -24.18 | S13: -13.94 | T13: -12.01 | Y13: -181.18 | Z13: -0.11 | AA13: -52.59 | AB13: -8.25 | AC13: -391.87 | AD13: -231.28 | AE13: -111630.52 | AF13: 52201.48 | AG13: -1567.97
A14: 2.供热 | B14: -34441.79 | C14: -33027.91 | E14: -1413.87 | G14: -646.29 | H14: -47.51 | I14: -62.54 | J14: -573.41 | K14: -45.52 | L14: -1.2 | N14: -653.79 | P14: -0.05 | R14: -5.3 | S14: -60.21 | T14: -163.1 | Y14: -224.18 | Z14: -4.05 | AA14: -173.99 | AB14: -22.9 | AC14: -143.19 | AD14: -33.51 | AE14: 565138.68 | AG14: -391.96
A15: 3.煤炭洗选 | B15: -12213.46 | C15: -87588.72 | D15: 53863.4 | E15: 21511.86 | G15: 3097.3
A16: 4.炼焦 | B16: -65672.62 | C16: -9961.92 | D16: -55710.7 | H16: 47295.8 | I16: 955.61 | M16: 1387.39
A17: 5.炼油及煤制油 | B17: -3239.84 | C17: -3087.01 | E17: -152.83 | M17: -309.44 | N17: 9842.42 | O17: -66891.93 | P17: 14880.68 | Q17: 5322.59 | R17: 17308.27 | S17: 4506.05 | T17: 6620.07 | U17: 232.36 | V17: 308.88 | W17: 82.36 | X17: 3313.86 | Y17: 2838.81 | Z17: 4210.01 | AA17: 2187.92 | AB17: 14922.52 | AC17: -32.35 | AG17: -138.98
A18: #油品再投入量(-) | N18: -12330.3 | P18: -28.54 | R18: -82.86 | S18: -2320.83 | T18: -1348.83 | U18: -2.25 | V18: -6.15 | X18: -343.42 | Y18: -8.15 | Z18: -595.4 | AA18: -115.31 | AB18: -7478.56
A19: 6.制气 | B19: -2458.7 | C19: -2293.81 | E19: -164.89 | L19: 184.58 | N19: -3.69 | Z19: -3.69 | AC19: 64.73
A20: #焦炭再投入量(-) | H20: -16.51
A21: 7.天然气液化 | K21: -0.12 | AC21: -174.19 | AD21: 1165.05
A22: 8.煤制品加工 | B22: -279.88 | C22: -395.25 | E22: -1275.11 | F22: 1390.48
A23: 9.回收能 | J23: 11130.88 | K23: 961.71 | AE23: 96598.13 | AG23: 1131.7
A24: 三.损失量 | N24: 34.46 | O24: 33.83 | Z24: 0.63 | AC24: 20.95 | AD24: 6.26 | AE24: 5297.62 | AF24: 3330.1
A25: 四.终端消费量 | B25: 73449.39 | C25: 58985.75 | E25: 13101.54 | F25: 1362.1 | H25: 46336.64 | I25: 710.6 | J25: 8339.48 | K25: 581.53 | L25: 190.06 | M25: 1133.12 | N25: 61018.45 | O25: 326.5 | P25: 13599.38 | Q25: 3950.23 | R25: 14805.62 | S25: 2295.37 | T25: 5747.08 | U25: 248.37 | V25: 257.1 | W25: 91.74 | X25: 3256.43 | Y25: 3030.97 | Z25: 5462.48 | AA25: 1830.56 | AB25: 6116.62 | AC25: 1531.78 | AD25: 6909.09 | AE25: 54480839 | AF25: 71536.02 | AG25: 6091.03
A26: 1.农、林、牧、渔业 | B26: 2202.07 | C26: 2110.86 | E26: 91.21 | H26: 59.67 | N26: 1748.2 | P26: 253.18 | Q26: 10.95 | R26: 1475.05 | S26: 1.19 | Z26: 7.82 | AC26: 1.24 | AE26: 69.88 | AF26: 1336.2 | AG26: 675.84
A27: 2.工业 | B27: 58802.35 | C27: 45514.41 | E27: 12410.86 | F27: 877.09 | H27: 46230.86 | I27: 701.86 | J27: 8339.48 | K27: 581.53 | L27: 140.92 | M27: 1133.12 | N27: 21732.37 | O27: 326.5 | P27: 233.41 | Q27: 10.97 | R27: 1178.27 | S27: 217.56 | T27: 5747.08 | U27: 248.37 | V27: 257.1 | W27: 91.74 | X27: 264.42 | Y27: 3030.97 | Z27: 2266.99 | AA27: 1830.56 | AB27: 6028.41 | AC27: 631.02 | AD27: 6508.45 | AE27: 380696.5 | AF27: 47368.2 | AG27: 976.87
A28: #用作原料、材料 | B28: 12689.15 | C28: 10880.31 | E28: 1738.76 | F28: 70.08 | H28: 1474.76 | M28: 448.04 | N28: 11507.24 | P28: 2.15 | Q28: 1.17 | R28: 17.4 | S28: 31.3 | T28: 5505.3 | U28: 227.2 | V28: 252.77 | W28: 88.61 | X28: 206.89 | Y28: 2276.35 | Z28: 503.89 | AA28: 50.35 | AB28: 2343.85 | AC28: 92.44 | AD28: 94.35
A29: 3.建筑业 | B29: 639.81 | C29: 596.64 | E29: 43.17 | H29: 9.7 | N29: 4055.13 | P29: 499.89 | Q29: 16.03 | R29: 530.27 | S29: 31.84 | X29: 2874.87 | Z29: 14.03 | AB29: 88.21 | AC29: 2.81 | AE29: 2300.23 | AF29: 991.19 | AG29: 30.41
A30: 4.交通运输、仓储和邮政业 | B30: 282.61 | C30: 263.5 | E30: 19.11 | H30: 0.36 | N30: 22099.75 | P30: 6244.92 | Q30: 3689.21 | R30: 9867.31 | S30: 2025.31 | X30: 117.14 | Z30: 155.85 | AC30: 274.62 | AD30: 400.64 | AE30: 4152.02 | AF30: 1752.34 | AG30: 1486.9
A31: 5.批发和零售业、住宿和餐饮业 | B31: 2377.77 | C31: 2309.25 | E31: 39.92 | F31: 28.59 | H31: 16.91 | I31: 0.95 | L31: 9.43 | N31: 608.41 | P31: 287.95 | Q31: 15.47 | R31: 203.88 | S31: 10.22 | Z31: 90.89 | AC31: 62.46 | AE31: 9533.06 | AF31: 3187.1 | AG31: 67.01
A32: 6.其他 | B32: 2598.18 | C32: 2500.19 | E32: 89.23 | F32: 8.76 | H32: 6.32 | I32: 1.23 | N32: 3460.61 | P32: 2240.92 | Q32: 184.17 | R32: 954.04 | S32: 9.25 | Z32: 72.23 | AC32: 57.32 | AE32: 19224.64 | AF32: 6263.78 | AG32: 271.88
A33: 7.居民生活 | B33: 6546.6 | C33: 5690.91 | E33: 408.04 | F33: 447.65 | H33: 12.81 | I33: 6.56 | L33: 39.71 | N33: 7313.99 | P33: 3839.1 | Q33: 23.43 | R33: 596.79 | Z33: 2854.67 | AC33: 502.32 | AE33: 128832.05 | AF33: 10637.21 | AG33: 2582.12
A34: 城镇 | B34: 800.99 | C34: 623.77 | E34: 55.82 | F34: 121.4 | H34: 2.9 | I34: 5.02 | L34: 39.55 | N34: 4960.36 | P34: 2570.09 | Q34: 0.36 | R34: 274.46 | Z34: 2115.45 | AC34: 497.4 | AE34: 128832.05 | AF34: 5838.25 | AG34: 242.26
A35: 乡村 | B35: 5745.61 | C35: 5067.14 | E35: 352.22 | F35: 326.25 | H35: 9.91 | I35: 1.54 | L35: 0.16 | N35: 2353.63 | P35: 1269.01 | Q35: 23.07 | R35: 322.33 | Z35: 739.22 | AC35: 4.92 | AF35: 4798.96 | AG35: 2339.86
A36: 五.平衡差额 | B36: 3622.5 | C36: 3409.41 | D36: -488.29 | E36: 691.85 | F36: 9.54 | G36: -16.05 | H36: 107.72 | I36: -25.54 | J36: -23336 | K36: 5.51 | L36: -6.81 | M36: -55.16 | N36: 2394.31 | O36: 739.21 | P36: 62.3 | Q36: 52.56 | R36: 441.65 | S36: 160.68 | T36: 6.93 | U36: -0.41 | V36: 9.7 | W36: -5,07 | X36: -11.62 | Y36: -15.24 | Z36: 94.25 | AA36: 15.46 | AB36: 843.91 | AC36: -1.75 | AD36: -338 | AE36: 0.29 | AF36: 0.19 | AG36: 106.2
A37: 六.消费量合计 | B37: 401914.68 | C37: 400857.6 | D37: 55710.7 | E37: 20750.01 | F37: 1362.1 | G37: 3113.34 | H37: 46425.96 | I37: 981.15 | J37: 11364.24 | K37: 956.08 | L37: 19139 | M37: 1442.56 | N37: 64506.54 | O37: 67268.27 | P37: 13627.97 | Q37: 3950.23 | R37: 14917.95 | S37: 4690.34 | T37: 7271.04 | U37: 259.63 | V37: 263.25 | W37: 91.74 | X37: 3599.85 | Y37: 3444.47 | Z37: 6066.37 | AA37: 2172.45 | AB37: 1362633 | AC37: 2068.82 | AD37: 7180.14 | AE37: 661736.52 | AF37: 74866.12 | AG37: 8189.93

Sheet 总量
A1: 行 业 | B1: 2012 | C1: 2013 | D1: 2014 | E1: 2015 | F1: 2016 | G1: 2017 | H1: 2018 | I1: 2019 | J1: 2020
A2: 煤炭开采和洗选业 | B2: 15083 | C2: 14180 | D2: 11376 | E2: 10399 | F2: 9436 | G2: 9646 | H2: 9983 | I2: 10133 | J2: 8953
A3: 石油和天然气开采业 | B3: 3897 | C3: 4088 | D3: 4263 | E3: 4269 | F3: 3916 | G3: 3956 | H3: 3818 | I3: 3755 | J3: 3743
A4: 黑色金属矿采选业 | B4: 2065 | C4: 2224 | D4: 2169 | E4: 1663 | F4: 1458 | G4: 1537 | H4: 1566 | I4: 1660 | J4: 1728
A5: 有色金属矿采选业 | B5: 1231 | C5: 1280 | D5: 1266 | E5: 1177 | F5: 1076 | G5: 1106 | H5: 1253 | I5: 1258 | J5: 1090
A6: 非金属矿采选业 | B6: 1469 | C6: 1380 | D6: 1401 | E6: 1297 | F6: 1260 | G6: 1185 | H6: 1312 | I6: 1324 | J6: 1126
A7: 开采专业及辅助性活动 | B7: 481 | C7: 407 | D7: 397 | E7: 337 | F7: 286 | G7: 321 | H7: 464 | I7: 470 | J7: 322
A8: 其他采矿业 | B8: 305 | C8: 365 | D8: 414 | E8: 348 | F8: 341 | G8: 347 | H8: 584 | I8: 633 | J8: 488
A9: 农副食品加工业 | B9: 3784 | C9: 3905 | D9: 4138 | E9: 4266 | F9: 4241 | G9: 4145 | H9: 4036 | I9: 4126 | J9: 4002
A10: 食品制造业 | B10: 1841 | C10: 1890 | D10: 1833 | E10: 1840 | F10: 1976 | G10: 1965 | H10: 1959 | I10: 2042 | J10: 2148
A11: 酒、饮料和精制茶制造业 | B11: 1498 | C11: 1610 | D11: 1522 | E11: 1501 | F11: 1496 | G11: 1403 | H11: 1317 | I11: 1283 | J11: 1199
A12: 烟草制品业 | B12: 257 | C12: 256 | D12: 238 | E12: 230 | F12: 206 | G12: 200 | H12: 198 | I12: 192 | J12: 180
... A45: 一次能源生产总量 | B45: 351041 | C45: 358784 | D45: 362212 | E45: 362193 | F45: 345954 | G45: 358867 | H45: 378859 | I45: 397317 | J45: 407295
A46: 回收能
A47: 进口量 | B47: 68701 | C47: 73420 | D47: 78027 | E47: 77695 | F47: 90235 | G47: 100039 | H47: 110787 | I47: 119064 | J47: 124805
A48: 出口量(-) | B48: 7374 | C48: 8005 | D48: 8270 | E48: 9785 | F48: 11956 | G48: 12669 | H48: 13337 | I48: 14151 | J48: 12838
A49: 年初年末库存差额 | B49: -4773 | C49: -6784 | D49: -4540 | E49: 1532 | F49: 9888 | G49: 4206 | H49: -4623 | I49: -9052 | J49: -11784
A50: 能源消费总量 | B50: 402138 | C50: 416913 | D50: 428334 | E50: 434113 | F50: 441492 | G50: 455827 | H50: 471925 | I50: 487488 | J50: 498314
A51: 在总量中:
A52: 1.农、林、牧、渔业 | B52: 7804 | C52: 8055 | D52: 8020 | E52: 8271 | F52: 8585 | G52: 8945 | H52: 8781 | I52: 9018 | J52: 9263
A53: 2.工业 | B53: 284712 | C53: 291130 | D53: 298449 | E53: 295953 | F53: 295615 | G53: 302308 | H53: 311151 | I53: 322503 | J53: 332625
A54: 3.建筑业 | B54: 6337 | C54: 7017 | D54: 7377 | E54: 7545 | F54: 7847 | G54: 8243 | H54: 8685 | I54: 9142 | J54: 9320
A55: 4.交通运输、仓储和邮政业 | B55: 32561 | C55: 34819 | D55: 36343 | E55: 38510 | F55: 39883 | G55: 42140 | H55: 43617 | I55: 43909 | J55: 41309
A56: 5.批发和零售业、住宿和餐饮业 | B56: 10012 | C56: 10598 | D56: 10864 | E56: 11447 | F56: 12042 | G56: 12456 | H56: 12994 | I56: 13624 | J56: 13171
A57: 6.其他 | B57: 18407 | C57: 19763 | D57: 20069 | E57: 21925 | F57: 23185 | G57: 24277 | H57: 26262 | I57: 27582 | J57: 28245
A58: 7.居民生活 | B58: 42306 | C58: 45531 | D58: 47211 | E58: 50461 | F58: 54336 | G58: 57459 | H58: 60436 | I58: 61709 | J58: 64380
A59: 在总量中:
A60: (一)终端消费 | B60: 386888 | C60: 403814 | D60: 415456 | E60: 420110 | F60: 428342 | G60: 442255 | H60: 461020 | I60: 476219 | J60: 488156
A61: #工业 | B61: 269900 | C61: 278514 | D61: 285948 | E61: 282291 | F61: 282809 | G61: 289098 | H61: 300558 | I61: 311542 | J61: 322677
A62: (二)加工转换损失量 | B62: 16763 | C62: 15994 | D62: 17270 | E62: 18770 | F62: 18674 | G62: 19279 | H62: 20803 | I62: 22156 | J62: 23020
A63: #炼焦 | B63: 2179 | C63: 2433 | D63: 3540 | E63: 4261 | F63: 3887 | G63: 3721 | H63: 4129 | I63: 4209 | J63: 3938
A64: 炼油及煤制油 | B64: 2153 | C64: 1899 | D64: 2115 | E64: 2866 | F64: 3543 | G64: 4280 | H64: 5027 | I64: 5895 | J64: 6132
A65: (三)回收能(-) | B65: 11239 | C65: 13333 | D65: 14578 | E65: 14492 | F65: 15373 | G65: 15921 | H65: 20465 | I65: 21350 | J65: 23037
A66: (四)损失量 | B66: 9726 | C66: 10439 | D66: 10186 | E66: 9724 | F66: 9849 | G66: 10213 | H66: 10567 | I66: 10462 | J66: 10175
A67: 平衡差额 | B67: 5456 | C67: 502 | D67: -904 | E67: -2477 | F67: -7371 | G67: -5383 | H67: -239 | I67: 5690 | J67: 9165

Sheet 煤炭
A1: 行 业 | B1: 2012 | C1: 2013 | D1: 2014 | E1: 2015 | F1: 2016 | G1: 2017 | H1: 2018 | I1: 2019 | J1: 2020
A2: 煤炭开采和洗选业 | B2: 40786 | C2: 36772 | D2: 33174 | E2: 29103 | F2: 23793 | G2: 23874 | H2: 24234 | I2: 22140 | J2: 16886
A3: 石油和天然气开采业 | B3: 495 | C3: 481 | D3: 195 | E3: 186 | F3: 174 | G3: 131 | H3: 122 | I3: 112 | J3: 72
A4: 黑色金属矿采选业 | B4: 438 | C4: 481 | D4: 440 | E4: 378 | F4: 283 | G4: 245 | H4: 222 | I4: 198 | J4: 205
A5: 有色金属矿采选业 | B5: 220 | C5: 206 | D5: 203 | E5: 199 | F5: 120 | G5: 105 | H5: 137 | I5: 93 | J5: 85
A6: 非金属矿采选业 | B6: 973 | C6: 1037 | D6: 997 | E6: 819 | F6: 774 | G6: 662 | H6: 753 | I6: 742 | J6: 540
A7: 开采专业及辅助性活动 | B7: 186 | C7: 185 | D7: 159 | E7: 116 | F7: 97 | G7: 88 | H7: 595 | I7: 564 | J7: 63
A8: 其他采矿业 | B8: 2 | C8: 3 | D8: 2 | E8: 2 | F8: 5 | G8: 1 | J8: 8
A9: 农副食品加工业 | B9: 3302 | C9: 3211 | D9: 2779 | E9: 2601 | F9: 2570 | G9: 2234 | H9: 1871 | I9: 1720 | J9: 1577
A10: 食品制造业 | B10: 1866 | C10: 1961 | D10: 1814 | E10: 1617 | F10: 1679 | G10: 1526 | H10: 1619 | I10: 1642 | J10: 1639
A11: 酒、饮料和精制茶制造业 | B11: 1479 | C11: 1587 | D11: 1326 | E11: 1185 | F11: 1091 | G11: 956 | H11: 690 | I11: 619 | J11: 497
A12: 烟草制品业 | B12: 67 | C12: 62 | D12: 52 | E12: 43 | F12: 28 | G12: 22 | H12: 15 | I12: 7 | J12: 5
A13: 纺织业 | B13: 3053 | C13: 2896 | D13: 2460 | E13: 4729 | F13: 4211 | G13: 3308 | H13: 951 | I13: 790 | J13: 592
A14: 纺织服装、服饰业 | B14: 347 | C14: 315 | D14: 297 | E14: 257 | F14: 214 | G14: 142 | H14: 57 | I14: 45 | J14: 49
A15: 皮革、毛皮、羽毛及其制品和制鞋业 | B15: 202 | C15: 185 | D15: 162 | E15: 155 | F15: 135 | G15: 94 | H15: 33 | I15: 22 | J15: 18
A16: 木材加工和木、竹、藤、棕、草制品业 | B16: 662 | C16: 621 | D16: 520 | E16: 467 | F16: 326 | G16: 217 | H16: 108 | I16: 90 | J16: 40
A17: 家具制造业 | B17: 76 | C17: 71 | D17: 61 | E17: 57 | F17: 42 | G17: 17 | H17: 5 | I17: 2 | J17: 2
A18: 造纸和纸制品业 | B18: 5271 | C18: 5303 | D18: 4829 | E18: 4669 | F18: 4603 | G18: 4586 | H18: 4272 | I18: 3942 | J18: 3545
A19: 印刷和记录媒介复制业 | B19: 64 | C19: 69 | D19: 82 | E19: 81 | F19: 84 | G19: 46 | H19: 66 | I19: 62 | J19: 60
A20: 文教、工美、体育和娱乐用品制造业 | B20: 98 | C20: 110 | D20: 130 | E20: 124 | F20: 114 | G20: 75 | H20: 33 | I20: 14 | J20: 10
... A38: 废弃资源综合利用业 | B38: 68 | C38: 63 | D38: 65 | E38: 61 | F38: 68 | G38: 49 | H38: 60 | I38: 132 | J38: 333
A39: 金属制品、机械和设备修理业 | B39: 11 | C39: 13 | D39: 5 | E39: 5 | F39: 4 | G39: 3 | J39: 1
A40: 电力、热力生产和供应业 | B40: 181090 | C40: 189848 | D40: 177098 | E40: 165422 | F40: 169441 | G40: 183107 | H40: 192239 | I40: 201798 | J40: 211123
A41: 燃气生产和供应业 | B41: 1075 | C41: 935 | D41: 720 | E41: 570 | F41: 383 | G41: 730 | H41: 1318 | I41: 1707 | J41: 2057
A42: 水的生产和供应业 | B42: 64 | C42: 57 | D42: 45 | E42: 51 | F42: 22 | G42: 23 | H42: 27 | I42: 20 | J42: 22
A44: 可供量 | B44: 418654 | C44: 425015 | D44: 411834 | E44: 397074 | F44: 378494 | G44: 383480 | H44: 394848 | I44: 405537 | J44: 414519
A45: 生产量 | B45: 394513 | C45: 397432 | D45: 387392 | E45: 374654 | F45: 341060 | G45: 352356 | H45: 369774 | I45: 384633 | J45: 390158
A46: 进口量 | B46: 28841 | C46: 32702 | D46: 29122 | E46: 20406 | F46: 25555 | G46: 27093 | H46: 28210 | I46: 29977 | J46: 30361
A47: 出口量(-) | B47: 927 | C47: 751 | D47: 574 | E47: 534 | F47: 879 | G47: 809 | H47: 494 | I47: 603 | J47: 319
A48: 年初年末库存差额 | B48: -3772 | C48: -4368 | D48: -4106 | E48: 2547 | F48: 12758 | G48: 4839 | H48: -2642 | I48: -8470 | J48: -5680
A49: 消费量 | B49: 411727 | C49: 424426 | D49: 413633 | E49: 399834 | F49: 388820 | G49: 391403 | H49: 397452 | I49: 401915 | J49: 404860
A50: 在消费量中:
A51: 1.农、林、牧、渔业 | B51: 2266 | C51: 2451 | D51: 2479 | E51: 2625 | F51: 2778 | G51: 2834 | H51: 2363 | I51: 2202 | J51: 2254
A52: 2.工业 | B52: 391191 | C52: 403157 | D52: 392567 | E52: 378190 | F52: 367435 | G52: 371160 | H52: 380696 | I52: 387268 | J52: 390891
A53: 3.建筑业 | B53: 767 | C53: 811 | D53: 914 | E53: 878 | F53: 805 | G53: 733 | H53: 650 | I53: 640 | J53: 639
A54: 4.交通运输、仓储和邮政业 | B54: 614 | C54: 615 | D54: 558 | E54: 492 | F54: 404 | G54: 353 | H54: 321 | I54: 283 | J54: 241
A55: 5.批发和零售业、住宿和餐饮业 | B55: 3752 | C55: 3966 | D55: 3767 | E55: 3864 | F55: 3826 | G55: 3461 | H55: 2686 | I55: 2378 | J55: 1981
A56: 6.其他 | B56: 3883 | C56: 4136 | D56: 4046 | E56: 4159 | F56: 4081 | G56: 3580 | H56: 3021 | I56: 2598 | J56: 2571
A57: 7.居民生活 | B57: 9253 | C57: 9290 | D57: 9303 | E57: 9627 | F57: 9492 | G57: 9283 | H57: 7714 | I57: 6547 | J57: 6283
A58: 在消费量中:
A59: (一)终端消费 | B59: 118957 | C59: 119491 | D59: 112804 | E59: 112975 | F59: 101569 | G59: 92841 | H59: 81171 | I59: 73449 | J59: 72426
A60: #工业 | B60: 98421 | C60: 98222 | D60: 91738 | E60: 91331 | F60: 80183 | G60: 72598 | H60: 64415 | I60: 58802 | J60: 58457
A61: (二)中间消费
A62: (用于加工转换) | B62: 266016 | C62: 282355 | D62: 277954 | E62: 267061 | F62: 272512 | G62: 285325 | H62: 303986 | I62: 316252 | J62: 321133
A63: #火力发电 | B63: 183531 | C63: 195177 | D63: 189525 | E63: 179568 | F63: 182666 | G63: 193925 | H63: 205197 | I63: 210159 | J63: 211635
A64: 供热 | B64: 23780 | C64: 22710 | D64: 22445 | E64: 24115 | F64: 26577 | G64: 28983 | H64: 32388 | I64: 34442 | J64: 36933
A65: 炼焦 | B65: 56768 | C65: 62536 | D65: 63944 | E65: 60874 | F65: 60649 | G65: 58910 | H65: 61603 | I65: 65673 | J65: 65968
A66: 煤制油 | B66: 378 | C66: 459 | D66: 650 | E66: 679 | F66: 1105 | G66: 1568 | H66: 2497 | I66: 3240 | J66: 3047
A67: 制气 | B67: 849 | C67: 846 | D67: 858 | E67: 1320 | F67: 1212 | G67: 1663 | H67: 2010 | I67: 2459 | J67: 3309
A68: (三)洗选损耗 | B68: 26754 | C68: 22579 | D68: 22875 | E68: 19798 | F68: 14740 | G68: 13237 | H68: 12295 | I68: 12213 | J68: 11301
A69: 平衡差额 | B69: 6928 | C69: 589 | D69: -1800 | E69: -2760 | F69: -10326 | G69: -7924 | H69: -2604 | I69: 3623 | J69: 9659

Sheet 焦炭
B1: Sector Energy Consumption including Energy Conversion | L1: Sector Final Energy Consumption excluding Energy Conversion
A2: 行 业 | B2: 2012 | C2: 2013 | D2: 2014 | E2: 2015 | F2: 2016 | G2: 2017 | H2: 2018 | I2: 2019 | J2: 2020 | K2: difference | L2: 2012 | M2: 2013 | N2: 2014 | O2: 2015 | P2: 2016 | Q2: 2017 | R2: 2018 | S2: 2019 | T2: 2020
A3: 煤炭开采和洗选业 | B3: 65 | C3: 80 | D3: 88 | E3: 63 | F3: 75 | G3: 75 | H3: 34 | I3: 49 | J3: 11 | K3: =SUM(B3:J3)/SUM(L3:T3) -> 1.0103467 | L3: 65.41 | M3: 80.45 | N3: 87.92 | O3: 63 | P3: 75.21 | Q3: 74.92 | R3: 33.73 | S3: 48.92 | T3: 4.91 | U3: =CORREL(L$44:T$44,L3:T3) -> 0.33417319
A4: 石油和天然气开采业 | K4: =SUM(B4:J4)/SUM(L4:T4) -> #DIV/0! | U4: =CORREL(L$44:T$44,L4:T4) -> #DIV/0!
A5: 黑色金属矿采选业 | B5: 126 | C5: 180 | D5: 187 | E5: 158 | F5: 153 | G5: 116 | H5: 128 | I5: 148 | J5: 170 | K5: =SUM(B5:J5)/SUM(L5:T5) -> 1.0004028 | L5: 125.54 | M5: 180.04 | N5: 187.01 | O5: 157.54 | P5: 153.48 | Q5: 116.48 | R5: 127.98 | S5: 147.75 | T5: 169.63 | U5: =CORREL(L$44:T$44,L5:T5) -> 0.43879014
A6: 有色金属矿采选业 | B6: 14 | C6: 10 | D6: 10 | E6: 9 | F6: 5 | G6: 3 | H6: 4 | I6: 4 | J6: 4 | K6: =SUM(B6:J6)/SUM(L6:T6) -> 1.0217321 | L6: 13.81 | M6: 10.22 | N6: 9.84 | O6: 8.67 | P6: 4.75 | Q6: 3.49 | R6: 3.66 | S6: 3.57 | T6: 3.65 | U6: =CORREL(L$44:T$44,L6:T6) -> 0.045001359
A7: 非金属矿采选业 | B7: 46 | C7: 11 | D7: 7 | E7: 7 | F7: 10 | G7: 8 | H7: 9 | I7: 8 | J7: 15 | K7: =SUM(B7:J7)/SUM(L7:T7) -> 1.0032336 | L7: 46.1 | M7: 11.05 | N7: 7.39 | O7: 7.03 | P7: 10.02 | Q7: 8.01 | R7: 8.54 | S7: 7.74 | T7: 14.73 | U7: =CORREL(L$44:T$44,L7:T7) -> -0.16649575
A8: 开采专业及辅助性活动 | K8: =SUM(B8:J8)/SUM(L8:T8) -> 0 | M8: 0.02 | N8: 0.03 | O8: 0.03 | P8: 0.02 | U8: =CORREL(L$44:T$44,L8:T8) -> -0.50711145
A9: 其他采矿业 | K9: =SUM(B9:J9)/SUM(L9:T9) -> #DIV/0! | U9: =CORREL(L$44:T$44,L9:T9) -> #DIV/0!
A10: 农副食品加工业 | B10: 12 | C10: 10 | D10: 10 | E10: 141 | F10: 143 | G10: 138 | H10: 137 | I10: 125 | J10: 16 | K10: =SUM(B10:J10)/SUM(L10:T10) -> 1.0048596 | L10: 11.52 | M10: 9.94 | N10: 9.87 | O10: 141.25 | P10: 142.7 | Q10: 137.64 | R10: 137.1 | S10: 124.44 | T10: 14 | U10: =CORREL(L$44:T$44,L10:T10) -> 0.052975525
A11: 食品制造业 | B11: 2 | C11: 2 | D11: 3 | E11: 3 | F11: 2 | G11: 2 | H11: 1 | I11: 2 | J11: 16 | K11: =SUM(B11:J11)/SUM(L11:T11) -> 1.7286537 | L11: 1.9 | M11: 2.27 | N11: 2.77 | O11: 3.09 | P11: 2.17 | Q11: 2.36 | R11: 1.12 | S11: 1.57 | T11: 1.84 | U11: =CORREL(L$44:T$44,L11:T11) -> 0.50048223
A12: 酒、饮料和精制茶制造业 | B12: 1 | C12: 1 | D12: 1 | E12: 1 | F12: 1 | G12: 1 | J12: 4 | K12: =SUM(B12:J12)/SUM(L12:T12) -> 1.5503876 | L12: 0.97 | M12: 0.9 | N12: 1.39 | O12: 1.18 | P12: 0.92 | Q12: 0.85 | R12: 0.15 | S12: 0.08 | T12: 0.01 | U12: =CORREL(L$44:T$44,L12:T12) -> 0.438294
A13: 烟草制品业 | K13: =SUM(B13:J13)/SUM(L13:T13) -> #DIV/0! | U13: =CORREL(L$44:T$44,L13:T13) -> #DIV/0!
A14: 纺织业 | B14: 3 | C14: 3 | D14: 2 | E14: 2 | F14: 1 | G14: 1 | H14: 2 | I14: 3 | J14: 6 | K14: =SUM(B14:J14)/SUM(L14:T14) -> 1.1575239 | L14: 3.08 | M14: 2.81 | N14: 2.07 | O14: 1.93 | P14: 1.42 | Q14: 1.39 | R14: 2.05 | S14: 1.19 | T14: 3.93 | U14: =CORREL(L$44:T$44,L14:T14) -> -0.08938045
A15: 纺织服装、服饰业 | B15: 3 | C15: 2 | D15: 1 | E15: 2 | F15: 2 | G15: 1 | K15: =SUM(B15:J15)/SUM(L15:T15) -> 1.1375388 | L15: 2.69 | M15: 1.58 | N15: 1.13 | O15: 1.59 | P15: 1.86 | Q15: 0.65 | R15: 0.08 | S15: 0.05 | T15: 0.04 | U15: =CORREL(L$44:T$44,L15:T15) -> 0.44029024
A16: 皮革、毛皮、羽毛及其制品和制鞋业 | B16: 1 | C16: 1 | D16: 1 | K16: =SUM(B16:J16)/SUM(L16:T16) -> 0.96463023 | L16: 0.8 | M16: 0.81 | N16: 0.74 | O16: 0.34 | P16: 0.35 | Q16: 0.07 | U16: =CORREL(L$44:T$44,L16:T16) -> -0.18909804
A17: 木材加工和木、竹、藤、棕、草制品业 | D17: 1 | E17: 1 | F17: 1 | I17: 2 | K17: =SUM(B17:J17)/SUM(L17:T17) -> 0.9596929 | L17: 0.37 | M17: 0.39 | N17: 1.31 | O17: 1.43 | P17: 1.17 | Q17: 0.43 | R17: 0.05 | S17: 0.05 | T17: 0.01 | U17: =CORREL(L$44:T$44,L17:T17) -> 0.663262
A18: 家具制造业 | B18: 4 | C18: 2 | D18: 2 | E18: 2 | F18: 1 | G18: 1 | H18: 1 | I18: 1 | K18: =SUM(B18:J18)/SUM(L18:T18) -> 1.0502626 | L18: 3.79 | M18: 2.39 | N18: 1.67 | O18: 1.89 | P18: 1.43 | Q18: 0.74 | R18: 0.82 | S18: 0.54 | T18: 0.06 | U18: =CORREL(L$44:T$44,L18:T18) -> 0.079442312
A19: 造纸和纸制品业 | B19: 1 | C19: 1 | D19: 1 | E19: 1 | F19: 1 | J19: 30 | K19: =SUM(B19:J19)/SUM(L19:T19) -> 2.829426 | L19: 0.51 | M19: 0.61 | N19: 0.83 | O19: 0.77 | P19: 0.99 | Q19: 0.47 | R19: 0.03 | S19: 0.23 | T19: 7.93 | U19: =CORREL(L$44:T$44,L19:T19) -> 0.15662081
A20: 印刷和记录媒介复制业 | K20: =SUM(B20:J20)/SUM(L20:T20) -> 0 | L20: 0.33 | M20: 0.27 | N20: 0.46 | O20: 0.49 | P20: 0.48 | Q20: 0.36 | R20: 0.16 | S20: 0.02 | T20: 0.02 | U20: =CORREL(L$44:T$44,L20:T20) -> 0.56131128
A21: 文教、工美、体育和娱乐用品制造业 | B21: 5 | C21: 4 | D21: 4 | E21: 3 | F21: 3 | G21: 4 | H21: 2 | K21: =SUM(B21:J21)/SUM(L21:T21) -> 0.97427903 | L21: 4.67 | M21: 4.08 | N21: 3.94 | O21: 3.33 | P21: 3.15 | Q21: 3.97 | R21: 1.65 | S21: 0.43 | T21: 0.44 | U21: =CORREL(L$44:T$44,L21:T21) -> 0.22806458
A22: 石油、煤炭及其他燃料加工业 | B22: 74 | C22: 68 | D22: 46 | E22: 65 | F22: 32 | G22: 41 | H22: 56 | I22: 71 | J22: 59 | K22: =SUM(B22:J22)/SUM(L22:T22) -> 1.0898255 | L22: 73.65 | M22: 67.53 | N22: 46.39 | O22: 64.81 | P22: 31.66 | Q22: 41.33 | R22: 34.99 | S22: 52.92 | T22: 56.52 | U22: =CORREL(L$44:T$44,L22:T22) -> -0.2001525
A23: 化学原料和化学制品制造业 | B23: 3105 | C23: 3200 | D23: 3419 | E23: 3579 | F23: 3997 | G23: 3674 | H23: 3744 | I23: 4014 | J23: 4289 | K23: =SUM(B23:J23)/SUM(L23:T23) -> 1.0099909 | L23: 3104.7776 | M23: 3200.0165 | N23: 3382.02 | O23: 3576.25 | P23: 3997.23 | Q23: 3674.38 | R23: 3744.32 | S23: 3955.42 | T23: 4059.94 | U23: =CORREL(L$44:T$44,L23:T23) -> 0.20989347
A24: 医药制造业 | B24: 2 | C24: 1 | D24: 1 | E24: 1 | F24: 1 | G24: 2 | H24: 2 | I24: 3 | J24: 6 | K24: =SUM(B24:J24)/SUM(L24:T24) -> 1.380814 | L24: 1.62 | M24: 0.99 | N24: 0.77 | O24: 0.79 | P24: 0.92 | Q24: 1.52 | R24: 1.74 | S24: 1.95 | T24: 3.46 | U24: =CORREL(L$44:T$44,L24:T24) -> -0.34120061
A25: 化学纤维制造业 | B25: 1 | F25: 17 | G25: 17 | H25: 18 | I25: 20 | J25: 3 | K25: =SUM(B25:J25)/SUM(L25:T25) -> 1.0614525 | L25: 0.54 | M25: 0.25 | N25: 0.36 | O25: 0.32 | P25: 17.16 | Q25: 16.79 | R25: 17.54 | S25: 18.57 | T25: 0.07 | U25: =CORREL(L$44:T$44,L25:T25) -> -0.10830007
A26: 橡胶和塑料制品业 | B26: 4 | C26: 3 | D26: 5 | E26: 3 | F26: 2 | G26: 1 | J26: 2 | K26: =SUM(B26:J26)/SUM(L26:T26) -> 0.94831674 | L26: 4.12 | M26: 3.32 | N26: 4.71 | O26: 3.46 | P26: 2.05 | Q26: 1.22 | R26: 0.2 | S26: 0.03 | T26: 1.98 | U26: =CORREL(L$44:T$44,L26:T26) -> 0.34783952
A27: 非金属矿物制品业 | B27: 987 | C27: 1048 | D27: 1040 | E27: 904 | F27: 881 | G27: 773 | H27: 966 | I27: 1340 | J27: 1464 | K27: =SUM(B27:J27)/SUM(L27:T27) -> 1.000033 | L27: 986.74 | M27: 1047.55 | N27: 1039.94 | O27: 904.24 | P27: 881.4 | Q27: 773.28 | R27: 965.96 | S27: 1340.43 | T27: 1463.15 | U27: =CORREL(L$44:T$44,L27:T27) -> -0.18923405
A28: 黑色金属冶炼和压延加工业 | B28: 38367 | C28: 39313 | D28: 40146 | E28: 37336 | F28: 38439 | G28: 37521 | H28: 37152 | I28: 39247 | J28: 40335 | K28: =SUM(B28:J28)/SUM(L28:T28) -> 1.0016122 | L28: 38331.523 | M28: 39294.194 | N28: 39924.9 | O28: 37057.27 | P28: 38433.09 | Q28: 37520.6 | R28: 37151.72 | S28: 39247.4 | T28: 40335.4 | U28: =CORREL(L$44:T$44,L28:T28) -> 0.17682807
A29: 有色金属冶炼和压延加工业 | B29: 617 | C29: 586 | D29: 622 | E29: 565 | F29: 528 | G29: 518 | H29: 403 | I29: 406 | J29: 490 | K29: =SUM(B29:J29)/SUM(L29:T29) -> 1.0351265 | L29: 593.35 | M29: 574.34 | N29: 588.01 | O29: 564.52 | P29: 527.98 | Q29: 517.75 | R29: 402.56 | S29: 406.15 | T29: 399.66 | U29: =CORREL(L$44:T$44,L29:T29) -> 0.37451069
A30: 金属制品业 | B30: 104 | C30: 141 | D30: 100 | E30: 100 | F30: 66 | G30: 60 | H30: 450 | I30: 469 | J30: 589 | K30: =SUM(B30:J30)/SUM(L30:T30) -> 0.99920218 | L30: 104.25 | M30: 141.36 | N30: 100.19 | O30: 100.19 | P30: 66.2 | Q30: 60.38 | R30: 449.91 | S30: 469.08 | T30: 589.1 | U30: =CORREL(L$44:T$44,L30:T30) -> -0.44264888
A31: 通用设备制造业 | B31: 839 | C31: 695 | D31: 699 | E31: 684 | F31: 686 | G31: 444 | H31: 328 | I31: 245 | J31: 412 | K31: =SUM(B31:J31)/SUM(L31:T31) -> 1.0000656 | L31: 838.92 | M31: 694.73 | N31: 698.51 | O31: 684.25 | P31: 686.2 | Q31: 444.39 | R31: 328.03 | S31: 244.56 | T31: 412.08 | U31: =CORREL(L$44:T$44,L31:T31) -> 0.49823833
A32: 专用设备制造业 | B32: 45 | C32: 54 | D32: 75 | E32: 68 | F32: 71 | G32: 64 | H32: 20 | I32: 7 | K32: =SUM(B32:J32)/SUM(L32:T32) -> 1.0017357 | L32: 45.41 | M32: 53.5 | N32: 74.5 | O32: 67.91 | P32: 71.13 | Q32: 63.87 | R32: 20.44 | S32: 6.54 | U32: =CORREL(L$44:T$44,L32:T32) -> 0.69521186
A33: 汽车制造业 | B33: 185 | C33: 199 | D33: 162 | E33: 129 | F33: 123 | G33: 69 | H33: 31 | I33: 14 | J33: 12 | K33: =SUM(B33:J33)/SUM(L33:T33) -> 0.99912414 | L33: 185.01 | M33: 198.93 | N33: 162.38 | O33: 129.32 | P33: 123.4 | Q33: 69.2 | R33: 31.11 | S33: 14.23 | T33: 11.23 | U33: =CORREL(L$44:T$44,L33:T33) -> 0.3525602
A34: 铁路、船舶、航空航天和其他运输设备制造业 | B34: 12 | C34: 8 | D34: 7 | E34: 3 | F34: 2 | G34: 1 | H34: 1 | K34: =SUM(B34:J34)/SUM(L34:T34) -> 0.98981077 | L34: 12.33 | M34: 8 | N34: 7.28 | O34: 2.72 | P34: 1.57 | Q34: 1.19 | R34: 0.58 | S34: 0.28 | T34: 0.4 | U34: =CORREL(L$44:T$44,L34:T34) -> -0.025091134
A35: 电气机械和器材制造业 | B35: 18 | C35: 17 | D35: 14 | E35: 12 | F35: 7 | G35: 5 | H35: 2 | I35: 1 | J35: 1 | K35: =SUM(B35:J35)/SUM(L35:T35) -> 1.0024736 | L35: 17.9 | M35: 17.43 | N35: 14.13 | O35: 12 | P35: 6.91 | Q35: 5.43 | R35: 1.75 | S35: 0.56 | T35: 0.7 | U35: =CORREL(L$44:T$44,L35:T35) -> 0.19494577
A36: 计算机、通信和其他电子设备制造业 | B36: 9 | C36: 11 | D36: 12 | E36: 14 | F36: 14 | G36: 13 | K36: =SUM(B36:J36)/SUM(L36:T36) -> 0.99360283 | L36: 8.64 | M36: 10.74 | N36: 12.4 | O36: 14.31 | P36: 14.31 | Q36: 13 | R36: 0.05 | T36: 0.02 | U36: =CORREL(L$44:T$44,L36:T36) -> 0.55562399
A37: 仪器仪表制造业 | B37: 4 | C37: 5 | D37: 4 | E37: 3 | F37: 2 | G37: 1 | K37: =SUM(B37:J37)/SUM(L37:T37) -> 1.0106383 | L37: 4.17 | M37: 5.25 | N37: 4.35 | O37: 2.69 | P37: 1.75 | Q37: 0.51 | R37: 0.07 | S37: 0.01 | U37: =CORREL(L$44:T$44,L37:T37) -> 0.28534751
A38: 其他制造业 | B38: 1 | F38: 3 | G38: 2 | K38: =SUM(B38:J38)/SUM(L38:T38) -> 1 | L38: 0.5 | M38: 0.33 | N38: 0.25 | O38: 0.25 | P38: 2.58 | Q38: 2.03 | T38: 0.06 | U38: =CORREL(L$44:T$44,L38:T38) -> 0.51570133
A39: 废弃资源综合利用业 | B39: 20 | C39: 26 | D39: 27 | E39: 22 | F39: 16 | G39: 10 | H39: 31 | I39: 97 | J39: 69 | K39: =SUM(B39:J39)/SUM(L39:T39) -> 1.003028 | L39: 20.04 | M39: 25.65 | N39: 26.71 | O39: 21.67 | P39: 16.11 | Q39: 9.92 | R39: 31.03 | S39: 97.06 | T39: 68.85 | U39: =CORREL(L$44:T$44,L39:T39) -> -0.30635239
A40: 金属制品、机械和设备修理业 | B40: 12 | K40: =SUM(B40:J40)/SUM(L40:T40) -> 0.9375 | L40: 12.47 | M40: 0.12 | N40: 0.09 | O40: 0.05 | P40: 0.04 | Q40: 0.03 | U40: =CORREL(L$44:T$44,L40:T40) -> -0.43753528
A41: 电力、热力生产和供应业 | C41: 7 | D41: 49 | E41: 39 | F41: 35 | G41: 39 | H41: 39 | I41: 44 | J41: 270 | K41: =SUM(B41:J41)/SUM(L41:T41) -> 1.5129996 | L41: 0.49 | M41: 6.6 | N41: 47.21 | O41: 38.56 | P41: 34.88 | Q41: 38.78 | R41: 38.93 | S41: 39.08 | T41: 100.48 | U41: =CORREL(L$44:T$44,L41:T41) -> 0.07774095
A42: 燃气生产和供应业 | B42: 7 | C42: 4 | D42: 2 | E42: 2 | F42: 2 | G42: 2 | H42: 2 | I42: 1 | J42: 1 | L42: 0.14 | M42: 0.85 | N42: 0.27
A43: 水的生产和供应业 | L43: 0.04 | M43: 0.05 | N43: 0.02 | O43: 0.02 | P43: 0.01
A44: # Energy Used as Material | L44: 1562.21 | M44: 1826.69 | N44: 1858.15 | O44: 1920.12 | P44: 2583.05 | Q44: 1594.72 | R44: 1288.73 | S44: 1474.76 | T44: 1818.29
A45: Energy Conversion
A46: 项 目 | B46: 2012 | C46: 2013 | D46: 2014 | E46: 2015 | F46: 2016 | G46: 2017 | H46: 2018 | I46: 2019 | J46: 2020
A47: 可供量 | B47: 44813.7 | C47: 45850.1 | D47: 46894.3 | E47: 44018.9 | F47: 45428.6 | G47: 43739.5 | H47: 43257.9 | I47: 46533.7 | J47: 47312
A48: 生产量 | B48: 43831.4 | C48: 48347.8 | D48: 47980.9 | E48: 44822.5 | F48: 44911.5 | G48: 43168.4 | H48: 44751.4 | I48: 47295.8 | J48: 47188.2
A49: 进口量 | B49: 7.6 | C49: 3.5 | D49: 0.2 | E49: 0.4 | F49: 0.1 | G49: 1 | H49: 9.1 | I49: 52.3 | J49: 297.9
A50: 出口量(-) | B50: 102 | C50: 467.3 | D50: 850.7 | E50: 964.8 | F50: 1011.9 | G50: 807.9 | H50: 975.8 | I50: 652.3 | J50: 349.2
A51: 年初年末库存差额 | B51: 1076.7 | C51: -2034 | D51: -236 | E51: 160.8 | F51: 1529 | G51: 1378 | H51: -526.8 | I51: -162.2 | J51: 175.1
A52: 消费量 | B52: 44805.2 | C52: 45851.9 | D52: 46884.9 | E52: 44058.7 | F52: 45462.4 | G52: 43743.1 | H52: 43716.6 | I52: 46426 | J52: 48310.4
A53: 在消费量中:
A54: 1.农、林、牧、渔业 | B54: 57.5 | C54: 69.2 | D54: 34.9 | E54: 49.5 | F54: 53.1 | G54: 38.4 | H54: 103 | I54: 59.7 | J54: 23.2
A55: 2.工业 | B55: 44694.8 | C55: 45694 | D55: 46749.6 | E55: 43923 | F55: 45324.7 | G55: 43609.1 | H55: 43560.9 | I55: 46320.2 | J55: 48272.2
A56: 3.建筑业 | B56: 6.3 | C56: 7.7 | D56: 9.7 | E56: 6.7 | F56: 7.1 | G56: 12.6 | H56: 10.6 | I56: 9.7 | J56: 3.6
A57: 4.交通运输、仓储和邮政业 | B57: 0.1 | C57: 2.2 | D57: 2.7 | E57: 3 | F57: 3.2 | G57: 6 | H57: 0.4 | I57: 0.4
A58: 5.批发和零售业、住宿和餐饮业 | B58: 6.7 | C58: 35.8 | D58: 46.6 | E58: 40.1 | F58: 41.3 | G58: 49.4 | H58: 19 | I58: 16.9
A59: 6.其他 | B59: 1.9 | C59: 5 | D59: 5.1 | E59: 5.4 | F59: 5.6 | G59: 5.9 | H59: 6.3 | I59: 6.3
A60: 7.居民生活 | B60: 37.9 | C60: 38 | D60: 36.4 | E60: 31.2 | F60: 27.4 | G60: 21.8 | H60: 16.4 | I60: 12.8 | J60: 11.4
A61: 在消费量中:
A62: (一)终端消费 | B62: 44738.5 | C62: 45817.5 | D62: 46589.1 | E62: 43775 | F62: 45454.4 | G62: 43741.5 | H62: 43693.7 | I62: 46336.6 | J62: 47762.5
A63: #工业 | B63: 44628.1 | C63: 45659.6 | D63: 46453.8 | E63: 43639.2 | F63: 45316.7 | G63: 43607.4 | H63: 43538 | I63: 46230.9 | J63: 47724.3
A64: (二)中间消费
A65: (用于加工转换) | B65: 66.7 | C65: 34.4 | D65: 295.8 | E65: 283.8 | F65: 8 | G65: 1.6 | H65: 22.8 | I65: 89.3 | J65: 547.9
A66: 制气 | B66: 66.7 | C66: 34.4 | D66: 32.8 | E66: 1.8 | F66: 1.9 | G66: 1.6 | H66: 1.6 | I66: 16.5 | J66: 17.6
A67: (三)损失量
A68: 平衡差额 | B68: 8.5 | C68: -1.8 | D68: 9.4 | E68: -39.8 | F68: -33.8 | G68: -3.6 | H68: -458.6 | I68: 107.7 | J68: -998.4

Sheet 原油
B1: Sector Energy Consumption including Energy Conversion | L1: Sector Final Energy Consumption excluding Energy Conversion
A2: 行 业 | B2: 2012 | C2: 2013 | D2: 2014 | E2: 2015 | F2: 2016 | G2: 2017 | H2: 2018 | I2: 2019 | J2: 2020 | K2: difference | L2: 2012 | M2: 2013 | N2: 2014 | O2: 2015 | P2: 2016 | Q2: 2017 | R2: 2018 | S2: 2019 | T2: 2020
A3: 煤炭开采和洗选业 | C3: 0.04 | D3: 0.09 | E3: 0.03 | F3: 0.01 | G3: 0.06 | H3: 13.92 | I3: 0.22 | J3: 0.08 | K3: =SUM(B3:J3)/SUM(L3:T3) -> 24.491525 | P3: 0.01 | Q3: 0.06 | R3: 0.22 | S3: 0.22 | T3: 0.08 | U3: =CORREL(L$44:T$44,L3:T3) -> #DIV/0!
A4: 石油和天然气开采业 | B4: 1050.41 | C4: 1034.66 | D4: 1034.61 | E4: 987.5 | F4: 740.82 | G4: 713.31 | H4: 612.23 | I4: 636.91 | J4: 609.94 | K4: =SUM(B4:J4)/SUM(L4:T4) -> 2.2715874 | L4: 463.1 | M4: 482.34 | N4: 468.86 | O4: 440.4 | P4: 320.11 | Q4: 297.86 | R4: 278.23 | S4: 268.2 | T4: 247.51 | U4: =CORREL(L$44:T$44,L4:T4) -> 0.41884717
A5: 黑色金属矿采选业 | B5: 0.01 | K5: =SUM(B5:J5)/SUM(L5:T5) -> 1 | L5: 0.01 | U5: =CORREL(L$44:T$44,L5:T5) -> #DIV/0!
A6: 有色金属矿采选业 | F6: 1.23 | K6: =SUM(B6:J6)/SUM(L6:T6) -> 1 | P6: 1.23 | U6: =CORREL(L$44:T$44,L6:T6) -> #DIV/0!
A7: 非金属矿采选业 | K7: =SUM(B7:J7)/SUM(L7:T7) -> #DIV/0! | U7: =CORREL(L$44:T$44,L7:T7) -> #DIV/0!
A8: 开采专业及辅助性活动 | B8: 23.66 | C8: 24.51 | D8: 33.52 | E8: 36.64 | F8: 45.82 | G8: 26.59 | H8: 17.86 | I8: 0.1 | J8: 0.09 | K8: =SUM(B8:J8)/SUM(L8:T8) -> 51.0489 | L8: 0.9 | M8: 0.8 | N8: 1.28 | O8: 0.48 | P8: 0.16 | Q8: 0.16 | R8: 0.12 | S8: 0.1 | T8: 0.09 | U8: =CORREL(L$44:T$44,L8:T8) -> 0.7135608
A9: 其他采矿业 | K9: =SUM(B9:J9)/SUM(L9:T9) -> #DIV/0! | U9: =CORREL(L$44:T$44,L9:T9) -> #DIV/0!
A10: 农副食品加工业 | B10: 0.07 | C10: 0.24 | D10: 0.02 | E10: 0.03 | F10: 0.02 | G10: 0.02 | H10: 0.06 | K10: =SUM(B10:J10)/SUM(L10:T10) -> 1 | L10: 0.07 | M10: 0.24 | N10: 0.02 | O10: 0.03 | P10: 0.02 | Q10: 0.02 | R10: 0.06 | U10: =CORREL(L$44:T$44,L10:T10) -> -0.2662159
A11: 食品制造业 | K11: =SUM(B11:J11)/SUM(L11:T11) -> #DIV/0! | U11: =CORREL(L$44:T$44,L11:T11) -> #DIV/0!
A12: 酒、饮料和精制茶制造业 | B12: 0.01 | K12: =SUM(B12:J12)/SUM(L12:T12) -> 1 | L12: 0.01 | U12: =CORREL(L$44:T$44,L12:T12) -> #DIV/0!
A13: 烟草制品业 | K13: =SUM(B13:J13)/SUM(L13:T13) -> #DIV/0! | U13: =CORREL(L$44:T$44,L13:T13) -> #DIV/0!
A14: 纺织业 | C14: 0.01 | G14: 0.01 | H14: 0.07 | K14: =SUM(B14:J14)/SUM(L14:T14) -> 1 | M14: 0.01 | Q14: 0.01 | R14: 0.07 | U14: =CORREL(L$44:T$44,L14:T14) -> #DIV/0!
A15: 纺织服装、服饰业 | B15: 0.05 | C15: 0.02 | D15: 0.02 | E15: 0.01 | G15: 0.01 | K15: =SUM(B15:J15)/SUM(L15:T15) -> 1 | L15: 0.05 | M15: 0.02 | N15: 0.02 | O15: 0.01 | Q15: 0.01 | U15: =CORREL(L$44:T$44,L15:T15) -> -0.45270151
A16: 皮革、毛皮、羽毛及其制品和制鞋业 | B16: 0.1 | C16: 0.05 | D16: 0.01 | E16: 0.02 | F16: 0.02 | K16: =SUM(B16:J16)/SUM(L16:T16) -> 1 | L16: 0.1 | M16: 0.05 | N16: 0.01 | O16: 0.02 | P16: 0.02 | U16: =CORREL(L$44:T$44,L16:T16) -> -0.54872243
A17: 木材加工和木、竹、藤、棕、草制品业 | B17: 0.17 | C17: 0.16 | D17: 0.33 | E17: 0.04 | F17: 0.01 | K17: =SUM(B17:J17)/SUM(L17:T17) -> 1 | L17: 0.17 | M17: 0.16 | N17: 0.33 | O17: 0.04 | P17: 0.01 | U17: =CORREL(L$44:T$44,L17:T17) -> 0.7679509
A18: 家具制造业 | C18: 0.01 | E18: 0.01 | K18: =SUM(B18:J18)/SUM(L18:T18) -> 1 | M18: 0.01 | O18: 0.01 | U18: =CORREL(L$44:T$44,L18:T18) -> #DIV/0!
A19: 造纸和纸制品业 | B19: 0.1 | C19: 0.09 | D19: 0.05 | E19: 0.04 | F19: 0.04 | G19: 0.04 | H19: 0.03 | I19: 0.03 | J19: 0.03 | K19: =SUM(B19:J19)/SUM(L19:T19) -> 1 | L19: 0.1 | M19: 0.09 | N19: 0.05 | O19: 0.04 | P19: 0.04 | Q19: 0.04 | R19: 0.03 | S19: 0.03 | T19: 0.03 | U19: =CORREL(L$44:T$44,L19:T19) -> -0.33924173
A20: 印刷和记录媒介复制业 | B20: 0.01 | K20: =SUM(B20:J20)/SUM(L20:T20) -> 1 | L20: 0.01 | U20: =CORREL(L$44:T$44,L20:T20) -> #DIV/0!
A21: 文教、工美、体育和娱乐用品制造业 | B21: 0.01 | C21: 0.01 | D21: 0.01 | F21: 0.01 | K21: =SUM(B21:J21)/SUM(L21:T21) -> 1 | L21: 0.01 | M21: 0.01 | N21: 0.01 | P21: 0.01 | U21: =CORREL(L$44:T$44,L21:T21) -> #DIV/0!
A22: 石油、煤炭及其他燃料加工业 | B22: 42413.38 | C22: 44315.76 | D22: 46825.64 | E22: 50191.16 | F22: 52431.24 | G22: 55431.9 | H22: 59673.27 | I22: 63223.31 | J22: 65073.92 | K22: =SUM(B22:J22)/SUM(L22:T22) -> 860.58747 | L22: 52.77 | M22: 55.93 | N22: 72.19 | O22: 71.62 | P22: 66.33 | Q22: 63.45 | R22: 66.78 | S22: 55.95 | T22: 52.25 | U22: =CORREL(L$44:T$44,L22:T22) -> 0.6286905
A23: 化学原料和化学制品制造业 | B23: 3060.77 | C23: 3123.7 | D23: 3656.93 | E23: 3536.22 | F23: 3883.65 | G23: 3220.7 | H23: 2676.96 | I23: 3397.86 | J23: 3791.64 | K23: =SUM(B23:J23)/SUM(L23:T23) -> 28.51894 | L23: 29.76 | M23: 87.66 | N23: 312.4 | O23: 269.4 | P23: 241.47 | Q23: 2.18 | R23: 1.7 | S23: 1.35 | T23: 118.23 | U23: =CORREL(L$44:T$44,L23:T23) -> 0.63727821
A24: 医药制造业 | B24: 0.02 | I24: 0.03 | K24: =SUM(B24:J24)/SUM(L24:T24) -> 1 | L24: 0.02 | S24: 0.03 | U24: =CORREL(L$44:T$44,L24:T24) -> #DIV/0!
A25: 化学纤维制造业 | K25: =SUM(B25:J25)/SUM(L25:T25) -> #DIV/0! | U25: =CORREL(L$44:T$44,L25:T25) -> #DIV/0!
A26: 橡胶和塑料制品业 | B26: 0.04 | C26: 0.02 | D26: 0.01 | E26: 0.04 | F26: 0.04 | I26: 0.01 | J26: 0.05 | K26: =SUM(B26:J26)/SUM(L26:T26) -> 1 | L26: 0.04 | M26: 0.02 | N26: 0.01 | O26: 0.04 | P26: 0.04 | S26: 0.01 | T26: 0.05 | U26: =CORREL(L$44:T$44,L26:T26) -> -0.7928466
A27: 非金属矿物制品业 | B27: 7.78 | C27: 1.08 | D27: 0.17 | E27: 0.21 | F27: 0.21 | G27: 0.42 | H27: 0.46 | I27: 0.1 | J27: 0.37 | K27: =SUM(B27:J27)/SUM(L27:T27) -> 1 | L27: 7.78 | M27: 1.08 | N27: 0.17 | O27: 0.21 | P27: 0.21 | Q27: 0.42 | R27: 0.46 | S27: 0.1 | T27: 0.37 | U27: =CORREL(L$44:T$44,L27:T27) -> -0.41486063
A28: 黑色金属冶炼和压延加工业 | B28: 0.01 | C28: 0.02 | D28: 0.02 | E28: 0.02 | F28: 0.02 | G28: 0.01 | K28: =SUM(B28:J28)/SUM(L28:T28) -> 1 | L28: 0.01 | M28: 0.02 | N28: 0.02 | O28: 0.02 | P28: 0.02 | Q28: 0.01 | U28: =CORREL(L$44:T$44,L28:T28) -> 0.38183294
A29: 有色金属冶炼和压延加工业 | B29: 0.23 | C29: 0.24 | D29: 0.06 | E29: 0.01 | F29: 0.01 | H29: 0.36 | I29: 0.3 | J29: 0.21 | K29: =SUM(B29:J29)/SUM(L29:T29) -> 1 | L29: 0.23 | M29: 0.24 | N29: 0.06 | O29: 0.01 | P29: 0.01 | R29: 0.36 | S29: 0.3 | T29: 0.21 | U29: =CORREL(L$44:T$44,L29:T29) -> -0.29057648
A30: 金属制品业 | B30: 0.01 | C30: 0.02 | D30: 0.01 | E30: 0.01 | F30: 0.01 | G30: 0.01 | H30: 0.01 | K30: =SUM(B30:J30)/SUM(L30:T30) -> 1 | L30: 0.01 | M30: 0.02 | N30: 0.01 | O30: 0.01 | P30: 0.01 | Q30: 0.01 | R30: 0.01 | U30: =CORREL(L$44:T$44,L30:T30) -> -0.1684957
A31: 通用设备制造业 | B31: 0.03 | C31: 0.07 | D31: 0.04 | E31: 0.03 | F31: 0.03 | G31: 0.01 | H31: 0.01 | K31: =SUM(B31:J31)/SUM(L31:T31) -> 1 | L31: 0.03 | M31: 0.07 | N31: 0.04 | O31: 0.03 | P31: 0.03 | Q31: 0.01 | R31: 0.01 | U31: =CORREL(L$44:T$44,L31:T31) -> 0.0707675
A32: 专用设备制造业 | B32: 0.04 | C32: 0.15 | D32: 0.14 | E32: 0.08 | F32: 0.08 | G32: 0.09 | J32: 0.01 | K32: =SUM(B32:J32)/SUM(L32:T32) -> 1 | L32: 0.04 | M32: 0.15 | N32: 0.14 | O32: 0.08 | P32: 0.08 | Q32: 0.09 | T32: 0.01 | U32: =CORREL(L$44:T$44,L32:T32) -> 0.58629212
A33: 汽车制造业 | B33: 0.07 | C33: 0.16 | D33: 0.02 | E33: 0.02 | F33: 0.02 | G33: 0.06 | H33: 0.02 | I33: 0.01 | J33: 0.01 | K33: =SUM(B33:J33)/SUM(L33:T33) -> 1 | L33: 0.07 | M33: 0.16 | N33: 0.02 | O33: 0.02 | P33: 0.02 | Q33: 0.06 | R33: 0.02 | S33: 0.01 | T33: 0.01 | U33: =CORREL(L$44:T$44,L33:T33) -> -0.31295261
A34: 铁路、船舶、航空航天和其他运输设备制造业 | B34: 0.01 | C34: 0.06 | D34: 0.01 | E34: 0.01 | F34: 0.01 | G34: 0.01 | H34: 0.01 | I34: 0.01 | K34: =SUM(B34:J34)/SUM(L34:T34) -> 1 | L34: 0.01 | M34: 0.06 | N34: 0.01 | O34: 0.01 | P34: 0.01 | Q34: 0.01 | R34: 0.01 | S34: 0.01 | U34: =CORREL(L$44:T$44,L34:T34) -> -0.1684957
A35: 电气机械和器材制造业 | B35: 0.07 | C35: 0.07 | D35: 0.01 | G35: 0.02 | H35: 0.01 | K35: =SUM(B35:J35)/SUM(L35:T35) -> 1 | L35: 0.07 | M35: 0.07 | N35: 0.01 | Q35: 0.02 | R35: 0.01 | U35: =CORREL(L$44:T$44,L35:T35) -> -0.9887851
A36: 计算机、通信和其他电子设备制造业 | E36: 0.01 | F36: 0.01 | K36: =SUM(B36:J36)/SUM(L36:T36) -> 1 | O36: 0.01 | P36: 0.01 | U36: =CORREL(L$44:T$44,L36:T36) -> #DIV/0!
A37: 仪器仪表制造业 | C37: 0.01 | D37: 0.01 | E37: 0.01 | F37: 0.01 | G37: 0.01 | K37: =SUM(B37:J37)/SUM(L37:T37) -> 1 | M37: 0.01 | N37: 0.01 | O37: 0.01 | P37: 0.01 | Q37: 0.01 | U37: =CORREL(L$44:T$44,L37:T37) -> #DIV/0!
A38: 其他制造业 | K38: =SUM(B38:J38)/SUM(L38:T38) -> #DIV/0! | U38: =CORREL(L$44:T$44,L38:T38) -> #DIV/0!
A39: 废弃资源综合利用业 | K39: =SUM(B39:J39)/SUM(L39:T39) -> #DIV/0! | U39: =CORREL(L$44:T$44,L39:T39) -> #DIV/0!
A40: 金属制品、机械和设备修理业 | C40: 0.01 | D40: 0.01 | I40: 0.01 | K40: =SUM(B40:J40)/SUM(L40:T40) -> 1 | M40: 0.01 | N40: 0.01 | S40: 0.01 | U40: =CORREL(L$44:T$44,L40:T40) -> #DIV/0!
A41: 电力、热力生产和供应业 | B41: 2.46 | C41: 2.25 | D41: 0.33 | E41: 0.27 | F41: 0.26 | G41: 0.2 | H41: 0.21 | I41: 0.17 | J41: 0.16 | K41: =SUM(B41:J41)/SUM(L41:T41) -> 3.94375 | L41: 0.12 | M41: 0.15 | N41: 0.15 | O41: 0.18 | P41: 0.26 | Q41: 0.2 | R41: 0.21 | S41: 0.17 | T41: 0.16 | U41: =CORREL(L$44:T$44,L41:T41) -> -0.28453897
A42: 燃气生产和供应业 | K42: =SUM(B42:J42)/SUM(L42:T42) -> #DIV/0!
A43: 水的生产和供应业 | J43: 0.03 | K43: =SUM(B43:J43)/SUM(L43:T43) -> 0.9610317 | L43: 0.00060822595 | M43: 0.00060822595 | T43: 0.03
A44: # Energy Used as Material | L44: 36.38 | M44: 88.78 | N44: 363.03 | O44: 135.66 | P44: 26.98
A45: Energy Conversion
A46: 项 目 | B46: 2012 | C46: 2013 | D46: 2014 | E46: 2015 | F46: 2016 | G46: 2017 | H46: 2018 | I46: 2019 | J46: 2020
A47: 可供量 | B47: 46684.7 | C47: 48670.9 | D47: 51744.6 | E47: 54593.5 | F47: 57332.3 | G47: 59969 | H47: 63849.2 | I47: 68007.5 | J47: 69969.6
A48: 生产量 | B48: 20747.8 | C48: 20991.9 | D48: 21142.9 | E48: 21455.6 | F48: 19968.5 | G48: 19150.6 | H48: 18932.4 | I48: 19101.4 | J48: 19476.9
A49: 进口量 | B49: 27102.7 | C49: 28174.2 | D49: 30837.4 | E49: 33548.3 | F49: 38100.7 | G49: 41946.2 | H49: 46188.5 | I49: 50567.6 | J49: 54200.7
A50: 出口量(-) | B50: 243.2 | C50: 161.7 | D50: 60 | E50: 286.6 | F50: 294.1 | G50: 486.1 | H50: 262.7 | I50: 81 | J50: 163.8
A51: 年初年末库存差额 | B51: -922.6 | C51: -333.4 | D51: -175.7 | E51: -123.8 | F51: -442.8 | G51: -641.8 | H51: -1009.1 | I51: -1580.5 | J51: -3544.1
A52: 消费量 | B52: 46678.9 | C52: 48652.2 | D52: 51597 | E52: 54788.3 | F52: 57125.9 | G52: 59402.2 | H52: 63004.3 | I52: 67268.3 | J52: 69477.1
A53: 在消费量中:
A54: 1.农、林、牧、渔业
A55: 2.工业 | B55: 46559.5 | C55: 48503.4 | D55: 51552.1 | E55: 54752.4 | F55: 57103.6 | G55: 59393.5 | H55: 62995.5 | I55: 67259.1 | J55: 69476.5
A56: 3.建筑业
A57: 4.交通运输、仓储和邮政业 | B57: 119.4 | C57: 148.7 | D57: 44.9 | E57: 35.9 | F57: 22.3 | G57: 8.7 | H57: 8.8 | I57: 9.2 | J57: 0.6
A58: 5.批发和零售业、住宿和餐饮业
A59: 6.其他
A60: 7.居民生活
A61: 在消费量中:
A62: (一)终端消费 | B62: 555.5 | C62: 629.4 | D62: 855.9 | E62: 782.7 | F62: 630.1 | G62: 364.7 | H62: 348.3 | I62: 326.5 | J62: 419
A63: #工业 | B63: 555.5 | C63: 629.4 | D63: 855.9 | E63: 782.7 | F63: 630.1 | G63: 364.7 | H63: 348.3 | I63: 326.5 | J63: 419
A64: (二)中间消费
A65: (用于加工转换) | B65: 45945.7 | C65: 47810.5 | D65: 50633.3 | E65: 53918.4 | F65: 56455.4 | G65: 58991.5 | H65: 62627.7 | I65: 66907.9 | J65: 69040.5
A66: 火力发电 | B66: 10.9 | C66: 10.4 | D66: 8.9 | E66: 12.5 | F66: 13.1 | G66: 14.2 | H66: 15.3 | I66: 16 | J66: 16.5
A67: 供热 | B67: 1.4 | C67: 3.4 | D67: 7 | E67: 6.7
A68: 炼油 | B68: 45933.5 | C68: 47796.7 | D68: 50617.4 | E68: 53899.2 | F68: 56442.3 | G68: 58977.3 | H68: 62612.4 | I68: 66891.9 | J68: 69023.9
A69: (三)油田原油损失量 | B69: 177.7 | C69: 212.2 | D69: 107.8 | E69: 87.2 | F69: 40.4 | G69: 46 | H69: 28.3 | I69: 33.8 | J69: 17.6
A70: 平衡差额 | B70: 5.8 | C70: 18.7 | D70: 147.7 | E70: -194.8 | F70: 206.4 | G70: 566.8 | H70: 844.8 | I70: 739.2 | J70: 492.5

Sheet 煤油
B1: Sector Energy Consumption including Energy Conversion | L1: Sector Final Energy Consumption excluding Energy Conversion
A2: 行 业 | B2: 2012 | C2: 2013 | D2: 2014 | E2: 2015 | F2: 2016 | G2: 2017 | H2: 2018 | I2: 2019 | J2: 2020 | K2: difference | L2: 2012 | M2: 2013 | N2: 2014 | O2: 2015 | P2: 2016 | Q2: 2017 | R2: 2018 | S2: 2019 | T2: 2020
A3: 煤炭开采和洗选业 | B3: 2.16 | C3: 2.43 | D3: 1.89 | E3: 1.72 | F3: 1.59 | G3: 0.81 | H3: 0.67 | I3: 0.75 | J3: 0.61 | K3: =SUM(B3:J3)/SUM(L3:T3) -> 1 | L3: 2.16 | M3: 2.43 | N3: 1.89 | O3: 1.72 | P3: 1.59 | Q3: 0.81 | R3: 0.67 | S3: 0.75 | T3: 0.61 | U3: =CORREL(L$44:T$44,L3:T3) -> 0.85222944
A4: 石油和天然气开采业 | D4: 0.01 | K4: =SUM(B4:J4)/SUM(L4:T4) -> 1 | N4: 0.01 | U4: =CORREL(L$44:T$44,L4:T4) -> #DIV/0!
A5: 黑色金属矿采选业 | B5: 0.03 | C5: 0.04 | D5: 0.02 | E5: 0.07 | F5: 0.05 | G5: 0.02 | J5: 0.01 | K5: =SUM(B5:J5)/SUM(L5:T5) -> 1 | L5: 0.03 | M5: 0.04 | N5: 0.02 | O5: 0.07 | P5: 0.05 | Q5: 0.02 | T5: 0.01 | U5: =CORREL(L$44:T$44,L5:T5) -> 0.27140529
A6: 有色金属矿采选业 | B6: 0.41 | C6: 0.4 | D6: 0.39 | E6: 0.43 | F6: 0.37 | G6: 0.43 | H6: 0.39 | I6: 0.46 | J6: 0.4 | K6: =SUM(B6:J6)/SUM(L6:T6) -> 1 | L6: 0.41 | M6: 0.4 | N6: 0.39 | O6: 0.43 | P6: 0.37 | Q6: 0.43 | R6: 0.39 | S6: 0.46 | T6: 0.4 | U6: =CORREL(L$44:T$44,L6:T6) -> -0.43325261
A7: 非金属矿采选业 | B7: 0.04 | C7: 0.07 | D7: 0.21 | E7: 0.22 | F7: 0.14 | G7: 0.03 | H7: 0.02 | I7: 0.02 | J7: 0.01 | K7: =SUM(B7:J7)/SUM(L7:T7) -> 1 | L7: 0.04 | M7: 0.07 | N7: 0.21 | O7: 0.22 | P7: 0.14 | Q7: 0.03 | R7: 0.02 | S7: 0.02 | T7: 0.01 | U7: =CORREL(L$44:T$44,L7:T7) -> 0.30294671
A8: 开采专业及辅助性活动 | F8: 0.01 | K8: =SUM(B8:J8)/SUM(L8:T8) -> 1 | P8: 0.01 | U8: =CORREL(L$44:T$44,L8:T8) -> #DIV/0!
A9: 其他采矿业 | K9: =SUM(B9:J9)/SUM(L9:T9) -> #DIV/0! | U9: =CORREL(L$44:T$44,L9:T9) -> #DIV/0!
A10: 农副食品加工业 | B10: 0.12 | C10: 0.18 | D10: 0.21 | E10: 0.5 | F10: 0.35 | G10: 0.2 | H10: 0.14 | I10: 0.09 | J10: 0.04 | K10: =SUM(B10:J10)/SUM(L10:T10) -> 1 | L10: 0.12 | M10: 0.18 | N10: 0.21 | O10: 0.5 | P10: 0.35 | Q10: 0.2 | R10: 0.14 | S10: 0.09 | T10: 0.04 | U10: =CORREL(L$44:T$44,L10:T10) -> 0.23318223
A11: 食品制造业 | B11: 0.03 | C11: 0.04 | D11: 0.02 | E11: 0.05 | F11: 0.1 | G11: 0.01 | J11: 0.01 | K11: =SUM(B11:J11)/SUM(L11:T11) -> 1 | L11: 0.03 | M11: 0.04 | N11: 0.02 | O11: 0.05 | P11: 0.1 | Q11: 0.01 | T11: 0.01 | U11: =CORREL(L$44:T$44,L11:T11) -> 0.44268641
A12: 酒、饮料和精制茶制造业 | B12: 0.01 | C12: 0.01 | D12: 0.02 | E12: 0.08 | F12: 0.04 | G12: 0.05 | H12: 0.06 | I12: 0.06 | K12: =SUM(B12:J12)/SUM(L12:T12) -> 1 | L12: 0.01 | M12: 0.01 | N12: 0.02 | O12: 0.08 | P12: 0.04 | Q12: 0.05 | R12: 0.06 | S12: 0.06 | U12: =CORREL(L$44:T$44,L12:T12) -> -0.71073391
A13: 烟草制品业 | K13: =SUM(B13:J13)/SUM(L13:T13) -> #DIV/0! | U13: =CORREL(L$44:T$44,L13:T13) -> #DIV/0!
A14: 纺织业 | B14: 0.12 | C14: 0.16 | D14: 0.07 | E14: 0.15 | F14: 0.07 | G14: 0.05 | H14: 0.02 | I14: 0.03 | J14: 0.01 | K14: =SUM(B14:J14)/SUM(L14:T14) -> 1 | L14: 0.12 | M14: 0.16 | N14: 0.07 | O14: 0.15 | P14: 0.07 | Q14: 0.05 | R14: 0.02 | S14: 0.03 | T14: 0.01 | U14: =CORREL(L$44:T$44,L14:T14) -> 0.71994892
A15: 纺织服装、服饰业 | B15: 0.41 | C15: 0.06 | D15: 0.04 | E15: 0.04 | F15: 0.02 | I15: 0.05 | K15: =SUM(B15:J15)/SUM(L15:T15) -> 1 | L15: 0.41 | M15: 0.06 | N15: 0.04 | O15: 0.04 | P15: 0.02 | S15: 0.05 | U15: =CORREL(L$44:T$44,L15:T15) -> 0.49171207
A16: 皮革、毛皮、羽毛及其制品和制鞋业 | B16: 0.21 | C16: 0.11 | D16: 0.08 | E16: 0.12 | F16: 0.16 | G16: 0.08 | H16: 0.01 | I16: 0.01 | K16: =SUM(B16:J16)/SUM(L16:T16) -> 1 | L16: 0.21 | M16: 0.11 | N16: 0.08 | O16: 0.12 | P16: 0.16 | Q16: 0.08 | R16: 0.01 | S16: 0.01 | U16: =CORREL(L$44:T$44,L16:T16) -> 0.91616774
A17: 木材加工和木、竹、藤、棕、草制品业 | B17: 0.08 | C17: 0.12 | D17: 0.09 | E17: 0.52 | F17: 0.14 | G17: 0.02 | H17: 0.01 | K17: =SUM(B17:J17)/SUM(L17:T17) -> 1 | L17: 0.08 | M17: 0.12 | N17: 0.09 | O17: 0.52 | P17: 0.14 | Q17: 0.02 | R17: 0.01 | U17: =CORREL(L$44:T$44,L17:T17) -> 0.1353234
A18: 家具制造业 | B18: 0.05 | C18: 0.05 | D18: 0.01 | E18: 0.01 | F18: 0.01 | H18: 0.01 | J18: 0.02 | K18: =SUM(B18:J18)/SUM(L18:T18) -> 1 | L18: 0.05 | M18: 0.05 | N18: 0.01 | O18: 0.01 | P18: 0.01 | R18: 0.01 | T18: 0.02 | U18: =CORREL(L$44:T$44,L18:T18) -> 0.70298599
A19: 造纸和纸制品业 | B19: 0.09 | C19: 0.13 | D19: 0.02 | E19: 0.05 | F19: 0.39 | G19: 0.02 | I19: 0.01 | K19: =SUM(B19:J19)/SUM(L19:T19) -> 1 | L19: 0.09 | M19: 0.13 | N19: 0.02 | O19: 0.05 | P19: 0.39 | Q19: 0.02 | S19: 0.01 | U19: =CORREL(L$44:T$44,L19:T19) -> 0.50744038
A20: 印刷和记录媒介复制业 | B20: 0.08 | C20: 0.13 | D20: 0.03 | E20: 0.05 | F20: 0.04 | G20: 0.03 | H20: 0.01 | I20: 0.01 | J20: 0.01 | K20: =SUM(B20:J20)/SUM(L20:T20) -> 1 | L20: 0.08 | M20: 0.13 | N20: 0.03 | O20: 0.05 | P20: 0.04 | Q20: 0.03 | R20: 0.01 | S20: 0.01 | T20: 0.01 | U20: =CORREL(L$44:T$44,L20:T20) -> 0.79176789
A21: 文教、工美、体育和娱乐用品制造业 | B21: 0.23 | C21: 0.06 | D21: 0.04 | E21: 0.05 | F21: 0.04 | G21: 0.04 | H21: 0.1 | I21: 0.11 | K21: =SUM(B21:J21)/SUM(L21:T21) -> 1 | L21: 0.23 | M21: 0.06 | N21: 0.04 | O21: 0.05 | P21: 0.04 | Q21: 0.04 | R21: 0.1 | S21: 0.11 | U21: =CORREL(L$44:T$44,L21:T21) -> 0.19572395
A22: 石油、煤炭及其他燃料加工业 | B22: 0.21 | C22: 0.17 | D22: 0.21 | E22: 0.15 | F22: 0.19 | G22: 0.25 | H22: 0.07 | I22: 0.18 | J22: 0.03 | K22: =SUM(B22:J22)/SUM(L22:T22) -> 1.140625 | L22: 0.21 | M22: 0.17 | N22: 0.21 | O22: 0.15 | P22: 0.19 | Q22: 0.07 | R22: 0.07 | S22: 0.18 | T22: 0.03 | U22: =CORREL(L$44:T$44,L22:T22) -> 0.50132494
A23: 化学原料和化学制品制造业 | B23: 3.56 | C23: 3.22 | D23: 3.09 | E23: 3.44 | F23: 3.13 | G23: 2.17 | H23: 1.92 | I23: 1.9 | J23: 2 | K23: =SUM(B23:J23)/SUM(L23:T23) -> 1.0004095 | L23: 3.56 | M23: 3.22 | N23: 3.08 | O23: 3.44 | P23: 3.13 | Q23: 2.17 | R23: 1.92 | S23: 1.9 | T23: 2 | U23: =CORREL(L$44:T$44,L23:T23) -> 0.85369983
A24: 医药制造业 | B24: 0.27 | C24: 0.3 | D24: 0.16 | E24: 0.16 | F24: 0.04 | G24: 0.05 | H24: 0.02 | I24: 0.01 | J24: 0.01 | K24: =SUM(B24:J24)/SUM(L24:T24) -> 1 | L24: 0.27 | M24: 0.3 | N24: 0.16 | O24: 0.16 | P24: 0.04 | Q24: 0.05 | R24: 0.02 | S24: 0.01 | T24: 0.01 | U24: =CORREL(L$44:T$44,L24:T24) -> 0.77311625
A25: 化学纤维制造业 | D25: 0.02 | E25: 0.07 | F25: 0.05 | G25: 0.06 | H25: 0.02 | I25: 0.02 | J25: 0.02 | K25: =SUM(B25:J25)/SUM(L25:T25) -> 1 | N25: 0.02 | O25: 0.07 | P25: 0.05 | Q25: 0.06 | R25: 0.02 | S25: 0.02 | T25: 0.02 | U25: =CORREL(L$44:T$44,L25:T25) -> 0.4698838
A26: 橡胶和塑料制品业 | B26: 0.14 | C26: 0.1 | D26: 0.27 | E26: 0.27 | F26: 0.26 | G26: 0.24 | H26: 0.04 | I26: 0.06 | J26: 0.05 | K26: =SUM(B26:J26)/SUM(L26:T26) -> 1 | L26: 0.14 | M26: 0.1 | N26: 0.27 | O26: 0.27 | P26: 0.26 | Q26: 0.24 | R26: 0.04 | S26: 0.06 | T26: 0.05 | U26: =CORREL(L$44:T$44,L26:T26) -> 0.36071128
A27: 非金属矿物制品业 | B27: 4.69 | C27: 1.27 | D27: 1.09 | E27: 2.46 | F27: 1.58 | G27: 1 | H27: 0.82 | I27: 0.83 | J27: 0.53 | K27: =SUM(B27:J27)/SUM(L27:T27) -> 1 | L27: 4.69 | M27: 1.27 | N27: 1.09 | O27: 2.46 | P27: 1.58 | Q27: 1 | R27: 0.82 | S27: 0.83 | T27: 0.53 | U27: =CORREL(L$44:T$44,L27:T27) -> 0.6289058
A28: 黑色金属冶炼和压延加工业 | B28: 0.22 | C28: 0.22 | D28: 0.17 | E28: 0.24 | F28: 0.2 | G28: 0.09 | H28: 0.02 | I28: 0.02 | J28: 0.02 | K28: =SUM(B28:J28)/SUM(L28:T28) -> 1 | L28: 0.22 | M28: 0.22 | N28: 0.17 | O28: 0.24 | P28: 0.2 | Q28: 0.09 | R28: 0.02 | S28: 0.02 | T28: 0.02 | U28: =CORREL(L$44:T$44,L28:T28) -> 0.8359338
A29: 有色金属冶炼和压延加工业 | B29: 2.35 | C29: 1.35 | D29: 0.89 | E29: 0.73 | F29: 0.94 | G29: 1.08 | H29: 0.84 | I29: 0.54 | J29: 0.37 | K29: =SUM(B29:J29)/SUM(L29:T29) -> 1 | L29: 2.35 | M29: 1.35 | N29: 0.89 | O29: 0.73 | P29: 0.94 | Q29: 1.08 | R29: 0.84 | S29: 0.54 | T29: 0.37 | U29: =CORREL(L$44:T$44,L29:T29) -> 0.68176415
A30: 金属制品业 | B30: 1.33 | C30: 1.12 | D30: 0.98 | E30: 0.92 | F30: 0.76 | G30: 0.63 | H30: 0.56 | I30: 0.45 | J30: 0.3 | K30: =SUM(B30:J30)/SUM(L30:T30) -> 1 | L30: 1.33 | M30: 1.12 | N30: 0.98 | O30: 0.92 | P30: 0.76 | Q30: 0.63 | R30: 0.56 | S30: 0.45 | T30: 0.3 | U30: =CORREL(L$44:T$44,L30:T30) -> 0.78393293
A31: 通用设备制造业 | B31: 2.71 | C31: 2.52 | D31: 2.24 | E31: 2.5 | F31: 2.4 | G31: 2.11 | H31: 1.95 | I31: 1.62 | J31: 1.44 | K31: =SUM(B31:J31)/SUM(L31:T31) -> 1 | L31: 2.71 | M31: 2.52 | N31: 2.24 | O31: 2.5 | P31: 2.4 | Q31: 2.11 | R31: 1.95 | S31: 1.62 | T31: 1.44 | U31: =CORREL(L$44:T$44,L31:T31) -> 0.75647228
A32: 专用设备制造业 | B32: 0.35 | C32: 0.63 | D32: 0.59 | E32: 0.9 | F32: 0.92 | G32: 0.93 | H32: 0.78 | I32: 0.77 | J32: 0.88 | K32: =SUM(B32:J32)/SUM(L32:T32) -> 1 | L32: 0.35 | M32: 0.63 | N32: 0.59 | O32: 0.9 | P32: 0.92 | Q32: 0.93 | R32: 0.78 | S32: 0.77 | T32: 0.88 | U32: =CORREL(L$44:T$44,L32:T32) -> -0.47963156
A33: 汽车制造业 | B33: 0.96 | C33: 0.92 | D33: 0.65 | E33: 0.61 | F33: 0.5 | G33: 0.43 | H33: 0.4 | I33: 0.27 | J33: 0.24 | K33: =SUM(B33:J33)/SUM(L33:T33) -> 1 | L33: 0.96 | M33: 0.92 | N33: 0.65 | O33: 0.61 | P33: 0.5 | Q33: 0.43 | R33: 0.4 | S33: 0.27 | T33: 0.24 | U33: =CORREL(L$44:T$44,L33:T33) -> 0.81367615
A34: 铁路、船舶、航空航天和其他运输设备制造业 | B34: 8.34 | C34: 8.74 | D34: 1.98 | E34: 1.89 | F34: 2.61 | G34: 1.82 | H34: 13.06 | I34: 0.95 | J34: 1.3 | K34: =SUM(B34:J34)/SUM(L34:T34) -> 1 | L34: 8.34 | M34: 8.74 | N34: 1.98 | O34: 1.89 | P34: 2.61 | Q34: 1.82 | R34: 13.06 | S34: 0.95 | T34: 1.3 | U34: =CORREL(L$44:T$44,L34:T34) -> 0.092300585
A35: 电气机械和器材制造业 | B35: 0.46 | C35: 0.41 | D35: 0.3 | E35: 0.72 | F35: 0.7 | G35: 0.69 | H35: 0.44 | I35: 0.42 | J35: 0.12 | K35: =SUM(B35:J35)/SUM(L35:T35) -> 1 | L35: 0.46 | M35: 0.41 | N35: 0.3 | O35: 0.72 | P35: 0.7 | Q35: 0.69 | R35: 0.44 | S35: 0.42 | T35: 0.12 | U35: =CORREL(L$44:T$44,L35:T35) -> 0.10416236
A36: 计算机、通信和其他电子设备制造业 | B36: 0.31 | C36: 0.35 | D36: 0.13 | E36: 0.27 | F36: 0.2 | G36: 0.19 | H36: 0.25 | I36: 0.15 | J36: 0.02 | K36: =SUM(B36:J36)/SUM(L36:T36) -> 1 | L36: 0.31 | M36: 0.35 | N36: 0.13 | O36: 0.27 | P36: 0.2 | Q36: 0.19 | R36: 0.25 | S36: 0.15 | T36: 0.02 | U36: =CORREL(L$44:T$44,L36:T36) -> 0.44333535
A37: 仪器仪表制造业 | B37: 0.2 | C37: 0.16 | D37: 0.14 | E37: 0.42 | F37: 0.28 | G37: 0.25 | H37: 0.16 | I37: 0.12 | J37: 0.04 | K37: =SUM(B37:J37)/SUM(L37:T37) -> 1 | L37: 0.2 | M37: 0.16 | N37: 0.14 | O37: 0.42 | P37: 0.28 | Q37: 0.25 | R37: 0.16 | S37: 0.12 | T37: 0.04 | U37: =CORREL(L$44:T$44,L37:T37) -> 0.22169197
... A40: 金属制品、机械和设备修理业 | B40: 1.81 | C40: 1.81 | D40: 0.52 | E40: 0.53 | F40: 0.65 | G40: 0.67 | H40: 0.66 | I40: 0.93 | J40: 0.79 | K40: =SUM(B40:J40)/SUM(L40:T40) -> 1 | L40: 1.81 | M40: 1.81 | N40: 0.52 | O40: 0.53 | P40: 0.65 | Q40: 0.67 | R40: 0.66 | S40: 0.93 | T40: 0.79 | U40: =CORREL(L$44:T$44,L40:T40) -> 0.59861219
A41: 电力、热力生产和供应业 | B41: 0.03 | C41: 0.06 | D41: 0.05 | E41: 0.08 | F41: 0.07 | G41: 0.04 | H41: 1.29 | K41: =SUM(B41:J41)/SUM(L41:T41) -> 1.0384615 | L41: 0.03 | M41: 0.04 | N41: 0.03 | O41: 0.08 | P41: 0.06 | Q41: 0.03 | R41: 1.29 | U41: =CORREL(L$44:T$44,L41:T41) -> -0.74113307
A42: 燃气生产和供应业
A43: 水的生产和供应业
A44: # Energy Used as Material | L44: 2.66 | M44: 2.53 | N44: 1.98 | O44: 1.94 | P44: 2.34 | Q44: 1.68 | R44: 1.18 | S44: 1.17 | T44: 1.82
A45: Energy Conversion
A46: 项 目 | B46: 2012 | C46: 2013 | D46: 2014 | E46: 2015 | F46: 2016 | G46: 2017 | H46: 2018 | I46: 2019 | J46: 2020
A47: 可供量 | B47: 1959.1 | C47: 2189.1 | D47: 2336.4 | E47: 2732.6 | F47: 3020.7 | G47: 3332.8 | H47: 3714.3 | I47: 4002.8 | J47: 3412.4
A48: 生产量 | B48: 2164 | C48: 2523.9 | D48: 3081 | E48: 3658.6 | F48: 3983.9 | G48: 4230.9 | H48: 4770.3 | I48: 5322.6 | J48: 4129.4
A49: 进口量 | B49: 877.3 | C49: 945.2 | D49: 721 | E49: 716.4 | F49: 776.7 | G49: 852.3 | H49: 942.3 | I49: 930 | J49: 514
A50: 出口量(-) | B50: 1085.9 | C50: 1280.6 | D50: 1455.8 | E50: 1626.6 | F50: 1721.7 | G50: 1765.2 | H50: 1947 | I50: 2239.8 | J50: 1226.3
A51: 年初年末库存差额 | B51: 3.7 | C51: 0.6 | D51: -9.7 | E51: -15.8 | F51: -18.2 | G51: 14.8 | H51: -51.3 | I51: -10 | J51: -4.8
A52: 消费量 | B52: 1956.6 | C52: 2164.1 | D52: 2335.4 | E52: 2663.7 | F52: 2970.7 | G52: 3326.4 | H52: 3653.5 | I52: 3950.2 | J52: 3352.1
A53: 在消费量中:
A54: 1.农、林、牧、渔业 | B54: 1.2 | C54: 1.2 | D54: 0.8 | E54: 1.1 | F54: 2.2 | G54: 1.5 | H54: 4.9 | I54: 11 | J54: 11
A55: 2.工业 | B55: 32 | C55: 27.4 | D55: 17.4 | E55: 21.2 | F55: 20 | G55: 14.5 | H55: 24.9 | I55: 11 | J55: 9.4
A56: 3.建筑业 | B56: 7.9 | C56: 11.4 | D56: 10.4 | E56: 12.5 | F56: 10 | G56: 9.7 | H56: 17.3 | I56: 16 | J56: 10.8
A57: 4.交通运输、仓储和邮政业 | B57: 1787.1 | C57: 1998.2 | D57: 2216 | E57: 2504.9 | F57: 2814.9 | G57: 3173.3 | H57: 3462.5 | I57: 3689.2 | J57: 3110.8
A58: 5.批发和零售业、住宿和餐饮业 | B58: 28.6 | C58: 13.4 | D58: 11.3 | E58: 11.7 | F58: 11.2 | G58: 11.3 | H58: 15.5 | I58: 15.5 | J58: 14.8
A59: 6.其他 | B59: 74.2 | C59: 84.6 | D59: 50.7 | E59: 83.3 | F59: 85.9 | G59: 88.4 | H59: 103.8 | I59: 184.2 | J59: 183
A60: 7.居民生活 | B60: 25.6 | C60: 27.9 | D60: 28.9 | E60: 29.1 | F60: 26.4 | G60: 27.6 | H60: 24.6 | I60: 23.4 | J60: 12.4
A61: 平衡差额 | B61: 2.4 | C61: 25 | D61: 1 | E61: 68.9 | F61: 50 | G61: 6.4 | H61: 60.8 | I61: 52.6 | J61: 60.3

Sheet 汽油
B1: Sector Energy Consumption including Energy Conversion | L1: Sector Final Energy Consumption excluding Energy Conversion
A2: 行 业 | B2: 2012 | C2: 2013 | D2: 2014 | E2: 2015 | F2: 2016 | G2: 2017 | H2: 2018 | I2: 2019 | J2: 2020 | K2: difference | L2: 2012 | M2: 2013 | N2: 2014 | O2: 2015 | P2: 2016 | Q2: 2017 | R2: 2018 | S2: 2019 | T2: 2020
A3: 煤炭开采和洗选业 | B3: 16.33 | C3: 14.41 | D3: 12.49 | E3: 10.64 | F3: 8.88 | G3: 7.22 | H3: 6.15 | I3: 4.95 | J3: 3.22 | K3: =SUM(B3:J3)/SUM(L3:T3) -> 1 | L3: 16.33 | M3: 14.41 | N3: 12.49 | O3: 10.64 | P3: 8.88 | Q3: 7.22 | R3: 6.15 | S3: 4.95 | T3: 3.22 | U3: =CORREL(L$44:T$44,L3:T3) -> 0.5360345
A4: 石油和天然气开采业 | B4: 14.24 | C4: 13.92 | D4: 12.67 | E4: 11.29 | F4: 9.91 | G4: 8.9 | H4: 7.77 | I4: 6.99 | J4: 5.65 | K4: =SUM(B4:J4)/SUM(L4:T4) -> 1.0001095 | L4: 14.23 | M4: 13.92 | N4: 12.67 | O4: 11.29 | P4: 9.91 | Q4: 8.9 | R4: 7.77 | S4: 6.99 | T4: 5.65 | U4: =CORREL(L$44:T$44,L4:T4) -> 0.5906323
A5: 黑色金属矿采选业 | B5: 6.32 | C5: 5.54 | D5: 4.78 | E5: 3.73 | F5: 3.27 | G5: 2.12 | H5: 1.17 | I5: 0.81 | J5: 0.6 | K5: =SUM(B5:J5)/SUM(L5:T5) -> 1 | L5: 6.32 | M5: 5.54 | N5: 4.78 | O5: 3.73 | P5: 3.27 | Q5: 2.12 | R5: 1.17 | S5: 0.81 | T5: 0.6 | U5: =CORREL(L$44:T$44,L5:T5) -> 0.56687473
A6: 有色金属矿采选业 | B6: 8.04 | C6: 7.15 | D6: 6.9 | E6: 7.03 | F6: 6.95 | G6: 4.5 | H6: 1.89 | I6: 1.64 | J6: 1.07 | K6: =SUM(B6:J6)/SUM(L6:T6) -> 1 | L6: 8.04 | M6: 7.15 | N6: 6.9 | O6: 7.03 | P6: 6.95 | Q6: 4.5 | R6: 1.89 | S6: 1.64 | T6: 1.07 | U6: =CORREL(L$44:T$44,L6:T6) -> 0.75150427
A7: 非金属矿采选业 | B7: 5.32 | C7: 5.43 | D7: 4.19 | E7: 3.49 | F7: 3.24 | G7: 2.72 | H7: 1.5 | I7: 1.05 | J7: 0.77 | K7: =SUM(B7:J7)/SUM(L7:T7) -> 1 | L7: 5.32 | M7: 5.43 | N7: 4.19 | O7: 3.49 | P7: 3.24 | Q7: 2.72 | R7: 1.5 | S7: 1.05 | T7: 0.77 | U7: =CORREL(L$44:T$44,L7:T7) -> 0.63367611
A8: 开采专业及辅助性活动 | B8: 7.69 | C8: 5.51 | D8: 4.69 | E8: 4.13 | F8: 3.92 | G8: 4.03 | H8: 3.84 | I8: 3.82 | J8: 2.59 | K8: =SUM(B8:J8)/SUM(L8:T8) -> 1 | L8: 7.69 | M8: 5.51 | N8: 4.69 | O8: 4.13 | P8: 3.92 | Q8: 4.03 | R8: 3.84 | S8: 3.82 | T8: 2.59 | U8: =CORREL(L$44:T$44,L8:T8) -> 0.25433976
A9: 其他采矿业 | B9: 0.08 | C9: 0.08 | D9: 0.22 | E9: 0.08 | F9: 0.09 | G9: 0.03 | K9: =SUM(B9:J9)/SUM(L9:T9) -> 1 | L9: 0.08 | M9: 0.08 | N9: 0.22 | O9: 0.08 | P9: 0.09 | Q9: 0.03 | U9: =CORREL(L$44:T$44,L9:T9) -> 0.13352502
A10: 农副食品加工业 | B10: 31.08 | C10: 32.98 | D10: 30.25 | E10: 28.48 | F10: 23.61 | G10: 17.55 | H10: 9.9 | I10: 7.09 | J10: 4.85 | K10: =SUM(B10:J10)/SUM(L10:T10) -> 1 | L10: 31.08 | M10: 32.98 | N10: 30.25 | O10: 28.48 | P10: 23.61 | Q10: 17.55 | R10: 9.9 | S10: 7.09 | T10: 4.85 | U10: =CORREL(L$44:T$44,L10:T10) -> 0.71380381
A11: 食品制造业 | B11: 10.48 | C11: 12.59 | D11: 10.29 | E11: 10.13 | F11: 9.5 | G11: 7.91 | H11: 4.8 | I11: 4.21 | J11: 3.69 | K11: =SUM(B11:J11)/SUM(L11:T11) -> 1 | L11: 10.48 | M11: 12.59 | N11: 10.29 | O11: 10.13 | P11: 9.5 | Q11: 7.91 | R11: 4.8 | S11: 4.21 | T11: 3.69 | U11: =CORREL(L$44:T$44,L11:T11) -> 0.76048495
A12: 酒、饮料和精制茶制造业 | B12: 8.58 | C12: 7.53 | D12: 6.92 | E12: 6.63 | F12: 6.74 | G12: 5.04 | H12: 4.15 | I12: 2.89 | J12: 1.82 | K12: =SUM(B12:J12)/SUM(L12:T12) -> 1 | L12: 8.58 | M12: 7.53 | N12: 6.92 | O12: 6.63 | P12: 6.74 | Q12: 5.04 | R12: 4.15 | S12: 2.89 | T12: 1.82 | U12: =CORREL(L$44:T$44,L12:T12) -> 0.73527117
A13: 烟草制品业 | B13: 0.86 | C13: 0.74 | D13: 0.57 | E13: 0.63 | F13: 0.56 | G13: 0.52 | H13: 0.44 | I13: 0.38 | J13: 0.08 | K13: =SUM(B13:J13)/SUM(L13:T13) -> 1 | L13: 0.86 | M13: 0.74 | N13: 0.57 | O13: 0.63 | P13: 0.56 | Q13: 0.52 | R13: 0.44 | S13: 0.38 | T13: 0.08 | U13: =CORREL(L$44:T$44,L13:T13) -> 0.60146529
A14: 纺织业 | B14: 16.89 | C14: 15.45 | D14: 14.23 | E14: 13.89 | F14: 11.99 | G14: 13.07 | H14: 7.02 | I14: 5.59 | J14: 3.27 | K14: =SUM(B14:J14)/SUM(L14:T14) -> 1.0000986 | L14: 16.89 | M14: 15.45 | N14: 14.23 | O14: 13.89 | P14: 11.99 | Q14: 13.07 | R14: 7.01 | S14: 5.59 | T14: 3.27 | U14: =CORREL(L$44:T$44,L14:T14) -> 0.69961039
A15: 纺织服装、服饰业 | B15: 17.03 | C15: 13.94 | D15: 12.25 | E15: 11.89 | F15: 10.92 | G15: 8.96 | H15: 5.76 | I15: 4.89 | J15: 2.89 | K15: =SUM(B15:J15)/SUM(L15:T15) -> 1 | L15: 17.03 | M15: 13.94 | N15: 12.25 | O15: 11.89 | P15: 10.92 | Q15: 8.96 | R15: 5.76 | S15: 4.89 | T15: 2.89 | U15: =CORREL(L$44:T$44,L15:T15) -> 0.62522643
A16: 皮革、毛皮、羽毛及其制品和制鞋业 | B16: 7.94 | C16: 7.55 | D16: 7.07 | E16: 6.87 | F16: 6.27 | G16: 5.18 | H16: 3.59 | I16: 2.86 | J16: 1.56 | K16: =SUM(B16:J16)/SUM(L16:T16) -> 1 | L16: 7.94 | M16: 7.55 | N16: 7.07 | O16: 6.87 | P16: 6.27 | Q16: 5.18 | R16: 3.59 | S16: 2.86 | T16: 1.56 | U16: =CORREL(L$44:T$44,L16:T16) -> 0.73656096
A17: 木材加工和木、竹、藤、棕、草制品业 | B17: 7.47 | C17: 7.66 | D17: 6.85 | E17: 7.06 | F17: 5.94 | G17: 4.73 | H17: 2.14 | I17: 1.7 | J17: 1.27 | K17: =SUM(B17:J17)/SUM(L17:T17) -> 1 | L17: 7.47 | M17: 7.66 | N17: 6.85 | O17: 7.06 | P17: 5.94 | Q17: 4.73 | R17: 2.14 | S17: 1.7 | T17: 1.27 | U17: =CORREL(L$44:T$44,L17:T17) -> 0.73001963
A18: 家具制造业 | B18: 5.28 | C18: 5.27 | D18: 4.92 | E18: 5.19 | F18: 4.59 | G18: 4.62 | H18: 3.18 | I18: 2.4 | J18: 1.63 | K18: =SUM(B18:J18)/SUM(L18:T18) -> 1 | L18: 5.28 | M18: 5.27 | N18: 4.92 | O18: 5.19 | P18: 4.59 | Q18: 4.62 | R18: 3.18 | S18: 2.4 | T18: 1.63 | U18: =CORREL(L$44:T$44,L18:T18) -> 0.78593329
A19: 造纸和纸制品业 | B19: 9.05 | C19: 8.29 | D19: 6.52 | E19: 6.14 | F19: 5.44 | G19: 4.8 | H19: 3.1 | I19: 2.51 | J19: 1.63 | K19: =SUM(B19:J19)/SUM(L19:T19) -> 1 | L19: 9.05 | M19: 8.29 | N19: 6.52 | O19: 6.14 | P19: 5.44 | Q19: 4.8 | R19: 3.1 | S19: 2.51 | T19: 1.63 | U19: =CORREL(L$44:T$44,L19:T19) -> 0.60438851
A20: 印刷和记录媒介复制业 | B20: 6.18 | C20: 6.29 | D20: 6.66 | E20: 6.56 | F20: 6.45 | G20: 6.25 | H20: 4.09 | I20: 3.59 | J20: 2.83 | K20: =SUM(B20:J20)/SUM(L20:T20) -> 1 | L20: 6.18 | M20: 6.29 | N20: 6.66 | O20: 6.56 | P20: 6.45 | Q20: 6.25 | R20: 4.09 | S20: 3.59 | T20: 2.83 | U20: =CORREL(L$44:T$44,L20:T20) -> 0.8457383
A21: 文教、工美、体育和娱乐用品制造业 | B21: 7.71 | C21: 7.77 | D21: 8.22 | E21: 8.18 | F21: 7.11 | G21: 6.64 | H21: 4.14 | I21: 3.31 | J21: 2.06 | K21: =SUM(B21:J21)/SUM(L21:T21) -> 1 | L21: 7.71 | M21: 7.77 | N21: 8.22 | O21: 8.18 | P21: 7.11 | Q21: 6.64 | R21: 4.14 | S21: 3.31 | T21: 2.06 | U21: =CORREL(L$44:T$44,L21:T21) -> 0.79302515
... A41: 电力、热力生产和供应业 | B41: 27.76 | C41: 27.28 | D41: 26.01 | E41: 25.97 | F41: 23.88 | G41: 21.88 | H41: 19.07 | I41: 21.55 | J41: 13.6 | K41: =SUM(B41:J41)/SUM(L41:T41) -> 1.0035877 | L41: 27.69 | M41: 27.17 | N41: 25.92 | O41: 25.73 | P41: 23.79 | Q41: 21.85 | R41: 19.01 | S41: 21.5 | T41: 13.6 | U41: =CORREL(L$44:T$44,L41:T41) -> 0.60342494
A42: 燃气生产和供应业 | B42: 2.64 | C42: 2.92 | D42: 3.04 | E42: 3.39 | F42: 3.08 | G42: 2.87 | H42: 2.62 | I42: 2.55 | J42: 2.28 | K42: =SUM(B42:J42)/SUM(L42:T42) -> 1 | L42: 2.64 | M42: 2.92 | N42: 3.04 | O42: 3.39 | P42: 3.08 | Q42: 2.87 | R42: 2.62 | S42: 2.55 | T42: 2.28
A43: 水的生产和供应业 | B43: 3.5 | C43: 3.57 | D43: 3.47 | E43: 3.94 | F43: 4.19 | G43: 3.77 | H43: 3.32 | I43: 2.96 | J43: 1.79 | K43: =SUM(B43:J43)/SUM(L43:T43) -> 1 | L43: 3.5 | M43: 3.57 | N43: 3.47 | O43: 3.94 | P43: 4.19 | Q43: 3.77 | R43: 3.32 | S43: 2.96 | T43: 1.79
A44: # Energy Used as Material | L44: 7.35 | M44: 11.04 | N44: 10.35 | O44: 9.33 | P44: 14.36 | Q44: 9.27 | R44: 7.7 | S44: 2.15 | T44: 2.47
A45: Energy Conversion
A46: 项 目 | B46: 2012 | C46: 2013 | D46: 2014 | E46: 2015 | F46: 2016 | G46: 2017 | H46: 2018 | I46: 2019 | J46: 2020
A47: 可供量 | B47: 8164.5 | C47: 9369.5 | D47: 9770.7 | E47: 11385 | F47: 11829.4 | G47: 12200.5 | H47: 13035.3 | I47: 13690.3 | J47: 12829
A48: 生产量 | B48: 8976.1 | C48: 9834 | D48: 11029.9 | E48: 12103.6 | F48: 12932 | G48: 13276.2 | H48: 14264.7 | I48: 14880.7 | J48: 14256.7
A49: 进口量 | B49: 0.5 | D49: 3.4 | E49: 17 | F49: 20.8 | G49: 1.6 | H49: 44.5 | I49: 33.3 | J49: 48
A50: 出口量(-) | B50: 291.7 | C50: 468.7 | D50: 507.5 | E50: 589.3 | F50: 969.3 | G50: 1051.4 | H50: 1287.9 | I50: 1637.1 | J50: 1600
A51: 年初年末库存差额 | B51: -520.3 | C51: 4.2 | D51: -755 | E51: -146.3 | F51: -154.2 | G51: -26 | H51: 13.9 | I51: 413.3 | J51: 124.3
A52: 消费量 | B52: 8165.9 | C52: 9366.4 | D52: 9776.4 | E52: 11368.5 | F52: 11866 | G52: 12296.3 | H52: 13055.3 | I52: 13628 | J52: 12767.2
A53: 在消费量中:
A54: 1.农、林、牧、渔业 | B54: 192.9 | C54: 198.7 | D54: 216.6 | E54: 231.3 | F54: 224.4 | G54: 229.6 | H54: 242.9 | I54: 253.2 | J54: 257.3
A55: 2.工业 | B55: 581.1 | C55: 523.4 | D55: 489 | E55: 477.1 | F55: 436.3 | G55: 382.1 | H55: 296.5 | I55: 262 | J55: 184
A56: 3.建筑业 | B56: 286.9 | C56: 326.5 | D56: 331 | E56: 408.6 | F56: 437.3 | G56: 452.3 | H56: 505 | I56: 499.9 | J56: 508.4
A57: 4.交通运输、仓储和邮政业 | B57: 3778 | C57: 4381.8 | D57: 4665 | E57: 5306.6 | F57: 5511.1 | G57: 5698.5 | H57: 6067.6 | I57: 6244.9 | J57: 5573.6
A58: 5.批发和零售业、住宿和餐饮业 | B58: 200.1 | C58: 220.9 | D58: 217.8 | E58: 243.3 | F58: 240.9 | G58: 244.5 | H58: 275.5 | I58: 287.9 | J58: 273.2
A59: 6.其他 | B59: 1460.5 | C59: 1818.7 | D59: 1738.1 | E59: 2108.5 | F59: 2046.4 | G59: 2075 | H59: 2163.6 | I59: 2240.9 | J59: 2253.1
A60: 7.居民生活 | B60: 1666.5 | C60: 1896.4 | D60: 2118.8 | E60: 2593.1 | F60: 2969.7 | G60: 3214.2 | H60: 3504.2 | I60: 3839.1 | J60: 3717.6
A61: 平衡差额 | B61: -1.4 | C61: 3.2 | D61: -5.7 | E61: 16.6 | F61: -36.7 | G61: -95.8 | H61: -20 | I61: 62.3 | J61: 61.9

Sheet 柴油
B1: Sector Energy Consumption including Energy Conversion | L1: Sector Final Energy Consumption excluding Energy Conversion
A2: 行 业 | B2: 2012 | C2: 2013 | D2: 2014 | E2: 2015 | F2: 2016 | G2: 2017 | H2: 2018 | I2: 2019 | J2: 2020 | K2: difference | L2: 2012 | M2: 2013 | N2: 2014 | O2: 2015 | P2: 2016 | Q2: 2017 | R2: 2018 | S2: 2019 | T2: 2020
A3: 煤炭开采和洗选业 | B3: 215.21 | C3: 211.58 | D3: 196.37 | E3: 165.03 | F3: 153.04 | G3: 155.83 | H3: 163.16 | I3: 152.71 | J3: 147.53 | K3: =SUM(B3:J3)/SUM(L3:T3) -> 1.0008916 | L3: 214.98 | M3: 211.45 | N3: 196.25 | O3: 164.84 | P3: 152.95 | Q3: 155.51 | R3: 163.07 | S3: 152.6 | T3: 147.42 | U3: =CORREL(L$44:T$44,L3:T3) -> 0.023949304
A4: 石油和天然气开采业 | B4: 63.41 | C4: 61.01 | D4: 53.91 | E4: 47.5 | F4: 49.32 | G4: 41.34 | H4: 40.86 | I4: 40.59 | J4: 25.03 | K4: =SUM(B4:J4)/SUM(L4:T4) -> 1.000994 | L4: 63.23 | M4: 60.88 | N4: 53.91 | O4: 47.5 | P4: 49.32 | Q4: 41.34 | R4: 40.81 | S4: 40.56 | T4: 25 | U4: =CORREL(L$44:T$44,L4:T4) -> 0.22785838
A5: 黑色金属矿采选业 | B5: 112.98 | C5: 109.96 | D5: 105.69 | E5: 82.87 | F5: 62.74 | G5: 56.43 | H5: 50.15 | I5: 42.54 | J5: 34.91 | K5: =SUM(B5:J5)/SUM(L5:T5) -> 1.0004712 | L5: 112.8 | M5: 109.85 | N5: 105.69 | O5: 82.87 | P5: 62.74 | Q5: 56.43 | R5: 50.15 | S5: 42.54 | T5: 34.89 | U5: =CORREL(L$44:T$44,L5:T5) -> 0.17439727
A6: 有色金属矿采选业 | B6: 35.36 | C6: 35.09 | D6: 31.73 | E6: 30.6 | F6: 32.22 | G6: 27.65 | H6: 24.33 | I6: 21.82 | J6: 16.57 | K6: =SUM(B6:J6)/SUM(L6:T6) -> 1.0004701 | L6: 35.3 | M6: 35.03 | N6: 31.73 | O6: 30.6 | P6: 32.22 | Q6: 27.65 | R6: 24.33 | S6: 21.82 | T6: 16.57 | U6: =CORREL(L$44:T$44,L6:T6) -> 0.34054071
A7: 非金属矿采选业 | B7: 65.78 | C7: 71.67 | D7: 68.27 | E7: 70.8 | F7: 64.93 | G7: 56.29 | H7: 52.28 | I7: 53.82 | J7: 47.86 | K7: =SUM(B7:J7)/SUM(L7:T7) -> 1.0003808 | L7: 65.77 | M7: 71.66 | N7: 68.27 | O7: 70.8 | P7: 64.93 | Q7: 56.2 | R7: 52.25 | S7: 53.79 | T7: 47.82 | U7: =CORREL(L$44:T$44,L7:T7) -> 0.38000196
A8: 开采专业及辅助性活动 | B8: 139.01 | C8: 107.61 | D8: 117.65 | E8: 93.6 | F8: 73.82 | G8: 100.87 | H8: 136.51 | I8: 153.85 | J8: 105.17 | K8: =SUM(B8:J8)/SUM(L8:T8) -> 1 | L8: 139.01 | M8: 107.61 | N8: 117.65 | O8: 93.6 | P8: 73.82 | Q8: 100.87 | R8: 136.51 | S8: 153.85 | T8: 105.17 | U8: =CORREL(L$44:T$44,L8:T8) -> -0.43998887
A9: 其他采矿业 | B9: 0.02 | C9: 0.29 | D9: 0.42 | E9: 0.13 | F9: 0.13 | G9: 0.42 | H9: 0.08 | I9: 0.1 | J9: 0.23 | K9: =SUM(B9:J9)/SUM(L9:T9) -> 1 | L9: 0.02 | M9: 0.29 | N9: 0.42 | O9: 0.13 | P9: 0.13 | Q9: 0.42 | R9: 0.08 | S9: 0.1 | T9: 0.23 | U9: =CORREL(L$44:T$44,L9:T9) -> -0.23396239
A10: 农副食品加工业 | B10: 50.83 | C10: 51.17 | D10: 49.36 | E10: 47.78 | F10: 42 | G10: 36.35 | H10: 25.59 | I10: 21.55 | J10: 12.34 | K10: =SUM(B10:J10)/SUM(L10:T10) -> 1.001129 | L10: 50.78 | M10: 51.13 | N10: 49.3 | O10: 47.72 | P10: 41.95 | Q10: 36.31 | R10: 25.56 | S10: 21.51 | T10: 12.33 | U10: =CORREL(L$44:T$44,L10:T10) -> 0.30696866
A11: 食品制造业 | B11: 22.62 | C11: 20.65 | D11: 16.82 | E11: 15.99 | F11: 14.5 | G11: 13.31 | H11: 9.52 | I11: 8.26 | J11: 5.01 | K11: =SUM(B11:J11)/SUM(L11:T11) -> 1.0003949 | L11: 22.62 | M11: 20.65 | N11: 16.82 | O11: 15.99 | P11: 14.45 | Q11: 13.31 | R11: 9.52 | S11: 8.26 | T11: 5.01 | U11: =CORREL(L$44:T$44,L11:T11) -> 0.15976278
A12: 酒、饮料和精制茶制造业 | B12: 13.9 | C12: 12.1 | D12: 11.25 | E12: 11.22 | F12: 10.34 | G12: 8.24 | H12: 6.13 | I12: 4.77 | J12: 2.89 | K12: =SUM(B12:J12)/SUM(L12:T12) -> 1 | L12: 13.9 | M12: 12.1 | N12: 11.25 | O12: 11.22 | P12: 10.34 | Q12: 8.24 | R12: 6.13 | S12: 4.77 | T12: 2.89 | U12: =CORREL(L$44:T$44,L12:T12) -> 0.29867618
A13: 烟草制品业 | B13: 3.36 | C13: 3.18 | D13: 2.26 | E13: 1.78 | F13: 1.31 | G13: 1.32 | H13: 1.66 | I13: 1.04 | J13: 0.55 | K13: =SUM(B13:J13)/SUM(L13:T13) -> 1 | L13: 3.36 | M13: 3.18 | N13: 2.26 | O13: 1.78 | P13: 1.31 | Q13: 1.32 | R13: 1.66 | S13: 1.04 | T13: 0.55 | U13: =CORREL(L$44:T$44,L13:T13) -> 0.095441266
A14: 纺织业 | B14: 20.2 | C14: 17.67 | D14: 15.75 | E14: 14.76 | F14: 12.92 | G14: 21.29 | H14: 7.28 | I14: 6 | J14: 3.9 | K14: =SUM(B14:J14)/SUM(L14:T14) -> 1.018539 | L14: 19.92 | M14: 17.33 | N14: 15.49 | O14: 14.47 | P14: 12.65 | Q14: 20.9 | R14: 7.12 | S14: 5.91 | T14: 3.8 | U14: =CORREL(L$44:T$44,L14:T14) -> -0.09745866
... A41: 电力、热力生产和供应业 | B41: 74.17 | C41: 73.54 | D41: 65.16 | E41: 60.74 | F41: 55 | G41: 58.91 | H41: 48.68 | I41: 52.15 | J41: 45.28 | K41: =SUM(B41:J41)/SUM(L41:T41) -> 1.8140808 | L41: 40.04 | M41: 38.53 | N41: 37.57 | O41: 37.82 | P41: 33.06 | Q41: 36.48 | R41: 23.62 | S41: 28.23 | T41: 18.81 | U41: =CORREL(L$44:T$44,L41:T41) -> 0.025947349
A42: 燃气生产和供应业 | B42: 2.33 | C42: 1.97 | D42: 1.91 | E42: 2.54 | F42: 2.03 | G42: 1.57 | H42: 1.58 | I42: 1.38 | J42: 0.74 | K42: =SUM(B42:J42)/SUM(L42:T42) -> 1 | L42: 2.33 | M42: 1.97 | N42: 1.91 | O42: 2.54 | P42: 2.03 | Q42: 1.57 | R42: 1.58 | S42: 1.38 | T42: 0.74
A43: 水的生产和供应业 | B43: 1.73 | C43: 1.76 | D43: 1.58 | E43: 2.13 | F43: 2.14 | G43: 2.27 | H43: 2.08 | I43: 2 | J43: 0.94 | K43: =SUM(B43:J43)/SUM(L43:T43) -> 1.0018072 | L43: 1.7 | M43: 1.76 | N43: 1.58 | O43: 2.13 | P43: 2.14 | Q43: 2.27 | R43: 2.08 | S43: 2 | T43: 0.94
A44: # Energy Used as Material | L44: 21.45 | M44: 23.97 | N44: 27.48 | O44: 27.5 | P44: 34.35 | Q44: 16.13 | R44: 30.09 | S44: 17.4 | T44: 20.75
A45: Energy Conversion
A46: 项 目 | B46: 2012 | C46: 2013 | D46: 2014 | E46: 2015 | F46: 2016 | G46: 2017 | H46: 2018 | I46: 2019 | J46: 2020
A47: 可供量 | B47: 16966.9 | C47: 17105.9 | D47: 17172.9 | E47: 17353.6 | F47: 16765.2 | G47: 16994.5 | H47: 16567.3 | I47: 15359.6 | J47: 14459.7
A48: 生产量 | B48: 17063.8 | C48: 17275.7 | D48: 17635.3 | E48: 18007.9 | F48: 17917.7 | G48: 18667.9 | H48: 18360.1 | I48: 17308.3 | J48: 16529.9
A49: 进口量 | B49: 99.9 | C49: 35.3 | D49: 55 | E49: 71.5 | F49: 116.1 | G49: 107.6 | H49: 89 | I49: 144.5 | J49: 137.5
A50: 出口量(-) | B50: 205.7 | C50: 294.4 | D50: 423.9 | E50: 731.3 | F50: 1556.9 | G50: 1736.8 | H50: 1872.8 | I50: 2189.1 | J50: 2011.2
A51: 年初年末库存差额 | B51: 8.9 | C51: 89.4 | D51: -93.7 | E51: 5.5 | F51: 288.3 | G51: -44.2 | H51: -9 | I51: 95.9 | J51: -196.5
A52: 消费量 | B52: 16966 | C52: 17150.6 | D52: 17165.3 | E52: 17360.3 | F52: 16839 | G52: 16916.5 | H52: 16409.6 | I52: 14917.9 | J52: 14282.7
A53: 在消费量中:
A54: 1.农、林、牧、渔业 | B54: 1335.5 | C54: 1441.5 | D54: 1492 | E54: 1492.9 | F54: 1495.9 | G54: 1546.8 | H54: 1468.2 | I54: 1475.1 | J54: 1497.2
A55: 2.工业 | B55: 1747.7 | C55: 1675.9 | D55: 1595.3 | E55: 1516.4 | F55: 1412.9 | G55: 1459.9 | H55: 1259.5 | I55: 1290.6 | J55: 1026.1
A56: 3.建筑业 | B56: 518 | C56: 557 | D56: 552 | E56: 555.7 | F56: 561.3 | G56: 596.1 | H56: 543.4 | I56: 530.3 | J56: 503.9
A57: 4.交通运输、仓储和邮政业 | B57: 10727 | C57: 10920.5 | D57: 11042.8 | E57: 11162.8 | F57: 11068.5 | G57: 11173.7 | H57: 11166.9 | I57: 9867.3 | J57: 9532
A58: 5.批发和零售业、住宿和餐饮业 | B58: 229 | C58: 233.5 | D58: 230.1 | E58: 257.7 | F58: 232 | G58: 233.8 | H58: 211.8 | I58: 203.9 | J58: 197.6
A59: 6.其他 | B59: 1444.7 | C59: 1339.8 | D59: 1268.7 | E59: 1384.2 | F59: 1307.2 | G59: 1233.3 | H59: 1107.4 | I59: 954 | J59: 946.2
A60: 7.居民生活 | B60: 964.1 | C60: 982.5 | D60: 984.4 | E60: 990.7 | F60: 761.3 | G60: 673 | H60: 652.3 | I60: 596.8 | J60: 579.8
A61: 在消费量中:
A62: (一)终端消费 | B62: 16900.7 | C62: 17106.8 | D62: 17127 | E62: 17280.4 | F62: 16736.4 | G62: 16722.4 | H62: 16340 | I62: 14805.6 | J62: 14136.2
A63: #工 业 | B63: 1682.3 | C63: 1632 | D63: 1557 | E63: 1436.5 | F63: 1310.3 | G63: 1265.8 | H63: 1189.9 | I63: 1178.3 | J63: 879.6
A64: (二)中间消费
A65: (用于加工转换) | B65: 65.4 | C65: 43.9 | D65: 38.3 | E65: 79.9 | F65: 102.7 | G65: 194.1 | H65: 69.6 | I65: 112.3 | J65: 146.5
A66: 火力发电 | B66: 35.6 | C66: 35.6 | D66: 25.8 | E66: 22.4 | F66: 29.2 | G66: 23.9 | H66: 26.4 | I66: 24.2 | J66: 27.6
A67: 供 热 | B67: 2.4 | C67: 2.6 | D67: 4.7 | E67: 6.2 | F67: 6.1 | G67: 5.9 | H67: 5.2 | I67: 5.3 | J67: 2.9
A68: (三)损失量
A69: 平衡差额 | B69: 0.9 | C69: -44.7 | D69: 7.6 | E69: -6.7 | F69: -73.9 | G69: 78 | H69: 157.8 | I69: 441.6 | J69: 177

Sheet 燃料油
B1: Sector Energy Consumption including Energy Conversion | L1: Sector Final Energy Consumption excluding Energy Conversion
A2: 行 业 | B2: 2012 | C2: 2013 | D2: 2014 | E2: 2015 | F2: 2016 | G2: 2017 | H2: 2018 | I2: 2019 | J2: 2020 | K2: difference | L2: 2012 | M2: 2013 | N2: 2014 | O2: 2015 | P2: 2016 | Q2: 2017 | R2: 2018 | S2: 2019 | T2: 2020
A3: 煤炭开采和洗选业 | B3: 0.92 | C3: 0.71 | D3: 0.47 | E3: 0.43 | F3: 0.5 | G3: 0.36 | H3: 0.26 | I3: 0.32 | J3: 0.22 | K3: =SUM(B3:J3)/SUM(L3:T3) -> 1.0826873 | L3: 0.89 | M3: 0.69 | N3: 0.45 | O3: 0.4 | P3: 0.47 | Q3: 0.28 | R3: 0.22 | S3: 0.27 | T3: 0.2 | U3: =CORREL(L$44:T$44,L3:T3) -> 0.16582523
A4: 石油和天然气开采业 | B4: 13.27 | C4: 19.2 | D4: 20.89 | E4: 28.47 | F4: 37.28 | G4: 28.67 | H4: 25.14 | I4: 5.95 | J4: 0.39 | K4: =SUM(B4:J4)/SUM(L4:T4) -> 1.3502561 | L4: 12.77 | M4: 10.67 | N4: 12.68 | O4: 22.39 | P4: 33.5 | Q4: 22.41 | R4: 17.17 | S4: 0.87 | T4: 0.3 | U4: =CORREL(L$44:T$44,L4:T4) -> 0.45871722
A5: 黑色金属矿采选业 | B5: 0.04 | C5: 0.03 | D5: 0.06 | E5: 0.04 | F5: 0.04 | G5: 0.02 | H5: 0.05 | I5: 0.05 | J5: 0.01 | K5: =SUM(B5:J5)/SUM(L5:T5) -> 1 | L5: 0.04 | M5: 0.03 | N5: 0.06 | O5: 0.04 | P5: 0.04 | Q5: 0.02 | R5: 0.05 | S5: 0.05 | T5: 0.01 | U5: =CORREL(L$44:T$44,L5:T5) -> 0.075343474
A6: 有色金属矿采选业 | B6: 0.05 | C6: 1.78 | D6: 1.8 | E6: 1.51 | F6: 0.03 | G6: 1.4 | H6: 1.59 | I6: 0.96 | J6: 0.52 | K6: =SUM(B6:J6)/SUM(L6:T6) -> 1 | L6: 0.05 | M6: 1.78 | N6: 1.8 | O6: 1.51 | P6: 0.03 | Q6: 1.4 | R6: 1.59 | S6: 0.96 | T6: 0.52 | U6: =CORREL(L$44:T$44,L6:T6) -> 0.060338396
A7: 非金属矿采选业 | B7: 0.16 | C7: 0.17 | D7: 0.2 | E7: 0.18 | F7: 0.2 | G7: 0.02 | H7: 0.03 | I7: 0.04 | J7: 0.04 | K7: =SUM(B7:J7)/SUM(L7:T7) -> 1 | L7: 0.16 | M7: 0.17 | N7: 0.2 | O7: 0.18 | P7: 0.2 | Q7: 0.02 | R7: 0.03 | S7: 0.04 | T7: 0.04 | U7: =CORREL(L$44:T$44,L7:T7) -> 0.54142605
A8: 开采专业及辅助性活动 | B8: 2 | C8: 1.9 | D8: 1.12 | E8: 0.93 | F8: 0.73 | G8: 0.69 | H8: 0.87 | I8: 0.61 | J8: 0.07 | K8: =SUM(B8:J8)/SUM(L8:T8) -> 3.2915129 | L8: 0.21 | M8: 0.31 | N8: 0.45 | O8: 0.32 | P8: 0.21 | Q8: 0.24 | R8: 0.6 | S8: 0.3 | T8: 0.07 | U8: =CORREL(L$44:T$44,L8:T8) -> -0.025137547
A9: 其他采矿业 | K9: =SUM(B9:J9)/SUM(L9:T9) -> #DIV/0! | U9: =CORREL(L$44:T$44,L9:T9) -> #DIV/0!
A10: 农副食品加工业 | B10: 4.67 | C10: 4.1 | D10: 2.77 | E10: 1.78 | F10: 2.12 | G10: 2.24 | H10: 1.57 | I10: 1.51 | J10: 0.93 | K10: =SUM(B10:J10)/SUM(L10:T10) -> 1 | L10: 4.67 | M10: 4.1 | N10: 2.77 | O10: 1.78 | P10: 2.12 | Q10: 2.24 | R10: 1.57 | S10: 1.51 | T10: 0.93 | U10: =CORREL(L$44:T$44,L10:T10) -> -0.018740246
A11: 食品制造业 | B11: 5.59 | C11: 5.09 | D11: 5.54 | E11: 3.59 | F11: 2.61 | G11: 2.48 | H11: 2.12 | I11: 1.12 | J11: 0.43 | K11: =SUM(B11:J11)/SUM(L11:T11) -> 1 | L11: 5.59 | M11: 5.09 | N11: 5.54 | O11: 3.59 | P11: 2.61 | Q11: 2.48 | R11: 2.12 | S11: 1.12 | T11: 0.43 | U11: =CORREL(L$44:T$44,L11:T11) -> 0.2343706
A12: 酒、饮料和精制茶制造业 | B12: 3.18 | C12: 2.04 | D12: 1.47 | E12: 0.64 | F12: 1.08 | G12: 2.15 | H12: 0.59 | I12: 0.36 | J12: 0.39 | K12: =SUM(B12:J12)/SUM(L12:T12) -> 1 | L12: 3.18 | M12: 2.04 | N12: 1.47 | O12: 0.64 | P12: 1.08 | Q12: 2.15 | R12: 0.59 | S12: 0.36 | T12: 0.39 | U12: =CORREL(L$44:T$44,L12:T12) -> -0.11986364
A13: 烟草制品业 | B13: 0.97 | C13: 0.74 | D13: 0.47 | E13: 0.42 | F13: 0.32 | G13: 0.13 | K13: =SUM(B13:J13)/SUM(L13:T13) -> 1 | L13: 0.97 | M13: 0.74 | N13: 0.47 | O13: 0.42 | P13: 0.32 | Q13: 0.13 | U13: =CORREL(L$44:T$44,L13:T13) -> -0.063121223
A14: 纺织业 | B14: 8.8 | C14: 7.41 | D14: 7.93 | E14: 7.12 | F14: 5.84 | G14: 6.29 | H14: 4.85 | I14: 3.45 | J14: 1.17 | K14: =SUM(B14:J14)/SUM(L14:T14) -> 1.0003785 | L14: 8.78 | M14: 7.41 | N14: 7.93 | O14: 7.12 | P14: 5.84 | Q14: 6.29 | R14: 4.85 | S14: 3.45 | T14: 1.17 | U14: =CORREL(L$44:T$44,L14:T14) -> 0.3454683
A15: 纺织服装、服饰业 | B15: 2.81 | C15: 1.34 | D15: 0.82 | E15: 0.61 | F15: 0.52 | G15: 0.62 | H15: 0.52 | I15: 0.49 | J15: 0.25 | K15: =SUM(B15:J15)/SUM(L15:T15) -> 1 | L15: 2.81 | M15: 1.34 | N15: 0.82 | O15: 0.61 | P15: 0.52 | Q15: 0.62 | R15: 0.52 | S15: 0.49 | T15: 0.25 | U15: =CORREL(L$44:T$44,L15:T15) -> 0.0049763877
A16: 皮革、毛皮、羽毛及其制品和制鞋业 | B16: 3.35 | C16: 2.05 | D16: 1.69 | E16: 0.93 | F16: 0.53 | G16: 0.37 | H16: 0.37 | I16: 0.34 | J16: 0.14 | K16: =SUM(B16:J16)/SUM(L16:T16) -> 1 | L16: 3.35 | M16: 2.05 | N16: 1.69 | O16: 0.93 | P16: 0.53 | Q16: 0.37 | R16: 0.37 | S16: 0.34 | T16: 0.14 | U16: =CORREL(L$44:T$44,L16:T16) -> 0.094683069
A17: 木材加工和木、竹、藤、棕、草制品业 | B17: 0.17 | C17: 0.17 | D17: 0.14 | E17: 0.17 | F17: 0.31 | G17: 0.23 | H17: 0.29 | I17: 0.21 | J17: 0.13 | K17: =SUM(B17:J17)/SUM(L17:T17) -> 1 | L17: 0.17 | M17: 0.17 | N17: 0.14 | O17: 0.17 | P17: 0.31 | Q17: 0.23 | R17: 0.29 | S17: 0.21 | T17: 0.13 | U17: =CORREL(L$44:T$44,L17:T17) -> -0.094730088
A18: 家具制造业 | B18: 0.32 | C18: 0.25 | D18: 0.26 | E18: 0.27 | F18: 0.29 | G18: 0.31 | H18: 0.16 | I18: 0.14 | J18: 0.06 | K18: =SUM(B18:J18)/SUM(L18:T18) -> 1 | L18: 0.32 | M18: 0.25 | N18: 0.26 | O18: 0.27 | P18: 0.29 | Q18: 0.31 | R18: 0.16 | S18: 0.14 | T18: 0.06 | U18: =CORREL(L$44:T$44,L18:T18) -> 0.35142747
A19: 造纸和纸制品业 | B19: 7.18 | C19: 13.21 | D19: 12.63 | E19: 12.1 | F19: 13.68 | G19: 13.22 | H19: 5.95 | I19: 8.12 | J19: 6.06 | K19: =SUM(B19:J19)/SUM(L19:T19) -> 1.9286312 | L19: 7.1 | M19: 7.62 | N19: 5.15 | O19: 5.43 | P19: 5.41 | Q19: 4.2 | R19: 2.14 | S19: 8.01 | T19: 2.72 | U19: =CORREL(L$44:T$44,L19:T19) -> 0.097606507
A20: 印刷和记录媒介复制业 | B20: 0.7 | C20: 0.79 | D20: 0.5 | E20: 0.36 | F20: 0.32 | G20: 0.22 | H20: 0.31 | I20: 0.4 | J20: 0.16 | K20: =SUM(B20:J20)/SUM(L20:T20) -> 1 | L20: 0.7 | M20: 0.79 | N20: 0.5 | O20: 0.36 | P20: 0.32 | Q20: 0.22 | R20: 0.31 | S20: 0.4 | T20: 0.16 | U20: =CORREL(L$44:T$44,L20:T20) -> 0.024894737
A21: 文教、工美、体育和娱乐用品制造业 | B21: 1.46 | C21: 0.71 | D21: 0.85 | E21: 0.87 | F21: 0.78 | G21: 0.84 | H21: 0.44 | I21: 0.46 | J21: 0.27 | K21: =SUM(B21:J21)/SUM(L21:T21) -> 1 | L21: 1.46 | M21: 0.71 | N21: 0.85 | O21: 0.87 | P21: 0.78 | Q21: 0.84 | R21: 0.44 | S21: 0.46 | T21: 0.27 | U21: =CORREL(L$44:T$44,L21:T21) -> 0.30228051
A22: 石油、煤炭及其他燃料加工业 | B22: 1308.09 | C22: 1398.75 | D22: 1786.61 | E22: 1873.59 | F22: 1536.01 | G22: 1725.28 | H22: 1878.27 | I22: 1895.08 | J22: 2229.67 | K22: =SUM(B22:J22)/SUM(L22:T22) -> 19.739045 | L22: 127.43 | M22: 118.18 | N22: 137.5 | O22: 111.29 | P22: 72.76 | Q22: 43.48 | R22: 37.22 | S22: 27.38 | T22: 116.66 | U22: =CORREL(L$44:T$44,L22:T22) -> 0.32825761
A23: 化学原料和化学制品制造业 | B23: 501.52 | C23: 614.58 | D23: 694.45 | E23: 903.27 | F23: 1167.54 | G23: 1033.29 | H23: 569.5 | I23: 562.54 | J23: 941.83 | K23: =SUM(B23:J23)/SUM(L23:T23) -> 10.737033 | L23: 95.18 | M23: 82.78 | N23: 72.6 | O23: 148.32 | P23: 81.03 | Q23: 50.81 | R23: 46.36 | S23: 44.02 | T23: 29.78 | U23: =CORREL(L$44:T$44,L23:T23) -> 0.91050043
A24: 医药制造业 | B24: 3.35 | C24: 2.08 | D24: 1.65 | E24: 1.38 | F24: 1.43 | G24: 1.71 | H24: 2.16 | I24: 2.74 | J24: 1.51 | K24: =SUM(B24:J24)/SUM(L24:T24) -> 1.0083987 | L24: 3.33 | M24: 2.06 | N24: 1.63 | O24: 1.36 | P24: 1.41 | Q24: 1.7 | R24: 2.15 | S24: 2.72 | T24: 1.5 | U24: =CORREL(L$44:T$44,L24:T24) -> -0.35988333
A25: 化学纤维制造业 | B25: 6.46 | C25: 5.18 | D25: 3.56 | E25: 2.99 | F25: 3.26 | G25: 3.09 | H25: 1.44 | I25: 0.41 | J25: 0.65 | K25: =SUM(B25:J25)/SUM(L25:T25) -> 1.0320611 | L25: 5.99 | M25: 5.02 | N25: 3.54 | O25: 2.97 | P25: 3.23 | Q25: 3.01 | R25: 1.43 | S25: 0.38 | T25: 0.63 | U25: =CORREL(L$44:T$44,L25:T25) -> 0.22365421
... A37: 仪器仪表制造业 | B37: 0.36 | C37: 0.51 | D37: 0.53 | E37: 0.31 | F37: 0.24 | G37: 0.21 | H37: 0.12 | I37: 0.09 | J37: 0.07 | K37: =SUM(B37:J37)/SUM(L37:T37) -> 1 | L37: 0.36 | M37: 0.51 | N37: 0.53 | O37: 0.31 | P37: 0.24 | Q37: 0.21 | R37: 0.12 | S37: 0.09 | T37: 0.07 | U37: =CORREL(L$44:T$44,L37:T37) -> 0.22763627
A38: 其他制造业 | B38: 0.29 | C38: 0.13 | D38: 0.02 | E38: 0.23 | F38: 0.05 | G38: 0.27 | H38: 0.03 | K38: =SUM(B38:J38)/SUM(L38:T38) -> 1 | L38: 0.29 | M38: 0.13 | N38: 0.02 | O38: 0.23 | P38: 0.05 | Q38: 0.27 | R38: 0.03 | U38: =CORREL(L$44:T$44,L38:T38) -> 0.27541887
A39: 废弃资源综合利用业 | B39: 1.28 | C39: 0.39 | D39: 1.44 | E39: 0.67 | F39: 1.48 | G39: 5.31 | H39: 0.94 | I39: 1.32 | J39: 0.65 | K39: =SUM(B39:J39)/SUM(L39:T39) -> 1.7215837 | L39: 1.11 | M39: 0.26 | N39: 1.4 | O39: 0.67 | P39: 0.62 | Q39: 0.86 | R39: 0.94 | S39: 1.32 | T39: 0.65 | U39: =CORREL(L$44:T$44,L39:T39) -> -0.31479856
A40: 金属制品、机械和设备修理业 | B40: 0.26 | C40: 0.43 | D40: 0.35 | E40: 0.53 | F40: 0.49 | G40: 0.49 | H40: 0.34 | I40: 0.31 | J40: 0.17 | K40: =SUM(B40:J40)/SUM(L40:T40) -> 1 | L40: 0.26 | M40: 0.43 | N40: 0.35 | O40: 0.53 | P40: 0.49 | Q40: 0.49 | R40: 0.34 | S40: 0.31 | T40: 0.17 | U40: =CORREL(L$44:T$44,L40:T40) -> 0.56151015
A41: 电力、热力生产和供应业 | B41: 22.51 | C41: 26.04 | D41: 11.58 | E41: 8.38 | F41: 6.38 | G41: 4.61 | H41: 3.93 | I41: 3.9 | J41: 3.77 | K41: =SUM(B41:J41)/SUM(L41:T41) -> 7.4246129 | L41: 2.44 | M41: 2.69 | N41: 1.78 | O41: 0.92 | P41: 1.08 | Q41: 0.66 | R41: 1.08 | S41: 0.9 | T41: 0.72 | U41: =CORREL(L$44:T$44,L41:T41) -> -0.061490971
A42: 燃气生产和供应业 | B42: 0.19 | C42: 0.21 | D42: 0.19 | E42: 0.16 | F42: 0.62 | G42: 0.11 | H42: 0.11 | I42: 0.11 | K42: =SUM(B42:J42)/SUM(L42:T42) -> 1.3934426 | L42: 0.19 | M42: 0.21 | N42: 0.19 | O42: 0.16 | P42: 0.14 | Q42: 0.11 | R42: 0.11 | S42: 0.11
A43: 水的生产和供应业 | C43: 0.01 | D43: 0.02 | E43: 0.03 | F43: 0.04 | G43: 0.1 | H43: 0.1 | I43: 0.09 | J43: 0.06 | K43: =SUM(B43:J43)/SUM(L43:T43) -> 1 | M43: 0.01 | N43: 0.02 | O43: 0.03 | P43: 0.04 | Q43: 0.1 | R43: 0.1 | S43: 0.09 | T43: 0.06
A44: # Energy Used as Material | L44: 52.95 | M44: 49.04 | N44: 43.76 | O44: 131.74 | P44: 64.33 | Q44: 36.22 | R44: 37.9 | S44: 31.3 | T44: 37.99
A45: Energy Conversion
A46: 项 目 | B46: 2012 | C46: 2013 | D46: 2014 | E46: 2015 | F46: 2016 | G46: 2017 | H46: 2018 | I46: 2019 | J46: 2020
A47: 可供量 | B47: 3691 | C47: 3926.1 | D47: 4401.9 | E47: 4632.8 | F47: 4644.5 | G47: 4895.8 | H47: 4585.2 | I47: 4851 | J47: 5344.3
A48: 生产量 | B48: 2253.2 | C48: 2775.9 | D48: 3541.7 | E48: 3963 | F48: 4236.9 | G48: 4563.5 | H48: 3899.7 | I48: 4506 | J48: 5780.7
A49: 进口量 | B49: 3102.4 | C49: 2734.3 | D49: 2146.3 | E49: 2068.2 | F49: 1743.2 | G49: 1915.3 | H49: 2271.3 | I49: 2028.5 | J49: 1760.9
A50: 出口量(-) | B50: 1601.5 | C50: 1493.7 | D50: 1279.9 | E50: 1402.1 | F50: 1342 | G50: 1516.7 | H50: 1673.2 | I50: 1548.5 | J50: 2132.2
A51: 年初年末库存差额 | B51: -63.1 | C51: -90.4 | D51: -6.2 | E51: 3.7 | F51: 6.4 | G51: -66.2 | H51: 87.4 | I51: -135 | J51: -65.1
A52: 消费量 | B52: 3683.3 | C52: 3954 | D52: 4355.5 | E52: 4662 | F52: 4631 | G52: 4887.3 | H52: 4536.1 | I52: 4690.3 | J52: 5364.6
A53: 在消费量中:
A54: 1.农、林、牧、渔业 | B54: 2 | C54: 2 | D54: 1.3 | E54: 0.9 | F54: 1 | G54: 1.3 | H54: 1.3 | I54: 1.2 | J54: 1.1
A55: 2.工业 | B55: 2241.7 | C55: 2421.1 | D55: 2835.7 | E55: 3133 | F55: 3035.4 | G55: 3043.7 | H55: 2688.2 | I55: 2612.5 | J55: 3262.3
A56: 3.建筑业 | B56: 27.1 | C56: 59.5 | D56: 44.6 | E56: 53.5 | F56: 51.9 | G56: 43.2 | H56: 31.8 | I56: 31.8 | J56: 40.7
A57: 4.交通运输、仓储和邮政业 | B57: 1383.9 | C57: 1429 | D57: 1441.4 | E57: 1439.5 | F57: 1511.4 | G57: 1771.3 | H57: 1795.7 | I57: 2025.3 | J57: 2042
A58: 5.批发和零售业、住宿和餐饮业 | B58: 8.7 | C58: 19.1 | D58: 17.4 | E58: 19 | F58: 17.2 | G58: 15.1 | H58: 10.1 | I58: 10.2 | J58: 11.8
A59: 6.其他 | B59: 19.9 | C59: 23.4 | D59: 15.1 | E59: 16.1 | F59: 14.1 | G59: 12.5 | H59: 9 | I59: 9.2 | J59: 6.6
A60: 7.居民生活
A61: 在消费量中:
A62: (一)终端消费 | B62: 2072.8 | C62: 2101.8 | D62: 2058 | E62: 2123.7 | F62: 2060.4 | G62: 2196.9 | H62: 2155.9 | I62: 2295.4 | J62: 2333
A63: #工 业 | B63: 631.2 | C63: 568.9 | D63: 538.2 | E63: 594.8 | F63: 464.8 | G63: 353.4 | H63: 308 | I63: 217.6 | J63: 230.7
A64: (二)中间消费
A65: (用于加工转换) | B65: 1610.5 | C65: 1852.1 | D65: 2297.5 | E65: 2538.3 | F65: 2570.7 | G65: 2690.4 | H65: 2380.2 | I65: 2395 | J65: 3031.6
A66: 火力发电 | B66: 43.1 | C66: 47.3 | D66: 35.6 | E66: 31.5 | F66: 31.1 | G66: 16.6 | H66: 15.1 | I66: 13.9 | J66: 29.4
A67: 供 热 | B67: 187.3 | C67: 167.2 | D67: 164.9 | E67: 165.1 | F67: 158.5 | G67: 67 | H67: 59.5 | I67: 60.2 | J67: 231.4
A68: 炼油再投入量 | B68: 1380 | C68: 1637.7 | D68: 2097 | E68: 2341.6 | F68: 2381.1 | G68: 2606.7 | H68: 2305.5 | I68: 2320.8 | J68: 2770.8
A69: 制 气
A70: (三)损失量
A71: 平衡差额 | B71: 7.7 | C71: -27.8 | D71: 46.4 | E71: -29.2 | F71: 13.5 | G71: 8.5 | H71: 49.1 | I71: 160.7 | J71: -20.3

Sheet 天然气
B1: Sector Energy Consumption including Energy Conversion | L1: Sector Final Energy Consumption excluding Energy Conversion
A2: 行 业 | B2: 2012 | C2: 2013 | D2: 2014 | E2: 2015 | F2: 2016 | G2: 2017 | H2: 2018 | I2: 2019 | J2: 2020 | K2: difference | L2: 2012 | M2: 2013 | N2: 2014 | O2: 2015 | P2: 2016 | Q2: 2017 | R2: 2018 | S2: 2019 | T2: 2020
A3: 煤炭开采和洗选业 | B3: 11.48 | C3: 9.5 | D3: 12.68 | E3: 14.42 | F3: 17.2 | G3: 20.15 | H3: 20.86 | I3: 24.63 | J3: 19.41 | K3: =SUM(B3:J3)/SUM(L3:T3) -> 1.8538661 | L3: 7.84 | M3: 4.25 | N3: 5.95 | O3: 7.14 | P3: 8.62 | Q3: 11.58 | R3: 12.7 | S3: 14.35 | T3: 8.66 | U3: =CORREL(L$44:T$44,L3:T3) -> -0.71743007
A4: 石油和天然气开采业 | B4: 127.94 | C4: 138.23 | D4: 147.26 | E4: 143.06 | F4: 132.63 | G4: 141.42 | H4: 157.01 | I4: 154.97 | J4: 156.7 | K4: =SUM(B4:J4)/SUM(L4:T4) -> 1.1978779 | L4: 103.14618 | M4: 116.55518 | N4: 124.13 | O4: 123.39 | P4: 112.99 | Q4: 118.97 | R4: 126.55 | S4: 132.38 | T4: 126.49 | U4: =CORREL(L$44:T$44,L4:T4) -> -0.50819411
A5: 黑色金属矿采选业 | B5: 0.03 | C5: 0.02 | D5: 0.02 | E5: 0.01 | F5: 0.01 | H5: 0.01 | I5: 0.03 | J5: 0.06 | K5: =SUM(B5:J5)/SUM(L5:T5) -> 1.0988805 | L5: 0.031119552 | M5: 0.021783686 | N5: 0.02 | O5: 0.01 | P5: 0.01 | R5: 0.01 | S5: 0.02 | T5: 0.05 | U5: =CORREL(L$44:T$44,L5:T5) -> 0.14353294
A6: 有色金属矿采选业 | C6: 0.01 | D6: 0.64 | E6: 1.05 | F6: 0.08 | G6: 0.17 | H6: 0.5 | I6: 0.66 | J6: 0.83 | K6: =SUM(B6:J6)/SUM(L6:T6) -> 1 | M6: 0.01 | N6: 0.64 | O6: 1.05 | P6: 0.08 | Q6: 0.17 | R6: 0.5 | S6: 0.66 | T6: 0.83 | U6: =CORREL(L$44:T$44,L6:T6) -> -0.055461712
A7: 非金属矿采选业 | B7: 0.54 | C7: 0.08 | D7: 0.07 | E7: 0.12 | F7: 0.18 | G7: 0.39 | H7: 1.03 | I7: 1.64 | J7: 3.24 | K7: =SUM(B7:J7)/SUM(L7:T7) -> 2.7931034 | L7: 0.05 | M7: 0.04 | N7: 0.03 | O7: 0.08 | P7: 0.15 | Q7: 0.32 | R7: 0.48 | S7: 0.62 | T7: 0.84 | U7: =CORREL(L$44:T$44,L7:T7) -> -0.68013823
A8: 开采专业及辅助性活动 | B8: 8.51 | C8: 8.25 | D8: 6.12 | E8: 4.49 | F8: 3.46 | G8: 2.64 | H8: 4.32 | I8: 4.66 | J8: 4.26 | K8: =SUM(B8:J8)/SUM(L8:T8) -> 2.2975898 | L8: 2.2 | M8: 2.57 | N8: 2.3 | O8: 2.04 | P8: 2.08 | Q8: 1.87 | R8: 1.92 | S8: 2.38 | T8: 2.97 | U8: =CORREL(L$44:T$44,L8:T8) -> 0.23055169
A9: 其他采矿业 | K9: =SUM(B9:J9)/SUM(L9:T9) -> #DIV/0! | U9: =CORREL(L$44:T$44,L9:T9) -> #DIV/0!
A10: 农副食品加工业 | B10: 1.62 | C10: 2.19 | D10: 2.99 | E10: 5.72 | F10: 9.89 | G10: 16.97 | H10: 21.33 | I10: 31.51 | J10: 30.4 | K10: =SUM(B10:J10)/SUM(L10:T10) -> 5.6932689 | L10: 0.98463904 | M10: 1.2130753 | N10: 1.31 | O10: 1.52 | P10: 2.02 | Q10: 2.87 | R10: 3.56 | S10: 3.86 | T10: 4.2 | U10: =CORREL(L$44:T$44,L10:T10) -> -0.80379675
A11: 食品制造业 | B11: 6.1 | C11: 7.32 | D11: 8.36 | E11: 9.87 | F11: 14.13 | G11: 17.53 | H11: 19.66 | I11: 24.34 | J11: 26.44 | K11: =SUM(B11:J11)/SUM(L11:T11) -> 1.6282369 | L11: 4.884957 | M11: 5.5791094 | N11: 6.11 | O11: 7.56 | P11: 9.06 | Q11: 10.38 | R11: 11.83 | S11: 12.87 | T11: 13.87 | U11: =CORREL(L$44:T$44,L11:T11) -> -0.84566073
A12: 酒、饮料和精制茶制造业 | B12: 3.43 | C12: 4.25 | D12: 5.43 | E12: 6.19 | F12: 8.49 | G12: 10.87 | H12: 15.06 | I12: 16.65 | J12: 14.89 | K12: =SUM(B12:J12)/SUM(L12:T12) -> 1.4224083 | L12: 3.2958788 | M12: 3.9847174 | N12: 4.62 | O12: 5.17 | P12: 6.29 | Q12: 7.54 | R12: 9.15 | S12: 9.92 | T12: 9.97 | U12: =CORREL(L$44:T$44,L12:T12) -> -0.82865358
A13: 烟草制品业 | B13: 1.74 | C13: 1.76 | D13: 1.81 | E13: 1.74 | F13: 1.03 | G13: 1.06 | H13: 1.08 | I13: 1.24 | J13: 1.19 | K13: =SUM(B13:J13)/SUM(L13:T13) -> 1.4246206 | L13: 0.77078879 | M13: 0.79876842 | N13: 0.87 | O13: 0.93 | P13: 1.03 | Q13: 1.06 | R13: 1.07 | S13: 1.21 | T13: 1.14 | U13: =CORREL(L$44:T$44,L13:T13) -> -0.82496098
A14: 纺织业 | B14: 2.15 | C14: 2.87 | D14: 4.55 | E14: 6.24 | F14: 18.77 | G14: 30.76 | H14: 37.48 | I14: 44.93 | J14: 50.77 | K14: =SUM(B14:J14)/SUM(L14:T14) -> 2.7348764 | L14: 1.9253434 | M14: 2.5029465 | N14: 3.49 | O14: 4.7 | P14: 7.11 | Q14: 9.89 | R14: 12.24 | S14: 14.83 | T14: 15.9 | U14: =CORREL(L$44:T$44,L14:T14) -> -0.79609604
A15: 纺织服装、服饰业 | B15: 0.87 | C15: 1.44 | D15: 1.82 | E15: 1.75 | F15: 3.47 | G15: 6.26 | H15: 6.05 | I15: 10.84 | J15: 11.74 | K15: =SUM(B15:J15)/SUM(L15:T15) -> 5.2810022 | L15: 0.48508992 | M15: 0.5821079 | N15: 0.59 | O15: 0.67 | P15: 0.96 | Q15: 1.49 | R15: 1.28 | S15: 1.31 | T15: 1.01 | U15: =CORREL(L$44:T$44,L15:T15) -> -0.87284293
A16: 皮革、毛皮、羽毛及其制品和制鞋业 | B16: 0.17 | C16: 0.22 | D16: 0.21 | E16: 0.23 | F16: 0.77 | G16: 1.45 | H16: 1.83 | I16: 2.17 | J16: 2.93 | K16: =SUM(B16:J16)/SUM(L16:T16) -> 12.57173 | L16: 0.07889468 | M16: 0.074949946 | N16: 0.08 | O16: 0.06 | P16: 0.06 | Q16: 0.1 | R16: 0.11 | S16: 0.12 | T16: 0.11 | U16: =CORREL(L$44:T$44,L16:T16) -> -0.49660117
A17: 木材加工和木、竹、藤、棕、草制品业 | B17: 0.35 | C17: 0.39 | D17: 0.5 | E17: 0.7 | F17: 1.18 | G17: 2.26 | H17: 3.08 | I17: 2.88 | J17: 3.13 | K17: =SUM(B17:J17)/SUM(L17:T17) -> 1.1191029 | L17: 0.34 | M17: 0.37 | N17: 0.47 | O17: 0.64 | P17: 1.04 | Q17: 1.91 | R17: 2.72 | S17: 2.63 | T17: 2.81 | U17: =CORREL(L$44:T$44,L17:T17) -> -0.82327361
A18: 家具制造业 | B18: 0.68 | C18: 0.77 | D18: 1.08 | E18: 1.52 | F18: 1.32 | G18: 1.73 | H18: 1.58 | I18: 1.67 | J18: 1.67 | K18: =SUM(B18:J18)/SUM(L18:T18) -> 1.3150985 | L18: 0.62 | M18: 0.65 | N18: 0.72 | O18: 0.91 | P18: 0.99 | Q18: 1.22 | R18: 1.31 | S18: 1.35 | T18: 1.37 | U18: =CORREL(L$44:T$44,L18:T18) -> -0.89926854
A19: 造纸和纸制品业 | B19: 4.14 | C19: 5.66 | D19: 5.96 | E19: 9.32 | F19: 10.68 | G19: 19.55 | H19: 25.79 | I19: 22.5 | J19: 22.32 | K19: =SUM(B19:J19)/SUM(L19:T19) -> 5.0733843 | L19: 1.2858806 | M19: 1.3338439 | N19: 1.42 | O19: 1.56 | P19: 2.07 | Q19: 3.07 | R19: 4.11 | S19: 4.86 | T19: 5.11 | U19: =CORREL(L$44:T$44,L19:T19) -> -0.73247682
A20: 印刷和记录媒介复制业 | B20: 0.98 | C20: 1.59 | D20: 2.13 | E20: 2.33 | F20: 2.6 | G20: 3.42 | H20: 4.46 | I20: 5.1 | J20: 4.83 | K20: =SUM(B20:J20)/SUM(L20:T20) -> 1.2937294 | L20: 0.88 | M20: 1.42 | N20: 1.89 | O20: 1.83 | P20: 2.18 | Q20: 2.73 | R20: 3.31 | S20: 3.4 | T20: 3.57 | U20: =CORREL(L$44:T$44,L20:T20) -> -0.82300324
A21: 文教、工美、体育和娱乐用品制造业 | B21: 1.65 | C21: 2.2 | D21: 2.92 | E21: 2.86 | F21: 4.22 | G21: 7.18 | H21: 10.39 | I21: 14.09 | J21: 16.48 | K21: =SUM(B21:J21)/SUM(L21:T21) -> 3.3874317 | L21: 0.72 | M21: 1.01 | N21: 1.34 | O21: 1.32 | P21: 1.9 | Q21: 2.88 | R21: 2.92 | S21: 2.97 | T21: 3.24 | U21: =CORREL(L$44:T$44,L21:T21) -> -0.86085808
... A41: 电力、热力生产和供应业 | B41: 225.02 | C41: 244.47 | D41: 262.6 | E41: 343.66 | F41: 407.83 | G41: 446.1 | H41: 487.32 | I41: 492.84 | J41: 575.98 | K41: =SUM(B41:J41)/SUM(L41:T41) -> 281.56866 | L41: 0.65 | M41: 0.99 | N41: 1.04 | O41: 1.08 | P41: 1.16 | Q41: 2.05 | R41: 1.59 | S41: 1.25 | T41: 2.57 | U41: =CORREL(L$44:T$44,L41:T41) -> -0.70942591
A42: 燃气生产和供应业 | B42: 9.32 | C42: 12.57 | D42: 10.76 | E42: 8.79 | F42: 3.46 | G42: 4.93 | H42: 8.87 | I42: 7.54 | J42: 34.27 | K42: =SUM(B42:J42)/SUM(L42:T42) -> 2.8898792 | L42: 2.21 | M42: 4.03 | N42: 1.77 | O42: 3.71 | P42: 5.16 | Q42: 2.84 | R42: 4.03 | S42: 7.25 | T42: 3.78
A43: 水的生产和供应业 | B43: 0.18 | C43: 0.2 | D43: 0.27 | E43: 0.26 | F43: 0.34 | G43: 0.41 | H43: 0.99 | I43: 0.58 | J43: 0.62 | K43: =SUM(B43:J43)/SUM(L43:T43) -> 1.3898917 | L43: 0.15 | M43: 0.15 | N43: 0.24 | O43: 0.22 | P43: 0.29 | Q43: 0.34 | R43: 0.48 | S43: 0.43 | T43: 0.47
A44: # Energy Used as Material | L44: 122.61 | M44: 114.08 | N44: 121.62 | O44: 96.94 | P44: 92.51 | Q44: 82.4 | R44: 76.63 | S44: 92.44 | T44: 87.44
A45: Energy Conversion
A46: 项 目 | B46: 2012 | C46: 2013 | D46: 2014 | E46: 2015 | F46: 2016 | G46: 2017 | H46: 2018 | I46: 2019 | J46: 2020
A47: 可供量 | B47: 1497.8 | C47: 1706.6 | D47: 1866.8 | E47: 1925 | F47: 2080.5 | G47: 2390.7 | H47: 2814.3 | I47: 3057.5 | J47: 3270.2
A48: 生产量 | B48: 1106.1 | C48: 1208.6 | D48: 1301.6 | E48: 1346.1 | F48: 1368.7 | G48: 1480.4 | H48: 1601.6 | I48: 1761.7 | J48: 1925
A49: 进口量 | B49: 420.6 | C49: 525.4 | D49: 591.3 | E49: 611.4 | F49: 745.6 | G49: 945.6 | H49: 1246.4 | I49: 1331.8 | J49: 1397
A50: 出口量(-) | B50: 28.9 | C50: 27.5 | D50: 26.1 | E50: 32.5 | F50: 33.8 | G50: 35.3 | H50: 33.6 | I50: 36.1 | J50: 51.7
A51: 年初年末库存差额
A52: 消费量 | B52: 1497 | C52: 1705.4 | D52: 1870.6 | E52: 1931.8 | F52: 2078.1 | G52: 2393.7 | H52: 2817.1 | I52: 3059.7 | J52: 3339.9
A53: 在消费量中:
A54: 1.农、林、牧、渔业 | B54: 0.6 | C54: 0.7 | D54: 0.8 | E54: 0.9 | F54: 1.1 | G54: 1.1 | H54: 1.3 | I54: 1.2 | J54: 1.3
A55: 2.工业 | B55: 980.7 | C55: 1129.1 | D55: 1223 | E55: 1234.5 | F55: 1338.6 | G55: 1575.2 | H55: 1940.1 | I55: 2092.1 | J55: 2304
A56: 3.建筑业 | B56: 1.3 | C56: 2 | D56: 1.9 | E56: 2.2 | F56: 1.9 | G56: 1.8 | H56: 2.5 | I56: 2.8 | J56: 2.6
A57: 4.交通运输、仓储和邮政业 | B57: 154.5 | C57: 175.8 | D57: 214.4 | E57: 237.6 | F57: 254.8 | G57: 284.7 | H57: 286.2 | I57: 341.5 | J57: 354.3
A58: 5.批发和零售业、住宿和餐饮业 | B58: 38.7 | C58: 39.3 | D58: 46.6 | E58: 51.3 | F58: 53.7 | G58: 57.6 | H58: 60.8 | I58: 62.5 | J58: 62.1
A59: 6.其他 | B59: 32.9 | C59: 35.6 | D59: 41.3 | E59: 45.4 | F59: 48.2 | G59: 52.9 | H59: 57.9 | I59: 57.3 | J59: 55.6
A60: 7.居民生活 | B60: 288.3 | C60: 322.9 | D60: 342.6 | E60: 359.8 | F60: 379.7 | G60: 420.3 | H60: 468.4 | I60: 502.3 | J60: 560
A61: 平衡差额 | B61: 0.8 | C61: 1.2 | D61: -3.8 | E61: -6.7 | F61: 2.4 | G61: -3 | H61: -2.8 | I61: -2.2 | J61: 0.3

Sheet 电力
A1: Energy Consumption | B1: Sector Energy Consumption including Energy Conversion | L1: Sector Final Energy Consumption excluding Energy Conversion
A2: 行 业 | B2: 2012 | C2: 2013 | D2: 2014 | E2: 2015 | F2: 2016 | G2: 2017 | H2: 2018 | I2: 2019 | J2: 2020 | K2: difference | L2: 2012 | M2: 2013 | N2: 2014 | O2: 2015 | P2: 2016 | Q2: 2017 | R2: 2018 | S2: 2019 | T2: 2020
A3: 煤炭开采和洗选业 | B3: 879.14 | C3: 955.77 | D3: 939.66 | E3: 883.79 | F3: 847.04 | G3: 881.57 | H3: 906.28 | I3: 1026.76 | J3: 908.81 | K3: =SUM(B3:J3)/SUM(L3:T3) -> 0.99999961 | L3: 879.1432 | M3: 955.77 | N3: 939.66 | O3: 883.79 | P3: 847.04 | Q3: 881.57 | R3: 906.28 | S3: 1026.76 | T3: 908.81
A4: 石油和天然气开采业 | B4: 396.81 | C4: 414.36 | D4: 431.98 | E4: 459.26 | F4: 463.18 | G4: 454.06 | H4: 417.33 | I4: 434.44 | J4: 463.32 | K4: =SUM(B4:J4)/SUM(L4:T4) -> 1 | L4: 396.81 | M4: 414.36 | N4: 431.98 | O4: 459.26 | P4: 463.18 | Q4: 454.06 | R4: 417.33 | S4: 434.44 | T4: 463.32
A5: 黑色金属矿采选业 | B5: 438.42 | C5: 469.69 | D5: 468.79 | E5: 344.82 | F5: 315.14 | G5: 374.11 | H5: 388.26 | I5: 419.28 | J5: 447.44 | K5: =SUM(B5:J5)/SUM(L5:T5) -> 1 | L5: 438.42 | M5: 469.69 | N5: 468.79 | O5: 344.82 | P5: 315.14 | Q5: 374.11 | R5: 388.26 | S5: 419.28 | T5: 447.44
A6: 有色金属矿采选业 | B6: 327.82 | C6: 351.56 | D6: 351.79 | E6: 325.26 | F6: 306.76 | G6: 326.11 | H6: 379.48 | I6: 386.17 | J6: 329.47 | K6: =SUM(B6:J6)/SUM(L6:T6) -> 1 | L6: 327.82 | M6: 351.56 | N6: 351.79 | O6: 325.26 | P6: 306.76 | Q6: 326.11 | R6: 379.48 | S6: 386.17 | T6: 329.47
A7: 非金属矿采选业 | B7: 224.23 | C7: 240.79 | D7: 241.5 | E7: 225.74 | F7: 224.75 | G7: 228.93 | H7: 250.76 | I7: 257.36 | J7: 225.7 | K7: =SUM(B7:J7)/SUM(L7:T7) -> 1 | L7: 224.23 | M7: 240.79 | N7: 241.5 | O7: 225.74 | P7: 224.75 | Q7: 228.93 | R7: 250.76 | S7: 257.36 | T7: 225.7
A8: 开采专业及辅助性活动 | B8: 28.56 | C8: 24.6 | D8: 27.96 | E8: 25.72 | F8: 23.11 | G8: 23.87 | H8: 39.95 | I8: 41.3 | J8: 29.53 | K8: =SUM(B8:J8)/SUM(L8:T8) -> 1 | L8: 28.56 | M8: 24.6 | N8: 27.96 | O8: 25.72 | P8: 23.11 | Q8: 23.87 | R8: 39.95 | S8: 41.3 | T8: 29.53
A9: 其他采矿业 | B9: 96.92 | C9: 116.39 | D9: 133.13 | E9: 113.08 | F9: 110.88 | G9: 114.96 | H9: 194.99 | I9: 211.62 | J9: 161.71 | K9: =SUM(B9:J9)/SUM(L9:T9) -> 1 | L9: 96.92 | M9: 116.39 | N9: 133.13 | O9: 113.08 | P9: 110.88 | Q9: 114.96 | R9: 194.99 | S9: 211.62 | T9: 161.71
A10: 农副食品加工业 | B10: 526.15 | C10: 574.03 | D10: 611.92 | E10: 641.29 | F10: 672.07 | G10: 716.29 | H10: 763.86 | I10: 797.43 | J10: 842.42 | K10: =SUM(B10:J10)/SUM(L10:T10) -> 0.99999955 | L10: 526.15149 | M10: 574.03128 | N10: 611.92 | O10: 641.29 | P10: 672.07 | Q10: 716.29 | R10: 763.86 | S10: 797.43 | T10: 842.42
A11: 食品制造业 | B11: 220.97 | C11: 230.47 | D11: 230.47 | E11: 239.46 | F11: 255.5 | G11: 263.34 | H11: 277.38 | I11: 301.94 | J11: 334.09 | K11: =SUM(B11:J11)/SUM(L11:T11) -> 1.0000028 | L11: 220.96599 | M11: 230.46753 | N11: 230.47 | O11: 239.46 | P11: 255.5 | Q11: 263.34 | R11: 277.38 | S11: 301.94 | T11: 334.09
A12: 酒、饮料和精制茶制造业 | B12: 155.76 | C12: 167.6 | D12: 159.89 | E12: 162.13 | F12: 162.78 | G12: 156.37 | H12: 169.23 | I12: 173.56 | J12: 176.06 | K12: =SUM(B12:J12)/SUM(L12:T12) -> 0.99999637 | L12: 155.76367 | M12: 167.60171 | N12: 159.89 | O12: 162.13 | P12: 162.78 | Q12: 156.37 | R12: 169.23 | S12: 173.56 | T12: 176.06
A13: 烟草制品业 | B13: 51.22 | C13: 53.73 | D13: 52.44 | E13: 52.75 | F13: 51.96 | G13: 51.96 | H13: 52.81 | I13: 52.91 | J13: 50.87 | K13: =SUM(B13:J13)/SUM(L13:T13) -> 1.0000132 | L13: 51.217078 | M13: 53.726715 | N13: 52.44 | O13: 52.75 | P13: 51.96 | Q13: 51.96 | R13: 52.81 | S13: 52.91 | T13: 50.87
A14: 纺织业 | B14: 1448.7 | C14: 1532.86 | D14: 1541.18 | E14: 1561.63 | F14: 1592.73 | G14: 1684.9 | H14: 1748.42 | I14: 1760.15 | J14: 1650.38 | K14: =SUM(B14:J14)/SUM(L14:T14) -> 1 | L14: 1448.7 | M14: 1532.86 | N14: 1541.18 | O14: 1561.63 | P14: 1592.73 | Q14: 1684.9 | R14: 1748.42 | S14: 1760.15 | T14: 1650.38
... A40: 金属制品、机械和设备修理业 | B40: 13.23 | C40: 12.2 | D40: 10.61 | E40: 9.79 | F40: 10.48 | G40: 14.71 | H40: 17.7 | I40: 16.56 | J40: 14.84 | K40: =SUM(B40:J40)/SUM(L40:T40) -> 1 | L40: 13.23 | M40: 12.2 | N40: 10.61 | O40: 9.79 | P40: 10.48 | Q40: 14.71 | R40: 17.7 | S40: 16.56 | T40: 14.84
A41: 电力、热力生产和供应业 | B41: 6566.61 | C41: 7183.5 | D41: 7486.67 | E41: 7434.6 | F41: 7977.42 | G41: 8292.15 | H41: 8886.95 | I41: 9033.23 | J41: 9119.51 | K41: =SUM(B41:J41)/SUM(L41:T41) -> 1.6478341 | L41: 3670.45 | M41: 4042.79 | N41: 4386.79 | O41: 4446.74 | P41: 4914.49 | Q41: 5096.33 | R41: 5535.23 | S41: 5703.13 | T41: 5886.02 | V41: *losses
A42: 燃气生产和供应业 | B42: 108.9 | C42: 131.24 | D42: 138.79 | E42: 148.37 | F42: 156.75 | G42: 182.68 | H42: 173.62 | I42: 185.85 | J42: 169.53 | K42: =SUM(B42:J42)/SUM(L42:T42) -> 1 | L42: 108.9 | M42: 131.24 | N42: 138.79 | O42: 148.37 | P42: 156.75 | Q42: 182.68 | R42: 173.62 | S42: 185.85 | T42: 169.53
A43: 水的生产和供应业 | B43: 342.33 | C43: 361.97 | D43: 387.47 | E43: 411.26 | F43: 439.89 | G43: 486.77 | H43: 521.48 | I43: 593.76 | J43: 645.05 | K43: =SUM(B43:J43)/SUM(L43:T43) -> 1 | L43: 342.33 | M43: 361.97 | N43: 387.47 | O43: 411.26 | P43: 439.89 | Q43: 486.77 | R43: 521.48 | S43: 593.76 | T43: 645.05
A44: # Energy Used as Material
A45: Energy Conversion
A46: 项 目 | B46: 2012 | C46: 2013 | D46: 2014 | E46: 2015 | F46: 2016 | G46: 2017 | H46: 2018 | I46: 2019 | J46: 2020
A47: 可供量 | B47: 49767.7 | C47: 54204.1 | D47: 57830.5 | E47: 58021.3 | F47: 61204.4 | G47: 65914 | H47: 71509.2 | I47: 74866.3 | J47: 77620.2
A48: 生产量 | B48: 49875.5 | C48: 54316.4 | D48: 57944.6 | E48: 58145.7 | F48: 61331.6 | G48: 66044.5 | H48: 71661.3 | I48: 75034.3 | J48: 77790.6
A49: #水电 | B49: 8721.1 | C49: 9202.9 | D49: 10728.8 | E49: 11302.7 | F49: 11840.5 | G49: 11978.7 | H49: 12317.9 | I49: 13044.4 | J49: 13552.1
A50: 火电 | B50: 38928.1 | C50: 42470.1 | D50: 44001.1 | E50: 42841.9 | F50: 44370.7 | G50: 47546 | H50: 50963.2 | I50: 52201.5 | J50: 53302.5
A51: 核电 | B51: 973.9 | C51: 1116.1 | D51: 1325.4 | E51: 1707.9 | F51: 2132.9 | G51: 2480.7 | H51: 2943.6 | I51: 3483.5 | J51: 3662.5
A52: 风电 | B52: 959.8 | C52: 1412 | D52: 1599.8 | E52: 1857.7 | F52: 2370.7 | G52: 2972.3 | H52: 3659.7 | I52: 4060.3 | J52: 4664.7
A53: 进口量 | B53: 68.7 | C53: 74.4 | D53: 67.5 | E53: 62.1 | F53: 61.9 | G53: 64.2 | H53: 56.9 | I53: 48.6 | J53: 47.5
A54: 出口量(-) | B54: 176.5 | C54: 186.7 | D54: 181.6 | E54: 186.5 | F54: 189.1 | G54: 194.7 | H54: 209.1 | I54: 216.5 | J54: 217.9
A55: 消费量 | B55: 49762.6 | C55: 54203.4 | D55: 57829.7 | E55: 58020 | F55: 61205.1 | G55: 65914 | H55: 71508.2 | I55: 74866.1 | J55: 77620.2
A56: 在消费量中:
A57: 1.农、林、牧、渔业 | B57: 1012.6 | C57: 1026.9 | D57: 1013.4 | E57: 1039.8 | F57: 1091.9 | G57: 1175.1 | H57: 1242.5 | I57: 1336.2 | J57: 1422.1
A58: 2.工业 | B58: 36232.2 | C58: 39236.9 | D58: 42248.7 | E58: 41550 | F58: 42996.9 | G58: 46052.8 | H58: 49094.9 | I58: 50698.3 | J58: 52353.4
A59: 3.建筑业 | B59: 608.4 | C59: 675.1 | D59: 721.7 | E59: 698.7 | F59: 725.6 | G59: 789.2 | H59: 887.8 | I59: 991.2 | J59: 1011.1
A60: 4.交通运输、仓储和邮政业 | B60: 915.4 | C60: 1000.9 | D60: 1059.2 | E60: 1125.6 | F60: 1251.5 | G60: 1418 | H60: 1608.5 | I60: 1752.3 | J60: 1751
A61: 5.批发和零售业、住宿和餐饮业 | B61: 1691.5 | C61: 1876.9 | D61: 1995.6 | E61: 2122 | F61: 2323.8 | G61: 2526.6 | H61: 2900.4 | I61: 3187.1 | J61: 3169
A62: 6.其他 | B62: 3083.6 | C62: 3397.6 | D62: 3615 | E62: 3918.6 | F62: 4394.8 | G62: 4880.6 | H62: 5716.5 | I62: 6263.8 | J62: 6517
A63: 7.居民生活 | B63: 6219 | C63: 6989.2 | D63: 7176.1 | E63: 7565.2 | F63: 8420.6 | G63: 9071.6 | H63: 10057.6 | I63: 10637.2 | J63: 11396.5
A64: 在消费量中:
A65: (一)终端消费 | B65: 46866.5 | C65: 51062.7 | D65: 54729.8 | E65: 55032.1 | F65: 58142.2 | G65: 62718.1 | H65: 68156.5 | I65: 71536 | J65: 74386.7
A66: #工业 | B66: 33336.1 | C66: 36096.2 | D66: 39148.8 | E66: 38562.1 | F66: 39934 | G66: 42857 | H66: 45743.2 | I66: 47368.2 | J66: 49120
A67: (二)输配电损失量 | B67: 2896.2 | C67: 3140.7 | D67: 3099.9 | E67: 2987.9 | F67: 3062.9 | G67: 3195.8 | H67: 3351.7 | I67: 3330.1 | J67: 3233.5
B69: =B41-L41 -> 2896.16 | C69: =C41-M41 -> 3140.71 | D69: =D41-N41 -> 3099.88 | E69: =E41-O41 -> 2987.86 | F69: =F41-P41 -> 3062.93 | G69: =G41-Q41 -> 3195.82 | H69: =H41-R41 -> 3351.72 | I69: =I41-S41 -> 3330.1 | J69: =J41-T41 -> 3233.49

Sheet Input Data
A1: =IFERROR(VLOOKUP(B1,'Sector Code Switch'!G:H,2,FALSE),"") | C1: =IFERROR(VLOOKUP(C3,'Fuel Code Switch'!$B$2:$D$35,3,FALSE),"") | D1: =IFERROR(VLOOKUP(D3,'Fuel Code Switch'!$B$2:$D$35,3,FALSE),"") -> coal | E1: =IFERROR(VLOOKUP(E3,'Fuel Code Switch'!$B$2:$D$35,3,FALSE),"") -> coal | F1: =IFERROR(VLOOKUP(F3,'Fuel Code Switch'!$B$2:$D$35,3,FALSE),"") -> coal | G1: =IFERROR(VLOOKUP(G3,'Fuel Code Switch'!$B$2:$D$35,3,FALSE),"") | H1: =IFERROR(VLOOKUP(H3,'Fuel Code Switch'!$B$2:$D$35,3,FALSE),"") -> coal | I1: =IFERROR(VLOOKUP(I3,'Fuel Code Switch'!$B$2:$D$35,3,FALSE),"") -> coal | J1: =IFERROR(VLOOKUP(J3,'Fuel Code Switch'!$B$2:$D$35,3,FALSE),"") -> LPG propane or butane | ... AH1: =IFERROR(VLOOKUP(AH3,'Fuel Code Switch'!$B$2:$D$35,3,FALSE),"") -> biomass
B2: 5-1 全国能源平衡表(实物量)-2020
A3: =IFERROR(VLOOKUP(B3,'Sector Code Switch'!G:H,2,FALSE),"") | B3: 项 目 | C3: 煤合计 | D3: 原煤 | E3: 洗精煤 | F3: 其他洗煤 | G3: 型煤 | H3: 煤矸石 | I3: 焦炭 | J3: 焦炉煤气 | K3: 高炉煤气 | L3: 转炉煤气 | M3: 其他煤气 | N3: 其他焦化产品 | O3: 油品合计 | P3: 原油 | Q3: 汽油 | R3: 煤油 | S3: 柴油 | T3: 燃料油 | U3: 石脑油 | V3: 润滑油 | W3: 石蜡 | X3: 溶剂油 | Y3: 石油沥青 | Z3: 石油焦 | AA3: 液化石油气 | AB3: 炼厂干气 | AC3: 其他石油制品 | AD3: 天然气 | AE3: 液化天然气 | AF3: 热力 | AG3: 电力 | AH3: 其他能源
A4: =IFERROR(VLOOKUP(B4,'Sector Code Switch'!G:H,2,FALSE),"") | C4: 万吨 | D4: 万吨 | E4: 万吨 | F4: 万吨 | G4: 万吨 | H4: 万吨 | I4: 万吨 | J4: 亿立方米 | K4: 亿立方米 | L4: 亿立方米 | M4: 亿立方米 | N4: 万吨 | O4: 万吨 | P4: 万吨 | Q4: 万吨 | R4: 万吨 | S4: 万吨 | T4: 万吨 | U4: 万吨 | V4: 万吨 | W4: 万吨 | X4: 万吨 | Y4: 万吨 | Z4: 万吨 | AA4: 万吨 | AB4: 万吨 | AC4: 万吨 | AD4: 亿立方米 | AE4: 万吨 | AF4: 万百万千焦 | AG4: 亿千瓦时 | AH4: 万吨标煤
A5: =IFERROR(VLOOKUP(B5,'Sector Code Switch'!G:H,2,FALSE),"") | B5: 一.可供本地区消费的能源量 | C5: 414518.97 | D5: 415805.42 | E5: -747.63 | F5: -531 | G5: -7.81 | I5: 123.79 | O5: 67553.72 | P5: 69969.65 | Q5: -1427.66 | R5: -717.04 | S5: -2070.17 | T5: -436.41 | U5: 772.46 | V5: 16.3 | W5: -49.71 | X5: 5.1 | Y5: 228.14 | Z5: 847.55 | AA5: 1892.07 | AC5: -1476.56 | AD5: 2350.63 | AE5: 6663.86 | AG5: 24317.69 | AH5: 7214.43
A6: =IFERROR(VLOOKUP(B6,'Sector Code Switch'!G:H,2,FALSE),"") | B6: 1.一次能源生产量 | C6: 390157.71 | D6: 390157.71 | O6: 19476.86 | P6: 19476.86 | AD6: 1924.95 | AG6: 24488.12 | AH6: 7214.43
A7: =IFERROR(VLOOKUP(B7,'Sector Code Switch'!G:H,2,FALSE),"") | B7: 水电 | AG7: 13552.09
A8: =IFERROR(VLOOKUP(B8,'Sector Code Switch'!G:H,2,FALSE),"") | B8: 核电 | AG8: 3662.55
A9: =IFERROR(VLOOKUP(B9,'Sector Code Switch'!G:H,2,FALSE),"") | B9: 风电 | AG9: 4664.74
A10: =IFERROR(VLOOKUP(B10,'Sector Code Switch'!G:H,2,FALSE),"") | B10: 2.进口量 | C10: 30361.09 | D10: 30361.09 | I10: 297.91 | O10: 60497.54 | P10: 54200.67 | Q10: 48.05 | R10: 265.73 | S10: 119.1 | T10: 1253.47 | U10: 788.7 | V10: 28.95 | W10: 11.34 | X10: 3.69 | Y10: 475.92 | Z10: 1027.66 | AA10: 2004.63 | AC10: 269.65 | AD10: 476.53 | AE10: 6669.73 | AG10: 47.51
A11: =IFERROR(VLOOKUP(B11,'Sector Code Switch'!G:H,2,FALSE),"") | B11: 3.境内飞机和轮船在境外的加油量 | O11: 774.14 | R11: 248.32 | S11: 18.37 | T11: 507.45
A12: =IFERROR(VLOOKUP(B12,'Sector Code Switch'!G:H,2,FALSE),"") | B12: 4.出口量(-) | C12: 319.46 | D12: 316.78 | G12: 2.68 | I12: 349.21 | O12: 6738.13 | P12: 163.81 | Q12: 1600 | R12: 997.48 | S12: 1975.95 | T12: 1583.31 | V12: 13.43 | W12: 66 | X12: 0.31 | Y12: 56.74 | Z12: 178.36 | AA12: 94.89 | AC12: 7.86 | AD12: 50.85 | AE12: 5.87 | AG12: 217.93
A13: =IFERROR(VLOOKUP(B13,'Sector Code Switch'!G:H,2,FALSE),"") | B13: 5.境外飞机和轮船在境内的加油量(-) | O13: 812.9 | R13: 228.78 | S13: 35.21 | T13: 548.91
A14: =IFERROR(VLOOKUP(B14,'Sector Code Switch'!G:H,2,FALSE),"") | B14: 6.库存增(-)、减(+)量 | C14: -5680.37 | D14: -4396.61 | E14: -747.63 | F14: -531 | G14: -5.13 | I14: 175.09 | O14: -5643.79 | P14: -3544.07 | Q14: 124.29 | R14: -4.82 | S14: -196.48 | T14: -65.1 | U14: -16.24 | V14: 0.79 | W14: 4.94 | X14: 1.72 | Y14: -191.04 | Z14: -1.76 | AA14: -17.68 | AC14: -1738.35
A15: =IFERROR(VLOOKUP(B15,'Sector Code Switch'!G:H,2,FALSE),"") | B15: 二.加工转换投入(-)产出(+)量 | C15: -332434.09 | D15: -349916.36 | E15: 1117.8 | F15: 15008.33 | G15: 1356.13 | H15: -60.08 | I15: 46640.33 | J15: 711.53 | K15: 8481.93 | L15: 661.85 | M15: 145.4 | N15: 933.7 | O15: -3265.64 | P15: -69040.48 | Q15: 14233.1 | R15: 4129.42 | S15: 16383.32 | T15: 2749.06 | U15: 5621.91 | V15: 258.93 | W15: 239.24 | X15: 37.64 | Y15: 3321.53 | Z15: 2454.29 | AA15: 3920.55 | AB15: 1896.13 | AC15: 10529.72 | AD15: -755.92 | AE15: 931.47 | AF15: 596841.75 | AG15: 53302.48 | AH15: -1325.91
A16: =IFERROR(VLOOKUP(B16,'Sector Code Switch'!G:H,2,FALSE),"") | B16: 1.火力发电 | C16: -211634.87 | D16: -206845.78 | F16: -4789.09 | H16: -2087.61 | I16: -250.03 | J16: -217.85 | K16: -2932.52 | L16: -360.91 | M16: -3.48 | O16: -321.54 | P16: -16.55 | S16: -27.58 | T16: -29.43 | Z16: -189.88 | AA16: -0.14 | AB16: -50.19 | AC16: -7.78 | AD16: -411.37 | AE16: -352.62 | AF16: -127833.91 | AG16: 53302.48 | AH16: -2017.84
A17: =IFERROR(VLOOKUP(B17,'Sector Code Switch'!G:H,2,FALSE),"") | B17: 2.供热 | C17: -36933.28 | D17: -35434.18 | F17: -1499.1 | H17: -762.82 | I17: -280.28 | J17: -57.17 | K17: -500.05 | L17: -49.18 | M17: -1.6 | O17: -677.7 | S17: -2.91 | T17: -231.38 | Z17: -256.55 | AA17: -7.71 | AB17: -165.2 | AC17: -13.95 | AD17: -169.66 | AE17: -48.78 | AF17: 613906.59 | AH17: -689.73
A18: =IFERROR(VLOOKUP(B18,'Sector Code Switch'!G:H,2,FALSE),"") | B18: 3.煤炭洗选 | C18: -11301.2 | D18: -90163.69 | E18: 56125.43 | F18: 22737.06 | H18: 2790.35
A19: =IFERROR(VLOOKUP(B19,'Sector Code Switch'!G:H,2,FALSE),"") | B19: 4.炼焦 | C19: -65967.64 | D19: -10960.01 | E19: -55007.63 | I19: 47188.23 | J19: 1032.53 | N19: 1350.21 | O19: -4.6 | Z19: -4.6
A20: =IFERROR(VLOOKUP(B20,'Sector Code Switch'!G:H,2,FALSE),"") | B20: 5.炼油及煤制油 | C20: -3047.29 | D20: -2914.28 | F20: -133.01 | N20: -412.06 | O20: 12495.07 | P20: -69023.93 | Q20: 14256.69 | R20: 4129.42 | S20: 16529.85 | T20: 5780.7 | U20: 7190.72 | V20: 263.38 | W20: 249.42 | X20: 39.97 | Y20: 3950.47 | Z20: 2956.9 | AA20: 4489 | AB20: 2348.61 | AC20: 19333.88 | AD20: -31.42 | AH20: -415.24
A21: =IFERROR(VLOOKUP(B21,'Sector Code Switch'!G:H,2,FALSE),"") | B21: #油品再投入量(-) | O21: -14728 | Q21: -23.59 | S21: -116.04 | T21: -2770.83 | U21: -1568.81 | V21: -4.45 | W21: -10.18 | X21: -2.32 | Y21: -628.94 | Z21: -42.34 | AA21: -556.88 | AB21: -221.19 | AC21: -8782.42
A22: =IFERROR(VLOOKUP(B22,'Sector Code Switch'!G:H,2,FALSE),"") | B22: 6.制气 | C22: -3308.95 | D22: -3150.59 | F22: -158.35 | M22: 150.47 | N22: 2.17 | O22: -28.86 | Z22: -9.25 | AA22: -3.72 | AB22: -15.9 | AD22: 69.94 | AH22: 768.2
A23: =IFERROR(VLOOKUP(B23,'Sector Code Switch'!G:H,2,FALSE),"") | B23: #再投入量(-) | I23: -17.59 | J23: -45.99 | N23: -6.63 | AD23: -15.17
A24: =IFERROR(VLOOKUP(B24,'Sector Code Switch'!G:H,2,FALSE),"") | B24: 7.天然气液化 | AD24: -198.25 | AE24: 1332.86
A25: =IFERROR(VLOOKUP(B25,'Sector Code Switch'!G:H,2,FALSE),"") | B25: 8.煤制品加工 | C25: -240.86 | D25: -447.82 | F25: -1149.18 | G25: 1356.13
A26: =IFERROR(VLOOKUP(B26,'Sector Code Switch'!G:H,2,FALSE),"") | B26: 9.回收能 | K26: 11914.49 | L26: 1071.94 | AF26: 110769.08 | AH26: 1028.7
A27: =IFERROR(VLOOKUP(B27,'Sector Code Switch'!G:H,2,FALSE),"") | B27: 三.损失量 | O27: 18.26 | P27: 17.63 | AA27: 0.63 | AD27: 26.13 | AE27: 1.47 | AF27: 5204.8 | AG27: 3233.48
A28: =IFERROR(VLOOKUP(B28,'Sector Code Switch'!G:H,2,FALSE),"") | B28: 四.终端消费量 | C28: 72425.57 | D28: 57206.52 | F28: 13932.63 | G28: 1286.41 | I28: 47762.51 | J28: 727.21 | K28: 8638.81 | L28: 65137 | M28: 149.8 | N28: 1001.96 | O28: 62085.22 | P28: 419.03 | Q28: 12743.57 | R28: 3352.1 | S28: 14136.16 | T28: 2332.96 | U28: 6178.69 | V28: 267.78 | W28: 198.21 | X28: 44.16 | Y28: 3479.59 | Z28: 3163.41 | AA28: 5652.07 | AB28: 1863.57 | AC28: 8253.91 | AD28: 1568.8 | AE28: 7590.07 | AF28: 591129.64 | AG28: 74386.69 | AH28: 5590.7
A29: =IFERROR(VLOOKUP(B29,'Sector Code Switch'!G:H,2,FALSE),"") -> agriculture and forestry 01T03 | B29: 1.农、林、牧、渔业 | C29: 2253.9 | D29: 2172.28 | F29: 81.62 | I29: 23.24 | O29: 1773.1 | Q29: 257.35 | R29: 11 | S29: 1497.15 | T29: 1.13 | AA29: 6.47 | AD29: 1.28 | AF29: 111.89 | AG29: 1422.11 | AH29: 666.23
A30: =IFERROR(VLOOKUP(B30,'Sector Code Switch'!G:H,2,FALSE),"") | B30: 2.工业 | C30: 58457.16 | D30: 44258.69 | F30: 13300.72 | G30: 897.76 | I30: 47724.27 | J30: 718.58 | K30: 8638.81 | L30: 651.37 | M30: 97.63 | N30: 1001.96 | O30: 24428.39 | P30: 419.03 | Q30: 160.38 | R30: 9.39 | S30: 879.58 | T30: 230.69 | U30: 6178.69 | V30: 267.78 | W30: 198.21 | X30: 44.16 | Y30: 349.52 | Z30: 3163.41 | AA30: 2496.33 | AB30: 1863.57 | AC30: 8167.65 | AD30: 614.97 | AE30: 7042.49 | AF30: 412216.71 | AG30: 49119.96 | AH30: 990.53
A31: =IFERROR(VLOOKUP(B31,'Sector Code Switch'!G:H,2,FALSE),"") | B31: #用作原料、材料 | C31: 13945.34 | D31: 11477.5 | F31: 2302.54 | G31: 165.3 | I31: 1818.29 | J31: 105.48 | N31: 369.98 | O31: 14394.21 | Q31: 2.47 | R31: 1.82 | S31: 20.75 | T31: 37.99 | U31: 5750.38 | V31: 245.96 | W31: 194.33 | X31: 41.56 | Y31: 304.14 | Z31: 2423.03 | AA31: 866.76 | AB31: 127.15 | AC31: 4377.86 | AD31: 87.44 | AE31: 162.98 | AH31: 105.78
A32: =IFERROR(VLOOKUP(B32,'Sector Code Switch'!G:H,2,FALSE),"") -> construction 41T43 | B32: 3.建筑业 | C32: 638.85 | D32: 597.02 | F32: 41.83 | I32: 3.57 | O32: 4180.29 | Q32: 508.39 | R32: 10.81 | S32: 503.92 | T32: 40.75 | Y32: 3018.82 | AA32: 11.34 | AC32: 86.26 | AD32: 2.64 | AF32: 1933.11 | AG32: 1011.1 | AH32: 28.55
A33: =IFERROR(VLOOKUP(B33,'Sector Code Switch'!G:H,2,FALSE),"") | B33: 4.交通运输、仓储和邮政业 | C33: 241.01 | D33: 224.31 | F33: 16.7 | O33: 20480.16 | Q33: 5573.57 | R33: 3110.76 | S33: 9531.98 | T33: 2042.01 | Y33: 111.24 | AA33: 110.61 | AD33: 272.25 | AE33: 547.58 | AF33: 3904.98 | AG33: 1750.98 | AH33: 1208.26
A34: =IFERROR(VLOOKUP(B34,'Sector Code Switch'!G:H,2,FALSE),"") | B34: 5.批发和零售业、住宿和餐饮业 | C34: 1981.18 | D34: 1926.62 | F34: 37.37 | G34: 17.18 | I34: 0.02 | J34: 0.68 | M34: 9.54 | O34: 583.27 | Q34: 273.23 | R34: 14.76 | S34: 197.61 | T34: 11.8 | AA34: 85.87 | AD34: 62.14 | AF34: 10405.72 | AG34: 3169.04 | AH34: 64
A35: =IFERROR(VLOOKUP(B35,'Sector Code Switch'!G:H,2,FALSE),"") | B35: 6.其他 | C35: 2570.8 | D35: 2488.06 | F35: 76.57 | G35: 6.17 | J35: 0.88 | O35: 3469.89 | Q35: 2253.09 | R35: 182.96 | S35: 946.15 | T35: 6.59 | AA35: 81.1 | AD35: 55.55 | AF35: 21207.86 | AG35: 6517.02 | AH35: 245.5
A36: =IFERROR(VLOOKUP(B36,'Sector Code Switch'!G:H,2,FALSE),"") | B36: 7.居民生活 | C36: 6282.66 | D36: 5539.54 | F36: 377.83 | G36: 365.29 | I36: 11.41 | J36: 7.07 | M36: 42.63 | O36: 7170.11 | Q36: 3717.56 | R36: 12.42 | S36: 579.78 | AA36: 2860.35 | AD36: 559.97 | AF36: 141349.38 | AG36: 11396.48 | AH36: 2387.64
A37: =IFERROR(VLOOKUP(B37,'Sector Code Switch'!G:H,2,FALSE),"") | B37: 城镇 | C37: 611.84 | D37: 482.44 | F37: 52.23 | G37: 77.18 | I37: 2.82 | J37: 5.12 | M37: 42.41 | O37: 4884.76 | Q37: 2510.98 | R37: 0.36 | S37: 265.29 | AA37: 2108.13 | AD37: 553.67 | AF37: 141349.38 | AG37: 6157.21 | AH37: 238
A38: =IFERROR(VLOOKUP(B38,'Sector Code Switch'!G:H,2,FALSE),"") | B38: 乡村 | C38: 5670.81 | D38: 5057.1 | F38: 325.6 | G38: 288.11 | I38: 8.59 | J38: 1.95 | M38: 0.22 | O38: 2285.35 | Q38: 1206.59 | R38: 12.06 | S38: 314.49 | AA38: 752.22 | AD38: 6.3 | AG38: 5239.27 | AH38: 2149.64
A39: =IFERROR(VLOOKUP(B39,'Sector Code Switch'!G:H,2,FALSE),"") | B39: 五.平衡差额 | C39: 9659.31 | D39: 8682.54 | E39: 370.17 | F39: 544.69 | G39: 61.91 | H39: -60.08 | I39: -998.4 | J39: -15.67 | K39: -156.88 | L39: 10.48 | M39: -4.4 | N39: -68.26 | O39: 2184.6 | P39: 492.5 | Q39: 61.87 | R39: 60.28 | S39: 176.98 | T39: -20.31 | U39: 215.68 | V39: 7.46 | W39: -8.68 | X39: -1.41 | Y39: 70.08 | Z39: 138.42 | AA39: 159.91 | AB39: 32.56 | AC39: 799.25 | AD39: -0.22 | AE39: 3.79 | AF39: 507.31 | AH39: 297.82
A40: =IFERROR(VLOOKUP(B40,'Sector Code Switch'!G:H,2,FALSE),"") | B40: 六.消费量合计 | C40: 404859.66 | D40: 407122.88 | E40: 55007.63 | F40: 21661.36 | G40: 1286.41 | H40: 2850.43 | I40: 48310.41 | J40: 1048.21 | K40: 12071.38 | L40: 1061.46 | M40: 154.88 | N40: 1420.65 | O40: 65369.11 | P40: 69477.14 | Q40: 12767.16 | R40: 3352.1 | S40: 14282.7 | T40: 5364.6 | U40: 7747.49 | V40: 272.23 | W40: 208.39 | X40: 46.48 | Y40: 4108.53 | Z40: 3666.03 | AA40: 6221.15 | AB40: 2316.04 | AC40: 17058.07 | AD40: 2236.86 | AE40: 7992.93 | AF40: 72416835 | AG40: 77620.17 | AH40: 8713.51
A41: =IFERROR(VLOOKUP(B41,'Sector Code Switch'!G:H,2,FALSE),"")
A42: =IFERROR(VLOOKUP(B42,'Sector Code Switch'!G:H,2,FALSE),"")
A43: =IFERROR(VLOOKUP(B43,'Sector Code Switch'!G:H,2,FALSE),"") | B43: 4-2 工业分行业终端能源消费量(实物量)-2020
A44: =IFERROR(VLOOKUP(B44,'Sector Code Switch'!G:H,2,FALSE),"") | B44: 行 业 | C44: 煤合计 | D44: 原煤 | E44: 洗精煤 | F44: 其他洗煤 | G44: 型煤 | H44: 煤矸石 | I44: 焦炭 | J44: 焦炉煤气 | K44: 高炉煤气 | L44: 转炉煤气 | M44: 其他煤气 | N44: 其他焦化产品 | O44: 油品合计 | P44: 原油 | Q44: 汽油 | R44: 煤油 | S44: 柴油 | T44: 燃料油 | U44: 石脑油 | V44: 润滑油 | W44: 石蜡 | X44: 溶剂油 | Y44: 石油沥青 | Z44: 石油焦 | AA44: 液化石油气 | AB44: 炼厂干气 | AC44: 其他石油制品 | AD44: 天然气 | AE44: 液化天然气 | AF44: 热力 | AG44: 电力 | AH44: 其他能源
A45: =IFERROR(VLOOKUP(B45,'Sector Code Switch'!G:H,2,FALSE),"") | C45: 万吨 | D45: 万吨 | E45: 万吨 | F45: 万吨 | G45: 万吨 | H45: 万吨 | I45: 万吨 | J45: 亿立方米 | K45: 亿立方米 | L45: 亿立方米 | M45: 亿立方米 | N45: 万吨 | O45: 万吨 | P45: 万吨 | Q45: 万吨 | R45: 万吨 | S45: 万吨 | T45: 万吨 | U45: 万吨 | V45: 万吨 | W45: 万吨 | X45: 万吨 | Y45: 万吨 | Z45: 万吨 | AA45: 万吨 | AB45: 万吨 | AC45: 万吨 | AD45: 亿立方米 | AE45: 万吨 | AF45: 万百万千焦 | AG45: 亿千瓦时 | AH45: 万吨标煤
A46: =IFERROR(VLOOKUP(B46,'Sector Code Switch'!G:H,2,FALSE),"") | B46: 工业 | C46: 58457.16 | D46: 44258.69 | F46: 13300.72 | G46: =C46-D46-E46-F46 -> 897.75 | I46: 47724.27 | J46: 718.58 | K46: 8638.81 | L46: 651.37 | M46: 97.63 | N46: 1001.96 | O46: 24428.39 | P46: 419.03 | Q46: 160.38 | R46: 9.39 | S46: 879.58 | T46: 230.69 | U46: 6178.69 | V46: 267.78 | W46: 198.21 | X46: 44.16 | Y46: 349.52 | Z46: 3163.41 | AA46: 2496.33 | AB46: 1863.57 | AC46: 8167.65 | AD46: 614.97 | AE46: 7042.49 | AF46: 412216.71 | AG46: 49119.96 | AH46: 990.53
A47: =IFERROR(VLOOKUP(B47,'Sector Code Switch'!G:H,2,FALSE),"") | B47: (一)采矿业 | C47: 2590.1 | D47: 1664.25 | F47: 908.01 | G47: =C47-D47-E47-F47 -> 17.84 | I47: 192.91 | J47: 6.38 | K47: 20.08 | L47: 1.33 | M47: 1.13 | N47: 0.57 | O47: 852.33 | P47: 247.69 | Q47: 13.89 | R47: 1.04 | S47: 377.09 | T47: 1.13 | U47: 142.6 | V47: 2.16 | Y47: 1.34 | Z47: 1.04 | AA47: 36.67 | AB47: 10.63 | AC47: 17.05 | AD47: 139.85 | AE47: 44.7 | AF47: 5984.58 | AG47: 2565.98 | AH47: 9.85
A48: =IFERROR(VLOOKUP(B48,'Sector Code Switch'!G:H,2,FALSE),"") -> coal mining 05 | B48: 煤炭开采和洗选业 | C48: 1987.31 | D48: 1115.16 | F48: 867.99 | G48: =C48-D48-E48-F48 -> 4.16 | I48: 4.91 | J48: 0.95 | K48: 0.39 | M48: 1.13 | N48: 0.57 | O48: 332.66 | P48: 0.08 | Q48: 3.22 | R48: 0.61 | S48: 147.42 | T48: 0.2 | U48: 142.6 | V48: 1.22 | Y48: 0.36 | AA48: 36.44 | AC48: 0.5 | AD48: 8.66 | AE48: 15.21 | AF48: 627.63 | AG48: 908.81 | AH48: 1.13
A49: =IFERROR(VLOOKUP(B49,'Sector Code Switch'!G:H,2,FALSE),"") -> oil and gas extraction 06 | B49: 石油和天然气开采业 | C49: 65.59 | D49: 65.59 | O49: 305.5 | P49: 247.51 | Q49: 5.65 | S49: 25 | T49: 0.3 | V49: 0.01 | AA49: 0.1 | AB49: 10.63 | AC49: 16.31 | AD49: 126.49 | AE49: 11.65 | AF49: 2685.32 | AG49: 463.32
A50: =IFERROR(VLOOKUP(B50,'Sector Code Switch'!G:H,2,FALSE),"") -> other mining and quarrying 07T08 | B50: 黑色金属矿采选业 | C50: 163.66 | D50: 150.61 | F50: 5.14 | G50: =C50-D50-E50-F50 -> 7.91 | I50: 169.63 | J50: 2.77 | K50: 19.7 | L50: 0.1 | O50: 35.8 | Q50: 0.6 | R50: 0.01 | S50: 34.89 | T50: 0.01 | V50: 0.29 | AD50: 0.05 | AF50: 130.58 | AG50: 447.44 | AH50: 2.39
A51: =IFERROR(VLOOKUP(B51,'Sector Code Switch'!G:H,2,FALSE),"") -> other mining and quarrying 07T08 | B51: 有色金属矿采选业 | C51: 76.01 | D51: 74.75 | F51: 1.25 | G51: =C51-D51-E51-F51 -> 0.01 | I51: 3.65 | J51: 1.01 | O51: 19.3 | Q51: 1.07 | R51: 0.4 | S51: 16.57 | T51: 0.52 | V51: 0.04 | Y51: 0.4 | Z51: 0.31 | AD51: 0.83 | AF51: 0.34 | AG51: 329.47 | AH51: 6.01
A52: =IFERROR(VLOOKUP(B52,'Sector Code Switch'!G:H,2,FALSE),"") -> other mining and quarrying 07T08 | B52: 非金属矿采选业 | C52: 285.91 | D52: 246.51 | F52: 33.63 | G52: =C52-D52-E52-F52 -> 5.77 | I52: 14.73 | J52: 1.66 | L52: 1.22 | O52: 50.26 | Q52: 0.77 | R52: 0.01 | S52: 47.82 | T52: 0.04 | V52: 0.16 | Y52: 0.59 | Z52: 0.73 | AA52: 0.06 | AC52: 0.07 | AD52: 0.84 | AE52: 17.34 | AF52: 2289.53 | AG52: 225.7 | AH52: 0.33
A53: =IFERROR(VLOOKUP(B53,'Sector Code Switch'!G:H,2,FALSE),"") -> Mining Support Service Activities 09 | B53: 开采专业及辅助性活动 | C53: 3.33 | D53: 3.33 | O53: 108.59 | P53: 0.09 | Q53: 2.59 | S53: 105.17 | T53: 0.07 | V53: 0.44 | AA53: 0.06 | AC53: 0.17 | AD53: 2.97 | AE53: 0.5 | AF53: 251.17 | AG53: 29.53
A54: =IFERROR(VLOOKUP(B54,'Sector Code Switch'!G:H,2,FALSE),"") -> Mining Support Service Activities 09 | B54: 其他采矿业 | C54: 8.29 | D54: 8.29 | O54: 0.23 | S54: 0.23 | AG54: 161.71
A55: =IFERROR(VLOOKUP(B55,'Sector Code Switch'!G:H,2,FALSE),"") | B55: (二)制造业 | C55: 55252.64 | D55: 41993.72 | F55: 12391.73 | G55: =C55-D55-E55-F55 -> 867.19 | I55: 47430.87 | J55: 710.43 | K55: 8616.96 | L55: 650.04 | M55: 96.22 | N55: 1001.14 | O55: 23534.93 | P55: 171.15 | Q55: 128.82 | R55: 8.35 | S55: 482 | T55: 228.78 | U55: 6036.09 | V55: 265.26 | W55: 198.19 | X55: 44.16 | Y55: 348.18 | Z55: 3162.36 | AA55: 2459.44 | AB55: 1851.77 | AC55: 8150.38 | AD55: 468.3 | AE55: 6930.64 | AF55: 391877.04 | AG55: 39853.38 | AH55: 971.06
A56: =IFERROR(VLOOKUP(B56,'Sector Code Switch'!G:H,2,FALSE),"") -> food beverage and tobacco 10T12 | B56: 农副食品加工业 | C56: 772.08 | D56: 700.34 | F56: 67.55 | G56: =C56-D56-E56-F56 -> 4.19 | I56: 14 | J56: 0.03 | M56: 0.14 | O56: 20.7 | Q56: 4.85 | R56: 0.04 | S56: 12.33 | T56: 0.93 | V56: 0.03 | W56: 0.02 | X56: 1.34 | AA56: 0.97 | AC56: 0.18 | AD56: 4.2 | AE56: 187.09 | AF56: 8733.15 | AG56: 842.42 | AH56: 186.82
A57: =IFERROR(VLOOKUP(B57,'Sector Code Switch'!G:H,2,FALSE),"") -> food beverage and tobacco 10T12 | B57: 食品制造业 | C57: 846.89 | D57: 837.51 | F57: 2.91 | G57: =C57-D57-E57-F57 -> 6.47 | I57: 1.84 | O57: 11.33 | Q57: 3.69 | R57: 0.01 | S57: 5.01 | T57: 0.43 | V57: 0.01 | AA57: 1.21 | AC57: 0.97 | AD57: 13.87 | AE57: 89.28 | AF57: 8795.58 | AG57: 334.09 | AH57: 38.62
A58: =IFERROR(VLOOKUP(B58,'Sector Code Switch'!G:H,2,FALSE),"") -> food beverage and tobacco 10T12 | B58: 酒、饮料和精制茶制造业 | C58: 404.07 | D58: 397.26 | F58: 4.98 | G58: =C58-D58-E58-F58 -> 1.83 | I58: 0.01 | J58: 0.02 | M58: 0.02 | N58: 0.01 | O58: 5.81 | Q58: 1.82 | S58: 2.89 | T58: 0.39 | V58: 0.01 | AA58: 0.7 | AC58: 0.01 | AD58: 9.97 | AE58: 34.71 | AF58: 5889.74 | AG58: 176.06 | AH58: 15.13
A59: =IFERROR(VLOOKUP(B59,'Sector Code Switch'!G:H,2,FALSE),"") -> food beverage and tobacco 10T12 | B59: 烟草制品业 | C59: 4.07 | D59: 4.07 | O59: 0.68 | Q59: 0.08 | S59: 0.55 | AA59: 0.04 | AD59: 1.14 | AF59: 214.86 | AG59: 50.87 | AH59: 2.23
A60: =IFERROR(VLOOKUP(B60,'Sector Code Switch'!G:H,2,FALSE),"") -> textiles apparel and leather 13T15 | B60: 纺织业 | C60: 285.95 | D60: 231.19 | F60: 7.28 | G60: =C60-D60-E60-F60 -> 47.48 | I60: 3.93 | O60: 11.87 | Q60: 3.27 | R60: 0.01 | S60: 3.8 | T60: 1.17 | V60: 0.1 | Y60: 1.58 | AA60: 1.36 | AC60: 0.57 | AD60: 15.9 | AE60: 252.62 | AF60: 32049.84 | AG60: 1650.38 | AH60: 52.08
A61: =IFERROR(VLOOKUP(B61,'Sector Code Switch'!G:H,2,FALSE),"") -> textiles apparel and leather 13T15 | B61: 纺织服装、服饰业 | C61: 28.66 | D61: 28.28 | F61: 0.3 | G61: =C61-D61-E61-F61 -> 0.08 | I61: 0.04 | O61: 5.57 | Q61: 2.89 | S61: 2.16 | T61: 0.25 | V61: 0.02 | AA61: 0.2 | AC61: 0.03 | AD61: 1.01 | AE61: 76.67 | AF61: 321.44 | AG61: 220.24 | AH61: 6.26
A62: =IFERROR(VLOOKUP(B62,'Sector Code Switch'!G:H,2,FALSE),"") -> textiles apparel and leather 13T15 | B62: 皮革、毛皮、羽毛及其制品和制鞋业 | C62: 17.8 | D62: 15.69 | F62: 0.03 | G62: =C62-D62-E62-F62 -> 2.08 | K62: 0.07 | O62: 3.13 | Q62: 1.56 | S62: 1 | T62: 0.14 | V62: 0.04 | X62: 0.1 | AA62: 0.2 | AC62: 0.07 | AD62: 0.11 | AE62: 20.42 | AF62: 184.79 | AG62: 140.96 | AH62: 7.75
A63: =IFERROR(VLOOKUP(B63,'Sector Code Switch'!G:H,2,FALSE),"") -> wood products 16 | B63: 木材加工和木、竹、藤、棕、草制品业 | C63: 34 | D63: 33.47 | F63: 0.52 | G63: =C63-D63-E63-F63 -> 0.01 | I63: 0.01 | O63: 7.27 | Q63: 1.27 | S63: 3.88 | T63: 0.13 | V63: 0.07 | W63: 1.69 | AA63: 0.24 | AD63: 2.81 | AE63: 2.29 | AF63: 694.28 | AG63: 283.98 | AH63: 81.03
A64: =IFERROR(VLOOKUP(B64,'Sector Code Switch'!G:H,2,FALSE),"") -> wood products 16 | B64: 家具制造业 | C64: 1.85 | D64: 1.66 | F64: 0.19 | I64: 0.06 | O64: 3.85 | Q64: 1.63 | R64: 0.02 | S64: 1.88 | T64: 0.06 | V64: 0.08 | AA64: 0.18 | AD64: 1.37 | AE64: 2.23 | AF64: 76.15 | AG64: 120.74 | AH64: 3.13
A65: =IFERROR(VLOOKUP(B65,'Sector Code Switch'!G:H,2,FALSE),"") -> pulp paper and printing 17T18 | B65: 造纸和纸制品业 | C65: 583.73 | D65: 512.11 | F65: 43.34 | G65: =C65-D65-E65-F65 -> 28.28 | I65: 7.93 | J65: 0.07 | O65: 15.49 | P65: 0.03 | Q65: 1.63 | S65: 9.23 | T65: 2.72 | V65: 0.09 | W65: 0.03 | X65: 0.26 | AA65: 1.42 | AC65: 0.09 | AD65: 5.11 | AE65: 116.91 | AF65: 22715.18 | AG65: 798.25 | AH65: 62.84
A66: =IFERROR(VLOOKUP(B66,'Sector Code Switch'!G:H,2,FALSE),"") -> pulp paper and printing 17T18 | B66: 印刷和记录媒介复制业 | C66: 13 | D66: 12.14 | F66: 0.32 | G66: =C66-D66-E66-F66 -> 0.54 | I66: 0.02 | J66: 0.4 | O66: 6.8 | Q66: 2.83 | R66: 0.01 | S66: 3.12 | T66: 0.16 | V66: 0.06 | X66: 0.02 | AA66: 0.42 | AC66: 0.19 | AD66: 3.57 | AE66: 8.23 | AF66: 501.06 | AG66: 132.53 | AH66: 7.32
A67: =IFERROR(VLOOKUP(B67,'Sector Code Switch'!G:H,2,FALSE),"") -> pulp paper and printing 17T18 | B67: 文教、工美、体育和娱乐用品制造业 | C67: 10.38 | D67: 9.91 | G67: =C67-D67-E67-F67 -> 0.47 | I67: 0.44 | O67: 16.83 | Q67: 2.06 | S67: 1.98 | T67: 0.27 | V67: 0.02 | W67: 0.51 | X67: 0.06 | Z67: 11.07 | AA67: 0.71 | AC67: 0.14 | AD67: 3.24 | AE67: 95.96 | AF67: 107.72 | AG67: 85.05 | AH67: 5.31
A68: =IFERROR(VLOOKUP(B68,'Sector Code Switch'!G:H,2,FALSE),"") -> refined petroleum and coke 19 | B68: 石油、煤炭及其他燃料加工业 | C68: 1902.55 | D68: 1138.29 | F68: 724.96 | G68: =C68-D68-E68-F68 -> 39.3 | I68: 56.52 | J68: 196.79 | K68: 100.16 | L68: 2.88 | M68: 2.57 | N68: 91.14 | O68: 11424.97 | P68: 52.25 | Q68: 1.19 | R68: 0.03 | S68: 11.72 | T68: 116.66 | U68: 1295.31 | V68: 241.32 | W68: 0.02 | X68: 1.05 | Y68: 7.88 | Z68: 219.55 | AA68: 1519.62 | AB68: 1660.34 | AC68: 6298.03 | AD68: 27.44 | AE68: 573.8 | AF68: 66461.36 | AG68: 1283.3 | AH68: 52.1
A69: =IFERROR(VLOOKUP(B69,'Sector Code Switch'!G:H,2,FALSE),"") -> chemicals 20 | B69: 化学原料和化学制品制造业 | C69: 12283.92 | D69: 11855.34 | F69: 229.71 | G69: =C69-D69-E69-F69 -> 198.87 | I69: 4059.94 | J69: 90.42 | K69: 9.42 | L69: 8.58 | M69: 13.37 | N69: 545.66 | O69: 8128.36 | P69: 118.23 | Q69: 8.79 | R69: 2 | S69: 25.49 | T69: 29.78 | U69: 4740.74 | V69: 1.19 | W69: 193.02 | X69: 39.65 | Y69: 39.06 | Z69: 84.9 | AA69: 840.3 | AB69: 190.42 | AC69: 1814.8 | AD69: 186.67 | AE69: 1715.36 | AF69: 166792.84 | AG69: 5781.14 | AH69: 232.29
A70: =IFERROR(VLOOKUP(B70,'Sector Code Switch'!G:H,2,FALSE),"") -> 0 | B70: 医药制造业 | C70: 412.05 | D70: 398.55 | F70: 3.33 | G70: =C70-D70-E70-F70 -> 10.17 | I70: 3.46 | J70: 0.15 | M70: 0.02 | N70: 0.01 | O70: 9.84 | Q70: 2.98 | R70: 0.01 | S70: 3.76 | T70: 1.5 | V70: 0.01 | W70: 0.03 | X70: 0.34 | AA70: 0.46 | AC70: 0.76 | AD70: 7.99 | AE70: 81.89 | AF70: 11051.26 | AG70: 430.45 | AH70: 19.9
A71: =IFERROR(VLOOKUP(B71,'Sector Code Switch'!G:H,2,FALSE),"") -> chemicals 20 | B71: 化学纤维制造业 | C71: 538.66 | D71: 358.56 | F71: 4.27 | G71: =C71-D71-E71-F71 -> 175.83 | I71: 0.07 | O71: 2.4 | Q71: 0.37 | R71: 0.02 | S71: 1.11 | T71: 0.63 | V71: 0.04 | X71: 0.09 | AA71: 0.09 | AC71: 0.05 | AD71: 2.27 | AE71: 115.9 | AF71: 11070.11 | AG71: 450.37 | AH71: 14.79
A72: =IFERROR(VLOOKUP(B72,'Sector Code Switch'!G:H,2,FALSE),"") -> rubber and plastic products 22 | B72: 橡胶和塑料制品业 | C72: 221.87 | D72: 199.29 | F72: 1.89 | G72: =C72-D72-E72-F72 -> 20.69 | I72: 1.98 | J72: 0.71 | N72: 2.56 | O72: 26.63 | P72: 0.05 | Q72: 5.92 | R72: 0.05 | S72: 7.69 | T72: 2.21 | V72: 0.54 | W72: 1.26 | X72: 0.5 | Y72: 2.89 | AA72: 2.55 | AB72: 0.01 | AC72: 2.98 | AD72: 8.28 | AE72: 76.83 | AF72: 3125.94 | AG72: 1480.76 | AH72: 13.85
A73: =IFERROR(VLOOKUP(B73,'Sector Code Switch'!G:H,2,FALSE),"") -> glass and glass products 231 | B73: 非金属矿物制品业 | C73: 24112.5 | D73: 14089.42 | F73: 9828.51 | G73: =C73-D73-E73-F73 -> 194.57 | I73: 1463.15 | J73: 38.27 | K73: 46.12 | L73: 9.44 | M73: 8.48 | N73: 16.56 | O73: 3221.74 | P73: 0.37 | Q73: 12.92 | R73: 0.53 | S73: 232.27 | T73: 58.29 | V73: 0.79 | W73: 0.89 | X73: 0.26 | Y73: 280.82 | Z73: 2564.62 | AA73: 54.47 | AB73: 0.08 | AC73: 15.45 | AD73: 42.44 | AE73: 1332.74 | AF73: 4785.73 | AG73: 3929.53 | AH73: 83.03
A74: =IFERROR(VLOOKUP(B74,'Sector Code Switch'!G:H,2,FALSE),"") -> iron and steel 241 | B74: 黑色金属冶炼和压延加工业 | C74: 9801.55 | D74: 8804.84 | F74: 884.1 | G74: =C74-D74-E74-F74 -> 112.61 | I74: 40335.4 | J74: 353.69 | K74: 8350.98 | L74: 622.16 | M74: 1.57 | N74: 329.03 | O74: 76.53 | Q74: 2.5 | R74: 0.02 | S74: 40.95 | T74: 0.27 | V74: 1.29 | W74: 0.01 | Z74: 21.3 | AA74: 8.85 | AB74: 0.92 | AC74: 0.4 | AD74: 48.3 | AE74: 691.75 | AF74: 18749.02 | AG74: 6785.56 | AH74: 47.29
A75: =IFERROR(VLOOKUP(B75,'Sector Code Switch'!G:H,2,FALSE),"") -> other metals 242 | B75: 有色金属冶炼和压延加工业 | C75: 2309.03 | D75: 2019.58 | F75: 280.49 | G75: =C75-D75-E75-F75 -> 8.96 | I75: 399.66 | J75: 23.62 | L75: 1.85 | M75: 68.75 | N75: 9.79 | O75: 318.82 | P75: 0.21 | Q75: 2.48 | R75: 0.37 | S75: 24.24 | T75: 7.72 | V75: 0.48 | W75: 0.01 | X75: 0.1 | Y75: 15.7 | Z75: 257.88 | AA75: 2.77 | AC75: 6.86 | AD75: 21.89 | AE75: 219.18 | AF75: 21665.46 | AG75: 7132.92 | AH75: 7.08
A76: =IFERROR(VLOOKUP(B76,'Sector Code Switch'!G:H,2,FALSE),"") -> metal products except machinery and vehicles 25 | B76: 金属制品业 | C76: 242.3 | D76: 189.96 | F76: 51.18 | G76: =C76-D76-E76-F76 -> 1.16 | I76: 589.1 | J76: 3.21 | K76: 94.58 | L76: 3.04 | M76: 0.63 | N76: 3.01 | O76: 29.43 | Q76: 8.24 | R76: 0.3 | S76: 13.11 | T76: 0.75 | V76: 0.66 | W76: 0.03 | X76: 0.02 | Y76: 0.19 | AA76: 5.59 | AC76: 0.53 | AD76: 13.52 | AE76: 439.91 | AF76: 629.6 | AG76: 1551.86 | AH76: 4.64
A77: =IFERROR(VLOOKUP(B77,'Sector Code Switch'!G:H,2,FALSE),"") -> other manufacturing 31T33 | B77: 通用设备制造业 | C77: 14.31 | D77: 12.55 | F77: 0.47 | G77: =C77-D77-E77-F77 -> 1.29 | I77: 412.08 | J77: 1.17 | K77: 0.24 | L77: 0.37 | O77: 35.56 | Q77: 10.88 | R77: 1.44 | S77: 14.68 | T77: 0.45 | U77: 0.03 | V77: 3.6 | W77: 0.14 | X77: 0.04 | AA77: 2.77 | AC77: 1.53 | AD77: 10.43 | AE77: 84.84 | AF77: 351.42 | AG77: 1077.47 | AH77: 5.06
A78: =IFERROR(VLOOKUP(B78,'Sector Code Switch'!G:H,2,FALSE),"") -> cement and other nonmetallic minerals 239 | B78: 专用设备制造业 | C78: 10.65 | D78: 4.08 | G78: =C78-D78-E78-F78 -> 6.57 | J78: 0.33 | K78: 3.73 | M78: 0.5 | N78: 2.77 | O78: 35.42 | P78: 0.01 | Q78: 8.3 | R78: 0.88 | S78: 15.01 | T78: 0.38 | V78: 3.69 | W78: 0.03 | X78: 0.04 | AA78: 3.92 | AC78: 3.16 | AD78: 5.28 | AE78: 93.55 | AF78: 833.26 | AG78: 498.54 | AH78: 4.35
A79: =IFERROR(VLOOKUP(B79,'Sector Code Switch'!G:H,2,FALSE),"") -> road vehicles 29 | B79: 汽车制造业 | C79: 16.78 | D79: 15.73 | F79: 0.06 | G79: =C79-D79-E79-F79 -> 0.99 | I79: 11.23 | J79: 0.06 | K79: 0.01 | L79: 0.01 | M79: 0.16 | O79: 41.86 | P79: 0.01 | Q79: 13.62 | R79: 0.24 | S79: 16.33 | T79: 0.17 | U79: 0.01 | V79: 8.36 | W79: 0.01 | X79: 0.12 | Y79: 0.01 | AA79: 1.6 | AC79: 1.38 | AD79: 6.88 | AE79: 159.38 | AF79: 2612.21 | AG79: 1182.79 | AH79: 2.32
A80: =IFERROR(VLOOKUP(B80,'Sector Code Switch'!G:H,2,FALSE),"") -> nonroad vehicles 30 | B80: 铁路、船舶、航空航天和其他运输设备制造业 | C80: 35.24 | D80: 14.97 | F80: 20.27 | I80: 0.4 | J80: 0.24 | O80: 14.83 | Q80: 2.71 | R80: 1.3 | S80: 7.59 | T80: 0.98 | V80: 0.34 | W80: 0.22 | X80: 0.03 | AA80: 1.31 | AC80: 0.33 | AD80: 4.99 | AE80: 127.43 | AF80: 592.46 | AG80: 159.76 | AH80: 0.24
A81: =IFERROR(VLOOKUP(B81,'Sector Code Switch'!G:H,2,FALSE),"") -> appliances and electrical equipment 27 | B81: 电气机械和器材制造业 | C81: 10.44 | D81: 10.44 | I81: 0.7 | M81: 0.01 | O81: 24.36 | Q81: 10.26 | R81: 0.12 | S81: 6.49 | T81: 1.19 | V81: 1.89 | W81: 0.14 | X81: 0.09 | Y81: 0.04 | Z81: 0.31 | AA81: 2.66 | AC81: 1.16 | AD81: 3.44 | AE81: 87.73 | AF81: 1397.41 | AG81: 942.86 | AH81: 4.76
A82: =IFERROR(VLOOKUP(B82,'Sector Code Switch'!G:H,2,FALSE),"") -> computers and electronics 26 | B82: 计算机、通信和其他电子设备制造业 | C82: 15.82 | D82: 14.94 | F82: 0.87 | G82: =C82-D82-E82-F82 -> 0.01 | I82: 0.02 | J82: 0.05 | K82: 0.01 | O82: 12.54 | Q82: 6.29 | R82: 0.02 | S82: 3.52 | T82: 0.26 | V82: 0.32 | W82: 0.01 | X82: 0.03 | AA82: 1.54 | AC82: 0.54 | AD82: 12.48 | AE82: 113.38 | AF82: 1255.34 | AG82: 1570.61 | AH82: 2.87
A83: =IFERROR(VLOOKUP(B83,'Sector Code Switch'!G:H,2,FALSE),"") -> computers and electronics 26 | B83: 仪器仪表制造业 | C83: 2.06 | D83: 2.06 | O83: 3.83 | Q83: 2.65 | R83: 0.04 | S83: 0.7 | T83: 0.07 | V83: 0.08 | W83: 0.06 | AA83: 0.09 | AC83: 0.13 | AD83: 0.52 | AE83: 2.71 | AF83: 68.26 | AG83: 77.23 | AH83: 1.21
A84: =IFERROR(VLOOKUP(B84,'Sector Code Switch'!G:H,2,FALSE),"") -> other machinery 28 | B84: 其他制造业 | C84: 2.89 | D84: 2.84 | G84: =C84-D84-E84-F84 -> 0.05 | I84: 0.06 | K84: 0.69 | O84: 4.39 | Q84: 0.45 | R84: 0.09 | S84: 0.83 | V84: 0.01 | W84: 0.07 | AA84: 2.94 | AD84: 0.05 | AE84: 29.85 | AF84: 82.84 | AG84: 600.7 | AH84: 0.76
A85: =IFERROR(VLOOKUP(B85,'Sector Code Switch'!G:H,2,FALSE),"") -> water and waste 36T39 | B85: 废弃资源综合利用业 | C85: 316.37 | D85: 77.46 | F85: 234.19 | G85: =C85-D85-E85-F85 -> 4.72 | I85: 68.85 | J85: 1.14 | K85: 10.96 | L85: 1.7 | N85: 0.6 | O85: 8.02 | Q85: 0.24 | R85: 0.01 | S85: 4.09 | T85: 0.65 | V85: 0.02 | Z85: 2.73 | AA85: 0.26 | AC85: 0.03 | AD85: 2.91 | AE85: 95.12 | AF85: 39.84 | AG85: 67.1 | AH85: 6
A86: =IFERROR(VLOOKUP(B86,'Sector Code Switch'!G:H,2,FALSE),"") -> other machinery 28 | B86: 金属制品、机械和设备修理业 | C86: 1.18 | D86: 1.18 | J86: 0.06 | M86: 0.01 | O86: 6.09 | Q86: 0.42 | R86: 0.79 | S86: 4.59 | T86: 0.17 | V86: 0.1 | AA86: 0.02 | AD86: 0.23 | AE86: 2.91 | AF86: 28.9 | AG86: 14.84
A87: =IFERROR(VLOOKUP(B87,'Sector Code Switch'!G:H,2,FALSE),"") | B87: (三)电力、热力、燃气及水生产和供应业 | C87: 614.43 | D87: 600.71 | F87: 0.98 | G87: =C87-D87-E87-F87 -> 12.74 | I87: 100.48 | J87: 1.77 | K87: 1.77 | M87: 0.28 | N87: 0.25 | O87: 41.14 | P87: 0.19 | Q87: 17.67 | S87: 20.49 | T87: 0.78 | V87: 0.35 | W87: 0.02 | Z87: 0.01 | AA87: 0.23 | AB87: 1.17 | AC87: 0.22 | AD87: 6.83 | AE87: 67.15 | AF87: 14355.08 | AG87: 6700.59 | AH87: 9.62
A88: =IFERROR(VLOOKUP(B88,'Sector Code Switch'!G:H,2,FALSE),"") -> 0 | B88: 电力、热力生产和供应业 | C88: 425.55 | D88: 411.87 | F88: 0.98 | G88: =C88-D88-E88-F88 -> 12.7 | I88: 100.48 | J88: 0.08 | K88: 0.23 | N88: 0.25 | O88: 35.01 | P88: 0.16 | Q88: 13.6 | S88: 18.81 | T88: 0.72 | V88: 0.32 | Z88: 0.01 | AA88: 0.01 | AB88: 1.17 | AC88: 0.21 | AD88: 2.57 | AF88: 10084.04 | AG88: 5886.02 | AH88: 9.62
A89: =IFERROR(VLOOKUP(B89,'Sector Code Switch'!G:H,2,FALSE),"") -> energy pipelines and gas processing 352T353 | B89: 燃气生产和供应业 | C89: 185.16 | D89: 185.16 | G89: =C89-D89-E89-F89 -> 0 | J89: 1.69 | K89: 1.55 | M89: 0.28 | O89: 3.08 | Q89: 2.28 | S89: 0.74 | V89: 0.03 | AA89: 0.03 | AC89: 0.01 | AD89: 3.78 | AE89: 67.03 | AF89: 4070.13 | AG89: 169.53
A90: =IFERROR(VLOOKUP(B90,'Sector Code Switch'!G:H,2,FALSE),"") -> water and waste 36T39 | B90: 水的生产和供应业 | C90: 3.72 | D90: 3.68 | G90: =C90-D90-E90-F90 -> 0.04 | O90: 3.05 | P90: 0.03 | Q90: 1.79 | S90: 0.94 | T90: 0.06 | W90: 0.02 | AA90: 0.19 | AD90: 0.47 | AE90: 0.12 | AF90: 200.92 | AG90: 645.05
A93: agriculture and forestry 01T03 | C93: =IFERROR(SUMIFS(C$4:C$90,$A$4:$A$90,$A93)*VLOOKUP(C$44,'Energy Heat Value Conversion'!$A:$E,5,FALSE),0) -> 0 | D93: =IFERROR(SUMIFS(D$4:D$90,$A$4:$A$90,$A93)*VLOOKUP(D$44,'Energy Heat Value Conversion'!$A:$E,5,FALSE),0) -> 4.3047987e+14 | E93: =IFERROR(SUMIFS(E$4:E$90,$A$4:$A$90,$A93)*VLOOKUP(E$44,'Energy Heat Value Conversion'!$A:$E,5,FALSE),0) -> 0 | F93: =IFERROR(SUMIFS(F$4:F$90,$A$4:$A$90,$A93)*VLOOKUP(F$44,'Energy Heat Value Conversion'!$A:$E,5,FALSE),0) -> 6.4696865e+12 | G93: =IFERROR(SUMIFS(G$4:G$90,$A$4:$A$90,$A93)*VLOOKUP(G$44,'Energy Heat Value Conversion'!$A:$E,5,FALSE),0) -> 0 | H93: =IFERROR(SUMIFS(H$4:H$90,$A$4:$A$90,$A93)*VLOOKUP(H$44,'Energy Heat Value Conversion'!$A:$E,5,FALSE),0) -> 0 | I93: =IFERROR(SUMIFS(I$4:I$90,$A$4:$A$90,$A93)*VLOOKUP(I$44,'Energy Heat Value Conversion'!$A:$E,5,FALSE),0) -> 6.2634542e+12 | J93: =IFERROR(SUMIFS(J$4:J$90,$A$4:$A$90,$A93)*VLOOKUP(J$44,'Energy Heat Value Conversion'!$A:$E,5,FALSE),0) -> 0 | ... AH93: =IFERROR(SUMIFS(AH$4:AH$90,$A$4:$A$90,$A93)*VLOOKUP(AH$44,'Energy Heat Value Conversion'!$A:$E,5,FALSE),0) -> 1.8483589e+14
A94: coal mining 05 | C94: =IFERROR(SUMIFS(C$4:C$90,$A$4:$A$90,$A94)*VLOOKUP(C$44,'Energy Heat Value Conversion'!$A:$E,5,FALSE),0) -> 0 | D94: =IFERROR(SUMIFS(D$4:D$90,$A$4:$A$90,$A94)*VLOOKUP(D$44,'Energy Heat Value Conversion'!$A:$E,5,FALSE),0) -> 2.2099082e+14 | E94: =IFERROR(SUMIFS(E$4:E$90,$A$4:$A$90,$A94)*VLOOKUP(E$44,'Energy Heat Value Conversion'!$A:$E,5,FALSE),0) -> 0 | F94: =IFERROR(SUMIFS(F$4:F$90,$A$4:$A$90,$A94)*VLOOKUP(F$44,'Energy Heat Value Conversion'!$A:$E,5,FALSE),0) -> 6.8802048e+13 | G94: =IFERROR(SUMIFS(G$4:G$90,$A$4:$A$90,$A94)*VLOOKUP(G$44,'Energy Heat Value Conversion'!$A:$E,5,FALSE),0) -> 6.1008789e+11 | H94: =IFERROR(SUMIFS(H$4:H$90,$A$4:$A$90,$A94)*VLOOKUP(H$44,'Energy Heat Value Conversion'!$A:$E,5,FALSE),0) -> 0 | I94: =IFERROR(SUMIFS(I$4:I$90,$A$4:$A$90,$A94)*VLOOKUP(I$44,'Energy Heat Value Conversion'!$A:$E,5,FALSE),0) -> 1.3233029e+12 | J94: =IFERROR(SUMIFS(J$4:J$90,$A$4:$A$90,$A94)*VLOOKUP(J$44,'Energy Heat Value Conversion'!$A:$E,5,FALSE),0) -> 1.5625547e+12 | ... AH94: =IFERROR(SUMIFS(AH$4:AH$90,$A$4:$A$90,$A94)*VLOOKUP(AH$44,'Energy Heat Value Conversion'!$A:$E,5,FALSE),0) -> 3.1350217e+11
A95: oil and gas extraction 06 | C95: =IFERROR(SUMIFS(C$4:C$90,$A$4:$A$90,$A95)*VLOOKUP(C$44,'Energy Heat Value Conversion'!$A:$E,5,FALSE),0) -> 0 | D95: =IFERROR(SUMIFS(D$4:D$90,$A$4:$A$90,$A95)*VLOOKUP(D$44,'Energy Heat Value Conversion'!$A:$E,5,FALSE),0) -> 1.2997944e+13 | E95: =IFERROR(SUMIFS(E$4:E$90,$A$4:$A$90,$A95)*VLOOKUP(E$44,'Energy Heat Value Conversion'!$A:$E,5,FALSE),0) -> 0 | F95: =IFERROR(SUMIFS(F$4:F$90,$A$4:$A$90,$A95)*VLOOKUP(F$44,'Energy Heat Value Conversion'!$A:$E,5,FALSE),0) -> 0 | G95: =IFERROR(SUMIFS(G$4:G$90,$A$4:$A$90,$A95)*VLOOKUP(G$44,'Energy Heat Value Conversion'!$A:$E,5,FALSE),0) -> 0 | H95: =IFERROR(SUMIFS(H$4:H$90,$A$4:$A$90,$A95)*VLOOKUP(H$44,'Energy Heat Value Conversion'!$A:$E,5,FALSE),0) -> 0 | I95: =IFERROR(SUMIFS(I$4:I$90,$A$4:$A$90,$A95)*VLOOKUP(I$44,'Energy Heat Value Conversion'!$A:$E,5,FALSE),0) -> 0 | J95: =IFERROR(SUMIFS(J$4:J$90,$A$4:$A$90,$A95)*VLOOKUP(J$44,'Energy Heat Value Conversion'!$A:$E,5,FALSE),0) -> 0 | ... AH95: =IFERROR(SUMIFS(AH$4:AH$90,$A$4:$A$90,$A95)*VLOOKUP(AH$44,'Energy Heat Value Conversion'!$A:$E,5,FALSE),0) -> 0
A96: other mining and quarrying 07T08 | C96: =IFERROR(SUMIFS(C$4:C$90,$A$4:$A$90,$A96)*VLOOKUP(C$44,'Energy Heat Value Conversion'!$A:$E,5,FALSE),0) -> 0 | D96: =IFERROR(SUMIFS(D$4:D$90,$A$4:$A$90,$A96)*VLOOKUP(D$44,'Energy Heat Value Conversion'!$A:$E,5,FALSE),0) -> 9.3510291e+13 | E96: =IFERROR(SUMIFS(E$4:E$90,$A$4:$A$90,$A96)*VLOOKUP(E$44,'Energy Heat Value Conversion'!$A:$E,5,FALSE),0) -> 0 | F96: =IFERROR(SUMIFS(F$4:F$90,$A$4:$A$90,$A96)*VLOOKUP(F$44,'Energy Heat Value Conversion'!$A:$E,5,FALSE),0) -> 3.1722232e+12 | G96: =IFERROR(SUMIFS(G$4:G$90,$A$4:$A$90,$A96)*VLOOKUP(G$44,'Energy Heat Value Conversion'!$A:$E,5,FALSE),0) -> 2.0077171e+12 | H96: =IFERROR(SUMIFS(H$4:H$90,$A$4:$A$90,$A96)*VLOOKUP(H$44,'Energy Heat Value Conversion'!$A:$E,5,FALSE),0) -> 0 | I96: =IFERROR(SUMIFS(I$4:I$90,$A$4:$A$90,$A96)*VLOOKUP(I$44,'Energy Heat Value Conversion'!$A:$E,5,FALSE),0) -> 5.0670913e+13 | J96: =IFERROR(SUMIFS(J$4:J$90,$A$4:$A$90,$A96)*VLOOKUP(J$44,'Energy Heat Value Conversion'!$A:$E,5,FALSE),0) -> 8.9476818e+12 | ... AH96: =IFERROR(SUMIFS(AH$4:AH$90,$A$4:$A$90,$A96)*VLOOKUP(AH$44,'Energy Heat Value Conversion'!$A:$E,5,FALSE),0) -> 2.4220124e+12
A97: food beverage and tobacco 10T12 | C97: =IFERROR(SUMIFS(C$4:C$90,$A$4:$A$90,$A97)*VLOOKUP(C$44,'Energy Heat Value Conversion'!$A:$E,5,FALSE),0) -> 0 | D97: =IFERROR(SUMIFS(D$4:D$90,$A$4:$A$90,$A97)*VLOOKUP(D$44,'Energy Heat Value Conversion'!$A:$E,5,FALSE),0) -> 3.8428653e+14 | E97: =IFERROR(SUMIFS(E$4:E$90,$A$4:$A$90,$A97)*VLOOKUP(E$44,'Energy Heat Value Conversion'!$A:$E,5,FALSE),0) -> 0 | F97: =IFERROR(SUMIFS(F$4:F$90,$A$4:$A$90,$A97)*VLOOKUP(F$44,'Energy Heat Value Conversion'!$A:$E,5,FALSE),0) -> 5.979823e+12 | G97: =IFERROR(SUMIFS(G$4:G$90,$A$4:$A$90,$A97)*VLOOKUP(G$44,'Energy Heat Value Conversion'!$A:$E,5,FALSE),0) -> 1.8317302e+12 | H97: =IFERROR(SUMIFS(H$4:H$90,$A$4:$A$90,$A97)*VLOOKUP(H$44,'Energy Heat Value Conversion'!$A:$E,5,FALSE),0) -> 0 | I97: =IFERROR(SUMIFS(I$4:I$90,$A$4:$A$90,$A97)*VLOOKUP(I$44,'Energy Heat Value Conversion'!$A:$E,5,FALSE),0) -> 4.271762e+12 | J97: =IFERROR(SUMIFS(J$4:J$90,$A$4:$A$90,$A97)*VLOOKUP(J$44,'Energy Heat Value Conversion'!$A:$E,5,FALSE),0) -> 8.2239722e+10 | ... AH97: =IFERROR(SUMIFS(AH$4:AH$90,$A$4:$A$90,$A97)*VLOOKUP(AH$44,'Energy Heat Value Conversion'!$A:$E,5,FALSE),0) -> 6.7361352e+13
A98: textiles apparel and leather 13T15 | C98: =IFERROR(SUMIFS(C$4:C$90,$A$4:$A$90,$A98)*VLOOKUP(C$44,'Energy Heat Value Conversion'!$A:$E,5,FALSE),0) -> 0 | D98: =IFERROR(SUMIFS(D$4:D$90,$A$4:$A$90,$A98)*VLOOKUP(D$44,'Energy Heat Value Conversion'!$A:$E,5,FALSE),0) -> 5.4528348e+13 | E98: =IFERROR(SUMIFS(E$4:E$90,$A$4:$A$90,$A98)*VLOOKUP(E$44,'Energy Heat Value Conversion'!$A:$E,5,FALSE),0) -> 0 | F98: =IFERROR(SUMIFS(F$4:F$90,$A$4:$A$90,$A98)*VLOOKUP(F$44,'Energy Heat Value Conversion'!$A:$E,5,FALSE),0) -> 6.0321385e+11 | G98: =IFERROR(SUMIFS(G$4:G$90,$A$4:$A$90,$A98)*VLOOKUP(G$44,'Energy Heat Value Conversion'!$A:$E,5,FALSE),0) -> 7.2799911e+12 | H98: =IFERROR(SUMIFS(H$4:H$90,$A$4:$A$90,$A98)*VLOOKUP(H$44,'Energy Heat Value Conversion'!$A:$E,5,FALSE),0) -> 0 | I98: =IFERROR(SUMIFS(I$4:I$90,$A$4:$A$90,$A98)*VLOOKUP(I$44,'Energy Heat Value Conversion'!$A:$E,5,FALSE),0) -> 1.0699618e+12 | J98: =IFERROR(SUMIFS(J$4:J$90,$A$4:$A$90,$A98)*VLOOKUP(J$44,'Energy Heat Value Conversion'!$A:$E,5,FALSE),0) -> 0 | ... AH98: =IFERROR(SUMIFS(AH$4:AH$90,$A$4:$A$90,$A98)*VLOOKUP(AH$44,'Energy Heat Value Conversion'!$A:$E,5,FALSE),0) -> 1.8335715e+13
A99: wood products 16 | C99: =IFERROR(SUMIFS(C$4:C$90,$A$4:$A$90,$A99)*VLOOKUP(C$44,'Energy Heat Value Conversion'!$A:$E,5,FALSE),0) -> 0 | D99: =IFERROR(SUMIFS(D$4:D$90,$A$4:$A$90,$A99)*VLOOKUP(D$44,'Energy Heat Value Conversion'!$A:$E,5,FALSE),0) -> 6.9616982e+12 | E99: =IFERROR(SUMIFS(E$4:E$90,$A$4:$A$90,$A99)*VLOOKUP(E$44,'Energy Heat Value Conversion'!$A:$E,5,FALSE),0) -> 0 | F99: =IFERROR(SUMIFS(F$4:F$90,$A$4:$A$90,$A99)*VLOOKUP(F$44,'Energy Heat Value Conversion'!$A:$E,5,FALSE),0) -> 5.6278822e+10 | G99: =IFERROR(SUMIFS(G$4:G$90,$A$4:$A$90,$A99)*VLOOKUP(G$44,'Energy Heat Value Conversion'!$A:$E,5,FALSE),0) -> 1.4665574e+09 | H99: =IFERROR(SUMIFS(H$4:H$90,$A$4:$A$90,$A99)*VLOOKUP(H$44,'Energy Heat Value Conversion'!$A:$E,5,FALSE),0) -> 0 | I99: =IFERROR(SUMIFS(I$4:I$90,$A$4:$A$90,$A99)*VLOOKUP(I$44,'Energy Heat Value Conversion'!$A:$E,5,FALSE),0) -> 1.8865826e+10 | J99: =IFERROR(SUMIFS(J$4:J$90,$A$4:$A$90,$A99)*VLOOKUP(J$44,'Energy Heat Value Conversion'!$A:$E,5,FALSE),0) -> 0 | ... AH99: =IFERROR(SUMIFS(AH$4:AH$90,$A$4:$A$90,$A99)*VLOOKUP(AH$44,'Energy Heat Value Conversion'!$A:$E,5,FALSE),0) -> 2.3348976e+13
A100: pulp paper and printing 17T18 | C100: =IFERROR(SUMIFS(C$4:C$90,$A$4:$A$90,$A100)*VLOOKUP(C$44,'Energy Heat Value Conversion'!$A:$E,5,FALSE),0) -> 0 | D100: =IFERROR(SUMIFS(D$4:D$90,$A$4:$A$90,$A100)*VLOOKUP(D$44,'Energy Heat Value Conversion'!$A:$E,5,FALSE),0) -> 1.0585428e+14 | E100: =IFERROR(SUMIFS(E$4:E$90,$A$4:$A$90,$A100)*VLOOKUP(E$44,'Energy Heat Value Conversion'!$A:$E,5,FALSE),0) -> 0 | F100: =IFERROR(SUMIFS(F$4:F$90,$A$4:$A$90,$A100)*VLOOKUP(F$44,'Energy Heat Value Conversion'!$A:$E,5,FALSE),0) -> 3.4607512e+12 | G100: =IFERROR(SUMIFS(G$4:G$90,$A$4:$A$90,$A100)*VLOOKUP(G$44,'Energy Heat Value Conversion'!$A:$E,5,FALSE),0) -> 4.2955467e+12 | H100: =IFERROR(SUMIFS(H$4:H$90,$A$4:$A$90,$A100)*VLOOKUP(H$44,'Energy Heat Value Conversion'!$A:$E,5,FALSE),0) -> 0 | I100: =IFERROR(SUMIFS(I$4:I$90,$A$4:$A$90,$A100)*VLOOKUP(I$44,'Energy Heat Value Conversion'!$A:$E,5,FALSE),0) -> 2.261204e+12 | J100: =IFERROR(SUMIFS(J$4:J$90,$A$4:$A$90,$A100)*VLOOKUP(J$44,'Energy Heat Value Conversion'!$A:$E,5,FALSE),0) -> 7.7305339e+11 | ... AH100: =IFERROR(SUMIFS(AH$4:AH$90,$A$4:$A$90,$A100)*VLOOKUP(AH$44,'Energy Heat Value Conversion'!$A:$E,5,FALSE),0) -> 2.0938061e+13
A101: refined petroleum and coke 19 | C101: =IFERROR(SUMIFS(C$4:C$90,$A$4:$A$90,$A101)*VLOOKUP(C$44,'Energy Heat Value Conversion'!$A:$E,5,FALSE),0) -> 0 | D101: =IFERROR(SUMIFS(D$4:D$90,$A$4:$A$90,$A101)*VLOOKUP(D$44,'Energy Heat Value Conversion'!$A:$E,5,FALSE),0) -> 2.2557448e+14 | E101: =IFERROR(SUMIFS(E$4:E$90,$A$4:$A$90,$A101)*VLOOKUP(E$44,'Energy Heat Value Conversion'!$A:$E,5,FALSE),0) -> 0 | F101: =IFERROR(SUMIFS(F$4:F$90,$A$4:$A$90,$A101)*VLOOKUP(F$44,'Energy Heat Value Conversion'!$A:$E,5,FALSE),0) -> 5.746464e+13 | G101: =IFERROR(SUMIFS(G$4:G$90,$A$4:$A$90,$A101)*VLOOKUP(G$44,'Energy Heat Value Conversion'!$A:$E,5,FALSE),0) -> 5.7635707e+12 | H101: =IFERROR(SUMIFS(H$4:H$90,$A$4:$A$90,$A101)*VLOOKUP(H$44,'Energy Heat Value Conversion'!$A:$E,5,FALSE),0) -> 0 | I101: =IFERROR(SUMIFS(I$4:I$90,$A$4:$A$90,$A101)*VLOOKUP(I$44,'Energy Heat Value Conversion'!$A:$E,5,FALSE),0) -> 1.5232807e+13 | J101: =IFERROR(SUMIFS(J$4:J$90,$A$4:$A$90,$A101)*VLOOKUP(J$44,'Energy Heat Value Conversion'!$A:$E,5,FALSE),0) -> 3.236791e+14 | ... AH101: =IFERROR(SUMIFS(AH$4:AH$90,$A$4:$A$90,$A101)*VLOOKUP(AH$44,'Energy Heat Value Conversion'!$A:$E,5,FALSE),0) -> 1.4454392e+13
A102: chemicals 20 | C102: =IFERROR(SUMIFS(C$4:C$90,$A$4:$A$90,$A102)*VLOOKUP(C$44,'Energy Heat Value Conversion'!$A:$E,5,FALSE),0) -> 0 | D102: =IFERROR(SUMIFS(D$4:D$90,$A$4:$A$90,$A102)*VLOOKUP(D$44,'Energy Heat Value Conversion'!$A:$E,5,FALSE),0) -> 2.4204237e+15 | E102: =IFERROR(SUMIFS(E$4:E$90,$A$4:$A$90,$A102)*VLOOKUP(E$44,'Energy Heat Value Conversion'!$A:$E,5,FALSE),0) -> 0 | F102: =IFERROR(SUMIFS(F$4:F$90,$A$4:$A$90,$A102)*VLOOKUP(F$44,'Energy Heat Value Conversion'!$A:$E,5,FALSE),0) -> 1.8546646e+13 | G102: =IFERROR(SUMIFS(G$4:G$90,$A$4:$A$90,$A102)*VLOOKUP(G$44,'Energy Heat Value Conversion'!$A:$E,5,FALSE),0) -> 5.4951907e+13 | H102: =IFERROR(SUMIFS(H$4:H$90,$A$4:$A$90,$A102)*VLOOKUP(H$44,'Energy Heat Value Conversion'!$A:$E,5,FALSE),0) -> 0 | I102: =IFERROR(SUMIFS(I$4:I$90,$A$4:$A$90,$A102)*VLOOKUP(I$44,'Energy Heat Value Conversion'!$A:$E,5,FALSE),0) -> 1.0942206e+15 | J102: =IFERROR(SUMIFS(J$4:J$90,$A$4:$A$90,$A102)*VLOOKUP(J$44,'Energy Heat Value Conversion'!$A:$E,5,FALSE),0) -> 1.4872231e+14 | ... AH102: =IFERROR(SUMIFS(AH$4:AH$90,$A$4:$A$90,$A102)*VLOOKUP(AH$44,'Energy Heat Value Conversion'!$A:$E,5,FALSE),0) -> 6.8548776e+13
...

Sheet Non Energy Use Worksheet
C1: =IFERROR(VLOOKUP(C3,'Fuel Code Switch'!$B$2:$D$35,3,FALSE),"") | D1: =IFERROR(VLOOKUP(D3,'Fuel Code Switch'!$B$2:$D$35,3,FALSE),"") -> coal | E1: =IFERROR(VLOOKUP(E3,'Fuel Code Switch'!$B$2:$D$35,3,FALSE),"") -> coal | F1: =IFERROR(VLOOKUP(F3,'Fuel Code Switch'!$B$2:$D$35,3,FALSE),"") -> coal | G1: =IFERROR(VLOOKUP(G3,'Fuel Code Switch'!$B$2:$D$35,3,FALSE),"") | H1: =IFERROR(VLOOKUP(H3,'Fuel Code Switch'!$B$2:$D$35,3,FALSE),"") -> coal | I1: =IFERROR(VLOOKUP(I3,'Fuel Code Switch'!$B$2:$D$35,3,FALSE),"") -> coal | J1: =IFERROR(VLOOKUP(J3,'Fuel Code Switch'!$B$2:$D$35,3,FALSE),"") -> LPG propane or butane | ... AH1: =IFERROR(VLOOKUP(AH3,'Fuel Code Switch'!$B$2:$D$35,3,FALSE),"") -> biomass
B3: Non Energy Use Ratio | C3: 煤合计 | D3: 原煤 | E3: 洗精煤 | F3: 其他洗煤 | G3: 型煤 | H3: 煤矸石 | I3: 焦炭 | J3: 焦炉煤气 | K3: 高炉煤气 | L3: 转炉煤气 | M3: 其他煤气 | N3: 其他焦化产品 | O3: 油品合计 | P3: 原油 | Q3: 汽油 | R3: 煤油 | S3: 柴油 | T3: 燃料油 | U3: 石脑油 | V3: 润滑油 | W3: 石蜡 | X3: 溶剂油 | Y3: 石油沥青 | Z3: 石油焦 | AA3: 液化石油气 | AB3: 炼厂干气 | AC3: 其他石油制品 | AD3: 天然气 | AE3: 液化天然气 | AF3: 热力 | AG3: 电力 | AH3: 其他能源 | AJ3: EnergyProductwithNoUseasMaterial | AV3: NonEnergyRatioforOtherSectors
C4: 万吨 | D4: 万吨 | E4: 万吨 | F4: 万吨 | G4: 万吨 | H4: 万吨 | I4: 万吨 | J4: 亿立方米 | K4: 亿立方米 | L4: 亿立方米 | M4: 亿立方米 | N4: 万吨 | O4: 万吨 | P4: 万吨 | Q4: 万吨 | R4: 万吨 | S4: 万吨 | T4: 万吨 | U4: 万吨 | V4: 万吨 | W4: 万吨 | X4: 万吨 | Y4: 万吨 | Z4: 万吨 | AA4: 万吨 | AB4: 万吨 | AC4: 万吨 | AD4: 亿立方米 | AE4: 万吨 | AF4: 万百万千焦 | AG4: 亿千瓦时 | AH4: 万吨标煤 | AJ4: 高炉煤气 | AK4: 8638.81 | AM4: =AL4/AK4 -> 0 | AV4: =AM3 -> 0
B5: 工业 | C5: =MAX(C7:C49) -> 0 | D5: =MAX(D7:D49) -> 0.88331744 | E5: =MAX(E7:E49) -> 0 | F5: =MAX(F7:F49) -> 0.23427152 | G5: =MAX(G7:G49) -> 0.69404207 | H5: =MAX(H7:H49) -> 0 | I5: =MAX(I7:I49) -> 0.4478613 | J5: =MAX(J7:J49) -> 0.1467895 | ... AE5: =MAX(AE7:AE49) -> 0.15617195 | AF5: =MAX(AF7:AF29) -> 0 | AG5: =MAX(AG7:AG29) -> 0 | AH5: =MAX(AH7:AH29) -> 0 | AJ5: 转炉煤气 | AK5: 651.37 | AM5: =AL5/AK5 -> 0 | AV5: =AM4 -> 0
B6: NonEnergyUse | C6: =[1]InputData!C31/[1]InputData!C30 -> #REF! | D6: ='Input Data'!D31/'Input Data'!D30 -> 0.2593276 | E6: ='Input Data'!E31/'Input Data'!E30 -> #DIV/0! | F6: ='Input Data'!F31/'Input Data'!F30 -> 0.17311394 | G6: ='Input Data'!G31/'Input Data'!G30 -> 0.18412493 | H6: ='Input Data'!H31/'Input Data'!H30 -> #DIV/0! | I6: ='Input Data'!I31/'Input Data'!I30 -> 0.038099902 | J6: ='Input Data'!J31/'Input Data'!J30 -> 0.1467895 | K6: ='Input Data'!K31/'Input Data'!K30 -> 0 | ... AE6: ='Input Data'!AE31/'Input Data'!AE30 -> 0.023142383 | AJ6: 其他煤气 | AK6: 97.63 | AM6: =AL6/AK6 -> 0 | AV6: =AM5 -> 0
B7: 工业 | C7: =IFERROR(VLOOKUP(C$3,$AJ$4:$AV$94,13,FALSE),0) -> 0 | D7: =IFERROR(VLOOKUP(D$3,$AJ$4:$AV$94,13,FALSE),0) -> 0 | E7: =IFERROR(VLOOKUP(E$3,$AJ$4:$AV$94,13,FALSE),0) -> 0 | F7: =IFERROR(VLOOKUP(F$3,$AJ$4:$AV$94,13,FALSE),0) -> 0 | G7: =IFERROR(VLOOKUP(G$3,$AJ$4:$AV$94,13,FALSE),0) -> 0 | H7: =IFERROR(VLOOKUP(H$3,$AJ$4:$AV$94,13,FALSE),0) -> 0 | I7: =IFERROR(VLOOKUP(I$3,$AJ$4:$AV$94,13,FALSE),0) -> 0 | J7: =IFERROR(VLOOKUP(J$3,$AJ$4:$AV$94,13,FALSE),0) -> 0.1467895 | ... AH7: =IFERROR(VLOOKUP(AH$3,$AJ$4:$AV$94,13,FALSE),0) -> 0 | AJ7: 原油 | AK7: 419.03 | AM7: =AL7/AK7 -> 0 | AV7: =AM6 -> 0
B8: (一)采矿业 | C8: =IFERROR(VLOOKUP(C$3,$AJ$4:$AV$94,13,FALSE),0) -> 0 | D8: =IFERROR(VLOOKUP(D$3,$AJ$4:$AV$94,13,FALSE),0) -> 0 | E8: =IFERROR(VLOOKUP(E$3,$AJ$4:$AV$94,13,FALSE),0) -> 0 | F8: =IFERROR(VLOOKUP(F$3,$AJ$4:$AV$94,13,FALSE),0) -> 0 | G8: =IFERROR(VLOOKUP(G$3,$AJ$4:$AV$94,13,FALSE),0) -> 0 | H8: =IFERROR(VLOOKUP(H$3,$AJ$4:$AV$94,13,FALSE),0) -> 0 | I8: =IFERROR(VLOOKUP(I$3,$AJ$4:$AV$94,13,FALSE),0) -> 0 | J8: =IFERROR(VLOOKUP(J$3,$AJ$4:$AV$94,13,FALSE),0) -> 0.1467895 | ... AH8: =IFERROR(VLOOKUP(AH$3,$AJ$4:$AV$94,13,FALSE),0) -> 0 | AJ8: 热力 | AK8: 412216.71 | AM8: =AL8/AK8 -> 0 | AV8: =AM7 -> 0
B9: 煤炭开采和洗选业 | C9: =IFERROR(VLOOKUP(C$3,$AJ$4:$AV$94,13,FALSE),0) -> 0 | D9: =IFERROR(VLOOKUP(D$3,$AJ$4:$AV$94,13,FALSE),0) -> 0 | E9: =IFERROR(VLOOKUP(E$3,$AJ$4:$AV$94,13,FALSE),0) -> 0 | F9: =IFERROR(VLOOKUP(F$3,$AJ$4:$AV$94,13,FALSE),0) -> 0 | G9: =IFERROR(VLOOKUP(G$3,$AJ$4:$AV$94,13,FALSE),0) -> 0 | H9: =IFERROR(VLOOKUP(H$3,$AJ$4:$AV$94,13,FALSE),0) -> 0 | I9: =IFERROR(VLOOKUP(I$3,$AJ$4:$AV$94,13,FALSE),0) -> 0 | J9: =IFERROR(VLOOKUP(J$3,$AJ$4:$AV$94,13,FALSE),0) -> 0.1467895 | ... AH9: =IFERROR(VLOOKUP(AH$3,$AJ$4:$AV$94,13,FALSE),0) -> 0 | AJ9: 电力 | AK9: 49119.96 | AM9: =AL9/AK9 -> 0 | AV9: =AM8 -> 0
B10: 石油和天然气开采业 | C10: =IFERROR(VLOOKUP(C$3,$AJ$4:$AV$94,13,FALSE),0) -> 0 | D10: =IFERROR(VLOOKUP(D$3,$AJ$4:$AV$94,13,FALSE),0) -> 0 | E10: =IFERROR(VLOOKUP(E$3,$AJ$4:$AV$94,13,FALSE),0) -> 0 | F10: =IFERROR(VLOOKUP(F$3,$AJ$4:$AV$94,13,FALSE),0) -> 0 | G10: =IFERROR(VLOOKUP(G$3,$AJ$4:$AV$94,13,FALSE),0) -> 0 | H10: =IFERROR(VLOOKUP(H$3,$AJ$4:$AV$94,13,FALSE),0) -> 0 | I10: =IFERROR(VLOOKUP(I$3,$AJ$4:$AV$94,13,FALSE),0) -> 0 | J10: =IFERROR(VLOOKUP(J$3,$AJ$4:$AV$94,13,FALSE),0) -> 0.1467895 | ... AH10: =IFERROR(VLOOKUP(AH$3,$AJ$4:$AV$94,13,FALSE),0) -> 0 | AJ10: 洗精煤 | AK10: 0 | AM10: 0 | AV10: =AM9 -> 0
B11: 黑色金属矿采选业 | C11: =IFERROR(VLOOKUP(C$3,$AJ$4:$AV$94,13,FALSE),0) -> 0 | D11: =IFERROR(VLOOKUP(D$3,$AJ$4:$AV$94,13,FALSE),0) -> 0 | E11: =IFERROR(VLOOKUP(E$3,$AJ$4:$AV$94,13,FALSE),0) -> 0 | F11: =IFERROR(VLOOKUP(F$3,$AJ$4:$AV$94,13,FALSE),0) -> 0 | G11: =IFERROR(VLOOKUP(G$3,$AJ$4:$AV$94,13,FALSE),0) -> 0 | H11: =IFERROR(VLOOKUP(H$3,$AJ$4:$AV$94,13,FALSE),0) -> 0 | I11: =IFERROR(VLOOKUP(I$3,$AJ$4:$AV$94,13,FALSE),0) -> 0 | J11: =IFERROR(VLOOKUP(J$3,$AJ$4:$AV$94,13,FALSE),0) -> 0.1467895 | ... AH11: =IFERROR(VLOOKUP(AH$3,$AJ$4:$AV$94,13,FALSE),0) -> 0 | AJ11: 煤矸石 | AK11: 0 | AM11: 0 | AV11: =AM10 -> 0
B12: 有色金属矿采选业 | C12: =IFERROR(VLOOKUP(C$3,$AJ$4:$AV$94,13,FALSE),0) -> 0 | D12: =IFERROR(VLOOKUP(D$3,$AJ$4:$AV$94,13,FALSE),0) -> 0 | E12: =IFERROR(VLOOKUP(E$3,$AJ$4:$AV$94,13,FALSE),0) -> 0 | F12: =IFERROR(VLOOKUP(F$3,$AJ$4:$AV$94,13,FALSE),0) -> 0 | G12: =IFERROR(VLOOKUP(G$3,$AJ$4:$AV$94,13,FALSE),0) -> 0 | H12: =IFERROR(VLOOKUP(H$3,$AJ$4:$AV$94,13,FALSE),0) -> 0 | I12: =IFERROR(VLOOKUP(I$3,$AJ$4:$AV$94,13,FALSE),0) -> 0 | J12: =IFERROR(VLOOKUP(J$3,$AJ$4:$AV$94,13,FALSE),0) -> 0.1467895 | ... AH12: =IFERROR(VLOOKUP(AH$3,$AJ$4:$AV$94,13,FALSE),0) -> 0 | AJ12: 其他能源 | AK12: 990.53 | AL12: 0 | AM12: 0 | AV12: =AM11 -> 0
B13: 非金属矿采选业 | C13: =IFERROR(VLOOKUP(C$3,$AJ$4:$AV$94,13,FALSE),0) -> 0 | D13: =IFERROR(VLOOKUP(D$3,$AJ$4:$AV$94,13,FALSE),0) -> 0 | E13: =IFERROR(VLOOKUP(E$3,$AJ$4:$AV$94,13,FALSE),0) -> 0 | F13: =IFERROR(VLOOKUP(F$3,$AJ$4:$AV$94,13,FALSE),0) -> 0 | G13: =IFERROR(VLOOKUP(G$3,$AJ$4:$AV$94,13,FALSE),0) -> 0 | H13: =IFERROR(VLOOKUP(H$3,$AJ$4:$AV$94,13,FALSE),0) -> 0 | I13: =IFERROR(VLOOKUP(I$3,$AJ$4:$AV$94,13,FALSE),0) -> 0 | J13: =IFERROR(VLOOKUP(J$3,$AJ$4:$AV$94,13,FALSE),0) -> 0.1467895 | ... AH13: =IFERROR(VLOOKUP(AH$3,$AJ$4:$AV$94,13,FALSE),0) -> 0
B14: 开采专业及辅助性活动 | C14: =IFERROR(VLOOKUP(C$3,$AJ$4:$AV$94,13,FALSE),0) -> 0 | D14: =IFERROR(VLOOKUP(D$3,$AJ$4:$AV$94,13,FALSE),0) -> 0 | E14: =IFERROR(VLOOKUP(E$3,$AJ$4:$AV$94,13,FALSE),0) -> 0 | F14: =IFERROR(VLOOKUP(F$3,$AJ$4:$AV$94,13,FALSE),0) -> 0 | G14: =IFERROR(VLOOKUP(G$3,$AJ$4:$AV$94,13,FALSE),0) -> 0 | H14: =IFERROR(VLOOKUP(H$3,$AJ$4:$AV$94,13,FALSE),0) -> 0 | I14: =IFERROR(VLOOKUP(I$3,$AJ$4:$AV$94,13,FALSE),0) -> 0 | J14: =IFERROR(VLOOKUP(J$3,$AJ$4:$AV$94,13,FALSE),0) -> 0.1467895 | ... AH14: =IFERROR(VLOOKUP(AH$3,$AJ$4:$AV$94,13,FALSE),0) -> 0 | AJ14: Energy Product with Overall High Percentage Use as Material
B15: 其他采矿业 | C15: =IFERROR(VLOOKUP(C$3,$AJ$4:$AV$94,13,FALSE),0) -> 0 | D15: =IFERROR(VLOOKUP(D$3,$AJ$4:$AV$94,13,FALSE),0) -> 0 | E15: =IFERROR(VLOOKUP(E$3,$AJ$4:$AV$94,13,FALSE),0) -> 0 | F15: =IFERROR(VLOOKUP(F$3,$AJ$4:$AV$94,13,FALSE),0) -> 0 | G15: =IFERROR(VLOOKUP(G$3,$AJ$4:$AV$94,13,FALSE),0) -> 0 | H15: =IFERROR(VLOOKUP(H$3,$AJ$4:$AV$94,13,FALSE),0) -> 0 | I15: =IFERROR(VLOOKUP(I$3,$AJ$4:$AV$94,13,FALSE),0) -> 0 | J15: =IFERROR(VLOOKUP(J$3,$AJ$4:$AV$94,13,FALSE),0) -> 0.1467895 | ... AH15: =IFERROR(VLOOKUP(AH$3,$AJ$4:$AV$94,13,FALSE),0) -> 0 | AK15: Total Use | AL15: Non Energy Use | AM15: Ratio | AN15: Concentrate Sector | AO15: Sector Consumption | AP15: Ratio | AR15: Aditional Use | AS15: Non Energy Ratio for Said Sector | AV15: Non Energy Ratio for Other Sectors
B16: (二)制造业 | C16: =IFERROR(VLOOKUP(C$3,$AJ$4:$AV$94,13,FALSE),0) -> 0 | D16: =IFERROR(VLOOKUP(D$3,$AJ$4:$AV$94,13,FALSE),0) -> 0 | E16: =IFERROR(VLOOKUP(E$3,$AJ$4:$AV$94,13,FALSE),0) -> 0 | F16: =IFERROR(VLOOKUP(F$3,$AJ$4:$AV$94,13,FALSE),0) -> 0 | G16: =IFERROR(VLOOKUP(G$3,$AJ$4:$AV$94,13,FALSE),0) -> 0 | H16: =IFERROR(VLOOKUP(H$3,$AJ$4:$AV$94,13,FALSE),0) -> 0 | I16: =IFERROR(VLOOKUP(I$3,$AJ$4:$AV$94,13,FALSE),0) -> 0 | J16: =IFERROR(VLOOKUP(J$3,$AJ$4:$AV$94,13,FALSE),0) -> 0.1467895 | ... AH16: =IFERROR(VLOOKUP(AH$3,$AJ$4:$AV$94,13,FALSE),0) -> 0 | AJ16: 石蜡 | AK16: 198.21 | AL16: 194.33 | AM16: =AL16/AK16 -> 0.9804248 | AN16: 化学原料和化学制品制造业 | AO16: 193.02 | AP16: =AO16/AK16 -> 0.97381565 | AR16: =AL16-AO16 -> 1.31 | AS16: =IF(AR16>0,100%,AL16/AO16) -> 1 | AV16: =IF(AR16>0,AR16/(AK16-AO16),0) -> 0.25240848
B17: 农副食品加工业 | C17: =IFERROR(VLOOKUP(C$3,$AJ$4:$AV$94,13,FALSE),0) -> 0 | D17: =IFERROR(VLOOKUP(D$3,$AJ$4:$AV$94,13,FALSE),0) -> 0 | E17: =IFERROR(VLOOKUP(E$3,$AJ$4:$AV$94,13,FALSE),0) -> 0 | F17: =IFERROR(VLOOKUP(F$3,$AJ$4:$AV$94,13,FALSE),0) -> 0 | G17: =IFERROR(VLOOKUP(G$3,$AJ$4:$AV$94,13,FALSE),0) -> 0 | H17: =IFERROR(VLOOKUP(H$3,$AJ$4:$AV$94,13,FALSE),0) -> 0 | I17: =IFERROR(VLOOKUP(I$3,$AJ$4:$AV$94,13,FALSE),0) -> 0 | J17: =IFERROR(VLOOKUP(J$3,$AJ$4:$AV$94,13,FALSE),0) -> 0.1467895 | ... AH17: =IFERROR(VLOOKUP(AH$3,$AJ$4:$AV$94,13,FALSE),0) -> 0 | AJ17: 溶剂油 | AK17: 44.16 | AL17: 41.56 | AM17: =AL17/AK17 -> 0.94112319 | AN17: 化学原料和化学制品制造业 | AO17: 39.65 | AP17: =AO17/AK17 -> 0.89787138 | AR17: =AL17-AO17 -> 1.91 | AS17: =IF(AR17>0,100%,AL17/AO17) -> 1 | AV17: =IF(AR17>0,AR17/(AK17-AO17),0) -> 0.42350333
B18: 食品制造业 | C18: =IFERROR(VLOOKUP(C$3,$AJ$4:$AV$94,13,FALSE),0) -> 0 | D18: =IFERROR(VLOOKUP(D$3,$AJ$4:$AV$94,13,FALSE),0) -> 0 | E18: =IFERROR(VLOOKUP(E$3,$AJ$4:$AV$94,13,FALSE),0) -> 0 | F18: =IFERROR(VLOOKUP(F$3,$AJ$4:$AV$94,13,FALSE),0) -> 0 | G18: =IFERROR(VLOOKUP(G$3,$AJ$4:$AV$94,13,FALSE),0) -> 0 | H18: =IFERROR(VLOOKUP(H$3,$AJ$4:$AV$94,13,FALSE),0) -> 0 | I18: =IFERROR(VLOOKUP(I$3,$AJ$4:$AV$94,13,FALSE),0) -> 0 | J18: =IFERROR(VLOOKUP(J$3,$AJ$4:$AV$94,13,FALSE),0) -> 0.1467895 | ... AH18: =IFERROR(VLOOKUP(AH$3,$AJ$4:$AV$94,13,FALSE),0) -> 0 | AJ18: 石脑油 | AK18: 6178.69 | AL18: 5750.38 | AM18: =AL18/AK18 -> 0.93067948 | AN18: 化学原料和化学制品制造业 | AO18: 4740.74 | AP18: =AO18/AK18 -> 0.76727267 | AR18: =AL18-(AO18+AO19) -> -285.67 | AS18: =AL18/(AO18+AO19) -> 0.95267269 | AV18: =IF(AR18>0,AR18/(AK18-AO18),0) -> 0
B19: 酒、饮料和精制茶制造业 | C19: =IFERROR(VLOOKUP(C$3,$AJ$4:$AV$94,13,FALSE),0) -> 0 | D19: =IFERROR(VLOOKUP(D$3,$AJ$4:$AV$94,13,FALSE),0) -> 0 | E19: =IFERROR(VLOOKUP(E$3,$AJ$4:$AV$94,13,FALSE),0) -> 0 | F19: =IFERROR(VLOOKUP(F$3,$AJ$4:$AV$94,13,FALSE),0) -> 0 | G19: =IFERROR(VLOOKUP(G$3,$AJ$4:$AV$94,13,FALSE),0) -> 0 | H19: =IFERROR(VLOOKUP(H$3,$AJ$4:$AV$94,13,FALSE),0) -> 0 | I19: =IFERROR(VLOOKUP(I$3,$AJ$4:$AV$94,13,FALSE),0) -> 0 | J19: =IFERROR(VLOOKUP(J$3,$AJ$4:$AV$94,13,FALSE),0) -> 0.1467895 | ... AH19: =IFERROR(VLOOKUP(AH$3,$AJ$4:$AV$94,13,FALSE),0) -> 0 | AN19: 石油、煤炭及其他燃料加工业 | AO19: 1295.31 | AP19: =AO19/AK18 -> 0.20964153 | AS19: =AS18 -> 0.95267269
B20: 烟草制品业 | C20: =IFERROR(VLOOKUP(C$3,$AJ$4:$AV$94,13,FALSE),0) -> 0 | D20: =IFERROR(VLOOKUP(D$3,$AJ$4:$AV$94,13,FALSE),0) -> 0 | E20: =IFERROR(VLOOKUP(E$3,$AJ$4:$AV$94,13,FALSE),0) -> 0 | F20: =IFERROR(VLOOKUP(F$3,$AJ$4:$AV$94,13,FALSE),0) -> 0 | G20: =IFERROR(VLOOKUP(G$3,$AJ$4:$AV$94,13,FALSE),0) -> 0 | H20: =IFERROR(VLOOKUP(H$3,$AJ$4:$AV$94,13,FALSE),0) -> 0 | I20: =IFERROR(VLOOKUP(I$3,$AJ$4:$AV$94,13,FALSE),0) -> 0 | J20: =IFERROR(VLOOKUP(J$3,$AJ$4:$AV$94,13,FALSE),0) -> 0.1467895 | ... AH20: =IFERROR(VLOOKUP(AH$3,$AJ$4:$AV$94,13,FALSE),0) -> 0 | AJ20: 润滑油 | AK20: 267.78 | AL20: 245.96 | AM20: =AL20/AK20 -> 0.9185152 | AN20: 石油、煤炭及其他燃料加工业 | AO20: 241.32 | AP20: =AO20/AK20 -> 0.90118754 | AR20: =AL20-AO20 -> 4.64 | AS20: =IF(AR20>0,100%,AL20/AO20) -> 1 | AV20: =IF(AR20>0,AR20/(AK20-AO20),0) -> 0.17535903
B21: 纺织业 | C21: =IFERROR(VLOOKUP(C$3,$AJ$4:$AV$94,13,FALSE),0) -> 0 | D21: =IFERROR(VLOOKUP(D$3,$AJ$4:$AV$94,13,FALSE),0) -> 0 | E21: =IFERROR(VLOOKUP(E$3,$AJ$4:$AV$94,13,FALSE),0) -> 0 | F21: =IFERROR(VLOOKUP(F$3,$AJ$4:$AV$94,13,FALSE),0) -> 0 | G21: =IFERROR(VLOOKUP(G$3,$AJ$4:$AV$94,13,FALSE),0) -> 0 | H21: =IFERROR(VLOOKUP(H$3,$AJ$4:$AV$94,13,FALSE),0) -> 0 | I21: =IFERROR(VLOOKUP(I$3,$AJ$4:$AV$94,13,FALSE),0) -> 0 | J21: =IFERROR(VLOOKUP(J$3,$AJ$4:$AV$94,13,FALSE),0) -> 0.1467895 | ... AH21: =IFERROR(VLOOKUP(AH$3,$AJ$4:$AV$94,13,FALSE),0) -> 0 | AJ21: 石油沥青 | AK21: 349.52 | AL21: 304.14 | AM21: =AL21/AK21 -> 0.8701648 | AN21: 非金属矿物制品业 | AO21: 280.82 | AP21: =AO21/AK21 -> 0.80344472 | AR21: =AL21-AO21 -> 23.32 | AS21: =IF(AR21>0,100%,AL21/AO21) -> 1 | AV21: =IF(AR21>0,AR21/(AK21-AO21),0) -> 0.33944687
B22: 纺织服装、服饰业 | C22: =IFERROR(VLOOKUP(C$3,$AJ$4:$AV$94,13,FALSE),0) -> 0 | D22: =IFERROR(VLOOKUP(D$3,$AJ$4:$AV$94,13,FALSE),0) -> 0 | E22: =IFERROR(VLOOKUP(E$3,$AJ$4:$AV$94,13,FALSE),0) -> 0 | F22: =IFERROR(VLOOKUP(F$3,$AJ$4:$AV$94,13,FALSE),0) -> 0 | G22: =IFERROR(VLOOKUP(G$3,$AJ$4:$AV$94,13,FALSE),0) -> 0 | H22: =IFERROR(VLOOKUP(H$3,$AJ$4:$AV$94,13,FALSE),0) -> 0 | I22: =IFERROR(VLOOKUP(I$3,$AJ$4:$AV$94,13,FALSE),0) -> 0 | J22: =IFERROR(VLOOKUP(J$3,$AJ$4:$AV$94,13,FALSE),0) -> 0.1467895 | ... AH22: =IFERROR(VLOOKUP(AH$3,$AJ$4:$AV$94,13,FALSE),0) -> 0 | AJ22: 石油焦 | AK22: 3163.41 | AL22: 2423.03 | AM22: =AL22/AK22 -> 0.76595509 | AN22: 非金属矿物制品业 | AO22: 2564.62 | AP22: =AO22/AK22 -> 0.81071376 | AR22: =AL22-AO22 -> -141.59 | AS22: =IF(AR22>0,100%,AL22/AO22) -> 0.94479104 | AV22: =IF(AR22>0,AR22/(AK22-AO22),0) -> 0
B23: 皮革、毛皮、羽毛及其制品和制鞋业 | C23: =IFERROR(VLOOKUP(C$3,$AJ$4:$AV$94,13,FALSE),0) -> 0 | D23: =IFERROR(VLOOKUP(D$3,$AJ$4:$AV$94,13,FALSE),0) -> 0 | E23: =IFERROR(VLOOKUP(E$3,$AJ$4:$AV$94,13,FALSE),0) -> 0 | F23: =IFERROR(VLOOKUP(F$3,$AJ$4:$AV$94,13,FALSE),0) -> 0 | G23: =IFERROR(VLOOKUP(G$3,$AJ$4:$AV$94,13,FALSE),0) -> 0 | H23: =IFERROR(VLOOKUP(H$3,$AJ$4:$AV$94,13,FALSE),0) -> 0 | I23: =IFERROR(VLOOKUP(I$3,$AJ$4:$AV$94,13,FALSE),0) -> 0 | J23: =IFERROR(VLOOKUP(J$3,$AJ$4:$AV$94,13,FALSE),0) -> 0.1467895 | ... AH23: =IFERROR(VLOOKUP(AH$3,$AJ$4:$AV$94,13,FALSE),0) -> 0 | AJ23: 其他石油制品 | AK23: 8167.65 | AL23: 4377.86 | AM23: =AL23/AK23 -> 0.53599995 | AN23: 化学原料和化学制品制造业 | AO23: 1814.8 | AP23: =AO23/AK23 -> 0.22219365 | AR23: =AL23-(AO23+AO24) -> -3734.97 | AS23: =AL23/(AO23+AO24) -> 0.53962181 | AV23: =IF(AR23>0,AR23/(AK23-AO23),0) -> 0
B24: 木材加工和木、竹、藤、棕、草制品业 | C24: =IFERROR(VLOOKUP(C$3,$AJ$4:$AV$94,13,FALSE),0) -> 0 | D24: =IFERROR(VLOOKUP(D$3,$AJ$4:$AV$94,13,FALSE),0) -> 0 | E24: =IFERROR(VLOOKUP(E$3,$AJ$4:$AV$94,13,FALSE),0) -> 0 | F24: =IFERROR(VLOOKUP(F$3,$AJ$4:$AV$94,13,FALSE),0) -> 0 | G24: =IFERROR(VLOOKUP(G$3,$AJ$4:$AV$94,13,FALSE),0) -> 0 | H24: =IFERROR(VLOOKUP(H$3,$AJ$4:$AV$94,13,FALSE),0) -> 0 | I24: =IFERROR(VLOOKUP(I$3,$AJ$4:$AV$94,13,FALSE),0) -> 0 | J24: =IFERROR(VLOOKUP(J$3,$AJ$4:$AV$94,13,FALSE),0) -> 0.1467895 | ... AH24: =IFERROR(VLOOKUP(AH$3,$AJ$4:$AV$94,13,FALSE),0) -> 0 | AN24: 石油、煤炭及其他燃料加工业 | AO24: 6298.03 | AP24: =AO24/AK23 -> 0.7710945 | AS24: =AS23 -> 0.53962181
B25: 家具制造业 | C25: =IFERROR(VLOOKUP(C$3,$AJ$4:$AV$94,13,FALSE),0) -> 0 | D25: =IFERROR(VLOOKUP(D$3,$AJ$4:$AV$94,13,FALSE),0) -> 0 | E25: =IFERROR(VLOOKUP(E$3,$AJ$4:$AV$94,13,FALSE),0) -> 0 | F25: =IFERROR(VLOOKUP(F$3,$AJ$4:$AV$94,13,FALSE),0) -> 0 | G25: =IFERROR(VLOOKUP(G$3,$AJ$4:$AV$94,13,FALSE),0) -> 0 | H25: =IFERROR(VLOOKUP(H$3,$AJ$4:$AV$94,13,FALSE),0) -> 0 | I25: =IFERROR(VLOOKUP(I$3,$AJ$4:$AV$94,13,FALSE),0) -> 0 | J25: =IFERROR(VLOOKUP(J$3,$AJ$4:$AV$94,13,FALSE),0) -> 0.1467895 | ... AH25: =IFERROR(VLOOKUP(AH$3,$AJ$4:$AV$94,13,FALSE),0) -> 0 | AJ25: Energy Product Use based on Regression Analysis (see worksheet Non Energy Use Regression for Detail)
B26: 造纸和纸制品业 | C26: =IFERROR(VLOOKUP(C$3,$AJ$4:$AV$94,13,FALSE),0) -> 0 | D26: =IFERROR(VLOOKUP(D$3,$AJ$4:$AV$94,13,FALSE),0) -> 0 | E26: =IFERROR(VLOOKUP(E$3,$AJ$4:$AV$94,13,FALSE),0) -> 0 | F26: =IFERROR(VLOOKUP(F$3,$AJ$4:$AV$94,13,FALSE),0) -> 0 | G26: =IFERROR(VLOOKUP(G$3,$AJ$4:$AV$94,13,FALSE),0) -> 0 | H26: =IFERROR(VLOOKUP(H$3,$AJ$4:$AV$94,13,FALSE),0) -> 0 | I26: =IFERROR(VLOOKUP(I$3,$AJ$4:$AV$94,13,FALSE),0) -> 0 | J26: =IFERROR(VLOOKUP(J$3,$AJ$4:$AV$94,13,FALSE),0) -> 0.1467895 | ... AH26: =IFERROR(VLOOKUP(AH$3,$AJ$4:$AV$94,13,FALSE),0) -> 0
B27: 印刷和记录媒介复制业 | C27: =IFERROR(VLOOKUP(C$3,$AJ$4:$AV$94,13,FALSE),0) -> 0 | D27: =IFERROR(VLOOKUP(D$3,$AJ$4:$AV$94,13,FALSE),0) -> 0 | E27: =IFERROR(VLOOKUP(E$3,$AJ$4:$AV$94,13,FALSE),0) -> 0 | F27: =IFERROR(VLOOKUP(F$3,$AJ$4:$AV$94,13,FALSE),0) -> 0 | G27: =IFERROR(VLOOKUP(G$3,$AJ$4:$AV$94,13,FALSE),0) -> 0 | H27: =IFERROR(VLOOKUP(H$3,$AJ$4:$AV$94,13,FALSE),0) -> 0 | I27: =IFERROR(VLOOKUP(I$3,$AJ$4:$AV$94,13,FALSE),0) -> 0 | J27: =IFERROR(VLOOKUP(J$3,$AJ$4:$AV$94,13,FALSE),0) -> 0.1467895 | ... AH27: =IFERROR(VLOOKUP(AH$3,$AJ$4:$AV$94,13,FALSE),0) -> 0 | AJ27: 汽油 | AK27: 160.38 | AL27: 2.47 | AM27: =AL27/AK27 -> 0.015400923 | AN27: 化学原料和化学制品制造业 | AO27: 8.79 | AP27: 0.20267791 | AQ27: =AO27*AP27 -> 1.7815389 | AR27: =AL27-AQ27 -> 0.68846113 | AS27: =AP27 -> 0.20267791 | AV27: =AR27/(AK27-AO27) -> 0.0045415999
B28: 文教、工美、体育和娱乐用品制造业 | C28: =IFERROR(VLOOKUP(C$3,$AJ$4:$AV$94,13,FALSE),0) -> 0 | D28: =IFERROR(VLOOKUP(D$3,$AJ$4:$AV$94,13,FALSE),0) -> 0 | E28: =IFERROR(VLOOKUP(E$3,$AJ$4:$AV$94,13,FALSE),0) -> 0 | F28: =IFERROR(VLOOKUP(F$3,$AJ$4:$AV$94,13,FALSE),0) -> 0 | G28: =IFERROR(VLOOKUP(G$3,$AJ$4:$AV$94,13,FALSE),0) -> 0 | H28: =IFERROR(VLOOKUP(H$3,$AJ$4:$AV$94,13,FALSE),0) -> 0 | I28: =IFERROR(VLOOKUP(I$3,$AJ$4:$AV$94,13,FALSE),0) -> 0 | J28: =IFERROR(VLOOKUP(J$3,$AJ$4:$AV$94,13,FALSE),0) -> 0.1467895 | ... AH28: =IFERROR(VLOOKUP(AH$3,$AJ$4:$AV$94,13,FALSE),0) -> 0 | AJ28: 液化石油气 | AK28: 2496.33 | AL28: 866.76 | AM28: =AL28/AK28 -> 0.34721371 | AN28: 化学原料和化学制品制造业 | AO28: 840.3 | AP28: =(AL28-(AO29*AP29))/AO28 -> 0.12727597 | AQ28: =AO28*AP28 -> 106.95 | AR28: 0 | AS28: =AP28 -> 0.12727597 | AV28: =AR28/(AK28-AO28) -> 0
B29: 石油、煤炭及其他燃料加工业 | C29: =IFERROR(VLOOKUP(C$3,$AJ$4:$AV$94,13,FALSE),0) -> 0 | D29: =AS68 -> 0.88331744 | E29: =IFERROR(VLOOKUP(E$3,$AJ$4:$AV$94,13,FALSE),0) -> 0 | F29: =IFERROR(VLOOKUP(F$3,$AJ$4:$AV$94,13,FALSE),0) -> 0 | G29: =AS65 -> 0.69404207 | H29: =IFERROR(VLOOKUP(H$3,$AJ$4:$AV$94,13,FALSE),0) -> 0 | I29: =IFERROR(VLOOKUP(I$3,$AJ$4:$AV$94,13,FALSE),0) -> 0 | J29: =IFERROR(VLOOKUP(J$3,$AJ$4:$AV$94,13,FALSE),0) -> 0.1467895 | K29: =IFERROR(VLOOKUP(K$3,$AJ$4:$AV$94,13,FALSE),0) -> 0 | L29: =IFERROR(VLOOKUP(L$3,$AJ$4:$AV$94,13,FALSE),0) -> 0 | M29: =IFERROR(VLOOKUP(M$3,$AJ$4:$AV$94,13,FALSE),0) -> 0 | N29: =IFERROR(VLOOKUP(N$3,$AJ$4:$AV$94,13,FALSE),0) -> 0.2408051 | O29: =IFERROR(VLOOKUP(O$3,$AJ$4:$AV$94,13,FALSE),0) -> 0 | ... Q29: =IFERROR(VLOOKUP(Q$3,$AJ$4:$AV$94,13,FALSE),0) -> 0.0045415999 | R29: =AS30 -> 1 | S29: =IFERROR(VLOOKUP(S$3,$AJ$4:$AV$94,13,FALSE),0) -> 0.023590805 | T29: =IFERROR(VLOOKUP(T$3,$AJ$4:$AV$94,13,FALSE),0) -> 0.081490983 | U29: =AS18 -> 0.95267269 | V29: =IFERROR(VLOOKUP(V$3,$AJ$4:$AV$94,13,FALSE),0) -> 0.17535903 | W29: =AS16 -> 1 | X29: =AS17 -> 1 | Y29: =IFERROR(VLOOKUP(Y$3,$AJ$4:$AV$94,13,FALSE),0) -> 0.33944687 | Z29: =IFERROR(VLOOKUP(Z$3,$AJ$4:$AV$94,13,FALSE),0) -> 0 | AA29: =AS29 -> 0.5 | AB29: =IFERROR(VLOOKUP(AB$3,$AJ$4:$AV$94,13,FALSE),0) -> 0.068229259 | AC29: =AS23 -> 0.53962181 | AD29: =IFERROR(VLOOKUP(AD$3,$AJ$4:$AV$94,13,FALSE),0) -> 0.020638299 | AE29: =AS33 -> 0.15617195 | AF29: =IFERROR(VLOOKUP(AF$3,$AJ$4:$AV$94,13,FALSE),0) -> 0 | AG29: =IFERROR(VLOOKUP(AG$3,$AJ$4:$AV$94,13,FALSE),0) -> 0 | AH29: =IFERROR(VLOOKUP(AH$3,$AJ$4:$AV$94,13,FALSE),0) -> 0 | AN29: 石油煤炭及其他燃料加工业 | AO29: 1519.62 | AP29: 0.5 | AQ29: =AO29*AP29 -> 759.81 | AR29: 0 | AS29: =AP29 -> 0.5
B30: 化学原料和化学制品制造业 | C30: =IFERROR(VLOOKUP(C$3,$AJ$4:$AV$94,13,FALSE),0) -> 0 | D30: =AS67 -> 0.88331744 | E30: =IFERROR(VLOOKUP(E$3,$AJ$4:$AV$94,13,FALSE),0) -> 0 | F30: =IFERROR(VLOOKUP(F$3,$AJ$4:$AV$94,13,FALSE),0) -> 0 | G30: =AS66 -> 0.69404207 | H30: =IFERROR(VLOOKUP(H$3,$AJ$4:$AV$94,13,FALSE),0) -> 0 | I30: =AS64 -> 0.4478613 | J30: =IFERROR(VLOOKUP(J$3,$AJ$4:$AV$94,13,FALSE),0) -> 0.1467895 | K30: =IFERROR(VLOOKUP(K$3,$AJ$4:$AV$94,13,FALSE),0) -> 0 | L30: =IFERROR(VLOOKUP(L$3,$AJ$4:$AV$94,13,FALSE),0) -> 0 | M30: =IFERROR(VLOOKUP(M$3,$AJ$4:$AV$94,13,FALSE),0) -> 0 | N30: =AS32 -> 0.47667161 | O30: =IFERROR(VLOOKUP(O$3,$AJ$4:$AV$94,13,FALSE),0) -> 0 | P30: =IFERROR(VLOOKUP(P$3,$AJ$4:$AV$94,13,FALSE),0) -> 0 | Q30: =AS27 -> 0.20267791 | R30: =IFERROR(VLOOKUP(R$3,$AJ$4:$AV$94,13,FALSE),0) -> 0.19123932 | S30: =IFERROR(VLOOKUP(S$3,$AJ$4:$AV$94,13,FALSE),0) -> 0.023590805 | T30: =AS31 -> 0.72591157 | U30: =AS19 -> 0.95267269 | V30: =IFERROR(VLOOKUP(V$3,$AJ$4:$AV$94,13,FALSE),0) -> 0.17535903 | W30: =IFERROR(VLOOKUP(W$3,$AJ$4:$AV$94,13,FALSE),0) -> 0.25240848 | X30: =IFERROR(VLOOKUP(X$3,$AJ$4:$AV$94,13,FALSE),0) -> 0.42350333 | Y30: =IFERROR(VLOOKUP(Y$3,$AJ$4:$AV$94,13,FALSE),0) -> 0.33944687 | Z30: =IFERROR(VLOOKUP(Z$3,$AJ$4:$AV$94,13,FALSE),0) -> 0 | AA30: =AS28 -> 0.12727597 | AB30: =IFERROR(VLOOKUP(AB$3,$AJ$4:$AV$94,13,FALSE),0) -> 0.068229259 | AC30: =AS24 -> 0.53962181 | AD30: =AS34 -> 0.42106721 | AE30: =IFERROR(VLOOKUP(AE$3,$AJ$4:$AV$94,13,FALSE),0) -> 0.011342101 | AF30: =IFERROR(VLOOKUP(AF$3,$AJ$4:$AV$94,13,FALSE),0) -> 0 | AG30: =IFERROR(VLOOKUP(AG$3,$AJ$4:$AV$94,13,FALSE),0) -> 0 | AH30: =IFERROR(VLOOKUP(AH$3,$AJ$4:$AV$94,13,FALSE),0) -> 0 | AJ30: 煤油 | AK30: 9.39 | AL30: 1.82 | AM30: =AL30/AK30 -> 0.19382322 | AN30: 石油煤炭及其他燃料加工业 | AO30: 0.03 | AP30: 1 | AQ30: =AO30*AP30 -> 0.03 | AR30: =AL30-AQ30 -> 1.79 | AS30: =AP30 -> 1 | AV30: =AR30/(AK30-AO30) -> 0.19123932
B31: 医药制造业 | C31: =IFERROR(VLOOKUP(C$3,$AJ$4:$AV$94,13,FALSE),0) -> 0 | D31: =IFERROR(VLOOKUP(D$3,$AJ$4:$AV$94,13,FALSE),0) -> 0 | E31: =IFERROR(VLOOKUP(E$3,$AJ$4:$AV$94,13,FALSE),0) -> 0 | F31: =IFERROR(VLOOKUP(F$3,$AJ$4:$AV$94,13,FALSE),0) -> 0 | G31: =IFERROR(VLOOKUP(G$3,$AJ$4:$AV$94,13,FALSE),0) -> 0 | H31: =IFERROR(VLOOKUP(H$3,$AJ$4:$AV$94,13,FALSE),0) -> 0 | I31: =IFERROR(VLOOKUP(I$3,$AJ$4:$AV$94,13,FALSE),0) -> 0 | J31: =IFERROR(VLOOKUP(J$3,$AJ$4:$AV$94,13,FALSE),0) -> 0.1467895 | ... AH31: =IFERROR(VLOOKUP(AH$3,$AJ$4:$AV$94,13,FALSE),0) -> 0 | AJ31: 燃料油 | AK31: 230.69 | AL31: 37.99 | AM31: =AL31/AK31 -> 0.16467987 | AN31: 化学原料和化学制品制造业 | AO31: 29.78 | AP31: 0.72591157 | AQ31: =AO31*AP31 -> 21.617647 | AR31: =AL31-AQ31 -> 16.372353 | AS31: =AP31 -> 0.72591157 | AV31: =AR31/(AK31-AO31) -> 0.081490983
B32: 化学纤维制造业 | C32: =IFERROR(VLOOKUP(C$3,$AJ$4:$AV$94,13,FALSE),0) -> 0 | D32: =IFERROR(VLOOKUP(D$3,$AJ$4:$AV$94,13,FALSE),0) -> 0 | E32: =IFERROR(VLOOKUP(E$3,$AJ$4:$AV$94,13,FALSE),0) -> 0 | F32: =IFERROR(VLOOKUP(F$3,$AJ$4:$AV$94,13,FALSE),0) -> 0 | G32: =IFERROR(VLOOKUP(G$3,$AJ$4:$AV$94,13,FALSE),0) -> 0 | H32: =IFERROR(VLOOKUP(H$3,$AJ$4:$AV$94,13,FALSE),0) -> 0 | I32: =IFERROR(VLOOKUP(I$3,$AJ$4:$AV$94,13,FALSE),0) -> 0 | J32: =IFERROR(VLOOKUP(J$3,$AJ$4:$AV$94,13,FALSE),0) -> 0.1467895 | ... AH32: =IFERROR(VLOOKUP(AH$3,$AJ$4:$AV$94,13,FALSE),0) -> 0 | AJ32: 其他焦化产品 | AK32: 1001.96 | AL32: 369.98 | AM32: =AL32/AK32 -> 0.36925626 | AN32: 化学原料和化学制品制造业 | AO32: 545.66 | AP32: 0.47667161 | AQ32: =AO32*AP32 -> 260.10063 | AR32: =AL32-AQ32 -> 109.87937 | AS32: =AP32 -> 0.47667161 | AV32: =AR32/(AK32-AO32) -> 0.2408051
B33: 橡胶和塑料制品业 | C33: =IFERROR(VLOOKUP(C$3,$AJ$4:$AV$94,13,FALSE),0) -> 0 | D33: =IFERROR(VLOOKUP(D$3,$AJ$4:$AV$94,13,FALSE),0) -> 0 | E33: =IFERROR(VLOOKUP(E$3,$AJ$4:$AV$94,13,FALSE),0) -> 0 | F33: =IFERROR(VLOOKUP(F$3,$AJ$4:$AV$94,13,FALSE),0) -> 0 | G33: =IFERROR(VLOOKUP(G$3,$AJ$4:$AV$94,13,FALSE),0) -> 0 | H33: =IFERROR(VLOOKUP(H$3,$AJ$4:$AV$94,13,FALSE),0) -> 0 | I33: =IFERROR(VLOOKUP(I$3,$AJ$4:$AV$94,13,FALSE),0) -> 0 | J33: =IFERROR(VLOOKUP(J$3,$AJ$4:$AV$94,13,FALSE),0) -> 0.1467895 | ... AH33: =IFERROR(VLOOKUP(AH$3,$AJ$4:$AV$94,13,FALSE),0) -> 0 | AJ33: 液化天然气 | AK33: 7042.49 | AL33: 162.98 | AM33: =AL33/AK33 -> 0.023142383 | AN33: 石油煤炭及其他燃料加工业 | AO33: 573.8 | AP33: 0.15617195 | AQ33: =AO33*AP33 -> 89.611464 | AR33: =AL33-AQ33 -> 73.368536 | AS33: =AP33 -> 0.15617195 | AV33: =AR33/(AK33-AO33) -> 0.011342101
B34: 非金属矿物制品业 | C34: =IFERROR(VLOOKUP(C$3,$AJ$4:$AV$94,13,FALSE),0) -> 0 | D34: =IFERROR(VLOOKUP(D$3,$AJ$4:$AV$94,13,FALSE),0) -> 0 | E34: =IFERROR(VLOOKUP(E$3,$AJ$4:$AV$94,13,FALSE),0) -> 0 | F34: =AS63 -> 0.23427152 | G34: =IFERROR(VLOOKUP(G$3,$AJ$4:$AV$94,13,FALSE),0) -> 0 | H34: =IFERROR(VLOOKUP(H$3,$AJ$4:$AV$94,13,FALSE),0) -> 0 | I34: =IFERROR(VLOOKUP(I$3,$AJ$4:$AV$94,13,FALSE),0) -> 0 | J34: =IFERROR(VLOOKUP(J$3,$AJ$4:$AV$94,13,FALSE),0) -> 0.1467895 | K34: =IFERROR(VLOOKUP(K$3,$AJ$4:$AV$94,13,FALSE),0) -> 0 | L34: =IFERROR(VLOOKUP(L$3,$AJ$4:$AV$94,13,FALSE),0) -> 0 | M34: =IFERROR(VLOOKUP(M$3,$AJ$4:$AV$94,13,FALSE),0) -> 0 | N34: =IFERROR(VLOOKUP(N$3,$AJ$4:$AV$94,13,FALSE),0) -> 0.2408051 | ... X34: =IFERROR(VLOOKUP(X$3,$AJ$4:$AV$94,13,FALSE),0) -> 0.42350333 | Y34: =AS21 -> 1 | Z34: =AS22 -> 0.94479104 | AA34: =IFERROR(VLOOKUP(AA$3,$AJ$4:$AV$94,13,FALSE),0) -> 0 | AB34: =IFERROR(VLOOKUP(AB$3,$AJ$4:$AV$94,13,FALSE),0) -> 0.068229259 | AC34: =IFERROR(VLOOKUP(AC$3,$AJ$4:$AV$94,13,FALSE),0) -> 0 | AD34: =IFERROR(VLOOKUP(AD$3,$AJ$4:$AV$94,13,FALSE),0) -> 0.020638299 | AE34: =IFERROR(VLOOKUP(AE$3,$AJ$4:$AV$94,13,FALSE),0) -> 0.011342101 | AF34: =IFERROR(VLOOKUP(AF$3,$AJ$4:$AV$94,13,FALSE),0) -> 0 | AG34: =IFERROR(VLOOKUP(AG$3,$AJ$4:$AV$94,13,FALSE),0) -> 0 | AH34: =IFERROR(VLOOKUP(AH$3,$AJ$4:$AV$94,13,FALSE),0) -> 0 | AJ34: 天然气 | AK34: 614.97 | AL34: 87.44 | AM34: =AL34/AK34 -> 0.1421858 | AN34: 化学原料和化学制品制造业 | AO34: 186.67 | AP34: 0.42106721 | AQ34: =AO34*AP34 -> 78.600617 | AR34: =AL34-AQ34 -> 8.8393834 | AS34: =AP34 -> 0.42106721 | AV34: =AR34/(AK34-AO34) -> 0.020638299
B35: 黑色金属冶炼和压延加工业 | C35: =IFERROR(VLOOKUP(C$3,$AJ$4:$AV$94,13,FALSE),0) -> 0 | D35: =IFERROR(VLOOKUP(D$3,$AJ$4:$AV$94,13,FALSE),0) -> 0 | E35: =IFERROR(VLOOKUP(E$3,$AJ$4:$AV$94,13,FALSE),0) -> 0 | F35: =IFERROR(VLOOKUP(F$3,$AJ$4:$AV$94,13,FALSE),0) -> 0 | G35: =IFERROR(VLOOKUP(G$3,$AJ$4:$AV$94,13,FALSE),0) -> 0 | H35: =IFERROR(VLOOKUP(H$3,$AJ$4:$AV$94,13,FALSE),0) -> 0 | I35: =IFERROR(VLOOKUP(I$3,$AJ$4:$AV$94,13,FALSE),0) -> 0 | J35: =IFERROR(VLOOKUP(J$3,$AJ$4:$AV$94,13,FALSE),0) -> 0.1467895 | ... AH35: =IFERROR(VLOOKUP(AH$3,$AJ$4:$AV$94,13,FALSE),0) -> 0
B36: 有色金属冶炼和压延加工业 | C36: =IFERROR(VLOOKUP(C$3,$AJ$4:$AV$94,13,FALSE),0) -> 0 | D36: =IFERROR(VLOOKUP(D$3,$AJ$4:$AV$94,13,FALSE),0) -> 0 | E36: =IFERROR(VLOOKUP(E$3,$AJ$4:$AV$94,13,FALSE),0) -> 0 | F36: =IFERROR(VLOOKUP(F$3,$AJ$4:$AV$94,13,FALSE),0) -> 0 | G36: =IFERROR(VLOOKUP(G$3,$AJ$4:$AV$94,13,FALSE),0) -> 0 | H36: =IFERROR(VLOOKUP(H$3,$AJ$4:$AV$94,13,FALSE),0) -> 0 | I36: =IFERROR(VLOOKUP(I$3,$AJ$4:$AV$94,13,FALSE),0) -> 0 | J36: =IFERROR(VLOOKUP(J$3,$AJ$4:$AV$94,13,FALSE),0) -> 0.1467895 | ... AH36: =IFERROR(VLOOKUP(AH$3,$AJ$4:$AV$94,13,FALSE),0) -> 0 | AM36: Fuel | AN36: Sector | AO36: Estimate | AP36: Std..Error | AQ36: t.value | AR36: Pr...t.. | AS36: correlation
B37: 金属制品业 | C37: =IFERROR(VLOOKUP(C$3,$AJ$4:$AV$94,13,FALSE),0) -> 0 | D37: =IFERROR(VLOOKUP(D$3,$AJ$4:$AV$94,13,FALSE),0) -> 0 | E37: =IFERROR(VLOOKUP(E$3,$AJ$4:$AV$94,13,FALSE),0) -> 0 | F37: =IFERROR(VLOOKUP(F$3,$AJ$4:$AV$94,13,FALSE),0) -> 0 | G37: =IFERROR(VLOOKUP(G$3,$AJ$4:$AV$94,13,FALSE),0) -> 0 | H37: =IFERROR(VLOOKUP(H$3,$AJ$4:$AV$94,13,FALSE),0) -> 0 | I37: =IFERROR(VLOOKUP(I$3,$AJ$4:$AV$94,13,FALSE),0) -> 0 | J37: =IFERROR(VLOOKUP(J$3,$AJ$4:$AV$94,13,FALSE),0) -> 0.1467895 | ... AH37: =IFERROR(VLOOKUP(AH$3,$AJ$4:$AV$94,13,FALSE),0) -> 0 | AM37: 其他焦化产品 | AN37: (Intercept) | AO37: -73.349824 | AP37: 47.730941 | AQ37: -1.5367353 | AR37: 0.14833376
B38: 通用设备制造业 | C38: =IFERROR(VLOOKUP(C$3,$AJ$4:$AV$94,13,FALSE),0) -> 0 | D38: =IFERROR(VLOOKUP(D$3,$AJ$4:$AV$94,13,FALSE),0) -> 0 | E38: =IFERROR(VLOOKUP(E$3,$AJ$4:$AV$94,13,FALSE),0) -> 0 | F38: =IFERROR(VLOOKUP(F$3,$AJ$4:$AV$94,13,FALSE),0) -> 0 | G38: =IFERROR(VLOOKUP(G$3,$AJ$4:$AV$94,13,FALSE),0) -> 0 | H38: =IFERROR(VLOOKUP(H$3,$AJ$4:$AV$94,13,FALSE),0) -> 0 | I38: =IFERROR(VLOOKUP(I$3,$AJ$4:$AV$94,13,FALSE),0) -> 0 | J38: =IFERROR(VLOOKUP(J$3,$AJ$4:$AV$94,13,FALSE),0) -> 0.1467895 | ... AH38: =IFERROR(VLOOKUP(AH$3,$AJ$4:$AV$94,13,FALSE),0) -> 0 | AM38: 其他焦化产品 | AN38: 工业 | AO38: 0.2005434 | AP38: 0.12555433 | AQ38: 1.5972639 | AR38: 0.13421899 | AS38: 0.95
B39: 专用设备制造业 | C39: =IFERROR(VLOOKUP(C$3,$AJ$4:$AV$94,13,FALSE),0) -> 0 | D39: =IFERROR(VLOOKUP(D$3,$AJ$4:$AV$94,13,FALSE),0) -> 0 | E39: =IFERROR(VLOOKUP(E$3,$AJ$4:$AV$94,13,FALSE),0) -> 0 | F39: =IFERROR(VLOOKUP(F$3,$AJ$4:$AV$94,13,FALSE),0) -> 0 | G39: =IFERROR(VLOOKUP(G$3,$AJ$4:$AV$94,13,FALSE),0) -> 0 | H39: =IFERROR(VLOOKUP(H$3,$AJ$4:$AV$94,13,FALSE),0) -> 0 | I39: =IFERROR(VLOOKUP(I$3,$AJ$4:$AV$94,13,FALSE),0) -> 0 | J39: =IFERROR(VLOOKUP(J$3,$AJ$4:$AV$94,13,FALSE),0) -> 0.1467895 | ... AH39: =IFERROR(VLOOKUP(AH$3,$AJ$4:$AV$94,13,FALSE),0) -> 0 | AM39: 其他焦化产品 | AN39: 化学原料和化学制品制造业 | AO39: 0.47667161 | AP39: 0.18147308 | AQ39: 2.6266794 | AR39: 0.020918988 | AS39: 0.96470588
B40: 汽车制造业 | C40: =IFERROR(VLOOKUP(C$3,$AJ$4:$AV$94,13,FALSE),0) -> 0 | D40: =IFERROR(VLOOKUP(D$3,$AJ$4:$AV$94,13,FALSE),0) -> 0 | E40: =IFERROR(VLOOKUP(E$3,$AJ$4:$AV$94,13,FALSE),0) -> 0 | F40: =IFERROR(VLOOKUP(F$3,$AJ$4:$AV$94,13,FALSE),0) -> 0 | G40: =IFERROR(VLOOKUP(G$3,$AJ$4:$AV$94,13,FALSE),0) -> 0 | H40: =IFERROR(VLOOKUP(H$3,$AJ$4:$AV$94,13,FALSE),0) -> 0 | I40: =IFERROR(VLOOKUP(I$3,$AJ$4:$AV$94,13,FALSE),0) -> 0 | J40: =IFERROR(VLOOKUP(J$3,$AJ$4:$AV$94,13,FALSE),0) -> 0.1467895 | ... AH40: =IFERROR(VLOOKUP(AH$3,$AJ$4:$AV$94,13,FALSE),0) -> 0
B41: 铁路、船舶、航空航天和其他运输设备制造业 | C41: =IFERROR(VLOOKUP(C$3,$AJ$4:$AV$94,13,FALSE),0) -> 0 | D41: =IFERROR(VLOOKUP(D$3,$AJ$4:$AV$94,13,FALSE),0) -> 0 | E41: =IFERROR(VLOOKUP(E$3,$AJ$4:$AV$94,13,FALSE),0) -> 0 | F41: =IFERROR(VLOOKUP(F$3,$AJ$4:$AV$94,13,FALSE),0) -> 0 | G41: =IFERROR(VLOOKUP(G$3,$AJ$4:$AV$94,13,FALSE),0) -> 0 | H41: =IFERROR(VLOOKUP(H$3,$AJ$4:$AV$94,13,FALSE),0) -> 0 | I41: =IFERROR(VLOOKUP(I$3,$AJ$4:$AV$94,13,FALSE),0) -> 0 | J41: =IFERROR(VLOOKUP(J$3,$AJ$4:$AV$94,13,FALSE),0) -> 0.1467895 | ... AH41: =IFERROR(VLOOKUP(AH$3,$AJ$4:$AV$94,13,FALSE),0) -> 0 | AM41: 汽油 | AN41: (Intercept) | AO41: 2.4971429 | AP41: 2.0770827 | AQ41: 1.2022357 | AR41: 0.25071414
B42: 电气机械和器材制造业 | C42: =IFERROR(VLOOKUP(C$3,$AJ$4:$AV$94,13,FALSE),0) -> 0 | D42: =IFERROR(VLOOKUP(D$3,$AJ$4:$AV$94,13,FALSE),0) -> 0 | E42: =IFERROR(VLOOKUP(E$3,$AJ$4:$AV$94,13,FALSE),0) -> 0 | F42: =IFERROR(VLOOKUP(F$3,$AJ$4:$AV$94,13,FALSE),0) -> 0 | G42: =IFERROR(VLOOKUP(G$3,$AJ$4:$AV$94,13,FALSE),0) -> 0 | H42: =IFERROR(VLOOKUP(H$3,$AJ$4:$AV$94,13,FALSE),0) -> 0 | I42: =IFERROR(VLOOKUP(I$3,$AJ$4:$AV$94,13,FALSE),0) -> 0 | J42: =IFERROR(VLOOKUP(J$3,$AJ$4:$AV$94,13,FALSE),0) -> 0.1467895 | ... AH42: =IFERROR(VLOOKUP(AH$3,$AJ$4:$AV$94,13,FALSE),0) -> 0 | AM42: 汽油 | AN42: 工业 | AO42: -0.0015540598 | AP42: 0.012145289 | AQ42: -0.12795577 | AR42: 0.90014219 | AS42: 0.48823529
B43: 计算机、通信和其他电子设备制造业 | C43: =IFERROR(VLOOKUP(C$3,$AJ$4:$AV$94,13,FALSE),0) -> 0 | D43: =IFERROR(VLOOKUP(D$3,$AJ$4:$AV$94,13,FALSE),0) -> 0 | E43: =IFERROR(VLOOKUP(E$3,$AJ$4:$AV$94,13,FALSE),0) -> 0 | F43: =IFERROR(VLOOKUP(F$3,$AJ$4:$AV$94,13,FALSE),0) -> 0 | G43: =IFERROR(VLOOKUP(G$3,$AJ$4:$AV$94,13,FALSE),0) -> 0 | H43: =IFERROR(VLOOKUP(H$3,$AJ$4:$AV$94,13,FALSE),0) -> 0 | I43: =IFERROR(VLOOKUP(I$3,$AJ$4:$AV$94,13,FALSE),0) -> 0 | J43: =IFERROR(VLOOKUP(J$3,$AJ$4:$AV$94,13,FALSE),0) -> 0.1467895 | ... AH43: =IFERROR(VLOOKUP(AH$3,$AJ$4:$AV$94,13,FALSE),0) -> 0 | AM43: 汽油 | AN43: 化学原料和化学制品制造业 | AO43: 0.20267791 | AP43: 0.13690428 | AQ43: 1.4804352 | AR43: 0.16258158 | AS43: 0.5
B44: 仪器仪表制造业 | C44: =IFERROR(VLOOKUP(C$3,$AJ$4:$AV$94,13,FALSE),0) -> 0 | D44: =IFERROR(VLOOKUP(D$3,$AJ$4:$AV$94,13,FALSE),0) -> 0 | E44: =IFERROR(VLOOKUP(E$3,$AJ$4:$AV$94,13,FALSE),0) -> 0 | F44: =IFERROR(VLOOKUP(F$3,$AJ$4:$AV$94,13,FALSE),0) -> 0 | G44: =IFERROR(VLOOKUP(G$3,$AJ$4:$AV$94,13,FALSE),0) -> 0 | H44: =IFERROR(VLOOKUP(H$3,$AJ$4:$AV$94,13,FALSE),0) -> 0 | I44: =IFERROR(VLOOKUP(I$3,$AJ$4:$AV$94,13,FALSE),0) -> 0 | J44: =IFERROR(VLOOKUP(J$3,$AJ$4:$AV$94,13,FALSE),0) -> 0.1467895 | ... AH44: =IFERROR(VLOOKUP(AH$3,$AJ$4:$AV$94,13,FALSE),0) -> 0
B45: 其他制造业 | C45: =IFERROR(VLOOKUP(C$3,$AJ$4:$AV$94,13,FALSE),0) -> 0 | D45: =IFERROR(VLOOKUP(D$3,$AJ$4:$AV$94,13,FALSE),0) -> 0 | E45: =IFERROR(VLOOKUP(E$3,$AJ$4:$AV$94,13,FALSE),0) -> 0 | F45: =IFERROR(VLOOKUP(F$3,$AJ$4:$AV$94,13,FALSE),0) -> 0 | G45: =IFERROR(VLOOKUP(G$3,$AJ$4:$AV$94,13,FALSE),0) -> 0 | H45: =IFERROR(VLOOKUP(H$3,$AJ$4:$AV$94,13,FALSE),0) -> 0 | I45: =IFERROR(VLOOKUP(I$3,$AJ$4:$AV$94,13,FALSE),0) -> 0 | J45: =IFERROR(VLOOKUP(J$3,$AJ$4:$AV$94,13,FALSE),0) -> 0.1467895 | ... AH45: =IFERROR(VLOOKUP(AH$3,$AJ$4:$AV$94,13,FALSE),0) -> 0 | AM45: 煤油 | AN45: (Intercept) | AO45: 1.4418537 | AP45: 0.61042167 | AQ45: 2.3620618 | AR45: 0.034442531
B46: 废弃资源综合利用业 | C46: =IFERROR(VLOOKUP(C$3,$AJ$4:$AV$94,13,FALSE),0) -> 0 | D46: =IFERROR(VLOOKUP(D$3,$AJ$4:$AV$94,13,FALSE),0) -> 0 | E46: =IFERROR(VLOOKUP(E$3,$AJ$4:$AV$94,13,FALSE),0) -> 0 | F46: =IFERROR(VLOOKUP(F$3,$AJ$4:$AV$94,13,FALSE),0) -> 0 | G46: =IFERROR(VLOOKUP(G$3,$AJ$4:$AV$94,13,FALSE),0) -> 0 | H46: =IFERROR(VLOOKUP(H$3,$AJ$4:$AV$94,13,FALSE),0) -> 0 | I46: =IFERROR(VLOOKUP(I$3,$AJ$4:$AV$94,13,FALSE),0) -> 0 | J46: =IFERROR(VLOOKUP(J$3,$AJ$4:$AV$94,13,FALSE),0) -> 0.1467895 | ... AH46: =IFERROR(VLOOKUP(AH$3,$AJ$4:$AV$94,13,FALSE),0) -> 0 | AM46: 煤油 | AN46: 工业 | AO46: 0.014623545 | AP46: 0.026769548 | AQ46: 0.54627537 | AR46: 0.59412844 | AS46: 0.8653424
B47: 金属制品、机械和设备修理业 | C47: =IFERROR(VLOOKUP(C$3,$AJ$4:$AV$94,13,FALSE),0) -> 0 | D47: =IFERROR(VLOOKUP(D$3,$AJ$4:$AV$94,13,FALSE),0) -> 0 | E47: =IFERROR(VLOOKUP(E$3,$AJ$4:$AV$94,13,FALSE),0) -> 0 | F47: =IFERROR(VLOOKUP(F$3,$AJ$4:$AV$94,13,FALSE),0) -> 0 | G47: =IFERROR(VLOOKUP(G$3,$AJ$4:$AV$94,13,FALSE),0) -> 0 | H47: =IFERROR(VLOOKUP(H$3,$AJ$4:$AV$94,13,FALSE),0) -> 0 | I47: =IFERROR(VLOOKUP(I$3,$AJ$4:$AV$94,13,FALSE),0) -> 0 | J47: =IFERROR(VLOOKUP(J$3,$AJ$4:$AV$94,13,FALSE),0) -> 0.1467895 | ... AH47: =IFERROR(VLOOKUP(AH$3,$AJ$4:$AV$94,13,FALSE),0) -> 0 | AM47: 煤油 | AN47: 石油煤炭及其他燃料加工业 | AO47: 1.203863 | AP47: 0.37330188 | AQ47: 3.2249046 | AR47: 0.0066414224 | AS47: 0.8733441
B48: (三)电力、热力、燃气及水生产和供应业 | C48: =IFERROR(VLOOKUP(C$3,$AJ$4:$AV$94,13,FALSE),0) -> 0 | D48: =IFERROR(VLOOKUP(D$3,$AJ$4:$AV$94,13,FALSE),0) -> 0 | E48: =IFERROR(VLOOKUP(E$3,$AJ$4:$AV$94,13,FALSE),0) -> 0 | F48: =IFERROR(VLOOKUP(F$3,$AJ$4:$AV$94,13,FALSE),0) -> 0 | G48: =IFERROR(VLOOKUP(G$3,$AJ$4:$AV$94,13,FALSE),0) -> 0 | H48: =IFERROR(VLOOKUP(H$3,$AJ$4:$AV$94,13,FALSE),0) -> 0 | I48: =IFERROR(VLOOKUP(I$3,$AJ$4:$AV$94,13,FALSE),0) -> 0 | J48: =IFERROR(VLOOKUP(J$3,$AJ$4:$AV$94,13,FALSE),0) -> 0.1467895 | ... AH48: =IFERROR(VLOOKUP(AH$3,$AJ$4:$AV$94,13,FALSE),0) -> 0
B49: 电力、热力生产和供应业 | C49: =IFERROR(VLOOKUP(C$3,$AJ$4:$AV$94,13,FALSE),0) -> 0 | D49: =IFERROR(VLOOKUP(D$3,$AJ$4:$AV$94,13,FALSE),0) -> 0 | E49: =IFERROR(VLOOKUP(E$3,$AJ$4:$AV$94,13,FALSE),0) -> 0 | F49: =IFERROR(VLOOKUP(F$3,$AJ$4:$AV$94,13,FALSE),0) -> 0 | G49: =IFERROR(VLOOKUP(G$3,$AJ$4:$AV$94,13,FALSE),0) -> 0 | H49: =IFERROR(VLOOKUP(H$3,$AJ$4:$AV$94,13,FALSE),0) -> 0 | I49: =IFERROR(VLOOKUP(I$3,$AJ$4:$AV$94,13,FALSE),0) -> 0 | J49: =IFERROR(VLOOKUP(J$3,$AJ$4:$AV$94,13,FALSE),0) -> 0.1467895 | ... AH49: =IFERROR(VLOOKUP(AH$3,$AJ$4:$AV$94,13,FALSE),0) -> 0 | AM49: 燃料油 | AN49: (Intercept) | AO49: 15.243615 | AP49: 8.1539468 | AQ49: 1.8694769 | AR49: 0.084245569
B50: 燃气生产和供应业 | C50: =IFERROR(VLOOKUP(C$3,$AJ$4:$AV$94,13,FALSE),0) -> 0 | D50: =IFERROR(VLOOKUP(D$3,$AJ$4:$AV$94,13,FALSE),0) -> 0 | E50: =IFERROR(VLOOKUP(E$3,$AJ$4:$AV$94,13,FALSE),0) -> 0 | F50: =IFERROR(VLOOKUP(F$3,$AJ$4:$AV$94,13,FALSE),0) -> 0 | G50: =IFERROR(VLOOKUP(G$3,$AJ$4:$AV$94,13,FALSE),0) -> 0 | H50: =IFERROR(VLOOKUP(H$3,$AJ$4:$AV$94,13,FALSE),0) -> 0 | I50: =IFERROR(VLOOKUP(I$3,$AJ$4:$AV$94,13,FALSE),0) -> 0 | J50: =IFERROR(VLOOKUP(J$3,$AJ$4:$AV$94,13,FALSE),0) -> 0.1467895 | ... AH50: =IFERROR(VLOOKUP(AH$3,$AJ$4:$AV$94,13,FALSE),0) -> 0 | AM50: 燃料油 | AN50: 工业 | AO50: -0.037035666 | AP50: 0.03404832 | AQ50: -1.0877384 | AR50: 0.29646654 | AS50: 0.90588235
B51: 水的生产和供应业 | C51: =IFERROR(VLOOKUP(C$3,$AJ$4:$AV$94,13,FALSE),0) -> 0 | D51: =IFERROR(VLOOKUP(D$3,$AJ$4:$AV$94,13,FALSE),0) -> 0 | E51: =IFERROR(VLOOKUP(E$3,$AJ$4:$AV$94,13,FALSE),0) -> 0 | F51: =IFERROR(VLOOKUP(F$3,$AJ$4:$AV$94,13,FALSE),0) -> 0 | G51: =IFERROR(VLOOKUP(G$3,$AJ$4:$AV$94,13,FALSE),0) -> 0 | H51: =IFERROR(VLOOKUP(H$3,$AJ$4:$AV$94,13,FALSE),0) -> 0 | I51: =IFERROR(VLOOKUP(I$3,$AJ$4:$AV$94,13,FALSE),0) -> 0 | J51: =IFERROR(VLOOKUP(J$3,$AJ$4:$AV$94,13,FALSE),0) -> 0.1467895 | ... AH51: =IFERROR(VLOOKUP(AH$3,$AJ$4:$AV$94,13,FALSE),0) -> 0 | AM51: 燃料油 | AN51: 化学原料和化学制品制造业 | AO51: 0.72591157 | AP51: 0.22544 | AQ51: 3.2199768 | AR51: 0.0067047226 | AS51: 0.93235294
B53: Total Non Energy Use (w/o Energy Conversion) | AM53: 液化石油气 | AN53: (Intercept) | AO53: 105.99732 | AP53: 36.346849 | AQ53: 2.9162725 | AR53: 0.012026279
C54: 煤合计 | D54: 原煤 | E54: 洗精煤 | F54: 其他洗煤 | G54: 型煤 | H54: 煤矸石 | I54: 焦炭 | J54: 焦炉煤气 | K54: 高炉煤气 | L54: 转炉煤气 | M54: 其他煤气 | N54: 其他焦化产品 | O54: 油品合计 | P54: 原油 | Q54: 汽油 | R54: 煤油 | S54: 柴油 | T54: 燃料油 | U54: 石脑油 | V54: 润滑油 | W54: 石蜡 | X54: 溶剂油 | Y54: 石油沥青 | Z54: 石油焦 | AA54: 液化石油气 | AB54: 炼厂干气 | AC54: 其他石油制品 | AD54: 天然气 | AE54: 液化天然气 | AF54: 热力 | AG54: 电力 | AH54: 其他能源 | AM54: 液化石油气 | AN54: 工业 | AO54: -0.13226747 | AP54: 0.11681321 | AQ54: -1.1322989 | AR54: 0.27796228 | AS54: 0.78823529
B55: 工业 | C55: =IFERROR(C7*'Input Data'!C46*VLOOKUP(C$54,'Energy Heat Value Conversion'!$A:$E,5,FALSE),0) -> 0 | D55: =IFERROR(D7*'Input Data'!D46*VLOOKUP(D$54,'Energy Heat Value Conversion'!$A:$E,5,FALSE),0) -> 0 | E55: =IFERROR(E7*'Input Data'!E46*VLOOKUP(E$54,'Energy Heat Value Conversion'!$A:$E,5,FALSE),0) -> 0 | F55: =IFERROR(F7*'Input Data'!F46*VLOOKUP(F$54,'Energy Heat Value Conversion'!$A:$E,5,FALSE),0) -> 0 | G55: =IFERROR(G7*'Input Data'!G46*VLOOKUP(G$54,'Energy Heat Value Conversion'!$A:$E,5,FALSE),0) -> 0 | H55: =IFERROR(H7*'Input Data'!H46*VLOOKUP(H$54,'Energy Heat Value Conversion'!$A:$E,5,FALSE),0) -> 0 | I55: =IFERROR(I7*'Input Data'!I46*VLOOKUP(I$54,'Energy Heat Value Conversion'!$A:$E,5,FALSE),0) -> 0 | J55: =IFERROR(J7*'Input Data'!J46*VLOOKUP(J$54,'Energy Heat Value Conversion'!$A:$E,5,FALSE),0) -> 1.7349292e+14 | ... AH55: =IFERROR(AH7*'Input Data'!AH46*VLOOKUP(AH$54,'Energy Heat Value Conversion'!$A:$E,5,FALSE),0) -> 0 | AM55: 液化石油气 | AN55: 石油煤炭及其他燃料加工业 | AO55: 0.71124477 | AP55: 0.19555355 | AQ55: 3.6370844 | AR55: 0.0030106935 | AS55: 0.85588235
B56: (一)采矿业 | C56: =IFERROR(C8*'Input Data'!C47*VLOOKUP(C$54,'Energy Heat Value Conversion'!$A:$E,5,FALSE),0) -> 0 | D56: =IFERROR(D8*'Input Data'!D47*VLOOKUP(D$54,'Energy Heat Value Conversion'!$A:$E,5,FALSE),0) -> 0 | E56: =IFERROR(E8*'Input Data'!E47*VLOOKUP(E$54,'Energy Heat Value Conversion'!$A:$E,5,FALSE),0) -> 0 | F56: =IFERROR(F8*'Input Data'!F47*VLOOKUP(F$54,'Energy Heat Value Conversion'!$A:$E,5,FALSE),0) -> 0 | G56: =IFERROR(G8*'Input Data'!G47*VLOOKUP(G$54,'Energy Heat Value Conversion'!$A:$E,5,FALSE),0) -> 0 | H56: =IFERROR(H8*'Input Data'!H47*VLOOKUP(H$54,'Energy Heat Value Conversion'!$A:$E,5,FALSE),0) -> 0 | I56: =IFERROR(I8*'Input Data'!I47*VLOOKUP(I$54,'Energy Heat Value Conversion'!$A:$E,5,FALSE),0) -> 0 | J56: =IFERROR(J8*'Input Data'!J47*VLOOKUP(J$54,'Energy Heat Value Conversion'!$A:$E,5,FALSE),0) -> 1.540378e+12 | ... AH56: =IFERROR(AH8*'Input Data'!AH47*VLOOKUP(AH$54,'Energy Heat Value Conversion'!$A:$E,5,FALSE),0) -> 0
