Workbook

Sheet About
A1: BIFUBC
B7: Definition of Energy Product not used as Fuel based on US EPS Model
B8: Coking Coal: Hard coal used in Iron and Steel Industry
B9: Petrochem: Natural Gas, Crude Oil, in refined petroleum and coke
B10: Chemical: Natural as Feedstock, LPG propane or butane as Feedstock
B12: Definition of "Energy Product used as Material"
B13: 4.2.1. #用作原料、材料
B14: “准确界定原料用能范畴”一节是《通知》的重要内容。该节具体指出，对原料用能的基本定义是:
B15: “指用作原材料的能源消费，即能源产品不作为燃料、动力使用，而作为生产非能源产品的原料、材料使用。”
B16: 具体范畴则表述为
B17: “用于生产非能源用途的烯烃、芳烃、炔烃、醇类、合成氨等产品的煤炭、石油、天然气及其制品等，属于原料用能范畴；若用作燃料、动力使用，不属于原料用能范畴”。

Sheet Sector Match
A1: 农、林、牧、渔业 | B1: agriculture and forestry 01T03
A2: 煤炭开采和洗选业 | B2: coal mining 05
A3: 石油和天然气开采业 | B3: oil and gas extraction 06
A4: 黑色金属矿采选业 | B4: other mining and quarrying 07T08
A5: 有色金属矿采选业 | B5: other mining and quarrying 07T08
A6: 非金属矿采选业 | B6: other mining and quarrying 07T08
A7: 开采专业及辅助性活动 | B7: Mining Support Service Activities 09
A8: 其他采矿业 | B8: Mining Support Service Activities 09
A9: 农副食品加工业 | B9: food beverage and tobacco 10T12
A10: 食品制造业 | B10: food beverage and tobacco 10T12
A11: 酒、饮料和精制茶制造业 | B11: food beverage and tobacco 10T12
A12: 烟草制品业 | B12: food beverage and tobacco 10T12
... A22: 化学原料和化学制品制造业 | B22: chemicals 20
A23: 医药制造业
A24: 化学纤维制造业 | B24: chemicals 20
A25: 橡胶和塑料制品业 | B25: rubber and plastic products 22
A26: 非金属矿物制品业 | B26: cement and other nonmetallic minerals 239
A27: 黑色金属冶炼和压延加工业 | B27: iron and steel 241
A28: 有色金属冶炼和压延加工业 | B28: other metals 242
A29: 金属制品业 | B29: metal products except machinery and vehicles 25
A30: 通用设备制造业 | B30: other manufacturing 31T33
A31: 专用设备制造业 | B31: glass and glass products 231
A32: 汽车制造业 | B32: road vehicles 29
A33: 铁路、船舶、航空航天和其他运输设备制造业 | B33: nonroad vehicles 30
A34: 电气机械和器材制造业 | B34: appliances and electrical equipment 27
A35: 计算机、通信和其他电子设备制造业 | B35: computers and electronics 26
... A39: 金属制品、机械和设备修理业 | B39: other machinery 28
A40: 电力、热力生产和供应业
A41: 燃气生产和供应业 | B41: energy pipelines and gas processing 352T353
A42: 水的生产和供应业 | B42: water and waste 36T39
A43: 建筑业 | B43: construction 41T43

Sheet Fuel Match
A1: Chinese Model Fuel | C1: EPS Fuel | D1: EPS Industrial Module Fuel
A2: Crude Oil | B2: 原油 | C2: crude oil | D2: crude oil
A3: Electricity | B3: 电力 | C3: electricity | D3: electricity
A4: Raw Coal | B4: 原煤 | C4: coal | D4: coal
A5: Cleaned Coal | B5: 洗精煤 | C5: coal | D5: coal
A6: Briquettes | B6: 煤制品 | C6: coal | D6: coal
A7: Heat | B7: 热力 | C7: heat | D7: heat
A8: Fuel Oil | B8: 燃料油 | C8: heavy fuel oil | D8: heavy fuel oil
A9: White Spirit | B9: 溶剂油 | C9: heavy fuel oil | D9: heavy fuel oil
A10: Other Petroleum Products | B10: 其他石油制品 | C10: heavy fuel oil | D10: heavy fuel oil
A11: Kerosene | B11: 煤油 | C11: jet fuel or kerosene | D11: petroleum diesel
A12: Gangue | B12: 煤矸石 | C12: lignite | D12: coal
A13: Other Washed Coal | B13: 其他洗煤 | C13: lignite | D13: coal
... A35: Other Energy | B35: 其他能源 | C35: other energy | D35: biomass

Sheet Heat Value
A1: Index | B1: 燃料品种 | C1: Energy Type Name | D1: SY2024 Appendix | E1: NBS Data | F1: GBT2589-2020 | G1: GBT2589-2008 | H1: Energy Balance 2023 | I1: Unit | J1: Kcal/Unit | K1: KJ/Unit | L1: 统计实物量单位 | M1: Statistical Unit | N1: TJ/统计单位 | O1: 万吨标煤/统计单位 | P1: BTU/统计单位 | Q1: Data Source | S1: 吨标煤/J | T1: J/Calorie | U1: BTU/J
A2: 1 | B2: 原煤 | C2: Raw Coal | D2: 20 908千焦/(5 000千卡)/千克 | E2: － | F2: 20934kJ/kg (5000kcal/kg) | G2: 20908kJ/kg (5000kcal/kg) | H2: #N/A | I2: kg | J2: 5450 | K2: =J2*$T$2 -> 22818.06 | L2: 万吨 | M2: 10^4 ton | N2: =K2*10^7/10^9 -> 228.1806 | O2: =N2*10^12*$S$2/10^4 -> 0.77857143 | P2: =N2*$U$2*10^12 -> 2.1627348e+11 | Q2: GBT2589-2020 | S2: 3.4120842e-11 | T2: 4.1868 | U2: 0.00094781712
A3: 2 | B3: 无烟煤 | C3: Anthracite | D3: #N/A | E3: 约6000千卡/千克以上 | F3: #N/A | G3: #N/A | H3: #N/A | I3: kg | J3: 6000 | K3: =J3*$T$2 -> 25120.8 | L3: 万吨 | M3: 10^4 ton | N3: =K3*10^7/10^9 -> 251.208 | O3: =N3*10^12*$S$2/10^4 -> 0.85714286 | P3: =N3*$U$2*10^12 -> 2.3809924e+11 | Q3: NBS Data
A4: 3 | B4: 炼焦烟煤 | C4: Coking Coal | D4: #N/A | E4: 约6000千卡/千克以上 | F4: #N/A | G4: #N/A | H4: #N/A | I4: kg | J4: 6000 | K4: =J4*$T$2 -> 25120.8 | L4: 万吨 | M4: 10^4 ton | N4: =K4*10^7/10^9 -> 251.208 | O4: =N4*10^12*$S$2/10^4 -> 0.85714286 | P4: =N4*$U$2*10^12 -> 2.3809924e+11 | Q4: NBS Data
A5: 4 | B5: 一般烟煤 | C5: Bituminous Coal | D5: #N/A | E5: 约4500-5500千卡/千克 | F5: #N/A | G5: #N/A | H5: #N/A | I5: kg | J5: 5000 | K5: =J5*$T$2 -> 20934 | L5: 万吨 | M5: 10^4 ton | N5: =K5*10^7/10^9 -> 209.34 | O5: =N5*10^12*$S$2/10^4 -> 0.71428571 | P5: =N5*$U$2*10^12 -> 1.9841604e+11 | Q5: NBS Data
A6: 5 | B6: 洗精煤 | C6: Cleaned Coal | D6: 26 344千焦/(6 300千卡)/千克 | E6: 约6000千卡/千克以上 | F6: 26377kJ/kg (6300kcal/kg) | G6: 26344kJ/kg (6300kcal/kg) | H6: #N/A | I6: kg | J6: 6300 | K6: =J6*$T$2 -> 26376.84 | L6: 万吨 | M6: 10^4 ton | N6: =K6*10^7/10^9 -> 263.7684 | O6: =N6*10^12*$S$2/10^4 -> 0.9 | P6: =N6*$U$2*10^12 -> 2.5000421e+11 | Q6: GBT2589-2020
A7: 6 | B7: 其他洗煤 | C7: Other Washed Coal | D7: 0 | E7: 约 2500-6000千卡/千克 | F7: #N/A | G7: #N/A | H7: #N/A | I7: kg | J7: 3780 | K7: =J7*$T$2 -> 15826.104 | L7: 万吨 | M7: 10^4 ton | N7: =K7*10^7/10^9 -> 158.26104 | O7: =N7*10^12*$S$2/10^4 -> 0.54 | P7: =N7*$U$2*10^12 -> 1.5000252e+11 | Q7: NBS Data
A8: 7 | B8: 洗中煤 | C8: Washed Middlings | D8: 8 363千焦/(2 000千卡)/千克 | E8: #N/A | F8: 8374kJ/kg (2000kcal/kg) | G8: 8363kJ/kg (2000kcal/kg) | H8: #N/A | I8: kg | J8: 2000 | K8: =J8*$T$2 -> 8373.6 | L8: 万吨 | M8: 10^4 ton | N8: =K8*10^7/10^9 -> 83.736 | O8: =N8*10^12*$S$2/10^4 -> 0.28571429 | P8: =N8*$U$2*10^12 -> 7.9366414e+10 | Q8: GBT2589-2020
A9: 8 | B9: 煤泥 | C9: Washed Slimes | D9: 8 363～12 545千焦/(2 000～3 000千卡)/千克 | E9: #N/A | F9: 8374kJ/kg～12560kJ/kg (2000kcal/kg～3000kcal/kg) | G9: 8363kJ/kg～12545kJ/kg (2000kcal/kg～3000kcal/kg) | H9: #N/A | I9: kg | J9: 2500 | K9: =J9*$T$2 -> 10467 | L9: 万吨 | M9: 10^4 ton | N9: =K9*10^7/10^9 -> 104.67 | O9: =N9*10^12*$S$2/10^4 -> 0.35714286 | P9: =N9*$U$2*10^12 -> 9.9208018e+10 | Q9: GBT2589-2020
A10: 9 | B10: 褐煤 | C10: Lignite | D10: #N/A | E10: 约2500-3500千卡/千克 | F10: #N/A | G10: #N/A | H10: #N/A | I10: kg | J10: 3000 | K10: =J10*$T$2 -> 12560.4 | L10: 万吨 | M10: 10^4 ton | N10: =K10*10^7/10^9 -> 125.604 | O10: =N10*10^12*$S$2/10^4 -> 0.42857143 | P10: =N10*$U$2*10^12 -> 1.1904962e+11 | Q10: NBS Data
A11: 10 | B11: 煤制品 | C11: Briquettes | D11: #N/A | E11: 约3000-5000千卡/千克 | F11: #N/A | G11: #N/A | H11: 4251.5059 | I11: kg | J11: 4251 | K11: =J11*$T$2 -> 17798.087 | L11: 万吨 | M11: 10^4 ton | N11: =K11*10^7/10^9 -> 177.98087 | O11: =N11*10^12*$S$2/10^4 -> 0.60728571 | P11: =N11*$U$2*10^12 -> 1.6869331e+11 | Q11: Calculated from Energy Balance 2023
A12: 11 | B12: 煤矸石 | C12: Gangue | D12: #N/A | E12: 约2000千卡/千克 | F12: 8374kJ/kg (2000kcal/kg) | G12: #N/A | H12: #N/A | I12: kg | J12: 2000 | K12: =J12*$T$2 -> 8373.6 | L12: 万吨 | M12: 10^4 ton | N12: =K12*10^7/10^9 -> 83.736 | O12: =N12*10^12*$S$2/10^4 -> 0.28571429 | P12: =N12*$U$2*10^12 -> 7.9366414e+10 | Q12: NBS Data
A13: 12 | B13: 焦炭 | C13: Coke | D13: 28 435千焦/(6 800千卡)/千克 | E13: 约6800千卡/千克 | F13: 28470kJ/kg (6800kcal/kg) | G13: 28435kJ/kg (6800kcal/kg) | H13: 6799.5591 | I13: kg | J13: 6800 | K13: =J13*$T$2 -> 28470.24 | L13: 万吨 | M13: 10^4 ton | N13: =K13*10^7/10^9 -> 284.7024 | O13: =N13*10^12*$S$2/10^4 -> 0.97142857 | P13: =N13*$U$2*10^12 -> 2.6984581e+11 | Q13: GBT2589-2020
A14: 13 | B14: 焦炉煤气 | C14: Coke Oven Gas | D14: 16 726～17 981千焦/(4 000～4 300千卡)/立方米 | E14: 约4000-4300千卡/立方米 | F14: 16747kJ/m³～18003kJ/m³ (4000kcal/m³～4300kcal/m³) | G14: 16726kJ/m³～17981kJ/m³ (4000kcal/m³～4300kcal/m³) | H14: 4002.5568 | I14: cu. m | J14: 4000 | K14: =J14*$T$2 -> 16747.2 | L14: 亿立方米 | M14: 10^8 cu. m | N14: =K14*10^8/10^9 -> 1674.72 | O14: =N14*10^12*$S$2/10^4 -> 5.7142857 | P14: =N14*$U$2*10^12 -> 1.5873283e+12 | Q14: GBT2589-2020
A15: 14 | B15: 高炉煤气 | C15: Blast Furnace Gas | D15: #N/A | E15: 约900千卡/立方米 | F15: 3768kJ/m³ (900kcal/m³) | G15: 3763kJ/m³ | H15: 899.9619 | I15: cu. m | J15: 900 | K15: =J15*$T$2 -> 3768.12 | L15: 亿立方米 | M15: 10^8 cu. m | N15: =K15*10^8/10^9 -> 376.812 | O15: =N15*10^12*$S$2/10^4 -> 1.2857143 | P15: =N15*$U$2*10^12 -> 3.5714886e+11 | Q15: NBS Data
A16: 15 | B16: 转炉煤气 | C16: Converter Gas | D16: #N/A | E16: 约1900千卡/立方米 | F16: #N/A | G16: #N/A | H16: 1899.8598 | I16: cu. m | J16: 1900 | K16: =J16*$T$2 -> 7954.92 | L16: 亿立方米 | M16: 10^8 cu. m | N16: =K16*10^8/10^9 -> 795.492 | O16: =N16*10^12*$S$2/10^4 -> 2.7142857 | P16: =N16*$U$2*10^12 -> 7.5398094e+11 | Q16: NBS Data
A17: 16 | B17: 其他煤气 | C17: Other Coal Gas | D17: 0 | E17: #N/A | F17: #N/A | G17: #N/A | H17: 1234.7749 | I17: cu. m | J17: 1250 | K17: =J17*$T$2 -> 5233.5 | L17: 亿立方米 | M17: 10^8 cu. m | N17: =K17*10^8/10^9 -> 523.35 | O17: =N17*10^12*$S$2/10^4 -> 1.7857143 | P17: =N17*$U$2*10^12 -> 4.9604009e+11 | Q17: Calculated from Energy Balance 2023
A18: 17 | B18: 发生炉煤气 | C18: Gas By Gas Furnace | D18: 5 227千焦/(1 250千卡)/立方米 | E18: 约1250千卡/立方米 | F18: 5234kJ/m³ (1250kcal/m³) | G18: 5227kJ/m³ (1250kcal/m³) | H18: #N/A | I18: cu. m | J18: 1250 | K18: =J18*$T$2 -> 5233.5 | L18: 亿立方米 | M18: 10^8 cu. m | N18: =K18*10^8/10^9 -> 523.35 | O18: =N18*10^12*$S$2/10^4 -> 1.7857143 | P18: =N18*$U$2*10^12 -> 4.9604009e+11 | Q18: GBT2589-2020
A19: 18 | B19: 重油催化裂解煤气 | C19: Gas By Heavy Oil Catalytic Cracking | D19: 19 235千焦/(4 600千卡)/立方米 | E19: 约4600千卡/立方米 | F19: 19259kJ/m³ (4600kcal/m³) | G19: 19235kJ/m³ (4600kcal/m³) | H19: #N/A | I19: cu. m | J19: 4600 | K19: =J19*$T$2 -> 19259.28 | L19: 亿立方米 | M19: 10^8 cu. m | N19: =K19*10^8/10^9 -> 1925.928 | O19: =N19*10^12*$S$2/10^4 -> 6.5714286 | P19: =N19*$U$2*10^12 -> 1.8254275e+12 | Q19: GBT2589-2020
A20: 19 | B20: 重油热裂解煤气 | C20: Gas By Heavy Oil Thermal Cracking | D20: 35 544千焦/(8 500千卡)/立方米 | E20: 约8500千卡/立方米 | F20: 35588kJ/m³ (8500kcal/m³) | G20: 35544kJ/m³ (8500kcal/m³) | H20: #N/A | I20: cu. m | J20: 8500 | K20: =J20*$T$2 -> 35587.8 | L20: 亿立方米 | M20: 10^8 cu. m | N20: =K20*10^8/10^9 -> 3558.78 | O20: =N20*10^12*$S$2/10^4 -> 12.142857 | P20: =N20*$U$2*10^12 -> 3.3730726e+12 | Q20: GBT2589-2020
A21: 20 | B21: 焦炭制气 | C21: Coke Gas | D21: 16 308千焦/(3 900千卡)/立方米 | E21: 约3900千卡/立方米 | F21: 16329kJ/m³ (3900kcal/m³) | G21: 16308kJ/m³ (3900kcal/m³) | H21: #N/A | I21: cu. m | J21: 3900 | K21: =J21*$T$2 -> 16328.52 | L21: 亿立方米 | M21: 10^8 cu. m | N21: =K21*10^8/10^9 -> 1632.852 | O21: =N21*10^12*$S$2/10^4 -> 5.5714286 | P21: =N21*$U$2*10^12 -> 1.5476451e+12 | Q21: GBT2589-2020
A22: 21 | B22: 压力气化煤气 | C22: Gas By Pressure Gasification | D22: 15 054千焦/(3 600千卡)/立方米 | E22: 约3600千卡/立方米 | F22: 15072kJ/m³ (3600kcal/m³) | G22: 15054kJ/m³ (3600kcal/m³) | H22: #N/A | I22: cu. m | J22: 3600 | K22: =J22*$T$2 -> 15072.48 | L22: 亿立方米 | M22: 10^8 cu. m | N22: =K22*10^8/10^9 -> 1507.248 | O22: =N22*10^12*$S$2/10^4 -> 5.1428571 | P22: =N22*$U$2*10^12 -> 1.4285955e+12 | Q22: GBT2589-2020
A23: 22 | B23: 水煤气 | C23: Water Coal Gas | D23: 10 454千焦/(2 500千卡)/立方米 | E23: 约2500千卡/立方米 | F23: 10467kJ/m³ (2500kcal/m³) | G23: 10454kJ/m³ (2500kcal/m³) | H23: #N/A | I23: cu. m | J23: 2500 | K23: =J23*$T$2 -> 10467 | L23: 亿立方米 | M23: 10^8 cu. m | N23: =K23*10^8/10^9 -> 1046.7 | O23: =N23*10^12*$S$2/10^4 -> 3.5714286 | P23: =N23*$U$2*10^12 -> 9.9208018e+11 | Q23: GBT2589-2020
A24: 23 | B24: 其他焦化产品 | C24: Other Coking Products | D24: #N/A | E24: #N/A | F24: #N/A | G24: #N/A | H24: 8077.951 | I24: kg | J24: 8078 | K24: =J24*$T$2 -> 33820.97 | L24: 万吨 | M24: 10^4 ton | N24: =K24*10^7/10^9 -> 338.2097 | O24: =N24*10^12*$S$2/10^4 -> 1.154 | P24: =N24*$U$2*10^12 -> 3.2056095e+11 | Q24: Calculated from Energy Balance 2023
A25: 24 | B25: 煤焦油 | C25: Coal Tar | D25: 33 453千焦/(8 000千卡)/千克 | E25: 约8000千卡/千克 | F25: 33494kJ/kg (8000kcal/kg) | G25: 33453kJ/kg (8000kcal/kg) | H25: #N/A | I25: kg | J25: 8000 | K25: =J25*$T$2 -> 33494.4 | L25: 万吨 | M25: 10^4 ton | N25: =K25*10^7/10^9 -> 334.944 | O25: =N25*10^12*$S$2/10^4 -> 1.1428571 | P25: =N25*$U$2*10^12 -> 3.1746566e+11 | Q25: GBT2589-2020
A26: 25 | B26: 粗苯 | C26: Benzene | D26: 41 816千焦/(10 000千卡)/千克 | E26: 约10000千卡/千克 | F26: 41868kJ/kg (10000kcal/kg) | G26: 41816kJ/kg (10000kcal/kg) | H26: #N/A | I26: kg | J26: 10000 | K26: =J26*$T$2 -> 41868 | L26: 万吨 | M26: 10^4 ton | N26: =K26*10^7/10^9 -> 418.68 | O26: =N26*10^12*$S$2/10^4 -> 1.4285714 | P26: =N26*$U$2*10^12 -> 3.9683207e+11 | Q26: GBT2589-2020
A27: 26 | B27: 原油 | C27: Crude Oil | D27: 41 816千焦/(10 000千卡)/千克 | E27: 约10000千卡/千克 | F27: 41868kJ/kg (10000kcal/kg) | G27: 41816kJ/kg (10000kcal/kg) | H27: 9988.7846 | I27: kg | J27: 10000 | K27: =J27*$T$2 -> 41868 | L27: 万吨 | M27: 10^4 ton | N27: =K27*10^7/10^9 -> 418.68 | O27: =N27*10^12*$S$2/10^4 -> 1.4285714 | P27: =N27*$U$2*10^12 -> 3.9683207e+11 | Q27: GBT2589-2020
A28: 27 | B28: 汽油 | C28: Gasoline | D28: 43 070千焦/(10 300千卡)/千克 | E28: 约10300千卡/千克 | F28: 43124kJ/kg (10300kcal/kg) | G28: 43070kJ/kg (10300kcal/kg) | H28: 10299.835 | I28: kg | J28: 10300 | K28: =J28*$T$2 -> 43124.04 | L28: 万吨 | M28: 10^4 ton | N28: =K28*10^7/10^9 -> 431.2404 | O28: =N28*10^12*$S$2/10^4 -> 1.4714286 | P28: =N28*$U$2*10^12 -> 4.0873703e+11 | Q28: GBT2589-2020
A29: 28 | B29: 煤油 | C29: Kerosene | D29: 43 070千焦/(10 300千卡)/千克 | E29: 约10300千卡/千克 | F29: 43124kJ/kg (10300kcal/kg) | G29: 43070kJ/kg (10300kcal/kg) | H29: 10303.545 | I29: kg | J29: 10300 | K29: =J29*$T$2 -> 43124.04 | L29: 万吨 | M29: 10^4 ton | N29: =K29*10^7/10^9 -> 431.2404 | O29: =N29*10^12*$S$2/10^4 -> 1.4714286 | P29: =N29*$U$2*10^12 -> 4.0873703e+11 | Q29: GBT2589-2020
A30: 29 | B30: 柴油 | C30: Diesel | D30: 42 652千焦/(10 200千卡)/千克 | E30: 约10200千卡/千克 | F30: 42705kJ/kg (10200kcal/kg) | G30: 42652kJ/kg (10200kcal/kg) | H30: 10198.757 | I30: kg | J30: 10200 | K30: =J30*$T$2 -> 42705.36 | L30: 万吨 | M30: 10^4 ton | N30: =K30*10^7/10^9 -> 427.0536 | O30: =N30*10^12*$S$2/10^4 -> 1.4571429 | P30: =N30*$U$2*10^12 -> 4.0476871e+11 | Q30: GBT2589-2020
A31: 30 | B31: 燃料油 | C31: Fuel Oil | D31: 41 816千焦/(10 000千卡)/千克 | E31: 约10000千卡/千克 | F31: 41868kJ/kg (10000kcal/kg) | G31: 41816kJ/kg (10000kcal/kg) | H31: 9995.4875 | I31: kg | J31: 10000 | K31: =J31*$T$2 -> 41868 | L31: 万吨 | M31: 10^4 ton | N31: =K31*10^7/10^9 -> 418.68 | O31: =N31*10^12*$S$2/10^4 -> 1.4285714 | P31: =N31*$U$2*10^12 -> 3.9683207e+11 | Q31: GBT2589-2020
A32: 31 | B32: 石脑油 | C32: Naphtha | D32: #N/A | E32: 约10500千卡/千克 | F32: #N/A | G32: #N/A | H32: 10499.809 | I32: kg | J32: 10500 | K32: =J32*$T$2 -> 43961.4 | L32: 万吨 | M32: 10^4 ton | N32: =K32*10^7/10^9 -> 439.614 | O32: =N32*10^12*$S$2/10^4 -> 1.5 | P32: =N32*$U$2*10^12 -> 4.1667368e+11 | Q32: Calculated from Energy Balance 2023
A33: 32 | B33: 润滑油 | C33: Lubricants | D33: #N/A | E33: 约9900千卡/千克 | F33: #N/A | G33: #N/A | H33: 9899.6153 | I33: kg | J33: 9900 | K33: =J33*$T$2 -> 41449.32 | L33: 万吨 | M33: 10^4 ton | N33: =K33*10^7/10^9 -> 414.4932 | O33: =N33*10^12*$S$2/10^4 -> 1.4142857 | P33: =N33*$U$2*10^12 -> 3.9286375e+11 | Q33: Calculated from Energy Balance 2023
A34: 33 | B34: 石蜡 | C34: Paraffin Waxes | D34: #N/A | E34: 约9550千卡/千克 | F34: #N/A | G34: #N/A | H34: 9553.7997 | I34: kg | J34: 9550 | K34: =J34*$T$2 -> 39983.94 | L34: 万吨 | M34: 10^4 ton | N34: =K34*10^7/10^9 -> 399.8394 | O34: =N34*10^12*$S$2/10^4 -> 1.3642857 | P34: =N34*$U$2*10^12 -> 3.7897463e+11 | Q34: Calculated from Energy Balance 2023
A35: 34 | B35: 溶剂油 | C35: White Spirit | D35: #N/A | E35: 约10270千卡/千克 | F35: #N/A | G35: #N/A | H35: 10265.955 | I35: kg | J35: 10270 | K35: =J35*$T$2 -> 42998.436 | L35: 万吨 | M35: 10^4 ton | N35: =K35*10^7/10^9 -> 429.98436 | O35: =N35*10^12*$S$2/10^4 -> 1.4671429 | P35: =N35*$U$2*10^12 -> 4.0754654e+11 | Q35: NBS Data
A36: 35 | B36: 石油沥青 | C36: Bitumen Asphalt | D36: #N/A | E36: 约9310千卡/千克 | F36: #N/A | G36: #N/A | H36: 9169.9409 | I36: kg | J36: 9170 | K36: =J36*$T$2 -> 38392.956 | L36: 万吨 | M36: 10^4 ton | N36: =K36*10^7/10^9 -> 383.92956 | O36: =N36*10^12*$S$2/10^4 -> 1.31 | P36: =N36*$U$2*10^12 -> 3.6389501e+11 | Q36: Calculated from Energy Balance 2023
A37: 36 | B37: 石油焦 | C37: Petroleum Coke | D37: #N/A | E37: 约7640千卡/千克 | F37: #N/A | G37: #N/A | H37: 7349.8353 | I37: kg | J37: 7350 | K37: =J37*$T$2 -> 30772.98 | L37: 万吨 | M37: 10^4 ton | N37: =K37*10^7/10^9 -> 307.7298 | O37: =N37*10^12*$S$2/10^4 -> 1.05 | P37: =N37*$U$2*10^12 -> 2.9167157e+11 | Q37: Calculated from Energy Balance 2023
A38: 37 | B38: 液化石油气 | C38: Liquefied Petroleum Gas | D38: 50 179千焦/(12 000千卡)/千克 | E38: 约12000千卡/千克 | F38: 50242kJ/kg (12000kcal/kg) | G38: 50179kJ/kg (12000kcal/kg) | H38: 12011.096 | I38: kg | J38: 12000 | K38: =J38*$T$2 -> 50241.6 | L38: 万吨 | M38: 10^4 ton | N38: =K38*10^7/10^9 -> 502.416 | O38: =N38*10^12*$S$2/10^4 -> 1.7142857 | P38: =N38*$U$2*10^12 -> 4.7619849e+11 | Q38: GBT2589-2020
A39: 38 | B39: 炼厂干气 | C39: Refinery Gas | D39: 45 998千焦/(11 000千卡)/千克 | E39: 约11000千卡/千克 | F39: 46055kJ/kg (11000kcal/kg) | G39: 46055kJ/kg (11000kcal/kg) | H39: 10999.623 | I39: kg | J39: 11000 | K39: =J39*$T$2 -> 46054.8 | L39: 万吨 | M39: 10^4 ton | N39: =K39*10^7/10^9 -> 460.548 | O39: =N39*10^12*$S$2/10^4 -> 1.5714286 | P39: =N39*$U$2*10^12 -> 4.3651528e+11 | Q39: GBT2589-2020
A40: 39 | B40: 其他石油制品 | C40: Other Petroleum Products | D40: #N/A | E40: 约9800千卡/千克 | F40: #N/A | G40: #N/A | H40: 9310.364 | I40: kg | J40: 9800 | K40: =J40*$T$2 -> 41030.64 | L40: 万吨 | M40: 10^4 ton | N40: =K40*10^7/10^9 -> 410.3064 | O40: =N40*10^12*$S$2/10^4 -> 1.4 | P40: =N40*$U$2*10^12 -> 3.8889543e+11 | Q40: NBS Data
A41: 40 | B41: 渣油 | C41: Residuum | D41: #N/A | E41: #N/A | F41: #N/A | G41: 41816kJ/kg (10000kcal/kg) | H41: #N/A | I41: kg | J41: 10000 | K41: =J41*$T$2 -> 41868 | L41: 万吨 | M41: 10^4 ton | N41: =K41*10^7/10^9 -> 418.68 | O41: =N41*10^12*$S$2/10^4 -> 1.4285714 | P41: =N41*$U$2*10^12 -> 3.9683207e+11 | Q41: GBT2589-2020
A42: 41 | B42: 天然气 | C42: Natural Gas | D42: 32 238～38 931千焦/(7 700～9 310千卡)/立方米 | E42: 约7700-9300千卡/立方米 | F42: 32238kJ/m³～38979kJ/m³ (7700kcal/m³～9310kcal/m³) | G42: #N/A | H42: 8741.5887 | I42: cu. m | J42: 8935 | K42: =J42*$T$2 -> 37409.058 | L42: 亿立方米 | M42: 10^8 cu. m | N42: =K42*10^8/10^9 -> 3740.9058 | O42: =N42*10^12*$S$2/10^4 -> 12.764286 | P42: =N42*$U$2*10^12 -> 3.5456946e+12 | Q42: GBT2589-2020
A43: 42 | B43: 油田天然气 | C43: Oil Field Natural Gas | D43: #N/A | E43: #N/A | F43: #N/A | G43: 38931kJ/m³ (9310kcal/m³) | H43: #N/A | I43: cu. m | J43: 9310 | K43: =J43*$T$2 -> 38979.108 | L43: 亿立方米 | M43: 10^8 cu. m | N43: =K43*10^8/10^9 -> 3897.9108 | O43: =N43*10^12*$S$2/10^4 -> 13.3 | P43: =N43*$U$2*10^12 -> 3.6945066e+12 | Q43: GBT2589-2020
A44: 43 | B44: 气田天然气 | C44: Gas Field Natural Gas | D44: #N/A | E44: #N/A | F44: #N/A | G44: 35544kJ/m³ (8500kcal/m³) | H44: #N/A | I44: cu. m | J44: 8500 | K44: =J44*$T$2 -> 35587.8 | L44: 亿立方米 | M44: 10^8 cu. m | N44: =K44*10^8/10^9 -> 3558.78 | O44: =N44*10^12*$S$2/10^4 -> 12.142857 | P44: =N44*$U$2*10^12 -> 3.3730726e+12 | Q44: GBT2589-2020
A45: 44 | B45: 煤层气 | C45: Coal Seam Gas | D45: #N/A | E45: 约7700千卡/立方米 | F45: #N/A | G45: #N/A | H45: #N/A | I45: cu. m | J45: 7700 | K45: =J45*$T$2 -> 32238.36 | L45: 亿立方米 | M45: 10^8 cu. m | N45: =K45*10^8/10^9 -> 3223.836 | O45: =N45*10^12*$S$2/10^4 -> 11 | P45: =N45*$U$2*10^12 -> 3.055607e+12 | Q45: NBS Data
A46: 45 | B46: 煤矿瓦斯气 | C46: Coal Mine Gas | D46: #N/A | E46: #N/A | F46: #N/A | G46: 14636kJ/m³～16726kJ/m³ (3500kcal/m³～4000kcal/m³) | H46: #N/A | I46: cu. m | J46: 3750 | K46: =J46*$T$2 -> 15700.5 | L46: 亿立方米 | M46: 10^8 cu. m | N46: =K46*10^8/10^9 -> 1570.05 | O46: =N46*10^12*$S$2/10^4 -> 5.3571429 | P46: =N46*$U$2*10^12 -> 1.4881203e+12 | Q46: GBT2589-2020
A47: 46 | B47: 液化天然气 | C47: Liquefied Natural Gas | D47: #N/A | E47: 约12300千卡/千克 | F47: 51498kJ/kg (12300kcal/kg) | G47: #N/A | H47: 12059.613 | I47: kg | J47: 12350 | K47: =J47*$T$2 -> 51706.98 | L47: 万吨 | M47: 10^4 ton | N47: =K47*10^7/10^9 -> 517.0698 | O47: =N47*10^12*$S$2/10^4 -> 1.7642857 | P47: =N47*$U$2*10^12 -> 4.9008761e+11 | Q47: Calculated from Energy Balance 2023
A48: 47 | B48: 热力 | C48: Heat | D48: 0 | E48: － | F48: #N/A | G48: — | H48: 238.71225 | I48: mj | J48: =K48/$T$2 -> 238.8459 | K48: 1000 | L48: 万百万千焦 | M48: 10 TJ | N48: =K48*10^7/10^9 -> 10 | O48: =N48*10^12*$S$2/10^4 -> 0.034120842 | P48: =N48*$U$2*10^12 -> 9.4781712e+09 | Q48: GBT2589-2020
A49: 48 | B49: 余热余压 | C49: Waste Heat | D49: #N/A | E49: － | F49: #N/A | G49: #N/A | H49: #N/A | I49: mj | J49: =K49/$T$2 -> 238.8459 | K49: 1000 | L49: 万百万千焦 | M49: 10 TJ | N49: =K49*10^7/10^9 -> 10 | O49: =N49*10^12*$S$2/10^4 -> 0.034120842 | P49: =N49*$U$2*10^12 -> 9.4781712e+09 | Q49: GBT2589-2020
A50: 49 | B50: 电力 | C50: Electricity | D50: 3 600千焦/(860千卡)/千瓦时 | E50: 860千卡/千瓦时 | F50: #N/A | G50: 3600kJ/ (kW·h)[860kcal/ (kW·h)] | H50: 859.98081 | I50: kwh | J50: =K50/$T$2 -> 859.84523 | K50: 3600 | L50: 亿千瓦时 | M50: 10^8 kwh | N50: =K50*10^8/10^9 -> 360 | O50: =N50*10^12*$S$2/10^4 -> 1.2283503 | P50: =N50*$U$2*10^12 -> 3.4121416e+11 | Q50: GBT2589-2020
A51: 50 | B51: 氢气 | C51: Hydrogen | D51: #N/A | E51: 约142000千焦耳/千克 | F51: 9756kJ/m³ (2330kcal/m³) | G51: #N/A | H51: #N/A | I51: kg | J51: =2330/0.082 -> 28414.634 | K51: =J51*$T$2 -> 118966.39 | L51: 万吨 | M51: 10^4 ton | N51: =K51*10^7/10^9 -> 1189.6639 | O51: =N51*10^12*$S$2/10^4 -> 4.0592334 | P51: =N51*$U$2*10^12 -> 1.1275838e+12 | Q51: GBT2589-2020
A52: 51 | B52: 蒸汽(低压) | C52: Steam | D52: #N/A | E52: #N/A | F52: #N/A | G52: 3763MJ/t (900Mcal/t) | H52: #N/A | I52: kg | J52: 900 | K52: =J52*$T$2 -> 3768.12 | L52: 万吨 | M52: 10^4 ton | N52: =K52*10^7/10^9 -> 37.6812 | O52: =N52*10^12*$S$2/10^4 -> 0.12857143 | P52: =N52*$U$2*10^12 -> 3.5714886e+10 | Q52: GBT2589-2008
A53: 52 | B53: 生物质能 | C53: Biomass Energy | D53: 0 | E53: #N/A | F53: #N/A | G53: #N/A | H53: #N/A | N53: =K53*10^7/10^9 -> 0 | O53: =N53*10^12*$S$2/10^4 -> 0 | P53: =N53*$U$2*10^12 -> 0
A54: 53 | B54: 人粪 | C54: Night Soil | D54: 18 817千焦/(4 500千卡)/千克 | E54: #N/A | F54: #N/A | G54: #N/A | H54: #N/A | I54: kg | J54: 4500 | K54: =J54*$T$2 -> 18840.6 | L54: 万吨 | M54: 10^4 ton | N54: =K54*10^7/10^9 -> 188.406 | O54: =N54*10^12*$S$2/10^4 -> 0.64285714 | P54: =N54*$U$2*10^12 -> 1.7857443e+11 | Q54: Yearbook 2024 Appendix
A55: 54 | B55: 牛粪 | C55: Cow Dung | D55: 13 799千焦/(3 300千卡)/千克 | E55: #N/A | F55: #N/A | G55: #N/A | H55: #N/A | I55: kg | J55: 3300 | K55: =J55*$T$2 -> 13816.44 | L55: 万吨 | M55: 10^4 ton | N55: =K55*10^7/10^9 -> 138.1644 | O55: =N55*10^12*$S$2/10^4 -> 0.47142857 | P55: =N55*$U$2*10^12 -> 1.3095458e+11 | Q55: Yearbook 2024 Appendix
A56: 55 | B56: 猪粪 | C56: Pig Dung | D56: 12 545千焦/(3 000千卡)/千克 | E56: #N/A | F56: #N/A | G56: #N/A | H56: #N/A | I56: kg | J56: 3000 | K56: =J56*$T$2 -> 12560.4 | L56: 万吨 | M56: 10^4 ton | N56: =K56*10^7/10^9 -> 125.604 | O56: =N56*10^12*$S$2/10^4 -> 0.42857143 | P56: =N56*$U$2*10^12 -> 1.1904962e+11 | Q56: Yearbook 2024 Appendix
A57: 56 | B57: 羊、驴、马、骡粪 | C57: Sheep/Donkey/Horse/Mule Dung | D57: 15 472千焦/(3 700千卡)/千克 | E57: #N/A | F57: #N/A | G57: #N/A | H57: #N/A | I57: kg | J57: 3700 | K57: =J57*$T$2 -> 15491.16 | L57: 万吨 | M57: 10^4 ton | N57: =K57*10^7/10^9 -> 154.9116 | O57: =N57*10^12*$S$2/10^4 -> 0.52857143 | P57: =N57*$U$2*10^12 -> 1.4682787e+11 | Q57: Yearbook 2024 Appendix
A58: 57 | B58: 鸡粪 | C58: Poultry Manure | D58: 18 817千焦/(4 500千卡)/千克 | E58: #N/A | F58: #N/A | G58: #N/A | H58: #N/A | I58: kg | J58: 4500 | K58: =J58*$T$2 -> 18840.6 | L58: 万吨 | M58: 10^4 ton | N58: =K58*10^7/10^9 -> 188.406 | O58: =N58*10^12*$S$2/10^4 -> 0.64285714 | P58: =N58*$U$2*10^12 -> 1.7857443e+11 | Q58: Yearbook 2024 Appendix
A59: 58 | B59: 大豆秆、棉花秆 | C59: Soybean Stalk,Cotton Stalk | D59: 15 890千焦/(3 800千卡)/千克 | E59: #N/A | F59: #N/A | G59: #N/A | H59: #N/A | I59: kg | J59: 3800 | K59: =J59*$T$2 -> 15909.84 | L59: 万吨 | M59: 10^4 ton | N59: =K59*10^7/10^9 -> 159.0984 | O59: =N59*10^12*$S$2/10^4 -> 0.54285714 | P59: =N59*$U$2*10^12 -> 1.5079619e+11 | Q59: Yearbook 2024 Appendix
A60: 59 | B60: 稻秆 | C60: Paddy Stalk | D60: 12 545千焦/(3 000千卡)/千克 | E60: #N/A | F60: #N/A | G60: #N/A | H60: #N/A | I60: kg | J60: 3000 | K60: =J60*$T$2 -> 12560.4 | L60: 万吨 | M60: 10^4 ton | N60: =K60*10^7/10^9 -> 125.604 | O60: =N60*10^12*$S$2/10^4 -> 0.42857143 | P60: =N60*$U$2*10^12 -> 1.1904962e+11 | Q60: Yearbook 2024 Appendix
A61: 60 | B61: 麦秆 | C61: Wheat stalk | D61: 14 635千焦/(3 500千卡)/千克 | E61: #N/A | F61: #N/A | G61: #N/A | H61: #N/A | I61: kg | J61: 3500 | K61: =J61*$T$2 -> 14653.8 | L61: 万吨 | M61: 10^4 ton | N61: =K61*10^7/10^9 -> 146.538 | O61: =N61*10^12*$S$2/10^4 -> 0.5 | P61: =N61*$U$2*10^12 -> 1.3889123e+11 | Q61: Yearbook 2024 Appendix
A62: 61 | B62: 玉米秆 | C62: Maize Stalk | D62: 15 472千焦/(3 700千卡)/千克 | E62: #N/A | F62: #N/A | G62: #N/A | H62: #N/A | I62: kg | J62: 3700 | K62: =J62*$T$2 -> 15491.16 | L62: 万吨 | M62: 10^4 ton | N62: =K62*10^7/10^9 -> 154.9116 | O62: =N62*10^12*$S$2/10^4 -> 0.52857143 | P62: =N62*$U$2*10^12 -> 1.4682787e+11 | Q62: Yearbook 2024 Appendix
A63: 62 | B63: 蔗渣（干） | C63: Bagasse | D63: #N/A | E63: 约3500千卡/千克 | F63: #N/A | G63: #N/A | H63: #N/A | I63: kg | J63: 3500 | K63: =J63*$T$2 -> 14653.8 | L63: 万吨 | M63: 10^4 ton | N63: =K63*10^7/10^9 -> 146.538 | O63: =N63*10^12*$S$2/10^4 -> 0.5 | P63: =N63*$U$2*10^12 -> 1.3889123e+11 | Q63: NBS Data
A64: 63 | B64: 玉米棒 | C64: Corn Cob | D64: #N/A | E64: 约4600千卡/千克 | F64: #N/A | G64: #N/A | H64: #N/A | I64: kg | J64: 4600 | K64: =J64*$T$2 -> 19259.28 | L64: 万吨 | M64: 10^4 ton | N64: =K64*10^7/10^9 -> 192.5928 | O64: =N64*10^12*$S$2/10^4 -> 0.65714286 | P64: =N64*$U$2*10^12 -> 1.8254275e+11 | Q64: NBS Data
A65: 64 | B65: 稻壳 | C65: Rice Husk | D65: #N/A | E65: 约3200千卡/千克 | F65: #N/A | G65: #N/A | H65: #N/A | I65: kg | J65: 3200 | K65: =J65*$T$2 -> 13397.76 | L65: 万吨 | M65: 10^4 ton | N65: =K65*10^7/10^9 -> 133.9776 | O65: =N65*10^12*$S$2/10^4 -> 0.45714286 | P65: =N65*$U$2*10^12 -> 1.2698626e+11 | Q65: NBS Data
A66: 65 | B66: 杂草 | C66: Fireweed | D66: 13 799千焦/(3 300千卡)/千克 | E66: #N/A | F66: #N/A | G66: #N/A | H66: #N/A | I66: kg | J66: 3300 | K66: =J66*$T$2 -> 13816.44 | L66: 万吨 | M66: 10^4 ton | N66: =K66*10^7/10^9 -> 138.1644 | O66: =N66*10^12*$S$2/10^4 -> 0.47142857 | P66: =N66*$U$2*10^12 -> 1.3095458e+11 | Q66: Yearbook 2024 Appendix
A67: 66 | B67: 树叶 | C67: Leaves | D67: 14 635千焦/(3 500千卡)/千克 | E67: #N/A | F67: #N/A | G67: #N/A | H67: #N/A | I67: kg | J67: 3500 | K67: =J67*$T$2 -> 14653.8 | L67: 万吨 | M67: 10^4 ton | N67: =K67*10^7/10^9 -> 146.538 | O67: =N67*10^12*$S$2/10^4 -> 0.5 | P67: =N67*$U$2*10^12 -> 1.3889123e+11 | Q67: Yearbook 2024 Appendix
A68: 67 | B68: 薪柴 | C68: Firewood | D68: 16 726千焦/(4 000千卡)/千克 | E68: 约3000千卡/千克 | F68: #N/A | G68: #N/A | H68: #N/A | I68: kg | J68: 4000 | K68: =J68*$T$2 -> 16747.2 | L68: 万吨 | M68: 10^4 ton | N68: =K68*10^7/10^9 -> 167.472 | O68: =N68*10^12*$S$2/10^4 -> 0.57142857 | P68: =N68*$U$2*10^12 -> 1.5873283e+11 | Q68: Yearbook 2024 Appendix
A69: 68 | B69: 树皮 | C69: Bark | D69: #N/A | E69: 约2700千卡/千克 | F69: #N/A | G69: #N/A | H69: #N/A | I69: kg | J69: 2700 | K69: =J69*$T$2 -> 11304.36 | L69: 万吨 | M69: 10^4 ton | N69: =K69*10^7/10^9 -> 113.0436 | O69: =N69*10^12*$S$2/10^4 -> 0.38571429 | P69: =N69*$U$2*10^12 -> 1.0714466e+11 | Q69: NBS Data
A70: 69 | B70: 锯末刨花 | C70: Sawdust | D70: #N/A | E70: 约2700千卡/千克 | F70: #N/A | G70: #N/A | H70: #N/A | I70: kg | J70: 2700 | K70: =J70*$T$2 -> 11304.36 | L70: 万吨 | M70: 10^4 ton | N70: =K70*10^7/10^9 -> 113.0436 | O70: =N70*10^12*$S$2/10^4 -> 0.38571429 | P70: =N70*$U$2*10^12 -> 1.0714466e+11 | Q70: NBS Data
A71: 70 | B71: 沼气 | C71: Biogas | D71: 20 908千焦/(5 000千卡)/立方米 | E71: 约5500—5800千卡/立方米 | F71: 20934kJ/m³~24283kJ/m³ (5000kcal/m³~5800kcal/m³) | G71: #N/A | H71: #N/A | I71: cu. m | J71: 5000 | K71: =J71*$T$2 -> 20934 | L71: 亿立方米 | M71: 10^8 cu. m | N71: =K71*10^8/10^9 -> 2093.4 | O71: =N71*10^12*$S$2/10^4 -> 7.1428571 | P71: =N71*$U$2*10^12 -> 1.9841604e+12 | Q71: Yearbook 2024 Appendix
A72: 71 | B72: 城市生活垃圾（用于燃料） | C72: Municipal Solid Wate | D72: #N/A | E72: 约1900千卡/千克 | F72: #N/A | G72: #N/A | H72: #N/A | I72: kg | J72: 1900 | K72: =J72*$T$2 -> 7954.92 | L72: 万吨 | M72: 10^4 ton | N72: =K72*10^7/10^9 -> 79.5492 | O72: =N72*10^12*$S$2/10^4 -> 0.27142857 | P72: =N72*$U$2*10^12 -> 7.5398094e+10 | Q72: NBS Data
A73: 72 | B73: 工业废料（用于燃料） | C73: Industrial Waste | D73: #N/A | E73: 约3000千卡/千克 | F73: #N/A | G73: #N/A | H73: #N/A | I73: kg | J73: 3000 | K73: =J73*$T$2 -> 12560.4 | L73: 万吨 | M73: 10^4 ton | N73: =K73*10^7/10^9 -> 125.604 | O73: =N73*10^12*$S$2/10^4 -> 0.42857143 | P73: =N73*$U$2*10^12 -> 1.1904962e+11 | Q73: NBS Data
A74: 73 | B74: 燃料甲醇 | C74: Methanol | D74: #N/A | E74: 约5426千卡/千克 | F74: 19913kJ/kg (4756kcal/kg) | G74: #N/A | H74: #N/A | I74: kg | J74: 4756 | K74: =J74*$T$2 -> 19912.421 | L74: 万吨 | M74: 10^4 ton | N74: =K74*10^7/10^9 -> 199.12421 | O74: =N74*10^12*$S$2/10^4 -> 0.67942857 | P74: =N74*$U$2*10^12 -> 1.8873333e+11 | Q74: GBT2589-2020
A75: 74 | B75: 乙醇(用作燃料) | C75: Ethanol | D75: #N/A | E75: #N/A | F75: 26800kJ/kg (6401kcal/kg) | G75: #N/A | H75: #N/A | I75: kg | J75: 6401 | K75: =J75*$T$2 -> 26799.707 | L75: 万吨 | M75: 10^4 ton | N75: =K75*10^7/10^9 -> 267.99707 | O75: =N75*10^12*$S$2/10^4 -> 0.91442857 | P75: =N75*$U$2*10^12 -> 2.5401221e+11 | Q75: GBT2589-2020
A76: 75 | B76: 生物乙醇 | C76: Bioethanol | D76: #N/A | E76: 约6500千卡/千克 | F76: #N/A | G76: #N/A | H76: #N/A | I76: kg | J76: 6500 | K76: =J76*$T$2 -> 27214.2 | L76: 万吨 | M76: 10^4 ton | N76: =K76*10^7/10^9 -> 272.142 | O76: =N76*10^12*$S$2/10^4 -> 0.92857143 | P76: =N76*$U$2*10^12 -> 2.5794085e+11 | Q76: NBS Data
A77: 76 | B77: 生物柴油 | C77: Biodiesel | D77: #N/A | E77: 约10200千卡/千克 | F77: #N/A | G77: #N/A | H77: #N/A | I77: kg | J77: 10200 | K77: =J77*$T$2 -> 42705.36 | L77: 万吨 | M77: 10^4 ton | N77: =K77*10^7/10^9 -> 427.0536 | O77: =N77*10^12*$S$2/10^4 -> 1.4571429 | P77: =N77*$U$2*10^12 -> 4.0476871e+11 | Q77: NBS Data
A78: 77 | B78: 其他能源 | L78: 万吨标煤 | N78: 292.71 | O78: 1 | P78: 277782450000

Sheet Final Energy Consumption-2019
A1: 4-2 工业分行业终端能源消费量(标准量)-2019 | AG1: 电力数据来自《电力工业统计资料汇编2019》
A2: 行 业 | B2: (发电煤耗_x000D_ 计算法)_x000D_ (Coal_x000D_ Equivalent_x000D_ C alculation) | C2: (电热当量_x000D_ 计算法)_x000D_ (Calorific_x000D_ Value_x000D_ C alculation) | D2: 煤合计_x000D_ Coal Total | E2: 原煤_x000D_ Raw Coal | F2: 洗精煤_x000D_ Cleaned_x000D_ Coal | G2: 其他洗煤_x000D_ Other_x000D_ Washed_x000D_ Coal | H2: 煤制品_x000D_ Briquettes | I2: 焦炭_x000D_ Coke | J2: 焦炉煤气_x000D_ Coke Oven_x000D_ Gas | K2: 高炉煤气_x000D_ Blast Furnace_x000D_ Gas | L2: 转炉煤气_x000D_ Converter_x000D_ Gas | M2: 其他煤气_x000D_ Other Gas | N2: 其他焦化产品_x000D_ Other_x000D_ Coking_x000D_ Products | O2: 油品合计_x000D_ Petroleum_x000D_ Products_x000D_ Total | P2: 原油_x000D_ Crude Oil | Q2: 汽油_x000D_ Gasoline | R2: 煤油_x000D_ Kerosene | S2: 柴油_x000D_ Diesel Oil | T2: 燃料油_x000D_ Fuel Oil | U2: 石脑油_x000D_ Naphtha | V2: 润滑油_x000D_ Lubricants | W2: 石蜡_x000D_ Paraffin_x000D_ Waxes | X2: 溶剂油_x000D_ White Spirit | Y2: 石油沥青_x000D_ Bitumen_x000D_ Asphalt | Z2: 石油焦_x000D_ Petroleum_x000D_ Coke | AA2: 液化石油气_x000D_ Liquefied_x000D_ Petroleum Gas | AB2: 炼厂干气_x000D_ Refinery_x000D_ Gas | AC2: 其他石油制品_x000D_ Other_x000D_ Petroleum_x000D_ Products | AD2: 天然气_x000D_ Natural Gas | AE2: 液化天然气_x000D_ Liquefied_x000D_ Natural Gas | AF2: 热力_x000D_ Heat | AG2: 电力_x000D_ (亿千瓦小时)_x000D_ Electricity_x000D_ (108 kW·h) | AH2: 其他能源_x000D_ Other Energy
A3: 煤炭开采和洗选业 | B3: 5779.93 | C3: 3972.78 | D3: 1850.19 | E3: 1146.41 | G3: 700.44 | H3: =D3-SUM(E3:G3) -> 3.34 | I3: 47.52 | J3: 5.97 | K3: 32.19 | L3: 1.96 | M3: 2.54 | N3: 7.5 | O3: 529.29 | P3: 0.31 | Q3: 7.28 | R3: 1.1 | S3: 222.35 | T3: 0.38 | U3: 224.05 | V3: 1.43 | Y3: 0.13 | AA3: 71.58 | AC3: 0.69 | AD3: 183.12 | AE3: 23.68 | AF3: 24.06 | AG3: 1026.756 | AH3: 2.88
A4: 石油和天然气开采业 | B4: 3669.27 | C4: 2904.63 | D4: 81.19 | E4: 81.19 | H4: =D4-SUM(E4:G4) -> 0 | O4: 497.42 | P4: 383.15 | Q4: 10.28 | S4: 59.09 | T4: 1.24 | V4: 0.02 | AA4: 0.22 | AB4: 20.14 | AC4: 23.29 | AD4: 1689.28 | AE4: 8.08 | AF4: 94.74 | AG4: 434.4397
A5: 黑色金属矿采选业 | B5: 1655.37 | C5: 917.42 | D5: 145.01 | E5: 140.09 | G5: 2.99 | H5: =D5-SUM(E5:G5) -> 1.93 | I5: 143.52 | J5: 18.11 | K5: 23.43 | L5: 1.51 | N5: 0.2 | O5: 63.58 | Q5: 1.19 | S5: 61.99 | T5: 0.07 | V5: 0.32 | AC5: 0.01 | AD5: 0.2 | AF5: 5.53 | AG5: 419.2783 | AH5: 1.04
A6: 有色金属矿采选业 | B6: 1260.98 | C6: 581.29 | D6: 55.83 | E6: 54.52 | G6: 0.99 | H6: =D6-SUM(E6:G6) -> 0.32 | I6: 3.46 | O6: 36.5 | Q6: 2.42 | R6: 0.67 | S6: 31.79 | T6: 1.38 | V6: 0.05 | Y6: 0.19 | AD6: 8.48 | AG6: 386.1734 | AH6: 2.41
A7: 非金属矿采选业 | B7: 1305.96 | C7: 853 | D7: 339.01 | E7: 197.2 | G7: 138.76 | H7: =D7-SUM(E7:G7) -> 3.05 | I7: 7.52 | J7: 6.31 | L7: 3.77 | O7: 82.55 | Q7: 1.54 | R7: 0.03 | S7: 78.38 | T7: 0.05 | V7: 0.08 | Y7: 0.78 | Z7: 1.61 | AA7: 0.02 | AC7: 0.07 | AD7: 7.97 | AE7: 12.75 | AF7: 76.65 | AG7: 257.3577 | AH7: 0.19
A8: 开采专业及辅助性活动 | B8: 400.62 | C8: 327.94 | D8: 5.35 | E8: 5.35 | H8: =D8-SUM(E8:G8) -> 0 | O8: 231.28 | P8: 0.14 | Q8: 5.62 | S8: 224.18 | T8: 0.43 | V8: 0.39 | AA8: 0.13 | AC8: 0.39 | AD8: 30.4 | AE8: 0.67 | AF8: 9.48 | AG8: 0
A9: 其他采矿业 | B9: 632.79 | C9: 260.33 | D9: 0.09 | E9: 0.09 | H9: =D9-SUM(E9:G9) -> 0 | O9: 0.15 | S9: 0.15 | AG9: 211.6198
A10: 农副食品加工业 | B10: 4151.98 | C10: 2748.45 | D10: 679.19 | E10: 666.49 | G10: 11.52 | H10: =D10-SUM(E10:G10) -> 1.18 | I10: 120.88 | J10: 0.16 | K10: 33.85 | L10: 5.69 | M10: 0.29 | N10: 0.01 | O10: 48.38 | Q10: 10.43 | R10: 0.14 | S10: 31.34 | T10: 2.16 | V10: 0.13 | W10: 0.04 | X10: 2.21 | AA10: 1.63 | AC10: 0.32 | AD10: 49.19 | AE10: 349.6 | AF10: 259.68 | AG10: 656.7766 | AH10: 221.48
A11: 食品制造业 | B11: 1999.83 | C11: 1468.4 | D11: 475.38 | E11: 471.7 | G11: 0.61 | H11: =D11-SUM(E11:G11) -> 3.07 | I11: 1.53 | O11: 22.85 | Q11: 6.19 | R11: 0.01 | S11: 12.04 | T11: 1.6 | V11: 0.01 | W11: 0.56 | AA11: 2 | AC11: 0.44 | AD11: 164.27 | AE11: 145.3 | AF11: 248.85 | AG11: 371.5912 | AH11: 39.14
A12: 酒、饮料和精制茶制造业 | B12: 1277.65 | C12: 972.17 | D12: 334.13 | E12: 330.43 | G12: 3.1 | H12: =D12-SUM(E12:G12) -> 0.6 | I12: 0.08 | J12: 0.17 | N12: 0.01 | O12: 13.04 | Q12: 4.26 | R12: 0.09 | S12: 6.95 | T12: 0.51 | V12: 0.02 | AA12: 1.17 | AC12: 0.05 | AD12: 126.61 | AE12: 85.34 | AF12: 186.24 | AG12: 147.1486 | AH12: 13.23
A13: 烟草制品业 | B13: 192.09 | C13: 98.97 | D13: 4.99 | E13: 4.73 | G13: 0.24 | H13: =D13-SUM(E13:G13) -> 0.02 | O13: 2.16 | Q13: 0.55 | S13: 1.52 | AA13: 0.09 | AD13: 15.48 | AF13: 8.79 | AG13: 38.6689 | AH13: 2.52
A14: 纺织业 | B14: 7347.67 | C14: 4249.69 | D14: 315.51 | E14: 289.75 | G14: 3.46 | H14: =D14-SUM(E14:G14) -> 22.3 | I14: 1.16 | L14: 0.03 | O14: 27.9 | Q14: 8.22 | R14: 0.04 | S14: 8.61 | T14: 4.93 | V14: 0.15 | Y14: 2.04 | AA14: 2.64 | AC14: 1.27 | AD14: 189.22 | AE14: 383.08 | AF14: 1104.07 | AG14: 1648.9851 | AH14: 65.49
A15: 纺织服装、服饰业 | B15: 904.33 | C15: 496.72 | D15: 28.75 | E15: 28.35 | G15: 0.23 | H15: =D15-SUM(E15:G15) -> 0.17 | I15: 0.05 | O15: 16.73 | Q15: 7.19 | R15: 0.07 | S15: 7.82 | T15: 0.7 | V15: 0.02 | AA15: 0.63 | AC15: 0.29 | AD15: 16.68 | AE15: 121.39 | AF15: 20.24 | AG15: 343.0478 | AH15: 8.27
A16: 皮革、毛皮、羽毛及其制品和制鞋业 | B16: 538.88 | C16: 262.88 | D16: 16.62 | E16: 15.65 | G16: 0.05 | H16: =D16-SUM(E16:G16) -> 0.92 | O16: 8.41 | Q16: 4.21 | R16: 0.02 | S16: 2.82 | T16: 0.49 | U16: 0.01 | V16: 0.07 | W16: 0.06 | X16: 0.18 | AA16: 0.5 | AC16: 0.05 | AD16: 1.57 | AE16: 26.1 | AF16: 7.77 | AG16: 222.5382 | AH16: 9.7
A17: 木材加工和木、竹、藤、棕、草制品业 | B17: 1050.22 | C17: 558.6 | D17: 37.52 | E17: 37.05 | G17: 0.47 | H17: =D17-SUM(E17:G17) -> 0 | I17: 0.04 | O17: 13.13 | Q17: 2.5 | S17: 7.59 | T17: 0.29 | V17: 0.05 | W17: 2.34 | AA17: 0.36 | AD17: 33.56 | AE17: 3.24 | AF17: 22.91 | AG17: 350.2031 | AH17: 104.92
A18: 家具制造业 | B18: 383.91 | C18: 180.87 | D18: 1.56 | E18: 1.4 | G18: 0.14 | H18: =D18-SUM(E18:G18) -> 0.02 | I18: 0.52 | O18: 8.58 | Q18: 3.54 | S18: 4.35 | T18: 0.21 | V18: 0.02 | AA18: 0.47 | AD18: 17.23 | AE18: 4.13 | AF18: 2.07 | AG18: 162.3502 | AH18: 5.01
A19: 造纸和纸制品业 | B19: 3839.71 | C19: 2529.15 | D19: 471.3 | E19: 437.16 | G19: 21.23 | H19: =D19-SUM(E19:G19) -> 12.91 | I19: 0.22 | J19: 0.52 | O19: 41.04 | P19: 0.05 | Q19: 3.69 | R19: 0.01 | S19: 21.85 | T19: 11.44 | V19: 0.14 | W19: 0.04 | X19: 0.44 | AA19: 3.26 | AC19: 0.13 | AD19: 61.96 | AE19: 218.07 | AF19: 730.29 | AG19: 744.609 | AH19: 90.62
A20: 印刷和记录媒介复制业 | B20: 506.51 | C20: 275.86 | D20: 11.62 | E20: 11.2 | G20: 0.18 | H20: =D20-SUM(E20:G20) -> 0.24 | I20: 0.02 | J20: 0.41 | M20: 0.17 | O20: 13.3 | Q20: 5.29 | R20: 0.02 | S20: 6.14 | T20: 0.57 | V20: 0.04 | X20: 0.07 | AA20: 0.7 | AC20: 0.47 | AD20: 43.34 | AE20: 20.2 | AF20: 16.66 | AG20: 131.0519 | AH20: 9.07
A21: 文教、工美、体育和娱乐用品制造业 | B21: 493.36 | C21: 335.35 | D21: 10.88 | E21: 10.43 | G21: 0.2 | H21: =D21-SUM(E21:G21) -> 0.25 | I21: 0.42 | O21: 25.07 | Q21: 4.87 | R21: 0.15 | S21: 5.09 | T21: 0.66 | U21: 0.01 | V21: 0.03 | W21: 0.73 | X21: 0.01 | Z21: 12.14 | AA21: 1.14 | AC21: 0.24 | AD21: 37.86 | AE21: 141.94 | AF21: 2.96 | AG21: 162.6521 | AH21: 5.89
A22: 石油、煤炭及其他燃料加工业 | B22: 24273.48 | C22: 22163.29 | D22: 1765.81 | E22: 1066.35 | G22: 621.73 | H22: =D22-SUM(E22:G22) -> 77.73 | I22: 51.4 | J22: 1190.25 | K22: 125.9 | M22: 20.11 | N22: 165.28 | O22: 13388.35 | P22: 79.93 | Q22: 2.09 | R22: 0.26 | S22: 32.84 | T22: 39.11 | U22: 2085.02 | V22: 310.99 | W22: 0.08 | X22: 8.85 | Y22: 6.37 | Z22: 242.08 | AA22: 1812.69 | AB22: 2732.75 | AC22: 6035.31 | AD22: 341.61 | AE22: 1471.59 | AF22: 2163.33 | AG22: 1279.3437 | AH22: 6.16
A23: 化学原料和化学制品制造业 | B23: 51424.21 | C23: 41871.71 | D23: 9166.6 | E23: 8868.09 | G23: 94.53 | H23: =D23-SUM(E23:G23) -> 203.98 | I23: 3842.3 | J23: 454.49 | K23: 11.58 | L23: 27.3 | M23: 40.29 | N23: 721.04 | O23: 10825.95 | P23: 1.92 | Q23: 17.79 | R23: 2.79 | S23: 55.33 | T23: 62.89 | U23: 6311.43 | V23: 7.48 | W23: 344.95 | X23: 120.96 | Y23: 1.99 | Z23: 54.1 | AA23: 1815.43 | AB23: 118.6 | AC23: 1910.28 | AD23: 2641.46 | AE23: 2428.94 | AF23: 4950.57 | AG23: 4505.6718 | AH23: 90.95
A24: 医药制造业 | B24: 2164.39 | C24: 1446.79 | D24: 357.85 | E24: 353.22 | G24: 1.04 | H24: =D24-SUM(E24:G24) -> 3.59 | I24: 1.9 | J24: 2.1 | N24: 0.09 | O24: 19.9 | P24: 0.04 | Q24: 5.77 | R24: 0.02 | S24: 8.35 | T24: 3.89 | U24: 0.05 | V24: 0.01 | W24: 0.04 | X24: 0.34 | AA24: 0.36 | AC24: 1.03 | AD24: 95.2 | AE24: 94.47 | AF24: 348.99 | AG24: 407.7124 | AH24: 25.21
A25: 化学纤维制造业 | B25: 2399.65 | C25: 1598.55 | D25: 432.74 | E25: 368.37 | G25: 2.56 | H25: =D25-SUM(E25:G25) -> 61.81 | I25: 18.04 | O25: 4.18 | Q25: 0.9 | R25: 0.03 | S25: 2.39 | T25: 0.55 | V25: 0.07 | X25: 0.06 | AA25: 0.1 | AC25: 0.09 | AD25: 21.79 | AE25: 158.56 | AF25: 391.25 | AG25: 411.1229 | AH25: 12.62
A26: 橡胶和塑料制品业 | B26: 4849.68 | C26: 2339.16 | D26: 193.12 | E26: 182.69 | G26: 1.37 | H26: =D26-SUM(E26:G26) -> 9.06 | I26: 0.03 | J26: 3.55 | N26: 6.15 | O26: 47.53 | P26: 0.01 | Q26: 13.91 | R26: 0.09 | S26: 17.34 | T26: 4.82 | V26: 0.64 | W26: 0.59 | X26: 0.6 | Y26: 2.01 | AA26: 3.87 | AC26: 3.64 | AD26: 101.44 | AE26: 110.99 | AF26: 107.04 | AG26: 1426.3838 | AH26: 16.28
A27: 非金属矿物制品业 | B27: 34298.86 | C27: 27679.91 | D27: 15359.62 | E27: 10756.46 | G27: 4543.4 | H27: =D27-SUM(E27:G27) -> 59.76 | I27: 1302.1 | J27: 205.38 | K27: 54.66 | L27: 15.24 | M27: 15.28 | N27: 25.68 | O27: 3627.77 | P27: 0.14 | Q27: 21.71 | R27: 1.23 | S27: 457.63 | T27: 137.56 | V27: 0.84 | W27: 0.99 | X27: 0.23 | Y27: 316.04 | Z27: 2568.84 | AA27: 105.27 | AB27: 0.18 | AC27: 17.12 | AD27: 471.89 | AE27: 1804.53 | AF27: 85.88 | AG27: 3760.643 | AH27: 90.04
A28: 黑色金属冶炼和压延加工业 | B28: 82285.93 | C28: 70916.51 | D28: 8024.63 | E28: 7608.25 | G28: 361.77 | H28: =D28-SUM(E28:G28) -> 54.61 | I28: 38124.93 | J28: 1961.68 | K28: 10366.15 | L28: 1510.63 | M28: 2.7 | N28: 351.48 | O28: 122.52 | Q28: 4.93 | R28: 0.04 | S28: 76.54 | T28: 0.92 | V28: 1.09 | W28: 0.02 | Z28: 18.92 | AA28: 16.45 | AB28: 2.48 | AC28: 1.13 | AD28: 594.73 | AE28: 1152.6 | AF28: 664.02 | AG28: 5682.4769 | AH28: 101.48
A29: 有色金属冶炼和压延加工业 | B29: 24252.12 | C29: 12506.07 | D29: 1771.45 | E29: 1628.48 | G29: 138.59 | H29: =D29-SUM(E29:G29) -> 4.38 | I29: 394.53 | J29: 110.51 | L29: 0.22 | M29: 159.89 | N29: 23.8 | O29: 375.86 | P29: 0.43 | Q29: 4.99 | R29: 0.79 | S29: 48.64 | T29: 19.75 | V29: 0.6 | W29: 0.01 | X29: 0.15 | Y29: 13.11 | Z29: 275.19 | AA29: 5.55 | AC29: 6.66 | AD29: 264.81 | AE29: 451.72 | AF29: 745.36 | AG29: 6214.9202 | AH29: 5.96
A30: 金属制品业 | B30: 6644.59 | C30: 3700.29 | D30: 199.1 | E30: 171.15 | G30: 27.25 | H30: =D30-SUM(E30:G30) -> 0.7 | I30: 455.67 | J30: 25.99 | K30: 62.75 | L30: 6.04 | M30: 0.94 | N30: 3.01 | O30: 58.92 | P30: 0.01 | Q30: 17.06 | R30: 0.67 | S30: 28.44 | T30: 2.29 | V30: 0.84 | W30: 0.02 | X30: 0.03 | Y30: 0.42 | AA30: 7.42 | AB30: 0.02 | AC30: 1.71 | AD30: 149.04 | AE30: 656.31 | AF30: 21.73 | AG30: 2344.5871 | AH30: 4.88
A31: 通用设备制造业 | B31: 3626.98 | C31: 1853.84 | D31: 14.51 | E31: 13.48 | G31: 0.43 | H31: =D31-SUM(E31:G31) -> 0.6 | I31: 237.57 | J31: 0.85 | K31: 0.1 | L31: 0.13 | O31: 68.29 | Q31: 22.5 | R31: 2.38 | S31: 30.96 | T31: 0.99 | U31: 0.05 | V31: 4.12 | W31: 0.11 | X31: 0.06 | AA31: 4.8 | AB31: 0.01 | AC31: 2.3 | AD31: 132.15 | AE31: 145.28 | AF31: 11.72 | AG31: 917.2368 | AH31: 5.11
A32: 专用设备制造业 | B32: 1887.75 | C32: 1008.75 | D32: 14.67 | E32: 13.05 | G32: 0.81 | H32: =D32-SUM(E32:G32) -> 0.81 | I32: 6.36 | J32: 7.68 | K32: 3.01 | L32: 0.01 | M32: 6.27 | N32: 0.65 | O32: 55.83 | Q32: 17.42 | R32: 1.13 | S32: 21.07 | T32: 0.92 | V32: 4.08 | W32: 0.05 | X32: 0.11 | AA32: 6.2 | AC32: 4.83 | AD32: 61.94 | AE32: 200.55 | AF32: 32.58 | AG32: 388.6379 | AH32: 5.42
A33: 汽车制造业 | B33: 3654.46 | C33: 1839.12 | D33: 16.24 | E33: 15.85 | G33: 0.06 | H33: =D33-SUM(E33:G33) -> 0.33 | I33: 13.82 | J33: 0.33 | K33: 0.04 | L33: 0.03 | M33: 0.32 | O33: 95.95 | P33: 0.01 | Q33: 36.38 | R33: 0.4 | S33: 39.27 | T33: 0.45 | U33: 0.02 | V33: 13.08 | W33: 0.01 | X33: 0.19 | Y33: 0.01 | AA33: 3.56 | AC33: 2.58 | AD33: 93 | AE33: 247.08 | AF33: 101.71 | AG33: 495.7558 | AH33: 3.01
A34: 铁路、船舶、航空航天和其他运输设备制造业 | B34: 853.16 | C34: 560.67 | D34: 21.32 | E34: 10.09 | G34: 11.23 | H34: =D34-SUM(E34:G34) -> 0 | I34: 0.27 | J34: 2.65 | M34: 0.01 | O34: 28.11 | P34: 0.01 | Q34: 5.15 | R34: 1.4 | S34: 16.4 | T34: 1.98 | V34: 0.33 | AA34: 2.29 | AC34: 0.55 | AD34: 63.5 | AE34: 217.54 | AF34: 22.73 | AG34: 339.7783 | AH34: 0.3
A35: 电气机械和器材制造业 | B35: 2841.16 | C35: 1328.72 | D35: 13.17 | E35: 13.1 | G35: 0.04 | H35: =D35-SUM(E35:G35) -> 0.03 | I35: 0.55 | J35: 0.13 | O35: 52.26 | Q35: 21.99 | R35: 0.62 | S35: 15.61 | T35: 2.96 | V35: 2.56 | W35: 0.2 | X35: 0.07 | Y35: 0.05 | Z35: 0.4 | AA35: 5.82 | AC35: 1.97 | AD35: 43.69 | AE35: 108.41 | AF35: 48.23 | AG35: 837.6747 | AH35: 6.19
A36: 计算机、通信和其他电子设备制造业 | B36: 5019.84 | C36: 2378.96 | D36: 12.89 | E36: 12.29 | G36: 0.6 | H36: =D36-SUM(E36:G36) -> 0 | J36: 0.05 | K36: 0.01 | O36: 28.83 | P36: 0.01 | Q36: 14.11 | R36: 0.23 | S36: 9.37 | T36: 0.58 | V36: 0.94 | W36: 0.03 | X36: 0.03 | AA36: 3.35 | AC36: 0.19 | AD36: 148.12 | AE36: 289.59 | AF36: 53.16 | AG36: 1572.7347 | AH36: 2.26
A37: 仪器仪表制造业 | B37: 249.47 | C37: 118.29 | D37: 1.55 | E37: 1.55 | H37: =D37-SUM(E37:G37) -> 0 | I37: 0.01 | O37: 8.11 | Q37: 5.65 | R37: 0.17 | S37: 1.47 | T37: 0.14 | V37: 0.14 | W37: 0.04 | AA37: 0.29 | AC37: 0.21 | AD37: 6.65 | AE37: 6.94 | AF37: 1.96 | AG37: 75.4896 | AH37: 1.47
A38: 其他制造业 | B38: 1799.44 | C38: 781.41 | D38: 1.42 | E38: 1.11 | G38: 0.09 | H38: =D38-SUM(E38:G38) -> 0.22 | J38: 0.06 | N38: 0.86 | O38: 7.99 | Q38: 1 | R38: 0.12 | S38: 1.65 | AA38: 5.22 | AD38: 0.53 | AE38: 56.29 | AF38: 2.35 | AG38: 532.1327 | AH38: 1.04
A39: 废弃资源综合利用业 | B39: 642.51 | C39: 540.54 | D39: 96.39 | E39: 81.64 | G39: 10.51 | H39: =D39-SUM(E39:G39) -> 4.24 | I39: 94.29 | J39: 2.91 | K39: 6.82 | L39: 5.71 | N39: 1.35 | O39: 9.97 | Q39: 0.45 | R39: 0.03 | S39: 7.03 | T39: 1.88 | V39: 0.03 | AA39: 0.54 | AD39: 27.97 | AE39: 217.39 | AF39: 0.67 | AG39: 109.3667 | AH39: 5.87
A40: 金属制品、机械和设备修理业 | B40: 67.91 | C40: 38.76 | D40: 0.41 | E40: 0.41 | H40: =D40-SUM(E40:G40) -> 0 | J40: 0.41 | K40: 0.18 | O40: 9 | P40: 0.02 | Q40: 0.64 | R40: 1.37 | S40: 6.41 | T40: 0.45 | V40: 0.07 | X40: 0.01 | AA40: 0.04 | AD40: 2.65 | AE40: 5.25 | AF40: 0.51 | AG40: 101.368
A41: 电力、热力生产和供应业 | B41: 18212.25 | C41: 8174.4 | D41: 675.86 | E41: 674.25 | G41: 1.24 | H41: =D41-SUM(E41:G41) -> 0.37 | I41: 37.97 | J41: 4.67 | K41: 0.27 | M41: 2.33 | N41: 0.5 | O41: 90.09 | P41: 0.24 | Q41: 31.64 | S41: 41.14 | T41: 1.28 | V41: 0.38 | Y41: 3.24 | Z41: 9.24 | AA41: 0.05 | AB41: 2.37 | AC41: 0.5 | AD41: 15.94 | AF41: 326.88 | AG41: 8807.3035 | AH41: 10.76
A42: 燃气生产和供应业 | B42: 906.27 | C42: 579.16 | D42: 73.91 | E42: 73.9 | H42: =D42-SUM(E42:G42) -> 0.01 | J42: 5.12 | K42: 3.64 | M42: 0.53 | O42: 6.02 | Q42: 3.76 | S42: 2.01 | T42: 0.15 | V42: 0.03 | AA42: 0.07 | AC42: 0.01 | AD42: 92.56 | AE42: 93.91 | AF42: 75.06 | AG42: 185.8495
A43: 水的生产和供应业 | B43: 1796.55 | C43: 751.5 | D43: 3.29 | E43: 3.26 | H43: =D43-SUM(E43:G43) -> 0.03 | O43: 7.81 | Q43: 4.35 | S43: 2.92 | T43: 0.13 | AA43: 0.39 | AD43: 5.45 | AE43: 0.2 | AF43: 5.02 | AG43: 593.7592

Sheet Feedstock Split-2019
B1: 煤合计_x000D_ Coal Total | C1: 原煤_x000D_ Raw Coal | D1: 洗精煤_x000D_ Cleaned_x000D_ Coal | E1: 其他洗煤_x000D_ Other_x000D_ Washed_x000D_ Coal | F1: 煤制品_x000D_ Briquettes | G1: 煤矸石_x000D_ Gangue | H1: 焦炭_x000D_ Coke | I1: 焦炉煤气_x000D_ Coke Oven_x000D_ Gas | J1: 高炉煤气_x000D_ Blast Furnace_x000D_ Gas | K1: 转炉煤气_x000D_ Converter_x000D_ Gas | L1: 其他煤气_x000D_ Other Gas | M1: 其他焦化产品_x000D_ Other_x000D_ Coking_x000D_ Products | N1: 油品合计_x000D_ Petroleum_x000D_ Products_x000D_ Total | O1: 原油_x000D_ Crude Oil | P1: 汽油_x000D_ Gasoline | Q1: 煤油_x000D_ Kerosene | R1: 柴油_x000D_ Diesel Oil | S1: 燃料油_x000D_ Fuel Oil | T1: 石脑油_x000D_ Naphtha | U1: 润滑油_x000D_ Lubricants | V1: 石蜡_x000D_ Paraffin_x000D_ Waxes | W1: 溶剂油_x000D_ White spirit | X1: 石油沥青_x000D_ Bitumen_x000D_ Asphalt | Y1: 石油焦_x000D_ Petroleum_x000D_ Coke | Z1: 液化石油气_x000D_ Liquefied_x000D_ Petroleum Gas | AA1: 炼厂干气_x000D_ Refinery_x000D_ Gas | AB1: 其他石油制品_x000D_ Other_x000D_ Petroleum_x000D_ Products | AC1: 天然气_x000D_ Natural Gas | AD1: 液化天然气_x000D_ Liquefied_x000D_ Natural Gas | AE1: 热力_x000D_ Heat | AF1: 电力_x000D_ Electricity | AG1: 其他能源_x000D_ Other_x000D_ Energy
A2: 工业 | B2: =SUM(B3:B43) -> 0 | C2: =SUM(C3:C43) -> 1 | D2: =SUM(D3:D43) -> 1 | E2: =SUM(E3:E43) -> 1 | F2: =SUM(F3:F43) -> 1 | G2: =SUM(G3:G43) -> 1 | H2: =SUM(H3:H43) -> 1 | I2: =SUM(I3:I43) -> 1 | ... AG2: =SUM(AG3:AG43) -> 1
A3: 煤炭开采和洗选业 | C3: 0 | D3: 0 | E3: 0 | F3: 0 | G3: 0 | H3: 0 | I3: 0 | J3: 0 | K3: 0 | L3: 0 | M3: 0 | O3: 0 | P3: 0 | Q3: 0 | R3: 0 | S3: 0 | T3: 0 | U3: 0 | V3: 0 | W3: 0 | X3: 0 | Y3: 0 | Z3: 0 | AA3: 0 | AB3: 0 | AC3: 0 | AD3: 0 | AE3: 0 | AF3: 0 | AG3: 0
A4: 石油和天然气开采业 | C4: 0 | D4: 0 | E4: 0 | F4: 0 | G4: 0 | H4: 0 | I4: 0 | J4: 0 | K4: 0 | L4: 0 | M4: 0 | O4: 0 | P4: 0 | Q4: 0 | R4: 0 | S4: 0 | T4: 0 | U4: 0 | V4: 0 | W4: 0 | X4: 0 | Y4: 0 | Z4: 0 | AA4: 0 | AB4: 0 | AC4: 0 | AD4: 0 | AE4: 0 | AF4: 0 | AG4: 0
A5: 黑色金属矿采选业 | C5: 0 | D5: 0 | E5: 0 | F5: 0 | G5: 0 | H5: 0 | I5: 0 | J5: 0 | K5: 0 | L5: 0 | M5: 0 | O5: 0 | P5: 0 | Q5: 0 | R5: 0 | S5: 0 | T5: 0 | U5: 0 | V5: 0 | W5: 0 | X5: 0 | Y5: 0 | Z5: 0 | AA5: 0 | AB5: 0 | AC5: 0 | AD5: 0 | AE5: 0 | AF5: 0 | AG5: 0
A6: 有色金属矿采选业 | C6: 0 | D6: 0 | E6: 0 | F6: 0 | G6: 0 | H6: 0 | I6: 0 | J6: 0 | K6: 0 | L6: 0 | M6: 0 | O6: 0 | P6: 0 | Q6: 0 | R6: 0 | S6: 0 | T6: 0 | U6: 0 | V6: 0 | W6: 0 | X6: 0 | Y6: 0 | Z6: 0 | AA6: 0 | AB6: 0 | AC6: 0 | AD6: 0 | AE6: 0 | AF6: 0 | AG6: 0
A7: 非金属矿采选业 | C7: 0 | D7: 0 | E7: 0 | F7: 0 | G7: 0 | H7: 0 | I7: 0 | J7: 0 | K7: 0 | L7: 0 | M7: 0 | O7: 0 | P7: 0 | Q7: 0 | R7: 0 | S7: 0 | T7: 0 | U7: 0 | V7: 0 | W7: 0 | X7: 0 | Y7: 0 | Z7: 0 | AA7: 0 | AB7: 0 | AC7: 0 | AD7: 0 | AE7: 0 | AF7: 0 | AG7: 0
A8: 开采专业及辅助性活动 | C8: 0 | D8: 0 | E8: 0 | F8: 0 | G8: 0 | H8: 0 | I8: 0 | J8: 0 | K8: 0 | L8: 0 | M8: 0 | O8: 0 | P8: 0 | Q8: 0 | R8: 0 | S8: 0 | T8: 0 | U8: 0 | V8: 0 | W8: 0 | X8: 0 | Y8: 0 | Z8: 0 | AA8: 0 | AB8: 0 | AC8: 0 | AD8: 0 | AE8: 0 | AF8: 0 | AG8: 0
A9: 其他采矿业 | C9: 0 | D9: 0 | E9: 0 | F9: 0 | G9: 0 | H9: 0 | I9: 0 | J9: 0 | K9: 0 | L9: 0 | M9: 0 | O9: 0 | P9: 0 | Q9: 0 | R9: 0 | S9: 0 | T9: 0 | U9: 0 | V9: 0 | W9: 0 | X9: 0 | Y9: 0 | Z9: 0 | AA9: 0 | AB9: 0 | AC9: 0 | AD9: 0 | AE9: 0 | AF9: 0 | AG9: 0
A10: 农副食品加工业 | C10: 0 | D10: 0 | E10: 0 | F10: 0 | G10: 0 | H10: 0 | I10: 0 | J10: 0 | K10: 0 | L10: 0 | M10: 0 | O10: 0 | P10: 0 | Q10: 0 | R10: 0 | S10: 0 | T10: 0 | U10: 0 | V10: 0 | W10: 0 | X10: 0 | Y10: 0 | Z10: 0 | AA10: 0 | AB10: 0 | AC10: 0 | AD10: 0 | AE10: 0 | AF10: 0 | AG10: =AE65 -> 0.54200622
A11: 食品制造业 | C11: 0 | D11: 0 | E11: 0 | F11: 0 | G11: 0 | H11: 0 | I11: 0 | J11: 0 | K11: 0 | L11: 0 | M11: 0 | O11: 0 | P11: 0 | Q11: 0 | R11: 0 | S11: 0 | T11: 0 | U11: 0 | V11: =V55 -> 0.0016063335 | W11: 0 | X11: 0 | Y11: 0 | Z11: 0 | AA11: 0 | AB11: 0 | AC11: 0 | AD11: 0 | AE11: 0 | AF11: 0 | AG11: 0
A12: 酒、饮料和精制茶制造业 | C12: 0 | D12: 0 | E12: 0 | F12: 0 | G12: 0 | H12: 0 | I12: 0 | J12: 0 | K12: 0 | L12: 0 | M12: 0 | O12: 0 | P12: 0 | Q12: 0 | R12: 0 | S12: 0 | T12: 0 | U12: 0 | V12: 0 | W12: 0 | X12: 0 | Y12: 0 | Z12: 0 | AA12: 0 | AB12: 0 | AC12: 0 | AD12: 0 | AE12: 0 | AF12: 0 | AG12: 0
A13: 烟草制品业 | C13: 0 | D13: 0 | E13: 0 | F13: 0 | G13: 0 | H13: 0 | I13: 0 | J13: 0 | K13: 0 | L13: 0 | M13: 0 | O13: 0 | P13: 0 | Q13: 0 | R13: 0 | S13: 0 | T13: 0 | U13: 0 | V13: 0 | W13: 0 | X13: 0 | Y13: 0 | Z13: 0 | AA13: 0 | AB13: 0 | AC13: 0 | AD13: 0 | AE13: 0 | AF13: 0 | AG13: 0
A14: 纺织业 | C14: 0 | D14: 0 | E14: 0 | F14: 0 | G14: 0 | H14: 0 | I14: 0 | J14: 0 | K14: 0 | L14: 0 | M14: 0 | O14: 0 | P14: 0 | Q14: 0 | R14: 0 | S14: 0 | T14: 0 | U14: 0 | V14: 0 | W14: 0 | X14: 0 | Y14: 0 | Z14: 0 | AA14: 0 | AB14: 0 | AC14: 0 | AD14: 0 | AE14: 0 | AF14: 0 | AG14: 0
A15: 纺织服装、服饰业 | C15: 0 | D15: 0 | E15: 0 | F15: 0 | G15: 0 | H15: 0 | I15: 0 | J15: 0 | K15: 0 | L15: 0 | M15: 0 | O15: 0 | P15: 0 | Q15: 0 | R15: 0 | S15: 0 | T15: 0 | U15: 0 | V15: 0 | W15: 0 | X15: 0 | Y15: 0 | Z15: 0 | AA15: 0 | AB15: 0 | AC15: 0 | AD15: 0 | AE15: 0 | AF15: 0 | AG15: 0
A16: 皮革、毛皮、羽毛及其制品和制鞋业 | C16: 0 | D16: 0 | E16: 0 | F16: 0 | G16: 0 | H16: 0 | I16: 0 | J16: 0 | K16: 0 | L16: 0 | M16: 0 | O16: 0 | P16: 0 | Q16: 0 | R16: 0 | S16: 0 | T16: 0 | U16: 0 | V16: 0 | W16: 0 | X16: 0 | Y16: 0 | Z16: 0 | AA16: 0 | AB16: 0 | AC16: 0 | AD16: 0 | AE16: 0 | AF16: 0 | AG16: 0
A17: 木材加工和木、竹、藤、棕、草制品业 | C17: 0 | D17: 0 | E17: 0 | F17: 0 | G17: 0 | H17: 0 | I17: 0 | J17: 0 | K17: 0 | L17: 0 | M17: 0 | O17: 0 | P17: 0 | Q17: 0 | R17: 0 | S17: 0 | T17: 0 | U17: 0 | V17: =V56 -> 0.0067121795 | W17: 0 | X17: 0 | Y17: 0 | Z17: 0 | AA17: 0 | AB17: 0 | AC17: 0 | AD17: 0 | AE17: 0 | AF17: 0 | AG17: 0
A18: 家具制造业 | C18: 0 | D18: 0 | E18: 0 | F18: 0 | G18: 0 | H18: 0 | I18: 0 | J18: 0 | K18: 0 | L18: 0 | M18: 0 | O18: 0 | P18: 0 | Q18: 0 | R18: 0 | S18: 0 | T18: 0 | U18: 0 | V18: 0 | W18: 0 | X18: 0 | Y18: 0 | Z18: 0 | AA18: 0 | AB18: 0 | AC18: 0 | AD18: 0 | AE18: 0 | AF18: 0 | AG18: 0
A19: 造纸和纸制品业 | C19: 0 | D19: 0 | E19: 0 | F19: 0 | G19: 0 | H19: 0 | I19: 0 | J19: 0 | K19: 0 | L19: 0 | M19: 0 | O19: 0 | P19: 0 | Q19: 0 | R19: 0 | S19: 0 | T19: 0 | U19: 0 | V19: 0 | W19: 0 | X19: 0 | Y19: 0 | Z19: 0 | AA19: 0 | AB19: 0 | AC19: 0 | AD19: 0 | AE19: 0 | AF19: 0 | AG19: 0
A20: 印刷和记录媒介复制业 | C20: 0 | D20: 0 | E20: 0 | F20: 0 | G20: 0 | H20: 0 | I20: 0 | J20: 0 | K20: 0 | L20: 0 | M20: 0 | O20: 0 | P20: 0 | Q20: 0 | R20: 0 | S20: 0 | T20: 0 | U20: 0 | V20: 0 | W20: 0 | X20: 0 | Y20: 0 | Z20: 0 | AA20: 0 | AB20: 0 | AC20: 0 | AD20: 0 | AE20: 0 | AF20: 0 | AG20: 0
A21: 文教、工美、体育和娱乐用品制造业 | C21: 0 | D21: 0 | E21: 0 | F21: 0 | G21: 0 | H21: 0 | I21: 0 | J21: 0 | K21: 0 | L21: 0 | M21: 0 | O21: 0 | P21: 0 | Q21: 0 | R21: 0 | S21: 0 | T21: 0 | U21: 0 | V21: =V57 -> 0.0020939705 | W21: 0 | X21: 0 | Y21: 0 | Z21: 0 | AA21: 0 | AB21: 0 | AC21: 0 | AD21: 0 | AE21: 0 | AF21: 0 | AG21: 0
A22: 石油、煤炭及其他燃料加工业 | C22: =C59 -> 0.060786003 | D22: =B65 -> 1 | E22: =C69 -> 0.11249163 | F22: =C69 -> 0.11249163 | G22: =C69 -> 0.11249163 | H22: 0 | I22: 0 | J22: 0 | K22: 0 | L22: 0 | M22: =C88 -> 0.13081331 | O22: 0 | P22: =L60 -> 0.061852619 | Q22: 0 | R22: =L71 -> 0 | S22: =L75 -> 0.38343137 | T22: =L78 -> 0.24832161 | U22: =L83 -> 0.93502706 | V22: 0 | W22: =V63 -> 0.068055983 | X22: =V70 -> 0.019636252 | Y22: 0 | Z22: =V79 -> 0.49962239 | AA22: =U84 -> 1 | AB22: =V88 -> 0.75957984 | AC22: 0 | AD22: 0 | AE22: 0 | AF22: 0 | AG22: =AE62 -> 0.015074762
A23: 化学原料和化学制品制造业 | C23: =C60 -> 0.50551483 | D23: 0 | E23: 0 | F23: 0 | G23: 0 | H23: =C77 -> 0.091554768 | I23: =B83 -> 1 | J23: =B83 -> 1 | K23: =B83 -> 1 | L23: =B83 -> 1 | M23: =C89 -> 0.57067781 | O23: =K54 -> 1 | P23: =L59 -> 0.52648713 | Q23: =L64 -> 0.37051793 | R23: =K70 -> 1 | S23: =L74 -> 0.61656863 | T23: =L79 -> 0.75167839 | U23: 0 | V23: =V58 -> 0.98947278 | W23: =V64 -> 0.93017533 | X23: =V68 -> 0.006134402 | Y23: =W68 -> 0 | Z23: =V80 -> 0.50037761 | AA23: 0 | AB23: =V89 -> 0.24042016 | AC23: =AD53 -> 1 | AD23: =AD57 -> 1 | AE23: 0 | AF23: 0 | AG23: =AE63 -> 0.22257299
A24: 医药制造业 | C24: 0 | D24: 0 | E24: 0 | F24: 0 | G24: 0 | H24: 0 | I24: 0 | J24: 0 | K24: 0 | L24: 0 | M24: 0 | O24: 0 | P24: 0 | Q24: 0 | R24: 0 | S24: 0 | T24: 0 | U24: 0 | V24: =V59 -> 0.00011473811 | W24: =W59 -> 0 | X24: 0 | Y24: 0 | Z24: 0 | AA24: 0 | AB24: 0 | AC24: 0 | AD24: 0 | AE24: 0 | AF24: 0 | AG24: 0
A25: 化学纤维制造业 | C25: 0 | D25: 0 | E25: 0 | F25: 0 | G25: 0 | H25: 0 | I25: 0 | J25: 0 | K25: 0 | L25: 0 | M25: 0 | O25: 0 | P25: 0 | Q25: 0 | R25: 0 | S25: 0 | T25: 0 | U25: 0 | V25: 0 | W25: 0 | X25: 0 | Y25: 0 | Z25: 0 | AA25: 0 | AB25: 0 | AC25: 0 | AD25: 0 | AE25: 0 | AF25: 0 | AG25: 0
A26: 橡胶和塑料制品业 | C26: 0 | D26: 0 | E26: 0 | F26: 0 | G26: 0 | H26: 0 | I26: 0 | J26: 0 | K26: 0 | L26: 0 | M26: 0 | O26: 0 | P26: =L58 -> 0.41166025 | Q26: =L63 -> 0.16334661 | R26: 0 | S26: 0 | T26: 0 | U26: 0 | V26: 0 | W26: 0 | X26: 0 | Y26: 0 | Z26: 0 | AA26: 0 | AB26: 0 | AC26: 0 | AD26: 0 | AE26: 0 | AF26: 0 | AG26: 0
A27: 非金属矿物制品业 | C27: 0 | D27: 0 | E27: =C70 -> 0.82205214 | F27: =C70 -> 0.82205214 | G27: =C70 -> 0.82205214 | H27: 0 | I27: 0 | J27: 0 | K27: 0 | L27: 0 | M27: =C90 -> 0.020324817 | O27: 0 | P27: 0 | Q27: 0 | R27: 0 | S27: 0 | T27: 0 | U27: 0 | V27: 0 | W27: =V65 -> 0.0017686866 | X27: =V69 -> 0.97422935 | Y27: =V74 -> 0.90323942 | Z27: 0 | AA27: 0 | AB27: 0 | AC27: 0 | AD27: 0 | AE27: 0 | AF27: 0 | AG27: =AE64 -> 0.22034603
A28: 黑色金属冶炼和压延加工业 | C28: =C61 -> 0.43369916 | D28: 0 | E28: =C71 -> 0.065456223 | F28: =C71 -> 0.065456223 | G28: =C71 -> 0.065456223 | H28: =C78 -> 0.90844523 | I28: 0 | J28: 0 | K28: 0 | L28: 0 | M28: =C91 -> 0.27818406 | O28: 0 | P28: 0 | Q28: 0 | R28: 0 | S28: 0 | T28: 0 | U28: 0 | V28: 0 | W28: 0 | X28: 0 | Y28: 0 | Z28: 0 | AA28: 0 | AB28: 0 | AC28: 0 | AD28: 0 | AE28: 0 | AF28: 0 | AG28: 0
A29: 有色金属冶炼和压延加工业 | C29: 0 | D29: 0 | E29: 0 | F29: 0 | G29: 0 | H29: 0 | I29: 0 | J29: 0 | K29: 0 | L29: 0 | M29: 0 | O29: 0 | P29: 0 | Q29: 0 | R29: 0 | S29: 0 | T29: 0 | U29: 0 | V29: 0 | W29: 0 | X29: 0 | Y29: =V73 -> 0.096760583 | Z29: 0 | AA29: 0 | AB29: 0 | AC29: 0 | AD29: 0 | AE29: 0 | AF29: 0 | AG29: 0
A30: 金属制品业 | C30: 0 | D30: 0 | E30: 0 | F30: 0 | G30: 0 | H30: 0 | I30: 0 | J30: 0 | K30: 0 | L30: 0 | M30: 0 | O30: 0 | P30: 0 | Q30: 0 | R30: 0 | S30: 0 | T30: 0 | U30: 0 | V30: 0 | W30: 0 | X30: 0 | Y30: 0 | Z30: 0 | AA30: 0 | AB30: 0 | AC30: 0 | AD30: 0 | AE30: 0 | AF30: 0 | AG30: 0
A31: 通用设备制造业 | C31: 0 | D31: 0 | E31: 0 | F31: 0 | G31: 0 | H31: 0 | I31: 0 | J31: 0 | K31: 0 | L31: 0 | M31: 0 | O31: 0 | P31: 0 | Q31: =L65 -> 0.31606906 | R31: 0 | S31: 0 | T31: 0 | U31: =L84 -> 0.012387252 | V31: 0 | W31: 0 | X31: 0 | Y31: 0 | Z31: 0 | AA31: 0 | AB31: 0 | AC31: 0 | AD31: 0 | AE31: 0 | AF31: 0 | AG31: 0
A32: 专用设备制造业 | C32: 0 | D32: 0 | E32: 0 | F32: 0 | G32: 0 | H32: 0 | I32: 0 | J32: 0 | K32: 0 | L32: 0 | M32: 0 | O32: 0 | P32: 0 | Q32: =L66 -> 0.1500664 | R32: 0 | S32: 0 | T32: 0 | U32: =L85 -> 0.012266987 | V32: 0 | W32: 0 | X32: 0 | Y32: 0 | Z32: 0 | AA32: 0 | AB32: 0 | AC32: 0 | AD32: 0 | AE32: 0 | AF32: 0 | AG32: 0
A33: 汽车制造业 | C33: 0 | D33: 0 | E33: 0 | F33: 0 | G33: 0 | H33: 0 | I33: 0 | J33: 0 | K33: 0 | L33: 0 | M33: 0 | O33: 0 | P33: 0 | Q33: 0 | R33: 0 | S33: 0 | T33: 0 | U33: =L86 -> 0.039326518 | V33: 0 | W33: 0 | X33: 0 | Y33: 0 | Z33: 0 | AA33: 0 | AB33: 0 | AC33: 0 | AD33: 0 | AE33: 0 | AF33: 0 | AG33: 0
A34: 铁路、船舶、航空航天和其他运输设备制造业 | C34: 0 | D34: 0 | E34: 0 | F34: 0 | G34: 0 | H34: 0 | I34: 0 | J34: 0 | K34: 0 | L34: 0 | M34: 0 | O34: 0 | P34: 0 | Q34: 0 | R34: 0 | S34: 0 | T34: 0 | U34: =L87 -> 0.0009921828 | V34: 0 | W34: 0 | X34: 0 | Y34: 0 | Z34: 0 | AA34: 0 | AB34: 0 | AC34: 0 | AD34: 0 | AE34: 0 | AF34: 0 | AG34: 0
A35: 电气机械和器材制造业 | C35: 0 | D35: 0 | E35: 0 | F35: 0 | G35: 0 | H35: 0 | I35: 0 | J35: 0 | K35: 0 | L35: 0 | M35: 0 | O35: 0 | P35: 0 | Q35: 0 | R35: 0 | S35: 0 | T35: 0 | U35: 0 | V35: 0 | W35: 0 | X35: 0 | Y35: 0 | Z35: 0 | AA35: 0 | AB35: 0 | AC35: 0 | AD35: 0 | AE35: 0 | AF35: 0 | AG35: 0
A36: 计算机、通信和其他电子设备制造业 | C36: 0 | D36: 0 | E36: 0 | F36: 0 | G36: 0 | H36: 0 | I36: 0 | J36: 0 | K36: 0 | L36: 0 | M36: 0 | O36: 0 | P36: 0 | Q36: 0 | R36: 0 | S36: 0 | T36: 0 | U36: 0 | V36: 0 | W36: 0 | X36: 0 | Y36: 0 | Z36: 0 | AA36: 0 | AB36: 0 | AC36: 0 | AD36: 0 | AE36: 0 | AF36: 0 | AG36: 0
A37: 仪器仪表制造业 | C37: 0 | D37: 0 | E37: 0 | F37: 0 | G37: 0 | H37: 0 | I37: 0 | J37: 0 | K37: 0 | L37: 0 | M37: 0 | O37: 0 | P37: 0 | Q37: 0 | R37: 0 | S37: 0 | T37: 0 | U37: 0 | V37: 0 | W37: 0 | X37: 0 | Y37: 0 | Z37: 0 | AA37: 0 | AB37: 0 | AC37: 0 | AD37: 0 | AE37: 0 | AF37: 0 | AG37: 0
A38: 其他制造业 | C38: 0 | D38: 0 | E38: 0 | F38: 0 | G38: 0 | H38: 0 | I38: 0 | J38: 0 | K38: 0 | L38: 0 | M38: 0 | O38: 0 | P38: 0 | Q38: 0 | R38: 0 | S38: 0 | T38: 0 | U38: 0 | V38: 0 | W38: 0 | X38: 0 | Y38: 0 | Z38: 0 | AA38: 0 | AB38: 0 | AC38: 0 | AD38: 0 | AE38: 0 | AF38: 0 | AG38: 0
A39: 废弃资源综合利用业 | C39: 0 | D39: 0 | E39: 0 | F39: 0 | G39: 0 | H39: 0 | I39: 0 | J39: 0 | K39: 0 | L39: 0 | M39: 0 | O39: 0 | P39: 0 | Q39: 0 | R39: 0 | S39: 0 | T39: 0 | U39: 0 | V39: 0 | W39: 0 | X39: 0 | Y39: 0 | Z39: 0 | AA39: 0 | AB39: 0 | AC39: 0 | AD39: 0 | AE39: 0 | AF39: 0 | AG39: 0
A40: 金属制品、机械和设备修理业 | C40: 0 | D40: 0 | E40: 0 | F40: 0 | G40: 0 | H40: 0 | I40: 0 | J40: 0 | K40: 0 | L40: 0 | M40: 0 | O40: 0 | P40: 0 | Q40: 0 | R40: 0 | S40: 0 | T40: 0 | U40: 0 | V40: 0 | W40: 0 | X40: 0 | Y40: 0 | Z40: 0 | AA40: 0 | AB40: 0 | AC40: 0 | AD40: 0 | AE40: 0 | AF40: 0 | AG40: 0
A41: 电力、热力生产和供应业 | C41: 0 | D41: 0 | E41: 0 | F41: 0 | G41: 0 | H41: 0 | I41: 0 | J41: 0 | K41: 0 | L41: 0 | M41: 0 | O41: 0 | P41: 0 | Q41: 0 | R41: 0 | S41: 0 | T41: 0 | U41: 0 | V41: 0 | W41: 0 | X41: 0 | Y41: 0 | Z41: 0 | AA41: 0 | AB41: 0 | AC41: 0 | AD41: 0 | AE41: 0 | AF41: 0 | AG41: 0
A42: 燃气生产和供应业 | C42: 0 | D42: 0 | E42: 0 | F42: 0 | G42: 0 | H42: 0 | I42: 0 | J42: 0 | K42: 0 | L42: 0 | M42: 0 | O42: 0 | P42: 0 | Q42: 0 | R42: 0 | S42: 0 | T42: 0 | U42: 0 | V42: 0 | W42: 0 | X42: 0 | Y42: 0 | Z42: 0 | AA42: 0 | AB42: 0 | AC42: 0 | AD42: 0 | AE42: 0 | AF42: 0 | AG42: 0
A43: 水的生产和供应业 | C43: 0 | D43: 0 | E43: 0 | F43: 0 | G43: 0 | H43: 0 | I43: 0 | J43: 0 | K43: 0 | L43: 0 | M43: 0 | O43: 0 | P43: 0 | Q43: 0 | R43: 0 | S43: 0 | T43: 0 | U43: 0 | V43: 0 | W43: 0 | X43: 0 | Y43: 0 | Z43: 0 | AA43: 0 | AB43: 0 | AC43: 0 | AD43: 0 | AE43: 0 | AF43: 0 | AG43: 0
A49: 各燃料用作工业原料的拆分原则
A51: 原煤：煤炭作为原料主要用于炼焦和气化。 | H51: 原油：主要用作燃料和炼制其他油品。2020-2022能源年鉴中原油都没有作为原料使用。 | R51: 石蜡：石蜡分食品级和工业级。工业级石蜡主要用于制造蜡烛等化工品。 | AA51: 天然气：作为化工原料，生产丙烷、丁烷、合成氨等化工原料。生产氮肥。
A52: 煤化工产业链 | H52: 若有，可将其全部划分为化工行业。 | R52: 还可以用于制造某些文化用品（如蜡纸、蜡笔、蜡烛、复写纸）和木制品防蛀。 | AD52: 原料分配
A53: 1.煤焦化，制焦炭，煤焦油，焦煤气，对应炼焦环节的原煤与洗精煤消费 | K53: 原料分配 | R53: 食品级石蜡可用于食品制造、口服药制造。 | AA53: 化学原料和化学制品制造业 | AD53: 1
A54: 2.煤气化：煤炭-合成气-制合成氨，水煤气，甲醇，属于石油，煤炭及其他燃料加工业 | H54: 化学原料和化学制品制造业 | K54: 1 | U54: 2019终端能源消费量 | V54: 原料分配
A55: 3.煤液化：直接液化制造甲醇，烯烃和汽油等液体燃料，属于石油，煤炭及其他燃料加工业 | R55: 食品制造业 | U55: ='Final Energy Consumption-2019'!W11 -> 0.56 | V55: =U55/SUM(U55:U59) -> 0.0016063335 | AA55: 液化天然气：同天然气。
A56: 基于工业企业数据库，甲醇生产主要分布于有机化学原料制造业，和专化学用品制造， | H56: 汽油：作为原料使用主要是溶剂汽油。用于橡胶行业、油漆、油脂、染料(化学原料和化学制品业)， | R56: 木材加工和木、竹、藤、棕、草制品业 /家具制造业 | U56: ='Final Energy Consumption-2019'!W17 -> 2.34 | V56: =U56/SUM(U55:U59) -> 0.0067121795 | AD56: 原料分配
A57: 以及炼焦及氮肥制造业的副产品，固按照行业煤炭使用量分配原煤和型煤的非燃料使用 | K57: 2019终端能源消费量 | L57: 原料分配 | R57: 文教、工美、体育和娱乐用品制造业 | U57: ='Final Energy Consumption-2019'!W21 -> 0.73 | V57: =U57/SUM(U55:U59) -> 0.0020939705 | AA57: 化学原料和化学制品制造业 | AD57: 1
B58: 2019终端能源消费量 | C58: 原料分配 | H58: 橡胶和塑料制品业 | K58: ='Final Energy Consumption-2019'!Q26 -> 13.91 | L58: =K58/SUM(K58:K60) -> 0.41166025 | R58: 化学原料和化学制品制造业 | U58: ='Final Energy Consumption-2019'!W23 -> 344.95 | V58: =U58/SUM(U55:U59) -> 0.98947278
A59: 石油、煤炭及其他燃料加工业 | B59: ='Final Energy Consumption-2019'!E22 -> 1066.35 | C59: =B59/(B59+B60+B61) -> 0.060786003 | H59: 化学原料和化学制品制造业 | K59: ='Final Energy Consumption-2019'!Q23 -> 17.79 | L59: =K59/SUM(K58:K60) -> 0.52648713 | R59: 医药制造业 | U59: ='Final Energy Consumption-2019'!W24 -> 0.04 | V59: =U59/SUM(U55:U59) -> 0.00011473811 | AA59: 其他能源：包括城市垃圾、工业废料、生物质废料等
A60: 化学原料和化学制品制造业 | B60: ='Final Energy Consumption-2019'!E23 -> 8868.09 | C60: =B60/(B59+B60+B61) -> 0.50551483 | H60: 石油、煤炭及其他燃料加工业 | K60: ='Final Energy Consumption-2019'!Q22 -> 2.09 | L60: =K60/SUM(K58:K60) -> 0.061852619 | AA60: 城市垃圾、工业废料可以作为生态水泥的原料。
A61: 黑色金属冶炼和压延加工业 | B61: ='Final Energy Consumption-2019'!E28 -> 7608.25 | C61: =B61/SUM(B59:B61) -> 0.43369916 | H61: 煤油：作为原料使用主要用于器械零部件的洗涤剂、橡胶和制药工业的溶剂、有机化工的裂解原料 | R61: 溶剂油：主要用作化工原料 | AD61: 2019终端能源消费量 | AE61: 原料分配
K62: 2022终端用能 | L62: 原料分配 | U62: 2019终端能源消费量 | V62: 原料分配 | AA62: 石油、煤炭及其他燃料加工业 | AD62: ='Final Energy Consumption-2019'!AH22 -> 6.16 | AE62: =AD62/SUM(AD62:AD65) -> 0.015074762
A63: 洗精煤：洗精煤作为原料主要用于炼焦。 | H63: 橡胶和塑料制品业 | K63: ='Final Energy Consumption-2019'!R27 -> 1.23 | L63: =K63/SUM(K63:K66) -> 0.16334661 | R63: 石油、煤炭及其他燃料加工业 | U63: ='Final Energy Consumption-2019'!X22 -> 8.85 | V63: =U63/SUM(U63:U65) -> 0.068055983 | AA63: 化学原料和化学制品制造业 | AD63: ='Final Energy Consumption-2019'!AH23 -> 90.95 | AE63: =AD63/SUM(AD62:AD65) -> 0.22257299
B64: 原料分配 | H64: 化学原料和化学制品制造业 | K64: ='Final Energy Consumption-2019'!R23 -> 2.79 | L64: =K64/SUM(K63:K66) -> 0.37051793 | R64: 化学原料和化学制品制造业 | U64: ='Final Energy Consumption-2019'!X23 -> 120.96 | V64: =U64/SUM(U63:U65) -> 0.93017533 | AA64: 非金属矿物制品 | AD64: ='Final Energy Consumption-2019'!AH27 -> 90.04 | AE64: =AD64/SUM(AD62:AD65) -> 0.22034603
A65: 石油、煤炭及其他燃料加工业 | B65: 1 | H65: 通用设备制造业 | K65: ='Final Energy Consumption-2019'!R31 -> 2.38 | L65: =K65/SUM(K63:K66) -> 0.31606906 | R65: 非金属矿物制品业 | U65: ='Final Energy Consumption-2019'!X27 -> 0.23 | V65: =U65/SUM(U63:U65) -> 0.0017686866 | AA65: 农副食品加工业 | AD65: ='Final Energy Consumption-2019'!AH10 -> 221.48 | AE65: =AD65/SUM(AD62:AD65) -> 0.54200622
H66: 专用设备制造业 | K66: ='Final Energy Consumption-2019'!R32 -> 1.13 | L66: =K66/SUM(K63:K66) -> 0.1500664 | R66: 石油沥青：主要是生产沥青混合物用于道路铺设，生产涂料和防水材料。
A67: 其他洗煤：作为原料主要用于炼制土焦和水泥熟料的生产。 | U67: 2019终端能源消费量 | V67: 原料分配
B68: 2019终端能源消费量 | C68: 原料分配 | H68: 柴油：生物柴油可作为润滑剂、油漆和化妆品的工业原料。 | R68: 化学原料和化学制品制造业 | U68: ='Final Energy Consumption-2019'!Y23 -> 1.99 | V68: =U68/SUM(U68:U70) -> 0.006134402
A69: 石油、煤炭及其他燃料加工业 | B69: ='Final Energy Consumption-2019'!G22 -> 621.73 | C69: =B69/SUM(B69:B71) -> 0.11249163 | K69: 原料分配 | R69: 非金属矿物制品业 | U69: ='Final Energy Consumption-2019'!Y27 -> 316.04 | V69: =U69/SUM(U68:U70) -> 0.97422935
A70: 非金属矿物制品业 | B70: ='Final Energy Consumption-2019'!G27 -> 4543.4 | C70: =B70/SUM(B69:B71) -> 0.82205214 | H70: 化学原料和化学制品制造业 | K70: 1 | R70: 石油、煤炭及其他燃料加工业 | U70: ='Final Energy Consumption-2019'!Y22 -> 6.37 | V70: =U70/SUM(U68:U70) -> 0.019636252
A71: 黑色金属冶炼和压延加工业 | B71: ='Final Energy Consumption-2019'!G28 -> 361.77 | C71: =B71/SUM(B69:B71) -> 0.065456223 | R71: 石油焦的主要用途是电解铝所用的预焙阳极和阳极糊、碳素行业生产增炭剂、石墨电极、冶炼工业硅
H72: 燃料油：燃料油作为工业原料主要用于生产化肥。 | U72: 2019终端能源消费量 | V72: 原料分配
A73: 煤制品、煤矸石：同其他洗煤。 | K73: 2019终端能源消费量 | L73: 原料分配 | R73: 有色金属冶炼和压延业 | U73: ='Final Energy Consumption-2019'!Z29 -> 275.19 | V73: =U73/(U73+U74) -> 0.096760583
H74: 化学原料和化学制品制造业 | K74: ='Final Energy Consumption-2019'!T23 -> 62.89 | L74: =K74/SUM(K74:K75) -> 0.61656863 | R74: 非金属矿物制品业 | U74: ='Final Energy Consumption-2019'!Z27 -> 2568.84 | V74: =U74/SUM(U73:U74) -> 0.90323942
A75: 焦炭：作为原料主要用于冶金还原剂和化工原料。 | H75: 石油、煤炭及其他燃料加工业 | K75: ='Final Energy Consumption-2019'!T22 -> 39.11 | L75: =K75/SUM(K74:K75) -> 0.38343137
B76: 2019终端能源消费量 | C76: 原料分配 | H76: 石脑油：石脑油是裂解制取烯烃，催化重整苯、二甲苯、汽油的工业原料。也是制取化肥的原料。 | R76: 液化石油气：作为一种基本化工原料，液化石油气经过分离得到乙烯、丙烯、丁烯、丁二烯等，
A77: 化学原料和化学制品制造业 | B77: ='Final Energy Consumption-2019'!I23 -> 3842.3 | C77: =B77/SUM(B77:B78) -> 0.091554768 | K77: 2019终端能源消费量 | L77: 原料分配 | R77: 用来生产合成树脂、合成橡胶、合成纤维及生产医药、炸药、染料等产品。
A78: 黑色金属冶炼和压延加工业 | B78: ='Final Energy Consumption-2019'!I28 -> 38124.93 | C78: =B78/SUM(B77:B78) -> 0.90844523 | H78: 石油、煤炭及其他燃料加工业 | K78: ='Final Energy Consumption-2019'!U22 -> 2085.02 | L78: =K78/(K78+K79) -> 0.24832161 | U78: 2019终端能源消费量 | V78: 原料分配
H79: 化学原料和化学制品制造业 | K79: ='Final Energy Consumption-2019'!U23 -> 6311.43 | L79: =K79/SUM(K78:K79) -> 0.75167839 | R79: 石油、煤炭及其他燃料加工业 | U79: ='Final Energy Consumption-2019'!AA22 -> 1812.69 | V79: =U79/(U79+U80) -> 0.49962239
A80: 焦炉、高炉、转炉和其他煤气：作为原料主要用于化工原料。比如制取氢气、 | R80: 化学原料和化学制品制造业 | U80: ='Final Energy Consumption-2019'!AA23 -> 1815.43 | V80: =U80/SUM(U79:U80) -> 0.50037761
A81: 天然气、合成氨等。 | H81: 润滑油：润滑油可以用作能源化工、车用制造和设备制造。
B82: 原料分配 | K82: 2019终端能源消费量 | L82: 原料分配 | R82: 炼厂干气：化工原料。
A83: 化学原料和化学制品制造业 | B83: 1 | H83: 石油、煤炭及其他燃料加工业 | K83: ='Final Energy Consumption-2019'!V22 -> 310.99 | L83: =K83/SUM(K83:K87) -> 0.93502706 | U83: 原料分配
H84: 通用设备制造业 | K84: ='Final Energy Consumption-2019'!V31 -> 4.12 | L84: =K84/SUM(K83:K87) -> 0.012387252 | R84: 石油、煤炭及其他燃料加工业 | U84: 1
A85: 其他焦化产品：主要包括煤焦油、化学产品（如氨、粗苯等）。 | H85: 专用设备制造业 | K85: ='Final Energy Consumption-2019'!V32 -> 4.08 | L85: =K85/SUM(K83:K87) -> 0.012266987
A86: 作为原料主要用做化工原料。 | H86: 汽车制造业 | K86: ='Final Energy Consumption-2019'!V33 -> 13.08 | L86: =K86/SUM(K83:K87) -> 0.039326518 | R86: 其他石油制品：划分至煤化工和化工行业。
B87: 2019终端能源消费量 | C87: 原料分配 | H87: 铁路、船舶、航空航天和其他运输设备制造业 | K87: ='Final Energy Consumption-2019'!V34 -> 0.33 | L87: =K87/SUM(K83:K87) -> 0.0009921828 | U87: 2019终端能源消费量 | V87: 原料分配
A88: 石油、煤炭及其他燃料加工业 | B88: ='Final Energy Consumption-2019'!N22 -> 165.28 | C88: =B88/SUM($B$88:$B$91) -> 0.13081331 | R88: 石油、煤炭及其他燃料加工业 | U88: ='Final Energy Consumption-2019'!AC22 -> 6035.31 | V88: =U88/(U88+U89) -> 0.75957984
A89: 化学原料和化学制品制造业 | B89: ='Final Energy Consumption-2019'!N23 -> 721.04 | C89: =B89/SUM($B$88:$B$91) -> 0.57067781 | R89: 化学原料和化学制品制造业 | U89: ='Final Energy Consumption-2019'!AC23 -> 1910.28 | V89: =U89/SUM(U88:U89) -> 0.24042016
A90: 非金属矿物制品业 | B90: ='Final Energy Consumption-2019'!N27 -> 25.68 | C90: =B90/SUM($B$88:$B$91) -> 0.020324817
A91: 黑色金属冶炼和压延加工业 | B91: ='Final Energy Consumption-2019'!N28 -> 351.48 | C91: =B91/SUM($B$88:$B$91) -> 0.27818406

Sheet Final Energy Consumption-2020
A1: 4-2 工业分行业终端能源消费量(标准量)-2020 | AG1: 电力数据来自《电力工业统计资料汇编2020》
A2: 行 业 | B2: (发电煤耗_x000D_ 计算法)_x000D_ (Coal_x000D_ Equivalent_x000D_ C alculation) | C2: (电热当量_x000D_ 计算法)_x000D_ (Calorific_x000D_ Value_x000D_ C alculation) | D2: 煤合计_x000D_ Coal Total | E2: 原煤_x000D_ Raw Coal | F2: 洗精煤_x000D_ Cleaned_x000D_ Coal | G2: 其他洗煤_x000D_ Other_x000D_ Washed_x000D_ Coal | H2: 煤制品_x000D_ Briquettes | I2: 焦炭_x000D_ Coke | J2: 焦炉煤气_x000D_ Coke Oven_x000D_ Gas | K2: 高炉煤气_x000D_ Blast Furnace_x000D_ Gas | L2: 转炉煤气_x000D_ Converter_x000D_ Gas | M2: 其他煤气_x000D_ Other Gas | N2: 其他焦化产品_x000D_ Other_x000D_ Coking_x000D_ Products | O2: 油品合计_x000D_ Petroleum_x000D_ Products_x000D_ Total | P2: 原油_x000D_ Crude Oil | Q2: 汽油_x000D_ Gasoline | R2: 煤油_x000D_ Kerosene | S2: 柴油_x000D_ Diesel Oil | T2: 燃料油_x000D_ Fuel Oil | U2: 石脑油_x000D_ Naphtha | V2: 润滑油_x000D_ Lubricants | W2: 石蜡_x000D_ Paraffin_x000D_ Waxes | X2: 溶剂油_x000D_ White Spirit | Y2: 石油沥青_x000D_ Bitumen_x000D_ Asphalt | Z2: 石油焦_x000D_ Petroleum_x000D_ Coke | AA2: 液化石油气_x000D_ Liquefied_x000D_ Petroleum Gas | AB2: 炼厂干气_x000D_ Refinery_x000D_ Gas | AC2: 其他石油制品_x000D_ Other_x000D_ Petroleum_x000D_ Products | AD2: 天然气_x000D_ Natural Gas | AE2: 液化天然气_x000D_ Liquefied_x000D_ Natural Gas | AF2: 热力_x000D_ Heat | AG2: 电力_x000D_ (亿千瓦小时)_x000D_ Electricity_x000D_ (108 kW·h) | AH2: 其他能源_x000D_ Other Energy
A3: 煤炭开采和洗选业 | B3: 4621.67 | C3: 3030.46 | D3: 1240.31 | E3: 769.07 | G3: 468.72 | H3: =D3-SUM(E3:G3) -> 2.52 | I3: 4.77 | J3: 5.41 | K3: 0.5 | M3: 2.01 | N3: 0.66 | O3: 500.09 | P3: 0.12 | Q3: 4.74 | R3: 0.9 | S3: 214.81 | T3: 0.28 | U3: 213.9 | V3: 1.73 | Y3: 0.47 | AA3: 62.48 | AC3: 0.67 | AD3: 110.48 | AE3: 26.79 | AF3: 21.4 | AG3: 908.8095 | AH3: 1.13
A4: 石油和天然气开采业 | B4: 3593.39 | C4: 2782.16 | D4: 49.1 | E4: 49.1 | H4: =D4-SUM(E4:G4) -> 0 | O4: 437.32 | P4: 353.6 | Q4: 8.31 | S4: 36.43 | T4: 0.42 | V4: 0.01 | AA4: 0.17 | AB4: 16.7 | AC4: 21.69 | AD4: 1614.22 | AE4: 20.52 | AF4: 91.57 | AG4: 463.3245
A5: 黑色金属矿采选业 | B5: 1728.07 | C5: 944.66 | D5: 128.89 | E5: 121.31 | G5: 2.77 | H5: =D5-SUM(E5:G5) -> 4.81 | I5: 164.78 | J5: 15.8 | K5: 25.33 | L5: 0.28 | O5: 52.16 | Q5: 0.88 | R5: 0.01 | S5: 50.84 | T5: 0.01 | V5: 0.41 | AC5: 0.01 | AD5: 0.68 | AF5: 4.45 | AG5: 447.4405 | AH5: 2.39
A6: 有色金属矿采选业 | B6: 1089.22 | C6: 512.36 | D6: 53.54 | E6: 52.86 | G6: 0.68 | H6: =D6-SUM(E6:G6) -> 0 | I6: 3.54 | J6: 5.76 | O6: 27.94 | Q6: 1.57 | R6: 0.6 | S6: 24.14 | T6: 0.74 | V6: 0.05 | Y6: 0.52 | Z6: 0.33 | AD6: 10.63 | AF6: 0.01 | AG6: 329.4696 | AH6: 6.01
A7: 非金属矿采选业 | B7: 1104.47 | C7: 709.3 | D7: 212.27 | E7: 190.6 | G7: 18.16 | H7: =D7-SUM(E7:G7) -> 3.51 | I7: 14.31 | J7: 9.5 | L7: 3.32 | O7: 72.85 | Q7: 1.14 | R7: 0.02 | S7: 69.67 | T7: 0.05 | V7: 0.23 | Y7: 0.77 | Z7: 0.76 | AA7: 0.11 | AC7: 0.1 | AD7: 10.73 | AE7: 30.54 | AF7: 78.07 | AG7: 225.6995 | AH7: 0.33
A8: 开采专业及辅助性活动 | B8: 296.1 | C8: 244.39 | D8: 2.52 | E8: 2.52 | H8: =D8-SUM(E8:G8) -> 0 | O8: 158.23 | P8: 0.13 | Q8: 3.81 | S8: 153.24 | T8: 0.1 | V8: 0.62 | AA8: 0.11 | AC8: 0.23 | AD8: 37.89 | AE8: 0.88 | AF8: 8.56 | AG8: 0
A9: 其他采矿业 | B9: 488.4 | C9: 205.28 | D9: 6.21 | E9: 6.21 | H9: =D9-SUM(E9:G9) -> 0 | O9: 0.33 | S9: 0.33 | AG9: 161.7055
A10: 农副食品加工业 | B10: 3950.36 | C10: 2475.39 | D10: 527.85 | E10: 488.83 | G10: 36.48 | H10: =D10-SUM(E10:G10) -> 2.54 | I10: 13.6 | J10: 0.18 | M10: 0.24 | O10: 30.44 | Q10: 7.14 | R10: 0.05 | S10: 17.97 | T10: 1.33 | V10: 0.04 | W10: 0.02 | X10: 1.97 | AA10: 1.67 | AC10: 0.25 | AD10: 53.65 | AE10: 329.48 | AF10: 297.8 | AG10: 693.8324 | AH10: 186.82
A11: 食品制造业 | B11: 2092.87 | C11: 1507.92 | D11: 406.06 | E11: 400.57 | G11: 1.57 | H11: =D11-SUM(E11:G11) -> 3.92 | I11: 1.79 | O11: 16.73 | Q11: 5.42 | R11: 0.02 | S11: 7.3 | T11: 0.62 | V11: 0.01 | AA11: 2.07 | AC11: 1.29 | AD11: 176.97 | AE11: 157.22 | AF11: 299.93 | AG11: 411.1613 | AH11: 38.62
A12: 酒、饮料和精制茶制造业 | B12: 1192.16 | C12: 883.9 | D12: 254.33 | E12: 250.52 | G12: 2.69 | H12: =D12-SUM(E12:G12) -> 1.12 | I12: 0.01 | J12: 0.09 | L12: 0.01 | M12: 0.03 | N12: 0.01 | O12: 8.66 | Q12: 2.68 | S12: 4.21 | T12: 0.55 | V12: 0.02 | AA12: 1.2 | AC12: 0.01 | AD12: 127.28 | AE12: 61.12 | AF12: 200.84 | AG12: 149.265 | AH12: 15.13
A13: 烟草制品业 | B13: 179.81 | C13: 90.75 | D13: 3.09 | E13: 3.09 | H13: =D13-SUM(E13:G13) -> 0 | O13: 1 | Q13: 0.12 | S13: 0.81 | AA13: 0.06 | AD13: 14.58 | AF13: 7.33 | AG13: 37.1766 | AH13: 2.23
A14: 纺织业 | B14: 6939.37 | C14: 4049.75 | D14: 207.58 | E14: 174.82 | G14: 3.93 | H14: =D14-SUM(E14:G14) -> 28.83 | I14: 3.82 | O14: 17.34 | Q14: 4.81 | R14: 0.02 | S14: 5.54 | T14: 1.67 | V14: 0.15 | Y14: 2.06 | AA14: 2.34 | AC14: 0.75 | AD14: 202.85 | AE14: 444.87 | AF14: 1092.9 | AG14: 1546.1442 | AH14: 52.08
A15: 纺织服装、服饰业 | B15: 851.69 | C15: 466.07 | D15: 22.05 | E15: 21.84 | G15: 0.16 | H15: =D15-SUM(E15:G15) -> 0.05 | I15: 0.04 | O15: 8.19 | Q15: 4.25 | S15: 3.15 | T15: 0.36 | V15: 0.03 | AA15: 0.35 | AC15: 0.04 | AD15: 12.87 | AE15: 135.03 | AF15: 10.96 | AG15: 326.2436 | AH15: 6.26
A16: 皮革、毛皮、羽毛及其制品和制鞋业 | B16: 489.29 | C16: 242.49 | D16: 13.1 | E16: 11.82 | G16: 0.01 | H16: =D16-SUM(E16:G16) -> 1.27 | K16: 0.09 | O16: 4.63 | Q16: 2.3 | S16: 1.46 | T16: 0.2 | V16: 0.06 | X16: 0.15 | AA16: 0.35 | AC16: 0.1 | AD16: 1.43 | AE16: 35.96 | AF16: 6.3 | AG16: 200.0444 | AH16: 7.75
A17: 木材加工和木、竹、藤、棕、草制品业 | B17: 1027.01 | C17: 529.8 | D17: 25.64 | E17: 25.36 | G17: 0.28 | H17: =D17-SUM(E17:G17) -> 0 | I17: 0.01 | O17: 10.51 | Q17: 1.86 | S17: 5.65 | T17: 0.19 | V17: 0.09 | W17: 2.3 | AA17: 0.41 | AD17: 35.89 | AE17: 4.03 | AF17: 23.67 | AG17: 356.0435 | AH17: 81.03
A18: 家具制造业 | B18: 394.02 | C18: 182.62 | D18: 1.4 | E18: 1.29 | G18: 0.1 | H18: =D18-SUM(E18:G18) -> 0.01 | I18: 0.06 | O18: 5.67 | Q18: 2.4 | R18: 0.02 | S18: 2.75 | T18: 0.08 | V18: 0.11 | AA18: 0.31 | AD18: 17.44 | AE18: 3.92 | AF18: 2.6 | AG18: 169.9242 | AH18: 3.13
A19: 造纸和纸制品业 | B19: 3887.64 | C19: 2490 | D19: 369.4 | E19: 328.83 | G19: 23.4 | H19: =D19-SUM(E19:G19) -> 17.17 | I19: 7.7 | J19: 0.42 | O19: 22.87 | P19: 0.04 | Q19: 2.4 | S19: 13.44 | T19: 3.88 | V19: 0.12 | W19: 0.05 | X19: 0.38 | AA19: 2.43 | AC19: 0.12 | AD19: 65.25 | AE19: 205.88 | AF19: 774.59 | AG19: 798.2513 | AH19: 62.84
A20: 印刷和记录媒介复制业 | B20: 501.23 | C20: 269.18 | D20: 9.52 | E20: 9.02 | G20: 0.17 | H20: =D20-SUM(E20:G20) -> 0.33 | I20: 0.02 | J20: 2.28 | O20: 10.03 | Q20: 4.17 | R20: 0.01 | S20: 4.54 | T20: 0.23 | V20: 0.08 | X20: 0.04 | AA20: 0.71 | AC20: 0.25 | AD20: 45.56 | AE20: 14.49 | AF20: 17.09 | AG20: 132.5307 | AH20: 7.32
A21: 文教、工美、体育和娱乐用品制造业 | B21: 500.92 | C21: 352.01 | D21: 7.63 | E21: 7.34 | H21: =D21-SUM(E21:G21) -> 0.29 | I21: 0.43 | O21: 20.15 | Q21: 3.03 | S21: 2.88 | T21: 0.39 | V21: 0.03 | W21: 0.69 | X21: 0.08 | Z21: 11.63 | AA21: 1.21 | AC21: 0.19 | AD21: 41.31 | AE21: 168.98 | AF21: 3.67 | AG21: 154.0847 | AH21: 5.31
A22: 石油、煤炭及其他燃料加工业 | B22: 26515.09 | C22: 24268.19 | D22: 1208.77 | E22: 793.44 | G22: 391.48 | H22: =D22-SUM(E22:G22) -> 23.85 | I22: 54.9 | J22: 1124.43 | K22: 128.8 | L22: 7.82 | M22: 4.59 | N22: 105.17 | O22: 16377.38 | P22: 74.64 | Q22: 1.76 | R22: 0.04 | S22: 17.08 | T22: 166.66 | U22: 1942.97 | V22: 341.29 | W22: 0.02 | X22: 1.54 | Y22: 10.32 | Z22: 230.53 | AA22: 2605.08 | AB22: 2609.06 | AC22: 8376.38 | AD22: 350.23 | AE22: 1010.49 | AF22: 2266.33 | AG22: 1357.828 | AH22: 52.1
A23: 化学原料和化学制品制造业 | B23: 55001.55 | C23: 44879.46 | D23: 9309.45 | E23: 9064.65 | G23: 124.04 | H23: =D23-SUM(E23:G23) -> 120.76 | I23: 3943.83 | J23: 516.65 | K23: 12.11 | L23: 23.29 | M23: 23.88 | N23: 629.69 | O23: 11992.61 | P23: 168.9 | Q23: 12.93 | R23: 2.95 | S23: 37.14 | T23: 42.54 | U23: 7111.11 | V23: 1.68 | W23: 263.44 | X23: 58.17 | Y23: 51.17 | Z23: 89.14 | AA23: 1440.52 | AB23: 299.23 | AC23: 2413.68 | AD23: 2382.17 | AE23: 3020.82 | AF23: 5687.64 | AG23: 4783.9282 | AH23: 232.29
A24: 医药制造业 | B24: 2244.73 | C24: 1491.05 | D24: 300.49 | E24: 292.51 | G24: 1.8 | H24: =D24-SUM(E24:G24) -> 6.18 | I24: 3.36 | J24: 0.86 | M24: 0.03 | N24: 0.01 | O24: 14.35 | Q24: 4.38 | R24: 0.01 | S24: 5.47 | T24: 2.15 | V24: 0.01 | W24: 0.04 | X24: 0.5 | AA24: 0.79 | AC24: 1.01 | AD24: 101.95 | AE24: 144.22 | AF24: 376.85 | AG24: 430.4539 | AH24: 19.9
A25: 化学纤维制造业 | B25: 2349.36 | C25: 1560.82 | D25: 378.47 | E25: 269.4 | G25: 2.31 | H25: =D25-SUM(E25:G25) -> 106.76 | I25: 0.06 | O25: 3.49 | Q25: 0.55 | R25: 0.02 | S25: 1.62 | T25: 0.9 | V25: 0.06 | X25: 0.13 | AA25: 0.15 | AC25: 0.07 | AD25: 28.91 | AE25: 204.1 | AF25: 377.49 | AG25: 406.8015 | AH25: 14.79
A26: 橡胶和塑料制品业 | B26: 4978.63 | C26: 2385.99 | D26: 157.25 | E26: 143.67 | G26: 1.02 | H26: =D26-SUM(E26:G26) -> 12.56 | I26: 1.92 | J26: 4.04 | N26: 2.96 | O26: 38.55 | P26: 0.06 | Q26: 8.71 | R26: 0.07 | S26: 11.2 | T26: 3.16 | V26: 0.77 | W26: 1.72 | X26: 0.74 | Y26: 3.78 | AA26: 4.37 | AB26: 0.01 | AC26: 3.96 | AD26: 105.66 | AE26: 135.3 | AF26: 106.59 | AG26: 1480.7648 | AH26: 13.85
A27: 非金属矿物制品业 | B27: 36429.51 | C27: 29549.37 | D27: 16206.53 | E27: 10780.99 | G27: 5307.4 | H27: =D27-SUM(E27:G27) -> 118.14 | I27: 1421.3 | J27: 218.69 | K27: 59.31 | L27: 25.62 | M27: 15.14 | N27: 19.11 | O27: 3619.49 | P27: 0.52 | Q27: 19.01 | R27: 0.77 | S27: 338.44 | T27: 83.27 | V27: 1.11 | W27: 1.21 | X27: 0.38 | Y27: 367.88 | Z27: 2692.85 | AA27: 93.38 | AB27: 0.13 | AC27: 20.55 | AD27: 541.56 | AE27: 2347.01 | AF27: 163.19 | AG27: 3929.5293 | AH27: 83.03
A28: 黑色金属冶炼和压延加工业 | B28: 85274.38 | C28: 73393.66 | D28: 8414.73 | E28: 7868.94 | G28: 477.41 | H28: =D28-SUM(E28:G28) -> 68.38 | I28: 39181.81 | J28: 2020.99 | K28: 10739.35 | L28: 1688.54 | M28: 2.8 | N28: 379.71 | O28: 105.13 | Q28: 3.68 | R28: 0.03 | S28: 59.67 | T28: 0.38 | V28: 1.83 | W28: 0.01 | Z28: 22.37 | AA28: 15.17 | AB28: 1.45 | AC28: 0.54 | AD28: 616.31 | AE28: 1218.21 | AF28: 639.34 | AG28: 5949.9543 | AH28: 47.29
A29: 有色金属冶炼和压延加工业 | B29: 25385.6 | C29: 12896.7 | D29: 1699.95 | E29: 1543.04 | G29: 151.46 | H29: =D29-SUM(E29:G29) -> 5.45 | I29: 388.23 | J29: 134.98 | L29: 5.01 | M29: 122.79 | N29: 11.3 | O29: 356.9 | P29: 0.3 | Q29: 3.65 | R29: 0.55 | S29: 35.32 | T29: 11.03 | V29: 0.68 | W29: 0.01 | X29: 0.15 | Y29: 20.56 | Z29: 270.77 | AA29: 4.75 | AC29: 9.12 | AD29: 279.32 | AE29: 385.99 | AF29: 738.79 | AG29: 6642.6004 | AH29: 7.08
A30: 金属制品业 | B30: 6555.24 | C30: 3838.12 | D30: 188.24 | E30: 159.89 | G30: 27.64 | H30: =D30-SUM(E30:G30) -> 0.71 | I30: 572.26 | J30: 18.32 | K30: 121.63 | L30: 8.26 | M30: 1.12 | N30: 3.47 | O30: 44.29 | Q30: 12.12 | R30: 0.44 | S30: 19.1 | T30: 1.07 | V30: 0.94 | W30: 0.04 | X30: 0.03 | Y30: 0.25 | AA30: 9.58 | AB30: 0.01 | AC30: 0.71 | AD30: 172.49 | AE30: 774.7 | AF30: 21.47 | AG30: 2175.0266 | AH30: 4.64
A31: 通用设备制造业 | B31: 3981.56 | C31: 2095.03 | D31: 10.6 | E31: 9.56 | G31: 0.25 | H31: =D31-SUM(E31:G31) -> 0.79 | I31: 400.3 | J31: 6.7 | K31: 0.31 | L31: 1.01 | O31: 52.33 | Q31: 16.01 | R31: 2.12 | S31: 21.39 | T31: 0.65 | U31: 0.04 | V31: 5.09 | W31: 0.19 | X31: 0.06 | AA31: 4.75 | AB31: 0.01 | AC31: 2.04 | AD31: 133.13 | AE31: 149.4 | AF31: 11.98 | AG31: 981.0091 | AH31: 5.06
A32: 专用设备制造业 | B32: 1820.34 | C32: 947.46 | D32: 6.94 | E32: 2.95 | H32: =D32-SUM(E32:G32) -> 3.99 | J32: 1.91 | K32: 4.79 | L32: 0.01 | M32: 0.89 | N32: 3.2 | O32: 52.18 | P32: 0.01 | Q32: 12.22 | R32: 1.3 | S32: 21.87 | T32: 0.54 | V32: 5.22 | W32: 0.05 | X32: 0.06 | AA32: 6.72 | AC32: 4.2 | AD32: 67.34 | AE32: 164.74 | AF32: 28.41 | AG32: 387.9522 | AH32: 4.35
A33: 汽车制造业 | B33: 4069.55 | C33: 1998.63 | D33: 12.42 | E33: 11.79 | G33: 0.03 | H33: =D33-SUM(E33:G33) -> 0.6 | I33: 10.91 | J33: 0.37 | K33: 0.02 | L33: 0.03 | M33: 0.29 | O33: 61.07 | P33: 0.01 | Q33: 20.05 | R33: 0.36 | S33: 23.79 | T33: 0.25 | U33: 0.01 | V33: 11.83 | W33: 0.02 | X33: 0.18 | Y33: 0.01 | AA33: 2.73 | AC33: 1.83 | AD33: 87.82 | AE33: 280.67 | AF33: 89.08 | AG33: 568.5171 | AH33: 2.32
A34: 铁路、船舶、航空航天和其他运输设备制造业 | B34: 826.62 | C34: 546.9 | D34: 18.42 | E34: 7.48 | G34: 10.94 | H34: =D34-SUM(E34:G34) -> 0 | I34: 0.39 | J34: 1.34 | M34: 0.01 | O34: 21.89 | Q34: 3.99 | R34: 1.92 | S34: 11.06 | T34: 1.4 | V34: 0.48 | W34: 0.3 | X34: 0.04 | AA34: 2.25 | AC34: 0.43 | AD34: 63.66 | AE34: 224.41 | AF34: 20.2 | AG34: 326.6488 | AH34: 0.24
A35: 电气机械和器材制造业 | B35: 3105.62 | C35: 1454.78 | D35: 8.61 | E35: 8.61 | H35: =D35-SUM(E35:G35) -> 0 | I35: 0.68 | J35: 0.03 | M35: 0.01 | O35: 35.92 | Q35: 15.1 | R35: 0.18 | S35: 9.46 | T35: 1.7 | V35: 2.67 | W35: 0.2 | X35: 0.14 | Y35: 0.05 | Z35: 0.33 | AA35: 4.55 | AC35: 1.55 | AD35: 43.86 | AE35: 154.49 | AF35: 47.65 | AG35: 919.1269 | AH35: 4.76
A36: 计算机、通信和其他电子设备制造业 | B36: 5115.51 | C36: 2365.55 | D36: 11.68 | E36: 11.2 | G36: 0.47 | H36: =D36-SUM(E36:G36) -> 0.01 | I36: 0.02 | J36: 0.26 | K36: 0.01 | O36: 18.67 | Q36: 9.26 | R36: 0.04 | S36: 5.13 | T36: 0.38 | V36: 0.45 | W36: 0.01 | X36: 0.04 | AA36: 2.64 | AC36: 0.72 | AD36: 159.29 | AE36: 199.67 | AF36: 42.81 | AG36: 1825.0708 | AH36: 2.87
A37: 仪器仪表制造业 | B37: 252.35 | C37: 117.12 | D37: 1.66 | E37: 1.66 | H37: =D37-SUM(E37:G37) -> 0 | O37: 5.61 | Q37: 3.9 | R37: 0.06 | S37: 1.02 | T37: 0.1 | V37: 0.12 | W37: 0.08 | AA37: 0.15 | AC37: 0.18 | AD37: 6.61 | AE37: 4.77 | AF37: 2.33 | AG37: 78.2265 | AH37: 1.21
A38: 其他制造业 | B38: 1857.49 | C38: 805.74 | D38: 2.66 | E38: 2.63 | H38: =D38-SUM(E38:G38) -> 0.03 | I38: 0.06 | K38: 0.89 | O38: 7.15 | Q38: 0.66 | R38: 0.13 | S38: 1.21 | V38: 0.01 | W38: 0.1 | AA38: 5.05 | AD38: 0.58 | AE38: 52.57 | AF38: 2.82 | AG38: 552.6412 | AH38: 0.76
A39: 废弃资源综合利用业 | B39: 703.74 | C39: 586.26 | D39: 188.33 | E39: 59 | G39: 126.46 | H39: =D39-SUM(E39:G39) -> 2.87 | I39: 66.88 | J39: 6.51 | K39: 14.1 | L39: 4.62 | N39: 0.69 | O39: 10.62 | Q39: 0.35 | R39: 0.01 | S39: 5.96 | T39: 0.92 | V39: 0.03 | Z39: 2.86 | AA39: 0.44 | AC39: 0.03 | AD39: 37.19 | AE39: 167.5 | AF39: 1.36 | AG39: 124.8874 | AH39: 6
A40: 金属制品、机械和设备修理业 | B40: 63.4 | C40: 37.41 | D40: 0.93 | E40: 0.93 | H40: =D40-SUM(E40:G40) -> 0 | J40: 0.35 | M40: 0.01 | O40: 8.89 | Q40: 0.61 | R40: 1.16 | S40: 6.69 | T40: 0.25 | V40: 0.14 | AA40: 0.04 | AD40: 2.87 | AE40: 5.12 | AF40: 0.99 | AG40: 90.8547
A41: 电力、热力生产和供应业 | B41: 18362.63 | C41: 8056.9 | D41: 286.76 | E41: 278.52 | G41: 0.53 | H41: =D41-SUM(E41:G41) -> 7.71 | I41: 97.6 | J41: 0.43 | K41: 0.29 | N41: 0.28 | O41: 51.28 | P41: 0.23 | Q41: 20.01 | S41: 27.41 | T41: 1.03 | V41: 0.45 | Z41: 0.02 | AA41: 0.02 | AB41: 1.83 | AC41: 0.27 | AD41: 32.84 | AF41: 343.87 | AG41: 9060.5104 | AH41: 9.62
A42: 燃气生产和供应业 | B42: 913.93 | C42: 617.11 | D42: 86.98 | E42: 86.98 | H42: =D42-SUM(E42:G42) -> 0 | J42: 9.65 | K42: 1.99 | M42: 0.5 | O42: 4.53 | Q42: 3.35 | S42: 1.08 | V42: 0.04 | AA42: 0.05 | AC42: 0.01 | AD42: 48.27 | AE42: 118.05 | AF42: 138.79 | AG42: 169.527
A43: 水的生产和供应业 | B43: 1942.82 | C43: 813.42 | D43: 3.07 | E43: 3.05 | H43: =D43-SUM(E43:G43) -> 0.02 | O43: 4.51 | P43: 0.05 | Q43: 2.64 | S43: 1.37 | T43: 0.09 | V43: 0.01 | W43: 0.03 | AA43: 0.33 | AC43: 0.01 | AD43: 6.02 | AE43: 0.21 | AF43: 6.85 | AG43: 645.0462
D46: =SUM(D3:D43)-SUM(E3:G43) -> 545.18

Sheet Feedstock Split-2020
B1: 煤合计_x000D_ Coal Total | C1: 原煤_x000D_ Raw Coal | D1: 洗精煤_x000D_ Cleaned_x000D_ Coal | E1: 其他洗煤_x000D_ Other_x000D_ Washed_x000D_ Coal | F1: 煤制品_x000D_ Briquettes | G1: 煤矸石_x000D_ Gangue | H1: 焦炭_x000D_ Coke | I1: 焦炉煤气_x000D_ Coke Oven_x000D_ Gas | J1: 高炉煤气_x000D_ Blast Furnace_x000D_ Gas | K1: 转炉煤气_x000D_ Converter_x000D_ Gas | L1: 其他煤气_x000D_ Other Gas | M1: 其他焦化产品_x000D_ Other_x000D_ Coking_x000D_ Products | N1: 油品合计_x000D_ Petroleum_x000D_ Products_x000D_ Total | O1: 原油_x000D_ Crude Oil | P1: 汽油_x000D_ Gasoline | Q1: 煤油_x000D_ Kerosene | R1: 柴油_x000D_ Diesel Oil | S1: 燃料油_x000D_ Fuel Oil | T1: 石脑油_x000D_ Naphtha | U1: 润滑油_x000D_ Lubricants | V1: 石蜡_x000D_ Paraffin_x000D_ Waxes | W1: 溶剂油_x000D_ White spirit | X1: 石油沥青_x000D_ Bitumen_x000D_ Asphalt | Y1: 石油焦_x000D_ Petroleum_x000D_ Coke | Z1: 液化石油气_x000D_ Liquefied_x000D_ Petroleum Gas | AA1: 炼厂干气_x000D_ Refinery_x000D_ Gas | AB1: 其他石油制品_x000D_ Other_x000D_ Petroleum_x000D_ Products | AC1: 天然气_x000D_ Natural Gas | AD1: 液化天然气_x000D_ Liquefied_x000D_ Natural Gas | AE1: 热力_x000D_ Heat | AF1: 电力_x000D_ Electricity | AG1: 其他能源_x000D_ Other_x000D_ Energy
A2: 工业 | B2: =SUM(B3:B43) -> 0 | C2: =SUM(C3:C43) -> 1 | D2: =SUM(D3:D43) -> 1 | E2: =SUM(E3:E43) -> 1 | F2: =SUM(F3:F43) -> 1 | G2: =SUM(G3:G43) -> 1 | H2: =SUM(H3:H43) -> 1 | I2: =SUM(I3:I43) -> 1 | ... AG2: =SUM(AG3:AG43) -> 1
A3: 煤炭开采和洗选业 | C3: 0 | D3: 0 | E3: 0 | F3: 0 | G3: 0 | H3: 0 | I3: 0 | J3: 0 | K3: 0 | L3: 0 | M3: 0 | O3: 0 | P3: 0 | Q3: 0 | R3: 0 | S3: 0 | T3: 0 | U3: 0 | V3: 0 | W3: 0 | X3: 0 | Y3: 0 | Z3: 0 | AA3: 0 | AB3: 0 | AC3: 0 | AD3: 0 | AE3: 0 | AF3: 0 | AG3: 0
A4: 石油和天然气开采业 | C4: 0 | D4: 0 | E4: 0 | F4: 0 | G4: 0 | H4: 0 | I4: 0 | J4: 0 | K4: 0 | L4: 0 | M4: 0 | O4: 0 | P4: 0 | Q4: 0 | R4: 0 | S4: 0 | T4: 0 | U4: 0 | V4: 0 | W4: 0 | X4: 0 | Y4: 0 | Z4: 0 | AA4: 0 | AB4: 0 | AC4: 0 | AD4: 0 | AE4: 0 | AF4: 0 | AG4: 0
A5: 黑色金属矿采选业 | C5: 0 | D5: 0 | E5: 0 | F5: 0 | G5: 0 | H5: 0 | I5: 0 | J5: 0 | K5: 0 | L5: 0 | M5: 0 | O5: 0 | P5: 0 | Q5: 0 | R5: 0 | S5: 0 | T5: 0 | U5: 0 | V5: 0 | W5: 0 | X5: 0 | Y5: 0 | Z5: 0 | AA5: 0 | AB5: 0 | AC5: 0 | AD5: 0 | AE5: 0 | AF5: 0 | AG5: 0
A6: 有色金属矿采选业 | C6: 0 | D6: 0 | E6: 0 | F6: 0 | G6: 0 | H6: 0 | I6: 0 | J6: 0 | K6: 0 | L6: 0 | M6: 0 | O6: 0 | P6: 0 | Q6: 0 | R6: 0 | S6: 0 | T6: 0 | U6: 0 | V6: 0 | W6: 0 | X6: 0 | Y6: 0 | Z6: 0 | AA6: 0 | AB6: 0 | AC6: 0 | AD6: 0 | AE6: 0 | AF6: 0 | AG6: 0
A7: 非金属矿采选业 | C7: 0 | D7: 0 | E7: 0 | F7: 0 | G7: 0 | H7: 0 | I7: 0 | J7: 0 | K7: 0 | L7: 0 | M7: 0 | O7: 0 | P7: 0 | Q7: 0 | R7: 0 | S7: 0 | T7: 0 | U7: 0 | V7: 0 | W7: 0 | X7: 0 | Y7: 0 | Z7: 0 | AA7: 0 | AB7: 0 | AC7: 0 | AD7: 0 | AE7: 0 | AF7: 0 | AG7: 0
A8: 开采专业及辅助性活动 | C8: 0 | D8: 0 | E8: 0 | F8: 0 | G8: 0 | H8: 0 | I8: 0 | J8: 0 | K8: 0 | L8: 0 | M8: 0 | O8: 0 | P8: 0 | Q8: 0 | R8: 0 | S8: 0 | T8: 0 | U8: 0 | V8: 0 | W8: 0 | X8: 0 | Y8: 0 | Z8: 0 | AA8: 0 | AB8: 0 | AC8: 0 | AD8: 0 | AE8: 0 | AF8: 0 | AG8: 0
A9: 其他采矿业 | C9: 0 | D9: 0 | E9: 0 | F9: 0 | G9: 0 | H9: 0 | I9: 0 | J9: 0 | K9: 0 | L9: 0 | M9: 0 | O9: 0 | P9: 0 | Q9: 0 | R9: 0 | S9: 0 | T9: 0 | U9: 0 | V9: 0 | W9: 0 | X9: 0 | Y9: 0 | Z9: 0 | AA9: 0 | AB9: 0 | AC9: 0 | AD9: 0 | AE9: 0 | AF9: 0 | AG9: 0
A10: 农副食品加工业 | C10: 0 | D10: 0 | E10: 0 | F10: 0 | G10: 0 | H10: 0 | I10: 0 | J10: 0 | K10: 0 | L10: 0 | M10: 0 | O10: 0 | P10: 0 | Q10: 0 | R10: 0 | S10: 0 | T10: 0 | U10: 0 | V10: 0 | W10: 0 | X10: 0 | Y10: 0 | Z10: 0 | AA10: 0 | AB10: 0 | AC10: 0 | AD10: 0 | AE10: 0 | AF10: 0 | AG10: =AE65 -> 0.33707419
A11: 食品制造业 | C11: 0 | D11: 0 | E11: 0 | F11: 0 | G11: 0 | H11: 0 | I11: 0 | J11: 0 | K11: 0 | L11: 0 | M11: 0 | O11: 0 | P11: 0 | Q11: 0 | R11: 0 | S11: 0 | T11: 0 | U11: 0 | V11: =V55 -> 0 | W11: 0 | X11: 0 | Y11: 0 | Z11: 0 | AA11: 0 | AB11: 0 | AC11: 0 | AD11: 0 | AE11: 0 | AF11: 0 | AG11: 0
A12: 酒、饮料和精制茶制造业 | C12: 0 | D12: 0 | E12: 0 | F12: 0 | G12: 0 | H12: 0 | I12: 0 | J12: 0 | K12: 0 | L12: 0 | M12: 0 | O12: 0 | P12: 0 | Q12: 0 | R12: 0 | S12: 0 | T12: 0 | U12: 0 | V12: 0 | W12: 0 | X12: 0 | Y12: 0 | Z12: 0 | AA12: 0 | AB12: 0 | AC12: 0 | AD12: 0 | AE12: 0 | AF12: 0 | AG12: 0
A13: 烟草制品业 | C13: 0 | D13: 0 | E13: 0 | F13: 0 | G13: 0 | H13: 0 | I13: 0 | J13: 0 | K13: 0 | L13: 0 | M13: 0 | O13: 0 | P13: 0 | Q13: 0 | R13: 0 | S13: 0 | T13: 0 | U13: 0 | V13: 0 | W13: 0 | X13: 0 | Y13: 0 | Z13: 0 | AA13: 0 | AB13: 0 | AC13: 0 | AD13: 0 | AE13: 0 | AF13: 0 | AG13: 0
A14: 纺织业 | C14: 0 | D14: 0 | E14: 0 | F14: 0 | G14: 0 | H14: 0 | I14: 0 | J14: 0 | K14: 0 | L14: 0 | M14: 0 | O14: 0 | P14: 0 | Q14: 0 | R14: 0 | S14: 0 | T14: 0 | U14: 0 | V14: 0 | W14: 0 | X14: 0 | Y14: 0 | Z14: 0 | AA14: 0 | AB14: 0 | AC14: 0 | AD14: 0 | AE14: 0 | AF14: 0 | AG14: 0
A15: 纺织服装、服饰业 | C15: 0 | D15: 0 | E15: 0 | F15: 0 | G15: 0 | H15: 0 | I15: 0 | J15: 0 | K15: 0 | L15: 0 | M15: 0 | O15: 0 | P15: 0 | Q15: 0 | R15: 0 | S15: 0 | T15: 0 | U15: 0 | V15: 0 | W15: 0 | X15: 0 | Y15: 0 | Z15: 0 | AA15: 0 | AB15: 0 | AC15: 0 | AD15: 0 | AE15: 0 | AF15: 0 | AG15: 0
A16: 皮革、毛皮、羽毛及其制品和制鞋业 | C16: 0 | D16: 0 | E16: 0 | F16: 0 | G16: 0 | H16: 0 | I16: 0 | J16: 0 | K16: 0 | L16: 0 | M16: 0 | O16: 0 | P16: 0 | Q16: 0 | R16: 0 | S16: 0 | T16: 0 | U16: 0 | V16: 0 | W16: 0 | X16: 0 | Y16: 0 | Z16: 0 | AA16: 0 | AB16: 0 | AC16: 0 | AD16: 0 | AE16: 0 | AF16: 0 | AG16: 0
A17: 木材加工和木、竹、藤、棕、草制品业 | C17: 0 | D17: 0 | E17: 0 | F17: 0 | G17: 0 | H17: 0 | I17: 0 | J17: 0 | K17: 0 | L17: 0 | M17: 0 | O17: 0 | P17: 0 | Q17: 0 | R17: 0 | S17: 0 | T17: 0 | U17: 0 | V17: =V56 -> 0.0086313656 | W17: 0 | X17: 0 | Y17: 0 | Z17: 0 | AA17: 0 | AB17: 0 | AC17: 0 | AD17: 0 | AE17: 0 | AF17: 0 | AG17: 0
A18: 家具制造业 | C18: 0 | D18: 0 | E18: 0 | F18: 0 | G18: 0 | H18: 0 | I18: 0 | J18: 0 | K18: 0 | L18: 0 | M18: 0 | O18: 0 | P18: 0 | Q18: 0 | R18: 0 | S18: 0 | T18: 0 | U18: 0 | V18: 0 | W18: 0 | X18: 0 | Y18: 0 | Z18: 0 | AA18: 0 | AB18: 0 | AC18: 0 | AD18: 0 | AE18: 0 | AF18: 0 | AG18: 0
A19: 造纸和纸制品业 | C19: 0 | D19: 0 | E19: 0 | F19: 0 | G19: 0 | H19: 0 | I19: 0 | J19: 0 | K19: 0 | L19: 0 | M19: 0 | O19: 0 | P19: 0 | Q19: 0 | R19: 0 | S19: 0 | T19: 0 | U19: 0 | V19: 0 | W19: 0 | X19: 0 | Y19: 0 | Z19: 0 | AA19: 0 | AB19: 0 | AC19: 0 | AD19: 0 | AE19: 0 | AF19: 0 | AG19: 0
A20: 印刷和记录媒介复制业 | C20: 0 | D20: 0 | E20: 0 | F20: 0 | G20: 0 | H20: 0 | I20: 0 | J20: 0 | K20: 0 | L20: 0 | M20: 0 | O20: 0 | P20: 0 | Q20: 0 | R20: 0 | S20: 0 | T20: 0 | U20: 0 | V20: 0 | W20: 0 | X20: 0 | Y20: 0 | Z20: 0 | AA20: 0 | AB20: 0 | AC20: 0 | AD20: 0 | AE20: 0 | AF20: 0 | AG20: 0
A21: 文教、工美、体育和娱乐用品制造业 | C21: 0 | D21: 0 | E21: 0 | F21: 0 | G21: 0 | H21: 0 | I21: 0 | J21: 0 | K21: 0 | L21: 0 | M21: 0 | O21: 0 | P21: 0 | Q21: 0 | R21: 0 | S21: 0 | T21: 0 | U21: 0 | V21: =V57 -> 0.0025894097 | W21: 0 | X21: 0 | Y21: 0 | Z21: 0 | AA21: 0 | AB21: 0 | AC21: 0 | AD21: 0 | AE21: 0 | AF21: 0 | AG21: 0
A22: 石油、煤炭及其他燃料加工业 | C22: =C59 -> 0.044758767 | D22: =B65 -> 1 | E22: =C69 -> 0.063384329 | F22: =C69 -> 0.063384329 | G22: =C69 -> 0.063384329 | H22: 0 | I22: 0 | J22: 0 | K22: 0 | L22: 0 | M22: =C88 -> 0.092768683 | O22: 0 | P22: =L60 -> 0.075213675 | Q22: 0 | R22: =L71 -> 0 | S22: =L75 -> 0.79665392 | T22: =L78 -> 0.21459607 | U22: =L83 -> 0.93784177 | V22: 0 | W22: =V63 -> 0.025628224 | X22: =V70 -> 0.024035214 | Y22: 0 | Z22: =V79 -> 0.64392921 | AA22: =U84 -> 1 | AB22: =V88 -> 0.77630523 | AC22: 0 | AD22: 0 | AE22: 0 | AF22: 0 | AG22: =AE62 -> 0.094002598
A23: 化学原料和化学制品制造业 | C23: =C60 -> 0.51134623 | D23: 0 | E23: 0 | F23: 0 | G23: 0 | H23: =C77 -> 0.091449773 | I23: =B83 -> 1 | J23: =B83 -> 1 | K23: =B83 -> 1 | L23: =B83 -> 1 | M23: =C89 -> 0.55543892 | O23: =K54 -> 1 | P23: =L59 -> 0.5525641 | Q23: =L64 -> 0.41316527 | R23: =K70 -> 1 | S23: =L74 -> 0.20334608 | T23: =L79 -> 0.78540393 | U23: 0 | V23: =V58 -> 0.98862911 | W23: =V64 -> 0.96804793 | X23: =V68 -> 0.1191746 | Y23: =W68 -> 0 | Z23: =V80 -> 0.35607079 | AA23: 0 | AB23: =V89 -> 0.22369477 | AC23: =AD53 -> 1 | AD23: =AD57 -> 1 | AE23: 0 | AF23: 0 | AG23: =AE63 -> 0.41911446
A24: 医药制造业 | C24: 0 | D24: 0 | E24: 0 | F24: 0 | G24: 0 | H24: 0 | I24: 0 | J24: 0 | K24: 0 | L24: 0 | M24: 0 | O24: 0 | P24: 0 | Q24: 0 | R24: 0 | S24: 0 | T24: 0 | U24: 0 | V24: =V59 -> 0.00015011071 | W24: =W59 -> 0 | X24: 0 | Y24: 0 | Z24: 0 | AA24: 0 | AB24: 0 | AC24: 0 | AD24: 0 | AE24: 0 | AF24: 0 | AG24: 0
A25: 化学纤维制造业 | C25: 0 | D25: 0 | E25: 0 | F25: 0 | G25: 0 | H25: 0 | I25: 0 | J25: 0 | K25: 0 | L25: 0 | M25: 0 | O25: 0 | P25: 0 | Q25: 0 | R25: 0 | S25: 0 | T25: 0 | U25: 0 | V25: 0 | W25: 0 | X25: 0 | Y25: 0 | Z25: 0 | AA25: 0 | AB25: 0 | AC25: 0 | AD25: 0 | AE25: 0 | AF25: 0 | AG25: 0
A26: 橡胶和塑料制品业 | C26: 0 | D26: 0 | E26: 0 | F26: 0 | G26: 0 | H26: 0 | I26: 0 | J26: 0 | K26: 0 | L26: 0 | M26: 0 | O26: 0 | P26: =L58 -> 0.37222222 | Q26: =L63 -> 0.10784314 | R26: 0 | S26: 0 | T26: 0 | U26: 0 | V26: 0 | W26: 0 | X26: 0 | Y26: 0 | Z26: 0 | AA26: 0 | AB26: 0 | AC26: 0 | AD26: 0 | AE26: 0 | AF26: 0 | AG26: 0
A27: 非金属矿物制品业 | C27: 0 | D27: 0 | E27: =C70 -> 0.85931846 | F27: =C70 -> 0.85931846 | G27: =C70 -> 0.85931846 | H27: 0 | I27: 0 | J27: 0 | K27: 0 | L27: 0 | M27: =C90 -> 0.016856609 | O27: 0 | P27: 0 | Q27: 0 | R27: 0 | S27: 0 | T27: 0 | U27: 0 | V27: 0 | W27: =V65 -> 0.0063238476 | X27: =V69 -> 0.85679018 | Y27: =V74 -> 0.90863539 | Z27: 0 | AA27: 0 | AB27: 0 | AC27: 0 | AD27: 0 | AE27: 0 | AF27: 0 | AG27: =AE64 -> 0.14980875
A28: 黑色金属冶炼和压延加工业 | C28: =C61 -> 0.443895 | D28: 0 | E28: =C71 -> 0.077297212 | F28: =C71 -> 0.077297212 | G28: =C71 -> 0.077297212 | H28: =C78 -> 0.90855023 | I28: 0 | J28: 0 | K28: 0 | L28: 0 | M28: =C91 -> 0.33493578 | O28: 0 | P28: 0 | Q28: 0 | R28: 0 | S28: 0 | T28: 0 | U28: 0 | V28: 0 | W28: 0 | X28: 0 | Y28: 0 | Z28: 0 | AA28: 0 | AB28: 0 | AC28: 0 | AD28: 0 | AE28: 0 | AF28: 0 | AG28: 0
A29: 有色金属冶炼和压延加工业 | C29: 0 | D29: 0 | E29: 0 | F29: 0 | G29: 0 | H29: 0 | I29: 0 | J29: 0 | K29: 0 | L29: 0 | M29: 0 | O29: 0 | P29: 0 | Q29: 0 | R29: 0 | S29: 0 | T29: 0 | U29: 0 | V29: 0 | W29: 0 | X29: 0 | Y29: =V73 -> 0.091364615 | Z29: 0 | AA29: 0 | AB29: 0 | AC29: 0 | AD29: 0 | AE29: 0 | AF29: 0 | AG29: 0
A30: 金属制品业 | C30: 0 | D30: 0 | E30: 0 | F30: 0 | G30: 0 | H30: 0 | I30: 0 | J30: 0 | K30: 0 | L30: 0 | M30: 0 | O30: 0 | P30: 0 | Q30: 0 | R30: 0 | S30: 0 | T30: 0 | U30: 0 | V30: 0 | W30: 0 | X30: 0 | Y30: 0 | Z30: 0 | AA30: 0 | AB30: 0 | AC30: 0 | AD30: 0 | AE30: 0 | AF30: 0 | AG30: 0
A31: 通用设备制造业 | C31: 0 | D31: 0 | E31: 0 | F31: 0 | G31: 0 | H31: 0 | I31: 0 | J31: 0 | K31: 0 | L31: 0 | M31: 0 | O31: 0 | P31: 0 | Q31: =L65 -> 0.29691877 | R31: 0 | S31: 0 | T31: 0 | U31: =L84 -> 0.013986975 | V31: 0 | W31: 0 | X31: 0 | Y31: 0 | Z31: 0 | AA31: 0 | AB31: 0 | AC31: 0 | AD31: 0 | AE31: 0 | AF31: 0 | AG31: 0
A32: 专用设备制造业 | C32: 0 | D32: 0 | E32: 0 | F32: 0 | G32: 0 | H32: 0 | I32: 0 | J32: 0 | K32: 0 | L32: 0 | M32: 0 | O32: 0 | P32: 0 | Q32: =L66 -> 0.18207283 | R32: 0 | S32: 0 | T32: 0 | U32: =L85 -> 0.014344206 | V32: 0 | W32: 0 | X32: 0 | Y32: 0 | Z32: 0 | AA32: 0 | AB32: 0 | AC32: 0 | AD32: 0 | AE32: 0 | AF32: 0 | AG32: 0
A33: 汽车制造业 | C33: 0 | D33: 0 | E33: 0 | F33: 0 | G33: 0 | H33: 0 | I33: 0 | J33: 0 | K33: 0 | L33: 0 | M33: 0 | O33: 0 | P33: 0 | Q33: 0 | R33: 0 | S33: 0 | T33: 0 | U33: =L86 -> 0.032508038 | V33: 0 | W33: 0 | X33: 0 | Y33: 0 | Z33: 0 | AA33: 0 | AB33: 0 | AC33: 0 | AD33: 0 | AE33: 0 | AF33: 0 | AG33: 0
A34: 铁路、船舶、航空航天和其他运输设备制造业 | C34: 0 | D34: 0 | E34: 0 | F34: 0 | G34: 0 | H34: 0 | I34: 0 | J34: 0 | K34: 0 | L34: 0 | M34: 0 | O34: 0 | P34: 0 | Q34: 0 | R34: 0 | S34: 0 | T34: 0 | U34: =L87 -> 0.0013190074 | V34: 0 | W34: 0 | X34: 0 | Y34: 0 | Z34: 0 | AA34: 0 | AB34: 0 | AC34: 0 | AD34: 0 | AE34: 0 | AF34: 0 | AG34: 0
A35: 电气机械和器材制造业 | C35: 0 | D35: 0 | E35: 0 | F35: 0 | G35: 0 | H35: 0 | I35: 0 | J35: 0 | K35: 0 | L35: 0 | M35: 0 | O35: 0 | P35: 0 | Q35: 0 | R35: 0 | S35: 0 | T35: 0 | U35: 0 | V35: 0 | W35: 0 | X35: 0 | Y35: 0 | Z35: 0 | AA35: 0 | AB35: 0 | AC35: 0 | AD35: 0 | AE35: 0 | AF35: 0 | AG35: 0
A36: 计算机、通信和其他电子设备制造业 | C36: 0 | D36: 0 | E36: 0 | F36: 0 | G36: 0 | H36: 0 | I36: 0 | J36: 0 | K36: 0 | L36: 0 | M36: 0 | O36: 0 | P36: 0 | Q36: 0 | R36: 0 | S36: 0 | T36: 0 | U36: 0 | V36: 0 | W36: 0 | X36: 0 | Y36: 0 | Z36: 0 | AA36: 0 | AB36: 0 | AC36: 0 | AD36: 0 | AE36: 0 | AF36: 0 | AG36: 0
A37: 仪器仪表制造业 | C37: 0 | D37: 0 | E37: 0 | F37: 0 | G37: 0 | H37: 0 | I37: 0 | J37: 0 | K37: 0 | L37: 0 | M37: 0 | O37: 0 | P37: 0 | Q37: 0 | R37: 0 | S37: 0 | T37: 0 | U37: 0 | V37: 0 | W37: 0 | X37: 0 | Y37: 0 | Z37: 0 | AA37: 0 | AB37: 0 | AC37: 0 | AD37: 0 | AE37: 0 | AF37: 0 | AG37: 0
A38: 其他制造业 | C38: 0 | D38: 0 | E38: 0 | F38: 0 | G38: 0 | H38: 0 | I38: 0 | J38: 0 | K38: 0 | L38: 0 | M38: 0 | O38: 0 | P38: 0 | Q38: 0 | R38: 0 | S38: 0 | T38: 0 | U38: 0 | V38: 0 | W38: 0 | X38: 0 | Y38: 0 | Z38: 0 | AA38: 0 | AB38: 0 | AC38: 0 | AD38: 0 | AE38: 0 | AF38: 0 | AG38: 0
A39: 废弃资源综合利用业 | C39: 0 | D39: 0 | E39: 0 | F39: 0 | G39: 0 | H39: 0 | I39: 0 | J39: 0 | K39: 0 | L39: 0 | M39: 0 | O39: 0 | P39: 0 | Q39: 0 | R39: 0 | S39: 0 | T39: 0 | U39: 0 | V39: 0 | W39: 0 | X39: 0 | Y39: 0 | Z39: 0 | AA39: 0 | AB39: 0 | AC39: 0 | AD39: 0 | AE39: 0 | AF39: 0 | AG39: 0
A40: 金属制品、机械和设备修理业 | C40: 0 | D40: 0 | E40: 0 | F40: 0 | G40: 0 | H40: 0 | I40: 0 | J40: 0 | K40: 0 | L40: 0 | M40: 0 | O40: 0 | P40: 0 | Q40: 0 | R40: 0 | S40: 0 | T40: 0 | U40: 0 | V40: 0 | W40: 0 | X40: 0 | Y40: 0 | Z40: 0 | AA40: 0 | AB40: 0 | AC40: 0 | AD40: 0 | AE40: 0 | AF40: 0 | AG40: 0
A41: 电力、热力生产和供应业 | C41: 0 | D41: 0 | E41: 0 | F41: 0 | G41: 0 | H41: 0 | I41: 0 | J41: 0 | K41: 0 | L41: 0 | M41: 0 | O41: 0 | P41: 0 | Q41: 0 | R41: 0 | S41: 0 | T41: 0 | U41: 0 | V41: 0 | W41: 0 | X41: 0 | Y41: 0 | Z41: 0 | AA41: 0 | AB41: 0 | AC41: 0 | AD41: 0 | AE41: 0 | AF41: 0 | AG41: 0
A42: 燃气生产和供应业 | C42: 0 | D42: 0 | E42: 0 | F42: 0 | G42: 0 | H42: 0 | I42: 0 | J42: 0 | K42: 0 | L42: 0 | M42: 0 | O42: 0 | P42: 0 | Q42: 0 | R42: 0 | S42: 0 | T42: 0 | U42: 0 | V42: 0 | W42: 0 | X42: 0 | Y42: 0 | Z42: 0 | AA42: 0 | AB42: 0 | AC42: 0 | AD42: 0 | AE42: 0 | AF42: 0 | AG42: 0
A43: 水的生产和供应业 | C43: 0 | D43: 0 | E43: 0 | F43: 0 | G43: 0 | H43: 0 | I43: 0 | J43: 0 | K43: 0 | L43: 0 | M43: 0 | O43: 0 | P43: 0 | Q43: 0 | R43: 0 | S43: 0 | T43: 0 | U43: 0 | V43: 0 | W43: 0 | X43: 0 | Y43: 0 | Z43: 0 | AA43: 0 | AB43: 0 | AC43: 0 | AD43: 0 | AE43: 0 | AF43: 0 | AG43: 0
A49: 各燃料用作工业原料的拆分原则
A51: 原煤：煤炭作为原料主要用于炼焦和气化。 | H51: 原油：主要用作燃料和炼制其他油品。2020-2022能源年鉴中原油都没有作为原料使用。 | R51: 石蜡：石蜡分食品级和工业级。工业级石蜡主要用于制造蜡烛等化工品。 | AA51: 天然气：作为化工原料，生产丙烷、丁烷、合成氨等化工原料。生产氮肥。
A52: 煤化工产业链 | H52: 若有，可将其全部划分为化工行业。 | R52: 还可以用于制造某些文化用品（如蜡纸、蜡笔、蜡烛、复写纸）和木制品防蛀。 | AD52: 原料分配
A53: 1.煤焦化，制焦炭，煤焦油，焦煤气，对应炼焦环节的原煤与洗精煤消费 | K53: 原料分配 | R53: 食品级石蜡可用于食品制造、口服药制造。 | AA53: 化学原料和化学制品制造业 | AD53: 1
A54: 2.煤气化：煤炭-合成气-制合成氨，水煤气，甲醇，属于石油，煤炭及其他燃料加工业 | H54: 化学原料和化学制品制造业 | K54: 1 | U54: 2020终端能源消费量 | V54: 原料分配
A55: 3.煤液化：直接液化制造甲醇，烯烃和汽油等液体燃料，属于石油，煤炭及其他燃料加工业 | R55: 食品制造业 | U55: ='Final Energy Consumption-2020'!W11 -> 0 | V55: =U55/SUM(U55:U59) -> 0 | AA55: 液化天然气：同天然气。
A56: 基于工业企业数据库，甲醇生产主要分布于有机化学原料制造业，和专化学用品制造， | H56: 汽油：作为原料使用主要是溶剂汽油。用于橡胶行业、油漆、油脂、染料(化学原料和化学制品业)， | R56: 木材加工和木、竹、藤、棕、草制品业 /家具制造业 | U56: ='Final Energy Consumption-2020'!W17 -> 2.3 | V56: =U56/SUM(U55:U59) -> 0.0086313656 | AD56: 原料分配
A57: 以及炼焦及氮肥制造业的副产品，固按照行业煤炭使用量分配原煤和型煤的非燃料使用 | K57: 2020终端能源消费量 | L57: 原料分配 | R57: 文教、工美、体育和娱乐用品制造业 | U57: ='Final Energy Consumption-2020'!W21 -> 0.69 | V57: =U57/SUM(U55:U59) -> 0.0025894097 | AA57: 化学原料和化学制品制造业 | AD57: 1
B58: 2020终端能源消费量 | C58: 原料分配 | H58: 橡胶和塑料制品业 | K58: ='Final Energy Consumption-2020'!Q26 -> 8.71 | L58: =K58/SUM(K58:K60) -> 0.37222222 | R58: 化学原料和化学制品制造业 | U58: ='Final Energy Consumption-2020'!W23 -> 263.44 | V58: =U58/SUM(U55:U59) -> 0.98862911
A59: 石油、煤炭及其他燃料加工业 | B59: ='Final Energy Consumption-2020'!E22 -> 793.44 | C59: =B59/(B59+B60+B61) -> 0.044758767 | H59: 化学原料和化学制品制造业 | K59: ='Final Energy Consumption-2020'!Q23 -> 12.93 | L59: =K59/SUM(K58:K60) -> 0.5525641 | R59: 医药制造业 | U59: ='Final Energy Consumption-2020'!W24 -> 0.04 | V59: =U59/SUM(U55:U59) -> 0.00015011071 | AA59: 其他能源：包括城市垃圾、工业废料、生物质废料等
A60: 化学原料和化学制品制造业 | B60: ='Final Energy Consumption-2020'!E23 -> 9064.65 | C60: =B60/(B59+B60+B61) -> 0.51134623 | H60: 石油、煤炭及其他燃料加工业 | K60: ='Final Energy Consumption-2020'!Q22 -> 1.76 | L60: =K60/SUM(K58:K60) -> 0.075213675 | AA60: 城市垃圾、工业废料可以作为生态水泥的原料。
A61: 黑色金属冶炼和压延加工业 | B61: ='Final Energy Consumption-2020'!E28 -> 7868.94 | C61: =B61/SUM(B59:B61) -> 0.443895 | H61: 煤油：作为原料使用主要用于器械零部件的洗涤剂、橡胶和制药工业的溶剂、有机化工的裂解原料 | R61: 溶剂油：主要用作化工原料 | AD61: 2019终端能源消费量 | AE61: 原料分配
K62: 2020终端能源消费量 | L62: 原料分配 | U62: 2020终端能源消费量 | V62: 原料分配 | AA62: 石油、煤炭及其他燃料加工业 | AD62: ='Final Energy Consumption-2020'!AH22 -> 52.1 | AE62: =AD62/SUM(AD62:AD65) -> 0.094002598
A63: 洗精煤：洗精煤作为原料主要用于炼焦。 | H63: 橡胶和塑料制品业 | K63: ='Final Energy Consumption-2020'!R27 -> 0.77 | L63: =K63/SUM(K63:K66) -> 0.10784314 | R63: 石油、煤炭及其他燃料加工业 | U63: ='Final Energy Consumption-2020'!X22 -> 1.54 | V63: =U63/SUM(U63:U65) -> 0.025628224 | AA63: 化学原料和化学制品制造业 | AD63: ='Final Energy Consumption-2020'!AH23 -> 232.29 | AE63: =AD63/SUM(AD62:AD65) -> 0.41911446
B64: 原料分配 | H64: 化学原料和化学制品制造业 | K64: ='Final Energy Consumption-2020'!R23 -> 2.95 | L64: =K64/SUM(K63:K66) -> 0.41316527 | R64: 化学原料和化学制品制造业 | U64: ='Final Energy Consumption-2020'!X23 -> 58.17 | V64: =U64/SUM(U63:U65) -> 0.96804793 | AA64: 非金属矿物制品 | AD64: ='Final Energy Consumption-2020'!AH27 -> 83.03 | AE64: =AD64/SUM(AD62:AD65) -> 0.14980875
A65: 石油、煤炭及其他燃料加工业 | B65: 1 | H65: 通用设备制造业 | K65: ='Final Energy Consumption-2020'!R31 -> 2.12 | L65: =K65/SUM(K63:K66) -> 0.29691877 | R65: 非金属矿物制品业 | U65: ='Final Energy Consumption-2020'!X27 -> 0.38 | V65: =U65/SUM(U63:U65) -> 0.0063238476 | AA65: 农副食品加工业 | AD65: ='Final Energy Consumption-2020'!AH10 -> 186.82 | AE65: =AD65/SUM(AD62:AD65) -> 0.33707419
H66: 专用设备制造业 | K66: ='Final Energy Consumption-2020'!R32 -> 1.3 | L66: =K66/SUM(K63:K66) -> 0.18207283 | R66: 石油沥青：主要是生产沥青混合物用于道路铺设，生产涂料和防水材料。
A67: 其他洗煤：作为原料主要用于炼制土焦和水泥熟料的生产。 | U67: 2020终端能源消费量 | V67: 原料分配
B68: 2020终端能源消费量 | C68: 原料分配 | H68: 柴油：生物柴油可作为润滑剂、油漆和化妆品的工业原料。 | R68: 化学原料和化学制品制造业 | U68: ='Final Energy Consumption-2020'!Y23 -> 51.17 | V68: =U68/SUM(U68:U70) -> 0.1191746
A69: 石油、煤炭及其他燃料加工业 | B69: ='Final Energy Consumption-2020'!G22 -> 391.48 | C69: =B69/SUM(B69:B71) -> 0.063384329 | K69: 原料分配 | R69: 非金属矿物制品业 | U69: ='Final Energy Consumption-2020'!Y27 -> 367.88 | V69: =U69/SUM(U68:U70) -> 0.85679018
A70: 非金属矿物制品业 | B70: ='Final Energy Consumption-2020'!G27 -> 5307.4 | C70: =B70/SUM(B69:B71) -> 0.85931846 | H70: 化学原料和化学制品制造业 | K70: 1 | R70: 石油、煤炭及其他燃料加工业 | U70: ='Final Energy Consumption-2020'!Y22 -> 10.32 | V70: =U70/SUM(U68:U70) -> 0.024035214
A71: 黑色金属冶炼和压延加工业 | B71: ='Final Energy Consumption-2020'!G28 -> 477.41 | C71: =B71/SUM(B69:B71) -> 0.077297212 | R71: 石油焦的主要用途是电解铝所用的预焙阳极和阳极糊、碳素行业生产增炭剂、石墨电极、冶炼工业硅
H72: 燃料油：燃料油作为工业原料主要用于生产化肥。 | U72: 2020终端能源消费量 | V72: 原料分配
A73: 煤制品、煤矸石：同其他洗煤。 | K73: 2020终端能源消费量 | L73: 原料分配 | R73: 有色金属冶炼和压延业 | U73: ='Final Energy Consumption-2020'!Z29 -> 270.77 | V73: =U73/(U73+U74) -> 0.091364615
H74: 化学原料和化学制品制造业 | K74: ='Final Energy Consumption-2020'!T23 -> 42.54 | L74: =K74/SUM(K74:K75) -> 0.20334608 | R74: 非金属矿物制品业 | U74: ='Final Energy Consumption-2020'!Z27 -> 2692.85 | V74: =U74/SUM(U73:U74) -> 0.90863539
A75: 焦炭：作为原料主要用于冶金还原剂和化工原料。 | H75: 石油、煤炭及其他燃料加工业 | K75: ='Final Energy Consumption-2020'!T22 -> 166.66 | L75: =K75/SUM(K74:K75) -> 0.79665392
B76: 2020终端能源消费量 | C76: 原料分配 | H76: 石脑油：石脑油是裂解制取烯烃，催化重整苯、二甲苯、汽油的工业原料。也是制取化肥的原料。 | R76: 液化石油气：作为一种基本化工原料，液化石油气经过分离得到乙烯、丙烯、丁烯、丁二烯等，
A77: 化学原料和化学制品制造业 | B77: ='Final Energy Consumption-2020'!I23 -> 3943.83 | C77: =B77/SUM(B77:B78) -> 0.091449773 | K77: 2020终端能源消费量 | L77: 原料分配 | R77: 用来生产合成树脂、合成橡胶、合成纤维及生产医药、炸药、染料等产品。
A78: 黑色金属冶炼和压延加工业 | B78: ='Final Energy Consumption-2020'!I28 -> 39181.81 | C78: =B78/SUM(B77:B78) -> 0.90855023 | H78: 石油、煤炭及其他燃料加工业 | K78: ='Final Energy Consumption-2020'!U22 -> 1942.97 | L78: =K78/(K78+K79) -> 0.21459607 | U78: 2020终端能源消费量 | V78: 原料分配
H79: 化学原料和化学制品制造业 | K79: ='Final Energy Consumption-2020'!U23 -> 7111.11 | L79: =K79/SUM(K78:K79) -> 0.78540393 | R79: 石油、煤炭及其他燃料加工业 | U79: ='Final Energy Consumption-2020'!AA22 -> 2605.08 | V79: =U79/(U79+U80) -> 0.64392921
A80: 焦炉、高炉、转炉和其他煤气：作为原料主要用于化工原料。比如制取氢气、 | R80: 化学原料和化学制品制造业 | U80: ='Final Energy Consumption-2020'!AA23 -> 1440.52 | V80: =U80/SUM(U79:U80) -> 0.35607079
A81: 天然气、合成氨等。 | H81: 润滑油：润滑油可以用作能源化工、车用制造和设备制造。
B82: 原料分配 | K82: 2020终端能源消费量 | L82: 原料分配 | R82: 炼厂干气：化工原料。
A83: 化学原料和化学制品制造业 | B83: 1 | H83: 石油、煤炭及其他燃料加工业 | K83: ='Final Energy Consumption-2020'!V22 -> 341.29 | L83: =K83/SUM(K83:K87) -> 0.93784177 | U83: 原料分配
H84: 通用设备制造业 | K84: ='Final Energy Consumption-2020'!V31 -> 5.09 | L84: =K84/SUM(K83:K87) -> 0.013986975 | R84: 石油、煤炭及其他燃料加工业 | U84: 1
A85: 其他焦化产品：主要包括煤焦油、化学产品（如氨、粗苯等）。 | H85: 专用设备制造业 | K85: ='Final Energy Consumption-2020'!V32 -> 5.22 | L85: =K85/SUM(K83:K87) -> 0.014344206
A86: 作为原料主要用做化工原料。 | H86: 汽车制造业 | K86: ='Final Energy Consumption-2020'!V33 -> 11.83 | L86: =K86/SUM(K83:K87) -> 0.032508038 | R86: 其他石油制品：划分至煤化工和化工行业。
B87: 2020终端能源消费量 | C87: 原料分配 | H87: 铁路、船舶、航空航天和其他运输设备制造业 | K87: ='Final Energy Consumption-2020'!V34 -> 0.48 | L87: =K87/SUM(K83:K87) -> 0.0013190074 | U87: 2020终端能源消费量 | V87: 原料分配
A88: 石油、煤炭及其他燃料加工业 | B88: ='Final Energy Consumption-2020'!N22 -> 105.17 | C88: =B88/SUM($B$88:$B$91) -> 0.092768683 | R88: 石油、煤炭及其他燃料加工业 | U88: ='Final Energy Consumption-2020'!AC22 -> 8376.38 | V88: =U88/(U88+U89) -> 0.77630523
A89: 化学原料和化学制品制造业 | B89: ='Final Energy Consumption-2020'!N23 -> 629.69 | C89: =B89/SUM($B$88:$B$91) -> 0.55543892 | R89: 化学原料和化学制品制造业 | U89: ='Final Energy Consumption-2020'!AC23 -> 2413.68 | V89: =U89/SUM(U88:U89) -> 0.22369477
A90: 非金属矿物制品业 | B90: ='Final Energy Consumption-2020'!N27 -> 19.11 | C90: =B90/SUM($B$88:$B$91) -> 0.016856609
A91: 黑色金属冶炼和压延加工业 | B91: ='Final Energy Consumption-2020'!N28 -> 379.71 | C91: =B91/SUM($B$88:$B$91) -> 0.33493578

Sheet Transformation Match
A1: 加工转换投入(-)产出(+)量 | B1: 行业 | C1: 行 业
A2: 3.煤炭洗选 | B2: 煤炭开采和洗选业 | C2: coal mining 05
A3: 4.炼焦 | B3: 石油、煤炭及其他燃料加工业 | C3: refined petroleum and coke 19
A4: 5.炼油及煤制油 | B4: 石油、煤炭及其他燃料加工业 | C4: refined petroleum and coke 19
A5: #油品再投入量(-) | B5: 石油、煤炭及其他燃料加工业 | C5: refined petroleum and coke 19
A6: 6.制气 | B6: 燃气生产和供应业 | C6: energy pipelines and gas processing 352T353
A7: #焦炭再投入量(-) | B7: 燃气生产和供应业 | C7: energy pipelines and gas processing 352T353
A8: 7.天然气液化 | B8: 燃气生产和供应业 | C8: energy pipelines and gas processing 352T353
A9: 8.煤制品加工 | B9: 石油、煤炭及其他燃料加工业 | C9: refined petroleum and coke 19

Sheet Value Added
B1: 2012 | C1: 2013 | D1: 2014 | E1: 2015 | F1: 2016 | G1: 2017 | H1: 2018 | I1: 2019 | J1: 2020 | K1: 2021 | L1: 2022 | M1: 2023 | N1: 2024 | O1: 2025 | P1: 2026 | Q1: 2027 | R1: 2028 | S1: 2029 | T1: 2030 | U1: 2031 | V1: 2032 | W1: 2033 | X1: 2034 | Y1: 2035 | Z1: 2036 | AA1: 2037 | AB1: 2038 | AC1: 2039 | AD1: 2040 | AE1: 2041 | AF1: 2042 | AG1: 2043 | AH1: 2044 | AI1: 2045 | AJ1: 2046 | AK1: 2047 | AL1: 2048 | AM1: 2049 | AN1: 2050 | AO1: 2051 | AP1: 2052 | AQ1: 2053 | AR1: 2054 | AS1: 2055 | AT1: 2056 | AU1: 2057 | AV1: 2058 | AW1: 2059 | AX1: 2060
A2: 农、林、牧、渔业 | B2: 8020.3769 | C2: 8491.2939 | D2: 8829.693 | E2: 9192.1242 | F2: 9453.7598 | G2: 9386.5346 | H2: 9471.2876 | I2: 10188.72 | J2: 11212.078 | K2: 11427.392 | L2: 11925.265 | M2: 12467.185 | N2: 13102.63 | O2: 13468.405 | P2: 14340.392 | Q2: 14936.816 | R2: 15514.65 | S2: 16071.453 | T2: 16884.789 | U2: 17113.476 | V2: 17595.141 | W2: 18048.689 | X2: 18473.078 | Y2: 18751.531 | Z2: 19231.699 | AA2: 19565.324 | AB2: 19868.555 | AC2: 20141.773 | AD2: 20385.602 | AE2: 20600.898 | AF2: 20788.721 | AG2: 20950.324 | AH2: 21087.123 | AI2: 21200.683 | AJ2: 21292.692 | AK2: 21364.947 | AL2: 21419.33 | AM2: 21457.792 | AN2: 21482.34 | AO2: 21495.018 | AP2: 21497.901 | AQ2: 21493.075 | AR2: 21482.64 | AS2: 21468.693 | AT2: 21453.331 | AU2: 21438.645 | AV2: 21426.719 | AW2: 21419.635 | AX2: 21421.627
A3: 煤炭开采和洗选业 | B3: 2200.7749 | C3: 2209.8175 | D3: 2171.5798 | E3: 2099.3377 | F3: 2017.9817 | G3: 1999.7266 | H3: 2034.9296 | I3: 2069.9224 | J3: 2036.4097 | K3: 2262.3473 | L3: 2479.7198 | M3: 2516.5342 | N3: 2607.0795 | O3: 2720.7149 | P3: 2828.8304 | Q3: 2924.8962 | R3: 3008.6377 | S3: 3080.0762 | T3: 3139.5063 | U3: 3187.406 | V3: 3224.2116 | W3: 3250.4641 | X3: 3266.8444 | Y3: 3274.1482 | Z3: 3273.2105 | AA3: 3264.7325 | AB3: 3249.4142 | AC3: 3227.9889 | AD3: 3201.2104 | AE3: 3169.8399 | AF3: 3134.6359 | AG3: 3096.3441 | AH3: 3055.691 | AI3: 3013.3767 | AJ3: 2970.0717 | AK3: 2926.4133 | AL3: 2883.0045 | AM3: 2840.414 | AN3: 2799.1767 | AO3: 2759.7967 | AP3: 2722.7493 | AQ3: 2688.4856 | AR3: 2657.4373 | AS3: 2630.0213 | AT3: 2606.6466 | AU3: 2587.7209 | AV3: 2573.6577 | AW3: 2564.8852 | AX3: 2561.8554
A4: 石油和天然气开采业 | B4: 1616.2967 | C4: 1570.7336 | D4: 1558.6134 | E4: 1540.7723 | F4: 1502.113 | G4: 1479.4019 | H4: 1502.4991 | I4: 1502.2603 | J4: 1460.4994 | K4: 1579.962 | L4: 1694.8546 | M4: 1709.263 | N4: 1744.5611 | O4: 1788.6951 | P4: 1830.8855 | Q4: 1868.4548 | R4: 1900.8699 | S4: 1927.6239 | T4: 1948.2477 | U4: 1962.4654 | V4: 1970.6467 | W4: 1973.3752 | X4: 1971.287 | Y4: 1965.0544 | Z4: 1955.3118 | AA4: 1942.4708 | AB4: 1926.8919 | AC4: 1908.9384 | AD4: 1888.9721 | AE4: 1867.3491 | AF4: 1844.4174 | AG4: 1820.5137 | AH4: 1795.9618 | AI4: 1771.0708 | AJ4: 1746.135 | AK4: 1721.4329 | AL4: 1697.2276 | AM4: 1673.7675 | AN4: 1651.287 | AO4: 1630.0079 | AP4: 1610.141 | AQ4: 1591.888 | AR4: 1575.4435 | AS4: 1560.9976 | AT4: 1548.7382 | AU4: 1538.8543 | AV4: 1531.539 | AW4: 1526.9929 | AX4: 1525.428
A5: 黑色金属矿采选业 | B5: 518.24352 | C5: 566.15783 | D5: 600.32741 | E5: 583.77348 | F5: 554.88374 | G5: 545.93254 | H5: 518.03578 | I5: 534.93552 | J5: 509.19798 | K5: 548.19733 | L5: 629.2703 | M5: 631.38744 | N5: 637.18035 | O5: 645.83571 | P5: 656.53661 | Q5: 668.42224 | R5: 680.57217 | S5: 691.9985 | T5: 701.6493 | U5: 708.62175 | V5: 712.78814 | W5: 714.24854 | X5: 713.13622 | Y5: 709.61237 | Z5: 703.86841 | AA5: 696.14296 | AB5: 686.6918 | AC5: 675.7741 | AD5: 663.64721 | AE5: 650.56225 | AF5: 636.76047 | AG5: 622.47049 | AH5: 607.90636 | AI5: 593.26624 | AJ5: 578.7319 | AK5: 564.46866 | AL5: 550.62595 | AM5: 537.33823 | AN5: 524.72629 | AO5: 512.89884 | AP5: 501.95435 | AQ5: 491.98305 | AR5: 483.06911 | AS5: 475.29297 | AT5: 468.73384 | AU5: 463.47234 | AV5: 459.59334 | AW5: 457.18905 | AX5: 456.36244
A6: 有色金属矿采选业 | B6: 269.73915 | C6: 280.58464 | D6: 288.91076 | E6: 285.87774 | F6: 285.95842 | G6: 279.02983 | H6: 281.99704 | I6: 280.04898 | J6: 270.36762 | K6: 276.7183 | L6: 295.71647 | M6: 294.8357 | N6: 293.16502 | O6: 292.14561 | P6: 292.85408 | Q6: 294.98854 | R6: 297.90662 | S6: 300.95081 | T6: 303.43832 | U6: 304.79264 | V6: 304.94308 | W6: 303.95891 | X6: 301.92167 | Y6: 298.92244 | Z6: 295.06138 | AA6: 290.45156 | AB6: 285.20927 | AC6: 279.44947 | AD6: 273.28374 | AE6: 266.81869 | AF6: 260.15477 | AG6: 253.38538 | AH6: 246.59635 | AI6: 239.86572 | AJ6: 233.26377 | AK6: 226.8533 | AL6: 220.69004 | AM6: 214.82327 | AN6: 209.29649 | AO6: 204.1483 | AP6: 199.4132 | AQ6: 195.12255 | AR6: 191.30555 | AS6: 187.99026 | AT6: 185.20467 | AU6: 182.97781 | AV6: 181.34098 | AW6: 180.32904 | AX6: 179.98182
A7: 非金属矿采选业 | B7: 175.56443 | C7: 186.7929 | D7: 193.05215 | E7: 195.23792 | F7: 198.72255 | G7: 200.3444 | H7: 202.27539 | I7: 195.41729 | J7: 187.9055 | K7: 210.31859 | L7: 211.08457 | M7: 210.62281 | N7: 209.81651 | O7: 209.52726 | P7: 210.39192 | Q7: 212.17068 | R7: 214.40225 | S7: 216.61117 | T7: 218.30306 | U7: 219.0677 | V7: 218.88571 | W7: 217.84633 | X7: 216.04789 | Y7: 213.59447 | Z7: 210.58785 | AA7: 207.11082 | AB7: 203.24096 | AC7: 199.05425 | AD7: 194.62392 | AE7: 190.01958 | AF7: 185.30649 | AG7: 180.54515 | AH7: 175.79104 | AI7: 171.09455 | AJ7: 166.50103 | AK7: 162.05103 | AL7: 157.78057 | AM7: 153.72162 | AN7: 149.90249 | AO7: 146.34842 | AP7: 143.08208 | AQ7: 140.12426 | AR7: 137.49442 | AS7: 135.21137 | AT7: 133.294 | AU7: 131.76195 | AV7: 130.6364 | AW7: 129.94095 | AX7: 129.70247
A8: 开采专业及辅助性活动 | B8: 134.43244 | C8: 134.21856 | D8: 124.43272 | E8: 104.00227 | F8: 86.777595 | G8: 105.31677 | H8: 129.92619 | I8: 152.45423 | J8: 128.89648 | K8: 141.72115 | L8: 157.64154 | M8: 163.36323 | N8: 177.96799 | O8: 197.39608 | P8: 217.14113 | Q8: 236.11424 | R8: 254.4141 | S8: 272.30871 | T8: 290.23223 | U8: 308.64552 | V8: 327.55714 | W8: 346.8275 | X8: 366.29071 | Y8: 385.75431 | Z8: 405.02318 | AA8: 423.9801 | AB8: 442.53228 | AC8: 460.59131 | AD8: 478.07412 | AE8: 494.90386 | AF8: 511.01067 | AG8: 526.33231 | AH8: 540.81462 | AI8: 554.41193 | AJ8: 567.08721 | AK8: 578.81223 | AL8: 589.56747 | AM8: 599.34197 | AN8: 608.13311 | AO8: 615.94622 | AP8: 622.79415 | AQ8: 628.69681 | AR8: 633.68057 | AS8: 637.77771 | AT8: 641.02579 | AU8: 643.46702 | AV8: 645.14765 | AW8: 646.11731 | AX8: 646.42849
A9: 其他采矿业 | B9: 1.0889994 | C9: 1.1648549 | D9: 1.083276 | E9: 1.0523771 | F9: 0.91094819 | G9: 1.0539272 | H9: 1.0808756 | I9: 1.081746 | J9: 1.0579535 | K9: 0.98256466 | L9: 1.2755981 | M9: 1.2973062 | N9: 1.3519291 | O9: 1.4234314 | P9: 1.4966109 | Q9: 1.5678719 | R9: 1.6368589 | S9: 1.7032588 | T9: 1.7668045 | U9: 1.827226 | V9: 1.8840834 | W9: 1.9369037 | X9: 1.9852348 | Y9: 2.0286522 | Z9: 2.0668292 | AA9: 2.0997442 | AB9: 2.127502 | AC9: 2.150267 | AD9: 2.1682562 | AE9: 2.1817332 | AF9: 2.1910006 | AG9: 2.1963938 | AH9: 2.1982737 | AI9: 2.1970209 | AJ9: 2.1930295 | AK9: 2.1867022 | AL9: 2.1784454 | AM9: 2.1686658 | AN9: 2.1577666 | AO9: 2.1461458 | AP9: 2.134194 | AQ9: 2.1222937 | AR9: 2.1108191 | AS9: 2.1001364 | AT9: 2.0906048 | AU9: 2.0825783 | AV9: 2.076408 | AW9: 2.0724451 | AX9: 2.0710443
A10: 农副食品加工业 | B10: 1212.4106 | C10: 1260.0066 | D10: 1301.0203 | E10: 1302.1735 | F10: 1348.2888 | G10: 1457.5548 | H10: 1536.911 | I10: 1509.9936 | J10: 1438.8035 | K10: 1613.418 | L10: 1650.4343 | M10: 1661.052 | N10: 1688.6807 | O10: 1727.0511 | P10: 1770.4563 | Q10: 1816.2547 | R10: 1862.4473 | S10: 1906.8262 | T10: 1946.9834 | U10: 1980.8131 | V10: 2008.0217 | W10: 2028.8619 | X10: 2043.6721 | Y10: 2052.8634 | Z10: 2056.8807 | AA10: 2056.1125 | AB10: 2050.9567 | AC10: 2041.8371 | AD10: 2029.1951 | AE10: 2013.482 | AF10: 1995.1523 | AG10: 1974.6579 | AH10: 1952.4428 | AI10: 1928.9391 | AJ10: 1904.564 | AK10: 1879.7178 | AL10: 1854.7821 | AM10: 1830.1192 | AN10: 1806.0729 | AO10: 1782.9686 | AP10: 1761.1152 | AQ10: 1740.807 | AR10: 1722.3261 | AS10: 1705.9457 | AT10: 1691.9331 | AU10: 1680.554 | AV10: 1672.0766 | AW10: 1666.7767 | AX10: 1664.943
A11: 食品制造业 | B11: 567.00898 | C11: 592.50009 | D11: 616.89858 | E11: 629.15052 | F11: 668.00872 | G11: 737.69629 | H11: 783.73618 | I11: 795.70205 | J11: 781.27992 | K11: 878.53712 | L11: 912.97236 | M11: 924.72793 | N11: 954.38123 | O11: 993.43556 | P11: 1034.0435 | Q11: 1074.0952 | R11: 1112.9823 | S11: 1150.0374 | T11: 1184.5422 | U11: 1215.8669 | V11: 1243.8913 | W11: 1268.671 | X11: 1290.3132 | Y11: 1308.9715 | Z11: 1324.8161 | AA11: 1337.9538 | AB11: 1348.4926 | AC11: 1356.5626 | AD11: 1362.3126 | AE11: 1365.9072 | AF11: 1367.524 | AG11: 1367.3507 | AH11: 1365.5825 | AI11: 1362.4195 | AJ11: 1358.0648 | AK11: 1352.7225 | AL11: 1346.5962 | AM11: 1339.8876 | AN11: 1332.7953 | AO11: 1325.5146 | AP11: 1318.2368 | AQ11: 1311.1489 | AR11: 1304.434 | AS11: 1298.2717 | AT11: 1292.8386 | AU11: 1288.3091 | AV11: 1284.857 | AW11: 1282.6561 | AX11: 1281.8828
A12: 酒、饮料和精制茶制造业 | B12: 615.45397 | C12: 644.29235 | D12: 657.85187 | E12: 672.16537 | F12: 708.43265 | G12: 782.3373 | H12: 835.83708 | I12: 855.85139 | J12: 805.5664 | K12: 927.65432 | L12: 1001.7084 | M12: 1019.3959 | N12: 1063.9223 | O12: 1122.2403 | P12: 1181.9116 | Q12: 1239.9507 | R12: 1296.0209 | S12: 1349.8192 | T12: 1401.0804 | U12: 1449.6076 | V12: 1495.3631 | W12: 1538.3981 | X12: 1578.8243 | Y12: 1616.8096 | Z12: 1652.522 | AA12: 1685.9586 | AB12: 1717.0859 | AC12: 1745.8894 | AD12: 1772.3735 | AE12: 1796.56 | AF12: 1818.4876 | AG12: 1838.2105 | AH12: 1855.7977 | AI12: 1871.3311 | AJ12: 1884.905 | AK12: 1896.6242 | AL12: 1906.6029 | AM12: 1914.9636 | AN12: 1921.8359 | AO12: 1927.355 | AP12: 1931.6613 | AQ12: 1934.8987 | AR12: 1937.2143 | AS12: 1938.7573 | AT12: 1939.6783 | AU12: 1940.1293 | AV12: 1940.2625 | AW12: 1940.2304 | AX12: 1940.1858
A13: 烟草制品业 | B13: 1021.5462 | C13: 1040.3 | D13: 1079.149 | E13: 1058.6058 | F13: 947.33214 | G13: 992.46075 | H13: 1047.4832 | I13: 1062.466 | J13: 1060.6812 | K13: 1143.0229 | L13: 1242.3975 | M13: 1258.0934 | N13: 1297.7718 | O13: 1350.2359 | P13: 1405.1619 | Q13: 1459.7384 | R13: 1513.1044 | S13: 1564.3044 | T13: 1612.2983 | U13: 1656.1723 | V13: 1695.781 | W13: 1731.2397 | X13: 1762.7345 | Y13: 1790.5148 | Z13: 1814.8401 | AA13: 1835.8305 | AB13: 1853.5911 | AC13: 1868.2535 | AD13: 1879.9727 | AE13: 1888.9242 | AF13: 1895.3008 | AG13: 1899.3096 | AH13: 1901.1691 | AI13: 1901.1066 | AJ13: 1899.3557 | AK13: 1896.1541 | AL13: 1891.7416 | AM13: 1886.3585 | AN13: 1880.2442 | AO13: 1873.6361 | AP13: 1866.7691 | AQ13: 1859.8746 | AR13: 1853.1809 | AS13: 1846.9131 | AT13: 1841.2931 | AU13: 1836.5409 | AV13: 1832.875 | AW13: 1830.5141 | AX13: 1829.6778
... A44: 建筑业 | B44: 5850.4075 | C44: 6349.4516 | D44: 6975.2519 | E44: 7335.15 | F44: 7795.8436 | G44: 8406.0148 | H44: 9181.69 | I44: 9783.1484 | J44: 9978.9992 | K44: 10553.432 | L44: 10740.33 | M44: 11296.547 | N44: 11879.408 | O44: 12376.372 | P44: 13023.394 | Q44: 13579.556 | R44: 14122.086 | S44: 14648.886 | T44: 15243.213 | U44: 15647.887 | V44: 16116.925 | W44: 16563.928 | X44: 16987.903 | Y44: 17352.163 | Z44: 17763.994 | AA44: 18115.327 | AB44: 18442.052 | AC44: 18744.349 | AD44: 19022.609 | AE44: 19277.424 | AF44: 19509.568 | AG44: 19719.986 | AH44: 19909.778 | AI44: 20080.182 | AJ44: 20232.561 | AK44: 20368.386 | AL44: 20489.223 | AM44: 20596.717 | AN44: 20692.585 | AO44: 20778.6 | AP44: 20856.583 | AQ44: 20928.396 | AR44: 20995.933 | AS44: 21061.12 | AT44: 21125.905 | AU44: 21192.262 | AV44: 21262.192 | AW44: 21337.72 | AX44: 21421.627
B45: =SUM(B2:B44) -> 46995.107 | C45: =SUM(C2:C44) -> 49359.19 | D45: =SUM(D2:D44) -> 51632.031 | E45: =SUM(E2:E44) -> 52613.648 | F45: =SUM(F2:F44) -> 54398.939 | G45: =SUM(G2:G44) -> 57730.948 | H45: =SUM(H2:H44) -> 60863.727 | I45: =SUM(I2:I44) -> 63157.176 | ... R45: =SUM(R2:R44) -> 94793.464

Sheet Energy Balance-2019
A1: 全国能源平衡表(标准量)-2019 | B1: 能源合计
A2: 项 目 | B2: (发电煤耗 计算法) (Coal Equivalent Calculation) | C2: (电热当量_x000D_ 计算法)_x000D_ (Calorific Value_x000D_ Calculation) | D2: 煤合计_x000D_ Coal Total | E2: 原煤_x000D_ Raw Coal | F2: 洗精煤_x000D_ Cleaned_x000D_ Coal | G2: 其他洗煤_x000D_ Other_x000D_ Washed_x000D_ Coal | H2: 煤制品_x000D_ Briquettes | I2: 煤矸石_x000D_ Gangue | J2: 焦炭_x000D_ Coke | K2: 焦炉煤气_x000D_ Coke Oven_x000D_ Gas | L2: 高炉煤气_x000D_ Blast Furnace_x000D_ Gas | M2: 转炉煤气_x000D_ Converter_x000D_ Gas | N2: 其他煤气_x000D_ Other Gas | O2: 其他焦化产品_x000D_ Other_x000D_ Coking_x000D_ Products | P2: 油品合计_x000D_ Petroleum_x000D_ Products_x000D_ Total | Q2: 原油_x000D_ Crude Oil | R2: 汽油_x000D_ Gasoline | S2: 煤油_x000D_ Kerosene | T2: 柴油_x000D_ Diesel Oil | U2: 燃料油_x000D_ Fuel Oil | V2: 石脑油_x000D_ Naphtha | W2: 润滑油_x000D_ Lubricants | X2: 石蜡_x000D_ Paraffin_x000D_ Waxes | Y2: 溶剂油_x000D_ White spirit | Z2: 石油沥青_x000D_ Bitumen_x000D_ Asphalt | AA2: 石油焦_x000D_ Petroleum_x000D_ Coke | AB2: 液化石油气_x000D_ Liquefied_x000D_ Petroleum Gas | AC2: 炼厂干气_x000D_ Refinery_x000D_ Gas | AD2: 其他石油制品_x000D_ Other_x000D_ Petroleum_x000D_ Products | AE2: 天然气_x000D_ Natural Gas | AF2: 液化天然气_x000D_ Liquefied_x000D_ Natural Gas | AG2: 热力_x000D_ Heat | AH2: 电力_x000D_ Electricity | AI2: 其他能源_x000D_ Other_x000D_ Energy
A3: 一.可供本地区消费的能源量 | B3: 493177.64 | C3: 453286.22 | D3: 284183.64 | E3: 283009.77 | F3: 1223.11 | G3: -37.8 | H3: -11.44 | J3: -740.33 | P3: 95806.57 | Q3: 97155.49 | R3: -1751.57 | S3: -1941.95 | T3: -2839.42 | U3: 492.83 | V3: 986.85 | W3: 25.24 | X3: -49.03 | Y3: 6.34 | Z3: 359.43 | AA3: 619.94 | AB3: 3343.93 | AD3: -601.53 | AE3: 28429.94 | AF3: 10586.9 | AH3: 27855.08 | AI3: 7164.43
A4: 1.一次能源生产量 | B4: 397317.24 | C4: 357130.2 | D4: 272134.12 | E4: 272134.12 | P4: 27288.27 | Q4: 27288.27 | AE4: 22481.87 | AH4: 28061.51 | AI4: 7164.43
A5: 水电 | B5: 38990.4 | C5: 16031.54 | AH5: 16031.54
A6: 核电 | B6: 10412.53 | C6: 4281.28 | AH6: 4281.28
A7: 风电 | B7: 12136.52 | C7: 4990.13 | AH7: 4990.13
A8: 2.进口量 | B8: 117421.96 | C8: 117336.45 | D8: 18563.86 | E8: 18563.86 | J8: 50.81 | P8: 81667.05 | Q8: 72240.88 | R8: 49.05 | S8: 539.64 | T8: 173.42 | U8: 2122.2 | V8: 1053.33 | W8: 41.24 | X8: 13.45 | Y8: 5.53 | Z8: 561.19 | AA8: 872.04 | AB8: 3616.03 | AD8: 379.06 | AE8: 6395.09 | AF8: 10599.94 | AH8: 59.71
A9: 3.境内飞机和轮船在境外的加油量 | B9: 1641.57 | C9: 1641.57 | P9: 1641.57 | S9: 828.81 | T9: 37.07 | U9: 775.69
A10: 4.出口量(-) | B10: 12758.14 | C10: 12377 | D10: 510.51 | E10: 508.39 | H10: 2.12 | J10: 633.6 | P10: 10506.69 | Q10: 115.72 | R10: 2408.77 | S10: 2591.84 | T10: 3115.65 | U10: 1596.69 | W10: 15.91 | X10: 82.12 | Y10: 0.38 | Z10: 85.97 | AA10: 240.41 | AB10: 241.53 | AD10: 11.69 | AE10: 447.02 | AF10: 13.03 | AH10: 266.14
A11: 5.境外飞机和轮船在境内的加油量(-) | B11: 1393.3 | C11: 1393.3 | P11: 1393.3 | S11: 703.81 | T11: 74.04 | U11: 615.45
A12: 6.库存增(-)、减(+)量 | B12: -9051.69 | C12: -9051.69 | D12: -6003.83 | E12: -7179.82 | F12: 1223.11 | G12: -37.8 | H12: -9.31 | J12: -157.53 | P12: -2890.33 | Q12: -2257.94 | R12: 608.15 | S12: -14.74 | T12: 139.78 | U12: -192.91 | V12: -66.48 | W12: -0.08 | X12: 19.64 | Y12: 1.19 | Z12: -115.79 | AA12: -11.69 | AB12: -30.57 | AD12: -968.89
A13: 二.加工转换投入(-)产出(+)量 | B13: -806.38 | C13: -92684.02 | D13: -227054.14 | E13: -233722.1 | F13: -1662.57 | G13: 7486.23 | H13: 844.3 | I13: 58.74 | J13: 45856.37 | K13: 3914.43 | L13: 10424.48 | M13: 1593.23 | N13: 327.29 | O13: 1243.96 | P13: -3943.21 | Q13: -95584.69 | R13: 21853.36 | S13: 7831.65 | T13: 25056.2 | U13: 3015.88 | V13: 7644.17 | W13: 325.45 | X13: 413.16 | Y13: 120.84 | Z13: 3891.27 | AA13: 2546.57 | AB13: 6183.05 | AC13: 2900.84 | AD13: 9859.03 | AE13: -8637.6 | AF13: 1585.4 | AG13: 18758.62 | AH13: 64155.62 | AI13: -967.2
A14: 1.火力发电 | C14: -91877.63 | D14: -139118.43 | E14: -136611.87 | G14: -2506.55 | I14: -493.41 | J14: -24.58 | K14: -1188.58 | L14: -3152.43 | M14: -892.98 | N14: -0.23 | P14: -380.08 | Q14: -22.87 | T14: -35.23 | U14: -19.91 | V14: -18.02 | AA14: -190.24 | AB14: -0.19 | AC14: -82.64 | AD14: -10.97 | AE14: -5000.68 | AF14: -407.29 | AG14: -3806.6 | AH14: 64155.62 | AI14: -1567.97
A15: 2.供热 | B15: -6714.1 | C15: -6714.1 | D15: -21426.63 | E15: -20663.14 | G15: -763.49 | I15: -129.26 | J15: -46.15 | K15: -357.33 | L15: -737.4 | M15: -123.55 | N15: -2.14 | P15: -884.67 | R15: -0.07 | T15: -7.72 | U15: -86.01 | V15: -244.66 | AA15: -235.39 | AB15: -6.95 | AC15: -273.42 | AD15: -30.46 | AE15: -1827.22 | AF15: -59.02 | AG15: 19271.23 | AI15: -391.96
A16: 3.煤炭洗选 | B16: -4482.21 | C16: -4482.21 | D16: -5163.62 | E16: -65257.08 | F16: 48477.06 | G16: 11616.4 | I16: 681.4
A17: 4.炼焦 | B17: -4208.85 | C17: -4208.85 | D17: -57213.38 | E17: -7073.75 | F17: -50139.63 | J17: 45943.14 | K17: 5460.34 | O17: 1601.05
A18: 5.炼油及煤制油 | B18: 11225.14 | C18: 11225.14 | D18: -2313.76 | E18: -2231.23 | G18: -82.53 | O18: -357.1 | P18: 14447.76 | Q18: -95561.82 | R18: 21895.43 | S18: 7831.65 | T18: 25219.88 | U18: 6437.34 | V18: 9930.1 | W18: 328.63 | X18: 421.55 | Y18: 120.84 | Z18: 4341.15 | AA18: 2980.75 | AB18: 7217.22 | AC18: 3438.09 | AD18: 19846.95 | AE18: -412.79 | AI18: -138.98
A19: #油品再投入量(-) | B19: -17119.9 | C19: -17119.9 | P19: -17119.9 | R19: -41.99 | T19: -120.73 | U19: -3315.54 | V19: -2023.25 | W19: -3.18 | X19: -8.4 | Z19: -449.89 | AA19: -8.55 | AB19: -1020.7 | AC19: -181.19 | AD19: -9946.49
A20: 6.制气 | B20: -553.72 | C20: -553.72 | D20: -1703.05 | E20: -1614 | G20: -89.04 | N20: 329.66 | P20: -6.32 | AB20: -6.32 | AE20: 825.99
A21: #焦炭再投入量(-) | B21: -16.04 | C21: -16.04 | J21: -16.04
A22: 7.天然气液化 | B22: -171.51 | C22: -171.51 | M22: -0.32 | AE22: -2222.9 | AF22: 2051.7
A23: 8.煤制品加工 | B23: -115.28 | C23: -115.28 | D23: -115.28 | E23: -271.02 | G23: -688.56 | H23: 844.3
A24: 9.回收能 | B24: 21350.09 | C24: 21350.09 | L24: 14314.31 | M24: 2610.08 | AG24: 3294 | AI24: 1131.7
A25: 三.损失量 | B25: 1046230 | C25: 4601.13 | P25: 49.41 | Q25: 48.33 | AB25: 1.08 | AE25: 267.35 | AF25: 11.02 | AG25: 180.65 | AH25: 4092.7
A26: 四.终端消费量 | B26: 476219.21 | C26: 350311.67 | D26: 54565.47 | E26: 46663.57 | G26: 7074.83 | H26: 827.07 | J26: 45011.41 | K26: 4060.37 | L26: 10724.58 | M26: 1578.28 | N26: 339.45 | O26: 1307.62 | P26: 88423.17 | Q26: 466.43 | R26: 20010.13 | S26: 5812.37 | T26: 21573.27 | U26: 3279.16 | V26: 8620.63 | W26: 351.28 | X26: 350.89 | Y26: 134.61 | Z26: 4265.92 | AA26: 3182.52 | AB26: 9364.33 | AC26: 2876.54 | AD26: 8135.1 | AE26: 19547.35 | AF26: 12167.23 | AG26: 18577.97 | AH26: 87917.76 | AI26: 6091.03
A27: 1.农、林、牧、渔业 | B27: 9017.78 | C27: 6665.99 | D27: 1718.72 | E27: 1669.47 | G27: 49.25 | J27: 57.96 | P27: 2553.05 | R27: 372.53 | S27: 16.11 | T27: 2149.3 | U27: 1.7 | AB27: 13.41 | AE27: 15.85 | AG27: 2.38 | AH27: 1642.19 | AI27: 675.84
A28: 2.工业 | B28: 311541.68 | C28: 228170.91 | D28: 43080.67 | E28: 35846.24 | G28: 6701.86 | H28: 532.57 | J28: 44908.66 | K28: 4010.45 | L28: 10724.58 | M28: 1578.28 | N28: 251.68 | O28: 1307.62 | P28: 30620.63 | Q28: 466.43 | R28: 343.45 | S28: 16.15 | T28: 1716.85 | U28: 310.81 | V28: 8620.63 | W28: 351.28 | X28: 350.89 | Y28: 134.61 | Z28: 346.39 | AA28: 3182.52 | AB28: 3886.31 | AC28: 2876.54 | AD28: 8017.79 | AE28: 8052.53 | AF28: 11461.68 | AG28: 12981.75 | AH28: 58215.51 | AI28: 976.87
A29: #用作原料、材料 | B29: 29000.42 | C29: 29000.42 | D29: 9854.31 | E29: 8872.82 | G29: 938.93 | H29: 42.55 | J29: 1432.59 | O29: 517.03 | P29: 15850.69 | R29: 3.16 | S29: 1.73 | T29: 25.36 | U29: 44.71 | V29: 8257.95 | W29: 321.33 | X29: 344.98 | Y29: 130.01 | Z29: 271.03 | AA29: 2390.17 | AB29: 863.83 | AC29: 79.13 | AD29: 3117.32 | AE29: 1179.66 | AF29: 166.15
A30: 3.建筑业 | B30: 9142.02 | C30: 7397.47 | D30: 540.43 | E30: 517.11 | G30: 23.31 | J30: 9.42 | P30: 5484.7 | R30: 735.54 | S30: 23.59 | T30: 772.66 | U30: 45.48 | Z30: 3766.07 | AB30: 24.05 | AD30: 117.31 | AE30: 35.91 | AG30: 78.44 | AH30: 1218.17 | AI30: 30.41
A31: 4.交通运输、仓储和邮政业 | B31: 43602.33 | C31: 40518.11 | D31: 216.9 | E31: 206.58 | G31: 10.32 | J31: 0.35 | P31: 32308.73 | R31: 9188.78 | S31: 5428.3 | T31: 14377.66 | U31: 2893.36 | Z31: 153.45 | AB31: 267.18 | AE31: 3504.47 | AF31: 705.54 | AG31: 141.58 | AH31: 2153.62 | AI31: 1486.9
A32: 5.批发和零售业、住宿和餐饮业 | B32: 13624.29 | C32: 8014.8 | D32: 1956.13 | E32: 1917.21 | G32: 21.56 | H32: 17.36 | J32: 16.43 | K32: 5.4 | N32: 16.85 | P32: 913.93 | R32: 423.68 | S32: 22.76 | T32: 297.08 | U32: 14.59 | AB32: 155.82 | AE32: 797.02 | AG32: 325.08 | AH32: 3916.95 | AI32: 67.01
A33: 6.其他 | B33: 27581.84 | C33: 16557.22 | D33: 2091.57 | E33: 2038.06 | G33: 48.18 | H33: 5.32 | J33: 6.14 | K33: 7.03 | P33: 5095.45 | R33: 3297.3 | S33: 270.99 | T33: 1390.13 | U33: 13.21 | AB33: 123.82 | AE33: 731.41 | AG33: 655.56 | AH33: 7698.19 | AI33: 271.88
A34: 7.居民生活 | B34: 61709.27 | C34: 42987.16 | D34: 4961.04 | E34: 4468.88 | G34: 220.34 | H34: 271.81 | J34: 12.45 | K34: 37.48 | N34: 70.93 | P34: 11446.67 | R34: 5648.85 | S34: 34.47 | T34: 869.58 | AB34: 4893.76 | AE34: 6410.16 | AG34: 4393.17 | AH34: 13073.14 | AI34: 2582.12
A35: 城镇 | B35: 36940.67 | C35: 26665 | D35: 596.24 | E35: 492.39 | G35: 30.14 | H35: 73.71 | J35: 2.82 | K35: 28.68 | N35: 70.64 | P35: 7808.59 | R35: 3781.63 | S35: 0.53 | T35: 399.92 | AB35: 3626.51 | AE35: 6347.37 | AG35: 4393.17 | AH35: 7175.21 | AI35: 242.26
A36: 乡村 | B36: 24768.61 | C36: 16322.16 | D36: 4364.8 | E36: 3976.5 | G36: 190.2 | H36: 198.1 | J36: 9.62 | K36: 8.8 | N36: 0.29 | P36: 3638.07 | R36: 1867.22 | S36: 33.95 | T36: 469.66 | AB36: 1267.25 | AE36: 62.79 | AH36: 5897.92 | AI36: 2339.86
A37: 五.平衡差额 | B37: 5689.75 | C37: 5689.41 | D37: 2564.03 | E37: 2624.1 | F37: -439.46 | G37: 373.6 | H37: 5.79 | I37: 58.74 | J37: 104.64 | K37: -145.94 | L37: -300.1 | M37: 14.95 | N37: -12.16 | O37: -63.66 | P37: 3390.77 | Q37: 1056.04 | R37: 91.66 | S37: 77.34 | T37: 643.52 | U37: 229.55 | V37: 10.4 | W37: -0.59 | X37: 13.24 | Y37: -7.44 | Z37: -15.22 | AA37: -16.01 | AB37: 161.56 | AC37: 24.3 | AD37: 1122.4 | AE37: -22.36 | AF37: -5.95 | AG37: 0.01 | AH37: 0.24 | AI37: 106.2
A38: 六.消费量合计 | B38: 487487.89 | C38: 447596.81

Sheet Energy Balance-2020
A1: 全国能源平衡表(标准量)-2020
A2: 项 目 | B2: (发电煤耗 计算法) (Coal Equivalent Calculation) | C2: (电热当量_x000D_ 计算法)_x000D_ (Calorific Value_x000D_ Calculation) | D2: 煤合计_x000D_ Coal Total | E2: 原煤_x000D_ Raw Coal | F2: 洗精煤_x000D_ Cleaned_x000D_ Coal | G2: 其他洗煤_x000D_ Other_x000D_ Washed_x000D_ Coal | H2: 煤制品_x000D_ Briquettes | I2: 煤矸石_x000D_ Gangue | J2: 焦炭_x000D_ Coke | K2: 焦炉煤气_x000D_ Coke Oven_x000D_ Gas | L2: 高炉煤气_x000D_ Blast Furnace_x000D_ Gas | M2: 转炉煤气_x000D_ Converter_x000D_ Gas | N2: 其他煤气_x000D_ Other Gas | O2: 其他焦化产品_x000D_ Other_x000D_ Coking_x000D_ Products | P2: 油品合计_x000D_ Petroleum_x000D_ Products_x000D_ Total | Q2: 原油_x000D_ Crude Oil | R2: 汽油_x000D_ Gasoline | S2: 煤油_x000D_ Kerosene | T2: 柴油_x000D_ Diesel Oil | U2: 燃料油_x000D_ Fuel Oil | V2: 石脑油_x000D_ Naphtha | W2: 润滑油_x000D_ Lubricants | X2: 石蜡_x000D_ Paraffin_x000D_ Waxes | Y2: 溶剂油_x000D_ White spirit | Z2: 石油沥青_x000D_ Bitumen_x000D_ Asphalt | AA2: 石油焦_x000D_ Petroleum_x000D_ Coke | AB2: 液化石油气_x000D_ Liquefied_x000D_ Petroleum Gas | AC2: 炼厂干气_x000D_ Refinery_x000D_ Gas | AD2: 其他石油制品_x000D_ Other_x000D_ Petroleum_x000D_ Products | AE2: 天然气_x000D_ Natural Gas | AF2: 液化天然气_x000D_ Liquefied_x000D_ Natural Gas | AG2: 热力_x000D_ Heat | AH2: 电力_x000D_ Electricity | AI2: 其他能源_x000D_ Other_x000D_ Energy
A3: 一.可供本地区消费的能源量 | B3: 507478.68 | C3: 464901.27 | D3: 289194.95 | E3: 290159.3 | F3: -672.87 | G3: -286.74 | H3: -4.74 | J3: 120.25 | P3: 96752.95 | Q3: 99958.64 | R3: -2100.65 | S3: -1055.05 | T3: -3016.44 | U3: -623.46 | V3: 1158.68 | W3: 23.06 | X3: -67.85 | Y3: 7.49 | Z3: 298.87 | AA3: 889.92 | AB3: 3243.57 | AD3: -1963.83 | AE3: 29996.88 | AF3: 11735.36 | AH3: 29886.45 | AI3: 7214.43
A4: 1.一次能源生产量 | B4: 407295.2 | C4: 364419.41 | D4: 274719.77 | E4: 274719.77 | P4: 27824.64 | Q4: 27824.64 | AE4: 24564.68 | AH4: 30095.89 | AI4: 7214.43
A5: 水电 | B5: 40383.62 | C5: 16655.52 | AH5: 16655.52
A6: 核电 | B6: 10913.96 | C6: 4501.27 | AH6: 4501.27
A7: 风电 | B7: 13900.37 | C7: 5732.96 | AH7: 5732.96
A8: 2.进口量 | B8: 123687.97 | C8: 123604.79 | D8: 18830.69 | E8: 18830.69 | J8: 289.39 | P8: 86599.55 | Q8: 77431.08 | R8: 70.69 | S8: 390.99 | T8: 173.53 | U8: 1790.7 | V8: 1183.04 | W8: 40.94 | X8: 15.48 | Y8: 5.41 | Z8: 623.46 | AA8: 1079.05 | AB8: 3436.54 | AD8: 358.63 | AE8: 6081.08 | AF8: 11745.69 | AH8: 58.39
A9: 3.境内飞机和轮船在境外的加油量 | B9: 1117.09 | C9: 1117.09 | P9: 1117.09 | S9: 365.38 | T9: 26.77 | U9: 724.94
A10: 4.出口量(-) | B10: 11665.68 | C10: 11284.11 | D10: 276.58 | E10: 274.95 | H10: 1.63 | J10: 339.22 | P10: 9741.26 | Q10: 234.02 | R10: 2354.23 | S10: 1467.7 | T10: 2879.16 | U10: 2261.91 | W10: 19 | X10: 90.07 | Y10: 0.45 | Z10: 74.33 | AA10: 187.27 | AB10: 162.66 | AD10: 10.46 | AE10: 648.88 | AF10: 10.33 | AH10: 267.84
A11: 5.境外飞机和轮船在境内的加油量(-) | B11: 1172.11 | C11: 1172.11 | P11: 1172.11 | S11: 336.63 | T11: 51.3 | U11: 784.18
A12: 6.库存增(-)、减(+)量 | B12: -11783.8 | C12: -11783.8 | D12: -4078.93 | E12: -3116.21 | F12: -672.87 | G12: -286.74 | H12: -3.11 | J12: 170.08 | P12: -7874.95 | Q12: -5063.06 | R12: 182.89 | S12: -7.09 | T12: -286.28 | U12: -93.01 | V12: -24.36 | W12: 1.12 | X12: 6.74 | Y12: 2.52 | Z12: -250.26 | AA12: -1.85 | AB12: -30.31 | AD12: -2312.01
A13: 二.加工转换投入(-)产出(+)量 | B13: 16.87 | C13: -93309.47 | D13: -229296.52 | E13: -239230.49 | F13: 1006.02 | G13: 8104.5 | H13: 823.44 | I13: 43.79 | J13: 45306.41 | K13: 4065.7 | L13: 10907.76 | M13: 1796.27 | N13: 259.68 | O13: 1077.48 | P13: -3999.05 | Q13: -98631.23 | R13: 20942.58 | S13: 6076.02 | T13: 23872.13 | U13: 3927.31 | V13: 8432.87 | W13: 366.21 | X13: 326.52 | Y13: 55.23 | Z13: 4351.2 | AA13: 2577 | AB13: 6720.99 | AC13: 2979.58 | AD13: 14004.53 | AE13: -9646.49 | AF13: 164036 | AG13: 20352.3 | AH13: 65508.75 | AI13: -1325.91
A14: 1.火力发电 | C14: -93326.33 | D14: -139530.78 | E14: -136944.67 | G14: -2586.11 | I14: -417.52 | J14: -242.87 | K14: -1244.77 | L14: -3771.22 | M14: -979.52 | N14: -6.22 | P14: -394.7 | Q14: -23.64 | T14: -40.19 | U14: -42.04 | AA14: -199.37 | AB14: -0.24 | AC14: -78.86 | AD14: -10.35 | AE14: -5249.55 | AF14: -620.97 | AG14: -4359.14 | AH14: 65508.75 | AI14: -2017.84
A15: 2.供热 | B15: -7202.87 | C15: -7202.87 | D15: -22770.06 | E15: -21960.55 | G15: -809.52 | I15: -152.56 | J15: -272.27 | K15: -326.65 | L15: -643.06 | M15: -133.46 | N15: -2.85 | P15: -895.53 | T15: -4.24 | U15: -330.55 | AA15: -269.38 | AB15: -13.21 | AC15: -259.59 | AD15: -18.55 | AE15: -2165 | AF15: -85.9 | AG15: 20934.21 | AI15: -689.73
A16: 3.煤炭洗选 | B16: -4548.04 | C16: -4548.04 | D16: -5161.92 | E16: -67952.82 | F16: 50512.89 | G16: 12278.01 | I16: 613.88
A17: 4.炼焦 | B17: -3937.65 | C17: -3937.65 | D17: -57229.5 | E17: -7722.64 | F17: -49506.87 | J17: 45838.64 | K17: 5899.9 | O17: 1558.15 | P17: -4.83 | AA17: -4.83
A18: 5.炼油及煤制油 | B18: 14258.47 | C18: 14258.47 | D18: -2177.1 | E18: -2105.27 | G18: -71.82 | O18: -475.52 | P18: 17727.32 | Q18: -98607.59 | R18: 20977.29 | S18: 6076.02 | T18: 24085.65 | U18: 8258.31 | V18: 10786.07 | W18: 372.5 | X18: 340.41 | Y18: 58.64 | Z18: 5175.12 | AA18: 3104.75 | AB18: 7695.49 | AC18: 3690.6 | AD18: 25714.06 | AE18: -401 | AI18: -415.24
A19: #油品再投入量(-) | B19: -20390.25 | C19: -20390.25 | P19: -20390.25 | R19: -34.71 | T19: -169.09 | U19: -3958.41 | V19: -2353.21 | W19: -6.3 | X19: -13.89 | Y19: -3.41 | Z19: -823.91 | AA19: -44.45 | AB19: -954.67 | AC19: -347.58 | AD19: -11680.62
A20: 6.制气 | B20: -425.68 | C20: -425.68 | D20: -2316.63 | E20: -2231.12 | G20: -85.51 | N20: 268.75 | O20: 2.51 | P20: -41.07 | AA20: -9.71 | AB20: -6.38 | AC20: -24.98 | AE20: 892.58 | AI20: 768.2
A21: #焦炭再投入量(-) | B21: -481.1 | C21: -481.1 | J21: -17.09 | K21: -262.78 | O21: -7.65 | AE21: -193.58
A22: 7.天然气液化 | B22: -182.7 | C22: -182.7 | AE22: -2529.93 | AF22: 2347.23
A23: 8.煤制品加工 | B23: -110.54 | C23: -110.54 | D23: -110.54 | E23: -313.42 | G23: -620.56 | H23: 823.44
A24: 9.回收能 | B24: 23037.21 | C24: 23037.21 | L24: 15322.04 | M24: 2909.25 | AG24: 3777.23 | AI24: 1028.7
A25: 三.损失量 | B25: 10175.19 | C25: 4513.74 | P25: 26.27 | Q25: 25.19 | AB25: 1.08 | AE25: 333.45 | AF25: 2.59 | AG25: 177.48 | AH25: 3973.95
A26: 四.终端消费量 | B26: 488155.77 | C26: 357913.48 | D26: 52835.06 | E26: 44530.33 | G26: 7523.62 | H26: 781.11 | J26: 46396.5 | K26: 4155.26 | L26: 11109.51 | M26: 1767.82 | N26: 267.55 | O26: 1156.26 | P26: 89669.83 | Q26: 598.63 | R26: 18750.89 | S26: 4932.28 | T26: 20597.81 | U26: 3332.87 | V26: 9268.03 | W26: 378.72 | X26: 270.52 | Y26: 64.79 | Z26: 4558.26 | AA26: 3321.58 | AB26: 9689.34 | AC26: 2928.41 | AD26: 10977.7 | AE26: 20019.77 | AF26: 13366.45 | AG26: 20157.52 | AH26: 91421.24 | AI26: 5590.7
A27: 1.农、林、牧、渔业 | B27: 9262.85 | C27: 6772.91 | D27: 1727.13 | E27: 1683.05 | G27: 44.07 | J27: 22.58 | P27: 2589.05 | R27: 378.66 | S27: 16.19 | T27: 2181.5 | U27: 1.62 | AB27: 11.09 | AE27: 16.34 | AG27: 3.82 | AH27: 1747.77 | AI27: 666.23
A28: 2.工业 | B28: 322677.35 | C28: 236674.13 | D28: 42043.42 | E28: 34315.91 | G28: 7182.39 | H28: 545.12 | J28: 46359.35 | K28: 4105.95 | L28: 11109.51 | M28: 1767.82 | N28: 174.36 | O28: 1156.26 | P28: 34291.99 | Q28: 598.63 | R28: 235.98 | S28: 13.82 | T28: 1281.64 | U28: 329.56 | V28: 9268.03 | W28: 378.72 | X28: 270.52 | Y28: 64.79 | Z28: 457.88 | AA28: 3321.58 | AB28: 4279.46 | AC28: 2928.41 | AD28: 10862.97 | AE28: 7847.77 | AF28: 12402.15 | AG28: 14056.59 | AH28: 60368.43 | AI28: 990.53
A29: #用作原料、材料 | B29: 34557.13 | C29: 34557.13 | D29: 10411.24 | E29: 9067.5 | G29: 1243.37 | H29: 100.37 | J29: 1766.29 | K29: 602.71 | O29: 426.95 | P29: 19841.31 | R29: 3.64 | S29: 2.68 | T29: 30.23 | U29: 54.27 | V29: 8625.57 | W29: 347.87 | X29: 265.22 | Y29: 60.97 | Z29: 398.42 | AA29: 2544.19 | AB29: 1485.89 | AC29: 199.8 | AD29: 5822.55 | AE29: 1115.83 | AF29: 287.02 | AI29: 105.78
A30: 3.建筑业 | B30: 9320.36 | C30: 7550.03 | D30: 530.5 | E30: 507.91 | G30: 22.59 | J30: 3.47 | P30: 5645.25 | R30: 748.05 | S30: 15.91 | T30: 734.26 | U30: 58.21 | Z30: 3954.66 | AB30: 19.43 | AD30: 114.73 | AE30: 33.7 | AG30: 65.92 | AH30: 1242.65 | AI30: 28.55
A31: 4.交通运输、仓储和邮政业 | B31: 41098.69 | C31: 38032.92 | D31: 181.28 | E31: 172.26 | G31: 9.02 | P31: 29919.72 | R31: 8200.94 | S31: 4577.17 | T31: 13889.04 | U31: 2917.22 | Z31: 145.72 | AB31: 189.63 | AE31: 3474.24 | AF31: 964.31 | AG31: 133.16 | AH31: 2151.96 | AI31: 1208.26
A32: 5.批发和零售业、住宿和餐饮业 | B32: 13171.11 | C32: 7622.5 | D32: 1619.29 | E32: 1588.67 | G32: 20.18 | H32: 10.43 | J32: 0.02 | K32: 3.88 | N32: 17.04 | P32: 875.74 | R32: 402.04 | S32: 21.72 | T32: 287.94 | U32: 16.85 | AB32: 147.2 | AE32: 792.95 | AG32: 354.83 | AH32: 3894.74 | AI32: 64
A33: 6.其他 | B33: 28245.06 | C33: 16834.53 | D33: 2031 | E33: 1985.9 | G33: 41.35 | H33: 3.75 | K33: 5.03 | P33: 5111.49 | R33: 3315.2 | S33: 269.2 | T33: 1378.64 | U33: 9.41 | AB33: 139.03 | AE33: 708.91 | AG33: 723.19 | AH33: 8009.42 | AI33: 245.5
A34: 7.居民生活 | B34: 64380.34 | C34: 44426.45 | D34: 4702.44 | E34: 4276.61 | G34: 204.03 | H34: 221.8 | J34: 11.09 | K34: 40.4 | N34: 76.14 | P34: 11236.59 | R34: 5470.02 | S34: 18.27 | T34: 844.79 | AB34: 4903.5 | AE34: 7145.86 | AG34: 4820.01 | AH34: 14006.28 | AI34: 2387.64
A35: 城镇 | B35: 38731.64 | C35: 27951.09 | D35: 456.92 | E35: 381.85 | G35: 28.2 | H35: 46.86 | J35: 2.74 | K35: 29.26 | N35: 75.75 | P35: 7695.71 | R35: 3694.65 | S35: 0.53 | T35: 386.55 | AB35: 3613.97 | AE35: 7065.49 | AG35: 4820.01 | AH35: 7567.21 | AI35: 238
A36: 乡村 | B36: 25648.71 | C36: 16475.36 | D36: 4245.52 | E36: 3894.76 | G36: 175.82 | H36: 174.94 | J36: 8.34 | K36: 11.14 | N36: 0.39 | P36: 3540.88 | R36: 1775.37 | S36: 17.75 | T36: 458.24 | AB36: 1289.53 | AE36: 80.37 | AH36: 6439.07 | AI36: 2149.64
A37: 五.平衡差额 | B37: 9164.59 | C37: 9164.59 | D37: 7063.37 | E37: 6398.49 | F37: 333.16 | G37: 294.13 | H37: 37.59 | I37: 43.79 | J37: -969.84 | K37: -89.56 | L37: -201.75 | M37: 28.45 | N37: -7.87 | O37: -78.77 | P37: 3057.8 | Q37: 703.59 | R37: 91.03 | S37: 88.7 | T37: 257.88 | U37: -29.02 | V37: 323.52 | W37: 10.55 | X37: -11.85 | Y37: -2.07 | Z37: 91.81 | AA37: 145.34 | AB37: 274.14 | AC37: 51.17 | AD37: 1063 | AE37: -2.83 | AF37: 6.67 | AG37: 17.3 | AI37: 297.82
A38: 六.消费量合计 | B38: 498314.09 | C38: 455736.68

Sheet Non-energy Use 2019
A1: Feedstock - BTU | C1: =VLOOKUP(C$3,'Fuel Match'!$B$2:$D$35,3,0) -> coal | D1: =VLOOKUP(D$3,'Fuel Match'!$B$2:$D$35,3,0) -> coal | E1: =VLOOKUP(E$3,'Fuel Match'!$B$2:$D$35,3,0) -> coal | F1: =VLOOKUP(F$3,'Fuel Match'!$B$2:$D$35,3,0) -> coal | G1: =VLOOKUP(G$3,'Fuel Match'!$B$2:$D$35,3,0) -> coal | H1: =VLOOKUP(H$3,'Fuel Match'!$B$2:$D$35,3,0) -> coal | I1: =VLOOKUP(I$3,'Fuel Match'!$B$2:$D$35,3,0) -> LPG propane or butane | J1: =VLOOKUP(J$3,'Fuel Match'!$B$2:$D$35,3,0) -> LPG propane or butane | ... AF1: =VLOOKUP(AF$3,'Fuel Match'!$B$2:$D$35,3,0) -> biomass
A2: 项 目 | C2: 原煤_x000D_ Raw Coal | D2: 洗精煤_x000D_ Cleaned_x000D_ Coal | E2: 其他洗煤_x000D_ Other_x000D_ Washed_x000D_ Coal | F2: 煤制品_x000D_ Briquettes | G2: 煤矸石_x000D_ Gangue | H2: 焦炭_x000D_ Coke | I2: 焦炉煤气_x000D_ Coke Oven_x000D_ Gas | J2: 高炉煤气_x000D_ Blast Furnace_x000D_ Gas | K2: 转炉煤气_x000D_ Converter_x000D_ Gas | L2: 其他煤气_x000D_ Other Gas | M2: 其他焦化产品_x000D_ Other_x000D_ Coking_x000D_ Products | N2: 原油_x000D_ Crude Oil | O2: 汽油_x000D_ Gasoline | P2: 煤油_x000D_ Kerosene | Q2: 柴油_x000D_ Diesel Oil | R2: 燃料油_x000D_ Fuel Oil | S2: 石脑油_x000D_ Naphtha | T2: 润滑油_x000D_ Lubricants | U2: 石蜡_x000D_ Paraffin_x000D_ Waxes | V2: 溶剂油_x000D_ White spirit | W2: 石油沥青_x000D_ Bitumen_x000D_ Asphalt | X2: 石油焦_x000D_ Petroleum_x000D_ Coke | Y2: 液化石油气_x000D_ Liquefied_x000D_ Petroleum Gas | Z2: 炼厂干气_x000D_ Refinery_x000D_ Gas | AA2: 其他石油制品_x000D_ Other_x000D_ Petroleum_x000D_ Products | AB2: 天然气_x000D_ Natural Gas | AC2: 液化天然气_x000D_ Liquefied_x000D_ Natural Gas | AD2: 热力_x000D_ Heat | AE2: 电力_x000D_ Electricity | AF2: 其他能源_x000D_ Other_x000D_ Energy
A3: Rename | C3: 原煤 | D3: 洗精煤 | E3: 其他洗煤 | F3: 煤制品 | G3: 煤矸石 | H3: 焦炭 | I3: 焦炉煤气 | J3: 高炉煤气 | K3: 转炉煤气 | L3: 其他煤气 | M3: 其他焦化产品 | N3: 原油 | O3: 汽油 | P3: 煤油 | Q3: 柴油 | R3: 燃料油 | S3: 石脑油 | T3: 润滑油 | U3: 石蜡 | V3: 溶剂油 | W3: 石油沥青 | X3: 石油焦 | Y3: 液化石油气 | Z3: 炼厂干气 | AA3: 其他石油制品 | AB3: 天然气 | AC3: 液化天然气 | AD3: 热力 | AE3: 电力 | AF3: 其他能源
A4: 工业原料 | C4: =INDEX('Energy Balance-2019'!$A$2:$AI$38,MATCH('Energy Balance-2019'!$A$29,'Energy Balance-2019'!$A$2:$A$38,0),MATCH(C$2,'Energy Balance-2019'!$A$2:$AI$2,0))*'Heat Value'!$P$78 -> 2.4647137e+15 | D4: =INDEX('Energy Balance-2019'!$A$2:$AI$38,MATCH('Energy Balance-2019'!$A$29,'Energy Balance-2019'!$A$2:$A$38,0),MATCH(D$2,'Energy Balance-2019'!$A$2:$AI$2,0))*'Heat Value'!$P$78 -> 0 | E4: =INDEX('Energy Balance-2019'!$A$2:$AI$38,MATCH('Energy Balance-2019'!$A$29,'Energy Balance-2019'!$A$2:$A$38,0),MATCH(E$2,'Energy Balance-2019'!$A$2:$AI$2,0))*'Heat Value'!$P$78 -> 260818275778500 | F4: =INDEX('Energy Balance-2019'!$A$2:$AI$38,MATCH('Energy Balance-2019'!$A$29,'Energy Balance-2019'!$A$2:$A$38,0),MATCH(F$2,'Energy Balance-2019'!$A$2:$AI$2,0))*'Heat Value'!$P$78 -> 11819643247500 | G4: =INDEX('Energy Balance-2019'!$A$2:$AI$38,MATCH('Energy Balance-2019'!$A$29,'Energy Balance-2019'!$A$2:$A$38,0),MATCH(G$2,'Energy Balance-2019'!$A$2:$AI$2,0))*'Heat Value'!$P$78 -> 0 | H4: =INDEX('Energy Balance-2019'!$A$2:$AI$38,MATCH('Energy Balance-2019'!$A$29,'Energy Balance-2019'!$A$2:$A$38,0),MATCH(H$2,'Energy Balance-2019'!$A$2:$AI$2,0))*'Heat Value'!$P$78 -> 397948360045500 | I4: =INDEX('Energy Balance-2019'!$A$2:$AI$38,MATCH('Energy Balance-2019'!$A$29,'Energy Balance-2019'!$A$2:$A$38,0),MATCH(I$2,'Energy Balance-2019'!$A$2:$AI$2,0))*'Heat Value'!$P$78 -> 0 | J4: =INDEX('Energy Balance-2019'!$A$2:$AI$38,MATCH('Energy Balance-2019'!$A$29,'Energy Balance-2019'!$A$2:$A$38,0),MATCH(J$2,'Energy Balance-2019'!$A$2:$AI$2,0))*'Heat Value'!$P$78 -> 0 | ... AF4: =INDEX('Energy Balance-2019'!$A$2:$AI$38,MATCH('Energy Balance-2019'!$A$29,'Energy Balance-2019'!$A$2:$A$38,0),MATCH(AF$2,'Energy Balance-2019'!$A$2:$AI$2,0))*'Heat Value'!$P$78 -> 0
A5: 煤炭开采和洗选业 | C5: =VLOOKUP($A5,'Feedstock Split-2019'!$A$1:$AG$43,MATCH(C$2,'Feedstock Split-2019'!$A$1:$AG$1,0),0)*C$4 -> 0 | D5: =VLOOKUP($A5,'Feedstock Split-2019'!$A$1:$AG$43,MATCH(D$2,'Feedstock Split-2019'!$A$1:$AG$1,0),0)*D$4 -> 0 | E5: =VLOOKUP($A5,'Feedstock Split-2019'!$A$1:$AG$43,MATCH(E$2,'Feedstock Split-2019'!$A$1:$AG$1,0),0)*E$4 -> 0 | F5: =VLOOKUP($A5,'Feedstock Split-2019'!$A$1:$AG$43,MATCH(F$2,'Feedstock Split-2019'!$A$1:$AG$1,0),0)*F$4 -> 0 | G5: =VLOOKUP($A5,'Feedstock Split-2019'!$A$1:$AG$43,MATCH(G$2,'Feedstock Split-2019'!$A$1:$AG$1,0),0)*G$4 -> 0 | H5: =VLOOKUP($A5,'Feedstock Split-2019'!$A$1:$AG$43,MATCH(H$2,'Feedstock Split-2019'!$A$1:$AG$1,0),0)*H$4 -> 0 | I5: =VLOOKUP($A5,'Feedstock Split-2019'!$A$1:$AG$43,MATCH(I$2,'Feedstock Split-2019'!$A$1:$AG$1,0),0)*I$4 -> 0 | J5: =VLOOKUP($A5,'Feedstock Split-2019'!$A$1:$AG$43,MATCH(J$2,'Feedstock Split-2019'!$A$1:$AG$1,0),0)*J$4 -> 0 | ... AF5: =VLOOKUP($A5,'Feedstock Split-2019'!$A$1:$AG$43,MATCH(AF$2,'Feedstock Split-2019'!$A$1:$AG$1,0),0)*AF$4 -> 0
A6: 石油和天然气开采业 | C6: =VLOOKUP($A6,'Feedstock Split-2019'!$A$1:$AG$43,MATCH(C$2,'Feedstock Split-2019'!$A$1:$AG$1,0),0)*C$4 -> 0 | D6: =VLOOKUP($A6,'Feedstock Split-2019'!$A$1:$AG$43,MATCH(D$2,'Feedstock Split-2019'!$A$1:$AG$1,0),0)*D$4 -> 0 | E6: =VLOOKUP($A6,'Feedstock Split-2019'!$A$1:$AG$43,MATCH(E$2,'Feedstock Split-2019'!$A$1:$AG$1,0),0)*E$4 -> 0 | F6: =VLOOKUP($A6,'Feedstock Split-2019'!$A$1:$AG$43,MATCH(F$2,'Feedstock Split-2019'!$A$1:$AG$1,0),0)*F$4 -> 0 | G6: =VLOOKUP($A6,'Feedstock Split-2019'!$A$1:$AG$43,MATCH(G$2,'Feedstock Split-2019'!$A$1:$AG$1,0),0)*G$4 -> 0 | H6: =VLOOKUP($A6,'Feedstock Split-2019'!$A$1:$AG$43,MATCH(H$2,'Feedstock Split-2019'!$A$1:$AG$1,0),0)*H$4 -> 0 | I6: =VLOOKUP($A6,'Feedstock Split-2019'!$A$1:$AG$43,MATCH(I$2,'Feedstock Split-2019'!$A$1:$AG$1,0),0)*I$4 -> 0 | J6: =VLOOKUP($A6,'Feedstock Split-2019'!$A$1:$AG$43,MATCH(J$2,'Feedstock Split-2019'!$A$1:$AG$1,0),0)*J$4 -> 0 | ... AF6: =VLOOKUP($A6,'Feedstock Split-2019'!$A$1:$AG$43,MATCH(AF$2,'Feedstock Split-2019'!$A$1:$AG$1,0),0)*AF$4 -> 0
A7: 黑色金属矿采选业 | C7: =VLOOKUP($A7,'Feedstock Split-2019'!$A$1:$AG$43,MATCH(C$2,'Feedstock Split-2019'!$A$1:$AG$1,0),0)*C$4 -> 0 | D7: =VLOOKUP($A7,'Feedstock Split-2019'!$A$1:$AG$43,MATCH(D$2,'Feedstock Split-2019'!$A$1:$AG$1,0),0)*D$4 -> 0 | E7: =VLOOKUP($A7,'Feedstock Split-2019'!$A$1:$AG$43,MATCH(E$2,'Feedstock Split-2019'!$A$1:$AG$1,0),0)*E$4 -> 0 | F7: =VLOOKUP($A7,'Feedstock Split-2019'!$A$1:$AG$43,MATCH(F$2,'Feedstock Split-2019'!$A$1:$AG$1,0),0)*F$4 -> 0 | G7: =VLOOKUP($A7,'Feedstock Split-2019'!$A$1:$AG$43,MATCH(G$2,'Feedstock Split-2019'!$A$1:$AG$1,0),0)*G$4 -> 0 | H7: =VLOOKUP($A7,'Feedstock Split-2019'!$A$1:$AG$43,MATCH(H$2,'Feedstock Split-2019'!$A$1:$AG$1,0),0)*H$4 -> 0 | I7: =VLOOKUP($A7,'Feedstock Split-2019'!$A$1:$AG$43,MATCH(I$2,'Feedstock Split-2019'!$A$1:$AG$1,0),0)*I$4 -> 0 | J7: =VLOOKUP($A7,'Feedstock Split-2019'!$A$1:$AG$43,MATCH(J$2,'Feedstock Split-2019'!$A$1:$AG$1,0),0)*J$4 -> 0 | ... AF7: =VLOOKUP($A7,'Feedstock Split-2019'!$A$1:$AG$43,MATCH(AF$2,'Feedstock Split-2019'!$A$1:$AG$1,0),0)*AF$4 -> 0
A8: 有色金属矿采选业 | C8: =VLOOKUP($A8,'Feedstock Split-2019'!$A$1:$AG$43,MATCH(C$2,'Feedstock Split-2019'!$A$1:$AG$1,0),0)*C$4 -> 0 | D8: =VLOOKUP($A8,'Feedstock Split-2019'!$A$1:$AG$43,MATCH(D$2,'Feedstock Split-2019'!$A$1:$AG$1,0),0)*D$4 -> 0 | E8: =VLOOKUP($A8,'Feedstock Split-2019'!$A$1:$AG$43,MATCH(E$2,'Feedstock Split-2019'!$A$1:$AG$1,0),0)*E$4 -> 0 | F8: =VLOOKUP($A8,'Feedstock Split-2019'!$A$1:$AG$43,MATCH(F$2,'Feedstock Split-2019'!$A$1:$AG$1,0),0)*F$4 -> 0 | G8: =VLOOKUP($A8,'Feedstock Split-2019'!$A$1:$AG$43,MATCH(G$2,'Feedstock Split-2019'!$A$1:$AG$1,0),0)*G$4 -> 0 | H8: =VLOOKUP($A8,'Feedstock Split-2019'!$A$1:$AG$43,MATCH(H$2,'Feedstock Split-2019'!$A$1:$AG$1,0),0)*H$4 -> 0 | I8: =VLOOKUP($A8,'Feedstock Split-2019'!$A$1:$AG$43,MATCH(I$2,'Feedstock Split-2019'!$A$1:$AG$1,0),0)*I$4 -> 0 | J8: =VLOOKUP($A8,'Feedstock Split-2019'!$A$1:$AG$43,MATCH(J$2,'Feedstock Split-2019'!$A$1:$AG$1,0),0)*J$4 -> 0 | ... AF8: =VLOOKUP($A8,'Feedstock Split-2019'!$A$1:$AG$43,MATCH(AF$2,'Feedstock Split-2019'!$A$1:$AG$1,0),0)*AF$4 -> 0
A9: 非金属矿采选业 | C9: =VLOOKUP($A9,'Feedstock Split-2019'!$A$1:$AG$43,MATCH(C$2,'Feedstock Split-2019'!$A$1:$AG$1,0),0)*C$4 -> 0 | D9: =VLOOKUP($A9,'Feedstock Split-2019'!$A$1:$AG$43,MATCH(D$2,'Feedstock Split-2019'!$A$1:$AG$1,0),0)*D$4 -> 0 | E9: =VLOOKUP($A9,'Feedstock Split-2019'!$A$1:$AG$43,MATCH(E$2,'Feedstock Split-2019'!$A$1:$AG$1,0),0)*E$4 -> 0 | F9: =VLOOKUP($A9,'Feedstock Split-2019'!$A$1:$AG$43,MATCH(F$2,'Feedstock Split-2019'!$A$1:$AG$1,0),0)*F$4 -> 0 | G9: =VLOOKUP($A9,'Feedstock Split-2019'!$A$1:$AG$43,MATCH(G$2,'Feedstock Split-2019'!$A$1:$AG$1,0),0)*G$4 -> 0 | H9: =VLOOKUP($A9,'Feedstock Split-2019'!$A$1:$AG$43,MATCH(H$2,'Feedstock Split-2019'!$A$1:$AG$1,0),0)*H$4 -> 0 | I9: =VLOOKUP($A9,'Feedstock Split-2019'!$A$1:$AG$43,MATCH(I$2,'Feedstock Split-2019'!$A$1:$AG$1,0),0)*I$4 -> 0 | J9: =VLOOKUP($A9,'Feedstock Split-2019'!$A$1:$AG$43,MATCH(J$2,'Feedstock Split-2019'!$A$1:$AG$1,0),0)*J$4 -> 0 | ... AF9: =VLOOKUP($A9,'Feedstock Split-2019'!$A$1:$AG$43,MATCH(AF$2,'Feedstock Split-2019'!$A$1:$AG$1,0),0)*AF$4 -> 0
A10: 开采专业及辅助性活动 | C10: =VLOOKUP($A10,'Feedstock Split-2019'!$A$1:$AG$43,MATCH(C$2,'Feedstock Split-2019'!$A$1:$AG$1,0),0)*C$4 -> 0 | D10: =VLOOKUP($A10,'Feedstock Split-2019'!$A$1:$AG$43,MATCH(D$2,'Feedstock Split-2019'!$A$1:$AG$1,0),0)*D$4 -> 0 | E10: =VLOOKUP($A10,'Feedstock Split-2019'!$A$1:$AG$43,MATCH(E$2,'Feedstock Split-2019'!$A$1:$AG$1,0),0)*E$4 -> 0 | F10: =VLOOKUP($A10,'Feedstock Split-2019'!$A$1:$AG$43,MATCH(F$2,'Feedstock Split-2019'!$A$1:$AG$1,0),0)*F$4 -> 0 | G10: =VLOOKUP($A10,'Feedstock Split-2019'!$A$1:$AG$43,MATCH(G$2,'Feedstock Split-2019'!$A$1:$AG$1,0),0)*G$4 -> 0 | H10: =VLOOKUP($A10,'Feedstock Split-2019'!$A$1:$AG$43,MATCH(H$2,'Feedstock Split-2019'!$A$1:$AG$1,0),0)*H$4 -> 0 | I10: =VLOOKUP($A10,'Feedstock Split-2019'!$A$1:$AG$43,MATCH(I$2,'Feedstock Split-2019'!$A$1:$AG$1,0),0)*I$4 -> 0 | J10: =VLOOKUP($A10,'Feedstock Split-2019'!$A$1:$AG$43,MATCH(J$2,'Feedstock Split-2019'!$A$1:$AG$1,0),0)*J$4 -> 0 | ... AF10: =VLOOKUP($A10,'Feedstock Split-2019'!$A$1:$AG$43,MATCH(AF$2,'Feedstock Split-2019'!$A$1:$AG$1,0),0)*AF$4 -> 0
A11: 其他采矿业 | C11: =VLOOKUP($A11,'Feedstock Split-2019'!$A$1:$AG$43,MATCH(C$2,'Feedstock Split-2019'!$A$1:$AG$1,0),0)*C$4 -> 0 | D11: =VLOOKUP($A11,'Feedstock Split-2019'!$A$1:$AG$43,MATCH(D$2,'Feedstock Split-2019'!$A$1:$AG$1,0),0)*D$4 -> 0 | E11: =VLOOKUP($A11,'Feedstock Split-2019'!$A$1:$AG$43,MATCH(E$2,'Feedstock Split-2019'!$A$1:$AG$1,0),0)*E$4 -> 0 | F11: =VLOOKUP($A11,'Feedstock Split-2019'!$A$1:$AG$43,MATCH(F$2,'Feedstock Split-2019'!$A$1:$AG$1,0),0)*F$4 -> 0 | G11: =VLOOKUP($A11,'Feedstock Split-2019'!$A$1:$AG$43,MATCH(G$2,'Feedstock Split-2019'!$A$1:$AG$1,0),0)*G$4 -> 0 | H11: =VLOOKUP($A11,'Feedstock Split-2019'!$A$1:$AG$43,MATCH(H$2,'Feedstock Split-2019'!$A$1:$AG$1,0),0)*H$4 -> 0 | I11: =VLOOKUP($A11,'Feedstock Split-2019'!$A$1:$AG$43,MATCH(I$2,'Feedstock Split-2019'!$A$1:$AG$1,0),0)*I$4 -> 0 | J11: =VLOOKUP($A11,'Feedstock Split-2019'!$A$1:$AG$43,MATCH(J$2,'Feedstock Split-2019'!$A$1:$AG$1,0),0)*J$4 -> 0 | ... AF11: =VLOOKUP($A11,'Feedstock Split-2019'!$A$1:$AG$43,MATCH(AF$2,'Feedstock Split-2019'!$A$1:$AG$1,0),0)*AF$4 -> 0
A12: 农副食品加工业 | C12: =VLOOKUP($A12,'Feedstock Split-2019'!$A$1:$AG$43,MATCH(C$2,'Feedstock Split-2019'!$A$1:$AG$1,0),0)*C$4 -> 0 | D12: =VLOOKUP($A12,'Feedstock Split-2019'!$A$1:$AG$43,MATCH(D$2,'Feedstock Split-2019'!$A$1:$AG$1,0),0)*D$4 -> 0 | E12: =VLOOKUP($A12,'Feedstock Split-2019'!$A$1:$AG$43,MATCH(E$2,'Feedstock Split-2019'!$A$1:$AG$1,0),0)*E$4 -> 0 | F12: =VLOOKUP($A12,'Feedstock Split-2019'!$A$1:$AG$43,MATCH(F$2,'Feedstock Split-2019'!$A$1:$AG$1,0),0)*F$4 -> 0 | G12: =VLOOKUP($A12,'Feedstock Split-2019'!$A$1:$AG$43,MATCH(G$2,'Feedstock Split-2019'!$A$1:$AG$1,0),0)*G$4 -> 0 | H12: =VLOOKUP($A12,'Feedstock Split-2019'!$A$1:$AG$43,MATCH(H$2,'Feedstock Split-2019'!$A$1:$AG$1,0),0)*H$4 -> 0 | I12: =VLOOKUP($A12,'Feedstock Split-2019'!$A$1:$AG$43,MATCH(I$2,'Feedstock Split-2019'!$A$1:$AG$1,0),0)*I$4 -> 0 | J12: =VLOOKUP($A12,'Feedstock Split-2019'!$A$1:$AG$43,MATCH(J$2,'Feedstock Split-2019'!$A$1:$AG$1,0),0)*J$4 -> 0 | ... AF12: =VLOOKUP($A12,'Feedstock Split-2019'!$A$1:$AG$43,MATCH(AF$2,'Feedstock Split-2019'!$A$1:$AG$1,0),0)*AF$4 -> 0
A13: 食品制造业 | C13: =VLOOKUP($A13,'Feedstock Split-2019'!$A$1:$AG$43,MATCH(C$2,'Feedstock Split-2019'!$A$1:$AG$1,0),0)*C$4 -> 0 | D13: =VLOOKUP($A13,'Feedstock Split-2019'!$A$1:$AG$43,MATCH(D$2,'Feedstock Split-2019'!$A$1:$AG$1,0),0)*D$4 -> 0 | E13: =VLOOKUP($A13,'Feedstock Split-2019'!$A$1:$AG$43,MATCH(E$2,'Feedstock Split-2019'!$A$1:$AG$1,0),0)*E$4 -> 0 | F13: =VLOOKUP($A13,'Feedstock Split-2019'!$A$1:$AG$43,MATCH(F$2,'Feedstock Split-2019'!$A$1:$AG$1,0),0)*F$4 -> 0 | G13: =VLOOKUP($A13,'Feedstock Split-2019'!$A$1:$AG$43,MATCH(G$2,'Feedstock Split-2019'!$A$1:$AG$1,0),0)*G$4 -> 0 | H13: =VLOOKUP($A13,'Feedstock Split-2019'!$A$1:$AG$43,MATCH(H$2,'Feedstock Split-2019'!$A$1:$AG$1,0),0)*H$4 -> 0 | I13: =VLOOKUP($A13,'Feedstock Split-2019'!$A$1:$AG$43,MATCH(I$2,'Feedstock Split-2019'!$A$1:$AG$1,0),0)*I$4 -> 0 | J13: =VLOOKUP($A13,'Feedstock Split-2019'!$A$1:$AG$43,MATCH(J$2,'Feedstock Split-2019'!$A$1:$AG$1,0),0)*J$4 -> 0 | ... AF13: =VLOOKUP($A13,'Feedstock Split-2019'!$A$1:$AG$43,MATCH(AF$2,'Feedstock Split-2019'!$A$1:$AG$1,0),0)*AF$4 -> 0
A14: 酒、饮料和精制茶制造业 | C14: =VLOOKUP($A14,'Feedstock Split-2019'!$A$1:$AG$43,MATCH(C$2,'Feedstock Split-2019'!$A$1:$AG$1,0),0)*C$4 -> 0 | D14: =VLOOKUP($A14,'Feedstock Split-2019'!$A$1:$AG$43,MATCH(D$2,'Feedstock Split-2019'!$A$1:$AG$1,0),0)*D$4 -> 0 | E14: =VLOOKUP($A14,'Feedstock Split-2019'!$A$1:$AG$43,MATCH(E$2,'Feedstock Split-2019'!$A$1:$AG$1,0),0)*E$4 -> 0 | F14: =VLOOKUP($A14,'Feedstock Split-2019'!$A$1:$AG$43,MATCH(F$2,'Feedstock Split-2019'!$A$1:$AG$1,0),0)*F$4 -> 0 | G14: =VLOOKUP($A14,'Feedstock Split-2019'!$A$1:$AG$43,MATCH(G$2,'Feedstock Split-2019'!$A$1:$AG$1,0),0)*G$4 -> 0 | H14: =VLOOKUP($A14,'Feedstock Split-2019'!$A$1:$AG$43,MATCH(H$2,'Feedstock Split-2019'!$A$1:$AG$1,0),0)*H$4 -> 0 | I14: =VLOOKUP($A14,'Feedstock Split-2019'!$A$1:$AG$43,MATCH(I$2,'Feedstock Split-2019'!$A$1:$AG$1,0),0)*I$4 -> 0 | J14: =VLOOKUP($A14,'Feedstock Split-2019'!$A$1:$AG$43,MATCH(J$2,'Feedstock Split-2019'!$A$1:$AG$1,0),0)*J$4 -> 0 | ... AF14: =VLOOKUP($A14,'Feedstock Split-2019'!$A$1:$AG$43,MATCH(AF$2,'Feedstock Split-2019'!$A$1:$AG$1,0),0)*AF$4 -> 0
A15: 烟草制品业 | C15: =VLOOKUP($A15,'Feedstock Split-2019'!$A$1:$AG$43,MATCH(C$2,'Feedstock Split-2019'!$A$1:$AG$1,0),0)*C$4 -> 0 | D15: =VLOOKUP($A15,'Feedstock Split-2019'!$A$1:$AG$43,MATCH(D$2,'Feedstock Split-2019'!$A$1:$AG$1,0),0)*D$4 -> 0 | E15: =VLOOKUP($A15,'Feedstock Split-2019'!$A$1:$AG$43,MATCH(E$2,'Feedstock Split-2019'!$A$1:$AG$1,0),0)*E$4 -> 0 | F15: =VLOOKUP($A15,'Feedstock Split-2019'!$A$1:$AG$43,MATCH(F$2,'Feedstock Split-2019'!$A$1:$AG$1,0),0)*F$4 -> 0 | G15: =VLOOKUP($A15,'Feedstock Split-2019'!$A$1:$AG$43,MATCH(G$2,'Feedstock Split-2019'!$A$1:$AG$1,0),0)*G$4 -> 0 | H15: =VLOOKUP($A15,'Feedstock Split-2019'!$A$1:$AG$43,MATCH(H$2,'Feedstock Split-2019'!$A$1:$AG$1,0),0)*H$4 -> 0 | I15: =VLOOKUP($A15,'Feedstock Split-2019'!$A$1:$AG$43,MATCH(I$2,'Feedstock Split-2019'!$A$1:$AG$1,0),0)*I$4 -> 0 | J15: =VLOOKUP($A15,'Feedstock Split-2019'!$A$1:$AG$43,MATCH(J$2,'Feedstock Split-2019'!$A$1:$AG$1,0),0)*J$4 -> 0 | ... AF15: =VLOOKUP($A15,'Feedstock Split-2019'!$A$1:$AG$43,MATCH(AF$2,'Feedstock Split-2019'!$A$1:$AG$1,0),0)*AF$4 -> 0
A16: 纺织业 | C16: =VLOOKUP($A16,'Feedstock Split-2019'!$A$1:$AG$43,MATCH(C$2,'Feedstock Split-2019'!$A$1:$AG$1,0),0)*C$4 -> 0 | D16: =VLOOKUP($A16,'Feedstock Split-2019'!$A$1:$AG$43,MATCH(D$2,'Feedstock Split-2019'!$A$1:$AG$1,0),0)*D$4 -> 0 | E16: =VLOOKUP($A16,'Feedstock Split-2019'!$A$1:$AG$43,MATCH(E$2,'Feedstock Split-2019'!$A$1:$AG$1,0),0)*E$4 -> 0 | F16: =VLOOKUP($A16,'Feedstock Split-2019'!$A$1:$AG$43,MATCH(F$2,'Feedstock Split-2019'!$A$1:$AG$1,0),0)*F$4 -> 0 | G16: =VLOOKUP($A16,'Feedstock Split-2019'!$A$1:$AG$43,MATCH(G$2,'Feedstock Split-2019'!$A$1:$AG$1,0),0)*G$4 -> 0 | H16: =VLOOKUP($A16,'Feedstock Split-2019'!$A$1:$AG$43,MATCH(H$2,'Feedstock Split-2019'!$A$1:$AG$1,0),0)*H$4 -> 0 | I16: =VLOOKUP($A16,'Feedstock Split-2019'!$A$1:$AG$43,MATCH(I$2,'Feedstock Split-2019'!$A$1:$AG$1,0),0)*I$4 -> 0 | J16: =VLOOKUP($A16,'Feedstock Split-2019'!$A$1:$AG$43,MATCH(J$2,'Feedstock Split-2019'!$A$1:$AG$1,0),0)*J$4 -> 0 | ... AF16: =VLOOKUP($A16,'Feedstock Split-2019'!$A$1:$AG$43,MATCH(AF$2,'Feedstock Split-2019'!$A$1:$AG$1,0),0)*AF$4 -> 0
... A45: 水的生产和供应业 | C45: =VLOOKUP($A45,'Feedstock Split-2019'!$A$1:$AG$43,MATCH(C$2,'Feedstock Split-2019'!$A$1:$AG$1,0),0)*C$4 -> 0 | D45: =VLOOKUP($A45,'Feedstock Split-2019'!$A$1:$AG$43,MATCH(D$2,'Feedstock Split-2019'!$A$1:$AG$1,0),0)*D$4 -> 0 | E45: =VLOOKUP($A45,'Feedstock Split-2019'!$A$1:$AG$43,MATCH(E$2,'Feedstock Split-2019'!$A$1:$AG$1,0),0)*E$4 -> 0 | F45: =VLOOKUP($A45,'Feedstock Split-2019'!$A$1:$AG$43,MATCH(F$2,'Feedstock Split-2019'!$A$1:$AG$1,0),0)*F$4 -> 0 | G45: =VLOOKUP($A45,'Feedstock Split-2019'!$A$1:$AG$43,MATCH(G$2,'Feedstock Split-2019'!$A$1:$AG$1,0),0)*G$4 -> 0 | H45: =VLOOKUP($A45,'Feedstock Split-2019'!$A$1:$AG$43,MATCH(H$2,'Feedstock Split-2019'!$A$1:$AG$1,0),0)*H$4 -> 0 | I45: =VLOOKUP($A45,'Feedstock Split-2019'!$A$1:$AG$43,MATCH(I$2,'Feedstock Split-2019'!$A$1:$AG$1,0),0)*I$4 -> 0 | J45: =VLOOKUP($A45,'Feedstock Split-2019'!$A$1:$AG$43,MATCH(J$2,'Feedstock Split-2019'!$A$1:$AG$1,0),0)*J$4 -> 0 | ... AF45: =VLOOKUP($A45,'Feedstock Split-2019'!$A$1:$AG$43,MATCH(AF$2,'Feedstock Split-2019'!$A$1:$AG$1,0),0)*AF$4 -> 0
A46: 建筑业 | W46: ='Energy Balance-2019'!$Z$30*'Heat Value'!$P$78 -> 1.0461482e+15
A50: Transformation - BTU | C50: coal | D50: coal | E50: coal | F50: coal | G50: coal | H50: coal | I50: LPG propane or butane | J50: LPG propane or butane | K50: LPG propane or butane | L50: LPG propane or butane | M50: petroleum diesel | N50: crude oil | O50: petroleum diesel | P50: petroleum diesel | Q50: petroleum diesel | R50: heavy fuel oil | S50: LPG propane or butane | T50: LPG propane or butane | U50: heavy fuel oil | V50: heavy fuel oil | W50: heavy fuel oil | X50: heavy fuel oil | Y50: LPG propane or butane | Z50: LPG propane or butane | AA50: heavy fuel oil | AB50: natural gas | AC50: natural gas | AD50: heat | AE50: electricity | AF50: biomass
B51: 加工转换 投入(-)产出(+)量 | C51: 原煤_x000D_ Raw Coal | D51: 洗精煤_x000D_ Cleaned_x000D_ Coal | E51: 其他洗煤_x000D_ Other_x000D_ Washed_x000D_ Coal | F51: 煤制品_x000D_ Briquettes | G51: 煤矸石_x000D_ Gangue | H51: 焦炭_x000D_ Coke | I51: 焦炉煤气_x000D_ Coke Oven_x000D_ Gas | J51: 高炉煤气_x000D_ Blast Furnace_x000D_ Gas | K51: 转炉煤气_x000D_ Converter_x000D_ Gas | L51: 其他煤气_x000D_ Other Gas | M51: 其他焦化产品_x000D_ Other_x000D_ Coking_x000D_ Products | N51: 原油_x000D_ Crude Oil | O51: 汽油_x000D_ Gasoline | P51: 煤油_x000D_ Kerosene | Q51: 柴油_x000D_ Diesel Oil | R51: 燃料油_x000D_ Fuel Oil | S51: 石脑油_x000D_ Naphtha | T51: 润滑油_x000D_ Lubricants | U51: 石蜡_x000D_ Paraffin_x000D_ Waxes | V51: 溶剂油_x000D_ White spirit | W51: 石油沥青_x000D_ Bitumen_x000D_ Asphalt | X51: 石油焦_x000D_ Petroleum_x000D_ Coke | Y51: 液化石油气_x000D_ Liquefied_x000D_ Petroleum Gas | Z51: 炼厂干气_x000D_ Refinery_x000D_ Gas | AA51: 其他石油制品_x000D_ Other_x000D_ Petroleum_x000D_ Products | AB51: 天然气_x000D_ Natural Gas | AC51: 液化天然气_x000D_ Liquefied_x000D_ Natural Gas | AD51: 热力_x000D_ Heat | AE51: 电力_x000D_ Electricity | AF51: 其他能源_x000D_ Other_x000D_ Energy
B52: Rename | C52: 原煤 | D52: 洗精煤 | E52: 其他洗煤 | F52: 煤制品 | G52: 煤矸石 | H52: 焦炭 | I52: 焦炉煤气 | J52: 高炉煤气 | K52: 转炉煤气 | L52: 其他煤气 | M52: 其他焦化产品 | N52: 原油 | O52: 汽油 | P52: 煤油 | Q52: 柴油 | R52: 燃料油 | S52: 石脑油 | T52: 润滑油 | U52: 石蜡 | V52: 溶剂油 | W52: 石油沥青 | X52: 石油焦 | Y52: 液化石油气 | Z52: 炼厂干气 | AA52: 其他石油制品 | AB52: 天然气 | AC52: 液化天然气 | AD52: 热力 | AE52: 电力 | AF52: 其他能源
A53: =VLOOKUP($B53,'Transformation Match'!$A$1:$C$9,2,0) -> 煤炭开采和洗选业 | B53: 3.煤炭洗选 | C53: =-'Energy Balance-2019'!E16*'Heat Value'!$P$78 -> 1.8127272e+16 | D53: =-'Energy Balance-2019'!F16*'Heat Value'!$P$78 -> -1.3466076e+16 | E53: =-'Energy Balance-2019'!G16*'Heat Value'!$P$78 -> -3.2268321e+15 | F53: =-'Energy Balance-2019'!H16*'Heat Value'!$P$78 -> 0 | G53: =-'Energy Balance-2019'!I16*'Heat Value'!$P$78 -> -189280961430000 | H53: =-'Energy Balance-2019'!J16*'Heat Value'!$P$78 -> 0 | I53: =IF(INDEX('Energy Balance-2019'!$A$2:$AI$38,MATCH('Energy Balance-2019'!$A16,'Energy Balance-2019'!$A$2:$A$38,0),MATCH(I$2,'Energy Balance-2019'!$A$2:$AI$2,0))<0,-INDEX('Energy Balance-2019'!$A$2:$AI$38,MATCH('Energy Balance-2019'!$A16,'Energy Balance-2019'!$A$2:$A$38,0),MATCH(I$2,'Energy Balance-2019'!$A$2:$AI$2,0)),0)*'Heat Value'!$P$78 -> 0 | J53: =IF(INDEX('Energy Balance-2019'!$A$2:$AI$38,MATCH('Energy Balance-2019'!$A16,'Energy Balance-2019'!$A$2:$A$38,0),MATCH(J$2,'Energy Balance-2019'!$A$2:$AI$2,0))<0,-INDEX('Energy Balance-2019'!$A$2:$AI$38,MATCH('Energy Balance-2019'!$A16,'Energy Balance-2019'!$A$2:$A$38,0),MATCH(J$2,'Energy Balance-2019'!$A$2:$AI$2,0)),0)*'Heat Value'!$P$78 -> 0 | K53: =IF(INDEX('Energy Balance-2019'!$A$2:$AI$38,MATCH('Energy Balance-2019'!$A16,'Energy Balance-2019'!$A$2:$A$38,0),MATCH(K$2,'Energy Balance-2019'!$A$2:$AI$2,0))<0,-INDEX('Energy Balance-2019'!$A$2:$AI$38,MATCH('Energy Balance-2019'!$A16,'Energy Balance-2019'!$A$2:$A$38,0),MATCH(K$2,'Energy Balance-2019'!$A$2:$AI$2,0)),0)*'Heat Value'!$P$78 -> 0 | L53: =IF(INDEX('Energy Balance-2019'!$A$2:$AI$38,MATCH('Energy Balance-2019'!$A16,'Energy Balance-2019'!$A$2:$A$38,0),MATCH(L$2,'Energy Balance-2019'!$A$2:$AI$2,0))<0,-INDEX('Energy Balance-2019'!$A$2:$AI$38,MATCH('Energy Balance-2019'!$A16,'Energy Balance-2019'!$A$2:$A$38,0),MATCH(L$2,'Energy Balance-2019'!$A$2:$AI$2,0)),0)*'Heat Value'!$P$78 -> 0 | M53: =IF(INDEX('Energy Balance-2019'!$A$2:$AI$38,MATCH('Energy Balance-2019'!$A16,'Energy Balance-2019'!$A$2:$A$38,0),MATCH(M$2,'Energy Balance-2019'!$A$2:$AI$2,0))<0,-INDEX('Energy Balance-2019'!$A$2:$AI$38,MATCH('Energy Balance-2019'!$A16,'Energy Balance-2019'!$A$2:$A$38,0),MATCH(M$2,'Energy Balance-2019'!$A$2:$AI$2,0)),0)*'Heat Value'!$P$78 -> 0 | N53: =IF(INDEX('Energy Balance-2019'!$A$2:$AI$38,MATCH('Energy Balance-2019'!$A16,'Energy Balance-2019'!$A$2:$A$38,0),MATCH(N$2,'Energy Balance-2019'!$A$2:$AI$2,0))<0,-INDEX('Energy Balance-2019'!$A$2:$AI$38,MATCH('Energy Balance-2019'!$A16,'Energy Balance-2019'!$A$2:$A$38,0),MATCH(N$2,'Energy Balance-2019'!$A$2:$AI$2,0)),0)*'Heat Value'!$P$78 -> 0 | O53: =IF(INDEX('Energy Balance-2019'!$A$2:$AI$38,MATCH('Energy Balance-2019'!$A16,'Energy Balance-2019'!$A$2:$A$38,0),MATCH(O$2,'Energy Balance-2019'!$A$2:$AI$2,0))<0,-INDEX('Energy Balance-2019'!$A$2:$AI$38,MATCH('Energy Balance-2019'!$A16,'Energy Balance-2019'!$A$2:$A$38,0),MATCH(O$2,'Energy Balance-2019'!$A$2:$AI$2,0)),0)*'Heat Value'!$P$78 -> 0 | P53: =IF(INDEX('Energy Balance-2019'!$A$2:$AI$38,MATCH('Energy Balance-2019'!$A16,'Energy Balance-2019'!$A$2:$A$38,0),MATCH(P$2,'Energy Balance-2019'!$A$2:$AI$2,0))<0,-INDEX('Energy Balance-2019'!$A$2:$AI$38,MATCH('Energy Balance-2019'!$A16,'Energy Balance-2019'!$A$2:$A$38,0),MATCH(P$2,'Energy Balance-2019'!$A$2:$AI$2,0)),0)*'Heat Value'!$P$78 -> 0 | ... AF53: =IF(INDEX('Energy Balance-2019'!$A$2:$AI$38,MATCH('Energy Balance-2019'!$A16,'Energy Balance-2019'!$A$2:$A$38,0),MATCH(AF$2,'Energy Balance-2019'!$A$2:$AI$2,0))<0,-INDEX('Energy Balance-2019'!$A$2:$AI$38,MATCH('Energy Balance-2019'!$A16,'Energy Balance-2019'!$A$2:$A$38,0),MATCH(AF$2,'Energy Balance-2019'!$A$2:$AI$2,0)),0)*'Heat Value'!$P$78 -> 0
A54: =VLOOKUP($B54,'Transformation Match'!$A$1:$C$9,2,0) -> 石油、煤炭及其他燃料加工业 | B54: 4.炼焦 | C54: =-'Energy Balance-2019'!E17*'Heat Value'!$P$78 -> 1.9649636e+15 | D54: =-'Energy Balance-2019'!F17*'Heat Value'!$P$78 -> 1.3927909e+16 | E54: =-'Energy Balance-2019'!G17*'Heat Value'!$P$78 -> 0 | F54: =-'Energy Balance-2019'!H17*'Heat Value'!$P$78 -> 0 | G54: =-'Energy Balance-2019'!I17*'Heat Value'!$P$78 -> 0 | H54: =-'Energy Balance-2019'!J17*'Heat Value'!$P$78 -> -1.2762198e+16 | I54: =IF(INDEX('Energy Balance-2019'!$A$2:$AI$38,MATCH('Energy Balance-2019'!$A17,'Energy Balance-2019'!$A$2:$A$38,0),MATCH(I$2,'Energy Balance-2019'!$A$2:$AI$2,0))<0,-INDEX('Energy Balance-2019'!$A$2:$AI$38,MATCH('Energy Balance-2019'!$A17,'Energy Balance-2019'!$A$2:$A$38,0),MATCH(I$2,'Energy Balance-2019'!$A$2:$AI$2,0)),0)*'Heat Value'!$P$78 -> 0 | J54: =IF(INDEX('Energy Balance-2019'!$A$2:$AI$38,MATCH('Energy Balance-2019'!$A17,'Energy Balance-2019'!$A$2:$A$38,0),MATCH(J$2,'Energy Balance-2019'!$A$2:$AI$2,0))<0,-INDEX('Energy Balance-2019'!$A$2:$AI$38,MATCH('Energy Balance-2019'!$A17,'Energy Balance-2019'!$A$2:$A$38,0),MATCH(J$2,'Energy Balance-2019'!$A$2:$AI$2,0)),0)*'Heat Value'!$P$78 -> 0 | K54: =IF(INDEX('Energy Balance-2019'!$A$2:$AI$38,MATCH('Energy Balance-2019'!$A17,'Energy Balance-2019'!$A$2:$A$38,0),MATCH(K$2,'Energy Balance-2019'!$A$2:$AI$2,0))<0,-INDEX('Energy Balance-2019'!$A$2:$AI$38,MATCH('Energy Balance-2019'!$A17,'Energy Balance-2019'!$A$2:$A$38,0),MATCH(K$2,'Energy Balance-2019'!$A$2:$AI$2,0)),0)*'Heat Value'!$P$78 -> 0 | L54: =IF(INDEX('Energy Balance-2019'!$A$2:$AI$38,MATCH('Energy Balance-2019'!$A17,'Energy Balance-2019'!$A$2:$A$38,0),MATCH(L$2,'Energy Balance-2019'!$A$2:$AI$2,0))<0,-INDEX('Energy Balance-2019'!$A$2:$AI$38,MATCH('Energy Balance-2019'!$A17,'Energy Balance-2019'!$A$2:$A$38,0),MATCH(L$2,'Energy Balance-2019'!$A$2:$AI$2,0)),0)*'Heat Value'!$P$78 -> 0 | M54: =IF(INDEX('Energy Balance-2019'!$A$2:$AI$38,MATCH('Energy Balance-2019'!$A17,'Energy Balance-2019'!$A$2:$A$38,0),MATCH(M$2,'Energy Balance-2019'!$A$2:$AI$2,0))<0,-INDEX('Energy Balance-2019'!$A$2:$AI$38,MATCH('Energy Balance-2019'!$A17,'Energy Balance-2019'!$A$2:$A$38,0),MATCH(M$2,'Energy Balance-2019'!$A$2:$AI$2,0)),0)*'Heat Value'!$P$78 -> 0 | N54: =IF(INDEX('Energy Balance-2019'!$A$2:$AI$38,MATCH('Energy Balance-2019'!$A17,'Energy Balance-2019'!$A$2:$A$38,0),MATCH(N$2,'Energy Balance-2019'!$A$2:$AI$2,0))<0,-INDEX('Energy Balance-2019'!$A$2:$AI$38,MATCH('Energy Balance-2019'!$A17,'Energy Balance-2019'!$A$2:$A$38,0),MATCH(N$2,'Energy Balance-2019'!$A$2:$AI$2,0)),0)*'Heat Value'!$P$78 -> 0 | O54: =IF(INDEX('Energy Balance-2019'!$A$2:$AI$38,MATCH('Energy Balance-2019'!$A17,'Energy Balance-2019'!$A$2:$A$38,0),MATCH(O$2,'Energy Balance-2019'!$A$2:$AI$2,0))<0,-INDEX('Energy Balance-2019'!$A$2:$AI$38,MATCH('Energy Balance-2019'!$A17,'Energy Balance-2019'!$A$2:$A$38,0),MATCH(O$2,'Energy Balance-2019'!$A$2:$AI$2,0)),0)*'Heat Value'!$P$78 -> 0 | P54: =IF(INDEX('Energy Balance-2019'!$A$2:$AI$38,MATCH('Energy Balance-2019'!$A17,'Energy Balance-2019'!$A$2:$A$38,0),MATCH(P$2,'Energy Balance-2019'!$A$2:$AI$2,0))<0,-INDEX('Energy Balance-2019'!$A$2:$AI$38,MATCH('Energy Balance-2019'!$A17,'Energy Balance-2019'!$A$2:$A$38,0),MATCH(P$2,'Energy Balance-2019'!$A$2:$AI$2,0)),0)*'Heat Value'!$P$78 -> 0 | ... AF54: =IF(INDEX('Energy Balance-2019'!$A$2:$AI$38,MATCH('Energy Balance-2019'!$A17,'Energy Balance-2019'!$A$2:$A$38,0),MATCH(AF$2,'Energy Balance-2019'!$A$2:$AI$2,0))<0,-INDEX('Energy Balance-2019'!$A$2:$AI$38,MATCH('Energy Balance-2019'!$A17,'Energy Balance-2019'!$A$2:$A$38,0),MATCH(AF$2,'Energy Balance-2019'!$A$2:$AI$2,0)),0)*'Heat Value'!$P$78 -> 0
A55: =VLOOKUP($B55,'Transformation Match'!$A$1:$C$9,2,0) -> 石油、煤炭及其他燃料加工业 | B55: 5.炼油及煤制油 | C55: =IF(INDEX('Energy Balance-2019'!$A$2:$AI$38,MATCH('Energy Balance-2019'!$A18,'Energy Balance-2019'!$A$2:$A$38,0),MATCH(C$2,'Energy Balance-2019'!$A$2:$AI$2,0))<0,-INDEX('Energy Balance-2019'!$A$2:$AI$38,MATCH('Energy Balance-2019'!$A18,'Energy Balance-2019'!$A$2:$A$38,0),MATCH(C$2,'Energy Balance-2019'!$A$2:$AI$2,0)),0)*'Heat Value'!$P$78 -> 619796535913500 | D55: =IF(INDEX('Energy Balance-2019'!$A$2:$AI$38,MATCH('Energy Balance-2019'!$A18,'Energy Balance-2019'!$A$2:$A$38,0),MATCH(D$2,'Energy Balance-2019'!$A$2:$AI$2,0))<0,-INDEX('Energy Balance-2019'!$A$2:$AI$38,MATCH('Energy Balance-2019'!$A18,'Energy Balance-2019'!$A$2:$A$38,0),MATCH(D$2,'Energy Balance-2019'!$A$2:$AI$2,0)),0)*'Heat Value'!$P$78 -> 0 | E55: =IF(INDEX('Energy Balance-2019'!$A$2:$AI$38,MATCH('Energy Balance-2019'!$A18,'Energy Balance-2019'!$A$2:$A$38,0),MATCH(E$2,'Energy Balance-2019'!$A$2:$AI$2,0))<0,-INDEX('Energy Balance-2019'!$A$2:$AI$38,MATCH('Energy Balance-2019'!$A18,'Energy Balance-2019'!$A$2:$A$38,0),MATCH(E$2,'Energy Balance-2019'!$A$2:$AI$2,0)),0)*'Heat Value'!$P$78 -> 22925385598500 | F55: =IF(INDEX('Energy Balance-2019'!$A$2:$AI$38,MATCH('Energy Balance-2019'!$A18,'Energy Balance-2019'!$A$2:$A$38,0),MATCH(F$2,'Energy Balance-2019'!$A$2:$AI$2,0))<0,-INDEX('Energy Balance-2019'!$A$2:$AI$38,MATCH('Energy Balance-2019'!$A18,'Energy Balance-2019'!$A$2:$A$38,0),MATCH(F$2,'Energy Balance-2019'!$A$2:$AI$2,0)),0)*'Heat Value'!$P$78 -> 0 | G55: =IF(INDEX('Energy Balance-2019'!$A$2:$AI$38,MATCH('Energy Balance-2019'!$A18,'Energy Balance-2019'!$A$2:$A$38,0),MATCH(G$2,'Energy Balance-2019'!$A$2:$AI$2,0))<0,-INDEX('Energy Balance-2019'!$A$2:$AI$38,MATCH('Energy Balance-2019'!$A18,'Energy Balance-2019'!$A$2:$A$38,0),MATCH(G$2,'Energy Balance-2019'!$A$2:$AI$2,0)),0)*'Heat Value'!$P$78 -> 0 | H55: =IF(INDEX('Energy Balance-2019'!$A$2:$AI$38,MATCH('Energy Balance-2019'!$A18,'Energy Balance-2019'!$A$2:$A$38,0),MATCH(H$2,'Energy Balance-2019'!$A$2:$AI$2,0))<0,-INDEX('Energy Balance-2019'!$A$2:$AI$38,MATCH('Energy Balance-2019'!$A18,'Energy Balance-2019'!$A$2:$A$38,0),MATCH(H$2,'Energy Balance-2019'!$A$2:$AI$2,0)),0)*'Heat Value'!$P$78 -> 0 | I55: =IF(INDEX('Energy Balance-2019'!$A$2:$AI$38,MATCH('Energy Balance-2019'!$A18,'Energy Balance-2019'!$A$2:$A$38,0),MATCH(I$2,'Energy Balance-2019'!$A$2:$AI$2,0))<0,-INDEX('Energy Balance-2019'!$A$2:$AI$38,MATCH('Energy Balance-2019'!$A18,'Energy Balance-2019'!$A$2:$A$38,0),MATCH(I$2,'Energy Balance-2019'!$A$2:$AI$2,0)),0)*'Heat Value'!$P$78 -> 0 | J55: =IF(INDEX('Energy Balance-2019'!$A$2:$AI$38,MATCH('Energy Balance-2019'!$A18,'Energy Balance-2019'!$A$2:$A$38,0),MATCH(J$2,'Energy Balance-2019'!$A$2:$AI$2,0))<0,-INDEX('Energy Balance-2019'!$A$2:$AI$38,MATCH('Energy Balance-2019'!$A18,'Energy Balance-2019'!$A$2:$A$38,0),MATCH(J$2,'Energy Balance-2019'!$A$2:$AI$2,0)),0)*'Heat Value'!$P$78 -> 0 | ... AF55: =IF(INDEX('Energy Balance-2019'!$A$2:$AI$38,MATCH('Energy Balance-2019'!$A18,'Energy Balance-2019'!$A$2:$A$38,0),MATCH(AF$2,'Energy Balance-2019'!$A$2:$AI$2,0))<0,-INDEX('Energy Balance-2019'!$A$2:$AI$38,MATCH('Energy Balance-2019'!$A18,'Energy Balance-2019'!$A$2:$A$38,0),MATCH(AF$2,'Energy Balance-2019'!$A$2:$AI$2,0)),0)*'Heat Value'!$P$78 -> 38606204901000
A56: =VLOOKUP($B56,'Transformation Match'!$A$1:$C$9,2,0) -> 石油、煤炭及其他燃料加工业 | B56: #油品再投入量(-) | C56: =IF(INDEX('Energy Balance-2019'!$A$2:$AI$38,MATCH('Energy Balance-2019'!$A19,'Energy Balance-2019'!$A$2:$A$38,0),MATCH(C$2,'Energy Balance-2019'!$A$2:$AI$2,0))<0,-INDEX('Energy Balance-2019'!$A$2:$AI$38,MATCH('Energy Balance-2019'!$A19,'Energy Balance-2019'!$A$2:$A$38,0),MATCH(C$2,'Energy Balance-2019'!$A$2:$AI$2,0)),0)*'Heat Value'!$P$78 -> 0 | D56: =IF(INDEX('Energy Balance-2019'!$A$2:$AI$38,MATCH('Energy Balance-2019'!$A19,'Energy Balance-2019'!$A$2:$A$38,0),MATCH(D$2,'Energy Balance-2019'!$A$2:$AI$2,0))<0,-INDEX('Energy Balance-2019'!$A$2:$AI$38,MATCH('Energy Balance-2019'!$A19,'Energy Balance-2019'!$A$2:$A$38,0),MATCH(D$2,'Energy Balance-2019'!$A$2:$AI$2,0)),0)*'Heat Value'!$P$78 -> 0 | E56: =IF(INDEX('Energy Balance-2019'!$A$2:$AI$38,MATCH('Energy Balance-2019'!$A19,'Energy Balance-2019'!$A$2:$A$38,0),MATCH(E$2,'Energy Balance-2019'!$A$2:$AI$2,0))<0,-INDEX('Energy Balance-2019'!$A$2:$AI$38,MATCH('Energy Balance-2019'!$A19,'Energy Balance-2019'!$A$2:$A$38,0),MATCH(E$2,'Energy Balance-2019'!$A$2:$AI$2,0)),0)*'Heat Value'!$P$78 -> 0 | F56: =IF(INDEX('Energy Balance-2019'!$A$2:$AI$38,MATCH('Energy Balance-2019'!$A19,'Energy Balance-2019'!$A$2:$A$38,0),MATCH(F$2,'Energy Balance-2019'!$A$2:$AI$2,0))<0,-INDEX('Energy Balance-2019'!$A$2:$AI$38,MATCH('Energy Balance-2019'!$A19,'Energy Balance-2019'!$A$2:$A$38,0),MATCH(F$2,'Energy Balance-2019'!$A$2:$AI$2,0)),0)*'Heat Value'!$P$78 -> 0 | G56: =IF(INDEX('Energy Balance-2019'!$A$2:$AI$38,MATCH('Energy Balance-2019'!$A19,'Energy Balance-2019'!$A$2:$A$38,0),MATCH(G$2,'Energy Balance-2019'!$A$2:$AI$2,0))<0,-INDEX('Energy Balance-2019'!$A$2:$AI$38,MATCH('Energy Balance-2019'!$A19,'Energy Balance-2019'!$A$2:$A$38,0),MATCH(G$2,'Energy Balance-2019'!$A$2:$AI$2,0)),0)*'Heat Value'!$P$78 -> 0 | H56: =IF(INDEX('Energy Balance-2019'!$A$2:$AI$38,MATCH('Energy Balance-2019'!$A19,'Energy Balance-2019'!$A$2:$A$38,0),MATCH(H$2,'Energy Balance-2019'!$A$2:$AI$2,0))<0,-INDEX('Energy Balance-2019'!$A$2:$AI$38,MATCH('Energy Balance-2019'!$A19,'Energy Balance-2019'!$A$2:$A$38,0),MATCH(H$2,'Energy Balance-2019'!$A$2:$AI$2,0)),0)*'Heat Value'!$P$78 -> 0 | I56: =IF(INDEX('Energy Balance-2019'!$A$2:$AI$38,MATCH('Energy Balance-2019'!$A19,'Energy Balance-2019'!$A$2:$A$38,0),MATCH(I$2,'Energy Balance-2019'!$A$2:$AI$2,0))<0,-INDEX('Energy Balance-2019'!$A$2:$AI$38,MATCH('Energy Balance-2019'!$A19,'Energy Balance-2019'!$A$2:$A$38,0),MATCH(I$2,'Energy Balance-2019'!$A$2:$AI$2,0)),0)*'Heat Value'!$P$78 -> 0 | J56: =IF(INDEX('Energy Balance-2019'!$A$2:$AI$38,MATCH('Energy Balance-2019'!$A19,'Energy Balance-2019'!$A$2:$A$38,0),MATCH(J$2,'Energy Balance-2019'!$A$2:$AI$2,0))<0,-INDEX('Energy Balance-2019'!$A$2:$AI$38,MATCH('Energy Balance-2019'!$A19,'Energy Balance-2019'!$A$2:$A$38,0),MATCH(J$2,'Energy Balance-2019'!$A$2:$AI$2,0)),0)*'Heat Value'!$P$78 -> 0 | ... AF56: =IF(INDEX('Energy Balance-2019'!$A$2:$AI$38,MATCH('Energy Balance-2019'!$A19,'Energy Balance-2019'!$A$2:$A$38,0),MATCH(AF$2,'Energy Balance-2019'!$A$2:$AI$2,0))<0,-INDEX('Energy Balance-2019'!$A$2:$AI$38,MATCH('Energy Balance-2019'!$A19,'Energy Balance-2019'!$A$2:$A$38,0),MATCH(AF$2,'Energy Balance-2019'!$A$2:$AI$2,0)),0)*'Heat Value'!$P$78 -> 0
A57: =VLOOKUP($B57,'Transformation Match'!$A$1:$C$9,2,0) -> 燃气生产和供应业 | B57: 6.制气 | C57: =IF(INDEX('Energy Balance-2019'!$A$2:$AI$38,MATCH('Energy Balance-2019'!$A20,'Energy Balance-2019'!$A$2:$A$38,0),MATCH(C$2,'Energy Balance-2019'!$A$2:$AI$2,0))<0,-INDEX('Energy Balance-2019'!$A$2:$AI$38,MATCH('Energy Balance-2019'!$A20,'Energy Balance-2019'!$A$2:$A$38,0),MATCH(C$2,'Energy Balance-2019'!$A$2:$AI$2,0)),0)*'Heat Value'!$P$78 -> 448340874300000 | D57: =IF(INDEX('Energy Balance-2019'!$A$2:$AI$38,MATCH('Energy Balance-2019'!$A20,'Energy Balance-2019'!$A$2:$A$38,0),MATCH(D$2,'Energy Balance-2019'!$A$2:$AI$2,0))<0,-INDEX('Energy Balance-2019'!$A$2:$AI$38,MATCH('Energy Balance-2019'!$A20,'Energy Balance-2019'!$A$2:$A$38,0),MATCH(D$2,'Energy Balance-2019'!$A$2:$AI$2,0)),0)*'Heat Value'!$P$78 -> 0 | E57: =IF(INDEX('Energy Balance-2019'!$A$2:$AI$38,MATCH('Energy Balance-2019'!$A20,'Energy Balance-2019'!$A$2:$A$38,0),MATCH(E$2,'Energy Balance-2019'!$A$2:$AI$2,0))<0,-INDEX('Energy Balance-2019'!$A$2:$AI$38,MATCH('Energy Balance-2019'!$A20,'Energy Balance-2019'!$A$2:$A$38,0),MATCH(E$2,'Energy Balance-2019'!$A$2:$AI$2,0)),0)*'Heat Value'!$P$78 -> 24733749348000 | F57: =IF(INDEX('Energy Balance-2019'!$A$2:$AI$38,MATCH('Energy Balance-2019'!$A20,'Energy Balance-2019'!$A$2:$A$38,0),MATCH(F$2,'Energy Balance-2019'!$A$2:$AI$2,0))<0,-INDEX('Energy Balance-2019'!$A$2:$AI$38,MATCH('Energy Balance-2019'!$A20,'Energy Balance-2019'!$A$2:$A$38,0),MATCH(F$2,'Energy Balance-2019'!$A$2:$AI$2,0)),0)*'Heat Value'!$P$78 -> 0 | G57: =IF(INDEX('Energy Balance-2019'!$A$2:$AI$38,MATCH('Energy Balance-2019'!$A20,'Energy Balance-2019'!$A$2:$A$38,0),MATCH(G$2,'Energy Balance-2019'!$A$2:$AI$2,0))<0,-INDEX('Energy Balance-2019'!$A$2:$AI$38,MATCH('Energy Balance-2019'!$A20,'Energy Balance-2019'!$A$2:$A$38,0),MATCH(G$2,'Energy Balance-2019'!$A$2:$AI$2,0)),0)*'Heat Value'!$P$78 -> 0 | H57: =IF(INDEX('Energy Balance-2019'!$A$2:$AI$38,MATCH('Energy Balance-2019'!$A20,'Energy Balance-2019'!$A$2:$A$38,0),MATCH(H$2,'Energy Balance-2019'!$A$2:$AI$2,0))<0,-INDEX('Energy Balance-2019'!$A$2:$AI$38,MATCH('Energy Balance-2019'!$A20,'Energy Balance-2019'!$A$2:$A$38,0),MATCH(H$2,'Energy Balance-2019'!$A$2:$AI$2,0)),0)*'Heat Value'!$P$78 -> 0 | I57: =IF(INDEX('Energy Balance-2019'!$A$2:$AI$38,MATCH('Energy Balance-2019'!$A20,'Energy Balance-2019'!$A$2:$A$38,0),MATCH(I$2,'Energy Balance-2019'!$A$2:$AI$2,0))<0,-INDEX('Energy Balance-2019'!$A$2:$AI$38,MATCH('Energy Balance-2019'!$A20,'Energy Balance-2019'!$A$2:$A$38,0),MATCH(I$2,'Energy Balance-2019'!$A$2:$AI$2,0)),0)*'Heat Value'!$P$78 -> 0 | J57: =IF(INDEX('Energy Balance-2019'!$A$2:$AI$38,MATCH('Energy Balance-2019'!$A20,'Energy Balance-2019'!$A$2:$A$38,0),MATCH(J$2,'Energy Balance-2019'!$A$2:$AI$2,0))<0,-INDEX('Energy Balance-2019'!$A$2:$AI$38,MATCH('Energy Balance-2019'!$A20,'Energy Balance-2019'!$A$2:$A$38,0),MATCH(J$2,'Energy Balance-2019'!$A$2:$AI$2,0)),0)*'Heat Value'!$P$78 -> 0 | ... AF57: =IF(INDEX('Energy Balance-2019'!$A$2:$AI$38,MATCH('Energy Balance-2019'!$A20,'Energy Balance-2019'!$A$2:$A$38,0),MATCH(AF$2,'Energy Balance-2019'!$A$2:$AI$2,0))<0,-INDEX('Energy Balance-2019'!$A$2:$AI$38,MATCH('Energy Balance-2019'!$A20,'Energy Balance-2019'!$A$2:$A$38,0),MATCH(AF$2,'Energy Balance-2019'!$A$2:$AI$2,0)),0)*'Heat Value'!$P$78 -> 0
A58: =VLOOKUP($B58,'Transformation Match'!$A$1:$C$9,2,0) -> 燃气生产和供应业 | B58: #焦炭再投入量(-) | C58: =IF(INDEX('Energy Balance-2019'!$A$2:$AI$38,MATCH('Energy Balance-2019'!$A21,'Energy Balance-2019'!$A$2:$A$38,0),MATCH(C$2,'Energy Balance-2019'!$A$2:$AI$2,0))<0,-INDEX('Energy Balance-2019'!$A$2:$AI$38,MATCH('Energy Balance-2019'!$A21,'Energy Balance-2019'!$A$2:$A$38,0),MATCH(C$2,'Energy Balance-2019'!$A$2:$AI$2,0)),0)*'Heat Value'!$P$78 -> 0 | D58: =IF(INDEX('Energy Balance-2019'!$A$2:$AI$38,MATCH('Energy Balance-2019'!$A21,'Energy Balance-2019'!$A$2:$A$38,0),MATCH(D$2,'Energy Balance-2019'!$A$2:$AI$2,0))<0,-INDEX('Energy Balance-2019'!$A$2:$AI$38,MATCH('Energy Balance-2019'!$A21,'Energy Balance-2019'!$A$2:$A$38,0),MATCH(D$2,'Energy Balance-2019'!$A$2:$AI$2,0)),0)*'Heat Value'!$P$78 -> 0 | E58: =IF(INDEX('Energy Balance-2019'!$A$2:$AI$38,MATCH('Energy Balance-2019'!$A21,'Energy Balance-2019'!$A$2:$A$38,0),MATCH(E$2,'Energy Balance-2019'!$A$2:$AI$2,0))<0,-INDEX('Energy Balance-2019'!$A$2:$AI$38,MATCH('Energy Balance-2019'!$A21,'Energy Balance-2019'!$A$2:$A$38,0),MATCH(E$2,'Energy Balance-2019'!$A$2:$AI$2,0)),0)*'Heat Value'!$P$78 -> 0 | F58: =IF(INDEX('Energy Balance-2019'!$A$2:$AI$38,MATCH('Energy Balance-2019'!$A21,'Energy Balance-2019'!$A$2:$A$38,0),MATCH(F$2,'Energy Balance-2019'!$A$2:$AI$2,0))<0,-INDEX('Energy Balance-2019'!$A$2:$AI$38,MATCH('Energy Balance-2019'!$A21,'Energy Balance-2019'!$A$2:$A$38,0),MATCH(F$2,'Energy Balance-2019'!$A$2:$AI$2,0)),0)*'Heat Value'!$P$78 -> 0 | G58: =IF(INDEX('Energy Balance-2019'!$A$2:$AI$38,MATCH('Energy Balance-2019'!$A21,'Energy Balance-2019'!$A$2:$A$38,0),MATCH(G$2,'Energy Balance-2019'!$A$2:$AI$2,0))<0,-INDEX('Energy Balance-2019'!$A$2:$AI$38,MATCH('Energy Balance-2019'!$A21,'Energy Balance-2019'!$A$2:$A$38,0),MATCH(G$2,'Energy Balance-2019'!$A$2:$AI$2,0)),0)*'Heat Value'!$P$78 -> 0 | H58: =IF(INDEX('Energy Balance-2019'!$A$2:$AI$38,MATCH('Energy Balance-2019'!$A21,'Energy Balance-2019'!$A$2:$A$38,0),MATCH(H$2,'Energy Balance-2019'!$A$2:$AI$2,0))<0,-INDEX('Energy Balance-2019'!$A$2:$AI$38,MATCH('Energy Balance-2019'!$A21,'Energy Balance-2019'!$A$2:$A$38,0),MATCH(H$2,'Energy Balance-2019'!$A$2:$AI$2,0)),0)*'Heat Value'!$P$78 -> 4455630498000 | I58: =IF(INDEX('Energy Balance-2019'!$A$2:$AI$38,MATCH('Energy Balance-2019'!$A21,'Energy Balance-2019'!$A$2:$A$38,0),MATCH(I$2,'Energy Balance-2019'!$A$2:$AI$2,0))<0,-INDEX('Energy Balance-2019'!$A$2:$AI$38,MATCH('Energy Balance-2019'!$A21,'Energy Balance-2019'!$A$2:$A$38,0),MATCH(I$2,'Energy Balance-2019'!$A$2:$AI$2,0)),0)*'Heat Value'!$P$78 -> 0 | J58: =IF(INDEX('Energy Balance-2019'!$A$2:$AI$38,MATCH('Energy Balance-2019'!$A21,'Energy Balance-2019'!$A$2:$A$38,0),MATCH(J$2,'Energy Balance-2019'!$A$2:$AI$2,0))<0,-INDEX('Energy Balance-2019'!$A$2:$AI$38,MATCH('Energy Balance-2019'!$A21,'Energy Balance-2019'!$A$2:$A$38,0),MATCH(J$2,'Energy Balance-2019'!$A$2:$AI$2,0)),0)*'Heat Value'!$P$78 -> 0 | ... AF58: =IF(INDEX('Energy Balance-2019'!$A$2:$AI$38,MATCH('Energy Balance-2019'!$A21,'Energy Balance-2019'!$A$2:$A$38,0),MATCH(AF$2,'Energy Balance-2019'!$A$2:$AI$2,0))<0,-INDEX('Energy Balance-2019'!$A$2:$AI$38,MATCH('Energy Balance-2019'!$A21,'Energy Balance-2019'!$A$2:$A$38,0),MATCH(AF$2,'Energy Balance-2019'!$A$2:$AI$2,0)),0)*'Heat Value'!$P$78 -> 0
A59: =VLOOKUP($B59,'Transformation Match'!$A$1:$C$9,2,0) -> 燃气生产和供应业 | B59: 7.天然气液化 | C59: =IF(INDEX('Energy Balance-2019'!$A$2:$AI$38,MATCH('Energy Balance-2019'!$A22,'Energy Balance-2019'!$A$2:$A$38,0),MATCH(C$2,'Energy Balance-2019'!$A$2:$AI$2,0))<0,-INDEX('Energy Balance-2019'!$A$2:$AI$38,MATCH('Energy Balance-2019'!$A22,'Energy Balance-2019'!$A$2:$A$38,0),MATCH(C$2,'Energy Balance-2019'!$A$2:$AI$2,0)),0)*'Heat Value'!$P$78 -> 0 | D59: =IF(INDEX('Energy Balance-2019'!$A$2:$AI$38,MATCH('Energy Balance-2019'!$A22,'Energy Balance-2019'!$A$2:$A$38,0),MATCH(D$2,'Energy Balance-2019'!$A$2:$AI$2,0))<0,-INDEX('Energy Balance-2019'!$A$2:$AI$38,MATCH('Energy Balance-2019'!$A22,'Energy Balance-2019'!$A$2:$A$38,0),MATCH(D$2,'Energy Balance-2019'!$A$2:$AI$2,0)),0)*'Heat Value'!$P$78 -> 0 | E59: =IF(INDEX('Energy Balance-2019'!$A$2:$AI$38,MATCH('Energy Balance-2019'!$A22,'Energy Balance-2019'!$A$2:$A$38,0),MATCH(E$2,'Energy Balance-2019'!$A$2:$AI$2,0))<0,-INDEX('Energy Balance-2019'!$A$2:$AI$38,MATCH('Energy Balance-2019'!$A22,'Energy Balance-2019'!$A$2:$A$38,0),MATCH(E$2,'Energy Balance-2019'!$A$2:$AI$2,0)),0)*'Heat Value'!$P$78 -> 0 | F59: =IF(INDEX('Energy Balance-2019'!$A$2:$AI$38,MATCH('Energy Balance-2019'!$A22,'Energy Balance-2019'!$A$2:$A$38,0),MATCH(F$2,'Energy Balance-2019'!$A$2:$AI$2,0))<0,-INDEX('Energy Balance-2019'!$A$2:$AI$38,MATCH('Energy Balance-2019'!$A22,'Energy Balance-2019'!$A$2:$A$38,0),MATCH(F$2,'Energy Balance-2019'!$A$2:$AI$2,0)),0)*'Heat Value'!$P$78 -> 0 | G59: =IF(INDEX('Energy Balance-2019'!$A$2:$AI$38,MATCH('Energy Balance-2019'!$A22,'Energy Balance-2019'!$A$2:$A$38,0),MATCH(G$2,'Energy Balance-2019'!$A$2:$AI$2,0))<0,-INDEX('Energy Balance-2019'!$A$2:$AI$38,MATCH('Energy Balance-2019'!$A22,'Energy Balance-2019'!$A$2:$A$38,0),MATCH(G$2,'Energy Balance-2019'!$A$2:$AI$2,0)),0)*'Heat Value'!$P$78 -> 0 | H59: =IF(INDEX('Energy Balance-2019'!$A$2:$AI$38,MATCH('Energy Balance-2019'!$A22,'Energy Balance-2019'!$A$2:$A$38,0),MATCH(H$2,'Energy Balance-2019'!$A$2:$AI$2,0))<0,-INDEX('Energy Balance-2019'!$A$2:$AI$38,MATCH('Energy Balance-2019'!$A22,'Energy Balance-2019'!$A$2:$A$38,0),MATCH(H$2,'Energy Balance-2019'!$A$2:$AI$2,0)),0)*'Heat Value'!$P$78 -> 0 | I59: =IF(INDEX('Energy Balance-2019'!$A$2:$AI$38,MATCH('Energy Balance-2019'!$A22,'Energy Balance-2019'!$A$2:$A$38,0),MATCH(I$2,'Energy Balance-2019'!$A$2:$AI$2,0))<0,-INDEX('Energy Balance-2019'!$A$2:$AI$38,MATCH('Energy Balance-2019'!$A22,'Energy Balance-2019'!$A$2:$A$38,0),MATCH(I$2,'Energy Balance-2019'!$A$2:$AI$2,0)),0)*'Heat Value'!$P$78 -> 0 | J59: =IF(INDEX('Energy Balance-2019'!$A$2:$AI$38,MATCH('Energy Balance-2019'!$A22,'Energy Balance-2019'!$A$2:$A$38,0),MATCH(J$2,'Energy Balance-2019'!$A$2:$AI$2,0))<0,-INDEX('Energy Balance-2019'!$A$2:$AI$38,MATCH('Energy Balance-2019'!$A22,'Energy Balance-2019'!$A$2:$A$38,0),MATCH(J$2,'Energy Balance-2019'!$A$2:$AI$2,0)),0)*'Heat Value'!$P$78 -> 0 | ... AA59: =IF(INDEX('Energy Balance-2019'!$A$2:$AI$38,MATCH('Energy Balance-2019'!$A22,'Energy Balance-2019'!$A$2:$A$38,0),MATCH(AA$2,'Energy Balance-2019'!$A$2:$AI$2,0))<0,-INDEX('Energy Balance-2019'!$A$2:$AI$38,MATCH('Energy Balance-2019'!$A22,'Energy Balance-2019'!$A$2:$A$38,0),MATCH(AA$2,'Energy Balance-2019'!$A$2:$AI$2,0)),0)*'Heat Value'!$P$78 -> 0 | AB59: =-'Energy Balance-2019'!AE22*'Heat Value'!$P$78 -> 617482608105000 | AC59: =-'Energy Balance-2019'!AF22*'Heat Value'!$P$78 -> -569926252665000 | AD59: =IF(INDEX('Energy Balance-2019'!$A$2:$AI$38,MATCH('Energy Balance-2019'!$A22,'Energy Balance-2019'!$A$2:$A$38,0),MATCH(AD$2,'Energy Balance-2019'!$A$2:$AI$2,0))<0,-INDEX('Energy Balance-2019'!$A$2:$AI$38,MATCH('Energy Balance-2019'!$A22,'Energy Balance-2019'!$A$2:$A$38,0),MATCH(AD$2,'Energy Balance-2019'!$A$2:$AI$2,0)),0)*'Heat Value'!$P$78 -> 0 | AE59: =IF(INDEX('Energy Balance-2019'!$A$2:$AI$38,MATCH('Energy Balance-2019'!$A22,'Energy Balance-2019'!$A$2:$A$38,0),MATCH(AE$2,'Energy Balance-2019'!$A$2:$AI$2,0))<0,-INDEX('Energy Balance-2019'!$A$2:$AI$38,MATCH('Energy Balance-2019'!$A22,'Energy Balance-2019'!$A$2:$A$38,0),MATCH(AE$2,'Energy Balance-2019'!$A$2:$AI$2,0)),0)*'Heat Value'!$P$78 -> 0 | AF59: =IF(INDEX('Energy Balance-2019'!$A$2:$AI$38,MATCH('Energy Balance-2019'!$A22,'Energy Balance-2019'!$A$2:$A$38,0),MATCH(AF$2,'Energy Balance-2019'!$A$2:$AI$2,0))<0,-INDEX('Energy Balance-2019'!$A$2:$AI$38,MATCH('Energy Balance-2019'!$A22,'Energy Balance-2019'!$A$2:$A$38,0),MATCH(AF$2,'Energy Balance-2019'!$A$2:$AI$2,0)),0)*'Heat Value'!$P$78 -> 0
A60: =VLOOKUP($B60,'Transformation Match'!$A$1:$C$9,2,0) -> 石油、煤炭及其他燃料加工业 | B60: 8.煤制品加工 | C60: =-'Energy Balance-2019'!E23*'Heat Value'!$P$78 -> 75284599599000 | D60: =-'Energy Balance-2019'!F23*'Heat Value'!$P$78 -> 0 | E60: =-'Energy Balance-2019'!G23*'Heat Value'!$P$78 -> 191269883772000 | F60: =-'Energy Balance-2019'!H23*'Heat Value'!$P$78 -> -234531722535000 | G60: =IF(INDEX('Energy Balance-2019'!$A$2:$AI$38,MATCH('Energy Balance-2019'!$A23,'Energy Balance-2019'!$A$2:$A$38,0),MATCH(G$2,'Energy Balance-2019'!$A$2:$AI$2,0))<0,-INDEX('Energy Balance-2019'!$A$2:$AI$38,MATCH('Energy Balance-2019'!$A23,'Energy Balance-2019'!$A$2:$A$38,0),MATCH(G$2,'Energy Balance-2019'!$A$2:$AI$2,0)),0)*'Heat Value'!$P$78 -> 0 | H60: =IF(INDEX('Energy Balance-2019'!$A$2:$AI$38,MATCH('Energy Balance-2019'!$A23,'Energy Balance-2019'!$A$2:$A$38,0),MATCH(H$2,'Energy Balance-2019'!$A$2:$AI$2,0))<0,-INDEX('Energy Balance-2019'!$A$2:$AI$38,MATCH('Energy Balance-2019'!$A23,'Energy Balance-2019'!$A$2:$A$38,0),MATCH(H$2,'Energy Balance-2019'!$A$2:$AI$2,0)),0)*'Heat Value'!$P$78 -> 0 | I60: =IF(INDEX('Energy Balance-2019'!$A$2:$AI$38,MATCH('Energy Balance-2019'!$A23,'Energy Balance-2019'!$A$2:$A$38,0),MATCH(I$2,'Energy Balance-2019'!$A$2:$AI$2,0))<0,-INDEX('Energy Balance-2019'!$A$2:$AI$38,MATCH('Energy Balance-2019'!$A23,'Energy Balance-2019'!$A$2:$A$38,0),MATCH(I$2,'Energy Balance-2019'!$A$2:$AI$2,0)),0)*'Heat Value'!$P$78 -> 0 | J60: =IF(INDEX('Energy Balance-2019'!$A$2:$AI$38,MATCH('Energy Balance-2019'!$A23,'Energy Balance-2019'!$A$2:$A$38,0),MATCH(J$2,'Energy Balance-2019'!$A$2:$AI$2,0))<0,-INDEX('Energy Balance-2019'!$A$2:$AI$38,MATCH('Energy Balance-2019'!$A23,'Energy Balance-2019'!$A$2:$A$38,0),MATCH(J$2,'Energy Balance-2019'!$A$2:$AI$2,0)),0)*'Heat Value'!$P$78 -> 0 | K60: =IF(INDEX('Energy Balance-2019'!$A$2:$AI$38,MATCH('Energy Balance-2019'!$A23,'Energy Balance-2019'!$A$2:$A$38,0),MATCH(K$2,'Energy Balance-2019'!$A$2:$AI$2,0))<0,-INDEX('Energy Balance-2019'!$A$2:$AI$38,MATCH('Energy Balance-2019'!$A23,'Energy Balance-2019'!$A$2:$A$38,0),MATCH(K$2,'Energy Balance-2019'!$A$2:$AI$2,0)),0)*'Heat Value'!$P$78 -> 0 | L60: =IF(INDEX('Energy Balance-2019'!$A$2:$AI$38,MATCH('Energy Balance-2019'!$A23,'Energy Balance-2019'!$A$2:$A$38,0),MATCH(L$2,'Energy Balance-2019'!$A$2:$AI$2,0))<0,-INDEX('Energy Balance-2019'!$A$2:$AI$38,MATCH('Energy Balance-2019'!$A23,'Energy Balance-2019'!$A$2:$A$38,0),MATCH(L$2,'Energy Balance-2019'!$A$2:$AI$2,0)),0)*'Heat Value'!$P$78 -> 0 | M60: =IF(INDEX('Energy Balance-2019'!$A$2:$AI$38,MATCH('Energy Balance-2019'!$A23,'Energy Balance-2019'!$A$2:$A$38,0),MATCH(M$2,'Energy Balance-2019'!$A$2:$AI$2,0))<0,-INDEX('Energy Balance-2019'!$A$2:$AI$38,MATCH('Energy Balance-2019'!$A23,'Energy Balance-2019'!$A$2:$A$38,0),MATCH(M$2,'Energy Balance-2019'!$A$2:$AI$2,0)),0)*'Heat Value'!$P$78 -> 0 | N60: =IF(INDEX('Energy Balance-2019'!$A$2:$AI$38,MATCH('Energy Balance-2019'!$A23,'Energy Balance-2019'!$A$2:$A$38,0),MATCH(N$2,'Energy Balance-2019'!$A$2:$AI$2,0))<0,-INDEX('Energy Balance-2019'!$A$2:$AI$38,MATCH('Energy Balance-2019'!$A23,'Energy Balance-2019'!$A$2:$A$38,0),MATCH(N$2,'Energy Balance-2019'!$A$2:$AI$2,0)),0)*'Heat Value'!$P$78 -> 0 | ... AF60: =IF(INDEX('Energy Balance-2019'!$A$2:$AI$38,MATCH('Energy Balance-2019'!$A23,'Energy Balance-2019'!$A$2:$A$38,0),MATCH(AF$2,'Energy Balance-2019'!$A$2:$AI$2,0))<0,-INDEX('Energy Balance-2019'!$A$2:$AI$38,MATCH('Energy Balance-2019'!$A23,'Energy Balance-2019'!$A$2:$A$38,0),MATCH(AF$2,'Energy Balance-2019'!$A$2:$AI$2,0)),0)*'Heat Value'!$P$78 -> 0
A61: 统计原则：如果A类能源加工转换成A类能源，计算A类能源的净投入量；如果A类能源加工转换成B类能源，计算A类能源的全部投入量。
A66: Non-energy Use - BTU
B67: =VLOOKUP(B$68,'Fuel Match'!$B$2:$D$35,3,0) -> coal | C67: =VLOOKUP(C$68,'Fuel Match'!$B$2:$D$35,3,0) -> coal | D67: =VLOOKUP(D$68,'Fuel Match'!$B$2:$D$35,3,0) -> coal | E67: =VLOOKUP(E$68,'Fuel Match'!$B$2:$D$35,3,0) -> coal | F67: =VLOOKUP(F$68,'Fuel Match'!$B$2:$D$35,3,0) -> coal | G67: =VLOOKUP(G$68,'Fuel Match'!$B$2:$D$35,3,0) -> coal | H67: =VLOOKUP(H$68,'Fuel Match'!$B$2:$D$35,3,0) -> LPG propane or butane | I67: =VLOOKUP(I$68,'Fuel Match'!$B$2:$D$35,3,0) -> LPG propane or butane | ... AE67: =VLOOKUP(AE$68,'Fuel Match'!$B$2:$D$35,3,0) -> biomass
B68: 原煤 | C68: 洗精煤 | D68: 其他洗煤 | E68: 煤制品 | F68: 煤矸石 | G68: 焦炭 | H68: 焦炉煤气 | I68: 高炉煤气 | J68: 转炉煤气 | K68: 其他煤气 | L68: 其他焦化产品 | M68: 原油 | N68: 汽油 | O68: 煤油 | P68: 柴油 | Q68: 燃料油 | R68: 石脑油 | S68: 润滑油 | T68: 石蜡 | U68: 溶剂油 | V68: 石油沥青 | W68: 石油焦 | X68: 液化石油气 | Y68: 炼厂干气 | Z68: 其他石油制品 | AA68: 天然气 | AB68: 液化天然气 | AC68: 热力 | AD68: 电力 | AE68: 其他能源
A69: 煤炭开采和洗选业 | B69: =SUMIFS(C$5:C$60,$A$5:$A$60,$A69) -> 1.8127272e+16 | C69: =SUMIFS(D$5:D$60,$A$5:$A$60,$A69) -> -1.3466076e+16 | D69: =SUMIFS(E$5:E$60,$A$5:$A$60,$A69) -> -3.2268321e+15 | E69: =SUMIFS(F$5:F$60,$A$5:$A$60,$A69) -> 0 | F69: =SUMIFS(G$5:G$60,$A$5:$A$60,$A69) -> -189280961430000 | G69: =SUMIFS(H$5:H$60,$A$5:$A$60,$A69) -> 0 | H69: =SUMIFS(I$5:I$60,$A$5:$A$60,$A69) -> 0 | I69: =SUMIFS(J$5:J$60,$A$5:$A$60,$A69) -> 0 | ... AE69: =SUMIFS(AF$5:AF$60,$A$5:$A$60,$A69) -> 0
A70: 石油和天然气开采业 | B70: =SUMIFS(C$5:C$60,$A$5:$A$60,$A70) -> 0 | C70: =SUMIFS(D$5:D$60,$A$5:$A$60,$A70) -> 0 | D70: =SUMIFS(E$5:E$60,$A$5:$A$60,$A70) -> 0 | E70: =SUMIFS(F$5:F$60,$A$5:$A$60,$A70) -> 0 | F70: =SUMIFS(G$5:G$60,$A$5:$A$60,$A70) -> 0 | G70: =SUMIFS(H$5:H$60,$A$5:$A$60,$A70) -> 0 | H70: =SUMIFS(I$5:I$60,$A$5:$A$60,$A70) -> 0 | I70: =SUMIFS(J$5:J$60,$A$5:$A$60,$A70) -> 0 | ... AE70: =SUMIFS(AF$5:AF$60,$A$5:$A$60,$A70) -> 0
A71: 黑色金属矿采选业 | B71: =SUMIFS(C$5:C$60,$A$5:$A$60,$A71) -> 0 | C71: =SUMIFS(D$5:D$60,$A$5:$A$60,$A71) -> 0 | D71: =SUMIFS(E$5:E$60,$A$5:$A$60,$A71) -> 0 | E71: =SUMIFS(F$5:F$60,$A$5:$A$60,$A71) -> 0 | F71: =SUMIFS(G$5:G$60,$A$5:$A$60,$A71) -> 0 | G71: =SUMIFS(H$5:H$60,$A$5:$A$60,$A71) -> 0 | H71: =SUMIFS(I$5:I$60,$A$5:$A$60,$A71) -> 0 | I71: =SUMIFS(J$5:J$60,$A$5:$A$60,$A71) -> 0 | ... AE71: =SUMIFS(AF$5:AF$60,$A$5:$A$60,$A71) -> 0
A72: 有色金属矿采选业 | B72: =SUMIFS(C$5:C$60,$A$5:$A$60,$A72) -> 0 | C72: =SUMIFS(D$5:D$60,$A$5:$A$60,$A72) -> 0 | D72: =SUMIFS(E$5:E$60,$A$5:$A$60,$A72) -> 0 | E72: =SUMIFS(F$5:F$60,$A$5:$A$60,$A72) -> 0 | F72: =SUMIFS(G$5:G$60,$A$5:$A$60,$A72) -> 0 | G72: =SUMIFS(H$5:H$60,$A$5:$A$60,$A72) -> 0 | H72: =SUMIFS(I$5:I$60,$A$5:$A$60,$A72) -> 0 | I72: =SUMIFS(J$5:J$60,$A$5:$A$60,$A72) -> 0 | ... AE72: =SUMIFS(AF$5:AF$60,$A$5:$A$60,$A72) -> 0
A73: 非金属矿采选业 | B73: =SUMIFS(C$5:C$60,$A$5:$A$60,$A73) -> 0 | C73: =SUMIFS(D$5:D$60,$A$5:$A$60,$A73) -> 0 | D73: =SUMIFS(E$5:E$60,$A$5:$A$60,$A73) -> 0 | E73: =SUMIFS(F$5:F$60,$A$5:$A$60,$A73) -> 0 | F73: =SUMIFS(G$5:G$60,$A$5:$A$60,$A73) -> 0 | G73: =SUMIFS(H$5:H$60,$A$5:$A$60,$A73) -> 0 | H73: =SUMIFS(I$5:I$60,$A$5:$A$60,$A73) -> 0 | I73: =SUMIFS(J$5:J$60,$A$5:$A$60,$A73) -> 0 | ... AE73: =SUMIFS(AF$5:AF$60,$A$5:$A$60,$A73) -> 0
A74: 开采专业及辅助性活动 | B74: =SUMIFS(C$5:C$60,$A$5:$A$60,$A74) -> 0 | C74: =SUMIFS(D$5:D$60,$A$5:$A$60,$A74) -> 0 | D74: =SUMIFS(E$5:E$60,$A$5:$A$60,$A74) -> 0 | E74: =SUMIFS(F$5:F$60,$A$5:$A$60,$A74) -> 0 | F74: =SUMIFS(G$5:G$60,$A$5:$A$60,$A74) -> 0 | G74: =SUMIFS(H$5:H$60,$A$5:$A$60,$A74) -> 0 | H74: =SUMIFS(I$5:I$60,$A$5:$A$60,$A74) -> 0 | I74: =SUMIFS(J$5:J$60,$A$5:$A$60,$A74) -> 0 | ... AE74: =SUMIFS(AF$5:AF$60,$A$5:$A$60,$A74) -> 0
A75: 其他采矿业 | B75: =SUMIFS(C$5:C$60,$A$5:$A$60,$A75) -> 0 | C75: =SUMIFS(D$5:D$60,$A$5:$A$60,$A75) -> 0 | D75: =SUMIFS(E$5:E$60,$A$5:$A$60,$A75) -> 0 | E75: =SUMIFS(F$5:F$60,$A$5:$A$60,$A75) -> 0 | F75: =SUMIFS(G$5:G$60,$A$5:$A$60,$A75) -> 0 | G75: =SUMIFS(H$5:H$60,$A$5:$A$60,$A75) -> 0 | H75: =SUMIFS(I$5:I$60,$A$5:$A$60,$A75) -> 0 | I75: =SUMIFS(J$5:J$60,$A$5:$A$60,$A75) -> 0 | ... AE75: =SUMIFS(AF$5:AF$60,$A$5:$A$60,$A75) -> 0
A76: 农副食品加工业 | B76: =SUMIFS(C$5:C$60,$A$5:$A$60,$A76) -> 0 | C76: =SUMIFS(D$5:D$60,$A$5:$A$60,$A76) -> 0 | D76: =SUMIFS(E$5:E$60,$A$5:$A$60,$A76) -> 0 | E76: =SUMIFS(F$5:F$60,$A$5:$A$60,$A76) -> 0 | F76: =SUMIFS(G$5:G$60,$A$5:$A$60,$A76) -> 0 | G76: =SUMIFS(H$5:H$60,$A$5:$A$60,$A76) -> 0 | H76: =SUMIFS(I$5:I$60,$A$5:$A$60,$A76) -> 0 | I76: =SUMIFS(J$5:J$60,$A$5:$A$60,$A76) -> 0 | ... AE76: =SUMIFS(AF$5:AF$60,$A$5:$A$60,$A76) -> 0
A77: 食品制造业 | B77: =SUMIFS(C$5:C$60,$A$5:$A$60,$A77) -> 0 | C77: =SUMIFS(D$5:D$60,$A$5:$A$60,$A77) -> 0 | D77: =SUMIFS(E$5:E$60,$A$5:$A$60,$A77) -> 0 | E77: =SUMIFS(F$5:F$60,$A$5:$A$60,$A77) -> 0 | F77: =SUMIFS(G$5:G$60,$A$5:$A$60,$A77) -> 0 | G77: =SUMIFS(H$5:H$60,$A$5:$A$60,$A77) -> 0 | H77: =SUMIFS(I$5:I$60,$A$5:$A$60,$A77) -> 0 | I77: =SUMIFS(J$5:J$60,$A$5:$A$60,$A77) -> 0 | ... AE77: =SUMIFS(AF$5:AF$60,$A$5:$A$60,$A77) -> 0
A78: 酒、饮料和精制茶制造业 | B78: =SUMIFS(C$5:C$60,$A$5:$A$60,$A78) -> 0 | C78: =SUMIFS(D$5:D$60,$A$5:$A$60,$A78) -> 0 | D78: =SUMIFS(E$5:E$60,$A$5:$A$60,$A78) -> 0 | E78: =SUMIFS(F$5:F$60,$A$5:$A$60,$A78) -> 0 | F78: =SUMIFS(G$5:G$60,$A$5:$A$60,$A78) -> 0 | G78: =SUMIFS(H$5:H$60,$A$5:$A$60,$A78) -> 0 | H78: =SUMIFS(I$5:I$60,$A$5:$A$60,$A78) -> 0 | I78: =SUMIFS(J$5:J$60,$A$5:$A$60,$A78) -> 0 | ... AE78: =SUMIFS(AF$5:AF$60,$A$5:$A$60,$A78) -> 0
A79: 烟草制品业 | B79: =SUMIFS(C$5:C$60,$A$5:$A$60,$A79) -> 0 | C79: =SUMIFS(D$5:D$60,$A$5:$A$60,$A79) -> 0 | D79: =SUMIFS(E$5:E$60,$A$5:$A$60,$A79) -> 0 | E79: =SUMIFS(F$5:F$60,$A$5:$A$60,$A79) -> 0 | F79: =SUMIFS(G$5:G$60,$A$5:$A$60,$A79) -> 0 | G79: =SUMIFS(H$5:H$60,$A$5:$A$60,$A79) -> 0 | H79: =SUMIFS(I$5:I$60,$A$5:$A$60,$A79) -> 0 | I79: =SUMIFS(J$5:J$60,$A$5:$A$60,$A79) -> 0 | ... AE79: =SUMIFS(AF$5:AF$60,$A$5:$A$60,$A79) -> 0
A80: 纺织业 | B80: =SUMIFS(C$5:C$60,$A$5:$A$60,$A80) -> 0 | C80: =SUMIFS(D$5:D$60,$A$5:$A$60,$A80) -> 0 | D80: =SUMIFS(E$5:E$60,$A$5:$A$60,$A80) -> 0 | E80: =SUMIFS(F$5:F$60,$A$5:$A$60,$A80) -> 0 | F80: =SUMIFS(G$5:G$60,$A$5:$A$60,$A80) -> 0 | G80: =SUMIFS(H$5:H$60,$A$5:$A$60,$A80) -> 0 | H80: =SUMIFS(I$5:I$60,$A$5:$A$60,$A80) -> 0 | I80: =SUMIFS(J$5:J$60,$A$5:$A$60,$A80) -> 0 | ... AE80: =SUMIFS(AF$5:AF$60,$A$5:$A$60,$A80) -> 0
... A110: 建筑业 | B110: =SUMIFS(C$5:C$60,$A$5:$A$60,$A110) -> 0 | C110: =SUMIFS(D$5:D$60,$A$5:$A$60,$A110) -> 0 | D110: =SUMIFS(E$5:E$60,$A$5:$A$60,$A110) -> 0 | E110: =SUMIFS(F$5:F$60,$A$5:$A$60,$A110) -> 0 | F110: =SUMIFS(G$5:G$60,$A$5:$A$60,$A110) -> 0 | G110: =SUMIFS(H$5:H$60,$A$5:$A$60,$A110) -> 0 | H110: =SUMIFS(I$5:I$60,$A$5:$A$60,$A110) -> 0 | I110: =SUMIFS(J$5:J$60,$A$5:$A$60,$A110) -> 0 | ... AE110: =SUMIFS(AF$5:AF$60,$A$5:$A$60,$A110) -> 0
A114: Non-energy Use - BTU
C115: coal | D115: LPG propane or butane | E115: petroleum diesel | F115: crude oil | G115: heavy fuel oil | H115: natural gas | I115: electricity | J115: heat | K115: biomass
A116: =VLOOKUP(B116,'Sector Match'!$A$1:$B$43,2,0) -> coal mining 05 | B116: 煤炭开采和洗选业 | C116: =SUMIFS($B69:$AE69,$B$67:$AE$67,C$115) -> 1.2450821e+15 | D116: =SUMIFS($B69:$AE69,$B$67:$AE$67,D$115) -> 0 | E116: =SUMIFS($B69:$AE69,$B$67:$AE$67,E$115) -> 0 | F116: =SUMIFS($B69:$AE69,$B$67:$AE$67,F$115) -> 0 | G116: =SUMIFS($B69:$AE69,$B$67:$AE$67,G$115) -> 0 | H116: =SUMIFS($B69:$AE69,$B$67:$AE$67,H$115) -> 0 | I116: =SUMIFS($B69:$AE69,$B$67:$AE$67,I$115) -> 0 | J116: =SUMIFS($B69:$AE69,$B$67:$AE$67,J$115) -> 0 | K116: =SUMIFS($B69:$AE69,$B$67:$AE$67,K$115) -> 0
A117: =VLOOKUP(B117,'Sector Match'!$A$1:$B$43,2,0) -> oil and gas extraction 06 | B117: 石油和天然气开采业 | C117: =SUMIFS($B70:$AE70,$B$67:$AE$67,C$115) -> 0 | D117: =SUMIFS($B70:$AE70,$B$67:$AE$67,D$115) -> 0 | E117: =SUMIFS($B70:$AE70,$B$67:$AE$67,E$115) -> 0 | F117: =SUMIFS($B70:$AE70,$B$67:$AE$67,F$115) -> 0 | G117: =SUMIFS($B70:$AE70,$B$67:$AE$67,G$115) -> 0 | H117: =SUMIFS($B70:$AE70,$B$67:$AE$67,H$115) -> 0 | I117: =SUMIFS($B70:$AE70,$B$67:$AE$67,I$115) -> 0 | J117: =SUMIFS($B70:$AE70,$B$67:$AE$67,J$115) -> 0 | K117: =SUMIFS($B70:$AE70,$B$67:$AE$67,K$115) -> 0
A118: =VLOOKUP(B118,'Sector Match'!$A$1:$B$43,2,0) -> other mining and quarrying 07T08 | B118: 黑色金属矿采选业 | C118: =SUMIFS($B71:$AE71,$B$67:$AE$67,C$115) -> 0 | D118: =SUMIFS($B71:$AE71,$B$67:$AE$67,D$115) -> 0 | E118: =SUMIFS($B71:$AE71,$B$67:$AE$67,E$115) -> 0 | F118: =SUMIFS($B71:$AE71,$B$67:$AE$67,F$115) -> 0 | G118: =SUMIFS($B71:$AE71,$B$67:$AE$67,G$115) -> 0 | H118: =SUMIFS($B71:$AE71,$B$67:$AE$67,H$115) -> 0 | I118: =SUMIFS($B71:$AE71,$B$67:$AE$67,I$115) -> 0 | J118: =SUMIFS($B71:$AE71,$B$67:$AE$67,J$115) -> 0 | K118: =SUMIFS($B71:$AE71,$B$67:$AE$67,K$115) -> 0
A119: =VLOOKUP(B119,'Sector Match'!$A$1:$B$43,2,0) -> other mining and quarrying 07T08 | B119: 有色金属矿采选业 | C119: =SUMIFS($B72:$AE72,$B$67:$AE$67,C$115) -> 0 | D119: =SUMIFS($B72:$AE72,$B$67:$AE$67,D$115) -> 0 | E119: =SUMIFS($B72:$AE72,$B$67:$AE$67,E$115) -> 0 | F119: =SUMIFS($B72:$AE72,$B$67:$AE$67,F$115) -> 0 | G119: =SUMIFS($B72:$AE72,$B$67:$AE$67,G$115) -> 0 | H119: =SUMIFS($B72:$AE72,$B$67:$AE$67,H$115) -> 0 | I119: =SUMIFS($B72:$AE72,$B$67:$AE$67,I$115) -> 0 | J119: =SUMIFS($B72:$AE72,$B$67:$AE$67,J$115) -> 0 | K119: =SUMIFS($B72:$AE72,$B$67:$AE$67,K$115) -> 0
A120: =VLOOKUP(B120,'Sector Match'!$A$1:$B$43,2,0) -> other mining and quarrying 07T08 | B120: 非金属矿采选业 | C120: =SUMIFS($B73:$AE73,$B$67:$AE$67,C$115) -> 0 | D120: =SUMIFS($B73:$AE73,$B$67:$AE$67,D$115) -> 0 | E120: =SUMIFS($B73:$AE73,$B$67:$AE$67,E$115) -> 0 | F120: =SUMIFS($B73:$AE73,$B$67:$AE$67,F$115) -> 0 | G120: =SUMIFS($B73:$AE73,$B$67:$AE$67,G$115) -> 0 | H120: =SUMIFS($B73:$AE73,$B$67:$AE$67,H$115) -> 0 | I120: =SUMIFS($B73:$AE73,$B$67:$AE$67,I$115) -> 0 | J120: =SUMIFS($B73:$AE73,$B$67:$AE$67,J$115) -> 0 | K120: =SUMIFS($B73:$AE73,$B$67:$AE$67,K$115) -> 0
A121: =VLOOKUP(B121,'Sector Match'!$A$1:$B$43,2,0) -> Mining Support Service Activities 09 | B121: 开采专业及辅助性活动 | C121: =SUMIFS($B74:$AE74,$B$67:$AE$67,C$115) -> 0 | D121: =SUMIFS($B74:$AE74,$B$67:$AE$67,D$115) -> 0 | E121: =SUMIFS($B74:$AE74,$B$67:$AE$67,E$115) -> 0 | F121: =SUMIFS($B74:$AE74,$B$67:$AE$67,F$115) -> 0 | G121: =SUMIFS($B74:$AE74,$B$67:$AE$67,G$115) -> 0 | H121: =SUMIFS($B74:$AE74,$B$67:$AE$67,H$115) -> 0 | I121: =SUMIFS($B74:$AE74,$B$67:$AE$67,I$115) -> 0 | J121: =SUMIFS($B74:$AE74,$B$67:$AE$67,J$115) -> 0 | K121: =SUMIFS($B74:$AE74,$B$67:$AE$67,K$115) -> 0
A122: =VLOOKUP(B122,'Sector Match'!$A$1:$B$43,2,0) -> Mining Support Service Activities 09 | B122: 其他采矿业 | C122: =SUMIFS($B75:$AE75,$B$67:$AE$67,C$115) -> 0 | D122: =SUMIFS($B75:$AE75,$B$67:$AE$67,D$115) -> 0 | E122: =SUMIFS($B75:$AE75,$B$67:$AE$67,E$115) -> 0 | F122: =SUMIFS($B75:$AE75,$B$67:$AE$67,F$115) -> 0 | G122: =SUMIFS($B75:$AE75,$B$67:$AE$67,G$115) -> 0 | H122: =SUMIFS($B75:$AE75,$B$67:$AE$67,H$115) -> 0 | I122: =SUMIFS($B75:$AE75,$B$67:$AE$67,I$115) -> 0 | J122: =SUMIFS($B75:$AE75,$B$67:$AE$67,J$115) -> 0 | K122: =SUMIFS($B75:$AE75,$B$67:$AE$67,K$115) -> 0
A123: =VLOOKUP(B123,'Sector Match'!$A$1:$B$43,2,0) -> food beverage and tobacco 10T12 | B123: 农副食品加工业 | C123: =SUMIFS($B76:$AE76,$B$67:$AE$67,C$115) -> 0 | D123: =SUMIFS($B76:$AE76,$B$67:$AE$67,D$115) -> 0 | E123: =SUMIFS($B76:$AE76,$B$67:$AE$67,E$115) -> 0 | F123: =SUMIFS($B76:$AE76,$B$67:$AE$67,F$115) -> 0 | G123: =SUMIFS($B76:$AE76,$B$67:$AE$67,G$115) -> 0 | H123: =SUMIFS($B76:$AE76,$B$67:$AE$67,H$115) -> 0 | I123: =SUMIFS($B76:$AE76,$B$67:$AE$67,I$115) -> 0 | J123: =SUMIFS($B76:$AE76,$B$67:$AE$67,J$115) -> 0 | K123: =SUMIFS($B76:$AE76,$B$67:$AE$67,K$115) -> 0
A124: =VLOOKUP(B124,'Sector Match'!$A$1:$B$43,2,0) -> food beverage and tobacco 10T12 | B124: 食品制造业 | C124: =SUMIFS($B77:$AE77,$B$67:$AE$67,C$115) -> 0 | D124: =SUMIFS($B77:$AE77,$B$67:$AE$67,D$115) -> 0 | E124: =SUMIFS($B77:$AE77,$B$67:$AE$67,E$115) -> 0 | F124: =SUMIFS($B77:$AE77,$B$67:$AE$67,F$115) -> 0 | G124: =SUMIFS($B77:$AE77,$B$67:$AE$67,G$115) -> 1.5393396e+11 | H124: =SUMIFS($B77:$AE77,$B$67:$AE$67,H$115) -> 0 | I124: =SUMIFS($B77:$AE77,$B$67:$AE$67,I$115) -> 0 | J124: =SUMIFS($B77:$AE77,$B$67:$AE$67,J$115) -> 0 | K124: =SUMIFS($B77:$AE77,$B$67:$AE$67,K$115) -> 0
A125: =VLOOKUP(B125,'Sector Match'!$A$1:$B$43,2,0) -> food beverage and tobacco 10T12 | B125: 酒、饮料和精制茶制造业 | C125: =SUMIFS($B78:$AE78,$B$67:$AE$67,C$115) -> 0 | D125: =SUMIFS($B78:$AE78,$B$67:$AE$67,D$115) -> 0 | E125: =SUMIFS($B78:$AE78,$B$67:$AE$67,E$115) -> 0 | F125: =SUMIFS($B78:$AE78,$B$67:$AE$67,F$115) -> 0 | G125: =SUMIFS($B78:$AE78,$B$67:$AE$67,G$115) -> 0 | H125: =SUMIFS($B78:$AE78,$B$67:$AE$67,H$115) -> 0 | I125: =SUMIFS($B78:$AE78,$B$67:$AE$67,I$115) -> 0 | J125: =SUMIFS($B78:$AE78,$B$67:$AE$67,J$115) -> 0 | K125: =SUMIFS($B78:$AE78,$B$67:$AE$67,K$115) -> 0
A126: =VLOOKUP(B126,'Sector Match'!$A$1:$B$43,2,0) -> food beverage and tobacco 10T12 | B126: 烟草制品业 | C126: =SUMIFS($B79:$AE79,$B$67:$AE$67,C$115) -> 0 | D126: =SUMIFS($B79:$AE79,$B$67:$AE$67,D$115) -> 0 | E126: =SUMIFS($B79:$AE79,$B$67:$AE$67,E$115) -> 0 | F126: =SUMIFS($B79:$AE79,$B$67:$AE$67,F$115) -> 0 | G126: =SUMIFS($B79:$AE79,$B$67:$AE$67,G$115) -> 0 | H126: =SUMIFS($B79:$AE79,$B$67:$AE$67,H$115) -> 0 | I126: =SUMIFS($B79:$AE79,$B$67:$AE$67,I$115) -> 0 | J126: =SUMIFS($B79:$AE79,$B$67:$AE$67,J$115) -> 0 | K126: =SUMIFS($B79:$AE79,$B$67:$AE$67,K$115) -> 0
A127: =VLOOKUP(B127,'Sector Match'!$A$1:$B$43,2,0) -> textiles apparel and leather 13T15 | B127: 纺织业 | C127: =SUMIFS($B80:$AE80,$B$67:$AE$67,C$115) -> 0 | D127: =SUMIFS($B80:$AE80,$B$67:$AE$67,D$115) -> 0 | E127: =SUMIFS($B80:$AE80,$B$67:$AE$67,E$115) -> 0 | F127: =SUMIFS($B80:$AE80,$B$67:$AE$67,F$115) -> 0 | G127: =SUMIFS($B80:$AE80,$B$67:$AE$67,G$115) -> 0 | H127: =SUMIFS($B80:$AE80,$B$67:$AE$67,H$115) -> 0 | I127: =SUMIFS($B80:$AE80,$B$67:$AE$67,I$115) -> 0 | J127: =SUMIFS($B80:$AE80,$B$67:$AE$67,J$115) -> 0 | K127: =SUMIFS($B80:$AE80,$B$67:$AE$67,K$115) -> 0
... A157: =VLOOKUP(B157,'Sector Match'!$A$1:$B$43,2,0) -> construction 41T43 | B157: 建筑业 | C157: =SUMIFS($B110:$AE110,$B$67:$AE$67,C$115) -> 0 | D157: =SUMIFS($B110:$AE110,$B$67:$AE$67,D$115) -> 0 | E157: =SUMIFS($B110:$AE110,$B$67:$AE$67,E$115) -> 0 | F157: =SUMIFS($B110:$AE110,$B$67:$AE$67,F$115) -> 0 | G157: =SUMIFS($B110:$AE110,$B$67:$AE$67,G$115) -> 1.0461482e+15 | H157: =SUMIFS($B110:$AE110,$B$67:$AE$67,H$115) -> 0 | I157: =SUMIFS($B110:$AE110,$B$67:$AE$67,I$115) -> 0 | J157: =SUMIFS($B110:$AE110,$B$67:$AE$67,J$115) -> 0 | K157: =SUMIFS($B110:$AE110,$B$67:$AE$67,K$115) -> 0
A162: Non-energy Use - BTU
A163: EPS 行业 | B163: coal | C163: LPG propane or butane | D163: petroleum diesel | E163: crude oil | F163: heavy fuel oil | G163: natural gas | H163: electricity | I163: heat | J163: biomass
A164: agriculture and forestry 01T03 | B164: =SUMIFS(C$116:C$157,$A$116:$A$157,$A164) -> 0 | C164: =SUMIFS(D$116:D$157,$A$116:$A$157,$A164) -> 0 | D164: =SUMIFS(E$116:E$157,$A$116:$A$157,$A164) -> 0 | E164: =SUMIFS(F$116:F$157,$A$116:$A$157,$A164) -> 0 | F164: =SUMIFS(G$116:G$157,$A$116:$A$157,$A164) -> 0 | G164: =SUMIFS(H$116:H$157,$A$116:$A$157,$A164) -> 0 | H164: =SUMIFS(I$116:I$157,$A$116:$A$157,$A164) -> 0 | I164: =SUMIFS(J$116:J$157,$A$116:$A$157,$A164) -> 0 | J164: =SUMIFS(K$116:K$157,$A$116:$A$157,$A164) -> 0
A165: coal mining 05 | B165: =SUMIFS(C$116:C$157,$A$116:$A$157,$A165) -> 1.2450821e+15 | C165: =SUMIFS(D$116:D$157,$A$116:$A$157,$A165) -> 0 | D165: =SUMIFS(E$116:E$157,$A$116:$A$157,$A165) -> 0 | E165: =SUMIFS(F$116:F$157,$A$116:$A$157,$A165) -> 0 | F165: =SUMIFS(G$116:G$157,$A$116:$A$157,$A165) -> 0 | G165: =SUMIFS(H$116:H$157,$A$116:$A$157,$A165) -> 0 | H165: =SUMIFS(I$116:I$157,$A$116:$A$157,$A165) -> 0 | I165: =SUMIFS(J$116:J$157,$A$116:$A$157,$A165) -> 0 | J165: =SUMIFS(K$116:K$157,$A$116:$A$157,$A165) -> 0
A166: oil and gas extraction 06 | B166: =SUMIFS(C$116:C$157,$A$116:$A$157,$A166) -> 0 | C166: =SUMIFS(D$116:D$157,$A$116:$A$157,$A166) -> 0 | D166: =SUMIFS(E$116:E$157,$A$116:$A$157,$A166) -> 0 | E166: =SUMIFS(F$116:F$157,$A$116:$A$157,$A166) -> 0 | F166: =SUMIFS(G$116:G$157,$A$116:$A$157,$A166) -> 0 | G166: =SUMIFS(H$116:H$157,$A$116:$A$157,$A166) -> 0 | H166: =SUMIFS(I$116:I$157,$A$116:$A$157,$A166) -> 0 | I166: =SUMIFS(J$116:J$157,$A$116:$A$157,$A166) -> 0 | J166: =SUMIFS(K$116:K$157,$A$116:$A$157,$A166) -> 0
