Workbook

Sheet About

Sheet 情景假设
A1: 假设1：实际GDP年均增速
B2: 十四五 | C2: 十五五 | D2: 十六五 | E2: 2035-2060
A3: 高情景 | B3: 0.053 | C3: 0.052 | D3: 0.036 | E3: 0.018
A4: 中情景 | B4: 0.054 | C4: 0.051 | D4: 0.038 | E4: 0.02
A5: 低情景 | B5: 0.054 | C5: 0.052 | D5: 0.041 | E5: 0.025
A7: 结果1：实际GDP | B7: 步骤1：根据假设1计算2025、2030、2035和2060年实际GDP。步骤2：:将数据粘贴至"数据平滑/输入/假设1：GDP-2020年不变价.xlsx"；通过运行python代码假设1；结果保存至"数据平滑/输出/结果1：GDP数据平滑.xlsx"。步骤3：将Python结果粘贴至“Python数据平滑"sheet的对应位置，下方列表会自动更新。
A8: GDP（2020年不变价） | B8: 2020 | C8: 2021 | D8: 2022 | E8: 2023 | F8: 2024 | G8: 2025 | H8: 2026 | I8: 2027 | J8: 2028 | K8: 2029 | L8: 2030 | M8: 2031 | N8: 2032 | O8: 2033 | P8: 2034 | Q8: 2035 | R8: 2036 | S8: 2037 | T8: 2038 | U8: 2039 | V8: 2040 | W8: 2041 | X8: 2042 | Y8: 2043 | Z8: 2044 | AA8: 2045 | AB8: 2046 | AC8: 2047 | AD8: 2048 | AE8: 2049 | AF8: 2050 | AG8: 2051 | AH8: 2052 | AI8: 2053 | AJ8: 2054 | AK8: 2055 | AL8: 2056 | AM8: 2057 | AN8: 2058 | AO8: 2059 | AP8: 2060
A9: 高情景 | B9: 1013567 | C9: 1098706.6 | D9: 1131667.8 | E9: =SUM(E24:E27) -> 1164334.3 | F9: =SUM(F24:F27) -> 1235105.3 | G9: =D9*(1+B3)^3 -> 1321308.1 | H9: =SUM(H24:H27) -> 1410244.4 | I9: =SUM(I24:I27) -> 1490036.1 | J9: =SUM(J24:J27) -> 1563852.7 | K9: =SUM(K24:K27) -> 1633103.3 | L9: =G9*(1+C3)^5 -> 1702483 | M9: =SUM(M24:M27) -> 1766182.6 | N9: =SUM(N24:N27) -> 1832645.3 | O9: =SUM(O24:O27) -> 1899252.6 | P9: =SUM(P24:P27) -> 1966014.7 | Q9: =L9*(1+D3)^5 -> 2031802.8 | R9: =SUM(R24:R27) -> 2099845.9 | S9: =SUM(S24:S27) -> 2166683.7 | T9: =SUM(T24:T27) -> 2233246.9 | U9: =SUM(U24:U27) -> 2299352.4 | V9: =SUM(V24:V27) -> 2364806.1 | W9: =SUM(W24:W27) -> 2429402.9 | X9: =SUM(X24:X27) -> 2492926.7 | Y9: =SUM(Y24:Y27) -> 2555151 | ... AO9: =SUM(AO24:AO27) -> 3170582.7 | AP9: =Q9*(1+E3)^25 -> 3173774.1
A10: 中情景 | B10: 1013567 | C10: 1098706.6 | D10: 1131667.8 | E10: =SUM(E30:E33) -> 1165087.9 | F10: =SUM(F30:F33) -> 1237214.5 | G10: =D10*(1+B4)^3 -> 1325076 | H10: =SUM(H30:H33) -> 1413639.4 | I10: =SUM(I30:I33) -> 1492187.9 | J10: =SUM(J30:J33) -> 1564031 | K10: =SUM(K30:K33) -> 1631323.5 | L10: =G10*(1+C4)^5 -> 1699238.7 | M10: =SUM(M30:M33) -> 1764094.9 | N10: =SUM(N30:N33) -> 1833047.7 | O10: =SUM(O30:O33) -> 1903653.4 | P10: =SUM(P30:P33) -> 1975607.9 | Q10: =L10*(1+D4)^5 -> 2047581.3 | R10: =SUM(R30:R33) -> 2121912.6 | S10: =SUM(S30:S33) -> 2195584.9 | T10: =SUM(T30:T33) -> 2269339.5 | U10: =SUM(U30:U33) -> 2342974.2 | V10: =SUM(V30:V33) -> 2416270.3 | W10: =SUM(W30:W33) -> 2488991.8 | X10: =SUM(X30:X33) -> 2560886 | Y10: =SUM(Y30:Y33) -> 2631683.3 | ... AO10: =SUM(AO30:AO33) -> 3357974.4 | AP10: =Q10*(1+E4)^25 -> 3359274.1
A11: 低情景 | B11: 1013567 | C11: 1098706.6 | D11: 1131667.8 | E11: =SUM(E36:E39) -> 1164956.8 | F11: =SUM(F36:F39) -> 1237027.6 | G11: =D11*(1+B5)^3 -> 1325076 | H11: =SUM(H36:H39) -> 1414405.5 | I11: =SUM(I36:I39) -> 1493970.2 | J11: =SUM(J36:J39) -> 1567246.7 | K11: =SUM(K36:K39) -> 1636535.1 | L11: =G11*(1+C5)^5 -> 1707338 | M11: =SUM(M36:M39) -> 1775868.9 | N11: =SUM(N36:N39) -> 1849776.5 | O11: =SUM(O36:O39) -> 1926615 | P11: =SUM(P36:P39) -> 2006196.1 | Q11: =L11*(1+D5)^5 -> 2087243.6 | R11: =SUM(R36:R39) -> 2172363.4 | S11: =SUM(S36:S39) -> 2258400.4 | T11: =SUM(T36:T39) -> 2346164.4 | U11: =SUM(U36:U39) -> 2435445 | V11: =SUM(V36:V39) -> 2525993.8 | W11: =SUM(W36:W39) -> 2617522.8 | X11: =SUM(X36:X39) -> 2709701.2 | Y11: =SUM(Y36:Y39) -> 2802154.9 | ... AO11: =SUM(AO36:AO39) -> 3868365.7 | AP11: =Q11*(1+E5)^25 -> 3869633
A15: 假设2：三次产业结构
A16: 高情景 | B16: 十四五 | C16: 十五五 | D16: 十六五 | E16: 2060 | G16: 中情景 | H16: 十四五 | I16: 十五五 | J16: 十六五 | K16: 2060 | M16: 低情景 | N16: 十四五 | O16: 十五五 | P16: 十六五 | Q16: 2060
A17: 农业 | B17: 0.074 | C17: 0.072 | D17: 0.067 | E17: 0.049 | G17: 农业 | H17: =AVERAGE(B17,N17) -> 0.074 | I17: =AVERAGE(C17,O17) -> 0.072 | J17: =AVERAGE(D17,P17) -> 0.067 | K17: =AVERAGE(E17,Q17) -> 0.048 | M17: 农业 | N17: 0.074 | O17: 0.072 | P17: 0.067 | Q17: 0.047
A18: 工业 | B18: 0.318 | C18: 0.293 | D18: 0.271 | E18: 0.212 | G18: 工业 | H18: =AVERAGE(B18,N18) -> 0.3155 | I18: =AVERAGE(C18,O18) -> 0.2915 | J18: =AVERAGE(D18,P18) -> 0.2745 | K18: =AVERAGE(E18,Q18) -> 0.226 | M18: 工业 | N18: 0.313 | O18: 0.29 | P18: 0.278 | Q18: 0.24
A19: 建筑业 | B19: 0.068 | C19: 0.065 | D19: 0.062 | E19: 0.049 | G19: 建筑业 | H19: =AVERAGE(B19,N19) -> 0.068 | I19: =AVERAGE(C19,O19) -> 0.065 | J19: =AVERAGE(D19,P19) -> 0.061 | K19: =AVERAGE(E19,Q19) -> 0.046 | M19: 建筑业 | N19: 0.068 | O19: 0.065 | P19: 0.06 | Q19: 0.043
A20: 服务业 | B20: 0.54 | C20: 0.57 | D20: 0.6 | E20: 0.69 | G20: 服务业 | H20: =AVERAGE(B20,N20) -> 0.5425 | I20: =AVERAGE(C20,O20) -> 0.5715 | J20: =AVERAGE(D20,P20) -> 0.5975 | K20: =AVERAGE(E20,Q20) -> 0.68 | M20: 服务业 | N20: 0.545 | O20: 0.573 | P20: 0.595 | Q20: 0.67
A22: 结果2：农、工、建筑和服务业增加值
A23: 高情景 | B23: 2020 | C23: 2021 | D23: 2022 | E23: 2023 | F23: 2024 | G23: 2025 | H23: 2026 | I23: 2027 | J23: 2028 | K23: 2029 | L23: 2030 | M23: 2031 | N23: 2032 | O23: 2033 | P23: 2034 | Q23: 2035 | R23: 2036 | S23: 2037 | T23: 2038 | U23: 2039 | V23: 2040 | W23: 2041 | X23: 2042 | Y23: 2043 | Z23: 2044 | AA23: 2045 | AB23: 2046 | AC23: 2047 | AD23: 2048 | AE23: 2049 | AF23: 2050 | AG23: 2051 | AH23: 2052 | AI23: 2053 | AJ23: 2054 | AK23: 2055 | AL23: 2056 | AM23: 2057 | AN23: 2058 | AO23: 2059 | AP23: 2060
A24: 农业-高情景 | B24: ='高情景（2001-2060, 2020RMB）'!U3 -> 81396.5 | C24: ='高情景（2001-2060, 2020RMB）'!V3 -> 82959.622 | D24: ='高情景（2001-2060, 2020RMB）'!W3 -> 86574.037 | E24: =VLOOKUP($A24,Python数据平滑!$A$9:$AN$21,COLUMN(Python数据平滑!C$9),0) -> 90508.221 | F24: =VLOOKUP($A24,Python数据平滑!$A$9:$AN$21,COLUMN(Python数据平滑!D$9),0) -> 95121.373 | G24: =G$9*B17 -> 97776.796 | H24: =VLOOKUP($A24,Python数据平滑!$A$9:$AN$21,COLUMN(Python数据平滑!F$9),0) -> 104107.17 | I24: =VLOOKUP($A24,Python数据平滑!$A$9:$AN$21,COLUMN(Python数据平滑!G$9),0) -> 108437.05 | J24: =VLOOKUP($A24,Python数据平滑!$A$9:$AN$21,COLUMN(Python数据平滑!H$9),0) -> 112631.95 | K24: =VLOOKUP($A24,Python数据平滑!$A$9:$AN$21,COLUMN(Python数据平滑!I$9),0) -> 116674.18 | L24: =L$9*C17 -> 122578.78 | M24: =VLOOKUP($A24,Python数据平滑!$A$9:$AN$21,COLUMN(Python数据平滑!K$9),0) -> 124238.97 | N24: =VLOOKUP($A24,Python数据平滑!$A$9:$AN$21,COLUMN(Python数据平滑!L$9),0) -> 127735.73 | O24: =VLOOKUP($A24,Python数据平滑!$A$9:$AN$21,COLUMN(Python数据平滑!M$9),0) -> 131028.36 | P24: =VLOOKUP($A24,Python数据平滑!$A$9:$AN$21,COLUMN(Python数据平滑!N$9),0) -> 134109.3 | Q24: =Q$9*D17 -> 136130.79 | R24: =VLOOKUP($A24,Python数据平滑!$A$9:$AN$21,COLUMN(Python数据平滑!P$9),0) -> 139616.67 | S24: =VLOOKUP($A24,Python数据平滑!$A$9:$AN$21,COLUMN(Python数据平滑!Q$9),0) -> 142038.69 | T24: =VLOOKUP($A24,Python数据平滑!$A$9:$AN$21,COLUMN(Python数据平滑!R$9),0) -> 144240.07 | U24: =VLOOKUP($A24,Python数据平滑!$A$9:$AN$21,COLUMN(Python数据平滑!S$9),0) -> 146223.55 | V24: =VLOOKUP($A24,Python数据平滑!$A$9:$AN$21,COLUMN(Python数据平滑!T$9),0) -> 147993.68 | W24: =VLOOKUP($A24,Python数据平滑!$A$9:$AN$21,COLUMN(Python数据平滑!U$9),0) -> 149556.67 | X24: =VLOOKUP($A24,Python数据平滑!$A$9:$AN$21,COLUMN(Python数据平滑!V$9),0) -> 150920.21 | Y24: =VLOOKUP($A24,Python数据平滑!$A$9:$AN$21,COLUMN(Python数据平滑!W$9),0) -> 152093.4 | ... AO24: =VLOOKUP($A24,Python数据平滑!$A$9:$AN$21,COLUMN(Python数据平滑!AM$9),0) -> 155500.47 | AP24: =AP$9*E17 -> 155514.93
A25: 工业-高情景 | B25: ='高情景（2001-2060, 2020RMB）'!U4 -> 312902.9 | C25: ='高情景（2001-2060, 2020RMB）'!V4 -> 356193.68 | D25: ='高情景（2001-2060, 2020RMB）'!W4 -> 375578.61 | E25: =SUM(E60:E65) -> 382345.32 | F25: =SUM(F60:F65) -> 399078.83 | G25: =G$9*B18 -> 420175.96 | H25: =SUM(H60:H65) -> 440090.76 | I25: =SUM(I60:I65) -> 457638.82 | J25: =SUM(J60:J65) -> 473019.34 | K25: =SUM(K60:K65) -> 486587.17 | L25: =L$9*C18 -> 498827.52 | M25: =SUM(M60:M65) -> 510246.33 | N25: =SUM(N60:N65) -> 521034.08 | O25: =SUM(O60:O65) -> 531296.03 | P25: =SUM(P60:P65) -> 541130.53 | Q25: =Q$9*D18 -> 550618.56 | R25: =SUM(R60:R65) -> 559808.83 | S25: =SUM(S60:S65) -> 568699.92 | T25: =SUM(T60:T65) -> 577281.12 | U25: =SUM(U60:U65) -> 585542.75 | V25: =SUM(V60:V65) -> 593475.87 | W25: =SUM(W60:W65) -> 601072.15 | X25: =SUM(X60:X65) -> 608323.61 | Y25: =SUM(Y60:Y65) -> 615222.57 | ... AO25: =SUM(AO60:AO65) -> 672657.16 | AP25: =AP$9*E18 -> 672840.1
A26: 建筑业-高情景 | B26: ='高情景（2001-2060, 2020RMB）'!U5 -> 72444.7 | C26: ='高情景（2001-2060, 2020RMB）'!V5 -> 76614.92 | D26: ='高情景（2001-2060, 2020RMB）'!W5 -> 77971.749 | E26: =VLOOKUP($A26,Python数据平滑!$A$9:$AN$21,COLUMN(Python数据平滑!C$9),0) -> 82009.725 | F26: =VLOOKUP($A26,Python数据平滑!$A$9:$AN$21,COLUMN(Python数据平滑!D$9),0) -> 86241.13 | G26: =G$9*B19 -> 89848.948 | H26: =VLOOKUP($A26,Python数据平滑!$A$9:$AN$21,COLUMN(Python数据平滑!F$9),0) -> 94546.138 | I26: =VLOOKUP($A26,Python数据平滑!$A$9:$AN$21,COLUMN(Python数据平滑!G$9),0) -> 98583.718 | J26: =VLOOKUP($A26,Python数据平滑!$A$9:$AN$21,COLUMN(Python数据平滑!H$9),0) -> 102522.33 | K26: =VLOOKUP($A26,Python数据平滑!$A$9:$AN$21,COLUMN(Python数据平滑!I$9),0) -> 106346.75 | L26: =L$9*C19 -> 110661.39 | M26: =VLOOKUP($A26,Python数据平滑!$A$9:$AN$21,COLUMN(Python数据平滑!K$9),0) -> 113599.22 | N26: =VLOOKUP($A26,Python数据平滑!$A$9:$AN$21,COLUMN(Python数据平滑!L$9),0) -> 117004.3 | O26: =VLOOKUP($A26,Python数据平滑!$A$9:$AN$21,COLUMN(Python数据平滑!M$9),0) -> 120249.42 | P26: =VLOOKUP($A26,Python数据平滑!$A$9:$AN$21,COLUMN(Python数据平滑!N$9),0) -> 123327.35 | Q26: =Q$9*D19 -> 125971.77 | R26: =VLOOKUP($A26,Python数据平滑!$A$9:$AN$21,COLUMN(Python数据平滑!P$9),0) -> 128961.55 | S26: =VLOOKUP($A26,Python数据平滑!$A$9:$AN$21,COLUMN(Python数据平滑!Q$9),0) -> 131512.13 | T26: =VLOOKUP($A26,Python数据平滑!$A$9:$AN$21,COLUMN(Python数据平滑!R$9),0) -> 133884.06 | U26: =VLOOKUP($A26,Python数据平滑!$A$9:$AN$21,COLUMN(Python数据平滑!S$9),0) -> 136078.65 | V26: =VLOOKUP($A26,Python数据平滑!$A$9:$AN$21,COLUMN(Python数据平滑!T$9),0) -> 138098.74 | W26: =VLOOKUP($A26,Python数据平滑!$A$9:$AN$21,COLUMN(Python数据平滑!U$9),0) -> 139948.62 | X26: =VLOOKUP($A26,Python数据平滑!$A$9:$AN$21,COLUMN(Python数据平滑!V$9),0) -> 141633.92 | Y26: =VLOOKUP($A26,Python数据平滑!$A$9:$AN$21,COLUMN(Python数据平滑!W$9),0) -> 143161.5 | ... AO26: =VLOOKUP($A26,Python数据平滑!$A$9:$AN$21,COLUMN(Python数据平滑!AM$9),0) -> 154905.79 | AP26: =AP$9*E19 -> 155514.93
A27: 服务业-高情景 | B27: ='高情景（2001-2060, 2020RMB）'!U56 -> 546822.9 | C27: ='高情景（2001-2060, 2020RMB）'!V56 -> 582938.41 | D27: ='高情景（2001-2060, 2020RMB）'!W56 -> 591543.44 | E27: =SUM(E67:E69) -> 609471 | F27: =SUM(F67:F69) -> 654663.99 | G27: =G$9*B20 -> 713506.35 | H27: =SUM(H67:H69) -> 771500.33 | I27: =SUM(I67:I69) -> 825376.52 | J27: =SUM(J67:J69) -> 875679.04 | K27: =SUM(K67:K69) -> 923495.23 | L27: =L$9*C20 -> 970415.31 | M27: =SUM(M67:M69) -> 1018098.1 | N27: =SUM(N67:N69) -> 1066871.2 | O27: =SUM(O67:O69) -> 1116678.8 | P27: =SUM(P67:P69) -> 1167447.5 | Q27: =Q$9*D20 -> 1219081.7 | R27: =SUM(R67:R69) -> 1271458.9 | S27: =SUM(S67:S69) -> 1324432.9 | T27: =SUM(T67:T69) -> 1377841.6 | U27: =SUM(U67:U69) -> 1431507.4 | V27: =SUM(V67:V69) -> 1485237.8 | W27: =SUM(W67:W69) -> 1538825.5 | X27: =SUM(X67:X69) -> 1592049 | Y27: =SUM(Y67:Y69) -> 1644673.6 | ... AO27: =SUM(AO67:AO69) -> 2187519.3 | AP27: =AP$9*E20 -> 2189904.1
A29: 中情景 | B29: 2020 | C29: 2021 | D29: 2022 | E29: 2023 | F29: 2024 | G29: 2025 | H29: 2026 | I29: 2027 | J29: 2028 | K29: 2029 | L29: 2030 | M29: 2031 | N29: 2032 | O29: 2033 | P29: 2034 | Q29: 2035 | R29: 2036 | S29: 2037 | T29: 2038 | U29: 2039 | V29: 2040 | W29: 2041 | X29: 2042 | Y29: 2043 | Z29: 2044 | AA29: 2045 | AB29: 2046 | AC29: 2047 | AD29: 2048 | AE29: 2049 | AF29: 2050 | AG29: 2051 | AH29: 2052 | AI29: 2053 | AJ29: 2054 | AK29: 2055 | AL29: 2056 | AM29: 2057 | AN29: 2058 | AO29: 2059 | AP29: 2060
A30: 农业-中情景 | B30: ='高情景（2001-2060, 2020RMB）'!U3 -> 81396.5 | C30: ='高情景（2001-2060, 2020RMB）'!V3 -> 82959.622 | D30: ='高情景（2001-2060, 2020RMB）'!W3 -> 86574.037 | E30: =VLOOKUP($A30,Python数据平滑!$A$9:$AN$21,COLUMN(Python数据平滑!C$9),0) -> 90558.743 | F30: =VLOOKUP($A30,Python数据平滑!$A$9:$AN$21,COLUMN(Python数据平滑!D$9),0) -> 95114.072 | G30: =G$10*H17 -> 98055.627 | H30: =VLOOKUP($A30,Python数据平滑!$A$9:$AN$21,COLUMN(Python数据平滑!F$9),0) -> 104045.39 | I30: =VLOOKUP($A30,Python数据平滑!$A$9:$AN$21,COLUMN(Python数据平滑!G$9),0) -> 108382.38 | J30: =VLOOKUP($A30,Python数据平滑!$A$9:$AN$21,COLUMN(Python数据平滑!H$9),0) -> 112609.19 | K30: =VLOOKUP($A30,Python数据平滑!$A$9:$AN$21,COLUMN(Python数据平滑!I$9),0) -> 116709 | L30: =L$10*I17 -> 122345.18 | M30: =VLOOKUP($A30,Python数据平滑!$A$9:$AN$21,COLUMN(Python数据平滑!K$9),0) -> 124467.5 | N30: =VLOOKUP($A30,Python数据平滑!$A$9:$AN$21,COLUMN(Python数据平滑!L$9),0) -> 128100.02 | O30: =VLOOKUP($A30,Python数据平滑!$A$9:$AN$21,COLUMN(Python数据平滑!M$9),0) -> 131553.42 | P30: =VLOOKUP($A30,Python数据平滑!$A$9:$AN$21,COLUMN(Python数据平滑!N$9),0) -> 134818.93 | Q30: =Q$10*J17 -> 137187.95 | R30: =VLOOKUP($A30,Python数据平滑!$A$9:$AN$21,COLUMN(Python数据平滑!P$9),0) -> 140760.28 | S30: =VLOOKUP($A30,Python数据平滑!$A$9:$AN$21,COLUMN(Python数据平滑!Q$9),0) -> 143427.62 | T30: =VLOOKUP($A30,Python数据平滑!$A$9:$AN$21,COLUMN(Python数据平滑!R$9),0) -> 145890.02 | U30: =VLOOKUP($A30,Python数据平滑!$A$9:$AN$21,COLUMN(Python数据平滑!S$9),0) -> 148147.59 | V30: =VLOOKUP($A30,Python数据平滑!$A$9:$AN$21,COLUMN(Python数据平滑!T$9),0) -> 150202.06 | W30: =VLOOKUP($A30,Python数据平滑!$A$9:$AN$21,COLUMN(Python数据平滑!U$9),0) -> 152056.7 | X30: =VLOOKUP($A30,Python数据平滑!$A$9:$AN$21,COLUMN(Python数据平滑!V$9),0) -> 153716.22 | Y30: =VLOOKUP($A30,Python数据平滑!$A$9:$AN$21,COLUMN(Python数据平滑!W$9),0) -> 155186.66 | ... AO30: =VLOOKUP($A30,Python数据平滑!$A$9:$AN$21,COLUMN(Python数据平滑!AM$9),0) -> 161304.37 | AP30: =AP$10*K17 -> 161245.16
A31: 工业-中情景 | B31: ='高情景（2001-2060, 2020RMB）'!U4 -> 312902.9 | C31: ='高情景（2001-2060, 2020RMB）'!V4 -> 356193.68 | D31: ='高情景（2001-2060, 2020RMB）'!W4 -> 375578.61 | E31: =SUM(E72:E77) -> 382017.76 | F31: =SUM(F72:F77) -> 397956.03 | G31: =G$10*H18 -> 418061.49 | H31: =SUM(H72:H77) -> 437012.43 | I31: =SUM(I72:I77) -> 453769.03 | J31: =SUM(J72:J77) -> 468688.24 | K31: =SUM(K72:K77) -> 482310.21 | L31: =L$10*I18 -> 495328.07 | M31: =SUM(M72:M77) -> 508417.71 | N31: =SUM(N72:N77) -> 521698 | O31: =SUM(O72:O77) -> 535122.03 | P31: =SUM(P72:P77) -> 548614.61 | Q31: =Q$10*J18 -> 562061.06 | R31: =SUM(R72:R77) -> 575328.11 | S31: =SUM(S72:S77) -> 588363.38 | T31: =SUM(T72:T77) -> 601138.51 | U31: =SUM(U72:U77) -> 613624.78 | V31: =SUM(V72:V77) -> 625792.99 | W31: =SUM(W72:W77) -> 637613.58 | X31: =SUM(X72:X77) -> 649056.6 | Y31: =SUM(Y72:Y77) -> 660091.85 | ... AO31: =SUM(AO72:AO77) -> 758842.08 | AP31: =AP$10*K18 -> 759195.95
A32: 建筑业-中情景 | B32: ='高情景（2001-2060, 2020RMB）'!U5 -> 72444.7 | C32: ='高情景（2001-2060, 2020RMB）'!V5 -> 76614.92 | D32: ='高情景（2001-2060, 2020RMB）'!W5 -> 77971.749 | E32: =VLOOKUP($A32,Python数据平滑!$A$9:$AN$21,COLUMN(Python数据平滑!C$9),0) -> 82115.328 | F32: =VLOOKUP($A32,Python数据平滑!$A$9:$AN$21,COLUMN(Python数据平滑!D$9),0) -> 86399.496 | G32: =G$10*H19 -> 90105.171 | H32: =VLOOKUP($A32,Python数据平滑!$A$9:$AN$21,COLUMN(Python数据平滑!F$9),0) -> 94727.032 | I32: =VLOOKUP($A32,Python数据平滑!$A$9:$AN$21,COLUMN(Python数据平滑!G$9),0) -> 98731.578 | J32: =VLOOKUP($A32,Python数据平滑!$A$9:$AN$21,COLUMN(Python数据平滑!H$9),0) -> 102606.85 | K32: =VLOOKUP($A32,Python数据平滑!$A$9:$AN$21,COLUMN(Python数据平滑!I$9),0) -> 106337.87 | L32: =L$10*I19 -> 110450.51 | M32: =VLOOKUP($A32,Python数据平滑!$A$9:$AN$21,COLUMN(Python数据平滑!K$9),0) -> 113317.77 | N32: =VLOOKUP($A32,Python数据平滑!$A$9:$AN$21,COLUMN(Python数据平滑!L$9),0) -> 116547.47 | O32: =VLOOKUP($A32,Python数据平滑!$A$9:$AN$21,COLUMN(Python数据平滑!M$9),0) -> 119594.67 | P32: =VLOOKUP($A32,Python数据平滑!$A$9:$AN$21,COLUMN(Python数据平滑!N$9),0) -> 122455.47 | Q32: =Q$10*J19 -> 124902.46 | R32: =VLOOKUP($A32,Python数据平滑!$A$9:$AN$21,COLUMN(Python数据平滑!P$9),0) -> 127613.25 | S32: =VLOOKUP($A32,Python数据平滑!$A$9:$AN$21,COLUMN(Python数据平滑!Q$9),0) -> 129913.23 | T32: =VLOOKUP($A32,Python数据平滑!$A$9:$AN$21,COLUMN(Python数据平滑!R$9),0) -> 132032.6 | U32: =VLOOKUP($A32,Python数据平滑!$A$9:$AN$21,COLUMN(Python数据平滑!S$9),0) -> 133977.65 | V32: =VLOOKUP($A32,Python数据平滑!$A$9:$AN$21,COLUMN(Python数据平滑!T$9),0) -> 135756.34 | W32: =VLOOKUP($A32,Python数据平滑!$A$9:$AN$21,COLUMN(Python数据平滑!U$9),0) -> 137378.14 | X32: =VLOOKUP($A32,Python数据平滑!$A$9:$AN$21,COLUMN(Python数据平滑!V$9),0) -> 138853.93 | Y32: =VLOOKUP($A32,Python数据平滑!$A$9:$AN$21,COLUMN(Python数据平滑!W$9),0) -> 140195.76 | ... AO32: =VLOOKUP($A32,Python数据平滑!$A$9:$AN$21,COLUMN(Python数据平滑!AM$9),0) -> 156278.2 | AP32: =AP$10*K19 -> 154526.61
A33: 服务业-中情景 | B33: ='高情景（2001-2060, 2020RMB）'!U56 -> 546822.9 | C33: ='高情景（2001-2060, 2020RMB）'!V56 -> 582938.41 | D33: ='高情景（2001-2060, 2020RMB）'!W56 -> 591543.44 | E33: =SUM(E79:E81) -> 610396.07 | F33: =SUM(F79:F81) -> 657744.9 | G33: =G$10*H20 -> 718853.75 | H33: =SUM(H79:H81) -> 777854.57 | I33: =SUM(I79:I81) -> 831304.93 | J33: =SUM(J79:J81) -> 880126.75 | K33: =SUM(K79:K81) -> 925966.42 | L33: =L$10*I20 -> 971114.9 | M33: =SUM(M79:M81) -> 1017891.9 | N33: =SUM(N79:N81) -> 1066702.2 | O33: =SUM(O79:O81) -> 1117383.3 | P33: =SUM(P79:P81) -> 1169718.9 | Q33: =Q$10*J20 -> 1223429.8 | R33: =SUM(R79:R81) -> 1278211 | S33: =SUM(S79:S81) -> 1333880.7 | T33: =SUM(T79:T81) -> 1390278.3 | U33: =SUM(U79:U81) -> 1447224.2 | V33: =SUM(V79:V81) -> 1504518.9 | W33: =SUM(W79:W81) -> 1561943.4 | X33: =SUM(X79:X81) -> 1619259.2 | Y33: =SUM(Y79:Y81) -> 1676209 | ... AO33: =SUM(AO79:AO81) -> 2281549.7 | AP33: =AP$10*K20 -> 2284306.4
A35: 低情景 | B35: 2020 | C35: 2021 | D35: 2022 | E35: 2023 | F35: 2024 | G35: 2025 | H35: 2026 | I35: 2027 | J35: 2028 | K35: 2029 | L35: 2030 | M35: 2031 | N35: 2032 | O35: 2033 | P35: 2034 | Q35: 2035 | R35: 2036 | S35: 2037 | T35: 2038 | U35: 2039 | V35: 2040 | W35: 2041 | X35: 2042 | Y35: 2043 | Z35: 2044 | AA35: 2045 | AB35: 2046 | AC35: 2047 | AD35: 2048 | AE35: 2049 | AF35: 2050 | AG35: 2051 | AH35: 2052 | AI35: 2053 | AJ35: 2054 | AK35: 2055 | AL35: 2056 | AM35: 2057 | AN35: 2058 | AO35: 2059 | AP35: 2060
A36: 农业-低情景 | B36: ='高情景（2001-2060, 2020RMB）'!U3 -> 81396.5 | C36: ='高情景（2001-2060, 2020RMB）'!V3 -> 82959.622 | D36: ='高情景（2001-2060, 2020RMB）'!W3 -> 86574.037 | E36: =VLOOKUP($A36,Python数据平滑!$A$9:$AN$21,COLUMN(Python数据平滑!C$9),0) -> 90517.822 | F36: =VLOOKUP($A36,Python数据平滑!$A$9:$AN$21,COLUMN(Python数据平滑!D$9),0) -> 95040.61 | G36: =G$11*N17 -> 98055.627 | H36: =VLOOKUP($A36,Python数据平滑!$A$9:$AN$21,COLUMN(Python数据平滑!F$9),0) -> 104025.52 | I36: =VLOOKUP($A36,Python数据平滑!$A$9:$AN$21,COLUMN(Python数据平滑!G$9),0) -> 108455.52 | J36: =VLOOKUP($A36,Python数据平滑!$A$9:$AN$21,COLUMN(Python数据平滑!H$9),0) -> 112823.22 | K36: =VLOOKUP($A36,Python数据平滑!$A$9:$AN$21,COLUMN(Python数据平滑!I$9),0) -> 117113.91 | L36: =L$11*O17 -> 122928.33 | M36: =VLOOKUP($A36,Python数据平滑!$A$9:$AN$21,COLUMN(Python数据平滑!K$9),0) -> 125409.47 | N36: =VLOOKUP($A36,Python数据平滑!$A$9:$AN$21,COLUMN(Python数据平滑!L$9),0) -> 129389.3 | O36: =VLOOKUP($A36,Python数据平滑!$A$9:$AN$21,COLUMN(Python数据平滑!M$9),0) -> 133242.26 | P36: =VLOOKUP($A36,Python数据平滑!$A$9:$AN$21,COLUMN(Python数据平滑!N$9),0) -> 136958.57 | Q36: =Q$11*P17 -> 139845.32 | R36: =VLOOKUP($A36,Python数据平滑!$A$9:$AN$21,COLUMN(Python数据平滑!P$9),0) -> 143948.44 | S36: =VLOOKUP($A36,Python数据平滑!$A$9:$AN$21,COLUMN(Python数据平滑!Q$9),0) -> 147208.77 | T36: =VLOOKUP($A36,Python数据平滑!$A$9:$AN$21,COLUMN(Python数据平滑!R$9),0) -> 150306.04 | U36: =VLOOKUP($A36,Python数据平滑!$A$9:$AN$21,COLUMN(Python数据平滑!S$9),0) -> 153236.87 | V36: =VLOOKUP($A36,Python数据平滑!$A$9:$AN$21,COLUMN(Python数据平滑!T$9),0) -> 155999.18 | W36: =VLOOKUP($A36,Python数据平滑!$A$9:$AN$21,COLUMN(Python数据平滑!U$9),0) -> 158592.15 | X36: =VLOOKUP($A36,Python数据平滑!$A$9:$AN$21,COLUMN(Python数据平滑!V$9),0) -> 161016.15 | Y36: =VLOOKUP($A36,Python数据平滑!$A$9:$AN$21,COLUMN(Python数据平滑!W$9),0) -> 163272.74 | ... AO36: =VLOOKUP($A36,Python数据平滑!$A$9:$AN$21,COLUMN(Python数据平滑!AM$9),0) -> 181396.95 | AP36: =AP$11*Q17 -> 181872.75
A37: 工业-低情景 | B37: ='高情景（2001-2060, 2020RMB）'!U4 -> 312902.9 | C37: ='高情景（2001-2060, 2020RMB）'!V4 -> 356193.68 | D37: ='高情景（2001-2060, 2020RMB）'!W4 -> 375578.61 | E37: =SUM(E84:E89) -> 381410.94 | F37: =SUM(F84:F89) -> 396001.71 | G37: =G$11*N18 -> 414748.8 | H37: =SUM(H84:H89) -> 432963.42 | I37: =SUM(I84:I89) -> 449702.01 | J37: =SUM(J84:J89) -> 465280.75 | K37: =SUM(K84:K89) -> 480201.59 | L37: =L$11*O18 -> 495128.01 | M37: =SUM(M84:M89) -> 510725.26 | N37: =SUM(N84:N89) -> 527113.35 | O37: =SUM(O84:O89) -> 544238.47 | P37: =SUM(P84:P89) -> 562003.86 | Q37: =Q$11*P18 -> 580253.73 | R37: =SUM(R84:R89) -> 598801.01 | S37: =SUM(S84:S89) -> 617565.96 | T37: =SUM(T84:T89) -> 636497.26 | U37: =SUM(U84:U89) -> 655537.77 | V37: =SUM(V84:V89) -> 674624.35 | W37: =SUM(W84:W89) -> 693687.84 | X37: =SUM(X84:X89) -> 712653.11 | Y37: =SUM(Y84:Y89) -> 731439.2 | ... AO37: =SUM(AO84:AO89) -> 927838.22 | AP37: =AP$11*Q18 -> 928711.93
A38: 建筑业-低情景 | B38: ='高情景（2001-2060, 2020RMB）'!U5 -> 72444.7 | C38: ='高情景（2001-2060, 2020RMB）'!V5 -> 76614.92 | D38: ='高情景（2001-2060, 2020RMB）'!W5 -> 77971.749 | E38: =VLOOKUP($A38,Python数据平滑!$A$9:$AN$21,COLUMN(Python数据平滑!C$9),0) -> 82138.959 | F38: =VLOOKUP($A38,Python数据平滑!$A$9:$AN$21,COLUMN(Python数据平滑!D$9),0) -> 86500.47 | G38: =G$11*N19 -> 90105.171 | H38: =VLOOKUP($A38,Python数据平滑!$A$9:$AN$21,COLUMN(Python数据平滑!F$9),0) -> 94950.216 | I38: =VLOOKUP($A38,Python数据平滑!$A$9:$AN$21,COLUMN(Python数据平滑!G$9),0) -> 98999.445 | J38: =VLOOKUP($A38,Python数据平滑!$A$9:$AN$21,COLUMN(Python数据平滑!H$9),0) -> 102909.15 | K38: =VLOOKUP($A38,Python数据平滑!$A$9:$AN$21,COLUMN(Python数据平滑!I$9),0) -> 106665.5 | L38: =L$11*O19 -> 110976.97 | M38: =VLOOKUP($A38,Python数据平滑!$A$9:$AN$21,COLUMN(Python数据平滑!K$9),0) -> 113675.61 | N38: =VLOOKUP($A38,Python数据平滑!$A$9:$AN$21,COLUMN(Python数据平滑!L$9),0) -> 116914.74 | O38: =VLOOKUP($A38,Python数据平滑!$A$9:$AN$21,COLUMN(Python数据平滑!M$9),0) -> 119971.23 | P38: =VLOOKUP($A38,Python数据平滑!$A$9:$AN$21,COLUMN(Python数据平滑!N$9),0) -> 122844.36 | Q38: =Q$11*P19 -> 125234.62 | R38: =VLOOKUP($A38,Python数据平滑!$A$9:$AN$21,COLUMN(Python数据平滑!P$9),0) -> 128049.89 | S38: =VLOOKUP($A38,Python数据平滑!$A$9:$AN$21,COLUMN(Python数据平滑!Q$9),0) -> 130392.83 | T38: =VLOOKUP($A38,Python数据平滑!$A$9:$AN$21,COLUMN(Python数据平滑!R$9),0) -> 132573.16 | U38: =VLOOKUP($A38,Python数据平滑!$A$9:$AN$21,COLUMN(Python数据平滑!S$9),0) -> 134601.28 | V38: =VLOOKUP($A38,Python数据平滑!$A$9:$AN$21,COLUMN(Python数据平滑!T$9),0) -> 136489.36 | W38: =VLOOKUP($A38,Python数据平滑!$A$9:$AN$21,COLUMN(Python数据平滑!U$9),0) -> 138251.13 | X38: =VLOOKUP($A38,Python数据平滑!$A$9:$AN$21,COLUMN(Python数据平滑!V$9),0) -> 139901.75 | Y38: =VLOOKUP($A38,Python数据平滑!$A$9:$AN$21,COLUMN(Python数据平滑!W$9),0) -> 141457.66 | ... AO38: =VLOOKUP($A38,Python数据平滑!$A$9:$AN$21,COLUMN(Python数据平滑!AM$9),0) -> 170684.32 | AP38: =AP$11*Q19 -> 166394.22
A39: 服务业-低情景 | B39: ='高情景（2001-2060, 2020RMB）'!U56 -> 546822.9 | C39: ='高情景（2001-2060, 2020RMB）'!V56 -> 582938.41 | D39: ='高情景（2001-2060, 2020RMB）'!W56 -> 591543.44 | E39: =SUM(E91:E93) -> 610889.12 | F39: =SUM(F91:F93) -> 659484.77 | G39: =G$11*N20 -> 722166.44 | H39: =SUM(H91:H93) -> 782466.3 | I39: =SUM(I91:I93) -> 836813.19 | J39: =SUM(J91:J93) -> 886233.61 | K39: =SUM(K91:K93) -> 932554.06 | L39: =L$11*O20 -> 978304.66 | M39: =SUM(M91:M93) -> 1026058.5 | N39: =SUM(N91:N93) -> 1076359.1 | O39: =SUM(O91:O93) -> 1129163 | P39: =SUM(P91:P93) -> 1184389.3 | Q39: =Q$11*P20 -> 1241910 | R39: =SUM(R91:R93) -> 1301564.1 | S39: =SUM(S91:S93) -> 1363232.8 | T39: =SUM(T91:T93) -> 1426788 | U39: =SUM(U91:U93) -> 1492069 | V39: =SUM(V91:V93) -> 1558880.9 | W39: =SUM(W91:W93) -> 1626991.6 | X39: =SUM(X91:X93) -> 1696130.2 | Y39: =SUM(Y91:Y93) -> 1765985.3 | ... AO39: =SUM(AO91:AO93) -> 2588446.2 | AP39: =AP$11*Q20 -> 2592654.1
A43: 假设3：产业大类结构
A44: 高情景 | B44: 2019 | C44: 2022 | D44: 十四五 | E44: 十五五 | F44: 十六五 | G44: 2060 | I44: 中情景 | J44: 十四五 | K44: 十五五 | L44: 十六五 | M44: 2060 | O44: 低情景 | P44: 十四五 | Q44: 十五五 | R44: 十六五 | S44: 2060
A45: 能源产业 | B45: =SUM('高情景（2001-2060, 2020RMB）'!T14:T15,'高情景（2001-2060, 2020RMB）'!T33,'高情景（2001-2060, 2020RMB）'!T53:T54)/'高情景（2001-2060, 2020RMB）'!T13 -> 0.11241444 | C45: =SUM('高情景（2001-2060, 2020RMB）'!W14:W15,'高情景（2001-2060, 2020RMB）'!W33,'高情景（2001-2060, 2020RMB）'!W53:W54)/'高情景（2001-2060, 2020RMB）'!W13 -> 0.10728573 | D45: 0.105 | E45: 0.102 | F45: 0.098 | G45: 0.078 | I45: 能源产业 | J45: =(D45+P45)/2 -> 0.104 | K45: =(E45+Q45)/2 -> 0.0995 | L45: =(F45+R45)/2 -> 0.0915 | M45: =(G45+S45)/2 -> 0.07 | O45: 能源产业 | P45: 0.103 | Q45: 0.097 | R45: 0.085 | S45: 0.062
A46: 电力与热力产业 | B46: ='高情景（2001-2060, 2020RMB）'!T52/'高情景（2001-2060, 2020RMB）'!T13 -> 0.045856952 | C46: ='高情景（2001-2060, 2020RMB）'!W52/'高情景（2001-2060, 2020RMB）'!W13 -> 0.046516835 | D46: 0.05 | E46: 0.053 | F46: 0.061 | G46: 0.083 | I46: 电力与热力产业 | J46: =(D46+P46)/2 -> 0.05 | K46: =(E46+Q46)/2 -> 0.053 | L46: =(F46+R46)/2 -> 0.0605 | M46: =(G46+S46)/2 -> 0.082 | O46: 电力与热力产业 | P46: 0.05 | Q46: 0.053 | R46: 0.06 | S46: 0.081
A47: 传统高耗能产业 | B47: =SUM('高情景（2001-2060, 2020RMB）'!T25:T26,'高情景（2001-2060, 2020RMB）'!T30,'高情景（2001-2060, 2020RMB）'!T34,'高情景（2001-2060, 2020RMB）'!T36:T37,'高情景（2001-2060, 2020RMB）'!T38:T40)/'高情景（2001-2060, 2020RMB）'!T13 -> 0.28901451 | C47: =SUM('高情景（2001-2060, 2020RMB）'!W25:W26,'高情景（2001-2060, 2020RMB）'!W30,'高情景（2001-2060, 2020RMB）'!W34,'高情景（2001-2060, 2020RMB）'!W36:W37,'高情景（2001-2060, 2020RMB）'!W38:W40)/'高情景（2001-2060, 2020RMB）'!W13 -> 0.27105648 | D47: 0.268 | E47: 0.26 | F47: 0.238 | G47: 0.19 | I47: 传统高耗能产业 | J47: =(D47+P47)/2 -> 0.263 | K47: =(E47+Q47)/2 -> 0.25 | L47: =(F47+R47)/2 -> 0.2255 | M47: =(G47+S47)/2 -> 0.163 | O47: 传统高耗能产业 | P47: 0.258 | Q47: 0.24 | R47: 0.213 | S47: 0.136
A48: 装备制造业 | B48: =SUM('高情景（2001-2060, 2020RMB）'!T41:T46)/'高情景（2001-2060, 2020RMB）'!T13 -> 0.25386829 | C48: =SUM('高情景（2001-2060, 2020RMB）'!W41:W46)/'高情景（2001-2060, 2020RMB）'!W13 -> 0.2703341 | D48: 0.273 | E48: 0.278 | F48: 0.282 | G48: 0.295 | I48: 装备制造业 | J48: =(D48+P48)/2 -> 0.2765 | K48: =(E48+Q48)/2 -> 0.285 | L48: =(F48+R48)/2 -> 0.2935 | M48: =(G48+S48)/2 -> 0.315 | O48: 装备制造业 | P48: 0.28 | Q48: 0.292 | R48: 0.305 | S48: 0.335
A49: 高技术产业 | B49: =SUM('高情景（2001-2060, 2020RMB）'!T47:T48,'高情景（2001-2060, 2020RMB）'!T35)/'高情景（2001-2060, 2020RMB）'!T13 -> 0.12956589 | C49: =SUM('高情景（2001-2060, 2020RMB）'!W47:W48,'高情景（2001-2060, 2020RMB）'!W35)/'高情景（2001-2060, 2020RMB）'!W13 -> 0.14591243 | D49: 0.152 | E49: 0.157 | F49: 0.172 | G49: 0.23 | I49: 高技术产业 | J49: =(D49+P49)/2 -> 0.156 | K49: =(E49+Q49)/2 -> 0.1665 | L49: =(F49+R49)/2 -> 0.186 | M49: =(G49+S49)/2 -> 0.254 | O49: 高技术产业 | P49: 0.16 | Q49: 0.176 | R49: 0.2 | S49: 0.278
A50: 其他产业 | B50: =SUM('高情景（2001-2060, 2020RMB）'!T16:T24,'高情景（2001-2060, 2020RMB）'!T27:T29,'高情景（2001-2060, 2020RMB）'!T31:T32,'高情景（2001-2060, 2020RMB）'!T49:T51)/'高情景（2001-2060, 2020RMB）'!T13 -> 0.16927992 | C50: =SUM('高情景（2001-2060, 2020RMB）'!W16:W24,'高情景（2001-2060, 2020RMB）'!W27:W29,'高情景（2001-2060, 2020RMB）'!W31:W32,'高情景（2001-2060, 2020RMB）'!W49:W51)/'高情景（2001-2060, 2020RMB）'!W13 -> 0.15889442 | D50: =D51-SUM(D45:D49) -> 0.152 | E50: =E51-SUM(E45:E49) -> 0.15 | F50: =F51-SUM(F45:F49) -> 0.149 | G50: =G51-SUM(G45:G49) -> 0.124 | I50: 其他产业 | J50: =(D50+P50)/2 -> 0.1505 | K50: =(E50+Q50)/2 -> 0.146 | L50: =(F50+R50)/2 -> 0.143 | M50: =(G50+S50)/2 -> 0.116 | O50: 其他产业 | P50: =P51-SUM(P45:P49) -> 0.149 | Q50: =Q51-SUM(Q45:Q49) -> 0.142 | R50: =R51-SUM(R45:R49) -> 0.137 | S50: =S51-SUM(S45:S49) -> 0.108 | U50: 电力需求-GDP 弹性
A51: 工业合计 | B51: =SUM(B45:B50) -> 1 | C51: =SUM(C45:C50) -> 1 | D51: 1 | E51: 1 | F51: 1 | G51: 1 | I51: 工业合计 | J51: =SUM(J45:J50) -> 1 | K51: =SUM(K45:K50) -> 1 | L51: =SUM(L45:L50) -> 1 | M51: =SUM(M45:M50) -> 1 | O51: 工业合计 | P51: 1 | Q51: 1 | R51: 1 | S51: 1
A53: 交通运输业 | B53: ='高情景（2001-2060, 2020RMB）'!T57/'高情景（2001-2060, 2020RMB）'!T56 -> 0.080059913 | C53: ='高情景（2001-2060, 2020RMB）'!W57/'高情景（2001-2060, 2020RMB）'!W56 -> 0.078523402 | D53: 0.078 | E53: 0.075 | F53: 0.07 | G53: 0.054 | I53: 交通运输业 | J53: =(D53+P53)/2 -> 0.0765 | K53: =(E53+Q53)/2 -> 0.074 | L53: =(F53+R53)/2 -> 0.069 | M53: =(G53+S53)/2 -> 0.0505 | O53: 交通运输业 | P53: 0.075 | Q53: 0.073 | R53: 0.068 | S53: 0.047
A54: 传统服务业 | B54: =SUM('高情景（2001-2060, 2020RMB）'!T58:T59)/'高情景（2001-2060, 2020RMB）'!T56 -> 0.21407854 | C54: =SUM('高情景（2001-2060, 2020RMB）'!W58:W59)/'高情景（2001-2060, 2020RMB）'!W56 -> 0.20925315 | D54: 0.205 | E54: 0.2 | F54: 0.19 | G54: 0.168 | I54: 传统服务业 | J54: =(D54+P54)/2 -> 0.204 | K54: =(E54+Q54)/2 -> 0.1975 | L54: =(F54+R54)/2 -> 0.188 | M54: =(G54+S54)/2 -> 0.162 | O54: 传统服务业 | P54: 0.203 | Q54: 0.195 | R54: 0.186 | S54: 0.156
A55: 现代服务业 | B55: =SUM('高情景（2001-2060, 2020RMB）'!T60:T70)/'高情景（2001-2060, 2020RMB）'!T56 -> 0.70586155 | C55: =SUM('高情景（2001-2060, 2020RMB）'!W60:W70)/'高情景（2001-2060, 2020RMB）'!W56 -> 0.71222345 | D55: =D56-D53-D54 -> 0.717 | E55: =E56-E53-E54 -> 0.725 | F55: =F56-F53-F54 -> 0.74 | G55: =G56-G53-G54 -> 0.778 | I55: 现代服务业 | J55: =(D55+P55)/2 -> 0.7195 | K55: =(E55+Q55)/2 -> 0.7285 | L55: =(F55+R55)/2 -> 0.743 | M55: =(G55+S55)/2 -> 0.7875 | O55: 现代服务业 | P55: =P56-P53-P54 -> 0.722 | Q55: =Q56-Q53-Q54 -> 0.732 | R55: =R56-R53-R54 -> 0.746 | S55: =S56-S53-S54 -> 0.797
A56: 服务业合计 | B56: =SUM(B53:B55) -> 1 | C56: =SUM(C53:C55) -> 1 | D56: 1 | E56: 1 | F56: 1 | G56: 1 | I56: 服务业合计 | J56: =(D56+P56)/2 -> 1 | K56: =(E56+Q56)/2 -> 1 | L56: =(F56+R56)/2 -> 1 | M56: =(G56+S56)/2 -> 1 | O56: 服务业合计 | P56: 1 | Q56: 1 | R56: 1 | S56: 1
A58: 结果3：
A59: 高情景 | B59: 2020 | C59: 2021 | D59: 2022 | E59: 2023 | F59: 2024 | G59: 2025 | H59: 2026 | I59: 2027 | J59: 2028 | K59: 2029 | L59: 2030 | M59: 2031 | N59: 2032 | O59: 2033 | P59: 2034 | Q59: 2035 | R59: 2036 | S59: 2037 | T59: 2038 | U59: 2039 | V59: 2040 | W59: 2041 | X59: 2042 | Y59: 2043 | Z59: 2044 | AA59: 2045 | AB59: 2046 | AC59: 2047 | AD59: 2048 | AE59: 2049 | AF59: 2050 | AG59: 2051 | AH59: 2052 | AI59: 2053 | AJ59: 2054 | AK59: 2055 | AL59: 2056 | AM59: 2057 | AN59: 2058 | AO59: 2059 | AP59: 2060
A60: 能源产业-高情景 | B60: =SUM('高情景（2001-2060, 2020RMB）'!U14:U15,'高情景（2001-2060, 2020RMB）'!U33,'高情景（2001-2060, 2020RMB）'!U53:U54) -> 34486.847 | C60: =SUM('高情景（2001-2060, 2020RMB）'!V14:V15,'高情景（2001-2060, 2020RMB）'!V33,'高情景（2001-2060, 2020RMB）'!V53:V54) -> 37878.28 | D60: =SUM('高情景（2001-2060, 2020RMB）'!W14:W15,'高情景（2001-2060, 2020RMB）'!W33,'高情景（2001-2060, 2020RMB）'!W53:W54) -> 40294.225 | E60: =E166 -> 40873.936 | F60: =F166 -> 42307.123 | G60: =G$25*D45 -> 44118.476 | H60: =H166 -> 45845.33 | I60: =I166 -> 47379.938 | J60: =J166 -> 48722.513 | K60: =K166 -> 49883.029 | L60: =L$25*E45 -> 50880.407 | M60: =M166 -> 51737.372 | N60: =N166 -> 52464.686 | O60: =O166 -> 53070.866 | P60: =P166 -> 53565.842 | Q60: =Q$25*F45 -> 53960.619 | R60: =R166 -> 54266.244 | S60: =S166 -> 54491.363 | T60: =T166 -> 54644.155 | U60: =U166 -> 54732.865 | V60: =V166 -> 54765.651 | W60: =W166 -> 54750.439 | X60: =X166 -> 54694.813 | Y60: =Y166 -> 54605.916 | ... AO60: =AO166 -> 52497.356 | AP60: =AP$25*G45 -> 52481.528
A61: 电力与热力产业-高情景 | B61: ='高情景（2001-2060, 2020RMB）'!U52 -> 14171.805 | C61: ='高情景（2001-2060, 2020RMB）'!V52 -> 16363.885 | D61: ='高情景（2001-2060, 2020RMB）'!W52 -> 17470.728 | E61: =VLOOKUP($A61,Python数据平滑!$A$25:$AN$52,COLUMN(Python数据平滑!C$25),0) -> 18018.849 | F61: =VLOOKUP($A61,Python数据平滑!$A$25:$AN$52,COLUMN(Python数据平滑!D$25),0) -> 19361.585 | G61: =G$25*D46 -> 21008.798 | H61: =VLOOKUP($A61,Python数据平滑!$A$25:$AN$52,COLUMN(Python数据平滑!F$25),0) -> 22450.271 | I61: =VLOOKUP($A61,Python数据平滑!$A$25:$AN$52,COLUMN(Python数据平滑!G$25),0) -> 23614.332 | J61: =VLOOKUP($A61,Python数据平滑!$A$25:$AN$52,COLUMN(Python数据平滑!H$25),0) -> 24586.803 | K61: =VLOOKUP($A61,Python数据平滑!$A$25:$AN$52,COLUMN(Python数据平滑!I$25),0) -> 25482.345 | L61: =L$25*E46 -> 26437.858 | M61: =VLOOKUP($A61,Python数据平滑!$A$25:$AN$52,COLUMN(Python数据平滑!K$25),0) -> 27577.617 | N61: =VLOOKUP($A61,Python数据平滑!$A$25:$AN$52,COLUMN(Python数据平滑!L$25),0) -> 28903.23 | O61: =VLOOKUP($A61,Python数据平滑!$A$25:$AN$52,COLUMN(Python数据平滑!M$25),0) -> 30378.495 | P61: =VLOOKUP($A61,Python数据平滑!$A$25:$AN$52,COLUMN(Python数据平滑!N$25),0) -> 31958.57 | Q61: =Q$25*F46 -> 33587.732 | R61: =VLOOKUP($A61,Python数据平滑!$A$25:$AN$52,COLUMN(Python数据平滑!P$25),0) -> 35209.589 | S61: =VLOOKUP($A61,Python数据平滑!$A$25:$AN$52,COLUMN(Python数据平滑!Q$25),0) -> 36805.906 | T61: =VLOOKUP($A61,Python数据平滑!$A$25:$AN$52,COLUMN(Python数据平滑!R$25),0) -> 38369.253 | U61: =VLOOKUP($A61,Python数据平滑!$A$25:$AN$52,COLUMN(Python数据平滑!S$25),0) -> 39892.52 | V61: =VLOOKUP($A61,Python数据平滑!$A$25:$AN$52,COLUMN(Python数据平滑!T$25),0) -> 41368.988 | W61: =VLOOKUP($A61,Python数据平滑!$A$25:$AN$52,COLUMN(Python数据平滑!U$25),0) -> 42792.399 | X61: =VLOOKUP($A61,Python数据平滑!$A$25:$AN$52,COLUMN(Python数据平滑!V$25),0) -> 44157.013 | Y61: =VLOOKUP($A61,Python数据平滑!$A$25:$AN$52,COLUMN(Python数据平滑!W$25),0) -> 45457.66 | ... AO61: =VLOOKUP($A61,Python数据平滑!$A$25:$AN$52,COLUMN(Python数据平滑!AM$25),0) -> 55817.284 | AP61: =AP$25*G46 -> 55845.729
A62: 传统高耗能产业-高情景 | B62: =SUM('高情景（2001-2060, 2020RMB）'!U25:U26,'高情景（2001-2060, 2020RMB）'!U30,'高情景（2001-2060, 2020RMB）'!U34,'高情景（2001-2060, 2020RMB）'!U36:U37,'高情景（2001-2060, 2020RMB）'!U38:U40) -> 90023.293 | C62: =SUM('高情景（2001-2060, 2020RMB）'!V25:V26,'高情景（2001-2060, 2020RMB）'!V30,'高情景（2001-2060, 2020RMB）'!V34,'高情景（2001-2060, 2020RMB）'!V36:V37,'高情景（2001-2060, 2020RMB）'!V38:V40) -> 98562.089 | D62: =SUM('高情景（2001-2060, 2020RMB）'!W25:W26,'高情景（2001-2060, 2020RMB）'!W30,'高情景（2001-2060, 2020RMB）'!W34,'高情景（2001-2060, 2020RMB）'!W36:W37,'高情景（2001-2060, 2020RMB）'!W38:W40) -> 101803.01 | E62: =E172 -> 103452.18 | F62: =F172 -> 107512.66 | G62: =G$25*D47 -> 112607.16 | H62: =H172 -> 117408.61 | I62: =I172 -> 121569.52 | J62: =J172 -> 125029.15 | K62: =K172 -> 127745.48 | L62: =L$25*E47 -> 129695.15 | M62: =M172 -> 130895.37 | N62: =N172 -> 131469.6 | O62: =O172 -> 131576.35 | P62: =P172 -> 131380.24 | Q62: =Q$25*F47 -> 131047.22 | R62: =R172 -> 130714.31 | S62: =S172 -> 130407.35 | T62: =T172 -> 130124.66 | U62: =U172 -> 129864.73 | V62: =V172 -> 129626.16 | W62: =W172 -> 129407.68 | X62: =X172 -> 129208.1 | Y62: =Y172 -> 129026.33 | ... AO62: =AO172 -> 127842.1 | AP62: =AP$25*G47 -> 127839.62
A63: 装备制造业-高情景 | B63: =SUM('高情景（2001-2060, 2020RMB）'!U41:U46) -> 81720.66 | C63: =SUM('高情景（2001-2060, 2020RMB）'!V41:V46) -> 95333.93 | D63: =SUM('高情景（2001-2060, 2020RMB）'!W41:W46) -> 101531.7 | E63: =E182 -> 103523.33 | F63: =F182 -> 108458.62 | G63: =G$25*D48 -> 114708.04 | H63: =H182 -> 120652.81 | I63: =I182 -> 125946.15 | J63: =J182 -> 130642.35 | K63: =K182 -> 134839.62 | L63: =L$25*E48 -> 138674.05 | M63: =M182 -> 142286.36 | N63: =N182 -> 145725.52 | O63: =O182 -> 149017.43 | P63: =P182 -> 152190.35 | Q63: =Q$25*F48 -> 155274.44 | R63: =R182 -> 158294.72 | S63: =S182 -> 161250.79 | T63: =T182 -> 164135.8 | U63: =U182 -> 166943.02 | V63: =V182 -> 169665.83 | W63: =W182 -> 172297.78 | X63: =X182 -> 174832.63 | Y63: =Y182 -> 177264.31 | ... AO63: =AO182 -> 198412.88 | AP63: =AP$25*G48 -> 198487.83
A64: 高技术产业-高情景 | B64: =SUM('高情景（2001-2060, 2020RMB）'!U47:U48,'高情景（2001-2060, 2020RMB）'!U35) -> 42058.738 | C64: =SUM('高情景（2001-2060, 2020RMB）'!V47:V48,'高情景（2001-2060, 2020RMB）'!V35) -> 51422.622 | D64: =SUM('高情景（2001-2060, 2020RMB）'!W47:W48,'高情景（2001-2060, 2020RMB）'!W35) -> 54801.587 | E64: =E189 -> 56206.926 | F64: =F189 -> 59643.535 | G64: =G$25*D49 -> 63866.746 | H64: =H189 -> 67629.231 | I64: =I189 -> 70750.016 | J64: =J189 -> 73407.877 | K64: =K189 -> 75837.173 | L64: =L$25*E49 -> 78315.92 | M64: =M189 -> 81096.023 | N64: =N189 -> 84189.664 | O64: =O189 -> 87538.133 | P64: =P189 -> 91071.478 | Q64: =Q$25*F49 -> 94706.393 | R64: =R189 -> 98361.076 | S64: =S189 -> 102008.42 | T64: =T189 -> 105635.93 | U64: =U189 -> 109230.81 | V64: =V189 -> 112779.97 | W64: =W189 -> 116270.17 | X64: =X189 -> 119688 | Y64: =Y189 -> 123020.01 | ... AO64: =AO189 -> 154627.66 | AP64: =AP$25*G49 -> 154753.22
A65: 其他产业-高情景 | B65: =SUM('高情景（2001-2060, 2020RMB）'!U16:U24,'高情景（2001-2060, 2020RMB）'!U27:U29,'高情景（2001-2060, 2020RMB）'!U31:U32,'高情景（2001-2060, 2020RMB）'!U49:U51) -> 50441.557 | C65: =SUM('高情景（2001-2060, 2020RMB）'!V16:V24,'高情景（2001-2060, 2020RMB）'!V27:V29,'高情景（2001-2060, 2020RMB）'!V31:V32,'高情景（2001-2060, 2020RMB）'!V49:V51) -> 56632.87 | D65: =SUM('高情景（2001-2060, 2020RMB）'!W16:W24,'高情景（2001-2060, 2020RMB）'!W27:W29,'高情景（2001-2060, 2020RMB）'!W31:W32,'高情景（2001-2060, 2020RMB）'!W49:W51) -> 59677.346 | E65: =E193 -> 60270.099 | F65: =F193 -> 61795.307 | G65: =G$25*D50 -> 63866.746 | H65: =H193 -> 66104.503 | I65: =I193 -> 68378.862 | J65: =J193 -> 70630.641 | K65: =K193 -> 72799.523 | L65: =L$25*E50 -> 74824.127 | M65: =M193 -> 76653.592 | N65: =N193 -> 78281.376 | O65: =O193 -> 79714.761 | P65: =P193 -> 80964.048 | Q65: =Q$25*F50 -> 82042.166 | R65: =R193 -> 82962.885 | S65: =S193 -> 83736.096 | T65: =T193 -> 84371.324 | U65: =U193 -> 84878.809 | V65: =V193 -> 85269.269 | W65: =W193 -> 85553.675 | X65: =X193 -> 85743.062 | Y65: =Y193 -> 85848.357 | ... AO65: =AO193 -> 83459.891 | AP65: =AP$25*G50 -> 83432.173
A67: 交通运输业-高情景 | B67: ='高情景（2001-2060, 2020RMB）'!U57 -> 40582.9 | C67: ='高情景（2001-2060, 2020RMB）'!V57 -> 44991.984 | D67: ='高情景（2001-2060, 2020RMB）'!W57 -> 46450.003 | E67: =VLOOKUP($A67,Python数据平滑!$A$25:$AN$52,COLUMN(Python数据平滑!C$25),0) -> 47824.422 | F67: =VLOOKUP($A67,Python数据平滑!$A$25:$AN$52,COLUMN(Python数据平滑!D$25),0) -> 51257.762 | G67: =G$27*D53 -> 55653.495 | H67: =VLOOKUP($A67,Python数据平滑!$A$25:$AN$52,COLUMN(Python数据平滑!F$25),0) -> 59863.721 | I67: =VLOOKUP($A67,Python数据平滑!$A$25:$AN$52,COLUMN(Python数据平滑!G$25),0) -> 63627.288 | J67: =VLOOKUP($A67,Python数据平滑!$A$25:$AN$52,COLUMN(Python数据平滑!H$25),0) -> 66979.226 | K67: =VLOOKUP($A67,Python数据平滑!$A$25:$AN$52,COLUMN(Python数据平滑!I$25),0) -> 69994.26 | L67: =L$27*E53 -> 72781.148 | M67: =VLOOKUP($A67,Python数据平滑!$A$25:$AN$52,COLUMN(Python数据平滑!K$25),0) -> 75451.913 | N67: =VLOOKUP($A67,Python数据平滑!$A$25:$AN$52,COLUMN(Python数据平滑!L$25),0) -> 78034.336 | O67: =VLOOKUP($A67,Python数据平滑!$A$25:$AN$52,COLUMN(Python数据平滑!M$25),0) -> 80535.386 | P67: =VLOOKUP($A67,Python数据平滑!$A$25:$AN$52,COLUMN(Python数据平滑!N$25),0) -> 82964.949 | Q67: =Q$27*F53 -> 85335.718 | R67: =VLOOKUP($A67,Python数据平滑!$A$25:$AN$52,COLUMN(Python数据平滑!P$25),0) -> 87659.192 | S67: =VLOOKUP($A67,Python数据平滑!$A$25:$AN$52,COLUMN(Python数据平滑!Q$25),0) -> 89933.1 | T67: =VLOOKUP($A67,Python数据平滑!$A$25:$AN$52,COLUMN(Python数据平滑!R$25),0) -> 92151.62 | U67: =VLOOKUP($A67,Python数据平滑!$A$25:$AN$52,COLUMN(Python数据平滑!S$25),0) -> 94309.08 | V67: =VLOOKUP($A67,Python数据平滑!$A$25:$AN$52,COLUMN(Python数据平滑!T$25),0) -> 96399.988 | W67: =VLOOKUP($A67,Python数据平滑!$A$25:$AN$52,COLUMN(Python数据平滑!U$25),0) -> 98419.057 | X67: =VLOOKUP($A67,Python数据平滑!$A$25:$AN$52,COLUMN(Python数据平滑!V$25),0) -> 100361.23 | Y67: =VLOOKUP($A67,Python数据平滑!$A$25:$AN$52,COLUMN(Python数据平滑!W$25),0) -> 102221.72 | ... AO67: =VLOOKUP($A67,Python数据平滑!$A$25:$AN$52,COLUMN(Python数据平滑!AM$25),0) -> 118199.44 | AP67: =AP$27*G53 -> 118254.82
A68: 传统服务业-高情景 | B68: =SUM('高情景（2001-2060, 2020RMB）'!U58:U59) -> 111371.5 | C68: =SUM('高情景（2001-2060, 2020RMB）'!V58:V59) -> 122702.13 | D68: =SUM('高情景（2001-2060, 2020RMB）'!W58:W59) -> 123782.33 | E68: =E213 -> 127086.75 | F68: =F213 -> 135411.11 | G68: =G$27*D54 -> 146268.8 | H68: =H213 -> 157097.88 | I68: =I213 -> 167276.78 | J68: =J213 -> 176795.89 | K68: =K213 -> 185699.57 | L68: =L$27*E54 -> 194083.06 | M68: =M213 -> 202067.85 | N68: =N213 -> 209728.77 | O68: =O213 -> 217142.03 | P68: =P213 -> 224403.04 | Q68: =Q$27*F54 -> 231625.52 | R68: =R213 -> 238913.97 | S68: =S213 -> 246275.89 | T68: =T213 -> 253691.42 | U68: =U213 -> 261138.69 | V68: =V213 -> 268593.76 | W68: =W213 -> 276030.66 | X68: =X213 -> 283421.36 | Y68: =Y213 -> 290735.85 | ... AO68: =AO213 -> 367549.75 | AP68: =AP$27*G54 -> 367903.89
A69: 现代服务业-高情景 | B69: =SUM('高情景（2001-2060, 2020RMB）'!U60:U70) -> 394868.3 | C69: =SUM('高情景（2001-2060, 2020RMB）'!V60:V70) -> 415244.29 | D69: =SUM('高情景（2001-2060, 2020RMB）'!W60:W70) -> 421311.1 | E69: =E217 -> 434559.83 | F69: =F217 -> 467995.12 | G69: =G$27*D55 -> 511584.05 | H69: =H217 -> 554538.72 | I69: =I217 -> 594472.45 | J69: =J217 -> 631903.92 | K69: =K217 -> 667801.4 | L69: =L$27*E55 -> 703551.1 | M69: =M217 -> 740578.35 | N69: =N217 -> 779108.08 | O69: =O217 -> 819001.34 | P69: =P217 -> 860079.54 | Q69: =Q$27*F55 -> 902120.45 | R69: =R217 -> 944885.69 | S69: =S217 -> 988223.95 | T69: =T217 -> 1031998.6 | U69: =U217 -> 1076059.7 | V69: =V217 -> 1120244.1 | W69: =W217 -> 1164375.8 | X69: =X217 -> 1208266.4 | Y69: =Y217 -> 1251716 | ... AO69: =AO217 -> 1701770.1 | AP69: =AP$27*G55 -> 1703745.4
A71: 中情景 | B71: 2020 | C71: 2021 | D71: 2022 | E71: 2023 | F71: 2024 | G71: 2025 | H71: 2026 | I71: 2027 | J71: 2028 | K71: 2029 | L71: 2030 | M71: 2031 | N71: 2032 | O71: 2033 | P71: 2034 | Q71: 2035 | R71: 2036 | S71: 2037 | T71: 2038 | U71: 2039 | V71: 2040 | W71: 2041 | X71: 2042 | Y71: 2043 | Z71: 2044 | AA71: 2045 | AB71: 2046 | AC71: 2047 | AD71: 2048 | AE71: 2049 | AF71: 2050 | AG71: 2051 | AH71: 2052 | AI71: 2053 | AJ71: 2054 | AK71: 2055 | AL71: 2056 | AM71: 2057 | AN71: 2058 | AO71: 2059 | AP71: 2060
A72: 能源产业-中情景 | B72: =SUM('高情景（2001-2060, 2020RMB）'!U14:U15,'高情景（2001-2060, 2020RMB）'!U33,'高情景（2001-2060, 2020RMB）'!U53:U54) -> 34486.847 | C72: =SUM('高情景（2001-2060, 2020RMB）'!V14:V15,'高情景（2001-2060, 2020RMB）'!V33,'高情景（2001-2060, 2020RMB）'!V53:V54) -> 37878.28 | D72: =SUM('高情景（2001-2060, 2020RMB）'!W14:W15,'高情景（2001-2060, 2020RMB）'!W33,'高情景（2001-2060, 2020RMB）'!W53:W54) -> 40294.225 | E72: =E437 -> 40773.679 | F72: =F437 -> 41963.271 | G72: =G$31*J45 -> 43478.395 | H72: =H437 -> 44948.163 | I72: =I437 -> 46276.145 | J72: =J437 -> 47447.099 | K72: =K437 -> 48451.455 | L72: =L$31*K45 -> 49285.143 | M72: =M437 -> 49952.429 | N72: =N437 -> 50473.661 | O72: =O437 -> 50874.771 | P72: =P437 -> 51183.461 | Q72: =Q$31*L45 -> 51428.587 | R72: =R437 -> 51635.409 | S72: =S437 -> 51812.202 | T72: =T437 -> 51962.909 | U72: =U437 -> 52091.359 | V72: =V437 -> 52201.199 | W72: =W437 -> 52295.828 | X72: =X437 -> 52378.345 | Y72: =Y437 -> 52451.503 | ... AO72: =AO437 -> 53140.921 | AP72: =AP$31*M45 -> 53143.717
A73: 电力与热力产业-中情景 | B73: ='高情景（2001-2060, 2020RMB）'!U52 -> 14171.805 | C73: ='高情景（2001-2060, 2020RMB）'!V52 -> 16363.885 | D73: ='高情景（2001-2060, 2020RMB）'!W52 -> 17470.728 | E73: =VLOOKUP($A73,Python数据平滑!$A$25:$AN$52,COLUMN(Python数据平滑!C$25),0) -> 18003.918 | F73: =VLOOKUP($A73,Python数据平滑!$A$25:$AN$52,COLUMN(Python数据平滑!D$25),0) -> 19307.854 | G73: =G$31*J46 -> 20903.075 | H73: =VLOOKUP($A73,Python数据平滑!$A$25:$AN$52,COLUMN(Python数据平滑!F$25),0) -> 22295.121 | I73: =VLOOKUP($A73,Python数据平滑!$A$25:$AN$52,COLUMN(Python数据平滑!G$25),0) -> 23421.315 | J73: =VLOOKUP($A73,Python数据平滑!$A$25:$AN$52,COLUMN(Python数据平滑!H$25),0) -> 24372.986 | K73: =VLOOKUP($A73,Python数据平滑!$A$25:$AN$52,COLUMN(Python数据平滑!I$25),0) -> 25269.491 | L73: =L$31*K46 -> 26252.388 | M73: =VLOOKUP($A73,Python数据平滑!$A$25:$AN$52,COLUMN(Python数据平滑!K$25),0) -> 27450.577 | N73: =VLOOKUP($A73,Python数据平滑!$A$25:$AN$52,COLUMN(Python数据平滑!L$25),0) -> 28866.649 | O73: =VLOOKUP($A73,Python数据平滑!$A$25:$AN$52,COLUMN(Python数据平滑!M$25),0) -> 30464.002 | P73: =VLOOKUP($A73,Python数据平滑!$A$25:$AN$52,COLUMN(Python数据平滑!N$25),0) -> 32196.351 | Q73: =Q$31*L46 -> 34004.694 | R73: =VLOOKUP($A73,Python数据平滑!$A$25:$AN$52,COLUMN(Python数据平滑!P$25),0) -> 35828.073 | S73: =VLOOKUP($A73,Python数据平滑!$A$25:$AN$52,COLUMN(Python数据平滑!Q$25),0) -> 37646.605 | T73: =VLOOKUP($A73,Python数据平滑!$A$25:$AN$52,COLUMN(Python数据平滑!R$25),0) -> 39451.887 | U73: =VLOOKUP($A73,Python数据平滑!$A$25:$AN$52,COLUMN(Python数据平滑!S$25),0) -> 41235.49 | V73: =VLOOKUP($A73,Python数据平滑!$A$25:$AN$52,COLUMN(Python数据平滑!T$25),0) -> 42989.042 | W73: =VLOOKUP($A73,Python数据平滑!$A$25:$AN$52,COLUMN(Python数据平滑!U$25),0) -> 44704.313 | X73: =VLOOKUP($A73,Python数据平滑!$A$25:$AN$52,COLUMN(Python数据平滑!V$25),0) -> 46373.295 | Y73: =VLOOKUP($A73,Python数据平滑!$A$25:$AN$52,COLUMN(Python数据平滑!W$25),0) -> 47988.278 | ... AO73: =VLOOKUP($A73,Python数据平滑!$A$25:$AN$52,COLUMN(Python数据平滑!AM$25),0) -> 62206.361 | AP73: =AP$31*M46 -> 62254.068
A74: 传统高耗能产业-中情景 | B74: =SUM('高情景（2001-2060, 2020RMB）'!U25:U26,'高情景（2001-2060, 2020RMB）'!U30,'高情景（2001-2060, 2020RMB）'!U34,'高情景（2001-2060, 2020RMB）'!U36:U37,'高情景（2001-2060, 2020RMB）'!U38:U40) -> 90023.293 | C74: =SUM('高情景（2001-2060, 2020RMB）'!V25:V26,'高情景（2001-2060, 2020RMB）'!V30,'高情景（2001-2060, 2020RMB）'!V34,'高情景（2001-2060, 2020RMB）'!V36:V37,'高情景（2001-2060, 2020RMB）'!V38:V40) -> 98562.089 | D74: =SUM('高情景（2001-2060, 2020RMB）'!W25:W26,'高情景（2001-2060, 2020RMB）'!W30,'高情景（2001-2060, 2020RMB）'!W34,'高情景（2001-2060, 2020RMB）'!W36:W37,'高情景（2001-2060, 2020RMB）'!W38:W40) -> 101803.01 | E74: =E443 -> 103044.63 | F74: =F443 -> 106102.37 | G74: =G$31*J47 -> 109950.17 | H74: =H443 -> 113629.88 | I74: =I443 -> 116897.45 | J74: =J443 -> 119709.33 | K74: =K443 -> 122030.03 | L74: =L$31*K47 -> 123832.02 | M74: =M443 -> 125112.6 | N74: =N443 -> 125944.49 | O74: =O443 -> 126425.1 | P74: =P443 -> 126656.87 | Q74: =Q$31*L47 -> 126744.77 | R74: =R443 -> 126777.49 | S74: =S443 -> 126775.15 | T74: =T443 -> 126740.75 | U74: =U443 -> 126677.28 | V74: =V443 -> 126587.76 | W74: =W443 -> 126475.18 | X74: =X443 -> 126342.54 | Y74: =Y443 -> 126192.79 | ... AO74: =AO443 -> 123764.68 | AP74: =AP$31*M47 -> 123748.94
A75: 装备制造业-中情景 | B75: =SUM('高情景（2001-2060, 2020RMB）'!U41:U46) -> 81720.66 | C75: =SUM('高情景（2001-2060, 2020RMB）'!V41:V46) -> 95333.93 | D75: =SUM('高情景（2001-2060, 2020RMB）'!W41:W46) -> 101531.7 | E75: =E453 -> 103664.43 | F75: =F453 -> 108941.76 | G75: =G$31*J48 -> 115594 | H75: =H453 -> 121835.9 | I75: =I453 -> 127336.75 | J75: =J453 -> 132242.72 | K75: =K453 -> 136764.62 | L75: =L$31*K48 -> 141168.5 | M75: =M453 -> 145705.46 | N75: =N453 -> 150398.56 | O75: =O453 -> 155205.55 | P75: =P453 -> 160078.77 | Q75: =Q$31*L48 -> 164964.92 | R75: =R453 -> 169813.34 | S75: =S453 -> 174602.85 | T75: =T453 -> 179319.91 | U75: =U453 -> 183950.84 | V75: =V453 -> 188481.87 | W75: =W453 -> 192899.18 | X75: =X453 -> 197188.99 | Y75: =Y453 -> 201337.65 | ... AO75: =AO453 -> 239005.82 | AP75: =AP$31*M48 -> 239146.72
A76: 高技术产业-中情景 | B76: =SUM('高情景（2001-2060, 2020RMB）'!U47:U48,'高情景（2001-2060, 2020RMB）'!U35) -> 42058.738 | C76: =SUM('高情景（2001-2060, 2020RMB）'!V47:V48,'高情景（2001-2060, 2020RMB）'!V35) -> 51422.622 | D76: =SUM('高情景（2001-2060, 2020RMB）'!W47:W48,'高情景（2001-2060, 2020RMB）'!W35) -> 54801.587 | E76: =E460 -> 56403.698 | F76: =F460 -> 60341.883 | G76: =G$31*J49 -> 65217.593 | H76: =H460 -> 69589.688 | I76: =I460 -> 73245.753 | J76: =J460 -> 76404.778 | K76: =K460 -> 79361.507 | L76: =L$31*K49 -> 82472.124 | M76: =M460 -> 86065.189 | N76: =N460 -> 90157.807 | O76: =O460 -> 94671.449 | P76: =P460 -> 99507.706 | Q76: =Q$31*L49 -> 104543.36 | R76: =R460 -> 109652.72 | S76: =S460 -> 114793.64 | T76: =T460 -> 119946.44 | U76: =U460 -> 125090.58 | V76: =V460 -> 130204.69 | W76: =W460 -> 135266.77 | X76: =X460 -> 140254.3 | Y76: =Y460 -> 145144.41 | ... AO76: =AO460 -> 192644.77 | AP76: =AP$31*M49 -> 192835.77
A77: 其他产业-中情景 | B77: =SUM('高情景（2001-2060, 2020RMB）'!U16:U24,'高情景（2001-2060, 2020RMB）'!U27:U29,'高情景（2001-2060, 2020RMB）'!U31:U32,'高情景（2001-2060, 2020RMB）'!U49:U51) -> 50441.557 | C77: =SUM('高情景（2001-2060, 2020RMB）'!V16:V24,'高情景（2001-2060, 2020RMB）'!V27:V29,'高情景（2001-2060, 2020RMB）'!V31:V32,'高情景（2001-2060, 2020RMB）'!V49:V51) -> 56632.87 | D77: =SUM('高情景（2001-2060, 2020RMB）'!W16:W24,'高情景（2001-2060, 2020RMB）'!W27:W29,'高情景（2001-2060, 2020RMB）'!W31:W32,'高情景（2001-2060, 2020RMB）'!W49:W51) -> 59677.346 | E77: =E464 -> 60127.405 | F77: =F464 -> 61298.885 | G77: =G$31*J50 -> 62918.254 | H77: =H464 -> 64713.675 | I77: =I464 -> 66591.629 | J77: =J464 -> 68511.319 | K77: =K464 -> 70433.103 | L77: =L$31*K50 -> 72317.898 | M77: =M464 -> 74131.458 | N77: =N464 -> 75856.833 | O77: =O464 -> 77481.16 | P77: =P464 -> 78991.456 | Q77: =Q$31*L50 -> 80374.732 | R77: =R464 -> 81621.076 | S77: =S464 -> 82732.932 | T77: =T464 -> 83716.616 | U77: =U464 -> 84579.224 | V77: =V464 -> 85328.433 | W77: =W464 -> 85972.307 | X77: =X464 -> 86519.123 | Y77: =Y464 -> 86977.219 | ... AO77: =AO464 -> 88079.527 | AP77: =AP$31*M50 -> 88066.73
A79: 交通运输业-中情景 | B79: ='高情景（2001-2060, 2020RMB）'!U57 -> 40582.9 | C79: ='高情景（2001-2060, 2020RMB）'!V57 -> 44991.984 | D79: ='高情景（2001-2060, 2020RMB）'!W57 -> 46450.003 | E79: =VLOOKUP($A79,Python数据平滑!$A$25:$AN$52,COLUMN(Python数据平滑!C$25),0) -> 47719.386 | F79: =VLOOKUP($A79,Python数据平滑!$A$25:$AN$52,COLUMN(Python数据平滑!D$25),0) -> 50897.498 | G79: =G$33*J53 -> 54992.312 | H79: =VLOOKUP($A79,Python数据平滑!$A$25:$AN$52,COLUMN(Python数据平滑!F$25),0) -> 58983.241 | I79: =VLOOKUP($A79,Python数据平滑!$A$25:$AN$52,COLUMN(Python数据平滑!G$25),0) -> 62634.894 | J79: =VLOOKUP($A79,Python数据平滑!$A$25:$AN$52,COLUMN(Python数据平滑!H$25),0) -> 65964.575 | K79: =VLOOKUP($A79,Python数据平滑!$A$25:$AN$52,COLUMN(Python数据平滑!I$25),0) -> 69017.233 | L79: =L$33*K53 -> 71862.502 | M79: =VLOOKUP($A79,Python数据平滑!$A$25:$AN$52,COLUMN(Python数据平滑!K$25),0) -> 74574.759 | N79: =VLOOKUP($A79,Python数据平滑!$A$25:$AN$52,COLUMN(Python数据平滑!L$25),0) -> 77175.085 | O79: =VLOOKUP($A79,Python数据平滑!$A$25:$AN$52,COLUMN(Python数据平滑!M$25),0) -> 79672.822 | P79: =VLOOKUP($A79,Python数据平滑!$A$25:$AN$52,COLUMN(Python数据平滑!N$25),0) -> 82081.103 | Q79: =Q$33*L53 -> 84416.657 | R79: =VLOOKUP($A79,Python数据平滑!$A$25:$AN$52,COLUMN(Python数据平滑!P$25),0) -> 86694.881 | S79: =VLOOKUP($A79,Python数据平滑!$A$25:$AN$52,COLUMN(Python数据平滑!Q$25),0) -> 88914.49 | T79: =VLOOKUP($A79,Python数据平滑!$A$25:$AN$52,COLUMN(Python数据平滑!R$25),0) -> 91069.956 | U79: =VLOOKUP($A79,Python数据平滑!$A$25:$AN$52,COLUMN(Python数据平滑!S$25),0) -> 93156.021 | V79: =VLOOKUP($A79,Python数据平滑!$A$25:$AN$52,COLUMN(Python数据平滑!T$25),0) -> 95167.72 | W79: =VLOOKUP($A79,Python数据平滑!$A$25:$AN$52,COLUMN(Python数据平滑!U$25),0) -> 97100.408 | X79: =VLOOKUP($A79,Python数据平滑!$A$25:$AN$52,COLUMN(Python数据平滑!V$25),0) -> 98949.776 | Y79: =VLOOKUP($A79,Python数据平滑!$A$25:$AN$52,COLUMN(Python数据平滑!W$25),0) -> 100711.87 | ... AO79: =VLOOKUP($A79,Python数据平滑!$A$25:$AN$52,COLUMN(Python数据平滑!AM$25),0) -> 115310.17 | AP79: =AP$33*M53 -> 115357.47 | AR79: =VLOOKUP($A67,Python数据平滑!$A$25:$AN$52,COLUMN(Python数据平滑!AM$25),0) -> 118199.44
A80: 传统服务业-中情景 | B80: =SUM('高情景（2001-2060, 2020RMB）'!U58:U59) -> 111371.5 | C80: =SUM('高情景（2001-2060, 2020RMB）'!V58:V59) -> 122702.13 | D80: =SUM('高情景（2001-2060, 2020RMB）'!W58:W59) -> 123782.33 | E80: =E484 -> 127185.01 | F80: =F484 -> 135698.27 | G80: =G$33*J54 -> 146646.17 | H80: =H484 -> 157265.92 | I80: =I484 -> 166949.75 | J80: =J484 -> 175795.83 | K80: =K484 -> 183989.91 | L80: =L$33*K54 -> 191795.19 | M80: =M484 -> 199482.78 | N80: =N484 -> 207123.76 | O80: =O484 -> 214738.79 | P80: =P484 -> 222354.75 | Q80: =Q$33*L54 -> 230004.8 | R80: =R484 -> 237717.88 | S80: =S484 -> 245484.25 | T80: =T484 -> 253282.44 | U80: =U484 -> 261089.09 | V80: =V484 -> 268878.92 | W80: =W484 -> 276624.81 | X80: =X484 -> 284297.8 | Y80: =Y484 -> 291867.16 | ... AO80: =AO484 -> 369709.14 | AP80: =AP$33*M54 -> 370057.64 | AR80: =VLOOKUP($A68,Python数据平滑!$A$25:$AN$52,COLUMN(Python数据平滑!AM$25),0) -> 367550.82
A81: 现代服务业-中情景 | B81: =SUM('高情景（2001-2060, 2020RMB）'!U60:U70) -> 394868.3 | C81: =SUM('高情景（2001-2060, 2020RMB）'!V60:V70) -> 415244.29 | D81: =SUM('高情景（2001-2060, 2020RMB）'!W60:W70) -> 421311.1 | E81: =E488 -> 435491.67 | F81: =F488 -> 471149.13 | G81: =G$33*J55 -> 517215.28 | H81: =H488 -> 561605.4 | I81: =I488 -> 601720.29 | J81: =J488 -> 638366.34 | K81: =K488 -> 672959.28 | L81: =L$33*K55 -> 707457.2 | M81: =M488 -> 743834.39 | N81: =N488 -> 782403.37 | O81: =O488 -> 822971.7 | P81: =P488 -> 865283.05 | Q81: =Q$33*L55 -> 909008.35 | R81: =R488 -> 953798.22 | S81: =S488 -> 999481.92 | T81: =T488 -> 1045925.9 | U81: =U488 -> 1092979.1 | V81: =V488 -> 1140472.3 | W81: =W488 -> 1188218.2 | X81: =X488 -> 1236011.7 | Y81: =Y488 -> 1283630 | ... AO81: =AO488 -> 1796530.4 | AP81: =AP$33*M55 -> 1798891.3 | AR81: =VLOOKUP($A69,Python数据平滑!$A$25:$AN$52,COLUMN(Python数据平滑!AM$25),0) -> 1701760.2
A83: 低情景 | B83: 2020 | C83: 2021 | D83: 2022 | E83: 2023 | F83: 2024 | G83: 2025 | H83: 2026 | I83: 2027 | J83: 2028 | K83: 2029 | L83: 2030 | M83: 2031 | N83: 2032 | O83: 2033 | P83: 2034 | Q83: 2035 | R83: 2036 | S83: 2037 | T83: 2038 | U83: 2039 | V83: 2040 | W83: 2041 | X83: 2042 | Y83: 2043 | Z83: 2044 | AA83: 2045 | AB83: 2046 | AC83: 2047 | AD83: 2048 | AE83: 2049 | AF83: 2050 | AG83: 2051 | AH83: 2052 | AI83: 2053 | AJ83: 2054 | AK83: 2055 | AL83: 2056 | AM83: 2057 | AN83: 2058 | AO83: 2059 | AP83: 2060
A84: 能源产业-低情景 | B84: =SUM('高情景（2001-2060, 2020RMB）'!U14:U15,'高情景（2001-2060, 2020RMB）'!U33,'高情景（2001-2060, 2020RMB）'!U53:U54) -> 34486.847 | C84: =SUM('高情景（2001-2060, 2020RMB）'!V14:V15,'高情景（2001-2060, 2020RMB）'!V33,'高情景（2001-2060, 2020RMB）'!V53:V54) -> 37878.28 | D84: =SUM('高情景（2001-2060, 2020RMB）'!W14:W15,'高情景（2001-2060, 2020RMB）'!W33,'高情景（2001-2060, 2020RMB）'!W53:W54) -> 40294.225 | E84: =E301 -> 40643.269 | F84: =F301 -> 41532.353 | G84: =G$37*P45 -> 42719.127 | H84: =H301 -> 43963.458 | I84: =I301 -> 45170.497 | J84: =J301 -> 46286.258 | K84: =K301 -> 47256.441 | L84: =L$37*Q45 -> 48027.417 | M84: =M301 -> 48564.602 | N84: =N301 -> 48904.315 | O84: =O301 -> 49103.777 | P84: =P301 -> 49222.628 | Q84: =Q$37*R45 -> 49321.567 | R84: =R301 -> 49451.33 | S84: =S301 -> 49621.183 | T84: =T301 -> 49829.933 | U84: =U301 -> 50076.258 | V84: =V301 -> 50358.638 | W84: =W301 -> 50675.298 | X84: =X301 -> 51024.142 | Y84: =Y301 -> 51402.697 | ... AO84: =AO301 -> 57539.61 | AP84: =AP$37*S45 -> 57580.14
A85: 电力与热力产业-低情景 | B85: ='高情景（2001-2060, 2020RMB）'!U52 -> 14171.805 | C85: ='高情景（2001-2060, 2020RMB）'!V52 -> 16363.885 | D85: ='高情景（2001-2060, 2020RMB）'!W52 -> 17470.728 | E85: =VLOOKUP($A85,Python数据平滑!$A$25:$AN$52,COLUMN(Python数据平滑!C$25),0) -> 17976.203 | F85: =VLOOKUP($A85,Python数据平滑!$A$25:$AN$52,COLUMN(Python数据平滑!D$25),0) -> 19214.454 | G85: =G$37*P46 -> 20737.44 | H85: =VLOOKUP($A85,Python数据平滑!$A$25:$AN$52,COLUMN(Python数据平滑!F$25),0) -> 22089.16 | I85: =VLOOKUP($A85,Python数据平滑!$A$25:$AN$52,COLUMN(Python数据平滑!G$25),0) -> 23215.85 | J85: =VLOOKUP($A85,Python数据平滑!$A$25:$AN$52,COLUMN(Python数据平滑!H$25),0) -> 24204.815 | K85: =VLOOKUP($A85,Python数据平滑!$A$25:$AN$52,COLUMN(Python数据平滑!I$25),0) -> 25168.725 | L85: =L$37*Q46 -> 26241.785 | M85: =VLOOKUP($A85,Python数据平滑!$A$25:$AN$52,COLUMN(Python数据平滑!K$25),0) -> 27548.146 | N85: =VLOOKUP($A85,Python数据平滑!$A$25:$AN$52,COLUMN(Python数据平滑!L$25),0) -> 29094.239 | O85: =VLOOKUP($A85,Python数据平滑!$A$25:$AN$52,COLUMN(Python数据平滑!M$25),0) -> 30849.613 | P85: =VLOOKUP($A85,Python数据平滑!$A$25:$AN$52,COLUMN(Python数据平滑!N$25),0) -> 32774.265 | Q85: =Q$37*R46 -> 34815.224 | R85: =VLOOKUP($A85,Python数据平滑!$A$25:$AN$52,COLUMN(Python数据平滑!P$25),0) -> 36916.236 | S85: =VLOOKUP($A85,Python数据平滑!$A$25:$AN$52,COLUMN(Python数据平滑!Q$25),0) -> 39059.16 | T85: =VLOOKUP($A85,Python数据平滑!$A$25:$AN$52,COLUMN(Python数据平滑!R$25),0) -> 41236.09 | U85: =VLOOKUP($A85,Python数据平滑!$A$25:$AN$52,COLUMN(Python数据平滑!S$25),0) -> 43438.316 | V85: =VLOOKUP($A85,Python数据平滑!$A$25:$AN$52,COLUMN(Python数据平滑!T$25),0) -> 45656.356 | W85: =VLOOKUP($A85,Python数据平滑!$A$25:$AN$52,COLUMN(Python数据平滑!U$25),0) -> 47879.995 | X85: =VLOOKUP($A85,Python数据平滑!$A$25:$AN$52,COLUMN(Python数据平滑!V$25),0) -> 50098.343 | Y85: =VLOOKUP($A85,Python数据平滑!$A$25:$AN$52,COLUMN(Python数据平滑!W$25),0) -> 52299.903 | ... AO85: =VLOOKUP($A85,Python数据平滑!$A$25:$AN$52,COLUMN(Python数据平滑!AM$25),0) -> 75127.34 | AP85: =AP$37*S46 -> 75225.666
A86: 传统高耗能产业-低情景 | B86: =SUM('高情景（2001-2060, 2020RMB）'!U25:U26,'高情景（2001-2060, 2020RMB）'!U30,'高情景（2001-2060, 2020RMB）'!U34,'高情景（2001-2060, 2020RMB）'!U36:U37,'高情景（2001-2060, 2020RMB）'!U38:U40) -> 90023.293 | C86: =SUM('高情景（2001-2060, 2020RMB）'!V25:V26,'高情景（2001-2060, 2020RMB）'!V30,'高情景（2001-2060, 2020RMB）'!V34,'高情景（2001-2060, 2020RMB）'!V36:V37,'高情景（2001-2060, 2020RMB）'!V38:V40) -> 98562.089 | D86: =SUM('高情景（2001-2060, 2020RMB）'!W25:W26,'高情景（2001-2060, 2020RMB）'!W30,'高情景（2001-2060, 2020RMB）'!W34,'高情景（2001-2060, 2020RMB）'!W36:W37,'高情景（2001-2060, 2020RMB）'!W38:W40) -> 101803.01 | E86: =E307 -> 102559.58 | F86: =F307 -> 104473.61 | G86: =G$37*P47 -> 107005.19 | H86: =H307 -> 109653.98 | I86: =I307 -> 112248.45 | J86: =J307 -> 114702.8 | K86: =K307 -> 116927.68 | L86: =L$37*Q47 -> 118830.72 | M86: =M307 -> 120344.02 | N86: =N307 -> 121505.4 | O86: =O307 -> 122384.39 | P86: =P307 -> 123054.96 | Q86: =Q$37*R47 -> 123594.05 | R86: =R307 -> 124067.45 | S86: =S307 -> 124490.3 | T86: =T307 -> 124864.97 | U86: =U307 -> 125193.97 | V86: =V307 -> 125479.84 | W86: =W307 -> 125725.2 | X86: =X307 -> 125932.71 | Y86: =Y307 -> 126105.06 | ... AO86: =AO307 -> 126311.61 | AP86: =AP$37*S47 -> 126304.82
A87: 装备制造业-低情景 | B87: =SUM('高情景（2001-2060, 2020RMB）'!U41:U46) -> 81720.66 | C87: =SUM('高情景（2001-2060, 2020RMB）'!V41:V46) -> 95333.93 | D87: =SUM('高情景（2001-2060, 2020RMB）'!W41:W46) -> 101531.7 | E87: =E317 -> 103733.87 | F87: =F317 -> 109199.91 | G87: =G$37*P48 -> 116129.66 | H87: =H317 -> 122703.85 | I87: =I317 -> 128611.71 | J87: =J317 -> 134041.84 | K87: =K317 -> 139255.14 | L87: =L$37*Q48 -> 144577.38 | M87: =M317 -> 150316.35 | N87: =N317 -> 156495.12 | O87: =O317 -> 163051.03 | P87: =P317 -> 169908.54 | Q87: =Q$37*R48 -> 176977.39 | R87: =R317 -> 184167.78 | S87: =S317 -> 191444.39 | T87: =T317 -> 198785.12 | U87: =U317 -> 206165.74 | V87: =V317 -> 213559.88 | W87: =W317 -> 220939.12 | X87: =X317 -> 228273.01 | Y87: =Y317 -> 235529.23 | ... AO87: =AO317 -> 310784.14 | AP87: =AP$37*S48 -> 311118.5
A88: 高技术产业-低情景 | B88: =SUM('高情景（2001-2060, 2020RMB）'!U47:U48,'高情景（2001-2060, 2020RMB）'!U35) -> 42058.738 | C88: =SUM('高情景（2001-2060, 2020RMB）'!V47:V48,'高情景（2001-2060, 2020RMB）'!V35) -> 51422.622 | D88: =SUM('高情景（2001-2060, 2020RMB）'!W47:W48,'高情景（2001-2060, 2020RMB）'!W35) -> 54801.587 | E88: =E324 -> 56556.224 | F88: =F324 -> 60903.204 | G88: =G$37*P49 -> 66359.808 | H88: =H324 -> 71361.034 | I88: =I324 -> 75662.822 | J88: =J324 -> 79497.736 | K88: =K324 -> 83189.975 | L88: =L$37*Q49 -> 87142.53 | M88: =M324 -> 91739.15 | N88: =N324 -> 97016.1 | O88: =O324 -> 102899.56 | P88: =P324 -> 109289.31 | Q88: =Q$37*R49 -> 116050.75 | R88: =R324 -> 123039.8 | S88: =S324 -> 130207.71 | T88: =T324 -> 137530.54 | U88: =U324 -> 144981.19 | V88: =V324 -> 152529.44 | W88: =W324 -> 160141.92 | X88: =X324 -> 167782.29 | Y88: =Y324 -> 175411.3 | ... AO88: =AO324 -> 257806.67 | AP88: =AP$37*S49 -> 258181.92
A89: 其他产业-低情景 | B89: =SUM('高情景（2001-2060, 2020RMB）'!U16:U24,'高情景（2001-2060, 2020RMB）'!U27:U29,'高情景（2001-2060, 2020RMB）'!U31:U32,'高情景（2001-2060, 2020RMB）'!U49:U51) -> 50441.557 | C89: =SUM('高情景（2001-2060, 2020RMB）'!V16:V24,'高情景（2001-2060, 2020RMB）'!V27:V29,'高情景（2001-2060, 2020RMB）'!V31:V32,'高情景（2001-2060, 2020RMB）'!V49:V51) -> 56632.87 | D89: =SUM('高情景（2001-2060, 2020RMB）'!W16:W24,'高情景（2001-2060, 2020RMB）'!W27:W29,'高情景（2001-2060, 2020RMB）'!W31:W32,'高情景（2001-2060, 2020RMB）'!W49:W51) -> 59677.346 | E89: =E328 -> 59941.788 | F89: =F328 -> 60678.179 | G89: =G$37*P50 -> 61797.571 | H89: =H328 -> 63191.935 | I89: =I328 -> 64792.68 | J89: =J328 -> 66547.301 | K89: =K328 -> 68403.623 | L89: =L$37*Q50 -> 70308.178 | M89: =M328 -> 72212.997 | N89: =N328 -> 74098.171 | O89: =O328 -> 75950.099 | P89: =P328 -> 77754.161 | Q89: =Q$37*R50 -> 79494.762 | R89: =R328 -> 81158.411 | S89: =S328 -> 82743.22 | T89: =T328 -> 84250.607 | U89: =U328 -> 85682.294 | V89: =V328 -> 87040.194 | W89: =W328 -> 88326.307 | X89: =X328 -> 89542.619 | Y89: =Y328 -> 90691.004 | ... AO89: =AO328 -> 100268.85 | AP89: =AP$37*S50 -> 100300.89
A91: 交通运输业-低情景 | B91: ='高情景（2001-2060, 2020RMB）'!U57 -> 40582.9 | C91: ='高情景（2001-2060, 2020RMB）'!V57 -> 44991.984 | D91: ='高情景（2001-2060, 2020RMB）'!W57 -> 46450.003 | E91: =VLOOKUP($A91,Python数据平滑!$A$25:$AN$52,COLUMN(Python数据平滑!C$25),0) -> 47577.548 | F91: =VLOOKUP($A91,Python数据平滑!$A$25:$AN$52,COLUMN(Python数据平滑!D$25),0) -> 50424.713 | G91: =G$39*P53 -> 54162.483 | H91: =VLOOKUP($A91,Python数据平滑!$A$25:$AN$52,COLUMN(Python数据平滑!F$25),0) -> 57956.244 | I91: =VLOOKUP($A91,Python数据平滑!$A$25:$AN$52,COLUMN(Python数据平滑!G$25),0) -> 61596.725 | J91: =VLOOKUP($A91,Python数据平滑!$A$25:$AN$52,COLUMN(Python数据平滑!H$25),0) -> 65061.492 | K91: =VLOOKUP($A91,Python数据平滑!$A$25:$AN$52,COLUMN(Python数据平滑!I$25),0) -> 68336.497 | L91: =L$39*Q53 -> 71416.24 | M91: =VLOOKUP($A91,Python数据平滑!$A$25:$AN$52,COLUMN(Python数据平滑!K$25),0) -> 74304.99 | N91: =VLOOKUP($A91,Python数据平滑!$A$25:$AN$52,COLUMN(Python数据平滑!L$25),0) -> 77020.842 | O91: =VLOOKUP($A91,Python数据平滑!$A$25:$AN$52,COLUMN(Python数据平滑!M$25),0) -> 79591.786 | P91: =VLOOKUP($A91,Python数据平滑!$A$25:$AN$52,COLUMN(Python数据平滑!N$25),0) -> 82053.737 | Q91: =Q$39*R53 -> 84449.878 | R91: =VLOOKUP($A91,Python数据平滑!$A$25:$AN$52,COLUMN(Python数据平滑!P$25),0) -> 86819.999 | S91: =VLOOKUP($A91,Python数据平滑!$A$25:$AN$52,COLUMN(Python数据平滑!Q$25),0) -> 89167.514 | T91: =VLOOKUP($A91,Python数据平滑!$A$25:$AN$52,COLUMN(Python数据平滑!R$25),0) -> 91486.043 | U91: =VLOOKUP($A91,Python数据平滑!$A$25:$AN$52,COLUMN(Python数据平滑!S$25),0) -> 93769.045 | V91: =VLOOKUP($A91,Python数据平滑!$A$25:$AN$52,COLUMN(Python数据平滑!T$25),0) -> 96009.847 | W91: =VLOOKUP($A91,Python数据平滑!$A$25:$AN$52,COLUMN(Python数据平滑!U$25),0) -> 98201.668 | X91: =VLOOKUP($A91,Python数据平滑!$A$25:$AN$52,COLUMN(Python数据平滑!V$25),0) -> 100337.65 | Y91: =VLOOKUP($A91,Python数据平滑!$A$25:$AN$52,COLUMN(Python数据平滑!W$25),0) -> 102410.88 | ... AO91: =VLOOKUP($A91,Python数据平滑!$A$25:$AN$52,COLUMN(Python数据平滑!AM$25),0) -> 121777.86 | AP91: =AP$39*S53 -> 121854.74
A92: 传统服务业-低情景 | B92: =SUM('高情景（2001-2060, 2020RMB）'!U58:U59) -> 111371.5 | C92: =SUM('高情景（2001-2060, 2020RMB）'!V58:V59) -> 122702.13 | D92: =SUM('高情景（2001-2060, 2020RMB）'!W58:W59) -> 123782.33 | E92: =E348 -> 127193.69 | F92: =F348 -> 135707.26 | G92: =G$39*P54 -> 146599.79 | H92: =H348 -> 157064.43 | I92: =I348 -> 166515.57 | J92: =J348 -> 175103.2 | K92: =K348 -> 183076.13 | L92: =L$39*Q54 -> 190769.41 | M92: =M348 -> 198518.9 | N92: =N348 -> 206404.11 | O92: =O348 -> 214436 | P92: =P348 -> 222627.82 | Q92: =Q$39*R54 -> 230995.25 | R92: =R348 -> 239550 | S92: =S348 -> 248278.43 | T92: =T348 -> 257157.74 | U92: =U348 -> 266161.86 | V92: =V348 -> 275261.3 | W92: =W348 -> 284423.09 | X92: =X348 -> 293610.68 | Y92: =Y348 -> 302783.94 | ... AO92: =AO348 -> 403963.76 | AP92: =AP$39*S54 -> 404454.05
A93: 现代服务业-低情景 | B93: =SUM('高情景（2001-2060, 2020RMB）'!U60:U70) -> 394868.3 | C93: =SUM('高情景（2001-2060, 2020RMB）'!V60:V70) -> 415244.29 | D93: =SUM('高情景（2001-2060, 2020RMB）'!W60:W70) -> 421311.1 | E93: =E352 -> 436117.88 | F93: =F352 -> 473352.8 | G93: =G$39*P55 -> 521404.17 | H93: =H352 -> 567445.63 | I93: =I352 -> 608700.89 | J93: =J352 -> 646068.91 | K93: =K352 -> 681141.43 | L93: =L$39*Q55 -> 716119.01 | M93: =M352 -> 753234.64 | N93: =N352 -> 792934.16 | O93: =O352 -> 835135.22 | P93: =P352 -> 879707.73 | Q93: =Q$39*R55 -> 926464.84 | R93: =R352 -> 975194.1 | S93: =S352 -> 1025786.9 | T93: =T352 -> 1078144.2 | U93: =U352 -> 1132138.1 | V93: =V352 -> 1187609.8 | W93: =W352 -> 1244366.9 | X93: =X352 -> 1302181.9 | Y93: =Y352 -> 1360790.5 | ... AO93: =AO352 -> 2062704.6 | AP93: =AP$39*S55 -> 2066345.4
A97: 假设4-1：高情景细分产业
B98: 2016-2019年均增速 | C98: 2019-2022年均增速 | D98: 十四五衰减系数 | E98: 十五五衰减系数 | F98: 十六五衰减系数 | G98: 2035-2016衰减系数 | H98: 十四五年均增速 | I98: 十五五年均增速 | J98: 十六五年均增速 | K98: 2035-2060年均增速 | L98: 十四五增加值 | M98: 十五五增加值 | N98: 十六五增加值 | O98: 2060增加值 | P98: 2022增加值 | Q98: 十四五增加值调整 | R98: 十五五增加值调整 | S98: 十六五增加值调整 | T98: 2060增加值调整
A99: 能源产业
A100: 煤炭开采和洗选业 | B100: =(VLOOKUP(A100,'高情景（2001-2060, 2020RMB）'!$A$14:$W$54,20,0)/VLOOKUP(A100,'高情景（2001-2060, 2020RMB）'!$A$14:$W$54,17,0))^(1/3)-1 -> 0.0085070768 | C100: =(VLOOKUP(A100,'高情景（2001-2060, 2020RMB）'!$A$14:$W$54,23,0)/VLOOKUP(A100,'高情景（2001-2060, 2020RMB）'!$A$14:$W$54,20,0))^(1/3)-1 -> 0.062061126 | D100: 0.9 | E100: 0.8 | F100: 0.6 | G100: 0.3 | H100: =AVERAGE($B100:$C100)*D100 -> 0.031755691 | I100: =AVERAGE($B100:$C100)*E100 -> 0.028227281 | J100: =AVERAGE($B100:$C100)*F100 -> 0.021170461 | K100: =AVERAGE($B100:$C100)*G100 -> 0.01058523 | L100: =VLOOKUP($A100,'高情景（2001-2060, 2020RMB）'!$A$14:$W$54,23,0)*(1+情景假设!H100)^3 -> 19772.103 | M100: =L100*(1+情景假设!I100)^5 -> 22724.716 | N100: =M100*(1+情景假设!J100)^5 -> 25234.208 | O100: =N100*(1+情景假设!K100)^25 -> 32833.211 | P100: =VLOOKUP($A100,'高情景（2001-2060, 2020RMB）'!$A$14:$W$70,23,0) -> 18002.061 | Q100: =L100/SUM(L$100:L$104)*$G$60 -> 19751.617 | R100: =M100/SUM(M$100:M$104)*$L$60 -> 22791.924 | S100: =N100/SUM(N$100:N$104)*$Q$60 -> 23769.386 | T100: =O100/SUM(O$100:O$104)*$AP$60 -> 18598.342
A101: 石油和天然气开采业 | B101: =(VLOOKUP(A101,'高情景（2001-2060, 2020RMB）'!$A$14:$W$54,20,0)/VLOOKUP(A101,'高情景（2001-2060, 2020RMB）'!$A$14:$W$54,17,0))^(1/3)-1 -> 3.2675208e-05 | C101: =(VLOOKUP(A101,'高情景（2001-2060, 2020RMB）'!$A$14:$W$54,23,0)/VLOOKUP(A101,'高情景（2001-2060, 2020RMB）'!$A$14:$W$54,20,0))^(1/3)-1 -> 0.041028014 | D101: 0.9 | E101: 0.8 | F101: 0.7 | G101: 0.5 | H101: =AVERAGE($B101:$C101)*D101 -> 0.01847731 | I101: =AVERAGE($B101:$C101)*E101 -> 0.016424276 | J101: =AVERAGE($B101:$C101)*F101 -> 0.014371241 | K101: =AVERAGE($B101:$C101)*G101 -> 0.010265172 | L101: =VLOOKUP($A101,'高情景（2001-2060, 2020RMB）'!$A$14:$W$54,23,0)*(1+情景假设!H101)^3 -> 12998.886 | M101: =L101*(1+情景假设!I101)^5 -> 14102.019 | N101: =M101*(1+情景假设!J101)^5 -> 15144.883 | O101: =N101*(1+情景假设!K101)^25 -> 19550.167 | P101: =VLOOKUP($A101,'高情景（2001-2060, 2020RMB）'!$A$14:$W$70,23,0) -> 12304.163 | Q101: =L101/SUM(L$100:L$104)*$G$60 -> 12985.418 | R101: =M101/SUM(M$100:M$104)*$L$60 -> 14143.725 | S101: =N101/SUM(N$100:N$104)*$Q$60 -> 14265.737 | T101: =O101/SUM(O$100:O$104)*$AP$60 -> 11074.174
A102: 石油、煤炭及其他燃料加工业 | B102: =(VLOOKUP(A102,'高情景（2001-2060, 2020RMB）'!$A$14:$W$54,20,0)/VLOOKUP(A102,'高情景（2001-2060, 2020RMB）'!$A$14:$W$54,17,0))^(1/3)-1 -> 0.043953138 | C102: =(VLOOKUP(A102,'高情景（2001-2060, 2020RMB）'!$A$14:$W$54,23,0)/VLOOKUP(A102,'高情景（2001-2060, 2020RMB）'!$A$14:$W$54,20,0))^(1/3)-1 -> -0.0048253327 | D102: 1 | E102: 0.6 | F102: 0.5 | G102: 0.3 | H102: =AVERAGE($B102:$C102)*D102 -> 0.019563903 | I102: =AVERAGE($B102:$C102)*E102 -> 0.011738342 | J102: =AVERAGE($B102:$C102)*F102 -> 0.0097819514 | K102: =AVERAGE($B102:$C102)*G102 -> 0.0058691708 | L102: =VLOOKUP($A102,'高情景（2001-2060, 2020RMB）'!$A$14:$W$54,23,0)*(1+情景假设!H102)^3 -> 6596.928 | M102: =L102*(1+情景假设!I102)^5 -> 6993.3101 | N102: =M102*(1+情景假设!J102)^5 -> 7342.1086 | O102: =N102*(1+情景假设!K102)^25 -> 8498.8124 | P102: =VLOOKUP($A102,'高情景（2001-2060, 2020RMB）'!$A$14:$W$70,23,0) -> 6224.4128 | Q102: =L102/SUM(L$100:L$104)*$G$60 -> 6590.0931 | R102: =M102/SUM(M$100:M$104)*$L$60 -> 7013.9926 | S102: =N102/SUM(N$100:N$104)*$Q$60 -> 6915.906 | T102: =O102/SUM(O$100:O$104)*$AP$60 -> 4814.1445
A103: 燃气生产和供应业 | B103: =(VLOOKUP(A103,'高情景（2001-2060, 2020RMB）'!$A$14:$W$54,20,0)/VLOOKUP(A103,'高情景（2001-2060, 2020RMB）'!$A$14:$W$54,17,0))^(1/3)-1 -> 0.12785054 | C103: =(VLOOKUP(A103,'高情景（2001-2060, 2020RMB）'!$A$14:$W$54,23,0)/VLOOKUP(A103,'高情景（2001-2060, 2020RMB）'!$A$14:$W$54,20,0))^(1/3)-1 -> 0.087030245 | D103: 0.9 | E103: 0.8 | F103: 0.7 | G103: 0.5 | H103: =AVERAGE($B103:$C103)*D103 -> 0.096696353 | I103: =AVERAGE($B103:$C103)*E103 -> 0.085952314 | J103: =AVERAGE($B103:$C103)*F103 -> 0.075208275 | K103: =AVERAGE($B103:$C103)*G103 -> 0.053720196 | L103: =VLOOKUP($A103,'高情景（2001-2060, 2020RMB）'!$A$14:$W$54,23,0)*(1+情景假设!H103)^3 -> 3251.4307 | M103: =L103*(1+情景假设!I103)^5 -> 4910.529 | N103: =M103*(1+情景假设!J103)^5 -> 7056.5312 | O103: =N103*(1+情景假设!K103)^25 -> 26105.01 | P103: =VLOOKUP($A103,'高情景（2001-2060, 2020RMB）'!$A$14:$W$70,23,0) -> 2464.9908 | Q103: =L103/SUM(L$100:L$104)*$G$60 -> 3248.062 | R103: =M103/SUM(M$100:M$104)*$L$60 -> 4925.0517 | S103: =N103/SUM(N$100:N$104)*$Q$60 -> 6646.9061 | T103: =O103/SUM(O$100:O$104)*$AP$60 -> 14787.159
A104: 水的生产和供应业 | B104: =(VLOOKUP(A104,'高情景（2001-2060, 2020RMB）'!$A$14:$W$54,20,0)/VLOOKUP(A104,'高情景（2001-2060, 2020RMB）'!$A$14:$W$54,17,0))^(1/3)-1 -> 0.067720747 | C104: =(VLOOKUP(A104,'高情景（2001-2060, 2020RMB）'!$A$14:$W$54,23,0)/VLOOKUP(A104,'高情景（2001-2060, 2020RMB）'!$A$14:$W$54,20,0))^(1/3)-1 -> 0.064716353 | D104: 0.9 | E104: 0.8 | F104: 0.7 | G104: 0.5 | H104: =AVERAGE($B104:$C104)*D104 -> 0.059596695 | I104: =AVERAGE($B104:$C104)*E104 -> 0.05297484 | J104: =AVERAGE($B104:$C104)*F104 -> 0.046352985 | K104: =AVERAGE($B104:$C104)*G104 -> 0.033109275 | L104: =VLOOKUP($A104,'高情景（2001-2060, 2020RMB）'!$A$14:$W$54,23,0)*(1+情景假设!H104)^3 -> 1544.8858 | M104: =L104*(1+情景假设!I104)^5 -> 1999.799 | N104: =M104*(1+情景假设!J104)^5 -> 2508.2882 | O104: =N104*(1+情景假设!K104)^25 -> 5662.8355 | P104: =VLOOKUP($A104,'高情景（2001-2060, 2020RMB）'!$A$14:$W$70,23,0) -> 1298.5976 | Q104: =L104/SUM(L$100:L$104)*$G$60 -> 1543.2852 | R104: =M104/SUM(M$100:M$104)*$L$60 -> 2005.7134 | S104: =N104/SUM(N$100:N$104)*$Q$60 -> 2362.6844 | T104: =O104/SUM(O$100:O$104)*$AP$60 -> 3207.708
A105: 传统高耗能产业
A106: 纺织业 | B106: =(VLOOKUP(A106,'高情景（2001-2060, 2020RMB）'!$A$14:$W$54,20,0)/VLOOKUP(A106,'高情景（2001-2060, 2020RMB）'!$A$14:$W$54,17,0))^(1/3)-1 -> 0.011202933 | C106: =(VLOOKUP(A106,'高情景（2001-2060, 2020RMB）'!$A$14:$W$54,23,0)/VLOOKUP(A106,'高情景（2001-2060, 2020RMB）'!$A$14:$W$54,20,0))^(1/3)-1 -> 0.0054812952 | D106: 0.7 | E106: 0.6 | F106: 0.5 | G106: 0.3 | H106: =AVERAGE($B106:$C106)*D106 -> 0.0058394797 | I106: =AVERAGE($B106:$C106)*E106 -> 0.0050052683 | J106: =AVERAGE($B106:$C106)*F106 -> 0.0041710569 | K106: =AVERAGE($B106:$C106)*G106 -> 0.0025026342 | L106: =VLOOKUP($A106,'高情景（2001-2060, 2020RMB）'!$A$14:$W$54,23,0)*(1+情景假设!H106)^3 -> 8262.9153 | M106: =L106*(1+情景假设!I106)^5 -> 8471.7863 | N106: =M106*(1+情景假设!J106)^5 -> 8649.9478 | O106: =N106*(1+情景假设!K106)^25 -> 9207.7082 | P106: =VLOOKUP($A106,'高情景（2001-2060, 2020RMB）'!$A$14:$W$70,23,0) -> 8119.8361 | Q106: =L106/SUM(L$106:L$114)*$G$62 -> 8363.6861 | R106: =M106/SUM(M$106:M$114)*$L$62 -> 8787.5228 | S106: =N106/SUM(N$106:N$114)*$Q$62 -> 8355.1085 | T106: =O106/SUM(O$106:O$114)*$AP$62 -> 6909.7815
A107: 纺织服装、服饰业 | B107: =(VLOOKUP(A107,'高情景（2001-2060, 2020RMB）'!$A$14:$W$54,20,0)/VLOOKUP(A107,'高情景（2001-2060, 2020RMB）'!$A$14:$W$54,17,0))^(1/3)-1 -> 0.026934423 | C107: =(VLOOKUP(A107,'高情景（2001-2060, 2020RMB）'!$A$14:$W$54,23,0)/VLOOKUP(A107,'高情景（2001-2060, 2020RMB）'!$A$14:$W$54,20,0))^(1/3)-1 -> -0.0030027665 | D107: 0.7 | E107: 0.6 | F107: 0.5 | G107: 0.3 | H107: =AVERAGE($B107:$C107)*D107 -> 0.0083760799 | I107: =AVERAGE($B107:$C107)*E107 -> 0.007179497 | J107: =AVERAGE($B107:$C107)*F107 -> 0.0059829142 | K107: =AVERAGE($B107:$C107)*G107 -> 0.0035897485 | L107: =VLOOKUP($A107,'高情景（2001-2060, 2020RMB）'!$A$14:$W$54,23,0)*(1+情景假设!H107)^3 -> 5274.596 | M107: =L107*(1+情景假设!I107)^5 -> 5466.6791 | N107: =M107*(1+情景假设!J107)^5 -> 5632.181 | O107: =N107*(1+情景假设!K107)^25 -> 6160.0185 | P107: =VLOOKUP($A107,'高情景（2001-2060, 2020RMB）'!$A$14:$W$70,23,0) -> 5144.2444 | Q107: =L107/SUM(L$106:L$114)*$G$62 -> 5338.9226 | R107: =M107/SUM(M$106:M$114)*$L$62 -> 5670.4177 | S107: =N107/SUM(N$106:N$114)*$Q$62 -> 5440.2043 | T107: =O107/SUM(O$106:O$114)*$AP$62 -> 4622.6901
A108: 造纸和纸制品业 | B108: =(VLOOKUP(A108,'高情景（2001-2060, 2020RMB）'!$A$14:$W$54,20,0)/VLOOKUP(A108,'高情景（2001-2060, 2020RMB）'!$A$14:$W$54,17,0))^(1/3)-1 -> 0.021415722 | C108: =(VLOOKUP(A108,'高情景（2001-2060, 2020RMB）'!$A$14:$W$54,23,0)/VLOOKUP(A108,'高情景（2001-2060, 2020RMB）'!$A$14:$W$54,20,0))^(1/3)-1 -> 0.030419244 | D108: 0.7 | E108: 0.6 | F108: 0.5 | G108: 0.3 | H108: =AVERAGE($B108:$C108)*D108 -> 0.018142238 | I108: =AVERAGE($B108:$C108)*E108 -> 0.01555049 | J108: =AVERAGE($B108:$C108)*F108 -> 0.012958741 | K108: =AVERAGE($B108:$C108)*G108 -> 0.0077752449 | L108: =VLOOKUP($A108,'高情景（2001-2060, 2020RMB）'!$A$14:$W$54,23,0)*(1+情景假设!H108)^3 -> 4320.9604 | M108: =L108*(1+情景假设!I108)^5 -> 4667.5383 | N108: =M108*(1+情景假设!J108)^5 -> 4977.9058 | O108: =N108*(1+情景假设!K108)^25 -> 6041.4172 | P108: =VLOOKUP($A108,'高情景（2001-2060, 2020RMB）'!$A$14:$W$70,23,0) -> 4094.0668 | Q108: =L108/SUM(L$106:L$114)*$G$62 -> 4373.657 | R108: =M108/SUM(M$106:M$114)*$L$62 -> 4841.4936 | S108: =N108/SUM(N$106:N$114)*$Q$62 -> 4808.2305 | T108: =O108/SUM(O$106:O$114)*$AP$62 -> 4533.6876
A109: 化学原料和化学制品制造业 | B109: =(VLOOKUP(A109,'高情景（2001-2060, 2020RMB）'!$A$14:$W$54,20,0)/VLOOKUP(A109,'高情景（2001-2060, 2020RMB）'!$A$14:$W$54,17,0))^(1/3)-1 -> 0.030429297 | C109: =(VLOOKUP(A109,'高情景（2001-2060, 2020RMB）'!$A$14:$W$54,23,0)/VLOOKUP(A109,'高情景（2001-2060, 2020RMB）'!$A$14:$W$54,20,0))^(1/3)-1 -> 0.066952428 | D109: 0.8 | E109: 0.6 | F109: 0.4 | G109: 0.2 | H109: =AVERAGE($B109:$C109)*D109 -> 0.03895269 | I109: =AVERAGE($B109:$C109)*E109 -> 0.029214517 | J109: =AVERAGE($B109:$C109)*F109 -> 0.019476345 | K109: =AVERAGE($B109:$C109)*G109 -> 0.0097381725 | L109: =VLOOKUP($A109,'高情景（2001-2060, 2020RMB）'!$A$14:$W$54,23,0)*(1+情景假设!H109)^3 -> 26972.282 | M109: =L109*(1+情景假设!I109)^5 -> 31149.222 | N109: =M109*(1+情景假设!J109)^5 -> 34303.068 | O109: =N109*(1+情景假设!K109)^25 -> 43707.135 | P109: =VLOOKUP($A109,'高情景（2001-2060, 2020RMB）'!$A$14:$W$70,23,0) -> 24050.847 | Q109: =L109/SUM(L$106:L$114)*$G$62 -> 27301.224 | R109: =M109/SUM(M$106:M$114)*$L$62 -> 32310.128 | S109: =N109/SUM(N$106:N$114)*$Q$62 -> 33133.825 | T109: =O109/SUM(O$106:O$114)*$AP$62 -> 32799.34
A110: 化学纤维制造业 | B110: =(VLOOKUP(A110,'高情景（2001-2060, 2020RMB）'!$A$14:$W$54,20,0)/VLOOKUP(A110,'高情景（2001-2060, 2020RMB）'!$A$14:$W$54,17,0))^(1/3)-1 -> 0.073724698 | C110: =(VLOOKUP(A110,'高情景（2001-2060, 2020RMB）'!$A$14:$W$54,23,0)/VLOOKUP(A110,'高情景（2001-2060, 2020RMB）'!$A$14:$W$54,20,0))^(1/3)-1 -> 0.042588314 | D110: 0.8 | E110: 0.6 | F110: 0.4 | G110: 0.2 | H110: =AVERAGE($B110:$C110)*D110 -> 0.046525205 | I110: =AVERAGE($B110:$C110)*E110 -> 0.034893904 | J110: =AVERAGE($B110:$C110)*F110 -> 0.023262602 | K110: =AVERAGE($B110:$C110)*G110 -> 0.011631301 | L110: =VLOOKUP($A110,'高情景（2001-2060, 2020RMB）'!$A$14:$W$54,23,0)*(1+情景假设!H110)^3 -> 2128.6913 | M110: =L110*(1+情景假设!I110)^5 -> 2526.9219 | N110: =M110*(1+情景假设!J110)^5 -> 2834.832 | O110: =N110*(1+情景假设!K110)^25 -> 3785.1561 | P110: =VLOOKUP($A110,'高情景（2001-2060, 2020RMB）'!$A$14:$W$70,23,0) -> 1857.2211 | Q110: =L110/SUM(L$106:L$114)*$G$62 -> 2154.6518 | R110: =M110/SUM(M$106:M$114)*$L$62 -> 2621.0982 | S110: =N110/SUM(N$106:N$114)*$Q$62 -> 2738.2049 | T110: =O110/SUM(O$106:O$114)*$AP$62 -> 2840.5115
A111: 橡胶和塑料制品业 | B111: =(VLOOKUP(A111,'高情景（2001-2060, 2020RMB）'!$A$14:$W$54,20,0)/VLOOKUP(A111,'高情景（2001-2060, 2020RMB）'!$A$14:$W$54,17,0))^(1/3)-1 -> 0.037628 | C111: =(VLOOKUP(A111,'高情景（2001-2060, 2020RMB）'!$A$14:$W$54,23,0)/VLOOKUP(A111,'高情景（2001-2060, 2020RMB）'!$A$14:$W$54,20,0))^(1/3)-1 -> 0.028280067 | D111: 0.8 | E111: 0.6 | F111: 0.4 | G111: 0.2 | H111: =AVERAGE($B111:$C111)*D111 -> 0.026363227 | I111: =AVERAGE($B111:$C111)*E111 -> 0.01977242 | J111: =AVERAGE($B111:$C111)*F111 -> 0.013181613 | K111: =AVERAGE($B111:$C111)*G111 -> 0.0065908067 | L111: =VLOOKUP($A111,'高情景（2001-2060, 2020RMB）'!$A$14:$W$54,23,0)*(1+情景假设!H111)^3 -> 8330.917 | M111: =L111*(1+情景假设!I111)^5 -> 9187.7489 | N111: =M111*(1+情景假设!J111)^5 -> 9809.4717 | O111: =N111*(1+情景假设!K111)^25 -> 11560.313 | P111: =VLOOKUP($A111,'高情景（2001-2060, 2020RMB）'!$A$14:$W$70,23,0) -> 7705.3001 | Q111: =L111/SUM(L$106:L$114)*$G$62 -> 8432.5172 | R111: =M111/SUM(M$106:M$114)*$L$62 -> 9530.1688 | S111: =N111/SUM(N$106:N$114)*$Q$62 -> 9475.1092 | T111: =O111/SUM(O$106:O$114)*$AP$62 -> 8675.2575
A112: 非金属矿物制品业 | B112: =(VLOOKUP(A112,'高情景（2001-2060, 2020RMB）'!$A$14:$W$54,20,0)/VLOOKUP(A112,'高情景（2001-2060, 2020RMB）'!$A$14:$W$54,17,0))^(1/3)-1 -> 0.04703944 | C112: =(VLOOKUP(A112,'高情景（2001-2060, 2020RMB）'!$A$14:$W$54,23,0)/VLOOKUP(A112,'高情景（2001-2060, 2020RMB）'!$A$14:$W$54,20,0))^(1/3)-1 -> 0.038161552 | D112: 0.6 | E112: 0.45 | F112: 0.2 | G112: 0.2 | H112: =AVERAGE($B112:$C112)*D112 -> 0.025560298 | I112: =AVERAGE($B112:$C112)*E112 -> 0.019170223 | J112: =AVERAGE($B112:$C112)*F112 -> 0.0085200992 | K112: =AVERAGE($B112:$C112)*G112 -> 0.0085200992 | L112: =VLOOKUP($A112,'高情景（2001-2060, 2020RMB）'!$A$14:$W$54,23,0)*(1+情景假设!H112)^3 -> 17392.675 | M112: =L112*(1+情景假设!I112)^5 -> 19124.938 | N112: =M112*(1+情景假设!J112)^5 -> 19953.671 | O112: =N112*(1+情景假设!K112)^25 -> 24668.16 | P112: =VLOOKUP($A112,'高情景（2001-2060, 2020RMB）'!$A$14:$W$70,23,0) -> 16124.371 | Q112: =L112/SUM(L$106:L$114)*$G$62 -> 17604.789 | R112: =M112/SUM(M$106:M$114)*$L$62 -> 19837.708 | S112: =N112/SUM(N$106:N$114)*$Q$62 -> 19273.537 | T112: =O112/SUM(O$106:O$114)*$AP$62 -> 18511.837
A113: 黑色金属冶炼和压延加工业 | B113: =(VLOOKUP(A113,'高情景（2001-2060, 2020RMB）'!$A$14:$W$54,20,0)/VLOOKUP(A113,'高情景（2001-2060, 2020RMB）'!$A$14:$W$54,17,0))^(1/3)-1 -> 0.046512456 | C113: =(VLOOKUP(A113,'高情景（2001-2060, 2020RMB）'!$A$14:$W$54,23,0)/VLOOKUP(A113,'高情景（2001-2060, 2020RMB）'!$A$14:$W$54,20,0))^(1/3)-1 -> 0.037900502 | D113: 0.8 | E113: 0.6 | F113: 0.4 | G113: 0.2 | H113: =AVERAGE($B113:$C113)*D113 -> 0.033765183 | I113: =AVERAGE($B113:$C113)*E113 -> 0.025323888 | J113: =AVERAGE($B113:$C113)*F113 -> 0.016882592 | K113: =AVERAGE($B113:$C113)*G113 -> 0.0084412959 | L113: =VLOOKUP($A113,'高情景（2001-2060, 2020RMB）'!$A$14:$W$54,23,0)*(1+情景假设!H113)^3 -> 23755.266 | M113: =L113*(1+情景假设!I113)^5 -> 26919.394 | N113: =M113*(1+情景假设!J113)^5 -> 29269.772 | O113: =N113*(1+情景假设!K113)^25 -> 36114.772 | P113: =VLOOKUP($A113,'高情景（2001-2060, 2020RMB）'!$A$14:$W$70,23,0) -> 21502.759 | Q113: =L113/SUM(L$106:L$114)*$G$62 -> 24044.975 | R113: =M113/SUM(M$106:M$114)*$L$62 -> 27922.657 | S113: =N113/SUM(N$106:N$114)*$Q$62 -> 28272.092 | T113: =O113/SUM(O$106:O$114)*$AP$62 -> 27101.769
A114: 有色金属冶炼和压延加工业 | B114: =(VLOOKUP(A114,'高情景（2001-2060, 2020RMB）'!$A$14:$W$54,20,0)/VLOOKUP(A114,'高情景（2001-2060, 2020RMB）'!$A$14:$W$54,17,0))^(1/3)-1 -> 0.051040412 | C114: =(VLOOKUP(A114,'高情景（2001-2060, 2020RMB）'!$A$14:$W$54,23,0)/VLOOKUP(A114,'高情景（2001-2060, 2020RMB）'!$A$14:$W$54,20,0))^(1/3)-1 -> 0.046563598 | D114: 0.8 | E114: 0.7 | F114: 0.6 | G114: 0.3 | H114: =AVERAGE($B114:$C114)*D114 -> 0.039041604 | I114: =AVERAGE($B114:$C114)*E114 -> 0.034161404 | J114: =AVERAGE($B114:$C114)*F114 -> 0.029281203 | K114: =AVERAGE($B114:$C114)*G114 -> 0.014640602 | L114: =VLOOKUP($A114,'高情景（2001-2060, 2020RMB）'!$A$14:$W$54,23,0)*(1+情景假设!H114)^3 -> 14812.094 | M114: =L114*(1+情景假设!I114)^5 -> 17520.968 | N114: =M114*(1+情景假设!J114)^5 -> 20240.829 | O114: =N114*(1+情景假设!K114)^25 -> 29109.465 | P114: =VLOOKUP($A114,'高情景（2001-2060, 2020RMB）'!$A$14:$W$70,23,0) -> 13204.369 | Q114: =L114/SUM(L$106:L$114)*$G$62 -> 14992.736 | R114: =M114/SUM(M$106:M$114)*$L$62 -> 18173.96 | S114: =N114/SUM(N$106:N$114)*$Q$62 -> 19550.907 | T114: =O114/SUM(O$106:O$114)*$AP$62 -> 21844.745
A115: 装备制造
A116: 金属制品业 | B116: =(VLOOKUP(A116,'高情景（2001-2060, 2020RMB）'!$A$14:$W$54,20,0)/VLOOKUP(A116,'高情景（2001-2060, 2020RMB）'!$A$14:$W$54,17,0))^(1/3)-1 -> 0.043911486 | C116: =(VLOOKUP(A116,'高情景（2001-2060, 2020RMB）'!$A$14:$W$54,23,0)/VLOOKUP(A116,'高情景（2001-2060, 2020RMB）'!$A$14:$W$54,20,0))^(1/3)-1 -> 0.075370858 | D116: 0.8 | E116: 0.7 | F116: 0.6 | G116: 0.5 | H116: =AVERAGE($B116:$C116)*D116 -> 0.047712938 | I116: =AVERAGE($B116:$C116)*E116 -> 0.041748821 | J116: =AVERAGE($B116:$C116)*F116 -> 0.035784703 | K116: =AVERAGE($B116:$C116)*G116 -> 0.029820586 | L116: =VLOOKUP($A116,'高情景（2001-2060, 2020RMB）'!$A$14:$W$54,23,0)*(1+情景假设!H116)^3 -> 17457.396 | M116: =L116*(1+情景假设!I116)^5 -> 21418.771 | N116: =M116*(1+情景假设!J116)^5 -> 25535.361 | O116: =N116*(1+情景假设!K116)^25 -> 53233.036 | P116: =VLOOKUP($A116,'高情景（2001-2060, 2020RMB）'!$A$14:$W$70,23,0) -> 15179.328 | Q116: =L116/SUM(L$116:L$121)*$G$63 -> 16509.847 | R116: =M116/SUM(M$116:M$121)*$L$63 -> 18788.098 | S116: =N116/SUM(N$116:N$121)*$Q$63 -> 19875.655 | T116: =O116/SUM(O$116:O$121)*$AP$63 -> 21433.721
A117: 通用设备制造业 | B117: =(VLOOKUP(A117,'高情景（2001-2060, 2020RMB）'!$A$14:$W$54,20,0)/VLOOKUP(A117,'高情景（2001-2060, 2020RMB）'!$A$14:$W$54,17,0))^(1/3)-1 -> 0.062830621 | C117: =(VLOOKUP(A117,'高情景（2001-2060, 2020RMB）'!$A$14:$W$54,23,0)/VLOOKUP(A117,'高情景（2001-2060, 2020RMB）'!$A$14:$W$54,20,0))^(1/3)-1 -> 0.06093611 | D117: 0.8 | E117: 0.7 | F117: 0.6 | G117: 0.5 | H117: =AVERAGE($B117:$C117)*D117 -> 0.049506692 | I117: =AVERAGE($B117:$C117)*E117 -> 0.043318356 | J117: =AVERAGE($B117:$C117)*F117 -> 0.037130019 | K117: =AVERAGE($B117:$C117)*G117 -> 0.030941683 | L117: =VLOOKUP($A117,'高情景（2001-2060, 2020RMB）'!$A$14:$W$54,23,0)*(1+情景假设!H117)^3 -> 18256.884 | M117: =L117*(1+情景假设!I117)^5 -> 22568.927 | N117: =M117*(1+情景假设!J117)^5 -> 27081.763 | O117: =N117*(1+情景假设!K117)^25 -> 58013.546 | P117: =VLOOKUP($A117,'高情景（2001-2060, 2020RMB）'!$A$14:$W$70,23,0) -> 15793.232 | Q117: =L117/SUM(L$116:L$121)*$G$63 -> 17265.941 | R117: =M117/SUM(M$116:M$121)*$L$63 -> 19796.991 | S117: =N117/SUM(N$116:N$121)*$Q$63 -> 21079.309 | T117: =O117/SUM(O$116:O$121)*$AP$63 -> 23358.543
A118: 专用设备制造业 | B118: =(VLOOKUP(A118,'高情景（2001-2060, 2020RMB）'!$A$14:$W$54,20,0)/VLOOKUP(A118,'高情景（2001-2060, 2020RMB）'!$A$14:$W$54,17,0))^(1/3)-1 -> 0.08801267 | C118: =(VLOOKUP(A118,'高情景（2001-2060, 2020RMB）'!$A$14:$W$54,23,0)/VLOOKUP(A118,'高情景（2001-2060, 2020RMB）'!$A$14:$W$54,20,0))^(1/3)-1 -> 0.082574295 | D118: 0.8 | E118: 0.7 | F118: 0.6 | G118: 0.5 | H118: =AVERAGE($B118:$C118)*D118 -> 0.068234786 | I118: =AVERAGE($B118:$C118)*E118 -> 0.059705438 | J118: =AVERAGE($B118:$C118)*F118 -> 0.051176089 | K118: =AVERAGE($B118:$C118)*G118 -> 0.042646741 | L118: =VLOOKUP($A118,'高情景（2001-2060, 2020RMB）'!$A$14:$W$54,23,0)*(1+情景假设!H118)^3 -> 14877.235 | M118: =L118*(1+情景假设!I118)^5 -> 19881.449 | N118: =M118*(1+情景假设!J118)^5 -> 25516.753 | O118: =N118*(1+情景假设!K118)^25 -> 72486.171 | P118: =VLOOKUP($A118,'高情景（2001-2060, 2020RMB）'!$A$14:$W$70,23,0) -> 12204.559 | Q118: =L118/SUM(L$116:L$121)*$G$63 -> 14069.732 | R118: =M118/SUM(M$116:M$121)*$L$63 -> 17439.592 | S118: =N118/SUM(N$116:N$121)*$Q$63 -> 19861.171 | T118: =O118/SUM(O$116:O$121)*$AP$63 -> 29185.793
A119: 汽车制造业 | B119: =(VLOOKUP(A119,'高情景（2001-2060, 2020RMB）'!$A$14:$W$54,20,0)/VLOOKUP(A119,'高情景（2001-2060, 2020RMB）'!$A$14:$W$54,17,0))^(1/3)-1 -> 0.052015912 | C119: =(VLOOKUP(A119,'高情景（2001-2060, 2020RMB）'!$A$14:$W$54,23,0)/VLOOKUP(A119,'高情景（2001-2060, 2020RMB）'!$A$14:$W$54,20,0))^(1/3)-1 -> 0.069452624 | D119: 0.8 | E119: 0.7 | F119: 0.6 | G119: 0.5 | H119: =AVERAGE($B119:$C119)*D119 -> 0.048587414 | I119: =AVERAGE($B119:$C119)*E119 -> 0.042513987 | J119: =AVERAGE($B119:$C119)*F119 -> 0.036440561 | K119: =AVERAGE($B119:$C119)*G119 -> 0.030367134 | L119: =VLOOKUP($A119,'高情景（2001-2060, 2020RMB）'!$A$14:$W$54,23,0)*(1+情景假设!H119)^3 -> 27928.415 | M119: =L119*(1+情景假设!I119)^5 -> 34391.867 | N119: =M119*(1+情景假设!J119)^5 -> 41131.803 | O119: =N119*(1+情景假设!K119)^25 -> 86891.578 | P119: =VLOOKUP($A119,'高情景（2001-2060, 2020RMB）'!$A$14:$W$70,23,0) -> 24223.248 | Q119: =L119/SUM(L$116:L$121)*$G$63 -> 26412.523 | R119: =M119/SUM(M$116:M$121)*$L$63 -> 30167.827 | S119: =N119/SUM(N$116:N$121)*$Q$63 -> 32015.272 | T119: =O119/SUM(O$116:O$121)*$AP$63 -> 34985.978
A120: 铁路、船舶、航空航天和其他运输设备制造业 | B120: =(VLOOKUP(A120,'高情景（2001-2060, 2020RMB）'!$A$14:$W$54,20,0)/VLOOKUP(A120,'高情景（2001-2060, 2020RMB）'!$A$14:$W$54,17,0))^(1/3)-1 -> 0.052856843 | C120: =(VLOOKUP(A120,'高情景（2001-2060, 2020RMB）'!$A$14:$W$54,23,0)/VLOOKUP(A120,'高情景（2001-2060, 2020RMB）'!$A$14:$W$54,20,0))^(1/3)-1 -> 0.042290325 | D120: 0.8 | E120: 0.7 | F120: 0.6 | G120: 0.5 | H120: =AVERAGE($B120:$C120)*D120 -> 0.038058867 | I120: =AVERAGE($B120:$C120)*E120 -> 0.033301509 | J120: =AVERAGE($B120:$C120)*F120 -> 0.02854415 | K120: =AVERAGE($B120:$C120)*G120 -> 0.023786792 | L120: =VLOOKUP($A120,'高情景（2001-2060, 2020RMB）'!$A$14:$W$54,23,0)*(1+情景假设!H120)^3 -> 7395.9908 | M120: =L120*(1+情景假设!I120)^5 -> 8712.2771 | N120: =M120*(1+情景假设!J120)^5 -> 10028.74 | O120: =N120*(1+情景假设!K120)^25 -> 18050.3 | P120: =VLOOKUP($A120,'高情景（2001-2060, 2020RMB）'!$A$14:$W$70,23,0) -> 6611.963 | Q120: =L120/SUM(L$116:L$121)*$G$63 -> 6994.5527 | R120: =M120/SUM(M$116:M$121)*$L$63 -> 7642.2274 | S120: =N120/SUM(N$116:N$121)*$Q$63 -> 7805.9509 | T120: =O120/SUM(O$116:O$121)*$AP$63 -> 7267.7631
...

Sheet Python数据平滑
A1: 结果1：GDP平滑
B2: 2022 | C2: 2023 | D2: 2024 | E2: 2025 | F2: 2026 | G2: 2027 | H2: 2028 | I2: 2029 | J2: 2030 | K2: 2031 | L2: 2032 | M2: 2033 | N2: 2034 | O2: 2035 | P2: 2036 | Q2: 2037 | R2: 2038 | S2: 2039 | T2: 2040 | U2: 2041 | V2: 2042 | W2: 2043 | X2: 2044 | Y2: 2045 | Z2: 2046 | AA2: 2047 | AB2: 2048 | AC2: 2049 | AD2: 2050 | AE2: 2051 | AF2: 2052 | AG2: 2053 | AH2: 2054 | AI2: 2055 | AJ2: 2056 | AK2: 2057 | AL2: 2058 | AM2: 2059 | AN2: 2060
A3: 高情景 | B3: 1131667.8 | C3: 1194812 | D3: 1263623.2 | E3: 1321308.1 | F3: 1403841.6 | G3: 1474848.1 | H3: 1546180.7 | I3: 1617634 | J3: 1702483 | K3: 1760090.2 | L3: 1830696 | M3: 1900631.8 | N3: 1969715.6 | O3: 2031802.8 | P3: 2104647.1 | Q3: 2170182.2 | R3: 2234242.3 | S3: 2296702.8 | T3: 2357453.6 | U3: 2416399.1 | V3: 2473458.8 | W3: 2528567.4 | X3: 2581674.9 | Y3: 2632746.9 | Z3: 2681763.7 | AA3: 2728720.8 | AB3: 2773628.1 | AC3: 2816509.6 | AD3: 2857402.8 | AE3: 2896358 | AF3: 2933438 | AG3: 2968717.2 | AH3: 3002280.8 | AI3: 3034224.4 | AJ3: 3064653.3 | AK3: 3093681.4 | AL3: 3121431.1 | AM3: 3148032.4 | AN3: 3173774.1
A4: 中情景 | B4: 1131667.8 | C4: 1195506.2 | D4: 1263585.2 | E4: 1325076 | F4: 1403070.8 | G4: 1474143.5 | H4: 1545872.2 | I4: 1618079.8 | J4: 1699238.7 | K4: 1763217.3 | L4: 1835790.7 | M4: 1908133 | N4: 1980072.8 | O4: 2047581.3 | P4: 2122085.6 | Q4: 2191845.3 | R4: 2260578.3 | S4: 2328148.8 | T4: 2394431.1 | U4: 2459310.1 | V4: 2522681.9 | W4: 2584454 | X4: 2644546.2 | Y4: 2702890.5 | Z4: 2759431.2 | AA4: 2814125.3 | AB4: 2866942.1 | AC4: 2917863.4 | AD4: 2966883 | AE4: 3014006.8 | AF4: 3059252.1 | AG4: 3102647.5 | AH4: 3144232.5 | AI4: 3184056.8 | AJ4: 3222180 | AK4: 3258671 | AL4: 3293607.8 | AM4: 3327076.4 | AN4: 3359274.1
A5: 低情景 | B5: 1131667.8 | C5: 1194993.8 | D5: 1262669.4 | E5: 1325076 | F5: 1402866.5 | G5: 1475178.2 | H5: 1548814.6 | I5: 1623655.6 | J5: 1707338 | K5: 1776447.7 | L5: 1854137.3 | M5: 1932510.1 | N5: 2011429.6 | O5: 2087243.6 | P5: 2170357.9 | Q5: 2250091.8 | R5: 2329824.4 | S5: 2409422.3 | T5: 2488755 | U5: 2567696.1 | V5: 2646123.1 | W5: 2723918.7 | X5: 2800971.1 | Y5: 2877174.8 | Z5: 2952430.8 | AA5: 3026647 | AB5: 3099738.9 | AC5: 3171629.7 | AD5: 3242250.6 | AE5: 3311541.2 | AF5: 3379449.2 | AG5: 3445931.3 | AH5: 3510952.4 | AI5: 3574486.2 | AJ5: 3636515.2 | AK5: 3697030.2 | AL5: 3756030.6 | AM5: 3813524.2 | AN5: 3869633
A8: 结果2：三次产业增加值平滑
B9: 2022 | C9: 2023 | D9: 2024 | E9: 2025 | F9: 2026 | G9: 2027 | H9: 2028 | I9: 2029 | J9: 2030 | K9: 2031 | L9: 2032 | M9: 2033 | N9: 2034 | O9: 2035 | P9: 2036 | Q9: 2037 | R9: 2038 | S9: 2039 | T9: 2040 | U9: 2041 | V9: 2042 | W9: 2043 | X9: 2044 | Y9: 2045 | Z9: 2046 | AA9: 2047 | AB9: 2048 | AC9: 2049 | AD9: 2050 | AE9: 2051 | AF9: 2052 | AG9: 2053 | AH9: 2054 | AI9: 2055 | AJ9: 2056 | AK9: 2057 | AL9: 2058 | AM9: 2059 | AN9: 2060
A10: 农业-高情景 | B10: 86574.037 | C10: 90508.221 | D10: 95121.373 | E10: 97776.796 | F10: 104107.17 | G10: 108437.05 | H10: 112631.95 | I10: 116674.18 | J10: 122578.78 | K10: 124238.97 | L10: 127735.73 | M10: 131028.36 | N10: 134109.3 | O10: 136130.79 | P10: 139616.67 | Q10: 142038.69 | R10: 144240.07 | S10: 146223.55 | T10: 147993.68 | U10: 149556.67 | V10: 150920.21 | W10: 152093.4 | X10: 153086.52 | Y10: 153910.94 | Z10: 154578.9 | AA10: 155103.45 | AB10: 155498.25 | AC10: 155777.47 | AD10: 155955.68 | AE10: 156047.73 | AF10: 156068.65 | AG10: 156033.62 | AH10: 155957.87 | AI10: 155856.62 | AJ10: 155745.09 | AK10: 155638.47 | AL10: 155551.89 | AM10: 155500.47 | AN10: 155514.93
A11: 工业-高情景 | B11: 375578.61 | C11: 391019.38 | D11: 407383.51 | E11: 420175.96 | F11: 438880.73 | G11: 453904.51 | H11: 468381.99 | I11: 482273.73 | J11: 498827.52 | K11: 508175.62 | L11: 520140.53 | M11: 531429.28 | N11: 542036.09 | O11: 550618.56 | P11: 561212.91 | Q11: 569802.65 | R11: 577749.25 | S11: 585076.24 | T11: 591811.95 | U11: 597989.06 | V11: 603644.2 | W11: 608817.51 | X11: 613552.33 | Y11: 617894.72 | Z11: 621893.2 | AA11: 625598.38 | AB11: 629062.74 | AC11: 632340.32 | AD11: 635486.6 | AE11: 638558.34 | AF11: 641613.45 | AG11: 644711 | AH11: 647911.19 | AI11: 651275.45 | AJ11: 654866.53 | AK11: 658748.73 | AL11: 662988.1 | AM11: 667652.79 | AN11: 672840.1
A12: 建筑业-高情景 | B12: 77971.749 | C12: 82009.725 | D12: 86241.13 | E12: 89848.948 | F12: 94546.138 | G12: 98583.718 | H12: 102522.33 | I12: 106346.75 | J12: 110661.39 | K12: 113599.22 | L12: 117004.3 | M12: 120249.42 | N12: 123327.35 | O12: 125971.77 | P12: 128961.55 | Q12: 131512.13 | R12: 133884.06 | S12: 136078.65 | T12: 138098.74 | U12: 139948.62 | V12: 141633.92 | W12: 143161.5 | X12: 144539.33 | Y12: 145776.42 | Z12: 146882.65 | AA12: 147868.7 | AB12: 148745.94 | AC12: 149526.32 | AD12: 150222.29 | AE12: 150846.74 | AF12: 151412.87 | AG12: 151934.21 | AH12: 152424.51 | AI12: 152897.75 | AJ12: 153368.07 | AK12: 153849.81 | AL12: 154357.48 | AM12: 154905.79 | AN12: 155514.93
A13: 服务业-高情景 | B13: 591543.44 | C13: 631348.33 | D13: 675016.11 | E13: 713506.35 | F13: 766425.28 | G13: 813975.58 | H13: 862613.15 | I13: 912219.59 | J13: 970415.31 | K13: 1013827.1 | L13: 1065555.4 | M13: 1117709.1 | N13: 1170139.4 | O13: 1219081.7 | P13: 1275221.2 | Q13: 1327564.2 | R13: 1379569.7 | S13: 1431084.5 | T13: 1481958.2 | U13: 1532043.7 | V13: 1581198.4 | W13: 1629285.1 | X13: 1676173 | Y13: 1721738 | Z13: 1765864.1 | AA13: 1808443.6 | AB13: 1849377.7 | AC13: 1888577.2 | AD13: 1925962.5 | AE13: 1961464 | AF13: 1995022.5 | AG13: 2026589 | AH13: 2056124.9 | AI13: 2083601.7 | AJ13: 2109001.2 | AK13: 2132314.9 | AL13: 2153543.9 | AM13: 2172698.7 | AN13: 2189904.1
A14: 农业-中情景 | B14: 86574.037 | C14: 90558.743 | D14: 95114.072 | E14: 98055.627 | F14: 104045.39 | G14: 108382.38 | H14: 112609.19 | I14: 116709 | J14: 122345.18 | K14: 124467.5 | L14: 128100.02 | M14: 131553.42 | N14: 134818.93 | O14: 137187.95 | P14: 140760.28 | Q14: 143427.62 | R14: 145890.02 | S14: 148147.59 | T14: 150202.06 | U14: 152056.7 | V14: 153716.22 | W14: 155186.66 | X14: 156475.27 | Y14: 157590.39 | Z14: 158541.34 | AA14: 159338.31 | AB14: 159992.21 | AC14: 160514.59 | AD14: 160917.5 | AE14: 161213.45 | AF14: 161415.24 | AG14: 161535.94 | AH14: 161588.79 | AI14: 161587.15 | AJ14: 161544.45 | AK14: 161474.12 | AL14: 161389.62 | AM14: 161304.37 | AN14: 161245.16
A15: 工业-中情景 | B15: 375578.61 | C15: 389833.57 | D15: 404800.97 | E15: 418061.49 | F15: 434712.7 | G15: 449593.83 | H15: 464383.15 | I15: 479049.53 | J15: 495328.07 | K15: 507891.57 | L15: 522007.98 | M15: 535883.28 | N15: 549490.2 | O15: 562061.06 | P15: 575795.89 | Q15: 588446.45 | R15: 600732.43 | S15: 612633.47 | T15: 624130.82 | U15: 635207.44 | V15: 645848.02 | W15: 656038.98 | X15: 665768.58 | Y15: 675026.84 | Z15: 683805.59 | AA15: 692098.45 | AB15: 699900.8 | AC15: 707209.79 | AD15: 714024.24 | AE15: 720344.65 | AF15: 726173.1 | AG15: 731513.24 | AH15: 736370.2 | AI15: 740750.52 | AJ15: 744662.06 | AK15: 748113.96 | AL15: 751116.54 | AM15: 753681.23 | AN15: 755836.68
A16: 建筑业-中情景 | B16: 77971.749 | C16: 82115.328 | D16: 86399.496 | E16: 90105.171 | F16: 94727.032 | G16: 98731.578 | H16: 102606.85 | I16: 106337.87 | J16: 110450.51 | K16: 113317.77 | L16: 116547.47 | M16: 119594.67 | N16: 122455.47 | O16: 124902.46 | P16: 127613.25 | Q16: 129913.23 | R16: 132032.6 | S16: 133977.65 | T16: 135756.34 | U16: 137378.14 | V16: 138853.93 | W16: 140195.76 | X16: 141416.79 | Y16: 142531.11 | Z16: 143553.63 | AA16: 144499.95 | AB16: 145386.27 | AC16: 146229.34 | AD16: 147046.36 | AE16: 147854.94 | AF16: 148673.11 | AG16: 149519.3 | AH16: 150412.35 | AI16: 151371.6 | AJ16: 152416.9 | AK16: 153568.77 | AL16: 154848.47 | AM16: 156278.2 | AN16: 157885.88
A17: 服务业-中情景 | B17: 591543.44 | C17: 632955.51 | D17: 677191.85 | E17: 718853.75 | F17: 769521.91 | G17: 817406.55 | H17: 866285.73 | I17: 916037.67 | J17: 971114.9 | K17: 1017648.6 | L17: 1069243.4 | M17: 1121184.8 | N17: 1173337.5 | O17: 1223429.8 | P17: 1277740.3 | Q17: 1329728.1 | R17: 1381405 | S17: 1432650.6 | T17: 1483350.7 | U17: 1533398.1 | V17: 1582692.9 | W17: 1631144 | X17: 1678668.9 | Y17: 1725194.5 | Z17: 1770657.5 | AA17: 1815004.7 | AB17: 1858192.9 | AC17: 1900189.6 | AD17: 1940972.3 | AE17: 1980529.1 | AF17: 2018858 | AG17: 2055967.3 | AH17: 2091874.8 | AI17: 2126607.9 | AJ17: 2160203.3 | AK17: 2192706.5 | AL17: 2224171.2 | AM17: 2254659.6 | AN17: 2284306.4
A18: 农业-低情景 | B18: 86574.037 | C18: 90517.822 | D18: 95040.61 | E18: 98055.627 | F18: 104025.52 | G18: 108455.52 | H18: 112823.22 | I18: 117113.91 | J18: 122928.33 | K18: 125409.47 | L18: 129389.3 | M18: 133242.26 | N18: 136958.57 | O18: 139845.32 | P18: 143948.44 | Q18: 147208.77 | R18: 150306.04 | S18: 153236.87 | T18: 155999.18 | U18: 158592.15 | V18: 161016.15 | W18: 163272.74 | X18: 165364.59 | Y18: 167295.41 | Z18: 169069.91 | AA18: 170693.7 | AB18: 172173.23 | AC18: 173515.71 | AD18: 174729.07 | AE18: 175821.81 | AF18: 176803.03 | AG18: 177682.27 | AH18: 178469.5 | AI18: 179175.06 | AJ18: 179809.59 | AK18: 180383.97 | AL18: 180909.32 | AM18: 181396.95 | AN18: 181872.75
A19: 工业-低情景 | B19: 375578.61 | C19: 388251.49 | D19: 401946.02 | E19: 414748.8 | F19: 430744.93 | G19: 445833.96 | H19: 461367.92 | I19: 477331.92 | J19: 495128.01 | K19: 510473.78 | L19: 527604.47 | M19: 545070.42 | N19: 562838.06 | O19: 580253.73 | P19: 599122.35 | Q19: 617549.65 | R19: 636099.74 | S19: 654716.23 | T19: 673338 | U19: 691899.2 | V19: 710329.43 | W19: 728553.79 | X19: 746493.17 | Y19: 764064.54 | Z19: 781181.22 | AA19: 797753.42 | AB19: 813688.62 | AC19: 828892.25 | AD19: 843268.26 | AE19: 856719.86 | AF19: 869150.33 | AG19: 880463.81 | AH19: 890566.28 | AI19: 899366.44 | AJ19: 906776.74 | AK19: 912714.41 | AL19: 917102.43 | AM19: 919870.66 | AN19: 920972.66
A20: 建筑业-低情景 | B20: 77971.749 | C20: 82138.959 | D20: 86500.47 | E20: 90105.171 | F20: 94950.216 | G20: 98999.445 | H20: 102909.15 | I20: 106665.5 | J20: 110976.97 | K20: 113675.61 | L20: 116914.74 | M20: 119971.23 | N20: 122844.36 | O20: 125234.62 | P20: 128049.89 | Q20: 130392.83 | R20: 132573.16 | S20: 134601.28 | T20: 136489.36 | U20: 138251.13 | V20: 139901.75 | W20: 141457.66 | X20: 142936.45 | Y20: 144356.72 | Z20: 145737.99 | AA20: 147100.65 | AB20: 148465.93 | AC20: 149855.83 | AD20: 151293.22 | AE20: 152801.82 | AF20: 154406.34 | AG20: 156132.6 | AH20: 158007.68 | AI20: 160060.15 | AJ20: 162320.35 | AK20: 164820.71 | AL20: 167596.1 | AM20: 170684.32 | AN20: 174133.49
A21: 服务业-低情景 | B21: 591543.44 | C21: 633921.84 | D21: 678896.02 | E21: 722166.44 | F21: 772932.8 | G21: 821809.1 | H21: 871790.89 | I21: 922773.29 | J21: 978304.66 | K21: 1027308.5 | L21: 1080643.2 | M21: 1134544.8 | N21: 1188907.3 | O21: 1241910 | P21: 1298608.5 | Q21: 1353756.1 | R21: 1408984.4 | S21: 1464214.4 | T21: 1519375 | U21: 1574404.4 | V21: 1629250 | W21: 1683869.5 | X21: 1738231.2 | Y21: 1792314.4 | Z21: 1846109.8 | AA21: 1899619.9 | AB21: 1952858.8 | AC21: 2005852.9 | AD21: 2058640.8 | AE21: 2111273.3 | AF21: 2163813.6 | AG21: 2216337.6 | AH21: 2268933.7 | AI21: 2321702.8 | AJ21: 2374758.9 | AK21: 2428229.1 | AL21: 2482253.6 | AM21: 2536986.5 | AN21: 2592654.1
A24: 结果3：大类产业增加值平滑 | B24: =SUM(B26:B31) -> 375578.61 | C24: =SUM(C26:C31) -> 382373.73 | D24: =SUM(D26:D31) -> 399129.66 | E24: =SUM(E26:E31) -> 420175.96 | F24: =SUM(F26:F31) -> 440023.25 | G24: =SUM(G26:G31) -> 457539.47 | H24: =SUM(H26:H31) -> 472933.8 | I24: =SUM(I26:I31) -> 486546.44 | ... AN24: =SUM(AN26:AN31) -> 672840.1
B25: 2022 | C25: 2023 | D25: 2024 | E25: 2025 | F25: 2026 | G25: 2027 | H25: 2028 | I25: 2029 | J25: 2030 | K25: 2031 | L25: 2032 | M25: 2033 | N25: 2034 | O25: 2035 | P25: 2036 | Q25: 2037 | R25: 2038 | S25: 2039 | T25: 2040 | U25: 2041 | V25: 2042 | W25: 2043 | X25: 2044 | Y25: 2045 | Z25: 2046 | AA25: 2047 | AB25: 2048 | AC25: 2049 | AD25: 2050 | AE25: 2051 | AF25: 2052 | AG25: 2053 | AH25: 2054 | AI25: 2055 | AJ25: 2056 | AK25: 2057 | AL25: 2058 | AM25: 2059 | AN25: 2060
A26: 能源产业-高情景 | B26: 40294.225 | C26: 40875.213 | D26: 42308.521 | E26: 44118.476 | F26: 45860.65 | G26: 47424.311 | H26: 48791.594 | I26: 49947.549 | J26: 50880.407 | K26: 51588.335 | L26: 52099.723 | M26: 52453.685 | N26: 52692.28 | O26: 52859.382 | P26: 52992.575 | Q26: 53100.635 | R26: 53185.112 | S26: 53247.6 | T26: 53289.733 | U26: 53313.17 | V26: 53319.597 | W26: 53310.718 | X26: 53288.249 | Y26: 53253.917 | Z26: 53209.45 | AA26: 53156.578 | AB26: 53097.03 | AC26: 53032.529 | AD26: 52964.793 | AE26: 52895.53 | AF26: 52826.44 | AG26: 52759.216 | AH26: 52695.541 | AI26: 52637.089 | AJ26: 52585.532 | AK26: 52542.533 | AL26: 52509.755 | AM26: 52488.864 | AN26: 52481.528
A27: 电力与热力产业-高情景 | B27: 17470.728 | C27: 18018.849 | D27: 19361.585 | E27: 21008.798 | F27: 22450.271 | G27: 23614.332 | H27: 24586.803 | I27: 25482.345 | J27: 26437.858 | K27: 27577.617 | L27: 28903.23 | M27: 30378.495 | N27: 31958.57 | O27: 33587.732 | P27: 35209.589 | Q27: 36805.906 | R27: 38369.253 | S27: 39892.52 | T27: 41368.988 | U27: 42792.399 | V27: 44157.013 | W27: 45457.66 | X27: 46689.776 | Y27: 47849.439 | Z27: 48933.386 | AA27: 49939.024 | AB27: 50864.431 | AC27: 51708.355 | AD27: 52470.189 | AE27: 53149.96 | AF27: 53748.29 | AG27: 54266.371 | AH27: 54705.921 | AI27: 55069.142 | AJ27: 55358.68 | AK27: 55577.575 | AL27: 55729.214 | AM27: 55817.284 | AN27: 55845.729
A28: 传统高耗能产业-高情景 | B28: 101803.01 | C28: 103460.68 | D28: 107528.74 | E28: 112607.16 | F28: 117362.28 | G28: 121429.9 | H28: 124721.66 | I28: 127163.31 | J28: 128697.5 | K28: 129323.29 | L28: 129209.24 | M28: 128575.43 | N28: 127646.01 | O28: 126642.27 | P28: 125742.59 | Q28: 124973.96 | R28: 124326.55 | S28: 123791.08 | T28: 123358.71 | U28: 123020.97 | V28: 122769.7 | W28: 122597 | X28: 122495.17 | Y28: 122456.65 | Z28: 122474.03 | AA28: 122539.95 | AB28: 122647.11 | AC28: 122788.23 | AD28: 122956.03 | AE28: 123143.21 | AF28: 123342.44 | AG28: 123546.32 | AH28: 123747.46 | AI28: 123938.36 | AJ28: 124111.52 | AK28: 124259.38 | AL28: 124374.37 | AM28: 124448.9 | AN28: 124475.42
A29: 装备制造业-高情景 | B29: 101531.7 | C29: 103538.17 | D29: 108486.42 | E29: 114708.04 | F29: 120596.27 | G29: 125838.79 | H29: 130516.48 | I29: 134745.96 | J29: 138674.05 | K29: 142442.51 | L29: 146086.77 | M29: 149615.77 | N29: 153040.84 | O29: 156375.67 | P29: 159632.13 | Q29: 162807.47 | R29: 165895.25 | S29: 168889.2 | T29: 171783.26 | U29: 174571.56 | V29: 177248.5 | W29: 179808.72 | X29: 182247.16 | Y29: 184559.03 | Z29: 186739.88 | AA29: 188785.55 | AB29: 190692.26 | AC29: 192456.55 | AD29: 194075.34 | AE29: 195545.92 | AF29: 196865.95 | AG29: 198033.46 | AH29: 199046.88 | AI29: 199905.03 | AJ29: 200607.11 | AK29: 201152.69 | AL29: 201541.75 | AM29: 201774.63 | AN29: 201852.03
A30: 高技术产业-高情景 | B30: 54801.587 | C30: 56208.386 | D30: 59646.202 | E30: 63866.746 | F30: 67624.977 | G30: 70743.022 | H30: 73400.909 | I30: 75832.932 | J30: 78315.92 | K30: 81099.898 | L30: 84195.904 | M30: 87544.612 | N30: 91075.816 | O30: 94706.393 | P30: 98355.142 | Q30: 101995.65 | R30: 105616.06 | S30: 109204.06 | T30: 112747 | U30: 116231.93 | V30: 119645.68 | W30: 122974.92 | X30: 126206.25 | Y30: 129326.31 | Z30: 132321.81 | AA30: 135179.66 | AB30: 137887.06 | AC30: 140431.58 | AD30: 142801.24 | AE30: 144984.65 | AF30: 146971.01 | AG30: 148750.31 | AH30: 150313.32 | AI30: 151651.7 | AJ30: 152758.07 | AK30: 153626.1 | AL30: 154250.52 | AM30: 154627.21 | AN30: 154753.22
A31: 其他产业-高情景 | B31: 59677.346 | C31: 60272.433 | D31: 61798.194 | E31: 63866.746 | F31: 66128.8 | G31: 68489.109 | H31: 70916.35 | I31: 73374.34 | J31: 75821.783 | K31: 78214.633 | L31: 80514.077 | M31: 82680.723 | N31: 84672.856 | O31: 86447.115 | P31: 87967.201 | Q31: 89229.344 | R31: 90240.757 | S31: 91011.718 | T31: 91555.175 | U31: 91886.334 | V31: 92022.251 | W31: 91981.421 | X31: 91783.406 | Y31: 91448.474 | Z31: 90997.286 | AA31: 90450.62 | AB31: 89829.139 | AC31: 89153.203 | AD31: 88442.73 | AE31: 87717.097 | AF31: 86995.087 | AG31: 86294.879 | AH31: 85634.07 | AI31: 85029.741 | AJ31: 84498.556 | AK31: 84056.892 | AL31: 83721.002 | AM31: 83507.217 | AN31: 83432.173
A32: 交通运输业-高情景 | B32: 46450.003 | C32: 47824.422 | D32: 51257.762 | E32: 55653.495 | F32: 59863.721 | G32: 63627.288 | H32: 66979.226 | I32: 69994.26 | J32: 72781.148 | K32: 75451.913 | L32: 78034.336 | M32: 80535.386 | N32: 82964.949 | O32: 85335.718 | P32: 87659.192 | Q32: 89933.1 | R32: 92151.62 | S32: 94309.08 | T32: 96399.988 | U32: 98419.057 | V32: 100361.23 | W32: 102221.72 | X32: 103995.98 | Y32: 105679.79 | Z32: 107269.23 | AA32: 108760.7 | AB32: 110150.97 | AC32: 111437.13 | AD32: 112616.65 | AE32: 113687.37 | AF32: 114647.48 | AG32: 115495.58 | AH32: 116230.63 | AI32: 116851.95 | AJ32: 117359.24 | AK32: 117752.59 | AL32: 118032.4 | AM32: 118199.44 | AN32: 118254.82
A33: 传统服务业-高情景 | B33: 123782.33 | C33: 127089.58 | D33: 135416.26 | E33: 146268.8 | F33: 157090.23 | G33: 167264.7 | H33: 176784.54 | I33: 185693.34 | J33: 194083.06 | K33: 202070.92 | L33: 209731.73 | M33: 217143.21 | N33: 224402.55 | O33: 231625.52 | P33: 238918.36 | Q33: 246288.15 | R33: 253714.06 | S33: 261173.24 | T33: 268640.89 | U33: 276090.18 | V33: 283492.35 | W33: 290816.74 | X33: 298030.89 | Y33: 305100.63 | Z33: 311990.23 | AA33: 318662.61 | AB33: 325079.48 | AC33: 331201.65 | AD33: 336989.24 | AE33: 342402.02 | AF33: 347399.73 | AG33: 351942.45 | AH33: 355990.96 | AI33: 359507.18 | AJ33: 362454.57 | AK33: 364798.57 | AL33: 366507.07 | AM33: 367550.82 | AN33: 367903.89
A34: 现代服务业-高情景 | B34: 421311.1 | C34: 434592 | D34: 468055.13 | E34: 511584.05 | F34: 554442.46 | G34: 594314.73 | H34: 631749.1 | I34: 667710.93 | J34: 703551.1 | K34: 740641.84 | L34: 779195.77 | M34: 819078.49 | N34: 860121.66 | O34: 902120.45 | P34: 944856.38 | Q34: 988180.01 | R34: 1031951.3 | S34: 1076016.9 | T34: 1120210.3 | U34: 1164352.7 | V34: 1208253.1 | W34: 1251709.4 | X34: 1294509.4 | Y34: 1336432.1 | Z34: 1377248.9 | AA34: 1416725.5 | AB34: 1454623.6 | AC34: 1490702.5 | AD34: 1524722.2 | AE34: 1556444.6 | AF34: 1585636.8 | AG34: 1612073.2 | AH34: 1635538 | AI34: 1655828.1 | AJ34: 1672755.4 | AK34: 1686149.6 | AL34: 1695860.5 | AM34: 1701760.2 | AN34: 1703745.4
A35: 能源产业-中情景 | B35: 40294.225 | C35: 40776.227 | D35: 41967.337 | E35: 43478.395 | F35: 44951.49 | G35: 46292.09 | H35: 47476.473 | I35: 48481.485 | J35: 49285.143 | K35: 49876.722 | L35: 50286.321 | M35: 50557.139 | N35: 50734.848 | O35: 50866.526 | P35: 50991.884 | Q35: 51118.497 | R35: 51245.853 | S35: 51373.436 | T35: 51500.725 | U35: 51627.193 | V35: 51752.308 | W35: 51875.535 | X35: 51996.331 | Y35: 52114.151 | Z35: 52228.443 | AA35: 52338.654 | AB35: 52444.227 | AC35: 52544.599 | AD35: 52639.207 | AE35: 52727.485 | AF35: 52808.867 | AG35: 52882.784 | AH35: 52948.669 | AI35: 53005.954 | AJ35: 53054.075 | AK35: 53092.468 | AL35: 53120.575 | AM35: 53137.84 | AN35: 53143.717
A36: 电力与热力产业-中情景 | B36: 17470.728 | C36: 18003.918 | D36: 19307.854 | E36: 20903.075 | F36: 22295.121 | G36: 23421.315 | H36: 24372.986 | I36: 25269.491 | J36: 26252.388 | K36: 27450.577 | L36: 28866.649 | M36: 30464.002 | N36: 32196.351 | O36: 34004.694 | P36: 35828.073 | Q36: 37646.605 | R36: 39451.887 | S36: 41235.49 | T36: 42989.042 | U36: 44704.313 | V36: 46373.295 | W36: 47988.278 | X36: 49541.925 | Y36: 51027.338 | Z36: 52438.116 | AA36: 53768.412 | AB36: 55012.972 | AC36: 56167.177 | AD36: 57227.068 | AE36: 58189.365 | AF36: 59051.479 | AG36: 59811.515 | AH36: 60468.265 | AI36: 61021.195 | AJ36: 61470.425 | AK36: 61816.706 | AL36: 62061.382 | AM36: 62206.361 | AN36: 62254.068
A37: 传统高耗能产业-中情景 | B37: 101803.01 | C37: 103050.14 | D37: 106112.52 | E37: 109950.17 | F37: 113604.52 | G37: 116825.17 | H37: 119554.81 | I37: 121740.79 | J37: 123336.69 | K37: 124328.42 | L37: 124810.21 | M37: 124910.02 | N37: 124760.67 | O37: 124496.52 | P37: 124229.21 | Q37: 123980.41 | R37: 123749.41 | S37: 123535.51 | T37: 123338.04 | U37: 123156.32 | V37: 122989.68 | W37: 122837.46 | X37: 122699.03 | Y37: 122573.72 | Z37: 122460.93 | AA37: 122360.01 | AB37: 122270.34 | AC37: 122191.31 | AD37: 122122.3 | AE37: 122062.7 | AF37: 122011.92 | AG37: 121969.34 | AH37: 121934.37 | AI37: 121906.41 | AJ37: 121884.87 | AK37: 121869.14 | AL37: 121858.64 | AM37: 121852.77 | AN37: 121850.95
... A52: 现代服务业-低情景 | B52: 421311.1 | C52: 436150.16 | D52: 473413.5 | E52: 521404.17 | F52: 567347.13 | G52: 608539.4 | H52: 645910.62 | I52: 681049.15 | J52: 716119.01 | K52: 753299.22 | L52: 793023.41 | M52: 835213.89 | N52: 879750.81 | O52: 926464.84 | P52: 975163.85 | Q52: 1025741.3 | R52: 1078094.8 | S52: 1132093.1 | T52: 1187574 | U52: 1244342.2 | V52: 1302167.5 | W52: 1360783.3 | X52: 1419885.9 | Y52: 1479134.1 | Z52: 1538149.3 | AA52: 1596517 | AB52: 1653788.5 | AC52: 1709483.9 | AD52: 1763095.8 | AE52: 1814094.6 | AF52: 1861934.2 | AG52: 1906059 | AH52: 1945912.1 | AI52: 1980944.1 | AJ52: 2010622.8 | AK52: 2034443.4 | AL52: 2051939.3 | AM52: 2062692.6 | AN52: 2066345.4
A55: 结果4-1：高情景细分产业增加值平滑
B56: 2022 | C56: 2023 | D56: 2024 | E56: 2025 | F56: 2026 | G56: 2027 | H56: 2028 | I56: 2029 | J56: 2030 | K56: 2031 | L56: 2032 | M56: 2033 | N56: 2034 | O56: 2035 | P56: 2036 | Q56: 2037 | R56: 2038 | S56: 2039 | T56: 2040 | U56: 2041 | V56: 2042 | W56: 2043 | X56: 2044 | Y56: 2045 | Z56: 2046 | AA56: 2047 | AB56: 2048 | AC56: 2049 | AD56: 2050 | AE56: 2051 | AF56: 2052 | AG56: 2053 | AH56: 2054 | AI56: 2055 | AJ56: 2056 | AK56: 2057 | AL56: 2058 | AM56: 2059 | AN56: 2060
A57: 煤炭开采和洗选业 | B57: 18002.061 | C57: 18269.324 | D57: 18926.657 | E57: 19751.617 | F57: 20536.505 | G57: 21233.916 | H57: 21841.856 | I57: 22360.478 | J57: 22791.924 | K57: 23139.662 | L57: 23406.86 | M57: 23597.446 | N57: 23716.363 | O57: 23769.386 | P57: 23762.578 | Q57: 23701.031 | R57: 23589.824 | S57: 23434.283 | T57: 23239.878 | U57: 23012.138 | V57: 22756.566 | W57: 22478.579 | X57: 22183.449 | Y57: 21876.259 | Z57: 21561.877 | AA57: 21244.929 | AB57: 20929.794 | AC57: 20620.599 | AD57: 20321.228 | AE57: 20035.34 | AF57: 19766.386 | AG57: 19517.642 | AH57: 19292.24 | AI57: 19093.207 | AJ57: 18923.514 | AK57: 18786.118 | AL57: 18684.024 | AM57: 18620.338 | AN57: 18598.342
A58: 石油和天然气开采业 | B58: 12304.163 | C58: 12408.764 | D58: 12665.018 | E58: 12985.418 | F58: 13291.709 | G58: 13564.451 | H58: 13799.775 | I58: 13994.002 | J58: 14143.725 | K58: 14246.941 | L58: 14306.335 | M58: 14326.143 | N58: 14310.984 | O58: 14265.737 | P58: 14195.008 | Q58: 14101.786 | R58: 13988.688 | S58: 13858.351 | T58: 13713.401 | U58: 13556.424 | V58: 13389.947 | W58: 13216.413 | X58: 13038.172 | Y58: 12857.471 | Z58: 12676.444 | AA58: 12497.114 | AB58: 12321.39 | AC58: 12151.077 | AD58: 11987.875 | AE58: 11833.395 | AF58: 11689.167 | AG58: 11556.655 | AH58: 11437.273 | AI58: 11332.399 | AJ58: 11243.399 | AK58: 11171.645 | AL58: 11118.538 | AM58: 11085.535 | AN58: 11074.174
A59: 石油、煤炭及其他燃料加工业 | B59: 6224.4128 | C59: 6283.2968 | D59: 6423.7162 | E59: 6590.0931 | F59: 6733.0606 | G59: 6843.9775 | H59: 6925.5061 | I59: 6980.928 | J59: 7013.9926 | K59: 7028.1623 | L59: 7024.6467 | M59: 7004.1805 | N59: 6967.6163 | O59: 6915.906 | P59: 6850.1916 | Q59: 6772.1024 | R59: 6683.3897 | S59: 6585.789 | T59: 6480.9981 | U59: 6370.6586 | V59: 6256.341 | W59: 6139.5342 | X59: 6021.6385 | Y59: 5903.9607 | Z59: 5787.714 | AA59: 5674.019 | AB59: 5563.9078 | AC59: 5458.3298 | AD59: 5358.1593 | AE59: 5264.2046 | AF59: 5177.2186 | AG59: 5097.9096 | AH59: 5026.9543 | AI59: 4965.0111 | AJ59: 4912.7344 | AK59: 4870.79 | AL59: 4839.8722 | AM59: 4820.7214 | AN59: 4814.1445
A60: 燃气生产和供应业 | B60: 2464.9908 | C60: 2577.3639 | D60: 2865.236 | E60: 3248.062 | F60: 3628.719 | G60: 3981.5904 | H60: 4308.9749 | I60: 4618.9727 | J60: 4925.0517 | K60: 5242.0202 | L60: 5573.0379 | M60: 5917.8265 | N60: 6275.9706 | O60: 6646.9061 | P60: 7029.904 | Q60: 7424.0444 | R60: 7828.2176 | S60: 8241.1194 | T60: 8661.2456 | U60: 9086.8878 | V60: 9516.1324 | W60: 9946.8628 | X60: 10376.764 | Y60: 10803.333 | Z60: 11223.891 | AA60: 11635.601 | AB60: 12035.487 | AC60: 12420.466 | AD60: 12787.373 | AE60: 13132.994 | AF60: 13454.113 | AG60: 13747.542 | AH60: 14010.176 | AI60: 14239.032 | AJ60: 14431.304 | AK60: 14584.405 | AL60: 14696.02 | AM60: 14764.151 | AN60: 14787.159
A61: 水的生产和供应业 | B61: 1298.5976 | C61: 1335.1877 | D61: 1426.4955 | E61: 1543.2852 | F61: 1655.3369 | G61: 1756.0028 | H61: 1846.4016 | I61: 1928.6476 | J61: 2005.7134 | K61: 2080.5859 | L61: 2153.8056 | M61: 2225.2697 | N61: 2294.9082 | O61: 2362.6844 | P61: 2428.562 | Q61: 2492.3992 | R61: 2554.0354 | S61: 2613.323 | T61: 2670.128 | U61: 2724.331 | V61: 2775.8272 | W61: 2824.5268 | X61: 2870.3554 | Y61: 2913.2538 | Z61: 2953.1777 | AA61: 2990.0982 | AB61: 3024.0006 | AC61: 3054.8848 | AD61: 3082.764 | AE61: 3107.665 | AF61: 3129.6268 | AG61: 3148.7 | AH61: 3164.9467 | AI61: 3178.4387 | AJ61: 3189.2574 | AK61: 3197.4928 | AL61: 3203.2424 | AM61: 3206.6107 | AN61: 3207.708
A62: 纺织业 | B62: 8119.8361 | C62: 8155.3933 | D62: 8245.1434 | E62: 8363.6861 | F62: 8487.4822 | G62: 8603.1316 | H62: 8699.425 | I62: 8764.7714 | J62: 8787.5228 | K62: 8760.1944 | L62: 8691.0307 | M62: 8592.3853 | N62: 8476.4849 | O62: 8355.1085 | P62: 8237.6264 | Q62: 8125.766 | R62: 8019.4033 | S62: 7918.4216 | T62: 7822.7116 | U62: 7732.171 | V62: 7646.7047 | W62: 7566.2244 | X62: 7490.6492 | Y62: 7419.905 | Z62: 7353.9246 | AA62: 7292.6479 | AB62: 7236.0219 | AC62: 7184.0004 | AD62: 7136.5445 | AE62: 7093.6224 | AF62: 7055.2095 | AG62: 7021.2885 | AH62: 6991.8498 | AI62: 6966.8913 | AJ62: 6946.4184 | AK62: 6930.445 | AL62: 6918.9927 | AM62: 6912.0919 | AN62: 6909.7815
A63: 纺织服装、服饰业 | B63: 5144.2444 | C63: 5173.1571 | D63: 5245.3519 | E63: 5338.9226 | F63: 5433.8753 | G63: 5521.122 | H63: 5594.1376 | I63: 5646.1649 | J63: 5670.4177 | K63: 5662.6187 | L63: 5627.9835 | M63: 5574.2596 | N63: 5509.1692 | O63: 5440.2043 | P63: 5373.3631 | Q63: 5309.7593 | R63: 5249.3192 | S63: 5191.9734 | T63: 5137.6567 | U63: 5086.3085 | V63: 5037.8719 | W63: 4992.2943 | X63: 4949.527 | Y63: 4909.5255 | Z63: 4872.2488 | AA63: 4837.66 | AB63: 4805.726 | AC63: 4776.4174 | AD63: 4749.7086 | AE63: 4725.5779 | AF63: 4704.0071 | AG63: 4684.982 | AH63: 4668.4921 | AI63: 4654.5307 | AJ63: 4643.095 | AK63: 4634.1861 | AL63: 4627.8089 | AM63: 4623.9725 | AN63: 4622.6901
A64: 造纸和纸制品业 | B64: 4094.0668 | C64: 4136.5814 | D64: 4241.3462 | E64: 4373.657 | F64: 4501.7453 | G64: 4616.1604 | H64: 4713.3124 | I64: 4789.5919 | J64: 4841.4936 | K64: 4867.1565 | L64: 4870.7141 | M64: 4858.0568 | N64: 4835.2217 | O64: 4808.2305 | P64: 4782.019 | Q64: 4757.5105 | R64: 4734.6379 | S64: 4713.3369 | T64: 4693.5451 | U64: 4675.2027 | V64: 4658.2517 | W64: 4642.636 | X64: 4628.3013 | Y64: 4615.1949 | Z64: 4603.2654 | AA64: 4592.4629 | AB64: 4582.7387 | AC64: 4574.0452 | AD64: 4566.336 | AE64: 4559.5653 | AF64: 4553.6884 | AG64: 4548.6612 | AH64: 4544.4404 | AI64: 4540.9832 | AJ64: 4538.2474 | AK64: 4536.1912 | AL64: 4534.7731 | AM64: 4533.9522 | AN64: 4533.6876
A65: 化学原料和化学制品制造业 | B65: 24050.847 | C65: 24548.507 | D65: 25772.321 | E65: 27301.224 | F65: 28722.799 | G65: 29936.523 | H65: 30936.365 | I65: 31724.437 | J65: 32310.128 | K65: 32710.894 | L65: 32956.881 | M65: 33083.863 | N65: 33129.831 | O65: 33133.825 | P65: 33128.682 | Q65: 33121.155 | R65: 33111.466 | S65: 33099.837 | T65: 33086.492 | U65: 33071.652 | V65: 33055.541 | W65: 33038.38 | X65: 33020.392 | Y65: 33001.797 | Z65: 32982.818 | AA65: 32963.673 | AB65: 32944.585 | AC65: 32925.771 | AD65: 32907.451 | AE65: 32889.844 | AF65: 32873.167 | AG65: 32857.638 | AH65: 32843.475 | AI65: 32830.896 | AJ65: 32820.116 | AK65: 32811.353 | AL65: 32804.824 | AM65: 32800.747 | AN65: 32799.34
A66: 化学纤维制造业 | B66: 1857.2211 | C66: 1902.492 | D66: 2014.2733 | E66: 2154.6518 | F66: 2285.4155 | G66: 2397.2123 | H66: 2489.7997 | I66: 2563.9068 | J66: 2621.0982 | K66: 2663.5485 | L66: 2693.6801 | M66: 2714.1949 | N66: 2728.0175 | O66: 2738.2049 | P66: 2747.3605 | Q66: 2756.0153 | R66: 2764.1776 | S66: 2771.8563 | T66: 2779.0606 | U66: 2785.8 | V66: 2792.0846 | W66: 2797.9247 | X66: 2803.331 | Y66: 2808.3143 | Z66: 2812.886 | AA66: 2817.0576 | AB66: 2820.8408 | AC66: 2824.2477 | AD66: 2827.2906 | AE66: 2829.9818 | AF66: 2832.3339 | AG66: 2834.3599 | AH66: 2836.0726 | AI66: 2837.4851 | AJ66: 2838.6107 | AK66: 2839.4627 | AL66: 2840.0544 | AM66: 2840.3995 | AN66: 2840.5115
A67: 橡胶和塑料制品业 | B67: 7705.3001 | C67: 7817.3071 | D67: 8091.4939 | E67: 8432.5172 | F67: 8751.0084 | G67: 9023.9345 | H67: 9246.9321 | I67: 9416.5159 | J67: 9530.1688 | K67: 9588.296 | L67: 9599.9419 | M67: 9576.8727 | N67: 9531.2176 | O67: 9475.1092 | P67: 9418.5334 | Q67: 9363.5237 | R67: 9310.1464 | S67: 9258.4663 | T67: 9208.5473 | U67: 9160.4524 | V67: 9114.2435 | W67: 9069.982 | X67: 9027.7288 | Y67: 8987.5445 | Z67: 8949.4893 | AA67: 8913.6237 | AB67: 8880.0083 | AC67: 8848.7038 | AD67: 8819.7717 | AE67: 8793.2743 | AF67: 8769.2746 | AG67: 8747.837 | AH67: 8729.0271 | AI67: 8712.9122 | AJ67: 8699.5614 | AK67: 8689.0457 | AL67: 8681.4387 | AM67: 8676.8163 | AN67: 8675.2575
A68: 非金属矿物制品业 | B68: 16124.371 | C68: 16350.823 | D68: 16907.281 | E68: 17604.789 | F68: 18265.578 | G68: 18837.038 | H68: 19300.857 | I68: 19639.639 | J68: 19837.708 | K68: 19889.404 | L68: 19822.006 | M68: 19672.307 | N68: 19477.407 | O68: 19273.537 | P68: 19089.588 | Q68: 18929.684 | R68: 18791.989 | S68: 18674.786 | T68: 18576.459 | U68: 18495.479 | V68: 18430.388 | W68: 18379.79 | X68: 18342.338 | Y68: 18316.725 | Z68: 18301.678 | AA68: 18295.944 | AB68: 18298.29 | AC68: 18307.492 | AD68: 18322.333 | AE68: 18341.6 | AF68: 18364.077 | AG68: 18388.543 | AH68: 18413.773 | AI68: 18438.537 | AJ68: 18461.594 | AK68: 18481.702 | AL68: 18497.612 | AM68: 18508.073 | AN68: 18511.837
... A109: 公共管理、社会保障和社会组织 | B109: 54218.037 | C109: 55942.707 | D109: 60286.681 | E109: 65931.922 | F109: 71476.124 | G109: 76615.456 | H109: 81421.177 | I109: 86019.988 | J109: 90589.495 | K109: 95309.667 | L109: 100206.5 | M109: 105259.82 | N109: 110444.73 | O109: 115731.35 | P109: 121088.31 | Q109: 126495.32 | R109: 131934.17 | S109: 137385.29 | T109: 142827.81 | U109: 148239.68 | V109: 153597.74 | W109: 158877.85 | X109: 164055.04 | Y109: 169103.65 | Z109: 173997.55 | AA109: 178710.27 | AB109: 183215.26 | AC109: 187486.09 | AD109: 191496.68 | AE109: 195221.54 | AF109: 198636.05 | AG109: 201716.64 | AH109: 204441.12 | AI109: 206788.87 | AJ109: 208741.08 | AK109: 210281.05 | AL109: 211394.29 | AM109: 212068.81 | AN109: 212295.27
A113: 结果4-2：低情景细分产业增加值平滑
B114: 2022 | C114: 2023 | D114: 2024 | E114: 2025 | F114: 2026 | G114: 2027 | H114: 2028 | I114: 2029 | J114: 2030 | K114: 2031 | L114: 2032 | M114: 2033 | N114: 2034 | O114: 2035 | P114: 2036 | Q114: 2037 | R114: 2038 | S114: 2039 | T114: 2040 | U114: 2041 | V114: 2042 | W114: 2043 | X114: 2044 | Y114: 2045 | Z114: 2046 | AA114: 2047 | AB114: 2048 | AC114: 2049 | AD114: 2050 | AE114: 2051 | AF114: 2052 | AG114: 2053 | AH114: 2054 | AI114: 2055 | AJ114: 2056 | AK114: 2057 | AL114: 2058 | AM114: 2059 | AN114: 2060
A115: 煤炭开采和洗选业 | B115: 18002.061 | C115: 18172.514 | D115: 18596.446 | E115: 19141.318 | F115: 19686.387 | G115: 20193.879 | H115: 20647.181 | I115: 21028.911 | J115: 21321.393 | K115: 21512.909 | L115: 21615.569 | M115: 21648.692 | N115: 21632.543 | O115: 21587.777 | P115: 21531.781 | Q115: 21468.724 | R115: 21399.471 | S115: 21324.886 | T115: 21245.826 | U115: 21163.137 | V115: 21077.657 | W115: 20990.211 | X115: 20901.612 | Y115: 20812.661 | Z115: 20724.144 | AA115: 20636.835 | AB115: 20551.494 | AC115: 20468.869 | AD115: 20389.698 | AE115: 20314.705 | AF115: 20244.609 | AG115: 20180.118 | AH115: 20121.938 | AI115: 20070.77 | AJ115: 20027.313 | AK115: 19992.27 | AL115: 19966.348 | AM115: 19950.26 | AN115: 19944.734
A116: 石油和天然气开采业 | B116: 12304.163 | C116: 12347.188 | D116: 12464.173 | E116: 12637.448 | F116: 12848.661 | G116: 13076.286 | H116: 13296.748 | I116: 13484.888 | J116: 13614.338 | K116: 13666.019 | L116: 13652.214 | M116: 13593.825 | N116: 13512 | O116: 13427.616 | P116: 13357.492 | Q116: 13303.847 | R116: 13265.358 | S116: 13240.769 | T116: 13228.88 | U116: 13228.531 | V116: 13238.599 | W116: 13257.979 | X116: 13285.584 | Y116: 13320.333 | Z116: 13361.147 | AA116: 13406.942 | AB116: 13456.625 | AC116: 13509.09 | AD116: 13563.216 | AE116: 13617.864 | AF116: 13671.876 | AG116: 13724.079 | AH116: 13773.278 | AI116: 13818.267 | AJ116: 13857.825 | AK116: 13890.724 | AL116: 13915.736 | AM116: 13931.632 | AN116: 13937.198
A117: 石油、煤炭及其他燃料加工业 | B117: 6224.4128 | C117: 6238.7669 | D117: 6279.1371 | E117: 6341.6489 | F117: 6421.2157 | G117: 6507.3426 | H117: 6587.6666 | I117: 6649.2282 | J117: 6678.7122 | K117: 6666.7922 | L117: 6620.1421 | M117: 6549.6496 | N117: 6466.114 | O117: 6379.951 | P117: 6299.4008 | Q117: 6225.7045 | R117: 6158.4245 | S117: 6097.153 | T117: 6041.5088 | U117: 5991.1347 | V117: 5945.6946 | W117: 5904.8716 | X117: 5868.3655 | Y117: 5835.8913 | Z117: 5807.177 | AA117: 5781.9625 | AB117: 5759.9975 | AC117: 5741.0411 | AD117: 5724.8596 | AE117: 5711.2259 | AF117: 5699.9187 | AG117: 5690.7211 | AH117: 5683.42 | AI117: 5677.8054 | AJ117: 5673.67 | AK117: 5670.808 | AL117: 5669.0152 | AM117: 5668.0881 | AN117: 5667.8241
A118: 燃气生产和供应业 | B118: 2464.9908 | C118: 2554.9474 | D118: 2784.1023 | E118: 3087.6624 | F118: 3393.3063 | G118: 3681.9841 | H118: 3952.9896 | I118: 4207.9802 | J118: 4450.8741 | K118: 4686.8963 | L118: 4919.7209 | M118: 5153.2691 | N118: 5392.4305 | O118: 5643.1008 | P118: 5910.9692 | Q118: 6197.2535 | R118: 6501.8283 | S118: 6824.3833 | T118: 7164.3867 | U118: 7521.0473 | V118: 7893.2766 | W118: 8279.6511 | X118: 8678.376 | Y118: 9087.2528 | Z118: 9503.6511 | AA118: 9924.4876 | AB118: 10346.214 | AC118: 10764.814 | AD118: 11175.82 | AE118: 11574.334 | AF118: 11955.077 | AG118: 12312.452 | AH118: 12640.623 | AI118: 12933.623 | AJ118: 13185.473 | AK118: 13390.323 | AL118: 13542.603 | AM118: 13637.196 | AN118: 13669.601
A119: 水的生产和供应业 | B119: 1298.5976 | C119: 1329.8525 | D119: 1408.4956 | E119: 1511.0492 | F119: 1613.8882 | G119: 1711.0049 | H119: 1801.6727 | I119: 1885.4335 | J119: 1962.0998 | K119: 2031.9857 | L119: 2096.6694 | M119: 2158.3421 | N119: 2219.54 | O119: 2283.123 | P119: 2351.6866 | Q119: 2425.6542 | R119: 2504.8515 | S119: 2589.0657 | T119: 2678.0365 | U119: 2771.447 | V119: 2868.9151 | W119: 2969.9845 | X119: 3074.1169 | Y119: 3180.6847 | Z119: 3288.9651 | AA119: 3398.1351 | AB119: 3507.2692 | AC119: 3615.3388 | AD119: 3721.2142 | AE119: 3823.6704 | AF119: 3921.3959 | AG119: 4013.0053 | AH119: 4097.0562 | AI119: 4172.0701 | AJ119: 4236.5575 | AK119: 4289.0469 | AL119: 4328.1171 | AM119: 4352.4328 | AN119: 4360.7818
A120: 纺织业 | B120: 8119.8361 | C120: 8099.964 | D120: 8062.645 | E120: 8041.0187 | F120: 8059.6549 | G120: 8110.2759 | H120: 8176.4141 | I120: 8241.2378 | J120: 8287.4058 | K120: 8301.3344 | L120: 8285.8327 | M120: 8248.0532 | N120: 8195.2441 | O120: 8134.5883 | P120: 8072.0148 | Q120: 8008.9537 | R120: 7945.7192 | S120: 7882.6157 | T120: 7819.9383 | U120: 7757.973 | V120: 7696.9964 | W120: 7637.2764 | X120: 7579.0724 | Y120: 7522.6361 | Z120: 7468.2118 | AA120: 7416.0372 | AB120: 7366.3438 | AC120: 7319.3584 | AD120: 7275.3033 | AE120: 7234.3977 | AF120: 7196.8586 | AG120: 7162.9017 | AH120: 7132.7428 | AI120: 7106.5991 | AJ120: 7084.6902 | AK120: 7067.24 | AL120: 7054.4776 | AM120: 7046.6394 | AN120: 7043.9705
A121: 纺织服装、服饰业 | B121: 5144.2444 | C121: 5137.0932 | D121: 5126.2243 | E121: 5127.445 | F121: 5152.2977 | G121: 5195.2696 | H121: 5246.4733 | I121: 5295.709 | J121: 5332.4043 | K121: 5348.2661 | L121: 5345.1167 | M121: 5327.4887 | N121: 5300.0011 | O121: 5267.2554 | P121: 5233.0642 | Q121: 5198.3418 | R121: 5163.2823 | S121: 5128.0748 | T121: 5092.9036 | U121: 5057.9482 | V121: 5023.3829 | W121: 4989.3775 | X121: 4956.0971 | Y121: 4923.7022 | Z121: 4892.3494 | AA121: 4862.1914 | AB121: 4833.3775 | AC121: 4806.054 | AD121: 4780.3646 | AE121: 4756.451 | AF121: 4734.4533 | AG121: 4714.5108 | AH121: 4696.7625 | AI121: 4681.3479 | AJ121: 4668.4077 | AK121: 4658.0843 | AL121: 4650.5232 | AM121: 4645.8733 | AN121: 4644.2883
A122: 造纸和纸制品业 | B122: 4094.0668 | C122: 4104.994 | D122: 4135.7175 | E122: 4183.2929 | F122: 4244.354 | G122: 4313.4193 | H122: 4384.175 | I122: 4449.893 | J122: 4503.4578 | K122: 4539.2836 | L122: 4558.9526 | M122: 4566.0612 | N122: 4564.357 | O122: 4557.6509 | P122: 4549.1468 | Q122: 4539.5866 | R122: 4529.0974 | S122: 4517.8059 | T122: 4505.838 | U122: 4493.3187 | V122: 4480.3719 | W122: 4467.1202 | X122: 4453.685 | Y122: 4440.1861 | Z122: 4426.7422 | AA122: 4413.4703 | AB122: 4400.4861 | AC122: 4387.904 | AD122: 4375.8369 | AE122: 4364.397 | AF122: 4353.6952 | AG122: 4343.8417 | AH122: 4334.9461 | AI122: 4327.1177 | AJ122: 4320.4655 | AK122: 4315.099 | AL122: 4311.1279 | AM122: 4308.663 | AN122: 4307.8163
A123: 化学原料和化学制品制造业 | B123: 24050.847 | C123: 24338.741 | D123: 25048.556 | E123: 25945.146 | F123: 26814.089 | G123: 27608.241 | H123: 28326.38 | I123: 28968.631 | J123: 29536.384 | K123: 30032.834 | L123: 30464.869 | M123: 30841.111 | N123: 31171.096 | O123: 31465.104 | P123: 31732.239 | Q123: 31974.896 | R123: 32193.824 | S123: 32389.868 | T123: 32563.952 | U123: 32717.078 | V123: 32850.316 | W123: 32964.795 | X123: 33061.697 | Y123: 33142.251 | Z123: 33207.724 | AA123: 33259.417 | AB123: 33298.655 | AC123: 33326.789 | AD123: 33345.184 | AE123: 33355.217 | AF123: 33358.277 | AG123: 33355.754 | AH123: 33349.045 | AI123: 33339.545 | AJ123: 33328.651 | AK123: 33317.755 | AL123: 33308.251 | AM123: 33301.528 | AN123: 33298.979
A124: 化学纤维制造业 | B124: 1857.2211 | C124: 1885.4747 | D124: 1954.9872 | E124: 2042.2599 | F124: 2125.3993 | G124: 2199.9564 | H124: 2266.4907 | I124: 2325.8542 | J124: 2379.1512 | K124: 2427.5153 | L124: 2471.4946 | M124: 2511.5368 | N124: 2548.1563 | O124: 2581.9251 | P124: 2613.3583 | Q124: 2642.578 | R124: 2669.6125 | S124: 2694.5003 | T124: 2717.2895 | U124: 2738.0368 | V124: 2756.8072 | W124: 2773.6732 | X124: 2788.7141 | Y124: 2802.0158 | Z124: 2813.6694 | AA124: 2823.7712 | AB124: 2832.4219 | AC124: 2839.7259 | AD124: 2845.7909 | AE124: 2850.7273 | AF124: 2854.6477 | AG124: 2857.6667 | AH124: 2859.9003 | AI124: 2861.4654 | AJ124: 2862.4799 | AK124: 2863.0621 | AL124: 2863.3308 | AM124: 2863.4048 | AN124: 2863.403
A125: 橡胶和塑料制品业 | B125: 7705.3001 | C125: 7755.8079 | D125: 7882.8006 | E125: 8049.3651 | F125: 8222.512 | G125: 8391.3938 | H125: 8550.6262 | I125: 8694.4784 | J125: 8816.952 | K125: 8913.5488 | L125: 8986.4745 | M125: 9039.9122 | N125: 9078.3078 | O125: 9106.2812 | P125: 9127.8205 | Q125: 9144.0063 | R125: 9155.1953 | S125: 9161.7545 | T125: 9164.0597 | U125: 9162.4933 | V125: 9157.4426 | W125: 9149.2986 | X125: 9138.4539 | Y125: 9125.3023 | Z125: 9110.2372 | AA125: 9093.6509 | AB125: 9075.9337 | AC125: 9057.4734 | AD125: 9038.6553 | AE125: 9019.8612 | AF125: 9001.4701 | AG125: 8983.8577 | AH125: 8967.3969 | AI125: 8952.4583 | AJ125: 8939.4107 | AK125: 8928.6215 | AL125: 8920.4581 | AM125: 8915.2885 | AN125: 8913.4826
A126: 非金属矿物制品业 | B126: 16124.371 | C126: 16218.543 | D126: 16453.421 | E126: 16757.217 | F126: 17065.928 | G126: 17358.083 | H126: 17622.768 | I126: 17848.577 | J126: 18023.82 | K126: 18140.335 | L126: 18204.543 | M126: 18227.031 | N126: 18218.783 | O126: 18190.963 | P126: 18153.043 | Q126: 18107.58 | R126: 18055.409 | S126: 17997.364 | T126: 17934.276 | U126: 17866.967 | V126: 17796.255 | W126: 17722.943 | X126: 17647.828 | Y126: 17571.691 | Z126: 17495.302 | AA126: 17419.417 | AB126: 17344.779 | AC126: 17272.12 | AD126: 17202.157 | AE126: 17135.599 | AF126: 17073.143 | AG126: 17015.479 | AH126: 16963.291 | AI126: 16917.257 | AJ126: 16878.056 | AK126: 16846.367 | AL126: 16822.87 | AM126: 16808.258 | AN126: 16803.229
... A167: 公共管理、社会保障和社会组织 | B167: 54218.037 | C167: 56143.281 | D167: 60976.853 | E167: 67197.519 | F167: 73139.733 | G167: 78449.214 | H167: 83246.344 | I167: 87738.327 | J167: 92207.745 | K167: 96938.485 | L167: 101984.77 | M167: 107333.38 | N167: 112965.23 | O167: 118854.45 | P167: 124972.37 | Q167: 131303.48 | R167: 137833.58 | S167: 144545.07 | T167: 151416.74 | U167: 158423.56 | V167: 165536.5 | W167: 172722.46 | X167: 179944.18 | Y167: 187160.25 | Z167: 194325.22 | AA167: 201389.73 | AB167: 208300.83 | AC167: 215002.28 | AD167: 221435.09 | AE167: 227538.04 | AF167: 233248.4 | AG167: 238502.71 | AH167: 243237.68 | AI167: 247391.14 | AJ167: 250903.15 | AK167: 253717.04 | AL167: 255780.61 | AM167: 257047.24 | AN167: 257477.05
A171: 结果4-3：中情景细分产业增加值平滑
B172: 2022 | C172: 2023 | D172: 2024 | E172: 2025 | F172: 2026 | G172: 2027 | H172: 2028 | I172: 2029 | J172: 2030 | K172: 2031 | L172: 2032 | M172: 2033 | N172: 2034 | O172: 2035 | P172: 2036 | Q172: 2037 | R172: 2038 | S172: 2039 | T172: 2040 | U172: 2041 | V172: 2042 | W172: 2043 | X172: 2044 | Y172: 2045 | Z172: 2046 | AA172: 2047 | AB172: 2048 | AC172: 2049 | AD172: 2050 | AE172: 2051 | AF172: 2052 | AG172: 2053 | AH172: 2054 | AI172: 2055 | AJ172: 2056 | AK172: 2057 | AL172: 2058 | AM172: 2059 | AN172: 2060
A173: 煤炭开采和洗选业 | B173: 18002.061 | C173: 18230.824 | D173: 18789.392 | E173: 19481.526 | F173: 20127.328 | G173: 20688.169 | H173: 21165.004 | I173: 21560.687 | J173: 21879.75 | K173: 22127.682 | L173: 22309.215 | M173: 22429.481 | N173: 22494.297 | O173: 22510.008 | P173: 22482.759 | Q173: 22416.673 | R173: 22315.477 | S173: 22183.014 | T173: 22023.185 | U173: 21839.907 | V173: 21637.067 | W173: 21418.489 | X173: 21187.903 | Y173: 20948.921 | Z173: 20705.027 | AA173: 20459.558 | AB173: 20215.704 | AC173: 19976.507 | AD173: 19744.864 | AE173: 19523.538 | AF173: 19315.172 | AG173: 19122.302 | AH173: 18947.38 | AI173: 18792.798 | AJ173: 18660.912 | AK173: 18554.075 | AL173: 18474.668 | AM173: 18425.137 | AN173: 18408.036
A174: 石油和天然气开采业 | B174: 12304.163 | C174: 12386.806 | D174: 12593.494 | E174: 12862.06 | F174: 13136.448 | G174: 13396.357 | H174: 13630.225 | I174: 13825.892 | J174: 13970.866 | K174: 14056.552 | L174: 14090.315 | M174: 14084.104 | N174: 14050.264 | O174: 14001.244 | P174: 13947.442 | Q174: 13891.277 | R174: 13833.183 | S174: 13773.586 | T174: 13712.908 | U174: 13651.563 | V174: 13589.957 | W174: 13528.491 | X174: 13467.557 | Y174: 13407.541 | Z174: 13348.822 | AA174: 13291.772 | AB174: 13236.758 | AC174: 13184.139 | AD174: 13134.273 | AE174: 13087.509 | AF174: 13044.196 | AG174: 13004.68 | AH174: 12969.304 | AI174: 12938.412 | AJ174: 12912.348 | AK174: 12891.46 | AL174: 12876.095 | AM174: 12866.611 | AN174: 12863.368
A175: 石油、煤炭及其他燃料加工业 | B175: 6224.4128 | C175: 6258.7849 | D175: 6344.2861 | E175: 6454.3622 | F175: 6565.0398 | G175: 6666.6243 | H175: 6752.8827 | I175: 6817.3728 | J175: 6853.612 | K175: 6857.3087 | L175: 6832.5833 | M175: 6785.8715 | N175: 6723.6981 | O175: 6652.5028 | P175: 6577.6216 | Q175: 6500.5999 | R175: 6422.0365 | S175: 6342.5064 | T175: 6262.5603 | U175: 6182.7235 | V175: 6103.496 | W175: 6025.3529 | X175: 5948.7448 | Y175: 5874.0988 | Z175: 5801.8201 | AA175: 5732.2935 | AB175: 5665.8852 | AC175: 5602.9448 | AD175: 5543.8082 | AE175: 5488.7993 | AF175: 5438.2336 | AG175: 5392.4207 | AH175: 5351.6673 | AI175: 5316.2809 | AJ175: 5286.5732 | AK175: 5262.8639 | AL175: 5245.4847 | AM175: 5234.7839 | AN175: 5231.1307
A176: 燃气生产和供应业 | B176: 2464.9908 | C176: 2563.1454 | D176: 2812.9886 | E176: 3142.5409 | F176: 3469.3105 | G176: 3772.1088 | H176: 4052.129 | I176: 4314.3909 | J176: 4567.4321 | K176: 4820.8334 | L176: 5077.5954 | M176: 5339.1287 | N176: 5607.2434 | O176: 5884.1743 | P176: 6172.0344 | Q176: 6470.8926 | R176: 6780.1397 | S176: 7099.0009 | T176: 7426.5228 | U176: 7761.5606 | V176: 8102.7677 | W176: 8448.5867 | X176: 8797.244 | Y176: 9146.7469 | Z176: 9494.8844 | AA176: 9839.2331 | AB176: 10177.167 | AC176: 10505.875 | AD176: 10822.379 | AE176: 11123.566 | AF176: 11406.216 | AG176: 11667.049 | AH176: 11902.764 | AI176: 12110.097 | AJ176: 12285.869 | AK176: 12427.055 | AL176: 12530.84 | AM176: 12594.684 | AN176: 12616.389
A177: 水的生产和供应业 | B177: 1298.5976 | C177: 1334.1196 | D177: 1423.1094 | E177: 1537.9059 | F177: 1650.0365 | G177: 1752.8856 | H177: 1846.8579 | I177: 1933.112 | J177: 2013.4826 | K177: 2090.0537 | L177: 2163.9518 | M177: 2236.1856 | N177: 2307.9576 | O177: 2380.6581 | P177: 2455.5518 | Q177: 2532.7588 | R177: 2612.0719 | S177: 2693.2514 | T177: 2776.0225 | U177: 2860.0743 | V177: 2945.0574 | W177: 3030.5832 | X177: 3116.2231 | Y177: 3201.5086 | Z177: 3285.9311 | AA177: 3368.944 | AB177: 3449.9641 | AC177: 3528.3746 | AD177: 3603.529 | AE177: 3674.7556 | AF177: 3741.3633 | AG177: 3802.6486 | AH177: 3857.9027 | AI177: 3906.4206 | AJ177: 3947.5104 | AK177: 3980.5033 | AL177: 4004.7648 | AM177: 4019.7055 | AN177: 4024.7931
A178: 纺织业 | B178: 8119.8361 | C178: 8138.2725 | D178: 8188.3434 | E178: 8262.3224 | F178: 8351.8868 | G178: 8446.1796 | H178: 8533.297 | I178: 8600.8591 | J178: 8636.2024 | K178: 8630.2714 | L178: 8588.548 | M178: 8520.3756 | N178: 8435.1245 | O178: 8341.9595 | P178: 8248.3337 | Q178: 8155.9475 | R178: 8065.0832 | S178: 7976.0099 | T178: 7888.9843 | U178: 7804.2514 | V178: 7722.0452 | W178: 7642.5894 | X178: 7566.0985 | Y178: 7492.7787 | Z178: 7422.8288 | AA178: 7356.4413 | AB178: 7293.8039 | AC178: 7235.1 | AD178: 7180.5103 | AE178: 7130.2143 | AF178: 7084.391 | AG178: 7043.2209 | AH178: 7006.887 | AI178: 6975.5765 | AJ178: 6949.4826 | AK178: 6928.8056 | AL178: 6913.7552 | AM178: 6904.5521 | AN178: 6901.4299
A179: 纺织服装、服饰业 | B179: 5144.2444 | C179: 5161.3888 | D179: 5206.1433 | E179: 5268.5618 | F179: 5339.1128 | G179: 5410.4423 | H179: 5475.4706 | I179: 5526.7969 | J179: 5556.8322 | K179: 5560.189 | L179: 5540.3956 | M179: 5503.3841 | N179: 5455.1358 | O179: 5401.531 | P179: 5347.3712 | Q179: 5293.7505 | R179: 5240.8473 | S179: 5188.8329 | T179: 5137.8713 | U179: 5088.1202 | V179: 5039.7309 | W179: 4992.8485 | X179: 4947.6132 | Y179: 4904.1599 | Z179: 4862.6194 | AA179: 4823.1185 | AB179: 4785.781 | AC179: 4750.7281 | AD179: 4718.0793 | AE179: 4687.9528 | AF179: 4660.4665 | AG179: 4635.7387 | AH179: 4613.8891 | AI179: 4595.0391 | AJ179: 4579.3135 | AK179: 4566.8409 | AL179: 4557.7547 | AM179: 4552.1946 | AN179: 4550.3073
A180: 造纸和纸制品业 | B180: 4094.0668 | C180: 4124.4084 | D180: 4200.1942 | E180: 4298.4249 | F180: 4398.2483 | G180: 4492.0684 | H180: 4575.5349 | I180: 4644.0721 | J180: 4692.9973 | K180: 4719.1509 | L180: 4725.5098 | M180: 4716.8169 | N180: 4697.9589 | O180: 4673.8369 | P180: 4648.5149 | Q180: 4622.9047 | R180: 4597.1354 | S180: 4571.3334 | T180: 4545.6222 | U180: 4520.1226 | V180: 4494.9526 | W180: 4470.2279 | X180: 4446.0611 | Y180: 4422.563 | Z180: 4399.8417 | AA180: 4378.0034 | AB180: 4357.1525 | AC180: 4337.3917 | AD180: 4318.8223 | AE180: 4301.5448 | AF180: 4285.6587 | AG180: 4271.263 | AH180: 4258.4569 | AI180: 4247.3397 | AJ180: 4238.0117 | AK180: 4230.574 | AL180: 4225.1297 | AM180: 4221.7838 | AN180: 4220.644
A181: 化学原料和化学制品制造业 | B181: 24050.847 | C181: 24453.85 | D181: 25439.068 | E181: 26659.204 | F181: 27786.33 | G181: 28751.693 | H181: 29562.766 | I181: 30232.73 | J181: 30779.498 | K181: 31222.873 | L181: 31577.875 | M181: 31859.378 | N181: 32083.495 | O181: 32267.229 | P181: 32425.374 | Q181: 32561.753 | R181: 32677.454 | S181: 32773.627 | T181: 32851.475 | U181: 32912.244 | V181: 32957.223 | W181: 32987.728 | X181: 33005.102 | Y181: 33010.709 | Z181: 33005.927 | AA181: 32992.142 | AB181: 32970.748 | AC181: 32943.141 | AD181: 32910.716 | AE181: 32874.865 | AF181: 32836.976 | AG181: 32798.432 | AH181: 32760.608 | AI181: 32724.873 | AJ181: 32692.59 | AK181: 32665.12 | AL181: 32643.819 | AM181: 32630.041 | AN181: 32625.146
A182: 化学纤维制造业 | B182: 1857.2211 | C182: 1894.392 | D182: 1985.4659 | E182: 2098.4667 | F182: 2202.4633 | G182: 2291.0721 | H182: 2365.4182 | I182: 2427.3471 | J182: 2479.2839 | K182: 2523.7046 | L182: 2561.7884 | M182: 2594.4592 | N182: 2622.7426 | O182: 2647.7449 | P182: 2670.4425 | Q182: 2691.079 | R182: 2709.7165 | S182: 2726.4251 | T182: 2741.2818 | U182: 2754.37 | V182: 2765.7789 | W182: 2775.6027 | X182: 2783.9404 | Y182: 2790.8946 | Z182: 2796.5712 | AA182: 2801.0792 | AB182: 2804.5297 | AC182: 2807.0358 | AD182: 2808.7119 | AE182: 2809.6736 | AF182: 2810.0372 | AG182: 2809.9196 | AH182: 2809.4379 | AI182: 2808.7093 | AJ182: 2807.851 | AK182: 2806.9799 | AL182: 2806.2132 | AM182: 2805.6675 | AN182: 2805.4597
A183: 橡胶和塑料制品业 | B183: 7705.3001 | C183: 7792.4887 | D183: 8005.6953 | E183: 8270.8985 | F183: 8520.6488 | G183: 8738.9405 | H183: 8923.8428 | I183: 9073.8777 | J183: 9188.0359 | K183: 9266.7446 | L183: 9314.787 | M183: 9338.3791 | N183: 9344.036 | O183: 9338.4232 | P183: 9327.2017 | Q183: 9311.8325 | R183: 9292.7286 | S183: 9270.3041 | T183: 9244.9735 | U183: 9217.1501 | V183: 9187.2443 | W183: 9155.6635 | X183: 9122.8107 | Y183: 9089.0839 | Z183: 9054.8759 | AA183: 9020.5737 | AB183: 8986.5586 | AC183: 8953.2064 | AD183: 8920.8869 | AE183: 8889.9651 | AF183: 8860.8013 | AG183: 8833.7516 | AH183: 8809.169 | AI183: 8787.4041 | AJ183: 8768.8066 | AK183: 8753.726 | AL183: 8742.5131 | AM183: 8735.522 | AN183: 8733.1109
A184: 非金属矿物制品业 | B184: 16124.371 | C184: 16295.248 | D184: 16709.934 | E184: 17218.407 | F184: 17684.715 | G184: 18077.004 | H184: 18391.964 | I184: 18627.432 | J184: 18782.398 | K184: 18859.138 | L184: 18869.629 | M184: 18828.825 | N184: 18752.059 | O184: 18654.697 | P184: 18549.564 | Q184: 18439.92 | R184: 18326.645 | S184: 18210.599 | T184: 18092.626 | U184: 17973.549 | V184: 17854.17 | W184: 17735.273 | X184: 17617.619 | Y184: 17501.949 | Z184: 17388.986 | AA184: 17279.433 | AB184: 17173.977 | AC184: 17073.288 | AD184: 16978.023 | AE184: 16888.827 | AF184: 16806.336 | AG184: 16731.177 | AH184: 16663.977 | AI184: 16605.358 | AJ184: 16555.947 | AK184: 16516.377 | AL184: 16487.288 | AM184: 16469.338 | AN184: 16463.201
... A225: 公共管理、社会保障和社会组织 | B225: 54218.037 | C225: 56062.667 | D225: 60692.978 | E225: 66657.662 | F225: 72386.969 | G225: 77549.556 | H225: 82253.863 | I225: 86684.378 | J225: 91092.447 | K225: 95728.708 | L225: 100630.33 | M225: 105770.1 | N225: 111112.93 | O225: 116614.99 | P225: 122230.46 | Q225: 127936.37 | R225: 133714.69 | S225: 139545.47 | T225: 145406.85 | U225: 151275.12 | V225: 157124.79 | W225: 162928.63 | X225: 168657.89 | Y225: 174282.36 | Z225: 179770.63 | AA225: 185090.26 | AB225: 190208.08 | AC225: 195090.39 | AD225: 199703.35 | AE225: 204013.25 | AF225: 207986.88 | AG225: 211591.91 | AH225: 214797.26 | AI225: 217573.48 | AJ225: 219893.18 | AK225: 221731.35 | AL225: 223065.81 | AM225: 223877.52 | AN225: 224150.93

Sheet 高情景（2001-2060, 2020RMB）
A1: 全国 | B1: 2001 | C1: 2002 | D1: 2003 | E1: 2004 | F1: 2005 | G1: 2006 | H1: 2007 | I1: 2008 | J1: 2009 | K1: 2010 | L1: 2011 | M1: 2012 | N1: 2013 | O1: 2014 | P1: 2015 | Q1: 2016 | R1: 2017 | S1: 2018 | T1: 2019 | U1: 2020 | V1: 2021 | W1: 2022 | X1: 2023 | Y1: 2024 | Z1: 2025 | AA1: 2026 | AB1: 2027 | AC1: 2028 | AD1: 2029 | AE1: 2030 | AF1: 2031 | AG1: 2032 | AH1: 2033 | AI1: 2034 | AJ1: 2035 | AK1: 2036 | AL1: 2037 | AM1: 2038 | AN1: 2039 | AO1: 2040 | AP1: 2041 | AQ1: 2042 | AR1: 2043 | AS1: 2044 | AT1: 2045 | AU1: 2046 | AV1: 2047 | AW1: 2048 | AX1: 2049 | AY1: 2050 | AZ1: 2051 | BA1: 2052 | BB1: 2053 | BC1: 2054 | BD1: 2055 | BE1: 2056 | BF1: 2057 | BG1: 2058 | BH1: 2059 | BI1: 2060
A2: 地区生产总值 | B2: ='历史数据 (2001-2022, 当年价) '!B2*B$77 -> 208489.63 | C2: ='历史数据 (2001-2022, 当年价) '!C2*C$77 -> 227462.19 | D2: ='历史数据 (2001-2022, 当年价) '!D2*D$77 -> 250208.41 | E2: ='历史数据 (2001-2022, 当年价) '!E2*E$77 -> 275479.46 | F2: ='历史数据 (2001-2022, 当年价) '!F2*F$77 -> 306884.11 | G2: ='历史数据 (2001-2022, 当年价) '!G2*G$77 -> 345858.4 | H2: ='历史数据 (2001-2022, 当年价) '!H2*H$77 -> 394970.29 | I2: ='历史数据 (2001-2022, 当年价) '!I2*I$77 -> 433282.41 | ... W2: ='历史数据 (2001-2022, 当年价) '!W2*W$77 -> 1131667.8 | X2: =情景假设!E9 -> 1164334.3 | Y2: =情景假设!F9 -> 1235105.3 | Z2: =情景假设!G9 -> 1321308.1 | AA2: =情景假设!H9 -> 1410244.4 | AB2: =情景假设!I9 -> 1490036.1 | AC2: =情景假设!J9 -> 1563852.7 | AD2: =情景假设!K9 -> 1633103.3 | AE2: =情景假设!L9 -> 1702483 | ... BI2: =情景假设!AP9 -> 3173774.1
A3: 农业 | B3: ='历史数据 (2001-2022, 当年价) '!B3*B$77 -> 29675.937 | C3: ='历史数据 (2001-2022, 当年价) '!C3*C$77 -> 30901.469 | D3: ='历史数据 (2001-2022, 当年价) '!D3*D$77 -> 31645.386 | E3: ='历史数据 (2001-2022, 当年价) '!E3*E$77 -> 36444.641 | F3: ='历史数据 (2001-2022, 当年价) '!F3*F$77 -> 36724.408 | G3: ='历史数据 (2001-2022, 当年价) '!G3*G$77 -> 37883.921 | H3: ='历史数据 (2001-2022, 当年价) '!H3*H$77 -> 41653.225 | I3: ='历史数据 (2001-2022, 当年价) '!I3*I$77 -> 45368.998 | ... W3: ='历史数据 (2001-2022, 当年价) '!W3*W$77 -> 86574.037 | X3: =情景假设!E24 -> 90508.221 | Y3: =情景假设!F24 -> 95121.373 | Z3: =情景假设!G24 -> 97776.796 | AA3: =情景假设!H24 -> 104107.17 | AB3: =情景假设!I24 -> 108437.05 | AC3: =情景假设!J24 -> 112631.95 | AD3: =情景假设!K24 -> 116674.18 | AE3: =情景假设!L24 -> 122578.78 | ... BI3: =情景假设!AP24 -> 155514.93
A4: 工业 | B4: ='历史数据 (2001-2022, 当年价) '!B4*B$77 -> 82472.589 | C4: ='历史数据 (2001-2022, 当年价) '!C4*C$77 -> 89280.442 | D4: ='历史数据 (2001-2022, 当年价) '!D4*D$77 -> 100799.64 | E4: ='历史数据 (2001-2022, 当年价) '!E4*E$77 -> 111960.03 | F4: ='历史数据 (2001-2022, 当年价) '!F4*F$77 -> 127718.9 | G4: ='历史数据 (2001-2022, 当年价) '!G4*G$77 -> 145373.42 | H4: ='历史数据 (2001-2022, 当年价) '!H4*H$77 -> 163331.38 | I4: ='历史数据 (2001-2022, 当年价) '!I4*I$77 -> 178777.31 | ... W4: ='历史数据 (2001-2022, 当年价) '!W4*W$77 -> 375578.61 | X4: =情景假设!E25 -> 382345.32 | Y4: =情景假设!F25 -> 399078.83 | Z4: =情景假设!G25 -> 420175.96 | AA4: =情景假设!H25 -> 440090.76 | AB4: =情景假设!I25 -> 457638.82 | AC4: =情景假设!J25 -> 473019.34 | AD4: =情景假设!K25 -> 486587.17 | AE4: =情景假设!L25 -> 498827.52 | ... BI4: =情景假设!AP25 -> 672840.1
A5: 建筑业 | B5: ='历史数据 (2001-2022, 当年价) '!B5*B$77 -> 11181.133 | C5: ='历史数据 (2001-2022, 当年价) '!C5*C$77 -> 12113.573 | D5: ='历史数据 (2001-2022, 当年价) '!D5*D$77 -> 13675.142 | E5: ='历史数据 (2001-2022, 当年价) '!E5*E$77 -> 14843.769 | F5: ='历史数据 (2001-2022, 当年价) '!F5*F$77 -> 17039.115 | G5: ='历史数据 (2001-2022, 当年价) '!G5*G$77 -> 19622.681 | H5: ='历史数据 (2001-2022, 当年价) '!H5*H$77 -> 22444.194 | I5: ='历史数据 (2001-2022, 当年价) '!I5*I$77 -> 25525.889 | ... W5: ='历史数据 (2001-2022, 当年价) '!W5*W$77 -> 77971.749 | X5: =情景假设!E26 -> 82009.725 | Y5: =情景假设!F26 -> 86241.13 | Z5: =情景假设!G26 -> 89848.948 | AA5: =情景假设!H26 -> 94546.138 | AB5: =情景假设!I26 -> 98583.718 | AC5: =情景假设!J26 -> 102522.33 | AD5: =情景假设!K26 -> 106346.75 | AE5: =情景假设!L26 -> 110661.39 | ... BI5: =情景假设!AP26 -> 155514.93
A6: 交运仓邮 | B6: ='历史数据 (2001-2022, 当年价) '!B6*B$77 -> 12922.197 | C6: ='历史数据 (2001-2022, 当年价) '!C6*C$77 -> 14005.145 | D6: ='历史数据 (2001-2022, 当年价) '!D6*D$77 -> 14410.717 | E6: ='历史数据 (2001-2022, 当年价) '!E6*E$77 -> 15841.241 | F6: ='历史数据 (2001-2022, 当年价) '!F6*F$77 -> 17478.67 | G6: ='历史数据 (2001-2022, 当年价) '!G6*G$77 -> 19206.904 | H6: ='历史数据 (2001-2022, 当年价) '!H6*H$77 -> 21357.812 | I6: ='历史数据 (2001-2022, 当年价) '!I6*I$77 -> 22214.293 | ... W6: ='历史数据 (2001-2022, 当年价) '!W6*W$77 -> 46450.003 | X6: =X57 -> 47824.422 | Y6: =Y57 -> 51257.762 | Z6: =Z57 -> 55653.495 | AA6: =AA57 -> 59863.721 | AB6: =AB57 -> 63627.288 | AC6: =AC57 -> 66979.226 | AD6: =AD57 -> 69994.26 | AE6: =AE57 -> 72781.148 | ... BI6: =BI57 -> 118254.82
A7: 批发零售 | B7: ='历史数据 (2001-2022, 当年价) '!B7*B$77 -> 17152.616 | C7: ='历史数据 (2001-2022, 当年价) '!C7*C$77 -> 18681.75 | D7: ='历史数据 (2001-2022, 当年价) '!D7*D$77 -> 20339.743 | E7: ='历史数据 (2001-2022, 当年价) '!E7*E$77 -> 21201.883 | F7: ='历史数据 (2001-2022, 当年价) '!F7*F$77 -> 22884.561 | G7: ='历史数据 (2001-2022, 当年价) '!G7*G$77 -> 26058.396 | H7: ='历史数据 (2001-2022, 当年价) '!H7*H$77 -> 30623.281 | I7: ='历史数据 (2001-2022, 当年价) '!I7*I$77 -> 35540.209 | ... W7: ='历史数据 (2001-2022, 当年价) '!W7*W$77 -> 107085.79 | X7: =X58 -> 110102.83 | Y7: =Y58 -> 117708.35 | Z7: =Z58 -> 127635.48 | AA7: =AA58 -> 137531.7 | AB7: =AB58 -> 146827.65 | AC7: =AC58 -> 155521.9 | AD7: =AD58 -> 163666.18 | AE7: =AE58 -> 171362.19 | ... BI7: =BI58 -> 338661.06
A8: 餐饮住宿 | B8: ='历史数据 (2001-2022, 当年价) '!B8*B$77 -> 4513.6386 | C8: ='历史数据 (2001-2022, 当年价) '!C8*C$77 -> 5092.0326 | D8: ='历史数据 (2001-2022, 当年价) '!D8*D$77 -> 5691.7852 | E8: ='历史数据 (2001-2022, 当年价) '!E8*E$77 -> 6238.1109 | F8: ='历史数据 (2001-2022, 当年价) '!F8*F$77 -> 6873.8055 | G8: ='历史数据 (2001-2022, 当年价) '!G8*G$77 -> 7553.6469 | H8: ='历史数据 (2001-2022, 当年价) '!H8*H$77 -> 8113.2808 | I8: ='历史数据 (2001-2022, 当年价) '!I8*I$77 -> 8979.4463 | ... W8: ='历史数据 (2001-2022, 当年价) '!W8*W$77 -> 16696.536 | X8: =X59 -> 16983.911 | Y8: =Y59 -> 17702.761 | Z8: =Z59 -> 18633.324 | AA8: =AA59 -> 19566.185 | AB8: =AB59 -> 20449.126 | AC8: =AC59 -> 21273.988 | AD8: =AD59 -> 22033.392 | AE8: =AE59 -> 22720.866 | ... BI8: =BI59 -> 29242.832
A9: 金融业 | B9: ='历史数据 (2001-2022, 当年价) '!B9*B$77 -> 9784.4085 | C9: ='历史数据 (2001-2022, 当年价) '!C9*C$77 -> 10382.529 | D9: ='历史数据 (2001-2022, 当年价) '!D9*D$77 -> 11007.59 | E9: ='历史数据 (2001-2022, 当年价) '!E9*E$77 -> 11234.659 | F9: ='历史数据 (2001-2022, 当年价) '!F9*F$77 -> 12264.296 | G9: ='历史数据 (2001-2022, 当年价) '!G9*G$77 -> 15717.405 | H9: ='历史数据 (2001-2022, 当年价) '!H9*H$77 -> 22227.766 | I9: ='历史数据 (2001-2022, 当年价) '!I9*I$77 -> 24898.857 | ... W9: ='历史数据 (2001-2022, 当年价) '!W9*W$77 -> 90528.212 | X9: =X60 -> 93078.581 | Y9: =Y60 -> 99473.509 | Z9: =Z60 -> 107732.66 | AA9: =AA60 -> 115813.47 | AB9: =AB60 -> 123290.27 | AC9: =AC60 -> 130269.26 | AD9: =AD60 -> 136925.35 | AE9: =AE60 -> 143496.06 | ... BI9: =BI60 -> 302746.35
A10: 房地产 | B10: ='历史数据 (2001-2022, 当年价) '!B10*B$77 -> 8849.7481 | C10: ='历史数据 (2001-2022, 当年价) '!C10*C$77 -> 9968.9695 | D10: ='历史数据 (2001-2022, 当年价) '!D10*D$77 -> 11210.237 | E10: ='历史数据 (2001-2022, 当年价) '!E10*E$77 -> 12174.087 | F10: ='历史数据 (2001-2022, 当年价) '!F10*F$77 -> 13897.188 | G10: ='历史数据 (2001-2022, 当年价) '!G10*G$77 -> 16266.835 | H10: ='历史数据 (2001-2022, 当年价) '!H10*H$77 -> 20054.709 | I10: ='历史数据 (2001-2022, 当年价) '!I10*I$77 -> 19815.693 | ... W10: ='历史数据 (2001-2022, 当年价) '!W10*W$77 -> 69030.485 | X10: =X61 -> 70637.504 | Y10: =Y61 -> 74645.659 | Z10: =Z61 -> 79786.151 | AA10: =AA61 -> 84802.387 | AB10: =AB61 -> 89443.716 | AC10: =AC61 -> 93773.751 | AD10: =AD61 -> 97888.337 | AE10: =AE61 -> 101912.47 | ... BI10: =BI61 -> 186689.22
A11: 其他三产 | B11: ='历史数据 (2001-2022, 当年价) '!B11*B$77 -> 31937.552 | C11: ='历史数据 (2001-2022, 当年价) '!C11*C$77 -> 37036.464 | D11: ='历史数据 (2001-2022, 当年价) '!D11*D$77 -> 41428.534 | E11: ='历史数据 (2001-2022, 当年价) '!E11*E$77 -> 45540.865 | F11: ='历史数据 (2001-2022, 当年价) '!F11*F$77 -> 52003.008 | G11: ='历史数据 (2001-2022, 当年价) '!G11*G$77 -> 58175.344 | H11: ='历史数据 (2001-2022, 当年价) '!H11*H$77 -> 65164.644 | I11: ='历史数据 (2001-2022, 当年价) '!I11*I$77 -> 72161.98 | ... W11: ='历史数据 (2001-2022, 当年价) '!W11*W$77 -> 261752.41 | X11: =SUM(X62:X70) -> 270843.75 | Y11: =SUM(Y62:Y70) -> 293875.96 | Z11: =SUM(Z62:Z70) -> 324065.25 | AA11: =SUM(AA62:AA70) -> 353922.86 | AB11: =SUM(AB62:AB70) -> 381738.47 | AC11: =SUM(AC62:AC70) -> 407860.92 | AD11: =SUM(AD62:AD70) -> 432987.71 | AE11: =SUM(AE62:AE70) -> 458142.56 | ... BI11: =SUM(BI62:BI70) -> 1214309.8
A13: 工业 | B13: =B4 -> 82472.589 | C13: =C4 -> 89280.442 | D13: =D4 -> 100799.64 | E13: =E4 -> 111960.03 | F13: =F4 -> 127718.9 | G13: =G4 -> 145373.42 | H13: =H4 -> 163331.38 | I13: =I4 -> 178777.31 | ... BI13: =BI4 -> 672840.1
A14: 煤炭开采和洗选业 | I14: ='历史数据 (2001-2022, 当年价) '!I14*I$77 -> 11675.691 | J14: ='历史数据 (2001-2022, 当年价) '!J14*J$77 -> 11986.509 | K14: ='历史数据 (2001-2022, 当年价) '!K14*K$77 -> 13642.403 | L14: ='历史数据 (2001-2022, 当年价) '!L14*L$77 -> 15284.767 | M14: ='历史数据 (2001-2022, 当年价) '!M14*M$77 -> 15977.001 | N14: ='历史数据 (2001-2022, 当年价) '!N14*N$77 -> 16042.647 | O14: ='历史数据 (2001-2022, 当年价) '!O14*O$77 -> 15765.053 | P14: ='历史数据 (2001-2022, 当年价) '!P14*P$77 -> 15240.596 | ... W14: ='历史数据 (2001-2022, 当年价) '!W14*W$77 -> 18002.061 | X14: =VLOOKUP($A14,情景假设!$A$166:$AP$211,COLUMN(情景假设!E$165),0) -> 18269.324 | Y14: =VLOOKUP($A14,情景假设!$A$166:$AP$211,COLUMN(情景假设!F$165),0) -> 18926.657 | Z14: =VLOOKUP($A14,情景假设!$A$166:$AP$211,COLUMN(情景假设!G$165),0) -> 19751.617 | AA14: =VLOOKUP($A14,情景假设!$A$166:$AP$211,COLUMN(情景假设!H$165),0) -> 20536.505 | AB14: =VLOOKUP($A14,情景假设!$A$166:$AP$211,COLUMN(情景假设!I$165),0) -> 21233.916 | AC14: =VLOOKUP($A14,情景假设!$A$166:$AP$211,COLUMN(情景假设!J$165),0) -> 21841.856 | AD14: =VLOOKUP($A14,情景假设!$A$166:$AP$211,COLUMN(情景假设!K$165),0) -> 22360.478 | AE14: =VLOOKUP($A14,情景假设!$A$166:$AP$211,COLUMN(情景假设!L$165),0) -> 22791.924 | ... BI14: =VLOOKUP($A14,情景假设!$A$166:$AP$211,COLUMN(情景假设!AP$165),0) -> 18598.342
A15: 石油和天然气开采业 | I15: ='历史数据 (2001-2022, 当年价) '!I15*I$77 -> 12283.18 | J15: ='历史数据 (2001-2022, 当年价) '!J15*J$77 -> 12202.638 | K15: ='历史数据 (2001-2022, 当年价) '!K15*K$77 -> 11826.461 | L15: ='历史数据 (2001-2022, 当年价) '!L15*L$77 -> 11943.372 | M15: ='历史数据 (2001-2022, 当年价) '!M15*M$77 -> 11733.855 | N15: ='历史数据 (2001-2022, 当年价) '!N15*N$77 -> 11403.08 | O15: ='历史数据 (2001-2022, 当年价) '!O15*O$77 -> 11315.091 | P15: ='历史数据 (2001-2022, 当年价) '!P15*P$77 -> 11185.569 | ... W15: ='历史数据 (2001-2022, 当年价) '!W15*W$77 -> 12304.163 | X15: =VLOOKUP($A15,情景假设!$A$166:$AP$211,COLUMN(情景假设!E$165),0) -> 12408.764 | Y15: =VLOOKUP($A15,情景假设!$A$166:$AP$211,COLUMN(情景假设!F$165),0) -> 12665.018 | Z15: =VLOOKUP($A15,情景假设!$A$166:$AP$211,COLUMN(情景假设!G$165),0) -> 12985.418 | AA15: =VLOOKUP($A15,情景假设!$A$166:$AP$211,COLUMN(情景假设!H$165),0) -> 13291.709 | AB15: =VLOOKUP($A15,情景假设!$A$166:$AP$211,COLUMN(情景假设!I$165),0) -> 13564.451 | AC15: =VLOOKUP($A15,情景假设!$A$166:$AP$211,COLUMN(情景假设!J$165),0) -> 13799.775 | AD15: =VLOOKUP($A15,情景假设!$A$166:$AP$211,COLUMN(情景假设!K$165),0) -> 13994.002 | AE15: =VLOOKUP($A15,情景假设!$A$166:$AP$211,COLUMN(情景假设!L$165),0) -> 14143.725 | ... BI15: =VLOOKUP($A15,情景假设!$A$166:$AP$211,COLUMN(情景假设!AP$165),0) -> 11074.174
A16: 黑色金属矿采选业 | I16: ='历史数据 (2001-2022, 当年价) '!I16*I$77 -> 2043.0119 | J16: ='历史数据 (2001-2022, 当年价) '!J16*J$77 -> 2426.6303 | K16: ='历史数据 (2001-2022, 当年价) '!K16*K$77 -> 2841.9829 | L16: ='历史数据 (2001-2022, 当年价) '!L16*L$77 -> 3276.9674 | M16: ='历史数据 (2001-2022, 当年价) '!M16*M$77 -> 3762.3007 | N16: ='历史数据 (2001-2022, 当年价) '!N16*N$77 -> 4110.145 | O16: ='历史数据 (2001-2022, 当年价) '!O16*O$77 -> 4358.2065 | P16: ='历史数据 (2001-2022, 当年价) '!P16*P$77 -> 4238.0297 | ... W16: ='历史数据 (2001-2022, 当年价) '!W16*W$77 -> 4568.3237 | X16: =VLOOKUP($A16,情景假设!$A$166:$AP$211,COLUMN(情景假设!E$165),0) -> 4583.6935 | Y16: =VLOOKUP($A16,情景假设!$A$166:$AP$211,COLUMN(情景假设!F$165),0) -> 4625.7484 | Z16: =VLOOKUP($A16,情景假设!$A$166:$AP$211,COLUMN(情景假设!G$165),0) -> 4688.5838 | AA16: =VLOOKUP($A16,情景假设!$A$166:$AP$211,COLUMN(情景假设!H$165),0) -> 4766.2693 | AB16: =VLOOKUP($A16,情景假设!$A$166:$AP$211,COLUMN(情景假设!I$165),0) -> 4852.5556 | AC16: =VLOOKUP($A16,情景假设!$A$166:$AP$211,COLUMN(情景假设!J$165),0) -> 4940.7607 | AD16: =VLOOKUP($A16,情景假设!$A$166:$AP$211,COLUMN(情景假设!K$165),0) -> 5023.7126 | AE16: =VLOOKUP($A16,情景假设!$A$166:$AP$211,COLUMN(情景假设!L$165),0) -> 5093.7746 | ... BI16: =VLOOKUP($A16,情景假设!$A$166:$AP$211,COLUMN(情景假设!AP$165),0) -> 3313.0617
A17: 有色金属矿采选业 | I17: ='历史数据 (2001-2022, 当年价) '!I17*I$77 -> 1310.7958 | J17: ='历史数据 (2001-2022, 当年价) '!J17*J$77 -> 1488.5845 | K17: ='历史数据 (2001-2022, 当年价) '!K17*K$77 -> 1607.492 | L17: ='历史数据 (2001-2022, 当年价) '!L17*L$77 -> 1784.0221 | M17: ='历史数据 (2001-2022, 当年价) '!M17*M$77 -> 1958.2296 | N17: ='历史数据 (2001-2022, 当年价) '!N17*N$77 -> 2036.9648 | O17: ='历史数据 (2001-2022, 当年价) '!O17*O$77 -> 2097.41 | P17: ='历史数据 (2001-2022, 当年价) '!P17*P$77 -> 2075.3912 | ... W17: ='历史数据 (2001-2022, 当年价) '!W17*W$77 -> 2146.8176 | X17: =VLOOKUP($A17,情景假设!$A$166:$AP$211,COLUMN(情景假设!E$165),0) -> 2140.4234 | Y17: =VLOOKUP($A17,情景假设!$A$166:$AP$211,COLUMN(情景假设!F$165),0) -> 2128.2948 | Z17: =VLOOKUP($A17,情景假设!$A$166:$AP$211,COLUMN(情景假设!G$165),0) -> 2120.8942 | AA17: =VLOOKUP($A17,情景假设!$A$166:$AP$211,COLUMN(情景假设!H$165),0) -> 2126.0374 | AB17: =VLOOKUP($A17,情景假设!$A$166:$AP$211,COLUMN(情景假设!I$165),0) -> 2141.533 | AC17: =VLOOKUP($A17,情景假设!$A$166:$AP$211,COLUMN(情景假设!J$165),0) -> 2162.7175 | AD17: =VLOOKUP($A17,情景假设!$A$166:$AP$211,COLUMN(情景假设!K$165),0) -> 2184.8174 | AE17: =VLOOKUP($A17,情景假设!$A$166:$AP$211,COLUMN(情景假设!L$165),0) -> 2202.8761 | ... BI17: =VLOOKUP($A17,情景假设!$A$166:$AP$211,COLUMN(情景假设!AP$165),0) -> 1306.6169
A18: 非金属矿采选业 | I18: ='历史数据 (2001-2022, 当年价) '!I18*I$77 -> 740.76654 | J18: ='历史数据 (2001-2022, 当年价) '!J18*J$77 -> 844.04866 | K18: ='历史数据 (2001-2022, 当年价) '!K18*K$77 -> 1022.9457 | L18: ='历史数据 (2001-2022, 当年价) '!L18*L$77 -> 1214.8999 | M18: ='历史数据 (2001-2022, 当年价) '!M18*M$77 -> 1274.5479 | N18: ='历史数据 (2001-2022, 当年价) '!N18*N$77 -> 1356.0634 | O18: ='历史数据 (2001-2022, 当年价) '!O18*O$77 -> 1401.5038 | P18: ='历史数据 (2001-2022, 当年价) '!P18*P$77 -> 1417.3718 | ... W18: ='历史数据 (2001-2022, 当年价) '!W18*W$77 -> 1532.414 | X18: =VLOOKUP($A18,情景假设!$A$166:$AP$211,COLUMN(情景假设!E$165),0) -> 1529.0618 | Y18: =VLOOKUP($A18,情景假设!$A$166:$AP$211,COLUMN(情景假设!F$165),0) -> 1523.2083 | Z18: =VLOOKUP($A18,情景假设!$A$166:$AP$211,COLUMN(情景假设!G$165),0) -> 1521.1084 | AA18: =VLOOKUP($A18,情景假设!$A$166:$AP$211,COLUMN(情景假设!H$165),0) -> 1527.3856 | AB18: =VLOOKUP($A18,情景假设!$A$166:$AP$211,COLUMN(情景假设!I$165),0) -> 1540.2989 | AC18: =VLOOKUP($A18,情景假设!$A$166:$AP$211,COLUMN(情景假设!J$165),0) -> 1556.4994 | AD18: =VLOOKUP($A18,情景假设!$A$166:$AP$211,COLUMN(情景假设!K$165),0) -> 1572.5356 | AE18: =VLOOKUP($A18,情景假设!$A$166:$AP$211,COLUMN(情景假设!L$165),0) -> 1584.8182 | ... BI18: =VLOOKUP($A18,情景假设!$A$166:$AP$211,COLUMN(情景假设!AP$165),0) -> 941.60307
A19: 开采专业及辅助性活动 | I19: ='历史数据 (2001-2022, 当年价) '!I19*I$77 -> 622.2819 | J19: ='历史数据 (2001-2022, 当年价) '!J19*J$77 -> 708.94586 | K19: ='历史数据 (2001-2022, 当年价) '!K19*K$77 -> 796.67193 | L19: ='历史数据 (2001-2022, 当年价) '!L19*L$77 -> 897.68406 | M19: ='历史数据 (2001-2022, 当年价) '!M19*M$77 -> 975.9413 | N19: ='历史数据 (2001-2022, 当年价) '!N19*N$77 -> 974.38864 | O19: ='历史数据 (2001-2022, 当年价) '!O19*O$77 -> 903.34619 | P19: ='历史数据 (2001-2022, 当年价) '!P19*P$77 -> 755.02694 | ... W19: ='历史数据 (2001-2022, 当年价) '!W19*W$77 -> 1144.4328 | X19: =VLOOKUP($A19,情景假设!$A$166:$AP$211,COLUMN(情景假设!E$165),0) -> 1185.9706 | Y19: =VLOOKUP($A19,情景假设!$A$166:$AP$211,COLUMN(情景假设!F$165),0) -> 1291.9971 | Z19: =VLOOKUP($A19,情景假设!$A$166:$AP$211,COLUMN(情景假设!G$165),0) -> 1433.0395 | AA19: =VLOOKUP($A19,情景假设!$A$166:$AP$211,COLUMN(情景假设!H$165),0) -> 1576.383 | AB19: =VLOOKUP($A19,情景假设!$A$166:$AP$211,COLUMN(情景假设!I$165),0) -> 1714.1223 | AC19: =VLOOKUP($A19,情景假设!$A$166:$AP$211,COLUMN(情景假设!J$165),0) -> 1846.9741 | AD19: =VLOOKUP($A19,情景假设!$A$166:$AP$211,COLUMN(情景假设!K$165),0) -> 1976.8839 | AE19: =VLOOKUP($A19,情景假设!$A$166:$AP$211,COLUMN(情景假设!L$165),0) -> 2107.0036 | ... BI19: =VLOOKUP($A19,情景假设!$A$166:$AP$211,COLUMN(情景假设!AP$165),0) -> 4692.8872
A20: 其他采矿业 | I20: ='历史数据 (2001-2022, 当年价) '!I20*I$77 -> 4.2073585 | J20: ='历史数据 (2001-2022, 当年价) '!J20*J$77 -> 5.6913482 | K20: ='历史数据 (2001-2022, 当年价) '!K20*K$77 -> 6.6710309 | L20: ='历史数据 (2001-2022, 当年价) '!L20*L$77 -> 7.8715587 | M20: ='历史数据 (2001-2022, 当年价) '!M20*M$77 -> 7.9058265 | N20: ='历史数据 (2001-2022, 当年价) '!N20*N$77 -> 8.4565158 | O20: ='历史数据 (2001-2022, 当年价) '!O20*O$77 -> 7.8642757 | P20: ='历史数据 (2001-2022, 当年价) '!P20*P$77 -> 7.6399587 | ... W20: ='历史数据 (2001-2022, 当年价) '!W20*W$77 -> 9.2604801 | X20: =VLOOKUP($A20,情景假设!$A$166:$AP$211,COLUMN(情景假设!E$165),0) -> 9.4180745 | Y20: =VLOOKUP($A20,情景假设!$A$166:$AP$211,COLUMN(情景假设!F$165),0) -> 9.8146214 | Z20: =VLOOKUP($A20,情景假设!$A$166:$AP$211,COLUMN(情景假设!G$165),0) -> 10.333707 | AA20: =VLOOKUP($A20,情景假设!$A$166:$AP$211,COLUMN(情景假设!H$165),0) -> 10.86497 | AB20: =VLOOKUP($A20,情景假设!$A$166:$AP$211,COLUMN(情景假设!I$165),0) -> 11.382305 | AC20: =VLOOKUP($A20,情景假设!$A$166:$AP$211,COLUMN(情景假设!J$165),0) -> 11.88313 | AD20: =VLOOKUP($A20,情景假设!$A$166:$AP$211,COLUMN(情景假设!K$165),0) -> 12.365175 | AE20: =VLOOKUP($A20,情景假设!$A$166:$AP$211,COLUMN(情景假设!L$165),0) -> 12.826499 | ... BI20: =VLOOKUP($A20,情景假设!$A$166:$AP$211,COLUMN(情景假设!AP$165),0) -> 15.035193
A21: 农副食品加工业 | I21: ='历史数据 (2001-2022, 当年价) '!I21*I$77 -> 6050.1815 | J21: ='历史数据 (2001-2022, 当年价) '!J21*J$77 -> 6647.1198 | K21: ='历史数据 (2001-2022, 当年价) '!K21*K$77 -> 7423.383 | L21: ='历史数据 (2001-2022, 当年价) '!L21*L$77 -> 8138.7355 | M21: ='历史数据 (2001-2022, 当年价) '!M21*M$77 -> 8801.7564 | N21: ='历史数据 (2001-2022, 当年价) '!N21*N$77 -> 9147.2904 | O21: ='历史数据 (2001-2022, 当年价) '!O21*O$77 -> 9445.0378 | P21: ='历史数据 (2001-2022, 当年价) '!P21*P$77 -> 9453.4097 | ... W21: ='历史数据 (2001-2022, 当年价) '!W21*W$77 -> 11981.684 | X21: =VLOOKUP($A21,情景假设!$A$166:$AP$211,COLUMN(情景假设!E$165),0) -> 12058.766 | Y21: =VLOOKUP($A21,情景假设!$A$166:$AP$211,COLUMN(情景假设!F$165),0) -> 12259.342 | Z21: =VLOOKUP($A21,情景假设!$A$166:$AP$211,COLUMN(情景假设!G$165),0) -> 12537.9 | AA21: =VLOOKUP($A21,情景假设!$A$166:$AP$211,COLUMN(情景假设!H$165),0) -> 12853.01 | AB21: =VLOOKUP($A21,情景假设!$A$166:$AP$211,COLUMN(情景假设!I$165),0) -> 13185.494 | AC21: =VLOOKUP($A21,情景假设!$A$166:$AP$211,COLUMN(情景假设!J$165),0) -> 13520.839 | AD21: =VLOOKUP($A21,情景假设!$A$166:$AP$211,COLUMN(情景假设!K$165),0) -> 13843.017 | AE21: =VLOOKUP($A21,情景假设!$A$166:$AP$211,COLUMN(情景假设!L$165),0) -> 14134.547 | ... BI21: =VLOOKUP($A21,情景假设!$A$166:$AP$211,COLUMN(情景假设!AP$165),0) -> 12087.014
A22: 食品制造业 | I22: ='历史数据 (2001-2022, 当年价) '!I22*I$77 -> 2840.6456 | J22: ='历史数据 (2001-2022, 当年价) '!J22*J$77 -> 3072.4467 | K22: ='历史数据 (2001-2022, 当年价) '!K22*K$77 -> 3437.2203 | L22: ='历史数据 (2001-2022, 当年价) '!L22*L$77 -> 3867.5299 | M22: ='历史数据 (2001-2022, 当年价) '!M22*M$77 -> 4116.3241 | N22: ='历史数据 (2001-2022, 当年价) '!N22*N$77 -> 4301.3823 | O22: ='历史数据 (2001-2022, 当年价) '!O22*O$77 -> 4478.5085 | P22: ='历史数据 (2001-2022, 当年价) '!P22*P$77 -> 4567.4541 | ... W22: ='历史数据 (2001-2022, 当年价) '!W22*W$77 -> 6627.92 | X22: =VLOOKUP($A22,情景假设!$A$166:$AP$211,COLUMN(情景假设!E$165),0) -> 6713.2621 | Y22: =VLOOKUP($A22,情景假设!$A$166:$AP$211,COLUMN(情景假设!F$165),0) -> 6928.5367 | Z22: =VLOOKUP($A22,情景假设!$A$166:$AP$211,COLUMN(情景假设!G$165),0) -> 7212.06 | AA22: =VLOOKUP($A22,情景假设!$A$166:$AP$211,COLUMN(情景假设!H$165),0) -> 7506.8619 | AB22: =VLOOKUP($A22,情景假设!$A$166:$AP$211,COLUMN(情景假设!I$165),0) -> 7797.6259 | AC22: =VLOOKUP($A22,情景假设!$A$166:$AP$211,COLUMN(情景假设!J$165),0) -> 8079.9357 | AD22: =VLOOKUP($A22,情景假设!$A$166:$AP$211,COLUMN(情景假设!K$165),0) -> 8348.9451 | AE22: =VLOOKUP($A22,情景假设!$A$166:$AP$211,COLUMN(情景假设!L$165),0) -> 8599.4399 | ... BI22: =VLOOKUP($A22,情景假设!$A$166:$AP$211,COLUMN(情景假设!AP$165),0) -> 9306.1051
A23: 酒、饮料和精制茶制造业 | I23: ='历史数据 (2001-2022, 当年价) '!I23*I$77 -> 3020.3405 | J23: ='历史数据 (2001-2022, 当年价) '!J23*J$77 -> 3281.1206 | K23: ='历史数据 (2001-2022, 当年价) '!K23*K$77 -> 3651.5507 | L23: ='历史数据 (2001-2022, 当年价) '!L23*L$77 -> 4171.8493 | M23: ='历史数据 (2001-2022, 当年价) '!M23*M$77 -> 4468.021 | N23: ='历史数据 (2001-2022, 当年价) '!N23*N$77 -> 4677.3794 | O23: ='历史数据 (2001-2022, 当年价) '!O23*O$77 -> 4775.8177 | P23: ='历史数据 (2001-2022, 当年价) '!P23*P$77 -> 4879.7297 | ... W23: ='历史数据 (2001-2022, 当年价) '!W23*W$77 -> 7272.1185 | X23: =VLOOKUP($A23,情景假设!$A$166:$AP$211,COLUMN(情景假设!E$165),0) -> 7400.5247 | Y23: =VLOOKUP($A23,情景假设!$A$166:$AP$211,COLUMN(情景假设!F$165),0) -> 7723.7735 | Z23: =VLOOKUP($A23,情景假设!$A$166:$AP$211,COLUMN(情景假设!G$165),0) -> 8147.1459 | AA23: =VLOOKUP($A23,情景假设!$A$166:$AP$211,COLUMN(情景假设!H$165),0) -> 8580.3425 | AB23: =VLOOKUP($A23,情景假设!$A$166:$AP$211,COLUMN(情景假设!I$165),0) -> 9001.6899 | AC23: =VLOOKUP($A23,情景假设!$A$166:$AP$211,COLUMN(情景假设!J$165),0) -> 9408.7435 | AD23: =VLOOKUP($A23,情景假设!$A$166:$AP$211,COLUMN(情景假设!K$165),0) -> 9799.3038 | AE23: =VLOOKUP($A23,情景假设!$A$166:$AP$211,COLUMN(情景假设!L$165),0) -> 10171.446 | ... BI23: =VLOOKUP($A23,情景假设!$A$166:$AP$211,COLUMN(情景假设!AP$165),0) -> 14085.198
A24: 烟草制品业 | I24: ='历史数据 (2001-2022, 当年价) '!I24*I$77 -> 5910.2529 | J24: ='历史数据 (2001-2022, 当年价) '!J24*J$77 -> 6061.9868 | K24: ='历史数据 (2001-2022, 当年价) '!K24*K$77 -> 6587.4238 | L24: ='历史数据 (2001-2022, 当年价) '!L24*L$77 -> 7127.2733 | M24: ='历史数据 (2001-2022, 当年价) '!M24*M$77 -> 7416.1355 | N24: ='历史数据 (2001-2022, 当年价) '!N24*N$77 -> 7552.2827 | O24: ='历史数据 (2001-2022, 当年价) '!O24*O$77 -> 7834.315 | P24: ='历史数据 (2001-2022, 当年价) '!P24*P$77 -> 7685.1773 | ... W24: ='历史数据 (2001-2022, 当年价) '!W24*W$77 -> 9019.4532 | X24: =VLOOKUP($A24,情景假设!$A$166:$AP$211,COLUMN(情景假设!E$165),0) -> 9133.4008 | Y24: =VLOOKUP($A24,情景假设!$A$166:$AP$211,COLUMN(情景假设!F$165),0) -> 9421.4544 | Z24: =VLOOKUP($A24,情景假设!$A$166:$AP$211,COLUMN(情景假设!G$165),0) -> 9802.329 | AA24: =VLOOKUP($A24,情景假设!$A$166:$AP$211,COLUMN(情景假设!H$165),0) -> 10201.076 | AB24: =VLOOKUP($A24,情景假设!$A$166:$AP$211,COLUMN(情景假设!I$165),0) -> 10597.286 | AC24: =VLOOKUP($A24,情景假设!$A$166:$AP$211,COLUMN(情景假设!J$165),0) -> 10984.708 | AD24: =VLOOKUP($A24,情景假设!$A$166:$AP$211,COLUMN(情景假设!K$165),0) -> 11356.405 | AE24: =VLOOKUP($A24,情景假设!$A$166:$AP$211,COLUMN(情景假设!L$165),0) -> 11704.827 | ... BI24: =VLOOKUP($A24,情景假设!$A$166:$AP$211,COLUMN(情景假设!AP$165),0) -> 13282.941
A25: 纺织业 | I25: ='历史数据 (2001-2022, 当年价) '!I25*I$77 -> 5647.7681 | J25: ='历史数据 (2001-2022, 当年价) '!J25*J$77 -> 5808.8245 | K25: ='历史数据 (2001-2022, 当年价) '!K25*K$77 -> 6295.3948 | L25: ='历史数据 (2001-2022, 当年价) '!L25*L$77 -> 6551.1999 | M25: ='历史数据 (2001-2022, 当年价) '!M25*M$77 -> 6997.5786 | N25: ='历史数据 (2001-2022, 当年价) '!N25*N$77 -> 7225.7533 | O25: ='历史数据 (2001-2022, 当年价) '!O25*O$77 -> 7391.6787 | P25: ='历史数据 (2001-2022, 当年价) '!P25*P$77 -> 7503.4187 | ... W25: ='历史数据 (2001-2022, 当年价) '!W25*W$77 -> 8119.8361 | X25: =VLOOKUP($A25,情景假设!$A$166:$AP$211,COLUMN(情景假设!E$165),0) -> 8155.3933 | Y25: =VLOOKUP($A25,情景假设!$A$166:$AP$211,COLUMN(情景假设!F$165),0) -> 8245.1434 | Z25: =VLOOKUP($A25,情景假设!$A$166:$AP$211,COLUMN(情景假设!G$165),0) -> 8363.6861 | AA25: =VLOOKUP($A25,情景假设!$A$166:$AP$211,COLUMN(情景假设!H$165),0) -> 8487.4822 | AB25: =VLOOKUP($A25,情景假设!$A$166:$AP$211,COLUMN(情景假设!I$165),0) -> 8603.1316 | AC25: =VLOOKUP($A25,情景假设!$A$166:$AP$211,COLUMN(情景假设!J$165),0) -> 8699.425 | AD25: =VLOOKUP($A25,情景假设!$A$166:$AP$211,COLUMN(情景假设!K$165),0) -> 8764.7714 | AE25: =VLOOKUP($A25,情景假设!$A$166:$AP$211,COLUMN(情景假设!L$165),0) -> 8787.5228 | ... BI25: =VLOOKUP($A25,情景假设!$A$166:$AP$211,COLUMN(情景假设!AP$165),0) -> 6909.7815
... A54: 水的生产和供应业 | I54: ='历史数据 (2001-2022, 当年价) '!I54*I$77 -> 772.52531 | J54: ='历史数据 (2001-2022, 当年价) '!J54*J$77 -> 769.65677 | K54: ='历史数据 (2001-2022, 当年价) '!K54*K$77 -> 789.2808 | L54: ='历史数据 (2001-2022, 当年价) '!L54*L$77 -> 813.76814 | M54: ='历史数据 (2001-2022, 当年价) '!M54*M$77 -> 809.56375 | N54: ='历史数据 (2001-2022, 当年价) '!N54*N$77 -> 820.58065 | O54: ='历史数据 (2001-2022, 当年价) '!O54*O$77 -> 844.93069 | P54: ='历史数据 (2001-2022, 当年价) '!P54*P$77 -> 846.48121 | ... W54: ='历史数据 (2001-2022, 当年价) '!W54*W$77 -> 1298.5976 | X54: =VLOOKUP($A54,情景假设!$A$166:$AP$211,COLUMN(情景假设!E$165),0) -> 1335.1877 | Y54: =VLOOKUP($A54,情景假设!$A$166:$AP$211,COLUMN(情景假设!F$165),0) -> 1426.4955 | Z54: =VLOOKUP($A54,情景假设!$A$166:$AP$211,COLUMN(情景假设!G$165),0) -> 1543.2852 | AA54: =VLOOKUP($A54,情景假设!$A$166:$AP$211,COLUMN(情景假设!H$165),0) -> 1655.3369 | AB54: =VLOOKUP($A54,情景假设!$A$166:$AP$211,COLUMN(情景假设!I$165),0) -> 1756.0028 | AC54: =VLOOKUP($A54,情景假设!$A$166:$AP$211,COLUMN(情景假设!J$165),0) -> 1846.4016 | AD54: =VLOOKUP($A54,情景假设!$A$166:$AP$211,COLUMN(情景假设!K$165),0) -> 1928.6476 | AE54: =VLOOKUP($A54,情景假设!$A$166:$AP$211,COLUMN(情景假设!L$165),0) -> 2005.7134 | ... BI54: =VLOOKUP($A54,情景假设!$A$166:$AP$211,COLUMN(情景假设!AP$165),0) -> 3207.708
A56: 第三产业 | B56: =B2-B3-B4-B5 -> 85159.973 | C56: =C2-C3-C4-C5 -> 95166.704 | D56: =D2-D3-D4-D5 -> 104088.24 | E56: =E2-E3-E4-E5 -> 112231.02 | F56: =F2-F3-F4-F5 -> 125401.69 | G56: =G2-G3-G4-G5 -> 142978.37 | H56: =H2-H3-H4-H5 -> 167541.49 | I56: =I2-I3-I4-I5 -> 183610.21 | ... W56: =W2-W3-W4-W5 -> 591543.44 | X56: =情景假设!E27 -> 609471 | Y56: =情景假设!F27 -> 654663.99 | Z56: =情景假设!G27 -> 713506.35 | AA56: =情景假设!H27 -> 771500.33 | AB56: =情景假设!I27 -> 825376.52 | AC56: =情景假设!J27 -> 875679.04 | AD56: =情景假设!K27 -> 923495.23 | AE56: =情景假设!L27 -> 970415.31 | ... BI56: =情景假设!AP27 -> 2189904.1
A57: 交运仓邮 | B57: =B$77*'历史数据 (2001-2022, 当年价) '!B57 -> 12922.197 | C57: =C$77*'历史数据 (2001-2022, 当年价) '!C57 -> 14005.145 | D57: =D$77*'历史数据 (2001-2022, 当年价) '!D57 -> 14410.717 | E57: =E$77*'历史数据 (2001-2022, 当年价) '!E57 -> 15841.241 | F57: =F$77*'历史数据 (2001-2022, 当年价) '!F57 -> 17478.67 | G57: =G$77*'历史数据 (2001-2022, 当年价) '!G57 -> 19206.904 | H57: =H$77*'历史数据 (2001-2022, 当年价) '!H57 -> 21357.812 | I57: =I$77*'历史数据 (2001-2022, 当年价) '!I57 -> 22214.293 | ... W57: =W$77*'历史数据 (2001-2022, 当年价) '!W57 -> 46450.003 | X57: =VLOOKUP($A57,情景假设!$A$213:$AP$228,COLUMN(情景假设!E$165),0) -> 47824.422 | Y57: =VLOOKUP($A57,情景假设!$A$213:$AP$228,COLUMN(情景假设!F$165),0) -> 51257.762 | Z57: =VLOOKUP($A57,情景假设!$A$213:$AP$228,COLUMN(情景假设!G$165),0) -> 55653.495 | AA57: =VLOOKUP($A57,情景假设!$A$213:$AP$228,COLUMN(情景假设!H$165),0) -> 59863.721 | AB57: =VLOOKUP($A57,情景假设!$A$213:$AP$228,COLUMN(情景假设!I$165),0) -> 63627.288 | AC57: =VLOOKUP($A57,情景假设!$A$213:$AP$228,COLUMN(情景假设!J$165),0) -> 66979.226 | AD57: =VLOOKUP($A57,情景假设!$A$213:$AP$228,COLUMN(情景假设!K$165),0) -> 69994.26 | AE57: =VLOOKUP($A57,情景假设!$A$213:$AP$228,COLUMN(情景假设!L$165),0) -> 72781.148 | ... BI57: =VLOOKUP($A57,情景假设!$A$213:$AP$228,COLUMN(情景假设!AP$165),0) -> 118254.82
A58: 批发零售 | B58: =B$77*'历史数据 (2001-2022, 当年价) '!B58 -> 17152.616 | C58: =C$77*'历史数据 (2001-2022, 当年价) '!C58 -> 18681.75 | D58: =D$77*'历史数据 (2001-2022, 当年价) '!D58 -> 20339.743 | E58: =E$77*'历史数据 (2001-2022, 当年价) '!E58 -> 21201.883 | F58: =F$77*'历史数据 (2001-2022, 当年价) '!F58 -> 22884.561 | G58: =G$77*'历史数据 (2001-2022, 当年价) '!G58 -> 26058.396 | H58: =H$77*'历史数据 (2001-2022, 当年价) '!H58 -> 30623.281 | I58: =I$77*'历史数据 (2001-2022, 当年价) '!I58 -> 35540.209 | ... W58: =W$77*'历史数据 (2001-2022, 当年价) '!W58 -> 107085.79 | X58: =VLOOKUP($A58,情景假设!$A$213:$AP$228,COLUMN(情景假设!E$165),0) -> 110102.83 | Y58: =VLOOKUP($A58,情景假设!$A$213:$AP$228,COLUMN(情景假设!F$165),0) -> 117708.35 | Z58: =VLOOKUP($A58,情景假设!$A$213:$AP$228,COLUMN(情景假设!G$165),0) -> 127635.48 | AA58: =VLOOKUP($A58,情景假设!$A$213:$AP$228,COLUMN(情景假设!H$165),0) -> 137531.7 | AB58: =VLOOKUP($A58,情景假设!$A$213:$AP$228,COLUMN(情景假设!I$165),0) -> 146827.65 | AC58: =VLOOKUP($A58,情景假设!$A$213:$AP$228,COLUMN(情景假设!J$165),0) -> 155521.9 | AD58: =VLOOKUP($A58,情景假设!$A$213:$AP$228,COLUMN(情景假设!K$165),0) -> 163666.18 | AE58: =VLOOKUP($A58,情景假设!$A$213:$AP$228,COLUMN(情景假设!L$165),0) -> 171362.19 | ... BI58: =VLOOKUP($A58,情景假设!$A$213:$AP$228,COLUMN(情景假设!AP$165),0) -> 338661.06
A59: 餐饮住宿 | B59: =B$77*'历史数据 (2001-2022, 当年价) '!B59 -> 4513.6386 | C59: =C$77*'历史数据 (2001-2022, 当年价) '!C59 -> 5092.0326 | D59: =D$77*'历史数据 (2001-2022, 当年价) '!D59 -> 5691.7852 | E59: =E$77*'历史数据 (2001-2022, 当年价) '!E59 -> 6238.1109 | F59: =F$77*'历史数据 (2001-2022, 当年价) '!F59 -> 6873.8055 | G59: =G$77*'历史数据 (2001-2022, 当年价) '!G59 -> 7553.6469 | H59: =H$77*'历史数据 (2001-2022, 当年价) '!H59 -> 8113.2808 | I59: =I$77*'历史数据 (2001-2022, 当年价) '!I59 -> 8979.4463 | ... W59: =W$77*'历史数据 (2001-2022, 当年价) '!W59 -> 16696.536 | X59: =VLOOKUP($A59,情景假设!$A$213:$AP$228,COLUMN(情景假设!E$165),0) -> 16983.911 | Y59: =VLOOKUP($A59,情景假设!$A$213:$AP$228,COLUMN(情景假设!F$165),0) -> 17702.761 | Z59: =VLOOKUP($A59,情景假设!$A$213:$AP$228,COLUMN(情景假设!G$165),0) -> 18633.324 | AA59: =VLOOKUP($A59,情景假设!$A$213:$AP$228,COLUMN(情景假设!H$165),0) -> 19566.185 | AB59: =VLOOKUP($A59,情景假设!$A$213:$AP$228,COLUMN(情景假设!I$165),0) -> 20449.126 | AC59: =VLOOKUP($A59,情景假设!$A$213:$AP$228,COLUMN(情景假设!J$165),0) -> 21273.988 | AD59: =VLOOKUP($A59,情景假设!$A$213:$AP$228,COLUMN(情景假设!K$165),0) -> 22033.392 | AE59: =VLOOKUP($A59,情景假设!$A$213:$AP$228,COLUMN(情景假设!L$165),0) -> 22720.866 | ... BI59: =VLOOKUP($A59,情景假设!$A$213:$AP$228,COLUMN(情景假设!AP$165),0) -> 29242.832
A60: 金融业 | B60: =B$77*'历史数据 (2001-2022, 当年价) '!B60 -> 9784.4085 | C60: =C$77*'历史数据 (2001-2022, 当年价) '!C60 -> 10382.529 | D60: =D$77*'历史数据 (2001-2022, 当年价) '!D60 -> 11007.59 | E60: =E$77*'历史数据 (2001-2022, 当年价) '!E60 -> 11234.659 | F60: =F$77*'历史数据 (2001-2022, 当年价) '!F60 -> 12264.296 | G60: =G$77*'历史数据 (2001-2022, 当年价) '!G60 -> 15717.405 | H60: =H$77*'历史数据 (2001-2022, 当年价) '!H60 -> 22227.766 | I60: =I$77*'历史数据 (2001-2022, 当年价) '!I60 -> 24898.857 | ... W60: =W$77*'历史数据 (2001-2022, 当年价) '!W60 -> 90528.212 | X60: =VLOOKUP($A60,情景假设!$A$213:$AP$228,COLUMN(情景假设!E$165),0) -> 93078.581 | Y60: =VLOOKUP($A60,情景假设!$A$213:$AP$228,COLUMN(情景假设!F$165),0) -> 99473.509 | Z60: =VLOOKUP($A60,情景假设!$A$213:$AP$228,COLUMN(情景假设!G$165),0) -> 107732.66 | AA60: =VLOOKUP($A60,情景假设!$A$213:$AP$228,COLUMN(情景假设!H$165),0) -> 115813.47 | AB60: =VLOOKUP($A60,情景假设!$A$213:$AP$228,COLUMN(情景假设!I$165),0) -> 123290.27 | AC60: =VLOOKUP($A60,情景假设!$A$213:$AP$228,COLUMN(情景假设!J$165),0) -> 130269.26 | AD60: =VLOOKUP($A60,情景假设!$A$213:$AP$228,COLUMN(情景假设!K$165),0) -> 136925.35 | AE60: =VLOOKUP($A60,情景假设!$A$213:$AP$228,COLUMN(情景假设!L$165),0) -> 143496.06 | ... BI60: =VLOOKUP($A60,情景假设!$A$213:$AP$228,COLUMN(情景假设!AP$165),0) -> 302746.35
A61: 房地产 | B61: =B$77*'历史数据 (2001-2022, 当年价) '!B61 -> 8849.7481 | C61: =C$77*'历史数据 (2001-2022, 当年价) '!C61 -> 9968.9695 | D61: =D$77*'历史数据 (2001-2022, 当年价) '!D61 -> 11210.237 | E61: =E$77*'历史数据 (2001-2022, 当年价) '!E61 -> 12174.087 | F61: =F$77*'历史数据 (2001-2022, 当年价) '!F61 -> 13897.188 | G61: =G$77*'历史数据 (2001-2022, 当年价) '!G61 -> 16266.835 | H61: =H$77*'历史数据 (2001-2022, 当年价) '!H61 -> 20054.709 | I61: =I$77*'历史数据 (2001-2022, 当年价) '!I61 -> 19815.693 | ... W61: =W$77*'历史数据 (2001-2022, 当年价) '!W61 -> 69030.485 | X61: =VLOOKUP($A61,情景假设!$A$213:$AP$228,COLUMN(情景假设!E$165),0) -> 70637.504 | Y61: =VLOOKUP($A61,情景假设!$A$213:$AP$228,COLUMN(情景假设!F$165),0) -> 74645.659 | Z61: =VLOOKUP($A61,情景假设!$A$213:$AP$228,COLUMN(情景假设!G$165),0) -> 79786.151 | AA61: =VLOOKUP($A61,情景假设!$A$213:$AP$228,COLUMN(情景假设!H$165),0) -> 84802.387 | AB61: =VLOOKUP($A61,情景假设!$A$213:$AP$228,COLUMN(情景假设!I$165),0) -> 89443.716 | AC61: =VLOOKUP($A61,情景假设!$A$213:$AP$228,COLUMN(情景假设!J$165),0) -> 93773.751 | AD61: =VLOOKUP($A61,情景假设!$A$213:$AP$228,COLUMN(情景假设!K$165),0) -> 97888.337 | AE61: =VLOOKUP($A61,情景假设!$A$213:$AP$228,COLUMN(情景假设!L$165),0) -> 101912.47 | ... BI61: =VLOOKUP($A61,情景假设!$A$213:$AP$228,COLUMN(情景假设!AP$165),0) -> 186689.22
A62: 信息传输、软件和信息技术服务 | K62: =K$77*'历史数据 (2001-2022, 当年价) '!K62 -> 11512.105 | L62: =L$77*'历史数据 (2001-2022, 当年价) '!L62 -> 12134.644 | M62: =M$77*'历史数据 (2001-2022, 当年价) '!M62 -> 13731.513 | N62: =N$77*'历史数据 (2001-2022, 当年价) '!N62 -> 15474.89 | O62: =O$77*'历史数据 (2001-2022, 当年价) '!O62 -> 17254.984 | P62: =P$77*'历史数据 (2001-2022, 当年价) '!P62 -> 19530.226 | Q62: =Q$77*'历史数据 (2001-2022, 当年价) '!Q62 -> 22115.729 | R62: =R$77*'历史数据 (2001-2022, 当年价) '!R62 -> 25091.611 | ... W62: =W$77*'历史数据 (2001-2022, 当年价) '!W62 -> 42091.759 | X62: =VLOOKUP($A62,情景假设!$A$213:$AP$228,COLUMN(情景假设!E$165),0) -> 44119.008 | Y62: =VLOOKUP($A62,情景假设!$A$213:$AP$228,COLUMN(情景假设!F$165),0) -> 49342.832 | Z62: =VLOOKUP($A62,情景假设!$A$213:$AP$228,COLUMN(情景假设!G$165),0) -> 56358.645 | AA62: =VLOOKUP($A62,情景假设!$A$213:$AP$228,COLUMN(情景假设!H$165),0) -> 63432.553 | AB62: =VLOOKUP($A62,情景假设!$A$213:$AP$228,COLUMN(情景假设!I$165),0) -> 70111.647 | AC62: =VLOOKUP($A62,情景假设!$A$213:$AP$228,COLUMN(情景假设!J$165),0) -> 76456.459 | AD62: =VLOOKUP($A62,情景假设!$A$213:$AP$228,COLUMN(情景假设!K$165),0) -> 82642.589 | AE62: =VLOOKUP($A62,情景假设!$A$213:$AP$228,COLUMN(情景假设!L$165),0) -> 88956.785 | ... BI62: =VLOOKUP($A62,情景假设!$A$213:$AP$228,COLUMN(情景假设!AP$165),0) -> 334338.11
A63: 租赁和商务服务 | K63: =K$77*'历史数据 (2001-2022, 当年价) '!K63 -> 9235.1767 | L63: =L$77*'历史数据 (2001-2022, 当年价) '!L63 -> 10775.019 | M63: =M$77*'历史数据 (2001-2022, 当年价) '!M63 -> 12532.839 | N63: =N$77*'历史数据 (2001-2022, 当年价) '!N63 -> 14545.249 | O63: =O$77*'历史数据 (2001-2022, 当年价) '!O63 -> 17233.458 | P63: =P$77*'历史数据 (2001-2022, 当年价) '!P63 -> 20168.976 | Q63: =Q$77*'历史数据 (2001-2022, 当年价) '!Q63 -> 23659.229 | R63: =R$77*'历史数据 (2001-2022, 当年价) '!R63 -> 26634.906 | ... W63: =W$77*'历史数据 (2001-2022, 当年价) '!W63 -> 35734.097 | X63: =VLOOKUP($A63,情景假设!$A$213:$AP$228,COLUMN(情景假设!E$165),0) -> 36954.574 | Y63: =VLOOKUP($A63,情景假设!$A$213:$AP$228,COLUMN(情景假设!F$165),0) -> 40038.025 | Z63: =VLOOKUP($A63,情景假设!$A$213:$AP$228,COLUMN(情景假设!G$165),0) -> 44062.441 | AA63: =VLOOKUP($A63,情景假设!$A$213:$AP$228,COLUMN(情景假设!H$165),0) -> 48026.677 | AB63: =VLOOKUP($A63,情景假设!$A$213:$AP$228,COLUMN(情景假设!I$165),0) -> 51708.019 | AC63: =VLOOKUP($A63,情景假设!$A$213:$AP$228,COLUMN(情景假设!J$165),0) -> 55155.919 | AD63: =VLOOKUP($A63,情景假设!$A$213:$AP$228,COLUMN(情景假设!K$165),0) -> 58463.215 | AE63: =VLOOKUP($A63,情景假设!$A$213:$AP$228,COLUMN(情景假设!L$165),0) -> 61762.818 | ... BI63: =VLOOKUP($A63,情景假设!$A$213:$AP$228,COLUMN(情景假设!AP$165),0) -> 154880.24
A64: 科学研究和技术服务 | K64: =K$77*'历史数据 (2001-2022, 当年价) '!K64 -> 8223.2228 | L64: =L$77*'历史数据 (2001-2022, 当年价) '!L64 -> 9355.5738 | M64: =M$77*'历史数据 (2001-2022, 当年价) '!M64 -> 10885.223 | N64: =N$77*'历史数据 (2001-2022, 当年价) '!N64 -> 12424.365 | O64: =O$77*'历史数据 (2001-2022, 当年价) '!O64 -> 13914.986 | P64: =P$77*'历史数据 (2001-2022, 当年价) '!P64 -> 15483.43 | Q64: =Q$77*'历史数据 (2001-2022, 当年价) '!Q64 -> 16917.723 | R64: =R$77*'历史数据 (2001-2022, 当年价) '!R64 -> 18384.538 | ... W64: =W$77*'历史数据 (2001-2022, 当年价) '!W64 -> 26597.511 | X64: =VLOOKUP($A64,情景假设!$A$213:$AP$228,COLUMN(情景假设!E$165),0) -> 27565.204 | Y64: =VLOOKUP($A64,情景假设!$A$213:$AP$228,COLUMN(情景假设!F$165),0) -> 30017.34 | Z64: =VLOOKUP($A64,情景假设!$A$213:$AP$228,COLUMN(情景假设!G$165),0) -> 33231.468 | AA64: =VLOOKUP($A64,情景假设!$A$213:$AP$228,COLUMN(情景假设!H$165),0) -> 36407.567 | AB64: =VLOOKUP($A64,情景假设!$A$213:$AP$228,COLUMN(情景假设!I$165),0) -> 39363.058 | AC64: =VLOOKUP($A64,情景假设!$A$213:$AP$228,COLUMN(情景假设!J$165),0) -> 42136.09 | AD64: =VLOOKUP($A64,情景假设!$A$213:$AP$228,COLUMN(情景假设!K$165),0) -> 44802.374 | AE64: =VLOOKUP($A64,情景假设!$A$213:$AP$228,COLUMN(情景假设!L$165),0) -> 47472.532 | ... BI64: =VLOOKUP($A64,情景假设!$A$213:$AP$228,COLUMN(情景假设!AP$165),0) -> 126959.05
A65: 水利、环境和公共设施管理 | K65: =K$77*'历史数据 (2001-2022, 当年价) '!K65 -> 2588.8465 | L65: =L$77*'历史数据 (2001-2022, 当年价) '!L65 -> 2943.1056 | M65: =M$77*'历史数据 (2001-2022, 当年价) '!M65 -> 3481.8302 | N65: =N$77*'历史数据 (2001-2022, 当年价) '!N65 -> 4130.973 | O65: =O$77*'历史数据 (2001-2022, 当年价) '!O65 -> 4395.4448 | P65: =P$77*'历史数据 (2001-2022, 当年价) '!P65 -> 4603.1518 | Q65: =Q$77*'历史数据 (2001-2022, 当年价) '!Q65 -> 4785.5633 | R65: =R$77*'历史数据 (2001-2022, 当年价) '!R65 -> 4850.5663 | ... W65: =W$77*'历史数据 (2001-2022, 当年价) '!W65 -> 6452.9742 | X65: =VLOOKUP($A65,情景假设!$A$213:$AP$228,COLUMN(情景假设!E$165),0) -> 6628.0364 | Y65: =VLOOKUP($A65,情景假设!$A$213:$AP$228,COLUMN(情景假设!F$165),0) -> 7066.4635 | Z65: =VLOOKUP($A65,情景假设!$A$213:$AP$228,COLUMN(情景假设!G$165),0) -> 7631.7682 | AA65: =VLOOKUP($A65,情景假设!$A$213:$AP$228,COLUMN(情景假设!H$165),0) -> 8184.4052 | AB65: =VLOOKUP($A65,情景假设!$A$213:$AP$228,COLUMN(情景假设!I$165),0) -> 8695.5926 | AC65: =VLOOKUP($A65,情景假设!$A$213:$AP$228,COLUMN(情景假设!J$165),0) -> 9172.5927 | AD65: =VLOOKUP($A65,情景假设!$A$213:$AP$228,COLUMN(情景假设!K$165),0) -> 9627.1255 | AE65: =VLOOKUP($A65,情景假设!$A$213:$AP$228,COLUMN(情景假设!L$165),0) -> 10074.964 | ... BI65: =VLOOKUP($A65,情景假设!$A$213:$AP$228,COLUMN(情景假设!AP$165),0) -> 20625.309
A66: 居民服务、修理和其他服务 | K66: =K$77*'历史数据 (2001-2022, 当年价) '!K66 -> 8215.2085 | L66: =L$77*'历史数据 (2001-2022, 当年价) '!L66 -> 8919.7544 | M66: =M$77*'历史数据 (2001-2022, 当年价) '!M66 -> 9471.2873 | N66: =N$77*'历史数据 (2001-2022, 当年价) '!N66 -> 9814.5407 | O66: =O$77*'历史数据 (2001-2022, 当年价) '!O66 -> 10744.631 | P66: =P$77*'历史数据 (2001-2022, 当年价) '!P66 -> 11803.562 | Q66: =Q$77*'历史数据 (2001-2022, 当年价) '!Q66 -> 13389.269 | R66: =R$77*'历史数据 (2001-2022, 当年价) '!R66 -> 14464.86 | ... W66: =W$77*'历史数据 (2001-2022, 当年价) '!W66 -> 17998.461 | X66: =VLOOKUP($A66,情景假设!$A$213:$AP$228,COLUMN(情景假设!E$165),0) -> 18485.419 | Y66: =VLOOKUP($A66,情景假设!$A$213:$AP$228,COLUMN(情景假设!F$165),0) -> 19704.858 | Z66: =VLOOKUP($A66,情景假设!$A$213:$AP$228,COLUMN(情景假设!G$165),0) -> 21277.016 | AA66: =VLOOKUP($A66,情景假设!$A$213:$AP$228,COLUMN(情景假设!H$165),0) -> 22813.861 | AB66: =VLOOKUP($A66,情景假设!$A$213:$AP$228,COLUMN(情景假设!I$165),0) -> 24235.417 | AC66: =VLOOKUP($A66,情景假设!$A$213:$AP$228,COLUMN(情景假设!J$165),0) -> 25561.877 | AD66: =VLOOKUP($A66,情景假设!$A$213:$AP$228,COLUMN(情景假设!K$165),0) -> 26825.783 | AE66: =VLOOKUP($A66,情景假设!$A$213:$AP$228,COLUMN(情景假设!L$165),0) -> 28070.905 | ... BI66: =VLOOKUP($A66,情景假设!$A$213:$AP$228,COLUMN(情景假设!AP$165),0) -> 57344.682
A67: 教育 | K67: =K$77*'历史数据 (2001-2022, 当年价) '!K67 -> 15733.18 | L67: =L$77*'历史数据 (2001-2022, 当年价) '!L67 -> 17398.155 | M67: =M$77*'历史数据 (2001-2022, 当年价) '!M67 -> 19161.405 | N67: =N$77*'历史数据 (2001-2022, 当年价) '!N67 -> 21360.323 | O67: =O$77*'历史数据 (2001-2022, 当年价) '!O67 -> 23657.484 | P67: =P$77*'历史数据 (2001-2022, 当年价) '!P67 -> 27171.708 | Q67: =Q$77*'历史数据 (2001-2022, 当年价) '!Q67 -> 29633.545 | R67: =R$77*'历史数据 (2001-2022, 当年价) '!R67 -> 31835.886 | ... W67: =W$77*'历史数据 (2001-2022, 当年价) '!W67 -> 44125.462 | X67: =VLOOKUP($A67,情景假设!$A$213:$AP$228,COLUMN(情景假设!E$165),0) -> 45584.27 | Y67: =VLOOKUP($A67,情景假设!$A$213:$AP$228,COLUMN(情景假设!F$165),0) -> 49264.55 | Z67: =VLOOKUP($A67,情景假设!$A$213:$AP$228,COLUMN(情景假设!G$165),0) -> 54058.161 | AA67: =VLOOKUP($A67,情景假设!$A$213:$AP$228,COLUMN(情景假设!H$165),0) -> 58773.277 | AB67: =VLOOKUP($A67,情景假设!$A$213:$AP$228,COLUMN(情景假设!I$165),0) -> 63148.033 | AC67: =VLOOKUP($A67,情景假设!$A$213:$AP$228,COLUMN(情景假设!J$165),0) -> 67242.152 | AD67: =VLOOKUP($A67,情景假设!$A$213:$AP$228,COLUMN(情景假设!K$165),0) -> 71164.896 | AE67: =VLOOKUP($A67,情景假设!$A$213:$AP$228,COLUMN(情景假设!L$165),0) -> 75071.148 | ... BI67: =VLOOKUP($A67,情景假设!$A$213:$AP$228,COLUMN(情景假设!AP$165),0) -> 182398.22
A68: 卫生和社会工作 | K68: =K$77*'历史数据 (2001-2022, 当年价) '!K68 -> 7491.8936 | L68: =L$77*'历史数据 (2001-2022, 当年价) '!L68 -> 8747.9466 | M68: =M$77*'历史数据 (2001-2022, 当年价) '!M68 -> 10373.084 | N68: =N$77*'历史数据 (2001-2022, 当年价) '!N68 -> 12436.989 | O68: =O$77*'历史数据 (2001-2022, 当年价) '!O68 -> 14112.736 | P68: =P$77*'历史数据 (2001-2022, 当年价) '!P68 -> 16462.573 | Q68: =Q$77*'历史数据 (2001-2022, 当年价) '!Q68 -> 18426.166 | R68: =R$77*'历史数据 (2001-2022, 当年价) '!R68 -> 19548.122 | ... W68: =W$77*'历史数据 (2001-2022, 当年价) '!W68 -> 26850.541 | X68: =VLOOKUP($A68,情景假设!$A$213:$AP$228,COLUMN(情景假设!E$165),0) -> 27701.851 | Y68: =VLOOKUP($A68,情景假设!$A$213:$AP$228,COLUMN(情景假设!F$165),0) -> 29845.782 | Z68: =VLOOKUP($A68,情景假设!$A$213:$AP$228,COLUMN(情景假设!G$165),0) -> 32631.422 | AA68: =VLOOKUP($A68,情景假设!$A$213:$AP$228,COLUMN(情景假设!H$165),0) -> 35366.865 | AB68: =VLOOKUP($A68,情景假设!$A$213:$AP$228,COLUMN(情景假设!I$165),0) -> 37902.373 | AC68: =VLOOKUP($A68,情景假设!$A$213:$AP$228,COLUMN(情景假设!J$165),0) -> 40273.14 | AD68: =VLOOKUP($A68,情景假设!$A$213:$AP$228,COLUMN(情景假设!K$165),0) -> 42541.603 | AE68: =VLOOKUP($A68,情景假设!$A$213:$AP$228,COLUMN(情景假设!L$165),0) -> 44795.197 | ... BI68: =VLOOKUP($A68,情景假设!$A$213:$AP$228,COLUMN(情景假设!AP$165),0) -> 104660.93
A69: 文化、体育和娱乐 | K69: =K$77*'历史数据 (2001-2022, 当年价) '!K69 -> 3597.1114 | L69: =L$77*'历史数据 (2001-2022, 当年价) '!L69 -> 3916.4866 | M69: =M$77*'历史数据 (2001-2022, 当年价) '!M69 -> 4326.1858 | N69: =N$77*'历史数据 (2001-2022, 当年价) '!N69 -> 4663.8708 | O69: =O$77*'历史数据 (2001-2022, 当年价) '!O69 -> 4997.5055 | P69: =P$77*'历史数据 (2001-2022, 当年价) '!P69 -> 5645.8461 | Q69: =Q$77*'历史数据 (2001-2022, 当年价) '!Q69 -> 6132.0181 | R69: =R$77*'历史数据 (2001-2022, 当年价) '!R69 -> 6982.3453 | ... W69: =W$77*'历史数据 (2001-2022, 当年价) '!W69 -> 7683.564 | X69: =VLOOKUP($A69,情景假设!$A$213:$AP$228,COLUMN(情景假设!E$165),0) -> 7862.6763 | Y69: =VLOOKUP($A69,情景假设!$A$213:$AP$228,COLUMN(情景假设!F$165),0) -> 8309.4242 | Z69: =VLOOKUP($A69,情景假设!$A$213:$AP$228,COLUMN(情景假设!G$165),0) -> 8882.4037 | AA69: =VLOOKUP($A69,情景假设!$A$213:$AP$228,COLUMN(情景假设!H$165),0) -> 9441.536 | AB69: =VLOOKUP($A69,情景假设!$A$213:$AP$228,COLUMN(情景假设!I$165),0) -> 9958.8732 | AC69: =VLOOKUP($A69,情景假设!$A$213:$AP$228,COLUMN(情景假设!J$165),0) -> 10441.51 | AD69: =VLOOKUP($A69,情景假设!$A$213:$AP$228,COLUMN(情景假设!K$165),0) -> 10900.141 | AE69: =VLOOKUP($A69,情景假设!$A$213:$AP$228,COLUMN(情景假设!L$165),0) -> 11348.718 | ... BI69: =VLOOKUP($A69,情景假设!$A$213:$AP$228,COLUMN(情景假设!AP$165),0) -> 20808.02
A70: 公共管理、社会保障和社会组织 | K70: =K$77*'历史数据 (2001-2022, 当年价) '!K70 -> 20738.631 | L70: =L$77*'历史数据 (2001-2022, 当年价) '!L70 -> 21289.324 | M70: =M$77*'历史数据 (2001-2022, 当年价) '!M70 -> 23139.718 | N70: =N$77*'历史数据 (2001-2022, 当年价) '!N70 -> 24450.41 | O70: =O$77*'历史数据 (2001-2022, 当年价) '!O70 -> 27104.109 | P70: =P$77*'历史数据 (2001-2022, 当年价) '!P70 -> 31717.663 | Q70: =Q$77*'历史数据 (2001-2022, 当年价) '!Q70 -> 37197.628 | R70: =R$77*'历史数据 (2001-2022, 当年价) '!R70 -> 40941.79 | ... W70: =W$77*'历史数据 (2001-2022, 当年价) '!W70 -> 54218.037 | X70: =VLOOKUP($A70,情景假设!$A$213:$AP$228,COLUMN(情景假设!E$165),0) -> 55942.707 | Y70: =VLOOKUP($A70,情景假设!$A$213:$AP$228,COLUMN(情景假设!F$165),0) -> 60286.681 | Z70: =VLOOKUP($A70,情景假设!$A$213:$AP$228,COLUMN(情景假设!G$165),0) -> 65931.922 | AA70: =VLOOKUP($A70,情景假设!$A$213:$AP$228,COLUMN(情景假设!H$165),0) -> 71476.124 | AB70: =VLOOKUP($A70,情景假设!$A$213:$AP$228,COLUMN(情景假设!I$165),0) -> 76615.456 | AC70: =VLOOKUP($A70,情景假设!$A$213:$AP$228,COLUMN(情景假设!J$165),0) -> 81421.177 | AD70: =VLOOKUP($A70,情景假设!$A$213:$AP$228,COLUMN(情景假设!K$165),0) -> 86019.988 | AE70: =VLOOKUP($A70,情景假设!$A$213:$AP$228,COLUMN(情景假设!L$165),0) -> 90589.495 | ... BI70: =VLOOKUP($A70,情景假设!$A$213:$AP$228,COLUMN(情景假设!AP$165),0) -> 212295.27
A74: GDP指数（上年=1） | B74: 1.083 | C74: 1.091 | D74: 1.1 | E74: 1.101 | F74: 1.114 | G74: 1.127 | H74: 1.142 | I74: 1.097 | J74: 1.094 | K74: 1.106 | L74: 1.096 | M74: 1.079 | N74: 1.078 | O74: 1.074 | P74: 1.07 | Q74: 1.068 | R74: 1.069 | S74: 1.067 | T74: 1.06 | U74: 1.022 | V74: 1.084 | W74: 1.03
A75: GDP指数（2020年=1） | B75: =C75/C74 -> 0.20569891 | C75: =D75/D74 -> 0.22441752 | D75: =E75/E74 -> 0.24685927 | E75: =F75/F74 -> 0.27179205 | F75: =G75/G74 -> 0.30277635 | G75: =H75/H74 -> 0.34122894 | H75: =I75/I74 -> 0.38968345 | I75: =J75/J74 -> 0.42748275 | ... T75: =U75/U74 -> 0.97847358 | U75: 1 | V75: =U75*V74 -> 1.084 | W75: =V75*W74 -> 1.11652
A76: GDP（2020年不变价人民币） | B76: =$U$76*B75 -> 208489.63 | C76: =$U$76*C75 -> 227462.19 | D76: =$U$76*D75 -> 250208.41 | E76: =$U$76*E75 -> 275479.46 | F76: =$U$76*F75 -> 306884.11 | G76: =$U$76*G75 -> 345858.4 | H76: =$U$76*H75 -> 394970.29 | I76: =$U$76*I75 -> 433282.41 | ... T76: =$U$76*T75 -> 991748.53 | U76: ='[1]增加值 (2001-2022, 当年价) '!U2 -> 1013567 | V76: =$U$76*V75 -> 1098706.6 | W76: =$U$76*W75 -> 1131667.8
A77: 折算系数（不变价/当年价) | B77: =B76/'历史数据 (2001-2022, 当年价) '!B2 -> 1.8806044 | C77: =C76/'历史数据 (2001-2022, 当年价) '!C2 -> 1.868773 | D77: =D76/'历史数据 (2001-2022, 当年价) '!D2 -> 1.8207304 | E77: =E76/'历史数据 (2001-2022, 当年价) '!E2 -> 1.7021695 | F77: =F76/'历史数据 (2001-2022, 当年价) '!F2 -> 1.6382977 | G77: =G76/'历史数据 (2001-2022, 当年价) '!G2 -> 1.5761063 | H77: =H76/'历史数据 (2001-2022, 当年价) '!H2 -> 1.462353 | I77: =I76/'历史数据 (2001-2022, 当年价) '!I2 -> 1.3572114 | ... W77: =W76/'历史数据 (2001-2022, 当年价) '!W2 -> 0.93510254

Sheet 中情景（2001-2060, 2020RMB）
A1: 全国 | B1: 2001 | C1: 2002 | D1: 2003 | E1: 2004 | F1: 2005 | G1: 2006 | H1: 2007 | I1: 2008 | J1: 2009 | K1: 2010 | L1: 2011 | M1: 2012 | N1: 2013 | O1: 2014 | P1: 2015 | Q1: 2016 | R1: 2017 | S1: 2018 | T1: 2019 | U1: 2020 | V1: 2021 | W1: 2022 | X1: 2023 | Y1: 2024 | Z1: 2025 | AA1: 2026 | AB1: 2027 | AC1: 2028 | AD1: 2029 | AE1: 2030 | AF1: 2031 | AG1: 2032 | AH1: 2033 | AI1: 2034 | AJ1: 2035 | AK1: 2036 | AL1: 2037 | AM1: 2038 | AN1: 2039 | AO1: 2040 | AP1: 2041 | AQ1: 2042 | AR1: 2043 | AS1: 2044 | AT1: 2045 | AU1: 2046 | AV1: 2047 | AW1: 2048 | AX1: 2049 | AY1: 2050 | AZ1: 2051 | BA1: 2052 | BB1: 2053 | BC1: 2054 | BD1: 2055 | BE1: 2056 | BF1: 2057 | BG1: 2058 | BH1: 2059 | BI1: 2060
A2: 地区生产总值 | B2: ='历史数据 (2001-2022, 当年价) '!B2*B$77 -> 208489.63 | C2: ='历史数据 (2001-2022, 当年价) '!C2*C$77 -> 227462.19 | D2: ='历史数据 (2001-2022, 当年价) '!D2*D$77 -> 250208.41 | E2: ='历史数据 (2001-2022, 当年价) '!E2*E$77 -> 275479.46 | F2: ='历史数据 (2001-2022, 当年价) '!F2*F$77 -> 306884.11 | G2: ='历史数据 (2001-2022, 当年价) '!G2*G$77 -> 345858.4 | H2: ='历史数据 (2001-2022, 当年价) '!H2*H$77 -> 394970.29 | I2: ='历史数据 (2001-2022, 当年价) '!I2*I$77 -> 433282.41 | ... W2: ='历史数据 (2001-2022, 当年价) '!W2*W$77 -> 1131667.8 | X2: =情景假设!E10 -> 1165087.9 | Y2: =情景假设!F10 -> 1237214.5 | Z2: =情景假设!G10 -> 1325076 | AA2: =情景假设!H10 -> 1413639.4 | AB2: =情景假设!I10 -> 1492187.9 | AC2: =情景假设!J10 -> 1564031 | AD2: =情景假设!K10 -> 1631323.5 | AE2: =情景假设!L10 -> 1699238.7 | ... BI2: =情景假设!AP10 -> 3359274.1
A3: 农业 | B3: ='历史数据 (2001-2022, 当年价) '!B3*B$77 -> 29675.937 | C3: ='历史数据 (2001-2022, 当年价) '!C3*C$77 -> 30901.469 | D3: ='历史数据 (2001-2022, 当年价) '!D3*D$77 -> 31645.386 | E3: ='历史数据 (2001-2022, 当年价) '!E3*E$77 -> 36444.641 | F3: ='历史数据 (2001-2022, 当年价) '!F3*F$77 -> 36724.408 | G3: ='历史数据 (2001-2022, 当年价) '!G3*G$77 -> 37883.921 | H3: ='历史数据 (2001-2022, 当年价) '!H3*H$77 -> 41653.225 | I3: ='历史数据 (2001-2022, 当年价) '!I3*I$77 -> 45368.998 | ... W3: ='历史数据 (2001-2022, 当年价) '!W3*W$77 -> 86574.037 | X3: =情景假设!E30 -> 90558.743 | Y3: =情景假设!F30 -> 95114.072 | Z3: =情景假设!G30 -> 98055.627 | AA3: =情景假设!H30 -> 104045.39 | AB3: =情景假设!I30 -> 108382.38 | AC3: =情景假设!J30 -> 112609.19 | AD3: =情景假设!K30 -> 116709 | AE3: =情景假设!L30 -> 122345.18 | ... BI3: =情景假设!AP30 -> 161245.16
A4: 工业 | B4: ='历史数据 (2001-2022, 当年价) '!B4*B$77 -> 82472.589 | C4: ='历史数据 (2001-2022, 当年价) '!C4*C$77 -> 89280.442 | D4: ='历史数据 (2001-2022, 当年价) '!D4*D$77 -> 100799.64 | E4: ='历史数据 (2001-2022, 当年价) '!E4*E$77 -> 111960.03 | F4: ='历史数据 (2001-2022, 当年价) '!F4*F$77 -> 127718.9 | G4: ='历史数据 (2001-2022, 当年价) '!G4*G$77 -> 145373.42 | H4: ='历史数据 (2001-2022, 当年价) '!H4*H$77 -> 163331.38 | I4: ='历史数据 (2001-2022, 当年价) '!I4*I$77 -> 178777.31 | ... W4: ='历史数据 (2001-2022, 当年价) '!W4*W$77 -> 375578.61 | X4: =情景假设!E31 -> 382017.76 | Y4: =情景假设!F31 -> 397956.03 | Z4: =情景假设!G31 -> 418061.49 | AA4: =情景假设!H31 -> 437012.43 | AB4: =情景假设!I31 -> 453769.03 | AC4: =情景假设!J31 -> 468688.24 | AD4: =情景假设!K31 -> 482310.21 | AE4: =情景假设!L31 -> 495328.07 | ... BI4: =情景假设!AP31 -> 759195.95
A5: 建筑业 | B5: ='历史数据 (2001-2022, 当年价) '!B5*B$77 -> 11181.133 | C5: ='历史数据 (2001-2022, 当年价) '!C5*C$77 -> 12113.573 | D5: ='历史数据 (2001-2022, 当年价) '!D5*D$77 -> 13675.142 | E5: ='历史数据 (2001-2022, 当年价) '!E5*E$77 -> 14843.769 | F5: ='历史数据 (2001-2022, 当年价) '!F5*F$77 -> 17039.115 | G5: ='历史数据 (2001-2022, 当年价) '!G5*G$77 -> 19622.681 | H5: ='历史数据 (2001-2022, 当年价) '!H5*H$77 -> 22444.194 | I5: ='历史数据 (2001-2022, 当年价) '!I5*I$77 -> 25525.889 | ... W5: ='历史数据 (2001-2022, 当年价) '!W5*W$77 -> 77971.749 | X5: =情景假设!E32 -> 82115.328 | Y5: =情景假设!F32 -> 86399.496 | Z5: =情景假设!G32 -> 90105.171 | AA5: =情景假设!H32 -> 94727.032 | AB5: =情景假设!I32 -> 98731.578 | AC5: =情景假设!J32 -> 102606.85 | AD5: =情景假设!K32 -> 106337.87 | AE5: =情景假设!L32 -> 110450.51 | ... BI5: =情景假设!AP32 -> 154526.61
A6: 交运仓邮 | B6: ='历史数据 (2001-2022, 当年价) '!B6*B$77 -> 12922.197 | C6: ='历史数据 (2001-2022, 当年价) '!C6*C$77 -> 14005.145 | D6: ='历史数据 (2001-2022, 当年价) '!D6*D$77 -> 14410.717 | E6: ='历史数据 (2001-2022, 当年价) '!E6*E$77 -> 15841.241 | F6: ='历史数据 (2001-2022, 当年价) '!F6*F$77 -> 17478.67 | G6: ='历史数据 (2001-2022, 当年价) '!G6*G$77 -> 19206.904 | H6: ='历史数据 (2001-2022, 当年价) '!H6*H$77 -> 21357.812 | I6: ='历史数据 (2001-2022, 当年价) '!I6*I$77 -> 22214.293 | ... W6: ='历史数据 (2001-2022, 当年价) '!W6*W$77 -> 46450.003 | X6: =X57 -> 47719.386 | Y6: =Y57 -> 50897.498 | Z6: =Z57 -> 54992.312 | AA6: =AA57 -> 58983.241 | AB6: =AB57 -> 62634.894 | AC6: =AC57 -> 65964.575 | AD6: =AD57 -> 69017.233 | AE6: =AE57 -> 71862.502 | ... BI6: =BI57 -> 115357.47
A7: 批发零售 | B7: ='历史数据 (2001-2022, 当年价) '!B7*B$77 -> 17152.616 | C7: ='历史数据 (2001-2022, 当年价) '!C7*C$77 -> 18681.75 | D7: ='历史数据 (2001-2022, 当年价) '!D7*D$77 -> 20339.743 | E7: ='历史数据 (2001-2022, 当年价) '!E7*E$77 -> 21201.883 | F7: ='历史数据 (2001-2022, 当年价) '!F7*F$77 -> 22884.561 | G7: ='历史数据 (2001-2022, 当年价) '!G7*G$77 -> 26058.396 | H7: ='历史数据 (2001-2022, 当年价) '!H7*H$77 -> 30623.281 | I7: ='历史数据 (2001-2022, 当年价) '!I7*I$77 -> 35540.209 | ... W7: ='历史数据 (2001-2022, 当年价) '!W7*W$77 -> 107085.79 | X7: =X58 -> 110187.97 | Y7: =Y58 -> 117957.97 | Z7: =Z58 -> 127964.77 | AA7: =AA58 -> 137678.81 | AB7: =AB58 -> 146540.6 | AC7: =AC58 -> 154642.18 | AD7: =AD58 -> 162159.37 | AE7: =AE58 -> 169342.16 | ... BI7: =BI58 -> 340643.61
A8: 餐饮住宿 | B8: ='历史数据 (2001-2022, 当年价) '!B8*B$77 -> 4513.6386 | C8: ='历史数据 (2001-2022, 当年价) '!C8*C$77 -> 5092.0326 | D8: ='历史数据 (2001-2022, 当年价) '!D8*D$77 -> 5691.7852 | E8: ='历史数据 (2001-2022, 当年价) '!E8*E$77 -> 6238.1109 | F8: ='历史数据 (2001-2022, 当年价) '!F8*F$77 -> 6873.8055 | G8: ='历史数据 (2001-2022, 当年价) '!G8*G$77 -> 7553.6469 | H8: ='历史数据 (2001-2022, 当年价) '!H8*H$77 -> 8113.2808 | I8: ='历史数据 (2001-2022, 当年价) '!I8*I$77 -> 8979.4463 | ... W8: ='历史数据 (2001-2022, 当年价) '!W8*W$77 -> 16696.536 | X8: =X59 -> 16997.043 | Y8: =Y59 -> 17740.303 | Z8: =Z59 -> 18681.397 | AA8: =AA59 -> 19587.113 | AB8: =AB59 -> 20409.148 | AC8: =AC59 -> 21153.65 | AD8: =AD59 -> 21830.539 | AE8: =AE59 -> 22453.031 | ... BI8: =BI59 -> 29414.023
A9: 金融业 | B9: ='历史数据 (2001-2022, 当年价) '!B9*B$77 -> 9784.4085 | C9: ='历史数据 (2001-2022, 当年价) '!C9*C$77 -> 10382.529 | D9: ='历史数据 (2001-2022, 当年价) '!D9*D$77 -> 11007.59 | E9: ='历史数据 (2001-2022, 当年价) '!E9*E$77 -> 11234.659 | F9: ='历史数据 (2001-2022, 当年价) '!F9*F$77 -> 12264.296 | G9: ='历史数据 (2001-2022, 当年价) '!G9*G$77 -> 15717.405 | H9: ='历史数据 (2001-2022, 当年价) '!H9*H$77 -> 22227.766 | I9: ='历史数据 (2001-2022, 当年价) '!I9*I$77 -> 24898.857 | ... W9: ='历史数据 (2001-2022, 当年价) '!W9*W$77 -> 90528.212 | X9: =X60 -> 93278.173 | Y9: =Y60 -> 100143.9 | Z9: =Z60 -> 108918.51 | AA9: =AA60 -> 117289.32 | AB9: =AB60 -> 124793.43 | AC9: =AC60 -> 131601.51 | AD9: =AD60 -> 137982.92 | AE9: =AE60 -> 144292.75 | ... BI9: =BI60 -> 319653.26
A10: 房地产 | B10: ='历史数据 (2001-2022, 当年价) '!B10*B$77 -> 8849.7481 | C10: ='历史数据 (2001-2022, 当年价) '!C10*C$77 -> 9968.9695 | D10: ='历史数据 (2001-2022, 当年价) '!D10*D$77 -> 11210.237 | E10: ='历史数据 (2001-2022, 当年价) '!E10*E$77 -> 12174.087 | F10: ='历史数据 (2001-2022, 当年价) '!F10*F$77 -> 13897.188 | G10: ='历史数据 (2001-2022, 当年价) '!G10*G$77 -> 16266.835 | H10: ='历史数据 (2001-2022, 当年价) '!H10*H$77 -> 20054.709 | I10: ='历史数据 (2001-2022, 当年价) '!I10*I$77 -> 19815.693 | ... W10: ='历史数据 (2001-2022, 当年价) '!W10*W$77 -> 69030.485 | X10: =X61 -> 70788.974 | Y10: =Y61 -> 75148.727 | Z10: =Z61 -> 80664.391 | AA10: =AA61 -> 85883.054 | AB10: =AB61 -> 90534.218 | AC10: =AC61 -> 94732.767 | AD10: =AD61 -> 98644.394 | AE10: =AE61 -> 102478.29 | ... BI10: =BI61 -> 197114.91
A11: 其他三产 | B11: ='历史数据 (2001-2022, 当年价) '!B11*B$77 -> 31937.552 | C11: ='历史数据 (2001-2022, 当年价) '!C11*C$77 -> 37036.464 | D11: ='历史数据 (2001-2022, 当年价) '!D11*D$77 -> 41428.534 | E11: ='历史数据 (2001-2022, 当年价) '!E11*E$77 -> 45540.865 | F11: ='历史数据 (2001-2022, 当年价) '!F11*F$77 -> 52003.008 | G11: ='历史数据 (2001-2022, 当年价) '!G11*G$77 -> 58175.344 | H11: ='历史数据 (2001-2022, 当年价) '!H11*H$77 -> 65164.644 | I11: ='历史数据 (2001-2022, 当年价) '!I11*I$77 -> 72161.98 | ... W11: ='历史数据 (2001-2022, 当年价) '!W11*W$77 -> 261752.41 | X11: =SUM(X62:X70) -> 271424.53 | Y11: =SUM(Y62:Y70) -> 295856.51 | Z11: =SUM(Z62:Z70) -> 327632.37 | AA11: =SUM(AA62:AA70) -> 358433.03 | AB11: =SUM(AB62:AB70) -> 386392.64 | AC11: =SUM(AC62:AC70) -> 412032.07 | AD11: =SUM(AD62:AD70) -> 436331.97 | AE11: =SUM(AE62:AE70) -> 460686.16 | ... BI11: =SUM(BI62:BI70) -> 1282123.1
A13: 工业 | B13: =B4 -> 82472.589 | C13: =C4 -> 89280.442 | D13: =D4 -> 100799.64 | E13: =E4 -> 111960.03 | F13: =F4 -> 127718.9 | G13: =G4 -> 145373.42 | H13: =H4 -> 163331.38 | I13: =I4 -> 178777.31 | ... BI13: =BI4 -> 759195.95
A14: 煤炭开采和洗选业 | I14: ='历史数据 (2001-2022, 当年价) '!I14*I$77 -> 11675.691 | J14: ='历史数据 (2001-2022, 当年价) '!J14*J$77 -> 11986.509 | K14: ='历史数据 (2001-2022, 当年价) '!K14*K$77 -> 13642.403 | L14: ='历史数据 (2001-2022, 当年价) '!L14*L$77 -> 15284.767 | M14: ='历史数据 (2001-2022, 当年价) '!M14*M$77 -> 15977.001 | N14: ='历史数据 (2001-2022, 当年价) '!N14*N$77 -> 16042.647 | O14: ='历史数据 (2001-2022, 当年价) '!O14*O$77 -> 15765.053 | P14: ='历史数据 (2001-2022, 当年价) '!P14*P$77 -> 15240.596 | ... W14: ='历史数据 (2001-2022, 当年价) '!W14*W$77 -> 18002.061 | X14: =VLOOKUP($A14,情景假设!$A$436:$AP$499,COLUMN(情景假设!E$436),0) -> 18230.824 | Y14: =VLOOKUP($A14,情景假设!$A$436:$AP$499,COLUMN(情景假设!F$436),0) -> 18789.392 | Z14: =VLOOKUP($A14,情景假设!$A$436:$AP$499,COLUMN(情景假设!G$436),0) -> 19481.526 | AA14: =VLOOKUP($A14,情景假设!$A$436:$AP$499,COLUMN(情景假设!H$436),0) -> 20127.328 | AB14: =VLOOKUP($A14,情景假设!$A$436:$AP$499,COLUMN(情景假设!I$436),0) -> 20688.169 | AC14: =VLOOKUP($A14,情景假设!$A$436:$AP$499,COLUMN(情景假设!J$436),0) -> 21165.004 | AD14: =VLOOKUP($A14,情景假设!$A$436:$AP$499,COLUMN(情景假设!K$436),0) -> 21560.687 | AE14: =VLOOKUP($A14,情景假设!$A$436:$AP$499,COLUMN(情景假设!L$436),0) -> 21879.75 | ... BI14: =VLOOKUP($A14,情景假设!$A$436:$AP$499,COLUMN(情景假设!AP$436),0) -> 18408.036
A15: 石油和天然气开采业 | I15: ='历史数据 (2001-2022, 当年价) '!I15*I$77 -> 12283.18 | J15: ='历史数据 (2001-2022, 当年价) '!J15*J$77 -> 12202.638 | K15: ='历史数据 (2001-2022, 当年价) '!K15*K$77 -> 11826.461 | L15: ='历史数据 (2001-2022, 当年价) '!L15*L$77 -> 11943.372 | M15: ='历史数据 (2001-2022, 当年价) '!M15*M$77 -> 11733.855 | N15: ='历史数据 (2001-2022, 当年价) '!N15*N$77 -> 11403.08 | O15: ='历史数据 (2001-2022, 当年价) '!O15*O$77 -> 11315.091 | P15: ='历史数据 (2001-2022, 当年价) '!P15*P$77 -> 11185.569 | ... W15: ='历史数据 (2001-2022, 当年价) '!W15*W$77 -> 12304.163 | X15: =VLOOKUP($A15,情景假设!$A$436:$AP$499,COLUMN(情景假设!E$436),0) -> 12386.806 | Y15: =VLOOKUP($A15,情景假设!$A$436:$AP$499,COLUMN(情景假设!F$436),0) -> 12593.494 | Z15: =VLOOKUP($A15,情景假设!$A$436:$AP$499,COLUMN(情景假设!G$436),0) -> 12862.06 | AA15: =VLOOKUP($A15,情景假设!$A$436:$AP$499,COLUMN(情景假设!H$436),0) -> 13136.448 | AB15: =VLOOKUP($A15,情景假设!$A$436:$AP$499,COLUMN(情景假设!I$436),0) -> 13396.357 | AC15: =VLOOKUP($A15,情景假设!$A$436:$AP$499,COLUMN(情景假设!J$436),0) -> 13630.225 | AD15: =VLOOKUP($A15,情景假设!$A$436:$AP$499,COLUMN(情景假设!K$436),0) -> 13825.892 | AE15: =VLOOKUP($A15,情景假设!$A$436:$AP$499,COLUMN(情景假设!L$436),0) -> 13970.866 | ... BI15: =VLOOKUP($A15,情景假设!$A$436:$AP$499,COLUMN(情景假设!AP$436),0) -> 12863.368
A16: 黑色金属矿采选业 | I16: ='历史数据 (2001-2022, 当年价) '!I16*I$77 -> 2043.0119 | J16: ='历史数据 (2001-2022, 当年价) '!J16*J$77 -> 2426.6303 | K16: ='历史数据 (2001-2022, 当年价) '!K16*K$77 -> 2841.9829 | L16: ='历史数据 (2001-2022, 当年价) '!L16*L$77 -> 3276.9674 | M16: ='历史数据 (2001-2022, 当年价) '!M16*M$77 -> 3762.3007 | N16: ='历史数据 (2001-2022, 当年价) '!N16*N$77 -> 4110.145 | O16: ='历史数据 (2001-2022, 当年价) '!O16*O$77 -> 4358.2065 | P16: ='历史数据 (2001-2022, 当年价) '!P16*P$77 -> 4238.0297 | ... W16: ='历史数据 (2001-2022, 当年价) '!W16*W$77 -> 4568.3237 | X16: =VLOOKUP($A16,情景假设!$A$436:$AP$499,COLUMN(情景假设!E$436),0) -> 4572.8412 | Y16: =VLOOKUP($A16,情景假设!$A$436:$AP$499,COLUMN(情景假设!F$436),0) -> 4588.5883 | Z16: =VLOOKUP($A16,情景假设!$A$436:$AP$499,COLUMN(情景假设!G$436),0) -> 4618.9532 | AA16: =VLOOKUP($A16,情景假设!$A$436:$AP$499,COLUMN(情景假设!H$436),0) -> 4665.9878 | AB16: =VLOOKUP($A16,情景假设!$A$436:$AP$499,COLUMN(情景假设!I$436),0) -> 4725.7233 | AC16: =VLOOKUP($A16,情景假设!$A$436:$AP$499,COLUMN(情景假设!J$436),0) -> 4792.5097 | AD16: =VLOOKUP($A16,情景假设!$A$436:$AP$499,COLUMN(情景假设!K$436),0) -> 4860.4118 | AE16: =VLOOKUP($A16,情景假设!$A$436:$AP$499,COLUMN(情景假设!L$436),0) -> 4923.159 | ... BI16: =VLOOKUP($A16,情景假设!$A$436:$AP$499,COLUMN(情景假设!AP$436),0) -> 3497.0983
A17: 有色金属矿采选业 | I17: ='历史数据 (2001-2022, 当年价) '!I17*I$77 -> 1310.7958 | J17: ='历史数据 (2001-2022, 当年价) '!J17*J$77 -> 1488.5845 | K17: ='历史数据 (2001-2022, 当年价) '!K17*K$77 -> 1607.492 | L17: ='历史数据 (2001-2022, 当年价) '!L17*L$77 -> 1784.0221 | M17: ='历史数据 (2001-2022, 当年价) '!M17*M$77 -> 1958.2296 | N17: ='历史数据 (2001-2022, 当年价) '!N17*N$77 -> 2036.9648 | O17: ='历史数据 (2001-2022, 当年价) '!O17*O$77 -> 2097.41 | P17: ='历史数据 (2001-2022, 当年价) '!P17*P$77 -> 2075.3912 | ... W17: ='历史数据 (2001-2022, 当年价) '!W17*W$77 -> 2146.8176 | X17: =VLOOKUP($A17,情景假设!$A$436:$AP$499,COLUMN(情景假设!E$436),0) -> 2135.3558 | Y17: =VLOOKUP($A17,情景假设!$A$436:$AP$499,COLUMN(情景假设!F$436),0) -> 2111.1975 | Z17: =VLOOKUP($A17,情景假设!$A$436:$AP$499,COLUMN(情景假设!G$436),0) -> 2089.3965 | AA17: =VLOOKUP($A17,情景假设!$A$436:$AP$499,COLUMN(情景假设!H$436),0) -> 2081.306 | AB17: =VLOOKUP($A17,情景假设!$A$436:$AP$499,COLUMN(情景假设!I$436),0) -> 2085.5593 | AC17: =VLOOKUP($A17,情景假设!$A$436:$AP$499,COLUMN(情景假设!J$436),0) -> 2097.8236 | AD17: =VLOOKUP($A17,情景假设!$A$436:$AP$499,COLUMN(情景假设!K$436),0) -> 2113.7978 | AE17: =VLOOKUP($A17,情景假设!$A$436:$AP$499,COLUMN(情景假设!L$436),0) -> 2129.0909 | ... BI17: =VLOOKUP($A17,情景假设!$A$436:$AP$499,COLUMN(情景假设!AP$436),0) -> 1379.1979
A18: 非金属矿采选业 | I18: ='历史数据 (2001-2022, 当年价) '!I18*I$77 -> 740.76654 | J18: ='历史数据 (2001-2022, 当年价) '!J18*J$77 -> 844.04866 | K18: ='历史数据 (2001-2022, 当年价) '!K18*K$77 -> 1022.9457 | L18: ='历史数据 (2001-2022, 当年价) '!L18*L$77 -> 1214.8999 | M18: ='历史数据 (2001-2022, 当年价) '!M18*M$77 -> 1274.5479 | N18: ='历史数据 (2001-2022, 当年价) '!N18*N$77 -> 1356.0634 | O18: ='历史数据 (2001-2022, 当年价) '!O18*O$77 -> 1401.5038 | P18: ='历史数据 (2001-2022, 当年价) '!P18*P$77 -> 1417.3718 | ... W18: ='历史数据 (2001-2022, 当年价) '!W18*W$77 -> 1532.414 | X18: =VLOOKUP($A18,情景假设!$A$436:$AP$499,COLUMN(情景假设!E$436),0) -> 1525.4416 | Y18: =VLOOKUP($A18,情景假设!$A$436:$AP$499,COLUMN(情景假设!F$436),0) -> 1510.9719 | Z18: =VLOOKUP($A18,情景假设!$A$436:$AP$499,COLUMN(情景假设!G$436),0) -> 1498.5183 | AA18: =VLOOKUP($A18,情景假设!$A$436:$AP$499,COLUMN(情景假设!H$436),0) -> 1495.2497 | AB18: =VLOOKUP($A18,情景假设!$A$436:$AP$499,COLUMN(情景假设!I$436),0) -> 1500.0398 | AC18: =VLOOKUP($A18,情景假设!$A$436:$AP$499,COLUMN(情景假设!J$436),0) -> 1509.7956 | AD18: =VLOOKUP($A18,情景假设!$A$436:$AP$499,COLUMN(情景假设!K$436),0) -> 1521.4188 | AE18: =VLOOKUP($A18,情景假设!$A$436:$AP$499,COLUMN(情景假设!L$436),0) -> 1531.7348 | ... BI18: =VLOOKUP($A18,情景假设!$A$436:$AP$499,COLUMN(情景假设!AP$436),0) -> 993.90799
A19: 开采专业及辅助性活动 | I19: ='历史数据 (2001-2022, 当年价) '!I19*I$77 -> 622.2819 | J19: ='历史数据 (2001-2022, 当年价) '!J19*J$77 -> 708.94586 | K19: ='历史数据 (2001-2022, 当年价) '!K19*K$77 -> 796.67193 | L19: ='历史数据 (2001-2022, 当年价) '!L19*L$77 -> 897.68406 | M19: ='历史数据 (2001-2022, 当年价) '!M19*M$77 -> 975.9413 | N19: ='历史数据 (2001-2022, 当年价) '!N19*N$77 -> 974.38864 | O19: ='历史数据 (2001-2022, 当年价) '!O19*O$77 -> 903.34619 | P19: ='历史数据 (2001-2022, 当年价) '!P19*P$77 -> 755.02694 | ... W19: ='历史数据 (2001-2022, 当年价) '!W19*W$77 -> 1144.4328 | X19: =VLOOKUP($A19,情景假设!$A$436:$AP$499,COLUMN(情景假设!E$436),0) -> 1183.1628 | Y19: =VLOOKUP($A19,情景假设!$A$436:$AP$499,COLUMN(情景假设!F$436),0) -> 1281.618 | Z19: =VLOOKUP($A19,情景假设!$A$436:$AP$499,COLUMN(情景假设!G$436),0) -> 1411.7572 | AA19: =VLOOKUP($A19,情景假设!$A$436:$AP$499,COLUMN(情景假设!H$436),0) -> 1543.2161 | AB19: =VLOOKUP($A19,情景假设!$A$436:$AP$499,COLUMN(情景假设!I$436),0) -> 1669.32 | AC19: =VLOOKUP($A19,情景假设!$A$436:$AP$499,COLUMN(情景假设!J$436),0) -> 1791.5544 | AD19: =VLOOKUP($A19,情景假设!$A$436:$AP$499,COLUMN(情景假设!K$436),0) -> 1912.6233 | AE19: =VLOOKUP($A19,情景假设!$A$436:$AP$499,COLUMN(情景假设!L$436),0) -> 2036.4296 | ... BI19: =VLOOKUP($A19,情景假设!$A$436:$AP$499,COLUMN(情景假设!AP$436),0) -> 4953.5715
A20: 其他采矿业 | I20: ='历史数据 (2001-2022, 当年价) '!I20*I$77 -> 4.2073585 | J20: ='历史数据 (2001-2022, 当年价) '!J20*J$77 -> 5.6913482 | K20: ='历史数据 (2001-2022, 当年价) '!K20*K$77 -> 6.6710309 | L20: ='历史数据 (2001-2022, 当年价) '!L20*L$77 -> 7.8715587 | M20: ='历史数据 (2001-2022, 当年价) '!M20*M$77 -> 7.9058265 | N20: ='历史数据 (2001-2022, 当年价) '!N20*N$77 -> 8.4565158 | O20: ='历史数据 (2001-2022, 当年价) '!O20*O$77 -> 7.8642757 | P20: ='历史数据 (2001-2022, 当年价) '!P20*P$77 -> 7.6399587 | ... W20: ='历史数据 (2001-2022, 当年价) '!W20*W$77 -> 9.2604801 | X20: =VLOOKUP($A20,情景假设!$A$436:$AP$499,COLUMN(情景假设!E$436),0) -> 9.3957765 | Y20: =VLOOKUP($A20,情景假设!$A$436:$AP$499,COLUMN(情景假设!F$436),0) -> 9.7357773 | Z20: =VLOOKUP($A20,情景假设!$A$436:$AP$499,COLUMN(情景假设!G$436),0) -> 10.18024 | AA20: =VLOOKUP($A20,情景假设!$A$436:$AP$499,COLUMN(情景假设!H$436),0) -> 10.636373 | AB20: =VLOOKUP($A20,情景假设!$A$436:$AP$499,COLUMN(情景假设!I$436),0) -> 11.084803 | AC20: =VLOOKUP($A20,情景假设!$A$436:$AP$499,COLUMN(情景假设!J$436),0) -> 11.526569 | AD20: =VLOOKUP($A20,情景假设!$A$436:$AP$499,COLUMN(情景假设!K$436),0) -> 11.963233 | AE20: =VLOOKUP($A20,情景假设!$A$436:$AP$499,COLUMN(情景假设!L$436),0) -> 12.396876 | ... BI20: =VLOOKUP($A20,情景假设!$A$436:$AP$499,COLUMN(情景假设!AP$436),0) -> 15.87038
A21: 农副食品加工业 | I21: ='历史数据 (2001-2022, 当年价) '!I21*I$77 -> 6050.1815 | J21: ='历史数据 (2001-2022, 当年价) '!J21*J$77 -> 6647.1198 | K21: ='历史数据 (2001-2022, 当年价) '!K21*K$77 -> 7423.383 | L21: ='历史数据 (2001-2022, 当年价) '!L21*L$77 -> 8138.7355 | M21: ='历史数据 (2001-2022, 当年价) '!M21*M$77 -> 8801.7564 | N21: ='历史数据 (2001-2022, 当年价) '!N21*N$77 -> 9147.2904 | O21: ='历史数据 (2001-2022, 当年价) '!O21*O$77 -> 9445.0378 | P21: ='历史数据 (2001-2022, 当年价) '!P21*P$77 -> 9453.4097 | ... W21: ='历史数据 (2001-2022, 当年价) '!W21*W$77 -> 11981.684 | X21: =VLOOKUP($A21,情景假设!$A$436:$AP$499,COLUMN(情景假设!E$436),0) -> 12030.216 | Y21: =VLOOKUP($A21,情景假设!$A$436:$AP$499,COLUMN(情景假设!F$436),0) -> 12160.859 | Z21: =VLOOKUP($A21,情景假设!$A$436:$AP$499,COLUMN(情景假设!G$436),0) -> 12351.699 | AA21: =VLOOKUP($A21,情景假设!$A$436:$AP$499,COLUMN(情景假设!H$436),0) -> 12582.585 | AB21: =VLOOKUP($A21,情景假设!$A$436:$AP$499,COLUMN(情景假设!I$436),0) -> 12840.862 | AC21: =VLOOKUP($A21,情景假设!$A$436:$AP$499,COLUMN(情景假设!J$436),0) -> 13115.136 | AD21: =VLOOKUP($A21,情景假设!$A$436:$AP$499,COLUMN(情景假设!K$436),0) -> 13393.036 | AE21: =VLOOKUP($A21,情景假设!$A$436:$AP$499,COLUMN(情景假设!L$436),0) -> 13661.111 | ... BI21: =VLOOKUP($A21,情景假设!$A$436:$AP$499,COLUMN(情景假设!AP$436),0) -> 12758.433
A22: 食品制造业 | I22: ='历史数据 (2001-2022, 当年价) '!I22*I$77 -> 2840.6456 | J22: ='历史数据 (2001-2022, 当年价) '!J22*J$77 -> 3072.4467 | K22: ='历史数据 (2001-2022, 当年价) '!K22*K$77 -> 3437.2203 | L22: ='历史数据 (2001-2022, 当年价) '!L22*L$77 -> 3867.5299 | M22: ='历史数据 (2001-2022, 当年价) '!M22*M$77 -> 4116.3241 | N22: ='历史数据 (2001-2022, 当年价) '!N22*N$77 -> 4301.3823 | O22: ='历史数据 (2001-2022, 当年价) '!O22*O$77 -> 4478.5085 | P22: ='历史数据 (2001-2022, 当年价) '!P22*P$77 -> 4567.4541 | ... W22: ='历史数据 (2001-2022, 当年价) '!W22*W$77 -> 6627.92 | X22: =VLOOKUP($A22,情景假设!$A$436:$AP$499,COLUMN(情景假设!E$436),0) -> 6697.3679 | Y22: =VLOOKUP($A22,情景假设!$A$436:$AP$499,COLUMN(情景假设!F$436),0) -> 6872.8775 | Z22: =VLOOKUP($A22,情景假设!$A$436:$AP$499,COLUMN(情景假设!G$436),0) -> 7104.953 | AA22: =VLOOKUP($A22,情景假设!$A$436:$AP$499,COLUMN(情景假设!H$436),0) -> 7348.9187 | AB22: =VLOOKUP($A22,情景假设!$A$436:$AP$499,COLUMN(情景假设!I$436),0) -> 7593.8177 | AC22: =VLOOKUP($A22,情景假设!$A$436:$AP$499,COLUMN(情景假设!J$436),0) -> 7837.4915 | AD22: =VLOOKUP($A22,情景假设!$A$436:$AP$499,COLUMN(情景假设!K$436),0) -> 8077.5544 | AE22: =VLOOKUP($A22,情景假设!$A$436:$AP$499,COLUMN(情景假设!L$436),0) -> 8311.4022 | ... BI22: =VLOOKUP($A22,情景假设!$A$436:$AP$499,COLUMN(情景假设!AP$436),0) -> 9823.0481
A23: 酒、饮料和精制茶制造业 | I23: ='历史数据 (2001-2022, 当年价) '!I23*I$77 -> 3020.3405 | J23: ='历史数据 (2001-2022, 当年价) '!J23*J$77 -> 3281.1206 | K23: ='历史数据 (2001-2022, 当年价) '!K23*K$77 -> 3651.5507 | L23: ='历史数据 (2001-2022, 当年价) '!L23*L$77 -> 4171.8493 | M23: ='历史数据 (2001-2022, 当年价) '!M23*M$77 -> 4468.021 | N23: ='历史数据 (2001-2022, 当年价) '!N23*N$77 -> 4677.3794 | O23: ='历史数据 (2001-2022, 当年价) '!O23*O$77 -> 4775.8177 | P23: ='历史数据 (2001-2022, 当年价) '!P23*P$77 -> 4879.7297 | ... W23: ='历史数据 (2001-2022, 当年价) '!W23*W$77 -> 7272.1185 | X23: =VLOOKUP($A23,情景假设!$A$436:$AP$499,COLUMN(情景假设!E$436),0) -> 7383.0033 | Y23: =VLOOKUP($A23,情景假设!$A$436:$AP$499,COLUMN(情景假设!F$436),0) -> 7661.7259 | Z23: =VLOOKUP($A23,情景假设!$A$436:$AP$499,COLUMN(情景假设!G$436),0) -> 8026.1518 | AA23: =VLOOKUP($A23,情景假设!$A$436:$AP$499,COLUMN(情景假设!H$436),0) -> 8399.8135 | AB23: =VLOOKUP($A23,情景假设!$A$436:$AP$499,COLUMN(情景假设!I$436),0) -> 8766.4109 | AC23: =VLOOKUP($A23,情景假设!$A$436:$AP$499,COLUMN(情景假设!J$436),0) -> 9126.4275 | AD23: =VLOOKUP($A23,情景假设!$A$436:$AP$499,COLUMN(情景假设!K$436),0) -> 9480.7678 | AE23: =VLOOKUP($A23,情景假设!$A$436:$AP$499,COLUMN(情景假设!L$436),0) -> 9830.7539 | ... BI23: =VLOOKUP($A23,情景假设!$A$436:$AP$499,COLUMN(情景假设!AP$436),0) -> 14867.614
A24: 烟草制品业 | I24: ='历史数据 (2001-2022, 当年价) '!I24*I$77 -> 5910.2529 | J24: ='历史数据 (2001-2022, 当年价) '!J24*J$77 -> 6061.9868 | K24: ='历史数据 (2001-2022, 当年价) '!K24*K$77 -> 6587.4238 | L24: ='历史数据 (2001-2022, 当年价) '!L24*L$77 -> 7127.2733 | M24: ='历史数据 (2001-2022, 当年价) '!M24*M$77 -> 7416.1355 | N24: ='历史数据 (2001-2022, 当年价) '!N24*N$77 -> 7552.2827 | O24: ='历史数据 (2001-2022, 当年价) '!O24*O$77 -> 7834.315 | P24: ='历史数据 (2001-2022, 当年价) '!P24*P$77 -> 7685.1773 | ... W24: ='历史数据 (2001-2022, 当年价) '!W24*W$77 -> 9019.4532 | X24: =VLOOKUP($A24,情景假设!$A$436:$AP$499,COLUMN(情景假设!E$436),0) -> 9111.7768 | Y24: =VLOOKUP($A24,情景假设!$A$436:$AP$499,COLUMN(情景假设!F$436),0) -> 9345.7688 | Z24: =VLOOKUP($A24,情景假设!$A$436:$AP$499,COLUMN(情景假设!G$436),0) -> 9656.7536 | AA24: =VLOOKUP($A24,情景假设!$A$436:$AP$499,COLUMN(情景假设!H$436),0) -> 9986.4475 | AB24: =VLOOKUP($A24,情景假设!$A$436:$AP$499,COLUMN(情景假设!I$436),0) -> 10320.303 | AC24: =VLOOKUP($A24,情景假设!$A$436:$AP$499,COLUMN(情景假设!J$436),0) -> 10655.104 | AD24: =VLOOKUP($A24,情景假设!$A$436:$AP$499,COLUMN(情景假设!K$436),0) -> 10987.254 | AE24: =VLOOKUP($A24,情景假设!$A$436:$AP$499,COLUMN(情景假设!L$436),0) -> 11312.775 | ... BI24: =VLOOKUP($A24,情景假设!$A$436:$AP$499,COLUMN(情景假设!AP$436),0) -> 14020.793
A25: 纺织业 | I25: ='历史数据 (2001-2022, 当年价) '!I25*I$77 -> 5647.7681 | J25: ='历史数据 (2001-2022, 当年价) '!J25*J$77 -> 5808.8245 | K25: ='历史数据 (2001-2022, 当年价) '!K25*K$77 -> 6295.3948 | L25: ='历史数据 (2001-2022, 当年价) '!L25*L$77 -> 6551.1999 | M25: ='历史数据 (2001-2022, 当年价) '!M25*M$77 -> 6997.5786 | N25: ='历史数据 (2001-2022, 当年价) '!N25*N$77 -> 7225.7533 | O25: ='历史数据 (2001-2022, 当年价) '!O25*O$77 -> 7391.6787 | P25: ='历史数据 (2001-2022, 当年价) '!P25*P$77 -> 7503.4187 | ... W25: ='历史数据 (2001-2022, 当年价) '!W25*W$77 -> 8119.8361 | X25: =VLOOKUP($A25,情景假设!$A$436:$AP$499,COLUMN(情景假设!E$436),0) -> 8138.2725 | Y25: =VLOOKUP($A25,情景假设!$A$436:$AP$499,COLUMN(情景假设!F$436),0) -> 8188.3434 | Z25: =VLOOKUP($A25,情景假设!$A$436:$AP$499,COLUMN(情景假设!G$436),0) -> 8262.3224 | AA25: =VLOOKUP($A25,情景假设!$A$436:$AP$499,COLUMN(情景假设!H$436),0) -> 8351.8868 | AB25: =VLOOKUP($A25,情景假设!$A$436:$AP$499,COLUMN(情景假设!I$436),0) -> 8446.1796 | AC25: =VLOOKUP($A25,情景假设!$A$436:$AP$499,COLUMN(情景假设!J$436),0) -> 8533.297 | AD25: =VLOOKUP($A25,情景假设!$A$436:$AP$499,COLUMN(情景假设!K$436),0) -> 8600.8591 | AE25: =VLOOKUP($A25,情景假设!$A$436:$AP$499,COLUMN(情景假设!L$436),0) -> 8636.2024 | ... BI25: =VLOOKUP($A25,情景假设!$A$436:$AP$499,COLUMN(情景假设!AP$436),0) -> 6901.4299
