Workbook

Sheet About
A1: DRC BAU Demand Response Capacity
A2: DRC Potential Additional Demand Response Capacity
A4: Sources: | B4: Provincial Current Capacity
B5: Compiled from online resources
B7: Near Term Devleopment Target
B8: 《电力需求侧管理办法》 征求意见稿
B9: draft for comments: Rules of Power Demand Side Management
B10: 2023
B11: Page 2, Article 8
B12: 20230519102727235060.pdf (ndrc.gov.cn)
B14: National Peak Demand
B15: China Electricity Council
B16: 中国电力工业统计资料汇编
B17: Compilation of China Power Sector Statistics
B18: 2020-2022
B19: Chapter 1 Table 1-10
B21: Data for 2025, 2030, and 2060: | C21: Compiled from online resources: estimated by multiple studies
A23: Notes:
A24: Demand response is defined as the potential to reduce or shift electricity usage during peak
A25: periods in response to time-based rates or other financial incentives.
A27: To estimate BAU DR Capacity, we found the national peak demand for each year and then extrapolate to reach
A28: 3% of total capacity by 2025, as demanded by the proposed ruling. Afterwards the capacity changes along with the growth in peak demand (EPS model output).
A30: For the potental additional growth in demand response capacity, we assume the higher bound of 5% is reached in 2025, and in order to make DM service in scale
A31: by 2030, it reaches 10% of the peak power capacity.

Sheet Current Capacity
A1: 地区 | B1: Region | C1: Year | D1: Demand Response Capacity (10000KW)
D2: 总需求响应能力 | E2: 最大削峰响应能力 | F2: 最大填谷响应能力 | G2: 自动需求响应能力
A3: 北京 | B3: Beijing
A4: 天津 | B4: Tianjin
A5: 河北 | B5: Hebei
A6: 山西 | B6: Shanxi
A7: 内蒙古 | B7: Inner Mongolia
A8: 辽宁 | B8: Liaoning
A9: 吉林 | B9: Jilin
A10: 黑龙江 | B10: Heilongjiang
A11: 上海 | B11: Shanghai
A12: 江苏 | B12: Jiangsu | C12: 2020 | D12: =MAX(E12:G12) -> 700 | E12: 700 | F12: 300 | G12: 100
A13: 浙江 | B13: Zhejiang | C13: 2021 | D13: 200
A14: 安徽 | B14: Anhui
A15: 福建 | B15: Fujian
A16: 江西 | B16: Jiangxi
A17: 山东 | B17: Shandong | D17: 60
A18: 河南 | B18: Henan | C18: 2020 | D18: 432
A19: 湖北 | B19: Hubei | D19: 117
A20: 湖南 | B20: Hunan | D20: 180
A21: 广东 | B21: Guangdong | D21: 19.8
A22: 广西 | B22: Guangxi
A23: 海南 | B23: Hainan
A24: 重庆 | B24: Chongqing | C24: 2020 | D24: 40
A25: 四川 | B25: Sichuan
A26: 贵州 | B26: Guizhou
A27: 云南 | B27: Yunnan
A28: 西藏 | B28: Tibet
A29: 陕西 | B29: Shaanxi
A30: 甘肃 | B30: Gansu
A31: 青海 | B31: Qinghai
A32: 宁夏 | B32: Ningxia
A33: 新疆 | B33: Xinjiang
A34: 全国 | B34: National | D34: =SUM(D3:D33) -> 1748.8

Sheet Calculations
A1: Peak Demand - EPS Output
B2: 2020 | C2: 2021 | D2: 2022 | E2: 2023 | F2: 2024 | G2: 2025 | H2: 2026 | I2: 2027 | J2: 2028 | K2: 2029 | L2: 2030 | M2: 2031 | N2: 2032 | O2: 2033 | P2: 2034 | Q2: 2035 | R2: 2036 | S2: 2037 | T2: 2038 | U2: 2039 | V2: 2040 | W2: 2041 | X2: 2042 | Y2: 2043 | Z2: 2044 | AA2: 2045 | AB2: 2046 | AC2: 2047 | AD2: 2048 | AE2: 2049 | AF2: 2050 | AG2: 2051 | AH2: 2052 | AI2: 2053 | AJ2: 2054 | AK2: 2055 | AL2: 2056 | AM2: 2057 | AN2: 2058 | AO2: 2059 | AP2: 2060
A3: 最高用电负荷（万千瓦） | B3: 110477 | C3: 119162 | D3: 128964 | E3: =13.4*100000000/10000 -> 134000 | F3: =14.5*100000000/10000 -> 145000 | G3: =16.3*100000000/10000 -> 163000 | H3: =$G$3+($L$3-$G$3)*(H2-$G$2)/($L$2-$G$2) -> 168200 | I3: =$G$3+($L$3-$G$3)*(I2-$G$2)/($L$2-$G$2) -> 173400 | J3: =$G$3+($L$3-$G$3)*(J2-$G$2)/($L$2-$G$2) -> 178600 | K3: =$G$3+($L$3-$G$3)*(K2-$G$2)/($L$2-$G$2) -> 183800 | L3: =18.9*100000000/10000 -> 189000 | M3: =$L$3+($AP$3-$L$3)*(M2-$L$2)/($AP$2-$L$2) -> 192033.33 | N3: =$L$3+($AP$3-$L$3)*(N2-$L$2)/($AP$2-$L$2) -> 195066.67 | O3: =$L$3+($AP$3-$L$3)*(O2-$L$2)/($AP$2-$L$2) -> 198100 | P3: =$L$3+($AP$3-$L$3)*(P2-$L$2)/($AP$2-$L$2) -> 201133.33 | Q3: =$L$3+($AP$3-$L$3)*(Q2-$L$2)/($AP$2-$L$2) -> 204166.67 | R3: =$L$3+($AP$3-$L$3)*(R2-$L$2)/($AP$2-$L$2) -> 207200 | S3: =$L$3+($AP$3-$L$3)*(S2-$L$2)/($AP$2-$L$2) -> 210233.33 | T3: =$L$3+($AP$3-$L$3)*(T2-$L$2)/($AP$2-$L$2) -> 213266.67 | ... AO3: =$L$3+($AP$3-$L$3)*(AO2-$L$2)/($AP$2-$L$2) -> 276966.67 | AP3: =28*100000000/10000 -> 280000
A4: Peak Demand (MW) | B4: =B3*10 -> 1104770 | C4: =C3*10 -> 1191620 | D4: =D3*10 -> 1289640 | E4: =E3*10 -> 1340000 | F4: =F3*10 -> 1450000 | G4: =G3*10 -> 1630000 | H4: =H3*10 -> 1682000 | I4: =I3*10 -> 1734000 | ... AP4: =AP3*10 -> 2800000
A6: Capacity Limit
A7: BAU DR Capacity Rate | B7: 0 | C7: 0.006 | D7: 0.012 | E7: 0.018 | F7: 0.024 | G7: 0.03 | H7: 0.03 | I7: 0.03 | J7: 0.03 | K7: 0.03 | L7: 0.03 | M7: 0.03 | N7: 0.03 | O7: 0.03 | P7: 0.03 | Q7: 0.03 | R7: 0.03 | S7: 0.03 | T7: 0.03 | U7: 0.03 | V7: 0.03 | W7: 0.03 | X7: 0.03 | Y7: 0.03 | Z7: 0.03 | AA7: 0.03 | AB7: 0.03 | AC7: 0.03 | AD7: 0.03 | AE7: 0.03 | AF7: 0.03 | AG7: 0.03 | AH7: 0.03 | AI7: 0.03 | AJ7: 0.03 | AK7: 0.03 | AL7: 0.03 | AM7: 0.03 | AN7: 0.03 | AO7: 0.03 | AP7: 0.03
A8: Potential Demand Reponse Capacity | B8: =B15 -> 0.04 | C8: =C15 -> 0.046 | D8: =D15 -> 0.052 | E8: =E15 -> 0.058 | F8: =F15 -> 0.064 | G8: =G15 -> 0.07 | H8: =H15 -> 0.076 | I8: =I15 -> 0.082 | ... AP8: =AP15 -> 0.2
A9: Potential Additional Reponse Capacity | B9: =B8-B7 -> 0.04 | C9: =C8-C7 -> 0.04 | D9: =D8-D7 -> 0.04 | E9: =E8-E7 -> 0.04 | F9: =F8-F7 -> 0.04 | G9: =G8-G7 -> 0.04 | H9: =H8-H7 -> 0.046 | I9: =I8-I7 -> 0.052 | ... AP9: =AP8-AP7 -> 0.17
A11: YoY Capacity Growth Rate | B11: 1.5
A15: Potential Demand Response Capacity | B15: 0.04 | C15: =$B$15+($L$15-$B$15)*(C2-$B$2)/($L$2-$B$2) -> 0.046 | D15: =$B$15+($L$15-$B$15)*(D2-$B$2)/($L$2-$B$2) -> 0.052 | E15: =$B$15+($L$15-$B$15)*(E2-$B$2)/($L$2-$B$2) -> 0.058 | F15: =$B$15+($L$15-$B$15)*(F2-$B$2)/($L$2-$B$2) -> 0.064 | G15: =$B$15+($L$15-$B$15)*(G2-$B$2)/($L$2-$B$2) -> 0.07 | H15: =$B$15+($L$15-$B$15)*(H2-$B$2)/($L$2-$B$2) -> 0.076 | I15: =$B$15+($L$15-$B$15)*(I2-$B$2)/($L$2-$B$2) -> 0.082 | J15: =$B$15+($L$15-$B$15)*(J2-$B$2)/($L$2-$B$2) -> 0.088 | K15: =$B$15+($L$15-$B$15)*(K2-$B$2)/($L$2-$B$2) -> 0.094 | L15: 0.1 | M15: =$L$15+($AF$15-$L$15)*(M2-$L$2)/($AF$2-$L$2) -> 0.105 | N15: =$L$15+($AF$15-$L$15)*(N2-$L$2)/($AF$2-$L$2) -> 0.11 | O15: =$L$15+($AF$15-$L$15)*(O2-$L$2)/($AF$2-$L$2) -> 0.115 | P15: =$L$15+($AF$15-$L$15)*(P2-$L$2)/($AF$2-$L$2) -> 0.12 | Q15: =$L$15+($AF$15-$L$15)*(Q2-$L$2)/($AF$2-$L$2) -> 0.125 | R15: =$L$15+($AF$15-$L$15)*(R2-$L$2)/($AF$2-$L$2) -> 0.13 | S15: =$L$15+($AF$15-$L$15)*(S2-$L$2)/($AF$2-$L$2) -> 0.135 | T15: =$L$15+($AF$15-$L$15)*(T2-$L$2)/($AF$2-$L$2) -> 0.14 | ... AE15: =$L$15+($AF$15-$L$15)*(AE2-$L$2)/($AF$2-$L$2) -> 0.195 | AF15: 0.2 | AG15: 0.2 | AH15: 0.2 | AI15: 0.2 | AJ15: 0.2 | AK15: 0.2 | AL15: 0.2 | AM15: 0.2 | AN15: 0.2 | AO15: 0.2 | AP15: 0.2
A16: Potential Additional Reponse Capacity | B16: =B15-B7 -> 0.04 | C16: =C15-C7 -> 0.04 | D16: =D15-D7 -> 0.04 | E16: =E15-E7 -> 0.04 | F16: =F15-F7 -> 0.04 | G16: =G15-G7 -> 0.04 | H16: =H15-H7 -> 0.046 | I16: =I15-I7 -> 0.052 | ... AP16: =AP15-AP7 -> 0.17
B17: =B16/B9 -> 1 | C17: =C16/C9 -> 1 | D17: =D16/D9 -> 1 | E17: =E16/E9 -> 1 | F17: =F16/F9 -> 1 | G17: =G16/G9 -> 1 | H17: =H16/H9 -> 1 | I17: =I16/I9 -> 1 | ... AP17: =AP16/AP9 -> 1
A18: Policy Max | B18: =MAX(B16:AP16) -> 0.17
A19: FOPITY | B19: =B16/$B$18 -> 0.23529412 | C19: =C16/$B$18 -> 0.23529412 | D19: =D16/$B$18 -> 0.23529412 | E19: =E16/$B$18 -> 0.23529412 | F19: =F16/$B$18 -> 0.23529412 | G19: =G16/$B$18 -> 0.23529412 | H19: =H16/$B$18 -> 0.27058824 | I19: =I16/$B$18 -> 0.30588235 | ... AP19: =AP16/$B$18 -> 1
A22: BDRC | B22: =B3*B7 -> 0 | C22: =C3*C7 -> 714.972 | D22: =D3*D7 -> 1547.568 | E22: =E3*E7 -> 2412 | F22: =F3*F7 -> 3480 | G22: =G3*G7 -> 4890 | H22: =H3*H7 -> 5046 | I22: =I3*I7 -> 5202 | ... AP22: =AP3*AP7 -> 8400
A23: PADRC | B23: =B3*B9 -> 4419.08 | C23: =C3*C9 -> 4766.48 | D23: =D3*D9 -> 5158.56 | E23: =E3*E9 -> 5360 | F23: =F3*F9 -> 5800 | G23: =G3*G9 -> 6520 | H23: =H3*H9 -> 7737.2 | I23: =I3*I9 -> 9016.8 | ... AP23: =AP3*AP9 -> 47600
A25: FOPITY | B25: =B19 -> 0.23529412 | C25: =C19 -> 0.23529412 | D25: =D19 -> 0.23529412 | E25: =E19 -> 0.23529412 | F25: =F19 -> 0.23529412 | G25: =G19 -> 0.23529412 | H25: =H19 -> 0.27058824 | I25: =I19 -> 0.30588235 | ... AP25: =AP19 -> 1
A26: Policy Setting | B26: 1
B28: =$B26*B25*B23 -> 1039.7835 | C28: =$B26*C25*C23 -> 1121.5247 | D28: =$B26*D25*D23 -> 1213.7788 | E28: =$B26*E25*E23 -> 1261.1765 | F28: =$B26*F25*F23 -> 1364.7059 | G28: =$B26*G25*G23 -> 1534.1176 | H28: =$B26*H25*H23 -> 2093.5953 | I28: =$B26*I25*I23 -> 2758.08 | ... AP28: =$B26*AP25*AP23 -> 47600
B30: =B28+B22 -> 1039.7835 | C30: =C28+C22 -> 1836.4967 | D30: =D28+D22 -> 2761.3468 | E30: =E28+E22 -> 3673.1765 | F30: =F28+F22 -> 4844.7059 | G30: =G28+G22 -> 6424.1176 | H30: =H28+H22 -> 7139.5953 | I30: =I28+I22 -> 7960.08 | ... AP30: =AP28+AP22 -> 56000
B31: =B30/B3 -> 0.0094117647 | C31: =C30/C3 -> 0.015411765 | D31: =D30/D3 -> 0.021411765 | E31: =E30/E3 -> 0.027411765 | F31: =F30/F3 -> 0.033411765 | G31: =G30/G3 -> 0.039411765 | H31: =H30/H3 -> 0.042447059 | I31: =I30/I3 -> 0.045905882 | ... AP31: =AP30/AP3 -> 0.2
A33: 十五五情景（%） | B33: =B7 -> 0 | C33: =C7 -> 0.006 | D33: =D7 -> 0.012 | E33: =E7 -> 0.018 | F33: =F7 -> 0.024 | G33: =G7 -> 0.03 | H33: =G33+($L$33-$G$33)/($L$2-$G$2) -> 0.034 | I33: =H33+($L$33-$G$33)/($L$2-$G$2) -> 0.038 | J33: =I33+($L$33-$G$33)/($L$2-$G$2) -> 0.042 | K33: =J33+($L$33-$G$33)/($L$2-$G$2) -> 0.046 | L33: 0.05 | M33: =L33+($Q$33-$L$33)/($Q$2-$L$2) -> 0.06 | N33: =M33+($Q$33-$L$33)/($Q$2-$L$2) -> 0.07 | O33: =N33+($Q$33-$L$33)/($Q$2-$L$2) -> 0.08 | P33: =O33+($Q$33-$L$33)/($Q$2-$L$2) -> 0.09 | Q33: 0.1
A34: 十五五情景（value） | B34: =B33*B4 -> 0 | C34: =C33*C4 -> 7149.72 | D34: =D33*D4 -> 15475.68 | E34: =E33*E4 -> 24120 | F34: =F33*F4 -> 34800 | G34: =G33*G4 -> 48900 | H34: =H33*H4 -> 57188 | I34: =I33*I4 -> 65892 | ... Q34: =Q33*Q4 -> 204166.67
A36: Potential Additional Value | B36: =B34-'DRC-BDRC'!C2 -> 0 | C36: =C34-'DRC-BDRC'!D2 -> 0 | D36: =D34-'DRC-BDRC'!E2 -> 0 | E36: =E34-'DRC-BDRC'!F2 -> 0 | F36: =F34-'DRC-BDRC'!G2 -> 0 | G36: =G34-'DRC-BDRC'!H2 -> 0 | H36: =H34-'DRC-BDRC'!I2 -> 6728 | I36: =I34-'DRC-BDRC'!J2 -> 13872 | ... Q36: =Q34-'DRC-BDRC'!R2 -> 142916.67
A38: Potential Additional % | B38: =B36/'DRC-PADRC'!C2 -> 0 | C38: =C36/'DRC-PADRC'!D2 -> 0 | D38: =D36/'DRC-PADRC'!E2 -> 0 | E38: =E36/'DRC-PADRC'!F2 -> 0 | F38: =F36/'DRC-PADRC'!G2 -> 0 | G38: =G36/'DRC-PADRC'!H2 -> 0 | H38: =H36/'DRC-PADRC'!I2 -> 0.086956522 | I38: =I36/'DRC-PADRC'!J2 -> 0.15384615 | ... Q38: =Q36/'DRC-PADRC'!R2 -> 0.73684211
A40: FOPITY | B40: =B38/MAX($B$38:$Q$38) -> 0 | C40: =C38/MAX($B$38:$Q$38) -> 0 | D40: =D38/MAX($B$38:$Q$38) -> 0 | E40: =E38/MAX($B$38:$Q$38) -> 0 | F40: =F38/MAX($B$38:$Q$38) -> 0 | G40: =G38/MAX($B$38:$Q$38) -> 0 | H40: =H38/MAX($B$38:$Q$38) -> 0.11801242 | I40: =I38/MAX($B$38:$Q$38) -> 0.20879121 | ... Q40: =Q38/MAX($B$38:$Q$38) -> 1
A42: Max Value | B42: =MAX($B$38:$Q$38) -> 0.73684211

Sheet DRC-BDRC
A1: Year | B1: 2019 | C1: 2020 | D1: 2021 | E1: 2022 | F1: 2023 | G1: 2024 | H1: 2025 | I1: 2026 | J1: 2027 | K1: 2028 | L1: 2029 | M1: 2030 | N1: 2031 | O1: 2032 | P1: 2033 | Q1: 2034 | R1: 2035 | S1: 2036 | T1: 2037 | U1: 2038 | V1: 2039 | W1: 2040 | X1: 2041 | Y1: 2042 | Z1: 2043 | AA1: 2044 | AB1: 2045 | AC1: 2046 | AD1: 2047 | AE1: 2048 | AF1: 2049 | AG1: 2050 | AH1: 2051 | AI1: 2052 | AJ1: 2053 | AK1: 2054 | AL1: 2055 | AM1: 2056 | AN1: 2057 | AO1: 2058 | AP1: 2059 | AQ1: 2060
A2: DR Capacity (MW) | B2: 0 | C2: =Calculations!B4*Calculations!B7 -> 0 | D2: =Calculations!C4*Calculations!C7 -> 7149.72 | E2: =Calculations!D4*Calculations!D7 -> 15475.68 | F2: =Calculations!E4*Calculations!E7 -> 24120 | G2: =Calculations!F4*Calculations!F7 -> 34800 | H2: =Calculations!G4*Calculations!G7 -> 48900 | I2: =Calculations!H4*Calculations!H7 -> 50460 | J2: =Calculations!I4*Calculations!I7 -> 52020 | ... AQ2: =Calculations!AP4*Calculations!AP7 -> 84000

Sheet DRC-PADRC
A1: Year | B1: 2019 | C1: 2020 | D1: 2021 | E1: 2022 | F1: 2023 | G1: 2024 | H1: 2025 | I1: 2026 | J1: 2027 | K1: 2028 | L1: 2029 | M1: 2030 | N1: 2031 | O1: 2032 | P1: 2033 | Q1: 2034 | R1: 2035 | S1: 2036 | T1: 2037 | U1: 2038 | V1: 2039 | W1: 2040 | X1: 2041 | Y1: 2042 | Z1: 2043 | AA1: 2044 | AB1: 2045 | AC1: 2046 | AD1: 2047 | AE1: 2048 | AF1: 2049 | AG1: 2050 | AH1: 2051 | AI1: 2052 | AJ1: 2053 | AK1: 2054 | AL1: 2055 | AM1: 2056 | AN1: 2057 | AO1: 2058 | AP1: 2059 | AQ1: 2060
A2: Potential Additional DR Capacity (MW) | B2: 0 | C2: =Calculations!B4*Calculations!B9 -> 44190.8 | D2: =Calculations!C4*Calculations!C9 -> 47664.8 | E2: =Calculations!D4*Calculations!D9 -> 51585.6 | F2: =Calculations!E4*Calculations!E9 -> 53600 | G2: =Calculations!F4*Calculations!F9 -> 58000 | H2: =Calculations!G4*Calculations!G9 -> 65200 | I2: =Calculations!H4*Calculations!H9 -> 77372 | J2: =Calculations!I4*Calculations!I9 -> 90168 | ... AQ2: =Calculations!AP4*Calculations!AP9 -> 476000
