Workbook

Sheet 地热2020年累计“十三五新增”
A1: 各类地热能利用技术特点， 有序开展地热能发电、供暖以及 多种形式的综合利用。 (三)发展目标 在“十三五”时期，新增地热能供暖(制冷)面积 11 亿平方米， 其中： 新增浅层地热能供暖(制冷) 面积 7 亿平 方米； 新增水热型地热供暖面积 4 亿平方米。新增地热发电 装机容量 500MW。到 2020 年， 地热供暖(制冷) 面积累计 达到 16 亿平方米，地热发电装机容量约 530MW。2020 年 地热能年利用量 7000 万吨标准煤，地热能供暖年利用量 4000 万吨标准煤。京津冀地区地热能年利用量达到约 2000 万吨标准煤。 表 3 我国地热能开发目标
B3: “十三五”新增 | E3: 2020 年累计
B4: 浅层地热能 供暖/制冷 面积 (104m2 ) | C4: 水热型地热 能供暖面积 (104m2) | D4: 发电装 机容量 (MW) | E4: 浅层地热能 供暖/制冷 面积 (104m2 ) | F4: 水热型地热 能供暖面积 (104m2) | G4: 发电装 机容量 (MW)
A5: 北京 | B5: 4000 | C5: 2500 | E5: 8000 | F5: 3000
A6: 天津 | B6: 4000 | C6: 2500 | D6: 10 | E6: 5000 | F6: 4600 | G6: 10
A7: 河北 | B7: 7000 | C7: 11000 | D7: 10 | E7: 9800 | F7: 13600 | G7: 10.4
A8: 山西 | B8: 500 | C8: 5500 | E8: 1000 | F8: 5700
A9: 内蒙古 | B9: 450 | C9: 1850 | E9: 950 | F9: 1950
A10: 山东 | B10: 5000 | C10: 5000 | D10: 10 | E10: 8000 | F10: 6000 | G10: 10
A11: 河南 | B11: 5700 | C11: 2500 | E11: 8600 | F11: 3100
A12: 陕西 | B12: 500 | C12: 4500 | D12: 10 | E12: 1500 | F12: 6000 | G12: 10
A13: 甘肃 | B13: 500 | C13: 100 | E13: 900 | F13: 100
A14: 宁夏 | B14: 500 | E14: 750
A15: 青海 | C15: 200 | D15: 30 | F15: 250 | G15: 30
A16: 新疆 | B16: 500 | C16: 250 | D16: 5 | E16: 800 | F16: 350 | G16: 5
A17: 四川 | B17: 3000 | D17: 15 | E17: 4000 | G17: 15
A18: 重庆 | B18: 3700 | E18: 4400
B19: “十三五”新增 | E19: 2020 年累计
B20: 浅层地热能 供暖/制冷 面积 (104m2 ) | C20: 水热型地热 能供暖面积 (104m2) | D20: 发电装 机容量 (MW) | E20: 浅层地热能 供暖/制冷 面积 (104m2 ) | F20: 水热型地热 能供暖面积 (104m2) | G20: 发电装 机容量 (MW)
A21: 湖北 | B21: 6200 | E21: 7400
A22: 湖南 | B22: 4000 | E22: 4200
A23: 江西 | B23: 3000 | E23: 3600
A24: 安徽 | B24: 3000 | E24: 4800 | F24: 50
A25: 江苏 | B25: 6000 | C25: 200 | D25: 20 | E25: 8500 | F25: 250 | G25: 20
A26: 上海 | B26: 2700 | E26: 3700
A27: 浙江 | B27: 3000 | E27: 5200
A28: 辽宁 | B28: 1000 | C28: 1000 | E28: 8000 | F28: 1200
A29: 吉林 | B29: 1000 | C29: 1000 | E29: 1200 | F29: 1500
A30: 黑龙江 | B30: 1000 | C30: 1600 | E30: 1300 | F30: 2250
A31: 广东 | B31: 2000 | D31: 10 | E31: 2500 | G31: 10.3
A32: 福建 | B32: 400 | D32: 10 | E32: 500 | G32: 10
A33: 海南 | B33: 500 | D33: 10 | E33: 600 | G33: 10
A34: 云南 | B34: 100 | D34: 10 | E34: 250 | G34: 10
A35: 贵州 | B35: 2000 | C35: 50 | E35: 2800 | F35: 60
A36: 广西 | B36: 1400 | E36: 3600
A37: 西藏 | B37: 0 | C37: 250 | D37: 350 | F37: 250 | G37: 376.58
A38: 全国 | B38: 72650 | C38: 40000 | D38: 500 | E38: 111850 | F38: 50210 | G38: 527.28

Sheet 2000
A1: 分地区新增发电装机容量（万KW）
A2: 地区 | B2: 合计 | C2: 水电 | E2: 火电 | S2: 核电 | T2: 风电 | U2: 太阳能发电 | V2: 其他
C3: 合计 | D3: 抽水蓄能 | E3: 合计 | F3: 燃煤 | I3: 燃气 | L3: 燃油 | M3: 其他
F4: 合计 | G4: 常规燃煤 | H4: 煤矸石发电 | I4: 合计 | J4: 常规燃气 | K4: 煤层气发电 | M4: 合计 | N4: 余温、余气、余压发电 | O4: 垃圾焚烧发电 | P4: 秸秆、蔗渣、林木质发电 | Q4: 沼气 | R4: 技改增容
A5: 全国 | X5: =B5-C5-E5-S5-T5-U5-V5 -> 0 | Y5: =E5-F5-I5-L5-M5 -> 0 | Z5: =M5-N5-O5-P5 -> 0
A6: 北京 | X6: =B6-C6-E6-S6-T6-U6-V6 -> 0 | Y6: =E6-F6-I6-L6-M6 -> 0 | Z6: =M6-N6-O6-P6 -> 0
A7: 天津 | X7: =B7-C7-E7-S7-T7-U7-V7 -> 0 | Y7: =E7-F7-I7-L7-M7 -> 0 | Z7: =M7-N7-O7-P7 -> 0
A8: 河北 | X8: =B8-C8-E8-S8-T8-U8-V8 -> 0 | Y8: =E8-F8-I8-L8-M8 -> 0 | Z8: =M8-N8-O8-P8 -> 0
A9: 山西 | X9: =B9-C9-E9-S9-T9-U9-V9 -> 0 | Y9: =E9-F9-I9-L9-M9 -> 0 | Z9: =M9-N9-O9-P9 -> 0
A10: 内蒙古 | X10: =B10-C10-E10-S10-T10-U10-V10 -> 0 | Y10: =E10-F10-I10-L10-M10 -> 0 | Z10: =M10-N10-O10-P10 -> 0
A11: 辽宁 | X11: =B11-C11-E11-S11-T11-U11-V11 -> 0 | Y11: =E11-F11-I11-L11-M11 -> 0 | Z11: =M11-N11-O11-P11 -> 0
A12: 吉林 | X12: =B12-C12-E12-S12-T12-U12-V12 -> 0 | Y12: =E12-F12-I12-L12-M12 -> 0 | Z12: =M12-N12-O12-P12 -> 0
A13: 黑龙江 | X13: =B13-C13-E13-S13-T13-U13-V13 -> 0 | Y13: =E13-F13-I13-L13-M13 -> 0 | Z13: =M13-N13-O13-P13 -> 0
A14: 上海 | X14: =B14-C14-E14-S14-T14-U14-V14 -> 0 | Y14: =E14-F14-I14-L14-M14 -> 0 | Z14: =M14-N14-O14-P14 -> 0
A15: 江苏 | X15: =B15-C15-E15-S15-T15-U15-V15 -> 0 | Y15: =E15-F15-I15-L15-M15 -> 0 | Z15: =M15-N15-O15-P15 -> 0
A16: 浙江 | X16: =B16-C16-E16-S16-T16-U16-V16 -> 0 | Y16: =E16-F16-I16-L16-M16 -> 0 | Z16: =M16-N16-O16-P16 -> 0
... A36: 新疆 | X36: =B36-C36-E36-S36-T36-U36-V36 -> 0 | Y36: =E36-F36-I36-L36-M36 -> 0 | Z36: =M36-N36-O36-P36 -> 0
B38: =B5-SUM(B6:B36) -> 0 | C38: =C5-SUM(C6:C36) -> 0 | D38: =D5-SUM(D6:D36) -> 0 | E38: =E5-SUM(E6:E36) -> 0 | F38: =F5-SUM(F6:F36) -> 0 | H38: =H5-SUM(H6:H36) -> 0 | I38: =I5-SUM(I6:I36) -> 0 | J38: =J5-SUM(J6:J36) -> 0 | K38: =K5-SUM(K6:K36) -> 0 | L38: =L5-SUM(L6:L36) -> 0 | M38: =M5-SUM(M6:M36) -> 0 | N38: =N5-SUM(N6:N36) -> 0 | O38: =O5-SUM(O6:O36) -> 0 | P38: =P5-SUM(P6:P36) -> 0 | S38: =S5-SUM(S6:S36) -> 0 | T38: =T5-SUM(T6:T36) -> 0 | U38: =U5-SUM(U6:U36) -> 0 | V38: =V5-SUM(V6:V36) -> 0

Sheet 2001
A1: 分地区新增发电装机容量（万KW）
A2: 地区 | B2: 合计 | C2: 水电 | E2: 火电 | S2: 核电 | T2: 风电 | U2: 太阳能发电 | V2: 其他
C3: 合计 | D3: 抽水蓄能 | E3: 合计 | F3: 燃煤 | I3: 燃气 | L3: 燃油 | M3: 其他
F4: 合计 | G4: 常规燃煤 | H4: 煤矸石发电 | I4: 合计 | J4: 常规燃气 | K4: 煤层气发电 | M4: 合计 | N4: 余温、余气、余压发电 | O4: 垃圾焚烧发电 | P4: 秸秆、蔗渣、林木质发电 | Q4: 沼气 | R4: 技改增容
A5: 全国 | X5: =B5-C5-E5-S5-T5-U5-V5 -> 0 | Y5: =E5-F5-I5-L5-M5 -> 0 | Z5: =M5-N5-O5-P5 -> 0
A6: 北京 | X6: =B6-C6-E6-S6-T6-U6-V6 -> 0 | Y6: =E6-F6-I6-L6-M6 -> 0 | Z6: =M6-N6-O6-P6 -> 0
A7: 天津 | X7: =B7-C7-E7-S7-T7-U7-V7 -> 0 | Y7: =E7-F7-I7-L7-M7 -> 0 | Z7: =M7-N7-O7-P7 -> 0
A8: 河北 | X8: =B8-C8-E8-S8-T8-U8-V8 -> 0 | Y8: =E8-F8-I8-L8-M8 -> 0 | Z8: =M8-N8-O8-P8 -> 0
A9: 山西 | X9: =B9-C9-E9-S9-T9-U9-V9 -> 0 | Y9: =E9-F9-I9-L9-M9 -> 0 | Z9: =M9-N9-O9-P9 -> 0
A10: 内蒙古 | X10: =B10-C10-E10-S10-T10-U10-V10 -> 0 | Y10: =E10-F10-I10-L10-M10 -> 0 | Z10: =M10-N10-O10-P10 -> 0
A11: 辽宁 | X11: =B11-C11-E11-S11-T11-U11-V11 -> 0 | Y11: =E11-F11-I11-L11-M11 -> 0 | Z11: =M11-N11-O11-P11 -> 0
A12: 吉林 | X12: =B12-C12-E12-S12-T12-U12-V12 -> 0 | Y12: =E12-F12-I12-L12-M12 -> 0 | Z12: =M12-N12-O12-P12 -> 0
A13: 黑龙江 | X13: =B13-C13-E13-S13-T13-U13-V13 -> 0 | Y13: =E13-F13-I13-L13-M13 -> 0 | Z13: =M13-N13-O13-P13 -> 0
A14: 上海 | X14: =B14-C14-E14-S14-T14-U14-V14 -> 0 | Y14: =E14-F14-I14-L14-M14 -> 0 | Z14: =M14-N14-O14-P14 -> 0
A15: 江苏 | X15: =B15-C15-E15-S15-T15-U15-V15 -> 0 | Y15: =E15-F15-I15-L15-M15 -> 0 | Z15: =M15-N15-O15-P15 -> 0
A16: 浙江 | X16: =B16-C16-E16-S16-T16-U16-V16 -> 0 | Y16: =E16-F16-I16-L16-M16 -> 0 | Z16: =M16-N16-O16-P16 -> 0
... A36: 新疆 | X36: =B36-C36-E36-S36-T36-U36-V36 -> 0 | Y36: =E36-F36-I36-L36-M36 -> 0 | Z36: =M36-N36-O36-P36 -> 0
B38: =B5-SUM(B6:B36) -> 0 | C38: =C5-SUM(C6:C36) -> 0 | D38: =D5-SUM(D6:D36) -> 0 | E38: =E5-SUM(E6:E36) -> 0 | F38: =F5-SUM(F6:F36) -> 0 | H38: =H5-SUM(H6:H36) -> 0 | I38: =I5-SUM(I6:I36) -> 0 | J38: =J5-SUM(J6:J36) -> 0 | K38: =K5-SUM(K6:K36) -> 0 | L38: =L5-SUM(L6:L36) -> 0 | M38: =M5-SUM(M6:M36) -> 0 | N38: =N5-SUM(N6:N36) -> 0 | O38: =O5-SUM(O6:O36) -> 0 | P38: =P5-SUM(P6:P36) -> 0 | S38: =S5-SUM(S6:S36) -> 0 | T38: =T5-SUM(T6:T36) -> 0 | U38: =U5-SUM(U6:U36) -> 0 | V38: =V5-SUM(V6:V36) -> 0

Sheet 2002
A1: 分地区新增发电装机容量（万KW）
A2: 地区 | B2: 合计 | C2: 水电 | E2: 火电 | S2: 核电 | T2: 风电 | U2: 太阳能发电 | V2: 其他
C3: 合计 | D3: 抽水蓄能 | E3: 合计 | F3: 燃煤 | I3: 燃气 | L3: 燃油 | M3: 其他
F4: 合计 | G4: 常规燃煤 | H4: 煤矸石发电 | I4: 合计 | J4: 常规燃气 | K4: 煤层气发电 | M4: 合计 | N4: 余温、余气、余压发电 | O4: 垃圾焚烧发电 | P4: 秸秆、蔗渣、林木质发电 | Q4: 沼气 | R4: 技改增容
A5: 全国 | X5: =B5-C5-E5-S5-T5-U5-V5 -> 0 | Y5: =E5-F5-I5-L5-M5 -> 0 | Z5: =M5-N5-O5-P5 -> 0
A6: 北京 | X6: =B6-C6-E6-S6-T6-U6-V6 -> 0 | Y6: =E6-F6-I6-L6-M6 -> 0 | Z6: =M6-N6-O6-P6 -> 0
A7: 天津 | X7: =B7-C7-E7-S7-T7-U7-V7 -> 0 | Y7: =E7-F7-I7-L7-M7 -> 0 | Z7: =M7-N7-O7-P7 -> 0
A8: 河北 | X8: =B8-C8-E8-S8-T8-U8-V8 -> 0 | Y8: =E8-F8-I8-L8-M8 -> 0 | Z8: =M8-N8-O8-P8 -> 0
A9: 山西 | X9: =B9-C9-E9-S9-T9-U9-V9 -> 0 | Y9: =E9-F9-I9-L9-M9 -> 0 | Z9: =M9-N9-O9-P9 -> 0
A10: 内蒙古 | X10: =B10-C10-E10-S10-T10-U10-V10 -> 0 | Y10: =E10-F10-I10-L10-M10 -> 0 | Z10: =M10-N10-O10-P10 -> 0
A11: 辽宁 | X11: =B11-C11-E11-S11-T11-U11-V11 -> 0 | Y11: =E11-F11-I11-L11-M11 -> 0 | Z11: =M11-N11-O11-P11 -> 0
A12: 吉林 | X12: =B12-C12-E12-S12-T12-U12-V12 -> 0 | Y12: =E12-F12-I12-L12-M12 -> 0 | Z12: =M12-N12-O12-P12 -> 0
A13: 黑龙江 | X13: =B13-C13-E13-S13-T13-U13-V13 -> 0 | Y13: =E13-F13-I13-L13-M13 -> 0 | Z13: =M13-N13-O13-P13 -> 0
A14: 上海 | X14: =B14-C14-E14-S14-T14-U14-V14 -> 0 | Y14: =E14-F14-I14-L14-M14 -> 0 | Z14: =M14-N14-O14-P14 -> 0
A15: 江苏 | X15: =B15-C15-E15-S15-T15-U15-V15 -> 0 | Y15: =E15-F15-I15-L15-M15 -> 0 | Z15: =M15-N15-O15-P15 -> 0
A16: 浙江 | X16: =B16-C16-E16-S16-T16-U16-V16 -> 0 | Y16: =E16-F16-I16-L16-M16 -> 0 | Z16: =M16-N16-O16-P16 -> 0
... A36: 新疆 | X36: =B36-C36-E36-S36-T36-U36-V36 -> 0 | Y36: =E36-F36-I36-L36-M36 -> 0 | Z36: =M36-N36-O36-P36 -> 0
B38: =B5-SUM(B6:B36) -> 0 | C38: =C5-SUM(C6:C36) -> 0 | D38: =D5-SUM(D6:D36) -> 0 | E38: =E5-SUM(E6:E36) -> 0 | F38: =F5-SUM(F6:F36) -> 0 | H38: =H5-SUM(H6:H36) -> 0 | I38: =I5-SUM(I6:I36) -> 0 | J38: =J5-SUM(J6:J36) -> 0 | K38: =K5-SUM(K6:K36) -> 0 | L38: =L5-SUM(L6:L36) -> 0 | M38: =M5-SUM(M6:M36) -> 0 | N38: =N5-SUM(N6:N36) -> 0 | O38: =O5-SUM(O6:O36) -> 0 | P38: =P5-SUM(P6:P36) -> 0 | S38: =S5-SUM(S6:S36) -> 0 | T38: =T5-SUM(T6:T36) -> 0 | U38: =U5-SUM(U6:U36) -> 0 | V38: =V5-SUM(V6:V36) -> 0

Sheet 2003
A1: 分地区新增发电装机容量（万KW）
A2: 地区 | B2: 合计 | C2: 水电 | E2: 火电 | S2: 核电 | T2: 风电 | U2: 太阳能发电 | V2: 其他
C3: 合计 | D3: 抽水蓄能 | E3: 合计 | F3: 燃煤 | I3: 燃气 | L3: 燃油 | M3: 其他
F4: 合计 | G4: 常规燃煤 | H4: 煤矸石发电 | I4: 合计 | J4: 常规燃气 | K4: 煤层气发电 | M4: 合计 | N4: 余温、余气、余压发电 | O4: 垃圾焚烧发电 | P4: 秸秆、蔗渣、林木质发电 | Q4: 沼气 | R4: 技改增容
A5: 全国 | X5: =B5-C5-E5-S5-T5-U5-V5 -> 0 | Y5: =E5-F5-I5-L5-M5 -> 0 | Z5: =M5-N5-O5-P5 -> 0
A6: 北京 | X6: =B6-C6-E6-S6-T6-U6-V6 -> 0 | Y6: =E6-F6-I6-L6-M6 -> 0 | Z6: =M6-N6-O6-P6 -> 0
A7: 天津 | X7: =B7-C7-E7-S7-T7-U7-V7 -> 0 | Y7: =E7-F7-I7-L7-M7 -> 0 | Z7: =M7-N7-O7-P7 -> 0
A8: 河北 | X8: =B8-C8-E8-S8-T8-U8-V8 -> 0 | Y8: =E8-F8-I8-L8-M8 -> 0 | Z8: =M8-N8-O8-P8 -> 0
A9: 山西 | X9: =B9-C9-E9-S9-T9-U9-V9 -> 0 | Y9: =E9-F9-I9-L9-M9 -> 0 | Z9: =M9-N9-O9-P9 -> 0
A10: 内蒙古 | X10: =B10-C10-E10-S10-T10-U10-V10 -> 0 | Y10: =E10-F10-I10-L10-M10 -> 0 | Z10: =M10-N10-O10-P10 -> 0
A11: 辽宁 | X11: =B11-C11-E11-S11-T11-U11-V11 -> 0 | Y11: =E11-F11-I11-L11-M11 -> 0 | Z11: =M11-N11-O11-P11 -> 0
A12: 吉林 | X12: =B12-C12-E12-S12-T12-U12-V12 -> 0 | Y12: =E12-F12-I12-L12-M12 -> 0 | Z12: =M12-N12-O12-P12 -> 0
A13: 黑龙江 | X13: =B13-C13-E13-S13-T13-U13-V13 -> 0 | Y13: =E13-F13-I13-L13-M13 -> 0 | Z13: =M13-N13-O13-P13 -> 0
A14: 上海 | X14: =B14-C14-E14-S14-T14-U14-V14 -> 0 | Y14: =E14-F14-I14-L14-M14 -> 0 | Z14: =M14-N14-O14-P14 -> 0
A15: 江苏 | X15: =B15-C15-E15-S15-T15-U15-V15 -> 0 | Y15: =E15-F15-I15-L15-M15 -> 0 | Z15: =M15-N15-O15-P15 -> 0
A16: 浙江 | X16: =B16-C16-E16-S16-T16-U16-V16 -> 0 | Y16: =E16-F16-I16-L16-M16 -> 0 | Z16: =M16-N16-O16-P16 -> 0
... A36: 新疆 | X36: =B36-C36-E36-S36-T36-U36-V36 -> 0 | Y36: =E36-F36-I36-L36-M36 -> 0 | Z36: =M36-N36-O36-P36 -> 0
B38: =B5-SUM(B6:B36) -> 0 | C38: =C5-SUM(C6:C36) -> 0 | D38: =D5-SUM(D6:D36) -> 0 | E38: =E5-SUM(E6:E36) -> 0 | F38: =F5-SUM(F6:F36) -> 0 | H38: =H5-SUM(H6:H36) -> 0 | I38: =I5-SUM(I6:I36) -> 0 | J38: =J5-SUM(J6:J36) -> 0 | K38: =K5-SUM(K6:K36) -> 0 | L38: =L5-SUM(L6:L36) -> 0 | M38: =M5-SUM(M6:M36) -> 0 | N38: =N5-SUM(N6:N36) -> 0 | O38: =O5-SUM(O6:O36) -> 0 | P38: =P5-SUM(P6:P36) -> 0 | S38: =S5-SUM(S6:S36) -> 0 | T38: =T5-SUM(T6:T36) -> 0 | U38: =U5-SUM(U6:U36) -> 0 | V38: =V5-SUM(V6:V36) -> 0

Sheet 2004
A1: 分地区新增发电装机容量（万KW）
A2: 地区 | B2: 合计 | C2: 水电 | E2: 火电 | S2: 核电 | T2: 风电 | U2: 太阳能发电 | V2: 其他
C3: 合计 | D3: 抽水蓄能 | E3: 合计 | F3: 燃煤 | I3: 燃气 | L3: 燃油 | M3: 其他
F4: 合计 | G4: 常规燃煤 | H4: 煤矸石发电 | I4: 合计 | J4: 常规燃气 | K4: 煤层气发电 | M4: 合计 | N4: 余温、余气、余压发电 | O4: 垃圾焚烧发电 | P4: 秸秆、蔗渣、林木质发电 | Q4: 沼气 | R4: 技改增容
A5: 全国 | X5: =B5-C5-E5-S5-T5-U5-V5 -> 0 | Y5: =E5-F5-I5-L5-M5 -> 0 | Z5: =M5-N5-O5-P5 -> 0
A6: 北京 | X6: =B6-C6-E6-S6-T6-U6-V6 -> 0 | Y6: =E6-F6-I6-L6-M6 -> 0 | Z6: =M6-N6-O6-P6 -> 0
A7: 天津 | X7: =B7-C7-E7-S7-T7-U7-V7 -> 0 | Y7: =E7-F7-I7-L7-M7 -> 0 | Z7: =M7-N7-O7-P7 -> 0
A8: 河北 | X8: =B8-C8-E8-S8-T8-U8-V8 -> 0 | Y8: =E8-F8-I8-L8-M8 -> 0 | Z8: =M8-N8-O8-P8 -> 0
A9: 山西 | X9: =B9-C9-E9-S9-T9-U9-V9 -> 0 | Y9: =E9-F9-I9-L9-M9 -> 0 | Z9: =M9-N9-O9-P9 -> 0
A10: 内蒙古 | X10: =B10-C10-E10-S10-T10-U10-V10 -> 0 | Y10: =E10-F10-I10-L10-M10 -> 0 | Z10: =M10-N10-O10-P10 -> 0
A11: 辽宁 | X11: =B11-C11-E11-S11-T11-U11-V11 -> 0 | Y11: =E11-F11-I11-L11-M11 -> 0 | Z11: =M11-N11-O11-P11 -> 0
A12: 吉林 | X12: =B12-C12-E12-S12-T12-U12-V12 -> 0 | Y12: =E12-F12-I12-L12-M12 -> 0 | Z12: =M12-N12-O12-P12 -> 0
A13: 黑龙江 | X13: =B13-C13-E13-S13-T13-U13-V13 -> 0 | Y13: =E13-F13-I13-L13-M13 -> 0 | Z13: =M13-N13-O13-P13 -> 0
A14: 上海 | X14: =B14-C14-E14-S14-T14-U14-V14 -> 0 | Y14: =E14-F14-I14-L14-M14 -> 0 | Z14: =M14-N14-O14-P14 -> 0
A15: 江苏 | X15: =B15-C15-E15-S15-T15-U15-V15 -> 0 | Y15: =E15-F15-I15-L15-M15 -> 0 | Z15: =M15-N15-O15-P15 -> 0
A16: 浙江 | X16: =B16-C16-E16-S16-T16-U16-V16 -> 0 | Y16: =E16-F16-I16-L16-M16 -> 0 | Z16: =M16-N16-O16-P16 -> 0
... A36: 新疆 | X36: =B36-C36-E36-S36-T36-U36-V36 -> 0 | Y36: =E36-F36-I36-L36-M36 -> 0 | Z36: =M36-N36-O36-P36 -> 0
B38: =B5-SUM(B6:B36) -> 0 | C38: =C5-SUM(C6:C36) -> 0 | D38: =D5-SUM(D6:D36) -> 0 | E38: =E5-SUM(E6:E36) -> 0 | F38: =F5-SUM(F6:F36) -> 0 | H38: =H5-SUM(H6:H36) -> 0 | I38: =I5-SUM(I6:I36) -> 0 | J38: =J5-SUM(J6:J36) -> 0 | K38: =K5-SUM(K6:K36) -> 0 | L38: =L5-SUM(L6:L36) -> 0 | M38: =M5-SUM(M6:M36) -> 0 | N38: =N5-SUM(N6:N36) -> 0 | O38: =O5-SUM(O6:O36) -> 0 | P38: =P5-SUM(P6:P36) -> 0 | S38: =S5-SUM(S6:S36) -> 0 | T38: =T5-SUM(T6:T36) -> 0 | U38: =U5-SUM(U6:U36) -> 0 | V38: =V5-SUM(V6:V36) -> 0

Sheet 2005
A1: 分地区新增发电装机容量（万KW）
A2: 地区 | B2: 合计 | C2: 水电 | E2: 火电 | S2: 核电 | T2: 风电 | U2: 太阳能发电 | V2: 其他
C3: 合计 | D3: 抽水蓄能 | E3: 合计 | F3: 燃煤 | I3: 燃气 | L3: 燃油 | M3: 其他
F4: 合计 | G4: 常规燃煤 | H4: 煤矸石发电 | I4: 合计 | J4: 常规燃气 | K4: 煤层气发电 | M4: 合计 | N4: 余温、余气、余压发电 | O4: 垃圾焚烧发电 | P4: 秸秆、蔗渣、林木质发电 | Q4: 沼气 | R4: 技改增容
A5: 全国 | X5: =B5-C5-E5-S5-T5-U5-V5 -> 0 | Y5: =E5-F5-I5-L5-M5 -> 0 | Z5: =M5-N5-O5-P5 -> 0
A6: 北京 | X6: =B6-C6-E6-S6-T6-U6-V6 -> 0 | Y6: =E6-F6-I6-L6-M6 -> 0 | Z6: =M6-N6-O6-P6 -> 0
A7: 天津 | X7: =B7-C7-E7-S7-T7-U7-V7 -> 0 | Y7: =E7-F7-I7-L7-M7 -> 0 | Z7: =M7-N7-O7-P7 -> 0
A8: 河北 | X8: =B8-C8-E8-S8-T8-U8-V8 -> 0 | Y8: =E8-F8-I8-L8-M8 -> 0 | Z8: =M8-N8-O8-P8 -> 0
A9: 山西 | X9: =B9-C9-E9-S9-T9-U9-V9 -> 0 | Y9: =E9-F9-I9-L9-M9 -> 0 | Z9: =M9-N9-O9-P9 -> 0
A10: 内蒙古 | X10: =B10-C10-E10-S10-T10-U10-V10 -> 0 | Y10: =E10-F10-I10-L10-M10 -> 0 | Z10: =M10-N10-O10-P10 -> 0
A11: 辽宁 | X11: =B11-C11-E11-S11-T11-U11-V11 -> 0 | Y11: =E11-F11-I11-L11-M11 -> 0 | Z11: =M11-N11-O11-P11 -> 0
A12: 吉林 | X12: =B12-C12-E12-S12-T12-U12-V12 -> 0 | Y12: =E12-F12-I12-L12-M12 -> 0 | Z12: =M12-N12-O12-P12 -> 0
A13: 黑龙江 | X13: =B13-C13-E13-S13-T13-U13-V13 -> 0 | Y13: =E13-F13-I13-L13-M13 -> 0 | Z13: =M13-N13-O13-P13 -> 0
A14: 上海 | X14: =B14-C14-E14-S14-T14-U14-V14 -> 0 | Y14: =E14-F14-I14-L14-M14 -> 0 | Z14: =M14-N14-O14-P14 -> 0
A15: 江苏 | X15: =B15-C15-E15-S15-T15-U15-V15 -> 0 | Y15: =E15-F15-I15-L15-M15 -> 0 | Z15: =M15-N15-O15-P15 -> 0
A16: 浙江 | X16: =B16-C16-E16-S16-T16-U16-V16 -> 0 | Y16: =E16-F16-I16-L16-M16 -> 0 | Z16: =M16-N16-O16-P16 -> 0
... A36: 新疆 | X36: =B36-C36-E36-S36-T36-U36-V36 -> 0 | Y36: =E36-F36-I36-L36-M36 -> 0 | Z36: =M36-N36-O36-P36 -> 0
B38: =B5-SUM(B6:B36) -> 0 | C38: =C5-SUM(C6:C36) -> 0 | D38: =D5-SUM(D6:D36) -> 0 | E38: =E5-SUM(E6:E36) -> 0 | F38: =F5-SUM(F6:F36) -> 0 | H38: =H5-SUM(H6:H36) -> 0 | I38: =I5-SUM(I6:I36) -> 0 | J38: =J5-SUM(J6:J36) -> 0 | K38: =K5-SUM(K6:K36) -> 0 | L38: =L5-SUM(L6:L36) -> 0 | M38: =M5-SUM(M6:M36) -> 0 | N38: =N5-SUM(N6:N36) -> 0 | O38: =O5-SUM(O6:O36) -> 0 | P38: =P5-SUM(P6:P36) -> 0 | S38: =S5-SUM(S6:S36) -> 0 | T38: =T5-SUM(T6:T36) -> 0 | U38: =U5-SUM(U6:U36) -> 0 | V38: =V5-SUM(V6:V36) -> 0

Sheet 2006
A1: 分地区新增发电装机容量（万KW）
A2: 地区 | B2: 合计 | C2: 水电 | E2: 火电 | S2: 核电 | T2: 风电 | U2: 太阳能发电 | V2: 其他
C3: 合计 | D3: 抽水蓄能 | E3: 合计 | F3: 燃煤 | I3: 燃气 | L3: 燃油 | M3: 其他
F4: 合计 | G4: 常规燃煤 | H4: 煤矸石发电 | I4: 合计 | J4: 常规燃气 | K4: 煤层气发电 | M4: 合计 | N4: 余温、余气、余压发电 | O4: 垃圾焚烧发电 | P4: 秸秆、蔗渣、林木质发电 | Q4: 沼气 | R4: 技改增容
A5: 全国 | X5: =B5-C5-E5-S5-T5-U5-V5 -> 0 | Y5: =E5-F5-I5-L5-M5 -> 0 | Z5: =M5-N5-O5-P5 -> 0
A6: 北京 | X6: =B6-C6-E6-S6-T6-U6-V6 -> 0 | Y6: =E6-F6-I6-L6-M6 -> 0 | Z6: =M6-N6-O6-P6 -> 0
A7: 天津 | X7: =B7-C7-E7-S7-T7-U7-V7 -> 0 | Y7: =E7-F7-I7-L7-M7 -> 0 | Z7: =M7-N7-O7-P7 -> 0
A8: 河北 | X8: =B8-C8-E8-S8-T8-U8-V8 -> 0 | Y8: =E8-F8-I8-L8-M8 -> 0 | Z8: =M8-N8-O8-P8 -> 0
A9: 山西 | X9: =B9-C9-E9-S9-T9-U9-V9 -> 0 | Y9: =E9-F9-I9-L9-M9 -> 0 | Z9: =M9-N9-O9-P9 -> 0
A10: 内蒙古 | X10: =B10-C10-E10-S10-T10-U10-V10 -> 0 | Y10: =E10-F10-I10-L10-M10 -> 0 | Z10: =M10-N10-O10-P10 -> 0
A11: 辽宁 | X11: =B11-C11-E11-S11-T11-U11-V11 -> 0 | Y11: =E11-F11-I11-L11-M11 -> 0 | Z11: =M11-N11-O11-P11 -> 0
A12: 吉林 | X12: =B12-C12-E12-S12-T12-U12-V12 -> 0 | Y12: =E12-F12-I12-L12-M12 -> 0 | Z12: =M12-N12-O12-P12 -> 0
A13: 黑龙江 | X13: =B13-C13-E13-S13-T13-U13-V13 -> 0 | Y13: =E13-F13-I13-L13-M13 -> 0 | Z13: =M13-N13-O13-P13 -> 0
A14: 上海 | X14: =B14-C14-E14-S14-T14-U14-V14 -> 0 | Y14: =E14-F14-I14-L14-M14 -> 0 | Z14: =M14-N14-O14-P14 -> 0
A15: 江苏 | X15: =B15-C15-E15-S15-T15-U15-V15 -> 0 | Y15: =E15-F15-I15-L15-M15 -> 0 | Z15: =M15-N15-O15-P15 -> 0
A16: 浙江 | X16: =B16-C16-E16-S16-T16-U16-V16 -> 0 | Y16: =E16-F16-I16-L16-M16 -> 0 | Z16: =M16-N16-O16-P16 -> 0
... A36: 新疆 | X36: =B36-C36-E36-S36-T36-U36-V36 -> 0 | Y36: =E36-F36-I36-L36-M36 -> 0 | Z36: =M36-N36-O36-P36 -> 0
B38: =B5-SUM(B6:B36) -> 0 | C38: =C5-SUM(C6:C36) -> 0 | D38: =D5-SUM(D6:D36) -> 0 | E38: =E5-SUM(E6:E36) -> 0 | F38: =F5-SUM(F6:F36) -> 0 | H38: =H5-SUM(H6:H36) -> 0 | I38: =I5-SUM(I6:I36) -> 0 | J38: =J5-SUM(J6:J36) -> 0 | K38: =K5-SUM(K6:K36) -> 0 | L38: =L5-SUM(L6:L36) -> 0 | M38: =M5-SUM(M6:M36) -> 0 | N38: =N5-SUM(N6:N36) -> 0 | O38: =O5-SUM(O6:O36) -> 0 | P38: =P5-SUM(P6:P36) -> 0 | S38: =S5-SUM(S6:S36) -> 0 | T38: =T5-SUM(T6:T36) -> 0 | U38: =U5-SUM(U6:U36) -> 0 | V38: =V5-SUM(V6:V36) -> 0

Sheet 2007
A1: 分地区新增发电装机容量（万KW）
A2: 地区 | B2: 合计 | C2: 水电 | E2: 火电 | S2: 核电 | T2: 风电 | U2: 太阳能发电 | V2: 其他
C3: 合计 | D3: 抽水蓄能 | E3: 合计 | F3: 燃煤 | I3: 燃气 | L3: 燃油 | M3: 其他
F4: 合计 | G4: 常规燃煤 | H4: 煤矸石发电 | I4: 合计 | J4: 常规燃气 | K4: 煤层气发电 | M4: 合计 | N4: 余温、余气、余压发电 | O4: 垃圾焚烧发电 | P4: 秸秆、蔗渣、林木质发电 | Q4: 沼气 | R4: 技改增容
A5: 全国 | X5: =B5-C5-E5-S5-T5-U5-V5 -> 0 | Y5: =E5-F5-I5-L5-M5 -> 0 | Z5: =M5-N5-O5-P5 -> 0
A6: 北京 | X6: =B6-C6-E6-S6-T6-U6-V6 -> 0 | Y6: =E6-F6-I6-L6-M6 -> 0 | Z6: =M6-N6-O6-P6 -> 0
A7: 天津 | X7: =B7-C7-E7-S7-T7-U7-V7 -> 0 | Y7: =E7-F7-I7-L7-M7 -> 0 | Z7: =M7-N7-O7-P7 -> 0
A8: 河北 | X8: =B8-C8-E8-S8-T8-U8-V8 -> 0 | Y8: =E8-F8-I8-L8-M8 -> 0 | Z8: =M8-N8-O8-P8 -> 0
A9: 山西 | X9: =B9-C9-E9-S9-T9-U9-V9 -> 0 | Y9: =E9-F9-I9-L9-M9 -> 0 | Z9: =M9-N9-O9-P9 -> 0
A10: 内蒙古 | X10: =B10-C10-E10-S10-T10-U10-V10 -> 0 | Y10: =E10-F10-I10-L10-M10 -> 0 | Z10: =M10-N10-O10-P10 -> 0
A11: 辽宁 | X11: =B11-C11-E11-S11-T11-U11-V11 -> 0 | Y11: =E11-F11-I11-L11-M11 -> 0 | Z11: =M11-N11-O11-P11 -> 0
A12: 吉林 | X12: =B12-C12-E12-S12-T12-U12-V12 -> 0 | Y12: =E12-F12-I12-L12-M12 -> 0 | Z12: =M12-N12-O12-P12 -> 0
A13: 黑龙江 | X13: =B13-C13-E13-S13-T13-U13-V13 -> 0 | Y13: =E13-F13-I13-L13-M13 -> 0 | Z13: =M13-N13-O13-P13 -> 0
A14: 上海 | X14: =B14-C14-E14-S14-T14-U14-V14 -> 0 | Y14: =E14-F14-I14-L14-M14 -> 0 | Z14: =M14-N14-O14-P14 -> 0
A15: 江苏 | X15: =B15-C15-E15-S15-T15-U15-V15 -> 0 | Y15: =E15-F15-I15-L15-M15 -> 0 | Z15: =M15-N15-O15-P15 -> 0
A16: 浙江 | X16: =B16-C16-E16-S16-T16-U16-V16 -> 0 | Y16: =E16-F16-I16-L16-M16 -> 0 | Z16: =M16-N16-O16-P16 -> 0
... A36: 新疆 | X36: =B36-C36-E36-S36-T36-U36-V36 -> 0 | Y36: =E36-F36-I36-L36-M36 -> 0 | Z36: =M36-N36-O36-P36 -> 0
B38: =B5-SUM(B6:B36) -> 0 | C38: =C5-SUM(C6:C36) -> 0 | D38: =D5-SUM(D6:D36) -> 0 | E38: =E5-SUM(E6:E36) -> 0 | F38: =F5-SUM(F6:F36) -> 0 | H38: =H5-SUM(H6:H36) -> 0 | I38: =I5-SUM(I6:I36) -> 0 | J38: =J5-SUM(J6:J36) -> 0 | K38: =K5-SUM(K6:K36) -> 0 | L38: =L5-SUM(L6:L36) -> 0 | M38: =M5-SUM(M6:M36) -> 0 | N38: =N5-SUM(N6:N36) -> 0 | O38: =O5-SUM(O6:O36) -> 0 | P38: =P5-SUM(P6:P36) -> 0 | S38: =S5-SUM(S6:S36) -> 0 | T38: =T5-SUM(T6:T36) -> 0 | U38: =U5-SUM(U6:U36) -> 0 | V38: =V5-SUM(V6:V36) -> 0

Sheet 2008
A1: 分地区新增发电装机容量（万KW）
A2: 地区 | B2: 合计 | C2: 水电 | E2: 火电 | S2: 核电 | T2: 风电 | U2: 太阳能发电 | V2: 其他
C3: 合计 | D3: 抽水蓄能 | E3: 合计 | F3: 燃煤 | I3: 燃气 | L3: 燃油 | M3: 其他
F4: 合计 | G4: 常规燃煤 | H4: 煤矸石发电 | I4: 合计 | J4: 常规燃气 | K4: 煤层气发电 | M4: 合计 | N4: 余温、余气、余压发电 | O4: 垃圾焚烧发电 | P4: 秸秆、蔗渣、林木质发电 | Q4: 沼气 | R4: 技改增容
A5: 全国 | X5: =B5-C5-E5-S5-T5-U5-V5 -> 0 | Y5: =E5-F5-I5-L5-M5 -> 0 | Z5: =M5-N5-O5-P5 -> 0
A6: 北京 | X6: =B6-C6-E6-S6-T6-U6-V6 -> 0 | Y6: =E6-F6-I6-L6-M6 -> 0 | Z6: =M6-N6-O6-P6 -> 0
A7: 天津 | X7: =B7-C7-E7-S7-T7-U7-V7 -> 0 | Y7: =E7-F7-I7-L7-M7 -> 0 | Z7: =M7-N7-O7-P7 -> 0
A8: 河北 | X8: =B8-C8-E8-S8-T8-U8-V8 -> 0 | Y8: =E8-F8-I8-L8-M8 -> 0 | Z8: =M8-N8-O8-P8 -> 0
A9: 山西 | X9: =B9-C9-E9-S9-T9-U9-V9 -> 0 | Y9: =E9-F9-I9-L9-M9 -> 0 | Z9: =M9-N9-O9-P9 -> 0
A10: 内蒙古 | X10: =B10-C10-E10-S10-T10-U10-V10 -> 0 | Y10: =E10-F10-I10-L10-M10 -> 0 | Z10: =M10-N10-O10-P10 -> 0
A11: 辽宁 | X11: =B11-C11-E11-S11-T11-U11-V11 -> 0 | Y11: =E11-F11-I11-L11-M11 -> 0 | Z11: =M11-N11-O11-P11 -> 0
A12: 吉林 | X12: =B12-C12-E12-S12-T12-U12-V12 -> 0 | Y12: =E12-F12-I12-L12-M12 -> 0 | Z12: =M12-N12-O12-P12 -> 0
A13: 黑龙江 | X13: =B13-C13-E13-S13-T13-U13-V13 -> 0 | Y13: =E13-F13-I13-L13-M13 -> 0 | Z13: =M13-N13-O13-P13 -> 0
A14: 上海 | X14: =B14-C14-E14-S14-T14-U14-V14 -> 0 | Y14: =E14-F14-I14-L14-M14 -> 0 | Z14: =M14-N14-O14-P14 -> 0
A15: 江苏 | X15: =B15-C15-E15-S15-T15-U15-V15 -> 0 | Y15: =E15-F15-I15-L15-M15 -> 0 | Z15: =M15-N15-O15-P15 -> 0
A16: 浙江 | X16: =B16-C16-E16-S16-T16-U16-V16 -> 0 | Y16: =E16-F16-I16-L16-M16 -> 0 | Z16: =M16-N16-O16-P16 -> 0
... A36: 新疆 | X36: =B36-C36-E36-S36-T36-U36-V36 -> 0 | Y36: =E36-F36-I36-L36-M36 -> 0 | Z36: =M36-N36-O36-P36 -> 0
B38: =B5-SUM(B6:B36) -> 0 | C38: =C5-SUM(C6:C36) -> 0 | D38: =D5-SUM(D6:D36) -> 0 | E38: =E5-SUM(E6:E36) -> 0 | F38: =F5-SUM(F6:F36) -> 0 | H38: =H5-SUM(H6:H36) -> 0 | I38: =I5-SUM(I6:I36) -> 0 | J38: =J5-SUM(J6:J36) -> 0 | K38: =K5-SUM(K6:K36) -> 0 | L38: =L5-SUM(L6:L36) -> 0 | M38: =M5-SUM(M6:M36) -> 0 | N38: =N5-SUM(N6:N36) -> 0 | O38: =O5-SUM(O6:O36) -> 0 | P38: =P5-SUM(P6:P36) -> 0 | S38: =S5-SUM(S6:S36) -> 0 | T38: =T5-SUM(T6:T36) -> 0 | U38: =U5-SUM(U6:U36) -> 0 | V38: =V5-SUM(V6:V36) -> 0

Sheet 2009
A1: 分地区新增发电装机容量（万KW）
A2: 地区 | B2: 合计 | C2: 水电 | E2: 火电 | S2: 核电 | T2: 风电 | U2: 太阳能发电 | V2: 其他
C3: 合计 | D3: 抽水蓄能 | E3: 合计 | F3: 燃煤 | I3: 燃气 | L3: 燃油 | M3: 其他
F4: 合计 | G4: 常规燃煤 | H4: 煤矸石发电 | I4: 合计 | J4: 常规燃气 | K4: 煤层气发电 | M4: 合计 | N4: 余温、余气、余压发电 | O4: 垃圾焚烧发电 | P4: 秸秆、蔗渣、林木质发电 | Q4: 沼气 | R4: 技改增容
A5: 全国 | X5: =B5-C5-E5-S5-T5-U5-V5 -> 0 | Y5: =E5-F5-I5-L5-M5 -> 0 | Z5: =M5-SUM(N5:R5) -> 0
A6: 北京 | X6: =B6-C6-E6-S6-T6-U6-V6 -> 0 | Y6: =E6-F6-I6-L6-M6 -> 0 | Z6: =M6-SUM(N6:R6) -> 0
A7: 天津 | X7: =B7-C7-E7-S7-T7-U7-V7 -> 0 | Y7: =E7-F7-I7-L7-M7 -> 0 | Z7: =M7-SUM(N7:R7) -> 0
A8: 河北 | X8: =B8-C8-E8-S8-T8-U8-V8 -> 0 | Y8: =E8-F8-I8-L8-M8 -> 0 | Z8: =M8-SUM(N8:R8) -> 0
A9: 山西 | X9: =B9-C9-E9-S9-T9-U9-V9 -> 0 | Y9: =E9-F9-I9-L9-M9 -> 0 | Z9: =M9-SUM(N9:R9) -> 0
A10: 内蒙古 | X10: =B10-C10-E10-S10-T10-U10-V10 -> 0 | Y10: =E10-F10-I10-L10-M10 -> 0 | Z10: =M10-SUM(N10:R10) -> 0
A11: 辽宁 | X11: =B11-C11-E11-S11-T11-U11-V11 -> 0 | Y11: =E11-F11-I11-L11-M11 -> 0 | Z11: =M11-SUM(N11:R11) -> 0
A12: 吉林 | X12: =B12-C12-E12-S12-T12-U12-V12 -> 0 | Y12: =E12-F12-I12-L12-M12 -> 0 | Z12: =M12-SUM(N12:R12) -> 0
A13: 黑龙江 | X13: =B13-C13-E13-S13-T13-U13-V13 -> 0 | Y13: =E13-F13-I13-L13-M13 -> 0 | Z13: =M13-SUM(N13:R13) -> 0
A14: 上海 | X14: =B14-C14-E14-S14-T14-U14-V14 -> 0 | Y14: =E14-F14-I14-L14-M14 -> 0 | Z14: =M14-SUM(N14:R14) -> 0
A15: 江苏 | X15: =B15-C15-E15-S15-T15-U15-V15 -> 0 | Y15: =E15-F15-I15-L15-M15 -> 0 | Z15: =M15-SUM(N15:R15) -> 0
A16: 浙江 | X16: =B16-C16-E16-S16-T16-U16-V16 -> 0 | Y16: =E16-F16-I16-L16-M16 -> 0 | Z16: =M16-SUM(N16:R16) -> 0
... A36: 新疆 | X36: =B36-C36-E36-S36-T36-U36-V36 -> 0 | Y36: =E36-F36-I36-L36-M36 -> 0 | Z36: =M36-SUM(N36:R36) -> 0
B38: =B5-SUM(B6:B36) -> 0 | C38: =C5-SUM(C6:C36) -> 0 | D38: =D5-SUM(D6:D36) -> 0 | E38: =E5-SUM(E6:E36) -> 0 | F38: =F5-SUM(F6:F36) -> 0 | H38: =H5-SUM(H6:H36) -> 0 | I38: =I5-SUM(I6:I36) -> 0 | J38: =J5-SUM(J6:J36) -> 0 | K38: =K5-SUM(K6:K36) -> 0 | L38: =L5-SUM(L6:L36) -> 0 | M38: =M5-SUM(M6:M36) -> 0 | N38: =N5-SUM(N6:N36) -> 0 | O38: =O5-SUM(O6:O36) -> 0 | P38: =P5-SUM(P6:P36) -> 0 | S38: =S5-SUM(S6:S36) -> 0 | T38: =T5-SUM(T6:T36) -> 0 | U38: =U5-SUM(U6:U36) -> 0 | V38: =V5-SUM(V6:V36) -> 0

Sheet 2010
A1: 分地区新增发电装机容量（万KW）
A2: 地区 | B2: 合计 | C2: 水电 | E2: 火电 | S2: 核电 | T2: 风电 | U2: 太阳能发电 | V2: 其他
C3: 合计 | D3: 抽水蓄能 | E3: 合计 | F3: 燃煤 | I3: 燃气 | L3: 燃油 | M3: 其他
F4: 合计 | G4: 常规燃煤 | H4: 煤矸石发电 | I4: 合计 | J4: 常规燃气 | K4: 煤层气发电 | M4: 合计 | N4: 余温、余气、余压发电 | O4: 垃圾焚烧发电 | P4: 秸秆、蔗渣、林木质发电 | Q4: 沼气 | R4: 技改增容
A5: 全国 | X5: =B5-C5-E5-S5-T5-U5-V5 -> 0 | Y5: =E5-F5-I5-L5-M5 -> 0 | Z5: =M5-N5-O5-P5 -> 0
A6: 北京 | X6: =B6-C6-E6-S6-T6-U6-V6 -> 0 | Y6: =E6-F6-I6-L6-M6 -> 0 | Z6: =M6-N6-O6-P6 -> 0
A7: 天津 | X7: =B7-C7-E7-S7-T7-U7-V7 -> 0 | Y7: =E7-F7-I7-L7-M7 -> 0 | Z7: =M7-N7-O7-P7 -> 0
A8: 河北 | X8: =B8-C8-E8-S8-T8-U8-V8 -> 0 | Y8: =E8-F8-I8-L8-M8 -> 0 | Z8: =M8-N8-O8-P8 -> 0
A9: 山西 | X9: =B9-C9-E9-S9-T9-U9-V9 -> 0 | Y9: =E9-F9-I9-L9-M9 -> 0 | Z9: =M9-N9-O9-P9 -> 0
A10: 内蒙古 | X10: =B10-C10-E10-S10-T10-U10-V10 -> 0 | Y10: =E10-F10-I10-L10-M10 -> 0 | Z10: =M10-N10-O10-P10 -> 0
A11: 辽宁 | X11: =B11-C11-E11-S11-T11-U11-V11 -> 0 | Y11: =E11-F11-I11-L11-M11 -> 0 | Z11: =M11-N11-O11-P11 -> 0
A12: 吉林 | X12: =B12-C12-E12-S12-T12-U12-V12 -> 0 | Y12: =E12-F12-I12-L12-M12 -> 0 | Z12: =M12-N12-O12-P12 -> 0
A13: 黑龙江 | X13: =B13-C13-E13-S13-T13-U13-V13 -> 0 | Y13: =E13-F13-I13-L13-M13 -> 0 | Z13: =M13-N13-O13-P13 -> 0
A14: 上海 | X14: =B14-C14-E14-S14-T14-U14-V14 -> 0 | Y14: =E14-F14-I14-L14-M14 -> 0 | Z14: =M14-N14-O14-P14 -> 0
A15: 江苏 | X15: =B15-C15-E15-S15-T15-U15-V15 -> 0 | Y15: =E15-F15-I15-L15-M15 -> 0 | Z15: =M15-N15-O15-P15 -> 0
A16: 浙江 | X16: =B16-C16-E16-S16-T16-U16-V16 -> 0 | Y16: =E16-F16-I16-L16-M16 -> 0 | Z16: =M16-N16-O16-P16 -> 0
... A36: 新疆 | X36: =B36-C36-E36-S36-T36-U36-V36 -> 0 | Y36: =E36-F36-I36-L36-M36 -> 0 | Z36: =M36-N36-O36-P36 -> 0
B38: =B5-SUM(B6:B36) -> 0 | C38: =C5-SUM(C6:C36) -> 0 | D38: =D5-SUM(D6:D36) -> 0 | E38: =E5-SUM(E6:E36) -> 0 | F38: =F5-SUM(F6:F36) -> 0 | H38: =H5-SUM(H6:H36) -> 0 | I38: =I5-SUM(I6:I36) -> 0 | J38: =J5-SUM(J6:J36) -> 0 | K38: =K5-SUM(K6:K36) -> 0 | L38: =L5-SUM(L6:L36) -> 0 | M38: =M5-SUM(M6:M36) -> 0 | N38: =N5-SUM(N6:N36) -> 0 | O38: =O5-SUM(O6:O36) -> 0 | P38: =P5-SUM(P6:P36) -> 0 | S38: =S5-SUM(S6:S36) -> 0 | T38: =T5-SUM(T6:T36) -> 0 | U38: =U5-SUM(U6:U36) -> 0 | V38: =V5-SUM(V6:V36) -> 0

Sheet 2011
A1: 分地区新增发电装机容量（万KW）
A2: 地区 | B2: 合计 | C2: 水电 | E2: 火电 | S2: 核电 | T2: 风电 | U2: 太阳能发电 | V2: 其他
C3: 合计 | D3: 抽水蓄能 | E3: 合计 | F3: 燃煤 | I3: 燃气 | L3: 燃油 | M3: 其他
F4: 合计 | G4: 常规燃煤 | H4: 煤矸石发电 | I4: 合计 | J4: 常规燃气 | K4: 煤层气发电 | M4: 合计 | N4: 余温、余气、余压发电 | O4: 垃圾焚烧发电 | P4: 秸秆、蔗渣、林木质发电 | Q4: 沼气 | R4: 技改增容
A5: 全国 | X5: =B5-C5-E5-S5-T5-U5-V5 -> 0 | Y5: =E5-F5-I5-L5-M5 -> 0 | Z5: =M5-N5-O5-P5 -> 0
A6: 北京 | X6: =B6-C6-E6-S6-T6-U6-V6 -> 0 | Y6: =E6-F6-I6-L6-M6 -> 0 | Z6: =M6-N6-O6-P6 -> 0
A7: 天津 | X7: =B7-C7-E7-S7-T7-U7-V7 -> 0 | Y7: =E7-F7-I7-L7-M7 -> 0 | Z7: =M7-N7-O7-P7 -> 0
A8: 河北 | X8: =B8-C8-E8-S8-T8-U8-V8 -> 0 | Y8: =E8-F8-I8-L8-M8 -> 0 | Z8: =M8-N8-O8-P8 -> 0
A9: 山西 | X9: =B9-C9-E9-S9-T9-U9-V9 -> 0 | Y9: =E9-F9-I9-L9-M9 -> 0 | Z9: =M9-N9-O9-P9 -> 0
A10: 内蒙古 | X10: =B10-C10-E10-S10-T10-U10-V10 -> 0 | Y10: =E10-F10-I10-L10-M10 -> 0 | Z10: =M10-N10-O10-P10 -> 0
A11: 辽宁 | X11: =B11-C11-E11-S11-T11-U11-V11 -> 0 | Y11: =E11-F11-I11-L11-M11 -> 0 | Z11: =M11-N11-O11-P11 -> 0
A12: 吉林 | X12: =B12-C12-E12-S12-T12-U12-V12 -> 0 | Y12: =E12-F12-I12-L12-M12 -> 0 | Z12: =M12-N12-O12-P12 -> 0
A13: 黑龙江 | X13: =B13-C13-E13-S13-T13-U13-V13 -> 0 | Y13: =E13-F13-I13-L13-M13 -> 0 | Z13: =M13-N13-O13-P13 -> 0
A14: 上海 | X14: =B14-C14-E14-S14-T14-U14-V14 -> 0 | Y14: =E14-F14-I14-L14-M14 -> 0 | Z14: =M14-N14-O14-P14 -> 0
A15: 江苏 | X15: =B15-C15-E15-S15-T15-U15-V15 -> 0 | Y15: =E15-F15-I15-L15-M15 -> 0 | Z15: =M15-N15-O15-P15 -> 0
A16: 浙江 | X16: =B16-C16-E16-S16-T16-U16-V16 -> 0 | Y16: =E16-F16-I16-L16-M16 -> 0 | Z16: =M16-N16-O16-P16 -> 0
... A36: 新疆 | X36: =B36-C36-E36-S36-T36-U36-V36 -> 0 | Y36: =E36-F36-I36-L36-M36 -> 0 | Z36: =M36-N36-O36-P36 -> 0
B38: =B5-SUM(B6:B36) -> 0 | C38: =C5-SUM(C6:C36) -> 0 | D38: =D5-SUM(D6:D36) -> 0 | E38: =E5-SUM(E6:E36) -> 0 | F38: =F5-SUM(F6:F36) -> 0 | H38: =H5-SUM(H6:H36) -> 0 | I38: =I5-SUM(I6:I36) -> 0 | J38: =J5-SUM(J6:J36) -> 0 | K38: =K5-SUM(K6:K36) -> 0 | L38: =L5-SUM(L6:L36) -> 0 | M38: =M5-SUM(M6:M36) -> 0 | N38: =N5-SUM(N6:N36) -> 0 | O38: =O5-SUM(O6:O36) -> 0 | P38: =P5-SUM(P6:P36) -> 0 | S38: =S5-SUM(S6:S36) -> 0 | T38: =T5-SUM(T6:T36) -> 0 | U38: =U5-SUM(U6:U36) -> 0 | V38: =V5-SUM(V6:V36) -> 0

Sheet 2012
A1: 分地区新增发电装机容量（万KW）
A2: 地区 | B2: 合计 | C2: 水电 | E2: 火电 | S2: 核电 | T2: 风电 | U2: 太阳能发电 | V2: 其他
C3: 合计 | D3: 抽水蓄能 | E3: 合计 | F3: 燃煤 | I3: 燃气 | L3: 燃油 | M3: 其他
F4: 合计 | G4: 常规燃煤 | H4: 煤矸石发电 | I4: 合计 | J4: 常规燃气 | K4: 煤层气发电 | M4: 合计 | N4: 余温、余气、余压发电 | O4: 垃圾焚烧发电 | P4: 秸秆、蔗渣、林木质发电 | Q4: 沼气 | R4: 技改增容
A5: 全国 | X5: =B5-C5-E5-S5-T5-U5-V5 -> 0 | Y5: =E5-F5-I5-L5-M5 -> 0 | Z5: =M5-N5-O5-P5 -> 0
A6: 北京 | X6: =B6-C6-E6-S6-T6-U6-V6 -> 0 | Y6: =E6-F6-I6-L6-M6 -> 0 | Z6: =M6-N6-O6-P6 -> 0
A7: 天津 | X7: =B7-C7-E7-S7-T7-U7-V7 -> 0 | Y7: =E7-F7-I7-L7-M7 -> 0 | Z7: =M7-N7-O7-P7 -> 0
A8: 河北 | X8: =B8-C8-E8-S8-T8-U8-V8 -> 0 | Y8: =E8-F8-I8-L8-M8 -> 0 | Z8: =M8-N8-O8-P8 -> 0
A9: 山西 | X9: =B9-C9-E9-S9-T9-U9-V9 -> 0 | Y9: =E9-F9-I9-L9-M9 -> 0 | Z9: =M9-N9-O9-P9 -> 0
A10: 内蒙古 | X10: =B10-C10-E10-S10-T10-U10-V10 -> 0 | Y10: =E10-F10-I10-L10-M10 -> 0 | Z10: =M10-N10-O10-P10 -> 0
A11: 辽宁 | X11: =B11-C11-E11-S11-T11-U11-V11 -> 0 | Y11: =E11-F11-I11-L11-M11 -> 0 | Z11: =M11-N11-O11-P11 -> 0
A12: 吉林 | X12: =B12-C12-E12-S12-T12-U12-V12 -> 0 | Y12: =E12-F12-I12-L12-M12 -> 0 | Z12: =M12-N12-O12-P12 -> 0
A13: 黑龙江 | X13: =B13-C13-E13-S13-T13-U13-V13 -> 0 | Y13: =E13-F13-I13-L13-M13 -> 0 | Z13: =M13-N13-O13-P13 -> 0
A14: 上海 | X14: =B14-C14-E14-S14-T14-U14-V14 -> 0 | Y14: =E14-F14-I14-L14-M14 -> 0 | Z14: =M14-N14-O14-P14 -> 0
A15: 江苏 | X15: =B15-C15-E15-S15-T15-U15-V15 -> 0 | Y15: =E15-F15-I15-L15-M15 -> 0 | Z15: =M15-N15-O15-P15 -> 0
A16: 浙江 | X16: =B16-C16-E16-S16-T16-U16-V16 -> 0 | Y16: =E16-F16-I16-L16-M16 -> 0 | Z16: =M16-N16-O16-P16 -> 0
... A36: 新疆 | X36: =B36-C36-E36-S36-T36-U36-V36 -> 0 | Y36: =E36-F36-I36-L36-M36 -> 0 | Z36: =M36-N36-O36-P36 -> 0
B38: =B5-SUM(B6:B36) -> 0 | C38: =C5-SUM(C6:C36) -> 0 | D38: =D5-SUM(D6:D36) -> 0 | E38: =E5-SUM(E6:E36) -> 0 | F38: =F5-SUM(F6:F36) -> 0 | H38: =H5-SUM(H6:H36) -> 0 | I38: =I5-SUM(I6:I36) -> 0 | J38: =J5-SUM(J6:J36) -> 0 | K38: =K5-SUM(K6:K36) -> 0 | L38: =L5-SUM(L6:L36) -> 0 | M38: =M5-SUM(M6:M36) -> 0 | N38: =N5-SUM(N6:N36) -> 0 | O38: =O5-SUM(O6:O36) -> 0 | P38: =P5-SUM(P6:P36) -> 0 | S38: =S5-SUM(S6:S36) -> 0 | T38: =T5-SUM(T6:T36) -> 0 | U38: =U5-SUM(U6:U36) -> 0 | V38: =V5-SUM(V6:V36) -> 0

Sheet 2013
A1: 分地区新增发电装机容量（万KW）
A2: 地区 | B2: 合计 | C2: 水电 | E2: 火电 | S2: 核电 | T2: 风电 | U2: 太阳能发电 | V2: 其他
C3: 合计 | D3: 抽水蓄能 | E3: 合计 | F3: 燃煤 | I3: 燃气 | L3: 燃油 | M3: 其他
F4: 合计 | G4: 常规燃煤 | H4: 煤矸石发电 | I4: 合计 | J4: 常规燃气 | K4: 煤层气发电 | M4: 合计 | N4: 余温、余气、余压发电 | O4: 垃圾焚烧发电 | P4: 秸秆、蔗渣、林木质发电 | Q4: 沼气 | R4: 技改增容
A5: 全国 | X5: =B5-C5-E5-S5-T5-U5-V5 -> 0 | Y5: =E5-F5-I5-L5-M5 -> 0 | Z5: =M5-N5-O5-P5 -> 0
A6: 北京 | X6: =B6-C6-E6-S6-T6-U6-V6 -> 0 | Y6: =E6-F6-I6-L6-M6 -> 0 | Z6: =M6-N6-O6-P6 -> 0
A7: 天津 | X7: =B7-C7-E7-S7-T7-U7-V7 -> 0 | Y7: =E7-F7-I7-L7-M7 -> 0 | Z7: =M7-N7-O7-P7 -> 0
A8: 河北 | X8: =B8-C8-E8-S8-T8-U8-V8 -> 0 | Y8: =E8-F8-I8-L8-M8 -> 0 | Z8: =M8-N8-O8-P8 -> 0
A9: 山西 | X9: =B9-C9-E9-S9-T9-U9-V9 -> 0 | Y9: =E9-F9-I9-L9-M9 -> 0 | Z9: =M9-N9-O9-P9 -> 0
A10: 内蒙古 | X10: =B10-C10-E10-S10-T10-U10-V10 -> 0 | Y10: =E10-F10-I10-L10-M10 -> 0 | Z10: =M10-N10-O10-P10 -> 0
A11: 辽宁 | X11: =B11-C11-E11-S11-T11-U11-V11 -> 0 | Y11: =E11-F11-I11-L11-M11 -> 0 | Z11: =M11-N11-O11-P11 -> 0
A12: 吉林 | X12: =B12-C12-E12-S12-T12-U12-V12 -> 0 | Y12: =E12-F12-I12-L12-M12 -> 0 | Z12: =M12-N12-O12-P12 -> 0
A13: 黑龙江 | X13: =B13-C13-E13-S13-T13-U13-V13 -> 0 | Y13: =E13-F13-I13-L13-M13 -> 0 | Z13: =M13-N13-O13-P13 -> 0
A14: 上海 | X14: =B14-C14-E14-S14-T14-U14-V14 -> 0 | Y14: =E14-F14-I14-L14-M14 -> 0 | Z14: =M14-N14-O14-P14 -> 0
A15: 江苏 | X15: =B15-C15-E15-S15-T15-U15-V15 -> 0 | Y15: =E15-F15-I15-L15-M15 -> 0 | Z15: =M15-N15-O15-P15 -> 0
A16: 浙江 | X16: =B16-C16-E16-S16-T16-U16-V16 -> 0 | Y16: =E16-F16-I16-L16-M16 -> 0 | Z16: =M16-N16-O16-P16 -> 0
... A36: 新疆 | X36: =B36-C36-E36-S36-T36-U36-V36 -> 0 | Y36: =E36-F36-I36-L36-M36 -> 0 | Z36: =M36-N36-O36-P36 -> 0
B38: =B5-SUM(B6:B36) -> 0 | C38: =C5-SUM(C6:C36) -> 0 | D38: =D5-SUM(D6:D36) -> 0 | E38: =E5-SUM(E6:E36) -> 0 | F38: =F5-SUM(F6:F36) -> 0 | H38: =H5-SUM(H6:H36) -> 0 | I38: =I5-SUM(I6:I36) -> 0 | J38: =J5-SUM(J6:J36) -> 0 | L38: =L5-SUM(L6:L36) -> 0 | M38: =M5-SUM(M6:M36) -> 0 | N38: =N5-SUM(N6:N36) -> 0 | O38: =O5-SUM(O6:O36) -> 0 | P38: =P5-SUM(P6:P36) -> 0 | S38: =S5-SUM(S6:S36) -> 0 | T38: =T5-SUM(T6:T36) -> 0 | U38: =U5-SUM(U6:U36) -> 0 | V38: =V5-SUM(V6:V36) -> 0

Sheet 2014
A1: 分地区新增发电装机容量（万KW）
A2: 地区 | B2: 合计 | C2: 水电 | E2: 火电 | S2: 核电 | T2: 风电 | U2: 太阳能发电 | V2: 其他
C3: 合计 | D3: 抽水蓄能 | E3: 合计 | F3: 燃煤 | I3: 燃气 | L3: 燃油 | M3: 其他
F4: 合计 | G4: 常规燃煤 | H4: 煤矸石发电 | I4: 合计 | J4: 常规燃气 | K4: 煤层气发电 | M4: 合计 | N4: 余温、余气、余压发电 | O4: 垃圾焚烧发电 | P4: 秸秆、蔗渣、林木质发电 | Q4: 沼气 | R4: 技改增容
A5: 全国 | X5: =B5-C5-E5-S5-T5-U5-V5 -> 0 | Y5: =E5-F5-I5-L5-M5 -> 0 | Z5: =M5-N5-O5-P5 -> 0
A6: 北京 | X6: =B6-C6-E6-S6-T6-U6-V6 -> 0 | Y6: =E6-F6-I6-L6-M6 -> 0 | Z6: =M6-N6-O6-P6 -> 0
A7: 天津 | X7: =B7-C7-E7-S7-T7-U7-V7 -> 0 | Y7: =E7-F7-I7-L7-M7 -> 0 | Z7: =M7-N7-O7-P7 -> 0
A8: 河北 | X8: =B8-C8-E8-S8-T8-U8-V8 -> 0 | Y8: =E8-F8-I8-L8-M8 -> 0 | Z8: =M8-N8-O8-P8 -> 0
A9: 山西 | X9: =B9-C9-E9-S9-T9-U9-V9 -> 0 | Y9: =E9-F9-I9-L9-M9 -> 0 | Z9: =M9-N9-O9-P9 -> 0
A10: 内蒙古 | X10: =B10-C10-E10-S10-T10-U10-V10 -> 0 | Y10: =E10-F10-I10-L10-M10 -> 0 | Z10: =M10-N10-O10-P10 -> 0
A11: 辽宁 | X11: =B11-C11-E11-S11-T11-U11-V11 -> 0 | Y11: =E11-F11-I11-L11-M11 -> 0 | Z11: =M11-N11-O11-P11 -> 0
A12: 吉林 | X12: =B12-C12-E12-S12-T12-U12-V12 -> 0 | Y12: =E12-F12-I12-L12-M12 -> 0 | Z12: =M12-N12-O12-P12 -> 0
A13: 黑龙江 | X13: =B13-C13-E13-S13-T13-U13-V13 -> 0 | Y13: =E13-F13-I13-L13-M13 -> 0 | Z13: =M13-N13-O13-P13 -> 0
A14: 上海 | X14: =B14-C14-E14-S14-T14-U14-V14 -> 0 | Y14: =E14-F14-I14-L14-M14 -> 0 | Z14: =M14-N14-O14-P14 -> 0
A15: 江苏 | X15: =B15-C15-E15-S15-T15-U15-V15 -> 0 | Y15: =E15-F15-I15-L15-M15 -> 0 | Z15: =M15-N15-O15-P15 -> 0
A16: 浙江 | X16: =B16-C16-E16-S16-T16-U16-V16 -> 0 | Y16: =E16-F16-I16-L16-M16 -> 0 | Z16: =M16-N16-O16-P16 -> 0
... A36: 新疆 | X36: =B36-C36-E36-S36-T36-U36-V36 -> 0 | Y36: =E36-F36-I36-L36-M36 -> 0 | Z36: =M36-N36-O36-P36 -> 0
B38: =B5-SUM(B6:B36) -> 0 | C38: =C5-SUM(C6:C36) -> 0 | D38: =D5-SUM(D6:D36) -> 0 | E38: =E5-SUM(E6:E36) -> 0 | F38: =F5-SUM(F6:F36) -> 0 | H38: =H5-SUM(H6:H36) -> 0 | I38: =I5-SUM(I6:I36) -> 0 | J38: =J5-SUM(J6:J36) -> 0 | L38: =L5-SUM(L6:L36) -> 0 | M38: =M5-SUM(M6:M36) -> 0 | N38: =N5-SUM(N6:N36) -> 0 | O38: =O5-SUM(O6:O36) -> 0 | P38: =P5-SUM(P6:P36) -> 0 | S38: =S5-SUM(S6:S36) -> 0 | T38: =T5-SUM(T6:T36) -> 0 | U38: =U5-SUM(U6:U36) -> 0 | V38: =V5-SUM(V6:V36) -> 0

Sheet 2015
A1: 分地区新增发电装机容量（万KW）
A2: 地区 | B2: 合计 | C2: 水电 | E2: 火电 | S2: 核电 | T2: 风电 | U2: 太阳能发电 | V2: 其他
C3: 合计 | D3: 抽水蓄能 | E3: 合计 | F3: 燃煤 | I3: 燃气 | L3: 燃油 | M3: 其他
F4: 合计 | G4: 常规燃煤 | H4: 煤矸石发电 | I4: 合计 | J4: 常规燃气 | K4: 煤层气发电 | M4: 合计 | N4: 余温、余气、余压发电 | O4: 垃圾焚烧发电 | P4: 秸秆、蔗渣、林木质发电 | Q4: 沼气 | R4: 技改增容
A5: 全国 | X5: =B5-C5-E5-S5-T5-U5-V5 -> 0 | Y5: =E5-F5-I5-L5-M5 -> 0 | Z5: =M5-N5-O5-P5 -> 0
A6: 北京 | X6: =B6-C6-E6-S6-T6-U6-V6 -> 0 | Y6: =E6-F6-I6-L6-M6 -> 0 | Z6: =M6-N6-O6-P6 -> 0
A7: 天津 | X7: =B7-C7-E7-S7-T7-U7-V7 -> 0 | Y7: =E7-F7-I7-L7-M7 -> 0 | Z7: =M7-N7-O7-P7 -> 0
A8: 河北 | X8: =B8-C8-E8-S8-T8-U8-V8 -> 0 | Y8: =E8-F8-I8-L8-M8 -> 0 | Z8: =M8-N8-O8-P8 -> 0
A9: 山西 | X9: =B9-C9-E9-S9-T9-U9-V9 -> 0 | Y9: =E9-F9-I9-L9-M9 -> 0 | Z9: =M9-N9-O9-P9 -> 0
A10: 内蒙古 | X10: =B10-C10-E10-S10-T10-U10-V10 -> 0 | Y10: =E10-F10-I10-L10-M10 -> 0 | Z10: =M10-N10-O10-P10 -> 0
A11: 辽宁 | X11: =B11-C11-E11-S11-T11-U11-V11 -> 0 | Y11: =E11-F11-I11-L11-M11 -> 0 | Z11: =M11-N11-O11-P11 -> 0
A12: 吉林 | X12: =B12-C12-E12-S12-T12-U12-V12 -> 0 | Y12: =E12-F12-I12-L12-M12 -> 0 | Z12: =M12-N12-O12-P12 -> 0
A13: 黑龙江 | X13: =B13-C13-E13-S13-T13-U13-V13 -> 0 | Y13: =E13-F13-I13-L13-M13 -> 0 | Z13: =M13-N13-O13-P13 -> 0
A14: 上海 | X14: =B14-C14-E14-S14-T14-U14-V14 -> 0 | Y14: =E14-F14-I14-L14-M14 -> 0 | Z14: =M14-N14-O14-P14 -> 0
A15: 江苏 | X15: =B15-C15-E15-S15-T15-U15-V15 -> 0 | Y15: =E15-F15-I15-L15-M15 -> 0 | Z15: =M15-N15-O15-P15 -> 0
A16: 浙江 | X16: =B16-C16-E16-S16-T16-U16-V16 -> 0 | Y16: =E16-F16-I16-L16-M16 -> 0 | Z16: =M16-N16-O16-P16 -> 0
... A36: 新疆 | X36: =B36-C36-E36-S36-T36-U36-V36 -> 0 | Y36: =E36-F36-I36-L36-M36 -> 0 | Z36: =M36-N36-O36-P36 -> 0
B38: =B5-SUM(B6:B36) -> 0 | C38: =C5-SUM(C6:C36) -> 0 | D38: =D5-SUM(D6:D36) -> 0 | E38: =E5-SUM(E6:E36) -> 0 | F38: =F5-SUM(F6:F36) -> 0 | H38: =H5-SUM(H6:H36) -> 0 | I38: =I5-SUM(I6:I36) -> 0 | J38: =J5-SUM(J6:J36) -> 0 | L38: =L5-SUM(L6:L36) -> 0 | M38: =M5-SUM(M6:M36) -> 0 | N38: =N5-SUM(N6:N36) -> 0 | O38: =O5-SUM(O6:O36) -> 0 | P38: =P5-SUM(P6:P36) -> 0 | S38: =S5-SUM(S6:S36) -> 0 | T38: =T5-SUM(T6:T36) -> 0 | U38: =U5-SUM(U6:U36) -> 0 | V38: =V5-SUM(V6:V36) -> 0

Sheet 2016
A1: 分地区新增发电装机容量（万KW）
A2: 地区 | B2: 合计 | C2: 水电 | E2: 火电 | S2: 核电 | T2: 风电 | U2: 太阳能发电 | V2: 其他
C3: 合计 | D3: 抽水蓄能 | E3: 合计 | F3: 燃煤 | I3: 燃气 | L3: 燃油 | M3: 其他 | AB3: 万千瓦 | AC3: 合计 | AD3: 水 | AE3: 火 | AF3: 风 | AG3: 光
F4: 合计 | G4: 常规燃煤 | H4: 煤矸石发电 | I4: 合计 | J4: 常规燃气 | K4: 煤层气发电 | M4: 合计 | N4: 余温、余气、余压发电 | O4: 垃圾焚烧发电 | P4: 秸秆、蔗渣、林木质发电 | Q4: 沼气 | R4: 技改增容 | AB4: 地区 | AC4: 2016 年 | AD4: 2016 年 | AE4: 2016 年 | AF4: 2016 年 | AG4: 2016 年
A5: 全国 | B5: 160522 | C5: 30010 | E5: 105580 | F5: 94654 | I5: 7011 | L5: 210 | M5: 4220 | O5: 576 | P5: 776 | Q5: 45 | S5: 3364 | T5: 14744 | U5: 6819 | V5: 5 | X5: =B5-C5-E5-S5-T5-U5-V5 -> 0 | Y5: =E5-F5-I5-L5-M5 -> -515 | Z5: =M5-N5-O5-P5 -> 2868 | AB5: 全国 | AC5: 12143 | AD5: 1179 | AE5: 5048 | AF5: 2024 | AG5: 3171 | AH5: =AC5-AD5-AE5-AF5-AG5 -> 721
A6: 北京 | B6: 1092 | C6: 98 | E6: 970 | F6: 85 | I6: 850 | L6: 22 | M6: 15 | O6: 13 | Q6: 1 | T6: 19 | U6: 5 | X6: =B6-C6-E6-S6-T6-U6-V6 -> 0 | Y6: =E6-F6-I6-L6-M6 -> -2 | Z6: =M6-N6-O6-P6 -> 2 | AB6: 北京 | AC6: 32 | AE6: 6 | AF6: 7 | AG6: 18 | AH6: =AC6-AD6-AE6-AF6-AG6 -> 1
A7: 天津 | B7: 1458 | E7: 1377 | F7: 1076 | I7: 277 | M7: 25 | O7: 10 | T7: 28 | U7: 54 | X7: =B7-C7-E7-S7-T7-U7-V7 -> -1 | Y7: =E7-F7-I7-L7-M7 -> -1 | Z7: =M7-N7-O7-P7 -> 15 | AB7: 天津 | AC7: 143 | AE7: 95 | AG7: 48 | AH7: =AC7-AD7-AE7-AF7-AG7 -> 0
A8: 河北 | B8: 6211 | C8: 165 | E8: 4503 | F8: 4251 | I8: 3 | M8: 257 | O8: 16 | P8: 38 | Q8: 1 | T8: 1138 | U8: 404 | V8: 2 | X8: =B8-C8-E8-S8-T8-U8-V8 -> -1 | Y8: =E8-F8-I8-L8-M8 -> -8 | Z8: =M8-N8-O8-P8 -> 203 | AB8: 河北 | AC8: 631 | AE8: 170 | AF8: 228 | AG8: 232 | AH8: =AC8-AD8-AE8-AF8-AG8 -> 1
A9: 山西 | B9: 7599 | C9: 235 | E9: 6309 | F9: 6003 | I9: 279 | M9: 46 | O9: 11 | P9: 19 | Q9: 15 | T9: 771 | U9: 284 | X9: =B9-C9-E9-S9-T9-U9-V9 -> 0 | Y9: =E9-F9-I9-L9-M9 -> -19 | Z9: =M9-N9-O9-P9 -> 16 | AB9: 山西 | AC9: 793 | AE9: 374 | AF9: 173 | AG9: 246 | AH9: =AC9-AD9-AE9-AF9-AG9 -> 0
A10: 内蒙古 | B10: 11030 | C10: 238 | E10: 7601 | F10: 7542 | I10: 42 | M10: 25 | O10: 4 | P10: 12 | T10: 2556 | U10: 636 | X10: =B10-C10-E10-S10-T10-U10-V10 -> -1 | Y10: =E10-F10-I10-L10-M10 -> -8 | Z10: =M10-N10-O10-P10 -> 9 | AB10: 内蒙古 | AC10: 473 | AE10: 366 | AF10: 81 | AG10: 26 | AH10: =AC10-AD10-AE10-AF10-AG10 -> 0
A11: 辽宁 | B11: 4572 | C11: 277 | E11: 3109 | F11: 3024 | I11: 4 | L11: 15 | M11: 72 | O11: 3 | P11: 5 | S11: 448 | T11: 694 | U11: 45 | X11: =B11-C11-E11-S11-T11-U11-V11 -> -1 | Y11: =E11-F11-I11-L11-M11 -> -6 | Z11: =M11-N11-O11-P11 -> 64 | AB11: 辽宁 | AC11: 147 | AE11: 1 | AF11: 14 | AG11: 21 | AH11: =AC11-AD11-AE11-AF11-AG11 -> 111
A12: 吉林 | B12: 2684 | C12: 353 | E12: 1775 | F12: 1688 | I12: 0 | M12: 88 | O12: 12 | P12: 40 | Q12: 0 | T12: 505 | U12: 52 | X12: =B12-C12-E12-S12-T12-U12-V12 -> -1 | Y12: =E12-F12-I12-L12-M12 -> -1 | Z12: =M12-N12-O12-P12 -> 36 | AB12: 吉林 | AC12: 84 | AE12: 11 | AF12: 22 | AG12: 52 | AH12: =AC12-AD12-AE12-AF12-AG12 -> -1
A13: 黑龙江 | B13: 2767 | C13: 95 | E13: 2099 | F13: 1991 | I13: 12 | L13: 2 | M13: 99 | O13: 7 | P13: 73 | Q13: 0 | T13: 561 | U13: 12 | X13: =B13-C13-E13-S13-T13-U13-V13 -> 0 | Y13: =E13-F13-I13-L13-M13 -> -5 | Z13: =M13-N13-O13-P13 -> 19 | AB13: 黑龙江 | AC13: 139 | AE13: 59 | AF13: 66 | AG13: 14 | AH13: =AC13-AD13-AE13-AF13-AG13 -> 0
A14: 上海 | B14: 2341 | E14: 2263 | F14: 1509 | I14: 570 | L14: 86 | M14: 98 | O14: 22 | Q14: 2 | T14: 71 | U14: 7 | X14: =B14-C14-E14-S14-T14-U14-V14 -> 0 | Y14: =E14-F14-I14-L14-M14 -> 0 | Z14: =M14-N14-O14-P14 -> 76 | AB14: 上海 | AC14: 45 | AE14: 11 | AF14: 20 | AG14: 15 | AH14: =AC14-AD14-AE14-AF14-AG14 -> -1
A15: 江苏 | B15: 9987 | C15: 110 | E15: 8711 | F15: 7448 | I15: 957 | M15: 322 | O15: 79 | P15: 44 | Q15: 2 | S15: 212 | T15: 561 | U15: 394 | X15: =B15-C15-E15-S15-T15-U15-V15 -> -1 | Y15: =E15-F15-I15-L15-M15 -> -16 | Z15: =M15-N15-O15-P15 -> 199 | AB15: 江苏 | AC15: 645 | AE15: 380 | AF15: 95 | AG15: 170 | AH15: =AC15-AD15-AE15-AF15-AG15 -> 0
A16: 浙江 | B16: 7927 | C16: 939 | E16: 6044 | F16: 4629 | I16: 1228 | L16: 6 | M16: 200 | O16: 102 | P16: 19 | Q16: 1 | S16: 657 | T16: 118 | U16: 169 | X16: =B16-C16-E16-S16-T16-U16-V16 -> 0 | Y16: =E16-F16-I16-L16-M16 -> -19 | Z16: =M16-N16-O16-P16 -> 79 | AB16: 浙江 | AC16: 496 | AD16: 177 | AE16: 64 | AF16: 27 | AG16: 228 | AH16: =AC16-AD16-AE16-AF16-AG16 -> 0
A17: 安徽 | B17: 5598 | C17: 241 | E17: 4894 | F17: 4669 | I17: 11 | M17: 236 | O17: 29 | P17: 66 | Q17: 1 | T17: 177 | U17: 287 | X17: =B17-C17-E17-S17-T17-U17-V17 -> -1 | Y17: =E17-F17-I17-L17-M17 -> -22 | Z17: =M17-N17-O17-P17 -> 141 | AB17: 安徽 | AC17: 503 | AD17: 5 | AE17: 301 | AF17: 45 | AG17: 153 | AH17: =AC17-AD17-AE17-AF17-AG17 -> -1
A18: 福建 | B18: 4807 | C18: 918 | E18: 2893 | F18: 2394 | I18: 387 | M18: 121 | O18: 30 | P18: 5 | Q18: 1 | S18: 762 | T18: 214 | U18: 20 | X18: =B18-C18-E18-S18-T18-U18-V18 -> 0 | Y18: =E18-F18-I18-L18-M18 -> -9 | Z18: =M18-N18-O18-P18 -> 86 | AB18: 福建 | AC18: 338 | AD18: 6 | AE18: 33 | AF18: 62 | AG18: 20 | AH18: =AC18-AD18-AE18-AF18-AG18 -> 217
A19: 江西 | B19: 2610 | C19: 412 | E19: 1913 | F19: 1721 | I19: 10 | M19: 187 | O19: 7 | P19: 20 | Q19: 0 | T19: 108 | U19: 178 | X19: =B19-C19-E19-S19-T19-U19-V19 -> -1 | Y19: =E19-F19-I19-L19-M19 -> -5 | Z19: =M19-N19-O19-P19 -> 160 | AB19: 江西 | AC19: 400 | AD19: 121 | AE19: 115 | AF19: 27 | AG19: 137 | AH19: =AC19-AD19-AE19-AF19-AG19 -> 0
A20: 山东 | B20: 10817 | C20: 101 | E20: 9521 | F20: 9015 | I20: 6 | M20: 519 | O20: 56 | P20: 117 | Q20: 6 | T20: 839 | U20: 356 | X20: =B20-C20-E20-S20-T20-U20-V20 -> 0 | Y20: =E20-F20-I20-L20-M20 -> -19 | Z20: =M20-N20-O20-P20 -> 346 | AB20: 山东 | AC20: 1281 | AE20: 883 | AF20: 111 | AG20: 286 | AH20: =AC20-AD20-AE20-AF20-AG20 -> 1
A21: 河南 | B21: 7165 | C21: 389 | E21: 6422 | F21: 6164 | I21: 161 | M21: 106 | O21: 8 | P21: 39 | T21: 104 | U21: 250 | X21: =B21-C21-E21-S21-T21-U21-V21 -> 0 | Y21: =E21-F21-I21-L21-M21 -> -9 | Z21: =M21-N21-O21-P21 -> 59 | AB21: 河南 | AC21: 387 | AE21: 102 | AF21: 34 | AG21: 250 | AH21: =AC21-AD21-AE21-AF21-AG21 -> 1
A22: 湖北 | B22: 6604 | C22: 3552 | E22: 2685 | F22: 2405 | I22: 76 | M22: 213 | O22: 21 | P22: 43 | Q22: 1 | T22: 201 | U22: 166 | X22: =B22-C22-E22-S22-T22-U22-V22 -> 0 | Y22: =E22-F22-I22-L22-M22 -> -9 | Z22: =M22-N22-O22-P22 -> 149 | AB22: 湖北 | AC22: 376 | AD22: 13 | AE22: 122 | AF22: 83 | AG22: 158 | AH22: =AC22-AD22-AE22-AF22-AG22 -> 0
A23: 湖南 | B23: 3774 | C23: 1236 | E23: 2311 | F23: 2113 | I23: 10 | L23: 7 | M23: 191 | O23: 10 | P23: 21 | Q23: 9 | T23: 217 | U23: 10 | X23: =B23-C23-E23-S23-T23-U23-V23 -> 0 | Y23: =E23-F23-I23-L23-M23 -> -10 | Z23: =M23-N23-O23-P23 -> 160 | AB23: 湖南 | AC23: 135 | AD23: 27 | AE23: 9 | AF23: 86 | AG23: 13 | AH23: =AC23-AD23-AE23-AF23-AG23 -> 0
A24: 广东 | B24: 9933 | C24: 954 | E24: 7709 | F24: 5992 | I24: 1569 | L24: 33 | M24: 128 | O24: 62 | P24: 16 | Q24: 4 | S24: 938 | T24: 268 | U24: 63 | V24: 1 | X24: =B24-C24-E24-S24-T24-U24-V24 -> 0 | Y24: =E24-F24-I24-L24-M24 -> -13 | Z24: =M24-N24-O24-P24 -> 50 | AB24: 广东 | AC24: 300 | AD24: 96 | AE24: 60 | AF24: 16 | AG24: 19 | AH24: =AC24-AD24-AE24-AF24-AG24 -> 109
A25: 广西 | B25: 3931 | C25: 1493 | E25: 2140 | F25: 1615 | I25: 12 | M25: 558 | O25: 8 | P25: 155 | S25: 217 | T25: 70 | U25: 12 | X25: =B25-C25-E25-S25-T25-U25-V25 -> -1 | Y25: =E25-F25-I25-L25-M25 -> -45 | Z25: =M25-N25-O25-P25 -> 395 | AB25: 广西 | AC25: 798 | AD25: 14 | AE25: 528 | AF25: 35 | AG25: 4 | AH25: =AC25-AD25-AE25-AF25-AG25 -> 217
A26: 海南 | B26: 711 | C26: 62 | E26: 463 | F26: 376 | I26: 72 | M26: 16 | O26: 7 | Q26: 0 | S26: 130 | T26: 31 | U26: 24 | X26: =B26-C26-E26-S26-T26-U26-V26 -> 1 | Y26: =E26-F26-I26-L26-M26 -> -1 | Z26: =M26-N26-O26-P26 -> 9 | AB26: 海南 | AC26: 66 | AG26: 1 | AH26: =AC26-AD26-AE26-AF26-AG26 -> 65
A27: 重庆 | B27: 2066 | C27: 581 | E27: 1457 | F27: 1256 | I27: 162 | M27: 44 | O27: 10 | P27: 4 | Q27: 0 | T27: 28 | X27: =B27-C27-E27-S27-T27-U27-V27 -> 0 | Y27: =E27-F27-I27-L27-M27 -> -5 | Z27: =M27-N27-O27-P27 -> 30 | AB27: 重庆 | AC27: 154 | AD27: 11 | AE27: 132 | AF27: 10 | AG27: 1 | AH27: =AC27-AD27-AE27-AF27-AG27 -> 0
A28: 四川 | B28: 8661 | C28: 6834 | E28: 1608 | F28: 1399 | I28: 122 | M28: 121 | O28: 27 | P28: 3 | T28: 125 | U28: 94 | X28: =B28-C28-E28-S28-T28-U28-V28 -> 0 | Y28: =E28-F28-I28-L28-M28 -> -34 | Z28: =M28-N28-O28-P28 -> 91 | AB28: 四川 | AC28: 489 | AD28: 308 | AE28: 30 | AF28: 68 | AG28: 83 | AH28: =AC28-AD28-AE28-AF28-AG28 -> 0
A29: 贵州 | B29: 5272 | C29: 1850 | E29: 3014 | F29: 3005 | M29: 8 | O29: 2 | P29: 6 | T29: 362 | U29: 46 | X29: =B29-C29-E29-S29-T29-U29-V29 -> 0 | Y29: =E29-F29-I29-L29-M29 -> 1 | Z29: =M29-N29-O29-P29 -> 0 | AB29: 贵州 | AC29: 359 | AD29: 9 | AE29: 318 | AF29: 32 | AH29: =AC29-AD29-AE29-AF29-AG29 -> 0
A30: 云南 | B30: 8236 | C30: 5895 | E30: 1396 | F30: 1301 | I30: 2 | M30: 309 | O30: 10 | P30: 20 | T30: 737 | U30: 208 | X30: =B30-C30-E30-S30-T30-U30-V30 -> 0 | Y30: =E30-F30-I30-L30-M30 -> -216 | Z30: =M30-N30-O30-P30 -> 279 | AB30: 云南 | AC30: 289 | AD30: 180 | AF30: 97 | AG30: 12 | AH30: =AC30-AD30-AE30-AF30-AG30 -> 0
A31: 西藏 | B31: 229 | C31: 153 | E31: 40 | L31: 39 | M31: 2 | T31: 1 | U31: 33 | V31: 2 | X31: =B31-C31-E31-S31-T31-U31-V31 -> 0 | Y31: =E31-F31-I31-L31-M31 -> -1 | Z31: =M31-N31-O31-P31 -> 2 | AB31: 西藏 | AC31: 60 | AD31: 41 | AE31: 3 | AG31: 16 | AH31: =AC31-AD31-AE31-AF31-AG31 -> 0
A32: 陕西 | B32: 3686 | C32: 232 | E32: 3036 | F32: 2997 | M32: 46 | O32: 2 | T32: 179 | U32: 239 | X32: =B32-C32-E32-S32-T32-U32-V32 -> 0 | Y32: =E32-F32-I32-L32-M32 -> -7 | Z32: =M32-N32-O32-P32 -> 44 | AB32: 陕西 | AC32: 450 | AD32: 15 | AE32: 149 | AF32: 91 | AG32: 194 | AH32: =AC32-AD32-AE32-AF32-AG32 -> 1
A33: 甘肃 | B33: 4703 | C33: 743 | E33: 2002 | F33: 1966 | I33: 7 | M33: 29 | O33: 5 | P33: 3 | T33: 1277 | U33: 681 | X33: =B33-C33-E33-S33-T33-U33-V33 -> 0 | Y33: =E33-F33-I33-L33-M33 -> 0 | Z33: =M33-N33-O33-P33 -> 21 | AB33: 甘肃 | AC33: 152 | AD33: 9 | AE33: 40 | AF33: 25 | AG33: 78 | AH33: =AC33-AD33-AE33-AF33-AG33 -> 0
A34: 青海 | B34: 2297 | C34: 1168 | E34: 381 | F34: 370 | I34: 33 | T34: 69 | U34: 680 | X34: =B34-C34-E34-S34-T34-U34-V34 -> -1 | Y34: =E34-F34-I34-L34-M34 -> -22 | Z34: =M34-N34-O34-P34 -> 0 | AB34: 青海 | AC34: 319 | AD34: 46 | AE34: 113 | AF34: 30 | AG34: 131 | AH34: =AC34-AD34-AE34-AF34-AG34 -> -1
A35: 宁夏 | B35: 3670 | C35: 42 | E35: 2164 | F35: 2008 | I35: 81 | M35: 75 | O35: 2 | P35: 5 | T35: 942 | U35: 522 | X35: =B35-C35-E35-S35-T35-U35-V35 -> 0 | Y35: =E35-F35-I35-L35-M35 -> 0 | Z35: =M35-N35-O35-P35 -> 68 | AB35: 宁夏 | AC35: 574 | AE35: 180 | AF35: 177 | AG35: 217 | AH35: =AC35-AD35-AE35-AF35-AG35 -> 0
A36: 新疆 | B36: 8083 | C36: 644 | E36: 4771 | F36: 4642 | I36: 68 | M36: 65 | P36: 3 | T36: 1776 | U36: 892 | X36: =B36-C36-E36-S36-T36-U36-V36 -> 0 | Y36: =E36-F36-I36-L36-M36 -> -4 | Z36: =M36-N36-O36-P36 -> 62 | AB36: 新疆 | AC36: 1085 | AD36: 98 | AE36: 394 | AF36: 262 | AG36: 330 | AH36: =AC36-AD36-AE36-AF36-AG36 -> 1
B38: =B5-SUM(B6:B36) -> 1 | C38: =C5-SUM(C6:C36) -> 0 | D38: =D5-SUM(D6:D36) -> 0 | E38: =E5-SUM(E6:E36) -> -1 | F38: =F5-SUM(F6:F36) -> 0 | H38: =H5-SUM(H6:H36) -> 0 | I38: =I5-SUM(I6:I36) -> 0 | J38: =J5-SUM(J6:J36) -> 0 | L38: =L5-SUM(L6:L36) -> 0 | M38: =M5-SUM(M6:M36) -> -1 | N38: =N5-SUM(N6:N36) -> 0 | O38: =O5-SUM(O6:O36) -> 1 | P38: =P5-SUM(P6:P36) -> 0 | S38: =S5-SUM(S6:S36) -> 0 | T38: =T5-SUM(T6:T36) -> -3 | U38: =U5-SUM(U6:U36) -> -4 | V38: =V5-SUM(V6:V36) -> 0

Sheet 2017
A1: 分地区装机容量（万KW） | X1: 分地区装机容量（万KW）
A2: 地区 | B2: 合计 | C2: 水电 | E2: 火电 | S2: 核电 | T2: 风电 | U2: 太阳能发电 | V2: 其他 | X2: 合计 | Y2: 水电 | Z2: 火电 | AA2: 核电 | AB2: 风电 | AC2: 太阳能发电 | AD2: 其他 | AE2: 分布式太阳能
C3: 合计 | D3: 抽水蓄能 | E3: 合计 | F3: 燃煤 | I3: 燃气 | L3: 燃油 | M3: 其他
F4: 合计 | G4: 常规燃煤 | H4: 煤矸石发电 | I4: 合计 | J4: 常规燃气 | K4: 煤层气发电 | M4: 合计 | N4: 余温、余气、余压发电 | O4: 垃圾焚烧发电 | P4: 秸秆、蔗渣、林木质发电 | Q4: 沼气 | R4: 技改增容
A5: 全国 | B5: 171249 | C5: 31071 | E5: 109992 | F5: 98130 | I5: 7570 | L5: 197 | M5: 4598 | O5: 731 | P5: 872 | Q5: 47 | S5: 3582 | T5: 16322 | U5: 10277 | V5: 5 | X5: 177708 | Y5: 34359 | Z5: 110495 | AA5: 3582 | AB5: 16325 | AC5: 12942 | AD5: 7 | AE5: 3658
A6: 北京 | B6: 1198 | C6: 98 | E6: 1076 | F6: 85 | I6: 950 | L6: 22 | M6: 20 | O6: 20 | Q6: 1 | T6: 19 | U6: 5 | X6: 1219 | Y6: 98 | Z6: 1077 | AB6: 19 | AC6: 25 | AE6: 22
A7: 天津 | B7: 1483 | E7: 1400 | F7: 1072 | I7: 304 | M7: 27 | O7: 10 | T7: 28 | U7: 55 | X7: 1499 | Y7: 1 | Z7: 1402 | AB7: 29 | AC7: 68 | AE7: 15
A8: 河北 | B8: 6576 | C8: 165 | E8: 4566 | F8: 4282 | I8: 3 | M8: 289 | O8: 24 | P8: 44 | Q8: 1 | T8: 1181 | U8: 662 | V8: 2 | X8: 6807 | Y8: 182 | Z8: 4574 | AB8: 1181 | AC8: 868 | AD8: 2 | AE8: 351
A9: 山西 | B9: 7992 | C9: 235 | E9: 6352 | F9: 5887 | I9: 291 | M9: 189 | O9: 11 | P9: 30 | Q9: 9 | T9: 872 | U9: 534 | X9: 8073 | Y9: 244 | Z9: 6366 | AB9: 872 | AC9: 590 | AE9: 60
A10: 内蒙古 | B10: 11810 | C10: 238 | E10: 8162 | F10: 8103 | I10: 42 | M10: 25 | O10: 4 | P10: 12 | T10: 2669 | U10: 740 | X10: 11826 | Y10: 242 | Z10: 8170 | AB10: 2670 | AC10: 743 | AE10: 2
A11: 辽宁 | B11: 4824 | C11: 279 | E11: 3188 | F11: 3093 | I11: 5 | L11: 15 | M11: 80 | O11: 8 | P11: 7 | S11: 448 | T11: 710 | U11: 200 | X11: 4869 | Y11: 295 | Z11: 3193 | AA11: 448 | AB11: 711 | AC11: 223 | AE11: 38
A12: 吉林 | B12: 2804 | C12: 353 | E12: 1817 | F12: 1728 | I12: 0.5 | M12: 91 | O12: 13 | P12: 40 | Q12: 0.3 | T12: 505 | U12: 130 | X12: 2864 | Y12: 380 | Z12: 1820 | AB12: 505 | AC12: 159 | AE12: 52
A13: 黑龙江 | B13: 2936 | C13: 97 | E13: 2197 | F13: 2078 | I13: 12 | L13: 2 | M13: 110 | O13: 8 | P13: 82 | Q13: 0.4 | T13: 570 | U13: 73 | X13: 2969 | Y13: 103 | Z13: 2201 | AB13: 570 | AC13: 94 | AE13: 30
A14: 上海 | B14: 2348 | E14: 2270 | F14: 1509 | I14: 573 | L14: 86 | M14: 102 | O14: 26 | Q14: 2 | T14: 71 | U14: 7 | X14: 2400 | Z14: 2271 | AB14: 71 | AC14: 58 | AE14: 59
A15: 江苏 | B15: 11112 | C15: 260 | E15: 9414 | F15: 7741 | I15: 1348 | M15: 340 | O15: 91 | P15: 50 | Q15: 4 | S15: 212 | T15: 655 | U15: 571 | X15: 11469 | Y15: 265 | Z15: 9430 | AA15: 212 | AB15: 656 | AC15: 907 | AE15: 327
A16: 浙江 | B16: 8175 | C16: 941 | E16: 6117 | F16: 4663 | I16: 1230 | L16: 6 | M16: 235 | O16: 133 | P16: 21 | Q16: 4 | S16: 657 | T16: 132 | U16: 328 | X16: 8899 | Y16: 1160 | Z16: 6134 | AA16: 657 | AB16: 133 | AC16: 814 | AD16: 0.4 | AE16: 499
A17: 安徽 | B17: 6099 | C17: 242 | E17: 5031 | F17: 4760 | I17: 12 | M17: 281 | O17: 43 | P17: 75 | Q17: 1 | T17: 217 | U17: 608 | X17: 6468 | Y17: 310 | Z17: 5053 | AB17: 217 | AC17: 888 | AE17: 323
A18: 福建 | B18: 5164 | C18: 917 | E18: 3064 | F18: 2545 | I18: 390 | L18: 1 | M18: 138 | O18: 39 | P18: 5 | Q18: 0.4 | S18: 871 | T18: 252 | U18: 60 | X18: 5597 | Y18: 1307 | Z18: 3074 | AA18: 871 | AB18: 252 | AC18: 92 | AE18: 109
A19: 江西 | B19: 2796 | C19: 412 | E19: 1928 | F19: 1721 | I19: 10 | M19: 202 | O19: 9 | P19: 20 | Q19: 1 | T19: 169 | U19: 287 | X19: 3167 | Y19: 615 | Z19: 1934 | AB19: 169 | AC19: 449 | AE19: 172
A20: 山东 | B20: 12117 | C20: 101 | E20: 10314 | F20: 9762 | I20: 5 | M20: 567 | O20: 80 | P20: 131 | Q20: 5 | T20: 1061 | U20: 640 | X20: 12556 | Y20: 108 | Z20: 10335 | AB20: 1061 | AC20: 1052 | AE20: 474
A21: 河南 | B21: 7687 | C21: 389 | E21: 6533 | F21: 6239 | I21: 164 | M21: 141 | O21: 6 | P21: 43 | Q21: 4 | T21: 233 | U21: 532 | X21: 7880 | Y21: 399 | Z21: 6544 | AB21: 233 | AC21: 703 | AE21: 211
A22: 湖北 | B22: 6890 | C22: 3558 | E22: 2777 | F22: 2450 | I22: 96 | M22: 241 | O22: 24 | P22: 48 | Q22: 1 | T22: 253 | U22: 301 | X22: 7124 | Y22: 3671 | Z22: 2787 | AB22: 253 | AC22: 413 | AE22: 177
A23: 湖南 | B23: 3879 | C23: 1247 | E23: 2255 | F23: 2053 | I23: 3 | L23: 7 | M23: 204 | O23: 9 | P23: 36 | Q23: 1 | T23: 263 | U23: 113 | X23: 4277 | Y23: 1570 | Z23: 2267 | AB23: 263 | AC23: 176 | AE23: 90
A24: 广东 | B24: 10356 | C24: 989 | E24: 7755 | F24: 6035 | I24: 1571 | L24: 21 | M24: 141 | O24: 77 | P24: 22 | Q24: 7 | S24: 1046 | T24: 335 | U24: 229 | V24: 1 | X24: 10968 | Y24: 1486 | Z24: 7768 | AA24: 1046 | AB24: 335 | AC24: 332 | AD24: 2 | AE24: 122
A25: 广西 | B25: 4114 | C25: 1497 | E25: 2181 | F25: 1797 | I25: 35 | M25: 386 | O25: 9 | P25: 155 | Q25: 2 | S25: 217 | T25: 150 | U25: 69 | X25: 4332 | Y25: 1669 | Z25: 2217 | AA25: 217 | AB25: 150 | AC25: 78 | AE25: 373
A26: 海南 | B26: 745 | C26: 84 | E26: 464 | F26: 376 | I26: 73 | M26: 17 | O26: 8 | Q26: 0.3 | S26: 130 | T26: 34 | U26: 33 | X26: 786 | Y26: 114 | Z26: 465 | AA26: 130 | AB26: 34 | AC26: 43 | AE26: 11
A27: 重庆 | B27: 2209 | C27: 626 | E27: 1540 | F27: 1332 | I27: 168 | M27: 45 | O27: 10 | P27: 7 | Q27: 1 | T27: 33 | U27: 10 | X27: 2326 | Y27: 736 | Z27: 1544 | AB27: 33 | AC27: 12 | AE27: 12
A28: 四川 | B28: 9264 | C28: 7291 | E28: 1630 | F28: 1336 | I28: 126 | M28: 200 | O28: 39 | P28: 3 | Q28: 2 | T28: 210 | U28: 132 | X28: 9721 | Y28: 7714 | Z28: 1662 | AB28: 210 | AC28: 135 | AE28: 19
A29: 贵州 | B29: 5539 | C29: 1880 | E29: 3160 | F29: 3146 | M29: 15 | O29: 9 | P29: 6 | T29: 363 | U29: 135 | X29: 5778 | Y29: 2119 | Z29: 3160 | AB29: 363 | AC29: 135
A30: 云南 | B30: 8545 | C30: 6084 | E30: 1398 | F30: 1301 | I30: 2 | M30: 310 | O30: 12 | P30: 20 | T30: 825 | U30: 238 | X30: 8957 | Y30: 6281 | Z30: 1613 | AB30: 825 | AC30: 238 | AE30: 0.5
A31: 西藏 | B31: 276 | C31: 155 | E31: 39 | L31: 38 | M31: 2 | T31: 1 | U31: 79 | V31: 2 | X31: 281 | Y31: 158 | Z31: 40 | AB31: 1 | AC31: 79 | AD31: 3
A32: 陕西 | B32: 4100 | C32: 269 | E32: 3137 | F32: 3087 | M32: 56 | O32: 3 | P32: 3 | T32: 288 | U32: 406 | X32: 4192 | Y32: 326 | Z32: 3144 | AB32: 288 | AC32: 434 | AE32: 51
A33: 甘肃 | B33: 4861 | C33: 751 | E33: 2059 | F33: 2020 | I33: 6 | M33: 33 | O33: 6 | P33: 3 | T33: 1282 | U33: 769 | X33: 4995 | Y33: 868 | Z33: 2059 | AB33: 1282 | AC33: 786 | AE33: 18
A34: 青海 | B34: 2493 | C34: 1168 | E34: 378 | F34: 375 | M34: 24 | O34: 0.4 | T34: 162 | U34: 785 | X34: 2543 | Y34: 1191 | Z34: 399 | AB34: 162 | AC34: 791 | AE34: 5
A35: 宁夏 | B35: 4178 | C35: 42 | E35: 2582 | F35: 2432 | I35: 70 | M35: 82 | O35: 2 | P35: 6 | T35: 942 | U35: 612 | X35: 4188 | Y35: 43 | Z35: 2583 | AB35: 942 | AC35: 620 | AE35: 33
A36: 新疆 | B36: 8679 | C36: 702 | E36: 5207 | F36: 5122 | I36: 83 | M36: 2 | P36: 2 | Q36: 0.2 | T36: 1836 | U36: 934 | X36: 8679 | Y36: 702 | Z36: 5207 | AB36: 1836 | AC36: 934 | AE36: 1
B38: =B5-SUM(B6:B36) -> 0 | C38: =C5-SUM(C6:C36) -> 1 | D38: =D5-SUM(D6:D36) -> 0 | E38: =E5-SUM(E6:E36) -> 1 | F38: =F5-SUM(F6:F36) -> 0 | H38: =H5-SUM(H6:H36) -> 0 | I38: =I5-SUM(I6:I36) -> -2.5 | J38: =J5-SUM(J6:J36) -> 0 | L38: =L5-SUM(L6:L36) -> -1 | M38: =M5-SUM(M6:M36) -> 3 | N38: =N5-SUM(N6:N36) -> 0 | O38: =O5-SUM(O6:O36) -> -2.4 | P38: =P5-SUM(P6:P36) -> 1 | S38: =S5-SUM(S6:S36) -> 1 | T38: =T5-SUM(T6:T36) -> 1 | U38: =U5-SUM(U6:U36) -> 0 | V38: =V5-SUM(V6:V36) -> 0

Sheet 2018
A1: 分地区装机容量（万KW） | X1: 分地区装机容量（万KW）
A2: 地区 | B2: 合计 | C2: 水电 | E2: 火电 | S2: 核电 | T2: 风电 | U2: 太阳能发电 | V2: 其他 | X2: 合计 | Y2: 水电 | Z2: 火电 | AA2: 核电 | AB2: 风电 | AC2: 太阳能发电 | AD2: 其他 | AE2: 分布式太阳能
C3: 合计 | D3: 抽水蓄能 | E3: 合计 | F3: 燃煤 | I3: 燃气 | L3: 燃油 | M3: 其他
F4: 合计 | G4: 常规燃煤 | H4: 煤矸石发电 | I4: 合计 | J4: 常规燃气 | K4: 煤层气发电 | M4: 合计 | N4: 余温、余气、余压发电 | O4: 垃圾焚烧发电 | P4: 秸秆、蔗渣、林木质发电 | Q4: 沼气 | R4: 技改增容
A5: 全国 | B5: 181753 | C5: 31861 | E5: 114408 | F5: 100835 | I5: 8375 | L5: 173 | M5: 5024 | O5: 58 | P5: 898 | Q5: 991 | S5: 4466 | T5: 18423 | U5: 12885 | V5: 19 | X5: 190012 | Y5: 35259 | Z5: 114408 | AA5: 4466 | AB5: 18427 | AC5: 17433 | AD5: 37 | AE5: 5027
A6: 北京 | B6: 1242 | C6: 98 | E6: 1119 | F6: 85 | I6: 985 | L6: 22 | M6: 27 | P6: 27 | T6: 19 | U6: 8 | X6: 1276 | Y6: 98 | Z6: 1119 | AB6: 19 | AC6: 40 | AE6: 35
A7: 天津 | B7: 1686 | E7: 1529 | F7: 1187 | I7: 317 | M7: 25 | P7: 10 | T7: 52 | U7: 108 | X7: 1709 | Y7: 1 | Z7: 1529 | AB7: 52 | AC7: 128 | AE7: 31
A8: 河北 | B8: 7027 | C8: 165 | E8: 4617 | F8: 4308 | I8: 3 | M8: 306 | O8: 1 | P8: 27 | Q8: 47 | T8: 1391 | U8: 859 | V8: 3 | X8: 7427 | Y8: 182 | Z8: 4617 | AB8: 1391 | AC8: 1234 | AD8: 3 | AE8: 378
A9: 山西 | B9: 8555 | C9: 214 | E9: 6628 | F9: 6108 | I9: 301 | M9: 218 | O9: 10 | P9: 11 | Q9: 30 | T9: 1043 | U9: 686 | X9: 8758 | Y9: 223 | Z9: 6628 | AB9: 1043 | AC9: 864 | AE9: 183
A10: 内蒙古 | B10: 12264 | C10: 238 | E10: 8229 | F10: 8158 | I10: 42 | M10: 29 | P10: 7 | Q10: 12 | T10: 2868 | U10: 933 | X10: 12285 | Y10: 242 | Z10: 8229 | AB10: 2868 | AC10: 946 | AE10: 13
A11: 辽宁 | B11: 5116 | C11: 283 | E11: 3383 | F11: 3283 | I11: 5 | L11: 15 | M11: 81 | P11: 8 | Q11: 7 | S11: 448 | T11: 760 | U11: 248 | X11: 5192 | Y11: 299 | Z11: 3383 | AA11: 448 | AB11: 761 | AC11: 302 | AE11: 83
A12: 吉林 | B12: 2986 | C12: 357 | E12: 1892 | F12: 1788 | I12: 0.5 | M12: 103 | O12: 0.3 | P12: 16 | Q12: 49 | T12: 514 | U12: 226 | X12: 3055 | Y12: 385 | Z12: 1892 | AB12: 514 | AC12: 265 | AE12: 62
A13: 黑龙江 | B13: 3046 | C13: 97 | E13: 2212 | F13: 2082 | I13: 12 | L13: 2 | M13: 116 | O13: 0.4 | P13: 11 | Q13: 85 | T13: 598 | U13: 144 | X13: 3129 | Y13: 104 | Z13: 2212 | AB13: 598 | AC13: 215 | AE13: 74
A14: 上海 | B14: 2447 | E14: 2365 | F14: 1511 | I14: 662 | L14: 86 | M14: 106 | O14: 2 | P14: 26 | T14: 71 | U14: 13 | X14: 2525 | Z14: 2365 | AB14: 71 | AC14: 89 | AE14: 82
A15: 江苏 | B15: 12079 | C15: 260 | E15: 9749 | F15: 7885 | I15: 1502 | M15: 362 | O15: 7 | P15: 103 | Q15: 52 | S15: 437 | T15: 864 | U15: 776 | V15: 10 | X15: 12657 | Y15: 265 | Z15: 9749 | AA15: 437 | AB15: 865 | AC15: 1332 | AD15: 10 | AE15: 540
A16: 浙江 | B16: 8564 | C16: 943 | E16: 6209 | F16: 4680 | I16: 1259 | L16: 2 | M16: 267 | O16: 5 | P16: 141 | Q16: 22 | S16: 908 | T16: 148 | U16: 376 | X16: 9565 | Y16: 1161 | Z16: 6209 | AA16: 908 | AB16: 148 | AC16: 1138 | AD16: 1 | AE16: 777
A17: 安徽 | B17: 6623 | C17: 243 | E17: 5413 | F17: 5071 | I17: 14 | M17: 329 | O17: 1 | P17: 51 | Q17: 111 | T17: 246 | U17: 743 | X17: 7089 | Y17: 312 | Z17: 5413 | AB17: 246 | AC17: 1118 | AE17: 441
A18: 福建 | B18: 5281 | C18: 926 | E18: 3128 | F18: 2574 | I18: 391 | L18: 1 | M18: 163 | O18: 0.6 | P18: 44 | Q18: 5 | S18: 871 | T18: 300 | U18: 67 | X18: 5770 | Y18: 1322 | Z18: 3128 | AA18: 871 | AB18: 300 | AC18: 148 | AE18: 111
A19: 江西 | B19: 3112 | C19: 419 | E19: 2165 | F19: 1925 | I19: 10 | M19: 230 | O19: 1 | P19: 12 | Q19: 21 | T19: 225 | U19: 309 | X19: 3554 | Y19: 627 | Z19: 2165 | AB19: 225 | AC19: 536 | AE19: 242
A20: 山东 | B20: 12422 | C20: 102 | E20: 10367 | F20: 9723 | I20: 8 | M20: 636 | O20: 8 | P20: 108 | Q20: 148 | S20: 125 | T20: 1146 | U20: 708 | X20: 13107 | Y20: 108 | Z20: 10367 | AA20: 125 | AB20: 1146 | AC20: 1361 | AE20: 713
A21: 河南 | B21: 8271 | C21: 391 | E21: 6821 | F21: 6446 | I21: 229 | M21: 146 | O21: 4 | P21: 13 | Q21: 44 | T21: 468 | U21: 602 | X21: 8680 | Y21: 401 | Z21: 6821 | AB21: 468 | AC21: 991 | AE21: 391
A22: 湖北 | B22: 7106 | C22: 3563 | E22: 2884 | F22: 2546 | I22: 94 | M22: 244 | O22: 2 | P22: 24 | Q22: 48 | T22: 331 | U22: 338 | X22: 7401 | Y22: 3675 | Z22: 2884 | AB22: 331 | AC22: 510 | AE22: 175
A23: 湖南 | B23: 4040 | C23: 1264 | E23: 2284 | F23: 2046 | I23: 7 | L23: 7 | M23: 224 | O23: 3 | P23: 24 | Q23: 41 | T23: 348 | U23: 160 | X23: 4522 | Y23: 1598 | Z23: 2284 | AB23: 348 | AC23: 292 | AD23: 6 | AE23: 166
A24: 广东 | B24: 11266 | C24: 1079 | E24: 8137 | F24: 5994 | I24: 1963 | M24: 180 | O24: 9 | P24: 110 | Q24: 22 | S24: 1330 | T24: 357 | U24: 370 | V24: 1 | X24: 11929 | Y24: 1576 | Z24: 8137 | AA24: 1330 | AB24: 357 | AC24: 527 | AD24: 2 | AE24: 209
A25: 广西 | B25: 4279 | C25: 1503 | E25: 2288 | F25: 1858 | I25: 35 | M25: 395 | O25: 2 | P25: 12 | Q25: 162 | S25: 217 | T25: 208 | U25: 99 | X25: 4513 | Y25: 1677 | Z25: 2288 | AA25: 217 | AB25: 208 | AC25: 124 | AE25: 29
A26: 海南 | B26: 878 | C26: 125 | E26: 465 | F26: 352 | I26: 73 | M26: 41 | O26: 0.3 | P26: 8 | Q26: 24 | S26: 130 | T26: 34 | U26: 125 | X26: 919 | Y26: 154 | Z26: 465 | AA26: 130 | AB26: 34 | AC26: 136 | AD26: 11 | AE26: 13
A27: 重庆 | B27: 2255 | C27: 635 | E27: 1537 | F27: 1312 | I27: 168 | M27: 57 | O27: 1 | P27: 22 | Q27: 7 | T27: 50 | U27: 38 | X27: 2386 | Y27: 756 | Z27: 1537 | AB27: 50 | AC27: 43 | AE27: 43
A28: 四川 | B28: 9365 | C28: 7395 | E28: 1575 | F28: 1240 | I28: 126 | M28: 209 | O28: 3 | P28: 36 | Q28: 9 | T28: 253 | U28: 175 | X28: 9833 | Y28: 7824 | Z28: 1575 | AB28: 253 | AC28: 181 | AE28: 13
A29: 贵州 | B29: 5754 | C29: 1927 | E29: 3263 | F29: 3242 | M29: 21 | P29: 12 | Q29: 9 | T29: 386 | U29: 178 | X29: 6039 | Y29: 2212 | Z29: 3263 | AB29: 386 | AC29: 178 | AE29: 17
A30: 云南 | B30: 9113 | C30: 6448 | E30: 1508 | F30: 1298 | I30: 3 | M30: 207 | P30: 17 | Q30: 26 | T30: 857 | U30: 326 | X30: 9341 | Y30: 6649 | Z30: 1508 | AB30: 857 | AC30: 326 | AE30: 14
A31: 西藏 | B31: 300 | C31: 156 | E31: 42 | L31: 38 | M31: 4 | P31: 2 | T31: 1 | U31: 98 | V31: 4 | X31: 304 | Y31: 160 | Z31: 42 | AB31: 1 | AC31: 98 | AD31: 4
A32: 陕西 | B32: 5317 | C32: 325 | E32: 3937 | F32: 3789 | I32: 11 | M32: 137 | P32: 6 | T32: 405 | U32: 659 | X32: 5443 | Y32: 385 | Z32: 3937 | AB32: 405 | AC32: 716 | AE32: 76
A33: 甘肃 | B33: 4926 | C33: 790 | E33: 2064 | F33: 2021 | I33: 6 | M33: 36 | P33: 7 | Q33: 3 | T33: 1282 | U33: 790 | X33: 5113 | Y33: 927 | Z33: 2064 | AB33: 1282 | AC33: 839 | AE33: 49
A34: 青海 | B34: 2760 | C34: 1169 | E34: 379 | F34: 375 | I34: 0.4 | M34: 3 | O34: 0.4 | T34: 267 | U34: 946 | X34: 2800 | Y34: 1192 | Z34: 379 | AB34: 267 | AC34: 962 | AE34: 10
A35: 宁夏 | B35: 4696 | C35: 42 | E35: 2845 | F35: 2658 | I35: 70 | M35: 117 | P35: 5 | Q35: 5 | T35: 1011 | U35: 799 | X35: 4715 | Y35: 43 | Z35: 2845 | AB35: 1011 | AC35: 816 | AE35: 55
A36: 新疆 | B36: 8978 | C36: 702 | E36: 5377 | F36: 5292 | I36: 83 | M36: 2 | Q36: 2 | T36: 1921 | U36: 978 | X36: 8978 | Y36: 702 | Z36: 5377 | AB36: 1921 | AC36: 978 | AE36: 2
B38: =B5-SUM(B6:B36) -> -1 | C38: =C5-SUM(C6:C36) -> 2 | D38: =D5-SUM(D6:D36) -> 0 | E38: =E5-SUM(E6:E36) -> -3 | F38: =F5-SUM(F6:F36) -> -2 | H38: =H5-SUM(H6:H36) -> 0 | I38: =I5-SUM(I6:I36) -> -4.9 | J38: =J5-SUM(J6:J36) -> 0 | L38: =L5-SUM(L6:L36) -> 0 | M38: =M5-SUM(M6:M36) -> 3 | N38: =N5-SUM(N6:N36) -> 0 | O38: =O5-SUM(O6:O36) -> -3 | P38: =P5-SUM(P6:P36) -> -2 | S38: =S5-SUM(S6:S36) -> 0 | T38: =T5-SUM(T6:T36) -> -1 | U38: =U5-SUM(U6:U36) -> 0 | V38: =V5-SUM(V6:V36) -> 1

Sheet 2019
A1: 分地区6000千万以上装机容量（万KW） | X1: 分地区装机容量（万KW）
A2: 地区 | B2: 合计 | C2: 水电 | E2: 火电 | S2: 核电 | T2: 风电 | U2: 太阳能发电 | V2: 其他 | X2: 合计 | Y2: 水电 | Z2: 火电 | AA2: 核电 | AB2: 风电 | AC2: 太阳能发电 | AD2: 其他 | AE2: 分布式太阳能
C3: 合计 | D3: 抽水蓄能 | E3: 合计 | F3: 燃煤 | I3: 燃气 | L3: 燃油 | M3: 其他
F4: 合计 | G4: 常规燃煤 | H4: 煤矸石发电 | I4: 合计 | J4: 常规燃气 | K4: 煤层气发电 | M4: 合计 | N4: 余温、余气、余压发电 | O4: 垃圾焚烧发电 | P4: 秸秆、蔗渣、林木质发电 | Q4: 沼气 | R4: 技改增容
A5: 全国 | B5: 191499 | E5: 118957 | F5: 104063 | I5: 9024 | L5: 175 | M5: 5696 | O5: 1173 | P5: 1117 | Q5: 71.2 | S5: 4874 | T5: 20905 | U5: 14709 | X5: 201006 | Y5: 35804 | Z5: 118957 | AA5: 4874 | AB5: 20915 | AC5: 20418 | AD5: 37 | AE5: 6180
A6: 北京 | B6: 1259 | E6: 1135 | F6: 85 | I6: 993 | L6: 22 | M6: 36 | O6: 35 | T6: 18 | U6: 8 | X6: 1304 | Y6: 99 | Z6: 1135 | AB6: 19 | AC6: 51 | AE6: 46
A7: 天津 | B7: 1816 | E7: 1639 | F7: 1225 | I7: 382 | M7: 32 | O7: 12 | P7: 4 | T7: 59 | U7: 119 | X7: 1842 | Y7: 1 | Z7: 1639 | AB7: 60 | AC7: 143 | AE7: 38
A8: 河北 | B8: 7784 | E8: 5021 | F8: 4705 | I8: 3 | M8: 312 | O8: 34 | P8: 53 | Q8: 0.7 | T8: 1639 | U8: 965 | X8: 8319 | Y8: 182 | Z8: 5021 | AB8: 1639 | AC8: 1474 | AD8: 3 | AE8: 513
A9: 山西 | B9: 8997 | E9: 6687 | F9: 6112 | I9: 334 | M9: 242 | O9: 11 | P9: 35 | Q9: 11.4 | T9: 1251 | U9: 862 | X9: 9249 | Y9: 223 | Z9: 6687 | AB9: 1251 | AC9: 1088 | AE9: 231
A10: 内蒙古 | B10: 12837 | E10: 8721 | F10: 8643 | I10: 42 | M10: 37 | O10: 7 | P10: 13 | Q10: 0.1 | T10: 2918 | U10: 962 | X10: 12931 | Y10: 239 | Z10: 8721 | AB10: 2920 | AC10: 1051 | AE10: 51
A11: 辽宁 | B11: 5280 | E11: 3446 | F11: 3328 | I11: 6 | L11: 15 | M11: 97 | O11: 13 | P11: 14 | S11: 448 | T11: 831 | U11: 276 | X11: 5370 | Y11: 302 | Z11: 3446 | AA11: 448 | AB11: 832 | AC11: 343 | AE11: 97
A12: 吉林 | B12: 3044 | E12: 1845 | F12: 1733 | I12: 1 | M12: 112 | O12: 19 | P12: 55 | Q12: 0.3 | T12: 557 | U12: 228 | X12: 3122 | Y12: 445 | Z12: 1845 | AB12: 557 | AC12: 274 | AE12: 69
A13: 黑龙江 | B13: 3157 | E13: 2253 | F13: 2097 | I13: 12 | L13: 2 | M13: 141 | O13: 13 | P13: 101 | Q13: 0.6 | T13: 611 | U13: 198 | X13: 3246 | Y13: 108 | Z13: 2253 | AB13: 611 | AC13: 274 | AE13: 79
A14: 上海 | B14: 2568 | E14: 2475 | F14: 1502 | I14: 765 | L14: 86 | M14: 121 | O14: 41 | Q14: 1.8 | T14: 81 | U14: 15 | X14: 2664 | Z14: 2475 | AB14: 81 | AC14: 109 | AE14: 102
A15: 江苏 | B15: 12595 | E15: 10050 | F15: 8028 | I15: 1610 | M15: 411 | O15: 130 | P15: 59 | Q15: 6.8 | S15: 437 | T15: 1039 | U15: 815 | X15: 13288 | Y15: 265 | Z15: 10050 | AA15: 437 | AB15: 1041 | AC15: 1486 | AD15: 10 | AE15: 664
A16: 浙江 | B16: 8635 | E16: 6212 | F16: 4649 | I16: 1261 | L16: 2 | M16: 299 | O16: 161 | P16: 24 | Q16: 5.6 | S16: 908 | T16: 159 | U16: 428 | X16: 9789 | Y16: 1170 | Z16: 6212 | AA16: 908 | AB16: 160 | AC16: 1339 | AD16: 1 | AE16: 925
A17: 安徽 | B17: 6899 | E17: 5521 | F17: 5136 | I17: 14 | M17: 372 | O17: 64 | P17: 127 | Q17: 1.3 | T17: 274 | U17: 859 | X17: 7394 | Y17: 345 | Z17: 5521 | AB17: 274 | AC17: 1254 | AE17: 480
A18: 福建 | B18: 5404 | E18: 3172 | F18: 2586 | I18: 391 | L18: 1 | M18: 192 | O18: 51 | P18: 6 | Q18: 1 | S18: 871 | T18: 376 | U18: 72 | X18: 5909 | Y18: 1321 | Z18: 3172 | AA18: 871 | AB18: 376 | AC18: 169 | AE18: 131
A19: 江西 | B19: 3317 | E19: 2205 | F19: 1925 | I19: 13 | M19: 268 | O19: 17 | P19: 27 | Q19: 3.1 | T19: 286 | U19: 383 | X19: 3782 | Y19: 661 | Z19: 2205 | AB19: 286 | AC19: 630 | AE19: 262
A20: 山东 | B20: 13144 | E20: 10713 | F20: 10029 | I20: 8 | M20: 676 | O20: 140 | P20: 146 | Q20: 6.7 | S20: 250 | T20: 1354 | U20: 751 | X20: 14044 | Y20: 108 | Z20: 10713 | AA20: 250 | AB20: 1354 | AC20: 1619 | AE20: 942
A21: 河南 | B21: 8833 | E21: 7050 | F21: 6579 | I21: 295 | M21: 176 | O21: 21 | P21: 52 | Q21: 3.6 | T21: 794 | U21: 602 | X21: 9306 | Y21: 408 | Z21: 7050 | AB21: 794 | AC21: 1054 | AE21: 454
A22: 湖北 | B22: 7541 | E22: 3157 | F22: 2777 | I22: 101 | M22: 279 | O22: 26 | P22: 62 | Q22: 3.3 | T22: 405 | U22: 425 | X22: 7862 | Y22: 3679 | Z22: 3157 | AB22: 405 | AC22: 621 | AE22: 202
A23: 湖南 | B23: 4160 | E23: 2280 | F23: 2039 | I23: 8 | L23: 7 | M23: 226 | O23: 30 | P23: 43 | Q23: 2.7 | T23: 424 | U23: 188 | X23: 4669 | Y23: 1612 | Z23: 2280 | AB23: 427 | AC23: 344 | AD23: 6 | AE23: 189
A24: 广东 | B24: 12134 | E24: 8628 | F24: 6141 | I24: 2217 | M24: 271 | O24: 192 | P24: 31 | Q24: 13.3 | S24: 1614 | T24: 441 | U24: 382 | X24: 12870 | Y24: 1576 | Z24: 8628 | AA24: 1614 | AB24: 441 | AC24: 610 | AD24: 2 | AE24: 256
A25: 广西 | B25: 4407 | E25: 2294 | F25: 1858 | I25: 35 | M25: 402 | O25: 16 | P25: 166 | Q25: 1.8 | S25: 217 | T25: 287 | U25: 110 | X25: 4615 | Y25: 1681 | Z25: 2294 | AA25: 217 | AB25: 287 | AC25: 135 | AE25: 29
A26: 海南 | B26: 877 | E26: 465 | F26: 352 | I26: 73 | M26: 41 | O26: 8 | P26: 24 | Q26: 0.5 | S26: 130 | T26: 29 | U26: 129 | X26: 918 | Y26: 154 | Z26: 465 | AA26: 130 | AB26: 29 | AC26: 129 | AD26: 11 | AE26: 13
A27: 重庆 | B27: 2315 | E27: 1548 | F27: 1319 | I27: 168 | M27: 61 | O27: 25 | P27: 7 | Q27: 0.6 | T27: 63 | U27: 58 | X27: 2448 | Y27: 772 | Z27: 1548 | AB27: 64 | AC27: 65 | AE27: 65
A28: 四川 | B28: 9442 | E28: 1570 | F28: 1216 | I28: 126 | M28: 228 | O28: 47 | P28: 15 | Q28: 3.5 | T28: 325 | U28: 179 | X28: 9929 | Y28: 7846 | Z28: 1570 | AB28: 325 | AC28: 188 | AE28: 19
A29: 贵州 | B29: 6314 | E29: 3410 | F29: 3384 | M29: 26 | O29: 17 | P29: 9 | T29: 457 | U29: 510 | X29: 6599 | Y29: 2223 | Z29: 3410 | AB29: 457 | AC29: 510 | AE29: 19
A30: 云南 | B30: 9341 | E30: 1509 | F30: 1298 | I30: 3 | M30: 208 | O30: 17 | P30: 27 | T30: 862 | U30: 350 | X30: 9620 | Y30: 6873 | Z30: 1509 | AB30: 863 | AC30: 375 | AE30: 25
A31: 西藏 | B31: 322 | E31: 42 | L31: 38 | M31: 4 | O31: 2 | T31: 1 | U31: 110 | X31: 327 | Y31: 170 | Z31: 42 | AB31: 1 | AC31: 110 | AD31: 4
A32: 陕西 | B32: 6002 | E32: 4380 | F32: 4207 | I32: 8 | M32: 166 | O32: 7 | P32: 7 | Q32: 1.7 | T32: 531 | U32: 806 | X32: 6242 | Y32: 391 | Z32: 4380 | AB32: 532 | AC32: 939 | AE32: 102
A33: 甘肃 | B33: 5046 | E33: 2104 | F33: 2062 | I33: 1 | M33: 40 | O33: 7 | P33: 3 | T33: 1297 | U33: 852 | X33: 5268 | Y33: 943 | Z33: 2104 | AB33: 1297 | AC33: 924 | AE33: 71
A34: 青海 | B34: 3147 | E34: 393 | F34: 375 | I34: 0.4 | M34: 17 | Q34: 0.4 | T34: 462 | U34: 1102 | X34: 3168 | Y34: 1192 | Z34: 393 | AB34: 462 | AC34: 1122 | AE34: 15
A35: 宁夏 | B35: 5271 | E35: 3219 | F35: 3031 | I35: 70 | M35: 118 | O35: 5 | P35: 5 | T35: 1116 | U35: 895 | X35: 5296 | Y35: 43 | Z35: 3219 | AB35: 1116 | AC35: 918 | AE35: 74
A36: 新疆 | B36: 9614 | E36: 5813 | F36: 5644 | I36: 85 | M36: 85 | O36: 5 | P36: 2 | Q36: 0.3 | T36: 1956 | U36: 1072 | X36: 9614 | Y36: 773 | Z36: 5813 | AB36: 1956 | AC36: 1072 | AE36: 15
B38: =B5-SUM(B6:B36) -> -3 | C38: =C5-SUM(C6:C36) -> 0 | D38: =D5-SUM(D6:D36) -> 0 | E38: =E5-SUM(E6:E36) -> 0 | F38: =F5-SUM(F6:F36) -> -2 | H38: =H5-SUM(H6:H36) -> 0 | I38: =I5-SUM(I6:I36) -> -1.4 | J38: =J5-SUM(J6:J36) -> 0 | L38: =L5-SUM(L6:L36) -> 2 | M38: =M5-SUM(M6:M36) -> 0 | N38: =N5-SUM(N6:N36) -> 0 | O38: =O5-SUM(O6:O36) -> 0 | P38: =P5-SUM(P6:P36) -> 0 | S38: =S5-SUM(S6:S36) -> -1 | T38: =T5-SUM(T6:T36) -> 2 | U38: =U5-SUM(U6:U36) -> -2 | V38: =V5-SUM(V6:V36) -> 0

Sheet 2020
A1: 分地区6000千万以上装机容量（万KW） | X1: 分地区装机容量（万KW）
A2: 地区 | B2: 合计 | C2: 水电 | E2: 火电 | S2: 核电 | T2: 风电 | U2: 太阳能发电 | V2: 其他 | X2: 合计 | Y2: 水电 | Z2: 火电 | AA2: 核电 | AB2: 风电 | AC2: 太阳能发电 | AD2: 其他 | AE2: 分布式太阳能
C3: 合计 | D3: 抽水蓄能 | E3: 合计 | F3: 燃煤 | I3: 燃气 | L3: 燃油 | M3: 其他
F4: 合计 | G4: 常规燃煤 | H4: 煤矸石发电 | I4: 合计 | J4: 常规燃气 | K4: 煤层气发电 | M4: 合计 | N4: 余温、余气、余压发电 | O4: 垃圾焚烧发电 | P4: 秸秆、蔗渣、林木质发电 | Q4: 沼气 | R4: 技改增容
A5: 全国 | B5: 209137 | C5: 33572 | E5: 124247 | F5: 107912 | I5: 9972 | L5: 147 | M5: 6593 | O5: 1535 | P5: 1363 | Q5: 90 | S5: 4989 | T5: 28154 | U5: 18134 | V5: 40 | X5: 220204 | Y5: 37028 | Z5: 124624 | AA5: 4989 | AB5: 28165 | AC5: 25356 | AD5: 41 | AE5: 7827
A6: 北京 | B6: 1261 | C6: 98 | E6: 1136 | F6: 77 | I6: 1000 | L6: 22 | M6: 38 | O6: 37 | Q6: 2 | T6: 18 | U6: 8 | X6: 1316 | Y6: 99 | Z6: 1136 | AB6: 19 | AC6: 62 | AE6: 56
A7: 天津 | B7: 1884 | E7: 1666 | F7: 1230 | I7: 382 | M7: 56 | O7: 30 | P7: 4 | T7: 84 | U7: 134 | X7: 1917 | Y7: 1 | Z7: 1668 | AB7: 85 | AC7: 164 | AE7: 45
A8: 河北 | B8: 9272 | C8: 165 | E8: 5382 | F8: 4952 | I8: 94 | M8: 345 | O8: 46 | P8: 67 | Q8: 2 | T8: 2274 | U8: 1447 | V8: 4 | X8: 10042 | Y8: 182 | Z8: 5391 | AB8: 2274 | AC8: 2190 | AD8: 4 | AE8: 747
A9: 山西 | B9: 10081 | C9: 214 | E9: 6860 | F9: 6263 | I9: 348 | M9: 267 | O9: 26 | P9: 38 | Q9: 1 | T9: 1974 | U9: 1033 | X9: 10383 | Y9: 223 | Z9: 6878 | AB9: 1974 | AC9: 1309 | AE9: 280
A10: 内蒙古 | B10: 14569 | C10: 238 | E10: 9370 | F10: 9207 | I10: 74 | M10: 93 | O10: 6 | P10: 27 | Q10: 0. 1 | T10: 3785 | U10: 1176 | X10: 14639 | Y10: 242 | Z10: 9374 | AB10: 3786 | AC10: 1237 | AE10: 88
A11: 辽宁 | B11: 5666 | C11: 288 | E11: 3638 | F11: 3499 | I11: 6 | L11: 15 | M11: 123 | O11: 23 | P11: 20 | Q11: 2 | S11: 448 | T11: 979 | U11: 313 | X11: 5776 | Y11: 305 | Z11: 3643 | AA11: 448 | AB11: 981 | AC11: 400 | AE11: 118
A12: 吉林 | B12: 3189 | C12: 478 | E12: 1850 | F12: 1733 | I12: 1 | M12: 118 | O12: 19 | P12: 61 | Q12: 1 | T12: 577 | U12: 285 | X12: 3278 | Y12: 510 | Z12: 1852 | AB12: 577 | AC12: 338 | AE12: 76
A13: 黑龙江 | B13: 3441 | C13: 101 | E13: 2416 | F13: 2222 | I13: 14 | L13: 2 | M13: 185 | O13: 15 | P13: 133 | Q13: 2 | T13: 686 | U13: 238 | X13: 3536 | Y13: 109 | Z13: 2423 | AB13: 686 | AC13: 318 | AE13: 83
A14: 上海 | B14: 2558 | E14: 2447 | F14: 1502 | I14: 766 | L14: 61 | M14: 121 | O14: 41 | Q14: 2 | T14: 82 | U14: 28 | X14: 2669 | Z14: 2450 | AB14: 82 | AC14: 137 | AE14: 117
A15: 江苏 | B15: 13336 | C15: 260 | E15: 10062 | F15: 7921 | I15: 1700 | M15: 459 | O15: 154 | P15: 80 | Q15: 8 | S15: 549 | T15: 1545 | U15: 898 | V15: 23 | X15: 14146 | Y15: 265 | Z15: 10079 | AA15: 549 | AB15: 1547 | AC15: 1684 | AD15: 23 | AE15: 788
A16: 浙江 | B16: 8846 | C16: 950 | E16: 6339 | F16: 4738 | I16: 1262 | L16: 2 | M16: 355 | O16: 210 | P16: 24 | Q16: 6 | S16: 911 | T16: 185 | U16: 462 | X16: 10142 | Y16: 1171 | Z16: 6358 | AA16: 911 | AB16: 186 | AC16: 1517 | AD16: 1 | AE16: 1067
A17: 安徽 | B17: 7221 | C17: 393 | E17: 5529 | F17: 5143 | I17: 14 | M17: 404 | O17: 73 | P17: 139 | T17: 412 | U17: 887 | X17: 7816 | Y17: 474 | Z17: 5561 | AB17: 412 | AC17: 1370 | AE17: 544
A18: 福建 | B18: 5840 | C18: 937 | E18: 3470 | F18: 2862 | I18: 391 | M18: 224 | O18: 72 | P18: 6 | Q18: 2 | S18: 871 | T18: 486 | U18: 72 | V18: 3 | X18: 6372 | Y18: 1331 | Z18: 3478 | AA18: 871 | AB18: 486 | AC18: 202 | AD18: 3 | AE18: 164
A19: 江西 | B19: 3912 | C19: 454 | E19: 2448 | F19: 2056 | I19: 14 | M19: 385 | O19: 43 | P19: 33 | Q19: 4 | T19: 510 | U19: 500 | X19: 4401 | Y19: 660 | Z19: 2455 | AB19: 510 | AC19: 776 | AE19: 299
A20: 山东 | B20: 14158 | C20: 102 | E20: 11107 | F20: 10305 | I20: 11 | M20: 819 | O20: 170 | P20: 185 | Q20: 10 | S20: 250 | T20: 1795 | U20: 905 | X20: 15560 | Y20: 108 | Z20: 11135 | AA20: 250 | AB20: 1795 | AC20: 2272 | AE20: 1467
A21: 河南 | B21: 9577 | C21: 398 | E21: 7057 | F21: 6482 | I21: 344 | M21: 242 | O21: 44 | P21: 98 | Q21: 9 | T21: 1518 | U21: 604 | X21: 10169 | Y21: 408 | Z21: 7068 | AB21: 1518 | AC21: 1175 | AE21: 571
A22: 湖北 | B22: 7941 | C22: 3644 | E22: 3304 | F22: 2891 | I22: 112 | M22: 314 | O22: 38 | P22: 68 | Q22: 4 | T22: 502 | U22: 491 | X22: 8273 | Y22: 3757 | Z22: 3316 | AB22: 502 | AC22: 698 | AE22: 212
A23: 湖南 | B23: 4413 | C23: 1244 | E23: 2253 | F23: 2024 | I23: 8 | L23: 5 | M23: 231 | O23: 35 | P23: 43 | Q23: 6 | T23: 669 | U23: 242 | V23: 6 | X23: 4915 | Y23: 1581 | Z23: 2269 | AB23: 669 | AC23: 391 | AD23: 6 | AE23: 200
A24: 广东 | B24: 13415 | C24: 1167 | E24: 9576 | F24: 6620 | I24: 2696 | M24: 267 | O24: 224 | P24: 43 | Q24: 16 | S24: 1614 | T24: 563 | U24: 495 | X24: 14224 | Y24: 1666 | Z24: 9582 | AA24: 1614 | AB24: 565 | AC24: 797 | AE24: 385
A25: 广西 | B25: 4957 | C25: 1607 | E25: 2309 | F25: 1859 | I25: 54 | M25: 431 | O25: 23 | P25: 181 | Q25: 3 | S25: 217 | T25: 653 | U25: 170 | X25: 5178 | Y25: 1759 | Z25: 2344 | AA25: 217 | AB25: 653 | AC25: 205 | AE25: 40
A26: 海南 | B26: 958 | C26: 125 | E26: 545 | F26: 324 | I26: 169 | M26: 53 | O26: 21 | P26: 24 | S26: 130 | T26: 29 | U26: 129 | X26: 999 | Y26: 151 | Z26: 546 | AA26: 130 | AB26: 29 | AC26: 143 | AE26: 16
A27: 重庆 | B27: 2349 | C27: 654 | E27: 1539 | F27: 1329 | I27: 149 | M27: 67 | O27: 28 | P27: 7 | Q27: 1 | T27: 96 | U27: 60 | X27: 2488 | Y27: 779 | Z27: 1545 | AB27: 97 | AC27: 67 | AE27: 7
A28: 四川 | B28: 9630 | C28: 7453 | E28: 1572 | F28: 1212 | I28: 128 | M28: 256 | O28: 61 | P28: 18 | Q28: 5 | T28: 426 | U28: 179 | X28: 10105 | Y28: 7892 | Z28: 1596 | AB28: 426 | AC28: 191 | AE28: 22
A29: 贵州 | B29: 7137 | C29: 1996 | E29: 3504 | F29: 3469 | I29: 56 | M29: 35 | O29: 23 | P29: 12 | T29: 580 | U29: 1057 | X29: 7478 | Y29: 2281 | Z29: 3560 | AB29: 580 | AC29: 1057 | AE29: 19
A30: 云南 | B30: 9987 | C30: 7271 | E30: 1485 | F30: 1298 | I30: 3 | M30: 216 | O30: 22 | P30: 27 | Q30: 0.2 | T30: 881 | U30: 350 | X30: 10266 | Y30: 7480 | Z30: 1517 | AB30: 881 | AC30: 388 | AD30: 0.2 | AE30: 38
A31: 西藏 | B31: 389 | C31: 206 | E31: 42 | L31: 39 | M31: 4 | O31: 2 | T31: 1 | U31: 137 | V31: 4 | X31: 395 | Y31: 210 | Z31: 43 | AB31: 1 | AC31: 137 | AD31: 4
A32: 陕西 | B32: 7094 | C32: 296 | E32: 4980 | F32: 4768 | I32: 22 | M32: 203 | O32: 33 | P32: 7 | Q32: 2 | T32: 892 | U32: 926 | X32: 7366 | Y32: 392 | Z32: 4993 | AB32: 892 | AC32: 1089 | AE32: 194
A33: 甘肃 | B33: 5385 | C33: 796 | E33: 2308 | F33: 2262 | I33: 1 | M33: 45 | O33: 8 | P33: 6 | T33: 1373 | U33: 908 | X33: 5620 | Y33: 957 | Z33: 2308 | AB33: 1373 | AC33: 982 | AE33: 74
A34: 青海 | B34: 3992 | C34: 1193 | E34: 392 | F34: 375 | I34: 0.5 | M34: 17 | Q34: 1 | T34: 843 | U34: 1565 | X34: 4030 | Y34: 1193 | Z34: 393 | AB34: 843 | AC34: 1601 | AE34: 17
A35: 宁夏 | B35: 5917 | C35: 42 | E35: 3325 | F35: 3136 | I35: 70 | M35: 120 | O35: 5 | P35: 8 | T35: 1377 | U35: 1173 | X35: 5943 | Y35: 43 | Z35: 3326 | AB35: 1377 | AC35: 1197 | AE35: 75
A36: 新疆 | B36: 10763 | C36: 800 | E36: 6337 | F36: 6152 | I36: 85 | M36: 100 | O36: 6 | P36: 2 | Q36: 0.3 | T36: 2361 | U36: 1266 | X36: 10763 | Y36: 800 | Z36: 6337 | AB36: 2361 | AC36: 1266 | AE36: 16
B38: =B5-SUM(B6:B36) -> -1 | C38: =C5-SUM(C6:C36) -> 2 | D38: =D5-SUM(D6:D36) -> 0 | E38: =E5-SUM(E6:E36) -> -1 | F38: =F5-SUM(F6:F36) -> 1 | H38: =H5-SUM(H6:H36) -> 0 | I38: =I5-SUM(I6:I36) -> -2.5 | J38: =J5-SUM(J6:J36) -> 0 | L38: =L5-SUM(L6:L36) -> 1 | M38: =M5-SUM(M6:M36) -> 0 | N38: =N5-SUM(N6:N36) -> 0 | O38: =O5-SUM(O6:O36) -> -3 | P38: =P5-SUM(P6:P36) -> 2 | S38: =S5-SUM(S6:S36) -> -1 | T38: =T5-SUM(T6:T36) -> -2 | U38: =U5-SUM(U6:U36) -> -4 | V38: =V5-SUM(V6:V36) -> 0

Sheet National Summary
C1: 2020 | D1: 2019 | E1: 2018 | F1: 2017 | G1: 2016
A2: 三、发电装机容量 | B2: 万千瓦 | C2: 220204 | D2: 201006 | E2: 190012 | F2: 178451 | G2: 165051 | I2: 三、发电装机容量 | J2: =C2-D2 -> 19198 | K2: =D2-E2 -> 10994 | L2: =E2-F2 -> 11561 | M2: =F2-G2 -> 13400
A3: 水电 | B3: 万千瓦 | C3: 37028 | D3: 35804 | E3: 35259 | F3: 34411 | G3: 33207 | I3: 水电 | J3: =C3-D3 -> 1224 | K3: =D3-E3 -> 545 | L3: =E3-F3 -> 848 | M3: =F3-G3 -> 1204
A4: 其中:抽水蓄能 | B4: 万千瓦 | C4: 3149 | D4: 3029 | E4: 2999 | F4: 2869 | G4: 2669 | I4: 其中:抽水蓄能 | J4: =C4-D4 -> 120 | K4: =D4-E4 -> 30 | L4: =E4-F4 -> 130 | M4: =F4-G4 -> 200
A5: 火电 | B5: 万千瓦 | C5: 124624 | D5: 118957 | E5: 114408 | F5: 111009 | G5: 106094 | I5: 火电 | J5: =C5-D5 -> 5667 | K5: =D5-E5 -> 4549 | L5: =E5-F5 -> 3399 | M5: =F5-G5 -> 4915
A6: 其中:燃煤 | B6: 万千瓦 | C6: 107912 | D6: 104063 | E6: 100835 | F6: 98562 | G6: 94624 | I6: 其中:燃煤 | J6: =C6-D6 -> 3849 | K6: =D6-E6 -> 3228 | L6: =E6-F6 -> 2273 | M6: =F6-G6 -> 3938
A7: 燃气 | B7: 万千瓦 | C7: 9972 | D7: 9024 | E7: 8375 | F7: 7580 | G7: 7011 | I7: 燃气 | J7: =C7-D7 -> 948 | K7: =D7-E7 -> 649 | L7: =E7-F7 -> 795 | M7: =F7-G7 -> 569
A8: 燃油 | B8: 万千瓦 | C8: 147 | D8: 175 | E8: 173 | F8: 197 | G8: 209 | I8: 燃油 | J8: =C8-D8 -> -28 | K8: =D8-E8 -> 2 | L8: =E8-F8 -> -24 | M8: =F8-G8 -> -12
A9: 其中:生物质发电 | B9: 万千瓦 | C9: 2987 | D9: 2361 | E9: 1947 | F9: 1657 | I9: 其中:生物质发电 | J9: =C9-D9 -> 626 | K9: =D9-E9 -> 414 | L9: =E9-F9 -> 290 | M9: =F9-G9 -> 1657
A10: 核电 | B10: 万千瓦 | C10: 4989 | D10: 4874 | E10: 4466 | F10: 3582 | G10: 3364 | I10: 核电 | J10: =C10-D10 -> 115 | K10: =D10-E10 -> 408 | L10: =E10-F10 -> 884 | M10: =F10-G10 -> 218
A11: 风电 | B11: 万千瓦 | C11: 28165 | D11: 20915 | E11: 18427 | F11: 16400 | G11: 14747 | I11: 风电 | J11: =C11-D11 -> 7250 | K11: =D11-E11 -> 2488 | L11: =E11-F11 -> 2027 | M11: =F11-G11 -> 1653
A12: 太阳能发电 | B12: 万千瓦 | C12: 25356 | D12: 20429 | E12: 17433 | F12: 13042 | G12: 7631 | I12: 太阳能发电 | J12: =C12-D12 -> 4927 | K12: =D12-E12 -> 2996 | L12: =E12-F12 -> 4391 | M12: =F12-G12 -> 5411
A13: 其他 | B13: 万千瓦 | C13: 41 | D13: 26 | E13: 20 | F13: 7 | G13: 7 | I13: 其他 | J13: =C13-D13 -> 15 | K13: =D13-E13 -> 6 | L13: =E13-F13 -> 13 | M13: =F13-G13 -> 0
A14: 非化石能源发电装机容量 | B14: 万千瓦 | C14: 98567 | D14: 84410 | E14: 77551 | F14: =F3+F9+F10+F11+F12+F13 -> 69099
A16: 六、新增发电装机容量 | B16: 万千瓦 | C16: 19144 | D16: 10500 | E16: 12785 | F16: 13019 | G16: 12143 | J16: =C16-J2 -> -54 | K16: =D16-K2 -> -494 | L16: =E16-L2 -> 1224 | M16: =F16-M2 -> -381
A17: 水电 | B17: 万千瓦 | C17: 1313 | D17: 445 | E17: 859 | F17: 1287 | G17: 1179 | I17: 水电 | J17: =C17-J3 -> 89 | K17: =D17-K3 -> -100 | L17: =E17-L3 -> 11 | M17: =F17-M3 -> 83
A18: 其中:抽水蓄能 | B18: 万千瓦 | C18: 120 | D18: 30 | E18: 130 | F18: 200 | G18: 366 | I18: 其中:抽水蓄能 | J18: =C18-J4 -> 0 | K18: =D18-K4 -> 0 | L18: =E18-L4 -> 0 | M18: =F18-M4 -> 0
A19: 火电 | B19: 万千瓦 | C19: 5660 | D19: 4423 | E19: 4380 | F19: 4453 | G19: 5048 | I19: 火电 | J19: =C19-J5 -> -7 | K19: =D19-K5 -> -126 | L19: =E19-L5 -> 981 | M19: =F19-M5 -> -462
A20: 其中:燃煤 | B20: 万千瓦 | C20: 4030 | D20: 3236 | E20: 3056 | F20: 3504 | G20: 3866 | I20: 其中:燃煤 | J20: =C20-J6 -> 181 | K20: =D20-K6 -> 8 | L20: =E20-L6 -> 783 | M20: =F20-M6 -> -434
A21: 其中常规燃煤 | C21: 3861 | D21: 3096
A22: 其中煤矸石发电 | C22: 169 | D22: 140
A23: 燃气 | B23: 万千瓦 | C23: 824 | D23: 630 | E23: 884 | F23: 571 | G23: 214 | I23: 燃气 | J23: =C23-J7 -> -124 | K23: =D23-K7 -> -19 | L23: =E23-L7 -> 89 | M23: =F23-M7 -> 2
A24: 其中:常规燃气 | B24: 万千瓦 | C24: 811 | D24: 629 | E24: 881 | F24: 571 | G24: 214 | I24: 燃油 | J24: =C26-J8 -> 28 | K24: =D26-K8 -> -2 | L24: =E26-L8 -> 24 | M24: =F26-M8 -> 12
A25: 煤层气发电 | B25: 万千瓦 | C25: 12 | E25: 1.7 | G25: 0.2 | I25: 其中:生物质发电
A26: 燃油 | B26: 万千瓦 | I26: 核电 | J26: =C31-J10 -> -3 | K26: =D31-K10 -> 1 | L26: =E31-L10 -> 0 | M26: =F31-M10 -> 0
A27: 其他 | B27: 万千瓦 | C27: 805 | D27: 557 | E27: 440 | F27: 379 | G27: 836 | I27: 风电 | J27: =C32-J11 -> -39 | K27: =D32-K11 -> 84 | L27: =E32-L11 -> 100 | M27: =F32-M11 -> 67
A28: 其中:余温、余气、余压 | B28: 万千瓦 | C28: 283 | D28: 166 | E28: 198 | F28: 175 | G28: 747 | I28: 太阳能发电 | J28: =C33-J12 -> -107 | K28: =D33-K12 -> -344 | L28: =E33-L12 -> 134 | M28: =F33-M12 -> -70
A29: 垃圾焚烧发电 | B29: 万千瓦 | C29: 300 | D29: 273 | E29: 148 | F29: 123 | G29: 26 | I29: 其他 | J29: =C34-J13 -> 13 | K29: =D34-K13 -> -6 | L29: =E34-L13 -> -3 | M29: =F34-M13 -> 0
A30: 秸秆、蔗渣、林木质发电 | B30: 万千瓦 | C30: 222 | D30: 118 | E30: 94 | F30: 81 | G30: 63
A31: 核电 | B31: 万千瓦 | C31: 112 | D31: 409 | E31: 884 | F31: 218 | G31: 720
A32: 风电 | B32: 万千瓦 | C32: 7211 | D32: 2572 | E32: 2127 | F32: 1720 | G32: 2024
A33: 太阳能发电 | B33: 万千瓦 | C33: 4820 | D33: 2652 | E33: 4525 | F33: 5341 | G33: 3171
A34: 其他 | B34: 万千瓦 | C34: 28 | E34: 10
A35: 七、火电机组退役和关停容量 | B35: 万千瓦 | C35: 1469 | D35: 1024 | E35: 1197 | F35: 929 | G35: 571
A37: 6000千瓦及以上火电厂装机容量 | B37: 万千瓦 | D37: 118642 | E37: 114100 | F37: 110506 | G37: 105580 | I37: 6000千瓦及以上火电厂装机容量 | J37: =C37-D37 -> -118642 | K37: =D37-E37 -> 4542 | L37: =E37-F37 -> 3594 | M37: =F37-G37 -> 4926
A38: 燃煤 | B38: 万千瓦 | D38: 104028 | E38: 100794 | F38: 98517 | G38: 94562 | I38: 燃煤 | J38: =C38-D38 -> -104028 | K38: =D38-E38 -> 3234 | L38: =E38-F38 -> 2277 | M38: =F38-G38 -> 3955
A39: 其中：煤矸石发电 | B39: 万千瓦 | D39: 3595 | E39: 3240 | F39: 3518 | G39: 5435 | I39: 其中：煤矸石发电 | J39: =C39-D39 -> -3595 | K39: =D39-E39 -> 355 | L39: =E39-F39 -> -278 | M39: =F39-G39 -> -1917
A40: 燃气 | B40: 万千瓦 | D40: 8947 | E40: 8313 | F40: 7352 | G40: 6968 | I40: 燃气 | J40: =C40-D40 -> -8947 | K40: =D40-E40 -> 634 | L40: =E40-F40 -> 961 | M40: =F40-G40 -> 384
A41: 其中常规燃气 | B41: 万千瓦 | D41: 8739 | E41: 8139 | F41: 7400 | G41: 6784 | I41: 其中常规燃气 | J41: =C41-D41 -> -8739 | K41: =D41-E41 -> 600 | L41: =E41-F41 -> 739 | M41: =F41-G41 -> 616
A42: 煤层气发电 | B42: 万千瓦 | D42: 181 | E42: 151 | F42: 113 | G42: 163 | I42: 煤层气发电 | J42: =C42-D42 -> -181 | K42: =D42-E42 -> 30 | L42: =E42-F42 -> 38 | M42: =F42-G42 -> -50
A43: 燃油 | B43: 万千瓦 | D43: 171 | E43: 170 | F43: 193 | G43: 206 | I43: 燃油 | J43: =C43-D43 -> -171 | K43: =D43-E43 -> 1 | L43: =E43-F43 -> -23 | M43: =F43-G43 -> -13
A44: 其他 | B44: 万千瓦 | D44: 5497 | E44: 4823 | F44: 4199 | G44: 3849 | I44: 其他 | J44: =C44-D44 -> -5497 | K44: =D44-E44 -> 674 | L44: =E44-F44 -> 624 | M44: =F44-G44 -> 350
A45: 其中：余温、余气、余热发电 | B45: 万千瓦 | D45: 3235 | E45: 2965 | F45: 2626 | G45: 2492 | I45: 其中：余温、余气、余热发电 | J45: =C45-D45 -> -3235 | K45: =D45-E45 -> 270 | L45: =E45-F45 -> 339 | M45: =F45-G45 -> 134
A46: 垃圾焚烧发电 | B46: 万千瓦 | D46: 1171 | E46: 889 | F46: 722 | G46: 565 | I46: 垃圾焚烧发电 | J46: =C46-D46 -> -1171 | K46: =D46-E46 -> 282 | L46: =E46-F46 -> 167 | M46: =F46-G46 -> 157
A47: 秸秆、蔗渣、林木质发电 | B47: 万千瓦 | D47: 1092 | E47: 969 | F47: 850 | G47: 748 | I47: 秸秆、蔗渣、林木质发电 | J47: =C47-D47 -> -1092 | K47: =D47-E47 -> 123 | L47: =E47-F47 -> 119 | M47: =F47-G47 -> 102
A48: 沼气 | J48: =C48-D48 -> 0 | K48: =D48-E48 -> 0 | L48: =E48-F48 -> 0 | M48: =F48-G48 -> 0

Sheet Oil Generation Breakdown
A1: 项 目 | B1: (电热当量_x000D_ 计算法)_x000D_ (Calorific Value_x000D_ Calculation) | C1: 原煤_x000D_ Raw Coal | D1: 洗精煤_x000D_ Cleaned_x000D_ Coal | E1: 其他洗煤_x000D_ Other_x000D_ Washed_x000D_ Coal | F1: 煤制品_x000D_ Briquettes | G1: 煤矸石_x000D_ Gangue | H1: 焦炭_x000D_ Coke | I1: 焦炉煤气_x000D_ Coke Oven_x000D_ Gas | J1: 高炉煤气_x000D_ Blast Furnace_x000D_ Gas | K1: 转炉煤气_x000D_ Converter_x000D_ Gas | L1: 其他煤气_x000D_ Other Gas | M1: 其他焦化产品_x000D_ Other_x000D_ Coking_x000D_ Products | N1: 原油_x000D_ Crude Oil | O1: 汽油_x000D_ Gasoline | P1: 煤油_x000D_ Kerosene | Q1: 柴油_x000D_ Diesel Oil | R1: 燃料油_x000D_ Fuel Oil | S1: 石脑油_x000D_ Naphtha | T1: 润滑油_x000D_ Lubricants | U1: 石蜡_x000D_ Paraffin_x000D_ Waxes | V1: 溶剂油_x000D_ White spirit | W1: 石油沥青_x000D_ Bitumen_x000D_ Asphalt | X1: 石油焦_x000D_ Petroleum_x000D_ Coke | Y1: 液化石油气_x000D_ Liquefied_x000D_ Petroleum Gas | Z1: 炼厂干气_x000D_ Refinery_x000D_ Gas | AA1: 其他石油制品_x000D_ Other_x000D_ Petroleum_x000D_ Products | AB1: 天然气_x000D_ Natural Gas | AC1: 液化天然气_x000D_ Liquefied_x000D_ Natural Gas | AD1: 热力_x000D_ Heat | AE1: 电力_x000D_ Electricity | AF1: 其他能源_x000D_ Other_x000D_ Energy
A2: 2020 | B2: -93326.33 | C2: -136944.67 | E2: -2586.11 | G2: -417.52 | H2: -242.87 | I2: -1244.77 | J2: -3771.22 | K2: -979.52 | L2: -6.22 | N2: -23.64 | Q2: -40.19 | R2: -42.04 | X2: -199.37 | Y2: -0.24 | Z2: -78.86 | AA2: -10.35 | AB2: -5249.55 | AC2: -620.97 | AD2: -4359.14 | AE2: 65508.75 | AF2: -2017.84
A3: 2019 | B3: -91877.63 | C3: -136611.87 | E3: -2506.55 | G3: -493.41 | H3: -24.58 | I3: -1188.58 | J3: -3152.43 | K3: -892.98 | L3: -2.14 | O3: -0.07 | Q3: -7.72 | R3: -86.01 | S3: -244.66 | X3: -235.39 | Y3: -6.95 | Z3: -273.42 | AA3: -30.46 | AB3: -1827.22 | AC3: -59.02 | AD3: 19271.23 | AF3: -391.96
A4: 2018 | B4: -89986.26 | C4: -134370.74 | E4: -2182.05 | G4: -621.08 | H4: -6.13 | I4: -1059.96 | J4: -2958.66 | K4: -753.61 | L4: -2.2 | N4: -21.86 | Q4: -38.4 | R4: -21.62 | S4: -8.6 | X4: -191.87 | Y4: -0.34 | Z4: -95.01 | AA4: -4.51 | AB4: -5056.19 | AC4: -323.62 | AD4: -3316.52 | AE4: 62633.75 | AF4: -1587.02
A5: 2017 | B5: -84692.5 | C5: -127640.84 | E5: -1744.93 | G5: -657.64 | I5: -1112.29 | J5: -2319.63 | K5: -474.26 | N5: -20.28 | O5: -0.01 | P5: -0.02 | Q5: -34.8 | R5: -23.74 | S5: -16.13 | X5: -153.16 | Y5: -0.27 | Z5: -105.33 | AA5: -2.71 | AB5: -4583.35 | AC5: -399.18 | AD5: -2430.23 | AE5: 58433.97 | AF5: -1407.7
A6: 2016 | B6: -80409.73 | C6: -120503.68 | E6: -1636.25 | G6: -560.73 | H6: -4.97 | I6: -1103.6 | J6: -2190.19 | K6: -404.44 | L6: -2.61 | N6: -18.67 | O6: -0.03 | P6: -0.01 | Q6: -42.53 | R6: -44.47 | X6: -159.21 | Y6: -0.22 | Z6: -88.69 | AA6: -3.91 | AB6: -4354.7 | AC6: -375 | AD6: -2229.55 | AE6: 54531.57 | AF6: -1217.82
A7: 2015 | B7: -78471.82 | C7: -118482.23 | D7: -28.64 | E7: -1400.8 | G7: -541.92 | H7: -5.75 | I7: -969.27 | J7: -1884.95 | K7: -307.93 | L7: -5 | N7: -17.8 | O7: -0.25 | Q7: -32.58 | R7: -45.03 | X7: -143.08 | Z7: -79.23 | AA7: -16.41 | AB7: -3790.67 | AC7: -286.63 | AD7: -2027.33 | AE7: 52652.67 | AF7: -1058.97
A8: 2014 | B8: -81726.69 | C8: -124389.16 | D8: -28.95 | E8: -1350.03 | G8: -636.59 | H8: -48.51 | I8: -949.72 | J8: -1842.61 | K8: -288.93 | L8: -2.07 | N8: -12.67 | O8: -0.06 | P8: -0.01 | Q8: -37.64 | R8: -50.79 | X8: -120.06 | Y8: -0.03 | Z8: -102.06 | AA8: -5.96 | AB8: -2966.47 | AC8: -308.56 | AD8: -1878.73 | AE8: 54077.36 | AF8: -784.42
B10: Crude Oil | C10: Petroleum | D10: Petroleum | E10: Petroleum | F10: Heavy or Residual Fuel Oil | G10: Petroleum | H10: Heavy or Residual Fuel Oil | I10: Heavy or Residual Fuel Oil
B11: 原油 | C11: 汽油 | D11: 煤油 | E11: 柴油 | F11: 燃料油 | G11: 石脑油 | H11: 石油焦 | I11: 其他石油制品 | M11: Crude Oil | N11: Petroleum | O11: Heavy or Residual Fuel Oil
A12: 2020 | B12: =-N2 -> 23.64 | C12: =-O2 -> 0 | D12: =-P2 -> 0 | E12: =-Q2 -> 40.19 | F12: =-R2 -> 42.04 | G12: =-S2 -> 0 | H12: =-X2 -> 199.37 | I12: =-AA2 -> 10.35 | L12: Total | M12: =SUM(M$13:M$19)/SUM($M$13:$O$19) -> 0.052028722 | N12: =SUM(N$13:N$19)/SUM($M$13:$O$19) -> 0.22804897 | O12: =SUM(O$13:O$19)/SUM($M$13:$O$19) -> 0.71992231
A13: 2019 | B13: =-N3 -> 0 | C13: =-O3 -> 0.07 | D13: =-P3 -> 0 | E13: =-Q3 -> 7.72 | F13: =-R3 -> 86.01 | G13: =-S3 -> 244.66 | H13: =-X3 -> 235.39 | I13: =-AA3 -> 30.46 | L13: 2020 | M13: =SUMIFS($B12:$I12,$B$10:$I$10,M$11) -> 23.64 | N13: =SUMIFS($B12:$I12,$B$10:$I$10,N$11) -> 40.19 | O13: =SUMIFS($B12:$I12,$B$10:$I$10,O$11) -> 251.76
A14: 2018 | B14: =-N4 -> 21.86 | C14: =-O4 -> 0 | D14: =-P4 -> 0 | E14: =-Q4 -> 38.4 | F14: =-R4 -> 21.62 | G14: =-S4 -> 8.6 | H14: =-X4 -> 191.87 | I14: =-AA4 -> 4.51 | L14: 2019 | M14: =SUMIFS($B13:$I13,$B$10:$I$10,M$11) -> 0 | N14: =SUMIFS($B13:$I13,$B$10:$I$10,N$11) -> 252.45 | O14: =SUMIFS($B13:$I13,$B$10:$I$10,O$11) -> 351.86
A15: 2017 | B15: =-N5 -> 20.28 | C15: =-O5 -> 0.01 | D15: =-P5 -> 0.02 | E15: =-Q5 -> 34.8 | F15: =-R5 -> 23.74 | G15: =-S5 -> 16.13 | H15: =-X5 -> 153.16 | I15: =-AA5 -> 2.71 | L15: 2018 | M15: =SUMIFS($B14:$I14,$B$10:$I$10,M$11) -> 21.86 | N15: =SUMIFS($B14:$I14,$B$10:$I$10,N$11) -> 47 | O15: =SUMIFS($B14:$I14,$B$10:$I$10,O$11) -> 218
A16: 2016 | B16: =-N6 -> 18.67 | C16: =-O6 -> 0.03 | D16: =-P6 -> 0.01 | E16: =-Q6 -> 42.53 | F16: =-R6 -> 44.47 | G16: =-S6 -> 0 | H16: =-X6 -> 159.21 | I16: =-AA6 -> 3.91 | L16: 2017 | M16: =SUMIFS($B15:$I15,$B$10:$I$10,M$11) -> 20.28 | N16: =SUMIFS($B15:$I15,$B$10:$I$10,N$11) -> 50.96 | O16: =SUMIFS($B15:$I15,$B$10:$I$10,O$11) -> 179.61
A17: 2015 | B17: =-N7 -> 17.8 | C17: =-O7 -> 0.25 | D17: =-P7 -> 0 | E17: =-Q7 -> 32.58 | F17: =-R7 -> 45.03 | G17: =-S7 -> 0 | H17: =-X7 -> 143.08 | I17: =-AA7 -> 16.41 | L17: 2016 | M17: =SUMIFS($B16:$I16,$B$10:$I$10,M$11) -> 18.67 | N17: =SUMIFS($B16:$I16,$B$10:$I$10,N$11) -> 42.57 | O17: =SUMIFS($B16:$I16,$B$10:$I$10,O$11) -> 207.59
A18: 2014 | B18: =-N8 -> 12.67 | C18: =-O8 -> 0.06 | D18: =-P8 -> 0.01 | E18: =-Q8 -> 37.64 | F18: =-R8 -> 50.79 | G18: =-S8 -> 0 | H18: =-X8 -> 120.06 | I18: =-AA8 -> 5.96 | L18: 2015 | M18: =SUMIFS($B17:$I17,$B$10:$I$10,M$11) -> 17.8 | N18: =SUMIFS($B17:$I17,$B$10:$I$10,N$11) -> 32.83 | O18: =SUMIFS($B17:$I17,$B$10:$I$10,O$11) -> 204.52
L19: 2014 | M19: =SUMIFS($B18:$I18,$B$10:$I$10,M$11) -> 12.67 | N19: =SUMIFS($B18:$I18,$B$10:$I$10,N$11) -> 37.71 | O19: =SUMIFS($B18:$I18,$B$10:$I$10,O$11) -> 176.81
B20: 原油 | C20: 汽油 | D20: 煤油 | E20: 柴油 | F20: 燃料油 | G20: 石脑油 | H20: 石油焦 | I20: 其他石油制品
B21: crude oil | C21: petroleum gasoline | D21: jet fuel or kerosene | E21: petroleum diesel | F21: heavy fuel oil | G21: LPG propane or butane | H21: petroleum diesel | I21: heavy fuel oil
B22: crude oil | C22: petroleum diesel | D22: petroleum diesel | E22: petroleum diesel | F22: heavy fuel oil | G22: LPG propane or butane | H22: heavy fuel oil | I22: heavy fuel oil

Sheet SYC-SYEGC
A1: Start Year Capacities (MW) | B1: preexisting | C1: preexisting nonretiring (not used in U.S. dataset) | D1: newly built
A2: hard coal | B2: ='National Summary'!C6*10-B13 -> 1041480 | C2: 0 | D2: 0
A3: natural gas nonpeaker | B3: ='National Summary'!C7*0.7*10 -> 69804 | C3: 0 | D3: 0
A4: nuclear | B4: ='2020'!AA5*10 -> 49890 | C4: 0 | D4: 0
A5: hydro | B5: =('National Summary'!C3-'National Summary'!C4)*10 -> 338790 | C5: 0 | D5: 0
A6: onshore wind | B6: ='National Summary'!C11*10-'SYC-SYEGC'!B14 -> 272650 | C6: 0 | D6: 0
A7: solar PV | B7: =('2020'!AC5-'2020'!AE5)*10 -> 175290 | C7: 0 | D7: 0
A8: solar thermal | B8: 420 | C8: 0 | D8: 0
A9: biomass | B9: ='National Summary'!C9*10-'SYC-SYEGC'!B17 -> 14520 | C9: 0 | D9: 0
A10: geothermal | B10: 527 | C10: 0 | D10: 0
A11: petroleum | B11: =ROUND('2020'!L5*10*'Oil Generation Breakdown'!N12,0) -> 335 | C11: 0 | D11: 0
A12: natural gas peaker | B12: ='National Summary'!C7*10*0.3 -> 29916 | C12: 0 | D12: 0
A13: lignite | B13: =10*('National Summary'!C22+'National Summary'!D39) -> 37640 | C13: 0 | D13: 0
A14: offshore wind | B14: 9000 | C14: 0 | D14: 0
A15: crude oil | B15: =ROUND('2020'!L5*10*'Oil Generation Breakdown'!M12,0) -> 76 | C15: 0 | D15: 0
A16: heavy or residual fuel oil | B16: =ROUND('2020'!L5*10*'Oil Generation Breakdown'!O12,0) -> 1058 | C16: 0 | D16: 0
A17: municipal solid waste | B17: ='2020'!O5*10 -> 15350 | C17: 0 | D17: 0
A18: process heat | B18: ='National Summary'!D45*110 -> 355850 | C18: 0 | D18: 0

Sheet SYC-FoPtPFP
B1: Peakers that Provide Flexibility Points (dimensionless)
A2: Fraction | B2: =SUMIFS('[1]Form 860_Generator'!D:D,'[1]Form 860_Generator'!H:H,"natural gas peaker",'[1]Form 860_Generator'!C:C,"GT")/SUMIF('[1]Form 860_Generator'!H:H,"natural gas peaker",'[1]Form 860_Generator'!D:D) -> 0.62968562
