Workbook

Sheet About
A1: PPRiFUfERoIF Potential Perc Reduction in Fuel Use from Early Retirement of Inefficient Facilities
A2: PPRiFUfIIaIoE Potential Perc Reduction in Fuel Use from Improved Installation and Integration of Eqpt
A3: PPRiFUfICaWHR Potential Perc Reduction in Fuel Use from Increased Cogen and Waste Heat Recovery
A6: Source: | B6: Energy saving potential of key technologies in some key industries
B7: Ministry of Industry and Information Technology of the People's Republic of China 中华人民共和国工业和信息化部
B8: National Recommended Catalogue of Industrial Energy Conservation Technologies 2020 2021 2022
B9: 国家工业节能技术推荐目录 2020 2021 2022
B10: https://wap.miit.gov.cn/zwgk/zcwj/wjfb/gg/art/2020/art_e0190e6c3c404e54a7958e863d68d6a2.html
B11: 中华人民共和国工业和信息化部公告2021年 第30号
B12: 《国家工业和信息化领域节能技术装备推荐目录（2022年版）》（中华人民共和国工业和信息化部公告2022年第29号）
A14: Notes:

Sheet Sector & Policy Match
A1: 节能技术适用范围 | B1: EPS行业 | D1: 重点用能设备 | E1: 适用范围 | G1: 节能技术类型 | H1: EPS政策
A2: 煤炭开采 | B2: coal mining 05 | D2: 工业锅炉 | E2: 电力、热力生产 | G2: 流程工业节能 | H2: Early Facility Retirement
A3: 油气开采 | B3: oil and gas extraction 06 | D3: 工业锅炉 | E3: 石化 | G3: 重点用能设备及系统节能 | H3: Improvement in Eqpt Efficiency Standards
A4: 其他采矿 | B4: other mining and quarrying 07T08 | D4: 工业锅炉 | E4: 化工 | G4: 能源信息化 | H4: Installation and System Integration
A5: 食品 | B5: food beverage and tobacco 10T12 | D5: 工业锅炉 | E5: 钢铁 | G5: 可再生能源高效利用 | H5: Early Facility Retirement
A6: 造纸 | B6: pulp paper and printing 17T18 | D6: 工业锅炉 | E6: 纺织 | G6: 化石能源清洁高效利用 | H6: Early Facility Retirement
A7: 纺织 | B7: textiles apparel and leather 13T15 | D7: 工业锅炉 | E7: 造纸 | G7: 智慧能源管控系统 | H7: Installation and System Integration
A8: 建材 | B8: cement and other nonmetallic minerals 239 | D8: 工业锅炉 | E8: 食品 | G8: 余热余压利用 | H8: Cogeneration and Waste Heat Recovery
A9: 钢铁 | B9: iron and steel 241 | D9: 工业循环水 | E9: 石化
A10: 石化 | B10: refined petroleum and coke 19 | D10: 工业循环水 | E10: 化工
A11: 化工 | B11: chemicals 20 | D11: 工业循环水 | E11: 钢铁
A12: 有色金属 | B12: other metals 242 | D12: 工业循环水 | E12: 有色金属
A13: 汽车制造 | B13: road vehicles 29 | D13: 工业循环水 | E13: 造纸
A14: 非道路交通制造 | B14: nonroad vehicles 30 | D14: 工业循环水 | E14: 纺织
A15: 船舶 | B15: nonroad vehicles 30 | D15: 工业循环水 | E15: 食品
A16: 燃气生产和供应业 | B16: energy pipelines and gas processing 352T353 | D16: 微型燃气轮机 | E16: 非道路交通制造
A17: 废弃物处理 | B17: water and waste 36T39 | D17: 微型燃气轮机 | E17: 电力、热力生产
A18: 电气机械 | B18: appliances and electrical equipment 27 | D18: 压缩空气系统 | E18: 电力、热力生产
A19: 电子设备 | B19: computers and electronics 26 | D19: 压缩空气系统 | E19: 纺织
A20: 仪器仪表 | B20: computers and electronics 27 | D20: 压缩空气系统 | E20: 食品
... A42: 工业水泵 | B42: 工业水泵 | D42: 除尘器 | E42: 煤炭开采
D43: 除尘器 | E43: 钢铁
D44: 除尘器 | E44: 有色金属
D45: 除尘器 | E45: 石化
D46: 除尘器 | E46: 电力、热力生产
D47: 机械行业 | E47: 通用设备
D48: 机械行业 | E48: 专用设备
D49: 机械行业 | E49: 仪器仪表
D50: 机械行业 | E50: 电气机械
D51: 机械行业 | E51: 汽车制造
D52: 工业水泵 | E52: 农业
D53: 工业水泵 | E53: 煤炭开采
D54: 工业水泵 | E54: 油气开采
... D64: 冷却塔 | E64: 纺织

Sheet BIFUbC
A1: Unit:BTU | B1: 2019 | C1: 2020 | D1: 2021 | E1: 2022 | F1: 2023 | G1: 2024 | H1: 2025 | I1: 2026 | J1: 2027 | K1: 2028 | L1: 2029 | M1: 2030 | N1: 2031 | O1: 2032 | P1: 2033 | Q1: 2034 | R1: 2035 | S1: 2036 | T1: 2037 | U1: 2038 | V1: 2039 | W1: 2040 | X1: 2041 | Y1: 2042 | Z1: 2043 | AA1: 2044 | AB1: 2045 | AC1: 2046 | AD1: 2047 | AE1: 2048 | AF1: 2049 | AG1: 2050 | AH1: 2051 | AI1: 2052 | AJ1: 2053 | AK1: 2054 | AL1: 2055 | AM1: 2056 | AN1: 2057 | AO1: 2058 | AP1: 2059 | AQ1: 2060
A2: agriculture and forestry 01T03 | B2: 1.655906e+15 | C2: 1.6924155e+15 | D2: 1.7162917e+15 | E2: 1.7820674e+15 | F2: 1.8536406e+15 | G2: 1.9382306e+15 | H2: 1.9821736e+15 | I2: 2.1012194e+15 | J2: 2.1789379e+15 | K2: 2.2531839e+15 | L2: 2.3236409e+15 | M2: 2.4303007e+15 | N2: 2.4533637e+15 | O2: 2.5122844e+15 | P2: 2.5666519e+15 | Q2: 2.6163673e+15 | R2: 2.6450091e+15 | S2: 2.7100268e+15 | T2: 2.7542796e+15 | U2: 2.794164e+15 | V2: 2.8297462e+15 | W2: 2.8611266e+15 | X2: 2.8884375e+15 | Y2: 2.9118397e+15 | Z2: 2.93152e+15 | AA2: 2.9476874e+15 | AB2: 2.960571e+15 | AC2: 2.9704163e+15 | AD2: 2.9774824e+15 | AE2: 2.98204e+15 | AF2: 2.9843681e+15 | AG2: 2.984752e+15 | AH2: 2.9834816e+15 | AI2: 2.9808492e+15 | AJ2: 2.9771485e+15 | AK2: 2.9726727e+15 | AL2: 2.9677146e+15 | AM2: 2.9625649e+15 | AN2: 2.9575127e+15 | AO2: 2.9528452e+15 | AP2: 2.9488476e+15 | AQ2: 2.930992e+15
A3: coal mining 05 | B3: 1.8369744e+16 | C3: 1.8652997e+16 | D3: 1.972081e+16 | E3: 2.1787093e+16 | F3: 2.2326911e+16 | G3: 2.2866565e+16 | H3: 2.3406054e+16 | I3: 2.3785241e+16 | J3: 2.4164333e+16 | K3: 2.4543331e+16 | L3: 2.4922233e+16 | M3: 2.5301041e+16 | N3: 2.5441556e+16 | O3: 2.5582042e+16 | P3: 2.5722497e+16 | Q3: 2.5862921e+16 | R3: 2.6003316e+16 | S3: 2.5764061e+16 | T3: 2.552482e+16 | U3: 2.5285591e+16 | V3: 2.5046376e+16 | W3: 2.4807173e+16 | X3: 2.4424868e+16 | Y3: 2.4042584e+16 | Z3: 2.366032e+16 | AA3: 2.3278077e+16 | AB3: 2.2895854e+16 | AC3: 2.2513652e+16 | AD3: 2.2131471e+16 | AE3: 2.1749309e+16 | AF3: 2.1367169e+16 | AG3: 2.0985048e+16 | AH3: 2.0507565e+16 | AI3: 2.0030107e+16 | AJ3: 1.9552674e+16 | AK3: 1.9075267e+16 | AL3: 1.8597886e+16 | AM3: 1.8215902e+16 | AN3: 1.7833938e+16 | AO3: 1.7451994e+16 | AP3: 1.7070071e+16 | AQ3: 1.6685927e+16
A4: oil and gas extraction 06 | B4: 7.8256971e+14 | C4: 750491822304952 | D4: 8.0636336e+14 | E4: 8.5190779e+14 | F4: 8.8632176e+14 | G4: 9.2046276e+14 | H4: 954330785705933 | I4: 974883364760133 | J4: 9.9529503e+14 | K4: 1.0155658e+15 | L4: 1.0356956e+15 | M4: 1.0556845e+15 | N4: 1.0679759e+15 | O4: 1.080189e+15 | P4: 1.0923236e+15 | Q4: 1.1043798e+15 | R4: 1.1163577e+15 | S4: 1.1304785e+15 | T4: 1.1445795e+15 | U4: 1.1586606e+15 | V4: 1.1727219e+15 | W4: 1.1867634e+15 | X4: 1.1933691e+15 | Y4: 1.199965e+15 | Z4: 1.2065509e+15 | AA4: 1.2131269e+15 | AB4: 1.2196931e+15 | AC4: 1.2262493e+15 | AD4: 1.2327956e+15 | AE4: 1.239332e+15 | AF4: 1.2458586e+15 | AG4: 1.2523752e+15 | AH4: 1.2588782e+15 | AI4: 1.2653713e+15 | AJ4: 1.2718545e+15 | AK4: 1.2783278e+15 | AL4: 1.2847913e+15 | AM4: 1.2839188e+15 | AN4: 1.2830463e+15 | AO4: 1.2821738e+15 | AP4: 1.2813013e+15 | AQ4: 1.2760884e+15
A5: other mining and quarrying 07T08 | B5: 6.2163651e+14 | C5: 5.8850085e+14 | D5: 6.0783312e+14 | E5: 5.9387496e+14 | F5: 6.3116541e+14 | G5: 668168755362959 | H5: 7.0488501e+14 | I5: 7.2159434e+14 | J5: 7.3819039e+14 | K5: 754673152020337 | L5: 7.7104263e+14 | M5: 7.8729883e+14 | N5: 788168393148035 | O5: 7.8902275e+14 | P5: 7.898619e+14 | Q5: 790685848526573 | R5: 7.9149459e+14 | S5: 784834776363428 | T5: 7.7818315e+14 | U5: 7.715397e+14 | V5: 7.6490443e+14 | W5: 758277341413722 | X5: 7.4475235e+14 | Y5: 7.3124479e+14 | Z5: 7.1775466e+14 | AA5: 7.0428195e+14 | AB5: 6.9082667e+14 | AC5: 6.7587817e+14 | AD5: 6.6094913e+14 | AE5: 6.4603955e+14 | AF5: 6.3114942e+14 | AG5: 616278748657400 | AH5: 6.0192326e+14 | AI5: 5.8758656e+14 | AJ5: 5.7326865e+14 | AK5: 5.5896953e+14 | AL5: 544689196215482 | AM5: 5.3112616e+14 | AN5: 5.1758096e+14 | AO5: 504053612404257 | AP5: 490544104087213 | AQ5: 4.7543531e+14
A6: food beverage and tobacco 10T12 | B6: 1.5180729e+15 | C6: 1.4307956e+15 | D6: 1.6044239e+15 | E6: 1.6596026e+15 | F6: 1.6690306e+15 | G6: 1.7055387e+15 | H6: 1.7565846e+15 | I6: 1.8120331e+15 | J6: 1.8672012e+15 | K6: 1.920698e+15 | L6: 1.9710355e+15 | M6: 2.0166424e+15 | N6: 2.0572096e+15 | O6: 2.0916164e+15 | P6: 2.1200943e+15 | Q6: 2.1429592e+15 | R6: 2.1605991e+15 | S6: 2.1801026e+15 | T6: 2.1951838e+15 | U6: 2.2060851e+15 | V6: 2.2130781e+15 | W6: 2.2164575e+15 | X6: 2.2165357e+15 | Y6: 2.2136377e+15 | Z6: 2.2080968e+15 | AA6: 2.2002498e+15 | AB6: 2.1904341e+15 | AC6: 2.1789843e+15 | AD6: 2.16623e+15 | AE6: 2.1524939e+15 | AF6: 2.13809e+15 | AG6: 2.1233236e+15 | AH6: 2.1084904e+15 | AI6: 2.0938767e+15 | AJ6: 2.07976e+15 | AK6: 2.0664101e+15 | AL6: 2.0540903e+15 | AM6: 2.0430591e+15 | AN6: 2.0335722e+15 | AO6: 2.0258851e+15 | AP6: 2.0202558e+15 | AQ6: 2.0066635e+15
A7: textiles apparel and leather 13T15 | B7: 1.3736513e+15 | C7: 1.3057732e+15 | D7: 1.3861366e+15 | E7: 1.3660934e+15 | F7: 1.3648645e+15 | G7: 1.372278e+15 | H7: 1.3843385e+15 | I7: 1.3983918e+15 | J7: 1.4112535e+15 | K7: 1.4210714e+15 | L7: 1.4259625e+15 | M7: 1.4240627e+15 | N7: 1.4149074e+15 | O7: 1.3991216e+15 | P7: 1.3786718e+15 | Q7: 1.3554795e+15 | R7: 1.3313721e+15 | S7: 1.3118367e+15 | T7: 1.2929964e+15 | U7: 1.274856e+15 | V7: 1.2574211e+15 | W7: 1.240698e+15 | X7: 1.2246929e+15 | Y7: 1.2094121e+15 | Z7: 1.1948613e+15 | AA7: 1.181046e+15 | AB7: 1.167971e+15 | AC7: 1.1556404e+15 | AD7: 1.1440581e+15 | AE7: 1.1332272e+15 | AF7: 1.1231508e+15 | AG7: 1.1138314e+15 | AH7: 1.1052718e+15 | AI7: 1.0974749e+15 | AJ7: 1.0904437e+15 | AK7: 1.084182e+15 | AL7: 1.0786943e+15 | AM7: 1.0739863e+15 | AN7: 1.0700647e+15 | AO7: 1.0669379e+15 | AP7: 1.0646163e+15 | AQ7: 1.0576604e+15
A8: wood products 16 | B8: 2.0367106e+14 | C8: 1.9657993e+14 | D8: 2.2577758e+14 | E8: 2.233889e+14 | F8: 223357561759607 | G8: 2.2512184e+14 | H8: 2.2811488e+14 | I8: 2.3198699e+14 | J8: 2.3624467e+14 | K8: 2.4058818e+14 | L8: 2.4469549e+14 | M8: 2.4822333e+14 | N8: 2.510047e+14 | O8: 2.5288923e+14 | P8: 2.5392472e+14 | Q8: 2.5416905e+14 | R8: 2.5368821e+14 | S8: 2.5333019e+14 | T8: 252374417087754 | U8: 2.5087855e+14 | V8: 2.4890275e+14 | W8: 2.4650852e+14 | X8: 2.4375772e+14 | Y8: 2.4071166e+14 | Z8: 2.3743039e+14 | AA8: 2.3397208e+14 | AB8: 2.3039255e+14 | AC8: 2.2674494e+14 | AD8: 2.230795e+14 | AE8: 2.194435e+14 | AF8: 2.1588123e+14 | AG8: 2.1243412e+14 | AH8: 2.0914091e+14 | AI8: 2.0603792e+14 | AJ8: 203159381158532 | AK8: 2.0053781e+14 | AL8: 1.9820445e+14 | AM8: 1.961898e+14 | AN8: 1.9452411e+14 | AO8: 1.9323801e+14 | AP8: 1.9236315e+14 | AQ8: 1.9095224e+14
A9: pulp paper and printing 17T18 | B9: 8.7152832e+14 | C9: 8.6381753e+14 | D9: 9.3874521e+14 | E9: 9.4106334e+14 | F9: 980459031956785 | G9: 1.0224505e+15 | H9: 1.0657057e+15 | I9: 1.0899398e+15 | J9: 1.114059e+15 | K9: 1.1378806e+15 | L9: 1.1612032e+15 | M9: 1.1838098e+15 | N9: 1.1958097e+15 | O9: 1.2069821e+15 | P9: 1.2173579e+15 | Q9: 1.226978e+15 | R9: 1.2358919e+15 | S9: 1.2418023e+15 | T9: 1.2471577e+15 | U9: 1.2519911e+15 | V9: 1.2563388e+15 | W9: 1.2602401e+15 | X9: 1.2534564e+15 | Y9: 1.2463317e+15 | Z9: 1.23891e+15 | AA9: 1.2312359e+15 | AB9: 1.2233538e+15 | AC9: 1.2081473e+15 | AD9: 1.1928343e+15 | AE9: 1.1774567e+15 | AF9: 1.1620554e+15 | AG9: 1.1466697e+15 | AH9: 1.1303201e+15 | AI9: 1.114063e+15 | AJ9: 1.0979337e+15 | AK9: 1.0819665e+15 | AL9: 1.0661945e+15 | AM9: 1.0486251e+15 | AN9: 1.0313194e+15 | AO9: 1.0143091e+15 | AP9: 9.9762613e+14 | AQ9: 9.762722e+14
A10: refined petroleum and coke 19 | B10: 5.4451105e+16 | C10: 5.7028297e+16 | D10: 5.6146066e+16 | E10: 5.7219149e+16 | F10: 6.1736943e+16 | G10: 6.6252212e+16 | H10: 7.0764956e+16 | I10: 7.2321007e+16 | J10: 7.3876341e+16 | K10: 7.5430958e+16 | L10: 7.6984857e+16 | M10: 7.853804e+16 | N10: 7.8634915e+16 | O10: 7.8731746e+16 | P10: 7.8828533e+16 | Q10: 7.8925277e+16 | R10: 7.9021977e+16 | S10: 7.8121424e+16 | T10: 7.7220961e+16 | U10: 7.6320586e+16 | V10: 7.5420299e+16 | W10: 7.4520101e+16 | X10: 7.2835608e+16 | Y10: 7.1151281e+16 | Z10: 6.946712e+16 | AA10: 6.7783125e+16 | AB10: 6.6099296e+16 | AC10: 6.4415633e+16 | AD10: 6.2732136e+16 | AE10: 6.1048805e+16 | AF10: 5.936564e+16 | AG10: 5.7682641e+16 | AH10: 5.6223802e+16 | AI10: 5.4765108e+16 | AJ10: 5.3306557e+16 | AK10: 5.184815e+16 | AL10: 5.0389887e+16 | AM10: 4.8858647e+16 | AN10: 4.7327558e+16 | AO10: 4.579662e+16 | AP10: 4.4265834e+16 | AQ10: 4.2724637e+16
A11: chemicals 20 | B11: 1.1779139e+16 | C11: 1.264658e+16 | D11: 1.3477958e+16 | E11: 1.3349479e+16 | F11: 1.4511807e+16 | G11: 1.5684376e+16 | H11: 1.6857832e+16 | I11: 1.7446566e+16 | J11: 1.8028063e+16 | K11: 1.8602326e+16 | L11: 1.9169588e+16 | M11: 1.9730275e+16 | N11: 2.0041807e+16 | O11: 2.0349213e+16 | P11: 2.0653157e+16 | Q11: 2.095434e+16 | R11: 2.1253486e+16 | S11: 2.1418802e+16 | T11: 2.158382e+16 | U11: 2.1748542e+16 | V11: 2.1912973e+16 | W11: 2.2077112e+16 | X11: 2.2145565e+16 | Y11: 2.2213824e+16 | Z11: 2.228189e+16 | AA11: 2.2349768e+16 | AB11: 2.2417459e+16 | AC11: 2.2403116e+16 | AD11: 2.2388662e+16 | AE11: 2.2374098e+16 | AF11: 2.2359429e+16 | AG11: 2.2344658e+16 | AH11: 2.2255778e+16 | AI11: 2.2166875e+16 | AJ11: 2.2077952e+16 | AK11: 2.1989011e+16 | AL11: 2.1900056e+16 | AM11: 2.1797483e+16 | AN11: 2.1694913e+16 | AO11: 2.159235e+16 | AP11: 2.1489797e+16 | AQ11: 2.1328549e+16
A12: rubber and plastic products 22 | B12: 643092814091311 | C12: 6.5703908e+14 | D12: 7.2356702e+14 | E12: 7.1816755e+14 | F12: 724929837871160 | G12: 7.4655005e+14 | H12: 7.7404742e+14 | I12: 7.9975081e+14 | J12: 8.2105133e+14 | K12: 8.376089e+14 | L12: 8.4916967e+14 | M12: 8.5557235e+14 | N12: 8.5735008e+14 | O12: 8.5494658e+14 | P12: 8.4945554e+14 | Q12: 8.4198582e+14 | R12: 8.3362919e+14 | S12: 8.2782356e+14 | T12: 8.2216539e+14 | U12: 8.1666008e+14 | V12: 8.1131288e+14 | W12: 8.0612894e+14 | X12: 801113298265240 | Y12: 7.9627089e+14 | Z12: 791606563949065 | AA12: 7.8712513e+14 | AB12: 7.8283132e+14 | AC12: 7.7872985e+14 | AD12: 774825403460177 | AE12: 7.7112265e+14 | AF12: 767626294255642 | AG12: 7.6434104e+14 | AH12: 7.6127165e+14 | AI12: 7.5842294e+14 | AJ12: 7.5579981e+14 | AK12: 753407243963022 | AL12: 751250356574488 | AM12: 7.4933438e+14 | AN12: 7.4766472e+14 | AO12: 7.4624692e+14 | AP12: 7.4508676e+14 | AQ12: 7.4037677e+14
... A26: construction 41T43 | B26: 1.8245932e+15 | C26: 1.8704611e+15 | D26: 1.9741323e+15 | E26: 2.0050223e+15 | F26: 2.1045757e+15 | G26: 2.2086612e+15 | H26: 2.296367e+15 | I26: 2.4121826e+15 | J26: 2.5107779e+15 | K26: 2.6064955e+15 | L26: 2.698962e+15 | M26: 2.8035052e+15 | N26: 2.8734074e+15 | O26: 2.9548759e+15 | P26: 3.0320398e+15 | Q26: 3.1047364e+15 | R26: 3.1662915e+15 | S26: 3.2401809e+15 | T26: 3.3029812e+15 | U26: 3.3612466e+15 | V26: 3.4150153e+15 | W26: 3.4643636e+15 | X26: 3.5094043e+15 | Y26: 3.5502833e+15 | Z26: 3.5871774e+15 | AA26: 3.6202911e+15 | AB26: 3.649854e+15 | AC26: 3.6761177e+15 | AD26: 3.6993531e+15 | AE26: 3.7198482e+15 | AF26: 3.7379048e+15 | AG26: 3.753837e+15 | AH26: 3.7679689e+15 | AI26: 3.7806326e+15 | AJ26: 3.7921673e+15 | AK26: 3.8029175e+15 | AL26: 3.8132324e+15 | AM26: 3.8234654e+15 | AN26: 3.8339737e+15 | AO26: 3.8451186e+15 | AP26: 3.8572657e+15 | AQ26: 3.8633281e+15
A27: 电力、热力生产 | B27: 2.2694301e+15

Sheet 工业节能技术装备推荐目录
A1: 发布时间 | B1: 技术名称 | C1: 适用范围 | D1: EPS行业 | E1: 技术类型 | F1: EPS政策 | G1: 目前 推广比例 | H1: 推广 起始年 | I1: 推广 结束年 | J1: 推广期 实现比例 | K1: 推广期的节能能力 (万tce/a) | L1: 100%推广的节能能力 (万tce/a) | M1: 推广100% 实现的年份
A2: 2020 | B2: 外循环生料立磨技术 | C2: 建材 | D2: =IFERROR(VLOOKUP(C2,'Sector & Policy Match'!$A$1:$B$42,2,0),"") -> cement and other nonmetallic minerals 239 | E2: 流程工业节能 | F2: =VLOOKUP(E2,'Sector & Policy Match'!$G$1:$H$8,2,0) -> Early Facility Retirement | G2: <5% | H2: 2021 | I2: 2025 | J2: 0.1 | K2: 9.65 | L2: =(1-IF(G2="<5%",0,G2))/(J2-IF(G2="<5%",0,G2))*K2 -> 96.5 | M2: 2060
A3: 2020 | B3: 钢渣/矿渣辊压机终粉磨系统 | C3: 建材 | D3: =IFERROR(VLOOKUP(C3,'Sector & Policy Match'!$A$1:$B$42,2,0),"") -> cement and other nonmetallic minerals 239 | E3: 流程工业节能 | F3: =VLOOKUP(E3,'Sector & Policy Match'!$G$1:$H$8,2,0) -> Early Facility Retirement | G3: <5% | H3: 2021 | I3: 2025 | J3: 0.2 | K3: 8.72 | L3: =(1-IF(G3="<5%",0,G3))/(J3-IF(G3="<5%",0,G3))*K3 -> 43.6 | M3: 2060
A4: 2020 | B4: 陶瓷原料连续制浆系统 | C4: 建材 | D4: =IFERROR(VLOOKUP(C4,'Sector & Policy Match'!$A$1:$B$42,2,0),"") -> cement and other nonmetallic minerals 239 | E4: 流程工业节能 | F4: =VLOOKUP(E4,'Sector & Policy Match'!$G$1:$H$8,2,0) -> Early Facility Retirement | G4: <5% | H4: 2021 | I4: 2025 | J4: 0.1 | K4: 92.1 | L4: =(1-IF(G4="<5%",0,G4))/(J4-IF(G4="<5%",0,G4))*K4 -> 921 | M4: 2060
A5: 2020 | B5: 带中段辊破的列进式冷却机 | C5: 建材 | D5: =IFERROR(VLOOKUP(C5,'Sector & Policy Match'!$A$1:$B$42,2,0),"") -> cement and other nonmetallic minerals 239 | E5: 流程工业节能 | F5: =VLOOKUP(E5,'Sector & Policy Match'!$G$1:$H$8,2,0) -> Early Facility Retirement | G5: <5% | H5: 2021 | I5: 2025 | J5: 0.1 | K5: 26.6 | L5: =(1-IF(G5="<5%",0,G5))/(J5-IF(G5="<5%",0,G5))*K5 -> 266 | M5: 2060
A6: 2020 | B6: 卧式玻璃直线四边砂轮式磨边技术 | C6: 建材 | D6: =IFERROR(VLOOKUP(C6,'Sector & Policy Match'!$A$1:$B$42,2,0),"") -> cement and other nonmetallic minerals 239 | E6: 流程工业节能 | F6: =VLOOKUP(E6,'Sector & Policy Match'!$G$1:$H$8,2,0) -> Early Facility Retirement | G6: <5% | H6: 2021 | I6: 2025 | J6: 0.1 | K6: 3.5 | L6: =(1-IF(G6="<5%",0,G6))/(J6-IF(G6="<5%",0,G6))*K6 -> 35 | M6: 2060
A7: 2020 | B7: 宽粒级磁铁矿湿式弱磁预选分级磨矿技术 | C7: 钢铁 | D7: =IFERROR(VLOOKUP(C7,'Sector & Policy Match'!$A$1:$B$42,2,0),"") -> iron and steel 241 | E7: 流程工业节能 | F7: =VLOOKUP(E7,'Sector & Policy Match'!$G$1:$H$8,2,0) -> Early Facility Retirement | G7: <5% | H7: 2021 | I7: 2025 | J7: 0.15 | K7: 18 | L7: =(1-IF(G7="<5%",0,G7))/(J7-IF(G7="<5%",0,G7))*K7 -> 120 | M7: 2060
A8: 2020 | B8: 新型水泥熟料冷却技术及装备 | C8: 建材 | D8: =IFERROR(VLOOKUP(C8,'Sector & Policy Match'!$A$1:$B$42,2,0),"") -> cement and other nonmetallic minerals 239 | E8: 流程工业节能 | F8: =VLOOKUP(E8,'Sector & Policy Match'!$G$1:$H$8,2,0) -> Early Facility Retirement | G8: 0.05 | H8: 2021 | I8: 2025 | J8: 0.5 | K8: 120 | L8: =(1-IF(G8="<5%",0,G8))/(J8-IF(G8="<5%",0,G8))*K8 -> 253.33333 | M8: 2060
A9: 2020 | B9: 高能效长寿化双膛立式石灰窑装备及控制技术 | C9: 钢铁 | D9: =IFERROR(VLOOKUP(C9,'Sector & Policy Match'!$A$1:$B$42,2,0),"") -> iron and steel 241 | E9: 流程工业节能 | F9: =VLOOKUP(E9,'Sector & Policy Match'!$G$1:$H$8,2,0) -> Early Facility Retirement | G9: 0.05 | H9: 2021 | I9: 2025 | J9: 0.35 | K9: 178 | L9: =(1-IF(G9="<5%",0,G9))/(J9-IF(G9="<5%",0,G9))*K9 -> 563.66667 | M9: 2060
A10: 2020 | B10: 机械磨损陶瓷合金自动修复技术 | D10: =IFERROR(VLOOKUP(C10,'Sector & Policy Match'!$A$1:$B$42,2,0),"") | E10: 流程工业节能 | F10: =VLOOKUP(E10,'Sector & Policy Match'!$G$1:$H$8,2,0) -> Early Facility Retirement | G10: 0.05 | H10: 2021 | I10: 2025 | J10: 0.15 | K10: 95 | L10: =(1-IF(G10="<5%",0,G10))/(J10-IF(G10="<5%",0,G10))*K10 -> 902.5 | M10: 2060
A11: 2020 | B11: 焦炉加热优化控制及管理技术 | C11: 钢铁 | D11: =IFERROR(VLOOKUP(C11,'Sector & Policy Match'!$A$1:$B$42,2,0),"") -> iron and steel 241 | E11: 流程工业节能 | F11: =VLOOKUP(E11,'Sector & Policy Match'!$G$1:$H$8,2,0) -> Early Facility Retirement | G11: 0.05 | H11: 2021 | I11: 2025 | J11: 0.2 | K11: 21 | L11: =(1-IF(G11="<5%",0,G11))/(J11-IF(G11="<5%",0,G11))*K11 -> 133 | M11: 2060
A12: 2020 | B12: 升膜多效蒸发技术 | C12: 化工 | D12: =IFERROR(VLOOKUP(C12,'Sector & Policy Match'!$A$1:$B$42,2,0),"") -> chemicals 20 | E12: 流程工业节能 | F12: =VLOOKUP(E12,'Sector & Policy Match'!$G$1:$H$8,2,0) -> Early Facility Retirement | G12: 0.05 | H12: 2021 | I12: 2025 | J12: 0.15 | K12: 13 | L12: =(1-IF(G12="<5%",0,G12))/(J12-IF(G12="<5%",0,G12))*K12 -> 123.5 | M12: 2060
A13: 2020 | B13: 利用高热值危险废弃物替代水泥窑燃料综合技术 | C13: 建材 | D13: =IFERROR(VLOOKUP(C13,'Sector & Policy Match'!$A$1:$B$42,2,0),"") -> cement and other nonmetallic minerals 239 | E13: 流程工业节能 | F13: =VLOOKUP(E13,'Sector & Policy Match'!$G$1:$H$8,2,0) -> Early Facility Retirement | G13: 0.1 | H13: 2021 | I13: 2025 | J13: 0.3 | K13: 15 | L13: =(1-IF(G13="<5%",0,G13))/(J13-IF(G13="<5%",0,G13))*K13 -> 67.5 | M13: 2060
A14: 2020 | B14: 钢渣立磨终粉磨技术 | C14: 建材\钢铁 | D14: =IFERROR(VLOOKUP(C14,'Sector & Policy Match'!$A$1:$B$42,2,0),"") | E14: 流程工业节能 | F14: =VLOOKUP(E14,'Sector & Policy Match'!$G$1:$H$8,2,0) -> Early Facility Retirement | G14: 0.1 | H14: 2021 | I14: 2025 | J14: 0.3 | K14: 8.9 | L14: =(1-IF(G14="<5%",0,G14))/(J14-IF(G14="<5%",0,G14))*K14 -> 40.05 | M14: 2060
A15: 2020 | B15: 钢渣立磨终粉磨技术 | C15: 建材 | D15: =IFERROR(VLOOKUP(C15,'Sector & Policy Match'!$A$1:$B$42,2,0),"") -> cement and other nonmetallic minerals 239 | E15: 流程工业节能 | F15: =VLOOKUP(E15,'Sector & Policy Match'!$G$1:$H$8,2,0) -> Early Facility Retirement | G15: 0.1 | H15: 2021 | I15: 2025 | J15: 0.3 | K15: =BIFUbC!B14/(BIFUbC!B14+BIFUbC!B15)*K14 -> 2.3363802 | L15: =(1-IF(G15="<5%",0,G15))/(J15-IF(G15="<5%",0,G15))*K15 -> 10.513711 | M15: 2060
A16: 2020 | B16: 钢渣立磨终粉磨技术 | C16: 钢铁 | D16: =IFERROR(VLOOKUP(C16,'Sector & Policy Match'!$A$1:$B$42,2,0),"") -> iron and steel 241 | E16: 流程工业节能 | F16: =VLOOKUP(E16,'Sector & Policy Match'!$G$1:$H$8,2,0) -> Early Facility Retirement | G16: 0.1 | H16: 2021 | I16: 2025 | J16: 0.3 | K16: =BIFUbC!B15/(BIFUbC!B14+BIFUbC!B15)*K14 -> 6.5636198 | L16: =(1-IF(G16="<5%",0,G16))/(J16-IF(G16="<5%",0,G16))*K16 -> 29.536289 | M16: 2060
A17: 2020 | B17: 炉窑烟气节能降耗一体化技术 | C17: 工业锅炉 | D17: =IFERROR(VLOOKUP(C17,'Sector & Policy Match'!$A$1:$B$42,2,0),"") -> 工业锅炉 | E17: 流程工业节能 | F17: =VLOOKUP(E17,'Sector & Policy Match'!$G$1:$H$8,2,0) -> Early Facility Retirement | G17: 0.15 | H17: 2021 | I17: 2025 | J17: 0.35 | K17: 36 | L17: =(1-IF(G17="<5%",0,G17))/(J17-IF(G17="<5%",0,G17))*K17 -> 153 | M17: 2060
A18: 2020 | B18: 低导热多层复合莫来石砖 | C18: 建材 | D18: =IFERROR(VLOOKUP(C18,'Sector & Policy Match'!$A$1:$B$42,2,0),"") -> cement and other nonmetallic minerals 239 | E18: 流程工业节能 | F18: =VLOOKUP(E18,'Sector & Policy Match'!$G$1:$H$8,2,0) -> Early Facility Retirement | G18: 0.2 | H18: 2021 | I18: 2025 | J18: 0.4 | K18: 68.3 | L18: =(1-IF(G18="<5%",0,G18))/(J18-IF(G18="<5%",0,G18))*K18 -> 273.2 | M18: 2060
A19: 2020 | B19: 大型清洁高效水煤浆气化技术 | C19: 化工 | D19: =IFERROR(VLOOKUP(C19,'Sector & Policy Match'!$A$1:$B$42,2,0),"") -> chemicals 20 | E19: 流程工业节能 | F19: =VLOOKUP(E19,'Sector & Policy Match'!$G$1:$H$8,2,0) -> Early Facility Retirement | G19: 0.2 | H19: 2021 | I19: 2025 | J19: 0.4 | K19: 36 | L19: =(1-IF(G19="<5%",0,G19))/(J19-IF(G19="<5%",0,G19))*K19 -> 144 | M19: 2060
A20: 2020 | B20: 铜冶炼领域汽电双驱同轴压缩机组(MCRT)技术 | C20: 有色金属 | D20: =IFERROR(VLOOKUP(C20,'Sector & Policy Match'!$A$1:$B$42,2,0),"") -> other metals 242 | E20: 流程工业节能 | F20: =VLOOKUP(E20,'Sector & Policy Match'!$G$1:$H$8,2,0) -> Early Facility Retirement | G20: 0.2 | H20: 2021 | I20: 2025 | J20: 0.4 | K20: 10 | L20: =(1-IF(G20="<5%",0,G20))/(J20-IF(G20="<5%",0,G20))*K20 -> 40 | M20: 2060
A21: 2020 | B21: 汽轮驱动高炉鼓风机与电动/发电机同轴机组技术 | C21: 钢铁 | D21: =IFERROR(VLOOKUP(C21,'Sector & Policy Match'!$A$1:$B$42,2,0),"") -> iron and steel 241 | E21: 流程工业节能 | F21: =VLOOKUP(E21,'Sector & Policy Match'!$G$1:$H$8,2,0) -> Early Facility Retirement | G21: 0.4 | H21: 2021 | I21: 2025 | J21: 0.6 | K21: 40 | L21: =(1-IF(G21="<5%",0,G21))/(J21-IF(G21="<5%",0,G21))*K21 -> 120 | M21: 2060
A22: 2020 | B22: 锅炉烟气深度冷却技术 | C22: 工业锅炉 | D22: =IFERROR(VLOOKUP(C22,'Sector & Policy Match'!$A$1:$B$42,2,0),"") -> 工业锅炉 | E22: 余热余压利用 | F22: =VLOOKUP(E22,'Sector & Policy Match'!$G$1:$H$8,2,0) -> Cogeneration and Waste Heat Recovery | G22: <5% | H22: 2021 | I22: 2025 | J22: 0.1 | K22: 66 | L22: =(1-IF(G22="<5%",0,G22))/(J22-IF(G22="<5%",0,G22))*K22 -> 660 | M22: 2060
A23: 2020 | B23: 工业循环水余压能量闭环回收利用技术 | C23: 工业循环水 | D23: =IFERROR(VLOOKUP(C23,'Sector & Policy Match'!$A$1:$B$42,2,0),"") -> 工业循环水 | E23: 余热余压利用 | F23: =VLOOKUP(E23,'Sector & Policy Match'!$G$1:$H$8,2,0) -> Cogeneration and Waste Heat Recovery | G23: <5% | H23: 2021 | I23: 2025 | J23: 0.15 | K23: 38 | L23: =(1-IF(G23="<5%",0,G23))/(J23-IF(G23="<5%",0,G23))*K23 -> 253.33333 | M23: 2060
A24: 2020 | B24: 微型燃气轮机能源梯级利用节能技术 | C24: 微型燃气轮机 | D24: =IFERROR(VLOOKUP(C24,'Sector & Policy Match'!$A$1:$B$42,2,0),"") -> 微型燃气轮机 | E24: 余热余压利用 | F24: =VLOOKUP(E24,'Sector & Policy Match'!$G$1:$H$8,2,0) -> Cogeneration and Waste Heat Recovery | G24: <5% | H24: 2021 | I24: 2025 | J24: 0.15 | K24: 36 | L24: =(1-IF(G24="<5%",0,G24))/(J24-IF(G24="<5%",0,G24))*K24 -> 240 | M24: 2060
A25: 2020 | B25: 工业燃煤机组烟气低品位余热回收利用技术 | C25: 电力、热力生产 | D25: =IFERROR(VLOOKUP(C25,'Sector & Policy Match'!$A$1:$B$42,2,0),"") -> 电力、热力生产 | E25: 余热余压利用 | F25: =VLOOKUP(E25,'Sector & Policy Match'!$G$1:$H$8,2,0) -> Cogeneration and Waste Heat Recovery | G25: <5% | H25: 2021 | I25: 2025 | J25: 0.1 | K25: 100 | L25: =(1-IF(G25="<5%",0,G25))/(J25-IF(G25="<5%",0,G25))*K25 -> 1000 | M25: 2060
A26: 2020 | B26: 电厂用低压驱动热泵技术 | C26: 电力、热力生产 | D26: =IFERROR(VLOOKUP(C26,'Sector & Policy Match'!$A$1:$B$42,2,0),"") -> 电力、热力生产 | E26: 余热余压利用 | F26: =VLOOKUP(E26,'Sector & Policy Match'!$G$1:$H$8,2,0) -> Cogeneration and Waste Heat Recovery | G26: 0.1 | H26: 2021 | I26: 2025 | J26: 0.3 | K26: 58 | L26: =(1-IF(G26="<5%",0,G26))/(J26-IF(G26="<5%",0,G26))*K26 -> 261 | M26: 2060
A27: 2020 | B27: 旋转电磁制热技术 | C27: 电力、热力生产 | D27: =IFERROR(VLOOKUP(C27,'Sector & Policy Match'!$A$1:$B$42,2,0),"") -> 电力、热力生产 | E27: 重点用能设备及系统节能 | F27: =VLOOKUP(E27,'Sector & Policy Match'!$G$1:$H$8,2,0) -> Improvement in Eqpt Efficiency Standards | G27: <5% | H27: 2021 | I27: 2025 | J27: 0.1 | K27: 9.5 | L27: =(1-IF(G27="<5%",0,G27))/(J27-IF(G27="<5%",0,G27))*K27 -> 95 | M27: 2060
A28: 2020 | B28: 多模式节能型低露点干燥技术 | C28: 压缩空气系统 | D28: =IFERROR(VLOOKUP(C28,'Sector & Policy Match'!$A$1:$B$42,2,0),"") -> 压缩空气系统 | E28: 重点用能设备及系统节能 | F28: =VLOOKUP(E28,'Sector & Policy Match'!$G$1:$H$8,2,0) -> Improvement in Eqpt Efficiency Standards | G28: <5% | H28: 2021 | I28: 2025 | J28: 0.2 | K28: 6.6 | L28: =(1-IF(G28="<5%",0,G28))/(J28-IF(G28="<5%",0,G28))*K28 -> 33 | M28: 2060
A29: 2020 | B29: 异步电机永磁化改造技术 | C29: 电动机系统 | D29: =IFERROR(VLOOKUP(C29,'Sector & Policy Match'!$A$1:$B$42,2,0),"") -> 电动机系统 | E29: 重点用能设备及系统节能 | F29: =VLOOKUP(E29,'Sector & Policy Match'!$G$1:$H$8,2,0) -> Improvement in Eqpt Efficiency Standards | G29: <5% | H29: 2021 | I29: 2025 | J29: 0.1 | K29: 4.3 | L29: =(1-IF(G29="<5%",0,G29))/(J29-IF(G29="<5%",0,G29))*K29 -> 43 | M29: 2060
A30: 2020 | B30: 特制电机技术 | C30: 电动机系统 | D30: =IFERROR(VLOOKUP(C30,'Sector & Policy Match'!$A$1:$B$42,2,0),"") -> 电动机系统 | E30: 重点用能设备及系统节能 | F30: =VLOOKUP(E30,'Sector & Policy Match'!$G$1:$H$8,2,0) -> Improvement in Eqpt Efficiency Standards | G30: <5% | H30: 2021 | I30: 2025 | J30: 0.06 | K30: 4.9 | L30: =(1-IF(G30="<5%",0,G30))/(J30-IF(G30="<5%",0,G30))*K30 -> 81.666667 | M30: 2060
A31: 2020 | B31: 中央空调热水锅炉 | C31: 空调系统 | D31: =IFERROR(VLOOKUP(C31,'Sector & Policy Match'!$A$1:$B$42,2,0),"") -> 空调系统 | E31: 重点用能设备及系统节能 | F31: =VLOOKUP(E31,'Sector & Policy Match'!$G$1:$H$8,2,0) -> Improvement in Eqpt Efficiency Standards | G31: <5% | H31: 2021 | I31: 2025 | J31: 0.15 | K31: 21.5 | L31: =(1-IF(G31="<5%",0,G31))/(J31-IF(G31="<5%",0,G31))*K31 -> 143.33333 | M31: 2060
A32: 2020 | B32: 电缸驱动游梁式抽油机技术 | C32: 油气开采 | D32: =IFERROR(VLOOKUP(C32,'Sector & Policy Match'!$A$1:$B$42,2,0),"") -> oil and gas extraction 06 | E32: 重点用能设备及系统节能 | F32: =VLOOKUP(E32,'Sector & Policy Match'!$G$1:$H$8,2,0) -> Improvement in Eqpt Efficiency Standards | G32: <5% | H32: 2021 | I32: 2025 | J32: 0.1 | K32: 68 | L32: =(1-IF(G32="<5%",0,G32))/(J32-IF(G32="<5%",0,G32))*K32 -> 680 | M32: 2060
A33: 2020 | B33: 智能磁悬浮透平真空泵综合节能技术 | C33: 造纸 | D33: =IFERROR(VLOOKUP(C33,'Sector & Policy Match'!$A$1:$B$42,2,0),"") -> pulp paper and printing 17T18 | E33: 重点用能设备及系统节能 | F33: =VLOOKUP(E33,'Sector & Policy Match'!$G$1:$H$8,2,0) -> Improvement in Eqpt Efficiency Standards | G33: <5% | H33: 2021 | I33: 2025 | J33: 0.1 | K33: 53 | L33: =(1-IF(G33="<5%",0,G33))/(J33-IF(G33="<5%",0,G33))*K33 -> 530 | M33: 2060
A34: 2020 | B34: 超大型4段蓄热式高速燃烧技术 | C34: 工业锅炉 | D34: =IFERROR(VLOOKUP(C34,'Sector & Policy Match'!$A$1:$B$42,2,0),"") -> 工业锅炉 | E34: 重点用能设备及系统节能 | F34: =VLOOKUP(E34,'Sector & Policy Match'!$G$1:$H$8,2,0) -> Improvement in Eqpt Efficiency Standards | G34: 0.05 | H34: 2021 | I34: 2025 | J34: 0.15 | K34: 8.4 | L34: =(1-IF(G34="<5%",0,G34))/(J34-IF(G34="<5%",0,G34))*K34 -> 79.8 | M34: 2060
A35: 2020 | B35: 卧式油冷型永磁调速器技术 | C35: 电动机系统 | D35: =IFERROR(VLOOKUP(C35,'Sector & Policy Match'!$A$1:$B$42,2,0),"") -> 电动机系统 | E35: 重点用能设备及系统节能 | F35: =VLOOKUP(E35,'Sector & Policy Match'!$G$1:$H$8,2,0) -> Improvement in Eqpt Efficiency Standards | G35: 0.05 | H35: 2021 | I35: 2025 | J35: 0.23 | K35: 34 | L35: =(1-IF(G35="<5%",0,G35))/(J35-IF(G35="<5%",0,G35))*K35 -> 179.44444 | M35: 2060
A36: 2020 | B36: 电极锅炉设计技术开发及制造 | C36: 电力、热力生产 | D36: =IFERROR(VLOOKUP(C36,'Sector & Policy Match'!$A$1:$B$42,2,0),"") -> 电力、热力生产 | E36: 重点用能设备及系统节能 | F36: =VLOOKUP(E36,'Sector & Policy Match'!$G$1:$H$8,2,0) -> Improvement in Eqpt Efficiency Standards | G36: 0.05 | H36: 2021 | I36: 2025 | J36: 0.15 | K36: 39 | L36: =(1-IF(G36="<5%",0,G36))/(J36-IF(G36="<5%",0,G36))*K36 -> 370.5 | M36: 2060
A37: 2020 | B37: 汽轮机变工况运行改造节能技术 | C37: 油气开采 | D37: =IFERROR(VLOOKUP(C37,'Sector & Policy Match'!$A$1:$B$42,2,0),"") -> oil and gas extraction 06 | E37: 重点用能设备及系统节能 | F37: =VLOOKUP(E37,'Sector & Policy Match'!$G$1:$H$8,2,0) -> Improvement in Eqpt Efficiency Standards | G37: 0.1 | H37: 2021 | I37: 2025 | J37: 0.4 | K37: 40 | L37: =(1-IF(G37="<5%",0,G37))/(J37-IF(G37="<5%",0,G37))*K37 -> 120 | M37: 2060
A38: 2020 | B38: 循环水系统节能技术 | C38: 化工 | D38: =IFERROR(VLOOKUP(C38,'Sector & Policy Match'!$A$1:$B$42,2,0),"") -> chemicals 20 | E38: 重点用能设备及系统节能 | F38: =VLOOKUP(E38,'Sector & Policy Match'!$G$1:$H$8,2,0) -> Improvement in Eqpt Efficiency Standards | G38: 0.1 | H38: 2021 | I38: 2025 | J38: 0.2 | K38: 5.28 | L38: =(1-IF(G38="<5%",0,G38))/(J38-IF(G38="<5%",0,G38))*K38 -> 47.52 | M38: 2060
A39: 2020 | B39: 燃煤锅炉智能调载趋零积灰趋零结露深度节能技术 | C39: 工业锅炉 | D39: =IFERROR(VLOOKUP(C39,'Sector & Policy Match'!$A$1:$B$42,2,0),"") -> 工业锅炉 | E39: 重点用能设备及系统节能 | F39: =VLOOKUP(E39,'Sector & Policy Match'!$G$1:$H$8,2,0) -> Improvement in Eqpt Efficiency Standards | G39: 0.12 | H39: 2021 | I39: 2025 | J39: 0.5 | K39: 146 | L39: =(1-IF(G39="<5%",0,G39))/(J39-IF(G39="<5%",0,G39))*K39 -> 338.10526 | M39: 2060
A40: 2020 | B40: 低温空气源热泵供热技术 | C40: Bldgs | D40: =IFERROR(VLOOKUP(C40,'Sector & Policy Match'!$A$1:$B$42,2,0),"") | E40: 重点用能设备及系统节能 | F40: =VLOOKUP(E40,'Sector & Policy Match'!$G$1:$H$8,2,0) -> Improvement in Eqpt Efficiency Standards | G40: 0.15 | H40: 2021 | I40: 2025 | J40: 0.4 | K40: 9.8 | L40: =(1-IF(G40="<5%",0,G40))/(J40-IF(G40="<5%",0,G40))*K40 -> 33.32 | M40: 2060
A41: 2020 | B41: 园区型新能源微电网节能技术 | C41: 电力、热力生产 | D41: =IFERROR(VLOOKUP(C41,'Sector & Policy Match'!$A$1:$B$42,2,0),"") -> 电力、热力生产 | E41: 能源信息化 | F41: =VLOOKUP(E41,'Sector & Policy Match'!$G$1:$H$8,2,0) -> Installation and System Integration | G41: <5% | H41: 2021 | I41: 2025 | J41: 0.15 | K41: 187 | L41: =(1-IF(G41="<5%",0,G41))/(J41-IF(G41="<5%",0,G41))*K41 -> 1246.6667 | M41: 2060
A42: 2020 | B42: 基于大数据的船舶企业智慧能源管控信息系统 | C42: 船舶 | D42: =IFERROR(VLOOKUP(C42,'Sector & Policy Match'!$A$1:$B$42,2,0),"") -> nonroad vehicles 30 | E42: 能源信息化 | F42: =VLOOKUP(E42,'Sector & Policy Match'!$G$1:$H$8,2,0) -> Installation and System Integration | G42: <5% | H42: 2021 | I42: 2025 | J42: 0.15 | K42: 15 | L42: =(1-IF(G42="<5%",0,G42))/(J42-IF(G42="<5%",0,G42))*K42 -> 100 | M42: 2060
A43: 2020 | B43: 能效分析管理与诊断优化节能技术 | C43: 能源系统 | D43: =IFERROR(VLOOKUP(C43,'Sector & Policy Match'!$A$1:$B$42,2,0),"") -> 能源系统 | E43: 能源信息化 | F43: =VLOOKUP(E43,'Sector & Policy Match'!$G$1:$H$8,2,0) -> Installation and System Integration | G43: <5% | H43: 2021 | I43: 2025 | J43: 0.1 | K43: 15 | L43: =(1-IF(G43="<5%",0,G43))/(J43-IF(G43="<5%",0,G43))*K43 -> 150 | M43: 2060
A44: 2020 | B44: 工业企业综合能源管控平台 | C44: 能源系统 | D44: =IFERROR(VLOOKUP(C44,'Sector & Policy Match'!$A$1:$B$42,2,0),"") -> 能源系统 | E44: 能源信息化 | F44: =VLOOKUP(E44,'Sector & Policy Match'!$G$1:$H$8,2,0) -> Installation and System Integration | G44: <5% | H44: 2021 | I44: 2025 | J44: 0.1 | K44: 18 | L44: =(1-IF(G44="<5%",0,G44))/(J44-IF(G44="<5%",0,G44))*K44 -> 180 | M44: 2060
A45: 2020 | B45: 中央空调节能优化管理控制系统 | C45: 空调系统 | D45: =IFERROR(VLOOKUP(C45,'Sector & Policy Match'!$A$1:$B$42,2,0),"") -> 空调系统 | E45: 能源信息化 | F45: =VLOOKUP(E45,'Sector & Policy Match'!$G$1:$H$8,2,0) -> Installation and System Integration | G45: <5% | H45: 2021 | I45: 2025 | J45: 0.1 | K45: 15 | L45: =(1-IF(G45="<5%",0,G45))/(J45-IF(G45="<5%",0,G45))*K45 -> 150 | M45: 2060
A46: 2020 | B46: 工厂动力设备新型故障诊断及能源管理技术 | C46: 能源系统 | D46: =IFERROR(VLOOKUP(C46,'Sector & Policy Match'!$A$1:$B$42,2,0),"") -> 能源系统 | E46: 能源信息化 | F46: =VLOOKUP(E46,'Sector & Policy Match'!$G$1:$H$8,2,0) -> Installation and System Integration | G46: <5% | H46: 2021 | I46: 2025 | J46: 0.1 | K46: 5 | L46: =(1-IF(G46="<5%",0,G46))/(J46-IF(G46="<5%",0,G46))*K46 -> 50 | M46: 2060
A47: 2020 | B47: 能源消耗在线监测智慧管理平台 | C47: 能源系统 | D47: =IFERROR(VLOOKUP(C47,'Sector & Policy Match'!$A$1:$B$42,2,0),"") -> 能源系统 | E47: 能源信息化 | F47: =VLOOKUP(E47,'Sector & Policy Match'!$G$1:$H$8,2,0) -> Installation and System Integration | G47: <5% | H47: 2021 | I47: 2025 | J47: 0.1 | K47: 6.7 | L47: =(1-IF(G47="<5%",0,G47))/(J47-IF(G47="<5%",0,G47))*K47 -> 67 | M47: 2060
A48: 2020 | B48: 钢铁企业智慧能源管控系统 | C48: 钢铁 | D48: =IFERROR(VLOOKUP(C48,'Sector & Policy Match'!$A$1:$B$42,2,0),"") -> iron and steel 241 | E48: 能源信息化 | F48: =VLOOKUP(E48,'Sector & Policy Match'!$G$1:$H$8,2,0) -> Installation and System Integration | G48: <5% | H48: 2021 | I48: 2025 | J48: 0.15 | K48: 41 | L48: =(1-IF(G48="<5%",0,G48))/(J48-IF(G48="<5%",0,G48))*K48 -> 273.33333 | M48: 2060
A49: 2020 | B49: 园区多能互补微网系统技术 | C49: 能源系统 | D49: =IFERROR(VLOOKUP(C49,'Sector & Policy Match'!$A$1:$B$42,2,0),"") -> 能源系统 | E49: 能源信息化 | F49: =VLOOKUP(E49,'Sector & Policy Match'!$G$1:$H$8,2,0) -> Installation and System Integration | G49: 0.05 | H49: 2021 | I49: 2025 | J49: 0.25 | K49: 10 | L49: =(1-IF(G49="<5%",0,G49))/(J49-IF(G49="<5%",0,G49))*K49 -> 47.5 | M49: 2060
A50: 2020 | B50: 能耗数据采集及能效分析关键技术 | C50: 能源系统 | D50: =IFERROR(VLOOKUP(C50,'Sector & Policy Match'!$A$1:$B$42,2,0),"") -> 能源系统 | E50: 能源信息化 | F50: =VLOOKUP(E50,'Sector & Policy Match'!$G$1:$H$8,2,0) -> Installation and System Integration | G50: 0.05 | H50: 2021 | I50: 2025 | J50: 0.2 | K50: 16 | L50: =(1-IF(G50="<5%",0,G50))/(J50-IF(G50="<5%",0,G50))*K50 -> 101.33333 | M50: 2060
A51: 2020 | B51: 企业能源可视化管理系统 | C51: 能源系统 | D51: =IFERROR(VLOOKUP(C51,'Sector & Policy Match'!$A$1:$B$42,2,0),"") -> 能源系统 | E51: 能源信息化 | F51: =VLOOKUP(E51,'Sector & Policy Match'!$G$1:$H$8,2,0) -> Installation and System Integration | G51: 0.05 | H51: 2021 | I51: 2025 | J51: 0.1 | K51: 14 | L51: =(1-IF(G51="<5%",0,G51))/(J51-IF(G51="<5%",0,G51))*K51 -> 266 | M51: 2060
A52: 2020 | B52: 基于工业互联网钢铁企业智慧能源管控系统 | C52: 钢铁 | D52: =IFERROR(VLOOKUP(C52,'Sector & Policy Match'!$A$1:$B$42,2,0),"") -> iron and steel 241 | E52: 能源信息化 | F52: =VLOOKUP(E52,'Sector & Policy Match'!$G$1:$H$8,2,0) -> Installation and System Integration | G52: 0.1 | H52: 2021 | I52: 2025 | J52: 0.3 | K52: 18 | L52: =(1-IF(G52="<5%",0,G52))/(J52-IF(G52="<5%",0,G52))*K52 -> 81 | M52: 2060
A53: 2020 | B53: 磁悬浮中央空调机房节能改造技术 | C53: 空调系统 | D53: =IFERROR(VLOOKUP(C53,'Sector & Policy Match'!$A$1:$B$42,2,0),"") -> 空调系统 | E53: 能源信息化 | F53: =VLOOKUP(E53,'Sector & Policy Match'!$G$1:$H$8,2,0) -> Installation and System Integration | G53: 0.15 | H53: 2021 | I53: 2025 | J53: 0.3 | K53: 44 | L53: =(1-IF(G53="<5%",0,G53))/(J53-IF(G53="<5%",0,G53))*K53 -> 249.33333 | M53: 2060
A54: 2020 | B54: 退役电池梯次利用储能系统 | C54: 电力、热力生产 | D54: =IFERROR(VLOOKUP(C54,'Sector & Policy Match'!$A$1:$B$42,2,0),"") -> 电力、热力生产 | E54: 能源信息化 | F54: =VLOOKUP(E54,'Sector & Policy Match'!$G$1:$H$8,2,0) -> Installation and System Integration | G54: 0.2 | H54: 2021 | I54: 2025 | J54: 0.4 | K54: 24 | L54: =(1-IF(G54="<5%",0,G54))/(J54-IF(G54="<5%",0,G54))*K54 -> 96 | M54: 2060
A55: 2020 | B55: 铜包铝芯节能环保电力电缆 | C55: 电力、热力生产 | D55: =IFERROR(VLOOKUP(C55,'Sector & Policy Match'!$A$1:$B$42,2,0),"") -> 电力、热力生产 | E55: 能源信息化 | F55: =VLOOKUP(E55,'Sector & Policy Match'!$G$1:$H$8,2,0) -> Installation and System Integration | G55: <5% | H55: 2021 | I55: 2025 | J55: 0.1 | K55: 42 | L55: =(1-IF(G55="<5%",0,G55))/(J55-IF(G55="<5%",0,G55))*K55 -> 420 | M55: 2060
A56: 2020 | B56: 高效节能等离子织物前处理技术 | C56: 纺织 | D56: =IFERROR(VLOOKUP(C56,'Sector & Policy Match'!$A$1:$B$42,2,0),"") -> textiles apparel and leather 13T15 | E56: 能源信息化 | F56: =VLOOKUP(E56,'Sector & Policy Match'!$G$1:$H$8,2,0) -> Installation and System Integration | G56: <5% | H56: 2021 | I56: 2025 | J56: 0.1 | K56: 7.7 | L56: =(1-IF(G56="<5%",0,G56))/(J56-IF(G56="<5%",0,G56))*K56 -> 77 | M56: 2060
A57: 2020 | B57: 介孔绝热材料节能技术及应用 | D57: =IFERROR(VLOOKUP(C57,'Sector & Policy Match'!$A$1:$B$42,2,0),"") | E57: 能源信息化 | F57: =VLOOKUP(E57,'Sector & Policy Match'!$G$1:$H$8,2,0) -> Installation and System Integration | G57: <5% | H57: 2021 | I57: 2025 | J57: 0.15 | K57: 28 | L57: =(1-IF(G57="<5%",0,G57))/(J57-IF(G57="<5%",0,G57))*K57 -> 186.66667 | M57: 2060
A58: 2020 | B58: 双源热泵废热梯级利用技术 | C58: 电力、热力生产 | D58: =IFERROR(VLOOKUP(C58,'Sector & Policy Match'!$A$1:$B$42,2,0),"") -> 电力、热力生产 | E58: 能源信息化 | F58: =VLOOKUP(E58,'Sector & Policy Match'!$G$1:$H$8,2,0) -> Installation and System Integration | G58: <5% | H58: 2021 | I58: 2025 | J58: 0.1 | K58: 9 | L58: =(1-IF(G58="<5%",0,G58))/(J58-IF(G58="<5%",0,G58))*K58 -> 90 | M58: 2060
A59: 2020 | B59: 新钠灯照明节能技术 | C59: 户外照明 | D59: =IFERROR(VLOOKUP(C59,'Sector & Policy Match'!$A$1:$B$42,2,0),"") -> bldgs | E59: 能源信息化 | F59: =VLOOKUP(E59,'Sector & Policy Match'!$G$1:$H$8,2,0) -> Installation and System Integration | G59: <5% | H59: 2021 | I59: 2025 | J59: 0.2 | K59: 33.3 | L59: =(1-IF(G59="<5%",0,G59))/(J59-IF(G59="<5%",0,G59))*K59 -> 166.5 | M59: 2060
A60: 2020 | B60: 城轨永磁牵引系统 | C60: 轨道交通 | D60: =IFERROR(VLOOKUP(C60,'Sector & Policy Match'!$A$1:$B$42,2,0),"") -> trans | E60: 能源信息化 | F60: =VLOOKUP(E60,'Sector & Policy Match'!$G$1:$H$8,2,0) -> Installation and System Integration | G60: 0.05 | H60: 2021 | I60: 2025 | J60: 0.3 | K60: 20 | L60: =(1-IF(G60="<5%",0,G60))/(J60-IF(G60="<5%",0,G60))*K60 -> 76 | M60: 2060
A61: 2020 | B61: 地铁再生制动能量回馈关键技术与应用 | C61: 轨道交通 | D61: =IFERROR(VLOOKUP(C61,'Sector & Policy Match'!$A$1:$B$42,2,0),"") -> trans | E61: 能源信息化 | F61: =VLOOKUP(E61,'Sector & Policy Match'!$G$1:$H$8,2,0) -> Installation and System Integration | G61: 0.1 | H61: 2021 | I61: 2025 | J61: 0.2 | K61: 8.9 | L61: =(1-IF(G61="<5%",0,G61))/(J61-IF(G61="<5%",0,G61))*K61 -> 80.1 | M61: 2060
A62: 2020 | B62: 板管蒸发冷却式空调制冷技术 | C62: 空调系统 | D62: =IFERROR(VLOOKUP(C62,'Sector & Policy Match'!$A$1:$B$42,2,0),"") -> 空调系统 | E62: 能源信息化 | F62: =VLOOKUP(E62,'Sector & Policy Match'!$G$1:$H$8,2,0) -> Installation and System Integration | G62: 0.2 | H62: 2021 | I62: 2025 | J62: 0.5 | K62: 8.5 | L62: =(1-IF(G62="<5%",0,G62))/(J62-IF(G62="<5%",0,G62))*K62 -> 22.666667 | M62: 2060
A63: 2021 | B63: 转臂式液密封环冷机 | C63: 钢铁 | D63: =IFERROR(VLOOKUP(C63,'Sector & Policy Match'!$A$1:$B$42,2,0),"") -> iron and steel 241 | E63: 流程工业节能 | F63: =VLOOKUP(E63,'Sector & Policy Match'!$G$1:$H$8,2,0) -> Early Facility Retirement | G63: 0.2 | H63: 2022 | I63: 2024 | J63: 0.6 | K63: 81.8 | L63: =(1-IF(G63="<5%",0,G63))/(J63-IF(G63="<5%",0,G63))*K63 -> 163.6 | M63: 2060
A64: 2021 | B64: DP系列废钢预热连续加料输送成套设备 | C64: 钢铁 | D64: =IFERROR(VLOOKUP(C64,'Sector & Policy Match'!$A$1:$B$42,2,0),"") -> iron and steel 241 | E64: 流程工业节能 | F64: =VLOOKUP(E64,'Sector & Policy Match'!$G$1:$H$8,2,0) -> Early Facility Retirement | G64: 0.2 | H64: 2022 | I64: 2024 | J64: 0.3 | K64: 175 | L64: =(1-IF(G64="<5%",0,G64))/(J64-IF(G64="<5%",0,G64))*K64 -> 1400 | M64: 2060
A65: 2021 | B65: 高温工业窑炉红外节能涂料技术 | C65: 钢铁 | D65: =IFERROR(VLOOKUP(C65,'Sector & Policy Match'!$A$1:$B$42,2,0),"") -> iron and steel 241 | E65: 流程工业节能 | F65: =VLOOKUP(E65,'Sector & Policy Match'!$G$1:$H$8,2,0) -> Early Facility Retirement | G65: ≤1% | H65: 2022 | I65: 2024 | J65: 0.05 | K65: 149.4 | L65: =(1-IF(G65="≤1%",0,G65))/(J65-IF(G65="≤1%",0,G65))*K65 -> 2988 | M65: 2060
A66: 2021 | B66: 600kA级超大容量铝电解槽技术 | C66: 有色金属 | D66: =IFERROR(VLOOKUP(C66,'Sector & Policy Match'!$A$1:$B$42,2,0),"") -> other metals 242 | E66: 流程工业节能 | F66: =VLOOKUP(E66,'Sector & Policy Match'!$G$1:$H$8,2,0) -> Early Facility Retirement | G66: 0.09 | H66: 2022 | I66: 2024 | J66: 0.15 | K66: 44.58 | L66: =(1-IF(G66="≤1%",0,G66))/(J66-IF(G66="≤1%",0,G66))*K66 -> 676.13 | M66: 2060
A67: 2021 | B67: 铝电解槽智能打壳系统 | C67: 有色金属 | D67: =IFERROR(VLOOKUP(C67,'Sector & Policy Match'!$A$1:$B$42,2,0),"") -> other metals 242 | E67: 流程工业节能 | F67: =VLOOKUP(E67,'Sector & Policy Match'!$G$1:$H$8,2,0) -> Early Facility Retirement | G67: ≤1% | H67: 2022 | I67: 2024 | J67: 0.0885 | K67: 8.85 | L67: =(1-IF(G67="≤1%",0,G67))/(J67-IF(G67="≤1%",0,G67))*K67 -> 100 | M67: 2060
A68: 2021 | B68: 建筑陶瓷新型多层干燥器与宽体辊道窑成套节能技术装备 | C68: 建材 | D68: =IFERROR(VLOOKUP(C68,'Sector & Policy Match'!$A$1:$B$42,2,0),"") -> cement and other nonmetallic minerals 239 | E68: 流程工业节能 | F68: =VLOOKUP(E68,'Sector & Policy Match'!$G$1:$H$8,2,0) -> Early Facility Retirement | G68: ≤1% | H68: 2022 | I68: 2024 | J68: 0.119 | K68: 11.51 | L68: =(1-IF(G68="≤1%",0,G68))/(J68-IF(G68="≤1%",0,G68))*K68 -> 96.722689 | M68: 2060
A69: 2021 | B69: 水泥窑用系列低导热莫来石砖 | C69: 建材 | D69: =IFERROR(VLOOKUP(C69,'Sector & Policy Match'!$A$1:$B$42,2,0),"") -> cement and other nonmetallic minerals 239 | E69: 流程工业节能 | F69: =VLOOKUP(E69,'Sector & Policy Match'!$G$1:$H$8,2,0) -> Early Facility Retirement | G69: ≤1% | H69: 2022 | I69: 2024 | J69: 0.05 | K69: 1.5 | L69: =(1-IF(G69="≤1%",0,G69))/(J69-IF(G69="≤1%",0,G69))*K69 -> 30 | M69: 2060
A70: 2021 | B70: 三效溶剂回收节能蒸馏技术 | C70: 化工 | D70: =IFERROR(VLOOKUP(C70,'Sector & Policy Match'!$A$1:$B$42,2,0),"") -> chemicals 20 | E70: 流程工业节能 | F70: =VLOOKUP(E70,'Sector & Policy Match'!$G$1:$H$8,2,0) -> Early Facility Retirement | G70: 0.45 | H70: 2022 | I70: 2024 | J70: 0.6 | K70: 305 | L70: =(1-IF(G70="≤1%",0,G70))/(J70-IF(G70="≤1%",0,G70))*K70 -> 1118.3333 | M70: 2060
A71: 2021 | B71: 用于制取优级糠醛的节能蒸馏技术 | C71: 化工 | D71: =IFERROR(VLOOKUP(C71,'Sector & Policy Match'!$A$1:$B$42,2,0),"") -> chemicals 20 | E71: 流程工业节能 | F71: =VLOOKUP(E71,'Sector & Policy Match'!$G$1:$H$8,2,0) -> Early Facility Retirement | G71: 0.16 | H71: 2022 | I71: 2024 | J71: 0.37 | K71: 10 | L71: =(1-IF(G71="≤1%",0,G71))/(J71-IF(G71="≤1%",0,G71))*K71 -> 40 | M71: 2060
A72: 2021 | B72: 无水酒精回收塔节能装置的研发技术 | C72: 化工 | D72: =IFERROR(VLOOKUP(C72,'Sector & Policy Match'!$A$1:$B$42,2,0),"") -> chemicals 20 | E72: 流程工业节能 | F72: =VLOOKUP(E72,'Sector & Policy Match'!$G$1:$H$8,2,0) -> Early Facility Retirement | G72: 0.2 | H72: 2022 | I72: 2024 | J72: 0.4 | K72: 11.8 | L72: =(1-IF(G72="≤1%",0,G72))/(J72-IF(G72="≤1%",0,G72))*K72 -> 47.2 | M72: 2060
A73: 2021 | B73: 硫酸铜三效混流真空蒸发技术 | C73: 化工 | D73: =IFERROR(VLOOKUP(C73,'Sector & Policy Match'!$A$1:$B$42,2,0),"") -> chemicals 20 | E73: 流程工业节能 | F73: =VLOOKUP(E73,'Sector & Policy Match'!$G$1:$H$8,2,0) -> Early Facility Retirement | G73: ≤1% | H73: 2022 | I73: 2024 | J73: 0.05 | K73: 1.3 | L73: =(1-IF(G73="≤1%",0,G73))/(J73-IF(G73="≤1%",0,G73))*K73 -> 26 | M73: 2060
A74: 2021 | B74: 模块化梯级回热式清洁燃煤气化技术（MCREG) | C74: 石化 | D74: =IFERROR(VLOOKUP(C74,'Sector & Policy Match'!$A$1:$B$42,2,0),"") -> refined petroleum and coke 19 | E74: 流程工业节能 | F74: =VLOOKUP(E74,'Sector & Policy Match'!$G$1:$H$8,2,0) -> Early Facility Retirement | G74: 0.2 | H74: 2022 | I74: 2024 | J74: 0.3 | K74: 260 | L74: =(1-IF(G74="≤1%",0,G74))/(J74-IF(G74="≤1%",0,G74))*K74 -> 2080 | M74: 2060
A75: 2021 | B75: 自支撑纵向流无折流板管壳式换热器 | C75: 化工 | D75: =IFERROR(VLOOKUP(C75,'Sector & Policy Match'!$A$1:$B$42,2,0),"") -> chemicals 20 | E75: 流程工业节能 | F75: =VLOOKUP(E75,'Sector & Policy Match'!$G$1:$H$8,2,0) -> Early Facility Retirement | G75: ≤1% | H75: 2022 | I75: 2024 | J75: 0.02 | K75: 0.62 | L75: =(1-IF(G75="≤1%",0,G75))/(J75-IF(G75="≤1%",0,G75))*K75 -> 31 | M75: 2060
A76: 2021 | B76: 新型三维整体隐形翅片管换热器 | C76: 化工 | D76: =IFERROR(VLOOKUP(C76,'Sector & Policy Match'!$A$1:$B$42,2,0),"") -> chemicals 20 | E76: 流程工业节能 | F76: =VLOOKUP(E76,'Sector & Policy Match'!$G$1:$H$8,2,0) -> Early Facility Retirement | G76: 0.01 | H76: 2022 | I76: 2024 | J76: 0.05 | K76: 20 | L76: =(1-IF(G76="≤1%",0,G76))/(J76-IF(G76="≤1%",0,G76))*K76 -> 495 | M76: 2060
A77: 2021 | B77: 高效节能熔炼技术 | C77: 化工 | D77: =IFERROR(VLOOKUP(C77,'Sector & Policy Match'!$A$1:$B$42,2,0),"") -> chemicals 20 | E77: 流程工业节能 | F77: =VLOOKUP(E77,'Sector & Policy Match'!$G$1:$H$8,2,0) -> Early Facility Retirement | G77: 0.02 | H77: 2022 | I77: 2024 | J77: 0.1 | K77: 13.53 | L77: =(1-IF(G77="≤1%",0,G77))/(J77-IF(G77="≤1%",0,G77))*K77 -> 165.7425 | M77: 2060
A78: 2021 | B78: 石墨烯机油添加剂 | C78: 石化 | D78: =IFERROR(VLOOKUP(C78,'Sector & Policy Match'!$A$1:$B$42,2,0),"") -> refined petroleum and coke 19 | E78: 流程工业节能 | F78: =VLOOKUP(E78,'Sector & Policy Match'!$G$1:$H$8,2,0) -> Early Facility Retirement | G78: ≤1% | H78: 2022 | I78: 2024 | J78: 0.05 | K78: 5 | L78: =(1-IF(G78="≤1%",0,G78))/(J78-IF(G78="≤1%",0,G78))*K78 -> 100 | M78: 2060
A79: 2021 | B79: 改性活性炭吸附、贫油吸收组合油气回收工艺技术 | C79: 石化 | D79: =IFERROR(VLOOKUP(C79,'Sector & Policy Match'!$A$1:$B$42,2,0),"") -> refined petroleum and coke 19 | E79: 流程工业节能 | F79: =VLOOKUP(E79,'Sector & Policy Match'!$G$1:$H$8,2,0) -> Early Facility Retirement | G79: 0.02 | H79: 2022 | I79: 2024 | J79: 0.15 | K79: 98 | L79: =(1-IF(G79="≤1%",0,G79))/(J79-IF(G79="≤1%",0,G79))*K79 -> 738.76923 | M79: 2060
A80: 2021 | B80: 36万吨/年高效宽工况硝酸四合一机组技术 | C80: 化工 | D80: =IFERROR(VLOOKUP(C80,'Sector & Policy Match'!$A$1:$B$42,2,0),"") -> chemicals 20 | E80: 流程工业节能 | F80: =VLOOKUP(E80,'Sector & Policy Match'!$G$1:$H$8,2,0) -> Early Facility Retirement | G80: 0.5 | H80: 2022 | I80: 2024 | J80: 0.8 | K80: 31.3 | L80: =(1-IF(G80="≤1%",0,G80))/(J80-IF(G80="≤1%",0,G80))*K80 -> 52.166667 | M80: 2060
A81: 2021 | B81: 流程工艺风机及系统管网优化节能技术 | C81: 风机系统 | D81: =IFERROR(VLOOKUP(C81,'Sector & Policy Match'!$A$1:$B$42,2,0),"") -> 风机系统 | E81: 重点用能设备及系统节能 | F81: =VLOOKUP(E81,'Sector & Policy Match'!$G$1:$H$8,2,0) -> Improvement in Eqpt Efficiency Standards | G81: ≤1% | H81: 2022 | I81: 2024 | J81: 0.2 | K81: 60 | L81: =(1-IF(G81="≤1%",0,G81))/(J81-IF(G81="≤1%",0,G81))*K81 -> 300 | M81: 2060
A82: 2021 | B82: 工业用永磁辅助磁阻同步电机技术 | C82: 电动机系统 | D82: =IFERROR(VLOOKUP(C82,'Sector & Policy Match'!$A$1:$B$42,2,0),"") -> 电动机系统 | E82: 重点用能设备及系统节能 | F82: =VLOOKUP(E82,'Sector & Policy Match'!$G$1:$H$8,2,0) -> Improvement in Eqpt Efficiency Standards | G82: ≤1% | H82: 2022 | I82: 2024 | J82: 0.3 | K82: 2.6 | L82: =(1-IF(G82="≤1%",0,G82))/(J82-IF(G82="≤1%",0,G82))*K82 -> 8.6666667 | M82: 2060
A83: 2021 | B83: 特大型高炉鼓风高效节能装置技术 | C83: 钢铁 | D83: =IFERROR(VLOOKUP(C83,'Sector & Policy Match'!$A$1:$B$42,2,0),"") -> iron and steel 241 | E83: 重点用能设备及系统节能 | F83: =VLOOKUP(E83,'Sector & Policy Match'!$G$1:$H$8,2,0) -> Improvement in Eqpt Efficiency Standards | G83: 0.5 | H83: 2022 | I83: 2024 | J83: 0.8 | K83: 49.6 | L83: =(1-IF(G83="≤1%",0,G83))/(J83-IF(G83="≤1%",0,G83))*K83 -> 82.666667 | M83: 2060
A84: 2021 | B84: 高效低碳微通道换热器技术 | C84: 空调系统 | D84: =IFERROR(VLOOKUP(C84,'Sector & Policy Match'!$A$1:$B$42,2,0),"") -> 空调系统 | E84: 重点用能设备及系统节能 | F84: =VLOOKUP(E84,'Sector & Policy Match'!$G$1:$H$8,2,0) -> Improvement in Eqpt Efficiency Standards | G84: 0.035 | H84: 2022 | I84: 2024 | J84: 0.066 | K84: 85.25 | L84: =(1-IF(G84="≤1%",0,G84))/(J84-IF(G84="≤1%",0,G84))*K84 -> 2653.75 | M84: 2060
A85: 2021 | B85: 等离子体点火及稳燃技术 | C85: 电力、热力生产 | D85: =IFERROR(VLOOKUP(C85,'Sector & Policy Match'!$A$1:$B$42,2,0),"") -> 电力、热力生产 | E85: 重点用能设备及系统节能 | F85: =VLOOKUP(E85,'Sector & Policy Match'!$G$1:$H$8,2,0) -> Improvement in Eqpt Efficiency Standards | G85: 0.3 | H85: 2022 | I85: 2024 | J85: 0.45 | K85: 60 | L85: =(1-IF(G85="≤1%",0,G85))/(J85-IF(G85="≤1%",0,G85))*K85 -> 280 | M85: 2060
A86: 2021 | B86: 高效动压气悬浮离心压缩机关键技术 | C86: 压缩空气系统 | D86: =IFERROR(VLOOKUP(C86,'Sector & Policy Match'!$A$1:$B$42,2,0),"") -> 压缩空气系统 | E86: 重点用能设备及系统节能 | F86: =VLOOKUP(E86,'Sector & Policy Match'!$G$1:$H$8,2,0) -> Improvement in Eqpt Efficiency Standards | G86: ≤1% | H86: 2022 | I86: 2024 | J86: 0.045 | K86: 5.4 | L86: =(1-IF(G86="≤1%",0,G86))/(J86-IF(G86="≤1%",0,G86))*K86 -> 120 | M86: 2060
A87: 2021 | B87: 跨临界CO2热泵的并行复合循环关键技术 | C87: 热泵系统 | D87: =IFERROR(VLOOKUP(C87,'Sector & Policy Match'!$A$1:$B$42,2,0),"") -> bldgs | E87: 重点用能设备及系统节能 | F87: =VLOOKUP(E87,'Sector & Policy Match'!$G$1:$H$8,2,0) -> Improvement in Eqpt Efficiency Standards | G87: ≤1% | H87: 2022 | I87: 2024 | J87: 0.2 | K87: 6.8 | L87: =(1-IF(G87="≤1%",0,G87))/(J87-IF(G87="≤1%",0,G87))*K87 -> 34 | M87: 2060
A88: 2021 | B88: 节能高效多级小焓降冲动式汽轮机 | C88: 汽轮机 | D88: =IFERROR(VLOOKUP(C88,'Sector & Policy Match'!$A$1:$B$42,2,0),"") -> 汽轮机 | E88: 重点用能设备及系统节能 | F88: =VLOOKUP(E88,'Sector & Policy Match'!$G$1:$H$8,2,0) -> Improvement in Eqpt Efficiency Standards | G88: 0.08 | H88: 2022 | I88: 2024 | J88: 0.18 | K88: 4.29 | L88: =(1-IF(G88="≤1%",0,G88))/(J88-IF(G88="≤1%",0,G88))*K88 -> 39.468 | M88: 2060
A89: 2021 | B89: 有机郎肯循环（ORC）发电技术 | C89: 船舶 | D89: =IFERROR(VLOOKUP(C89,'Sector & Policy Match'!$A$1:$B$42,2,0),"") -> nonroad vehicles 30 | E89: 重点用能设备及系统节能 | F89: =VLOOKUP(E89,'Sector & Policy Match'!$G$1:$H$8,2,0) -> Improvement in Eqpt Efficiency Standards | G89: ≤1% | H89: 2022 | I89: 2024 | J89: 0.05 | K89: 3.2 | L89: =(1-IF(G89="≤1%",0,G89))/(J89-IF(G89="≤1%",0,G89))*K89 -> 64 | M89: 2060
A90: 2021 | B90: 开关磁阻电机驱动系统 | C90: 电动机系统 | D90: =IFERROR(VLOOKUP(C90,'Sector & Policy Match'!$A$1:$B$42,2,0),"") -> 电动机系统 | E90: 重点用能设备及系统节能 | F90: =VLOOKUP(E90,'Sector & Policy Match'!$G$1:$H$8,2,0) -> Improvement in Eqpt Efficiency Standards | G90: 0.2 | H90: 2022 | I90: 2024 | J90: 0.3 | K90: 7.04 | L90: =(1-IF(G90="≤1%",0,G90))/(J90-IF(G90="≤1%",0,G90))*K90 -> 56.32 | M90: 2060
A91: 2021 | B91: 纯方波永磁无刷电机及驱动器节能技术 | C91: 电动机系统 | D91: =IFERROR(VLOOKUP(C91,'Sector & Policy Match'!$A$1:$B$42,2,0),"") -> 电动机系统 | E91: 重点用能设备及系统节能 | F91: =VLOOKUP(E91,'Sector & Policy Match'!$G$1:$H$8,2,0) -> Improvement in Eqpt Efficiency Standards | G91: 0.01 | H91: 2022 | I91: 2024 | J91: 0.05 | K91: 1.24 | L91: =(1-IF(G91="≤1%",0,G91))/(J91-IF(G91="≤1%",0,G91))*K91 -> 30.69 | M91: 2060
A92: 2021 | B92: 先导式气力物料运输系统 | C92: 燃气生产和供应业 | D92: =IFERROR(VLOOKUP(C92,'Sector & Policy Match'!$A$1:$B$42,2,0),"") -> energy pipelines and gas processing 352T353 | E92: 重点用能设备及系统节能 | F92: =VLOOKUP(E92,'Sector & Policy Match'!$G$1:$H$8,2,0) -> Improvement in Eqpt Efficiency Standards | G92: 0.01 | H92: 2022 | I92: 2024 | J92: 0.3 | K92: 44.64 | L92: =(1-IF(G92="≤1%",0,G92))/(J92-IF(G92="≤1%",0,G92))*K92 -> 152.39172 | M92: 2060
A93: 2021 | B93: 永磁电机内装式矿井提升机 | C93: 煤炭开采 | D93: =IFERROR(VLOOKUP(C93,'Sector & Policy Match'!$A$1:$B$42,2,0),"") -> coal mining 05 | E93: 重点用能设备及系统节能 | F93: =VLOOKUP(E93,'Sector & Policy Match'!$G$1:$H$8,2,0) -> Improvement in Eqpt Efficiency Standards | G93: 0.01 | H93: 2022 | I93: 2024 | J93: 0.05 | K93: 6.1 | L93: =(1-IF(G93="≤1%",0,G93))/(J93-IF(G93="≤1%",0,G93))*K93 -> 150.975 | M93: 2060
A94: 2021 | B94: 卧式油冷型永磁调速器 | C94: 电动机系统 | D94: =IFERROR(VLOOKUP(C94,'Sector & Policy Match'!$A$1:$B$42,2,0),"") -> 电动机系统 | E94: 重点用能设备及系统节能 | F94: =VLOOKUP(E94,'Sector & Policy Match'!$G$1:$H$8,2,0) -> Improvement in Eqpt Efficiency Standards | G94: 0.2 | H94: 2022 | I94: 2024 | J94: 0.3 | K94: 260 | L94: =(1-IF(G94="≤1%",0,G94))/(J94-IF(G94="≤1%",0,G94))*K94 -> 2080 | M94: 2060
A95: 2021 | B95: 新型热源塔热泵系统 | C95: 热泵系统 | D95: =IFERROR(VLOOKUP(C95,'Sector & Policy Match'!$A$1:$B$42,2,0),"") -> bldgs | E95: 重点用能设备及系统节能 | F95: =VLOOKUP(E95,'Sector & Policy Match'!$G$1:$H$8,2,0) -> Improvement in Eqpt Efficiency Standards | G95: ≤1% | H95: 2022 | I95: 2024 | J95: 0.1 | K95: 0.68 | L95: =(1-IF(G95="≤1%",0,G95))/(J95-IF(G95="≤1%",0,G95))*K95 -> 6.8 | M95: 2060
A96: 2021 | B96: 永磁伺服电机节能动力系统 | C96: 电动机系统 | D96: =IFERROR(VLOOKUP(C96,'Sector & Policy Match'!$A$1:$B$42,2,0),"") -> 电动机系统 | E96: 重点用能设备及系统节能 | F96: =VLOOKUP(E96,'Sector & Policy Match'!$G$1:$H$8,2,0) -> Improvement in Eqpt Efficiency Standards | G96: 0.1 | H96: 2022 | I96: 2024 | J96: 0.25 | K96: 11.8 | L96: =(1-IF(G96="≤1%",0,G96))/(J96-IF(G96="≤1%",0,G96))*K96 -> 70.8 | M96: 2060
A97: 2021 | B97: 柴油机电力测功系统电力回馈技术 | C97: 船舶内燃机 | D97: =IFERROR(VLOOKUP(C97,'Sector & Policy Match'!$A$1:$B$42,2,0),"") -> trans | E97: 重点用能设备及系统节能 | F97: =VLOOKUP(E97,'Sector & Policy Match'!$G$1:$H$8,2,0) -> Improvement in Eqpt Efficiency Standards | G97: ≤1% | H97: 2022 | I97: 2024 | J97: 0.1 | K97: 3.58 | L97: =(1-IF(G97="≤1%",0,G97))/(J97-IF(G97="≤1%",0,G97))*K97 -> 35.8 | M97: 2060
A98: 2021 | B98: 全预混冷凝燃气热水锅炉 | C98: 工业锅炉 | D98: =IFERROR(VLOOKUP(C98,'Sector & Policy Match'!$A$1:$B$42,2,0),"") -> 工业锅炉 | E98: 重点用能设备及系统节能 | F98: =VLOOKUP(E98,'Sector & Policy Match'!$G$1:$H$8,2,0) -> Improvement in Eqpt Efficiency Standards | G98: 0.15 | H98: 2022 | I98: 2024 | J98: 0.3 | K98: 1.94 | L98: =(1-IF(G98="≤1%",0,G98))/(J98-IF(G98="≤1%",0,G98))*K98 -> 10.993333 | M98: 2060
A99: 2021 | B99: 大型制冷机组高效节能环境模拟和检测技术 | C99: 空调系统 | D99: =IFERROR(VLOOKUP(C99,'Sector & Policy Match'!$A$1:$B$42,2,0),"") -> 空调系统 | E99: 重点用能设备及系统节能 | F99: =VLOOKUP(E99,'Sector & Policy Match'!$G$1:$H$8,2,0) -> Improvement in Eqpt Efficiency Standards | G99: 0.1 | H99: 2022 | I99: 2024 | J99: 0.3 | K99: 7.2 | L99: =(1-IF(G99="≤1%",0,G99))/(J99-IF(G99="≤1%",0,G99))*K99 -> 32.4 | M99: 2060
A100: 2021 | B100: 黑体强化辐射传热节能技术 | C100: 工业炉窑 | D100: =IFERROR(VLOOKUP(C100,'Sector & Policy Match'!$A$1:$B$42,2,0),"") -> 工业炉窑 | E100: 重点用能设备及系统节能 | F100: =VLOOKUP(E100,'Sector & Policy Match'!$G$1:$H$8,2,0) -> Improvement in Eqpt Efficiency Standards | G100: 0.15 | H100: 2022 | I100: 2024 | J100: 0.25 | K100: 12.5 | L100: =(1-IF(G100="≤1%",0,G100))/(J100-IF(G100="≤1%",0,G100))*K100 -> 106.25 | M100: 2060
...

Sheet 用能设备节能分配
A1: 发布时间 | B1: 重点用能设备 | C1: EPS政策 | D1: 推广期的节能能力 (万tce/a) | E1: 100%推广的节能能力 (万tce/a) | G1: 重点用能设备 | H1: 适用范围 | I1: EPS行业 | J1: BIFUbC 2022 | K1: 占比 | M1: 发布时间 | N1: 重点用能设备 | O1: EPS行业 | P1: EPS政策 | Q1: 推广期的节能能力 (万tce/a) | R1: 100%推广的节能能力 (万tce/a)
A2: 2020 | B2: 工业锅炉 | C2: Early Facility Retirement | D2: =SUMIFS(工业节能技术装备推荐目录!K:K,工业节能技术装备推荐目录!C:C,用能设备节能分配!B2,工业节能技术装备推荐目录!F:F,用能设备节能分配!C2,工业节能技术装备推荐目录!A:A,用能设备节能分配!A2) -> 36 | E2: =SUMIFS(工业节能技术装备推荐目录!L:L,工业节能技术装备推荐目录!C:C,用能设备节能分配!B2,工业节能技术装备推荐目录!F:F,用能设备节能分配!C2,工业节能技术装备推荐目录!A:A,用能设备节能分配!A2) -> 153 | G2: 工业锅炉 | H2: 电力、热力生产 | I2: =VLOOKUP(H2,'Sector & Policy Match'!$A$1:$B$42,2,0) -> 电力、热力生产 | J2: =IFERROR(VLOOKUP(I2,BIFUbC!$A$1:$B$27,2,0),0) -> 2.2694301e+15 | K2: =J2/SUM($J$2:$J$8) -> 0.024815538 | M2: 2020 | N2: 工业锅炉 | O2: =I$3 -> refined petroleum and coke 19 | P2: Early Facility Retirement | Q2: =SUMIFS(D:D,B:B,N2,C:C,P2,A:A,M2)*SUMIFS(K:K,G:G,N2,I:I,O2) -> 21.434634 | R2: =SUMIFS(E:E,B:B,N2,C:C,P2,A:A,M2)*SUMIFS(K:K,G:G,N2,I:I,O2) -> 91.097194
A3: 2020 | B3: 工业锅炉 | C3: Installation and System Integration | D3: =SUMIFS(工业节能技术装备推荐目录!K:K,工业节能技术装备推荐目录!C:C,用能设备节能分配!B3,工业节能技术装备推荐目录!F:F,用能设备节能分配!C3,工业节能技术装备推荐目录!A:A,用能设备节能分配!A3) -> 0 | E3: =SUMIFS(工业节能技术装备推荐目录!L:L,工业节能技术装备推荐目录!C:C,用能设备节能分配!B3,工业节能技术装备推荐目录!F:F,用能设备节能分配!C3,工业节能技术装备推荐目录!A:A,用能设备节能分配!A3) -> 0 | G3: 工业锅炉 | H3: 石化 | I3: =VLOOKUP(H3,'Sector & Policy Match'!$A$1:$B$42,2,0) -> refined petroleum and coke 19 | J3: =IFERROR(VLOOKUP(I3,BIFUbC!$A$1:$B$27,2,0),0) -> 5.4451105e+16 | K3: =J3/SUM($J$2:$J$8) -> 0.5954065 | M3: 2020 | N3: 工业锅炉 | O3: =I$3 -> refined petroleum and coke 19 | P3: Installation and System Integration | Q3: =SUMIFS(D:D,B:B,N3,C:C,P3,A:A,M3)*SUMIFS(K:K,G:G,N3,I:I,O3) -> 0 | R3: =SUMIFS(E:E,B:B,N3,C:C,P3,A:A,M3)*SUMIFS(K:K,G:G,N3,I:I,O3) -> 0
A4: 2020 | B4: 工业锅炉 | C4: Cogeneration and Waste Heat Recovery | D4: =SUMIFS(工业节能技术装备推荐目录!K:K,工业节能技术装备推荐目录!C:C,用能设备节能分配!B4,工业节能技术装备推荐目录!F:F,用能设备节能分配!C4,工业节能技术装备推荐目录!A:A,用能设备节能分配!A4) -> 66 | E4: =SUMIFS(工业节能技术装备推荐目录!L:L,工业节能技术装备推荐目录!C:C,用能设备节能分配!B4,工业节能技术装备推荐目录!F:F,用能设备节能分配!C4,工业节能技术装备推荐目录!A:A,用能设备节能分配!A4) -> 660 | G4: 工业锅炉 | H4: 化工 | I4: =VLOOKUP(H4,'Sector & Policy Match'!$A$1:$B$42,2,0) -> chemicals 20 | J4: =IFERROR(VLOOKUP(I4,BIFUbC!$A$1:$B$27,2,0),0) -> 1.1779139e+16 | K4: =J4/SUM($J$2:$J$8) -> 0.12880135 | M4: 2020 | N4: 工业锅炉 | O4: =I$3 -> refined petroleum and coke 19 | P4: Cogeneration and Waste Heat Recovery | Q4: =SUMIFS(D:D,B:B,N4,C:C,P4,A:A,M4)*SUMIFS(K:K,G:G,N4,I:I,O4) -> 39.296829 | R4: =SUMIFS(E:E,B:B,N4,C:C,P4,A:A,M4)*SUMIFS(K:K,G:G,N4,I:I,O4) -> 392.96829
A5: 2020 | B5: 工业锅炉 | C5: Improvement in Eqpt Efficiency Standards | D5: =SUMIFS(工业节能技术装备推荐目录!K:K,工业节能技术装备推荐目录!C:C,用能设备节能分配!B5,工业节能技术装备推荐目录!F:F,用能设备节能分配!C5,工业节能技术装备推荐目录!A:A,用能设备节能分配!A5) -> 154.4 | E5: =SUMIFS(工业节能技术装备推荐目录!L:L,工业节能技术装备推荐目录!C:C,用能设备节能分配!B5,工业节能技术装备推荐目录!F:F,用能设备节能分配!C5,工业节能技术装备推荐目录!A:A,用能设备节能分配!A5) -> 417.90526 | G5: 工业锅炉 | H5: 钢铁 | I5: =VLOOKUP(H5,'Sector & Policy Match'!$A$1:$B$42,2,0) -> iron and steel 241 | J5: =IFERROR(VLOOKUP(I5,BIFUbC!$A$1:$B$27,2,0),0) -> 1.9189057e+16 | K5: =J5/SUM($J$2:$J$8) -> 0.20982658 | M5: 2020 | N5: 工业锅炉 | O5: =I$3 -> refined petroleum and coke 19 | P5: Improvement in Eqpt Efficiency Standards | Q5: =SUMIFS(D:D,B:B,N5,C:C,P5,A:A,M5)*SUMIFS(K:K,G:G,N5,I:I,O5) -> 91.930763 | R5: =SUMIFS(E:E,B:B,N5,C:C,P5,A:A,M5)*SUMIFS(K:K,G:G,N5,I:I,O5) -> 248.82351
A6: 2020 | B6: 工业循环水 | C6: Early Facility Retirement | D6: =SUMIFS(工业节能技术装备推荐目录!K:K,工业节能技术装备推荐目录!C:C,用能设备节能分配!B6,工业节能技术装备推荐目录!F:F,用能设备节能分配!C6,工业节能技术装备推荐目录!A:A,用能设备节能分配!A6) -> 0 | E6: =SUMIFS(工业节能技术装备推荐目录!L:L,工业节能技术装备推荐目录!C:C,用能设备节能分配!B6,工业节能技术装备推荐目录!F:F,用能设备节能分配!C6,工业节能技术装备推荐目录!A:A,用能设备节能分配!A6) -> 0 | G6: 工业锅炉 | H6: 纺织 | I6: =VLOOKUP(H6,'Sector & Policy Match'!$A$1:$B$42,2,0) -> textiles apparel and leather 13T15 | J6: =IFERROR(VLOOKUP(I6,BIFUbC!$A$1:$B$27,2,0),0) -> 1.3736513e+15 | K6: =J6/SUM($J$2:$J$8) -> 0.015020465 | M6: 2020 | N6: 工业锅炉 | O6: =I$4 -> chemicals 20 | P6: =P2 -> Early Facility Retirement | Q6: =SUMIFS(D:D,B:B,N6,C:C,P6,A:A,M6)*SUMIFS(K:K,G:G,N6,I:I,O6) -> 4.6368486 | R6: =SUMIFS(E:E,B:B,N6,C:C,P6,A:A,M6)*SUMIFS(K:K,G:G,N6,I:I,O6) -> 19.706607
A7: 2020 | B7: 工业循环水 | C7: Installation and System Integration | D7: =SUMIFS(工业节能技术装备推荐目录!K:K,工业节能技术装备推荐目录!C:C,用能设备节能分配!B7,工业节能技术装备推荐目录!F:F,用能设备节能分配!C7,工业节能技术装备推荐目录!A:A,用能设备节能分配!A7) -> 0 | E7: =SUMIFS(工业节能技术装备推荐目录!L:L,工业节能技术装备推荐目录!C:C,用能设备节能分配!B7,工业节能技术装备推荐目录!F:F,用能设备节能分配!C7,工业节能技术装备推荐目录!A:A,用能设备节能分配!A7) -> 0 | G7: 工业锅炉 | H7: 造纸 | I7: =VLOOKUP(H7,'Sector & Policy Match'!$A$1:$B$42,2,0) -> pulp paper and printing 17T18 | J7: =IFERROR(VLOOKUP(I7,BIFUbC!$A$1:$B$27,2,0),0) -> 8.7152832e+14 | K7: =J7/SUM($J$2:$J$8) -> 0.0095299007 | M7: 2020 | N7: 工业锅炉 | O7: =I$4 -> chemicals 20 | P7: =P3 -> Installation and System Integration | Q7: =SUMIFS(D:D,B:B,N7,C:C,P7,A:A,M7)*SUMIFS(K:K,G:G,N7,I:I,O7) -> 0 | R7: =SUMIFS(E:E,B:B,N7,C:C,P7,A:A,M7)*SUMIFS(K:K,G:G,N7,I:I,O7) -> 0
A8: 2020 | B8: 工业循环水 | C8: Cogeneration and Waste Heat Recovery | D8: =SUMIFS(工业节能技术装备推荐目录!K:K,工业节能技术装备推荐目录!C:C,用能设备节能分配!B8,工业节能技术装备推荐目录!F:F,用能设备节能分配!C8,工业节能技术装备推荐目录!A:A,用能设备节能分配!A8) -> 38 | E8: =SUMIFS(工业节能技术装备推荐目录!L:L,工业节能技术装备推荐目录!C:C,用能设备节能分配!B8,工业节能技术装备推荐目录!F:F,用能设备节能分配!C8,工业节能技术装备推荐目录!A:A,用能设备节能分配!A8) -> 253.33333 | G8: 工业锅炉 | H8: 食品 | I8: =VLOOKUP(H8,'Sector & Policy Match'!$A$1:$B$42,2,0) -> food beverage and tobacco 10T12 | J8: =IFERROR(VLOOKUP(I8,BIFUbC!$A$1:$B$27,2,0),0) -> 1.5180729e+15 | K8: =J8/SUM($J$2:$J$8) -> 0.016599672 | M8: 2020 | N8: 工业锅炉 | O8: =I$4 -> chemicals 20 | P8: =P4 -> Cogeneration and Waste Heat Recovery | Q8: =SUMIFS(D:D,B:B,N8,C:C,P8,A:A,M8)*SUMIFS(K:K,G:G,N8,I:I,O8) -> 8.5008892 | R8: =SUMIFS(E:E,B:B,N8,C:C,P8,A:A,M8)*SUMIFS(K:K,G:G,N8,I:I,O8) -> 85.008892
A9: 2020 | B9: 工业循环水 | C9: Improvement in Eqpt Efficiency Standards | D9: =SUMIFS(工业节能技术装备推荐目录!K:K,工业节能技术装备推荐目录!C:C,用能设备节能分配!B9,工业节能技术装备推荐目录!F:F,用能设备节能分配!C9,工业节能技术装备推荐目录!A:A,用能设备节能分配!A9) -> 0 | E9: =SUMIFS(工业节能技术装备推荐目录!L:L,工业节能技术装备推荐目录!C:C,用能设备节能分配!B9,工业节能技术装备推荐目录!F:F,用能设备节能分配!C9,工业节能技术装备推荐目录!A:A,用能设备节能分配!A9) -> 0 | G9: 工业循环水 | H9: 石化 | I9: =VLOOKUP(H9,'Sector & Policy Match'!$A$1:$B$42,2,0) -> refined petroleum and coke 19 | J9: =IFERROR(VLOOKUP(I9,BIFUbC!$A$1:$B$27,2,0),0) -> 5.4451105e+16 | K9: =J9/SUM($J$9:$J$15) -> 0.58802909 | M9: 2020 | N9: 工业锅炉 | O9: =I$4 -> chemicals 20 | P9: =P5 -> Improvement in Eqpt Efficiency Standards | Q9: =SUMIFS(D:D,B:B,N9,C:C,P9,A:A,M9)*SUMIFS(K:K,G:G,N9,I:I,O9) -> 19.886929 | R9: =SUMIFS(E:E,B:B,N9,C:C,P9,A:A,M9)*SUMIFS(K:K,G:G,N9,I:I,O9) -> 53.826763
A10: 2020 | B10: 微型燃气轮机 | C10: Early Facility Retirement | D10: =SUMIFS(工业节能技术装备推荐目录!K:K,工业节能技术装备推荐目录!C:C,用能设备节能分配!B10,工业节能技术装备推荐目录!F:F,用能设备节能分配!C10,工业节能技术装备推荐目录!A:A,用能设备节能分配!A10) -> 0 | E10: =SUMIFS(工业节能技术装备推荐目录!L:L,工业节能技术装备推荐目录!C:C,用能设备节能分配!B10,工业节能技术装备推荐目录!F:F,用能设备节能分配!C10,工业节能技术装备推荐目录!A:A,用能设备节能分配!A10) -> 0 | G10: 工业循环水 | H10: 化工 | I10: =VLOOKUP(H10,'Sector & Policy Match'!$A$1:$B$42,2,0) -> chemicals 20 | J10: =IFERROR(VLOOKUP(I10,BIFUbC!$A$1:$B$27,2,0),0) -> 1.1779139e+16 | K10: =J10/SUM($J$9:$J$15) -> 0.12720543 | M10: 2020 | N10: 工业锅炉 | O10: =I$5 -> iron and steel 241 | P10: =P6 -> Early Facility Retirement | Q10: =SUMIFS(D:D,B:B,N10,C:C,P10,A:A,M10)*SUMIFS(K:K,G:G,N10,I:I,O10) -> 7.5537568 | R10: =SUMIFS(E:E,B:B,N10,C:C,P10,A:A,M10)*SUMIFS(K:K,G:G,N10,I:I,O10) -> 32.103466
A11: 2020 | B11: 微型燃气轮机 | C11: Installation and System Integration | D11: =SUMIFS(工业节能技术装备推荐目录!K:K,工业节能技术装备推荐目录!C:C,用能设备节能分配!B11,工业节能技术装备推荐目录!F:F,用能设备节能分配!C11,工业节能技术装备推荐目录!A:A,用能设备节能分配!A11) -> 0 | E11: =SUMIFS(工业节能技术装备推荐目录!L:L,工业节能技术装备推荐目录!C:C,用能设备节能分配!B11,工业节能技术装备推荐目录!F:F,用能设备节能分配!C11,工业节能技术装备推荐目录!A:A,用能设备节能分配!A11) -> 0 | G11: 工业循环水 | H11: 钢铁 | I11: =VLOOKUP(H11,'Sector & Policy Match'!$A$1:$B$42,2,0) -> iron and steel 241 | J11: =IFERROR(VLOOKUP(I11,BIFUbC!$A$1:$B$27,2,0),0) -> 1.9189057e+16 | K11: =J11/SUM($J$9:$J$15) -> 0.20722671 | M11: 2020 | N11: 工业锅炉 | O11: =I$5 -> iron and steel 241 | P11: =P7 -> Installation and System Integration | Q11: =SUMIFS(D:D,B:B,N11,C:C,P11,A:A,M11)*SUMIFS(K:K,G:G,N11,I:I,O11) -> 0 | R11: =SUMIFS(E:E,B:B,N11,C:C,P11,A:A,M11)*SUMIFS(K:K,G:G,N11,I:I,O11) -> 0
A12: 2020 | B12: 微型燃气轮机 | C12: Cogeneration and Waste Heat Recovery | D12: =SUMIFS(工业节能技术装备推荐目录!K:K,工业节能技术装备推荐目录!C:C,用能设备节能分配!B12,工业节能技术装备推荐目录!F:F,用能设备节能分配!C12,工业节能技术装备推荐目录!A:A,用能设备节能分配!A12) -> 36 | E12: =SUMIFS(工业节能技术装备推荐目录!L:L,工业节能技术装备推荐目录!C:C,用能设备节能分配!B12,工业节能技术装备推荐目录!F:F,用能设备节能分配!C12,工业节能技术装备推荐目录!A:A,用能设备节能分配!A12) -> 240 | G12: 工业循环水 | H12: 有色金属 | I12: =VLOOKUP(H12,'Sector & Policy Match'!$A$1:$B$42,2,0) -> other metals 242 | J12: =IFERROR(VLOOKUP(I12,BIFUbC!$A$1:$B$27,2,0),0) -> 3.4167861e+15 | K12: =J12/SUM($J$9:$J$15) -> 0.036898602 | M12: 2020 | N12: 工业锅炉 | O12: =I$5 -> iron and steel 241 | P12: =P8 -> Cogeneration and Waste Heat Recovery | Q12: =SUMIFS(D:D,B:B,N12,C:C,P12,A:A,M12)*SUMIFS(K:K,G:G,N12,I:I,O12) -> 13.848554 | R12: =SUMIFS(E:E,B:B,N12,C:C,P12,A:A,M12)*SUMIFS(K:K,G:G,N12,I:I,O12) -> 138.48554
A13: 2020 | B13: 微型燃气轮机 | C13: Improvement in Eqpt Efficiency Standards | D13: =SUMIFS(工业节能技术装备推荐目录!K:K,工业节能技术装备推荐目录!C:C,用能设备节能分配!B13,工业节能技术装备推荐目录!F:F,用能设备节能分配!C13,工业节能技术装备推荐目录!A:A,用能设备节能分配!A13) -> 0 | E13: =SUMIFS(工业节能技术装备推荐目录!L:L,工业节能技术装备推荐目录!C:C,用能设备节能分配!B13,工业节能技术装备推荐目录!F:F,用能设备节能分配!C13,工业节能技术装备推荐目录!A:A,用能设备节能分配!A13) -> 0 | G13: 工业循环水 | H13: 造纸 | I13: =VLOOKUP(H13,'Sector & Policy Match'!$A$1:$B$42,2,0) -> pulp paper and printing 17T18 | J13: =IFERROR(VLOOKUP(I13,BIFUbC!$A$1:$B$27,2,0),0) -> 8.7152832e+14 | K13: =J13/SUM($J$9:$J$15) -> 0.0094118201 | M13: 2020 | N13: 工业锅炉 | O13: =I$5 -> iron and steel 241 | P13: =P9 -> Improvement in Eqpt Efficiency Standards | Q13: =SUMIFS(D:D,B:B,N13,C:C,P13,A:A,M13)*SUMIFS(K:K,G:G,N13,I:I,O13) -> 32.397224 | R13: =SUMIFS(E:E,B:B,N13,C:C,P13,A:A,M13)*SUMIFS(K:K,G:G,N13,I:I,O13) -> 87.687631
A14: 2020 | B14: 压缩空气系统 | C14: Early Facility Retirement | D14: =SUMIFS(工业节能技术装备推荐目录!K:K,工业节能技术装备推荐目录!C:C,用能设备节能分配!B14,工业节能技术装备推荐目录!F:F,用能设备节能分配!C14,工业节能技术装备推荐目录!A:A,用能设备节能分配!A14) -> 0 | E14: =SUMIFS(工业节能技术装备推荐目录!L:L,工业节能技术装备推荐目录!C:C,用能设备节能分配!B14,工业节能技术装备推荐目录!F:F,用能设备节能分配!C14,工业节能技术装备推荐目录!A:A,用能设备节能分配!A14) -> 0 | G14: 工业循环水 | H14: 纺织 | I14: =VLOOKUP(H14,'Sector & Policy Match'!$A$1:$B$42,2,0) -> textiles apparel and leather 13T15 | J14: =IFERROR(VLOOKUP(I14,BIFUbC!$A$1:$B$27,2,0),0) -> 1.3736513e+15 | K14: =J14/SUM($J$9:$J$15) -> 0.014834354 | M14: 2020 | N14: 工业锅炉 | O14: =I$6 -> textiles apparel and leather 13T15 | P14: =P10 -> Early Facility Retirement | Q14: =SUMIFS(D:D,B:B,N14,C:C,P14,A:A,M14)*SUMIFS(K:K,G:G,N14,I:I,O14) -> 0.54073675 | R14: =SUMIFS(E:E,B:B,N14,C:C,P14,A:A,M14)*SUMIFS(K:K,G:G,N14,I:I,O14) -> 2.2981312
A15: 2020 | B15: 压缩空气系统 | C15: Installation and System Integration | D15: =SUMIFS(工业节能技术装备推荐目录!K:K,工业节能技术装备推荐目录!C:C,用能设备节能分配!B15,工业节能技术装备推荐目录!F:F,用能设备节能分配!C15,工业节能技术装备推荐目录!A:A,用能设备节能分配!A15) -> 0 | E15: =SUMIFS(工业节能技术装备推荐目录!L:L,工业节能技术装备推荐目录!C:C,用能设备节能分配!B15,工业节能技术装备推荐目录!F:F,用能设备节能分配!C15,工业节能技术装备推荐目录!A:A,用能设备节能分配!A15) -> 0 | G15: 工业循环水 | H15: 食品 | I15: =VLOOKUP(H15,'Sector & Policy Match'!$A$1:$B$42,2,0) -> food beverage and tobacco 10T12 | J15: =IFERROR(VLOOKUP(I15,BIFUbC!$A$1:$B$27,2,0),0) -> 1.5180729e+15 | K15: =J15/SUM($J$9:$J$15) -> 0.016393993 | M15: 2020 | N15: 工业锅炉 | O15: =I$6 -> textiles apparel and leather 13T15 | P15: =P11 -> Installation and System Integration | Q15: =SUMIFS(D:D,B:B,N15,C:C,P15,A:A,M15)*SUMIFS(K:K,G:G,N15,I:I,O15) -> 0 | R15: =SUMIFS(E:E,B:B,N15,C:C,P15,A:A,M15)*SUMIFS(K:K,G:G,N15,I:I,O15) -> 0
A16: 2020 | B16: 压缩空气系统 | C16: Cogeneration and Waste Heat Recovery | D16: =SUMIFS(工业节能技术装备推荐目录!K:K,工业节能技术装备推荐目录!C:C,用能设备节能分配!B16,工业节能技术装备推荐目录!F:F,用能设备节能分配!C16,工业节能技术装备推荐目录!A:A,用能设备节能分配!A16) -> 0 | E16: =SUMIFS(工业节能技术装备推荐目录!L:L,工业节能技术装备推荐目录!C:C,用能设备节能分配!B16,工业节能技术装备推荐目录!F:F,用能设备节能分配!C16,工业节能技术装备推荐目录!A:A,用能设备节能分配!A16) -> 0 | G16: 微型燃气轮机 | H16: 非道路交通制造 | I16: =VLOOKUP(H16,'Sector & Policy Match'!$A$1:$B$42,2,0) -> nonroad vehicles 30 | J16: =IFERROR(VLOOKUP(I16,BIFUbC!$A$1:$B$27,2,0),0) -> 1.5444635e+14 | K16: =J16/SUM($J$16:$J$17) -> 0.063718737 | M16: 2020 | N16: 工业锅炉 | O16: =I$6 -> textiles apparel and leather 13T15 | P16: =P12 -> Cogeneration and Waste Heat Recovery | Q16: =SUMIFS(D:D,B:B,N16,C:C,P16,A:A,M16)*SUMIFS(K:K,G:G,N16,I:I,O16) -> 0.99135071 | R16: =SUMIFS(E:E,B:B,N16,C:C,P16,A:A,M16)*SUMIFS(K:K,G:G,N16,I:I,O16) -> 9.9135071
A17: 2020 | B17: 压缩空气系统 | C17: Improvement in Eqpt Efficiency Standards | D17: =SUMIFS(工业节能技术装备推荐目录!K:K,工业节能技术装备推荐目录!C:C,用能设备节能分配!B17,工业节能技术装备推荐目录!F:F,用能设备节能分配!C17,工业节能技术装备推荐目录!A:A,用能设备节能分配!A17) -> 6.6 | E17: =SUMIFS(工业节能技术装备推荐目录!L:L,工业节能技术装备推荐目录!C:C,用能设备节能分配!B17,工业节能技术装备推荐目录!F:F,用能设备节能分配!C17,工业节能技术装备推荐目录!A:A,用能设备节能分配!A17) -> 33 | G17: 微型燃气轮机 | H17: 电力、热力生产 | I17: =VLOOKUP(H17,'Sector & Policy Match'!$A$1:$B$42,2,0) -> 电力、热力生产 | J17: =IFERROR(VLOOKUP(I17,BIFUbC!$A$1:$B$27,2,0),0) -> 2.2694301e+15 | K17: =J17/SUM($J$16:$J$17) -> 0.93628126 | M17: 2020 | N17: 工业锅炉 | O17: =I$6 -> textiles apparel and leather 13T15 | P17: =P13 -> Improvement in Eqpt Efficiency Standards | Q17: =SUMIFS(D:D,B:B,N17,C:C,P17,A:A,M17)*SUMIFS(K:K,G:G,N17,I:I,O17) -> 2.3191598 | R17: =SUMIFS(E:E,B:B,N17,C:C,P17,A:A,M17)*SUMIFS(K:K,G:G,N17,I:I,O17) -> 6.2771315
A18: 2020 | B18: 电动机系统 | C18: Early Facility Retirement | D18: =SUMIFS(工业节能技术装备推荐目录!K:K,工业节能技术装备推荐目录!C:C,用能设备节能分配!B18,工业节能技术装备推荐目录!F:F,用能设备节能分配!C18,工业节能技术装备推荐目录!A:A,用能设备节能分配!A18) -> 0 | E18: =SUMIFS(工业节能技术装备推荐目录!L:L,工业节能技术装备推荐目录!C:C,用能设备节能分配!B18,工业节能技术装备推荐目录!F:F,用能设备节能分配!C18,工业节能技术装备推荐目录!A:A,用能设备节能分配!A18) -> 0 | G18: 压缩空气系统 | H18: 电力、热力生产 | I18: =VLOOKUP(H18,'Sector & Policy Match'!$A$1:$B$42,2,0) -> 电力、热力生产 | J18: =IFERROR(VLOOKUP(I18,BIFUbC!$A$1:$B$27,2,0),0) -> 2.2694301e+15 | K18: =J18/SUM($J$18:$J$23) -> 0.057386899 | M18: 2020 | N18: 工业锅炉 | O18: =I$7 -> pulp paper and printing 17T18 | P18: =P14 -> Early Facility Retirement | Q18: =SUMIFS(D:D,B:B,N18,C:C,P18,A:A,M18)*SUMIFS(K:K,G:G,N18,I:I,O18) -> 0.34307643 | R18: =SUMIFS(E:E,B:B,N18,C:C,P18,A:A,M18)*SUMIFS(K:K,G:G,N18,I:I,O18) -> 1.4580748
A19: 2020 | B19: 电动机系统 | C19: Installation and System Integration | D19: =SUMIFS(工业节能技术装备推荐目录!K:K,工业节能技术装备推荐目录!C:C,用能设备节能分配!B19,工业节能技术装备推荐目录!F:F,用能设备节能分配!C19,工业节能技术装备推荐目录!A:A,用能设备节能分配!A19) -> 0 | E19: =SUMIFS(工业节能技术装备推荐目录!L:L,工业节能技术装备推荐目录!C:C,用能设备节能分配!B19,工业节能技术装备推荐目录!F:F,用能设备节能分配!C19,工业节能技术装备推荐目录!A:A,用能设备节能分配!A19) -> 0 | G19: 压缩空气系统 | H19: 纺织 | I19: =VLOOKUP(H19,'Sector & Policy Match'!$A$1:$B$42,2,0) -> textiles apparel and leather 13T15 | J19: =IFERROR(VLOOKUP(I19,BIFUbC!$A$1:$B$27,2,0),0) -> 1.3736513e+15 | K19: =J19/SUM($J$18:$J$23) -> 0.034735412 | M19: 2020 | N19: 工业锅炉 | O19: =I$7 -> pulp paper and printing 17T18 | P19: =P15 -> Installation and System Integration | Q19: =SUMIFS(D:D,B:B,N19,C:C,P19,A:A,M19)*SUMIFS(K:K,G:G,N19,I:I,O19) -> 0 | R19: =SUMIFS(E:E,B:B,N19,C:C,P19,A:A,M19)*SUMIFS(K:K,G:G,N19,I:I,O19) -> 0
A20: 2020 | B20: 电动机系统 | C20: Cogeneration and Waste Heat Recovery | D20: =SUMIFS(工业节能技术装备推荐目录!K:K,工业节能技术装备推荐目录!C:C,用能设备节能分配!B20,工业节能技术装备推荐目录!F:F,用能设备节能分配!C20,工业节能技术装备推荐目录!A:A,用能设备节能分配!A20) -> 0 | E20: =SUMIFS(工业节能技术装备推荐目录!L:L,工业节能技术装备推荐目录!C:C,用能设备节能分配!B20,工业节能技术装备推荐目录!F:F,用能设备节能分配!C20,工业节能技术装备推荐目录!A:A,用能设备节能分配!A20) -> 0 | G20: 压缩空气系统 | H20: 食品 | I20: =VLOOKUP(H20,'Sector & Policy Match'!$A$1:$B$42,2,0) -> food beverage and tobacco 10T12 | J20: =IFERROR(VLOOKUP(I20,BIFUbC!$A$1:$B$27,2,0),0) -> 1.5180729e+15 | K20: =J20/SUM($J$18:$J$23) -> 0.038387388 | M20: 2020 | N20: 工业锅炉 | O20: =I$7 -> pulp paper and printing 17T18 | P20: =P16 -> Cogeneration and Waste Heat Recovery | Q20: =SUMIFS(D:D,B:B,N20,C:C,P20,A:A,M20)*SUMIFS(K:K,G:G,N20,I:I,O20) -> 0.62897345 | R20: =SUMIFS(E:E,B:B,N20,C:C,P20,A:A,M20)*SUMIFS(K:K,G:G,N20,I:I,O20) -> 6.2897345
A21: 2020 | B21: 电动机系统 | C21: Improvement in Eqpt Efficiency Standards | D21: =SUMIFS(工业节能技术装备推荐目录!K:K,工业节能技术装备推荐目录!C:C,用能设备节能分配!B21,工业节能技术装备推荐目录!F:F,用能设备节能分配!C21,工业节能技术装备推荐目录!A:A,用能设备节能分配!A21) -> 43.2 | E21: =SUMIFS(工业节能技术装备推荐目录!L:L,工业节能技术装备推荐目录!C:C,用能设备节能分配!B21,工业节能技术装备推荐目录!F:F,用能设备节能分配!C21,工业节能技术装备推荐目录!A:A,用能设备节能分配!A21) -> 304.11111 | G21: 压缩空气系统 | H21: 化工 | I21: =VLOOKUP(H21,'Sector & Policy Match'!$A$1:$B$42,2,0) -> chemicals 20 | J21: =IFERROR(VLOOKUP(I21,BIFUbC!$A$1:$B$27,2,0),0) -> 1.1779139e+16 | K21: =J21/SUM($J$18:$J$23) -> 0.29785815 | M21: 2020 | N21: 工业锅炉 | O21: =I$7 -> pulp paper and printing 17T18 | P21: =P17 -> Improvement in Eqpt Efficiency Standards | Q21: =SUMIFS(D:D,B:B,N21,C:C,P21,A:A,M21)*SUMIFS(K:K,G:G,N21,I:I,O21) -> 1.4714167 | R21: =SUMIFS(E:E,B:B,N21,C:C,P21,A:A,M21)*SUMIFS(K:K,G:G,N21,I:I,O21) -> 3.9825957
A22: 2020 | B22: 空调系统 | C22: Early Facility Retirement | D22: =SUMIFS(工业节能技术装备推荐目录!K:K,工业节能技术装备推荐目录!C:C,用能设备节能分配!B22,工业节能技术装备推荐目录!F:F,用能设备节能分配!C22,工业节能技术装备推荐目录!A:A,用能设备节能分配!A22) -> 0 | E22: =SUMIFS(工业节能技术装备推荐目录!L:L,工业节能技术装备推荐目录!C:C,用能设备节能分配!B22,工业节能技术装备推荐目录!F:F,用能设备节能分配!C22,工业节能技术装备推荐目录!A:A,用能设备节能分配!A22) -> 0 | G22: 压缩空气系统 | H22: 钢铁 | I22: =VLOOKUP(H22,'Sector & Policy Match'!$A$1:$B$42,2,0) -> iron and steel 241 | J22: =IFERROR(VLOOKUP(I22,BIFUbC!$A$1:$B$27,2,0),0) -> 1.9189057e+16 | K22: =J22/SUM($J$18:$J$23) -> 0.48523215 | M22: 2020 | N22: 工业锅炉 | O22: =I$8 -> food beverage and tobacco 10T12 | P22: =P18 -> Early Facility Retirement | Q22: =SUMIFS(D:D,B:B,N22,C:C,P22,A:A,M22)*SUMIFS(K:K,G:G,N22,I:I,O22) -> 0.59758818 | R22: =SUMIFS(E:E,B:B,N22,C:C,P22,A:A,M22)*SUMIFS(K:K,G:G,N22,I:I,O22) -> 2.5397498
A23: 2020 | B23: 空调系统 | C23: Installation and System Integration | D23: =SUMIFS(工业节能技术装备推荐目录!K:K,工业节能技术装备推荐目录!C:C,用能设备节能分配!B23,工业节能技术装备推荐目录!F:F,用能设备节能分配!C23,工业节能技术装备推荐目录!A:A,用能设备节能分配!A23) -> 67.5 | E23: =SUMIFS(工业节能技术装备推荐目录!L:L,工业节能技术装备推荐目录!C:C,用能设备节能分配!B23,工业节能技术装备推荐目录!F:F,用能设备节能分配!C23,工业节能技术装备推荐目录!A:A,用能设备节能分配!A23) -> 422 | G23: 压缩空气系统 | H23: 有色金属 | I23: =VLOOKUP(H23,'Sector & Policy Match'!$A$1:$B$42,2,0) -> other metals 242 | J23: =IFERROR(VLOOKUP(I23,BIFUbC!$A$1:$B$27,2,0),0) -> 3.4167861e+15 | K23: =J23/SUM($J$18:$J$23) -> 0.086399999 | M23: 2020 | N23: 工业锅炉 | O23: =I$8 -> food beverage and tobacco 10T12 | P23: =P19 -> Installation and System Integration | Q23: =SUMIFS(D:D,B:B,N23,C:C,P23,A:A,M23)*SUMIFS(K:K,G:G,N23,I:I,O23) -> 0 | R23: =SUMIFS(E:E,B:B,N23,C:C,P23,A:A,M23)*SUMIFS(K:K,G:G,N23,I:I,O23) -> 0
A24: 2020 | B24: 空调系统 | C24: Cogeneration and Waste Heat Recovery | D24: =SUMIFS(工业节能技术装备推荐目录!K:K,工业节能技术装备推荐目录!C:C,用能设备节能分配!B24,工业节能技术装备推荐目录!F:F,用能设备节能分配!C24,工业节能技术装备推荐目录!A:A,用能设备节能分配!A24) -> 0 | E24: =SUMIFS(工业节能技术装备推荐目录!L:L,工业节能技术装备推荐目录!C:C,用能设备节能分配!B24,工业节能技术装备推荐目录!F:F,用能设备节能分配!C24,工业节能技术装备推荐目录!A:A,用能设备节能分配!A24) -> 0 | G24: 风机系统 | H24: 煤炭开采 | I24: =VLOOKUP(H24,'Sector & Policy Match'!$A$1:$B$42,2,0) -> coal mining 05 | J24: =IFERROR(VLOOKUP(I24,BIFUbC!$A$1:$B$27,2,0),0) -> 1.8369744e+16 | K24: =J24/SUM($J$24:$J$28) -> 0.17320393 | M24: 2020 | N24: 工业锅炉 | O24: =I$8 -> food beverage and tobacco 10T12 | P24: =P20 -> Cogeneration and Waste Heat Recovery | Q24: =SUMIFS(D:D,B:B,N24,C:C,P24,A:A,M24)*SUMIFS(K:K,G:G,N24,I:I,O24) -> 1.0955783 | R24: =SUMIFS(E:E,B:B,N24,C:C,P24,A:A,M24)*SUMIFS(K:K,G:G,N24,I:I,O24) -> 10.955783
A25: 2020 | B25: 空调系统 | C25: Improvement in Eqpt Efficiency Standards | D25: =SUMIFS(工业节能技术装备推荐目录!K:K,工业节能技术装备推荐目录!C:C,用能设备节能分配!B25,工业节能技术装备推荐目录!F:F,用能设备节能分配!C25,工业节能技术装备推荐目录!A:A,用能设备节能分配!A25) -> 21.5 | E25: =SUMIFS(工业节能技术装备推荐目录!L:L,工业节能技术装备推荐目录!C:C,用能设备节能分配!B25,工业节能技术装备推荐目录!F:F,用能设备节能分配!C25,工业节能技术装备推荐目录!A:A,用能设备节能分配!A25) -> 143.33333 | G25: 风机系统 | H25: 石化 | I25: =VLOOKUP(H25,'Sector & Policy Match'!$A$1:$B$42,2,0) -> refined petroleum and coke 19 | J25: =IFERROR(VLOOKUP(I25,BIFUbC!$A$1:$B$27,2,0),0) -> 5.4451105e+16 | K25: =J25/SUM($J$24:$J$28) -> 0.51340645 | M25: 2020 | N25: 工业锅炉 | O25: =I$8 -> food beverage and tobacco 10T12 | P25: =P21 -> Improvement in Eqpt Efficiency Standards | Q25: =SUMIFS(D:D,B:B,N25,C:C,P25,A:A,M25)*SUMIFS(K:K,G:G,N25,I:I,O25) -> 2.5629893 | R25: =SUMIFS(E:E,B:B,N25,C:C,P25,A:A,M25)*SUMIFS(K:K,G:G,N25,I:I,O25) -> 6.9370901
A26: 2020 | B26: 能源系统 | C26: Early Facility Retirement | D26: =SUMIFS(工业节能技术装备推荐目录!K:K,工业节能技术装备推荐目录!C:C,用能设备节能分配!B26,工业节能技术装备推荐目录!F:F,用能设备节能分配!C26,工业节能技术装备推荐目录!A:A,用能设备节能分配!A26) -> 0 | E26: =SUMIFS(工业节能技术装备推荐目录!L:L,工业节能技术装备推荐目录!C:C,用能设备节能分配!B26,工业节能技术装备推荐目录!F:F,用能设备节能分配!C26,工业节能技术装备推荐目录!A:A,用能设备节能分配!A26) -> 0 | G26: 风机系统 | H26: 化工 | I26: =VLOOKUP(H26,'Sector & Policy Match'!$A$1:$B$42,2,0) -> chemicals 20 | J26: =IFERROR(VLOOKUP(I26,BIFUbC!$A$1:$B$27,2,0),0) -> 1.1779139e+16 | K26: =J26/SUM($J$24:$J$28) -> 0.11106268 | M26: 2020 | N26: =G$9 -> 工业循环水 | O26: =I$9 -> refined petroleum and coke 19 | P26: =P22 -> Early Facility Retirement | Q26: =SUMIFS(D:D,B:B,N26,C:C,P26,A:A,M26)*SUMIFS(K:K,G:G,N26,I:I,O26) -> 0 | R26: =SUMIFS(E:E,B:B,N26,C:C,P26,A:A,M26)*SUMIFS(K:K,G:G,N26,I:I,O26) -> 0
A27: 2020 | B27: 能源系统 | C27: Installation and System Integration | D27: =SUMIFS(工业节能技术装备推荐目录!K:K,工业节能技术装备推荐目录!C:C,用能设备节能分配!B27,工业节能技术装备推荐目录!F:F,用能设备节能分配!C27,工业节能技术装备推荐目录!A:A,用能设备节能分配!A27) -> 84.7 | E27: =SUMIFS(工业节能技术装备推荐目录!L:L,工业节能技术装备推荐目录!C:C,用能设备节能分配!B27,工业节能技术装备推荐目录!F:F,用能设备节能分配!C27,工业节能技术装备推荐目录!A:A,用能设备节能分配!A27) -> 861.83333 | G27: 风机系统 | H27: 钢铁 | I27: =VLOOKUP(H27,'Sector & Policy Match'!$A$1:$B$42,2,0) -> iron and steel 241 | J27: =IFERROR(VLOOKUP(I27,BIFUbC!$A$1:$B$27,2,0),0) -> 1.9189057e+16 | K27: =J27/SUM($J$24:$J$28) -> 0.18092903 | M27: 2020 | N27: =G$9 -> 工业循环水 | O27: =I$9 -> refined petroleum and coke 19 | P27: =P23 -> Installation and System Integration | Q27: =SUMIFS(D:D,B:B,N27,C:C,P27,A:A,M27)*SUMIFS(K:K,G:G,N27,I:I,O27) -> 0 | R27: =SUMIFS(E:E,B:B,N27,C:C,P27,A:A,M27)*SUMIFS(K:K,G:G,N27,I:I,O27) -> 0
A28: 2020 | B28: 能源系统 | C28: Cogeneration and Waste Heat Recovery | D28: =SUMIFS(工业节能技术装备推荐目录!K:K,工业节能技术装备推荐目录!C:C,用能设备节能分配!B28,工业节能技术装备推荐目录!F:F,用能设备节能分配!C28,工业节能技术装备推荐目录!A:A,用能设备节能分配!A28) -> 0 | E28: =SUMIFS(工业节能技术装备推荐目录!L:L,工业节能技术装备推荐目录!C:C,用能设备节能分配!B28,工业节能技术装备推荐目录!F:F,用能设备节能分配!C28,工业节能技术装备推荐目录!A:A,用能设备节能分配!A28) -> 0 | G28: 风机系统 | H28: 电力、热力生产 | I28: =VLOOKUP(H28,'Sector & Policy Match'!$A$1:$B$42,2,0) -> 电力、热力生产 | J28: =IFERROR(VLOOKUP(I28,BIFUbC!$A$1:$B$27,2,0),0) -> 2.2694301e+15 | K28: =J28/SUM($J$24:$J$28) -> 0.021397914 | M28: 2020 | N28: =G$9 -> 工业循环水 | O28: =I$9 -> refined petroleum and coke 19 | P28: =P24 -> Cogeneration and Waste Heat Recovery | Q28: =SUMIFS(D:D,B:B,N28,C:C,P28,A:A,M28)*SUMIFS(K:K,G:G,N28,I:I,O28) -> 22.345105 | R28: =SUMIFS(E:E,B:B,N28,C:C,P28,A:A,M28)*SUMIFS(K:K,G:G,N28,I:I,O28) -> 148.96737
A29: 2020 | B29: 能源系统 | C29: Improvement in Eqpt Efficiency Standards | D29: =SUMIFS(工业节能技术装备推荐目录!K:K,工业节能技术装备推荐目录!C:C,用能设备节能分配!B29,工业节能技术装备推荐目录!F:F,用能设备节能分配!C29,工业节能技术装备推荐目录!A:A,用能设备节能分配!A29) -> 0 | E29: =SUMIFS(工业节能技术装备推荐目录!L:L,工业节能技术装备推荐目录!C:C,用能设备节能分配!B29,工业节能技术装备推荐目录!F:F,用能设备节能分配!C29,工业节能技术装备推荐目录!A:A,用能设备节能分配!A29) -> 0 | G29: 汽轮机 | H29: 石化 | I29: =VLOOKUP(H29,'Sector & Policy Match'!$A$1:$B$42,2,0) -> refined petroleum and coke 19 | J29: =IFERROR(VLOOKUP(I29,BIFUbC!$A$1:$B$27,2,0),0) -> 5.4451105e+16 | K29: =J29/SUM($J$29:$J$34) -> 0.67597695 | M29: 2020 | N29: =G$9 -> 工业循环水 | O29: =I$9 -> refined petroleum and coke 19 | P29: =P25 -> Improvement in Eqpt Efficiency Standards | Q29: =SUMIFS(D:D,B:B,N29,C:C,P29,A:A,M29)*SUMIFS(K:K,G:G,N29,I:I,O29) -> 0 | R29: =SUMIFS(E:E,B:B,N29,C:C,P29,A:A,M29)*SUMIFS(K:K,G:G,N29,I:I,O29) -> 0
A30: 2020 | B30: 风机系统 | C30: Early Facility Retirement | D30: =SUMIFS(工业节能技术装备推荐目录!K:K,工业节能技术装备推荐目录!C:C,用能设备节能分配!B30,工业节能技术装备推荐目录!F:F,用能设备节能分配!C30,工业节能技术装备推荐目录!A:A,用能设备节能分配!A30) -> 0 | E30: =SUMIFS(工业节能技术装备推荐目录!L:L,工业节能技术装备推荐目录!C:C,用能设备节能分配!B30,工业节能技术装备推荐目录!F:F,用能设备节能分配!C30,工业节能技术装备推荐目录!A:A,用能设备节能分配!A30) -> 0 | G30: 汽轮机 | H30: 钢铁 | I30: =VLOOKUP(H30,'Sector & Policy Match'!$A$1:$B$42,2,0) -> iron and steel 241 | J30: =IFERROR(VLOOKUP(I30,BIFUbC!$A$1:$B$27,2,0),0) -> 1.9189057e+16 | K30: =J30/SUM($J$29:$J$34) -> 0.23822033 | M30: 2020 | N30: =G$9 -> 工业循环水 | O30: =I$10 -> chemicals 20 | P30: =P26 -> Early Facility Retirement | Q30: =SUMIFS(D:D,B:B,N30,C:C,P30,A:A,M30)*SUMIFS(K:K,G:G,N30,I:I,O30) -> 0 | R30: =SUMIFS(E:E,B:B,N30,C:C,P30,A:A,M30)*SUMIFS(K:K,G:G,N30,I:I,O30) -> 0
A31: 2020 | B31: 风机系统 | C31: Installation and System Integration | D31: =SUMIFS(工业节能技术装备推荐目录!K:K,工业节能技术装备推荐目录!C:C,用能设备节能分配!B31,工业节能技术装备推荐目录!F:F,用能设备节能分配!C31,工业节能技术装备推荐目录!A:A,用能设备节能分配!A31) -> 0 | E31: =SUMIFS(工业节能技术装备推荐目录!L:L,工业节能技术装备推荐目录!C:C,用能设备节能分配!B31,工业节能技术装备推荐目录!F:F,用能设备节能分配!C31,工业节能技术装备推荐目录!A:A,用能设备节能分配!A31) -> 0 | G31: 汽轮机 | H31: 有色金属 | I31: =VLOOKUP(H31,'Sector & Policy Match'!$A$1:$B$42,2,0) -> other metals 242 | J31: =IFERROR(VLOOKUP(I31,BIFUbC!$A$1:$B$27,2,0),0) -> 3.4167861e+15 | K31: =J31/SUM($J$29:$J$34) -> 0.042417297 | M31: 2020 | N31: =G$9 -> 工业循环水 | O31: =I$10 -> chemicals 20 | P31: =P27 -> Installation and System Integration | Q31: =SUMIFS(D:D,B:B,N31,C:C,P31,A:A,M31)*SUMIFS(K:K,G:G,N31,I:I,O31) -> 0 | R31: =SUMIFS(E:E,B:B,N31,C:C,P31,A:A,M31)*SUMIFS(K:K,G:G,N31,I:I,O31) -> 0
A32: 2020 | B32: 风机系统 | C32: Cogeneration and Waste Heat Recovery | D32: =SUMIFS(工业节能技术装备推荐目录!K:K,工业节能技术装备推荐目录!C:C,用能设备节能分配!B32,工业节能技术装备推荐目录!F:F,用能设备节能分配!C32,工业节能技术装备推荐目录!A:A,用能设备节能分配!A32) -> 0 | E32: =SUMIFS(工业节能技术装备推荐目录!L:L,工业节能技术装备推荐目录!C:C,用能设备节能分配!B32,工业节能技术装备推荐目录!F:F,用能设备节能分配!C32,工业节能技术装备推荐目录!A:A,用能设备节能分配!A32) -> 0 | G32: 汽轮机 | H32: 造纸 | I32: =VLOOKUP(H32,'Sector & Policy Match'!$A$1:$B$42,2,0) -> pulp paper and printing 17T18 | J32: =IFERROR(VLOOKUP(I32,BIFUbC!$A$1:$B$27,2,0),0) -> 8.7152832e+14 | K32: =J32/SUM($J$29:$J$34) -> 0.010819488 | M32: 2020 | N32: =G$9 -> 工业循环水 | O32: =I$10 -> chemicals 20 | P32: =P28 -> Cogeneration and Waste Heat Recovery | Q32: =SUMIFS(D:D,B:B,N32,C:C,P32,A:A,M32)*SUMIFS(K:K,G:G,N32,I:I,O32) -> 4.8338064 | R32: =SUMIFS(E:E,B:B,N32,C:C,P32,A:A,M32)*SUMIFS(K:K,G:G,N32,I:I,O32) -> 32.225376
A33: 2020 | B33: 风机系统 | C33: Improvement in Eqpt Efficiency Standards | D33: =SUMIFS(工业节能技术装备推荐目录!K:K,工业节能技术装备推荐目录!C:C,用能设备节能分配!B33,工业节能技术装备推荐目录!F:F,用能设备节能分配!C33,工业节能技术装备推荐目录!A:A,用能设备节能分配!A33) -> 0 | E33: =SUMIFS(工业节能技术装备推荐目录!L:L,工业节能技术装备推荐目录!C:C,用能设备节能分配!B33,工业节能技术装备推荐目录!F:F,用能设备节能分配!C33,工业节能技术装备推荐目录!A:A,用能设备节能分配!A33) -> 0 | G33: 汽轮机 | H33: 电力、热力生产 | I33: =VLOOKUP(H33,'Sector & Policy Match'!$A$1:$B$42,2,0) -> 电力、热力生产 | J33: =IFERROR(VLOOKUP(I33,BIFUbC!$A$1:$B$27,2,0),0) -> 2.2694301e+15 | K33: =J33/SUM($J$29:$J$34) -> 0.028173578 | M33: 2020 | N33: =G$9 -> 工业循环水 | O33: =I$10 -> chemicals 20 | P33: =P29 -> Improvement in Eqpt Efficiency Standards | Q33: =SUMIFS(D:D,B:B,N33,C:C,P33,A:A,M33)*SUMIFS(K:K,G:G,N33,I:I,O33) -> 0 | R33: =SUMIFS(E:E,B:B,N33,C:C,P33,A:A,M33)*SUMIFS(K:K,G:G,N33,I:I,O33) -> 0
A34: 2020 | B34: 汽轮机 | C34: Early Facility Retirement | D34: =SUMIFS(工业节能技术装备推荐目录!K:K,工业节能技术装备推荐目录!C:C,用能设备节能分配!B34,工业节能技术装备推荐目录!F:F,用能设备节能分配!C34,工业节能技术装备推荐目录!A:A,用能设备节能分配!A34) -> 0 | E34: =SUMIFS(工业节能技术装备推荐目录!L:L,工业节能技术装备推荐目录!C:C,用能设备节能分配!B34,工业节能技术装备推荐目录!F:F,用能设备节能分配!C34,工业节能技术装备推荐目录!A:A,用能设备节能分配!A34) -> 0 | G34: 汽轮机 | H34: 废弃物处理 | I34: =VLOOKUP(H34,'Sector & Policy Match'!$A$1:$B$42,2,0) -> water and waste 36T39 | J34: =IFERROR(VLOOKUP(I34,BIFUbC!$A$1:$B$27,2,0),0) -> 353812120372585 | K34: =J34/SUM($J$29:$J$34) -> 0.0043923597 | M34: 2020 | N34: =G$9 -> 工业循环水 | O34: =I$11 -> iron and steel 241 | P34: =P30 -> Early Facility Retirement | Q34: =SUMIFS(D:D,B:B,N34,C:C,P34,A:A,M34)*SUMIFS(K:K,G:G,N34,I:I,O34) -> 0 | R34: =SUMIFS(E:E,B:B,N34,C:C,P34,A:A,M34)*SUMIFS(K:K,G:G,N34,I:I,O34) -> 0
A35: 2020 | B35: 汽轮机 | C35: Installation and System Integration | D35: =SUMIFS(工业节能技术装备推荐目录!K:K,工业节能技术装备推荐目录!C:C,用能设备节能分配!B35,工业节能技术装备推荐目录!F:F,用能设备节能分配!C35,工业节能技术装备推荐目录!A:A,用能设备节能分配!A35) -> 0 | E35: =SUMIFS(工业节能技术装备推荐目录!L:L,工业节能技术装备推荐目录!C:C,用能设备节能分配!B35,工业节能技术装备推荐目录!F:F,用能设备节能分配!C35,工业节能技术装备推荐目录!A:A,用能设备节能分配!A35) -> 0 | G35: 工业炉窑 | H35: 钢铁 | I35: =VLOOKUP(H35,'Sector & Policy Match'!$A$1:$B$42,2,0) -> iron and steel 241 | J35: =IFERROR(VLOOKUP(I35,BIFUbC!$A$1:$B$27,2,0),0) -> 1.9189057e+16 | K35: =J35/SUM($J$35:$J$38) -> 0.2287476 | M35: 2020 | N35: =G$9 -> 工业循环水 | O35: =I$11 -> iron and steel 241 | P35: =P31 -> Installation and System Integration | Q35: =SUMIFS(D:D,B:B,N35,C:C,P35,A:A,M35)*SUMIFS(K:K,G:G,N35,I:I,O35) -> 0 | R35: =SUMIFS(E:E,B:B,N35,C:C,P35,A:A,M35)*SUMIFS(K:K,G:G,N35,I:I,O35) -> 0
A36: 2020 | B36: 汽轮机 | C36: Cogeneration and Waste Heat Recovery | D36: =SUMIFS(工业节能技术装备推荐目录!K:K,工业节能技术装备推荐目录!C:C,用能设备节能分配!B36,工业节能技术装备推荐目录!F:F,用能设备节能分配!C36,工业节能技术装备推荐目录!A:A,用能设备节能分配!A36) -> 0 | E36: =SUMIFS(工业节能技术装备推荐目录!L:L,工业节能技术装备推荐目录!C:C,用能设备节能分配!B36,工业节能技术装备推荐目录!F:F,用能设备节能分配!C36,工业节能技术装备推荐目录!A:A,用能设备节能分配!A36) -> 0 | G36: 工业炉窑 | H36: 石化 | I36: =VLOOKUP(H36,'Sector & Policy Match'!$A$1:$B$42,2,0) -> refined petroleum and coke 19 | J36: =IFERROR(VLOOKUP(I36,BIFUbC!$A$1:$B$27,2,0),0) -> 5.4451105e+16 | K36: =J36/SUM($J$35:$J$38) -> 0.64909702 | M36: 2020 | N36: =G$9 -> 工业循环水 | O36: =I$11 -> iron and steel 241 | P36: =P32 -> Cogeneration and Waste Heat Recovery | Q36: =SUMIFS(D:D,B:B,N36,C:C,P36,A:A,M36)*SUMIFS(K:K,G:G,N36,I:I,O36) -> 7.8746151 | R36: =SUMIFS(E:E,B:B,N36,C:C,P36,A:A,M36)*SUMIFS(K:K,G:G,N36,I:I,O36) -> 52.497434
A37: 2020 | B37: 汽轮机 | C37: Improvement in Eqpt Efficiency Standards | D37: =SUMIFS(工业节能技术装备推荐目录!K:K,工业节能技术装备推荐目录!C:C,用能设备节能分配!B37,工业节能技术装备推荐目录!F:F,用能设备节能分配!C37,工业节能技术装备推荐目录!A:A,用能设备节能分配!A37) -> 0 | E37: =SUMIFS(工业节能技术装备推荐目录!L:L,工业节能技术装备推荐目录!C:C,用能设备节能分配!B37,工业节能技术装备推荐目录!F:F,用能设备节能分配!C37,工业节能技术装备推荐目录!A:A,用能设备节能分配!A37) -> 0 | G37: 工业炉窑 | H37: 有色金属 | I37: =VLOOKUP(H37,'Sector & Policy Match'!$A$1:$B$42,2,0) -> other metals 242 | J37: =IFERROR(VLOOKUP(I37,BIFUbC!$A$1:$B$27,2,0),0) -> 3.4167861e+15 | K37: =J37/SUM($J$35:$J$38) -> 0.040730591 | M37: 2020 | N37: =G$9 -> 工业循环水 | O37: =I$11 -> iron and steel 241 | P37: =P33 -> Improvement in Eqpt Efficiency Standards | Q37: =SUMIFS(D:D,B:B,N37,C:C,P37,A:A,M37)*SUMIFS(K:K,G:G,N37,I:I,O37) -> 0 | R37: =SUMIFS(E:E,B:B,N37,C:C,P37,A:A,M37)*SUMIFS(K:K,G:G,N37,I:I,O37) -> 0
A38: 2020 | B38: 工业炉窑 | C38: Early Facility Retirement | D38: =SUMIFS(工业节能技术装备推荐目录!K:K,工业节能技术装备推荐目录!C:C,用能设备节能分配!B38,工业节能技术装备推荐目录!F:F,用能设备节能分配!C38,工业节能技术装备推荐目录!A:A,用能设备节能分配!A38) -> 0 | E38: =SUMIFS(工业节能技术装备推荐目录!L:L,工业节能技术装备推荐目录!C:C,用能设备节能分配!B38,工业节能技术装备推荐目录!F:F,用能设备节能分配!C38,工业节能技术装备推荐目录!A:A,用能设备节能分配!A38) -> 0 | G38: 工业炉窑 | H38: 建材 | I38: =VLOOKUP(H38,'Sector & Policy Match'!$A$1:$B$42,2,0) -> cement and other nonmetallic minerals 239 | J38: =IFERROR(VLOOKUP(I38,BIFUbC!$A$1:$B$27,2,0),0) -> 6.8305194e+15 | K38: =J38/SUM($J$35:$J$38) -> 0.08142479 | M38: 2020 | N38: =G$9 -> 工业循环水 | O38: =I$12 -> other metals 242 | P38: =P34 -> Early Facility Retirement | Q38: =SUMIFS(D:D,B:B,N38,C:C,P38,A:A,M38)*SUMIFS(K:K,G:G,N38,I:I,O38) -> 0 | R38: =SUMIFS(E:E,B:B,N38,C:C,P38,A:A,M38)*SUMIFS(K:K,G:G,N38,I:I,O38) -> 0
A39: 2020 | B39: 工业炉窑 | C39: Installation and System Integration | D39: =SUMIFS(工业节能技术装备推荐目录!K:K,工业节能技术装备推荐目录!C:C,用能设备节能分配!B39,工业节能技术装备推荐目录!F:F,用能设备节能分配!C39,工业节能技术装备推荐目录!A:A,用能设备节能分配!A39) -> 0 | E39: =SUMIFS(工业节能技术装备推荐目录!L:L,工业节能技术装备推荐目录!C:C,用能设备节能分配!B39,工业节能技术装备推荐目录!F:F,用能设备节能分配!C39,工业节能技术装备推荐目录!A:A,用能设备节能分配!A39) -> 0 | G39: 除尘器 | H39: 煤炭开采 | I39: =VLOOKUP(H39,'Sector & Policy Match'!$A$1:$B$42,2,0) -> coal mining 05 | J39: =IFERROR(VLOOKUP(I39,BIFUbC!$A$1:$B$27,2,0),0) -> 1.8369744e+16 | K39: =J39/SUM($J$39:$J$43) -> 0.18802941 | M39: 2020 | N39: =G$9 -> 工业循环水 | O39: =I$12 -> other metals 242 | P39: =P35 -> Installation and System Integration | Q39: =SUMIFS(D:D,B:B,N39,C:C,P39,A:A,M39)*SUMIFS(K:K,G:G,N39,I:I,O39) -> 0 | R39: =SUMIFS(E:E,B:B,N39,C:C,P39,A:A,M39)*SUMIFS(K:K,G:G,N39,I:I,O39) -> 0
A40: 2020 | B40: 工业炉窑 | C40: Cogeneration and Waste Heat Recovery | D40: =SUMIFS(工业节能技术装备推荐目录!K:K,工业节能技术装备推荐目录!C:C,用能设备节能分配!B40,工业节能技术装备推荐目录!F:F,用能设备节能分配!C40,工业节能技术装备推荐目录!A:A,用能设备节能分配!A40) -> 0 | E40: =SUMIFS(工业节能技术装备推荐目录!L:L,工业节能技术装备推荐目录!C:C,用能设备节能分配!B40,工业节能技术装备推荐目录!F:F,用能设备节能分配!C40,工业节能技术装备推荐目录!A:A,用能设备节能分配!A40) -> 0 | G40: 除尘器 | H40: 钢铁 | I40: =VLOOKUP(H40,'Sector & Policy Match'!$A$1:$B$42,2,0) -> iron and steel 241 | J40: =IFERROR(VLOOKUP(I40,BIFUbC!$A$1:$B$27,2,0),0) -> 1.9189057e+16 | K40: =J40/SUM($J$39:$J$43) -> 0.19641575 | M40: 2020 | N40: =G$9 -> 工业循环水 | O40: =I$12 -> other metals 242 | P40: =P36 -> Cogeneration and Waste Heat Recovery | Q40: =SUMIFS(D:D,B:B,N40,C:C,P40,A:A,M40)*SUMIFS(K:K,G:G,N40,I:I,O40) -> 1.4021469 | R40: =SUMIFS(E:E,B:B,N40,C:C,P40,A:A,M40)*SUMIFS(K:K,G:G,N40,I:I,O40) -> 9.3476457
A41: 2020 | B41: 工业炉窑 | C41: Improvement in Eqpt Efficiency Standards | D41: =SUMIFS(工业节能技术装备推荐目录!K:K,工业节能技术装备推荐目录!C:C,用能设备节能分配!B41,工业节能技术装备推荐目录!F:F,用能设备节能分配!C41,工业节能技术装备推荐目录!A:A,用能设备节能分配!A41) -> 0 | E41: =SUMIFS(工业节能技术装备推荐目录!L:L,工业节能技术装备推荐目录!C:C,用能设备节能分配!B41,工业节能技术装备推荐目录!F:F,用能设备节能分配!C41,工业节能技术装备推荐目录!A:A,用能设备节能分配!A41) -> 0 | G41: 除尘器 | H41: 有色金属 | I41: =VLOOKUP(H41,'Sector & Policy Match'!$A$1:$B$42,2,0) -> other metals 242 | J41: =IFERROR(VLOOKUP(I41,BIFUbC!$A$1:$B$27,2,0),0) -> 3.4167861e+15 | K41: =J41/SUM($J$39:$J$43) -> 0.034973611 | M41: 2020 | N41: =G$9 -> 工业循环水 | O41: =I$12 -> other metals 242 | P41: =P37 -> Improvement in Eqpt Efficiency Standards | Q41: =SUMIFS(D:D,B:B,N41,C:C,P41,A:A,M41)*SUMIFS(K:K,G:G,N41,I:I,O41) -> 0 | R41: =SUMIFS(E:E,B:B,N41,C:C,P41,A:A,M41)*SUMIFS(K:K,G:G,N41,I:I,O41) -> 0
A42: 2020 | B42: 热泵系统 | C42: Early Facility Retirement | D42: =SUMIFS(工业节能技术装备推荐目录!K:K,工业节能技术装备推荐目录!C:C,用能设备节能分配!B42,工业节能技术装备推荐目录!F:F,用能设备节能分配!C42,工业节能技术装备推荐目录!A:A,用能设备节能分配!A42) -> 0 | E42: =SUMIFS(工业节能技术装备推荐目录!L:L,工业节能技术装备推荐目录!C:C,用能设备节能分配!B42,工业节能技术装备推荐目录!F:F,用能设备节能分配!C42,工业节能技术装备推荐目录!A:A,用能设备节能分配!A42) -> 0 | G42: 除尘器 | H42: 石化 | I42: =VLOOKUP(H42,'Sector & Policy Match'!$A$1:$B$42,2,0) -> refined petroleum and coke 19 | J42: =IFERROR(VLOOKUP(I42,BIFUbC!$A$1:$B$27,2,0),0) -> 5.4451105e+16 | K42: =J42/SUM($J$39:$J$43) -> 0.55735175 | M42: 2020 | N42: =G$9 -> 工业循环水 | O42: =I$13 -> pulp paper and printing 17T18 | P42: =P38 -> Early Facility Retirement | Q42: =SUMIFS(D:D,B:B,N42,C:C,P42,A:A,M42)*SUMIFS(K:K,G:G,N42,I:I,O42) -> 0 | R42: =SUMIFS(E:E,B:B,N42,C:C,P42,A:A,M42)*SUMIFS(K:K,G:G,N42,I:I,O42) -> 0
A43: 2020 | B43: 热泵系统 | C43: Installation and System Integration | D43: =SUMIFS(工业节能技术装备推荐目录!K:K,工业节能技术装备推荐目录!C:C,用能设备节能分配!B43,工业节能技术装备推荐目录!F:F,用能设备节能分配!C43,工业节能技术装备推荐目录!A:A,用能设备节能分配!A43) -> 0 | E43: =SUMIFS(工业节能技术装备推荐目录!L:L,工业节能技术装备推荐目录!C:C,用能设备节能分配!B43,工业节能技术装备推荐目录!F:F,用能设备节能分配!C43,工业节能技术装备推荐目录!A:A,用能设备节能分配!A43) -> 0 | G43: 除尘器 | H43: 电力、热力生产 | I43: =VLOOKUP(H43,'Sector & Policy Match'!$A$1:$B$42,2,0) -> 电力、热力生产 | J43: =IFERROR(VLOOKUP(I43,BIFUbC!$A$1:$B$27,2,0),0) -> 2.2694301e+15 | K43: =J43/SUM($J$39:$J$43) -> 0.02322948 | M43: 2020 | N43: =G$9 -> 工业循环水 | O43: =I$13 -> pulp paper and printing 17T18 | P43: =P39 -> Installation and System Integration | Q43: =SUMIFS(D:D,B:B,N43,C:C,P43,A:A,M43)*SUMIFS(K:K,G:G,N43,I:I,O43) -> 0 | R43: =SUMIFS(E:E,B:B,N43,C:C,P43,A:A,M43)*SUMIFS(K:K,G:G,N43,I:I,O43) -> 0
A44: 2020 | B44: 热泵系统 | C44: Cogeneration and Waste Heat Recovery | D44: =SUMIFS(工业节能技术装备推荐目录!K:K,工业节能技术装备推荐目录!C:C,用能设备节能分配!B44,工业节能技术装备推荐目录!F:F,用能设备节能分配!C44,工业节能技术装备推荐目录!A:A,用能设备节能分配!A44) -> 0 | E44: =SUMIFS(工业节能技术装备推荐目录!L:L,工业节能技术装备推荐目录!C:C,用能设备节能分配!B44,工业节能技术装备推荐目录!F:F,用能设备节能分配!C44,工业节能技术装备推荐目录!A:A,用能设备节能分配!A44) -> 0 | G44: 机械行业 | H44: 通用设备 | I44: =VLOOKUP(H44,'Sector & Policy Match'!$A$1:$B$42,2,0) -> other manufacturing 31T33 | J44: =IFERROR(VLOOKUP(I44,BIFUbC!$A$1:$B$27,2,0),0) -> 5.1226346e+14 | K44: =J44/SUM($J$44:$J$48) -> 0.30719252 | M44: 2020 | N44: =G$9 -> 工业循环水 | O44: =I$13 -> pulp paper and printing 17T18 | P44: =P40 -> Cogeneration and Waste Heat Recovery | Q44: =SUMIFS(D:D,B:B,N44,C:C,P44,A:A,M44)*SUMIFS(K:K,G:G,N44,I:I,O44) -> 0.35764916 | R44: =SUMIFS(E:E,B:B,N44,C:C,P44,A:A,M44)*SUMIFS(K:K,G:G,N44,I:I,O44) -> 2.3843278
A45: 2020 | B45: 热泵系统 | C45: Improvement in Eqpt Efficiency Standards | D45: =SUMIFS(工业节能技术装备推荐目录!K:K,工业节能技术装备推荐目录!C:C,用能设备节能分配!B45,工业节能技术装备推荐目录!F:F,用能设备节能分配!C45,工业节能技术装备推荐目录!A:A,用能设备节能分配!A45) -> 0 | E45: =SUMIFS(工业节能技术装备推荐目录!L:L,工业节能技术装备推荐目录!C:C,用能设备节能分配!B45,工业节能技术装备推荐目录!F:F,用能设备节能分配!C45,工业节能技术装备推荐目录!A:A,用能设备节能分配!A45) -> 0 | G45: 机械行业 | H45: 专用设备 | I45: =VLOOKUP(H45,'Sector & Policy Match'!$A$1:$B$42,2,0) -> glass and glass products 231 | J45: =IFERROR(VLOOKUP(I45,BIFUbC!$A$1:$B$27,2,0),0) -> 2.7865035e+14 | K45: =J45/SUM($J$44:$J$48) -> 0.16710016 | M45: 2020 | N45: =G$9 -> 工业循环水 | O45: =I$13 -> pulp paper and printing 17T18 | P45: =P41 -> Improvement in Eqpt Efficiency Standards | Q45: =SUMIFS(D:D,B:B,N45,C:C,P45,A:A,M45)*SUMIFS(K:K,G:G,N45,I:I,O45) -> 0 | R45: =SUMIFS(E:E,B:B,N45,C:C,P45,A:A,M45)*SUMIFS(K:K,G:G,N45,I:I,O45) -> 0
A46: 2020 | B46: 除尘器 | C46: Early Facility Retirement | D46: =SUMIFS(工业节能技术装备推荐目录!K:K,工业节能技术装备推荐目录!C:C,用能设备节能分配!B46,工业节能技术装备推荐目录!F:F,用能设备节能分配!C46,工业节能技术装备推荐目录!A:A,用能设备节能分配!A46) -> 0 | E46: =SUMIFS(工业节能技术装备推荐目录!L:L,工业节能技术装备推荐目录!C:C,用能设备节能分配!B46,工业节能技术装备推荐目录!F:F,用能设备节能分配!C46,工业节能技术装备推荐目录!A:A,用能设备节能分配!A46) -> 0 | G46: 机械行业 | H46: 仪器仪表 | I46: =VLOOKUP(H46,'Sector & Policy Match'!$A$1:$B$42,2,0) -> computers and electronics 27 | J46: =IFERROR(VLOOKUP(I46,BIFUbC!$A$1:$B$27,2,0),0) -> 0 | K46: =J46/SUM($J$44:$J$48) -> 0 | M46: 2020 | N46: =G$9 -> 工业循环水 | O46: =I$14 -> textiles apparel and leather 13T15 | P46: =P42 -> Early Facility Retirement | Q46: =SUMIFS(D:D,B:B,N46,C:C,P46,A:A,M46)*SUMIFS(K:K,G:G,N46,I:I,O46) -> 0 | R46: =SUMIFS(E:E,B:B,N46,C:C,P46,A:A,M46)*SUMIFS(K:K,G:G,N46,I:I,O46) -> 0
A47: 2020 | B47: 除尘器 | C47: Installation and System Integration | D47: =SUMIFS(工业节能技术装备推荐目录!K:K,工业节能技术装备推荐目录!C:C,用能设备节能分配!B47,工业节能技术装备推荐目录!F:F,用能设备节能分配!C47,工业节能技术装备推荐目录!A:A,用能设备节能分配!A47) -> 0 | E47: =SUMIFS(工业节能技术装备推荐目录!L:L,工业节能技术装备推荐目录!C:C,用能设备节能分配!B47,工业节能技术装备推荐目录!F:F,用能设备节能分配!C47,工业节能技术装备推荐目录!A:A,用能设备节能分配!A47) -> 0 | G47: 机械行业 | H47: 电气机械 | I47: =VLOOKUP(H47,'Sector & Policy Match'!$A$1:$B$42,2,0) -> appliances and electrical equipment 27 | J47: =IFERROR(VLOOKUP(I47,BIFUbC!$A$1:$B$27,2,0),0) -> 3.6778085e+14 | K47: =J47/SUM($J$44:$J$48) -> 0.22054965 | M47: 2020 | N47: =G$9 -> 工业循环水 | O47: =I$14 -> textiles apparel and leather 13T15 | P47: =P43 -> Installation and System Integration | Q47: =SUMIFS(D:D,B:B,N47,C:C,P47,A:A,M47)*SUMIFS(K:K,G:G,N47,I:I,O47) -> 0 | R47: =SUMIFS(E:E,B:B,N47,C:C,P47,A:A,M47)*SUMIFS(K:K,G:G,N47,I:I,O47) -> 0
A48: 2020 | B48: 除尘器 | C48: Cogeneration and Waste Heat Recovery | D48: =SUMIFS(工业节能技术装备推荐目录!K:K,工业节能技术装备推荐目录!C:C,用能设备节能分配!B48,工业节能技术装备推荐目录!F:F,用能设备节能分配!C48,工业节能技术装备推荐目录!A:A,用能设备节能分配!A48) -> 0 | E48: =SUMIFS(工业节能技术装备推荐目录!L:L,工业节能技术装备推荐目录!C:C,用能设备节能分配!B48,工业节能技术装备推荐目录!F:F,用能设备节能分配!C48,工业节能技术装备推荐目录!A:A,用能设备节能分配!A48) -> 0 | G48: 机械行业 | H48: 汽车制造 | I48: =VLOOKUP(H48,'Sector & Policy Match'!$A$1:$B$42,2,0) -> road vehicles 29 | J48: =IFERROR(VLOOKUP(I48,BIFUbC!$A$1:$B$27,2,0),0) -> 5.088702e+14 | K48: =J48/SUM($J$44:$J$48) -> 0.30515767 | M48: 2020 | N48: =G$9 -> 工业循环水 | O48: =I$14 -> textiles apparel and leather 13T15 | P48: =P44 -> Cogeneration and Waste Heat Recovery | Q48: =SUMIFS(D:D,B:B,N48,C:C,P48,A:A,M48)*SUMIFS(K:K,G:G,N48,I:I,O48) -> 0.56370544 | R48: =SUMIFS(E:E,B:B,N48,C:C,P48,A:A,M48)*SUMIFS(K:K,G:G,N48,I:I,O48) -> 3.7580362
A49: 2020 | B49: 除尘器 | C49: Improvement in Eqpt Efficiency Standards | D49: =SUMIFS(工业节能技术装备推荐目录!K:K,工业节能技术装备推荐目录!C:C,用能设备节能分配!B49,工业节能技术装备推荐目录!F:F,用能设备节能分配!C49,工业节能技术装备推荐目录!A:A,用能设备节能分配!A49) -> 0 | E49: =SUMIFS(工业节能技术装备推荐目录!L:L,工业节能技术装备推荐目录!C:C,用能设备节能分配!B49,工业节能技术装备推荐目录!F:F,用能设备节能分配!C49,工业节能技术装备推荐目录!A:A,用能设备节能分配!A49) -> 0 | G49: 工业水泵 | H49: 农业 | I49: =VLOOKUP(H49,'Sector & Policy Match'!$A$1:$B$42,2,0) -> agriculture and forestry 01T03 | J49: =IFERROR(VLOOKUP(I49,BIFUbC!$A$1:$B$27,2,0),0) -> 1.655906e+15 | K49: =J49/SUM($J$49:$J$56) -> 0.030095729 | M49: 2020 | N49: =G$9 -> 工业循环水 | O49: =I$14 -> textiles apparel and leather 13T15 | P49: =P45 -> Improvement in Eqpt Efficiency Standards | Q49: =SUMIFS(D:D,B:B,N49,C:C,P49,A:A,M49)*SUMIFS(K:K,G:G,N49,I:I,O49) -> 0 | R49: =SUMIFS(E:E,B:B,N49,C:C,P49,A:A,M49)*SUMIFS(K:K,G:G,N49,I:I,O49) -> 0
A50: 2020 | B50: 机械行业 | C50: Early Facility Retirement | D50: =SUMIFS(工业节能技术装备推荐目录!K:K,工业节能技术装备推荐目录!C:C,用能设备节能分配!B50,工业节能技术装备推荐目录!F:F,用能设备节能分配!C50,工业节能技术装备推荐目录!A:A,用能设备节能分配!A50) -> 0 | E50: =SUMIFS(工业节能技术装备推荐目录!L:L,工业节能技术装备推荐目录!C:C,用能设备节能分配!B50,工业节能技术装备推荐目录!F:F,用能设备节能分配!C50,工业节能技术装备推荐目录!A:A,用能设备节能分配!A50) -> 0 | G50: 工业水泵 | H50: 煤炭开采 | I50: =VLOOKUP(H50,'Sector & Policy Match'!$A$1:$B$42,2,0) -> coal mining 05 | J50: =IFERROR(VLOOKUP(I50,BIFUbC!$A$1:$B$27,2,0),0) -> 1.8369744e+16 | K50: =J50/SUM($J$49:$J$56) -> 0.33386609 | M50: 2020 | N50: =G$9 -> 工业循环水 | O50: =I$15 -> food beverage and tobacco 10T12 | P50: =P46 -> Early Facility Retirement | Q50: =SUMIFS(D:D,B:B,N50,C:C,P50,A:A,M50)*SUMIFS(K:K,G:G,N50,I:I,O50) -> 0 | R50: =SUMIFS(E:E,B:B,N50,C:C,P50,A:A,M50)*SUMIFS(K:K,G:G,N50,I:I,O50) -> 0
A51: 2020 | B51: 机械行业 | C51: Installation and System Integration | D51: =SUMIFS(工业节能技术装备推荐目录!K:K,工业节能技术装备推荐目录!C:C,用能设备节能分配!B51,工业节能技术装备推荐目录!F:F,用能设备节能分配!C51,工业节能技术装备推荐目录!A:A,用能设备节能分配!A51) -> 0 | E51: =SUMIFS(工业节能技术装备推荐目录!L:L,工业节能技术装备推荐目录!C:C,用能设备节能分配!B51,工业节能技术装备推荐目录!F:F,用能设备节能分配!C51,工业节能技术装备推荐目录!A:A,用能设备节能分配!A51) -> 0 | G51: 工业水泵 | H51: 油气开采 | I51: =VLOOKUP(H51,'Sector & Policy Match'!$A$1:$B$42,2,0) -> oil and gas extraction 06 | J51: =IFERROR(VLOOKUP(I51,BIFUbC!$A$1:$B$27,2,0),0) -> 7.8256971e+14 | K51: =J51/SUM($J$49:$J$56) -> 0.014223033 | M51: 2020 | N51: =G$9 -> 工业循环水 | O51: =I$15 -> food beverage and tobacco 10T12 | P51: =P47 -> Installation and System Integration | Q51: =SUMIFS(D:D,B:B,N51,C:C,P51,A:A,M51)*SUMIFS(K:K,G:G,N51,I:I,O51) -> 0 | R51: =SUMIFS(E:E,B:B,N51,C:C,P51,A:A,M51)*SUMIFS(K:K,G:G,N51,I:I,O51) -> 0
A52: 2020 | B52: 机械行业 | C52: Cogeneration and Waste Heat Recovery | D52: =SUMIFS(工业节能技术装备推荐目录!K:K,工业节能技术装备推荐目录!C:C,用能设备节能分配!B52,工业节能技术装备推荐目录!F:F,用能设备节能分配!C52,工业节能技术装备推荐目录!A:A,用能设备节能分配!A52) -> 0 | E52: =SUMIFS(工业节能技术装备推荐目录!L:L,工业节能技术装备推荐目录!C:C,用能设备节能分配!B52,工业节能技术装备推荐目录!F:F,用能设备节能分配!C52,工业节能技术装备推荐目录!A:A,用能设备节能分配!A52) -> 0 | G52: 工业水泵 | H52: 其他采矿 | I52: =VLOOKUP(H52,'Sector & Policy Match'!$A$1:$B$42,2,0) -> other mining and quarrying 07T08 | J52: =IFERROR(VLOOKUP(I52,BIFUbC!$A$1:$B$27,2,0),0) -> 6.2163651e+14 | K52: =J52/SUM($J$49:$J$56) -> 0.011298108 | M52: 2020 | N52: =G$9 -> 工业循环水 | O52: =I$15 -> food beverage and tobacco 10T12 | P52: =P48 -> Cogeneration and Waste Heat Recovery | Q52: =SUMIFS(D:D,B:B,N52,C:C,P52,A:A,M52)*SUMIFS(K:K,G:G,N52,I:I,O52) -> 0.62297172 | R52: =SUMIFS(E:E,B:B,N52,C:C,P52,A:A,M52)*SUMIFS(K:K,G:G,N52,I:I,O52) -> 4.1531448
A53: 2020 | B53: 机械行业 | C53: Improvement in Eqpt Efficiency Standards | D53: =SUMIFS(工业节能技术装备推荐目录!K:K,工业节能技术装备推荐目录!C:C,用能设备节能分配!B53,工业节能技术装备推荐目录!F:F,用能设备节能分配!C53,工业节能技术装备推荐目录!A:A,用能设备节能分配!A53) -> 0 | E53: =SUMIFS(工业节能技术装备推荐目录!L:L,工业节能技术装备推荐目录!C:C,用能设备节能分配!B53,工业节能技术装备推荐目录!F:F,用能设备节能分配!C53,工业节能技术装备推荐目录!A:A,用能设备节能分配!A53) -> 0 | G53: 工业水泵 | H53: 化工 | I53: =VLOOKUP(H53,'Sector & Policy Match'!$A$1:$B$42,2,0) -> chemicals 20 | J53: =IFERROR(VLOOKUP(I53,BIFUbC!$A$1:$B$27,2,0),0) -> 1.1779139e+16 | K53: =J53/SUM($J$49:$J$56) -> 0.21408328 | M53: 2020 | N53: =G$9 -> 工业循环水 | O53: =I$15 -> food beverage and tobacco 10T12 | P53: =P49 -> Improvement in Eqpt Efficiency Standards | Q53: =SUMIFS(D:D,B:B,N53,C:C,P53,A:A,M53)*SUMIFS(K:K,G:G,N53,I:I,O53) -> 0 | R53: =SUMIFS(E:E,B:B,N53,C:C,P53,A:A,M53)*SUMIFS(K:K,G:G,N53,I:I,O53) -> 0
A54: 2020 | B54: 冷却塔 | C54: Early Facility Retirement | D54: =SUMIFS(工业节能技术装备推荐目录!K:K,工业节能技术装备推荐目录!C:C,用能设备节能分配!B54,工业节能技术装备推荐目录!F:F,用能设备节能分配!C54,工业节能技术装备推荐目录!A:A,用能设备节能分配!A54) -> 0 | E54: =SUMIFS(工业节能技术装备推荐目录!L:L,工业节能技术装备推荐目录!C:C,用能设备节能分配!B54,工业节能技术装备推荐目录!F:F,用能设备节能分配!C54,工业节能技术装备推荐目录!A:A,用能设备节能分配!A54) -> 0 | G54: 工业水泵 | H54: 钢铁 | I54: =VLOOKUP(H54,'Sector & Policy Match'!$A$1:$B$42,2,0) -> iron and steel 241 | J54: =IFERROR(VLOOKUP(I54,BIFUbC!$A$1:$B$27,2,0),0) -> 1.9189057e+16 | K54: =J54/SUM($J$49:$J$56) -> 0.34875691 | M54: 2020 | N54: =G$16 -> 微型燃气轮机 | O54: =I$16 -> nonroad vehicles 30 | P54: =P50 -> Early Facility Retirement | Q54: =SUMIFS(D:D,B:B,N54,C:C,P54,A:A,M54)*SUMIFS(K:K,G:G,N54,I:I,O54) -> 0 | R54: =SUMIFS(E:E,B:B,N54,C:C,P54,A:A,M54)*SUMIFS(K:K,G:G,N54,I:I,O54) -> 0
A55: 2020 | B55: 冷却塔 | C55: Installation and System Integration | D55: =SUMIFS(工业节能技术装备推荐目录!K:K,工业节能技术装备推荐目录!C:C,用能设备节能分配!B55,工业节能技术装备推荐目录!F:F,用能设备节能分配!C55,工业节能技术装备推荐目录!A:A,用能设备节能分配!A55) -> 0 | E55: =SUMIFS(工业节能技术装备推荐目录!L:L,工业节能技术装备推荐目录!C:C,用能设备节能分配!B55,工业节能技术装备推荐目录!F:F,用能设备节能分配!C55,工业节能技术装备推荐目录!A:A,用能设备节能分配!A55) -> 0 | G55: 工业水泵 | H55: 电力、热力生产 | I55: =VLOOKUP(H55,'Sector & Policy Match'!$A$1:$B$42,2,0) -> 电力、热力生产 | J55: =IFERROR(VLOOKUP(I55,BIFUbC!$A$1:$B$27,2,0),0) -> 2.2694301e+15 | K55: =J55/SUM($J$49:$J$56) -> 0.041246396 | M55: 2020 | N55: =G$16 -> 微型燃气轮机 | O55: =I$16 -> nonroad vehicles 30 | P55: =P51 -> Installation and System Integration | Q55: =SUMIFS(D:D,B:B,N55,C:C,P55,A:A,M55)*SUMIFS(K:K,G:G,N55,I:I,O55) -> 0 | R55: =SUMIFS(E:E,B:B,N55,C:C,P55,A:A,M55)*SUMIFS(K:K,G:G,N55,I:I,O55) -> 0
A56: 2020 | B56: 冷却塔 | C56: Cogeneration and Waste Heat Recovery | D56: =SUMIFS(工业节能技术装备推荐目录!K:K,工业节能技术装备推荐目录!C:C,用能设备节能分配!B56,工业节能技术装备推荐目录!F:F,用能设备节能分配!C56,工业节能技术装备推荐目录!A:A,用能设备节能分配!A56) -> 0 | E56: =SUMIFS(工业节能技术装备推荐目录!L:L,工业节能技术装备推荐目录!C:C,用能设备节能分配!B56,工业节能技术装备推荐目录!F:F,用能设备节能分配!C56,工业节能技术装备推荐目录!A:A,用能设备节能分配!A56) -> 0 | G56: 工业水泵 | H56: 废弃物处理 | I56: =VLOOKUP(H56,'Sector & Policy Match'!$A$1:$B$42,2,0) -> water and waste 36T39 | J56: =IFERROR(VLOOKUP(I56,BIFUbC!$A$1:$B$27,2,0),0) -> 353812120372585 | K56: =J56/SUM($J$49:$J$56) -> 0.0064304579 | M56: 2020 | N56: =G$16 -> 微型燃气轮机 | O56: =I$16 -> nonroad vehicles 30 | P56: =P52 -> Cogeneration and Waste Heat Recovery | Q56: =SUMIFS(D:D,B:B,N56,C:C,P56,A:A,M56)*SUMIFS(K:K,G:G,N56,I:I,O56) -> 2.2938745 | R56: =SUMIFS(E:E,B:B,N56,C:C,P56,A:A,M56)*SUMIFS(K:K,G:G,N56,I:I,O56) -> 15.292497
A57: 2020 | B57: 冷却塔 | C57: Improvement in Eqpt Efficiency Standards | D57: =SUMIFS(工业节能技术装备推荐目录!K:K,工业节能技术装备推荐目录!C:C,用能设备节能分配!B57,工业节能技术装备推荐目录!F:F,用能设备节能分配!C57,工业节能技术装备推荐目录!A:A,用能设备节能分配!A57) -> 0 | E57: =SUMIFS(工业节能技术装备推荐目录!L:L,工业节能技术装备推荐目录!C:C,用能设备节能分配!B57,工业节能技术装备推荐目录!F:F,用能设备节能分配!C57,工业节能技术装备推荐目录!A:A,用能设备节能分配!A57) -> 0 | G57: 冷却塔 | H57: 石化 | I57: =VLOOKUP(H57,'Sector & Policy Match'!$A$1:$B$42,2,0) -> refined petroleum and coke 19 | J57: =IFERROR(VLOOKUP(I57,BIFUbC!$A$1:$B$27,2,0),0) -> 5.4451105e+16 | K57: =J57/SUM($J$57:$J$61) -> 0.69099233 | M57: 2020 | N57: =G$16 -> 微型燃气轮机 | O57: =I$16 -> nonroad vehicles 30 | P57: =P53 -> Improvement in Eqpt Efficiency Standards | Q57: =SUMIFS(D:D,B:B,N57,C:C,P57,A:A,M57)*SUMIFS(K:K,G:G,N57,I:I,O57) -> 0 | R57: =SUMIFS(E:E,B:B,N57,C:C,P57,A:A,M57)*SUMIFS(K:K,G:G,N57,I:I,O57) -> 0
A58: 2020 | B58: 工业水泵 | C58: Early Facility Retirement | D58: =SUMIFS(工业节能技术装备推荐目录!K:K,工业节能技术装备推荐目录!C:C,用能设备节能分配!B58,工业节能技术装备推荐目录!F:F,用能设备节能分配!C58,工业节能技术装备推荐目录!A:A,用能设备节能分配!A58) -> 0 | E58: =SUMIFS(工业节能技术装备推荐目录!L:L,工业节能技术装备推荐目录!C:C,用能设备节能分配!B58,工业节能技术装备推荐目录!F:F,用能设备节能分配!C58,工业节能技术装备推荐目录!A:A,用能设备节能分配!A58) -> 0 | G58: 冷却塔 | H58: 电力、热力生产 | I58: =VLOOKUP(H58,'Sector & Policy Match'!$A$1:$B$42,2,0) -> 电力、热力生产 | J58: =IFERROR(VLOOKUP(I58,BIFUbC!$A$1:$B$27,2,0),0) -> 2.2694301e+15 | K58: =J58/SUM($J$57:$J$61) -> 0.028799394 | M58: 2020 | N58: =G$19 -> 压缩空气系统 | O58: =I$19 -> textiles apparel and leather 13T15 | P58: =P54 -> Early Facility Retirement | Q58: =SUMIFS(D:D,B:B,N58,C:C,P58,A:A,M58)*SUMIFS(K:K,G:G,N58,I:I,O58) -> 0 | R58: =SUMIFS(E:E,B:B,N58,C:C,P58,A:A,M58)*SUMIFS(K:K,G:G,N58,I:I,O58) -> 0
A59: 2020 | B59: 工业水泵 | C59: Installation and System Integration | D59: =SUMIFS(工业节能技术装备推荐目录!K:K,工业节能技术装备推荐目录!C:C,用能设备节能分配!B59,工业节能技术装备推荐目录!F:F,用能设备节能分配!C59,工业节能技术装备推荐目录!A:A,用能设备节能分配!A59) -> 0 | E59: =SUMIFS(工业节能技术装备推荐目录!L:L,工业节能技术装备推荐目录!C:C,用能设备节能分配!B59,工业节能技术装备推荐目录!F:F,用能设备节能分配!C59,工业节能技术装备推荐目录!A:A,用能设备节能分配!A59) -> 0 | G59: 冷却塔 | H59: 钢铁 | I59: =VLOOKUP(H59,'Sector & Policy Match'!$A$1:$B$42,2,0) -> iron and steel 241 | J59: =IFERROR(VLOOKUP(I59,BIFUbC!$A$1:$B$27,2,0),0) -> 1.9189057e+16 | K59: =J59/SUM($J$57:$J$61) -> 0.24351188 | M59: 2020 | N59: =G$19 -> 压缩空气系统 | O59: =I$19 -> textiles apparel and leather 13T15 | P59: =P55 -> Installation and System Integration | Q59: =SUMIFS(D:D,B:B,N59,C:C,P59,A:A,M59)*SUMIFS(K:K,G:G,N59,I:I,O59) -> 0 | R59: =SUMIFS(E:E,B:B,N59,C:C,P59,A:A,M59)*SUMIFS(K:K,G:G,N59,I:I,O59) -> 0
A60: 2020 | B60: 工业水泵 | C60: Cogeneration and Waste Heat Recovery | D60: =SUMIFS(工业节能技术装备推荐目录!K:K,工业节能技术装备推荐目录!C:C,用能设备节能分配!B60,工业节能技术装备推荐目录!F:F,用能设备节能分配!C60,工业节能技术装备推荐目录!A:A,用能设备节能分配!A60) -> 0 | E60: =SUMIFS(工业节能技术装备推荐目录!L:L,工业节能技术装备推荐目录!C:C,用能设备节能分配!B60,工业节能技术装备推荐目录!F:F,用能设备节能分配!C60,工业节能技术装备推荐目录!A:A,用能设备节能分配!A60) -> 0 | G60: 冷却塔 | H60: 食品 | I60: =VLOOKUP(H60,'Sector & Policy Match'!$A$1:$B$42,2,0) -> food beverage and tobacco 10T12 | J60: =IFERROR(VLOOKUP(I60,BIFUbC!$A$1:$B$27,2,0),0) -> 1.5180729e+15 | K60: =J60/SUM($J$57:$J$61) -> 0.019264563 | M60: 2020 | N60: =G$19 -> 压缩空气系统 | O60: =I$19 -> textiles apparel and leather 13T15 | P60: =P56 -> Cogeneration and Waste Heat Recovery | Q60: =SUMIFS(D:D,B:B,N60,C:C,P60,A:A,M60)*SUMIFS(K:K,G:G,N60,I:I,O60) -> 0 | R60: =SUMIFS(E:E,B:B,N60,C:C,P60,A:A,M60)*SUMIFS(K:K,G:G,N60,I:I,O60) -> 0
A61: 2020 | B61: 工业水泵 | C61: Improvement in Eqpt Efficiency Standards | D61: =SUMIFS(工业节能技术装备推荐目录!K:K,工业节能技术装备推荐目录!C:C,用能设备节能分配!B61,工业节能技术装备推荐目录!F:F,用能设备节能分配!C61,工业节能技术装备推荐目录!A:A,用能设备节能分配!A61) -> 0 | E61: =SUMIFS(工业节能技术装备推荐目录!L:L,工业节能技术装备推荐目录!C:C,用能设备节能分配!B61,工业节能技术装备推荐目录!F:F,用能设备节能分配!C61,工业节能技术装备推荐目录!A:A,用能设备节能分配!A61) -> 0 | G61: 冷却塔 | H61: 纺织 | I61: =VLOOKUP(H61,'Sector & Policy Match'!$A$1:$B$42,2,0) -> textiles apparel and leather 13T15 | J61: =IFERROR(VLOOKUP(I61,BIFUbC!$A$1:$B$27,2,0),0) -> 1.3736513e+15 | K61: =J61/SUM($J$57:$J$61) -> 0.017431833 | M61: 2020 | N61: =G$19 -> 压缩空气系统 | O61: =I$19 -> textiles apparel and leather 13T15 | P61: =P57 -> Improvement in Eqpt Efficiency Standards | Q61: =SUMIFS(D:D,B:B,N61,C:C,P61,A:A,M61)*SUMIFS(K:K,G:G,N61,I:I,O61) -> 0.22925372 | R61: =SUMIFS(E:E,B:B,N61,C:C,P61,A:A,M61)*SUMIFS(K:K,G:G,N61,I:I,O61) -> 1.1462686
A62: 2021 | B62: 工业锅炉 | C62: Early Facility Retirement | D62: =SUMIFS(工业节能技术装备推荐目录!K:K,工业节能技术装备推荐目录!C:C,用能设备节能分配!B62,工业节能技术装备推荐目录!F:F,用能设备节能分配!C62,工业节能技术装备推荐目录!A:A,用能设备节能分配!A62) -> 0 | E62: =SUMIFS(工业节能技术装备推荐目录!L:L,工业节能技术装备推荐目录!C:C,用能设备节能分配!B62,工业节能技术装备推荐目录!F:F,用能设备节能分配!C62,工业节能技术装备推荐目录!A:A,用能设备节能分配!A62) -> 0 | G62: 空调系统 | H62: 不计入工业 | M62: 2020 | N62: =G$19 -> 压缩空气系统 | O62: =I$20 -> food beverage and tobacco 10T12 | P62: =P58 -> Early Facility Retirement | Q62: =SUMIFS(D:D,B:B,N62,C:C,P62,A:A,M62)*SUMIFS(K:K,G:G,N62,I:I,O62) -> 0 | R62: =SUMIFS(E:E,B:B,N62,C:C,P62,A:A,M62)*SUMIFS(K:K,G:G,N62,I:I,O62) -> 0
A63: 2021 | B63: 工业锅炉 | C63: Installation and System Integration | D63: =SUMIFS(工业节能技术装备推荐目录!K:K,工业节能技术装备推荐目录!C:C,用能设备节能分配!B63,工业节能技术装备推荐目录!F:F,用能设备节能分配!C63,工业节能技术装备推荐目录!A:A,用能设备节能分配!A63) -> 0 | E63: =SUMIFS(工业节能技术装备推荐目录!L:L,工业节能技术装备推荐目录!C:C,用能设备节能分配!B63,工业节能技术装备推荐目录!F:F,用能设备节能分配!C63,工业节能技术装备推荐目录!A:A,用能设备节能分配!A63) -> 0 | G63: 热泵系统 | H63: 计入bldgs | M63: 2020 | N63: =G$19 -> 压缩空气系统 | O63: =I$20 -> food beverage and tobacco 10T12 | P63: =P59 -> Installation and System Integration | Q63: =SUMIFS(D:D,B:B,N63,C:C,P63,A:A,M63)*SUMIFS(K:K,G:G,N63,I:I,O63) -> 0 | R63: =SUMIFS(E:E,B:B,N63,C:C,P63,A:A,M63)*SUMIFS(K:K,G:G,N63,I:I,O63) -> 0
A64: 2021 | B64: 工业锅炉 | C64: Cogeneration and Waste Heat Recovery | D64: =SUMIFS(工业节能技术装备推荐目录!K:K,工业节能技术装备推荐目录!C:C,用能设备节能分配!B64,工业节能技术装备推荐目录!F:F,用能设备节能分配!C64,工业节能技术装备推荐目录!A:A,用能设备节能分配!A64) -> 0 | E64: =SUMIFS(工业节能技术装备推荐目录!L:L,工业节能技术装备推荐目录!C:C,用能设备节能分配!B64,工业节能技术装备推荐目录!F:F,用能设备节能分配!C64,工业节能技术装备推荐目录!A:A,用能设备节能分配!A64) -> 0 | G64: 电动机系统 | H64: 全部行业 | M64: 2020 | N64: =G$19 -> 压缩空气系统 | O64: =I$20 -> food beverage and tobacco 10T12 | P64: =P60 -> Cogeneration and Waste Heat Recovery | Q64: =SUMIFS(D:D,B:B,N64,C:C,P64,A:A,M64)*SUMIFS(K:K,G:G,N64,I:I,O64) -> 0 | R64: =SUMIFS(E:E,B:B,N64,C:C,P64,A:A,M64)*SUMIFS(K:K,G:G,N64,I:I,O64) -> 0
A65: 2021 | B65: 工业锅炉 | C65: Improvement in Eqpt Efficiency Standards | D65: =SUMIFS(工业节能技术装备推荐目录!K:K,工业节能技术装备推荐目录!C:C,用能设备节能分配!B65,工业节能技术装备推荐目录!F:F,用能设备节能分配!C65,工业节能技术装备推荐目录!A:A,用能设备节能分配!A65) -> 1.94 | E65: =SUMIFS(工业节能技术装备推荐目录!L:L,工业节能技术装备推荐目录!C:C,用能设备节能分配!B65,工业节能技术装备推荐目录!F:F,用能设备节能分配!C65,工业节能技术装备推荐目录!A:A,用能设备节能分配!A65) -> 10.993333 | G65: 能源系统 | H65: 全部行业 | M65: 2020 | N65: =G$19 -> 压缩空气系统 | O65: =I$20 -> food beverage and tobacco 10T12 | P65: =P61 -> Improvement in Eqpt Efficiency Standards | Q65: =SUMIFS(D:D,B:B,N65,C:C,P65,A:A,M65)*SUMIFS(K:K,G:G,N65,I:I,O65) -> 0.25335676 | R65: =SUMIFS(E:E,B:B,N65,C:C,P65,A:A,M65)*SUMIFS(K:K,G:G,N65,I:I,O65) -> 1.2667838
A66: 2021 | B66: 工业循环水 | C66: Early Facility Retirement | D66: =SUMIFS(工业节能技术装备推荐目录!K:K,工业节能技术装备推荐目录!C:C,用能设备节能分配!B66,工业节能技术装备推荐目录!F:F,用能设备节能分配!C66,工业节能技术装备推荐目录!A:A,用能设备节能分配!A66) -> 0 | E66: =SUMIFS(工业节能技术装备推荐目录!L:L,工业节能技术装备推荐目录!C:C,用能设备节能分配!B66,工业节能技术装备推荐目录!F:F,用能设备节能分配!C66,工业节能技术装备推荐目录!A:A,用能设备节能分配!A66) -> 0 | G66: 电动机系统 | I66: agriculture and forestry 01T03 | J66: =VLOOKUP(I66,BIFUbC!$A$1:$B$27,2,0) -> 1.655906e+15 | K66: =J66/SUM($J$66:$J$90) -> 0.01284964 | M66: 2020 | N66: =G$19 -> 压缩空气系统 | O66: =I$21 -> chemicals 20 | P66: =P62 -> Early Facility Retirement | Q66: =SUMIFS(D:D,B:B,N66,C:C,P66,A:A,M66)*SUMIFS(K:K,G:G,N66,I:I,O66) -> 0 | R66: =SUMIFS(E:E,B:B,N66,C:C,P66,A:A,M66)*SUMIFS(K:K,G:G,N66,I:I,O66) -> 0
A67: 2021 | B67: 工业循环水 | C67: Installation and System Integration | D67: =SUMIFS(工业节能技术装备推荐目录!K:K,工业节能技术装备推荐目录!C:C,用能设备节能分配!B67,工业节能技术装备推荐目录!F:F,用能设备节能分配!C67,工业节能技术装备推荐目录!A:A,用能设备节能分配!A67) -> 0 | E67: =SUMIFS(工业节能技术装备推荐目录!L:L,工业节能技术装备推荐目录!C:C,用能设备节能分配!B67,工业节能技术装备推荐目录!F:F,用能设备节能分配!C67,工业节能技术装备推荐目录!A:A,用能设备节能分配!A67) -> 0 | G67: 电动机系统 | I67: coal mining 05 | J67: =VLOOKUP(I67,BIFUbC!$A$1:$B$27,2,0) -> 1.8369744e+16 | K67: =J67/SUM($J$66:$J$90) -> 0.14254711 | M67: 2020 | N67: =G$19 -> 压缩空气系统 | O67: =I$21 -> chemicals 20 | P67: =P63 -> Installation and System Integration | Q67: =SUMIFS(D:D,B:B,N67,C:C,P67,A:A,M67)*SUMIFS(K:K,G:G,N67,I:I,O67) -> 0 | R67: =SUMIFS(E:E,B:B,N67,C:C,P67,A:A,M67)*SUMIFS(K:K,G:G,N67,I:I,O67) -> 0
A68: 2021 | B68: 工业循环水 | C68: Cogeneration and Waste Heat Recovery | D68: =SUMIFS(工业节能技术装备推荐目录!K:K,工业节能技术装备推荐目录!C:C,用能设备节能分配!B68,工业节能技术装备推荐目录!F:F,用能设备节能分配!C68,工业节能技术装备推荐目录!A:A,用能设备节能分配!A68) -> 0.499 | E68: =SUMIFS(工业节能技术装备推荐目录!L:L,工业节能技术装备推荐目录!C:C,用能设备节能分配!B68,工业节能技术装备推荐目录!F:F,用能设备节能分配!C68,工业节能技术装备推荐目录!A:A,用能设备节能分配!A68) -> 1.6657266 | G68: 电动机系统 | I68: oil and gas extraction 06 | J68: =VLOOKUP(I68,BIFUbC!$A$1:$B$27,2,0) -> 7.8256971e+14 | K68: =J68/SUM($J$66:$J$90) -> 0.0060726512 | M68: 2020 | N68: =G$19 -> 压缩空气系统 | O68: =I$21 -> chemicals 20 | P68: =P64 -> Cogeneration and Waste Heat Recovery | Q68: =SUMIFS(D:D,B:B,N68,C:C,P68,A:A,M68)*SUMIFS(K:K,G:G,N68,I:I,O68) -> 0 | R68: =SUMIFS(E:E,B:B,N68,C:C,P68,A:A,M68)*SUMIFS(K:K,G:G,N68,I:I,O68) -> 0
A69: 2021 | B69: 工业循环水 | C69: Improvement in Eqpt Efficiency Standards | D69: =SUMIFS(工业节能技术装备推荐目录!K:K,工业节能技术装备推荐目录!C:C,用能设备节能分配!B69,工业节能技术装备推荐目录!F:F,用能设备节能分配!C69,工业节能技术装备推荐目录!A:A,用能设备节能分配!A69) -> 0 | E69: =SUMIFS(工业节能技术装备推荐目录!L:L,工业节能技术装备推荐目录!C:C,用能设备节能分配!B69,工业节能技术装备推荐目录!F:F,用能设备节能分配!C69,工业节能技术装备推荐目录!A:A,用能设备节能分配!A69) -> 0 | G69: 电动机系统 | I69: other mining and quarrying 07T08 | J69: =VLOOKUP(I69,BIFUbC!$A$1:$B$27,2,0) -> 6.2163651e+14 | K69: =J69/SUM($J$66:$J$90) -> 0.004823828 | M69: 2020 | N69: =G$19 -> 压缩空气系统 | O69: =I$21 -> chemicals 20 | P69: =P65 -> Improvement in Eqpt Efficiency Standards | Q69: =SUMIFS(D:D,B:B,N69,C:C,P69,A:A,M69)*SUMIFS(K:K,G:G,N69,I:I,O69) -> 1.9658638 | R69: =SUMIFS(E:E,B:B,N69,C:C,P69,A:A,M69)*SUMIFS(K:K,G:G,N69,I:I,O69) -> 9.829319
A70: 2021 | B70: 微型燃气轮机 | C70: Early Facility Retirement | D70: =SUMIFS(工业节能技术装备推荐目录!K:K,工业节能技术装备推荐目录!C:C,用能设备节能分配!B70,工业节能技术装备推荐目录!F:F,用能设备节能分配!C70,工业节能技术装备推荐目录!A:A,用能设备节能分配!A70) -> 0 | E70: =SUMIFS(工业节能技术装备推荐目录!L:L,工业节能技术装备推荐目录!C:C,用能设备节能分配!B70,工业节能技术装备推荐目录!F:F,用能设备节能分配!C70,工业节能技术装备推荐目录!A:A,用能设备节能分配!A70) -> 0 | G70: 电动机系统 | I70: food beverage and tobacco 10T12 | J70: =VLOOKUP(I70,BIFUbC!$A$1:$B$27,2,0) -> 1.5180729e+15 | K70: =J70/SUM($J$66:$J$90) -> 0.011780072 | M70: 2020 | N70: =G$19 -> 压缩空气系统 | O70: =I$22 -> iron and steel 241 | P70: =P66 -> Early Facility Retirement | Q70: =SUMIFS(D:D,B:B,N70,C:C,P70,A:A,M70)*SUMIFS(K:K,G:G,N70,I:I,O70) -> 0 | R70: =SUMIFS(E:E,B:B,N70,C:C,P70,A:A,M70)*SUMIFS(K:K,G:G,N70,I:I,O70) -> 0
A71: 2021 | B71: 微型燃气轮机 | C71: Installation and System Integration | D71: =SUMIFS(工业节能技术装备推荐目录!K:K,工业节能技术装备推荐目录!C:C,用能设备节能分配!B71,工业节能技术装备推荐目录!F:F,用能设备节能分配!C71,工业节能技术装备推荐目录!A:A,用能设备节能分配!A71) -> 0 | E71: =SUMIFS(工业节能技术装备推荐目录!L:L,工业节能技术装备推荐目录!C:C,用能设备节能分配!B71,工业节能技术装备推荐目录!F:F,用能设备节能分配!C71,工业节能技术装备推荐目录!A:A,用能设备节能分配!A71) -> 0 | G71: 电动机系统 | I71: textiles apparel and leather 13T15 | J71: =VLOOKUP(I71,BIFUbC!$A$1:$B$27,2,0) -> 1.3736513e+15 | K71: =J71/SUM($J$66:$J$90) -> 0.010659377 | M71: 2020 | N71: =G$19 -> 压缩空气系统 | O71: =I$22 -> iron and steel 241 | P71: =P67 -> Installation and System Integration | Q71: =SUMIFS(D:D,B:B,N71,C:C,P71,A:A,M71)*SUMIFS(K:K,G:G,N71,I:I,O71) -> 0 | R71: =SUMIFS(E:E,B:B,N71,C:C,P71,A:A,M71)*SUMIFS(K:K,G:G,N71,I:I,O71) -> 0
A72: 2021 | B72: 微型燃气轮机 | C72: Cogeneration and Waste Heat Recovery | D72: =SUMIFS(工业节能技术装备推荐目录!K:K,工业节能技术装备推荐目录!C:C,用能设备节能分配!B72,工业节能技术装备推荐目录!F:F,用能设备节能分配!C72,工业节能技术装备推荐目录!A:A,用能设备节能分配!A72) -> 0 | E72: =SUMIFS(工业节能技术装备推荐目录!L:L,工业节能技术装备推荐目录!C:C,用能设备节能分配!B72,工业节能技术装备推荐目录!F:F,用能设备节能分配!C72,工业节能技术装备推荐目录!A:A,用能设备节能分配!A72) -> 0 | G72: 电动机系统 | I72: wood products 16 | J72: =VLOOKUP(I72,BIFUbC!$A$1:$B$27,2,0) -> 2.0367106e+14 | K72: =J72/SUM($J$66:$J$90) -> 0.0015804641 | M72: 2020 | N72: =G$19 -> 压缩空气系统 | O72: =I$22 -> iron and steel 241 | P72: =P68 -> Cogeneration and Waste Heat Recovery | Q72: =SUMIFS(D:D,B:B,N72,C:C,P72,A:A,M72)*SUMIFS(K:K,G:G,N72,I:I,O72) -> 0 | R72: =SUMIFS(E:E,B:B,N72,C:C,P72,A:A,M72)*SUMIFS(K:K,G:G,N72,I:I,O72) -> 0
A73: 2021 | B73: 微型燃气轮机 | C73: Improvement in Eqpt Efficiency Standards | D73: =SUMIFS(工业节能技术装备推荐目录!K:K,工业节能技术装备推荐目录!C:C,用能设备节能分配!B73,工业节能技术装备推荐目录!F:F,用能设备节能分配!C73,工业节能技术装备推荐目录!A:A,用能设备节能分配!A73) -> 0 | E73: =SUMIFS(工业节能技术装备推荐目录!L:L,工业节能技术装备推荐目录!C:C,用能设备节能分配!B73,工业节能技术装备推荐目录!F:F,用能设备节能分配!C73,工业节能技术装备推荐目录!A:A,用能设备节能分配!A73) -> 0 | G73: 电动机系统 | I73: pulp paper and printing 17T18 | J73: =VLOOKUP(I73,BIFUbC!$A$1:$B$27,2,0) -> 8.7152832e+14 | K73: =J73/SUM($J$66:$J$90) -> 0.0067629599 | M73: 2020 | N73: =G$19 -> 压缩空气系统 | O73: =I$22 -> iron and steel 241 | P73: =P69 -> Improvement in Eqpt Efficiency Standards | Q73: =SUMIFS(D:D,B:B,N73,C:C,P73,A:A,M73)*SUMIFS(K:K,G:G,N73,I:I,O73) -> 3.2025322 | R73: =SUMIFS(E:E,B:B,N73,C:C,P73,A:A,M73)*SUMIFS(K:K,G:G,N73,I:I,O73) -> 16.012661
A74: 2021 | B74: 压缩空气系统 | C74: Early Facility Retirement | D74: =SUMIFS(工业节能技术装备推荐目录!K:K,工业节能技术装备推荐目录!C:C,用能设备节能分配!B74,工业节能技术装备推荐目录!F:F,用能设备节能分配!C74,工业节能技术装备推荐目录!A:A,用能设备节能分配!A74) -> 0 | E74: =SUMIFS(工业节能技术装备推荐目录!L:L,工业节能技术装备推荐目录!C:C,用能设备节能分配!B74,工业节能技术装备推荐目录!F:F,用能设备节能分配!C74,工业节能技术装备推荐目录!A:A,用能设备节能分配!A74) -> 0 | G74: 电动机系统 | I74: refined petroleum and coke 19 | J74: =VLOOKUP(I74,BIFUbC!$A$1:$B$27,2,0) -> 5.4451105e+16 | K74: =J74/SUM($J$66:$J$90) -> 0.42253433 | M74: 2020 | N74: =G$19 -> 压缩空气系统 | O74: =I$23 -> other metals 242 | P74: =P70 -> Early Facility Retirement | Q74: =SUMIFS(D:D,B:B,N74,C:C,P74,A:A,M74)*SUMIFS(K:K,G:G,N74,I:I,O74) -> 0 | R74: =SUMIFS(E:E,B:B,N74,C:C,P74,A:A,M74)*SUMIFS(K:K,G:G,N74,I:I,O74) -> 0
A75: 2021 | B75: 压缩空气系统 | C75: Installation and System Integration | D75: =SUMIFS(工业节能技术装备推荐目录!K:K,工业节能技术装备推荐目录!C:C,用能设备节能分配!B75,工业节能技术装备推荐目录!F:F,用能设备节能分配!C75,工业节能技术装备推荐目录!A:A,用能设备节能分配!A75) -> 32.46 | E75: =SUMIFS(工业节能技术装备推荐目录!L:L,工业节能技术装备推荐目录!C:C,用能设备节能分配!B75,工业节能技术装备推荐目录!F:F,用能设备节能分配!C75,工业节能技术装备推荐目录!A:A,用能设备节能分配!A75) -> 120.62638 | G75: 电动机系统 | I75: chemicals 20 | J75: =VLOOKUP(I75,BIFUbC!$A$1:$B$27,2,0) -> 1.1779139e+16 | K75: =J75/SUM($J$66:$J$90) -> 0.091404769 | M75: 2020 | N75: =G$19 -> 压缩空气系统 | O75: =I$23 -> other metals 242 | P75: =P71 -> Installation and System Integration | Q75: =SUMIFS(D:D,B:B,N75,C:C,P75,A:A,M75)*SUMIFS(K:K,G:G,N75,I:I,O75) -> 0 | R75: =SUMIFS(E:E,B:B,N75,C:C,P75,A:A,M75)*SUMIFS(K:K,G:G,N75,I:I,O75) -> 0
A76: 2021 | B76: 压缩空气系统 | C76: Cogeneration and Waste Heat Recovery | D76: =SUMIFS(工业节能技术装备推荐目录!K:K,工业节能技术装备推荐目录!C:C,用能设备节能分配!B76,工业节能技术装备推荐目录!F:F,用能设备节能分配!C76,工业节能技术装备推荐目录!A:A,用能设备节能分配!A76) -> 0 | E76: =SUMIFS(工业节能技术装备推荐目录!L:L,工业节能技术装备推荐目录!C:C,用能设备节能分配!B76,工业节能技术装备推荐目录!F:F,用能设备节能分配!C76,工业节能技术装备推荐目录!A:A,用能设备节能分配!A76) -> 0 | G76: 电动机系统 | I76: rubber and plastic products 22 | J76: =VLOOKUP(I76,BIFUbC!$A$1:$B$27,2,0) -> 643092814091311 | K76: =J76/SUM($J$66:$J$90) -> 0.0049903265 | M76: 2020 | N76: =G$19 -> 压缩空气系统 | O76: =I$23 -> other metals 242 | P76: =P72 -> Cogeneration and Waste Heat Recovery | Q76: =SUMIFS(D:D,B:B,N76,C:C,P76,A:A,M76)*SUMIFS(K:K,G:G,N76,I:I,O76) -> 0 | R76: =SUMIFS(E:E,B:B,N76,C:C,P76,A:A,M76)*SUMIFS(K:K,G:G,N76,I:I,O76) -> 0
A77: 2021 | B77: 压缩空气系统 | C77: Improvement in Eqpt Efficiency Standards | D77: =SUMIFS(工业节能技术装备推荐目录!K:K,工业节能技术装备推荐目录!C:C,用能设备节能分配!B77,工业节能技术装备推荐目录!F:F,用能设备节能分配!C77,工业节能技术装备推荐目录!A:A,用能设备节能分配!A77) -> 5.4 | E77: =SUMIFS(工业节能技术装备推荐目录!L:L,工业节能技术装备推荐目录!C:C,用能设备节能分配!B77,工业节能技术装备推荐目录!F:F,用能设备节能分配!C77,工业节能技术装备推荐目录!A:A,用能设备节能分配!A77) -> 120 | G77: 电动机系统 | I77: glass and glass products 231 | J77: =VLOOKUP(I77,BIFUbC!$A$1:$B$27,2,0) -> 2.7865035e+14 | K77: =J77/SUM($J$66:$J$90) -> 0.0021622947 | M77: 2020 | N77: =G$19 -> 压缩空气系统 | O77: =I$23 -> other metals 242 | P77: =P73 -> Improvement in Eqpt Efficiency Standards | Q77: =SUMIFS(D:D,B:B,N77,C:C,P77,A:A,M77)*SUMIFS(K:K,G:G,N77,I:I,O77) -> 0.57023999 | R77: =SUMIFS(E:E,B:B,N77,C:C,P77,A:A,M77)*SUMIFS(K:K,G:G,N77,I:I,O77) -> 2.8512
A78: 2021 | B78: 电动机系统 | C78: Early Facility Retirement | D78: =SUMIFS(工业节能技术装备推荐目录!K:K,工业节能技术装备推荐目录!C:C,用能设备节能分配!B78,工业节能技术装备推荐目录!F:F,用能设备节能分配!C78,工业节能技术装备推荐目录!A:A,用能设备节能分配!A78) -> 0.93 | E78: =SUMIFS(工业节能技术装备推荐目录!L:L,工业节能技术装备推荐目录!C:C,用能设备节能分配!B78,工业节能技术装备推荐目录!F:F,用能设备节能分配!C78,工业节能技术装备推荐目录!A:A,用能设备节能分配!A78) -> 4.65 | G78: 电动机系统 | I78: cement and other nonmetallic minerals 239 | J78: =VLOOKUP(I78,BIFUbC!$A$1:$B$27,2,0) -> 6.8305194e+15 | K78: =J78/SUM($J$66:$J$90) -> 0.053004048 | M78: 2020 | N78: =G$24 -> 风机系统 | O78: =I$24 -> coal mining 05 | P78: =P74 -> Early Facility Retirement | Q78: =SUMIFS(D:D,B:B,N78,C:C,P78,A:A,M78)*SUMIFS(K:K,G:G,N78,I:I,O78) -> 0 | R78: =SUMIFS(E:E,B:B,N78,C:C,P78,A:A,M78)*SUMIFS(K:K,G:G,N78,I:I,O78) -> 0
A79: 2021 | B79: 电动机系统 | C79: Installation and System Integration | D79: =SUMIFS(工业节能技术装备推荐目录!K:K,工业节能技术装备推荐目录!C:C,用能设备节能分配!B79,工业节能技术装备推荐目录!F:F,用能设备节能分配!C79,工业节能技术装备推荐目录!A:A,用能设备节能分配!A79) -> 0 | E79: =SUMIFS(工业节能技术装备推荐目录!L:L,工业节能技术装备推荐目录!C:C,用能设备节能分配!B79,工业节能技术装备推荐目录!F:F,用能设备节能分配!C79,工业节能技术装备推荐目录!A:A,用能设备节能分配!A79) -> 0 | G79: 电动机系统 | I79: iron and steel 241 | J79: =VLOOKUP(I79,BIFUbC!$A$1:$B$27,2,0) -> 1.9189057e+16 | K79: =J79/SUM($J$66:$J$90) -> 0.14890488 | M79: 2020 | N79: =G$24 -> 风机系统 | O79: =I$24 -> coal mining 05 | P79: =P75 -> Installation and System Integration | Q79: =SUMIFS(D:D,B:B,N79,C:C,P79,A:A,M79)*SUMIFS(K:K,G:G,N79,I:I,O79) -> 0 | R79: =SUMIFS(E:E,B:B,N79,C:C,P79,A:A,M79)*SUMIFS(K:K,G:G,N79,I:I,O79) -> 0
A80: 2021 | B80: 电动机系统 | C80: Cogeneration and Waste Heat Recovery | D80: =SUMIFS(工业节能技术装备推荐目录!K:K,工业节能技术装备推荐目录!C:C,用能设备节能分配!B80,工业节能技术装备推荐目录!F:F,用能设备节能分配!C80,工业节能技术装备推荐目录!A:A,用能设备节能分配!A80) -> 0 | E80: =SUMIFS(工业节能技术装备推荐目录!L:L,工业节能技术装备推荐目录!C:C,用能设备节能分配!B80,工业节能技术装备推荐目录!F:F,用能设备节能分配!C80,工业节能技术装备推荐目录!A:A,用能设备节能分配!A80) -> 0 | G80: 电动机系统 | I80: other metals 242 | J80: =VLOOKUP(I80,BIFUbC!$A$1:$B$27,2,0) -> 3.4167861e+15 | K80: =J80/SUM($J$66:$J$90) -> 0.026513869 | M80: 2020 | N80: =G$24 -> 风机系统 | O80: =I$24 -> coal mining 05 | P80: =P76 -> Cogeneration and Waste Heat Recovery | Q80: =SUMIFS(D:D,B:B,N80,C:C,P80,A:A,M80)*SUMIFS(K:K,G:G,N80,I:I,O80) -> 0 | R80: =SUMIFS(E:E,B:B,N80,C:C,P80,A:A,M80)*SUMIFS(K:K,G:G,N80,I:I,O80) -> 0
A81: 2021 | B81: 电动机系统 | C81: Improvement in Eqpt Efficiency Standards | D81: =SUMIFS(工业节能技术装备推荐目录!K:K,工业节能技术装备推荐目录!C:C,用能设备节能分配!B81,工业节能技术装备推荐目录!F:F,用能设备节能分配!C81,工业节能技术装备推荐目录!A:A,用能设备节能分配!A81) -> 282.68 | E81: =SUMIFS(工业节能技术装备推荐目录!L:L,工业节能技术装备推荐目录!C:C,用能设备节能分配!B81,工业节能技术装备推荐目录!F:F,用能设备节能分配!C81,工业节能技术装备推荐目录!A:A,用能设备节能分配!A81) -> 2246.4767 | G81: 电动机系统 | I81: metal products except machinery and vehicles 25 | J81: =VLOOKUP(I81,BIFUbC!$A$1:$B$27,2,0) -> 1.0140268e+15 | K81: =J81/SUM($J$66:$J$90) -> 0.0078687321 | M81: 2020 | N81: =G$24 -> 风机系统 | O81: =I$24 -> coal mining 05 | P81: =P77 -> Improvement in Eqpt Efficiency Standards | Q81: =SUMIFS(D:D,B:B,N81,C:C,P81,A:A,M81)*SUMIFS(K:K,G:G,N81,I:I,O81) -> 0 | R81: =SUMIFS(E:E,B:B,N81,C:C,P81,A:A,M81)*SUMIFS(K:K,G:G,N81,I:I,O81) -> 0
A82: 2021 | B82: 空调系统 | C82: Early Facility Retirement | D82: =SUMIFS(工业节能技术装备推荐目录!K:K,工业节能技术装备推荐目录!C:C,用能设备节能分配!B82,工业节能技术装备推荐目录!F:F,用能设备节能分配!C82,工业节能技术装备推荐目录!A:A,用能设备节能分配!A82) -> 0 | E82: =SUMIFS(工业节能技术装备推荐目录!L:L,工业节能技术装备推荐目录!C:C,用能设备节能分配!B82,工业节能技术装备推荐目录!F:F,用能设备节能分配!C82,工业节能技术装备推荐目录!A:A,用能设备节能分配!A82) -> 0 | G82: 电动机系统 | I82: computers and electronics 26 | J82: =VLOOKUP(I82,BIFUbC!$A$1:$B$27,2,0) -> 6.9065231e+14 | K82: =J82/SUM($J$66:$J$90) -> 0.0053593828 | M82: 2020 | N82: =G$24 -> 风机系统 | O82: =I$25 -> refined petroleum and coke 19 | P82: =P78 -> Early Facility Retirement | Q82: =SUMIFS(D:D,B:B,N82,C:C,P82,A:A,M82)*SUMIFS(K:K,G:G,N82,I:I,O82) -> 0 | R82: =SUMIFS(E:E,B:B,N82,C:C,P82,A:A,M82)*SUMIFS(K:K,G:G,N82,I:I,O82) -> 0
A83: 2021 | B83: 空调系统 | C83: Installation and System Integration | D83: =SUMIFS(工业节能技术装备推荐目录!K:K,工业节能技术装备推荐目录!C:C,用能设备节能分配!B83,工业节能技术装备推荐目录!F:F,用能设备节能分配!C83,工业节能技术装备推荐目录!A:A,用能设备节能分配!A83) -> 20.19 | E83: =SUMIFS(工业节能技术装备推荐目录!L:L,工业节能技术装备推荐目录!C:C,用能设备节能分配!B83,工业节能技术装备推荐目录!F:F,用能设备节能分配!C83,工业节能技术装备推荐目录!A:A,用能设备节能分配!A83) -> 150.65 | G83: 电动机系统 | I83: appliances and electrical equipment 27 | J83: =VLOOKUP(I83,BIFUbC!$A$1:$B$27,2,0) -> 3.6778085e+14 | K83: =J83/SUM($J$66:$J$90) -> 0.0028539372 | M83: 2020 | N83: =G$24 -> 风机系统 | O83: =I$25 -> refined petroleum and coke 19 | P83: =P79 -> Installation and System Integration | Q83: =SUMIFS(D:D,B:B,N83,C:C,P83,A:A,M83)*SUMIFS(K:K,G:G,N83,I:I,O83) -> 0 | R83: =SUMIFS(E:E,B:B,N83,C:C,P83,A:A,M83)*SUMIFS(K:K,G:G,N83,I:I,O83) -> 0
A84: 2021 | B84: 空调系统 | C84: Cogeneration and Waste Heat Recovery | D84: =SUMIFS(工业节能技术装备推荐目录!K:K,工业节能技术装备推荐目录!C:C,用能设备节能分配!B84,工业节能技术装备推荐目录!F:F,用能设备节能分配!C84,工业节能技术装备推荐目录!A:A,用能设备节能分配!A84) -> 0 | E84: =SUMIFS(工业节能技术装备推荐目录!L:L,工业节能技术装备推荐目录!C:C,用能设备节能分配!B84,工业节能技术装备推荐目录!F:F,用能设备节能分配!C84,工业节能技术装备推荐目录!A:A,用能设备节能分配!A84) -> 0 | G84: 电动机系统 | I84: other machinery 28 | J84: =VLOOKUP(I84,BIFUbC!$A$1:$B$27,2,0) -> 2.2749699e+14 | K84: =J84/SUM($J$66:$J$90) -> 0.0017653506 | M84: 2020 | N84: =G$24 -> 风机系统 | O84: =I$25 -> refined petroleum and coke 19 | P84: =P80 -> Cogeneration and Waste Heat Recovery | Q84: =SUMIFS(D:D,B:B,N84,C:C,P84,A:A,M84)*SUMIFS(K:K,G:G,N84,I:I,O84) -> 0 | R84: =SUMIFS(E:E,B:B,N84,C:C,P84,A:A,M84)*SUMIFS(K:K,G:G,N84,I:I,O84) -> 0
A85: 2021 | B85: 空调系统 | C85: Improvement in Eqpt Efficiency Standards | D85: =SUMIFS(工业节能技术装备推荐目录!K:K,工业节能技术装备推荐目录!C:C,用能设备节能分配!B85,工业节能技术装备推荐目录!F:F,用能设备节能分配!C85,工业节能技术装备推荐目录!A:A,用能设备节能分配!A85) -> 92.45 | E85: =SUMIFS(工业节能技术装备推荐目录!L:L,工业节能技术装备推荐目录!C:C,用能设备节能分配!B85,工业节能技术装备推荐目录!F:F,用能设备节能分配!C85,工业节能技术装备推荐目录!A:A,用能设备节能分配!A85) -> 2686.15 | G85: 电动机系统 | I85: road vehicles 29 | J85: =VLOOKUP(I85,BIFUbC!$A$1:$B$27,2,0) -> 5.088702e+14 | K85: =J85/SUM($J$66:$J$90) -> 0.0039487744 | M85: 2020 | N85: =G$24 -> 风机系统 | O85: =I$25 -> refined petroleum and coke 19 | P85: =P81 -> Improvement in Eqpt Efficiency Standards | Q85: =SUMIFS(D:D,B:B,N85,C:C,P85,A:A,M85)*SUMIFS(K:K,G:G,N85,I:I,O85) -> 0 | R85: =SUMIFS(E:E,B:B,N85,C:C,P85,A:A,M85)*SUMIFS(K:K,G:G,N85,I:I,O85) -> 0
A86: 2021 | B86: 能源系统 | C86: Early Facility Retirement | D86: =SUMIFS(工业节能技术装备推荐目录!K:K,工业节能技术装备推荐目录!C:C,用能设备节能分配!B86,工业节能技术装备推荐目录!F:F,用能设备节能分配!C86,工业节能技术装备推荐目录!A:A,用能设备节能分配!A86) -> 0 | E86: =SUMIFS(工业节能技术装备推荐目录!L:L,工业节能技术装备推荐目录!C:C,用能设备节能分配!B86,工业节能技术装备推荐目录!F:F,用能设备节能分配!C86,工业节能技术装备推荐目录!A:A,用能设备节能分配!A86) -> 0 | G86: 电动机系统 | I86: nonroad vehicles 30 | J86: =VLOOKUP(I86,BIFUbC!$A$1:$B$27,2,0) -> 1.5444635e+14 | K86: =J86/SUM($J$66:$J$90) -> 0.001198486 | M86: 2020 | N86: =G$24 -> 风机系统 | O86: =I$26 -> chemicals 20 | P86: =P82 -> Early Facility Retirement | Q86: =SUMIFS(D:D,B:B,N86,C:C,P86,A:A,M86)*SUMIFS(K:K,G:G,N86,I:I,O86) -> 0 | R86: =SUMIFS(E:E,B:B,N86,C:C,P86,A:A,M86)*SUMIFS(K:K,G:G,N86,I:I,O86) -> 0
A87: 2021 | B87: 能源系统 | C87: Installation and System Integration | D87: =SUMIFS(工业节能技术装备推荐目录!K:K,工业节能技术装备推荐目录!C:C,用能设备节能分配!B87,工业节能技术装备推荐目录!F:F,用能设备节能分配!C87,工业节能技术装备推荐目录!A:A,用能设备节能分配!A87) -> 179.21 | E87: =SUMIFS(工业节能技术装备推荐目录!L:L,工业节能技术装备推荐目录!C:C,用能设备节能分配!B87,工业节能技术装备推荐目录!F:F,用能设备节能分配!C87,工业节能技术装备推荐目录!A:A,用能设备节能分配!A87) -> 1267.6086 | G87: 电动机系统 | I87: other manufacturing 31T33 | J87: =VLOOKUP(I87,BIFUbC!$A$1:$B$27,2,0) -> 5.1226346e+14 | K87: =J87/SUM($J$66:$J$90) -> 0.0039751057 | M87: 2020 | N87: =G$24 -> 风机系统 | O87: =I$26 -> chemicals 20 | P87: =P83 -> Installation and System Integration | Q87: =SUMIFS(D:D,B:B,N87,C:C,P87,A:A,M87)*SUMIFS(K:K,G:G,N87,I:I,O87) -> 0 | R87: =SUMIFS(E:E,B:B,N87,C:C,P87,A:A,M87)*SUMIFS(K:K,G:G,N87,I:I,O87) -> 0
A88: 2021 | B88: 能源系统 | C88: Cogeneration and Waste Heat Recovery | D88: =SUMIFS(工业节能技术装备推荐目录!K:K,工业节能技术装备推荐目录!C:C,用能设备节能分配!B88,工业节能技术装备推荐目录!F:F,用能设备节能分配!C88,工业节能技术装备推荐目录!A:A,用能设备节能分配!A88) -> 0 | E88: =SUMIFS(工业节能技术装备推荐目录!L:L,工业节能技术装备推荐目录!C:C,用能设备节能分配!B88,工业节能技术装备推荐目录!F:F,用能设备节能分配!C88,工业节能技术装备推荐目录!A:A,用能设备节能分配!A88) -> 0 | G88: 电动机系统 | I88: energy pipelines and gas processing 352T353 | J88: =VLOOKUP(I88,BIFUbC!$A$1:$B$27,2,0) -> 1.2288109e+15 | K88: =J88/SUM($J$66:$J$90) -> 0.0095354319 | M88: 2020 | N88: =G$24 -> 风机系统 | O88: =I$26 -> chemicals 20 | P88: =P84 -> Cogeneration and Waste Heat Recovery | Q88: =SUMIFS(D:D,B:B,N88,C:C,P88,A:A,M88)*SUMIFS(K:K,G:G,N88,I:I,O88) -> 0 | R88: =SUMIFS(E:E,B:B,N88,C:C,P88,A:A,M88)*SUMIFS(K:K,G:G,N88,I:I,O88) -> 0
A89: 2021 | B89: 能源系统 | C89: Improvement in Eqpt Efficiency Standards | D89: =SUMIFS(工业节能技术装备推荐目录!K:K,工业节能技术装备推荐目录!C:C,用能设备节能分配!B89,工业节能技术装备推荐目录!F:F,用能设备节能分配!C89,工业节能技术装备推荐目录!A:A,用能设备节能分配!A89) -> 0 | E89: =SUMIFS(工业节能技术装备推荐目录!L:L,工业节能技术装备推荐目录!C:C,用能设备节能分配!B89,工业节能技术装备推荐目录!F:F,用能设备节能分配!C89,工业节能技术装备推荐目录!A:A,用能设备节能分配!A89) -> 0 | G89: 电动机系统 | I89: water and waste 36T39 | J89: =VLOOKUP(I89,BIFUbC!$A$1:$B$27,2,0) -> 353812120372585 | K89: =J89/SUM($J$66:$J$90) -> 0.0027455415 | M89: 2020 | N89: =G$24 -> 风机系统 | O89: =I$26 -> chemicals 20 | P89: =P85 -> Improvement in Eqpt Efficiency Standards | Q89: =SUMIFS(D:D,B:B,N89,C:C,P89,A:A,M89)*SUMIFS(K:K,G:G,N89,I:I,O89) -> 0 | R89: =SUMIFS(E:E,B:B,N89,C:C,P89,A:A,M89)*SUMIFS(K:K,G:G,N89,I:I,O89) -> 0
A90: 2021 | B90: 风机系统 | C90: Early Facility Retirement | D90: =SUMIFS(工业节能技术装备推荐目录!K:K,工业节能技术装备推荐目录!C:C,用能设备节能分配!B90,工业节能技术装备推荐目录!F:F,用能设备节能分配!C90,工业节能技术装备推荐目录!A:A,用能设备节能分配!A90) -> 0 | E90: =SUMIFS(工业节能技术装备推荐目录!L:L,工业节能技术装备推荐目录!C:C,用能设备节能分配!B90,工业节能技术装备推荐目录!F:F,用能设备节能分配!C90,工业节能技术装备推荐目录!A:A,用能设备节能分配!A90) -> 0 | G90: 电动机系统 | I90: construction 41T43 | J90: =VLOOKUP(I90,BIFUbC!$A$1:$B$27,2,0) -> 1.8245932e+15 | K90: =J90/SUM($J$66:$J$90) -> 0.014158634 | M90: 2020 | N90: =G$24 -> 风机系统 | O90: =I$27 -> iron and steel 241 | P90: =P86 -> Early Facility Retirement | Q90: =SUMIFS(D:D,B:B,N90,C:C,P90,A:A,M90)*SUMIFS(K:K,G:G,N90,I:I,O90) -> 0 | R90: =SUMIFS(E:E,B:B,N90,C:C,P90,A:A,M90)*SUMIFS(K:K,G:G,N90,I:I,O90) -> 0
A91: 2021 | B91: 风机系统 | C91: Installation and System Integration | D91: =SUMIFS(工业节能技术装备推荐目录!K:K,工业节能技术装备推荐目录!C:C,用能设备节能分配!B91,工业节能技术装备推荐目录!F:F,用能设备节能分配!C91,工业节能技术装备推荐目录!A:A,用能设备节能分配!A91) -> 0 | E91: =SUMIFS(工业节能技术装备推荐目录!L:L,工业节能技术装备推荐目录!C:C,用能设备节能分配!B91,工业节能技术装备推荐目录!F:F,用能设备节能分配!C91,工业节能技术装备推荐目录!A:A,用能设备节能分配!A91) -> 0 | G91: 能源系统 | I91: agriculture and forestry 01T03 | J91: =VLOOKUP(I91,BIFUbC!$A$1:$B$27,2,0) -> 1.655906e+15 | K91: =J91/SUM($J$91:$J$115) -> 0.01284964 | M91: 2020 | N91: =G$24 -> 风机系统 | O91: =I$27 -> iron and steel 241 | P91: =P87 -> Installation and System Integration | Q91: =SUMIFS(D:D,B:B,N91,C:C,P91,A:A,M91)*SUMIFS(K:K,G:G,N91,I:I,O91) -> 0 | R91: =SUMIFS(E:E,B:B,N91,C:C,P91,A:A,M91)*SUMIFS(K:K,G:G,N91,I:I,O91) -> 0
A92: 2021 | B92: 风机系统 | C92: Cogeneration and Waste Heat Recovery | D92: =SUMIFS(工业节能技术装备推荐目录!K:K,工业节能技术装备推荐目录!C:C,用能设备节能分配!B92,工业节能技术装备推荐目录!F:F,用能设备节能分配!C92,工业节能技术装备推荐目录!A:A,用能设备节能分配!A92) -> 0 | E92: =SUMIFS(工业节能技术装备推荐目录!L:L,工业节能技术装备推荐目录!C:C,用能设备节能分配!B92,工业节能技术装备推荐目录!F:F,用能设备节能分配!C92,工业节能技术装备推荐目录!A:A,用能设备节能分配!A92) -> 0 | G92: 能源系统 | I92: coal mining 05 | J92: =VLOOKUP(I92,BIFUbC!$A$1:$B$27,2,0) -> 1.8369744e+16 | K92: =J92/SUM($J$91:$J$115) -> 0.14254711 | M92: 2020 | N92: =G$24 -> 风机系统 | O92: =I$27 -> iron and steel 241 | P92: =P88 -> Cogeneration and Waste Heat Recovery | Q92: =SUMIFS(D:D,B:B,N92,C:C,P92,A:A,M92)*SUMIFS(K:K,G:G,N92,I:I,O92) -> 0 | R92: =SUMIFS(E:E,B:B,N92,C:C,P92,A:A,M92)*SUMIFS(K:K,G:G,N92,I:I,O92) -> 0
A93: 2021 | B93: 风机系统 | C93: Improvement in Eqpt Efficiency Standards | D93: =SUMIFS(工业节能技术装备推荐目录!K:K,工业节能技术装备推荐目录!C:C,用能设备节能分配!B93,工业节能技术装备推荐目录!F:F,用能设备节能分配!C93,工业节能技术装备推荐目录!A:A,用能设备节能分配!A93) -> 60 | E93: =SUMIFS(工业节能技术装备推荐目录!L:L,工业节能技术装备推荐目录!C:C,用能设备节能分配!B93,工业节能技术装备推荐目录!F:F,用能设备节能分配!C93,工业节能技术装备推荐目录!A:A,用能设备节能分配!A93) -> 300 | G93: 能源系统 | I93: oil and gas extraction 06 | J93: =VLOOKUP(I93,BIFUbC!$A$1:$B$27,2,0) -> 7.8256971e+14 | K93: =J93/SUM($J$91:$J$115) -> 0.0060726512 | M93: 2020 | N93: =G$24 -> 风机系统 | O93: =I$27 -> iron and steel 241 | P93: =P89 -> Improvement in Eqpt Efficiency Standards | Q93: =SUMIFS(D:D,B:B,N93,C:C,P93,A:A,M93)*SUMIFS(K:K,G:G,N93,I:I,O93) -> 0 | R93: =SUMIFS(E:E,B:B,N93,C:C,P93,A:A,M93)*SUMIFS(K:K,G:G,N93,I:I,O93) -> 0
A94: 2021 | B94: 汽轮机 | C94: Early Facility Retirement | D94: =SUMIFS(工业节能技术装备推荐目录!K:K,工业节能技术装备推荐目录!C:C,用能设备节能分配!B94,工业节能技术装备推荐目录!F:F,用能设备节能分配!C94,工业节能技术装备推荐目录!A:A,用能设备节能分配!A94) -> 0 | E94: =SUMIFS(工业节能技术装备推荐目录!L:L,工业节能技术装备推荐目录!C:C,用能设备节能分配!B94,工业节能技术装备推荐目录!F:F,用能设备节能分配!C94,工业节能技术装备推荐目录!A:A,用能设备节能分配!A94) -> 0 | G94: 能源系统 | I94: other mining and quarrying 07T08 | J94: =VLOOKUP(I94,BIFUbC!$A$1:$B$27,2,0) -> 6.2163651e+14 | K94: =J94/SUM($J$91:$J$115) -> 0.004823828 | M94: 2020 | N94: =G$29 -> 汽轮机 | O94: =I$29 -> refined petroleum and coke 19 | P94: =P90 -> Early Facility Retirement | Q94: =SUMIFS(D:D,B:B,N94,C:C,P94,A:A,M94)*SUMIFS(K:K,G:G,N94,I:I,O94) -> 0 | R94: =SUMIFS(E:E,B:B,N94,C:C,P94,A:A,M94)*SUMIFS(K:K,G:G,N94,I:I,O94) -> 0
A95: 2021 | B95: 汽轮机 | C95: Installation and System Integration | D95: =SUMIFS(工业节能技术装备推荐目录!K:K,工业节能技术装备推荐目录!C:C,用能设备节能分配!B95,工业节能技术装备推荐目录!F:F,用能设备节能分配!C95,工业节能技术装备推荐目录!A:A,用能设备节能分配!A95) -> 0 | E95: =SUMIFS(工业节能技术装备推荐目录!L:L,工业节能技术装备推荐目录!C:C,用能设备节能分配!B95,工业节能技术装备推荐目录!F:F,用能设备节能分配!C95,工业节能技术装备推荐目录!A:A,用能设备节能分配!A95) -> 0 | G95: 能源系统 | I95: food beverage and tobacco 10T12 | J95: =VLOOKUP(I95,BIFUbC!$A$1:$B$27,2,0) -> 1.5180729e+15 | K95: =J95/SUM($J$91:$J$115) -> 0.011780072 | M95: 2020 | N95: =G$29 -> 汽轮机 | O95: =I$29 -> refined petroleum and coke 19 | P95: =P91 -> Installation and System Integration | Q95: =SUMIFS(D:D,B:B,N95,C:C,P95,A:A,M95)*SUMIFS(K:K,G:G,N95,I:I,O95) -> 0 | R95: =SUMIFS(E:E,B:B,N95,C:C,P95,A:A,M95)*SUMIFS(K:K,G:G,N95,I:I,O95) -> 0
A96: 2021 | B96: 汽轮机 | C96: Cogeneration and Waste Heat Recovery | D96: =SUMIFS(工业节能技术装备推荐目录!K:K,工业节能技术装备推荐目录!C:C,用能设备节能分配!B96,工业节能技术装备推荐目录!F:F,用能设备节能分配!C96,工业节能技术装备推荐目录!A:A,用能设备节能分配!A96) -> 0 | E96: =SUMIFS(工业节能技术装备推荐目录!L:L,工业节能技术装备推荐目录!C:C,用能设备节能分配!B96,工业节能技术装备推荐目录!F:F,用能设备节能分配!C96,工业节能技术装备推荐目录!A:A,用能设备节能分配!A96) -> 0 | G96: 能源系统 | I96: textiles apparel and leather 13T15 | J96: =VLOOKUP(I96,BIFUbC!$A$1:$B$27,2,0) -> 1.3736513e+15 | K96: =J96/SUM($J$91:$J$115) -> 0.010659377 | M96: 2020 | N96: =G$29 -> 汽轮机 | O96: =I$29 -> refined petroleum and coke 19 | P96: =P92 -> Cogeneration and Waste Heat Recovery | Q96: =SUMIFS(D:D,B:B,N96,C:C,P96,A:A,M96)*SUMIFS(K:K,G:G,N96,I:I,O96) -> 0 | R96: =SUMIFS(E:E,B:B,N96,C:C,P96,A:A,M96)*SUMIFS(K:K,G:G,N96,I:I,O96) -> 0
A97: 2021 | B97: 汽轮机 | C97: Improvement in Eqpt Efficiency Standards | D97: =SUMIFS(工业节能技术装备推荐目录!K:K,工业节能技术装备推荐目录!C:C,用能设备节能分配!B97,工业节能技术装备推荐目录!F:F,用能设备节能分配!C97,工业节能技术装备推荐目录!A:A,用能设备节能分配!A97) -> 4.29 | E97: =SUMIFS(工业节能技术装备推荐目录!L:L,工业节能技术装备推荐目录!C:C,用能设备节能分配!B97,工业节能技术装备推荐目录!F:F,用能设备节能分配!C97,工业节能技术装备推荐目录!A:A,用能设备节能分配!A97) -> 39.468 | G97: 能源系统 | I97: wood products 16 | J97: =VLOOKUP(I97,BIFUbC!$A$1:$B$27,2,0) -> 2.0367106e+14 | K97: =J97/SUM($J$91:$J$115) -> 0.0015804641 | M97: 2020 | N97: =G$29 -> 汽轮机 | O97: =I$29 -> refined petroleum and coke 19 | P97: =P93 -> Improvement in Eqpt Efficiency Standards | Q97: =SUMIFS(D:D,B:B,N97,C:C,P97,A:A,M97)*SUMIFS(K:K,G:G,N97,I:I,O97) -> 0 | R97: =SUMIFS(E:E,B:B,N97,C:C,P97,A:A,M97)*SUMIFS(K:K,G:G,N97,I:I,O97) -> 0
A98: 2021 | B98: 工业炉窑 | C98: Early Facility Retirement | D98: =SUMIFS(工业节能技术装备推荐目录!K:K,工业节能技术装备推荐目录!C:C,用能设备节能分配!B98,工业节能技术装备推荐目录!F:F,用能设备节能分配!C98,工业节能技术装备推荐目录!A:A,用能设备节能分配!A98) -> 0 | E98: =SUMIFS(工业节能技术装备推荐目录!L:L,工业节能技术装备推荐目录!C:C,用能设备节能分配!B98,工业节能技术装备推荐目录!F:F,用能设备节能分配!C98,工业节能技术装备推荐目录!A:A,用能设备节能分配!A98) -> 0 | G98: 能源系统 | I98: pulp paper and printing 17T18 | J98: =VLOOKUP(I98,BIFUbC!$A$1:$B$27,2,0) -> 8.7152832e+14 | K98: =J98/SUM($J$91:$J$115) -> 0.0067629599 | M98: 2020 | N98: =G$29 -> 汽轮机 | O98: =I$30 -> iron and steel 241 | P98: =P94 -> Early Facility Retirement | Q98: =SUMIFS(D:D,B:B,N98,C:C,P98,A:A,M98)*SUMIFS(K:K,G:G,N98,I:I,O98) -> 0 | R98: =SUMIFS(E:E,B:B,N98,C:C,P98,A:A,M98)*SUMIFS(K:K,G:G,N98,I:I,O98) -> 0
A99: 2021 | B99: 工业炉窑 | C99: Installation and System Integration | D99: =SUMIFS(工业节能技术装备推荐目录!K:K,工业节能技术装备推荐目录!C:C,用能设备节能分配!B99,工业节能技术装备推荐目录!F:F,用能设备节能分配!C99,工业节能技术装备推荐目录!A:A,用能设备节能分配!A99) -> 0 | E99: =SUMIFS(工业节能技术装备推荐目录!L:L,工业节能技术装备推荐目录!C:C,用能设备节能分配!B99,工业节能技术装备推荐目录!F:F,用能设备节能分配!C99,工业节能技术装备推荐目录!A:A,用能设备节能分配!A99) -> 0 | G99: 能源系统 | I99: refined petroleum and coke 19 | J99: =VLOOKUP(I99,BIFUbC!$A$1:$B$27,2,0) -> 5.4451105e+16 | K99: =J99/SUM($J$91:$J$115) -> 0.42253433 | M99: 2020 | N99: =G$29 -> 汽轮机 | O99: =I$30 -> iron and steel 241 | P99: =P95 -> Installation and System Integration | Q99: =SUMIFS(D:D,B:B,N99,C:C,P99,A:A,M99)*SUMIFS(K:K,G:G,N99,I:I,O99) -> 0 | R99: =SUMIFS(E:E,B:B,N99,C:C,P99,A:A,M99)*SUMIFS(K:K,G:G,N99,I:I,O99) -> 0
A100: 2021 | B100: 工业炉窑 | C100: Cogeneration and Waste Heat Recovery | D100: =SUMIFS(工业节能技术装备推荐目录!K:K,工业节能技术装备推荐目录!C:C,用能设备节能分配!B100,工业节能技术装备推荐目录!F:F,用能设备节能分配!C100,工业节能技术装备推荐目录!A:A,用能设备节能分配!A100) -> 4.6 | E100: =SUMIFS(工业节能技术装备推荐目录!L:L,工业节能技术装备推荐目录!C:C,用能设备节能分配!B100,工业节能技术装备推荐目录!F:F,用能设备节能分配!C100,工业节能技术装备推荐目录!A:A,用能设备节能分配!A100) -> 32.528571 | G100: 能源系统 | I100: chemicals 20 | J100: =VLOOKUP(I100,BIFUbC!$A$1:$B$27,2,0) -> 1.1779139e+16 | K100: =J100/SUM($J$91:$J$115) -> 0.091404769 | M100: 2020 | N100: =G$29 -> 汽轮机 | O100: =I$30 -> iron and steel 241 | P100: =P96 -> Cogeneration and Waste Heat Recovery | Q100: =SUMIFS(D:D,B:B,N100,C:C,P100,A:A,M100)*SUMIFS(K:K,G:G,N100,I:I,O100) -> 0 | R100: =SUMIFS(E:E,B:B,N100,C:C,P100,A:A,M100)*SUMIFS(K:K,G:G,N100,I:I,O100) -> 0
...

Sheet Early Facility Retirement
A1: Early Facility Retirement | B1: 节能量 | K1: BTU/万tce
A2: unit:万tce | B2: 100%实现 | C2: 2021 | D2: 2022 | E2: 2023 | F2: 2024 | G2: 2025 | H2: 2026 | I2: 2027 | K2: 2.7743555e+11
A3: agriculture and forestry 01T03 | B3: =SUMIFS(工业节能技术装备推荐目录!L:L,工业节能技术装备推荐目录!D:D,'Early Facility Retirement'!A3,工业节能技术装备推荐目录!F:F,'Early Facility Retirement'!$A$1)+SUMIFS(用能设备节能分配!R:R,用能设备节能分配!O:O,'Early Facility Retirement'!A3,用能设备节能分配!P:P,'Early Facility Retirement'!$A$1) -> 0.059750828 | C3: =SUMIFS(工业节能技术装备推荐目录!K:K,工业节能技术装备推荐目录!D:D,'Early Facility Retirement'!A3,工业节能技术装备推荐目录!F:F,'Early Facility Retirement'!$A$1,工业节能技术装备推荐目录!A:A,"2020")+SUMIFS(用能设备节能分配!Q:Q,用能设备节能分配!O:O,'Early Facility Retirement'!A3,用能设备节能分配!P:P,'Early Facility Retirement'!$A$1,用能设备节能分配!M:M,"2020") -> 0 | D3: =SUMIFS(工业节能技术装备推荐目录!K:K,工业节能技术装备推荐目录!D:D,'Early Facility Retirement'!A3,工业节能技术装备推荐目录!F:F,'Early Facility Retirement'!$A$1,工业节能技术装备推荐目录!A:A,"2020")+SUMIFS(用能设备节能分配!Q:Q,用能设备节能分配!O:O,'Early Facility Retirement'!A3,用能设备节能分配!P:P,'Early Facility Retirement'!$A$1,用能设备节能分配!M:M,"2020")+SUMIFS(工业节能技术装备推荐目录!K:K,工业节能技术装备推荐目录!D:D,'Early Facility Retirement'!A3,工业节能技术装备推荐目录!F:F,'Early Facility Retirement'!$A$1,工业节能技术装备推荐目录!A:A,"2021")+SUMIFS(用能设备节能分配!Q:Q,用能设备节能分配!O:O,'Early Facility Retirement'!A3,用能设备节能分配!P:P,'Early Facility Retirement'!$A$1,用能设备节能分配!M:M,"2021") -> 0.011950166 | E3: =SUMIFS(工业节能技术装备推荐目录!K:K,工业节能技术装备推荐目录!D:D,'Early Facility Retirement'!A3,工业节能技术装备推荐目录!F:F,'Early Facility Retirement'!$A$1,工业节能技术装备推荐目录!A:A,"2020")+SUMIFS(用能设备节能分配!Q:Q,用能设备节能分配!O:O,'Early Facility Retirement'!A3,用能设备节能分配!P:P,'Early Facility Retirement'!$A$1,用能设备节能分配!M:M,"2020")+SUMIFS(工业节能技术装备推荐目录!K:K,工业节能技术装备推荐目录!D:D,'Early Facility Retirement'!A3,工业节能技术装备推荐目录!F:F,'Early Facility Retirement'!$A$1,工业节能技术装备推荐目录!A:A,"2021")+SUMIFS(用能设备节能分配!Q:Q,用能设备节能分配!O:O,'Early Facility Retirement'!A3,用能设备节能分配!P:P,'Early Facility Retirement'!$A$1,用能设备节能分配!M:M,"2021")+SUMIFS(工业节能技术装备推荐目录!K:K,工业节能技术装备推荐目录!D:D,'Early Facility Retirement'!A3,工业节能技术装备推荐目录!F:F,'Early Facility Retirement'!$A$1,工业节能技术装备推荐目录!A:A,"2022")+SUMIFS(用能设备节能分配!Q:Q,用能设备节能分配!O:O,'Early Facility Retirement'!A3,用能设备节能分配!P:P,'Early Facility Retirement'!$A$1,用能设备节能分配!M:M,"2022") -> 0.011950166 | F3: =SUMIFS(工业节能技术装备推荐目录!K:K,工业节能技术装备推荐目录!D:D,'Early Facility Retirement'!A3,工业节能技术装备推荐目录!F:F,'Early Facility Retirement'!$A$1,工业节能技术装备推荐目录!A:A,"2020")+SUMIFS(用能设备节能分配!Q:Q,用能设备节能分配!O:O,'Early Facility Retirement'!A3,用能设备节能分配!P:P,'Early Facility Retirement'!$A$1,用能设备节能分配!M:M,"2020")+SUMIFS(工业节能技术装备推荐目录!K:K,工业节能技术装备推荐目录!D:D,'Early Facility Retirement'!A3,工业节能技术装备推荐目录!F:F,'Early Facility Retirement'!$A$1,工业节能技术装备推荐目录!A:A,"2021")+SUMIFS(用能设备节能分配!Q:Q,用能设备节能分配!O:O,'Early Facility Retirement'!A3,用能设备节能分配!P:P,'Early Facility Retirement'!$A$1,用能设备节能分配!M:M,"2021")+SUMIFS(工业节能技术装备推荐目录!K:K,工业节能技术装备推荐目录!D:D,'Early Facility Retirement'!A3,工业节能技术装备推荐目录!F:F,'Early Facility Retirement'!$A$1,工业节能技术装备推荐目录!A:A,"2022")+SUMIFS(用能设备节能分配!Q:Q,用能设备节能分配!O:O,'Early Facility Retirement'!A3,用能设备节能分配!P:P,'Early Facility Retirement'!$A$1,用能设备节能分配!M:M,"2022") -> 0.011950166 | G3: =SUMIFS(工业节能技术装备推荐目录!K:K,工业节能技术装备推荐目录!D:D,'Early Facility Retirement'!A3,工业节能技术装备推荐目录!F:F,'Early Facility Retirement'!$A$1,工业节能技术装备推荐目录!A:A,"2020")+SUMIFS(用能设备节能分配!Q:Q,用能设备节能分配!O:O,'Early Facility Retirement'!A3,用能设备节能分配!P:P,'Early Facility Retirement'!$A$1,用能设备节能分配!M:M,"2020")+SUMIFS(工业节能技术装备推荐目录!K:K,工业节能技术装备推荐目录!D:D,'Early Facility Retirement'!A3,工业节能技术装备推荐目录!F:F,'Early Facility Retirement'!$A$1,工业节能技术装备推荐目录!A:A,"2022")+SUMIFS(用能设备节能分配!Q:Q,用能设备节能分配!O:O,'Early Facility Retirement'!A3,用能设备节能分配!P:P,'Early Facility Retirement'!$A$1,用能设备节能分配!M:M,"2022") -> 0 | H3: =SUMIFS(工业节能技术装备推荐目录!K:K,工业节能技术装备推荐目录!D:D,'Early Facility Retirement'!A3,工业节能技术装备推荐目录!F:F,'Early Facility Retirement'!$A$1,工业节能技术装备推荐目录!A:A,"2022")+SUMIFS(用能设备节能分配!Q:Q,用能设备节能分配!O:O,'Early Facility Retirement'!A3,用能设备节能分配!P:P,'Early Facility Retirement'!$A$1,用能设备节能分配!M:M,"2022") -> 0 | I3: =SUMIFS(工业节能技术装备推荐目录!K:K,工业节能技术装备推荐目录!D:D,'Early Facility Retirement'!A3,工业节能技术装备推荐目录!F:F,'Early Facility Retirement'!$A$1,工业节能技术装备推荐目录!A:A,"2022")+SUMIFS(用能设备节能分配!Q:Q,用能设备节能分配!O:O,'Early Facility Retirement'!A3,用能设备节能分配!P:P,'Early Facility Retirement'!$A$1,用能设备节能分配!M:M,"2022") -> 0
A4: coal mining 05 | B4: =SUMIFS(工业节能技术装备推荐目录!L:L,工业节能技术装备推荐目录!D:D,'Early Facility Retirement'!A4,工业节能技术装备推荐目录!F:F,'Early Facility Retirement'!$A$1)+SUMIFS(用能设备节能分配!R:R,用能设备节能分配!O:O,'Early Facility Retirement'!A4,用能设备节能分配!P:P,'Early Facility Retirement'!$A$1) -> 121.37364 | C4: =SUMIFS(工业节能技术装备推荐目录!K:K,工业节能技术装备推荐目录!D:D,'Early Facility Retirement'!A4,工业节能技术装备推荐目录!F:F,'Early Facility Retirement'!$A$1,工业节能技术装备推荐目录!A:A,"2020")+SUMIFS(用能设备节能分配!Q:Q,用能设备节能分配!O:O,'Early Facility Retirement'!A4,用能设备节能分配!P:P,'Early Facility Retirement'!$A$1,用能设备节能分配!M:M,"2020") -> 0 | D4: =SUMIFS(工业节能技术装备推荐目录!K:K,工业节能技术装备推荐目录!D:D,'Early Facility Retirement'!A4,工业节能技术装备推荐目录!F:F,'Early Facility Retirement'!$A$1,工业节能技术装备推荐目录!A:A,"2020")+SUMIFS(用能设备节能分配!Q:Q,用能设备节能分配!O:O,'Early Facility Retirement'!A4,用能设备节能分配!P:P,'Early Facility Retirement'!$A$1,用能设备节能分配!M:M,"2020")+SUMIFS(工业节能技术装备推荐目录!K:K,工业节能技术装备推荐目录!D:D,'Early Facility Retirement'!A4,工业节能技术装备推荐目录!F:F,'Early Facility Retirement'!$A$1,工业节能技术装备推荐目录!A:A,"2021")+SUMIFS(用能设备节能分配!Q:Q,用能设备节能分配!O:O,'Early Facility Retirement'!A4,用能设备节能分配!P:P,'Early Facility Retirement'!$A$1,用能设备节能分配!M:M,"2021") -> 0.95989822 | E4: =SUMIFS(工业节能技术装备推荐目录!K:K,工业节能技术装备推荐目录!D:D,'Early Facility Retirement'!A4,工业节能技术装备推荐目录!F:F,'Early Facility Retirement'!$A$1,工业节能技术装备推荐目录!A:A,"2020")+SUMIFS(用能设备节能分配!Q:Q,用能设备节能分配!O:O,'Early Facility Retirement'!A4,用能设备节能分配!P:P,'Early Facility Retirement'!$A$1,用能设备节能分配!M:M,"2020")+SUMIFS(工业节能技术装备推荐目录!K:K,工业节能技术装备推荐目录!D:D,'Early Facility Retirement'!A4,工业节能技术装备推荐目录!F:F,'Early Facility Retirement'!$A$1,工业节能技术装备推荐目录!A:A,"2021")+SUMIFS(用能设备节能分配!Q:Q,用能设备节能分配!O:O,'Early Facility Retirement'!A4,用能设备节能分配!P:P,'Early Facility Retirement'!$A$1,用能设备节能分配!M:M,"2021")+SUMIFS(工业节能技术装备推荐目录!K:K,工业节能技术装备推荐目录!D:D,'Early Facility Retirement'!A4,工业节能技术装备推荐目录!F:F,'Early Facility Retirement'!$A$1,工业节能技术装备推荐目录!A:A,"2022")+SUMIFS(用能设备节能分配!Q:Q,用能设备节能分配!O:O,'Early Facility Retirement'!A4,用能设备节能分配!P:P,'Early Facility Retirement'!$A$1,用能设备节能分配!M:M,"2022") -> 45.959898 | F4: =SUMIFS(工业节能技术装备推荐目录!K:K,工业节能技术装备推荐目录!D:D,'Early Facility Retirement'!A4,工业节能技术装备推荐目录!F:F,'Early Facility Retirement'!$A$1,工业节能技术装备推荐目录!A:A,"2020")+SUMIFS(用能设备节能分配!Q:Q,用能设备节能分配!O:O,'Early Facility Retirement'!A4,用能设备节能分配!P:P,'Early Facility Retirement'!$A$1,用能设备节能分配!M:M,"2020")+SUMIFS(工业节能技术装备推荐目录!K:K,工业节能技术装备推荐目录!D:D,'Early Facility Retirement'!A4,工业节能技术装备推荐目录!F:F,'Early Facility Retirement'!$A$1,工业节能技术装备推荐目录!A:A,"2021")+SUMIFS(用能设备节能分配!Q:Q,用能设备节能分配!O:O,'Early Facility Retirement'!A4,用能设备节能分配!P:P,'Early Facility Retirement'!$A$1,用能设备节能分配!M:M,"2021")+SUMIFS(工业节能技术装备推荐目录!K:K,工业节能技术装备推荐目录!D:D,'Early Facility Retirement'!A4,工业节能技术装备推荐目录!F:F,'Early Facility Retirement'!$A$1,工业节能技术装备推荐目录!A:A,"2022")+SUMIFS(用能设备节能分配!Q:Q,用能设备节能分配!O:O,'Early Facility Retirement'!A4,用能设备节能分配!P:P,'Early Facility Retirement'!$A$1,用能设备节能分配!M:M,"2022") -> 45.959898 | G4: =SUMIFS(工业节能技术装备推荐目录!K:K,工业节能技术装备推荐目录!D:D,'Early Facility Retirement'!A4,工业节能技术装备推荐目录!F:F,'Early Facility Retirement'!$A$1,工业节能技术装备推荐目录!A:A,"2020")+SUMIFS(用能设备节能分配!Q:Q,用能设备节能分配!O:O,'Early Facility Retirement'!A4,用能设备节能分配!P:P,'Early Facility Retirement'!$A$1,用能设备节能分配!M:M,"2020")+SUMIFS(工业节能技术装备推荐目录!K:K,工业节能技术装备推荐目录!D:D,'Early Facility Retirement'!A4,工业节能技术装备推荐目录!F:F,'Early Facility Retirement'!$A$1,工业节能技术装备推荐目录!A:A,"2022")+SUMIFS(用能设备节能分配!Q:Q,用能设备节能分配!O:O,'Early Facility Retirement'!A4,用能设备节能分配!P:P,'Early Facility Retirement'!$A$1,用能设备节能分配!M:M,"2022") -> 45 | H4: =SUMIFS(工业节能技术装备推荐目录!K:K,工业节能技术装备推荐目录!D:D,'Early Facility Retirement'!A4,工业节能技术装备推荐目录!F:F,'Early Facility Retirement'!$A$1,工业节能技术装备推荐目录!A:A,"2022")+SUMIFS(用能设备节能分配!Q:Q,用能设备节能分配!O:O,'Early Facility Retirement'!A4,用能设备节能分配!P:P,'Early Facility Retirement'!$A$1,用能设备节能分配!M:M,"2022") -> 45 | I4: =SUMIFS(工业节能技术装备推荐目录!K:K,工业节能技术装备推荐目录!D:D,'Early Facility Retirement'!A4,工业节能技术装备推荐目录!F:F,'Early Facility Retirement'!$A$1,工业节能技术装备推荐目录!A:A,"2022")+SUMIFS(用能设备节能分配!Q:Q,用能设备节能分配!O:O,'Early Facility Retirement'!A4,用能设备节能分配!P:P,'Early Facility Retirement'!$A$1,用能设备节能分配!M:M,"2022") -> 45
A5: oil and gas extraction 06 | B5: =SUMIFS(工业节能技术装备推荐目录!L:L,工业节能技术装备推荐目录!D:D,'Early Facility Retirement'!A5,工业节能技术装备推荐目录!F:F,'Early Facility Retirement'!$A$1)+SUMIFS(用能设备节能分配!R:R,用能设备节能分配!O:O,'Early Facility Retirement'!A5,用能设备节能分配!P:P,'Early Facility Retirement'!$A$1) -> 0.028237828 | C5: =SUMIFS(工业节能技术装备推荐目录!K:K,工业节能技术装备推荐目录!D:D,'Early Facility Retirement'!A5,工业节能技术装备推荐目录!F:F,'Early Facility Retirement'!$A$1,工业节能技术装备推荐目录!A:A,"2020")+SUMIFS(用能设备节能分配!Q:Q,用能设备节能分配!O:O,'Early Facility Retirement'!A5,用能设备节能分配!P:P,'Early Facility Retirement'!$A$1,用能设备节能分配!M:M,"2020") -> 0 | D5: =SUMIFS(工业节能技术装备推荐目录!K:K,工业节能技术装备推荐目录!D:D,'Early Facility Retirement'!A5,工业节能技术装备推荐目录!F:F,'Early Facility Retirement'!$A$1,工业节能技术装备推荐目录!A:A,"2020")+SUMIFS(用能设备节能分配!Q:Q,用能设备节能分配!O:O,'Early Facility Retirement'!A5,用能设备节能分配!P:P,'Early Facility Retirement'!$A$1,用能设备节能分配!M:M,"2020")+SUMIFS(工业节能技术装备推荐目录!K:K,工业节能技术装备推荐目录!D:D,'Early Facility Retirement'!A5,工业节能技术装备推荐目录!F:F,'Early Facility Retirement'!$A$1,工业节能技术装备推荐目录!A:A,"2021")+SUMIFS(用能设备节能分配!Q:Q,用能设备节能分配!O:O,'Early Facility Retirement'!A5,用能设备节能分配!P:P,'Early Facility Retirement'!$A$1,用能设备节能分配!M:M,"2021") -> 0.0056475657 | E5: =SUMIFS(工业节能技术装备推荐目录!K:K,工业节能技术装备推荐目录!D:D,'Early Facility Retirement'!A5,工业节能技术装备推荐目录!F:F,'Early Facility Retirement'!$A$1,工业节能技术装备推荐目录!A:A,"2020")+SUMIFS(用能设备节能分配!Q:Q,用能设备节能分配!O:O,'Early Facility Retirement'!A5,用能设备节能分配!P:P,'Early Facility Retirement'!$A$1,用能设备节能分配!M:M,"2020")+SUMIFS(工业节能技术装备推荐目录!K:K,工业节能技术装备推荐目录!D:D,'Early Facility Retirement'!A5,工业节能技术装备推荐目录!F:F,'Early Facility Retirement'!$A$1,工业节能技术装备推荐目录!A:A,"2021")+SUMIFS(用能设备节能分配!Q:Q,用能设备节能分配!O:O,'Early Facility Retirement'!A5,用能设备节能分配!P:P,'Early Facility Retirement'!$A$1,用能设备节能分配!M:M,"2021")+SUMIFS(工业节能技术装备推荐目录!K:K,工业节能技术装备推荐目录!D:D,'Early Facility Retirement'!A5,工业节能技术装备推荐目录!F:F,'Early Facility Retirement'!$A$1,工业节能技术装备推荐目录!A:A,"2022")+SUMIFS(用能设备节能分配!Q:Q,用能设备节能分配!O:O,'Early Facility Retirement'!A5,用能设备节能分配!P:P,'Early Facility Retirement'!$A$1,用能设备节能分配!M:M,"2022") -> 0.0056475657 | F5: =SUMIFS(工业节能技术装备推荐目录!K:K,工业节能技术装备推荐目录!D:D,'Early Facility Retirement'!A5,工业节能技术装备推荐目录!F:F,'Early Facility Retirement'!$A$1,工业节能技术装备推荐目录!A:A,"2020")+SUMIFS(用能设备节能分配!Q:Q,用能设备节能分配!O:O,'Early Facility Retirement'!A5,用能设备节能分配!P:P,'Early Facility Retirement'!$A$1,用能设备节能分配!M:M,"2020")+SUMIFS(工业节能技术装备推荐目录!K:K,工业节能技术装备推荐目录!D:D,'Early Facility Retirement'!A5,工业节能技术装备推荐目录!F:F,'Early Facility Retirement'!$A$1,工业节能技术装备推荐目录!A:A,"2021")+SUMIFS(用能设备节能分配!Q:Q,用能设备节能分配!O:O,'Early Facility Retirement'!A5,用能设备节能分配!P:P,'Early Facility Retirement'!$A$1,用能设备节能分配!M:M,"2021")+SUMIFS(工业节能技术装备推荐目录!K:K,工业节能技术装备推荐目录!D:D,'Early Facility Retirement'!A5,工业节能技术装备推荐目录!F:F,'Early Facility Retirement'!$A$1,工业节能技术装备推荐目录!A:A,"2022")+SUMIFS(用能设备节能分配!Q:Q,用能设备节能分配!O:O,'Early Facility Retirement'!A5,用能设备节能分配!P:P,'Early Facility Retirement'!$A$1,用能设备节能分配!M:M,"2022") -> 0.0056475657 | G5: =SUMIFS(工业节能技术装备推荐目录!K:K,工业节能技术装备推荐目录!D:D,'Early Facility Retirement'!A5,工业节能技术装备推荐目录!F:F,'Early Facility Retirement'!$A$1,工业节能技术装备推荐目录!A:A,"2020")+SUMIFS(用能设备节能分配!Q:Q,用能设备节能分配!O:O,'Early Facility Retirement'!A5,用能设备节能分配!P:P,'Early Facility Retirement'!$A$1,用能设备节能分配!M:M,"2020")+SUMIFS(工业节能技术装备推荐目录!K:K,工业节能技术装备推荐目录!D:D,'Early Facility Retirement'!A5,工业节能技术装备推荐目录!F:F,'Early Facility Retirement'!$A$1,工业节能技术装备推荐目录!A:A,"2022")+SUMIFS(用能设备节能分配!Q:Q,用能设备节能分配!O:O,'Early Facility Retirement'!A5,用能设备节能分配!P:P,'Early Facility Retirement'!$A$1,用能设备节能分配!M:M,"2022") -> 0 | H5: =SUMIFS(工业节能技术装备推荐目录!K:K,工业节能技术装备推荐目录!D:D,'Early Facility Retirement'!A5,工业节能技术装备推荐目录!F:F,'Early Facility Retirement'!$A$1,工业节能技术装备推荐目录!A:A,"2022")+SUMIFS(用能设备节能分配!Q:Q,用能设备节能分配!O:O,'Early Facility Retirement'!A5,用能设备节能分配!P:P,'Early Facility Retirement'!$A$1,用能设备节能分配!M:M,"2022") -> 0 | I5: =SUMIFS(工业节能技术装备推荐目录!K:K,工业节能技术装备推荐目录!D:D,'Early Facility Retirement'!A5,工业节能技术装备推荐目录!F:F,'Early Facility Retirement'!$A$1,工业节能技术装备推荐目录!A:A,"2022")+SUMIFS(用能设备节能分配!Q:Q,用能设备节能分配!O:O,'Early Facility Retirement'!A5,用能设备节能分配!P:P,'Early Facility Retirement'!$A$1,用能设备节能分配!M:M,"2022") -> 0
A6: other mining and quarrying 07T08 | B6: =SUMIFS(工业节能技术装备推荐目录!L:L,工业节能技术装备推荐目录!D:D,'Early Facility Retirement'!A6,工业节能技术装备推荐目录!F:F,'Early Facility Retirement'!$A$1)+SUMIFS(用能设备节能分配!R:R,用能设备节能分配!O:O,'Early Facility Retirement'!A6,用能设备节能分配!P:P,'Early Facility Retirement'!$A$1) -> 0.0224308 | C6: =SUMIFS(工业节能技术装备推荐目录!K:K,工业节能技术装备推荐目录!D:D,'Early Facility Retirement'!A6,工业节能技术装备推荐目录!F:F,'Early Facility Retirement'!$A$1,工业节能技术装备推荐目录!A:A,"2020")+SUMIFS(用能设备节能分配!Q:Q,用能设备节能分配!O:O,'Early Facility Retirement'!A6,用能设备节能分配!P:P,'Early Facility Retirement'!$A$1,用能设备节能分配!M:M,"2020") -> 0 | D6: =SUMIFS(工业节能技术装备推荐目录!K:K,工业节能技术装备推荐目录!D:D,'Early Facility Retirement'!A6,工业节能技术装备推荐目录!F:F,'Early Facility Retirement'!$A$1,工业节能技术装备推荐目录!A:A,"2020")+SUMIFS(用能设备节能分配!Q:Q,用能设备节能分配!O:O,'Early Facility Retirement'!A6,用能设备节能分配!P:P,'Early Facility Retirement'!$A$1,用能设备节能分配!M:M,"2020")+SUMIFS(工业节能技术装备推荐目录!K:K,工业节能技术装备推荐目录!D:D,'Early Facility Retirement'!A6,工业节能技术装备推荐目录!F:F,'Early Facility Retirement'!$A$1,工业节能技术装备推荐目录!A:A,"2021")+SUMIFS(用能设备节能分配!Q:Q,用能设备节能分配!O:O,'Early Facility Retirement'!A6,用能设备节能分配!P:P,'Early Facility Retirement'!$A$1,用能设备节能分配!M:M,"2021") -> 0.0044861601 | E6: =SUMIFS(工业节能技术装备推荐目录!K:K,工业节能技术装备推荐目录!D:D,'Early Facility Retirement'!A6,工业节能技术装备推荐目录!F:F,'Early Facility Retirement'!$A$1,工业节能技术装备推荐目录!A:A,"2020")+SUMIFS(用能设备节能分配!Q:Q,用能设备节能分配!O:O,'Early Facility Retirement'!A6,用能设备节能分配!P:P,'Early Facility Retirement'!$A$1,用能设备节能分配!M:M,"2020")+SUMIFS(工业节能技术装备推荐目录!K:K,工业节能技术装备推荐目录!D:D,'Early Facility Retirement'!A6,工业节能技术装备推荐目录!F:F,'Early Facility Retirement'!$A$1,工业节能技术装备推荐目录!A:A,"2021")+SUMIFS(用能设备节能分配!Q:Q,用能设备节能分配!O:O,'Early Facility Retirement'!A6,用能设备节能分配!P:P,'Early Facility Retirement'!$A$1,用能设备节能分配!M:M,"2021")+SUMIFS(工业节能技术装备推荐目录!K:K,工业节能技术装备推荐目录!D:D,'Early Facility Retirement'!A6,工业节能技术装备推荐目录!F:F,'Early Facility Retirement'!$A$1,工业节能技术装备推荐目录!A:A,"2022")+SUMIFS(用能设备节能分配!Q:Q,用能设备节能分配!O:O,'Early Facility Retirement'!A6,用能设备节能分配!P:P,'Early Facility Retirement'!$A$1,用能设备节能分配!M:M,"2022") -> 0.0044861601 | F6: =SUMIFS(工业节能技术装备推荐目录!K:K,工业节能技术装备推荐目录!D:D,'Early Facility Retirement'!A6,工业节能技术装备推荐目录!F:F,'Early Facility Retirement'!$A$1,工业节能技术装备推荐目录!A:A,"2020")+SUMIFS(用能设备节能分配!Q:Q,用能设备节能分配!O:O,'Early Facility Retirement'!A6,用能设备节能分配!P:P,'Early Facility Retirement'!$A$1,用能设备节能分配!M:M,"2020")+SUMIFS(工业节能技术装备推荐目录!K:K,工业节能技术装备推荐目录!D:D,'Early Facility Retirement'!A6,工业节能技术装备推荐目录!F:F,'Early Facility Retirement'!$A$1,工业节能技术装备推荐目录!A:A,"2021")+SUMIFS(用能设备节能分配!Q:Q,用能设备节能分配!O:O,'Early Facility Retirement'!A6,用能设备节能分配!P:P,'Early Facility Retirement'!$A$1,用能设备节能分配!M:M,"2021")+SUMIFS(工业节能技术装备推荐目录!K:K,工业节能技术装备推荐目录!D:D,'Early Facility Retirement'!A6,工业节能技术装备推荐目录!F:F,'Early Facility Retirement'!$A$1,工业节能技术装备推荐目录!A:A,"2022")+SUMIFS(用能设备节能分配!Q:Q,用能设备节能分配!O:O,'Early Facility Retirement'!A6,用能设备节能分配!P:P,'Early Facility Retirement'!$A$1,用能设备节能分配!M:M,"2022") -> 0.0044861601 | G6: =SUMIFS(工业节能技术装备推荐目录!K:K,工业节能技术装备推荐目录!D:D,'Early Facility Retirement'!A6,工业节能技术装备推荐目录!F:F,'Early Facility Retirement'!$A$1,工业节能技术装备推荐目录!A:A,"2020")+SUMIFS(用能设备节能分配!Q:Q,用能设备节能分配!O:O,'Early Facility Retirement'!A6,用能设备节能分配!P:P,'Early Facility Retirement'!$A$1,用能设备节能分配!M:M,"2020")+SUMIFS(工业节能技术装备推荐目录!K:K,工业节能技术装备推荐目录!D:D,'Early Facility Retirement'!A6,工业节能技术装备推荐目录!F:F,'Early Facility Retirement'!$A$1,工业节能技术装备推荐目录!A:A,"2022")+SUMIFS(用能设备节能分配!Q:Q,用能设备节能分配!O:O,'Early Facility Retirement'!A6,用能设备节能分配!P:P,'Early Facility Retirement'!$A$1,用能设备节能分配!M:M,"2022") -> 0 | H6: =SUMIFS(工业节能技术装备推荐目录!K:K,工业节能技术装备推荐目录!D:D,'Early Facility Retirement'!A6,工业节能技术装备推荐目录!F:F,'Early Facility Retirement'!$A$1,工业节能技术装备推荐目录!A:A,"2022")+SUMIFS(用能设备节能分配!Q:Q,用能设备节能分配!O:O,'Early Facility Retirement'!A6,用能设备节能分配!P:P,'Early Facility Retirement'!$A$1,用能设备节能分配!M:M,"2022") -> 0 | I6: =SUMIFS(工业节能技术装备推荐目录!K:K,工业节能技术装备推荐目录!D:D,'Early Facility Retirement'!A6,工业节能技术装备推荐目录!F:F,'Early Facility Retirement'!$A$1,工业节能技术装备推荐目录!A:A,"2022")+SUMIFS(用能设备节能分配!Q:Q,用能设备节能分配!O:O,'Early Facility Retirement'!A6,用能设备节能分配!P:P,'Early Facility Retirement'!$A$1,用能设备节能分配!M:M,"2022") -> 0
A7: food beverage and tobacco 10T12 | B7: =SUMIFS(工业节能技术装备推荐目录!L:L,工业节能技术装备推荐目录!D:D,'Early Facility Retirement'!A7,工业节能技术装备推荐目录!F:F,'Early Facility Retirement'!$A$1)+SUMIFS(用能设备节能分配!R:R,用能设备节能分配!O:O,'Early Facility Retirement'!A7,用能设备节能分配!P:P,'Early Facility Retirement'!$A$1) -> 2.5945271 | C7: =SUMIFS(工业节能技术装备推荐目录!K:K,工业节能技术装备推荐目录!D:D,'Early Facility Retirement'!A7,工业节能技术装备推荐目录!F:F,'Early Facility Retirement'!$A$1,工业节能技术装备推荐目录!A:A,"2020")+SUMIFS(用能设备节能分配!Q:Q,用能设备节能分配!O:O,'Early Facility Retirement'!A7,用能设备节能分配!P:P,'Early Facility Retirement'!$A$1,用能设备节能分配!M:M,"2020") -> 0.59758818 | D7: =SUMIFS(工业节能技术装备推荐目录!K:K,工业节能技术装备推荐目录!D:D,'Early Facility Retirement'!A7,工业节能技术装备推荐目录!F:F,'Early Facility Retirement'!$A$1,工业节能技术装备推荐目录!A:A,"2020")+SUMIFS(用能设备节能分配!Q:Q,用能设备节能分配!O:O,'Early Facility Retirement'!A7,用能设备节能分配!P:P,'Early Facility Retirement'!$A$1,用能设备节能分配!M:M,"2020")+SUMIFS(工业节能技术装备推荐目录!K:K,工业节能技术装备推荐目录!D:D,'Early Facility Retirement'!A7,工业节能技术装备推荐目录!F:F,'Early Facility Retirement'!$A$1,工业节能技术装备推荐目录!A:A,"2021")+SUMIFS(用能设备节能分配!Q:Q,用能设备节能分配!O:O,'Early Facility Retirement'!A7,用能设备节能分配!P:P,'Early Facility Retirement'!$A$1,用能设备节能分配!M:M,"2021") -> 0.60854364 | E7: =SUMIFS(工业节能技术装备推荐目录!K:K,工业节能技术装备推荐目录!D:D,'Early Facility Retirement'!A7,工业节能技术装备推荐目录!F:F,'Early Facility Retirement'!$A$1,工业节能技术装备推荐目录!A:A,"2020")+SUMIFS(用能设备节能分配!Q:Q,用能设备节能分配!O:O,'Early Facility Retirement'!A7,用能设备节能分配!P:P,'Early Facility Retirement'!$A$1,用能设备节能分配!M:M,"2020")+SUMIFS(工业节能技术装备推荐目录!K:K,工业节能技术装备推荐目录!D:D,'Early Facility Retirement'!A7,工业节能技术装备推荐目录!F:F,'Early Facility Retirement'!$A$1,工业节能技术装备推荐目录!A:A,"2021")+SUMIFS(用能设备节能分配!Q:Q,用能设备节能分配!O:O,'Early Facility Retirement'!A7,用能设备节能分配!P:P,'Early Facility Retirement'!$A$1,用能设备节能分配!M:M,"2021")+SUMIFS(工业节能技术装备推荐目录!K:K,工业节能技术装备推荐目录!D:D,'Early Facility Retirement'!A7,工业节能技术装备推荐目录!F:F,'Early Facility Retirement'!$A$1,工业节能技术装备推荐目录!A:A,"2022")+SUMIFS(用能设备节能分配!Q:Q,用能设备节能分配!O:O,'Early Facility Retirement'!A7,用能设备节能分配!P:P,'Early Facility Retirement'!$A$1,用能设备节能分配!M:M,"2022") -> 0.60854364 | F7: =SUMIFS(工业节能技术装备推荐目录!K:K,工业节能技术装备推荐目录!D:D,'Early Facility Retirement'!A7,工业节能技术装备推荐目录!F:F,'Early Facility Retirement'!$A$1,工业节能技术装备推荐目录!A:A,"2020")+SUMIFS(用能设备节能分配!Q:Q,用能设备节能分配!O:O,'Early Facility Retirement'!A7,用能设备节能分配!P:P,'Early Facility Retirement'!$A$1,用能设备节能分配!M:M,"2020")+SUMIFS(工业节能技术装备推荐目录!K:K,工业节能技术装备推荐目录!D:D,'Early Facility Retirement'!A7,工业节能技术装备推荐目录!F:F,'Early Facility Retirement'!$A$1,工业节能技术装备推荐目录!A:A,"2021")+SUMIFS(用能设备节能分配!Q:Q,用能设备节能分配!O:O,'Early Facility Retirement'!A7,用能设备节能分配!P:P,'Early Facility Retirement'!$A$1,用能设备节能分配!M:M,"2021")+SUMIFS(工业节能技术装备推荐目录!K:K,工业节能技术装备推荐目录!D:D,'Early Facility Retirement'!A7,工业节能技术装备推荐目录!F:F,'Early Facility Retirement'!$A$1,工业节能技术装备推荐目录!A:A,"2022")+SUMIFS(用能设备节能分配!Q:Q,用能设备节能分配!O:O,'Early Facility Retirement'!A7,用能设备节能分配!P:P,'Early Facility Retirement'!$A$1,用能设备节能分配!M:M,"2022") -> 0.60854364 | G7: =SUMIFS(工业节能技术装备推荐目录!K:K,工业节能技术装备推荐目录!D:D,'Early Facility Retirement'!A7,工业节能技术装备推荐目录!F:F,'Early Facility Retirement'!$A$1,工业节能技术装备推荐目录!A:A,"2020")+SUMIFS(用能设备节能分配!Q:Q,用能设备节能分配!O:O,'Early Facility Retirement'!A7,用能设备节能分配!P:P,'Early Facility Retirement'!$A$1,用能设备节能分配!M:M,"2020")+SUMIFS(工业节能技术装备推荐目录!K:K,工业节能技术装备推荐目录!D:D,'Early Facility Retirement'!A7,工业节能技术装备推荐目录!F:F,'Early Facility Retirement'!$A$1,工业节能技术装备推荐目录!A:A,"2022")+SUMIFS(用能设备节能分配!Q:Q,用能设备节能分配!O:O,'Early Facility Retirement'!A7,用能设备节能分配!P:P,'Early Facility Retirement'!$A$1,用能设备节能分配!M:M,"2022") -> 0.59758818 | H7: =SUMIFS(工业节能技术装备推荐目录!K:K,工业节能技术装备推荐目录!D:D,'Early Facility Retirement'!A7,工业节能技术装备推荐目录!F:F,'Early Facility Retirement'!$A$1,工业节能技术装备推荐目录!A:A,"2022")+SUMIFS(用能设备节能分配!Q:Q,用能设备节能分配!O:O,'Early Facility Retirement'!A7,用能设备节能分配!P:P,'Early Facility Retirement'!$A$1,用能设备节能分配!M:M,"2022") -> 0 | I7: =SUMIFS(工业节能技术装备推荐目录!K:K,工业节能技术装备推荐目录!D:D,'Early Facility Retirement'!A7,工业节能技术装备推荐目录!F:F,'Early Facility Retirement'!$A$1,工业节能技术装备推荐目录!A:A,"2022")+SUMIFS(用能设备节能分配!Q:Q,用能设备节能分配!O:O,'Early Facility Retirement'!A7,用能设备节能分配!P:P,'Early Facility Retirement'!$A$1,用能设备节能分配!M:M,"2022") -> 0
A8: textiles apparel and leather 13T15 | B8: =SUMIFS(工业节能技术装备推荐目录!L:L,工业节能技术装备推荐目录!D:D,'Early Facility Retirement'!A8,工业节能技术装备推荐目录!F:F,'Early Facility Retirement'!$A$1)+SUMIFS(用能设备节能分配!R:R,用能设备节能分配!O:O,'Early Facility Retirement'!A8,用能设备节能分配!P:P,'Early Facility Retirement'!$A$1) -> 322.3477 | C8: =SUMIFS(工业节能技术装备推荐目录!K:K,工业节能技术装备推荐目录!D:D,'Early Facility Retirement'!A8,工业节能技术装备推荐目录!F:F,'Early Facility Retirement'!$A$1,工业节能技术装备推荐目录!A:A,"2020")+SUMIFS(用能设备节能分配!Q:Q,用能设备节能分配!O:O,'Early Facility Retirement'!A8,用能设备节能分配!P:P,'Early Facility Retirement'!$A$1,用能设备节能分配!M:M,"2020") -> 0.54073675 | D8: =SUMIFS(工业节能技术装备推荐目录!K:K,工业节能技术装备推荐目录!D:D,'Early Facility Retirement'!A8,工业节能技术装备推荐目录!F:F,'Early Facility Retirement'!$A$1,工业节能技术装备推荐目录!A:A,"2020")+SUMIFS(用能设备节能分配!Q:Q,用能设备节能分配!O:O,'Early Facility Retirement'!A8,用能设备节能分配!P:P,'Early Facility Retirement'!$A$1,用能设备节能分配!M:M,"2020")+SUMIFS(工业节能技术装备推荐目录!K:K,工业节能技术装备推荐目录!D:D,'Early Facility Retirement'!A8,工业节能技术装备推荐目录!F:F,'Early Facility Retirement'!$A$1,工业节能技术装备推荐目录!A:A,"2021")+SUMIFS(用能设备节能分配!Q:Q,用能设备节能分配!O:O,'Early Facility Retirement'!A8,用能设备节能分配!P:P,'Early Facility Retirement'!$A$1,用能设备节能分配!M:M,"2021") -> 0.55064997 | E8: =SUMIFS(工业节能技术装备推荐目录!K:K,工业节能技术装备推荐目录!D:D,'Early Facility Retirement'!A8,工业节能技术装备推荐目录!F:F,'Early Facility Retirement'!$A$1,工业节能技术装备推荐目录!A:A,"2020")+SUMIFS(用能设备节能分配!Q:Q,用能设备节能分配!O:O,'Early Facility Retirement'!A8,用能设备节能分配!P:P,'Early Facility Retirement'!$A$1,用能设备节能分配!M:M,"2020")+SUMIFS(工业节能技术装备推荐目录!K:K,工业节能技术装备推荐目录!D:D,'Early Facility Retirement'!A8,工业节能技术装备推荐目录!F:F,'Early Facility Retirement'!$A$1,工业节能技术装备推荐目录!A:A,"2021")+SUMIFS(用能设备节能分配!Q:Q,用能设备节能分配!O:O,'Early Facility Retirement'!A8,用能设备节能分配!P:P,'Early Facility Retirement'!$A$1,用能设备节能分配!M:M,"2021")+SUMIFS(工业节能技术装备推荐目录!K:K,工业节能技术装备推荐目录!D:D,'Early Facility Retirement'!A8,工业节能技术装备推荐目录!F:F,'Early Facility Retirement'!$A$1,工业节能技术装备推荐目录!A:A,"2022")+SUMIFS(用能设备节能分配!Q:Q,用能设备节能分配!O:O,'Early Facility Retirement'!A8,用能设备节能分配!P:P,'Early Facility Retirement'!$A$1,用能设备节能分配!M:M,"2022") -> 96.55065 | F8: =SUMIFS(工业节能技术装备推荐目录!K:K,工业节能技术装备推荐目录!D:D,'Early Facility Retirement'!A8,工业节能技术装备推荐目录!F:F,'Early Facility Retirement'!$A$1,工业节能技术装备推荐目录!A:A,"2020")+SUMIFS(用能设备节能分配!Q:Q,用能设备节能分配!O:O,'Early Facility Retirement'!A8,用能设备节能分配!P:P,'Early Facility Retirement'!$A$1,用能设备节能分配!M:M,"2020")+SUMIFS(工业节能技术装备推荐目录!K:K,工业节能技术装备推荐目录!D:D,'Early Facility Retirement'!A8,工业节能技术装备推荐目录!F:F,'Early Facility Retirement'!$A$1,工业节能技术装备推荐目录!A:A,"2021")+SUMIFS(用能设备节能分配!Q:Q,用能设备节能分配!O:O,'Early Facility Retirement'!A8,用能设备节能分配!P:P,'Early Facility Retirement'!$A$1,用能设备节能分配!M:M,"2021")+SUMIFS(工业节能技术装备推荐目录!K:K,工业节能技术装备推荐目录!D:D,'Early Facility Retirement'!A8,工业节能技术装备推荐目录!F:F,'Early Facility Retirement'!$A$1,工业节能技术装备推荐目录!A:A,"2022")+SUMIFS(用能设备节能分配!Q:Q,用能设备节能分配!O:O,'Early Facility Retirement'!A8,用能设备节能分配!P:P,'Early Facility Retirement'!$A$1,用能设备节能分配!M:M,"2022") -> 96.55065 | G8: =SUMIFS(工业节能技术装备推荐目录!K:K,工业节能技术装备推荐目录!D:D,'Early Facility Retirement'!A8,工业节能技术装备推荐目录!F:F,'Early Facility Retirement'!$A$1,工业节能技术装备推荐目录!A:A,"2020")+SUMIFS(用能设备节能分配!Q:Q,用能设备节能分配!O:O,'Early Facility Retirement'!A8,用能设备节能分配!P:P,'Early Facility Retirement'!$A$1,用能设备节能分配!M:M,"2020")+SUMIFS(工业节能技术装备推荐目录!K:K,工业节能技术装备推荐目录!D:D,'Early Facility Retirement'!A8,工业节能技术装备推荐目录!F:F,'Early Facility Retirement'!$A$1,工业节能技术装备推荐目录!A:A,"2022")+SUMIFS(用能设备节能分配!Q:Q,用能设备节能分配!O:O,'Early Facility Retirement'!A8,用能设备节能分配!P:P,'Early Facility Retirement'!$A$1,用能设备节能分配!M:M,"2022") -> 96.540737 | H8: =SUMIFS(工业节能技术装备推荐目录!K:K,工业节能技术装备推荐目录!D:D,'Early Facility Retirement'!A8,工业节能技术装备推荐目录!F:F,'Early Facility Retirement'!$A$1,工业节能技术装备推荐目录!A:A,"2022")+SUMIFS(用能设备节能分配!Q:Q,用能设备节能分配!O:O,'Early Facility Retirement'!A8,用能设备节能分配!P:P,'Early Facility Retirement'!$A$1,用能设备节能分配!M:M,"2022") -> 96 | I8: =SUMIFS(工业节能技术装备推荐目录!K:K,工业节能技术装备推荐目录!D:D,'Early Facility Retirement'!A8,工业节能技术装备推荐目录!F:F,'Early Facility Retirement'!$A$1,工业节能技术装备推荐目录!A:A,"2022")+SUMIFS(用能设备节能分配!Q:Q,用能设备节能分配!O:O,'Early Facility Retirement'!A8,用能设备节能分配!P:P,'Early Facility Retirement'!$A$1,用能设备节能分配!M:M,"2022") -> 96
A9: wood products 16 | B9: =SUMIFS(工业节能技术装备推荐目录!L:L,工业节能技术装备推荐目录!D:D,'Early Facility Retirement'!A9,工业节能技术装备推荐目录!F:F,'Early Facility Retirement'!$A$1)+SUMIFS(用能设备节能分配!R:R,用能设备节能分配!O:O,'Early Facility Retirement'!A9,用能设备节能分配!P:P,'Early Facility Retirement'!$A$1) -> 0.0073491578 | C9: =SUMIFS(工业节能技术装备推荐目录!K:K,工业节能技术装备推荐目录!D:D,'Early Facility Retirement'!A9,工业节能技术装备推荐目录!F:F,'Early Facility Retirement'!$A$1,工业节能技术装备推荐目录!A:A,"2020")+SUMIFS(用能设备节能分配!Q:Q,用能设备节能分配!O:O,'Early Facility Retirement'!A9,用能设备节能分配!P:P,'Early Facility Retirement'!$A$1,用能设备节能分配!M:M,"2020") -> 0 | D9: =SUMIFS(工业节能技术装备推荐目录!K:K,工业节能技术装备推荐目录!D:D,'Early Facility Retirement'!A9,工业节能技术装备推荐目录!F:F,'Early Facility Retirement'!$A$1,工业节能技术装备推荐目录!A:A,"2020")+SUMIFS(用能设备节能分配!Q:Q,用能设备节能分配!O:O,'Early Facility Retirement'!A9,用能设备节能分配!P:P,'Early Facility Retirement'!$A$1,用能设备节能分配!M:M,"2020")+SUMIFS(工业节能技术装备推荐目录!K:K,工业节能技术装备推荐目录!D:D,'Early Facility Retirement'!A9,工业节能技术装备推荐目录!F:F,'Early Facility Retirement'!$A$1,工业节能技术装备推荐目录!A:A,"2021")+SUMIFS(用能设备节能分配!Q:Q,用能设备节能分配!O:O,'Early Facility Retirement'!A9,用能设备节能分配!P:P,'Early Facility Retirement'!$A$1,用能设备节能分配!M:M,"2021") -> 0.0014698316 | E9: =SUMIFS(工业节能技术装备推荐目录!K:K,工业节能技术装备推荐目录!D:D,'Early Facility Retirement'!A9,工业节能技术装备推荐目录!F:F,'Early Facility Retirement'!$A$1,工业节能技术装备推荐目录!A:A,"2020")+SUMIFS(用能设备节能分配!Q:Q,用能设备节能分配!O:O,'Early Facility Retirement'!A9,用能设备节能分配!P:P,'Early Facility Retirement'!$A$1,用能设备节能分配!M:M,"2020")+SUMIFS(工业节能技术装备推荐目录!K:K,工业节能技术装备推荐目录!D:D,'Early Facility Retirement'!A9,工业节能技术装备推荐目录!F:F,'Early Facility Retirement'!$A$1,工业节能技术装备推荐目录!A:A,"2021")+SUMIFS(用能设备节能分配!Q:Q,用能设备节能分配!O:O,'Early Facility Retirement'!A9,用能设备节能分配!P:P,'Early Facility Retirement'!$A$1,用能设备节能分配!M:M,"2021")+SUMIFS(工业节能技术装备推荐目录!K:K,工业节能技术装备推荐目录!D:D,'Early Facility Retirement'!A9,工业节能技术装备推荐目录!F:F,'Early Facility Retirement'!$A$1,工业节能技术装备推荐目录!A:A,"2022")+SUMIFS(用能设备节能分配!Q:Q,用能设备节能分配!O:O,'Early Facility Retirement'!A9,用能设备节能分配!P:P,'Early Facility Retirement'!$A$1,用能设备节能分配!M:M,"2022") -> 0.0014698316 | F9: =SUMIFS(工业节能技术装备推荐目录!K:K,工业节能技术装备推荐目录!D:D,'Early Facility Retirement'!A9,工业节能技术装备推荐目录!F:F,'Early Facility Retirement'!$A$1,工业节能技术装备推荐目录!A:A,"2020")+SUMIFS(用能设备节能分配!Q:Q,用能设备节能分配!O:O,'Early Facility Retirement'!A9,用能设备节能分配!P:P,'Early Facility Retirement'!$A$1,用能设备节能分配!M:M,"2020")+SUMIFS(工业节能技术装备推荐目录!K:K,工业节能技术装备推荐目录!D:D,'Early Facility Retirement'!A9,工业节能技术装备推荐目录!F:F,'Early Facility Retirement'!$A$1,工业节能技术装备推荐目录!A:A,"2021")+SUMIFS(用能设备节能分配!Q:Q,用能设备节能分配!O:O,'Early Facility Retirement'!A9,用能设备节能分配!P:P,'Early Facility Retirement'!$A$1,用能设备节能分配!M:M,"2021")+SUMIFS(工业节能技术装备推荐目录!K:K,工业节能技术装备推荐目录!D:D,'Early Facility Retirement'!A9,工业节能技术装备推荐目录!F:F,'Early Facility Retirement'!$A$1,工业节能技术装备推荐目录!A:A,"2022")+SUMIFS(用能设备节能分配!Q:Q,用能设备节能分配!O:O,'Early Facility Retirement'!A9,用能设备节能分配!P:P,'Early Facility Retirement'!$A$1,用能设备节能分配!M:M,"2022") -> 0.0014698316 | G9: =SUMIFS(工业节能技术装备推荐目录!K:K,工业节能技术装备推荐目录!D:D,'Early Facility Retirement'!A9,工业节能技术装备推荐目录!F:F,'Early Facility Retirement'!$A$1,工业节能技术装备推荐目录!A:A,"2020")+SUMIFS(用能设备节能分配!Q:Q,用能设备节能分配!O:O,'Early Facility Retirement'!A9,用能设备节能分配!P:P,'Early Facility Retirement'!$A$1,用能设备节能分配!M:M,"2020")+SUMIFS(工业节能技术装备推荐目录!K:K,工业节能技术装备推荐目录!D:D,'Early Facility Retirement'!A9,工业节能技术装备推荐目录!F:F,'Early Facility Retirement'!$A$1,工业节能技术装备推荐目录!A:A,"2022")+SUMIFS(用能设备节能分配!Q:Q,用能设备节能分配!O:O,'Early Facility Retirement'!A9,用能设备节能分配!P:P,'Early Facility Retirement'!$A$1,用能设备节能分配!M:M,"2022") -> 0 | H9: =SUMIFS(工业节能技术装备推荐目录!K:K,工业节能技术装备推荐目录!D:D,'Early Facility Retirement'!A9,工业节能技术装备推荐目录!F:F,'Early Facility Retirement'!$A$1,工业节能技术装备推荐目录!A:A,"2022")+SUMIFS(用能设备节能分配!Q:Q,用能设备节能分配!O:O,'Early Facility Retirement'!A9,用能设备节能分配!P:P,'Early Facility Retirement'!$A$1,用能设备节能分配!M:M,"2022") -> 0 | I9: =SUMIFS(工业节能技术装备推荐目录!K:K,工业节能技术装备推荐目录!D:D,'Early Facility Retirement'!A9,工业节能技术装备推荐目录!F:F,'Early Facility Retirement'!$A$1,工业节能技术装备推荐目录!A:A,"2022")+SUMIFS(用能设备节能分配!Q:Q,用能设备节能分配!O:O,'Early Facility Retirement'!A9,用能设备节能分配!P:P,'Early Facility Retirement'!$A$1,用能设备节能分配!M:M,"2022") -> 0
A10: pulp paper and printing 17T18 | B10: =SUMIFS(工业节能技术装备推荐目录!L:L,工业节能技术装备推荐目录!D:D,'Early Facility Retirement'!A10,工业节能技术装备推荐目录!F:F,'Early Facility Retirement'!$A$1)+SUMIFS(用能设备节能分配!R:R,用能设备节能分配!O:O,'Early Facility Retirement'!A10,用能设备节能分配!P:P,'Early Facility Retirement'!$A$1) -> 1.4895226 | C10: =SUMIFS(工业节能技术装备推荐目录!K:K,工业节能技术装备推荐目录!D:D,'Early Facility Retirement'!A10,工业节能技术装备推荐目录!F:F,'Early Facility Retirement'!$A$1,工业节能技术装备推荐目录!A:A,"2020")+SUMIFS(用能设备节能分配!Q:Q,用能设备节能分配!O:O,'Early Facility Retirement'!A10,用能设备节能分配!P:P,'Early Facility Retirement'!$A$1,用能设备节能分配!M:M,"2020") -> 0.34307643 | D10: =SUMIFS(工业节能技术装备推荐目录!K:K,工业节能技术装备推荐目录!D:D,'Early Facility Retirement'!A10,工业节能技术装备推荐目录!F:F,'Early Facility Retirement'!$A$1,工业节能技术装备推荐目录!A:A,"2020")+SUMIFS(用能设备节能分配!Q:Q,用能设备节能分配!O:O,'Early Facility Retirement'!A10,用能设备节能分配!P:P,'Early Facility Retirement'!$A$1,用能设备节能分配!M:M,"2020")+SUMIFS(工业节能技术装备推荐目录!K:K,工业节能技术装备推荐目录!D:D,'Early Facility Retirement'!A10,工业节能技术装备推荐目录!F:F,'Early Facility Retirement'!$A$1,工业节能技术装备推荐目录!A:A,"2021")+SUMIFS(用能设备节能分配!Q:Q,用能设备节能分配!O:O,'Early Facility Retirement'!A10,用能设备节能分配!P:P,'Early Facility Retirement'!$A$1,用能设备节能分配!M:M,"2021") -> 0.34936598 | E10: =SUMIFS(工业节能技术装备推荐目录!K:K,工业节能技术装备推荐目录!D:D,'Early Facility Retirement'!A10,工业节能技术装备推荐目录!F:F,'Early Facility Retirement'!$A$1,工业节能技术装备推荐目录!A:A,"2020")+SUMIFS(用能设备节能分配!Q:Q,用能设备节能分配!O:O,'Early Facility Retirement'!A10,用能设备节能分配!P:P,'Early Facility Retirement'!$A$1,用能设备节能分配!M:M,"2020")+SUMIFS(工业节能技术装备推荐目录!K:K,工业节能技术装备推荐目录!D:D,'Early Facility Retirement'!A10,工业节能技术装备推荐目录!F:F,'Early Facility Retirement'!$A$1,工业节能技术装备推荐目录!A:A,"2021")+SUMIFS(用能设备节能分配!Q:Q,用能设备节能分配!O:O,'Early Facility Retirement'!A10,用能设备节能分配!P:P,'Early Facility Retirement'!$A$1,用能设备节能分配!M:M,"2021")+SUMIFS(工业节能技术装备推荐目录!K:K,工业节能技术装备推荐目录!D:D,'Early Facility Retirement'!A10,工业节能技术装备推荐目录!F:F,'Early Facility Retirement'!$A$1,工业节能技术装备推荐目录!A:A,"2022")+SUMIFS(用能设备节能分配!Q:Q,用能设备节能分配!O:O,'Early Facility Retirement'!A10,用能设备节能分配!P:P,'Early Facility Retirement'!$A$1,用能设备节能分配!M:M,"2022") -> 0.34936598 | F10: =SUMIFS(工业节能技术装备推荐目录!K:K,工业节能技术装备推荐目录!D:D,'Early Facility Retirement'!A10,工业节能技术装备推荐目录!F:F,'Early Facility Retirement'!$A$1,工业节能技术装备推荐目录!A:A,"2020")+SUMIFS(用能设备节能分配!Q:Q,用能设备节能分配!O:O,'Early Facility Retirement'!A10,用能设备节能分配!P:P,'Early Facility Retirement'!$A$1,用能设备节能分配!M:M,"2020")+SUMIFS(工业节能技术装备推荐目录!K:K,工业节能技术装备推荐目录!D:D,'Early Facility Retirement'!A10,工业节能技术装备推荐目录!F:F,'Early Facility Retirement'!$A$1,工业节能技术装备推荐目录!A:A,"2021")+SUMIFS(用能设备节能分配!Q:Q,用能设备节能分配!O:O,'Early Facility Retirement'!A10,用能设备节能分配!P:P,'Early Facility Retirement'!$A$1,用能设备节能分配!M:M,"2021")+SUMIFS(工业节能技术装备推荐目录!K:K,工业节能技术装备推荐目录!D:D,'Early Facility Retirement'!A10,工业节能技术装备推荐目录!F:F,'Early Facility Retirement'!$A$1,工业节能技术装备推荐目录!A:A,"2022")+SUMIFS(用能设备节能分配!Q:Q,用能设备节能分配!O:O,'Early Facility Retirement'!A10,用能设备节能分配!P:P,'Early Facility Retirement'!$A$1,用能设备节能分配!M:M,"2022") -> 0.34936598 | G10: =SUMIFS(工业节能技术装备推荐目录!K:K,工业节能技术装备推荐目录!D:D,'Early Facility Retirement'!A10,工业节能技术装备推荐目录!F:F,'Early Facility Retirement'!$A$1,工业节能技术装备推荐目录!A:A,"2020")+SUMIFS(用能设备节能分配!Q:Q,用能设备节能分配!O:O,'Early Facility Retirement'!A10,用能设备节能分配!P:P,'Early Facility Retirement'!$A$1,用能设备节能分配!M:M,"2020")+SUMIFS(工业节能技术装备推荐目录!K:K,工业节能技术装备推荐目录!D:D,'Early Facility Retirement'!A10,工业节能技术装备推荐目录!F:F,'Early Facility Retirement'!$A$1,工业节能技术装备推荐目录!A:A,"2022")+SUMIFS(用能设备节能分配!Q:Q,用能设备节能分配!O:O,'Early Facility Retirement'!A10,用能设备节能分配!P:P,'Early Facility Retirement'!$A$1,用能设备节能分配!M:M,"2022") -> 0.34307643 | H10: =SUMIFS(工业节能技术装备推荐目录!K:K,工业节能技术装备推荐目录!D:D,'Early Facility Retirement'!A10,工业节能技术装备推荐目录!F:F,'Early Facility Retirement'!$A$1,工业节能技术装备推荐目录!A:A,"2022")+SUMIFS(用能设备节能分配!Q:Q,用能设备节能分配!O:O,'Early Facility Retirement'!A10,用能设备节能分配!P:P,'Early Facility Retirement'!$A$1,用能设备节能分配!M:M,"2022") -> 0 | I10: =SUMIFS(工业节能技术装备推荐目录!K:K,工业节能技术装备推荐目录!D:D,'Early Facility Retirement'!A10,工业节能技术装备推荐目录!F:F,'Early Facility Retirement'!$A$1,工业节能技术装备推荐目录!A:A,"2022")+SUMIFS(用能设备节能分配!Q:Q,用能设备节能分配!O:O,'Early Facility Retirement'!A10,用能设备节能分配!P:P,'Early Facility Retirement'!$A$1,用能设备节能分配!M:M,"2022") -> 0
A11: refined petroleum and coke 19 | B11: =SUMIFS(工业节能技术装备推荐目录!L:L,工业节能技术装备推荐目录!D:D,'Early Facility Retirement'!A11,工业节能技术装备推荐目录!F:F,'Early Facility Retirement'!$A$1)+SUMIFS(用能设备节能分配!R:R,用能设备节能分配!O:O,'Early Facility Retirement'!A11,用能设备节能分配!P:P,'Early Facility Retirement'!$A$1) -> 17401.659 | C11: =SUMIFS(工业节能技术装备推荐目录!K:K,工业节能技术装备推荐目录!D:D,'Early Facility Retirement'!A11,工业节能技术装备推荐目录!F:F,'Early Facility Retirement'!$A$1,工业节能技术装备推荐目录!A:A,"2020")+SUMIFS(用能设备节能分配!Q:Q,用能设备节能分配!O:O,'Early Facility Retirement'!A11,用能设备节能分配!P:P,'Early Facility Retirement'!$A$1,用能设备节能分配!M:M,"2020") -> 21.434634 | D11: =SUMIFS(工业节能技术装备推荐目录!K:K,工业节能技术装备推荐目录!D:D,'Early Facility Retirement'!A11,工业节能技术装备推荐目录!F:F,'Early Facility Retirement'!$A$1,工业节能技术装备推荐目录!A:A,"2020")+SUMIFS(用能设备节能分配!Q:Q,用能设备节能分配!O:O,'Early Facility Retirement'!A11,用能设备节能分配!P:P,'Early Facility Retirement'!$A$1,用能设备节能分配!M:M,"2020")+SUMIFS(工业节能技术装备推荐目录!K:K,工业节能技术装备推荐目录!D:D,'Early Facility Retirement'!A11,工业节能技术装备推荐目录!F:F,'Early Facility Retirement'!$A$1,工业节能技术装备推荐目录!A:A,"2021")+SUMIFS(用能设备节能分配!Q:Q,用能设备节能分配!O:O,'Early Facility Retirement'!A11,用能设备节能分配!P:P,'Early Facility Retirement'!$A$1,用能设备节能分配!M:M,"2021") -> 387.27994 | E11: =SUMIFS(工业节能技术装备推荐目录!K:K,工业节能技术装备推荐目录!D:D,'Early Facility Retirement'!A11,工业节能技术装备推荐目录!F:F,'Early Facility Retirement'!$A$1,工业节能技术装备推荐目录!A:A,"2020")+SUMIFS(用能设备节能分配!Q:Q,用能设备节能分配!O:O,'Early Facility Retirement'!A11,用能设备节能分配!P:P,'Early Facility Retirement'!$A$1,用能设备节能分配!M:M,"2020")+SUMIFS(工业节能技术装备推荐目录!K:K,工业节能技术装备推荐目录!D:D,'Early Facility Retirement'!A11,工业节能技术装备推荐目录!F:F,'Early Facility Retirement'!$A$1,工业节能技术装备推荐目录!A:A,"2021")+SUMIFS(用能设备节能分配!Q:Q,用能设备节能分配!O:O,'Early Facility Retirement'!A11,用能设备节能分配!P:P,'Early Facility Retirement'!$A$1,用能设备节能分配!M:M,"2021")+SUMIFS(工业节能技术装备推荐目录!K:K,工业节能技术装备推荐目录!D:D,'Early Facility Retirement'!A11,工业节能技术装备推荐目录!F:F,'Early Facility Retirement'!$A$1,工业节能技术装备推荐目录!A:A,"2022")+SUMIFS(用能设备节能分配!Q:Q,用能设备节能分配!O:O,'Early Facility Retirement'!A11,用能设备节能分配!P:P,'Early Facility Retirement'!$A$1,用能设备节能分配!M:M,"2022") -> 963.23718 | F11: =SUMIFS(工业节能技术装备推荐目录!K:K,工业节能技术装备推荐目录!D:D,'Early Facility Retirement'!A11,工业节能技术装备推荐目录!F:F,'Early Facility Retirement'!$A$1,工业节能技术装备推荐目录!A:A,"2020")+SUMIFS(用能设备节能分配!Q:Q,用能设备节能分配!O:O,'Early Facility Retirement'!A11,用能设备节能分配!P:P,'Early Facility Retirement'!$A$1,用能设备节能分配!M:M,"2020")+SUMIFS(工业节能技术装备推荐目录!K:K,工业节能技术装备推荐目录!D:D,'Early Facility Retirement'!A11,工业节能技术装备推荐目录!F:F,'Early Facility Retirement'!$A$1,工业节能技术装备推荐目录!A:A,"2021")+SUMIFS(用能设备节能分配!Q:Q,用能设备节能分配!O:O,'Early Facility Retirement'!A11,用能设备节能分配!P:P,'Early Facility Retirement'!$A$1,用能设备节能分配!M:M,"2021")+SUMIFS(工业节能技术装备推荐目录!K:K,工业节能技术装备推荐目录!D:D,'Early Facility Retirement'!A11,工业节能技术装备推荐目录!F:F,'Early Facility Retirement'!$A$1,工业节能技术装备推荐目录!A:A,"2022")+SUMIFS(用能设备节能分配!Q:Q,用能设备节能分配!O:O,'Early Facility Retirement'!A11,用能设备节能分配!P:P,'Early Facility Retirement'!$A$1,用能设备节能分配!M:M,"2022") -> 963.23718 | G11: =SUMIFS(工业节能技术装备推荐目录!K:K,工业节能技术装备推荐目录!D:D,'Early Facility Retirement'!A11,工业节能技术装备推荐目录!F:F,'Early Facility Retirement'!$A$1,工业节能技术装备推荐目录!A:A,"2020")+SUMIFS(用能设备节能分配!Q:Q,用能设备节能分配!O:O,'Early Facility Retirement'!A11,用能设备节能分配!P:P,'Early Facility Retirement'!$A$1,用能设备节能分配!M:M,"2020")+SUMIFS(工业节能技术装备推荐目录!K:K,工业节能技术装备推荐目录!D:D,'Early Facility Retirement'!A11,工业节能技术装备推荐目录!F:F,'Early Facility Retirement'!$A$1,工业节能技术装备推荐目录!A:A,"2022")+SUMIFS(用能设备节能分配!Q:Q,用能设备节能分配!O:O,'Early Facility Retirement'!A11,用能设备节能分配!P:P,'Early Facility Retirement'!$A$1,用能设备节能分配!M:M,"2022") -> 597.39188 | H11: =SUMIFS(工业节能技术装备推荐目录!K:K,工业节能技术装备推荐目录!D:D,'Early Facility Retirement'!A11,工业节能技术装备推荐目录!F:F,'Early Facility Retirement'!$A$1,工业节能技术装备推荐目录!A:A,"2022")+SUMIFS(用能设备节能分配!Q:Q,用能设备节能分配!O:O,'Early Facility Retirement'!A11,用能设备节能分配!P:P,'Early Facility Retirement'!$A$1,用能设备节能分配!M:M,"2022") -> 575.95725 | I11: =SUMIFS(工业节能技术装备推荐目录!K:K,工业节能技术装备推荐目录!D:D,'Early Facility Retirement'!A11,工业节能技术装备推荐目录!F:F,'Early Facility Retirement'!$A$1,工业节能技术装备推荐目录!A:A,"2022")+SUMIFS(用能设备节能分配!Q:Q,用能设备节能分配!O:O,'Early Facility Retirement'!A11,用能设备节能分配!P:P,'Early Facility Retirement'!$A$1,用能设备节能分配!M:M,"2022") -> 575.95725
A12: chemicals 20 | B12: =SUMIFS(工业节能技术装备推荐目录!L:L,工业节能技术装备推荐目录!D:D,'Early Facility Retirement'!A12,工业节能技术装备推荐目录!F:F,'Early Facility Retirement'!$A$1)+SUMIFS(用能设备节能分配!R:R,用能设备节能分配!O:O,'Early Facility Retirement'!A12,用能设备节能分配!P:P,'Early Facility Retirement'!$A$1) -> 5248.8255 | C12: =SUMIFS(工业节能技术装备推荐目录!K:K,工业节能技术装备推荐目录!D:D,'Early Facility Retirement'!A12,工业节能技术装备推荐目录!F:F,'Early Facility Retirement'!$A$1,工业节能技术装备推荐目录!A:A,"2020")+SUMIFS(用能设备节能分配!Q:Q,用能设备节能分配!O:O,'Early Facility Retirement'!A12,用能设备节能分配!P:P,'Early Facility Retirement'!$A$1,用能设备节能分配!M:M,"2020") -> 53.636849 | D12: =SUMIFS(工业节能技术装备推荐目录!K:K,工业节能技术装备推荐目录!D:D,'Early Facility Retirement'!A12,工业节能技术装备推荐目录!F:F,'Early Facility Retirement'!$A$1,工业节能技术装备推荐目录!A:A,"2020")+SUMIFS(用能设备节能分配!Q:Q,用能设备节能分配!O:O,'Early Facility Retirement'!A12,用能设备节能分配!P:P,'Early Facility Retirement'!$A$1,用能设备节能分配!M:M,"2020")+SUMIFS(工业节能技术装备推荐目录!K:K,工业节能技术装备推荐目录!D:D,'Early Facility Retirement'!A12,工业节能技术装备推荐目录!F:F,'Early Facility Retirement'!$A$1,工业节能技术装备推荐目录!A:A,"2021")+SUMIFS(用能设备节能分配!Q:Q,用能设备节能分配!O:O,'Early Facility Retirement'!A12,用能设备节能分配!P:P,'Early Facility Retirement'!$A$1,用能设备节能分配!M:M,"2021") -> 447.27186 | E12: =SUMIFS(工业节能技术装备推荐目录!K:K,工业节能技术装备推荐目录!D:D,'Early Facility Retirement'!A12,工业节能技术装备推荐目录!F:F,'Early Facility Retirement'!$A$1,工业节能技术装备推荐目录!A:A,"2020")+SUMIFS(用能设备节能分配!Q:Q,用能设备节能分配!O:O,'Early Facility Retirement'!A12,用能设备节能分配!P:P,'Early Facility Retirement'!$A$1,用能设备节能分配!M:M,"2020")+SUMIFS(工业节能技术装备推荐目录!K:K,工业节能技术装备推荐目录!D:D,'Early Facility Retirement'!A12,工业节能技术装备推荐目录!F:F,'Early Facility Retirement'!$A$1,工业节能技术装备推荐目录!A:A,"2021")+SUMIFS(用能设备节能分配!Q:Q,用能设备节能分配!O:O,'Early Facility Retirement'!A12,用能设备节能分配!P:P,'Early Facility Retirement'!$A$1,用能设备节能分配!M:M,"2021")+SUMIFS(工业节能技术装备推荐目录!K:K,工业节能技术装备推荐目录!D:D,'Early Facility Retirement'!A12,工业节能技术装备推荐目录!F:F,'Early Facility Retirement'!$A$1,工业节能技术装备推荐目录!A:A,"2022")+SUMIFS(用能设备节能分配!Q:Q,用能设备节能分配!O:O,'Early Facility Retirement'!A12,用能设备节能分配!P:P,'Early Facility Retirement'!$A$1,用能设备节能分配!M:M,"2022") -> 704.47419 | F12: =SUMIFS(工业节能技术装备推荐目录!K:K,工业节能技术装备推荐目录!D:D,'Early Facility Retirement'!A12,工业节能技术装备推荐目录!F:F,'Early Facility Retirement'!$A$1,工业节能技术装备推荐目录!A:A,"2020")+SUMIFS(用能设备节能分配!Q:Q,用能设备节能分配!O:O,'Early Facility Retirement'!A12,用能设备节能分配!P:P,'Early Facility Retirement'!$A$1,用能设备节能分配!M:M,"2020")+SUMIFS(工业节能技术装备推荐目录!K:K,工业节能技术装备推荐目录!D:D,'Early Facility Retirement'!A12,工业节能技术装备推荐目录!F:F,'Early Facility Retirement'!$A$1,工业节能技术装备推荐目录!A:A,"2021")+SUMIFS(用能设备节能分配!Q:Q,用能设备节能分配!O:O,'Early Facility Retirement'!A12,用能设备节能分配!P:P,'Early Facility Retirement'!$A$1,用能设备节能分配!M:M,"2021")+SUMIFS(工业节能技术装备推荐目录!K:K,工业节能技术装备推荐目录!D:D,'Early Facility Retirement'!A12,工业节能技术装备推荐目录!F:F,'Early Facility Retirement'!$A$1,工业节能技术装备推荐目录!A:A,"2022")+SUMIFS(用能设备节能分配!Q:Q,用能设备节能分配!O:O,'Early Facility Retirement'!A12,用能设备节能分配!P:P,'Early Facility Retirement'!$A$1,用能设备节能分配!M:M,"2022") -> 704.47419 | G12: =SUMIFS(工业节能技术装备推荐目录!K:K,工业节能技术装备推荐目录!D:D,'Early Facility Retirement'!A12,工业节能技术装备推荐目录!F:F,'Early Facility Retirement'!$A$1,工业节能技术装备推荐目录!A:A,"2020")+SUMIFS(用能设备节能分配!Q:Q,用能设备节能分配!O:O,'Early Facility Retirement'!A12,用能设备节能分配!P:P,'Early Facility Retirement'!$A$1,用能设备节能分配!M:M,"2020")+SUMIFS(工业节能技术装备推荐目录!K:K,工业节能技术装备推荐目录!D:D,'Early Facility Retirement'!A12,工业节能技术装备推荐目录!F:F,'Early Facility Retirement'!$A$1,工业节能技术装备推荐目录!A:A,"2022")+SUMIFS(用能设备节能分配!Q:Q,用能设备节能分配!O:O,'Early Facility Retirement'!A12,用能设备节能分配!P:P,'Early Facility Retirement'!$A$1,用能设备节能分配!M:M,"2022") -> 310.83918 | H12: =SUMIFS(工业节能技术装备推荐目录!K:K,工业节能技术装备推荐目录!D:D,'Early Facility Retirement'!A12,工业节能技术装备推荐目录!F:F,'Early Facility Retirement'!$A$1,工业节能技术装备推荐目录!A:A,"2022")+SUMIFS(用能设备节能分配!Q:Q,用能设备节能分配!O:O,'Early Facility Retirement'!A12,用能设备节能分配!P:P,'Early Facility Retirement'!$A$1,用能设备节能分配!M:M,"2022") -> 257.20233 | I12: =SUMIFS(工业节能技术装备推荐目录!K:K,工业节能技术装备推荐目录!D:D,'Early Facility Retirement'!A12,工业节能技术装备推荐目录!F:F,'Early Facility Retirement'!$A$1,工业节能技术装备推荐目录!A:A,"2022")+SUMIFS(用能设备节能分配!Q:Q,用能设备节能分配!O:O,'Early Facility Retirement'!A12,用能设备节能分配!P:P,'Early Facility Retirement'!$A$1,用能设备节能分配!M:M,"2022") -> 257.20233
A13: rubber and plastic products 22 | B13: =SUMIFS(工业节能技术装备推荐目录!L:L,工业节能技术装备推荐目录!D:D,'Early Facility Retirement'!A13,工业节能技术装备推荐目录!F:F,'Early Facility Retirement'!$A$1)+SUMIFS(用能设备节能分配!R:R,用能设备节能分配!O:O,'Early Facility Retirement'!A13,用能设备节能分配!P:P,'Early Facility Retirement'!$A$1) -> 0.023205018 | C13: =SUMIFS(工业节能技术装备推荐目录!K:K,工业节能技术装备推荐目录!D:D,'Early Facility Retirement'!A13,工业节能技术装备推荐目录!F:F,'Early Facility Retirement'!$A$1,工业节能技术装备推荐目录!A:A,"2020")+SUMIFS(用能设备节能分配!Q:Q,用能设备节能分配!O:O,'Early Facility Retirement'!A13,用能设备节能分配!P:P,'Early Facility Retirement'!$A$1,用能设备节能分配!M:M,"2020") -> 0 | D13: =SUMIFS(工业节能技术装备推荐目录!K:K,工业节能技术装备推荐目录!D:D,'Early Facility Retirement'!A13,工业节能技术装备推荐目录!F:F,'Early Facility Retirement'!$A$1,工业节能技术装备推荐目录!A:A,"2020")+SUMIFS(用能设备节能分配!Q:Q,用能设备节能分配!O:O,'Early Facility Retirement'!A13,用能设备节能分配!P:P,'Early Facility Retirement'!$A$1,用能设备节能分配!M:M,"2020")+SUMIFS(工业节能技术装备推荐目录!K:K,工业节能技术装备推荐目录!D:D,'Early Facility Retirement'!A13,工业节能技术装备推荐目录!F:F,'Early Facility Retirement'!$A$1,工业节能技术装备推荐目录!A:A,"2021")+SUMIFS(用能设备节能分配!Q:Q,用能设备节能分配!O:O,'Early Facility Retirement'!A13,用能设备节能分配!P:P,'Early Facility Retirement'!$A$1,用能设备节能分配!M:M,"2021") -> 0.0046410037 | E13: =SUMIFS(工业节能技术装备推荐目录!K:K,工业节能技术装备推荐目录!D:D,'Early Facility Retirement'!A13,工业节能技术装备推荐目录!F:F,'Early Facility Retirement'!$A$1,工业节能技术装备推荐目录!A:A,"2020")+SUMIFS(用能设备节能分配!Q:Q,用能设备节能分配!O:O,'Early Facility Retirement'!A13,用能设备节能分配!P:P,'Early Facility Retirement'!$A$1,用能设备节能分配!M:M,"2020")+SUMIFS(工业节能技术装备推荐目录!K:K,工业节能技术装备推荐目录!D:D,'Early Facility Retirement'!A13,工业节能技术装备推荐目录!F:F,'Early Facility Retirement'!$A$1,工业节能技术装备推荐目录!A:A,"2021")+SUMIFS(用能设备节能分配!Q:Q,用能设备节能分配!O:O,'Early Facility Retirement'!A13,用能设备节能分配!P:P,'Early Facility Retirement'!$A$1,用能设备节能分配!M:M,"2021")+SUMIFS(工业节能技术装备推荐目录!K:K,工业节能技术装备推荐目录!D:D,'Early Facility Retirement'!A13,工业节能技术装备推荐目录!F:F,'Early Facility Retirement'!$A$1,工业节能技术装备推荐目录!A:A,"2022")+SUMIFS(用能设备节能分配!Q:Q,用能设备节能分配!O:O,'Early Facility Retirement'!A13,用能设备节能分配!P:P,'Early Facility Retirement'!$A$1,用能设备节能分配!M:M,"2022") -> 0.0046410037 | F13: =SUMIFS(工业节能技术装备推荐目录!K:K,工业节能技术装备推荐目录!D:D,'Early Facility Retirement'!A13,工业节能技术装备推荐目录!F:F,'Early Facility Retirement'!$A$1,工业节能技术装备推荐目录!A:A,"2020")+SUMIFS(用能设备节能分配!Q:Q,用能设备节能分配!O:O,'Early Facility Retirement'!A13,用能设备节能分配!P:P,'Early Facility Retirement'!$A$1,用能设备节能分配!M:M,"2020")+SUMIFS(工业节能技术装备推荐目录!K:K,工业节能技术装备推荐目录!D:D,'Early Facility Retirement'!A13,工业节能技术装备推荐目录!F:F,'Early Facility Retirement'!$A$1,工业节能技术装备推荐目录!A:A,"2021")+SUMIFS(用能设备节能分配!Q:Q,用能设备节能分配!O:O,'Early Facility Retirement'!A13,用能设备节能分配!P:P,'Early Facility Retirement'!$A$1,用能设备节能分配!M:M,"2021")+SUMIFS(工业节能技术装备推荐目录!K:K,工业节能技术装备推荐目录!D:D,'Early Facility Retirement'!A13,工业节能技术装备推荐目录!F:F,'Early Facility Retirement'!$A$1,工业节能技术装备推荐目录!A:A,"2022")+SUMIFS(用能设备节能分配!Q:Q,用能设备节能分配!O:O,'Early Facility Retirement'!A13,用能设备节能分配!P:P,'Early Facility Retirement'!$A$1,用能设备节能分配!M:M,"2022") -> 0.0046410037 | G13: =SUMIFS(工业节能技术装备推荐目录!K:K,工业节能技术装备推荐目录!D:D,'Early Facility Retirement'!A13,工业节能技术装备推荐目录!F:F,'Early Facility Retirement'!$A$1,工业节能技术装备推荐目录!A:A,"2020")+SUMIFS(用能设备节能分配!Q:Q,用能设备节能分配!O:O,'Early Facility Retirement'!A13,用能设备节能分配!P:P,'Early Facility Retirement'!$A$1,用能设备节能分配!M:M,"2020")+SUMIFS(工业节能技术装备推荐目录!K:K,工业节能技术装备推荐目录!D:D,'Early Facility Retirement'!A13,工业节能技术装备推荐目录!F:F,'Early Facility Retirement'!$A$1,工业节能技术装备推荐目录!A:A,"2022")+SUMIFS(用能设备节能分配!Q:Q,用能设备节能分配!O:O,'Early Facility Retirement'!A13,用能设备节能分配!P:P,'Early Facility Retirement'!$A$1,用能设备节能分配!M:M,"2022") -> 0 | H13: =SUMIFS(工业节能技术装备推荐目录!K:K,工业节能技术装备推荐目录!D:D,'Early Facility Retirement'!A13,工业节能技术装备推荐目录!F:F,'Early Facility Retirement'!$A$1,工业节能技术装备推荐目录!A:A,"2022")+SUMIFS(用能设备节能分配!Q:Q,用能设备节能分配!O:O,'Early Facility Retirement'!A13,用能设备节能分配!P:P,'Early Facility Retirement'!$A$1,用能设备节能分配!M:M,"2022") -> 0 | I13: =SUMIFS(工业节能技术装备推荐目录!K:K,工业节能技术装备推荐目录!D:D,'Early Facility Retirement'!A13,工业节能技术装备推荐目录!F:F,'Early Facility Retirement'!$A$1,工业节能技术装备推荐目录!A:A,"2022")+SUMIFS(用能设备节能分配!Q:Q,用能设备节能分配!O:O,'Early Facility Retirement'!A13,用能设备节能分配!P:P,'Early Facility Retirement'!$A$1,用能设备节能分配!M:M,"2022") -> 0
A14: glass and glass products 231 | B14: =SUMIFS(工业节能技术装备推荐目录!L:L,工业节能技术装备推荐目录!D:D,'Early Facility Retirement'!A14,工业节能技术装备推荐目录!F:F,'Early Facility Retirement'!$A$1)+SUMIFS(用能设备节能分配!R:R,用能设备节能分配!O:O,'Early Facility Retirement'!A14,用能设备节能分配!P:P,'Early Facility Retirement'!$A$1) -> 237.85922 | C14: =SUMIFS(工业节能技术装备推荐目录!K:K,工业节能技术装备推荐目录!D:D,'Early Facility Retirement'!A14,工业节能技术装备推荐目录!F:F,'Early Facility Retirement'!$A$1,工业节能技术装备推荐目录!A:A,"2020")+SUMIFS(用能设备节能分配!Q:Q,用能设备节能分配!O:O,'Early Facility Retirement'!A14,用能设备节能分配!P:P,'Early Facility Retirement'!$A$1,用能设备节能分配!M:M,"2020") -> 0 | D14: =SUMIFS(工业节能技术装备推荐目录!K:K,工业节能技术装备推荐目录!D:D,'Early Facility Retirement'!A14,工业节能技术装备推荐目录!F:F,'Early Facility Retirement'!$A$1,工业节能技术装备推荐目录!A:A,"2020")+SUMIFS(用能设备节能分配!Q:Q,用能设备节能分配!O:O,'Early Facility Retirement'!A14,用能设备节能分配!P:P,'Early Facility Retirement'!$A$1,用能设备节能分配!M:M,"2020")+SUMIFS(工业节能技术装备推荐目录!K:K,工业节能技术装备推荐目录!D:D,'Early Facility Retirement'!A14,工业节能技术装备推荐目录!F:F,'Early Facility Retirement'!$A$1,工业节能技术装备推荐目录!A:A,"2021")+SUMIFS(用能设备节能分配!Q:Q,用能设备节能分配!O:O,'Early Facility Retirement'!A14,用能设备节能分配!P:P,'Early Facility Retirement'!$A$1,用能设备节能分配!M:M,"2021") -> 0.0020109341 | E14: =SUMIFS(工业节能技术装备推荐目录!K:K,工业节能技术装备推荐目录!D:D,'Early Facility Retirement'!A14,工业节能技术装备推荐目录!F:F,'Early Facility Retirement'!$A$1,工业节能技术装备推荐目录!A:A,"2020")+SUMIFS(用能设备节能分配!Q:Q,用能设备节能分配!O:O,'Early Facility Retirement'!A14,用能设备节能分配!P:P,'Early Facility Retirement'!$A$1,用能设备节能分配!M:M,"2020")+SUMIFS(工业节能技术装备推荐目录!K:K,工业节能技术装备推荐目录!D:D,'Early Facility Retirement'!A14,工业节能技术装备推荐目录!F:F,'Early Facility Retirement'!$A$1,工业节能技术装备推荐目录!A:A,"2021")+SUMIFS(用能设备节能分配!Q:Q,用能设备节能分配!O:O,'Early Facility Retirement'!A14,用能设备节能分配!P:P,'Early Facility Retirement'!$A$1,用能设备节能分配!M:M,"2021")+SUMIFS(工业节能技术装备推荐目录!K:K,工业节能技术装备推荐目录!D:D,'Early Facility Retirement'!A14,工业节能技术装备推荐目录!F:F,'Early Facility Retirement'!$A$1,工业节能技术装备推荐目录!A:A,"2022")+SUMIFS(用能设备节能分配!Q:Q,用能设备节能分配!O:O,'Early Facility Retirement'!A14,用能设备节能分配!P:P,'Early Facility Retirement'!$A$1,用能设备节能分配!M:M,"2022") -> 26.236735 | F14: =SUMIFS(工业节能技术装备推荐目录!K:K,工业节能技术装备推荐目录!D:D,'Early Facility Retirement'!A14,工业节能技术装备推荐目录!F:F,'Early Facility Retirement'!$A$1,工业节能技术装备推荐目录!A:A,"2020")+SUMIFS(用能设备节能分配!Q:Q,用能设备节能分配!O:O,'Early Facility Retirement'!A14,用能设备节能分配!P:P,'Early Facility Retirement'!$A$1,用能设备节能分配!M:M,"2020")+SUMIFS(工业节能技术装备推荐目录!K:K,工业节能技术装备推荐目录!D:D,'Early Facility Retirement'!A14,工业节能技术装备推荐目录!F:F,'Early Facility Retirement'!$A$1,工业节能技术装备推荐目录!A:A,"2021")+SUMIFS(用能设备节能分配!Q:Q,用能设备节能分配!O:O,'Early Facility Retirement'!A14,用能设备节能分配!P:P,'Early Facility Retirement'!$A$1,用能设备节能分配!M:M,"2021")+SUMIFS(工业节能技术装备推荐目录!K:K,工业节能技术装备推荐目录!D:D,'Early Facility Retirement'!A14,工业节能技术装备推荐目录!F:F,'Early Facility Retirement'!$A$1,工业节能技术装备推荐目录!A:A,"2022")+SUMIFS(用能设备节能分配!Q:Q,用能设备节能分配!O:O,'Early Facility Retirement'!A14,用能设备节能分配!P:P,'Early Facility Retirement'!$A$1,用能设备节能分配!M:M,"2022") -> 26.236735 | G14: =SUMIFS(工业节能技术装备推荐目录!K:K,工业节能技术装备推荐目录!D:D,'Early Facility Retirement'!A14,工业节能技术装备推荐目录!F:F,'Early Facility Retirement'!$A$1,工业节能技术装备推荐目录!A:A,"2020")+SUMIFS(用能设备节能分配!Q:Q,用能设备节能分配!O:O,'Early Facility Retirement'!A14,用能设备节能分配!P:P,'Early Facility Retirement'!$A$1,用能设备节能分配!M:M,"2020")+SUMIFS(工业节能技术装备推荐目录!K:K,工业节能技术装备推荐目录!D:D,'Early Facility Retirement'!A14,工业节能技术装备推荐目录!F:F,'Early Facility Retirement'!$A$1,工业节能技术装备推荐目录!A:A,"2022")+SUMIFS(用能设备节能分配!Q:Q,用能设备节能分配!O:O,'Early Facility Retirement'!A14,用能设备节能分配!P:P,'Early Facility Retirement'!$A$1,用能设备节能分配!M:M,"2022") -> 26.234724 | H14: =SUMIFS(工业节能技术装备推荐目录!K:K,工业节能技术装备推荐目录!D:D,'Early Facility Retirement'!A14,工业节能技术装备推荐目录!F:F,'Early Facility Retirement'!$A$1,工业节能技术装备推荐目录!A:A,"2022")+SUMIFS(用能设备节能分配!Q:Q,用能设备节能分配!O:O,'Early Facility Retirement'!A14,用能设备节能分配!P:P,'Early Facility Retirement'!$A$1,用能设备节能分配!M:M,"2022") -> 26.234724 | I14: =SUMIFS(工业节能技术装备推荐目录!K:K,工业节能技术装备推荐目录!D:D,'Early Facility Retirement'!A14,工业节能技术装备推荐目录!F:F,'Early Facility Retirement'!$A$1,工业节能技术装备推荐目录!A:A,"2022")+SUMIFS(用能设备节能分配!Q:Q,用能设备节能分配!O:O,'Early Facility Retirement'!A14,用能设备节能分配!P:P,'Early Facility Retirement'!$A$1,用能设备节能分配!M:M,"2022") -> 26.234724
... A27: construction 41T43 | B27: =SUMIFS(工业节能技术装备推荐目录!L:L,工业节能技术装备推荐目录!D:D,'Early Facility Retirement'!A27,工业节能技术装备推荐目录!F:F,'Early Facility Retirement'!$A$1)+SUMIFS(用能设备节能分配!R:R,用能设备节能分配!O:O,'Early Facility Retirement'!A27,用能设备节能分配!P:P,'Early Facility Retirement'!$A$1) -> 0.065837648 | C27: =SUMIFS(工业节能技术装备推荐目录!K:K,工业节能技术装备推荐目录!D:D,'Early Facility Retirement'!A27,工业节能技术装备推荐目录!F:F,'Early Facility Retirement'!$A$1,工业节能技术装备推荐目录!A:A,"2020")+SUMIFS(用能设备节能分配!Q:Q,用能设备节能分配!O:O,'Early Facility Retirement'!A27,用能设备节能分配!P:P,'Early Facility Retirement'!$A$1,用能设备节能分配!M:M,"2020") -> 0 | D27: =SUMIFS(工业节能技术装备推荐目录!K:K,工业节能技术装备推荐目录!D:D,'Early Facility Retirement'!A27,工业节能技术装备推荐目录!F:F,'Early Facility Retirement'!$A$1,工业节能技术装备推荐目录!A:A,"2020")+SUMIFS(用能设备节能分配!Q:Q,用能设备节能分配!O:O,'Early Facility Retirement'!A27,用能设备节能分配!P:P,'Early Facility Retirement'!$A$1,用能设备节能分配!M:M,"2020")+SUMIFS(工业节能技术装备推荐目录!K:K,工业节能技术装备推荐目录!D:D,'Early Facility Retirement'!A27,工业节能技术装备推荐目录!F:F,'Early Facility Retirement'!$A$1,工业节能技术装备推荐目录!A:A,"2021")+SUMIFS(用能设备节能分配!Q:Q,用能设备节能分配!O:O,'Early Facility Retirement'!A27,用能设备节能分配!P:P,'Early Facility Retirement'!$A$1,用能设备节能分配!M:M,"2021") -> 0.01316753 | E27: =SUMIFS(工业节能技术装备推荐目录!K:K,工业节能技术装备推荐目录!D:D,'Early Facility Retirement'!A27,工业节能技术装备推荐目录!F:F,'Early Facility Retirement'!$A$1,工业节能技术装备推荐目录!A:A,"2020")+SUMIFS(用能设备节能分配!Q:Q,用能设备节能分配!O:O,'Early Facility Retirement'!A27,用能设备节能分配!P:P,'Early Facility Retirement'!$A$1,用能设备节能分配!M:M,"2020")+SUMIFS(工业节能技术装备推荐目录!K:K,工业节能技术装备推荐目录!D:D,'Early Facility Retirement'!A27,工业节能技术装备推荐目录!F:F,'Early Facility Retirement'!$A$1,工业节能技术装备推荐目录!A:A,"2021")+SUMIFS(用能设备节能分配!Q:Q,用能设备节能分配!O:O,'Early Facility Retirement'!A27,用能设备节能分配!P:P,'Early Facility Retirement'!$A$1,用能设备节能分配!M:M,"2021")+SUMIFS(工业节能技术装备推荐目录!K:K,工业节能技术装备推荐目录!D:D,'Early Facility Retirement'!A27,工业节能技术装备推荐目录!F:F,'Early Facility Retirement'!$A$1,工业节能技术装备推荐目录!A:A,"2022")+SUMIFS(用能设备节能分配!Q:Q,用能设备节能分配!O:O,'Early Facility Retirement'!A27,用能设备节能分配!P:P,'Early Facility Retirement'!$A$1,用能设备节能分配!M:M,"2022") -> 0.01316753 | F27: =SUMIFS(工业节能技术装备推荐目录!K:K,工业节能技术装备推荐目录!D:D,'Early Facility Retirement'!A27,工业节能技术装备推荐目录!F:F,'Early Facility Retirement'!$A$1,工业节能技术装备推荐目录!A:A,"2020")+SUMIFS(用能设备节能分配!Q:Q,用能设备节能分配!O:O,'Early Facility Retirement'!A27,用能设备节能分配!P:P,'Early Facility Retirement'!$A$1,用能设备节能分配!M:M,"2020")+SUMIFS(工业节能技术装备推荐目录!K:K,工业节能技术装备推荐目录!D:D,'Early Facility Retirement'!A27,工业节能技术装备推荐目录!F:F,'Early Facility Retirement'!$A$1,工业节能技术装备推荐目录!A:A,"2021")+SUMIFS(用能设备节能分配!Q:Q,用能设备节能分配!O:O,'Early Facility Retirement'!A27,用能设备节能分配!P:P,'Early Facility Retirement'!$A$1,用能设备节能分配!M:M,"2021")+SUMIFS(工业节能技术装备推荐目录!K:K,工业节能技术装备推荐目录!D:D,'Early Facility Retirement'!A27,工业节能技术装备推荐目录!F:F,'Early Facility Retirement'!$A$1,工业节能技术装备推荐目录!A:A,"2022")+SUMIFS(用能设备节能分配!Q:Q,用能设备节能分配!O:O,'Early Facility Retirement'!A27,用能设备节能分配!P:P,'Early Facility Retirement'!$A$1,用能设备节能分配!M:M,"2022") -> 0.01316753 | G27: =SUMIFS(工业节能技术装备推荐目录!K:K,工业节能技术装备推荐目录!D:D,'Early Facility Retirement'!A27,工业节能技术装备推荐目录!F:F,'Early Facility Retirement'!$A$1,工业节能技术装备推荐目录!A:A,"2020")+SUMIFS(用能设备节能分配!Q:Q,用能设备节能分配!O:O,'Early Facility Retirement'!A27,用能设备节能分配!P:P,'Early Facility Retirement'!$A$1,用能设备节能分配!M:M,"2020")+SUMIFS(工业节能技术装备推荐目录!K:K,工业节能技术装备推荐目录!D:D,'Early Facility Retirement'!A27,工业节能技术装备推荐目录!F:F,'Early Facility Retirement'!$A$1,工业节能技术装备推荐目录!A:A,"2022")+SUMIFS(用能设备节能分配!Q:Q,用能设备节能分配!O:O,'Early Facility Retirement'!A27,用能设备节能分配!P:P,'Early Facility Retirement'!$A$1,用能设备节能分配!M:M,"2022") -> 0 | H27: =SUMIFS(工业节能技术装备推荐目录!K:K,工业节能技术装备推荐目录!D:D,'Early Facility Retirement'!A27,工业节能技术装备推荐目录!F:F,'Early Facility Retirement'!$A$1,工业节能技术装备推荐目录!A:A,"2022")+SUMIFS(用能设备节能分配!Q:Q,用能设备节能分配!O:O,'Early Facility Retirement'!A27,用能设备节能分配!P:P,'Early Facility Retirement'!$A$1,用能设备节能分配!M:M,"2022") -> 0 | I27: =SUMIFS(工业节能技术装备推荐目录!K:K,工业节能技术装备推荐目录!D:D,'Early Facility Retirement'!A27,工业节能技术装备推荐目录!F:F,'Early Facility Retirement'!$A$1,工业节能技术装备推荐目录!A:A,"2022")+SUMIFS(用能设备节能分配!Q:Q,用能设备节能分配!O:O,'Early Facility Retirement'!A27,用能设备节能分配!P:P,'Early Facility Retirement'!$A$1,用能设备节能分配!M:M,"2022") -> 0
A28: 合计 | B28: =SUM(B3:B27) -> 46904.425 | C28: =SUM(C3:C27) -> 703.87664 | D28: =SUM(D3:D27) -> 1938.2944 | E28: =SUM(E3:E27) -> 4356.2944 | F28: =SUM(F3:F27) -> 4356.2944 | G28: =SUM(G3:G27) -> 3121.8766 | H28: =SUM(H3:H27) -> 2418 | I28: =SUM(I3:I27) -> 2418
A31: Early Facility Retirement | B31: 节能百分比
A32: unit:万tce | B32: 2060 | C32: 2021 | D32: 2022 | E32: 2023 | F32: 2024 | G32: 2025 | H32: 2026 | I32: 2027
A33: agriculture and forestry 01T03 | B33: =B3*$K$2/BIFUbC!AQ2 -> 5.6557656e-06 | C33: =C3*$K$2/BIFUbC!D2 -> 0 | D33: =D3*$K$2/BIFUbC!E2 -> 1.8604239e-06 | E33: =E3*$K$2/BIFUbC!F2 -> 1.7885888e-06 | F33: =F3*$K$2/BIFUbC!G2 -> 1.7105295e-06 | G33: =G3*$K$2/BIFUbC!H2 -> 0 | H33: =H3*$K$2/BIFUbC!I2 -> 0 | I33: =I3*$K$2/BIFUbC!J2 -> 0
A34: coal mining 05 | B34: =B4*$K$2/BIFUbC!AQ3 -> 0.0020180696 | C34: =C4*$K$2/BIFUbC!D3 -> 0 | D34: =D4*$K$2/BIFUbC!E3 -> 1.2223287e-05 | E34: =E4*$K$2/BIFUbC!F3 -> 0.00057110047 | F34: =F4*$K$2/BIFUbC!G3 -> 0.00055762243 | G34: =G4*$K$2/BIFUbC!H3 -> 0.00053339191 | H34: =H4*$K$2/BIFUbC!I3 -> 0.00052488851 | I34: =I4*$K$2/BIFUbC!J3 -> 0.00051665401
A35: oil and gas extraction 06 | B35: =B5*$K$2/BIFUbC!AQ4 -> 6.1392123e-06 | C35: =C5*$K$2/BIFUbC!D4 -> 0 | D35: =D5*$K$2/BIFUbC!E4 -> 1.8392078e-06 | E35: =E5*$K$2/BIFUbC!F4 -> 1.7677954e-06 | F35: =F5*$K$2/BIFUbC!G4 -> 1.7022258e-06 | G35: =G5*$K$2/BIFUbC!H4 -> 0 | H35: =H5*$K$2/BIFUbC!I4 -> 0 | I35: =I5*$K$2/BIFUbC!J4 -> 0
A36: other mining and quarrying 07T08 | B36: =B6*$K$2/BIFUbC!AQ5 -> 1.3089271e-05 | C36: =C6*$K$2/BIFUbC!D5 -> 0 | D36: =D6*$K$2/BIFUbC!E5 -> 2.0957615e-06 | E36: =E6*$K$2/BIFUbC!F5 -> 1.97194e-06 | F36: =F6*$K$2/BIFUbC!G5 -> 1.8627334e-06 | G36: =G6*$K$2/BIFUbC!H5 -> 0 | H36: =H6*$K$2/BIFUbC!I5 -> 0 | I36: =I6*$K$2/BIFUbC!J5 -> 0
A37: food beverage and tobacco 10T12 | B37: =B7*$K$2/BIFUbC!AQ6 -> 0.00035871189 | C37: =C7*$K$2/BIFUbC!D6 -> 0.00010333442 | D37: =D7*$K$2/BIFUbC!E6 -> 0.00010173016 | E37: =E7*$K$2/BIFUbC!F6 -> 0.00010115551 | F37: =F7*$K$2/BIFUbC!G6 -> 9.8990213e-05 | G37: =G7*$K$2/BIFUbC!H6 -> 9.4383272e-05 | H37: =H7*$K$2/BIFUbC!I6 -> 0 | I37: =I7*$K$2/BIFUbC!J6 -> 0
A38: textiles apparel and leather 13T15 | B38: =B8*$K$2/BIFUbC!AQ7 -> 0.08455522 | C38: =C8*$K$2/BIFUbC!D7 -> 0.00010822858 | D38: =D8*$K$2/BIFUbC!E7 -> 0.00011182974 | E38: =E8*$K$2/BIFUbC!F7 -> 0.019625818 | F38: =F8*$K$2/BIFUbC!G7 -> 0.019519793 | G38: =G8*$K$2/BIFUbC!H7 -> 0.019347748 | H38: =H8*$K$2/BIFUbC!I7 -> 0.01904603 | I38: =I8*$K$2/BIFUbC!J7 -> 0.018872451
A39: wood products 16 | B39: =B9*$K$2/BIFUbC!AQ8 -> 1.0677632e-05 | C39: =C9*$K$2/BIFUbC!D8 -> 0 | D39: =D9*$K$2/BIFUbC!E8 -> 1.8254423e-06 | E39: =E9*$K$2/BIFUbC!F8 -> 1.8256983e-06 | F39: =F9*$K$2/BIFUbC!G8 -> 1.8113903e-06 | G39: =G9*$K$2/BIFUbC!H8 -> 0 | H39: =H9*$K$2/BIFUbC!I8 -> 0 | I39: =I9*$K$2/BIFUbC!J8 -> 0
A40: pulp paper and printing 17T18 | B40: =B10*$K$2/BIFUbC!AQ9 -> 0.00042329026 | C40: =C10*$K$2/BIFUbC!D9 -> 0.00010139237 | D40: =D10*$K$2/BIFUbC!E9 -> 0.00010299683 | E40: =E10*$K$2/BIFUbC!F9 -> 9.885833e-05 | F40: =F10*$K$2/BIFUbC!G9 -> 9.4798275e-05 | G40: =G10*$K$2/BIFUbC!H9 -> 8.9313212e-05 | H40: =H10*$K$2/BIFUbC!I9 -> 0 | I40: =I10*$K$2/BIFUbC!J9 -> 0
A41: refined petroleum and coke 19 | B41: =B11*$K$2/BIFUbC!AQ10 -> 0.11299894 | C41: =C11*$K$2/BIFUbC!D10 -> 0.00010591534 | D41: =D11*$K$2/BIFUbC!E10 -> 0.0018777844 | E41: =E11*$K$2/BIFUbC!F10 -> 0.0043286277 | F41: =F11*$K$2/BIFUbC!G10 -> 0.0040336199 | G41: =G11*$K$2/BIFUbC!H10 -> 0.0023420879 | H41: =H11*$K$2/BIFUbC!I10 -> 0.0022094689 | I41: =I11*$K$2/BIFUbC!J10 -> 0.0021629525
A42: chemicals 20 | B42: =B12*$K$2/BIFUbC!AQ11 -> 0.068275193 | C42: =C12*$K$2/BIFUbC!D11 -> 0.0011040818 | D42: =D12*$K$2/BIFUbC!E11 -> 0.0092954274 | E42: =E12*$K$2/BIFUbC!F11 -> 0.013468081 | F42: =F12*$K$2/BIFUbC!G11 -> 0.012461202 | G42: =G12*$K$2/BIFUbC!H11 -> 0.0051155948 | H42: =H12*$K$2/BIFUbC!I11 -> 0.0040900353 | I42: =I12*$K$2/BIFUbC!J11 -> 0.0039581107
A43: rubber and plastic products 22 | B43: =B13*$K$2/BIFUbC!AQ12 -> 8.6954336e-06 | C43: =C13*$K$2/BIFUbC!D12 -> 0 | D43: =D13*$K$2/BIFUbC!E12 -> 1.7928677e-06 | E43: =E13*$K$2/BIFUbC!F12 -> 1.7761435e-06 | F43: =F13*$K$2/BIFUbC!G12 -> 1.7247061e-06 | G43: =G13*$K$2/BIFUbC!H12 -> 0 | H43: =H13*$K$2/BIFUbC!I12 -> 0 | I43: =I13*$K$2/BIFUbC!J12 -> 0
A44: glass and glass products 231 | B44: =B14*$K$2/BIFUbC!AQ13 -> 0.094490113 | C44: =C14*$K$2/BIFUbC!D13 -> 0 | D44: =D14*$K$2/BIFUbC!E13 -> 1.7500682e-06 | E44: =E14*$K$2/BIFUbC!F13 -> 0.022429396 | F44: =F14*$K$2/BIFUbC!G13 -> 0.021347843 | G44: =G14*$K$2/BIFUbC!H13 -> 0.020107645 | H44: =H14*$K$2/BIFUbC!I13 -> 0.019061132 | I44: =I14*$K$2/BIFUbC!J13 -> 0.018235455
... A57: construction 41T43 | B57: =B27*$K$2/BIFUbC!AQ26 -> 4.7279713e-06 | C57: =C27*$K$2/BIFUbC!D26 -> 0 | D57: =D27*$K$2/BIFUbC!E26 -> 1.8219951e-06 | E57: =E27*$K$2/BIFUbC!F26 -> 1.7358087e-06 | F57: =F27*$K$2/BIFUbC!G26 -> 1.6540069e-06 | G57: =G27*$K$2/BIFUbC!H26 -> 0 | H57: =H27*$K$2/BIFUbC!I26 -> 0 | I57: =I27*$K$2/BIFUbC!J26 -> 0
A58: 工业 | B58: =B28*$K$2/SUM(BIFUbC!AQ2:AQ26) -> 0.092806722 | C58: =C28*$K$2/SUM(BIFUbC!D2:D26) -> 0.0014306521 | D58: =D28*$K$2/SUM(BIFUbC!E2:E26) -> 0.0038655677 | E58: =E28*$K$2/SUM(BIFUbC!F2:F26) -> 0.0081740051 | F58: =F28*$K$2/SUM(BIFUbC!G2:G26) -> 0.0076996493 | G58: =G28*$K$2/SUM(BIFUbC!H2:H26) -> 0.0052120335 | H58: =H28*$K$2/SUM(BIFUbC!I2:I26) -> 0.003935211 | I58: =I28*$K$2/SUM(BIFUbC!J2:J26) -> 0.0038415032
A61: Early Facility Retirement | B61: 时间表
A62: unit:万tce | B62: 2060 | C62: 2021 | D62: 2022 | E62: 2023 | F62: 2024 | G62: 2025 | H62: 2026 | I62: 2027
A63: agriculture and forestry 01T03 | B63: 1 | C63: =C33/$B33 -> 0 | D63: =D33/$B33 -> 0.32894289 | E63: =E33/$B33 -> 0.31624168 | F63: =F33/$B33 -> 0.30243996 | G63: =G33/$B33 -> 0 | H63: =H33/$B33 -> 0 | I63: =I33/$B33 -> 0
A64: coal mining 05 | B64: 1 | C64: =C34/$B34 -> 0 | D64: =D34/$B34 -> 0.0060569204 | E64: =E34/$B34 -> 0.28299344 | F64: =F34/$B34 -> 0.27631476 | G64: =G34/$B34 -> 0.26430798 | H64: =H34/$B34 -> 0.26009435 | I64: =I34/$B34 -> 0.25601397
A65: oil and gas extraction 06 | B65: 1 | C65: =C35/$B35 -> 0 | D65: =D35/$B35 -> 0.29958369 | E65: =E35/$B35 -> 0.28795149 | F65: =F35/$B35 -> 0.27727105 | G65: =G35/$B35 -> 0 | H65: =H35/$B35 -> 0 | I65: =I35/$B35 -> 0
A66: other mining and quarrying 07T08 | B66: 1 | C66: =C36/$B36 -> 0 | D66: =D36/$B36 -> 0.16011293 | E66: =E36/$B36 -> 0.15065316 | F66: =F36/$B36 -> 0.14230995 | G66: =G36/$B36 -> 0 | H66: =H36/$B36 -> 0 | I66: =I36/$B36 -> 0
A67: food beverage and tobacco 10T12 | B67: 1 | C67: =C37/$B37 -> 0.28807079 | D67: =D37/$B37 -> 0.28359852 | E67: =E37/$B37 -> 0.28199654 | F67: =F37/$B37 -> 0.27596023 | G67: =G37/$B37 -> 0.26311721 | H67: =H37/$B37 -> 0 | I67: =I37/$B37 -> 0
A68: textiles apparel and leather 13T15 | B68: 1 | C68: =C38/$B38 -> 0.0012799752 | D68: =D38/$B38 -> 0.0013225646 | E68: =E38/$B38 -> 0.23210652 | F68: =F38/$B38 -> 0.2308526 | G68: =G38/$B38 -> 0.2288179 | H68: =H38/$B38 -> 0.22524961 | I68: =I38/$B38 -> 0.22319675
A69: wood products 16 | B69: 1 | C69: =C39/$B39 -> 0 | D69: =D39/$B39 -> 0.17095947 | E69: =E39/$B39 -> 0.17098346 | F69: =F39/$B39 -> 0.16964346 | G69: =G39/$B39 -> 0 | H69: =H39/$B39 -> 0 | I69: =I39/$B39 -> 0
A70: pulp paper and printing 17T18 | B70: 1 | C70: =C40/$B40 -> 0.23953389 | D70: =D40/$B40 -> 0.24332436 | E70: =E40/$B40 -> 0.23354738 | F70: =F40/$B40 -> 0.22395572 | G70: =G40/$B40 -> 0.21099756 | H70: =H40/$B40 -> 0 | I70: =I40/$B40 -> 0
A71: refined petroleum and coke 19 | B71: 1 | C71: =C41/$B41 -> 0.00093731264 | D71: =D41/$B41 -> 0.016617717 | E71: =E41/$B41 -> 0.038306799 | F71: =F41/$B41 -> 0.035696086 | G71: =G41/$B41 -> 0.020726636 | H71: =H41/$B41 -> 0.019553005 | I71: =I41/$B41 -> 0.019141352
A72: chemicals 20 | B72: 1 | C72: =C42/$B42 -> 0.016171054 | D72: =D42/$B42 -> 0.13614648 | E72: =E42/$B42 -> 0.1972617 | F72: =F42/$B42 -> 0.18251435 | G72: =G42/$B42 -> 0.074926112 | H72: =H42/$B42 -> 0.059905143 | I72: =I42/$B42 -> 0.057972897
A73: rubber and plastic products 22 | B73: 1 | C73: =C43/$B43 -> 0 | D73: =D43/$B43 -> 0.20618497 | E73: =E43/$B43 -> 0.20426163 | F73: =F43/$B43 -> 0.19834618 | G73: =G43/$B43 -> 0 | H73: =H43/$B43 -> 0 | I73: =I43/$B43 -> 0
A74: glass and glass products 231 | B74: 1 | C74: =C44/$B44 -> 0 | D74: =D44/$B44 -> 1.8521178e-05 | E74: =E44/$B44 -> 0.23737294 | F74: =F44/$B44 -> 0.22592674 | G74: =G44/$B44 -> 0.21280158 | H74: =H44/$B44 -> 0.20172621 | I74: =I44/$B44 -> 0.19298797
... A88: 工业 | B88: 1 | C88: =C58/$B58 -> 0.015415393 | D88: =D58/$B58 -> 0.041651808 | E88: =E58/$B58 -> 0.088075572 | F88: =F58/$B58 -> 0.082964349 | G88: =G58/$B58 -> 0.056160086 | H88: =H58/$B58 -> 0.042402219 | I88: =I58/$B58 -> 0.041392511

Sheet Installation&System Integration
A1: Installation and System Integration | B1: 节能量 | K1: BTU/万tce
A2: unit:万tce | B2: 100%实现 | C2: 2021 | D2: 2022 | E2: 2023 | F2: 2024 | G2: 2025 | H2: 2026 | I2: 2027 | K2: 2.7743555e+11
A3: agriculture and forestry 01T03 | B3: =SUMIFS(工业节能技术装备推荐目录!L:L,工业节能技术装备推荐目录!D:D,'Installation&System Integration'!A3,工业节能技术装备推荐目录!F:F,'Installation&System Integration'!$A$1)+SUMIFS(用能设备节能分配!R:R,用能设备节能分配!O:O,'Installation&System Integration'!A3,用能设备节能分配!P:P,'Installation&System Integration'!$A$1) -> 27.362563 | C3: =SUMIFS(工业节能技术装备推荐目录!K:K,工业节能技术装备推荐目录!D:D,'Installation&System Integration'!A3,工业节能技术装备推荐目录!F:F,'Installation&System Integration'!$A$1,工业节能技术装备推荐目录!A:A,"2020")+SUMIFS(用能设备节能分配!Q:Q,用能设备节能分配!O:O,'Installation&System Integration'!A3,用能设备节能分配!P:P,'Installation&System Integration'!$A$1,用能设备节能分配!M:M,"2020") -> 1.0883645 | D3: =SUMIFS(工业节能技术装备推荐目录!K:K,工业节能技术装备推荐目录!D:D,'Installation&System Integration'!A3,工业节能技术装备推荐目录!F:F,'Installation&System Integration'!$A$1,工业节能技术装备推荐目录!A:A,"2020")+SUMIFS(用能设备节能分配!Q:Q,用能设备节能分配!O:O,'Installation&System Integration'!A3,用能设备节能分配!P:P,'Installation&System Integration'!$A$1,用能设备节能分配!M:M,"2020")+SUMIFS(工业节能技术装备推荐目录!K:K,工业节能技术装备推荐目录!D:D,'Installation&System Integration'!A3,工业节能技术装备推荐目录!F:F,'Installation&System Integration'!$A$1,工业节能技术装备推荐目录!A:A,"2021")+SUMIFS(用能设备节能分配!Q:Q,用能设备节能分配!O:O,'Installation&System Integration'!A3,用能设备节能分配!P:P,'Installation&System Integration'!$A$1,用能设备节能分配!M:M,"2021") -> 3.3911486 | E3: =SUMIFS(工业节能技术装备推荐目录!K:K,工业节能技术装备推荐目录!D:D,'Installation&System Integration'!A3,工业节能技术装备推荐目录!F:F,'Installation&System Integration'!$A$1,工业节能技术装备推荐目录!A:A,"2020")+SUMIFS(用能设备节能分配!Q:Q,用能设备节能分配!O:O,'Installation&System Integration'!A3,用能设备节能分配!P:P,'Installation&System Integration'!$A$1,用能设备节能分配!M:M,"2020")+SUMIFS(工业节能技术装备推荐目录!K:K,工业节能技术装备推荐目录!D:D,'Installation&System Integration'!A3,工业节能技术装备推荐目录!F:F,'Installation&System Integration'!$A$1,工业节能技术装备推荐目录!A:A,"2021")+SUMIFS(用能设备节能分配!Q:Q,用能设备节能分配!O:O,'Installation&System Integration'!A3,用能设备节能分配!P:P,'Installation&System Integration'!$A$1,用能设备节能分配!M:M,"2021")+SUMIFS(工业节能技术装备推荐目录!K:K,工业节能技术装备推荐目录!D:D,'Installation&System Integration'!A3,工业节能技术装备推荐目录!F:F,'Installation&System Integration'!$A$1,工业节能技术装备推荐目录!A:A,"2022")+SUMIFS(用能设备节能分配!Q:Q,用能设备节能分配!O:O,'Installation&System Integration'!A3,用能设备节能分配!P:P,'Installation&System Integration'!$A$1,用能设备节能分配!M:M,"2022") -> 3.3911486 | F3: =SUMIFS(工业节能技术装备推荐目录!K:K,工业节能技术装备推荐目录!D:D,'Installation&System Integration'!A3,工业节能技术装备推荐目录!F:F,'Installation&System Integration'!$A$1,工业节能技术装备推荐目录!A:A,"2020")+SUMIFS(用能设备节能分配!Q:Q,用能设备节能分配!O:O,'Installation&System Integration'!A3,用能设备节能分配!P:P,'Installation&System Integration'!$A$1,用能设备节能分配!M:M,"2020")+SUMIFS(工业节能技术装备推荐目录!K:K,工业节能技术装备推荐目录!D:D,'Installation&System Integration'!A3,工业节能技术装备推荐目录!F:F,'Installation&System Integration'!$A$1,工业节能技术装备推荐目录!A:A,"2021")+SUMIFS(用能设备节能分配!Q:Q,用能设备节能分配!O:O,'Installation&System Integration'!A3,用能设备节能分配!P:P,'Installation&System Integration'!$A$1,用能设备节能分配!M:M,"2021")+SUMIFS(工业节能技术装备推荐目录!K:K,工业节能技术装备推荐目录!D:D,'Installation&System Integration'!A3,工业节能技术装备推荐目录!F:F,'Installation&System Integration'!$A$1,工业节能技术装备推荐目录!A:A,"2022")+SUMIFS(用能设备节能分配!Q:Q,用能设备节能分配!O:O,'Installation&System Integration'!A3,用能设备节能分配!P:P,'Installation&System Integration'!$A$1,用能设备节能分配!M:M,"2022") -> 3.3911486 | G3: =SUMIFS(工业节能技术装备推荐目录!K:K,工业节能技术装备推荐目录!D:D,'Installation&System Integration'!A3,工业节能技术装备推荐目录!F:F,'Installation&System Integration'!$A$1,工业节能技术装备推荐目录!A:A,"2020")+SUMIFS(用能设备节能分配!Q:Q,用能设备节能分配!O:O,'Installation&System Integration'!A3,用能设备节能分配!P:P,'Installation&System Integration'!$A$1,用能设备节能分配!M:M,"2020")+SUMIFS(工业节能技术装备推荐目录!K:K,工业节能技术装备推荐目录!D:D,'Installation&System Integration'!A3,工业节能技术装备推荐目录!F:F,'Installation&System Integration'!$A$1,工业节能技术装备推荐目录!A:A,"2022")+SUMIFS(用能设备节能分配!Q:Q,用能设备节能分配!O:O,'Installation&System Integration'!A3,用能设备节能分配!P:P,'Installation&System Integration'!$A$1,用能设备节能分配!M:M,"2022") -> 1.0883645 | H3: =SUMIFS(工业节能技术装备推荐目录!K:K,工业节能技术装备推荐目录!D:D,'Installation&System Integration'!A3,工业节能技术装备推荐目录!F:F,'Installation&System Integration'!$A$1,工业节能技术装备推荐目录!A:A,"2022")+SUMIFS(用能设备节能分配!Q:Q,用能设备节能分配!O:O,'Installation&System Integration'!A3,用能设备节能分配!P:P,'Installation&System Integration'!$A$1,用能设备节能分配!M:M,"2022") -> 0 | I3: =SUMIFS(工业节能技术装备推荐目录!K:K,工业节能技术装备推荐目录!D:D,'Installation&System Integration'!A3,工业节能技术装备推荐目录!F:F,'Installation&System Integration'!$A$1,工业节能技术装备推荐目录!A:A,"2022")+SUMIFS(用能设备节能分配!Q:Q,用能设备节能分配!O:O,'Installation&System Integration'!A3,用能设备节能分配!P:P,'Installation&System Integration'!$A$1,用能设备节能分配!M:M,"2022") -> 0
