Workbook

Sheet 20240130
A1: 新建 既改 都作用于 heating cooling lighting
A2: 新建 既改之间的关系
A3: 集中供暖受电碳因子的影响
A4: 生活设施 heating考虑下热泵
A5: COP2.5

Sheet 情景输入参数
A1: 一、关键时间点参数（重点核对） | C1: 是否核对 | D1: 目前数值
A2: 2020年建筑运行碳排放 | B2: 21.8亿吨
A3: 2030年建筑运行碳排放（峰值） | B3: 26亿吨
A4: 2020-2060建筑新建面积总和 | B4: 392亿㎡ | C4: 是 | D4: 350.3亿
A5: 建面2050 2060年建面 | B5: 约750亿㎡ | C5: 是 | D5: 60年757.5 50年751.6
A6: 建筑总改造量 | B6: 起始年份建面的40% | C6: 是 | D6: 0.4
A7: 建筑总拆除量 | B7: 起始年份建面的20% | C7: 目前存在问题 | D7: 若要满足750亿㎡，392亿新建，那拆除必须高。建议用：我国城镇住房拆除率及影响因素研究-黄禹 表4.10 中的0.71%每年
A8: 2020年集中供暖面积 | B8: 156亿㎡ | C8: 是 | D8: 181.9亿㎡
A9: 2050年集中供暖面积 | B9: 218亿㎡ | C9: 是 | D9: 255亿㎡
A10: 2050年集中供暖量 | B10: 54亿GJ | C10: 是 | D10: BAU越高34% 这个数可能带了政策
A12: 各能效水平下建筑节能率
B13: 住宅 | C13: 公建
A14: 2016年节能 | B14: 0.65 | C14: 0.65
A15: 2022年新规 | B15: 严寒寒冷75% 其他65% | C15: 0.72
A16: 超低能耗 | B16: 严寒寒冷83% 其他75% | C16: 0.75
A17: 近零能耗 | B17: 0.82 | C17: 0.82
A18: 零碳建筑 | B18: 0.82 | C18: 0.82
A20: 按南北方加权： | B20: 住宅 | C20: 公建
A21: 2016年节能 | B21: 0.65 | C21: 0.65
A22: 2022年新规 | B22: =0.75*人口变化预测!F8+0.65*(1-人口变化预测!F8) -> 0.690908 | C22: 0.72
A23: 超低能耗 | B23: =0.83*人口变化预测!F8+0.75*(1-人口变化预测!F8) -> 0.7827264 | C23: 0.75
A24: 近零能耗 | B24: 0.82 | C24: 0.82
A25: 零碳建筑 | B25: 0.82 | C25: 0.82
A26: 注：此表仅考虑维护结构热工性能提升带来的节能率，可再生能源另行计算
A28: 新建建筑能效分布
A29: BAU情景 | B29: 16年规定能耗建筑 | C29: 22年新规能耗建筑 | D29: 超低能耗建筑 | E29: 近零能耗建筑
A30: 2020 | B30: 1 | C30: 0 | D30: 0 | E30: 0
A31: 2022 | B31: 1 | C31: 0 | D31: 0 | E31: 0
A32: 2025 | B32: 1 | C32: 0 | D32: 0 | E32: 0
A33: 2030 | B33: 1 | C33: 0 | D33: 0 | E33: 0
A34: 2035 | B34: 1 | C34: 0 | D34: 0 | E34: 0
A35: 2040以后 | B35: 1 | C35: 0 | D35: 0 | E35: 0
A37: 政策情景 | B37: 16年规定能耗建筑 | C37: 22年新规能耗建筑 | D37: 超低能耗建筑 | E37: 近零能耗建筑
A38: 2020 | B38: 1 | C38: 0 | D38: 0 | E38: 0
A39: 2022 | B39: 0 | C39: 1 | D39: 0 | E39: 0
A40: 2025 | B40: 0 | C40: 0.6 | D40: 0.4 | E40: 0
A41: 2030 | B41: 0 | C41: 0 | D41: 1 | E41: 0
A42: 2035 | B42: 0 | C42: 0 | D42: 0.6 | E42: 0.4
A43: 2040以后 | B43: 0 | C43: 0 | D43: 0 | E43: 1
A44: 注：绿建三星在围护结构上与22年新规相同，零碳建筑在围护结构上与近零能耗相同，故去掉这两个能效等级
A45: 注：新建能效仅作用于heating cooling lighting
A47: 即存建筑改造率
A48: BAU情景 | B48: 年改造率
A49: 2020-2060 | B49: 0
A51: 政策情景 | B51: 年改造率 | C51: 改造前能效水平 | D51: 改造后能效
A52: 2020-2060 | B52: 0.01 | C52: 基线 | D52: 2022年标准节能
A53: 注：2020年后建成的建筑不改造，2020年前建成的建筑，有40%处于基线能效，这部分建筑到2060年恰好改完
A54: 注：新建能效仅作用于heating cooling lighting
A56: 分布式光伏
A57: BAU情景 | B57: 城市住宅装机容量 | C57: 城市公建装机容量 | D57: 农村住宅装机容量
A58: 2020-2060 | B58: 0.1亿kW | C58: 0.2亿kW | D58: 0.7亿kW
A60: 政策情景 | B60: 城市住宅装机容量 | C60: 城市公建装机容量 | D60: 农村住宅装机容量
A61: 2020 | B61: 0.1亿kW | C61: 0.2亿kW | D61: 0.7亿kW
A62: 2030 | B62: 0.3亿kW | C62: 0.7亿kW | D62: 3亿kW
A63: 2060 | B63: 2亿kW | C63: 6亿kW | D63: 20亿kW
A64: 注：中间线性增加
A65: 全国年有效日照小时数 | B65: 1000h
A70: 集中供暖电气化
A71: BAU情景 | B71: 电力供暖占比 | C71: 零碳热源（各类余热供暖）占比 | D71: 传统供暖占比
A72: 2020-2060 | B72: 0.02 | C72: 0 | D72: 0.98
A74: 政策情景 | B74: 电力供暖占比 | C74: 零碳热源（各类余热供暖）占比 | D74: 传统供暖占比
A75: 2020 | B75: 0.02 | C75: 0 | D75: 0.98
A76: 到2030 | B76: 0.08 | C76: 0.2 | D76: 0.72
A77: 到2060 | B77: 0.2 | C77: 0.8 | D77: 0
A79: 家用设施电气化
A80: BAU情景 | B80: 公建 | D80: 住宅
B81: 城市 | C81: 农村 | D81: 城市 | E81: 农村
A82: 2020-2060 | B82: 0.02 | C82: 0.02 | D82: 0.02 | E82: 0.02
A84: 政策情景 | B84: 公建 | D84: 住宅
B85: 城市 | C85: 农村 | D85: 城市 | E85: 农村
A86: 2020 | B86: 0.02 | C86: 0.02 | D86: 0.02 | E86: 0.02
A87: 到2030 | B87: 0.4 | C87: 0.2 | D87: 0.3 | E87: 0.1
A88: 到2035 | B88: 0.8 | C88: 0.6 | D88: 0.8 | E88: 0.5
A89: 到2040 | B89: 1 | C89: 1 | D89: 1 | E89: 0.8
A90: 到2050 | B90: 1 | C90: 1 | D90: 1 | E90: 1
A91: 注：该部分影响组件为：heating中非集中供暖部分 appliance other，其中heating中非集中供暖部分考虑热泵效率，COP=2.5 其余组件不考虑
A93: 电碳因子
A94: BAU情景 | B94: 电碳因子 单位：万吨CO2/TWh
A95: 2020 | B95: 60.9
A96: 2030 | B96: 54.8
A97: 2040 | B97: 39.6
A98: 2050 | B98: 16.8
A99: 2060 | B99: 5.7
A101: 政策情景 | B101: 电碳因子 单位：万吨CO2/TWh
A102: 2020 | B102: 50.43
A103: 2030 | B103: 35.97
A104: 2040 | B104: 14.96
A105: 2050 | B105: 0.33
A106: 2060 | B106: 0
A108: 九、输入参数表头名
A109: 改造总比例（vensim直接输入）
A110: BRESaC
A111: SoCEUTiNTY
A112: urban-residential-heating
A113: urban-residential-cooling
A114: urban-residential-envelope
A115: urban-residential-lighting
A116: urban-residential-appl
A117: urban-residential-other
A118: rural-residential-heating
...

Sheet 情景介绍 (2)
B1: BAU情景 | C1: 减排情景
A2: 新建建筑能效 | B2: 新建建筑能效始终保持在2016标准节能水平 | C2: 新建建筑能效逐步提升，到2060年新建建筑100%为零碳建筑。具体能效分布见附表1 | D2: 2020年建筑运行碳排放21.8亿吨co2 | E2: 另一个口径是21.6亿 | F2: 改SYCEU
A3: 既存建筑改造 | B3: 不进行建筑节能改造。2020年之前建成的建筑，其能效水平一直保持不变。 | C3: 仅改造2020年之前建成的建筑，这部分建筑每年改造1%，改造后的能效从2022标准节能逐步提升至近零能耗，详见附表2。2020年后新建的建筑不改造
A4: 分布式光伏 | B4: 光伏装机量一直保持在2020年水平，不再增加 | C4: 屋顶光伏装机量随时间线性增加，到2050年，农村屋顶光伏装机20亿kW,城镇屋顶光伏装机8亿kW。
A5: 集中供暖电气化 | B5: 集中供暖电气化率一直保持在2020年水平，不再增加 | C5: 集中供暖电气化率随时间线性增加，到2050年集中供暖全部电气化
A6: 家用设施电气化 | B6: 家用设施电气化率一直保持在2020年水平，不再增加 | C6: 家用设施电气化率随时间线性增加，到2030年，公建设施100%电气化，住宅设施80%电气化 | D6: 家用设施稍小点，农村化石能源建筑排放应该是6亿吨co2，参考 | E6: 2040年住宅也要完全电气化，情景保守了
A7: 电力系统优化 | B7: 电力系统一直保持在2020年水平，不进行改造 | C7: 2020年后新建建筑全部进行电力系统优化，既存建筑的节能改造也全部进行电力系统优化
A10: 16年新规是 | B10: 0.65 | C10: 0.65
A11: 附表3：各能效水平建筑相较于基线能效建筑的节能率 | B11: 住宅 | C11: 公建
A12: 22年新规 | B12: 严寒寒冷75% 其他65% | C12: 0.72
A13: 绿建三星 | B13: - | C13: -
A14: 超低能耗 | B14: 严寒寒冷83% 其他75% | C14: 0.75
A15: 近零能耗 | B15: 0.82 | C15: 0.82
A16: 零碳建筑 | B16: 0.82 | C16: 0.82 | D16: 新建、既改一个柱子两个颜色
A17: 注：附表3仅考虑围护结构热工性能提升带来的节能率，分布式光伏和电力系统优化的节能另行计算
A26: 附表1：新建建筑能效分布 | B26: 16年规定能耗建筑 | C26: 22年新规能耗建筑 | D26: 超低能耗建筑 | E26: 近零能耗建筑
A27: 2020 | B27: 1 | C27: 0 | D27: 0 | E27: 0
A28: 2022 | B28: 0 | C28: 1 | D28: 0 | E28: 0
A29: 2025 | B29: 0 | C29: 0.6 | D29: 0.4 | E29: 0
A30: 2030 | B30: 0 | C30: 0 | D30: 1 | E30: 0
A31: 2035 | B31: 0 | C31: 0 | D31: 0.6 | E31: 0.4
A32: 2040以后 | B32: 0 | C32: 0 | D32: 0 | E32: 1
A35: 附表2：既存建筑改造后能效水平分布 | B35: 22年新规 | C35: 绿建三星 | D35: 超低能耗 | E35: 近零能耗 | F35: 零能耗
A36: 2020-2029 | B36: 1 | C36: 0 | D36: 0 | E36: 0 | F36: 0
A37: 2030-2039 | B37: 0 | C37: 1 | D37: 0 | E37: 0 | F37: 0
A38: 2040-2049 | B38: 0 | C38: 0 | D38: 1 | E38: 0 | F38: 0
A39: 2050-2060 | B39: 0 | C39: 0 | D39: 0 | E39: 1 | F39: 0
D53: =5.4*10^18/1055 -> 5.1184834e+15
D54: =6.89*10^15 -> 6.89e+15
D55: =D54/D53 -> 1.3461019

Sheet 情景介绍
B1: BAU情景 | C1: 减排情景
A2: 新建建筑能效 | B2: 新建建筑能效始终保持在2016标准节能水平 | C2: 新建建筑能效逐步提升，到2060年新建建筑100%为零碳建筑。具体能效分布见附表1 | D2: 2020年建筑运行碳排放21,8亿吨co2 | E2: 另一个口径是21.6亿
A3: 既存建筑改造 | B3: 不进行建筑节能改造。2020年之前建成的建筑，其能效水平一直保持不变。 | C3: 仅改造2020年之前建成的建筑，这部分建筑每年改造1%，改造后的能效从2022标准节能逐步提升至近零能耗，详见附表2。2020年后新建的建筑不改造 | D3: 新建占比过大，不科学
A4: 分布式光伏 | B4: 光伏装机量一直保持在2020年水平，不再增加 | C4: 屋顶光伏装机量随时间线性增加，到2050年，农村屋顶光伏装机20亿kW,城镇屋顶光伏装机8亿kW。 | D4: 既改很激进，但减碳量低
A5: 集中供暖电气化 | B5: 集中供暖电气化率一直保持在2020年水平，不再增加 | C5: 集中供暖电气化率随时间线性增加，到2050年集中供暖全部电气化 | D5: 集中供暖有多少是换热源、有多少是转电，这个比例解释清楚 | E5: 吴博士说是20%的热泵 | F5: 电气化就只是本地化石能源电气化，不含别的
A6: 家用设施电气化 | B6: 家用设施电气化率一直保持在2020年水平，不再增加 | C6: 家用设施电气化率随时间线性增加，到2030年，公建设施100%电气化，住宅设施80%电气化 | D6: 家用设施稍小点，农村化石能源建筑排放应该是6亿吨co2，参考 | E6: 2040年住宅也要完全电气化，情景保守了
A7: 电力系统优化 | B7: 电力系统一直保持在2020年水平，不进行改造 | C7: 2020年后新建建筑全部进行电力系统优化，既存建筑的节能改造也全部进行电力系统优化 | D7: 电碳因子目前接近BAU,政策情景电碳因子用赵言冰发的，最终结果电碳因子加上
D8: 电碳因子单独分出来
D9: 写零碳政策情景
A10: 16年新规是 | B10: 0.65 | C10: 0.65 | D10: 建筑用电调峰，言冰老师认为直接说节能量不合适，建议不放了
A11: 附表3：各能效水平建筑相较于基线能效建筑的节能率 | B11: 住宅 | C11: 公建 | D11: 光伏有效日照小时数全国应为1200小时，现在可能偏低，需要核实
A12: 22年新规 | B12: 严寒寒冷75% 其他65% | C12: 0.72 | D12: 2030年建筑碳排放峰值约为26亿吨
A13: 绿建三星 | B13: - | C13: - | D13: 确认下2060年为什么碳排放还有剩余？正常肯定没了
A14: 超低能耗 | B14: 严寒寒冷83% 其他75% | C14: 0.75 | D14: 2020-2060年新建总392亿㎡
A15: 近零能耗 | B15: 0.82 | C15: 0.82 | D15: 电力系统优化（柔性），去掉，不考虑了
A16: 零碳建筑 | B16: 0.82 | C16: 0.82 | D16: 新建、既改一个柱子两个颜色
A17: 注：附表3仅考虑围护结构热工性能提升带来的节能率，分布式光伏和电力系统优化的节能另行计算 | D17: 建面到2060年调到2050年 2060年750亿，参考750亿情景
D18: 绿建去掉
D19: 2030年全部达到超低及以上 | E19: 住宅超低83% 公建78%
D20: 2040年全部达到近零及以上
D21: 最高近零能耗
D22: 建筑2040年新建建筑全部电气化
D23: 2040年住宅既存电气化80% | E23: 按江亿的
A26: 附表1：新建建筑能效分布 | B26: 16年规定能耗建筑 | C26: 22年新规能耗建筑 | D26: 超低能耗建筑 | E26: 近零能耗建筑
A27: 2020 | B27: 1 | C27: 0 | D27: 0 | E27: 0
A28: 2022 | B28: 0 | C28: 1 | D28: 0 | E28: 0
A29: 2025 | B29: 0 | C29: 0.6 | D29: 0.4 | E29: 0
A30: 2030 | B30: 0 | C30: 0 | D30: 1 | E30: 0
A31: 2035 | B31: 0 | C31: 0 | D31: 0.6 | E31: 0.4
A32: 2040以后 | B32: 0 | C32: 0 | D32: 0 | E32: 1
A35: 附表2：既存建筑改造后能效水平分布 | B35: 22年新规 | C35: 绿建三星 | D35: 超低能耗 | E35: 近零能耗 | F35: 零能耗
A36: 2020-2029 | B36: 1 | C36: 0 | D36: 0 | E36: 0 | F36: 0
A37: 2030-2039 | B37: 0 | C37: 1 | D37: 0 | E37: 0 | F37: 0
A38: 2040-2049 | B38: 0 | C38: 0 | D38: 1 | E38: 0 | F38: 0
A39: 2050-2060 | B39: 0 | C39: 0 | D39: 0 | E39: 1 | F39: 0
D41: 建筑改造，改造到节能率75%
D42: 既存建筑有40%是不节能的（能效低于16年标准），只改造这一部分，改之前基线，改之后节能率65%
D43: 20-60年拆除量不能超过改造面积的20%，即起始年份的8%
D46: 2020集中供暖面积 156亿㎡
D48: 2030年，燃煤锅炉全部取消
D49: 2050年 集中供暖54亿GJ
D50: 2050集中供暖面积 218亿㎡

Sheet About中文
A1: BCEU BAU Components Energy Use
A3: source: | B3: 人口计算
B4: Leslie人口模型
B6: 建筑面积计算
B7: Chongqing University & Energy Statistics Committee of China Building Energy Conservation Association
B8: 2018
B9: 2018 Annual Report on China Building Energy Consumption
B10: https://kns.cnki.net/kcms2/article/abstract?v=3uoqIhG8C44YLTlOAiTRKibYlV5Vjs7iLik5jEcCI09uHa3oBxtWoLXBqMuT2L2CQ_SDgkvzeuyHBRpPejPl_DToiZ2ygw3-&uniplatform=NZKPT
A18: note: | B18: 1.根据Leslie人口模型的数据，预测中国城市人口，农村人口，采暖人口的变化
B19: 2.从<2018 Annual Report on China Building Energy Consumption >中获取起始年份中国的人均城市住宅面积、人均农村住宅面积、人均公建面积。咨询专家得知，未来中国人均建面年增长率为0.3%，据此预测未来中国人均建筑面积的变化
B20: 3.用人口乘以人均建面可获取未来城市住宅、农村住宅、公共建筑面积的变化趋势。建筑面积的变化量由新建量和拆除量构成，建筑的拆除量按住宅每年拆除1/70,公建每年拆除1/50考虑，然后用前后两年的总变化量加上上年拆除量即为上年新建量。由此可将每年的建筑面积分为起始年份留存面积和新建面积
B21: 4.从SYCEU中获取起始年份留存建筑的总能耗，除以建面即得留存建筑的能耗强度。 从<2018 Annual Report on China Building Energy Consumption >获取各类建筑的基线能耗强度，从<建筑节能与可再生能源利用通用规范>中获取未来新建建筑的节能率，据此计算未来新建建筑的能耗强度
B22: 5.用既存建筑面积和新建建筑面积分别乘以各自对应的能耗强度，即可得到各类建筑未来的能耗变化趋势
B23: 6.将建筑能耗按SYCEU的比例拆分

Sheet 人口变化预测
A1: 山东历年人口数据&人口变化预测 | B1: 2016 | C1: 2017 | D1: 2018 | E1: 2019 | F1: 2020 | G1: 2021 | H1: 2022 | I1: 2023 | J1: 2024 | K1: 2025 | L1: 2026 | M1: 2027 | N1: 2028 | O1: 2029 | P1: 2030 | Q1: 2031 | R1: 2032 | S1: 2033 | T1: 2034 | U1: 2035 | V1: 2036 | W1: 2037 | X1: 2038 | Y1: 2039 | Z1: 2040 | AA1: 2041 | AB1: 2042 | AC1: 2043 | AD1: 2044 | AE1: 2045 | AF1: 2046 | AG1: 2047 | AH1: 2048 | AI1: 2049 | AJ1: 2050 | AK1: 2051 | AL1: 2052 | AM1: 2053 | AN1: 2054 | AO1: 2055 | AP1: 2056 | AQ1: 2057 | AR1: 2058 | AS1: 2059 | AT1: 2060
A2: 城镇化率 | B2: 0.588 | C2: =$B$2*($F$2/$B$2)^((C1-2016)/4) -> 0.60035511 | D2: =$B$2*($F$2/$B$2)^((D1-2016)/4) -> 0.61296982 | E2: =$B$2*($F$2/$B$2)^((E1-2016)/4) -> 0.62584959 | F2: 0.639 | G2: =$F$2*(0.8/$F$2)^((G1-2020)/40) -> 0.6425998 | H2: =$F$2*(0.8/$F$2)^((H1-2020)/40) -> 0.64621988 | I2: =$F$2*(0.8/$F$2)^((I1-2020)/40) -> 0.64986035 | J2: =$F$2*(0.8/$F$2)^((J1-2020)/40) -> 0.65352134 | K2: =$F$2*(0.8/$F$2)^((K1-2020)/40) -> 0.65720294 | L2: =$F$2*(0.8/$F$2)^((L1-2020)/40) -> 0.66090529 | M2: =$F$2*(0.8/$F$2)^((M1-2020)/40) -> 0.66462849 | N2: =$F$2*(0.8/$F$2)^((N1-2020)/40) -> 0.66837267 | ... AT2: =$F$2*(0.8/$F$2)^((AT1-2020)/40) -> 0.8
A3: 总人口 | B3: =SUM(D12:D378) -> 1.3860024e+09 | C3: =SUM(E12:E378) -> 1.3934428e+09 | D3: =SUM(F12:F378) -> 1.4003134e+09 | E3: =SUM(G12:G378) -> 1400793135 | F3: =SUM(H12:H378) -> 1410976903 | G3: =SUM(I12:I378) -> 1420266066 | H3: =SUM(J12:J378) -> 1428670957 | I3: =SUM(K12:K378) -> 1436203098 | ... AT3: =SUM(AV12:AV378) -> 1314032289
A4: 城市人口 | B4: =B3*B2 -> 8.149694e+08 | C4: =C3*C2 -> 8.3656047e+08 | D4: =D3*D2 -> 8.5834985e+08 | E4: =E3*E2 -> 8.7668582e+08 | F4: =F3*F2 -> 9.0161424e+08 | G4: =G3*G2 -> 9.1266269e+08 | H4: =H3*H2 -> 9.2323557e+08 | I4: =I3*I2 -> 9.3333145e+08 | ... AT4: =AT3*AT2 -> 1.0512258e+09
A5: 农村人口 | B5: =B3-B4 -> 5.7103298e+08 | C5: =C3-C4 -> 5.5688228e+08 | D5: =D3-D4 -> 5.4196354e+08 | E5: =E3-E4 -> 5.2410732e+08 | F5: =F3-F4 -> 5.0936266e+08 | G5: =G3-G4 -> 5.0760338e+08 | H5: =H3-H4 -> 5.0543538e+08 | I5: =I3-I4 -> 5.0287164e+08 | ... AT5: =AT3-AT4 -> 2.6280646e+08
A6: 采暖省份人口 | B6: =SUMIFS(D12:D378,$C$12:$C$378,"是") -> 5.8676683e+08 | C6: =SUMIFS(E12:E378,$C$12:$C$378,"是") -> 5.8998437e+08 | D6: =SUMIFS(F12:F378,$C$12:$C$378,"是") -> 5.9293631e+08 | E6: =SUMIFS(G12:G378,$C$12:$C$378,"是") -> 573112213 | F6: =SUMIFS(H12:H378,$C$12:$C$378,"是") -> 577202419 | G6: =SUMIFS(I12:I378,$C$12:$C$378,"是") -> 580887802 | H6: =SUMIFS(J12:J378,$C$12:$C$378,"是") -> 584177205 | I6: =SUMIFS(K12:K378,$C$12:$C$378,"是") -> 587079716 | ... AT6: =SUMIFS(AV12:AV378,$C$12:$C$378,"是") -> 529796515
A7: 采暖人口 | B7: =SUMIFS(D12:D378,$C$12:$C$378,"是")*B2 -> 3.450189e+08 | C7: =SUMIFS(E12:E378,$C$12:$C$378,"是")*C2 -> 3.5420013e+08 | D7: =SUMIFS(F12:F378,$C$12:$C$378,"是")*D2 -> 3.6345206e+08 | E7: =SUMIFS(G12:G378,$C$12:$C$378,"是")*E2 -> 3.5868205e+08 | F7: =SUMIFS(H12:H378,$C$12:$C$378,"是")*F2 -> 3.6883235e+08 | G7: =SUMIFS(I12:I378,$C$12:$C$378,"是")*G2 -> 3.7327839e+08 | H7: =SUMIFS(J12:J378,$C$12:$C$378,"是")*H2 -> 3.7750692e+08 | I7: =SUMIFS(K12:K378,$C$12:$C$378,"是")*I2 -> 3.8151983e+08 | ... AT7: =SUMIFS(AV12:AV378,$C$12:$C$378,"是")*AT2 -> 423837212
A8: 采暖省份的人口占比 | B8: =B7/B2/B3 -> 0.42335196 | C8: =C7/C2/C3 -> 0.42340051 | D8: =D7/D2/D3 -> 0.42343115 | E8: =E7/E2/E3 -> 0.40913408 | F8: =F7/F2/F3 -> 0.40907999 | G8: =G7/G2/G3 -> 0.40899928 | H8: =H7/H2/H3 -> 0.40889556 | I8: =I7/I2/I3 -> 0.40877207 | ... AT8: =AT7/AT2/AT3 -> 0.40318379
A10: Leslie人口源数据：
A11: City | C11: 是否采暖 | D11: 2016 | E11: 2017 | F11: 2018 | G11: 2019 | H11: 2020 | I11: 2021 | J11: 2022 | K11: 2023 | L11: 2024 | M11: 2025 | N11: 2026 | O11: 2027 | P11: 2028 | Q11: 2029 | R11: 2030 | S11: 2031 | T11: 2032 | U11: 2033 | V11: 2034 | W11: 2035 | X11: 2036 | Y11: 2037 | Z11: 2038 | AA11: 2039 | AB11: 2040 | AC11: 2041 | AD11: 2042 | AE11: 2043 | AF11: 2044 | AG11: 2045 | AH11: 2046 | AI11: 2047 | AJ11: 2048 | AK11: 2049 | AL11: 2050 | AM11: 2051 | AN11: 2052 | AO11: 2053 | AP11: 2054 | AQ11: 2055 | AR11: 2056 | AS11: 2057 | AT11: 2058 | AU11: 2059 | AV11: 2060
A12: 北京市 | B12: 北京 | C12: 是 | D12: 20876818 | E12: 21043312 | F12: 21192712 | G12: 21641222 | H12: 21891193 | I12: 22092349 | J12: 22249167 | K12: 22365919 | L12: 22446671 | M12: 22495287 | N12: 22515425 | O12: 22510539 | P12: 22483879 | Q12: 22438490 | R12: 22377211 | S12: 22302681 | T12: 22217329 | U12: 22123385 | V12: 22022870 | W12: 21917603 | X12: 21809199 | Y12: 21699066 | Z12: 21588410 | AA12: 21478232 | AB12: 21369328 | AC12: 21262290 | AD12: 21157505 | AE12: 21055156 | AF12: 20955222 | AG12: 20857477 | AH12: 20761490 | AI12: 20666628 | AJ12: 20572049 | AK12: 20476712 | AL12: 20379368 | AM12: 20278564 | AN12: 20172643 | AO12: 20059744 | AP12: 19937802 | AQ12: 19804545 | AR12: 19657500 | AS12: 19493987 | AT12: 19311122 | AU12: 19105817 | AV12: 18874781
A13: 天津市 | B13: 天津 | C13: 是 | D13: 13567334 | E13: 13653977 | F13: 13732217 | G13: 13739203 | H13: 13864934 | I13: 13965579 | J13: 14043199 | K13: 14099770 | L13: 14137179 | M13: 14157227 | N13: 14161631 | O13: 14152018 | P13: 14129932 | Q13: 14096828 | R13: 14054075 | S13: 14002956 | T13: 13944668 | U13: 13880322 | V13: 13810939 | W13: 13737458 | X13: 13660729 | Y13: 13581517 | Z13: 13500498 | AA13: 13418265 | AB13: 13335323 | AC13: 13252088 | AD13: 13168894 | AE13: 13085986 | AF13: 13003523 | AG13: 12921577 | AH13: 12840135 | AI13: 12759095 | AJ13: 12678272 | AK13: 12597391 | AL13: 12516094 | AM13: 12433933 | AN13: 12350377 | AO13: 12264805 | AP13: 12176513 | AQ13: 12084708 | AR13: 11988512 | AS13: 11886960 | AT13: 11779000 | AU13: 11663494 | AV13: 11539219
A14: 石家庄市 | B14: 石家庄 | C14: 是 | D14: 10686651 | E14: 10759180 | F14: 10826289 | G14: 11135097 | H14: 11234139 | I14: 11322464 | J14: 11400612 | K14: 11469108 | L14: 11528463 | M14: 11579176 | N14: 11621729 | O14: 11656594 | P14: 11684227 | Q14: 11705069 | R14: 11719549 | S14: 11728082 | T14: 11731069 | U14: 11728896 | V14: 11721937 | W14: 11710551 | X14: 11695084 | Y14: 11675867 | Z14: 11653217 | AA14: 11627439 | AB14: 11598822 | AC14: 11567644 | AD14: 11534165 | AE14: 11498636 | AF14: 11461289 | AG14: 11422347 | AH14: 11382015 | AI14: 11340488 | AJ14: 11297944 | AK14: 11254549 | AL14: 11210455 | AM14: 11165798 | AN14: 11120704 | AO14: 11075281 | AP14: 11029627 | AQ14: 10983823 | AR14: 10937938 | AS14: 10892027 | AT14: 10846130 | AU14: 10800274 | AV14: 10754473
A15: 唐山市 | B15: 唐山 | C15: 是 | D15: 7874731.2 | E15: 7909764 | F15: 7940411.9 | G15: 7678887 | H15: 7717136 | I15: 7749822 | J15: 7777124 | K15: 7799223 | L15: 7816298 | M15: 7828530 | N15: 7836100 | O15: 7839190 | P15: 7837984 | Q15: 7832663 | R15: 7823411 | S15: 7810414 | T15: 7793854 | U15: 7773918 | V15: 7750791 | W15: 7724660 | X15: 7695713 | Y15: 7664135 | Z15: 7630116 | AA15: 7593844 | AB15: 7555509 | AC15: 7515300 | AD15: 7473408 | AE15: 7430023 | AF15: 7385337 | AG15: 7339543 | AH15: 7292832 | AI15: 7245399 | AJ15: 7197436 | AK15: 7149139 | AL15: 7100701 | AM15: 7052320 | AN15: 7004189 | AO15: 6956507 | AP15: 6909471 | AQ15: 6863277 | AR15: 6818125 | AS15: 6774213 | AT15: 6731741 | AU15: 6690909 | AV15: 6651916
A16: 秦皇岛市 | B16: 秦皇岛 | C16: 是 | D16: 3106235 | E16: 3121107.7 | F16: 3134335.6 | G16: 3118115 | H16: 3136546 | I16: 3152301 | J16: 3165496 | K16: 3176243 | L16: 3184654 | M16: 3190839 | N16: 3194906 | O16: 3196962 | P16: 3197112 | Q16: 3195459 | R16: 3192105 | S16: 3187150 | T16: 3180692 | U16: 3172828 | V16: 3163652 | W16: 3153260 | X16: 3141741 | Y16: 3129187 | Z16: 3115685 | AA16: 3101323 | AB16: 3086185 | AC16: 3070356 | AD16: 3053917 | AE16: 3036948 | AF16: 3019527 | AG16: 3001732 | AH16: 2983639 | AI16: 2965319 | AJ16: 2946846 | AK16: 2928290 | AL16: 2909719 | AM16: 2891201 | AN16: 2872800 | AO16: 2854581 | AP16: 2836605 | AQ16: 2818933 | AR16: 2801623 | AS16: 2784733 | AT16: 2768318 | AU16: 2752432 | AV16: 2737126
A17: 邯郸市 | B17: 邯郸 | C17: 是 | D17: 9673167.1 | E17: 9731065.4 | F17: 9783611.7 | G17: 9366372 | H17: 9413329 | I17: 9462180 | J17: 9512262 | K17: 9562952 | L17: 9613662 | M17: 9663844 | N17: 9712987 | O17: 9760617 | P17: 9806298 | Q17: 9849633 | R17: 9890260 | S17: 9927857 | T17: 9962140 | U17: 9992860 | V17: 10019810 | W17: 10042816 | X17: 10061745 | Y17: 10076500 | Z17: 10087024 | AA17: 10093294 | AB17: 10095328 | AC17: 10093180 | AD17: 10086943 | AE17: 10076746 | AF17: 10062758 | AG17: 10045183 | AH17: 10024266 | AI17: 10000285 | AJ17: 9973561 | AK17: 9944450 | AL17: 9913345 | AM17: 9880678 | AN17: 9846919 | AO17: 9812575 | AP17: 9778191 | AQ17: 9744349 | AR17: 9711669 | AS17: 9680811 | AT17: 9652468 | AU17: 9627376 | AV17: 9606304
A18: 邢台市 | B18: 邢台 | C18: 是 | D18: 7482383 | E18: 7531475.8 | F18: 7576754.7 | G18: 7058880 | H18: 7110576 | I18: 7159488 | J18: 7205534 | K18: 7248644 | L18: 7288757 | M18: 7325823 | N18: 7359802 | O18: 7390663 | P18: 7418388 | Q18: 7442968 | R18: 7464404 | S18: 7482708 | T18: 7497902 | U18: 7510018 | V18: 7519098 | W18: 7525196 | X18: 7528375 | Y18: 7528709 | Z18: 7526282 | AA18: 7521187 | AB18: 7513531 | AC18: 7503427 | AD18: 7491001 | AE18: 7476388 | AF18: 7459735 | AG18: 7441198 | AH18: 7420943 | AI18: 7399148 | AJ18: 7376000 | AK18: 7351696 | AL18: 7326444 | AM18: 7300463 | AN18: 7273981 | AO18: 7247237 | AP18: 7220481 | AQ18: 7193972 | AR18: 7167980 | AS18: 7142785 | AT18: 7118678 | AU18: 7095960 | AV18: 7074941
A19: 保定市 | B19: 保定 | C19: 是 | D19: 11726942 | E19: 11792754 | F19: 11852313 | G19: 11475860 | H19: 11542974 | I19: 11605691 | J19: 11663886 | K19: 11717453 | L19: 11766300 | M19: 11810353 | N19: 11849553 | O19: 11883859 | P19: 11913244 | Q19: 11937700 | R19: 11957233 | S19: 11971868 | T19: 11981643 | U19: 11986615 | V19: 11986856 | W19: 11982455 | X19: 11973518 | Y19: 11960165 | Z19: 11942535 | AA19: 11920781 | AB19: 11895075 | AC19: 11865602 | AD19: 11832567 | AE19: 11796189 | AF19: 11756704 | AG19: 11714363 | AH19: 11669436 | AI19: 11622207 | AJ19: 11572979 | AK19: 11522067 | AL19: 11469807 | AM19: 11416549 | AN19: 11362659 | AO19: 11308520 | AP19: 11254532 | AQ19: 11201110 | AR19: 11148687 | AS19: 11097710 | AT19: 11048645 | AU19: 11001973 | AV19: 10958191
A20: 张家口市 | B20: 张家口 | C20: 是 | D20: 4466424.4 | E20: 4479270 | F20: 4490122.7 | G20: 4107476 | H20: 4118494 | I20: 4128506 | J20: 4137368 | K20: 4144948 | L20: 4151128 | M20: 4155802 | N20: 4158876 | O20: 4160270 | P20: 4159916 | Q20: 4157759 | R20: 4153756 | S20: 4147879 | T20: 4140110 | U20: 4130445 | V20: 4118892 | W20: 4105474 | X20: 4090223 | Y20: 4073187 | Z20: 4054425 | AA20: 4034009 | AB20: 4012024 | AC20: 3988568 | AD20: 3963751 | AE20: 3937696 | AF20: 3910540 | AG20: 3882430 | AH20: 3853528 | AI20: 3824008 | AJ20: 3794056 | AK20: 3763873 | AL20: 3733669 | AM20: 3703671 | AN20: 3674116 | AO20: 3645253 | AP20: 3617347 | AQ20: 3590673 | AR20: 3565519 | AS20: 3542188 | AT20: 3520991 | AU20: 3502258 | AV20: 3486326
A21: 承德市 | B21: 承德 | C21: 是 | D21: 3599572.4 | E21: 3613787.7 | F21: 3626369.1 | G21: 3341797 | H21: 3354153 | I21: 3366260 | J21: 3377932 | K21: 3388991 | L21: 3399277 | M21: 3408640 | N21: 3416946 | O21: 3424074 | P21: 3429915 | Q21: 3434376 | R21: 3437374 | S21: 3438844 | T21: 3438731 | U21: 3436994 | V21: 3433608 | W21: 3428558 | X21: 3421844 | Y21: 3413481 | Z21: 3403495 | AA21: 3391928 | AB21: 3378833 | AC21: 3364277 | AD21: 3348343 | AE21: 3331125 | AF21: 3312731 | AG21: 3293283 | AH21: 3272915 | AI21: 3251777 | AJ21: 3230032 | AK21: 3207853 | AL21: 3185432 | AM21: 3162970 | AN21: 3140684 | AO21: 3118803 | AP21: 3097571 | AQ21: 3077245 | AR21: 3058094 | AS21: 3040403 | AT21: 3024468 | AU21: 3010602 | AV21: 2999127
A22: 沧州市 | B22: 沧州 | C22: 是 | D22: 7456414.9 | E22: 7494078.1 | F22: 7527827.4 | G22: 7266521 | H22: 7300129 | I22: 7332887 | J22: 7364507 | K22: 7394719 | L22: 7423274 | M22: 7449946 | N22: 7474526 | O22: 7496828 | P22: 7516685 | Q22: 7533952 | R22: 7548503 | S22: 7560233 | T22: 7569060 | U22: 7574918 | V22: 7577765 | W22: 7577579 | X22: 7574358 | Y22: 7568120 | Z22: 7558904 | AA22: 7546770 | AB22: 7531799 | AC22: 7514091 | AD22: 7493768 | AE22: 7470971 | AF22: 7445863 | AG22: 7418628 | AH22: 7389467 | AI22: 7358607 | AJ22: 7326291 | AK22: 7292785 | AL22: 7258374 | AM22: 7223364 | AN22: 7188084 | AO22: 7152879 | AP22: 7118118 | AQ22: 7084189 | AR22: 7051502 | AS22: 7020485 | AT22: 6991590 | AU22: 6965287 | AV22: 6942067
A23: 廊坊市 | B23: 廊坊 | C23: 是 | D23: 4593015.8 | E23: 4625006.9 | F23: 4654532.2 | G23: 5414885 | H23: 5463661 | I23: 5507146 | J23: 5545612 | K23: 5579322 | L23: 5608534 | M23: 5633497 | N23: 5654453 | O23: 5671636 | P23: 5685274 | Q23: 5695585 | R23: 5702781 | S23: 5707067 | T23: 5708639 | U23: 5707688 | V23: 5704394 | W23: 5698931 | X23: 5691468 | Y23: 5682163 | Z23: 5671168 | AA23: 5658627 | AB23: 5644677 | AC23: 5629447 | AD23: 5613060 | AE23: 5595629 | AF23: 5577261 | AG23: 5558056 | AH23: 5538104 | AI23: 5517492 | AJ23: 5496295 | AK23: 5474582 | AL23: 5452416 | AM23: 5429850 | AN23: 5406932 | AO23: 5383701 | AP23: 5360187 | AQ23: 5336417 | AR23: 5312406 | AS23: 5288163 | AT23: 5263691 | AU23: 5238983 | AV23: 5214027
... A378: 胡杨河市 | B378: 胡杨河 | C378: 是 | D378: 84392.012 | E378: 84943.323 | F378: 85454.48 | G378: 247189 | H378: 248110 | I378: 248922 | J378: 249616 | K378: 250186 | L378: 250624 | M378: 250926 | N378: 251084 | O378: 251097 | P378: 250960 | Q378: 250671 | R378: 250228 | S378: 249630 | T378: 248878 | U378: 247972 | V378: 246914 | W378: 245707 | X378: 244354 | Y378: 242859 | Z378: 241228 | AA378: 239465 | AB378: 237579 | AC378: 235577 | AD378: 233467 | AE378: 231258 | AF378: 228960 | AG378: 226586 | AH378: 224145 | AI378: 221651 | AJ378: 219118 | AK378: 216559 | AL378: 213991 | AM378: 211428 | AN378: 208888 | AO378: 206389 | AP378: 203948 | AQ378: 201586 | AR378: 199322 | AS378: 197178 | AT378: 195175 | AU378: 193336 | AV378: 191685

Sheet BAU建筑面积计算
A2: 各类建筑既存和新建面积计算结果
B3: 2018 | C3: 2019 | D3: 2020 | E3: 2021 | F3: 2022 | G3: 2023 | H3: 2024 | I3: 2025 | J3: 2026 | K3: 2027 | L3: 2028 | M3: 2029 | N3: 2030 | O3: 2031 | P3: 2032 | Q3: 2033 | R3: 2034 | S3: 2035 | T3: 2036 | U3: 2037 | V3: 2038 | W3: 2039 | X3: 2040 | Y3: 2041 | Z3: 2042 | AA3: 2043 | AB3: 2044 | AC3: 2045 | AD3: 2046 | AE3: 2047 | AF3: 2048 | AG3: 2049 | AH3: 2050 | AI3: 2051 | AJ3: 2052 | AK3: 2053 | AL3: 2054 | AM3: 2055 | AN3: 2056 | AO3: 2057 | AP3: 2058 | AQ3: 2059 | AR3: 2060
A4: 城市住宅建面 万㎡ | B4: =D44*人口变化预测!D4/10000 -> 2968187.3 | C4: =E44*人口变化预测!E4/10000 -> 3046751.3 | D4: =F44*人口变化预测!F4/10000 -> 3149052.1 | E4: =G44*人口变化预测!G4/10000 -> 3203579.1 | F4: =H44*人口变化预测!H4/10000 -> 3256894.9 | G4: =I44*人口变化预测!I4/10000 -> 3308972.6 | H4: =J44*人口变化预测!J4/10000 -> 3359787.9 | I4: =K44*人口变化预测!K4/10000 -> 3409319.2 | ... AR4: =AT44*人口变化预测!AT4/10000 -> 4482265.6
A5: 其中：拆除 | B5: =$B4*0.71% -> 21074.13 | C5: =$B4*0.71% -> 21074.13 | D5: =$B4*0.71% -> 21074.13 | E5: =$B4*0.71% -> 21074.13 | F5: =$B4*0.71% -> 21074.13 | G5: =$B4*0.71% -> 21074.13 | H5: =$B4*0.71% -> 21074.13 | I5: =$B4*0.71% -> 21074.13 | ... AR5: =$B4*0.71% -> 21074.13
A6: 拆除量修正值 | C6: =IF(B4-C4-B5>0,B4-C4-B5,0) -> 0 | D6: =IF(C4-D4-C5>0,C4-D4-C5,0) -> 0 | E6: =IF(D4-E4-D5>0,D4-E4-D5,0) -> 0 | F6: =IF(E4-F4-E5>0,E4-F4-E5,0) -> 0 | G6: =IF(F4-G4-F5>0,F4-G4-F5,0) -> 0 | H6: =IF(G4-H4-G5>0,G4-H4-G5,0) -> 0 | I6: =IF(H4-I4-H5>0,H4-I4-H5,0) -> 0 | J6: =IF(I4-J4-I5>0,I4-J4-I5,0) -> 0 | ... AR6: =IF(AQ4-AR4-AQ5>0,AQ4-AR4-AQ5,0) -> 0
A7: 当年新建 | C7: =IF(C4-B4+B5>0,C4-B4+B5,0) -> 99638.165 | D7: =IF(D4-C4+C5>0,D4-C4+C5,0) -> 123374.96 | E7: =IF(E4-D4+D5>0,E4-D4+D5,0) -> 75601.059 | F7: =IF(F4-E4+E5>0,F4-E4+E5,0) -> 74389.952 | G7: =IF(G4-F4+F5>0,G4-F4+F5,0) -> 73151.876 | H7: =IF(H4-G4+G5>0,H4-G4+G5,0) -> 71889.383 | I7: =IF(I4-H4+H5>0,I4-H4+H5,0) -> 70605.414 | J7: =IF(J4-I4+I5>0,J4-I4+I5,0) -> 69302.725 | ... AR7: =IF(AR4-AQ4+AQ5>0,AR4-AQ4+AQ5,0) -> 48382.392
A8: 新建面积累计 | B8: 0 | C8: =SUM($C7:C7) -> 99638.165 | D8: =SUM($C7:D7) -> 223013.12 | E8: =SUM($C7:E7) -> 298614.18 | F8: =SUM($C7:F7) -> 373004.13 | G8: =SUM($C7:G7) -> 446156.01 | H8: =SUM($C7:H7) -> 518045.39 | I8: =SUM($C7:I7) -> 588650.81 | J8: =SUM($C7:J7) -> 657953.53 | ... AR8: =SUM($C7:AR7) -> 2399191.7
A9: 起始年份留存 | B9: =B4 -> 2968187.3 | C9: =$B4-SUM($B5:B5)-SUM($B6:B6) -> 2947113.1 | D9: =$B4-SUM($B5:C5)-SUM($B6:C6) -> 2926039 | E9: =$B4-SUM($B5:D5)-SUM($B6:D6) -> 2904964.9 | F9: =$B4-SUM($B5:E5)-SUM($B6:E6) -> 2883890.8 | G9: =$B4-SUM($B5:F5)-SUM($B6:F6) -> 2862816.6 | H9: =$B4-SUM($B5:G5)-SUM($B6:G6) -> 2841742.5 | I9: =$B4-SUM($B5:H5)-SUM($B6:H6) -> 2820668.4 | J9: =$B4-SUM($B5:I5)-SUM($B6:I6) -> 2799594.2 | ... AR9: =$B4-SUM($B5:AQ5)-SUM($B6:AQ6) -> 2083073.8
B11: 2018 | C11: 2019 | D11: 2020 | E11: 2021 | F11: 2022 | G11: 2023 | H11: 2024 | I11: 2025 | J11: 2026 | K11: 2027 | L11: 2028 | M11: 2029 | N11: 2030 | O11: 2031 | P11: 2032 | Q11: 2033 | R11: 2034 | S11: 2035 | T11: 2036 | U11: 2037 | V11: 2038 | W11: 2039 | X11: 2040 | Y11: 2041 | Z11: 2042 | AA11: 2043 | AB11: 2044 | AC11: 2045 | AD11: 2046 | AE11: 2047 | AF11: 2048 | AG11: 2049 | AH11: 2050 | AI11: 2051 | AJ11: 2052 | AK11: 2053 | AL11: 2054 | AM11: 2055 | AN11: 2056 | AO11: 2057 | AP11: 2058 | AQ11: 2059 | AR11: 2060
A12: 农村住宅建面 万㎡ | B12: =D45*人口变化预测!D5/10000 -> 2082627.4 | C12: =E45*人口变化预测!E5/10000 -> 2024080.5 | D12: =F45*人口变化预测!F5/10000 -> 1976972.9 | E12: =G45*人口变化预测!G5/10000 -> 1979995.4 | F12: =H45*人口变化预测!H5/10000 -> 1981396.5 | G12: =I45*人口变化预测!I5/10000 -> 1981202.9 | H12: =J45*人口变化预测!J5/10000 -> 1979443.5 | I12: =K45*人口变化预测!K5/10000 -> 1976149.4 | ... AR12: =AT45*人口变化预测!AT5/10000 -> 1245237.3
A13: 其中：拆除 | B13: =$B12*0.71% -> 14786.654 | C13: =$B12*0.71% -> 14786.654 | D13: =$B12*0.71% -> 14786.654 | E13: =$B12*0.71% -> 14786.654 | F13: =$B12*0.71% -> 14786.654 | G13: =$B12*0.71% -> 14786.654 | H13: =$B12*0.71% -> 14786.654 | I13: =$B12*0.71% -> 14786.654 | ... AR13: =$B12*0.71% -> 14786.654
A14: 拆除量修正值 | C14: =IF(B12-C12-B13>0,B12-C12-B13,0) -> 43760.199 | D14: =IF(C12-D12-C13>0,C12-D12-C13,0) -> 32320.909 | E14: =IF(D12-E12-D13>0,D12-E12-D13,0) -> 0 | F14: =IF(E12-F12-E13>0,E12-F12-E13,0) -> 0 | G14: =IF(F12-G12-F13>0,F12-G12-F13,0) -> 0 | H14: =IF(G12-H12-G13>0,G12-H12-G13,0) -> 0 | I14: =IF(H12-I12-H13>0,H12-I12-H13,0) -> 0 | J14: =IF(I12-J12-I13>0,I12-J12-I13,0) -> 0 | ... AR14: =IF(AQ12-AR12-AQ13>0,AQ12-AR12-AQ13,0) -> 12488.188
A15: 当年新建 | C15: =IF(C12-B12+B13>0,C12-B12+B13,0) -> 0 | D15: =IF(D12-C12+C13>0,D12-C12+C13,0) -> 0 | E15: =IF(E12-D12+D13>0,E12-D12+D13,0) -> 17809.115 | F15: =IF(F12-E12+E13>0,F12-E12+E13,0) -> 16187.712 | G15: =IF(G12-F12+F13>0,G12-F12+F13,0) -> 14593.078 | H15: =IF(H12-G12+G13>0,H12-G12+G13,0) -> 13027.295 | I15: =IF(I12-H12+H13>0,I12-H12+H13,0) -> 11492.541 | J15: =IF(J12-I12+I13>0,J12-I12+I13,0) -> 9990.7403 | ... AR15: =IF(AR12-AQ12+AQ13>0,AR12-AQ12+AQ13,0) -> 0
A16: 新建面积累计 | B16: 0 | C16: =SUM($C15:C15) -> 0 | D16: =SUM($C15:D15) -> 0 | E16: =SUM($C15:E15) -> 17809.115 | F16: =SUM($C15:F15) -> 33996.827 | G16: =SUM($C15:G15) -> 48589.905 | H16: =SUM($C15:H15) -> 61617.2 | I16: =SUM($C15:I15) -> 73109.741 | J16: =SUM($C15:J15) -> 83100.481 | ... AR16: =SUM($C15:AR15) -> 114160.18
A17: 起始年份留存 | B17: =B12 -> 2082627.4 | C17: =$B12-SUM($B13:B13)-SUM($B14:B14) -> 2067840.7 | D17: =$B12-SUM($B13:C13)-SUM($B14:C14) -> 2009293.9 | E17: =$B12-SUM($B13:D13)-SUM($B14:D14) -> 1962186.3 | F17: =$B12-SUM($B13:E13)-SUM($B14:E14) -> 1947399.6 | G17: =$B12-SUM($B13:F13)-SUM($B14:F14) -> 1932613 | H17: =$B12-SUM($B13:G13)-SUM($B14:G14) -> 1917826.3 | I17: =$B12-SUM($B13:H13)-SUM($B14:H14) -> 1903039.7 | J17: =$B12-SUM($B13:I13)-SUM($B14:I14) -> 1888253 | ... AR17: =$B12-SUM($B13:AQ13)-SUM($B14:AQ14) -> 1143565.3
B19: 2018 | C19: 2019 | D19: 2020 | E19: 2021 | F19: 2022 | G19: 2023 | H19: 2024 | I19: 2025 | J19: 2026 | K19: 2027 | L19: 2028 | M19: 2029 | N19: 2030 | O19: 2031 | P19: 2032 | Q19: 2033 | R19: 2034 | S19: 2035 | T19: 2036 | U19: 2037 | V19: 2038 | W19: 2039 | X19: 2040 | Y19: 2041 | Z19: 2042 | AA19: 2043 | AB19: 2044 | AC19: 2045 | AD19: 2046 | AE19: 2047 | AF19: 2048 | AG19: 2049 | AH19: 2050 | AI19: 2051 | AJ19: 2052 | AK19: 2053 | AL19: 2054 | AM19: 2055 | AN19: 2056 | AO19: 2057 | AP19: 2058 | AQ19: 2059 | AR19: 2060
A20: 公共建筑建面 万㎡ | B20: =D46*人口变化预测!D4/10000 -> 1223992.8 | C20: =E46*人口变化预测!E4/10000 -> 1256390.3 | D20: =F46*人口变化预测!F4/10000 -> 1298576.2 | E20: =G46*人口变化预测!G4/10000 -> 1321061.5 | F20: =H46*人口变化预测!H4/10000 -> 1343047.3 | G20: =I46*人口变化预测!I4/10000 -> 1364522.7 | H20: =J46*人口变化预测!J4/10000 -> 1385477.4 | I20: =K46*人口变化预测!K4/10000 -> 1405902.6 | ... AR20: =AT46*人口变化预测!AT4/10000 -> 1848354
A21: 其中：拆除 | B21: =$B20*0.71% -> 8690.3492 | C21: =$B20*0.71% -> 8690.3492 | D21: =$B20*0.71% -> 8690.3492 | E21: =$B20*0.71% -> 8690.3492 | F21: =$B20*0.71% -> 8690.3492 | G21: =$B20*0.71% -> 8690.3492 | H21: =$B20*0.71% -> 8690.3492 | I21: =$B20*0.71% -> 8690.3492 | ... AR21: =$B20*0.71% -> 8690.3492
A22: 拆除量修正值 | C22: =IF(B20-C20-B21>0,B20-C20-B21,0) -> 0 | D22: =IF(C20-D20-C21>0,C20-D20-C21,0) -> 0 | E22: =IF(D20-E20-D21>0,D20-E20-D21,0) -> 0 | F22: =IF(E20-F20-E21>0,E20-F20-E21,0) -> 0 | G22: =IF(F20-G20-F21>0,F20-G20-F21,0) -> 0 | H22: =IF(G20-H20-G21>0,G20-H20-G21,0) -> 0 | I22: =IF(H20-I20-H21>0,H20-I20-H21,0) -> 0 | J22: =IF(I20-J20-I21>0,I20-J20-I21,0) -> 0 | ... AR22: =IF(AQ20-AR20-AQ21>0,AQ20-AR20-AQ21,0) -> 0
A23: 当年新建 | C23: =IF(C20-B20+B21>0,C20-B20+B21,0) -> 41087.839 | D23: =IF(D20-C20+C21>0,D20-C20+C21,0) -> 50876.192 | E23: =IF(E20-D20+D21>0,E20-D20+D21,0) -> 31175.646 | F23: =IF(F20-E20+E21>0,F20-E20+E21,0) -> 30676.221 | G23: =IF(G20-F20+F21>0,G20-F20+F21,0) -> 30165.675 | H23: =IF(H20-G20+G21>0,H20-G20+G21,0) -> 29645.06 | I23: =IF(I20-H20+H21>0,I20-H20+H21,0) -> 29115.589 | J23: =IF(J20-I20+I21>0,J20-I20+I21,0) -> 28578.399 | ... AR23: =IF(AR20-AQ20+AQ21>0,AR20-AQ20+AQ21,0) -> 19951.471
A24: 新建面积累计 | B24: 0 | C24: =SUM($C23:C23) -> 41087.839 | D24: =SUM($C23:D23) -> 91964.031 | E24: =SUM($C23:E23) -> 123139.68 | F24: =SUM($C23:F23) -> 153815.9 | G24: =SUM($C23:G23) -> 183981.57 | H24: =SUM($C23:H23) -> 213626.63 | I24: =SUM($C23:I23) -> 242742.22 | J24: =SUM($C23:J23) -> 271320.62 | ... AR24: =SUM($C23:AR23) -> 989355.87
A25: 起始年份留存 | B25: =B20 -> 1223992.8 | C25: =$B20-SUM($B21:B21)-SUM($B22:B22) -> 1215302.5 | D25: =$B20-SUM($B21:C21)-SUM($B22:C22) -> 1206612.1 | E25: =$B20-SUM($B21:D21)-SUM($B22:D22) -> 1197921.8 | F25: =$B20-SUM($B21:E21)-SUM($B22:E22) -> 1189231.4 | G25: =$B20-SUM($B21:F21)-SUM($B22:F22) -> 1180541.1 | H25: =$B20-SUM($B21:G21)-SUM($B22:G22) -> 1171850.7 | I25: =$B20-SUM($B21:H21)-SUM($B22:H22) -> 1163160.4 | J25: =$B20-SUM($B21:I21)-SUM($B22:I22) -> 1154470 | ... AR25: =$B20-SUM($B21:AQ21)-SUM($B22:AQ22) -> 858998.17
B27: 2018 | C27: 2019 | D27: 2020 | E27: 2021 | F27: 2022 | G27: 2023 | H27: 2024 | I27: 2025 | J27: 2026 | K27: 2027 | L27: 2028 | M27: 2029 | N27: 2030 | O27: 2031 | P27: 2032 | Q27: 2033 | R27: 2034 | S27: 2035 | T27: 2036 | U27: 2037 | V27: 2038 | W27: 2039 | X27: 2040 | Y27: 2041 | Z27: 2042 | AA27: 2043 | AB27: 2044 | AC27: 2045 | AD27: 2046 | AE27: 2047 | AF27: 2048 | AG27: 2049 | AH27: 2050 | AI27: 2051 | AJ27: 2052 | AK27: 2053 | AL27: 2054 | AM27: 2055 | AN27: 2056 | AO27: 2057 | AP27: 2058 | AQ27: 2059 | AR27: 2060
A28: 住宅采暖建面 万㎡ | B28: =D44*人口变化预测!D7/10000 -> 1256823 | C28: =E44*人口变化预测!E7/10000 -> 1246529.8 | D28: =F44*人口变化预测!F7/10000 -> 1288214.2 | E28: =G44*人口变化预测!G7/10000 -> 1310261.5 | F28: =H44*人口变化预测!H7/10000 -> 1331729.8 | G28: =I44*人口变化预测!I7/10000 -> 1352615.6 | H28: =J44*人口变化预测!J7/10000 -> 1372916.2 | I28: =K44*人口变化预测!K7/10000 -> 1392630 | ... AR28: =AT44*人口变化预测!AT7/10000 -> 1807176.8
A29: 其中：拆除 | B29: =$B28*0.71% -> 8923.443 | C29: =$B28*0.71% -> 8923.443 | D29: =$B28*0.71% -> 8923.443 | E29: =$B28*0.71% -> 8923.443 | F29: =$B28*0.71% -> 8923.443 | G29: =$B28*0.71% -> 8923.443 | H29: =$B28*0.71% -> 8923.443 | I29: =$B28*0.71% -> 8923.443 | ... AR29: =$B28*0.71% -> 8923.443
A30: 改造 | C30: =IF(B28-C28-B29>0,B28-C28-B29,0) -> 1369.7151 | D30: =IF(C28-D28-C29>0,C28-D28-C29,0) -> 0 | E30: =IF(D28-E28-D29>0,D28-E28-D29,0) -> 0 | F30: =IF(E28-F28-E29>0,E28-F28-E29,0) -> 0 | G30: =IF(F28-G28-F29>0,F28-G28-F29,0) -> 0 | H30: =IF(G28-H28-G29>0,G28-H28-G29,0) -> 0 | I30: =IF(H28-I28-H29>0,H28-I28-H29,0) -> 0 | J30: =IF(I28-J28-I29>0,I28-J28-I29,0) -> 0 | ... AR30: =IF(AQ28-AR28-AQ29>0,AQ28-AR28-AQ29,0) -> 0
A31: 当年新建 | C31: =IF(C28-B28+B29>0,C28-B28+B29,0) -> 0 | D31: =IF(D28-C28+C29>0,D28-C28+C29,0) -> 50607.864 | E31: =IF(E28-D28+D29>0,E28-D28+D29,0) -> 30970.762 | F31: =IF(F28-E28+E29>0,F28-E28+E29,0) -> 30391.749 | G31: =IF(G28-F28+F29>0,G28-F28+F29,0) -> 29809.197 | H31: =IF(H28-G28+G29>0,H28-G28+G29,0) -> 29223.995 | I31: =IF(I28-H28+H29>0,I28-H28+H29,0) -> 28637.27 | J31: =IF(J28-I28+I29>0,J28-I28+I29,0) -> 28049.969 | ... AR31: =IF(AR28-AQ28+AQ29>0,AR28-AQ28+AQ29,0) -> 19219.651
A32: 新建面积累计 | B32: 0 | C32: =SUM($C31:C31) -> 0 | D32: =SUM($C31:D31) -> 50607.864 | E32: =SUM($C31:E31) -> 81578.627 | F32: =SUM($C31:F31) -> 111970.38 | G32: =SUM($C31:G31) -> 141779.57 | H32: =SUM($C31:H31) -> 171003.57 | I32: =SUM($C31:I31) -> 199640.84 | J32: =SUM($C31:J31) -> 227690.81 | ... AR32: =SUM($C31:AR31) -> 926508.16
A33: 起始年份留存 | B33: =B28 -> 1256823 | C33: =$B28-SUM($B29:B29)-SUM($B30:B30) -> 1247899.5 | D33: =$B28-SUM($B29:C29)-SUM($B30:C30) -> 1237606.4 | E33: =$B28-SUM($B29:D29)-SUM($B30:D30) -> 1228682.9 | F33: =$B28-SUM($B29:E29)-SUM($B30:E30) -> 1219759.5 | G33: =$B28-SUM($B29:F29)-SUM($B30:F30) -> 1210836 | H33: =$B28-SUM($B29:G29)-SUM($B30:G30) -> 1201912.6 | I33: =$B28-SUM($B29:H29)-SUM($B30:H30) -> 1192989.1 | J33: =$B28-SUM($B29:I29)-SUM($B30:I30) -> 1184065.7 | ... AR33: =$B28-SUM($B29:AQ29)-SUM($B30:AQ30) -> 880668.64
B35: 2018 | C35: 2019 | D35: 2020 | E35: 2021 | F35: 2022 | G35: 2023 | H35: 2024 | I35: 2025 | J35: 2026 | K35: 2027 | L35: 2028 | M35: 2029 | N35: 2030 | O35: 2031 | P35: 2032 | Q35: 2033 | R35: 2034 | S35: 2035 | T35: 2036 | U35: 2037 | V35: 2038 | W35: 2039 | X35: 2040 | Y35: 2041 | Z35: 2042 | AA35: 2043 | AB35: 2044 | AC35: 2045 | AD35: 2046 | AE35: 2047 | AF35: 2048 | AG35: 2049 | AH35: 2050 | AI35: 2051 | AJ35: 2052 | AK35: 2053 | AL35: 2054 | AM35: 2055 | AN35: 2056 | AO35: 2057 | AP35: 2058 | AQ35: 2059 | AR35: 2060
A36: 公建采暖建面 万㎡ | B36: =D46*人口变化预测!D7/10000 -> 518276.7 | C36: =E46*人口变化预测!E7/10000 -> 514032.1 | D36: =F46*人口变化预测!F7/10000 -> 531221.53 | E36: =G46*人口变化预测!G7/10000 -> 540313.19 | F36: =H46*人口变化预测!H7/10000 -> 549166.09 | G36: =I46*人口变化预测!I7/10000 -> 557778.76 | H36: =J46*人口变化预测!J7/10000 -> 566150.11 | I36: =K46*人口变化预测!K7/10000 -> 574279.51 | ... AR36: =AT46*人口变化预测!AT7/10000 -> 745226.38
A37: 其中：拆除 | B37: =$B36*0.71% -> 3679.7646 | C37: =$B36*0.71% -> 3679.7646 | D37: =$B36*0.71% -> 3679.7646 | E37: =$B36*0.71% -> 3679.7646 | F37: =$B36*0.71% -> 3679.7646 | G37: =$B36*0.71% -> 3679.7646 | H37: =$B36*0.71% -> 3679.7646 | I37: =$B36*0.71% -> 3679.7646 | ... AR37: =$B36*0.71% -> 3679.7646
A38: 改造 | C38: =IF(B36-C36-B37>0,B36-C36-B37,0) -> 564.83007 | D38: =IF(C36-D36-C37>0,C36-D36-C37,0) -> 0 | E38: =IF(D36-E36-D37>0,D36-E36-D37,0) -> 0 | F38: =IF(E36-F36-E37>0,E36-F36-E37,0) -> 0 | G38: =IF(F36-G36-F37>0,F36-G36-F37,0) -> 0 | H38: =IF(G36-H36-G37>0,G36-H36-G37,0) -> 0 | I38: =IF(H36-I36-H37>0,H36-I36-H37,0) -> 0 | J38: =IF(I36-J36-I37>0,I36-J36-I37,0) -> 0 | ... AR38: =IF(AQ36-AR36-AQ37>0,AQ36-AR36-AQ37,0) -> 0
A39: 当年新建 | C39: =IF(C36-B36+B37>0,C36-B36+B37,0) -> 0 | D39: =IF(D36-C36+C37>0,D36-C36+C37,0) -> 20869.19 | E39: =IF(E36-D36+D37>0,E36-D36+D37,0) -> 12771.428 | F39: =IF(F36-E36+E37>0,F36-E36+E37,0) -> 12532.66 | G39: =IF(G36-F36+F37>0,G36-F36+F37,0) -> 12292.433 | H39: =IF(H36-G36+G37>0,H36-G36+G37,0) -> 12051.113 | I39: =IF(I36-H36+H37>0,I36-H36+H37,0) -> 11809.165 | J39: =IF(J36-I36+I37>0,J36-I36+I37,0) -> 11566.979 | ... AR39: =IF(AR36-AQ36+AQ37>0,AR36-AQ36+AQ37,0) -> 7925.6171
A40: 新建面积累计 | B40: 0 | C40: =SUM($C39:C39) -> 0 | D40: =SUM($C39:D39) -> 20869.19 | E40: =SUM($C39:E39) -> 33640.618 | F40: =SUM($C39:F39) -> 46173.279 | G40: =SUM($C39:G39) -> 58465.712 | H40: =SUM($C39:H39) -> 70516.825 | I40: =SUM($C39:I39) -> 82325.99 | J40: =SUM($C39:J39) -> 93892.97 | ... AR40: =SUM($C39:AR39) -> 382064.63
A41: 起始年份留存 | B41: =B36 -> 518276.7 | C41: =$B36-SUM($B37:B37)-SUM($B38:B38) -> 514596.93 | D41: =$B36-SUM($B37:C37)-SUM($B38:C38) -> 510352.34 | E41: =$B36-SUM($B37:D37)-SUM($B38:D38) -> 506672.57 | F41: =$B36-SUM($B37:E37)-SUM($B38:E38) -> 502992.81 | G41: =$B36-SUM($B37:F37)-SUM($B38:F38) -> 499313.05 | H41: =$B36-SUM($B37:G37)-SUM($B38:G38) -> 495633.28 | I41: =$B36-SUM($B37:H37)-SUM($B38:H38) -> 491953.52 | J41: =$B36-SUM($B37:I37)-SUM($B38:I38) -> 488273.75 | ... AR41: =$B36-SUM($B37:AQ37)-SUM($B38:AQ38) -> 363161.76
B43: 2016 | C43: 2017 | D43: 2018 | E43: 2019 | F43: 2020 | G43: 2021 | H43: 2022 | I43: 2023 | J43: 2024 | K43: 2025 | L43: 2026 | M43: 2027 | N43: 2028 | O43: 2029 | P43: 2030 | Q43: 2031 | R43: 2032 | S43: 2033 | T43: 2034 | U43: 2035 | V43: 2036 | W43: 2037 | X43: 2038 | Y43: 2039 | Z43: 2040 | AA43: 2041 | AB43: 2042 | AC43: 2043 | AD43: 2044 | AE43: 2045 | AF43: 2046 | AG43: 2047 | AH43: 2048 | AI43: 2049 | AJ43: 2050 | AK43: 2051 | AL43: 2052 | AM43: 2053 | AN43: 2054 | AO43: 2055 | AP43: 2056 | AQ43: 2057 | AR43: 2058 | AS43: 2059 | AT43: 2060
A44: 城市住宅人均建面 ㎡ | B44: =E55*10000/人口变化预测!B4 -> 34.236932 | C44: =$B44*(1+$B$49)^(C$43-$B$43) -> 34.408117 | D44: =$B44*(1+$B$49)^(D$43-$B$43) -> 34.580157 | E44: =$B44*(1+$B$49)^(E$43-$B$43) -> 34.753058 | F44: =$B44*(1+$B$49)^(F$43-$B$43) -> 34.926823 | G44: =$B44*(1+$B$49)^(G$43-$B$43) -> 35.101458 | H44: =$B44*(1+$B$49)^(H$43-$B$43) -> 35.276965 | I44: =$B44*(1+$B$49)^(I$43-$B$43) -> 35.45335 | J44: =$B44*(1+$B$49)^(J$43-$B$43) -> 35.630616 | ... AT44: =$B44*(1+$B$49)^(AT$43-$B$43) -> 42.638465
A45: 农村住宅人均建面 ㎡ | B45: =G55*10000/人口变化预测!B5 -> 38.046032 | C45: =$B45*(1+$B$49)^(C$43-$B$43) -> 38.236263 | D45: =$B45*(1+$B$49)^(D$43-$B$43) -> 38.427444 | E45: =$B45*(1+$B$49)^(E$43-$B$43) -> 38.619581 | F45: =$B45*(1+$B$49)^(F$43-$B$43) -> 38.812679 | G45: =$B45*(1+$B$49)^(G$43-$B$43) -> 39.006742 | H45: =$B45*(1+$B$49)^(H$43-$B$43) -> 39.201776 | I45: =$B45*(1+$B$49)^(I$43-$B$43) -> 39.397785 | J45: =$B45*(1+$B$49)^(J$43-$B$43) -> 39.594774 | ... AT45: =$B45*(1+$B$49)^(AT$43-$B$43) -> 47.382295
A46: 公共建筑人均建面 ㎡ | B46: =D55*10000/人口变化预测!B4 -> 14.1183 | C46: =$B46*(1+$B$49)^(C$43-$B$43) -> 14.188892 | D46: =$B46*(1+$B$49)^(D$43-$B$43) -> 14.259836 | E46: =$B46*(1+$B$49)^(E$43-$B$43) -> 14.331136 | F46: =$B46*(1+$B$49)^(F$43-$B$43) -> 14.402791 | G46: =$B46*(1+$B$49)^(G$43-$B$43) -> 14.474805 | H46: =$B46*(1+$B$49)^(H$43-$B$43) -> 14.547179 | I46: =$B46*(1+$B$49)^(I$43-$B$43) -> 14.619915 | J46: =$B46*(1+$B$49)^(J$43-$B$43) -> 14.693015 | ... AT46: =$B46*(1+$B$49)^(AT$43-$B$43) -> 17.582845
A49: 人均建面年增长率 | B49: 0.005
A51: 重庆大学报告附件：
B52: 地区 | C52: 建筑面积
C53: 合计 | D53: 城市公共建筑 | E53: 城镇居住建筑 | F53: 村镇公建面积 | G53: 村镇住宅面积 | H53: 其中:北方城镇采暖 | I53: 公共建筑能耗强度(kgce/m2） | J53: 公共建筑能耗(万kgce） | K53: 城镇建筑（kgce/m2) | L53: 城市住宅能耗(万kgce） | N53: 城镇住宅+城镇公建 | O53: 北方采暖能耗强度（kgce/ m2）
C54: （万m2） | D54: （万m2） | E54: （万m2） | F54: （万m2） | G54: （万m2） | H54: 面积（万m2）
A55: 全国 | B55: - | C55: =SUM(C56:C86) -> 6353041.9 | D55: =SUM(D56:D86) -> 1150598.3 | E55: =SUM(E56:E86) -> 2790205.2 | F55: =SUM(F56:F86) -> 239684.45 | G55: =SUM(G56:G86) -> 2172553.9 | H55: =SUM(H56:H86) -> 1368999.4 | I55: =J55/(D55+F55) -> 25.601484 | J55: =SUM(J56:J86) -> 35593302 | K55: =L55/E55 -> 16.038441 | L55: =SUM(L56:L86) -> 44750542
A56: 北京市 | B56: 北京 | C56: 111047.87 | D56: 40418.28 | E56: 57986.05 | F56: 2985.12 | G56: =C56-D56-E56-F56 -> 9658.42 | H56: 95419.2 | I56: 40.399542 | J56: =I56*(F56+D56) -> 1753477.5 | K56: 12.216042 | L56: =K56*E56 -> 708360 | M56: =IF(O56=0,0,1) -> 1 | N56: =E55+D55 -> 3940803.5 | O56: 13.46
A57: 天津市 | B57: 天津 | C57: 65607.89 | D57: 20611.98 | E57: 35777.65 | F57: 1453.71 | G57: =C57-D57-E57-F57 -> 7764.55 | H57: 54935.9 | I57: 27.590751 | J57: =I57*(F57+D57) -> 608808.95 | K57: 20.3 | L57: =K57*E57 -> 726286.3 | M57: =IF(O57=0,0,1) -> 1 | N57: =E56+D56 -> 98404.33 | O57: 12.78
A58: 河北省 | B58: 河北 | C58: 308351.68 | D58: 45800.11 | E58: 126933.93 | F58: 9347.88 | G58: =C58-D58-E58-F58 -> 126269.76 | H58: 163386.2 | I58: 26.319369 | J58: =I58*(F58+D58) -> 1451460.3 | K58: 12.94 | L58: =K58*E58 -> 1642525.1 | M58: =IF(O58=0,0,1) -> 1 | N58: =E57+D57 -> 56389.63 | O58: 13.58
A59: 山西省 | B59: 山西 | C59: 140087.6 | D59: 20968.56 | E59: 65484.29 | F59: 6549.72 | G59: =C59-D59-E59-F59 -> 47085.03 | H59: 79903.1 | I59: 24.996471 | J59: =I59*(F59+D59) -> 687859.89 | K59: 16.41 | L59: =K59*E59 -> 1074597.2 | M59: =IF(O59=0,0,1) -> 1 | N59: =E58+D58 -> 172734.04 | O59: 14.71
A60: 内蒙古自治区 | B60: 内蒙古 | C60: 96496.49 | D60: 22606.81 | E60: 47363.84 | F60: 3808.41 | G60: =C60-D60-E60-F60 -> 22717.43 | H60: 66162.2 | I60: 16.193793 | J60: =I60*(F60+D60) -> 427762.6 | K60: 18.82 | L60: =K60*E60 -> 891387.47 | M60: =IF(O60=0,0,1) -> 1 | N60: =E59+D59 -> 86452.85 | O60: 20.33
A61: 辽宁省 | B61: 辽宁 | C61: 179539.03 | D61: 40152.97 | E61: 94629.85 | F61: 5725.2 | G61: =C61-D61-E61-F61 -> 39031.01 | H61: 129057.6 | I61: 21.522692 | J61: =I61*(F61+D61) -> 987421.72 | K61: 17.16 | L61: =K61*E61 -> 1623848.2 | M61: =IF(O61=0,0,1) -> 1 | N61: =E60+D60 -> 69970.65 | O61: 15.84
A62: 吉林省 | B62: 吉林 | C62: 94474.08 | D62: 19746.71 | E62: 41826.13 | F62: 2458.07 | G62: =C62-D62-E62-F62 -> 30443.17 | H62: 59114.8 | I62: 17.968056 | J62: =I62*(F62+D62) -> 398976.74 | K62: 17.78 | L62: =K62*E62 -> 743668.59 | M62: =IF(O62=0,0,1) -> 1 | N62: =E61+D61 -> 134782.82 | O62: 18.91
A63: 黑龙江省 | B63: 黑龙江 | C63: 126301.1 | D63: 26204.41 | E63: 58987.18 | F63: 5103.31 | G63: =C63-D63-E63-F63 -> 36006.2 | H63: 80088.3 | I63: 13.730132 | J63: =I63*(F63+D63) -> 429859.12 | K63: 17.83 | L63: =K63*E63 -> 1051741.4 | M63: =IF(O63=0,0,1) -> 1 | N63: =E62+D62 -> 61572.84 | O63: 21.08
A64: 上海市 | B64: 上海 | C64: 123095.59 | D64: 39268.02 | E64: 65493 | F64: 5443.02 | G64: =C64-D64-E64-F64 -> 12891.55 | I64: 42.511438 | J64: =I64*(F64+D64) -> 1900730.6 | K64: 33.26 | L64: =K64*E64 -> 2178297.2 | M64: =IF(O64=0,0,1) -> 0 | N64: =E63+D63 -> 85191.59
A65: 江苏省 | B65: 江苏 | C65: 454607.2 | D65: 100827.38 | E65: 207983.34 | F65: 20733.04 | G65: =C65-D65-E65-F65 -> 125063.44 | I65: 22.89874 | J65: =I65*(F65+D65) -> 2783580.5 | K65: 14.84 | L65: =K65*E65 -> 3086472.8 | M65: =IF(O65=0,0,1) -> 0 | N65: =E64+D64 -> 104761.02
A66: 浙江省 | B66: 浙江 | C66: 343012.03 | D66: 73053.83 | E66: 144621.9 | F66: 12869.19 | G66: =C66-D66-E66-F66 -> 112467.11 | I66: 28.585086 | J66: =I66*(F66+D66) -> 2456116.9 | K66: 19.5 | L66: =K66*E66 -> 2820127 | M66: =IF(O66=0,0,1) -> 0 | N66: =E65+D65 -> 308810.72
A67: 安徽省 | B67: 安徽 | C67: 275919.32 | D67: 43058 | E67: 113247.46 | F67: 9848.56 | G67: =C67-D67-E67-F67 -> 109765.3 | I67: 23.567514 | J67: =I67*(F67+D67) -> 1246876.1 | K67: 11.86 | L67: =K67*E67 -> 1343114.9 | M67: =IF(O67=0,0,1) -> 0 | N67: =E66+D66 -> 217675.73
A68: 福建省 | B68: 福建 | C68: 216879.42 | D68: 35067.83 | E68: 100234.09 | F68: 10334.03 | G68: =C68-D68-E68-F68 -> 71243.47 | I68: 26.83314 | J68: =I68*(F68+D68) -> 1218274.5 | K68: 19.2 | L68: =K68*E68 -> 1924494.5 | M68: =IF(O68=0,0,1) -> 0 | N68: =E67+D67 -> 156305.46
A69: 江西省 | B69: 江西 | C69: 244660.38 | D69: 33867.29 | E69: 98499.29 | F69: 9942.79 | G69: =C69-D69-E69-F69 -> 102351.01 | I69: 19.237146 | J69: =I69*(F69+D69) -> 842780.9 | K69: 11.56 | L69: =K69*E69 -> 1138651.8 | M69: =IF(O69=0,0,1) -> 0 | N69: =E68+D68 -> 135301.92
A70: 山东省 | B70: 山东 | C70: 477681.37 | D70: 93541.11 | E70: 209801.82 | F70: 27594.39 | G70: =C70-D70-E70-F70 -> 146744.05 | H70: 275748.5 | I70: 14.774039 | J70: =I70*(F70+D70) -> 1789660.6 | K70: 12.39 | L70: =K70*E70 -> 2599444.5 | M70: =IF(O70=0,0,1) -> 1 | N70: =E69+D69 -> 132366.58 | O70: 11.13
A71: 河南省 | B71: 河南 | C71: 445147.35 | D71: 61608.37 | E71: 176268.1 | F71: 11837.86 | G71: =C71-D71-E71-F71 -> 195433.02 | H71: 158227 | I71: 18.186165 | J71: =I71*(F71+D71) -> 1335705.3 | K71: 11.86 | L71: =K71*E71 -> 2090539.7 | M71: =IF(O71=0,0,1) -> 1 | N71: =E70+D70 -> 303342.93 | O71: 10.26
A72: 湖北省 | B72: 湖北 | C72: 321676.32 | D72: 54464.51 | E72: 144798.89 | F72: 10967.35 | G72: =C72-D72-E72-F72 -> 111445.57 | I72: 28.43705 | J72: =I72*(F72+D72) -> 1860689.1 | K72: 14.7 | L72: =K72*E72 -> 2128543.7 | M72: =IF(O72=0,0,1) -> 0 | N72: =E71+D71 -> 237876.47
A73: 湖南省 | B73: 湖南 | C73: 358248.47 | D73: 46777.01 | E73: 147425.8 | F73: 11312.29 | G73: =C73-D73-E73-F73 -> 152733.37 | I73: 29.391147 | J73: =I73*(F73+D73) -> 1707311.2 | K73: 12.96 | L73: =K73*E73 -> 1910638.4 | M73: =IF(O73=0,0,1) -> 0 | N73: =E72+D72 -> 199263.4
A74: 广东省 | B74: 广东 | C74: 467579.82 | D74: 111435.33 | E74: 237415.37 | F74: 13682.5 | G74: =C74-D74-E74-F74 -> 105046.62 | I74: 31.964459 | J74: =I74*(F74+D74) -> 3999323.7 | K74: 23.2 | L74: =K74*E74 -> 5508036.6 | M74: =IF(O74=0,0,1) -> 0 | N74: =E73+D73 -> 194202.81
A75: 广西壮族自治区 | B75: 广西 | C75: 211673.08 | D75: 28483.37 | E75: 81333.09 | F75: 8981.42 | G75: =C75-D75-E75-F75 -> 92875.2 | I75: 20.225135 | J75: =I75*(F75+D75) -> 757730.43 | K75: 18.4 | L75: =K75*E75 -> 1496528.9 | M75: =IF(O75=0,0,1) -> 0 | N75: =E74+D74 -> 348850.7
A76: 海南省 | B76: 海南 | C76: 34844.92 | D76: 8584.23 | E76: 15278.7 | F76: 1475 | G76: =C76-D76-E76-F76 -> 9506.99 | I76: 35.707338 | J76: =I76*(F76+D76) -> 359188.32 | K76: 17.44 | L76: =K76*E76 -> 266460.53 | M76: =IF(O76=0,0,1) -> 0 | N76: =E75+D75 -> 109816.46
A77: 重庆市 | B77: 重庆 | C77: 139428.15 | D77: 25039.3 | E77: 61807.2 | F77: 4898.18 | G77: =C77-D77-E77-F77 -> 47683.47 | I77: 30.320336 | J77: =I77*(F77+D77) -> 907714.47 | K77: 16.8 | L77: =K77*E77 -> 1038361 | M77: =IF(O77=0,0,1) -> 0 | N77: =E76+D76 -> 23862.93
A78: 四川省 | B78: 四 川 | C78: 384761.9 | D78: 50687.8 | E78: 152446.95 | F78: 10447.56 | G78: =C78-D78-E78-F78 -> 171179.59 | I78: 27.266127 | J78: =I78*(F78+D78) -> 1666924.5 | K78: 15.4 | L78: =K78*E78 -> 2347683 | M78: =IF(O78=0,0,1) -> 0 | N78: =E77+D77 -> 86846.5
A79: 贵州省 | B79: 贵 州 | C79: 136326.32 | D79: 14285.22 | E79: 55581.94 | F79: 5454.48 | G79: =C79-D79-E79-F79 -> 61004.68 | I79: 38.888446 | J79: =I79*(F79+D79) -> 767646.25 | K79: 15.43 | L79: =K79*E79 -> 857629.33 | M79: =IF(O79=0,0,1) -> 0 | N79: =E78+D78 -> 203134.75
A80: 云南省 | B80: 云 南 | C80: 206397.21 | D80: 28213.74 | E80: 85966.95 | F80: 7843.42 | G80: =C80-D80-E80-F80 -> 84373.1 | I80: 27.017687 | J80: =I80*(F80+D80) -> 974181.07 | K80: 11.28 | L80: =K80*E80 -> 969707.2 | M80: =IF(O80=0,0,1) -> 0 | N80: =E79+D79 -> 69867.16
A81: 陕西省 | B81: 陕 西 | C81: 160506.4 | D81: 26539.45 | E81: 65538.19 | F81: 5784.5 | G81: =C81-D81-E81-F81 -> 62644.26 | H81: 86293.1 | I81: 25.146716 | J81: =I81*(F81+D81) -> 812841.18 | K81: 18.23 | L81: =K81*E81 -> 1194761.2 | M81: =IF(O81=0,0,1) -> 1 | N81: =E80+D80 -> 114180.69 | O81: 13.62
A82: 甘肃省 | B82: 甘 肃 | C82: 88655.16 | D82: 13757.99 | E82: 37438.87 | F82: 6565.6 | G82: =C82-D82-E82-F82 -> 30892.7 | H82: 44631.3 | I82: 27.206736 | J82: =I82*(F82+D82) -> 552938.55 | K82: 12.6 | L82: =K82*E82 -> 471729.76 | M82: =IF(O82=0,0,1) -> 1 | N82: =E81+D81 -> 92077.64 | O82: 15.68
A83: 青海省 | B83: 青 海 | C83: 22953.05 | D83: 4072.72 | E83: 10290.97 | F83: 1070.3 | G83: =C83-D83-E83-F83 -> 7519.06 | H83: 13293.4 | I83: 41.559449 | J83: =I83*(F83+D83) -> 213741.08 | K83: 17.04 | L83: =K83*E83 -> 175358.13 | M83: =IF(O83=0,0,1) -> 1 | N83: =E82+D82 -> 51196.86 | O83: 17.72
A84: 宁夏回族自治区 | B84: 宁 夏 | C84: 24900.99 | D84: 5038.47 | E84: 11334.9 | F84: 1030.65 | G84: =C84-D84-E84-F84 -> 7496.97 | H84: 15342.7 | I84: 26.355223 | J84: =I84*(F84+D84) -> 159953.01 | K84: 14.08 | L84: =K84*E84 -> 159595.39 | M84: =IF(O84=0,0,1) -> 1 | N84: =E83+D83 -> 14363.69 | O84: 15.88
A85: 新疆维吾尔自治区 | B85: 新 疆 | C85: 87816.49 | D85: 16417.49 | E85: 34579.87 | F85: 3601.29 | G85: =C85-D85-E85-F85 -> 33217.84 | H85: 47396.1 | I85: 25.949155 | J85: =I85*(F85+D85) -> 519470.43 | K85: 15.58 | L85: =K85*E85 -> 538754.37 | M85: =IF(O85=0,0,1) -> 1 | N85: =E84+D84 -> 16373.37 | O85: 18.49
A86: 西藏自治区 | B86: 西藏自治区 | C86: =SUM(E86:F86) -> 4365.2127 | E86: 3829.6038 | F86: 535.60893 | G86: 0 | I86: 26.691636 | J86: =I86*(F86+D86) -> 14296.278 | K86: 11.28 | L86: =K86*E86 -> 43197.931 | M86: =IF(O86=0,0,1) -> 1 | N86: =E85+D85 -> 50997.36 | O86: 12

Sheet 改造情景建筑面积计算 
A2: 各类建筑既存和新建面积计算结果
B3: 2018 | C3: 2019 | D3: 2020 | E3: 2021 | F3: 2022 | G3: 2023 | H3: 2024 | I3: 2025 | J3: 2026 | K3: 2027 | L3: 2028 | M3: 2029 | N3: 2030 | O3: 2031 | P3: 2032 | Q3: 2033 | R3: 2034 | S3: 2035 | T3: 2036 | U3: 2037 | V3: 2038 | W3: 2039 | X3: 2040 | Y3: 2041 | Z3: 2042 | AA3: 2043 | AB3: 2044 | AC3: 2045 | AD3: 2046 | AE3: 2047 | AF3: 2048 | AG3: 2049 | AH3: 2050 | AI3: 2051 | AJ3: 2052 | AK3: 2053 | AL3: 2054 | AM3: 2055 | AN3: 2056 | AO3: 2057 | AP3: 2058 | AQ3: 2059 | AR3: 2060
A4: 城市住宅建面 万㎡ | B4: =D49*人口变化预测!D4/10000 -> 2956385.3 | C4: =E49*人口变化预测!E4/10000 -> 3028597.9 | D4: =F49*人口变化预测!F4/10000 -> 3124059.8 | E4: =G49*人口变化预测!G4/10000 -> 3171829.3 | F4: =H49*人口变化预测!H4/10000 -> 3218199.6 | G4: =I49*人口变化预测!I4/10000 -> 3263151.8 | H4: =J49*人口变化预测!J4/10000 -> 3306669.8 | I4: =K49*人口变化预测!K4/10000 -> 3348740.6 | ... AR4: =AT49*人口变化预测!AT4/10000 -> 4106122.7
A5: 其中：拆除 | B5: =$B4*0.71% -> 20990.336 | C5: =$B4*0.71% -> 20990.336 | D5: =$B4*0.71% -> 20990.336 | E5: =$B4*0.71% -> 20990.336 | F5: =$B4*0.71% -> 20990.336 | G5: =$B4*0.71% -> 20990.336 | H5: =$B4*0.71% -> 20990.336 | I5: =$B4*0.71% -> 20990.336 | ... AR5: =$B4*0.71% -> 20990.336
A6: 拆除量修正值 | C6: =IF(B4-C4-B5>0,B4-C4-B5,0) -> 0 | D6: =IF(C4-D4-C5>0,C4-D4-C5,0) -> 0 | E6: =IF(D4-E4-D5>0,D4-E4-D5,0) -> 0 | F6: =IF(E4-F4-E5>0,E4-F4-E5,0) -> 0 | G6: =IF(F4-G4-F5>0,F4-G4-F5,0) -> 0 | H6: =IF(G4-H4-G5>0,G4-H4-G5,0) -> 0 | I6: =IF(H4-I4-H5>0,H4-I4-H5,0) -> 0 | J6: =IF(I4-J4-I5>0,I4-J4-I5,0) -> 0 | ... AR6: =IF(AQ4-AR4-AQ5>0,AQ4-AR4-AQ5,0) -> 0
A7: 当年改造 | D7: =$C$4*0.01 -> 30285.979 | E7: =$C$4*0.01 -> 30285.979 | F7: =$C$4*0.01 -> 30285.979 | G7: =$C$4*0.01 -> 30285.979 | H7: =$C$4*0.01 -> 30285.979 | I7: =$C$4*0.01 -> 30285.979 | J7: =$C$4*0.01 -> 30285.979 | K7: =$C$4*0.01 -> 30285.979 | ... AR7: =$C$4*0.01 -> 30285.979
A8: 当年新建 | C8: =IF(C4-B4+B5>0,C4-B4+B5,0) -> 93202.911 | D8: =IF(D4-C4+C5>0,D4-C4+C5,0) -> 116452.2 | E8: =IF(E4-D4+D5>0,E4-D4+D5,0) -> 68759.829 | F8: =IF(F4-E4+E5>0,F4-E4+E5,0) -> 67360.612 | G8: =IF(G4-F4+F5>0,G4-F4+F5,0) -> 65942.561 | H8: =IF(H4-G4+G5>0,H4-G4+G5,0) -> 64508.368 | I8: =IF(I4-H4+H5>0,I4-H4+H5,0) -> 63061.084 | J8: =IF(J4-I4+I5>0,J4-I4+I5,0) -> 61603.548 | ... AR8: =IF(AR4-AQ4+AQ5>0,AR4-AQ4+AQ5,0) -> 37869.144
A9: 新建面积累计 | B9: 0 | C9: =SUM($C8:C8) -> 93202.911 | D9: =SUM($C8:D8) -> 209655.11 | E9: =SUM($C8:E8) -> 278414.94 | F9: =SUM($C8:F8) -> 345775.55 | G9: =SUM($C8:G8) -> 411718.11 | H9: =SUM($C8:H8) -> 476226.48 | I9: =SUM($C8:I8) -> 539287.56 | J9: =SUM($C8:J8) -> 600891.11 | ... AR9: =SUM($C8:AR8) -> 2031331.4
A10: 起始年份留存 | B10: =$B4-SUM(A5:$B5)-SUM(A6:$B6)-SUM(A7:$B7) -> 2935395 | C10: =$B4-SUM($B5:B5)-SUM($B6:B6)-SUM($B7:B7) -> 2935395 | D10: =$B4-SUM($B5:C5)-SUM($B6:C6)-SUM($B7:C7) -> 2914404.7 | E10: =$B4-SUM($B5:D5)-SUM($B6:D6)-SUM($B7:D7) -> 2863128.4 | F10: =$B4-SUM($B5:E5)-SUM($B6:E6)-SUM($B7:E7) -> 2811852 | G10: =$B4-SUM($B5:F5)-SUM($B6:F6)-SUM($B7:F7) -> 2760575.7 | H10: =$B4-SUM($B5:G5)-SUM($B6:G6)-SUM($B7:G7) -> 2709299.4 | I10: =$B4-SUM($B5:H5)-SUM($B6:H6)-SUM($B7:H7) -> 2658023.1 | J10: =$B4-SUM($B5:I5)-SUM($B6:I6)-SUM($B7:I7) -> 2606746.8 | ... AR10: =$B4-SUM($B5:AQ5)-SUM($B6:AQ6)-SUM($B7:AQ7) -> 863352.07
B12: 2018 | C12: 2019 | D12: 2020 | E12: 2021 | F12: 2022 | G12: 2023 | H12: 2024 | I12: 2025 | J12: 2026 | K12: 2027 | L12: 2028 | M12: 2029 | N12: 2030 | O12: 2031 | P12: 2032 | Q12: 2033 | R12: 2034 | S12: 2035 | T12: 2036 | U12: 2037 | V12: 2038 | W12: 2039 | X12: 2040 | Y12: 2041 | Z12: 2042 | AA12: 2043 | AB12: 2044 | AC12: 2045 | AD12: 2046 | AE12: 2047 | AF12: 2048 | AG12: 2049 | AH12: 2050 | AI12: 2051 | AJ12: 2052 | AK12: 2053 | AL12: 2054 | AM12: 2055 | AN12: 2056 | AO12: 2057 | AP12: 2058 | AQ12: 2059 | AR12: 2060
A13: 农村住宅建面 万㎡ | B13: =D50*人口变化预测!D5/10000 -> 2074346.6 | C13: =E50*人口变化预测!E5/10000 -> 2012020.5 | D13: =F50*人口变化预测!F5/10000 -> 1961282.8 | E13: =G50*人口变化预测!G5/10000 -> 1960372.2 | F13: =H50*人口变化预测!H5/10000 -> 1957855.4 | G13: =I50*人口变化预测!I5/10000 -> 1953768.3 | H13: =J50*人口变化预测!J5/10000 -> 1948148.6 | I13: =K50*人口变化预测!K5/10000 -> 1941036.1 | ... AR13: =AT50*人口变化预测!AT5/10000 -> 1140739.4
A14: 其中：拆除 | B14: =$B13*0.71% -> 14727.861 | C14: =$B13*0.71% -> 14727.861 | D14: =$B13*0.71% -> 14727.861 | E14: =$B13*0.71% -> 14727.861 | F14: =$B13*0.71% -> 14727.861 | G14: =$B13*0.71% -> 14727.861 | H14: =$B13*0.71% -> 14727.861 | I14: =$B13*0.71% -> 14727.861 | ... AR14: =$B13*0.71% -> 14727.861
A15: 拆除量修正值 | C15: =IF(B13-C13-B14>0,B13-C13-B14,0) -> 47598.207 | D15: =IF(C13-D13-C14>0,C13-D13-C14,0) -> 36009.856 | E15: =IF(D13-E13-D14>0,D13-E13-D14,0) -> 0 | F15: =IF(E13-F13-E14>0,E13-F13-E14,0) -> 0 | G15: =IF(F13-G13-F14>0,F13-G13-F14,0) -> 0 | H15: =IF(G13-H13-G14>0,G13-H13-G14,0) -> 0 | I15: =IF(H13-I13-H14>0,H13-I13-H14,0) -> 0 | J15: =IF(I13-J13-I14>0,I13-J13-I14,0) -> 0 | ... AR15: =IF(AQ13-AR13-AQ14>0,AQ13-AR13-AQ14,0) -> 12582.608
A16: 当年改造 | D16: =$C$13*0.01 -> 20120.205 | E16: =$C$13*0.01 -> 20120.205 | F16: =$C$13*0.01 -> 20120.205 | G16: =$C$13*0.01 -> 20120.205 | H16: =$C$13*0.01 -> 20120.205 | I16: =$C$13*0.01 -> 20120.205 | J16: =$C$13*0.01 -> 20120.205 | K16: =$C$13*0.01 -> 20120.205 | ... AR16: =$C$13*0.01 -> 20120.205
A17: 当年新建 | C17: =IF(C13-B13+B14>0,C13-B13+B14,0) -> 0 | D17: =IF(D13-C13+C14>0,D13-C13+C14,0) -> 0 | E17: =IF(E13-D13+D14>0,E13-D13+D14,0) -> 13817.316 | F17: =IF(F13-E13+E14>0,F13-E13+E14,0) -> 12211.034 | G17: =IF(G13-F13+F14>0,G13-F13+F14,0) -> 10640.735 | H17: =IF(H13-G13+G14>0,H13-G13+G14,0) -> 9108.2204 | I17: =IF(I13-H13+H14>0,I13-H13+H14,0) -> 7615.3659 | J17: =IF(J13-I13+I14>0,J13-I13+I14,0) -> 6163.7789 | ... AR17: =IF(AR13-AQ13+AQ14>0,AR13-AQ13+AQ14,0) -> 0
A18: 新建面积累计 | B18: 0 | C18: =SUM($C17:C17) -> 0 | D18: =SUM($C17:D17) -> 0 | E18: =SUM($C17:E17) -> 13817.316 | F18: =SUM($C17:F17) -> 26028.35 | G18: =SUM($C17:G17) -> 36669.085 | H18: =SUM($C17:H17) -> 45777.306 | I18: =SUM($C17:I17) -> 53392.672 | J18: =SUM($C17:J17) -> 59556.45 | ... AR18: =SUM($C17:AR17) -> 70578.642
A19: 起始年份留存 | B19: =$B13-SUM(A14:$B14)-SUM(A15:$B15)-SUM(A16:$B16) -> 2059618.7 | C19: =$B13-SUM($B14:B14)-SUM($B15:B15)-SUM($B16:B16) -> 2059618.7 | D19: =$B13-SUM($B14:C14)-SUM($B15:C15)-SUM($B16:C16) -> 1997292.6 | E19: =$B13-SUM($B14:D14)-SUM($B15:D15)-SUM($B16:D16) -> 1926434.7 | F19: =$B13-SUM($B14:E14)-SUM($B15:E15)-SUM($B16:E16) -> 1891586.6 | G19: =$B13-SUM($B14:F14)-SUM($B15:F15)-SUM($B16:F16) -> 1856738.6 | H19: =$B13-SUM($B14:G14)-SUM($B15:G15)-SUM($B16:G16) -> 1821890.5 | I19: =$B13-SUM($B14:H14)-SUM($B15:H15)-SUM($B16:H16) -> 1787042.4 | J19: =$B13-SUM($B14:I14)-SUM($B15:I15)-SUM($B16:I16) -> 1752194.4 | ... AR19: =$B13-SUM($B14:AQ14)-SUM($B15:AQ15)-SUM($B16:AQ16) -> 277935.22
B21: 2018 | C21: 2019 | D21: 2020 | E21: 2021 | F21: 2022 | G21: 2023 | H21: 2024 | I21: 2025 | J21: 2026 | K21: 2027 | L21: 2028 | M21: 2029 | N21: 2030 | O21: 2031 | P21: 2032 | Q21: 2033 | R21: 2034 | S21: 2035 | T21: 2036 | U21: 2037 | V21: 2038 | W21: 2039 | X21: 2040 | Y21: 2041 | Z21: 2042 | AA21: 2043 | AB21: 2044 | AC21: 2045 | AD21: 2046 | AE21: 2047 | AF21: 2048 | AG21: 2049 | AH21: 2050 | AI21: 2051 | AJ21: 2052 | AK21: 2053 | AL21: 2054 | AM21: 2055 | AN21: 2056 | AO21: 2057 | AP21: 2058 | AQ21: 2059 | AR21: 2060
A22: 公共建筑建面 万㎡ | B22: =D51*人口变化预测!D4/10000 -> 1219126.1 | C22: =E51*人口变化预测!E4/10000 -> 1248904.4 | D22: =F51*人口变化预测!F4/10000 -> 1288270.1 | E22: =G51*人口变化预测!G4/10000 -> 1307968.8 | F22: =H51*人口变化预测!H4/10000 -> 1327090.5 | G22: =I51*人口变化预测!I4/10000 -> 1345627.5 | H22: =J51*人口变化预测!J4/10000 -> 1363573 | I22: =K51*人口变化预测!K4/10000 -> 1380921.8 | ... AR22: =AT51*人口变化预测!AT4/10000 -> 1693243.8
A23: 其中：拆除 | B23: =$B22*0.71% -> 8655.7951 | C23: =$B22*0.71% -> 8655.7951 | D23: =$B22*0.71% -> 8655.7951 | E23: =$B22*0.71% -> 8655.7951 | F23: =$B22*0.71% -> 8655.7951 | G23: =$B22*0.71% -> 8655.7951 | H23: =$B22*0.71% -> 8655.7951 | I23: =$B22*0.71% -> 8655.7951 | ... AR23: =$B22*0.71% -> 8655.7951
A24: 拆除量修正值 | C24: =IF(B22-C22-B23>0,B22-C22-B23,0) -> 0 | D24: =IF(C22-D22-C23>0,C22-D22-C23,0) -> 0 | E24: =IF(D22-E22-D23>0,D22-E22-D23,0) -> 0 | F24: =IF(E22-F22-E23>0,E22-F22-E23,0) -> 0 | G24: =IF(F22-G22-F23>0,F22-G22-F23,0) -> 0 | H24: =IF(G22-H22-G23>0,G22-H22-G23,0) -> 0 | I24: =IF(H22-I22-H23>0,H22-I22-H23,0) -> 0 | J24: =IF(I22-J22-I23>0,I22-J22-I23,0) -> 0 | ... AR24: =IF(AQ22-AR22-AQ23>0,AQ22-AR22-AQ23,0) -> 0
A25: 当年改造 | D25: =$C$22*0.01 -> 12489.044 | E25: =$C$22*0.01 -> 12489.044 | F25: =$C$22*0.01 -> 12489.044 | G25: =$C$22*0.01 -> 12489.044 | H25: =$C$22*0.01 -> 12489.044 | I25: =$C$22*0.01 -> 12489.044 | J25: =$C$22*0.01 -> 12489.044 | K25: =$C$22*0.01 -> 12489.044 | ... AR25: =$C$22*0.01 -> 12489.044
A26: 当年新建 | C26: =IF(C22-B22+B23>0,C22-B22+B23,0) -> 38434.13 | D26: =IF(D22-C22+C23>0,D22-C22+C23,0) -> 48021.449 | E26: =IF(E22-D22+D23>0,E22-D22+D23,0) -> 28354.525 | F26: =IF(F22-E22+E23>0,F22-E22+E23,0) -> 27777.529 | G26: =IF(G22-F22+F23>0,G22-F22+F23,0) -> 27192.766 | H26: =IF(H22-G22+G23>0,H22-G22+G23,0) -> 26601.347 | I26: =IF(I22-H22+H23>0,I22-H22+H23,0) -> 26004.53 | J26: =IF(J22-I22+I23>0,J22-I22+I23,0) -> 25403.485 | ... AR26: =IF(AR22-AQ22+AQ23>0,AR22-AQ22+AQ23,0) -> 15616.118
A27: 新建面积累计 | B27: 0 | C27: =SUM($C26:C26) -> 38434.13 | D27: =SUM($C26:D26) -> 86455.579 | E27: =SUM($C26:E26) -> 114810.1 | F27: =SUM($C26:F26) -> 142587.63 | G27: =SUM($C26:G26) -> 169780.4 | H27: =SUM($C26:H26) -> 196381.75 | I27: =SUM($C26:I26) -> 222386.28 | J27: =SUM($C26:J26) -> 247789.76 | ... AR27: =SUM($C26:AR26) -> 837661.13
A28: 起始年份留存 | B28: =$B22-SUM(A23:$B23)-SUM(A24:$B24)-SUM(A25:$B25) -> 1210470.3 | C28: =$B22-SUM($B23:B23)-SUM($B24:B24)-SUM($B25:B25) -> 1210470.3 | D28: =$B22-SUM($B23:C23)-SUM($B24:C24)-SUM($B25:C25) -> 1201814.5 | E28: =$B22-SUM($B23:D23)-SUM($B24:D24)-SUM($B25:D25) -> 1180669.6 | F28: =$B22-SUM($B23:E23)-SUM($B24:E24)-SUM($B25:E25) -> 1159524.8 | G28: =$B22-SUM($B23:F23)-SUM($B24:F24)-SUM($B25:F25) -> 1138380 | H28: =$B22-SUM($B23:G23)-SUM($B24:G24)-SUM($B25:G25) -> 1117235.1 | I28: =$B22-SUM($B23:H23)-SUM($B24:H24)-SUM($B25:H25) -> 1096090.3 | J28: =$B22-SUM($B23:I23)-SUM($B24:I24)-SUM($B25:I25) -> 1074945.4 | ... AR28: =$B22-SUM($B23:AQ23)-SUM($B24:AQ24)-SUM($B25:AQ25) -> 356020.92
B30: 2018 | C30: 2019 | D30: 2020 | E30: 2021 | F30: 2022 | G30: 2023 | H30: 2024 | I30: 2025 | J30: 2026 | K30: 2027 | L30: 2028 | M30: 2029 | N30: 2030 | O30: 2031 | P30: 2032 | Q30: 2033 | R30: 2034 | S30: 2035 | T30: 2036 | U30: 2037 | V30: 2038 | W30: 2039 | X30: 2040 | Y30: 2041 | Z30: 2042 | AA30: 2043 | AB30: 2044 | AC30: 2045 | AD30: 2046 | AE30: 2047 | AF30: 2048 | AG30: 2049 | AH30: 2050 | AI30: 2051 | AJ30: 2052 | AK30: 2053 | AL30: 2054 | AM30: 2055 | AN30: 2056 | AO30: 2057 | AP30: 2058 | AQ30: 2059 | AR30: 2060
A31: 住宅采暖建面 万㎡ | B31: =D49*人口变化预测!D7/10000 -> 1251825.7 | C31: =E49*人口变化预测!E7/10000 -> 1239102.6 | D31: =F49*人口变化预测!F7/10000 -> 1277990.3 | E31: =G49*人口变化预测!G7/10000 -> 1297275.9 | F31: =H49*人口变化预测!H7/10000 -> 1315907.5 | G31: =I49*人口变化预测!I7/10000 -> 1333885.3 | H31: =J49*人口变化预测!J7/10000 -> 1351210.4 | I31: =K49*人口变化预测!K7/10000 -> 1367885 | ... AR31: =AT49*人口变化预测!AT7/10000 -> 1655522.1
A32: 其中：拆除 | B32: =$B31*0.71% -> 8887.9621 | C32: =$B31*0.71% -> 8887.9621 | D32: =$B31*0.71% -> 8887.9621 | E32: =$B31*0.71% -> 8887.9621 | F32: =$B31*0.71% -> 8887.9621 | G32: =$B31*0.71% -> 8887.9621 | H32: =$B31*0.71% -> 8887.9621 | I32: =$B31*0.71% -> 8887.9621 | ... AR32: =$B31*0.71% -> 8887.9621
A33: 拆除量修正值 | C33: =IF(B31-C31-B32>0,B31-C31-B32,0) -> 3835.0618 | D33: =IF(C31-D31-C32>0,C31-D31-C32,0) -> 0 | E33: =IF(D31-E31-D32>0,D31-E31-D32,0) -> 0 | F33: =IF(E31-F31-E32>0,E31-F31-E32,0) -> 0 | G33: =IF(F31-G31-F32>0,F31-G31-F32,0) -> 0 | H33: =IF(G31-H31-G32>0,G31-H31-G32,0) -> 0 | I33: =IF(H31-I31-H32>0,H31-I31-H32,0) -> 0 | J33: =IF(I31-J31-I32>0,I31-J31-I32,0) -> 0 | ... AR33: =IF(AQ31-AR31-AQ32>0,AQ31-AR31-AQ32,0) -> 0
A34: 当年改造 | D34: =$C$31*0.01 -> 12391.026 | E34: =$C$31*0.01 -> 12391.026 | F34: =$C$31*0.01 -> 12391.026 | G34: =$C$31*0.01 -> 12391.026 | H34: =$C$31*0.01 -> 12391.026 | I34: =$C$31*0.01 -> 12391.026 | J34: =$C$31*0.01 -> 12391.026 | K34: =$C$31*0.01 -> 12391.026 | ... AR34: =$C$31*0.01 -> 12391.026
A35: 当年新建 | C35: =IF(C31-B31+B32>0,C31-B31+B32,0) -> 0 | D35: =IF(D31-C31+C32>0,D31-C31+C32,0) -> 47775.681 | E35: =IF(E31-D31+D32>0,E31-D31+D32,0) -> 28173.512 | F35: =IF(F31-E31+E32>0,F31-E31+E32,0) -> 27519.558 | G35: =IF(G31-F31+F32>0,G31-F31+F32,0) -> 26865.78 | H35: =IF(H31-G31+G32>0,H31-G31+G32,0) -> 26213.066 | I35: =IF(I31-H31+H32>0,I31-H31+H32,0) -> 25562.528 | J35: =IF(J31-I31+I32>0,J31-I31+I32,0) -> 24915.092 | ... AR35: =IF(AR31-AQ31+AQ32>0,AR31-AQ31+AQ32,0) -> 15037.8
A36: 新建面积累计 | B36: 0 | C36: =SUM($C35:C35) -> 0 | D36: =SUM($C35:D35) -> 47775.681 | E36: =SUM($C35:E35) -> 75949.193 | F36: =SUM($C35:F35) -> 103468.75 | G36: =SUM($C35:G35) -> 130334.53 | H36: =SUM($C35:H35) -> 156547.6 | I36: =SUM($C35:I35) -> 182110.12 | J36: =SUM($C35:J35) -> 207025.22 | ... AR36: =SUM($C35:AR35) -> 780825.9
A37: 起始年份留存 | B37: =$B31-SUM(A32:$B32)-SUM(A33:$B33)-SUM(A34:$B34) -> 1242937.7 | C37: =$B31-SUM($B32:B32)-SUM($B33:B33)-SUM($B34:B34) -> 1242937.7 | D37: =$B31-SUM($B32:C32)-SUM($B33:C33)-SUM($B34:C34) -> 1230214.7 | E37: =$B31-SUM($B32:D32)-SUM($B33:D33)-SUM($B34:D34) -> 1208935.7 | F37: =$B31-SUM($B32:E32)-SUM($B33:E33)-SUM($B34:E34) -> 1187656.7 | G37: =$B31-SUM($B32:F32)-SUM($B33:F33)-SUM($B34:F34) -> 1166377.7 | H37: =$B31-SUM($B32:G32)-SUM($B33:G33)-SUM($B34:G34) -> 1145098.7 | I37: =$B31-SUM($B32:H32)-SUM($B33:H33)-SUM($B34:H34) -> 1123819.7 | J37: =$B31-SUM($B32:I32)-SUM($B33:I33)-SUM($B34:I34) -> 1102540.7 | ... AR37: =$B31-SUM($B32:AQ32)-SUM($B33:AQ33)-SUM($B34:AQ34) -> 379055.13
B39: 2018 | C39: 2019 | D39: 2020 | E39: 2021 | F39: 2022 | G39: 2023 | H39: 2024 | I39: 2025 | J39: 2026 | K39: 2027 | L39: 2028 | M39: 2029 | N39: 2030 | O39: 2031 | P39: 2032 | Q39: 2033 | R39: 2034 | S39: 2035 | T39: 2036 | U39: 2037 | V39: 2038 | W39: 2039 | X39: 2040 | Y39: 2041 | Z39: 2042 | AA39: 2043 | AB39: 2044 | AC39: 2045 | AD39: 2046 | AE39: 2047 | AF39: 2048 | AG39: 2049 | AH39: 2050 | AI39: 2051 | AJ39: 2052 | AK39: 2053 | AL39: 2054 | AM39: 2055 | AN39: 2056 | AO39: 2057 | AP39: 2058 | AQ39: 2059 | AR39: 2060
A40: 公建采暖建面 万㎡ | B40: =D51*人口变化预测!D7/10000 -> 516215.96 | C40: =E51*人口变化预测!E7/10000 -> 510969.36 | D40: =F51*人口变化预测!F7/10000 -> 527005.51 | E40: =G51*人口变化预测!G7/10000 -> 534958.3 | F40: =H51*人口变化预测!H7/10000 -> 542641.42 | G40: =I51*人口变化预测!I7/10000 -> 550054.94 | H40: =J51*人口变化预测!J7/10000 -> 557199.3 | I40: =K51*人口变化预测!K7/10000 -> 564075.4 | ... AR40: =AT51*人口变化预测!AT7/10000 -> 682688.45
A41: 其中：拆除 | B41: =$B40*0.71% -> 3665.1333 | C41: =$B40*0.71% -> 3665.1333 | D41: =$B40*0.71% -> 3665.1333 | E41: =$B40*0.71% -> 3665.1333 | F41: =$B40*0.71% -> 3665.1333 | G41: =$B40*0.71% -> 3665.1333 | H41: =$B40*0.71% -> 3665.1333 | I41: =$B40*0.71% -> 3665.1333 | ... AR41: =$B40*0.71% -> 3665.1333
A42: 拆除量修正值 | C42: =IF(B40-C40-B41>0,B40-C40-B41,0) -> 1581.4663 | D42: =IF(C40-D40-C41>0,C40-D40-C41,0) -> 0 | E42: =IF(D40-E40-D41>0,D40-E40-D41,0) -> 0 | F42: =IF(E40-F40-E41>0,E40-F40-E41,0) -> 0 | G42: =IF(F40-G40-F41>0,F40-G40-F41,0) -> 0 | H42: =IF(G40-H40-G41>0,G40-H40-G41,0) -> 0 | I42: =IF(H40-I40-H41>0,H40-I40-H41,0) -> 0 | J42: =IF(I40-J40-I41>0,I40-J40-I41,0) -> 0 | ... AR42: =IF(AQ40-AR40-AQ41>0,AQ40-AR40-AQ41,0) -> 0
A43: 当年改造 | D43: =$C$40*0.01 -> 5109.6936 | E43: =$C$40*0.01 -> 5109.6936 | F43: =$C$40*0.01 -> 5109.6936 | G43: =$C$40*0.01 -> 5109.6936 | H43: =$C$40*0.01 -> 5109.6936 | I43: =$C$40*0.01 -> 5109.6936 | J43: =$C$40*0.01 -> 5109.6936 | K43: =$C$40*0.01 -> 5109.6936 | ... AR43: =$C$40*0.01 -> 5109.6936
A44: 当年新建 | C44: =IF(C40-B40+B41>0,C40-B40+B41,0) -> 0 | D44: =IF(D40-C40+C41>0,D40-C40+C41,0) -> 19701.281 | E44: =IF(E40-D40+D41>0,E40-D40+D41,0) -> 11617.925 | F44: =IF(F40-E40+E41>0,F40-E40+E41,0) -> 11348.254 | G44: =IF(G40-F40+F41>0,G40-F40+F41,0) -> 11078.655 | H44: =IF(H40-G40+G41>0,H40-G40+G41,0) -> 10809.495 | I44: =IF(I40-H40+H41>0,I40-H40+H41,0) -> 10541.232 | J44: =IF(J40-I40+I41>0,J40-I40+I41,0) -> 10274.249 | ... AR44: =IF(AR40-AQ40+AQ41>0,AR40-AQ40+AQ41,0) -> 6201.145
A45: 新建面积累计 | B45: 0 | C45: =SUM($C44:C44) -> 0 | D45: =SUM($C44:D44) -> 19701.281 | E45: =SUM($C44:E44) -> 31319.206 | F45: =SUM($C44:F44) -> 42667.46 | G45: =SUM($C44:G44) -> 53746.115 | H45: =SUM($C44:H44) -> 64555.609 | I45: =SUM($C44:I44) -> 75096.841 | J45: =SUM($C44:J44) -> 85371.09 | ... AR45: =SUM($C44:AR44) -> 321989.56
A46: 起始年份留存 | B46: =$B40-SUM(A41:$B41)-SUM(A42:$B42)-SUM(A43:$B43) -> 512550.82 | C46: =$B40-SUM($B41:B41)-SUM($B42:B42)-SUM($B43:B43) -> 512550.82 | D46: =$B40-SUM($B41:C41)-SUM($B42:C42)-SUM($B43:C43) -> 507304.23 | E46: =$B40-SUM($B41:D41)-SUM($B42:D42)-SUM($B43:D43) -> 498529.4 | F46: =$B40-SUM($B41:E41)-SUM($B42:E42)-SUM($B43:E43) -> 489754.57 | G46: =$B40-SUM($B41:F41)-SUM($B42:F42)-SUM($B43:F43) -> 480979.74 | H46: =$B40-SUM($B41:G41)-SUM($B42:G42)-SUM($B43:G43) -> 472204.92 | I46: =$B40-SUM($B41:H41)-SUM($B42:H42)-SUM($B43:H43) -> 463430.09 | J46: =$B40-SUM($B41:I41)-SUM($B42:I42)-SUM($B43:I43) -> 454655.26 | ... AR46: =$B40-SUM($B41:AQ41)-SUM($B42:AQ42)-SUM($B43:AQ43) -> 156311.15
B48: 2016 | C48: 2017 | D48: 2018 | E48: 2019 | F48: 2020 | G48: 2021 | H48: 2022 | I48: 2023 | J48: 2024 | K48: 2025 | L48: 2026 | M48: 2027 | N48: 2028 | O48: 2029 | P48: 2030 | Q48: 2031 | R48: 2032 | S48: 2033 | T48: 2034 | U48: 2035 | V48: 2036 | W48: 2037 | X48: 2038 | Y48: 2039 | Z48: 2040 | AA48: 2041 | AB48: 2042 | AC48: 2043 | AD48: 2044 | AE48: 2045 | AF48: 2046 | AG48: 2047 | AH48: 2048 | AI48: 2049 | AJ48: 2050 | AK48: 2051 | AL48: 2052 | AM48: 2053 | AN48: 2054 | AO48: 2055 | AP48: 2056 | AQ48: 2057 | AR48: 2058 | AS48: 2059 | AT48: 2060
A49: 城市住宅人均建面 ㎡ | B49: =E60*10000/人口变化预测!B4 -> 34.236932 | C49: =$B49*(1+$B$54)^(C$48-$B$48) -> 34.339643 | D49: =$B49*(1+$B$54)^(D$48-$B$48) -> 34.442662 | E49: =$B49*(1+$B$54)^(E$48-$B$48) -> 34.54599 | F49: =$B49*(1+$B$54)^(F$48-$B$48) -> 34.649628 | G49: =$B49*(1+$B$54)^(G$48-$B$48) -> 34.753577 | H49: =$B49*(1+$B$54)^(H$48-$B$48) -> 34.857837 | I49: =$B49*(1+$B$54)^(I$48-$B$48) -> 34.962411 | J49: =$B49*(1+$B$54)^(J$48-$B$48) -> 35.067298 | ... AT49: =$B49*(1+$B$54)^(AT$48-$B$48) -> 39.060329
A50: 农村住宅人均建面 ㎡ | B50: =G60*10000/人口变化预测!B5 -> 38.046032 | C50: =$B50*(1+$B$54)^(C$48-$B$48) -> 38.16017 | D50: =$B50*(1+$B$54)^(D$48-$B$48) -> 38.274651 | E50: =$B50*(1+$B$54)^(E$48-$B$48) -> 38.389475 | F50: =$B50*(1+$B$54)^(F$48-$B$48) -> 38.504643 | G50: =$B50*(1+$B$54)^(G$48-$B$48) -> 38.620157 | H50: =$B50*(1+$B$54)^(H$48-$B$48) -> 38.736018 | I50: =$B50*(1+$B$54)^(I$48-$B$48) -> 38.852226 | J50: =$B50*(1+$B$54)^(J$48-$B$48) -> 38.968783 | ... AT50: =$B50*(1+$B$54)^(AT$48-$B$48) -> 43.406066
A51: 公共建筑人均建面 ㎡ | B51: =D60*10000/人口变化预测!B4 -> 14.1183 | C51: =$B51*(1+$B$54)^(C$48-$B$48) -> 14.160655 | D51: =$B51*(1+$B$54)^(D$48-$B$48) -> 14.203137 | E51: =$B51*(1+$B$54)^(E$48-$B$48) -> 14.245747 | F51: =$B51*(1+$B$54)^(F$48-$B$48) -> 14.288484 | G51: =$B51*(1+$B$54)^(G$48-$B$48) -> 14.331349 | H51: =$B51*(1+$B$54)^(H$48-$B$48) -> 14.374343 | I51: =$B51*(1+$B$54)^(I$48-$B$48) -> 14.417466 | J51: =$B51*(1+$B$54)^(J$48-$B$48) -> 14.460719 | ... AT51: =$B51*(1+$B$54)^(AT$48-$B$48) -> 16.107327
A54: 人均建面年增长率 | B54: 0.003
A56: 重庆大学报告附件：
B57: 地区 | C57: 建筑面积
C58: 合计 | D58: 城市公共建筑 | E58: 城镇居住建筑 | F58: 村镇公建面积 | G58: 村镇住宅面积 | H58: 其中:北方城镇采暖 | I58: 公共建筑能耗强度(kgce/m2） | J58: 公共建筑能耗(万kgce） | K58: 城镇建筑（kgce/m2) | L58: 城市住宅能耗(万kgce） | N58: 城镇住宅+城镇公建 | O58: 北方采暖能耗强度（kgce/ m2）
C59: （万m2） | D59: （万m2） | E59: （万m2） | F59: （万m2） | G59: （万m2） | H59: 面积（万m2）
A60: 全国 | B60: - | C60: =SUM(C61:C91) -> 6353041.9 | D60: =SUM(D61:D91) -> 1150598.3 | E60: =SUM(E61:E91) -> 2790205.2 | F60: =SUM(F61:F91) -> 239684.45 | G60: =SUM(G61:G91) -> 2172553.9 | H60: =SUM(H61:H91) -> 1368999.4 | I60: =J60/(D60+F60) -> 25.601484 | J60: =SUM(J61:J91) -> 35593302 | K60: =L60/E60 -> 16.038441 | L60: =SUM(L61:L91) -> 44750542
A61: 北京市 | B61: 北京 | C61: 111047.87 | D61: 40418.28 | E61: 57986.05 | F61: 2985.12 | G61: =C61-D61-E61-F61 -> 9658.42 | H61: 95419.2 | I61: 40.399542 | J61: =I61*(F61+D61) -> 1753477.5 | K61: 12.216042 | L61: =K61*E61 -> 708360 | M61: =IF(O61=0,0,1) -> 1 | N61: =E60+D60 -> 3940803.5 | O61: 13.46
A62: 天津市 | B62: 天津 | C62: 65607.89 | D62: 20611.98 | E62: 35777.65 | F62: 1453.71 | G62: =C62-D62-E62-F62 -> 7764.55 | H62: 54935.9 | I62: 27.590751 | J62: =I62*(F62+D62) -> 608808.95 | K62: 20.3 | L62: =K62*E62 -> 726286.3 | M62: =IF(O62=0,0,1) -> 1 | N62: =E61+D61 -> 98404.33 | O62: 12.78
A63: 河北省 | B63: 河北 | C63: 308351.68 | D63: 45800.11 | E63: 126933.93 | F63: 9347.88 | G63: =C63-D63-E63-F63 -> 126269.76 | H63: 163386.2 | I63: 26.319369 | J63: =I63*(F63+D63) -> 1451460.3 | K63: 12.94 | L63: =K63*E63 -> 1642525.1 | M63: =IF(O63=0,0,1) -> 1 | N63: =E62+D62 -> 56389.63 | O63: 13.58
A64: 山西省 | B64: 山西 | C64: 140087.6 | D64: 20968.56 | E64: 65484.29 | F64: 6549.72 | G64: =C64-D64-E64-F64 -> 47085.03 | H64: 79903.1 | I64: 24.996471 | J64: =I64*(F64+D64) -> 687859.89 | K64: 16.41 | L64: =K64*E64 -> 1074597.2 | M64: =IF(O64=0,0,1) -> 1 | N64: =E63+D63 -> 172734.04 | O64: 14.71
A65: 内蒙古自治区 | B65: 内蒙古 | C65: 96496.49 | D65: 22606.81 | E65: 47363.84 | F65: 3808.41 | G65: =C65-D65-E65-F65 -> 22717.43 | H65: 66162.2 | I65: 16.193793 | J65: =I65*(F65+D65) -> 427762.6 | K65: 18.82 | L65: =K65*E65 -> 891387.47 | M65: =IF(O65=0,0,1) -> 1 | N65: =E64+D64 -> 86452.85 | O65: 20.33
A66: 辽宁省 | B66: 辽宁 | C66: 179539.03 | D66: 40152.97 | E66: 94629.85 | F66: 5725.2 | G66: =C66-D66-E66-F66 -> 39031.01 | H66: 129057.6 | I66: 21.522692 | J66: =I66*(F66+D66) -> 987421.72 | K66: 17.16 | L66: =K66*E66 -> 1623848.2 | M66: =IF(O66=0,0,1) -> 1 | N66: =E65+D65 -> 69970.65 | O66: 15.84
A67: 吉林省 | B67: 吉林 | C67: 94474.08 | D67: 19746.71 | E67: 41826.13 | F67: 2458.07 | G67: =C67-D67-E67-F67 -> 30443.17 | H67: 59114.8 | I67: 17.968056 | J67: =I67*(F67+D67) -> 398976.74 | K67: 17.78 | L67: =K67*E67 -> 743668.59 | M67: =IF(O67=0,0,1) -> 1 | N67: =E66+D66 -> 134782.82 | O67: 18.91
A68: 黑龙江省 | B68: 黑龙江 | C68: 126301.1 | D68: 26204.41 | E68: 58987.18 | F68: 5103.31 | G68: =C68-D68-E68-F68 -> 36006.2 | H68: 80088.3 | I68: 13.730132 | J68: =I68*(F68+D68) -> 429859.12 | K68: 17.83 | L68: =K68*E68 -> 1051741.4 | M68: =IF(O68=0,0,1) -> 1 | N68: =E67+D67 -> 61572.84 | O68: 21.08
A69: 上海市 | B69: 上海 | C69: 123095.59 | D69: 39268.02 | E69: 65493 | F69: 5443.02 | G69: =C69-D69-E69-F69 -> 12891.55 | I69: 42.511438 | J69: =I69*(F69+D69) -> 1900730.6 | K69: 33.26 | L69: =K69*E69 -> 2178297.2 | M69: =IF(O69=0,0,1) -> 0 | N69: =E68+D68 -> 85191.59
A70: 江苏省 | B70: 江苏 | C70: 454607.2 | D70: 100827.38 | E70: 207983.34 | F70: 20733.04 | G70: =C70-D70-E70-F70 -> 125063.44 | I70: 22.89874 | J70: =I70*(F70+D70) -> 2783580.5 | K70: 14.84 | L70: =K70*E70 -> 3086472.8 | M70: =IF(O70=0,0,1) -> 0 | N70: =E69+D69 -> 104761.02
A71: 浙江省 | B71: 浙江 | C71: 343012.03 | D71: 73053.83 | E71: 144621.9 | F71: 12869.19 | G71: =C71-D71-E71-F71 -> 112467.11 | I71: 28.585086 | J71: =I71*(F71+D71) -> 2456116.9 | K71: 19.5 | L71: =K71*E71 -> 2820127 | M71: =IF(O71=0,0,1) -> 0 | N71: =E70+D70 -> 308810.72
A72: 安徽省 | B72: 安徽 | C72: 275919.32 | D72: 43058 | E72: 113247.46 | F72: 9848.56 | G72: =C72-D72-E72-F72 -> 109765.3 | I72: 23.567514 | J72: =I72*(F72+D72) -> 1246876.1 | K72: 11.86 | L72: =K72*E72 -> 1343114.9 | M72: =IF(O72=0,0,1) -> 0 | N72: =E71+D71 -> 217675.73
A73: 福建省 | B73: 福建 | C73: 216879.42 | D73: 35067.83 | E73: 100234.09 | F73: 10334.03 | G73: =C73-D73-E73-F73 -> 71243.47 | I73: 26.83314 | J73: =I73*(F73+D73) -> 1218274.5 | K73: 19.2 | L73: =K73*E73 -> 1924494.5 | M73: =IF(O73=0,0,1) -> 0 | N73: =E72+D72 -> 156305.46
A74: 江西省 | B74: 江西 | C74: 244660.38 | D74: 33867.29 | E74: 98499.29 | F74: 9942.79 | G74: =C74-D74-E74-F74 -> 102351.01 | I74: 19.237146 | J74: =I74*(F74+D74) -> 842780.9 | K74: 11.56 | L74: =K74*E74 -> 1138651.8 | M74: =IF(O74=0,0,1) -> 0 | N74: =E73+D73 -> 135301.92
A75: 山东省 | B75: 山东 | C75: 477681.37 | D75: 93541.11 | E75: 209801.82 | F75: 27594.39 | G75: =C75-D75-E75-F75 -> 146744.05 | H75: 275748.5 | I75: 14.774039 | J75: =I75*(F75+D75) -> 1789660.6 | K75: 12.39 | L75: =K75*E75 -> 2599444.5 | M75: =IF(O75=0,0,1) -> 1 | N75: =E74+D74 -> 132366.58 | O75: 11.13
A76: 河南省 | B76: 河南 | C76: 445147.35 | D76: 61608.37 | E76: 176268.1 | F76: 11837.86 | G76: =C76-D76-E76-F76 -> 195433.02 | H76: 158227 | I76: 18.186165 | J76: =I76*(F76+D76) -> 1335705.3 | K76: 11.86 | L76: =K76*E76 -> 2090539.7 | M76: =IF(O76=0,0,1) -> 1 | N76: =E75+D75 -> 303342.93 | O76: 10.26
A77: 湖北省 | B77: 湖北 | C77: 321676.32 | D77: 54464.51 | E77: 144798.89 | F77: 10967.35 | G77: =C77-D77-E77-F77 -> 111445.57 | I77: 28.43705 | J77: =I77*(F77+D77) -> 1860689.1 | K77: 14.7 | L77: =K77*E77 -> 2128543.7 | M77: =IF(O77=0,0,1) -> 0 | N77: =E76+D76 -> 237876.47
A78: 湖南省 | B78: 湖南 | C78: 358248.47 | D78: 46777.01 | E78: 147425.8 | F78: 11312.29 | G78: =C78-D78-E78-F78 -> 152733.37 | I78: 29.391147 | J78: =I78*(F78+D78) -> 1707311.2 | K78: 12.96 | L78: =K78*E78 -> 1910638.4 | M78: =IF(O78=0,0,1) -> 0 | N78: =E77+D77 -> 199263.4
A79: 广东省 | B79: 广东 | C79: 467579.82 | D79: 111435.33 | E79: 237415.37 | F79: 13682.5 | G79: =C79-D79-E79-F79 -> 105046.62 | I79: 31.964459 | J79: =I79*(F79+D79) -> 3999323.7 | K79: 23.2 | L79: =K79*E79 -> 5508036.6 | M79: =IF(O79=0,0,1) -> 0 | N79: =E78+D78 -> 194202.81
A80: 广西壮族自治区 | B80: 广西 | C80: 211673.08 | D80: 28483.37 | E80: 81333.09 | F80: 8981.42 | G80: =C80-D80-E80-F80 -> 92875.2 | I80: 20.225135 | J80: =I80*(F80+D80) -> 757730.43 | K80: 18.4 | L80: =K80*E80 -> 1496528.9 | M80: =IF(O80=0,0,1) -> 0 | N80: =E79+D79 -> 348850.7
A81: 海南省 | B81: 海南 | C81: 34844.92 | D81: 8584.23 | E81: 15278.7 | F81: 1475 | G81: =C81-D81-E81-F81 -> 9506.99 | I81: 35.707338 | J81: =I81*(F81+D81) -> 359188.32 | K81: 17.44 | L81: =K81*E81 -> 266460.53 | M81: =IF(O81=0,0,1) -> 0 | N81: =E80+D80 -> 109816.46
A82: 重庆市 | B82: 重庆 | C82: 139428.15 | D82: 25039.3 | E82: 61807.2 | F82: 4898.18 | G82: =C82-D82-E82-F82 -> 47683.47 | I82: 30.320336 | J82: =I82*(F82+D82) -> 907714.47 | K82: 16.8 | L82: =K82*E82 -> 1038361 | M82: =IF(O82=0,0,1) -> 0 | N82: =E81+D81 -> 23862.93
A83: 四川省 | B83: 四 川 | C83: 384761.9 | D83: 50687.8 | E83: 152446.95 | F83: 10447.56 | G83: =C83-D83-E83-F83 -> 171179.59 | I83: 27.266127 | J83: =I83*(F83+D83) -> 1666924.5 | K83: 15.4 | L83: =K83*E83 -> 2347683 | M83: =IF(O83=0,0,1) -> 0 | N83: =E82+D82 -> 86846.5
A84: 贵州省 | B84: 贵 州 | C84: 136326.32 | D84: 14285.22 | E84: 55581.94 | F84: 5454.48 | G84: =C84-D84-E84-F84 -> 61004.68 | I84: 38.888446 | J84: =I84*(F84+D84) -> 767646.25 | K84: 15.43 | L84: =K84*E84 -> 857629.33 | M84: =IF(O84=0,0,1) -> 0 | N84: =E83+D83 -> 203134.75
A85: 云南省 | B85: 云 南 | C85: 206397.21 | D85: 28213.74 | E85: 85966.95 | F85: 7843.42 | G85: =C85-D85-E85-F85 -> 84373.1 | I85: 27.017687 | J85: =I85*(F85+D85) -> 974181.07 | K85: 11.28 | L85: =K85*E85 -> 969707.2 | M85: =IF(O85=0,0,1) -> 0 | N85: =E84+D84 -> 69867.16
A86: 陕西省 | B86: 陕 西 | C86: 160506.4 | D86: 26539.45 | E86: 65538.19 | F86: 5784.5 | G86: =C86-D86-E86-F86 -> 62644.26 | H86: 86293.1 | I86: 25.146716 | J86: =I86*(F86+D86) -> 812841.18 | K86: 18.23 | L86: =K86*E86 -> 1194761.2 | M86: =IF(O86=0,0,1) -> 1 | N86: =E85+D85 -> 114180.69 | O86: 13.62
A87: 甘肃省 | B87: 甘 肃 | C87: 88655.16 | D87: 13757.99 | E87: 37438.87 | F87: 6565.6 | G87: =C87-D87-E87-F87 -> 30892.7 | H87: 44631.3 | I87: 27.206736 | J87: =I87*(F87+D87) -> 552938.55 | K87: 12.6 | L87: =K87*E87 -> 471729.76 | M87: =IF(O87=0,0,1) -> 1 | N87: =E86+D86 -> 92077.64 | O87: 15.68
A88: 青海省 | B88: 青 海 | C88: 22953.05 | D88: 4072.72 | E88: 10290.97 | F88: 1070.3 | G88: =C88-D88-E88-F88 -> 7519.06 | H88: 13293.4 | I88: 41.559449 | J88: =I88*(F88+D88) -> 213741.08 | K88: 17.04 | L88: =K88*E88 -> 175358.13 | M88: =IF(O88=0,0,1) -> 1 | N88: =E87+D87 -> 51196.86 | O88: 17.72
A89: 宁夏回族自治区 | B89: 宁 夏 | C89: 24900.99 | D89: 5038.47 | E89: 11334.9 | F89: 1030.65 | G89: =C89-D89-E89-F89 -> 7496.97 | H89: 15342.7 | I89: 26.355223 | J89: =I89*(F89+D89) -> 159953.01 | K89: 14.08 | L89: =K89*E89 -> 159595.39 | M89: =IF(O89=0,0,1) -> 1 | N89: =E88+D88 -> 14363.69 | O89: 15.88
A90: 新疆维吾尔自治区 | B90: 新 疆 | C90: 87816.49 | D90: 16417.49 | E90: 34579.87 | F90: 3601.29 | G90: =C90-D90-E90-F90 -> 33217.84 | H90: 47396.1 | I90: 25.949155 | J90: =I90*(F90+D90) -> 519470.43 | K90: 15.58 | L90: =K90*E90 -> 538754.37 | M90: =IF(O90=0,0,1) -> 1 | N90: =E89+D89 -> 16373.37 | O90: 18.49
A91: 西藏自治区 | B91: 西藏自治区 | C91: =SUM(E91:F91) -> 4365.2127 | E91: 3829.6038 | F91: 535.60893 | G91: 0 | I91: 26.691636 | J91: =I91*(F91+D91) -> 14296.278 | K91: 11.28 | L91: =K91*E91 -> 43197.931 | M91: =IF(O91=0,0,1) -> 1 | N91: =E90+D90 -> 50997.36 | O91: 12

Sheet BAU建筑总能耗计算
A1: 一.建筑能耗的计算
A2: 建筑总能耗 单位万tce | B2: 2018 | C2: 2019 | D2: 2020 | E2: 2021 | F2: 2022 | G2: 2023 | H2: 2024 | I2: 2025 | J2: 2026 | K2: 2027 | L2: 2028 | M2: 2029 | N2: 2030 | O2: 2031 | P2: 2032 | Q2: 2033 | R2: 2034 | S2: 2035 | T2: 2036 | U2: 2037 | V2: 2038 | W2: 2039 | X2: 2040 | Y2: 2041 | Z2: 2042 | AA2: 2043 | AB2: 2044 | AC2: 2045 | AD2: 2046 | AE2: 2047 | AF2: 2048 | AG2: 2049 | AH2: 2050 | AI2: 2051 | AJ2: 2052 | AK2: 2053 | AL2: 2054 | AM2: 2055 | AN2: 2056 | AO2: 2057 | AP2: 2058 | AQ2: 2059 | AR2: 2060
A3: 公共建筑 | B3: =B10+B17 -> 21428.796 | C3: =C10+C17 -> 21709.655 | D3: =D10+D17 -> 22093.67 | E3: =E10+E17 -> 22270.07 | F3: =F10+F17 -> 22441.207 | G3: =G10+G17 -> 22606.963 | H3: =H10+H17 -> 22767.233 | I3: =I10+I17 -> 22921.923 | ... AR3: =AR10+AR17 -> 25465.056
A4: 城市住宅 | B4: =B11+B18 -> 15291.291 | C4: =C11+C18 -> 15607.132 | D4: =D11+D18 -> 16024.08 | E4: =E11+E18 -> 16237.534 | F4: =F11+F18 -> 16445.83 | G4: =G11+G18 -> 16648.852 | H4: =H11+H18 -> 16846.497 | I4: =I11+I18 -> 17038.672 | ... AR4: =AR11+AR18 -> 20950.785
A5: 农村住宅 | B5: =B12+B19 -> 11819.943 | C5: =C12+C19 -> 11736.021 | D5: =D12+D19 -> 11403.739 | E5: =E12+E19 -> 11191.606 | F5: =F12+F19 -> 11157.882 | G5: =G12+G19 -> 11119.214 | H5: =H12+H19 -> 11075.69 | I5: =I12+I19 -> 11027.407 | ... AR5: =AR12+AR19 -> 6844.3108
A6: 住宅采暖 | B6: =B13+B20 -> 9051.9024 | C6: =C13+C20 -> 8987.6339 | D6: =D13+D20 -> 9207.5321 | E6: =E13+E20 -> 9323.2037 | F6: =F13+F20 -> 9435.5113 | G6: =G13+G20 -> 9544.4342 | H6: =H13+H20 -> 9649.9571 | I6: =I13+I20 -> 9752.0711 | ... AR6: =AR13+AR20 -> 11725.773
A7: 公建采暖 | B7: =B14+B21 -> 4065.1262 | C7: =C14+C21 -> 4274.9842 | D7: =D14+D21 -> 4537.2822 | E7: =E14+E21 -> 4689.5503 | F7: =F14+F21 -> 4838.9167 | G7: =G14+G21 -> 4985.3169 | H7: =H14+H21 -> 5128.6923 | I7: =I14+I21 -> 5268.9915 | ... AR7: =AR14+AR21 -> 8596.6329
A9: 既存建筑能耗 单位万tce | B9: 2018 | C9: 2019 | D9: 2020 | E9: 2021 | F9: 2022 | G9: 2023 | H9: 2024 | I9: 2025 | J9: 2026 | K9: 2027 | L9: 2028 | M9: 2029 | N9: 2030 | O9: 2031 | P9: 2032 | Q9: 2033 | R9: 2034 | S9: 2035 | T9: 2036 | U9: 2037 | V9: 2038 | W9: 2039 | X9: 2040 | Y9: 2041 | Z9: 2042 | AA9: 2043 | AB9: 2044 | AC9: 2045 | AD9: 2046 | AE9: 2047 | AF9: 2048 | AG9: 2049 | AH9: 2050 | AI9: 2051 | AJ9: 2052 | AK9: 2053 | AL9: 2054 | AM9: 2055 | AN9: 2056 | AO9: 2057 | AP9: 2058 | AQ9: 2059 | AR9: 2060
A10: 公共建筑 | B10: =BAU建筑面积计算!B25*$D$26/1000 -> 21428.796 | C10: =BAU建筑面积计算!C25*$D$26/1000 -> 21276.651 | D10: =BAU建筑面积计算!D25*$D$26/1000 -> 21124.507 | E10: =BAU建筑面积计算!E25*$D$26/1000 -> 20972.362 | F10: =BAU建筑面积计算!F25*$D$26/1000 -> 20820.218 | G10: =BAU建筑面积计算!G25*$D$26/1000 -> 20668.073 | H10: =BAU建筑面积计算!H25*$D$26/1000 -> 20515.929 | I10: =BAU建筑面积计算!I25*$D$26/1000 -> 20363.785 | ... AR10: =BAU建筑面积计算!AR25*$D$26/1000 -> 15038.729
A11: 城市住宅 | B11: =BAU建筑面积计算!B9*$D$27/1000 -> 15291.291 | C11: =BAU建筑面积计算!C9*$D$27/1000 -> 15182.723 | D11: =BAU建筑面积计算!D9*$D$27/1000 -> 15074.155 | E11: =BAU建筑面积计算!E9*$D$27/1000 -> 14965.587 | F11: =BAU建筑面积计算!F9*$D$27/1000 -> 14857.019 | G11: =BAU建筑面积计算!G9*$D$27/1000 -> 14748.451 | H11: =BAU建筑面积计算!H9*$D$27/1000 -> 14639.882 | I11: =BAU建筑面积计算!I9*$D$27/1000 -> 14531.314 | ... AR11: =BAU建筑面积计算!AR9*$D$27/1000 -> 10731.428
A12: 农村住宅 | B12: =BAU建筑面积计算!B17*$D$28/1000 -> 11819.943 | C12: =BAU建筑面积计算!C17*$D$28/1000 -> 11736.021 | D12: =BAU建筑面积计算!D17*$D$28/1000 -> 11403.739 | E12: =BAU建筑面积计算!E17*$D$28/1000 -> 11136.38 | F12: =BAU建筑面积计算!F17*$D$28/1000 -> 11052.458 | G12: =BAU建筑面积计算!G17*$D$28/1000 -> 10968.537 | H12: =BAU建筑面积计算!H17*$D$28/1000 -> 10884.615 | I12: =BAU建筑面积计算!I17*$D$28/1000 -> 10800.694 | ... AR12: =BAU建筑面积计算!AR17*$D$28/1000 -> 6490.3
A13: 住宅采暖 | B13: =BAU建筑面积计算!B33*$D$29/1000 -> 9051.9024 | C13: =BAU建筑面积计算!C33*$D$29/1000 -> 8987.6339 | D13: =BAU建筑面积计算!D33*$D$29/1000 -> 8913.5004 | E13: =BAU建筑面积计算!E33*$D$29/1000 -> 8849.2319 | F13: =BAU建筑面积计算!F33*$D$29/1000 -> 8784.9634 | G13: =BAU建筑面积计算!G33*$D$29/1000 -> 8720.6949 | H13: =BAU建筑面积计算!H33*$D$29/1000 -> 8656.4264 | I13: =BAU建筑面积计算!I33*$D$29/1000 -> 8592.1579 | ... AR13: =BAU建筑面积计算!AR33*$D$29/1000 -> 6342.7601
A14: 公建采暖 | B14: =BAU建筑面积计算!B41*$D$30/1000 -> 4065.1262 | C14: =BAU建筑面积计算!C41*$D$30/1000 -> 4036.2638 | D14: =BAU建筑面积计算!D41*$D$30/1000 -> 4002.9712 | E14: =BAU建筑面积计算!E41*$D$30/1000 -> 3974.1088 | F14: =BAU建筑面积计算!F41*$D$30/1000 -> 3945.2464 | G14: =BAU建筑面积计算!G41*$D$30/1000 -> 3916.384 | H14: =BAU建筑面积计算!H41*$D$30/1000 -> 3887.5216 | I14: =BAU建筑面积计算!I41*$D$30/1000 -> 3858.6592 | ... AR14: =BAU建筑面积计算!AR41*$D$30/1000 -> 2848.4753
A16: 新建建筑能耗 单位万tce | B16: 2018 | C16: 2019 | D16: 2020 | E16: 2021 | F16: 2022 | G16: 2023 | H16: 2024 | I16: 2025 | J16: 2026 | K16: 2027 | L16: 2028 | M16: 2029 | N16: 2030 | O16: 2031 | P16: 2032 | Q16: 2033 | R16: 2034 | S16: 2035 | T16: 2036 | U16: 2037 | V16: 2038 | W16: 2039 | X16: 2040 | Y16: 2041 | Z16: 2042 | AA16: 2043 | AB16: 2044 | AC16: 2045 | AD16: 2046 | AE16: 2047 | AF16: 2048 | AG16: 2049 | AH16: 2050 | AI16: 2051 | AJ16: 2052 | AK16: 2053 | AL16: 2054 | AM16: 2055 | AN16: 2056 | AO16: 2057 | AP16: 2058 | AQ16: 2059 | AR16: 2060
A17: 公共建筑 | B17: =BAU建筑面积计算!B24*B42/1000 -> 0 | C17: =BAU建筑面积计算!C24*C42/1000 -> 433.00419 | D17: =BAU建筑面积计算!D24*D42/1000 -> 969.16294 | E17: =BAU建筑面积计算!E24*E42/1000 -> 1297.7075 | F17: =BAU建筑面积计算!F24*F42/1000 -> 1620.9888 | G17: =BAU建筑面积计算!G24*G42/1000 -> 1938.8898 | H17: =BAU建筑面积计算!H24*H42/1000 -> 2251.3043 | I17: =BAU建筑面积计算!I24*I42/1000 -> 2558.1389 | ... AR17: =BAU建筑面积计算!AR24*AR42/1000 -> 10426.327
A18: 城市住宅 | B18: =BAU建筑面积计算!B8*B43/1000 -> 0 | C18: =BAU建筑面积计算!C8*C43/1000 -> 424.40876 | D18: =BAU建筑面积计算!D8*D43/1000 -> 949.9244 | E18: =BAU建筑面积计算!E8*E43/1000 -> 1271.9471 | F18: =BAU建筑面积计算!F8*F43/1000 -> 1588.8111 | G18: =BAU建筑面积计算!G8*G43/1000 -> 1900.4015 | H18: =BAU建筑面积计算!H8*H43/1000 -> 2206.6143 | I18: =BAU建筑面积计算!I8*I43/1000 -> 2507.3581 | ... AR18: =BAU建筑面积计算!AR8*AR43/1000 -> 10219.357
A19: 农村住宅 | B19: =BAU建筑面积计算!B16*B44/1000 -> 0 | C19: =BAU建筑面积计算!C16*C44/1000 -> 0 | D19: =BAU建筑面积计算!D16*D44/1000 -> 0 | E19: =BAU建筑面积计算!E16*E44/1000 -> 55.226066 | F19: =BAU建筑面积计算!F16*F44/1000 -> 105.42416 | G19: =BAU建筑面积计算!G16*G44/1000 -> 150.6773 | H19: =BAU建筑面积计算!H16*H44/1000 -> 191.07494 | I19: =BAU建筑面积计算!I16*I44/1000 -> 226.71331 | ... AR19: =BAU建筑面积计算!AR16*AR44/1000 -> 354.01071
A20: 住宅采暖 | B20: =BAU建筑面积计算!B32*B45/1000 -> 0 | C20: =BAU建筑面积计算!C32*C45/1000 -> 0 | D20: =BAU建筑面积计算!D32*D45/1000 -> 294.03169 | E20: =BAU建筑面积计算!E32*E45/1000 -> 473.97182 | F20: =BAU建筑面积计算!F32*F45/1000 -> 650.54788 | G20: =BAU建筑面积计算!G32*G45/1000 -> 823.73932 | H20: =BAU建筑面积计算!H32*H45/1000 -> 993.53073 | I20: =BAU建筑面积计算!I32*I45/1000 -> 1159.9133 | ... AR20: =BAU建筑面积计算!AR32*AR45/1000 -> 5383.0124
A21: 公建采暖 | B21: =BAU建筑面积计算!B24*B46/1000 -> 0 | C21: =BAU建筑面积计算!C24*C46/1000 -> 238.72034 | D21: =BAU建筑面积计算!D24*D46/1000 -> 534.31102 | E21: =BAU建筑面积计算!E24*E46/1000 -> 715.44152 | F21: =BAU建筑面积计算!F24*F46/1000 -> 893.67036 | G21: =BAU建筑面积计算!G24*G46/1000 -> 1068.9329 | H21: =BAU建筑面积计算!H24*H46/1000 -> 1241.1707 | I21: =BAU建筑面积计算!I24*I46/1000 -> 1410.3323 | ... AR21: =BAU建筑面积计算!AR24*AR46/1000 -> 5748.1576
A24: 二.既存和新建建筑能耗强度的计算
B25: 总能耗 万tce | C25: 建筑基线能耗强度 kgce/㎡ （重大报告） | D25: 2018年各类既存建筑能耗强度 kgce/㎡ （能源平衡表）
A26: 公共建筑 | B26: {=SUM(建筑各项能耗拆分!N4:S13/B32)-建筑各项能耗拆分!N8/建筑各项能耗拆分!B18} -> 21428.796 | C26: 30.11 | D26: =B26*1000/BAU建筑面积计算!B20 -> 17.507288
A27: 城市住宅 | B27: {=SUM(建筑各项能耗拆分!B4:G13/B32)-建筑各项能耗拆分!B8/建筑各项能耗拆分!B18} -> 15291.291 | C27: 12.17 | D27: =B27*1000/BAU建筑面积计算!B4 -> 5.1517273
A28: 农村住宅 | B28: {=SUM(建筑各项能耗拆分!H4:M13/B32)} -> 11819.943 | C28: 8.86 | D28: =B28*1000/BAU建筑面积计算!B12 -> 5.6754957
A29: 住宅采暖 | B29: =SUM(建筑各项能耗拆分!B4:B13)/B32*0.5 -> 7100.2069 | C29: 16.6 | D29: =建筑各项能耗拆分!B8*1000/BAU建筑面积计算!B28/建筑各项能耗拆分!B18 -> 7.2022096
A30: 公建采暖 | B30: {=SUM(建筑各项能耗拆分!N4:N13/B32)*0.5} -> 4588.3871 | C30: 16.6 | D30: =建筑各项能耗拆分!N8*1000/BAU建筑面积计算!B36/建筑各项能耗拆分!B18 -> 7.8435443
A32: BTU/万吨标煤 | B32: 277710000000
B34: 2018-2023 | C34: 2024-2060
A35: 新建住宅节能率 | B35: 0.65 | C35: 0.65
B37: 2018-2025 | C37: 2026-2060
A38: 新建公建节能率 | B38: 0.65 | C38: 0.65
A41: 新建建筑能耗强度 单位kgce/㎡ | B41: 2018 | C41: 2019 | D41: 2020 | E41: 2021 | F41: 2022 | G41: 2023 | H41: 2024 | I41: 2025 | J41: 2026 | K41: 2027 | L41: 2028 | M41: 2029 | N41: 2030 | O41: 2031 | P41: 2032 | Q41: 2033 | R41: 2034 | S41: 2035 | T41: 2036 | U41: 2037 | V41: 2038 | W41: 2039 | X41: 2040 | Y41: 2041 | Z41: 2042 | AA41: 2043 | AB41: 2044 | AC41: 2045 | AD41: 2046 | AE41: 2047 | AF41: 2048 | AG41: 2049 | AH41: 2050 | AI41: 2051 | AJ41: 2052 | AK41: 2053 | AL41: 2054 | AM41: 2055 | AN41: 2056 | AO41: 2057 | AP41: 2058 | AQ41: 2059 | AR41: 2060
A42: 公共建筑 | B42: =$C$26*(1-$B$38) -> 10.5385 | C42: =$C$26*(1-$B$38) -> 10.5385 | D42: =$C$26*(1-$B$38) -> 10.5385 | E42: =$C$26*(1-$B$38) -> 10.5385 | F42: =$C$26*(1-$B$38) -> 10.5385 | G42: =$C$26*(1-$B$38) -> 10.5385 | H42: =$C$26*(1-$B$38) -> 10.5385 | I42: =$C$26*(1-$B$38) -> 10.5385 | ... AR42: =$C$26*(1-$B$38) -> 10.5385
A43: 城市住宅 | B43: =$C$27*(1-$B$35) -> 4.2595 | C43: =$C$27*(1-$B$35) -> 4.2595 | D43: =$C$27*(1-$B$35) -> 4.2595 | E43: =$C$27*(1-$B$35) -> 4.2595 | F43: =$C$27*(1-$B$35) -> 4.2595 | G43: =$C$27*(1-$B$35) -> 4.2595 | H43: =$C$27*(1-$B$35) -> 4.2595 | I43: =$C$27*(1-$B$35) -> 4.2595 | ... AR43: =$C$27*(1-$B$35) -> 4.2595
A44: 农村住宅 | B44: =$C$28*(1-$B$35) -> 3.101 | C44: =$C$28*(1-$B$35) -> 3.101 | D44: =$C$28*(1-$B$35) -> 3.101 | E44: =$C$28*(1-$B$35) -> 3.101 | F44: =$C$28*(1-$B$35) -> 3.101 | G44: =$C$28*(1-$B$35) -> 3.101 | H44: =$C$28*(1-$B$35) -> 3.101 | I44: =$C$28*(1-$B$35) -> 3.101 | ... AR44: =$C$28*(1-$B$35) -> 3.101
A45: 住宅采暖 | B45: =$C$29*(1-$B$35) -> 5.81 | C45: =$C$29*(1-$B$35) -> 5.81 | D45: =$C$29*(1-$B$35) -> 5.81 | E45: =$C$29*(1-$B$35) -> 5.81 | F45: =$C$29*(1-$B$35) -> 5.81 | G45: =$C$29*(1-$B$35) -> 5.81 | H45: =$C$29*(1-$B$35) -> 5.81 | I45: =$C$29*(1-$B$35) -> 5.81 | ... AR45: =$C$29*(1-$B$35) -> 5.81
A46: 公建采暖 | B46: =$C$30*(1-$B$38) -> 5.81 | C46: =$C$30*(1-$B$38) -> 5.81 | D46: =$C$30*(1-$B$38) -> 5.81 | E46: =$C$30*(1-$B$38) -> 5.81 | F46: =$C$30*(1-$B$38) -> 5.81 | G46: =$C$30*(1-$B$38) -> 5.81 | H46: =$C$30*(1-$B$38) -> 5.81 | I46: =$C$30*(1-$B$38) -> 5.81 | ... AR46: =$C$30*(1-$B$38) -> 5.81
A50: 十四五验算
B51: 十四五期间新建建面统计 万㎡
A52: 城市住宅 | B52: =SUM(BAU建筑面积计算!E7:I7) -> 365637.68
A53: 农村住宅 | B53: =SUM(BAU建筑面积计算!E15:I15) -> 73109.741
A54: 公共建筑 | B54: =SUM(BAU建筑面积计算!E23:I23) -> 150778.19
A55: 合计 | B55: =SUM(B52:B54) -> 589525.61
B56: 要求新增绿色建筑至少5万㎡，故十四五之后的新建建筑近似都按绿建三星处理，相较于现状能效提升20%

Sheet 建筑各项能耗拆分
A2: 拆分依据：山东省SYCEU输出
A3: 2018 | B3: urban-residential-heating | C3: urban-residential-cooling | D3: urban-residential-envelope | E3: urban-residential-lighting | F3: urban-residential-appl | G3: urban-residential-other | H3: rural-residential-heating | I3: rural-residential-cooling | J3: rural-residential-envelope | K3: rural-residential-lighting | L3: rural-residential-appl | M3: rural-residential-other | N3: commercial-heating | O3: commercial-cooling | P3: commercial-envelope | Q3: commercial-lighting | R3: commercial-appl | S3: commercial-other
A4: electricity (BTU) | B4: 3.4491325e+14 | C4: 2.5529012e+14 | D4: 0 | E4: 1.8467796e+14 | F4: 7.3871184e+14 | G4: 4.6350547e+14 | H4: 4.1172562e+14 | I4: 3.5849461e+13 | J4: 0 | K4: 1.4448419e+14 | L4: 5.7793676e+14 | M4: 3.3242227e+14 | N4: 0 | O4: 9.5667602e+14 | P4: 0 | Q4: 1.4929442e+15 | R4: 9.5998632e+14 | S4: 6.1792223e+13
A5: coal (BTU) | B5: 2.7150066e+14 | C5: 0 | D5: 0 | E5: 0 | F5: 0 | G5: 1.4235989e+13 | H5: 9.9059921e+14 | I5: 0 | J5: 0 | K5: 0 | L5: 0 | M5: 5.1941532e+13 | N5: 9.6755557e+14 | O5: 0 | P5: 0 | Q5: 0 | R5: 0 | S5: 5.0733251e+13
A6: natural gas (BTU) | B6: 6.41783e+14 | C6: 0 | D6: 0 | E6: 0 | F6: 0 | G6: 7.3579524e+14 | H6: 2.0899793e+14 | I6: 0 | J6: 0 | K6: 0 | L6: 0 | M6: 3.84364e+13 | N6: 0 | O6: 0 | P6: 0 | Q6: 0 | R6: 817412131033464 | S6: 0
A7: petroleum diesel (BTU) | B7: 5.061971e+12 | C7: 0 | D7: 0 | E7: 0 | F7: 0 | G7: 0 | H7: 0 | I7: 0 | J7: 0 | K7: 0 | L7: 0 | M7: 0 | N7: 4.3345337e+14 | O7: 0 | P7: 0 | Q7: 0 | R7: 0 | S7: 2.2727892e+13
A8: heat (BTU) | B8: 2.5138038e+15 | C8: 0 | D8: 0 | E8: 0 | F8: 0 | G8: 0 | H8: 7.7854166e+13 | I8: 0 | J8: 0 | K8: 0 | L8: 0 | M8: 0 | N8: 1.1289262e+15 | O8: 0 | P8: 0 | Q8: 0 | R8: 0 | S8: 0
A9: biomass (BTU) | B9: 2.3171382e+13 | C9: 0 | D9: 0 | E9: 0 | F9: 0 | G9: 9.5509282e+12 | H9: 4.6335811e+13 | I9: 0 | J9: 0 | K9: 0 | L9: 0 | M9: 6.5641037e+13 | N9: 1.456257e+13 | O9: 0 | P9: 0 | Q9: 0 | R9: 0 | S9: 0
A10: kerosene (BTU) | B10: 1.4696072e+11 | C10: 0 | D10: 0 | E10: 0 | F10: 0 | G10: 0 | H10: 0 | I10: 0 | J10: 0 | K10: 0 | L10: 0 | M10: 0 | N10: 3.9842684e+12 | O10: 0 | P10: 0 | Q10: 0 | R10: 0 | S10: 0
A11: heavy or residual fuel oil (BTU) | B11: 0 | C11: 0 | D11: 0 | E11: 0 | F11: 0 | G11: 0 | H11: 0 | I11: 0 | J11: 0 | K11: 0 | L11: 0 | M11: 0 | N11: 0 | O11: 0 | P11: 0 | Q11: 0 | R11: 0 | S11: 0
A12: LPG propane or butane (BTU) | B12: 1.4321588e+14 | C12: 0 | D12: 0 | E12: 0 | F12: 0 | G12: 4.149839e+14 | H12: 1.071928e+14 | I12: 0 | J12: 0 | K12: 0 | L12: 0 | M12: 1.9309909e+14 | N12: 0 | O12: 0 | P12: 0 | Q12: 0 | R12: 0 | S12: 1.6916299e+14
A13: hydrogen(BTU) | B13: 0 | C13: 0 | D13: 0 | E13: 0 | F13: 0 | G13: 0 | H13: 0 | I13: 0 | J13: 0 | K13: 0 | L13: 0 | M13: 0 | N13: 0 | O13: 0 | P13: 0 | Q13: 0 | R13: 0 | S13: 0
A14: total | B14: =SUM(B4:B13) -> 3.9435969e+15 | C14: =SUM(C4:C13) -> 2.5529012e+14 | D14: =SUM(D4:D13) -> 0 | E14: =SUM(E4:E13) -> 1.8467796e+14 | F14: =SUM(F4:F13) -> 7.3871184e+14 | G14: =SUM(G4:G13) -> 1.6380715e+15 | H14: =SUM(H4:H13) -> 1.8427055e+15 | I14: =SUM(I4:I13) -> 3.5849461e+13 | ... S14: =SUM(S4:S13) -> 3.0441635e+14
B15: =B14 -> 3.9435969e+15 | C15: =SUM(C14:G14) -> 2.8167515e+15 | H15: =SUM(H14:M14) -> 3.2825163e+15 | N15: =N14 -> 2.548482e+15 | O15: =SUM(O14:S14) -> 4.5314351e+15
B16: 1 | C16: =C14/$C$15 -> 0.090632818 | D16: =D14/$C$15 -> 0 | E16: =E14/$C$15 -> 0.065564166 | F16: =F14/$C$15 -> 0.26225667 | G16: =G14/$C$15 -> 0.58154635 | H16: =H14/$H$15 -> 0.56136981 | I16: =I14/$H$15 -> 0.010921335 | J16: =J14/$H$15 -> 0 | K16: =K14/$H$15 -> 0.04401629 | L16: =L14/$H$15 -> 0.17606516 | M16: =M14/$H$15 -> 0.2076274 | N16: 1 | O16: =O14/$O$15 -> 0.21111988 | P16: =P14/$O$15 -> 0 | Q16: =Q14/$O$15 -> 0.32946389 | R16: =R14/$O$15 -> 0.39223743 | S16: =S14/$O$15 -> 0.067178796
A18: BTU/万吨标煤 | B18: 277710000000 | C18: 电 | D18: =(D22+D35+D48+D61+D74+D87+D100+D113+D126+D139+D152+D165+D178+D191+D204+D217+D230+D243)*B18 -> 8.967892e+15 | E18: =D18/G18 -> 1.0958319 | F18: =21.8*8.18/11.2+5.2 -> 21.121786 | G18: 8.1836383e+15 | I18: =1.1*19.9 -> 21.89
C19: all | D19: =(D32+D45+D58+D71+D84+D97+D110+D123+D136+D149+D162+D175+D188+D201+D214+D227+D240+D253)*B18 -> 1.8865039e+16 | E19: =D19/G19 -> 1.1120895 | G19: 1.6963598e+16
A20: 下为各类建筑各组件照此比例拆分结果：
A21: urban-residential-heating | B21: 2018 | C21: 2019 | D21: 2020 | E21: 2021 | F21: 2022 | G21: 2023 | H21: 2024 | I21: 2025 | J21: 2026 | K21: 2027 | L21: 2028 | M21: 2029 | N21: 2030 | O21: 2031 | P21: 2032 | Q21: 2033 | R21: 2034 | S21: 2035 | T21: 2036 | U21: 2037 | V21: 2038 | W21: 2039 | X21: 2040 | Y21: 2041 | Z21: 2042 | AA21: 2043 | AB21: 2044 | AC21: 2045 | AD21: 2046 | AE21: 2047 | AF21: 2048 | AG21: 2049 | AH21: 2050 | AI21: 2051 | AJ21: 2052 | AK21: 2053 | AL21: 2054 | AM21: 2055 | AN21: 2056 | AO21: 2057 | AP21: 2058 | AQ21: 2059 | AR21: 2060
A22: electricity (万tce) | B22: =B$32*$B4/$B$14 -> 791.69376 | C22: =C$32*$B4/$B$14 -> 786.07274 | D22: =D$32*$B4/$B$14 -> 805.30538 | E22: =E$32*$B4/$B$14 -> 815.42221 | F22: =F$32*$B4/$B$14 -> 825.2448 | G22: =G$32*$B4/$B$14 -> 834.77138 | H22: =H$32*$B4/$B$14 -> 844.00058 | I22: =I$32*$B4/$B$14 -> 852.93163 | ... AR22: =AR$32*$B4/$B$14 -> 1025.5547
A23: coal (万tce) | B23: =B$32*$B5/$B$14 -> 623.18677 | C23: =C$32*$B5/$B$14 -> 618.76215 | D23: =D$32*$B5/$B$14 -> 633.90125 | E23: =E$32*$B5/$B$14 -> 641.86477 | F23: =F$32*$B5/$B$14 -> 649.59669 | G23: =G$32*$B5/$B$14 -> 657.09559 | H23: =H$32*$B5/$B$14 -> 664.36041 | I23: =I$32*$B5/$B$14 -> 671.39055 | ... AR23: =AR$32*$B5/$B$14 -> 807.27189
A24: natural gas (万tce) | B24: =B$32*$B6/$B$14 -> 1473.1113 | C24: =C$32*$B6/$B$14 -> 1462.6522 | D24: =D$32*$B6/$B$14 -> 1498.4385 | E24: =E$32*$B6/$B$14 -> 1517.263 | F24: =F$32*$B6/$B$14 -> 1535.54 | G24: =G$32*$B6/$B$14 -> 1553.2662 | H24: =H$32*$B6/$B$14 -> 1570.439 | I24: =I$32*$B6/$B$14 -> 1587.0571 | ... AR24: =AR$32*$B6/$B$14 -> 1908.2583
A25: petroleum diesel (万tce) | B25: =B$32*$B7/$B$14 -> 11.618953 | C25: =C$32*$B7/$B$14 -> 11.536459 | D25: =D$32*$B7/$B$14 -> 11.818718 | E25: =E$32*$B7/$B$14 -> 11.967193 | F25: =F$32*$B7/$B$14 -> 12.111351 | G25: =G$32*$B7/$B$14 -> 12.251163 | H25: =H$32*$B7/$B$14 -> 12.386612 | I25: =I$32*$B7/$B$14 -> 12.517684 | ... AR25: =AR$32*$B7/$B$14 -> 15.051113
A26: heat (万tce) | B26: =B$32*$B8/$B$14 -> 5770.0387 | C26: =C$32*$B8/$B$14 -> 5729.0714 | D26: =D$32*$B8/$B$14 -> 5869.2432 | E26: =E$32*$B8/$B$14 -> 5942.9768 | F26: =F$32*$B8/$B$14 -> 6014.5661 | G26: =G$32*$B8/$B$14 -> 6083.9978 | H26: =H$32*$B8/$B$14 -> 6151.2623 | I26: =I$32*$B8/$B$14 -> 6216.3538 | ... AR26: =AR$32*$B8/$B$14 -> 7474.4687
A27: biomass (万tce) | B27: =B$32*$B9/$B$14 -> 53.18624 | C27: =C$32*$B9/$B$14 -> 52.808618 | D27: =D$32*$B9/$B$14 -> 54.100673 | E27: =E$32*$B9/$B$14 -> 54.780324 | F27: =F$32*$B9/$B$14 -> 55.44021 | G27: =G$32*$B9/$B$14 -> 56.080208 | H27: =H$32*$B9/$B$14 -> 56.700228 | I27: =I$32*$B9/$B$14 -> 57.30022 | ... AR27: =AR$32*$B9/$B$14 -> 68.897092
A28: kerosene (万tce) | B28: =B$32*$B10/$B$14 -> 0.33732507 | C28: =C$32*$B10/$B$14 -> 0.33493006 | D28: =D$32*$B10/$B$14 -> 0.34312471 | E28: =E$32*$B10/$B$14 -> 0.34743529 | F28: =F$32*$B10/$B$14 -> 0.3516205 | G28: =G$32*$B10/$B$14 -> 0.35567959 | H28: =H$32*$B10/$B$14 -> 0.35961197 | I28: =I$32*$B10/$B$14 -> 0.36341731 | ... AR28: =AR$32*$B10/$B$14 -> 0.43696859
A29: heavy or residual fuel oil (万tce) | B29: =B$32*$B11/$B$14 -> 0 | C29: =C$32*$B11/$B$14 -> 0 | D29: =D$32*$B11/$B$14 -> 0 | E29: =E$32*$B11/$B$14 -> 0 | F29: =F$32*$B11/$B$14 -> 0 | G29: =G$32*$B11/$B$14 -> 0 | H29: =H$32*$B11/$B$14 -> 0 | I29: =I$32*$B11/$B$14 -> 0 | ... AR29: =AR$32*$B11/$B$14 -> 0
A30: LPG propane or butane (万tce) | B30: =B$32*$B12/$B$14 -> 328.72938 | C30: =C$32*$B12/$B$14 -> 326.3954 | D30: =D$32*$B12/$B$14 -> 334.38124 | E30: =E$32*$B12/$B$14 -> 338.58197 | F30: =F$32*$B12/$B$14 -> 342.66054 | G30: =G$32*$B12/$B$14 -> 346.61619 | H30: =H$32*$B12/$B$14 -> 350.44837 | I30: =I$32*$B12/$B$14 -> 354.15675 | ... AR30: =AR$32*$B12/$B$14 -> 425.83379
A31: hydrogen(万tce) | B31: =B$32*$B13/$B$14 -> 0 | C31: =C$32*$B13/$B$14 -> 0 | D31: =D$32*$B13/$B$14 -> 0 | E31: =E$32*$B13/$B$14 -> 0 | F31: =F$32*$B13/$B$14 -> 0 | G31: =G$32*$B13/$B$14 -> 0 | H31: =H$32*$B13/$B$14 -> 0 | I31: =I$32*$B13/$B$14 -> 0 | ... AR31: =AR$32*$B13/$B$14 -> 0
A32: total | B32: =BAU建筑总能耗计算!B6*$B$16 -> 9051.9024 | C32: =BAU建筑总能耗计算!C6*$B$16 -> 8987.6339 | D32: =BAU建筑总能耗计算!D6*$B$16 -> 9207.5321 | E32: =BAU建筑总能耗计算!E6*$B$16 -> 9323.2037 | F32: =BAU建筑总能耗计算!F6*$B$16 -> 9435.5113 | G32: =BAU建筑总能耗计算!G6*$B$16 -> 9544.4342 | H32: =BAU建筑总能耗计算!H6*$B$16 -> 9649.9571 | I32: =BAU建筑总能耗计算!I6*$B$16 -> 9752.0711 | ... AR32: =BAU建筑总能耗计算!AR6*$B$16 -> 11725.773
A34: urban-residential-cooling | B34: 2018 | C34: 2019 | D34: 2020 | E34: 2021 | F34: 2022 | G34: 2023 | H34: 2024 | I34: 2025 | J34: 2026 | K34: 2027 | L34: 2028 | M34: 2029 | N34: 2030 | O34: 2031 | P34: 2032 | Q34: 2033 | R34: 2034 | S34: 2035 | T34: 2036 | U34: 2037 | V34: 2038 | W34: 2039 | X34: 2040 | Y34: 2041 | Z34: 2042 | AA34: 2043 | AB34: 2044 | AC34: 2045 | AD34: 2046 | AE34: 2047 | AF34: 2048 | AG34: 2049 | AH34: 2050 | AI34: 2051 | AJ34: 2052 | AK34: 2053 | AL34: 2054 | AM34: 2055 | AN34: 2056 | AO34: 2057 | AP34: 2058 | AQ34: 2059 | AR34: 2060
A35: electricity (万tce) | B35: =B$45*$C4/$C$14 -> 1385.8928 | C35: =C$45*$C4/$C$14 -> 1414.5184 | D35: =D$45*$C4/$C$14 -> 1452.3075 | E35: =E$45*$C4/$C$14 -> 1471.6535 | F35: =F$45*$C4/$C$14 -> 1490.5319 | G35: =G$45*$C4/$C$14 -> 1508.9324 | H35: =H$45*$C4/$C$14 -> 1526.8455 | I35: =I$45*$C4/$C$14 -> 1544.2629 | ... AR35: =AR$45*$C4/$C$14 -> 1898.8287
A36: coal (万tce) | B36: =B$45*$C5/$C$14 -> 0 | C36: =C$45*$C5/$C$14 -> 0 | D36: =D$45*$C5/$C$14 -> 0 | E36: =E$45*$C5/$C$14 -> 0 | F36: =F$45*$C5/$C$14 -> 0 | G36: =G$45*$C5/$C$14 -> 0 | H36: =H$45*$C5/$C$14 -> 0 | I36: =I$45*$C5/$C$14 -> 0 | ... AR36: =AR$45*$C5/$C$14 -> 0
A37: natural gas (万tce) | B37: =B$45*$C6/$C$14 -> 0 | C37: =C$45*$C6/$C$14 -> 0 | D37: =D$45*$C6/$C$14 -> 0 | E37: =E$45*$C6/$C$14 -> 0 | F37: =F$45*$C6/$C$14 -> 0 | G37: =G$45*$C6/$C$14 -> 0 | H37: =H$45*$C6/$C$14 -> 0 | I37: =I$45*$C6/$C$14 -> 0 | ... AR37: =AR$45*$C6/$C$14 -> 0
A38: petroleum diesel (万tce) | B38: =B$45*$C7/$C$14 -> 0 | C38: =C$45*$C7/$C$14 -> 0 | D38: =D$45*$C7/$C$14 -> 0 | E38: =E$45*$C7/$C$14 -> 0 | F38: =F$45*$C7/$C$14 -> 0 | G38: =G$45*$C7/$C$14 -> 0 | H38: =H$45*$C7/$C$14 -> 0 | I38: =I$45*$C7/$C$14 -> 0 | ... AR38: =AR$45*$C7/$C$14 -> 0
A39: heat (万tce) | B39: =B$45*$C8/$C$14 -> 0 | C39: =C$45*$C8/$C$14 -> 0 | D39: =D$45*$C8/$C$14 -> 0 | E39: =E$45*$C8/$C$14 -> 0 | F39: =F$45*$C8/$C$14 -> 0 | G39: =G$45*$C8/$C$14 -> 0 | H39: =H$45*$C8/$C$14 -> 0 | I39: =I$45*$C8/$C$14 -> 0 | ... AR39: =AR$45*$C8/$C$14 -> 0
A40: biomass (万tce) | B40: =B$45*$C9/$C$14 -> 0 | C40: =C$45*$C9/$C$14 -> 0 | D40: =D$45*$C9/$C$14 -> 0 | E40: =E$45*$C9/$C$14 -> 0 | F40: =F$45*$C9/$C$14 -> 0 | G40: =G$45*$C9/$C$14 -> 0 | H40: =H$45*$C9/$C$14 -> 0 | I40: =I$45*$C9/$C$14 -> 0 | ... AR40: =AR$45*$C9/$C$14 -> 0
A41: kerosene (万tce) | B41: =B$45*$C10/$C$14 -> 0 | C41: =C$45*$C10/$C$14 -> 0 | D41: =D$45*$C10/$C$14 -> 0 | E41: =E$45*$C10/$C$14 -> 0 | F41: =F$45*$C10/$C$14 -> 0 | G41: =G$45*$C10/$C$14 -> 0 | H41: =H$45*$C10/$C$14 -> 0 | I41: =I$45*$C10/$C$14 -> 0 | ... AR41: =AR$45*$C10/$C$14 -> 0
A42: heavy or residual fuel oil (万tce) | B42: =B$45*$C11/$C$14 -> 0 | C42: =C$45*$C11/$C$14 -> 0 | D42: =D$45*$C11/$C$14 -> 0 | E42: =E$45*$C11/$C$14 -> 0 | F42: =F$45*$C11/$C$14 -> 0 | G42: =G$45*$C11/$C$14 -> 0 | H42: =H$45*$C11/$C$14 -> 0 | I42: =I$45*$C11/$C$14 -> 0 | ... AR42: =AR$45*$C11/$C$14 -> 0
A43: LPG propane or butane (万tce) | B43: =B$45*$C12/$C$14 -> 0 | C43: =C$45*$C12/$C$14 -> 0 | D43: =D$45*$C12/$C$14 -> 0 | E43: =E$45*$C12/$C$14 -> 0 | F43: =F$45*$C12/$C$14 -> 0 | G43: =G$45*$C12/$C$14 -> 0 | H43: =H$45*$C12/$C$14 -> 0 | I43: =I$45*$C12/$C$14 -> 0 | ... AR43: =AR$45*$C12/$C$14 -> 0
A44: hydrogen(万tce) | B44: =B$45*$C13/$C$14 -> 0 | C44: =C$45*$C13/$C$14 -> 0 | D44: =D$45*$C13/$C$14 -> 0 | E44: =E$45*$C13/$C$14 -> 0 | F44: =F$45*$C13/$C$14 -> 0 | G44: =G$45*$C13/$C$14 -> 0 | H44: =H$45*$C13/$C$14 -> 0 | I44: =I$45*$C13/$C$14 -> 0 | ... AR44: =AR$45*$C13/$C$14 -> 0
A45: total | B45: =BAU建筑总能耗计算!B$4*$C$16 -> 1385.8928 | C45: =BAU建筑总能耗计算!C$4*$C$16 -> 1414.5184 | D45: =BAU建筑总能耗计算!D$4*$C$16 -> 1452.3075 | E45: =BAU建筑总能耗计算!E$4*$C$16 -> 1471.6535 | F45: =BAU建筑总能耗计算!F$4*$C$16 -> 1490.5319 | G45: =BAU建筑总能耗计算!G$4*$C$16 -> 1508.9324 | H45: =BAU建筑总能耗计算!H$4*$C$16 -> 1526.8455 | I45: =BAU建筑总能耗计算!I$4*$C$16 -> 1544.2629 | ... AR45: =BAU建筑总能耗计算!AR$4*$C$16 -> 1898.8287
A47: urban-residential-envelope | B47: 2018 | C47: 2019 | D47: 2020 | E47: 2021 | F47: 2022 | G47: 2023 | H47: 2024 | I47: 2025 | J47: 2026 | K47: 2027 | L47: 2028 | M47: 2029 | N47: 2030 | O47: 2031 | P47: 2032 | Q47: 2033 | R47: 2034 | S47: 2035 | T47: 2036 | U47: 2037 | V47: 2038 | W47: 2039 | X47: 2040 | Y47: 2041 | Z47: 2042 | AA47: 2043 | AB47: 2044 | AC47: 2045 | AD47: 2046 | AE47: 2047 | AF47: 2048 | AG47: 2049 | AH47: 2050 | AI47: 2051 | AJ47: 2052 | AK47: 2053 | AL47: 2054 | AM47: 2055 | AN47: 2056 | AO47: 2057 | AP47: 2058 | AQ47: 2059 | AR47: 2060
A48: electricity (万tce) | B48: =IFERROR(B$58*$D4/D$14,0) -> 0 | C48: =IFERROR(C$58*$D4/E$14,0) -> 0 | D48: =IFERROR(D$58*$D4/F$14,0) -> 0 | E48: =IFERROR(E$58*$D4/G$14,0) -> 0 | F48: =IFERROR(F$58*$D4/H$14,0) -> 0 | G48: =IFERROR(G$58*$D4/I$14,0) -> 0 | H48: =IFERROR(H$58*$D4/J$14,0) -> 0 | I48: =IFERROR(I$58*$D4/K$14,0) -> 0 | ... AR48: =IFERROR(AR$58*$D4/AT$14,0) -> 0
A49: coal (万tce) | B49: =IFERROR(B$58*$D5/D$14,0) -> 0 | C49: =IFERROR(C$58*$D5/E$14,0) -> 0 | D49: =IFERROR(D$58*$D5/F$14,0) -> 0 | E49: =IFERROR(E$58*$D5/G$14,0) -> 0 | F49: =IFERROR(F$58*$D5/H$14,0) -> 0 | G49: =IFERROR(G$58*$D5/I$14,0) -> 0 | H49: =IFERROR(H$58*$D5/J$14,0) -> 0 | I49: =IFERROR(I$58*$D5/K$14,0) -> 0 | ... AR49: =IFERROR(AR$58*$D5/AT$14,0) -> 0
A50: natural gas (万tce) | B50: =IFERROR(B$58*$D6/D$14,0) -> 0 | C50: =IFERROR(C$58*$D6/E$14,0) -> 0 | D50: =IFERROR(D$58*$D6/F$14,0) -> 0 | E50: =IFERROR(E$58*$D6/G$14,0) -> 0 | F50: =IFERROR(F$58*$D6/H$14,0) -> 0 | G50: =IFERROR(G$58*$D6/I$14,0) -> 0 | H50: =IFERROR(H$58*$D6/J$14,0) -> 0 | I50: =IFERROR(I$58*$D6/K$14,0) -> 0 | ... AR50: =IFERROR(AR$58*$D6/AT$14,0) -> 0
A51: petroleum diesel (万tce) | B51: =IFERROR(B$58*$D7/D$14,0) -> 0 | C51: =IFERROR(C$58*$D7/E$14,0) -> 0 | D51: =IFERROR(D$58*$D7/F$14,0) -> 0 | E51: =IFERROR(E$58*$D7/G$14,0) -> 0 | F51: =IFERROR(F$58*$D7/H$14,0) -> 0 | G51: =IFERROR(G$58*$D7/I$14,0) -> 0 | H51: =IFERROR(H$58*$D7/J$14,0) -> 0 | I51: =IFERROR(I$58*$D7/K$14,0) -> 0 | ... AR51: =IFERROR(AR$58*$D7/AT$14,0) -> 0
A52: heat (万tce) | B52: =IFERROR(B$58*$D8/D$14,0) -> 0 | C52: =IFERROR(C$58*$D8/E$14,0) -> 0 | D52: =IFERROR(D$58*$D8/F$14,0) -> 0 | E52: =IFERROR(E$58*$D8/G$14,0) -> 0 | F52: =IFERROR(F$58*$D8/H$14,0) -> 0 | G52: =IFERROR(G$58*$D8/I$14,0) -> 0 | H52: =IFERROR(H$58*$D8/J$14,0) -> 0 | I52: =IFERROR(I$58*$D8/K$14,0) -> 0 | ... AR52: =IFERROR(AR$58*$D8/AT$14,0) -> 0
A53: biomass (万tce) | B53: =IFERROR(B$58*$D9/D$14,0) -> 0 | C53: =IFERROR(C$58*$D9/E$14,0) -> 0 | D53: =IFERROR(D$58*$D9/F$14,0) -> 0 | E53: =IFERROR(E$58*$D9/G$14,0) -> 0 | F53: =IFERROR(F$58*$D9/H$14,0) -> 0 | G53: =IFERROR(G$58*$D9/I$14,0) -> 0 | H53: =IFERROR(H$58*$D9/J$14,0) -> 0 | I53: =IFERROR(I$58*$D9/K$14,0) -> 0 | ... AR53: =IFERROR(AR$58*$D9/AT$14,0) -> 0
A54: kerosene (万tce) | B54: =IFERROR(B$58*$D10/D$14,0) -> 0 | C54: =IFERROR(C$58*$D10/E$14,0) -> 0 | D54: =IFERROR(D$58*$D10/F$14,0) -> 0 | E54: =IFERROR(E$58*$D10/G$14,0) -> 0 | F54: =IFERROR(F$58*$D10/H$14,0) -> 0 | G54: =IFERROR(G$58*$D10/I$14,0) -> 0 | H54: =IFERROR(H$58*$D10/J$14,0) -> 0 | I54: =IFERROR(I$58*$D10/K$14,0) -> 0 | ... AR54: =IFERROR(AR$58*$D10/AT$14,0) -> 0
A55: heavy or residual fuel oil (万tce) | B55: =IFERROR(B$58*$D11/D$14,0) -> 0 | C55: =IFERROR(C$58*$D11/E$14,0) -> 0 | D55: =IFERROR(D$58*$D11/F$14,0) -> 0 | E55: =IFERROR(E$58*$D11/G$14,0) -> 0 | F55: =IFERROR(F$58*$D11/H$14,0) -> 0 | G55: =IFERROR(G$58*$D11/I$14,0) -> 0 | H55: =IFERROR(H$58*$D11/J$14,0) -> 0 | I55: =IFERROR(I$58*$D11/K$14,0) -> 0 | ... AR55: =IFERROR(AR$58*$D11/AT$14,0) -> 0
A56: LPG propane or butane (万tce) | B56: =IFERROR(B$58*$D12/D$14,0) -> 0 | C56: =IFERROR(C$58*$D12/E$14,0) -> 0 | D56: =IFERROR(D$58*$D12/F$14,0) -> 0 | E56: =IFERROR(E$58*$D12/G$14,0) -> 0 | F56: =IFERROR(F$58*$D12/H$14,0) -> 0 | G56: =IFERROR(G$58*$D12/I$14,0) -> 0 | H56: =IFERROR(H$58*$D12/J$14,0) -> 0 | I56: =IFERROR(I$58*$D12/K$14,0) -> 0 | ... AR56: =IFERROR(AR$58*$D12/AT$14,0) -> 0
A57: hydrogen(万tce) | B57: =IFERROR(B$58*$D13/D$14,0) -> 0 | C57: =IFERROR(C$58*$D13/E$14,0) -> 0 | D57: =IFERROR(D$58*$D13/F$14,0) -> 0 | E57: =IFERROR(E$58*$D13/G$14,0) -> 0 | F57: =IFERROR(F$58*$D13/H$14,0) -> 0 | G57: =IFERROR(G$58*$D13/I$14,0) -> 0 | H57: =IFERROR(H$58*$D13/J$14,0) -> 0 | I57: =IFERROR(I$58*$D13/K$14,0) -> 0 | ... AR57: =IFERROR(AR$58*$D13/AT$14,0) -> 0
A58: total | B58: =BAU建筑总能耗计算!B$4*$D$16 -> 0 | C58: =BAU建筑总能耗计算!C$4*$D$16 -> 0 | D58: =BAU建筑总能耗计算!D$4*$D$16 -> 0 | E58: =BAU建筑总能耗计算!E$4*$D$16 -> 0 | F58: =BAU建筑总能耗计算!F$4*$D$16 -> 0 | G58: =BAU建筑总能耗计算!G$4*$D$16 -> 0 | H58: =BAU建筑总能耗计算!H$4*$D$16 -> 0 | I58: =BAU建筑总能耗计算!I$4*$D$16 -> 0 | ... AR58: =BAU建筑总能耗计算!AR$4*$D$16 -> 0
A60: urban-residential-lighting | B60: 2018 | C60: 2019 | D60: 2020 | E60: 2021 | F60: 2022 | G60: 2023 | H60: 2024 | I60: 2025 | J60: 2026 | K60: 2027 | L60: 2028 | M60: 2029 | N60: 2030 | O60: 2031 | P60: 2032 | Q60: 2033 | R60: 2034 | S60: 2035 | T60: 2036 | U60: 2037 | V60: 2038 | W60: 2039 | X60: 2040 | Y60: 2041 | Z60: 2042 | AA60: 2043 | AB60: 2044 | AC60: 2045 | AD60: 2046 | AE60: 2047 | AF60: 2048 | AG60: 2049 | AH60: 2050 | AI60: 2051 | AJ60: 2052 | AK60: 2053 | AL60: 2054 | AM60: 2055 | AN60: 2056 | AO60: 2057 | AP60: 2058 | AQ60: 2059 | AR60: 2060
A61: electricity (万tce) | B61: =B$71*$E4/$E$14 -> 1002.5608 | C61: =C$71*$E4/$E$14 -> 1023.2686 | D61: =D$71*$E4/$E$14 -> 1050.6054 | E61: =E$71*$E4/$E$14 -> 1064.6004 | F61: =F$71*$E4/$E$14 -> 1078.2571 | G61: =G$71*$E4/$E$14 -> 1091.5681 | H61: =H$71*$E4/$E$14 -> 1104.5265 | I61: =I$71*$E4/$E$14 -> 1117.1264 | ... AR61: =AR$71*$E4/$E$14 -> 1373.6208
A62: coal (万tce) | B62: =B$71*$E5/$E$14 -> 0 | C62: =C$71*$E5/$E$14 -> 0 | D62: =D$71*$E5/$E$14 -> 0 | E62: =E$71*$E5/$E$14 -> 0 | F62: =F$71*$E5/$E$14 -> 0 | G62: =G$71*$E5/$E$14 -> 0 | H62: =H$71*$E5/$E$14 -> 0 | I62: =I$71*$E5/$E$14 -> 0 | ... AR62: =AR$71*$E5/$E$14 -> 0
A63: natural gas (万tce) | B63: =B$71*$E6/$E$14 -> 0 | C63: =C$71*$E6/$E$14 -> 0 | D63: =D$71*$E6/$E$14 -> 0 | E63: =E$71*$E6/$E$14 -> 0 | F63: =F$71*$E6/$E$14 -> 0 | G63: =G$71*$E6/$E$14 -> 0 | H63: =H$71*$E6/$E$14 -> 0 | I63: =I$71*$E6/$E$14 -> 0 | ... AR63: =AR$71*$E6/$E$14 -> 0
A64: petroleum diesel (万tce) | B64: =B$71*$E7/$E$14 -> 0 | C64: =C$71*$E7/$E$14 -> 0 | D64: =D$71*$E7/$E$14 -> 0 | E64: =E$71*$E7/$E$14 -> 0 | F64: =F$71*$E7/$E$14 -> 0 | G64: =G$71*$E7/$E$14 -> 0 | H64: =H$71*$E7/$E$14 -> 0 | I64: =I$71*$E7/$E$14 -> 0 | ... AR64: =AR$71*$E7/$E$14 -> 0
A65: heat (万tce) | B65: =B$71*$E8/$E$14 -> 0 | C65: =C$71*$E8/$E$14 -> 0 | D65: =D$71*$E8/$E$14 -> 0 | E65: =E$71*$E8/$E$14 -> 0 | F65: =F$71*$E8/$E$14 -> 0 | G65: =G$71*$E8/$E$14 -> 0 | H65: =H$71*$E8/$E$14 -> 0 | I65: =I$71*$E8/$E$14 -> 0 | ... AR65: =AR$71*$E8/$E$14 -> 0
A66: biomass (万tce) | B66: =B$71*$E9/$E$14 -> 0 | C66: =C$71*$E9/$E$14 -> 0 | D66: =D$71*$E9/$E$14 -> 0 | E66: =E$71*$E9/$E$14 -> 0 | F66: =F$71*$E9/$E$14 -> 0 | G66: =G$71*$E9/$E$14 -> 0 | H66: =H$71*$E9/$E$14 -> 0 | I66: =I$71*$E9/$E$14 -> 0 | ... AR66: =AR$71*$E9/$E$14 -> 0
A67: kerosene (万tce) | B67: =B$71*$E10/$E$14 -> 0 | C67: =C$71*$E10/$E$14 -> 0 | D67: =D$71*$E10/$E$14 -> 0 | E67: =E$71*$E10/$E$14 -> 0 | F67: =F$71*$E10/$E$14 -> 0 | G67: =G$71*$E10/$E$14 -> 0 | H67: =H$71*$E10/$E$14 -> 0 | I67: =I$71*$E10/$E$14 -> 0 | ... AR67: =AR$71*$E10/$E$14 -> 0
A68: heavy or residual fuel oil (万tce) | B68: =B$71*$E11/$E$14 -> 0 | C68: =C$71*$E11/$E$14 -> 0 | D68: =D$71*$E11/$E$14 -> 0 | E68: =E$71*$E11/$E$14 -> 0 | F68: =F$71*$E11/$E$14 -> 0 | G68: =G$71*$E11/$E$14 -> 0 | H68: =H$71*$E11/$E$14 -> 0 | I68: =I$71*$E11/$E$14 -> 0 | ... AR68: =AR$71*$E11/$E$14 -> 0
A69: LPG propane or butane (万tce) | B69: =B$71*$E12/$E$14 -> 0 | C69: =C$71*$E12/$E$14 -> 0 | D69: =D$71*$E12/$E$14 -> 0 | E69: =E$71*$E12/$E$14 -> 0 | F69: =F$71*$E12/$E$14 -> 0 | G69: =G$71*$E12/$E$14 -> 0 | H69: =H$71*$E12/$E$14 -> 0 | I69: =I$71*$E12/$E$14 -> 0 | ... AR69: =AR$71*$E12/$E$14 -> 0
A70: hydrogen(万tce) | B70: =B$71*$E13/$E$14 -> 0 | C70: =C$71*$E13/$E$14 -> 0 | D70: =D$71*$E13/$E$14 -> 0 | E70: =E$71*$E13/$E$14 -> 0 | F70: =F$71*$E13/$E$14 -> 0 | G70: =G$71*$E13/$E$14 -> 0 | H70: =H$71*$E13/$E$14 -> 0 | I70: =I$71*$E13/$E$14 -> 0 | ... AR70: =AR$71*$E13/$E$14 -> 0
A71: total | B71: =BAU建筑总能耗计算!B$4*$E$16 -> 1002.5608 | C71: =BAU建筑总能耗计算!C$4*$E$16 -> 1023.2686 | D71: =BAU建筑总能耗计算!D$4*$E$16 -> 1050.6054 | E71: =BAU建筑总能耗计算!E$4*$E$16 -> 1064.6004 | F71: =BAU建筑总能耗计算!F$4*$E$16 -> 1078.2571 | G71: =BAU建筑总能耗计算!G$4*$E$16 -> 1091.5681 | H71: =BAU建筑总能耗计算!H$4*$E$16 -> 1104.5265 | I71: =BAU建筑总能耗计算!I$4*$E$16 -> 1117.1264 | ... AR71: =BAU建筑总能耗计算!AR$4*$E$16 -> 1373.6208
A73: urban-residential-appl | B73: 2018 | C73: 2019 | D73: 2020 | E73: 2021 | F73: 2022 | G73: 2023 | H73: 2024 | I73: 2025 | J73: 2026 | K73: 2027 | L73: 2028 | M73: 2029 | N73: 2030 | O73: 2031 | P73: 2032 | Q73: 2033 | R73: 2034 | S73: 2035 | T73: 2036 | U73: 2037 | V73: 2038 | W73: 2039 | X73: 2040 | Y73: 2041 | Z73: 2042 | AA73: 2043 | AB73: 2044 | AC73: 2045 | AD73: 2046 | AE73: 2047 | AF73: 2048 | AG73: 2049 | AH73: 2050 | AI73: 2051 | AJ73: 2052 | AK73: 2053 | AL73: 2054 | AM73: 2055 | AN73: 2056 | AO73: 2057 | AP73: 2058 | AQ73: 2059 | AR73: 2060
A74: electricity (万tce) | B74: =B$84*$F4/$F$14 -> 4010.2431 | C74: =C$84*$F4/$F$14 -> 4093.0744 | D74: =D$84*$F4/$F$14 -> 4202.4217 | E74: =E$84*$F4/$F$14 -> 4258.4015 | F74: =F$84*$F4/$F$14 -> 4313.0285 | G74: =G$84*$F4/$F$14 -> 4366.2724 | H74: =H$84*$F4/$F$14 -> 4418.1061 | I74: =I$84*$F4/$F$14 -> 4468.5054 | ... AR74: =AR$84*$F4/$F$14 -> 5494.4831
A75: coal (万tce) | B75: =B$84*$F5/$F$14 -> 0 | C75: =C$84*$F5/$F$14 -> 0 | D75: =D$84*$F5/$F$14 -> 0 | E75: =E$84*$F5/$F$14 -> 0 | F75: =F$84*$F5/$F$14 -> 0 | G75: =G$84*$F5/$F$14 -> 0 | H75: =H$84*$F5/$F$14 -> 0 | I75: =I$84*$F5/$F$14 -> 0 | ... AR75: =AR$84*$F5/$F$14 -> 0
A76: natural gas (万tce) | B76: =B$84*$F6/$F$14 -> 0 | C76: =C$84*$F6/$F$14 -> 0 | D76: =D$84*$F6/$F$14 -> 0 | E76: =E$84*$F6/$F$14 -> 0 | F76: =F$84*$F6/$F$14 -> 0 | G76: =G$84*$F6/$F$14 -> 0 | H76: =H$84*$F6/$F$14 -> 0 | I76: =I$84*$F6/$F$14 -> 0 | ... AR76: =AR$84*$F6/$F$14 -> 0
A77: petroleum diesel (万tce) | B77: =B$84*$F7/$F$14 -> 0 | C77: =C$84*$F7/$F$14 -> 0 | D77: =D$84*$F7/$F$14 -> 0 | E77: =E$84*$F7/$F$14 -> 0 | F77: =F$84*$F7/$F$14 -> 0 | G77: =G$84*$F7/$F$14 -> 0 | H77: =H$84*$F7/$F$14 -> 0 | I77: =I$84*$F7/$F$14 -> 0 | ... AR77: =AR$84*$F7/$F$14 -> 0
A78: heat (万tce) | B78: =B$84*$F8/$F$14 -> 0 | C78: =C$84*$F8/$F$14 -> 0 | D78: =D$84*$F8/$F$14 -> 0 | E78: =E$84*$F8/$F$14 -> 0 | F78: =F$84*$F8/$F$14 -> 0 | G78: =G$84*$F8/$F$14 -> 0 | H78: =H$84*$F8/$F$14 -> 0 | I78: =I$84*$F8/$F$14 -> 0 | ... AR78: =AR$84*$F8/$F$14 -> 0
A79: biomass (万tce) | B79: =B$84*$F9/$F$14 -> 0 | C79: =C$84*$F9/$F$14 -> 0 | D79: =D$84*$F9/$F$14 -> 0 | E79: =E$84*$F9/$F$14 -> 0 | F79: =F$84*$F9/$F$14 -> 0 | G79: =G$84*$F9/$F$14 -> 0 | H79: =H$84*$F9/$F$14 -> 0 | I79: =I$84*$F9/$F$14 -> 0 | ... AR79: =AR$84*$F9/$F$14 -> 0
A80: kerosene (万tce) | B80: =B$84*$F10/$F$14 -> 0 | C80: =C$84*$F10/$F$14 -> 0 | D80: =D$84*$F10/$F$14 -> 0 | E80: =E$84*$F10/$F$14 -> 0 | F80: =F$84*$F10/$F$14 -> 0 | G80: =G$84*$F10/$F$14 -> 0 | H80: =H$84*$F10/$F$14 -> 0 | I80: =I$84*$F10/$F$14 -> 0 | ... AR80: =AR$84*$F10/$F$14 -> 0
A81: heavy or residual fuel oil (万tce) | B81: =B$84*$F11/$F$14 -> 0 | C81: =C$84*$F11/$F$14 -> 0 | D81: =D$84*$F11/$F$14 -> 0 | E81: =E$84*$F11/$F$14 -> 0 | F81: =F$84*$F11/$F$14 -> 0 | G81: =G$84*$F11/$F$14 -> 0 | H81: =H$84*$F11/$F$14 -> 0 | I81: =I$84*$F11/$F$14 -> 0 | ... AR81: =AR$84*$F11/$F$14 -> 0
A82: LPG propane or butane (万tce) | B82: =B$84*$F12/$F$14 -> 0 | C82: =C$84*$F12/$F$14 -> 0 | D82: =D$84*$F12/$F$14 -> 0 | E82: =E$84*$F12/$F$14 -> 0 | F82: =F$84*$F12/$F$14 -> 0 | G82: =G$84*$F12/$F$14 -> 0 | H82: =H$84*$F12/$F$14 -> 0 | I82: =I$84*$F12/$F$14 -> 0 | ... AR82: =AR$84*$F12/$F$14 -> 0
A83: hydrogen(万tce) | B83: =B$84*$F13/$F$14 -> 0 | C83: =C$84*$F13/$F$14 -> 0 | D83: =D$84*$F13/$F$14 -> 0 | E83: =E$84*$F13/$F$14 -> 0 | F83: =F$84*$F13/$F$14 -> 0 | G83: =G$84*$F13/$F$14 -> 0 | H83: =H$84*$F13/$F$14 -> 0 | I83: =I$84*$F13/$F$14 -> 0 | ... AR83: =AR$84*$F13/$F$14 -> 0
A84: total | B84: =BAU建筑总能耗计算!B$4*$F$16 -> 4010.2431 | C84: =BAU建筑总能耗计算!C$4*$F$16 -> 4093.0744 | D84: =BAU建筑总能耗计算!D$4*$F$16 -> 4202.4217 | E84: =BAU建筑总能耗计算!E$4*$F$16 -> 4258.4015 | F84: =BAU建筑总能耗计算!F$4*$F$16 -> 4313.0285 | G84: =BAU建筑总能耗计算!G$4*$F$16 -> 4366.2724 | H84: =BAU建筑总能耗计算!H$4*$F$16 -> 4418.1061 | I84: =BAU建筑总能耗计算!I$4*$F$16 -> 4468.5054 | ... AR84: =BAU建筑总能耗计算!AR$4*$F$16 -> 5494.4831
A86: urban-residential-other | B86: 2018 | C86: 2019 | D86: 2020 | E86: 2021 | F86: 2022 | G86: 2023 | H86: 2024 | I86: 2025 | J86: 2026 | K86: 2027 | L86: 2028 | M86: 2029 | N86: 2030 | O86: 2031 | P86: 2032 | Q86: 2033 | R86: 2034 | S86: 2035 | T86: 2036 | U86: 2037 | V86: 2038 | W86: 2039 | X86: 2040 | Y86: 2041 | Z86: 2042 | AA86: 2043 | AB86: 2044 | AC86: 2045 | AD86: 2046 | AE86: 2047 | AF86: 2048 | AG86: 2049 | AH86: 2050 | AI86: 2051 | AJ86: 2052 | AK86: 2053 | AL86: 2054 | AM86: 2055 | AN86: 2056 | AO86: 2057 | AP86: 2058 | AQ86: 2059 | AR86: 2060
A87: electricity (万tce) | B87: =B$97*$G4/$G$14 -> 2516.231 | C87: =C$97*$G4/$G$14 -> 2568.2036 | D87: =D$97*$G4/$G$14 -> 2636.8136 | E87: =E$97*$G4/$G$14 -> 2671.9382 | F87: =F$97*$G4/$G$14 -> 2706.214 | G87: =G$97*$G4/$G$14 -> 2739.6219 | H87: =H$97*$G4/$G$14 -> 2772.145 | I87: =I$97*$G4/$G$14 -> 2803.7681 | ... AR87: =AR$97*$G4/$G$14 -> 3447.5188
A88: coal (万tce) | B88: =B$97*$G5/$G$14 -> 77.28288 | C88: =C$97*$G5/$G$14 -> 78.879152 | D88: =D$97*$G5/$G$14 -> 80.986424 | E88: =E$97*$G5/$G$14 -> 82.065233 | F88: =F$97*$G5/$G$14 -> 83.117969 | G88: =G$97*$G5/$G$14 -> 84.144053 | H88: =H$97*$G5/$G$14 -> 85.142958 | I88: =I$97*$G5/$G$14 -> 86.114222 | ... AR88: =AR$97*$G5/$G$14 -> 105.88622
A89: natural gas (万tce) | B89: =B$97*$G6/$G$14 -> 3994.4098 | C89: =C$97*$G6/$G$14 -> 4076.914 | D89: =D$97*$G6/$G$14 -> 4185.8295 | E89: =E$97*$G6/$G$14 -> 4241.5884 | F89: =F$97*$G6/$G$14 -> 4295.9997 | G89: =G$97*$G6/$G$14 -> 4349.0334 | H89: =H$97*$G6/$G$14 -> 4400.6624 | I89: =I$97*$G6/$G$14 -> 4450.8627 | ... AR89: =AR$97*$G6/$G$14 -> 5472.7897
A90: petroleum diesel (万tce) | B90: =B$97*$G7/$G$14 -> 0 | C90: =C$97*$G7/$G$14 -> 0 | D90: =D$97*$G7/$G$14 -> 0 | E90: =E$97*$G7/$G$14 -> 0 | F90: =F$97*$G7/$G$14 -> 0 | G90: =G$97*$G7/$G$14 -> 0 | H90: =H$97*$G7/$G$14 -> 0 | I90: =I$97*$G7/$G$14 -> 0 | ... AR90: =AR$97*$G7/$G$14 -> 0
A91: heat (万tce) | B91: =B$97*$G8/$G$14 -> 0 | C91: =C$97*$G8/$G$14 -> 0 | D91: =D$97*$G8/$G$14 -> 0 | E91: =E$97*$G8/$G$14 -> 0 | F91: =F$97*$G8/$G$14 -> 0 | G91: =G$97*$G8/$G$14 -> 0 | H91: =H$97*$G8/$G$14 -> 0 | I91: =I$97*$G8/$G$14 -> 0 | ... AR91: =AR$97*$G8/$G$14 -> 0
A92: biomass (万tce) | B92: =B$97*$G9/$G$14 -> 51.8491 | C92: =C$97*$G9/$G$14 -> 52.920039 | D92: =D$97*$G9/$G$14 -> 54.333808 | E92: =E$97*$G9/$G$14 -> 55.057581 | F92: =F$97*$G9/$G$14 -> 55.763862 | G92: =G$97*$G9/$G$14 -> 56.452262 | H92: =H$97*$G9/$G$14 -> 57.122428 | I92: =I$97*$G9/$G$14 -> 57.774049 | ... AR92: =AR$97*$G9/$G$14 -> 71.039086
A93: kerosene (万tce) | B93: =B$97*$G10/$G$14 -> 0 | C93: =C$97*$G10/$G$14 -> 0 | D93: =D$97*$G10/$G$14 -> 0 | E93: =E$97*$G10/$G$14 -> 0 | F93: =F$97*$G10/$G$14 -> 0 | G93: =G$97*$G10/$G$14 -> 0 | H93: =H$97*$G10/$G$14 -> 0 | I93: =I$97*$G10/$G$14 -> 0 | ... AR93: =AR$97*$G10/$G$14 -> 0
A94: heavy or residual fuel oil (万tce) | B94: =B$97*$G11/$G$14 -> 0 | C94: =C$97*$G11/$G$14 -> 0 | D94: =D$97*$G11/$G$14 -> 0 | E94: =E$97*$G11/$G$14 -> 0 | F94: =F$97*$G11/$G$14 -> 0 | G94: =G$97*$G11/$G$14 -> 0 | H94: =H$97*$G11/$G$14 -> 0 | I94: =I$97*$G11/$G$14 -> 0 | ... AR94: =AR$97*$G11/$G$14 -> 0
A95: LPG propane or butane (万tce) | B95: =B$97*$G12/$G$14 -> 2252.822 | C95: =C$97*$G12/$G$14 -> 2299.3539 | D95: =D$97*$G12/$G$14 -> 2360.7816 | E95: =E$97*$G12/$G$14 -> 2392.2292 | F95: =F$97*$G12/$G$14 -> 2422.9169 | G95: =G$97*$G12/$G$14 -> 2452.8275 | H95: =H$97*$G12/$G$14 -> 2481.946 | I95: =I$97*$G12/$G$14 -> 2510.2586 | ... AR95: =AR$97*$G12/$G$14 -> 3086.619
A96: hydrogen(万tce) | B96: =B$97*$G13/$G$14 -> 0 | C96: =C$97*$G13/$G$14 -> 0 | D96: =D$97*$G13/$G$14 -> 0 | E96: =E$97*$G13/$G$14 -> 0 | F96: =F$97*$G13/$G$14 -> 0 | G96: =G$97*$G13/$G$14 -> 0 | H96: =H$97*$G13/$G$14 -> 0 | I96: =I$97*$G13/$G$14 -> 0 | ... AR96: =AR$97*$G13/$G$14 -> 0
A97: total | B97: =BAU建筑总能耗计算!B$4*$G$16 -> 8892.5947 | C97: =BAU建筑总能耗计算!C$4*$G$16 -> 9076.2707 | D97: =BAU建筑总能耗计算!D$4*$G$16 -> 9318.745 | E97: =BAU建筑总能耗计算!E$4*$G$16 -> 9442.8787 | F97: =BAU建筑总能耗计算!F$4*$G$16 -> 9564.0124 | G97: =BAU建筑总能耗计算!G$4*$G$16 -> 9682.0792 | H97: =BAU建筑总能耗计算!H$4*$G$16 -> 9797.0187 | I97: =BAU建筑总能耗计算!I$4*$G$16 -> 9908.7777 | ... AR97: =BAU建筑总能耗计算!AR$4*$G$16 -> 12183.853
A99: rural-residential-heating | B99: 2018 | C99: 2019 | D99: 2020 | E99: 2021 | F99: 2022 | G99: 2023 | H99: 2024 | I99: 2025 | J99: 2026 | K99: 2027 | L99: 2028 | M99: 2029 | N99: 2030 | O99: 2031 | P99: 2032 | Q99: 2033 | R99: 2034 | S99: 2035 | T99: 2036 | U99: 2037 | V99: 2038 | W99: 2039 | X99: 2040 | Y99: 2041 | Z99: 2042 | AA99: 2043 | AB99: 2044 | AC99: 2045 | AD99: 2046 | AE99: 2047 | AF99: 2048 | AG99: 2049 | AH99: 2050 | AI99: 2051 | AJ99: 2052 | AK99: 2053 | AL99: 2054 | AM99: 2055 | AN99: 2056 | AO99: 2057 | AP99: 2058 | AQ99: 2059 | AR99: 2060
A100: electricity (万tce) | B100: =B$110*$H4/$H$14 -> 1482.574 | C100: =C$110*$H4/$H$14 -> 1472.0477 | D100: =D$110*$H4/$H$14 -> 1430.3696 | E100: =E$110*$H4/$H$14 -> 1403.7618 | F100: =F$110*$H4/$H$14 -> 1399.5319 | G100: =G$110*$H4/$H$14 -> 1394.6817 | H100: =H$110*$H4/$H$14 -> 1389.2225 | I100: =I$110*$H4/$H$14 -> 1383.1663 | ... AR100: =AR$110*$H4/$H$14 -> 858.48108
A101: coal (万tce) | B101: =B$110*$H5/$H$14 -> 3567.0275 | C101: =C$110*$H5/$H$14 -> 3541.7016 | D101: =D$110*$H5/$H$14 -> 3441.4253 | E101: =E$110*$H5/$H$14 -> 3377.4078 | F101: =F$110*$H5/$H$14 -> 3367.2307 | G101: =G$110*$H5/$H$14 -> 3355.5613 | H101: =H$110*$H5/$H$14 -> 3342.4266 | I101: =I$110*$H5/$H$14 -> 3327.8557 | ... AR101: =AR$110*$H5/$H$14 -> 2065.4791
A102: natural gas (万tce) | B102: =B$110*$H6/$H$14 -> 752.57616 | C102: =C$110*$H6/$H$14 -> 747.23287 | D102: =D$110*$H6/$H$14 -> 726.07644 | E102: =E$110*$H6/$H$14 -> 712.56994 | F102: =F$110*$H6/$H$14 -> 710.42276 | G102: =G$110*$H6/$H$14 -> 707.96074 | H102: =H$110*$H6/$H$14 -> 705.18957 | I102: =I$110*$H6/$H$14 -> 702.11537 | ... AR102: =AR$110*$H6/$H$14 -> 435.7775
A103: petroleum diesel (万tce) | B103: =B$110*$H7/$H$14 -> 0 | C103: =C$110*$H7/$H$14 -> 0 | D103: =D$110*$H7/$H$14 -> 0 | E103: =E$110*$H7/$H$14 -> 0 | F103: =F$110*$H7/$H$14 -> 0 | G103: =G$110*$H7/$H$14 -> 0 | H103: =H$110*$H7/$H$14 -> 0 | I103: =I$110*$H7/$H$14 -> 0 | ... AR103: =AR$110*$H7/$H$14 -> 0
A104: heat (万tce) | B104: =B$110*$H8/$H$14 -> 280.3434 | C104: =C$110*$H8/$H$14 -> 278.35296 | D104: =D$110*$H8/$H$14 -> 270.47194 | E104: =E$110*$H8/$H$14 -> 265.44062 | F104: =F$110*$H8/$H$14 -> 264.64077 | G104: =G$110*$H8/$H$14 -> 263.72364 | H104: =H$110*$H8/$H$14 -> 262.69134 | I104: =I$110*$H8/$H$14 -> 261.54617 | ... AR104: =AR$110*$H8/$H$14 -> 162.3322
A105: biomass (万tce) | B105: =B$110*$H9/$H$14 -> 166.84963 | C105: =C$110*$H9/$H$14 -> 165.665 | D105: =D$110*$H9/$H$14 -> 160.97452 | E105: =E$110*$H9/$H$14 -> 157.98006 | F105: =F$110*$H9/$H$14 -> 157.50403 | G105: =G$110*$H9/$H$14 -> 156.95818 | H105: =H$110*$H9/$H$14 -> 156.3438 | I105: =I$110*$H9/$H$14 -> 155.66224 | ... AR105: =AR$110*$H9/$H$14 -> 96.613896
A106: kerosene (万tce) | B106: =B$110*$H10/$H$14 -> 0 | C106: =C$110*$H10/$H$14 -> 0 | D106: =D$110*$H10/$H$14 -> 0 | E106: =E$110*$H10/$H$14 -> 0 | F106: =F$110*$H10/$H$14 -> 0 | G106: =G$110*$H10/$H$14 -> 0 | H106: =H$110*$H10/$H$14 -> 0 | I106: =I$110*$H10/$H$14 -> 0 | ... AR106: =AR$110*$H10/$H$14 -> 0
A107: heavy or residual fuel oil (万tce) | B107: =B$110*$H11/$H$14 -> 0 | C107: =C$110*$H11/$H$14 -> 0 | D107: =D$110*$H11/$H$14 -> 0 | E107: =E$110*$H11/$H$14 -> 0 | F107: =F$110*$H11/$H$14 -> 0 | G107: =G$110*$H11/$H$14 -> 0 | H107: =H$110*$H11/$H$14 -> 0 | I107: =I$110*$H11/$H$14 -> 0 | ... AR107: =AR$110*$H11/$H$14 -> 0
A108: LPG propane or butane (万tce) | B108: =B$110*$H12/$H$14 -> 385.98826 | C108: =C$110*$H12/$H$14 -> 383.24775 | D108: =D$110*$H12/$H$14 -> 372.39684 | E108: =E$110*$H12/$H$14 -> 365.4695 | F108: =F$110*$H12/$H$14 -> 364.36824 | G108: =G$110*$H12/$H$14 -> 363.10549 | H108: =H$110*$H12/$H$14 -> 361.68419 | I108: =I$110*$H12/$H$14 -> 360.10747 | ... AR108: =AR$110*$H12/$H$14 -> 223.50562
...

Sheet 政策数据来源
A2: 全国
A3: https://www.chndaqi.com/news/328990.html
A4: 22年之后 根据新规 住宅、公建能耗强度相较于BAU降低30% 20%
A5: 30年之后，没有特别明确的数据，暂时按新建100%超低能耗计算，相较BAU能耗强度降低50%

Sheet 能源换算
A1: 能源名称 | B1: 实物量单位 | C1: 平均低位发热量 | D1: 平均低位发热量 | E1: 平均发热量 | G1: BTU/万吨标煤
C2: TJ/单位 | D2: 万tce/单位 | E2: BTU/单位
A3: 煤合计 | C3: 0
A4: 原煤 | B4: 万吨 | C4: 209.08 | D4: =C4/293 -> 0.71358362 | E4: =D4*2.7771*10^11 -> 1.9816931e+11 | G4: =E4/D4 -> 277710000000
A5: 洗精煤 | B5: 万吨 | C5: 263.44 | D5: =C5/293 -> 0.89911263 | E5: =D5*2.7771*10^11 -> 2.4969257e+11
A6: 其他洗煤 | B6: 万吨 | C6: 83.63 | D6: =C6/293 -> 0.28542662 | E6: =D6*2.7771*10^11 -> 7.9265827e+10
A7: 型煤 | B7: 万吨 | C7: 154.73 | D7: =C7/293 -> 0.52808874 | E7: =D7*2.7771*10^11 -> 1.4665552e+11
A8: 煤矸石 | B8: 万吨 | C8: 83.74 | D8: =C8/293 -> 0.28580205 | E8: =D8*2.7771*10^11 -> 7.9370087e+10
A9: 焦炭 | B9: 万吨 | C9: 284.35 | D9: =C9/293 -> 0.97047782 | E9: =D9*2.7771*10^11 -> 2.6951139e+11
A10: 焦炉煤气 | B10: 亿立方米 | C10: 1735.35 | D10: =C10/293 -> 5.9226962 | E10: =D10*2.7771*10^11 -> 1.644792e+12
A11: 高炉煤气 | B11: 亿立方米 | C11: 376.3 | D11: =C11/293 -> 1.2843003 | E11: =D11*2.7771*10^11 -> 3.5666305e+11
A12: 转炉煤气 | B12: 亿立方米 | C12: 794.5 | D12: =C12/293 -> 2.7116041 | E12: =D12*2.7771*10^11 -> 7.5303957e+11
A13: 其他煤气 | B13: 亿立方米 | C13: 522.7 | D13: =C13/293 -> 1.783959 | E13: =D13*2.7771*10^11 -> 4.9542327e+11
A14: 其他焦化产品 | B14: 万吨 | C14: 334.53 | D14: =C14/293 -> 1.1417406 | E14: =D14*2.7771*10^11 -> 3.1707279e+11
A15: 油品合计 | C15: 0 | D15: =C15/293 -> 0 | E15: =D15*2.7771*10^11 -> 0
A16: 原油 | B16: 万吨 | C16: 418.16 | D16: =C16/293 -> 1.4271672 | E16: =D16*2.7771*10^11 -> 3.9633861e+11
A17: 汽油 | B17: 万吨 | C17: 430.7 | D17: =C17/293 -> 1.4699659 | E17: =D17*2.7771*10^11 -> 4.0822422e+11
A18: 煤油 | B18: 万吨 | C18: 430.7 | D18: =C18/293 -> 1.4699659 | E18: =D18*2.7771*10^11 -> 4.0822422e+11
A19: 柴油 | B19: 万吨 | C19: 426.52 | D19: =C19/293 -> 1.4556997 | E19: =D19*2.7771*10^11 -> 4.0426235e+11
A20: 燃料油 | B20: 万吨 | C20: 418.16 | D20: =C20/293 -> 1.4271672 | E20: =D20*2.7771*10^11 -> 3.9633861e+11
A21: 石脑油 | B21: 万吨 | C21: 439.07 | D21: =C21/293 -> 1.4985324 | E21: =D21*2.7771*10^11 -> 4.1615744e+11
A22: 润滑油 | B22: 万吨 | C22: 413.98 | D22: =C22/293 -> 1.412901 | E22: =D22*2.7771*10^11 -> 3.9237674e+11
A23: 石蜡 | B23: 万吨 | C23: 399.25 | D23: =C23/293 -> 1.362628 | E23: =D23*2.7771*10^11 -> 3.7841542e+11
A24: 溶剂油 | B24: 万吨 | C24: 429.45 | D24: =C24/293 -> 1.4656997 | E24: =D24*2.7771*10^11 -> 4.0703945e+11
A25: 石油沥青 | B25: 万吨 | C25: 389.31 | D25: =C25/293 -> 1.3287031 | E25: =D25*2.7771*10^11 -> 3.6899413e+11
A26: 石油焦 | B26: 万吨 | C26: 319.47 | D26: =C26/293 -> 1.0903413 | E26: =D26*2.7771*10^11 -> 3.0279868e+11
A27: 液化石油气 | B27: 万吨 | C27: 501.79 | D27: =C27/293 -> 1.7125939 | E27: =D27*2.7771*10^11 -> 4.7560444e+11
... A34: 其他能源 | B34: 万吨标准煤 | C34: 292.71 | D34: =C34/293 -> 0.99901024 | E34: =D34*2.7771*10^11 -> 2.7743513e+11
A39: ##氢能源被删掉，无效值

Sheet 建筑新建率
A1: 各类建筑新建率 | B1: 2019 | C1: 2020 | D1: 2021 | E1: 2022 | F1: 2023 | G1: 2024 | H1: 2025 | I1: 2026 | J1: 2027 | K1: 2028 | L1: 2029 | M1: 2030 | N1: 2031 | O1: 2032 | P1: 2033 | Q1: 2034 | R1: 2035 | S1: 2036 | T1: 2037 | U1: 2038 | V1: 2039 | W1: 2040 | X1: 2041 | Y1: 2042 | Z1: 2043 | AA1: 2044 | AB1: 2045 | AC1: 2046 | AD1: 2047 | AE1: 2048 | AF1: 2049 | AG1: 2050 | AH1: 2051 | AI1: 2052 | AJ1: 2053 | AK1: 2054 | AL1: 2055 | AM1: 2056 | AN1: 2057 | AO1: 2058 | AP1: 2059 | AQ1: 2060
A2: 城市住宅 | B2: =BAU建筑面积计算!C7/BAU建筑面积计算!C4 -> 0.032703084 | C2: =BAU建筑面积计算!D7/BAU建筑面积计算!D4 -> 0.039178442 | D2: =BAU建筑面积计算!E7/BAU建筑面积计算!E4 -> 0.023598936 | E2: =BAU建筑面积计算!F7/BAU建筑面积计算!F4 -> 0.022840759 | F2: =BAU建筑面积计算!G7/BAU建筑面积计算!G4 -> 0.022107126 | G2: =BAU建筑面积计算!H7/BAU建筑面积计算!H4 -> 0.021397 | H2: =BAU建筑面积计算!I7/BAU建筑面积计算!I4 -> 0.020709535 | I2: =BAU建筑面积计算!J7/BAU建筑面积计算!J4 -> 0.020043895 | ... AQ2: =BAU建筑面积计算!AR7/BAU建筑面积计算!AR4 -> 0.010794182
A3: 农村住宅 | B3: =BAU建筑面积计算!C15/BAU建筑面积计算!C12 -> 0 | C3: =BAU建筑面积计算!D15/BAU建筑面积计算!D12 -> 0 | D3: =BAU建筑面积计算!E15/BAU建筑面积计算!E12 -> 0.0089945234 | E3: =BAU建筑面积计算!F15/BAU建筑面积计算!F12 -> 0.0081698502 | F3: =BAU建筑面积计算!G15/BAU建筑面积计算!G12 -> 0.0073657665 | G3: =BAU建筑面积计算!H15/BAU建筑面积计算!H12 -> 0.0065812915 | H3: =BAU建筑面积计算!I15/BAU建筑面积计算!I12 -> 0.0058156234 | I3: =BAU建筑面积计算!J15/BAU建筑面积计算!J12 -> 0.0050679598 | ... AQ3: =BAU建筑面积计算!AR15/BAU建筑面积计算!AR12 -> 0
A4: 公共建筑 | B4: =BAU建筑面积计算!C23/BAU建筑面积计算!C20 -> 0.032703084 | C4: =BAU建筑面积计算!D23/BAU建筑面积计算!D20 -> 0.039178442 | D4: =BAU建筑面积计算!E23/BAU建筑面积计算!E20 -> 0.023598936 | E4: =BAU建筑面积计算!F23/BAU建筑面积计算!F20 -> 0.022840759 | F4: =BAU建筑面积计算!G23/BAU建筑面积计算!G20 -> 0.022107126 | G4: =BAU建筑面积计算!H23/BAU建筑面积计算!H20 -> 0.021397 | H4: =BAU建筑面积计算!I23/BAU建筑面积计算!I20 -> 0.020709535 | I4: =BAU建筑面积计算!J23/BAU建筑面积计算!J20 -> 0.020043895 | ... AQ4: =BAU建筑面积计算!AR23/BAU建筑面积计算!AR20 -> 0.010794182
A6: 平均值
A7: 城市住宅 | B7: =AVERAGE(B2:AQ2) -> 0.015206547
A8: 农村住宅 | B8: =AVERAGE(B3:AQ3) -> 0.0013794503
A9: 公共建筑 | B9: =AVERAGE(B4:AQ4) -> 0.015206547

Sheet 改造总比例（vensim直接输入）
B1: 改造总比例（vensim直接输入）
A2: 城市住宅 | B2: 0.4
A3: 农村住宅 | B3: 0.4
A4: 公建 | B4: 0.4

Sheet 建筑改造情景参数
A1: 情景一：
B2: 2020 | C2: 2021 | D2: 2022 | E2: 2023 | F2: 2024 | G2: 2025 | H2: 2026 | I2: 2027 | J2: 2028 | K2: 2029 | L2: 2030 | M2: 2031 | N2: 2032 | O2: 2033 | P2: 2034 | Q2: 2035 | R2: 2036 | S2: 2037 | T2: 2038 | U2: 2039 | V2: 2040 | W2: 2041 | X2: 2042 | Y2: 2043 | Z2: 2044 | AA2: 2045 | AB2: 2046 | AC2: 2047 | AD2: 2048 | AE2: 2049 | AF2: 2050 | AG2: 2051 | AH2: 2052 | AI2: 2053 | AJ2: 2054 | AK2: 2055 | AL2: 2056 | AM2: 2057 | AN2: 2058 | AO2: 2059 | AP2: 2060
A3: 城市住宅改造率 | B3: ='改造情景建筑面积计算 '!D7/'改造情景建筑面积计算 '!D4 -> 0.0096944301 | C3: ='改造情景建筑面积计算 '!E7/'改造情景建筑面积计算 '!E4 -> 0.0095484267 | D3: ='改造情景建筑面积计算 '!F7/'改造情景建筑面积计算 '!F4 -> 0.0094108456 | E3: ='改造情景建筑面积计算 '!G7/'改造情景建筑面积计算 '!G4 -> 0.0092812046 | F3: ='改造情景建筑面积计算 '!H7/'改造情景建筑面积计算 '!H4 -> 0.0091590576 | G3: ='改造情景建筑面积计算 '!I7/'改造情景建筑面积计算 '!I4 -> 0.0090439909 | H3: ='改造情景建筑面积计算 '!J7/'改造情景建筑面积计算 '!J4 -> 0.0089356206 | I3: ='改造情景建筑面积计算 '!K7/'改造情景建筑面积计算 '!K4 -> 0.0088335881 | ... AP3: ='改造情景建筑面积计算 '!AR7/'改造情景建筑面积计算 '!AR4 -> 0.0073758097
A4: 城市住宅改造后能效提升 | B4: 0.69 | C4: 0.69 | D4: 0.69 | E4: 0.69 | F4: 0.69 | G4: 0.69 | H4: 0.69 | I4: 0.69 | J4: 0.69 | K4: 0.69 | L4: 0.69 | M4: 0.69 | N4: 0.69 | O4: 0.69 | P4: 0.69 | Q4: 0.69 | R4: 0.69 | S4: 0.69 | T4: 0.69 | U4: 0.69 | V4: 0.69 | W4: 0.69 | X4: 0.69 | Y4: 0.69 | Z4: 0.69 | AA4: 0.69 | AB4: 0.69 | AC4: 0.69 | AD4: 0.69 | AE4: 0.69 | AF4: 0.69 | AG4: 0.69 | AH4: 0.69 | AI4: 0.69 | AJ4: 0.69 | AK4: 0.69 | AL4: 0.69 | AM4: 0.69 | AN4: 0.69 | AO4: 0.69 | AP4: 0.69
A5: 年均改造率 | B5: =AVERAGE(B3:AP3) -> 0.0081561499
A6: 平均能效提升 | B6: =AVERAGE(B4:AP4) -> 0.69
B8: 2020 | C8: 2021 | D8: 2022 | E8: 2023 | F8: 2024 | G8: 2025 | H8: 2026 | I8: 2027 | J8: 2028 | K8: 2029 | L8: 2030 | M8: 2031 | N8: 2032 | O8: 2033 | P8: 2034 | Q8: 2035 | R8: 2036 | S8: 2037 | T8: 2038 | U8: 2039 | V8: 2040 | W8: 2041 | X8: 2042 | Y8: 2043 | Z8: 2044 | AA8: 2045 | AB8: 2046 | AC8: 2047 | AD8: 2048 | AE8: 2049 | AF8: 2050 | AG8: 2051 | AH8: 2052 | AI8: 2053 | AJ8: 2054 | AK8: 2055 | AL8: 2056 | AM8: 2057 | AN8: 2058 | AO8: 2059 | AP8: 2060
A9: 农村住宅改造率 | B9: ='改造情景建筑面积计算 '!D16/'改造情景建筑面积计算 '!D13 -> 0.010258697 | C9: ='改造情景建筑面积计算 '!E16/'改造情景建筑面积计算 '!E13 -> 0.010263462 | D9: ='改造情景建筑面积计算 '!F16/'改造情景建筑面积计算 '!F13 -> 0.010276655 | E9: ='改造情景建筑面积计算 '!G16/'改造情景建筑面积计算 '!G13 -> 0.010298153 | F9: ='改造情景建筑面积计算 '!H16/'改造情景建筑面积计算 '!H13 -> 0.010327859 | G9: ='改造情景建筑面积计算 '!I16/'改造情景建筑面积计算 '!I13 -> 0.010365703 | H9: ='改造情景建筑面积计算 '!J16/'改造情景建筑面积计算 '!J13 -> 0.010411641 | I9: ='改造情景建筑面积计算 '!K16/'改造情景建筑面积计算 '!K13 -> 0.010465649 | ... AP9: ='改造情景建筑面积计算 '!AR16/'改造情景建筑面积计算 '!AR13 -> 0.017637862
A10: 城市住宅改造后能效提升 | B10: =B4 -> 0.69 | C10: =C4 -> 0.69 | D10: =D4 -> 0.69 | E10: =E4 -> 0.69 | F10: =F4 -> 0.69 | G10: =G4 -> 0.69 | H10: =H4 -> 0.69 | I10: =I4 -> 0.69 | ... AP10: =AP4 -> 0.69
A11: 年均改造率 | B11: =AVERAGE(B9:AP9) -> 0.012625333
A12: 平均能效提升 | B12: =AVERAGE(B10:AP10) -> 0.69
B14: 2020 | C14: 2021 | D14: 2022 | E14: 2023 | F14: 2024 | G14: 2025 | H14: 2026 | I14: 2027 | J14: 2028 | K14: 2029 | L14: 2030 | M14: 2031 | N14: 2032 | O14: 2033 | P14: 2034 | Q14: 2035 | R14: 2036 | S14: 2037 | T14: 2038 | U14: 2039 | V14: 2040 | W14: 2041 | X14: 2042 | Y14: 2043 | Z14: 2044 | AA14: 2045 | AB14: 2046 | AC14: 2047 | AD14: 2048 | AE14: 2049 | AF14: 2050 | AG14: 2051 | AH14: 2052 | AI14: 2053 | AJ14: 2054 | AK14: 2055 | AL14: 2056 | AM14: 2057 | AN14: 2058 | AO14: 2059 | AP14: 2060
A15: 公建改造率 | B15: ='改造情景建筑面积计算 '!D25/'改造情景建筑面积计算 '!D22 -> 0.0096944301 | C15: ='改造情景建筑面积计算 '!E25/'改造情景建筑面积计算 '!E22 -> 0.0095484267 | D15: ='改造情景建筑面积计算 '!F25/'改造情景建筑面积计算 '!F22 -> 0.0094108456 | E15: ='改造情景建筑面积计算 '!G25/'改造情景建筑面积计算 '!G22 -> 0.0092812046 | F15: ='改造情景建筑面积计算 '!H25/'改造情景建筑面积计算 '!H22 -> 0.0091590576 | G15: ='改造情景建筑面积计算 '!I25/'改造情景建筑面积计算 '!I22 -> 0.0090439909 | H15: ='改造情景建筑面积计算 '!J25/'改造情景建筑面积计算 '!J22 -> 0.0089356206 | I15: ='改造情景建筑面积计算 '!K25/'改造情景建筑面积计算 '!K22 -> 0.0088335881 | ... AP15: ='改造情景建筑面积计算 '!AR25/'改造情景建筑面积计算 '!AR22 -> 0.0073758097
A16: 公建改造后能效提升 | B16: =72% -> 0.72 | C16: =72% -> 0.72 | D16: =72% -> 0.72 | E16: =72% -> 0.72 | F16: =72% -> 0.72 | G16: =72% -> 0.72 | H16: =72% -> 0.72 | I16: =72% -> 0.72 | ... AP16: =72% -> 0.72
A17: 年均改造率 | B17: =AVERAGE(B15:AP15) -> 0.0081561499
A18: 平均能效提升 | B18: =AVERAGE(B16:AP16) -> 0.72

Sheet BRESaC
A1: Percent energy saving (dimensionless) | B1: urban residential | C1: rural residential | D1: commercial
A2: heating | B2: =建筑改造情景参数!$B$6 -> 0.69 | C2: =建筑改造情景参数!$B$12 -> 0.69 | D2: =建筑改造情景参数!$B$18 -> 0.72
A3: cooling and ventilation | B3: =建筑改造情景参数!$B$6 -> 0.69 | C3: =建筑改造情景参数!$B$12 -> 0.69 | D3: =建筑改造情景参数!$B$18 -> 0.72
A4: envelope | B4: 0 | C4: 0 | D4: 0
A5: lighting | B5: =建筑改造情景参数!$B$6 -> 0.69 | C5: =建筑改造情景参数!$B$12 -> 0.69 | D5: =建筑改造情景参数!$B$18 -> 0.72
A6: appliances | B6: 0 | C6: 0 | D6: 0
A7: other component | B7: 0 | C7: 0 | D7: 0

Sheet SoCEUTiNTY
A1: Building Component | B1: urban residential | C1: rural residential | D1: commercial
A2: heating | B2: =建筑新建率!$B$7 -> 0.015206547 | C2: =建筑新建率!$B$8 -> 0.0013794503 | D2: =建筑新建率!$B$9 -> 0.015206547
A3: cooling and ventilation | B3: =建筑新建率!$B$7 -> 0.015206547 | C3: =建筑新建率!$B$8 -> 0.0013794503 | D3: =建筑新建率!$B$9 -> 0.015206547
A4: envelope | B4: =建筑新建率!$B$7 -> 0.015206547 | C4: =建筑新建率!$B$8 -> 0.0013794503 | D4: =建筑新建率!$B$9 -> 0.015206547
A5: lighting | B5: =建筑新建率!$B$7 -> 0.015206547 | C5: =建筑新建率!$B$8 -> 0.0013794503 | D5: =建筑新建率!$B$9 -> 0.015206547
A6: appliance | B6: =建筑新建率!$B$7 -> 0.015206547 | C6: =建筑新建率!$B$8 -> 0.0013794503 | D6: =建筑新建率!$B$9 -> 0.015206547
A7: other component | B7: =建筑新建率!$B$7 -> 0.015206547 | C7: =建筑新建率!$B$8 -> 0.0013794503 | D7: =建筑新建率!$B$9 -> 0.015206547

Sheet rural-residential-heating0
B1: 2018 | C1: 2019 | D1: 2020 | E1: 2021 | F1: 2022 | G1: 2023 | H1: 2024 | I1: 2025 | J1: 2026 | K1: 2027 | L1: 2028 | M1: 2029 | N1: 2030 | O1: 2031 | P1: 2032 | Q1: 2033 | R1: 2034 | S1: 2035 | T1: 2036 | U1: 2037 | V1: 2038 | W1: 2039 | X1: 2040 | Y1: 2041 | Z1: 2042 | AA1: 2043 | AB1: 2044 | AC1: 2045 | AD1: 2046 | AE1: 2047 | AF1: 2048 | AG1: 2049 | AH1: 2050 | AI1: 2051 | AJ1: 2052 | AK1: 2053 | AL1: 2054 | AM1: 2055 | AN1: 2056 | AO1: 2057 | AP1: 2058 | AQ1: 2059 | AR1: 2060
A2: electricity (BTU) | B2: =建筑各项能耗拆分!$B$18*建筑各项能耗拆分!B100 -> 4.1172562e+14 | C2: =建筑各项能耗拆分!$B$18*建筑各项能耗拆分!C100 -> 4.0880237e+14 | D2: =建筑各项能耗拆分!$B$18*建筑各项能耗拆分!D100 -> 3.9722793e+14 | E2: =建筑各项能耗拆分!$B$18*建筑各项能耗拆分!E100 -> 3.8983869e+14 | F2: =建筑各项能耗拆分!$B$18*建筑各项能耗拆分!F100 -> 3.8866399e+14 | G2: =建筑各项能耗拆分!$B$18*建筑各项能耗拆分!G100 -> 3.8731705e+14 | H2: =建筑各项能耗拆分!$B$18*建筑各项能耗拆分!H100 -> 385800973368450 | I2: =建筑各项能耗拆分!$B$18*建筑各项能耗拆分!I100 -> 3.8411912e+14 | ... AR2: =建筑各项能耗拆分!$B$18*建筑各项能耗拆分!AR100 -> 2.3840878e+14
A3: coal (BTU) | B3: =建筑各项能耗拆分!$B$18*建筑各项能耗拆分!B101 -> 9.9059921e+14 | C3: =建筑各项能耗拆分!$B$18*建筑各项能耗拆分!C101 -> 9.8356596e+14 | D3: =建筑各项能耗拆分!$B$18*建筑各项能耗拆分!D101 -> 9.5571822e+14 | E3: =建筑各项能耗拆分!$B$18*建筑各项能耗拆分!E101 -> 9.3793992e+14 | F3: =建筑各项能耗拆分!$B$18*建筑各项能耗拆分!F101 -> 9.3511364e+14 | G3: =建筑各项能耗拆分!$B$18*建筑各项能耗拆分!G101 -> 9.3187293e+14 | H3: =建筑各项能耗拆分!$B$18*建筑各项能耗拆分!H101 -> 9.282253e+14 | I3: =建筑各项能耗拆分!$B$18*建筑各项能耗拆分!I101 -> 9.2417881e+14 | ... AR3: =建筑各项能耗拆分!$B$18*建筑各项能耗拆分!AR101 -> 5.7360421e+14
A4: natural gas (BTU) | B4: =建筑各项能耗拆分!$B$18*建筑各项能耗拆分!B102 -> 2.0899793e+14 | C4: =建筑各项能耗拆分!$B$18*建筑各项能耗拆分!C102 -> 2.0751404e+14 | D4: =建筑各项能耗拆分!$B$18*建筑各项能耗拆分!D102 -> 2.0163869e+14 | E4: =建筑各项能耗拆分!$B$18*建筑各项能耗拆分!E102 -> 1.978878e+14 | F4: =建筑各项能耗拆分!$B$18*建筑各项能耗拆分!F102 -> 1.9729151e+14 | G4: =建筑各项能耗拆分!$B$18*建筑各项能耗拆分!G102 -> 1.9660778e+14 | H4: =建筑各项能耗拆分!$B$18*建筑各项能耗拆分!H102 -> 1.958382e+14 | I4: =建筑各项能耗拆分!$B$18*建筑各项能耗拆分!I102 -> 1.9498446e+14 | ... AR4: =建筑各项能耗拆分!$B$18*建筑各项能耗拆分!AR102 -> 1.2101977e+14
A5: petroleum diesel (BTU) | B5: =建筑各项能耗拆分!$B$18*建筑各项能耗拆分!B103 -> 0 | C5: =建筑各项能耗拆分!$B$18*建筑各项能耗拆分!C103 -> 0 | D5: =建筑各项能耗拆分!$B$18*建筑各项能耗拆分!D103 -> 0 | E5: =建筑各项能耗拆分!$B$18*建筑各项能耗拆分!E103 -> 0 | F5: =建筑各项能耗拆分!$B$18*建筑各项能耗拆分!F103 -> 0 | G5: =建筑各项能耗拆分!$B$18*建筑各项能耗拆分!G103 -> 0 | H5: =建筑各项能耗拆分!$B$18*建筑各项能耗拆分!H103 -> 0 | I5: =建筑各项能耗拆分!$B$18*建筑各项能耗拆分!I103 -> 0 | ... AR5: =建筑各项能耗拆分!$B$18*建筑各项能耗拆分!AR103 -> 0
A6: heat (BTU) | B6: =建筑各项能耗拆分!$B$18*建筑各项能耗拆分!B104 -> 7.7854166e+13 | C6: =建筑各项能耗拆分!$B$18*建筑各项能耗拆分!C104 -> 7.7301401e+13 | D6: =建筑各项能耗拆分!$B$18*建筑各项能耗拆分!D104 -> 7.5112764e+13 | E6: =建筑各项能耗拆分!$B$18*建筑各项能耗拆分!E104 -> 7.3715514e+13 | F6: =建筑各项能耗拆分!$B$18*建筑各项能耗拆分!F104 -> 7.3493388e+13 | G6: =建筑各项能耗拆分!$B$18*建筑各项能耗拆分!G104 -> 7.3238691e+13 | H6: =建筑各项能耗拆分!$B$18*建筑各项能耗拆分!H104 -> 7.2952013e+13 | I6: =建筑各项能耗拆分!$B$18*建筑各项能耗拆分!I104 -> 7.2633987e+13 | ... AR6: =建筑各项能耗拆分!$B$18*建筑各项能耗拆分!AR104 -> 4.5081277e+13
A7: biomass (BTU) | B7: =建筑各项能耗拆分!$B$18*建筑各项能耗拆分!B105 -> 4.6335811e+13 | C7: =建筑各项能耗拆分!$B$18*建筑各项能耗拆分!C105 -> 4.6006826e+13 | D7: =建筑各项能耗拆分!$B$18*建筑各项能耗拆分!D105 -> 4.4704233e+13 | E7: =建筑各项能耗拆分!$B$18*建筑各项能耗拆分!E105 -> 4.3872644e+13 | F7: =建筑各项能耗拆分!$B$18*建筑各项能耗拆分!F105 -> 4.3740443e+13 | G7: =建筑各项能耗拆分!$B$18*建筑各项能耗拆分!G105 -> 4.3588857e+13 | H7: =建筑各项能耗拆分!$B$18*建筑各项能耗拆分!H105 -> 4.3418237e+13 | I7: =建筑各项能耗拆分!$B$18*建筑各项能耗拆分!I105 -> 4.322896e+13 | ... AR7: =建筑各项能耗拆分!$B$18*建筑各项能耗拆分!AR105 -> 2.6830645e+13
A8: kerosene (BTU) | B8: =建筑各项能耗拆分!$B$18*建筑各项能耗拆分!B106 -> 0 | C8: =建筑各项能耗拆分!$B$18*建筑各项能耗拆分!C106 -> 0 | D8: =建筑各项能耗拆分!$B$18*建筑各项能耗拆分!D106 -> 0 | E8: =建筑各项能耗拆分!$B$18*建筑各项能耗拆分!E106 -> 0 | F8: =建筑各项能耗拆分!$B$18*建筑各项能耗拆分!F106 -> 0 | G8: =建筑各项能耗拆分!$B$18*建筑各项能耗拆分!G106 -> 0 | H8: =建筑各项能耗拆分!$B$18*建筑各项能耗拆分!H106 -> 0 | I8: =建筑各项能耗拆分!$B$18*建筑各项能耗拆分!I106 -> 0 | ... AR8: =建筑各项能耗拆分!$B$18*建筑各项能耗拆分!AR106 -> 0
A9: heavy or residual fuel oil (BTU) | B9: =建筑各项能耗拆分!$B$18*建筑各项能耗拆分!B107 -> 0 | C9: =建筑各项能耗拆分!$B$18*建筑各项能耗拆分!C107 -> 0 | D9: =建筑各项能耗拆分!$B$18*建筑各项能耗拆分!D107 -> 0 | E9: =建筑各项能耗拆分!$B$18*建筑各项能耗拆分!E107 -> 0 | F9: =建筑各项能耗拆分!$B$18*建筑各项能耗拆分!F107 -> 0 | G9: =建筑各项能耗拆分!$B$18*建筑各项能耗拆分!G107 -> 0 | H9: =建筑各项能耗拆分!$B$18*建筑各项能耗拆分!H107 -> 0 | I9: =建筑各项能耗拆分!$B$18*建筑各项能耗拆分!I107 -> 0 | ... AR9: =建筑各项能耗拆分!$B$18*建筑各项能耗拆分!AR107 -> 0
A10: LPG propane or butane (BTU) | B10: =建筑各项能耗拆分!$B$18*建筑各项能耗拆分!B108 -> 1.071928e+14 | C10: =建筑各项能耗拆分!$B$18*建筑各项能耗拆分!C108 -> 1.0643173e+14 | D10: =建筑各项能耗拆分!$B$18*建筑各项能耗拆分!D108 -> 1.0341833e+14 | E10: =建筑各项能耗拆分!$B$18*建筑各项能耗拆分!E108 -> 1.0149453e+14 | F10: =建筑各项能耗拆分!$B$18*建筑各项能耗拆分!F108 -> 1.011887e+14 | G10: =建筑各项能耗拆分!$B$18*建筑各项能耗拆分!G108 -> 1.0083803e+14 | H10: =建筑各项能耗拆分!$B$18*建筑各项能耗拆分!H108 -> 1.0044332e+14 | I10: =建筑各项能耗拆分!$B$18*建筑各项能耗拆分!I108 -> 1.0000544e+14 | ... AR10: =建筑各项能耗拆分!$B$18*建筑各项能耗拆分!AR108 -> 6.2069746e+13
A11: hydrogen(BTU) | B11: =建筑各项能耗拆分!$B$18*建筑各项能耗拆分!B109 -> 0 | C11: =建筑各项能耗拆分!$B$18*建筑各项能耗拆分!C109 -> 0 | D11: =建筑各项能耗拆分!$B$18*建筑各项能耗拆分!D109 -> 0 | E11: =建筑各项能耗拆分!$B$18*建筑各项能耗拆分!E109 -> 0 | F11: =建筑各项能耗拆分!$B$18*建筑各项能耗拆分!F109 -> 0 | G11: =建筑各项能耗拆分!$B$18*建筑各项能耗拆分!G109 -> 0 | H11: =建筑各项能耗拆分!$B$18*建筑各项能耗拆分!H109 -> 0 | I11: =建筑各项能耗拆分!$B$18*建筑各项能耗拆分!I109 -> 0 | ... AR11: =建筑各项能耗拆分!$B$18*建筑各项能耗拆分!AR109 -> 0
A12: total | B12: =SUM(B2:B11) -> 1.8427055e+15 | C12: =SUM(C2:C11) -> 1.8296223e+15 | D12: =SUM(D2:D11) -> 1.7778202e+15 | E12: =SUM(E2:E11) -> 1.7447491e+15 | F12: =SUM(F2:F11) -> 1.7394917e+15 | G12: =SUM(G2:G11) -> 1.7334633e+15 | H12: =SUM(H2:H11) -> 1.726678e+15 | I12: =SUM(I2:I11) -> 1.7191508e+15 | ... AR12: =SUM(AR2:AR11) -> 1.0670144e+15

Sheet rural-residential-heating1
B1: 2018 | C1: 2019 | D1: 2020 | E1: 2021 | F1: 2022 | G1: 2023 | H1: 2024 | I1: 2025 | J1: 2026 | K1: 2027 | L1: 2028 | M1: 2029 | N1: 2030 | O1: 2031 | P1: 2032 | Q1: 2033 | R1: 2034 | S1: 2035 | T1: 2036 | U1: 2037 | V1: 2038 | W1: 2039 | X1: 2040 | Y1: 2041 | Z1: 2042 | AA1: 2043 | AB1: 2044 | AC1: 2045 | AD1: 2046 | AE1: 2047 | AF1: 2048 | AG1: 2049 | AH1: 2050 | AI1: 2051 | AJ1: 2052 | AK1: 2053 | AL1: 2054 | AM1: 2055 | AN1: 2056 | AO1: 2057 | AP1: 2058 | AQ1: 2059 | AR1: 2060
A2: electricity (BTU) | B2: 0 | C2: 0 | D2: 0 | E2: 0 | F2: 0 | G2: 0 | H2: 0 | I2: 0 | J2: 0 | K2: 0 | L2: 0 | M2: 0 | N2: 0 | O2: 0 | P2: 0 | Q2: 0 | R2: 0 | S2: 0 | T2: 0 | U2: 0 | V2: 0 | W2: 0 | X2: 0 | Y2: 0 | Z2: 0 | AA2: 0 | AB2: 0 | AC2: 0 | AD2: 0 | AE2: 0 | AF2: 0 | AG2: 0 | AH2: 0 | AI2: 0 | AJ2: 0 | AK2: 0 | AL2: 0 | AM2: 0 | AN2: 0 | AO2: 0 | AP2: 0 | AQ2: 0 | AR2: 0
A3: coal (BTU) | B3: 0 | C3: 0 | D3: 0 | E3: 0 | F3: 0 | G3: 0 | H3: 0 | I3: 0 | J3: 0 | K3: 0 | L3: 0 | M3: 0 | N3: 0 | O3: 0 | P3: 0 | Q3: 0 | R3: 0 | S3: 0 | T3: 0 | U3: 0 | V3: 0 | W3: 0 | X3: 0 | Y3: 0 | Z3: 0 | AA3: 0 | AB3: 0 | AC3: 0 | AD3: 0 | AE3: 0 | AF3: 0 | AG3: 0 | AH3: 0 | AI3: 0 | AJ3: 0 | AK3: 0 | AL3: 0 | AM3: 0 | AN3: 0 | AO3: 0 | AP3: 0 | AQ3: 0 | AR3: 0
A4: natural gas (BTU) | B4: 0 | C4: 0 | D4: 0 | E4: 0 | F4: 0 | G4: 0 | H4: 0 | I4: 0 | J4: 0 | K4: 0 | L4: 0 | M4: 0 | N4: 0 | O4: 0 | P4: 0 | Q4: 0 | R4: 0 | S4: 0 | T4: 0 | U4: 0 | V4: 0 | W4: 0 | X4: 0 | Y4: 0 | Z4: 0 | AA4: 0 | AB4: 0 | AC4: 0 | AD4: 0 | AE4: 0 | AF4: 0 | AG4: 0 | AH4: 0 | AI4: 0 | AJ4: 0 | AK4: 0 | AL4: 0 | AM4: 0 | AN4: 0 | AO4: 0 | AP4: 0 | AQ4: 0 | AR4: 0
A5: petroleum diesel (BTU) | B5: 0 | C5: 0 | D5: 0 | E5: 0 | F5: 0 | G5: 0 | H5: 0 | I5: 0 | J5: 0 | K5: 0 | L5: 0 | M5: 0 | N5: 0 | O5: 0 | P5: 0 | Q5: 0 | R5: 0 | S5: 0 | T5: 0 | U5: 0 | V5: 0 | W5: 0 | X5: 0 | Y5: 0 | Z5: 0 | AA5: 0 | AB5: 0 | AC5: 0 | AD5: 0 | AE5: 0 | AF5: 0 | AG5: 0 | AH5: 0 | AI5: 0 | AJ5: 0 | AK5: 0 | AL5: 0 | AM5: 0 | AN5: 0 | AO5: 0 | AP5: 0 | AQ5: 0 | AR5: 0
A6: heat (BTU) | B6: =建筑各项能耗拆分!$B$18*建筑各项能耗拆分!B104 -> 7.7854166e+13 | C6: =建筑各项能耗拆分!$B$18*建筑各项能耗拆分!C104 -> 7.7301401e+13 | D6: =建筑各项能耗拆分!$B$18*建筑各项能耗拆分!D104 -> 7.5112764e+13 | E6: =建筑各项能耗拆分!$B$18*建筑各项能耗拆分!E104 -> 7.3715514e+13 | F6: =建筑各项能耗拆分!$B$18*建筑各项能耗拆分!F104 -> 7.3493388e+13 | G6: =建筑各项能耗拆分!$B$18*建筑各项能耗拆分!G104 -> 7.3238691e+13 | H6: =建筑各项能耗拆分!$B$18*建筑各项能耗拆分!H104 -> 7.2952013e+13 | I6: =建筑各项能耗拆分!$B$18*建筑各项能耗拆分!I104 -> 7.2633987e+13 | ... AR6: =建筑各项能耗拆分!$B$18*建筑各项能耗拆分!AR104 -> 4.5081277e+13
A7: biomass (BTU) | B7: 0 | C7: 0 | D7: 0 | E7: 0 | F7: 0 | G7: 0 | H7: 0 | I7: 0 | J7: 0 | K7: 0 | L7: 0 | M7: 0 | N7: 0 | O7: 0 | P7: 0 | Q7: 0 | R7: 0 | S7: 0 | T7: 0 | U7: 0 | V7: 0 | W7: 0 | X7: 0 | Y7: 0 | Z7: 0 | AA7: 0 | AB7: 0 | AC7: 0 | AD7: 0 | AE7: 0 | AF7: 0 | AG7: 0 | AH7: 0 | AI7: 0 | AJ7: 0 | AK7: 0 | AL7: 0 | AM7: 0 | AN7: 0 | AO7: 0 | AP7: 0 | AQ7: 0 | AR7: 0
A8: kerosene (BTU) | B8: 0 | C8: 0 | D8: 0 | E8: 0 | F8: 0 | G8: 0 | H8: 0 | I8: 0 | J8: 0 | K8: 0 | L8: 0 | M8: 0 | N8: 0 | O8: 0 | P8: 0 | Q8: 0 | R8: 0 | S8: 0 | T8: 0 | U8: 0 | V8: 0 | W8: 0 | X8: 0 | Y8: 0 | Z8: 0 | AA8: 0 | AB8: 0 | AC8: 0 | AD8: 0 | AE8: 0 | AF8: 0 | AG8: 0 | AH8: 0 | AI8: 0 | AJ8: 0 | AK8: 0 | AL8: 0 | AM8: 0 | AN8: 0 | AO8: 0 | AP8: 0 | AQ8: 0 | AR8: 0
A9: heavy or residual fuel oil (BTU) | B9: 0 | C9: 0 | D9: 0 | E9: 0 | F9: 0 | G9: 0 | H9: 0 | I9: 0 | J9: 0 | K9: 0 | L9: 0 | M9: 0 | N9: 0 | O9: 0 | P9: 0 | Q9: 0 | R9: 0 | S9: 0 | T9: 0 | U9: 0 | V9: 0 | W9: 0 | X9: 0 | Y9: 0 | Z9: 0 | AA9: 0 | AB9: 0 | AC9: 0 | AD9: 0 | AE9: 0 | AF9: 0 | AG9: 0 | AH9: 0 | AI9: 0 | AJ9: 0 | AK9: 0 | AL9: 0 | AM9: 0 | AN9: 0 | AO9: 0 | AP9: 0 | AQ9: 0 | AR9: 0
A10: LPG propane or butane (BTU) | B10: 0 | C10: 0 | D10: 0 | E10: 0 | F10: 0 | G10: 0 | H10: 0 | I10: 0 | J10: 0 | K10: 0 | L10: 0 | M10: 0 | N10: 0 | O10: 0 | P10: 0 | Q10: 0 | R10: 0 | S10: 0 | T10: 0 | U10: 0 | V10: 0 | W10: 0 | X10: 0 | Y10: 0 | Z10: 0 | AA10: 0 | AB10: 0 | AC10: 0 | AD10: 0 | AE10: 0 | AF10: 0 | AG10: 0 | AH10: 0 | AI10: 0 | AJ10: 0 | AK10: 0 | AL10: 0 | AM10: 0 | AN10: 0 | AO10: 0 | AP10: 0 | AQ10: 0 | AR10: 0
A11: hydrogen(BTU) | B11: 0 | C11: 0 | D11: 0 | E11: 0 | F11: 0 | G11: 0 | H11: 0 | I11: 0 | J11: 0 | K11: 0 | L11: 0 | M11: 0 | N11: 0 | O11: 0 | P11: 0 | Q11: 0 | R11: 0 | S11: 0 | T11: 0 | U11: 0 | V11: 0 | W11: 0 | X11: 0 | Y11: 0 | Z11: 0 | AA11: 0 | AB11: 0 | AC11: 0 | AD11: 0 | AE11: 0 | AF11: 0 | AG11: 0 | AH11: 0 | AI11: 0 | AJ11: 0 | AK11: 0 | AL11: 0 | AM11: 0 | AN11: 0 | AO11: 0 | AP11: 0 | AQ11: 0 | AR11: 0
A12: total | B12: =SUM(B2:B11) -> 7.7854166e+13 | C12: =SUM(C2:C11) -> 7.7301401e+13 | D12: =SUM(D2:D11) -> 7.5112764e+13 | E12: =SUM(E2:E11) -> 7.3715514e+13 | F12: =SUM(F2:F11) -> 7.3493388e+13 | G12: =SUM(G2:G11) -> 7.3238691e+13 | H12: =SUM(H2:H11) -> 7.2952013e+13 | I12: =SUM(I2:I11) -> 7.2633987e+13 | ... AR12: =SUM(AR2:AR11) -> 4.5081277e+13

Sheet rural-residential-heating2
B1: 2018 | C1: 2019 | D1: 2020 | E1: 2021 | F1: 2022 | G1: 2023 | H1: 2024 | I1: 2025 | J1: 2026 | K1: 2027 | L1: 2028 | M1: 2029 | N1: 2030 | O1: 2031 | P1: 2032 | Q1: 2033 | R1: 2034 | S1: 2035 | T1: 2036 | U1: 2037 | V1: 2038 | W1: 2039 | X1: 2040 | Y1: 2041 | Z1: 2042 | AA1: 2043 | AB1: 2044 | AC1: 2045 | AD1: 2046 | AE1: 2047 | AF1: 2048 | AG1: 2049 | AH1: 2050 | AI1: 2051 | AJ1: 2052 | AK1: 2053 | AL1: 2054 | AM1: 2055 | AN1: 2056 | AO1: 2057 | AP1: 2058 | AQ1: 2059 | AR1: 2060
A2: electricity (BTU) | B2: =建筑各项能耗拆分!$B$18*建筑各项能耗拆分!B104*B17 -> 0 | C2: =建筑各项能耗拆分!$B$18*建筑各项能耗拆分!C104*C17 -> 0 | D2: =建筑各项能耗拆分!$B$18*建筑各项能耗拆分!D104*D17 -> 0 | E2: =建筑各项能耗拆分!$B$18*建筑各项能耗拆分!E104*E17 -> 5.8972411e+11 | F2: =建筑各项能耗拆分!$B$18*建筑各项能耗拆分!F104*F17 -> 1.1758942e+12 | G2: =建筑各项能耗拆分!$B$18*建筑各项能耗拆分!G104*G17 -> 1.7577286e+12 | H2: =建筑各项能耗拆分!$B$18*建筑各项能耗拆分!H104*H17 -> 2.3344644e+12 | I2: =建筑各项能耗拆分!$B$18*建筑各项能耗拆分!I104*I17 -> 2.9053595e+12 | ... AR2: =建筑各项能耗拆分!$B$18*建筑各项能耗拆分!AR104*AR17 -> 9.0162553e+12
A3: coal (BTU) | B3: 0 | C3: 0 | D3: 0 | E3: 0 | F3: 0 | G3: 0 | H3: 0 | I3: 0 | J3: 0 | K3: 0 | L3: 0 | M3: 0 | N3: 0 | O3: 0 | P3: 0 | Q3: 0 | R3: 0 | S3: 0 | T3: 0 | U3: 0 | V3: 0 | W3: 0 | X3: 0 | Y3: 0 | Z3: 0 | AA3: 0 | AB3: 0 | AC3: 0 | AD3: 0 | AE3: 0 | AF3: 0 | AG3: 0 | AH3: 0 | AI3: 0 | AJ3: 0 | AK3: 0 | AL3: 0 | AM3: 0 | AN3: 0 | AO3: 0 | AP3: 0 | AQ3: 0 | AR3: 0
A4: natural gas (BTU) | B4: 0 | C4: 0 | D4: 0 | E4: 0 | F4: 0 | G4: 0 | H4: 0 | I4: 0 | J4: 0 | K4: 0 | L4: 0 | M4: 0 | N4: 0 | O4: 0 | P4: 0 | Q4: 0 | R4: 0 | S4: 0 | T4: 0 | U4: 0 | V4: 0 | W4: 0 | X4: 0 | Y4: 0 | Z4: 0 | AA4: 0 | AB4: 0 | AC4: 0 | AD4: 0 | AE4: 0 | AF4: 0 | AG4: 0 | AH4: 0 | AI4: 0 | AJ4: 0 | AK4: 0 | AL4: 0 | AM4: 0 | AN4: 0 | AO4: 0 | AP4: 0 | AQ4: 0 | AR4: 0
A5: petroleum diesel (BTU) | B5: 0 | C5: 0 | D5: 0 | E5: 0 | F5: 0 | G5: 0 | H5: 0 | I5: 0 | J5: 0 | K5: 0 | L5: 0 | M5: 0 | N5: 0 | O5: 0 | P5: 0 | Q5: 0 | R5: 0 | S5: 0 | T5: 0 | U5: 0 | V5: 0 | W5: 0 | X5: 0 | Y5: 0 | Z5: 0 | AA5: 0 | AB5: 0 | AC5: 0 | AD5: 0 | AE5: 0 | AF5: 0 | AG5: 0 | AH5: 0 | AI5: 0 | AJ5: 0 | AK5: 0 | AL5: 0 | AM5: 0 | AN5: 0 | AO5: 0 | AP5: 0 | AQ5: 0 | AR5: 0
A6: heat (BTU) | B6: =建筑各项能耗拆分!$B$18*建筑各项能耗拆分!B104*(1-B19) -> 7.7854166e+13 | C6: =建筑各项能耗拆分!$B$18*建筑各项能耗拆分!C104*(1-C19) -> 7.7301401e+13 | D6: =建筑各项能耗拆分!$B$18*建筑各项能耗拆分!D104*(1-D19) -> 7.5112764e+13 | E6: =建筑各项能耗拆分!$B$18*建筑各项能耗拆分!E104*(1-E19) -> 7.1651479e+13 | F6: =建筑各项能耗拆分!$B$18*建筑各项能耗拆分!F104*(1-F19) -> 6.9377758e+13 | G6: =建筑各项能耗拆分!$B$18*建筑各项能耗拆分!G104*(1-G19) -> 6.7086641e+13 | H6: =建筑各项能耗拆分!$B$18*建筑各项能耗拆分!H104*(1-H19) -> 6.4781387e+13 | I6: =建筑各项能耗拆分!$B$18*建筑各项能耗拆分!I104*(1-I19) -> 6.2465229e+13 | ... AR6: =建筑各项能耗拆分!$B$18*建筑各项能耗拆分!AR104*(1-AR19) -> 0
A7: biomass (BTU) | B7: 0 | C7: 0 | D7: 0 | E7: 0 | F7: 0 | G7: 0 | H7: 0 | I7: 0 | J7: 0 | K7: 0 | L7: 0 | M7: 0 | N7: 0 | O7: 0 | P7: 0 | Q7: 0 | R7: 0 | S7: 0 | T7: 0 | U7: 0 | V7: 0 | W7: 0 | X7: 0 | Y7: 0 | Z7: 0 | AA7: 0 | AB7: 0 | AC7: 0 | AD7: 0 | AE7: 0 | AF7: 0 | AG7: 0 | AH7: 0 | AI7: 0 | AJ7: 0 | AK7: 0 | AL7: 0 | AM7: 0 | AN7: 0 | AO7: 0 | AP7: 0 | AQ7: 0 | AR7: 0
A8: kerosene (BTU) | B8: 0 | C8: 0 | D8: 0 | E8: 0 | F8: 0 | G8: 0 | H8: 0 | I8: 0 | J8: 0 | K8: 0 | L8: 0 | M8: 0 | N8: 0 | O8: 0 | P8: 0 | Q8: 0 | R8: 0 | S8: 0 | T8: 0 | U8: 0 | V8: 0 | W8: 0 | X8: 0 | Y8: 0 | Z8: 0 | AA8: 0 | AB8: 0 | AC8: 0 | AD8: 0 | AE8: 0 | AF8: 0 | AG8: 0 | AH8: 0 | AI8: 0 | AJ8: 0 | AK8: 0 | AL8: 0 | AM8: 0 | AN8: 0 | AO8: 0 | AP8: 0 | AQ8: 0 | AR8: 0
A9: heavy or residual fuel oil (BTU) | B9: 0 | C9: 0 | D9: 0 | E9: 0 | F9: 0 | G9: 0 | H9: 0 | I9: 0 | J9: 0 | K9: 0 | L9: 0 | M9: 0 | N9: 0 | O9: 0 | P9: 0 | Q9: 0 | R9: 0 | S9: 0 | T9: 0 | U9: 0 | V9: 0 | W9: 0 | X9: 0 | Y9: 0 | Z9: 0 | AA9: 0 | AB9: 0 | AC9: 0 | AD9: 0 | AE9: 0 | AF9: 0 | AG9: 0 | AH9: 0 | AI9: 0 | AJ9: 0 | AK9: 0 | AL9: 0 | AM9: 0 | AN9: 0 | AO9: 0 | AP9: 0 | AQ9: 0 | AR9: 0
A10: LPG propane or butane (BTU) | B10: 0 | C10: 0 | D10: 0 | E10: 0 | F10: 0 | G10: 0 | H10: 0 | I10: 0 | J10: 0 | K10: 0 | L10: 0 | M10: 0 | N10: 0 | O10: 0 | P10: 0 | Q10: 0 | R10: 0 | S10: 0 | T10: 0 | U10: 0 | V10: 0 | W10: 0 | X10: 0 | Y10: 0 | Z10: 0 | AA10: 0 | AB10: 0 | AC10: 0 | AD10: 0 | AE10: 0 | AF10: 0 | AG10: 0 | AH10: 0 | AI10: 0 | AJ10: 0 | AK10: 0 | AL10: 0 | AM10: 0 | AN10: 0 | AO10: 0 | AP10: 0 | AQ10: 0 | AR10: 0
A11: hydrogen(BTU) | B11: =建筑各项能耗拆分!$B$18*建筑各项能耗拆分!B109 -> 0 | C11: =建筑各项能耗拆分!$B$18*建筑各项能耗拆分!C109 -> 0 | D11: =建筑各项能耗拆分!$B$18*建筑各项能耗拆分!D109 -> 0 | E11: =建筑各项能耗拆分!$B$18*建筑各项能耗拆分!E109 -> 0 | F11: =建筑各项能耗拆分!$B$18*建筑各项能耗拆分!F109 -> 0 | G11: =建筑各项能耗拆分!$B$18*建筑各项能耗拆分!G109 -> 0 | H11: =建筑各项能耗拆分!$B$18*建筑各项能耗拆分!H109 -> 0 | I11: =建筑各项能耗拆分!$B$18*建筑各项能耗拆分!I109 -> 0 | ... AR11: =建筑各项能耗拆分!$B$18*建筑各项能耗拆分!AR109 -> 0
A16: 集中供暖清洁化 | B16: 2018 | C16: 2019 | D16: 2020 | E16: 2021 | F16: 2022 | G16: 2023 | H16: 2024 | I16: 2025 | J16: 2026 | K16: 2027 | L16: 2028 | M16: 2029 | N16: 2030 | O16: 2031 | P16: 2032 | Q16: 2033 | R16: 2034 | S16: 2035 | T16: 2036 | U16: 2037 | V16: 2038 | W16: 2039 | X16: 2040 | Y16: 2041 | Z16: 2042 | AA16: 2043 | AB16: 2044 | AC16: 2045 | AD16: 2046 | AE16: 2047 | AF16: 2048 | AG16: 2049 | AH16: 2050 | AI16: 2051 | AJ16: 2052 | AK16: 2053 | AL16: 2054 | AM16: 2055 | AN16: 2056 | AO16: 2057 | AP16: 2058 | AQ16: 2059 | AR16: 2060
A17: 电力供暖 | B17: 0 | C17: 0 | D17: 0 | E17: 0.008 | F17: 0.016 | G17: 0.024 | H17: 0.032 | I17: 0.04 | J17: 0.048 | K17: 0.056 | L17: 0.064 | M17: 0.072 | N17: 0.08 | O17: 0.084 | P17: 0.088 | Q17: 0.092 | R17: 0.096 | S17: 0.1 | T17: 0.104 | U17: 0.108 | V17: 0.112 | W17: 0.116 | X17: 0.12 | Y17: 0.124 | Z17: 0.128 | AA17: 0.132 | AB17: 0.136 | AC17: 0.14 | AD17: 0.144 | AE17: 0.148 | AF17: 0.152 | AG17: 0.156 | AH17: 0.16 | AI17: 0.164 | AJ17: 0.168 | AK17: 0.172 | AL17: 0.176 | AM17: 0.18 | AN17: 0.184 | AO17: 0.188 | AP17: 0.192 | AQ17: 0.196 | AR17: 0.2
A18: 余热 | B18: 0 | C18: 0 | D18: 0 | E18: 0.02 | F18: 0.04 | G18: 0.06 | H18: 0.08 | I18: 0.1 | J18: 0.12 | K18: 0.14 | L18: 0.16 | M18: 0.18 | N18: 0.2 | O18: 0.22 | P18: 0.24 | Q18: 0.26 | R18: 0.28 | S18: 0.3 | T18: 0.32 | U18: 0.34 | V18: 0.36 | W18: 0.38 | X18: 0.4 | Y18: 0.42 | Z18: 0.44 | AA18: 0.46 | AB18: 0.48 | AC18: 0.5 | AD18: 0.52 | AE18: 0.54 | AF18: 0.56 | AG18: 0.58 | AH18: 0.6 | AI18: 0.62 | AJ18: 0.64 | AK18: 0.66 | AL18: 0.68 | AM18: 0.7 | AN18: 0.72 | AO18: 0.74 | AP18: 0.76 | AQ18: 0.78 | AR18: 0.8
A19: 合计 | B19: =SUM(B17:B18) -> 0 | C19: =SUM(C17:C18) -> 0 | D19: =SUM(D17:D18) -> 0 | E19: =SUM(E17:E18) -> 0.028 | F19: =SUM(F17:F18) -> 0.056 | G19: =SUM(G17:G18) -> 0.084 | H19: =SUM(H17:H18) -> 0.112 | I19: =SUM(I17:I18) -> 0.14 | ... AR19: =SUM(AR17:AR18) -> 1

Sheet rural-residential-cooling
B1: 2018 | C1: 2019 | D1: 2020 | E1: 2021 | F1: 2022 | G1: 2023 | H1: 2024 | I1: 2025 | J1: 2026 | K1: 2027 | L1: 2028 | M1: 2029 | N1: 2030 | O1: 2031 | P1: 2032 | Q1: 2033 | R1: 2034 | S1: 2035 | T1: 2036 | U1: 2037 | V1: 2038 | W1: 2039 | X1: 2040 | Y1: 2041 | Z1: 2042 | AA1: 2043 | AB1: 2044 | AC1: 2045 | AD1: 2046 | AE1: 2047 | AF1: 2048 | AG1: 2049 | AH1: 2050 | AI1: 2051 | AJ1: 2052 | AK1: 2053 | AL1: 2054 | AM1: 2055 | AN1: 2056 | AO1: 2057 | AP1: 2058 | AQ1: 2059 | AR1: 2060
A2: electricity (BTU) | B2: =建筑各项能耗拆分!$B$18*建筑各项能耗拆分!B113 -> 3.5849461e+13 | C2: =建筑各项能耗拆分!$B$18*建筑各项能耗拆分!C113 -> 3.5594929e+13 | D2: =建筑各项能耗拆分!$B$18*建筑各项能耗拆分!D113 -> 3.4587129e+13 | E2: =建筑各项能耗拆分!$B$18*建筑各项能耗拆分!E113 -> 3.3943738e+13 | F2: =建筑各项能耗拆分!$B$18*建筑各项能耗拆分!F113 -> 3.3841456e+13 | G2: =建筑各项能耗拆分!$B$18*建筑各项能耗拆分!G113 -> 3.3724176e+13 | H2: =建筑各项能耗拆分!$B$18*建筑各项能耗拆分!H113 -> 3.3592169e+13 | I2: =建筑各项能耗拆分!$B$18*建筑各项能耗拆分!I113 -> 3.3445728e+13 | ... AR2: =建筑各项能耗拆分!$B$18*建筑各项能耗拆分!AR113 -> 2.0758548e+13
A3: coal (BTU) | B3: =建筑各项能耗拆分!$B$18*建筑各项能耗拆分!B114 -> 0 | C3: =建筑各项能耗拆分!$B$18*建筑各项能耗拆分!C114 -> 0 | D3: =建筑各项能耗拆分!$B$18*建筑各项能耗拆分!D114 -> 0 | E3: =建筑各项能耗拆分!$B$18*建筑各项能耗拆分!E114 -> 0 | F3: =建筑各项能耗拆分!$B$18*建筑各项能耗拆分!F114 -> 0 | G3: =建筑各项能耗拆分!$B$18*建筑各项能耗拆分!G114 -> 0 | H3: =建筑各项能耗拆分!$B$18*建筑各项能耗拆分!H114 -> 0 | I3: =建筑各项能耗拆分!$B$18*建筑各项能耗拆分!I114 -> 0 | ... AR3: =建筑各项能耗拆分!$B$18*建筑各项能耗拆分!AR114 -> 0
A4: natural gas (BTU) | B4: =建筑各项能耗拆分!$B$18*建筑各项能耗拆分!B115 -> 0 | C4: =建筑各项能耗拆分!$B$18*建筑各项能耗拆分!C115 -> 0 | D4: =建筑各项能耗拆分!$B$18*建筑各项能耗拆分!D115 -> 0 | E4: =建筑各项能耗拆分!$B$18*建筑各项能耗拆分!E115 -> 0 | F4: =建筑各项能耗拆分!$B$18*建筑各项能耗拆分!F115 -> 0 | G4: =建筑各项能耗拆分!$B$18*建筑各项能耗拆分!G115 -> 0 | H4: =建筑各项能耗拆分!$B$18*建筑各项能耗拆分!H115 -> 0 | I4: =建筑各项能耗拆分!$B$18*建筑各项能耗拆分!I115 -> 0 | ... AR4: =建筑各项能耗拆分!$B$18*建筑各项能耗拆分!AR115 -> 0
A5: petroleum diesel (BTU) | B5: =建筑各项能耗拆分!$B$18*建筑各项能耗拆分!B116 -> 0 | C5: =建筑各项能耗拆分!$B$18*建筑各项能耗拆分!C116 -> 0 | D5: =建筑各项能耗拆分!$B$18*建筑各项能耗拆分!D116 -> 0 | E5: =建筑各项能耗拆分!$B$18*建筑各项能耗拆分!E116 -> 0 | F5: =建筑各项能耗拆分!$B$18*建筑各项能耗拆分!F116 -> 0 | G5: =建筑各项能耗拆分!$B$18*建筑各项能耗拆分!G116 -> 0 | H5: =建筑各项能耗拆分!$B$18*建筑各项能耗拆分!H116 -> 0 | I5: =建筑各项能耗拆分!$B$18*建筑各项能耗拆分!I116 -> 0 | ... AR5: =建筑各项能耗拆分!$B$18*建筑各项能耗拆分!AR116 -> 0
A6: heat (BTU) | B6: =建筑各项能耗拆分!$B$18*建筑各项能耗拆分!B117 -> 0 | C6: =建筑各项能耗拆分!$B$18*建筑各项能耗拆分!C117 -> 0 | D6: =建筑各项能耗拆分!$B$18*建筑各项能耗拆分!D117 -> 0 | E6: =建筑各项能耗拆分!$B$18*建筑各项能耗拆分!E117 -> 0 | F6: =建筑各项能耗拆分!$B$18*建筑各项能耗拆分!F117 -> 0 | G6: =建筑各项能耗拆分!$B$18*建筑各项能耗拆分!G117 -> 0 | H6: =建筑各项能耗拆分!$B$18*建筑各项能耗拆分!H117 -> 0 | I6: =建筑各项能耗拆分!$B$18*建筑各项能耗拆分!I117 -> 0 | ... AR6: =建筑各项能耗拆分!$B$18*建筑各项能耗拆分!AR117 -> 0
A7: biomass (BTU) | B7: =建筑各项能耗拆分!$B$18*建筑各项能耗拆分!B118 -> 0 | C7: =建筑各项能耗拆分!$B$18*建筑各项能耗拆分!C118 -> 0 | D7: =建筑各项能耗拆分!$B$18*建筑各项能耗拆分!D118 -> 0 | E7: =建筑各项能耗拆分!$B$18*建筑各项能耗拆分!E118 -> 0 | F7: =建筑各项能耗拆分!$B$18*建筑各项能耗拆分!F118 -> 0 | G7: =建筑各项能耗拆分!$B$18*建筑各项能耗拆分!G118 -> 0 | H7: =建筑各项能耗拆分!$B$18*建筑各项能耗拆分!H118 -> 0 | I7: =建筑各项能耗拆分!$B$18*建筑各项能耗拆分!I118 -> 0 | ... AR7: =建筑各项能耗拆分!$B$18*建筑各项能耗拆分!AR118 -> 0
A8: kerosene (BTU) | B8: =建筑各项能耗拆分!$B$18*建筑各项能耗拆分!B119 -> 0 | C8: =建筑各项能耗拆分!$B$18*建筑各项能耗拆分!C119 -> 0 | D8: =建筑各项能耗拆分!$B$18*建筑各项能耗拆分!D119 -> 0 | E8: =建筑各项能耗拆分!$B$18*建筑各项能耗拆分!E119 -> 0 | F8: =建筑各项能耗拆分!$B$18*建筑各项能耗拆分!F119 -> 0 | G8: =建筑各项能耗拆分!$B$18*建筑各项能耗拆分!G119 -> 0 | H8: =建筑各项能耗拆分!$B$18*建筑各项能耗拆分!H119 -> 0 | I8: =建筑各项能耗拆分!$B$18*建筑各项能耗拆分!I119 -> 0 | ... AR8: =建筑各项能耗拆分!$B$18*建筑各项能耗拆分!AR119 -> 0
A9: heavy or residual fuel oil (BTU) | B9: =建筑各项能耗拆分!$B$18*建筑各项能耗拆分!B120 -> 0 | C9: =建筑各项能耗拆分!$B$18*建筑各项能耗拆分!C120 -> 0 | D9: =建筑各项能耗拆分!$B$18*建筑各项能耗拆分!D120 -> 0 | E9: =建筑各项能耗拆分!$B$18*建筑各项能耗拆分!E120 -> 0 | F9: =建筑各项能耗拆分!$B$18*建筑各项能耗拆分!F120 -> 0 | G9: =建筑各项能耗拆分!$B$18*建筑各项能耗拆分!G120 -> 0 | H9: =建筑各项能耗拆分!$B$18*建筑各项能耗拆分!H120 -> 0 | I9: =建筑各项能耗拆分!$B$18*建筑各项能耗拆分!I120 -> 0 | ... AR9: =建筑各项能耗拆分!$B$18*建筑各项能耗拆分!AR120 -> 0
A10: LPG propane or butane (BTU) | B10: =建筑各项能耗拆分!$B$18*建筑各项能耗拆分!B121 -> 0 | C10: =建筑各项能耗拆分!$B$18*建筑各项能耗拆分!C121 -> 0 | D10: =建筑各项能耗拆分!$B$18*建筑各项能耗拆分!D121 -> 0 | E10: =建筑各项能耗拆分!$B$18*建筑各项能耗拆分!E121 -> 0 | F10: =建筑各项能耗拆分!$B$18*建筑各项能耗拆分!F121 -> 0 | G10: =建筑各项能耗拆分!$B$18*建筑各项能耗拆分!G121 -> 0 | H10: =建筑各项能耗拆分!$B$18*建筑各项能耗拆分!H121 -> 0 | I10: =建筑各项能耗拆分!$B$18*建筑各项能耗拆分!I121 -> 0 | ... AR10: =建筑各项能耗拆分!$B$18*建筑各项能耗拆分!AR121 -> 0
A11: hydrogen(BTU) | B11: =建筑各项能耗拆分!$B$18*建筑各项能耗拆分!B122 -> 0 | C11: =建筑各项能耗拆分!$B$18*建筑各项能耗拆分!C122 -> 0 | D11: =建筑各项能耗拆分!$B$18*建筑各项能耗拆分!D122 -> 0 | E11: =建筑各项能耗拆分!$B$18*建筑各项能耗拆分!E122 -> 0 | F11: =建筑各项能耗拆分!$B$18*建筑各项能耗拆分!F122 -> 0 | G11: =建筑各项能耗拆分!$B$18*建筑各项能耗拆分!G122 -> 0 | H11: =建筑各项能耗拆分!$B$18*建筑各项能耗拆分!H122 -> 0 | I11: =建筑各项能耗拆分!$B$18*建筑各项能耗拆分!I122 -> 0 | ... AR11: =建筑各项能耗拆分!$B$18*建筑各项能耗拆分!AR122 -> 0

Sheet rural-residential-lighting
B1: 2018 | C1: 2019 | D1: 2020 | E1: 2021 | F1: 2022 | G1: 2023 | H1: 2024 | I1: 2025 | J1: 2026 | K1: 2027 | L1: 2028 | M1: 2029 | N1: 2030 | O1: 2031 | P1: 2032 | Q1: 2033 | R1: 2034 | S1: 2035 | T1: 2036 | U1: 2037 | V1: 2038 | W1: 2039 | X1: 2040 | Y1: 2041 | Z1: 2042 | AA1: 2043 | AB1: 2044 | AC1: 2045 | AD1: 2046 | AE1: 2047 | AF1: 2048 | AG1: 2049 | AH1: 2050 | AI1: 2051 | AJ1: 2052 | AK1: 2053 | AL1: 2054 | AM1: 2055 | AN1: 2056 | AO1: 2057 | AP1: 2058 | AQ1: 2059 | AR1: 2060
A2: electricity (BTU) | B2: =建筑各项能耗拆分!$B$18*建筑各项能耗拆分!B139 -> 1.4448419e+14 | C2: =建筑各项能耗拆分!$B$18*建筑各项能耗拆分!C139 -> 1.4345835e+14 | D2: =建筑各项能耗拆分!$B$18*建筑各项能耗拆分!D139 -> 1.3939661e+14 | E2: =建筑各项能耗拆分!$B$18*建筑各项能耗拆分!E139 -> 1.3680355e+14 | F2: =建筑各项能耗拆分!$B$18*建筑各项能耗拆分!F139 -> 1.3639132e+14 | G2: =建筑各项能耗拆分!$B$18*建筑各项能耗拆分!G139 -> 1.3591865e+14 | H2: =建筑各项能耗拆分!$B$18*建筑各项能耗拆分!H139 -> 1.3538662e+14 | I2: =建筑各项能耗拆分!$B$18*建筑各项能耗拆分!I139 -> 1.3479642e+14 | ... AR2: =建筑各项能耗拆分!$B$18*建筑各项能耗拆分!AR139 -> 8.3663239e+13
A3: coal (BTU) | B3: =建筑各项能耗拆分!$B$18*建筑各项能耗拆分!B140 -> 0 | C3: =建筑各项能耗拆分!$B$18*建筑各项能耗拆分!C140 -> 0 | D3: =建筑各项能耗拆分!$B$18*建筑各项能耗拆分!D140 -> 0 | E3: =建筑各项能耗拆分!$B$18*建筑各项能耗拆分!E140 -> 0 | F3: =建筑各项能耗拆分!$B$18*建筑各项能耗拆分!F140 -> 0 | G3: =建筑各项能耗拆分!$B$18*建筑各项能耗拆分!G140 -> 0 | H3: =建筑各项能耗拆分!$B$18*建筑各项能耗拆分!H140 -> 0 | I3: =建筑各项能耗拆分!$B$18*建筑各项能耗拆分!I140 -> 0 | ... AR3: =建筑各项能耗拆分!$B$18*建筑各项能耗拆分!AR140 -> 0
A4: natural gas (BTU) | B4: =建筑各项能耗拆分!$B$18*建筑各项能耗拆分!B141 -> 0 | C4: =建筑各项能耗拆分!$B$18*建筑各项能耗拆分!C141 -> 0 | D4: =建筑各项能耗拆分!$B$18*建筑各项能耗拆分!D141 -> 0 | E4: =建筑各项能耗拆分!$B$18*建筑各项能耗拆分!E141 -> 0 | F4: =建筑各项能耗拆分!$B$18*建筑各项能耗拆分!F141 -> 0 | G4: =建筑各项能耗拆分!$B$18*建筑各项能耗拆分!G141 -> 0 | H4: =建筑各项能耗拆分!$B$18*建筑各项能耗拆分!H141 -> 0 | I4: =建筑各项能耗拆分!$B$18*建筑各项能耗拆分!I141 -> 0 | ... AR4: =建筑各项能耗拆分!$B$18*建筑各项能耗拆分!AR141 -> 0
A5: petroleum diesel (BTU) | B5: =建筑各项能耗拆分!$B$18*建筑各项能耗拆分!B142 -> 0 | C5: =建筑各项能耗拆分!$B$18*建筑各项能耗拆分!C142 -> 0 | D5: =建筑各项能耗拆分!$B$18*建筑各项能耗拆分!D142 -> 0 | E5: =建筑各项能耗拆分!$B$18*建筑各项能耗拆分!E142 -> 0 | F5: =建筑各项能耗拆分!$B$18*建筑各项能耗拆分!F142 -> 0 | G5: =建筑各项能耗拆分!$B$18*建筑各项能耗拆分!G142 -> 0 | H5: =建筑各项能耗拆分!$B$18*建筑各项能耗拆分!H142 -> 0 | I5: =建筑各项能耗拆分!$B$18*建筑各项能耗拆分!I142 -> 0 | ... AR5: =建筑各项能耗拆分!$B$18*建筑各项能耗拆分!AR142 -> 0
A6: heat (BTU) | B6: =建筑各项能耗拆分!$B$18*建筑各项能耗拆分!B143 -> 0 | C6: =建筑各项能耗拆分!$B$18*建筑各项能耗拆分!C143 -> 0 | D6: =建筑各项能耗拆分!$B$18*建筑各项能耗拆分!D143 -> 0 | E6: =建筑各项能耗拆分!$B$18*建筑各项能耗拆分!E143 -> 0 | F6: =建筑各项能耗拆分!$B$18*建筑各项能耗拆分!F143 -> 0 | G6: =建筑各项能耗拆分!$B$18*建筑各项能耗拆分!G143 -> 0 | H6: =建筑各项能耗拆分!$B$18*建筑各项能耗拆分!H143 -> 0 | I6: =建筑各项能耗拆分!$B$18*建筑各项能耗拆分!I143 -> 0 | ... AR6: =建筑各项能耗拆分!$B$18*建筑各项能耗拆分!AR143 -> 0
A7: biomass (BTU) | B7: =建筑各项能耗拆分!$B$18*建筑各项能耗拆分!B144 -> 0 | C7: =建筑各项能耗拆分!$B$18*建筑各项能耗拆分!C144 -> 0 | D7: =建筑各项能耗拆分!$B$18*建筑各项能耗拆分!D144 -> 0 | E7: =建筑各项能耗拆分!$B$18*建筑各项能耗拆分!E144 -> 0 | F7: =建筑各项能耗拆分!$B$18*建筑各项能耗拆分!F144 -> 0 | G7: =建筑各项能耗拆分!$B$18*建筑各项能耗拆分!G144 -> 0 | H7: =建筑各项能耗拆分!$B$18*建筑各项能耗拆分!H144 -> 0 | I7: =建筑各项能耗拆分!$B$18*建筑各项能耗拆分!I144 -> 0 | ... AR7: =建筑各项能耗拆分!$B$18*建筑各项能耗拆分!AR144 -> 0
A8: kerosene (BTU) | B8: =建筑各项能耗拆分!$B$18*建筑各项能耗拆分!B145 -> 0 | C8: =建筑各项能耗拆分!$B$18*建筑各项能耗拆分!C145 -> 0 | D8: =建筑各项能耗拆分!$B$18*建筑各项能耗拆分!D145 -> 0 | E8: =建筑各项能耗拆分!$B$18*建筑各项能耗拆分!E145 -> 0 | F8: =建筑各项能耗拆分!$B$18*建筑各项能耗拆分!F145 -> 0 | G8: =建筑各项能耗拆分!$B$18*建筑各项能耗拆分!G145 -> 0 | H8: =建筑各项能耗拆分!$B$18*建筑各项能耗拆分!H145 -> 0 | I8: =建筑各项能耗拆分!$B$18*建筑各项能耗拆分!I145 -> 0 | ... AR8: =建筑各项能耗拆分!$B$18*建筑各项能耗拆分!AR145 -> 0
A9: heavy or residual fuel oil (BTU) | B9: =建筑各项能耗拆分!$B$18*建筑各项能耗拆分!B146 -> 0 | C9: =建筑各项能耗拆分!$B$18*建筑各项能耗拆分!C146 -> 0 | D9: =建筑各项能耗拆分!$B$18*建筑各项能耗拆分!D146 -> 0 | E9: =建筑各项能耗拆分!$B$18*建筑各项能耗拆分!E146 -> 0 | F9: =建筑各项能耗拆分!$B$18*建筑各项能耗拆分!F146 -> 0 | G9: =建筑各项能耗拆分!$B$18*建筑各项能耗拆分!G146 -> 0 | H9: =建筑各项能耗拆分!$B$18*建筑各项能耗拆分!H146 -> 0 | I9: =建筑各项能耗拆分!$B$18*建筑各项能耗拆分!I146 -> 0 | ... AR9: =建筑各项能耗拆分!$B$18*建筑各项能耗拆分!AR146 -> 0
A10: LPG propane or butane (BTU) | B10: =建筑各项能耗拆分!$B$18*建筑各项能耗拆分!B147 -> 0 | C10: =建筑各项能耗拆分!$B$18*建筑各项能耗拆分!C147 -> 0 | D10: =建筑各项能耗拆分!$B$18*建筑各项能耗拆分!D147 -> 0 | E10: =建筑各项能耗拆分!$B$18*建筑各项能耗拆分!E147 -> 0 | F10: =建筑各项能耗拆分!$B$18*建筑各项能耗拆分!F147 -> 0 | G10: =建筑各项能耗拆分!$B$18*建筑各项能耗拆分!G147 -> 0 | H10: =建筑各项能耗拆分!$B$18*建筑各项能耗拆分!H147 -> 0 | I10: =建筑各项能耗拆分!$B$18*建筑各项能耗拆分!I147 -> 0 | ... AR10: =建筑各项能耗拆分!$B$18*建筑各项能耗拆分!AR147 -> 0
A11: hydrogen(BTU) | B11: =建筑各项能耗拆分!$B$18*建筑各项能耗拆分!B148 -> 0 | C11: =建筑各项能耗拆分!$B$18*建筑各项能耗拆分!C148 -> 0 | D11: =建筑各项能耗拆分!$B$18*建筑各项能耗拆分!D148 -> 0 | E11: =建筑各项能耗拆分!$B$18*建筑各项能耗拆分!E148 -> 0 | F11: =建筑各项能耗拆分!$B$18*建筑各项能耗拆分!F148 -> 0 | G11: =建筑各项能耗拆分!$B$18*建筑各项能耗拆分!G148 -> 0 | H11: =建筑各项能耗拆分!$B$18*建筑各项能耗拆分!H148 -> 0 | I11: =建筑各项能耗拆分!$B$18*建筑各项能耗拆分!I148 -> 0 | ... AR11: =建筑各项能耗拆分!$B$18*建筑各项能耗拆分!AR148 -> 0

Sheet rural-residential-appliance0
B1: 2018 | C1: 2019 | D1: 2020 | E1: 2021 | F1: 2022 | G1: 2023 | H1: 2024 | I1: 2025 | J1: 2026 | K1: 2027 | L1: 2028 | M1: 2029 | N1: 2030 | O1: 2031 | P1: 2032 | Q1: 2033 | R1: 2034 | S1: 2035 | T1: 2036 | U1: 2037 | V1: 2038 | W1: 2039 | X1: 2040 | Y1: 2041 | Z1: 2042 | AA1: 2043 | AB1: 2044 | AC1: 2045 | AD1: 2046 | AE1: 2047 | AF1: 2048 | AG1: 2049 | AH1: 2050 | AI1: 2051 | AJ1: 2052 | AK1: 2053 | AL1: 2054 | AM1: 2055 | AN1: 2056 | AO1: 2057 | AP1: 2058 | AQ1: 2059 | AR1: 2060
A2: electricity (BTU) | B2: =建筑各项能耗拆分!$B$18*建筑各项能耗拆分!B152 -> 5.7793676e+14 | C2: =建筑各项能耗拆分!$B$18*建筑各项能耗拆分!C152 -> 5.7383341e+14 | D2: =建筑各项能耗拆分!$B$18*建筑各项能耗拆分!D152 -> 5.5758644e+14 | E2: =建筑各项能耗拆分!$B$18*建筑各项能耗拆分!E152 -> 5.472142e+14 | F2: =建筑各项能耗拆分!$B$18*建筑各项能耗拆分!F152 -> 5.4556529e+14 | G2: =建筑各项能耗拆分!$B$18*建筑各项能耗拆分!G152 -> 543674591095229 | H2: =建筑各项能耗拆分!$B$18*建筑各项能耗拆分!H152 -> 5.4154649e+14 | I2: =建筑各项能耗拆分!$B$18*建筑各项能耗拆分!I152 -> 5.3918567e+14 | ... AR2: =建筑各项能耗拆分!$B$18*建筑各项能耗拆分!AR152 -> 3.3465296e+14
A3: coal (BTU) | B3: =建筑各项能耗拆分!$B$18*建筑各项能耗拆分!B153 -> 0 | C3: =建筑各项能耗拆分!$B$18*建筑各项能耗拆分!C153 -> 0 | D3: =建筑各项能耗拆分!$B$18*建筑各项能耗拆分!D153 -> 0 | E3: =建筑各项能耗拆分!$B$18*建筑各项能耗拆分!E153 -> 0 | F3: =建筑各项能耗拆分!$B$18*建筑各项能耗拆分!F153 -> 0 | G3: =建筑各项能耗拆分!$B$18*建筑各项能耗拆分!G153 -> 0 | H3: =建筑各项能耗拆分!$B$18*建筑各项能耗拆分!H153 -> 0 | I3: =建筑各项能耗拆分!$B$18*建筑各项能耗拆分!I153 -> 0 | ... AR3: =建筑各项能耗拆分!$B$18*建筑各项能耗拆分!AR153 -> 0
A4: natural gas (BTU) | B4: =建筑各项能耗拆分!$B$18*建筑各项能耗拆分!B154 -> 0 | C4: =建筑各项能耗拆分!$B$18*建筑各项能耗拆分!C154 -> 0 | D4: =建筑各项能耗拆分!$B$18*建筑各项能耗拆分!D154 -> 0 | E4: =建筑各项能耗拆分!$B$18*建筑各项能耗拆分!E154 -> 0 | F4: =建筑各项能耗拆分!$B$18*建筑各项能耗拆分!F154 -> 0 | G4: =建筑各项能耗拆分!$B$18*建筑各项能耗拆分!G154 -> 0 | H4: =建筑各项能耗拆分!$B$18*建筑各项能耗拆分!H154 -> 0 | I4: =建筑各项能耗拆分!$B$18*建筑各项能耗拆分!I154 -> 0 | ... AR4: =建筑各项能耗拆分!$B$18*建筑各项能耗拆分!AR154 -> 0
A5: petroleum diesel (BTU) | B5: =建筑各项能耗拆分!$B$18*建筑各项能耗拆分!B155 -> 0 | C5: =建筑各项能耗拆分!$B$18*建筑各项能耗拆分!C155 -> 0 | D5: =建筑各项能耗拆分!$B$18*建筑各项能耗拆分!D155 -> 0 | E5: =建筑各项能耗拆分!$B$18*建筑各项能耗拆分!E155 -> 0 | F5: =建筑各项能耗拆分!$B$18*建筑各项能耗拆分!F155 -> 0 | G5: =建筑各项能耗拆分!$B$18*建筑各项能耗拆分!G155 -> 0 | H5: =建筑各项能耗拆分!$B$18*建筑各项能耗拆分!H155 -> 0 | I5: =建筑各项能耗拆分!$B$18*建筑各项能耗拆分!I155 -> 0 | ... AR5: =建筑各项能耗拆分!$B$18*建筑各项能耗拆分!AR155 -> 0
A6: heat (BTU) | B6: =建筑各项能耗拆分!$B$18*建筑各项能耗拆分!B156 -> 0 | C6: =建筑各项能耗拆分!$B$18*建筑各项能耗拆分!C156 -> 0 | D6: =建筑各项能耗拆分!$B$18*建筑各项能耗拆分!D156 -> 0 | E6: =建筑各项能耗拆分!$B$18*建筑各项能耗拆分!E156 -> 0 | F6: =建筑各项能耗拆分!$B$18*建筑各项能耗拆分!F156 -> 0 | G6: =建筑各项能耗拆分!$B$18*建筑各项能耗拆分!G156 -> 0 | H6: =建筑各项能耗拆分!$B$18*建筑各项能耗拆分!H156 -> 0 | I6: =建筑各项能耗拆分!$B$18*建筑各项能耗拆分!I156 -> 0 | ... AR6: =建筑各项能耗拆分!$B$18*建筑各项能耗拆分!AR156 -> 0
A7: biomass (BTU) | B7: =建筑各项能耗拆分!$B$18*建筑各项能耗拆分!B157 -> 0 | C7: =建筑各项能耗拆分!$B$18*建筑各项能耗拆分!C157 -> 0 | D7: =建筑各项能耗拆分!$B$18*建筑各项能耗拆分!D157 -> 0 | E7: =建筑各项能耗拆分!$B$18*建筑各项能耗拆分!E157 -> 0 | F7: =建筑各项能耗拆分!$B$18*建筑各项能耗拆分!F157 -> 0 | G7: =建筑各项能耗拆分!$B$18*建筑各项能耗拆分!G157 -> 0 | H7: =建筑各项能耗拆分!$B$18*建筑各项能耗拆分!H157 -> 0 | I7: =建筑各项能耗拆分!$B$18*建筑各项能耗拆分!I157 -> 0 | ... AR7: =建筑各项能耗拆分!$B$18*建筑各项能耗拆分!AR157 -> 0
A8: kerosene (BTU) | B8: =建筑各项能耗拆分!$B$18*建筑各项能耗拆分!B158 -> 0 | C8: =建筑各项能耗拆分!$B$18*建筑各项能耗拆分!C158 -> 0 | D8: =建筑各项能耗拆分!$B$18*建筑各项能耗拆分!D158 -> 0 | E8: =建筑各项能耗拆分!$B$18*建筑各项能耗拆分!E158 -> 0 | F8: =建筑各项能耗拆分!$B$18*建筑各项能耗拆分!F158 -> 0 | G8: =建筑各项能耗拆分!$B$18*建筑各项能耗拆分!G158 -> 0 | H8: =建筑各项能耗拆分!$B$18*建筑各项能耗拆分!H158 -> 0 | I8: =建筑各项能耗拆分!$B$18*建筑各项能耗拆分!I158 -> 0 | ... AR8: =建筑各项能耗拆分!$B$18*建筑各项能耗拆分!AR158 -> 0
A9: heavy or residual fuel oil (BTU) | B9: =建筑各项能耗拆分!$B$18*建筑各项能耗拆分!B159 -> 0 | C9: =建筑各项能耗拆分!$B$18*建筑各项能耗拆分!C159 -> 0 | D9: =建筑各项能耗拆分!$B$18*建筑各项能耗拆分!D159 -> 0 | E9: =建筑各项能耗拆分!$B$18*建筑各项能耗拆分!E159 -> 0 | F9: =建筑各项能耗拆分!$B$18*建筑各项能耗拆分!F159 -> 0 | G9: =建筑各项能耗拆分!$B$18*建筑各项能耗拆分!G159 -> 0 | H9: =建筑各项能耗拆分!$B$18*建筑各项能耗拆分!H159 -> 0 | I9: =建筑各项能耗拆分!$B$18*建筑各项能耗拆分!I159 -> 0 | ... AR9: =建筑各项能耗拆分!$B$18*建筑各项能耗拆分!AR159 -> 0
A10: LPG propane or butane (BTU) | B10: =建筑各项能耗拆分!$B$18*建筑各项能耗拆分!B160 -> 0 | C10: =建筑各项能耗拆分!$B$18*建筑各项能耗拆分!C160 -> 0 | D10: =建筑各项能耗拆分!$B$18*建筑各项能耗拆分!D160 -> 0 | E10: =建筑各项能耗拆分!$B$18*建筑各项能耗拆分!E160 -> 0 | F10: =建筑各项能耗拆分!$B$18*建筑各项能耗拆分!F160 -> 0 | G10: =建筑各项能耗拆分!$B$18*建筑各项能耗拆分!G160 -> 0 | H10: =建筑各项能耗拆分!$B$18*建筑各项能耗拆分!H160 -> 0 | I10: =建筑各项能耗拆分!$B$18*建筑各项能耗拆分!I160 -> 0 | ... AR10: =建筑各项能耗拆分!$B$18*建筑各项能耗拆分!AR160 -> 0
A11: hydrogen(BTU) | B11: =建筑各项能耗拆分!$B$18*建筑各项能耗拆分!B161 -> 0 | C11: =建筑各项能耗拆分!$B$18*建筑各项能耗拆分!C161 -> 0 | D11: =建筑各项能耗拆分!$B$18*建筑各项能耗拆分!D161 -> 0 | E11: =建筑各项能耗拆分!$B$18*建筑各项能耗拆分!E161 -> 0 | F11: =建筑各项能耗拆分!$B$18*建筑各项能耗拆分!F161 -> 0 | G11: =建筑各项能耗拆分!$B$18*建筑各项能耗拆分!G161 -> 0 | H11: =建筑各项能耗拆分!$B$18*建筑各项能耗拆分!H161 -> 0 | I11: =建筑各项能耗拆分!$B$18*建筑各项能耗拆分!I161 -> 0 | ... AR11: =建筑各项能耗拆分!$B$18*建筑各项能耗拆分!AR161 -> 0

Sheet rural-residential-appliance1
B1: 2018 | C1: 2019 | D1: 2020 | E1: 2021 | F1: 2022 | G1: 2023 | H1: 2024 | I1: 2025 | J1: 2026 | K1: 2027 | L1: 2028 | M1: 2029 | N1: 2030 | O1: 2031 | P1: 2032 | Q1: 2033 | R1: 2034 | S1: 2035 | T1: 2036 | U1: 2037 | V1: 2038 | W1: 2039 | X1: 2040 | Y1: 2041 | Z1: 2042 | AA1: 2043 | AB1: 2044 | AC1: 2045 | AD1: 2046 | AE1: 2047 | AF1: 2048 | AG1: 2049 | AH1: 2050 | AI1: 2051 | AJ1: 2052 | AK1: 2053 | AL1: 2054 | AM1: 2055 | AN1: 2056 | AO1: 2057 | AP1: 2058 | AQ1: 2059 | AR1: 2060
A2: electricity (BTU) | B2: =建筑各项能耗拆分!$B$18*建筑各项能耗拆分!B100 -> 4.1172562e+14 | C2: =建筑各项能耗拆分!$B$18*建筑各项能耗拆分!C100 -> 4.0880237e+14 | D2: =建筑各项能耗拆分!$B$18*建筑各项能耗拆分!D100 -> 3.9722793e+14 | E2: =建筑各项能耗拆分!$B$18*建筑各项能耗拆分!E100 -> 3.8983869e+14 | F2: =建筑各项能耗拆分!$B$18*建筑各项能耗拆分!F100 -> 3.8866399e+14 | G2: =建筑各项能耗拆分!$B$18*建筑各项能耗拆分!G100 -> 3.8731705e+14 | H2: =建筑各项能耗拆分!$B$18*建筑各项能耗拆分!H100 -> 385800973368450 | I2: =建筑各项能耗拆分!$B$18*建筑各项能耗拆分!I100 -> 3.8411912e+14 | ... AR2: =建筑各项能耗拆分!$B$18*建筑各项能耗拆分!AR100 -> 2.3840878e+14
A3: coal (BTU) | B3: =建筑各项能耗拆分!$B$18*建筑各项能耗拆分!B101 -> 9.9059921e+14 | C3: =建筑各项能耗拆分!$B$18*建筑各项能耗拆分!C101 -> 9.8356596e+14 | D3: =建筑各项能耗拆分!$B$18*建筑各项能耗拆分!D101 -> 9.5571822e+14 | E3: =建筑各项能耗拆分!$B$18*建筑各项能耗拆分!E101 -> 9.3793992e+14 | F3: =建筑各项能耗拆分!$B$18*建筑各项能耗拆分!F101 -> 9.3511364e+14 | G3: =建筑各项能耗拆分!$B$18*建筑各项能耗拆分!G101 -> 9.3187293e+14 | H3: =建筑各项能耗拆分!$B$18*建筑各项能耗拆分!H101 -> 9.282253e+14 | I3: =建筑各项能耗拆分!$B$18*建筑各项能耗拆分!I101 -> 9.2417881e+14 | ... AR3: =建筑各项能耗拆分!$B$18*建筑各项能耗拆分!AR101 -> 5.7360421e+14
A4: natural gas (BTU) | B4: =建筑各项能耗拆分!$B$18*建筑各项能耗拆分!B102 -> 2.0899793e+14 | C4: =建筑各项能耗拆分!$B$18*建筑各项能耗拆分!C102 -> 2.0751404e+14 | D4: =建筑各项能耗拆分!$B$18*建筑各项能耗拆分!D102 -> 2.0163869e+14 | E4: =建筑各项能耗拆分!$B$18*建筑各项能耗拆分!E102 -> 1.978878e+14 | F4: =建筑各项能耗拆分!$B$18*建筑各项能耗拆分!F102 -> 1.9729151e+14 | G4: =建筑各项能耗拆分!$B$18*建筑各项能耗拆分!G102 -> 1.9660778e+14 | H4: =建筑各项能耗拆分!$B$18*建筑各项能耗拆分!H102 -> 1.958382e+14 | I4: =建筑各项能耗拆分!$B$18*建筑各项能耗拆分!I102 -> 1.9498446e+14 | ... AR4: =建筑各项能耗拆分!$B$18*建筑各项能耗拆分!AR102 -> 1.2101977e+14
A5: petroleum diesel (BTU) | B5: =建筑各项能耗拆分!$B$18*建筑各项能耗拆分!B103 -> 0 | C5: =建筑各项能耗拆分!$B$18*建筑各项能耗拆分!C103 -> 0 | D5: =建筑各项能耗拆分!$B$18*建筑各项能耗拆分!D103 -> 0 | E5: =建筑各项能耗拆分!$B$18*建筑各项能耗拆分!E103 -> 0 | F5: =建筑各项能耗拆分!$B$18*建筑各项能耗拆分!F103 -> 0 | G5: =建筑各项能耗拆分!$B$18*建筑各项能耗拆分!G103 -> 0 | H5: =建筑各项能耗拆分!$B$18*建筑各项能耗拆分!H103 -> 0 | I5: =建筑各项能耗拆分!$B$18*建筑各项能耗拆分!I103 -> 0 | ... AR5: =建筑各项能耗拆分!$B$18*建筑各项能耗拆分!AR103 -> 0
A6: heat (BTU) | B6: 0 | C6: 0 | D6: 0 | E6: 0 | F6: 0 | G6: 0 | H6: 0 | I6: 0 | J6: 0 | K6: 0 | L6: 0 | M6: 0 | N6: 0 | O6: 0 | P6: 0 | Q6: 0 | R6: 0 | S6: 0 | T6: 0 | U6: 0 | V6: 0 | W6: 0 | X6: 0 | Y6: 0 | Z6: 0 | AA6: 0 | AB6: 0 | AC6: 0 | AD6: 0 | AE6: 0 | AF6: 0 | AG6: 0 | AH6: 0 | AI6: 0 | AJ6: 0 | AK6: 0 | AL6: 0 | AM6: 0 | AN6: 0 | AO6: 0 | AP6: 0 | AQ6: 0 | AR6: 0
A7: biomass (BTU) | B7: =建筑各项能耗拆分!$B$18*建筑各项能耗拆分!B105 -> 4.6335811e+13 | C7: =建筑各项能耗拆分!$B$18*建筑各项能耗拆分!C105 -> 4.6006826e+13 | D7: =建筑各项能耗拆分!$B$18*建筑各项能耗拆分!D105 -> 4.4704233e+13 | E7: =建筑各项能耗拆分!$B$18*建筑各项能耗拆分!E105 -> 4.3872644e+13 | F7: =建筑各项能耗拆分!$B$18*建筑各项能耗拆分!F105 -> 4.3740443e+13 | G7: =建筑各项能耗拆分!$B$18*建筑各项能耗拆分!G105 -> 4.3588857e+13 | H7: =建筑各项能耗拆分!$B$18*建筑各项能耗拆分!H105 -> 4.3418237e+13 | I7: =建筑各项能耗拆分!$B$18*建筑各项能耗拆分!I105 -> 4.322896e+13 | ... AR7: =建筑各项能耗拆分!$B$18*建筑各项能耗拆分!AR105 -> 2.6830645e+13
A8: kerosene (BTU) | B8: =建筑各项能耗拆分!$B$18*建筑各项能耗拆分!B106 -> 0 | C8: =建筑各项能耗拆分!$B$18*建筑各项能耗拆分!C106 -> 0 | D8: =建筑各项能耗拆分!$B$18*建筑各项能耗拆分!D106 -> 0 | E8: =建筑各项能耗拆分!$B$18*建筑各项能耗拆分!E106 -> 0 | F8: =建筑各项能耗拆分!$B$18*建筑各项能耗拆分!F106 -> 0 | G8: =建筑各项能耗拆分!$B$18*建筑各项能耗拆分!G106 -> 0 | H8: =建筑各项能耗拆分!$B$18*建筑各项能耗拆分!H106 -> 0 | I8: =建筑各项能耗拆分!$B$18*建筑各项能耗拆分!I106 -> 0 | ... AR8: =建筑各项能耗拆分!$B$18*建筑各项能耗拆分!AR106 -> 0
A9: heavy or residual fuel oil (BTU) | B9: =建筑各项能耗拆分!$B$18*建筑各项能耗拆分!B107 -> 0 | C9: =建筑各项能耗拆分!$B$18*建筑各项能耗拆分!C107 -> 0 | D9: =建筑各项能耗拆分!$B$18*建筑各项能耗拆分!D107 -> 0 | E9: =建筑各项能耗拆分!$B$18*建筑各项能耗拆分!E107 -> 0 | F9: =建筑各项能耗拆分!$B$18*建筑各项能耗拆分!F107 -> 0 | G9: =建筑各项能耗拆分!$B$18*建筑各项能耗拆分!G107 -> 0 | H9: =建筑各项能耗拆分!$B$18*建筑各项能耗拆分!H107 -> 0 | I9: =建筑各项能耗拆分!$B$18*建筑各项能耗拆分!I107 -> 0 | ... AR9: =建筑各项能耗拆分!$B$18*建筑各项能耗拆分!AR107 -> 0
A10: LPG propane or butane (BTU) | B10: =建筑各项能耗拆分!$B$18*建筑各项能耗拆分!B108 -> 1.071928e+14 | C10: =建筑各项能耗拆分!$B$18*建筑各项能耗拆分!C108 -> 1.0643173e+14 | D10: =建筑各项能耗拆分!$B$18*建筑各项能耗拆分!D108 -> 1.0341833e+14 | E10: =建筑各项能耗拆分!$B$18*建筑各项能耗拆分!E108 -> 1.0149453e+14 | F10: =建筑各项能耗拆分!$B$18*建筑各项能耗拆分!F108 -> 1.011887e+14 | G10: =建筑各项能耗拆分!$B$18*建筑各项能耗拆分!G108 -> 1.0083803e+14 | H10: =建筑各项能耗拆分!$B$18*建筑各项能耗拆分!H108 -> 1.0044332e+14 | I10: =建筑各项能耗拆分!$B$18*建筑各项能耗拆分!I108 -> 1.0000544e+14 | ... AR10: =建筑各项能耗拆分!$B$18*建筑各项能耗拆分!AR108 -> 6.2069746e+13
A11: hydrogen(BTU) | B11: =建筑各项能耗拆分!$B$18*建筑各项能耗拆分!B109 -> 0 | C11: =建筑各项能耗拆分!$B$18*建筑各项能耗拆分!C109 -> 0 | D11: =建筑各项能耗拆分!$B$18*建筑各项能耗拆分!D109 -> 0 | E11: =建筑各项能耗拆分!$B$18*建筑各项能耗拆分!E109 -> 0 | F11: =建筑各项能耗拆分!$B$18*建筑各项能耗拆分!F109 -> 0 | G11: =建筑各项能耗拆分!$B$18*建筑各项能耗拆分!G109 -> 0 | H11: =建筑各项能耗拆分!$B$18*建筑各项能耗拆分!H109 -> 0 | I11: =建筑各项能耗拆分!$B$18*建筑各项能耗拆分!I109 -> 0 | ... AR11: =建筑各项能耗拆分!$B$18*建筑各项能耗拆分!AR109 -> 0

Sheet rural-residential-other0
B1: 2018 | C1: 2019 | D1: 2020 | E1: 2021 | F1: 2022 | G1: 2023 | H1: 2024 | I1: 2025 | J1: 2026 | K1: 2027 | L1: 2028 | M1: 2029 | N1: 2030 | O1: 2031 | P1: 2032 | Q1: 2033 | R1: 2034 | S1: 2035 | T1: 2036 | U1: 2037 | V1: 2038 | W1: 2039 | X1: 2040 | Y1: 2041 | Z1: 2042 | AA1: 2043 | AB1: 2044 | AC1: 2045 | AD1: 2046 | AE1: 2047 | AF1: 2048 | AG1: 2049 | AH1: 2050 | AI1: 2051 | AJ1: 2052 | AK1: 2053 | AL1: 2054 | AM1: 2055 | AN1: 2056 | AO1: 2057 | AP1: 2058 | AQ1: 2059 | AR1: 2060
A2: electricity (BTU) | B2: =建筑各项能耗拆分!$B$18*建筑各项能耗拆分!B165 -> 3.3242227e+14 | C2: =建筑各项能耗拆分!$B$18*建筑各项能耗拆分!C165 -> 3.3006207e+14 | D2: =建筑各项能耗拆分!$B$18*建筑各项能耗拆分!D165 -> 3.2071701e+14 | E2: =建筑各项能耗拆分!$B$18*建筑各项能耗拆分!E165 -> 3.1475102e+14 | F2: =建筑各项能耗拆分!$B$18*建筑各项能耗拆分!F165 -> 3.1380259e+14 | G2: =建筑各项能耗拆分!$B$18*建筑各项能耗拆分!G165 -> 3.1271508e+14 | H2: =建筑各项能耗拆分!$B$18*建筑各项能耗拆分!H165 -> 311491023352891 | I2: =建筑各项能耗拆分!$B$18*建筑各项能耗拆分!I165 -> 3.1013311e+14 | ... AR2: =建筑各项能耗拆分!$B$18*建筑各项能耗拆分!AR165 -> 1.9248836e+14
A3: coal (BTU) | B3: =建筑各项能耗拆分!$B$18*建筑各项能耗拆分!B166 -> 5.1941532e+13 | C3: =建筑各项能耗拆分!$B$18*建筑各项能耗拆分!C166 -> 5.1572747e+13 | D3: =建筑各项能耗拆分!$B$18*建筑各项能耗拆分!D166 -> 5.0112566e+13 | E3: =建筑各项能耗拆分!$B$18*建筑各项能耗拆分!E166 -> 4.918037e+13 | F3: =建筑各项能耗拆分!$B$18*建筑各项能耗拆分!F166 -> 4.9032176e+13 | G3: =建筑各项能耗拆分!$B$18*建筑各项能耗拆分!G166 -> 4.8862251e+13 | H3: =建筑各项能耗拆分!$B$18*建筑各项能耗拆分!H166 -> 4.867099e+13 | I3: =建筑各项能耗拆分!$B$18*建筑各项能耗拆分!I166 -> 4.8458814e+13 | ... AR3: =建筑各项能耗拆分!$B$18*建筑各项能耗拆分!AR166 -> 3.0076625e+13
A4: natural gas (BTU) | B4: =建筑各项能耗拆分!$B$18*建筑各项能耗拆分!B167 -> 3.84364e+13 | C4: =建筑各项能耗拆分!$B$18*建筑各项能耗拆分!C167 -> 3.8163502e+13 | D4: =建筑各项能耗拆分!$B$18*建筑各项能耗拆分!D167 -> 3.7082977e+13 | E4: =建筑各项能耗拆分!$B$18*建筑各项能耗拆分!E167 -> 3.6393158e+13 | F4: =建筑各项能耗拆分!$B$18*建筑各项能耗拆分!F167 -> 3.6283495e+13 | G4: =建筑各项能耗拆分!$B$18*建筑各项能耗拆分!G167 -> 3.6157752e+13 | H4: =建筑各项能耗拆分!$B$18*建筑各项能耗拆分!H167 -> 3.601622e+13 | I4: =建筑各项能耗拆分!$B$18*建筑各项能耗拆分!I167 -> 3.5859211e+13 | ... AR4: =建筑各项能耗拆分!$B$18*建筑各项能耗拆分!AR167 -> 2.2256509e+13
A5: petroleum diesel (BTU) | B5: =建筑各项能耗拆分!$B$18*建筑各项能耗拆分!B168 -> 0 | C5: =建筑各项能耗拆分!$B$18*建筑各项能耗拆分!C168 -> 0 | D5: =建筑各项能耗拆分!$B$18*建筑各项能耗拆分!D168 -> 0 | E5: =建筑各项能耗拆分!$B$18*建筑各项能耗拆分!E168 -> 0 | F5: =建筑各项能耗拆分!$B$18*建筑各项能耗拆分!F168 -> 0 | G5: =建筑各项能耗拆分!$B$18*建筑各项能耗拆分!G168 -> 0 | H5: =建筑各项能耗拆分!$B$18*建筑各项能耗拆分!H168 -> 0 | I5: =建筑各项能耗拆分!$B$18*建筑各项能耗拆分!I168 -> 0 | ... AR5: =建筑各项能耗拆分!$B$18*建筑各项能耗拆分!AR168 -> 0
A6: heat (BTU) | B6: =建筑各项能耗拆分!$B$18*建筑各项能耗拆分!B169 -> 0 | C6: =建筑各项能耗拆分!$B$18*建筑各项能耗拆分!C169 -> 0 | D6: =建筑各项能耗拆分!$B$18*建筑各项能耗拆分!D169 -> 0 | E6: =建筑各项能耗拆分!$B$18*建筑各项能耗拆分!E169 -> 0 | F6: =建筑各项能耗拆分!$B$18*建筑各项能耗拆分!F169 -> 0 | G6: =建筑各项能耗拆分!$B$18*建筑各项能耗拆分!G169 -> 0 | H6: =建筑各项能耗拆分!$B$18*建筑各项能耗拆分!H169 -> 0 | I6: =建筑各项能耗拆分!$B$18*建筑各项能耗拆分!I169 -> 0 | ... AR6: =建筑各项能耗拆分!$B$18*建筑各项能耗拆分!AR169 -> 0
A7: biomass (BTU) | B7: =建筑各项能耗拆分!$B$18*建筑各项能耗拆分!B170 -> 6.5641037e+13 | C7: =建筑各项能耗拆分!$B$18*建筑各项能耗拆分!C170 -> 6.5174986e+13 | D7: =建筑各项能耗拆分!$B$18*建筑各项能耗拆分!D170 -> 6.3329684e+13 | E7: =建筑各项能耗拆分!$B$18*建筑各项能耗拆分!E170 -> 6.2151623e+13 | F7: =建筑各项能耗拆分!$B$18*建筑各项能耗拆分!F170 -> 6.1964343e+13 | G7: =建筑各项能耗拆分!$B$18*建筑各项能耗拆分!G170 -> 6.1749601e+13 | H7: =建筑各项能耗拆分!$B$18*建筑各项能耗拆分!H170 -> 6.1507894e+13 | I7: =建筑各项能耗拆分!$B$18*建筑各项能耗拆分!I170 -> 6.1239757e+13 | ... AR7: =建筑各项能耗拆分!$B$18*建筑各项能耗拆分!AR170 -> 3.8009292e+13
A8: kerosene (BTU) | B8: =建筑各项能耗拆分!$B$18*建筑各项能耗拆分!B171 -> 0 | C8: =建筑各项能耗拆分!$B$18*建筑各项能耗拆分!C171 -> 0 | D8: =建筑各项能耗拆分!$B$18*建筑各项能耗拆分!D171 -> 0 | E8: =建筑各项能耗拆分!$B$18*建筑各项能耗拆分!E171 -> 0 | F8: =建筑各项能耗拆分!$B$18*建筑各项能耗拆分!F171 -> 0 | G8: =建筑各项能耗拆分!$B$18*建筑各项能耗拆分!G171 -> 0 | H8: =建筑各项能耗拆分!$B$18*建筑各项能耗拆分!H171 -> 0 | I8: =建筑各项能耗拆分!$B$18*建筑各项能耗拆分!I171 -> 0 | ... AR8: =建筑各项能耗拆分!$B$18*建筑各项能耗拆分!AR171 -> 0
A9: heavy or residual fuel oil (BTU) | B9: =建筑各项能耗拆分!$B$18*建筑各项能耗拆分!B172 -> 0 | C9: =建筑各项能耗拆分!$B$18*建筑各项能耗拆分!C172 -> 0 | D9: =建筑各项能耗拆分!$B$18*建筑各项能耗拆分!D172 -> 0 | E9: =建筑各项能耗拆分!$B$18*建筑各项能耗拆分!E172 -> 0 | F9: =建筑各项能耗拆分!$B$18*建筑各项能耗拆分!F172 -> 0 | G9: =建筑各项能耗拆分!$B$18*建筑各项能耗拆分!G172 -> 0 | H9: =建筑各项能耗拆分!$B$18*建筑各项能耗拆分!H172 -> 0 | I9: =建筑各项能耗拆分!$B$18*建筑各项能耗拆分!I172 -> 0 | ... AR9: =建筑各项能耗拆分!$B$18*建筑各项能耗拆分!AR172 -> 0
A10: LPG propane or butane (BTU) | B10: =建筑各项能耗拆分!$B$18*建筑各项能耗拆分!B173 -> 1.9309909e+14 | C10: =建筑各项能耗拆分!$B$18*建筑各项能耗拆分!C173 -> 1.9172808e+14 | D10: =建筑各项能耗拆分!$B$18*建筑各项能耗拆分!D173 -> 1.8629968e+14 | E10: =建筑各项能耗拆分!$B$18*建筑各项能耗拆分!E173 -> 1.8283413e+14 | F10: =建筑各项能耗拆分!$B$18*建筑各项能耗拆分!F173 -> 1.822832e+14 | G10: =建筑各项能耗拆分!$B$18*建筑各项能耗拆分!G173 -> 1.8165148e+14 | H10: =建筑各项能耗拆分!$B$18*建筑各项能耗拆分!H173 -> 1.8094044e+14 | I10: =建筑各项能耗拆分!$B$18*建筑各项能耗拆分!I173 -> 1.8015165e+14 | ... AR10: =建筑各项能耗拆分!$B$18*建筑各项能耗拆分!AR173 -> 1.1181358e+14
A11: hydrogen(BTU) | B11: =建筑各项能耗拆分!$B$18*建筑各项能耗拆分!B174 -> 0 | C11: =建筑各项能耗拆分!$B$18*建筑各项能耗拆分!C174 -> 0 | D11: =建筑各项能耗拆分!$B$18*建筑各项能耗拆分!D174 -> 0 | E11: =建筑各项能耗拆分!$B$18*建筑各项能耗拆分!E174 -> 0 | F11: =建筑各项能耗拆分!$B$18*建筑各项能耗拆分!F174 -> 0 | G11: =建筑各项能耗拆分!$B$18*建筑各项能耗拆分!G174 -> 0 | H11: =建筑各项能耗拆分!$B$18*建筑各项能耗拆分!H174 -> 0 | I11: =建筑各项能耗拆分!$B$18*建筑各项能耗拆分!I174 -> 0 | ... AR11: =建筑各项能耗拆分!$B$18*建筑各项能耗拆分!AR174 -> 0
A12: total | B12: =SUM(B2:B11) -> 6.8154033e+14 | C12: =SUM(C2:C11) -> 676701390946597 | D12: =SUM(D2:D11) -> 6.5754192e+14 | E12: =SUM(E2:E11) -> 645310302821255 | F12: =SUM(F2:F11) -> 6.433658e+14 | G12: =SUM(G2:G11) -> 6.4113617e+14 | H12: =SUM(H2:H11) -> 6.3862657e+14 | I12: =SUM(I2:I11) -> 6.3584255e+14 | ... AR12: =SUM(AR2:AR11) -> 3.9464437e+14

Sheet rural-residential-other1
B1: 2018 | C1: 2019 | D1: 2020 | E1: 2021 | F1: 2022 | G1: 2023 | H1: 2024 | I1: 2025 | J1: 2026 | K1: 2027 | L1: 2028 | M1: 2029 | N1: 2030 | O1: 2031 | P1: 2032 | Q1: 2033 | R1: 2034 | S1: 2035 | T1: 2036 | U1: 2037 | V1: 2038 | W1: 2039 | X1: 2040 | Y1: 2041 | Z1: 2042 | AA1: 2043 | AB1: 2044 | AC1: 2045 | AD1: 2046 | AE1: 2047 | AF1: 2048 | AG1: 2049 | AH1: 2050 | AI1: 2051 | AJ1: 2052 | AK1: 2053 | AL1: 2054 | AM1: 2055 | AN1: 2056 | AO1: 2057 | AP1: 2058 | AQ1: 2059 | AR1: 2060
A2: electricity (BTU) | B2: =建筑各项能耗拆分!$B$18*建筑各项能耗拆分!B165+建筑各项能耗拆分!$B$18*建筑各项能耗拆分!B152 -> 9.1035903e+14 | C2: =建筑各项能耗拆分!$B$18*建筑各项能耗拆分!C165+建筑各项能耗拆分!$B$18*建筑各项能耗拆分!C152 -> 9.0389548e+14 | D2: =建筑各项能耗拆分!$B$18*建筑各项能耗拆分!D165+建筑各项能耗拆分!$B$18*建筑各项能耗拆分!D152 -> 878303453289713 | E2: =建筑各项能耗拆分!$B$18*建筑各项能耗拆分!E165+建筑各项能耗拆分!$B$18*建筑各项能耗拆分!E152 -> 8.6196522e+14 | F2: =建筑各项能耗拆分!$B$18*建筑各项能耗拆分!F165+建筑各项能耗拆分!$B$18*建筑各项能耗拆分!F152 -> 8.5936788e+14 | G2: =建筑各项能耗拆分!$B$18*建筑各项能耗拆分!G165+建筑各项能耗拆分!$B$18*建筑各项能耗拆分!G152 -> 856389675446996 | H2: =建筑各项能耗拆分!$B$18*建筑各项能耗拆分!H165+建筑各项能耗拆分!$B$18*建筑各项能耗拆分!H152 -> 8.5303751e+14 | I2: =建筑各项能耗拆分!$B$18*建筑各项能耗拆分!I165+建筑各项能耗拆分!$B$18*建筑各项能耗拆分!I152 -> 8.4931879e+14 | ... AR2: =建筑各项能耗拆分!$B$18*建筑各项能耗拆分!AR165+建筑各项能耗拆分!$B$18*建筑各项能耗拆分!AR152 -> 5.2714131e+14
A3: coal (BTU) | B3: =建筑各项能耗拆分!$B$18*建筑各项能耗拆分!B166+建筑各项能耗拆分!$B$18*建筑各项能耗拆分!B153 -> 5.1941532e+13 | C3: =建筑各项能耗拆分!$B$18*建筑各项能耗拆分!C166+建筑各项能耗拆分!$B$18*建筑各项能耗拆分!C153 -> 5.1572747e+13 | D3: =建筑各项能耗拆分!$B$18*建筑各项能耗拆分!D166+建筑各项能耗拆分!$B$18*建筑各项能耗拆分!D153 -> 5.0112566e+13 | E3: =建筑各项能耗拆分!$B$18*建筑各项能耗拆分!E166+建筑各项能耗拆分!$B$18*建筑各项能耗拆分!E153 -> 4.918037e+13 | F3: =建筑各项能耗拆分!$B$18*建筑各项能耗拆分!F166+建筑各项能耗拆分!$B$18*建筑各项能耗拆分!F153 -> 4.9032176e+13 | G3: =建筑各项能耗拆分!$B$18*建筑各项能耗拆分!G166+建筑各项能耗拆分!$B$18*建筑各项能耗拆分!G153 -> 4.8862251e+13 | H3: =建筑各项能耗拆分!$B$18*建筑各项能耗拆分!H166+建筑各项能耗拆分!$B$18*建筑各项能耗拆分!H153 -> 4.867099e+13 | I3: =建筑各项能耗拆分!$B$18*建筑各项能耗拆分!I166+建筑各项能耗拆分!$B$18*建筑各项能耗拆分!I153 -> 4.8458814e+13 | ... AR3: =建筑各项能耗拆分!$B$18*建筑各项能耗拆分!AR166+建筑各项能耗拆分!$B$18*建筑各项能耗拆分!AR153 -> 3.0076625e+13
A4: natural gas (BTU) | B4: =建筑各项能耗拆分!$B$18*建筑各项能耗拆分!B167+建筑各项能耗拆分!$B$18*建筑各项能耗拆分!B154 -> 3.84364e+13 | C4: =建筑各项能耗拆分!$B$18*建筑各项能耗拆分!C167+建筑各项能耗拆分!$B$18*建筑各项能耗拆分!C154 -> 3.8163502e+13 | D4: =建筑各项能耗拆分!$B$18*建筑各项能耗拆分!D167+建筑各项能耗拆分!$B$18*建筑各项能耗拆分!D154 -> 3.7082977e+13 | E4: =建筑各项能耗拆分!$B$18*建筑各项能耗拆分!E167+建筑各项能耗拆分!$B$18*建筑各项能耗拆分!E154 -> 3.6393158e+13 | F4: =建筑各项能耗拆分!$B$18*建筑各项能耗拆分!F167+建筑各项能耗拆分!$B$18*建筑各项能耗拆分!F154 -> 3.6283495e+13 | G4: =建筑各项能耗拆分!$B$18*建筑各项能耗拆分!G167+建筑各项能耗拆分!$B$18*建筑各项能耗拆分!G154 -> 3.6157752e+13 | H4: =建筑各项能耗拆分!$B$18*建筑各项能耗拆分!H167+建筑各项能耗拆分!$B$18*建筑各项能耗拆分!H154 -> 3.601622e+13 | I4: =建筑各项能耗拆分!$B$18*建筑各项能耗拆分!I167+建筑各项能耗拆分!$B$18*建筑各项能耗拆分!I154 -> 3.5859211e+13 | ... AR4: =建筑各项能耗拆分!$B$18*建筑各项能耗拆分!AR167+建筑各项能耗拆分!$B$18*建筑各项能耗拆分!AR154 -> 2.2256509e+13
A5: petroleum diesel (BTU) | B5: =建筑各项能耗拆分!$B$18*建筑各项能耗拆分!B168+建筑各项能耗拆分!$B$18*建筑各项能耗拆分!B155 -> 0 | C5: =建筑各项能耗拆分!$B$18*建筑各项能耗拆分!C168+建筑各项能耗拆分!$B$18*建筑各项能耗拆分!C155 -> 0 | D5: =建筑各项能耗拆分!$B$18*建筑各项能耗拆分!D168+建筑各项能耗拆分!$B$18*建筑各项能耗拆分!D155 -> 0 | E5: =建筑各项能耗拆分!$B$18*建筑各项能耗拆分!E168+建筑各项能耗拆分!$B$18*建筑各项能耗拆分!E155 -> 0 | F5: =建筑各项能耗拆分!$B$18*建筑各项能耗拆分!F168+建筑各项能耗拆分!$B$18*建筑各项能耗拆分!F155 -> 0 | G5: =建筑各项能耗拆分!$B$18*建筑各项能耗拆分!G168+建筑各项能耗拆分!$B$18*建筑各项能耗拆分!G155 -> 0 | H5: =建筑各项能耗拆分!$B$18*建筑各项能耗拆分!H168+建筑各项能耗拆分!$B$18*建筑各项能耗拆分!H155 -> 0 | I5: =建筑各项能耗拆分!$B$18*建筑各项能耗拆分!I168+建筑各项能耗拆分!$B$18*建筑各项能耗拆分!I155 -> 0 | ... AR5: =建筑各项能耗拆分!$B$18*建筑各项能耗拆分!AR168+建筑各项能耗拆分!$B$18*建筑各项能耗拆分!AR155 -> 0
A6: heat (BTU) | B6: =建筑各项能耗拆分!$B$18*建筑各项能耗拆分!B169+建筑各项能耗拆分!$B$18*建筑各项能耗拆分!B156 -> 0 | C6: =建筑各项能耗拆分!$B$18*建筑各项能耗拆分!C169+建筑各项能耗拆分!$B$18*建筑各项能耗拆分!C156 -> 0 | D6: =建筑各项能耗拆分!$B$18*建筑各项能耗拆分!D169+建筑各项能耗拆分!$B$18*建筑各项能耗拆分!D156 -> 0 | E6: =建筑各项能耗拆分!$B$18*建筑各项能耗拆分!E169+建筑各项能耗拆分!$B$18*建筑各项能耗拆分!E156 -> 0 | F6: =建筑各项能耗拆分!$B$18*建筑各项能耗拆分!F169+建筑各项能耗拆分!$B$18*建筑各项能耗拆分!F156 -> 0 | G6: =建筑各项能耗拆分!$B$18*建筑各项能耗拆分!G169+建筑各项能耗拆分!$B$18*建筑各项能耗拆分!G156 -> 0 | H6: =建筑各项能耗拆分!$B$18*建筑各项能耗拆分!H169+建筑各项能耗拆分!$B$18*建筑各项能耗拆分!H156 -> 0 | I6: =建筑各项能耗拆分!$B$18*建筑各项能耗拆分!I169+建筑各项能耗拆分!$B$18*建筑各项能耗拆分!I156 -> 0 | ... AR6: =建筑各项能耗拆分!$B$18*建筑各项能耗拆分!AR169+建筑各项能耗拆分!$B$18*建筑各项能耗拆分!AR156 -> 0
A7: biomass (BTU) | B7: =建筑各项能耗拆分!$B$18*建筑各项能耗拆分!B170+建筑各项能耗拆分!$B$18*建筑各项能耗拆分!B157 -> 6.5641037e+13 | C7: =建筑各项能耗拆分!$B$18*建筑各项能耗拆分!C170+建筑各项能耗拆分!$B$18*建筑各项能耗拆分!C157 -> 6.5174986e+13 | D7: =建筑各项能耗拆分!$B$18*建筑各项能耗拆分!D170+建筑各项能耗拆分!$B$18*建筑各项能耗拆分!D157 -> 6.3329684e+13 | E7: =建筑各项能耗拆分!$B$18*建筑各项能耗拆分!E170+建筑各项能耗拆分!$B$18*建筑各项能耗拆分!E157 -> 6.2151623e+13 | F7: =建筑各项能耗拆分!$B$18*建筑各项能耗拆分!F170+建筑各项能耗拆分!$B$18*建筑各项能耗拆分!F157 -> 6.1964343e+13 | G7: =建筑各项能耗拆分!$B$18*建筑各项能耗拆分!G170+建筑各项能耗拆分!$B$18*建筑各项能耗拆分!G157 -> 6.1749601e+13 | H7: =建筑各项能耗拆分!$B$18*建筑各项能耗拆分!H170+建筑各项能耗拆分!$B$18*建筑各项能耗拆分!H157 -> 6.1507894e+13 | I7: =建筑各项能耗拆分!$B$18*建筑各项能耗拆分!I170+建筑各项能耗拆分!$B$18*建筑各项能耗拆分!I157 -> 6.1239757e+13 | ... AR7: =建筑各项能耗拆分!$B$18*建筑各项能耗拆分!AR170+建筑各项能耗拆分!$B$18*建筑各项能耗拆分!AR157 -> 3.8009292e+13
A8: kerosene (BTU) | B8: =建筑各项能耗拆分!$B$18*建筑各项能耗拆分!B171+建筑各项能耗拆分!$B$18*建筑各项能耗拆分!B158 -> 0 | C8: =建筑各项能耗拆分!$B$18*建筑各项能耗拆分!C171+建筑各项能耗拆分!$B$18*建筑各项能耗拆分!C158 -> 0 | D8: =建筑各项能耗拆分!$B$18*建筑各项能耗拆分!D171+建筑各项能耗拆分!$B$18*建筑各项能耗拆分!D158 -> 0 | E8: =建筑各项能耗拆分!$B$18*建筑各项能耗拆分!E171+建筑各项能耗拆分!$B$18*建筑各项能耗拆分!E158 -> 0 | F8: =建筑各项能耗拆分!$B$18*建筑各项能耗拆分!F171+建筑各项能耗拆分!$B$18*建筑各项能耗拆分!F158 -> 0 | G8: =建筑各项能耗拆分!$B$18*建筑各项能耗拆分!G171+建筑各项能耗拆分!$B$18*建筑各项能耗拆分!G158 -> 0 | H8: =建筑各项能耗拆分!$B$18*建筑各项能耗拆分!H171+建筑各项能耗拆分!$B$18*建筑各项能耗拆分!H158 -> 0 | I8: =建筑各项能耗拆分!$B$18*建筑各项能耗拆分!I171+建筑各项能耗拆分!$B$18*建筑各项能耗拆分!I158 -> 0 | ... AR8: =建筑各项能耗拆分!$B$18*建筑各项能耗拆分!AR171+建筑各项能耗拆分!$B$18*建筑各项能耗拆分!AR158 -> 0
A9: heavy or residual fuel oil (BTU) | B9: =建筑各项能耗拆分!$B$18*建筑各项能耗拆分!B172+建筑各项能耗拆分!$B$18*建筑各项能耗拆分!B159 -> 0 | C9: =建筑各项能耗拆分!$B$18*建筑各项能耗拆分!C172+建筑各项能耗拆分!$B$18*建筑各项能耗拆分!C159 -> 0 | D9: =建筑各项能耗拆分!$B$18*建筑各项能耗拆分!D172+建筑各项能耗拆分!$B$18*建筑各项能耗拆分!D159 -> 0 | E9: =建筑各项能耗拆分!$B$18*建筑各项能耗拆分!E172+建筑各项能耗拆分!$B$18*建筑各项能耗拆分!E159 -> 0 | F9: =建筑各项能耗拆分!$B$18*建筑各项能耗拆分!F172+建筑各项能耗拆分!$B$18*建筑各项能耗拆分!F159 -> 0 | G9: =建筑各项能耗拆分!$B$18*建筑各项能耗拆分!G172+建筑各项能耗拆分!$B$18*建筑各项能耗拆分!G159 -> 0 | H9: =建筑各项能耗拆分!$B$18*建筑各项能耗拆分!H172+建筑各项能耗拆分!$B$18*建筑各项能耗拆分!H159 -> 0 | I9: =建筑各项能耗拆分!$B$18*建筑各项能耗拆分!I172+建筑各项能耗拆分!$B$18*建筑各项能耗拆分!I159 -> 0 | ... AR9: =建筑各项能耗拆分!$B$18*建筑各项能耗拆分!AR172+建筑各项能耗拆分!$B$18*建筑各项能耗拆分!AR159 -> 0
A10: LPG propane or butane (BTU) | B10: =建筑各项能耗拆分!$B$18*建筑各项能耗拆分!B173+建筑各项能耗拆分!$B$18*建筑各项能耗拆分!B160 -> 1.9309909e+14 | C10: =建筑各项能耗拆分!$B$18*建筑各项能耗拆分!C173+建筑各项能耗拆分!$B$18*建筑各项能耗拆分!C160 -> 1.9172808e+14 | D10: =建筑各项能耗拆分!$B$18*建筑各项能耗拆分!D173+建筑各项能耗拆分!$B$18*建筑各项能耗拆分!D160 -> 1.8629968e+14 | E10: =建筑各项能耗拆分!$B$18*建筑各项能耗拆分!E173+建筑各项能耗拆分!$B$18*建筑各项能耗拆分!E160 -> 1.8283413e+14 | F10: =建筑各项能耗拆分!$B$18*建筑各项能耗拆分!F173+建筑各项能耗拆分!$B$18*建筑各项能耗拆分!F160 -> 1.822832e+14 | G10: =建筑各项能耗拆分!$B$18*建筑各项能耗拆分!G173+建筑各项能耗拆分!$B$18*建筑各项能耗拆分!G160 -> 1.8165148e+14 | H10: =建筑各项能耗拆分!$B$18*建筑各项能耗拆分!H173+建筑各项能耗拆分!$B$18*建筑各项能耗拆分!H160 -> 1.8094044e+14 | I10: =建筑各项能耗拆分!$B$18*建筑各项能耗拆分!I173+建筑各项能耗拆分!$B$18*建筑各项能耗拆分!I160 -> 1.8015165e+14 | ... AR10: =建筑各项能耗拆分!$B$18*建筑各项能耗拆分!AR173+建筑各项能耗拆分!$B$18*建筑各项能耗拆分!AR160 -> 1.1181358e+14
A11: hydrogen(BTU) | B11: =建筑各项能耗拆分!$B$18*建筑各项能耗拆分!B174+建筑各项能耗拆分!$B$18*建筑各项能耗拆分!B161 -> 0 | C11: =建筑各项能耗拆分!$B$18*建筑各项能耗拆分!C174+建筑各项能耗拆分!$B$18*建筑各项能耗拆分!C161 -> 0 | D11: =建筑各项能耗拆分!$B$18*建筑各项能耗拆分!D174+建筑各项能耗拆分!$B$18*建筑各项能耗拆分!D161 -> 0 | E11: =建筑各项能耗拆分!$B$18*建筑各项能耗拆分!E174+建筑各项能耗拆分!$B$18*建筑各项能耗拆分!E161 -> 0 | F11: =建筑各项能耗拆分!$B$18*建筑各项能耗拆分!F174+建筑各项能耗拆分!$B$18*建筑各项能耗拆分!F161 -> 0 | G11: =建筑各项能耗拆分!$B$18*建筑各项能耗拆分!G174+建筑各项能耗拆分!$B$18*建筑各项能耗拆分!G161 -> 0 | H11: =建筑各项能耗拆分!$B$18*建筑各项能耗拆分!H174+建筑各项能耗拆分!$B$18*建筑各项能耗拆分!H161 -> 0 | I11: =建筑各项能耗拆分!$B$18*建筑各项能耗拆分!I174+建筑各项能耗拆分!$B$18*建筑各项能耗拆分!I161 -> 0 | ... AR11: =建筑各项能耗拆分!$B$18*建筑各项能耗拆分!AR174+建筑各项能耗拆分!$B$18*建筑各项能耗拆分!AR161 -> 0
A12: total | B12: =SUM(B2:B11) -> 1.2594771e+15 | C12: =SUM(C2:C11) -> 1.2505348e+15 | D12: =SUM(D2:D11) -> 1.2151284e+15 | E12: =SUM(E2:E11) -> 1.1925245e+15 | F12: =SUM(F2:F11) -> 1.1889311e+15 | G12: =SUM(G2:G11) -> 1.1848108e+15 | H12: =SUM(H2:H11) -> 1.1801731e+15 | I12: =SUM(I2:I11) -> 1.1750282e+15 | ... AR12: =SUM(AR2:AR11) -> 7.2929732e+14

Sheet commercial-heating0
B1: 2018 | C1: 2019 | D1: 2020 | E1: 2021 | F1: 2022 | G1: 2023 | H1: 2024 | I1: 2025 | J1: 2026 | K1: 2027 | L1: 2028 | M1: 2029 | N1: 2030 | O1: 2031 | P1: 2032 | Q1: 2033 | R1: 2034 | S1: 2035 | T1: 2036 | U1: 2037 | V1: 2038 | W1: 2039 | X1: 2040 | Y1: 2041 | Z1: 2042 | AA1: 2043 | AB1: 2044 | AC1: 2045 | AD1: 2046 | AE1: 2047 | AF1: 2048 | AG1: 2049 | AH1: 2050 | AI1: 2051 | AJ1: 2052 | AK1: 2053 | AL1: 2054 | AM1: 2055 | AN1: 2056 | AO1: 2057 | AP1: 2058 | AQ1: 2059 | AR1: 2060
A2: electricity (BTU) | B2: =建筑各项能耗拆分!$B$18*建筑各项能耗拆分!B178 -> 0 | C2: =建筑各项能耗拆分!$B$18*建筑各项能耗拆分!C178 -> 0 | D2: =建筑各项能耗拆分!$B$18*建筑各项能耗拆分!D178 -> 0 | E2: =建筑各项能耗拆分!$B$18*建筑各项能耗拆分!E178 -> 0 | F2: =建筑各项能耗拆分!$B$18*建筑各项能耗拆分!F178 -> 0 | G2: =建筑各项能耗拆分!$B$18*建筑各项能耗拆分!G178 -> 0 | H2: =建筑各项能耗拆分!$B$18*建筑各项能耗拆分!H178 -> 0 | I2: =建筑各项能耗拆分!$B$18*建筑各项能耗拆分!I178 -> 0 | ... AR2: =建筑各项能耗拆分!$B$18*建筑各项能耗拆分!AR178 -> 0
A3: coal (BTU) | B3: =建筑各项能耗拆分!$B$18*建筑各项能耗拆分!B179 -> 4.2860763e+14 | C3: =建筑各项能耗拆分!$B$18*建筑各项能耗拆分!C179 -> 4.5073406e+14 | D3: =建筑各项能耗拆分!$B$18*建筑各项能耗拆分!D179 -> 4.7838952e+14 | E3: =建筑各项能耗拆分!$B$18*建筑各项能耗拆分!E179 -> 4.9444395e+14 | F3: =建筑各项能耗拆分!$B$18*建筑各项能耗拆分!F179 -> 5.1019244e+14 | G3: =建筑各项能耗拆分!$B$18*建筑各项能耗拆分!G179 -> 5.2562818e+14 | H3: =建筑各项能耗拆分!$B$18*建筑各项能耗拆分!H179 -> 5.40745e+14 | I3: =建筑各项能耗拆分!$B$18*建筑各项能耗拆分!I179 -> 5.5553748e+14 | ... AR3: =建筑各项能耗拆分!$B$18*建筑各项能耗拆分!AR179 -> 9.0638821e+14
A4: natural gas (BTU) | B4: =建筑各项能耗拆分!$B$18*建筑各项能耗拆分!B180 -> 0 | C4: =建筑各项能耗拆分!$B$18*建筑各项能耗拆分!C180 -> 0 | D4: =建筑各项能耗拆分!$B$18*建筑各项能耗拆分!D180 -> 0 | E4: =建筑各项能耗拆分!$B$18*建筑各项能耗拆分!E180 -> 0 | F4: =建筑各项能耗拆分!$B$18*建筑各项能耗拆分!F180 -> 0 | G4: =建筑各项能耗拆分!$B$18*建筑各项能耗拆分!G180 -> 0 | H4: =建筑各项能耗拆分!$B$18*建筑各项能耗拆分!H180 -> 0 | I4: =建筑各项能耗拆分!$B$18*建筑各项能耗拆分!I180 -> 0 | ... AR4: =建筑各项能耗拆分!$B$18*建筑各项能耗拆分!AR180 -> 0
A5: petroleum diesel (BTU) | B5: =建筑各项能耗拆分!$B$18*建筑各项能耗拆分!B181 -> 1.9201111e+14 | C5: =建筑各项能耗拆分!$B$18*建筑各项能耗拆分!C181 -> 2.0192349e+14 | D5: =建筑各项能耗拆分!$B$18*建筑各项能耗拆分!D181 -> 2.1431281e+14 | E5: =建筑各项能耗拆分!$B$18*建筑各项能耗拆分!E181 -> 2.21505e+14 | F5: =建筑各项能耗拆分!$B$18*建筑各项能耗拆分!F181 -> 2.2856013e+14 | G5: =建筑各项能耗拆分!$B$18*建筑各项能耗拆分!G181 -> 2.3547516e+14 | H5: =建筑各项能耗拆分!$B$18*建筑各项能耗拆分!H181 -> 2.4224732e+14 | I5: =建筑各项能耗拆分!$B$18*建筑各项能耗拆分!I181 -> 2.4887417e+14 | ... AR5: =建筑各项能耗拆分!$B$18*建筑各项能耗拆分!AR181 -> 4.0605112e+14
A6: heat (BTU) | B6: =建筑各项能耗拆分!$B$18*建筑各项能耗拆分!B182 -> 5.0009158e+14 | C6: =建筑各项能耗拆分!$B$18*建筑各项能耗拆分!C182 -> 525908288594992 | D6: =建筑各项能耗拆分!$B$18*建筑各项能耗拆分!D182 -> 5.5817617e+14 | E6: =建筑各项能耗拆分!$B$18*建筑各项能耗拆分!E182 -> 5.7690819e+14 | F6: =建筑各项能耗拆分!$B$18*建筑各项能耗拆分!F182 -> 5.9528324e+14 | G6: =建筑各项能耗拆分!$B$18*建筑各项能耗拆分!G182 -> 6.1329338e+14 | H6: =建筑各项能耗拆分!$B$18*建筑各项能耗拆分!H182 -> 630931411304178 | I6: =建筑各项能耗拆分!$B$18*建筑各项能耗拆分!I182 -> 6.4819101e+14 | ... AR6: =建筑各项能耗拆分!$B$18*建筑各项能耗拆分!AR182 -> 1.0575572e+15
A7: biomass (BTU) | B7: =建筑各项能耗拆分!$B$18*建筑各项能耗拆分!B183 -> 6.4509254e+12 | C7: =建筑各项能耗拆分!$B$18*建筑各项能耗拆分!C183 -> 6.7839477e+12 | D7: =建筑各项能耗拆分!$B$18*建筑各项能耗拆分!D183 -> 7.2001869e+12 | E7: =建筑各项能耗拆分!$B$18*建筑各项能耗拆分!E183 -> 7.4418203e+12 | F7: =建筑各项能耗拆分!$B$18*建筑各项能耗拆分!F183 -> 7.6788491e+12 | G7: =建筑各项能耗拆分!$B$18*建筑各项能耗拆分!G183 -> 7.9111707e+12 | H7: =建筑各项能耗拆分!$B$18*建筑各项能耗拆分!H183 -> 8.1386923e+12 | I7: =建筑各项能耗拆分!$B$18*建筑各项能耗拆分!I183 -> 8.3613322e+12 | ... AR7: =建筑各项能耗拆分!$B$18*建筑各项能耗拆分!AR183 -> 1.3641947e+13
A8: kerosene (BTU) | B8: =建筑各项能耗拆分!$B$18*建筑各项能耗拆分!B184 -> 1.7649507e+12 | C8: =建筑各项能耗拆分!$B$18*建筑各项能耗拆分!C184 -> 1.8560644e+12 | D8: =建筑各项能耗拆分!$B$18*建筑各项能耗拆分!D184 -> 1.969946e+12 | E8: =建筑各项能耗拆分!$B$18*建筑各项能耗拆分!E184 -> 2.0360561e+12 | F8: =建筑各项能耗拆分!$B$18*建筑各项能耗拆分!F184 -> 2.1009063e+12 | G8: =建筑各项能耗拆分!$B$18*建筑各项能耗拆分!G184 -> 2.1644687e+12 | H8: =建筑各项能耗拆分!$B$18*建筑各项能耗拆分!H184 -> 2.2267178e+12 | I8: =建筑各项能耗拆分!$B$18*建筑各项能耗拆分!I184 -> 2.2876313e+12 | ... AR8: =建筑各项能耗拆分!$B$18*建筑各项能耗拆分!AR184 -> 3.7323892e+12
A9: heavy or residual fuel oil (BTU) | B9: =建筑各项能耗拆分!$B$18*建筑各项能耗拆分!B185 -> 0 | C9: =建筑各项能耗拆分!$B$18*建筑各项能耗拆分!C185 -> 0 | D9: =建筑各项能耗拆分!$B$18*建筑各项能耗拆分!D185 -> 0 | E9: =建筑各项能耗拆分!$B$18*建筑各项能耗拆分!E185 -> 0 | F9: =建筑各项能耗拆分!$B$18*建筑各项能耗拆分!F185 -> 0 | G9: =建筑各项能耗拆分!$B$18*建筑各项能耗拆分!G185 -> 0 | H9: =建筑各项能耗拆分!$B$18*建筑各项能耗拆分!H185 -> 0 | I9: =建筑各项能耗拆分!$B$18*建筑各项能耗拆分!I185 -> 0 | ... AR9: =建筑各项能耗拆分!$B$18*建筑各项能耗拆分!AR185 -> 0
A10: LPG propane or butane (BTU) | B10: =建筑各项能耗拆分!$B$18*建筑各项能耗拆分!B186 -> 0 | C10: =建筑各项能耗拆分!$B$18*建筑各项能耗拆分!C186 -> 0 | D10: =建筑各项能耗拆分!$B$18*建筑各项能耗拆分!D186 -> 0 | E10: =建筑各项能耗拆分!$B$18*建筑各项能耗拆分!E186 -> 0 | F10: =建筑各项能耗拆分!$B$18*建筑各项能耗拆分!F186 -> 0 | G10: =建筑各项能耗拆分!$B$18*建筑各项能耗拆分!G186 -> 0 | H10: =建筑各项能耗拆分!$B$18*建筑各项能耗拆分!H186 -> 0 | I10: =建筑各项能耗拆分!$B$18*建筑各项能耗拆分!I186 -> 0 | ... AR10: =建筑各项能耗拆分!$B$18*建筑各项能耗拆分!AR186 -> 0
A11: hydrogen(BTU) | B11: =建筑各项能耗拆分!$B$18*建筑各项能耗拆分!B187 -> 0 | C11: =建筑各项能耗拆分!$B$18*建筑各项能耗拆分!C187 -> 0 | D11: =建筑各项能耗拆分!$B$18*建筑各项能耗拆分!D187 -> 0 | E11: =建筑各项能耗拆分!$B$18*建筑各项能耗拆分!E187 -> 0 | F11: =建筑各项能耗拆分!$B$18*建筑各项能耗拆分!F187 -> 0 | G11: =建筑各项能耗拆分!$B$18*建筑各项能耗拆分!G187 -> 0 | H11: =建筑各项能耗拆分!$B$18*建筑各项能耗拆分!H187 -> 0 | I11: =建筑各项能耗拆分!$B$18*建筑各项能耗拆分!I187 -> 0 | ... AR11: =建筑各项能耗拆分!$B$18*建筑各项能耗拆分!AR187 -> 0
A12: total | B12: =SUM(B2:B11) -> 1.1289262e+15 | C12: =SUM(C2:C11) -> 1.1872059e+15 | D12: =SUM(D2:D11) -> 1.2600486e+15 | E12: =SUM(E2:E11) -> 1.302335e+15 | F12: =SUM(F2:F11) -> 1.3438156e+15 | G12: =SUM(G2:G11) -> 1.3844724e+15 | H12: =SUM(H2:H11) -> 1.4242891e+15 | I12: =SUM(I2:I11) -> 1.4632516e+15 | ... AR12: =SUM(AR2:AR11) -> 2.3873709e+15

Sheet commercial-heating1
B1: 2018 | C1: 2019 | D1: 2020 | E1: 2021 | F1: 2022 | G1: 2023 | H1: 2024 | I1: 2025 | J1: 2026 | K1: 2027 | L1: 2028 | M1: 2029 | N1: 2030 | O1: 2031 | P1: 2032 | Q1: 2033 | R1: 2034 | S1: 2035 | T1: 2036 | U1: 2037 | V1: 2038 | W1: 2039 | X1: 2040 | Y1: 2041 | Z1: 2042 | AA1: 2043 | AB1: 2044 | AC1: 2045 | AD1: 2046 | AE1: 2047 | AF1: 2048 | AG1: 2049 | AH1: 2050 | AI1: 2051 | AJ1: 2052 | AK1: 2053 | AL1: 2054 | AM1: 2055 | AN1: 2056 | AO1: 2057 | AP1: 2058 | AQ1: 2059 | AR1: 2060
A2: electricity (BTU) | B2: 0 | C2: 0 | D2: 0 | E2: 0 | F2: 0 | G2: 0 | H2: 0 | I2: 0 | J2: 0 | K2: 0 | L2: 0 | M2: 0 | N2: 0 | O2: 0 | P2: 0 | Q2: 0 | R2: 0 | S2: 0 | T2: 0 | U2: 0 | V2: 0 | W2: 0 | X2: 0 | Y2: 0 | Z2: 0 | AA2: 0 | AB2: 0 | AC2: 0 | AD2: 0 | AE2: 0 | AF2: 0 | AG2: 0 | AH2: 0 | AI2: 0 | AJ2: 0 | AK2: 0 | AL2: 0 | AM2: 0 | AN2: 0 | AO2: 0 | AP2: 0 | AQ2: 0 | AR2: 0
A3: coal (BTU) | B3: 0 | C3: 0 | D3: 0 | E3: 0 | F3: 0 | G3: 0 | H3: 0 | I3: 0 | J3: 0 | K3: 0 | L3: 0 | M3: 0 | N3: 0 | O3: 0 | P3: 0 | Q3: 0 | R3: 0 | S3: 0 | T3: 0 | U3: 0 | V3: 0 | W3: 0 | X3: 0 | Y3: 0 | Z3: 0 | AA3: 0 | AB3: 0 | AC3: 0 | AD3: 0 | AE3: 0 | AF3: 0 | AG3: 0 | AH3: 0 | AI3: 0 | AJ3: 0 | AK3: 0 | AL3: 0 | AM3: 0 | AN3: 0 | AO3: 0 | AP3: 0 | AQ3: 0 | AR3: 0
A4: natural gas (BTU) | B4: 0 | C4: 0 | D4: 0 | E4: 0 | F4: 0 | G4: 0 | H4: 0 | I4: 0 | J4: 0 | K4: 0 | L4: 0 | M4: 0 | N4: 0 | O4: 0 | P4: 0 | Q4: 0 | R4: 0 | S4: 0 | T4: 0 | U4: 0 | V4: 0 | W4: 0 | X4: 0 | Y4: 0 | Z4: 0 | AA4: 0 | AB4: 0 | AC4: 0 | AD4: 0 | AE4: 0 | AF4: 0 | AG4: 0 | AH4: 0 | AI4: 0 | AJ4: 0 | AK4: 0 | AL4: 0 | AM4: 0 | AN4: 0 | AO4: 0 | AP4: 0 | AQ4: 0 | AR4: 0
A5: petroleum diesel (BTU) | B5: 0 | C5: 0 | D5: 0 | E5: 0 | F5: 0 | G5: 0 | H5: 0 | I5: 0 | J5: 0 | K5: 0 | L5: 0 | M5: 0 | N5: 0 | O5: 0 | P5: 0 | Q5: 0 | R5: 0 | S5: 0 | T5: 0 | U5: 0 | V5: 0 | W5: 0 | X5: 0 | Y5: 0 | Z5: 0 | AA5: 0 | AB5: 0 | AC5: 0 | AD5: 0 | AE5: 0 | AF5: 0 | AG5: 0 | AH5: 0 | AI5: 0 | AJ5: 0 | AK5: 0 | AL5: 0 | AM5: 0 | AN5: 0 | AO5: 0 | AP5: 0 | AQ5: 0 | AR5: 0
A6: heat (BTU) | B6: =建筑各项能耗拆分!$B$18*建筑各项能耗拆分!B182 -> 5.0009158e+14 | C6: =建筑各项能耗拆分!$B$18*建筑各项能耗拆分!C182 -> 525908288594992 | D6: =建筑各项能耗拆分!$B$18*建筑各项能耗拆分!D182 -> 5.5817617e+14 | E6: =建筑各项能耗拆分!$B$18*建筑各项能耗拆分!E182 -> 5.7690819e+14 | F6: =建筑各项能耗拆分!$B$18*建筑各项能耗拆分!F182 -> 5.9528324e+14 | G6: =建筑各项能耗拆分!$B$18*建筑各项能耗拆分!G182 -> 6.1329338e+14 | H6: =建筑各项能耗拆分!$B$18*建筑各项能耗拆分!H182 -> 630931411304178 | I6: =建筑各项能耗拆分!$B$18*建筑各项能耗拆分!I182 -> 6.4819101e+14 | ... AR6: =建筑各项能耗拆分!$B$18*建筑各项能耗拆分!AR182 -> 1.0575572e+15
A7: biomass (BTU) | B7: 0 | C7: 0 | D7: 0 | E7: 0 | F7: 0 | G7: 0 | H7: 0 | I7: 0 | J7: 0 | K7: 0 | L7: 0 | M7: 0 | N7: 0 | O7: 0 | P7: 0 | Q7: 0 | R7: 0 | S7: 0 | T7: 0 | U7: 0 | V7: 0 | W7: 0 | X7: 0 | Y7: 0 | Z7: 0 | AA7: 0 | AB7: 0 | AC7: 0 | AD7: 0 | AE7: 0 | AF7: 0 | AG7: 0 | AH7: 0 | AI7: 0 | AJ7: 0 | AK7: 0 | AL7: 0 | AM7: 0 | AN7: 0 | AO7: 0 | AP7: 0 | AQ7: 0 | AR7: 0
A8: kerosene (BTU) | B8: 0 | C8: 0 | D8: 0 | E8: 0 | F8: 0 | G8: 0 | H8: 0 | I8: 0 | J8: 0 | K8: 0 | L8: 0 | M8: 0 | N8: 0 | O8: 0 | P8: 0 | Q8: 0 | R8: 0 | S8: 0 | T8: 0 | U8: 0 | V8: 0 | W8: 0 | X8: 0 | Y8: 0 | Z8: 0 | AA8: 0 | AB8: 0 | AC8: 0 | AD8: 0 | AE8: 0 | AF8: 0 | AG8: 0 | AH8: 0 | AI8: 0 | AJ8: 0 | AK8: 0 | AL8: 0 | AM8: 0 | AN8: 0 | AO8: 0 | AP8: 0 | AQ8: 0 | AR8: 0
A9: heavy or residual fuel oil (BTU) | B9: 0 | C9: 0 | D9: 0 | E9: 0 | F9: 0 | G9: 0 | H9: 0 | I9: 0 | J9: 0 | K9: 0 | L9: 0 | M9: 0 | N9: 0 | O9: 0 | P9: 0 | Q9: 0 | R9: 0 | S9: 0 | T9: 0 | U9: 0 | V9: 0 | W9: 0 | X9: 0 | Y9: 0 | Z9: 0 | AA9: 0 | AB9: 0 | AC9: 0 | AD9: 0 | AE9: 0 | AF9: 0 | AG9: 0 | AH9: 0 | AI9: 0 | AJ9: 0 | AK9: 0 | AL9: 0 | AM9: 0 | AN9: 0 | AO9: 0 | AP9: 0 | AQ9: 0 | AR9: 0
A10: LPG propane or butane (BTU) | B10: 0 | C10: 0 | D10: 0 | E10: 0 | F10: 0 | G10: 0 | H10: 0 | I10: 0 | J10: 0 | K10: 0 | L10: 0 | M10: 0 | N10: 0 | O10: 0 | P10: 0 | Q10: 0 | R10: 0 | S10: 0 | T10: 0 | U10: 0 | V10: 0 | W10: 0 | X10: 0 | Y10: 0 | Z10: 0 | AA10: 0 | AB10: 0 | AC10: 0 | AD10: 0 | AE10: 0 | AF10: 0 | AG10: 0 | AH10: 0 | AI10: 0 | AJ10: 0 | AK10: 0 | AL10: 0 | AM10: 0 | AN10: 0 | AO10: 0 | AP10: 0 | AQ10: 0 | AR10: 0
A11: hydrogen(BTU) | B11: 0 | C11: 0 | D11: 0 | E11: 0 | F11: 0 | G11: 0 | H11: 0 | I11: 0 | J11: 0 | K11: 0 | L11: 0 | M11: 0 | N11: 0 | O11: 0 | P11: 0 | Q11: 0 | R11: 0 | S11: 0 | T11: 0 | U11: 0 | V11: 0 | W11: 0 | X11: 0 | Y11: 0 | Z11: 0 | AA11: 0 | AB11: 0 | AC11: 0 | AD11: 0 | AE11: 0 | AF11: 0 | AG11: 0 | AH11: 0 | AI11: 0 | AJ11: 0 | AK11: 0 | AL11: 0 | AM11: 0 | AN11: 0 | AO11: 0 | AP11: 0 | AQ11: 0 | AR11: 0
A12: total | B12: =SUM(B2:B11) -> 5.0009158e+14 | C12: =SUM(C2:C11) -> 525908288594992 | D12: =SUM(D2:D11) -> 5.5817617e+14 | E12: =SUM(E2:E11) -> 5.7690819e+14 | F12: =SUM(F2:F11) -> 5.9528324e+14 | G12: =SUM(G2:G11) -> 6.1329338e+14 | H12: =SUM(H2:H11) -> 630931411304178 | I12: =SUM(I2:I11) -> 6.4819101e+14 | ... AR12: =SUM(AR2:AR11) -> 1.0575572e+15

Sheet commercial-heating2
B1: 2018 | C1: 2019 | D1: 2020 | E1: 2021 | F1: 2022 | G1: 2023 | H1: 2024 | I1: 2025 | J1: 2026 | K1: 2027 | L1: 2028 | M1: 2029 | N1: 2030 | O1: 2031 | P1: 2032 | Q1: 2033 | R1: 2034 | S1: 2035 | T1: 2036 | U1: 2037 | V1: 2038 | W1: 2039 | X1: 2040 | Y1: 2041 | Z1: 2042 | AA1: 2043 | AB1: 2044 | AC1: 2045 | AD1: 2046 | AE1: 2047 | AF1: 2048 | AG1: 2049 | AH1: 2050 | AI1: 2051 | AJ1: 2052 | AK1: 2053 | AL1: 2054 | AM1: 2055 | AN1: 2056 | AO1: 2057 | AP1: 2058 | AQ1: 2059 | AR1: 2060
A2: electricity (BTU) | B2: =建筑各项能耗拆分!$B$18*建筑各项能耗拆分!B182*B14 -> 0 | C2: =建筑各项能耗拆分!$B$18*建筑各项能耗拆分!C182*C14 -> 0 | D2: =建筑各项能耗拆分!$B$18*建筑各项能耗拆分!D182*D14 -> 0 | E2: =建筑各项能耗拆分!$B$18*建筑各项能耗拆分!E182*E14 -> 4.6152655e+12 | F2: =建筑各项能耗拆分!$B$18*建筑各项能耗拆分!F182*F14 -> 9.5245318e+12 | G2: =建筑各项能耗拆分!$B$18*建筑各项能耗拆分!G182*G14 -> 1.4719041e+13 | H2: =建筑各项能耗拆分!$B$18*建筑各项能耗拆分!H182*H14 -> 2.0189805e+13 | I2: =建筑各项能耗拆分!$B$18*建筑各项能耗拆分!I182*I14 -> 2.592764e+13 | ... AR2: =建筑各项能耗拆分!$B$18*建筑各项能耗拆分!AR182*AR14 -> 2.1151145e+14
A3: coal (BTU) | B3: 0 | C3: 0 | D3: 0 | E3: 0 | F3: 0 | G3: 0 | H3: 0 | I3: 0 | J3: 0 | K3: 0 | L3: 0 | M3: 0 | N3: 0 | O3: 0 | P3: 0 | Q3: 0 | R3: 0 | S3: 0 | T3: 0 | U3: 0 | V3: 0 | W3: 0 | X3: 0 | Y3: 0 | Z3: 0 | AA3: 0 | AB3: 0 | AC3: 0 | AD3: 0 | AE3: 0 | AF3: 0 | AG3: 0 | AH3: 0 | AI3: 0 | AJ3: 0 | AK3: 0 | AL3: 0 | AM3: 0 | AN3: 0 | AO3: 0 | AP3: 0 | AQ3: 0 | AR3: 0
A4: natural gas (BTU) | B4: 0 | C4: 0 | D4: 0 | E4: 0 | F4: 0 | G4: 0 | H4: 0 | I4: 0 | J4: 0 | K4: 0 | L4: 0 | M4: 0 | N4: 0 | O4: 0 | P4: 0 | Q4: 0 | R4: 0 | S4: 0 | T4: 0 | U4: 0 | V4: 0 | W4: 0 | X4: 0 | Y4: 0 | Z4: 0 | AA4: 0 | AB4: 0 | AC4: 0 | AD4: 0 | AE4: 0 | AF4: 0 | AG4: 0 | AH4: 0 | AI4: 0 | AJ4: 0 | AK4: 0 | AL4: 0 | AM4: 0 | AN4: 0 | AO4: 0 | AP4: 0 | AQ4: 0 | AR4: 0
A5: petroleum diesel (BTU) | B5: 0 | C5: 0 | D5: 0 | E5: 0 | F5: 0 | G5: 0 | H5: 0 | I5: 0 | J5: 0 | K5: 0 | L5: 0 | M5: 0 | N5: 0 | O5: 0 | P5: 0 | Q5: 0 | R5: 0 | S5: 0 | T5: 0 | U5: 0 | V5: 0 | W5: 0 | X5: 0 | Y5: 0 | Z5: 0 | AA5: 0 | AB5: 0 | AC5: 0 | AD5: 0 | AE5: 0 | AF5: 0 | AG5: 0 | AH5: 0 | AI5: 0 | AJ5: 0 | AK5: 0 | AL5: 0 | AM5: 0 | AN5: 0 | AO5: 0 | AP5: 0 | AQ5: 0 | AR5: 0
A6: heat (BTU) | B6: =建筑各项能耗拆分!$B$18*建筑各项能耗拆分!B182*(1-B16) -> 5.0009158e+14 | C6: =建筑各项能耗拆分!$B$18*建筑各项能耗拆分!C182*(1-C16) -> 525908288594992 | D6: =建筑各项能耗拆分!$B$18*建筑各项能耗拆分!D182*(1-D16) -> 5.5817617e+14 | E6: =建筑各项能耗拆分!$B$18*建筑各项能耗拆分!E182*(1-E16) -> 560754757193461 | F6: =建筑各项能耗拆分!$B$18*建筑各项能耗拆分!F182*(1-F16) -> 5.6194738e+14 | G6: =建筑各项能耗拆分!$B$18*建筑各项能耗拆分!G182*(1-G16) -> 561776734314810 | H6: =建筑各项能耗拆分!$B$18*建筑各项能耗拆分!H182*(1-H16) -> 5.6026709e+14 | I6: =建筑各项能耗拆分!$B$18*建筑各项能耗拆分!I182*(1-I16) -> 557444266250519 | ... AR6: =建筑各项能耗拆分!$B$18*建筑各项能耗拆分!AR182*(1-AR16) -> 0
A7: biomass (BTU) | B7: 0 | C7: 0 | D7: 0 | E7: 0 | F7: 0 | G7: 0 | H7: 0 | I7: 0 | J7: 0 | K7: 0 | L7: 0 | M7: 0 | N7: 0 | O7: 0 | P7: 0 | Q7: 0 | R7: 0 | S7: 0 | T7: 0 | U7: 0 | V7: 0 | W7: 0 | X7: 0 | Y7: 0 | Z7: 0 | AA7: 0 | AB7: 0 | AC7: 0 | AD7: 0 | AE7: 0 | AF7: 0 | AG7: 0 | AH7: 0 | AI7: 0 | AJ7: 0 | AK7: 0 | AL7: 0 | AM7: 0 | AN7: 0 | AO7: 0 | AP7: 0 | AQ7: 0 | AR7: 0
A8: kerosene (BTU) | B8: 0 | C8: 0 | D8: 0 | E8: 0 | F8: 0 | G8: 0 | H8: 0 | I8: 0 | J8: 0 | K8: 0 | L8: 0 | M8: 0 | N8: 0 | O8: 0 | P8: 0 | Q8: 0 | R8: 0 | S8: 0 | T8: 0 | U8: 0 | V8: 0 | W8: 0 | X8: 0 | Y8: 0 | Z8: 0 | AA8: 0 | AB8: 0 | AC8: 0 | AD8: 0 | AE8: 0 | AF8: 0 | AG8: 0 | AH8: 0 | AI8: 0 | AJ8: 0 | AK8: 0 | AL8: 0 | AM8: 0 | AN8: 0 | AO8: 0 | AP8: 0 | AQ8: 0 | AR8: 0
A9: heavy or residual fuel oil (BTU) | B9: 0 | C9: 0 | D9: 0 | E9: 0 | F9: 0 | G9: 0 | H9: 0 | I9: 0 | J9: 0 | K9: 0 | L9: 0 | M9: 0 | N9: 0 | O9: 0 | P9: 0 | Q9: 0 | R9: 0 | S9: 0 | T9: 0 | U9: 0 | V9: 0 | W9: 0 | X9: 0 | Y9: 0 | Z9: 0 | AA9: 0 | AB9: 0 | AC9: 0 | AD9: 0 | AE9: 0 | AF9: 0 | AG9: 0 | AH9: 0 | AI9: 0 | AJ9: 0 | AK9: 0 | AL9: 0 | AM9: 0 | AN9: 0 | AO9: 0 | AP9: 0 | AQ9: 0 | AR9: 0
A10: LPG propane or butane (BTU) | B10: 0 | C10: 0 | D10: 0 | E10: 0 | F10: 0 | G10: 0 | H10: 0 | I10: 0 | J10: 0 | K10: 0 | L10: 0 | M10: 0 | N10: 0 | O10: 0 | P10: 0 | Q10: 0 | R10: 0 | S10: 0 | T10: 0 | U10: 0 | V10: 0 | W10: 0 | X10: 0 | Y10: 0 | Z10: 0 | AA10: 0 | AB10: 0 | AC10: 0 | AD10: 0 | AE10: 0 | AF10: 0 | AG10: 0 | AH10: 0 | AI10: 0 | AJ10: 0 | AK10: 0 | AL10: 0 | AM10: 0 | AN10: 0 | AO10: 0 | AP10: 0 | AQ10: 0 | AR10: 0
A11: hydrogen(BTU) | B11: 0 | C11: 0 | D11: 0 | E11: 0 | F11: 0 | G11: 0 | H11: 0 | I11: 0 | J11: 0 | K11: 0 | L11: 0 | M11: 0 | N11: 0 | O11: 0 | P11: 0 | Q11: 0 | R11: 0 | S11: 0 | T11: 0 | U11: 0 | V11: 0 | W11: 0 | X11: 0 | Y11: 0 | Z11: 0 | AA11: 0 | AB11: 0 | AC11: 0 | AD11: 0 | AE11: 0 | AF11: 0 | AG11: 0 | AH11: 0 | AI11: 0 | AJ11: 0 | AK11: 0 | AL11: 0 | AM11: 0 | AN11: 0 | AO11: 0 | AP11: 0 | AQ11: 0 | AR11: 0
A13: 集中供暖清洁化 | B13: 2018 | C13: 2019 | D13: 2020 | E13: 2021 | F13: 2022 | G13: 2023 | H13: 2024 | I13: 2025 | J13: 2026 | K13: 2027 | L13: 2028 | M13: 2029 | N13: 2030 | O13: 2031 | P13: 2032 | Q13: 2033 | R13: 2034 | S13: 2035 | T13: 2036 | U13: 2037 | V13: 2038 | W13: 2039 | X13: 2040 | Y13: 2041 | Z13: 2042 | AA13: 2043 | AB13: 2044 | AC13: 2045 | AD13: 2046 | AE13: 2047 | AF13: 2048 | AG13: 2049 | AH13: 2050 | AI13: 2051 | AJ13: 2052 | AK13: 2053 | AL13: 2054 | AM13: 2055 | AN13: 2056 | AO13: 2057 | AP13: 2058 | AQ13: 2059 | AR13: 2060
A14: 电力供暖 | B14: 0 | C14: 0 | D14: 0 | E14: 0.008 | F14: 0.016 | G14: 0.024 | H14: 0.032 | I14: 0.04 | J14: 0.048 | K14: 0.056 | L14: 0.064 | M14: 0.072 | N14: 0.08 | O14: 0.084 | P14: 0.088 | Q14: 0.092 | R14: 0.096 | S14: 0.1 | T14: 0.104 | U14: 0.108 | V14: 0.112 | W14: 0.116 | X14: 0.12 | Y14: 0.124 | Z14: 0.128 | AA14: 0.132 | AB14: 0.136 | AC14: 0.14 | AD14: 0.144 | AE14: 0.148 | AF14: 0.152 | AG14: 0.156 | AH14: 0.16 | AI14: 0.164 | AJ14: 0.168 | AK14: 0.172 | AL14: 0.176 | AM14: 0.18 | AN14: 0.184 | AO14: 0.188 | AP14: 0.192 | AQ14: 0.196 | AR14: 0.2
A15: 余热 | B15: 0 | C15: 0 | D15: 0 | E15: 0.02 | F15: 0.04 | G15: 0.06 | H15: 0.08 | I15: 0.1 | J15: 0.12 | K15: 0.14 | L15: 0.16 | M15: 0.18 | N15: 0.2 | O15: 0.22 | P15: 0.24 | Q15: 0.26 | R15: 0.28 | S15: 0.3 | T15: 0.32 | U15: 0.34 | V15: 0.36 | W15: 0.38 | X15: 0.4 | Y15: 0.42 | Z15: 0.44 | AA15: 0.46 | AB15: 0.48 | AC15: 0.5 | AD15: 0.52 | AE15: 0.54 | AF15: 0.56 | AG15: 0.58 | AH15: 0.6 | AI15: 0.62 | AJ15: 0.64 | AK15: 0.66 | AL15: 0.68 | AM15: 0.7 | AN15: 0.72 | AO15: 0.74 | AP15: 0.76 | AQ15: 0.78 | AR15: 0.8
A16: 合计 | B16: 0 | C16: 0 | D16: 0 | E16: 0.028 | F16: 0.056 | G16: 0.084 | H16: 0.112 | I16: 0.14 | J16: 0.168 | K16: 0.196 | L16: 0.224 | M16: 0.252 | N16: 0.28 | O16: 0.304 | P16: 0.328 | Q16: 0.352 | R16: 0.376 | S16: 0.4 | T16: 0.424 | U16: 0.448 | V16: 0.472 | W16: 0.496 | X16: 0.52 | Y16: 0.544 | Z16: 0.568 | AA16: 0.592 | AB16: 0.616 | AC16: 0.64 | AD16: 0.664 | AE16: 0.688 | AF16: 0.712 | AG16: 0.736 | AH16: 0.76 | AI16: 0.784 | AJ16: 0.808 | AK16: 0.832 | AL16: 0.856 | AM16: 0.88 | AN16: 0.904 | AO16: 0.928 | AP16: 0.952 | AQ16: 0.976 | AR16: 1

Sheet commercial-cooling
B1: 2018 | C1: 2019 | D1: 2020 | E1: 2021 | F1: 2022 | G1: 2023 | H1: 2024 | I1: 2025 | J1: 2026 | K1: 2027 | L1: 2028 | M1: 2029 | N1: 2030 | O1: 2031 | P1: 2032 | Q1: 2033 | R1: 2034 | S1: 2035 | T1: 2036 | U1: 2037 | V1: 2038 | W1: 2039 | X1: 2040 | Y1: 2041 | Z1: 2042 | AA1: 2043 | AB1: 2044 | AC1: 2045 | AD1: 2046 | AE1: 2047 | AF1: 2048 | AG1: 2049 | AH1: 2050 | AI1: 2051 | AJ1: 2052 | AK1: 2053 | AL1: 2054 | AM1: 2055 | AN1: 2056 | AO1: 2057 | AP1: 2058 | AQ1: 2059 | AR1: 2060
A2: electricity (BTU) | B2: =建筑各项能耗拆分!$B$18*建筑各项能耗拆分!B191 -> 1.2563725e+15 | C2: =建筑各项能耗拆分!$B$18*建筑各项能耗拆分!C191 -> 1.2728393e+15 | D2: =建筑各项能耗拆分!$B$18*建筑各项能耗拆分!D191 -> 1.2953541e+15 | E2: =建筑各项能耗拆分!$B$18*建筑各项能耗拆分!E191 -> 1.3056965e+15 | F2: =建筑各项能耗拆分!$B$18*建筑各项能耗拆分!F191 -> 1.3157302e+15 | G2: =建筑各项能耗拆分!$B$18*建筑各项能耗拆分!G191 -> 1.3254485e+15 | H2: =建筑各项能耗拆分!$B$18*建筑各项能耗拆分!H191 -> 1.3348452e+15 | I2: =建筑各项能耗拆分!$B$18*建筑各项能耗拆分!I191 -> 1.3439147e+15 | ... AR2: =建筑各项能耗拆分!$B$18*建筑各项能耗拆分!AR191 -> 1.4930188e+15
