Workbook

Sheet About
A1: BAU Heat Rate by Electricity Fuel
A3: Source: | B3: All Fuel Sources Except Nuclear
B4: Energy Information Administration
B5: 2020
B6: Form 923 (with data for 2019)
B7: https://www.eia.gov/electricity/data/eia923/
B8: Page 1 Generation and Fuel Data
B10: Preexisting Nuclear
B11: Energy Information Administration
B12: 2020
B13: Electric Power Annual 2020 (with data for 2019)
B14: http://www.eia.gov/electricity/annual/
B15: Tables 8.1
B17: Some Newly Built Sources
B18: Lazard
B19: 2015
B20: Lazard's Levelized Cost of Energy Analysis - Version 12
B21: https://www.lazard.com/media/2390/lazards-levelized-cost-of-energy-analysis-90.pdf
B22: p.16-18 "Levelized Cost of Energy - Key Assumptions
A24: Notes
A25: For the U.S., the natural gas preexisting retiring designation for natural gas nonpeakers refers to steam turbines, while the
A26: preexisting nonretiring designation refers to combined cycle.
A28: 1055.0558 | B28: Joules/BTU
A29: 29307.6 | B29: kj/kgce
A30: =(1000/A28)*A29 -> 27778.245 | B30: BTU/kgce

Sheet Cross-Page Data
A1: Form 860 Prime Mover Codes | D1: Form 860 Energy Source Codes | H1: Cross-walk for 2-check fuels
A3: Prime Mover Code | B3: Prime Mover Description | D3: Code | E3: Energy Source Description | F3: Corresponding Model Subscript | H3: Fuel Type | I3: Primer Mover | J3: Model Energy Source
A4: BA | B4: Energy Storage, Battery | D4: AB | E4: Agriculture Crop Byproducts/Straw/Energy Crops | F4: biomass | H4: NG | I4: CA | J4: natural gas nonpeaker - preexisting nonretiring
A5: CE | B5: Energy Storage, Compressed Air | D5: ANT | E5: Anthracite Coal | F5: hard coal | H5: NG | I5: CC | J5: natural gas nonpeaker - preexisting nonretiring
A6: CP | B6: Energy Storage, Concentrated Solar Power | D6: BFG | E6: Blast-Furnace Gas | F6: other | H6: NG | I6: CE | J6: other
A7: FW | B7: Energy Storage, Flywheel | D7: BIT | E7: Bituminous Coal | F7: hard coal | H7: NG | I7: CS | J7: natural gas nonpeaker - preexisting nonretiring
A8: PS | B8: Energy Storage, Reversible Hydraulic Turbine (Pumped Storage) | D8: BLQ | E8: Black Liquor | F8: biomass | H8: NG | I8: CT | J8: natural gas nonpeaker - preexisting nonretiring
A9: ES | B9: Energy Storage, Other (specify in SCHEDULE 7) | D9: CUR | E9: Water, Current | F9: hydro | H9: NG | I9: FC | J9: other
A10: ST | B10: Steam Turbine, including nuclear, geothermal and solar steam (does not include combined cycle) | D10: DFO | E10: Disillate Fuel Oil (all Diesel, and No. 1, No. 2, and No. 4 Fuel Oils) | F10: heavy or residual fuel oil | H10: NG | I10: GT | J10: natural gas peaker
A11: GT | B11: Combustion (Gas) Turbine (does not include the combustion turbine part of a combined cycle; see code CT, below) | D11: GEO | E11: Geothermal | F11: geothermal | H11: NG | I11: IC | J11: natural gas peaker
A12: IC | B12: Internal Combustion Engine (diesel, piston, reciprocating) | D12: JF | E12: Jet Fuel | F12: petroleum | H12: NG | I12: OT | J12: other
A13: CA | B13: Combined Cycle Steam Part | D13: KER | E13: Kerosene | F13: other | H13: NG | I13: ST | J13: natural gas nonpeaker - preexisting retiring
A14: CT | B14: Combined Cycle Combustion Turbine Part | D14: LFG | E14: Landfill Gas | F14: biomass | H14: SUN | I14: CA | J14: solar thermal
... A17: HA | B17: Hydrokinetic, Axial Flow Turbine | D17: MSB | E17: Biogenic Municipal Solid Waste | F17: municipal solid waste | H17: SUN | I17: ST | J17: solar thermal
A18: HB | B18: Hydrokinetic, Wave Buoy | D18: MSN | E18: Non-biogenic Municipal Solid Waste | F18: municipal solid waste
A19: HK | B19: Hydrokinetic, Other (specify in SCHEDULE 7) | D19: MSW | E19: Municipal Solid Waste | F19: municipal solid waste
A20: HY | B20: Hydroelectric Turbine (includes turbines associated with delivery of water by pipeline) | D20: NA | E20: Not Available at this Time | F20: other
A21: BT | B21: Turbines Used in a Binary Cycle (including those used for geothermal applications) | D21: NG | E21: Natural Gas | F21: natural gas
A22: PV | B22: Photovoltaic | D22: NUC | E22: Nuclear (Uranium, Plutonium, Thorium) | F22: nuclear
A23: WT | B23: Wind Turbine, Onshore | D23: OBG | E23: Other Biomass Gases (Digester Gas, Methane, and other Biomass Gases) | F23: biomass
A24: WS | B24: Wind Turbine, Offshore | D24: OBL | E24: Other Biomass Liquids (Fish Oil, Liquid Acetonitrite Waste, Medical Waste, Tall Oil, ethanol, Waste Alcohol, and other Biomass Liquids not specified) | F24: biomass
A25: FC | B25: Fuel Cell | D25: OBS | E25: Other Biomass Solids (Animal Manure and Waste, Solid Byproducts, and Other Solid Biomass not specified) | F25: biomass
A26: OT | B26: Other (specify in SCHEDULE 7) | D26: OG | E26: Other Gas (Coke-Oven, Coal Processes, Butane, Refinery, Other Process) | F26: other
D27: OTH | E27: Other (Batteries, Chemicals. Hydrogen, Pitch, Sulfur, Miscellaneous technologies) | F27: other
D28: PC | E28: Petroleum Coke | F28: petroleum
D29: PG | E29: Propane | F29: other
D30: PUR | E30: Purchased Steam | F30: other
D31: RC | E31: Refined Coal | F31: hard coal
D32: RFO | E32: Residual Fuel Oil (Include No. 5, and No. 6 Fuel Oil, and Bunker C Fuel Oil) | F32: heavy or residual fuel oil
D33: SC | E33: Coal-based Synfuel. Including briquettes, pellets, or extrusions, which are formed by binding materials or processes that recycle materials. | F33: hard coal
D34: SGP | E34: Synthesis Gas from Petroleum Coke | F34: other
D35: SGC | E35: Coal-Derived Synthetic Gas | F35: natural gas
D36: SLW | E36: Sludge waste | F36: biomass
D37: SUB | E37: Subbituminous Coal | F37: hard coal
D38: SUN | E38: Solar (Photovoltaic, Thermal) | F38: solar
... D48: WV | E48: Water, Waves | F48: hydro

Sheet Form 923
A1: U.S. Department of Energy, The Energy Information Administration (EIA)
A2: EIA-923 Monthly Generation and Fuel Consumption Time Series File, 2014 Final Release
A3: Sources: EIA-923 and EIA-860 Reports
A5: Plant Id | B5: Combined Heat And Power Plant | C5: Sector Name | D5: Reported Prime Mover | E5: Reported Fuel Type Code | F5: Elec Fuel Consumption MMBtu | G5: Net Generation (Megawatthours) | H5: YEAR | I5: Model Energy Source | J5: Energy Type | K5: Include?
A6: 2 | B6: N | C6: Electric Utility | D6: HY | E6: WAT | F6: 0 | G6: -284 | H6: 2019 | I6: =IF(J6="natural gas",VLOOKUP(D6,'Cross-Page Data'!$I$4:$J$13,2,FALSE),IF(J6="solar",VLOOKUP('Form 923'!D6,'Cross-Page Data'!$I$14:$J$117,2,FALSE),J6)) -> hydro | J6: =VLOOKUP(E6,'Cross-Page Data'!$D$4:$F$48,3,FALSE) -> hydro | K6: =IF(AND($N$6=FALSE,OR(C6="Commercial NAICS Cogen",C6="Industrial NAICS Cogen",C6="NAICS-22 Cogen")),FALSE,IF(AND($N$7=FALSE,OR(C6="Commercial NAICS Cogen",C6="Commercial NAICS Non-Cogen",C6="industrial NAICS Cogen",C6="industrial NAICS non-cogen")),FALSE,TRUE)) -> TRUE | M6: Include CHP Plants? | N6: FALSE
A7: 3 | B7: N | C7: Electric Utility | D7: CA | E7: NG | F7: 1499638 | G7: 2824887 | H7: 2019 | I7: =IF(J7="natural gas",VLOOKUP(D7,'Cross-Page Data'!$I$4:$J$13,2,FALSE),IF(J7="solar",VLOOKUP('Form 923'!D7,'Cross-Page Data'!$I$14:$J$117,2,FALSE),J7)) -> natural gas nonpeaker - preexisting nonretiring | J7: =VLOOKUP(E7,'Cross-Page Data'!$D$4:$F$48,3,FALSE) -> natural gas | K7: =IF(AND($N$6=FALSE,OR(C7="Commercial NAICS Cogen",C7="Industrial NAICS Cogen",C7="NAICS-22 Cogen")),FALSE,IF(AND($N$7=FALSE,OR(C7="Commercial NAICS Cogen",C7="Commercial NAICS Non-Cogen",C7="industrial NAICS Cogen",C7="industrial NAICS non-cogen")),FALSE,TRUE)) -> TRUE | M7: Include Non-Utilty Plants? | N7: FALSE
A8: 3 | B8: N | C8: Electric Utility | D8: CT | E8: NG | F8: 55606180 | G8: 5306391 | H8: 2019 | I8: =IF(J8="natural gas",VLOOKUP(D8,'Cross-Page Data'!$I$4:$J$13,2,FALSE),IF(J8="solar",VLOOKUP('Form 923'!D8,'Cross-Page Data'!$I$14:$J$117,2,FALSE),J8)) -> natural gas nonpeaker - preexisting nonretiring | J8: =VLOOKUP(E8,'Cross-Page Data'!$D$4:$F$48,3,FALSE) -> natural gas | K8: =IF(AND($N$6=FALSE,OR(C8="Commercial NAICS Cogen",C8="Industrial NAICS Cogen",C8="NAICS-22 Cogen")),FALSE,IF(AND($N$7=FALSE,OR(C8="Commercial NAICS Cogen",C8="Commercial NAICS Non-Cogen",C8="industrial NAICS Cogen",C8="industrial NAICS non-cogen")),FALSE,TRUE)) -> TRUE
A9: 3 | B9: N | C9: Electric Utility | D9: ST | E9: BIT | F9: 41521966 | G9: 4174904.2 | H9: 2019 | I9: =IF(J9="natural gas",VLOOKUP(D9,'Cross-Page Data'!$I$4:$J$13,2,FALSE),IF(J9="solar",VLOOKUP('Form 923'!D9,'Cross-Page Data'!$I$14:$J$117,2,FALSE),J9)) -> hard coal | J9: =VLOOKUP(E9,'Cross-Page Data'!$D$4:$F$48,3,FALSE) -> hard coal | K9: =IF(AND($N$6=FALSE,OR(C9="Commercial NAICS Cogen",C9="Industrial NAICS Cogen",C9="NAICS-22 Cogen")),FALSE,IF(AND($N$7=FALSE,OR(C9="Commercial NAICS Cogen",C9="Commercial NAICS Non-Cogen",C9="industrial NAICS Cogen",C9="industrial NAICS non-cogen")),FALSE,TRUE)) -> TRUE
A10: 3 | B10: N | C10: Electric Utility | D10: ST | E10: NG | F10: 1662458 | G10: 164624.81 | H10: 2019 | I10: =IF(J10="natural gas",VLOOKUP(D10,'Cross-Page Data'!$I$4:$J$13,2,FALSE),IF(J10="solar",VLOOKUP('Form 923'!D10,'Cross-Page Data'!$I$14:$J$117,2,FALSE),J10)) -> natural gas nonpeaker - preexisting retiring | J10: =VLOOKUP(E10,'Cross-Page Data'!$D$4:$F$48,3,FALSE) -> natural gas | K10: =IF(AND($N$6=FALSE,OR(C10="Commercial NAICS Cogen",C10="Industrial NAICS Cogen",C10="NAICS-22 Cogen")),FALSE,IF(AND($N$7=FALSE,OR(C10="Commercial NAICS Cogen",C10="Commercial NAICS Non-Cogen",C10="industrial NAICS Cogen",C10="industrial NAICS non-cogen")),FALSE,TRUE)) -> TRUE
A11: 3 | B11: N | C11: Electric Utility | D11: ST | E11: SUB | F11: 0 | G11: 0 | H11: 2019 | I11: =IF(J11="natural gas",VLOOKUP(D11,'Cross-Page Data'!$I$4:$J$13,2,FALSE),IF(J11="solar",VLOOKUP('Form 923'!D11,'Cross-Page Data'!$I$14:$J$117,2,FALSE),J11)) -> hard coal | J11: =VLOOKUP(E11,'Cross-Page Data'!$D$4:$F$48,3,FALSE) -> hard coal | K11: =IF(AND($N$6=FALSE,OR(C11="Commercial NAICS Cogen",C11="Industrial NAICS Cogen",C11="NAICS-22 Cogen")),FALSE,IF(AND($N$7=FALSE,OR(C11="Commercial NAICS Cogen",C11="Commercial NAICS Non-Cogen",C11="industrial NAICS Cogen",C11="industrial NAICS non-cogen")),FALSE,TRUE)) -> TRUE
A12: 4 | B12: N | C12: Electric Utility | D12: HY | E12: WAT | F12: 6442288 | G12: 723690 | H12: 2019 | I12: =IF(J12="natural gas",VLOOKUP(D12,'Cross-Page Data'!$I$4:$J$13,2,FALSE),IF(J12="solar",VLOOKUP('Form 923'!D12,'Cross-Page Data'!$I$14:$J$117,2,FALSE),J12)) -> hydro | J12: =VLOOKUP(E12,'Cross-Page Data'!$D$4:$F$48,3,FALSE) -> hydro | K12: =IF(AND($N$6=FALSE,OR(C12="Commercial NAICS Cogen",C12="Industrial NAICS Cogen",C12="NAICS-22 Cogen")),FALSE,IF(AND($N$7=FALSE,OR(C12="Commercial NAICS Cogen",C12="Commercial NAICS Non-Cogen",C12="industrial NAICS Cogen",C12="industrial NAICS non-cogen")),FALSE,TRUE)) -> TRUE
A13: 7 | B13: Y | C13: Electric Utility | D13: ST | E13: NG | F13: 1981699 | G13: 169977 | H13: 2019 | I13: =IF(J13="natural gas",VLOOKUP(D13,'Cross-Page Data'!$I$4:$J$13,2,FALSE),IF(J13="solar",VLOOKUP('Form 923'!D13,'Cross-Page Data'!$I$14:$J$117,2,FALSE),J13)) -> natural gas nonpeaker - preexisting retiring | J13: =VLOOKUP(E13,'Cross-Page Data'!$D$4:$F$48,3,FALSE) -> natural gas | K13: =IF(AND($N$6=FALSE,OR(C13="Commercial NAICS Cogen",C13="Industrial NAICS Cogen",C13="NAICS-22 Cogen")),FALSE,IF(AND($N$7=FALSE,OR(C13="Commercial NAICS Cogen",C13="Commercial NAICS Non-Cogen",C13="industrial NAICS Cogen",C13="industrial NAICS non-cogen")),FALSE,TRUE)) -> TRUE
A14: 8 | B14: N | C14: Electric Utility | D14: ST | E14: BIT | F14: 4840441 | G14: 489541.89 | H14: 2019 | I14: =IF(J14="natural gas",VLOOKUP(D14,'Cross-Page Data'!$I$4:$J$13,2,FALSE),IF(J14="solar",VLOOKUP('Form 923'!D14,'Cross-Page Data'!$I$14:$J$117,2,FALSE),J14)) -> hard coal | J14: =VLOOKUP(E14,'Cross-Page Data'!$D$4:$F$48,3,FALSE) -> hard coal | K14: =IF(AND($N$6=FALSE,OR(C14="Commercial NAICS Cogen",C14="Industrial NAICS Cogen",C14="NAICS-22 Cogen")),FALSE,IF(AND($N$7=FALSE,OR(C14="Commercial NAICS Cogen",C14="Commercial NAICS Non-Cogen",C14="industrial NAICS Cogen",C14="industrial NAICS non-cogen")),FALSE,TRUE)) -> TRUE
A15: 8 | B15: N | C15: Electric Utility | D15: ST | E15: DFO | F15: 12615 | G15: 1218.11 | H15: 2019 | I15: =IF(J15="natural gas",VLOOKUP(D15,'Cross-Page Data'!$I$4:$J$13,2,FALSE),IF(J15="solar",VLOOKUP('Form 923'!D15,'Cross-Page Data'!$I$14:$J$117,2,FALSE),J15)) -> heavy or residual fuel oil | J15: =VLOOKUP(E15,'Cross-Page Data'!$D$4:$F$48,3,FALSE) -> heavy or residual fuel oil | K15: =IF(AND($N$6=FALSE,OR(C15="Commercial NAICS Cogen",C15="Industrial NAICS Cogen",C15="NAICS-22 Cogen")),FALSE,IF(AND($N$7=FALSE,OR(C15="Commercial NAICS Cogen",C15="Commercial NAICS Non-Cogen",C15="industrial NAICS Cogen",C15="industrial NAICS non-cogen")),FALSE,TRUE)) -> TRUE
A16: 9 | B16: N | C16: Electric Utility | D16: GT | E16: DFO | F16: 0 | G16: 0 | H16: 2019 | I16: =IF(J16="natural gas",VLOOKUP(D16,'Cross-Page Data'!$I$4:$J$13,2,FALSE),IF(J16="solar",VLOOKUP('Form 923'!D16,'Cross-Page Data'!$I$14:$J$117,2,FALSE),J16)) -> heavy or residual fuel oil | J16: =VLOOKUP(E16,'Cross-Page Data'!$D$4:$F$48,3,FALSE) -> heavy or residual fuel oil | K16: =IF(AND($N$6=FALSE,OR(C16="Commercial NAICS Cogen",C16="Industrial NAICS Cogen",C16="NAICS-22 Cogen")),FALSE,IF(AND($N$7=FALSE,OR(C16="Commercial NAICS Cogen",C16="Commercial NAICS Non-Cogen",C16="industrial NAICS Cogen",C16="industrial NAICS non-cogen")),FALSE,TRUE)) -> TRUE
A17: 9 | B17: N | C17: Electric Utility | D17: GT | E17: NG | F17: 688549 | G17: 39534 | H17: 2019 | I17: =IF(J17="natural gas",VLOOKUP(D17,'Cross-Page Data'!$I$4:$J$13,2,FALSE),IF(J17="solar",VLOOKUP('Form 923'!D17,'Cross-Page Data'!$I$14:$J$117,2,FALSE),J17)) -> natural gas peaker | J17: =VLOOKUP(E17,'Cross-Page Data'!$D$4:$F$48,3,FALSE) -> natural gas | K17: =IF(AND($N$6=FALSE,OR(C17="Commercial NAICS Cogen",C17="Industrial NAICS Cogen",C17="NAICS-22 Cogen")),FALSE,IF(AND($N$7=FALSE,OR(C17="Commercial NAICS Cogen",C17="Commercial NAICS Non-Cogen",C17="industrial NAICS Cogen",C17="industrial NAICS non-cogen")),FALSE,TRUE)) -> TRUE
A18: 10 | B18: N | C18: Electric Utility | D18: GT | E18: DFO | F18: 1452 | G18: 104.114 | H18: 2019 | I18: =IF(J18="natural gas",VLOOKUP(D18,'Cross-Page Data'!$I$4:$J$13,2,FALSE),IF(J18="solar",VLOOKUP('Form 923'!D18,'Cross-Page Data'!$I$14:$J$117,2,FALSE),J18)) -> heavy or residual fuel oil | J18: =VLOOKUP(E18,'Cross-Page Data'!$D$4:$F$48,3,FALSE) -> heavy or residual fuel oil | K18: =IF(AND($N$6=FALSE,OR(C18="Commercial NAICS Cogen",C18="Industrial NAICS Cogen",C18="NAICS-22 Cogen")),FALSE,IF(AND($N$7=FALSE,OR(C18="Commercial NAICS Cogen",C18="Commercial NAICS Non-Cogen",C18="industrial NAICS Cogen",C18="industrial NAICS non-cogen")),FALSE,TRUE)) -> TRUE
A19: 10 | B19: N | C19: Electric Utility | D19: GT | E19: NG | F19: 605246 | G19: 43505.886 | H19: 2019 | I19: =IF(J19="natural gas",VLOOKUP(D19,'Cross-Page Data'!$I$4:$J$13,2,FALSE),IF(J19="solar",VLOOKUP('Form 923'!D19,'Cross-Page Data'!$I$14:$J$117,2,FALSE),J19)) -> natural gas peaker | J19: =VLOOKUP(E19,'Cross-Page Data'!$D$4:$F$48,3,FALSE) -> natural gas | K19: =IF(AND($N$6=FALSE,OR(C19="Commercial NAICS Cogen",C19="Industrial NAICS Cogen",C19="NAICS-22 Cogen")),FALSE,IF(AND($N$7=FALSE,OR(C19="Commercial NAICS Cogen",C19="Commercial NAICS Non-Cogen",C19="industrial NAICS Cogen",C19="industrial NAICS non-cogen")),FALSE,TRUE)) -> TRUE
... A14148: 99999 | B14148: N | C14148: NAICS-22 Non-Cogen | D14148: WT | E14148: WND | F14148: 2853118 | G14148: 320502.82 | H14148: 2019 | I14148: =IF(J14148="natural gas",VLOOKUP(D14148,'Cross-Page Data'!$I$4:$J$13,2,FALSE),IF(J14148="solar",VLOOKUP('Form 923'!D14148,'Cross-Page Data'!$I$14:$J$117,2,FALSE),J14148)) -> wind | J14148: =VLOOKUP(E14148,'Cross-Page Data'!$D$4:$F$48,3,FALSE) -> wind | K14148: =IF(AND($N$6=FALSE,OR(C14148="Commercial NAICS Cogen",C14148="Industrial NAICS Cogen",C14148="NAICS-22 Cogen")),FALSE,IF(AND($N$7=FALSE,OR(C14148="Commercial NAICS Cogen",C14148="Commercial NAICS Non-Cogen",C14148="industrial NAICS Cogen",C14148="industrial NAICS non-cogen")),FALSE,TRUE)) -> TRUE

Sheet Calculations
A1: Row Labels | B1: Sum of Elec Fuel Consumption MMBtu | C1: Sum of Net Generation (Megawatthours) | D1: Operating Heat Rate
A2: biomass | B2: 487475053 | C2: 51409317 | D2: =B2/C2*10^6 -> 9482231.6
A3: crude oil | B3: 7948669 | C3: 1030533.6 | D3: =B3/C3*10^6 -> 7713158.3
A4: geothermal | B4: 138080172 | C4: 15511140 | D4: =B4/C4*10^6 -> 8902000.4
A5: hard coal | B5: 9872136038 | C5: 9.3918074e+08 | D5: =B5/C5*10^6 -> 10511434
A6: heavy or residual fuel oil | B6: 109984770 | C6: 10260584 | D6: =B6/C6*10^6 -> 10719153
A7: hydro | B7: 2561152904 | C7: 2.8244214e+08 | D7: =B7/C7*10^6 -> 9067885.3
A8: lignite | B8: 273885241 | C8: 23839374 | D8: =B8/C8*10^6 -> 11488776
A9: municipal solid waste | B9: 255810262 | C9: 13539084 | D9: =B9/C9*10^6 -> 18894208
A10: natural gas nonpeaker - preexisting nonretiring | B10: 9604147209 | C10: 1.3414893e+09 | D10: =B10/C10*10^6 -> 7159317.1
A11: natural gas nonpeaker - preexisting retiring | B11: 1121815715 | C11: 1.0696093e+08 | D11: =B11/C11*10^6 -> 10488088
A12: natural gas peaker | B12: 1269286581 | C12: 1.3529815e+08 | D12: =B12/C12*10^6 -> 9381403.7
A13: nuclear | B13: 0 | C13: 809409262 | D13: =B13/C13*10^6 -> 0
... A19: #N/A | B19: 4139 | C19: 465 | D19: =B19/C19*10^6 -> 8901075.3
A20: Grand Total | B20: 29189111028 | C20: 4.125207e+09

Sheet Coal Caculation
A1: 地区 | B1: 年份 | C1: 项 目 | D1: 能源品种 | E1: 实物消费量 | G1: BTU Consumption
A2: 全国 | B2: 2015 | C2: 2.1. 火力发电 | D2: 其他能源(万吨标准煤) | E2: -1058.97 | F2: =VLOOKUP(D2,'Coal Caculation'!J$22:K$39,2,FALSE) -> Biomass | G2: =-VLOOKUP(D2,'Heat Rate by Fuel'!E$3:F$34,2,FALSE)*E2 -> 293795483266474 | J2: Fossil Generation (10^8 KWh)
A3: 全国 | B3: 2015 | C3: 2.1. 火力发电 | D3: 原煤(万吨) | E3: -176893.54 | F3: =VLOOKUP(D3,'Coal Caculation'!J$22:K$39,2,FALSE) -> Coal | G3: =-VLOOKUP(D3,'Heat Rate by Fuel'!E$3:F$34,2,FALSE)*E3 -> 3.505487e+16 | K3: 2015 | L3: 2016 | M3: 2017 | N3: 2018 | O3: 2019 | P3: 2020
A4: 全国 | B4: 2015 | C4: 2.1. 火力发电 | D4: 其他洗煤(万吨) | E4: -2643.02 | F4: =VLOOKUP(D4,'Coal Caculation'!J$22:K$39,2,FALSE) -> Coal | G4: =-VLOOKUP(D4,'Heat Rate by Fuel'!E$3:F$34,2,FALSE)*E4 -> 209501165978314 | J4: Coal | K4: 39462 | L4: 39462 | M4: 41498 | N4: 44829 | O4: 45538 | P4: 46296
A5: 全国 | B5: 2015 | C5: 2.1. 火力发电 | D5: 煤矸石(万吨) | E5: -2709.6 | F5: =VLOOKUP(D5,'Coal Caculation'!J$22:K$39,2,FALSE) -> Coal | G5: =-VLOOKUP(D5,'Heat Rate by Fuel'!E$3:F$34,2,FALSE)*E5 -> 215061186893652 | J5: Natural Gas | K5: 1883 | L5: 1883 | M5: 2028 | N5: 2155 | O5: 2325 | P5: 2525
A6: 全国 | B6: 2015 | C6: 2.1. 火力发电 | D6: 焦炭(万吨) | E6: -5.92 | F6: =VLOOKUP(D6,'Coal Caculation'!J$22:K$39,2,FALSE) -> Coal | G6: =-VLOOKUP(D6,'Heat Rate by Fuel'!E$3:F$34,2,FALSE)*E6 -> 1.5955075e+12 | J6: Oil | K6: 28 | L6: 28 | M6: 27 | N6: 15 | O6: 13 | P6: 12
A7: 全国 | B7: 2015 | C7: 2.1. 火力发电 | D7: 石油焦(万吨) | E7: -136.27 | F7: =VLOOKUP(D7,'Coal Caculation'!J$22:K$39,2,FALSE) -> Coal | G7: =-VLOOKUP(D7,'Heat Rate by Fuel'!E$3:F$34,2,FALSE)*E7 -> 4.1262376e+13 | J7: Total | K7: =K4+K5+K6 -> 41373 | L7: =L4+L5+L6 -> 41373 | M7: =M4+M5+M6 -> 43553 | N7: =N4+N5+N6 -> 46999 | O7: =O4+O5+O6 -> 47876 | P7: =P4+P5+P6 -> 48833
A8: 全国 | B8: 2015 | C8: 2.1. 火力发电 | D8: 焦炉煤气(亿立方米) | E8: -169.63 | F8: =VLOOKUP(D8,'Coal Caculation'!J$22:K$39,2,FALSE) -> Natural Gas | G8: =-VLOOKUP(D8,'Heat Rate by Fuel'!E$3:F$34,2,FALSE)*E8 -> 279006062617935
A9: 全国 | B9: 2015 | C9: 2.1. 火力发电 | D9: 高炉煤气(亿立方米) | E9: -1465.75 | F9: =VLOOKUP(D9,'Coal Caculation'!J$22:K$39,2,FALSE) -> Natural Gas | G9: =-VLOOKUP(D9,'Heat Rate by Fuel'!E$3:F$34,2,FALSE)*E9 -> 522778862285836 | J9: Fossil Generation Heat Rate (BTU/MWh)
A10: 全国 | B10: 2015 | C10: 2.1. 火力发电 | D10: 转炉煤气(亿立方米) | E10: -113.46 | F10: =VLOOKUP(D10,'Coal Caculation'!J$22:K$39,2,FALSE) -> Natural Gas | G10: =-VLOOKUP(D10,'Heat Rate by Fuel'!E$3:F$34,2,FALSE)*E10 -> 8.543987e+13 | K10: 2015 | L10: 2016 | M10: 2017 | N10: 2018 | O10: 2019 | P10: 2020
A11: 全国 | B11: 2015 | C11: 2.1. 火力发电 | D11: 其他煤气(亿立方米) | E11: -2.8 | F11: =VLOOKUP(D11,'Coal Caculation'!J$22:K$39,2,FALSE) -> Natural Gas | G11: =-VLOOKUP(D11,'Heat Rate by Fuel'!E$3:F$34,2,FALSE)*E11 -> 1.3871851e+12 | J11: Coal | K11: =SUMIFS($G:$G,$F:$F,$J11,$B:$B,K$10)/(K4*10^5) -> 9001644.7 | L11: =SUMIFS($G:$G,$F:$F,$J11,$B:$B,L$10)/(L4*10^5) -> 9150132.6 | M11: =SUMIFS($G:$G,$F:$F,$J11,$B:$B,M$10)/(M4*10^5) -> 9241614.1 | N11: =SUMIFS($G:$G,$F:$F,$J11,$B:$B,N$10)/(N4*10^5) -> 9031393.6 | O11: =SUMIFS($G:$G,$F:$F,$J11,$B:$B,O$10)/(O4*10^5) -> 9080906.1 | P11: =SUMIFS($G:$G,$F:$F,$J11,$B:$B,P$10)/(P4*10^5) -> 8998762.5
A12: 全国 | B12: 2015 | C12: 2.1. 火力发电 | D12: 炼厂干气(万吨) | E12: -50.42 | F12: =VLOOKUP(D12,'Coal Caculation'!J$22:K$39,2,FALSE) -> Natural Gas | G12: =-VLOOKUP(D12,'Heat Rate by Fuel'!E$3:F$34,2,FALSE)*E12 -> 2.1981923e+13 | J12: Natural Gas | K12: =SUMIFS($G:$G,$F:$F,$J12,$B:$B,K$10)/(K5*10^5) -> 10481022 | L12: =SUMIFS($G:$G,$F:$F,$J12,$B:$B,L$10)/(L5*10^5) -> 12150430 | M12: =SUMIFS($G:$G,$F:$F,$J12,$B:$B,M$10)/(M5*10^5) -> 11893799 | N12: =SUMIFS($G:$G,$F:$F,$J12,$B:$B,N$10)/(N5*10^5) -> 12910117 | O12: =SUMIFS($G:$G,$F:$F,$J12,$B:$B,O$10)/(O5*10^5) -> 12566395 | P12: =SUMIFS($G:$G,$F:$F,$J12,$B:$B,P$10)/(P5*10^5) -> 12907103
A13: 全国 | B13: 2015 | C13: 2.1. 火力发电 | D13: 天然气(亿立方米) | E13: -291.59 | F13: =VLOOKUP(D13,'Coal Caculation'!J$22:K$39,2,FALSE) -> Natural Gas | G13: =-VLOOKUP(D13,'Heat Rate by Fuel'!E$3:F$34,2,FALSE)*E13 -> 983461565265205 | J13: Oil | K13: =SUMIFS($G:$G,$F:$F,$J13,$B:$B,K$10)/(K6*10^5) -> 11165471 | L13: =SUMIFS($G:$G,$F:$F,$J13,$B:$B,L$10)/(L6*10^5) -> 10878759 | M13: =SUMIFS($G:$G,$F:$F,$J13,$B:$B,M$10)/(M6*10^5) -> 8391608.9 | N13: =SUMIFS($G:$G,$F:$F,$J13,$B:$B,N$10)/(N6*10^5) -> 16022391 | O13: =SUMIFS($G:$G,$F:$F,$J13,$B:$B,O$10)/(O6*10^5) -> 19115252 | P13: =SUMIFS($G:$G,$F:$F,$J13,$B:$B,P$10)/(P6*10^5) -> 26995894
A14: 全国 | B14: 2015 | C14: 2.1. 火力发电 | D14: 液化天然气(万吨) | E14: -163.12 | F14: =VLOOKUP(D14,'Coal Caculation'!J$22:K$39,2,FALSE) -> Natural Gas | G14: =-VLOOKUP(D14,'Heat Rate by Fuel'!E$3:F$34,2,FALSE)*E14 -> 79520922838116 | J14: Total | K14: =SUMIFS($G:$G,$B:$B,K$10)/(K7*10^5) -> 9141451.1 | L14: =SUMIFS($G:$G,$B:$B,L$10)/(L7*10^5) -> 9369517.8 | M14: =SUMIFS($G:$G,$B:$B,M$10)/(M7*10^5) -> 9454254.7 | N14: =SUMIFS($G:$G,$B:$B,N$10)/(N7*10^5) -> 9305154 | O14: =SUMIFS($G:$G,$B:$B,O$10)/(O7*10^5) -> 9343758.2 | P14: =SUMIFS($G:$G,$B:$B,P$10)/(P7*10^5) -> 9319912.6
A15: 全国 | B15: 2015 | C15: 2.1. 火力发电 | D15: 原油(万吨) | E15: -12.46 | F15: =VLOOKUP(D15,'Coal Caculation'!J$22:K$39,2,FALSE) -> Oil | G15: =-VLOOKUP(D15,'Heat Rate by Fuel'!E$3:F$34,2,FALSE)*E15 -> 4.9383791e+12
A16: 全国 | B16: 2015 | C16: 2.1. 火力发电 | D16: 柴油(万吨) | E16: -22.36 | F16: =VLOOKUP(D16,'Coal Caculation'!J$22:K$39,2,FALSE) -> Oil | G16: =-VLOOKUP(D16,'Heat Rate by Fuel'!E$3:F$34,2,FALSE)*E16 -> 9.0393062e+12 | J16: Fossil Generation Heat Rate (kgce/MWh)
A17: 全国 | B17: 2015 | C17: 2.1. 火力发电 | D17: 燃料油(万吨) | E17: -31.52 | F17: =VLOOKUP(D17,'Coal Caculation'!J$22:K$39,2,FALSE) -> Oil | G17: =-VLOOKUP(D17,'Heat Rate by Fuel'!E$3:F$34,2,FALSE)*E17 -> 1.2492593e+13 | K17: 2015 | L17: 2016 | M17: 2017 | N17: 2018 | O17: 2019 | P17: 2020
A18: 全国 | B18: 2015 | C18: 2.1. 火力发电 | D18: 其他石油制品(万吨) | E18: -12.34 | F18: =VLOOKUP(D18,'Coal Caculation'!J$22:K$39,2,FALSE) -> Oil | G18: =-VLOOKUP(D18,'Heat Rate by Fuel'!E$3:F$34,2,FALSE)*E18 -> 4.7930395e+12 | J18: Coal | K18: =K11/('Heat Rate by Fuel'!$F$4/'Heat Rate by Fuel'!$D$4)*10^7 -> 324.1383 | L18: =L11/('Heat Rate by Fuel'!$F$4/'Heat Rate by Fuel'!$D$4)*10^7 -> 329.48517 | M18: =M11/('Heat Rate by Fuel'!$F$4/'Heat Rate by Fuel'!$D$4)*10^7 -> 332.77931 | N18: =N11/('Heat Rate by Fuel'!$F$4/'Heat Rate by Fuel'!$D$4)*10^7 -> 325.20952 | O18: =O11/('Heat Rate by Fuel'!$F$4/'Heat Rate by Fuel'!$D$4)*10^7 -> 326.99241 | P18: =P11/('Heat Rate by Fuel'!$F$4/'Heat Rate by Fuel'!$D$4)*10^7 -> 324.03452
J19: Natural Gas | K19: =K12/('Heat Rate by Fuel'!$F$4/'Heat Rate by Fuel'!$D$4)*10^7 -> 377.40887 | L19: =L12/('Heat Rate by Fuel'!$F$4/'Heat Rate by Fuel'!$D$4)*10^7 -> 437.52224 | M19: =M12/('Heat Rate by Fuel'!$F$4/'Heat Rate by Fuel'!$D$4)*10^7 -> 428.28126 | N19: =N12/('Heat Rate by Fuel'!$F$4/'Heat Rate by Fuel'!$D$4)*10^7 -> 464.87763 | O19: =O12/('Heat Rate by Fuel'!$F$4/'Heat Rate by Fuel'!$D$4)*10^7 -> 452.50062 | P19: =P12/('Heat Rate by Fuel'!$F$4/'Heat Rate by Fuel'!$D$4)*10^7 -> 464.76911
J20: Oil | K20: =K13/('Heat Rate by Fuel'!$F$4/'Heat Rate by Fuel'!$D$4)*10^7 -> 402.05505 | L20: =L13/('Heat Rate by Fuel'!$F$4/'Heat Rate by Fuel'!$D$4)*10^7 -> 391.7309 | M20: =M13/('Heat Rate by Fuel'!$F$4/'Heat Rate by Fuel'!$D$4)*10^7 -> 302.17165 | N20: =N13/('Heat Rate by Fuel'!$F$4/'Heat Rate by Fuel'!$D$4)*10^7 -> 576.94686 | O20: =O13/('Heat Rate by Fuel'!$F$4/'Heat Rate by Fuel'!$D$4)*10^7 -> 688.31703 | P20: =P13/('Heat Rate by Fuel'!$F$4/'Heat Rate by Fuel'!$D$4)*10^7 -> 972.08937
A21: 全国 | B21: 2016 | C21: 2.1. 火力发电 | D21: 其他能源(万吨标准煤) | E21: -1217.82 | F21: =VLOOKUP(D21,'Coal Caculation'!J$22:K$39,2,FALSE) -> Biomass | G21: =-VLOOKUP(D21,'Heat Rate by Fuel'!E$3:F$34,2,FALSE)*E21 -> 337866054214546
A22: 全国 | B22: 2016 | C22: 2.1. 火力发电 | D22: 原煤(万吨) | E22: -179635.55 | F22: =VLOOKUP(D22,'Coal Caculation'!J$22:K$39,2,FALSE) -> Coal | G22: =-VLOOKUP(D22,'Heat Rate by Fuel'!E$3:F$34,2,FALSE)*E22 -> 3.5598252e+16 | J22: 其他能源(万吨标准煤) | K22: Biomass
A23: 全国 | B23: 2016 | C23: 2.1. 火力发电 | D23: 其他洗煤(万吨) | E23: -3030.1 | F23: =VLOOKUP(D23,'Coal Caculation'!J$22:K$39,2,FALSE) -> Coal | G23: =-VLOOKUP(D23,'Heat Rate by Fuel'!E$3:F$34,2,FALSE)*E23 -> 240183382278942 | J23: 原煤(万吨) | K23: Coal
A24: 全国 | B24: 2016 | C24: 2.1. 火力发电 | D24: 煤矸石(万吨) | E24: -2803.63 | F24: =VLOOKUP(D24,'Coal Caculation'!J$22:K$39,2,FALSE) -> Coal | G24: =-VLOOKUP(D24,'Heat Rate by Fuel'!E$3:F$34,2,FALSE)*E24 -> 222524356145058 | J24: 其他洗煤(万吨) | K24: Coal
A25: 全国 | B25: 2016 | C25: 2.1. 火力发电 | D25: 焦炭(万吨) | E25: -5.12 | F25: =VLOOKUP(D25,'Coal Caculation'!J$22:K$39,2,FALSE) -> Coal | G25: =-VLOOKUP(D25,'Heat Rate by Fuel'!E$3:F$34,2,FALSE)*E25 -> 1.3798983e+12 | J25: 煤矸石(万吨) | K25: Coal
A26: 全国 | B26: 2016 | C26: 2.1. 火力发电 | D26: 石油焦(万吨) | E26: -151.63 | F26: =VLOOKUP(D26,'Coal Caculation'!J$22:K$39,2,FALSE) -> Coal | G26: =-VLOOKUP(D26,'Heat Rate by Fuel'!E$3:F$34,2,FALSE)*E26 -> 4.5913364e+13 | J26: 焦炭(万吨) | K26: Coal
A27: 全国 | B27: 2016 | C27: 2.1. 火力发电 | D27: 焦炉煤气(亿立方米) | E27: -193.14 | F27: =VLOOKUP(D27,'Coal Caculation'!J$22:K$39,2,FALSE) -> Natural Gas | G27: =-VLOOKUP(D27,'Heat Rate by Fuel'!E$3:F$34,2,FALSE)*E27 -> 317675121936143 | J27: 石油焦(万吨) | K27: Coal
A28: 全国 | B28: 2016 | C28: 2.1. 火力发电 | D28: 高炉煤气(亿立方米) | E28: -1703.1 | F28: =VLOOKUP(D28,'Coal Caculation'!J$22:K$39,2,FALSE) -> Natural Gas | G28: =-VLOOKUP(D28,'Heat Rate by Fuel'!E$3:F$34,2,FALSE)*E28 -> 607432836676792 | J28: 天然气(亿立方米) | K28: Natural Gas
A29: 全国 | B29: 2016 | C29: 2.1. 火力发电 | D29: 转炉煤气(亿立方米) | E29: -149.02 | F29: =VLOOKUP(D29,'Coal Caculation'!J$22:K$39,2,FALSE) -> Natural Gas | G29: =-VLOOKUP(D29,'Heat Rate by Fuel'!E$3:F$34,2,FALSE)*E29 -> 112217957224915 | J29: 高炉煤气(亿立方米) | K29: Natural Gas
A30: 全国 | B30: 2016 | C30: 2.1. 火力发电 | D30: 其他煤气(亿立方米) | E30: -1.46 | F30: =VLOOKUP(D30,'Coal Caculation'!J$22:K$39,2,FALSE) -> Natural Gas | G30: =-VLOOKUP(D30,'Heat Rate by Fuel'!E$3:F$34,2,FALSE)*E30 -> 7.2331797e+11 | J30: 焦炉煤气(亿立方米) | K30: Natural Gas
A31: 全国 | B31: 2016 | C31: 2.1. 火力发电 | D31: 液化石油气(万吨) | E31: -0.13 | F31: =VLOOKUP(D31,'Coal Caculation'!J$22:K$39,2,FALSE) -> Natural Gas | G31: =-VLOOKUP(D31,'Heat Rate by Fuel'!E$3:F$34,2,FALSE)*E31 -> 6.1828577e+10 | J31: 转炉煤气(亿立方米) | K31: Natural Gas
A32: 全国 | B32: 2016 | C32: 2.1. 火力发电 | D32: 炼厂干气(万吨) | E32: -56.44 | F32: =VLOOKUP(D32,'Coal Caculation'!J$22:K$39,2,FALSE) -> Natural Gas | G32: =-VLOOKUP(D32,'Heat Rate by Fuel'!E$3:F$34,2,FALSE)*E32 -> 2.46065e+13 | J32: 液化天然气(万吨) | K32: Natural Gas
A33: 全国 | B33: 2016 | C33: 2.1. 火力发电 | D33: 天然气(亿立方米) | E33: -332.42 | F33: =VLOOKUP(D33,'Coal Caculation'!J$22:K$39,2,FALSE) -> Natural Gas | G33: =-VLOOKUP(D33,'Heat Rate by Fuel'!E$3:F$34,2,FALSE)*E33 -> 1.1211711e+15 | J33: 炼厂干气(万吨) | K33: Natural Gas
... A38: 全国 | B38: 2016 | C38: 2.1. 火力发电 | D38: 其他石油制品(万吨) | E38: -2.94 | F38: =VLOOKUP(D38,'Coal Caculation'!J$22:K$39,2,FALSE) -> Oil | G38: =-VLOOKUP(D38,'Heat Rate by Fuel'!E$3:F$34,2,FALSE)*E38 -> 1.1419397e+12 | J38: 原油(万吨) | K38: Oil
J39: 其他石油制品(万吨) | K39: Oil
A41: 全国 | B41: 2017 | C41: 2.1. 火力发电 | D41: 其他能源(万吨标准煤) | E41: -1407.7 | F41: =VLOOKUP(D41,'Coal Caculation'!J$22:K$39,2,FALSE) -> Biomass | G41: =-VLOOKUP(D41,'Heat Rate by Fuel'!E$3:F$34,2,FALSE)*E41 -> 390545437353481
A42: 全国 | B42: 2017 | C42: 2.1. 火力发电 | D42: 原煤(万吨) | E42: -190693.32 | F42: =VLOOKUP(D42,'Coal Caculation'!J$22:K$39,2,FALSE) -> Coal | G42: =-VLOOKUP(D42,'Heat Rate by Fuel'!E$3:F$34,2,FALSE)*E42 -> 3.7789563e+16
A43: 全国 | B43: 2017 | C43: 2.1. 火力发电 | D43: 其他洗煤(万吨) | E43: -3231.34 | F43: =VLOOKUP(D43,'Coal Caculation'!J$22:K$39,2,FALSE) -> Coal | G43: =-VLOOKUP(D43,'Heat Rate by Fuel'!E$3:F$34,2,FALSE)*E43 -> 256134837296867
A44: 全国 | B44: 2017 | C44: 2.1. 火力发电 | D44: 煤矸石(万吨) | E44: -3288.22 | F44: =VLOOKUP(D44,'Coal Caculation'!J$22:K$39,2,FALSE) -> Coal | G44: =-VLOOKUP(D44,'Heat Rate by Fuel'!E$3:F$34,2,FALSE)*E44 -> 260986306453884
A45: 全国 | B45: 2017 | C45: 2.1. 火力发电 | D45: 石油焦(万吨) | E45: -145.86 | F45: =VLOOKUP(D45,'Coal Caculation'!J$22:K$39,2,FALSE) -> Coal | G45: =-VLOOKUP(D45,'Heat Rate by Fuel'!E$3:F$34,2,FALSE)*E45 -> 4.4166216e+13
A46: 全国 | B46: 2017 | C46: 2.1. 火力发电 | D46: 焦炉煤气(亿立方米) | E46: -194.66 | F46: =VLOOKUP(D46,'Coal Caculation'!J$22:K$39,2,FALSE) -> Natural Gas | G46: =-VLOOKUP(D46,'Heat Rate by Fuel'!E$3:F$34,2,FALSE)*E46 -> 320175205737235
A47: 全国 | B47: 2017 | C47: 2.1. 火力发电 | D47: 高炉煤气(亿立方米) | E47: -1803.75 | F47: =VLOOKUP(D47,'Coal Caculation'!J$22:K$39,2,FALSE) -> Natural Gas | G47: =-VLOOKUP(D47,'Heat Rate by Fuel'!E$3:F$34,2,FALSE)*E47 -> 643330972436007
A48: 全国 | B48: 2017 | C48: 2.1. 火力发电 | D48: 转炉煤气(亿立方米) | E48: -174.74 | F48: =VLOOKUP(D48,'Coal Caculation'!J$22:K$39,2,FALSE) -> Natural Gas | G48: =-VLOOKUP(D48,'Heat Rate by Fuel'!E$3:F$34,2,FALSE)*E48 -> 131586135052218
A49: 全国 | B49: 2017 | C49: 2.1. 火力发电 | D49: 液化石油气(万吨) | E49: -0.16 | F49: =VLOOKUP(D49,'Coal Caculation'!J$22:K$39,2,FALSE) -> Natural Gas | G49: =-VLOOKUP(D49,'Heat Rate by Fuel'!E$3:F$34,2,FALSE)*E49 -> 7.609671e+10
A50: 全国 | B50: 2017 | C50: 2.1. 火力发电 | D50: 炼厂干气(万吨) | E50: -67.03 | F50: =VLOOKUP(D50,'Coal Caculation'!J$22:K$39,2,FALSE) -> Natural Gas | G50: =-VLOOKUP(D50,'Heat Rate by Fuel'!E$3:F$34,2,FALSE)*E50 -> 2.9223489e+13
A51: 全国 | B51: 2017 | C51: 2.1. 火力发电 | D51: 天然气(亿立方米) | E51: -349.87 | F51: =VLOOKUP(D51,'Coal Caculation'!J$22:K$39,2,FALSE) -> Natural Gas | G51: =-VLOOKUP(D51,'Heat Rate by Fuel'!E$3:F$34,2,FALSE)*E51 -> 1.1800257e+15
A52: 全国 | B52: 2017 | C52: 2.1. 火力发电 | D52: 液化天然气(万吨) | E52: -220.81 | F52: =VLOOKUP(D52,'Coal Caculation'!J$22:K$39,2,FALSE) -> Natural Gas | G52: =-VLOOKUP(D52,'Heat Rate by Fuel'!E$3:F$34,2,FALSE)*E52 -> 107644770548580
... A96: 全国 | B96: 2019 | C96: 2.1. 火力发电 | D96: 其他石油制品(万吨) | E96: -8.25 | F96: =VLOOKUP(D96,'Coal Caculation'!J$22:K$39,2,FALSE) -> Oil | G96: =-VLOOKUP(D96,'Heat Rate by Fuel'!E$3:F$34,2,FALSE)*E96 -> 3.2044227e+12
K97: 全国 | L97: 2015 | M97: 2.1. 火力发电 | N97: 热力(万百万千焦) | O97: -59452.63 | P97: #N/A | Q97: 563501361000000
K98: 全国 | L98: 2015 | M98: 2.1. 火力发电 | N98: 电力(亿千瓦小时) | O98: 42841.88 | P98: #N/A | Q98: #N/A
A99: 全国 | B99: 2020 | C99: 2.1. 火力发电 | D99: 其他能源(万吨标准煤) | E99: -2017.84 | F99: =VLOOKUP(D99,'Coal Caculation'!J$22:K$39,2,FALSE) -> Biomass | G99: =-VLOOKUP(D99,'Heat Rate by Fuel'!E$3:F$34,2,FALSE)*E99 -> 559819709674894 | K99: 全国 | L99: 2016 | M99: 2.1. 火力发电 | N99: 热力(万百万千焦) | O99: -65382.64 | P99: #N/A | Q99: 619706926771331
A100: 全国 | B100: 2020 | C100: 2.1. 火力发电 | D100: 其他洗煤(万吨) | E100: -4789.09 | F100: =VLOOKUP(D100,'Coal Caculation'!J$22:K$39,2,FALSE) -> Coal | G100: =-VLOOKUP(D100,'Heat Rate by Fuel'!E$3:F$34,2,FALSE)*E100 -> 379611179247635 | K100: 全国 | L100: 2016 | M100: 2.1. 火力发电 | N100: 电力(亿千瓦小时) | O100: 44370.68 | P100: #N/A | Q100: #N/A
A101: 全国 | B101: 2020 | C101: 2.1. 火力发电 | D101: 焦炭(万吨) | E101: -250.03 | F101: =VLOOKUP(D101,'Coal Caculation'!J$22:K$39,2,FALSE) -> Coal | G101: =-VLOOKUP(D101,'Heat Rate by Fuel'!E$3:F$34,2,FALSE)*E101 -> 67385933891314 | K101: 全国 | L101: 2017 | M101: 2.1. 火力发电 | N101: 热力(万百万千焦) | O101: -71267.6 | P101: #N/A | Q101: 675485501569966
A102: 全国 | B102: 2020 | C102: 2.1. 火力发电 | D102: 煤矸石(万吨) | E102: -2087.61 | F102: =VLOOKUP(D102,'Coal Caculation'!J$22:K$39,2,FALSE) -> Coal | G102: =-VLOOKUP(D102,'Heat Rate by Fuel'!E$3:F$34,2,FALSE)*E102 -> 165693786673700 | K102: 全国 | L102: 2017 | M102: 2.1. 火力发电 | N102: 电力(亿千瓦小时) | O102: 47545.95 | P102: #N/A | Q102: #N/A
A103: 全国 | B103: 2020 | C103: 2.1. 火力发电 | D103: 原煤(万吨) | E103: -206845.78 | F103: =VLOOKUP(D103,'Coal Caculation'!J$22:K$39,2,FALSE) -> Coal | G103: =-VLOOKUP(D103,'Heat Rate by Fuel'!E$3:F$34,2,FALSE)*E103 -> 4.0990485e+16 | K103: 全国 | L103: 2018 | M103: 2.1. 火力发电 | N103: 电力(亿千瓦小时) | O103: 50963.18 | P103: #N/A | Q103: #N/A
A104: 全国 | B104: 2020 | C104: 2.1. 火力发电 | D104: 石油焦(万吨) | E104: -189.88 | F104: =VLOOKUP(D104,'Coal Caculation'!J$22:K$39,2,FALSE) -> Coal | G104: =-VLOOKUP(D104,'Heat Rate by Fuel'!E$3:F$34,2,FALSE)*E104 -> 5.7495414e+13 | K104: 全国 | L104: 2019 | M104: 2.1. 火力发电 | N104: 其他能源(万吨标准煤) | O104: -1567.97 | P104: Biomass | Q104: 435009966191048
A105: 全国 | B105: 2020 | C105: 2.1. 火力发电 | D105: 炼厂干气(万吨) | E105: -50.19 | F105: =VLOOKUP(D105,'Coal Caculation'!J$22:K$39,2,FALSE) -> Natural Gas | G105: =-VLOOKUP(D105,'Heat Rate by Fuel'!E$3:F$34,2,FALSE)*E105 -> 21881648766901 | K105: 全国 | L105: 2019 | M105: 2.1. 火力发电 | N105: 热力(万百万千焦) | O105: -111630.52 | P105: #N/A | Q105: 1.0580516e+15
A106: 全国 | B106: 2020 | C106: 2.1. 火力发电 | D106: 天然气(亿立方米) | E106: -411.37 | F106: =VLOOKUP(D106,'Coal Caculation'!J$22:K$39,2,FALSE) -> Natural Gas | G106: =-VLOOKUP(D106,'Heat Rate by Fuel'!E$3:F$34,2,FALSE)*E106 -> 1.3874501e+15 | K106: 全国 | L106: 2019 | M106: 2.1. 火力发电 | N106: 电力(亿千瓦小时) | O106: 52201.48 | P106: #N/A | Q106: #N/A
A107: 全国 | B107: 2020 | C107: 2.1. 火力发电 | D107: 转炉煤气(亿立方米) | E107: -360.91 | F107: =VLOOKUP(D107,'Coal Caculation'!J$22:K$39,2,FALSE) -> Natural Gas | G107: =-VLOOKUP(D107,'Heat Rate by Fuel'!E$3:F$34,2,FALSE)*E107 -> 271779512428157 | K107: 全国 | L107: 2020 | M107: 2.1. 火力发电 | N107: 电力(亿千瓦小时) | O107: 53302.48 | P107: #N/A | Q107: #N/A
A108: 全国 | B108: 2020 | C108: 2.1. 火力发电 | D108: 液化天然气(万吨) | E108: -352.62 | F108: =VLOOKUP(D108,'Coal Caculation'!J$22:K$39,2,FALSE) -> Natural Gas | G108: =-VLOOKUP(D108,'Heat Rate by Fuel'!E$3:F$34,2,FALSE)*E108 -> 171902083197502 | K108: 全国 | L108: 2020 | M108: 2.1. 火力发电 | N108: 热力(万百万千焦) | O108: -127833.91 | P108: #N/A | Q108: 1.2116299e+15
A109: 全国 | B109: 2020 | C109: 2.1. 火力发电 | D109: 其他煤气(亿立方米) | E109: -3.48 | F109: =VLOOKUP(D109,'Coal Caculation'!J$22:K$39,2,FALSE) -> Natural Gas | G109: =-VLOOKUP(D109,'Heat Rate by Fuel'!E$3:F$34,2,FALSE)*E109 -> 1.724073e+12
A110: 全国 | B110: 2020 | C110: 2.1. 火力发电 | D110: 高炉煤气(亿立方米) | E110: -2932.52 | F110: =VLOOKUP(D110,'Coal Caculation'!J$22:K$39,2,FALSE) -> Natural Gas | G110: =-VLOOKUP(D110,'Heat Rate by Fuel'!E$3:F$34,2,FALSE)*E110 -> 1.0459215e+15
A111: 全国 | B111: 2020 | C111: 2.1. 火力发电 | D111: 焦炉煤气(亿立方米) | E111: -217.85 | F111: =VLOOKUP(D111,'Coal Caculation'!J$22:K$39,2,FALSE) -> Natural Gas | G111: =-VLOOKUP(D111,'Heat Rate by Fuel'!E$3:F$34,2,FALSE)*E111 -> 358317931623635
A112: 全国 | B112: 2020 | C112: 2.1. 火力发电 | D112: 液化石油气(万吨) | E112: -0.14 | F112: =VLOOKUP(D112,'Coal Caculation'!J$22:K$39,2,FALSE) -> Natural Gas | G112: =-VLOOKUP(D112,'Heat Rate by Fuel'!E$3:F$34,2,FALSE)*E112 -> 6.6584622e+10
A113: 全国 | B113: 2020 | C113: 2.1. 火力发电 | D113: 其他石油制品(万吨) | E113: -7.78 | F113: =VLOOKUP(D113,'Coal Caculation'!J$22:K$39,2,FALSE) -> Oil | G113: =-VLOOKUP(D113,'Heat Rate by Fuel'!E$3:F$34,2,FALSE)*E113 -> 3.0218677e+12
A114: 全国 | B114: 2020 | C114: 2.1. 火力发电 | D114: 燃料油(万吨) | E114: -29.43 | F114: =VLOOKUP(D114,'Coal Caculation'!J$22:K$39,2,FALSE) -> Oil | G114: =-VLOOKUP(D114,'Heat Rate by Fuel'!E$3:F$34,2,FALSE)*E114 -> 11664245379686
A115: 全国 | B115: 2020 | C115: 2.1. 火力发电 | D115: 柴油(万吨) | E115: -27.58 | F115: =VLOOKUP(D115,'Coal Caculation'!J$22:K$39,2,FALSE) -> Oil | G115: =-VLOOKUP(D115,'Heat Rate by Fuel'!E$3:F$34,2,FALSE)*E115 -> 1.1149556e+13
A116: 全国 | B116: 2020 | C116: 2.1. 火力发电 | D116: 原油(万吨) | E116: -16.55 | F116: =VLOOKUP(D116,'Coal Caculation'!J$22:K$39,2,FALSE) -> Oil | G116: =-VLOOKUP(D116,'Heat Rate by Fuel'!E$3:F$34,2,FALSE)*E116 -> 6.559404e+12

Sheet Heat Rate by Fuel
A1: 能源名称 | B1: 实物量单位 | C1: 平均低位发热量 | D1: 平均低位发热量 | F1: 平均发热量
C2: TJ/单位 | D2: 万tce/单位 | F2: BTU/单位
A3: 煤合计 | C3: 0 | E3: =A3&"("&B3&")" -> 煤合计()
A4: 原煤 | B4: 万吨 | C4: 209.08 | D4: =C4/293 -> 0.71358362 | E4: =A4&"("&B4&")" -> 原煤(万吨) | F4: =D4*2.7771*10^11 -> 1.9816931e+11
A5: 洗精煤 | B5: 万吨 | C5: 263.44 | D5: =C5/293 -> 0.89911263 | E5: =A5&"("&B5&")" -> 洗精煤(万吨) | F5: =D5*2.7771*10^11 -> 2.4969257e+11
A6: 其他洗煤 | B6: 万吨 | C6: 83.63 | D6: =C6/293 -> 0.28542662 | E6: =A6&"("&B6&")" -> 其他洗煤(万吨) | F6: =D6*2.7771*10^11 -> 7.9265827e+10
A7: 型煤 | B7: 万吨 | C7: 154.73 | D7: =C7/293 -> 0.52808874 | E7: =A7&"("&B7&")" -> 型煤(万吨) | F7: =D7*2.7771*10^11 -> 1.4665552e+11
A8: 煤矸石 | B8: 万吨 | C8: 83.74 | D8: =C8/293 -> 0.28580205 | E8: =A8&"("&B8&")" -> 煤矸石(万吨) | F8: =D8*2.7771*10^11 -> 7.9370087e+10
A9: 焦炭 | B9: 万吨 | C9: 284.35 | D9: =C9/293 -> 0.97047782 | E9: =A9&"("&B9&")" -> 焦炭(万吨) | F9: =D9*2.7771*10^11 -> 2.6951139e+11
A10: 焦炉煤气 | B10: 亿立方米 | C10: 1735.35 | D10: =C10/293 -> 5.9226962 | E10: =A10&"("&B10&")" -> 焦炉煤气(亿立方米) | F10: =D10*2.7771*10^11 -> 1.644792e+12
A11: 高炉煤气 | B11: 亿立方米 | C11: 376.3 | D11: =C11/293 -> 1.2843003 | E11: =A11&"("&B11&")" -> 高炉煤气(亿立方米) | F11: =D11*2.7771*10^11 -> 3.5666305e+11
A12: 转炉煤气 | B12: 亿立方米 | C12: 794.5 | D12: =C12/293 -> 2.7116041 | E12: =A12&"("&B12&")" -> 转炉煤气(亿立方米) | F12: =D12*2.7771*10^11 -> 7.5303957e+11
A13: 其他煤气 | B13: 亿立方米 | C13: 522.7 | D13: =C13/293 -> 1.783959 | E13: =A13&"("&B13&")" -> 其他煤气(亿立方米) | F13: =D13*2.7771*10^11 -> 4.9542327e+11
A14: 其他焦化产品 | B14: 万吨 | C14: 334.53 | D14: =C14/293 -> 1.1417406 | E14: =A14&"("&B14&")" -> 其他焦化产品(万吨) | F14: =D14*2.7771*10^11 -> 3.1707279e+11
A15: 油品合计 | C15: 0 | D15: =C15/293 -> 0 | E15: =A15&"("&B15&")" -> 油品合计() | F15: =D15*2.7771*10^11 -> 0
A16: 原油 | B16: 万吨 | C16: 418.16 | D16: =C16/293 -> 1.4271672 | E16: =A16&"("&B16&")" -> 原油(万吨) | F16: =D16*2.7771*10^11 -> 3.9633861e+11
A17: 汽油 | B17: 万吨 | C17: 430.7 | D17: =C17/293 -> 1.4699659 | E17: =A17&"("&B17&")" -> 汽油(万吨) | F17: =D17*2.7771*10^11 -> 4.0822422e+11
A18: 煤油 | B18: 万吨 | C18: 430.7 | D18: =C18/293 -> 1.4699659 | E18: =A18&"("&B18&")" -> 煤油(万吨) | F18: =D18*2.7771*10^11 -> 4.0822422e+11
A19: 柴油 | B19: 万吨 | C19: 426.52 | D19: =C19/293 -> 1.4556997 | E19: =A19&"("&B19&")" -> 柴油(万吨) | F19: =D19*2.7771*10^11 -> 4.0426235e+11
A20: 燃料油 | B20: 万吨 | C20: 418.16 | D20: =C20/293 -> 1.4271672 | E20: =A20&"("&B20&")" -> 燃料油(万吨) | F20: =D20*2.7771*10^11 -> 3.9633861e+11
A21: 石脑油 | B21: 万吨 | C21: 439.07 | D21: =C21/293 -> 1.4985324 | E21: =A21&"("&B21&")" -> 石脑油(万吨) | F21: =D21*2.7771*10^11 -> 4.1615744e+11
A22: 润滑油 | B22: 万吨 | C22: 413.98 | D22: =C22/293 -> 1.412901 | E22: =A22&"("&B22&")" -> 润滑油(万吨) | F22: =D22*2.7771*10^11 -> 3.9237674e+11
A23: 石蜡 | B23: 万吨 | C23: 399.25 | D23: =C23/293 -> 1.362628 | E23: =A23&"("&B23&")" -> 石蜡(万吨) | F23: =D23*2.7771*10^11 -> 3.7841542e+11
A24: 溶剂油 | B24: 万吨 | C24: 429.45 | D24: =C24/293 -> 1.4656997 | E24: =A24&"("&B24&")" -> 溶剂油(万吨) | F24: =D24*2.7771*10^11 -> 4.0703945e+11
A25: 石油沥青 | B25: 万吨 | C25: 389.31 | D25: =C25/293 -> 1.3287031 | E25: =A25&"("&B25&")" -> 石油沥青(万吨) | F25: =D25*2.7771*10^11 -> 3.6899413e+11
A26: 石油焦 | B26: 万吨 | C26: 319.47 | D26: =C26/293 -> 1.0903413 | E26: =A26&"("&B26&")" -> 石油焦(万吨) | F26: =D26*2.7771*10^11 -> 3.0279868e+11
A27: 液化石油气 | B27: 万吨 | C27: 501.79 | D27: =C27/293 -> 1.7125939 | E27: =A27&"("&B27&")" -> 液化石油气(万吨) | F27: =D27*2.7771*10^11 -> 4.7560444e+11
... A34: 其他能源 | B34: 万吨标准煤 | C34: 292.71 | D34: =C34/293 -> 0.99901024 | E34: =A34&"("&B34&")" -> 其他能源(万吨标准煤) | F34: =D34*2.7771*10^11 -> 2.7743513e+11

Sheet Fire Generation
A1: 地区 | B1: 发电量（亿千瓦时） | G1: 发电量（亿千瓦时） | L1: 发电量（亿千瓦时） | Q1: 发电量（亿千瓦时） | V1: 发电量（亿千瓦时） | AA1: 发电量（亿千瓦时） | AF1: 发电量（亿千瓦时） | AK1: 发电量（亿千瓦时） | AP1: 发电量（亿千瓦时） | AU1: 发电量（亿千瓦时） | AZ1: 发电量（亿千瓦时） | BE1: 发电量（亿千瓦时）
B2: 合计 | C2: 燃煤 | D2: 燃气 | E2: 燃油 | F2: 其他 | G2: 合计 | H2: 沼气发电 | I2: 垃圾焚烧发电 | J2: 秸秆、蔗渣、林木质发电 | L2: 合计 | M2: 燃煤 | N2: 燃气 | O2: 燃油 | P2: 其他 | Q2: 合计 | R2: 沼气发电 | S2: 垃圾焚烧发电 | T2: 秸秆、蔗渣、林木质发电 | V2: 合计 | W2: 燃煤 | X2: 燃气 | Y2: 燃油 | Z2: 其他 | AA2: 合计 | AB2: 沼气发电 | AC2: 垃圾焚烧发电 | AD2: 秸秆、蔗渣、林木质发电 | AF2: 合计 | AG2: 燃煤 | AH2: 燃气 | AI2: 燃油 | AJ2: 其他 | AK2: 合计 | AL2: 沼气发电 | AM2: 垃圾焚烧发电 | AN2: 秸秆、蔗渣、林木质发电 | AP2: 合计 | AQ2: 燃煤 | AR2: 燃气 | AS2: 燃油 | AT2: 其他 | AU2: 合计 | AV2: 沼气发电 | AW2: 垃圾焚烧发电 | AX2: 秸秆、蔗渣、林木质发电 | AZ2: 合计 | BA2: 燃煤 | BB2: 燃气 | BC2: 燃油 | BD2: 其他 | BE2: 合计 | BF2: 沼气发电 | BG2: 垃圾焚烧发电 | BH2: 秸秆、蔗渣、林木质发电
A3: 全国 | B3: 51770 | C3: 46296 | D3: 2525 | E3: 12 | F3: 2936 | G3: 1355 | H3: 38 | I3: 785 | J3: 533 | L3: 50465 | M3: 45538 | N3: 2325 | O3: 13 | P3: 2589 | Q3: 1126 | R3: 30.3 | S3: 611 | T3: 485 | V3: 49249 | W3: 44829 | X3: 2155 | Y3: 15 | Z3: 2249 | AA3: 936 | AB3: 22 | AC3: 485 | AD3: 429 | AF3: =SUM(AG3:AJ3) -> 45558 | AG3: 41498 | AH3: 2028 | AI3: 27 | AJ3: 2005 | AK3: 813 | AL3: 18 | AM3: 380 | AN3: 415 | AP3: =SUM(AQ3:AT3) -> 43273 | AQ3: 39462 | AR3: 1883 | AS3: 28 | AT3: 1900 | AU3: 687 | AV3: 21 | AW3: 315 | AX3: 351 | AZ3: =SUM(BA3:BD3) -> 43273 | BA3: 39462 | BB3: 1883 | BC3: 28 | BD3: 1900 | BE3: 687 | BF3: 21 | BG3: 315 | BH3: 351
A4: 北京 | B4: 434 | C4: 10 | D4: 397 | E4: 4 | F4: 23 | G4: 24 | H4: 1 | I4: 23 | L4: 443 | M4: 15 | N4: 404 | O4: 5 | P4: 20 | Q4: 19 | S4: 19 | V4: 433 | W4: 17 | X4: 395 | Y4: 5 | Z4: 15 | AA4: 15 | AC4: 15 | AF4: =SUM(AG4:AJ4) -> 377 | AG4: 13 | AH4: 347 | AI4: 4 | AJ4: 13 | AK4: 13 | AL4: 1 | AM4: 12 | AP4: =SUM(AQ4:AT4) -> 419 | AQ4: 34 | AR4: 371 | AS4: 6 | AT4: 8 | AU4: 8 | AV4: 1 | AW4: 7 | AZ4: =SUM(BA4:BD4) -> 419 | BA4: 34 | BB4: 371 | BC4: 6 | BD4: 8 | BE4: 8 | BF4: 1 | BG4: 7
A5: 天津 | B5: 668 | C5: 513 | D5: 134 | F5: 21 | G5: 10 | I5: 8 | J5: 3 | L5: 647 | M5: 518 | N5: 114 | P5: 14 | Q5: 9 | S5: 6 | T5: 3 | V5: 654 | W5: 531 | X5: 112 | Z5: 11 | AA5: 6 | AC5: 6 | AF5: =SUM(AG5:AJ5) -> 584 | AG5: 467 | AH5: 106 | AJ5: 11 | AK5: 5 | AM5: 5 | AP5: =SUM(AQ5:AT5) -> 591 | AQ5: 476 | AR5: 104 | AT5: 11 | AU5: 5 | AW5: 5 | AZ5: =SUM(BA5:BD5) -> 591 | BA5: 476 | BB5: 104 | BD5: 11 | BE5: 5 | BG5: 5
A6: 河北 | B6: 2352 | C6: 2224 | D6: 8 | F6: 120 | G6: 51 | I6: 22 | J6: 29 | L6: 2377 | M6: 2274 | N6: 1 | P6: 102 | Q6: 43 | R6: 0.3 | S6: 15 | T6: 27 | V6: 2361 | W6: 2266 | X6: 0.6 | Z6: 94 | AA6: 38 | AB6: 0.3 | AC6: 12 | AD6: 26 | AF6: =SUM(AG6:AJ6) -> 2295.4 | AG6: 2194 | AH6: 0.4 | AJ6: 101 | AK6: 34 | AL6: 0.2 | AM6: 10 | AN6: 23 | AP6: =SUM(AQ6:AT6) -> 2195 | AQ6: 2092 | AR6: 0 | AT6: 103 | AU6: 26 | AV6: 0 | AW6: 7 | AX6: 19 | AZ6: =SUM(BA6:BD6) -> 2195 | BA6: 2092 | BB6: 0 | BD6: 103 | BE6: 26 | BF6: 0 | BG6: 7 | BH6: 19
A7: 山西 | B7: 2924 | C7: 2722 | D7: 108 | F7: 95 | G7: 27 | H7: 0.2 | I7: 9 | J7: 18 | L7: 2852 | M7: 2666 | N7: 105 | P7: 82 | Q7: 27 | R7: 3 | S7: 6 | T7: 19 | V7: 2739 | W7: 2574 | X7: 100 | Z7: 64 | AA7: 25 | AB7: 2 | AC7: 6 | AD7: 16 | AF7: =SUM(AG7:AJ7) -> 2502 | AG7: 2335 | AH7: 110 | AJ7: 57 | AK7: 25 | AL7: 2 | AM7: 6 | AN7: 17 | AP7: =SUM(AQ7:AT7) -> 2309 | AQ7: 2191 | AR7: 95 | AT7: 23 | AU7: 22 | AV7: 5 | AW7: 6 | AX7: 11 | AZ7: =SUM(BA7:BD7) -> 2309 | BA7: 2191 | BB7: 95 | BD7: 23 | BE7: 22 | BF7: 5 | BG7: 6 | BH7: 11
A8: 内蒙古 | B8: 4731 | C8: 4677 | D8: 28.4 | F8: 25 | G8: 10 | H8: 0.1 | I8: 2 | J8: 8 | L8: 4564 | M8: 4551 | N8: 0.3 | P8: 12 | Q8: 8 | R8: 0.01 | S8: 2 | T8: 6 | V8: 4198 | W8: 4187 | X8: 0.4 | Z8: 11 | AA8: 8 | AB8: 0.03 | AC8: 2 | AD8: 6 | AF8: =SUM(AG8:AJ8) -> 3736.5 | AG8: 3726 | AH8: 0.5 | AJ8: 10 | AK8: 7 | AL8: 0.05 | AM8: 1 | AN8: 7 | AP8: =SUM(AQ8:AT8) -> 3375 | AQ8: 3364 | AR8: 0 | AT8: 11 | AU8: 7 | AW8: 1 | AX8: 7 | AZ8: =SUM(BA8:BD8) -> 3375 | BA8: 3364 | BB8: 0 | BD8: 11 | BE8: 7 | BG8: 1 | BH8: 7
A9: 辽宁 | B9: 1410 | C9: 1340 | D9: 3 | E9: 4 | F9: 63 | G9: 25 | H9: 1 | I9: 15 | J9: 9 | L9: 1395 | M9: 1343 | N9: 3 | O9: 4 | P9: 46 | Q9: 13 | S9: 6 | T9: 6 | V9: 1381 | W9: 1335 | X9: 2 | Y9: 6 | Z9: 39 | AA9: 9 | AC9: 5 | AD9: 4 | AF9: =SUM(AG9:AJ9) -> 1348 | AG9: 1306 | AH9: 1 | AI9: 5 | AJ9: 36 | AK9: 8 | AM9: 3 | AN9: 4 | AP9: =SUM(AQ9:AT9) -> 1345 | AQ9: 1306 | AR9: 1 | AS9: 5 | AT9: 33 | AU9: 6 | AW9: 2 | AX9: 3 | AZ9: =SUM(BA9:BD9) -> 1345 | BA9: 1306 | BB9: 1 | BC9: 5 | BD9: 33 | BE9: 6 | BG9: 2 | BH9: 3
A10: 吉林 | B10: 721 | C10: 677 | D10: 0.1 | F10: 45 | G10: 33 | H10: 0.03 | I10: 9 | J10: 24 | L10: 705 | M10: 659 | N10: 0.1 | P10: 46 | Q10: 35 | S10: 9 | T10: 26 | V10: 664 | W10: 627 | X10: 0. 1 | Z10: 37 | AA10: 27 | AC10: 6 | AD10: 21 | AF10: =SUM(AG10:AJ10) -> 606 | AG10: 568 | AH10: 0. 1 | AJ10: 38 | AK10: 28 | AL10: 0. 04 | AM10: 5 | AN10: 23 | AP10: =SUM(AQ10:AT10) -> 588 | AQ10: 550 | AR10: 0 | AT10: 38 | AU10: 28 | AV10: 0 | AW10: 4 | AX10: 23 | AZ10: =SUM(BA10:BD10) -> 588 | BA10: 550 | BB10: 0 | BD10: 38 | BE10: 28 | BF10: 0 | BG10: 4 | BH10: 23
A11: 黑龙江 | B11: 895 | C11: 815 | D11: 3 | F11: 76 | G11: 65 | H11: 0.3 | I11: 5 | J11: 59 | L11: 887 | M11: 818 | N11: 3 | P11: 66 | Q11: 58 | R11: 0.1 | S11: 5 | T11: 54 | V11: 859 | W11: 801 | X11: 3 | Y11: 0.3 | Z11: 54 | AA11: 51 | AB11: 0.1 | AC11: 3 | AD11: 47 | AF11: =SUM(AG11:AJ11) -> 815.3 | AG11: 762 | AH11: 2 | AI11: 0.3 | AJ11: 51 | AK11: 47 | AL11: 0.07 | AM11: 3 | AN11: 44 | AP11: =SUM(AQ11:AT11) -> 807 | AQ11: 761 | AR11: 3 | AS11: 0 | AT11: 43 | AU11: 39 | AV11: 0 | AW11: 2 | AX11: 37 | AZ11: =SUM(BA11:BD11) -> 807 | BA11: 761 | BB11: 3 | BC11: 0 | BD11: 43 | BE11: 39 | BF11: 0 | BG11: 2 | BH11: 37
A12: 上海 | B12: 835 | C12: 619 | D12: 152 | E12: 1 | F12: 63 | G12: 33 | H12: 1 | I12: 32 | L12: 812 | M12: 607 | N12: 149 | O12: 1 | P12: 55 | Q12: 26 | R12: 1.3 | S12: 24 | V12: 833 | W12: 649 | X12: 128 | Y12: 1 | Z12: 55 | AA12: 20 | AB12: 1 | AC12: 19 | AF12: =SUM(AG12:AJ12) -> 846 | AG12: 680 | AH12: 110 | AI12: 1 | AJ12: 55 | AK12: 19 | AL12: 1 | AM12: 18 | AP12: =SUM(AQ12:AT12) -> 817 | AQ12: 663 | AR12: 102 | AS12: 1 | AT12: 51 | AU12: 15 | AV12: 1 | AW12: 14 | AZ12: =SUM(BA12:BD12) -> 817 | BA12: 663 | BB12: 102 | BC12: 1 | BD12: 51 | BE12: 15 | BF12: 1 | BG12: 14
A13: 江苏 | B13: 4290 | C13: 3570 | D13: 477 | F13: 243 | G13: 126 | H13: 2 | I13: 86 | J13: 37 | L13: 4364 | M13: 3604 | N13: 532 | P13: 228 | Q13: 110 | R13: 2 | S13: 73 | T13: 35 | V13: 4462 | W13: 3711 | X13: 549 | Z13: 203 | AA13: 95 | AB13: 2 | AC13: 62 | AD13: 31 | AF13: =SUM(AG13:AJ13) -> 4481 | AG13: 3823 | AH13: 449 | AJ13: 209 | AK13: 90 | AL13: 1 | AM13: 57 | AN13: 33 | AP13: =SUM(AQ13:AT13) -> 4438 | AQ13: 3923 | AR13: 308 | AT13: 207 | AU13: 81 | AV13: 1 | AW13: 50 | AX13: 30 | AZ13: =SUM(BA13:BD13) -> 4438 | BA13: 3923 | BB13: 308 | BD13: 207 | BE13: 81 | BF13: 1 | BG13: 50 | BH13: 30
A14: 浙江 | B14: 2432 | C14: 2102 | D14: 163 | E14: 0.03 | F14: 166 | G14: 111 | H14: 3 | I14: 96 | J14: 13 | L14: 2507 | M14: 2193 | N14: 150 | O14: 0.02 | P14: 164 | Q14: 107 | R14: 2.8 | S14: 92 | T14: 12 | V14: 2598 | W14: 2298 | X14: 157 | Y14: 0.01 | Z14: 143 | AA14: 92 | AB14: 3 | AC14: 78 | AD14: 12 | AF14: =SUM(AG14:AJ14) -> 2543 | AG14: 2268 | AH14: 153 | AI14: 0. 02 | AJ14: 122 | AK14: 82 | AL14: 2 | AM14: 69 | AN14: 12 | AP14: =SUM(AQ14:AT14) -> 2366 | AQ14: 2098 | AR14: 156 | AS14: 0 | AT14: 112 | AU14: 71 | AV14: 1 | AW14: 61 | AX14: 9 | AZ14: =SUM(BA14:BD14) -> 2366 | BA14: 2098 | BB14: 156 | BC14: 0 | BD14: 112 | BE14: 71 | BF14: 1 | BG14: 61 | BH14: 9
A15: 安徽 | B15: 2531 | C15: 2314 | D15: 3 | F15: 214 | G15: 111 | H15: 0.4 | I15: 42 | J15: 69 | L15: 2657 | M15: 2463 | N15: 4 | P15: 190 | Q15: 98 | R15: 0.5 | S15: 33 | T15: 64 | V15: 2519 | W15: 2353 | X15: 4 | Z15: 161 | AA15: 77 | AB15: 1 | AC15: 28 | AD15: 49 | AF15: =SUM(AG15:AJ15) -> 2311 | AG15: 2151 | AH15: 5 | AJ15: 155 | AK15: 69 | AL15: 1 | AM15: 20 | AN15: 49 | AP15: =SUM(AQ15:AT15) -> 2134 | AQ15: 1997 | AR15: 6 | AT15: 131 | AU15: 55 | AV15: 0 | AW15: 17 | AX15: 38 | AZ15: =SUM(BA15:BD15) -> 2134 | BA15: 1997 | BB15: 6 | BD15: 131 | BE15: 55 | BF15: 0 | BG15: 17 | BH15: 38
A16: 福建 | B16: 1551 | C16: 1380 | D16: 64 | F16: 106 | G16: 39 | H16: 1 | I16: 35 | J16: 4 | L16: 1406 | M16: 1242 | N16: 67 | O16: 0.01 | P16: 98 | Q16: 31 | R16: 0.5 | S16: 27 | T16: 4 | V16: 1405 | W16: 1252 | X16: 64 | Z16: 89 | AA16: 28 | AB16: 0.2 | AC16: 25 | AD16: 3 | AF16: =SUM(AG16:AJ16) -> 1139.04 | AG16: 1007 | AH16: 60 | AI16: 0.04 | AJ16: 72 | AK16: 24 | AL16: 0.2 | AM16: 21 | AN16: 3 | AP16: =SUM(AQ16:AT16) -> 916 | AQ16: 781 | AR16: 67 | AS16: 1 | AT16: 67 | AU16: 22 | AV16: 0 | AW16: 19 | AX16: 3 | AZ16: =SUM(BA16:BD16) -> 916 | BA16: 781 | BB16: 67 | BC16: 1 | BD16: 67 | BE16: 22 | BF16: 0 | BG16: 19 | BH16: 3
A17: 江西 | B17: 1199 | C17: 1018 | D17: 4 | F17: 177 | G17: 32 | H17: 2 | I17: 17 | J17: 13 | L17: 1128 | M17: 973 | N17: 6 | P17: 149 | Q17: 20 | R17: 1.6 | S17: 9 | T17: 10 | V17: 1093 | W17: 956 | X17: 5 | Z17: 131 | AA17: 14 | AB17: 0.4 | AC17: 5 | AD17: 9 | AF17: =SUM(AG17:AJ17) -> 967 | AG17: 842 | AH17: 5 | AJ17: 120 | AK17: 17 | AL17: 0.2 | AM17: 3 | AN17: 14 | AP17: =SUM(AQ17:AT17) -> 856 | AQ17: 745 | AR17: 4 | AT17: 107 | AU17: 13 | AV17: 0 | AW17: 2 | AX17: 11 | AZ17: =SUM(BA17:BD17) -> 856 | BA17: 745 | BB17: 4 | BD17: 107 | BE17: 13 | BF17: 0 | BG17: 2 | BH17: 11
A18: 山东 | B18: 5116 | C18: 4752 | D18: 3 | F18: 362 | G18: 159 | H18: 3 | I18: 81 | J18: 75 | L18: 4680 | M18: 4381 | N18: 2 | P18: 297 | Q18: 141 | R18: 2.2 | S18: 64 | T18: 74 | V18: 4824 | W18: 4558 | X18: 2 | Z18: 264 | AA18: 135 | AB18: 2 | AC18: 51 | AD18: 81 | AF18: =SUM(AG18:AJ18) -> 4614 | AG18: 4378 | AH18: 1 | AJ18: 235 | AK18: 107 | AL18: 1 | AM18: 35 | AN18: 71 | AP18: =SUM(AQ18:AT18) -> 4671 | AQ18: 4455 | AR18: 3 | AT18: 213 | AU18: 89 | AV18: 3 | AW18: 27 | AX18: 59 | AZ18: =SUM(BA18:BD18) -> 4671 | BA18: 4455 | BB18: 3 | BD18: 213 | BE18: 89 | BF18: 3 | BG18: 27 | BH18: 59
A19: 河南 | B19: 2400 | C19: 2300 | D19: 29 | F19: 71 | G19: 51 | H19: 2 | I19: 12 | J19: 37 | L19: 2481 | M19: 2400 | N19: 24 | P19: 57 | Q19: 37 | S19: 9 | T19: 28 | V19: 2689 | W19: 2601 | X19: 39 | Z19: 49 | AA19: 30 | AC19: 7 | AD19: 23 | AF19: =SUM(AG19:AJ19) -> 2528 | AG19: 2457 | AH19: 31 | AJ19: 40 | AK19: 24 | AL19: 0.2 | AM19: 3 | AN19: 20 | AP19: =SUM(AQ19:AT19) -> 2474 | AQ19: 2403 | AR19: 34 | AT19: 37 | AU19: 23 | AW19: 4 | AX19: 18 | AZ19: =SUM(BA19:BD19) -> 2474 | BA19: 2403 | BB19: 34 | BD19: 37 | BE19: 23 | BG19: 4 | BH19: 18
A20: 湖北 | B20: 1243 | C20: 1102 | D20: 30 | F20: 111 | G20: 37 | H20: 2 | I20: 19 | J20: 17 | L20: 1485 | M20: 1351 | N20: 33 | P20: 102 | Q20: 30 | R20: 1.1 | S20: 15 | T20: 13 | V20: 1267 | W20: 1139 | X20: 31 | Z20: 97 | AA20: 25 | AB20: 0.6 | AC20: 14 | AD20: 11 | AF20: =SUM(AG20:AJ20) -> 1075 | AG20: 945 | AH20: 28 | AJ20: 102 | AK20: 37 | AL20: 0.3 | AM20: 13 | AN20: 24 | AP20: =SUM(AQ20:AT20) -> 1048 | AQ20: 928 | AR20: 28 | AT20: 92 | AU20: 34 | AV20: 0 | AW20: 12 | AX20: 22 | AZ20: =SUM(BA20:BD20) -> 1048 | BA20: 928 | BB20: 28 | BD20: 92 | BE20: 34 | BF20: 0 | BG20: 12 | BH20: 22
A21: 湖南 | B21: 849 | C21: 710 | D21: 3 | E21: 3 | F21: 134 | G21: 39 | H21: 2 | I21: 25 | J21: 12 | L21: 906 | M21: 776 | N21: 2 | O21: 3 | P21: 124 | Q21: 32 | R21: 1.1 | S21: 19 | T21: 1 | V21: 919 | W21: 792 | X21: 2 | Y21: 3 | Z21: 122 | AA21: 30 | AB21: 1 | AC21: 16 | AD21: 13 | AF21: =SUM(AG21:AJ21) -> 786 | AG21: 667 | AH21: 1 | AI21: 3 | AJ21: 115 | AK21: 22 | AL21: 1 | AM21: 5 | AN21: 16 | AP21: =SUM(AQ21:AT21) -> 732 | AQ21: 614 | AR21: 6 | AS21: 3 | AT21: 109 | AU21: 19 | AV21: 6 | AW21: 4 | AX21: 9 | AZ21: =SUM(BA21:BD21) -> 732 | BA21: 614 | BB21: 6 | BC21: 3 | BD21: 109 | BE21: 19 | BF21: 6 | BG21: 4 | BH21: 9
A22: 广东 | B22: 3425 | C22: 2518 | D22: 751 | F22: 156 | G22: 166 | H22: 10 | I22: 131 | J22: 25 | L22: 3222 | M22: 2508 | N22: 594 | P22: 120 | Q22: 120 | R22: 8.2 | S22: 93 | T22: 19 | V22: 3283 | W22: 2766 | X22: 434 | Z22: 83 | AA22: 81 | AB22: 5 | AC22: 61 | AD22: 15 | AF22: =SUM(AG22:AJ22) -> 3164 | AG22: 2578 | AH22: 515 | AI22: 13 | AJ22: 58 | AK22: 61 | AL22: 5 | AM22: 42 | AN22: 15 | AP22: =SUM(AQ22:AT22) -> 2850 | AQ22: 2297 | AR22: 489 | AS22: 12 | AT22: 52 | AU22: 49 | AV22: 2 | AW22: 35 | AX22: 11 | AZ22: =SUM(BA22:BD22) -> 2850 | BA22: 2297 | BB22: 489 | BC22: 12 | BD22: 52 | BE22: 49 | BF22: 2 | BG22: 35 | BH22: 11
A23: 广西 | B23: 1032 | C23: 865 | D23: 9 | F23: 157 | G23: 58 | H23: 1 | I23: 13 | J23: 43 | L23: 988 | M23: 833 | N23: 5 | P23: 150 | Q23: 52 | R23: 1.1 | S23: 11 | T23: 40 | V23: 796 | W23: 649 | X23: 6 | Z23: 141 | AA23: 40 | AB23: 1 | AC23: 8 | AD23: 31 | AF23: =SUM(AG23:AJ23) -> 575 | AG23: 444 | AH23: 2 | AJ23: 129 | AK23: 33 | AL23: 1 | AM23: 5 | AN23: 27 | AP23: =SUM(AQ23:AT23) -> 558 | AQ23: 360 | AR23: 1 | AT23: 197 | AU23: 30 | AW23: 3 | AX23: 27 | AZ23: =SUM(BA23:BD23) -> 558 | BA23: 360 | BB23: 1 | BD23: 197 | BE23: 30 | BG23: 3 | BH23: 27
A24: 海南 | B24: 215 | C24: 160 | D24: 28 | F24: 28 | G24: 22 | H24: 0.4 | I24: 7 | J24: 14 | L24: 212 | M24: 173 | N24: 14 | P24: 25 | Q24: 20 | R24: 0.3 | S24: 5 | T24: 14 | V24: 211 | W24: 174 | X24: 12 | Z24: 26 | AA24: 20 | AB24: 0.2 | AC24: 5 | AD24: 14 | AF24: =SUM(AG24:AJ24) -> 195 | AG24: 173 | AH24: 11 | AJ24: 11 | AK24: 5 | AL24: 0.2 | AM24: 5 | AP24: =SUM(AQ24:AT24) -> 197 | AQ24: 176 | AR24: 10 | AT24: 11 | AU24: 5 | AV24: 0 | AW24: 5 | AZ24: =SUM(BA24:BD24) -> 197 | BA24: 176 | BB24: 10 | BD24: 11 | BE24: 5 | BF24: 0 | BG24: 5
A25: 重庆 | B25: 538 | C25: 458 | D25: 42 | F25: 38 | G25: 21 | H25: 0.1 | I25: 19 | J25: 2 | L25: 554 | M25: 467 | N25: 50 | P25: 37 | Q25: 19 | R25: 0.1 | S25: 17 | T25: 2 | V25: 547 | W25: 469 | X25: 49 | Z25: 29 | AA25: 12 | AB25: 0.5 | AC25: 10 | AD25: 1 | AF25: =SUM(AG25:AJ25) -> 467 | AG25: 405 | AH25: 37 | AJ25: 25 | AK25: 10 | AL25: 1 | AM25: 7 | AN25: 2 | AP25: =SUM(AQ25:AT25) -> 431 | AQ25: 371 | AR25: 36 | AT25: 24 | AU25: 8 | AV25: 0 | AW25: 6 | AX25: 2 | AZ25: =SUM(BA25:BD25) -> 431 | BA25: 371 | BB25: 36 | BD25: 24 | BE25: 8 | BF25: 0 | BG25: 6 | BH25: 2
A26: 四川 | B26: 513 | C26: 361 | D26: 26 | F26: 125 | G26: 50 | H26: 3 | I26: 35 | J26: 12 | L26: 488 | M26: 352 | N26: 26 | P26: 110 | Q26: 40 | R26: 2.5 | S26: 28 | T26: 9 | V26: 435 | W26: 315 | X26: 22 | Z26: 97 | AA26: 29 | AB26: 2 | AC26: 22 | AD26: 6 | AF26: =SUM(AG26:AJ26) -> 354 | AG26: 249 | AH26: 19 | AJ26: 86 | AK26: 21 | AL26: 1 | AM26: 18 | AN26: 2 | AP26: =SUM(AQ26:AT26) -> 349 | AQ26: 273 | AR26: 22 | AT26: 54 | AU26: 14 | AW26: 12 | AX26: 2 | AZ26: =SUM(BA26:BD26) -> 349 | BA26: 273 | BB26: 22 | BD26: 54 | BE26: 14 | BG26: 12 | BH26: 2
A27: 贵州 | B27: 1354 | C27: 1323 | D27: 19 | F27: 12 | G27: 12 | I27: 11 | J27: 1 | L27: 1390 | M27: 1381 | P27: 8 | Q27: 8 | S27: 7 | T27: 1 | V27: 1263 | W27: 1254 | Z27: 9 | AA27: 9 | AC27: 6 | AD27: 3 | AF27: =SUM(AG27:AJ27) -> 1210 | AG27: 1201 | AJ27: 9 | AK27: 6 | AM27: 2 | AN27: 4 | AP27: =SUM(AQ27:AT27) -> 1172 | AQ27: 1167 | AT27: 5 | AU27: 5 | AW27: 1 | AX27: 3 | AZ27: =SUM(BA27:BD27) -> 1172 | BA27: 1167 | BD27: 5 | BE27: 5 | BG27: 1 | BH27: 3
A28: 云南 | B28: 415 | C28: 318 | D28: 0.5 | F28: 97 | G28: 14 | H28: 0.1 | I28: 7 | J28: 7 | L28: 318 | M28: 223 | N28: 0.5 | P28: 95 | Q28: 9 | S28: 6 | T28: 3 | V28: 290 | W28: 207 | X28: 0.5 | Z28: 82 | AA28: 9 | AC28: 7 | AD28: 3 | AF28: =SUM(AG28:AJ28) -> 240 | AG28: 167 | AH28: 1 | AJ28: 72 | AK28: 8 | AM28: 6 | AN28: 2 | AP28: =SUM(AQ28:AT28) -> 252 | AQ28: 170 | AR28: 0 | AT28: 82 | AU28: 7 | AW28: 5 | AX28: 2 | AZ28: =SUM(BA28:BD28) -> 252 | BA28: 170 | BB28: 0 | BD28: 82 | BE28: 7 | BG28: 5 | BH28: 2
A29: 西藏 | B29: 1 | F29: 1 | G29: 1 | I29: 1 | L29: 1 | O29: 0.4 | P29: 1 | Q29: 1 | S29: 1 | V29: 1.2 | Y29: 0.6 | Z29: 1 | AA29: 1 | AC29: 1 | AF29: =SUM(AG29:AJ29) -> 0.4 | AI29: 0.4 | AP29: =SUM(AQ29:AT29) -> 0 | AS29: 0 | AZ29: =SUM(BA29:BD29) -> 0 | BC29: 0
A30: 陕西 | B30: 2084 | C30: 1974 | D30: 8 | F30: 103 | G30: 16 | H30: 1 | I30: 13 | J30: 1 | L30: 1917 | M30: 1828 | N30: 5 | P30: 84 | Q30: 3 | R30: 1.3 | S30: 1 | T30: 11 | V30: 1761 | W30: 1679 | X30: 5 | Z30: 78 | AA30: 2 | AC30: 2 | AF30: =SUM(AG30:AJ30) -> 1427 | AG30: 1404 | AJ30: 23 | AK30: 2 | AM30: 1 | AN30: 1 | AP30: =SUM(AQ30:AT30) -> 1346 | AQ30: 1331 | AT30: 15 | AU30: 1 | AW30: 1 | AZ30: =SUM(BA30:BD30) -> 1346 | BA30: 1331 | BD30: 15 | BE30: 1 | BG30: 1
A31: 甘肃 | B31: 901 | C31: 885 | F31: 16 | G31: 6 | I31: 6 | J31: 0.1 | L31: 817 | M31: 803 | P31: 14 | Q31: 6 | S31: 5 | T31: 1 | V31: 830 | W31: 821 | Z31: 9 | AA31: 5 | AC31: 4 | AD31: 1 | AF31: =SUM(AG31:AJ31) -> 707 | AG31: 696 | AH31: 0. 1 | AJ31: 11 | AK31: 5 | AM31: 3 | AN31: 2 | AP31: =SUM(AQ31:AT31) -> 699 | AQ31: 694 | AR31: 0 | AT31: 5 | AU31: 2 | AW31: 1 | AX31: 1 | AZ31: =SUM(BA31:BD31) -> 699 | BA31: 694 | BB31: 0 | BD31: 5 | BE31: 2 | BG31: 1 | BH31: 1
A32: 青海 | B32: 101 | C32: 100 | D32: 0.1 | F32: 1 | G32: 0.1 | H32: 0.1 | L32: 104 | M32: 100 | N32: 0.1 | P32: 4 | Q32: 0.1 | R32: 0.1 | V32: 120 | W32: 118 | X32: 0.2 | Z32: 1 | AA32: 0.2 | AB32: 0.2 | AF32: =SUM(AG32:AJ32) -> 153 | AG32: 152 | AJ32: 1 | AK32: 0.2 | AM32: 0.2 | AP32: =SUM(AQ32:AT32) -> 151 | AQ32: 150 | AR32: 1 | AS32: 0 | AZ32: =SUM(BA32:BD32) -> 151 | BA32: 150 | BB32: 1 | BC32: 0
A33: 宁夏 | B33: 1415 | C33: 1351 | D33: 12 | F33: 52 | G33: 3 | I33: 3 | J33: 0.1 | L33: 1381 | M33: 1310 | N33: 13 | P33: 58 | Q33: 2 | S33: 2 | T33: 0.02 | V33: 1310 | W33: 1240 | X33: 16 | Z33: 54 | AA33: 2 | AC33: 2 | AD33: 0.1 | AF33: =SUM(AG33:AJ33) -> 1159 | AG33: 1113 | AH33: 11 | AJ33: 35 | AK33: 2 | AM33: 1 | AN33: 1 | AP33: =SUM(AQ33:AT33) -> 989 | AQ33: 943 | AR33: 15 | AT33: 31 | AU33: 3 | AW33: 2 | AX33: 1 | AZ33: =SUM(BA33:BD33) -> 989 | BA33: 943 | BB33: 15 | BD33: 31 | BE33: 3 | BG33: 2 | BH33: 1
A34: 新疆 | B34: 3193 | C34: 3137 | D34: 18 | F34: 38 | G34: 4 | H34: 0.1 | I34: 2 | J34: 2 | L34: 2777 | M34: 2726 | N34: 19 | P34: 32 | Q34: 3 | R34: 0.1 | S34: 1 | T34: 2 | V34: 2506 | W34: 2488 | X34: 16 | Z34: 2 | AA34: 2 | AD34: 2 | AF34: =SUM(AG34:AJ34) -> 2348 | AG34: 2326 | AH34: 20 | AJ34: 2 | AK34: 2 | AL34: 0 | AN34: 2 | AP34: =SUM(AQ34:AT34) -> 2194 | AQ34: 2149 | AR34: 17 | AT34: 28 | AU34: 2 | AX34: 2 | AZ34: =SUM(BA34:BD34) -> 2194 | BA34: 2149 | BB34: 17 | BD34: 28 | BE34: 2 | BH34: 2

Sheet Generation Fuel Consumption
A1: 索引 | B1: 地区 | C1: 年份 | D1: 项目 | E1: 能源品种 | F1: 能源品种 | G1: 实物消费量 | H1: 标煤消费量 | K1: 求和项:标煤消费量 | L1: 列标签
A2: 50936 | B2: 安徽省 | C2: 2019 | D2: 2.1. 火力发电 | E2: 柴油(万吨) | F2: =VLOOKUP(E2,'Fuel Heat Rate'!C:D,2,FALSE) -> 燃油 | G2: -0.38 | H2: =VLOOKUP($E2,'Fuel Heat Rate'!$C$3:$K$33,4,FALSE)*G2 -> -0.553698 | L2: 电力 | O2: 煤矸石 | R2: 其他 | U2: 燃煤 | X2: 燃气 | AA2: 燃油 | AD2: 生物质 | AG2: 总计
A3: 50901 | B3: 安徽省 | C3: 2020 | D3: 2.1. 火力发电 | E3: 柴油(万吨) | F3: =VLOOKUP(E3,'Fuel Heat Rate'!C:D,2,FALSE) -> 燃油 | G3: -0.39 | H3: =VLOOKUP($E3,'Fuel Heat Rate'!$C$3:$K$33,4,FALSE)*G3 -> -0.568269 | K3: 行标签 | L3: 2019 | M3: 2020 | N3: 2021 | O3: 2019 | P3: 2020 | Q3: 2021 | R3: 2019 | S3: 2020 | T3: 2021 | U3: 2019 | V3: 2020 | W3: 2021 | X3: 2019 | Y3: 2020 | Z3: 2021 | AA3: 2019 | AB3: 2020 | AC3: 2021 | AD3: 2019 | AE3: 2020 | AF3: 2021
A4: 17686 | B4: 安徽省 | C4: 2021 | D4: 2.1. 火力发电 | E4: 柴油(万吨) | F4: =VLOOKUP(E4,'Fuel Heat Rate'!C:D,2,FALSE) -> 燃油 | G4: -0.35 | H4: =VLOOKUP($E4,'Fuel Heat Rate'!$C$3:$K$33,4,FALSE)*G4 -> -0.509985 | K4: 安徽省 | L4: 3276.492 | M4: 3143.4998 | N4: 3371.5531 | O4: -60.712215 | P4: -62.998114 | Q4: -58.331905 | R4: -287.91561 | S4: -284.25692 | T4: -295.09122 | U4: -7337.663 | V4: -6860.1557 | W4: -7389.8501 | X4: -20.7765 | Y4: -21.7485 | Z4: -22.113 | AA4: -0.553698 | AB4: -0.568269 | AC4: -1.122831 | AD4: -307.3705 | AE4: -404.20381 | AF4: -428.77465 | AG4: -14052.662
A5: 51496 | B5: 安徽省 | C5: 2019 | D5: 2.1. 火力发电 | E5: 电力(亿千瓦小时) | F5: =VLOOKUP(E5,'Fuel Heat Rate'!C:D,2,FALSE) -> 电力 | G5: 2663.97 | H5: =VLOOKUP($E5,'Fuel Heat Rate'!$C$3:$K$33,4,FALSE)*G5 -> 3276.492 | K5: 北京市 | L5: 544.88282 | M5: 536.35941 | N5: 551.84421 | S5: -10.996242 | T5: -11.22412 | U5: -25.636227 | V5: -15.514596 | W5: -21.771864 | X5: -842.86114 | Y5: -812.74779 | Z5: -838.74622 | AA5: -8.3459378 | AB5: -7.5347783 | AC5: -1.0351563 | AD5: -119.43408 | AE5: -135.96465 | AF5: -140.28479 | AG5: -1359.0112
A6: 51461 | B6: 安徽省 | C6: 2020 | D6: 2.1. 火力发电 | E6: 电力(亿千瓦小时) | F6: =VLOOKUP(E6,'Fuel Heat Rate'!C:D,2,FALSE) -> 电力 | G6: 2555.84 | H6: =VLOOKUP($E6,'Fuel Heat Rate'!$C$3:$K$33,4,FALSE)*G6 -> 3143.4998 | K6: 福建省 | L6: 1729.439 | M6: 1925.219 | N6: 2118.453 | R6: -133.29006 | S6: -152.7933 | T6: -174.49573 | U6: -3872.9775 | V6: -4174.2978 | W6: -4769.8097 | X6: -155.277 | Y6: -146.8935 | Z6: -158.5575 | AA6: -80.025182 | AB6: -58.123121 | AC6: -54.918494 | AD6: -156.90536 | AE6: -230.00786 | AF6: -250.12855 | AG6: -8795.3895
A7: 32876 | B7: 安徽省 | C7: 2021 | D7: 2.1. 火力发电 | E7: 电力(亿千瓦小时) | F7: =VLOOKUP(E7,'Fuel Heat Rate'!C:D,2,FALSE) -> 电力 | G7: 2741.26 | H7: =VLOOKUP($E7,'Fuel Heat Rate'!$C$3:$K$33,4,FALSE)*G7 -> 3371.5531 | K7: 甘肃省 | L7: 1016.6218 | M7: 1121.6085 | N7: 1284.9306 | O7: -11.063293 | P7: -6.7289539 | Q7: -8.4455237 | R7: -21.269559 | S7: -36.472839 | T7: -42.995217 | U7: -2599.652 | V7: -2845.5569 | W7: -3380.9248 | X7: -11.664 | Z7: -3.888 | AA7: -1.375116 | AB7: -1.111977 | AC7: -1.271118 | AD7: -23.960819 | AE7: -31.771085 | AF7: -35.291206 | AG7: -5640.2815
A8: 52056 | B8: 安徽省 | C8: 2019 | D8: 2.1. 火力发电 | E8: 高炉煤气(亿立方米) | F8: =VLOOKUP(E8,'Fuel Heat Rate'!C:D,2,FALSE) -> 0 | G8: -118.87 | H8: =VLOOKUP($E8,'Fuel Heat Rate'!$C$3:$K$33,4,FALSE)*G8 -> -152.82125 | K8: 广东省 | L8: 4223.4383 | M8: 4431.5791 | N8: 5705.1083 | O8: -68.794398 | P8: -97.006224 | Q8: -87.167418 | R8: -117.76016 | S8: -144.34575 | T8: -183.32901 | U8: -7958.6047 | V8: -7780.6691 | W8: -10644.211 | X8: -1327.7336 | Y8: -1721.1033 | Z8: -2052.0069 | AA8: -67.711535 | AB8: -77.620083 | AC8: -67.046797 | AD8: -524.80793 | AE8: -813.8578 | AF8: -917.60135 | AG8: -20291.252
A9: 52021 | B9: 安徽省 | C9: 2020 | D9: 2.1. 火力发电 | E9: 高炉煤气(亿立方米) | F9: =VLOOKUP(E9,'Fuel Heat Rate'!C:D,2,FALSE) -> 0 | G9: -156.9 | H9: =VLOOKUP($E9,'Fuel Heat Rate'!$C$3:$K$33,4,FALSE)*G9 -> -201.71326 | K9: 广西壮族自治区 | L9: 1237.9351 | M9: 1309.7383 | N9: 1469.2969 | Q9: -62.445951 | R9: -189.63888 | S9: -258.35975 | T9: -247.45097 | U9: -2938.6802 | V9: -2909.5153 | W9: -3039.5304 | X9: -14.7015 | Y9: -23.142732 | Z9: -22.891692 | AA9: -15.026551 | AB9: -29.008194 | AC9: -56.607695 | AD9: -228.63781 | AE9: -223.28763 | AF9: -235.09803 | AG9: -6477.0531
A10: 9006 | B10: 安徽省 | C10: 2021 | D10: 2.1. 火力发电 | E10: 高炉煤气(亿立方米) | F10: =VLOOKUP(E10,'Fuel Heat Rate'!C:D,2,FALSE) -> 0 | G10: -145.94 | H10: =VLOOKUP($E10,'Fuel Heat Rate'!$C$3:$K$33,4,FALSE)*G10 -> -187.6229 | K10: 贵州省 | L10: 1709.1206 | M10: 1638.3997 | N10: 1779.1896 | O10: -29.716685 | P10: -35.770455 | Q10: -46.144259 | R10: -148.17424 | S10: -153.6481 | T10: -140.23984 | U10: -3919.3962 | V10: -3353.6464 | W10: -4159.7827 | X10: -42.4035 | Y10: -62.208 | Z10: -65.2455 | AA10: -3.890457 | AB10: -3.744747 | AC10: -4.487868 | AD10: -43.951502 | AE10: -68.48234 | AF10: -77.022631 | AG10: -7231.2454
A11: 52441 | B11: 安徽省 | C11: 2019 | D11: 2.1. 火力发电 | E11: 焦炉煤气(亿立方米) | F11: =VLOOKUP(E11,'Fuel Heat Rate'!C:D,2,FALSE) -> 0 | G11: -6.61 | H11: =VLOOKUP($E11,'Fuel Heat Rate'!$C$3:$K$33,4,FALSE)*G11 -> -39.187385 | K11: 海南省 | L11: 261.31056 | M11: 262.04851 | N11: 312.88145 | R11: -38.932354 | S11: -36.920396 | T11: -46.536044 | U11: -597.0048 | V11: -540.74653 | W11: -603.24064 | X11: -35.478 | Y11: -72.657 | Z11: -127.9395 | AA11: -0.043713 | AB11: -0.029142 | AC11: -0.029142 | AD11: -32.721118 | AE11: -26.660911 | AF11: -50.111712 | AG11: -1372.8105
A12: 52406 | B12: 安徽省 | C12: 2020 | D12: 2.1. 火力发电 | E12: 焦炉煤气(亿立方米) | F12: =VLOOKUP(E12,'Fuel Heat Rate'!C:D,2,FALSE) -> 0 | G12: -6.53 | H12: =VLOOKUP($E12,'Fuel Heat Rate'!$C$3:$K$33,4,FALSE)*G12 -> -38.713105 | K12: 河北省 | L12: 3493.5743 | M12: 3482.8247 | N12: 3319.2566 | O12: -89.138612 | P12: -79.61451 | Q12: -66.162325 | R12: -417.55996 | S12: -505.67919 | T12: -559.48753 | U12: -6731.6439 | V12: -6634.0393 | W12: -6613.8862 | X12: -9.5985 | Y12: -17.739 | Z12: -20.5335 | AA12: -4.8560111 | AB12: -6.5916418 | AC12: -6.7059146 | AD12: -190.3965 | AE12: -226.96775 | AF12: -242.78829 | AG12: -12127.733
A13: 7921 | B13: 安徽省 | C13: 2021 | D13: 2.1. 火力发电 | E13: 焦炉煤气(亿立方米) | F13: =VLOOKUP(E13,'Fuel Heat Rate'!C:D,2,FALSE) -> 0 | G13: -4.74 | H13: =VLOOKUP($E13,'Fuel Heat Rate'!$C$3:$K$33,4,FALSE)*G13 -> -28.10109 | K13: 河南省 | L13: 3140.6218 | M13: 3093.4417 | N13: 3024.1107 | O13: -59.032838 | P13: -38.64571 | Q13: -41.369334 | R13: -123.01298 | S13: -143.54629 | T13: -137.01811 | U13: -7164.705 | V13: -6847.7372 | W13: -6863.6887 | X13: -48.2355 | Y13: -47.385 | Z13: -40.9455 | AA13: -8.5948444 | AB13: -10.554984 | AC13: -9.9808978 | AD13: -326.05114 | AE13: -353.43207 | AF13: -348.86192 | AG13: -13354.624
A14: 27451 | B14: 安徽省 | C14: 2021 | D14: 2.1. 火力发电 | E14: 炼厂干气(万吨) | F14: =VLOOKUP(E14,'Fuel Heat Rate'!C:D,2,FALSE) -> 燃油 | G14: -0.39 | H14: =VLOOKUP($E14,'Fuel Heat Rate'!$C$3:$K$33,4,FALSE)*G14 -> -0.612846 | K14: 黑龙江省 | L14: 1119.5176 | M14: 1133.711 | N14: 1166.7837 | O14: -108.38136 | P14: -108.08954 | Q14: -94.628775 | S14: -3.017424 | T14: -28.411343 | U14: -3165.471 | V14: -3001.5778 | W14: -3267.0935 | X14: -16.4025 | Y14: -26.692716 | Z14: -24.057 | AA14: -8.907858 | AB14: -10.232688 | AC14: -7.415613 | AD14: -614.771 | AE14: -333.43139 | AF14: -325.16111 | AG14: -7723.7303
A15: 54121 | B15: 安徽省 | C15: 2019 | D15: 2.1. 火力发电 | E15: 煤矸石(万吨) | F15: =VLOOKUP(E15,'Fuel Heat Rate'!C:D,2,FALSE) -> 煤矸石 | G15: -212.21 | H15: =VLOOKUP($E15,'Fuel Heat Rate'!$C$3:$K$33,4,FALSE)*G15 -> -60.712215 | K15: 湖北省 | L15: 1807.9207 | M15: 1503.2552 | N15: 1815.3864 | Q15: -7.0980164 | R15: -92.896481 | S15: -126.81004 | T15: -126.81004 | U15: -3825.7408 | V15: -3032.3678 | W15: -3647.5372 | X15: -81.2835 | Y15: -67.068 | Z15: -86.022 | AA15: -3.3221903 | AB15: -7.9819016 | AC15: -20.894463 | AD15: -140.5448 | AE15: -130.07444 | AF15: -149.01509 | AG15: -6418.9044
A16: 54086 | B16: 安徽省 | C16: 2020 | D16: 2.1. 火力发电 | E16: 煤矸石(万吨) | F16: =VLOOKUP(E16,'Fuel Heat Rate'!C:D,2,FALSE) -> 煤矸石 | G16: -220.2 | H16: =VLOOKUP($E16,'Fuel Heat Rate'!$C$3:$K$33,4,FALSE)*G16 -> -62.998114 | K16: 湖南省 | L16: 1124.8924 | M16: 1047.739 | N16: 1250.4681 | O16: -34.065329 | P16: -28.094527 | Q16: -18.10409 | S16: -8.3163649 | T16: -74.54766 | U16: -2371.8046 | V16: -2116.5423 | W16: -2611.2308 | X16: -0.3645 | Y16: -1.701 | Z16: -1.8225 | AA16: -16.487929 | AB16: -17.955993 | AC16: -17.862709 | AD16: -185.87635 | AE16: -244.98837 | AF16: -192.88659 | AG16: -4519.5522
A17: 5751 | B17: 安徽省 | C17: 2021 | D17: 2.1. 火力发电 | E17: 煤矸石(万吨) | F17: =VLOOKUP(E17,'Fuel Heat Rate'!C:D,2,FALSE) -> 煤矸石 | G17: -203.89 | H17: =VLOOKUP($E17,'Fuel Heat Rate'!$C$3:$K$33,4,FALSE)*G17 -> -58.331905 | K17: 吉林省 | L17: 867.14862 | M17: 922.70448 | N17: 898.69628 | R17: -30.897848 | S17: -26.584216 | T17: -25.7219 | U17: -2875.6361 | V17: -2822.8707 | W17: -2801.956 | X17: -0.243 | Y17: -0.243 | AA17: -3.883476 | AB17: -3.596046 | AC17: -0.772869 | AD17: -127.97437 | AE17: -183.55627 | AF17: -191.66655 | AG17: -6407.053
A18: 56746 | B18: 安徽省 | C18: 2019 | D18: 2.1. 火力发电 | E18: 其他能源(万吨标准煤) | F18: =VLOOKUP(E18,'Fuel Heat Rate'!C:D,2,FALSE) -> 生物质 | G18: -307.36 | H18: =VLOOKUP($E18,'Fuel Heat Rate'!$C$3:$K$33,4,FALSE)*G18 -> -307.3705 | K18: 江苏省 | L18: 5496.3157 | M18: 5453.4035 | N18: 5954.464 | R18: -205.72361 | S18: -203.31807 | T18: -205.25453 | U18: -10844.932 | V18: -10522.808 | W18: -12127.474 | X18: -1355.4118 | Y18: -992.32663 | Z18: -984.95179 | AA18: -8.4953577 | AB18: -7.1203332 | AC18: -8.7077086 | AD18: -290.35992 | AE18: -339.69161 | AF18: -373.45276 | AG18: -21565.844
A19: 56711 | B19: 安徽省 | C19: 2020 | D19: 2.1. 火力发电 | E19: 其他能源(万吨标准煤) | F19: =VLOOKUP(E19,'Fuel Heat Rate'!C:D,2,FALSE) -> 生物质 | G19: -404.19 | H19: =VLOOKUP($E19,'Fuel Heat Rate'!$C$3:$K$33,4,FALSE)*G19 -> -404.20381 | K19: 江西省 | L19: 1354.1018 | M19: 1435.8059 | N19: 1529.8094 | O19: -16.23589 | P19: -10.717118 | Q19: -6.8061995 | R19: -141.55996 | S19: -172.44722 | T19: -164.85958 | U19: -2929.13 | V19: -2963.5021 | W19: -3114.1837 | X19: -11.2995 | Y19: -7.047 | Z19: -13.2435 | AA19: -1.3116734 | AB19: -4.5623251 | AC19: -2.9774121 | AD19: -101.67347 | AE19: -160.77549 | AF19: -231.2379 | AG19: -5733.853
A20: 33961 | B20: 安徽省 | C20: 2021 | D20: 2.1. 火力发电 | E20: 其他能源(万吨标准煤) | F20: =VLOOKUP(E20,'Fuel Heat Rate'!C:D,2,FALSE) -> 生物质 | G20: -428.76 | H20: =VLOOKUP($E20,'Fuel Heat Rate'!$C$3:$K$33,4,FALSE)*G20 -> -428.77465 | K20: 辽宁省 | L20: 1816.2351 | M20: 1853.3051 | N20: 1840.932 | O20: -14.304749 | P20: -18.172753 | Q20: -8.2080649 | R20: -200.64161 | S20: -245.09805 | T20: -251.66279 | U20: -5015.0617 | V20: -4723.7973 | W20: -4756.8108 | AA20: -8.66496 | AB20: -8.0660059 | AC20: -7.954626 | AD20: -30.621046 | AE20: -86.742963 | AF20: -112.62385 | AG20: -9977.9591
A21: 57866 | B21: 安徽省 | C21: 2019 | D21: 2.1. 火力发电 | E21: 其他洗煤(万吨) | F21: =VLOOKUP(E21,'Fuel Heat Rate'!C:D,2,FALSE) -> 燃煤 | G21: -148.3 | H21: =VLOOKUP($E21,'Fuel Heat Rate'!$C$3:$K$33,4,FALSE)*G21 -> -42.36931 | K21: 内蒙古自治区 | L21: 5668.0137 | M21: 5954.3287 | N21: 6016.563 | O21: -113.33939 | P21: -106.03252 | Q21: -86.72111 | R21: -203.10796 | S21: -231.40588 | T21: -210.70208 | U21: -18975.051 | V21: -19736.088 | W21: -20070.007 | X21: -0.27814452 | Y21: -0.13907226 | Z21: -0.1215 | AA21: -1.731099 | AB21: -2.094519 | AC21: -1.81767 | AD21: -30.541043 | AE21: -38.33131 | AF21: -38.0513 | AG21: -42206.655
A22: 57831 | B22: 安徽省 | C22: 2020 | D22: 2.1. 火力发电 | E22: 其他洗煤(万吨) | F22: =VLOOKUP(E22,'Fuel Heat Rate'!C:D,2,FALSE) -> 燃煤 | G22: -186.94 | H22: =VLOOKUP($E22,'Fuel Heat Rate'!$C$3:$K$33,4,FALSE)*G22 -> -53.408758 | K22: 宁夏回族自治区 | L22: 1698.5063 | M22: 1881.7779 | N22: 1965.0318 | O22: -22.455595 | P22: -18.238555 | Q22: -16.138618 | R22: -20.88179 | S22: -20.934062 | T22: -23.811753 | U22: -4991.8474 | V22: -5346.6003 | W22: -5610.1132 | X22: -44.035717 | Y22: -47.698289 | Z22: -40.286789 | AA22: -0.463992 | AB22: -0.50799 | AC22: -0.624558 | AD22: -13.110448 | AE22: -14.200485 | AF22: -14.490495 | AG22: -10701.124
A23: 3581 | B23: 安徽省 | C23: 2021 | D23: 2.1. 火力发电 | E23: 其他洗煤(万吨) | F23: =VLOOKUP(E23,'Fuel Heat Rate'!C:D,2,FALSE) -> 燃煤 | G23: -170.22 | H23: =VLOOKUP($E23,'Fuel Heat Rate'!$C$3:$K$33,4,FALSE)*G23 -> -48.631854 | K23: 青海省 | L23: 128.12163 | M23: 128.5767 | N23: 184.50154 | R23: -25.063205 | S23: -20.313973 | T23: -21.020499 | U23: -332.25664 | V23: -320.72784 | W23: -507.253 | X23: -0.243 | AA23: -0.043713 | AB23: -0.072285 | AC23: -0.043428 | AG23: -785.83773
A24: 59546 | B24: 安徽省 | C24: 2019 | D24: 2.1. 火力发电 | E24: 热力(万百万千焦) | F24: =VLOOKUP(E24,'Fuel Heat Rate'!C:D,2,FALSE) -> 其他 | G24: -8427.29 | H24: =VLOOKUP($E24,'Fuel Heat Rate'!$C$3:$K$33,4,FALSE)*G24 -> -287.91561 | K24: 全国 | L24: 64204.075 | M24: 65558.226 | N24: 71408.011 | O24: -705.81061 | P24: -597.25474 | Q24: -467.29037 | R24: -3813.8203 | S24: -4367.4038 | T24: -4661.809 | U24: -148151.69 | V24: -149361.06 | W24: -164614.01 | X24: -5167.8203 | Y24: -5618.0185 | Z24: -6248.3217 | AA24: -387.97607 | AB24: -402.88115 | AC24: -400.59336 | AD24: -1568.0236 | AE24: -2017.9089 | AF24: -2904.4992 | AG24: -300285.88
A25: 59511 | B25: 安徽省 | C25: 2020 | D25: 2.1. 火力发电 | E25: 热力(万百万千焦) | F25: =VLOOKUP(E25,'Fuel Heat Rate'!C:D,2,FALSE) -> 其他 | G25: -8320.2 | H25: =VLOOKUP($E25,'Fuel Heat Rate'!$C$3:$K$33,4,FALSE)*G25 -> -284.25692 | K25: 山东省 | L25: 6509.8996 | M25: 6323.7499 | N25: 6495.3003 | O25: -69.326535 | P25: -64.228323 | Q25: -25.004701 | R25: -269.56953 | S25: -320.70345 | T25: -403.64674 | U25: -14388.07 | V25: -13201.967 | W25: -13828.918 | X25: -1.8225 | Y25: -2.3085 | Z25: -8.019 | AA25: -25.54987 | AB25: -35.225687 | AC25: -30.42758 | AD25: -602.10057 | AE25: -695.49376 | AF25: -927.8317 | AG25: -25571.263
A26: 31791 | B26: 安徽省 | C26: 2021 | D26: 2.1. 火力发电 | E26: 热力(万百万千焦) | F26: =VLOOKUP(E26,'Fuel Heat Rate'!C:D,2,FALSE) -> 其他 | G26: -8637.32 | H26: =VLOOKUP($E26,'Fuel Heat Rate'!$C$3:$K$33,4,FALSE)*G26 -> -295.09122 | K26: 山西省 | L26: 3604.3293 | M26: 3729.7574 | N26: 3971.4383 | O26: -209.87928 | P26: -167.09663 | Q26: -167.55438 | R26: -231.99795 | S26: -290.99898 | T26: -304.81619 | U26: -8839.1278 | V26: -9209.2179 | W26: -9927.9096 | X26: -266.085 | Y26: -269.6085 | Z26: -260.739 | AA26: -1.3332645 | AB26: -1.162545 | AC26: -2.124516 | AD26: -111.98383 | AE26: -101.05345 | AF26: -31.841088 | AG26: -19089.005
A27: 62416 | B27: 安徽省 | C27: 2019 | D27: 2.1. 火力发电 | E27: 天然气(亿立方米) | F27: =VLOOKUP(E27,'Fuel Heat Rate'!C:D,2,FALSE) -> 燃气 | G27: -1.71 | H27: =VLOOKUP($E27,'Fuel Heat Rate'!$C$3:$K$33,4,FALSE)*G27 -> -20.7765 | K27: 陕西省 | L27: 2288.22 | M27: 2506.4339 | N27: 2806.4011 | O27: -117.73953 | P27: -157.3551 | Q27: -183.93618 | R27: -96.161257 | S27: -163.92279 | T27: -177.53194 | U27: -4652.7737 | V27: -5007.7696 | W27: -5806.4904 | X27: -15.066 | Y27: -14.094 | Z27: -10.449 | AA27: -0.495414 | AB27: -0.611982 | AC27: -0.699408 | AD27: -31.991093 | AE27: -41.55142 | AF27: -66.392268 | AG27: -8943.9761
A28: 62381 | B28: 安徽省 | C28: 2020 | D28: 2.1. 火力发电 | E28: 天然气(亿立方米) | F28: =VLOOKUP(E28,'Fuel Heat Rate'!C:D,2,FALSE) -> 燃气 | G28: -1.79 | H28: =VLOOKUP($E28,'Fuel Heat Rate'!$C$3:$K$33,4,FALSE)*G28 -> -21.7485 | K28: 上海市 | L28: 998.72634 | M28: 1026.9655 | N28: 1196.794 | R28: -39.351554 | S28: -39.351554 | T28: -40.764605 | U28: -1881.5876 | V28: -1901.4023 | W28: -2375.5547 | X28: -315.657 | Y28: -323.54295 | Z28: -321.76714 | AA28: -22.808668 | AB28: -22.235587 | AC28: -23.791843 | AD28: -86.012939 | AE28: -96.333291 | AF28: -98.793375 | AG28: -4366.4693
A29: 29621 | B29: 安徽省 | C29: 2021 | D29: 2.1. 火力发电 | E29: 天然气(亿立方米) | F29: =VLOOKUP(E29,'Fuel Heat Rate'!C:D,2,FALSE) -> 燃气 | G29: -1.82 | H29: =VLOOKUP($E29,'Fuel Heat Rate'!$C$3:$K$33,4,FALSE)*G29 -> -22.113 | K29: 四川省 | L29: 599.63922 | M29: 648.97164 | N29: 820.10386 | O29: -37.758815 | P29: -32.92381 | Q29: -27.107499 | R29: -135.73522 | S29: -138.89443 | T29: -137.46498 | U29: -1198.8936 | V29: -1208.7649 | W29: -1580.5193 | X29: -62.694 | Y29: -58.563 | Z29: -79.947 | AA29: -5.962827 | AB29: -4.593972 | AC29: -3.163101 | AD29: -162.70556 | AE29: -231.75792 | AF29: -328.69123 | AG29: -3367.4265
A30: 63536 | B30: 安徽省 | C30: 2019 | D30: 2.1. 火力发电 | E30: 型煤(万吨) | F30: =VLOOKUP(E30,'Fuel Heat Rate'!C:D,2,FALSE) -> 燃煤 | G30: -39.83 | H30: =VLOOKUP($E30,'Fuel Heat Rate'!$C$3:$K$33,4,FALSE)*G30 -> -21.055333 | K30: 天津市 | L30: 872.06833 | M30: 913.98428 | N30: 937.02084 | R30: -26.736249 | S30: -48.431841 | T30: -40.784421 | U30: -1494.6156 | V30: -1479.9653 | W30: -1612.9823 | X30: -376.893 | Y30: -444.204 | Z30: -403.623 | AA30: -41.941825 | AB30: -44.04525 | AC30: -37.279061 | AD30: -62.782145 | AE30: -60.072052 | AF30: -105.3636 | AG30: -3556.6462
A31: 63501 | B31: 安徽省 | C31: 2020 | D31: 2.1. 火力发电 | E31: 型煤(万吨) | F31: =VLOOKUP(E31,'Fuel Heat Rate'!C:D,2,FALSE) -> 燃煤 | G31: -7.29 | H31: =VLOOKUP($E31,'Fuel Heat Rate'!$C$3:$K$33,4,FALSE)*G31 -> -3.8537127 | K31: 新疆维吾尔自治区 | L31: 3479.7007 | M31: 4013.0837 | N31: 4521.1056 | O31: -42.490826 | P31: -67.778761 | Q31: -53.548397 | R31: -112.66587 | S31: -131.42228 | T31: -159.62692 | U31: -9420.1741 | V31: -10559.792 | W31: -11877.485 | X31: -41.6745 | Y31: -45.5625 | Z31: -43.497 | AA31: -0.522846 | AB31: -0.727695 | AC31: -0.50856 | AD31: -10.120346 | AE31: -11.610397 | AF31: -24.450835 | AG31: -20589.769
A32: 65601 | B32: 安徽省 | C32: 2019 | D32: 2.1. 火力发电 | E32: 原煤(万吨) | F32: =VLOOKUP(E32,'Fuel Heat Rate'!C:D,2,FALSE) -> 燃煤 | G32: -10183.73 | H32: =VLOOKUP($E32,'Fuel Heat Rate'!$C$3:$K$33,4,FALSE)*G32 -> -7274.2383 | K32: 云南省 | L32: 389.03861 | M32: 509.90366 | N32: 560.18312 | O32: -20.45293 | P32: -4.4945521 | Q32: -6.4657465 | R32: -162.70243 | S32: -174.36454 | T32: -188.04236 | U32: -1087.1289 | V32: -1513.8874 | W32: -1800.5003 | AA32: -0.480843 | AB32: -0.903402 | AC32: -1.427958 | AD32: -60.282059 | AE32: -70.172397 | AF32: -109.41374 | AG32: -3741.5942
A33: 65566 | B33: 安徽省 | C33: 2020 | D33: 2.1. 火力发电 | E33: 原煤(万吨) | F33: =VLOOKUP(E33,'Fuel Heat Rate'!C:D,2,FALSE) -> 燃煤 | G33: -9523.86 | H33: =VLOOKUP($E33,'Fuel Heat Rate'!$C$3:$K$33,4,FALSE)*G33 -> -6802.8932 | K33: 浙江省 | L33: 3076.0014 | M33: 3004.2597 | N33: 3749.4855 | R33: -197.05159 | S33: -219.14486 | T33: -261.11411 | U33: -6030.9263 | V33: -5675.1849 | W33: -7271.1903 | X33: -354.72879 | Y33: -385.641 | Z33: -562.21564 | AA33: -43.268784 | AB33: -34.610856 | AC33: -35.281003 | AD33: -320.27094 | AE33: -371.43269 | AF33: -492.32682 | AG33: -12424.642
A34: 1411 | B34: 安徽省 | C34: 2021 | D34: 2.1. 火力发电 | E34: 原煤(万吨) | F34: =VLOOKUP(E34,'Fuel Heat Rate'!C:D,2,FALSE) -> 燃煤 | G34: -10277.5 | H34: =VLOOKUP($E34,'Fuel Heat Rate'!$C$3:$K$33,4,FALSE)*G34 -> -7341.2182 | K34: 重庆市 | L34: 682.42569 | M34: 665.99385 | N34: 837.83943 | O34: -24.466843 | P34: -5.8878346 | Q34: -2.9439173 | R34: -92.392552 | S34: -92.548685 | T34: -123.17082 | U34: -1466.8793 | V34: -1398.5077 | W34: -1713.1783 | X34: -45.198 | Y34: -43.6185 | Z34: -61.1145 | AA34: -0.552558 | AB34: -0.640269 | AC34: -0.785409 | AD34: -61.832112 | AE34: -96.053282 | AF34: -88.263015 | AG34: -3131.7746
A35: 66721 | B35: 安徽省 | C35: 2019 | D35: 2.1. 火力发电 | E35: 转炉煤气(亿立方米) | F35: =VLOOKUP(E35,'Fuel Heat Rate'!C:D,2,FALSE) -> 0 | G35: -14.65 | H35: =VLOOKUP($E35,'Fuel Heat Rate'!$C$3:$K$33,4,FALSE)*G35 -> -39.765716 | K35: 总计 | L35: 128418.33 | M35: 131160.66 | N35: 142862.94 | O35: -1855.1657 | P35: -1707.1287 | Q35: -1541.6228 | R35: -7576.5108 | S35: -8772.4513 | T35: -9469.4421 | U35: -297084.76 | V35: -297066.28 | W35: -328409.09 | X35: -10665.93 | Y35: -11273.702 | Z35: -12503.065 | AA35: -774.62826 | AB35: -804.71542 | AC35: -808.35877 | AD35: -6567.8144 | AE35: -7839.8678 | AF35: -9532.4157 | AG35: -611811.02
A36: 66686 | B36: 安徽省 | C36: 2020 | D36: 2.1. 火力发电 | E36: 转炉煤气(亿立方米) | F36: =VLOOKUP(E36,'Fuel Heat Rate'!C:D,2,FALSE) -> 0 | G36: -15.75 | H36: =VLOOKUP($E36,'Fuel Heat Rate'!$C$3:$K$33,4,FALSE)*G36 -> -42.751537
A37: 10091 | B37: 安徽省 | C37: 2021 | D37: 2.1. 火力发电 | E37: 转炉煤气(亿立方米) | F37: =VLOOKUP(E37,'Fuel Heat Rate'!C:D,2,FALSE) -> 0 | G37: -19.05 | H37: =VLOOKUP($E37,'Fuel Heat Rate'!$C$3:$K$33,4,FALSE)*G37 -> -51.709002
A38: 67106 | B38: 北京市 | C38: 2019 | D38: 2.1. 火力发电 | E38: 柴油(万吨) | F38: =VLOOKUP(E38,'Fuel Heat Rate'!C:D,2,FALSE) -> 燃油 | G38: -0.2 | H38: =VLOOKUP($E38,'Fuel Heat Rate'!$C$3:$K$33,4,FALSE)*G38 -> -0.29142
A39: 67071 | B39: 北京市 | C39: 2020 | D39: 2.1. 火力发电 | E39: 柴油(万吨) | F39: =VLOOKUP(E39,'Fuel Heat Rate'!C:D,2,FALSE) -> 燃油 | G39: -0.16 | H39: =VLOOKUP($E39,'Fuel Heat Rate'!$C$3:$K$33,4,FALSE)*G39 -> -0.233136
A40: 17511 | B40: 北京市 | C40: 2021 | D40: 2.1. 火力发电 | E40: 柴油(万吨) | F40: =VLOOKUP(E40,'Fuel Heat Rate'!C:D,2,FALSE) -> 燃油 | G40: -0.15 | H40: =VLOOKUP($E40,'Fuel Heat Rate'!$C$3:$K$33,4,FALSE)*G40 -> -0.218565
A41: 67666 | B41: 北京市 | C41: 2019 | D41: 2.1. 火力发电 | E41: 电力(亿千瓦小时) | F41: =VLOOKUP(E41,'Fuel Heat Rate'!C:D,2,FALSE) -> 电力 | G41: 443.02 | H41: =VLOOKUP($E41,'Fuel Heat Rate'!$C$3:$K$33,4,FALSE)*G41 -> 544.88282
A42: 67631 | B42: 北京市 | C42: 2020 | D42: 2.1. 火力发电 | E42: 电力(亿千瓦小时) | F42: =VLOOKUP(E42,'Fuel Heat Rate'!C:D,2,FALSE) -> 电力 | G42: 436.09 | H42: =VLOOKUP($E42,'Fuel Heat Rate'!$C$3:$K$33,4,FALSE)*G42 -> 536.35941
A43: 32701 | B43: 北京市 | C43: 2021 | D43: 2.1. 火力发电 | E43: 电力(亿千瓦小时) | F43: =VLOOKUP(E43,'Fuel Heat Rate'!C:D,2,FALSE) -> 电力 | G43: 448.68 | H43: =VLOOKUP($E43,'Fuel Heat Rate'!$C$3:$K$33,4,FALSE)*G43 -> 551.84421
A44: 69731 | B44: 北京市 | C44: 2019 | D44: 2.1. 火力发电 | E44: 炼厂干气(万吨) | F44: =VLOOKUP(E44,'Fuel Heat Rate'!C:D,2,FALSE) -> 燃油 | G44: -0.12 | H44: =VLOOKUP($E44,'Fuel Heat Rate'!$C$3:$K$33,4,FALSE)*G44 -> -0.188568
A45: 69696 | B45: 北京市 | C45: 2020 | D45: 2.1. 火力发电 | E45: 炼厂干气(万吨) | F45: =VLOOKUP(E45,'Fuel Heat Rate'!C:D,2,FALSE) -> 燃油 | G45: -0.24 | H45: =VLOOKUP($E45,'Fuel Heat Rate'!$C$3:$K$33,4,FALSE)*G45 -> -0.377136
A46: 27276 | B46: 北京市 | C46: 2021 | D46: 2.1. 火力发电 | E46: 炼厂干气(万吨) | F46: =VLOOKUP(E46,'Fuel Heat Rate'!C:D,2,FALSE) -> 燃油 | G46: -0.19 | H46: =VLOOKUP($E46,'Fuel Heat Rate'!$C$3:$K$33,4,FALSE)*G46 -> -0.298566
A47: 72916 | B47: 北京市 | C47: 2019 | D47: 2.1. 火力发电 | E47: 其他能源(万吨标准煤) | F47: =VLOOKUP(E47,'Fuel Heat Rate'!C:D,2,FALSE) -> 生物质 | G47: -119.43 | H47: =VLOOKUP($E47,'Fuel Heat Rate'!$C$3:$K$33,4,FALSE)*G47 -> -119.43408
... A1165: 10721 | B1165: 重庆市 | C1165: 2021 | D1165: 2.1. 火力发电 | E1165: 转炉煤气(亿立方米) | F1165: =VLOOKUP(E1165,'Fuel Heat Rate'!C:D,2,FALSE) -> 0 | G1165: -1.71 | H1165: =VLOOKUP($E1165,'Fuel Heat Rate'!$C$3:$K$33,4,FALSE)*G1165 -> -4.6415955
B1166: 全国 | C1166: 2022 | D1166: 2.1. 火力发电 | E1166: 柴油(万吨) | F1166: =VLOOKUP(E1166,'Fuel Heat Rate'!C:D,2,FALSE) -> 燃油 | G1166: -29.84
B1167: 全国 | C1167: 2022 | D1167: 2.1. 火力发电 | E1167: 电力(亿千瓦小时) | F1167: =VLOOKUP(E1167,'Fuel Heat Rate'!C:D,2,FALSE) -> 电力 | G1167: 58887.95
B1168: 全国 | C1168: 2022 | D1168: 2.1. 火力发电 | E1168: 焦炭(万吨) | F1168: =VLOOKUP(E1168,'Fuel Heat Rate'!C:D,2,FALSE) -> 燃煤 | G1168: -142.16
B1169: 全国 | C1169: 2022 | D1169: 2.1. 火力发电 | E1169: 炼厂干气(万吨) | F1169: =VLOOKUP(E1169,'Fuel Heat Rate'!C:D,2,FALSE) -> 燃油 | G1169: -43.44
B1170: 全国 | C1170: 2022 | D1170: 2.1. 火力发电 | E1170: 煤矸石(万吨) | F1170: =VLOOKUP(E1170,'Fuel Heat Rate'!C:D,2,FALSE) -> 煤矸石 | G1170: -1752.47
B1171: 全国 | C1171: 2022 | D1171: 2.1. 火力发电 | E1171: 其他能源(万吨标准煤) | F1171: =VLOOKUP(E1171,'Fuel Heat Rate'!C:D,2,FALSE) -> 生物质 | G1171: -4828.05
B1172: 全国 | C1172: 2022 | D1172: 2.1. 火力发电 | E1172: 其他石油制品(万吨) | F1172: =VLOOKUP(E1172,'Fuel Heat Rate'!C:D,2,FALSE) -> 燃油 | G1172: -2.65
B1173: 全国 | C1173: 2022 | D1173: 2.1. 火力发电 | E1173: 其他洗煤(万吨) | F1173: =VLOOKUP(E1173,'Fuel Heat Rate'!C:D,2,FALSE) -> 燃煤 | G1173: -5600
B1174: 全国 | C1174: 2022 | D1174: 2.1. 火力发电 | E1174: 燃料油(万吨) | F1174: =VLOOKUP(E1174,'Fuel Heat Rate'!C:D,2,FALSE) -> 燃油 | G1174: -18.09
B1175: 全国 | C1175: 2022 | D1175: 2.1. 火力发电 | E1175: 热力(万百万千焦) | F1175: =VLOOKUP(E1175,'Fuel Heat Rate'!C:D,2,FALSE) -> 其他 | G1175: -150981.42
B1176: 全国 | C1176: 2022 | D1176: 2.1. 火力发电 | E1176: 石脑油(万吨) | F1176: =VLOOKUP(E1176,'Fuel Heat Rate'!C:D,2,FALSE) -> 燃油
B1177: 全国 | C1177: 2022 | D1177: 2.1. 火力发电 | E1177: 石油焦(万吨) | F1177: =VLOOKUP(E1177,'Fuel Heat Rate'!C:D,2,FALSE) -> 燃油 | G1177: -143.14
B1178: 全国 | C1178: 2022 | D1178: 2.1. 火力发电 | E1178: 天然气(亿立方米) | F1178: =VLOOKUP(E1178,'Fuel Heat Rate'!C:D,2,FALSE) -> 燃气 | G1178: -468.76
B1179: 全国 | C1179: 2022 | D1179: 2.1. 火力发电 | E1179: 液化石油气(万吨) | F1179: =VLOOKUP(E1179,'Fuel Heat Rate'!C:D,2,FALSE) -> 燃气 | G1179: -3.89
B1180: 全国 | C1180: 2022 | D1180: 2.1. 火力发电 | E1180: 液化天然气(万吨) | F1180: =VLOOKUP(E1180,'Fuel Heat Rate'!C:D,2,FALSE) -> 燃气 | G1180: -214.19
B1181: 全国 | C1181: 2022 | D1181: 2.1. 火力发电 | E1181: 原煤(万吨) | F1181: =VLOOKUP(E1181,'Fuel Heat Rate'!C:D,2,FALSE) -> 燃煤 | G1181: -232213.1
B1182: 全国 | C1182: 2022 | D1182: 2.1. 火力发电 | E1182: 原油(万吨) | F1182: =VLOOKUP(E1182,'Fuel Heat Rate'!C:D,2,FALSE) -> 燃油 | G1182: -1.38

Sheet Heating Fuel Consumption
A1: 索引 | B1: 地区 | C1: 年份 | D1: 项目 | E1: 能源品种 | F1: 实物消费量 | G1: 标煤消费量
A2: 31547 | B2: 全国 | C2: 2021 | D2: 2.2. 供热 | E2: 热力(万百万千焦) | F2: 726952.12 | G2: =VLOOKUP($E2,'Fuel Heat Rate'!$C$3:$K$33,3,FALSE)*F2 -> 7269521.2
A3: 50097 | B3: 全国 | C3: 2020 | D3: 2.2. 供热 | E3: 热力(万百万千焦) | F3: 613906.59 | G3: =VLOOKUP($E3,'Fuel Heat Rate'!$C$3:$K$33,3,FALSE)*F3 -> 6139065.9
A4: 50062 | B4: 全国 | C4: 2019 | D4: 2.2. 供热 | E4: 热力(万百万千焦) | F4: 565138.68 | G4: =VLOOKUP($E4,'Fuel Heat Rate'!$C$3:$K$33,3,FALSE)*F4 -> 5651386.8
A5: 31827 | B5: 山东省 | C5: 2021 | D5: 2.2. 供热 | E5: 热力(万百万千焦) | F5: 172492.35 | G5: =VLOOKUP($E5,'Fuel Heat Rate'!$C$3:$K$33,3,FALSE)*F5 -> 1724923.5
A6: 382912 | B6: 山东省 | C6: 2020 | D6: 2.2. 供热 | E6: 热力(万百万千焦) | F6: 161494.34 | G6: =VLOOKUP($E6,'Fuel Heat Rate'!$C$3:$K$33,3,FALSE)*F6 -> 1614943.4
A7: 382947 | B7: 山东省 | C7: 2019 | D7: 2.2. 供热 | E7: 热力(万百万千焦) | F7: 149885.24 | G7: =VLOOKUP($E7,'Fuel Heat Rate'!$C$3:$K$33,3,FALSE)*F7 -> 1498852.4
A8: 32387 | B8: 辽宁省 | C8: 2021 | D8: 2.2. 供热 | E8: 热力(万百万千焦) | F8: 72972.2 | G8: =VLOOKUP($E8,'Fuel Heat Rate'!$C$3:$K$33,3,FALSE)*F8 -> 729722
A9: 318232 | B9: 辽宁省 | C9: 2020 | D9: 2.2. 供热 | E9: 热力(万百万千焦) | F9: 70493.03 | G9: =VLOOKUP($E9,'Fuel Heat Rate'!$C$3:$K$33,3,FALSE)*F9 -> 704930.3
A10: 31967 | B10: 新疆维吾尔自治区 | C10: 2021 | D10: 2.2. 供热 | E10: 热力(万百万千焦) | F10: 68616.68 | G10: =VLOOKUP($E10,'Fuel Heat Rate'!$C$3:$K$33,3,FALSE)*F10 -> 686166.8
A11: 31582 | B11: 内蒙古自治区 | C11: 2021 | D11: 2.2. 供热 | E11: 热力(万百万千焦) | F11: 66287.7 | G11: =VLOOKUP($E11,'Fuel Heat Rate'!$C$3:$K$33,3,FALSE)*F11 -> 662877
A12: 318267 | B12: 辽宁省 | C12: 2019 | D12: 2.2. 供热 | E12: 热力(万百万千焦) | F12: 64402.19 | G12: =VLOOKUP($E12,'Fuel Heat Rate'!$C$3:$K$33,3,FALSE)*F12 -> 644021.9
A13: 32002 | B13: 江苏省 | C13: 2021 | D13: 2.2. 供热 | E13: 热力(万百万千焦) | F13: 62034.62 | G13: =VLOOKUP($E13,'Fuel Heat Rate'!$C$3:$K$33,3,FALSE)*F13 -> 620346.2
... A981: 1167 | B981: 全国 | C981: 2021 | D981: 2.2. 供热 | E981: 原煤(万吨) | F981: -42501.62 | G981: =VLOOKUP($E981,'Fuel Heat Rate'!$C$3:$K$33,3,FALSE)*F981 -> -8886238.7

Sheet Combustion Generation
A1: 地区 | B1: 指标 | C1: 年份 | D1: 值 | G1: 求和项:值2 | H1: 列标签
A2: 安徽省 | B2: 核能发电量(亿千瓦小时) | C2: 2019 | H2: 核能发电量(亿千瓦小时) | K2: 火力发电发电量(亿千瓦小时) | N2: 秸秆.蔗渣.林木质发电发电量(亿千瓦小时) | Q2: 垃圾焚烧发电发电量(亿千瓦小时) | T2: 其他火力发电发电量(亿千瓦小时) | W2: 燃煤发电发电量(亿千瓦小时) | Z2: 燃气发电发电量(亿千瓦小时) | AC2: 燃油发电发电量(亿千瓦小时) | AF2: 沼气发电发电量(亿千瓦小时) | AI2: 总计
A3: 安徽省 | B3: 核能发电量(亿千瓦小时) | C3: 2020 | G3: 行标签 | H3: 2019 | I3: 2020 | J3: 2021 | K3: 2019 | L3: 2020 | M3: 2021 | N3: 2019 | O3: 2020 | P3: 2021 | Q3: 2019 | R3: 2020 | S3: 2021 | T3: 2019 | U3: 2020 | V3: 2021 | W3: 2019 | X3: 2020 | Y3: 2021 | Z3: 2019 | AA3: 2020 | AB3: 2021 | AC3: 2019 | AD3: 2020 | AE3: 2021 | AF3: 2019 | AG3: 2020 | AH3: 2021
A4: 安徽省 | B4: 核能发电装机容量(万千瓦) | C4: 2019 | G4: 安徽省 | K4: 2657 | L4: 2531 | M4: 2702 | N4: 64 | O4: 69 | P4: 65 | Q4: 33 | R4: 42 | S4: 52 | T4: 116.5 | U4: 102.6 | V4: 105 | W4: 2463 | X4: 2314 | Y4: 2477 | Z4: 4 | AA4: 3 | AB4: 2.6 | AF4: 0.5 | AG4: 0.4 | AH4: 0.4 | AI4: 15804
A5: 安徽省 | B5: 核能发电装机容量(万千瓦) | C5: 2020 | G5: 北京市 | K5: 443 | L5: 434 | M5: 447 | P5: 0 | Q5: 19 | R5: 23 | S5: 25 | T5: 4 | U5: 0 | V5: 0 | W5: 15 | X5: 10 | Y5: 15 | Z5: 404 | AA5: 397 | AB5: 404 | AC5: 5 | AD5: 4 | AE5: 2 | AG5: 1 | AH5: 1 | AI5: 2653
A6: 安徽省 | B6: 火力发电发电量(亿千瓦小时) | C6: 2019 | D6: 2657 | G6: 福建省 | H6: 621 | I6: 652 | J6: 777 | K6: 1406 | L6: 1551 | M6: 1704 | N6: 4 | O6: 4 | P6: 4 | Q6: 27 | R6: 35 | S6: 48 | T6: 74.5 | U6: 66 | V6: 75 | W6: 1242 | X6: 1380 | Y6: 1509 | Z6: 67 | AA6: 64 | AB6: 67 | AC6: 0.01 | AF6: 0.5 | AG6: 1 | AH6: 1 | AI6: 11380.01
A7: 安徽省 | B7: 火力发电发电量(亿千瓦小时) | C7: 2020 | D7: 2531 | G7: 甘肃省 | K7: 817 | L7: 901 | M7: 1043 | N7: 1 | O7: 0.1 | P7: 0.1 | Q7: 5 | R7: 6 | S7: 7 | T7: 10 | U7: 9.9 | V7: 16.9 | W7: 803 | X7: 885 | Y7: 1019 | AB7: 0 | AH7: 0 | AI7: 5524
A8: 安徽省 | B8: 火力发电发电量(亿千瓦小时) | C8: 2021 | D8: 2702 | G8: 广东省 | H8: 1106 | I8: 1161 | J8: 1204 | K8: 3222 | L8: 3425 | M8: 4487 | N8: 19 | O8: 25 | P8: 30 | Q8: 93 | R8: 131 | S8: 168 | T8: 35.8 | U8: 0 | V8: 0 | W8: 2508 | X8: 2518 | Y8: 3372 | Z8: 594 | AA8: 751 | AB8: 908 | AF8: 8.2 | AG8: 10 | AH8: 9 | AI8: 25785
A9: 安徽省 | B9: 火力发电装机容量(万千瓦) | C9: 2019 | D9: 5521 | G9: 广西壮族自治区 | H9: 172 | I9: 168 | J9: 181 | K9: 988 | L9: 1032 | M9: 1120 | N9: 40 | O9: 43 | P9: 47 | Q9: 11 | R9: 13 | S9: 19 | T9: 104.9 | U9: 100 | V9: 100 | W9: 833 | X9: 865 | Y9: 944 | Z9: 5 | AA9: 9 | AB9: 9 | AF9: 1.1 | AG9: 1 | AH9: 1 | AI9: 6807
A10: 安徽省 | B10: 火力发电装机容量(万千瓦) | C10: 2020 | D10: 5561 | G10: 贵州省 | K10: 1390 | L10: 1354 | M10: 1485 | N10: 1 | O10: 1 | P10: 2 | Q10: 7 | R10: 11 | S10: 16 | T10: 4 | U10: 0 | V10: 0 | W10: 1381 | X10: 1323 | Y10: 1444 | AA10: 19 | AB10: 23 | AH10: 0 | AI10: 8461
A11: 安徽省 | B11: 火力发电装机容量(万千瓦) | C11: 2021 | D11: 5740 | G11: 海南省 | H11: 97 | I11: 96 | J11: 98 | K11: 212 | L11: 215 | M11: 254 | N11: 14 | O11: 14 | P11: 14 | Q11: 5 | R11: 7 | S11: 17 | T11: 8.7 | U11: 6.6 | V11: 7 | W11: 173 | X11: 160 | Y11: 166 | Z11: 14 | AA11: 28 | AB11: 49.7 | AF11: 0.3 | AG11: 0.4 | AH11: 0.3 | AI11: 1657
A12: 安徽省 | B12: 秸秆.蔗渣.林木质发电发电量(亿千瓦小时) | C12: 2019 | D12: 64 | G12: 河北省 | K12: 2377 | L12: 2352 | M12: 2259 | N12: 27 | O12: 29 | P12: 23 | Q12: 15 | R12: 22 | S12: 44 | T12: 77.7 | U12: 69 | V12: 70 | W12: 2274 | X12: 2224 | Y12: 2111 | Z12: 1 | AA12: 8 | AB12: 10 | AF12: 0.3 | AH12: 1 | AI12: 13994
A13: 安徽省 | B13: 秸秆.蔗渣.林木质发电发电量(亿千瓦小时) | C13: 2020 | D13: 69 | G13: 河南省 | K13: 2481 | L13: 2400 | M13: 2350 | N13: 28 | O13: 37 | P13: 42 | Q13: 9 | R13: 12 | S13: 35 | T13: 34 | U13: 20 | V13: 21 | W13: 2400 | X13: 2300 | Y13: 2241 | Z13: 24 | AA13: 29 | AB13: 9 | AG13: 2 | AH13: 2 | AI13: 14476
A14: 安徽省 | B14: 秸秆.蔗渣.林木质发电发电量(亿千瓦小时) | C14: 2021 | D14: 65 | G14: 黑龙江省 | K14: 887 | L14: 895 | M14: 905 | N14: 54 | O14: 59 | P14: 72 | Q14: 5 | R14: 5 | S14: 7 | T14: 16.9 | U14: 11.7 | V14: 18 | W14: 818 | X14: 815 | Y14: 804 | Z14: 3 | AA14: 3 | AB14: 3.6 | AF14: 0.1 | AG14: 0.3 | AH14: 0.4 | AI14: 5383
A15: 安徽省 | B15: 秸秆.蔗渣.林木质发电装机容量(万千瓦) | C15: 2019 | D15: 127 | G15: 湖北省 | K15: 1485 | L15: 1243 | M15: 1476 | N15: 13 | O15: 17 | P15: 14 | Q15: 15 | R15: 19 | S15: 26 | T15: 81.9 | U15: 73 | V15: 90 | W15: 1351 | X15: 1102 | Y15: 1307 | Z15: 33 | AA15: 30 | AB15: 37 | AF15: 1.1 | AG15: 2 | AH15: 2 | AI15: 8418
A16: 安徽省 | B16: 秸秆.蔗渣.林木质发电装机容量(万千瓦) | C16: 2020 | D16: 139 | G16: 湖南省 | K16: 906 | L16: 849 | M16: 1024 | N16: 1 | O16: 12 | P16: 13 | Q16: 19 | R16: 25 | S16: 32 | T16: 112.9 | U16: 95 | V16: 100 | W16: 776 | X16: 710 | Y16: 873 | Z16: 2 | AA16: 3 | AB16: 1 | AC16: 3 | AD16: 3 | AE16: 3 | AF16: 1.1 | AG16: 2 | AH16: 2 | AI16: 5568
A17: 安徽省 | B17: 秸秆.蔗渣.林木质发电装机容量(万千瓦) | C17: 2021 | D17: 144 | G17: 吉林省 | K17: 705 | L17: 721 | M17: 689.2 | N17: 26 | O17: 24 | P17: 20 | Q17: 9 | R17: 9 | S17: 11 | T17: 10 | U17: 11.97 | V17: 12 | W17: 659 | X17: 677 | Y17: 646 | Z17: 0.1 | AA17: 0.1 | AB17: 0 | AG17: 0.03 | AH17: 0.2 | AI17: 4230.6
A18: 安徽省 | B18: 垃圾焚烧发电发电量(亿千瓦小时) | C18: 2019 | D18: 33 | G18: 江苏省 | H18: 329 | I18: 355 | J18: 485 | K18: 4364 | L18: 4290 | M18: 4739 | N18: 35 | O18: 37 | P18: 32 | Q18: 73 | R18: 86 | S18: 99 | T18: 133 | U18: 118 | V18: 116 | W18: 3604 | X18: 3570 | Y18: 4004 | Z18: 532 | AA18: 477 | AB18: 486 | AF18: 2 | AG18: 2 | AH18: 2 | AI18: 27970
A19: 安徽省 | B19: 垃圾焚烧发电发电量(亿千瓦小时) | C19: 2020 | D19: 42 | G19: 江西省 | K19: 1128 | L19: 1199 | M19: 1306 | N19: 10 | O19: 13 | P19: 16 | Q19: 9 | R19: 17 | S19: 35 | T19: 156.4 | U19: 145 | V19: 174 | W19: 973 | X19: 1018 | Y19: 1075 | Z19: 6 | AA19: 4 | AB19: 5 | AF19: 1.6 | AG19: 2 | AH19: 1 | AI19: 7294
A20: 安徽省 | B20: 垃圾焚烧发电发电量(亿千瓦小时) | C20: 2021 | D20: 52 | G20: 辽宁省 | H20: 327 | I20: 327 | J20: 400 | K20: 1395 | L20: 1410 | M20: 1399 | N20: 6 | O20: 9 | P20: 9 | Q20: 6 | R20: 15 | S20: 19 | T20: 51 | U20: 38 | V20: 42 | W20: 1343 | X20: 1340 | Y20: 1324 | Z20: 3 | AA20: 3 | AB20: 0 | AC20: 4 | AD20: 4 | AE20: 4 | AG20: 1 | AH20: 1 | AI20: 9480
A21: 安徽省 | B21: 垃圾焚烧发电装机容量(万千瓦) | C21: 2019 | D21: 64 | G21: 内蒙古自治区 | K21: 4564 | L21: 4731 | M21: 4769 | N21: 6 | O21: 8 | P21: 7 | Q21: 2 | R21: 2 | S21: 5 | T21: 16.99 | U21: 14.9 | V21: 18 | W21: 4551 | X21: 4677 | Y21: 4706 | Z21: 0.3 | AA21: 28.4 | AB21: 32.9 | AF21: 0.01 | AG21: 0.1 | AH21: 0.1 | AI21: 28139.7
A22: 安徽省 | B22: 垃圾焚烧发电装机容量(万千瓦) | C22: 2020 | D22: 73 | G22: 宁夏回族自治区 | K22: 1381 | L22: 1415 | M22: 1507 | N22: 0.02 | O22: 0.1 | P22: 0.1 | Q22: 2 | R22: 3 | S22: 3 | T22: 49.98 | U22: 48.9 | V22: 53.9 | W22: 1310 | X22: 1351 | Y22: 1438 | Z22: 13 | AA22: 12 | AB22: 12 | AH22: 0 | AI22: 8600
A23: 安徽省 | B23: 垃圾焚烧发电装机容量(万千瓦) | C23: 2021 | D23: 93 | G23: 青海省 | K23: 104 | L23: 101 | M23: 143.2 | P23: 0 | S23: 0 | T23: 0.9 | U23: 0.9 | V23: 1 | W23: 100 | X23: 100 | Y23: 142 | Z23: 0.1 | AA23: 0.1 | AB23: 0 | AF23: 0.1 | AG23: 0.1 | AH23: 0.2 | AI23: 693.6
A24: 安徽省 | B24: 其他火力发电发电量(亿千瓦小时) | C24: 2019 | D24: 116.5 | G24: 全国 | H24: 3487 | I24: 3662 | J24: 4075 | K24: 50465 | L24: 51770 | M24: 56655 | N24: 485 | O24: 533 | P24: 533 | Q24: 611 | R24: 785 | S24: 1089 | T24: 1814.77 | U24: 1592.97 | V24: 1720 | W24: 45538 | X24: 46296 | Y24: 50426 | Z24: 2325 | AA24: 2525 | AB24: 2834 | AC24: 13 | AD24: 12 | AE24: 16 | AF24: 30.3 | AG24: 38 | AH24: 37 | AI24: 329368.04
A25: 安徽省 | B25: 其他火力发电发电量(亿千瓦小时) | C25: 2020 | D25: 102.6 | G25: 山东省 | H25: 207 | I25: 191 | J25: 197 | K25: 4680 | L25: 5116 | M25: 5268 | N25: 74 | O25: 75 | P25: 73 | Q25: 64 | R25: 81 | S25: 104 | T25: 221.8 | U25: 203 | V25: 202 | W25: 4381 | X25: 4752 | Y25: 4886 | Z25: 2 | AA25: 3 | AB25: 0 | AF25: 2.2 | AG25: 3 | AH25: 3 | AI25: 30789
A26: 安徽省 | B26: 其他火力发电发电量(亿千瓦小时) | C26: 2021 | D26: 105 | G26: 山西省 | K26: 2852 | L26: 2924 | M26: 3145 | N26: 19 | O26: 18 | P26: 18 | Q26: 6 | R26: 9 | S26: 34 | T26: 67 | U26: 67.8 | V26: 49 | W26: 2666 | X26: 2722 | Y26: 2941 | Z26: 105 | AA26: 108 | AB26: 101.8 | AF26: 3 | AG26: 0.2 | AH26: 1.2 | AI26: 17857
A27: 安徽省 | B27: 其他火力发电装机容量(万千瓦) | C27: 2019 | D27: 179.7 | G27: 陕西省 | K27: 1917 | L27: 2084 | M27: 2310 | N27: 11 | O27: 1 | P27: 0 | Q27: 1 | R27: 13 | S27: 0 | T27: 89.7 | U27: 88 | V27: 98 | W27: 1828 | X27: 1974 | Y27: 2198 | Z27: 5 | AA27: 8 | AB27: 14 | AF27: 1.3 | AG27: 1 | AH27: 0 | AI27: 12642
A28: 安徽省 | B28: 其他火力发电装机容量(万千瓦) | C28: 2020 | D28: 191 | G28: 上海市 | K28: 812 | L28: 835 | M28: 974 | P28: 0 | Q28: 24 | R28: 32 | S28: 34 | T28: 37.7 | U28: 30 | V28: 36 | W28: 607 | X28: 619 | Y28: 750 | Z28: 149 | AA28: 152 | AB28: 151 | AC28: 1 | AD28: 1 | AE28: 2 | AF28: 1.3 | AG28: 1 | AH28: 1 | AI28: 5250
A29: 安徽省 | B29: 其他火力发电装机容量(万千瓦) | C29: 2021 | D29: 216 | G29: 四川省 | K29: 488 | L29: 513 | M29: 655 | N29: 9 | O29: 12 | P29: 12 | Q29: 28 | R29: 35 | S29: 58 | T29: 85.5 | U29: 75 | V29: 83 | W29: 352 | X29: 361 | Y29: 469 | Z29: 26 | AA29: 26 | AB29: 30 | AF29: 2.5 | AG29: 3 | AH29: 3 | AI29: 3326
A30: 安徽省 | B30: 燃煤发电发电量(亿千瓦小时) | C30: 2019 | D30: 2463 | G30: 天津市 | K30: 647 | L30: 668 | M30: 738 | N30: 3 | O30: 3 | P30: 1 | Q30: 6 | R30: 8 | S30: 17 | T30: 12 | U30: 10 | V30: 16 | W30: 518 | X30: 513 | Y30: 552 | Z30: 114 | AA30: 134 | AB30: 147 | AE30: 5 | AH30: 0 | AI30: 4112
A31: 安徽省 | B31: 燃煤发电发电量(亿千瓦小时) | C31: 2020 | D31: 2314 | G31: 西藏自治区 | K31: 1 | L31: 1 | M31: 1.4 | P31: 0 | Q31: 1 | R31: 1 | S31: 1 | T31: 0 | U31: 0 | V31: 0 | AB31: 0 | AC31: 0.4 | AE31: 0.4 | AH31: 0 | AI31: 7.2
A32: 安徽省 | B32: 燃煤发电发电量(亿千瓦小时) | C32: 2021 | D32: 2477 | G32: 新疆维吾尔自治区 | K32: 2777 | L32: 3193 | M32: 3584 | N32: 2 | O32: 2 | P32: 3 | Q32: 1 | R32: 2 | S32: 6 | T32: 34.9 | U32: 33.9 | V32: 52 | W32: 2726 | X32: 3137 | Y32: 3482 | Z32: 19 | AA32: 18 | AB32: 41 | AF32: 0.1 | AG32: 0.1 | AH32: 0 | AI32: 19114
A33: 安徽省 | B33: 燃煤发电装机容量(万千瓦) | C33: 2019 | D33: 5136 | G33: 云南省 | K33: 318 | L33: 415 | M33: 455.3 | N33: 3 | O33: 7 | P33: 3 | Q33: 6 | R33: 7 | S33: 12 | T33: 88 | U33: 82.9 | V33: 87 | W33: 223 | X33: 318 | Y33: 353 | Z33: 0.5 | AA33: 0.5 | AB33: 0.2 | AG33: 0.1 | AH33: 0.1 | AI33: 2379.6
A34: 安徽省 | B34: 燃煤发电装机容量(万千瓦) | C34: 2020 | D34: 5143 | G34: 浙江省 | H34: 629 | I34: 712 | J34: 733 | K34: 2507 | L34: 2432 | M34: 3053.04 | N34: 12 | O34: 13 | P34: 12 | Q34: 92 | R34: 96 | S34: 129 | T34: 59.2 | U34: 54 | V34: 63 | W34: 2193 | X34: 2102 | Y34: 2610 | Z34: 150 | AA34: 163 | AB34: 236 | AC34: 0.02 | AD34: 0.03 | AE34: 0.04 | AF34: 2.8 | AG34: 3 | AH34: 3 | AI34: 18059.13
A35: 安徽省 | B35: 燃煤发电装机容量(万千瓦) | C35: 2021 | D35: 5274 | G35: 重庆市 | K35: 554 | L35: 538 | M35: 667 | N35: 2 | O35: 2 | P35: 1 | Q35: 17 | R35: 19 | S35: 24 | T35: 18.9 | U35: 16.9 | V35: 17 | W35: 467 | X35: 458 | Y35: 570 | Z35: 50 | AA35: 42 | AB35: 54.999 | AF35: 0.1 | AG35: 0.1 | AH35: 0.001 | AI35: 3519
A36: 安徽省 | B36: 燃气发电发电量(亿千瓦小时) | C36: 2019 | D36: 4 | G36: 总计 | H36: 6975 | I36: 7324 | J36: 8150 | K36: 100930 | L36: 103538 | M36: 113314.14 | N36: 969.02 | O36: 1067.2 | P36: 1066.2 | Q36: 1221 | R36: 1571 | S36: 2176 | T36: 3629.54 | U36: 3185.94 | V36: 3442.8 | W36: 91076 | X36: 92591 | Y36: 100854 | Z36: 4651 | AA36: 5048.1 | AB36: 5669.799 | AC36: 26.43 | AD36: 24.03 | AE36: 32.44 | AF36: 60.51 | AG36: 74.83 | AH36: 72.901 | AI36: 658740.88
A37: 安徽省 | B37: 燃气发电发电量(亿千瓦小时) | C37: 2020 | D37: 3
A38: 安徽省 | B38: 燃气发电发电量(亿千瓦小时) | C38: 2021 | D38: 2.6
A39: 安徽省 | B39: 燃气发电装机容量(万千瓦) | C39: 2019 | D39: 14
A40: 安徽省 | B40: 燃气发电装机容量(万千瓦) | C40: 2020 | D40: 14
A41: 安徽省 | B41: 燃气发电装机容量(万千瓦) | C41: 2021 | D41: 11
A42: 安徽省 | B42: 燃油发电发电量(亿千瓦小时) | C42: 2019
A43: 安徽省 | B43: 燃油发电发电量(亿千瓦小时) | C43: 2020
A44: 安徽省 | B44: 燃油发电装机容量(万千瓦) | C44: 2019
A45: 安徽省 | B45: 燃油发电装机容量(万千瓦) | C45: 2020
A46: 安徽省 | B46: 沼气发电发电量(亿千瓦小时) | C46: 2019 | D46: 0.5
A47: 安徽省 | B47: 沼气发电发电量(亿千瓦小时) | C47: 2020 | D47: 0.4
A48: 安徽省 | B48: 沼气发电发电量(亿千瓦小时) | C48: 2021 | D48: 0.4
A49: 安徽省 | B49: 沼气发电装机容量(万千瓦) | C49: 2019 | D49: 1.3
A50: 安徽省 | B50: 沼气发电装机容量(万千瓦) | C50: 2020 | D50: 1
A51: 安徽省 | B51: 沼气发电装机容量(万千瓦) | C51: 2021 | D51: 2
A52: 北京市 | B52: 核能发电量(亿千瓦小时) | C52: 2019
A53: 北京市 | B53: 核能发电量(亿千瓦小时) | C53: 2020
A54: 北京市 | B54: 核能发电装机容量(万千瓦) | C54: 2019
A55: 北京市 | B55: 核能发电装机容量(万千瓦) | C55: 2020
A56: 北京市 | B56: 火力发电发电量(亿千瓦小时) | C56: 2019 | D56: 443
A57: 北京市 | B57: 火力发电发电量(亿千瓦小时) | C57: 2020 | D57: 434
A58: 北京市 | B58: 火力发电发电量(亿千瓦小时) | C58: 2021 | D58: 447
A59: 北京市 | B59: 火力发电装机容量(万千瓦) | C59: 2019 | D59: 1135
A60: 北京市 | B60: 火力发电装机容量(万千瓦) | C60: 2020 | D60: 1136
A61: 北京市 | B61: 火力发电装机容量(万千瓦) | C61: 2021 | D61: 1137
A62: 北京市 | B62: 秸秆.蔗渣.林木质发电发电量(亿千瓦小时) | C62: 2019
A63: 北京市 | B63: 秸秆.蔗渣.林木质发电发电量(亿千瓦小时) | C63: 2020
A64: 北京市 | B64: 秸秆.蔗渣.林木质发电发电量(亿千瓦小时) | C64: 2021 | D64: 0
A65: 北京市 | B65: 秸秆.蔗渣.林木质发电装机容量(万千瓦) | C65: 2019
A66: 北京市 | B66: 秸秆.蔗渣.林木质发电装机容量(万千瓦) | C66: 2020
A67: 北京市 | B67: 垃圾焚烧发电发电量(亿千瓦小时) | C67: 2019 | D67: 19
A68: 北京市 | B68: 垃圾焚烧发电发电量(亿千瓦小时) | C68: 2020 | D68: 23
A69: 北京市 | B69: 垃圾焚烧发电发电量(亿千瓦小时) | C69: 2021 | D69: 25
A70: 北京市 | B70: 垃圾焚烧发电装机容量(万千瓦) | C70: 2019 | D70: 35
A71: 北京市 | B71: 垃圾焚烧发电装机容量(万千瓦) | C71: 2020 | D71: 37
A72: 北京市 | B72: 垃圾焚烧发电装机容量(万千瓦) | C72: 2021 | D72: 37
A73: 北京市 | B73: 其他火力发电发电量(亿千瓦小时) | C73: 2019 | D73: 4
A74: 北京市 | B74: 其他火力发电发电量(亿千瓦小时) | C74: 2020 | D74: 0
A75: 北京市 | B75: 其他火力发电发电量(亿千瓦小时) | C75: 2021 | D75: 0
A76: 北京市 | B76: 其他火力发电装机容量(万千瓦) | C76: 2019 | D76: 1
A77: 北京市 | B77: 其他火力发电装机容量(万千瓦) | C77: 2020 | D77: 0
A78: 北京市 | B78: 其他火力发电装机容量(万千瓦) | C78: 2021 | D78: 1
... A96: 北京市 | B96: 燃油发电装机容量(万千瓦) | C96: 2021 | D96: 22
A97: 北京市 | B97: 沼气发电发电量(亿千瓦小时) | C97: 2019
A98: 北京市 | B98: 沼气发电发电量(亿千瓦小时) | C98: 2020 | D98: 1
A99: 北京市 | B99: 沼气发电发电量(亿千瓦小时) | C99: 2021 | D99: 1
A100: 北京市 | B100: 沼气发电装机容量(万千瓦) | C100: 2019
A101: 北京市 | B101: 沼气发电装机容量(万千瓦) | C101: 2020 | D101: 2
A102: 北京市 | B102: 沼气发电装机容量(万千瓦) | C102: 2021 | D102: 2
A103: 福建省 | B103: 核能发电量(亿千瓦小时) | C103: 2019 | D103: 621
A104: 福建省 | B104: 核能发电量(亿千瓦小时) | C104: 2020 | D104: 652
A105: 福建省 | B105: 核能发电量(亿千瓦小时) | C105: 2021 | D105: 777
A106: 福建省 | B106: 核能发电装机容量(万千瓦) | C106: 2019 | D106: 871
A107: 福建省 | B107: 核能发电装机容量(万千瓦) | C107: 2020 | D107: 871
A108: 福建省 | B108: 核能发电装机容量(万千瓦) | C108: 2021 | D108: 986
A109: 福建省 | B109: 火力发电发电量(亿千瓦小时) | C109: 2019 | D109: 1406
A110: 福建省 | B110: 火力发电发电量(亿千瓦小时) | C110: 2020 | D110: 1551
A111: 福建省 | B111: 火力发电发电量(亿千瓦小时) | C111: 2021 | D111: 1704
A112: 福建省 | B112: 火力发电装机容量(万千瓦) | C112: 2019 | D112: 3172
... A145: 福建省 | B145: 燃油发电发电量(亿千瓦小时) | C145: 2019 | D145: 0.01
A146: 福建省 | B146: 燃油发电发电量(亿千瓦小时) | C146: 2020
A147: 福建省 | B147: 燃油发电装机容量(万千瓦) | C147: 2019 | D147: 1
A148: 福建省 | B148: 燃油发电装机容量(万千瓦) | C148: 2020
A149: 福建省 | B149: 沼气发电发电量(亿千瓦小时) | C149: 2019 | D149: 0.5
...

Sheet Fuel Heat Rate
A1: 能源名称 | B1: 实物量单位 | E1: 平均低位发热量 | F1: 折标准煤系数 | G1: 单位热值含碳量 | H1: 燃料碳氧化率 | I1: 排放因子1 | J1: 排放因子2 | K1: 数据来源
E2: TJ/单位 | F2: 万吨标煤/单位 | G2: 万吨碳/TJ | H2: % | I2: 万tCO2/单位 | J2: 万tCO2/万吨标煤
A3: 原煤 | B3: 万吨 | C3: =A3&"("&B3&")" -> 原煤(万吨) | D3: 燃煤 | E3: 209.08 | F3: 0.7143 | G3: 0.002749 | H3: 0.94 | I3: =E3*G3*H3*44/12 -> 1.9810093 | J3: =I3/F3 -> 2.7733576 | K3: 能源统计年鉴2020
A4: 洗精煤 | B4: 万吨 | C4: =A4&"("&B4&")" -> 洗精煤(万吨) | D4: 燃煤 | E4: 263.44 | F4: 0.9 | G4: 0.00254 | H4: 0.93 | I4: =E4*G4*H4*44/12 -> 2.2817592 | J4: =I4/F4 -> 2.535288 | K4: 能源统计年鉴2020
A5: 其他洗煤 | B5: 万吨 | C5: =A5&"("&B5&")" -> 其他洗煤(万吨) | D5: 燃煤 | E5: 83.63 | F5: 0.2857 | G5: 0.00254 | H5: 0.9 | I5: =E5*G5*H5*44/12 -> 0.70098666 | J5: =I5/F5 -> 2.453576 | K5: 能源统计年鉴2020
A6: 型煤 | B6: 万吨 | C6: =A6&"("&B6&")" -> 型煤(万吨) | D6: 燃煤 | E6: 154.73 | F6: =E6/292.7 -> 0.52863 | G6: 0.00266 | H6: 0.9 | I6: =E6*G6*H6*44/12 -> 1.3582199 | J6: =I6/F6 -> 2.5693206 | K6: 2020中国区域电网二氧化碳基准线排放因子
A7: 煤矸石 | B7: 万吨 | C7: =A7&"("&B7&")" -> 煤矸石(万吨) | D7: 煤矸石 | E7: 83.74 | F7: =E7/292.7 -> 0.28609498 | G7: 0.00273 | H7: 0.98 | I7: =E7*G7*H7*44/12 -> 0.82147265 | J7: =I7/F7 -> 2.8713285 | K7: 综合能耗计算通则GBT2589-2020
A8: 焦炭 | B8: 万吨 | C8: =A8&"("&B8&")" -> 焦炭(万吨) | D8: 燃煤 | E8: 284.35 | F8: 0.9714 | G8: 0.00294 | H8: 0.93 | I8: =E8*G8*H8*44/12 -> 2.8507225 | J8: =I8/F8 -> 2.9346536 | K8: 能源统计年鉴2020
A9: 焦炉煤气 | B9: 亿立方米 | C9: =A9&"("&B9&")" -> 焦炉煤气(亿立方米) | E9: 1735.35 | F9: 5.9285 | G9: 0.00136 | H9: 0.99 | I9: =E9*G9*H9*44/12 -> 8.5670759 | J9: =I9/F9 -> 1.4450664 | K9: 能源统计年鉴2020
A10: 高炉煤气 | B10: 亿立方米 | C10: =A10&"("&B10&")" -> 高炉煤气(亿立方米) | E10: 376.3 | F10: =E10/292.7 -> 1.2856167 | G10: 0.00708 | H10: 0.99 | I10: =E10*G10*H10*44/12 -> 9.6710605 | J10: =I10/F10 -> 7.5225071 | K10: 2020中国区域电网二氧化碳基准线排放因子
A11: 转炉煤气 | B11: 亿立方米 | C11: =A11&"("&B11&")" -> 转炉煤气(亿立方米) | E11: 794.5 | F11: =E11/292.7 -> 2.7143833 | G11: 0.00469 | H11: 0.99 | I11: =E11*G11*H11*44/12 -> 13.526124 | J11: =I11/F11 -> 4.9831297 | K11: 2020中国区域电网二氧化碳基准线排放因子
A12: 其他煤气 | B12: 亿立方米 | C12: =A12&"("&B12&")" -> 其他煤气(亿立方米) | E12: 522.7 | F12: 1.786 | G12: 0.00122 | H12: 0.99 | I12: =E12*G12*H12*44/12 -> 2.3148292 | J12: =I12/F12 -> 1.296097 | K12: 能源统计年鉴2020
A13: 其他焦化产品 | B13: 万吨 | C13: =A13&"("&B13&")" -> 其他焦化产品(万吨) | D13: 燃煤 | E13: 334.53 | F13: =E13/292.7 -> 1.1429108 | G13: 0.00258 | H13: 0.93 | I13: =E13*G13*H13*44/12 -> 2.943128 | J13: =I13/F13 -> 2.5751161 | K13: 2020中国区域电网二氧化碳基准线排放因子
A14: 原油 | B14: 万吨 | C14: =A14&"("&B14&")" -> 原油(万吨) | D14: 燃油 | E14: 418.16 | F14: 1.4286 | G14: 0.00201 | H14: 0.98 | I14: =E14*G14*H14*44/12 -> 3.0202024 | J14: =I14/F14 -> 2.1140994 | K14: 能源统计年鉴2020
A15: 汽油 | B15: 万吨 | C15: =A15&"("&B15&")" -> 汽油(万吨) | D15: 燃油 | E15: 430.7 | F15: 1.4714 | G15: 0.00189 | H15: 0.98 | I15: =E15*G15*H15*44/12 -> 2.925056 | J15: =I15/F15 -> 1.9879407 | K15: 能源统计年鉴2020
A16: 煤油 | B16: 万吨 | C16: =A16&"("&B16&")" -> 煤油(万吨) | D16: 燃油 | E16: 430.7 | F16: 1.4714 | G16: 0.00189 | H16: 0.98 | I16: =E16*G16*H16*44/12 -> 2.925056 | J16: =I16/F16 -> 1.9879407 | K16: 能源统计年鉴2020
A17: 柴油 | B17: 万吨 | C17: =A17&"("&B17&")" -> 柴油(万吨) | D17: 燃油 | E17: 426.52 | F17: 1.4571 | G17: 0.00202 | H17: 0.98 | I17: =E17*G17*H17*44/12 -> 3.0959096 | J17: =I17/F17 -> 2.1247064 | K17: 能源统计年鉴2020
A18: 燃料油 | B18: 万吨 | C18: =A18&"("&B18&")" -> 燃料油(万吨) | D18: 燃油 | E18: 418.16 | F18: 1.4286 | G18: 0.00211 | H18: 0.98 | I18: =E18*G18*H18*44/12 -> 3.1704612 | J18: =I18/F18 -> 2.2192785 | K18: 能源统计年鉴2020
A19: 石脑油 | B19: 万吨 | C19: =A19&"("&B19&")" -> 石脑油(万吨) | D19: 燃油 | E19: 439.07 | F19: =E19/292.7 -> 1.5000683 | G19: 0.002 | H19: 0.98 | I19: =E19*G19*H19*44/12 -> 3.1554497 | J19: =I19/F19 -> 2.1035373 | K19: 2020中国区域电网二氧化碳基准线排放因子
A20: 润滑油 | B20: 万吨 | C20: =A20&"("&B20&")" -> 润滑油(万吨) | D20: 燃油 | E20: 413.98 | F20: =E20/292.7 -> 1.4143492 | G20: 0.002 | H20: 0.98 | I20: =E20*G20*H20*44/12 -> 2.9751363 | J20: =I20/F20 -> 2.1035373 | K20: 2020中国区域电网二氧化碳基准线排放因子
A21: 石蜡 | B21: 万吨 | C21: =A21&"("&B21&")" -> 石蜡(万吨) | D21: 燃油 | E21: 399.25 | F21: =E21/292.7 -> 1.3640246 | G21: 0.002 | H21: 0.98 | I21: =E21*G21*H21*44/12 -> 2.8692767 | J21: =I21/F21 -> 2.1035373 | K21: 2020中国区域电网二氧化碳基准线排放因子
A22: 溶剂油 | B22: 万吨 | C22: =A22&"("&B22&")" -> 溶剂油(万吨) | D22: 燃油 | E22: 429.45 | F22: =E22/292.7 -> 1.4672019 | G22: 0.002 | H22: 0.98 | I22: =E22*G22*H22*44/12 -> 3.086314 | J22: =I22/F22 -> 2.1035373 | K22: 2020中国区域电网二氧化碳基准线排放因子
A23: 石油沥青 | B23: 万吨 | C23: =A23&"("&B23&")" -> 石油沥青(万吨) | D23: 燃油 | E23: 389.31 | F23: =E23/292.7 -> 1.3300649 | G23: 0.0022 | H23: 0.98 | I23: =E23*G23*H23*44/12 -> 3.0776253 | J23: =I23/F23 -> 2.3138911 | K23: 2020中国区域电网二氧化碳基准线排放因子
A24: 石油焦 | B24: 万吨 | C24: =A24&"("&B24&")" -> 石油焦(万吨) | D24: 燃油 | E24: 319.47 | F24: =E24/292.7 -> 1.0914588 | G24: 0.00275 | H24: 0.98 | I24: =E24*G24*H24*44/12 -> 3.156896 | J24: =I24/F24 -> 2.8923638 | K24: 2020中国区域电网二氧化碳基准线排放因子
A25: 液化石油气 | B25: 万吨 | C25: =A25&"("&B25&")" -> 液化石油气(万吨) | D25: 燃气 | E25: 501.79 | F25: 1.7143 | G25: 0.00172 | H25: 0.99 | I25: =E25*G25*H25*44/12 -> 3.132976 | J25: =I25/F25 -> 1.8275541 | K25: 能源统计年鉴2020
A26: 炼厂干气 | B26: 万吨 | C26: =A26&"("&B26&")" -> 炼厂干气(万吨) | D26: 燃油 | E26: 459.98 | F26: 1.5714 | G26: 0.00182 | H26: 0.99 | I26: =E26*G26*H26*44/12 -> 3.0389039 | J26: =I26/F26 -> 1.9338831 | K26: 能源统计年鉴2020
A27: 其他石油制品 | B27: 万吨 | C27: =A27&"("&B27&")" -> 其他石油制品(万吨) | D27: 燃油 | E27: 409.8 | F27: =E27/292.7 -> 1.4000683 | G27: 0.002 | H27: 0.99 | I27: =E27*G27*H27*44/12 -> 2.975148 | J27: =I27/F27 -> 2.125002 | K27: 2020中国区域电网二氧化碳基准线排放因子
A28: 天然气 | B28: 亿立方米 | C28: =A28&"("&B28&")" -> 天然气(亿立方米) | D28: 燃气 | E28: 3558.45 | F28: 12.15 | G28: 0.00153 | H28: 0.99 | I28: =E28*G28*H28*44/12 -> 19.763275 | J28: =I28/F28 -> 1.626607 | K28: 能源统计年鉴2020
A29: 液化天然气 | B29: 万吨 | C29: =A29&"("&B29&")" -> 液化天然气(万吨) | D29: 燃气 | E29: 514.34 | F29: =E29/292.7 -> 1.7572258 | G29: 0.00153 | H29: 1 | I29: =E29*G29*H29*44/12 -> 2.8854474 | J29: =I29/F29 -> 1.642047 | K29: 2020中国区域电网二氧化碳基准线排放因子
A30: 热力 | B30: 万百万千焦 | C30: =A30&"("&B30&")" -> 热力(万百万千焦) | D30: 其他 | E30: 10 | F30: =E30/292.7 -> 0.034164674 | H30: 1 | K30: 排放清单缺省值
A31: 电力 | B31: 亿千瓦小时 | C31: =A31&"("&B31&")" -> 电力(亿千瓦小时) | D31: 电力 | E31: 360 | F31: =E31/292.7 -> 1.2299283 | H31: 1
A32: 氢能源 | B32: 万吨 | C32: =A32&"("&B32&")" -> 氢能源(万吨) | D32: 其他
A33: 其他能源 | B33: 万吨标准煤 | C33: =A33&"("&B33&")" -> 其他能源(万吨标准煤) | D33: 生物质 | E33: 292.71 | F33: =E33/292.7 -> 1.0000342 | G33: 0 | H33: 1 | I33: =E33*G33*H33*44/12 -> 0 | J33: =I33/F33 -> 0 | K33: 2020中国区域电网二氧化碳基准线排放因子

Sheet Electricity Stats
A1: 2-3分地区6000千瓦以上电厂发电装机容量 | J1: 2-4分地区6000千瓦以上电厂发电量 | S1: 2-7分地区6000千瓦及以上电厂发电技术经济指标
A2: 单位：亿千瓦时 | J2: 单位：亿千瓦时
A3: 地区 | B3: 合计 | C3: 其中 | J3: 地区 | K3: 合计 | L3: 其中 | T3: 利用小时（小时） | Z3: 厂用电率（％） | AF3: 发电标准煤耗 （克/千瓦时） | AG3: 供电标准煤耗 （克/千瓦时） | AH3: 发电消耗原煤量 （万吨） | AI3: 发电消耗标煤量 （万吨） | AM3: 发电煤耗（BTU/MWh) | AQ3: 供电煤耗（BTU/MWh)
C4: 水电 | D4: 火电 | E4: 核电 | F4: 风电 | G4: 太阳能发电 | H4: 其他 | L4: 水电 | M4: 火电 | N4: 核电 | O4: 风电 | P4: 太阳能发电 | Q4: 其他 | T4: 合计 | U4: 水电 | V4: 火电 | W4: 核电 | X4: 风电 | Y4: 太阳能发电 | Z4: 合计 | AA4: 水电 | AB4: 火电 | AC4: 核电 | AD4: 风电 | AE4: 太阳能发电 | AM4: 2019 | AN4: 2020 | AO4: 2021 | AP4: 2022 | AQ4: 2019 | AR4: 2020 | AS4: 2021 | AT4: 2022
A5: 全国 | B5: 191499 | C5: 32344 | D5: 118642 | E5: 4874 | F5: 20905 | G5: 14709 | H5: 25 | J5: 全国 | K5: 71558 | L5: 11902 | M5: 50376 | N5: 3487 | O5: 4052 | P5: 1738 | Q5: 2 | S5: 全国 | T5: 3828 | U5: 3697 | V5: 4307 | W5: 7394 | X5: 2083 | Y5: 1291 | Z5: 4.67 | AA5: 0.24 | AB5: 6.01 | AC5: 5.89 | AD5: 1.46 | AE5: 1.06 | AF5: 288.8 | AG5: 306.4 | AH5: 199443 | AI5: 132007 | AL5: 全国 | AM5: =AF5*About!$A$30 -> 8022357.2 | AN5: =AF42*About!$A$30 -> 7977912 | AO5: =AF79*About!$A$30 -> 7911244.2 | AP5: =AF116*About!$A$30 -> 7880688.1 | AQ5: =AG5*About!$A$30 -> 8511254.3 | AR5: =AG42*About!$A$30 -> 8469586.9 | AS5: =AG79*About!$A$30 -> 8375140.9 | AT5: =AG116*About!$A$30 -> 8352918.3
A6: 北京 | B6: 1259 | C6: 98 | D6: 1134 | F6: 18 | G6: 8 | J6: 北京 | K6: 457 | L6: 10 | M6: 443 | O6: 3 | P6: 1 | S6: 北京 | T6: 3656 | U6: 1032 | V6: 3931 | X6: 1816 | Y6: 1323 | Z6: 2.73 | AA6: 0.86 | AB6: 2.79 | AD6: 0.3 | AE6: 1.1 | AF6: 201.1 | AG6: 205.8 | AH6: 36 | AI6: 837 | AL6: 北京 | AM6: =AF6*About!$A$30 -> 5586205.1 | AN6: =AF43*About!$A$30 -> 5455647.3 | AO6: =AF80*About!$A$30 -> 5827875.8 | AP6: =AF117*About!$A$30 -> 5847320.6 | AQ6: =AG6*About!$A$30 -> 5716762.8 | AR6: =AG43*About!$A$30 -> 5572316 | AS6: =AG80*About!$A$30 -> 5980656.2 | AT6: =AG117*About!$A$30 -> 6000100.9
A7: 天津 | B7: 1816 | D7: 1637 | F7: 59 | G7: 119 | J7: 天津 | K7: 670 | M7: 646 | O7: 11 | P7: 13 | S7: 天津 | T7: 3779 | V7: 4028 | X7: 1965 | Y7: 1144 | Z7: 5.34 | AB7: 5.46 | AD7: 1.92 | AE7: 0.82 | AF7: 262.4 | AG7: 277.5 | AH7: 2012 | AI7: 1666 | AL7: 天津 | AM7: =AF7*About!$A$30 -> 7289011.5 | AN7: =AF44*About!$A$30 -> 7247344.1 | AO7: =AF81*About!$A$30 -> 7633461.8 | AP7: =AF118*About!$A$30 -> 7547349.2 | AQ7: =AG7*About!$A$30 -> 7708463 | AR7: =AG44*About!$A$30 -> 7658462.2 | AS7: =AG81*About!$A$30 -> 8072358 | AT7: =AG118*About!$A$30 -> 7986245.5
A8: 河北 | B8: 7784 | C8: 165 | D8: 5012 | F8: 1639 | G8: 965 | H8: 3 | J8: 河北 | K8: 2830 | L8: 14 | M8: 2375 | O8: 318 | P8: 124 | S8: 河北 | T8: 3790 | U8: 829 | V8: 4851 | X8: 2144 | Y8: 1379 | Z8: 5.14 | AA8: 2.12 | AB8: 5.84 | AD8: 0.63 | AE8: 1.03 | AF8: 290.5 | AG8: 308.4 | AH8: 9617 | AI8: 6598 | AL8: 河北 | AM8: =AF8*About!$A$30 -> 8069580.2 | AN8: =AF45*About!$A$30 -> 7986245.5 | AO8: =AF82*About!$A$30 -> 7900132.9 | AP8: =AF119*About!$A$30 -> 7511237.5 | AQ8: =AG8*About!$A$30 -> 8566810.8 | AR8: =AG45*About!$A$30 -> 8458475.6 | AS8: =AG82*About!$A$30 -> 8366807.4 | AT8: =AG119*About!$A$30 -> 7930689
A9: 山西 | B9: 8997 | C9: 214 | D9: 6669 | F9: 1251 | G9: 862 | J9: 山西 | K9: 3224 | L9: 48 | M9: 2848 | O9: 224 | P9: 103 | S9: 山西 | T9: 3740 | U9: 2247 | V9: 4426 | X9: 1918 | Y9: 1307 | Z9: 6.54 | AA9: 0.26 | AB9: 7.24 | AD9: 1.05 | AE9: 0.8 | AF9: 299.1 | AG9: 322.2 | AH9: 14194 | AI9: 8108 | AL9: 山西 | AM9: =AF9*About!$A$30 -> 8308473.1 | AN9: =AF46*About!$A$30 -> 8158470.6 | AO9: =AF83*About!$A$30 -> 8186248.8 | AP9: =AF120*About!$A$30 -> 8108469.7 | AQ9: =AG9*About!$A$30 -> 8950150.6 | AR9: =AG46*About!$A$30 -> 8769592 | AS9: =AG83*About!$A$30 -> 8791814.6 | AT9: =AG120*About!$A$30 -> 8666812.5
A10: 内蒙古 | B10: 12837 | C10: 238 | D10: 8718 | F10: 2918 | G10: 962 | J10: 内蒙古 | K10: 5446 | L10: 58 | M10: 4563 | O10: 666 | P10: 160 | S10: 内蒙古 | T10: 4272 | U10: 2424 | V10: 5267 | X10: 2306 | Y10: 1663 | Z10: 6.28 | AA10: 0.39 | AB10: 7.32 | AD10: 1.04 | AE10: 0.72 | AF10: 301.8 | AG10: 325.6 | AH10: 26792 | AI10: 13611 | AL10: 内蒙古 | AM10: =AF10*About!$A$30 -> 8383474.4 | AN10: =AF47*About!$A$30 -> 8277917 | AO10: =AF84*About!$A$30 -> 8061246.7 | AP10: =AF121*About!$A$30 -> 8011245.9 | AQ10: =AG10*About!$A$30 -> 9044596.6 | AR10: =AG47*About!$A$30 -> 8916816.7 | AS10: =AG84*About!$A$30 -> 8661256.8 | AT10: =AG121*About!$A$30 -> 8616811.6
A11: 辽宁 | B11: 5280 | C11: 285 | D11: 3440 | E11: 448 | F11: 831 | G11: 276 | J11: 辽宁 | K11: 1980 | L11: 41 | M11: 1394 | N11: 327 | O11: 183 | P11: 35 | S11: 辽宁 | T11: 3804 | U11: 1439 | V11: 4070 | W11: 7314 | X11: 2300 | Y11: 1396 | Z11: 5.63 | AA11: 1.72 | AB11: 6.17 | AC11: 5.85 | AD11: 2.16 | AE11: 1.63 | AF11: 284.9 | AG11: 303.5 | AH11: 7025 | AI11: 3926 | AL11: 辽宁 | AM11: =AF11*About!$A$30 -> 7914022 | AN11: =AF48*About!$A$30 -> 7900132.9 | AO11: =AF85*About!$A$30 -> 7883466 | AP11: =AF122*About!$A$30 -> 7852909.9 | AQ11: =AG11*About!$A$30 -> 8430697.4 | AR11: =AG48*About!$A$30 -> 8391807.8 | AS11: =AG85*About!$A$30 -> 8372363.1 | AT11: =AG122*About!$A$30 -> 8352918.3
A12: 吉林 | B12: 3044 | C12: 416 | D12: 1843 | F12: 557 | G12: 228 | J12: 吉林 | K12: 914 | L12: 61 | M12: 704 | O12: 115 | P12: 34 | S12: 吉林 | T12: 3065 | U12: 1654 | V12: 3767 | X12: 2216 | Y12: 1504 | Z12: 5.92 | AA12: 0.93 | AB12: 7.05 | AD12: 2.68 | AE12: 1.57 | AF12: 272.9 | AG12: 292.8 | AH12: 3717 | AI12: 1859 | AL12: 吉林 | AM12: =AF12*About!$A$30 -> 7580683.1 | AN12: =AF49*About!$A$30 -> 7686240.4 | AO12: =AF86*About!$A$30 -> 7683462.6 | AP12: =AF123*About!$A$30 -> 7516793.1 | AQ12: =AG12*About!$A$30 -> 8133470.2 | AR12: =AG49*About!$A$30 -> 8255694.4 | AS12: =AG86*About!$A$30 -> 8264027.9 | AT12: =AG123*About!$A$30 -> 8083469.3
A13: 黑龙江 | B13: 3157 | C13: 100 | D13: 2248 | F13: 611 | G13: 198 | J13: 黑龙江 | K13: 1075 | L13: 25 | M13: 887 | O13: 140 | P13: 23 | S13: 黑龙江 | T13: 3482 | U13: 2558 | V13: 3963 | X13: 2323 | Y13: 1566 | Z13: 5.89 | AA13: 1.1 | AB13: 6.58 | AD13: 1.43 | AE13: 1.37 | AF13: 292.1 | AG13: 312.5 | AH13: 4587 | AI13: 2565 | AL13: 黑龙江 | AM13: =AF13*About!$A$30 -> 8114025.4 | AN13: =AF50*About!$A$30 -> 8075135.9 | AO13: =AF87*About!$A$30 -> 8177915.4 | AP13: =AF124*About!$A$30 -> 8161248.4 | AQ13: =AG13*About!$A$30 -> 8680701.6 | AR13: =AG50*About!$A$30 -> 8633478.6 | AS13: =AG87*About!$A$30 -> 8772369.8 | AT13: =AG124*About!$A$30 -> 8766814.2
A14: 上海 | B14: 2568 | D14: 2472 | F14: 81 | G14: 15 | J14: 上海 | K14: 830 | M14: 812 | O14: 17 | P14: 1 | S14: 上海 | T14: 3206 | V14: 3253 | X14: 2065 | Y14: 867 | Z14: 4.54 | AB14: 4.57 | AD14: 3.08 | AE14: 0.87 | AF14: 279.6 | AG14: 293 | AH14: 2634 | AI14: 2223 | AL14: 上海 | AM14: =AF14*About!$A$30 -> 7766797.3 | AN14: =AF51*About!$A$30 -> 7758463.9 | AO14: =AF88*About!$A$30 -> 7819576 | AP14: =AF125*About!$A$30 -> 7911244.2 | AQ14: =AG14*About!$A$30 -> 8139025.8 | AR14: =AG51*About!$A$30 -> 8141803.6 | AS14: =AG88*About!$A$30 -> 8202915.8 | AT14: =AG125*About!$A$30 -> 8314028.8
A15: 江苏 | B15: 12595 | C15: 260 | D15: 10034 | E15: 437 | F15: 1039 | G15: 815 | H15: 10 | J15: 江苏 | K15: 4998 | L15: 30 | M15: 4359 | N15: 329 | O15: 184 | P15: 95 | Q15: 1 | S15: 江苏 | T15: 3995 | U15: 1162 | V15: 4329 | W15: 7523 | X15: 1973 | Y15: 1192 | Z15: 4.33 | AA15: 0.06 | AB15: 4.36 | AC15: 6.62 | AD15: 1.54 | AE15: 1.4 | AF15: 277.5 | AG15: 290.2 | AH15: 15121 | AI15: 11988 | AL15: 江苏 | AM15: =AF15*About!$A$30 -> 7708463 | AN15: =AF52*About!$A$30 -> 7702907.4 | AO15: =AF89*About!$A$30 -> 7700129.5 | AP15: =AF126*About!$A$30 -> 7750130.4 | AQ15: =AG15*About!$A$30 -> 8061246.7 | AR15: =AG52*About!$A$30 -> 8061246.7 | AS15: =AG89*About!$A$30 -> 8061246.7 | AT15: =AG126*About!$A$30 -> 8119581
A16: 浙江 | B16: 8635 | C16: 947 | D16: 6192 | E16: 908 | F16: 159 | G16: 428 | J16: 浙江 | K16: 3399 | L16: 192 | M16: 2500 | N16: 629 | O16: 33 | P16: 45 | S16: 浙江 | T16: 3973 | U16: 2032 | V16: 4075 | W16: 6925 | X16: 2090 | Y16: 1104 | Z16: 4.96 | AA16: 0.45 | AB16: 5.07 | AC16: 6.09 | AD16: 1.15 | AE16: 1.15 | AF16: 281.9 | AG16: 296.7 | AH16: 8423 | AI16: 6891 | AL16: 浙江 | AM16: =AF16*About!$A$30 -> 7830687.3 | AN16: =AF53*About!$A$30 -> 7814020.3 | AO16: =AF90*About!$A$30 -> 7777908.6 | AP16: =AF127*About!$A$30 -> 7772353 | AQ16: =AG16*About!$A$30 -> 8241805.3 | AR16: =AG53*About!$A$30 -> 8225138.4 | AS16: =AG90*About!$A$30 -> 8152914.9 | AT16: =AG127*About!$A$30 -> 8166804.1
A17: 安徽 | B17: 6899 | C17: 274 | D17: 5492 | F17: 274 | G17: 859 | J17: 安徽 | K17: 2819 | L17: 39 | M17: 2646 | O17: 47 | P17: 86 | S17: 安徽 | T17: 4155 | U17: 1435 | V17: 4838 | X17: 1809 | Y17: 1102 | Z17: 4.62 | AA17: 2.21 | AB17: 4.72 | AD17: 1.77 | AE17: 2.89 | AF17: 283.2 | AG17: 296.5 | AH17: 10707 | AI17: 6941 | AL17: 安徽 | AM17: =AF17*About!$A$30 -> 7866799 | AN17: =AF54*About!$A$30 -> 7911244.2 | AO17: =AF91*About!$A$30 -> 7877910.3 | AP17: =AF128*About!$A$30 -> 7836242.9 | AQ17: =AG17*About!$A$30 -> 8236249.7 | AR17: =AG54*About!$A$30 -> 8272361.4 | AS17: =AG91*About!$A$30 -> 8241805.3 | AT17: =AG128*About!$A$30 -> 8205693.6
A18: 福建 | B18: 5404 | C18: 927 | D18: 3158 | E18: 871 | F18: 376 | G18: 72 | J18: 福建 | K18: 2427 | L18: 310 | M18: 1401 | N18: 621 | O18: 87 | P18: 7 | S18: 福建 | T18: 4449 | U18: 3345 | V18: 4299 | W18: 7131 | X18: 2639 | Y18: 1040 | Z18: 3.91 | AA18: 0.1 | AB18: 4.3 | AC18: 5.38 | AD18: 1.29 | AE18: 0.93 | AF18: 290 | AG18: 304.3 | AH18: 4840 | AI18: 3568 | AL18: 福建 | AM18: =AF18*About!$A$30 -> 8055691.1 | AN18: =AF55*About!$A$30 -> 8100136.3 | AO18: =AF92*About!$A$30 -> 8055691.1 | AP18: =AF129*About!$A$30 -> 8114025.4 | AQ18: =AG18*About!$A$30 -> 8452920 | AR18: =AG55*About!$A$30 -> 8489031.7 | AS18: =AG92*About!$A$30 -> 8444586.5 | AT18: =AG129*About!$A$30 -> 8494587.4
A19: 江西 | B19: 3317 | C19: 449 | D19: 2199 | F19: 286 | G19: 383 | J19: 江西 | K19: 1313 | L19: 103 | M19: 1125 | O19: 51 | P19: 33 | S19: 江西 | T19: 4112 | U19: 2420 | V19: 5153 | X19: 2028 | Y19: 1004 | Z19: 4.17 | AA19: 0.56 | AB19: 4.77 | AD19: 0.73 | AE19: 0.24 | AF19: 287.6 | AG19: 300.5 | AH19: 3990 | AI19: 2811 | AL19: 江西 | AM19: =AF19*About!$A$30 -> 7989023.3 | AN19: =AF56*About!$A$30 -> 7994578.9 | AO19: =AF93*About!$A$30 -> 7894577.3 | AP19: =AF130*About!$A$30 -> 7866799 | AQ19: =AG19*About!$A$30 -> 8347362.7 | AR19: =AG56*About!$A$30 -> 8352918.3 | AS19: =AG93*About!$A$30 -> 8255694.4 | AT19: =AG130*About!$A$30 -> 8216804.9
A20: 山东 | B20: 13144 | C20: 102 | D20: 10687 | E20: 250 | F20: 1354 | G20: 751 | J20: 山东 | K20: 5202 | L20: 5 | M20: 4672 | N20: 207 | O20: 225 | P20: 93 | S20: 山东 | T20: 4061 | U20: 473 | V20: 4443 | W20: 8296 | X20: 1863 | Y20: 1284 | Z20: 6.26 | AA20: 1.7 | AB20: 6.49 | AC20: 6.34 | AD20: 2.53 | AE20: 1.59 | AF20: 289 | AG20: 307.6 | AH20: 17916 | AI20: 12785 | AL20: 山东 | AM20: =AF20*About!$A$30 -> 8027912.8 | AN20: =AF57*About!$A$30 -> 7700129.5 | AO20: =AF94*About!$A$30 -> 7605683.5 | AP20: =AF131*About!$A$30 -> 7561238.3 | AQ20: =AG20*About!$A$30 -> 8544588.2 | AR20: =AG57*About!$A$30 -> 8164026.2 | AS20: =AG94*About!$A$30 -> 8039024.1 | AT20: =AG131*About!$A$30 -> 8008468.1
A21: 河南 | B21: 8833 | C21: 398 | D21: 7038 | F21: 794 | G21: 602 | J21: 河南 | K21: 2771 | L21: 142 | M21: 2477 | O21: 88 | P21: 64 | S21: 河南 | T21: 3213 | U21: 3571 | V21: 3523 | X21: 1480 | Y21: 1061 | Z21: 4.61 | AA21: 0.2 | AB21: 5.11 | AD21: 0.57 | AE21: 0.71 | AF21: 289.1 | AG21: 304.6 | AH21: 9834 | AI21: 6800 | AL21: 河南 | AM21: =AF21*About!$A$30 -> 8030690.7 | AN21: =AF58*About!$A$30 -> 8019579.4 | AO21: =AF95*About!$A$30 -> 7991801.1 | AP21: =AF132*About!$A$30 -> 8030690.7 | AQ21: =AG21*About!$A$30 -> 8461253.5 | AR21: =AG58*About!$A$30 -> 8430697.4 | AS21: =AG95*About!$A$30 -> 8422363.9 | AT21: =AG132*About!$A$30 -> 8477920.4
A22: 湖北 | B22: 7541 | C22: 3567 | D22: 3144 | F22: 405 | G22: 425 | J22: 湖北 | K22: 2934 | L22: 1339 | M22: 1481 | O22: 74 | P22: 40 | S22: 湖北 | T22: 3968 | U22: 3758 | V22: 4796 | X22: 1960 | Y22: 1103 | Z22: 2.64 | AA22: 0.11 | AB22: 5.08 | AD22: 2.37 | AE22: 0.99 | AF22: 287 | AG22: 302 | AH22: 5202 | AI22: 3943 | AL22: 湖北 | AM22: =AF22*About!$A$30 -> 7972356.3 | AN22: =AF59*About!$A$30 -> 7883466 | AO22: =AF96*About!$A$30 -> 7869576.8 | AP22: =AF133*About!$A$30 -> 7705685.2 | AQ22: =AG22*About!$A$30 -> 8389030 | AR22: =AG59*About!$A$30 -> 8294584 | AS22: =AG96*About!$A$30 -> 8280694.9 | AT22: =AG133*About!$A$30 -> 8116803.2
A23: 湖南 | B23: 4160 | C23: 1276 | D23: 2265 | F23: 424 | G23: 188 | H23: 6 | J23: 湖南 | K23: 1427 | L23: 435 | M23: 901 | O23: 75 | P23: 16 | Q23: 0.2 | S23: 湖南 | T23: 3483 | U23: 3421 | V23: 3978 | X23: 1960 | Y23: 905 | Z23: 3.8 | AA23: 0.75 | AB23: 5.45 | AD23: 0.72 | AE23: 1.56 | AF23: 293.8 | AG23: 309.6 | AH23: 3199 | AI23: 2405 | AL23: 湖南 | AM23: =AF23*About!$A$30 -> 8161248.4 | AN23: =AF60*About!$A$30 -> 8133470.2 | AO23: =AF97*About!$A$30 -> 8027912.8 | AP23: =AF134*About!$A$30 -> 8166804.1 | AQ23: =AG23*About!$A$30 -> 8600144.7 | AR23: =AG60*About!$A$30 -> 8566810.8 | AS23: =AG97*About!$A$30 -> 8439030.9 | AT23: =AG134*About!$A$30 -> 8619589.5
A24: 广东 | B24: 12134 | C24: 1079 | D24: 8617 | E24: 1614 | F24: 441 | G24: 382 | H24: 1 | J24: 广东 | K24: 4639 | L24: 208 | M24: 3216 | N24: 1106 | O24: 74 | P24: 34 | Q24: 0.1 | S24: 广东 | T24: 3957 | U24: 1932 | V24: 3841 | W24: 7600 | X24: 1761 | Y24: 915 | Z24: 4.83 | AA24: 0.46 | AB24: 4.92 | AC24: 5.66 | AD24: 3.19 | AE24: 0.32 | AF24: 284.1 | AG24: 298.8 | AH24: 10985 | AI24: 8803 | AL24: 广东 | AM24: =AF24*About!$A$30 -> 7891799.4 | AN24: =AF61*About!$A$30 -> 7802909 | AO24: =AF98*About!$A$30 -> 7766797.3 | AP24: =AF135*About!$A$30 -> 7744574.7 | AQ24: =AG24*About!$A$30 -> 8300139.6 | AR24: =AG61*About!$A$30 -> 8189026.7 | AS24: =AG98*About!$A$30 -> 8139025.8 | AT24: =AG135*About!$A$30 -> 8116803.2
A25: 广西 | B25: 4407 | C25: 1532 | D25: 2261 | E25: 217 | F25: 287 | G25: 110 | J25: 广西 | K25: 1801 | L25: 570 | M25: 986 | N25: 172 | O25: 61 | P25: 12 | S25: 广西 | T25: 4123 | U25: 3750 | V25: 4353 | W25: 7898 | X25: 2385 | Y25: 1097 | Z25: 3.6 | AA25: 0.41 | AB25: 5.85 | AC25: 5.86 | AD25: 1.08 | AE25: 1.1 | AF25: 292.9 | AG25: 310.2 | AH25: 3038 | AI25: 2017 | AL25: 广西 | AM25: =AF25*About!$A$30 -> 8136248 | AN25: =AF62*About!$A$30 -> 8166804.1 | AO25: =AF99*About!$A$30 -> 8105691.9 | AP25: =AF136*About!$A$30 -> 8086247.1 | AQ25: =AG25*About!$A$30 -> 8616811.6 | AR25: =AG62*About!$A$30 -> 8647367.7 | AS25: =AG99*About!$A$30 -> 8558477.3 | AT25: =AG136*About!$A$30 -> 8547366
A26: 海南 | B26: 877 | C26: 125 | D26: 464 | E26: 130 | F26: 29 | G26: 129 | J26: 海南 | K26: 340 | L26: 14 | M26: 212 | N26: 97 | O26: 5 | P26: 13 | S26: 海南 | T26: 3878 | U26: 1089 | V26: 4563 | W26: 7447 | X26: 1645 | Y26: 1023 | Z26: 6.91 | AA26: 0.47 | AB26: 7.58 | AC26: 7.36 | AD26: 1.46 | AE26: 1.36 | AF26: 280 | AG26: 302 | AH26: 771 | AI26: 568 | AL26: 海南 | AM26: =AF26*About!$A$30 -> 7777908.6 | AN26: =AF63*About!$A$30 -> 7805686.9 | AO26: =AF100*About!$A$30 -> 7555682.7 | AP26: =AF137*About!$A$30 -> 7472347.9 | AQ26: =AG26*About!$A$30 -> 8389030 | AR26: =AG63*About!$A$30 -> 8389030 | AS26: =AG100*About!$A$30 -> 8027912.8 | AT26: =AG137*About!$A$30 -> 8000134.6
A27: 重庆 | B27: 2315 | C27: 652 | D27: 1542 | F27: 63 | G27: 58 | J27: 重庆 | K27: 779 | L27: 212 | M27: 552 | O27: 11 | P27: 3 | S27: 重庆 | T27: 3393 | U27: 3273 | V27: 3584 | X27: 1996 | Y27: 606 | Z27: 5.3 | AA27: 0.49 | AB27: 7.14 | AD27: 1.5 | AE27: 0.97 | AF27: 294.8 | AG27: 317.5 | AH27: 2241 | AI27: 1724 | AL27: 重庆 | AM27: =AF27*About!$A$30 -> 8189026.7 | AN27: =AF64*About!$A$30 -> 8027912.8 | AO27: =AF101*About!$A$30 -> 7975134.2 | AP27: =AF138*About!$A$30 -> 7919577.7 | AQ27: =AG27*About!$A$30 -> 8819592.8 | AR27: =AG64*About!$A$30 -> 8655701.2 | AS27: =AG101*About!$A$30 -> 8544588.2 | AT27: =AG138*About!$A$30 -> 8486253.9
A28: 四川 | B28: 9442 | C28: 7391 | D28: 1548 | F28: 325 | G28: 179 | J28: 四川 | K28: 3745 | L28: 3166 | M28: 480 | O28: 71 | P28: 28 | S28: 四川 | T28: 3988 | U28: 4291 | V28: 3084 | X28: 2553 | Y28: 1554 | Z28: 0.65 | AA28: 0.1 | AB28: 4.38 | AD28: 0.19 | AE28: 0.19 | AF28: 303.3 | AG28: 322.3 | AH28: 1534 | AI28: 1074 | AL28: 四川 | AM28: =AF28*About!$A$30 -> 8425141.7 | AN28: =AF65*About!$A$30 -> 8505698.7 | AO28: =AF102*About!$A$30 -> 8414030.4 | AP28: =AF139*About!$A$30 -> 8116803.2 | AQ28: =AG28*About!$A$30 -> 8952928.4 | AR28: =AG65*About!$A$30 -> 9027929.7 | AS28: =AG102*About!$A$30 -> 8905705.4 | AT28: =AG139*About!$A$30 -> 8558477.3
A29: 贵州 | B29: 6314 | C29: 1938 | D29: 3410 | F29: 457 | G29: 510 | J29: 贵州 | K29: 2146 | L29: 659 | M29: 1390 | O29: 78 | P29: 20 | S29: 贵州 | T29: 3689 | U29: 3406 | V29: 4237 | X29: 1861 | Y29: 1092 | Z29: 5.17 | AA29: 0.17 | AB29: 7.82 | AD29: 1.31 | AE29: 0.9 | AF29: 300.4 | AG29: 324.6 | AH29: 6929 | AI29: 3716 | AL29: 贵州 | AM29: =AF29*About!$A$30 -> 8344584.8 | AN29: =AF66*About!$A$30 -> 8327917.9 | AO29: =AF103*About!$A$30 -> 8286250.5 | AP29: =AF140*About!$A$30 -> 8327917.9 | AQ29: =AG29*About!$A$30 -> 9016818.4 | AR29: =AG66*About!$A$30 -> 8983484.5 | AS29: =AG103*About!$A$30 -> 8944594.9 | AT29: =AG140*About!$A$30 -> 8986262.3
A30: 云南 | B30: 9341 | C30: 6649 | D30: 1480 | F30: 862 | G30: 350 | J30: 云南 | K30: 3368 | L30: 2768 | M30: 312 | O30: 242 | P30: 47 | S30: 云南 | T30: 3620 | U30: 4184 | V30: 2108 | X30: 2808 | Y30: 1350 | Z30: 0.85 | AA30: 0.15 | AB30: 8.12 | AD30: 1.01 | AE30: 0.87 | AF30: 307.9 | AG30: 334 | AH30: 1472 | AI30: 674 | AL30: 云南 | AM30: =AF30*About!$A$30 -> 8552921.7 | AN30: =AF67*About!$A$30 -> 8716813.3 | AO30: =AF104*About!$A$30 -> 8636256.4 | AP30: =AF141*About!$A$30 -> 8541810.4 | AQ30: =AG30*About!$A$30 -> 9277933.9 | AR30: =AG67*About!$A$30 -> 9402936 | AS30: =AG104*About!$A$30 -> 9336268.2 | AT30: =AG141*About!$A$30 -> 9225155.2
A31: 西藏 | B31: 322 | C31: 166 | D31: 41 | F31: 1 | G31: 110 | H31: 4 | J31: 西藏 | K31: 83 | L31: 68 | M31: 1 | O31: 0.2 | P31: 13 | Q31: 1 | S31: 西藏 | T31: 2638 | U31: 4116 | V31: 297 | X31: 2173 | Y31: 1210 | Z31: 0.52 | AA31: 0.55 | AB31: 0.28 | AF31: 366 | AG31: 385 | AI31: 0.5 | AL31: 西藏 | AM31: =AF31*About!$A$30 -> 10166838 | AN31: =AF68*About!$A$30 -> 10283506 | AO31: =AF105*About!$A$30 -> 10294618 | AQ31: =AG31*About!$A$30 -> 10694624 | AR31: =AG68*About!$A$30 -> 10808515 | AS31: =AG105*About!$A$30 -> 11675196
A32: 陕西 | B32: 6002 | C32: 294 | D32: 4370 | F32: 531 | G32: 806 | J32: 陕西 | K32: 2188 | L32: 108 | M32: 1913 | O32: 83 | P32: 83 | S32: 陕西 | T32: 3790 | U32: 3697 | V32: 4383 | X32: 1931 | Y32: 1273 | Z32: 6.23 | AA32: 0.8 | AB32: 6.95 | AD32: 2.36 | AE32: 1.65 | AF32: 300.2 | AG32: 322.2 | AH32: 6698 | AI32: 4438 | AL32: 陕西 | AM32: =AF32*About!$A$30 -> 8339029.2 | AN32: =AF69*About!$A$30 -> 8355696.1 | AO32: =AF106*About!$A$30 -> 8283472.7 | AP32: =AF143*About!$A$30 -> 8302917.5 | AQ32: =AG32*About!$A$30 -> 8950150.6 | AR32: =AG69*About!$A$30 -> 8952928.4 | AS32: =AG106*About!$A$30 -> 8850148.9 | AT32: =AG143*About!$A$30 -> 8847371.1
A33: 甘肃 | B33: 5046 | C33: 792 | D33: 2104 | F33: 1297 | G33: 852 | J33: 甘肃 | K33: 1568 | L33: 410 | M33: 817 | O33: 228 | P33: 112 | S33: 甘肃 | T33: 3274 | U33: 5180 | V33: 4236 | X33: 1787 | Y33: 1422 | Z33: 3.39 | AA33: 0.79 | AB33: 5.41 | AD33: 0.97 | AE33: 0.13 | AF33: 302.1 | AG33: 319.5 | AH33: 3756 | AI33: 2444 | AL33: 甘肃 | AM33: =AF33*About!$A$30 -> 8391807.8 | AN33: =AF70*About!$A$30 -> 8225138.4 | AO33: =AF107*About!$A$30 -> 8219582.7 | AP33: =AF144*About!$A$30 -> 8208471.4 | AQ33: =AG33*About!$A$30 -> 8875149.3 | AR33: =AG70*About!$A$30 -> 8700146.4 | AS33: =AG107*About!$A$30 -> 8686257.2 | AT33: =AG144*About!$A$30 -> 8691812.9
A34: 青海 | B34: 3147 | C34: 1192 | D34: 392 | F34: 462 | G34: 1102 | J34: 青海 | K34: 880 | L34: 554 | M34: 104 | O34: 66 | P34: 155 | S34: 青海 | T34: 2925 | U34: 4649 | V34: 2667 | X34: 1743 | Y34: 1487 | Z34: 0.82 | AA34: 0.19 | AB34: 6.4 | AD34: 0.32 | AE34: 0.46 | AF34: 305.6 | AG34: 325.3 | AH34: 414 | AI34: 291 | AL34: 青海 | AM34: =AF34*About!$A$30 -> 8489031.7 | AN34: =AF71*About!$A$30 -> 8322362.2 | AO34: =AF108*About!$A$30 -> 8466809.1 | AP34: =AF145*About!$A$30 -> 8466809.1 | AQ34: =AG34*About!$A$30 -> 9036263.1 | AR34: =AG71*About!$A$30 -> 8858482.4 | AS34: =AG108*About!$A$30 -> 9030707.5 | AT34: =AG145*About!$A$30 -> 9030707.5
A35: 宁夏 | B35: 5271 | C35: 42 | D35: 3218 | F35: 1116 | G35: 895 | J35: 宁夏 | K35: 1701 | L35: 22 | M35: 1381 | O35: 186 | P35: 112 | S35: 宁夏 | T35: 3476 | U35: 5161 | V35: 4603 | X35: 1811 | Y35: 1371 | Z35: 7.17 | AA35: 1.49 | AB35: 8.42 | AD35: 2.15 | AE35: 1.36 | AF35: 302 | AG35: 326 | AH35: 6432 | AI35: 3822 | AL35: 宁夏 | AM35: =AF35*About!$A$30 -> 8389030 | AN35: =AF72*About!$A$30 -> 8139025.8 | AO35: =AF109*About!$A$30 -> 8055691.1 | AP35: =AF146*About!$A$30 -> 8008468.1 | AQ35: =AG35*About!$A$30 -> 9055707.9 | AR35: =AG72*About!$A$30 -> 8750147.2 | AS35: =AG109*About!$A$30 -> 8639034.2 | AT35: =AG146*About!$A$30 -> 8689035.1
A36: 新疆 | B36: 9614 | C36: 773 | D36: 5813 | F36: 1956 | G36: 1072 | J36: 新疆 | K36: 3606 | L36: 290 | M36: 2777 | O36: 407 | P36: 132 | S36: 新疆 | T36: 3918 | U36: 3762 | V36: 5069 | X36: 2113 | Y36: 1284 | Z36: 6.79 | AA36: 0.2 | AB36: 8.43 | AD36: 2.1 | AE36: 1.2 | AF36: 288 | AG36: 307 | AH36: 5328 | AI36: 2910 | AL36: 新疆 | AM36: =AF36*About!$A$30 -> 8000134.6 | AN36: =AF73*About!$A$30 -> 8386252.2 | AO36: =AF110*About!$A$30 -> 8050135.4 | AP36: =AF147*About!$A$30 -> 8061246.7 | AQ36: =AG36*About!$A$30 -> 8527921.2 | AR36: =AG73*About!$A$30 -> 9130709.2 | AS36: =AG110*About!$A$30 -> 8661256.8 | AT36: =AG147*About!$A$30 -> 8705702
A38: 2-3分地区6000千瓦以上电厂发电装机容量 | J38: 2-4分地区6000千瓦以上电厂发电量 | S38: 2-7分地区6000千瓦及以上电厂发电技术经济指标
A39: 单位：亿千瓦时 | J39: 单位：亿千瓦时
A40: 地区 | B40: 合计 | C40: 其中 | J40: 地区 | K40: 合计 | L40: 其中 | T40: 利用小时（小时） | Z40: 厂用电率（％） | AF40: 发电标准煤耗 （克/千瓦时） | AG40: 供电标准煤耗 （克/千瓦时） | AH40: 发电消耗原煤量 （万吨） | AI40: 发电消耗标煤量 （万吨）
C41: 水电 | D41: 火电 | E41: 核电 | F41: 风电 | G41: 太阳能发电 | H41: 其他 | L41: 水电 | M41: 火电 | N41: 核电 | O41: 风电 | P41: 太阳能发电 | Q41: 其他 | T41: 合计 | U41: 水电 | V41: 火电 | W41: 核电 | X41: 风电 | Y41: 太阳能发电 | Z41: 合计 | AA41: 水电 | AB41: 火电 | AC41: 核电 | AD41: 风电 | AE41: 太阳能发电
A42: 全国 | B42: 209137 | C42: 33572 | D42: 124247 | E42: 4989 | F42: 28154 | G42: 18134 | H42: 40 | J42: 全国 | K42: 74521 | L42: 12555 | M42: 51656 | N42: 3662 | O42: 4663 | P42: 1982 | Q42: 3 | S42: 全国 | T42: 3756 | U42: 3825 | V42: 4211 | W42: 7450 | X42: 2078 | Y42: 1281 | Z42: 4.65 | AA42: 0.25 | AB42: 5.98 | AC42: 6.05 | AD42: 1.53 | AE42: 1.04 | AF42: 287.2 | AG42: 304.9 | AH42: 208088 | AI42: 139561
A43: 北京 | B43: 1261 | C43: 98 | D43: 1136 | F43: 18 | G43: 8 | J43: 北京 | K43: 450 | L43: 11 | M43: 434 | O43: 4 | P43: 1 | S43: 北京 | T43: 3570 | U43: 1156 | V43: 3823 | X43: 2005 | Y43: 1242 | Z43: 2.65 | AA43: 0.87 | AB43: 2.71 | AD43: 0.28 | AE43: 1.31 | AF43: 196.4 | AG43: 200.6 | AH43: 22 | AI43: 783
A44: 天津 | B44: 1884 | D44: 1666 | F44: 84 | G44: 134 | J44: 天津 | K44: 696 | M44: 668 | O44: 12 | P44: 16 | S44: 天津 | T44: 3743 | V44: 4015 | X44: 1769 | Y44: 1265 | Z44: 5.21 | AB44: 5.37 | AD44: 1.41 | AE44: 0.77 | AF44: 260.9 | AG44: 275.7 | AH44: 1996 | AI44: 1726
A45: 河北 | B45: 9272 | C45: 165 | D45: 5382 | F45: 2274 | G45: 1447 | H45: 4 | J45: 河北 | K45: 2871 | L45: 13 | M45: 2350 | O45: 368 | P45: 141 | S45: 河北 | T45: 3489 | U45: 780 | V45: 4447 | X45: 2145 | Y45: 1336 | Z45: 4.8 | AA45: 1.63 | AB45: 5.64 | AD45: 0.62 | AE45: 0.91 | AF45: 287.5 | AG45: 304.5 | AH45: 9523 | AI45: 6506
A46: 山西 | B46: 10081 | C46: 214 | D46: 6860 | F46: 1974 | G46: 1033 | J46: 山西 | K46: 3359 | L46: 46 | M46: 2920 | O46: 266 | P46: 129 | S46: 山西 | T46: 3557 | U46: 2142 | V46: 4403 | X46: 1680 | Y46: 1277 | Z46: 6.32 | AA46: 0.28 | AB46: 7.09 | AD46: 0.87 | AE46: 0.79 | AF46: 293.7 | AG46: 315.7 | AH46: 14578 | AI46: 8163
A47: 内蒙古 | B47: 14569 | C47: 238 | D47: 9370 | F47: 3785 | G47: 1176 | J47: 内蒙古 | K47: 5693 | L47: 57 | M47: 4730 | O47: 726 | P47: 180 | S47: 内蒙古 | T47: 4148 | U47: 2403 | V47: 5066 | X47: 2375 | Y47: 1654 | Z47: 6.05 | AA47: 0.67 | AB47: 7.01 | AD47: 1.2 | AE47: 0.77 | AF47: 298 | AG47: 321 | AH47: 27652 | AI47: 13599
A48: 辽宁 | B48: 5666 | C48: 288 | D48: 3638 | E48: 448 | F48: 979 | G48: 313 | J48: 辽宁 | K48: 2025 | L48: 53 | M48: 1409 | N48: 327 | O48: 194 | P48: 43 | S48: 辽宁 | T48: 3710 | U48: 1844 | V48: 3951 | W48: 7307 | X48: 2244 | Y48: 1453 | Z48: 5.46 | AA48: 1.47 | AB48: 5.96 | AC48: 6.28 | AD48: 1.91 | AE48: 1.47 | AF48: 284.4 | AG48: 302.1 | AH48: 6742 | AI48: 3950
A49: 吉林 | B49: 3189 | C49: 478 | D49: 1850 | F49: 577 | G49: 285 | J49: 吉林 | K49: 974 | L49: 84 | M49: 721 | O49: 130 | P49: 39 | S49: 吉林 | T49: 3137 | U49: 1900 | V49: 3909 | X49: 2309 | Y49: 1531 | Z49: 5.83 | AA49: 0.76 | AB49: 7.13 | AD49: 2.98 | AE49: 1.32 | AF49: 276.7 | AG49: 297.2 | AH49: 3814 | AI49: 1949
A50: 黑龙江 | B50: 3441 | C50: 101 | D50: 2416 | F50: 686 | G50: 238 | J50: 黑龙江 | K50: 1098 | L50: 29 | M50: 894 | O50: 141 | P50: 33 | S50: 黑龙江 | T50: 3356 | U50: 2901 | V50: 3822 | X50: 2266 | Y50: 1604 | Z50: 5.66 | AA50: 1.02 | AB50: 6.52 | AD50: 1.36 | AE50: 0.94 | AF50: 290.7 | AG50: 310.8 | AH50: 4448 | AI50: 2557
A51: 上海 | B51: 2558 | D51: 2447 | F51: 82 | G51: 28 | J51: 上海 | K51: 855 | M51: 835 | O51: 19 | P51: 2 | S51: 上海 | T51: 3357 | V51: 3411 | X51: 2289 | Y51: 861 | Z51: 4.69 | AB51: 4.74 | AD51: 2.89 | AE51: 0.88 | AF51: 279.3 | AG51: 293.1 | AH51: 2661 | AI51: 2300
A52: 江苏 | B52: 13336 | C52: 260 | D52: 10062 | E52: 549 | F52: 1545 | G52: 898 | H52: 23 | J52: 江苏 | K52: 5001 | L52: 32 | M52: 4285 | N52: 355 | O52: 229 | P52: 100 | Q52: 1 | S52: 江苏 | T52: 3902 | U52: 1217 | V52: 4262 | W52: 7499 | X52: 2001 | Y52: 1165 | Z52: 4.38 | AA52: 0.06 | AB52: 4.45 | AC52: 6.69 | AD52: 1.42 | AE52: 1.07 | AF52: 277.3 | AG52: 290.2 | AH52: 14605 | AI52: 11755
A53: 浙江 | B53: 8846 | C53: 950 | D53: 6339 | E53: 911 | F53: 185 | G53: 462 | J53: 浙江 | K53: 3384 | L53: 165 | M53: 2426 | N53: 712 | O53: 36 | P53: 44 | S53: 浙江 | T53: 3887 | U53: 1745 | V53: 3888 | W53: 7821 | X53: 2131 | Y53: 998 | Z53: 5.07 | AA53: 0.49 | AB53: 5.12 | AC53: 6.2 | AD53: 0.81 | AE53: 1.04 | AF53: 281.3 | AG53: 296.1 | AH53: 7938 | AI53: 6645
A54: 安徽 | B54: 7221 | C54: 393 | D54: 5529 | F54: 412 | G54: 887 | J54: 安徽 | K54: 2715 | L54: 51 | M54: 2519 | O54: 57 | P54: 89 | S54: 安徽 | T54: 3912 | U54: 1673 | V54: 4577 | X54: 1819 | Y54: 1071 | Z54: 4.45 | AA54: 0.78 | AB54: 4.49 | AD54: 4.41 | AE54: 1.87 | AF54: 284.8 | AG54: 297.8 | AH54: 9611 | AI54: 6550
A55: 福建 | B55: 5840 | C55: 937 | D55: 3470 | E55: 871 | F55: 486 | G55: 72 | H55: 3 | J55: 福建 | K55: 2535 | L55: 205 | M55: 1548 | N55: 652 | O55: 122 | P55: 8 | Q55: 0.2 | S55: 福建 | T55: 4477 | U55: 2196 | V55: 4610 | W55: 7474 | X55: 2880 | Y55: 1063 | Z55: 4.15 | AA55: 0.17 | AB55: 4.23 | AC55: 5.77 | AD55: 1.28 | AE55: 1.04 | AF55: 291.6 | AG55: 305.6 | AH55: 5650 | AI55: 4097
A56: 江西 | B56: 3912 | C56: 454 | D56: 2448 | F56: 510 | G56: 500 | J56: 江西 | K56: 1399 | L56: 95 | M56: 1196 | O56: 71 | P56: 38 | S56: 江西 | T56: 3969 | U56: 2094 | V56: 5144 | X56: 2104 | Y56: 917 | Z56: 4.45 | AA56: 0.78 | AB56: 4.94 | AD56: 0.79 | AE56: 0.83 | AF56: 287.8 | AG56: 300.7 | AH56: 4041 | AI56: 2931
A57: 山东 | B57: 14158 | C57: 102 | D57: 11107 | E57: 250 | F57: 1795 | G57: 905 | J57: 山东 | K57: 5665 | L57: 8 | M57: 5108 | N57: 191 | O57: 259 | P57: 99 | S57: 山东 | T57: 3969 | U57: 794 | V57: 4377 | W57: 7620 | X57: 1798 | Y57: 1225 | Z57: 6.64 | AA57: 1.18 | AB57: 6.87 | AC57: 6.37 | AD57: 2.87 | AE57: 2.61 | AF57: 277.2 | AG57: 293.9 | AH57: 18808 | AI57: 13318
A58: 河南 | B58: 9577 | C58: 398 | D58: 7057 | F58: 1518 | G58: 604 | J58: 河南 | K58: 2735 | L58: 137 | M58: 2396 | O58: 139 | P58: 63 | S58: 河南 | T58: 3006 | U58: 3430 | V58: 3330 | X58: 1536 | Y58: 1055 | Z58: 4.36 | AA58: 0.26 | AB58: 4.92 | AD58: 0.56 | AE58: 0.6 | AF58: 288.7 | AG58: 303.5 | AH58: 9355 | AI58: 6514
A59: 湖北 | B59: 7941 | C59: 3644 | D59: 3304 | F59: 502 | G59: 491 | J59: 湖北 | K59: 2985 | L59: 1618 | M59: 1238 | O59: 82 | P59: 46 | S59: 湖北 | T59: 3872 | U59: 4495 | V59: 3851 | X59: 1881 | Y59: 1013 | Z59: 2.18 | AA59: 0.11 | AB59: 5.07 | AD59: 2.23 | AE59: 0.72 | AF59: 283.8 | AG59: 298.6 | AH59: 4133 | AI59: 3192
A60: 湖南 | B60: 4413 | C60: 1244 | D60: 2253 | F60: 669 | G60: 242 | H60: 6 | J60: 湖南 | K60: 1430 | L60: 466 | M60: 844 | O60: 99 | P60: 20 | Q60: 0.5 | S60: 湖南 | T60: 3404 | U60: 3754 | V60: 3761 | X60: 2028 | Y60: 902 | Z60: 3.42 | AA60: 0.63 | AB60: 5.33 | AD60: 0.84 | AE60: 0.59 | AF60: 292.8 | AG60: 308.4 | AH60: 2796 | AI60: 2182
A61: 广东 | B61: 13415 | C61: 1167 | D61: 9576 | E61: 1614 | F61: 563 | G61: 495 | J61: 广东 | K61: 4904 | L61: 173 | M61: 3422 | N61: 1161 | O61: 102 | P61: 47 | S61: 广东 | T61: 3810 | U61: 1479 | V61: 3740 | W61: 7194 | X61: 2096 | Y61: 1020 | Z61: 4.93 | AA61: 0.63 | AB61: 4.94 | AC61: 5.75 | AD61: 3.47 | AE61: 2.83 | AF61: 280.9 | AG61: 294.8 | AH61: 10991 | AI61: 9173
A62: 广西 | B62: 4957 | C62: 1607 | D62: 2309 | E62: 217 | F62: 653 | G62: 170 | J62: 广西 | K62: 1903 | L62: 585 | M62: 1028 | N62: 168 | O62: 106 | P62: 15 | S62: 广西 | T62: 4129 | U62: 3714 | V62: 4492 | W62: 7752 | X62: 2744 | Y62: 1085 | Z62: 3.54 | AA62: 0.38 | AB62: 5.85 | AC62: 5.85 | AD62: 1.14 | AE62: 1 | AF62: 294 | AG62: 311.3 | AH62: 3097 | AI62: 2116
A63: 海南 | B63: 958 | C63: 125 | D63: 545 | E63: 130 | F63: 29 | G63: 129 | J63: 海南 | K63: 342 | L63: 12 | M63: 215 | N63: 96 | O63: 6 | P63: 14 | S63: 海南 | T63: 3631 | U63: 972 | V63: 4063 | W63: 7356 | X63: 1984 | Y63: 1061 | Z63: 6.68 | AA63: 0.5 | AB63: 7.34 | AC63: 7.11 | AD63: 1.36 | AE63: 1.25 | AF63: 281 | AG63: 302 | AH63: 707 | AI63: 560
A64: 重庆 | B64: 2349 | C64: 654 | D64: 1539 | F64: 96 | G64: 60 | J64: 重庆 | K64: 798 | L64: 244 | M64: 536 | O64: 14 | P64: 4 | S64: 重庆 | T64: 3392 | U64: 3730 | V64: 3403 | X64: 2149 | Y64: 655 | Z64: 5.1 | AA64: 0.41 | AB64: 7.24 | AD64: 1.53 | AE64: 0.75 | AF64: 289 | AG64: 311.6 | AH64: 2010 | AI64: 1630
A65: 四川 | B65: 9630 | C65: 7453 | D65: 1572 | F65: 426 | G65: 179 | J65: 四川 | K65: 4012 | L65: 3394 | M65: 506 | O65: 86 | P65: 26 | S65: 四川 | T65: 4223 | U65: 4571 | V65: 3247 | X65: 2537 | Y65: 1466 | Z65: 0.63 | AA65: 0.09 | AB65: 4.29 | AD65: 0.24 | AE65: 0.06 | AF65: 306.2 | AG65: 325 | AH65: 1554 | AI65: 1127
A66: 贵州 | B66: 7137 | C66: 1996 | D66: 3504 | F66: 580 | G66: 1057 | J66: 贵州 | K66: 2202 | L66: 725 | M66: 1335 | O66: 97 | P66: 45 | S66: 贵州 | T66: 3470 | U66: 3631 | V66: 3883 | X66: 2049 | Y66: 1032 | Z66: 4.97 | AA66: 0.16 | AB66: 8 | AD66: 1.1 | AE66: 1.12 | AF66: 299.8 | AG66: 323.4 | AH66: 6808 | AI66: 3755
A67: 云南 | B67: 9987 | C67: 7271 | D67: 1485 | F67: 881 | G67: 350 | J67: 云南 | K67: 3570 | L67: 2870 | M67: 404 | O67: 250 | P67: 47 | S67: 云南 | T67: 3754 | U67: 4221 | V67: 2721 | X67: 2857 | Y67: 1332 | Z67: 1.12 | AA67: 0.15 | AB67: 7.52 | AD67: 1.01 | AE67: 0.87 | AF67: 313.8 | AG67: 338.5 | AH67: 2045 | AI67: 991
A68: 西藏 | B68: 389 | C68: 206 | D68: 42 | F68: 1 | G68: 137 | H68: 4 | J68: 西藏 | K68: 86 | L68: 69 | M68: 1 | O68: 0.1 | P68: 14 | Q68: 1 | S68: 西藏 | T68: 2454 | U68: 3821 | V68: 313 | X68: 1890 | Y68: 1116 | Z68: 2.86 | AA68: 2.47 | AF68: 370.2 | AG68: 389.1 | AI68: 0.5
A69: 陕西 | B69: 7094 | C69: 296 | D69: 4980 | F69: 892 | G69: 926 | J69: 陕西 | K69: 2384 | L69: 105 | M69: 2080 | O69: 95 | P69: 104 | S69: 陕西 | T69: 3646 | U69: 3515 | V69: 4234 | X69: 1748 | Y69: 1392 | Z69: 6.09 | AA69: 0.83 | AB69: 6.79 | AD69: 2.41 | AE69: 1.56 | AF69: 300.8 | AG69: 322.3 | AH69: 7599 | AI69: 4998
A70: 甘肃 | B70: 5385 | C70: 796 | D70: 2308 | F70: 1373 | G70: 908 | J70: 甘肃 | K70: 1690 | L70: 418 | M70: 901 | O70: 246 | P70: 125 | S70: 甘肃 | T70: 3452 | U70: 5247 | V70: 4550 | X70: 1904 | Y70: 1511 | Z70: 3.36 | AA70: 1.06 | AB70: 5.45 | AD70: 1.25 | AE70: 0.08 | AF70: 296.1 | AG70: 313.2 | AH70: 4139 | AI70: 2631
A71: 青海 | B71: 3992 | C71: 1193 | D71: 392 | F71: 843 | G71: 1565 | J71: 青海 | K71: 943 | L71: 599 | M71: 101 | O71: 81 | P71: 162 | S71: 青海 | T71: 2847 | U71: 5024 | V71: 2572 | X71: 1474 | Y71: 1376 | Z71: 0.88 | AA71: 0.18 | AB71: 6.09 | AD71: 0.36 | AE71: 0.5 | AF71: 299.6 | AG71: 318.9 | AH71: 406 | AI71: 282
A72: 宁夏 | B72: 5917 | C72: 42 | D72: 3325 | F72: 1377 | G72: 1173 | J72: 宁夏 | K72: 1764 | L72: 22 | M72: 1415 | O72: 194 | P72: 133 | S72: 宁夏 | T72: 3281 | U72: 5312 | V72: 4411 | X72: 1653 | Y72: 1393 | Z72: 6.87 | AA72: 1.4 | AB72: 8.15 | AD72: 2.1 | AE72: 1.23 | AF72: 293 | AG72: 315 | AH72: 6794 | AI72: 3941
A73: 新疆 | B73: 10763 | C73: 800 | D73: 6337 | F73: 2361 | G73: 1266 | J73: 新疆 | K73: 4052 | L73: 268 | M73: 3193 | O73: 434 | P73: 157 | S73: 新疆 | T73: 4065 | U73: 3430 | V73: 5260 | X73: 2153 | Y73: 1396 | Z73: 6.81 | AA73: 0.32 | AB73: 8.15 | AD73: 2.69 | AE73: 1.73 | AF73: 301.9 | AG73: 328.7 | AH73: 13565 | AI73: 9640
A75: 2-3分地区6000千瓦以上电厂发电装机容量 | J75: 2-4分地区6000千瓦以上电厂发电量 | S75: 2-7分地区6000千瓦及以上电厂发电技术经济指标
A76: 单位：亿千瓦时 | J76: 单位：亿千瓦时
A77: 地区 | B77: 合计 | C77: 其中 | J77: 地区 | K77: 合计 | L77: 其中 | T77: 利用小时（小时） | Z77: 厂用电率（％） | AF77: 发电标准煤耗 （克/千瓦时） | AG77: 供电标准煤耗 （克/千瓦时） | AH77: 发电消耗原煤量 （万吨） | AI77: 发电消耗标煤量 （万吨）
C78: 水电 | D78: 火电 | E78: 核电 | F78: 风电 | G78: 太阳能发电 | H78: 其他 | L78: 水电 | M78: 火电 | N78: 核电 | O78: 风电 | P78: 太阳能发电 | Q78: 其他 | T78: 合计 | U78: 水电 | V78: 火电 | W78: 核电 | X78: 风电 | Y78: 太阳能发电 | Z78: 合计 | AA78: 水电 | AB78: 火电 | AC78: 核电 | AD78: 风电 | AE78: 太阳能发电
A79: 全国 | B79: 223634 | C79: 35618 | D79: 129345 | E79: 5326 | F79: 32837 | G79: 20416 | H79: 91 | J79: 全国 | K79: 82023 | L79: 12459 | M79: 56537 | N79: 4075 | O79: 6554 | P79: 2396 | Q79: 2 | S79: 全国 | T79: 3813 | U79: 3606 | V79: 4444 | W79: 7802 | X79: 2231 | Y79: 1282 | Z79: 4.36 | AA79: 0.26 | AB79: 5.59 | AC79: 5.77 | AD79: 1.11 | AE79: 0.73 | AF79: 284.8 | AG79: 301.5 | AH79: 225019 | AI79: 148207
A80: 北京 | B80: 1266 | C80: 98 | D80: 1136 | F80: 23 | G80: 8 | J80: 北京 | K80: 465 | L80: 14 | M80: 446 | O80: 4 | P80: 1 | S80: 北京 | T80: 3685 | U80: 1380 | V80: 3929 | X80: 2057 | Y80: 1186 | Z80: 2.71 | AA80: 0.78 | AB80: 2.79 | AD80: 0.33 | AE80: 1.11 | AF80: 209.8 | AG80: 215.3 | AH80: 30 | AI80: 905
A81: 天津 | B81: 2151 | D81: 1882 | F81: 130 | G81: 140 | J81: 天津 | K81: 773 | M81: 738 | O81: 18 | P81: 17 | S81: 天津 | T81: 3655 | V81: 3921 | X81: 1883 | Y81: 1235 | Z81: 5.31 | AB81: 5.49 | AD81: 1.81 | AE81: 1.14 | AF81: 274.8 | AG81: 290.6 | AH81: 2161 | AI81: 1989
A82: 河北 | B82: 9792 | C82: 163 | D82: 5415 | F82: 2546 | G82: 1664 | H82: 4 | J82: 河北 | K82: 2954 | L82: 19 | M82: 2257 | O82: 511 | P82: 166 | S82: 河北 | T82: 3139 | U82: 1143 | V82: 4160 | X82: 2208 | Y82: 1108 | Z82: 4.53 | AA82: 1.14 | AB82: 5.62 | AD82: 0.7 | AE82: 1.06 | AF82: 284.4 | AG82: 301.2 | AH82: 9285 | AI82: 6148
A83: 山西 | B83: 10959 | C83: 215 | D83: 7515 | F83: 2123 | G83: 1106 | J83: 山西 | K83: 3797 | L83: 37 | M83: 3141 | O83: 469 | P83: 150 | S83: 山西 | T83: 3601 | U83: 1706 | V83: 4364 | X83: 2348 | Y83: 1345 | Z83: 5.92 | AA83: 0.44 | AB83: 6.94 | AD83: 0.68 | AE83: 0.79 | AF83: 294.7 | AG83: 316.5 | AH83: 15931 | AI83: 8672
A84: 内蒙古 | B84: 15403 | C84: 238 | D84: 9828 | F84: 3993 | G84: 1341 | H84: 3 | J84: 内蒙古 | K84: 5999 | L84: 61 | M84: 4768 | O84: 966 | P84: 204 | S84: 内蒙古 | T84: 3980 | U84: 2581 | V84: 4994 | X84: 2429 | Y84: 1563 | Z84: 5.69 | AA84: 0.63 | AB84: 6.67 | AD84: 0.92 | AE84: 0.68 | AF84: 290.2 | AG84: 311.8 | AH84: 27225 | AI84: 13794
A85: 辽宁 | B85: 6011 | C85: 288 | D85: 3732 | E85: 558 | F85: 1081 | G85: 354 | J85: 辽宁 | K85: 2142 | L85: 74 | M85: 1397 | N85: 400 | O85: 227 | P85: 44 | S85: 辽宁 | T85: 3701 | U85: 2554 | V85: 3787 | W85: 8027 | X85: 2292 | Y85: 1394 | Z85: 5.42 | AA85: 1.33 | AB85: 6.03 | AC85: 6.14 | AD85: 1.84 | AE85: 1.39 | AF85: 283.8 | AG85: 301.4 | AH85: 6659 | AI85: 3721
A86: 吉林 | B86: 3394 | C86: 587 | D86: 1853 | F86: 665 | G86: 290 | J86: 吉林 | K86: 965 | L86: 94 | M86: 688 | O86: 138 | P86: 46 | S86: 吉林 | T86: 2963 | U86: 1748 | V86: 3745 | X86: 2298 | Y86: 1602 | Z86: 5.7 | AA86: 0.77 | AB86: 7.16 | AD86: 2.71 | AE86: 1.23 | AF86: 276.6 | AG86: 297.5 | AH86: 3742 | AI86: 1872
A87: 黑龙江 | B87: 3839 | C87: 161 | D87: 2524 | F87: 820 | G87: 333 | J87: 黑龙江 | K87: 1131 | L87: 24 | M87: 905 | O87: 161 | P87: 41 | S87: 黑龙江 | T87: 3176 | U87: 2317 | V87: 3664 | X87: 2209 | Y87: 1589 | Z87: 5.74 | AA87: 1.31 | AB87: 6.84 | AD87: 1.34 | AE87: 0.85 | AF87: 294.4 | AG87: 315.8 | AH87: 4698 | AI87: 2608
A88: 上海 | B88: 2649 | D88: 2507 | F88: 107 | G88: 35 | J88: 上海 | K88: 995 | M88: 973 | O88: 18 | P88: 4 | S88: 上海 | T88: 3860 | V88: 3951 | X88: 2189 | Y88: 1171 | Z88: 4.65 | AB88: 4.69 | AD88: 2.93 | AE88: 0.8 | AF88: 281.5 | AG88: 295.3 | AH88: 3326 | AI88: 2697
A89: 江苏 | B89: 14438 | C89: 260 | D89: 10304 | E89: 661 | F89: 2232 | G89: 959 | H89: 23 | J89: 江苏 | K89: 5780 | L89: 30 | M89: 4734 | N89: 485 | O89: 415 | P89: 114 | Q89: 0.6 | S89: 江苏 | T89: 4183 | U89: 1171 | V89: 4619 | W89: 7846 | X89: 2390 | Y89: 1238 | Z89: 4.3 | AA89: 0.06 | AB89: 4.5 | AC89: 5.8 | AD89: 1.43 | AE89: 1.19 | AF89: 277.2 | AG89: 290.2 | AH89: 16883 | AI89: 13010
A90: 浙江 | B90: 9359 | C90: 1056 | D90: 6442 | E90: 911 | F90: 364 | G90: 587 | J90: 浙江 | K90: 4064 | L90: 183 | M90: 3046 | N90: 733 | O90: 49 | P90: 53 | S90: 浙江 | T90: 4483 | U90: 1770 | V90: 4761 | W90: 8047 | X90: 2111 | Y90: 1069 | Z90: 4.84 | AA90: 0.5 | AB90: 4.86 | AC90: 6.1 | AD90: 0.96 | AE90: 0.79 | AF90: 280 | AG90: 293.5 | AH90: 10184 | AI90: 8271
A91: 安徽 | B91: 7647 | C91: 425 | D91: 5707 | F91: 511 | G91: 1003 | J91: 安徽 | K91: 2969 | L91: 66 | M91: 2689 | O91: 107 | P91: 106 | S91: 安徽 | T91: 3955 | U91: 1565 | V91: 4739 | X91: 2259 | Y91: 1128 | Z91: 4.32 | AA91: 0.58 | AB91: 4.51 | AD91: 1.49 | AE91: 0.92 | AF91: 283.6 | AG91: 296.7 | AH91: 10377 | AI91: 6974
A92: 福建 | B92: 6396 | C92: 1009 | D92: 3588 | E92: 986 | F92: 735 | G92: 75 | H92: 3 | J92: 福建 | K92: 2834 | L92: 197 | M92: 1700 | N92: 777 | O92: 152 | P92: 8 | S92: 福建 | T92: 4672 | U92: 2070 | V92: 4877 | W92: 7896 | X92: 2703 | Y92: 1090 | Z92: 4.85 | AA92: 0.43 | AB92: 4.68 | AC92: 5.68 | AD92: 1.37 | AE92: 0.93 | AF92: 290 | AG92: 304 | AH92: 6457 | AI92: 4575
A93: 江西 | B93: 4295 | C93: 469 | D93: 2704 | F93: 547 | G93: 575 | J93: 江西 | K93: 1547 | L93: 88 | M93: 1303 | O93: 104 | P93: 52 | S93: 江西 | T93: 3849 | U93: 1907 | V93: 5170 | X93: 2012 | Y93: 1007 | Z93: 4.61 | AA93: 0.8 | AB93: 5.19 | AD93: 0.9 | AE93: 0.87 | AF93: 284.2 | AG93: 297.2 | AH93: 4267 | AI93: 3054
A94: 山东 | B94: 15000 | C94: 162 | D94: 11571 | E94: 250 | F94: 1942 | G94: 1044 | H94: 31 | J94: 山东 | K94: 5988 | L94: 12 | M94: 5260 | N94: 197 | O94: 409 | P94: 111 | S94: 山东 | T94: 4086 | U94: 974 | V94: 4553 | W94: 7867 | X94: 2250 | Y94: 1211 | Z94: 5.97 | AA94: 1.02 | AB94: 6.21 | AC94: 6.39 | AD94: 2.31 | AE94: 1.8 | AF94: 273.8 | AG94: 289.4 | AH94: 19043 | AI94: 13533
A95: 河南 | B95: 10163 | C95: 398 | D95: 7289 | F95: 1850 | G95: 626 | J95: 河南 | K95: 2851 | L95: 111 | M95: 2347 | O95: 328 | P95: 64 | S95: 河南 | T95: 2929 | U95: 2799 | V95: 3273 | X95: 2120 | Y95: 1046 | Z95: 4.36 | AA95: 0.26 | AB95: 4.92 | AD95: 0.56 | AE95: 0.6 | AF95: 287.7 | AG95: 303.2 | AH95: 9534 | AI95: 6383
A96: 湖北 | B96: 8458 | C96: 3658 | D96: 3357 | F96: 720 | G96: 722 | J96: 湖北 | K96: 3238 | L96: 1573 | M96: 1467 | O96: 134 | P96: 64 | S96: 湖北 | T96: 3946 | U96: 4309 | V96: 4399 | X96: 2132 | Y96: 1075 | Z96: 2.43 | AA96: 0.12 | AB96: 5.07 | AD96: 1.92 | AE96: 0.66 | AF96: 283.3 | AG96: 298.1 | AH96: 4994 | AI96: 3798
A97: 湖南 | B97: 4814 | C97: 1247 | D97: 2488 | F97: 803 | G97: 265 | H97: 12 | J97: 湖南 | K97: 1618 | L97: 424 | M97: 1019 | O97: 150 | P97: 25 | Q97: 0.5 | S97: 湖南 | T97: 3564 | U97: 3398 | V97: 4391 | X97: 2080 | Y97: 1040 | Z97: 3.64 | AA97: 0.67 | AB97: 5.38 | AD97: 0.78 | AE97: 0.46 | AF97: 289 | AG97: 303.8 | AH97: 3627 | AI97: 2745
A98: 广东 | B98: 14829 | C98: 1237 | D98: 10248 | E98: 1614 | F98: 1194 | G98: 536 | J98: 广东 | K98: 6028 | L98: 143 | M98: 4484 | N98: 1204 | O98: 136 | P98: 61 | S98: 广东 | T98: 4297 | U98: 1222 | V98: 4484 | W98: 7462 | X98: 1880 | Y98: 1171 | Z98: 4.45 | AA98: 0.89 | AB98: 4.53 | AC98: 5.28 | AD98: 0.26 | AE98: 0.11 | AF98: 279.6 | AG98: 293 | AH98: 14967 | AI98: 11982
A99: 广西 | B99: 5302 | C99: 1615 | D99: 2446 | E99: 217 | F99: 755 | G99: 267 | J99: 广西 | K99: 1979 | L99: 493 | M99: 1118 | N99: 181 | O99: 161 | P99: 25 | S99: 广西 | T99: 3864 | U99: 3061 | V99: 4689 | W99: 8345 | X99: 2324 | Y99: 1169 | Z99: 3.62 | AA99: 0.43 | AB99: 5.68 | AC99: 5.67 | AD99: 1.12 | AE99: 1.18 | AF99: 291.8 | AG99: 308.1 | AH99: 3323 | AI99: 2222
A100: 海南 | B100: 1012 | C100: 127 | D100: 598 | E100: 130 | F100: 29 | G100: 129 | J100: 海南 | K100: 385 | L100: 14 | M100: 254 | N100: 98 | O100: 5 | P100: 15 | S100: 海南 | T100: 3937 | U100: 1080 | V100: 4510 | W100: 7510 | X100: 1743 | Y100: 1148 | Z100: 6.4 | AA100: 0.45 | AB100: 6.79 | AC100: 7.27 | AD100: 1.39 | AE100: 1.17 | AF100: 272 | AG100: 289 | AH100: 794 | AI100: 621
A101: 重庆 | B101: 2427 | C101: 657 | D101: 1548 | F101: 168 | G101: 54 | J101: 重庆 | K101: 940 | L101: 247 | M101: 666 | O101: 23 | P101: 4 | S101: 重庆 | T101: 3975 | U101: 3763 | V101: 4314 | X101: 2145 | Y101: 722 | Z101: 4.93 | AA101: 0.42 | AB101: 6.66 | AD101: 1.45 | AE101: 0.76 | AF101: 287.1 | AG101: 307.6 | AH101: 2476 | AI101: 2005
A102: 四川 | B102: 10961 | C102: 8455 | D102: 1800 | F102: 527 | G102: 179 | J102: 四川 | K102: 4375 | L102: 3588 | M102: 649 | O102: 109 | P102: 29 | S102: 四川 | T102: 4321 | U102: 4574 | V102: 3954 | X102: 2377 | Y102: 1591 | Z102: 0.68 | AA102: 0.06 | AB102: 4.21 | AD102: 0.2 | AE102: 0.08 | AF102: 302.9 | AG102: 320.6 | AH102: 2097 | AI102: 1472
...

Sheet Updated Calculation
A1: 地区 | B1: 全国
I2: 能源名称 | J2: 平均低位发热量 | K2: 单位 | L2: 折合标煤
A3: 求和项:实物消费量 | C3: 年份 | I3: 原煤 | J3: 20934 | K3: kJ/kg | L3: 0.7143 | M3: kgce/kg
A4: 能源品种2 | B4: 能源品种 | C4: 2019 | D4: 2020 | E4: 2021 | F4: 2022 | G4: 总计 | I4: 洗精煤 | J4: 26377 | K4: kJ/kg
A5: 0 | C5: -2988.52 | D5: -3514.76 | E5: -3433.06 | G5: -9936.34 | I5: 洗中煤 | J5: 8374 | K5: kJ/kg
B6: 高炉煤气(亿立方米) | C6: -2451.35 | D6: -2932.52 | E6: -2864.19 | G6: -8248.06 | I6: 煤泥 | J6: 8374 | K6: kJ/kg
B7: 焦炉煤气(亿立方米) | C7: -208.01 | D7: -217.85 | E7: -216.45 | G7: -642.31 | I7: 煤矸石 | J7: 8374 | K7: kJ/kg
B8: 其他煤气(亿立方米) | C8: -0.13 | D8: -3.48 | E8: -11.1 | G8: -14.71 | I8: 焦炭 | J8: 28470 | K8: kJ/kg
B9: 转炉煤气(亿立方米) | C9: -329.03 | D9: -360.91 | E9: -341.32 | G9: -1031.26 | I9: 煤焦油 | J9: 33494 | K9: kJ/kg
A10: 电力 | C10: 52201.48 | D10: 53302.48 | E10: 58058.68 | F10: 58887.95 | G10: 222450.59 | I10: 原油 | J10: 41868 | K10: kJ/kg
B11: 电力(亿千瓦小时) | C11: 52201.48 | D11: 53302.48 | E11: 58058.68 | F11: 58887.95 | G11: 222450.59 | I11: 燃料油 | J11: 41868 | K11: kJ/kg
A12: 煤矸石 | C12: -2467.05 | D12: -2087.61 | E12: -1633.34 | F12: -1752.47 | G12: -7940.47 | I12: 汽油 | J12: 43124 | K12: kJ/kg
B13: 煤矸石(万吨) | C13: -2467.05 | D13: -2087.61 | E13: -1633.34 | F13: -1752.47 | G13: -7940.47 | I13: 煤油 | J13: 43124 | K13: kJ/kg
A14: 其他 | C14: -111630.52 | D14: -127833.91 | E14: -136451.15 | F14: -150981.42 | G14: -526897 | I14: 柴油 | J14: 42705 | K14: kJ/kg
B15: 热力(万百万千焦) | C15: -111630.52 | D15: -127833.91 | E15: -136451.15 | F15: -150981.42 | G15: -526897 | I15: 天然气 | J15: 32238 | K15: kJ/m³
A16: 燃煤 | C16: -210184.3 | D16: -211884.9 | E16: -233675.71 | F16: -237955.26 | G16: -893700.17 | I16: 液化天然气 | J16: 51498 | K16: kJ/kg
B17: 焦炭(万吨) | C17: -25.3 | D17: -250.03 | E17: -188.96 | F17: -142.16 | G17: -606.45 | I17: 液化石油气 | J17: 50242 | K17: kJ/kg
B18: 其他洗煤(万吨) | C18: -4641.77 | D18: -4789.09 | E18: -5480.94 | F18: -5600 | G18: -20511.8 | I18: 炼厂干气 | J18: 46055 | K18: kJ/kg
B19: 原煤(万吨) | C19: -205517.23 | D19: -206845.78 | E19: -228005.81 | F19: -232213.1 | G19: -872581.92 | I19: 焦炉煤气 | J19: 16747 | K19: kJ/m³
A20: 燃气 | C20: -623.26 | D20: -764.13 | E20: -763.41 | F20: -686.84 | G20: -2837.64 | I20: 高炉煤气 | J20: 3768 | K20: kJ/m³
B21: 天然气(亿立方米) | C21: -391.87 | D21: -411.37 | E21: -472.14 | F21: -468.76 | G21: -1744.14 | I21: 发生炉煤气 | J21: 5234 | K21: kJ/m³
B22: 液化石油气(万吨) | C22: -0.11 | D22: -0.14 | E22: -0.15 | F22: -3.89 | G22: -4.29 | I22: 重油催化裂解煤气 | J22: 19259 | K22: kJ/m³
B23: 液化天然气(万吨) | C23: -231.28 | D23: -352.62 | E23: -291.12 | F23: -214.19 | G23: -1089.21 | I23: 重油热裂解煤气 | J23: 35588 | K23: kJ/m³
A24: 燃油 | C24: -308.16 | D24: -321.41 | E24: -324.09 | F24: -238.54 | G24: -1192.2 | I24: 焦炭制气 | J24: 16329 | K24: kJ/m³
B25: 柴油(万吨) | C25: -24.18 | D25: -27.58 | E25: -28.88 | F25: -29.84 | G25: -110.48 | I25: 压力气化煤气 | J25: 15072 | K25: kJ/m³
B26: 炼厂干气(万吨) | C26: -52.59 | D26: -50.19 | E26: -45.18 | F26: -43.44 | G26: -191.4 | I26: 水煤气 | J26: 10467 | K26: kJ/m³
B27: 其他石油制品(万吨) | C27: -8.25 | D27: -7.78 | E27: -7.07 | F27: -2.65 | G27: -25.75 | I27: 粗苯 | J27: 41868 | K27: kJ/kg
B28: 燃料油(万吨) | C28: -13.94 | D28: -29.43 | E28: -24.54 | F28: -18.09 | G28: -86 | I28: 甲醇 | J28: 19913 | K28: kJ/kg
B29: 石脑油(万吨) | C29: -12.01 | F29: 0 | G29: -12.01 | I29: 沼气 | J29: 20934 | K29: kJ/m³
B30: 石油焦(万吨) | C30: -181.18 | D30: -189.88 | E30: -206.07 | F30: -143.14 | G30: -720.27 | I30: 石油焦 | J30: 31966 | K30: kJ/kg
B31: 原油(万吨) | C31: -16.01 | D31: -16.55 | E31: -12.35 | F31: -1.38 | G31: -46.29 | I31: 石脑油 | J31: 45606 | K31: kJ/kg
A32: 生物质 | C32: -1567.97 | D32: -2017.84 | E32: -2904.4 | F32: -4828.05 | G32: -11318.26 | I32: 其他石油制品 | J32: 41003 | K32: kJ/kg
B33: 其他能源(万吨标准煤) | C33: -1567.97 | D33: -2017.84 | E33: -2904.4 | F33: -4828.05 | G33: -11318.26 | I33: 其他洗煤 | J33: 17782 | K33: kJ/kg
A34: 总计 | C34: -277568.3 | D34: -295122.08 | E34: -321126.48 | F34: -337554.63 | G34: -1231371.5
A36: 1kj = | B36: 0.947817 | C36: BTU
I37: 总热量 (BTU)
D38: 2019 | E38: 2020 | F38: 2021 | G38: 2022 | H38: 平均低位发热量 | I38: 2019 | J38: 2020 | K38: 2021 | L38: 2022
A39: 燃煤
B40: 焦炭 | C40: 万吨) | D40: -25.3 | E40: -250.03 | F40: -188.96 | G40: -142.16 | H40: =VLOOKUP(B40,$I$2:$K$33,2,FALSE) -> 28470 | I40: =$H40*ABS(D40)*10000*1000*$B$36 -> 6827040547470 | J40: =$H40*ABS(E40)*10000*1000*$B$36 -> 67468970279997 | K40: =$H40*ABS(F40)*10000*1000*$B$36 -> 50989627741104 | L40: =$H40*ABS(G40)*10000*1000*$B$36 -> 38360951945784
B41: 其他洗煤 | C41: 万吨) | D41: -4641.77 | E41: -4789.09 | F41: -5480.94 | G41: -5600 | H41: =VLOOKUP(B41,$I$2:$K$33,2,FALSE) -> 17782 | I41: =$H41*ABS(D41)*10000*1000*$B$36 -> 782327717131124 | J41: =$H41*ABS(E41)*10000*1000*$B$36 -> 807157150577365 | K41: =$H41*ABS(F41)*10000*1000*$B$36 -> 923762116161004 | L41: =$H41*ABS(G41)*10000*1000*$B$36 -> 943828586064000
B42: 原煤 | C42: 万吨) | D42: -205517.23 | E42: -206845.78 | F42: -228005.81 | G42: -232213.1 | H42: =VLOOKUP(B42,$I$2:$K$33,2,FALSE) -> 20934 | I42: =$H42*ABS(D42)*10000*1000*$B$36 -> 4.0777909e+16 | J42: =$H42*ABS(E42)*10000*1000*$B$36 -> 4.1041515e+16 | K42: =$H42*ABS(F42)*10000*1000*$B$36 -> 4.5240003e+16 | L42: =$H42*ABS(G42)*10000*1000*$B$36 -> 4.6074797e+16
A43: 燃气
B44: 天然气 | C44: 亿立方米) | D44: -391.87 | E44: -411.37 | F44: -472.14 | G44: -468.76 | H44: =VLOOKUP(B44,$I$2:$K$33,2,FALSE) -> 32238 | I44: =$H44*ABS(D44)*10^8*$B$36 -> 1.1973872e+15 | J44: =$H44*ABS(E44)*10^8*$B$36 -> 1.2569708e+15 | K44: =$H44*ABS(F44)*10^8*$B$36 -> 1.442658e+15 | L44: =$H44*ABS(G44)*10^8*$B$36 -> 1.4323301e+15
B45: 液化石油气 | C45: 万吨) | D45: -0.11 | E45: -0.14 | F45: -0.15 | G45: -3.89 | H45: =VLOOKUP(B45,$I$2:$K$33,2,FALSE) -> 50242 | I45: =$H45*ABS(D45)*10000*1000*$B$36 -> 5.2382244e+10 | J45: =$H45*ABS(E45)*10000*1000*$B$36 -> 6.666831e+10 | K45: =$H45*ABS(F45)*10000*1000*$B$36 -> 71430332571 | L45: =$H45*ABS(G45)*10000*1000*$B$36 -> 1.8524266e+12
B46: 液化天然气 | C46: 万吨) | D46: -231.28 | E46: -352.62 | F46: -291.12 | G46: -214.19 | H46: =VLOOKUP(B46,$I$2:$K$33,2,FALSE) -> 51498 | I46: =$H46*ABS(D46)*10000*1000*$B$36 -> 112889340394085 | J46: =$H46*ABS(E46)*10000*1000*$B$36 -> 172116219343489 | K46: =$H46*ABS(F46)*10000*1000*$B$36 -> 142097651225899 | L46: =$H46*ABS(G46)*10000*1000*$B$36 -> 104547595204985
A47: 燃油
B48: 柴油 | C48: 万吨) | D48: -24.18 | E48: -27.58 | F48: -28.88 | G48: -29.84 | H48: =VLOOKUP(B48,$I$2:$K$33,2,FALSE) -> 42705 | I48: =$H48*ABS(D48)*10000*1000*$B$36 -> 9787223741373 | J48: =$H48*ABS(E48)*10000*1000*$B$36 -> 11163425590863 | K48: =$H48*ABS(F48)*10000*1000*$B$36 -> 11689620415668 | L48: =$H48*ABS(G48)*10000*1000*$B$36 -> 12078195055524
B49: 炼厂干气 | C49: 万吨) | D49: -52.59 | E49: -50.19 | F49: -45.18 | G49: -43.44 | H49: =VLOOKUP(B49,$I$2:$K$33,2,FALSE) -> 46055 | I49: =$H49*ABS(D49)*10000*1000*$B$36 -> 2.2956435e+13 | J49: =$H49*ABS(E49)*10000*1000*$B$36 -> 2.1908794e+13 | K49: =$H49*ABS(F49)*10000*1000*$B$36 -> 19721843452233 | L49: =$H49*ABS(G49)*10000*1000*$B$36 -> 18962303664564
B50: 其他石油制品 | C50: 万吨) | D50: -8.25 | E50: -7.78 | F50: -7.07 | G50: -2.65 | H50: =VLOOKUP(B50,$I$2:$K$33,2,FALSE) -> 41003 | I50: =$H50*ABS(D50)*10000*1000*$B$36 -> 3.2062256e+12 | J50: =$H50*ABS(E50)*10000*1000*$B$36 -> 3.0235679e+12 | K50: =$H50*ABS(F50)*10000*1000*$B$36 -> 2.7476382e+12 | L50: =$H50*ABS(G50)*10000*1000*$B$36 -> 1.0298785e+12
B51: 燃料油 | C51: 万吨) | D51: -13.94 | E51: -29.43 | F51: -24.54 | G51: -18.09 | H51: =VLOOKUP(B51,$I$2:$K$33,2,FALSE) -> 41868 | I51: =$H51*ABS(D51)*10000*1000*$B$36 -> 5.5318384e+12 | J51: =$H51*ABS(E51)*10000*1000*$B$36 -> 1.1678766e+13 | K51: =$H51*ABS(F51)*10000*1000*$B$36 -> 9.7382578e+12 | L51: =$H51*ABS(G51)*10000*1000*$B$36 -> 7.1786913e+12
B52: 石脑油 | C52: 万吨) | D52: -12.01 | G52: 0 | H52: =VLOOKUP(B52,$I$2:$K$33,2,FALSE) -> 45606 | I52: =$H52*ABS(D52)*10000*1000*$B$36 -> 5.1914597e+12 | J52: 0 | K52: 0 | L52: 0
B53: 石油焦 | C53: 万吨) | D53: -181.18 | E53: -189.88 | F53: -206.07 | G53: -143.14 | H53: =VLOOKUP(B53,$I$2:$K$33,2,FALSE) -> 31966 | I53: =$H53*ABS(D53)*10000*1000*$B$36 -> 5.4893768e+13 | J53: =$H53*ABS(E53)*10000*1000*$B$36 -> 5.7529687e+13 | K53: =$H53*ABS(F53)*10000*1000*$B$36 -> 6.243492e+13 | L53: =$H53*ABS(G53)*10000*1000*$B$36 -> 4.336844e+13
B54: 原油 | C54: 万吨) | D54: -16.01 | E54: -16.55 | F54: -12.35 | G54: -1.38 | H54: =VLOOKUP(B54,$I$2:$K$33,2,FALSE) -> 41868 | I54: =$H54*ABS(D54)*10000*1000*$B$36 -> 6.3532807e+12 | J54: =$H54*ABS(E54)*10000*1000*$B$36 -> 6567569956818 | K54: =$H54*ABS(F54)*10000*1000*$B$36 -> 4900875466266 | L54: =$H54*ABS(G54)*10000*1000*$B$36 -> 5.4762819e+11
A55: 生物质
B56: 其他能源 | C56: 万吨标准煤) | D56: -1567.97 | E56: -2017.84 | F56: -2904.4 | G56: -4828.05 | H56: =J3/L3 -> 29307.014 | I56: =$H56*ABS(D56)*10000*1000*$B$36 -> 435545782476154 | J56: =$H56*ABS(E56)*10000*1000*$B$36 -> 560509258284076 | K56: =$H56*ABS(F56)*10000*1000*$B$36 -> 806775110890987 | L56: =$H56*ABS(G56)*10000*1000*$B$36 -> 1.3411206e+15
A60: 全国 | B60: 发电量(亿千瓦时） | F60: Heat Rate (BTU/MWh)
B61: 2019 | C61: 2020 | D61: 2021 | E61: 2022 | F61: 2019 | G61: 2020 | H61: 2021 | I61: 2022
A62: 燃煤 | B62: =VLOOKUP($A$60,Calculation!$A$2:$G$33,(5+B61-2019),FALSE) -> 45538 | C62: =VLOOKUP($A$60,Calculation!$A$2:$G$33,(5+C61-2019),FALSE) -> 46296 | D62: =VLOOKUP($A$60,Calculation!$A$2:$G$33,(5+D61-2019),FALSE) -> 50426 | E62: 50792 | F62: =SUM(I40:I42)/(B62*10^8/10^3)/(1-C$67/100) -> 9711666.1 | G62: =SUM(J40:J42)/(C62*10^8/10^3)/(1-D$67/100) -> 9629806.8 | H62: =SUM(K40:K42)/(D62*10^8/10^3)/(1-E$67/100) -> 9707516.5 | I62: =SUM(L40:L42)/(E62*10^8/10^3)/(1-E$67/100) -> 9813203.4
A63: 燃气 | B63: =VLOOKUP($A$60,Calculation!$A$35:$G$66,(5+B61-2019),FALSE) -> 2325 | C63: =VLOOKUP($A$60,Calculation!$A$35:$G$66,(5+C61-2019),FALSE) -> 2525 | D63: =VLOOKUP($A$60,Calculation!$A$35:$G$66,(5+D61-2019),FALSE) -> 2834 | E63: 2741 | F63: =SUM(I44:I46)/(B63*10^8/10^3)/(1-C67/100) -> 5996194.5 | G63: =SUM(J44:J46)/(C63*10^8/10^3)/(1-D67/100) -> 6020011.4 | H63: =SUM(K44:K46)/(D63*10^8/10^3)/(1-E67/100) -> 5923304.1 | I63: =SUM(L44:L46)/(E63*10^8/10^3)/(1-E67/100) -> 5946144.1
A64: 燃油 | B64: =VLOOKUP($A$60,Calculation!$A$68:$G$99,(5+B61-2019),FALSE) -> 13 | C64: =VLOOKUP($A$60,Calculation!$A$68:$G$99,(5+C61-2019),FALSE) -> 12 | D64: =VLOOKUP($A$60,Calculation!$A$68:$G$99,(5+D61-2019),FALSE) -> 16 | E64: 9 | F64: =SUM(I48:I54)/(B64*10^8/10^3)/(1-C67/100) -> 88323825 | G64: =SUM(J48:J54)/(C64*10^8/10^3)/(1-D67/100) -> 99156041 | H64: =SUM(K48:K54)/(D64*10^8/10^3)/(1-E67/100) -> 73637032 | I64: =SUM(L48:L54)/(E64*10^8/10^3)/(1-E67/100) -> 97877034
A65: 生物质 | B65: =Calculation!AB58+Calculation!AE58+Calculation!AT58 -> 1126.3 | C65: =Calculation!AC58+Calculation!AF58+Calculation!AU58 -> 1356 | D65: =Calculation!AD58+Calculation!AG58+Calculation!AV58 -> 1659 | E65: 1842 | F65: =I56/(B65*10^8/10^3)/(1-C67/100) -> 4114320.1 | G65: =J56/(C65*10^8/10^3)/(1-D67/100) -> 4396457.2 | H65: =K56/(D65*10^8/10^3)/(1-E67/100) -> 5150959.2 | I65: =L56/(E65*10^8/10^3)/(1-E67/100) -> 7711878.9
B67: 厂用电率 | C67: 6.01 | D67: 5.98 | E67: 5.59

Sheet Calculation
B1: 能源消费量（万吨标煤） | E1: 发电量（亿千瓦时） | H1: 发电煤耗（gce/kwh) | K1: 厂用电率 | N1: 供电煤耗（gce/kwh) | Q1: BHRbEF（BTU/MWh) | U1: ='Generation Fuel Consumption'!K2 -> 0 | V1: ='Generation Fuel Consumption'!L2 -> 电力 | W1: ='Generation Fuel Consumption'!M2 -> 0 | X1: ='Generation Fuel Consumption'!N2 -> 0 | Y1: ='Generation Fuel Consumption'!O2 -> 煤矸石 | Z1: ='Generation Fuel Consumption'!P2 -> 0 | AA1: ='Generation Fuel Consumption'!Q2 -> 0 | AB1: ='Generation Fuel Consumption'!R2 -> 其他 | ... AQ1: ='Generation Fuel Consumption'!AG2 -> 总计
A2: 燃煤 | B2: 2019 | C2: 2020 | D2: 2021 | E2: 2019 | F2: 2020 | G2: 2021 | H2: 2019 | I2: 2020 | J2: 2021 | K2: 2019 | L2: 2020 | M2: 2021 | N2: 2019 | O2: 2020 | P2: 2021 | Q2: 2019 | R2: 2020 | S2: 2021 | U2: ='Generation Fuel Consumption'!K3 -> 行标签 | V2: ='Generation Fuel Consumption'!L3 -> 2019 | W2: ='Generation Fuel Consumption'!M3 -> 2020 | X2: ='Generation Fuel Consumption'!N3 -> 2021 | Y2: ='Generation Fuel Consumption'!O3 -> 2019 | Z2: ='Generation Fuel Consumption'!P3 -> 2020 | AA2: ='Generation Fuel Consumption'!Q3 -> 2021 | AB2: ='Generation Fuel Consumption'!R3 -> 2019 | ... AQ2: ='Generation Fuel Consumption'!AG3 -> 0
A3: 安徽省 | B3: =-VLOOKUP($A3,$U$2:$AQ$33,COLUMN(B$1)+9,FALSE)-VLOOKUP($A3,$U$2:$AQ$33,COLUMN(B$1)+3,FALSE) -> 7398.3752 | C3: =-VLOOKUP($A3,$U$2:$AQ$33,COLUMN(C$2)+9,FALSE)-VLOOKUP($A3,$U$2:$AQ$33,COLUMN(C$2)+3,FALSE) -> 6923.1538 | D3: =-VLOOKUP($A3,$U$2:$AQ$33,COLUMN(D$2)+9,FALSE)-VLOOKUP($A3,$U$2:$AQ$33,COLUMN(D$2)+3,FALSE) -> 7448.182 | E3: =VLOOKUP($A3,$U$38:$AW$70,COLUMN(B$1)+15,FALSE) -> 2463 | F3: =VLOOKUP($A3,$U$38:$AW$70,COLUMN(C$1)+15,FALSE) -> 2314 | G3: =VLOOKUP($A3,$U$38:$AW$70,COLUMN(D$1)+15,FALSE) -> 2477 | H3: =B3*10^2/E3 -> 300.38064 | I3: =C3*10^2/F3 -> 299.18556 | J3: =D3*10^2/G3 -> 300.69366 | K3: 4.72 | L3: 4.49 | M3: 4.51 | N3: =H3/(1-K3/100) -> 315.26096 | O3: =I3/(1-L3/100) -> 313.2505 | P3: =J3/(1-M3/100) -> 314.89545 | Q3: =N3*About!$A$30 -> 8757396.2 | R3: =O3*About!$A$30 -> 8701549.3 | S3: =P3*About!$A$30 -> 8747242.9 | U3: ='Generation Fuel Consumption'!K4 -> 安徽省 | V3: ='Generation Fuel Consumption'!L4 -> 3276.492 | W3: ='Generation Fuel Consumption'!M4 -> 3143.4998 | X3: ='Generation Fuel Consumption'!N4 -> 3371.5531 | Y3: ='Generation Fuel Consumption'!O4 -> -60.712215 | Z3: ='Generation Fuel Consumption'!P4 -> -62.998114 | AA3: ='Generation Fuel Consumption'!Q4 -> -58.331905 | AB3: ='Generation Fuel Consumption'!R4 -> -287.91561 | ... AQ3: ='Generation Fuel Consumption'!AG4 -> -14052.662
A4: 北京市 | B4: =-VLOOKUP($A4,$U$2:$AQ$33,COLUMN(B$2)+9,FALSE)-VLOOKUP($A4,$U$2:$AQ$33,COLUMN(B$2)+3,FALSE) -> 25.636227 | C4: =-VLOOKUP($A4,$U$2:$AQ$33,COLUMN(C$2)+9,FALSE)-VLOOKUP($A4,$U$2:$AQ$33,COLUMN(C$2)+3,FALSE) -> 15.514596 | D4: =-VLOOKUP($A4,$U$2:$AQ$33,COLUMN(D$2)+9,FALSE)-VLOOKUP($A4,$U$2:$AQ$33,COLUMN(D$2)+3,FALSE) -> 21.771864 | E4: =VLOOKUP($A4,$U$38:$AW$70,COLUMN(B$1)+15,FALSE) -> 15 | F4: =VLOOKUP($A4,$U$38:$AW$70,COLUMN(C$1)+15,FALSE) -> 10 | G4: =VLOOKUP($A4,$U$38:$AW$70,COLUMN(D$1)+15,FALSE) -> 15 | H4: =B4*10^2/E4 -> 170.90818 | I4: =C4*10^2/F4 -> 155.14596 | J4: =D4*10^2/G4 -> 145.14576 | K4: 2.79 | L4: 2.71 | M4: 2.79 | N4: =H4/(1-K4/100) -> 175.81337 | O4: =I4/(1-L4/100) -> 159.46753 | P4: =J4/(1-M4/100) -> 149.31155 | Q4: =N4*About!$A$30 -> 4883787 | R4: =O4*About!$A$30 -> 4429728.1 | S4: =P4*About!$A$30 -> 4147612.9 | U4: ='Generation Fuel Consumption'!K5 -> 北京市 | V4: ='Generation Fuel Consumption'!L5 -> 544.88282 | W4: ='Generation Fuel Consumption'!M5 -> 536.35941 | X4: ='Generation Fuel Consumption'!N5 -> 551.84421 | Y4: ='Generation Fuel Consumption'!O5 -> 0 | Z4: ='Generation Fuel Consumption'!P5 -> 0 | AA4: ='Generation Fuel Consumption'!Q5 -> 0 | AB4: ='Generation Fuel Consumption'!R5 -> 0 | ... AQ4: ='Generation Fuel Consumption'!AG5 -> -1359.0112
A5: 福建省 | B5: =-VLOOKUP($A5,$U$2:$AQ$33,COLUMN(B$2)+9,FALSE)-VLOOKUP($A5,$U$2:$AQ$33,COLUMN(B$2)+3,FALSE) -> 3872.9775 | C5: =-VLOOKUP($A5,$U$2:$AQ$33,COLUMN(C$2)+9,FALSE)-VLOOKUP($A5,$U$2:$AQ$33,COLUMN(C$2)+3,FALSE) -> 4174.2978 | D5: =-VLOOKUP($A5,$U$2:$AQ$33,COLUMN(D$2)+9,FALSE)-VLOOKUP($A5,$U$2:$AQ$33,COLUMN(D$2)+3,FALSE) -> 4769.8097 | E5: =VLOOKUP($A5,$U$38:$AW$70,COLUMN(B$1)+15,FALSE) -> 1242 | F5: =VLOOKUP($A5,$U$38:$AW$70,COLUMN(C$1)+15,FALSE) -> 1380 | G5: =VLOOKUP($A5,$U$38:$AW$70,COLUMN(D$1)+15,FALSE) -> 1509 | H5: =B5*10^2/E5 -> 311.83393 | I5: =C5*10^2/F5 -> 302.48535 | J5: =D5*10^2/G5 -> 316.09077 | K5: 4.3 | L5: 4.23 | M5: 4.68 | N5: =H5/(1-K5/100) -> 325.84528 | O5: =I5/(1-L5/100) -> 315.84562 | P5: =J5/(1-M5/100) -> 331.61012 | Q5: =N5*About!$A$30 -> 9051410.1 | R5: =O5*About!$A$30 -> 8773636.9 | S5: =P5*About!$A$30 -> 9211547.2 | U5: ='Generation Fuel Consumption'!K6 -> 福建省 | V5: ='Generation Fuel Consumption'!L6 -> 1729.439 | W5: ='Generation Fuel Consumption'!M6 -> 1925.219 | X5: ='Generation Fuel Consumption'!N6 -> 2118.453 | Y5: ='Generation Fuel Consumption'!O6 -> 0 | Z5: ='Generation Fuel Consumption'!P6 -> 0 | AA5: ='Generation Fuel Consumption'!Q6 -> 0 | AB5: ='Generation Fuel Consumption'!R6 -> -133.29006 | ... AQ5: ='Generation Fuel Consumption'!AG6 -> -8795.3895
A6: 甘肃省 | B6: =-VLOOKUP($A6,$U$2:$AQ$33,COLUMN(B$2)+9,FALSE)-VLOOKUP($A6,$U$2:$AQ$33,COLUMN(B$2)+3,FALSE) -> 2610.7153 | C6: =-VLOOKUP($A6,$U$2:$AQ$33,COLUMN(C$2)+9,FALSE)-VLOOKUP($A6,$U$2:$AQ$33,COLUMN(C$2)+3,FALSE) -> 2852.2859 | D6: =-VLOOKUP($A6,$U$2:$AQ$33,COLUMN(D$2)+9,FALSE)-VLOOKUP($A6,$U$2:$AQ$33,COLUMN(D$2)+3,FALSE) -> 3389.3703 | E6: =VLOOKUP($A6,$U$38:$AW$70,COLUMN(B$1)+15,FALSE) -> 803 | F6: =VLOOKUP($A6,$U$38:$AW$70,COLUMN(C$1)+15,FALSE) -> 885 | G6: =VLOOKUP($A6,$U$38:$AW$70,COLUMN(D$1)+15,FALSE) -> 1019 | H6: =B6*10^2/E6 -> 325.12021 | I6: =C6*10^2/F6 -> 322.29219 | J6: =D6*10^2/G6 -> 332.6173 | K6: 5.41 | L6: 5.45 | M6: 5.32 | N6: =H6/(1-K6/100) -> 343.7152 | O6: =I6/(1-L6/100) -> 340.86958 | P6: =J6/(1-M6/100) -> 351.30682 | Q6: =N6*About!$A$30 -> 9547805.1 | R6: =O6*About!$A$30 -> 9468758.7 | S6: =P6*About!$A$30 -> 9758687 | U6: ='Generation Fuel Consumption'!K7 -> 甘肃省 | V6: ='Generation Fuel Consumption'!L7 -> 1016.6218 | W6: ='Generation Fuel Consumption'!M7 -> 1121.6085 | X6: ='Generation Fuel Consumption'!N7 -> 1284.9306 | Y6: ='Generation Fuel Consumption'!O7 -> -11.063293 | Z6: ='Generation Fuel Consumption'!P7 -> -6.7289539 | AA6: ='Generation Fuel Consumption'!Q7 -> -8.4455237 | AB6: ='Generation Fuel Consumption'!R7 -> -21.269559 | ... AQ6: ='Generation Fuel Consumption'!AG7 -> -5640.2815
A7: 广东省 | B7: =-VLOOKUP($A7,$U$2:$AQ$33,COLUMN(B$2)+9,FALSE)-VLOOKUP($A7,$U$2:$AQ$33,COLUMN(B$2)+3,FALSE) -> 8027.3991 | C7: =-VLOOKUP($A7,$U$2:$AQ$33,COLUMN(C$2)+9,FALSE)-VLOOKUP($A7,$U$2:$AQ$33,COLUMN(C$2)+3,FALSE) -> 7877.6753 | D7: =-VLOOKUP($A7,$U$2:$AQ$33,COLUMN(D$2)+9,FALSE)-VLOOKUP($A7,$U$2:$AQ$33,COLUMN(D$2)+3,FALSE) -> 10731.379 | E7: =VLOOKUP($A7,$U$38:$AW$70,COLUMN(B$1)+15,FALSE) -> 2508 | F7: =VLOOKUP($A7,$U$38:$AW$70,COLUMN(C$1)+15,FALSE) -> 2518 | G7: =VLOOKUP($A7,$U$38:$AW$70,COLUMN(D$1)+15,FALSE) -> 3372 | H7: =B7*10^2/E7 -> 320.07174 | I7: =C7*10^2/F7 -> 312.85446 | J7: =D7*10^2/G7 -> 318.24967 | K7: 4.92 | L7: 4.94 | M7: 4.53 | N7: =H7/(1-K7/100) -> 336.63413 | O7: =I7/(1-L7/100) -> 329.11263 | P7: =J7/(1-M7/100) -> 333.35044 | Q7: =N7*About!$A$30 -> 9351105.5 | R7: =O7*About!$A$30 -> 9142171.2 | S7: =P7*About!$A$30 -> 9259890.3 | U7: ='Generation Fuel Consumption'!K8 -> 广东省 | V7: ='Generation Fuel Consumption'!L8 -> 4223.4383 | W7: ='Generation Fuel Consumption'!M8 -> 4431.5791 | X7: ='Generation Fuel Consumption'!N8 -> 5705.1083 | Y7: ='Generation Fuel Consumption'!O8 -> -68.794398 | Z7: ='Generation Fuel Consumption'!P8 -> -97.006224 | AA7: ='Generation Fuel Consumption'!Q8 -> -87.167418 | AB7: ='Generation Fuel Consumption'!R8 -> -117.76016 | ... AQ7: ='Generation Fuel Consumption'!AG8 -> -20291.252
A8: 广西壮族自治区 | B8: =-VLOOKUP($A8,$U$2:$AQ$33,COLUMN(B$2)+9,FALSE)-VLOOKUP($A8,$U$2:$AQ$33,COLUMN(B$2)+3,FALSE) -> 2938.6802 | C8: =-VLOOKUP($A8,$U$2:$AQ$33,COLUMN(C$2)+9,FALSE)-VLOOKUP($A8,$U$2:$AQ$33,COLUMN(C$2)+3,FALSE) -> 2909.5153 | D8: =-VLOOKUP($A8,$U$2:$AQ$33,COLUMN(D$2)+9,FALSE)-VLOOKUP($A8,$U$2:$AQ$33,COLUMN(D$2)+3,FALSE) -> 3101.9764 | E8: =VLOOKUP($A8,$U$38:$AW$70,COLUMN(B$1)+15,FALSE) -> 833 | F8: =VLOOKUP($A8,$U$38:$AW$70,COLUMN(C$1)+15,FALSE) -> 865 | G8: =VLOOKUP($A8,$U$38:$AW$70,COLUMN(D$1)+15,FALSE) -> 944 | H8: =B8*10^2/E8 -> 352.78274 | I8: =C8*10^2/F8 -> 336.36015 | J8: =D8*10^2/G8 -> 328.59919 | K8: 5.85 | L8: 5.85 | M8: 5.68 | N8: =H8/(1-K8/100) -> 374.70285 | O8: =I8/(1-L8/100) -> 357.25986 | P8: =J8/(1-M8/100) -> 348.38761 | Q8: =N8*About!$A$30 -> 10408588 | R8: =O8*About!$A$30 -> 9924051.8 | S8: =P8*About!$A$30 -> 9677596.4 | U8: ='Generation Fuel Consumption'!K9 -> 广西壮族自治区 | V8: ='Generation Fuel Consumption'!L9 -> 1237.9351 | W8: ='Generation Fuel Consumption'!M9 -> 1309.7383 | X8: ='Generation Fuel Consumption'!N9 -> 1469.2969 | Y8: ='Generation Fuel Consumption'!O9 -> 0 | Z8: ='Generation Fuel Consumption'!P9 -> 0 | AA8: ='Generation Fuel Consumption'!Q9 -> -62.445951 | AB8: ='Generation Fuel Consumption'!R9 -> -189.63888 | ... AQ8: ='Generation Fuel Consumption'!AG9 -> -6477.0531
A9: 贵州省 | B9: =-VLOOKUP($A9,$U$2:$AQ$33,COLUMN(B$2)+9,FALSE)-VLOOKUP($A9,$U$2:$AQ$33,COLUMN(B$2)+3,FALSE) -> 3949.1128 | C9: =-VLOOKUP($A9,$U$2:$AQ$33,COLUMN(C$2)+9,FALSE)-VLOOKUP($A9,$U$2:$AQ$33,COLUMN(C$2)+3,FALSE) -> 3389.4168 | D9: =-VLOOKUP($A9,$U$2:$AQ$33,COLUMN(D$2)+9,FALSE)-VLOOKUP($A9,$U$2:$AQ$33,COLUMN(D$2)+3,FALSE) -> 4205.9269 | E9: =VLOOKUP($A9,$U$38:$AW$70,COLUMN(B$1)+15,FALSE) -> 1381 | F9: =VLOOKUP($A9,$U$38:$AW$70,COLUMN(C$1)+15,FALSE) -> 1323 | G9: =VLOOKUP($A9,$U$38:$AW$70,COLUMN(D$1)+15,FALSE) -> 1444 | H9: =B9*10^2/E9 -> 285.96038 | I9: =C9*10^2/F9 -> 256.19175 | J9: =D9*10^2/G9 -> 291.26918 | K9: 7.82 | L9: 8 | M9: 7.59 | N9: =H9/(1-K9/100) -> 310.21955 | O9: =I9/(1-L9/100) -> 278.46929 | P9: =J9/(1-M9/100) -> 315.19227 | Q9: =N9*About!$A$30 -> 8617354.6 | R9: =O9*About!$A$30 -> 7735388.3 | S9: =P9*About!$A$30 -> 8755488.2 | U9: ='Generation Fuel Consumption'!K10 -> 贵州省 | V9: ='Generation Fuel Consumption'!L10 -> 1709.1206 | W9: ='Generation Fuel Consumption'!M10 -> 1638.3997 | X9: ='Generation Fuel Consumption'!N10 -> 1779.1896 | Y9: ='Generation Fuel Consumption'!O10 -> -29.716685 | Z9: ='Generation Fuel Consumption'!P10 -> -35.770455 | AA9: ='Generation Fuel Consumption'!Q10 -> -46.144259 | AB9: ='Generation Fuel Consumption'!R10 -> -148.17424 | ... AQ9: ='Generation Fuel Consumption'!AG10 -> -7231.2454
A10: 海南省 | B10: =-VLOOKUP($A10,$U$2:$AQ$33,COLUMN(B$2)+9,FALSE)-VLOOKUP($A10,$U$2:$AQ$33,COLUMN(B$2)+3,FALSE) -> 597.0048 | C10: =-VLOOKUP($A10,$U$2:$AQ$33,COLUMN(C$2)+9,FALSE)-VLOOKUP($A10,$U$2:$AQ$33,COLUMN(C$2)+3,FALSE) -> 540.74653 | D10: =-VLOOKUP($A10,$U$2:$AQ$33,COLUMN(D$2)+9,FALSE)-VLOOKUP($A10,$U$2:$AQ$33,COLUMN(D$2)+3,FALSE) -> 603.24064 | E10: =VLOOKUP($A10,$U$38:$AW$70,COLUMN(B$1)+15,FALSE) -> 173 | F10: =VLOOKUP($A10,$U$38:$AW$70,COLUMN(C$1)+15,FALSE) -> 160 | G10: =VLOOKUP($A10,$U$38:$AW$70,COLUMN(D$1)+15,FALSE) -> 166 | H10: =B10*10^2/E10 -> 345.08948 | I10: =C10*10^2/F10 -> 337.96658 | J10: =D10*10^2/G10 -> 363.39797 | K10: 7.58 | L10: 7.34 | M10: 6.79 | N10: =H10/(1-K10/100) -> 373.39264 | O10: =I10/(1-L10/100) -> 364.73838 | P10: =J10/(1-M10/100) -> 389.87016 | Q10: =N10*About!$A$30 -> 10372192 | R10: =O10*About!$A$30 -> 10131792 | S10: =P10*About!$A$30 -> 10829909 | U10: ='Generation Fuel Consumption'!K11 -> 海南省 | V10: ='Generation Fuel Consumption'!L11 -> 261.31056 | W10: ='Generation Fuel Consumption'!M11 -> 262.04851 | X10: ='Generation Fuel Consumption'!N11 -> 312.88145 | Y10: ='Generation Fuel Consumption'!O11 -> 0 | Z10: ='Generation Fuel Consumption'!P11 -> 0 | AA10: ='Generation Fuel Consumption'!Q11 -> 0 | AB10: ='Generation Fuel Consumption'!R11 -> -38.932354 | ... AQ10: ='Generation Fuel Consumption'!AG11 -> -1372.8105
A11: 河北省 | B11: =-VLOOKUP($A11,$U$2:$AQ$33,COLUMN(B$2)+9,FALSE)-VLOOKUP($A11,$U$2:$AQ$33,COLUMN(B$2)+3,FALSE) -> 6820.7825 | C11: =-VLOOKUP($A11,$U$2:$AQ$33,COLUMN(C$2)+9,FALSE)-VLOOKUP($A11,$U$2:$AQ$33,COLUMN(C$2)+3,FALSE) -> 6713.6539 | D11: =-VLOOKUP($A11,$U$2:$AQ$33,COLUMN(D$2)+9,FALSE)-VLOOKUP($A11,$U$2:$AQ$33,COLUMN(D$2)+3,FALSE) -> 6680.0485 | E11: =VLOOKUP($A11,$U$38:$AW$70,COLUMN(B$1)+15,FALSE) -> 2274 | F11: =VLOOKUP($A11,$U$38:$AW$70,COLUMN(C$1)+15,FALSE) -> 2224 | G11: =VLOOKUP($A11,$U$38:$AW$70,COLUMN(D$1)+15,FALSE) -> 2111 | H11: =B11*10^2/E11 -> 299.94646 | I11: =C11*10^2/F11 -> 301.87293 | J11: =D11*10^2/G11 -> 316.44 | K11: 5.84 | L11: 5.64 | M11: 5.62 | N11: =H11/(1-K11/100) -> 318.54977 | O11: =I11/(1-L11/100) -> 319.9162 | P11: =J11/(1-M11/100) -> 335.2829 | Q11: =N11*About!$A$30 -> 8848753.5 | R11: =O11*About!$A$30 -> 8886710.6 | S11: =P11*About!$A$30 -> 9313570.7 | U11: ='Generation Fuel Consumption'!K12 -> 河北省 | V11: ='Generation Fuel Consumption'!L12 -> 3493.5743 | W11: ='Generation Fuel Consumption'!M12 -> 3482.8247 | X11: ='Generation Fuel Consumption'!N12 -> 3319.2566 | Y11: ='Generation Fuel Consumption'!O12 -> -89.138612 | Z11: ='Generation Fuel Consumption'!P12 -> -79.61451 | AA11: ='Generation Fuel Consumption'!Q12 -> -66.162325 | AB11: ='Generation Fuel Consumption'!R12 -> -417.55996 | ... AQ11: ='Generation Fuel Consumption'!AG12 -> -12127.733
A12: 河南省 | B12: =-VLOOKUP($A12,$U$2:$AQ$33,COLUMN(B$2)+9,FALSE)-VLOOKUP($A12,$U$2:$AQ$33,COLUMN(B$2)+3,FALSE) -> 7223.7379 | C12: =-VLOOKUP($A12,$U$2:$AQ$33,COLUMN(C$2)+9,FALSE)-VLOOKUP($A12,$U$2:$AQ$33,COLUMN(C$2)+3,FALSE) -> 6886.3829 | D12: =-VLOOKUP($A12,$U$2:$AQ$33,COLUMN(D$2)+9,FALSE)-VLOOKUP($A12,$U$2:$AQ$33,COLUMN(D$2)+3,FALSE) -> 6905.058 | E12: =VLOOKUP($A12,$U$38:$AW$70,COLUMN(B$1)+15,FALSE) -> 2400 | F12: =VLOOKUP($A12,$U$38:$AW$70,COLUMN(C$1)+15,FALSE) -> 2300 | G12: =VLOOKUP($A12,$U$38:$AW$70,COLUMN(D$1)+15,FALSE) -> 2241 | H12: =B12*10^2/E12 -> 300.98908 | I12: =C12*10^2/F12 -> 299.40795 | J12: =D12*10^2/G12 -> 308.12396 | K12: 5.11 | L12: 4.92 | M12: 4.92 | N12: =H12/(1-K12/100) -> 317.19789 | O12: =I12/(1-L12/100) -> 314.90109 | P12: =J12/(1-M12/100) -> 324.06811 | Q12: =N12*About!$A$30 -> 8811200.7 | R12: =O12*About!$A$30 -> 8747399.5 | S12: =P12*About!$A$30 -> 9002043.5 | U12: ='Generation Fuel Consumption'!K13 -> 河南省 | V12: ='Generation Fuel Consumption'!L13 -> 3140.6218 | W12: ='Generation Fuel Consumption'!M13 -> 3093.4417 | X12: ='Generation Fuel Consumption'!N13 -> 3024.1107 | Y12: ='Generation Fuel Consumption'!O13 -> -59.032838 | Z12: ='Generation Fuel Consumption'!P13 -> -38.64571 | AA12: ='Generation Fuel Consumption'!Q13 -> -41.369334 | AB12: ='Generation Fuel Consumption'!R13 -> -123.01298 | ... AQ12: ='Generation Fuel Consumption'!AG13 -> -13354.624
A13: 黑龙江省 | B13: =-VLOOKUP($A13,$U$2:$AQ$33,COLUMN(B$2)+9,FALSE)-VLOOKUP($A13,$U$2:$AQ$33,COLUMN(B$2)+3,FALSE) -> 3273.8523 | C13: =-VLOOKUP($A13,$U$2:$AQ$33,COLUMN(C$2)+9,FALSE)-VLOOKUP($A13,$U$2:$AQ$33,COLUMN(C$2)+3,FALSE) -> 3109.6673 | D13: =-VLOOKUP($A13,$U$2:$AQ$33,COLUMN(D$2)+9,FALSE)-VLOOKUP($A13,$U$2:$AQ$33,COLUMN(D$2)+3,FALSE) -> 3361.7223 | E13: =VLOOKUP($A13,$U$38:$AW$70,COLUMN(B$1)+15,FALSE) -> 818 | F13: =VLOOKUP($A13,$U$38:$AW$70,COLUMN(C$1)+15,FALSE) -> 815 | G13: =VLOOKUP($A13,$U$38:$AW$70,COLUMN(D$1)+15,FALSE) -> 804 | H13: =B13*10^2/E13 -> 400.22645 | I13: =C13*10^2/F13 -> 381.55428 | J13: =D13*10^2/G13 -> 418.12466 | K13: 6.58 | L13: 6.52 | M13: 6.84 | N13: =H13/(1-K13/100) -> 428.41624 | O13: =I13/(1-L13/100) -> 408.16675 | P13: =J13/(1-M13/100) -> 448.82424 | Q13: =N13*About!$A$30 -> 11900651 | R13: =O13*About!$A$30 -> 11338156 | S13: =P13*About!$A$30 -> 12467550 | U13: ='Generation Fuel Consumption'!K14 -> 黑龙江省 | V13: ='Generation Fuel Consumption'!L14 -> 1119.5176 | W13: ='Generation Fuel Consumption'!M14 -> 1133.711 | X13: ='Generation Fuel Consumption'!N14 -> 1166.7837 | Y13: ='Generation Fuel Consumption'!O14 -> -108.38136 | Z13: ='Generation Fuel Consumption'!P14 -> -108.08954 | AA13: ='Generation Fuel Consumption'!Q14 -> -94.628775 | AB13: ='Generation Fuel Consumption'!R14 -> 0 | ... AQ13: ='Generation Fuel Consumption'!AG14 -> -7723.7303
A14: 湖北省 | B14: =-VLOOKUP($A14,$U$2:$AQ$33,COLUMN(B$2)+9,FALSE)-VLOOKUP($A14,$U$2:$AQ$33,COLUMN(B$2)+3,FALSE) -> 3825.7408 | C14: =-VLOOKUP($A14,$U$2:$AQ$33,COLUMN(C$2)+9,FALSE)-VLOOKUP($A14,$U$2:$AQ$33,COLUMN(C$2)+3,FALSE) -> 3032.3678 | D14: =-VLOOKUP($A14,$U$2:$AQ$33,COLUMN(D$2)+9,FALSE)-VLOOKUP($A14,$U$2:$AQ$33,COLUMN(D$2)+3,FALSE) -> 3654.6353 | E14: =VLOOKUP($A14,$U$38:$AW$70,COLUMN(B$1)+15,FALSE) -> 1351 | F14: =VLOOKUP($A14,$U$38:$AW$70,COLUMN(C$1)+15,FALSE) -> 1102 | G14: =VLOOKUP($A14,$U$38:$AW$70,COLUMN(D$1)+15,FALSE) -> 1307 | H14: =B14*10^2/E14 -> 283.17845 | I14: =C14*10^2/F14 -> 275.16949 | J14: =D14*10^2/G14 -> 279.62014 | K14: 5.08 | L14: 5.07 | M14: 5.07 | N14: =H14/(1-K14/100) -> 298.3338 | O14: =I14/(1-L14/100) -> 289.86568 | P14: =J14/(1-M14/100) -> 294.55403 | Q14: =N14*About!$A$30 -> 8287189.5 | R14: =O14*About!$A$30 -> 8051959.9 | S14: =P14*About!$A$30 -> 8182194.1 | U14: ='Generation Fuel Consumption'!K15 -> 湖北省 | V14: ='Generation Fuel Consumption'!L15 -> 1807.9207 | W14: ='Generation Fuel Consumption'!M15 -> 1503.2552 | X14: ='Generation Fuel Consumption'!N15 -> 1815.3864 | Y14: ='Generation Fuel Consumption'!O15 -> 0 | Z14: ='Generation Fuel Consumption'!P15 -> 0 | AA14: ='Generation Fuel Consumption'!Q15 -> -7.0980164 | AB14: ='Generation Fuel Consumption'!R15 -> -92.896481 | ... AQ14: ='Generation Fuel Consumption'!AG15 -> -6418.9044
A15: 湖南省 | B15: =-VLOOKUP($A15,$U$2:$AQ$33,COLUMN(B$2)+9,FALSE)-VLOOKUP($A15,$U$2:$AQ$33,COLUMN(B$2)+3,FALSE) -> 2405.8699 | C15: =-VLOOKUP($A15,$U$2:$AQ$33,COLUMN(C$2)+9,FALSE)-VLOOKUP($A15,$U$2:$AQ$33,COLUMN(C$2)+3,FALSE) -> 2144.6369 | D15: =-VLOOKUP($A15,$U$2:$AQ$33,COLUMN(D$2)+9,FALSE)-VLOOKUP($A15,$U$2:$AQ$33,COLUMN(D$2)+3,FALSE) -> 2629.3349 | E15: =VLOOKUP($A15,$U$38:$AW$70,COLUMN(B$1)+15,FALSE) -> 776 | F15: =VLOOKUP($A15,$U$38:$AW$70,COLUMN(C$1)+15,FALSE) -> 710 | G15: =VLOOKUP($A15,$U$38:$AW$70,COLUMN(D$1)+15,FALSE) -> 873 | H15: =B15*10^2/E15 -> 310.03478 | I15: =C15*10^2/F15 -> 302.06153 | J15: =D15*10^2/G15 -> 301.18384 | K15: 5.45 | L15: 5.33 | M15: 5.38 | N15: =H15/(1-K15/100) -> 327.90564 | O15: =I15/(1-L15/100) -> 319.06785 | P15: =J15/(1-M15/100) -> 318.30885 | Q15: =N15*About!$A$30 -> 9108643.2 | R15: =O15*About!$A$30 -> 8863144.8 | S15: =P15*About!$A$30 -> 8842061.3 | U15: ='Generation Fuel Consumption'!K16 -> 湖南省 | V15: ='Generation Fuel Consumption'!L16 -> 1124.8924 | W15: ='Generation Fuel Consumption'!M16 -> 1047.739 | X15: ='Generation Fuel Consumption'!N16 -> 1250.4681 | Y15: ='Generation Fuel Consumption'!O16 -> -34.065329 | Z15: ='Generation Fuel Consumption'!P16 -> -28.094527 | AA15: ='Generation Fuel Consumption'!Q16 -> -18.10409 | AB15: ='Generation Fuel Consumption'!R16 -> 0 | ... AQ15: ='Generation Fuel Consumption'!AG16 -> -4519.5522
... A33: 重庆市 | B33: =-VLOOKUP($A33,$U$2:$AQ$33,COLUMN(B$2)+9,FALSE)-VLOOKUP($A33,$U$2:$AQ$33,COLUMN(B$2)+3,FALSE) -> 1491.3462 | C33: =-VLOOKUP($A33,$U$2:$AQ$33,COLUMN(C$2)+9,FALSE)-VLOOKUP($A33,$U$2:$AQ$33,COLUMN(C$2)+3,FALSE) -> 1404.3955 | D33: =-VLOOKUP($A33,$U$2:$AQ$33,COLUMN(D$2)+9,FALSE)-VLOOKUP($A33,$U$2:$AQ$33,COLUMN(D$2)+3,FALSE) -> 1716.1222 | E33: =VLOOKUP($A33,$U$38:$AW$70,COLUMN(B$1)+15,FALSE) -> 467 | F33: =VLOOKUP($A33,$U$38:$AW$70,COLUMN(C$1)+15,FALSE) -> 458 | G33: =VLOOKUP($A33,$U$38:$AW$70,COLUMN(D$1)+15,FALSE) -> 570 | H33: =B33*10^2/E33 -> 319.34607 | I33: =C33*10^2/F33 -> 306.63658 | J33: =D33*10^2/G33 -> 301.07407 | K33: 7.14 | L33: 7.24 | M33: 6.66 | N33: =H33/(1-K33/100) -> 343.90057 | O33: =I33/(1-L33/100) -> 330.56984 | P33: =J33/(1-M33/100) -> 322.55632 | Q33: =N33*About!$A$30 -> 9552954.4 | R33: =O33*About!$A$30 -> 9182650 | S33: =P33*About!$A$30 -> 8960048.4 | U33: ='Generation Fuel Consumption'!K34 -> 重庆市 | V33: ='Generation Fuel Consumption'!L34 -> 682.42569 | W33: ='Generation Fuel Consumption'!M34 -> 665.99385 | X33: ='Generation Fuel Consumption'!N34 -> 837.83943 | Y33: ='Generation Fuel Consumption'!O34 -> -24.466843 | Z33: ='Generation Fuel Consumption'!P34 -> -5.8878346 | AA33: ='Generation Fuel Consumption'!Q34 -> -2.9439173 | AB33: ='Generation Fuel Consumption'!R34 -> -92.392552 | ... AQ33: ='Generation Fuel Consumption'!AG34 -> -3131.7746
U34: ='Generation Fuel Consumption'!K35 -> 总计 | V34: ='Generation Fuel Consumption'!L35 -> 128418.33 | W34: ='Generation Fuel Consumption'!M35 -> 131160.66 | X34: ='Generation Fuel Consumption'!N35 -> 142862.94 | Y34: ='Generation Fuel Consumption'!O35 -> -1855.1657 | Z34: ='Generation Fuel Consumption'!P35 -> -1707.1287 | AA34: ='Generation Fuel Consumption'!Q35 -> -1541.6228 | AB34: ='Generation Fuel Consumption'!R35 -> -7576.5108 | ... AQ34: ='Generation Fuel Consumption'!AG35 -> -611811.02
A35: 燃气 | B35: 2019 | C35: 2020 | D35: 2021 | E35: 2019 | F35: 2020 | G35: 2021 | H35: 2019 | I35: 2020 | J35: 2021 | K35: 2019 | L35: 2020 | M35: 2021 | N35: 2019 | O35: 2020 | P35: 2021 | Q35: 2019 | R35: 2020 | S35: 2021
A36: 安徽省 | B36: =-VLOOKUP($A36,$U$2:$AQ$33,COLUMN(B$1)+12,FALSE) -> 20.7765 | C36: =-VLOOKUP($A36,$U$2:$AQ$33,COLUMN(C$1)+12,FALSE) -> 21.7485 | D36: =-VLOOKUP($A36,$U$2:$AQ$33,COLUMN(D$1)+12,FALSE) -> 22.113 | E36: =VLOOKUP($A36,$U$38:$AW$70,COLUMN(B$1)+18,FALSE) -> 4 | F36: =VLOOKUP($A36,$U$38:$AW$70,COLUMN(C$1)+18,FALSE) -> 3 | G36: =VLOOKUP($A36,$U$38:$AW$70,COLUMN(D$1)+18,FALSE) -> 2.6 | H36: =B36*10^2/E36 -> 519.4125 | I36: =C36*10^2/F36 -> 724.95 | J36: =D36*10^2/G36 -> 850.5 | K36: 4.72 | L36: 4.49 | M36: 4.51 | N36: =H36/(1-K36/100) -> 545.14326 | O36: =I36/(1-L36/100) -> 759.03047 | P36: =J36/(1-M36/100) -> 890.66918 | Q36: =N36*About!$A$30 -> 15143123 | R36: =O36*About!$A$30 -> 21084534 | S36: =P36*About!$A$30 -> 24741227 | U36: ='Combustion Generation'!G2 -> 0 | V36: ='Combustion Generation'!H2 -> 核能发电量(亿千瓦小时) | W36: ='Combustion Generation'!I2 -> 0 | X36: ='Combustion Generation'!J2 -> 0 | Y36: ='Combustion Generation'!K2 -> 火力发电发电量(亿千瓦小时) | Z36: ='Combustion Generation'!L2 -> 0 | AA36: ='Combustion Generation'!M2 -> 0 | AB36: ='Combustion Generation'!N2 -> 秸秆.蔗渣.林木质发电发电量(亿千瓦小时) | ... AW36: ='Combustion Generation'!AI2 -> 总计
A37: 北京市 | B37: =-VLOOKUP($A37,$U$2:$AQ$33,COLUMN(B$1)+12,FALSE) -> 842.86114 | C37: =-VLOOKUP($A37,$U$2:$AQ$33,COLUMN(C$1)+12,FALSE) -> 812.74779 | D37: =-VLOOKUP($A37,$U$2:$AQ$33,COLUMN(D$1)+12,FALSE) -> 838.74622 | E37: =VLOOKUP($A37,$U$38:$AW$70,COLUMN(B$1)+18,FALSE) -> 404 | F37: =VLOOKUP($A37,$U$38:$AW$70,COLUMN(C$1)+18,FALSE) -> 397 | G37: =VLOOKUP($A37,$U$38:$AW$70,COLUMN(D$1)+18,FALSE) -> 404 | H37: =B37*10^2/E37 -> 208.629 | I37: =C37*10^2/F37 -> 204.72236 | J37: =D37*10^2/G37 -> 207.61045 | K37: 2.79 | L37: 2.71 | M37: 2.79 | N37: =H37/(1-K37/100) -> 214.6168 | O37: =I37/(1-L37/100) -> 210.42488 | P37: =J37/(1-M37/100) -> 213.56903 | Q37: =N37*About!$A$30 -> 5961678.2 | R37: =O37*About!$A$30 -> 5845233.8 | S37: =P37*About!$A$30 -> 5932572.7 | U37: ='Combustion Generation'!G3 -> 行标签 | V37: ='Combustion Generation'!H3 -> 2019 | W37: ='Combustion Generation'!I3 -> 2020 | X37: ='Combustion Generation'!J3 -> 2021 | Y37: ='Combustion Generation'!K3 -> 2019 | Z37: ='Combustion Generation'!L3 -> 2020 | AA37: ='Combustion Generation'!M3 -> 2021 | AB37: ='Combustion Generation'!N3 -> 2019 | ... AW37: ='Combustion Generation'!AI3 -> 0
A38: 福建省 | B38: =-VLOOKUP($A38,$U$2:$AQ$33,COLUMN(B$1)+12,FALSE) -> 155.277 | C38: =-VLOOKUP($A38,$U$2:$AQ$33,COLUMN(C$1)+12,FALSE) -> 146.8935 | D38: =-VLOOKUP($A38,$U$2:$AQ$33,COLUMN(D$1)+12,FALSE) -> 158.5575 | E38: =VLOOKUP($A38,$U$38:$AW$70,COLUMN(B$1)+18,FALSE) -> 67 | F38: =VLOOKUP($A38,$U$38:$AW$70,COLUMN(C$1)+18,FALSE) -> 64 | G38: =VLOOKUP($A38,$U$38:$AW$70,COLUMN(D$1)+18,FALSE) -> 67 | H38: =B38*10^2/E38 -> 231.75672 | I38: =C38*10^2/F38 -> 229.52109 | J38: =D38*10^2/G38 -> 236.65299 | K38: 4.3 | L38: 4.23 | M38: 4.68 | N38: =H38/(1-K38/100) -> 242.17003 | O38: =I38/(1-L38/100) -> 239.65865 | P38: =J38/(1-M38/100) -> 248.27212 | Q38: =N38*About!$A$30 -> 6727058.4 | R38: =O38*About!$A$30 -> 6657296.9 | S38: =P38*About!$A$30 -> 6896563.8 | U38: ='Combustion Generation'!G4 -> 安徽省 | V38: ='Combustion Generation'!H4 -> 0 | W38: ='Combustion Generation'!I4 -> 0 | X38: ='Combustion Generation'!J4 -> 0 | Y38: ='Combustion Generation'!K4 -> 2657 | Z38: ='Combustion Generation'!L4 -> 2531 | AA38: ='Combustion Generation'!M4 -> 2702 | AB38: ='Combustion Generation'!N4 -> 64 | ... AW38: ='Combustion Generation'!AI4 -> 15804
A39: 甘肃省 | B39: =-VLOOKUP($A39,$U$2:$AQ$33,COLUMN(B$1)+12,FALSE) -> 11.664 | C39: =-VLOOKUP($A39,$U$2:$AQ$33,COLUMN(C$1)+12,FALSE) -> 0 | D39: =-VLOOKUP($A39,$U$2:$AQ$33,COLUMN(D$1)+12,FALSE) -> 3.888 | E39: =VLOOKUP($A39,$U$38:$AW$70,COLUMN(B$1)+18,FALSE) -> 0 | F39: =VLOOKUP($A39,$U$38:$AW$70,COLUMN(C$1)+18,FALSE) -> 0 | G39: =VLOOKUP($A39,$U$38:$AW$70,COLUMN(D$1)+18,FALSE) -> 0 | H39: =B39*10^2/E39 -> #DIV/0! | I39: =C39*10^2/F39 -> #DIV/0! | J39: =D39*10^2/G39 -> #DIV/0! | K39: 5.41 | L39: 5.45 | M39: 5.32 | N39: =H39/(1-K39/100) -> #DIV/0! | O39: =I39/(1-L39/100) -> #DIV/0! | P39: =J39/(1-M39/100) -> #DIV/0! | Q39: =N39*About!$A$30 -> #DIV/0! | R39: =O39*About!$A$30 -> #DIV/0! | S39: =P39*About!$A$30 -> #DIV/0! | U39: ='Combustion Generation'!G5 -> 北京市 | V39: ='Combustion Generation'!H5 -> 0 | W39: ='Combustion Generation'!I5 -> 0 | X39: ='Combustion Generation'!J5 -> 0 | Y39: ='Combustion Generation'!K5 -> 443 | Z39: ='Combustion Generation'!L5 -> 434 | AA39: ='Combustion Generation'!M5 -> 447 | AB39: ='Combustion Generation'!N5 -> 0 | ... AW39: ='Combustion Generation'!AI5 -> 2653
A40: 广东省 | B40: =-VLOOKUP($A40,$U$2:$AQ$33,COLUMN(B$1)+12,FALSE) -> 1327.7336 | C40: =-VLOOKUP($A40,$U$2:$AQ$33,COLUMN(C$1)+12,FALSE) -> 1721.1033 | D40: =-VLOOKUP($A40,$U$2:$AQ$33,COLUMN(D$1)+12,FALSE) -> 2052.0069 | E40: =VLOOKUP($A40,$U$38:$AW$70,COLUMN(B$1)+18,FALSE) -> 594 | F40: =VLOOKUP($A40,$U$38:$AW$70,COLUMN(C$1)+18,FALSE) -> 751 | G40: =VLOOKUP($A40,$U$38:$AW$70,COLUMN(D$1)+18,FALSE) -> 908 | H40: =B40*10^2/E40 -> 223.52418 | I40: =C40*10^2/F40 -> 229.17487 | J40: =D40*10^2/G40 -> 225.99195 | K40: 4.92 | L40: 4.94 | M40: 4.53 | N40: =H40/(1-K40/100) -> 235.09064 | O40: =I40/(1-L40/100) -> 241.08445 | P40: =J40/(1-M40/100) -> 236.71514 | Q40: =N40*About!$A$30 -> 6530405.5 | R40: =O40*About!$A$30 -> 6696902.8 | S40: =P40*About!$A$30 -> 6575531.3 | U40: ='Combustion Generation'!G6 -> 福建省 | V40: ='Combustion Generation'!H6 -> 621 | W40: ='Combustion Generation'!I6 -> 652 | X40: ='Combustion Generation'!J6 -> 777 | Y40: ='Combustion Generation'!K6 -> 1406 | Z40: ='Combustion Generation'!L6 -> 1551 | AA40: ='Combustion Generation'!M6 -> 1704 | AB40: ='Combustion Generation'!N6 -> 4 | ... AW40: ='Combustion Generation'!AI6 -> 11380.01
A41: 广西壮族自治区 | B41: =-VLOOKUP($A41,$U$2:$AQ$33,COLUMN(B$1)+12,FALSE) -> 14.7015 | C41: =-VLOOKUP($A41,$U$2:$AQ$33,COLUMN(C$1)+12,FALSE) -> 23.142732 | D41: =-VLOOKUP($A41,$U$2:$AQ$33,COLUMN(D$1)+12,FALSE) -> 22.891692 | E41: =VLOOKUP($A41,$U$38:$AW$70,COLUMN(B$1)+18,FALSE) -> 5 | F41: =VLOOKUP($A41,$U$38:$AW$70,COLUMN(C$1)+18,FALSE) -> 9 | G41: =VLOOKUP($A41,$U$38:$AW$70,COLUMN(D$1)+18,FALSE) -> 9 | H41: =B41*10^2/E41 -> 294.03 | I41: =C41*10^2/F41 -> 257.14146 | J41: =D41*10^2/G41 -> 254.35213 | K41: 5.85 | L41: 5.85 | M41: 5.68 | N41: =H41/(1-K41/100) -> 312.29952 | O41: =I41/(1-L41/100) -> 273.11892 | P41: =J41/(1-M41/100) -> 269.66935 | Q41: =N41*About!$A$30 -> 8675132.7 | R41: =O41*About!$A$30 -> 7586764.3 | S41: =P41*About!$A$30 -> 7490941.3 | U41: ='Combustion Generation'!G7 -> 甘肃省 | V41: ='Combustion Generation'!H7 -> 0 | W41: ='Combustion Generation'!I7 -> 0 | X41: ='Combustion Generation'!J7 -> 0 | Y41: ='Combustion Generation'!K7 -> 817 | Z41: ='Combustion Generation'!L7 -> 901 | AA41: ='Combustion Generation'!M7 -> 1043 | AB41: ='Combustion Generation'!N7 -> 1 | ... AW41: ='Combustion Generation'!AI7 -> 5524
A42: 贵州省 | B42: =-VLOOKUP($A42,$U$2:$AQ$33,COLUMN(B$1)+12,FALSE) -> 42.4035 | C42: =-VLOOKUP($A42,$U$2:$AQ$33,COLUMN(C$1)+12,FALSE) -> 62.208 | D42: =-VLOOKUP($A42,$U$2:$AQ$33,COLUMN(D$1)+12,FALSE) -> 65.2455 | E42: =VLOOKUP($A42,$U$38:$AW$70,COLUMN(B$1)+18,FALSE) -> 0 | F42: =VLOOKUP($A42,$U$38:$AW$70,COLUMN(C$1)+18,FALSE) -> 19 | G42: =VLOOKUP($A42,$U$38:$AW$70,COLUMN(D$1)+18,FALSE) -> 23 | H42: =B42*10^2/E42 -> #DIV/0! | I42: =C42*10^2/F42 -> 327.41053 | J42: =D42*10^2/G42 -> 283.67609 | K42: 7.82 | L42: 8 | M42: 7.59 | N42: =H42/(1-K42/100) -> #DIV/0! | O42: =I42/(1-L42/100) -> 355.88101 | P42: =J42/(1-M42/100) -> 306.97553 | Q42: =N42*About!$A$30 -> #DIV/0! | R42: =O42*About!$A$30 -> 9885749.8 | S42: =P42*About!$A$30 -> 8527241.5 | U42: ='Combustion Generation'!G8 -> 广东省 | V42: ='Combustion Generation'!H8 -> 1106 | W42: ='Combustion Generation'!I8 -> 1161 | X42: ='Combustion Generation'!J8 -> 1204 | Y42: ='Combustion Generation'!K8 -> 3222 | Z42: ='Combustion Generation'!L8 -> 3425 | AA42: ='Combustion Generation'!M8 -> 4487 | AB42: ='Combustion Generation'!N8 -> 19 | ... AW42: ='Combustion Generation'!AI8 -> 25785
A43: 海南省 | B43: =-VLOOKUP($A43,$U$2:$AQ$33,COLUMN(B$1)+12,FALSE) -> 35.478 | C43: =-VLOOKUP($A43,$U$2:$AQ$33,COLUMN(C$1)+12,FALSE) -> 72.657 | D43: =-VLOOKUP($A43,$U$2:$AQ$33,COLUMN(D$1)+12,FALSE) -> 127.9395 | E43: =VLOOKUP($A43,$U$38:$AW$70,COLUMN(B$1)+18,FALSE) -> 14 | F43: =VLOOKUP($A43,$U$38:$AW$70,COLUMN(C$1)+18,FALSE) -> 28 | G43: =VLOOKUP($A43,$U$38:$AW$70,COLUMN(D$1)+18,FALSE) -> 49.7 | H43: =B43*10^2/E43 -> 253.41429 | I43: =C43*10^2/F43 -> 259.48929 | J43: =D43*10^2/G43 -> 257.42354 | K43: 7.58 | L43: 7.34 | M43: 6.79 | N43: =H43/(1-K43/100) -> 274.19853 | O43: =I43/(1-L43/100) -> 280.04456 | P43: =J43/(1-M43/100) -> 276.17588 | Q43: =N43*About!$A$30 -> 7616754.1 | R43: =O43*About!$A$30 -> 7779146.3 | S43: =P43*About!$A$30 -> 7671681.4 | U43: ='Combustion Generation'!G9 -> 广西壮族自治区 | V43: ='Combustion Generation'!H9 -> 172 | W43: ='Combustion Generation'!I9 -> 168 | X43: ='Combustion Generation'!J9 -> 181 | Y43: ='Combustion Generation'!K9 -> 988 | Z43: ='Combustion Generation'!L9 -> 1032 | AA43: ='Combustion Generation'!M9 -> 1120 | AB43: ='Combustion Generation'!N9 -> 40 | ... AW43: ='Combustion Generation'!AI9 -> 6807
A44: 河北省 | B44: =-VLOOKUP($A44,$U$2:$AQ$33,COLUMN(B$1)+12,FALSE) -> 9.5985 | C44: =-VLOOKUP($A44,$U$2:$AQ$33,COLUMN(C$1)+12,FALSE) -> 17.739 | D44: =-VLOOKUP($A44,$U$2:$AQ$33,COLUMN(D$1)+12,FALSE) -> 20.5335 | E44: =VLOOKUP($A44,$U$38:$AW$70,COLUMN(B$1)+18,FALSE) -> 1 | F44: =VLOOKUP($A44,$U$38:$AW$70,COLUMN(C$1)+18,FALSE) -> 8 | G44: =VLOOKUP($A44,$U$38:$AW$70,COLUMN(D$1)+18,FALSE) -> 10 | H44: =B44*10^2/E44 -> 959.85 | I44: =C44*10^2/F44 -> 221.7375 | J44: =D44*10^2/G44 -> 205.335 | K44: 5.84 | L44: 5.64 | M44: 5.62 | N44: =H44/(1-K44/100) -> 1019.3819 | O44: =I44/(1-L44/100) -> 234.99099 | P44: =J44/(1-M44/100) -> 217.56198 | Q44: =N44*About!$A$30 -> 28316640 | R44: =O44*About!$A$30 -> 6527637.4 | S44: =P44*About!$A$30 -> 6043490.1 | U44: ='Combustion Generation'!G10 -> 贵州省 | V44: ='Combustion Generation'!H10 -> 0 | W44: ='Combustion Generation'!I10 -> 0 | X44: ='Combustion Generation'!J10 -> 0 | Y44: ='Combustion Generation'!K10 -> 1390 | Z44: ='Combustion Generation'!L10 -> 1354 | AA44: ='Combustion Generation'!M10 -> 1485 | AB44: ='Combustion Generation'!N10 -> 1 | ... AW44: ='Combustion Generation'!AI10 -> 8461
A45: 河南省 | B45: =-VLOOKUP($A45,$U$2:$AQ$33,COLUMN(B$1)+12,FALSE) -> 48.2355 | C45: =-VLOOKUP($A45,$U$2:$AQ$33,COLUMN(C$1)+12,FALSE) -> 47.385 | D45: =-VLOOKUP($A45,$U$2:$AQ$33,COLUMN(D$1)+12,FALSE) -> 40.9455 | E45: =VLOOKUP($A45,$U$38:$AW$70,COLUMN(B$1)+18,FALSE) -> 24 | F45: =VLOOKUP($A45,$U$38:$AW$70,COLUMN(C$1)+18,FALSE) -> 29 | G45: =VLOOKUP($A45,$U$38:$AW$70,COLUMN(D$1)+18,FALSE) -> 9 | H45: =B45*10^2/E45 -> 200.98125 | I45: =C45*10^2/F45 -> 163.39655 | J45: =D45*10^2/G45 -> 454.95 | K45: 5.11 | L45: 4.92 | M45: 4.92 | N45: =H45/(1-K45/100) -> 211.80446 | O45: =I45/(1-L45/100) -> 171.85165 | P45: =J45/(1-M45/100) -> 478.4918 | Q45: =N45*About!$A$30 -> 5883556.1 | R45: =O45*About!$A$30 -> 4773737.3 | S45: =P45*About!$A$30 -> 13291662 | U45: ='Combustion Generation'!G11 -> 海南省 | V45: ='Combustion Generation'!H11 -> 97 | W45: ='Combustion Generation'!I11 -> 96 | X45: ='Combustion Generation'!J11 -> 98 | Y45: ='Combustion Generation'!K11 -> 212 | Z45: ='Combustion Generation'!L11 -> 215 | AA45: ='Combustion Generation'!M11 -> 254 | AB45: ='Combustion Generation'!N11 -> 14 | ... AW45: ='Combustion Generation'!AI11 -> 1657
A46: 黑龙江省 | B46: =-VLOOKUP($A46,$U$2:$AQ$33,COLUMN(B$1)+12,FALSE) -> 16.4025 | C46: =-VLOOKUP($A46,$U$2:$AQ$33,COLUMN(C$1)+12,FALSE) -> 26.692716 | D46: =-VLOOKUP($A46,$U$2:$AQ$33,COLUMN(D$1)+12,FALSE) -> 24.057 | E46: =VLOOKUP($A46,$U$38:$AW$70,COLUMN(B$1)+18,FALSE) -> 3 | F46: =VLOOKUP($A46,$U$38:$AW$70,COLUMN(C$1)+18,FALSE) -> 3 | G46: =VLOOKUP($A46,$U$38:$AW$70,COLUMN(D$1)+18,FALSE) -> 3.6 | H46: =B46*10^2/E46 -> 546.75 | I46: =C46*10^2/F46 -> 889.7572 | J46: =D46*10^2/G46 -> 668.25 | K46: 6.58 | L46: 6.52 | M46: 6.84 | N46: =H46/(1-K46/100) -> 585.26012 | O46: =I46/(1-L46/100) -> 951.81558 | P46: =J46/(1-M46/100) -> 717.3143 | Q46: =N46*About!$A$30 -> 16257499 | R46: =O46*About!$A$30 -> 26439766 | S46: =P46*About!$A$30 -> 19925732 | U46: ='Combustion Generation'!G12 -> 河北省 | V46: ='Combustion Generation'!H12 -> 0 | W46: ='Combustion Generation'!I12 -> 0 | X46: ='Combustion Generation'!J12 -> 0 | Y46: ='Combustion Generation'!K12 -> 2377 | Z46: ='Combustion Generation'!L12 -> 2352 | AA46: ='Combustion Generation'!M12 -> 2259 | AB46: ='Combustion Generation'!N12 -> 27 | ... AW46: ='Combustion Generation'!AI12 -> 13994
A47: 湖北省 | B47: =-VLOOKUP($A47,$U$2:$AQ$33,COLUMN(B$1)+12,FALSE) -> 81.2835 | C47: =-VLOOKUP($A47,$U$2:$AQ$33,COLUMN(C$1)+12,FALSE) -> 67.068 | D47: =-VLOOKUP($A47,$U$2:$AQ$33,COLUMN(D$1)+12,FALSE) -> 86.022 | E47: =VLOOKUP($A47,$U$38:$AW$70,COLUMN(B$1)+18,FALSE) -> 33 | F47: =VLOOKUP($A47,$U$38:$AW$70,COLUMN(C$1)+18,FALSE) -> 30 | G47: =VLOOKUP($A47,$U$38:$AW$70,COLUMN(D$1)+18,FALSE) -> 37 | H47: =B47*10^2/E47 -> 246.31364 | I47: =C47*10^2/F47 -> 223.56 | J47: =D47*10^2/G47 -> 232.49189 | K47: 5.08 | L47: 5.07 | M47: 5.07 | N47: =H47/(1-K47/100) -> 259.49603 | O47: =I47/(1-L47/100) -> 235.49984 | P47: =J47/(1-M47/100) -> 244.90877 | Q47: =N47*About!$A$30 -> 7208344.5 | R47: =O47*About!$A$30 -> 6541772.3 | S47: =P47*About!$A$30 -> 6803135.7 | U47: ='Combustion Generation'!G13 -> 河南省 | V47: ='Combustion Generation'!H13 -> 0 | W47: ='Combustion Generation'!I13 -> 0 | X47: ='Combustion Generation'!J13 -> 0 | Y47: ='Combustion Generation'!K13 -> 2481 | Z47: ='Combustion Generation'!L13 -> 2400 | AA47: ='Combustion Generation'!M13 -> 2350 | AB47: ='Combustion Generation'!N13 -> 28 | ... AW47: ='Combustion Generation'!AI13 -> 14476
... A66: 重庆市 | B66: =-VLOOKUP($A66,$U$2:$AQ$33,COLUMN(B$1)+12,FALSE) -> 45.198 | C66: =-VLOOKUP($A66,$U$2:$AQ$33,COLUMN(C$1)+12,FALSE) -> 43.6185 | D66: =-VLOOKUP($A66,$U$2:$AQ$33,COLUMN(D$1)+12,FALSE) -> 61.1145 | E66: =VLOOKUP($A66,$U$38:$AW$70,COLUMN(B$1)+18,FALSE) -> 50 | F66: =VLOOKUP($A66,$U$38:$AW$70,COLUMN(C$1)+18,FALSE) -> 42 | G66: =VLOOKUP($A66,$U$38:$AW$70,COLUMN(D$1)+18,FALSE) -> 54.999 | H66: =B66*10^2/E66 -> 90.396 | I66: =C66*10^2/F66 -> 103.85357 | J66: =D66*10^2/G66 -> 111.11929 | K66: 7.14 | L66: 7.24 | M66: 6.66 | N66: =H66/(1-K66/100) -> 97.346543 | O66: =I66/(1-L66/100) -> 111.95943 | P66: =J66/(1-M66/100) -> 119.04788 | Q66: =N66*About!$A$30 -> 2704116.1 | R66: =O66*About!$A$30 -> 3110036.6 | S66: =P66*About!$A$30 -> 3306941.2 | U66: ='Combustion Generation'!G32 -> 新疆维吾尔自治区 | V66: ='Combustion Generation'!H32 -> 0 | W66: ='Combustion Generation'!I32 -> 0 | X66: ='Combustion Generation'!J32 -> 0 | Y66: ='Combustion Generation'!K32 -> 2777 | Z66: ='Combustion Generation'!L32 -> 3193 | AA66: ='Combustion Generation'!M32 -> 3584 | AB66: ='Combustion Generation'!N32 -> 2 | ... AW66: ='Combustion Generation'!AI32 -> 19114
U67: ='Combustion Generation'!G33 -> 云南省 | V67: ='Combustion Generation'!H33 -> 0 | W67: ='Combustion Generation'!I33 -> 0 | X67: ='Combustion Generation'!J33 -> 0 | Y67: ='Combustion Generation'!K33 -> 318 | Z67: ='Combustion Generation'!L33 -> 415 | AA67: ='Combustion Generation'!M33 -> 455.3 | AB67: ='Combustion Generation'!N33 -> 3 | ... AW67: ='Combustion Generation'!AI33 -> 2379.6
A68: 燃油 | B68: 2019 | C68: 2020 | D68: 2021 | E68: 2019 | F68: 2020 | G68: 2021 | H68: 2019 | I68: 2020 | J68: 2021 | K68: 2019 | L68: 2020 | M68: 2021 | N68: 2019 | O68: 2020 | P68: 2021 | Q68: 2019 | R68: 2020 | S68: 2021 | U68: ='Combustion Generation'!G34 -> 浙江省 | V68: ='Combustion Generation'!H34 -> 629 | W68: ='Combustion Generation'!I34 -> 712 | X68: ='Combustion Generation'!J34 -> 733 | Y68: ='Combustion Generation'!K34 -> 2507 | Z68: ='Combustion Generation'!L34 -> 2432 | AA68: ='Combustion Generation'!M34 -> 3053.04 | AB68: ='Combustion Generation'!N34 -> 12 | ... AW68: ='Combustion Generation'!AI34 -> 18059.13
A69: 安徽省 | B69: =-VLOOKUP($A69,$U$2:$AQ$33,COLUMN(B$1)+15,FALSE) -> 0.553698 | C69: =-VLOOKUP($A69,$U$2:$AQ$33,COLUMN(C$1)+15,FALSE) -> 0.568269 | D69: =-VLOOKUP($A69,$U$2:$AQ$33,COLUMN(D$1)+15,FALSE) -> 1.122831 | E69: =VLOOKUP($A69,$U$38:$AW$70,COLUMN(B$1)+21,FALSE) -> 0 | F69: =VLOOKUP($A69,$U$38:$AW$70,COLUMN(C$1)+21,FALSE) -> 0 | G69: =VLOOKUP($A69,$U$38:$AW$70,COLUMN(D$1)+21,FALSE) -> 0 | H69: =IFERROR(B69*10^2/E69,"") | I69: =IFERROR(C69*10^2/F69,"") | J69: =IFERROR(D69*10^2/G69,"") | K69: 4.72 | L69: 4.49 | M69: 4.51 | N69: =IFERROR(H69/(1-K69/100),"") | O69: =IFERROR(I69/(1-L69/100),"") | P69: =IFERROR(J69/(1-M69/100),"") | Q69: =IFERROR(N69*About!$A$30,"") | R69: =IFERROR(O69*About!$A$30,"") | S69: =IFERROR(P69*About!$A$30,"") | U69: ='Combustion Generation'!G35 -> 重庆市 | V69: ='Combustion Generation'!H35 -> 0 | W69: ='Combustion Generation'!I35 -> 0 | X69: ='Combustion Generation'!J35 -> 0 | Y69: ='Combustion Generation'!K35 -> 554 | Z69: ='Combustion Generation'!L35 -> 538 | AA69: ='Combustion Generation'!M35 -> 667 | AB69: ='Combustion Generation'!N35 -> 2 | ... AW69: ='Combustion Generation'!AI35 -> 3519
A70: 北京市 | B70: =-VLOOKUP($A70,$U$2:$AQ$33,COLUMN(B$1)+15,FALSE) -> 8.3459378 | C70: =-VLOOKUP($A70,$U$2:$AQ$33,COLUMN(C$1)+15,FALSE) -> 7.5347783 | D70: =-VLOOKUP($A70,$U$2:$AQ$33,COLUMN(D$1)+15,FALSE) -> 1.0351563 | E70: =VLOOKUP($A70,$U$38:$AW$70,COLUMN(B$1)+21,FALSE) -> 5 | F70: =VLOOKUP($A70,$U$38:$AW$70,COLUMN(C$1)+21,FALSE) -> 4 | G70: =VLOOKUP($A70,$U$38:$AW$70,COLUMN(D$1)+21,FALSE) -> 2 | H70: =IFERROR(B70*10^2/E70,"") -> 166.91876 | I70: =IFERROR(C70*10^2/F70,"") -> 188.36946 | J70: =IFERROR(D70*10^2/G70,"") -> 51.757814 | K70: 2.79 | L70: 2.71 | M70: 2.79 | N70: =IFERROR(H70/(1-K70/100),"") -> 171.70945 | O70: =IFERROR(I70/(1-L70/100),"") -> 193.61646 | P70: =IFERROR(J70/(1-M70/100),"") -> 53.243302 | Q70: =IFERROR(N70*About!$A$30,"") -> 4769787.2 | R70: =IFERROR(O70*About!$A$30,"") -> 5378325.6 | S70: =IFERROR(P70*About!$A$30,"") -> 1479005.5 | U70: ='Combustion Generation'!G36 -> 总计 | V70: ='Combustion Generation'!H36 -> 6975 | W70: ='Combustion Generation'!I36 -> 7324 | X70: ='Combustion Generation'!J36 -> 8150 | Y70: ='Combustion Generation'!K36 -> 100930 | Z70: ='Combustion Generation'!L36 -> 103538 | AA70: ='Combustion Generation'!M36 -> 113314.14 | AB70: ='Combustion Generation'!N36 -> 969.02 | ... AW70: ='Combustion Generation'!AI36 -> 658740.88
A71: 福建省 | B71: =-VLOOKUP($A71,$U$2:$AQ$33,COLUMN(B$1)+15,FALSE) -> 80.025182 | C71: =-VLOOKUP($A71,$U$2:$AQ$33,COLUMN(C$1)+15,FALSE) -> 58.123121 | D71: =-VLOOKUP($A71,$U$2:$AQ$33,COLUMN(D$1)+15,FALSE) -> 54.918494 | E71: =VLOOKUP($A71,$U$38:$AW$70,COLUMN(B$1)+21,FALSE) -> 0.01 | F71: =VLOOKUP($A71,$U$38:$AW$70,COLUMN(C$1)+21,FALSE) -> 0 | G71: =VLOOKUP($A71,$U$38:$AW$70,COLUMN(D$1)+21,FALSE) -> 0 | H71: =IFERROR(B71*10^2/E71,"") -> 800251.82 | I71: =IFERROR(C71*10^2/F71,"") | J71: =IFERROR(D71*10^2/G71,"") | K71: 4.3 | L71: 4.23 | M71: 4.68 | N71: =IFERROR(H71/(1-K71/100),"") -> 836208.8 | O71: =IFERROR(I71/(1-L71/100),"") | P71: =IFERROR(J71/(1-M71/100),"") | Q71: =IFERROR(N71*About!$A$30,"") -> 2.3228413e+10 | R71: =IFERROR(O71*About!$A$30,"") | S71: =IFERROR(P71*About!$A$30,"")
A72: 甘肃省 | B72: =-VLOOKUP($A72,$U$2:$AQ$33,COLUMN(B$1)+15,FALSE) -> 1.375116 | C72: =-VLOOKUP($A72,$U$2:$AQ$33,COLUMN(C$1)+15,FALSE) -> 1.111977 | D72: =-VLOOKUP($A72,$U$2:$AQ$33,COLUMN(D$1)+15,FALSE) -> 1.271118 | E72: =VLOOKUP($A72,$U$38:$AW$70,COLUMN(B$1)+21,FALSE) -> 0 | F72: =VLOOKUP($A72,$U$38:$AW$70,COLUMN(C$1)+21,FALSE) -> 0 | G72: =VLOOKUP($A72,$U$38:$AW$70,COLUMN(D$1)+21,FALSE) -> 0 | H72: =IFERROR(B72*10^2/E72,"") | I72: =IFERROR(C72*10^2/F72,"") | J72: =IFERROR(D72*10^2/G72,"") | K72: 5.41 | L72: 5.45 | M72: 5.32 | N72: =IFERROR(H72/(1-K72/100),"") | O72: =IFERROR(I72/(1-L72/100),"") | P72: =IFERROR(J72/(1-M72/100),"") | Q72: =IFERROR(N72*About!$A$30,"") | R72: =IFERROR(O72*About!$A$30,"") | S72: =IFERROR(P72*About!$A$30,"")
A73: 广东省 | B73: =-VLOOKUP($A73,$U$2:$AQ$33,COLUMN(B$1)+15,FALSE) -> 67.711535 | C73: =-VLOOKUP($A73,$U$2:$AQ$33,COLUMN(C$1)+15,FALSE) -> 77.620083 | D73: =-VLOOKUP($A73,$U$2:$AQ$33,COLUMN(D$1)+15,FALSE) -> 67.046797 | E73: =VLOOKUP($A73,$U$38:$AW$70,COLUMN(B$1)+21,FALSE) -> 0 | F73: =VLOOKUP($A73,$U$38:$AW$70,COLUMN(C$1)+21,FALSE) -> 0 | G73: =VLOOKUP($A73,$U$38:$AW$70,COLUMN(D$1)+21,FALSE) -> 0 | H73: =IFERROR(B73*10^2/E73,"") | I73: =IFERROR(C73*10^2/F73,"") | J73: =IFERROR(D73*10^2/G73,"") | K73: 4.92 | L73: 4.94 | M73: 4.53 | N73: =IFERROR(H73/(1-K73/100),"") | O73: =IFERROR(I73/(1-L73/100),"") | P73: =IFERROR(J73/(1-M73/100),"") | Q73: =IFERROR(N73*About!$A$30,"") | R73: =IFERROR(O73*About!$A$30,"") | S73: =IFERROR(P73*About!$A$30,"")
