Workbook

Sheet BAU燃油经济性
A1: 手动输入区域 | B1: 起始年 | C1: 终止年 | D1: 乘用车 | F1: 出租车 | H1: 轻型货车 | J1: 中型公交车 | L1: 道路客车 | N1: 中型货车 | P1: 重型货车 | R1: 大型公交车
A2: stage | D2: PV(汽油) | E2: PV(柴油) | F2: Taxi(汽油) | G2: Taxi(柴油) | H2: l_Truck(汽油) | I2: l_Truck(柴油) | J2: city bus(汽油) | K2: city bus(柴油) | L2: road bus(汽油) | M2: road bus(柴油) | N2: h_Truck(汽油) | O2: h_Truck(柴油) | P2: h_Truck(汽油) | Q2: h_Truck(柴油) | R2: h_Truck(汽油) | S2: h_Truck(柴油)
A3: 阶段0 | B3: 2001 | C3: 5 | D3: 11.61 | E3: 0 | F3: 11.61 | G3: 0 | H3: 19.52 | I3: 13.82 | J3: 0 | K3: 14.83 | L3: 0 | M3: 28.22 | N3: 0 | O3: 25.3 | P3: 0 | Q3: 47.75 | R3: 0 | S3: 28.22
B4: 2002 | D4: =D3-0.2 -> 11.41 | F4: =F3-0.2 -> 11.41 | H4: =H3-0.34 -> 19.18 | I4: =I3-0.14 -> 13.68 | K4: =K3-0.58 -> 14.25 | M4: =M3-1.12 -> 27.1 | O4: =O3-1.34 -> 23.96 | Q4: =Q3-1.32 -> 46.43 | S4: =S3-1.12 -> 27.1
B5: 2003 | D5: =D4-0.2 -> 11.21 | F5: =F4-0.2 -> 11.21 | H5: =H4-0.34 -> 18.84 | I5: =I4-0.14 -> 13.54 | K5: =K4-0.58 -> 13.67 | M5: =M4-1.12 -> 25.98 | O5: =O4-1.34 -> 22.62 | Q5: =Q4-1.32 -> 45.11 | S5: =S4-1.12 -> 25.98
B6: 2004 | D6: =D5-0.2 -> 11.01 | F6: =F5-0.2 -> 11.01 | H6: =H5-0.34 -> 18.5 | I6: =I5-0.14 -> 13.4 | K6: =K5-0.58 -> 13.09 | M6: =M5-1.12 -> 24.86 | O6: =O5-1.34 -> 21.28 | Q6: =Q5-1.32 -> 43.79 | S6: =S5-1.12 -> 24.86
B7: 2005 | D7: =D6-0.2 -> 10.81 | F7: =F6-0.2 -> 10.81 | H7: =H6-0.34 -> 18.16 | I7: =I6-0.14 -> 13.26 | K7: =K6-0.58 -> 12.51 | M7: =M6-1.12 -> 23.74 | O7: =O6-1.34 -> 19.94 | Q7: =Q6-1.32 -> 42.47 | S7: =S6-1.12 -> 23.74
A8: 阶段1 | B8: 2006 | C8: 10 | D8: =D7-0.2 -> 10.61 | E8: 0 | F8: =F7-0.2 -> 10.61 | G8: 0 | H8: =H7-0.34 -> 17.82 | I8: =I7-0.14 -> 13.12 | J8: 0 | K8: =K7-0.58 -> 11.93 | L8: 0 | M8: =M7-1.12 -> 22.62 | N8: 0 | O8: 18.55 | P8: 0 | Q8: 41.22 | R8: 0 | S8: =S7-1.12 -> 22.62
B9: 2007 | D9: =D8-0.2 -> 10.41 | F9: =F8-0.2 -> 10.41 | H9: =H8-0.34 -> 17.48 | I9: =I8-0.16 -> 12.96 | K9: =K8-0.26 -> 11.67 | M9: =M8-0.46 -> 22.16 | O9: =O8-0.44 -> 18.11 | Q9: =Q8-0.96 -> 40.26 | S9: =S8-0.46 -> 22.16
B10: 2008 | D10: =D9-0.2 -> 10.21 | F10: =F9-0.2 -> 10.21 | H10: =H9-0.34 -> 17.14 | I10: =I9-0.16 -> 12.8 | K10: =K9-0.26 -> 11.41 | M10: =M9-0.46 -> 21.7 | O10: =O9-0.44 -> 17.67 | Q10: =Q9-0.96 -> 39.3 | S10: =S9-0.46 -> 21.7
B11: 2009 | D11: =D10-0.2 -> 10.01 | F11: =F10-0.2 -> 10.01 | H11: =H10-0.34 -> 16.8 | I11: =I10-0.16 -> 12.64 | K11: =K10-0.26 -> 11.15 | M11: =M10-0.46 -> 21.24 | O11: =O10-0.44 -> 17.23 | Q11: =Q10-0.96 -> 38.34 | S11: =S10-0.46 -> 21.24
B12: 2010 | D12: =D11-0.2 -> 9.81 | F12: =F11-0.2 -> 9.81 | H12: =H11-0.34 -> 16.46 | I12: =I11-0.16 -> 12.48 | K12: =K11-0.26 -> 10.89 | M12: =M11-0.46 -> 20.78 | O12: =O11-0.44 -> 16.79 | Q12: =Q11-0.96 -> 37.38 | S12: =S11-0.46 -> 20.78
A13: 阶段2 | B13: 2011 | C13: 15 | D13: 9.6 | E13: 0 | F13: 9.6 | G13: 0 | H13: =H12-0.34 -> 16.12 | I13: =I12-0.16 -> 12.32 | J13: 0 | K13: 10.57 | L13: 0 | M13: =M12-0.46 -> 20.32 | N13: 0 | O13: =O12-0.44 -> 16.35 | P13: 0 | Q13: 36.38 | R13: 0 | S13: 20.33
B14: 2012 | D14: 9.6 | F14: 9.6 | H14: =H13-0.76 -> 15.36 | I14: =I13-0.44 -> 11.88 | K14: =K13-0.32 -> 10.25 | M14: =M13-0.52 -> 19.8 | O14: =O13-0.48 -> 15.87 | Q14: =Q13-1.04 -> 35.34 | S14: =S13-0.52 -> 19.81
B15: 2013 | D15: 9.6 | F15: 9.6 | H15: =H14-0.76 -> 14.6 | I15: =I14-0.44 -> 11.44 | K15: =K14-0.32 -> 9.93 | M15: =M14-0.52 -> 19.28 | O15: =O14-0.48 -> 15.39 | Q15: =Q14-1.04 -> 34.3 | S15: =S14-0.52 -> 19.29
B16: 2014 | D16: 9.6 | F16: 9.6 | H16: =H15-0.76 -> 13.84 | I16: =I15-0.44 -> 11 | K16: =K15-0.32 -> 9.61 | M16: =M15-0.52 -> 18.76 | O16: =O15-0.48 -> 14.91 | Q16: =Q15-1.04 -> 33.26 | S16: =S15-0.52 -> 18.77
B17: 2015 | D17: 9.6 | F17: 9.6 | H17: =H16-0.76 -> 13.08 | I17: =I16-0.44 -> 10.56 | K17: =K16-0.32 -> 9.29 | M17: =M16-0.52 -> 18.24 | O17: =O16-0.48 -> 14.43 | Q17: =Q16-1.04 -> 32.22 | S17: =S16-0.52 -> 18.25
A18: 阶段3 | B18: 2016 | C18: 20 | D18: 9.6 | E18: 0 | F18: 9.6 | G18: 0 | H18: 12.3 | I18: =I17-0.44 -> 10.12 | J18: 0 | K18: 8.97 | L18: 0 | M18: 17.69 | N18: 0 | O18: 13.98 | P18: 0 | Q18: 31.16 | R18: 0 | S18: 17.69
B19: 2017 | D19: =D18-0.4 -> 9.2 | F19: =F18-0.4 -> 9.2 | H19: 12.3 | I19: 10.1 | K19: 8.97 | M19: 17.69 | O19: 13.98 | Q19: 31.16 | S19: 17.69
B20: 2018 | D20: =D19-0.4 -> 8.8 | F20: =F19-0.4 -> 8.8 | H20: 12.3 | I20: 10.1 | K20: 8.97 | M20: 17.69 | O20: 13.98 | Q20: 31.16 | S20: 17.69
B21: 2019 | D21: =D20-0.4 -> 8.4 | F21: =F20-0.4 -> 8.4 | H21: 12.3 | I21: 10.1 | K21: 8.97 | M21: 17.69 | O21: 13.98 | Q21: 31.16 | S21: 17.69
B22: 2020 | D22: =D21-0.4 -> 8 | F22: =F21-0.4 -> 8 | H22: 12.3 | I22: 10.1 | K22: 8.97 | M22: 17.69 | O22: 13.98 | Q22: 31.16 | S22: 17.69
A23: 阶段4 | B23: 2021 | C23: 25 | D23: 7.61 | E23: 0 | F23: 7.61 | G23: 0 | H23: 12.3 | I23: 10.1 | J23: 0 | K23: 8.97 | L23: 0 | M23: 17.69 | N23: 0 | O23: 13.98 | P23: 0 | Q23: 31.16 | R23: 0 | S23: 17.69
B24: 2022 | D24: =D23-0.72 -> 6.89 | F24: =F23-0.72 -> 6.89 | H24: =H23-0.34 -> 11.96 | I24: =I23-0.26 -> 9.84 | K24: =K23-0.2 -> 8.77 | M24: =M23-1.48 -> 16.21 | O24: =O23-0.74 -> 13.24 | Q24: =Q23-0.86 -> 30.3 | S24: =S23-1.48 -> 16.21
B25: 2023 | D25: =D24-0.72 -> 6.17 | F25: =F24-0.72 -> 6.17 | H25: =H24-0.34 -> 11.62 | I25: =I24-0.26 -> 9.58 | K25: =K24-0.2 -> 8.57 | M25: =M24-1.48 -> 14.73 | O25: =O24-0.74 -> 12.5 | Q25: =Q24-0.86 -> 29.44 | S25: =S24-1.48 -> 14.73
B26: 2024 | D26: =D25-0.72 -> 5.45 | F26: =F25-0.72 -> 5.45 | H26: =H25-0.34 -> 11.28 | I26: =I25-0.26 -> 9.32 | K26: =K25-0.2 -> 8.37 | M26: =M25-1.48 -> 13.25 | O26: =O25-0.74 -> 11.76 | Q26: =Q25-0.86 -> 28.58 | S26: =S25-1.48 -> 13.25
B27: 2025 | D27: =D26-0.72 -> 4.73 | F27: =F26-0.72 -> 4.73 | H27: =H26-0.34 -> 10.94 | I27: =I26-0.26 -> 9.06 | K27: =K26-0.2 -> 8.17 | M27: =M26-1.48 -> 11.77 | O27: =O26-0.74 -> 11.02 | Q27: =Q26-0.86 -> 27.72 | S27: =S26-1.48 -> 11.77
A28: stage5 | B28: 2026 | C28: 30 | D28: 4 | E28: 0 | F28: 4 | G28: 0 | H28: 10.5984 | I28: =I27-0.26 -> 8.8 | J28: 0 | K28: =K27-0.2 -> 7.97 | L28: 0 | M28: 10.3 | N28: 0 | O28: 10.3 | P28: 0 | Q28: 26.864 | R28: 0 | S28: 10.3
B29: 2027 | D29: 4 | F29: 4 | H29: =H28-0.04 -> 10.5584 | I29: =I28-0.04 -> 8.76 | K29: 8 | M29: 10.3 | O29: 10.3 | Q29: =Q28-0.12 -> 26.744 | S29: 10.3
B30: 2028 | D30: 4 | F30: 4 | H30: =H29-0.04 -> 10.5184 | I30: =I29-0.04 -> 8.72 | K30: 8 | M30: 10.3 | O30: 10.3 | Q30: =Q29-0.12 -> 26.624 | S30: 10.3
B31: 2029 | D31: 4 | F31: 4 | H31: =H30-0.04 -> 10.4784 | I31: =I30-0.04 -> 8.68 | K31: 8 | M31: 10.3 | O31: 10.3 | Q31: =Q30-0.12 -> 26.504 | S31: 10.3
B32: 2030 | D32: 4 | F32: 4 | H32: =H31-0.04 -> 10.4384 | I32: =I31-0.04 -> 8.64 | K32: 8 | M32: 10.3 | O32: 10.3 | Q32: =Q31-0.12 -> 26.384 | S32: 10.3
A33: stage6 | B33: 2031 | C33: 40 | D33: 4 | E33: 0 | F33: 4 | G33: 0 | H33: =H32-0.04 -> 10.3984 | I33: =I32-0.04 -> 8.6 | J33: 0 | K33: 8 | L33: 0 | M33: 10.3 | N33: 0 | O33: 10.3 | P33: 0 | Q33: 26.28 | R33: 0 | S33: 10.3
B34: 2032 | D34: 4 | F34: 4 | H34: =H33-0.06 -> 10.3384 | I34: =I33-0.04 -> 8.56 | K34: 8 | M34: 10.3 | O34: 10.3 | Q34: =Q33-0.15 -> 26.13 | S34: 10.3
B35: 2033 | D35: 4 | F35: 4 | H35: =H34-0.06 -> 10.2784 | I35: =I34-0.04 -> 8.52 | K35: 8 | M35: 10.3 | O35: 10.3 | Q35: =Q34-0.15 -> 25.98 | S35: 10.3
B36: 2034 | D36: 4 | F36: 4 | H36: =H35-0.06 -> 10.2184 | I36: =I35-0.04 -> 8.48 | K36: 8 | M36: 10.3 | O36: 10.3 | Q36: =Q35-0.15 -> 25.83 | S36: 10.3
B37: 2035 | D37: 4 | F37: 4 | H37: =H36-0.06 -> 10.1584 | I37: =I36-0.04 -> 8.44 | K37: 8 | M37: 10.3 | O37: 10.3 | Q37: =Q36-0.15 -> 25.68 | S37: 10.3
B38: 2036 | D38: 4 | F38: 4 | H38: =H37-0.06 -> 10.0984 | I38: =I37-0.04 -> 8.4 | K38: 8 | M38: 10.3 | O38: 10.3 | Q38: =Q37-0.15 -> 25.53 | S38: 10.3
B39: 2037 | D39: 4 | F39: 4 | H39: =H38-0.06 -> 10.0384 | I39: =I38-0.04 -> 8.36 | K39: 8 | M39: 10.3 | O39: 10.3 | Q39: =Q38-0.15 -> 25.38 | S39: 10.3
B40: 2038 | D40: 4 | F40: 4 | H40: =H39-0.06 -> 9.9784 | I40: =I39-0.04 -> 8.32 | K40: 8 | M40: 10.3 | O40: 10.3 | Q40: =Q39-0.15 -> 25.23 | S40: 10.3
B41: 2039 | D41: 4 | F41: 4 | H41: =H40-0.06 -> 9.9184 | I41: =I40-0.04 -> 8.28 | K41: 8 | M41: 10.3 | O41: 10.3 | Q41: =Q40-0.15 -> 25.08 | S41: 10.3
B42: 2040 | D42: 4 | F42: 4 | H42: =H41-0.06 -> 9.8584 | I42: =I41-0.04 -> 8.24 | K42: 8 | M42: 10.3 | O42: 10.3 | Q42: =Q41-0.15 -> 24.93 | S42: 10.3
A43: stage7 | B43: 2041 | C43: 50 | D43: 4 | E43: 0 | F43: 4 | G43: 0 | H43: =H42-0.06 -> 9.7984 | I43: =I42-0.04 -> 8.2 | J43: 0 | K43: 8 | L43: 0 | M43: 10.3 | N43: 0 | O43: 10.3 | P43: 0 | Q43: 24.82 | R43: 0 | S43: 10.3
B44: 2042 | D44: 4 | F44: 4 | H44: =H43-0.06 -> 9.7384 | I44: =I43-0.05 -> 8.15 | K44: 8 | M44: 10.3 | O44: 10.3 | Q44: =Q43-0.14 -> 24.68 | S44: 10.3
B45: 2043 | D45: 4 | F45: 4 | H45: =H44-0.06 -> 9.6784 | I45: =I44-0.05 -> 8.1 | K45: 8 | M45: 10.3 | O45: 10.3 | Q45: =Q44-0.14 -> 24.54 | S45: 10.3
B46: 2044 | D46: 4 | F46: 4 | H46: =H45-0.06 -> 9.6184 | I46: =I45-0.05 -> 8.05 | K46: 8 | M46: 10.3 | O46: 10.3 | Q46: =Q45-0.14 -> 24.4 | S46: 10.3
B47: 2045 | D47: 4 | F47: 4 | H47: =H46-0.06 -> 9.5584 | I47: =I46-0.05 -> 8 | K47: 8 | M47: 10.3 | O47: 10.3 | Q47: =Q46-0.14 -> 24.26 | S47: 10.3
B48: 2046 | D48: 4 | F48: 4 | H48: =H47-0.06 -> 9.4984 | I48: =I47-0.05 -> 7.95 | K48: 8 | M48: 10.3 | O48: 10.3 | Q48: =Q47-0.14 -> 24.12 | S48: 10.3
B49: 2047 | D49: 4 | F49: 4 | H49: =H48-0.06 -> 9.4384 | I49: =I48-0.05 -> 7.9 | K49: 8 | M49: 10.3 | O49: 10.3 | Q49: =Q48-0.14 -> 23.98 | S49: 10.3
B50: 2048 | D50: 4 | F50: 4 | H50: =H49-0.06 -> 9.3784 | I50: =I49-0.05 -> 7.85 | K50: 8 | M50: 10.3 | O50: 10.3 | Q50: =Q49-0.14 -> 23.84 | S50: 10.3
B51: 2049 | D51: 4 | F51: 4 | H51: =H50-0.06 -> 9.3184 | I51: =I50-0.05 -> 7.8 | K51: 8 | M51: 10.3 | O51: 10.3 | Q51: =Q50-0.14 -> 23.7 | S51: 10.3
B52: 2050 | D52: 4 | F52: 4 | H52: =H51-0.06 -> 9.2584 | I52: =I51-0.05 -> 7.75 | K52: 8 | M52: 10.3 | O52: 10.3 | Q52: =Q51-0.14 -> 23.56 | S52: 10.3
A53: stage8 | B53: 2051 | C53: 60 | D53: 4 | E53: 0 | F53: 4 | G53: 0 | H53: 9.216 | I53: =I52-0.05 -> 7.7 | J53: 0 | K53: 8 | L53: 0 | M53: 10.3 | N53: 0 | O53: 10.3 | P53: 0 | Q53: =Q52-0.14 -> 23.42 | R53: 0 | S53: 10.3
B54: 2052 | D54: 4 | F54: 4 | H54: 9.216 | I54: 7.68 | K54: 8 | M54: 10.3 | O54: 10.3 | Q54: 23.36 | S54: 10.3
B55: 2053 | D55: 4 | F55: 4 | H55: 9.216 | I55: 7.68 | K55: 8 | M55: 10.3 | O55: 10.3 | Q55: 23.36 | S55: 10.3
B56: 2054 | D56: 4 | F56: 4 | H56: 9.216 | I56: 7.68 | K56: 8 | M56: 10.3 | O56: 10.3 | Q56: 23.36 | S56: 10.3
B57: 2055 | D57: 4 | F57: 4 | H57: 9.216 | I57: 7.68 | K57: 8 | M57: 10.3 | O57: 10.3 | Q57: 23.36 | S57: 10.3
B58: 2056 | D58: 4 | F58: 4 | H58: 9.216 | I58: 7.68 | K58: 8 | M58: 10.3 | O58: 10.3 | Q58: 23.36 | S58: 10.3
B59: 2057 | D59: 4 | F59: 4 | H59: 9.216 | I59: 7.68 | K59: 8 | M59: 10.3 | O59: 10.3 | Q59: 23.36 | S59: 10.3
B60: 2058 | D60: 4 | F60: 4 | H60: 9.216 | I60: 7.68 | K60: 8 | M60: 10.3 | O60: 10.3 | Q60: 23.36 | S60: 10.3
B61: 2059 | D61: 4 | F61: 4 | H61: 9.216 | I61: 7.68 | K61: 8 | M61: 10.3 | O61: 10.3 | Q61: 23.36 | S61: 10.3
B62: 2060 | D62: 4 | F62: 4 | H62: 9.216 | I62: 7.68 | K62: 8 | M62: 10.3 | O62: 10.3 | Q62: 23.36 | S62: 10.3

Sheet CNS燃油经济性
A1: 手动输入区域 | B1: 起始年 | C1: 终止年 | D1: 乘用车 | F1: 出租车 | H1: 轻型货车 | J1: 中型公交车 | L1: 道路客车 | N1: 中型货车 | P1: 重型货车 | R1: 大型公交车
A2: stage | D2: PV(汽油) | E2: PV(柴油) | F2: Taxi(汽油) | G2: Taxi(柴油) | H2: l_Truck(汽油) | I2: l_Truck(柴油) | J2: city bus(汽油) | K2: city bus(柴油) | L2: road bus(汽油) | M2: road bus(柴油) | N2: h_Truck(汽油) | O2: h_Truck(柴油) | P2: h_Truck(汽油) | Q2: h_Truck(柴油) | R2: h_Truck(汽油) | S2: h_Truck(柴油)
A3: 阶段0 | B3: 2001 | C3: 5
B4: 2002
B5: 2003
B6: 2004
B7: 2005
A8: 阶段1 | B8: 2006 | C8: 10
B9: 2007
B10: 2008
B11: 2009
B12: 2010
A13: 阶段2 | B13: 2011 | C13: 15
B14: 2012
B15: 2013
B16: 2014
B17: 2015
A18: 阶段3 | B18: 2016 | C18: 20 | D18: 9.6 | E18: 0 | F18: 9.6 | G18: 0 | H18: 12.3 | I18: 10.1 | J18: 0 | K18: 8.97 | L18: 0 | M18: 17.69 | N18: 0 | O18: 13.98 | P18: 0 | Q18: 31.16 | R18: 0 | S18: 17.69
B19: 2017 | D19: =D18-(D$18-D$23)/5 -> 9.202 | E19: =E18-(E$18-E$23)/5 -> 0 | F19: =F18-(F$18-F$23)/5 -> 9.202 | G19: =G18-(G$18-G$23)/5 -> 0 | H19: =H18-(H$18-H$23)/5 -> 12.3 | I19: =I18-(I$18-I$23)/5 -> 10.1 | J19: =J18-(J$18-J$23)/5 -> 0 | K19: =K18-(K$18-K$23)/5 -> 8.97 | ... S19: =S18-(S$18-S$23)/5 -> 17.69
B20: 2018 | D20: =D19-(D$18-D$23)/5 -> 8.804 | E20: =E19-(E$18-E$23)/5 -> 0 | F20: =F19-(F$18-F$23)/5 -> 8.804 | G20: =G19-(G$18-G$23)/5 -> 0 | H20: =H19-(H$18-H$23)/5 -> 12.3 | I20: =I19-(I$18-I$23)/5 -> 10.1 | J20: =J19-(J$18-J$23)/5 -> 0 | K20: =K19-(K$18-K$23)/5 -> 8.97 | ... S20: =S19-(S$18-S$23)/5 -> 17.69
B21: 2019 | D21: =D20-(D$18-D$23)/5 -> 8.406 | E21: =E20-(E$18-E$23)/5 -> 0 | F21: =F20-(F$18-F$23)/5 -> 8.406 | G21: =G20-(G$18-G$23)/5 -> 0 | H21: =H20-(H$18-H$23)/5 -> 12.3 | I21: =I20-(I$18-I$23)/5 -> 10.1 | J21: =J20-(J$18-J$23)/5 -> 0 | K21: =K20-(K$18-K$23)/5 -> 8.97 | ... S21: =S20-(S$18-S$23)/5 -> 17.69
B22: 2020 | D22: =D21-(D$18-D$23)/5 -> 8.008 | E22: =E21-(E$18-E$23)/5 -> 0 | F22: =F21-(F$18-F$23)/5 -> 8.008 | G22: =G21-(G$18-G$23)/5 -> 0 | H22: =H21-(H$18-H$23)/5 -> 12.3 | I22: =I21-(I$18-I$23)/5 -> 10.1 | J22: =J21-(J$18-J$23)/5 -> 0 | K22: =K21-(K$18-K$23)/5 -> 8.97 | ... S22: =S21-(S$18-S$23)/5 -> 17.69
A23: 阶段4 | B23: 2021 | C23: 25 | D23: 7.61 | E23: 0 | F23: 7.61 | G23: 0 | H23: 12.3 | I23: 10.1 | J23: 0 | K23: 8.97 | L23: 0 | M23: 17.69 | N23: 0 | O23: 13.98 | P23: 0 | Q23: 31.16 | R23: 0 | S23: 17.69
B24: 2022 | D24: =D23-(D$23-D$28)/5 -> 6.888 | E24: =E23-(E$23-E$28)/5 -> 0 | F24: =F23-(F$23-F$28)/5 -> 6.888 | G24: =G23-(G$23-G$28)/5 -> 0 | H24: =H23-(H$23-H$28)/5 -> 11.93664 | I24: =I23-(I$23-I$28)/5 -> 9.8272 | J24: =J23-(J$23-J$28)/5 -> 0 | K24: =K23-(K$23-K$28)/5 -> 8.7547462 | ... S24: =S23-(S$23-S$28)/5 -> 16.7904
B25: 2023 | D25: =D24-(D$23-D$28)/5 -> 6.166 | E25: =E24-(E$23-E$28)/5 -> 0 | F25: =F24-(F$23-F$28)/5 -> 6.166 | G25: =G24-(G$23-G$28)/5 -> 0 | H25: =H24-(H$23-H$28)/5 -> 11.57328 | I25: =I24-(I$23-I$28)/5 -> 9.5544 | J25: =J24-(J$23-J$28)/5 -> 0 | K25: =K24-(K$23-K$28)/5 -> 8.5394923 | ... S25: =S24-(S$23-S$28)/5 -> 15.8908
B26: 2024 | D26: =D25-(D$23-D$28)/5 -> 5.444 | E26: =E25-(E$23-E$28)/5 -> 0 | F26: =F25-(F$23-F$28)/5 -> 5.444 | G26: =G25-(G$23-G$28)/5 -> 0 | H26: =H25-(H$23-H$28)/5 -> 11.20992 | I26: =I25-(I$23-I$28)/5 -> 9.2816 | J26: =J25-(J$23-J$28)/5 -> 0 | K26: =K25-(K$23-K$28)/5 -> 8.3242385 | ... S26: =S25-(S$23-S$28)/5 -> 14.9912
B27: 2025 | D27: =D26-(D$23-D$28)/5 -> 4.722 | E27: =E26-(E$23-E$28)/5 -> 0 | F27: =F26-(F$23-F$28)/5 -> 4.722 | G27: =G26-(G$23-G$28)/5 -> 0 | H27: =H26-(H$23-H$28)/5 -> 10.84656 | I27: =I26-(I$23-I$28)/5 -> 9.0088 | J27: =J26-(J$23-J$28)/5 -> 0 | K27: =K26-(K$23-K$28)/5 -> 8.1089846 | ... S27: =S26-(S$23-S$28)/5 -> 14.0916
A28: stage5 | B28: 2026 | C28: 30 | D28: 4 | E28: 0 | F28: 4 | G28: 0 | H28: 10.4832 | I28: 8.736 | J28: 0 | K28: 7.8937308 | L28: 0 | M28: 13.192 | N28: 0 | O28: 10.684882 | P28: 0 | Q28: 26.572 | R28: 0 | S28: 13.192
B29: 2027 | D29: =D28-(D$28-D$33)/5 -> 3.94 | E29: =E28-(E$28-E$33)/5 -> 0 | F29: =F28-(F$28-F$33)/5 -> 3.94 | G29: =G28-(G$28-G$33)/5 -> 0 | H29: =H28-(H$28-H$33)/5 -> 10.41408 | I29: =I28-(I$28-I$33)/5 -> 8.6784 | J29: =J28-(J$28-J$33)/5 -> 0 | K29: =K28-(K$28-K$33)/5 -> 7.7925291 | ... S29: =S28-(S$28-S$33)/5 -> 12.998
B30: 2028 | D30: =D29-(D$28-D$33)/5 -> 3.88 | E30: =E29-(E$28-E$33)/5 -> 0 | F30: =F29-(F$28-F$33)/5 -> 3.88 | G30: =G29-(G$28-G$33)/5 -> 0 | H30: =H29-(H$28-H$33)/5 -> 10.34496 | I30: =I29-(I$28-I$33)/5 -> 8.6208 | J30: =J29-(J$28-J$33)/5 -> 0 | K30: =K29-(K$28-K$33)/5 -> 7.6913274 | ... S30: =S29-(S$28-S$33)/5 -> 12.804
B31: 2029 | D31: =D30-(D$28-D$33)/5 -> 3.82 | E31: =E30-(E$28-E$33)/5 -> 0 | F31: =F30-(F$28-F$33)/5 -> 3.82 | G31: =G30-(G$28-G$33)/5 -> 0 | H31: =H30-(H$28-H$33)/5 -> 10.27584 | I31: =I30-(I$28-I$33)/5 -> 8.5632 | J31: =J30-(J$28-J$33)/5 -> 0 | K31: =K30-(K$28-K$33)/5 -> 7.5901258 | ... S31: =S30-(S$28-S$33)/5 -> 12.61
B32: 2030 | D32: =D31-(D$28-D$33)/5 -> 3.76 | E32: =E31-(E$28-E$33)/5 -> 0 | F32: =F31-(F$28-F$33)/5 -> 3.76 | G32: =G31-(G$28-G$33)/5 -> 0 | H32: =H31-(H$28-H$33)/5 -> 10.20672 | I32: =I31-(I$28-I$33)/5 -> 8.5056 | J32: =J31-(J$28-J$33)/5 -> 0 | K32: =K31-(K$28-K$33)/5 -> 7.4889241 | ... S32: =S31-(S$28-S$33)/5 -> 12.416
A33: stage6 | B33: 2031 | C33: 40 | D33: 3.7 | E33: 0 | F33: 3.7 | G33: 0 | H33: 10.1376 | I33: 8.448 | J33: 0 | K33: 7.3877224 | L33: 0 | M33: 12.222 | N33: 0 | O33: 10.251711 | P33: 0 | Q33: 25.696 | R33: 0 | S33: 12.222
B34: 2032 | D34: =D33-(D$33-D$43)/10 -> 3.66 | E34: =E33-(E$33-E$43)/10 -> 0 | F34: =F33-(F$33-F$43)/10 -> 3.66 | G34: =G33-(G$33-G$43)/10 -> 0 | H34: =H33-(H$33-H$43)/10 -> 10.08 | I34: =I33-(I$33-I$43)/10 -> 8.4 | J34: =J33-(J$33-J$43)/10 -> 0 | K34: =K33-(K$33-K$43)/10 -> 7.3371216 | ... S34: =S33-(S$33-S$43)/10 -> 12.125
B35: 2033 | D35: =D34-(D$33-D$43)/10 -> 3.62 | E35: =E34-(E$33-E$43)/10 -> 0 | F35: =F34-(F$33-F$43)/10 -> 3.62 | G35: =G34-(G$33-G$43)/10 -> 0 | H35: =H34-(H$33-H$43)/10 -> 10.0224 | I35: =I34-(I$33-I$43)/10 -> 8.352 | J35: =J34-(J$33-J$43)/10 -> 0 | K35: =K34-(K$33-K$43)/10 -> 7.2865207 | ... S35: =S34-(S$33-S$43)/10 -> 12.028
B36: 2034 | D36: =D35-(D$33-D$43)/10 -> 3.58 | E36: =E35-(E$33-E$43)/10 -> 0 | F36: =F35-(F$33-F$43)/10 -> 3.58 | G36: =G35-(G$33-G$43)/10 -> 0 | H36: =H35-(H$33-H$43)/10 -> 9.9648 | I36: =I35-(I$33-I$43)/10 -> 8.304 | J36: =J35-(J$33-J$43)/10 -> 0 | K36: =K35-(K$33-K$43)/10 -> 7.2359199 | ... S36: =S35-(S$33-S$43)/10 -> 11.931
B37: 2035 | D37: =D36-(D$33-D$43)/10 -> 3.54 | E37: =E36-(E$33-E$43)/10 -> 0 | F37: =F36-(F$33-F$43)/10 -> 3.54 | G37: =G36-(G$33-G$43)/10 -> 0 | H37: =H36-(H$33-H$43)/10 -> 9.9072 | I37: =I36-(I$33-I$43)/10 -> 8.256 | J37: =J36-(J$33-J$43)/10 -> 0 | K37: =K36-(K$33-K$43)/10 -> 7.185319 | ... S37: =S36-(S$33-S$43)/10 -> 11.834
B38: 2036 | D38: =D37-(D$33-D$43)/10 -> 3.5 | E38: =E37-(E$33-E$43)/10 -> 0 | F38: =F37-(F$33-F$43)/10 -> 3.5 | G38: =G37-(G$33-G$43)/10 -> 0 | H38: =H37-(H$33-H$43)/10 -> 9.8496 | I38: =I37-(I$33-I$43)/10 -> 8.208 | J38: =J37-(J$33-J$43)/10 -> 0 | K38: =K37-(K$33-K$43)/10 -> 7.1347182 | ... S38: =S37-(S$33-S$43)/10 -> 11.737
B39: 2037 | D39: =D38-(D$33-D$43)/10 -> 3.46 | E39: =E38-(E$33-E$43)/10 -> 0 | F39: =F38-(F$33-F$43)/10 -> 3.46 | G39: =G38-(G$33-G$43)/10 -> 0 | H39: =H38-(H$33-H$43)/10 -> 9.792 | I39: =I38-(I$33-I$43)/10 -> 8.16 | J39: =J38-(J$33-J$43)/10 -> 0 | K39: =K38-(K$33-K$43)/10 -> 7.0841174 | ... S39: =S38-(S$33-S$43)/10 -> 11.64
B40: 2038 | D40: =D39-(D$33-D$43)/10 -> 3.42 | E40: =E39-(E$33-E$43)/10 -> 0 | F40: =F39-(F$33-F$43)/10 -> 3.42 | G40: =G39-(G$33-G$43)/10 -> 0 | H40: =H39-(H$33-H$43)/10 -> 9.7344 | I40: =I39-(I$33-I$43)/10 -> 8.112 | J40: =J39-(J$33-J$43)/10 -> 0 | K40: =K39-(K$33-K$43)/10 -> 7.0335165 | ... S40: =S39-(S$33-S$43)/10 -> 11.543
B41: 2039 | D41: =D40-(D$33-D$43)/10 -> 3.38 | E41: =E40-(E$33-E$43)/10 -> 0 | F41: =F40-(F$33-F$43)/10 -> 3.38 | G41: =G40-(G$33-G$43)/10 -> 0 | H41: =H40-(H$33-H$43)/10 -> 9.6768 | I41: =I40-(I$33-I$43)/10 -> 8.064 | J41: =J40-(J$33-J$43)/10 -> 0 | K41: =K40-(K$33-K$43)/10 -> 6.9829157 | ... S41: =S40-(S$33-S$43)/10 -> 11.446
B42: 2040 | D42: =D41-(D$33-D$43)/10 -> 3.34 | E42: =E41-(E$33-E$43)/10 -> 0 | F42: =F41-(F$33-F$43)/10 -> 3.34 | G42: =G41-(G$33-G$43)/10 -> 0 | H42: =H41-(H$33-H$43)/10 -> 9.6192 | I42: =I41-(I$33-I$43)/10 -> 8.016 | J42: =J41-(J$33-J$43)/10 -> 0 | K42: =K41-(K$33-K$43)/10 -> 6.9323149 | ... S42: =S41-(S$33-S$43)/10 -> 11.349
A43: stage7 | B43: 2041 | C43: 50 | D43: 3.3 | E43: 0 | F43: 3.3 | G43: 0 | H43: 9.5616 | I43: 7.968 | J43: 0 | K43: 6.881714 | L43: 0 | M43: 11.252 | N43: 0 | O43: 9.9629305 | P43: 0 | Q43: 24.236 | R43: 0 | S43: 11.252
B44: 2042 | D44: =D43-(D$43-D$53)/10 -> 3.27 | E44: =E43-(E$43-E$53)/10 -> 0 | F44: =F43-(F$43-F$53)/10 -> 3.27 | G44: =G43-(G$43-G$53)/10 -> 0 | H44: =H43-(H$43-H$53)/10 -> 9.504 | I44: =I43-(I$43-I$53)/10 -> 7.92 | J44: =J43-(J$43-J$53)/10 -> 0 | K44: =K43-(K$43-K$53)/10 -> 6.8311132 | ... S44: =S43-(S$43-S$53)/10 -> 11.155
B45: 2043 | D45: =D44-(D$43-D$53)/10 -> 3.24 | E45: =E44-(E$43-E$53)/10 -> 0 | F45: =F44-(F$43-F$53)/10 -> 3.24 | G45: =G44-(G$43-G$53)/10 -> 0 | H45: =H44-(H$43-H$53)/10 -> 9.4464 | I45: =I44-(I$43-I$53)/10 -> 7.872 | J45: =J44-(J$43-J$53)/10 -> 0 | K45: =K44-(K$43-K$53)/10 -> 6.7805123 | ... S45: =S44-(S$43-S$53)/10 -> 11.058
B46: 2044 | D46: =D45-(D$43-D$53)/10 -> 3.21 | E46: =E45-(E$43-E$53)/10 -> 0 | F46: =F45-(F$43-F$53)/10 -> 3.21 | G46: =G45-(G$43-G$53)/10 -> 0 | H46: =H45-(H$43-H$53)/10 -> 9.3888 | I46: =I45-(I$43-I$53)/10 -> 7.824 | J46: =J45-(J$43-J$53)/10 -> 0 | K46: =K45-(K$43-K$53)/10 -> 6.7299115 | ... S46: =S45-(S$43-S$53)/10 -> 10.961
B47: 2045 | D47: =D46-(D$43-D$53)/10 -> 3.18 | E47: =E46-(E$43-E$53)/10 -> 0 | F47: =F46-(F$43-F$53)/10 -> 3.18 | G47: =G46-(G$43-G$53)/10 -> 0 | H47: =H46-(H$43-H$53)/10 -> 9.3312 | I47: =I46-(I$43-I$53)/10 -> 7.776 | J47: =J46-(J$43-J$53)/10 -> 0 | K47: =K46-(K$43-K$53)/10 -> 6.6793107 | ... S47: =S46-(S$43-S$53)/10 -> 10.864
B48: 2046 | D48: =D47-(D$43-D$53)/10 -> 3.15 | E48: =E47-(E$43-E$53)/10 -> 0 | F48: =F47-(F$43-F$53)/10 -> 3.15 | G48: =G47-(G$43-G$53)/10 -> 0 | H48: =H47-(H$43-H$53)/10 -> 9.2736 | I48: =I47-(I$43-I$53)/10 -> 7.728 | J48: =J47-(J$43-J$53)/10 -> 0 | K48: =K47-(K$43-K$53)/10 -> 6.6287098 | ... S48: =S47-(S$43-S$53)/10 -> 10.767
B49: 2047 | D49: =D48-(D$43-D$53)/10 -> 3.12 | E49: =E48-(E$43-E$53)/10 -> 0 | F49: =F48-(F$43-F$53)/10 -> 3.12 | G49: =G48-(G$43-G$53)/10 -> 0 | H49: =H48-(H$43-H$53)/10 -> 9.216 | I49: =I48-(I$43-I$53)/10 -> 7.68 | J49: =J48-(J$43-J$53)/10 -> 0 | K49: =K48-(K$43-K$53)/10 -> 6.578109 | ... S49: =S48-(S$43-S$53)/10 -> 10.67
B50: 2048 | D50: =D49-(D$43-D$53)/10 -> 3.09 | E50: =E49-(E$43-E$53)/10 -> 0 | F50: =F49-(F$43-F$53)/10 -> 3.09 | G50: =G49-(G$43-G$53)/10 -> 0 | H50: =H49-(H$43-H$53)/10 -> 9.1584 | I50: =I49-(I$43-I$53)/10 -> 7.632 | J50: =J49-(J$43-J$53)/10 -> 0 | K50: =K49-(K$43-K$53)/10 -> 6.5275082 | ... S50: =S49-(S$43-S$53)/10 -> 10.573
B51: 2049 | D51: =D50-(D$43-D$53)/10 -> 3.06 | E51: =E50-(E$43-E$53)/10 -> 0 | F51: =F50-(F$43-F$53)/10 -> 3.06 | G51: =G50-(G$43-G$53)/10 -> 0 | H51: =H50-(H$43-H$53)/10 -> 9.1008 | I51: =I50-(I$43-I$53)/10 -> 7.584 | J51: =J50-(J$43-J$53)/10 -> 0 | K51: =K50-(K$43-K$53)/10 -> 6.4769073 | ... S51: =S50-(S$43-S$53)/10 -> 10.476
B52: 2050 | D52: =D51-(D$43-D$53)/10 -> 3.03 | E52: =E51-(E$43-E$53)/10 -> 0 | F52: =F51-(F$43-F$53)/10 -> 3.03 | G52: =G51-(G$43-G$53)/10 -> 0 | H52: =H51-(H$43-H$53)/10 -> 9.0432 | I52: =I51-(I$43-I$53)/10 -> 7.536 | J52: =J51-(J$43-J$53)/10 -> 0 | K52: =K51-(K$43-K$53)/10 -> 6.4263065 | ... S52: =S51-(S$43-S$53)/10 -> 10.379
A53: stage8 | B53: 2051 | C53: 60 | D53: 3 | E53: 0 | F53: 3 | G53: 0 | H53: 8.9856 | I53: 7.488 | J53: 0 | K53: 6.3757056 | L53: 0 | M53: 10.282 | N53: 0 | O53: 9.8185402 | P53: 0 | Q53: 22.776 | R53: 0 | S53: 10.282
B54: 2052 | D54: 3 | E54: 0 | F54: 3 | G54: 0 | H54: 8.9856 | I54: 7.488 | J54: 0 | K54: 6.3757056 | L54: 0 | M54: 10.282 | N54: 0 | O54: 9.8185402 | P54: 0 | Q54: 22.776 | R54: 0 | S54: 10.282
B55: 2053 | D55: 3 | E55: 0 | F55: 3 | G55: 0 | H55: 8.9856 | I55: 7.488 | J55: 0 | K55: 6.3757056 | L55: 0 | M55: 10.282 | N55: 0 | O55: 9.8185402 | P55: 0 | Q55: 22.776 | R55: 0 | S55: 10.282
B56: 2054 | D56: 3 | E56: 0 | F56: 3 | G56: 0 | H56: 8.9856 | I56: 7.488 | J56: 0 | K56: 6.3757056 | L56: 0 | M56: 10.282 | N56: 0 | O56: 9.8185402 | P56: 0 | Q56: 22.776 | R56: 0 | S56: 10.282
B57: 2055 | D57: 3 | E57: 0 | F57: 3 | G57: 0 | H57: 8.9856 | I57: 7.488 | J57: 0 | K57: 6.3757056 | L57: 0 | M57: 10.282 | N57: 0 | O57: 9.8185402 | P57: 0 | Q57: 22.776 | R57: 0 | S57: 10.282
B58: 2056 | D58: 3 | E58: 0 | F58: 3 | G58: 0 | H58: 8.9856 | I58: 7.488 | J58: 0 | K58: 6.3757056 | L58: 0 | M58: 10.282 | N58: 0 | O58: 9.8185402 | P58: 0 | Q58: 22.776 | R58: 0 | S58: 10.282
B59: 2057 | D59: 3 | E59: 0 | F59: 3 | G59: 0 | H59: 8.9856 | I59: 7.488 | J59: 0 | K59: 6.3757056 | L59: 0 | M59: 10.282 | N59: 0 | O59: 9.8185402 | P59: 0 | Q59: 22.776 | R59: 0 | S59: 10.282
B60: 2058 | D60: 3 | E60: 0 | F60: 3 | G60: 0 | H60: 8.9856 | I60: 7.488 | J60: 0 | K60: 6.3757056 | L60: 0 | M60: 10.282 | N60: 0 | O60: 9.8185402 | P60: 0 | Q60: 22.776 | R60: 0 | S60: 10.282
B61: 2059 | D61: 3 | E61: 0 | F61: 3 | G61: 0 | H61: 8.9856 | I61: 7.488 | J61: 0 | K61: 6.3757056 | L61: 0 | M61: 10.282 | N61: 0 | O61: 9.8185402 | P61: 0 | Q61: 22.776 | R61: 0 | S61: 10.282
B62: 2060 | D62: 3 | E62: 0 | F62: 3 | G62: 0 | H62: 8.9856 | I62: 7.488 | J62: 0 | K62: 6.3757056 | L62: 0 | M62: 10.282 | N62: 0 | O62: 9.8185402 | P62: 0 | Q62: 22.776 | R62: 0 | S62: 10.282

Sheet 燃油经济性提升
A1: 手动输入区域 | B1: 起始年 | C1: 终止年 | D1: 乘用车 | F1: 出租车 | H1: 轻型货车 | J1: 中型公交车 | L1: 道路客车 | N1: 中型货车 | P1: 重型货车 | R1: 大型公交车
A2: stage | D2: PV(汽油) | E2: PV(柴油) | F2: Taxi(汽油) | G2: Taxi(柴油) | H2: l_Truck(汽油) | I2: l_Truck(柴油) | J2: city bus(汽油) | K2: city bus(柴油) | L2: road bus(汽油) | M2: road bus(柴油) | N2: h_Truck(汽油) | O2: h_Truck(柴油) | P2: h_Truck(汽油) | Q2: h_Truck(柴油) | R2: h_Truck(汽油) | S2: h_Truck(柴油)
A3: 阶段0 | B3: 2001 | C3: 5
B4: 2002
B5: 2003
B6: 2004
B7: 2005
A8: 阶段1 | B8: 2006 | C8: 10 | V8: 起始年数量 | W8: 汽油 | X8: 柴油 | Z8: 起始年占比 | AA8: 汽油 | AB8: 柴油
B9: 2007 | V9: 客运LDVs | W9: 261344177 | X9: 1843349 | Z9: 客运LDVs | AA9: =W9/(W9+X9) -> 0.99299606 | AB9: =1-AA9 -> 0.0070039376
B10: 2008 | V10: 客运HDVs | W10: 631888 | X10: 850154 | Z10: 客运HDVs | AA10: =W10/(W10+X10) -> 0.42636309 | AB10: =1-AA10 -> 0.57363691
B11: 2009 | V11: 货运LDVs | W11: 13054425 | X11: 9943096 | Z11: 货运LDVs | AA11: =W11/(W11+X11) -> 0.56764488 | AB11: =1-AA11 -> 0.43235512
B12: 2010 | V12: 货运HDVs | W12: 0 | X12: 8595806 | Z12: 货运HDVs | AA12: =W12/(W12+X12) -> 0 | AB12: =1-AA12 -> 1
A13: 阶段2 | B13: 2011 | C13: 15
B14: 2012
B15: 2013
B16: 2014
B17: 2015 | X17: 乘用车 | Y17: 销量 | Z17: 出租车 | AA17: 销量 | AB17: 轻型货车 | AC17: 销量 | AD17: 中型公交车 | AE17: 销量 | AF17: 道路客车 | AG17: 销量 | AH17: 中型货车 | AI17: 销量 | AJ17: 重型货车 | AK17: 销量 | AL17: 大型公交车 | AM17: 销量 | AP17: 客运LDV | AQ17: 客运HDV | AR17: 货运LDV | AS17: 货运HDV | AT17: Fopity | AU17: 客运LDV | AV17: 客运HDV | AW17: 货运LDV | AX17: 货运HDV
A18: 阶段3 | B18: 2016 | C18: 20 | D18: =IFERROR((BAU燃油经济性!D18-CNS燃油经济性!D18)/BAU燃油经济性!D18,0) -> 0 | E18: =IFERROR((BAU燃油经济性!E18-CNS燃油经济性!E18)/BAU燃油经济性!E18,0) -> 0 | F18: =IFERROR((BAU燃油经济性!F18-CNS燃油经济性!F18)/BAU燃油经济性!F18,0) -> 0 | G18: =IFERROR((BAU燃油经济性!G18-CNS燃油经济性!G18)/BAU燃油经济性!G18,0) -> 0 | H18: =IFERROR((BAU燃油经济性!H18-CNS燃油经济性!H18)/BAU燃油经济性!H18,0) -> 0 | I18: =IFERROR((BAU燃油经济性!I18-CNS燃油经济性!I18)/BAU燃油经济性!I18,0) -> 0.0019762846 | J18: =IFERROR((BAU燃油经济性!J18-CNS燃油经济性!J18)/BAU燃油经济性!J18,0) -> 0 | K18: =IFERROR((BAU燃油经济性!K18-CNS燃油经济性!K18)/BAU燃油经济性!K18,0) -> 0 | ... S18: =IFERROR((BAU燃油经济性!S18-CNS燃油经济性!S18)/BAU燃油经济性!S18,0) -> 0 | U18: 阶段3 | V18: 2016 | W18: 20 | X18: =D18*$AA$9+E18*$AB$9 -> 0 | Z18: =F18*$AA$9+G18*$AB$9 -> 0 | AB18: =H18*$AA$11+I18*$AB$11 -> 0.00085445676 | AD18: =J18*$AA$10+K18*$AB$10 -> 0 | AF18: =L18*$AA$10+M18*$AB$10 -> 0 | AH18: =O18 -> 0 | AJ18: =Q18 -> 0 | AL18: =R18*$AA$10+S18*$AB$10 -> 0 | AO18: 2016 | AP18: =X18 -> 0 | AR18: =AB18 -> 0.00085445676
B19: 2017 | D19: =IFERROR((BAU燃油经济性!D19-CNS燃油经济性!D19)/BAU燃油经济性!D19,0) -> -0.0002173913 | E19: =IFERROR((BAU燃油经济性!E19-CNS燃油经济性!E19)/BAU燃油经济性!E19,0) -> 0 | F19: =IFERROR((BAU燃油经济性!F19-CNS燃油经济性!F19)/BAU燃油经济性!F19,0) -> -0.0002173913 | G19: =IFERROR((BAU燃油经济性!G19-CNS燃油经济性!G19)/BAU燃油经济性!G19,0) -> 0 | H19: =IFERROR((BAU燃油经济性!H19-CNS燃油经济性!H19)/BAU燃油经济性!H19,0) -> 0 | I19: =IFERROR((BAU燃油经济性!I19-CNS燃油经济性!I19)/BAU燃油经济性!I19,0) -> 0 | J19: =IFERROR((BAU燃油经济性!J19-CNS燃油经济性!J19)/BAU燃油经济性!J19,0) -> 0 | K19: =IFERROR((BAU燃油经济性!K19-CNS燃油经济性!K19)/BAU燃油经济性!K19,0) -> 0 | ... S19: =IFERROR((BAU燃油经济性!S19-CNS燃油经济性!S19)/BAU燃油经济性!S19,0) -> 0 | V19: 2017 | X19: =D19*$AA$9+E19*$AB$9 -> -0.00021586871 | Z19: =F19*$AA$9+G19*$AB$9 -> -0.00021586871 | AB19: =H19*$AA$11+I19*$AB$11 -> 0 | AD19: =J19*$AA$10+K19*$AB$10 -> 0 | AF19: =L19*$AA$10+M19*$AB$10 -> 0 | AH19: =O19 -> 0 | AJ19: =Q19 -> 0 | AL19: =R19*$AA$10+S19*$AB$10 -> 0 | AO19: 2017 | AP19: =X19 -> -0.00021586871 | AR19: =AB19 -> 0
B20: 2018 | D20: =IFERROR((BAU燃油经济性!D20-CNS燃油经济性!D20)/BAU燃油经济性!D20,0) -> -0.00045454545 | E20: =IFERROR((BAU燃油经济性!E20-CNS燃油经济性!E20)/BAU燃油经济性!E20,0) -> 0 | F20: =IFERROR((BAU燃油经济性!F20-CNS燃油经济性!F20)/BAU燃油经济性!F20,0) -> -0.00045454545 | G20: =IFERROR((BAU燃油经济性!G20-CNS燃油经济性!G20)/BAU燃油经济性!G20,0) -> 0 | H20: =IFERROR((BAU燃油经济性!H20-CNS燃油经济性!H20)/BAU燃油经济性!H20,0) -> 0 | I20: =IFERROR((BAU燃油经济性!I20-CNS燃油经济性!I20)/BAU燃油经济性!I20,0) -> 0 | J20: =IFERROR((BAU燃油经济性!J20-CNS燃油经济性!J20)/BAU燃油经济性!J20,0) -> 0 | K20: =IFERROR((BAU燃油经济性!K20-CNS燃油经济性!K20)/BAU燃油经济性!K20,0) -> 0 | ... S20: =IFERROR((BAU燃油经济性!S20-CNS燃油经济性!S20)/BAU燃油经济性!S20,0) -> 0 | V20: 2018 | X20: =D20*$AA$9+E20*$AB$9 -> -0.00045136185 | Z20: =F20*$AA$9+G20*$AB$9 -> -0.00045136185 | AB20: =H20*$AA$11+I20*$AB$11 -> 0 | AD20: =J20*$AA$10+K20*$AB$10 -> 0 | AF20: =L20*$AA$10+M20*$AB$10 -> 0 | AH20: =O20 -> 0 | AJ20: =Q20 -> 0 | AL20: =R20*$AA$10+S20*$AB$10 -> 0 | AO20: 2018 | AP20: =X20 -> -0.00045136185 | AR20: =AB20 -> 0
B21: 2019 | D21: =IFERROR((BAU燃油经济性!D21-CNS燃油经济性!D21)/BAU燃油经济性!D21,0) -> -0.00071428571 | E21: =IFERROR((BAU燃油经济性!E21-CNS燃油经济性!E21)/BAU燃油经济性!E21,0) -> 0 | F21: =IFERROR((BAU燃油经济性!F21-CNS燃油经济性!F21)/BAU燃油经济性!F21,0) -> -0.00071428571 | G21: =IFERROR((BAU燃油经济性!G21-CNS燃油经济性!G21)/BAU燃油经济性!G21,0) -> 0 | H21: =IFERROR((BAU燃油经济性!H21-CNS燃油经济性!H21)/BAU燃油经济性!H21,0) -> 0 | I21: =IFERROR((BAU燃油经济性!I21-CNS燃油经济性!I21)/BAU燃油经济性!I21,0) -> 0 | J21: =IFERROR((BAU燃油经济性!J21-CNS燃油经济性!J21)/BAU燃油经济性!J21,0) -> 0 | K21: =IFERROR((BAU燃油经济性!K21-CNS燃油经济性!K21)/BAU燃油经济性!K21,0) -> 0 | ... S21: =IFERROR((BAU燃油经济性!S21-CNS燃油经济性!S21)/BAU燃油经济性!S21,0) -> 0 | V21: 2019 | X21: =D21*$AA$9+E21*$AB$9 -> -0.0007092829 | Z21: =F21*$AA$9+G21*$AB$9 -> -0.0007092829 | AB21: =H21*$AA$11+I21*$AB$11 -> 0 | AD21: =J21*$AA$10+K21*$AB$10 -> 0 | AF21: =L21*$AA$10+M21*$AB$10 -> 0 | AH21: =O21 -> 0 | AJ21: =Q21 -> 0 | AL21: =R21*$AA$10+S21*$AB$10 -> 0 | AO21: 2019 | AP21: =X21 -> -0.0007092829 | AR21: =AB21 -> 0
B22: 2020 | D22: =IFERROR((BAU燃油经济性!D22-CNS燃油经济性!D22)/BAU燃油经济性!D22,0) -> -0.001 | E22: =IFERROR((BAU燃油经济性!E22-CNS燃油经济性!E22)/BAU燃油经济性!E22,0) -> 0 | F22: =IFERROR((BAU燃油经济性!F22-CNS燃油经济性!F22)/BAU燃油经济性!F22,0) -> -0.001 | G22: =IFERROR((BAU燃油经济性!G22-CNS燃油经济性!G22)/BAU燃油经济性!G22,0) -> 0 | H22: =IFERROR((BAU燃油经济性!H22-CNS燃油经济性!H22)/BAU燃油经济性!H22,0) -> 0 | I22: =IFERROR((BAU燃油经济性!I22-CNS燃油经济性!I22)/BAU燃油经济性!I22,0) -> 0 | J22: =IFERROR((BAU燃油经济性!J22-CNS燃油经济性!J22)/BAU燃油经济性!J22,0) -> 0 | K22: =IFERROR((BAU燃油经济性!K22-CNS燃油经济性!K22)/BAU燃油经济性!K22,0) -> 0 | ... S22: =IFERROR((BAU燃油经济性!S22-CNS燃油经济性!S22)/BAU燃油经济性!S22,0) -> 0 | V22: 2020 | X22: =D22*$AA$9+E22*$AB$9 -> -0.00099299606 | Z22: =F22*$AA$9+G22*$AB$9 -> -0.00099299606 | AB22: =H22*$AA$11+I22*$AB$11 -> 0 | AD22: =J22*$AA$10+K22*$AB$10 -> 0 | AE22: 5275.9879 | AF22: =L22*$AA$10+M22*$AB$10 -> 0 | AG22: 124695.25 | AH22: =O22 -> 0 | AI22: 95769.559 | AJ22: =Q22 -> 0 | AK22: 1486078.8 | AL22: =R22*$AA$10+S22*$AB$10 -> 0 | AM22: 59319.679 | AO22: 2020 | AP22: =X22 -> -0.00099299606 | AR22: =AB22 -> 0
A23: 阶段4 | B23: 2021 | C23: 25 | D23: =IFERROR((BAU燃油经济性!D23-CNS燃油经济性!D23)/BAU燃油经济性!D23,0) -> 1.1671201e-16 | E23: =IFERROR((BAU燃油经济性!E23-CNS燃油经济性!E23)/BAU燃油经济性!E23,0) -> 0 | F23: =IFERROR((BAU燃油经济性!F23-CNS燃油经济性!F23)/BAU燃油经济性!F23,0) -> 0 | G23: =IFERROR((BAU燃油经济性!G23-CNS燃油经济性!G23)/BAU燃油经济性!G23,0) -> 0 | H23: =IFERROR((BAU燃油经济性!H23-CNS燃油经济性!H23)/BAU燃油经济性!H23,0) -> 0 | I23: =IFERROR((BAU燃油经济性!I23-CNS燃油经济性!I23)/BAU燃油经济性!I23,0) -> 0 | J23: =IFERROR((BAU燃油经济性!J23-CNS燃油经济性!J23)/BAU燃油经济性!J23,0) -> 0 | K23: =IFERROR((BAU燃油经济性!K23-CNS燃油经济性!K23)/BAU燃油经济性!K23,0) -> 0 | ... S23: =IFERROR((BAU燃油经济性!S23-CNS燃油经济性!S23)/BAU燃油经济性!S23,0) -> 0 | U23: 阶段4 | V23: 2021 | W23: 25 | X23: =D23*$AA$9+E23*$AB$9 -> 1.1589457e-16 | Z23: =F23*$AA$9+G23*$AB$9 -> 0 | AB23: =H23*$AA$11+I23*$AB$11 -> 0 | AD23: =J23*$AA$10+K23*$AB$10 -> 0 | AE23: 14786.569 | AF23: =L23*$AA$10+M23*$AB$10 -> 0 | AG23: -406.07578 | AH23: =O23 -> 0 | AI23: 34625.977 | AJ23: =Q23 -> 0 | AK23: 1443872.3 | AL23: =R23*$AA$10+S23*$AB$10 -> 0 | AM23: 166250.3 | AO23: 2021 | AP23: =X23 -> 1.1589457e-16 | AR23: =AB23 -> 0
B24: 2022 | D24: =IFERROR((BAU燃油经济性!D24-CNS燃油经济性!D24)/BAU燃油经济性!D24,0) -> 0.00029027576 | E24: =IFERROR((BAU燃油经济性!E24-CNS燃油经济性!E24)/BAU燃油经济性!E24,0) -> 0 | F24: =IFERROR((BAU燃油经济性!F24-CNS燃油经济性!F24)/BAU燃油经济性!F24,0) -> 0.00029027576 | G24: =IFERROR((BAU燃油经济性!G24-CNS燃油经济性!G24)/BAU燃油经济性!G24,0) -> 0 | H24: =IFERROR((BAU燃油经济性!H24-CNS燃油经济性!H24)/BAU燃油经济性!H24,0) -> 0.0019531773 | I24: =IFERROR((BAU燃油经济性!I24-CNS燃油经济性!I24)/BAU燃油经济性!I24,0) -> 0.001300813 | J24: =IFERROR((BAU燃油经济性!J24-CNS燃油经济性!J24)/BAU燃油经济性!J24,0) -> 0 | K24: =IFERROR((BAU燃油经济性!K24-CNS燃油经济性!K24)/BAU燃油经济性!K24,0) -> 0.0017393207 | ... S24: =IFERROR((BAU燃油经济性!S24-CNS燃油经济性!S24)/BAU燃油经济性!S24,0) -> -0.035805059 | V24: 2022 | X24: =D24*$AA$9+E24*$AB$9 -> 0.00028824269 | Z24: =F24*$AA$9+G24*$AB$9 -> 0.00028824269 | AB24: =H24*$AA$11+I24*$AB$11 -> 0.0016711242 | AD24: =J24*$AA$10+K24*$AB$10 -> 0.00099773856 | AE24: 5010.2423 | AF24: =L24*$AA$10+M24*$AB$10 -> -0.020539103 | AG24: 168080.94 | AH24: =O24 -> -0.0061160427 | AI24: 87157.395 | AJ24: =Q24 -> 0.0019009901 | AK24: 813781.62 | AL24: =R24*$AA$10+S24*$AB$10 -> -0.020539103 | AM24: 56331.814 | AO24: 2022 | AP24: =X24 -> 0.00028824269 | AQ24: =AD24*AE24/(AE24+AG24+AM24)+AF24*AG24/(AE24+AG24+AM24)+AL24*AM24/(AE24+AG24+AM24) -> -0.020068772 | AR24: =AB24 -> 0.0016711242 | AS24: =AH24*AI24/(AI24+AK24)+AJ24*AK24/(AI24+AK24) -> 0.0011254174 | AT24: 2022 | AU24: =AP24/AP$62 -> 0.001161103 | AV24: =AQ24/AQ$62 -> -4.425852 | AW24: =AR24/AR$62 -> 0.066844969 | AX24: =AS24/AS$62 -> 0.041758639
B25: 2023 | D25: =IFERROR((BAU燃油经济性!D25-CNS燃油经济性!D25)/BAU燃油经济性!D25,0) -> 0.00064829822 | E25: =IFERROR((BAU燃油经济性!E25-CNS燃油经济性!E25)/BAU燃油经济性!E25,0) -> 0 | F25: =IFERROR((BAU燃油经济性!F25-CNS燃油经济性!F25)/BAU燃油经济性!F25,0) -> 0.00064829822 | G25: =IFERROR((BAU燃油经济性!G25-CNS燃油经济性!G25)/BAU燃油经济性!G25,0) -> 0 | H25: =IFERROR((BAU燃油经济性!H25-CNS燃油经济性!H25)/BAU燃油经济性!H25,0) -> 0.004020654 | I25: =IFERROR((BAU燃油经济性!I25-CNS燃油经济性!I25)/BAU燃油经济性!I25,0) -> 0.0026722338 | J25: =IFERROR((BAU燃油经济性!J25-CNS燃油经济性!J25)/BAU燃油经济性!J25,0) -> 0 | K25: =IFERROR((BAU燃油经济性!K25-CNS燃油经济性!K25)/BAU燃油经济性!K25,0) -> 0.0035598232 | ... S25: =IFERROR((BAU燃油经济性!S25-CNS燃油经济性!S25)/BAU燃油经济性!S25,0) -> -0.07880516 | V25: 2023 | X25: =D25*$AA$9+E25*$AB$9 -> 0.00064375758 | Z25: =F25*$AA$9+G25*$AB$9 -> 0.00064375758 | AB25: =H25*$AA$11+I25*$AB$11 -> 0.0034376577 | AD25: =J25*$AA$10+K25*$AB$10 -> 0.002042046 | AE25: 4238.2229 | AF25: =L25*$AA$10+M25*$AB$10 -> -0.045205549 | AG25: 147765.97 | AH25: =O25 -> -0.012956225 | AI25: 52794.868 | AJ25: =Q25 -> 0.0039130435 | AK25: 728354.8 | AL25: =R25*$AA$10+S25*$AB$10 -> -0.045205549 | AM25: 47651.744 | AO25: 2023 | AP25: =X25 -> 0.00064375758 | AQ25: =AD25*AE25/(AE25+AG25+AM25)+AF25*AG25/(AE25+AG25+AM25)+AL25*AM25/(AE25+AG25+AM25) -> -0.044202594 | AR25: =AB25 -> 0.0034376577 | AS25: =AH25*AI25/(AI25+AK25)+AJ25*AK25/(AI25+AK25) -> 0.0027729152 | AT25: 2023 | AU25: =AP25/AP$62 -> 0.0025931929 | AV25: =AQ25/AQ$62 -> -9.7481868 | AW25: =AR25/AR$62 -> 0.13750631 | AX25: =AS25/AS$62 -> 0.10288909
B26: 2024 | D26: =IFERROR((BAU燃油经济性!D26-CNS燃油经济性!D26)/BAU燃油经济性!D26,0) -> 0.0011009174 | E26: =IFERROR((BAU燃油经济性!E26-CNS燃油经济性!E26)/BAU燃油经济性!E26,0) -> 0 | F26: =IFERROR((BAU燃油经济性!F26-CNS燃油经济性!F26)/BAU燃油经济性!F26,0) -> 0.0011009174 | G26: =IFERROR((BAU燃油经济性!G26-CNS燃油经济性!G26)/BAU燃油经济性!G26,0) -> 0 | H26: =IFERROR((BAU燃油经济性!H26-CNS燃油经济性!H26)/BAU燃油经济性!H26,0) -> 0.006212766 | I26: =IFERROR((BAU燃油经济性!I26-CNS燃油经济性!I26)/BAU燃油经济性!I26,0) -> 0.0041201717 | J26: =IFERROR((BAU燃油经济性!J26-CNS燃油经济性!J26)/BAU燃油经济性!J26,0) -> 0 | K26: =IFERROR((BAU燃油经济性!K26-CNS燃油经济性!K26)/BAU燃油经济性!K26,0) -> 0.0054673271 | ... S26: =IFERROR((BAU燃油经济性!S26-CNS燃油经济性!S26)/BAU燃油经济性!S26,0) -> -0.13141132 | V26: 2024 | X26: =D26*$AA$9+E26*$AB$9 -> 0.0010932067 | Z26: =F26*$AA$9+G26*$AB$9 -> 0.0010932067 | AB26: =H26*$AA$11+I26*$AB$11 -> 0.0053080221 | AD26: =J26*$AA$10+K26*$AB$10 -> 0.0031362606 | AE26: 3298.3662 | AF26: =L26*$AA$10+M26*$AB$10 -> -0.075382385 | AG26: 128583 | AH26: =O26 -> -0.020657246 | AI26: 54291.037 | AJ26: =Q26 -> 0.0060461861 | AK26: 834576.65 | AL26: =R26*$AA$10+S26*$AB$10 -> -0.075382385 | AM26: 37084.624 | AO26: 2024 | AP26: =X26 -> 0.0010932067 | AQ26: =AD26*AE26/(AE26+AG26+AM26)+AF26*AG26/(AE26+AG26+AM26)+AL26*AM26/(AE26+AG26+AM26) -> -0.073849631 | AR26: =AB26 -> 0.0053080221 | AS26: =AH26*AI26/(AI26+AK26)+AJ26*AK26/(AI26+AK26) -> 0.0044151706 | AT26: 2024 | AU26: =AP26/AP$62 -> 0.0044036697 | AV26: =AQ26/AQ$62 -> -16.286374 | AW26: =AR26/AR$62 -> 0.21232088 | AX26: =AS26/AS$62 -> 0.16382501
B27: 2025 | D27: =IFERROR((BAU燃油经济性!D27-CNS燃油经济性!D27)/BAU燃油经济性!D27,0) -> 0.0016913319 | E27: =IFERROR((BAU燃油经济性!E27-CNS燃油经济性!E27)/BAU燃油经济性!E27,0) -> 0 | F27: =IFERROR((BAU燃油经济性!F27-CNS燃油经济性!F27)/BAU燃油经济性!F27,0) -> 0.0016913319 | G27: =IFERROR((BAU燃油经济性!G27-CNS燃油经济性!G27)/BAU燃油经济性!G27,0) -> 0 | H27: =IFERROR((BAU燃油经济性!H27-CNS燃油经济性!H27)/BAU燃油经济性!H27,0) -> 0.0085411335 | I27: =IFERROR((BAU燃油经济性!I27-CNS燃油经济性!I27)/BAU燃油经济性!I27,0) -> 0.0056512141 | J27: =IFERROR((BAU燃油经济性!J27-CNS燃油经济性!J27)/BAU燃油经济性!J27,0) -> 0 | K27: =IFERROR((BAU燃油经济性!K27-CNS燃油经济性!K27)/BAU燃油经济性!K27,0) -> 0.0074682216 | ... S27: =IFERROR((BAU燃油经济性!S27-CNS燃油经济性!S27)/BAU燃油经济性!S27,0) -> -0.19724724 | V27: 2025 | X27: =D27*$AA$9+E27*$AB$9 -> 0.0016794859 | Z27: =F27*$AA$9+G27*$AB$9 -> 0.0016794859 | AB27: =H27*$AA$11+I27*$AB$11 -> 0.007291662 | AD27: =J27*$AA$10+K27*$AB$10 -> 0.0042840476 | AE27: 6762.943 | AF27: =L27*$AA$10+M27*$AB$10 -> -0.1131483 | AG27: 114572.3 | AH27: =O27 -> -0.029392525 | AI27: 82042.143 | AJ27: =Q27 -> 0.0083116883 | AK27: 959003.89 | AL27: =R27*$AA$10+S27*$AB$10 -> -0.1131483 | AM27: 76038.008 | AO27: 2025 | AP27: =X27 -> 0.0016794859 | AQ27: =AD27*AE27/(AE27+AG27+AM27)+AF27*AG27/(AE27+AG27+AM27)+AL27*AM27/(AE27+AG27+AM27) -> -0.10912451 | AR27: =AB27 -> 0.007291662 | AS27: =AH27*AI27/(AI27+AK27)+AJ27*AK27/(AI27+AK27) -> 0.0053403169 | AT27: 2025 | AU27: =AP27/AP$62 -> 0.0067653277 | AV27: =AQ27/AQ$62 -> -24.065694 | AW27: =AR27/AR$62 -> 0.29166648 | AX27: =AS27/AS$62 -> 0.19815258
A28: stage5 | B28: 2026 | C28: 30 | D28: =IFERROR((BAU燃油经济性!D28-CNS燃油经济性!D28)/BAU燃油经济性!D28,0) -> 0 | E28: =IFERROR((BAU燃油经济性!E28-CNS燃油经济性!E28)/BAU燃油经济性!E28,0) -> 0 | F28: =IFERROR((BAU燃油经济性!F28-CNS燃油经济性!F28)/BAU燃油经济性!F28,0) -> 0 | G28: =IFERROR((BAU燃油经济性!G28-CNS燃油经济性!G28)/BAU燃油经济性!G28,0) -> 0 | H28: =IFERROR((BAU燃油经济性!H28-CNS燃油经济性!H28)/BAU燃油经济性!H28,0) -> 0.010869565 | I28: =IFERROR((BAU燃油经济性!I28-CNS燃油经济性!I28)/BAU燃油经济性!I28,0) -> 0.0072727273 | J28: =IFERROR((BAU燃油经济性!J28-CNS燃油经济性!J28)/BAU燃油经济性!J28,0) -> 0 | K28: =IFERROR((BAU燃油经济性!K28-CNS燃油经济性!K28)/BAU燃油经济性!K28,0) -> 0.0095695374 | ... S28: =IFERROR((BAU燃油经济性!S28-CNS燃油经济性!S28)/BAU燃油经济性!S28,0) -> -0.2807767 | U28: stage5 | V28: 2026 | W28: 30 | X28: =D28*$AA$9+E28*$AB$9 -> 0 | Z28: =F28*$AA$9+G28*$AB$9 -> 0 | AB28: =H28*$AA$11+I28*$AB$11 -> 0.0093144539 | AD28: =J28*$AA$10+K28*$AB$10 -> 0.0054894399 | AE28: 8919.2059 | AF28: =L28*$AA$10+M28*$AB$10 -> -0.16106388 | AG28: 109688.21 | AH28: =O28 -> -0.037367187 | AI28: 115778.35 | AJ28: =Q28 -> 0.010869565 | AK28: 1008115.4 | AL28: =R28*$AA$10+S28*$AB$10 -> -0.16106388 | AM28: 100281.59 | AO28: 2026 | AP28: =X28 -> 0 | AQ28: =AD28*AE28/(AE28+AG28+AM28)+AF28*AG28/(AE28+AG28+AM28)+AL28*AM28/(AE28+AG28+AM28) -> -0.15427723 | AR28: =AB28 -> 0.0093144539 | AS28: =AH28*AI28/(AI28+AK28)+AJ28*AK28/(AI28+AK28) -> 0.0059004373 | AT28: 2026 | AU28: =AP28/AP$62 -> 0 | AV28: =AQ28/AQ$62 -> -34.023416 | AW28: =AR28/AR$62 -> 0.37257816 | AX28: =AS28/AS$62 -> 0.21893587
B29: 2027 | D29: =IFERROR((BAU燃油经济性!D29-CNS燃油经济性!D29)/BAU燃油经济性!D29,0) -> 0.015 | E29: =IFERROR((BAU燃油经济性!E29-CNS燃油经济性!E29)/BAU燃油经济性!E29,0) -> 0 | F29: =IFERROR((BAU燃油经济性!F29-CNS燃油经济性!F29)/BAU燃油经济性!F29,0) -> 0.015 | G29: =IFERROR((BAU燃油经济性!G29-CNS燃油经济性!G29)/BAU燃油经济性!G29,0) -> 0 | H29: =IFERROR((BAU燃油经济性!H29-CNS燃油经济性!H29)/BAU燃油经济性!H29,0) -> 0.013668738 | I29: =IFERROR((BAU燃油经济性!I29-CNS燃油经济性!I29)/BAU燃油经济性!I29,0) -> 0.0093150685 | J29: =IFERROR((BAU燃油经济性!J29-CNS燃油经济性!J29)/BAU燃油经济性!J29,0) -> 0 | K29: =IFERROR((BAU燃油经济性!K29-CNS燃油经济性!K29)/BAU燃油经济性!K29,0) -> 0.025933861 | ... S29: =IFERROR((BAU燃油经济性!S29-CNS燃油经济性!S29)/BAU燃油经济性!S29,0) -> -0.26194175 | V29: 2027 | X29: =D29*$AA$9+E29*$AB$9 -> 0.014894941 | Z29: =F29*$AA$9+G29*$AB$9 -> 0.014894941 | AB29: =H29*$AA$11+I29*$AB$11 -> 0.011786407 | AD29: =J29*$AA$10+K29*$AB$10 -> 0.01487662 | AE29: 5757.3191 | AF29: =L29*$AA$10+M29*$AB$10 -> -0.15025946 | AG29: 114661.91 | AH29: =O29 -> -0.028956102 | AI29: 141551.97 | AJ29: =Q29 -> 0.012982351 | AK29: 1091325.1 | AL29: =R29*$AA$10+S29*$AB$10 -> -0.15025946 | AM29: 64731.445 | AO29: 2027 | AP29: =X29 -> 0.014894941 | AQ29: =AD29*AE29/(AE29+AG29+AM29)+AF29*AG29/(AE29+AG29+AM29)+AL29*AM29/(AE29+AG29+AM29) -> -0.1451245 | AR29: =AB29 -> 0.011786407 | AS29: =AH29*AI29/(AI29+AK29)+AJ29*AK29/(AI29+AK29) -> 0.008167215 | AT29: 2027 | AU29: =AP29/AP$62 -> 0.06 | AV29: =AQ29/AQ$62 -> -32.004925 | AW29: =AR29/AR$62 -> 0.47145626 | AX29: =AS29/AS$62 -> 0.3030447
B30: 2028 | D30: =IFERROR((BAU燃油经济性!D30-CNS燃油经济性!D30)/BAU燃油经济性!D30,0) -> 0.03 | E30: =IFERROR((BAU燃油经济性!E30-CNS燃油经济性!E30)/BAU燃油经济性!E30,0) -> 0 | F30: =IFERROR((BAU燃油经济性!F30-CNS燃油经济性!F30)/BAU燃油经济性!F30,0) -> 0.03 | G30: =IFERROR((BAU燃油经济性!G30-CNS燃油经济性!G30)/BAU燃油经济性!G30,0) -> 0 | H30: =IFERROR((BAU燃油经济性!H30-CNS燃油经济性!H30)/BAU燃油经济性!H30,0) -> 0.0164892 | I30: =IFERROR((BAU燃油经济性!I30-CNS燃油经济性!I30)/BAU燃油经济性!I30,0) -> 0.011376147 | J30: =IFERROR((BAU燃油经济性!J30-CNS燃油经济性!J30)/BAU燃油经济性!J30,0) -> 0 | K30: =IFERROR((BAU燃油经济性!K30-CNS燃油经济性!K30)/BAU燃油经济性!K30,0) -> 0.038584071 | ... S30: =IFERROR((BAU燃油经济性!S30-CNS燃油经济性!S30)/BAU燃油经济性!S30,0) -> -0.2431068 | V30: 2028 | X30: =D30*$AA$9+E30*$AB$9 -> 0.029789882 | Z30: =F30*$AA$9+G30*$AB$9 -> 0.029789882 | AB30: =H30*$AA$11+I30*$AB$11 -> 0.014278545 | AD30: =J30*$AA$10+K30*$AB$10 -> 0.022133247 | AE30: 3393.0166 | AF30: =L30*$AA$10+M30*$AB$10 -> -0.13945503 | AG30: 125956.54 | AH30: =O30 -> -0.020545017 | AI30: 151334.27 | AJ30: =Q30 -> 0.015114183 | AK30: 1235508 | AL30: =R30*$AA$10+S30*$AB$10 -> -0.13945503 | AM30: 38148.809 | AO30: 2028 | AP30: =X30 -> 0.029789882 | AQ30: =AD30*AE30/(AE30+AG30+AM30)+AF30*AG30/(AE30+AG30+AM30)+AL30*AM30/(AE30+AG30+AM30) -> -0.13618174 | AR30: =AB30 -> 0.014278545 | AS30: =AH30*AI30/(AI30+AK30)+AJ30*AK30/(AI30+AK30) -> 0.011222998 | AT30: 2028 | AU30: =AP30/AP$62 -> 0.12 | AV30: =AQ30/AQ$62 -> -30.03274 | AW30: =AR30/AR$62 -> 0.57114181 | AX30: =AS30/AS$62 -> 0.41642961
B31: 2029 | D31: =IFERROR((BAU燃油经济性!D31-CNS燃油经济性!D31)/BAU燃油经济性!D31,0) -> 0.045 | E31: =IFERROR((BAU燃油经济性!E31-CNS燃油经济性!E31)/BAU燃油经济性!E31,0) -> 0 | F31: =IFERROR((BAU燃油经济性!F31-CNS燃油经济性!F31)/BAU燃油经济性!F31,0) -> 0.045 | G31: =IFERROR((BAU燃油经济性!G31-CNS燃油经济性!G31)/BAU燃油经济性!G31,0) -> 0 | H31: =IFERROR((BAU燃油经济性!H31-CNS燃油经济性!H31)/BAU燃油经济性!H31,0) -> 0.019331196 | I31: =IFERROR((BAU燃油经济性!I31-CNS燃油经济性!I31)/BAU燃油经济性!I31,0) -> 0.013456221 | J31: =IFERROR((BAU燃油经济性!J31-CNS燃油经济性!J31)/BAU燃油经济性!J31,0) -> 0 | K31: =IFERROR((BAU燃油经济性!K31-CNS燃油经济性!K31)/BAU燃油经济性!K31,0) -> 0.05123428 | ... S31: =IFERROR((BAU燃油经济性!S31-CNS燃油经济性!S31)/BAU燃油经济性!S31,0) -> -0.22427184 | V31: 2029 | X31: =D31*$AA$9+E31*$AB$9 -> 0.044684823 | Z31: =F31*$AA$9+G31*$AB$9 -> 0.044684823 | AB31: =H31*$AA$11+I31*$AB$11 -> 0.01679112 | AD31: =J31*$AA$10+K31*$AB$10 -> 0.029389875 | AE31: 4478.1881 | AF31: =L31*$AA$10+M31*$AB$10 -> -0.12865061 | AG31: 137936.1 | AH31: =O31 -> -0.012133931 | AI31: 141366.99 | AJ31: =Q31 -> 0.017265318 | AK31: 1284527.3 | AL31: =R31*$AA$10+S31*$AB$10 -> -0.12865061 | AM31: 50349.752 | AO31: 2029 | AP31: =X31 -> 0.044684823 | AQ31: =AD31*AE31/(AE31+AG31+AM31)+AF31*AG31/(AE31+AG31+AM31)+AL31*AM31/(AE31+AG31+AM31) -> -0.1249791 | AR31: =AB31 -> 0.01679112 | AS31: =AH31*AI31/(AI31+AK31)+AJ31*AK31/(AI31+AK31) -> 0.014350598 | AT31: 2029 | AU31: =AP31/AP$62 -> 0.18 | AV31: =AQ31/AQ$62 -> -27.562175 | AW31: =AR31/AR$62 -> 0.67164481 | AX31: =AS31/AS$62 -> 0.53247927
B32: 2030 | D32: =IFERROR((BAU燃油经济性!D32-CNS燃油经济性!D32)/BAU燃油经济性!D32,0) -> 0.06 | E32: =IFERROR((BAU燃油经济性!E32-CNS燃油经济性!E32)/BAU燃油经济性!E32,0) -> 0 | F32: =IFERROR((BAU燃油经济性!F32-CNS燃油经济性!F32)/BAU燃油经济性!F32,0) -> 0.06 | G32: =IFERROR((BAU燃油经济性!G32-CNS燃油经济性!G32)/BAU燃油经济性!G32,0) -> 0 | H32: =IFERROR((BAU燃油经济性!H32-CNS燃油经济性!H32)/BAU燃油经济性!H32,0) -> 0.022194972 | I32: =IFERROR((BAU燃油经济性!I32-CNS燃油经济性!I32)/BAU燃油经济性!I32,0) -> 0.015555556 | J32: =IFERROR((BAU燃油经济性!J32-CNS燃油经济性!J32)/BAU燃油经济性!J32,0) -> 0 | K32: =IFERROR((BAU燃油经济性!K32-CNS燃油经济性!K32)/BAU燃油经济性!K32,0) -> 0.06388449 | ... S32: =IFERROR((BAU燃油经济性!S32-CNS燃油经济性!S32)/BAU燃油经济性!S32,0) -> -0.20543689 | V32: 2030 | X32: =D32*$AA$9+E32*$AB$9 -> 0.059579764 | Z32: =F32*$AA$9+G32*$AB$9 -> 0.059579764 | AB32: =H32*$AA$11+I32*$AB$11 -> 0.019324387 | AD32: =J32*$AA$10+K32*$AB$10 -> 0.036646502 | AE32: 11070.36 | AF32: =L32*$AA$10+M32*$AB$10 -> -0.11784619 | AG32: 145747.51 | AH32: =O32 -> -0.003722846 | AI32: 118505.98 | AJ32: =Q32 -> 0.019436022 | AK32: 1197686.1 | AL32: =R32*$AA$10+S32*$AB$10 -> -0.11784619 | AM32: 124467.72 | AO32: 2030 | AP32: =X32 -> 0.059579764 | AQ32: =AD32*AE32/(AE32+AG32+AM32)+AF32*AG32/(AE32+AG32+AM32)+AL32*AM32/(AE32+AG32+AM32) -> -0.11176593 | AR32: =AB32 -> 0.019324387 | AS32: =AH32*AI32/(AI32+AK32)+AJ32*AK32/(AI32+AK32) -> 0.017350867 | AT32: 2030 | AU32: =AP32/AP$62 -> 0.24 | AV32: =AQ32/AQ$62 -> -24.648217 | AW32: =AR32/AR$62 -> 0.77297546 | AX32: =AS32/AS$62 -> 0.64380433
A33: stage6 | B33: 2031 | C33: 40 | D33: =IFERROR((BAU燃油经济性!D33-CNS燃油经济性!D33)/BAU燃油经济性!D33,0) -> 0.075 | E33: =IFERROR((BAU燃油经济性!E33-CNS燃油经济性!E33)/BAU燃油经济性!E33,0) -> 0 | F33: =IFERROR((BAU燃油经济性!F33-CNS燃油经济性!F33)/BAU燃油经济性!F33,0) -> 0.075 | G33: =IFERROR((BAU燃油经济性!G33-CNS燃油经济性!G33)/BAU燃油经济性!G33,0) -> 0 | H33: =IFERROR((BAU燃油经济性!H33-CNS燃油经济性!H33)/BAU燃油经济性!H33,0) -> 0.025080782 | I33: =IFERROR((BAU燃油经济性!I33-CNS燃油经济性!I33)/BAU燃油经济性!I33,0) -> 0.017674419 | J33: =IFERROR((BAU燃油经济性!J33-CNS燃油经济性!J33)/BAU燃油经济性!J33,0) -> 0 | K33: =IFERROR((BAU燃油经济性!K33-CNS燃油经济性!K33)/BAU燃油经济性!K33,0) -> 0.0765347 | ... S33: =IFERROR((BAU燃油经济性!S33-CNS燃油经济性!S33)/BAU燃油经济性!S33,0) -> -0.18660194 | U33: stage6 | V33: 2031 | W33: 40 | X33: =D33*$AA$9+E33*$AB$9 -> 0.074474705 | Z33: =F33*$AA$9+G33*$AB$9 -> 0.074474705 | AB33: =H33*$AA$11+I33*$AB$11 -> 0.021878603 | AD33: =J33*$AA$10+K33*$AB$10 -> 0.043903129 | AE33: 9006.5422 | AF33: =L33*$AA$10+M33*$AB$10 -> -0.10704176 | AG33: 146663.3 | AH33: =O33 -> 0.0046882393 | AI33: 95696.894 | AJ33: =Q33 -> 0.022222222 | AK33: 1144266.8 | AL33: =R33*$AA$10+S33*$AB$10 -> -0.10704176 | AM33: 101263.54 | AO33: 2031 | AP33: =X33 -> 0.074474705 | AQ33: =AD33*AE33/(AE33+AG33+AM33)+AF33*AG33/(AE33+AG33+AM33)+AL33*AM33/(AE33+AG33+AM33) -> -0.10175054 | AR33: =AB33 -> 0.021878603 | AS33: =AH33*AI33/(AI33+AK33)+AJ33*AK33/(AI33+AK33) -> 0.020868999 | AT33: 2031 | AU33: =AP33/AP$62 -> 0.3 | AV33: =AQ33/AQ$62 -> -22.439481 | AW33: =AR33/AR$62 -> 0.87514411 | AX33: =AS33/AS$62 -> 0.7743447
B34: 2032 | D34: =IFERROR((BAU燃油经济性!D34-CNS燃油经济性!D34)/BAU燃油经济性!D34,0) -> 0.085 | E34: =IFERROR((BAU燃油经济性!E34-CNS燃油经济性!E34)/BAU燃油经济性!E34,0) -> 0 | F34: =IFERROR((BAU燃油经济性!F34-CNS燃油经济性!F34)/BAU燃油经济性!F34,0) -> 0.085 | G34: =IFERROR((BAU燃油经济性!G34-CNS燃油经济性!G34)/BAU燃油经济性!G34,0) -> 0 | H34: =IFERROR((BAU燃油经济性!H34-CNS燃油经济性!H34)/BAU燃油经济性!H34,0) -> 0.024994196 | I34: =IFERROR((BAU燃油经济性!I34-CNS燃油经济性!I34)/BAU燃油经济性!I34,0) -> 0.018691589 | J34: =IFERROR((BAU燃油经济性!J34-CNS燃油经济性!J34)/BAU燃油经济性!J34,0) -> 0 | K34: =IFERROR((BAU燃油经济性!K34-CNS燃油经济性!K34)/BAU燃油经济性!K34,0) -> 0.082859804 | ... S34: =IFERROR((BAU燃油经济性!S34-CNS燃油经济性!S34)/BAU燃油经济性!S34,0) -> -0.17718447 | V34: 2032 | X34: =D34*$AA$9+E34*$AB$9 -> 0.084404665 | Z34: =F34*$AA$9+G34*$AB$9 -> 0.084404665 | AB34: =H34*$AA$11+I34*$AB$11 -> 0.022269232 | AD34: =J34*$AA$10+K34*$AB$10 -> 0.047531443 | AE34: 4630.3822 | AF34: =L34*$AA$10+M34*$AB$10 -> -0.10163955 | AG34: 140899.82 | AH34: =O34 -> 0.0074919344 | AI34: 82050.974 | AJ34: =Q34 -> 0.022196709 | AK34: 1100207.9 | AL34: =R34*$AA$10+S34*$AB$10 -> -0.10163955 | AM34: 52060.921 | AO34: 2032 | AP34: =X34 -> 0.084404665 | AQ34: =AD34*AE34/(AE34+AG34+AM34)+AF34*AG34/(AE34+AG34+AM34)+AL34*AM34/(AE34+AG34+AM34) -> -0.098143853 | AR34: =AB34 -> 0.022269232 | AS34: =AH34*AI34/(AI34+AK34)+AJ34*AK34/(AI34+AK34) -> 0.02117617 | AT34: 2032 | AU34: =AP34/AP$62 -> 0.34 | AV34: =AQ34/AQ$62 -> -21.644083 | AW34: =AR34/AR$62 -> 0.89076927 | AX34: =AS34/AS$62 -> 0.78574228
B35: 2033 | D35: =IFERROR((BAU燃油经济性!D35-CNS燃油经济性!D35)/BAU燃油经济性!D35,0) -> 0.095 | E35: =IFERROR((BAU燃油经济性!E35-CNS燃油经济性!E35)/BAU燃油经济性!E35,0) -> 0 | F35: =IFERROR((BAU燃油经济性!F35-CNS燃油经济性!F35)/BAU燃油经济性!F35,0) -> 0.095 | G35: =IFERROR((BAU燃油经济性!G35-CNS燃油经济性!G35)/BAU燃油经济性!G35,0) -> 0 | H35: =IFERROR((BAU燃油经济性!H35-CNS燃油经济性!H35)/BAU燃油经济性!H35,0) -> 0.0249066 | I35: =IFERROR((BAU燃油经济性!I35-CNS燃油经济性!I35)/BAU燃油经济性!I35,0) -> 0.01971831 | J35: =IFERROR((BAU燃油经济性!J35-CNS燃油经济性!J35)/BAU燃油经济性!J35,0) -> 0 | K35: =IFERROR((BAU燃油经济性!K35-CNS燃油经济性!K35)/BAU燃油经济性!K35,0) -> 0.089184909 | ... S35: =IFERROR((BAU燃油经济性!S35-CNS燃油经济性!S35)/BAU燃油经济性!S35,0) -> -0.16776699 | V35: 2033 | X35: =D35*$AA$9+E35*$AB$9 -> 0.094334626 | Z35: =F35*$AA$9+G35*$AB$9 -> 0.094334626 | AB35: =H35*$AA$11+I35*$AB$11 -> 0.022663416 | AD35: =J35*$AA$10+K35*$AB$10 -> 0.051159756 | AE35: 3755.8111 | AF35: =L35*$AA$10+M35*$AB$10 -> -0.096237339 | AG35: 132073.35 | AH35: =O35 -> 0.010295629 | AI35: 79744.378 | AJ35: =Q35 -> 0.022170901 | AK35: 1056949.4 | AL35: =R35*$AA$10+S35*$AB$10 -> -0.096237339 | AM35: 42227.828 | AO35: 2033 | AP35: =X35 -> 0.094334626 | AQ35: =AD35*AE35/(AE35+AG35+AM35)+AF35*AG35/(AE35+AG35+AM35)+AL35*AM35/(AE35+AG35+AM35) -> -0.093128246 | AR35: =AB35 -> 0.022663416 | AS35: =AH35*AI35/(AI35+AK35)+AJ35*AK35/(AI35+AK35) -> 0.021337795 | AT35: 2033 | AU35: =AP35/AP$62 -> 0.38 | AV35: =AQ35/AQ$62 -> -20.53797 | AW35: =AR35/AR$62 -> 0.90653665 | AX35: =AS35/AS$62 -> 0.79173938
B36: 2034 | D36: =IFERROR((BAU燃油经济性!D36-CNS燃油经济性!D36)/BAU燃油经济性!D36,0) -> 0.105 | E36: =IFERROR((BAU燃油经济性!E36-CNS燃油经济性!E36)/BAU燃油经济性!E36,0) -> 0 | F36: =IFERROR((BAU燃油经济性!F36-CNS燃油经济性!F36)/BAU燃油经济性!F36,0) -> 0.105 | G36: =IFERROR((BAU燃油经济性!G36-CNS燃油经济性!G36)/BAU燃油经济性!G36,0) -> 0 | H36: =IFERROR((BAU燃油经济性!H36-CNS燃油经济性!H36)/BAU燃油经济性!H36,0) -> 0.024817975 | I36: =IFERROR((BAU燃油经济性!I36-CNS燃油经济性!I36)/BAU燃油经济性!I36,0) -> 0.020754717 | J36: =IFERROR((BAU燃油经济性!J36-CNS燃油经济性!J36)/BAU燃油经济性!J36,0) -> 0 | K36: =IFERROR((BAU燃油经济性!K36-CNS燃油经济性!K36)/BAU燃油经济性!K36,0) -> 0.095510014 | ... S36: =IFERROR((BAU燃油经济性!S36-CNS燃油经济性!S36)/BAU燃油经济性!S36,0) -> -0.15834951 | V36: 2034 | X36: =D36*$AA$9+E36*$AB$9 -> 0.10426459 | Z36: =F36*$AA$9+G36*$AB$9 -> 0.10426459 | AB36: =H36*$AA$11+I36*$AB$11 -> 0.023061205 | AD36: =J36*$AA$10+K36*$AB$10 -> 0.05478807 | AE36: 5456.6019 | AF36: =L36*$AA$10+M36*$AB$10 -> -0.090835127 | AG36: 125100.96 | AH36: =O36 -> 0.013099325 | AI36: 86230.697 | AJ36: =Q36 -> 0.022144793 | AK36: 1029292.8 | AL36: =R36*$AA$10+S36*$AB$10 -> -0.090835127 | AM36: 61350.382 | AO36: 2034 | AP36: =X36 -> 0.10426459 | AQ36: =AD36*AE36/(AE36+AG36+AM36)+AF36*AG36/(AE36+AG36+AM36)+AL36*AM36/(AE36+AG36+AM36) -> -0.086694559 | AR36: =AB36 -> 0.023061205 | AS36: =AH36*AI36/(AI36+AK36)+AJ36*AK36/(AI36+AK36) -> 0.021445572 | AT36: 2034 | AU36: =AP36/AP$62 -> 0.42 | AV36: =AQ36/AQ$62 -> -19.119121 | AW36: =AR36/AR$62 -> 0.92244819 | AX36: =AS36/AS$62 -> 0.79573846
B37: 2035 | D37: =IFERROR((BAU燃油经济性!D37-CNS燃油经济性!D37)/BAU燃油经济性!D37,0) -> 0.115 | E37: =IFERROR((BAU燃油经济性!E37-CNS燃油经济性!E37)/BAU燃油经济性!E37,0) -> 0 | F37: =IFERROR((BAU燃油经济性!F37-CNS燃油经济性!F37)/BAU燃油经济性!F37,0) -> 0.115 | G37: =IFERROR((BAU燃油经济性!G37-CNS燃油经济性!G37)/BAU燃油经济性!G37,0) -> 0 | H37: =IFERROR((BAU燃油经济性!H37-CNS燃油经济性!H37)/BAU燃油经济性!H37,0) -> 0.024728304 | I37: =IFERROR((BAU燃油经济性!I37-CNS燃油经济性!I37)/BAU燃油经济性!I37,0) -> 0.021800948 | J37: =IFERROR((BAU燃油经济性!J37-CNS燃油经济性!J37)/BAU燃油经济性!J37,0) -> 0 | K37: =IFERROR((BAU燃油经济性!K37-CNS燃油经济性!K37)/BAU燃油经济性!K37,0) -> 0.10183512 | ... S37: =IFERROR((BAU燃油经济性!S37-CNS燃油经济性!S37)/BAU燃油经济性!S37,0) -> -0.14893204 | V37: 2035 | X37: =D37*$AA$9+E37*$AB$9 -> 0.11419455 | Z37: =F37*$AA$9+G37*$AB$9 -> 0.11419455 | AB37: =H37*$AA$11+I37*$AB$11 -> 0.023462646 | AD37: =J37*$AA$10+K37*$AB$10 -> 0.058416383 | AE37: 8134.1684 | AF37: =L37*$AA$10+M37*$AB$10 -> -0.085432915 | AG37: 122564.84 | AH37: =O37 -> 0.01590302 | AI37: 98312.86 | AJ37: =Q37 -> 0.02211838 | AK37: 1055976.8 | AL37: =R37*$AA$10+S37*$AB$10 -> -0.085432915 | AM37: 91455.149 | AO37: 2035 | AP37: =X37 -> 0.11419455 | AQ37: =AD37*AE37/(AE37+AG37+AM37)+AF37*AG37/(AE37+AG37+AM37)+AL37*AM37/(AE37+AG37+AM37) -> -0.080165877 | AR37: =AB37 -> 0.023462646 | AS37: =AH37*AI37/(AI37+AK37)+AJ37*AK37/(AI37+AK37) -> 0.021589007 | AT37: 2035 | AU37: =AP37/AP$62 -> 0.46 | AV37: =AQ37/AQ$62 -> -17.679323 | AW37: =AR37/AR$62 -> 0.93850586 | AX37: =AS37/AS$62 -> 0.80106061
B38: 2036 | D38: =IFERROR((BAU燃油经济性!D38-CNS燃油经济性!D38)/BAU燃油经济性!D38,0) -> 0.125 | E38: =IFERROR((BAU燃油经济性!E38-CNS燃油经济性!E38)/BAU燃油经济性!E38,0) -> 0 | F38: =IFERROR((BAU燃油经济性!F38-CNS燃油经济性!F38)/BAU燃油经济性!F38,0) -> 0.125 | G38: =IFERROR((BAU燃油经济性!G38-CNS燃油经济性!G38)/BAU燃油经济性!G38,0) -> 0 | H38: =IFERROR((BAU燃油经济性!H38-CNS燃油经济性!H38)/BAU燃油经济性!H38,0) -> 0.024637566 | I38: =IFERROR((BAU燃油经济性!I38-CNS燃油经济性!I38)/BAU燃油经济性!I38,0) -> 0.022857143 | J38: =IFERROR((BAU燃油经济性!J38-CNS燃油经济性!J38)/BAU燃油经济性!J38,0) -> 0 | K38: =IFERROR((BAU燃油经济性!K38-CNS燃油经济性!K38)/BAU燃油经济性!K38,0) -> 0.10816022 | ... S38: =IFERROR((BAU燃油经济性!S38-CNS燃油经济性!S38)/BAU燃油经济性!S38,0) -> -0.13951456 | V38: 2036 | X38: =D38*$AA$9+E38*$AB$9 -> 0.12412451 | Z38: =F38*$AA$9+G38*$AB$9 -> 0.12412451 | AB38: =H38*$AA$11+I38*$AB$11 -> 0.023867791 | AD38: =J38*$AA$10+K38*$AB$10 -> 0.062044697 | AE38: 7098.0455 | AF38: =L38*$AA$10+M38*$AB$10 -> -0.080030704 | AG38: 123349.66 | AH38: =O38 -> 0.018706715 | AI38: 112936.4 | AJ38: =Q38 -> 0.022091657 | AK38: 1117312.6 | AL38: =R38*$AA$10+S38*$AB$10 -> -0.080030704 | AM38: 79805.677 | AO38: 2036 | AP38: =X38 -> 0.12412451 | AQ38: =AD38*AE38/(AE38+AG38+AM38)+AF38*AG38/(AE38+AG38+AM38)+AL38*AM38/(AE38+AG38+AM38) -> -0.075234311 | AR38: =AB38 -> 0.023867791 | AS38: =AH38*AI38/(AI38+AK38)+AJ38*AK38/(AI38+AK38) -> 0.02178092 | AT38: 2036 | AU38: =AP38/AP$62 -> 0.5 | AV38: =AQ38/AQ$62 -> -16.591744 | AW38: =AR38/AR$62 -> 0.95471165 | AX38: =AS38/AS$62 -> 0.80818156
B39: 2037 | D39: =IFERROR((BAU燃油经济性!D39-CNS燃油经济性!D39)/BAU燃油经济性!D39,0) -> 0.135 | E39: =IFERROR((BAU燃油经济性!E39-CNS燃油经济性!E39)/BAU燃油经济性!E39,0) -> 0 | F39: =IFERROR((BAU燃油经济性!F39-CNS燃油经济性!F39)/BAU燃油经济性!F39,0) -> 0.135 | G39: =IFERROR((BAU燃油经济性!G39-CNS燃油经济性!G39)/BAU燃油经济性!G39,0) -> 0 | H39: =IFERROR((BAU燃油经济性!H39-CNS燃油经济性!H39)/BAU燃油经济性!H39,0) -> 0.024545744 | I39: =IFERROR((BAU燃油经济性!I39-CNS燃油经济性!I39)/BAU燃油经济性!I39,0) -> 0.023923445 | J39: =IFERROR((BAU燃油经济性!J39-CNS燃油经济性!J39)/BAU燃油经济性!J39,0) -> 0 | K39: =IFERROR((BAU燃油经济性!K39-CNS燃油经济性!K39)/BAU燃油经济性!K39,0) -> 0.11448533 | ... S39: =IFERROR((BAU燃油经济性!S39-CNS燃油经济性!S39)/BAU燃油经济性!S39,0) -> -0.13009709 | V39: 2037 | X39: =D39*$AA$9+E39*$AB$9 -> 0.13405447 | Z39: =F39*$AA$9+G39*$AB$9 -> 0.13405447 | AB39: =H39*$AA$11+I39*$AB$11 -> 0.02427669 | AD39: =J39*$AA$10+K39*$AB$10 -> 0.065673011 | AE39: 4412.9167 | AF39: =L39*$AA$10+M39*$AB$10 -> -0.074628492 | AG39: 124763.97 | AH39: =O39 -> 0.02151041 | AI39: 125568.87 | AJ39: =Q39 -> 0.022064618 | AK39: 1167491.6 | AL39: =R39*$AA$10+S39*$AB$10 -> -0.074628492 | AM39: 49615.883 | AO39: 2037 | AP39: =X39 -> 0.13405447 | AQ39: =AD39*AE39/(AE39+AG39+AM39)+AF39*AG39/(AE39+AG39+AM39)+AL39*AM39/(AE39+AG39+AM39) -> -0.071165607 | AR39: =AB39 -> 0.02427669 | AS39: =AH39*AI39/(AI39+AK39)+AJ39*AK39/(AI39+AK39) -> 0.022010799 | AT39: 2037 | AU39: =AP39/AP$62 -> 0.54 | AV39: =AQ39/AQ$62 -> -15.694455 | AW39: =AR39/AR$62 -> 0.9710676 | AX39: =AS39/AS$62 -> 0.81671121
B40: 2038 | D40: =IFERROR((BAU燃油经济性!D40-CNS燃油经济性!D40)/BAU燃油经济性!D40,0) -> 0.145 | E40: =IFERROR((BAU燃油经济性!E40-CNS燃油经济性!E40)/BAU燃油经济性!E40,0) -> 0 | F40: =IFERROR((BAU燃油经济性!F40-CNS燃油经济性!F40)/BAU燃油经济性!F40,0) -> 0.145 | G40: =IFERROR((BAU燃油经济性!G40-CNS燃油经济性!G40)/BAU燃油经济性!G40,0) -> 0 | H40: =IFERROR((BAU燃油经济性!H40-CNS燃油经济性!H40)/BAU燃油经济性!H40,0) -> 0.024452818 | I40: =IFERROR((BAU燃油经济性!I40-CNS燃油经济性!I40)/BAU燃油经济性!I40,0) -> 0.025 | J40: =IFERROR((BAU燃油经济性!J40-CNS燃油经济性!J40)/BAU燃油经济性!J40,0) -> 0 | K40: =IFERROR((BAU燃油经济性!K40-CNS燃油经济性!K40)/BAU燃油经济性!K40,0) -> 0.12081043 | ... S40: =IFERROR((BAU燃油经济性!S40-CNS燃油经济性!S40)/BAU燃油经济性!S40,0) -> -0.12067961 | V40: 2038 | X40: =D40*$AA$9+E40*$AB$9 -> 0.14398443 | Z40: =F40*$AA$9+G40*$AB$9 -> 0.14398443 | AB40: =H40*$AA$11+I40*$AB$11 -> 0.024689395 | AD40: =J40*$AA$10+K40*$AB$10 -> 0.069301324 | AE40: 4116.9419 | AF40: =L40*$AA$10+M40*$AB$10 -> -0.06922628 | AG40: 125588.54 | AH40: =O40 -> 0.024314105 | AI40: 131687.1 | AJ40: =Q40 -> 0.022037257 | AK40: 1190489.5 | AL40: =R40*$AA$10+S40*$AB$10 -> -0.06922628 | AM40: 46288.141 | AO40: 2038 | AP40: =X40 -> 0.14398443 | AQ40: =AD40*AE40/(AE40+AG40+AM40)+AF40*AG40/(AE40+AG40+AM40)+AL40*AM40/(AE40+AG40+AM40) -> -0.065985764 | AR40: =AB40 -> 0.024689395 | AS40: =AH40*AI40/(AI40+AK40)+AJ40*AK40/(AI40+AK40) -> 0.022264028 | AT40: 2038 | AU40: =AP40/AP$62 -> 0.58 | AV40: =AQ40/AQ$62 -> -14.552122 | AW40: =AR40/AR$62 -> 0.9875758 | AX40: =AS40/AS$62 -> 0.82610729
B41: 2039 | D41: =IFERROR((BAU燃油经济性!D41-CNS燃油经济性!D41)/BAU燃油经济性!D41,0) -> 0.155 | E41: =IFERROR((BAU燃油经济性!E41-CNS燃油经济性!E41)/BAU燃油经济性!E41,0) -> 0 | F41: =IFERROR((BAU燃油经济性!F41-CNS燃油经济性!F41)/BAU燃油经济性!F41,0) -> 0.155 | G41: =IFERROR((BAU燃油经济性!G41-CNS燃油经济性!G41)/BAU燃油经济性!G41,0) -> 0 | H41: =IFERROR((BAU燃油经济性!H41-CNS燃油经济性!H41)/BAU燃油经济性!H41,0) -> 0.024358768 | I41: =IFERROR((BAU燃油经济性!I41-CNS燃油经济性!I41)/BAU燃油经济性!I41,0) -> 0.026086957 | J41: =IFERROR((BAU燃油经济性!J41-CNS燃油经济性!J41)/BAU燃油经济性!J41,0) -> 0 | K41: =IFERROR((BAU燃油经济性!K41-CNS燃油经济性!K41)/BAU燃油经济性!K41,0) -> 0.12713554 | ... S41: =IFERROR((BAU燃油经济性!S41-CNS燃油经济性!S41)/BAU燃油经济性!S41,0) -> -0.11126214 | V41: 2039 | X41: =D41*$AA$9+E41*$AB$9 -> 0.15391439 | Z41: =F41*$AA$9+G41*$AB$9 -> 0.15391439 | AB41: =H41*$AA$11+I41*$AB$11 -> 0.025105959 | AD41: =J41*$AA$10+K41*$AB$10 -> 0.072929638 | AE41: 8504.8158 | AF41: =L41*$AA$10+M41*$AB$10 -> -0.063824068 | AG41: 126629.03 | AH41: =O41 -> 0.0271178 | AI41: 129499.16 | AJ41: =Q41 -> 0.022009569 | AK41: 1204476.5 | AL41: =R41*$AA$10+S41*$AB$10 -> -0.063824068 | AM41: 95622.461 | AO41: 2039 | AP41: =X41 -> 0.15391439 | AQ41: =AD41*AE41/(AE41+AG41+AM41)+AF41*AG41/(AE41+AG41+AM41)+AL41*AM41/(AE41+AG41+AM41) -> -0.058783837 | AR41: =AB41 -> 0.025105959 | AS41: =AH41*AI41/(AI41+AK41)+AJ41*AK41/(AI41+AK41) -> 0.022505464 | AT41: 2039 | AU41: =AP41/AP$62 -> 0.62 | AV41: =AQ41/AQ$62 -> -12.963851 | AW41: =AR41/AR$62 -> 1.0042384 | AX41: =AS41/AS$62 -> 0.83506578
B42: 2040 | D42: =IFERROR((BAU燃油经济性!D42-CNS燃油经济性!D42)/BAU燃油经济性!D42,0) -> 0.165 | E42: =IFERROR((BAU燃油经济性!E42-CNS燃油经济性!E42)/BAU燃油经济性!E42,0) -> 0 | F42: =IFERROR((BAU燃油经济性!F42-CNS燃油经济性!F42)/BAU燃油经济性!F42,0) -> 0.165 | G42: =IFERROR((BAU燃油经济性!G42-CNS燃油经济性!G42)/BAU燃油经济性!G42,0) -> 0 | H42: =IFERROR((BAU燃油经济性!H42-CNS燃油经济性!H42)/BAU燃油经济性!H42,0) -> 0.024263572 | I42: =IFERROR((BAU燃油经济性!I42-CNS燃油经济性!I42)/BAU燃油经济性!I42,0) -> 0.027184466 | J42: =IFERROR((BAU燃油经济性!J42-CNS燃油经济性!J42)/BAU燃油经济性!J42,0) -> 0 | K42: =IFERROR((BAU燃油经济性!K42-CNS燃油经济性!K42)/BAU燃油经济性!K42,0) -> 0.13346064 | ... S42: =IFERROR((BAU燃油经济性!S42-CNS燃油经济性!S42)/BAU燃油经济性!S42,0) -> -0.10184466 | V42: 2040 | X42: =D42*$AA$9+E42*$AB$9 -> 0.16384435 | Z42: =F42*$AA$9+G42*$AB$9 -> 0.16384435 | AB42: =H42*$AA$11+I42*$AB$11 -> 0.025526436 | AD42: =J42*$AA$10+K42*$AB$10 -> 0.076557951 | AE42: 9901.8694 | AF42: =L42*$AA$10+M42*$AB$10 -> -0.058421857 | AG42: 128771.44 | AH42: =O42 -> 0.029921495 | AI42: 120897.48 | AJ42: =Q42 -> 0.021981548 | AK42: 1201839.7 | AL42: =R42*$AA$10+S42*$AB$10 -> -0.058421857 | AM42: 111330 | AO42: 2040 | AP42: =X42 -> 0.16384435 | AQ42: =AD42*AE42/(AE42+AG42+AM42)+AF42*AG42/(AE42+AG42+AM42)+AL42*AM42/(AE42+AG42+AM42) -> -0.053075718 | AR42: =AB42 -> 0.025526436 | AS42: =AH42*AI42/(AI42+AK42)+AJ42*AK42/(AI42+AK42) -> 0.022707255 | AT42: 2040 | AU42: =AP42/AP$62 -> 0.66 | AV42: =AQ42/AQ$62 -> -11.705015 | AW42: =AR42/AR$62 -> 1.0210574 | AX42: =AS42/AS$62 -> 0.84255324
A43: stage7 | B43: 2041 | C43: 50 | D43: =IFERROR((BAU燃油经济性!D43-CNS燃油经济性!D43)/BAU燃油经济性!D43,0) -> 0.175 | E43: =IFERROR((BAU燃油经济性!E43-CNS燃油经济性!E43)/BAU燃油经济性!E43,0) -> 0 | F43: =IFERROR((BAU燃油经济性!F43-CNS燃油经济性!F43)/BAU燃油经济性!F43,0) -> 0.175 | G43: =IFERROR((BAU燃油经济性!G43-CNS燃油经济性!G43)/BAU燃油经济性!G43,0) -> 0 | H43: =IFERROR((BAU燃油经济性!H43-CNS燃油经济性!H43)/BAU燃油经济性!H43,0) -> 0.024167211 | I43: =IFERROR((BAU燃油经济性!I43-CNS燃油经济性!I43)/BAU燃油经济性!I43,0) -> 0.028292683 | J43: =IFERROR((BAU燃油经济性!J43-CNS燃油经济性!J43)/BAU燃油经济性!J43,0) -> 0 | K43: =IFERROR((BAU燃油经济性!K43-CNS燃油经济性!K43)/BAU燃油经济性!K43,0) -> 0.13978575 | ... S43: =IFERROR((BAU燃油经济性!S43-CNS燃油经济性!S43)/BAU燃油经济性!S43,0) -> -0.092427184 | U43: stage7 | V43: 2041 | W43: 50 | X43: =D43*$AA$9+E43*$AB$9 -> 0.17377431 | Z43: =F43*$AA$9+G43*$AB$9 -> 0.17377431 | AB43: =H43*$AA$11+I43*$AB$11 -> 0.02595088 | AD43: =J43*$AA$10+K43*$AB$10 -> 0.080186265 | AE43: 6449.4789 | AF43: =L43*$AA$10+M43*$AB$10 -> -0.053019645 | AG43: 131634.42 | AH43: =O43 -> 0.03272519 | AI43: 110133.99 | AJ43: =Q43 -> 0.023529412 | AK43: 1182398.4 | AL43: =R43*$AA$10+S43*$AB$10 -> -0.053019645 | AM43: 72513.627 | AO43: 2041 | AP43: =X43 -> 0.17377431 | AQ43: =AD43*AE43/(AE43+AG43+AM43)+AF43*AG43/(AE43+AG43+AM43)+AL43*AM43/(AE43+AG43+AM43) -> -0.048940258 | AR43: =AB43 -> 0.02595088 | AS43: =AH43*AI43/(AI43+AK43)+AJ43*AK43/(AI43+AK43) -> 0.024312965 | AT43: 2041 | AU43: =AP43/AP$62 -> 0.7 | AV43: =AQ43/AQ$62 -> -10.793004 | AW43: =AR43/AR$62 -> 1.0380352 | AX43: =AS43/AS$62 -> 0.90213313
B44: 2042 | D44: =IFERROR((BAU燃油经济性!D44-CNS燃油经济性!D44)/BAU燃油经济性!D44,0) -> 0.1825 | E44: =IFERROR((BAU燃油经济性!E44-CNS燃油经济性!E44)/BAU燃油经济性!E44,0) -> 0 | F44: =IFERROR((BAU燃油经济性!F44-CNS燃油经济性!F44)/BAU燃油经济性!F44,0) -> 0.1825 | G44: =IFERROR((BAU燃油经济性!G44-CNS燃油经济性!G44)/BAU燃油经济性!G44,0) -> 0 | H44: =IFERROR((BAU燃油经济性!H44-CNS燃油经济性!H44)/BAU燃油经济性!H44,0) -> 0.024069662 | I44: =IFERROR((BAU燃油经济性!I44-CNS燃油经济性!I44)/BAU燃油经济性!I44,0) -> 0.028220859 | J44: =IFERROR((BAU燃油经济性!J44-CNS燃油经济性!J44)/BAU燃油经济性!J44,0) -> 0 | K44: =IFERROR((BAU燃油经济性!K44-CNS燃油经济性!K44)/BAU燃油经济性!K44,0) -> 0.14611085 | ... S44: =IFERROR((BAU燃油经济性!S44-CNS燃油经济性!S44)/BAU燃油经济性!S44,0) -> -0.083009709 | V44: 2042 | X44: =D44*$AA$9+E44*$AB$9 -> 0.18122178 | Z44: =F44*$AA$9+G44*$AB$9 -> 0.18122178 | AB44: =H44*$AA$11+I44*$AB$11 -> 0.025864453 | AD44: =J44*$AA$10+K44*$AB$10 -> 0.083814579 | AE44: 4173.042 | AF44: =L44*$AA$10+M44*$AB$10 -> -0.047617433 | AG44: 134055.8 | AH44: =O44 -> 0.034127038 | AI44: 101643.05 | AJ44: =Q44 -> 0.023905997 | AK44: 1157892.2 | AL44: =R44*$AA$10+S44*$AB$10 -> -0.047617433 | AM44: 46918.893 | AO44: 2042 | AP44: =X44 -> 0.18122178 | AQ44: =AD44*AE44/(AE44+AG44+AM44)+AF44*AG44/(AE44+AG44+AM44)+AL44*AM44/(AE44+AG44+AM44) -> -0.044655089 | AR44: =AB44 -> 0.025864453 | AS44: =AH44*AI44/(AI44+AK44)+AJ44*AK44/(AI44+AK44) -> 0.024730823 | AT44: 2042 | AU44: =AP44/AP$62 -> 0.73 | AV44: =AQ44/AQ$62 -> -9.8479775 | AW44: =AR44/AR$62 -> 1.0345781 | AX44: =AS44/AS$62 -> 0.91763777
B45: 2043 | D45: =IFERROR((BAU燃油经济性!D45-CNS燃油经济性!D45)/BAU燃油经济性!D45,0) -> 0.19 | E45: =IFERROR((BAU燃油经济性!E45-CNS燃油经济性!E45)/BAU燃油经济性!E45,0) -> 0 | F45: =IFERROR((BAU燃油经济性!F45-CNS燃油经济性!F45)/BAU燃油经济性!F45,0) -> 0.19 | G45: =IFERROR((BAU燃油经济性!G45-CNS燃油经济性!G45)/BAU燃油经济性!G45,0) -> 0 | H45: =IFERROR((BAU燃油经济性!H45-CNS燃油经济性!H45)/BAU燃油经济性!H45,0) -> 0.023970904 | I45: =IFERROR((BAU燃油经济性!I45-CNS燃油经济性!I45)/BAU燃油经济性!I45,0) -> 0.028148148 | J45: =IFERROR((BAU燃油经济性!J45-CNS燃油经济性!J45)/BAU燃油经济性!J45,0) -> 0 | K45: =IFERROR((BAU燃油经济性!K45-CNS燃油经济性!K45)/BAU燃油经济性!K45,0) -> 0.15243596 | ... S45: =IFERROR((BAU燃油经济性!S45-CNS燃油经济性!S45)/BAU燃油经济性!S45,0) -> -0.073592233 | V45: 2043 | X45: =D45*$AA$9+E45*$AB$9 -> 0.18866925 | Z45: =F45*$AA$9+G45*$AB$9 -> 0.18866925 | AB45: =H45*$AA$11+I45*$AB$11 -> 0.025776957 | AD45: =J45*$AA$10+K45*$AB$10 -> 0.087442892 | AE45: 4842.4766 | AF45: =L45*$AA$10+M45*$AB$10 -> -0.042215221 | AG45: 135060.79 | AH45: =O45 -> 0.035528885 | AI45: 98287.923 | AJ45: =Q45 -> 0.024286879 | AK45: 1145836.2 | AL45: =R45*$AA$10+S45*$AB$10 -> -0.042215221 | AM45: 54445.568 | AO45: 2043 | AP45: =X45 -> 0.18866925 | AQ45: =AD45*AE45/(AE45+AG45+AM45)+AF45*AG45/(AE45+AG45+AM45)+AL45*AM45/(AE45+AG45+AM45) -> -0.038984606 | AR45: =AB45 -> 0.025776957 | AS45: =AH45*AI45/(AI45+AK45)+AJ45*AK45/(AI45+AK45) -> 0.025175016 | AT45: 2043 | AU45: =AP45/AP$62 -> 0.76 | AV45: =AQ45/AQ$62 -> -8.5974416 | AW45: =AR45/AR$62 -> 1.0310783 | AX45: =AS45/AS$62 -> 0.93411957
B46: 2044 | D46: =IFERROR((BAU燃油经济性!D46-CNS燃油经济性!D46)/BAU燃油经济性!D46,0) -> 0.1975 | E46: =IFERROR((BAU燃油经济性!E46-CNS燃油经济性!E46)/BAU燃油经济性!E46,0) -> 0 | F46: =IFERROR((BAU燃油经济性!F46-CNS燃油经济性!F46)/BAU燃油经济性!F46,0) -> 0.1975 | G46: =IFERROR((BAU燃油经济性!G46-CNS燃油经济性!G46)/BAU燃油经济性!G46,0) -> 0 | H46: =IFERROR((BAU燃油经济性!H46-CNS燃油经济性!H46)/BAU燃油经济性!H46,0) -> 0.023870914 | I46: =IFERROR((BAU燃油经济性!I46-CNS燃油经济性!I46)/BAU燃油经济性!I46,0) -> 0.028074534 | J46: =IFERROR((BAU燃油经济性!J46-CNS燃油经济性!J46)/BAU燃油经济性!J46,0) -> 0 | K46: =IFERROR((BAU燃油经济性!K46-CNS燃油经济性!K46)/BAU燃油经济性!K46,0) -> 0.15876106 | ... S46: =IFERROR((BAU燃油经济性!S46-CNS燃油经济性!S46)/BAU燃油经济性!S46,0) -> -0.064174757 | V46: 2044 | X46: =D46*$AA$9+E46*$AB$9 -> 0.19611672 | Z46: =F46*$AA$9+G46*$AB$9 -> 0.19611672 | AB46: =H46*$AA$11+I46*$AB$11 -> 0.025688371 | AD46: =J46*$AA$10+K46*$AB$10 -> 0.091071206 | AE46: 7128.2233 | AF46: =L46*$AA$10+M46*$AB$10 -> -0.03681301 | AG46: 134360.16 | AH46: =O46 -> 0.036930733 | AI46: 100545.98 | AJ46: =Q46 -> 0.024672131 | AK46: 1148225.1 | AL46: =R46*$AA$10+S46*$AB$10 -> -0.03681301 | AM46: 80144.975 | AO46: 2044 | AP46: =X46 -> 0.19611672 | AQ46: =AD46*AE46/(AE46+AG46+AM46)+AF46*AG46/(AE46+AG46+AM46)+AL46*AM46/(AE46+AG46+AM46) -> -0.032699968 | AR46: =AB46 -> 0.025688371 | AS46: =AH46*AI46/(AI46+AK46)+AJ46*AK46/(AI46+AK46) -> 0.025659144 | AT46: 2044 | AU46: =AP46/AP$62 -> 0.79 | AV46: =AQ46/AQ$62 -> -7.2114636 | AW46: =AR46/AR$62 -> 1.0275348 | AX46: =AS46/AS$62 -> 0.95208314
B47: 2045 | D47: =IFERROR((BAU燃油经济性!D47-CNS燃油经济性!D47)/BAU燃油经济性!D47,0) -> 0.205 | E47: =IFERROR((BAU燃油经济性!E47-CNS燃油经济性!E47)/BAU燃油经济性!E47,0) -> 0 | F47: =IFERROR((BAU燃油经济性!F47-CNS燃油经济性!F47)/BAU燃油经济性!F47,0) -> 0.205 | G47: =IFERROR((BAU燃油经济性!G47-CNS燃油经济性!G47)/BAU燃油经济性!G47,0) -> 0 | H47: =IFERROR((BAU燃油经济性!H47-CNS燃油经济性!H47)/BAU燃油经济性!H47,0) -> 0.023769669 | I47: =IFERROR((BAU燃油经济性!I47-CNS燃油经济性!I47)/BAU燃油经济性!I47,0) -> 0.028 | J47: =IFERROR((BAU燃油经济性!J47-CNS燃油经济性!J47)/BAU燃油经济性!J47,0) -> 0 | K47: =IFERROR((BAU燃油经济性!K47-CNS燃油经济性!K47)/BAU燃油经济性!K47,0) -> 0.16508617 | ... S47: =IFERROR((BAU燃油经济性!S47-CNS燃油经济性!S47)/BAU燃油经济性!S47,0) -> -0.054757282 | V47: 2045 | X47: =D47*$AA$9+E47*$AB$9 -> 0.20356419 | Z47: =F47*$AA$9+G47*$AB$9 -> 0.20356419 | AB47: =H47*$AA$11+I47*$AB$11 -> 0.025598674 | AD47: =J47*$AA$10+K47*$AB$10 -> 0.094699519 | AE47: 7576.5495 | AF47: =L47*$AA$10+M47*$AB$10 -> -0.031410798 | AG47: 132371.97 | AH47: =O47 -> 0.03833258 | AI47: 106892.32 | AJ47: =Q47 -> 0.02506183 | AK47: 1159855.7 | AL47: =R47*$AA$10+S47*$AB$10 -> -0.031410798 | AM47: 85185.656 | AO47: 2045 | AP47: =X47 -> 0.20356419 | AQ47: =AD47*AE47/(AE47+AG47+AM47)+AF47*AG47/(AE47+AG47+AM47)+AL47*AM47/(AE47+AG47+AM47) -> -0.027166746 | AR47: =AB47 -> 0.025598674 | AS47: =AH47*AI47/(AI47+AK47)+AJ47*AK47/(AI47+AK47) -> 0.026181659 | AT47: 2045 | AU47: =AP47/AP$62 -> 0.82 | AV47: =AQ47/AQ$62 -> -5.9911986 | AW47: =AR47/AR$62 -> 1.023947 | AX47: =AS47/AS$62 -> 0.97147108
B48: 2046 | D48: =IFERROR((BAU燃油经济性!D48-CNS燃油经济性!D48)/BAU燃油经济性!D48,0) -> 0.2125 | E48: =IFERROR((BAU燃油经济性!E48-CNS燃油经济性!E48)/BAU燃油经济性!E48,0) -> 0 | F48: =IFERROR((BAU燃油经济性!F48-CNS燃油经济性!F48)/BAU燃油经济性!F48,0) -> 0.2125 | G48: =IFERROR((BAU燃油经济性!G48-CNS燃油经济性!G48)/BAU燃油经济性!G48,0) -> 0 | H48: =IFERROR((BAU燃油经济性!H48-CNS燃油经济性!H48)/BAU燃油经济性!H48,0) -> 0.023667144 | I48: =IFERROR((BAU燃油经济性!I48-CNS燃油经济性!I48)/BAU燃油经济性!I48,0) -> 0.027924528 | J48: =IFERROR((BAU燃油经济性!J48-CNS燃油经济性!J48)/BAU燃油经济性!J48,0) -> 0 | K48: =IFERROR((BAU燃油经济性!K48-CNS燃油经济性!K48)/BAU燃油经济性!K48,0) -> 0.17141127 | ... S48: =IFERROR((BAU燃油经济性!S48-CNS燃油经济性!S48)/BAU燃油经济性!S48,0) -> -0.045339806 | V48: 2046 | X48: =D48*$AA$9+E48*$AB$9 -> 0.21101166 | Z48: =F48*$AA$9+G48*$AB$9 -> 0.21101166 | AB48: =H48*$AA$11+I48*$AB$11 -> 0.025507846 | AD48: =J48*$AA$10+K48*$AB$10 -> 0.098327833 | AE48: 5550.1155 | AF48: =L48*$AA$10+M48*$AB$10 -> -0.026008586 | AG48: 129934.05 | AH48: =O48 -> 0.039734428 | AI48: 114780.66 | AJ48: =Q48 -> 0.025456053 | AK48: 1176974.9 | AL48: =R48*$AA$10+S48*$AB$10 -> -0.026008586 | AM48: 62401.786 | AO48: 2046 | AP48: =X48 -> 0.21101166 | AQ48: =AD48*AE48/(AE48+AG48+AM48)+AF48*AG48/(AE48+AG48+AM48)+AL48*AM48/(AE48+AG48+AM48) -> -0.022521318 | AR48: =AB48 -> 0.025507846 | AS48: =AH48*AI48/(AI48+AK48)+AJ48*AK48/(AI48+AK48) -> 0.026724777 | AT48: 2046 | AU48: =AP48/AP$62 -> 0.85 | AV48: =AQ48/AQ$62 -> -4.9667223 | AW48: =AR48/AR$62 -> 1.0203138 | AX48: =AS48/AS$62 -> 0.99162348
B49: 2047 | D49: =IFERROR((BAU燃油经济性!D49-CNS燃油经济性!D49)/BAU燃油经济性!D49,0) -> 0.22 | E49: =IFERROR((BAU燃油经济性!E49-CNS燃油经济性!E49)/BAU燃油经济性!E49,0) -> 0 | F49: =IFERROR((BAU燃油经济性!F49-CNS燃油经济性!F49)/BAU燃油经济性!F49,0) -> 0.22 | G49: =IFERROR((BAU燃油经济性!G49-CNS燃油经济性!G49)/BAU燃油经济性!G49,0) -> 0 | H49: =IFERROR((BAU燃油经济性!H49-CNS燃油经济性!H49)/BAU燃油经济性!H49,0) -> 0.023563316 | I49: =IFERROR((BAU燃油经济性!I49-CNS燃油经济性!I49)/BAU燃油经济性!I49,0) -> 0.027848101 | J49: =IFERROR((BAU燃油经济性!J49-CNS燃油经济性!J49)/BAU燃油经济性!J49,0) -> 0 | K49: =IFERROR((BAU燃油经济性!K49-CNS燃油经济性!K49)/BAU燃油经济性!K49,0) -> 0.17773638 | ... S49: =IFERROR((BAU燃油经济性!S49-CNS燃油经济性!S49)/BAU燃油经济性!S49,0) -> -0.03592233 | V49: 2047 | X49: =D49*$AA$9+E49*$AB$9 -> 0.21845913 | Z49: =F49*$AA$9+G49*$AB$9 -> 0.21845913 | AB49: =H49*$AA$11+I49*$AB$11 -> 0.025415865 | AD49: =J49*$AA$10+K49*$AB$10 -> 0.10195615 | AE49: 4297.4669 | AF49: =L49*$AA$10+M49*$AB$10 -> -0.020606375 | AG49: 127892.84 | AH49: =O49 -> 0.041136276 | AI49: 121568.42 | AJ49: =Q49 -> 0.025854879 | AK49: 1197264.6 | AL49: =R49*$AA$10+S49*$AB$10 -> -0.020606375 | AM49: 48317.844 | AO49: 2047 | AP49: =X49 -> 0.21845913 | AQ49: =AD49*AE49/(AE49+AG49+AM49)+AF49*AG49/(AE49+AG49+AM49)+AL49*AM49/(AE49+AG49+AM49) -> -0.017688454 | AR49: =AB49 -> 0.025415865 | AS49: =AH49*AI49/(AI49+AK49)+AJ49*AK49/(AI49+AK49) -> 0.0272635 | AT49: 2047 | AU49: =AP49/AP$62 -> 0.88 | AV49: =AQ49/AQ$62 -> -3.9009104 | AW49: =AR49/AR$62 -> 1.0166346 | AX49: =AS49/AS$62 -> 1.0116128
B50: 2048 | D50: =IFERROR((BAU燃油经济性!D50-CNS燃油经济性!D50)/BAU燃油经济性!D50,0) -> 0.2275 | E50: =IFERROR((BAU燃油经济性!E50-CNS燃油经济性!E50)/BAU燃油经济性!E50,0) -> 0 | F50: =IFERROR((BAU燃油经济性!F50-CNS燃油经济性!F50)/BAU燃油经济性!F50,0) -> 0.2275 | G50: =IFERROR((BAU燃油经济性!G50-CNS燃油经济性!G50)/BAU燃油经济性!G50,0) -> 0 | H50: =IFERROR((BAU燃油经济性!H50-CNS燃油经济性!H50)/BAU燃油经济性!H50,0) -> 0.023458159 | I50: =IFERROR((BAU燃油经济性!I50-CNS燃油经济性!I50)/BAU燃油经济性!I50,0) -> 0.027770701 | J50: =IFERROR((BAU燃油经济性!J50-CNS燃油经济性!J50)/BAU燃油经济性!J50,0) -> 0 | K50: =IFERROR((BAU燃油经济性!K50-CNS燃油经济性!K50)/BAU燃油经济性!K50,0) -> 0.18406148 | ... S50: =IFERROR((BAU燃油经济性!S50-CNS燃油经济性!S50)/BAU燃油经济性!S50,0) -> -0.026504854 | V50: 2048 | X50: =D50*$AA$9+E50*$AB$9 -> 0.2259066 | Z50: =F50*$AA$9+G50*$AB$9 -> 0.2259066 | AB50: =H50*$AA$11+I50*$AB$11 -> 0.025322709 | AD50: =J50*$AA$10+K50*$AB$10 -> 0.10558446 | AE50: 6810.86 | AF50: =L50*$AA$10+M50*$AB$10 -> -0.015204163 | AG50: 126771.13 | AH50: =O50 -> 0.042538123 | AI50: 125299.06 | AJ50: =Q50 -> 0.026258389 | AK50: 1213261.7 | AL50: =R50*$AA$10+S50*$AB$10 -> -0.015204163 | AM50: 76576.755 | AO50: 2048 | AP50: =X50 -> 0.2259066 | AQ50: =AD50*AE50/(AE50+AG50+AM50)+AF50*AG50/(AE50+AG50+AM50)+AL50*AM50/(AE50+AG50+AM50) -> -0.011289625 | AR50: =AB50 -> 0.025322709 | AS50: =AH50*AI50/(AI50+AK50)+AJ50*AK50/(AI50+AK50) -> 0.027782291 | AT50: 2048 | AU50: =AP50/AP$62 -> 0.91 | AV50: =AQ50/AQ$62 -> -2.4897492 | AW50: =AR50/AR$62 -> 1.0129083 | AX50: =AS50/AS$62 -> 1.0308626
B51: 2049 | D51: =IFERROR((BAU燃油经济性!D51-CNS燃油经济性!D51)/BAU燃油经济性!D51,0) -> 0.235 | E51: =IFERROR((BAU燃油经济性!E51-CNS燃油经济性!E51)/BAU燃油经济性!E51,0) -> 0 | F51: =IFERROR((BAU燃油经济性!F51-CNS燃油经济性!F51)/BAU燃油经济性!F51,0) -> 0.235 | G51: =IFERROR((BAU燃油经济性!G51-CNS燃油经济性!G51)/BAU燃油经济性!G51,0) -> 0 | H51: =IFERROR((BAU燃油经济性!H51-CNS燃油经济性!H51)/BAU燃油经济性!H51,0) -> 0.023351648 | I51: =IFERROR((BAU燃油经济性!I51-CNS燃油经济性!I51)/BAU燃油经济性!I51,0) -> 0.027692308 | J51: =IFERROR((BAU燃油经济性!J51-CNS燃油经济性!J51)/BAU燃油经济性!J51,0) -> 0 | K51: =IFERROR((BAU燃油经济性!K51-CNS燃油经济性!K51)/BAU燃油经济性!K51,0) -> 0.19038659 | ... S51: =IFERROR((BAU燃油经济性!S51-CNS燃油经济性!S51)/BAU燃油经济性!S51,0) -> -0.017087379 | V51: 2049 | X51: =D51*$AA$9+E51*$AB$9 -> 0.23335407 | Z51: =F51*$AA$9+G51*$AB$9 -> 0.23335407 | AB51: =H51*$AA$11+I51*$AB$11 -> 0.025228355 | AD51: =J51*$AA$10+K51*$AB$10 -> 0.10921277 | AE51: 9403.5775 | AF51: =L51*$AA$10+M51*$AB$10 -> -0.0098019512 | AG51: 126655.58 | AH51: =O51 -> 0.043939971 | AI51: 125201.16 | AJ51: =Q51 -> 0.026666667 | AK51: 1220625.8 | AL51: =R51*$AA$10+S51*$AB$10 -> -0.0098019512 | AM51: 105727.54 | AO51: 2049 | AP51: =X51 -> 0.23335407 | AQ51: =AD51*AE51/(AE51+AG51+AM51)+AF51*AG51/(AE51+AG51+AM51)+AL51*AM51/(AE51+AG51+AM51) -> -0.0051732259 | AR51: =AB51 -> 0.025228355 | AS51: =AH51*AI51/(AI51+AK51)+AJ51*AK51/(AI51+AK51) -> 0.028273588 | AT51: 2049 | AU51: =AP51/AP$62 -> 0.94 | AV51: =AQ51/AQ$62 -> -1.1408736 | AW51: =AR51/AR$62 -> 1.0091342 | AX51: =AS51/AS$62 -> 1.0490921
B52: 2050 | D52: =IFERROR((BAU燃油经济性!D52-CNS燃油经济性!D52)/BAU燃油经济性!D52,0) -> 0.2425 | E52: =IFERROR((BAU燃油经济性!E52-CNS燃油经济性!E52)/BAU燃油经济性!E52,0) -> 0 | F52: =IFERROR((BAU燃油经济性!F52-CNS燃油经济性!F52)/BAU燃油经济性!F52,0) -> 0.2425 | G52: =IFERROR((BAU燃油经济性!G52-CNS燃油经济性!G52)/BAU燃油经济性!G52,0) -> 0 | H52: =IFERROR((BAU燃油经济性!H52-CNS燃油经济性!H52)/BAU燃油经济性!H52,0) -> 0.023243757 | I52: =IFERROR((BAU燃油经济性!I52-CNS燃油经济性!I52)/BAU燃油经济性!I52,0) -> 0.027612903 | J52: =IFERROR((BAU燃油经济性!J52-CNS燃油经济性!J52)/BAU燃油经济性!J52,0) -> 0 | K52: =IFERROR((BAU燃油经济性!K52-CNS燃油经济性!K52)/BAU燃油经济性!K52,0) -> 0.19671169 | ... S52: =IFERROR((BAU燃油经济性!S52-CNS燃油经济性!S52)/BAU燃油经济性!S52,0) -> -0.0076699029 | V52: 2050 | X52: =D52*$AA$9+E52*$AB$9 -> 0.24080155 | Z52: =F52*$AA$9+G52*$AB$9 -> 0.24080155 | AB52: =H52*$AA$11+I52*$AB$11 -> 0.02513278 | AD52: =J52*$AA$10+K52*$AB$10 -> 0.11284109 | AE52: 7890.0748 | AF52: =L52*$AA$10+M52*$AB$10 -> -0.0043997394 | AG52: 127309.53 | AH52: =O52 -> 0.045341818 | AI52: 121836.94 | AJ52: =Q52 -> 0.027079796 | AK52: 1220066.9 | AL52: =R52*$AA$10+S52*$AB$10 -> -0.0043997394 | AM52: 88710.724 | AO52: 2050 | AP52: =X52 -> 0.24080155 | AQ52: =AD52*AE52/(AE52+AG52+AM52)+AF52*AG52/(AE52+AG52+AM52)+AL52*AM52/(AE52+AG52+AM52) -> -0.00026844762 | AR52: =AB52 -> 0.02513278 | AS52: =AH52*AI52/(AI52+AK52)+AJ52*AK52/(AI52+AK52) -> 0.02873788 | AT52: 2050 | AU52: =AP52/AP$62 -> 0.97 | AV52: =AQ52/AQ$62 -> -0.0592019 | AW52: =AR52/AR$62 -> 1.0053112 | AX52: =AS52/AS$62 -> 1.0663197
A53: stage8 | B53: 2051 | C53: 60 | D53: =IFERROR((BAU燃油经济性!D53-CNS燃油经济性!D53)/BAU燃油经济性!D53,0) -> 0.25 | E53: =IFERROR((BAU燃油经济性!E53-CNS燃油经济性!E53)/BAU燃油经济性!E53,0) -> 0 | F53: =IFERROR((BAU燃油经济性!F53-CNS燃油经济性!F53)/BAU燃油经济性!F53,0) -> 0.25 | G53: =IFERROR((BAU燃油经济性!G53-CNS燃油经济性!G53)/BAU燃油经济性!G53,0) -> 0 | H53: =IFERROR((BAU燃油经济性!H53-CNS燃油经济性!H53)/BAU燃油经济性!H53,0) -> 0.025 | I53: =IFERROR((BAU燃油经济性!I53-CNS燃油经济性!I53)/BAU燃油经济性!I53,0) -> 0.027532468 | J53: =IFERROR((BAU燃油经济性!J53-CNS燃油经济性!J53)/BAU燃油经济性!J53,0) -> 0 | K53: =IFERROR((BAU燃油经济性!K53-CNS燃油经济性!K53)/BAU燃油经济性!K53,0) -> 0.2030368 | ... S53: =IFERROR((BAU燃油经济性!S53-CNS燃油经济性!S53)/BAU燃油经济性!S53,0) -> 0.0017475728 | U53: stage8 | V53: 2051 | W53: 60 | X53: =D53*$AA$9+E53*$AB$9 -> 0.24824902 | Z53: =F53*$AA$9+G53*$AB$9 -> 0.24824902 | AB53: =H53*$AA$11+I53*$AB$11 -> 0.026094925 | AD53: =J53*$AA$10+K53*$AB$10 -> 0.1164694 | AE53: 5142.5396 | AF53: =L53*$AA$10+M53*$AB$10 -> 0.0010024723 | AG53: 128384.38 | AH53: =O53 -> 0.046743666 | AI53: 116933.46 | AJ53: =Q53 -> 0.027497865 | AK53: 1216315.2 | AL53: =R53*$AA$10+S53*$AB$10 -> 0.0010024723 | AM53: 57819.276 | AO53: 2051 | AP53: =X53 -> 0.24824902 | AQ53: =AD53*AE53/(AE53+AG53+AM53)+AF53*AG53/(AE53+AG53+AM53)+AL53*AM53/(AE53+AG53+AM53) -> 0.0041057127 | AR53: =AB53 -> 0.026094925 | AS53: =AH53*AI53/(AI53+AK53)+AJ53*AK53/(AI53+AK53) -> 0.029185831 | AT53: 2051 | AU53: =AP53/AP$62 -> 1 | AV53: =AQ53/AQ$62 -> 0.90545036 | AW53: =AR53/AR$62 -> 1.043797 | AX53: =AS53/AS$62 -> 1.0829409
B54: 2052 | D54: =IFERROR((BAU燃油经济性!D54-CNS燃油经济性!D54)/BAU燃油经济性!D54,0) -> 0.25 | E54: =IFERROR((BAU燃油经济性!E54-CNS燃油经济性!E54)/BAU燃油经济性!E54,0) -> 0 | F54: =IFERROR((BAU燃油经济性!F54-CNS燃油经济性!F54)/BAU燃油经济性!F54,0) -> 0.25 | G54: =IFERROR((BAU燃油经济性!G54-CNS燃油经济性!G54)/BAU燃油经济性!G54,0) -> 0 | H54: =IFERROR((BAU燃油经济性!H54-CNS燃油经济性!H54)/BAU燃油经济性!H54,0) -> 0.025 | I54: =IFERROR((BAU燃油经济性!I54-CNS燃油经济性!I54)/BAU燃油经济性!I54,0) -> 0.025 | J54: =IFERROR((BAU燃油经济性!J54-CNS燃油经济性!J54)/BAU燃油经济性!J54,0) -> 0 | K54: =IFERROR((BAU燃油经济性!K54-CNS燃油经济性!K54)/BAU燃油经济性!K54,0) -> 0.2030368 | ... S54: =IFERROR((BAU燃油经济性!S54-CNS燃油经济性!S54)/BAU燃油经济性!S54,0) -> 0.0017475728 | V54: 2052 | X54: =D54*$AA$9+E54*$AB$9 -> 0.24824902 | Z54: =F54*$AA$9+G54*$AB$9 -> 0.24824902 | AB54: =H54*$AA$11+I54*$AB$11 -> 0.025 | AD54: =J54*$AA$10+K54*$AB$10 -> 0.1164694 | AE54: 4632.9466 | AF54: =L54*$AA$10+M54*$AB$10 -> 0.0010024723 | AG54: 129574.08 | AH54: =O54 -> 0.046743666 | AI54: 112555.8 | AJ54: =Q54 -> 0.025 | AK54: 1212278.7 | AL54: =R54*$AA$10+S54*$AB$10 -> 0.0010024723 | AM54: 52089.753 | AO54: 2052 | AP54: =X54 -> 0.24824902 | AQ54: =AD54*AE54/(AE54+AG54+AM54)+AF54*AG54/(AE54+AG54+AM54)+AL54*AM54/(AE54+AG54+AM54) -> 0.0038739771 | AR54: =AB54 -> 0.025 | AS54: =AH54*AI54/(AI54+AK54)+AJ54*AK54/(AI54+AK54) -> 0.026847307 | AT54: 2052 | AU54: =AP54/AP$62 -> 1 | AV54: =AQ54/AQ$62 -> 0.85434473 | AW54: =AR54/AR$62 -> 1 | AX54: =AS54/AS$62 -> 0.99616995
B55: 2053 | D55: =IFERROR((BAU燃油经济性!D55-CNS燃油经济性!D55)/BAU燃油经济性!D55,0) -> 0.25 | E55: =IFERROR((BAU燃油经济性!E55-CNS燃油经济性!E55)/BAU燃油经济性!E55,0) -> 0 | F55: =IFERROR((BAU燃油经济性!F55-CNS燃油经济性!F55)/BAU燃油经济性!F55,0) -> 0.25 | G55: =IFERROR((BAU燃油经济性!G55-CNS燃油经济性!G55)/BAU燃油经济性!G55,0) -> 0 | H55: =IFERROR((BAU燃油经济性!H55-CNS燃油经济性!H55)/BAU燃油经济性!H55,0) -> 0.025 | I55: =IFERROR((BAU燃油经济性!I55-CNS燃油经济性!I55)/BAU燃油经济性!I55,0) -> 0.025 | J55: =IFERROR((BAU燃油经济性!J55-CNS燃油经济性!J55)/BAU燃油经济性!J55,0) -> 0 | K55: =IFERROR((BAU燃油经济性!K55-CNS燃油经济性!K55)/BAU燃油经济性!K55,0) -> 0.2030368 | ... S55: =IFERROR((BAU燃油经济性!S55-CNS燃油经济性!S55)/BAU燃油经济性!S55,0) -> 0.0017475728 | V55: 2053 | X55: =D55*$AA$9+E55*$AB$9 -> 0.24824902 | Z55: =F55*$AA$9+G55*$AB$9 -> 0.24824902 | AB55: =H55*$AA$11+I55*$AB$11 -> 0.025 | AD55: =J55*$AA$10+K55*$AB$10 -> 0.1164694 | AE55: 6271.4467 | AF55: =L55*$AA$10+M55*$AB$10 -> 0.0010024723 | AG55: 130649.29 | AH55: =O55 -> 0.046743666 | AI55: 110329.64 | AJ55: =Q55 -> 0.025 | AK55: 1210329.7 | AL55: =R55*$AA$10+S55*$AB$10 -> 0.0010024723 | AM55: 70511.952 | AO55: 2053 | AP55: =X55 -> 0.24824902 | AQ55: =AD55*AE55/(AE55+AG55+AM55)+AF55*AG55/(AE55+AG55+AM55)+AL55*AM55/(AE55+AG55+AM55) -> 0.0044934586 | AR55: =AB55 -> 0.025 | AS55: =AH55*AI55/(AI55+AK55)+AJ55*AK55/(AI55+AK55) -> 0.026816495 | AT55: 2053 | AU55: =AP55/AP$62 -> 1 | AV55: =AQ55/AQ$62 -> 0.99096162 | AW55: =AR55/AR$62 -> 1 | AX55: =AS55/AS$62 -> 0.99502667
B56: 2054 | D56: =IFERROR((BAU燃油经济性!D56-CNS燃油经济性!D56)/BAU燃油经济性!D56,0) -> 0.25 | E56: =IFERROR((BAU燃油经济性!E56-CNS燃油经济性!E56)/BAU燃油经济性!E56,0) -> 0 | F56: =IFERROR((BAU燃油经济性!F56-CNS燃油经济性!F56)/BAU燃油经济性!F56,0) -> 0.25 | G56: =IFERROR((BAU燃油经济性!G56-CNS燃油经济性!G56)/BAU燃油经济性!G56,0) -> 0 | H56: =IFERROR((BAU燃油经济性!H56-CNS燃油经济性!H56)/BAU燃油经济性!H56,0) -> 0.025 | I56: =IFERROR((BAU燃油经济性!I56-CNS燃油经济性!I56)/BAU燃油经济性!I56,0) -> 0.025 | J56: =IFERROR((BAU燃油经济性!J56-CNS燃油经济性!J56)/BAU燃油经济性!J56,0) -> 0 | K56: =IFERROR((BAU燃油经济性!K56-CNS燃油经济性!K56)/BAU燃油经济性!K56,0) -> 0.2030368 | ... S56: =IFERROR((BAU燃油经济性!S56-CNS燃油经济性!S56)/BAU燃油经济性!S56,0) -> 0.0017475728 | V56: 2054 | X56: =D56*$AA$9+E56*$AB$9 -> 0.24824902 | Z56: =F56*$AA$9+G56*$AB$9 -> 0.24824902 | AB56: =H56*$AA$11+I56*$AB$11 -> 0.025 | AD56: =J56*$AA$10+K56*$AB$10 -> 0.1164694 | AE56: 7454.2077 | AF56: =L56*$AA$10+M56*$AB$10 -> 0.0010024723 | AG56: 131427.13 | AH56: =O56 -> 0.046743666 | AI56: 110913.82 | AJ56: =Q56 -> 0.025 | AK56: 1212616.5 | AL56: =R56*$AA$10+S56*$AB$10 -> 0.0010024723 | AM56: 83810.126 | AO56: 2054 | AP56: =X56 -> 0.24824902 | AQ56: =AD56*AE56/(AE56+AG56+AM56)+AF56*AG56/(AE56+AG56+AM56)+AL56*AM56/(AE56+AG56+AM56) -> 0.0048675259 | AR56: =AB56 -> 0.025 | AS56: =AH56*AI56/(AI56+AK56)+AJ56*AK56/(AI56+AK56) -> 0.026822152 | AT56: 2054 | AU56: =AP56/AP$62 -> 1 | AV56: =AQ56/AQ$62 -> 1.0734563 | AW56: =AR56/AR$62 -> 1 | AX56: =AS56/AS$62 -> 0.99523657
B57: 2055 | D57: =IFERROR((BAU燃油经济性!D57-CNS燃油经济性!D57)/BAU燃油经济性!D57,0) -> 0.25 | E57: =IFERROR((BAU燃油经济性!E57-CNS燃油经济性!E57)/BAU燃油经济性!E57,0) -> 0 | F57: =IFERROR((BAU燃油经济性!F57-CNS燃油经济性!F57)/BAU燃油经济性!F57,0) -> 0.25 | G57: =IFERROR((BAU燃油经济性!G57-CNS燃油经济性!G57)/BAU燃油经济性!G57,0) -> 0 | H57: =IFERROR((BAU燃油经济性!H57-CNS燃油经济性!H57)/BAU燃油经济性!H57,0) -> 0.025 | I57: =IFERROR((BAU燃油经济性!I57-CNS燃油经济性!I57)/BAU燃油经济性!I57,0) -> 0.025 | J57: =IFERROR((BAU燃油经济性!J57-CNS燃油经济性!J57)/BAU燃油经济性!J57,0) -> 0 | K57: =IFERROR((BAU燃油经济性!K57-CNS燃油经济性!K57)/BAU燃油经济性!K57,0) -> 0.2030368 | ... S57: =IFERROR((BAU燃油经济性!S57-CNS燃油经济性!S57)/BAU燃油经济性!S57,0) -> 0.0017475728 | V57: 2055 | X57: =D57*$AA$9+E57*$AB$9 -> 0.24824902 | Z57: =F57*$AA$9+G57*$AB$9 -> 0.24824902 | AB57: =H57*$AA$11+I57*$AB$11 -> 0.025 | AD57: =J57*$AA$10+K57*$AB$10 -> 0.1164694 | AE57: 6417.0926 | AF57: =L57*$AA$10+M57*$AB$10 -> 0.0010024723 | AG57: 131764.63 | AH57: =O57 -> 0.046743666 | AI57: 113854.62 | AJ57: =Q57 -> 0.025 | AK57: 1219513.3 | AL57: =R57*$AA$10+S57*$AB$10 -> 0.0010024723 | AM57: 72149.497 | AO57: 2055 | AP57: =X57 -> 0.24824902 | AQ57: =AD57*AE57/(AE57+AG57+AM57)+AF57*AG57/(AE57+AG57+AM57)+AL57*AM57/(AE57+AG57+AM57) -> 0.0045253063 | AR57: =AB57 -> 0.025 | AS57: =AH57*AI57/(AI57+AK57)+AJ57*AK57/(AI57+AK57) -> 0.026856664 | AT57: 2055 | AU57: =AP57/AP$62 -> 1 | AV57: =AQ57/AQ$62 -> 0.99798513 | AW57: =AR57/AR$62 -> 1 | AX57: =AS57/AS$62 -> 0.99651716
B58: 2056 | D58: =IFERROR((BAU燃油经济性!D58-CNS燃油经济性!D58)/BAU燃油经济性!D58,0) -> 0.25 | E58: =IFERROR((BAU燃油经济性!E58-CNS燃油经济性!E58)/BAU燃油经济性!E58,0) -> 0 | F58: =IFERROR((BAU燃油经济性!F58-CNS燃油经济性!F58)/BAU燃油经济性!F58,0) -> 0.25 | G58: =IFERROR((BAU燃油经济性!G58-CNS燃油经济性!G58)/BAU燃油经济性!G58,0) -> 0 | H58: =IFERROR((BAU燃油经济性!H58-CNS燃油经济性!H58)/BAU燃油经济性!H58,0) -> 0.025 | I58: =IFERROR((BAU燃油经济性!I58-CNS燃油经济性!I58)/BAU燃油经济性!I58,0) -> 0.025 | J58: =IFERROR((BAU燃油经济性!J58-CNS燃油经济性!J58)/BAU燃油经济性!J58,0) -> 0 | K58: =IFERROR((BAU燃油经济性!K58-CNS燃油经济性!K58)/BAU燃油经济性!K58,0) -> 0.2030368 | ... S58: =IFERROR((BAU燃油经济性!S58-CNS燃油经济性!S58)/BAU燃油经济性!S58,0) -> 0.0017475728 | V58: 2056 | X58: =D58*$AA$9+E58*$AB$9 -> 0.24824902 | Z58: =F58*$AA$9+G58*$AB$9 -> 0.24824902 | AB58: =H58*$AA$11+I58*$AB$11 -> 0.025 | AD58: =J58*$AA$10+K58*$AB$10 -> 0.1164694 | AE58: 4854.4048 | AF58: =L58*$AA$10+M58*$AB$10 -> 0.0010024723 | AG58: 131601.25 | AH58: =O58 -> 0.046743666 | AI58: 117967.1 | AJ58: =Q58 -> 0.025 | AK58: 1229019.1 | AL58: =R58*$AA$10+S58*$AB$10 -> 0.0010024723 | AM58: 54579.681 | AO58: 2056 | AP58: =X58 -> 0.24824902 | AQ58: =AD58*AE58/(AE58+AG58+AM58)+AF58*AG58/(AE58+AG58+AM58)+AL58*AM58/(AE58+AG58+AM58) -> 0.003936606 | AR58: =AB58 -> 0.025 | AS58: =AH58*AI58/(AI58+AK58)+AJ58*AK58/(AI58+AK58) -> 0.026904279 | AT58: 2056 | AU58: =AP58/AP$62 -> 1 | AV58: =AQ58/AQ$62 -> 0.86815654 | AW58: =AR58/AR$62 -> 1 | AX58: =AS58/AS$62 -> 0.9982839
B59: 2057 | D59: =IFERROR((BAU燃油经济性!D59-CNS燃油经济性!D59)/BAU燃油经济性!D59,0) -> 0.25 | E59: =IFERROR((BAU燃油经济性!E59-CNS燃油经济性!E59)/BAU燃油经济性!E59,0) -> 0 | F59: =IFERROR((BAU燃油经济性!F59-CNS燃油经济性!F59)/BAU燃油经济性!F59,0) -> 0.25 | G59: =IFERROR((BAU燃油经济性!G59-CNS燃油经济性!G59)/BAU燃油经济性!G59,0) -> 0 | H59: =IFERROR((BAU燃油经济性!H59-CNS燃油经济性!H59)/BAU燃油经济性!H59,0) -> 0.025 | I59: =IFERROR((BAU燃油经济性!I59-CNS燃油经济性!I59)/BAU燃油经济性!I59,0) -> 0.025 | J59: =IFERROR((BAU燃油经济性!J59-CNS燃油经济性!J59)/BAU燃油经济性!J59,0) -> 0 | K59: =IFERROR((BAU燃油经济性!K59-CNS燃油经济性!K59)/BAU燃油经济性!K59,0) -> 0.2030368 | ... S59: =IFERROR((BAU燃油经济性!S59-CNS燃油经济性!S59)/BAU燃油经济性!S59,0) -> 0.0017475728 | V59: 2057 | X59: =D59*$AA$9+E59*$AB$9 -> 0.24824902 | Z59: =F59*$AA$9+G59*$AB$9 -> 0.24824902 | AB59: =H59*$AA$11+I59*$AB$11 -> 0.025 | AD59: =J59*$AA$10+K59*$AB$10 -> 0.1164694 | AE59: 5860.9025 | AF59: =L59*$AA$10+M59*$AB$10 -> 0.0010024723 | AG59: 131004.65 | AH59: =O59 -> 0.046743666 | AI59: 121826.86 | AJ59: =Q59 -> 0.025 | AK59: 1238600.6 | AL59: =R59*$AA$10+S59*$AB$10 -> 0.0010024723 | AM59: 65896.068 | AO59: 2057 | AP59: =X59 -> 0.24824902 | AQ59: =AD59*AE59/(AE59+AG59+AM59)+AF59*AG59/(AE59+AG59+AM59)+AL59*AM59/(AE59+AG59+AM59) -> 0.0043400882 | AR59: =AB59 -> 0.025 | AS59: =AH59*AI59/(AI59+AK59)+AJ59*AK59/(AI59+AK59) -> 0.026947155 | AT59: 2057 | AU59: =AP59/AP$62 -> 1 | AV59: =AQ59/AQ$62 -> 0.95713818 | AW59: =AR59/AR$62 -> 1 | AX59: =AS59/AS$62 -> 0.9998748
B60: 2058 | D60: =IFERROR((BAU燃油经济性!D60-CNS燃油经济性!D60)/BAU燃油经济性!D60,0) -> 0.25 | E60: =IFERROR((BAU燃油经济性!E60-CNS燃油经济性!E60)/BAU燃油经济性!E60,0) -> 0 | F60: =IFERROR((BAU燃油经济性!F60-CNS燃油经济性!F60)/BAU燃油经济性!F60,0) -> 0.25 | G60: =IFERROR((BAU燃油经济性!G60-CNS燃油经济性!G60)/BAU燃油经济性!G60,0) -> 0 | H60: =IFERROR((BAU燃油经济性!H60-CNS燃油经济性!H60)/BAU燃油经济性!H60,0) -> 0.025 | I60: =IFERROR((BAU燃油经济性!I60-CNS燃油经济性!I60)/BAU燃油经济性!I60,0) -> 0.025 | J60: =IFERROR((BAU燃油经济性!J60-CNS燃油经济性!J60)/BAU燃油经济性!J60,0) -> 0 | K60: =IFERROR((BAU燃油经济性!K60-CNS燃油经济性!K60)/BAU燃油经济性!K60,0) -> 0.2030368 | ... S60: =IFERROR((BAU燃油经济性!S60-CNS燃油经济性!S60)/BAU燃油经济性!S60,0) -> 0.0017475728 | V60: 2058 | X60: =D60*$AA$9+E60*$AB$9 -> 0.24824902 | Z60: =F60*$AA$9+G60*$AB$9 -> 0.24824902 | AB60: =H60*$AA$11+I60*$AB$11 -> 0.025 | AD60: =J60*$AA$10+K60*$AB$10 -> 0.1164694 | AE60: 8421.4094 | AF60: =L60*$AA$10+M60*$AB$10 -> 0.0010024723 | AG60: 130165.94 | AH60: =O60 -> 0.046743666 | AI60: 124289.52 | AJ60: =Q60 -> 0.025 | AK60: 1246466.6 | AL60: =R60*$AA$10+S60*$AB$10 -> 0.0010024723 | AM60: 94684.695 | AO60: 2058 | AP60: =X60 -> 0.24824902 | AQ60: =AD60*AE60/(AE60+AG60+AM60)+AF60*AG60/(AE60+AG60+AM60)+AL60*AM60/(AE60+AG60+AM60) -> 0.0051709712 | AR60: =AB60 -> 0.025 | AS60: =AH60*AI60/(AI60+AK60)+AJ60*AK60/(AI60+AK60) -> 0.026971547 | AT60: 2058 | AU60: =AP60/AP$62 -> 1 | AV60: =AQ60/AQ$62 -> 1.1403764 | AW60: =AR60/AR$62 -> 1 | AX60: =AS60/AS$62 -> 1.0007799
B61: 2059 | D61: =IFERROR((BAU燃油经济性!D61-CNS燃油经济性!D61)/BAU燃油经济性!D61,0) -> 0.25 | E61: =IFERROR((BAU燃油经济性!E61-CNS燃油经济性!E61)/BAU燃油经济性!E61,0) -> 0 | F61: =IFERROR((BAU燃油经济性!F61-CNS燃油经济性!F61)/BAU燃油经济性!F61,0) -> 0.25 | G61: =IFERROR((BAU燃油经济性!G61-CNS燃油经济性!G61)/BAU燃油经济性!G61,0) -> 0 | H61: =IFERROR((BAU燃油经济性!H61-CNS燃油经济性!H61)/BAU燃油经济性!H61,0) -> 0.025 | I61: =IFERROR((BAU燃油经济性!I61-CNS燃油经济性!I61)/BAU燃油经济性!I61,0) -> 0.025 | J61: =IFERROR((BAU燃油经济性!J61-CNS燃油经济性!J61)/BAU燃油经济性!J61,0) -> 0 | K61: =IFERROR((BAU燃油经济性!K61-CNS燃油经济性!K61)/BAU燃油经济性!K61,0) -> 0.2030368 | ... S61: =IFERROR((BAU燃油经济性!S61-CNS燃油经济性!S61)/BAU燃油经济性!S61,0) -> 0.0017475728 | V61: 2059 | X61: =D61*$AA$9+E61*$AB$9 -> 0.24824902 | Z61: =F61*$AA$9+G61*$AB$9 -> 0.24824902 | AB61: =H61*$AA$11+I61*$AB$11 -> 0.025 | AD61: =J61*$AA$10+K61*$AB$10 -> 0.1164694 | AE61: 8550.0331 | AF61: =L61*$AA$10+M61*$AB$10 -> 0.0010024723 | AG61: 129336.08 | AH61: =O61 -> 0.046743666 | AI61: 124844.99 | AJ61: =Q61 -> 0.025 | AK61: 1252007.4 | AL61: =R61*$AA$10+S61*$AB$10 -> 0.0010024723 | AM61: 96130.853 | AO61: 2059 | AP61: =X61 -> 0.24824902 | AQ61: =AD61*AE61/(AE61+AG61+AM61)+AF61*AG61/(AE61+AG61+AM61)+AL61*AM61/(AE61+AG61+AM61) -> 0.0052211666 | AR61: =AB61 -> 0.025 | AS61: =AH61*AI61/(AI61+AK61)+AJ61*AK61/(AI61+AK61) -> 0.026971589 | AT61: 2059 | AU61: =AP61/AP$62 -> 1 | AV61: =AQ61/AQ$62 -> 1.1514462 | AW61: =AR61/AR$62 -> 1 | AX61: =AS61/AS$62 -> 1.0007815
B62: 2060 | D62: =IFERROR((BAU燃油经济性!D62-CNS燃油经济性!D62)/BAU燃油经济性!D62,0) -> 0.25 | E62: =IFERROR((BAU燃油经济性!E62-CNS燃油经济性!E62)/BAU燃油经济性!E62,0) -> 0 | F62: =IFERROR((BAU燃油经济性!F62-CNS燃油经济性!F62)/BAU燃油经济性!F62,0) -> 0.25 | G62: =IFERROR((BAU燃油经济性!G62-CNS燃油经济性!G62)/BAU燃油经济性!G62,0) -> 0 | H62: =IFERROR((BAU燃油经济性!H62-CNS燃油经济性!H62)/BAU燃油经济性!H62,0) -> 0.025 | I62: =IFERROR((BAU燃油经济性!I62-CNS燃油经济性!I62)/BAU燃油经济性!I62,0) -> 0.025 | J62: =IFERROR((BAU燃油经济性!J62-CNS燃油经济性!J62)/BAU燃油经济性!J62,0) -> 0 | K62: =IFERROR((BAU燃油经济性!K62-CNS燃油经济性!K62)/BAU燃油经济性!K62,0) -> 0.2030368 | ... S62: =IFERROR((BAU燃油经济性!S62-CNS燃油经济性!S62)/BAU燃油经济性!S62,0) -> 0.0017475728 | V62: 2060 | X62: =D62*$AA$9+E62*$AB$9 -> 0.24824902 | Z62: =F62*$AA$9+G62*$AB$9 -> 0.24824902 | AB62: =H62*$AA$11+I62*$AB$11 -> 0.025 | AD62: =J62*$AA$10+K62*$AB$10 -> 0.1164694 | AE62: 6295.6967 | AF62: =L62*$AA$10+M62*$AB$10 -> 0.0010024723 | AG62: 128738.18 | AH62: =O62 -> 0.046743666 | AI62: 123674.51 | AJ62: =Q62 -> 0.025 | AK62: 1254996.4 | AL62: =R62*$AA$10+S62*$AB$10 -> 0.0010024723 | AM62: 70784.603 | AO62: 2060 | AP62: =X62 -> 0.24824902 | AQ62: =AD62*AE62/(AE62+AG62+AM62)+AF62*AG62/(AE62+AG62+AM62)+AL62*AM62/(AE62+AG62+AM62) -> 0.0045344426 | AR62: =AB62 -> 0.025 | AS62: =AH62*AI62/(AI62+AK62)+AJ62*AK62/(AI62+AK62) -> 0.026950529 | AT62: 2060 | AU62: =AP62/AP$62 -> 1 | AV62: =AQ62/AQ$62 -> 1 | AW62: =AR62/AR$62 -> 1 | AX62: =AS62/AS$62 -> 1
