Workbook

Sheet ccs
B1: electricity CCS Potential achieved 2060 | D1: Fraction of potential achieved | E1: Industrial energy CCS potential achieved 2060 | F1: Industrial process CCS potential achieved 2060
A2: hard coal | B2: 1 | D2: agriculture and forestry 01T03 | E2: 0 | F2: 0
A3: natural gas nonpeaker | B3: 1 | D3: coal mining 05 | E3: 0 | F3: 0
A4: biomass | B4: 0.60005543 | D4: oil and gas extraction 06 | E4: 0 | F4: 0
A5: natural gas peaker | B5: 1 | D5: other mining and quarrying 07T08 | E5: 0 | F5: 0
A6: lignite | B6: 1 | D6: food beverage and tobacco 10T12 | E6: 0 | F6: 0
A7: municipal solid waste | B7: 0.60005543 | D7: textiles apparel and leather 13T15 | E7: 0 | F7: 0
D8: wood products 16 | E8: 0 | F8: 0
D9: pulp paper and printing 17T18 | E9: 0 | F9: 0
D10: refined petroleum and coke 19 | E10: 0.10337113 | F10: 0
D11: chemicals 20 | E11: 0.10337113 | F11: 0.45255937
D12: rubber and plastic products 22 | E12: 0 | F12: 0
D13: glass and glass products 231 | E13: 0 | F13: 0
D14: cement and other nonmetallic minerals 239 | E14: 0.17505115 | F14: 0.5528733
D15: iron and steel 241 | E15: 0.65296804 | F15: 0.043187774
D16: other metals 242 | E16: 0 | F16: 0
D17: metal products except machinery and vehicles 25 | E17: 0 | F17: 0
D18: computers and electronics 26 | E18: 0 | F18: 0
D19: appliances and electrical equipment 27 | E19: 0 | F19: 0
... D26: construction 41T43 | E26: 0 | F26: 0

Sheet 土地利用
B1: Time (Year) | C1: 2023 | D1: 2024 | E1: 2025 | F1: 2026 | G1: 2027 | H1: 2028 | I1: 2029 | J1: 2030 | K1: 2031 | L1: 2032 | M1: 2033 | N1: 2034 | O1: 2035 | P1: 2036 | Q1: 2037 | R1: 2038 | S1: 2039 | T1: 2040 | U1: 2041 | V1: 2042 | W1: 2043 | X1: 2044 | Y1: 2045 | Z1: 2046 | AA1: 2047 | AB1: 2048 | AC1: 2049 | AD1: 2050 | AE1: 2051 | AF1: 2052 | AG1: 2053 | AH1: 2054 | AI1: 2055 | AJ1: 2056 | AK1: 2057 | AL1: 2058 | AM1: 2059 | AN1: 2060
A2: BAU | B2: BAU CO2 impact | C2: ='land use'!C2 -> -1.22273e+15 | D2: ='land use'!D2 -> -1.22273e+15 | E2: ='land use'!E2 -> -1.22273e+15 | F2: ='land use'!F2 -> -1.22273e+15 | G2: ='land use'!G2 -> -1.22273e+15 | H2: ='land use'!H2 -> -1.22273e+15 | I2: ='land use'!I2 -> -1.22273e+15 | J2: ='land use'!J2 -> -1.22273e+15 | ... AN2: ='land use'!AN2 -> -1.22273e+15
A3: CNS | B3: CNS CO2 impact | C3: ='land use'!C16 -> -1.22309e+15 | D3: ='land use'!D16 -> -1.22392e+15 | E3: ='land use'!E16 -> -1.22509e+15 | F3: ='land use'!F16 -> -1.22657e+15 | G3: ='land use'!G16 -> -1.22838e+15 | H3: ='land use'!H16 -> -1.23052e+15 | I3: ='land use'!I16 -> -1.23299e+15 | J3: ='land use'!J16 -> -1.23578e+15 | ... AN3: ='land use'!AN16 -> -1.3678e+15
B5: Time (Year) | C5: 2023 | D5: 2024 | E5: 2025 | F5: 2026 | G5: 2027 | H5: 2028 | I5: 2029 | J5: 2030 | K5: 2031 | L5: 2032 | M5: 2033 | N5: 2034 | O5: 2035 | P5: 2036 | Q5: 2037 | R5: 2038 | S5: 2039 | T5: 2040 | U5: 2041 | V5: 2042 | W5: 2043 | X5: 2044 | Y5: 2045 | Z5: 2046 | AA5: 2047 | AB5: 2048 | AC5: 2049 | AD5: 2050 | AE5: 2051 | AF5: 2052 | AG5: 2053 | AH5: 2054 | AI5: 2055 | AJ5: 2056 | AK5: 2057 | AL5: 2058 | AM5: 2059 | AN5: 2060
A6: BAU | B6: ='land use'!B14 -> BAU CH4 and N2O impact | C6: ='land use'!C14 -> 859217000000 | D6: ='land use'!D14 -> 859217000000 | E6: ='land use'!E14 -> 859217000000 | F6: ='land use'!F14 -> 859217000000 | G6: ='land use'!G14 -> 859217000000 | H6: ='land use'!H14 -> 859217000000 | I6: ='land use'!I14 -> 859217000000 | ... AN6: ='land use'!AN14 -> 859217000000
A7: CNS | B7: ='land use'!B28 -> CNS CH4 and N2O impact | C7: ='land use'!C28 -> 859470900000 | D7: ='land use'!D28 -> 860056000000 | E7: ='land use'!E28 -> 860871700000 | F7: ='land use'!F28 -> 861915900000 | G7: ='land use'!G28 -> 863188700000 | H7: ='land use'!H28 -> 864692100000 | I7: ='land use'!I28 -> 866424000000 | ... AN7: ='land use'!AN28 -> 961130300000

Sheet land use
A1: BAU | B1: Time (Year) | C1: 2023 | D1: 2024 | E1: 2025 | F1: 2026 | G1: 2027 | H1: 2028 | I1: 2029 | J1: 2030 | K1: 2031 | L1: 2032 | M1: 2033 | N1: 2034 | O1: 2035 | P1: 2036 | Q1: 2037 | R1: 2038 | S1: 2039 | T1: 2040 | U1: 2041 | V1: 2042 | W1: 2043 | X1: 2044 | Y1: 2045 | Z1: 2046 | AA1: 2047 | AB1: 2048 | AC1: 2049 | AD1: 2050 | AE1: 2051 | AF1: 2052 | AG1: 2053 | AH1: 2054 | AI1: 2055 | AJ1: 2056 | AK1: 2057 | AL1: 2058 | AM1: 2059 | AN1: 2060
B2: LULUCF Anthropogenic Pollutant Emissions[CO2] : MostRecentRun | C2: -1.22273e+15 | D2: -1.22273e+15 | E2: -1.22273e+15 | F2: -1.22273e+15 | G2: -1.22273e+15 | H2: -1.22273e+15 | I2: -1.22273e+15 | J2: -1.22273e+15 | K2: -1.22273e+15 | L2: -1.22273e+15 | M2: -1.22273e+15 | N2: -1.22273e+15 | O2: -1.22273e+15 | P2: -1.22273e+15 | Q2: -1.22273e+15 | R2: -1.22273e+15 | S2: -1.22273e+15 | T2: -1.22273e+15 | U2: -1.22273e+15 | V2: -1.22273e+15 | W2: -1.22273e+15 | X2: -1.22273e+15 | Y2: -1.22273e+15 | Z2: -1.22273e+15 | AA2: -1.22273e+15 | AB2: -1.22273e+15 | AC2: -1.22273e+15 | AD2: -1.22273e+15 | AE2: -1.22273e+15 | AF2: -1.22273e+15 | AG2: -1.22273e+15 | AH2: -1.22273e+15 | AI2: -1.22273e+15 | AJ2: -1.22273e+15 | AK2: -1.22273e+15 | AL2: -1.22273e+15 | AM2: -1.22273e+15 | AN2: -1.22273e+15
B3: LULUCF Anthropogenic Pollutant Emissions[VOC] : MostRecentRun | C3: 0 | D3: 0 | E3: 0 | F3: 0 | G3: 0 | H3: 0 | I3: 0 | J3: 0 | K3: 0 | L3: 0 | M3: 0 | N3: 0 | O3: 0 | P3: 0 | Q3: 0 | R3: 0 | S3: 0 | T3: 0 | U3: 0 | V3: 0 | W3: 0 | X3: 0 | Y3: 0 | Z3: 0 | AA3: 0 | AB3: 0 | AC3: 0 | AD3: 0 | AE3: 0 | AF3: 0 | AG3: 0 | AH3: 0 | AI3: 0 | AJ3: 0 | AK3: 0 | AL3: 0 | AM3: 0 | AN3: 0
B4: LULUCF Anthropogenic Pollutant Emissions[CO] : MostRecentRun | C4: 0 | D4: 0 | E4: 0 | F4: 0 | G4: 0 | H4: 0 | I4: 0 | J4: 0 | K4: 0 | L4: 0 | M4: 0 | N4: 0 | O4: 0 | P4: 0 | Q4: 0 | R4: 0 | S4: 0 | T4: 0 | U4: 0 | V4: 0 | W4: 0 | X4: 0 | Y4: 0 | Z4: 0 | AA4: 0 | AB4: 0 | AC4: 0 | AD4: 0 | AE4: 0 | AF4: 0 | AG4: 0 | AH4: 0 | AI4: 0 | AJ4: 0 | AK4: 0 | AL4: 0 | AM4: 0 | AN4: 0
B5: LULUCF Anthropogenic Pollutant Emissions[NOx] : MostRecentRun | C5: 0 | D5: 0 | E5: 0 | F5: 0 | G5: 0 | H5: 0 | I5: 0 | J5: 0 | K5: 0 | L5: 0 | M5: 0 | N5: 0 | O5: 0 | P5: 0 | Q5: 0 | R5: 0 | S5: 0 | T5: 0 | U5: 0 | V5: 0 | W5: 0 | X5: 0 | Y5: 0 | Z5: 0 | AA5: 0 | AB5: 0 | AC5: 0 | AD5: 0 | AE5: 0 | AF5: 0 | AG5: 0 | AH5: 0 | AI5: 0 | AJ5: 0 | AK5: 0 | AL5: 0 | AM5: 0 | AN5: 0
B6: LULUCF Anthropogenic Pollutant Emissions[PM10] : MostRecentRun | C6: 0 | D6: 0 | E6: 0 | F6: 0 | G6: 0 | H6: 0 | I6: 0 | J6: 0 | K6: 0 | L6: 0 | M6: 0 | N6: 0 | O6: 0 | P6: 0 | Q6: 0 | R6: 0 | S6: 0 | T6: 0 | U6: 0 | V6: 0 | W6: 0 | X6: 0 | Y6: 0 | Z6: 0 | AA6: 0 | AB6: 0 | AC6: 0 | AD6: 0 | AE6: 0 | AF6: 0 | AG6: 0 | AH6: 0 | AI6: 0 | AJ6: 0 | AK6: 0 | AL6: 0 | AM6: 0 | AN6: 0
B7: LULUCF Anthropogenic Pollutant Emissions[PM25] : MostRecentRun | C7: 0 | D7: 0 | E7: 0 | F7: 0 | G7: 0 | H7: 0 | I7: 0 | J7: 0 | K7: 0 | L7: 0 | M7: 0 | N7: 0 | O7: 0 | P7: 0 | Q7: 0 | R7: 0 | S7: 0 | T7: 0 | U7: 0 | V7: 0 | W7: 0 | X7: 0 | Y7: 0 | Z7: 0 | AA7: 0 | AB7: 0 | AC7: 0 | AD7: 0 | AE7: 0 | AF7: 0 | AG7: 0 | AH7: 0 | AI7: 0 | AJ7: 0 | AK7: 0 | AL7: 0 | AM7: 0 | AN7: 0
B8: LULUCF Anthropogenic Pollutant Emissions[SOx] : MostRecentRun | C8: 0 | D8: 0 | E8: 0 | F8: 0 | G8: 0 | H8: 0 | I8: 0 | J8: 0 | K8: 0 | L8: 0 | M8: 0 | N8: 0 | O8: 0 | P8: 0 | Q8: 0 | R8: 0 | S8: 0 | T8: 0 | U8: 0 | V8: 0 | W8: 0 | X8: 0 | Y8: 0 | Z8: 0 | AA8: 0 | AB8: 0 | AC8: 0 | AD8: 0 | AE8: 0 | AF8: 0 | AG8: 0 | AH8: 0 | AI8: 0 | AJ8: 0 | AK8: 0 | AL8: 0 | AM8: 0 | AN8: 0
B9: LULUCF Anthropogenic Pollutant Emissions[BC] : MostRecentRun | C9: 0 | D9: 0 | E9: 0 | F9: 0 | G9: 0 | H9: 0 | I9: 0 | J9: 0 | K9: 0 | L9: 0 | M9: 0 | N9: 0 | O9: 0 | P9: 0 | Q9: 0 | R9: 0 | S9: 0 | T9: 0 | U9: 0 | V9: 0 | W9: 0 | X9: 0 | Y9: 0 | Z9: 0 | AA9: 0 | AB9: 0 | AC9: 0 | AD9: 0 | AE9: 0 | AF9: 0 | AG9: 0 | AH9: 0 | AI9: 0 | AJ9: 0 | AK9: 0 | AL9: 0 | AM9: 0 | AN9: 0
B10: LULUCF Anthropogenic Pollutant Emissions[OC] : MostRecentRun | C10: 0 | D10: 0 | E10: 0 | F10: 0 | G10: 0 | H10: 0 | I10: 0 | J10: 0 | K10: 0 | L10: 0 | M10: 0 | N10: 0 | O10: 0 | P10: 0 | Q10: 0 | R10: 0 | S10: 0 | T10: 0 | U10: 0 | V10: 0 | W10: 0 | X10: 0 | Y10: 0 | Z10: 0 | AA10: 0 | AB10: 0 | AC10: 0 | AD10: 0 | AE10: 0 | AF10: 0 | AG10: 0 | AH10: 0 | AI10: 0 | AJ10: 0 | AK10: 0 | AL10: 0 | AM10: 0 | AN10: 0
B11: LULUCF Anthropogenic Pollutant Emissions[CH4] : MostRecentRun | C11: 812106000000 | D11: 812106000000 | E11: 812106000000 | F11: 812106000000 | G11: 812106000000 | H11: 812106000000 | I11: 812106000000 | J11: 812106000000 | K11: 812106000000 | L11: 812106000000 | M11: 812106000000 | N11: 812106000000 | O11: 812106000000 | P11: 812106000000 | Q11: 812106000000 | R11: 812106000000 | S11: 812106000000 | T11: 812106000000 | U11: 812106000000 | V11: 812106000000 | W11: 812106000000 | X11: 812106000000 | Y11: 812106000000 | Z11: 812106000000 | AA11: 812106000000 | AB11: 812106000000 | AC11: 812106000000 | AD11: 812106000000 | AE11: 812106000000 | AF11: 812106000000 | AG11: 812106000000 | AH11: 812106000000 | AI11: 812106000000 | AJ11: 812106000000 | AK11: 812106000000 | AL11: 812106000000 | AM11: 812106000000 | AN11: 812106000000
B12: LULUCF Anthropogenic Pollutant Emissions[N2O] : MostRecentRun | C12: 47111000000 | D12: 47111000000 | E12: 47111000000 | F12: 47111000000 | G12: 47111000000 | H12: 47111000000 | I12: 47111000000 | J12: 47111000000 | K12: 47111000000 | L12: 47111000000 | M12: 47111000000 | N12: 47111000000 | O12: 47111000000 | P12: 47111000000 | Q12: 47111000000 | R12: 47111000000 | S12: 47111000000 | T12: 47111000000 | U12: 47111000000 | V12: 47111000000 | W12: 47111000000 | X12: 47111000000 | Y12: 47111000000 | Z12: 47111000000 | AA12: 47111000000 | AB12: 47111000000 | AC12: 47111000000 | AD12: 47111000000 | AE12: 47111000000 | AF12: 47111000000 | AG12: 47111000000 | AH12: 47111000000 | AI12: 47111000000 | AJ12: 47111000000 | AK12: 47111000000 | AL12: 47111000000 | AM12: 47111000000 | AN12: 47111000000
B13: LULUCF Anthropogenic Pollutant Emissions[F gases] : MostRecentRun | C13: 0 | D13: 0 | E13: 0 | F13: 0 | G13: 0 | H13: 0 | I13: 0 | J13: 0 | K13: 0 | L13: 0 | M13: 0 | N13: 0 | O13: 0 | P13: 0 | Q13: 0 | R13: 0 | S13: 0 | T13: 0 | U13: 0 | V13: 0 | W13: 0 | X13: 0 | Y13: 0 | Z13: 0 | AA13: 0 | AB13: 0 | AC13: 0 | AD13: 0 | AE13: 0 | AF13: 0 | AG13: 0 | AH13: 0 | AI13: 0 | AJ13: 0 | AK13: 0 | AL13: 0 | AM13: 0 | AN13: 0
B14: BAU CH4 and N2O impact | C14: =C11+C12 -> 859217000000 | D14: =D11+D12 -> 859217000000 | E14: =E11+E12 -> 859217000000 | F14: =F11+F12 -> 859217000000 | G14: =G11+G12 -> 859217000000 | H14: =H11+H12 -> 859217000000 | I14: =I11+I12 -> 859217000000 | J14: =J11+J12 -> 859217000000 | ... AN14: =AN11+AN12 -> 859217000000
A15: CNS | B15: Time (Year) | C15: 2023 | D15: 2024 | E15: 2025 | F15: 2026 | G15: 2027 | H15: 2028 | I15: 2029 | J15: 2030 | K15: 2031 | L15: 2032 | M15: 2033 | N15: 2034 | O15: 2035 | P15: 2036 | Q15: 2037 | R15: 2038 | S15: 2039 | T15: 2040 | U15: 2041 | V15: 2042 | W15: 2043 | X15: 2044 | Y15: 2045 | Z15: 2046 | AA15: 2047 | AB15: 2048 | AC15: 2049 | AD15: 2050 | AE15: 2051 | AF15: 2052 | AG15: 2053 | AH15: 2054 | AI15: 2055 | AJ15: 2056 | AK15: 2057 | AL15: 2058 | AM15: 2059 | AN15: 2060
B16: LULUCF Anthropogenic Pollutant Emissions[CO2] : MostRecentRun | C16: -1.22309e+15 | D16: -1.22392e+15 | E16: -1.22509e+15 | F16: -1.22657e+15 | G16: -1.22838e+15 | H16: -1.23052e+15 | I16: -1.23299e+15 | J16: -1.23578e+15 | K16: -1.23758e+15 | L16: -1.23955e+15 | M16: -1.24171e+15 | N16: -1.24405e+15 | O16: -1.24656e+15 | P16: -1.24926e+15 | Q16: -1.25213e+15 | R16: -1.25519e+15 | S16: -1.25842e+15 | T16: -1.26183e+15 | U16: -1.26543e+15 | V16: -1.2692e+15 | W16: -1.27315e+15 | X16: -1.27728e+15 | Y16: -1.28159e+15 | Z16: -1.28608e+15 | AA16: -1.29075e+15 | AB16: -1.2956e+15 | AC16: -1.30063e+15 | AD16: -1.30584e+15 | AE16: -1.31123e+15 | AF16: -1.3168e+15 | AG16: -1.32254e+15 | AH16: -1.32847e+15 | AI16: -1.33458e+15 | AJ16: -1.34086e+15 | AK16: -1.34733e+15 | AL16: -1.35397e+15 | AM16: -1.3608e+15 | AN16: -1.3678e+15
B17: LULUCF Anthropogenic Pollutant Emissions[VOC] : MostRecentRun | C17: 0 | D17: 0 | E17: 0 | F17: 0 | G17: 0 | H17: 0 | I17: 0 | J17: 0 | K17: 0 | L17: 0 | M17: 0 | N17: 0 | O17: 0 | P17: 0 | Q17: 0 | R17: 0 | S17: 0 | T17: 0 | U17: 0 | V17: 0 | W17: 0 | X17: 0 | Y17: 0 | Z17: 0 | AA17: 0 | AB17: 0 | AC17: 0 | AD17: 0 | AE17: 0 | AF17: 0 | AG17: 0 | AH17: 0 | AI17: 0 | AJ17: 0 | AK17: 0 | AL17: 0 | AM17: 0 | AN17: 0
B18: LULUCF Anthropogenic Pollutant Emissions[CO] : MostRecentRun | C18: 0 | D18: 0 | E18: 0 | F18: 0 | G18: 0 | H18: 0 | I18: 0 | J18: 0 | K18: 0 | L18: 0 | M18: 0 | N18: 0 | O18: 0 | P18: 0 | Q18: 0 | R18: 0 | S18: 0 | T18: 0 | U18: 0 | V18: 0 | W18: 0 | X18: 0 | Y18: 0 | Z18: 0 | AA18: 0 | AB18: 0 | AC18: 0 | AD18: 0 | AE18: 0 | AF18: 0 | AG18: 0 | AH18: 0 | AI18: 0 | AJ18: 0 | AK18: 0 | AL18: 0 | AM18: 0 | AN18: 0
B19: LULUCF Anthropogenic Pollutant Emissions[NOx] : MostRecentRun | C19: 0 | D19: 0 | E19: 0 | F19: 0 | G19: 0 | H19: 0 | I19: 0 | J19: 0 | K19: 0 | L19: 0 | M19: 0 | N19: 0 | O19: 0 | P19: 0 | Q19: 0 | R19: 0 | S19: 0 | T19: 0 | U19: 0 | V19: 0 | W19: 0 | X19: 0 | Y19: 0 | Z19: 0 | AA19: 0 | AB19: 0 | AC19: 0 | AD19: 0 | AE19: 0 | AF19: 0 | AG19: 0 | AH19: 0 | AI19: 0 | AJ19: 0 | AK19: 0 | AL19: 0 | AM19: 0 | AN19: 0
B20: LULUCF Anthropogenic Pollutant Emissions[PM10] : MostRecentRun | C20: 0 | D20: 0 | E20: 0 | F20: 0 | G20: 0 | H20: 0 | I20: 0 | J20: 0 | K20: 0 | L20: 0 | M20: 0 | N20: 0 | O20: 0 | P20: 0 | Q20: 0 | R20: 0 | S20: 0 | T20: 0 | U20: 0 | V20: 0 | W20: 0 | X20: 0 | Y20: 0 | Z20: 0 | AA20: 0 | AB20: 0 | AC20: 0 | AD20: 0 | AE20: 0 | AF20: 0 | AG20: 0 | AH20: 0 | AI20: 0 | AJ20: 0 | AK20: 0 | AL20: 0 | AM20: 0 | AN20: 0
B21: LULUCF Anthropogenic Pollutant Emissions[PM25] : MostRecentRun | C21: 0 | D21: 0 | E21: 0 | F21: 0 | G21: 0 | H21: 0 | I21: 0 | J21: 0 | K21: 0 | L21: 0 | M21: 0 | N21: 0 | O21: 0 | P21: 0 | Q21: 0 | R21: 0 | S21: 0 | T21: 0 | U21: 0 | V21: 0 | W21: 0 | X21: 0 | Y21: 0 | Z21: 0 | AA21: 0 | AB21: 0 | AC21: 0 | AD21: 0 | AE21: 0 | AF21: 0 | AG21: 0 | AH21: 0 | AI21: 0 | AJ21: 0 | AK21: 0 | AL21: 0 | AM21: 0 | AN21: 0
B22: LULUCF Anthropogenic Pollutant Emissions[SOx] : MostRecentRun | C22: 0 | D22: 0 | E22: 0 | F22: 0 | G22: 0 | H22: 0 | I22: 0 | J22: 0 | K22: 0 | L22: 0 | M22: 0 | N22: 0 | O22: 0 | P22: 0 | Q22: 0 | R22: 0 | S22: 0 | T22: 0 | U22: 0 | V22: 0 | W22: 0 | X22: 0 | Y22: 0 | Z22: 0 | AA22: 0 | AB22: 0 | AC22: 0 | AD22: 0 | AE22: 0 | AF22: 0 | AG22: 0 | AH22: 0 | AI22: 0 | AJ22: 0 | AK22: 0 | AL22: 0 | AM22: 0 | AN22: 0
B23: LULUCF Anthropogenic Pollutant Emissions[BC] : MostRecentRun | C23: 0 | D23: 0 | E23: 0 | F23: 0 | G23: 0 | H23: 0 | I23: 0 | J23: 0 | K23: 0 | L23: 0 | M23: 0 | N23: 0 | O23: 0 | P23: 0 | Q23: 0 | R23: 0 | S23: 0 | T23: 0 | U23: 0 | V23: 0 | W23: 0 | X23: 0 | Y23: 0 | Z23: 0 | AA23: 0 | AB23: 0 | AC23: 0 | AD23: 0 | AE23: 0 | AF23: 0 | AG23: 0 | AH23: 0 | AI23: 0 | AJ23: 0 | AK23: 0 | AL23: 0 | AM23: 0 | AN23: 0
B24: LULUCF Anthropogenic Pollutant Emissions[OC] : MostRecentRun | C24: 0 | D24: 0 | E24: 0 | F24: 0 | G24: 0 | H24: 0 | I24: 0 | J24: 0 | K24: 0 | L24: 0 | M24: 0 | N24: 0 | O24: 0 | P24: 0 | Q24: 0 | R24: 0 | S24: 0 | T24: 0 | U24: 0 | V24: 0 | W24: 0 | X24: 0 | Y24: 0 | Z24: 0 | AA24: 0 | AB24: 0 | AC24: 0 | AD24: 0 | AE24: 0 | AF24: 0 | AG24: 0 | AH24: 0 | AI24: 0 | AJ24: 0 | AK24: 0 | AL24: 0 | AM24: 0 | AN24: 0
B25: LULUCF Anthropogenic Pollutant Emissions[CH4] : MostRecentRun | C25: 812346000000 | D25: 812899000000 | E25: 813670000000 | F25: 814657000000 | G25: 815860000000 | H25: 817281000000 | I25: 818918000000 | J25: 820771000000 | K25: 821965000000 | L25: 823277000000 | M25: 824709000000 | N25: 826260000000 | O25: 827931000000 | P25: 829720000000 | Q25: 831629000000 | R25: 833657000000 | S25: 835804000000 | T25: 838070000000 | U25: 840456000000 | V25: 842961000000 | W25: 845585000000 | X25: 848328000000 | Y25: 851190000000 | Z25: 854172000000 | AA25: 857273000000 | AB25: 860493000000 | AC25: 863833000000 | AD25: 867291000000 | AE25: 870869000000 | AF25: 874566000000 | AG25: 878382000000 | AH25: 882318000000 | AI25: 886372000000 | AJ25: 890546000000 | AK25: 894839000000 | AL25: 899252000000 | AM25: 903783000000 | AN25: 908434000000
B26: LULUCF Anthropogenic Pollutant Emissions[N2O] : MostRecentRun | C26: 47124900000 | D26: 47157000000 | E26: 47201700000 | F26: 47258900000 | G26: 47328700000 | H26: 47411100000 | I26: 47506000000 | J26: 47613400000 | K26: 47682600000 | L26: 47758700000 | M26: 47841800000 | N26: 47931700000 | O26: 48028500000 | P26: 48132300000 | Q26: 48243000000 | R26: 48360600000 | S26: 48485100000 | T26: 48616500000 | U26: 48754800000 | V26: 48900000000 | W26: 49052200000 | X26: 49211200000 | Y26: 49377200000 | Z26: 49550100000 | AA26: 49729900000 | AB26: 49916600000 | AC26: 50110200000 | AD26: 50310700000 | AE26: 50518200000 | AF26: 50732600000 | AG26: 50953800000 | AH26: 51182000000 | AI26: 51417100000 | AJ26: 51659100000 | AK26: 51908000000 | AL26: 52163900000 | AM26: 52426600000 | AN26: 52696300000
B27: LULUCF Anthropogenic Pollutant Emissions[F gases] : MostRecentRun | C27: 0 | D27: 0 | E27: 0 | F27: 0 | G27: 0 | H27: 0 | I27: 0 | J27: 0 | K27: 0 | L27: 0 | M27: 0 | N27: 0 | O27: 0 | P27: 0 | Q27: 0 | R27: 0 | S27: 0 | T27: 0 | U27: 0 | V27: 0 | W27: 0 | X27: 0 | Y27: 0 | Z27: 0 | AA27: 0 | AB27: 0 | AC27: 0 | AD27: 0 | AE27: 0 | AF27: 0 | AG27: 0 | AH27: 0 | AI27: 0 | AJ27: 0 | AK27: 0 | AL27: 0 | AM27: 0 | AN27: 0
B28: CNS CH4 and N2O impact | C28: =C25+C26 -> 859470900000 | D28: =D25+D26 -> 860056000000 | E28: =E25+E26 -> 860871700000 | F28: =F25+F26 -> 861915900000 | G28: =G25+G26 -> 863188700000 | H28: =H25+H26 -> 864692100000 | I28: =I25+I26 -> 866424000000 | J28: =J25+J26 -> 868384400000 | ... AN28: =AN25+AN26 -> 961130300000
