Workbook

Sheet 火电关停
B1: 2015 | C1: 2016 | D1: 2017 | E1: 2018 | F1: 2019 | G1: 2020 | H1: 2021
A2: 全国 | B2: 1090. 7 | C2: 571 | D2: 929 | E2: 1197 | F2: 1024 | G2: 1469 | H2: 499
A3: 北京 | B3: 102.2
A4: 天津 | B4: 88.5 | C4: 89 | D4: 89 | E4: 86 | F4: 1 | G4: 0.3 | H4: 5
A5: 河北 | B5: 106.7 | C5: 27 | D5: 51 | E5: 69 | F5: 58 | G5: 44 | H5: 25
A6: 山西 | B6: 65 | C6: 3 | D6: 43 | E6: 60 | F6: 216 | G6: 174 | H6: 19
A7: 内蒙古 | B7: 5.4 | C7: 18 | D7: 14 | E7: 4 | F7: 4 | G7: 9 | H7: 8
A8: 辽宁 | B8: 10.6 | D8: 15 | E8: 24 | H8: 15
A9: 吉林 | B9: 1.8 | C9: 20 | F9: 60 | H9: 26
A10: 黑龙江 | B10: 0.9 | C10: 11 | D10: 31 | E10: 29 | F10: 21 | G10: 10 | H10: 25
A11: 上海 | B11: 0.2 | C11: 5 | F11: 5
A12: 江苏 | B12: 76.3 | C12: 30 | D12: 137 | E12: 58 | F12: 58 | G12: 25
A13: 浙江 | B13: 103.8 | C13: 32 | D13: 18 | E13: 60 | F13: 66 | G13: 141 | H13: 76
A14: 安徽 | B14: 7 | C14: 8 | D14: 46 | E14: 38 | F14: 12 | G14: 67 | H14: 27
A15: 福建 | B15: 6.4 | C15: 6 | D15: 54 | E15: 2 | F15: 0.2 | G15: 2 | H15: 15
A16: 江西 | B16: 12.3 | D16: 2 | F16: 2 | G16: 31 | H16: 7
A17: 山东 | B17: 146.5 | C17: 94 | D17: 89 | E17: 87 | F17: 127 | G17: 306 | H17: 110
A18: 河南 | B18: 142.5 | D18: 114 | E18: 282 | F18: 169 | G18: 243 | H18: 46
A19: 湖北 | B19: 8.3 | C19: 2 | D19: 26 | E19: 7 | F19: 5 | G19: 224 | H19: 2
A20: 湖南 | B20: 16.9 | C20: 4 | D20: 74 | E20: 10 | F20: 11 | G20: 2 | H20: 4
A21: 广东 | B21: 1.2 | D21: 53 | E21: 97 | F21: 115 | G21: 40 | H21: 15
A22: 广西 | B22: 0.7 | C22: 31 | D22: 10 | E22: 57 | F22: 6 | G22: 5 | H22: 5
A23: 海南 | G23: 28
A24: 重庆 | B24: 45.5 | C24: 9 | D24: 2 | E24: 14 | F24: 1 | G24: 58 | H24: 7
A25: 四川 | B25: 2.4 | C25: 40 | D25: 1 | E25: 73 | F25: 30 | G25: 2 | H25: 8
A26: 贵州
A27: 云南 | B27: 5.6 | H27: 0.3
A28: 西藏 | C28: 2 | D28: 1
A29: 陕西 | B29: 15.6 | D29: 58 | E29: 13 | F29: 1 | G29: 2 | H29: 28
A30: 甘肃 | F30: 34 | H30: 6
A31: 青海 | B31: 25
A32: 宁夏 | B32: 11.6 | E32: 18 | F32: 18 | G32: 27
A33: 新疆 | B33: 81.9 | C33: 142 | D33: 3 | E33: 110 | F33: 6 | G33: 29 | H33: 20

Sheet 天然气新增+退役
A1: Data Source: 电力工业统计资料汇编
B2: 2002 | C2: 2003 | D2: 2004 | E2: 2005 | F2: 2006 | G2: 2007 | H2: 2008 | I2: 2009 | J2: 2010 | K2: 2011 | L2: 2012 | M2: 2013 | N2: 2014 | O2: 2015 | P2: 2016 | Q2: 2017 | R2: 2018 | S2: 2019 | T2: 2020 | U2: 2021 | V2: 2022
B3: 燃气 | C3: 燃气 | D3: 燃气 | E3: 燃气 | F3: 燃气 | G3: 燃气 | H3: 燃气 | I3: 燃气 | J3: 燃气 | K3: 燃气 | L3: 燃气 | M3: 燃气 | N3: 燃气 | O3: 燃气 | P3: 燃气 | Q3: 燃气 | R3: 燃气 | S3: 燃气 | T3: 燃气 | U3: 燃气 | V3: 燃气
A4: 新增天然气(万千瓦） | B4: 134 | C4: 57 | D4: 191 | E4: 624 | F4: 563 | G4: 577 | H4: 321 | I4: 127 | J4: 124 | K4: 237 | L4: 247 | M4: 440 | N4: 945 | O4: 696 | P4: 214 | Q4: 570 | R4: 882 | S4: 631 | T4: 825 | U4: 771 | V4: 697.9
A6: Data Source: Global Energy Monitor
A7: operating
B8: 列标签
B9: 1991 | C9: 1994 | D9: 1995 | E9: 1996 | F9: 1997 | G9: 1998 | H9: 1999 | I9: 2000 | J9: 总计
A10: 求和项:Capacity elec. (MW) | B10: 69 | C10: 66 | D10: 66 | E10: 51 | F10: 194 | G10: 125 | H10: 1531 | I10: 54 | J10: 2156
A12: Data Source: Global Energy Monitor
A13: construction/pre-construction/announced
B14: 列标签
B15: 2023 | C15: 2024 | D15: 2025 | E15: 2026 | F15: 总计
A16: 求和项:Capacity elec. (MW) | B16: 16676 | C16: 18575.5 | D16: 5710 | E16: 1300 | F16: 42261.5
B19: 燃气新增数据 (MW）
B20: 年份 | C20: 预计退役年份 | D20: GEM历史数据 | E20: 统计数据 | F20: GEM在建数据 | G20: 合计 | I20: BGCL Natural Gas
B21: 1990 | C21: =B21+I$21 -> 2025 | D21: =IFERROR(HLOOKUP(B21,$B$9:$I$10,2,FALSE),0) -> 0 | E21: =IFERROR(HLOOKUP(B21,$B$2:$V$4,3,FALSE),0)*10 -> 0 | F21: =IFERROR(HLOOKUP(B21,$B$15:$E$16,2,FALSE),0) -> 0 | G21: =SUM(D21:F21) -> 0 | I21: 35
B22: 1991 | C22: =B22+I$21 -> 2026 | D22: =IFERROR(HLOOKUP(B22,$B$9:$I$10,2,FALSE),0) -> 69 | E22: =IFERROR(HLOOKUP(B22,$B$2:$V$4,3,FALSE),0)*10 -> 0 | F22: =IFERROR(HLOOKUP(B22,$B$15:$E$16,2,FALSE),0) -> 0 | G22: =SUM(D22:F22) -> 69 | I22: non-Peaker vs Peaker Ratio
B23: 1992 | C23: =B23+I$21 -> 2027 | D23: =IFERROR(HLOOKUP(B23,$B$9:$I$10,2,FALSE),0) -> 0 | E23: =IFERROR(HLOOKUP(B23,$B$2:$V$4,3,FALSE),0)*10 -> 0 | F23: =IFERROR(HLOOKUP(B23,$B$15:$E$16,2,FALSE),0) -> 0 | G23: =SUM(D23:F23) -> 0 | I23: 0.2 | J23: 0.8
B24: 1993 | C24: =B24+I$21 -> 2028 | D24: =IFERROR(HLOOKUP(B24,$B$9:$I$10,2,FALSE),0) -> 0 | E24: =IFERROR(HLOOKUP(B24,$B$2:$V$4,3,FALSE),0)*10 -> 0 | F24: =IFERROR(HLOOKUP(B24,$B$15:$E$16,2,FALSE),0) -> 0 | G24: =SUM(D24:F24) -> 0
B25: 1994 | C25: =B25+I$21 -> 2029 | D25: =IFERROR(HLOOKUP(B25,$B$9:$I$10,2,FALSE),0) -> 66 | E25: =IFERROR(HLOOKUP(B25,$B$2:$V$4,3,FALSE),0)*10 -> 0 | F25: =IFERROR(HLOOKUP(B25,$B$15:$E$16,2,FALSE),0) -> 0 | G25: =SUM(D25:F25) -> 66
B26: 1995 | C26: =B26+I$21 -> 2030 | D26: =IFERROR(HLOOKUP(B26,$B$9:$I$10,2,FALSE),0) -> 66 | E26: =IFERROR(HLOOKUP(B26,$B$2:$V$4,3,FALSE),0)*10 -> 0 | F26: =IFERROR(HLOOKUP(B26,$B$15:$E$16,2,FALSE),0) -> 0 | G26: =SUM(D26:F26) -> 66
B27: 1996 | C27: =B27+I$21 -> 2031 | D27: =IFERROR(HLOOKUP(B27,$B$9:$I$10,2,FALSE),0) -> 51 | E27: =IFERROR(HLOOKUP(B27,$B$2:$V$4,3,FALSE),0)*10 -> 0 | F27: =IFERROR(HLOOKUP(B27,$B$15:$E$16,2,FALSE),0) -> 0 | G27: =SUM(D27:F27) -> 51
B28: 1997 | C28: =B28+I$21 -> 2032 | D28: =IFERROR(HLOOKUP(B28,$B$9:$I$10,2,FALSE),0) -> 194 | E28: =IFERROR(HLOOKUP(B28,$B$2:$V$4,3,FALSE),0)*10 -> 0 | F28: =IFERROR(HLOOKUP(B28,$B$15:$E$16,2,FALSE),0) -> 0 | G28: =SUM(D28:F28) -> 194
B29: 1998 | C29: =B29+I$21 -> 2033 | D29: =IFERROR(HLOOKUP(B29,$B$9:$I$10,2,FALSE),0) -> 125 | E29: =IFERROR(HLOOKUP(B29,$B$2:$V$4,3,FALSE),0)*10 -> 0 | F29: =IFERROR(HLOOKUP(B29,$B$15:$E$16,2,FALSE),0) -> 0 | G29: =SUM(D29:F29) -> 125
B30: 1999 | C30: =B30+I$21 -> 2034 | D30: =IFERROR(HLOOKUP(B30,$B$9:$I$10,2,FALSE),0) -> 1531 | E30: =IFERROR(HLOOKUP(B30,$B$2:$V$4,3,FALSE),0)*10 -> 0 | F30: =IFERROR(HLOOKUP(B30,$B$15:$E$16,2,FALSE),0) -> 0 | G30: =SUM(D30:F30) -> 1531
B31: 2000 | C31: =B31+I$21 -> 2035 | D31: =IFERROR(HLOOKUP(B31,$B$9:$I$10,2,FALSE),0) -> 54 | E31: =IFERROR(HLOOKUP(B31,$B$2:$V$4,3,FALSE),0)*10 -> 0 | F31: =IFERROR(HLOOKUP(B31,$B$15:$E$16,2,FALSE),0) -> 0 | G31: =SUM(D31:F31) -> 54
B32: 2001 | C32: =B32+I$21 -> 2036 | D32: =IFERROR(HLOOKUP(B32,$B$9:$I$10,2,FALSE),0) -> 0 | E32: =IFERROR(HLOOKUP(B32,$B$2:$V$4,3,FALSE),0)*10 -> 0 | F32: =IFERROR(HLOOKUP(B32,$B$15:$E$16,2,FALSE),0) -> 0 | G32: =SUM(D32:F32) -> 0
B33: 2002 | C33: =B33+I$21 -> 2037 | D33: =IFERROR(HLOOKUP(B33,$B$9:$I$10,2,FALSE),0) -> 0 | E33: =IFERROR(HLOOKUP(B33,$B$2:$V$4,3,FALSE),0)*10 -> 1340 | F33: =IFERROR(HLOOKUP(B33,$B$15:$E$16,2,FALSE),0) -> 0 | G33: =SUM(D33:F33) -> 1340
B34: 2003 | C34: =B34+I$21 -> 2038 | D34: =IFERROR(HLOOKUP(B34,$B$9:$I$10,2,FALSE),0) -> 0 | E34: =IFERROR(HLOOKUP(B34,$B$2:$V$4,3,FALSE),0)*10 -> 570 | F34: =IFERROR(HLOOKUP(B34,$B$15:$E$16,2,FALSE),0) -> 0 | G34: =SUM(D34:F34) -> 570
B35: 2004 | C35: =B35+I$21 -> 2039 | D35: =IFERROR(HLOOKUP(B35,$B$9:$I$10,2,FALSE),0) -> 0 | E35: =IFERROR(HLOOKUP(B35,$B$2:$V$4,3,FALSE),0)*10 -> 1910 | F35: =IFERROR(HLOOKUP(B35,$B$15:$E$16,2,FALSE),0) -> 0 | G35: =SUM(D35:F35) -> 1910
... B57: 2026 | C57: =B57+I$21 -> 2061 | D57: =IFERROR(HLOOKUP(B57,$B$9:$I$10,2,FALSE),0) -> 0 | E57: =IFERROR(HLOOKUP(B57,$B$2:$V$4,3,FALSE),0)*10 -> 0 | F57: =IFERROR(HLOOKUP(B57,$B$15:$E$16,2,FALSE),0) -> 1300 | G57: =SUM(D57:F57) -> 1300

Sheet operating
A1: Plant name (local script) | B1: Start year | C1: Capacity elec. (MW)
A2: 新疆克拉玛依电厂 | B2: 1991 | C2: 69
A3: 华能南山燃气发电厂 | B3: 1994 | C3: 66
A4: 华能南山燃气发电厂 | B4: 1995 | C4: 66
A5: 江苏常州苏源发电厂 | B5: 1996 | C5: 51
A6: 中海油中山嘉明电厂 | B6: 1997 | C6: 125
A7: 新疆克拉玛依电厂 | B7: 1997 | C7: 69
A8: 中海油中山嘉明电厂 | B8: 1998 | C8: 125
A9: 华能北京热电厂 | B9: 1999 | C9: 845
A10: 浙能温州龙湾燃机发电厂 | B10: 1999 | C10: 342
A11: 浙能镇海联合发电厂 | B11: 1999 | C11: 344
A12: 国电滨海发电厂 | B12: 2000 | C12: 54
A13: 中海油深圳电厂 | B13: 2003 | C13: 235
... A231: 粤电花都天然气热电厂 | B231: 2022 | C231: 460

Sheet pre-construction+construction+a
A1: Plant name (local script) | B1: Status | C1: Start year | D1: Capacity elec. (MW)
A2: 广州白云恒运天然气发电项目 | B2: announced | C2: 2030 | D2: 460
A3: 上海LNG站线扩建项目 | B3: announced | C3: 2030 | D3: 1600
A4: 大唐广州从化燃气发电厂 | B4: announced | C4: 2026 | D4: 700
A5: 华电福新增城电厂二期项目 | B5: announced | C5: 2026 | D5: 600
A6: 华润电力东莞大朗分布式能源项目 | B6: announced | C6: 2025 | D6: 120
A7: 泸州天然气发电项目 | B7: pre-construction | C7: 2025 | D7: 700
A8: 鹤山燃气-蒸汽联合循环热电联产项目 | B8: announced | C8: 2025 | D8: 120
A9: 广海湾天然气热电联产项目 | B9: announced | C9: 2025 | D9: 650
A10: 华电重庆潼南燃机热电联产项目 | B10: construction | C10: 2025 | D10: 700
A11: 华润电力东莞大朗天然气发电项目 | B11: announced | C11: 2025 | D11: 470
A12: 江门台山工业新城分布式能源电站 | B12: construction | C12: 2025 | D12: 70
A13: 华电内江白马燃气发电厂 | B13: pre-construction | C13: 2025 | D13: 475
... A120: 国信盐城燃机热电厂 | B120: pre-construction | C120: 2020 | D120: 100

Sheet 燃煤新增+退役
A2: 年份 | B2: 新增煤电 | C2: 退役煤电
A3: 1988 | B3: 1287
A4: 1989 | B4: 1287
A5: 1990 | B5: 1287
A6: 1991 | B6: 1287
A7: 1992 | B7: 1287
A8: 1993 | B8: 1130.8
A9: 1994 | B9: 1069.17
A10: 1995 | B10: 1420.41
A11: 1996 | B11: 1704.1
A12: 1997 | B12: 1355.41
A13: 1998 | B13: 1760.27
A14: 1999 | B14: 1420.82
... A29: 2014 | B29: 3498
A30: 2015 | B30: 5402 | C30: {=TRANSPOSE(火电关停!B2:H2)} -> 1090. 7
A31: 2016 | B31: 3834 | C31: 571
A32: 2017 | B32: 3504 | C32: 929
A33: 2018 | B33: 3056 | C33: 1197
A34: 2019 | B34: 3096 | C34: 1024
A35: 2020 | B35: 3861 | C35: 1469
A36: 2021 | B36: 2937 | C36: 499
A37: 2022 | B37: 2658.7016 | C37: =AVERAGE(C36,C38) -> 893
A38: 2023 | B38: 2314.9047 | C38: =B3 -> 1287
A39: 2024 | B39: 2073.6595 | C39: =B4 -> 1287
A40: 2025 | B40: 1832.4144 | C40: =B5 -> 1287
A41: 2026 | B41: 1591.1692 | C41: =B6 -> 1287
A42: 2027 | B42: 1349.924 | C42: =B7 -> 1287
A43: 2028 | B43: 1108.6788 | C43: =B8 -> 1130.8
A44: 2029 | B44: 867.43365 | C44: =B9 -> 1069.17
A45: 2030 | B45: 626.18847 | C45: =B10 -> 1420.41
A46: 2031 | B46: 384.9433 | C46: =B11 -> 1704.1
A47: 2032 | B47: 143.69812 | C47: =B12 -> 1355.41
A48: 2033 | B48: 0 | C48: =B13 -> 1760.27
A49: 2034 | B49: 0 | C49: =B14 -> 1420.82
... A75: 2060 | B75: 0 | C75: =B40 -> 1832.4144

Sheet BCRbQ
A1: BAU Capacity Retirements (MW) | B1: 2020 | C1: 2021 | D1: 2022 | E1: 2023 | F1: 2024 | G1: 2025 | H1: 2026 | I1: 2027 | J1: 2028 | K1: 2029 | L1: 2030 | M1: 2031 | N1: 2032 | O1: 2033 | P1: 2034 | Q1: 2035 | R1: 2036 | S1: 2037 | T1: 2038 | U1: 2039 | V1: 2040 | W1: 2041 | X1: 2042 | Y1: 2043 | Z1: 2044 | AA1: 2045 | AB1: 2046 | AC1: 2047 | AD1: 2048 | AE1: 2049 | AF1: 2050 | AG1: 2051 | AH1: 2052 | AI1: 2053 | AJ1: 2054 | AK1: 2055 | AL1: 2056 | AM1: 2057 | AN1: 2058 | AO1: 2059 | AP1: 2060
A2: hard coal | B2: =VLOOKUP(B$1,'燃煤新增+退役'!$A$3:$C$75,3,FALSE)*10 -> 14690 | C2: =VLOOKUP(C$1,'燃煤新增+退役'!$A$3:$C$75,3,FALSE)*10 -> 4990 | D2: =VLOOKUP(D$1,'燃煤新增+退役'!$A$3:$C$75,3,FALSE)*10 -> 8930 | E2: =VLOOKUP(E$1,'燃煤新增+退役'!$A$3:$C$75,3,FALSE)*10 -> 12870 | F2: =VLOOKUP(F$1,'燃煤新增+退役'!$A$3:$C$75,3,FALSE)*10 -> 12870 | G2: =VLOOKUP(G$1,'燃煤新增+退役'!$A$3:$C$75,3,FALSE)*10 -> 12870 | H2: =VLOOKUP(H$1,'燃煤新增+退役'!$A$3:$C$75,3,FALSE)*10 -> 12870 | I2: =VLOOKUP(I$1,'燃煤新增+退役'!$A$3:$C$75,3,FALSE)*10 -> 12870 | ... AP2: =VLOOKUP(AP$1,'燃煤新增+退役'!$A$3:$C$75,3,FALSE)*10 -> 18324.144
A3: natural gas nonpeaker | B3: =IFERROR(VLOOKUP(B$1,'天然气新增+退役'!$C$21:$G$57,5,FALSE),0)*'天然气新增+退役'!$I$23 -> 0 | C3: =IFERROR(VLOOKUP(C$1,'天然气新增+退役'!$C$21:$G$57,5,FALSE),0)*'天然气新增+退役'!$I$23 -> 0 | D3: =IFERROR(VLOOKUP(D$1,'天然气新增+退役'!$C$21:$G$57,5,FALSE),0)*'天然气新增+退役'!$I$23 -> 0 | E3: =IFERROR(VLOOKUP(E$1,'天然气新增+退役'!$C$21:$G$57,5,FALSE),0)*'天然气新增+退役'!$I$23 -> 0 | F3: =IFERROR(VLOOKUP(F$1,'天然气新增+退役'!$C$21:$G$57,5,FALSE),0)*'天然气新增+退役'!$I$23 -> 0 | G3: =IFERROR(VLOOKUP(G$1,'天然气新增+退役'!$C$21:$G$57,5,FALSE),0)*'天然气新增+退役'!$I$23 -> 0 | H3: =IFERROR(VLOOKUP(H$1,'天然气新增+退役'!$C$21:$G$57,5,FALSE),0)*'天然气新增+退役'!$I$23 -> 13.8 | I3: =IFERROR(VLOOKUP(I$1,'天然气新增+退役'!$C$21:$G$57,5,FALSE),0)*'天然气新增+退役'!$I$23 -> 0 | ... AP3: =IFERROR(VLOOKUP(AP$1,'天然气新增+退役'!$C$21:$G$57,5,FALSE),0)*'天然气新增+退役'!$I$23 -> 1142
A4: nuclear | B4: 0 | C4: 0 | D4: 0 | E4: 0 | F4: 0 | G4: 0 | H4: 0 | I4: 0 | J4: 0 | K4: 0 | L4: 0 | M4: 0 | N4: 0 | O4: 0 | P4: 0 | Q4: 0 | R4: 0 | S4: 0 | T4: 0 | U4: 0 | V4: 0 | W4: 0 | X4: 0 | Y4: 0 | Z4: 0 | AA4: 0 | AB4: 0 | AC4: 0 | AD4: 0 | AE4: 0 | AF4: 0 | AG4: 0 | AH4: 0 | AI4: 0 | AJ4: 0 | AK4: 0 | AL4: 0 | AM4: 0 | AN4: 0 | AO4: 0 | AP4: 0
A5: hydro | B5: 0 | C5: 0 | D5: 0 | E5: 0 | F5: 0 | G5: 0 | H5: 0 | I5: 0 | J5: 0 | K5: 0 | L5: 0 | M5: 0 | N5: 0 | O5: 0 | P5: 0 | Q5: 0 | R5: 0 | S5: 0 | T5: 0 | U5: 0 | V5: 0 | W5: 0 | X5: 0 | Y5: 0 | Z5: 0 | AA5: 0 | AB5: 0 | AC5: 0 | AD5: 0 | AE5: 0 | AF5: 0 | AG5: 0 | AH5: 0 | AI5: 0 | AJ5: 0 | AK5: 0 | AL5: 0 | AM5: 0 | AN5: 0 | AO5: 0 | AP5: 0
A6: onshore wind | B6: 0 | C6: 0 | D6: 0 | E6: 0 | F6: 0 | G6: 0 | H6: 0 | I6: 0 | J6: 0 | K6: 0 | L6: 0 | M6: 0 | N6: 0 | O6: 0 | P6: 0 | Q6: 0 | R6: 0 | S6: 0 | T6: 0 | U6: 0 | V6: 0 | W6: 0 | X6: 0 | Y6: 0 | Z6: 0 | AA6: 0 | AB6: 0 | AC6: 0 | AD6: 0 | AE6: 0 | AF6: 0 | AG6: 0 | AH6: 0 | AI6: 0 | AJ6: 0 | AK6: 0 | AL6: 0 | AM6: 0 | AN6: 0 | AO6: 0 | AP6: 0
A7: solar pv | B7: 0 | C7: 0 | D7: 0 | E7: 0 | F7: 0 | G7: 0 | H7: 0 | I7: 0 | J7: 0 | K7: 0 | L7: 0 | M7: 0 | N7: 0 | O7: 0 | P7: 0 | Q7: 0 | R7: 0 | S7: 0 | T7: 0 | U7: 0 | V7: 0 | W7: 0 | X7: 0 | Y7: 0 | Z7: 0 | AA7: 0 | AB7: 0 | AC7: 0 | AD7: 0 | AE7: 0 | AF7: 0 | AG7: 0 | AH7: 0 | AI7: 0 | AJ7: 0 | AK7: 0 | AL7: 0 | AM7: 0 | AN7: 0 | AO7: 0 | AP7: 0
A8: solar thermal | B8: 0 | C8: 0 | D8: 0 | E8: 0 | F8: 0 | G8: 0 | H8: 0 | I8: 0 | J8: 0 | K8: 0 | L8: 0 | M8: 0 | N8: 0 | O8: 0 | P8: 0 | Q8: 0 | R8: 0 | S8: 0 | T8: 0 | U8: 0 | V8: 0 | W8: 0 | X8: 0 | Y8: 0 | Z8: 0 | AA8: 0 | AB8: 0 | AC8: 0 | AD8: 0 | AE8: 0 | AF8: 0 | AG8: 0 | AH8: 0 | AI8: 0 | AJ8: 0 | AK8: 0 | AL8: 0 | AM8: 0 | AN8: 0 | AO8: 0 | AP8: 0
A9: biomass | B9: 0 | C9: 0 | D9: 0 | E9: 0 | F9: 0 | G9: 0 | H9: 0 | I9: 0 | J9: 0 | K9: 0 | L9: 0 | M9: 0 | N9: 0 | O9: 0 | P9: 0 | Q9: 0 | R9: 0 | S9: 0 | T9: 0 | U9: 0 | V9: 0 | W9: 0 | X9: 0 | Y9: 0 | Z9: 0 | AA9: 0 | AB9: 0 | AC9: 0 | AD9: 0 | AE9: 0 | AF9: 0 | AG9: 0 | AH9: 0 | AI9: 0 | AJ9: 0 | AK9: 0 | AL9: 0 | AM9: 0 | AN9: 0 | AO9: 0 | AP9: 0
A10: geothermal | B10: 0 | C10: 0 | D10: 0 | E10: 0 | F10: 0 | G10: 0 | H10: 0 | I10: 0 | J10: 0 | K10: 0 | L10: 0 | M10: 0 | N10: 0 | O10: 0 | P10: 0 | Q10: 0 | R10: 0 | S10: 0 | T10: 0 | U10: 0 | V10: 0 | W10: 0 | X10: 0 | Y10: 0 | Z10: 0 | AA10: 0 | AB10: 0 | AC10: 0 | AD10: 0 | AE10: 0 | AF10: 0 | AG10: 0 | AH10: 0 | AI10: 0 | AJ10: 0 | AK10: 0 | AL10: 0 | AM10: 0 | AN10: 0 | AO10: 0 | AP10: 0
A11: petroleum | B11: 0 | C11: 0 | D11: 0 | E11: 0 | F11: 0 | G11: 0 | H11: 0 | I11: 0 | J11: 0 | K11: 0 | L11: 0 | M11: 0 | N11: 0 | O11: 0 | P11: 0 | Q11: 0 | R11: 0 | S11: 0 | T11: 0 | U11: 0 | V11: 0 | W11: 0 | X11: 0 | Y11: 0 | Z11: 0 | AA11: 0 | AB11: 0 | AC11: 0 | AD11: 0 | AE11: 0 | AF11: 0 | AG11: 0 | AH11: 0 | AI11: 0 | AJ11: 0 | AK11: 0 | AL11: 0 | AM11: 0 | AN11: 0 | AO11: 0 | AP11: 0
A12: natural gas peaker | B12: =IFERROR(VLOOKUP(B$1,'天然气新增+退役'!$C$21:$G$57,5,FALSE),0)*'天然气新增+退役'!$J$23 -> 0 | C12: =IFERROR(VLOOKUP(C$1,'天然气新增+退役'!$C$21:$G$57,5,FALSE),0)*'天然气新增+退役'!$J$23 -> 0 | D12: =IFERROR(VLOOKUP(D$1,'天然气新增+退役'!$C$21:$G$57,5,FALSE),0)*'天然气新增+退役'!$J$23 -> 0 | E12: =IFERROR(VLOOKUP(E$1,'天然气新增+退役'!$C$21:$G$57,5,FALSE),0)*'天然气新增+退役'!$J$23 -> 0 | F12: =IFERROR(VLOOKUP(F$1,'天然气新增+退役'!$C$21:$G$57,5,FALSE),0)*'天然气新增+退役'!$J$23 -> 0 | G12: =IFERROR(VLOOKUP(G$1,'天然气新增+退役'!$C$21:$G$57,5,FALSE),0)*'天然气新增+退役'!$J$23 -> 0 | H12: =IFERROR(VLOOKUP(H$1,'天然气新增+退役'!$C$21:$G$57,5,FALSE),0)*'天然气新增+退役'!$J$23 -> 55.2 | I12: =IFERROR(VLOOKUP(I$1,'天然气新增+退役'!$C$21:$G$57,5,FALSE),0)*'天然气新增+退役'!$J$23 -> 0 | ... AP12: =IFERROR(VLOOKUP(AP$1,'天然气新增+退役'!$C$21:$G$57,5,FALSE),0)*'天然气新增+退役'!$J$23 -> 4568
A13: lignite | B13: 0 | C13: 0 | D13: 0 | E13: 0 | F13: 0 | G13: 0 | H13: 0 | I13: 0 | J13: 0 | K13: 0 | L13: 0 | M13: 0 | N13: 0 | O13: 0 | P13: 0 | Q13: 0 | R13: 0 | S13: 0 | T13: 0 | U13: 0 | V13: 0 | W13: 0 | X13: 0 | Y13: 0 | Z13: 0 | AA13: 0 | AB13: 0 | AC13: 0 | AD13: 0 | AE13: 0 | AF13: 0 | AG13: 0 | AH13: 0 | AI13: 0 | AJ13: 0 | AK13: 0 | AL13: 0 | AM13: 0 | AN13: 0 | AO13: 0 | AP13: 0
A14: offshore wind | B14: 0 | C14: 0 | D14: 0 | E14: 0 | F14: 0 | G14: 0 | H14: 0 | I14: 0 | J14: 0 | K14: 0 | L14: 0 | M14: 0 | N14: 0 | O14: 0 | P14: 0 | Q14: 0 | R14: 0 | S14: 0 | T14: 0 | U14: 0 | V14: 0 | W14: 0 | X14: 0 | Y14: 0 | Z14: 0 | AA14: 0 | AB14: 0 | AC14: 0 | AD14: 0 | AE14: 0 | AF14: 0 | AG14: 0 | AH14: 0 | AI14: 0 | AJ14: 0 | AK14: 0 | AL14: 0 | AM14: 0 | AN14: 0 | AO14: 0 | AP14: 0
A15: crude oil | B15: 0 | C15: 0 | D15: 0 | E15: 0 | F15: 0 | G15: 0 | H15: 0 | I15: 0 | J15: 0 | K15: 0 | L15: 0 | M15: 0 | N15: 0 | O15: 0 | P15: 0 | Q15: 0 | R15: 0 | S15: 0 | T15: 0 | U15: 0 | V15: 0 | W15: 0 | X15: 0 | Y15: 0 | Z15: 0 | AA15: 0 | AB15: 0 | AC15: 0 | AD15: 0 | AE15: 0 | AF15: 0 | AG15: 0 | AH15: 0 | AI15: 0 | AJ15: 0 | AK15: 0 | AL15: 0 | AM15: 0 | AN15: 0 | AO15: 0 | AP15: 0
A16: heavy or residual fuel oil | B16: 0 | C16: 0 | D16: 0 | E16: 0 | F16: 0 | G16: 0 | H16: 0 | I16: 0 | J16: 0 | K16: 0 | L16: 0 | M16: 0 | N16: 0 | O16: 0 | P16: 0 | Q16: 0 | R16: 0 | S16: 0 | T16: 0 | U16: 0 | V16: 0 | W16: 0 | X16: 0 | Y16: 0 | Z16: 0 | AA16: 0 | AB16: 0 | AC16: 0 | AD16: 0 | AE16: 0 | AF16: 0 | AG16: 0 | AH16: 0 | AI16: 0 | AJ16: 0 | AK16: 0 | AL16: 0 | AM16: 0 | AN16: 0 | AO16: 0 | AP16: 0
A17: municipal solid waste | B17: 0 | C17: 0 | D17: 0 | E17: 0 | F17: 0 | G17: 0 | H17: 0 | I17: 0 | J17: 0 | K17: 0 | L17: 0 | M17: 0 | N17: 0 | O17: 0 | P17: 0 | Q17: 0 | R17: 0 | S17: 0 | T17: 0 | U17: 0 | V17: 0 | W17: 0 | X17: 0 | Y17: 0 | Z17: 0 | AA17: 0 | AB17: 0 | AC17: 0 | AD17: 0 | AE17: 0 | AF17: 0 | AG17: 0 | AH17: 0 | AI17: 0 | AJ17: 0 | AK17: 0 | AL17: 0 | AM17: 0 | AN17: 0 | AO17: 0 | AP17: 0
