Workbook
Name billion_kw_to_MW: #REF!
Name billion_kw_to_MW: #REF!
Name billion_kw_to_MW: #REF!
Name billion_kw_to_MW: #REF!
Name billion_kw_to_MW: #REF!
Name billion_kw_to_MW: #REF!
Name billion_kw_to_MW: #REF!
Name gigwatt_to_megawatt: #REF!
Name gigwatt_to_megawatt: #REF!
Name gigwatt_to_megawatt: #REF!
Name gigwatt_to_megawatt: #REF!
Name gigwatt_to_megawatt: #REF!
Name gigwatt_to_megawatt: #REF!
Name gigwatt_to_megawatt: #REF!
Name IQ_CH: 110000
Name IQ_CQ: 5000
Name IQ_CY: 10000
Name IQ_DAILY: 500000
Name IQ_FH: 100000
Name IQ_FQ: 500
Name IQ_FY: 1000
Name IQ_LTM: 2000
Name IQ_MONTH: 15000
Name IQ_NTM: 6000
Name IQ_WEEK: 50000
Name IQ_YTD: 3000
Name Percent_rural: #REF!
Name Percent_Urban: #REF!
Name Percent_Urban: #REF!
Name Percent_Urban: #REF!
Name Percent_Urban: #REF!
Name Percent_Urban: #REF!
Name Percent_Urban: #REF!
Name Percent_Urban: #REF!

Sheet About
A1: BCRbQ BAU Capacity Retirements before Quantization
A2: CRbQ Capacity Retirements before Quantization
A4: Source: | B4: Project Based Data Source | D4: Statsitics Based Data Source | F4: Other Data Source
B5: historic generation capacity and annual increase 2008-2001 | D5: historic generation capacity and annual increase 2008-2001 | F5: Fossil Fuel Survival Rate
B6: China Electricity Council | D6: China Electricity Council | F6: Global Energy Monitor
B7: 中国电力工业统计资料汇编 （Compilation of China Power Sector Statistics) | D7: 中国电力工业统计资料汇编 （Compilation of China Power Sector Statistics) | F7: Tracker for Coal Plants, Natural Gas
B8: 2008-2021 | D8: 2008-2021 | F8: 2023
B9: Chapter 6 (List of Completed Construction Projects) | D9: Chapter 2 (Power Generation) | F9: https://globalenergymonitor.org/projects/global-coal-plant-tracker/
F10: https://globalenergymonitor.org/projects/global-oil-gas-plant-tracker/
B11: Offshore Wind | D11: historic generation capacity and annual increase 1993-2007
B12: Global Energy Monitor | D12: China Electricity Council | F12: Annual Plant Shutdown
B13: Tracker for Offshore Plants | D13: 中国电力年鉴（Statistical Yearbook of China Electricity Sector) | F13: China Electricity Council
B14: 2023 | D14: 1993-2007 | F14: 中国电力工业统计资料汇编 （Compilation of China Power Sector Statistics)
B15: https://globalenergymonitor.org/projects/global-wind-power-tracker/ | D15: Statistics and Resources | F15: 2005-2021
F16: Chapter 2 (Power Generation)
B17: Solar Projects | D17: Solar Capacity
B18: China Electricity Council | D18: National Energy Administation
B19: 中国电力工业统计资料汇编 （Compilation of China Power Sector Statistics) | D19: Annual Solar Generation and Cosntruction Statistics
B20: 2010-2012 | D20: 2013年光伏发电统计数据---国家能源局 (nea.gov.cn)
B21: Production Status of Major Solar Stations | D21: 2014年光伏发电统计信息---国家能源局 (nea.gov.cn)
D22: 2015年光伏发电相关统计数据---国家能源局 (nea.gov.cn)
B23: Solar Thermal | D23: 2016年光伏发电统计信息---国家能源局 (nea.gov.cn)
B24: China Solar Thermal Allaince (CNSTE) | D24: https://www.nea.gov.cn/2020-02/28/c_138827923.htm
B25: 中国太阳能热发电行业蓝皮书 | D25: https://www.nea.gov.cn/2022-03/09/c_1310508114.htm
B26: Blue Book of Concentrating Solar Power Industry (Chinese) | D26: https://www.nea.gov.cn/2023-02/17/c_1310698128.htm
B27: 2021-2022
B28: http://www.cnste.org/uploads/soft/230131/1_0841264311.pdf | D28: Geothermal Development
B29: http://mediacdn.mengliaoba.cn/download/2021%E4%B8%AD%E5%9B%BD%E5%A4%AA%E9%98%B3%E8%83%BD%E7%83%AD%E5%8F%91%E7%94%B5%E8%A1%8C%E4%B8%9A%E8%93%9D%E7%9A%AE%E4%B9%A6.pdf | D29: National Energy Adminstration
D30: 地热能开发利用“十三五”规划
B31: Pumped Hydro, Nuclear, and Natural Gas Projects | D31: 13 FYP Geothermal Development Plan
B32: Compiled Database from various online sources and statistics | D32: 2017
D33: https://www.gov.cn/xinwen/2017-02/06/5165321/files/19f10bae3ba5463f833c954de2d06a8f.pdf
A35: Notes: | B35: This file is used for calculating the values for BCRbQ (BAU Capacity Retirements before Quantization) , and CRbQ (Capacity Retirements before Quantization)
B36: The file backtraces generation installation, and provide a method that dissembles Start Year Capacity (SYC) into annual additions between 1990-2019.
B37: The using the lifetime data provided in BGCL (BAU Generation Capacity Lifetime), the expected year of retirement is calculated.
B39: For fossil fuel plants BAU retirement, instead of BGCL, a weibull survival curve is calculated using data from Global Energy Monitor Database, and is used to track
B40: retirement.
B42: For BCRbQ and CRbQ, future constructions listed in BPMCCS and PMCCS and considered to calculate the corresponding retirement schedule. Therefore, when the
B43: alternative installation schedule is used for a type of generation, the alternative retirement shedule should also be used.
B45: Due to either unannounced projects, or unannounced capacity expansions, using a bottom up project based tally of generation capaicty addition often doesn’t
B46: match up with the annual changes in capaicty (including closure), for fossil projects, it is about 20% lower than the acutal net increase. Therefore a hybrid approach
B47: is used to backtraces capacity installation. First, the bottom up approach to track all the projects that could be found. Then calculate additional increase from the
B48: changes in existing capacity that were not accounted for.
B50: Since there could be delays in statistics, which could cause many fluctuation. This calculation isn’t done annually, but over 3 periods, 1993-2007, 2008-2016, and 2016-2019
B51: The time periods were selected because the change in data source at 2008, project based capacity can no longer be systematically obtained. For 2016, the statistics for
B52: exisitng capacity were given with more detailed categories (see tab project vs stock)
A54: Region Selector
A55: This excel file includes data required for all Chinese provinces (excluding Taiwan, Hong Kong, Macau,
A56: and sometimes Tibet). You can use the selector below to choose which province/region you would
A57: like to calculate for:
B58: Province Selector
B59: 全国 National
A60: In addition to Region Selector, Data from SYC, PMCCS, BPMCCS, BGCL and MPPS is requried for calculation, you can copy the data to the "Extrapolation" Spread Sheet
A61: Example

Sheet Province Selector
A1: Code | B1: Name | C1: Name Chinese
A2: 00 | B2: 全国 National | C2: 全国
A3: 11 | B3: 北京市 Beijing | C3: 北京市
A4: 12 | B4: 天津市 Tianjin | C4: 天津市
A5: 13 | B5: 河北省 Hebei | C5: 河北省
A6: 14 | B6: 山西省 Shanxi | C6: 山西省
A7: 15 | B7: 内蒙古自治区 Inner Mongolia | C7: 内蒙古自治区
A8: 21 | B8: 辽宁省 Liaoning | C8: 辽宁省
A9: 22 | B9: 吉林省 Jilin | C9: 吉林省
A10: 23 | B10: 黑龙江省 Heilongjiang | C10: 黑龙江省
A11: 31 | B11: 上海市 Shanghai | C11: 上海市
A12: 32 | B12: 江苏省 Jiangsu | C12: 江苏省
A13: 33 | B13: 浙江省 Zhejiang | C13: 浙江省
A14: 34 | B14: 安徽省 Anhui | C14: 安徽省
... A33: 65 | B33: 新疆维吾尔自治区 Xijiang | C33: 新疆维吾尔自治区

Sheet 93-07workbook
A2: Gen Type | B2: Region | C2: 1993 | D2: 1994 | E2: 1995 | F2: 1996 | G2: 1997 | H2: 1998 | I2: 1999 | J2: 2000 | K2: 2001 | L2: 2002 | M2: 2003 | N2: 2004 | O2: 2005 | P2: 2006 | Q2: 2007 | R2: 1993 | S2: 1994 | T2: 1995 | U2: 1996 | V2: 1997 | W2: 1998 | X2: 1999 | Y2: 2000 | Z2: 2001 | AA2: 2002 | AB2: 2003 | AC2: 2004 | AD2: 2005 | AE2: 2006 | AF2: 2007 | AG2: 1993 | AH2: 1994 | AI2: 1995 | AJ2: 1996 | AK2: 1997 | AL2: 1998 | AM2: 1999 | AN2: 2000 | AO2: 2001 | AP2: 2002 | AQ2: 2003 | AR2: 2004 | AS2: 2005 | AT2: 2006 | AU2: 2007 | AV2: 1993 | AW2: 1994 | AX2: 1995 | AY2: 1996 | AZ2: 1997 | BA2: 1998 | BB2: 1999 | BC2: 2000 | BD2: 2001 | BE2: 2002 | BF2: 2003 | BG2: 2004 | BH2: 2005 | BI2: 2006 | BJ2: 2007 | BK2: 1998 | BL2: 1999 | BM2: 2000 | BN2: 2001 | BO2: 2002 | BP2: 2003 | BQ2: 2004 | BR2: 2005 | BS2: 2006 | BT2: 2007 | BU2: 2005 | BV2: 2006 | BW2: 2007
C3: 总计 | D3: 总计 | E3: 总计 | F3: 总计 | G3: 总计 | H3: 总计 | I3: 总计 | J3: 总计 | K3: 总计 | L3: 总计 | M3: 总计 | N3: 总计 | O3: 总计 | P3: 总计 | Q3: 总计 | R3: 水电 | S3: 水电 | T3: 水电 | U3: 水电 | V3: 水电 | W3: 水电 | X3: 水电 | Y3: 水电 | Z3: 水电 | AA3: 水电 | AB3: 水电 | AC3: 水电 | AD3: 水电 | AE3: 水电 | AF3: 水电 | AG3: 火电 | AH3: 火电 | AI3: 火电 | AJ3: 火电 | AK3: 火电 | AL3: 火电 | AM3: 火电 | AN3: 火电 | AO3: 火电 | AP3: 火电 | AQ3: 火电 | AR3: 火电 | AS3: 火电 | AT3: 火电 | AU3: 火电 | AV3: 核电 | AW3: 核电 | AX3: 核电 | AY3: 核电 | AZ3: 核电 | BA3: 核电 | BB3: 核电 | BC3: 核电 | BD3: 核电 | BE3: 核电 | BF3: 核电 | BG3: 核电 | BH3: 核电 | BI3: 核电 | BJ3: 核电 | BK3: 其他 | BL3: 其他 | BM3: 其他 | BN3: 其他 | BO3: 其他 | BP3: 其他 | BQ3: 其他 | BR3: 其他 | BS3: 其他 | BT3: 其他 | BU3: 风电 | BV3: 风电 | BW3: 风电
A4: Total Capacity Tally (10000KW) | B4: 全国 | C4: 18321.07 | D4: 19989.72 | E4: 21722.42 | F4: 23654.16 | G4: 25423.82 | H4: 27728.9 | I4: 29876.79 | J4: 31932.09 | K4: 33861.19 | L4: 35657.09 | M4: 39140.78 | N4: 44238.73 | O4: 51718.5 | P4: 62369.8 | Q4: 71822 | R4: 4459.25 | S4: 4906.08 | T4: 5218.36 | U4: 5557.79 | V4: 5973.02 | W4: 6506.5 | X4: 7297.08 | Y4: 7935.22 | Z4: 8300.64 | AA4: 8607.46 | AB4: 9489.62 | AC4: 10524.16 | AD4: 11738.8 | AE4: 13029.2 | AF4: 14823 | AG4: 13831.82 | AH4: 14873.64 | AI4: 16294.06 | AJ4: 17886.37 | AK4: 19240.8 | AL4: 20988.35 | AM4: 22343.4 | AN4: 23754.02 | AO4: 25313.7 | AP4: 26554.67 | AQ4: 28977.09 | AR4: 32948.3 | AS4: 39137.6 | AT4: 48382.2 | AU4: 55607 | AV4: 30 | AW4: 210 | AX4: 210 | AY4: 210 | AZ4: 210 | BA4: 210 | BB4: 210 | BC4: 210 | BD4: 210 | BE4: 446.8 | BF4: 618.6 | BG4: 683.6 | BH4: 684.6 | BI4: 684.6 | BJ4: 885 | BK4: 24.05 | BL4: 26.31 | BM4: 32.85 | BN4: 36.86 | BO4: 48.18 | BP4: 55.45 | BQ4: 81.97 | BR4: 51.9 | BS4: 66.5 | BT4: 86.53 | BU4: 105.6 | BV4: 207.2 | BW4: 420
B5: 北京市 | C5: 275.25 | D5: 270.52 | E5: 299.92 | F5: 339.52 | G5: 379.79 | H5: 407.89 | I5: 491.57 | J5: 445.16 | K5: 447.06 | L5: 444.6 | M5: 440.56 | N5: 451.44 | O5: 491.1 | P5: 506.1 | Q5: 495 | R5: 27.09 | S5: 27.09 | T5: 27.09 | U5: 66.69 | V5: 106.96 | W5: 106.96 | X5: 105.81 | Y5: 105.81 | Z5: 105.81 | AA5: 103.85 | AB5: 105.81 | AC5: 105.59 | AD5: 105.3 | AE5: 105.3 | AF5: 105 | AG5: 248.16 | AH5: 243.43 | AI5: 272.83 | AJ5: 272.83 | AK5: 272.83 | AL5: 300.93 | AM5: 385.76 | AN5: 339.35 | AO5: 341.25 | AP5: 340.75 | AQ5: 334.75 | AR5: 345.85 | AS5: 383.4 | AT5: 398.4 | AU5: 390 | BR5: 2.4 | BS5: 2.4 | BT5: 0.27
B6: 天津市 | C6: 319.6 | D6: 332.9 | E6: 338.65 | F6: 447.93 | G6: 447.68 | H6: 477.28 | I6: 504.75 | J6: 503.6 | K6: 563.7 | L6: 625.05 | M6: 601.35 | N6: 601.35 | O6: 617.9 | P6: 654.1 | Q6: 693 | R6: 0.5 | S6: 0.05 | T6: 0.5 | U6: 0.58 | V6: 0.58 | W6: 0.58 | X6: 0.5 | Y6: 0.5 | Z6: 0.5 | AA6: 0.5 | AB6: 0.5 | AC6: 0.5 | AD6: 0.5 | AE6: 0.5 | AF6: 1 | AG6: 319.1 | AH6: 332.85 | AI6: 338.15 | AJ6: 447.35 | AK6: 447.1 | AL6: 476.7 | AM6: 503.95 | AN6: 502.8 | AO6: 563.2 | AP6: 624.55 | AQ6: 600.85 | AR6: 600.85 | AS6: 617.4 | AT6: 651.2 | AU6: 692 | BL6: 0.3 | BM6: 0.3 | BS6: 2.4
B7: 河北省 | C7: 911.3 | D7: 979.2 | E7: 1103.57 | F7: 1176.44 | G7: 1257.53 | H7: 1328.41 | I7: 1458.9 | J7: 1583.07 | K7: 1722.74 | L7: 1753.51 | M7: 1847.64 | N7: 2073 | O7: 2316.6 | P7: 2709 | Q7: 3021 | R7: 67.37 | S7: 68.82 | T7: 66.19 | U7: 67.22 | V7: 68.33 | W7: 69.5 | X7: 71.99 | Y7: 72.72 | Z7: 74.26 | AA7: 77.59 | AB7: 76.43 | AC7: 78.38 | AD7: 78.5 | AE7: 78.5 | AF7: 78 | AG7: 843.93 | AH7: 910.38 | AI7: 1037.38 | AJ7: 1109.22 | AK7: 1189.2 | AL7: 1258.91 | AM7: 1385.92 | AN7: 1509.37 | AO7: 1647.49 | AP7: 1674.57 | AQ7: 1769.87 | AR7: 1993.27 | AS7: 2233.3 | AT7: 2608.7 | AU7: 2902 | BL7: 0.99 | BM7: 0.98 | BN7: 0.99 | BO7: 1.35 | BP7: 1.35 | BQ7: 1.35 | BU7: 4.8 | BV7: 21.8 | BW7: 41
B8: 山西省 | C8: 852.23 | D8: 896.95 | E8: 916.02 | F8: 960.68 | G8: 994.32 | H8: 1096.61 | I8: 1164.7 | J8: 1274.85 | K8: 1421.18 | L8: 1512.31 | M8: 1583.15 | N8: 1848.05 | O8: 2307.5 | P8: 2745.1 | Q8: 3174 | R8: 27.4 | S8: 25.84 | T8: 25.84 | U8: 25.91 | V8: 25.9 | W8: 43.79 | X8: 61.78 | Y8: 97.77 | Z8: 79.59 | AA8: 79.53 | AB8: 79.57 | AC8: 78.73 | AD8: 78.3 | AE8: 79 | AF8: 79 | AG8: 824.83 | AH8: 871.11 | AI8: 890.18 | AJ8: 934.77 | AK8: 968.42 | AL8: 1052.81 | AM8: 1102.91 | AN8: 1177.08 | AO8: 1341.59 | AP8: 1432.78 | AQ8: 1503.58 | AR8: 1769.33 | AS8: 2229.2 | AT8: 2666.1 | AU8: 3095
B9: 内蒙古自治区 | C9: 476.76 | D9: 505.99 | E9: 588.79 | F9: 625.2 | G9: 632.25 | H9: 780.34 | I9: 881.37 | J9: 895.9 | K9: 951.12 | L9: 1044.74 | M9: 1209.04 | N9: 1432.12 | O9: 1995 | P9: 3028.1 | Q9: 4179 | R9: 4.37 | S9: 4.36 | T9: 4.36 | U9: 4.9 | V9: 4.67 | W9: 5.02 | X9: 23.02 | Y9: 41.06 | Z9: 56.62 | AA9: 59.21 | AB9: 59.21 | AC9: 56.79 | AD9: 56.8 | AE9: 81.8 | AF9: 83 | AG9: 472.39 | AH9: 501.63 | AI9: 584.43 | AJ9: 620.3 | AK9: 627.58 | AL9: 771.33 | AM9: 854.33 | AN9: 850.29 | AO9: 889.83 | AP9: 977.87 | AQ9: 1142.17 | AR9: 1364.15 | AS9: 1917.3 | AT9: 2889.9 | AU9: 3987 | BK9: 3.99 | BL9: 4.02 | BM9: 4.55 | BN9: 4.67 | BO9: 7.66 | BP9: 7.66 | BQ9: 11.17 | BS9: 1.7 | BT9: 1.65 | BU9: 20.9 | BV9: 54.8 | BW9: 108
B10: 辽宁省 | C10: 1021.49 | D10: 1069.4 | E10: 1087.62 | F10: 1228.09 | G10: 1241.19 | H10: 1380.04 | I10: 1368.86 | J10: 1523.03 | K10: 1540.38 | L10: 1572.98 | M10: 1635.01 | N10: 1650.64 | O10: 1753.8 | P10: 1833.8 | Q10: 2150 | R10: 118.37 | S10: 119.25 | T10: 123.25 | U10: 122.09 | V10: 122.09 | W10: 122.31 | X10: 124 | Y10: 124.85 | Z10: 126.18 | AA10: 126.14 | AB10: 139.62 | AC10: 140.41 | AD10: 140.4 | AE10: 140.1 | AF10: 141 | AG10: 903.12 | AH10: 950.15 | AI10: 964.37 | AJ10: 1106 | AK10: 1119.1 | AL10: 1256.03 | AM10: 1242.57 | AN10: 1393.79 | AO10: 1407.8 | AP10: 1438.99 | AQ10: 1481.64 | AR10: 1496.03 | AS10: 1599.9 | AT10: 1672.1 | AU10: 1972 | BK10: 1.7 | BL10: 2.29 | BM10: 4.39 | BN10: 6.4 | BO10: 7.85 | BP10: 13.75 | BQ10: 14.2 | BR10: 0.9 | BS10: 0.9 | BT10: 0.9 | BU10: 12.6 | BV10: 20.7 | BW10: 35
B11: 吉林省 | C11: 632.22 | D11: 666.5 | E11: 700.49 | F11: 701.52 | G11: 749.92 | H11: 790.33 | I11: 809.13 | J11: 846.13 | K11: 887.53 | L11: 893.91 | M11: 940.85 | N11: 959.59 | O11: 1016.6 | P11: 1113.1 | Q11: 1198 | R11: 298.56 | S11: 299.89 | T11: 300.48 | U11: 301.51 | V11: 324.61 | W11: 347.47 | X11: 350.82 | Y11: 353.67 | Z11: 357.56 | AA11: 357.39 | AB11: 358.58 | AC11: 360.12 | AD11: 372.1 | AE11: 387.2 | AF11: 389 | AG11: 333.66 | AH11: 366.61 | AI11: 400.01 | AJ11: 400.01 | AK11: 425.31 | AL11: 442.86 | AM11: 458.31 | AN11: 492.47 | AO11: 529.97 | AP11: 533.52 | AQ11: 579.26 | AR11: 595.87 | AS11: 635.9 | AT11: 703.9 | AU11: 758 | BO11: 3.01 | BP11: 3.01 | BQ11: 3.61 | BR11: 0.6 | BS11: 1.3 | BT11: 4.4 | BU11: 7.9 | BV11: 20.8 | BW11: 47
B12: 黑龙江省 | C12: 776.02 | D12: 780.74 | E12: 786.47 | F12: 870.73 | G12: 943.2 | H12: 990.05 | I12: 1090.25 | J12: 1088.47 | K12: 1127.67 | L12: 1162.09 | M12: 1188.9 | N12: 1214.3 | O12: 1247.5 | P12: 1342.5 | Q12: 1518 | R12: 21.03 | S12: 21.03 | T12: 21.03 | U12: 33.93 | V12: 63.79 | W12: 78.45 | X12: 77.45 | Y12: 81.48 | Z12: 81.48 | AA12: 81.49 | AB12: 83.46 | AC12: 84.46 | AD12: 84.7 | AE12: 85.3 | AF12: 87 | AG12: 754.99 | AH12: 759.71 | AI12: 765.44 | AJ12: 836.8 | AK12: 879.41 | AL12: 911.6 | AM12: 1012.81 | AN12: 1006.99 | AO12: 1046.2 | AP12: 1080.6 | AQ12: 1105.44 | AR12: 1125.91 | AS12: 1157.6 | AT12: 1245.6 | AU12: 1408 | BQ12: 3.93 | BU12: 5.2 | BV12: 11.5 | BW12: 23
B13: 上海市 | C13: 764.74 | D13: 758.79 | E13: 806.4 | F13: 882.08 | G13: 956.77 | H13: 952.65 | I13: 996.43 | J13: 1060.43 | K13: 1123.27 | L13: 1138.26 | M13: 1109.26 | N13: 1201.83 | O13: 1336.7 | P13: 1478 | Q13: 1442 | AC13: 0 | AE13: 0 | AG13: 764.74 | AH13: 758.79 | AI13: 806.4 | AJ13: 882.08 | AK13: 956.77 | AL13: 952.65 | AM13: 996.43 | AN13: 1060.43 | AO13: 1123.27 | AP13: 1138.26 | AQ13: 1109.26 | AR13: 1201.49 | AS13: 1311.4 | AT13: 1452.6 | AU13: 1415 | BQ13: 0.34 | BR13: 22.9 | BS13: 22.9 | BT13: 24.88 | BU13: 2.4 | BV13: 2.4 | BW13: 2
B14: 江苏省 | C14: 1249.04 | D14: 1396.2 | E14: 1500.23 | F14: 1388.43 | G14: 1465.33 | H14: 1627.42 | I14: 1845.73 | J14: 1925.22 | K14: 1970.15 | L14: 2073.62 | M14: 2238.27 | N14: 2843.36 | O14: 4270.8 | P14: 5207.3 | Q14: 5599 | R14: 2.9 | S14: 2.82 | T14: 2.79 | U14: 2.79 | V14: 2.86 | W14: 2.97 | X14: 3.06 | Y14: 3.36 | Z14: 3.37 | AA14: 13.72 | AB14: 13.78 | AC14: 12.65 | AD14: 14.3 | AE14: 13.6 | AF14: 14 | AG14: 1246.14 | AH14: 1393.38 | AI14: 1497.44 | AJ14: 1385.64 | AK14: 1462.47 | AL14: 1624.45 | AM14: 1842.67 | AN14: 1921.86 | AO14: 1966.78 | AP14: 2059.9 | AQ14: 2224.5 | AR14: 2828.95 | AS14: 4250.6 | AT14: 5177.6 | AU14: 5334 | BJ14: 200 | BQ14: 1.75 | BR14: 5.9 | BS14: 14.7 | BT14: 26.78 | BV14: 1.5 | BW14: 25
B15: 浙江省 | C15: 802.54 | D15: 903.19 | E15: 1012.93 | F15: 1101.15 | G15: 1258.32 | H15: 1433.88 | I15: 1556.42 | J15: 1808.44 | K15: 1881.89 | L15: 2067.74 | M15: 2382.14 | N15: 3095.39 | O15: 3774.3 | P15: 4687 | Q15: 5112 | R15: 244.03 | S15: 250.15 | T15: 258.18 | U15: 279.16 | V15: 296.24 | W15: 382.91 | X15: 457.95 | Y15: 542.03 | Z15: 573.25 | AA15: 586.68 | AB15: 605.45 | AC15: 641.84 | AD15: 695.2 | AE15: 836.9 | AF15: 852 | AG15: 528.51 | AH15: 623.04 | AI15: 724.75 | AJ15: 791.99 | AK15: 932.08 | AL15: 1017.3 | AM15: 1064.8 | AN15: 1232.59 | AO15: 1273.62 | AP15: 1308.24 | AQ15: 1532.12 | AR15: 2143.98 | AS15: 2768.2 | AT15: 3539.1 | AU15: 3949 | AV15: 30 | AW15: 30 | AX15: 30 | AY15: 30 | AZ15: 30 | BA15: 30 | BB15: 30 | BC15: 30 | BD15: 30 | BE15: 167.8 | BF15: 240.6 | BG15: 305.6 | BH15: 306.6 | BI15: 306.6 | BJ15: 307 | BK15: 3.67 | BL15: 3.67 | BM15: 3.82 | BN15: 5.02 | BO15: 5.02 | BP15: 3.97 | BQ15: 3.97 | BR15: 0.6 | BS15: 0.6 | BU15: 3.7 | BV15: 3.7 | BW15: 4
B16: 安徽省 | C16: 529.21 | D16: 557.6 | E16: 593.1 | F16: 674.16 | G16: 712.81 | H16: 743.91 | I16: 800.06 | J16: 872.24 | K16: 956.91 | L16: 970.54 | M16: 993.4 | N16: 1005.73 | O16: 1224.8 | P16: 1513.5 | Q16: 1927 | R16: 49.81 | S16: 55.08 | T16: 55.58 | U16: 56.14 | V16: 56.75 | W16: 57.9 | X16: 45.5 | Y16: 54.63 | Z16: 60.88 | AA16: 64.91 | AB16: 64.91 | AC16: 69.28 | AD16: 74 | AE16: 100.1 | AF16: 151 | AG16: 479.4 | AH16: 502.52 | AI16: 537.52 | AJ16: 618.02 | AK16: 656.06 | AL16: 686.01 | AM16: 754.56 | AN16: 817.61 | AO16: 896.03 | AP16: 905.63 | AQ16: 928.49 | AR16: 936.45 | AS16: 1150.8 | AT16: 1413.4 | AU16: 1776
B17: 福建省 | C17: 427.78 | D17: 538.07 | E17: 646.96 | F17: 737.39 | G17: 765.33 | H17: 810.27 | I17: 968.42 | J17: 1043.66 | K17: 1261.69 | L17: 1352.39 | M17: 1386.58 | N17: 1550.75 | O17: 1762.2 | P17: 2204.7 | Q17: 2398 | R17: 254.52 | S17: 336.21 | T17: 398.58 | U17: 437.65 | V17: 455.82 | W17: 475.82 | X17: 506.99 | Y17: 532.49 | Z17: 618 | AA17: 651.2 | AB17: 676.11 | AC17: 718.01 | AD17: 822.5 | AE17: 895.7 | AF17: 980 | AG17: 173.26 | AH17: 201.86 | AI17: 248.38 | AJ17: 299.74 | AK17: 309.51 | AL17: 334.45 | AM17: 461.43 | AN17: 509.88 | AO17: 642.4 | AP17: 699.99 | AQ17: 709.28 | AR17: 831.54 | AS17: 934.5 | AT17: 1300.1 | AU17: 1391 | BM17: 1.29 | BN17: 1.29 | BO17: 1.2 | BP17: 1.2 | BQ17: 1.2 | BT17: 3.9 | BU17: 5.2 | BV17: 8.9 | BW17: 23
B18: 江西省 | C18: 384.58 | D18: 410.37 | E18: 451.37 | F18: 478.89 | G18: 542.58 | H18: 572.64 | I18: 555.63 | J18: 632.03 | K18: 693.76 | L18: 732.62 | M18: 771.52 | N18: 804.59 | O18: 892.5 | P18: 985.6 | Q18: 1284 | R18: 148.84 | S18: 149.44 | T18: 156.89 | U18: 162.91 | V18: 166.6 | W18: 170.95 | X18: 173.45 | Y18: 184.6 | Z18: 206.78 | AA18: 219.74 | AB18: 230.74 | AC18: 254.99 | AD18: 301.9 | AE18: 328.8 | AF18: 357 | AG18: 235.74 | AH18: 260.93 | AI18: 294.48 | AJ18: 315.98 | AK18: 375.98 | AL18: 401.69 | AM18: 382.18 | AN18: 447.43 | AO18: 486.98 | AP18: 512.88 | AQ18: 540.78 | AR18: 549.6 | AS18: 590.6 | AT18: 656.8 | AU18: 927
B19: 山东省 | C19: 1124.93 | D19: 1205.63 | E19: 1281.2 | F19: 1416.88 | G19: 1687.27 | H19: 1789.64 | I19: 1807.03 | J19: 2001 | K19: 2101.39 | L19: 2515.31 | M19: 3054.52 | N19: 3292.36 | O19: 3742.7 | P19: 5005.5 | Q19: 5540 | R19: 7.55 | S19: 7.58 | T19: 7.87 | U19: 6.96 | V19: 6.75 | W19: 6.62 | X19: 4.99 | Y19: 8.41 | Z19: 5.62 | AA19: 5.08 | AB19: 5.08 | AC19: 5.08 | AD19: 5.2 | AE19: 55.3 | AF19: 105 | AG19: 1117.38 | AH19: 1198.05 | AI19: 1273.33 | AJ19: 1409.92 | AK19: 1680.52 | AL19: 1783.02 | AM19: 1802.04 | AN19: 1992.6 | AO19: 2095.77 | AP19: 2510.24 | AQ19: 3049.44 | AR19: 3286.04 | AS19: 3733.8 | AT19: 4939.5 | AU19: 5414 | BQ19: 1.23 | BU19: 3.7 | BV19: 10.6 | BW19: 21
B20: 河南省 | C20: 830.85 | D20: 847.36 | E20: 1006.96 | F20: 1106.97 | G20: 1173.97 | H20: 1378.44 | I20: 1477.36 | J20: 1531.7 | K20: 1778.7 | L20: 1834.25 | M20: 2007.35 | N20: 2422.65 | O20: 2880.8 | P20: 3515.6 | Q20: 4129 | R20: 57.27 | S20: 54.52 | T20: 54.52 | U20: 55.48 | V20: 63.58 | W20: 62.8 | X20: 92.8 | Y20: 152.8 | Z20: 243.8 | AA20: 243.8 | AB20: 243.8 | AC20: 243.8 | AD20: 254 | AE20: 255.3 | AF20: 274 | AG20: 773.58 | AH20: 792.84 | AI20: 952.44 | AJ20: 1051.49 | AK20: 1110.39 | AL20: 1315.64 | AM20: 1384.56 | AN20: 1378.9 | AO20: 1534.9 | AP20: 1590.45 | AQ20: 1763.55 | AR20: 2178.85 | AS20: 2626.8 | AT20: 3260.3 | AU20: 3854
B21: 湖北省 | C21: 904.75 | D21: 981.36 | E21: 1000.01 | F21: 1077.49 | G21: 1178.1 | H21: 1317.23 | I21: 1449.32 | J21: 1510.93 | K21: 1520.29 | L21: 1536.17 | M21: 1971.05 | N21: 2462.44 | O21: 2741.5 | P21: 2994.4 | Q21: 3708 | R21: 548.09 | S21: 621.15 | T21: 628.75 | U21: 634.43 | V21: 639.89 | W21: 653.17 | X21: 657.72 | Y21: 707.05 | Z21: 712.56 | AA21: 721.39 | AB21: 1153.72 | AC21: 1511.51 | AD21: 1788.9 | AE21: 1832.1 | AF21: 2402 | AG21: 356.66 | AH21: 360.21 | AI21: 371.26 | AJ21: 443.06 | AK21: 538.21 | AL21: 664.06 | AM21: 791.6 | AN21: 803.88 | AO21: 807.73 | AP21: 814.78 | AQ21: 817.33 | AR21: 950.93 | AS21: 952.6 | AT21: 1162.3 | AU21: 1304 | BW21: 1
B22: 湖南省 | C22: 665.77 | D22: 711.09 | E22: 775.55 | F22: 889.89 | G22: 909.77 | H22: 992.03 | I22: 1026.41 | J22: 1033.54 | K22: 1096.38 | L22: 1111.09 | M22: 1304.99 | N22: 1422.78 | O22: 1506 | P22: 1938 | Q22: 2260 | R22: 329.6 | S22: 367.86 | T22: 421.13 | U22: 481.82 | V22: 500.99 | W22: 510.32 | X22: 571.47 | Y22: 585.8 | Z22: 596.61 | AA22: 613.53 | AB22: 660.31 | AC22: 744.82 | AD22: 784.9 | AE22: 864.8 | AF22: 922 | AG22: 336.17 | AH22: 343.23 | AI22: 354.42 | AJ22: 408.07 | AK22: 408.78 | AL22: 481.71 | AM22: 454.94 | AN22: 447.74 | AO22: 499.78 | AP22: 497.56 | AQ22: 644.67 | AR22: 677.95 | AS22: 721.2 | AT22: 1071.5 | AU22: 1336 | BS22: 1.7 | BT22: 1.7
B23: 广东省 | C23: 1475.89 | D23: 1981.62 | E23: 2271.75 | F23: 2630.83 | G23: 2812.63 | H23: 2906.95 | I23: 3033.37 | J23: 3189.56 | K23: 3360.07 | L23: 3587.99 | M23: 3920.2 | N23: 4262.1 | O23: 4808.2 | P23: 5389.9 | Q23: 5886 | R23: 402.08 | S23: 454.34 | T23: 465.71 | U23: 478.5 | V23: 498.87 | W23: 551.2 | X23: 655.4 | Y23: 701.55 | Z23: 730.28 | AA23: 777.53 | AB23: 810.72 | AC23: 858.46 | AD23: 903.6 | AE23: 932 | AF23: 1011 | AG23: 1073.81 | AH23: 1347.28 | AI23: 1626.04 | AJ23: 1972.33 | AK23: 2133.75 | AL23: 2171.57 | AM23: 2193.71 | AN23: 2301.32 | AO23: 2443.1 | AP23: 2523.78 | AQ23: 2723.14 | AR23: 3017.29 | AS23: 3518.3 | AT23: 4061.5 | AU23: 471 | AW23: 180 | AX23: 180 | AY23: 180 | AZ23: 180 | BA23: 180 | BB23: 180 | BC23: 180 | BD23: 180 | BE23: 279 | BF23: 378 | BG23: 378 | BH23: 378 | BI23: 378 | BJ23: 378 | BK23: 4.18 | BL23: 4.26 | BM23: 6.69 | BN23: 6.69 | BO23: 7.68 | BP23: 8.34 | BQ23: 8.34 | BU23: 8.3 | BV23: 18.3 | BW23: 25
B24: 广西壮族自治区 | C24: 480.1 | D24: 546.25 | E24: 602.36 | F24: 626.57 | G24: 687.92 | H24: 728.56 | I24: 782.67 | J24: 993.82 | K24: 986.18 | L24: 1003.95 | M24: 1023.53 | N24: 941.85 | O24: 1101.7 | P24: 1305.8 | Q24: 1975 | R24: 309.88 | S24: 346.83 | T24: 382.92 | U24: 402.41 | V24: 456.82 | W24: 493.27 | X24: 550.42 | Y24: 668.32 | Z24: 676.37 | AA24: 688.33 | AB24: 704.52 | AC24: 504.04 | AD24: 608.5 | AE24: 762.4 | AF24: 1044 | AG24: 170.22 | AH24: 199.42 | AI24: 219.44 | AJ24: 224.16 | AK24: 231.1 | AL24: 235.28 | AM24: 232.25 | AN24: 325.5 | AO24: 309.81 | AP24: 315.62 | AQ24: 319.01 | AR24: 437.81 | AS24: 493.1 | AT24: 543.4 | AU24: 931
B25: 海南省 | C25: 89.72 | D25: 105.73 | E25: 151.85 | F25: 156.05 | G25: 156.07 | H25: 153.67 | I25: 166.36 | J25: 179.13 | K25: 191.76 | L25: 178.04 | M25: 175.96 | N25: 217.04 | O25: 211.5 | P25: 258 | Q25: 302 | R25: 35.99 | S25: 47.35 | T25: 50.73 | U25: 50.93 | V25: 50.74 | W25: 53.34 | X25: 53.5 | Y25: 53.69 | Z25: 53.82 | AA25: 54.75 | AB25: 55.14 | AC25: 56.22 | AD25: 57.4 | AE25: 58.9 | AF25: 59 | AG25: 53.73 | AH25: 58.38 | AI25: 101.12 | AJ25: 105.12 | AK25: 105.32 | AL25: 99.47 | AM25: 111.98 | AN25: 124.56 | AO25: 137.06 | AP25: 122.41 | AQ25: 119.95 | AR25: 159.95 | AS25: 153.2 | AT25: 198.2 | AU25: 240 | BK25: 0.86 | BL25: 0.88 | BM25: 0.88 | BN25: 0.88 | BO25: 0.88 | BP25: 0.87 | BQ25: 0.87 | BT25: 1.4 | BU25: 0.9 | BV25: 0.9 | BW25: 1
B26: 重庆市 | G26: 310.89 | H26: 390.52 | I26: 425.34 | J26: 432.2 | K26: 416.63 | L26: 420 | M26: 445.6 | N26: 467.9 | O26: 567.6 | P26: 759.7 | Q26: 863 | V26: 83.56 | W26: 83.64 | X26: 107.03 | Y26: 132.7 | Z26: 126.8 | AA26: 119.55 | AB26: 132.98 | AC26: 140.79 | AD26: 191.2 | AE26: 197.9 | AF26: 224 | AK26: 227.33 | AL26: 306.88 | AM26: 318.31 | AN26: 299.5 | AO26: 289.83 | AP26: 300.45 | AQ26: 312.62 | AR26: 327.11 | AS26: 374.1 | AT26: 559.4 | AU26: 637 | BR26: 2.4 | BS26: 2.4 | BT26: 2.4
B27: 四川省 | C27: 1052.71 | D27: 1137.59 | E27: 1215.16 | F27: 1356.94 | G27: 1110.74 | H27: 1284.1 | I27: 1584.49 | J27: 1709.84 | K27: 1790.85 | L27: 1799.66 | M27: 1844.54 | N27: 2028.32 | O27: 2245.6 | P27: 2728.5 | Q27: 3186 | R27: 455.89 | S27: 505.43 | T27: 559.04 | U27: 642.42 | V27: 608.24 | W27: 770.59 | X27: 1041.69 | Y27: 1100.83 | Z27: 1153.15 | AA27: 1185.46 | AB27: 1234.15 | AC27: 1338.29 | AD27: 1496 | AE27: 1773 | AF27: 1986 | AG27: 596.82 | AH27: 632.16 | AI27: 656.12 | AJ27: 714.52 | AK27: 502.5 | AL27: 513.51 | AM27: 542.8 | AN27: 609.01 | AO27: 637.7 | AP27: 614.2 | AQ27: 610.4 | AR27: 690.03 | AS27: 749.6 | AT27: 955.5 | AU27: 1200
B28: 贵州省 | C28: 317.08 | D28: 385.05 | E28: 427.05 | F28: 464.74 | G28: 479.31 | H28: 528.09 | I28: 602.86 | J28: 606.36 | K28: 665.01 | L28: 706.86 | M28: 1017.95 | N28: 1469.83 | O28: 1686.8 | P28: 2188.3 | Q28: 2417 | R28: 139.41 | S28: 183.99 | T28: 205.87 | U28: 220.9 | V28: 217.98 | W28: 223.51 | X28: 231.01 | Y28: 235.81 | Z28: 240.96 | AA28: 242.61 | AB28: 371.37 | AC28: 689.65 | AD28: 723.3 | AE28: 753.4 | AF28: 821 | AG28: 177.67 | AH28: 201.06 | AI28: 221.18 | AJ28: 243.84 | AK28: 261.33 | AL28: 304.58 | AM28: 371.85 | AN28: 370.55 | AO28: 424.05 | AP28: 464.25 | AQ28: 646.58 | AR28: 780.18 | AS28: 963.5 | AT28: 1435 | AU28: 1596
B29: 云南省 | C29: 451.61 | D29: 495.13 | E29: 530.01 | F29: 551.64 | G29: 574.16 | H29: 661.09 | I29: 712.2 | J29: 741.41 | K29: 794.19 | L29: 876.91 | M29: 1010 | N29: 1136.55 | O29: 1275.2 | P29: 1826.1 | Q29: 2221 | R29: 310.15 | S29: 361.51 | T29: 396.08 | U29: 397.36 | V29: 407.48 | W29: 427.91 | X29: 467.69 | Y29: 494.72 | Z29: 499.56 | AA29: 583.63 | AB29: 654.32 | AC29: 705.86 | AD29: 799.9 | AE29: 969.8 | AF29: 1158 | AG29: 141.46 | AH29: 133.62 | AI29: 133.93 | AJ29: 154.28 | AK29: 166.68 | AL29: 233.18 | AM29: 244.52 | AN29: 246.69 | AO29: 294.63 | AP29: 293.27 | AQ29: 355.68 | AR29: 430.69 | AS29: 475.2 | AT29: 856.4 | AU29: 1063
B30: 西藏自治区 | C30: 16.66 | D30: 17.66 | E30: 17.66 | F30: 18.51 | G30: 29.38 | H30: 30.14 | I30: 33.16 | J30: 35.72 | K30: 36.08 | L30: 36.33 | M30: 37.62 | N30: 46.92 | O30: 48.2 | P30: 37.9 | Q30: 42 | R30: 12.09 | S30: 12.95 | T30: 12.95 | U30: 12.94 | V30: 23.76 | W30: 24.25 | X30: 27.25 | Y30: 29.48 | Z30: 29.6 | AA30: 29.85 | AB30: 31.14 | AC30: 40.35 | AD30: 41.9 | AE30: 34.3 | AF30: 39 | AG30: 4.57 | AH30: 4.71 | AI30: 4.71 | AJ30: 5.57 | AK30: 5.62 | AL30: 5.89 | AM30: 3.15 | AN30: 3.48 | AO30: 3.46 | AP30: 3.46 | AQ30: 3.46 | AR30: 3.46 | AS30: 3.2 | AT30: 1.2 | AU30: 1 | BL30: 2.76 | BM30: 2.76 | BN30: 3.02 | BO30: 3.02 | BP30: 3.02 | BQ30: 2.42 | BR30: 3 | BS30: 2.4 | BT30: 2.4
B31: 陕西省 | C31: 443.07 | D31: 431.25 | E31: 498.74 | F31: 545.96 | G31: 547.76 | H31: 635.31 | I31: 667.45 | J31: 737.56 | K31: 775.31 | L31: 819.77 | M31: 878.87 | N31: 951.69 | O31: 1166.4 | P31: 1193.4 | Q31: 1416 | R31: 119.8 | S31: 116.8 | T31: 118.19 | U31: 123.36 | V31: 123.36 | W31: 124.91 | X31: 129.2 | Y31: 145.12 | Z31: 145.07 | AA31: 146.23 | AB31: 146.23 | AC31: 187.65 | AD31: 197.8 | AE31: 216.5 | AF31: 179 | AG31: 323.27 | AH31: 314.45 | AI31: 380.55 | AJ31: 422.6 | AK31: 424.4 | AL31: 510.4 | AM31: 538.25 | AN31: 592.44 | AO31: 630.24 | AP31: 673.54 | AQ31: 732.64 | AR31: 764.04 | AS31: 964 | AT31: 972.3 | AU31: 1229 | BR31: 4.6 | BS31: 4.6 | BT31: 7.25
B32: 甘肃省 | C32: 453.25 | D32: 451.67 | E32: 455.24 | F32: 498.6 | G32: 556.3 | H32: 591.35 | I32: 612.82 | J32: 655.22 | K32: 700.15 | L32: 712.88 | M32: 804.72 | N32: 867.99 | O32: 985.7 | P32: 1093.9 | Q32: 1259 | R32: 235.77 | S32: 230.69 | T32: 232.32 | U32: 244.67 | V32: 265.16 | W32: 281.02 | X32: 286.8 | Y32: 295.15 | Z32: 311.83 | AA32: 323.86 | AB32: 328.06 | AC32: 356.61 | AD32: 400.6 | AE32: 429.1 | AF32: 440 | AG32: 217.48 | AH32: 220.98 | AI32: 222.92 | AJ32: 253.93 | AK32: 291.15 | AL32: 310.21 | AM32: 325.9 | AN32: 359.95 | AO32: 387.48 | AP32: 388.18 | AQ32: 474.5 | AR32: 497.56 | AS32: 571.3 | AT32: 644.8 | AU32: 784 | BK32: 0.12 | BL32: 0.12 | BM32: 0.12 | BN32: 0.84 | BO32: 0.84 | BP32: 2.16 | BQ32: 13.82 | BR32: 8.6 | BS32: 8.6 | BT32: 8.6 | BU32: 5.2 | BV32: 11.3 | BW32: 26
B33: 青海省 | C33: 172.36 | D33: 173.53 | E33: 186.88 | F33: 199.83 | G33: 281.91 | H33: 324.12 | I33: 379.6 | J33: 395.37 | K33: 389.41 | L33: 401 | M33: 424.69 | N33: 494.32 | O33: 571.2 | P33: 694 | Q33: 774 | R33: 138.51 | S33: 139.38 | T33: 140.23 | U33: 140.97 | V33: 223.78 | W33: 265.85 | X33: 307.52 | Y33: 311.39 | Z33: 312.74 | AA33: 320.63 | AB33: 334.11 | AC33: 405.34 | AD33: 482.5 | AE33: 542.3 | AF33: 583 | AG33: 33.85 | AH33: 34.15 | AI33: 46.65 | AJ33: 58.86 | AK33: 58.14 | AL33: 58.27 | AM33: 72.08 | AN33: 83.98 | AO33: 76.68 | AP33: 80.38 | AQ33: 90.58 | AR33: 88.98 | AS33: 88.7 | AT33: 151.7 | AU33: 190
B34: 宁夏回族自治区 | C34: 164.23 | D34: 165.43 | E34: 168.73 | F34: 169.93 | G34: 230.23 | H34: 230.23 | I34: 227.23 | J34: 230.63 | K34: 235.39 | L34: 269.39 | M34: 342.02 | N34: 419.07 | O34: 518.3 | P34: 644.1 | Q34: 751 | R34: 27.63 | S34: 27.63 | T34: 30.63 | U34: 30.63 | V34: 30.63 | W34: 30.63 | X34: 30.63 | Y34: 30.63 | Z34: 30.79 | AA34: 30.79 | AB34: 30.82 | AC34: 36.62 | AD34: 42.9 | AE34: 42.9 | AF34: 43 | AG34: 136.6 | AH34: 137.8 | AI34: 138.1 | AJ34: 139.3 | AK34: 199.6 | AL34: 199.6 | AM34: 196.6 | AN34: 200 | AO34: 204.6 | AP34: 238.6 | AQ34: 310.2 | AR34: 378.2 | AS34: 464.2 | AT34: 600.2 | AU34: 703 | BP34: 1 | BQ34: 4.25 | BU34: 11.2 | BV34: 1.1 | BW34: 5
B35: 新疆维吾尔自治区 | C35: 255.33 | D35: 286.51 | E35: 300.75 | F35: 330.84 | G35: 350.38 | H35: 395.73 | I35: 396.9 | J35: 445.86 | K35: 474.36 | L35: 503.14 | M35: 549.5 | N35: 602.8 | O35: 654 | P35: 789.2 | Q35: 903 | R35: 64.75 | S35: 67.59 | T35: 70.66 | U35: 72.26 | V35: 76.22 | W35: 78.85 | X35: 79.65 | Y35: 86.81 | Z35: 86.81 | AA35: 98.48 | AB35: 98.98 | AC35: 97.3 | AD35: 136 | AE35: 176.6 | AF35: 214 | AG35: 190.58 | AH35: 218.92 | AI35: 230.09 | AJ35: 258.58 | AK35: 274.16 | AL35: 310.11 | AM35: 310.24 | AN35: 351.99 | AO35: 380.49 | AP35: 394.99 | AQ35: 441.35 | AR35: 495.97 | AS35: 504.7 | AT35: 593.7 | AU35: 656 | BK35: 6.77 | BL35: 6.77 | BM35: 7.06 | BN35: 7.06 | BO35: 9.67 | BP35: 9.13 | BQ35: 9.53 | BU35: 13.4 | BV35: 18.9 | BW35: 33
A37: Gen Type | B37: Region | C37: 1993 | D37: 1994 | E37: 1995 | F37: 1996 | G37: 1997 | H37: 1998 | I37: 1999 | J37: 2000 | K37: 2001 | L37: 2002 | M37: 2003 | N37: 2004 | O37: 2005 | P37: 2006 | Q37: 2007 | R37: 1993 | S37: 1994 | T37: 1995 | U37: 1996 | V37: 1997 | W37: 1998 | X37: 1999 | Y37: 2000 | Z37: 2001 | AA37: 2002 | AB37: 2003 | AC37: 2004 | AD37: 2005 | AE37: 2006 | AF37: 2007 | AG37: 1993 | AH37: 1994 | AI37: 1995 | AJ37: 1996 | AK37: 1997 | AL37: 1998 | AM37: 1999 | AN37: 2000 | AO37: 2001 | AP37: 2002 | AQ37: 2003 | AR37: 2004 | AS37: 2005 | AT37: 2006 | AU37: 2007 | AV37: 1993 | AW37: 1994 | AX37: 1995 | AY37: 1996 | AZ37: 1997 | BA37: 1998 | BB37: 1999 | BC37: 2000 | BD37: 2001 | BE37: 2002 | BF37: 2003 | BG37: 2004 | BH37: 2005 | BI37: 2006 | BJ37: 2007 | BK37: 1998 | BL37: 1999 | BM37: 2000 | BN37: 2001 | BO37: 2002 | BP37: 2003 | BQ37: 2004 | BR37: 2005 | BS37: 2006 | BT37: 2007 | BU37: 2005 | BV37: 2006 | BW37: 2007
C38: 总计 | D38: 总计 | E38: 总计 | F38: 总计 | G38: 总计 | H38: 总计 | I38: 总计 | J38: 总计 | K38: 总计 | L38: 总计 | M38: 总计 | N38: 总计 | O38: 总计 | P38: 总计 | Q38: 合计 | R38: 水电 | S38: 水电 | T38: 水电 | U38: 水电 | V38: 水电 | W38: 水电 | X38: 水电 | Y38: 水电 | Z38: 水电 | AA38: 水电 | AB38: 水电 | AC38: 水电 | AD38: 水电 | AE38: 水电 | AF38: 水电 | AG38: 火电 | AH38: 火电 | AI38: 火电 | AJ38: 火电 | AK38: 火电 | AL38: 火电 | AM38: 火电 | AN38: 火电 | AO38: 火电 | AP38: 火电 | AQ38: 火电 | AR38: 火电 | AS38: 火电 | AT38: 火电 | AU38: 火电 | AV38: 核电 | AW38: 核电 | AX38: 核电 | AY38: 核电 | AZ38: 核电 | BA38: 核电 | BB38: 核电 | BC38: 核电 | BD38: 核电 | BE38: 核电 | BF38: 核电 | BG38: 核电 | BH38: 核电 | BI38: 核电 | BJ38: 核电 | BK38: 其他 | BL38: 其他 | BM38: 其他 | BN38: 其他 | BO38: 其他 | BP38: 其他 | BQ38: 其他 | BR38: 其他 | BS38: 其他 | BT38: 其他 | BU38: 风电 | BV38: 风电 | BW38: 风电
A39: Annual Capaicty Addition (10000KW) | B39: 全国 | C39: 1499.22 | D39: 1643.71 | E39: 1528.96 | F39: 1682.42 | G39: 1490.09 | H39: 1999.55 | I39: 2052.3 | J39: 2012.04 | K39: 1586.87 | L39: 1193.01 | N39: 5322.54 | O39: 7128.6 | P39: 10424 | Q39: 10190 | R39: 368.42 | S39: 397.15 | T39: 257.3 | U39: 269.35 | V39: 340.33 | W39: 450.24 | X39: 628.66 | Y39: 452.41 | Z39: 289.55 | AA39: 148.22 | AC39: 1150.08 | AD39: 1226.89 | AE39: 1100 | AF39: 1307 | AG39: 1130.8 | AH39: 1036.56 | AI39: 1271.66 | AJ39: 1413.07 | AK39: 1149.76 | AL39: 1549.31 | AM39: 1423.64 | AN39: 1559.63 | AO39: 1297.32 | AP39: 1044.79 | AR39: 4026.49 | AS39: 5774.24 | AT39: 9207 | AU39: 8360 | AW39: 210 | BJ39: 200 | BS39: 6 | BT39: 18 | BV39: 110 | BW39: 304
B40: 北京市 | E40: 40 | F40: 40 | G40: 20 | H40: 46.5 | I40: 18.5 | O40: 56 | T40: 20 | U40: 40 | V40: 20 | AI40: 20 | AL40: 46.5 | AM40: 18.5 | AS40: 56
B41: 天津市 | C41: 25 | D41: 2.5 | E41: 52.5 | F41: 50 | H41: 30 | I41: 30 | K41: 60 | L41: 60 | O41: 40.4 | P41: 30 | Q41: 30 | AG41: 25 | AH41: 2.5 | AI41: 52.5 | AJ41: 50 | AL41: 30 | AM41: 30 | AO41: 60 | AP41: 60 | AS41: 38 | AT41: 30 | AU41: 30
B42: 河北省 | C42: 62.5 | D42: 62.5 | E42: 90 | F42: 60 | G42: 60 | H42: 30 | I42: 125 | J42: 131 | K42: 101.38 | N42: 269.98 | O42: 250.2 | P42: 386 | Q42: 395 | Z42: 5.38 | AC42: 0.88 | AE42: 19 | AG42: 62.5 | AH42: 62.5 | AI42: 90 | AJ42: 60 | AK42: 60 | AL42: 30 | AM42: 125 | AN42: 131 | AO42: 96 | AR42: 269.1 | AS42: 241.9 | AT42: 352 | AU42: 382 | BS42: 1 | BT42: 5 | BV42: 14 | BW42: 8
B43: 山西省 | C43: 80 | D43: 40 | E43: 10 | F43: 40 | G43: 30 | H43: 60 | I43: 60 | J43: 70 | K43: 147.5 | L43: 75 | N43: 295 | O43: 488.55 | P43: 386 | Q43: 376 | AG43: 80 | AH43: 40 | AI43: 10 | AJ43: 40 | AK43: 30 | AL43: 60 | AM43: 60 | AN43: 70 | AO43: 147.5 | AP43: 75 | AR43: 295 | AS43: 486.15 | AT43: 386 | AU43: 376
B44: 内蒙古自治区 | C44: 57.4 | D44: 22.5 | E44: 73 | F44: 33 | G44: 2.4 | H44: 144.15 | I44: 83 | J44: 0.53 | K44: 21.74 | L44: 127.2 | N44: 236.36 | O44: 502.59 | P44: 1004 | Q44: 1055 | AG44: 57.4 | AH44: 22.5 | AI44: 73 | AJ44: 33 | AK44: 2.4 | AL44: 144.15 | AM44: 83 | AN44: 0.53 | AO44: 21.74 | AP44: 127.2 | AR44: 229.7 | AS44: 492.1 | AT44: 971 | AU44: 960 | BV44: 32 | BW44: 95
B45: 辽宁省 | C45: 71.85 | D45: 45.2 | E45: 7.2 | F45: 100 | G45: 1.2 | H45: 146.2 | I45: 2.5 | J45: 169.2 | K45: 12.67 | L45: 8.55 | N45: 3.6 | O45: 100.7 | P45: 81 | Q45: 386 | Z45: 0.24 | AG45: 71.85 | AH45: 45.2 | AI45: 7.2 | AJ45: 100 | AK45: 1.2 | AL45: 146.2 | AM45: 2.5 | AN45: 169.2 | AO45: 12.43 | AP45: 8.55 | AR45: 3.6 | AS45: 100.7 | AT45: 70 | AU45: 364 | BV45: 11 | BW45: 22
B46: 吉林省 | C46: 5 | D46: 30 | E46: 32.5 | G46: 47 | H46: 32 | I46: 17.73 | J46: 74.28 | K46: 8.2 | N46: 8.2 | O46: 117.08 | P46: 93 | Q46: 179 | V46: 22 | W46: 22 | X46: 2 | Y46: 2 | Z46: 2 | AC46: 2 | AD46: 37 | AE46: 15 | AF46: 1 | AG46: 5 | AH46: 30 | AI46: 32.5 | AK46: 25 | AL46: 10 | AM46: 15.73 | AN46: 72.28 | AO46: 6.2 | AR46: 1.2 | AS46: 68.2 | AT46: 69 | AU46: 123 | BV46: 9 | BW46: 55
B47: 黑龙江省 | C47: 30.05 | D47: 4.9 | E47: 11.2 | F47: 85.75 | G47: 57.3 | H47: 46.45 | I47: 104.2 | K47: 38.3 | L47: 36.2 | N47: 5.83 | O47: 45.68 | P47: 114 | Q47: 212 | U47: 13.75 | V47: 27.5 | W47: 13.75 | X47: 3 | AC47: 3.4 | AD47: 0.65 | AF47: 1 | AG47: 30.05 | AH47: 4.9 | AI47: 11.2 | AJ47: 72 | AK47: 29.8 | AL47: 32.7 | AM47: 101.2 | AO47: 38.3 | AP47: 36.2 | AS47: 41.4 | AT47: 111 | AU47: 186 | BT47: 2 | BV47: 4 | BW47: 24
B48: 上海市 | C48: 11.2 | E48: 60 | F48: 30 | G48: 30 | H48: 2.4 | I48: 35 | J48: 60 | K48: 60 | N48: 180 | O48: 139.7 | P48: 138 | Q48: 2 | AG48: 11.2 | AI48: 60 | AJ48: 30 | AK48: 30 | AL48: 2.4 | AM48: 35 | AN48: 60 | AO48: 60 | AR48: 180 | AS48: 137.6 | AT48: 138 | AU48: 2
B49: 江苏省 | C49: 178.25 | D49: 157.08 | E49: 78.2 | F49: 95.35 | G49: 76.3 | H49: 158.6 | I49: 221.48 | J49: 82.65 | K49: 21.62 | L49: 37.02 | N49: 584 | O49: 1463.08 | P49: 868 | Q49: 551 | AA49: 10 | AG49: 178.25 | AH49: 157.08 | AI49: 78.2 | AJ49: 95.35 | AK49: 76.3 | AL49: 158.6 | AM49: 221.48 | AN49: 82.65 | AO49: 21.62 | AP49: 27.02 | AR49: 584 | AS49: 1463.08 | AT49: 855 | AU49: 323 | BJ49: 200 | BS49: 5 | BT49: 7 | BV49: 8 | BW49: 21
B50: 浙江省 | C50: 22.73 | D50: 115.2 | E50: 101.78 | F50: 72.17 | G50: 112.87 | H50: 143.88 | I50: 117.44 | J50: 256.08 | K50: 94.16 | L50: 160.85 | N50: 303.11 | O50: 496.37 | P50: 1010 | Q50: 297 | R50: 1.26 | S50: 1.46 | T50: 2.6 | U50: 14.24 | V50: 9.31 | W50: 80.31 | X50: 64.74 | Y50: 74.88 | Z50: 23.06 | AA50: 6.8 | AC50: 33.12 | AD50: 15.68 | AE50: 120 | AG50: 21.47 | AH50: 83.74 | AI50: 99.18 | AJ50: 57.93 | AK50: 103.56 | AL50: 63.57 | AM50: 52.7 | AN50: 181.2 | AO50: 71.1 | AP50: 154.05 | AR50: 204.99 | AS50: 480.09 | AT50: 890 | AU50: 296 | AW50: 30 | BW50: 1
B51: 安徽省 | C51: 45 | D51: 12.5 | E51: 30 | F51: 42.5 | G51: 35 | H51: 33.9 | I51: 60 | J51: 68 | K51: 83.47 | N51: 34.45 | O51: 186.07 | P51: 264 | Q51: 618 | Y51: 8 | Z51: 6.15 | AC51: 3 | AD51: 4.32 | AE51: 24 | AF51: 45 | AG51: 45 | AH51: 12.5 | AI51: 30 | AJ51: 42.5 | AK51: 35 | AL51: 33.9 | AM51: 60 | AN51: 60 | AO51: 77.32 | AR51: 31.45 | AS51: 181.75 | AT51: 240 | AU51: 573
B52: 福建省 | C52: 20 | D52: 80.5 | E52: 53.25 | F52: 75 | G52: 1.5 | H52: 19.35 | I52: 140.3 | J52: 69.7 | K52: 212.46 | L52: 2.92 | N52: 159.57 | O52: 176.4 | P52: 410 | Q52: 162 | R52: 20 | S52: 70.5 | T52: 23.25 | U52: 45 | V52: 1.5 | W52: 6.85 | X52: 10.3 | Y52: 8.5 | Z52: 73.26 | AA52: 2.92 | AC52: 39.57 | AD52: 78.06 | AE52: 18 | AF52: 22 | AH52: 10 | AI52: 30 | AJ52: 30 | AL52: 12.5 | AM52: 130 | AN52: 61.2 | AO52: 139.2 | AR52: 120 | AS52: 88.2 | AT52: 383 | AU52: 125 | BV52: 9 | BW52: 15
B53: 江西省 | C53: 13.1 | D53: 12.8 | E53: 26 | F53: 24 | G53: 60 | H53: 30 | J53: 60 | K53: 42 | L53: 47 | N53: 41 | O53: 36.35 | P53: 61 | Q53: 252 | R53: 0.6 | S53: 0.3 | T53: 6 | U53: 4 | Z53: 12 | AA53: 12 | AC53: 11 | AD53: 6.35 | AE53: 5 | AG53: 12.5 | AH53: 12.5 | AI53: 20 | AJ53: 20 | AK53: 60 | AL53: 30 | AN53: 60 | AO53: 30 | AP53: 35 | AR53: 30 | AS53: 30 | AT53: 56 | AU53: 252
B54: 山东省 | C54: 107.3 | D54: 85.35 | E54: 77.83 | F54: 117.25 | G54: 244.65 | H54: 101 | I54: 83.08 | J54: 146.85 | K54: 43.5 | L54: 252 | N54: 281.74 | O54: 434.37 | P54: 1207 | Q54: 586 | T54: 0.08 | AC54: 1.2 | AE54: 75 | AF54: 25 | AG54: 107.3 | AH54: 85.35 | AI54: 77.75 | AJ54: 117.25 | AK54: 244.65 | AL54: 101 | AM54: 83.08 | AN54: 146.85 | AO54: 43.5 | AP54: 252 | AR54: 277.4 | AS54: 433.62 | AT54: 1128 | AU54: 542 | BT54: 5 | BV54: 3 | BW54: 14
B55: 河南省 | C55: 64.92 | D55: 27.4 | E55: 139.6 | F55: 100.26 | G55: 76.8 | H55: 181.2 | I55: 95.95 | J55: 99.2 | K55: 226.2 | L55: 22.55 | N55: 686.12 | O55: 439.9 | P55: 580 | Q55: 931 | R55: 1.74 | S55: 7.5 | U55: 0.96 | V55: 8.1 | X55: 30 | Y55: 60 | Z55: 90 | AC55: 12.6 | AD55: 126.9 | AF55: 4 | AG55: 63.18 | AH55: 19.9 | AI55: 139.6 | AJ55: 99.3 | AK55: 68.7 | AL55: 181.2 | AM55: 65.95 | AN55: 39.2 | AO55: 136.2 | AP55: 22.55 | AR55: 673.52 | AS55: 311.8 | AT55: 580 | AU55: 925 | BW55: 3
B56: 湖北省 | C56: 113.64 | D56: 94.85 | E56: 10.6 | F56: 38.18 | G56: 125.65 | H56: 99 | I56: 138.8 | J56: 53.94 | K56: 10.53 | L56: 14.63 | N56: 571.43 | O56: 321.79 | P56: 237 | Q56: 741 | R56: 63.64 | S56: 64.85 | T56: 2.6 | U56: 5.18 | V56: 3 | W56: 4 | X56: 8.9 | Y56: 37.14 | Z56: 5.03 | AA56: 9.65 | AC56: 408 | AD56: 298.04 | AE56: 39 | AF56: 554 | AG56: 50 | AH56: 30 | AI56: 8 | AJ56: 33 | AK56: 122.65 | AL56: 95 | AM56: 129.9 | AN56: 16.8 | AO56: 5.5 | AP56: 4.98 | AR56: 163.43 | AS56: 1.75 | AT56: 199 | AU56: 186 | BW56: 1
B57: 湖南省 | C57: 11.76 | D57: 33.52 | E57: 52.88 | F57: 114.26 | G57: 17.06 | H57: 86.25 | I57: 32 | J57: 12 | K57: 74.59 | L57: 13.51 | N57: 115.27 | O57: 45.05 | P57: 343 | Q57: 345 | R57: 6.51 | S57: 31.97 | T57: 52.58 | U57: 50.66 | V57: 14.76 | W57: 19.55 | X57: 32 | Y57: 12 | Z57: 8.59 | AA57: 8.51 | AC57: 85.27 | AD57: 12.55 | AE57: 13 | AF57: 28 | AG57: 5.25 | AH57: 1.55 | AI57: 0.3 | AJ57: 63.6 | AK57: 2.3 | AL57: 66.7 | AO57: 66 | AP57: 5 | AR57: 30 | AS57: 30 | AT57: 330 | AU57: 317
B58: 广东省 | C58: 353.55 | D58: 514.58 | E58: 304.64 | F58: 336.52 | G58: 172.91 | H58: 107.39 | I58: 149.09 | J58: 200.36 | K58: 112.55 | L58: 157.04 | N58: 379.31 | O58: 381.27 | P58: 646 | Q58: 705 | R58: 104.8 | S58: 39.76 | T58: 8.2 | U58: 3.79 | V58: 15.61 | W58: 51.92 | X58: 97.89 | Y58: 42.56 | Z58: 4.44 | AA58: 10.5 | AC58: 66.81 | AD58: 12.39 | AE58: 36 | AG58: 248.75 | AH58: 294.82 | AI58: 296.44 | AJ58: 332.73 | AK58: 157.3 | AL58: 55.47 | AM58: 51.2 | AN58: 157.8 | AO58: 108.11 | AP58: 146.54 | AR58: 264.5 | AS58: 343 | AT58: 604 | AU58: 697 | AW58: 180 | BV58: 6 | BW58: 8
B59: 广西壮族自治区 | C59: 57.4 | D59: 63.76 | E59: 56.51 | F59: 16.54 | G59: 54.19 | H59: 53.31 | I59: 89.6 | J59: 241.23 | K59: 4.7 | L59: 3.94 | N59: 151.13 | O59: 145.22 | P59: 175 | Q59: 566 | R59: 54.6 | S59: 37.17 | T59: 35.67 | U59: 15.79 | V59: 53.29 | W59: 53.31 | X59: 89.6 | Y59: 166.73 | Z59: 4.7 | AA59: 3.94 | AC59: 41.63 | AD59: 101.72 | AE59: 145 | AF59: 260 | AG59: 2.8 | AH59: 26.59 | AI59: 20.84 | AJ59: 0.75 | AK59: 0.9 | AL59: 0 | AM59: 0 | AN59: 74.5 | AO59: 0 | AP59: 0 | AR59: 109.5 | AS59: 43.5 | AT59: 30 | AU59: 300
B60: 海南省 | C60: 6 | D60: 12 | E60: 37.55 | J60: 25 | N60: 8 | P60: 33 | Q60: 35 | R60: 6 | S60: 12 | T60: 6 | AF60: 2 | AI60: 31.55 | AN60: 25 | AT60: 33 | AU60: 33
B61: 重庆市 | G61: 67.5 | H61: 72 | I61: 9.12 | N61: 54.53 | O61: 59.4 | P61: 191 | Q61: 90 | V61: 60 | X61: 8.67 | AC61: 20.33 | AD61: 10 | AE61: 2 | AK61: 7.5 | AL61: 72 | AM61: 0.45 | AR61: 34.2 | AS61: 47 | AT61: 189 | AU61: 90
B62: 四川省 | C62: 72.17 | D62: 84.46 | E62: 55.68 | F62: 81.49 | H62: 146.05 | I62: 266.11 | J62: 54 | K62: 39.7 | L62: 16.4 | N62: 207.23 | O62: 256.55 | P62: 505 | Q62: 443 | R62: 46.97 | S62: 39.36 | T62: 44.78 | U62: 65.49 | W62: 146.05 | X62: 233.56 | Y62: 24 | Z62: 32.2 | AA62: 16.4 | AC62: 131.5335 | AD62: 197.15 | AE62: 262 | AF62: 139 | AG62: 25.2 | AH62: 45.1 | AI62: 10.9 | AJ62: 16 | AM62: 32.55 | AN62: 30 | AO62: 7.5 | AR62: 75.7 | AS62: 59.4 | AT62: 243 | AU62: 304
B63: 贵州省 | C63: 22.4 | D63: 59 | E63: 19.5 | F63: 20 | H63: 42.5 | I63: 55 | J63: 12.5 | N63: 215.48 | O63: 269.29 | P63: 594 | Q63: 221 | S63: 39 | T63: 19.5 | AC63: 75.48 | AD63: 71.59 | AE63: 124 | AF63: 41 | AG63: 22.4 | AH63: 20 | AJ63: 20 | AL63: 42.5 | AM63: 55 | AN63: 12.5 | AR63: 140 | AS63: 196.5 | AT63: 470 | AU63: 180
B64: 云南省 | C64: 57 | D64: 50 | E64: 35.5 | F64: 0.7 | H64: 60 | I64: 6 | K64: 82.5 | L64: 67.5 | N64: 168.61 | O64: 107.03 | P64: 433 | Q64: 335 | R64: 57 | S64: 50 | T64: 35.5 | U64: 0.54 | X64: 6 | Z64: 22.5 | AA64: 67.5 | AC64: 46.11 | AD64: 77.03 | AE64: 73 | AF64: 125 | AJ64: 0.16 | AL64: 60 | AO64: 60 | AR64: 121.5 | AS64: 30 | AT64: 360 | AU64: 210
B65: 西藏自治区 | E65: 0.54 | F65: 33 | G65: 9 | I65: 2 | N65: 23 | O65: 0.7 | P65: 6 | Q65: 6 | T65: 0.54 | V65: 9 | X65: 2 | AC65: 23 | AD65: 0.7 | AE65: 6 | AF65: 6 | AJ65: 33
B66: 陕西省 | E66: 60 | F66: 44.95 | H66: 63 | I66: 40 | J66: 49 | K66: 30 | L66: 33 | N66: 103.65 | O66: 245.2 | P66: 92 | Q66: 273 | U66: 9.95 | Y66: 9 | AC66: 12.45 | AD66: 49.2 | AE66: 18 | AI66: 60 | AJ66: 35 | AL66: 63 | AM66: 40 | AN66: 40 | AO66: 30 | AP66: 33 | AR66: 91.2 | AS66: 196 | AT66: 74 | AU66: 273
B67: 甘肃省 | F67: 12.5 | G67: 45 | H67: 13.22 | I67: 14.2 | J67: 42.82 | K67: 30 | L67: 1.2 | N67: 87.02 | O67: 99.76 | P67: 106 | Q67: 157 | V67: 15 | W67: 12.5 | Y67: 7.6 | AC67: 57.015 | AD67: 22.26 | AE67: 14 | AF67: 20 | AJ67: 12.5 | AK67: 30 | AL67: 0.72 | AM67: 14.2 | AN67: 35.22 | AO67: 30 | AP67: 1.2 | AR67: 30 | AS67: 77.5 | AT67: 81 | AU67: 123 | BV67: 11 | BW67: 15
B68: 青海省 | E68: 12.5 | F68: 19 | G68: 80 | H68: 40 | I68: 52.5 | J68: 12.5 | N68: 75.15 | O68: 78.6 | P68: 113 | Q68: 63 | V68: 80 | W68: 40 | X68: 40 | AC68: 74.25 | AD68: 78.6 | AE68: 53 | AF68: 26 | AI68: 12.5 | AJ68: 19 | AM68: 12.5 | AN68: 12.5 | AR68: 0.9 | AT68: 60 | AU68: 38
B69: 宁夏回族自治区 | G69: 60 | L69: 33 | N69: 35 | O69: 96.04 | P69: 189 | Q69: 135 | AD69: 2.9 | AK69: 60 | AP69: 33 | AR69: 33 | AS69: 81 | AT69: 189 | AU69: 120 | BW69: 15
B70: 新疆维吾尔自治区 | C70: 11 | D70: 33.11 | G70: 3.76 | H70: 11.2 | I70: 3.7 | J70: 21.2 | K70: 29.1 | L70: 23.5 | N70: 38.77 | O70: 49.26 | P70: 132 | Q70: 49 | R70: 5.3 | S70: 3.28 | V70: 1.26 | AC70: 1.43 | AD70: 23.8 | AE70: 41 | AF70: 10 | AG70: 5.7 | AH70: 29.83 | AK70: 2.5 | AL70: 11.2 | AM70: 3.7 | AN70: 21.2 | AO70: 29.1 | AP70: 23.5 | AR70: 32.6 | AS70: 18 | AT70: 89 | AU70: 30 | BV70: 2 | BW70: 9
A72: Gen Type | B72: Region | C72: Annual Addition (MW) | S72: Cumulative Capacity (MW)
C73: 1993 | D73: 1994 | E73: 1995 | F73: 1996 | G73: 1997 | H73: 1998 | I73: 1999 | J73: 2000 | K73: 2001 | L73: 2002 | M73: 2003 | N73: 2004 | O73: 2005 | P73: 2006 | Q73: 2007 | S73: 1992 | T73: 1993 | U73: 1994 | V73: 1995 | W73: 1996 | X73: 1997 | Y73: 1998 | Z73: 1999 | AA73: 2000 | AB73: 2001 | AC73: 2002 | AD73: 2003 | AE73: 2004 | AF73: 2005 | AG73: 2006 | AH73: 2007
A74: Total Hydro | B74: 全国 | C74: =R39*10 -> 3684.2 | D74: =MAX(S4-R4,R39,0)*10 -> 4468.3 | E74: =MAX(T4-S4,S39,0)*10 -> 3971.5 | F74: =MAX(U4-T4,T39,0)*10 -> 3394.3 | G74: =MAX(V4-U4,U39,0)*10 -> 4152.3 | H74: =MAX(W4-V4,V39,0)*10 -> 5334.8 | I74: =MAX(X4-W4,W39,0)*10 -> 7905.8 | J74: =MAX(Y4-X4,X39,0)*10 -> 6381.4 | K74: =MAX(Z4-Y4,Y39,0)*10 -> 4524.1 | ... O74: =MAX(AD4-AC4,AC39,0)*10 -> 12146.4 | P74: =MAX(AE4-AD4+'06-23Closure'!B3,AE39,0)*10 -> 13642 | Q74: =MAX(AF4-AE4+'06-23Closure'!C3,AF39,0)*10 -> 20859.665 | S74: =(R4-R39)*10 -> 40908.3 | T74: =R4*10 -> 44592.5 | U74: =S4*10 -> 49060.8 | V74: =T4*10 -> 52183.6 | W74: =U4*10 -> 55577.9 | X74: =V4*10 -> 59730.2 | Y74: =W4*10 -> 65065 | Z74: =X4*10 -> 72970.8 | AA74: =Y4*10 -> 79352.2 | ... AH74: =AF4*10 -> 148230
A75: Total Hydro | B75: 北京市 | C75: =R40*10 -> 0 | D75: =MAX(S5-R5,R40,0)*10 -> 0 | E75: =MAX(T5-S5,S40,0)*10 -> 0 | F75: =MAX(U5-T5,T40,0)*10 -> 396 | G75: =MAX(V5-U5,U40,0)*10 -> 402.7 | H75: =MAX(W5-V5,V40,0)*10 -> 200 | I75: =MAX(X5-W5,W40,0)*10 -> 0 | J75: =MAX(Y5-X5,X40,0)*10 -> 0 | K75: =MAX(Z5-Y5,Y40,0)*10 -> 0 | ... O75: =MAX(AD5-AC5,AC40,0)*10 -> 0 | P75: =MAX(AE5-AD5+'06-23Closure'!B4,AE40,0)*10 -> 1 | Q75: =MAX(AF5-AE5+'06-23Closure'!C4,AF40,0)*10 -> 0 | S75: =(R5-R40)*10 -> 270.9 | T75: =R5*10 -> 270.9 | U75: =S5*10 -> 270.9 | V75: =T5*10 -> 270.9 | W75: =U5*10 -> 666.9 | X75: =V5*10 -> 1069.6 | Y75: =W5*10 -> 1069.6 | Z75: =X5*10 -> 1058.1 | AA75: =Y5*10 -> 1058.1 | ... AH75: =AF5*10 -> 1050
A76: Total Hydro | B76: 天津市 | C76: =R41*10 -> 0 | D76: =MAX(S6-R6,R41,0)*10 -> 0 | E76: =MAX(T6-S6,S41,0)*10 -> 4.5 | F76: =MAX(U6-T6,T41,0)*10 -> 0.8 | G76: =MAX(V6-U6,U41,0)*10 -> 0 | H76: =MAX(W6-V6,V41,0)*10 -> 0 | I76: =MAX(X6-W6,W41,0)*10 -> 0 | J76: =MAX(Y6-X6,X41,0)*10 -> 0 | K76: =MAX(Z6-Y6,Y41,0)*10 -> 0 | ... O76: =MAX(AD6-AC6,AC41,0)*10 -> 0 | P76: =MAX(AE6-AD6+'06-23Closure'!B5,AE41,0)*10 -> 0 | Q76: =MAX(AF6-AE6+'06-23Closure'!C5,AF41,0)*10 -> 5 | S76: =(R6-R41)*10 -> 5 | T76: =R6*10 -> 5 | U76: =S6*10 -> 0.5 | V76: =T6*10 -> 5 | W76: =U6*10 -> 5.8 | X76: =V6*10 -> 5.8 | Y76: =W6*10 -> 5.8 | Z76: =X6*10 -> 5 | AA76: =Y6*10 -> 5 | ... AH76: =AF6*10 -> 10
A77: Total Hydro | B77: 河北省 | C77: =R42*10 -> 0 | D77: =MAX(S7-R7,R42,0)*10 -> 14.5 | E77: =MAX(T7-S7,S42,0)*10 -> 0 | F77: =MAX(U7-T7,T42,0)*10 -> 10.3 | G77: =MAX(V7-U7,U42,0)*10 -> 11.1 | H77: =MAX(W7-V7,V42,0)*10 -> 11.7 | I77: =MAX(X7-W7,W42,0)*10 -> 24.9 | J77: =MAX(Y7-X7,X42,0)*10 -> 7.3 | K77: =MAX(Z7-Y7,Y42,0)*10 -> 15.4 | ... O77: =MAX(AD7-AC7,AC42,0)*10 -> 8.8 | P77: =MAX(AE7-AD7+'06-23Closure'!B6,AE42,0)*10 -> 190 | Q77: =MAX(AF7-AE7+'06-23Closure'!C6,AF42,0)*10 -> 0 | S77: =(R7-R42)*10 -> 673.7 | T77: =R7*10 -> 673.7 | U77: =S7*10 -> 688.2 | V77: =T7*10 -> 661.9 | W77: =U7*10 -> 672.2 | X77: =V7*10 -> 683.3 | Y77: =W7*10 -> 695 | Z77: =X7*10 -> 719.9 | AA77: =Y7*10 -> 727.2 | ... AH77: =AF7*10 -> 780
A78: Total Hydro | B78: 山西省 | C78: =R43*10 -> 0 | D78: =MAX(S8-R8,R43,0)*10 -> 0 | E78: =MAX(T8-S8,S43,0)*10 -> 0 | F78: =MAX(U8-T8,T43,0)*10 -> 0.7 | G78: =MAX(V8-U8,U43,0)*10 -> 0 | H78: =MAX(W8-V8,V43,0)*10 -> 178.9 | I78: =MAX(X8-W8,W43,0)*10 -> 179.9 | J78: =MAX(Y8-X8,X43,0)*10 -> 359.9 | K78: =MAX(Z8-Y8,Y43,0)*10 -> 0 | ... O78: =MAX(AD8-AC8,AC43,0)*10 -> 0 | P78: =MAX(AE8-AD8+'06-23Closure'!B7,AE43,0)*10 -> 11 | Q78: =MAX(AF8-AE8+'06-23Closure'!C7,AF43,0)*10 -> 0 | S78: =(R8-R43)*10 -> 274 | T78: =R8*10 -> 274 | U78: =S8*10 -> 258.4 | V78: =T8*10 -> 258.4 | W78: =U8*10 -> 259.1 | X78: =V8*10 -> 259 | Y78: =W8*10 -> 437.9 | Z78: =X8*10 -> 617.8 | AA78: =Y8*10 -> 977.7 | ... AH78: =AF8*10 -> 790
A79: Total Hydro | B79: 内蒙古自治区 | C79: =R44*10 -> 0 | D79: =MAX(S9-R9,R44,0)*10 -> 0 | E79: =MAX(T9-S9,S44,0)*10 -> 0 | F79: =MAX(U9-T9,T44,0)*10 -> 5.4 | G79: =MAX(V9-U9,U44,0)*10 -> 0 | H79: =MAX(W9-V9,V44,0)*10 -> 3.5 | I79: =MAX(X9-W9,W44,0)*10 -> 180 | J79: =MAX(Y9-X9,X44,0)*10 -> 180.4 | K79: =MAX(Z9-Y9,Y44,0)*10 -> 155.6 | ... O79: =MAX(AD9-AC9,AC44,0)*10 -> 0.1 | P79: =MAX(AE9-AD9+'06-23Closure'!B8,AE44,0)*10 -> 250 | Q79: =MAX(AF9-AE9+'06-23Closure'!C8,AF44,0)*10 -> 12 | S79: =(R9-R44)*10 -> 43.7 | T79: =R9*10 -> 43.7 | U79: =S9*10 -> 43.6 | V79: =T9*10 -> 43.6 | W79: =U9*10 -> 49 | X79: =V9*10 -> 46.7 | Y79: =W9*10 -> 50.2 | Z79: =X9*10 -> 230.2 | AA79: =Y9*10 -> 410.6 | ... AH79: =AF9*10 -> 830
A80: Total Hydro | B80: 辽宁省 | C80: =R45*10 -> 0 | D80: =MAX(S10-R10,R45,0)*10 -> 8.8 | E80: =MAX(T10-S10,S45,0)*10 -> 40 | F80: =MAX(U10-T10,T45,0)*10 -> 0 | G80: =MAX(V10-U10,U45,0)*10 -> 0 | H80: =MAX(W10-V10,V45,0)*10 -> 2.2 | I80: =MAX(X10-W10,W45,0)*10 -> 16.9 | J80: =MAX(Y10-X10,X45,0)*10 -> 8.5 | K80: =MAX(Z10-Y10,Y45,0)*10 -> 13.3 | ... O80: =MAX(AD10-AC10,AC45,0)*10 -> 0 | P80: =MAX(AE10-AD10+'06-23Closure'!B9,AE45,0)*10 -> 0 | Q80: =MAX(AF10-AE10+'06-23Closure'!C9,AF45,0)*10 -> 9 | S80: =(R10-R45)*10 -> 1183.7 | T80: =R10*10 -> 1183.7 | U80: =S10*10 -> 1192.5 | V80: =T10*10 -> 1232.5 | W80: =U10*10 -> 1220.9 | X80: =V10*10 -> 1220.9 | Y80: =W10*10 -> 1223.1 | Z80: =X10*10 -> 1240 | AA80: =Y10*10 -> 1248.5 | ... AH80: =AF10*10 -> 1410
A81: Total Hydro | B81: 吉林省 | C81: =R46*10 -> 0 | D81: =MAX(S11-R11,R46,0)*10 -> 13.3 | E81: =MAX(T11-S11,S46,0)*10 -> 5.9 | F81: =MAX(U11-T11,T46,0)*10 -> 10.3 | G81: =MAX(V11-U11,U46,0)*10 -> 231 | H81: =MAX(W11-V11,V46,0)*10 -> 228.6 | I81: =MAX(X11-W11,W46,0)*10 -> 220 | J81: =MAX(Y11-X11,X46,0)*10 -> 28.5 | K81: =MAX(Z11-Y11,Y46,0)*10 -> 38.9 | ... O81: =MAX(AD11-AC11,AC46,0)*10 -> 119.8 | P81: =MAX(AE11-AD11+'06-23Closure'!B10,AE46,0)*10 -> 151 | Q81: =MAX(AF11-AE11+'06-23Closure'!C10,AF46,0)*10 -> 18 | S81: =(R11-R46)*10 -> 2985.6 | T81: =R11*10 -> 2985.6 | U81: =S11*10 -> 2998.9 | V81: =T11*10 -> 3004.8 | W81: =U11*10 -> 3015.1 | X81: =V11*10 -> 3246.1 | Y81: =W11*10 -> 3474.7 | Z81: =X11*10 -> 3508.2 | AA81: =Y11*10 -> 3536.7 | ... AH81: =AF11*10 -> 3890
A82: Total Hydro | B82: 黑龙江省 | C82: =R47*10 -> 0 | D82: =MAX(S12-R12,R47,0)*10 -> 0 | E82: =MAX(T12-S12,S47,0)*10 -> 0 | F82: =MAX(U12-T12,T47,0)*10 -> 129 | G82: =MAX(V12-U12,U47,0)*10 -> 298.6 | H82: =MAX(W12-V12,V47,0)*10 -> 275 | I82: =MAX(X12-W12,W47,0)*10 -> 137.5 | J82: =MAX(Y12-X12,X47,0)*10 -> 40.3 | K82: =MAX(Z12-Y12,Y47,0)*10 -> 0 | ... O82: =MAX(AD12-AC12,AC47,0)*10 -> 34 | P82: =MAX(AE12-AD12+'06-23Closure'!B11,AE47,0)*10 -> 6 | Q82: =MAX(AF12-AE12+'06-23Closure'!C11,AF47,0)*10 -> 66.5 | S82: =(R12-R47)*10 -> 210.3 | T82: =R12*10 -> 210.3 | U82: =S12*10 -> 210.3 | V82: =T12*10 -> 210.3 | W82: =U12*10 -> 339.3 | X82: =V12*10 -> 637.9 | Y82: =W12*10 -> 784.5 | Z82: =X12*10 -> 774.5 | AA82: =Y12*10 -> 814.8 | ... AH82: =AF12*10 -> 870
A83: Total Hydro | B83: 上海市 | C83: =R48*10 -> 0 | D83: =MAX(S13-R13,R48,0)*10 -> 0 | E83: =MAX(T13-S13,S48,0)*10 -> 0 | F83: =MAX(U13-T13,T48,0)*10 -> 0 | G83: =MAX(V13-U13,U48,0)*10 -> 0 | H83: =MAX(W13-V13,V48,0)*10 -> 0 | I83: =MAX(X13-W13,W48,0)*10 -> 0 | J83: =MAX(Y13-X13,X48,0)*10 -> 0 | K83: =MAX(Z13-Y13,Y48,0)*10 -> 0 | ... O83: =MAX(AD13-AC13,AC48,0)*10 -> 0 | P83: =MAX(AE13-AD13+'06-23Closure'!B12,AE48,0)*10 -> 0 | Q83: =MAX(AF13-AE13+'06-23Closure'!C12,AF48,0)*10 -> 0 | S83: =(R13-R48)*10 -> 0 | T83: =R13*10 -> 0 | U83: =S13*10 -> 0 | V83: =T13*10 -> 0 | W83: =U13*10 -> 0 | X83: =V13*10 -> 0 | Y83: =W13*10 -> 0 | Z83: =X13*10 -> 0 | AA83: =Y13*10 -> 0 | ... AH83: =AF13*10 -> 0
A84: Total Hydro | B84: 江苏省 | C84: =R49*10 -> 0 | D84: =MAX(S14-R14,R49,0)*10 -> 0 | E84: =MAX(T14-S14,S49,0)*10 -> 0 | F84: =MAX(U14-T14,T49,0)*10 -> 0 | G84: =MAX(V14-U14,U49,0)*10 -> 0.7 | H84: =MAX(W14-V14,V49,0)*10 -> 1.1 | I84: =MAX(X14-W14,W49,0)*10 -> 0.9 | J84: =MAX(Y14-X14,X49,0)*10 -> 3 | K84: =MAX(Z14-Y14,Y49,0)*10 -> 0.1 | ... O84: =MAX(AD14-AC14,AC49,0)*10 -> 16.5 | P84: =MAX(AE14-AD14+'06-23Closure'!B13,AE49,0)*10 -> 0 | Q84: =MAX(AF14-AE14+'06-23Closure'!C13,AF49,0)*10 -> 4 | S84: =(R14-R49)*10 -> 29 | T84: =R14*10 -> 29 | U84: =S14*10 -> 28.2 | V84: =T14*10 -> 27.9 | W84: =U14*10 -> 27.9 | X84: =V14*10 -> 28.6 | Y84: =W14*10 -> 29.7 | Z84: =X14*10 -> 30.6 | AA84: =Y14*10 -> 33.6 | ... AH84: =AF14*10 -> 140
A85: Total Hydro | B85: 浙江省 | C85: =R50*10 -> 12.6 | D85: =MAX(S15-R15,R50,0)*10 -> 61.2 | E85: =MAX(T15-S15,S50,0)*10 -> 80.3 | F85: =MAX(U15-T15,T50,0)*10 -> 209.8 | G85: =MAX(V15-U15,U50,0)*10 -> 170.8 | H85: =MAX(W15-V15,V50,0)*10 -> 866.7 | I85: =MAX(X15-W15,W50,0)*10 -> 803.1 | J85: =MAX(Y15-X15,X50,0)*10 -> 840.8 | K85: =MAX(Z15-Y15,Y50,0)*10 -> 748.8 | ... O85: =MAX(AD15-AC15,AC50,0)*10 -> 533.6 | P85: =MAX(AE15-AD15+'06-23Closure'!B14,AE50,0)*10 -> 1476 | Q85: =MAX(AF15-AE15+'06-23Closure'!C14,AF50,0)*10 -> 191 | S85: =(R15-R50)*10 -> 2427.7 | T85: =R15*10 -> 2440.3 | U85: =S15*10 -> 2501.5 | V85: =T15*10 -> 2581.8 | W85: =U15*10 -> 2791.6 | X85: =V15*10 -> 2962.4 | Y85: =W15*10 -> 3829.1 | Z85: =X15*10 -> 4579.5 | AA85: =Y15*10 -> 5420.3 | ... AH85: =AF15*10 -> 8520
... A105: Total Hydro | B105: 新疆维吾尔自治区 | C105: =R70*10 -> 53 | D105: =MAX(S35-R35,R70,0)*10 -> 53 | E105: =MAX(T35-S35,S70,0)*10 -> 32.8 | F105: =MAX(U35-T35,T70,0)*10 -> 16 | G105: =MAX(V35-U35,U70,0)*10 -> 39.6 | H105: =MAX(W35-V35,V70,0)*10 -> 26.3 | I105: =MAX(X35-W35,W70,0)*10 -> 8 | J105: =MAX(Y35-X35,X70,0)*10 -> 71.6 | K105: =MAX(Z35-Y35,Y70,0)*10 -> 0 | ... O105: =MAX(AD35-AC35,AC70,0)*10 -> 387 | P105: =MAX(AE35-AD35+'06-23Closure'!B34,AE70,0)*10 -> 410 | Q105: =MAX(AF35-AE35+'06-23Closure'!C34,AF70,0)*10 -> 374 | S105: =(R35-R70)*10 -> 594.5 | T105: =R35*10 -> 647.5 | U105: =S35*10 -> 675.9 | V105: =T35*10 -> 706.6 | W105: =U35*10 -> 722.6 | X105: =V35*10 -> 762.2 | Y105: =W35*10 -> 788.5 | Z105: =X35*10 -> 796.5 | AA105: =Y35*10 -> 868.1 | ... AH105: =AF35*10 -> 2140
A107: Gen Type | B107: Region | C107: Annual Addition (MW) | S107: Cumulative Capacity (MW)
C108: 1993 | D108: 1994 | E108: 1995 | F108: 1996 | G108: 1997 | H108: 1998 | I108: 1999 | J108: 2000 | K108: 2001 | L108: 2002 | M108: 2003 | N108: 2004 | O108: 2005 | P108: 2006 | Q108: 2007 | S108: 1992 | T108: 1993 | U108: 1994 | V108: 1995 | W108: 1996 | X108: 1997 | Y108: 1998 | Z108: 1999 | AA108: 2000 | AB108: 2001 | AC108: 2002 | AD108: 2003 | AE108: 2004 | AF108: 2005 | AG108: 2006 | AH108: 2007
A109: Hydro | B109: 全国 | C109: =C74-('Pumped Hydro Worksheet'!F3-'Pumped Hydro Worksheet'!E3) -> 3634.2 | D109: =D74-('Pumped Hydro Worksheet'!G3-'Pumped Hydro Worksheet'!F3) -> 3268.3 | E109: =E74-('Pumped Hydro Worksheet'!H3-'Pumped Hydro Worksheet'!G3) -> 3971.5 | F109: =F74-('Pumped Hydro Worksheet'!I3-'Pumped Hydro Worksheet'!H3) -> 3394.3 | G109: =G74-('Pumped Hydro Worksheet'!J3-'Pumped Hydro Worksheet'!I3) -> 3262.3 | H109: =H74-('Pumped Hydro Worksheet'!K3-'Pumped Hydro Worksheet'!J3) -> 3454.8 | I109: =I74-('Pumped Hydro Worksheet'!L3-'Pumped Hydro Worksheet'!K3) -> 7905.8 | J109: =J74-('Pumped Hydro Worksheet'!M3-'Pumped Hydro Worksheet'!L3) -> 5181.4 | ... Q109: =Q74-('Pumped Hydro Worksheet'!T3-'Pumped Hydro Worksheet'!S3) -> 19859.665 | S109: =S74-'Pumped Hydro Worksheet'!E3*0.1 -> 40863 | T109: =T74-'Pumped Hydro Worksheet'!F3*0.1 -> 44542.2 | U109: =U74-'Pumped Hydro Worksheet'!G3*0.1 -> 48890.5 | V109: =V74-'Pumped Hydro Worksheet'!H3*0.1 -> 52013.3 | W109: =W74-'Pumped Hydro Worksheet'!I3*0.1 -> 55407.6 | X109: =X74-'Pumped Hydro Worksheet'!J3*0.1 -> 59470.9 | Y109: =Y74-'Pumped Hydro Worksheet'!K3*0.1 -> 64617.7 | Z109: =Z74-'Pumped Hydro Worksheet'!L3*0.1 -> 72523.5 | ... AH109: =AH74-'Pumped Hydro Worksheet'!T3*0.1 -> 147215.7
A110: Hydro | B110: 北京市 | C110: =C75-('Pumped Hydro Worksheet'!F4-'Pumped Hydro Worksheet'!E4) -> 0 | D110: =D75-('Pumped Hydro Worksheet'!G4-'Pumped Hydro Worksheet'!F4) -> 0 | E110: =E75-('Pumped Hydro Worksheet'!H4-'Pumped Hydro Worksheet'!G4) -> 0 | F110: =F75-('Pumped Hydro Worksheet'!I4-'Pumped Hydro Worksheet'!H4)-396 -> 0 | G110: =G75-('Pumped Hydro Worksheet'!J4-'Pumped Hydro Worksheet'!I4)+397.5 -> 0.2 | H110: =H75-('Pumped Hydro Worksheet'!K4-'Pumped Hydro Worksheet'!J4) -> 200 | I110: =I75-('Pumped Hydro Worksheet'!L4-'Pumped Hydro Worksheet'!K4) -> 0 | J110: =J75-('Pumped Hydro Worksheet'!M4-'Pumped Hydro Worksheet'!L4) -> 0 | K110: =K75-('Pumped Hydro Worksheet'!N4-'Pumped Hydro Worksheet'!M4) -> 0 | L110: =L75-('Pumped Hydro Worksheet'!O4-'Pumped Hydro Worksheet'!N4) -> 0 | M110: =M75-('Pumped Hydro Worksheet'!P4-'Pumped Hydro Worksheet'!O4) -> 19.6 | N110: =N75-('Pumped Hydro Worksheet'!Q4-'Pumped Hydro Worksheet'!P4) -> 0 | O110: =O75-('Pumped Hydro Worksheet'!R4-'Pumped Hydro Worksheet'!Q4) -> 0 | ... Q110: =Q75-('Pumped Hydro Worksheet'!T4-'Pumped Hydro Worksheet'!S4) -> 0 | S110: =S75-'Pumped Hydro Worksheet'!E4*0.1 -> 268.7 | T110: =T75-'Pumped Hydro Worksheet'!F4*0.1 -> 268.7 | U110: =U75-'Pumped Hydro Worksheet'!G4*0.1 -> 268.7 | V110: =V75-'Pumped Hydro Worksheet'!H4*0.1 -> 268.7 | W110: =W75-'Pumped Hydro Worksheet'!I4*0.1 -> 664.7 | X110: =X75-'Pumped Hydro Worksheet'!J4*0.1 -> 987.4 | Y110: =Y75-'Pumped Hydro Worksheet'!K4*0.1 -> 987.4 | Z110: =Z75-'Pumped Hydro Worksheet'!L4*0.1 -> 975.9 | ... AH110: =AH75-'Pumped Hydro Worksheet'!T4*0.1 -> 967.8
A111: Hydro | B111: 天津市 | C111: =C76-('Pumped Hydro Worksheet'!F5-'Pumped Hydro Worksheet'!E5) -> 0 | D111: =D76-('Pumped Hydro Worksheet'!G5-'Pumped Hydro Worksheet'!F5) -> 0 | E111: =E76-('Pumped Hydro Worksheet'!H5-'Pumped Hydro Worksheet'!G5) -> 4.5 | F111: =F76-('Pumped Hydro Worksheet'!I5-'Pumped Hydro Worksheet'!H5) -> 0.8 | G111: =G76-('Pumped Hydro Worksheet'!J5-'Pumped Hydro Worksheet'!I5) -> 0 | H111: =H76-('Pumped Hydro Worksheet'!K5-'Pumped Hydro Worksheet'!J5) -> 0 | I111: =I76-('Pumped Hydro Worksheet'!L5-'Pumped Hydro Worksheet'!K5) -> 0 | J111: =J76-('Pumped Hydro Worksheet'!M5-'Pumped Hydro Worksheet'!L5) -> 0 | ... Q111: =Q76-('Pumped Hydro Worksheet'!T5-'Pumped Hydro Worksheet'!S5) -> 5 | S111: =S76-'Pumped Hydro Worksheet'!E5*0.1 -> 5 | T111: =T76-'Pumped Hydro Worksheet'!F5*0.1 -> 5 | U111: =U76-'Pumped Hydro Worksheet'!G5*0.1 -> 0.5 | V111: =V76-'Pumped Hydro Worksheet'!H5*0.1 -> 5 | W111: =W76-'Pumped Hydro Worksheet'!I5*0.1 -> 5.8 | X111: =X76-'Pumped Hydro Worksheet'!J5*0.1 -> 5.8 | Y111: =Y76-'Pumped Hydro Worksheet'!K5*0.1 -> 5.8 | Z111: =Z76-'Pumped Hydro Worksheet'!L5*0.1 -> 5 | ... AH111: =AH76-'Pumped Hydro Worksheet'!T5*0.1 -> 10
A112: Hydro | B112: 河北省 | C112: =C77-('Pumped Hydro Worksheet'!F6-'Pumped Hydro Worksheet'!E6) -> 0 | D112: =D77-('Pumped Hydro Worksheet'!G6-'Pumped Hydro Worksheet'!F6) -> 14.5 | E112: =E77-('Pumped Hydro Worksheet'!H6-'Pumped Hydro Worksheet'!G6) -> 0 | F112: =F77-('Pumped Hydro Worksheet'!I6-'Pumped Hydro Worksheet'!H6) -> 10.3 | G112: =G77-('Pumped Hydro Worksheet'!J6-'Pumped Hydro Worksheet'!I6) -> 11.1 | H112: =H77-('Pumped Hydro Worksheet'!K6-'Pumped Hydro Worksheet'!J6) -> 11.7 | I112: =I77-('Pumped Hydro Worksheet'!L6-'Pumped Hydro Worksheet'!K6) -> 24.9 | J112: =J77-('Pumped Hydro Worksheet'!M6-'Pumped Hydro Worksheet'!L6) -> 7.3 | ... P112: =P77-('Pumped Hydro Worksheet'!S6-'Pumped Hydro Worksheet'!R6) -> 190 | Q112: 0 | S112: =S77-'Pumped Hydro Worksheet'!E6*0.1 -> 630.6 | T112: =T77-'Pumped Hydro Worksheet'!F6*0.1 -> 630.6 | U112: =U77-'Pumped Hydro Worksheet'!G6*0.1 -> 645.1 | V112: =V77-'Pumped Hydro Worksheet'!H6*0.1 -> 618.8 | W112: =W77-'Pumped Hydro Worksheet'!I6*0.1 -> 629.1 | X112: =X77-'Pumped Hydro Worksheet'!J6*0.1 -> 640.2 | Y112: =Y77-'Pumped Hydro Worksheet'!K6*0.1 -> 651.9 | Z112: =Z77-'Pumped Hydro Worksheet'!L6*0.1 -> 676.8 | ... AH112: =AH77-'Pumped Hydro Worksheet'!T6*0.1 -> 636.9
A113: Hydro | B113: 山西省 | C113: =C78-('Pumped Hydro Worksheet'!F7-'Pumped Hydro Worksheet'!E7) -> 0 | D113: =D78-('Pumped Hydro Worksheet'!G7-'Pumped Hydro Worksheet'!F7) -> 0 | E113: =E78-('Pumped Hydro Worksheet'!H7-'Pumped Hydro Worksheet'!G7) -> 0 | F113: =F78-('Pumped Hydro Worksheet'!I7-'Pumped Hydro Worksheet'!H7) -> 0.7 | G113: =G78-('Pumped Hydro Worksheet'!J7-'Pumped Hydro Worksheet'!I7) -> 0 | H113: =H78-('Pumped Hydro Worksheet'!K7-'Pumped Hydro Worksheet'!J7) -> 178.9 | I113: =I78-('Pumped Hydro Worksheet'!L7-'Pumped Hydro Worksheet'!K7) -> 179.9 | J113: =J78-('Pumped Hydro Worksheet'!M7-'Pumped Hydro Worksheet'!L7) -> 359.9 | ... Q113: =Q78-('Pumped Hydro Worksheet'!T7-'Pumped Hydro Worksheet'!S7) -> 0 | S113: =S78-'Pumped Hydro Worksheet'!E7*0.1 -> 274 | T113: =T78-'Pumped Hydro Worksheet'!F7*0.1 -> 274 | U113: =U78-'Pumped Hydro Worksheet'!G7*0.1 -> 258.4 | V113: =V78-'Pumped Hydro Worksheet'!H7*0.1 -> 258.4 | W113: =W78-'Pumped Hydro Worksheet'!I7*0.1 -> 259.1 | X113: =X78-'Pumped Hydro Worksheet'!J7*0.1 -> 259 | Y113: =Y78-'Pumped Hydro Worksheet'!K7*0.1 -> 437.9 | Z113: =Z78-'Pumped Hydro Worksheet'!L7*0.1 -> 617.8 | ... AH113: =AH78-'Pumped Hydro Worksheet'!T7*0.1 -> 790
A114: Hydro | B114: 内蒙古自治区 | C114: =C79-('Pumped Hydro Worksheet'!F8-'Pumped Hydro Worksheet'!E8) -> 0 | D114: =D79-('Pumped Hydro Worksheet'!G8-'Pumped Hydro Worksheet'!F8) -> 0 | E114: =E79-('Pumped Hydro Worksheet'!H8-'Pumped Hydro Worksheet'!G8) -> 0 | F114: =F79-('Pumped Hydro Worksheet'!I8-'Pumped Hydro Worksheet'!H8) -> 5.4 | G114: =G79-('Pumped Hydro Worksheet'!J8-'Pumped Hydro Worksheet'!I8) -> 0 | H114: =H79-('Pumped Hydro Worksheet'!K8-'Pumped Hydro Worksheet'!J8) -> 3.5 | I114: =I79-('Pumped Hydro Worksheet'!L8-'Pumped Hydro Worksheet'!K8) -> 180 | J114: =J79-('Pumped Hydro Worksheet'!M8-'Pumped Hydro Worksheet'!L8) -> 180.4 | ... Q114: =Q79-('Pumped Hydro Worksheet'!T8-'Pumped Hydro Worksheet'!S8) -> 12 | S114: =S79-'Pumped Hydro Worksheet'!E8*0.1 -> 43.7 | T114: =T79-'Pumped Hydro Worksheet'!F8*0.1 -> 43.7 | U114: =U79-'Pumped Hydro Worksheet'!G8*0.1 -> 43.6 | V114: =V79-'Pumped Hydro Worksheet'!H8*0.1 -> 43.6 | W114: =W79-'Pumped Hydro Worksheet'!I8*0.1 -> 49 | X114: =X79-'Pumped Hydro Worksheet'!J8*0.1 -> 46.7 | Y114: =Y79-'Pumped Hydro Worksheet'!K8*0.1 -> 50.2 | Z114: =Z79-'Pumped Hydro Worksheet'!L8*0.1 -> 230.2 | ... AH114: =AH79-'Pumped Hydro Worksheet'!T8*0.1 -> 830
A115: Hydro | B115: 辽宁省 | C115: =C80-('Pumped Hydro Worksheet'!F9-'Pumped Hydro Worksheet'!E9) -> 0 | D115: =D80-('Pumped Hydro Worksheet'!G9-'Pumped Hydro Worksheet'!F9) -> 8.8 | E115: =E80-('Pumped Hydro Worksheet'!H9-'Pumped Hydro Worksheet'!G9) -> 40 | F115: =F80-('Pumped Hydro Worksheet'!I9-'Pumped Hydro Worksheet'!H9) -> 0 | G115: =G80-('Pumped Hydro Worksheet'!J9-'Pumped Hydro Worksheet'!I9) -> 0 | H115: =H80-('Pumped Hydro Worksheet'!K9-'Pumped Hydro Worksheet'!J9) -> 2.2 | I115: =I80-('Pumped Hydro Worksheet'!L9-'Pumped Hydro Worksheet'!K9) -> 16.9 | J115: =J80-('Pumped Hydro Worksheet'!M9-'Pumped Hydro Worksheet'!L9) -> 8.5 | ... Q115: =Q80-('Pumped Hydro Worksheet'!T9-'Pumped Hydro Worksheet'!S9) -> 9 | S115: =S80-'Pumped Hydro Worksheet'!E9*0.1 -> 1183.7 | T115: =T80-'Pumped Hydro Worksheet'!F9*0.1 -> 1183.7 | U115: =U80-'Pumped Hydro Worksheet'!G9*0.1 -> 1192.5 | V115: =V80-'Pumped Hydro Worksheet'!H9*0.1 -> 1232.5 | W115: =W80-'Pumped Hydro Worksheet'!I9*0.1 -> 1220.9 | X115: =X80-'Pumped Hydro Worksheet'!J9*0.1 -> 1220.9 | Y115: =Y80-'Pumped Hydro Worksheet'!K9*0.1 -> 1223.1 | Z115: =Z80-'Pumped Hydro Worksheet'!L9*0.1 -> 1240 | ... AH115: =AH80-'Pumped Hydro Worksheet'!T9*0.1 -> 1410
A116: Hydro | B116: 吉林省 | C116: =C81-('Pumped Hydro Worksheet'!F10-'Pumped Hydro Worksheet'!E10) -> 0 | D116: =D81-('Pumped Hydro Worksheet'!G10-'Pumped Hydro Worksheet'!F10) -> 13.3 | E116: =E81-('Pumped Hydro Worksheet'!H10-'Pumped Hydro Worksheet'!G10) -> 5.9 | F116: =F81-('Pumped Hydro Worksheet'!I10-'Pumped Hydro Worksheet'!H10) -> 10.3 | G116: =G81-('Pumped Hydro Worksheet'!J10-'Pumped Hydro Worksheet'!I10) -> 231 | H116: =H81-('Pumped Hydro Worksheet'!K10-'Pumped Hydro Worksheet'!J10) -> 228.6 | I116: =I81-('Pumped Hydro Worksheet'!L10-'Pumped Hydro Worksheet'!K10) -> 220 | J116: =J81-('Pumped Hydro Worksheet'!M10-'Pumped Hydro Worksheet'!L10) -> 28.5 | ... N116: =N81-('Pumped Hydro Worksheet'!Q10-'Pumped Hydro Worksheet'!P10) -> 15.4 | O116: =O81-('Pumped Hydro Worksheet'!R10-'Pumped Hydro Worksheet'!Q10)-('Pumped Hydro Worksheet'!S10-'Pumped Hydro Worksheet'!R10)*0.5+31 -> 0.8 | P116: =P81-('Pumped Hydro Worksheet'!S10-'Pumped Hydro Worksheet'!R10)*0.5 -> 1 | Q116: =Q81-('Pumped Hydro Worksheet'!T10-'Pumped Hydro Worksheet'!S10) -> 18 | S116: =S81-'Pumped Hydro Worksheet'!E10*0.1 -> 2985.6 | T116: =T81-'Pumped Hydro Worksheet'!F10*0.1 -> 2985.6 | U116: =U81-'Pumped Hydro Worksheet'!G10*0.1 -> 2998.9 | V116: =V81-'Pumped Hydro Worksheet'!H10*0.1 -> 3004.8 | W116: =W81-'Pumped Hydro Worksheet'!I10*0.1 -> 3015.1 | X116: =X81-'Pumped Hydro Worksheet'!J10*0.1 -> 3246.1 | Y116: =Y81-'Pumped Hydro Worksheet'!K10*0.1 -> 3474.7 | Z116: =Z81-'Pumped Hydro Worksheet'!L10*0.1 -> 3508.2 | ... AH116: =AH81-'Pumped Hydro Worksheet'!T10*0.1 -> 3860
A117: Hydro | B117: 黑龙江省 | C117: =C82-('Pumped Hydro Worksheet'!F11-'Pumped Hydro Worksheet'!E11) -> 0 | D117: =D82-('Pumped Hydro Worksheet'!G11-'Pumped Hydro Worksheet'!F11) -> 0 | E117: =E82-('Pumped Hydro Worksheet'!H11-'Pumped Hydro Worksheet'!G11) -> 0 | F117: =F82-('Pumped Hydro Worksheet'!I11-'Pumped Hydro Worksheet'!H11) -> 129 | G117: =G82-('Pumped Hydro Worksheet'!J11-'Pumped Hydro Worksheet'!I11) -> 298.6 | H117: =H82-('Pumped Hydro Worksheet'!K11-'Pumped Hydro Worksheet'!J11) -> 275 | I117: =I82-('Pumped Hydro Worksheet'!L11-'Pumped Hydro Worksheet'!K11) -> 137.5 | J117: =J82-('Pumped Hydro Worksheet'!M11-'Pumped Hydro Worksheet'!L11) -> 40.3 | ... Q117: =Q82-('Pumped Hydro Worksheet'!T11-'Pumped Hydro Worksheet'!S11) -> 66.5 | S117: =S82-'Pumped Hydro Worksheet'!E11*0.1 -> 210.3 | T117: =T82-'Pumped Hydro Worksheet'!F11*0.1 -> 210.3 | U117: =U82-'Pumped Hydro Worksheet'!G11*0.1 -> 210.3 | V117: =V82-'Pumped Hydro Worksheet'!H11*0.1 -> 210.3 | W117: =W82-'Pumped Hydro Worksheet'!I11*0.1 -> 339.3 | X117: =X82-'Pumped Hydro Worksheet'!J11*0.1 -> 637.9 | Y117: =Y82-'Pumped Hydro Worksheet'!K11*0.1 -> 784.5 | Z117: =Z82-'Pumped Hydro Worksheet'!L11*0.1 -> 774.5 | ... AH117: =AH82-'Pumped Hydro Worksheet'!T11*0.1 -> 870
A118: Hydro | B118: 上海市 | C118: =C83-('Pumped Hydro Worksheet'!F12-'Pumped Hydro Worksheet'!E12) -> 0 | D118: =D83-('Pumped Hydro Worksheet'!G12-'Pumped Hydro Worksheet'!F12) -> 0 | E118: =E83-('Pumped Hydro Worksheet'!H12-'Pumped Hydro Worksheet'!G12) -> 0 | F118: =F83-('Pumped Hydro Worksheet'!I12-'Pumped Hydro Worksheet'!H12) -> 0 | G118: =G83-('Pumped Hydro Worksheet'!J12-'Pumped Hydro Worksheet'!I12) -> 0 | H118: =H83-('Pumped Hydro Worksheet'!K12-'Pumped Hydro Worksheet'!J12) -> 0 | I118: =I83-('Pumped Hydro Worksheet'!L12-'Pumped Hydro Worksheet'!K12) -> 0 | J118: =J83-('Pumped Hydro Worksheet'!M12-'Pumped Hydro Worksheet'!L12) -> 0 | ... Q118: =Q83-('Pumped Hydro Worksheet'!T12-'Pumped Hydro Worksheet'!S12) -> 0 | S118: =S83-'Pumped Hydro Worksheet'!E12*0.1 -> 0 | T118: =T83-'Pumped Hydro Worksheet'!F12*0.1 -> 0 | U118: =U83-'Pumped Hydro Worksheet'!G12*0.1 -> 0 | V118: =V83-'Pumped Hydro Worksheet'!H12*0.1 -> 0 | W118: =W83-'Pumped Hydro Worksheet'!I12*0.1 -> 0 | X118: =X83-'Pumped Hydro Worksheet'!J12*0.1 -> 0 | Y118: =Y83-'Pumped Hydro Worksheet'!K12*0.1 -> 0 | Z118: =Z83-'Pumped Hydro Worksheet'!L12*0.1 -> 0 | ... AH118: =AH83-'Pumped Hydro Worksheet'!T12*0.1 -> 0
A119: Hydro | B119: 江苏省 | C119: =C84-('Pumped Hydro Worksheet'!F13-'Pumped Hydro Worksheet'!E13) -> 0 | D119: =D84-('Pumped Hydro Worksheet'!G13-'Pumped Hydro Worksheet'!F13) -> 0 | E119: =E84-('Pumped Hydro Worksheet'!H13-'Pumped Hydro Worksheet'!G13) -> 0 | F119: =F84-('Pumped Hydro Worksheet'!I13-'Pumped Hydro Worksheet'!H13) -> 0 | G119: =G84-('Pumped Hydro Worksheet'!J13-'Pumped Hydro Worksheet'!I13) -> 0.7 | H119: =H84-('Pumped Hydro Worksheet'!K13-'Pumped Hydro Worksheet'!J13) -> 1.1 | I119: =I84-('Pumped Hydro Worksheet'!L13-'Pumped Hydro Worksheet'!K13) -> 0.9 | J119: =J84-('Pumped Hydro Worksheet'!M13-'Pumped Hydro Worksheet'!L13) -> 3 | ... Q119: =Q84-('Pumped Hydro Worksheet'!T13-'Pumped Hydro Worksheet'!S13) -> 4 | S119: =S84-'Pumped Hydro Worksheet'!E13*0.1 -> 29 | T119: =T84-'Pumped Hydro Worksheet'!F13*0.1 -> 29 | U119: =U84-'Pumped Hydro Worksheet'!G13*0.1 -> 28.2 | V119: =V84-'Pumped Hydro Worksheet'!H13*0.1 -> 27.9 | W119: =W84-'Pumped Hydro Worksheet'!I13*0.1 -> 27.9 | X119: =X84-'Pumped Hydro Worksheet'!J13*0.1 -> 28.6 | Y119: =Y84-'Pumped Hydro Worksheet'!K13*0.1 -> 29.7 | Z119: =Z84-'Pumped Hydro Worksheet'!L13*0.1 -> 30.6 | ... AH119: =AH84-'Pumped Hydro Worksheet'!T13*0.1 -> 130
A120: Hydro | B120: 浙江省 | C120: =C85-('Pumped Hydro Worksheet'!F14-'Pumped Hydro Worksheet'!E14) -> 12.6 | D120: =D85-('Pumped Hydro Worksheet'!G14-'Pumped Hydro Worksheet'!F14) -> 61.2 | E120: =E85-('Pumped Hydro Worksheet'!H14-'Pumped Hydro Worksheet'!G14) -> 80.3 | F120: =F85-('Pumped Hydro Worksheet'!I14-'Pumped Hydro Worksheet'!H14) -> 209.8 | G120: =G85-('Pumped Hydro Worksheet'!J14-'Pumped Hydro Worksheet'!I14) -> 170.8 | H120: =H85-('Pumped Hydro Worksheet'!K14-'Pumped Hydro Worksheet'!J14)*1/3 -> 240.03333 | I120: =I85-('Pumped Hydro Worksheet'!L14-'Pumped Hydro Worksheet'!K14)-('Pumped Hydro Worksheet'!K14-'Pumped Hydro Worksheet'!J14)*1/3 -> 176.43333 | J120: =J85-('Pumped Hydro Worksheet'!M14-'Pumped Hydro Worksheet'!L14)-('Pumped Hydro Worksheet'!K14-'Pumped Hydro Worksheet'!J14)*1/3 -> 214.13333 | K120: =K85-('Pumped Hydro Worksheet'!N14-'Pumped Hydro Worksheet'!M14) -> 748.8 | L120: =L85-('Pumped Hydro Worksheet'!O14-'Pumped Hydro Worksheet'!N14) -> 230.6 | M120: =M85-('Pumped Hydro Worksheet'!P14-'Pumped Hydro Worksheet'!O14) -> 187.7 | N120: =N85-('Pumped Hydro Worksheet'!Q14-'Pumped Hydro Worksheet'!P14) -> 363.9 | O120: =O85-('Pumped Hydro Worksheet'!R14-'Pumped Hydro Worksheet'!Q14)*0.4 -> 53.6 | P120: =P85-('Pumped Hydro Worksheet'!S14-'Pumped Hydro Worksheet'!R14)-('Pumped Hydro Worksheet'!R14-'Pumped Hydro Worksheet'!Q14)*0.6 -> 756 | Q120: =Q85-('Pumped Hydro Worksheet'!T14-'Pumped Hydro Worksheet'!S14) -> 191 | S120: =S85-'Pumped Hydro Worksheet'!E14*0.1 -> 2427.7 | T120: =T85-'Pumped Hydro Worksheet'!F14*0.1 -> 2440.3 | U120: =U85-'Pumped Hydro Worksheet'!G14*0.1 -> 2501.5 | V120: =V85-'Pumped Hydro Worksheet'!H14*0.1 -> 2581.8 | W120: =W85-'Pumped Hydro Worksheet'!I14*0.1 -> 2791.6 | X120: =X85-'Pumped Hydro Worksheet'!J14*0.1 -> 2962.4 | Y120: =Y85-'Pumped Hydro Worksheet'!K14*0.1 -> 3641.1 | Z120: =Z85-'Pumped Hydro Worksheet'!L14*0.1 -> 4391.5 | ... AH120: =AH85-'Pumped Hydro Worksheet'!T14*0.1 -> 8212
A121: Hydro | B121: 安徽省 | C121: =C86-('Pumped Hydro Worksheet'!F15-'Pumped Hydro Worksheet'!E15) -> 0 | D121: =D86-('Pumped Hydro Worksheet'!G15-'Pumped Hydro Worksheet'!F15) -> 52.7 | E121: =E86-('Pumped Hydro Worksheet'!H15-'Pumped Hydro Worksheet'!G15) -> 5 | F121: =F86-('Pumped Hydro Worksheet'!I15-'Pumped Hydro Worksheet'!H15) -> 5.6 | G121: =G86-('Pumped Hydro Worksheet'!J15-'Pumped Hydro Worksheet'!I15) -> 6.1 | H121: =H86-('Pumped Hydro Worksheet'!K15-'Pumped Hydro Worksheet'!J15) -> 11.5 | I121: =I86-('Pumped Hydro Worksheet'!L15-'Pumped Hydro Worksheet'!K15) -> 0 | J121: =J86-('Pumped Hydro Worksheet'!M15-'Pumped Hydro Worksheet'!L15) -> 91.3 | ... O121: =O86-('Pumped Hydro Worksheet'!R15-'Pumped Hydro Worksheet'!Q15) -> 47.2 | P121: =P86-('Pumped Hydro Worksheet'!S15-'Pumped Hydro Worksheet'!R15)*0.4 -> 21 | Q121: =Q86-('Pumped Hydro Worksheet'!T15-'Pumped Hydro Worksheet'!S15)-('Pumped Hydro Worksheet'!S15-'Pumped Hydro Worksheet'!R15)*0.6 -> 154 | S121: =S86-'Pumped Hydro Worksheet'!E15*0.1 -> 498.1 | T121: =T86-'Pumped Hydro Worksheet'!F15*0.1 -> 498.1 | U121: =U86-'Pumped Hydro Worksheet'!G15*0.1 -> 550.8 | V121: =V86-'Pumped Hydro Worksheet'!H15*0.1 -> 555.8 | W121: =W86-'Pumped Hydro Worksheet'!I15*0.1 -> 561.4 | X121: =X86-'Pumped Hydro Worksheet'!J15*0.1 -> 567.5 | Y121: =Y86-'Pumped Hydro Worksheet'!K15*0.1 -> 579 | Z121: =Z86-'Pumped Hydro Worksheet'!L15*0.1 -> 455 | ... AH121: =AH86-'Pumped Hydro Worksheet'!T15*0.1 -> 1442
A122: Hydro | B122: 福建省 | C122: =C87-('Pumped Hydro Worksheet'!F16-'Pumped Hydro Worksheet'!E16) -> 200 | D122: =D87-('Pumped Hydro Worksheet'!G16-'Pumped Hydro Worksheet'!F16) -> 816.9 | E122: =E87-('Pumped Hydro Worksheet'!H16-'Pumped Hydro Worksheet'!G16) -> 705 | F122: =F87-('Pumped Hydro Worksheet'!I16-'Pumped Hydro Worksheet'!H16) -> 390.7 | G122: =G87-('Pumped Hydro Worksheet'!J16-'Pumped Hydro Worksheet'!I16) -> 450 | H122: =H87-('Pumped Hydro Worksheet'!K16-'Pumped Hydro Worksheet'!J16) -> 200 | I122: =I87-('Pumped Hydro Worksheet'!L16-'Pumped Hydro Worksheet'!K16) -> 311.7 | J122: =J87-('Pumped Hydro Worksheet'!M16-'Pumped Hydro Worksheet'!L16) -> 255 | ... Q122: =Q87-('Pumped Hydro Worksheet'!T16-'Pumped Hydro Worksheet'!S16) -> 927.051 | S122: =S87-'Pumped Hydro Worksheet'!E16*0.1 -> 2345.2 | T122: =T87-'Pumped Hydro Worksheet'!F16*0.1 -> 2545.2 | U122: =U87-'Pumped Hydro Worksheet'!G16*0.1 -> 3362.1 | V122: =V87-'Pumped Hydro Worksheet'!H16*0.1 -> 3985.8 | W122: =W87-'Pumped Hydro Worksheet'!I16*0.1 -> 4376.5 | X122: =X87-'Pumped Hydro Worksheet'!J16*0.1 -> 4558.2 | Y122: =Y87-'Pumped Hydro Worksheet'!K16*0.1 -> 4758.2 | Z122: =Z87-'Pumped Hydro Worksheet'!L16*0.1 -> 5069.9 | ... AH122: =AH87-'Pumped Hydro Worksheet'!T16*0.1 -> 9800
A123: Hydro | B123: 江西省 | C123: =C88-('Pumped Hydro Worksheet'!F17-'Pumped Hydro Worksheet'!E17) -> 6 | D123: =D88-('Pumped Hydro Worksheet'!G17-'Pumped Hydro Worksheet'!F17) -> 6 | E123: =E88-('Pumped Hydro Worksheet'!H17-'Pumped Hydro Worksheet'!G17) -> 74.5 | F123: =F88-('Pumped Hydro Worksheet'!I17-'Pumped Hydro Worksheet'!H17) -> 60.2 | G123: =G88-('Pumped Hydro Worksheet'!J17-'Pumped Hydro Worksheet'!I17) -> 40 | H123: =H88-('Pumped Hydro Worksheet'!K17-'Pumped Hydro Worksheet'!J17) -> 43.5 | I123: =I88-('Pumped Hydro Worksheet'!L17-'Pumped Hydro Worksheet'!K17) -> 25 | J123: =J88-('Pumped Hydro Worksheet'!M17-'Pumped Hydro Worksheet'!L17) -> 111.5 | ... Q123: =Q88-('Pumped Hydro Worksheet'!T17-'Pumped Hydro Worksheet'!S17) -> 354.112 | S123: =S88-'Pumped Hydro Worksheet'!E17*0.1 -> 1482.4 | T123: =T88-'Pumped Hydro Worksheet'!F17*0.1 -> 1488.4 | U123: =U88-'Pumped Hydro Worksheet'!G17*0.1 -> 1494.4 | V123: =V88-'Pumped Hydro Worksheet'!H17*0.1 -> 1568.9 | W123: =W88-'Pumped Hydro Worksheet'!I17*0.1 -> 1629.1 | X123: =X88-'Pumped Hydro Worksheet'!J17*0.1 -> 1666 | Y123: =Y88-'Pumped Hydro Worksheet'!K17*0.1 -> 1709.5 | Z123: =Z88-'Pumped Hydro Worksheet'!L17*0.1 -> 1734.5 | ... AH123: =AH88-'Pumped Hydro Worksheet'!T17*0.1 -> 3570
...

Sheet 08-21addition
A1: Region | B1: Year | C1: Wind | D1: Nuclear | E1: Biomass | F1: Municipal Solid Waste | G1: Waste Heat | H1: Hard Coal | I1: Lignite | J1: Natural Gas | K1: Natural Gas | L1: Biomass | M1: Oil | N1: Energy Storage | O1: Hydro | P1: Pumped Hydro | Q1: Solar
A2: 地区 | B2: 年份 | C2: 风电 | D2: 核电 | E2: 火电-其他火电-秸杆、蔗渣、林木质发电 | F2: 火电-其他火电-垃圾焚烧发电 | G2: 火电-其他火电-余温、余压、余气发电 | H2: 火电-燃煤-常规燃煤 | I2: 火电-燃煤-煤矸石发电 | J2: 火电-燃气-常规燃气 | K2: 火电-燃气-煤层气发电 | L2: 火电-燃气-沼气发电 | M2: 火电-燃油 | N2: 其他-其他 | O2: 水电-常规水电 | P2: 水电-抽水蓄能 | Q2: 太阳能
A3: 安徽省 | B3: 2008 | H3: 744 | O3: 0
A4: 安徽省 | B4: 2009 | E4: 4.9 | G4: 3.7 | H4: 214.5 | O4: 7.8
A5: 安徽省 | B5: 2010 | C5: 19.8 | E5: 3.6 | G5: 8.5 | H5: 66.9 | O5: 0
A6: 安徽省 | B6: 2011 | C6: 9.9 | E6: 12 | G6: 6.3 | H6: 168.5 | O6: 0 | P6: 25
A7: 安徽省 | B7: 2012 | C7: 5 | E7: 3 | F7: 0.1 | G7: 2.4 | H7: 263.2 | O7: 2 | P7: 75 | Q7: 1.46
A8: 安徽省 | B8: 2013 | C8: 22.25 | E8: 12 | G8: 4.32 | H8: 393 | I8: 30 | O8: 0.55 | Q8: 3.14
A9: 安徽省 | B9: 2014 | C9: 52.31 | E9: 11.4 | F9: 6 | G9: 27.8 | H9: 264 | K9: 7.64 | O9: 6.81 | Q9: 33.23
A10: 安徽省 | B10: 2015 | C10: 49.37 | E10: 3 | F10: 1.2 | G10: 10.55 | H10: 718 | Q10: 50.25
A11: 安徽省 | B11: 2016 | C11: 44.55 | G11: 4.7 | H11: 296 | O11: 4.8 | Q11: 152.8
A12: 安徽省 | B12: 2017 | C12: 42.53 | E12: 19 | F12: 9.8 | G12: 17.4 | H12: 101.8 | I12: 0.2 | O12: 15.53 | Q12: 758.29
A13: 安徽省 | B13: 2018 | C13: 23.65 | E13: 36.72 | F13: 10.8 | G13: 2.15 | H13: 302.37 | K13: 1.2 | O13: 1.7 | Q13: 344.9
A14: 安徽省 | B14: 2019 | C14: 30.15 | E14: 10.85 | F14: 9.75 | G14: 19.2 | H14: 100 | O14: 5.58 | P14: 30 | Q14: 137.28
A15: 安徽省 | B15: 2020 | C15: 133.89 | E15: 14 | F15: 10.15 | G15: 28.73 | H15: 6 | I15: 1.8 | O15: 15.89 | P15: 120 | Q15: 115.85
A16: 安徽省 | B16: 2021 | C16: 99.7 | E16: 7.2 | F16: 19.28 | G16: 27.66 | H16: 19.8 | O16: 4.23 | P16: 30 | Q16: 337.2
A17: 北京市 | B17: 2008 | H17: 16 | J17: 129 | O17: 0
A18: 北京市 | B18: 2009 | O18: 0
A19: 北京市 | B19: 2010 | C19: 8.55 | H19: 0 | O19: 0
A20: 北京市 | B20: 2011 | J20: 92.34 | O20: 0
A21: 北京市 | B21: 2012
A22: 北京市 | B22: 2013 | J22: 83.8
A23: 北京市 | B23: 2014 | J23: 378.7
A24: 北京市 | B24: 2015 | J24: 95 | Q24: 4.57
A25: 北京市 | B25: 2016 | C25: 7.2 | G25: 4.75 | J25: 1.33 | Q25: 18.3
A26: 北京市 | B26: 2017 | C26: 0.25 | F26: 6.5 | J26: 99.8 | Q26: 14.78
A27: 北京市 | B27: 2018 | F27: 7 | J27: 34.1 | Q27: 15.05
A28: 北京市 | B28: 2019 | F28: 10.5 | J28: 15.5 | Q28: 11.26
A29: 北京市 | B29: 2020 | C29: 4.97 | F29: 2 | J29: 6.7 | Q29: 10.56
A30: 北京市 | B30: 2021 | C30: 4.95 | L30: 0.62 | Q30: 18.52
A31: 福建省 | B31: 2008 | C31: 15 | H31: 246 | J31: 70 | O31: 41
A32: 福建省 | B32: 2009 | C32: 6.95 | H32: 161 | J32: 105 | O32: 0
A33: 福建省 | B33: 2010 | C33: 13.4 | H33: 227 | J33: 105 | O33: 3
A34: 福建省 | B34: 2011 | C34: 15.4 | H34: 127 | O34: 0
A35: 福建省 | B35: 2012 | C35: 9.78 | H35: 127
A36: 福建省 | B36: 2013 | C36: 12.8 | D36: 108.9 | O36: 14 | P36: 120
A37: 福建省 | B37: 2014 | C37: 10.25 | D37: 217.8 | E37: 1.5 | Q37: 3
A38: 福建省 | B38: 2015 | C38: 19.55 | D38: 217.8 | F38: 1.2 | G38: 10.1 | H38: 200 | O38: 22.15 | Q38: 3
A39: 福建省 | B39: 2016 | C39: 62.15 | D39: 217.8 | F39: 0.6 | G39: 31.9 | O39: 5.86 | Q39: 19.55
A40: 福建省 | B40: 2017 | C40: 69.09 | D40: 108.9 | F40: 8.7 | G40: 8.2 | H40: 205.21 | J40: 3.18 | O40: 41.48 | Q40: 79.27
A41: 福建省 | B41: 2018 | C41: 55.63 | F41: 4.8 | G41: 20.01 | H41: 49 | O41: 22.41 | Q41: 57.73
A42: 福建省 | B42: 2019 | C42: 81.55 | F42: 7.2 | G42: 23.89 | H42: 12 | J42: 0.3 | O42: 7.79 | Q42: 22.31
A43: 福建省 | B43: 2020 | C43: 109.18 | F43: 20.48 | G43: 5.69 | H43: 148 | N43: 3 | O43: 12.69 | Q43: 33.44
A44: 福建省 | B44: 2021 | C44: 254.55 | D44: 116.1 | F44: 12.5 | G44: 17.52 | H44: 112.1 | O44: 2.56 | P44: 60 | Q44: 75.01
A45: 甘肃省 | B45: 2008 | C45: 34 | H45: 120 | O45: 77
A46: 甘肃省 | B46: 2009 | C46: 45 | H46: 258 | O46: 45.27
A47: 甘肃省 | B47: 2010 | C47: 170.05 | H47: 213 | O47: 25.9
A48: 甘肃省 | B48: 2011 | C48: 281.35 | H48: 104 | O48: 26.74
A49: 甘肃省 | B49: 2012 | C49: 75.15 | H49: 12 | O49: 39.99 | Q49: 29
A50: 甘肃省 | B50: 2013 | C50: 67.05 | G50: 13.15 | H50: 2.4 | O50: 21.45 | Q50: 402.59
A51: 甘肃省 | B51: 2014 | C51: 308.7 | E51: 3 | G51: 5.2 | H51: 243 | O51: 48.4 | Q51: 87.42
A52: 甘肃省 | B52: 2015 | C52: 263.65 | G52: 75.35 | O52: 24.3 | Q52: 129.56
A53: 甘肃省 | B53: 2016 | C53: 24.97 | F53: 5.2 | G53: 2.21 | H53: 33 | O53: 9.25 | Q53: 77.52
A54: 甘肃省 | B54: 2017 | C54: 4.95 | F54: 0.6 | G54: 8.1 | H54: 103.7 | O54: 7.15 | Q54: 102.13
A55: 甘肃省 | B55: 2018 | F55: 1.2 | G55: 2 | H55: 1.2 | O55: 60.55 | Q55: 65.41
A56: 甘肃省 | B56: 2019 | C56: 12 | O56: 15.25 | Q56: 80.62
A57: 甘肃省 | B57: 2020 | C57: 76 | E57: 3 | F57: 1.2 | H57: 200 | O57: 12.5 | Q57: 56.99
A58: 甘肃省 | B58: 2021 | C58: 351.34 | F58: 6 | G58: 0.9 | N58: 6 | O58: 14.96 | Q58: 164.45
A59: 广东省 | B59: 2008 | H59: 300 | O59: 0
A60: 广东省 | B60: 2009 | C60: 16.65 | H60: 701.2 | J60: 15.6 | O60: 0 | P60: 90
A61: 广东省 | B61: 2010 | C61: 15.48 | D61: 108.69 | H61: 337 | O61: 0 | P61: 120
A62: 广东省 | B62: 2011 | C62: 23.49 | D62: 108.69 | E62: 10 | F62: 5.4 | H62: 575.6 | O62: 0 | P62: 30
A63: 广东省 | B63: 2012 | C63: 35.58 | H63: 495.6 | Q63: 2.2
A64: 广东省 | B64: 2013 | C64: 19.8 | H64: 196 | O64: 8.8 | Q64: 2.32
A65: 广东省 | B65: 2014 | C65: 29.96 | D65: 108.6 | J65: 78 | Q65: 2.79
A66: 广东省 | B66: 2015 | C66: 24.9 | D66: 108.6 | H66: 415 | P66: 32 | Q66: 3.95
A67: 广东省 | B67: 2016 | C67: 15.55 | D67: 108.6 | H67: 60 | P67: 96 | Q67: 19.49
A68: 广东省 | B68: 2017 | C68: 28.8 | D68: 108.6 | O68: 5 | P68: 30 | Q68: 23.21
A69: 广东省 | B69: 2018 | C69: 2.02 | D69: 283.6 | H69: 35 | J69: 449.25 | P69: 90 | Q69: 34.18
A70: 广东省 | B70: 2019 | C70: 30.54 | D70: 283.6 | F70: 71.1 | H70: 235 | J70: 172.95 | L70: 1.42 | Q70: 103.6
A71: 广东省 | B71: 2020 | C71: 110.54 | H71: 300 | J71: 441.46 | Q71: 189.12
A72: 广东省 | B72: 2021 | C72: 630.2 | E72: 7 | F72: 77.25 | H72: 200 | J72: 244.98 | L72: 9.65 | P72: 70 | Q72: 223.04
A73: 广西壮族自治区 | B73: 2008 | H73: 60 | O73: 342
A74: 广西壮族自治区 | B74: 2009 | H74: 0.9 | O74: 72.42
A75: 广西壮族自治区 | B75: 2010 | E75: 13.12 | G75: 1.08 | H75: 0 | O75: 21.53
A76: 广西壮族自治区 | B76: 2011 | C76: 4.95 | E76: 3 | H76: 133 | O76: 17.15
A77: 广西壮族自治区 | B77: 2012 | C77: 4.95 | H77: 266 | O77: 4.33
A78: 广西壮族自治区 | B78: 2013 | C78: 5.1 | E78: 3 | L78: 0.1 | O78: 40.83
A79: 广西壮族自治区 | B79: 2014 | J79: 12 | O79: 32
A80: 广西壮族自治区 | B80: 2015 | C80: 29.55 | E80: 6 | G80: 31.2 | O80: 2.52 | Q80: 8.8
A81: 广西壮族自治区 | B81: 2016 | C81: 34.95 | D81: 217.2 | F81: 6 | G81: 120 | H81: 402 | O81: 14.11 | Q81: 4.07
A82: 广西壮族自治区 | B82: 2017 | C82: 81.67 | E82: 8.6 | F82: 0.9 | G82: 20.35 | J82: 21 | Q82: 6.05
A83: 广西壮族自治区 | B83: 2018 | C83: 61.42 | E83: 12 | F83: 2.4 | H83: 105 | O83: 4.92 | Q83: 30.13
A84: 广西壮族自治区 | B84: 2019 | C84: 90.03 | E84: 6.7 | F84: 4.7 | O84: 28.84 | Q84: 9.58
A85: 广西壮族自治区 | B85: 2020 | C85: 353.66 | E85: 16.15 | F85: 6.1 | G85: 10 | H85: 1.5 | J85: 15 | O85: 69.44 | Q85: 72.5
A86: 广西壮族自治区 | B86: 2021 | C86: 99.56 | E86: 7.9 | F86: 19.5 | G86: 3.3 | H86: 105.6 | O86: 8.18 | Q86: 107.15
A87: 贵州省 | B87: 2008 | H87: 180 | O87: 126
A88: 贵州省 | B88: 2009 | H88: 150 | O88: 316.05
A89: 贵州省 | B89: 2010 | H89: 60 | I89: 5 | O89: 232.95
A90: 贵州省 | B90: 2011 | C90: 15.45 | H90: 125 | O90: 1.19
A91: 贵州省 | B91: 2012 | C91: 45 | H91: 126 | O91: 11.2
A92: 贵州省 | B92: 2013 | C92: 105.27 | H92: 252 | I92: 30 | O92: 159
A93: 贵州省 | B93: 2014 | C93: 46.8 | E93: 3 | H93: 156 | K93: 0.49 | O93: 19
A94: 贵州省 | B94: 2015 | C94: 89.23 | H94: 198 | O94: 77.35 | Q94: 3
A95: 贵州省 | B95: 2016 | C95: 32.01 | H95: 318 | K95: 0.21 | O95: 9
A96: 贵州省 | B96: 2017 | C96: 30.58 | O96: 31 | Q96: 18.5
A97: 贵州省 | B97: 2018 | C97: 14.84 | Q97: 11
A98: 贵州省 | B98: 2019 | C98: 78.13 | F98: 24 | H98: 81 | O98: 5.3 | Q98: 45.28
A99: 贵州省 | B99: 2020 | C99: 149.35 | F99: 6 | O99: 13.1 | Q99: 546.74
A100: 贵州省 | B100: 2021 | C100: 28.9 | F100: 7 | J100: 5.63 | O100: 2 | Q100: 147.33
...

Sheet 06-23Closure
B1: 水电 | C1: 水电 | D1: 水电 | E1: 火电 | F1: 火电 | G1: 火电 | H1: 火电 | I1: 火电 | J1: 火电 | K1: 火电 | L1: 火电 | M1: 火电 | N1: 火电 | O1: 火电 | P1: 火电 | Q1: 火电 | R1: 火电 | S1: 火电 | T1: 火电 | U1: 火电 | V1: 火电
B2: 2006 | C2: 2007 | D2: 2008 | E2: 2006 | F2: 2007 | G2: 2008 | H2: 2009 | I2: 2010 | J2: 2011 | K2: 2012 | L2: 2013 | M2: 2014 | N2: 2015 | O2: 2016 | P2: 2017 | Q2: 2018 | R2: 2019 | S2: 2020 | T2: 2021 | U2: 2022 | V2: 2023
A3: 全国 | B3: 73.8 | C3: 292.1665 | D3: 42.047 | E3: 367.8 | F3: 2043.9088 | G3: 1850.5049 | H3: 1812.793 | I3: 1305 | J3: 954.5 | K3: 615.8 | L3: =SUM(L4:L34) -> 803.3 | M3: =SUM(M4:M34) -> 908.7 | N3: =SUM(N4:N34) -> 1090.8 | O3: =SUM(O4:O34) -> 573 | P3: =SUM(P4:P34) -> 931 | Q3: =SUM(Q4:Q34) -> 1198 | R3: =SUM(R4:R34) -> 1026.2 | S3: =SUM(S4:S34) -> 1469.3 | T3: =SUM(T4:T34) -> 499.3 | U3: 704 | V3: 727
A4: 北京市 | B4: 0.1 | F4: 20.6 | G4: 38.04 | H4: 24.67 | I4: 0.3 | J4: 0.9 | L4: 24.2 | M4: 23.8 | N4: 102.2
A5: 天津市 | G5: 2.5 | H5: 15 | I5: 15 | J5: 20 | N5: 88.5 | O5: 89 | P5: 89 | Q5: 86 | R5: 1 | S5: 0.3 | T5: 5 | U5: 26 | V5: 77
A6: 河北省 | B6: 0.2 | C6: 0.42 | E6: 11.7 | F6: 101.475 | G6: 151.3 | H6: 63.57 | I6: 61 | J6: 3.3 | K6: 1.2 | L6: 55.3 | M6: 11.5 | N6: 106.7 | O6: 27 | P6: 51 | Q6: 69 | R6: 58 | S6: 44 | T6: 25 | U6: 51
A7: 山西省 | B7: 0.4 | D7: 0.941 | E7: 8.8 | F7: 129.45 | G7: 56.652 | H7: 103.175 | I7: 57 | J7: 103.3 | K7: 78.4 | L7: 24.6 | M7: 57.4 | N7: 65 | O7: 3 | P7: 43 | Q7: 60 | R7: 216 | S7: 174 | T7: 19 | U7: 70 | V7: 139
A8: 内蒙古自治区 | E8: 10 | F8: 70.45 | G8: 15.25 | H8: 28.35 | I8: 53 | J8: 41.5 | K8: 11.6 | L8: 0.8 | M8: 22.1 | N8: 5.4 | O8: 18 | P8: 14 | Q8: 4 | R8: 4 | S8: 9 | T8: 8 | U8: 21
A9: 辽宁省 | B9: 0.3 | E9: 0.9 | F9: 58.2 | G9: 57.1684 | H9: 66.491 | I9: 91 | J9: 43.9 | K9: 67.2 | L9: 61.2 | M9: 15.6 | N9: 10.6 | P9: 15 | Q9: 24 | T9: 15 | U9: 20
A10: 吉林省 | E10: 0.8 | F10: 69 | H10: 45.2 | I10: 1 | J10: 3.6 | L10: 55 | M10: 13 | N10: 1.8 | O10: 20 | R10: 60 | T10: 26 | U10: 1 | V10: 4
A11: 黑龙江省 | C11: 4.95 | E11: 28.6 | F11: 34.9 | G11: 11.4 | H11: 50.9 | I11: 62 | J11: 49.7 | K11: 5.9 | L11: 2.3 | M11: 4.5 | N11: 0.9 | O11: 11 | P11: 31 | Q11: 29 | R11: 21 | S11: 10 | T11: 25 | U11: 8 | V11: 3
A12: 上海市 | F12: 42.55 | G12: 27.5 | H12: 34 | I12: 75 | J12: 27.5 | K12: 0.4 | L12: 0.9 | M12: 0.2 | N12: 0.2 | O12: 5 | R12: 5 | U12: 10 | V12: 65
A13: 江苏省 | E13: 0.6 | F13: 113.95 | G13: 456.996 | H13: 108.85 | I13: 58 | J13: 84.9 | K13: 130.3 | L13: 134 | M13: 51.2 | N13: 76.3 | O13: 30 | P13: 137 | Q13: 58 | R13: 58 | S13: 25 | U13: 17
A14: 浙江省 | B14: 5.9 | C14: 4 | D14: 4.8704 | E14: 115.7 | F14: 39.956 | G14: 232.0613 | H14: 89.58 | I14: 159 | J14: 65.7 | K14: 28.7 | L14: 43.9 | M14: 110.3 | N14: 103.8 | O14: 32 | P14: 18 | Q14: 60 | R14: 66 | S14: 141 | T14: 76 | U14: 7 | V14: 4
A15: 安徽省 | C15: 0.5 | D15: 1.753 | E15: 2.7 | F15: 230.1 | G15: 49.8 | H15: 7.6 | I15: 30 | J15: 1.2 | K15: 19.8 | L15: 33 | M15: 69 | N15: 7 | O15: 8 | P15: 46 | Q15: 38 | R15: 12 | S15: 67 | T15: 27
A16: 福建省 | B16: 1.3 | C16: 8.4051 | E16: 0.8 | F16: 43.655 | G16: 40.2168 | H16: 2.7 | I16: 16 | J16: 0.8 | K16: 24.9 | L16: 1.9 | M16: 30.6 | N16: 6.4 | O16: 6 | P16: 54 | Q16: 2 | R16: 0.2 | S16: 2 | T16: 15 | U16: 79 | V16: 1
A17: 江西省 | B17: 26.1 | C17: 7.2112 | D17: 7.6575 | E17: 0.5 | F17: 11.95 | G17: 65.5 | H17: 39.1 | I17: 3 | J17: 66.7 | K17: 36.2 | L17: 37 | M17: 21.1 | N17: 12.3 | P17: 2 | R17: 2 | S17: 31 | T17: 7 | U17: 49 | V17: 45
A18: 山东省 | B18: 0.3 | E18: 33.5 | F18: 178.22 | G18: 97 | H18: 151.5 | I18: 115 | J18: 122.9 | K18: 42.4 | L18: 50.4 | M18: 93 | N18: 146.5 | O18: 94 | P18: 89 | Q18: 87 | R18: 127 | S18: 306 | T18: 110 | U18: 97 | V18: 183
A19: 河南省 | E19: 10.2 | F19: 283.982 | G19: 63.344 | H19: 385.35 | I19: 123 | J19: 194.4 | K19: 7.4 | L19: 11.8 | M19: 128.6 | N19: 142.5 | P19: 114 | Q19: 282 | R19: 169 | S19: 243 | T19: 46 | U19: 43 | V19: 4
A20: 湖北省 | C20: 0.16 | D20: 1.5185 | E20: 23.6 | F20: 43.4 | G20: 21.5 | H20: 24.9 | I20: 22 | J20: 5.6 | K20: 0.9 | L20: 92 | M20: 3.4 | N20: 8.3 | O20: 2 | P20: 26 | Q20: 7 | R20: 5 | S20: 224 | T20: 2 | U20: 2 | V20: 8
A21: 湖南省 | B21: 14.8 | C21: 27.4515 | D21: 2.993 | E21: 4.1 | F21: 50.025 | G21: 41.35 | H21: 22.35 | I21: 14 | J21: 8.2 | K21: 5.2 | L21: 17 | M21: 9.2 | N21: 16.9 | O21: 4 | P21: 74 | Q21: 10 | R21: 11 | S21: 2 | T21: 4 | U21: 1 | V21: 4
A22: 广东省 | B22: 9.7 | C22: 6.5291 | D22: 8.6506 | E22: 39.6 | F22: 284.3583 | G22: 234.8384 | H22: 333.757 | I22: 71 | J22: 26.9 | K22: 22.3 | L22: 64.5 | N22: 1.2 | P22: 53 | Q22: 97 | R22: 115 | S22: 40 | T22: 15 | U22: 10
A23: 广西壮族自治区 | B23: 3.7 | C23: 1.4152 | D23: 9.3373 | E23: 3.2 | F23: 55.837 | G23: 2.838 | H23: 0.8 | I23: 67 | J23: 4.5 | K23: 10.7 | L23: 5.7 | M23: 1.8 | N23: 0.7 | O23: 31 | P23: 10 | Q23: 57 | R23: 6 | S23: 5 | T23: 5 | U23: 22 | V23: 12
A24: 海南省 | I24: 14 | L24: 13.8 | S24: 28 | U24: 12
A25: 重庆市 | B25: 2.1 | C25: 4.45 | E25: 17.7 | F25: 15.26 | G25: 1.85 | H25: 2.4 | I25: 6 | J25: 14.4 | L25: 5.8 | M25: 26.5 | N25: 45.5 | O25: 9 | P25: 2 | Q25: 14 | R25: 1 | S25: 58 | T25: 7 | U25: 1 | V25: 4
A26: 四川省 | B26: 8.5 | C26: 225.3699 | D26: 2.5325 | E26: 52.5 | F26: 71.8905 | G26: 36.75 | H26: 57.65 | J26: 48 | K26: 54.2 | L26: 39.2 | M26: 60.4 | N26: 2.4 | O26: 40 | P26: 1 | Q26: 73 | R26: 30 | S26: 2 | T26: 8 | U26: 2
A27: 贵州省 | E27: 2.4 | F27: 23 | G27: 0 | H27: 75 | I27: 40 | K27: 40 | M27: 60 | V27: 54
A28: 云南省 | B28: 0.5 | C28: 1.1695 | D28: 1.8032 | E28: 0.2 | F28: 10.3 | G28: 80.75 | I28: 10 | K28: 17.8 | L28: 4.2 | M28: 0.1 | N28: 5.6 | T28: 0.3 | V28: 120
A29: 西藏自治区 | G29: 0 | I29: 1 | J29: 0.2 | O29: 2 | P29: 1
A30: 陕西省 | C30: 0.135 | F30: 37.6 | G30: 33.3 | H30: 44.9 | I30: 41 | L30: 22 | M30: 0.2 | N30: 15.6 | P30: 58 | Q30: 13 | R30: 1 | S30: 2 | T30: 28 | U30: 6
A31: 甘肃省 | F31: 13.8 | G31: 24.7 | H31: 10 | I31: 30 | R31: 34 | T31: 6
A32: 青海省 | H32: 5 | N32: 25
A33: 宁夏回族自治区 | F33: 10 | H33: 10 | I33: 44 | N33: 11.6 | Q33: 18 | R33: 18 | S33: 27 | U33: 141
A34: 新疆维吾尔自治区 | G34: 7.9 | H34: 10 | I34: 26 | J34: 16.7 | K34: 10.6 | L34: 2.8 | M34: 95.2 | N34: 81.9 | O34: 142 | P34: 3 | Q34: 110 | R34: 6 | S34: 29 | T34: 20 | U34: 8
A36: Source:
A37: 6地方淘汰超30台煤电机组，汇总名单来了！-北极星火力发电网 (bjx.com.cn)
A38: 山东省能源局 通知公告 关于山东省2022年淘汰关停燃煤机组的公示 (shandong.gov.cn)
A39: 山东省公示2023年已淘汰关停燃煤机组名单-北极星电力新闻网 (bjx.com.cn)

Sheet Solar10-12
A1: 2010年主要全国太阳能电站生产情况 | E1: 2011年全国主要太阳能电站生产情况 | I1: 2012年全国主要太阳能电站生产情况
A2: 名称 | B2: 装机容量 (千瓦) | C2: 发电量 (万千瓦时) | E2: 名称 | F2: 装机容量 (千瓦) | G2: 发电量 (万千瓦时) | I2: 名称 | J2: 装机容量 (千瓦) | K2: 发电量 (万千瓦时) | O2: 2010装机容量（千瓦） | P2: 2011装机容量（千瓦） | Q2: 2012装机容量（千瓦）
A3: 合计 | B3: 205018 | C3: 10010 | E3: 全国 | F3: 2123228 | G3: 60492 | I3: 全国 | J3: 3287794 | K3: 348254 | M3: 全国 | N3: 全国 | O3: =SUM(O4:O20) -> 205018 | P3: =SUM(P4:P20) -> 2123228 | Q3: =SUM(Q4:Q20) -> 3287794 | T3: 甘肃 | U3: 475
A4: 上海市 | E4: 山西 | I4: 山西 | M4: 山西 | N4: =VLOOKUP("*"&M4&"*",'Solar Station Addition'!$A$3:$A$34,1,FALSE) -> 山西省 | P4: =SUM(F5:F6) -> 15000 | Q4: =J6+J5 -> 15000 | T4: 青海 | U4: 2140
A5: 中国节能投资公司(虹桥客站) | B5: 6688 | C5: 327 | E5: 右卫光伏发电站 | F5: 10000 | G5: 36 | I5: 平鲁阻虎发电站 | J5: 5000 | K5: 666 | M5: 内蒙古 | N5: =VLOOKUP("*"&M5&"*",'Solar Station Addition'!$A$3:$A$34,1,FALSE) -> 内蒙古自治区 | P5: =SUM(F8:F11) -> 87000 | Q5: =SUM(J8:J13) -> 196000 | T5: 新疆 | U5: 250
A6: 江苏省 | E6: 阻虎发电站 | F6: 5000 | G6: 22 | I6: 右卫光伏发电站 | J6: 10000 | K6: 1465 | M6: 辽宁 | N6: =VLOOKUP("*"&M6&"*",'Solar Station Addition'!$A$3:$A$34,1,FALSE) -> 辽宁省 | Q6: =J15 -> 10000 | T6: 宁夏 | U6: 431
A7: 徐州光伏协鑫发电公司 | B7: 20000 | C7: 2173 | E7: 内蒙古 | I7: 内蒙古 | M7: 上海 | N7: =VLOOKUP("*"&M7&"*",'Solar Station Addition'!$A$3:$A$34,1,FALSE) -> 上海市 | O7: =B5 -> 6688 | P7: =F13 -> 6688 | Q7: =J17 -> 6688 | T7: 内蒙古 | U7: 272
A8: 中节能太阳能射阳发电有限公司 | B8: 20000 | C8: 13 | E8: 国电四子王旗光伏发电有限公司 | F8: 40000 | G8: 27 | I8: 后旗盾安光伏电站 | J8: 10000 | K8: 13 | M8: 江苏 | N8: =VLOOKUP("*"&M8&"*",'Solar Station Addition'!$A$3:$A$34,1,FALSE) -> 江苏省 | O8: =SUM(B7:B10) -> 70000 | P8: =SUM(F15:F32) -> 331010 | Q8: =SUM(J19:J37) -> 361010 | T8: 江苏 | U8: 260
A9: 中电投大丰光伏发电有限公司 | B9: 20000 | E9: 锡盟华电二连光伏发电厂 | F9: 22000 | G9: 66 | I9: 磴口光伏电站 | J9: 20000 | K9: 18 | M9: 安徽 | N9: =VLOOKUP("*"&M9&"*",'Solar Station Addition'!$A$3:$A$34,1,FALSE) -> 安徽省 | Q9: =J39 -> 14600 | T9: 新疆建设兵团 | U9: 0
A10: 华电尚德东台太阳能发电有限公司 | B10: 10000 | C10: 39 | E10: 国电光伏 | F10: 15000 | G10: 665 | I10: 国电四子王旗光伏发电有限公司 | J10: 99000 | K10: 7081 | M10: 山东 | N10: =VLOOKUP("*"&M10&"*",'Solar Station Addition'!$A$3:$A$34,1,FALSE) -> 山东省 | O10: =B12 -> 18000 | P10: =SUM(F34:F36) -> 35000 | Q10: =SUM(J41:J46) -> 61500 | T10: 河北 | U10: 63
A11: 山东省 | E11: 中节节能光伏 | F11: 10000 | G11: 564 | I11: 锡盟华电二连光伏发电厂 | J11: 22000 | K11: 4002 | M11: 湖北 | N11: =VLOOKUP("*"&M11&"*",'Solar Station Addition'!$A$3:$A$34,1,FALSE) -> 湖北省 | Q11: =J48 -> 8966 | T11: 山西 | U11: 5
A12: 华翰十里营光伏电站 | B12: 18000 | C12: 307 | E12: 上海 | I12: 国电光伏电站 | J12: 35000 | K12: 2415 | M12: 广东 | N12: =VLOOKUP("*"&M12&"*",'Solar Station Addition'!$A$3:$A$34,1,FALSE) -> 广东省 | P12: =F38 -> 8100 | Q12: =J50 -> 8100 | T12: 陕西 | U12: 60
A13: 云南省 | E13: 中国节能投资公司(虹桥客站) | F13: 6688 | G13: 656 | I13: 中节节能光伏电站 | J13: 10000 | K13: 1545 | M13: 海南 | N13: =VLOOKUP("*"&M13&"*",'Solar Station Addition'!$A$3:$A$34,1,FALSE) -> 海南省 | P13: =F40 -> 20000 | Q13: =J52 -> 20000 | T13: 云南 | U13: 20
A14: 云南电投新能源开发有限公司石林光伏发电站 | B14: 10000 | C14: 381 | E14: 江苏 | I14: 辽宁 | M14: 云南 | N14: =VLOOKUP("*"&M14&"*",'Solar Station Addition'!$A$3:$A$34,1,FALSE) -> 云南省 | O14: =B14+B15 -> 20000 | P14: =F42+F43 -> 20000 | Q14: =SUM(J54:J56) -> 30000 | T14: 山东 | U14: 79
A15: 云南华能澜沧江水电有限公司石林光伏发电示范项目 | B15: 10000 | C15: 840 | E15: 徐州协鑫光伏电力有限公司 | F15: 20000 | G15: 2180 | I15: 锦州阳光能源10兆瓦地面光伏发电站 | J15: 10000 | K15: 1 | M15: 西藏 | N15: =VLOOKUP("*"&M15&"*",'Solar Station Addition'!$A$3:$A$34,1,FALSE) -> 西藏自治区 | P15: =SUM(F45:F48) -> 40100 | Q15: =SUM(J58:J64) -> 80100 | T15: 西藏 | U15: 100
A16: 宁夏区 | E16: 中节能太阳能射阳发电有限公司 | F16: 20000 | G16: 2273 | I16: 上海 | M16: 陕西 | N16: =VLOOKUP("*"&M16&"*",'Solar Station Addition'!$A$3:$A$34,1,FALSE) -> 陕西省 | P16: =F50 -> 20000 | Q16: =J66 -> 20000 | T16: 海南 | U16: 10
A17: 平罗光伏电站国电阿特斯一期 | B17: 10000 | E17: 中电投大丰光伏发电有限公司 | F17: 20000 | G17: 1953 | I17: 中国节能投资公司虹桥客站光伏电站 | J17: 6688 | K17: 671 | M17: 甘肃 | N17: =VLOOKUP("*"&M17&"*",'Solar Station Addition'!$A$3:$A$34,1,FALSE) -> 甘肃省 | P17: =SUM(F52:F61) -> 111000 | Q17: =SUM(J68:J92) -> 382000 | T17: 辽宁 | U17: 10
A18: 石嘴山光伏电站正泰一期 | B18: 10000 | E18: 华电尚德东台太阳能发电有限公司 | F18: 30000 | G18: 1196 | I18: 江苏 | M18: 青海 | N18: =VLOOKUP("*"&M18&"*",'Solar Station Addition'!$A$3:$A$34,1,FALSE) -> 青海省 | P18: =SUM(F63:F96) -> 938000 | Q18: =SUM(J94:J141) -> 1363000 | T18: 四川 | U18: 0
A19: 宁夏发电集团太阳能试验电站 | B19: 330 | C19: 48 | E19: 中电投洪泽光伏发电有限公司 | F19: 20000 | G19: 12 | I19: 徐州协鑫光伏电力有限公司 | J19: 20000 | K19: 2134 | M19: 宁夏 | N19: =VLOOKUP("*"&M19&"*",'Solar Station Addition'!$A$3:$A$34,1,FALSE) -> 宁夏回族自治区 | O19: =SUM(B17:B26) -> 90330 | P19: =SUM(F98:F127) -> 491330 | Q19: =SUM(J143:J175) -> 530830 | T19: 江西 | U19: 5
A20: 宁夏发电集团太阳山光伏发电厂 | B20: 10000 | C20: 1644 | E20: 大唐新能源沭阳光伏电厂 | F20: 8900 | G20: 1 | I20: 中节能太阳能射阳发电有限公司 | J20: 20000 | K20: 2367 | M20: 新疆 | N20: =VLOOKUP("*"&M20&"*",'Solar Station Addition'!$A$3:$A$34,1,FALSE) -> 新疆维吾尔自治区 | Q20: =SUM(J177:J185) -> 180000 | T20: 上海 | U20: 16
A21: 华电宁夏宁东光伏电站 | B21: 10000 | C21: 1130 | E21: 南站光伏发电有限公司 | F21: 6980 | I21: 中电投大丰光伏发电有限公司 | J21: 20000 | K21: 2142 | T21: 吉林 | U21: 0
A22: 宁夏电力投资集团太阳山光伏电站 | B22: 10000 | E22: 国信泗阳光伏发电厂(2期) | F22: 9800 | G22: 17 | I22: 华电尚德东台太阳能发电有限公司 | J22: 30000 | K22: 3533 | T22: 黑龙江 | U22: 0
A23: 中节能太阳山光伏电站 | B23: 10000 | C23: 1629 | E23: 中电投建湖光伏发电有限公司 | F23: 20000 | G23: 11 | I23: 中电投洪泽光伏发电有限公司 | J23: 20000 | K23: 2453 | T23: 河南 | U23: 0
A24: 中节能石嘴山光伏电站 | B24: 10000 | C24: 1479 | E24: 宿迁光大洋河光伏发电厂(2期) | F24: 6430 | G24: 7 | I24: 大唐新能源沭阳光伏电厂 | J24: 8900 | K24: 897 | T24: 安徽 | U24: 2
A25: 青铜峡光伏电站大唐国际一期 | B25: 10000 | E25: 宿迁协合新能源电厂 | F25: 9300 | G25: 4 | I25: 南站光伏发电有限公司 | J25: 6980
A26: 中卫光伏电站国电一期 | B26: 10000 | E26: 中电投常熟光伏发电有限公司 | F26: 9800 | I26: 国信泗阳光伏发电厂（2期） | J26: 9800 | K26: 1224
E27: 江苏吉阳电力有限公司光伏电站 | F27: 30000 | G27: 4 | I27: 中电投建湖光伏发电有限公司 | J27: 20000 | K27: 2465
E28: 丰县晖泽光伏能源有限公司 | F28: 20000 | G28: 1 | I28: 宿迁光大洋河光伏发电厂（2期） | J28: 6430 | K28: 509
E29: 国华(江苏)风电有限公司光伏电站 | F29: 20000 | G29: 21 | I29: 宿迁协合新能源电厂 | J29: 9300 | K29: 917
E30: 中节能东台太阳能发电有限公司 | F30: 60000 | G30: 4 | I30: 中电投常熟光伏发电有限公司 | J30: 9800 | K30: 1042
E31: 江苏金宇新能源科技有限公司 | F31: 10000 | I31: 江苏吉阳电力有限公司光伏电站 | J31: 30000 | K31: 3090
E32: 光大光伏能源(镇江)有限公司(二期) | F32: 9800 | G32: 11 | I32: 丰县阵泽光伏能源有限公司 | J32: 20000 | K32: 2304
E33: 山东 | I33: 国华（江苏）风电有限公司光伏电站 | J33: 20000 | K33: 2276
E34: 东营泰和光伏太阳能有限公司 | F34: 7000 | G34: 807 | I34: 中节能东台太阳能发电有限公司 | J34: 60000 | K34: 7625
E35: 华翰十里营光伏电站 | F35: 18000 | G35: 2037 | I35: 江苏金宇新能源科技有限公司 | J35: 10000
E36: 中节能太阳能发电(德州) | F36: 10000 | G36: 1265 | I36: 光大光伏能源（镇江）有限公司（二期） | J36: 9800 | K36: 883
E37: 广东 | I37: 汉能却州市太阳能发电有限公司 | J37: 30000 | K37: 22
E38: 广东国华太阳能光伏发电站 | F38: 8100 | G38: 143 | I38: 安徽
E39: 海南 | I39: “金太阳”光伏电站 | J39: 14600 | K39: 179
E40: 临高光伏电厂 | F40: 20000 | G40: 352 | I40: 山东
E41: 云南 | I41: 东营泰和光伏太阳能有限公司 | J41: 7000 | K41: 878
E42: 云南电投新能源开发有限公司石林光伏发电站 | F42: 10000 | G42: 1310 | I42: 中节能太阳能发电（德州） | J42: 10000 | K42: 1624
E43: 云南华能澜沧江水电有限公司石林光伏发电示范项目 | F43: 10000 | G43: 1306 | I43: 华翰十里营光伏电站 | J43: 18000 | K43: 2007
E44: 西藏 | I44: 华餘郭里光伏电站 | J44: 7500 | K44: 618
E45: 羊八井光伏电站 | F45: 10100 | G45: 1786 | I45: 力诺科技园光伏电站 | J45: 10000 | K45: 447
E46: 山南桑日光伏电站 | F46: 10000 | G46: 1349 | I46: S城赛维太阳能生态园公司 | J46: 9000 | K46: 704
E47: 中广核桑日光伏电站 | F47: 10000 | G47: 599 | I47: 湖北
E48: 力诺日喀则光伏电站 | F48: 10000 | G48: 427 | I48: 光博光伏电站 | J48: 8966 | K48: 453
E49: 陕西 | I49: 广东
E50: 九里滩光伏电站 | F50: 20000 | I50: 广东国华太阳能光伏发电站 | J50: 8100 | K50: 300
E51: 甘肃 | I51: 海南
E52: 省电投辰旭金塔光伏电站 | F52: 10000 | G52: 951 | I52: 临高光伏电厂 | J52: 20000 | K52: 2509
E53: 华电嘉峪关光伏电站 | F53: 28000 | G53: 811 | I53: 云南
E54: 国电金塔红柳洼光伏电站 | F54: 10000 | G54: 673 | I54: 云南华电维的太阳能发电有限公司 | J54: 10000 | K54: 90
E55: 强生金塔光伏电站 | F55: 3000 | G55: 16 | I55: 云南华能澜沧江水电有限公司石林光伏发电示范项目 | J55: 10000 | K55: 1461
E56: 华电民勤光伏电站一期 | F56: 10000 | G56: 30 | I56: 云南电投新能源开发有限公司石林光伏发电站 | J56: 10000 | K56: 1384
E57: 国电龙源张掖光伏电站 | F57: 10000 | I57: 西藏
E58: 国投敦煌光伏发电站 | F58: 10000 | G58: 1616 | I58: 羊八井光伏电站 | J58: 10100 | K58: 4100
E59: 中广核敦煌光伏发电站 | F59: 10000 | G59: 1784 | I59: 山南桑日光伏电站 | J59: 10000 | K59: 1147
E60: 省投武威辰旭光伏电站 | F60: 10000 | G60: 212 | I60: 中广核桑日光伏电站 | J60: 10000 | K60: 1182
E61: 中节能武威光伏电站 | F61: 10000 | G61: 132 | I61: 力诺日喀则光伏电站 | J61: 10000 | K61: 466
E62: 青海 | I62: 山南保利协鑫光伏电站 | J62: 10000 | K62: 457
E63: 中节能光伏电厂 | F63: 30000 | G63: 841 | I63: 山南无锡尚德光伏电站 | J63: 10000 | K63: 175
E64: 铜普乌兰光伏电厂 | F64: 20000 | G64: 665 | I64: 龙源光羊八井伏电站二期 | J64: 20000 | K64: 498
E65: 神光光伏电厂 | F65: 3000 | G65: 110 | I65: 陕西
E66: 国投光伏电厂 | F66: 50000 | G66: 2420 | I66: 九里滩光伏电站 | J66: 20000 | K66: 2489
E67: 龙源光伏电厂 | F67: 50000 | G67: 2000 | I67: 甘肃
E68: 中广核光伏电厂 | F68: 100000 | G68: 5679 | I68: 省电投辰旭金塔光伏电站 | J68: 10000 | K68: 1718
E69: 华能格尔木光伏电厂 | F69: 50000 | G69: 972 | I69: 华电嘉峪关光伏电站 | J69: 28000 | K69: 4176
E70: 黄河公司格尔木200MW光伏电站330 | F70: 200000 | G70: 186 | I70: 国电金塔红柳洼光伏电站 | J70: 10000 | K70: 1608
E71: 黄河公司乌兰50WM光伏电站110 | F71: 50000 | G71: 1261 | I71: 强生金塔光伏电站 | J71: 3000 | K71: 337
E72: 海西格尔木北控20MWp | F72: 20000 | I72: 中电投景泰光伏电站 | J72: 10000 | K72: 1612
E73: 海西格尔木浙江正泰20MWp | F73: 20000 | I73: 华电民勤光伏电站一期 | J73: 10000 | K73: 1645
E74: 海西格尔木华电新能源10MWp | F74: 10000 | I74: 国电龙源张掖光伏电站 | J74: 10000 | K74: 1254
E75: 海西格尔木国电电力10MWp | F75: 10000 | I75: 中节能武威南大滩光伏电站 | J75: 20000 | K75: 2283
E76: 海西格尔木大唐国际20MWp | F76: 20000 | I76: 中节能玉门光伏电站 | J76: 9000 | K76: 1479
E77: 海西格尔木三峡新能源10MWp | F77: 10000 | I77: 中广核金塔红柳光伏电站 | J77: 9000 | K77: 549
E78: 海西格尔木大唐山东20MWp | F78: 20000 | I78: 正泰金塔红柳光伏电站 | J78: 40000 | K78: 2436
E79: 海西格尔木青海山一中氚(中海阳)10MWp | F79: 10000 | I79: 国投鸣沙敦煌光伏电站 | J79: 18000 | K79: 989
E80: 海西格尔木青发投5MWp | F80: 5000 | I80: 中广核鸣沙敦煌光伏电站一期 | J80: 9000 | K80: 512
E81: 海西格尔木青海钧石能源lOMWp | F81: 10000 | I81: 中广核鸣沙敦煌光伏电站二期 | J81: 9000 | K81: 508
E82: 海西格尔木青海新能源(赛维)lOMWp | F82: 10000 | I82: 正泰鸣沙敦煌光伏电站 | J82: 50000 | K82: 2830
E83: 海西格尔木阳光能源20MWp | F83: 20000 | I83: 中电投金塔光伏电站 | J83: 9000 | K83: 76
... E92: 海西德令哈大唐lOMWp | F92: 10000 | I92: 中节能武威光伏电站 | J92: 10000 | K92: 1590
E93: 海西德令哈国电集团20MWp | F93: 20000 | I93: 青海
E94: 海西德令哈北京瑞启达lOMWp | F94: 10000 | I94: 中节能光伏电厂 | J94: 30000 | K94: 5248
E95: 海南共和青海蓓翔光伏电站 | F95: 20000 | I95: 铜普乌兰光伏电厂 | J95: 20000 | K95: 1956
E96: 海南共和青海恒基光伏电站 | F96: 20000 | I96: 神光光伏电厂 | J96: 3000 | K96: 247
E97: 宁夏 | I97: 国投光伏电厂 | J97: 50000 | K97: 8724
E98: 宁夏发电集团太阳能试验电站 | F98: 330 | G98: 51 | I98: 龙源光伏电厂 | J98: 70000 | K98: 8159
E99: 宁夏发电集团太阳山光伏发电厂 | F99: 10000 | G99: 1793 | I99: 中广核光伏电厂 | J99: 100000 | K99: 16470
E100: 华电宁夏宁东光伏电站 | F100: 10000 | G100: 1603 | I100: 华能格尔木光伏电厂 | J100: 70000 | K100: 8701
E101: 宁夏电力投资集团太阳山光伏电站 | F101: 10000 | G101: 2420 | I101: 黄河公司格尔木200MW光伏电站330 | J101: 200000 | K101: 26211
E102: 中节能太阳山光伏电站 | F102: 10000 | G102: 2080 | I102: 黄河公司乌兰50WM光伏电站110 | J102: 50000 | K102: 7683
E103: 中节能石嘴山光伏电站 | F103: 10000 | G103: 1414 | I103: 海西格尔木北控光伏电站 | J103: 20000 | K103: 2691
E104: 平罗光伏电站国电阿特斯一期 | F104: 10000 | G104: 2153 | I104: 海西格尔木浙江正泰光伏电站 | J104: 20000 | K104: 3556
E105: 石嘴山光伏电站正泰一期 | F105: 10000 | G105: 1982 | I105: 海西格尔木华电新能源光伏电站 | J105: 10000 | K105: 1509
E106: 红寺堡光伏电站宁夏发电集团一期 | F106: 50000 | I106: 海西格尔木国电电力光伏电站 | J106: 10000 | K106: 1567
E107: 青铜峡光伏电站大唐国际一期 | F107: 10000 | G107: 1523 | I107: 海西格尔木大唐国际光伏电站 | J107: 20000 | K107: 2864
E108: 盐池高沙窝光伏电站意科一期 | F108: 10000 | G108: 856 | I108: 海西格尔木三峡新能源光伏电站 | J108: 10000 | K108: 1745
...

Sheet Solar12-13
A1: 各省（区、市）并网光伏电站统计表 | M1: 各省（区、市）分布式光伏发电统计表
A2: 序号 | B2: 省份 | C2: 2012年底累计 | F2: 2013年新增 | I2: 2013年底累计 | M2: 序号 | N2: 省 （区、市） | O2: 2012年底累计（MWp) | P2: 2013年新增 | R2: 2013年底累计
C3: 并网容量（MWp) | D3: 电站个数 | E3: 市场份额 | F3: 并网容量（MWp) | G3: 电站个数 | H3: 市场份额 | I3: 并网容量（MWp) | J3: 电站个数 | K3: 市场份额 | P3: 并网容量（MWp) | Q3: 市场份额 | R3: 并网容量（MWp) | S3: 市场份额
A4: 1 | B4: 甘肃 | C4: 475 | D4: 46 | E4: 0.113 | F4: 3842 | G4: 93 | H4: 0.317 | I4: 4317 | J4: 139 | K4: 0.265 | M4: 1 | N4: 浙江 | O4: 260 | P4: 165 | Q4: 0.206 | R4: 425 | S4: 0.137
A5: 2 | B5: 青海 | C5: 2140 | D5: 99 | E5: 0.51 | F5: 963 | G5: 20 | H5: 0.08 | I5: 3103 | J5: 119 | K5: 0.19 | M5: 2 | N5: 湖南 | O5: 234 | P5: 66 | Q5: 0.082 | R5: 300 | S5: 0.097
A6: 3 | B6: 新疆 | C6: 250 | D6: 11 | E6: 0.06 | F6: 2320 | G6: 110 | H6: 0.191 | I6: 2570 | J6: 121 | K6: 0.158 | M6: 3 | N6: 广东 | O6: 185 | P6: 115 | Q6: 0.144 | R6: 300 | S6: 0.097
A7: 4 | B7: 宁夏 | C7: 431 | D7: 31 | E7: 0.103 | F7: 1183 | G7: 47 | H7: 0.098 | I7: 1614 | J7: 78 | K7: 0.099 | M7: 4 | N7: 江苏 | O7: 218 | P7: 37 | Q7: 0.046 | R7: 255 | S7: 0.082
A8: 5 | B8: 内蒙古 | C8: 272 | D8: 18 | E8: 0.065 | F8: 1133 | G8: 38 | H8: 0.094 | I8: 1405 | J8: 56 | K8: 0.086 | M8: 5 | N8: 山东 | O8: 163 | P8: 42 | Q8: 0.052 | R8: 205 | S8: 0.066
A9: 6 | B9: 江苏 | C9: 260 | D9: 21 | E9: 0.062 | F9: 789 | G9: 90 | H9: 0.065 | I9: 1049 | J9: 111 | K9: 0.064 | M9: 6 | N9: 上海 | O9: 140 | P9: 49 | Q9: 0.061 | R9: 189 | S9: 0.061
A10: 7 | B10: 新疆建设兵团 | C10: 0 | D10: 0 | E10: 0 | F10: 641 | G10: 24 | H10: 0.053 | I10: 641 | J10: 27 | K10: 0.039 | M10: 7 | N10: 河北 | O10: 112 | P10: 74 | Q10: 0.092 | R10: 186 | S10: 0.06
A11: 8 | B11: 河北 | C11: 63 | D11: 3 | E11: 0.015 | F11: 398 | G11: 11 | H11: 0.033 | I11: 461 | J11: 14 | K11: 0.028 | M11: 8 | N11: 江西 | O11: 118 | P11: 40 | Q11: 0.05 | R11: 158 | S11: 0.051
A12: 9 | B12: 山西 | C12: 5 | D12: 2 | E12: 0.001 | F12: 270 | G12: 8 | H12: 0.022 | I12: 275 | J12: 10 | K12: 0.017 | M12: 9 | N12: 内蒙古 | O12: 107 | P12: 46 | Q12: 0.058 | R12: 153 | S12: 0.049
A13: 10 | B13: 陕西 | C13: 60 | D13: 5 | E13: 0.014 | F13: 210 | G13: 5 | H13: 0.017 | I13: 270 | J13: 10 | K13: 0.017 | M13: 10 | N13: 安徽 | O13: 124 | P13: 26 | Q13: 0.032 | R13: 150 | S13: 0.048
A14: 11 | B14: 云南 | C14: 20 | D14: 3 | E14: 0.005 | F14: 160 | G14: 6 | H14: 0.013 | I14: 180 | J14: 9 | K14: 0.011 | M14: 11 | N14: 湖北 | O14: 65 | P14: 35 | Q14: 0.043 | R14: 100 | S14: 0.032
A15: 12 | B15: 山东 | C15: 79 | D15: 8 | E15: 0.019 | F15: 33 | G15: 5 | H15: 0.003 | I15: 112 | J15: 13 | K15: 0.007 | M15: 12 | N15: 陕西 | O15: 61 | P15: 29 | Q15: 0.036 | R15: 90 | S15: 0.029
... A25: 22 | B25: 安徽 | C25: 2 | D25: 1 | E25: 0.001 | F25: 0 | G25: 0 | H25: 0 | I25: 2 | J25: 1 | K25: 0 | M25: 22 | N25: 黑龙江 | O25: 27 | P25: 0.1 | Q25: 0 | R25: 27 | S25: 0.009
A26: 合计 | C26: 4198 | D26: 273 | E26: 1 | F26: 12119 | G26: 468 | H26: 1 | I26: 16317 | J26: 741 | K26: 1 | M26: 23 | N26: 云南 | O26: 11 | P26: 3 | Q26: 0.003 | R26: 14 | S26: 0.004
M27: 24 | N27: 甘肃 | O27: 11 | P27: 0.3 | Q27: 0 | R27: 11 | S27: 0.004
A28: Source | B28: 2013年光伏发电统计数据---国家能源局 (nea.gov.cn) | M28: 25 | N28: 四川 | O28: 5 | P28: 4 | Q28: 0.005 | R28: 9 | S28: 0.003
M29: 26 | N29: 西藏 | O29: 0 | P29: 1 | Q29: 0.001 | R29: 1 | S29: 0
C30: =C26-SUM(C4:C25) -> 0 | D30: =D26-SUM(D4:D25) -> 3 | E30: =E26-SUM(E4:E25) -> -0.001 | F30: =F26-SUM(F4:F25) -> 0.7 | G30: =G26-SUM(G4:G25) -> 0 | H30: =H26-SUM(H4:H25) -> -0.002 | I30: =I26-SUM(I4:I25) -> 1 | J30: =J26-SUM(J4:J25) -> 0 | K30: =K26-SUM(K4:K25) -> -0.002 | M30: 27 | N30: 青海 | O30: 0 | P30: 0.6 | Q30: 0.001 | R30: 0.6 | S30: 0
M31: 28 | N31: 重庆 | O31: 0 | P31: 0.02 | Q31: 0 | R31: 0.02 | S31: 0
M32: 合计 | O32: 2300 | P32: 801 | Q32: 1 | R32: 3101 | S32: 1
M33: 注：西藏、吉林等部分省份统计不完全。
O34: =O32-SUM(O4:O31) -> 0 | P34: =P32-SUM(P4:P31) -> -1.62 | Q34: =Q32-SUM(Q4:Q31) -> 0.001 | R34: =R32-SUM(R4:R31) -> -0.62 | S34: =S32-SUM(S4:S31) -> 0

Sheet Solar14-16
A1: 2014年光伏发电统计信息 | G1: 2015年光伏发电统计信息 | M1: 2016年光伏发电统计信息
A2: 省（区、市） | B2: 累计装机容量 | D2: 新增装机容量 | G2: 省（区、市） | H2: 累计装机容量 | J2: 新增装机容量 | M2: 省（区、市） | N2: 累计装机容量 | P2: 新增装机容量
C3: 其中：分布式光伏 | E3: 其中：分布式光伏 | I3: 其中：光伏电站 | K3: 其中：光伏电站 | O3: 其中：光伏电站 | Q3: 其中：光伏电站 | T3: 2012 | U3: 2013 | V3: 2013 | W3: 2014 | X3: 2014 | Y3: 2015 | Z3: 2015 | AA3: 2016
A4: 总计 | B4: 2805 | C4: 467 | D4: 1060 | E4: 205 | G4: 总计 | H4: 4318 | I4: 3712 | J4: 1513 | K4: 1374 | M4: 总计 | N4: 7742 | O4: 6710 | P4: 3454 | Q4: 3031 | S4: 全国 | T4: =SUM(T5:T35) -> 419.8 | U4: =SUM(U5:U35) -> 1631.6 | V4: =SUM(V5:V35) -> 1483 | W4: =SUM(W5:W35) -> 2339 | X4: =SUM(X5:X35) -> 2338 | Y4: =SUM(Y5:Y35) -> 3713 | Z4: =SUM(Z5:Z35) -> 3682 | AA4: =SUM(AA5:AA35) -> 6712 | AC4: =V4-U4 -> -148.6 | AD4: =W4-X4 -> 1 | AE4: =Y4-Z4 -> 31
A5: 北京 | B5: 14 | C5: 14 | D5: 5 | E5: 5 | G5: 北京 | H5: 16 | I5: 2 | J5: 2 | K5: 2 | M5: 北京 | N5: 24 | O5: 5 | P5: 8 | Q5: 3 | S5: =VLOOKUP("*"&M5&"*",'Solar Station Addition'!$A$3:$A$34,1,FALSE) -> 北京市 | T5: =IFERROR(VLOOKUP($M5,'Solar12-13'!$B$4:$I$25,2,FALSE),0)/10 -> 0 | U5: =IFERROR(VLOOKUP($M5,'Solar12-13'!$B$4:$I$25,8,FALSE),0)/10 -> 0 | V5: =(B5-D5)-(C5-E5) -> 0 | W5: =B5-C5 -> 0 | X5: =I5-K5 -> 0 | Y5: =I5 -> 2 | Z5: =O5-Q5 -> 2 | AA5: =O5 -> 5 | AC5: =V5-U5 -> 0 | AD5: =W5-X5 -> 0 | AE5: =Y5-Z5 -> 0
A6: 天津 | B6: 10 | C6: 7 | D6: 8 | E6: 5 | G6: 天津 | H6: 12 | I6: 3 | J6: 3 | K6: 0 | M6: 天津 | N6: 60 | O6: 48 | P6: 47 | Q6: 44 | S6: =VLOOKUP("*"&M6&"*",'Solar Station Addition'!$A$3:$A$34,1,FALSE) -> 天津市 | T6: =IFERROR(VLOOKUP($M6,'Solar12-13'!$B$4:$I$25,2,FALSE),0)/10 -> 0 | U6: =IFERROR(VLOOKUP($M6,'Solar12-13'!$B$4:$I$25,8,FALSE),0)/10 -> 0 | V6: =(B6-D6)-(C6-E6) -> 0 | W6: =B6-C6 -> 3 | X6: =I6-K6 -> 3 | Y6: =I6 -> 3 | Z6: =O6-Q6 -> 4 | AA6: =O6 -> 48 | AC6: =V6-U6 -> 0 | AD6: =W6-X6 -> 0 | AE6: =Y6-Z6 -> -1
A7: 河北 | B7: 150 | C7: 27 | D7: 97 | E7: 8 | G7: 河北 | H7: 239 | I7: 212 | J7: 89 | K7: 89 | M7: 河北 | N7: 443 | O7: 404 | P7: 203 | Q7: 192 | S7: =VLOOKUP("*"&M7&"*",'Solar Station Addition'!$A$3:$A$34,1,FALSE) -> 河北省 | T7: =IFERROR(VLOOKUP($M7,'Solar12-13'!$B$4:$I$25,2,FALSE),0)/10 -> 6.3 | U7: =IFERROR(VLOOKUP($M7,'Solar12-13'!$B$4:$I$25,8,FALSE),0)/10 -> 46.1 | V7: =(B7-D7)-(C7-E7) -> 34 | W7: =B7-C7 -> 123 | X7: =I7-K7 -> 123 | Y7: =I7 -> 212 | Z7: =O7-Q7 -> 212 | AA7: =O7 -> 404 | AC7: =V7-U7 -> -12.1 | AD7: =W7-X7 -> 0 | AE7: =Y7-Z7 -> 0
A8: 山西 | B8: 44 | C8: 1 | D8: 23 | E8: 1 | G8: 山西 | H8: 113 | I8: 111 | J8: 69 | K8: 68 | M8: 山西 | N8: 297 | O8: 284 | P8: 183 | Q8: 172 | S8: =VLOOKUP("*"&M8&"*",'Solar Station Addition'!$A$3:$A$34,1,FALSE) -> 山西省 | T8: =IFERROR(VLOOKUP($M8,'Solar12-13'!$B$4:$I$25,2,FALSE),0)/10 -> 0.5 | U8: =IFERROR(VLOOKUP($M8,'Solar12-13'!$B$4:$I$25,8,FALSE),0)/10 -> 27.5 | V8: =(B8-D8)-(C8-E8) -> 21 | W8: =B8-C8 -> 43 | X8: =I8-K8 -> 43 | Y8: =I8 -> 111 | Z8: =O8-Q8 -> 112 | AA8: =O8 -> 284 | AC8: =V8-U8 -> -6.5 | AD8: =W8-X8 -> 0 | AE8: =Y8-Z8 -> -1
A9: 内蒙古 | B9: 302 | C9: 18 | D9: 164 | E9: 4 | G9: 内蒙古 | H9: 489 | I9: 471 | J9: 187 | K9: 187 | M9: 内蒙古 | N9: 637 | O9: 637 | P9: 148 | Q9: 166 | S9: =VLOOKUP("*"&M9&"*",'Solar Station Addition'!$A$3:$A$34,1,FALSE) -> 内蒙古自治区 | T9: =IFERROR(VLOOKUP($M9,'Solar12-13'!$B$4:$I$25,2,FALSE),0)/10 -> 27.2 | U9: =IFERROR(VLOOKUP($M9,'Solar12-13'!$B$4:$I$25,8,FALSE),0)/10 -> 140.5 | V9: =(B9-D9)-(C9-E9) -> 124 | W9: =B9-C9 -> 284 | X9: =I9-K9 -> 284 | Y9: =I9 -> 471 | Z9: =O9-Q9 -> 471 | AA9: =O9 -> 637 | AC9: =V9-U9 -> -16.5 | AD9: =W9-X9 -> 0 | AE9: =Y9-Z9 -> 0
A10: 辽宁 | B10: 10 | C10: 6 | D10: 5 | E10: 4 | G10: 辽宁 | H10: 16 | I10: 7 | J10: 6 | K10: 3 | M10: 辽宁 | N10: 52 | O10: 36 | P10: 36 | Q10: 29 | S10: =VLOOKUP("*"&M10&"*",'Solar Station Addition'!$A$3:$A$34,1,FALSE) -> 辽宁省 | T10: =IFERROR(VLOOKUP($M10,'Solar12-13'!$B$4:$I$25,2,FALSE),0)/10 -> 1 | U10: =IFERROR(VLOOKUP($M10,'Solar12-13'!$B$4:$I$25,8,FALSE),0)/10 -> 3 | V10: =(B10-D10)-(C10-E10) -> 3 | W10: =B10-C10 -> 4 | X10: =I10-K10 -> 4 | Y10: =I10 -> 7 | Z10: =O10-Q10 -> 7 | AA10: =O10 -> 36 | AC10: =V10-U10 -> 0 | AD10: =W10-X10 -> 0 | AE10: =Y10-Z10 -> 0
A11: 吉林 | B11: 6 | C11: 0 | D11: 5 | E11: 0 | G11: 吉林 | H11: 7 | I11: 6 | J11: 1 | M11: 吉林 | N11: 56 | O11: 51 | P11: 49 | Q11: 45 | S11: =VLOOKUP("*"&M11&"*",'Solar Station Addition'!$A$3:$A$34,1,FALSE) -> 吉林省 | T11: =IFERROR(VLOOKUP($M11,'Solar12-13'!$B$4:$I$25,2,FALSE),0)/10 -> 0 | U11: =IFERROR(VLOOKUP($M11,'Solar12-13'!$B$4:$I$25,8,FALSE),0)/10 -> 1 | V11: =(B11-D11)-(C11-E11) -> 1 | W11: =B11-C11 -> 6 | X11: =I11-K11 -> 6 | Y11: =I11 -> 6 | Z11: =O11-Q11 -> 6 | AA11: =O11 -> 51 | AC11: =V11-U11 -> 0 | AD11: =W11-X11 -> 0 | AE11: =Y11-Z11 -> 0
A12: 黑龙江 | B12: 1 | C12: 0 | D12: 0 | E12: 0 | G12: 黑龙江 | H12: 2 | I12: 1 | J12: 1 | M12: 黑龙江 | N12: 17 | O12: 12 | P12: 15 | Q12: 11 | S12: =VLOOKUP("*"&M12&"*",'Solar Station Addition'!$A$3:$A$34,1,FALSE) -> 黑龙江省 | T12: =IFERROR(VLOOKUP($M12,'Solar12-13'!$B$4:$I$25,2,FALSE),0)/10 -> 0 | U12: =IFERROR(VLOOKUP($M12,'Solar12-13'!$B$4:$I$25,8,FALSE),0)/10 -> 1 | V12: =(B12-D12)-(C12-E12) -> 1 | W12: =B12-C12 -> 1 | X12: =I12-K12 -> 1 | Y12: =I12 -> 1 | Z12: =O12-Q12 -> 1 | AA12: =O12 -> 12 | AC12: =V12-U12 -> 0 | AD12: =W12-X12 -> 0 | AE12: =Y12-Z12 -> 0
A13: 上海 | B13: 18 | C13: 16 | D13: 0 | E13: 0 | G13: 上海 | H13: 21 | I13: 2 | J13: 4 | M13: 上海 | N13: 35 | O13: 2 | P13: 14 | Q13: 0 | S13: =VLOOKUP("*"&M13&"*",'Solar Station Addition'!$A$3:$A$34,1,FALSE) -> 上海市 | T13: =IFERROR(VLOOKUP($M13,'Solar12-13'!$B$4:$I$25,2,FALSE),0)/10 -> 1.6 | U13: =IFERROR(VLOOKUP($M13,'Solar12-13'!$B$4:$I$25,8,FALSE),0)/10 -> 1.6 | V13: =(B13-D13)-(C13-E13) -> 2 | W13: =B13-C13 -> 2 | X13: =I13-K13 -> 2 | Y13: =I13 -> 2 | Z13: =O13-Q13 -> 2 | AA13: =O13 -> 2 | AC13: =V13-U13 -> 0.4 | AD13: =W13-X13 -> 0 | AE13: =Y13-Z13 -> 0
A14: 江苏 | B14: 257 | C14: 85 | D14: 152 | E14: 57 | G14: 江苏 | H14: 422 | I14: 304 | J14: 165 | K14: 132 | M14: 江苏 | N14: 546 | O14: 373 | P14: 123 | Q14: 70 | S14: =VLOOKUP("*"&M14&"*",'Solar Station Addition'!$A$3:$A$34,1,FALSE) -> 江苏省 | T14: =IFERROR(VLOOKUP($M14,'Solar12-13'!$B$4:$I$25,2,FALSE),0)/10 -> 26 | U14: =IFERROR(VLOOKUP($M14,'Solar12-13'!$B$4:$I$25,8,FALSE),0)/10 -> 104.9 | V14: =(B14-D14)-(C14-E14) -> 77 | W14: =B14-C14 -> 172 | X14: =I14-K14 -> 172 | Y14: =I14 -> 304 | Z14: =O14-Q14 -> 303 | AA14: =O14 -> 373 | AC14: =V14-U14 -> -27.9 | AD14: =W14-X14 -> 0 | AE14: =Y14-Z14 -> 1
A15: 浙江 | B15: 73 | C15: 70 | D15: 30 | E15: 27 | G15: 浙江 | H15: 164 | I15: 42 | J15: 90 | K15: 39 | M15: 浙江 | N15: 338 | O15: 131 | P15: 175 | Q15: 88 | S15: =VLOOKUP("*"&M15&"*",'Solar Station Addition'!$A$3:$A$34,1,FALSE) -> 浙江省 | T15: =IFERROR(VLOOKUP($M15,'Solar12-13'!$B$4:$I$25,2,FALSE),0)/10 -> 0 | U15: =IFERROR(VLOOKUP($M15,'Solar12-13'!$B$4:$I$25,8,FALSE),0)/10 -> 0 | V15: =(B15-D15)-(C15-E15) -> 0 | W15: =B15-C15 -> 3 | X15: =I15-K15 -> 3 | Y15: =I15 -> 42 | Z15: =O15-Q15 -> 43 | AA15: =O15 -> 131 | AC15: =V15-U15 -> 0 | AD15: =W15-X15 -> 0 | AE15: =Y15-Z15 -> -1
A16: 安徽 | B16: 51 | C16: 25 | D16: 43 | E16: 18 | G16: 安徽 | H16: 121 | I16: 89 | J16: 71 | K16: 63 | M16: 安徽 | N16: 345 | O16: 267 | P16: 225 | Q16: 178 | S16: =VLOOKUP("*"&M16&"*",'Solar Station Addition'!$A$3:$A$34,1,FALSE) -> 安徽省 | T16: =IFERROR(VLOOKUP($M16,'Solar12-13'!$B$4:$I$25,2,FALSE),0)/10 -> 0.2 | U16: =IFERROR(VLOOKUP($M16,'Solar12-13'!$B$4:$I$25,8,FALSE),0)/10 -> 0.2 | V16: =(B16-D16)-(C16-E16) -> 1 | W16: =B16-C16 -> 26 | X16: =I16-K16 -> 26 | Y16: =I16 -> 89 | Z16: =O16-Q16 -> 89 | AA16: =O16 -> 267 | AC16: =V16-U16 -> 0.8 | AD16: =W16-X16 -> 0 | AE16: =Y16-Z16 -> 0
A17: 福建 | B17: 12 | C17: 12 | D17: 4 | E17: 4 | G17: 福建 | H17: 15 | I17: 3 | J17: 3 | K17: 3 | M17: 福建 | N17: 27 | O17: 11 | P17: 12 | Q17: 8 | S17: =VLOOKUP("*"&M17&"*",'Solar Station Addition'!$A$3:$A$34,1,FALSE) -> 福建省 | T17: =IFERROR(VLOOKUP($M17,'Solar12-13'!$B$4:$I$25,2,FALSE),0)/10 -> 0 | U17: =IFERROR(VLOOKUP($M17,'Solar12-13'!$B$4:$I$25,8,FALSE),0)/10 -> 0 | V17: =(B17-D17)-(C17-E17) -> 0 | W17: =B17-C17 -> 0 | X17: =I17-K17 -> 0 | Y17: =I17 -> 3 | Z17: =O17-Q17 -> 3 | AA17: =O17 -> 11 | AC17: =V17-U17 -> 0 | AD17: =W17-X17 -> 0 | AE17: =Y17-Z17 -> 0
A18: 江西 | B18: 39 | C18: 26 | D18: 26 | E18: 15 | G18: 江西 | H18: 43 | I18: 17 | J18: 4 | K18: 4 | M18: 江西 | N18: 228 | O18: 171 | P18: 185 | Q18: 154 | S18: =VLOOKUP("*"&M18&"*",'Solar Station Addition'!$A$3:$A$34,1,FALSE) -> 江西省 | T18: =IFERROR(VLOOKUP($M18,'Solar12-13'!$B$4:$I$25,2,FALSE),0)/10 -> 0.5 | U18: =IFERROR(VLOOKUP($M18,'Solar12-13'!$B$4:$I$25,8,FALSE),0)/10 -> 2.5 | V18: =(B18-D18)-(C18-E18) -> 2 | W18: =B18-C18 -> 13 | X18: =I18-K18 -> 13 | Y18: =I18 -> 17 | Z18: =O18-Q18 -> 17 | AA18: =O18 -> 171 | AC18: =V18-U18 -> -0.5 | AD18: =W18-X18 -> 0 | AE18: =Y18-Z18 -> 0
A19: 山东 | B19: 60 | C19: 38 | D19: 32 | E19: 18 | G19: 山东 | H19: 133 | I19: 89 | J19: 73 | K19: 67 | M19: 山东 | N19: 455 | O19: 336 | P19: 322 | Q19: 247 | S19: =VLOOKUP("*"&M19&"*",'Solar Station Addition'!$A$3:$A$34,1,FALSE) -> 山东省 | T19: =IFERROR(VLOOKUP($M19,'Solar12-13'!$B$4:$I$25,2,FALSE),0)/10 -> 7.9 | U19: =IFERROR(VLOOKUP($M19,'Solar12-13'!$B$4:$I$25,8,FALSE),0)/10 -> 11.2 | V19: =(B19-D19)-(C19-E19) -> 8 | W19: =B19-C19 -> 22 | X19: =I19-K19 -> 22 | Y19: =I19 -> 89 | Z19: =O19-Q19 -> 89 | AA19: =O19 -> 336 | AC19: =V19-U19 -> -3.2 | AD19: =W19-X19 -> 0 | AE19: =Y19-Z19 -> 0
A20: 河南 | B20: 23 | C20: 16 | D20: 16 | E20: 9 | G20: 河南 | H20: 41 | I20: 14 | J20: 18 | K20: 7 | M20: 河南 | N20: 284 | O20: 248 | P20: 244 | Q20: 234 | S20: =VLOOKUP("*"&M20&"*",'Solar Station Addition'!$A$3:$A$34,1,FALSE) -> 河南省 | T20: =IFERROR(VLOOKUP($M20,'Solar12-13'!$B$4:$I$25,2,FALSE),0)/10 -> 0 | U20: =IFERROR(VLOOKUP($M20,'Solar12-13'!$B$4:$I$25,8,FALSE),0)/10 -> 0.3 | V20: =(B20-D20)-(C20-E20) -> 0 | W20: =B20-C20 -> 7 | X20: =I20-K20 -> 7 | Y20: =I20 -> 14 | Z20: =O20-Q20 -> 14 | AA20: =O20 -> 248 | AC20: =V20-U20 -> -0.3 | AD20: =W20-X20 -> 0 | AE20: =Y20-Z20 -> 0
A21: 湖北 | B21: 14 | C21: 6 | D21: 9 | E21: 1 | G21: 湖北 | H21: 49 | I21: 43 | J21: 35 | K21: 35 | M21: 湖北 | N21: 187 | O21: 167 | P21: 138 | Q21: 124 | S21: =VLOOKUP("*"&M21&"*",'Solar Station Addition'!$A$3:$A$34,1,FALSE) -> 湖北省 | T21: =IFERROR(VLOOKUP($M21,'Solar12-13'!$B$4:$I$25,2,FALSE),0)/10 -> 0 | U21: =IFERROR(VLOOKUP($M21,'Solar12-13'!$B$4:$I$25,8,FALSE),0)/10 -> 0 | V21: =(B21-D21)-(C21-E21) -> 0 | W21: =B21-C21 -> 8 | X21: =I21-K21 -> 8 | Y21: =I21 -> 43 | Z21: =O21-Q21 -> 43 | AA21: =O21 -> 167 | AC21: =V21-U21 -> 0 | AD21: =W21-X21 -> 0 | AE21: =Y21-Z21 -> 0
A22: 湖南 | B22: 29 | C22: 29 | D22: 5 | E22: 5 | G22: 湖南 | H22: 29 | I22: 0 | J22: 0 | K22: 0 | M22: 湖南 | N22: 30 | O22: 0 | P22: 1 | Q22: 0 | S22: =VLOOKUP("*"&M22&"*",'Solar Station Addition'!$A$3:$A$34,1,FALSE) -> 湖南省 | T22: =IFERROR(VLOOKUP($M22,'Solar12-13'!$B$4:$I$25,2,FALSE),0)/10 -> 0 | U22: =IFERROR(VLOOKUP($M22,'Solar12-13'!$B$4:$I$25,8,FALSE),0)/10 -> 0 | V22: =(B22-D22)-(C22-E22) -> 0 | W22: =B22-C22 -> 0 | X22: =I22-K22 -> 0 | Y22: =I22 -> 0 | Z22: =O22-Q22 -> 0 | AA22: =O22 -> 0 | AC22: =V22-U22 -> 0 | AD22: =W22-X22 -> 0 | AE22: =Y22-Z22 -> 0
A23: 广东 | B23: 52 | C23: 50 | D23: 22 | E23: 20 | G23: 广东 | H23: 63 | I23: 7 | J23: 11 | K23: 5 | M23: 广东 | N23: 156 | O23: 68 | P23: 92 | Q23: 61 | S23: =VLOOKUP("*"&M23&"*",'Solar Station Addition'!$A$3:$A$34,1,FALSE) -> 广东省 | T23: =IFERROR(VLOOKUP($M23,'Solar12-13'!$B$4:$I$25,2,FALSE),0)/10 -> 0 | U23: =IFERROR(VLOOKUP($M23,'Solar12-13'!$B$4:$I$25,8,FALSE),0)/10 -> 0 | V23: =(B23-D23)-(C23-E23) -> 0 | W23: =B23-C23 -> 2 | X23: =I23-K23 -> 2 | Y23: =I23 -> 7 | Z23: =O23-Q23 -> 7 | AA23: =O23 -> 68 | AC23: =V23-U23 -> 0 | AD23: =W23-X23 -> 0 | AE23: =Y23-Z23 -> 0
A24: 广西 | B24: 9 | C24: 7 | D24: 4 | E24: 2 | G24: 广西 | H24: 12 | I24: 5 | J24: 3 | K24: 3 | M24: 广西 | N24: 18 | O24: 9 | P24: 6 | Q24: 4 | S24: =VLOOKUP("*"&M24&"*",'Solar Station Addition'!$A$3:$A$34,1,FALSE) -> 广西壮族自治区 | T24: =IFERROR(VLOOKUP($M24,'Solar12-13'!$B$4:$I$25,2,FALSE),0)/10 -> 0 | U24: =IFERROR(VLOOKUP($M24,'Solar12-13'!$B$4:$I$25,8,FALSE),0)/10 -> 0 | V24: =(B24-D24)-(C24-E24) -> 0 | W24: =B24-C24 -> 2 | X24: =I24-K24 -> 2 | Y24: =I24 -> 5 | Z24: =O24-Q24 -> 5 | AA24: =O24 -> 9 | AC24: =V24-U24 -> 0 | AD24: =W24-X24 -> 0 | AE24: =Y24-Z24 -> 0
A25: 海南 | B25: 19 | C25: 5 | D25: 7 | E25: 0 | G25: 海南 | H25: 24 | I25: 19 | J25: 5 | K25: 5 | M25: 海南 | N25: 34 | O25: 24 | P25: 10 | Q25: 5 | S25: =VLOOKUP("*"&M25&"*",'Solar Station Addition'!$A$3:$A$34,1,FALSE) -> 海南省 | T25: =IFERROR(VLOOKUP($M25,'Solar12-13'!$B$4:$I$25,2,FALSE),0)/10 -> 1 | U25: =IFERROR(VLOOKUP($M25,'Solar12-13'!$B$4:$I$25,8,FALSE),0)/10 -> 8.3 | V25: =(B25-D25)-(C25-E25) -> 7 | W25: =B25-C25 -> 14 | X25: =I25-K25 -> 14 | Y25: =I25 -> 19 | Z25: =O25-Q25 -> 19 | AA25: =O25 -> 24 | AC25: =V25-U25 -> -1.3 | AD25: =W25-X25 -> 0 | AE25: =Y25-Z25 -> 0
... A34: 宁夏 | B34: 217 | C34: 0 | D34: 82 | E34: 0 | G34: 宁夏 | H34: 309 | I34: 306 | J34: 92 | K34: 90 | M34: 宁夏 | N34: 526 | O34: 505 | P34: 217 | Q34: 199 | S34: =VLOOKUP("*"&M34&"*",'Solar Station Addition'!$A$3:$A$34,1,FALSE) -> 宁夏回族自治区 | T34: =IFERROR(VLOOKUP($M34,'Solar12-13'!$B$4:$I$25,2,FALSE),0)/10 -> 43.1 | U34: =IFERROR(VLOOKUP($M34,'Solar12-13'!$B$4:$I$25,8,FALSE),0)/10 -> 161.4 | V34: =(B34-D34)-(C34-E34) -> 135 | W34: =B34-C34 -> 217 | X34: =I34-K34 -> 216 | Y34: =I34 -> 306 | Z34: =O34-Q34 -> 306 | AA34: =O34 -> 505 | AC34: =V34-U34 -> -26.4 | AD34: =W34-X34 -> 1 | AE34: =Y34-Z34 -> 0
A35: 新疆 | B35: 275 | C35: 4 | D35: 42 | E35: 0 | G35: 新疆 | H35: 406 | I35: 402 | J35: 131 | K35: 131 | M35: 新疆 | N35: 862 | O35: 862 | P35: 329 | Q35: 333 | S35: =VLOOKUP("*"&M35&"*",'Solar Station Addition'!$A$3:$A$34,1,FALSE) -> 新疆维吾尔自治区 | T35: =IFERROR(VLOOKUP($M35,'Solar12-13'!$B$4:$I$25,2,FALSE),0)/10+IFERROR(VLOOKUP($M36,'Solar12-13'!$B$4:$I$25,2,FALSE),0)/10 -> 25 | U35: =IFERROR(VLOOKUP($M35,'Solar12-13'!$B$4:$I$25,8,FALSE),0)/10+IFERROR(VLOOKUP($M36,'Solar12-13'!$B$4:$I$25,8,FALSE),0)/10 -> 321.1 | V35: =(B35-D35)-(C35-E35)+(B36-D36)-(C36-E36) -> 293 | W35: =(B35-C35)+(B36-C36) -> 352 | X35: =(I35-K35)+(I36-K36) -> 352 | Y35: =I35+I36 -> 562 | Z35: =O35-Q35 -> 529 | AA35: =O35 -> 862 | AC35: =V35-U35 -> -28.1 | AD35: =W35-X35 -> 0 | AE35: =Y35-Z35 -> 33
A36: 新疆建设兵团 | B36: 81 | C36: 0 | D36: 17 | E36: 0 | G36: 新疆建设兵团 | H36: 160 | I36: 160 | J36: 79 | K36: 79 | M36: =G36 -> 新疆建设兵团
M37: *注：2015年内蒙古、新疆、云南的分布式发电统计数据存在误差，分别为18万、4万、1万千瓦，在本表数据中进行了相应核减，故三省新增装机容量小于其光伏电站装机容量。
A39: 2014年光伏发电统计信息---国家能源局 (nea.gov.cn)
A40: 2015年光伏发电相关统计数据---国家能源局 (nea.gov.cn)
A41: 2016年光伏发电统计信息---国家能源局 (nea.gov.cn)

Sheet Solar17-22
B1: 2017 | C1: 2018 | D1: 2019 | E1: 2020 | F1: 2021 | G1: 2022 | I1: 2017 | J1: 2018 | K1: 2019 | L1: 2020 | M1: 2021 | N1: 2022 | P1: 2019 | Q1: 2020 | R1: 2021 | S1: 2022 | W1: 户用分布式 | X1: 户用分布式 | Y1: 户用分布式
B2: 光伏电站 | I2: 分布式光伏 | P2: 户用分布式 | W2: 201910 | X2: 202011 | Y2: 202112
A3: 全国 | B3: 9384 | C3: 12406 | D3: 14167 | E3: 17287.87 | F3: 19847.94 | G3: 23442.4 | I3: 3658 | J3: 5027 | K3: 6263 | L3: 7822.9 | M3: 10750.8 | N3: 15761.6 | R3: =SUM(R4:R35) -> 2159.6201 | S3: =SUM(S4:S35) -> 2526.7 | U3: 北京 | V3: =VLOOKUP("*"&U3&"*",A$3:A$35,1,FALSE) -> 北京市 | W3: 5.2133295 | X3: 0.9214 | Y3: 11.5264
A4: 北京市 | B4: 3 | C4: 5 | D4: 5 | E4: 5.1 | F4: 5.1 | G4: 5.1 | I4: 22 | J4: 35 | K4: 46 | L4: 56.4 | M4: 75 | N4: 90.2 | R4: =VLOOKUP(A4,V$3:Y$36,4,FALSE) -> 11.5264 | S4: 3.4 | U4: 天津 | V4: =VLOOKUP("*"&U4&"*",A$3:A$35,1,FALSE) -> 天津市 | W4: 0.8113385 | X4: 1.2011 | Y4: 2.7859
A5: 天津市 | B5: 53 | C5: 97 | D5: 104 | E5: 118.84 | F5: 118.85 | G5: 121.7 | I5: 15 | J5: 31 | K5: 38 | L5: 44.7 | M5: 58.9 | N5: 98.9 | R5: =VLOOKUP(A5,V$3:Y$36,4,FALSE) -> 2.7859 | S5: 10.1 | U5: 河北 | V5: =VLOOKUP("*"&U5&"*",A$3:A$35,1,FALSE) -> 河北省 | W5: 83.680125 | X5: 215.4475 | Y5: 534.0746
A6: 河北省 | B6: 517 | C6: 856 | D6: 962 | E6: 1445.52 | F6: 1658.84 | G6: 1994.1 | I6: 351 | J6: 378 | K6: 512 | L6: 745.8 | M6: 1262.5 | N6: 1861.2 | R6: =VLOOKUP(A6,V$3:Y$36,4,FALSE) -> 534.0746 | S6: 506.2 | U6: 其中：河北南网 | V6: =VLOOKUP("*"&U6&"*",A$3:A$35,1,FALSE) -> #N/A | W6: 70.134719 | X6: 195.6079 | Y6: 476.9627
A7: 山西省 | B7: 530 | C7: 681 | D7: 857 | E7: 1028.32 | F7: 1101.84 | G7: 1257 | I7: 60 | J7: 183 | K7: 231 | L7: 280.2 | M7: 355.9 | N7: 438.7 | R7: =VLOOKUP(A7,V$3:Y$36,4,FALSE) -> 74.2915 | S7: 76 | U7: 冀北电网 | V7: =VLOOKUP("*"&U7&"*",A$3:A$35,1,FALSE) -> #N/A | W7: 13.545406 | X7: 19.8396 | Y7: 57.1119
A8: 内蒙古自治区 | B8: 741 | C8: 933 | D8: 1001 | E8: 1138 | F8: 1299.5 | G8: 1429.6 | I8: 2 | J8: 13 | K8: 80 | L8: 90.1 | M8: 102.5 | N8: 121.2 | R8: =VLOOKUP(A8,V$3:Y$36,4,FALSE) -> 5.3501 | S8: 6.2 | U8: 山西 | V8: =VLOOKUP("*"&U8&"*",A$3:A$35,1,FALSE) -> 山西省 | W8: 27.189405 | X8: 45.8052 | Y8: 74.2915
A9: 辽宁省 | B9: 185 | C9: 219 | D9: 246 | E9: 281.89 | F9: 317.5 | G9: 381.3 | I9: 38 | J9: 83 | K9: 97 | L9: 117.9 | M9: 160 | N9: 219.3 | R9: =VLOOKUP(A9,V$3:Y$36,4,FALSE) -> 29.1297 | S9: 23 | U9: 内蒙古 | V9: =VLOOKUP("*"&U9&"*",A$3:A$35,1,FALSE) -> 内蒙古自治区 | W9: 3.944412 | X9: 1.9904 | Y9: 5.3501
A10: 吉林省 | B10: 107 | C10: 203 | D10: 205 | E10: 260.91 | F10: 265.79 | G10: 294.6 | I10: 52 | J10: 62 | K10: 69 | L10: 76 | M10: 80.1 | N10: 92 | R10: =VLOOKUP(A10,V$3:Y$36,4,FALSE) -> 4.9921 | S10: 2.4 | U10: 其中：蒙西 | V10: =VLOOKUP("*"&U10&"*",A$3:A$35,1,FALSE) -> #N/A | W10: 0.170354 | X10: 0.7594 | Y10: 1.2772
A11: 黑龙江省 | B11: 64 | C11: 141 | D11: 195 | E11: 234.99 | F11: 329.99 | G11: 366.9 | I11: 30 | J11: 74 | K11: 80 | L11: 82.7 | M11: 89.8 | N11: 108.4 | R11: =VLOOKUP(A11,V$3:Y$36,4,FALSE) -> 2.2025 | S11: 3.9 | U11: 蒙东 | V11: =VLOOKUP("*"&U11&"*",A$3:A$35,1,FALSE) -> #N/A | W11: 3.774058 | X11: 1.231 | Y11: 4.0729
A12: 上海市 | B12: 0 | C12: 7 | D12: 6 | E12: 19.7 | F12: 24.09 | G12: 24 | I12: 59 | J12: 82 | K12: 103 | L12: 116.9 | M12: 144.2 | N12: 170.9 | R12: =VLOOKUP(A12,V$3:Y$36,4,FALSE) -> 1.8567 | S12: 1.3 | U12: 辽宁 | V12: =VLOOKUP("*"&U12&"*",A$3:A$35,1,FALSE) -> 辽宁省 | W12: 6.830905 | X12: 14.6679 | Y12: 29.1297
A13: 江苏省 | B13: 580 | C13: 792 | D13: 821 | E13: 895.91 | F13: 941.08 | G13: 953.3 | I13: 327 | J13: 540 | K13: 665 | L13: 788.1 | M13: 974.9 | N13: 1555.2 | R13: =VLOOKUP(A13,V$3:Y$36,4,FALSE) -> 43.9746 | S13: 151.4 | U13: 吉林 | V13: =VLOOKUP("*"&U13&"*",A$3:A$35,1,FALSE) -> 吉林省 | W13: 2.996705 | X13: 6.0682 | Y13: 4.9921
A14: 浙江省 | B14: 315 | C14: 361 | D14: 414 | E14: 412.17 | F14: 577.03 | G14: 613.4 | I14: 499 | J14: 777 | K14: 925 | L14: 1067.2 | M14: 1264.8 | N14: 1925.5 | R14: =VLOOKUP(A14,V$3:Y$36,4,FALSE) -> 17.2588 | S14: 11.2 | U14: 黑龙江 | V14: =VLOOKUP("*"&U14&"*",A$3:A$35,1,FALSE) -> 黑龙江省 | W14: 1.837046 | X14: 1.6807 | Y14: 2.2025
A15: 安徽省 | B15: 565 | C15: 677 | D15: 773 | E15: 825.56 | F15: 947.02 | G15: 1063.8 | I15: 323 | J15: 441 | K15: 480 | L15: 544.1 | M15: 759.8 | N15: 1090.3 | R15: =VLOOKUP(A15,V$3:Y$36,4,FALSE) -> 137.238 | S15: 251 | U15: 上海 | V15: =VLOOKUP("*"&U15&"*",A$3:A$35,1,FALSE) -> 上海市 | W15: 4.3568 | X15: 1.2889 | Y15: 1.8567
... A26: 四川省 | B26: 116 | C26: 168 | D26: 169 | E26: 169.01 | F26: 169.01 | G26: 173 | I26: 19 | J26: 13 | K26: 19 | L26: 22.1 | M26: 26.9 | N26: 33.2 | R26: =VLOOKUP(A26,V$3:Y$36,4,FALSE) -> 3.8123 | S26: 2.4 | U26: 四川 | V26: =VLOOKUP("*"&U26&"*",A$3:A$35,1,FALSE) -> 四川省 | W26: 1.2946805 | X26: 1.9801 | Y26: 3.8123
A27: 贵州省 | B27: 135 | C27: 161 | D27: 491 | E27: 970.67 | F27: 1117.6 | G27: 1396.6 | J27: 17 | K27: 19 | L27: 19 | M27: 19.4 | N27: 23.7 | R27: =VLOOKUP(A27,V$3:Y$36,4,FALSE) -> 0.304 | S27: 0.4 | U27: 陕西 | V27: =VLOOKUP("*"&U27&"*",A$3:A$35,1,FALSE) -> 陕西省 | W27: 6.6805495 | X27: 13.5018 | Y27: 21.7042
A28: 云南省 | B28: 237.5 | C28: 312 | D28: 350 | E28: 295.43 | F28: 349.91 | G28: 525.2 | I28: 0.5 | J28: 14 | K28: 25 | L28: 38.4 | M28: 47.2 | N28: 60.1 | R28: =VLOOKUP(A28,V$3:Y$36,4,FALSE) -> 1.7673 | S28: 2.3 | U28: 甘肃 | V28: =VLOOKUP("*"&U28&"*",A$3:A$35,1,FALSE) -> 甘肃省 | W28: 3.251883 | X28: 0.7275 | Y28: 1.0777
A29: 西藏自治区 | B29: 79 | C29: 98 | D29: 110 | E29: 136.26 | F29: 136.51 | G29: 175.9 | K29: 0 | L29: 0 | M29: 2.2 | N29: 2.2 | S29: 0 | U29: 青海 | V29: =VLOOKUP("*"&U29&"*",A$3:A$35,1,FALSE) -> 青海省 | W29: 0.5077935 | X29: 0.5136 | Y29: 0.3517
A30: 陕西省 | B30: 484 | C30: 640 | D30: 778 | E30: 893.42 | F30: 1102.82 | G30: 1193.7 | I30: 51 | J30: 76 | K30: 162 | L30: 190.7 | M30: 210.9 | N30: 322.5 | R30: =VLOOKUP(A30,V$3:Y$36,4,FALSE) -> 21.7042 | S30: 28.9 | U30: 宁夏 | V30: =VLOOKUP("*"&U30&"*",A$3:A$35,1,FALSE) -> 宁夏回族自治区 | W30: 0.80742 | X30: 0.3325 | Y30: 0.4052
A31: 甘肃省 | B31: 768 | C31: 790 | D31: 836 | E31: 891.32 | F31: 1047.65 | G31: 1310.9 | I31: 18 | J31: 49 | K31: 71 | L31: 74 | M31: 77.1 | N31: 85.5 | R31: =VLOOKUP(A31,V$3:Y$36,4,FALSE) -> 1.0777 | S31: 1 | U31: 新疆自治区（含兵团） | V31: 新疆维吾尔自治区 | W31: 0.184156 | X31: 0.5974 | Y31: 0.4005
A32: 青海省 | B32: 786 | C32: 952 | D32: 1086 | E32: 1532.09 | F32: 1594.77 | G32: 1805.5 | I32: 5 | J32: 10 | K32: 15 | L32: 15.7 | M32: 16 | N32: 15.7 | R32: =VLOOKUP(A32,V$3:Y$36,4,FALSE) -> 0.3517 | S32: 2.7 | U32: 广东 | V32: =VLOOKUP("*"&U32&"*",A$3:A$35,1,FALSE) -> 广东省 | W32: 20.9154 | X32: 12.4418 | Y32: 31.1558
A33: 宁夏回族自治区 | B33: 587 | C33: 761 | D33: 844 | E33: 1121.96 | F33: 1303.36 | G33: 1491.6 | I33: 33 | J33: 55 | K33: 74 | L33: 75.2 | M33: 80.6 | N33: 92.2 | R33: =VLOOKUP(A33,V$3:Y$36,4,FALSE) -> 0.4052 | S33: 0.3 | U33: 广西 | V33: =VLOOKUP("*"&U33&"*",A$3:A$35,1,FALSE) -> 广西壮族自治区 | W33: 3.1503365 | X33: 1.1213 | Y33: 2.8014
A34: 新疆维吾尔自治区 | B34: 933 | C34: 976 | D34: 1027 | E34: 1205.48 | F34: 1254.78 | G34: 1440.3 | I34: 1 | J34: 2 | K34: 14 | L34: 16.7 | M34: 17.2 | N34: 26.9 | R34: =VLOOKUP(A34,V$3:Y$36,4,FALSE) -> 0.4005 | S34: 0 | U34: 云南 | V34: =VLOOKUP("*"&U34&"*",A$3:A$35,1,FALSE) -> 云南省 | W34: 1.576 | X34: 1.1014 | Y34: 1.7673
A35: 新疆建设兵团 | B35: 0 | C35: 0 | D35: 39 | E35: 77.2 | F35: 77.2 | G35: 105.8 | K35: 0 | L35: 0 | M35: 0 | N35: 0 | S35: 0 | U35: 贵州 | V35: =VLOOKUP("*"&U35&"*",A$3:A$35,1,FALSE) -> 贵州省 | W35: 0.109762 | X35: 0.0995 | Y35: 0.304
U36: 海南 | V36: =VLOOKUP("*"&U36&"*",A$3:A$35,1,FALSE) -> 海南省 | W36: 1.103994 | X36: 0.8751 | Y36: 1.5194

Sheet Solar Station Addition
B1: 历年光伏电站装机容量（MW） | O1: 历年光伏电站新增装机容量（MW）
B2: 2010 | C2: 2011 | D2: 2012 | E2: 2013 | F2: 2014 | G2: 2015 | H2: 2016 | I2: 2017 | J2: 2018 | K2: 2019 | L2: 2020 | M2: 2021 | N2: 2022 | O2: 2010 | P2: 2011 | Q2: 2012 | R2: 2013 | S2: 2014 | T2: 2015 | U2: 2016 | V2: 2017 | W2: 2018 | X2: 2019 | Y2: 2020 | Z2: 2021 | AA2: 2022
A3: 全国 | B3: =SUM(B4:B34) -> 205.018 | C3: =SUM(C4:C34) -> 2123.228 | D3: =SUM(D4:D34) -> 3287.794 | E3: =SUM(E4:E34) -> 14851.666 | F3: =SUM(F4:F34) -> 23380 | G3: =SUM(G4:G34) -> 36820 | H3: =SUM(H4:H34) -> 67120 | I3: =SUM(I4:I34) -> 97735 | ... AA3: =SUM(AA4:AA34) -> 35944.7
A4: 北京市 | B4: =IFERROR(VLOOKUP($A4,'Solar10-12'!$N$3:$Q$20,2,FALSE),0)/1000 -> 0 | C4: =MAX(B4,IFERROR(VLOOKUP($A4,'Solar10-12'!$N$3:$Q$20,3,FALSE),0)/1000) -> 0 | D4: =MAX(C4,IFERROR(VLOOKUP($A4,'Solar10-12'!$N$3:$Q$20,4,FALSE),0)/1000) -> 0 | E4: =MAX(D4,VLOOKUP($A4,'Solar14-16'!$S$5:$AA$35,4,FALSE)*10) -> 0 | F4: =MAX(VLOOKUP($A4,'Solar14-16'!$S$5:$AA$35,6,FALSE)*10,E4) -> 0 | G4: =MAX(VLOOKUP($A4,'Solar14-16'!$S$5:$AA$35,8,FALSE)*10,F4) -> 20 | H4: =MAX(G4,VLOOKUP($A4,'Solar14-16'!$S$5:$AA$35,9,FALSE)*10) -> 50 | I4: =MAX(H4,VLOOKUP($A4,'Solar17-22'!$A$4:$G$35,2,FALSE)*10) -> 50 | J4: =MAX(I4,VLOOKUP($A4,'Solar17-22'!$A$4:$G$35,3,FALSE)*10) -> 50 | K4: =MAX(J4,VLOOKUP($A4,'Solar17-22'!$A$4:$G$35,4,FALSE)*10) -> 50 | L4: =MAX(K4,VLOOKUP($A4,'Solar17-22'!$A$4:$G$35,5,FALSE)*10) -> 51 | M4: =MAX(L4,VLOOKUP($A4,'Solar17-22'!$A$4:$G$35,6,FALSE)*10) -> 51 | N4: =MAX(M4,VLOOKUP($A4,'Solar17-22'!$A$4:$G$35,7,FALSE)*10) -> 51 | O4: =B4 -> 0 | P4: =C4-B4 -> 0 | Q4: =D4-C4 -> 0 | R4: =E4-D4 -> 0 | S4: =F4-E4 -> 0 | T4: =G4-F4 -> 20 | U4: =H4-G4 -> 30 | V4: =I4-H4 -> 0 | W4: =J4-I4 -> 0 | ... AA4: =N4-M4 -> 0
A5: 天津市 | B5: =IFERROR(VLOOKUP($A5,'Solar10-12'!$N$3:$Q$20,2,FALSE),0)/1000 -> 0 | C5: =MAX(B5,IFERROR(VLOOKUP($A5,'Solar10-12'!$N$3:$Q$20,3,FALSE),0)/1000) -> 0 | D5: =MAX(C5,IFERROR(VLOOKUP($A5,'Solar10-12'!$N$3:$Q$20,4,FALSE),0)/1000) -> 0 | E5: =MAX(D5,VLOOKUP($A5,'Solar14-16'!$S$5:$AA$35,4,FALSE)*10) -> 0 | F5: =MAX(VLOOKUP($A5,'Solar14-16'!$S$5:$AA$35,6,FALSE)*10,E5) -> 30 | G5: =MAX(VLOOKUP($A5,'Solar14-16'!$S$5:$AA$35,8,FALSE)*10,F5) -> 40 | H5: =MAX(G5,VLOOKUP($A5,'Solar14-16'!$S$5:$AA$35,9,FALSE)*10) -> 480 | I5: =MAX(H5,VLOOKUP($A5,'Solar17-22'!$A$4:$G$35,2,FALSE)*10) -> 530 | J5: =MAX(I5,VLOOKUP($A5,'Solar17-22'!$A$4:$G$35,3,FALSE)*10) -> 970 | K5: =MAX(J5,VLOOKUP($A5,'Solar17-22'!$A$4:$G$35,4,FALSE)*10) -> 1040 | L5: =MAX(K5,VLOOKUP($A5,'Solar17-22'!$A$4:$G$35,5,FALSE)*10) -> 1188.4 | M5: =MAX(L5,VLOOKUP($A5,'Solar17-22'!$A$4:$G$35,6,FALSE)*10) -> 1188.5 | N5: =MAX(M5,VLOOKUP($A5,'Solar17-22'!$A$4:$G$35,7,FALSE)*10) -> 1217 | O5: =B5 -> 0 | P5: =C5-B5 -> 0 | Q5: =D5-C5 -> 0 | R5: =E5-D5 -> 0 | S5: =F5-E5 -> 30 | T5: =G5-F5 -> 10 | U5: =H5-G5 -> 440 | V5: =I5-H5 -> 50 | W5: =J5-I5 -> 440 | ... AA5: =N5-M5 -> 28.5
A6: 河北省 | B6: =IFERROR(VLOOKUP($A6,'Solar10-12'!$N$3:$Q$20,2,FALSE),0)/1000 -> 0 | C6: =MAX(B6,IFERROR(VLOOKUP($A6,'Solar10-12'!$N$3:$Q$20,3,FALSE),0)/1000) -> 0 | D6: =MAX(C6,IFERROR(VLOOKUP($A6,'Solar10-12'!$N$3:$Q$20,4,FALSE),0)/1000) -> 0 | E6: =MAX(D6,VLOOKUP($A6,'Solar14-16'!$S$5:$AA$35,4,FALSE)*10) -> 340 | F6: =MAX(VLOOKUP($A6,'Solar14-16'!$S$5:$AA$35,6,FALSE)*10,E6) -> 1230 | G6: =MAX(VLOOKUP($A6,'Solar14-16'!$S$5:$AA$35,8,FALSE)*10,F6) -> 2120 | H6: =MAX(G6,VLOOKUP($A6,'Solar14-16'!$S$5:$AA$35,9,FALSE)*10) -> 4040 | I6: =MAX(H6,VLOOKUP($A6,'Solar17-22'!$A$4:$G$35,2,FALSE)*10) -> 5170 | J6: =MAX(I6,VLOOKUP($A6,'Solar17-22'!$A$4:$G$35,3,FALSE)*10) -> 8560 | K6: =MAX(J6,VLOOKUP($A6,'Solar17-22'!$A$4:$G$35,4,FALSE)*10) -> 9620 | L6: =MAX(K6,VLOOKUP($A6,'Solar17-22'!$A$4:$G$35,5,FALSE)*10) -> 14455.2 | M6: =MAX(L6,VLOOKUP($A6,'Solar17-22'!$A$4:$G$35,6,FALSE)*10) -> 16588.4 | N6: =MAX(M6,VLOOKUP($A6,'Solar17-22'!$A$4:$G$35,7,FALSE)*10) -> 19941 | O6: =B6 -> 0 | P6: =C6-B6 -> 0 | Q6: =D6-C6 -> 0 | R6: =E6-D6 -> 340 | S6: =F6-E6 -> 890 | T6: =G6-F6 -> 890 | U6: =H6-G6 -> 1920 | V6: =I6-H6 -> 1130 | W6: =J6-I6 -> 3390 | ... AA6: =N6-M6 -> 3352.6
A7: 山西省 | B7: =IFERROR(VLOOKUP($A7,'Solar10-12'!$N$3:$Q$20,2,FALSE),0)/1000 -> 0 | C7: =MAX(B7,IFERROR(VLOOKUP($A7,'Solar10-12'!$N$3:$Q$20,3,FALSE),0)/1000) -> 15 | D7: =MAX(C7,IFERROR(VLOOKUP($A7,'Solar10-12'!$N$3:$Q$20,4,FALSE),0)/1000) -> 15 | E7: =MAX(D7,VLOOKUP($A7,'Solar14-16'!$S$5:$AA$35,4,FALSE)*10) -> 210 | F7: =MAX(VLOOKUP($A7,'Solar14-16'!$S$5:$AA$35,6,FALSE)*10,E7) -> 430 | G7: =MAX(VLOOKUP($A7,'Solar14-16'!$S$5:$AA$35,8,FALSE)*10,F7) -> 1120 | H7: =MAX(G7,VLOOKUP($A7,'Solar14-16'!$S$5:$AA$35,9,FALSE)*10) -> 2840 | I7: =MAX(H7,VLOOKUP($A7,'Solar17-22'!$A$4:$G$35,2,FALSE)*10) -> 5300 | J7: =MAX(I7,VLOOKUP($A7,'Solar17-22'!$A$4:$G$35,3,FALSE)*10) -> 6810 | K7: =MAX(J7,VLOOKUP($A7,'Solar17-22'!$A$4:$G$35,4,FALSE)*10) -> 8570 | L7: =MAX(K7,VLOOKUP($A7,'Solar17-22'!$A$4:$G$35,5,FALSE)*10) -> 10283.2 | M7: =MAX(L7,VLOOKUP($A7,'Solar17-22'!$A$4:$G$35,6,FALSE)*10) -> 11018.4 | N7: =MAX(M7,VLOOKUP($A7,'Solar17-22'!$A$4:$G$35,7,FALSE)*10) -> 12570 | O7: =B7 -> 0 | P7: =C7-B7 -> 15 | Q7: =D7-C7 -> 0 | R7: =E7-D7 -> 195 | S7: =F7-E7 -> 220 | T7: =G7-F7 -> 690 | U7: =H7-G7 -> 1720 | V7: =I7-H7 -> 2460 | W7: =J7-I7 -> 1510 | ... AA7: =N7-M7 -> 1551.6
A8: 内蒙古自治区 | B8: =IFERROR(VLOOKUP($A8,'Solar10-12'!$N$3:$Q$20,2,FALSE),0)/1000 -> 0 | C8: =MAX(B8,IFERROR(VLOOKUP($A8,'Solar10-12'!$N$3:$Q$20,3,FALSE),0)/1000) -> 87 | D8: =MAX(C8,IFERROR(VLOOKUP($A8,'Solar10-12'!$N$3:$Q$20,4,FALSE),0)/1000) -> 196 | E8: =MAX(D8,VLOOKUP($A8,'Solar14-16'!$S$5:$AA$35,4,FALSE)*10) -> 1240 | F8: =MAX(VLOOKUP($A8,'Solar14-16'!$S$5:$AA$35,6,FALSE)*10,E8) -> 2840 | G8: =MAX(VLOOKUP($A8,'Solar14-16'!$S$5:$AA$35,8,FALSE)*10,F8) -> 4710 | H8: =MAX(G8,VLOOKUP($A8,'Solar14-16'!$S$5:$AA$35,9,FALSE)*10) -> 6370 | I8: =MAX(H8,VLOOKUP($A8,'Solar17-22'!$A$4:$G$35,2,FALSE)*10) -> 7410 | J8: =MAX(I8,VLOOKUP($A8,'Solar17-22'!$A$4:$G$35,3,FALSE)*10) -> 9330 | K8: =MAX(J8,VLOOKUP($A8,'Solar17-22'!$A$4:$G$35,4,FALSE)*10) -> 10010 | L8: =MAX(K8,VLOOKUP($A8,'Solar17-22'!$A$4:$G$35,5,FALSE)*10) -> 11380 | M8: =MAX(L8,VLOOKUP($A8,'Solar17-22'!$A$4:$G$35,6,FALSE)*10) -> 12995 | N8: =MAX(M8,VLOOKUP($A8,'Solar17-22'!$A$4:$G$35,7,FALSE)*10) -> 14296 | O8: =B8 -> 0 | P8: =C8-B8 -> 87 | Q8: =D8-C8 -> 109 | R8: =E8-D8 -> 1044 | S8: =F8-E8 -> 1600 | T8: =G8-F8 -> 1870 | U8: =H8-G8 -> 1660 | V8: =I8-H8 -> 1040 | W8: =J8-I8 -> 1920 | ... AA8: =N8-M8 -> 1301
A9: 辽宁省 | B9: =IFERROR(VLOOKUP($A9,'Solar10-12'!$N$3:$Q$20,2,FALSE),0)/1000 -> 0 | C9: =MAX(B9,IFERROR(VLOOKUP($A9,'Solar10-12'!$N$3:$Q$20,3,FALSE),0)/1000) -> 0 | D9: =MAX(C9,IFERROR(VLOOKUP($A9,'Solar10-12'!$N$3:$Q$20,4,FALSE),0)/1000) -> 10 | E9: =MAX(D9,VLOOKUP($A9,'Solar14-16'!$S$5:$AA$35,4,FALSE)*10) -> 30 | F9: =MAX(VLOOKUP($A9,'Solar14-16'!$S$5:$AA$35,6,FALSE)*10,E9) -> 40 | G9: =MAX(VLOOKUP($A9,'Solar14-16'!$S$5:$AA$35,8,FALSE)*10,F9) -> 70 | H9: =MAX(G9,VLOOKUP($A9,'Solar14-16'!$S$5:$AA$35,9,FALSE)*10) -> 360 | I9: =MAX(H9,VLOOKUP($A9,'Solar17-22'!$A$4:$G$35,2,FALSE)*10) -> 1850 | J9: =MAX(I9,VLOOKUP($A9,'Solar17-22'!$A$4:$G$35,3,FALSE)*10) -> 2190 | K9: =MAX(J9,VLOOKUP($A9,'Solar17-22'!$A$4:$G$35,4,FALSE)*10) -> 2460 | L9: =MAX(K9,VLOOKUP($A9,'Solar17-22'!$A$4:$G$35,5,FALSE)*10) -> 2818.9 | M9: =MAX(L9,VLOOKUP($A9,'Solar17-22'!$A$4:$G$35,6,FALSE)*10) -> 3175 | N9: =MAX(M9,VLOOKUP($A9,'Solar17-22'!$A$4:$G$35,7,FALSE)*10) -> 3813 | O9: =B9 -> 0 | P9: =C9-B9 -> 0 | Q9: =D9-C9 -> 10 | R9: =E9-D9 -> 20 | S9: =F9-E9 -> 10 | T9: =G9-F9 -> 30 | U9: =H9-G9 -> 290 | V9: =I9-H9 -> 1490 | W9: =J9-I9 -> 340 | ... AA9: =N9-M9 -> 638
A10: 吉林省 | B10: =IFERROR(VLOOKUP($A10,'Solar10-12'!$N$3:$Q$20,2,FALSE),0)/1000 -> 0 | C10: =MAX(B10,IFERROR(VLOOKUP($A10,'Solar10-12'!$N$3:$Q$20,3,FALSE),0)/1000) -> 0 | D10: =MAX(C10,IFERROR(VLOOKUP($A10,'Solar10-12'!$N$3:$Q$20,4,FALSE),0)/1000) -> 0 | E10: =MAX(D10,VLOOKUP($A10,'Solar14-16'!$S$5:$AA$35,4,FALSE)*10) -> 10 | F10: =MAX(VLOOKUP($A10,'Solar14-16'!$S$5:$AA$35,6,FALSE)*10,E10) -> 60 | G10: =MAX(VLOOKUP($A10,'Solar14-16'!$S$5:$AA$35,8,FALSE)*10,F10) -> 60 | H10: =MAX(G10,VLOOKUP($A10,'Solar14-16'!$S$5:$AA$35,9,FALSE)*10) -> 510 | I10: =MAX(H10,VLOOKUP($A10,'Solar17-22'!$A$4:$G$35,2,FALSE)*10) -> 1070 | J10: =MAX(I10,VLOOKUP($A10,'Solar17-22'!$A$4:$G$35,3,FALSE)*10) -> 2030 | K10: =MAX(J10,VLOOKUP($A10,'Solar17-22'!$A$4:$G$35,4,FALSE)*10) -> 2050 | L10: =MAX(K10,VLOOKUP($A10,'Solar17-22'!$A$4:$G$35,5,FALSE)*10) -> 2609.1 | M10: =MAX(L10,VLOOKUP($A10,'Solar17-22'!$A$4:$G$35,6,FALSE)*10) -> 2657.9 | N10: =MAX(M10,VLOOKUP($A10,'Solar17-22'!$A$4:$G$35,7,FALSE)*10) -> 2946 | O10: =B10 -> 0 | P10: =C10-B10 -> 0 | Q10: =D10-C10 -> 0 | R10: =E10-D10 -> 10 | S10: =F10-E10 -> 50 | T10: =G10-F10 -> 0 | U10: =H10-G10 -> 450 | V10: =I10-H10 -> 560 | W10: =J10-I10 -> 960 | ... AA10: =N10-M10 -> 288.1
A11: 黑龙江省 | B11: =IFERROR(VLOOKUP($A11,'Solar10-12'!$N$3:$Q$20,2,FALSE),0)/1000 -> 0 | C11: =MAX(B11,IFERROR(VLOOKUP($A11,'Solar10-12'!$N$3:$Q$20,3,FALSE),0)/1000) -> 0 | D11: =MAX(C11,IFERROR(VLOOKUP($A11,'Solar10-12'!$N$3:$Q$20,4,FALSE),0)/1000) -> 0 | E11: =MAX(D11,VLOOKUP($A11,'Solar14-16'!$S$5:$AA$35,4,FALSE)*10) -> 10 | F11: =MAX(VLOOKUP($A11,'Solar14-16'!$S$5:$AA$35,6,FALSE)*10,E11) -> 10 | G11: =MAX(VLOOKUP($A11,'Solar14-16'!$S$5:$AA$35,8,FALSE)*10,F11) -> 10 | H11: =MAX(G11,VLOOKUP($A11,'Solar14-16'!$S$5:$AA$35,9,FALSE)*10) -> 120 | I11: =MAX(H11,VLOOKUP($A11,'Solar17-22'!$A$4:$G$35,2,FALSE)*10) -> 640 | J11: =MAX(I11,VLOOKUP($A11,'Solar17-22'!$A$4:$G$35,3,FALSE)*10) -> 1410 | K11: =MAX(J11,VLOOKUP($A11,'Solar17-22'!$A$4:$G$35,4,FALSE)*10) -> 1950 | L11: =MAX(K11,VLOOKUP($A11,'Solar17-22'!$A$4:$G$35,5,FALSE)*10) -> 2349.9 | M11: =MAX(L11,VLOOKUP($A11,'Solar17-22'!$A$4:$G$35,6,FALSE)*10) -> 3299.9 | N11: =MAX(M11,VLOOKUP($A11,'Solar17-22'!$A$4:$G$35,7,FALSE)*10) -> 3669 | O11: =B11 -> 0 | P11: =C11-B11 -> 0 | Q11: =D11-C11 -> 0 | R11: =E11-D11 -> 10 | S11: =F11-E11 -> 0 | T11: =G11-F11 -> 0 | U11: =H11-G11 -> 110 | V11: =I11-H11 -> 520 | W11: =J11-I11 -> 770 | ... AA11: =N11-M11 -> 369.1
A12: 上海市 | B12: =IFERROR(VLOOKUP($A12,'Solar10-12'!$N$3:$Q$20,2,FALSE),0)/1000 -> 6.688 | C12: =MAX(B12,IFERROR(VLOOKUP($A12,'Solar10-12'!$N$3:$Q$20,3,FALSE),0)/1000) -> 6.688 | D12: =MAX(C12,IFERROR(VLOOKUP($A12,'Solar10-12'!$N$3:$Q$20,4,FALSE),0)/1000) -> 6.688 | E12: =MAX(D12,VLOOKUP($A12,'Solar14-16'!$S$5:$AA$35,4,FALSE)*10) -> 20 | F12: =MAX(VLOOKUP($A12,'Solar14-16'!$S$5:$AA$35,6,FALSE)*10,E12) -> 20 | G12: =MAX(VLOOKUP($A12,'Solar14-16'!$S$5:$AA$35,8,FALSE)*10,F12) -> 20 | H12: =MAX(G12,VLOOKUP($A12,'Solar14-16'!$S$5:$AA$35,9,FALSE)*10) -> 20 | I12: =MAX(H12,VLOOKUP($A12,'Solar17-22'!$A$4:$G$35,2,FALSE)*10) -> 20 | J12: =MAX(I12,VLOOKUP($A12,'Solar17-22'!$A$4:$G$35,3,FALSE)*10) -> 70 | K12: =MAX(J12,VLOOKUP($A12,'Solar17-22'!$A$4:$G$35,4,FALSE)*10) -> 70 | L12: =MAX(K12,VLOOKUP($A12,'Solar17-22'!$A$4:$G$35,5,FALSE)*10) -> 197 | M12: =MAX(L12,VLOOKUP($A12,'Solar17-22'!$A$4:$G$35,6,FALSE)*10) -> 240.9 | N12: =MAX(M12,VLOOKUP($A12,'Solar17-22'!$A$4:$G$35,7,FALSE)*10) -> 240.9 | O12: =B12 -> 6.688 | P12: =C12-B12 -> 0 | Q12: =D12-C12 -> 0 | R12: =E12-D12 -> 13.312 | S12: =F12-E12 -> 0 | T12: =G12-F12 -> 0 | U12: =H12-G12 -> 0 | V12: =I12-H12 -> 0 | W12: =J12-I12 -> 50 | ... AA12: =N12-M12 -> 0
A13: 江苏省 | B13: =IFERROR(VLOOKUP($A13,'Solar10-12'!$N$3:$Q$20,2,FALSE),0)/1000 -> 70 | C13: =MAX(B13,IFERROR(VLOOKUP($A13,'Solar10-12'!$N$3:$Q$20,3,FALSE),0)/1000) -> 331.01 | D13: =MAX(C13,IFERROR(VLOOKUP($A13,'Solar10-12'!$N$3:$Q$20,4,FALSE),0)/1000) -> 361.01 | E13: =MAX(D13,VLOOKUP($A13,'Solar14-16'!$S$5:$AA$35,4,FALSE)*10) -> 770 | F13: =MAX(VLOOKUP($A13,'Solar14-16'!$S$5:$AA$35,6,FALSE)*10,E13) -> 1720 | G13: =MAX(VLOOKUP($A13,'Solar14-16'!$S$5:$AA$35,8,FALSE)*10,F13) -> 3030 | H13: =MAX(G13,VLOOKUP($A13,'Solar14-16'!$S$5:$AA$35,9,FALSE)*10) -> 3730 | I13: =MAX(H13,VLOOKUP($A13,'Solar17-22'!$A$4:$G$35,2,FALSE)*10) -> 5800 | J13: =MAX(I13,VLOOKUP($A13,'Solar17-22'!$A$4:$G$35,3,FALSE)*10) -> 7920 | K13: =MAX(J13,VLOOKUP($A13,'Solar17-22'!$A$4:$G$35,4,FALSE)*10) -> 8210 | L13: =MAX(K13,VLOOKUP($A13,'Solar17-22'!$A$4:$G$35,5,FALSE)*10) -> 8959.1 | M13: =MAX(L13,VLOOKUP($A13,'Solar17-22'!$A$4:$G$35,6,FALSE)*10) -> 9410.8 | N13: =MAX(M13,VLOOKUP($A13,'Solar17-22'!$A$4:$G$35,7,FALSE)*10) -> 9533 | O13: =B13 -> 70 | P13: =C13-B13 -> 261.01 | Q13: =D13-C13 -> 30 | R13: =E13-D13 -> 408.99 | S13: =F13-E13 -> 950 | T13: =G13-F13 -> 1310 | U13: =H13-G13 -> 700 | V13: =I13-H13 -> 2070 | W13: =J13-I13 -> 2120 | ... AA13: =N13-M13 -> 122.2
A14: 浙江省 | B14: =IFERROR(VLOOKUP($A14,'Solar10-12'!$N$3:$Q$20,2,FALSE),0)/1000 -> 0 | C14: =MAX(B14,IFERROR(VLOOKUP($A14,'Solar10-12'!$N$3:$Q$20,3,FALSE),0)/1000) -> 0 | D14: =MAX(C14,IFERROR(VLOOKUP($A14,'Solar10-12'!$N$3:$Q$20,4,FALSE),0)/1000) -> 0 | E14: =MAX(D14,VLOOKUP($A14,'Solar14-16'!$S$5:$AA$35,4,FALSE)*10) -> 0 | F14: =MAX(VLOOKUP($A14,'Solar14-16'!$S$5:$AA$35,6,FALSE)*10,E14) -> 30 | G14: =MAX(VLOOKUP($A14,'Solar14-16'!$S$5:$AA$35,8,FALSE)*10,F14) -> 430 | H14: =MAX(G14,VLOOKUP($A14,'Solar14-16'!$S$5:$AA$35,9,FALSE)*10) -> 1310 | I14: =MAX(H14,VLOOKUP($A14,'Solar17-22'!$A$4:$G$35,2,FALSE)*10) -> 3150 | J14: =MAX(I14,VLOOKUP($A14,'Solar17-22'!$A$4:$G$35,3,FALSE)*10) -> 3610 | K14: =MAX(J14,VLOOKUP($A14,'Solar17-22'!$A$4:$G$35,4,FALSE)*10) -> 4140 | L14: =MAX(K14,VLOOKUP($A14,'Solar17-22'!$A$4:$G$35,5,FALSE)*10) -> 4140 | M14: =MAX(L14,VLOOKUP($A14,'Solar17-22'!$A$4:$G$35,6,FALSE)*10) -> 5770.3 | N14: =MAX(M14,VLOOKUP($A14,'Solar17-22'!$A$4:$G$35,7,FALSE)*10) -> 6134 | O14: =B14 -> 0 | P14: =C14-B14 -> 0 | Q14: =D14-C14 -> 0 | R14: =E14-D14 -> 0 | S14: =F14-E14 -> 30 | T14: =G14-F14 -> 400 | U14: =H14-G14 -> 880 | V14: =I14-H14 -> 1840 | W14: =J14-I14 -> 460 | ... AA14: =N14-M14 -> 363.7
A15: 安徽省 | B15: =IFERROR(VLOOKUP($A15,'Solar10-12'!$N$3:$Q$20,2,FALSE),0)/1000 -> 0 | C15: =MAX(B15,IFERROR(VLOOKUP($A15,'Solar10-12'!$N$3:$Q$20,3,FALSE),0)/1000) -> 0 | D15: =MAX(C15,IFERROR(VLOOKUP($A15,'Solar10-12'!$N$3:$Q$20,4,FALSE),0)/1000) -> 14.6 | E15: =MAX(D15,VLOOKUP($A15,'Solar14-16'!$S$5:$AA$35,4,FALSE)*10) -> 14.6 | F15: =MAX(VLOOKUP($A15,'Solar14-16'!$S$5:$AA$35,6,FALSE)*10,E15) -> 260 | G15: =MAX(VLOOKUP($A15,'Solar14-16'!$S$5:$AA$35,8,FALSE)*10,F15) -> 890 | H15: =MAX(G15,VLOOKUP($A15,'Solar14-16'!$S$5:$AA$35,9,FALSE)*10) -> 2670 | I15: =MAX(H15,VLOOKUP($A15,'Solar17-22'!$A$4:$G$35,2,FALSE)*10) -> 5650 | J15: =MAX(I15,VLOOKUP($A15,'Solar17-22'!$A$4:$G$35,3,FALSE)*10) -> 6770 | K15: =MAX(J15,VLOOKUP($A15,'Solar17-22'!$A$4:$G$35,4,FALSE)*10) -> 7730 | L15: =MAX(K15,VLOOKUP($A15,'Solar17-22'!$A$4:$G$35,5,FALSE)*10) -> 8255.6 | M15: =MAX(L15,VLOOKUP($A15,'Solar17-22'!$A$4:$G$35,6,FALSE)*10) -> 9470.2 | N15: =MAX(M15,VLOOKUP($A15,'Solar17-22'!$A$4:$G$35,7,FALSE)*10) -> 10638 | O15: =B15 -> 0 | P15: =C15-B15 -> 0 | Q15: =D15-C15 -> 14.6 | R15: =E15-D15 -> 0 | S15: =F15-E15 -> 245.4 | T15: =G15-F15 -> 630 | U15: =H15-G15 -> 1780 | V15: =I15-H15 -> 2980 | W15: =J15-I15 -> 1120 | ... AA15: =N15-M15 -> 1167.8
... A33: 宁夏回族自治区 | B33: =IFERROR(VLOOKUP($A33,'Solar10-12'!$N$3:$Q$20,2,FALSE),0)/1000 -> 90.33 | C33: =MAX(B33,IFERROR(VLOOKUP($A33,'Solar10-12'!$N$3:$Q$20,3,FALSE),0)/1000) -> 491.33 | D33: =MAX(C33,IFERROR(VLOOKUP($A33,'Solar10-12'!$N$3:$Q$20,4,FALSE),0)/1000) -> 530.83 | E33: =MAX(D33,VLOOKUP($A33,'Solar14-16'!$S$5:$AA$35,4,FALSE)*10) -> 1350 | F33: =MAX(VLOOKUP($A33,'Solar14-16'!$S$5:$AA$35,6,FALSE)*10,E33) -> 2160 | G33: =MAX(VLOOKUP($A33,'Solar14-16'!$S$5:$AA$35,8,FALSE)*10,F33) -> 3060 | H33: =MAX(G33,VLOOKUP($A33,'Solar14-16'!$S$5:$AA$35,9,FALSE)*10) -> 5050 | I33: =MAX(H33,VLOOKUP($A33,'Solar17-22'!$A$4:$G$35,2,FALSE)*10) -> 5870 | J33: =MAX(I33,VLOOKUP($A33,'Solar17-22'!$A$4:$G$35,3,FALSE)*10) -> 7610 | K33: =MAX(J33,VLOOKUP($A33,'Solar17-22'!$A$4:$G$35,4,FALSE)*10) -> 8440 | L33: =MAX(K33,VLOOKUP($A33,'Solar17-22'!$A$4:$G$35,5,FALSE)*10) -> 11219.6 | M33: =MAX(L33,VLOOKUP($A33,'Solar17-22'!$A$4:$G$35,6,FALSE)*10) -> 13033.6 | N33: =MAX(M33,VLOOKUP($A33,'Solar17-22'!$A$4:$G$35,7,FALSE)*10) -> 14916 | O33: =B33 -> 90.33 | P33: =C33-B33 -> 401 | Q33: =D33-C33 -> 39.5 | R33: =E33-D33 -> 819.17 | S33: =F33-E33 -> 810 | T33: =G33-F33 -> 900 | U33: =H33-G33 -> 1990 | V33: =I33-H33 -> 820 | W33: =J33-I33 -> 1740 | ... AA33: =N33-M33 -> 1882.4
A34: 新疆维吾尔自治区 | B34: =IFERROR(VLOOKUP($A34,'Solar10-12'!$N$3:$Q$20,2,FALSE),0)/1000 -> 0 | C34: =MAX(B34,IFERROR(VLOOKUP($A34,'Solar10-12'!$N$3:$Q$20,3,FALSE),0)/1000) -> 0 | D34: =MAX(C34,IFERROR(VLOOKUP($A34,'Solar10-12'!$N$3:$Q$20,4,FALSE),0)/1000) -> 180 | E34: =MAX(D34,VLOOKUP($A34,'Solar14-16'!$S$5:$AA$35,4,FALSE)*10) -> 2930 | F34: =MAX(VLOOKUP($A34,'Solar14-16'!$S$5:$AA$35,6,FALSE)*10,E34) -> 3520 | G34: =MAX(VLOOKUP($A34,'Solar14-16'!$S$5:$AA$35,8,FALSE)*10,F34) -> 5290 | H34: =MAX(G34,VLOOKUP($A34,'Solar14-16'!$S$5:$AA$35,9,FALSE)*10) -> 8620 | I34: =MAX(H34,VLOOKUP($A34,'Solar17-22'!$A$4:$G$35,2,FALSE)*10+VLOOKUP("新疆建设兵团",'Solar17-22'!$A$4:$G$35,2,FALSE)*10) -> 9330 | J34: =MAX(I34,VLOOKUP($A34,'Solar17-22'!$A$4:$G$35,3,FALSE)*10+VLOOKUP("新疆建设兵团",'Solar17-22'!$A$4:$G$35,3,FALSE)*10) -> 9760 | K34: =MAX(J34,VLOOKUP($A34,'Solar17-22'!$A$4:$G$35,4,FALSE)*10+VLOOKUP("新疆建设兵团",'Solar17-22'!$A$4:$G$35,4,FALSE)*10) -> 10660 | L34: =MAX(K34,VLOOKUP($A34,'Solar17-22'!$A$4:$G$35,5,FALSE)*10+VLOOKUP("新疆建设兵团",'Solar17-22'!$A$4:$G$35,5,FALSE)*10) -> 12826.8 | M34: =MAX(L34,VLOOKUP($A34,'Solar17-22'!$A$4:$G$35,6,FALSE)*10+VLOOKUP("新疆建设兵团",'Solar17-22'!$A$4:$G$35,6,FALSE)*10) -> 13319.8 | N34: =MAX(M34,VLOOKUP($A34,'Solar17-22'!$A$4:$G$35,7,FALSE)*10+VLOOKUP("新疆建设兵团",'Solar17-22'!$A$4:$G$35,7,FALSE)*10) -> 15461 | O34: =B34 -> 0 | P34: =C34-B34 -> 0 | Q34: =D34-C34 -> 180 | R34: =E34-D34 -> 2750 | S34: =F34-E34 -> 590 | T34: =G34-F34 -> 1770 | U34: =H34-G34 -> 3330 | V34: =I34-H34 -> 710 | W34: =J34-I34 -> 430 | ... AA34: =N34-M34 -> 2141.2

Sheet Solar Thermal
A1: 项目名称 | B1: 项目状态 | C1: 建成时间 | D1: 省份 | E1: 地区 | F1: 装机容量（MW） | G1: 年设计发电量（亿千瓦时） | H1: 塔/线/槽式 | I1: 建成时间（预计） | J1: 建设状态 | K1: 开工时间
A2: 中广核太阳能德令哈有限公司导热油槽式5万千瓦光热发电项目 | B2: 投运 | C2: 2021 | D2: 青海省 | E2: 青海省德令哈市西出口光伏（热）产业园区 | F2: 50 | G2: 1.975 | H2: 槽式 | I2: 2018年6月30日并网 | J2: 建成投运
A3: 首航高科能源技术股份有限公司（原北京首航艾启威节能技术股份有限公司）敦煌熔盐塔式10万千瓦光热发电示范项目 | B3: 投运 | C3: 2019 | D3: 甘肃省 | E3: 甘肃省敦煌市七 里镇西光电产业园 | F3: 100 | G3: 3.9 | H3: 塔式 | I3: 2019 年 6 月 | J3: 建成投运
A4: 青海中控太阳能发电有限公司德令哈熔盐塔式5万千万光热发电项目 | B4: 投运 | C4: 2018 | D4: 青海省 | E4: 青海省德令哈 市西出口光伏（热）产业园区 | F4: 50 | G4: 1.46 | H4: 塔式 | I4: 2018 年 12 月 30 日并网发电，2019 年 4 月 17 日实现了满 负荷运行 | J4: 建成投运
A5: 中国电建西北勘测设计研究院有限公司共和熔盐塔式5万千瓦光热发电项目（中电建青海共和 50MW 塔式项目） | B5: 投运 | C5: 2019 | D5: 青海省 | E5: 青海省海南州共和县生态太阳能发电园区 | F5: 50 | G5: 1.569 | H5: 塔式 | I5: 2020 年 11 月 6 日实现满负荷运行 2021 年 4 月通过国家光热 发电项目示范性验收 | J5: 建成投运
A6: 中国电力工程顾问集团西北电力设计院有限公司哈密熔盐塔式5万千瓦光热发电项目（中能建哈密 50MW 塔式项目） | B6: 投运 | C6: 2019 | D6: 新疆维吾尔自治区 | E6: 新疆哈密市伊吾县 | F6: 50 | G6: 1.983 | H6: 塔式 | I6: 2019 年 12 月 29 日实现首次并网。2021 年 6 月 18 日凌 晨 01 时 26 分并网发电，9 月 6 日实现全容量发电。 | J6: 建成投运 | K6: 2017 年 10 月 19 日
A7: 兰州大成科技股份有限公司敦煌熔盐线性菲涅尔式5万千瓦光热发电示范项目（兰州大成敦煌 50MW 线菲项目） | B7: 投运 | C7: 2020 | D7: 甘肃省 | E7: 甘肃省敦煌市七里镇光电产业园区 | F7: 50 | G7: 2.14 | H7: 线性 菲涅耳式 | I7: 2019 年 12 月 31 日实现并网发电。2020年 6 月 18 日太阳能集热场系统整体并网发电投运 [17 | J7: 建成投运
A8: 内蒙古中核龙腾新能源有限公司乌拉特中旗导热油槽式10万千瓦光热发电项目（中船新能乌拉特中旗 100MW 槽式项目） | B8: 投运 | C8: 2022 | D8: 内蒙古自治区 | E8: 内蒙古巴彦淖尔市乌拉特中旗 | F8: 100 | G8: 3.92 | H8: 槽式 | I8: 2020 年 1 月 8 日首次 实现并网发电，2020 年 12 月 16 日实现满负荷发电，2021 年 10 月 20 日通过国家示范性验收。 | J8: 建成投运 | K8: 2018 年 6 月
A9: 鲁能格尔木多能互补 50MW 塔式项目 | B9: 投运 | C9: 2020 | D9: 青海省 | E9: 青海省海西州多能互补基地 | F9: 50 | G9: 1.6 | H9: 塔式 | I9: 2019年 9 月 19 日成功一次并网， 2020 年 8 月 27 日完成了 120 小时可靠性运行， 2021 年 5 月 14 日，光热电站完成涉网联合试验。 | J9: 建成投运
A10: 玉门鑫能光热第一电力有限公司熔盐塔式5万千瓦光热发电项目 | B10: 投运 | C10: 2022 | D10: 甘肃省 | E10: 玉门市 | F10: 50 | G10: 2.16 | H10: 塔式 | I10: 44560 | J10: 建成投运 | K10: 2017年8月31 日，常规动力岛正式开工建设
A11: 深圳市金钒能源科技有限公司阿克塞5万千瓦熔盐槽式光热发电项目 | D11: 甘肃省 | F11: 50 | G11: 2.56 | H11: 槽式 | J11: 在建 | K11: 主体工程2017年6月份开工建设
A12: 国电投黄河上游水电开发有限责任公司德令哈水工质塔式13.5万千瓦光热发电项目（现由中控太阳能接续开发） | D12: 青海省 | F12: 135 | H12: 塔式 | J12: 在建 | K12: 2021年3月25日项目正式开建。
A13: 中国三峡新能源有限公司金塔熔盐塔式10万千瓦光热发电项目（现由中控太阳能接续开发） | F13: 100 | G13: 13.7 | H13: 塔式 | I13: 计划于2023年底实现全容量并网发电 | K13: 44645
A14: 达华工程管理（集团）有限公司尚义水工质塔式5万千瓦光热发电项目 | F14: 50 | G14: 1.21 | H14: 塔式
A15: 北京国华电力有限责任公司玉门熔盐塔式10万千瓦光热发电项目（现由首航高科接续开发） | F15: 100 | H15: 塔式 | J15: 退出首批
A16: 常州龙腾太阳能热电设备有限公司玉门东镇导热油槽式5万千瓦光热发电项目 | D16: 甘肃省 | F16: 50 | H16: 槽式 | K16: 2018年6月19日奠基
A17: 中海阳能源集团股份有限公司玉门东镇导热油槽式5万千瓦光热发电项目 | F17: 50 | H17: 槽式 | K17: 2017年8月12日，前期场平工程正式启动，项目正式进入全面建设阶段。
A18: 中节能甘肃武威太阳能发电有限公司古浪导热油槽式10万千瓦光热发电项目 | F18: 100 | H18: 槽式
A19: 中阳张家口察北能源有限公司熔盐槽式6.4万千瓦光热发电项目 | F19: 64 | G19: 3.5 | H19: 槽式 | K19: 2017年4月17日（2014年7月举行开工仪式。）
A20: 北方联合电力有限责任公司乌拉特旗导热油菲涅尔式5万千瓦光热发电项目 | F20: 50 | H20: 线性 菲涅耳式 | J20: 退出首批
A21: 中信张北新能源开发有限公司水工质类菲涅尔式5万千瓦光热发电项目 | F21: 50 | H21: 线性 菲涅耳式 | J21: 退出首批
A22: 张北华强兆阳能源有限公司张家口水工质类菲涅尔式5万千瓦太阳能热发电项目 | F22: 50 | H22: 线性 菲涅耳式 | K22: 42842

Sheet NG2012
A1: 全国并网燃气发电机组情况表（截至 2012 年底）
A2: 地区 | B2: 机组数量 /台（套) | C2: 容量 /万千瓦 | E2: 占全国比例 | F2: F 级 | H2: E 级 | J2: E 级以下
F3: 机组数量 /台（套) | G3: 容量 /万千瓦 | H3: 数量 /台（套) | I3: 机组容量 /万千瓦 | J3: 数量 /台（套) | K3: 机组容量 /万千瓦
A4: 广东省 | B4: 47 | C4: 1085.63 | E4: 0.2695 | F4: 13 | G4: 507 | H4: 30 | I4: 551.03 | J4: 4 | K4: 27.6
A5: 江苏省 | B5: 25 | C5: 646.1 | E5: 0.1604 | F5: 10 | G5: 359.8 | H5: 15 | I5: 286.3 | J5: / | K5: /
A6: 上海市 | B6: 20 | C6: 511.26 | E6: 0.1269 | F6: 9 | G6: 350.4 | H6: 11 | I6: 160.86 | J6: / | K6: /
A7: 浙江省 | B7: 17 | C7: 481.28 | E7: 0.1195 | F7: 10 | G7: 427.98 | H7: 2 | I7: 23.4 | J7: 5 | K7: 29.9
A8: 福建省 | B8: 12 | C8: 405.8 | E8: 0.1007 | F8: 10 | G8: 374.6 | H8: 2 | I8: 31.2 | J8: / | K8: /
A9: 北京市 | B9: 8 | C9: 286.8 | E9: 0.0712 | F9: 3 | G9: 209 | H9: 2 | I9: 50.8 | J9: 3 | K9: 27
A10: 河南省 | B10: 4 | C10: 156 | E10: 0.0387 | F10: 4 | G10: 156 | H10: / | I10: / | J10: / | K10: /
A11: 山西省 | B11: 372 | C11: 82.42 | E11: 0.0205 | F11: / | G11: / | H11: / | I11: / | J11: 372 | K11: 82.424
A12: 海南省 | B12: 7 | C12: 52.96 | E12: 0.0131 | F12: / | G12: / | H12: 2 | I12: 27.76 | J12: 5 | K12: 25.2
A13: 山东省 | B13: 39 | C13: 45.96 | E13: 0.0114 | F13: / | G13: / | H13: / | I13: / | J13: 39 | K13: 45.962
A14: 内蒙古自治区 | B14: 2 | C14: 39 | E14: 0.0097 | F14: / | G14: / | H14: 2 | I14: 39 | J14: / | K14: /
A15: 青海省 | B15: 2 | C15: 39 | E15: 0.0097 | F15: / | G15: / | H15: 2 | I15: 39 | J15: / | K15: /
A16: 湖北省 | B16: 2 | C16: 36.15 | E16: 0.009 | F16: / | G16: / | H16: 2 | I16: 36.15 | J16: / | K16: /
A17: 辽宁省 | B17: 1 | C17: 30 | E17: 0.0074 | F17: 1 | G17: 30 | H17: / | I17: / | J17: / | K17: /
A18: 陕西省 | B18: 9 | C18: 26.4 | E18: 0.0066 | F18: / | G18: / | H18: / | I18: / | J18: 9 | K18: 26.4
A19: 天津市 | B19: 2 | C19: 24.7 | E19: 0.0061 | F19: / | G19: / | H19: 1 | I19: 17.1 | J19: 1 | K19: 7.6
A20: 四川省 | B20: 29 | C20: 23.12 | E20: 0.0057 | F20: / | G20: / | H20: / | I20: / | J20: 29 | K20: 23.12
A21: 新疆维吾尔自治区 | B21: 4 | C21: 19.45 | E21: 0.0048 | F21: / | G21: / | H21: / | I21: / | J21: 4 | K21: 19.452
A22: 西藏自治区 | B22: 1 | C22: 18 | E22: 0.0045 | F22: / | G22: / | H22: 1 | I22: 18 | J22: / | K22: /
A23: 宁夏回族自治区 | B23: 2 | C23: 12.8 | E23: 0.0032 | F23: / | G23: / | H23: / | I23: / | J23: 2 | K23: 12.8
A24: 吉林省 | B24: 1 | C24: 5 | E24: 0.0012 | F24: / | G24: / | H24: / | I24: / | J24: 1 | K24: 5
A25: 总计 | B25: 606 | C25: 4027.84 | E25: 1 | F25: 60 | G25: 2414.78 | H25: 72 | I25: 1280.6 | J25: 474 | K25: 332.46

Sheet NG09-21
A1: Order | B1: Project.ID | C1: Region | D1: Year | E1: Type | F1: Gen.Type1 | G1: Gen.Type2 | H1: Project.Name | I1: Project.Address | J1: Unit | K1: Capacity | L1: Date | M1: Page | N1: Row
C2: 广东省 | D2: 2009 | E2: Projects | F2: 火电-燃气-分布式燃气 | G2: 火电 | H2: 横门电厂#3、#4 | I2: 广东省中山市 | J2: 2 | K2: 78
C3: 福建省 | D3: 2009 | E3: Projects | F3: 火电-燃气-常规燃气 | G3: 火电 | H3: 福建晋江LNG电厂(#1机) 2008年8月投运 | I3: 福建省泉州市晋江市 | J3: 1 | K3: 35 | L3: 2009年5月27日
C4: 福建省 | D4: 2009 | E4: Projects | F4: 火电-燃气-常规燃气 | G4: 火电 | H4: 福建晋江LNG电厂(#2机) | I4: 福建省泉州市晋江市 | J4: 1 | K4: 35 | L4: 2009年5月27日
C5: 福建省 | D5: 2009 | E5: Projects | F5: 火电-燃气-常规燃气 | G5: 火电 | H5: 福建莆田LNG电厂(#1机) 2008年12月投运 | I5: 福建省莆田市 | J5: 1 | K5: 35 | L5: 2009年3月13日
C6: 福建省 | D6: 2009 | E6: Projects | F6: 火电-燃气-常规燃气 | G6: 火电 | H6: 福建莆田LNG电厂(#2机) | I6: 福建省莆田市 | J6: 1 | K6: 35 | L6: 2009年3月13日
C7: 福建省 | D7: 2009 | E7: Projects | F7: 火电-燃气-常规燃气 | G7: 火电 | H7: 福建厦门LNG电厂(#1机) | I7: 福建省厦门市 | J7: 1 | K7: 35 | L7: 2009年3月7日
C8: 福建省 | D8: 2009 | E8: Projects | F8: 火电-燃气-常规燃气 | G8: 火电 | H8: 福建厦门LNG电厂(#2机) | I8: 福建省厦门市 | J8: 1 | K8: 35 | L8: 2009年8月15日
C9: 广东省 | D9: 2009 | E9: Projects | F9: 火电-燃气-分布式燃气 | G9: 火电 | H9: 广州大学城 | I9: 广东省广州市番禺区南村镇 | J9: 2 | K9: 15.6
C10: 新疆维吾尔自治区 | D10: 2009 | E10: Projects | F10: 火电-燃气-常规燃气 | G10: 火电 | H10: 乌恰胜动燃气发电厂 | K10: 3.4
C11: 四川省 | D11: 2009 | E11: Projects | F11: 火电-燃气-煤层气发电 | G11: 火电 | H11: 盛民瓦斯发电 | I11: 四川省广安市 | J11: 26 | K11: 1.3 | L11: 2009年3月3日
C12: 云南省 | D12: 2009 | E12: Projects | F12: 火电-燃气-沼气发电 | G12: 火电 | H12: 昆明东郊垃圾填埋沼气发电厂#2 | I12: 云南省 | K12: 0.5
C13: 广东省 | D13: 2010 | E13: Projects | F13: 火电-燃气-常规燃气 | G13: 火电 | H13: 广东惠州热电电厂一期项目 | I13: 广东省惠州市大亚湾开发区 | J13: 2 | K13: 66
C14: 福建省 | D14: 2010 | E14: Projects | F14: 火电-燃气-常规燃气 | G14: 火电 | H14: 福建晋江LNG电厂(#3机) | I14: 福建省莆田市 | J14: 1 | K14: 35 | L14: 2010年3月
C15: 福建省 | D15: 2010 | E15: Projects | F15: 火电-燃气-常规燃气 | G15: 火电 | H15: 福建晋江LNG电厂(#4机) | I15: 福建省莆田市 | J15: 1 | K15: 35 | L15: 2010年9月
C16: 福建省 | D16: 2010 | E16: Projects | F16: 火电-燃气-常规燃气 | G16: 火电 | H16: 福建莆田LNG电厂(#3机) | I16: 福建省莆田市 | J16: 1 | K16: 35 | L16: 2010年2月
C17: 福建省 | D17: 2010 | E17: Projects | F17: 火电-燃气-常规燃气 | G17: 火电 | H17: 福建莆田LNG电厂(#4机) | I17: 福建省莆田市 | J17: 1 | K17: 35 | L17: 2010年5月
C18: 西藏自治区 | D18: 2010 | E18: Projects | F18: 火电-燃气-常规燃气 | G18: 火电 | H18: 东嘎电厂 | I18: 西藏拉萨市堆龙德庆县 | J18: 8 | K18: 19.88 | L18: 2010年1月
C19: 湖北省 | D19: 2010 | E19: Projects | F19: 火电-燃气-常规燃气 | G19: 火电 | H19: 湖北武昌燃机 | I19: 湖北省武汉市武昌区 | J19: 1 | K19: 18.5 | L19: 2010年4月
C20: 山东省 | D20: 2010 | E20: Projects | F20: 火电-燃气-常规燃气 | G20: 火电 | H20: 南山电厂 | I20: 山东省龙口市 | J20: 1 | K20: 15 | L20: 2010年2月
C21: 湖北省 | D21: 2010 | E21: Projects | F21: 火电-燃气-沼气发电 | G21: 火电 | H21: 江环亿碳(陈家冲沼气发电) | I21: 湖北省武汉市 | J21: 1 | K21: 0.19 | L21: 2010年10月
C22: 上海市 | D22: 2011 | E22: Projects | F22: 火电-燃气-常规燃气 | G22: 火电 | H22: 上海申能临港燃机发电有限公司 | I22: 上海市 | J22: 3 | K22: 122.3 | L22: #1：2011年1月19日 #2：2011年5月19日 #3：2011年12月22日
C23: 北京市 | D23: 2011 | E23: Projects | F23: 火电-燃气-常规燃气 | G23: 火电 | H23: 北京热电厂燃气热电联产 | I23: 北京朝阳区 | J23: 3 | K23: 92.34 | L23: 2011年12月26日
C24: 江苏省 | D24: 2011 | E24: Projects | F24: 火电-燃气-常规燃气 | G24: 火电 | H24: 江苏戚墅堰燃机电厂 | I24: 江苏省常州市 | J24: 1 | K24: 22 | L24: 2011年11月23日
C25: 内蒙古自治区 | D25: 2011 | E25: Projects | F25: 火电-燃气-煤层气发电 | G25: 火电 | H25: 克旗煤制气自备电站1号 | I25: 内蒙古克什克腾 | J25: 2 | K25: 20 | L25: 2011年12月
... C27: 山东省 | D27: 2011 | E27: Projects | F27: 火电-燃气-沼气发电 | G27: 火电 | H27: 青岛胶南绿茵环保公司垃圾厌氧发酵沼气发电项目 | I27: 山东省青岛市 | J27: 2 | K27: 0.31 | L27: 2011年6月25日
A28: 3571 | B28: 322012221 | C28: 江苏省 | D28: 2012 | E28: Projects | F28: 火电-燃气-常规燃气 | G28: 火电 | H28: 江苏仪征燃机电厂 | I28: 江苏省仪征市 | J28: 3 | K28: 76.2 | L28: 2012-09-22 | M28: 8
A29: 4596 | B29: 332012221 | C29: 浙江省 | D29: 2012 | E29: Projects | F29: 火电-燃气-常规燃气 | G29: 火电 | H29: 浙江绍兴燃机项目 | I29: 浙江省绍兴市 | J29: 1 | K29: 45.2 | L29: 2012/12/31 | M29: 10
A30: 4597 | B30: 332012221 | C30: 浙江省 | D30: 2012 | E30: Projects | F30: 火电-燃气-常规燃气 | G30: 火电 | H30: 浙江杭州半山燃机项目 | I30: 浙江省杭州市 | J30: 1 | K30: 41.5 | L30: 2012-09-071 | M30: 10
A31: 4598 | B31: 332012221 | C31: 浙江省 | D31: 2012 | E31: Projects | F31: 火电-燃气-常规燃气 | G31: 火电 | H31: 萧山天然气热电联产工程 | I31: 浙江省杭州市 | J31: 1 | K31: 40 | L31: 2012-06-30 | M31: 10
A32: 3570 | B32: 322012221 | C32: 江苏省 | D32: 2012 | E32: Projects | F32: 火电-燃气-常规燃气 | G32: 火电 | H32: 江苏戚墅堰燃机电厂 | I32: 江苏省常州市 | J32: 1 | K32: 22 | L32: 2012-09-01 | M32: 8
A33: 3569 | B33: 322012221 | C33: 江苏省 | D33: 2012 | E33: Projects | F33: 火电-燃气-常规燃气 | G33: 火电 | H33: 江苏国信淮安燃气发电有限公司 | I33: 江苏省淮安市 | J33: 1 | K33: 18 | L33: 2012-04-01 | M33: 8
A34: 3095 | B34: 232012223 | C34: 黑龙江省 | D34: 2012 | E34: Projects | F34: 火电-燃气-沼气发电 | G34: 火电 | H34: 黑龙江桦川生物质电厂 | I34: 黑龙江省佳木斯市 | J34: 2 | K34: 2.4 | L34: 2012-07-27 2012-08-17 | M34: 7
A35: 1190 | B35: 142012222 | C35: 山西省 | D35: 2012 | E35: Projects | F35: 火电-燃气-煤层气发电 | G35: 火电 | H35: 马军峪煤矿瓦斯发电工程 | I35: 山西省长治市 | J35: 10 | K35: 0.5 | L35: 2012-12-12 | M35: 3
A36: 3572 | B36: 322012223 | C36: 江苏省 | D36: 2012 | E36: Projects | F36: 火电-燃气-沼气发电 | G36: 火电 | H36: 南京丰尚新能源科技有限公司（沼气发电项目） | I36: 江苏省南京市 | J36: 4 | K36: 0.4 | L36: 2012-01-01 | M36: 9
A37: 6569 | B37: 372012223 | C37: 山东省 | D37: 2012 | E37: Projects | F37: 火电-燃气-沼气发电 | G37: 火电 | H37: 龙口振龙化工沼气发电项目 | I37: 山东省烟台市 | J37: 2 | K37: 0.4 | L37: 2012-04-03 | M37: 11
A38: 3573 | B38: 322012223 | C38: 江苏省 | D38: 2012 | E38: Projects | F38: 火电-燃气-沼气发电 | G38: 火电 | H38: 中粮肉食（江苏）沼气发电有限公司 | I38: 江苏省 | J38: 2 | K38: 0.18 | L38: 2012-10-014 | M38: 9
A39: 8609 | B39: 422012223 | C39: 湖北省 | D39: 2012 | E39: Projects | F39: 火电-燃气-沼气发电 | G39: 火电 | H39: 宜昌百川畅银垃圾沼气发电 | I39: 湖北省宜昌市 | J39: 1 | K39: 0.1 | L39: 2012-06-01 | M39: 15
... A51: 10062 | B51: 452013223 | C51: 广西壮族自治区 | D51: 2013 | E51: Projects | F51: 火电-燃气-沼气发电 | G51: 火电 | H51: 立冲沟沼气发电厂1-3号机组 | I51: 广西区 | J51: 3 | K51: 0.1 | L51: 2013-03-11 | M51: 20
A52: 2 | B52: 112014221 | C52: 北京市 | D52: 2014 | E52: Projects | F52: 火电-燃气-常规燃气 | G52: 火电 | H52: 北京高井燃气热电联产项目 | I52: 北京市石景山区 | J52: 3 | K52: 138 | L52: 2014-11-01
A53: 4 | B53: 112014221 | C53: 北京市 | D53: 2014 | E53: Projects | F53: 火电-燃气-常规燃气 | G53: 火电 | H53: 西北热电中心-京能燃气热电项目 | I53: 北京市石景山区 | J53: 2 | K53: 130.7 | L53: 2014-08-22; 2014-10-27
A54: 10418 | B54: 502014221 | C54: 重庆市 | D54: 2014 | E54: Projects | F54: 火电-燃气-分布式燃气 | G54: 火电 | H54: 重庆两江新区天然气冷热电三联供项目 | I54: 重庆市北碚区 | J54: 2 | K54: 93.4 | L54: 2014-10-30; 2014-12-28
A55: 1241 | B55: 142014221 | C55: 山西省 | D55: 2014 | E55: Projects | F55: 火电-燃气-常规燃气 | G55: 火电 | H55: 山西国际嘉节燃气热电联产项目 | I55: 山西省太原市 | J55: 3 | K55: 86.4 | L55: 2014-12-01
A56: 3 | B56: 112014221 | C56: 北京市 | D56: 2014 | E56: Projects | F56: 火电-燃气-常规燃气 | G56: 火电 | H56: 北京京能高安屯燃气热电有限公司东北热电中心 | I56: 北京市朝阳区 | J56: 1 | K56: 84.5 | L56: 2014-12-16
A57: 9812 | B57: 442014221 | C57: 广东省 | D57: 2014 | E57: Projects | F57: 火电-燃气-常规燃气 | G57: 火电 | H57: 广东珠海横琴岛燃气热电项目 | I57: 广东省珠海市 | J57: 2 | K57: 78 | L57: 2014-11-23
A58: 4614 | B58: 332014221 | C58: 浙江省 | D58: 2014 | E58: Projects | F58: 火电-燃气-常规燃气 | G58: 火电 | H58: 宁波镇海动力中心一期工程 | I58: 浙江省宁波市 | J58: 2 | K58: 78 | L58: 2014-05-25; 2014-09-30
A59: 71 | B59: 122014221 | C59: 天津市 | D59: 2014 | E59: Projects | F59: 火电-燃气-常规燃气 | G59: 火电 | H59: 天津临港经济区燃气热电联产工程 | I59: 天津市滨海新区 | J59: 2 | K59: 46.3 | L59: 2014-12-30
A60: 4617 | B60: 332014221 | C60: 浙江省 | D60: 2014 | E60: Projects | F60: 火电-燃气-常规燃气 | G60: 火电 | H60: 桐乡天然气热电联产工程 | I60: 浙江省嘉兴市 | J60: 4 | K60: 45.84 | L60: 2014-09-23; 2014-09-30
A61: 4615 | B61: 332014221 | C61: 浙江省 | D61: 2014 | E61: Projects | F61: 火电-燃气-常规燃气 | G61: 火电 | H61: 常山天然气热电联产工程 | I61: 浙江省衢州市 | J61: 1 | K61: 45.8 | L61: 2014-07-22
A62: 72 | B62: 122014221 | C62: 天津市 | D62: 2014 | E62: Projects | F62: 火电-燃气-分布式燃气 | G62: 火电 | H62: 天津武清分布式能源 | I62: 天津市 | J62: 2 | K62: 40 | L62: 2014-09-02; 2014-11-09
A63: 5 | B63: 112014221 | C63: 北京市 | D63: 2014 | E63: Projects | F63: 火电-燃气-常规燃气 | G63: 火电 | H63: 未来科技城热电冷联供项目 | I63: 北京市昌平区 | J63: 1 | K63: 25.5 | L63: 2014-07-03
... A66: 6255 | B66: 362014221 | C66: 江西省 | D66: 2014 | E66: Projects | F66: 火电-燃气-分布式燃气 | G66: 火电 | H66: 江西九江分布式 | I66: 江西省九江市 | J66: 3 | K66: 8.7 | L66: 2014-12-31
A67: 5309 | B67: 342014222 | C67: 安徽省 | D67: 2014 | E67: Projects | F67: 火电-燃气-煤层气发电 | G67: 火电 | H67: 淮南煤层气机组扩容 | I67: 安徽省 | K67: 6.74 | L67: 2014-06-01
A68: 5308 | B68: 342014222 | C68: 安徽省 | D68: 2014 | E68: Projects | F68: 火电-燃气-煤层气发电 | G68: 火电 | H68: 淮南国投新集煤层气 | I68: 安徽省 | J68: 1 | K68: 0.9 | L68: 2014-08-01
A69: 11204 | B69: 522014222 | C69: 贵州省 | D69: 2014 | E69: Projects | F69: 火电-燃气-煤层气发电 | G69: 火电 | H69: 贵州盘县苞谷山老洼地煤层气项目 | I69: 贵州省六盘水市 | J69: 7 | K69: 0.49 | L69: 2014-12-01
A70: 3705 | B70: 322014221 | C70: 江苏省 | D70: 2014 | E70: Projects | F70: 火电-燃气-分布式燃气 | G70: 火电 | H70: 江苏泰州楼宇型分布式 | I70: 江苏省泰州市 | J70: 2 | K70: 0.4 | L70: 2014-05-15; 2014-05-19
A71: 4649 | B71: 332015221 | C71: 浙江省 | D71: 2015 | E71: Projects | F71: 火电-燃气-常规燃气 | G71: 火电 | H71: 浙江江东燃机 | I71: 浙江省杭州市 | J71: 2 | K71: 96.05 | L71: 2015/09/22; 2015/12/05 | M71: 17
A72: 6 | B72: 112015221 | C72: 北京市 | D72: 2015 | E72: Projects | F72: 火电-燃气-常规燃气 | G72: 火电 | H72: 神华国华（北京）燃气热电工程 | I72: 北京市 | J72: 1 | K72: 95 | L72: 2015/08/01 | M72: 1
A73: 3774 | B73: 322015221 | C73: 江苏省 | D73: 2015 | E73: Projects | F73: 火电-燃气-常规燃气 | G73: 火电 | H73: 江苏戚墅堰燃机电厂 | I73: 江苏省常州市 | J73: 2 | K73: 95 | L73: 2015/09/25; 2015/11/16 | M73: 13
A74: 3495 | B74: 312015221 | C74: 上海市 | D74: 2015 | E74: Projects | F74: 火电-燃气-常规燃气 | G74: 火电 | H74: 上海奉贤南桥燃机 | I74: 上海市奉贤区 | J74: 2 | K74: 86 | L74: 2015/08/19; 2015/11/19 | M74: 13
A75: 1294 | B75: 142015221 | C75: 山西省 | D75: 2015 | E75: Projects | F75: 火电-燃气-常规燃气 | G75: 火电 | H75: 太原东山燃机 | I75: 山西省太原市 | J75: 3 | K75: 85.9 | L75: 2015/10/28 | M75: 5
A76: 3771 | B76: 322015221 | C76: 江苏省 | D76: 2015 | E76: Projects | F76: 火电-燃气-常规燃气 | G76: 火电 | H76: 协联燃气热电有限公司宜兴燃机热电联产工程 | I76: 江苏省无锡市 | J76: 2 | K76: 84 | L76: 2015/06/13; 2015/08/08 | M76: 13
A77: 4648 | B77: 332015221 | C77: 浙江省 | D77: 2015 | E77: Projects | F77: 火电-燃气-常规燃气 | G77: 火电 | H77: 浙江龙游燃机 | I77: 浙江省衢州市 | J77: 4 | K77: 40.5 | L77: 2015/12/01 | M77: 17
A78: 3773 | B78: 322015221 | C78: 江苏省 | D78: 2015 | E78: Projects | F78: 火电-燃气-常规燃气 | G78: 火电 | H78: 无锡蓝天燃机热电有限公司 | I78: 江苏省 | K78: 36 | L78: 2015/12/01 | M78: 13
A79: 4650 | B79: 332015221 | C79: 浙江省 | D79: 2015 | E79: Projects | F79: 火电-燃气-常规燃气 | G79: 火电 | H79: 浙江浙能金华燃机发电有限责任公司（新气机） | I79: 浙江省 | K79: 19.9 | M79: 17
A80: 8737 | B80: 422015221 | C80: 湖北省 | D80: 2015 | E80: Projects | F80: 火电-燃气-常规燃气 | G80: 火电 | H80: 湖北能源东湖燃机热电有限公司 燃机热电联产项目 | I80: 湖北省武汉市 | J80: 1 | K80: 18.5 | L80: 2015/12/22 | M80: 27
A81: 8738 | B81: 422015221 | C81: 湖北省 | D81: 2015 | E81: Projects | F81: 火电-燃气-常规燃气 | G81: 火电 | H81: 湖北武昌燃机扩建 | I81: 湖北省武汉市 | J81: 1 | K81: 18.5 | L81: 2015/04/21 | M81: 27
A82: 3494 | B82: 312015221 | C82: 上海市 | D82: 2015 | E82: Projects | F82: 火电-燃气-分布式燃气 | G82: 火电 | H82: 上海莘庄一期分布式 | I82: 上海市 | J82: 2 | K82: 12 | L82: 2015/02/10 | M82: 13
A83: 3493 | B83: 312015221 | C83: 上海市 | D83: 2015 | E83: Projects | F83: 火电-燃气-分布式燃气 | G83: 火电 | H83: 上海国际旅游度假区分布式 | I83: 上海市 | J83: 5 | K83: 2.2 | L83: 2015/12/21 | M83: 13
A84: 1295 | B84: 142015222 | C84: 山西省 | D84: 2015 | E84: Projects | F84: 火电-燃气-煤层气发电 | G84: 火电 | H84: 山西凯嘉煤层气发电有限公司 | I84: 山西省 | J84: 1 | K84: 1.98 | L84: 2015/01/01 | M84: 5
A85: 1296 | B85: 142015222 | C85: 山西省 | D85: 2015 | E85: Projects | F85: 火电-燃气-煤层气发电 | G85: 火电 | H85: 润宏武甲瓦斯电站 | I85: 山西省 | K85: 1 | L85: 2015/07/01 | M85: 5
A86: 3496 | B86: 312015221 | C86: 上海市 | D86: 2015 | E86: Projects | F86: 火电-燃气-分布式燃气 | G86: 火电 | H86: 上海科技大学能源中心 | I86: 上海市浦东区 | J86: 2 | K86: 0.88 | L86: 2015/12/09; 2015/12/14 | M86: 13
A87: 1297 | B87: 142015222 | C87: 山西省 | D87: 2015 | E87: Projects | F87: 火电-燃气-煤层气发电 | G87: 火电 | H87: 兰能钰城瓦斯电站 | I87: 山西省 | K87: 0.72 | L87: 2015/07/01 | M87: 5
A88: 3772 | B88: 322015221 | C88: 江苏省 | D88: 2015 | E88: Projects | F88: 火电-燃气-分布式燃气 | G88: 火电 | H88: 分布式燃气 | I88: 江苏省 | J88: 1 | K88: 0.6 | L88: 2015/01/01 | M88: 13
A89: 77 | B89: 122015221 | C89: 天津市 | D89: 2015 | E89: Projects | F89: 火电-燃气-常规燃气 | G89: 火电 | H89: 天津城南燃气 | I89: 天津市 | K89: 0.02 | M89: 1
A90: 89 | B90: 122016221 | C90: 天津市 | D90: 2016 | E90: Projects | F90: 火电-燃气-常规燃气 | G90: 火电 | H90: 天津城南燃气 | I90: 天津市 | K90: 92.37 | M90: 2 | N90: 83
A91: 3869 | B91: 322016221 | C91: 江苏省 | D91: 2016 | E91: Projects | F91: 火电-燃气-常规燃气 | G91: 火电 | H91: 江苏通州燃机 | I91: 江苏省南通市 | J91: 2 | K91: 44 | L91: 2016-12-14; 2016-12-18 | M91: 15 | N91: 647
A92: 3870 | B92: 322016221 | C92: 江苏省 | D92: 2016 | E92: Projects | F92: 火电-燃气-常规燃气 | G92: 火电 | H92: 无锡西区燃气热电有限公司 | I92: 江苏省 | K92: 42 | M92: 15 | N92: 649
A93: 14482 | B93: 652016221 | C93: 新疆维吾尔自治区 | D93: 2016 | E93: Projects | F93: 火电-燃气-常规燃气 | G93: 火电 | H93: 五星2×150MW热电联产项目 | I93: 新疆区博尔塔拉州 | J93: 2 | K93: 30 | L93: 2016-10-30 | M93: 56 | N93: 2402
A94: 3502 | B94: 312016221 | C94: 上海市 | D94: 2016 | E94: Projects | F94: 火电-燃气-分布式燃气 | G94: 火电 | H94: 上海中博会分布式 | I94: 上海市 | J94: 6 | K94: 2.64 | L94: 2016-08-05 | M94: 14 | N94: 604
A95: 12 | B95: 112016221 | C95: 北京市 | D95: 2016 | E95: Projects | F95: 火电-燃气-常规燃气 | G95: 火电 | H95: 北京燃气能源发展有限公司 | I95: 北京市 | K95: 1.33 | M95: 2 | N95: 49
A96: 3868 | B96: 322016221 | C96: 江苏省 | D96: 2016 | E96: Projects | F96: 火电-燃气-分布式燃气 | G96: 火电 | H96: 分布式燃气 | I96: 江苏省 | J96: 1 | K96: 0.6 | M96: 15 | N96: 645
A97: 14483 | B97: 652016221 | C97: 新疆维吾尔自治区 | D97: 2016 | E97: Projects | F97: 火电-燃气-常规燃气 | G97: 火电 | H97: 乌怡胜动燃气电厂 | I97: 新疆区 | K97: 0.54 | L97: 2016-05-01 | M97: 56 | N97: 2403
A98: 3503 | B98: 312016221 | C98: 上海市 | D98: 2016 | E98: Projects | F98: 火电-燃气-分布式燃气 | G98: 火电 | H98: 上海科技大学能源中心 | I98: 上海市浦东区 | J98: 1 | K98: 0.44 | L98: 2016-01-14 | M98: 14 | N98: 605
A99: 11246 | B99: 522016222 | C99: 贵州省 | D99: 2016 | E99: Projects | F99: 火电-燃气-煤层气发电 | G99: 火电 | H99: 贵州盘县中纸厂低浓度瓦斯发电项目 | I99: 贵州省六盘水市 | J99: 3 | K99: 0.21 | L99: 2016-03-31 | M99: 44 | N99: 1901
A100: 6875 | B100: 372016221 | C100: 山东省 | D100: 2016 | E100: Projects | F100: 火电-燃气-分布式燃气 | G100: 火电 | H100: 济南分布式电源（天然气） | I100: 山东省 | K100: 0.1 | M100: 26 | N100: 1118
A101: 22 | B101: 112017221 | C101: 北京市 | D101: 2017 | E101: Projects | F101: 火电-燃气-常规燃气 | G101: 火电 | H101: 北京热电厂三期 | I101: 北京市朝阳区 | J101: 3 | K101: 99.8 | L101: 2017-11-12 | M101: 2 | N101: 49
A102: 3999 | B102: 322017221 | C102: 江苏省 | D102: 2017 | E102: Projects | F102: 火电-燃气-常规燃气 | G102: 火电 | H102: 江苏国信淮安第二燃气发电有限责任公司 | I102: 江苏省淮安市 | J102: 2 | K102: 95 | M102: 18 | N102: 703
A103: 4003 | B103: 322017221 | C103: 江苏省 | D103: 2017 | E103: Projects | F103: 火电-燃气-常规燃气 | G103: 火电 | H103: 江苏扬州燃机 | I103: 江苏省扬州市 | J103: 2 | K103: 95 | L103: 2017-03-31; 2017-05-24 | M103: 18 | N103: 709
A104: 4004 | B104: 322017221 | C104: 江苏省 | D104: 2017 | E104: Projects | F104: 火电-燃气-常规燃气 | G104: 火电 | H104: 江苏昆山燃机 | I104: 江苏省苏州市 | J104: 2 | K104: 90.2 | L104: 2017-09-26; 2017-10-12 | M104: 18 | N104: 710
A105: 4001 | B105: 322017221 | C105: 江苏省 | D105: 2017 | E105: Projects | F105: 火电-燃气-常规燃气 | G105: 火电 | H105: 苏州燃机热电联产项目 | I105: 江苏省苏州市 | J105: 4 | K105: 45.2 | L105: 2017-7-30#1; 2017-9-20:#2 | M105: 18 | N105: 705
A106: 4002 | B106: 322017221 | C106: 江苏省 | D106: 2017 | E106: Projects | F106: 火电-燃气-常规燃气 | G106: 火电 | H106: 大唐姜堰燃机热电联产项目 | I106: 江苏省泰州市 | J106: 2 | K106: 36 | L106: 2017-08-10 | M106: 18 | N106: 707
A107: 4000 | B107: 322017221 | C107: 江苏省 | D107: 2017 | E107: Projects | F107: 火电-燃气-常规燃气 | G107: 火电 | H107: 江苏国信高邮2×100MW级燃机热电联产工程 | I107: 江苏省扬州市 | J107: 2 | K107: 24 | M107: 18 | N107: 704
A108: 10111 | B108: 452017221 | C108: 广西壮族自治区 | D108: 2017 | E108: Projects | F108: 火电-燃气-分布式燃气 | G108: 火电 | H108: 桂林分布式能源项目 | I108: 广西区桂林市 | J108: 6 | K108: 21 | L108: 2017-12-09 | M108: 51 | N108: 2035
A109: 8857 | B109: 422017221 | C109: 湖北省 | D109: 2017 | E109: Projects | F109: 火电-燃气-常规燃气 | G109: 火电 | H109: 关山热电厂燃气-蒸汽联合循环热电联产扩建工程 | I109: 湖北省武汉市 | J109: 1 | K109: 18.5 | L109: 2017-07-15 | M109: 45 | N109: 1796
A110: 14638 | B110: 652017221 | C110: 新疆维吾尔自治区 | D110: 2017 | E110: Projects | F110: 火电-燃气-常规燃气 | G110: 火电 | H110: 上海电力哈密宣力燃气发电有限公司 | I110: 新疆区 | K110: 12.3 | L110: 2017-08-01 | M110: 69 | N110: 2773
A111: 4831 | B111: 332017221 | C111: 浙江省 | D111: 2017 | E111: Projects | F111: 火电-燃气-常规燃气 | G111: 火电 | H111: 宁波科丰热电公司 | I111: 浙江省 | K111: 11.08 | L111: 2017-06-01 | M111: 23 | N111: 926
A112: 4830 | B112: 332017221 | C112: 浙江省 | D112: 2017 | E112: Projects | F112: 火电-燃气-常规燃气 | G112: 火电 | H112: 绿源天然气电力有限公司宁波鄞州热电分公司火电 | I112: 浙江省 | K112: 10.1 | L112: 2017-06-01 | M112: 23 | N112: 925
A113: 7977 | B113: 412017221 | C113: 河南省 | D113: 2017 | E113: Projects | F113: 火电-燃气-常规燃气 | G113: 火电 | H113: 中聚天冠生物能源有限公司 | I113: 河南省 | K113: 3.6 | L113: 2017-03-01 | M113: 41 | N113: 1652
A114: 5974 | B114: 352017221 | C114: 福建省 | D114: 2017 | E114: Projects | F114: 火电-燃气-分布式燃气 | G114: 火电 | H114: 福建厦门集美分布式 | I114: 福建省厦门市 | J114: 1 | K114: 3.18 | L114: 2017-12-12 | M114: 32 | N114: 1283
...

Sheet NG pre2009
A1: 序号 | B1: 项目名称 | C1: 项目类型 | D1: 投运年份 | E1: 装机容量（MW） | F1: 发电量（万千瓦时） | G1: 利用小时（小时） | H1: 厂用电率（%） | I1: 发电煤耗（g/千瓦时） | J1: 拱电煤耗（g/千瓦时） | K1: 发电耗用原煤（吨） | L1: Region
A2: 14 | B2: 义马煤气化自备电厂 | C2: 火电-燃气-煤层气发电 | D2: 2001 | E2: 24 | F2: 31066 | L2: 河南省
A3: 55 | B3: 重庆中梁山煤电气有限公司发电厂 | C3: 火电-燃气-煤层气发电 | D3: 2002 | E3: 12 | F3: 5352 | G3: 4460 | L3: 重庆市
A4: L405737 | B4: 华能南山燃气发电厂 | C4: 火电-燃气-常规燃气 | D4: 1994 | E4: 66 | L4: 海南省
A5: L405737 | B5: 华能南山燃气发电厂 | C5: 火电-燃气-常规燃气 | D5: 1995 | E5: 66 | L5: 海南省
A6: L405628 | B6: 大唐宝昌燃气发电站 | C6: 火电-燃气-常规燃气 | D6: 2003 | E6: 180 | L6: 广东省
A7: L405628 | B7: 大唐宝昌燃气发电站 | C7: 火电-燃气-常规燃气 | D7: 2004 | E7: 180 | L7: 广东省
A8: L405810 | B8: 深圳钰湖燃气发电厂 | C8: 火电-燃气-常规燃气 | D8: 2004 | E8: 180 | L8: 广东省
A9: L405810 | B9: 深圳钰湖燃气发电厂 | C9: 火电-燃气-常规燃气 | D9: 2004 | E9: 180 | L9: 广东省
A10: L405804 | B10: 深能丰达天然气热电厂 | C10: 火电-燃气-常规燃气 | D10: 2005 | E10: 180 | L10: 广东省
A11: L405804 | B11: 深能丰达天然气热电厂 | C11: 火电-燃气-常规燃气 | D11: 2005 | E11: 180 | L11: 广东省
A12: L405853 | B12: 中山南朗燃气电厂 | C12: 火电-燃气-常规燃气 | D12: 2005 | E12: 180 | L12: 广东省
A13: L405853 | B13: 中山南朗燃气电厂 | C13: 火电-燃气-常规燃气 | D13: 2005 | E13: 180 | L13: 广东省
A14: L405614 | B14: 中海油海南洋浦电厂 | C14: 火电-燃气-常规燃气 | D14: 1993 | E14: 220 | L14: 海南省
A15: L405614 | B15: 中海油海南洋浦电厂 | C15: 火电-燃气-常规燃气 | D15: 1993 | E15: 220 | L15: 海南省
... A17: L405617 | B17: 中海油中山嘉明电厂 | C17: 火电-燃气-常规燃气 | D17: 1998 | E17: 125 | L17: 广东省
A18: 50 | B18: 温州燃机发电公司 | C18: 火电-燃气-常规燃气 | D18: 1999 | E18: 323.2 | F18: 15704 | G18: 486 | H18: 3.6 | I18: 309 | J18: 320 | L18: 浙江省
A19: L405800 | B19: 深南电南山热电厂 | C19: 火电-燃气-常规燃气 | D19: 2003 | E19: 180 | L19: 广东省
A20: L405800 | B20: 深南电南山热电厂 | C20: 火电-燃气-常规燃气 | D20: 2003 | E20: 180 | L20: 广东省
A21: L405800 | B21: 深南电南山热电厂 | C21: 火电-燃气-常规燃气 | D21: 2003 | E21: 180 | L21: 广东省
A22: L405616 | B22: 中海油深圳电厂 | C22: 火电-燃气-常规燃气 | D22: 2003 | E22: 235 | L22: 广东省
A23: L405657 | B23: 佛山市福能发电厂 | C23: 火电-燃气-常规燃气 | D23: 2003 | E23: 180 | L23: 广东省
A24: L405657 | B24: 佛山市福能发电厂 | C24: 火电-燃气-常规燃气 | D24: 2003 | E24: 180 | L24: 广东省
A25: L405808 | B25: 深能东莞樟洋燃机电厂 | C25: 火电-燃气-常规燃气 | D25: 2004 | E25: 180 | L25: 广东省
A26: L405808 | B26: 深能东莞樟洋燃机电厂 | C26: 火电-燃气-常规燃气 | D26: 2004 | E26: 180 | L26: 广东省
A27: L405616 | B27: 中海油深圳电厂 | C27: 火电-燃气-常规燃气 | D27: 2005 | E27: 360 | L27: 广东省
A28: L405806 | B28: 深能洪湾燃机电厂 | C28: 火电-燃气-常规燃气 | D28: 2005 | E28: 180 | L28: 广东省
A29: L405806 | B29: 深能洪湾燃机电厂 | C29: 火电-燃气-常规燃气 | D29: 2005 | E29: 180 | L29: 广东省
A30: L405649 | B30: 东莞虎门电厂 | C30: 火电-燃气-常规燃气 | D30: 2005 | E30: 180 | L30: 广东省
... A36: L405815 | B36: 南方电网海南清澜电厂 | C36: 火电-燃气-常规燃气 | D36: 2005 | E36: 50 | L36: 海南省
A37: 18 | B37: 江苏华电戚墅堰发电有限公司燃机 | C37: 火电-燃气-常规燃气 | D37: 2005 | E37: 780 | F37: 192791 | G37: 2472 | H37: 2.4 | I37: 227 | J37: 233 | L37: 江苏省
A38: 19 | B38: 张家港华兴电力有限公司(燃机) | C38: 火电-燃气-常规燃气 | D38: 2005 | E38: 780 | F38: 245380 | G38: 3146 | H38: 1.7 | I38: 225 | J38: 229 | L38: 江苏省
A39: 21 | B39: 江苏华电集团望亭发电厂(燃机) | C39: 火电-燃气-常规燃气 | D39: 2005 | E39: 390 | F39: 221962 | G39: 2846 | H39: 2.2 | I39: 228 | J39: 233 | L39: 江苏省
A40: 22 | B40: 蓝天燃机热电有限公司 | C40: 火电-燃气-常规燃气 | D40: 2005 | E40: 360 | F40: 188633 | G40: 5240 | H40: 1.7 | I40: 285 | J40: 290 | L40: 江苏省
A41: 37 | B41: 上海奉贤燃机发电有限公司 | C41: 火电-燃气-常规燃气 | D41: 2005 | E41: 360 | F41: 17052 | G41: 237 | H41: 2.9 | I41: 298 | J41: 307 | L41: 上海市
A42: 46 | B42: 杭州华电半山发电有限公司(气电) | C42: 火电-燃气-常规燃气 | D42: 2005 | E42: 1170 | F42: 305230 | G42: 2609 | H42: 2.2 | I42: 228 | J42: 233 | L42: 浙江省
A43: 51 | B43: 金华燃机发电有限公司 | C43: 火电-燃气-常规燃气 | D43: 2005 | E43: 285 | F43: 16302 | G43: 572 | H43: 4.4 | I43: 297 | J43: 311 | L43: 浙江省
A44: 52 | B44: 浙江德能天然气发电有限公司 | C44: 火电-燃气-常规燃气 | D44: 2005 | E44: 112 | F44: 29193 | G44: 2607 | H44: 2.2 | I44: 272 | J44: 279 | L44: 浙江省
A45: 2 | B45: 北京京丰燃气发电有限公司 | C45: 火电-燃气-常规燃气 | D45: 2006 | E45: 410 | F45: 169450 | G45: 4133 | H45: 1.8 | I45: 212 | J45: 216 | L45: 北京市
A46: 3 | B46: 华润协鑫燃气热电厂 | C46: 火电-燃气-常规燃气 | D46: 2006 | E46: 150 | F46: 69744 | G46: 4650 | H46: 1.4 | I46: 235 | J46: 239 | L46: 北京市
A47: L405673 | B47: 广州珠江LNG电厂 | C47: 火电-燃气-常规燃气 | D47: 2006 | E47: 390 | L47: 广东省
A48: L405803 | B48: 深圳能源东部电厂 | C48: 火电-燃气-常规燃气 | D48: 2006 | E48: 390 | L48: 广东省
A49: L405840 | B49: 粤电深圳前湾燃机电厂 | C49: 火电-燃气-常规燃气 | D49: 2006 | E49: 390 | L49: 广东省
A50: L405651 | B50: 东莞中电新能源热电厂 | C50: 火电-燃气-常规燃气 | D50: 2006 | E50: 180 | L50: 广东省
A51: L405651 | B51: 东莞中电新能源热电厂 | C51: 火电-燃气-常规燃气 | D51: 2006 | E51: 180 | L51: 广东省
A52: L405653 | B52: 东莞众明燃气发电厂 | C52: 火电-燃气-常规燃气 | D52: 2006 | E52: 180 | L52: 广东省
A53: L405653 | B53: 东莞众明燃气发电厂 | C53: 火电-燃气-常规燃气 | D53: 2006 | E53: 180 | L53: 广东省
A54: L405799 | B54: 深南电东莞高埗天然气电厂, 东莞深燃天然气热电有限公司高埗电厂燃气热电联产改扩建项目 | C54: 火电-燃气-常规燃气 | D54: 2006 | E54: 180 | L54: 广东省
A55: L405799 | B55: 深南电东莞高埗天然气电厂, 东莞深燃天然气热电有限公司高埗电厂燃气热电联产改扩建项目 | C55: 火电-燃气-常规燃气 | D55: 2006 | E55: 180 | L55: 广东省
A56: 20 | B56: 张家港华兴电力有限公司(燃机) | C56: 火电-燃气-常规燃气 | D56: 2006 | E56: 390 | F56: 245380 | G56: 3146 | H56: 1.7 | I56: 225 | J56: 229 | L56: 江苏省
A57: 56 | B57: 内蒙古苏里格燃气发电厂 | C57: 火电-燃气-常规燃气 | D57: 2006 | E57: 270 | L57: 内蒙古自治区
A58: 57 | B58: 内蒙古苏里格燃气发电厂 | C58: 火电-燃气-常规燃气 | D58: 2006 | E58: 120 | L58: 内蒙古自治区
A59: 35 | B59: 上海漕泾热电有限责任公司 | C59: 火电-燃气-常规燃气 | D59: 2006 | E59: 658 | F59: 177536 | G59: 2715 | H59: 2.4 | I59: 216 | J59: 221 | L59: 上海市
A60: 38 | B60: 上海奉贤燃机发电有限公司 | C60: 火电-燃气-常规燃气 | D60: 2006 | E60: 360 | F60: 17052 | G60: 237 | H60: 2.9 | I60: 298 | J60: 307 | L60: 上海市
A61: 53 | B61: 浙江蓝天天然气发电有限公司 | C61: 火电-燃气-常规燃气 | D61: 2006 | E61: 112 | F61: 24361 | G61: 2175 | H61: 2.4 | I61: 275 | J61: 284 | L61: 浙江省
A62: 54 | B62: 浙江京兴天然气发电有限公司 | C62: 火电-燃气-常规燃气 | D62: 2006 | E62: 75 | F62: 13858 | G62: 1848 | H62: 1.5 | I62: 256 | J62: 259 | L62: 浙江省
A63: L405673 | B63: 广州珠江LNG电厂 | C63: 火电-燃气-常规燃气 | D63: 2007 | E63: 390 | L63: 广东省
A64: L405809 | B64: 深圳美视燃气电厂 | C64: 火电-燃气-常规燃气 | D64: 2007 | E64: 180 | L64: 广东省
A65: L405803 | B65: 深圳能源东部电厂 | C65: 火电-燃气-常规燃气 | D65: 2007 | E65: 390 | L65: 广东省
A66: L405803 | B66: 深圳能源东部电厂 | C66: 火电-燃气-常规燃气 | D66: 2007 | E66: 390 | L66: 广东省
A67: L405840 | B67: 粤电深圳前湾燃机电厂 | C67: 火电-燃气-常规燃气 | D67: 2007 | E67: 390 | L67: 广东省
A68: L405840 | B68: 粤电深圳前湾燃机电厂 | C68: 火电-燃气-常规燃气 | D68: 2007 | E68: 390 | L68: 广东省
A69: L405839 | B69: 广东惠州天然气发电厂 | C69: 火电-燃气-常规燃气 | D69: 2007 | E69: 390 | L69: 广东省
A70: L405839 | B70: 广东惠州天然气发电厂 | C70: 火电-燃气-常规燃气 | D70: 2007 | E70: 390 | L70: 广东省
A71: L405839 | B71: 广东惠州天然气发电厂 | C71: 火电-燃气-常规燃气 | D71: 2007 | E71: 390 | L71: 广东省
A72: 23 | B72: 华能南京金陵发电有限公司 | C72: 火电-燃气-常规燃气 | D72: 2007 | E72: 780 | L72: 江苏省
A73: 48 | B73: 浙江浙能镇海然气发电有限公司 | C73: 火电-燃气-常规燃气 | D73: 2007 | E73: 789.22 | F73: 18093 | G73: 229 | H73: 2.7 | I73: 232 | J73: 239 | L73: 浙江省
A74: 49 | B74: 国华余姚然气发电有限责任公司 | C74: 火电-燃气-常规燃气 | D74: 2007 | E74: 787.6 | F74: 29717 | G74: 377 | H74: 2.5 | I74: 229 | J74: 235 | L74: 浙江省
A75: 12 | B75: 郑州燃气电厂 | C75: 火电-燃气-常规燃气 | D75: 2007 | E75: 780 | F75: 181595 | G75: 2328 | H75: 1.9 | I75: 224 | J75: 228 | L75: 河南省
A76: 13 | B76: 中原燃气电厂 | C76: 火电-燃气-常规燃气 | D76: 2007 | E76: 780 | F76: 210551 | G76: 2699 | H76: 1.9 | I76: 228 | J76: 232 | L76: 河南省
A77: 58 | B77: 新奥新能源电厂 | C77: 火电-燃气-常规燃气 | D77: 2007 | E77: 30 | L77: 内蒙古自治区
A78: 59 | B78: 新奥新能源电厂 | C78: 火电-燃气-常规燃气 | D78: 2007 | E78: 25 | L78: 内蒙古自治区
A79: 1 | B79: 太阳宫燃气电厂 | C79: 火电-燃气-常规燃气 | D79: 2008 | E79: 780 | F79: 216035 | G79: 4013 | H79: 3 | I79: 219 | J79: 226 | L79: 北京市
A80: 47 | B80: 萧山发电厂(气电) | C80: 火电-燃气-常规燃气 | D80: 2008 | E80: 804.91 | F80: 7378 | G80: 92 | H80: 7 | I80: 246 | J80: 264 | L80: 浙江省
A81: 4 | B81: 北京正东电子动力集团有限公司(燃气) | C81: 火电-燃气-常规燃气 | D81: 2009 | E81: 119.98 | F81: 46026 | G81: 5390 | H81: 3.5 | I81: 287 | J81: 298 | L81: 北京市
A82: 60 | B82: 准格尔旗国资燃气热力有限责任公司 | C82: 火电-燃气-常规燃气 | D82: 2009 | E82: 10 | L82: 内蒙古自治区
A84: 10 | B84: 武安新金煤气自备厂 | C84: 火电-燃气-煤层气发电 | E84: 9 | F84: 8816 | G84: 9796 | H84: 8.8 | I84: 286 | J84: 314 | L84: 河北省
A85: 40 | B85: 吴淞煤气厂 | C85: 火电-燃气-煤层气发电 | E85: 9 | F85: 1163 | G85: 1292 | L85: 上海市
A86: 8 | B86: 邯郸金鹏煤气发电有限责任公司 | C86: 火电-燃气-煤层气发电 | E86: 15 | F86: 5458 | G86: 3638 | H86: 12.5 | I86: 429 | J86: 490 | L86: 河北省
A87: 44 | B87: 天津天铁炼焦化工有限公司(三煤气) | C87: 火电-燃气-煤层气发电 | E87: 6 | F87: 1214 | G87: 2023 | H87: 10 | L87: 天津市
A88: 9 | B88: 信达(邯郸)煤气发电有限公司 | C88: 火电-燃气-煤层气发电 | E88: 15 | F88: 5096 | G88: 3397 | H88: 12.5 | L88: 河北省
A89: 30 | B89: 晋城寺河煤层气电厂 | C89: 火电-燃气-煤层气发电 | E89: 120 | F89: 66641 | G89: 5553 | L89: 山西省
A90: 31 | B90: 阳煤煤层气(神堂嘴) | C90: 火电-燃气-煤层气发电 | E90: 12.176 | F90: 8248 | G90: 6774 | H90: 11 | K90: 575 | L90: 山西省
A91: 33 | B91: 阳煤煤层气(贵石沟) | C91: 火电-燃气-煤层气发电 | E91: 11.406 | F91: 8158 | G91: 7152 | H91: 11 | L91: 山西省
A92: 34 | B92: 中能煤层气(16×500KW) | C92: 火电-燃气-煤层气发电 | E92: 8 | F92: 2592 | G92: 3240 | H92: 1.7 | I92: 327 | J92: 332 | L92: 山西省
A93: 39 | B93: 闸电燃机 | C93: 火电-燃气-煤层气发电 | E93: 614 | F93: 43882 | G93: 715 | H93: 3.6 | I93: 316 | J93: 328 | L93: 上海市
A94: 32 | B94: 煤气化公司自备电厂 | C94: 火电-燃气-煤层气发电 | E94: 12 | L94: 山西省
A95: 7 | B95: 武安市鑫普煤气发电有限公司 | C95: 火电-燃气-煤层气发电 | E95: 15 | F95: 6952 | G95: 4635 | H95: 9.5 | I95: 723 | J95: 799 | L95: 河北省
A96: 11 | B96: 武安元宝山煤气自备电厂 | C96: 火电-燃气-煤层气发电 | E96: 9 | F96: 5414 | G96: 6016 | H96: 9.3 | L96: 河北省
A97: 41 | B97: 英惠江油燃气电厂 | C97: 火电-燃气-常规燃气 | E97: 75 | F97: 10089 | G97: 1345 | H97: 3.6 | I97: 335 | J97: 348 | L97: 四川省
A98: 6 | B98: 邯郸钢铁燃气自备电厂 | C98: 火电-燃气-常规燃气 | E98: 101 | F98: 53336 | G98: 5281 | H98: 5.4 | I98: 294 | J98: 311 | L98: 河北省
A99: 16 | B99: 汉能沌口电厂(燃气) | C99: 火电-燃气-常规燃气 | E99: 176.5 | F99: 5402 | G99: 306 | H99: 5.7 | I99: 312 | J99: 331 | L99: 湖北省
A100: 25 | B100: 宁夏哈纳斯天然气热电有限公司 | C100: 火电-燃气-常规燃气 | E100: 64 | F100: 12413 | G100: 5966 | L100: 宁夏回族自治区
A101: 28 | B101: 青岛燃气集团 | C101: 火电-燃气-常规燃气 | E101: 24 | F101: 4842 | G101: 2017 | L101: 山东省
A102: 45 | B102: 塔石化燃气电厂 | C102: 火电-燃气-常规燃气 | E102: 72 | F102: 24972 | G102: 3468 | L102: 新疆维吾尔自治区
A103: 26 | B103: 格尔木燃气电站 | C103: 火电-燃气-常规燃气 | E103: 300 | F103: 126956 | G103: 4232 | H103: 1.4 | I103: 210 | J103: 213 | L103: 青海省
A104: 29 | B104: 青岛经济开发区热电燃气总公司 | C104: 火电-燃气-常规燃气 | E104: 15 | F104: 4860 | G104: 3240 | L104: 山东省
A105: 43 | B105: 英惠五通燃气电厂 | C105: 火电-燃气-常规燃气 | E105: 25 | L105: 四川省
A106: 17 | B106: 武昌发电公司(燃气) | C106: 火电-燃气-常规燃气 | E106: 0 | F106: 71 | L106: 湖北省
A107: 27 | B107: 济钢燃气机组 | C107: 火电-燃气-常规燃气 | E107: 138 | F107: 68979 | G107: 4998 | L107: 山东省
...

Sheet NG Pivot
A1: 求和项:Capacity | B1: 列标签
B2: 火电-燃气-常规燃气 | O2: 火电-燃气-分布式燃气 | X2: 火电-燃气-煤层气发电 | AF2: 火电-燃气-沼气发电 | AO2: (空白) | AP2: 总计
A3: 行标签 | B3: 2009 | C3: 2010 | D3: 2011 | E3: 2012 | F3: 2013 | G3: 2014 | H3: 2015 | I3: 2016 | J3: 2017 | K3: 2018 | L3: 2019 | M3: 2020 | N3: 2021 | O3: 2009 | P3: 2014 | Q3: 2015 | R3: 2016 | S3: 2017 | T3: 2018 | U3: 2019 | V3: 2020 | W3: 2021 | X3: 2009 | Y3: 2011 | Z3: 2012 | AA3: 2014 | AB3: 2015 | AC3: 2016 | AD3: 2018 | AE3: 2020 | AF3: 2009 | AG3: 2010 | AH3: 2011 | AI3: 2012 | AJ3: 2013 | AK3: 2018 | AL3: 2019 | AM3: 2020 | AN3: 2021 | AO3: (空白)
A4: 安徽省 | AA4: 7.64 | AD4: 1.2 | AP4: 8.84
A5: 北京市 | D5: 92.34 | F5: 83.8 | G5: 378.7 | H5: 95 | I5: 1.33 | J5: 99.8 | K5: 26.6 | L5: 8 | T5: 7.5 | U5: 7.5 | V5: 6.7 | AN5: 0.62 | AP5: 807.89
A6: 福建省 | B6: 210 | C6: 140 | L6: 0.3 | S6: 3.18 | AP6: 353.48
A7: 广东省 | C7: 66 | G7: 78 | K7: 414.8 | L7: 138 | M7: 423.96 | N7: 244.98 | O7: 93.6 | T7: 34.45 | U7: 34.95 | V7: 17.5 | AL7: 1.42 | AN7: 9.65 | AP7: 1557.31
A8: 广西壮族自治区 | P8: 12 | S8: 21 | V8: 15 | AJ8: 0.1 | AP8: 48.1
A9: 贵州省 | W9: 5.63 | AA9: 0.49 | AC9: 0.21 | AP9: 6.33
A10: 海南省 | L10: 46 | M10: 96 | N10: 48.71 | AP10: 190.71
A11: 河北省 | L11: 45.36 | M11: 45.36 | V11: 1.26 | AN11: 0.12 | AP11: 92.1
A12: 河南省 | J12: 3.6 | K12: 35 | L12: 35 | M12: 20 | AP12: 93.6
A13: 黑龙江省 | L13: 6.5 | M13: 0.6 | N13: 0.3 | AI13: 2.4 | AP13: 9.8
A14: 湖北省 | C14: 18.5 | H14: 37 | J14: 19.03 | M14: 15.4 | N14: 24.56 | AG14: 0.19 | AI14: 0.1 | AP14: 114.78
A15: 湖南省 | K15: 1 | L15: 0.65 | AN15: 3 | AP15: 4.65
A16: 江苏省 | D16: 22 | E16: 116.2 | F16: 123.67 | H16: 215 | I16: 86 | J16: 386.4 | K16: 213.79 | L16: 102.78 | M16: 87.86 | N16: 215.63 | P16: 0.4 | Q16: 0.6 | R16: 0.6 | T16: 0.65 | U16: 8 | AI16: 0.58 | AP16: 1580.16
A17: 江西省 | P17: 8.7 | AM17: 1.2 | AP17: 9.9
A18: 辽宁省 | M18: 10 | AP18: 10
A19: 内蒙古自治区 | Y19: 20 | AP19: 20
A20: 山东省 | C20: 15 | K20: 0.6 | L20: 0.66 | N20: 1.95 | R20: 0.1 | AH20: 0.31 | AI20: 0.4 | AP20: 19.02
A21: 山西省 | G21: 86.4 | H21: 85.9 | K21: 5.58 | N21: 0.98 | Y21: 3.5 | Z21: 0.5 | AB21: 3.7 | AE21: 9.7 | AP21: 196.26
A22: 上海市 | D22: 122.3 | H22: 86 | J22: 2.6 | K22: 87.28 | L22: 92.52 | N22: 47.4 | Q22: 15.08 | R22: 3.08 | T22: 0.86 | U22: 6.74 | AJ22: 0.98 | AP22: 464.84
A23: 四川省 | J23: 0.15 | K23: 1.44 | N23: 0.75 | T23: 0.05 | X23: 1.3 | AE23: 2.5 | AK23: 0.89 | AP23: 7.08
A24: 天津市 | G24: 46.3 | H24: 0.02 | I24: 92.37 | J24: 0.2 | K24: 13.23 | L24: 93 | M24: 65 | N24: 0.04 | P24: 40 | T24: 11.94 | AP24: 362.1
A25: 西藏自治区 | C25: 19.88 | AP25: 19.88
A26: 新疆维吾尔自治区 | B26: 3.4 | I26: 30.54 | J26: 12.3 | K26: 1.18 | M26: 6 | N26: 35.1 | AP26: 88.52
A27: 云南省 | AF27: 0.5 | AP27: 0.5
A28: 浙江省 | E28: 126.7 | F28: 231.2 | G28: 194.24 | H28: 156.45 | J28: 22.4 | K28: 24.41 | U28: 2.99 | AP28: 758.39
A29: 重庆市 | K29: 0.85 | P29: 93.4 | AD29: 0.5 | AP29: 94.75
A30: (空白)
A31: 总计 | B31: 213.4 | C31: 259.38 | D31: 236.64 | E31: 242.9 | F31: 438.67 | G31: 783.64 | H31: 675.37 | I31: 210.24 | J31: 546.48 | K31: 825.76 | L31: 568.77 | M31: 770.18 | N31: 620.4 | O31: 93.6 | P31: 154.5 | Q31: 15.68 | R31: 3.78 | S31: 24.18 | T31: 55.45 | U31: 60.18 | V31: 40.46 | W31: 5.63 | X31: 1.3 | Y31: 23.5 | Z31: 0.5 | AA31: 8.13 | AB31: 3.7 | AC31: 0.21 | AD31: 1.7 | AE31: 12.2 | AF31: 0.5 | AG31: 0.19 | AH31: 0.31 | AI31: 3.48 | AJ31: 1.08 | AK31: 0.89 | AL31: 1.42 | AM31: 1.2 | AN31: 13.39 | AP31: 6918.99
A34: 求和项:装机容量（MW） | B34: 列标签
B35: 火电-燃气-常规燃气 | O35: 火电-燃气-煤层气发电 | Q35: 总计
A36: 行标签 | B36: 1993 | C36: 1994 | D36: 1995 | E36: 1997 | F36: 1998 | G36: 1999 | H36: 2003 | I36: 2004 | J36: 2005 | K36: 2006 | L36: 2007 | M36: 2008 | N36: 2009 | O36: 2001 | P36: 2002
A37: 北京市 | K37: 560 | M37: 780 | N37: 119.98 | Q37: 1459.98
A38: 广东省 | E38: 125 | F38: 125 | H38: 1315 | I38: 900 | J38: 1920 | K38: 2250 | L38: 3300 | Q38: 9935
A39: 海南省 | B39: 440 | C39: 66 | D39: 66 | J39: 150 | Q39: 722
A40: 河南省 | L40: 1560 | O40: 24 | Q40: 1584
A41: 江苏省 | J41: 2310 | K41: 390 | L41: 780 | Q41: 3480
A42: 内蒙古自治区 | K42: 390 | L42: 55 | N42: 10 | Q42: 455
A43: 上海市 | J43: 360 | K43: 1018 | Q43: 1378
A44: 浙江省 | G44: 323.2 | J44: 1567 | K44: 187 | L44: 1576.82 | M44: 804.91 | Q44: 4458.93
A45: 重庆市 | P45: 12 | Q45: 12
A46: 总计 | B46: 440 | C46: 66 | D46: 66 | E46: 125 | F46: 125 | G46: 323.2 | H46: 1315 | I46: 900 | J46: 6307 | K46: 4795 | L46: 7271.82 | M46: 1584.91 | N46: 129.98 | O46: 24 | P46: 12 | Q46: 23484.91

Sheet NG Stock Track
A1: 常规煤气新增（MW）
A2: 省级行政区 | B2: 1993 | C2: 1994 | D2: 1995 | E2: 1996 | F2: 1997 | G2: 1998 | H2: 1999 | I2: 2000 | J2: 2001 | K2: 2002 | L2: 2003 | M2: 2004 | N2: 2005 | O2: 2006 | P2: 2007 | Q2: 2008 | R2: 2009 | S2: 2010 | T2: 2011 | U2: 2012 | V2: 2013 | W2: 2014 | X2: 2015 | Y2: 2016 | Z2: 2017 | AA2: 2018 | AB2: 2019 | AC2: 2020 | AD2: 2021
A3: 全国 | B3: =SUM(B4:B34) -> 440 | C3: =SUM(C4:C34) -> 66 | D3: =SUM(D4:D34) -> 66 | E3: =SUM(E4:E34) -> 0 | F3: =SUM(F4:F34) -> 125 | G3: =SUM(G4:G34) -> 125 | H3: =SUM(H4:H34) -> 323.2 | I3: =SUM(I4:I34) -> 0 | ... AD3: =SUM(AD4:AD34) -> 6204
A4: 北京市 | B4: =IFERROR(VLOOKUP($A4,'NG Pivot'!$A$37:$N$45,MATCH(B$2,'NG Pivot'!$B$36:$N$36,0)+1,FALSE),0)+IFERROR(VLOOKUP($A4,'NG Pivot'!$A$4:$N$29,MATCH(B$2,'NG Pivot'!$B$3:$N$3,0)+1,FALSE),0)*10 -> 0 | C4: =IFERROR(VLOOKUP($A4,'NG Pivot'!$A$37:$N$45,MATCH(C$2,'NG Pivot'!$B$36:$N$36,0)+1,FALSE),0)+IFERROR(VLOOKUP($A4,'NG Pivot'!$A$4:$N$29,MATCH(C$2,'NG Pivot'!$B$3:$N$3,0)+1,FALSE),0)*10 -> 0 | D4: =IFERROR(VLOOKUP($A4,'NG Pivot'!$A$37:$N$45,MATCH(D$2,'NG Pivot'!$B$36:$N$36,0)+1,FALSE),0)+IFERROR(VLOOKUP($A4,'NG Pivot'!$A$4:$N$29,MATCH(D$2,'NG Pivot'!$B$3:$N$3,0)+1,FALSE),0)*10 -> 0 | E4: =IFERROR(VLOOKUP($A4,'NG Pivot'!$A$37:$N$45,MATCH(E$2,'NG Pivot'!$B$36:$N$36,0)+1,FALSE),0)+IFERROR(VLOOKUP($A4,'NG Pivot'!$A$4:$N$29,MATCH(E$2,'NG Pivot'!$B$3:$N$3,0)+1,FALSE),0)*10 -> 0 | F4: =IFERROR(VLOOKUP($A4,'NG Pivot'!$A$37:$N$45,MATCH(F$2,'NG Pivot'!$B$36:$N$36,0)+1,FALSE),0)+IFERROR(VLOOKUP($A4,'NG Pivot'!$A$4:$N$29,MATCH(F$2,'NG Pivot'!$B$3:$N$3,0)+1,FALSE),0)*10 -> 0 | G4: =IFERROR(VLOOKUP($A4,'NG Pivot'!$A$37:$N$45,MATCH(G$2,'NG Pivot'!$B$36:$N$36,0)+1,FALSE),0)+IFERROR(VLOOKUP($A4,'NG Pivot'!$A$4:$N$29,MATCH(G$2,'NG Pivot'!$B$3:$N$3,0)+1,FALSE),0)*10 -> 0 | H4: =IFERROR(VLOOKUP($A4,'NG Pivot'!$A$37:$N$45,MATCH(H$2,'NG Pivot'!$B$36:$N$36,0)+1,FALSE),0)+IFERROR(VLOOKUP($A4,'NG Pivot'!$A$4:$N$29,MATCH(H$2,'NG Pivot'!$B$3:$N$3,0)+1,FALSE),0)*10 -> 0 | I4: =IFERROR(VLOOKUP($A4,'NG Pivot'!$A$37:$N$45,MATCH(I$2,'NG Pivot'!$B$36:$N$36,0)+1,FALSE),0)+IFERROR(VLOOKUP($A4,'NG Pivot'!$A$4:$N$29,MATCH(I$2,'NG Pivot'!$B$3:$N$3,0)+1,FALSE),0)*10 -> 0 | ... AD4: =IFERROR(VLOOKUP($A4,'NG Pivot'!$A$37:$N$45,MATCH(AD$2,'NG Pivot'!$B$36:$N$36,0)+1,FALSE),0)+IFERROR(VLOOKUP($A4,'NG Pivot'!$A$4:$N$29,MATCH(AD$2,'NG Pivot'!$B$3:$N$3,0)+1,FALSE),0)*10 -> 0
A5: 天津市 | B5: =IFERROR(VLOOKUP($A5,'NG Pivot'!$A$37:$N$45,MATCH(B$2,'NG Pivot'!$B$36:$N$36,0)+1,FALSE),0)+IFERROR(VLOOKUP($A5,'NG Pivot'!$A$4:$N$29,MATCH(B$2,'NG Pivot'!$B$3:$N$3,0)+1,FALSE),0)*10 -> 0 | C5: =IFERROR(VLOOKUP($A5,'NG Pivot'!$A$37:$N$45,MATCH(C$2,'NG Pivot'!$B$36:$N$36,0)+1,FALSE),0)+IFERROR(VLOOKUP($A5,'NG Pivot'!$A$4:$N$29,MATCH(C$2,'NG Pivot'!$B$3:$N$3,0)+1,FALSE),0)*10 -> 0 | D5: =IFERROR(VLOOKUP($A5,'NG Pivot'!$A$37:$N$45,MATCH(D$2,'NG Pivot'!$B$36:$N$36,0)+1,FALSE),0)+IFERROR(VLOOKUP($A5,'NG Pivot'!$A$4:$N$29,MATCH(D$2,'NG Pivot'!$B$3:$N$3,0)+1,FALSE),0)*10 -> 0 | E5: =IFERROR(VLOOKUP($A5,'NG Pivot'!$A$37:$N$45,MATCH(E$2,'NG Pivot'!$B$36:$N$36,0)+1,FALSE),0)+IFERROR(VLOOKUP($A5,'NG Pivot'!$A$4:$N$29,MATCH(E$2,'NG Pivot'!$B$3:$N$3,0)+1,FALSE),0)*10 -> 0 | F5: =IFERROR(VLOOKUP($A5,'NG Pivot'!$A$37:$N$45,MATCH(F$2,'NG Pivot'!$B$36:$N$36,0)+1,FALSE),0)+IFERROR(VLOOKUP($A5,'NG Pivot'!$A$4:$N$29,MATCH(F$2,'NG Pivot'!$B$3:$N$3,0)+1,FALSE),0)*10 -> 0 | G5: =IFERROR(VLOOKUP($A5,'NG Pivot'!$A$37:$N$45,MATCH(G$2,'NG Pivot'!$B$36:$N$36,0)+1,FALSE),0)+IFERROR(VLOOKUP($A5,'NG Pivot'!$A$4:$N$29,MATCH(G$2,'NG Pivot'!$B$3:$N$3,0)+1,FALSE),0)*10 -> 0 | H5: =IFERROR(VLOOKUP($A5,'NG Pivot'!$A$37:$N$45,MATCH(H$2,'NG Pivot'!$B$36:$N$36,0)+1,FALSE),0)+IFERROR(VLOOKUP($A5,'NG Pivot'!$A$4:$N$29,MATCH(H$2,'NG Pivot'!$B$3:$N$3,0)+1,FALSE),0)*10 -> 0 | I5: =IFERROR(VLOOKUP($A5,'NG Pivot'!$A$37:$N$45,MATCH(I$2,'NG Pivot'!$B$36:$N$36,0)+1,FALSE),0)+IFERROR(VLOOKUP($A5,'NG Pivot'!$A$4:$N$29,MATCH(I$2,'NG Pivot'!$B$3:$N$3,0)+1,FALSE),0)*10 -> 0 | ... AD5: =IFERROR(VLOOKUP($A5,'NG Pivot'!$A$37:$N$45,MATCH(AD$2,'NG Pivot'!$B$36:$N$36,0)+1,FALSE),0)+IFERROR(VLOOKUP($A5,'NG Pivot'!$A$4:$N$29,MATCH(AD$2,'NG Pivot'!$B$3:$N$3,0)+1,FALSE),0)*10 -> 0.4
A6: 河北省 | B6: =IFERROR(VLOOKUP($A6,'NG Pivot'!$A$37:$N$45,MATCH(B$2,'NG Pivot'!$B$36:$N$36,0)+1,FALSE),0)+IFERROR(VLOOKUP($A6,'NG Pivot'!$A$4:$N$29,MATCH(B$2,'NG Pivot'!$B$3:$N$3,0)+1,FALSE),0)*10 -> 0 | C6: =IFERROR(VLOOKUP($A6,'NG Pivot'!$A$37:$N$45,MATCH(C$2,'NG Pivot'!$B$36:$N$36,0)+1,FALSE),0)+IFERROR(VLOOKUP($A6,'NG Pivot'!$A$4:$N$29,MATCH(C$2,'NG Pivot'!$B$3:$N$3,0)+1,FALSE),0)*10 -> 0 | D6: =IFERROR(VLOOKUP($A6,'NG Pivot'!$A$37:$N$45,MATCH(D$2,'NG Pivot'!$B$36:$N$36,0)+1,FALSE),0)+IFERROR(VLOOKUP($A6,'NG Pivot'!$A$4:$N$29,MATCH(D$2,'NG Pivot'!$B$3:$N$3,0)+1,FALSE),0)*10 -> 0 | E6: =IFERROR(VLOOKUP($A6,'NG Pivot'!$A$37:$N$45,MATCH(E$2,'NG Pivot'!$B$36:$N$36,0)+1,FALSE),0)+IFERROR(VLOOKUP($A6,'NG Pivot'!$A$4:$N$29,MATCH(E$2,'NG Pivot'!$B$3:$N$3,0)+1,FALSE),0)*10 -> 0 | F6: =IFERROR(VLOOKUP($A6,'NG Pivot'!$A$37:$N$45,MATCH(F$2,'NG Pivot'!$B$36:$N$36,0)+1,FALSE),0)+IFERROR(VLOOKUP($A6,'NG Pivot'!$A$4:$N$29,MATCH(F$2,'NG Pivot'!$B$3:$N$3,0)+1,FALSE),0)*10 -> 0 | G6: =IFERROR(VLOOKUP($A6,'NG Pivot'!$A$37:$N$45,MATCH(G$2,'NG Pivot'!$B$36:$N$36,0)+1,FALSE),0)+IFERROR(VLOOKUP($A6,'NG Pivot'!$A$4:$N$29,MATCH(G$2,'NG Pivot'!$B$3:$N$3,0)+1,FALSE),0)*10 -> 0 | H6: =IFERROR(VLOOKUP($A6,'NG Pivot'!$A$37:$N$45,MATCH(H$2,'NG Pivot'!$B$36:$N$36,0)+1,FALSE),0)+IFERROR(VLOOKUP($A6,'NG Pivot'!$A$4:$N$29,MATCH(H$2,'NG Pivot'!$B$3:$N$3,0)+1,FALSE),0)*10 -> 0 | I6: =IFERROR(VLOOKUP($A6,'NG Pivot'!$A$37:$N$45,MATCH(I$2,'NG Pivot'!$B$36:$N$36,0)+1,FALSE),0)+IFERROR(VLOOKUP($A6,'NG Pivot'!$A$4:$N$29,MATCH(I$2,'NG Pivot'!$B$3:$N$3,0)+1,FALSE),0)*10 -> 0 | ... AD6: =IFERROR(VLOOKUP($A6,'NG Pivot'!$A$37:$N$45,MATCH(AD$2,'NG Pivot'!$B$36:$N$36,0)+1,FALSE),0)+IFERROR(VLOOKUP($A6,'NG Pivot'!$A$4:$N$29,MATCH(AD$2,'NG Pivot'!$B$3:$N$3,0)+1,FALSE),0)*10 -> 0
A7: 山西省 | B7: =IFERROR(VLOOKUP($A7,'NG Pivot'!$A$37:$N$45,MATCH(B$2,'NG Pivot'!$B$36:$N$36,0)+1,FALSE),0)+IFERROR(VLOOKUP($A7,'NG Pivot'!$A$4:$N$29,MATCH(B$2,'NG Pivot'!$B$3:$N$3,0)+1,FALSE),0)*10 -> 0 | C7: =IFERROR(VLOOKUP($A7,'NG Pivot'!$A$37:$N$45,MATCH(C$2,'NG Pivot'!$B$36:$N$36,0)+1,FALSE),0)+IFERROR(VLOOKUP($A7,'NG Pivot'!$A$4:$N$29,MATCH(C$2,'NG Pivot'!$B$3:$N$3,0)+1,FALSE),0)*10 -> 0 | D7: =IFERROR(VLOOKUP($A7,'NG Pivot'!$A$37:$N$45,MATCH(D$2,'NG Pivot'!$B$36:$N$36,0)+1,FALSE),0)+IFERROR(VLOOKUP($A7,'NG Pivot'!$A$4:$N$29,MATCH(D$2,'NG Pivot'!$B$3:$N$3,0)+1,FALSE),0)*10 -> 0 | E7: =IFERROR(VLOOKUP($A7,'NG Pivot'!$A$37:$N$45,MATCH(E$2,'NG Pivot'!$B$36:$N$36,0)+1,FALSE),0)+IFERROR(VLOOKUP($A7,'NG Pivot'!$A$4:$N$29,MATCH(E$2,'NG Pivot'!$B$3:$N$3,0)+1,FALSE),0)*10 -> 0 | F7: =IFERROR(VLOOKUP($A7,'NG Pivot'!$A$37:$N$45,MATCH(F$2,'NG Pivot'!$B$36:$N$36,0)+1,FALSE),0)+IFERROR(VLOOKUP($A7,'NG Pivot'!$A$4:$N$29,MATCH(F$2,'NG Pivot'!$B$3:$N$3,0)+1,FALSE),0)*10 -> 0 | G7: =IFERROR(VLOOKUP($A7,'NG Pivot'!$A$37:$N$45,MATCH(G$2,'NG Pivot'!$B$36:$N$36,0)+1,FALSE),0)+IFERROR(VLOOKUP($A7,'NG Pivot'!$A$4:$N$29,MATCH(G$2,'NG Pivot'!$B$3:$N$3,0)+1,FALSE),0)*10 -> 0 | H7: =IFERROR(VLOOKUP($A7,'NG Pivot'!$A$37:$N$45,MATCH(H$2,'NG Pivot'!$B$36:$N$36,0)+1,FALSE),0)+IFERROR(VLOOKUP($A7,'NG Pivot'!$A$4:$N$29,MATCH(H$2,'NG Pivot'!$B$3:$N$3,0)+1,FALSE),0)*10 -> 0 | I7: =IFERROR(VLOOKUP($A7,'NG Pivot'!$A$37:$N$45,MATCH(I$2,'NG Pivot'!$B$36:$N$36,0)+1,FALSE),0)+IFERROR(VLOOKUP($A7,'NG Pivot'!$A$4:$N$29,MATCH(I$2,'NG Pivot'!$B$3:$N$3,0)+1,FALSE),0)*10 -> 0 | ... AD7: =IFERROR(VLOOKUP($A7,'NG Pivot'!$A$37:$N$45,MATCH(AD$2,'NG Pivot'!$B$36:$N$36,0)+1,FALSE),0)+IFERROR(VLOOKUP($A7,'NG Pivot'!$A$4:$N$29,MATCH(AD$2,'NG Pivot'!$B$3:$N$3,0)+1,FALSE),0)*10 -> 9.8
A8: 内蒙古自治区 | B8: =IFERROR(VLOOKUP($A8,'NG Pivot'!$A$37:$N$45,MATCH(B$2,'NG Pivot'!$B$36:$N$36,0)+1,FALSE),0)+IFERROR(VLOOKUP($A8,'NG Pivot'!$A$4:$N$29,MATCH(B$2,'NG Pivot'!$B$3:$N$3,0)+1,FALSE),0)*10 -> 0 | C8: =IFERROR(VLOOKUP($A8,'NG Pivot'!$A$37:$N$45,MATCH(C$2,'NG Pivot'!$B$36:$N$36,0)+1,FALSE),0)+IFERROR(VLOOKUP($A8,'NG Pivot'!$A$4:$N$29,MATCH(C$2,'NG Pivot'!$B$3:$N$3,0)+1,FALSE),0)*10 -> 0 | D8: =IFERROR(VLOOKUP($A8,'NG Pivot'!$A$37:$N$45,MATCH(D$2,'NG Pivot'!$B$36:$N$36,0)+1,FALSE),0)+IFERROR(VLOOKUP($A8,'NG Pivot'!$A$4:$N$29,MATCH(D$2,'NG Pivot'!$B$3:$N$3,0)+1,FALSE),0)*10 -> 0 | E8: =IFERROR(VLOOKUP($A8,'NG Pivot'!$A$37:$N$45,MATCH(E$2,'NG Pivot'!$B$36:$N$36,0)+1,FALSE),0)+IFERROR(VLOOKUP($A8,'NG Pivot'!$A$4:$N$29,MATCH(E$2,'NG Pivot'!$B$3:$N$3,0)+1,FALSE),0)*10 -> 0 | F8: =IFERROR(VLOOKUP($A8,'NG Pivot'!$A$37:$N$45,MATCH(F$2,'NG Pivot'!$B$36:$N$36,0)+1,FALSE),0)+IFERROR(VLOOKUP($A8,'NG Pivot'!$A$4:$N$29,MATCH(F$2,'NG Pivot'!$B$3:$N$3,0)+1,FALSE),0)*10 -> 0 | G8: =IFERROR(VLOOKUP($A8,'NG Pivot'!$A$37:$N$45,MATCH(G$2,'NG Pivot'!$B$36:$N$36,0)+1,FALSE),0)+IFERROR(VLOOKUP($A8,'NG Pivot'!$A$4:$N$29,MATCH(G$2,'NG Pivot'!$B$3:$N$3,0)+1,FALSE),0)*10 -> 0 | H8: =IFERROR(VLOOKUP($A8,'NG Pivot'!$A$37:$N$45,MATCH(H$2,'NG Pivot'!$B$36:$N$36,0)+1,FALSE),0)+IFERROR(VLOOKUP($A8,'NG Pivot'!$A$4:$N$29,MATCH(H$2,'NG Pivot'!$B$3:$N$3,0)+1,FALSE),0)*10 -> 0 | I8: =IFERROR(VLOOKUP($A8,'NG Pivot'!$A$37:$N$45,MATCH(I$2,'NG Pivot'!$B$36:$N$36,0)+1,FALSE),0)+IFERROR(VLOOKUP($A8,'NG Pivot'!$A$4:$N$29,MATCH(I$2,'NG Pivot'!$B$3:$N$3,0)+1,FALSE),0)*10 -> 0 | ... AD8: =IFERROR(VLOOKUP($A8,'NG Pivot'!$A$37:$N$45,MATCH(AD$2,'NG Pivot'!$B$36:$N$36,0)+1,FALSE),0)+IFERROR(VLOOKUP($A8,'NG Pivot'!$A$4:$N$29,MATCH(AD$2,'NG Pivot'!$B$3:$N$3,0)+1,FALSE),0)*10 -> 0
A9: 辽宁省 | B9: =IFERROR(VLOOKUP($A9,'NG Pivot'!$A$37:$N$45,MATCH(B$2,'NG Pivot'!$B$36:$N$36,0)+1,FALSE),0)+IFERROR(VLOOKUP($A9,'NG Pivot'!$A$4:$N$29,MATCH(B$2,'NG Pivot'!$B$3:$N$3,0)+1,FALSE),0)*10 -> 0 | C9: =IFERROR(VLOOKUP($A9,'NG Pivot'!$A$37:$N$45,MATCH(C$2,'NG Pivot'!$B$36:$N$36,0)+1,FALSE),0)+IFERROR(VLOOKUP($A9,'NG Pivot'!$A$4:$N$29,MATCH(C$2,'NG Pivot'!$B$3:$N$3,0)+1,FALSE),0)*10 -> 0 | D9: =IFERROR(VLOOKUP($A9,'NG Pivot'!$A$37:$N$45,MATCH(D$2,'NG Pivot'!$B$36:$N$36,0)+1,FALSE),0)+IFERROR(VLOOKUP($A9,'NG Pivot'!$A$4:$N$29,MATCH(D$2,'NG Pivot'!$B$3:$N$3,0)+1,FALSE),0)*10 -> 0 | E9: =IFERROR(VLOOKUP($A9,'NG Pivot'!$A$37:$N$45,MATCH(E$2,'NG Pivot'!$B$36:$N$36,0)+1,FALSE),0)+IFERROR(VLOOKUP($A9,'NG Pivot'!$A$4:$N$29,MATCH(E$2,'NG Pivot'!$B$3:$N$3,0)+1,FALSE),0)*10 -> 0 | F9: =IFERROR(VLOOKUP($A9,'NG Pivot'!$A$37:$N$45,MATCH(F$2,'NG Pivot'!$B$36:$N$36,0)+1,FALSE),0)+IFERROR(VLOOKUP($A9,'NG Pivot'!$A$4:$N$29,MATCH(F$2,'NG Pivot'!$B$3:$N$3,0)+1,FALSE),0)*10 -> 0 | G9: =IFERROR(VLOOKUP($A9,'NG Pivot'!$A$37:$N$45,MATCH(G$2,'NG Pivot'!$B$36:$N$36,0)+1,FALSE),0)+IFERROR(VLOOKUP($A9,'NG Pivot'!$A$4:$N$29,MATCH(G$2,'NG Pivot'!$B$3:$N$3,0)+1,FALSE),0)*10 -> 0 | H9: =IFERROR(VLOOKUP($A9,'NG Pivot'!$A$37:$N$45,MATCH(H$2,'NG Pivot'!$B$36:$N$36,0)+1,FALSE),0)+IFERROR(VLOOKUP($A9,'NG Pivot'!$A$4:$N$29,MATCH(H$2,'NG Pivot'!$B$3:$N$3,0)+1,FALSE),0)*10 -> 0 | I9: =IFERROR(VLOOKUP($A9,'NG Pivot'!$A$37:$N$45,MATCH(I$2,'NG Pivot'!$B$36:$N$36,0)+1,FALSE),0)+IFERROR(VLOOKUP($A9,'NG Pivot'!$A$4:$N$29,MATCH(I$2,'NG Pivot'!$B$3:$N$3,0)+1,FALSE),0)*10 -> 0 | ... AD9: =IFERROR(VLOOKUP($A9,'NG Pivot'!$A$37:$N$45,MATCH(AD$2,'NG Pivot'!$B$36:$N$36,0)+1,FALSE),0)+IFERROR(VLOOKUP($A9,'NG Pivot'!$A$4:$N$29,MATCH(AD$2,'NG Pivot'!$B$3:$N$3,0)+1,FALSE),0)*10 -> 0
A10: 吉林省 | B10: =IFERROR(VLOOKUP($A10,'NG Pivot'!$A$37:$N$45,MATCH(B$2,'NG Pivot'!$B$36:$N$36,0)+1,FALSE),0)+IFERROR(VLOOKUP($A10,'NG Pivot'!$A$4:$N$29,MATCH(B$2,'NG Pivot'!$B$3:$N$3,0)+1,FALSE),0)*10 -> 0 | C10: =IFERROR(VLOOKUP($A10,'NG Pivot'!$A$37:$N$45,MATCH(C$2,'NG Pivot'!$B$36:$N$36,0)+1,FALSE),0)+IFERROR(VLOOKUP($A10,'NG Pivot'!$A$4:$N$29,MATCH(C$2,'NG Pivot'!$B$3:$N$3,0)+1,FALSE),0)*10 -> 0 | D10: =IFERROR(VLOOKUP($A10,'NG Pivot'!$A$37:$N$45,MATCH(D$2,'NG Pivot'!$B$36:$N$36,0)+1,FALSE),0)+IFERROR(VLOOKUP($A10,'NG Pivot'!$A$4:$N$29,MATCH(D$2,'NG Pivot'!$B$3:$N$3,0)+1,FALSE),0)*10 -> 0 | E10: =IFERROR(VLOOKUP($A10,'NG Pivot'!$A$37:$N$45,MATCH(E$2,'NG Pivot'!$B$36:$N$36,0)+1,FALSE),0)+IFERROR(VLOOKUP($A10,'NG Pivot'!$A$4:$N$29,MATCH(E$2,'NG Pivot'!$B$3:$N$3,0)+1,FALSE),0)*10 -> 0 | F10: =IFERROR(VLOOKUP($A10,'NG Pivot'!$A$37:$N$45,MATCH(F$2,'NG Pivot'!$B$36:$N$36,0)+1,FALSE),0)+IFERROR(VLOOKUP($A10,'NG Pivot'!$A$4:$N$29,MATCH(F$2,'NG Pivot'!$B$3:$N$3,0)+1,FALSE),0)*10 -> 0 | G10: =IFERROR(VLOOKUP($A10,'NG Pivot'!$A$37:$N$45,MATCH(G$2,'NG Pivot'!$B$36:$N$36,0)+1,FALSE),0)+IFERROR(VLOOKUP($A10,'NG Pivot'!$A$4:$N$29,MATCH(G$2,'NG Pivot'!$B$3:$N$3,0)+1,FALSE),0)*10 -> 0 | H10: =IFERROR(VLOOKUP($A10,'NG Pivot'!$A$37:$N$45,MATCH(H$2,'NG Pivot'!$B$36:$N$36,0)+1,FALSE),0)+IFERROR(VLOOKUP($A10,'NG Pivot'!$A$4:$N$29,MATCH(H$2,'NG Pivot'!$B$3:$N$3,0)+1,FALSE),0)*10 -> 0 | I10: =IFERROR(VLOOKUP($A10,'NG Pivot'!$A$37:$N$45,MATCH(I$2,'NG Pivot'!$B$36:$N$36,0)+1,FALSE),0)+IFERROR(VLOOKUP($A10,'NG Pivot'!$A$4:$N$29,MATCH(I$2,'NG Pivot'!$B$3:$N$3,0)+1,FALSE),0)*10 -> 0 | ... AD10: =IFERROR(VLOOKUP($A10,'NG Pivot'!$A$37:$N$45,MATCH(AD$2,'NG Pivot'!$B$36:$N$36,0)+1,FALSE),0)+IFERROR(VLOOKUP($A10,'NG Pivot'!$A$4:$N$29,MATCH(AD$2,'NG Pivot'!$B$3:$N$3,0)+1,FALSE),0)*10 -> 0
A11: 黑龙江省 | B11: =IFERROR(VLOOKUP($A11,'NG Pivot'!$A$37:$N$45,MATCH(B$2,'NG Pivot'!$B$36:$N$36,0)+1,FALSE),0)+IFERROR(VLOOKUP($A11,'NG Pivot'!$A$4:$N$29,MATCH(B$2,'NG Pivot'!$B$3:$N$3,0)+1,FALSE),0)*10 -> 0 | C11: =IFERROR(VLOOKUP($A11,'NG Pivot'!$A$37:$N$45,MATCH(C$2,'NG Pivot'!$B$36:$N$36,0)+1,FALSE),0)+IFERROR(VLOOKUP($A11,'NG Pivot'!$A$4:$N$29,MATCH(C$2,'NG Pivot'!$B$3:$N$3,0)+1,FALSE),0)*10 -> 0 | D11: =IFERROR(VLOOKUP($A11,'NG Pivot'!$A$37:$N$45,MATCH(D$2,'NG Pivot'!$B$36:$N$36,0)+1,FALSE),0)+IFERROR(VLOOKUP($A11,'NG Pivot'!$A$4:$N$29,MATCH(D$2,'NG Pivot'!$B$3:$N$3,0)+1,FALSE),0)*10 -> 0 | E11: =IFERROR(VLOOKUP($A11,'NG Pivot'!$A$37:$N$45,MATCH(E$2,'NG Pivot'!$B$36:$N$36,0)+1,FALSE),0)+IFERROR(VLOOKUP($A11,'NG Pivot'!$A$4:$N$29,MATCH(E$2,'NG Pivot'!$B$3:$N$3,0)+1,FALSE),0)*10 -> 0 | F11: =IFERROR(VLOOKUP($A11,'NG Pivot'!$A$37:$N$45,MATCH(F$2,'NG Pivot'!$B$36:$N$36,0)+1,FALSE),0)+IFERROR(VLOOKUP($A11,'NG Pivot'!$A$4:$N$29,MATCH(F$2,'NG Pivot'!$B$3:$N$3,0)+1,FALSE),0)*10 -> 0 | G11: =IFERROR(VLOOKUP($A11,'NG Pivot'!$A$37:$N$45,MATCH(G$2,'NG Pivot'!$B$36:$N$36,0)+1,FALSE),0)+IFERROR(VLOOKUP($A11,'NG Pivot'!$A$4:$N$29,MATCH(G$2,'NG Pivot'!$B$3:$N$3,0)+1,FALSE),0)*10 -> 0 | H11: =IFERROR(VLOOKUP($A11,'NG Pivot'!$A$37:$N$45,MATCH(H$2,'NG Pivot'!$B$36:$N$36,0)+1,FALSE),0)+IFERROR(VLOOKUP($A11,'NG Pivot'!$A$4:$N$29,MATCH(H$2,'NG Pivot'!$B$3:$N$3,0)+1,FALSE),0)*10 -> 0 | I11: =IFERROR(VLOOKUP($A11,'NG Pivot'!$A$37:$N$45,MATCH(I$2,'NG Pivot'!$B$36:$N$36,0)+1,FALSE),0)+IFERROR(VLOOKUP($A11,'NG Pivot'!$A$4:$N$29,MATCH(I$2,'NG Pivot'!$B$3:$N$3,0)+1,FALSE),0)*10 -> 0 | ... AD11: =IFERROR(VLOOKUP($A11,'NG Pivot'!$A$37:$N$45,MATCH(AD$2,'NG Pivot'!$B$36:$N$36,0)+1,FALSE),0)+IFERROR(VLOOKUP($A11,'NG Pivot'!$A$4:$N$29,MATCH(AD$2,'NG Pivot'!$B$3:$N$3,0)+1,FALSE),0)*10 -> 3
A12: 上海市 | B12: =IFERROR(VLOOKUP($A12,'NG Pivot'!$A$37:$N$45,MATCH(B$2,'NG Pivot'!$B$36:$N$36,0)+1,FALSE),0)+IFERROR(VLOOKUP($A12,'NG Pivot'!$A$4:$N$29,MATCH(B$2,'NG Pivot'!$B$3:$N$3,0)+1,FALSE),0)*10 -> 0 | C12: =IFERROR(VLOOKUP($A12,'NG Pivot'!$A$37:$N$45,MATCH(C$2,'NG Pivot'!$B$36:$N$36,0)+1,FALSE),0)+IFERROR(VLOOKUP($A12,'NG Pivot'!$A$4:$N$29,MATCH(C$2,'NG Pivot'!$B$3:$N$3,0)+1,FALSE),0)*10 -> 0 | D12: =IFERROR(VLOOKUP($A12,'NG Pivot'!$A$37:$N$45,MATCH(D$2,'NG Pivot'!$B$36:$N$36,0)+1,FALSE),0)+IFERROR(VLOOKUP($A12,'NG Pivot'!$A$4:$N$29,MATCH(D$2,'NG Pivot'!$B$3:$N$3,0)+1,FALSE),0)*10 -> 0 | E12: =IFERROR(VLOOKUP($A12,'NG Pivot'!$A$37:$N$45,MATCH(E$2,'NG Pivot'!$B$36:$N$36,0)+1,FALSE),0)+IFERROR(VLOOKUP($A12,'NG Pivot'!$A$4:$N$29,MATCH(E$2,'NG Pivot'!$B$3:$N$3,0)+1,FALSE),0)*10 -> 0 | F12: =IFERROR(VLOOKUP($A12,'NG Pivot'!$A$37:$N$45,MATCH(F$2,'NG Pivot'!$B$36:$N$36,0)+1,FALSE),0)+IFERROR(VLOOKUP($A12,'NG Pivot'!$A$4:$N$29,MATCH(F$2,'NG Pivot'!$B$3:$N$3,0)+1,FALSE),0)*10 -> 0 | G12: =IFERROR(VLOOKUP($A12,'NG Pivot'!$A$37:$N$45,MATCH(G$2,'NG Pivot'!$B$36:$N$36,0)+1,FALSE),0)+IFERROR(VLOOKUP($A12,'NG Pivot'!$A$4:$N$29,MATCH(G$2,'NG Pivot'!$B$3:$N$3,0)+1,FALSE),0)*10 -> 0 | H12: =IFERROR(VLOOKUP($A12,'NG Pivot'!$A$37:$N$45,MATCH(H$2,'NG Pivot'!$B$36:$N$36,0)+1,FALSE),0)+IFERROR(VLOOKUP($A12,'NG Pivot'!$A$4:$N$29,MATCH(H$2,'NG Pivot'!$B$3:$N$3,0)+1,FALSE),0)*10 -> 0 | I12: =IFERROR(VLOOKUP($A12,'NG Pivot'!$A$37:$N$45,MATCH(I$2,'NG Pivot'!$B$36:$N$36,0)+1,FALSE),0)+IFERROR(VLOOKUP($A12,'NG Pivot'!$A$4:$N$29,MATCH(I$2,'NG Pivot'!$B$3:$N$3,0)+1,FALSE),0)*10 -> 0 | ... AD12: =IFERROR(VLOOKUP($A12,'NG Pivot'!$A$37:$N$45,MATCH(AD$2,'NG Pivot'!$B$36:$N$36,0)+1,FALSE),0)+IFERROR(VLOOKUP($A12,'NG Pivot'!$A$4:$N$29,MATCH(AD$2,'NG Pivot'!$B$3:$N$3,0)+1,FALSE),0)*10 -> 474
A13: 江苏省 | B13: =IFERROR(VLOOKUP($A13,'NG Pivot'!$A$37:$N$45,MATCH(B$2,'NG Pivot'!$B$36:$N$36,0)+1,FALSE),0)+IFERROR(VLOOKUP($A13,'NG Pivot'!$A$4:$N$29,MATCH(B$2,'NG Pivot'!$B$3:$N$3,0)+1,FALSE),0)*10 -> 0 | C13: =IFERROR(VLOOKUP($A13,'NG Pivot'!$A$37:$N$45,MATCH(C$2,'NG Pivot'!$B$36:$N$36,0)+1,FALSE),0)+IFERROR(VLOOKUP($A13,'NG Pivot'!$A$4:$N$29,MATCH(C$2,'NG Pivot'!$B$3:$N$3,0)+1,FALSE),0)*10 -> 0 | D13: =IFERROR(VLOOKUP($A13,'NG Pivot'!$A$37:$N$45,MATCH(D$2,'NG Pivot'!$B$36:$N$36,0)+1,FALSE),0)+IFERROR(VLOOKUP($A13,'NG Pivot'!$A$4:$N$29,MATCH(D$2,'NG Pivot'!$B$3:$N$3,0)+1,FALSE),0)*10 -> 0 | E13: =IFERROR(VLOOKUP($A13,'NG Pivot'!$A$37:$N$45,MATCH(E$2,'NG Pivot'!$B$36:$N$36,0)+1,FALSE),0)+IFERROR(VLOOKUP($A13,'NG Pivot'!$A$4:$N$29,MATCH(E$2,'NG Pivot'!$B$3:$N$3,0)+1,FALSE),0)*10 -> 0 | F13: =IFERROR(VLOOKUP($A13,'NG Pivot'!$A$37:$N$45,MATCH(F$2,'NG Pivot'!$B$36:$N$36,0)+1,FALSE),0)+IFERROR(VLOOKUP($A13,'NG Pivot'!$A$4:$N$29,MATCH(F$2,'NG Pivot'!$B$3:$N$3,0)+1,FALSE),0)*10 -> 0 | G13: =IFERROR(VLOOKUP($A13,'NG Pivot'!$A$37:$N$45,MATCH(G$2,'NG Pivot'!$B$36:$N$36,0)+1,FALSE),0)+IFERROR(VLOOKUP($A13,'NG Pivot'!$A$4:$N$29,MATCH(G$2,'NG Pivot'!$B$3:$N$3,0)+1,FALSE),0)*10 -> 0 | H13: =IFERROR(VLOOKUP($A13,'NG Pivot'!$A$37:$N$45,MATCH(H$2,'NG Pivot'!$B$36:$N$36,0)+1,FALSE),0)+IFERROR(VLOOKUP($A13,'NG Pivot'!$A$4:$N$29,MATCH(H$2,'NG Pivot'!$B$3:$N$3,0)+1,FALSE),0)*10 -> 0 | I13: =IFERROR(VLOOKUP($A13,'NG Pivot'!$A$37:$N$45,MATCH(I$2,'NG Pivot'!$B$36:$N$36,0)+1,FALSE),0)+IFERROR(VLOOKUP($A13,'NG Pivot'!$A$4:$N$29,MATCH(I$2,'NG Pivot'!$B$3:$N$3,0)+1,FALSE),0)*10 -> 0 | ... AD13: =IFERROR(VLOOKUP($A13,'NG Pivot'!$A$37:$N$45,MATCH(AD$2,'NG Pivot'!$B$36:$N$36,0)+1,FALSE),0)+IFERROR(VLOOKUP($A13,'NG Pivot'!$A$4:$N$29,MATCH(AD$2,'NG Pivot'!$B$3:$N$3,0)+1,FALSE),0)*10 -> 2156.3
